/home/ubuntu/miniconda3/envs/distributed/lib/python3.10/site-packages/transformers/utils/hub.py:110: FutureWarning: Using `TRANSFORMERS_CACHE` is deprecated and will be removed in v5 of Transformers. Use `HF_HOME` instead.
  warnings.warn(
W1127 05:05:58.604000 172642 site-packages/torch/distributed/run.py:803] 
W1127 05:05:58.604000 172642 site-packages/torch/distributed/run.py:803] *****************************************
W1127 05:05:58.604000 172642 site-packages/torch/distributed/run.py:803] Setting OMP_NUM_THREADS environment variable for each process to be 1 in default, to avoid your system being overloaded, please further tune the variable for optimal performance in your application as needed. 
W1127 05:05:58.604000 172642 site-packages/torch/distributed/run.py:803] *****************************************
/home/ubuntu/miniconda3/envs/distributed/lib/python3.10/site-packages/transformers/utils/hub.py:110: FutureWarning: Using `TRANSFORMERS_CACHE` is deprecated and will be removed in v5 of Transformers. Use `HF_HOME` instead.
  warnings.warn(
/home/ubuntu/miniconda3/envs/distributed/lib/python3.10/site-packages/transformers/utils/hub.py:110: FutureWarning: Using `TRANSFORMERS_CACHE` is deprecated and will be removed in v5 of Transformers. Use `HF_HOME` instead.
  warnings.warn(
/home/ubuntu/miniconda3/envs/distributed/lib/python3.10/site-packages/transformers/utils/hub.py:110: FutureWarning: Using `TRANSFORMERS_CACHE` is deprecated and will be removed in v5 of Transformers. Use `HF_HOME` instead.
  warnings.warn(
/home/ubuntu/miniconda3/envs/distributed/lib/python3.10/site-packages/transformers/utils/hub.py:110: FutureWarning: Using `TRANSFORMERS_CACHE` is deprecated and will be removed in v5 of Transformers. Use `HF_HOME` instead.
  warnings.warn(
/home/ubuntu/miniconda3/envs/distributed/lib/python3.10/site-packages/transformers/utils/hub.py:110: FutureWarning: Using `TRANSFORMERS_CACHE` is deprecated and will be removed in v5 of Transformers. Use `HF_HOME` instead.
  warnings.warn(
/home/ubuntu/miniconda3/envs/distributed/lib/python3.10/site-packages/transformers/utils/hub.py:110: FutureWarning: Using `TRANSFORMERS_CACHE` is deprecated and will be removed in v5 of Transformers. Use `HF_HOME` instead.
  warnings.warn(
/home/ubuntu/miniconda3/envs/distributed/lib/python3.10/site-packages/transformers/utils/hub.py:110: FutureWarning: Using `TRANSFORMERS_CACHE` is deprecated and will be removed in v5 of Transformers. Use `HF_HOME` instead.
  warnings.warn(
/home/ubuntu/miniconda3/envs/distributed/lib/python3.10/site-packages/transformers/utils/hub.py:110: FutureWarning: Using `TRANSFORMERS_CACHE` is deprecated and will be removed in v5 of Transformers. Use `HF_HOME` instead.
  warnings.warn(
furious-puma-1:172836:172836 [0] NCCL INFO cudaDriverVersion 13000
furious-puma-1:172836:172836 [0] NCCL INFO NCCL version 2.27.7+cuda13.0
furious-puma-1:172842:172842 [6] NCCL INFO cudaDriverVersion 13000
furious-puma-1:172841:172841 [5] NCCL INFO cudaDriverVersion 13000
furious-puma-1:172840:172840 [4] NCCL INFO cudaDriverVersion 13000
furious-puma-1:172843:172843 [7] NCCL INFO cudaDriverVersion 13000
furious-puma-1:172843:172843 [7] NCCL INFO NCCL version 2.27.7+cuda13.0
furious-puma-1:172841:172841 [5] NCCL INFO NCCL version 2.27.7+cuda13.0
furious-puma-1:172842:172842 [6] NCCL INFO NCCL version 2.27.7+cuda13.0
furious-puma-1:172840:172840 [4] NCCL INFO NCCL version 2.27.7+cuda13.0
furious-puma-1:172837:172837 [1] NCCL INFO cudaDriverVersion 13000
furious-puma-1:172839:172839 [3] NCCL INFO cudaDriverVersion 13000
furious-puma-1:172837:172837 [1] NCCL INFO NCCL version 2.27.7+cuda13.0
furious-puma-1:172839:172839 [3] NCCL INFO NCCL version 2.27.7+cuda13.0
furious-puma-1:172838:172838 [2] NCCL INFO cudaDriverVersion 13000
furious-puma-1:172838:172838 [2] NCCL INFO NCCL version 2.27.7+cuda13.0
furious-puma-1:172843:173166 [7] NCCL INFO NET/Plugin: Could not find: libnccl-net.so. 
furious-puma-1:172842:173165 [6] NCCL INFO NET/Plugin: Could not find: libnccl-net.so. 
furious-puma-1:172843:173166 [7] NCCL INFO NET/IB : Using [0]mlx5_0:1/IB [1]mlx5_1:1/IB [2]mlx5_2:1/IB [3]mlx5_3:1/IB [4]mlx5_4:1/IB [5]mlx5_5:1/IB [6]mlx5_6:1/IB [7]mlx5_7:1/IB [RO]; OOB enp4s0:10.234.129.102<0>
furious-puma-1:172843:173166 [7] NCCL INFO Initialized NET plugin IB
furious-puma-1:172843:173166 [7] NCCL INFO Assigned NET plugin IB to comm
furious-puma-1:172843:173166 [7] NCCL INFO Using network IB
furious-puma-1:172840:173168 [4] NCCL INFO NET/Plugin: Could not find: libnccl-net.so. 
furious-puma-1:172842:173165 [6] NCCL INFO NET/IB : Using [0]mlx5_0:1/IB [1]mlx5_1:1/IB [2]mlx5_2:1/IB [3]mlx5_3:1/IB [4]mlx5_4:1/IB [5]mlx5_5:1/IB [6]mlx5_6:1/IB [7]mlx5_7:1/IB [RO]; OOB enp4s0:10.234.129.102<0>
furious-puma-1:172842:173165 [6] NCCL INFO Initialized NET plugin IB
furious-puma-1:172842:173165 [6] NCCL INFO Assigned NET plugin IB to comm
furious-puma-1:172842:173165 [6] NCCL INFO Using network IB
furious-puma-1:172840:173168 [4] NCCL INFO NET/IB : Using [0]mlx5_0:1/IB [1]mlx5_1:1/IB [2]mlx5_2:1/IB [3]mlx5_3:1/IB [4]mlx5_4:1/IB [5]mlx5_5:1/IB [6]mlx5_6:1/IB [7]mlx5_7:1/IB [RO]; OOB enp4s0:10.234.129.102<0>
furious-puma-1:172840:173168 [4] NCCL INFO Initialized NET plugin IB
furious-puma-1:172840:173168 [4] NCCL INFO Assigned NET plugin IB to comm
furious-puma-1:172840:173168 [4] NCCL INFO Using network IB
furious-puma-1:172841:173167 [5] NCCL INFO NET/Plugin: Could not find: libnccl-net.so. 
furious-puma-1:172841:173167 [5] NCCL INFO NET/IB : Using [0]mlx5_0:1/IB [1]mlx5_1:1/IB [2]mlx5_2:1/IB [3]mlx5_3:1/IB [4]mlx5_4:1/IB [5]mlx5_5:1/IB [6]mlx5_6:1/IB [7]mlx5_7:1/IB [RO]; OOB enp4s0:10.234.129.102<0>
furious-puma-1:172841:173167 [5] NCCL INFO Initialized NET plugin IB
furious-puma-1:172841:173167 [5] NCCL INFO Assigned NET plugin IB to comm
furious-puma-1:172841:173167 [5] NCCL INFO Using network IB
furious-puma-1:172843:173166 [7] NCCL INFO DMA-BUF is available on GPU device 7
furious-puma-1:172843:173166 [7] NCCL INFO ncclCommInitRankConfig comm 0x48ea4ff0 rank 7 nranks 8 cudaDev 7 nvmlDev 7 busId ef000 commId 0xc4b19e388596407c - Init START
furious-puma-1:172842:173165 [6] NCCL INFO DMA-BUF is available on GPU device 6
furious-puma-1:172842:173165 [6] NCCL INFO ncclCommInitRankConfig comm 0xe92e160 rank 6 nranks 8 cudaDev 6 nvmlDev 6 busId df000 commId 0xc4b19e388596407c - Init START
furious-puma-1:172840:173168 [4] NCCL INFO DMA-BUF is available on GPU device 4
furious-puma-1:172840:173168 [4] NCCL INFO ncclCommInitRankConfig comm 0x3226d280 rank 4 nranks 8 cudaDev 4 nvmlDev 4 busId bf000 commId 0xc4b19e388596407c - Init START
furious-puma-1:172841:173167 [5] NCCL INFO DMA-BUF is available on GPU device 5
furious-puma-1:172841:173167 [5] NCCL INFO ncclCommInitRankConfig comm 0x25265ec0 rank 5 nranks 8 cudaDev 5 nvmlDev 5 busId cf000 commId 0xc4b19e388596407c - Init START
furious-puma-1:172841:173167 [5] NCCL INFO RAS client listening socket at 127.0.0.1<28028>
furious-puma-1:172842:173165 [6] NCCL INFO RAS client listening socket at 127.0.0.1<28028>
furious-puma-1:172836:173187 [0] NCCL INFO NET/Plugin: Could not find: libnccl-net.so. 
furious-puma-1:172839:173188 [3] NCCL INFO NET/Plugin: Could not find: libnccl-net.so. 
furious-puma-1:172836:173187 [0] NCCL INFO NET/IB : Using [0]mlx5_0:1/IB [1]mlx5_1:1/IB [2]mlx5_2:1/IB [3]mlx5_3:1/IB [4]mlx5_4:1/IB [5]mlx5_5:1/IB [6]mlx5_6:1/IB [7]mlx5_7:1/IB [RO]; OOB enp4s0:10.234.129.102<0>
furious-puma-1:172836:173187 [0] NCCL INFO Initialized NET plugin IB
furious-puma-1:172836:173187 [0] NCCL INFO Assigned NET plugin IB to comm
furious-puma-1:172836:173187 [0] NCCL INFO Using network IB
furious-puma-1:172839:173188 [3] NCCL INFO NET/IB : Using [0]mlx5_0:1/IB [1]mlx5_1:1/IB [2]mlx5_2:1/IB [3]mlx5_3:1/IB [4]mlx5_4:1/IB [5]mlx5_5:1/IB [6]mlx5_6:1/IB [7]mlx5_7:1/IB [RO]; OOB enp4s0:10.234.129.102<0>
furious-puma-1:172839:173188 [3] NCCL INFO Initialized NET plugin IB
furious-puma-1:172839:173188 [3] NCCL INFO Assigned NET plugin IB to comm
furious-puma-1:172839:173188 [3] NCCL INFO Using network IB
furious-puma-1:172837:173189 [1] NCCL INFO NET/Plugin: Could not find: libnccl-net.so. 
furious-puma-1:172837:173189 [1] NCCL INFO NET/IB : Using [0]mlx5_0:1/IB [1]mlx5_1:1/IB [2]mlx5_2:1/IB [3]mlx5_3:1/IB [4]mlx5_4:1/IB [5]mlx5_5:1/IB [6]mlx5_6:1/IB [7]mlx5_7:1/IB [RO]; OOB enp4s0:10.234.129.102<0>
furious-puma-1:172837:173189 [1] NCCL INFO Initialized NET plugin IB
furious-puma-1:172837:173189 [1] NCCL INFO Assigned NET plugin IB to comm
furious-puma-1:172837:173189 [1] NCCL INFO Using network IB
furious-puma-1:172838:173190 [2] NCCL INFO NET/Plugin: Could not find: libnccl-net.so. 
furious-puma-1:172838:173190 [2] NCCL INFO NET/IB : Using [0]mlx5_0:1/IB [1]mlx5_1:1/IB [2]mlx5_2:1/IB [3]mlx5_3:1/IB [4]mlx5_4:1/IB [5]mlx5_5:1/IB [6]mlx5_6:1/IB [7]mlx5_7:1/IB [RO]; OOB enp4s0:10.234.129.102<0>
furious-puma-1:172838:173190 [2] NCCL INFO Initialized NET plugin IB
furious-puma-1:172838:173190 [2] NCCL INFO Assigned NET plugin IB to comm
furious-puma-1:172838:173190 [2] NCCL INFO Using network IB
furious-puma-1:172836:173187 [0] NCCL INFO DMA-BUF is available on GPU device 0
furious-puma-1:172836:173187 [0] NCCL INFO ncclCommInitRankConfig comm 0x2e15b430 rank 0 nranks 8 cudaDev 0 nvmlDev 0 busId 7f000 commId 0xc4b19e388596407c - Init START
furious-puma-1:172843:173166 [7] NCCL INFO RAS client listening socket at 127.0.0.1<28028>
furious-puma-1:172837:173189 [1] NCCL INFO DMA-BUF is available on GPU device 1
furious-puma-1:172839:173188 [3] NCCL INFO DMA-BUF is available on GPU device 3
furious-puma-1:172837:173189 [1] NCCL INFO ncclCommInitRankConfig comm 0xd7de960 rank 1 nranks 8 cudaDev 1 nvmlDev 1 busId 8f000 commId 0xc4b19e388596407c - Init START
furious-puma-1:172836:173187 [0] NCCL INFO RAS client listening socket at 127.0.0.1<28028>
furious-puma-1:172839:173188 [3] NCCL INFO ncclCommInitRankConfig comm 0x1d426170 rank 3 nranks 8 cudaDev 3 nvmlDev 3 busId af000 commId 0xc4b19e388596407c - Init START
furious-puma-1:172840:173168 [4] NCCL INFO RAS client listening socket at 127.0.0.1<28028>
furious-puma-1:172838:173190 [2] NCCL INFO DMA-BUF is available on GPU device 2
furious-puma-1:172838:173190 [2] NCCL INFO ncclCommInitRankConfig comm 0x1fac7400 rank 2 nranks 8 cudaDev 2 nvmlDev 2 busId 9f000 commId 0xc4b19e388596407c - Init START
furious-puma-1:172839:173188 [3] NCCL INFO RAS client listening socket at 127.0.0.1<28028>
furious-puma-1:172838:173190 [2] NCCL INFO RAS client listening socket at 127.0.0.1<28028>
furious-puma-1:172837:173189 [1] NCCL INFO RAS client listening socket at 127.0.0.1<28028>
furious-puma-1:172838:173190 [2] NCCL INFO MNNVL busId 0x9f000 fabric UUID 0.0 cliqueId 0x0 state 3 healthMask 0x0
furious-puma-1:172839:173188 [3] NCCL INFO MNNVL busId 0xaf000 fabric UUID 0.0 cliqueId 0x0 state 3 healthMask 0x0
furious-puma-1:172837:173189 [1] NCCL INFO MNNVL busId 0x8f000 fabric UUID 0.0 cliqueId 0x0 state 3 healthMask 0x0
furious-puma-1:172843:173166 [7] NCCL INFO MNNVL busId 0xef000 fabric UUID 0.0 cliqueId 0x0 state 3 healthMask 0x0
furious-puma-1:172836:173187 [0] NCCL INFO MNNVL busId 0x7f000 fabric UUID 0.0 cliqueId 0x0 state 3 healthMask 0x0
furious-puma-1:172840:173168 [4] NCCL INFO MNNVL busId 0xbf000 fabric UUID 0.0 cliqueId 0x0 state 3 healthMask 0x0
furious-puma-1:172841:173167 [5] NCCL INFO MNNVL busId 0xcf000 fabric UUID 0.0 cliqueId 0x0 state 3 healthMask 0x0
furious-puma-1:172842:173165 [6] NCCL INFO MNNVL busId 0xdf000 fabric UUID 0.0 cliqueId 0x0 state 3 healthMask 0x0
furious-puma-1:172839:173188 [3] NCCL INFO Loading topology file /var/run/nvidia-topologyd/virtualTopology.xml
furious-puma-1:172837:173189 [1] NCCL INFO Loading topology file /var/run/nvidia-topologyd/virtualTopology.xml
furious-puma-1:172843:173166 [7] NCCL INFO Loading topology file /var/run/nvidia-topologyd/virtualTopology.xml
furious-puma-1:172840:173168 [4] NCCL INFO Loading topology file /var/run/nvidia-topologyd/virtualTopology.xml
furious-puma-1:172841:173167 [5] NCCL INFO Loading topology file /var/run/nvidia-topologyd/virtualTopology.xml
furious-puma-1:172838:173190 [2] NCCL INFO Loading topology file /var/run/nvidia-topologyd/virtualTopology.xml
furious-puma-1:172843:173166 [7] NCCL INFO Loading unnamed topology
furious-puma-1:172839:173188 [3] NCCL INFO Loading unnamed topology
furious-puma-1:172837:173189 [1] NCCL INFO Loading unnamed topology
furious-puma-1:172836:173187 [0] NCCL INFO Loading topology file /var/run/nvidia-topologyd/virtualTopology.xml
furious-puma-1:172842:173165 [6] NCCL INFO Loading topology file /var/run/nvidia-topologyd/virtualTopology.xml
furious-puma-1:172840:173168 [4] NCCL INFO Loading unnamed topology
furious-puma-1:172838:173190 [2] NCCL INFO Loading unnamed topology
furious-puma-1:172841:173167 [5] NCCL INFO Loading unnamed topology
furious-puma-1:172836:173187 [0] NCCL INFO Loading unnamed topology
furious-puma-1:172842:173165 [6] NCCL INFO Loading unnamed topology
furious-puma-1:172843:173166 [7] NCCL INFO Could not find real path of /sys/class/pci_bus/ffff:ff/../../ffff:ff:08.0
furious-puma-1:172836:173187 [0] NCCL INFO Could not find real path of /sys/class/pci_bus/ffff:ff/../../ffff:ff:01.0
furious-puma-1:172839:173188 [3] NCCL INFO Could not find real path of /sys/class/pci_bus/ffff:ff/../../ffff:ff:04.0
furious-puma-1:172838:173190 [2] NCCL INFO Could not find real path of /sys/class/pci_bus/ffff:ff/../../ffff:ff:03.0
furious-puma-1:172841:173167 [5] NCCL INFO Could not find real path of /sys/class/pci_bus/ffff:ff/../../ffff:ff:06.0
furious-puma-1:172837:173189 [1] NCCL INFO Could not find real path of /sys/class/pci_bus/ffff:ff/../../ffff:ff:02.0
furious-puma-1:172840:173168 [4] NCCL INFO Could not find real path of /sys/class/pci_bus/ffff:ff/../../ffff:ff:05.0
furious-puma-1:172842:173165 [6] NCCL INFO Could not find real path of /sys/class/pci_bus/ffff:ff/../../ffff:ff:07.0
furious-puma-1:172843:173166 [7] NCCL INFO TOPO/NET : Importing network plugins to topology
furious-puma-1:172843:173166 [7] NCCL INFO Retrieving state for IB
furious-puma-1:172843:173166 [7] NCCL INFO Initialized state 0 for IB
furious-puma-1:172843:173166 [7] NCCL INFO ncclTopoPopulateNics : Filled mlx5_0 in topo with pciPath=/sys/devices/pci0000:7e/0000:7e:01.0/0000:80:00.0 keep=1 coll=(null)
furious-puma-1:172843:173166 [7] NCCL INFO ncclTopoPopulateNics : Filled mlx5_1 in topo with pciPath=/sys/devices/pci0000:8e/0000:8e:01.0/0000:90:00.0 keep=1 coll=(null)
furious-puma-1:172843:173166 [7] NCCL INFO ncclTopoPopulateNics : Filled mlx5_2 in topo with pciPath=/sys/devices/pci0000:9e/0000:9e:01.0/0000:a0:00.0 keep=1 coll=(null)
furious-puma-1:172843:173166 [7] NCCL INFO ncclTopoPopulateNics : Filled mlx5_3 in topo with pciPath=/sys/devices/pci0000:ae/0000:ae:01.0/0000:b0:00.0 keep=1 coll=(null)
furious-puma-1:172843:173166 [7] NCCL INFO ncclTopoPopulateNics : Filled mlx5_4 in topo with pciPath=/sys/devices/pci0000:be/0000:be:01.0/0000:c0:00.0 keep=1 coll=(null)
furious-puma-1:172843:173166 [7] NCCL INFO ncclTopoPopulateNics : Filled mlx5_5 in topo with pciPath=/sys/devices/pci0000:ce/0000:ce:01.0/0000:d0:00.0 keep=1 coll=(null)
furious-puma-1:172843:173166 [7] NCCL INFO ncclTopoPopulateNics : Filled mlx5_6 in topo with pciPath=/sys/devices/pci0000:de/0000:de:01.0/0000:e0:00.0 keep=1 coll=(null)
furious-puma-1:172843:173166 [7] NCCL INFO ncclTopoPopulateNics : Filled mlx5_7 in topo with pciPath=/sys/devices/pci0000:ee/0000:ee:01.0/0000:f0:00.0 keep=1 coll=(null)
furious-puma-1:172841:173167 [5] NCCL INFO TOPO/NET : Importing network plugins to topology
furious-puma-1:172841:173167 [5] NCCL INFO Retrieving state for IB
furious-puma-1:172841:173167 [5] NCCL INFO Initialized state 0 for IB
furious-puma-1:172841:173167 [5] NCCL INFO ncclTopoPopulateNics : Filled mlx5_0 in topo with pciPath=/sys/devices/pci0000:7e/0000:7e:01.0/0000:80:00.0 keep=1 coll=(null)
furious-puma-1:172841:173167 [5] NCCL INFO ncclTopoPopulateNics : Filled mlx5_1 in topo with pciPath=/sys/devices/pci0000:8e/0000:8e:01.0/0000:90:00.0 keep=1 coll=(null)
furious-puma-1:172841:173167 [5] NCCL INFO ncclTopoPopulateNics : Filled mlx5_2 in topo with pciPath=/sys/devices/pci0000:9e/0000:9e:01.0/0000:a0:00.0 keep=1 coll=(null)
furious-puma-1:172841:173167 [5] NCCL INFO ncclTopoPopulateNics : Filled mlx5_3 in topo with pciPath=/sys/devices/pci0000:ae/0000:ae:01.0/0000:b0:00.0 keep=1 coll=(null)
furious-puma-1:172841:173167 [5] NCCL INFO ncclTopoPopulateNics : Filled mlx5_4 in topo with pciPath=/sys/devices/pci0000:be/0000:be:01.0/0000:c0:00.0 keep=1 coll=(null)
furious-puma-1:172841:173167 [5] NCCL INFO ncclTopoPopulateNics : Filled mlx5_5 in topo with pciPath=/sys/devices/pci0000:ce/0000:ce:01.0/0000:d0:00.0 keep=1 coll=(null)
furious-puma-1:172841:173167 [5] NCCL INFO ncclTopoPopulateNics : Filled mlx5_6 in topo with pciPath=/sys/devices/pci0000:de/0000:de:01.0/0000:e0:00.0 keep=1 coll=(null)
furious-puma-1:172841:173167 [5] NCCL INFO ncclTopoPopulateNics : Filled mlx5_7 in topo with pciPath=/sys/devices/pci0000:ee/0000:ee:01.0/0000:f0:00.0 keep=1 coll=(null)
furious-puma-1:172839:173188 [3] NCCL INFO TOPO/NET : Importing network plugins to topology
furious-puma-1:172839:173188 [3] NCCL INFO Retrieving state for IB
furious-puma-1:172839:173188 [3] NCCL INFO Initialized state 0 for IB
furious-puma-1:172839:173188 [3] NCCL INFO ncclTopoPopulateNics : Filled mlx5_0 in topo with pciPath=/sys/devices/pci0000:7e/0000:7e:01.0/0000:80:00.0 keep=1 coll=(null)
furious-puma-1:172839:173188 [3] NCCL INFO ncclTopoPopulateNics : Filled mlx5_1 in topo with pciPath=/sys/devices/pci0000:8e/0000:8e:01.0/0000:90:00.0 keep=1 coll=(null)
furious-puma-1:172839:173188 [3] NCCL INFO ncclTopoPopulateNics : Filled mlx5_2 in topo with pciPath=/sys/devices/pci0000:9e/0000:9e:01.0/0000:a0:00.0 keep=1 coll=(null)
furious-puma-1:172842:173165 [6] NCCL INFO TOPO/NET : Importing network plugins to topology
furious-puma-1:172842:173165 [6] NCCL INFO Retrieving state for IB
furious-puma-1:172842:173165 [6] NCCL INFO Initialized state 0 for IB
furious-puma-1:172842:173165 [6] NCCL INFO ncclTopoPopulateNics : Filled mlx5_0 in topo with pciPath=/sys/devices/pci0000:7e/0000:7e:01.0/0000:80:00.0 keep=1 coll=(null)
furious-puma-1:172839:173188 [3] NCCL INFO ncclTopoPopulateNics : Filled mlx5_3 in topo with pciPath=/sys/devices/pci0000:ae/0000:ae:01.0/0000:b0:00.0 keep=1 coll=(null)
furious-puma-1:172842:173165 [6] NCCL INFO ncclTopoPopulateNics : Filled mlx5_1 in topo with pciPath=/sys/devices/pci0000:8e/0000:8e:01.0/0000:90:00.0 keep=1 coll=(null)
furious-puma-1:172840:173168 [4] NCCL INFO TOPO/NET : Importing network plugins to topology
furious-puma-1:172840:173168 [4] NCCL INFO Retrieving state for IB
furious-puma-1:172838:173190 [2] NCCL INFO TOPO/NET : Importing network plugins to topology
furious-puma-1:172840:173168 [4] NCCL INFO Initialized state 0 for IB
furious-puma-1:172838:173190 [2] NCCL INFO Retrieving state for IB
furious-puma-1:172838:173190 [2] NCCL INFO Initialized state 0 for IB
furious-puma-1:172840:173168 [4] NCCL INFO ncclTopoPopulateNics : Filled mlx5_0 in topo with pciPath=/sys/devices/pci0000:7e/0000:7e:01.0/0000:80:00.0 keep=1 coll=(null)
furious-puma-1:172838:173190 [2] NCCL INFO ncclTopoPopulateNics : Filled mlx5_0 in topo with pciPath=/sys/devices/pci0000:7e/0000:7e:01.0/0000:80:00.0 keep=1 coll=(null)
furious-puma-1:172839:173188 [3] NCCL INFO ncclTopoPopulateNics : Filled mlx5_4 in topo with pciPath=/sys/devices/pci0000:be/0000:be:01.0/0000:c0:00.0 keep=1 coll=(null)
furious-puma-1:172842:173165 [6] NCCL INFO ncclTopoPopulateNics : Filled mlx5_2 in topo with pciPath=/sys/devices/pci0000:9e/0000:9e:01.0/0000:a0:00.0 keep=1 coll=(null)
furious-puma-1:172839:173188 [3] NCCL INFO ncclTopoPopulateNics : Filled mlx5_5 in topo with pciPath=/sys/devices/pci0000:ce/0000:ce:01.0/0000:d0:00.0 keep=1 coll=(null)
furious-puma-1:172838:173190 [2] NCCL INFO ncclTopoPopulateNics : Filled mlx5_1 in topo with pciPath=/sys/devices/pci0000:8e/0000:8e:01.0/0000:90:00.0 keep=1 coll=(null)
furious-puma-1:172840:173168 [4] NCCL INFO ncclTopoPopulateNics : Filled mlx5_1 in topo with pciPath=/sys/devices/pci0000:8e/0000:8e:01.0/0000:90:00.0 keep=1 coll=(null)
furious-puma-1:172842:173165 [6] NCCL INFO ncclTopoPopulateNics : Filled mlx5_3 in topo with pciPath=/sys/devices/pci0000:ae/0000:ae:01.0/0000:b0:00.0 keep=1 coll=(null)
furious-puma-1:172840:173168 [4] NCCL INFO ncclTopoPopulateNics : Filled mlx5_2 in topo with pciPath=/sys/devices/pci0000:9e/0000:9e:01.0/0000:a0:00.0 keep=1 coll=(null)
furious-puma-1:172839:173188 [3] NCCL INFO ncclTopoPopulateNics : Filled mlx5_6 in topo with pciPath=/sys/devices/pci0000:de/0000:de:01.0/0000:e0:00.0 keep=1 coll=(null)
furious-puma-1:172838:173190 [2] NCCL INFO ncclTopoPopulateNics : Filled mlx5_2 in topo with pciPath=/sys/devices/pci0000:9e/0000:9e:01.0/0000:a0:00.0 keep=1 coll=(null)
furious-puma-1:172840:173168 [4] NCCL INFO ncclTopoPopulateNics : Filled mlx5_3 in topo with pciPath=/sys/devices/pci0000:ae/0000:ae:01.0/0000:b0:00.0 keep=1 coll=(null)
furious-puma-1:172838:173190 [2] NCCL INFO ncclTopoPopulateNics : Filled mlx5_3 in topo with pciPath=/sys/devices/pci0000:ae/0000:ae:01.0/0000:b0:00.0 keep=1 coll=(null)
furious-puma-1:172842:173165 [6] NCCL INFO ncclTopoPopulateNics : Filled mlx5_4 in topo with pciPath=/sys/devices/pci0000:be/0000:be:01.0/0000:c0:00.0 keep=1 coll=(null)
furious-puma-1:172839:173188 [3] NCCL INFO ncclTopoPopulateNics : Filled mlx5_7 in topo with pciPath=/sys/devices/pci0000:ee/0000:ee:01.0/0000:f0:00.0 keep=1 coll=(null)
furious-puma-1:172838:173190 [2] NCCL INFO ncclTopoPopulateNics : Filled mlx5_4 in topo with pciPath=/sys/devices/pci0000:be/0000:be:01.0/0000:c0:00.0 keep=1 coll=(null)
furious-puma-1:172840:173168 [4] NCCL INFO ncclTopoPopulateNics : Filled mlx5_4 in topo with pciPath=/sys/devices/pci0000:be/0000:be:01.0/0000:c0:00.0 keep=1 coll=(null)
furious-puma-1:172842:173165 [6] NCCL INFO ncclTopoPopulateNics : Filled mlx5_5 in topo with pciPath=/sys/devices/pci0000:ce/0000:ce:01.0/0000:d0:00.0 keep=1 coll=(null)
furious-puma-1:172838:173190 [2] NCCL INFO ncclTopoPopulateNics : Filled mlx5_5 in topo with pciPath=/sys/devices/pci0000:ce/0000:ce:01.0/0000:d0:00.0 keep=1 coll=(null)
furious-puma-1:172840:173168 [4] NCCL INFO ncclTopoPopulateNics : Filled mlx5_5 in topo with pciPath=/sys/devices/pci0000:ce/0000:ce:01.0/0000:d0:00.0 keep=1 coll=(null)
furious-puma-1:172842:173165 [6] NCCL INFO ncclTopoPopulateNics : Filled mlx5_6 in topo with pciPath=/sys/devices/pci0000:de/0000:de:01.0/0000:e0:00.0 keep=1 coll=(null)
furious-puma-1:172838:173190 [2] NCCL INFO ncclTopoPopulateNics : Filled mlx5_6 in topo with pciPath=/sys/devices/pci0000:de/0000:de:01.0/0000:e0:00.0 keep=1 coll=(null)
furious-puma-1:172840:173168 [4] NCCL INFO ncclTopoPopulateNics : Filled mlx5_6 in topo with pciPath=/sys/devices/pci0000:de/0000:de:01.0/0000:e0:00.0 keep=1 coll=(null)
furious-puma-1:172842:173165 [6] NCCL INFO ncclTopoPopulateNics : Filled mlx5_7 in topo with pciPath=/sys/devices/pci0000:ee/0000:ee:01.0/0000:f0:00.0 keep=1 coll=(null)
furious-puma-1:172838:173190 [2] NCCL INFO ncclTopoPopulateNics : Filled mlx5_7 in topo with pciPath=/sys/devices/pci0000:ee/0000:ee:01.0/0000:f0:00.0 keep=1 coll=(null)
furious-puma-1:172840:173168 [4] NCCL INFO ncclTopoPopulateNics : Filled mlx5_7 in topo with pciPath=/sys/devices/pci0000:ee/0000:ee:01.0/0000:f0:00.0 keep=1 coll=(null)
furious-puma-1:172837:173189 [1] NCCL INFO TOPO/NET : Importing network plugins to topology
furious-puma-1:172837:173189 [1] NCCL INFO Retrieving state for IB
furious-puma-1:172837:173189 [1] NCCL INFO Initialized state 0 for IB
furious-puma-1:172837:173189 [1] NCCL INFO ncclTopoPopulateNics : Filled mlx5_0 in topo with pciPath=/sys/devices/pci0000:7e/0000:7e:01.0/0000:80:00.0 keep=1 coll=(null)
furious-puma-1:172836:173187 [0] NCCL INFO TOPO/NET : Importing network plugins to topology
furious-puma-1:172836:173187 [0] NCCL INFO Retrieving state for IB
furious-puma-1:172836:173187 [0] NCCL INFO Initialized state 0 for IB
furious-puma-1:172836:173187 [0] NCCL INFO ncclTopoPopulateNics : Filled mlx5_0 in topo with pciPath=/sys/devices/pci0000:7e/0000:7e:01.0/0000:80:00.0 keep=1 coll=(null)
furious-puma-1:172837:173189 [1] NCCL INFO ncclTopoPopulateNics : Filled mlx5_1 in topo with pciPath=/sys/devices/pci0000:8e/0000:8e:01.0/0000:90:00.0 keep=1 coll=(null)
furious-puma-1:172836:173187 [0] NCCL INFO ncclTopoPopulateNics : Filled mlx5_1 in topo with pciPath=/sys/devices/pci0000:8e/0000:8e:01.0/0000:90:00.0 keep=1 coll=(null)
furious-puma-1:172837:173189 [1] NCCL INFO ncclTopoPopulateNics : Filled mlx5_2 in topo with pciPath=/sys/devices/pci0000:9e/0000:9e:01.0/0000:a0:00.0 keep=1 coll=(null)
furious-puma-1:172836:173187 [0] NCCL INFO ncclTopoPopulateNics : Filled mlx5_2 in topo with pciPath=/sys/devices/pci0000:9e/0000:9e:01.0/0000:a0:00.0 keep=1 coll=(null)
furious-puma-1:172837:173189 [1] NCCL INFO ncclTopoPopulateNics : Filled mlx5_3 in topo with pciPath=/sys/devices/pci0000:ae/0000:ae:01.0/0000:b0:00.0 keep=1 coll=(null)
furious-puma-1:172836:173187 [0] NCCL INFO ncclTopoPopulateNics : Filled mlx5_3 in topo with pciPath=/sys/devices/pci0000:ae/0000:ae:01.0/0000:b0:00.0 keep=1 coll=(null)
furious-puma-1:172837:173189 [1] NCCL INFO ncclTopoPopulateNics : Filled mlx5_4 in topo with pciPath=/sys/devices/pci0000:be/0000:be:01.0/0000:c0:00.0 keep=1 coll=(null)
furious-puma-1:172836:173187 [0] NCCL INFO ncclTopoPopulateNics : Filled mlx5_4 in topo with pciPath=/sys/devices/pci0000:be/0000:be:01.0/0000:c0:00.0 keep=1 coll=(null)
furious-puma-1:172837:173189 [1] NCCL INFO ncclTopoPopulateNics : Filled mlx5_5 in topo with pciPath=/sys/devices/pci0000:ce/0000:ce:01.0/0000:d0:00.0 keep=1 coll=(null)
furious-puma-1:172836:173187 [0] NCCL INFO ncclTopoPopulateNics : Filled mlx5_5 in topo with pciPath=/sys/devices/pci0000:ce/0000:ce:01.0/0000:d0:00.0 keep=1 coll=(null)
furious-puma-1:172837:173189 [1] NCCL INFO ncclTopoPopulateNics : Filled mlx5_6 in topo with pciPath=/sys/devices/pci0000:de/0000:de:01.0/0000:e0:00.0 keep=1 coll=(null)
furious-puma-1:172836:173187 [0] NCCL INFO ncclTopoPopulateNics : Filled mlx5_6 in topo with pciPath=/sys/devices/pci0000:de/0000:de:01.0/0000:e0:00.0 keep=1 coll=(null)
furious-puma-1:172837:173189 [1] NCCL INFO ncclTopoPopulateNics : Filled mlx5_7 in topo with pciPath=/sys/devices/pci0000:ee/0000:ee:01.0/0000:f0:00.0 keep=1 coll=(null)
furious-puma-1:172836:173187 [0] NCCL INFO ncclTopoPopulateNics : Filled mlx5_7 in topo with pciPath=/sys/devices/pci0000:ee/0000:ee:01.0/0000:f0:00.0 keep=1 coll=(null)
furious-puma-1:172838:173190 [2] NCCL INFO GPU Direct RDMA Enabled for GPU 0 / HCA 0 (distance 4 <= 5), read 0 mode Default
furious-puma-1:172838:173190 [2] NCCL INFO GPU Direct RDMA Enabled for GPU 1 / HCA 0 (distance 4 <= 5), read 0 mode Default
furious-puma-1:172838:173190 [2] NCCL INFO GPU Direct RDMA Enabled for GPU 2 / HCA 0 (distance 4 <= 5), read 0 mode Default
furious-puma-1:172838:173190 [2] NCCL INFO GPU Direct RDMA Enabled for GPU 3 / HCA 0 (distance 4 <= 5), read 0 mode Default
furious-puma-1:172838:173190 [2] NCCL INFO GPU Direct RDMA Enabled for GPU 4 / HCA 0 (distance 4 <= 5), read 0 mode Default
furious-puma-1:172838:173190 [2] NCCL INFO GPU Direct RDMA Enabled for GPU 5 / HCA 0 (distance 4 <= 5), read 0 mode Default
furious-puma-1:172838:173190 [2] NCCL INFO GPU Direct RDMA Enabled for GPU 6 / HCA 0 (distance 4 <= 5), read 0 mode Default
furious-puma-1:172838:173190 [2] NCCL INFO GPU Direct RDMA Enabled for GPU 7 / HCA 0 (distance 4 <= 5), read 0 mode Default
furious-puma-1:172838:173190 [2] NCCL INFO GPU Direct RDMA Enabled for GPU 0 / HCA 1 (distance 4 <= 5), read 0 mode Default
furious-puma-1:172838:173190 [2] NCCL INFO GPU Direct RDMA Enabled for GPU 1 / HCA 1 (distance 4 <= 5), read 0 mode Default
furious-puma-1:172838:173190 [2] NCCL INFO GPU Direct RDMA Enabled for GPU 2 / HCA 1 (distance 4 <= 5), read 0 mode Default
furious-puma-1:172838:173190 [2] NCCL INFO GPU Direct RDMA Enabled for GPU 3 / HCA 1 (distance 4 <= 5), read 0 mode Default
furious-puma-1:172838:173190 [2] NCCL INFO GPU Direct RDMA Enabled for GPU 4 / HCA 1 (distance 4 <= 5), read 0 mode Default
furious-puma-1:172838:173190 [2] NCCL INFO GPU Direct RDMA Enabled for GPU 5 / HCA 1 (distance 4 <= 5), read 0 mode Default
furious-puma-1:172838:173190 [2] NCCL INFO GPU Direct RDMA Enabled for GPU 6 / HCA 1 (distance 4 <= 5), read 0 mode Default
furious-puma-1:172838:173190 [2] NCCL INFO GPU Direct RDMA Enabled for GPU 7 / HCA 1 (distance 4 <= 5), read 0 mode Default
furious-puma-1:172838:173190 [2] NCCL INFO GPU Direct RDMA Enabled for GPU 0 / HCA 2 (distance 4 <= 5), read 0 mode Default
furious-puma-1:172838:173190 [2] NCCL INFO GPU Direct RDMA Enabled for GPU 1 / HCA 2 (distance 4 <= 5), read 0 mode Default
furious-puma-1:172838:173190 [2] NCCL INFO GPU Direct RDMA Enabled for GPU 2 / HCA 2 (distance 4 <= 5), read 0 mode Default
furious-puma-1:172838:173190 [2] NCCL INFO GPU Direct RDMA Enabled for GPU 3 / HCA 2 (distance 4 <= 5), read 0 mode Default
furious-puma-1:172838:173190 [2] NCCL INFO GPU Direct RDMA Enabled for GPU 4 / HCA 2 (distance 4 <= 5), read 0 mode Default
furious-puma-1:172838:173190 [2] NCCL INFO GPU Direct RDMA Enabled for GPU 5 / HCA 2 (distance 4 <= 5), read 0 mode Default
furious-puma-1:172838:173190 [2] NCCL INFO GPU Direct RDMA Enabled for GPU 6 / HCA 2 (distance 4 <= 5), read 0 mode Default
furious-puma-1:172838:173190 [2] NCCL INFO GPU Direct RDMA Enabled for GPU 7 / HCA 2 (distance 4 <= 5), read 0 mode Default
furious-puma-1:172838:173190 [2] NCCL INFO GPU Direct RDMA Enabled for GPU 0 / HCA 3 (distance 4 <= 5), read 0 mode Default
furious-puma-1:172838:173190 [2] NCCL INFO GPU Direct RDMA Enabled for GPU 1 / HCA 3 (distance 4 <= 5), read 0 mode Default
furious-puma-1:172838:173190 [2] NCCL INFO GPU Direct RDMA Enabled for GPU 2 / HCA 3 (distance 4 <= 5), read 0 mode Default
furious-puma-1:172838:173190 [2] NCCL INFO GPU Direct RDMA Enabled for GPU 3 / HCA 3 (distance 4 <= 5), read 0 mode Default
furious-puma-1:172838:173190 [2] NCCL INFO GPU Direct RDMA Enabled for GPU 4 / HCA 3 (distance 4 <= 5), read 0 mode Default
furious-puma-1:172838:173190 [2] NCCL INFO GPU Direct RDMA Enabled for GPU 5 / HCA 3 (distance 4 <= 5), read 0 mode Default
furious-puma-1:172838:173190 [2] NCCL INFO GPU Direct RDMA Enabled for GPU 6 / HCA 3 (distance 4 <= 5), read 0 mode Default
furious-puma-1:172838:173190 [2] NCCL INFO GPU Direct RDMA Enabled for GPU 7 / HCA 3 (distance 4 <= 5), read 0 mode Default
furious-puma-1:172838:173190 [2] NCCL INFO GPU Direct RDMA Enabled for GPU 0 / HCA 4 (distance 4 <= 5), read 0 mode Default
furious-puma-1:172838:173190 [2] NCCL INFO GPU Direct RDMA Enabled for GPU 1 / HCA 4 (distance 4 <= 5), read 0 mode Default
furious-puma-1:172838:173190 [2] NCCL INFO GPU Direct RDMA Enabled for GPU 2 / HCA 4 (distance 4 <= 5), read 0 mode Default
furious-puma-1:172838:173190 [2] NCCL INFO GPU Direct RDMA Enabled for GPU 3 / HCA 4 (distance 4 <= 5), read 0 mode Default
furious-puma-1:172838:173190 [2] NCCL INFO GPU Direct RDMA Enabled for GPU 4 / HCA 4 (distance 4 <= 5), read 0 mode Default
furious-puma-1:172838:173190 [2] NCCL INFO GPU Direct RDMA Enabled for GPU 5 / HCA 4 (distance 4 <= 5), read 0 mode Default
furious-puma-1:172838:173190 [2] NCCL INFO GPU Direct RDMA Enabled for GPU 6 / HCA 4 (distance 4 <= 5), read 0 mode Default
furious-puma-1:172838:173190 [2] NCCL INFO GPU Direct RDMA Enabled for GPU 7 / HCA 4 (distance 4 <= 5), read 0 mode Default
furious-puma-1:172838:173190 [2] NCCL INFO GPU Direct RDMA Enabled for GPU 0 / HCA 5 (distance 4 <= 5), read 0 mode Default
furious-puma-1:172838:173190 [2] NCCL INFO GPU Direct RDMA Enabled for GPU 1 / HCA 5 (distance 4 <= 5), read 0 mode Default
furious-puma-1:172838:173190 [2] NCCL INFO GPU Direct RDMA Enabled for GPU 2 / HCA 5 (distance 4 <= 5), read 0 mode Default
furious-puma-1:172838:173190 [2] NCCL INFO GPU Direct RDMA Enabled for GPU 3 / HCA 5 (distance 4 <= 5), read 0 mode Default
furious-puma-1:172838:173190 [2] NCCL INFO GPU Direct RDMA Enabled for GPU 4 / HCA 5 (distance 4 <= 5), read 0 mode Default
furious-puma-1:172838:173190 [2] NCCL INFO GPU Direct RDMA Enabled for GPU 5 / HCA 5 (distance 4 <= 5), read 0 mode Default
furious-puma-1:172838:173190 [2] NCCL INFO GPU Direct RDMA Enabled for GPU 6 / HCA 5 (distance 4 <= 5), read 0 mode Default
furious-puma-1:172838:173190 [2] NCCL INFO GPU Direct RDMA Enabled for GPU 7 / HCA 5 (distance 4 <= 5), read 0 mode Default
furious-puma-1:172838:173190 [2] NCCL INFO GPU Direct RDMA Enabled for GPU 0 / HCA 6 (distance 4 <= 5), read 0 mode Default
furious-puma-1:172838:173190 [2] NCCL INFO GPU Direct RDMA Enabled for GPU 1 / HCA 6 (distance 4 <= 5), read 0 mode Default
furious-puma-1:172838:173190 [2] NCCL INFO GPU Direct RDMA Enabled for GPU 2 / HCA 6 (distance 4 <= 5), read 0 mode Default
furious-puma-1:172838:173190 [2] NCCL INFO GPU Direct RDMA Enabled for GPU 3 / HCA 6 (distance 4 <= 5), read 0 mode Default
furious-puma-1:172838:173190 [2] NCCL INFO GPU Direct RDMA Enabled for GPU 4 / HCA 6 (distance 4 <= 5), read 0 mode Default
furious-puma-1:172838:173190 [2] NCCL INFO GPU Direct RDMA Enabled for GPU 5 / HCA 6 (distance 4 <= 5), read 0 mode Default
furious-puma-1:172838:173190 [2] NCCL INFO GPU Direct RDMA Enabled for GPU 6 / HCA 6 (distance 4 <= 5), read 0 mode Default
furious-puma-1:172838:173190 [2] NCCL INFO GPU Direct RDMA Enabled for GPU 7 / HCA 6 (distance 4 <= 5), read 0 mode Default
furious-puma-1:172838:173190 [2] NCCL INFO GPU Direct RDMA Enabled for GPU 0 / HCA 7 (distance 4 <= 5), read 0 mode Default
furious-puma-1:172838:173190 [2] NCCL INFO GPU Direct RDMA Enabled for GPU 1 / HCA 7 (distance 4 <= 5), read 0 mode Default
furious-puma-1:172838:173190 [2] NCCL INFO GPU Direct RDMA Enabled for GPU 2 / HCA 7 (distance 4 <= 5), read 0 mode Default
furious-puma-1:172838:173190 [2] NCCL INFO GPU Direct RDMA Enabled for GPU 3 / HCA 7 (distance 4 <= 5), read 0 mode Default
furious-puma-1:172838:173190 [2] NCCL INFO GPU Direct RDMA Enabled for GPU 4 / HCA 7 (distance 4 <= 5), read 0 mode Default
furious-puma-1:172838:173190 [2] NCCL INFO GPU Direct RDMA Enabled for GPU 5 / HCA 7 (distance 4 <= 5), read 0 mode Default
furious-puma-1:172838:173190 [2] NCCL INFO GPU Direct RDMA Enabled for GPU 6 / HCA 7 (distance 4 <= 5), read 0 mode Default
furious-puma-1:172838:173190 [2] NCCL INFO GPU Direct RDMA Enabled for GPU 7 / HCA 7 (distance 4 <= 5), read 0 mode Default
furious-puma-1:172836:173187 [0] NCCL INFO GPU Direct RDMA Enabled for GPU 0 / HCA 0 (distance 4 <= 5), read 0 mode Default
furious-puma-1:172836:173187 [0] NCCL INFO GPU Direct RDMA Enabled for GPU 1 / HCA 0 (distance 4 <= 5), read 0 mode Default
furious-puma-1:172836:173187 [0] NCCL INFO GPU Direct RDMA Enabled for GPU 2 / HCA 0 (distance 4 <= 5), read 0 mode Default
furious-puma-1:172836:173187 [0] NCCL INFO GPU Direct RDMA Enabled for GPU 3 / HCA 0 (distance 4 <= 5), read 0 mode Default
furious-puma-1:172836:173187 [0] NCCL INFO GPU Direct RDMA Enabled for GPU 4 / HCA 0 (distance 4 <= 5), read 0 mode Default
furious-puma-1:172836:173187 [0] NCCL INFO GPU Direct RDMA Enabled for GPU 5 / HCA 0 (distance 4 <= 5), read 0 mode Default
furious-puma-1:172836:173187 [0] NCCL INFO GPU Direct RDMA Enabled for GPU 6 / HCA 0 (distance 4 <= 5), read 0 mode Default
furious-puma-1:172836:173187 [0] NCCL INFO GPU Direct RDMA Enabled for GPU 7 / HCA 0 (distance 4 <= 5), read 0 mode Default
furious-puma-1:172836:173187 [0] NCCL INFO GPU Direct RDMA Enabled for GPU 0 / HCA 1 (distance 4 <= 5), read 0 mode Default
furious-puma-1:172836:173187 [0] NCCL INFO GPU Direct RDMA Enabled for GPU 1 / HCA 1 (distance 4 <= 5), read 0 mode Default
furious-puma-1:172836:173187 [0] NCCL INFO GPU Direct RDMA Enabled for GPU 2 / HCA 1 (distance 4 <= 5), read 0 mode Default
furious-puma-1:172836:173187 [0] NCCL INFO GPU Direct RDMA Enabled for GPU 3 / HCA 1 (distance 4 <= 5), read 0 mode Default
furious-puma-1:172836:173187 [0] NCCL INFO GPU Direct RDMA Enabled for GPU 4 / HCA 1 (distance 4 <= 5), read 0 mode Default
furious-puma-1:172836:173187 [0] NCCL INFO GPU Direct RDMA Enabled for GPU 5 / HCA 1 (distance 4 <= 5), read 0 mode Default
furious-puma-1:172836:173187 [0] NCCL INFO GPU Direct RDMA Enabled for GPU 6 / HCA 1 (distance 4 <= 5), read 0 mode Default
furious-puma-1:172836:173187 [0] NCCL INFO GPU Direct RDMA Enabled for GPU 7 / HCA 1 (distance 4 <= 5), read 0 mode Default
furious-puma-1:172836:173187 [0] NCCL INFO GPU Direct RDMA Enabled for GPU 0 / HCA 2 (distance 4 <= 5), read 0 mode Default
furious-puma-1:172836:173187 [0] NCCL INFO GPU Direct RDMA Enabled for GPU 1 / HCA 2 (distance 4 <= 5), read 0 mode Default
furious-puma-1:172836:173187 [0] NCCL INFO GPU Direct RDMA Enabled for GPU 2 / HCA 2 (distance 4 <= 5), read 0 mode Default
furious-puma-1:172836:173187 [0] NCCL INFO GPU Direct RDMA Enabled for GPU 3 / HCA 2 (distance 4 <= 5), read 0 mode Default
furious-puma-1:172836:173187 [0] NCCL INFO GPU Direct RDMA Enabled for GPU 4 / HCA 2 (distance 4 <= 5), read 0 mode Default
furious-puma-1:172836:173187 [0] NCCL INFO GPU Direct RDMA Enabled for GPU 5 / HCA 2 (distance 4 <= 5), read 0 mode Default
furious-puma-1:172836:173187 [0] NCCL INFO GPU Direct RDMA Enabled for GPU 6 / HCA 2 (distance 4 <= 5), read 0 mode Default
furious-puma-1:172836:173187 [0] NCCL INFO GPU Direct RDMA Enabled for GPU 7 / HCA 2 (distance 4 <= 5), read 0 mode Default
furious-puma-1:172836:173187 [0] NCCL INFO GPU Direct RDMA Enabled for GPU 0 / HCA 3 (distance 4 <= 5), read 0 mode Default
furious-puma-1:172836:173187 [0] NCCL INFO GPU Direct RDMA Enabled for GPU 1 / HCA 3 (distance 4 <= 5), read 0 mode Default
furious-puma-1:172836:173187 [0] NCCL INFO GPU Direct RDMA Enabled for GPU 2 / HCA 3 (distance 4 <= 5), read 0 mode Default
furious-puma-1:172836:173187 [0] NCCL INFO GPU Direct RDMA Enabled for GPU 3 / HCA 3 (distance 4 <= 5), read 0 mode Default
furious-puma-1:172836:173187 [0] NCCL INFO GPU Direct RDMA Enabled for GPU 4 / HCA 3 (distance 4 <= 5), read 0 mode Default
furious-puma-1:172836:173187 [0] NCCL INFO GPU Direct RDMA Enabled for GPU 5 / HCA 3 (distance 4 <= 5), read 0 mode Default
furious-puma-1:172836:173187 [0] NCCL INFO GPU Direct RDMA Enabled for GPU 6 / HCA 3 (distance 4 <= 5), read 0 mode Default
furious-puma-1:172836:173187 [0] NCCL INFO GPU Direct RDMA Enabled for GPU 7 / HCA 3 (distance 4 <= 5), read 0 mode Default
furious-puma-1:172836:173187 [0] NCCL INFO GPU Direct RDMA Enabled for GPU 0 / HCA 4 (distance 4 <= 5), read 0 mode Default
furious-puma-1:172836:173187 [0] NCCL INFO GPU Direct RDMA Enabled for GPU 1 / HCA 4 (distance 4 <= 5), read 0 mode Default
furious-puma-1:172836:173187 [0] NCCL INFO GPU Direct RDMA Enabled for GPU 2 / HCA 4 (distance 4 <= 5), read 0 mode Default
furious-puma-1:172836:173187 [0] NCCL INFO GPU Direct RDMA Enabled for GPU 3 / HCA 4 (distance 4 <= 5), read 0 mode Default
furious-puma-1:172836:173187 [0] NCCL INFO GPU Direct RDMA Enabled for GPU 4 / HCA 4 (distance 4 <= 5), read 0 mode Default
furious-puma-1:172836:173187 [0] NCCL INFO GPU Direct RDMA Enabled for GPU 5 / HCA 4 (distance 4 <= 5), read 0 mode Default
furious-puma-1:172836:173187 [0] NCCL INFO GPU Direct RDMA Enabled for GPU 6 / HCA 4 (distance 4 <= 5), read 0 mode Default
furious-puma-1:172836:173187 [0] NCCL INFO GPU Direct RDMA Enabled for GPU 7 / HCA 4 (distance 4 <= 5), read 0 mode Default
furious-puma-1:172836:173187 [0] NCCL INFO GPU Direct RDMA Enabled for GPU 0 / HCA 5 (distance 4 <= 5), read 0 mode Default
furious-puma-1:172836:173187 [0] NCCL INFO GPU Direct RDMA Enabled for GPU 1 / HCA 5 (distance 4 <= 5), read 0 mode Default
furious-puma-1:172836:173187 [0] NCCL INFO GPU Direct RDMA Enabled for GPU 2 / HCA 5 (distance 4 <= 5), read 0 mode Default
furious-puma-1:172836:173187 [0] NCCL INFO GPU Direct RDMA Enabled for GPU 3 / HCA 5 (distance 4 <= 5), read 0 mode Default
furious-puma-1:172836:173187 [0] NCCL INFO GPU Direct RDMA Enabled for GPU 4 / HCA 5 (distance 4 <= 5), read 0 mode Default
furious-puma-1:172836:173187 [0] NCCL INFO GPU Direct RDMA Enabled for GPU 5 / HCA 5 (distance 4 <= 5), read 0 mode Default
furious-puma-1:172836:173187 [0] NCCL INFO GPU Direct RDMA Enabled for GPU 6 / HCA 5 (distance 4 <= 5), read 0 mode Default
furious-puma-1:172836:173187 [0] NCCL INFO GPU Direct RDMA Enabled for GPU 7 / HCA 5 (distance 4 <= 5), read 0 mode Default
furious-puma-1:172836:173187 [0] NCCL INFO GPU Direct RDMA Enabled for GPU 0 / HCA 6 (distance 4 <= 5), read 0 mode Default
furious-puma-1:172836:173187 [0] NCCL INFO GPU Direct RDMA Enabled for GPU 1 / HCA 6 (distance 4 <= 5), read 0 mode Default
furious-puma-1:172836:173187 [0] NCCL INFO GPU Direct RDMA Enabled for GPU 2 / HCA 6 (distance 4 <= 5), read 0 mode Default
furious-puma-1:172836:173187 [0] NCCL INFO GPU Direct RDMA Enabled for GPU 3 / HCA 6 (distance 4 <= 5), read 0 mode Default
furious-puma-1:172836:173187 [0] NCCL INFO GPU Direct RDMA Enabled for GPU 4 / HCA 6 (distance 4 <= 5), read 0 mode Default
furious-puma-1:172836:173187 [0] NCCL INFO GPU Direct RDMA Enabled for GPU 5 / HCA 6 (distance 4 <= 5), read 0 mode Default
furious-puma-1:172836:173187 [0] NCCL INFO GPU Direct RDMA Enabled for GPU 6 / HCA 6 (distance 4 <= 5), read 0 mode Default
furious-puma-1:172836:173187 [0] NCCL INFO GPU Direct RDMA Enabled for GPU 7 / HCA 6 (distance 4 <= 5), read 0 mode Default
furious-puma-1:172836:173187 [0] NCCL INFO GPU Direct RDMA Enabled for GPU 0 / HCA 7 (distance 4 <= 5), read 0 mode Default
furious-puma-1:172836:173187 [0] NCCL INFO GPU Direct RDMA Enabled for GPU 1 / HCA 7 (distance 4 <= 5), read 0 mode Default
furious-puma-1:172836:173187 [0] NCCL INFO GPU Direct RDMA Enabled for GPU 2 / HCA 7 (distance 4 <= 5), read 0 mode Default
furious-puma-1:172836:173187 [0] NCCL INFO GPU Direct RDMA Enabled for GPU 3 / HCA 7 (distance 4 <= 5), read 0 mode Default
furious-puma-1:172836:173187 [0] NCCL INFO GPU Direct RDMA Enabled for GPU 4 / HCA 7 (distance 4 <= 5), read 0 mode Default
furious-puma-1:172836:173187 [0] NCCL INFO GPU Direct RDMA Enabled for GPU 5 / HCA 7 (distance 4 <= 5), read 0 mode Default
furious-puma-1:172836:173187 [0] NCCL INFO GPU Direct RDMA Enabled for GPU 6 / HCA 7 (distance 4 <= 5), read 0 mode Default
furious-puma-1:172836:173187 [0] NCCL INFO GPU Direct RDMA Enabled for GPU 7 / HCA 7 (distance 4 <= 5), read 0 mode Default
furious-puma-1:172837:173189 [1] NCCL INFO GPU Direct RDMA Enabled for GPU 0 / HCA 0 (distance 4 <= 5), read 0 mode Default
furious-puma-1:172837:173189 [1] NCCL INFO GPU Direct RDMA Enabled for GPU 1 / HCA 0 (distance 4 <= 5), read 0 mode Default
furious-puma-1:172837:173189 [1] NCCL INFO GPU Direct RDMA Enabled for GPU 2 / HCA 0 (distance 4 <= 5), read 0 mode Default
furious-puma-1:172837:173189 [1] NCCL INFO GPU Direct RDMA Enabled for GPU 3 / HCA 0 (distance 4 <= 5), read 0 mode Default
furious-puma-1:172837:173189 [1] NCCL INFO GPU Direct RDMA Enabled for GPU 4 / HCA 0 (distance 4 <= 5), read 0 mode Default
furious-puma-1:172837:173189 [1] NCCL INFO GPU Direct RDMA Enabled for GPU 5 / HCA 0 (distance 4 <= 5), read 0 mode Default
furious-puma-1:172837:173189 [1] NCCL INFO GPU Direct RDMA Enabled for GPU 6 / HCA 0 (distance 4 <= 5), read 0 mode Default
furious-puma-1:172837:173189 [1] NCCL INFO GPU Direct RDMA Enabled for GPU 7 / HCA 0 (distance 4 <= 5), read 0 mode Default
furious-puma-1:172837:173189 [1] NCCL INFO GPU Direct RDMA Enabled for GPU 0 / HCA 1 (distance 4 <= 5), read 0 mode Default
furious-puma-1:172837:173189 [1] NCCL INFO GPU Direct RDMA Enabled for GPU 1 / HCA 1 (distance 4 <= 5), read 0 mode Default
furious-puma-1:172837:173189 [1] NCCL INFO GPU Direct RDMA Enabled for GPU 2 / HCA 1 (distance 4 <= 5), read 0 mode Default
furious-puma-1:172837:173189 [1] NCCL INFO GPU Direct RDMA Enabled for GPU 3 / HCA 1 (distance 4 <= 5), read 0 mode Default
furious-puma-1:172837:173189 [1] NCCL INFO GPU Direct RDMA Enabled for GPU 4 / HCA 1 (distance 4 <= 5), read 0 mode Default
furious-puma-1:172837:173189 [1] NCCL INFO GPU Direct RDMA Enabled for GPU 5 / HCA 1 (distance 4 <= 5), read 0 mode Default
furious-puma-1:172837:173189 [1] NCCL INFO GPU Direct RDMA Enabled for GPU 6 / HCA 1 (distance 4 <= 5), read 0 mode Default
furious-puma-1:172837:173189 [1] NCCL INFO GPU Direct RDMA Enabled for GPU 7 / HCA 1 (distance 4 <= 5), read 0 mode Default
furious-puma-1:172837:173189 [1] NCCL INFO GPU Direct RDMA Enabled for GPU 0 / HCA 2 (distance 4 <= 5), read 0 mode Default
furious-puma-1:172837:173189 [1] NCCL INFO GPU Direct RDMA Enabled for GPU 1 / HCA 2 (distance 4 <= 5), read 0 mode Default
furious-puma-1:172837:173189 [1] NCCL INFO GPU Direct RDMA Enabled for GPU 2 / HCA 2 (distance 4 <= 5), read 0 mode Default
furious-puma-1:172837:173189 [1] NCCL INFO GPU Direct RDMA Enabled for GPU 3 / HCA 2 (distance 4 <= 5), read 0 mode Default
furious-puma-1:172837:173189 [1] NCCL INFO GPU Direct RDMA Enabled for GPU 4 / HCA 2 (distance 4 <= 5), read 0 mode Default
furious-puma-1:172837:173189 [1] NCCL INFO GPU Direct RDMA Enabled for GPU 5 / HCA 2 (distance 4 <= 5), read 0 mode Default
furious-puma-1:172837:173189 [1] NCCL INFO GPU Direct RDMA Enabled for GPU 6 / HCA 2 (distance 4 <= 5), read 0 mode Default
furious-puma-1:172837:173189 [1] NCCL INFO GPU Direct RDMA Enabled for GPU 7 / HCA 2 (distance 4 <= 5), read 0 mode Default
furious-puma-1:172837:173189 [1] NCCL INFO GPU Direct RDMA Enabled for GPU 0 / HCA 3 (distance 4 <= 5), read 0 mode Default
furious-puma-1:172837:173189 [1] NCCL INFO GPU Direct RDMA Enabled for GPU 1 / HCA 3 (distance 4 <= 5), read 0 mode Default
furious-puma-1:172837:173189 [1] NCCL INFO GPU Direct RDMA Enabled for GPU 2 / HCA 3 (distance 4 <= 5), read 0 mode Default
furious-puma-1:172837:173189 [1] NCCL INFO GPU Direct RDMA Enabled for GPU 3 / HCA 3 (distance 4 <= 5), read 0 mode Default
furious-puma-1:172837:173189 [1] NCCL INFO GPU Direct RDMA Enabled for GPU 4 / HCA 3 (distance 4 <= 5), read 0 mode Default
furious-puma-1:172837:173189 [1] NCCL INFO GPU Direct RDMA Enabled for GPU 5 / HCA 3 (distance 4 <= 5), read 0 mode Default
furious-puma-1:172837:173189 [1] NCCL INFO GPU Direct RDMA Enabled for GPU 6 / HCA 3 (distance 4 <= 5), read 0 mode Default
furious-puma-1:172837:173189 [1] NCCL INFO GPU Direct RDMA Enabled for GPU 7 / HCA 3 (distance 4 <= 5), read 0 mode Default
furious-puma-1:172837:173189 [1] NCCL INFO GPU Direct RDMA Enabled for GPU 0 / HCA 4 (distance 4 <= 5), read 0 mode Default
furious-puma-1:172837:173189 [1] NCCL INFO GPU Direct RDMA Enabled for GPU 1 / HCA 4 (distance 4 <= 5), read 0 mode Default
furious-puma-1:172837:173189 [1] NCCL INFO GPU Direct RDMA Enabled for GPU 2 / HCA 4 (distance 4 <= 5), read 0 mode Default
furious-puma-1:172837:173189 [1] NCCL INFO GPU Direct RDMA Enabled for GPU 3 / HCA 4 (distance 4 <= 5), read 0 mode Default
furious-puma-1:172837:173189 [1] NCCL INFO GPU Direct RDMA Enabled for GPU 4 / HCA 4 (distance 4 <= 5), read 0 mode Default
furious-puma-1:172837:173189 [1] NCCL INFO GPU Direct RDMA Enabled for GPU 5 / HCA 4 (distance 4 <= 5), read 0 mode Default
furious-puma-1:172837:173189 [1] NCCL INFO GPU Direct RDMA Enabled for GPU 6 / HCA 4 (distance 4 <= 5), read 0 mode Default
furious-puma-1:172837:173189 [1] NCCL INFO GPU Direct RDMA Enabled for GPU 7 / HCA 4 (distance 4 <= 5), read 0 mode Default
furious-puma-1:172837:173189 [1] NCCL INFO GPU Direct RDMA Enabled for GPU 0 / HCA 5 (distance 4 <= 5), read 0 mode Default
furious-puma-1:172837:173189 [1] NCCL INFO GPU Direct RDMA Enabled for GPU 1 / HCA 5 (distance 4 <= 5), read 0 mode Default
furious-puma-1:172837:173189 [1] NCCL INFO GPU Direct RDMA Enabled for GPU 2 / HCA 5 (distance 4 <= 5), read 0 mode Default
furious-puma-1:172837:173189 [1] NCCL INFO GPU Direct RDMA Enabled for GPU 3 / HCA 5 (distance 4 <= 5), read 0 mode Default
furious-puma-1:172837:173189 [1] NCCL INFO GPU Direct RDMA Enabled for GPU 4 / HCA 5 (distance 4 <= 5), read 0 mode Default
furious-puma-1:172837:173189 [1] NCCL INFO GPU Direct RDMA Enabled for GPU 5 / HCA 5 (distance 4 <= 5), read 0 mode Default
furious-puma-1:172837:173189 [1] NCCL INFO GPU Direct RDMA Enabled for GPU 6 / HCA 5 (distance 4 <= 5), read 0 mode Default
furious-puma-1:172837:173189 [1] NCCL INFO GPU Direct RDMA Enabled for GPU 7 / HCA 5 (distance 4 <= 5), read 0 mode Default
furious-puma-1:172837:173189 [1] NCCL INFO GPU Direct RDMA Enabled for GPU 0 / HCA 6 (distance 4 <= 5), read 0 mode Default
furious-puma-1:172837:173189 [1] NCCL INFO GPU Direct RDMA Enabled for GPU 1 / HCA 6 (distance 4 <= 5), read 0 mode Default
furious-puma-1:172837:173189 [1] NCCL INFO GPU Direct RDMA Enabled for GPU 2 / HCA 6 (distance 4 <= 5), read 0 mode Default
furious-puma-1:172837:173189 [1] NCCL INFO GPU Direct RDMA Enabled for GPU 3 / HCA 6 (distance 4 <= 5), read 0 mode Default
furious-puma-1:172837:173189 [1] NCCL INFO GPU Direct RDMA Enabled for GPU 4 / HCA 6 (distance 4 <= 5), read 0 mode Default
furious-puma-1:172837:173189 [1] NCCL INFO GPU Direct RDMA Enabled for GPU 5 / HCA 6 (distance 4 <= 5), read 0 mode Default
furious-puma-1:172837:173189 [1] NCCL INFO GPU Direct RDMA Enabled for GPU 6 / HCA 6 (distance 4 <= 5), read 0 mode Default
furious-puma-1:172837:173189 [1] NCCL INFO GPU Direct RDMA Enabled for GPU 7 / HCA 6 (distance 4 <= 5), read 0 mode Default
furious-puma-1:172837:173189 [1] NCCL INFO GPU Direct RDMA Enabled for GPU 0 / HCA 7 (distance 4 <= 5), read 0 mode Default
furious-puma-1:172837:173189 [1] NCCL INFO GPU Direct RDMA Enabled for GPU 1 / HCA 7 (distance 4 <= 5), read 0 mode Default
furious-puma-1:172837:173189 [1] NCCL INFO GPU Direct RDMA Enabled for GPU 2 / HCA 7 (distance 4 <= 5), read 0 mode Default
furious-puma-1:172837:173189 [1] NCCL INFO GPU Direct RDMA Enabled for GPU 3 / HCA 7 (distance 4 <= 5), read 0 mode Default
furious-puma-1:172837:173189 [1] NCCL INFO GPU Direct RDMA Enabled for GPU 4 / HCA 7 (distance 4 <= 5), read 0 mode Default
furious-puma-1:172837:173189 [1] NCCL INFO GPU Direct RDMA Enabled for GPU 5 / HCA 7 (distance 4 <= 5), read 0 mode Default
furious-puma-1:172837:173189 [1] NCCL INFO GPU Direct RDMA Enabled for GPU 6 / HCA 7 (distance 4 <= 5), read 0 mode Default
furious-puma-1:172837:173189 [1] NCCL INFO GPU Direct RDMA Enabled for GPU 7 / HCA 7 (distance 4 <= 5), read 0 mode Default
furious-puma-1:172841:173167 [5] NCCL INFO GPU Direct RDMA Enabled for GPU 0 / HCA 0 (distance 4 <= 5), read 0 mode Default
furious-puma-1:172841:173167 [5] NCCL INFO GPU Direct RDMA Enabled for GPU 1 / HCA 0 (distance 4 <= 5), read 0 mode Default
furious-puma-1:172841:173167 [5] NCCL INFO GPU Direct RDMA Enabled for GPU 2 / HCA 0 (distance 4 <= 5), read 0 mode Default
furious-puma-1:172841:173167 [5] NCCL INFO GPU Direct RDMA Enabled for GPU 3 / HCA 0 (distance 4 <= 5), read 0 mode Default
furious-puma-1:172841:173167 [5] NCCL INFO GPU Direct RDMA Enabled for GPU 4 / HCA 0 (distance 4 <= 5), read 0 mode Default
furious-puma-1:172841:173167 [5] NCCL INFO GPU Direct RDMA Enabled for GPU 5 / HCA 0 (distance 4 <= 5), read 0 mode Default
furious-puma-1:172841:173167 [5] NCCL INFO GPU Direct RDMA Enabled for GPU 6 / HCA 0 (distance 4 <= 5), read 0 mode Default
furious-puma-1:172841:173167 [5] NCCL INFO GPU Direct RDMA Enabled for GPU 7 / HCA 0 (distance 4 <= 5), read 0 mode Default
furious-puma-1:172841:173167 [5] NCCL INFO GPU Direct RDMA Enabled for GPU 0 / HCA 1 (distance 4 <= 5), read 0 mode Default
furious-puma-1:172841:173167 [5] NCCL INFO GPU Direct RDMA Enabled for GPU 1 / HCA 1 (distance 4 <= 5), read 0 mode Default
furious-puma-1:172841:173167 [5] NCCL INFO GPU Direct RDMA Enabled for GPU 2 / HCA 1 (distance 4 <= 5), read 0 mode Default
furious-puma-1:172841:173167 [5] NCCL INFO GPU Direct RDMA Enabled for GPU 3 / HCA 1 (distance 4 <= 5), read 0 mode Default
furious-puma-1:172841:173167 [5] NCCL INFO GPU Direct RDMA Enabled for GPU 4 / HCA 1 (distance 4 <= 5), read 0 mode Default
furious-puma-1:172841:173167 [5] NCCL INFO GPU Direct RDMA Enabled for GPU 5 / HCA 1 (distance 4 <= 5), read 0 mode Default
furious-puma-1:172841:173167 [5] NCCL INFO GPU Direct RDMA Enabled for GPU 6 / HCA 1 (distance 4 <= 5), read 0 mode Default
furious-puma-1:172841:173167 [5] NCCL INFO GPU Direct RDMA Enabled for GPU 7 / HCA 1 (distance 4 <= 5), read 0 mode Default
furious-puma-1:172841:173167 [5] NCCL INFO GPU Direct RDMA Enabled for GPU 0 / HCA 2 (distance 4 <= 5), read 0 mode Default
furious-puma-1:172841:173167 [5] NCCL INFO GPU Direct RDMA Enabled for GPU 1 / HCA 2 (distance 4 <= 5), read 0 mode Default
furious-puma-1:172841:173167 [5] NCCL INFO GPU Direct RDMA Enabled for GPU 2 / HCA 2 (distance 4 <= 5), read 0 mode Default
furious-puma-1:172841:173167 [5] NCCL INFO GPU Direct RDMA Enabled for GPU 3 / HCA 2 (distance 4 <= 5), read 0 mode Default
furious-puma-1:172841:173167 [5] NCCL INFO GPU Direct RDMA Enabled for GPU 4 / HCA 2 (distance 4 <= 5), read 0 mode Default
furious-puma-1:172841:173167 [5] NCCL INFO GPU Direct RDMA Enabled for GPU 5 / HCA 2 (distance 4 <= 5), read 0 mode Default
furious-puma-1:172841:173167 [5] NCCL INFO GPU Direct RDMA Enabled for GPU 6 / HCA 2 (distance 4 <= 5), read 0 mode Default
furious-puma-1:172841:173167 [5] NCCL INFO GPU Direct RDMA Enabled for GPU 7 / HCA 2 (distance 4 <= 5), read 0 mode Default
furious-puma-1:172841:173167 [5] NCCL INFO GPU Direct RDMA Enabled for GPU 0 / HCA 3 (distance 4 <= 5), read 0 mode Default
furious-puma-1:172841:173167 [5] NCCL INFO GPU Direct RDMA Enabled for GPU 1 / HCA 3 (distance 4 <= 5), read 0 mode Default
furious-puma-1:172841:173167 [5] NCCL INFO GPU Direct RDMA Enabled for GPU 2 / HCA 3 (distance 4 <= 5), read 0 mode Default
furious-puma-1:172841:173167 [5] NCCL INFO GPU Direct RDMA Enabled for GPU 3 / HCA 3 (distance 4 <= 5), read 0 mode Default
furious-puma-1:172841:173167 [5] NCCL INFO GPU Direct RDMA Enabled for GPU 4 / HCA 3 (distance 4 <= 5), read 0 mode Default
furious-puma-1:172841:173167 [5] NCCL INFO GPU Direct RDMA Enabled for GPU 5 / HCA 3 (distance 4 <= 5), read 0 mode Default
furious-puma-1:172841:173167 [5] NCCL INFO GPU Direct RDMA Enabled for GPU 6 / HCA 3 (distance 4 <= 5), read 0 mode Default
furious-puma-1:172841:173167 [5] NCCL INFO GPU Direct RDMA Enabled for GPU 7 / HCA 3 (distance 4 <= 5), read 0 mode Default
furious-puma-1:172841:173167 [5] NCCL INFO GPU Direct RDMA Enabled for GPU 0 / HCA 4 (distance 4 <= 5), read 0 mode Default
furious-puma-1:172841:173167 [5] NCCL INFO GPU Direct RDMA Enabled for GPU 1 / HCA 4 (distance 4 <= 5), read 0 mode Default
furious-puma-1:172841:173167 [5] NCCL INFO GPU Direct RDMA Enabled for GPU 2 / HCA 4 (distance 4 <= 5), read 0 mode Default
furious-puma-1:172841:173167 [5] NCCL INFO GPU Direct RDMA Enabled for GPU 3 / HCA 4 (distance 4 <= 5), read 0 mode Default
furious-puma-1:172841:173167 [5] NCCL INFO GPU Direct RDMA Enabled for GPU 4 / HCA 4 (distance 4 <= 5), read 0 mode Default
furious-puma-1:172841:173167 [5] NCCL INFO GPU Direct RDMA Enabled for GPU 5 / HCA 4 (distance 4 <= 5), read 0 mode Default
furious-puma-1:172841:173167 [5] NCCL INFO GPU Direct RDMA Enabled for GPU 6 / HCA 4 (distance 4 <= 5), read 0 mode Default
furious-puma-1:172841:173167 [5] NCCL INFO GPU Direct RDMA Enabled for GPU 7 / HCA 4 (distance 4 <= 5), read 0 mode Default
furious-puma-1:172841:173167 [5] NCCL INFO GPU Direct RDMA Enabled for GPU 0 / HCA 5 (distance 4 <= 5), read 0 mode Default
furious-puma-1:172841:173167 [5] NCCL INFO GPU Direct RDMA Enabled for GPU 1 / HCA 5 (distance 4 <= 5), read 0 mode Default
furious-puma-1:172841:173167 [5] NCCL INFO GPU Direct RDMA Enabled for GPU 2 / HCA 5 (distance 4 <= 5), read 0 mode Default
furious-puma-1:172841:173167 [5] NCCL INFO GPU Direct RDMA Enabled for GPU 3 / HCA 5 (distance 4 <= 5), read 0 mode Default
furious-puma-1:172841:173167 [5] NCCL INFO GPU Direct RDMA Enabled for GPU 4 / HCA 5 (distance 4 <= 5), read 0 mode Default
furious-puma-1:172841:173167 [5] NCCL INFO GPU Direct RDMA Enabled for GPU 5 / HCA 5 (distance 4 <= 5), read 0 mode Default
furious-puma-1:172841:173167 [5] NCCL INFO GPU Direct RDMA Enabled for GPU 6 / HCA 5 (distance 4 <= 5), read 0 mode Default
furious-puma-1:172841:173167 [5] NCCL INFO GPU Direct RDMA Enabled for GPU 7 / HCA 5 (distance 4 <= 5), read 0 mode Default
furious-puma-1:172841:173167 [5] NCCL INFO GPU Direct RDMA Enabled for GPU 0 / HCA 6 (distance 4 <= 5), read 0 mode Default
furious-puma-1:172841:173167 [5] NCCL INFO GPU Direct RDMA Enabled for GPU 1 / HCA 6 (distance 4 <= 5), read 0 mode Default
furious-puma-1:172841:173167 [5] NCCL INFO GPU Direct RDMA Enabled for GPU 2 / HCA 6 (distance 4 <= 5), read 0 mode Default
furious-puma-1:172841:173167 [5] NCCL INFO GPU Direct RDMA Enabled for GPU 3 / HCA 6 (distance 4 <= 5), read 0 mode Default
furious-puma-1:172841:173167 [5] NCCL INFO GPU Direct RDMA Enabled for GPU 4 / HCA 6 (distance 4 <= 5), read 0 mode Default
furious-puma-1:172841:173167 [5] NCCL INFO GPU Direct RDMA Enabled for GPU 5 / HCA 6 (distance 4 <= 5), read 0 mode Default
furious-puma-1:172841:173167 [5] NCCL INFO GPU Direct RDMA Enabled for GPU 6 / HCA 6 (distance 4 <= 5), read 0 mode Default
furious-puma-1:172841:173167 [5] NCCL INFO GPU Direct RDMA Enabled for GPU 7 / HCA 6 (distance 4 <= 5), read 0 mode Default
furious-puma-1:172841:173167 [5] NCCL INFO GPU Direct RDMA Enabled for GPU 0 / HCA 7 (distance 4 <= 5), read 0 mode Default
furious-puma-1:172841:173167 [5] NCCL INFO GPU Direct RDMA Enabled for GPU 1 / HCA 7 (distance 4 <= 5), read 0 mode Default
furious-puma-1:172841:173167 [5] NCCL INFO GPU Direct RDMA Enabled for GPU 2 / HCA 7 (distance 4 <= 5), read 0 mode Default
furious-puma-1:172841:173167 [5] NCCL INFO GPU Direct RDMA Enabled for GPU 3 / HCA 7 (distance 4 <= 5), read 0 mode Default
furious-puma-1:172841:173167 [5] NCCL INFO GPU Direct RDMA Enabled for GPU 4 / HCA 7 (distance 4 <= 5), read 0 mode Default
furious-puma-1:172841:173167 [5] NCCL INFO GPU Direct RDMA Enabled for GPU 5 / HCA 7 (distance 4 <= 5), read 0 mode Default
furious-puma-1:172841:173167 [5] NCCL INFO GPU Direct RDMA Enabled for GPU 6 / HCA 7 (distance 4 <= 5), read 0 mode Default
furious-puma-1:172841:173167 [5] NCCL INFO GPU Direct RDMA Enabled for GPU 7 / HCA 7 (distance 4 <= 5), read 0 mode Default
furious-puma-1:172839:173188 [3] NCCL INFO GPU Direct RDMA Enabled for GPU 0 / HCA 0 (distance 4 <= 5), read 0 mode Default
furious-puma-1:172839:173188 [3] NCCL INFO GPU Direct RDMA Enabled for GPU 1 / HCA 0 (distance 4 <= 5), read 0 mode Default
furious-puma-1:172839:173188 [3] NCCL INFO GPU Direct RDMA Enabled for GPU 2 / HCA 0 (distance 4 <= 5), read 0 mode Default
furious-puma-1:172839:173188 [3] NCCL INFO GPU Direct RDMA Enabled for GPU 3 / HCA 0 (distance 4 <= 5), read 0 mode Default
furious-puma-1:172839:173188 [3] NCCL INFO GPU Direct RDMA Enabled for GPU 4 / HCA 0 (distance 4 <= 5), read 0 mode Default
furious-puma-1:172839:173188 [3] NCCL INFO GPU Direct RDMA Enabled for GPU 5 / HCA 0 (distance 4 <= 5), read 0 mode Default
furious-puma-1:172839:173188 [3] NCCL INFO GPU Direct RDMA Enabled for GPU 6 / HCA 0 (distance 4 <= 5), read 0 mode Default
furious-puma-1:172839:173188 [3] NCCL INFO GPU Direct RDMA Enabled for GPU 7 / HCA 0 (distance 4 <= 5), read 0 mode Default
furious-puma-1:172839:173188 [3] NCCL INFO GPU Direct RDMA Enabled for GPU 0 / HCA 1 (distance 4 <= 5), read 0 mode Default
furious-puma-1:172839:173188 [3] NCCL INFO GPU Direct RDMA Enabled for GPU 1 / HCA 1 (distance 4 <= 5), read 0 mode Default
furious-puma-1:172839:173188 [3] NCCL INFO GPU Direct RDMA Enabled for GPU 2 / HCA 1 (distance 4 <= 5), read 0 mode Default
furious-puma-1:172839:173188 [3] NCCL INFO GPU Direct RDMA Enabled for GPU 3 / HCA 1 (distance 4 <= 5), read 0 mode Default
furious-puma-1:172839:173188 [3] NCCL INFO GPU Direct RDMA Enabled for GPU 4 / HCA 1 (distance 4 <= 5), read 0 mode Default
furious-puma-1:172839:173188 [3] NCCL INFO GPU Direct RDMA Enabled for GPU 5 / HCA 1 (distance 4 <= 5), read 0 mode Default
furious-puma-1:172839:173188 [3] NCCL INFO GPU Direct RDMA Enabled for GPU 6 / HCA 1 (distance 4 <= 5), read 0 mode Default
furious-puma-1:172839:173188 [3] NCCL INFO GPU Direct RDMA Enabled for GPU 7 / HCA 1 (distance 4 <= 5), read 0 mode Default
furious-puma-1:172839:173188 [3] NCCL INFO GPU Direct RDMA Enabled for GPU 0 / HCA 2 (distance 4 <= 5), read 0 mode Default
furious-puma-1:172839:173188 [3] NCCL INFO GPU Direct RDMA Enabled for GPU 1 / HCA 2 (distance 4 <= 5), read 0 mode Default
furious-puma-1:172839:173188 [3] NCCL INFO GPU Direct RDMA Enabled for GPU 2 / HCA 2 (distance 4 <= 5), read 0 mode Default
furious-puma-1:172839:173188 [3] NCCL INFO GPU Direct RDMA Enabled for GPU 3 / HCA 2 (distance 4 <= 5), read 0 mode Default
furious-puma-1:172839:173188 [3] NCCL INFO GPU Direct RDMA Enabled for GPU 4 / HCA 2 (distance 4 <= 5), read 0 mode Default
furious-puma-1:172839:173188 [3] NCCL INFO GPU Direct RDMA Enabled for GPU 5 / HCA 2 (distance 4 <= 5), read 0 mode Default
furious-puma-1:172839:173188 [3] NCCL INFO GPU Direct RDMA Enabled for GPU 6 / HCA 2 (distance 4 <= 5), read 0 mode Default
furious-puma-1:172839:173188 [3] NCCL INFO GPU Direct RDMA Enabled for GPU 7 / HCA 2 (distance 4 <= 5), read 0 mode Default
furious-puma-1:172839:173188 [3] NCCL INFO GPU Direct RDMA Enabled for GPU 0 / HCA 3 (distance 4 <= 5), read 0 mode Default
furious-puma-1:172839:173188 [3] NCCL INFO GPU Direct RDMA Enabled for GPU 1 / HCA 3 (distance 4 <= 5), read 0 mode Default
furious-puma-1:172839:173188 [3] NCCL INFO GPU Direct RDMA Enabled for GPU 2 / HCA 3 (distance 4 <= 5), read 0 mode Default
furious-puma-1:172839:173188 [3] NCCL INFO GPU Direct RDMA Enabled for GPU 3 / HCA 3 (distance 4 <= 5), read 0 mode Default
furious-puma-1:172839:173188 [3] NCCL INFO GPU Direct RDMA Enabled for GPU 4 / HCA 3 (distance 4 <= 5), read 0 mode Default
furious-puma-1:172839:173188 [3] NCCL INFO GPU Direct RDMA Enabled for GPU 5 / HCA 3 (distance 4 <= 5), read 0 mode Default
furious-puma-1:172839:173188 [3] NCCL INFO GPU Direct RDMA Enabled for GPU 6 / HCA 3 (distance 4 <= 5), read 0 mode Default
furious-puma-1:172839:173188 [3] NCCL INFO GPU Direct RDMA Enabled for GPU 7 / HCA 3 (distance 4 <= 5), read 0 mode Default
furious-puma-1:172839:173188 [3] NCCL INFO GPU Direct RDMA Enabled for GPU 0 / HCA 4 (distance 4 <= 5), read 0 mode Default
furious-puma-1:172839:173188 [3] NCCL INFO GPU Direct RDMA Enabled for GPU 1 / HCA 4 (distance 4 <= 5), read 0 mode Default
furious-puma-1:172839:173188 [3] NCCL INFO GPU Direct RDMA Enabled for GPU 2 / HCA 4 (distance 4 <= 5), read 0 mode Default
furious-puma-1:172839:173188 [3] NCCL INFO GPU Direct RDMA Enabled for GPU 3 / HCA 4 (distance 4 <= 5), read 0 mode Default
furious-puma-1:172839:173188 [3] NCCL INFO GPU Direct RDMA Enabled for GPU 4 / HCA 4 (distance 4 <= 5), read 0 mode Default
furious-puma-1:172839:173188 [3] NCCL INFO GPU Direct RDMA Enabled for GPU 5 / HCA 4 (distance 4 <= 5), read 0 mode Default
furious-puma-1:172839:173188 [3] NCCL INFO GPU Direct RDMA Enabled for GPU 6 / HCA 4 (distance 4 <= 5), read 0 mode Default
furious-puma-1:172839:173188 [3] NCCL INFO GPU Direct RDMA Enabled for GPU 7 / HCA 4 (distance 4 <= 5), read 0 mode Default
furious-puma-1:172839:173188 [3] NCCL INFO GPU Direct RDMA Enabled for GPU 0 / HCA 5 (distance 4 <= 5), read 0 mode Default
furious-puma-1:172839:173188 [3] NCCL INFO GPU Direct RDMA Enabled for GPU 1 / HCA 5 (distance 4 <= 5), read 0 mode Default
furious-puma-1:172839:173188 [3] NCCL INFO GPU Direct RDMA Enabled for GPU 2 / HCA 5 (distance 4 <= 5), read 0 mode Default
furious-puma-1:172839:173188 [3] NCCL INFO GPU Direct RDMA Enabled for GPU 3 / HCA 5 (distance 4 <= 5), read 0 mode Default
furious-puma-1:172839:173188 [3] NCCL INFO GPU Direct RDMA Enabled for GPU 4 / HCA 5 (distance 4 <= 5), read 0 mode Default
furious-puma-1:172839:173188 [3] NCCL INFO GPU Direct RDMA Enabled for GPU 5 / HCA 5 (distance 4 <= 5), read 0 mode Default
furious-puma-1:172839:173188 [3] NCCL INFO GPU Direct RDMA Enabled for GPU 6 / HCA 5 (distance 4 <= 5), read 0 mode Default
furious-puma-1:172839:173188 [3] NCCL INFO GPU Direct RDMA Enabled for GPU 7 / HCA 5 (distance 4 <= 5), read 0 mode Default
furious-puma-1:172839:173188 [3] NCCL INFO GPU Direct RDMA Enabled for GPU 0 / HCA 6 (distance 4 <= 5), read 0 mode Default
furious-puma-1:172839:173188 [3] NCCL INFO GPU Direct RDMA Enabled for GPU 1 / HCA 6 (distance 4 <= 5), read 0 mode Default
furious-puma-1:172839:173188 [3] NCCL INFO GPU Direct RDMA Enabled for GPU 2 / HCA 6 (distance 4 <= 5), read 0 mode Default
furious-puma-1:172839:173188 [3] NCCL INFO GPU Direct RDMA Enabled for GPU 3 / HCA 6 (distance 4 <= 5), read 0 mode Default
furious-puma-1:172839:173188 [3] NCCL INFO GPU Direct RDMA Enabled for GPU 4 / HCA 6 (distance 4 <= 5), read 0 mode Default
furious-puma-1:172839:173188 [3] NCCL INFO GPU Direct RDMA Enabled for GPU 5 / HCA 6 (distance 4 <= 5), read 0 mode Default
furious-puma-1:172839:173188 [3] NCCL INFO GPU Direct RDMA Enabled for GPU 6 / HCA 6 (distance 4 <= 5), read 0 mode Default
furious-puma-1:172839:173188 [3] NCCL INFO GPU Direct RDMA Enabled for GPU 7 / HCA 6 (distance 4 <= 5), read 0 mode Default
furious-puma-1:172839:173188 [3] NCCL INFO GPU Direct RDMA Enabled for GPU 0 / HCA 7 (distance 4 <= 5), read 0 mode Default
furious-puma-1:172839:173188 [3] NCCL INFO GPU Direct RDMA Enabled for GPU 1 / HCA 7 (distance 4 <= 5), read 0 mode Default
furious-puma-1:172839:173188 [3] NCCL INFO GPU Direct RDMA Enabled for GPU 2 / HCA 7 (distance 4 <= 5), read 0 mode Default
furious-puma-1:172839:173188 [3] NCCL INFO GPU Direct RDMA Enabled for GPU 3 / HCA 7 (distance 4 <= 5), read 0 mode Default
furious-puma-1:172839:173188 [3] NCCL INFO GPU Direct RDMA Enabled for GPU 4 / HCA 7 (distance 4 <= 5), read 0 mode Default
furious-puma-1:172839:173188 [3] NCCL INFO GPU Direct RDMA Enabled for GPU 5 / HCA 7 (distance 4 <= 5), read 0 mode Default
furious-puma-1:172839:173188 [3] NCCL INFO GPU Direct RDMA Enabled for GPU 6 / HCA 7 (distance 4 <= 5), read 0 mode Default
furious-puma-1:172839:173188 [3] NCCL INFO GPU Direct RDMA Enabled for GPU 7 / HCA 7 (distance 4 <= 5), read 0 mode Default
furious-puma-1:172843:173166 [7] NCCL INFO GPU Direct RDMA Enabled for GPU 0 / HCA 0 (distance 4 <= 5), read 0 mode Default
furious-puma-1:172843:173166 [7] NCCL INFO GPU Direct RDMA Enabled for GPU 1 / HCA 0 (distance 4 <= 5), read 0 mode Default
furious-puma-1:172843:173166 [7] NCCL INFO GPU Direct RDMA Enabled for GPU 2 / HCA 0 (distance 4 <= 5), read 0 mode Default
furious-puma-1:172843:173166 [7] NCCL INFO GPU Direct RDMA Enabled for GPU 3 / HCA 0 (distance 4 <= 5), read 0 mode Default
furious-puma-1:172843:173166 [7] NCCL INFO GPU Direct RDMA Enabled for GPU 4 / HCA 0 (distance 4 <= 5), read 0 mode Default
furious-puma-1:172843:173166 [7] NCCL INFO GPU Direct RDMA Enabled for GPU 5 / HCA 0 (distance 4 <= 5), read 0 mode Default
furious-puma-1:172843:173166 [7] NCCL INFO GPU Direct RDMA Enabled for GPU 6 / HCA 0 (distance 4 <= 5), read 0 mode Default
furious-puma-1:172838:173190 [2] NCCL INFO === System : maxBw 370.8 totalBw 370.8 ===
furious-puma-1:172843:173166 [7] NCCL INFO GPU Direct RDMA Enabled for GPU 7 / HCA 0 (distance 4 <= 5), read 0 mode Default
furious-puma-1:172838:173190 [2] NCCL INFO CPU/0-0 (1/1/3)
furious-puma-1:172843:173166 [7] NCCL INFO GPU Direct RDMA Enabled for GPU 0 / HCA 1 (distance 4 <= 5), read 0 mode Default
furious-puma-1:172843:173166 [7] NCCL INFO GPU Direct RDMA Enabled for GPU 1 / HCA 1 (distance 4 <= 5), read 0 mode Default
furious-puma-1:172838:173190 [2] NCCL INFO + PCI[48.0] - PCI/0-ffffff010 (0)
furious-puma-1:172843:173166 [7] NCCL INFO GPU Direct RDMA Enabled for GPU 2 / HCA 1 (distance 4 <= 5), read 0 mode Default
furious-puma-1:172838:173190 [2] NCCL INFO               + PCI[48.0] - GPU/0-7f000 (0)
furious-puma-1:172843:173166 [7] NCCL INFO GPU Direct RDMA Enabled for GPU 3 / HCA 1 (distance 4 <= 5), read 0 mode Default
furious-puma-1:172838:173190 [2] NCCL INFO                             + NVL[370.8] - NVS/0-0
furious-puma-1:172840:173168 [4] NCCL INFO GPU Direct RDMA Enabled for GPU 0 / HCA 0 (distance 4 <= 5), read 0 mode Default
furious-puma-1:172843:173166 [7] NCCL INFO GPU Direct RDMA Enabled for GPU 4 / HCA 1 (distance 4 <= 5), read 0 mode Default
furious-puma-1:172838:173190 [2] NCCL INFO               + PCI[48.0] - NIC/0-80000
furious-puma-1:172838:173190 [2] NCCL INFO + PCI[48.0] - PCI/0-ffffff020 (0)
furious-puma-1:172843:173166 [7] NCCL INFO GPU Direct RDMA Enabled for GPU 5 / HCA 1 (distance 4 <= 5), read 0 mode Default
furious-puma-1:172840:173168 [4] NCCL INFO GPU Direct RDMA Enabled for GPU 1 / HCA 0 (distance 4 <= 5), read 0 mode Default
furious-puma-1:172838:173190 [2] NCCL INFO               + PCI[48.0] - NIC/0-90000
furious-puma-1:172843:173166 [7] NCCL INFO GPU Direct RDMA Enabled for GPU 6 / HCA 1 (distance 4 <= 5), read 0 mode Default
furious-puma-1:172840:173168 [4] NCCL INFO GPU Direct RDMA Enabled for GPU 2 / HCA 0 (distance 4 <= 5), read 0 mode Default
furious-puma-1:172838:173190 [2] NCCL INFO               + PCI[48.0] - GPU/0-8f000 (1)
furious-puma-1:172838:173190 [2] NCCL INFO                             + NVL[370.8] - NVS/0-0
furious-puma-1:172840:173168 [4] NCCL INFO GPU Direct RDMA Enabled for GPU 3 / HCA 0 (distance 4 <= 5), read 0 mode Default
furious-puma-1:172843:173166 [7] NCCL INFO GPU Direct RDMA Enabled for GPU 7 / HCA 1 (distance 4 <= 5), read 0 mode Default
furious-puma-1:172838:173190 [2] NCCL INFO + PCI[48.0] - PCI/0-ffffff030 (0)
furious-puma-1:172840:173168 [4] NCCL INFO GPU Direct RDMA Enabled for GPU 4 / HCA 0 (distance 4 <= 5), read 0 mode Default
furious-puma-1:172843:173166 [7] NCCL INFO GPU Direct RDMA Enabled for GPU 0 / HCA 2 (distance 4 <= 5), read 0 mode Default
furious-puma-1:172838:173190 [2] NCCL INFO               + PCI[48.0] - NIC/0-a0000
furious-puma-1:172840:173168 [4] NCCL INFO GPU Direct RDMA Enabled for GPU 5 / HCA 0 (distance 4 <= 5), read 0 mode Default
furious-puma-1:172843:173166 [7] NCCL INFO GPU Direct RDMA Enabled for GPU 1 / HCA 2 (distance 4 <= 5), read 0 mode Default
furious-puma-1:172838:173190 [2] NCCL INFO               + PCI[48.0] - GPU/0-9f000 (2)
furious-puma-1:172840:173168 [4] NCCL INFO GPU Direct RDMA Enabled for GPU 6 / HCA 0 (distance 4 <= 5), read 0 mode Default
furious-puma-1:172838:173190 [2] NCCL INFO                             + NVL[370.8] - NVS/0-0
furious-puma-1:172843:173166 [7] NCCL INFO GPU Direct RDMA Enabled for GPU 2 / HCA 2 (distance 4 <= 5), read 0 mode Default
furious-puma-1:172838:173190 [2] NCCL INFO + PCI[48.0] - PCI/0-ffffff040 (0)
furious-puma-1:172840:173168 [4] NCCL INFO GPU Direct RDMA Enabled for GPU 7 / HCA 0 (distance 4 <= 5), read 0 mode Default
furious-puma-1:172843:173166 [7] NCCL INFO GPU Direct RDMA Enabled for GPU 3 / HCA 2 (distance 4 <= 5), read 0 mode Default
furious-puma-1:172838:173190 [2] NCCL INFO               + PCI[48.0] - NIC/0-b0000
furious-puma-1:172840:173168 [4] NCCL INFO GPU Direct RDMA Enabled for GPU 0 / HCA 1 (distance 4 <= 5), read 0 mode Default
furious-puma-1:172838:173190 [2] NCCL INFO               + PCI[48.0] - GPU/0-af000 (3)
furious-puma-1:172843:173166 [7] NCCL INFO GPU Direct RDMA Enabled for GPU 4 / HCA 2 (distance 4 <= 5), read 0 mode Default
furious-puma-1:172838:173190 [2] NCCL INFO                             + NVL[370.8] - NVS/0-0
furious-puma-1:172840:173168 [4] NCCL INFO GPU Direct RDMA Enabled for GPU 1 / HCA 1 (distance 4 <= 5), read 0 mode Default
furious-puma-1:172843:173166 [7] NCCL INFO GPU Direct RDMA Enabled for GPU 5 / HCA 2 (distance 4 <= 5), read 0 mode Default
furious-puma-1:172838:173190 [2] NCCL INFO + SYS[22.0] - CPU/0-1
furious-puma-1:172840:173168 [4] NCCL INFO GPU Direct RDMA Enabled for GPU 2 / HCA 1 (distance 4 <= 5), read 0 mode Default
furious-puma-1:172838:173190 [2] NCCL INFO CPU/0-1 (1/1/3)
furious-puma-1:172843:173166 [7] NCCL INFO GPU Direct RDMA Enabled for GPU 6 / HCA 2 (distance 4 <= 5), read 0 mode Default
furious-puma-1:172840:173168 [4] NCCL INFO GPU Direct RDMA Enabled for GPU 3 / HCA 1 (distance 4 <= 5), read 0 mode Default
furious-puma-1:172838:173190 [2] NCCL INFO + PCI[48.0] - PCI/0-ffffff050 (0)
furious-puma-1:172840:173168 [4] NCCL INFO GPU Direct RDMA Enabled for GPU 4 / HCA 1 (distance 4 <= 5), read 0 mode Default
furious-puma-1:172838:173190 [2] NCCL INFO               + PCI[48.0] - NIC/0-c0000
furious-puma-1:172843:173166 [7] NCCL INFO GPU Direct RDMA Enabled for GPU 7 / HCA 2 (distance 4 <= 5), read 0 mode Default
furious-puma-1:172838:173190 [2] NCCL INFO               + PCI[48.0] - GPU/0-bf000 (4)
furious-puma-1:172840:173168 [4] NCCL INFO GPU Direct RDMA Enabled for GPU 5 / HCA 1 (distance 4 <= 5), read 0 mode Default
furious-puma-1:172843:173166 [7] NCCL INFO GPU Direct RDMA Enabled for GPU 0 / HCA 3 (distance 4 <= 5), read 0 mode Default
furious-puma-1:172838:173190 [2] NCCL INFO                             + NVL[370.8] - NVS/0-0
furious-puma-1:172838:173190 [2] NCCL INFO + PCI[48.0] - PCI/0-ffffff060 (0)
furious-puma-1:172843:173166 [7] NCCL INFO GPU Direct RDMA Enabled for GPU 1 / HCA 3 (distance 4 <= 5), read 0 mode Default
furious-puma-1:172838:173190 [2] NCCL INFO               + PCI[48.0] - NIC/0-d0000
furious-puma-1:172840:173168 [4] NCCL INFO GPU Direct RDMA Enabled for GPU 6 / HCA 1 (distance 4 <= 5), read 0 mode Default
furious-puma-1:172838:173190 [2] NCCL INFO               + PCI[48.0] - GPU/0-cf000 (5)
furious-puma-1:172843:173166 [7] NCCL INFO GPU Direct RDMA Enabled for GPU 2 / HCA 3 (distance 4 <= 5), read 0 mode Default
furious-puma-1:172840:173168 [4] NCCL INFO GPU Direct RDMA Enabled for GPU 7 / HCA 1 (distance 4 <= 5), read 0 mode Default
furious-puma-1:172838:173190 [2] NCCL INFO                             + NVL[370.8] - NVS/0-0
furious-puma-1:172843:173166 [7] NCCL INFO GPU Direct RDMA Enabled for GPU 3 / HCA 3 (distance 4 <= 5), read 0 mode Default
furious-puma-1:172838:173190 [2] NCCL INFO + PCI[48.0] - PCI/0-ffffff070 (0)
furious-puma-1:172840:173168 [4] NCCL INFO GPU Direct RDMA Enabled for GPU 0 / HCA 2 (distance 4 <= 5), read 0 mode Default
furious-puma-1:172838:173190 [2] NCCL INFO               + PCI[48.0] - NIC/0-e0000
furious-puma-1:172843:173166 [7] NCCL INFO GPU Direct RDMA Enabled for GPU 4 / HCA 3 (distance 4 <= 5), read 0 mode Default
furious-puma-1:172838:173190 [2] NCCL INFO               + PCI[48.0] - GPU/0-df000 (6)
furious-puma-1:172840:173168 [4] NCCL INFO GPU Direct RDMA Enabled for GPU 1 / HCA 2 (distance 4 <= 5), read 0 mode Default
furious-puma-1:172843:173166 [7] NCCL INFO GPU Direct RDMA Enabled for GPU 5 / HCA 3 (distance 4 <= 5), read 0 mode Default
furious-puma-1:172838:173190 [2] NCCL INFO                             + NVL[370.8] - NVS/0-0
furious-puma-1:172838:173190 [2] NCCL INFO + PCI[48.0] - PCI/0-ffffff080 (0)
furious-puma-1:172843:173166 [7] NCCL INFO GPU Direct RDMA Enabled for GPU 6 / HCA 3 (distance 4 <= 5), read 0 mode Default
furious-puma-1:172840:173168 [4] NCCL INFO GPU Direct RDMA Enabled for GPU 2 / HCA 2 (distance 4 <= 5), read 0 mode Default
furious-puma-1:172838:173190 [2] NCCL INFO               + PCI[48.0] - NIC/0-f0000
furious-puma-1:172843:173166 [7] NCCL INFO GPU Direct RDMA Enabled for GPU 7 / HCA 3 (distance 4 <= 5), read 0 mode Default
furious-puma-1:172838:173190 [2] NCCL INFO               + PCI[48.0] - GPU/0-ef000 (7)
furious-puma-1:172840:173168 [4] NCCL INFO GPU Direct RDMA Enabled for GPU 3 / HCA 2 (distance 4 <= 5), read 0 mode Default
furious-puma-1:172843:173166 [7] NCCL INFO GPU Direct RDMA Enabled for GPU 0 / HCA 4 (distance 4 <= 5), read 0 mode Default
furious-puma-1:172838:173190 [2] NCCL INFO                             + NVL[370.8] - NVS/0-0
furious-puma-1:172843:173166 [7] NCCL INFO GPU Direct RDMA Enabled for GPU 1 / HCA 4 (distance 4 <= 5), read 0 mode Default
furious-puma-1:172838:173190 [2] NCCL INFO + SYS[22.0] - CPU/0-0
furious-puma-1:172840:173168 [4] NCCL INFO GPU Direct RDMA Enabled for GPU 4 / HCA 2 (distance 4 <= 5), read 0 mode Default
furious-puma-1:172843:173166 [7] NCCL INFO GPU Direct RDMA Enabled for GPU 2 / HCA 4 (distance 4 <= 5), read 0 mode Default
furious-puma-1:172838:173190 [2] NCCL INFO ==========================================
furious-puma-1:172843:173166 [7] NCCL INFO GPU Direct RDMA Enabled for GPU 3 / HCA 4 (distance 4 <= 5), read 0 mode Default
furious-puma-1:172840:173168 [4] NCCL INFO GPU Direct RDMA Enabled for GPU 5 / HCA 2 (distance 4 <= 5), read 0 mode Default
furious-puma-1:172843:173166 [7] NCCL INFO GPU Direct RDMA Enabled for GPU 4 / HCA 4 (distance 4 <= 5), read 0 mode Default
furious-puma-1:172840:173168 [4] NCCL INFO GPU Direct RDMA Enabled for GPU 6 / HCA 2 (distance 4 <= 5), read 0 mode Default
furious-puma-1:172843:173166 [7] NCCL INFO GPU Direct RDMA Enabled for GPU 5 / HCA 4 (distance 4 <= 5), read 0 mode Default
furious-puma-1:172838:173190 [2] NCCL INFO GPU/0-7f000 :GPU/0-7f000 (0/5000.0/LOC) GPU/0-8f000 (2/370.8/NVL) GPU/0-9f000 (2/370.8/NVL) GPU/0-af000 (2/370.8/NVL) GPU/0-bf000 (2/370.8/NVL) GPU/0-cf000 (2/370.8/NVL) GPU/0-df000 (2/370.8/NVL) GPU/0-ef000 (2/370.8/NVL) NVS/0-0 (1/370.8/NVL) CPU/0-0 (2/48.0/PHB) CPU/0-1 (3/22.0/SYS) 
furious-puma-1:172843:173166 [7] NCCL INFO GPU Direct RDMA Enabled for GPU 6 / HCA 4 (distance 4 <= 5), read 0 mode Default
furious-puma-1:172840:173168 [4] NCCL INFO GPU Direct RDMA Enabled for GPU 7 / HCA 2 (distance 4 <= 5), read 0 mode Default
furious-puma-1:172843:173166 [7] NCCL INFO GPU Direct RDMA Enabled for GPU 7 / HCA 4 (distance 4 <= 5), read 0 mode Default
furious-puma-1:172840:173168 [4] NCCL INFO GPU Direct RDMA Enabled for GPU 0 / HCA 3 (distance 4 <= 5), read 0 mode Default
furious-puma-1:172843:173166 [7] NCCL INFO GPU Direct RDMA Enabled for GPU 0 / HCA 5 (distance 4 <= 5), read 0 mode Default
furious-puma-1:172838:173190 [2] NCCL INFO GPU/0-8f000 :GPU/0-7f000 (2/370.8/NVL) GPU/0-8f000 (0/5000.0/LOC) GPU/0-9f000 (2/370.8/NVL) GPU/0-af000 (2/370.8/NVL) GPU/0-bf000 (2/370.8/NVL) GPU/0-cf000 (2/370.8/NVL) GPU/0-df000 (2/370.8/NVL) GPU/0-ef000 (2/370.8/NVL) NVS/0-0 (1/370.8/NVL) CPU/0-0 (2/48.0/PHB) CPU/0-1 (3/22.0/SYS) 
furious-puma-1:172843:173166 [7] NCCL INFO GPU Direct RDMA Enabled for GPU 1 / HCA 5 (distance 4 <= 5), read 0 mode Default
furious-puma-1:172840:173168 [4] NCCL INFO GPU Direct RDMA Enabled for GPU 1 / HCA 3 (distance 4 <= 5), read 0 mode Default
furious-puma-1:172843:173166 [7] NCCL INFO GPU Direct RDMA Enabled for GPU 2 / HCA 5 (distance 4 <= 5), read 0 mode Default
furious-puma-1:172840:173168 [4] NCCL INFO GPU Direct RDMA Enabled for GPU 2 / HCA 3 (distance 4 <= 5), read 0 mode Default
furious-puma-1:172843:173166 [7] NCCL INFO GPU Direct RDMA Enabled for GPU 3 / HCA 5 (distance 4 <= 5), read 0 mode Default
furious-puma-1:172840:173168 [4] NCCL INFO GPU Direct RDMA Enabled for GPU 3 / HCA 3 (distance 4 <= 5), read 0 mode Default
furious-puma-1:172838:173190 [2] NCCL INFO GPU/0-9f000 :GPU/0-7f000 (2/370.8/NVL) GPU/0-8f000 (2/370.8/NVL) GPU/0-9f000 (0/5000.0/LOC) GPU/0-af000 (2/370.8/NVL) GPU/0-bf000 (2/370.8/NVL) GPU/0-cf000 (2/370.8/NVL) GPU/0-df000 (2/370.8/NVL) GPU/0-ef000 (2/370.8/NVL) NVS/0-0 (1/370.8/NVL) CPU/0-0 (2/48.0/PHB) CPU/0-1 (3/22.0/SYS) 
furious-puma-1:172843:173166 [7] NCCL INFO GPU Direct RDMA Enabled for GPU 4 / HCA 5 (distance 4 <= 5), read 0 mode Default
furious-puma-1:172840:173168 [4] NCCL INFO GPU Direct RDMA Enabled for GPU 4 / HCA 3 (distance 4 <= 5), read 0 mode Default
furious-puma-1:172843:173166 [7] NCCL INFO GPU Direct RDMA Enabled for GPU 5 / HCA 5 (distance 4 <= 5), read 0 mode Default
furious-puma-1:172840:173168 [4] NCCL INFO GPU Direct RDMA Enabled for GPU 5 / HCA 3 (distance 4 <= 5), read 0 mode Default
furious-puma-1:172843:173166 [7] NCCL INFO GPU Direct RDMA Enabled for GPU 6 / HCA 5 (distance 4 <= 5), read 0 mode Default
furious-puma-1:172838:173190 [2] NCCL INFO GPU/0-af000 :GPU/0-7f000 (2/370.8/NVL) GPU/0-8f000 (2/370.8/NVL) GPU/0-9f000 (2/370.8/NVL) GPU/0-af000 (0/5000.0/LOC) GPU/0-bf000 (2/370.8/NVL) GPU/0-cf000 (2/370.8/NVL) GPU/0-df000 (2/370.8/NVL) GPU/0-ef000 (2/370.8/NVL) NVS/0-0 (1/370.8/NVL) CPU/0-0 (2/48.0/PHB) CPU/0-1 (3/22.0/SYS) 
furious-puma-1:172840:173168 [4] NCCL INFO GPU Direct RDMA Enabled for GPU 6 / HCA 3 (distance 4 <= 5), read 0 mode Default
furious-puma-1:172843:173166 [7] NCCL INFO GPU Direct RDMA Enabled for GPU 7 / HCA 5 (distance 4 <= 5), read 0 mode Default
furious-puma-1:172843:173166 [7] NCCL INFO GPU Direct RDMA Enabled for GPU 0 / HCA 6 (distance 4 <= 5), read 0 mode Default
furious-puma-1:172840:173168 [4] NCCL INFO GPU Direct RDMA Enabled for GPU 7 / HCA 3 (distance 4 <= 5), read 0 mode Default
furious-puma-1:172843:173166 [7] NCCL INFO GPU Direct RDMA Enabled for GPU 1 / HCA 6 (distance 4 <= 5), read 0 mode Default
furious-puma-1:172838:173190 [2] NCCL INFO GPU/0-bf000 :GPU/0-7f000 (2/370.8/NVL) GPU/0-8f000 (2/370.8/NVL) GPU/0-9f000 (2/370.8/NVL) GPU/0-af000 (2/370.8/NVL) GPU/0-bf000 (0/5000.0/LOC) GPU/0-cf000 (2/370.8/NVL) GPU/0-df000 (2/370.8/NVL) GPU/0-ef000 (2/370.8/NVL) NVS/0-0 (1/370.8/NVL) CPU/0-0 (3/22.0/SYS) CPU/0-1 (2/48.0/PHB) 
furious-puma-1:172840:173168 [4] NCCL INFO GPU Direct RDMA Enabled for GPU 0 / HCA 4 (distance 4 <= 5), read 0 mode Default
furious-puma-1:172843:173166 [7] NCCL INFO GPU Direct RDMA Enabled for GPU 2 / HCA 6 (distance 4 <= 5), read 0 mode Default
furious-puma-1:172843:173166 [7] NCCL INFO GPU Direct RDMA Enabled for GPU 3 / HCA 6 (distance 4 <= 5), read 0 mode Default
furious-puma-1:172840:173168 [4] NCCL INFO GPU Direct RDMA Enabled for GPU 1 / HCA 4 (distance 4 <= 5), read 0 mode Default
furious-puma-1:172838:173190 [2] NCCL INFO GPU/0-cf000 :GPU/0-7f000 (2/370.8/NVL) GPU/0-8f000 (2/370.8/NVL) GPU/0-9f000 (2/370.8/NVL) GPU/0-af000 (2/370.8/NVL) GPU/0-bf000 (2/370.8/NVL) GPU/0-cf000 (0/5000.0/LOC) GPU/0-df000 (2/370.8/NVL) GPU/0-ef000 (2/370.8/NVL) NVS/0-0 (1/370.8/NVL) CPU/0-0 (3/22.0/SYS) CPU/0-1 (2/48.0/PHB) 
furious-puma-1:172843:173166 [7] NCCL INFO GPU Direct RDMA Enabled for GPU 4 / HCA 6 (distance 4 <= 5), read 0 mode Default
furious-puma-1:172840:173168 [4] NCCL INFO GPU Direct RDMA Enabled for GPU 2 / HCA 4 (distance 4 <= 5), read 0 mode Default
furious-puma-1:172843:173166 [7] NCCL INFO GPU Direct RDMA Enabled for GPU 5 / HCA 6 (distance 4 <= 5), read 0 mode Default
furious-puma-1:172840:173168 [4] NCCL INFO GPU Direct RDMA Enabled for GPU 3 / HCA 4 (distance 4 <= 5), read 0 mode Default
furious-puma-1:172843:173166 [7] NCCL INFO GPU Direct RDMA Enabled for GPU 6 / HCA 6 (distance 4 <= 5), read 0 mode Default
furious-puma-1:172838:173190 [2] NCCL INFO GPU/0-df000 :GPU/0-7f000 (2/370.8/NVL) GPU/0-8f000 (2/370.8/NVL) GPU/0-9f000 (2/370.8/NVL) GPU/0-af000 (2/370.8/NVL) GPU/0-bf000 (2/370.8/NVL) GPU/0-cf000 (2/370.8/NVL) GPU/0-df000 (0/5000.0/LOC) GPU/0-ef000 (2/370.8/NVL) NVS/0-0 (1/370.8/NVL) CPU/0-0 (3/22.0/SYS) CPU/0-1 (2/48.0/PHB) 
furious-puma-1:172843:173166 [7] NCCL INFO GPU Direct RDMA Enabled for GPU 7 / HCA 6 (distance 4 <= 5), read 0 mode Default
furious-puma-1:172840:173168 [4] NCCL INFO GPU Direct RDMA Enabled for GPU 4 / HCA 4 (distance 4 <= 5), read 0 mode Default
furious-puma-1:172843:173166 [7] NCCL INFO GPU Direct RDMA Enabled for GPU 0 / HCA 7 (distance 4 <= 5), read 0 mode Default
furious-puma-1:172840:173168 [4] NCCL INFO GPU Direct RDMA Enabled for GPU 5 / HCA 4 (distance 4 <= 5), read 0 mode Default
furious-puma-1:172843:173166 [7] NCCL INFO GPU Direct RDMA Enabled for GPU 1 / HCA 7 (distance 4 <= 5), read 0 mode Default
furious-puma-1:172838:173190 [2] NCCL INFO GPU/0-ef000 :GPU/0-7f000 (2/370.8/NVL) GPU/0-8f000 (2/370.8/NVL) GPU/0-9f000 (2/370.8/NVL) GPU/0-af000 (2/370.8/NVL) GPU/0-bf000 (2/370.8/NVL) GPU/0-cf000 (2/370.8/NVL) GPU/0-df000 (2/370.8/NVL) GPU/0-ef000 (0/5000.0/LOC) NVS/0-0 (1/370.8/NVL) CPU/0-0 (3/22.0/SYS) CPU/0-1 (2/48.0/PHB) 
furious-puma-1:172840:173168 [4] NCCL INFO GPU Direct RDMA Enabled for GPU 6 / HCA 4 (distance 4 <= 5), read 0 mode Default
furious-puma-1:172843:173166 [7] NCCL INFO GPU Direct RDMA Enabled for GPU 2 / HCA 7 (distance 4 <= 5), read 0 mode Default
furious-puma-1:172843:173166 [7] NCCL INFO GPU Direct RDMA Enabled for GPU 3 / HCA 7 (distance 4 <= 5), read 0 mode Default
furious-puma-1:172840:173168 [4] NCCL INFO GPU Direct RDMA Enabled for GPU 7 / HCA 4 (distance 4 <= 5), read 0 mode Default
furious-puma-1:172843:173166 [7] NCCL INFO GPU Direct RDMA Enabled for GPU 4 / HCA 7 (distance 4 <= 5), read 0 mode Default
furious-puma-1:172840:173168 [4] NCCL INFO GPU Direct RDMA Enabled for GPU 0 / HCA 5 (distance 4 <= 5), read 0 mode Default
furious-puma-1:172843:173166 [7] NCCL INFO GPU Direct RDMA Enabled for GPU 5 / HCA 7 (distance 4 <= 5), read 0 mode Default
furious-puma-1:172838:173190 [2] NCCL INFO Setting affinity for GPU 2 to 0-79
furious-puma-1:172843:173166 [7] NCCL INFO GPU Direct RDMA Enabled for GPU 6 / HCA 7 (distance 4 <= 5), read 0 mode Default
furious-puma-1:172840:173168 [4] NCCL INFO GPU Direct RDMA Enabled for GPU 1 / HCA 5 (distance 4 <= 5), read 0 mode Default
furious-puma-1:172843:173166 [7] NCCL INFO GPU Direct RDMA Enabled for GPU 7 / HCA 7 (distance 4 <= 5), read 0 mode Default
furious-puma-1:172840:173168 [4] NCCL INFO GPU Direct RDMA Enabled for GPU 2 / HCA 5 (distance 4 <= 5), read 0 mode Default
furious-puma-1:172840:173168 [4] NCCL INFO GPU Direct RDMA Enabled for GPU 3 / HCA 5 (distance 4 <= 5), read 0 mode Default
furious-puma-1:172840:173168 [4] NCCL INFO GPU Direct RDMA Enabled for GPU 4 / HCA 5 (distance 4 <= 5), read 0 mode Default
furious-puma-1:172840:173168 [4] NCCL INFO GPU Direct RDMA Enabled for GPU 5 / HCA 5 (distance 4 <= 5), read 0 mode Default
furious-puma-1:172840:173168 [4] NCCL INFO GPU Direct RDMA Enabled for GPU 6 / HCA 5 (distance 4 <= 5), read 0 mode Default
furious-puma-1:172840:173168 [4] NCCL INFO GPU Direct RDMA Enabled for GPU 7 / HCA 5 (distance 4 <= 5), read 0 mode Default
furious-puma-1:172840:173168 [4] NCCL INFO GPU Direct RDMA Enabled for GPU 0 / HCA 6 (distance 4 <= 5), read 0 mode Default
furious-puma-1:172840:173168 [4] NCCL INFO GPU Direct RDMA Enabled for GPU 1 / HCA 6 (distance 4 <= 5), read 0 mode Default
furious-puma-1:172840:173168 [4] NCCL INFO GPU Direct RDMA Enabled for GPU 2 / HCA 6 (distance 4 <= 5), read 0 mode Default
furious-puma-1:172838:173190 [2] NCCL INFO NVLS multicast support is available on dev 2 (NVLS_NCHANNELS 16)
furious-puma-1:172840:173168 [4] NCCL INFO GPU Direct RDMA Enabled for GPU 3 / HCA 6 (distance 4 <= 5), read 0 mode Default
furious-puma-1:172840:173168 [4] NCCL INFO GPU Direct RDMA Enabled for GPU 4 / HCA 6 (distance 4 <= 5), read 0 mode Default
furious-puma-1:172840:173168 [4] NCCL INFO GPU Direct RDMA Enabled for GPU 5 / HCA 6 (distance 4 <= 5), read 0 mode Default
furious-puma-1:172840:173168 [4] NCCL INFO GPU Direct RDMA Enabled for GPU 6 / HCA 6 (distance 4 <= 5), read 0 mode Default
furious-puma-1:172840:173168 [4] NCCL INFO GPU Direct RDMA Enabled for GPU 7 / HCA 6 (distance 4 <= 5), read 0 mode Default
furious-puma-1:172840:173168 [4] NCCL INFO GPU Direct RDMA Enabled for GPU 0 / HCA 7 (distance 4 <= 5), read 0 mode Default
furious-puma-1:172840:173168 [4] NCCL INFO GPU Direct RDMA Enabled for GPU 1 / HCA 7 (distance 4 <= 5), read 0 mode Default
furious-puma-1:172840:173168 [4] NCCL INFO GPU Direct RDMA Enabled for GPU 2 / HCA 7 (distance 4 <= 5), read 0 mode Default
furious-puma-1:172840:173168 [4] NCCL INFO GPU Direct RDMA Enabled for GPU 3 / HCA 7 (distance 4 <= 5), read 0 mode Default
furious-puma-1:172840:173168 [4] NCCL INFO GPU Direct RDMA Enabled for GPU 4 / HCA 7 (distance 4 <= 5), read 0 mode Default
furious-puma-1:172840:173168 [4] NCCL INFO GPU Direct RDMA Enabled for GPU 5 / HCA 7 (distance 4 <= 5), read 0 mode Default
furious-puma-1:172840:173168 [4] NCCL INFO GPU Direct RDMA Enabled for GPU 6 / HCA 7 (distance 4 <= 5), read 0 mode Default
furious-puma-1:172840:173168 [4] NCCL INFO GPU Direct RDMA Enabled for GPU 7 / HCA 7 (distance 4 <= 5), read 0 mode Default
furious-puma-1:172842:173165 [6] NCCL INFO GPU Direct RDMA Enabled for GPU 0 / HCA 0 (distance 4 <= 5), read 0 mode Default
furious-puma-1:172842:173165 [6] NCCL INFO GPU Direct RDMA Enabled for GPU 1 / HCA 0 (distance 4 <= 5), read 0 mode Default
furious-puma-1:172842:173165 [6] NCCL INFO GPU Direct RDMA Enabled for GPU 2 / HCA 0 (distance 4 <= 5), read 0 mode Default
furious-puma-1:172842:173165 [6] NCCL INFO GPU Direct RDMA Enabled for GPU 3 / HCA 0 (distance 4 <= 5), read 0 mode Default
furious-puma-1:172842:173165 [6] NCCL INFO GPU Direct RDMA Enabled for GPU 4 / HCA 0 (distance 4 <= 5), read 0 mode Default
furious-puma-1:172842:173165 [6] NCCL INFO GPU Direct RDMA Enabled for GPU 5 / HCA 0 (distance 4 <= 5), read 0 mode Default
furious-puma-1:172842:173165 [6] NCCL INFO GPU Direct RDMA Enabled for GPU 6 / HCA 0 (distance 4 <= 5), read 0 mode Default
furious-puma-1:172842:173165 [6] NCCL INFO GPU Direct RDMA Enabled for GPU 7 / HCA 0 (distance 4 <= 5), read 0 mode Default
furious-puma-1:172842:173165 [6] NCCL INFO GPU Direct RDMA Enabled for GPU 0 / HCA 1 (distance 4 <= 5), read 0 mode Default
furious-puma-1:172842:173165 [6] NCCL INFO GPU Direct RDMA Enabled for GPU 1 / HCA 1 (distance 4 <= 5), read 0 mode Default
furious-puma-1:172842:173165 [6] NCCL INFO GPU Direct RDMA Enabled for GPU 2 / HCA 1 (distance 4 <= 5), read 0 mode Default
furious-puma-1:172842:173165 [6] NCCL INFO GPU Direct RDMA Enabled for GPU 3 / HCA 1 (distance 4 <= 5), read 0 mode Default
furious-puma-1:172842:173165 [6] NCCL INFO GPU Direct RDMA Enabled for GPU 4 / HCA 1 (distance 4 <= 5), read 0 mode Default
furious-puma-1:172842:173165 [6] NCCL INFO GPU Direct RDMA Enabled for GPU 5 / HCA 1 (distance 4 <= 5), read 0 mode Default
furious-puma-1:172842:173165 [6] NCCL INFO GPU Direct RDMA Enabled for GPU 6 / HCA 1 (distance 4 <= 5), read 0 mode Default
furious-puma-1:172842:173165 [6] NCCL INFO GPU Direct RDMA Enabled for GPU 7 / HCA 1 (distance 4 <= 5), read 0 mode Default
furious-puma-1:172842:173165 [6] NCCL INFO GPU Direct RDMA Enabled for GPU 0 / HCA 2 (distance 4 <= 5), read 0 mode Default
furious-puma-1:172842:173165 [6] NCCL INFO GPU Direct RDMA Enabled for GPU 1 / HCA 2 (distance 4 <= 5), read 0 mode Default
furious-puma-1:172842:173165 [6] NCCL INFO GPU Direct RDMA Enabled for GPU 2 / HCA 2 (distance 4 <= 5), read 0 mode Default
furious-puma-1:172842:173165 [6] NCCL INFO GPU Direct RDMA Enabled for GPU 3 / HCA 2 (distance 4 <= 5), read 0 mode Default
furious-puma-1:172842:173165 [6] NCCL INFO GPU Direct RDMA Enabled for GPU 4 / HCA 2 (distance 4 <= 5), read 0 mode Default
furious-puma-1:172842:173165 [6] NCCL INFO GPU Direct RDMA Enabled for GPU 5 / HCA 2 (distance 4 <= 5), read 0 mode Default
furious-puma-1:172842:173165 [6] NCCL INFO GPU Direct RDMA Enabled for GPU 6 / HCA 2 (distance 4 <= 5), read 0 mode Default
furious-puma-1:172842:173165 [6] NCCL INFO GPU Direct RDMA Enabled for GPU 7 / HCA 2 (distance 4 <= 5), read 0 mode Default
furious-puma-1:172842:173165 [6] NCCL INFO GPU Direct RDMA Enabled for GPU 0 / HCA 3 (distance 4 <= 5), read 0 mode Default
furious-puma-1:172842:173165 [6] NCCL INFO GPU Direct RDMA Enabled for GPU 1 / HCA 3 (distance 4 <= 5), read 0 mode Default
furious-puma-1:172842:173165 [6] NCCL INFO GPU Direct RDMA Enabled for GPU 2 / HCA 3 (distance 4 <= 5), read 0 mode Default
furious-puma-1:172842:173165 [6] NCCL INFO GPU Direct RDMA Enabled for GPU 3 / HCA 3 (distance 4 <= 5), read 0 mode Default
furious-puma-1:172842:173165 [6] NCCL INFO GPU Direct RDMA Enabled for GPU 4 / HCA 3 (distance 4 <= 5), read 0 mode Default
furious-puma-1:172842:173165 [6] NCCL INFO GPU Direct RDMA Enabled for GPU 5 / HCA 3 (distance 4 <= 5), read 0 mode Default
furious-puma-1:172842:173165 [6] NCCL INFO GPU Direct RDMA Enabled for GPU 6 / HCA 3 (distance 4 <= 5), read 0 mode Default
furious-puma-1:172842:173165 [6] NCCL INFO GPU Direct RDMA Enabled for GPU 7 / HCA 3 (distance 4 <= 5), read 0 mode Default
furious-puma-1:172842:173165 [6] NCCL INFO GPU Direct RDMA Enabled for GPU 0 / HCA 4 (distance 4 <= 5), read 0 mode Default
furious-puma-1:172842:173165 [6] NCCL INFO GPU Direct RDMA Enabled for GPU 1 / HCA 4 (distance 4 <= 5), read 0 mode Default
furious-puma-1:172842:173165 [6] NCCL INFO GPU Direct RDMA Enabled for GPU 2 / HCA 4 (distance 4 <= 5), read 0 mode Default
furious-puma-1:172842:173165 [6] NCCL INFO GPU Direct RDMA Enabled for GPU 3 / HCA 4 (distance 4 <= 5), read 0 mode Default
furious-puma-1:172842:173165 [6] NCCL INFO GPU Direct RDMA Enabled for GPU 4 / HCA 4 (distance 4 <= 5), read 0 mode Default
furious-puma-1:172842:173165 [6] NCCL INFO GPU Direct RDMA Enabled for GPU 5 / HCA 4 (distance 4 <= 5), read 0 mode Default
furious-puma-1:172842:173165 [6] NCCL INFO GPU Direct RDMA Enabled for GPU 6 / HCA 4 (distance 4 <= 5), read 0 mode Default
furious-puma-1:172842:173165 [6] NCCL INFO GPU Direct RDMA Enabled for GPU 7 / HCA 4 (distance 4 <= 5), read 0 mode Default
furious-puma-1:172842:173165 [6] NCCL INFO GPU Direct RDMA Enabled for GPU 0 / HCA 5 (distance 4 <= 5), read 0 mode Default
furious-puma-1:172842:173165 [6] NCCL INFO GPU Direct RDMA Enabled for GPU 1 / HCA 5 (distance 4 <= 5), read 0 mode Default
furious-puma-1:172842:173165 [6] NCCL INFO GPU Direct RDMA Enabled for GPU 2 / HCA 5 (distance 4 <= 5), read 0 mode Default
furious-puma-1:172842:173165 [6] NCCL INFO GPU Direct RDMA Enabled for GPU 3 / HCA 5 (distance 4 <= 5), read 0 mode Default
furious-puma-1:172842:173165 [6] NCCL INFO GPU Direct RDMA Enabled for GPU 4 / HCA 5 (distance 4 <= 5), read 0 mode Default
furious-puma-1:172842:173165 [6] NCCL INFO GPU Direct RDMA Enabled for GPU 5 / HCA 5 (distance 4 <= 5), read 0 mode Default
furious-puma-1:172842:173165 [6] NCCL INFO GPU Direct RDMA Enabled for GPU 6 / HCA 5 (distance 4 <= 5), read 0 mode Default
furious-puma-1:172842:173165 [6] NCCL INFO GPU Direct RDMA Enabled for GPU 7 / HCA 5 (distance 4 <= 5), read 0 mode Default
furious-puma-1:172842:173165 [6] NCCL INFO GPU Direct RDMA Enabled for GPU 0 / HCA 6 (distance 4 <= 5), read 0 mode Default
furious-puma-1:172842:173165 [6] NCCL INFO GPU Direct RDMA Enabled for GPU 1 / HCA 6 (distance 4 <= 5), read 0 mode Default
furious-puma-1:172842:173165 [6] NCCL INFO GPU Direct RDMA Enabled for GPU 2 / HCA 6 (distance 4 <= 5), read 0 mode Default
furious-puma-1:172842:173165 [6] NCCL INFO GPU Direct RDMA Enabled for GPU 3 / HCA 6 (distance 4 <= 5), read 0 mode Default
furious-puma-1:172842:173165 [6] NCCL INFO GPU Direct RDMA Enabled for GPU 4 / HCA 6 (distance 4 <= 5), read 0 mode Default
furious-puma-1:172842:173165 [6] NCCL INFO GPU Direct RDMA Enabled for GPU 5 / HCA 6 (distance 4 <= 5), read 0 mode Default
furious-puma-1:172842:173165 [6] NCCL INFO GPU Direct RDMA Enabled for GPU 6 / HCA 6 (distance 4 <= 5), read 0 mode Default
furious-puma-1:172842:173165 [6] NCCL INFO GPU Direct RDMA Enabled for GPU 7 / HCA 6 (distance 4 <= 5), read 0 mode Default
furious-puma-1:172842:173165 [6] NCCL INFO GPU Direct RDMA Enabled for GPU 0 / HCA 7 (distance 4 <= 5), read 0 mode Default
furious-puma-1:172842:173165 [6] NCCL INFO GPU Direct RDMA Enabled for GPU 1 / HCA 7 (distance 4 <= 5), read 0 mode Default
furious-puma-1:172842:173165 [6] NCCL INFO GPU Direct RDMA Enabled for GPU 2 / HCA 7 (distance 4 <= 5), read 0 mode Default
furious-puma-1:172842:173165 [6] NCCL INFO GPU Direct RDMA Enabled for GPU 3 / HCA 7 (distance 4 <= 5), read 0 mode Default
furious-puma-1:172842:173165 [6] NCCL INFO GPU Direct RDMA Enabled for GPU 4 / HCA 7 (distance 4 <= 5), read 0 mode Default
furious-puma-1:172842:173165 [6] NCCL INFO GPU Direct RDMA Enabled for GPU 5 / HCA 7 (distance 4 <= 5), read 0 mode Default
furious-puma-1:172842:173165 [6] NCCL INFO GPU Direct RDMA Enabled for GPU 6 / HCA 7 (distance 4 <= 5), read 0 mode Default
furious-puma-1:172842:173165 [6] NCCL INFO GPU Direct RDMA Enabled for GPU 7 / HCA 7 (distance 4 <= 5), read 0 mode Default
furious-puma-1:172836:173187 [0] NCCL INFO === System : maxBw 370.8 totalBw 370.8 ===
furious-puma-1:172836:173187 [0] NCCL INFO CPU/0-0 (1/1/3)
furious-puma-1:172836:173187 [0] NCCL INFO + PCI[48.0] - PCI/0-ffffff010 (0)
furious-puma-1:172836:173187 [0] NCCL INFO               + PCI[48.0] - GPU/0-7f000 (0)
furious-puma-1:172836:173187 [0] NCCL INFO                             + NVL[370.8] - NVS/0-0
furious-puma-1:172836:173187 [0] NCCL INFO               + PCI[48.0] - NIC/0-80000
furious-puma-1:172836:173187 [0] NCCL INFO + PCI[48.0] - PCI/0-ffffff020 (0)
furious-puma-1:172836:173187 [0] NCCL INFO               + PCI[48.0] - NIC/0-90000
furious-puma-1:172836:173187 [0] NCCL INFO               + PCI[48.0] - GPU/0-8f000 (1)
furious-puma-1:172836:173187 [0] NCCL INFO                             + NVL[370.8] - NVS/0-0
furious-puma-1:172836:173187 [0] NCCL INFO + PCI[48.0] - PCI/0-ffffff030 (0)
furious-puma-1:172836:173187 [0] NCCL INFO               + PCI[48.0] - NIC/0-a0000
furious-puma-1:172836:173187 [0] NCCL INFO               + PCI[48.0] - GPU/0-9f000 (2)
furious-puma-1:172836:173187 [0] NCCL INFO                             + NVL[370.8] - NVS/0-0
furious-puma-1:172836:173187 [0] NCCL INFO + PCI[48.0] - PCI/0-ffffff040 (0)
furious-puma-1:172836:173187 [0] NCCL INFO               + PCI[48.0] - NIC/0-b0000
furious-puma-1:172836:173187 [0] NCCL INFO               + PCI[48.0] - GPU/0-af000 (3)
furious-puma-1:172836:173187 [0] NCCL INFO                             + NVL[370.8] - NVS/0-0
furious-puma-1:172836:173187 [0] NCCL INFO + SYS[22.0] - CPU/0-1
furious-puma-1:172836:173187 [0] NCCL INFO CPU/0-1 (1/1/3)
furious-puma-1:172836:173187 [0] NCCL INFO + PCI[48.0] - PCI/0-ffffff050 (0)
furious-puma-1:172836:173187 [0] NCCL INFO               + PCI[48.0] - NIC/0-c0000
furious-puma-1:172836:173187 [0] NCCL INFO               + PCI[48.0] - GPU/0-bf000 (4)
furious-puma-1:172836:173187 [0] NCCL INFO                             + NVL[370.8] - NVS/0-0
furious-puma-1:172836:173187 [0] NCCL INFO + PCI[48.0] - PCI/0-ffffff060 (0)
furious-puma-1:172836:173187 [0] NCCL INFO               + PCI[48.0] - NIC/0-d0000
furious-puma-1:172836:173187 [0] NCCL INFO               + PCI[48.0] - GPU/0-cf000 (5)
furious-puma-1:172836:173187 [0] NCCL INFO                             + NVL[370.8] - NVS/0-0
furious-puma-1:172836:173187 [0] NCCL INFO + PCI[48.0] - PCI/0-ffffff070 (0)
furious-puma-1:172836:173187 [0] NCCL INFO               + PCI[48.0] - NIC/0-e0000
furious-puma-1:172836:173187 [0] NCCL INFO               + PCI[48.0] - GPU/0-df000 (6)
furious-puma-1:172836:173187 [0] NCCL INFO                             + NVL[370.8] - NVS/0-0
furious-puma-1:172836:173187 [0] NCCL INFO + PCI[48.0] - PCI/0-ffffff080 (0)
furious-puma-1:172836:173187 [0] NCCL INFO               + PCI[48.0] - NIC/0-f0000
furious-puma-1:172836:173187 [0] NCCL INFO               + PCI[48.0] - GPU/0-ef000 (7)
furious-puma-1:172836:173187 [0] NCCL INFO                             + NVL[370.8] - NVS/0-0
furious-puma-1:172836:173187 [0] NCCL INFO + SYS[22.0] - CPU/0-0
furious-puma-1:172836:173187 [0] NCCL INFO ==========================================
furious-puma-1:172836:173187 [0] NCCL INFO GPU/0-7f000 :GPU/0-7f000 (0/5000.0/LOC) GPU/0-8f000 (2/370.8/NVL) GPU/0-9f000 (2/370.8/NVL) GPU/0-af000 (2/370.8/NVL) GPU/0-bf000 (2/370.8/NVL) GPU/0-cf000 (2/370.8/NVL) GPU/0-df000 (2/370.8/NVL) GPU/0-ef000 (2/370.8/NVL) NVS/0-0 (1/370.8/NVL) CPU/0-0 (2/48.0/PHB) CPU/0-1 (3/22.0/SYS) 
furious-puma-1:172836:173187 [0] NCCL INFO GPU/0-8f000 :GPU/0-7f000 (2/370.8/NVL) GPU/0-8f000 (0/5000.0/LOC) GPU/0-9f000 (2/370.8/NVL) GPU/0-af000 (2/370.8/NVL) GPU/0-bf000 (2/370.8/NVL) GPU/0-cf000 (2/370.8/NVL) GPU/0-df000 (2/370.8/NVL) GPU/0-ef000 (2/370.8/NVL) NVS/0-0 (1/370.8/NVL) CPU/0-0 (2/48.0/PHB) CPU/0-1 (3/22.0/SYS) 
furious-puma-1:172836:173187 [0] NCCL INFO GPU/0-9f000 :GPU/0-7f000 (2/370.8/NVL) GPU/0-8f000 (2/370.8/NVL) GPU/0-9f000 (0/5000.0/LOC) GPU/0-af000 (2/370.8/NVL) GPU/0-bf000 (2/370.8/NVL) GPU/0-cf000 (2/370.8/NVL) GPU/0-df000 (2/370.8/NVL) GPU/0-ef000 (2/370.8/NVL) NVS/0-0 (1/370.8/NVL) CPU/0-0 (2/48.0/PHB) CPU/0-1 (3/22.0/SYS) 
furious-puma-1:172836:173187 [0] NCCL INFO GPU/0-af000 :GPU/0-7f000 (2/370.8/NVL) GPU/0-8f000 (2/370.8/NVL) GPU/0-9f000 (2/370.8/NVL) GPU/0-af000 (0/5000.0/LOC) GPU/0-bf000 (2/370.8/NVL) GPU/0-cf000 (2/370.8/NVL) GPU/0-df000 (2/370.8/NVL) GPU/0-ef000 (2/370.8/NVL) NVS/0-0 (1/370.8/NVL) CPU/0-0 (2/48.0/PHB) CPU/0-1 (3/22.0/SYS) 
furious-puma-1:172836:173187 [0] NCCL INFO GPU/0-bf000 :GPU/0-7f000 (2/370.8/NVL) GPU/0-8f000 (2/370.8/NVL) GPU/0-9f000 (2/370.8/NVL) GPU/0-af000 (2/370.8/NVL) GPU/0-bf000 (0/5000.0/LOC) GPU/0-cf000 (2/370.8/NVL) GPU/0-df000 (2/370.8/NVL) GPU/0-ef000 (2/370.8/NVL) NVS/0-0 (1/370.8/NVL) CPU/0-0 (3/22.0/SYS) CPU/0-1 (2/48.0/PHB) 
furious-puma-1:172836:173187 [0] NCCL INFO GPU/0-cf000 :GPU/0-7f000 (2/370.8/NVL) GPU/0-8f000 (2/370.8/NVL) GPU/0-9f000 (2/370.8/NVL) GPU/0-af000 (2/370.8/NVL) GPU/0-bf000 (2/370.8/NVL) GPU/0-cf000 (0/5000.0/LOC) GPU/0-df000 (2/370.8/NVL) GPU/0-ef000 (2/370.8/NVL) NVS/0-0 (1/370.8/NVL) CPU/0-0 (3/22.0/SYS) CPU/0-1 (2/48.0/PHB) 
furious-puma-1:172836:173187 [0] NCCL INFO GPU/0-df000 :GPU/0-7f000 (2/370.8/NVL) GPU/0-8f000 (2/370.8/NVL) GPU/0-9f000 (2/370.8/NVL) GPU/0-af000 (2/370.8/NVL) GPU/0-bf000 (2/370.8/NVL) GPU/0-cf000 (2/370.8/NVL) GPU/0-df000 (0/5000.0/LOC) GPU/0-ef000 (2/370.8/NVL) NVS/0-0 (1/370.8/NVL) CPU/0-0 (3/22.0/SYS) CPU/0-1 (2/48.0/PHB) 
furious-puma-1:172836:173187 [0] NCCL INFO GPU/0-ef000 :GPU/0-7f000 (2/370.8/NVL) GPU/0-8f000 (2/370.8/NVL) GPU/0-9f000 (2/370.8/NVL) GPU/0-af000 (2/370.8/NVL) GPU/0-bf000 (2/370.8/NVL) GPU/0-cf000 (2/370.8/NVL) GPU/0-df000 (2/370.8/NVL) GPU/0-ef000 (0/5000.0/LOC) NVS/0-0 (1/370.8/NVL) CPU/0-0 (3/22.0/SYS) CPU/0-1 (2/48.0/PHB) 
furious-puma-1:172836:173187 [0] NCCL INFO Setting affinity for GPU 0 to 0-79
furious-puma-1:172836:173187 [0] NCCL INFO NVLS multicast support is available on dev 0 (NVLS_NCHANNELS 16)
furious-puma-1:172837:173189 [1] NCCL INFO === System : maxBw 370.8 totalBw 370.8 ===
furious-puma-1:172837:173189 [1] NCCL INFO CPU/0-0 (1/1/3)
furious-puma-1:172837:173189 [1] NCCL INFO + PCI[48.0] - PCI/0-ffffff010 (0)
furious-puma-1:172837:173189 [1] NCCL INFO               + PCI[48.0] - GPU/0-7f000 (0)
furious-puma-1:172837:173189 [1] NCCL INFO                             + NVL[370.8] - NVS/0-0
furious-puma-1:172837:173189 [1] NCCL INFO               + PCI[48.0] - NIC/0-80000
furious-puma-1:172837:173189 [1] NCCL INFO + PCI[48.0] - PCI/0-ffffff020 (0)
furious-puma-1:172837:173189 [1] NCCL INFO               + PCI[48.0] - NIC/0-90000
furious-puma-1:172837:173189 [1] NCCL INFO               + PCI[48.0] - GPU/0-8f000 (1)
furious-puma-1:172837:173189 [1] NCCL INFO                             + NVL[370.8] - NVS/0-0
furious-puma-1:172837:173189 [1] NCCL INFO + PCI[48.0] - PCI/0-ffffff030 (0)
furious-puma-1:172837:173189 [1] NCCL INFO               + PCI[48.0] - NIC/0-a0000
furious-puma-1:172837:173189 [1] NCCL INFO               + PCI[48.0] - GPU/0-9f000 (2)
furious-puma-1:172837:173189 [1] NCCL INFO                             + NVL[370.8] - NVS/0-0
furious-puma-1:172837:173189 [1] NCCL INFO + PCI[48.0] - PCI/0-ffffff040 (0)
furious-puma-1:172837:173189 [1] NCCL INFO               + PCI[48.0] - NIC/0-b0000
furious-puma-1:172837:173189 [1] NCCL INFO               + PCI[48.0] - GPU/0-af000 (3)
furious-puma-1:172837:173189 [1] NCCL INFO                             + NVL[370.8] - NVS/0-0
furious-puma-1:172837:173189 [1] NCCL INFO + SYS[22.0] - CPU/0-1
furious-puma-1:172837:173189 [1] NCCL INFO CPU/0-1 (1/1/3)
furious-puma-1:172837:173189 [1] NCCL INFO + PCI[48.0] - PCI/0-ffffff050 (0)
furious-puma-1:172837:173189 [1] NCCL INFO               + PCI[48.0] - NIC/0-c0000
furious-puma-1:172837:173189 [1] NCCL INFO               + PCI[48.0] - GPU/0-bf000 (4)
furious-puma-1:172837:173189 [1] NCCL INFO                             + NVL[370.8] - NVS/0-0
furious-puma-1:172837:173189 [1] NCCL INFO + PCI[48.0] - PCI/0-ffffff060 (0)
furious-puma-1:172837:173189 [1] NCCL INFO               + PCI[48.0] - NIC/0-d0000
furious-puma-1:172837:173189 [1] NCCL INFO               + PCI[48.0] - GPU/0-cf000 (5)
furious-puma-1:172837:173189 [1] NCCL INFO                             + NVL[370.8] - NVS/0-0
furious-puma-1:172837:173189 [1] NCCL INFO + PCI[48.0] - PCI/0-ffffff070 (0)
furious-puma-1:172837:173189 [1] NCCL INFO               + PCI[48.0] - NIC/0-e0000
furious-puma-1:172837:173189 [1] NCCL INFO               + PCI[48.0] - GPU/0-df000 (6)
furious-puma-1:172837:173189 [1] NCCL INFO                             + NVL[370.8] - NVS/0-0
furious-puma-1:172837:173189 [1] NCCL INFO + PCI[48.0] - PCI/0-ffffff080 (0)
furious-puma-1:172837:173189 [1] NCCL INFO               + PCI[48.0] - NIC/0-f0000
furious-puma-1:172837:173189 [1] NCCL INFO               + PCI[48.0] - GPU/0-ef000 (7)
furious-puma-1:172837:173189 [1] NCCL INFO                             + NVL[370.8] - NVS/0-0
furious-puma-1:172837:173189 [1] NCCL INFO + SYS[22.0] - CPU/0-0
furious-puma-1:172837:173189 [1] NCCL INFO ==========================================
furious-puma-1:172837:173189 [1] NCCL INFO GPU/0-7f000 :GPU/0-7f000 (0/5000.0/LOC) GPU/0-8f000 (2/370.8/NVL) GPU/0-9f000 (2/370.8/NVL) GPU/0-af000 (2/370.8/NVL) GPU/0-bf000 (2/370.8/NVL) GPU/0-cf000 (2/370.8/NVL) GPU/0-df000 (2/370.8/NVL) GPU/0-ef000 (2/370.8/NVL) NVS/0-0 (1/370.8/NVL) CPU/0-0 (2/48.0/PHB) CPU/0-1 (3/22.0/SYS) 
furious-puma-1:172837:173189 [1] NCCL INFO GPU/0-8f000 :GPU/0-7f000 (2/370.8/NVL) GPU/0-8f000 (0/5000.0/LOC) GPU/0-9f000 (2/370.8/NVL) GPU/0-af000 (2/370.8/NVL) GPU/0-bf000 (2/370.8/NVL) GPU/0-cf000 (2/370.8/NVL) GPU/0-df000 (2/370.8/NVL) GPU/0-ef000 (2/370.8/NVL) NVS/0-0 (1/370.8/NVL) CPU/0-0 (2/48.0/PHB) CPU/0-1 (3/22.0/SYS) 
furious-puma-1:172837:173189 [1] NCCL INFO GPU/0-9f000 :GPU/0-7f000 (2/370.8/NVL) GPU/0-8f000 (2/370.8/NVL) GPU/0-9f000 (0/5000.0/LOC) GPU/0-af000 (2/370.8/NVL) GPU/0-bf000 (2/370.8/NVL) GPU/0-cf000 (2/370.8/NVL) GPU/0-df000 (2/370.8/NVL) GPU/0-ef000 (2/370.8/NVL) NVS/0-0 (1/370.8/NVL) CPU/0-0 (2/48.0/PHB) CPU/0-1 (3/22.0/SYS) 
furious-puma-1:172837:173189 [1] NCCL INFO GPU/0-af000 :GPU/0-7f000 (2/370.8/NVL) GPU/0-8f000 (2/370.8/NVL) GPU/0-9f000 (2/370.8/NVL) GPU/0-af000 (0/5000.0/LOC) GPU/0-bf000 (2/370.8/NVL) GPU/0-cf000 (2/370.8/NVL) GPU/0-df000 (2/370.8/NVL) GPU/0-ef000 (2/370.8/NVL) NVS/0-0 (1/370.8/NVL) CPU/0-0 (2/48.0/PHB) CPU/0-1 (3/22.0/SYS) 
furious-puma-1:172837:173189 [1] NCCL INFO GPU/0-bf000 :GPU/0-7f000 (2/370.8/NVL) GPU/0-8f000 (2/370.8/NVL) GPU/0-9f000 (2/370.8/NVL) GPU/0-af000 (2/370.8/NVL) GPU/0-bf000 (0/5000.0/LOC) GPU/0-cf000 (2/370.8/NVL) GPU/0-df000 (2/370.8/NVL) GPU/0-ef000 (2/370.8/NVL) NVS/0-0 (1/370.8/NVL) CPU/0-0 (3/22.0/SYS) CPU/0-1 (2/48.0/PHB) 
furious-puma-1:172837:173189 [1] NCCL INFO GPU/0-cf000 :GPU/0-7f000 (2/370.8/NVL) GPU/0-8f000 (2/370.8/NVL) GPU/0-9f000 (2/370.8/NVL) GPU/0-af000 (2/370.8/NVL) GPU/0-bf000 (2/370.8/NVL) GPU/0-cf000 (0/5000.0/LOC) GPU/0-df000 (2/370.8/NVL) GPU/0-ef000 (2/370.8/NVL) NVS/0-0 (1/370.8/NVL) CPU/0-0 (3/22.0/SYS) CPU/0-1 (2/48.0/PHB) 
furious-puma-1:172837:173189 [1] NCCL INFO GPU/0-df000 :GPU/0-7f000 (2/370.8/NVL) GPU/0-8f000 (2/370.8/NVL) GPU/0-9f000 (2/370.8/NVL) GPU/0-af000 (2/370.8/NVL) GPU/0-bf000 (2/370.8/NVL) GPU/0-cf000 (2/370.8/NVL) GPU/0-df000 (0/5000.0/LOC) GPU/0-ef000 (2/370.8/NVL) NVS/0-0 (1/370.8/NVL) CPU/0-0 (3/22.0/SYS) CPU/0-1 (2/48.0/PHB) 
furious-puma-1:172837:173189 [1] NCCL INFO GPU/0-ef000 :GPU/0-7f000 (2/370.8/NVL) GPU/0-8f000 (2/370.8/NVL) GPU/0-9f000 (2/370.8/NVL) GPU/0-af000 (2/370.8/NVL) GPU/0-bf000 (2/370.8/NVL) GPU/0-cf000 (2/370.8/NVL) GPU/0-df000 (2/370.8/NVL) GPU/0-ef000 (0/5000.0/LOC) NVS/0-0 (1/370.8/NVL) CPU/0-0 (3/22.0/SYS) CPU/0-1 (2/48.0/PHB) 
furious-puma-1:172837:173189 [1] NCCL INFO Setting affinity for GPU 1 to 0-79
furious-puma-1:172837:173189 [1] NCCL INFO NVLS multicast support is available on dev 1 (NVLS_NCHANNELS 16)
furious-puma-1:172841:173167 [5] NCCL INFO === System : maxBw 370.8 totalBw 370.8 ===
furious-puma-1:172841:173167 [5] NCCL INFO CPU/0-0 (1/1/3)
furious-puma-1:172841:173167 [5] NCCL INFO + PCI[48.0] - PCI/0-ffffff010 (0)
furious-puma-1:172841:173167 [5] NCCL INFO               + PCI[48.0] - GPU/0-7f000 (0)
furious-puma-1:172841:173167 [5] NCCL INFO                             + NVL[370.8] - NVS/0-0
furious-puma-1:172841:173167 [5] NCCL INFO               + PCI[48.0] - NIC/0-80000
furious-puma-1:172841:173167 [5] NCCL INFO + PCI[48.0] - PCI/0-ffffff020 (0)
furious-puma-1:172841:173167 [5] NCCL INFO               + PCI[48.0] - NIC/0-90000
furious-puma-1:172841:173167 [5] NCCL INFO               + PCI[48.0] - GPU/0-8f000 (1)
furious-puma-1:172841:173167 [5] NCCL INFO                             + NVL[370.8] - NVS/0-0
furious-puma-1:172841:173167 [5] NCCL INFO + PCI[48.0] - PCI/0-ffffff030 (0)
furious-puma-1:172841:173167 [5] NCCL INFO               + PCI[48.0] - NIC/0-a0000
furious-puma-1:172841:173167 [5] NCCL INFO               + PCI[48.0] - GPU/0-9f000 (2)
furious-puma-1:172841:173167 [5] NCCL INFO                             + NVL[370.8] - NVS/0-0
furious-puma-1:172841:173167 [5] NCCL INFO + PCI[48.0] - PCI/0-ffffff040 (0)
furious-puma-1:172841:173167 [5] NCCL INFO               + PCI[48.0] - NIC/0-b0000
furious-puma-1:172841:173167 [5] NCCL INFO               + PCI[48.0] - GPU/0-af000 (3)
furious-puma-1:172841:173167 [5] NCCL INFO                             + NVL[370.8] - NVS/0-0
furious-puma-1:172841:173167 [5] NCCL INFO + SYS[22.0] - CPU/0-1
furious-puma-1:172841:173167 [5] NCCL INFO CPU/0-1 (1/1/3)
furious-puma-1:172841:173167 [5] NCCL INFO + PCI[48.0] - PCI/0-ffffff050 (0)
furious-puma-1:172841:173167 [5] NCCL INFO               + PCI[48.0] - NIC/0-c0000
furious-puma-1:172841:173167 [5] NCCL INFO               + PCI[48.0] - GPU/0-bf000 (4)
furious-puma-1:172841:173167 [5] NCCL INFO                             + NVL[370.8] - NVS/0-0
furious-puma-1:172841:173167 [5] NCCL INFO + PCI[48.0] - PCI/0-ffffff060 (0)
furious-puma-1:172841:173167 [5] NCCL INFO               + PCI[48.0] - NIC/0-d0000
furious-puma-1:172841:173167 [5] NCCL INFO               + PCI[48.0] - GPU/0-cf000 (5)
furious-puma-1:172841:173167 [5] NCCL INFO                             + NVL[370.8] - NVS/0-0
furious-puma-1:172841:173167 [5] NCCL INFO + PCI[48.0] - PCI/0-ffffff070 (0)
furious-puma-1:172841:173167 [5] NCCL INFO               + PCI[48.0] - NIC/0-e0000
furious-puma-1:172841:173167 [5] NCCL INFO               + PCI[48.0] - GPU/0-df000 (6)
furious-puma-1:172841:173167 [5] NCCL INFO                             + NVL[370.8] - NVS/0-0
furious-puma-1:172841:173167 [5] NCCL INFO + PCI[48.0] - PCI/0-ffffff080 (0)
furious-puma-1:172841:173167 [5] NCCL INFO               + PCI[48.0] - NIC/0-f0000
furious-puma-1:172841:173167 [5] NCCL INFO               + PCI[48.0] - GPU/0-ef000 (7)
furious-puma-1:172841:173167 [5] NCCL INFO                             + NVL[370.8] - NVS/0-0
furious-puma-1:172841:173167 [5] NCCL INFO + SYS[22.0] - CPU/0-0
furious-puma-1:172841:173167 [5] NCCL INFO ==========================================
furious-puma-1:172841:173167 [5] NCCL INFO GPU/0-7f000 :GPU/0-7f000 (0/5000.0/LOC) GPU/0-8f000 (2/370.8/NVL) GPU/0-9f000 (2/370.8/NVL) GPU/0-af000 (2/370.8/NVL) GPU/0-bf000 (2/370.8/NVL) GPU/0-cf000 (2/370.8/NVL) GPU/0-df000 (2/370.8/NVL) GPU/0-ef000 (2/370.8/NVL) NVS/0-0 (1/370.8/NVL) CPU/0-0 (2/48.0/PHB) CPU/0-1 (3/22.0/SYS) 
furious-puma-1:172841:173167 [5] NCCL INFO GPU/0-8f000 :GPU/0-7f000 (2/370.8/NVL) GPU/0-8f000 (0/5000.0/LOC) GPU/0-9f000 (2/370.8/NVL) GPU/0-af000 (2/370.8/NVL) GPU/0-bf000 (2/370.8/NVL) GPU/0-cf000 (2/370.8/NVL) GPU/0-df000 (2/370.8/NVL) GPU/0-ef000 (2/370.8/NVL) NVS/0-0 (1/370.8/NVL) CPU/0-0 (2/48.0/PHB) CPU/0-1 (3/22.0/SYS) 
furious-puma-1:172841:173167 [5] NCCL INFO GPU/0-9f000 :GPU/0-7f000 (2/370.8/NVL) GPU/0-8f000 (2/370.8/NVL) GPU/0-9f000 (0/5000.0/LOC) GPU/0-af000 (2/370.8/NVL) GPU/0-bf000 (2/370.8/NVL) GPU/0-cf000 (2/370.8/NVL) GPU/0-df000 (2/370.8/NVL) GPU/0-ef000 (2/370.8/NVL) NVS/0-0 (1/370.8/NVL) CPU/0-0 (2/48.0/PHB) CPU/0-1 (3/22.0/SYS) 
furious-puma-1:172841:173167 [5] NCCL INFO GPU/0-af000 :GPU/0-7f000 (2/370.8/NVL) GPU/0-8f000 (2/370.8/NVL) GPU/0-9f000 (2/370.8/NVL) GPU/0-af000 (0/5000.0/LOC) GPU/0-bf000 (2/370.8/NVL) GPU/0-cf000 (2/370.8/NVL) GPU/0-df000 (2/370.8/NVL) GPU/0-ef000 (2/370.8/NVL) NVS/0-0 (1/370.8/NVL) CPU/0-0 (2/48.0/PHB) CPU/0-1 (3/22.0/SYS) 
furious-puma-1:172841:173167 [5] NCCL INFO GPU/0-bf000 :GPU/0-7f000 (2/370.8/NVL) GPU/0-8f000 (2/370.8/NVL) GPU/0-9f000 (2/370.8/NVL) GPU/0-af000 (2/370.8/NVL) GPU/0-bf000 (0/5000.0/LOC) GPU/0-cf000 (2/370.8/NVL) GPU/0-df000 (2/370.8/NVL) GPU/0-ef000 (2/370.8/NVL) NVS/0-0 (1/370.8/NVL) CPU/0-0 (3/22.0/SYS) CPU/0-1 (2/48.0/PHB) 
furious-puma-1:172841:173167 [5] NCCL INFO GPU/0-cf000 :GPU/0-7f000 (2/370.8/NVL) GPU/0-8f000 (2/370.8/NVL) GPU/0-9f000 (2/370.8/NVL) GPU/0-af000 (2/370.8/NVL) GPU/0-bf000 (2/370.8/NVL) GPU/0-cf000 (0/5000.0/LOC) GPU/0-df000 (2/370.8/NVL) GPU/0-ef000 (2/370.8/NVL) NVS/0-0 (1/370.8/NVL) CPU/0-0 (3/22.0/SYS) CPU/0-1 (2/48.0/PHB) 
furious-puma-1:172841:173167 [5] NCCL INFO GPU/0-df000 :GPU/0-7f000 (2/370.8/NVL) GPU/0-8f000 (2/370.8/NVL) GPU/0-9f000 (2/370.8/NVL) GPU/0-af000 (2/370.8/NVL) GPU/0-bf000 (2/370.8/NVL) GPU/0-cf000 (2/370.8/NVL) GPU/0-df000 (0/5000.0/LOC) GPU/0-ef000 (2/370.8/NVL) NVS/0-0 (1/370.8/NVL) CPU/0-0 (3/22.0/SYS) CPU/0-1 (2/48.0/PHB) 
furious-puma-1:172841:173167 [5] NCCL INFO GPU/0-ef000 :GPU/0-7f000 (2/370.8/NVL) GPU/0-8f000 (2/370.8/NVL) GPU/0-9f000 (2/370.8/NVL) GPU/0-af000 (2/370.8/NVL) GPU/0-bf000 (2/370.8/NVL) GPU/0-cf000 (2/370.8/NVL) GPU/0-df000 (2/370.8/NVL) GPU/0-ef000 (0/5000.0/LOC) NVS/0-0 (1/370.8/NVL) CPU/0-0 (3/22.0/SYS) CPU/0-1 (2/48.0/PHB) 
furious-puma-1:172841:173167 [5] NCCL INFO Setting affinity for GPU 5 to 80-159
furious-puma-1:172839:173188 [3] NCCL INFO === System : maxBw 370.8 totalBw 370.8 ===
furious-puma-1:172839:173188 [3] NCCL INFO CPU/0-0 (1/1/3)
furious-puma-1:172839:173188 [3] NCCL INFO + PCI[48.0] - PCI/0-ffffff010 (0)
furious-puma-1:172839:173188 [3] NCCL INFO               + PCI[48.0] - GPU/0-7f000 (0)
furious-puma-1:172839:173188 [3] NCCL INFO                             + NVL[370.8] - NVS/0-0
furious-puma-1:172839:173188 [3] NCCL INFO               + PCI[48.0] - NIC/0-80000
furious-puma-1:172839:173188 [3] NCCL INFO + PCI[48.0] - PCI/0-ffffff020 (0)
furious-puma-1:172839:173188 [3] NCCL INFO               + PCI[48.0] - NIC/0-90000
furious-puma-1:172839:173188 [3] NCCL INFO               + PCI[48.0] - GPU/0-8f000 (1)
furious-puma-1:172839:173188 [3] NCCL INFO                             + NVL[370.8] - NVS/0-0
furious-puma-1:172839:173188 [3] NCCL INFO + PCI[48.0] - PCI/0-ffffff030 (0)
furious-puma-1:172839:173188 [3] NCCL INFO               + PCI[48.0] - NIC/0-a0000
furious-puma-1:172839:173188 [3] NCCL INFO               + PCI[48.0] - GPU/0-9f000 (2)
furious-puma-1:172839:173188 [3] NCCL INFO                             + NVL[370.8] - NVS/0-0
furious-puma-1:172839:173188 [3] NCCL INFO + PCI[48.0] - PCI/0-ffffff040 (0)
furious-puma-1:172839:173188 [3] NCCL INFO               + PCI[48.0] - NIC/0-b0000
furious-puma-1:172839:173188 [3] NCCL INFO               + PCI[48.0] - GPU/0-af000 (3)
furious-puma-1:172839:173188 [3] NCCL INFO                             + NVL[370.8] - NVS/0-0
furious-puma-1:172839:173188 [3] NCCL INFO + SYS[22.0] - CPU/0-1
furious-puma-1:172839:173188 [3] NCCL INFO CPU/0-1 (1/1/3)
furious-puma-1:172839:173188 [3] NCCL INFO + PCI[48.0] - PCI/0-ffffff050 (0)
furious-puma-1:172839:173188 [3] NCCL INFO               + PCI[48.0] - NIC/0-c0000
furious-puma-1:172839:173188 [3] NCCL INFO               + PCI[48.0] - GPU/0-bf000 (4)
furious-puma-1:172839:173188 [3] NCCL INFO                             + NVL[370.8] - NVS/0-0
furious-puma-1:172839:173188 [3] NCCL INFO + PCI[48.0] - PCI/0-ffffff060 (0)
furious-puma-1:172839:173188 [3] NCCL INFO               + PCI[48.0] - NIC/0-d0000
furious-puma-1:172839:173188 [3] NCCL INFO               + PCI[48.0] - GPU/0-cf000 (5)
furious-puma-1:172839:173188 [3] NCCL INFO                             + NVL[370.8] - NVS/0-0
furious-puma-1:172839:173188 [3] NCCL INFO + PCI[48.0] - PCI/0-ffffff070 (0)
furious-puma-1:172839:173188 [3] NCCL INFO               + PCI[48.0] - NIC/0-e0000
furious-puma-1:172839:173188 [3] NCCL INFO               + PCI[48.0] - GPU/0-df000 (6)
furious-puma-1:172839:173188 [3] NCCL INFO                             + NVL[370.8] - NVS/0-0
furious-puma-1:172839:173188 [3] NCCL INFO + PCI[48.0] - PCI/0-ffffff080 (0)
furious-puma-1:172839:173188 [3] NCCL INFO               + PCI[48.0] - NIC/0-f0000
furious-puma-1:172839:173188 [3] NCCL INFO               + PCI[48.0] - GPU/0-ef000 (7)
furious-puma-1:172839:173188 [3] NCCL INFO                             + NVL[370.8] - NVS/0-0
furious-puma-1:172839:173188 [3] NCCL INFO + SYS[22.0] - CPU/0-0
furious-puma-1:172839:173188 [3] NCCL INFO ==========================================
furious-puma-1:172839:173188 [3] NCCL INFO GPU/0-7f000 :GPU/0-7f000 (0/5000.0/LOC) GPU/0-8f000 (2/370.8/NVL) GPU/0-9f000 (2/370.8/NVL) GPU/0-af000 (2/370.8/NVL) GPU/0-bf000 (2/370.8/NVL) GPU/0-cf000 (2/370.8/NVL) GPU/0-df000 (2/370.8/NVL) GPU/0-ef000 (2/370.8/NVL) NVS/0-0 (1/370.8/NVL) CPU/0-0 (2/48.0/PHB) CPU/0-1 (3/22.0/SYS) 
furious-puma-1:172839:173188 [3] NCCL INFO GPU/0-8f000 :GPU/0-7f000 (2/370.8/NVL) GPU/0-8f000 (0/5000.0/LOC) GPU/0-9f000 (2/370.8/NVL) GPU/0-af000 (2/370.8/NVL) GPU/0-bf000 (2/370.8/NVL) GPU/0-cf000 (2/370.8/NVL) GPU/0-df000 (2/370.8/NVL) GPU/0-ef000 (2/370.8/NVL) NVS/0-0 (1/370.8/NVL) CPU/0-0 (2/48.0/PHB) CPU/0-1 (3/22.0/SYS) 
furious-puma-1:172839:173188 [3] NCCL INFO GPU/0-9f000 :GPU/0-7f000 (2/370.8/NVL) GPU/0-8f000 (2/370.8/NVL) GPU/0-9f000 (0/5000.0/LOC) GPU/0-af000 (2/370.8/NVL) GPU/0-bf000 (2/370.8/NVL) GPU/0-cf000 (2/370.8/NVL) GPU/0-df000 (2/370.8/NVL) GPU/0-ef000 (2/370.8/NVL) NVS/0-0 (1/370.8/NVL) CPU/0-0 (2/48.0/PHB) CPU/0-1 (3/22.0/SYS) 
furious-puma-1:172839:173188 [3] NCCL INFO GPU/0-af000 :GPU/0-7f000 (2/370.8/NVL) GPU/0-8f000 (2/370.8/NVL) GPU/0-9f000 (2/370.8/NVL) GPU/0-af000 (0/5000.0/LOC) GPU/0-bf000 (2/370.8/NVL) GPU/0-cf000 (2/370.8/NVL) GPU/0-df000 (2/370.8/NVL) GPU/0-ef000 (2/370.8/NVL) NVS/0-0 (1/370.8/NVL) CPU/0-0 (2/48.0/PHB) CPU/0-1 (3/22.0/SYS) 
furious-puma-1:172841:173167 [5] NCCL INFO NVLS multicast support is available on dev 5 (NVLS_NCHANNELS 16)
furious-puma-1:172839:173188 [3] NCCL INFO GPU/0-bf000 :GPU/0-7f000 (2/370.8/NVL) GPU/0-8f000 (2/370.8/NVL) GPU/0-9f000 (2/370.8/NVL) GPU/0-af000 (2/370.8/NVL) GPU/0-bf000 (0/5000.0/LOC) GPU/0-cf000 (2/370.8/NVL) GPU/0-df000 (2/370.8/NVL) GPU/0-ef000 (2/370.8/NVL) NVS/0-0 (1/370.8/NVL) CPU/0-0 (3/22.0/SYS) CPU/0-1 (2/48.0/PHB) 
furious-puma-1:172839:173188 [3] NCCL INFO GPU/0-cf000 :GPU/0-7f000 (2/370.8/NVL) GPU/0-8f000 (2/370.8/NVL) GPU/0-9f000 (2/370.8/NVL) GPU/0-af000 (2/370.8/NVL) GPU/0-bf000 (2/370.8/NVL) GPU/0-cf000 (0/5000.0/LOC) GPU/0-df000 (2/370.8/NVL) GPU/0-ef000 (2/370.8/NVL) NVS/0-0 (1/370.8/NVL) CPU/0-0 (3/22.0/SYS) CPU/0-1 (2/48.0/PHB) 
furious-puma-1:172839:173188 [3] NCCL INFO GPU/0-df000 :GPU/0-7f000 (2/370.8/NVL) GPU/0-8f000 (2/370.8/NVL) GPU/0-9f000 (2/370.8/NVL) GPU/0-af000 (2/370.8/NVL) GPU/0-bf000 (2/370.8/NVL) GPU/0-cf000 (2/370.8/NVL) GPU/0-df000 (0/5000.0/LOC) GPU/0-ef000 (2/370.8/NVL) NVS/0-0 (1/370.8/NVL) CPU/0-0 (3/22.0/SYS) CPU/0-1 (2/48.0/PHB) 
furious-puma-1:172839:173188 [3] NCCL INFO GPU/0-ef000 :GPU/0-7f000 (2/370.8/NVL) GPU/0-8f000 (2/370.8/NVL) GPU/0-9f000 (2/370.8/NVL) GPU/0-af000 (2/370.8/NVL) GPU/0-bf000 (2/370.8/NVL) GPU/0-cf000 (2/370.8/NVL) GPU/0-df000 (2/370.8/NVL) GPU/0-ef000 (0/5000.0/LOC) NVS/0-0 (1/370.8/NVL) CPU/0-0 (3/22.0/SYS) CPU/0-1 (2/48.0/PHB) 
furious-puma-1:172839:173188 [3] NCCL INFO Setting affinity for GPU 3 to 0-79
furious-puma-1:172839:173188 [3] NCCL INFO NVLS multicast support is available on dev 3 (NVLS_NCHANNELS 16)
furious-puma-1:172843:173166 [7] NCCL INFO === System : maxBw 370.8 totalBw 370.8 ===
furious-puma-1:172843:173166 [7] NCCL INFO CPU/0-0 (1/1/3)
furious-puma-1:172843:173166 [7] NCCL INFO + PCI[48.0] - PCI/0-ffffff010 (0)
furious-puma-1:172843:173166 [7] NCCL INFO               + PCI[48.0] - GPU/0-7f000 (0)
furious-puma-1:172843:173166 [7] NCCL INFO                             + NVL[370.8] - NVS/0-0
furious-puma-1:172843:173166 [7] NCCL INFO               + PCI[48.0] - NIC/0-80000
furious-puma-1:172843:173166 [7] NCCL INFO + PCI[48.0] - PCI/0-ffffff020 (0)
furious-puma-1:172843:173166 [7] NCCL INFO               + PCI[48.0] - NIC/0-90000
furious-puma-1:172843:173166 [7] NCCL INFO               + PCI[48.0] - GPU/0-8f000 (1)
furious-puma-1:172843:173166 [7] NCCL INFO                             + NVL[370.8] - NVS/0-0
furious-puma-1:172843:173166 [7] NCCL INFO + PCI[48.0] - PCI/0-ffffff030 (0)
furious-puma-1:172843:173166 [7] NCCL INFO               + PCI[48.0] - NIC/0-a0000
furious-puma-1:172843:173166 [7] NCCL INFO               + PCI[48.0] - GPU/0-9f000 (2)
furious-puma-1:172843:173166 [7] NCCL INFO                             + NVL[370.8] - NVS/0-0
furious-puma-1:172843:173166 [7] NCCL INFO + PCI[48.0] - PCI/0-ffffff040 (0)
furious-puma-1:172843:173166 [7] NCCL INFO               + PCI[48.0] - NIC/0-b0000
furious-puma-1:172843:173166 [7] NCCL INFO               + PCI[48.0] - GPU/0-af000 (3)
furious-puma-1:172843:173166 [7] NCCL INFO                             + NVL[370.8] - NVS/0-0
furious-puma-1:172843:173166 [7] NCCL INFO + SYS[22.0] - CPU/0-1
furious-puma-1:172843:173166 [7] NCCL INFO CPU/0-1 (1/1/3)
furious-puma-1:172843:173166 [7] NCCL INFO + PCI[48.0] - PCI/0-ffffff050 (0)
furious-puma-1:172843:173166 [7] NCCL INFO               + PCI[48.0] - NIC/0-c0000
furious-puma-1:172843:173166 [7] NCCL INFO               + PCI[48.0] - GPU/0-bf000 (4)
furious-puma-1:172843:173166 [7] NCCL INFO                             + NVL[370.8] - NVS/0-0
furious-puma-1:172843:173166 [7] NCCL INFO + PCI[48.0] - PCI/0-ffffff060 (0)
furious-puma-1:172843:173166 [7] NCCL INFO               + PCI[48.0] - NIC/0-d0000
furious-puma-1:172843:173166 [7] NCCL INFO               + PCI[48.0] - GPU/0-cf000 (5)
furious-puma-1:172843:173166 [7] NCCL INFO                             + NVL[370.8] - NVS/0-0
furious-puma-1:172843:173166 [7] NCCL INFO + PCI[48.0] - PCI/0-ffffff070 (0)
furious-puma-1:172843:173166 [7] NCCL INFO               + PCI[48.0] - NIC/0-e0000
furious-puma-1:172843:173166 [7] NCCL INFO               + PCI[48.0] - GPU/0-df000 (6)
furious-puma-1:172843:173166 [7] NCCL INFO                             + NVL[370.8] - NVS/0-0
furious-puma-1:172843:173166 [7] NCCL INFO + PCI[48.0] - PCI/0-ffffff080 (0)
furious-puma-1:172843:173166 [7] NCCL INFO               + PCI[48.0] - NIC/0-f0000
furious-puma-1:172843:173166 [7] NCCL INFO               + PCI[48.0] - GPU/0-ef000 (7)
furious-puma-1:172843:173166 [7] NCCL INFO                             + NVL[370.8] - NVS/0-0
furious-puma-1:172843:173166 [7] NCCL INFO + SYS[22.0] - CPU/0-0
furious-puma-1:172843:173166 [7] NCCL INFO ==========================================
furious-puma-1:172843:173166 [7] NCCL INFO GPU/0-7f000 :GPU/0-7f000 (0/5000.0/LOC) GPU/0-8f000 (2/370.8/NVL) GPU/0-9f000 (2/370.8/NVL) GPU/0-af000 (2/370.8/NVL) GPU/0-bf000 (2/370.8/NVL) GPU/0-cf000 (2/370.8/NVL) GPU/0-df000 (2/370.8/NVL) GPU/0-ef000 (2/370.8/NVL) NVS/0-0 (1/370.8/NVL) CPU/0-0 (2/48.0/PHB) CPU/0-1 (3/22.0/SYS) 
furious-puma-1:172843:173166 [7] NCCL INFO GPU/0-8f000 :GPU/0-7f000 (2/370.8/NVL) GPU/0-8f000 (0/5000.0/LOC) GPU/0-9f000 (2/370.8/NVL) GPU/0-af000 (2/370.8/NVL) GPU/0-bf000 (2/370.8/NVL) GPU/0-cf000 (2/370.8/NVL) GPU/0-df000 (2/370.8/NVL) GPU/0-ef000 (2/370.8/NVL) NVS/0-0 (1/370.8/NVL) CPU/0-0 (2/48.0/PHB) CPU/0-1 (3/22.0/SYS) 
furious-puma-1:172843:173166 [7] NCCL INFO GPU/0-9f000 :GPU/0-7f000 (2/370.8/NVL) GPU/0-8f000 (2/370.8/NVL) GPU/0-9f000 (0/5000.0/LOC) GPU/0-af000 (2/370.8/NVL) GPU/0-bf000 (2/370.8/NVL) GPU/0-cf000 (2/370.8/NVL) GPU/0-df000 (2/370.8/NVL) GPU/0-ef000 (2/370.8/NVL) NVS/0-0 (1/370.8/NVL) CPU/0-0 (2/48.0/PHB) CPU/0-1 (3/22.0/SYS) 
furious-puma-1:172843:173166 [7] NCCL INFO GPU/0-af000 :GPU/0-7f000 (2/370.8/NVL) GPU/0-8f000 (2/370.8/NVL) GPU/0-9f000 (2/370.8/NVL) GPU/0-af000 (0/5000.0/LOC) GPU/0-bf000 (2/370.8/NVL) GPU/0-cf000 (2/370.8/NVL) GPU/0-df000 (2/370.8/NVL) GPU/0-ef000 (2/370.8/NVL) NVS/0-0 (1/370.8/NVL) CPU/0-0 (2/48.0/PHB) CPU/0-1 (3/22.0/SYS) 
furious-puma-1:172843:173166 [7] NCCL INFO GPU/0-bf000 :GPU/0-7f000 (2/370.8/NVL) GPU/0-8f000 (2/370.8/NVL) GPU/0-9f000 (2/370.8/NVL) GPU/0-af000 (2/370.8/NVL) GPU/0-bf000 (0/5000.0/LOC) GPU/0-cf000 (2/370.8/NVL) GPU/0-df000 (2/370.8/NVL) GPU/0-ef000 (2/370.8/NVL) NVS/0-0 (1/370.8/NVL) CPU/0-0 (3/22.0/SYS) CPU/0-1 (2/48.0/PHB) 
furious-puma-1:172843:173166 [7] NCCL INFO GPU/0-cf000 :GPU/0-7f000 (2/370.8/NVL) GPU/0-8f000 (2/370.8/NVL) GPU/0-9f000 (2/370.8/NVL) GPU/0-af000 (2/370.8/NVL) GPU/0-bf000 (2/370.8/NVL) GPU/0-cf000 (0/5000.0/LOC) GPU/0-df000 (2/370.8/NVL) GPU/0-ef000 (2/370.8/NVL) NVS/0-0 (1/370.8/NVL) CPU/0-0 (3/22.0/SYS) CPU/0-1 (2/48.0/PHB) 
furious-puma-1:172843:173166 [7] NCCL INFO GPU/0-df000 :GPU/0-7f000 (2/370.8/NVL) GPU/0-8f000 (2/370.8/NVL) GPU/0-9f000 (2/370.8/NVL) GPU/0-af000 (2/370.8/NVL) GPU/0-bf000 (2/370.8/NVL) GPU/0-cf000 (2/370.8/NVL) GPU/0-df000 (0/5000.0/LOC) GPU/0-ef000 (2/370.8/NVL) NVS/0-0 (1/370.8/NVL) CPU/0-0 (3/22.0/SYS) CPU/0-1 (2/48.0/PHB) 
furious-puma-1:172843:173166 [7] NCCL INFO GPU/0-ef000 :GPU/0-7f000 (2/370.8/NVL) GPU/0-8f000 (2/370.8/NVL) GPU/0-9f000 (2/370.8/NVL) GPU/0-af000 (2/370.8/NVL) GPU/0-bf000 (2/370.8/NVL) GPU/0-cf000 (2/370.8/NVL) GPU/0-df000 (2/370.8/NVL) GPU/0-ef000 (0/5000.0/LOC) NVS/0-0 (1/370.8/NVL) CPU/0-0 (3/22.0/SYS) CPU/0-1 (2/48.0/PHB) 
furious-puma-1:172843:173166 [7] NCCL INFO Setting affinity for GPU 7 to 80-159
furious-puma-1:172843:173166 [7] NCCL INFO NVLS multicast support is available on dev 7 (NVLS_NCHANNELS 16)
furious-puma-1:172840:173168 [4] NCCL INFO === System : maxBw 370.8 totalBw 370.8 ===
furious-puma-1:172840:173168 [4] NCCL INFO CPU/0-0 (1/1/3)
furious-puma-1:172840:173168 [4] NCCL INFO + PCI[48.0] - PCI/0-ffffff010 (0)
furious-puma-1:172840:173168 [4] NCCL INFO               + PCI[48.0] - GPU/0-7f000 (0)
furious-puma-1:172840:173168 [4] NCCL INFO                             + NVL[370.8] - NVS/0-0
furious-puma-1:172840:173168 [4] NCCL INFO               + PCI[48.0] - NIC/0-80000
furious-puma-1:172840:173168 [4] NCCL INFO + PCI[48.0] - PCI/0-ffffff020 (0)
furious-puma-1:172840:173168 [4] NCCL INFO               + PCI[48.0] - NIC/0-90000
furious-puma-1:172840:173168 [4] NCCL INFO               + PCI[48.0] - GPU/0-8f000 (1)
furious-puma-1:172840:173168 [4] NCCL INFO                             + NVL[370.8] - NVS/0-0
furious-puma-1:172840:173168 [4] NCCL INFO + PCI[48.0] - PCI/0-ffffff030 (0)
furious-puma-1:172840:173168 [4] NCCL INFO               + PCI[48.0] - NIC/0-a0000
furious-puma-1:172840:173168 [4] NCCL INFO               + PCI[48.0] - GPU/0-9f000 (2)
furious-puma-1:172840:173168 [4] NCCL INFO                             + NVL[370.8] - NVS/0-0
furious-puma-1:172840:173168 [4] NCCL INFO + PCI[48.0] - PCI/0-ffffff040 (0)
furious-puma-1:172840:173168 [4] NCCL INFO               + PCI[48.0] - NIC/0-b0000
furious-puma-1:172840:173168 [4] NCCL INFO               + PCI[48.0] - GPU/0-af000 (3)
furious-puma-1:172840:173168 [4] NCCL INFO                             + NVL[370.8] - NVS/0-0
furious-puma-1:172840:173168 [4] NCCL INFO + SYS[22.0] - CPU/0-1
furious-puma-1:172840:173168 [4] NCCL INFO CPU/0-1 (1/1/3)
furious-puma-1:172840:173168 [4] NCCL INFO + PCI[48.0] - PCI/0-ffffff050 (0)
furious-puma-1:172840:173168 [4] NCCL INFO               + PCI[48.0] - NIC/0-c0000
furious-puma-1:172840:173168 [4] NCCL INFO               + PCI[48.0] - GPU/0-bf000 (4)
furious-puma-1:172840:173168 [4] NCCL INFO                             + NVL[370.8] - NVS/0-0
furious-puma-1:172840:173168 [4] NCCL INFO + PCI[48.0] - PCI/0-ffffff060 (0)
furious-puma-1:172840:173168 [4] NCCL INFO               + PCI[48.0] - NIC/0-d0000
furious-puma-1:172840:173168 [4] NCCL INFO               + PCI[48.0] - GPU/0-cf000 (5)
furious-puma-1:172840:173168 [4] NCCL INFO                             + NVL[370.8] - NVS/0-0
furious-puma-1:172840:173168 [4] NCCL INFO + PCI[48.0] - PCI/0-ffffff070 (0)
furious-puma-1:172840:173168 [4] NCCL INFO               + PCI[48.0] - NIC/0-e0000
furious-puma-1:172840:173168 [4] NCCL INFO               + PCI[48.0] - GPU/0-df000 (6)
furious-puma-1:172840:173168 [4] NCCL INFO                             + NVL[370.8] - NVS/0-0
furious-puma-1:172840:173168 [4] NCCL INFO + PCI[48.0] - PCI/0-ffffff080 (0)
furious-puma-1:172840:173168 [4] NCCL INFO               + PCI[48.0] - NIC/0-f0000
furious-puma-1:172840:173168 [4] NCCL INFO               + PCI[48.0] - GPU/0-ef000 (7)
furious-puma-1:172840:173168 [4] NCCL INFO                             + NVL[370.8] - NVS/0-0
furious-puma-1:172840:173168 [4] NCCL INFO + SYS[22.0] - CPU/0-0
furious-puma-1:172840:173168 [4] NCCL INFO ==========================================
furious-puma-1:172840:173168 [4] NCCL INFO GPU/0-7f000 :GPU/0-7f000 (0/5000.0/LOC) GPU/0-8f000 (2/370.8/NVL) GPU/0-9f000 (2/370.8/NVL) GPU/0-af000 (2/370.8/NVL) GPU/0-bf000 (2/370.8/NVL) GPU/0-cf000 (2/370.8/NVL) GPU/0-df000 (2/370.8/NVL) GPU/0-ef000 (2/370.8/NVL) NVS/0-0 (1/370.8/NVL) CPU/0-0 (2/48.0/PHB) CPU/0-1 (3/22.0/SYS) 
furious-puma-1:172840:173168 [4] NCCL INFO GPU/0-8f000 :GPU/0-7f000 (2/370.8/NVL) GPU/0-8f000 (0/5000.0/LOC) GPU/0-9f000 (2/370.8/NVL) GPU/0-af000 (2/370.8/NVL) GPU/0-bf000 (2/370.8/NVL) GPU/0-cf000 (2/370.8/NVL) GPU/0-df000 (2/370.8/NVL) GPU/0-ef000 (2/370.8/NVL) NVS/0-0 (1/370.8/NVL) CPU/0-0 (2/48.0/PHB) CPU/0-1 (3/22.0/SYS) 
furious-puma-1:172840:173168 [4] NCCL INFO GPU/0-9f000 :GPU/0-7f000 (2/370.8/NVL) GPU/0-8f000 (2/370.8/NVL) GPU/0-9f000 (0/5000.0/LOC) GPU/0-af000 (2/370.8/NVL) GPU/0-bf000 (2/370.8/NVL) GPU/0-cf000 (2/370.8/NVL) GPU/0-df000 (2/370.8/NVL) GPU/0-ef000 (2/370.8/NVL) NVS/0-0 (1/370.8/NVL) CPU/0-0 (2/48.0/PHB) CPU/0-1 (3/22.0/SYS) 
furious-puma-1:172840:173168 [4] NCCL INFO GPU/0-af000 :GPU/0-7f000 (2/370.8/NVL) GPU/0-8f000 (2/370.8/NVL) GPU/0-9f000 (2/370.8/NVL) GPU/0-af000 (0/5000.0/LOC) GPU/0-bf000 (2/370.8/NVL) GPU/0-cf000 (2/370.8/NVL) GPU/0-df000 (2/370.8/NVL) GPU/0-ef000 (2/370.8/NVL) NVS/0-0 (1/370.8/NVL) CPU/0-0 (2/48.0/PHB) CPU/0-1 (3/22.0/SYS) 
furious-puma-1:172840:173168 [4] NCCL INFO GPU/0-bf000 :GPU/0-7f000 (2/370.8/NVL) GPU/0-8f000 (2/370.8/NVL) GPU/0-9f000 (2/370.8/NVL) GPU/0-af000 (2/370.8/NVL) GPU/0-bf000 (0/5000.0/LOC) GPU/0-cf000 (2/370.8/NVL) GPU/0-df000 (2/370.8/NVL) GPU/0-ef000 (2/370.8/NVL) NVS/0-0 (1/370.8/NVL) CPU/0-0 (3/22.0/SYS) CPU/0-1 (2/48.0/PHB) 
furious-puma-1:172840:173168 [4] NCCL INFO GPU/0-cf000 :GPU/0-7f000 (2/370.8/NVL) GPU/0-8f000 (2/370.8/NVL) GPU/0-9f000 (2/370.8/NVL) GPU/0-af000 (2/370.8/NVL) GPU/0-bf000 (2/370.8/NVL) GPU/0-cf000 (0/5000.0/LOC) GPU/0-df000 (2/370.8/NVL) GPU/0-ef000 (2/370.8/NVL) NVS/0-0 (1/370.8/NVL) CPU/0-0 (3/22.0/SYS) CPU/0-1 (2/48.0/PHB) 
furious-puma-1:172840:173168 [4] NCCL INFO GPU/0-df000 :GPU/0-7f000 (2/370.8/NVL) GPU/0-8f000 (2/370.8/NVL) GPU/0-9f000 (2/370.8/NVL) GPU/0-af000 (2/370.8/NVL) GPU/0-bf000 (2/370.8/NVL) GPU/0-cf000 (2/370.8/NVL) GPU/0-df000 (0/5000.0/LOC) GPU/0-ef000 (2/370.8/NVL) NVS/0-0 (1/370.8/NVL) CPU/0-0 (3/22.0/SYS) CPU/0-1 (2/48.0/PHB) 
furious-puma-1:172840:173168 [4] NCCL INFO GPU/0-ef000 :GPU/0-7f000 (2/370.8/NVL) GPU/0-8f000 (2/370.8/NVL) GPU/0-9f000 (2/370.8/NVL) GPU/0-af000 (2/370.8/NVL) GPU/0-bf000 (2/370.8/NVL) GPU/0-cf000 (2/370.8/NVL) GPU/0-df000 (2/370.8/NVL) GPU/0-ef000 (0/5000.0/LOC) NVS/0-0 (1/370.8/NVL) CPU/0-0 (3/22.0/SYS) CPU/0-1 (2/48.0/PHB) 
furious-puma-1:172840:173168 [4] NCCL INFO Setting affinity for GPU 4 to 80-159
furious-puma-1:172840:173168 [4] NCCL INFO NVLS multicast support is available on dev 4 (NVLS_NCHANNELS 16)
furious-puma-1:172842:173165 [6] NCCL INFO === System : maxBw 370.8 totalBw 370.8 ===
furious-puma-1:172842:173165 [6] NCCL INFO CPU/0-0 (1/1/3)
furious-puma-1:172842:173165 [6] NCCL INFO + PCI[48.0] - PCI/0-ffffff010 (0)
furious-puma-1:172842:173165 [6] NCCL INFO               + PCI[48.0] - GPU/0-7f000 (0)
furious-puma-1:172842:173165 [6] NCCL INFO                             + NVL[370.8] - NVS/0-0
furious-puma-1:172842:173165 [6] NCCL INFO               + PCI[48.0] - NIC/0-80000
furious-puma-1:172842:173165 [6] NCCL INFO + PCI[48.0] - PCI/0-ffffff020 (0)
furious-puma-1:172842:173165 [6] NCCL INFO               + PCI[48.0] - NIC/0-90000
furious-puma-1:172842:173165 [6] NCCL INFO               + PCI[48.0] - GPU/0-8f000 (1)
furious-puma-1:172842:173165 [6] NCCL INFO                             + NVL[370.8] - NVS/0-0
furious-puma-1:172842:173165 [6] NCCL INFO + PCI[48.0] - PCI/0-ffffff030 (0)
furious-puma-1:172842:173165 [6] NCCL INFO               + PCI[48.0] - NIC/0-a0000
furious-puma-1:172842:173165 [6] NCCL INFO               + PCI[48.0] - GPU/0-9f000 (2)
furious-puma-1:172842:173165 [6] NCCL INFO                             + NVL[370.8] - NVS/0-0
furious-puma-1:172842:173165 [6] NCCL INFO + PCI[48.0] - PCI/0-ffffff040 (0)
furious-puma-1:172842:173165 [6] NCCL INFO               + PCI[48.0] - NIC/0-b0000
furious-puma-1:172842:173165 [6] NCCL INFO               + PCI[48.0] - GPU/0-af000 (3)
furious-puma-1:172842:173165 [6] NCCL INFO                             + NVL[370.8] - NVS/0-0
furious-puma-1:172842:173165 [6] NCCL INFO + SYS[22.0] - CPU/0-1
furious-puma-1:172842:173165 [6] NCCL INFO CPU/0-1 (1/1/3)
furious-puma-1:172842:173165 [6] NCCL INFO + PCI[48.0] - PCI/0-ffffff050 (0)
furious-puma-1:172842:173165 [6] NCCL INFO               + PCI[48.0] - NIC/0-c0000
furious-puma-1:172842:173165 [6] NCCL INFO               + PCI[48.0] - GPU/0-bf000 (4)
furious-puma-1:172842:173165 [6] NCCL INFO                             + NVL[370.8] - NVS/0-0
furious-puma-1:172842:173165 [6] NCCL INFO + PCI[48.0] - PCI/0-ffffff060 (0)
furious-puma-1:172842:173165 [6] NCCL INFO               + PCI[48.0] - NIC/0-d0000
furious-puma-1:172842:173165 [6] NCCL INFO               + PCI[48.0] - GPU/0-cf000 (5)
furious-puma-1:172842:173165 [6] NCCL INFO                             + NVL[370.8] - NVS/0-0
furious-puma-1:172842:173165 [6] NCCL INFO + PCI[48.0] - PCI/0-ffffff070 (0)
furious-puma-1:172842:173165 [6] NCCL INFO               + PCI[48.0] - NIC/0-e0000
furious-puma-1:172842:173165 [6] NCCL INFO               + PCI[48.0] - GPU/0-df000 (6)
furious-puma-1:172842:173165 [6] NCCL INFO                             + NVL[370.8] - NVS/0-0
furious-puma-1:172842:173165 [6] NCCL INFO + PCI[48.0] - PCI/0-ffffff080 (0)
furious-puma-1:172842:173165 [6] NCCL INFO               + PCI[48.0] - NIC/0-f0000
furious-puma-1:172842:173165 [6] NCCL INFO               + PCI[48.0] - GPU/0-ef000 (7)
furious-puma-1:172842:173165 [6] NCCL INFO                             + NVL[370.8] - NVS/0-0
furious-puma-1:172842:173165 [6] NCCL INFO + SYS[22.0] - CPU/0-0
furious-puma-1:172842:173165 [6] NCCL INFO ==========================================
furious-puma-1:172842:173165 [6] NCCL INFO GPU/0-7f000 :GPU/0-7f000 (0/5000.0/LOC) GPU/0-8f000 (2/370.8/NVL) GPU/0-9f000 (2/370.8/NVL) GPU/0-af000 (2/370.8/NVL) GPU/0-bf000 (2/370.8/NVL) GPU/0-cf000 (2/370.8/NVL) GPU/0-df000 (2/370.8/NVL) GPU/0-ef000 (2/370.8/NVL) NVS/0-0 (1/370.8/NVL) CPU/0-0 (2/48.0/PHB) CPU/0-1 (3/22.0/SYS) 
furious-puma-1:172842:173165 [6] NCCL INFO GPU/0-8f000 :GPU/0-7f000 (2/370.8/NVL) GPU/0-8f000 (0/5000.0/LOC) GPU/0-9f000 (2/370.8/NVL) GPU/0-af000 (2/370.8/NVL) GPU/0-bf000 (2/370.8/NVL) GPU/0-cf000 (2/370.8/NVL) GPU/0-df000 (2/370.8/NVL) GPU/0-ef000 (2/370.8/NVL) NVS/0-0 (1/370.8/NVL) CPU/0-0 (2/48.0/PHB) CPU/0-1 (3/22.0/SYS) 
furious-puma-1:172842:173165 [6] NCCL INFO GPU/0-9f000 :GPU/0-7f000 (2/370.8/NVL) GPU/0-8f000 (2/370.8/NVL) GPU/0-9f000 (0/5000.0/LOC) GPU/0-af000 (2/370.8/NVL) GPU/0-bf000 (2/370.8/NVL) GPU/0-cf000 (2/370.8/NVL) GPU/0-df000 (2/370.8/NVL) GPU/0-ef000 (2/370.8/NVL) NVS/0-0 (1/370.8/NVL) CPU/0-0 (2/48.0/PHB) CPU/0-1 (3/22.0/SYS) 
furious-puma-1:172842:173165 [6] NCCL INFO GPU/0-af000 :GPU/0-7f000 (2/370.8/NVL) GPU/0-8f000 (2/370.8/NVL) GPU/0-9f000 (2/370.8/NVL) GPU/0-af000 (0/5000.0/LOC) GPU/0-bf000 (2/370.8/NVL) GPU/0-cf000 (2/370.8/NVL) GPU/0-df000 (2/370.8/NVL) GPU/0-ef000 (2/370.8/NVL) NVS/0-0 (1/370.8/NVL) CPU/0-0 (2/48.0/PHB) CPU/0-1 (3/22.0/SYS) 
furious-puma-1:172842:173165 [6] NCCL INFO GPU/0-bf000 :GPU/0-7f000 (2/370.8/NVL) GPU/0-8f000 (2/370.8/NVL) GPU/0-9f000 (2/370.8/NVL) GPU/0-af000 (2/370.8/NVL) GPU/0-bf000 (0/5000.0/LOC) GPU/0-cf000 (2/370.8/NVL) GPU/0-df000 (2/370.8/NVL) GPU/0-ef000 (2/370.8/NVL) NVS/0-0 (1/370.8/NVL) CPU/0-0 (3/22.0/SYS) CPU/0-1 (2/48.0/PHB) 
furious-puma-1:172842:173165 [6] NCCL INFO GPU/0-cf000 :GPU/0-7f000 (2/370.8/NVL) GPU/0-8f000 (2/370.8/NVL) GPU/0-9f000 (2/370.8/NVL) GPU/0-af000 (2/370.8/NVL) GPU/0-bf000 (2/370.8/NVL) GPU/0-cf000 (0/5000.0/LOC) GPU/0-df000 (2/370.8/NVL) GPU/0-ef000 (2/370.8/NVL) NVS/0-0 (1/370.8/NVL) CPU/0-0 (3/22.0/SYS) CPU/0-1 (2/48.0/PHB) 
furious-puma-1:172842:173165 [6] NCCL INFO GPU/0-df000 :GPU/0-7f000 (2/370.8/NVL) GPU/0-8f000 (2/370.8/NVL) GPU/0-9f000 (2/370.8/NVL) GPU/0-af000 (2/370.8/NVL) GPU/0-bf000 (2/370.8/NVL) GPU/0-cf000 (2/370.8/NVL) GPU/0-df000 (0/5000.0/LOC) GPU/0-ef000 (2/370.8/NVL) NVS/0-0 (1/370.8/NVL) CPU/0-0 (3/22.0/SYS) CPU/0-1 (2/48.0/PHB) 
furious-puma-1:172842:173165 [6] NCCL INFO GPU/0-ef000 :GPU/0-7f000 (2/370.8/NVL) GPU/0-8f000 (2/370.8/NVL) GPU/0-9f000 (2/370.8/NVL) GPU/0-af000 (2/370.8/NVL) GPU/0-bf000 (2/370.8/NVL) GPU/0-cf000 (2/370.8/NVL) GPU/0-df000 (2/370.8/NVL) GPU/0-ef000 (0/5000.0/LOC) NVS/0-0 (1/370.8/NVL) CPU/0-0 (3/22.0/SYS) CPU/0-1 (2/48.0/PHB) 
furious-puma-1:172842:173165 [6] NCCL INFO Setting affinity for GPU 6 to 80-159
furious-puma-1:172842:173165 [6] NCCL INFO NVLS multicast support is available on dev 6 (NVLS_NCHANNELS 16)
furious-puma-1:172838:173190 [2] NCCL INFO Pattern 4, crossNic 0, nChannels 12, bw 30.000000/30.000000, type NVL/PIX, sameChannels 1
furious-puma-1:172838:173190 [2] NCCL INFO  0 : GPU/0-7f000 GPU/0-8f000 GPU/0-9f000 GPU/0-af000 GPU/0-bf000 GPU/0-cf000 GPU/0-df000 GPU/0-ef000
furious-puma-1:172838:173190 [2] NCCL INFO  1 : GPU/0-7f000 GPU/0-8f000 GPU/0-9f000 GPU/0-af000 GPU/0-bf000 GPU/0-cf000 GPU/0-df000 GPU/0-ef000
furious-puma-1:172838:173190 [2] NCCL INFO  2 : GPU/0-7f000 GPU/0-8f000 GPU/0-9f000 GPU/0-af000 GPU/0-bf000 GPU/0-cf000 GPU/0-df000 GPU/0-ef000
furious-puma-1:172838:173190 [2] NCCL INFO  3 : GPU/0-7f000 GPU/0-8f000 GPU/0-9f000 GPU/0-af000 GPU/0-bf000 GPU/0-cf000 GPU/0-df000 GPU/0-ef000
furious-puma-1:172838:173190 [2] NCCL INFO  4 : GPU/0-7f000 GPU/0-8f000 GPU/0-9f000 GPU/0-af000 GPU/0-bf000 GPU/0-cf000 GPU/0-df000 GPU/0-ef000
furious-puma-1:172838:173190 [2] NCCL INFO  5 : GPU/0-7f000 GPU/0-8f000 GPU/0-9f000 GPU/0-af000 GPU/0-bf000 GPU/0-cf000 GPU/0-df000 GPU/0-ef000
furious-puma-1:172838:173190 [2] NCCL INFO  6 : GPU/0-7f000 GPU/0-8f000 GPU/0-9f000 GPU/0-af000 GPU/0-bf000 GPU/0-cf000 GPU/0-df000 GPU/0-ef000
furious-puma-1:172838:173190 [2] NCCL INFO  7 : GPU/0-7f000 GPU/0-8f000 GPU/0-9f000 GPU/0-af000 GPU/0-bf000 GPU/0-cf000 GPU/0-df000 GPU/0-ef000
furious-puma-1:172838:173190 [2] NCCL INFO  8 : GPU/0-7f000 GPU/0-8f000 GPU/0-9f000 GPU/0-af000 GPU/0-bf000 GPU/0-cf000 GPU/0-df000 GPU/0-ef000
furious-puma-1:172838:173190 [2] NCCL INFO  9 : GPU/0-7f000 GPU/0-8f000 GPU/0-9f000 GPU/0-af000 GPU/0-bf000 GPU/0-cf000 GPU/0-df000 GPU/0-ef000
furious-puma-1:172838:173190 [2] NCCL INFO 10 : GPU/0-7f000 GPU/0-8f000 GPU/0-9f000 GPU/0-af000 GPU/0-bf000 GPU/0-cf000 GPU/0-df000 GPU/0-ef000
furious-puma-1:172838:173190 [2] NCCL INFO 11 : GPU/0-7f000 GPU/0-8f000 GPU/0-9f000 GPU/0-af000 GPU/0-bf000 GPU/0-cf000 GPU/0-df000 GPU/0-ef000
furious-puma-1:172838:173190 [2] NCCL INFO Pattern 1, crossNic 0, nChannels 12, bw 30.000000/30.000000, type NVL/PIX, sameChannels 1
furious-puma-1:172838:173190 [2] NCCL INFO  0 : GPU/0-7f000 GPU/0-8f000 GPU/0-9f000 GPU/0-af000 GPU/0-bf000 GPU/0-cf000 GPU/0-df000 GPU/0-ef000
furious-puma-1:172838:173190 [2] NCCL INFO  1 : GPU/0-7f000 GPU/0-8f000 GPU/0-9f000 GPU/0-af000 GPU/0-bf000 GPU/0-cf000 GPU/0-df000 GPU/0-ef000
furious-puma-1:172838:173190 [2] NCCL INFO  2 : GPU/0-7f000 GPU/0-8f000 GPU/0-9f000 GPU/0-af000 GPU/0-bf000 GPU/0-cf000 GPU/0-df000 GPU/0-ef000
furious-puma-1:172838:173190 [2] NCCL INFO  3 : GPU/0-7f000 GPU/0-8f000 GPU/0-9f000 GPU/0-af000 GPU/0-bf000 GPU/0-cf000 GPU/0-df000 GPU/0-ef000
furious-puma-1:172838:173190 [2] NCCL INFO  4 : GPU/0-7f000 GPU/0-8f000 GPU/0-9f000 GPU/0-af000 GPU/0-bf000 GPU/0-cf000 GPU/0-df000 GPU/0-ef000
furious-puma-1:172838:173190 [2] NCCL INFO  5 : GPU/0-7f000 GPU/0-8f000 GPU/0-9f000 GPU/0-af000 GPU/0-bf000 GPU/0-cf000 GPU/0-df000 GPU/0-ef000
furious-puma-1:172838:173190 [2] NCCL INFO  6 : GPU/0-7f000 GPU/0-8f000 GPU/0-9f000 GPU/0-af000 GPU/0-bf000 GPU/0-cf000 GPU/0-df000 GPU/0-ef000
furious-puma-1:172838:173190 [2] NCCL INFO  7 : GPU/0-7f000 GPU/0-8f000 GPU/0-9f000 GPU/0-af000 GPU/0-bf000 GPU/0-cf000 GPU/0-df000 GPU/0-ef000
furious-puma-1:172838:173190 [2] NCCL INFO  8 : GPU/0-7f000 GPU/0-8f000 GPU/0-9f000 GPU/0-af000 GPU/0-bf000 GPU/0-cf000 GPU/0-df000 GPU/0-ef000
furious-puma-1:172838:173190 [2] NCCL INFO  9 : GPU/0-7f000 GPU/0-8f000 GPU/0-9f000 GPU/0-af000 GPU/0-bf000 GPU/0-cf000 GPU/0-df000 GPU/0-ef000
furious-puma-1:172838:173190 [2] NCCL INFO 10 : GPU/0-7f000 GPU/0-8f000 GPU/0-9f000 GPU/0-af000 GPU/0-bf000 GPU/0-cf000 GPU/0-df000 GPU/0-ef000
furious-puma-1:172838:173190 [2] NCCL INFO 11 : GPU/0-7f000 GPU/0-8f000 GPU/0-9f000 GPU/0-af000 GPU/0-bf000 GPU/0-cf000 GPU/0-df000 GPU/0-ef000
furious-puma-1:172838:173190 [2] NCCL INFO Pattern 5, crossNic 0, nChannels 8, bw 40.000000/60.000000, type NVL/PIX, sameChannels 0
furious-puma-1:172838:173190 [2] NCCL INFO  0 : GPU/0-7f000
furious-puma-1:172838:173190 [2] NCCL INFO  1 : GPU/0-8f000
furious-puma-1:172838:173190 [2] NCCL INFO  2 : GPU/0-9f000
furious-puma-1:172838:173190 [2] NCCL INFO  3 : GPU/0-af000
furious-puma-1:172838:173190 [2] NCCL INFO  4 : GPU/0-bf000
furious-puma-1:172838:173190 [2] NCCL INFO  5 : GPU/0-cf000
furious-puma-1:172838:173190 [2] NCCL INFO  6 : GPU/0-df000
furious-puma-1:172838:173190 [2] NCCL INFO  7 : GPU/0-ef000
furious-puma-1:172837:173189 [1] NCCL INFO Pattern 4, crossNic 0, nChannels 12, bw 30.000000/30.000000, type NVL/PIX, sameChannels 1
furious-puma-1:172837:173189 [1] NCCL INFO  0 : GPU/0-7f000 GPU/0-8f000 GPU/0-9f000 GPU/0-af000 GPU/0-bf000 GPU/0-cf000 GPU/0-df000 GPU/0-ef000
furious-puma-1:172837:173189 [1] NCCL INFO  1 : GPU/0-7f000 GPU/0-8f000 GPU/0-9f000 GPU/0-af000 GPU/0-bf000 GPU/0-cf000 GPU/0-df000 GPU/0-ef000
furious-puma-1:172837:173189 [1] NCCL INFO  2 : GPU/0-7f000 GPU/0-8f000 GPU/0-9f000 GPU/0-af000 GPU/0-bf000 GPU/0-cf000 GPU/0-df000 GPU/0-ef000
furious-puma-1:172837:173189 [1] NCCL INFO  3 : GPU/0-7f000 GPU/0-8f000 GPU/0-9f000 GPU/0-af000 GPU/0-bf000 GPU/0-cf000 GPU/0-df000 GPU/0-ef000
furious-puma-1:172837:173189 [1] NCCL INFO  4 : GPU/0-7f000 GPU/0-8f000 GPU/0-9f000 GPU/0-af000 GPU/0-bf000 GPU/0-cf000 GPU/0-df000 GPU/0-ef000
furious-puma-1:172837:173189 [1] NCCL INFO  5 : GPU/0-7f000 GPU/0-8f000 GPU/0-9f000 GPU/0-af000 GPU/0-bf000 GPU/0-cf000 GPU/0-df000 GPU/0-ef000
furious-puma-1:172837:173189 [1] NCCL INFO  6 : GPU/0-7f000 GPU/0-8f000 GPU/0-9f000 GPU/0-af000 GPU/0-bf000 GPU/0-cf000 GPU/0-df000 GPU/0-ef000
furious-puma-1:172837:173189 [1] NCCL INFO  7 : GPU/0-7f000 GPU/0-8f000 GPU/0-9f000 GPU/0-af000 GPU/0-bf000 GPU/0-cf000 GPU/0-df000 GPU/0-ef000
furious-puma-1:172837:173189 [1] NCCL INFO  8 : GPU/0-7f000 GPU/0-8f000 GPU/0-9f000 GPU/0-af000 GPU/0-bf000 GPU/0-cf000 GPU/0-df000 GPU/0-ef000
furious-puma-1:172837:173189 [1] NCCL INFO  9 : GPU/0-7f000 GPU/0-8f000 GPU/0-9f000 GPU/0-af000 GPU/0-bf000 GPU/0-cf000 GPU/0-df000 GPU/0-ef000
furious-puma-1:172837:173189 [1] NCCL INFO 10 : GPU/0-7f000 GPU/0-8f000 GPU/0-9f000 GPU/0-af000 GPU/0-bf000 GPU/0-cf000 GPU/0-df000 GPU/0-ef000
furious-puma-1:172837:173189 [1] NCCL INFO 11 : GPU/0-7f000 GPU/0-8f000 GPU/0-9f000 GPU/0-af000 GPU/0-bf000 GPU/0-cf000 GPU/0-df000 GPU/0-ef000
furious-puma-1:172837:173189 [1] NCCL INFO Pattern 1, crossNic 0, nChannels 12, bw 30.000000/30.000000, type NVL/PIX, sameChannels 1
furious-puma-1:172837:173189 [1] NCCL INFO  0 : GPU/0-7f000 GPU/0-8f000 GPU/0-9f000 GPU/0-af000 GPU/0-bf000 GPU/0-cf000 GPU/0-df000 GPU/0-ef000
furious-puma-1:172837:173189 [1] NCCL INFO  1 : GPU/0-7f000 GPU/0-8f000 GPU/0-9f000 GPU/0-af000 GPU/0-bf000 GPU/0-cf000 GPU/0-df000 GPU/0-ef000
furious-puma-1:172837:173189 [1] NCCL INFO  2 : GPU/0-7f000 GPU/0-8f000 GPU/0-9f000 GPU/0-af000 GPU/0-bf000 GPU/0-cf000 GPU/0-df000 GPU/0-ef000
furious-puma-1:172837:173189 [1] NCCL INFO  3 : GPU/0-7f000 GPU/0-8f000 GPU/0-9f000 GPU/0-af000 GPU/0-bf000 GPU/0-cf000 GPU/0-df000 GPU/0-ef000
furious-puma-1:172837:173189 [1] NCCL INFO  4 : GPU/0-7f000 GPU/0-8f000 GPU/0-9f000 GPU/0-af000 GPU/0-bf000 GPU/0-cf000 GPU/0-df000 GPU/0-ef000
furious-puma-1:172837:173189 [1] NCCL INFO  5 : GPU/0-7f000 GPU/0-8f000 GPU/0-9f000 GPU/0-af000 GPU/0-bf000 GPU/0-cf000 GPU/0-df000 GPU/0-ef000
furious-puma-1:172837:173189 [1] NCCL INFO  6 : GPU/0-7f000 GPU/0-8f000 GPU/0-9f000 GPU/0-af000 GPU/0-bf000 GPU/0-cf000 GPU/0-df000 GPU/0-ef000
furious-puma-1:172837:173189 [1] NCCL INFO  7 : GPU/0-7f000 GPU/0-8f000 GPU/0-9f000 GPU/0-af000 GPU/0-bf000 GPU/0-cf000 GPU/0-df000 GPU/0-ef000
furious-puma-1:172837:173189 [1] NCCL INFO  8 : GPU/0-7f000 GPU/0-8f000 GPU/0-9f000 GPU/0-af000 GPU/0-bf000 GPU/0-cf000 GPU/0-df000 GPU/0-ef000
furious-puma-1:172837:173189 [1] NCCL INFO  9 : GPU/0-7f000 GPU/0-8f000 GPU/0-9f000 GPU/0-af000 GPU/0-bf000 GPU/0-cf000 GPU/0-df000 GPU/0-ef000
furious-puma-1:172837:173189 [1] NCCL INFO 10 : GPU/0-7f000 GPU/0-8f000 GPU/0-9f000 GPU/0-af000 GPU/0-bf000 GPU/0-cf000 GPU/0-df000 GPU/0-ef000
furious-puma-1:172837:173189 [1] NCCL INFO 11 : GPU/0-7f000 GPU/0-8f000 GPU/0-9f000 GPU/0-af000 GPU/0-bf000 GPU/0-cf000 GPU/0-df000 GPU/0-ef000
furious-puma-1:172843:173166 [7] NCCL INFO Pattern 4, crossNic 0, nChannels 12, bw 30.000000/30.000000, type NVL/PIX, sameChannels 1
furious-puma-1:172843:173166 [7] NCCL INFO  0 : GPU/0-7f000 GPU/0-8f000 GPU/0-9f000 GPU/0-af000 GPU/0-bf000 GPU/0-cf000 GPU/0-df000 GPU/0-ef000
furious-puma-1:172843:173166 [7] NCCL INFO  1 : GPU/0-7f000 GPU/0-8f000 GPU/0-9f000 GPU/0-af000 GPU/0-bf000 GPU/0-cf000 GPU/0-df000 GPU/0-ef000
furious-puma-1:172843:173166 [7] NCCL INFO  2 : GPU/0-7f000 GPU/0-8f000 GPU/0-9f000 GPU/0-af000 GPU/0-bf000 GPU/0-cf000 GPU/0-df000 GPU/0-ef000
furious-puma-1:172843:173166 [7] NCCL INFO  3 : GPU/0-7f000 GPU/0-8f000 GPU/0-9f000 GPU/0-af000 GPU/0-bf000 GPU/0-cf000 GPU/0-df000 GPU/0-ef000
furious-puma-1:172843:173166 [7] NCCL INFO  4 : GPU/0-7f000 GPU/0-8f000 GPU/0-9f000 GPU/0-af000 GPU/0-bf000 GPU/0-cf000 GPU/0-df000 GPU/0-ef000
furious-puma-1:172843:173166 [7] NCCL INFO  5 : GPU/0-7f000 GPU/0-8f000 GPU/0-9f000 GPU/0-af000 GPU/0-bf000 GPU/0-cf000 GPU/0-df000 GPU/0-ef000
furious-puma-1:172843:173166 [7] NCCL INFO  6 : GPU/0-7f000 GPU/0-8f000 GPU/0-9f000 GPU/0-af000 GPU/0-bf000 GPU/0-cf000 GPU/0-df000 GPU/0-ef000
furious-puma-1:172843:173166 [7] NCCL INFO  7 : GPU/0-7f000 GPU/0-8f000 GPU/0-9f000 GPU/0-af000 GPU/0-bf000 GPU/0-cf000 GPU/0-df000 GPU/0-ef000
furious-puma-1:172843:173166 [7] NCCL INFO  8 : GPU/0-7f000 GPU/0-8f000 GPU/0-9f000 GPU/0-af000 GPU/0-bf000 GPU/0-cf000 GPU/0-df000 GPU/0-ef000
furious-puma-1:172843:173166 [7] NCCL INFO  9 : GPU/0-7f000 GPU/0-8f000 GPU/0-9f000 GPU/0-af000 GPU/0-bf000 GPU/0-cf000 GPU/0-df000 GPU/0-ef000
furious-puma-1:172843:173166 [7] NCCL INFO 10 : GPU/0-7f000 GPU/0-8f000 GPU/0-9f000 GPU/0-af000 GPU/0-bf000 GPU/0-cf000 GPU/0-df000 GPU/0-ef000
furious-puma-1:172843:173166 [7] NCCL INFO 11 : GPU/0-7f000 GPU/0-8f000 GPU/0-9f000 GPU/0-af000 GPU/0-bf000 GPU/0-cf000 GPU/0-df000 GPU/0-ef000
furious-puma-1:172837:173189 [1] NCCL INFO Pattern 5, crossNic 0, nChannels 8, bw 40.000000/60.000000, type NVL/PIX, sameChannels 0
furious-puma-1:172843:173166 [7] NCCL INFO Pattern 1, crossNic 0, nChannels 12, bw 30.000000/30.000000, type NVL/PIX, sameChannels 1
furious-puma-1:172837:173189 [1] NCCL INFO  0 : GPU/0-7f000
furious-puma-1:172837:173189 [1] NCCL INFO  1 : GPU/0-8f000
furious-puma-1:172843:173166 [7] NCCL INFO  0 : GPU/0-7f000 GPU/0-8f000 GPU/0-9f000 GPU/0-af000 GPU/0-bf000 GPU/0-cf000 GPU/0-df000 GPU/0-ef000
furious-puma-1:172837:173189 [1] NCCL INFO  2 : GPU/0-9f000
furious-puma-1:172837:173189 [1] NCCL INFO  3 : GPU/0-af000
furious-puma-1:172837:173189 [1] NCCL INFO  4 : GPU/0-bf000
furious-puma-1:172843:173166 [7] NCCL INFO  1 : GPU/0-7f000 GPU/0-8f000 GPU/0-9f000 GPU/0-af000 GPU/0-bf000 GPU/0-cf000 GPU/0-df000 GPU/0-ef000
furious-puma-1:172837:173189 [1] NCCL INFO  5 : GPU/0-cf000
furious-puma-1:172843:173166 [7] NCCL INFO  2 : GPU/0-7f000 GPU/0-8f000 GPU/0-9f000 GPU/0-af000 GPU/0-bf000 GPU/0-cf000 GPU/0-df000 GPU/0-ef000
furious-puma-1:172837:173189 [1] NCCL INFO  6 : GPU/0-df000
furious-puma-1:172837:173189 [1] NCCL INFO  7 : GPU/0-ef000
furious-puma-1:172843:173166 [7] NCCL INFO  3 : GPU/0-7f000 GPU/0-8f000 GPU/0-9f000 GPU/0-af000 GPU/0-bf000 GPU/0-cf000 GPU/0-df000 GPU/0-ef000
furious-puma-1:172843:173166 [7] NCCL INFO  4 : GPU/0-7f000 GPU/0-8f000 GPU/0-9f000 GPU/0-af000 GPU/0-bf000 GPU/0-cf000 GPU/0-df000 GPU/0-ef000
furious-puma-1:172843:173166 [7] NCCL INFO  5 : GPU/0-7f000 GPU/0-8f000 GPU/0-9f000 GPU/0-af000 GPU/0-bf000 GPU/0-cf000 GPU/0-df000 GPU/0-ef000
furious-puma-1:172843:173166 [7] NCCL INFO  6 : GPU/0-7f000 GPU/0-8f000 GPU/0-9f000 GPU/0-af000 GPU/0-bf000 GPU/0-cf000 GPU/0-df000 GPU/0-ef000
furious-puma-1:172843:173166 [7] NCCL INFO  7 : GPU/0-7f000 GPU/0-8f000 GPU/0-9f000 GPU/0-af000 GPU/0-bf000 GPU/0-cf000 GPU/0-df000 GPU/0-ef000
furious-puma-1:172843:173166 [7] NCCL INFO  8 : GPU/0-7f000 GPU/0-8f000 GPU/0-9f000 GPU/0-af000 GPU/0-bf000 GPU/0-cf000 GPU/0-df000 GPU/0-ef000
furious-puma-1:172843:173166 [7] NCCL INFO  9 : GPU/0-7f000 GPU/0-8f000 GPU/0-9f000 GPU/0-af000 GPU/0-bf000 GPU/0-cf000 GPU/0-df000 GPU/0-ef000
furious-puma-1:172843:173166 [7] NCCL INFO 10 : GPU/0-7f000 GPU/0-8f000 GPU/0-9f000 GPU/0-af000 GPU/0-bf000 GPU/0-cf000 GPU/0-df000 GPU/0-ef000
furious-puma-1:172843:173166 [7] NCCL INFO 11 : GPU/0-7f000 GPU/0-8f000 GPU/0-9f000 GPU/0-af000 GPU/0-bf000 GPU/0-cf000 GPU/0-df000 GPU/0-ef000
furious-puma-1:172843:173166 [7] NCCL INFO Pattern 5, crossNic 0, nChannels 8, bw 40.000000/60.000000, type NVL/PIX, sameChannels 0
furious-puma-1:172843:173166 [7] NCCL INFO  0 : GPU/0-7f000
furious-puma-1:172843:173166 [7] NCCL INFO  1 : GPU/0-8f000
furious-puma-1:172843:173166 [7] NCCL INFO  2 : GPU/0-9f000
furious-puma-1:172843:173166 [7] NCCL INFO  3 : GPU/0-af000
furious-puma-1:172843:173166 [7] NCCL INFO  4 : GPU/0-bf000
furious-puma-1:172843:173166 [7] NCCL INFO  5 : GPU/0-cf000
furious-puma-1:172843:173166 [7] NCCL INFO  6 : GPU/0-df000
furious-puma-1:172843:173166 [7] NCCL INFO  7 : GPU/0-ef000
furious-puma-1:172840:173168 [4] NCCL INFO Pattern 4, crossNic 0, nChannels 12, bw 30.000000/30.000000, type NVL/PIX, sameChannels 1
furious-puma-1:172840:173168 [4] NCCL INFO  0 : GPU/0-7f000 GPU/0-8f000 GPU/0-9f000 GPU/0-af000 GPU/0-bf000 GPU/0-cf000 GPU/0-df000 GPU/0-ef000
furious-puma-1:172840:173168 [4] NCCL INFO  1 : GPU/0-7f000 GPU/0-8f000 GPU/0-9f000 GPU/0-af000 GPU/0-bf000 GPU/0-cf000 GPU/0-df000 GPU/0-ef000
furious-puma-1:172840:173168 [4] NCCL INFO  2 : GPU/0-7f000 GPU/0-8f000 GPU/0-9f000 GPU/0-af000 GPU/0-bf000 GPU/0-cf000 GPU/0-df000 GPU/0-ef000
furious-puma-1:172840:173168 [4] NCCL INFO  3 : GPU/0-7f000 GPU/0-8f000 GPU/0-9f000 GPU/0-af000 GPU/0-bf000 GPU/0-cf000 GPU/0-df000 GPU/0-ef000
furious-puma-1:172840:173168 [4] NCCL INFO  4 : GPU/0-7f000 GPU/0-8f000 GPU/0-9f000 GPU/0-af000 GPU/0-bf000 GPU/0-cf000 GPU/0-df000 GPU/0-ef000
furious-puma-1:172840:173168 [4] NCCL INFO  5 : GPU/0-7f000 GPU/0-8f000 GPU/0-9f000 GPU/0-af000 GPU/0-bf000 GPU/0-cf000 GPU/0-df000 GPU/0-ef000
furious-puma-1:172840:173168 [4] NCCL INFO  6 : GPU/0-7f000 GPU/0-8f000 GPU/0-9f000 GPU/0-af000 GPU/0-bf000 GPU/0-cf000 GPU/0-df000 GPU/0-ef000
furious-puma-1:172840:173168 [4] NCCL INFO  7 : GPU/0-7f000 GPU/0-8f000 GPU/0-9f000 GPU/0-af000 GPU/0-bf000 GPU/0-cf000 GPU/0-df000 GPU/0-ef000
furious-puma-1:172840:173168 [4] NCCL INFO  8 : GPU/0-7f000 GPU/0-8f000 GPU/0-9f000 GPU/0-af000 GPU/0-bf000 GPU/0-cf000 GPU/0-df000 GPU/0-ef000
furious-puma-1:172840:173168 [4] NCCL INFO  9 : GPU/0-7f000 GPU/0-8f000 GPU/0-9f000 GPU/0-af000 GPU/0-bf000 GPU/0-cf000 GPU/0-df000 GPU/0-ef000
furious-puma-1:172840:173168 [4] NCCL INFO 10 : GPU/0-7f000 GPU/0-8f000 GPU/0-9f000 GPU/0-af000 GPU/0-bf000 GPU/0-cf000 GPU/0-df000 GPU/0-ef000
furious-puma-1:172840:173168 [4] NCCL INFO 11 : GPU/0-7f000 GPU/0-8f000 GPU/0-9f000 GPU/0-af000 GPU/0-bf000 GPU/0-cf000 GPU/0-df000 GPU/0-ef000
furious-puma-1:172840:173168 [4] NCCL INFO Pattern 1, crossNic 0, nChannels 12, bw 30.000000/30.000000, type NVL/PIX, sameChannels 1
furious-puma-1:172840:173168 [4] NCCL INFO  0 : GPU/0-7f000 GPU/0-8f000 GPU/0-9f000 GPU/0-af000 GPU/0-bf000 GPU/0-cf000 GPU/0-df000 GPU/0-ef000
furious-puma-1:172840:173168 [4] NCCL INFO  1 : GPU/0-7f000 GPU/0-8f000 GPU/0-9f000 GPU/0-af000 GPU/0-bf000 GPU/0-cf000 GPU/0-df000 GPU/0-ef000
furious-puma-1:172840:173168 [4] NCCL INFO  2 : GPU/0-7f000 GPU/0-8f000 GPU/0-9f000 GPU/0-af000 GPU/0-bf000 GPU/0-cf000 GPU/0-df000 GPU/0-ef000
furious-puma-1:172840:173168 [4] NCCL INFO  3 : GPU/0-7f000 GPU/0-8f000 GPU/0-9f000 GPU/0-af000 GPU/0-bf000 GPU/0-cf000 GPU/0-df000 GPU/0-ef000
furious-puma-1:172840:173168 [4] NCCL INFO  4 : GPU/0-7f000 GPU/0-8f000 GPU/0-9f000 GPU/0-af000 GPU/0-bf000 GPU/0-cf000 GPU/0-df000 GPU/0-ef000
furious-puma-1:172840:173168 [4] NCCL INFO  5 : GPU/0-7f000 GPU/0-8f000 GPU/0-9f000 GPU/0-af000 GPU/0-bf000 GPU/0-cf000 GPU/0-df000 GPU/0-ef000
furious-puma-1:172840:173168 [4] NCCL INFO  6 : GPU/0-7f000 GPU/0-8f000 GPU/0-9f000 GPU/0-af000 GPU/0-bf000 GPU/0-cf000 GPU/0-df000 GPU/0-ef000
furious-puma-1:172840:173168 [4] NCCL INFO  7 : GPU/0-7f000 GPU/0-8f000 GPU/0-9f000 GPU/0-af000 GPU/0-bf000 GPU/0-cf000 GPU/0-df000 GPU/0-ef000
furious-puma-1:172840:173168 [4] NCCL INFO  8 : GPU/0-7f000 GPU/0-8f000 GPU/0-9f000 GPU/0-af000 GPU/0-bf000 GPU/0-cf000 GPU/0-df000 GPU/0-ef000
furious-puma-1:172840:173168 [4] NCCL INFO  9 : GPU/0-7f000 GPU/0-8f000 GPU/0-9f000 GPU/0-af000 GPU/0-bf000 GPU/0-cf000 GPU/0-df000 GPU/0-ef000
furious-puma-1:172840:173168 [4] NCCL INFO 10 : GPU/0-7f000 GPU/0-8f000 GPU/0-9f000 GPU/0-af000 GPU/0-bf000 GPU/0-cf000 GPU/0-df000 GPU/0-ef000
furious-puma-1:172840:173168 [4] NCCL INFO 11 : GPU/0-7f000 GPU/0-8f000 GPU/0-9f000 GPU/0-af000 GPU/0-bf000 GPU/0-cf000 GPU/0-df000 GPU/0-ef000
furious-puma-1:172840:173168 [4] NCCL INFO Pattern 5, crossNic 0, nChannels 8, bw 40.000000/60.000000, type NVL/PIX, sameChannels 0
furious-puma-1:172840:173168 [4] NCCL INFO  0 : GPU/0-7f000
furious-puma-1:172840:173168 [4] NCCL INFO  1 : GPU/0-8f000
furious-puma-1:172840:173168 [4] NCCL INFO  2 : GPU/0-9f000
furious-puma-1:172840:173168 [4] NCCL INFO  3 : GPU/0-af000
furious-puma-1:172840:173168 [4] NCCL INFO  4 : GPU/0-bf000
furious-puma-1:172840:173168 [4] NCCL INFO  5 : GPU/0-cf000
furious-puma-1:172840:173168 [4] NCCL INFO  6 : GPU/0-df000
furious-puma-1:172840:173168 [4] NCCL INFO  7 : GPU/0-ef000
furious-puma-1:172839:173188 [3] NCCL INFO Pattern 4, crossNic 0, nChannels 12, bw 30.000000/30.000000, type NVL/PIX, sameChannels 1
furious-puma-1:172839:173188 [3] NCCL INFO  0 : GPU/0-7f000 GPU/0-8f000 GPU/0-9f000 GPU/0-af000 GPU/0-bf000 GPU/0-cf000 GPU/0-df000 GPU/0-ef000
furious-puma-1:172839:173188 [3] NCCL INFO  1 : GPU/0-7f000 GPU/0-8f000 GPU/0-9f000 GPU/0-af000 GPU/0-bf000 GPU/0-cf000 GPU/0-df000 GPU/0-ef000
furious-puma-1:172839:173188 [3] NCCL INFO  2 : GPU/0-7f000 GPU/0-8f000 GPU/0-9f000 GPU/0-af000 GPU/0-bf000 GPU/0-cf000 GPU/0-df000 GPU/0-ef000
furious-puma-1:172839:173188 [3] NCCL INFO  3 : GPU/0-7f000 GPU/0-8f000 GPU/0-9f000 GPU/0-af000 GPU/0-bf000 GPU/0-cf000 GPU/0-df000 GPU/0-ef000
furious-puma-1:172839:173188 [3] NCCL INFO  4 : GPU/0-7f000 GPU/0-8f000 GPU/0-9f000 GPU/0-af000 GPU/0-bf000 GPU/0-cf000 GPU/0-df000 GPU/0-ef000
furious-puma-1:172839:173188 [3] NCCL INFO  5 : GPU/0-7f000 GPU/0-8f000 GPU/0-9f000 GPU/0-af000 GPU/0-bf000 GPU/0-cf000 GPU/0-df000 GPU/0-ef000
furious-puma-1:172839:173188 [3] NCCL INFO  6 : GPU/0-7f000 GPU/0-8f000 GPU/0-9f000 GPU/0-af000 GPU/0-bf000 GPU/0-cf000 GPU/0-df000 GPU/0-ef000
furious-puma-1:172839:173188 [3] NCCL INFO  7 : GPU/0-7f000 GPU/0-8f000 GPU/0-9f000 GPU/0-af000 GPU/0-bf000 GPU/0-cf000 GPU/0-df000 GPU/0-ef000
furious-puma-1:172839:173188 [3] NCCL INFO  8 : GPU/0-7f000 GPU/0-8f000 GPU/0-9f000 GPU/0-af000 GPU/0-bf000 GPU/0-cf000 GPU/0-df000 GPU/0-ef000
furious-puma-1:172839:173188 [3] NCCL INFO  9 : GPU/0-7f000 GPU/0-8f000 GPU/0-9f000 GPU/0-af000 GPU/0-bf000 GPU/0-cf000 GPU/0-df000 GPU/0-ef000
furious-puma-1:172839:173188 [3] NCCL INFO 10 : GPU/0-7f000 GPU/0-8f000 GPU/0-9f000 GPU/0-af000 GPU/0-bf000 GPU/0-cf000 GPU/0-df000 GPU/0-ef000
furious-puma-1:172839:173188 [3] NCCL INFO 11 : GPU/0-7f000 GPU/0-8f000 GPU/0-9f000 GPU/0-af000 GPU/0-bf000 GPU/0-cf000 GPU/0-df000 GPU/0-ef000
furious-puma-1:172839:173188 [3] NCCL INFO Pattern 1, crossNic 0, nChannels 12, bw 30.000000/30.000000, type NVL/PIX, sameChannels 1
furious-puma-1:172839:173188 [3] NCCL INFO  0 : GPU/0-7f000 GPU/0-8f000 GPU/0-9f000 GPU/0-af000 GPU/0-bf000 GPU/0-cf000 GPU/0-df000 GPU/0-ef000
furious-puma-1:172839:173188 [3] NCCL INFO  1 : GPU/0-7f000 GPU/0-8f000 GPU/0-9f000 GPU/0-af000 GPU/0-bf000 GPU/0-cf000 GPU/0-df000 GPU/0-ef000
furious-puma-1:172839:173188 [3] NCCL INFO  2 : GPU/0-7f000 GPU/0-8f000 GPU/0-9f000 GPU/0-af000 GPU/0-bf000 GPU/0-cf000 GPU/0-df000 GPU/0-ef000
furious-puma-1:172839:173188 [3] NCCL INFO  3 : GPU/0-7f000 GPU/0-8f000 GPU/0-9f000 GPU/0-af000 GPU/0-bf000 GPU/0-cf000 GPU/0-df000 GPU/0-ef000
furious-puma-1:172839:173188 [3] NCCL INFO  4 : GPU/0-7f000 GPU/0-8f000 GPU/0-9f000 GPU/0-af000 GPU/0-bf000 GPU/0-cf000 GPU/0-df000 GPU/0-ef000
furious-puma-1:172839:173188 [3] NCCL INFO  5 : GPU/0-7f000 GPU/0-8f000 GPU/0-9f000 GPU/0-af000 GPU/0-bf000 GPU/0-cf000 GPU/0-df000 GPU/0-ef000
furious-puma-1:172839:173188 [3] NCCL INFO  6 : GPU/0-7f000 GPU/0-8f000 GPU/0-9f000 GPU/0-af000 GPU/0-bf000 GPU/0-cf000 GPU/0-df000 GPU/0-ef000
furious-puma-1:172839:173188 [3] NCCL INFO  7 : GPU/0-7f000 GPU/0-8f000 GPU/0-9f000 GPU/0-af000 GPU/0-bf000 GPU/0-cf000 GPU/0-df000 GPU/0-ef000
furious-puma-1:172839:173188 [3] NCCL INFO  8 : GPU/0-7f000 GPU/0-8f000 GPU/0-9f000 GPU/0-af000 GPU/0-bf000 GPU/0-cf000 GPU/0-df000 GPU/0-ef000
furious-puma-1:172839:173188 [3] NCCL INFO  9 : GPU/0-7f000 GPU/0-8f000 GPU/0-9f000 GPU/0-af000 GPU/0-bf000 GPU/0-cf000 GPU/0-df000 GPU/0-ef000
furious-puma-1:172839:173188 [3] NCCL INFO 10 : GPU/0-7f000 GPU/0-8f000 GPU/0-9f000 GPU/0-af000 GPU/0-bf000 GPU/0-cf000 GPU/0-df000 GPU/0-ef000
furious-puma-1:172839:173188 [3] NCCL INFO 11 : GPU/0-7f000 GPU/0-8f000 GPU/0-9f000 GPU/0-af000 GPU/0-bf000 GPU/0-cf000 GPU/0-df000 GPU/0-ef000
furious-puma-1:172839:173188 [3] NCCL INFO Pattern 5, crossNic 0, nChannels 8, bw 40.000000/60.000000, type NVL/PIX, sameChannels 0
furious-puma-1:172839:173188 [3] NCCL INFO  0 : GPU/0-7f000
furious-puma-1:172839:173188 [3] NCCL INFO  1 : GPU/0-8f000
furious-puma-1:172839:173188 [3] NCCL INFO  2 : GPU/0-9f000
furious-puma-1:172839:173188 [3] NCCL INFO  3 : GPU/0-af000
furious-puma-1:172839:173188 [3] NCCL INFO  4 : GPU/0-bf000
furious-puma-1:172839:173188 [3] NCCL INFO  5 : GPU/0-cf000
furious-puma-1:172839:173188 [3] NCCL INFO  6 : GPU/0-df000
furious-puma-1:172839:173188 [3] NCCL INFO  7 : GPU/0-ef000
furious-puma-1:172842:173165 [6] NCCL INFO Pattern 4, crossNic 0, nChannels 12, bw 30.000000/30.000000, type NVL/PIX, sameChannels 1
furious-puma-1:172842:173165 [6] NCCL INFO  0 : GPU/0-7f000 GPU/0-8f000 GPU/0-9f000 GPU/0-af000 GPU/0-bf000 GPU/0-cf000 GPU/0-df000 GPU/0-ef000
furious-puma-1:172842:173165 [6] NCCL INFO  1 : GPU/0-7f000 GPU/0-8f000 GPU/0-9f000 GPU/0-af000 GPU/0-bf000 GPU/0-cf000 GPU/0-df000 GPU/0-ef000
furious-puma-1:172842:173165 [6] NCCL INFO  2 : GPU/0-7f000 GPU/0-8f000 GPU/0-9f000 GPU/0-af000 GPU/0-bf000 GPU/0-cf000 GPU/0-df000 GPU/0-ef000
furious-puma-1:172842:173165 [6] NCCL INFO  3 : GPU/0-7f000 GPU/0-8f000 GPU/0-9f000 GPU/0-af000 GPU/0-bf000 GPU/0-cf000 GPU/0-df000 GPU/0-ef000
furious-puma-1:172842:173165 [6] NCCL INFO  4 : GPU/0-7f000 GPU/0-8f000 GPU/0-9f000 GPU/0-af000 GPU/0-bf000 GPU/0-cf000 GPU/0-df000 GPU/0-ef000
furious-puma-1:172842:173165 [6] NCCL INFO  5 : GPU/0-7f000 GPU/0-8f000 GPU/0-9f000 GPU/0-af000 GPU/0-bf000 GPU/0-cf000 GPU/0-df000 GPU/0-ef000
furious-puma-1:172842:173165 [6] NCCL INFO  6 : GPU/0-7f000 GPU/0-8f000 GPU/0-9f000 GPU/0-af000 GPU/0-bf000 GPU/0-cf000 GPU/0-df000 GPU/0-ef000
furious-puma-1:172842:173165 [6] NCCL INFO  7 : GPU/0-7f000 GPU/0-8f000 GPU/0-9f000 GPU/0-af000 GPU/0-bf000 GPU/0-cf000 GPU/0-df000 GPU/0-ef000
furious-puma-1:172842:173165 [6] NCCL INFO  8 : GPU/0-7f000 GPU/0-8f000 GPU/0-9f000 GPU/0-af000 GPU/0-bf000 GPU/0-cf000 GPU/0-df000 GPU/0-ef000
furious-puma-1:172842:173165 [6] NCCL INFO  9 : GPU/0-7f000 GPU/0-8f000 GPU/0-9f000 GPU/0-af000 GPU/0-bf000 GPU/0-cf000 GPU/0-df000 GPU/0-ef000
furious-puma-1:172842:173165 [6] NCCL INFO 10 : GPU/0-7f000 GPU/0-8f000 GPU/0-9f000 GPU/0-af000 GPU/0-bf000 GPU/0-cf000 GPU/0-df000 GPU/0-ef000
furious-puma-1:172842:173165 [6] NCCL INFO 11 : GPU/0-7f000 GPU/0-8f000 GPU/0-9f000 GPU/0-af000 GPU/0-bf000 GPU/0-cf000 GPU/0-df000 GPU/0-ef000
furious-puma-1:172842:173165 [6] NCCL INFO Pattern 1, crossNic 0, nChannels 12, bw 30.000000/30.000000, type NVL/PIX, sameChannels 1
furious-puma-1:172842:173165 [6] NCCL INFO  0 : GPU/0-7f000 GPU/0-8f000 GPU/0-9f000 GPU/0-af000 GPU/0-bf000 GPU/0-cf000 GPU/0-df000 GPU/0-ef000
furious-puma-1:172842:173165 [6] NCCL INFO  1 : GPU/0-7f000 GPU/0-8f000 GPU/0-9f000 GPU/0-af000 GPU/0-bf000 GPU/0-cf000 GPU/0-df000 GPU/0-ef000
furious-puma-1:172842:173165 [6] NCCL INFO  2 : GPU/0-7f000 GPU/0-8f000 GPU/0-9f000 GPU/0-af000 GPU/0-bf000 GPU/0-cf000 GPU/0-df000 GPU/0-ef000
furious-puma-1:172842:173165 [6] NCCL INFO  3 : GPU/0-7f000 GPU/0-8f000 GPU/0-9f000 GPU/0-af000 GPU/0-bf000 GPU/0-cf000 GPU/0-df000 GPU/0-ef000
furious-puma-1:172842:173165 [6] NCCL INFO  4 : GPU/0-7f000 GPU/0-8f000 GPU/0-9f000 GPU/0-af000 GPU/0-bf000 GPU/0-cf000 GPU/0-df000 GPU/0-ef000
furious-puma-1:172842:173165 [6] NCCL INFO  5 : GPU/0-7f000 GPU/0-8f000 GPU/0-9f000 GPU/0-af000 GPU/0-bf000 GPU/0-cf000 GPU/0-df000 GPU/0-ef000
furious-puma-1:172842:173165 [6] NCCL INFO  6 : GPU/0-7f000 GPU/0-8f000 GPU/0-9f000 GPU/0-af000 GPU/0-bf000 GPU/0-cf000 GPU/0-df000 GPU/0-ef000
furious-puma-1:172842:173165 [6] NCCL INFO  7 : GPU/0-7f000 GPU/0-8f000 GPU/0-9f000 GPU/0-af000 GPU/0-bf000 GPU/0-cf000 GPU/0-df000 GPU/0-ef000
furious-puma-1:172842:173165 [6] NCCL INFO  8 : GPU/0-7f000 GPU/0-8f000 GPU/0-9f000 GPU/0-af000 GPU/0-bf000 GPU/0-cf000 GPU/0-df000 GPU/0-ef000
furious-puma-1:172842:173165 [6] NCCL INFO  9 : GPU/0-7f000 GPU/0-8f000 GPU/0-9f000 GPU/0-af000 GPU/0-bf000 GPU/0-cf000 GPU/0-df000 GPU/0-ef000
furious-puma-1:172842:173165 [6] NCCL INFO 10 : GPU/0-7f000 GPU/0-8f000 GPU/0-9f000 GPU/0-af000 GPU/0-bf000 GPU/0-cf000 GPU/0-df000 GPU/0-ef000
furious-puma-1:172842:173165 [6] NCCL INFO 11 : GPU/0-7f000 GPU/0-8f000 GPU/0-9f000 GPU/0-af000 GPU/0-bf000 GPU/0-cf000 GPU/0-df000 GPU/0-ef000
furious-puma-1:172842:173165 [6] NCCL INFO Pattern 5, crossNic 0, nChannels 8, bw 40.000000/60.000000, type NVL/PIX, sameChannels 0
furious-puma-1:172842:173165 [6] NCCL INFO  0 : GPU/0-7f000
furious-puma-1:172842:173165 [6] NCCL INFO  1 : GPU/0-8f000
furious-puma-1:172842:173165 [6] NCCL INFO  2 : GPU/0-9f000
furious-puma-1:172842:173165 [6] NCCL INFO  3 : GPU/0-af000
furious-puma-1:172842:173165 [6] NCCL INFO  4 : GPU/0-bf000
furious-puma-1:172842:173165 [6] NCCL INFO  5 : GPU/0-cf000
furious-puma-1:172842:173165 [6] NCCL INFO  6 : GPU/0-df000
furious-puma-1:172842:173165 [6] NCCL INFO  7 : GPU/0-ef000
furious-puma-1:172841:173167 [5] NCCL INFO Pattern 4, crossNic 0, nChannels 12, bw 30.000000/30.000000, type NVL/PIX, sameChannels 1
furious-puma-1:172841:173167 [5] NCCL INFO  0 : GPU/0-7f000 GPU/0-8f000 GPU/0-9f000 GPU/0-af000 GPU/0-bf000 GPU/0-cf000 GPU/0-df000 GPU/0-ef000
furious-puma-1:172841:173167 [5] NCCL INFO  1 : GPU/0-7f000 GPU/0-8f000 GPU/0-9f000 GPU/0-af000 GPU/0-bf000 GPU/0-cf000 GPU/0-df000 GPU/0-ef000
furious-puma-1:172841:173167 [5] NCCL INFO  2 : GPU/0-7f000 GPU/0-8f000 GPU/0-9f000 GPU/0-af000 GPU/0-bf000 GPU/0-cf000 GPU/0-df000 GPU/0-ef000
furious-puma-1:172841:173167 [5] NCCL INFO  3 : GPU/0-7f000 GPU/0-8f000 GPU/0-9f000 GPU/0-af000 GPU/0-bf000 GPU/0-cf000 GPU/0-df000 GPU/0-ef000
furious-puma-1:172841:173167 [5] NCCL INFO  4 : GPU/0-7f000 GPU/0-8f000 GPU/0-9f000 GPU/0-af000 GPU/0-bf000 GPU/0-cf000 GPU/0-df000 GPU/0-ef000
furious-puma-1:172841:173167 [5] NCCL INFO  5 : GPU/0-7f000 GPU/0-8f000 GPU/0-9f000 GPU/0-af000 GPU/0-bf000 GPU/0-cf000 GPU/0-df000 GPU/0-ef000
furious-puma-1:172841:173167 [5] NCCL INFO  6 : GPU/0-7f000 GPU/0-8f000 GPU/0-9f000 GPU/0-af000 GPU/0-bf000 GPU/0-cf000 GPU/0-df000 GPU/0-ef000
furious-puma-1:172841:173167 [5] NCCL INFO  7 : GPU/0-7f000 GPU/0-8f000 GPU/0-9f000 GPU/0-af000 GPU/0-bf000 GPU/0-cf000 GPU/0-df000 GPU/0-ef000
furious-puma-1:172841:173167 [5] NCCL INFO  8 : GPU/0-7f000 GPU/0-8f000 GPU/0-9f000 GPU/0-af000 GPU/0-bf000 GPU/0-cf000 GPU/0-df000 GPU/0-ef000
furious-puma-1:172841:173167 [5] NCCL INFO  9 : GPU/0-7f000 GPU/0-8f000 GPU/0-9f000 GPU/0-af000 GPU/0-bf000 GPU/0-cf000 GPU/0-df000 GPU/0-ef000
furious-puma-1:172841:173167 [5] NCCL INFO 10 : GPU/0-7f000 GPU/0-8f000 GPU/0-9f000 GPU/0-af000 GPU/0-bf000 GPU/0-cf000 GPU/0-df000 GPU/0-ef000
furious-puma-1:172841:173167 [5] NCCL INFO 11 : GPU/0-7f000 GPU/0-8f000 GPU/0-9f000 GPU/0-af000 GPU/0-bf000 GPU/0-cf000 GPU/0-df000 GPU/0-ef000
furious-puma-1:172841:173167 [5] NCCL INFO Pattern 1, crossNic 0, nChannels 12, bw 30.000000/30.000000, type NVL/PIX, sameChannels 1
furious-puma-1:172841:173167 [5] NCCL INFO  0 : GPU/0-7f000 GPU/0-8f000 GPU/0-9f000 GPU/0-af000 GPU/0-bf000 GPU/0-cf000 GPU/0-df000 GPU/0-ef000
furious-puma-1:172841:173167 [5] NCCL INFO  1 : GPU/0-7f000 GPU/0-8f000 GPU/0-9f000 GPU/0-af000 GPU/0-bf000 GPU/0-cf000 GPU/0-df000 GPU/0-ef000
furious-puma-1:172841:173167 [5] NCCL INFO  2 : GPU/0-7f000 GPU/0-8f000 GPU/0-9f000 GPU/0-af000 GPU/0-bf000 GPU/0-cf000 GPU/0-df000 GPU/0-ef000
furious-puma-1:172841:173167 [5] NCCL INFO  3 : GPU/0-7f000 GPU/0-8f000 GPU/0-9f000 GPU/0-af000 GPU/0-bf000 GPU/0-cf000 GPU/0-df000 GPU/0-ef000
furious-puma-1:172841:173167 [5] NCCL INFO  4 : GPU/0-7f000 GPU/0-8f000 GPU/0-9f000 GPU/0-af000 GPU/0-bf000 GPU/0-cf000 GPU/0-df000 GPU/0-ef000
furious-puma-1:172841:173167 [5] NCCL INFO  5 : GPU/0-7f000 GPU/0-8f000 GPU/0-9f000 GPU/0-af000 GPU/0-bf000 GPU/0-cf000 GPU/0-df000 GPU/0-ef000
furious-puma-1:172841:173167 [5] NCCL INFO  6 : GPU/0-7f000 GPU/0-8f000 GPU/0-9f000 GPU/0-af000 GPU/0-bf000 GPU/0-cf000 GPU/0-df000 GPU/0-ef000
furious-puma-1:172841:173167 [5] NCCL INFO  7 : GPU/0-7f000 GPU/0-8f000 GPU/0-9f000 GPU/0-af000 GPU/0-bf000 GPU/0-cf000 GPU/0-df000 GPU/0-ef000
furious-puma-1:172841:173167 [5] NCCL INFO  8 : GPU/0-7f000 GPU/0-8f000 GPU/0-9f000 GPU/0-af000 GPU/0-bf000 GPU/0-cf000 GPU/0-df000 GPU/0-ef000
furious-puma-1:172841:173167 [5] NCCL INFO  9 : GPU/0-7f000 GPU/0-8f000 GPU/0-9f000 GPU/0-af000 GPU/0-bf000 GPU/0-cf000 GPU/0-df000 GPU/0-ef000
furious-puma-1:172841:173167 [5] NCCL INFO 10 : GPU/0-7f000 GPU/0-8f000 GPU/0-9f000 GPU/0-af000 GPU/0-bf000 GPU/0-cf000 GPU/0-df000 GPU/0-ef000
furious-puma-1:172841:173167 [5] NCCL INFO 11 : GPU/0-7f000 GPU/0-8f000 GPU/0-9f000 GPU/0-af000 GPU/0-bf000 GPU/0-cf000 GPU/0-df000 GPU/0-ef000
furious-puma-1:172841:173167 [5] NCCL INFO Pattern 5, crossNic 0, nChannels 8, bw 40.000000/60.000000, type NVL/PIX, sameChannels 0
furious-puma-1:172841:173167 [5] NCCL INFO  0 : GPU/0-7f000
furious-puma-1:172841:173167 [5] NCCL INFO  1 : GPU/0-8f000
furious-puma-1:172841:173167 [5] NCCL INFO  2 : GPU/0-9f000
furious-puma-1:172841:173167 [5] NCCL INFO  3 : GPU/0-af000
furious-puma-1:172841:173167 [5] NCCL INFO  4 : GPU/0-bf000
furious-puma-1:172841:173167 [5] NCCL INFO  5 : GPU/0-cf000
furious-puma-1:172841:173167 [5] NCCL INFO  6 : GPU/0-df000
furious-puma-1:172841:173167 [5] NCCL INFO  7 : GPU/0-ef000
furious-puma-1:172836:173187 [0] NCCL INFO Pattern 4, crossNic 0, nChannels 12, bw 30.000000/30.000000, type NVL/PIX, sameChannels 1
furious-puma-1:172836:173187 [0] NCCL INFO  0 : GPU/0-7f000 GPU/0-8f000 GPU/0-9f000 GPU/0-af000 GPU/0-bf000 GPU/0-cf000 GPU/0-df000 GPU/0-ef000
furious-puma-1:172836:173187 [0] NCCL INFO  1 : GPU/0-7f000 GPU/0-8f000 GPU/0-9f000 GPU/0-af000 GPU/0-bf000 GPU/0-cf000 GPU/0-df000 GPU/0-ef000
furious-puma-1:172836:173187 [0] NCCL INFO  2 : GPU/0-7f000 GPU/0-8f000 GPU/0-9f000 GPU/0-af000 GPU/0-bf000 GPU/0-cf000 GPU/0-df000 GPU/0-ef000
furious-puma-1:172836:173187 [0] NCCL INFO  3 : GPU/0-7f000 GPU/0-8f000 GPU/0-9f000 GPU/0-af000 GPU/0-bf000 GPU/0-cf000 GPU/0-df000 GPU/0-ef000
furious-puma-1:172836:173187 [0] NCCL INFO  4 : GPU/0-7f000 GPU/0-8f000 GPU/0-9f000 GPU/0-af000 GPU/0-bf000 GPU/0-cf000 GPU/0-df000 GPU/0-ef000
furious-puma-1:172836:173187 [0] NCCL INFO  5 : GPU/0-7f000 GPU/0-8f000 GPU/0-9f000 GPU/0-af000 GPU/0-bf000 GPU/0-cf000 GPU/0-df000 GPU/0-ef000
furious-puma-1:172836:173187 [0] NCCL INFO  6 : GPU/0-7f000 GPU/0-8f000 GPU/0-9f000 GPU/0-af000 GPU/0-bf000 GPU/0-cf000 GPU/0-df000 GPU/0-ef000
furious-puma-1:172836:173187 [0] NCCL INFO  7 : GPU/0-7f000 GPU/0-8f000 GPU/0-9f000 GPU/0-af000 GPU/0-bf000 GPU/0-cf000 GPU/0-df000 GPU/0-ef000
furious-puma-1:172836:173187 [0] NCCL INFO  8 : GPU/0-7f000 GPU/0-8f000 GPU/0-9f000 GPU/0-af000 GPU/0-bf000 GPU/0-cf000 GPU/0-df000 GPU/0-ef000
furious-puma-1:172836:173187 [0] NCCL INFO  9 : GPU/0-7f000 GPU/0-8f000 GPU/0-9f000 GPU/0-af000 GPU/0-bf000 GPU/0-cf000 GPU/0-df000 GPU/0-ef000
furious-puma-1:172836:173187 [0] NCCL INFO 10 : GPU/0-7f000 GPU/0-8f000 GPU/0-9f000 GPU/0-af000 GPU/0-bf000 GPU/0-cf000 GPU/0-df000 GPU/0-ef000
furious-puma-1:172836:173187 [0] NCCL INFO 11 : GPU/0-7f000 GPU/0-8f000 GPU/0-9f000 GPU/0-af000 GPU/0-bf000 GPU/0-cf000 GPU/0-df000 GPU/0-ef000
furious-puma-1:172836:173187 [0] NCCL INFO Pattern 1, crossNic 0, nChannels 12, bw 30.000000/30.000000, type NVL/PIX, sameChannels 1
furious-puma-1:172836:173187 [0] NCCL INFO  0 : GPU/0-7f000 GPU/0-8f000 GPU/0-9f000 GPU/0-af000 GPU/0-bf000 GPU/0-cf000 GPU/0-df000 GPU/0-ef000
furious-puma-1:172836:173187 [0] NCCL INFO  1 : GPU/0-7f000 GPU/0-8f000 GPU/0-9f000 GPU/0-af000 GPU/0-bf000 GPU/0-cf000 GPU/0-df000 GPU/0-ef000
furious-puma-1:172836:173187 [0] NCCL INFO  2 : GPU/0-7f000 GPU/0-8f000 GPU/0-9f000 GPU/0-af000 GPU/0-bf000 GPU/0-cf000 GPU/0-df000 GPU/0-ef000
furious-puma-1:172836:173187 [0] NCCL INFO  3 : GPU/0-7f000 GPU/0-8f000 GPU/0-9f000 GPU/0-af000 GPU/0-bf000 GPU/0-cf000 GPU/0-df000 GPU/0-ef000
furious-puma-1:172836:173187 [0] NCCL INFO  4 : GPU/0-7f000 GPU/0-8f000 GPU/0-9f000 GPU/0-af000 GPU/0-bf000 GPU/0-cf000 GPU/0-df000 GPU/0-ef000
furious-puma-1:172836:173187 [0] NCCL INFO  5 : GPU/0-7f000 GPU/0-8f000 GPU/0-9f000 GPU/0-af000 GPU/0-bf000 GPU/0-cf000 GPU/0-df000 GPU/0-ef000
furious-puma-1:172836:173187 [0] NCCL INFO  6 : GPU/0-7f000 GPU/0-8f000 GPU/0-9f000 GPU/0-af000 GPU/0-bf000 GPU/0-cf000 GPU/0-df000 GPU/0-ef000
furious-puma-1:172836:173187 [0] NCCL INFO  7 : GPU/0-7f000 GPU/0-8f000 GPU/0-9f000 GPU/0-af000 GPU/0-bf000 GPU/0-cf000 GPU/0-df000 GPU/0-ef000
furious-puma-1:172836:173187 [0] NCCL INFO  8 : GPU/0-7f000 GPU/0-8f000 GPU/0-9f000 GPU/0-af000 GPU/0-bf000 GPU/0-cf000 GPU/0-df000 GPU/0-ef000
furious-puma-1:172836:173187 [0] NCCL INFO  9 : GPU/0-7f000 GPU/0-8f000 GPU/0-9f000 GPU/0-af000 GPU/0-bf000 GPU/0-cf000 GPU/0-df000 GPU/0-ef000
furious-puma-1:172836:173187 [0] NCCL INFO 10 : GPU/0-7f000 GPU/0-8f000 GPU/0-9f000 GPU/0-af000 GPU/0-bf000 GPU/0-cf000 GPU/0-df000 GPU/0-ef000
furious-puma-1:172836:173187 [0] NCCL INFO 11 : GPU/0-7f000 GPU/0-8f000 GPU/0-9f000 GPU/0-af000 GPU/0-bf000 GPU/0-cf000 GPU/0-df000 GPU/0-ef000
furious-puma-1:172836:173187 [0] NCCL INFO Pattern 5, crossNic 0, nChannels 8, bw 40.000000/60.000000, type NVL/PIX, sameChannels 0
furious-puma-1:172836:173187 [0] NCCL INFO  0 : GPU/0-7f000
furious-puma-1:172836:173187 [0] NCCL INFO  1 : GPU/0-8f000
furious-puma-1:172836:173187 [0] NCCL INFO  2 : GPU/0-9f000
furious-puma-1:172836:173187 [0] NCCL INFO  3 : GPU/0-af000
furious-puma-1:172836:173187 [0] NCCL INFO  4 : GPU/0-bf000
furious-puma-1:172836:173187 [0] NCCL INFO  5 : GPU/0-cf000
furious-puma-1:172836:173187 [0] NCCL INFO  6 : GPU/0-df000
furious-puma-1:172836:173187 [0] NCCL INFO  7 : GPU/0-ef000
furious-puma-1:172839:173188 [3] NCCL INFO comm 0x1d426170 rank 3 nRanks 8 nNodes 1 localRanks 8 localRank 3 MNNVL 0
furious-puma-1:172838:173190 [2] NCCL INFO comm 0x1fac7400 rank 2 nRanks 8 nNodes 1 localRanks 8 localRank 2 MNNVL 0
furious-puma-1:172840:173168 [4] NCCL INFO comm 0x3226d280 rank 4 nRanks 8 nNodes 1 localRanks 8 localRank 4 MNNVL 0
furious-puma-1:172837:173189 [1] NCCL INFO comm 0xd7de960 rank 1 nRanks 8 nNodes 1 localRanks 8 localRank 1 MNNVL 0
furious-puma-1:172836:173187 [0] NCCL INFO comm 0x2e15b430 rank 0 nRanks 8 nNodes 1 localRanks 8 localRank 0 MNNVL 0
furious-puma-1:172843:173166 [7] NCCL INFO comm 0x48ea4ff0 rank 7 nRanks 8 nNodes 1 localRanks 8 localRank 7 MNNVL 0
furious-puma-1:172841:173167 [5] NCCL INFO comm 0x25265ec0 rank 5 nRanks 8 nNodes 1 localRanks 8 localRank 5 MNNVL 0
furious-puma-1:172842:173165 [6] NCCL INFO comm 0xe92e160 rank 6 nRanks 8 nNodes 1 localRanks 8 localRank 6 MNNVL 0
furious-puma-1:172839:173188 [3] NCCL INFO Ring 00 : 2 -> 3 -> 4
furious-puma-1:172839:173188 [3] NCCL INFO Ring 01 : 2 -> 3 -> 4
furious-puma-1:172839:173188 [3] NCCL INFO Ring 02 : 2 -> 3 -> 4
furious-puma-1:172837:173189 [1] NCCL INFO Tree 0 : 0 -> 1 -> 2/-1/-1
furious-puma-1:172839:173188 [3] NCCL INFO Ring 03 : 2 -> 3 -> 4
furious-puma-1:172837:173189 [1] NCCL INFO Tree 12 : 0 -> 1 -> 2/-1/-1
furious-puma-1:172836:173187 [0] NCCL INFO Tree 0 : -1 -> 0 -> 1/-1/-1
furious-puma-1:172837:173189 [1] NCCL INFO Tree 1 : 0 -> 1 -> 2/-1/-1
furious-puma-1:172839:173188 [3] NCCL INFO Ring 04 : 2 -> 3 -> 4
furious-puma-1:172836:173187 [0] NCCL INFO Tree 12 : -1 -> 0 -> 1/-1/-1
furious-puma-1:172837:173189 [1] NCCL INFO Tree 13 : 0 -> 1 -> 2/-1/-1
furious-puma-1:172839:173188 [3] NCCL INFO Ring 05 : 2 -> 3 -> 4
furious-puma-1:172836:173187 [0] NCCL INFO Tree 1 : -1 -> 0 -> 1/-1/-1
furious-puma-1:172838:173190 [2] NCCL INFO Ring 00 : 1 -> 2 -> 3
furious-puma-1:172837:173189 [1] NCCL INFO Tree 2 : 0 -> 1 -> 2/-1/-1
furious-puma-1:172839:173188 [3] NCCL INFO Ring 06 : 2 -> 3 -> 4
furious-puma-1:172836:173187 [0] NCCL INFO Tree 13 : -1 -> 0 -> 1/-1/-1
furious-puma-1:172838:173190 [2] NCCL INFO Ring 01 : 1 -> 2 -> 3
furious-puma-1:172837:173189 [1] NCCL INFO Tree 14 : 0 -> 1 -> 2/-1/-1
furious-puma-1:172839:173188 [3] NCCL INFO Ring 07 : 2 -> 3 -> 4
furious-puma-1:172840:173168 [4] NCCL INFO Ring 00 : 3 -> 4 -> 5
furious-puma-1:172837:173189 [1] NCCL INFO Tree 3 : 0 -> 1 -> 2/-1/-1
furious-puma-1:172843:173166 [7] NCCL INFO Ring 00 : 6 -> 7 -> 0
furious-puma-1:172840:173168 [4] NCCL INFO Ring 01 : 3 -> 4 -> 5
furious-puma-1:172836:173187 [0] NCCL INFO Tree 2 : -1 -> 0 -> 1/-1/-1
furious-puma-1:172838:173190 [2] NCCL INFO Ring 02 : 1 -> 2 -> 3
furious-puma-1:172839:173188 [3] NCCL INFO Ring 08 : 2 -> 3 -> 4
furious-puma-1:172841:173167 [5] NCCL INFO Ring 00 : 4 -> 5 -> 6
furious-puma-1:172838:173190 [2] NCCL INFO Ring 03 : 1 -> 2 -> 3
furious-puma-1:172837:173189 [1] NCCL INFO Tree 15 : 0 -> 1 -> 2/-1/-1
furious-puma-1:172843:173166 [7] NCCL INFO Ring 01 : 6 -> 7 -> 0
furious-puma-1:172836:173187 [0] NCCL INFO Tree 14 : -1 -> 0 -> 1/-1/-1
furious-puma-1:172842:173165 [6] NCCL INFO Ring 00 : 5 -> 6 -> 7
furious-puma-1:172843:173166 [7] NCCL INFO Ring 02 : 6 -> 7 -> 0
furious-puma-1:172836:173187 [0] NCCL INFO Tree 3 : -1 -> 0 -> 1/-1/-1
furious-puma-1:172839:173188 [3] NCCL INFO Ring 09 : 2 -> 3 -> 4
furious-puma-1:172836:173187 [0] NCCL INFO Tree 15 : -1 -> 0 -> 1/-1/-1
furious-puma-1:172842:173165 [6] NCCL INFO Ring 01 : 5 -> 6 -> 7
furious-puma-1:172840:173168 [4] NCCL INFO Ring 02 : 3 -> 4 -> 5
furious-puma-1:172838:173190 [2] NCCL INFO Ring 04 : 1 -> 2 -> 3
furious-puma-1:172836:173187 [0] NCCL INFO Tree 4 : -1 -> 0 -> 1/-1/-1
furious-puma-1:172836:173187 [0] NCCL INFO Tree 16 : -1 -> 0 -> 1/-1/-1
furious-puma-1:172838:173190 [2] NCCL INFO Ring 05 : 1 -> 2 -> 3
furious-puma-1:172840:173168 [4] NCCL INFO Ring 03 : 3 -> 4 -> 5
furious-puma-1:172838:173190 [2] NCCL INFO Ring 06 : 1 -> 2 -> 3
furious-puma-1:172840:173168 [4] NCCL INFO Ring 04 : 3 -> 4 -> 5
furious-puma-1:172838:173190 [2] NCCL INFO Ring 07 : 1 -> 2 -> 3
furious-puma-1:172840:173168 [4] NCCL INFO Ring 05 : 3 -> 4 -> 5
furious-puma-1:172841:173167 [5] NCCL INFO Ring 01 : 4 -> 5 -> 6
furious-puma-1:172841:173167 [5] NCCL INFO Ring 02 : 4 -> 5 -> 6
furious-puma-1:172837:173189 [1] NCCL INFO Tree 4 : 0 -> 1 -> 2/-1/-1
furious-puma-1:172843:173166 [7] NCCL INFO Ring 03 : 6 -> 7 -> 0
furious-puma-1:172839:173188 [3] NCCL INFO Ring 10 : 2 -> 3 -> 4
furious-puma-1:172842:173165 [6] NCCL INFO Ring 02 : 5 -> 6 -> 7
furious-puma-1:172836:173187 [0] NCCL INFO Tree 5 : -1 -> 0 -> 1/-1/-1
furious-puma-1:172838:173190 [2] NCCL INFO Ring 08 : 1 -> 2 -> 3
furious-puma-1:172840:173168 [4] NCCL INFO Ring 06 : 3 -> 4 -> 5
furious-puma-1:172841:173167 [5] NCCL INFO Ring 03 : 4 -> 5 -> 6
furious-puma-1:172843:173166 [7] NCCL INFO Ring 04 : 6 -> 7 -> 0
furious-puma-1:172837:173189 [1] NCCL INFO Tree 16 : 0 -> 1 -> 2/-1/-1
furious-puma-1:172839:173188 [3] NCCL INFO Ring 11 : 2 -> 3 -> 4
furious-puma-1:172842:173165 [6] NCCL INFO Ring 03 : 5 -> 6 -> 7
furious-puma-1:172837:173189 [1] NCCL INFO Tree 5 : 0 -> 1 -> 2/-1/-1
furious-puma-1:172836:173187 [0] NCCL INFO Tree 17 : -1 -> 0 -> 1/-1/-1
furious-puma-1:172838:173190 [2] NCCL INFO Ring 09 : 1 -> 2 -> 3
furious-puma-1:172842:173165 [6] NCCL INFO Ring 04 : 5 -> 6 -> 7
furious-puma-1:172840:173168 [4] NCCL INFO Ring 07 : 3 -> 4 -> 5
furious-puma-1:172841:173167 [5] NCCL INFO Ring 04 : 4 -> 5 -> 6
furious-puma-1:172843:173166 [7] NCCL INFO Ring 05 : 6 -> 7 -> 0
furious-puma-1:172840:173168 [4] NCCL INFO Ring 08 : 3 -> 4 -> 5
furious-puma-1:172839:173188 [3] NCCL INFO Ring 12 : 2 -> 3 -> 4
furious-puma-1:172841:173167 [5] NCCL INFO Ring 05 : 4 -> 5 -> 6
furious-puma-1:172836:173187 [0] NCCL INFO Tree 6 : -1 -> 0 -> 1/-1/-1
furious-puma-1:172837:173189 [1] NCCL INFO Tree 17 : 0 -> 1 -> 2/-1/-1
furious-puma-1:172838:173190 [2] NCCL INFO Ring 10 : 1 -> 2 -> 3
furious-puma-1:172836:173187 [0] NCCL INFO Tree 18 : -1 -> 0 -> 1/-1/-1
furious-puma-1:172842:173165 [6] NCCL INFO Ring 05 : 5 -> 6 -> 7
furious-puma-1:172843:173166 [7] NCCL INFO Ring 06 : 6 -> 7 -> 0
furious-puma-1:172840:173168 [4] NCCL INFO Ring 09 : 3 -> 4 -> 5
furious-puma-1:172839:173188 [3] NCCL INFO Ring 13 : 2 -> 3 -> 4
furious-puma-1:172841:173167 [5] NCCL INFO Ring 06 : 4 -> 5 -> 6
furious-puma-1:172840:173168 [4] NCCL INFO Ring 10 : 3 -> 4 -> 5
furious-puma-1:172837:173189 [1] NCCL INFO Tree 6 : 0 -> 1 -> 2/-1/-1
furious-puma-1:172839:173188 [3] NCCL INFO Ring 14 : 2 -> 3 -> 4
furious-puma-1:172836:173187 [0] NCCL INFO Tree 7 : -1 -> 0 -> 1/-1/-1
furious-puma-1:172838:173190 [2] NCCL INFO Ring 11 : 1 -> 2 -> 3
furious-puma-1:172836:173187 [0] NCCL INFO Tree 19 : -1 -> 0 -> 1/-1/-1
furious-puma-1:172842:173165 [6] NCCL INFO Ring 06 : 5 -> 6 -> 7
furious-puma-1:172843:173166 [7] NCCL INFO Ring 07 : 6 -> 7 -> 0
furious-puma-1:172841:173167 [5] NCCL INFO Ring 07 : 4 -> 5 -> 6
furious-puma-1:172842:173165 [6] NCCL INFO Ring 07 : 5 -> 6 -> 7
furious-puma-1:172843:173166 [7] NCCL INFO Ring 08 : 6 -> 7 -> 0
furious-puma-1:172840:173168 [4] NCCL INFO Ring 11 : 3 -> 4 -> 5
furious-puma-1:172841:173167 [5] NCCL INFO Ring 08 : 4 -> 5 -> 6
furious-puma-1:172837:173189 [1] NCCL INFO Tree 18 : 0 -> 1 -> 2/-1/-1
furious-puma-1:172839:173188 [3] NCCL INFO Ring 15 : 2 -> 3 -> 4
furious-puma-1:172836:173187 [0] NCCL INFO Tree 8 : -1 -> 0 -> 1/-1/-1
furious-puma-1:172842:173165 [6] NCCL INFO Ring 08 : 5 -> 6 -> 7
furious-puma-1:172838:173190 [2] NCCL INFO Ring 12 : 1 -> 2 -> 3
furious-puma-1:172836:173187 [0] NCCL INFO Tree 20 : -1 -> 0 -> 1/-1/-1
furious-puma-1:172843:173166 [7] NCCL INFO Ring 09 : 6 -> 7 -> 0
furious-puma-1:172840:173168 [4] NCCL INFO Ring 12 : 3 -> 4 -> 5
furious-puma-1:172842:173165 [6] NCCL INFO Ring 09 : 5 -> 6 -> 7
furious-puma-1:172838:173190 [2] NCCL INFO Ring 13 : 1 -> 2 -> 3
furious-puma-1:172841:173167 [5] NCCL INFO Ring 09 : 4 -> 5 -> 6
furious-puma-1:172837:173189 [1] NCCL INFO Tree 7 : 0 -> 1 -> 2/-1/-1
furious-puma-1:172839:173188 [3] NCCL INFO Ring 16 : 2 -> 3 -> 4
furious-puma-1:172840:173168 [4] NCCL INFO Ring 13 : 3 -> 4 -> 5
furious-puma-1:172836:173187 [0] NCCL INFO Tree 9 : -1 -> 0 -> 1/-1/-1
furious-puma-1:172839:173188 [3] NCCL INFO Ring 17 : 2 -> 3 -> 4
furious-puma-1:172843:173166 [7] NCCL INFO Ring 10 : 6 -> 7 -> 0
furious-puma-1:172840:173168 [4] NCCL INFO Ring 14 : 3 -> 4 -> 5
furious-puma-1:172838:173190 [2] NCCL INFO Ring 14 : 1 -> 2 -> 3
furious-puma-1:172842:173165 [6] NCCL INFO Ring 10 : 5 -> 6 -> 7
furious-puma-1:172843:173166 [7] NCCL INFO Ring 11 : 6 -> 7 -> 0
furious-puma-1:172840:173168 [4] NCCL INFO Ring 15 : 3 -> 4 -> 5
furious-puma-1:172841:173167 [5] NCCL INFO Ring 10 : 4 -> 5 -> 6
furious-puma-1:172842:173165 [6] NCCL INFO Ring 11 : 5 -> 6 -> 7
furious-puma-1:172837:173189 [1] NCCL INFO Tree 19 : 0 -> 1 -> 2/-1/-1
furious-puma-1:172836:173187 [0] NCCL INFO Tree 21 : -1 -> 0 -> 1/-1/-1
furious-puma-1:172839:173188 [3] NCCL INFO Ring 18 : 2 -> 3 -> 4
furious-puma-1:172837:173189 [1] NCCL INFO Tree 8 : 0 -> 1 -> 2/-1/-1
furious-puma-1:172842:173165 [6] NCCL INFO Ring 12 : 5 -> 6 -> 7
furious-puma-1:172838:173190 [2] NCCL INFO Ring 15 : 1 -> 2 -> 3
furious-puma-1:172837:173189 [1] NCCL INFO Tree 20 : 0 -> 1 -> 2/-1/-1
furious-puma-1:172843:173166 [7] NCCL INFO Ring 12 : 6 -> 7 -> 0
furious-puma-1:172840:173168 [4] NCCL INFO Ring 16 : 3 -> 4 -> 5
furious-puma-1:172841:173167 [5] NCCL INFO Ring 11 : 4 -> 5 -> 6
furious-puma-1:172836:173187 [0] NCCL INFO Tree 10 : -1 -> 0 -> 1/-1/-1
furious-puma-1:172839:173188 [3] NCCL INFO Ring 19 : 2 -> 3 -> 4
furious-puma-1:172840:173168 [4] NCCL INFO Ring 17 : 3 -> 4 -> 5
furious-puma-1:172838:173190 [2] NCCL INFO Ring 16 : 1 -> 2 -> 3
furious-puma-1:172839:173188 [3] NCCL INFO Ring 20 : 2 -> 3 -> 4
furious-puma-1:172842:173165 [6] NCCL INFO Ring 13 : 5 -> 6 -> 7
furious-puma-1:172843:173166 [7] NCCL INFO Ring 13 : 6 -> 7 -> 0
furious-puma-1:172840:173168 [4] NCCL INFO Ring 18 : 3 -> 4 -> 5
furious-puma-1:172837:173189 [1] NCCL INFO Tree 9 : 0 -> 1 -> 2/-1/-1
furious-puma-1:172836:173187 [0] NCCL INFO Tree 22 : -1 -> 0 -> 1/-1/-1
furious-puma-1:172841:173167 [5] NCCL INFO Ring 12 : 4 -> 5 -> 6
furious-puma-1:172838:173190 [2] NCCL INFO Ring 17 : 1 -> 2 -> 3
furious-puma-1:172839:173188 [3] NCCL INFO Ring 21 : 2 -> 3 -> 4
furious-puma-1:172842:173165 [6] NCCL INFO Ring 14 : 5 -> 6 -> 7
furious-puma-1:172838:173190 [2] NCCL INFO Ring 18 : 1 -> 2 -> 3
furious-puma-1:172839:173188 [3] NCCL INFO Ring 22 : 2 -> 3 -> 4
furious-puma-1:172843:173166 [7] NCCL INFO Ring 14 : 6 -> 7 -> 0
furious-puma-1:172840:173168 [4] NCCL INFO Ring 19 : 3 -> 4 -> 5
furious-puma-1:172842:173165 [6] NCCL INFO Ring 15 : 5 -> 6 -> 7
furious-puma-1:172839:173188 [3] NCCL INFO Ring 23 : 2 -> 3 -> 4
furious-puma-1:172836:173187 [0] NCCL INFO Tree 11 : -1 -> 0 -> 1/-1/-1
furious-puma-1:172837:173189 [1] NCCL INFO Tree 21 : 0 -> 1 -> 2/-1/-1
furious-puma-1:172840:173168 [4] NCCL INFO Ring 20 : 3 -> 4 -> 5
furious-puma-1:172841:173167 [5] NCCL INFO Ring 13 : 4 -> 5 -> 6
furious-puma-1:172838:173190 [2] NCCL INFO Ring 19 : 1 -> 2 -> 3
furious-puma-1:172842:173165 [6] NCCL INFO Ring 16 : 5 -> 6 -> 7
furious-puma-1:172840:173168 [4] NCCL INFO Ring 21 : 3 -> 4 -> 5
furious-puma-1:172843:173166 [7] NCCL INFO Ring 15 : 6 -> 7 -> 0
furious-puma-1:172836:173187 [0] NCCL INFO Tree 23 : -1 -> 0 -> 1/-1/-1
furious-puma-1:172840:173168 [4] NCCL INFO Ring 22 : 3 -> 4 -> 5
furious-puma-1:172839:173188 [3] NCCL INFO Trees [0] 4/-1/-1->3->2 [1] 4/-1/-1->3->2 [2] 4/-1/-1->3->2 [3] 4/-1/-1->3->2 [4] 4/-1/-1->3->2 [5] 4/-1/-1->3->2 [6] 4/-1/-1->3->2 [7] 4/-1/-1->3->2 [8] 4/-1/-1->3->2 [9] 4/-1/-1->3->2 [10] 4/-1/-1->3->2 [11] 4/-1/-1->3->2 [12] 4/-1/-1->3->2 [13] 4/-1/-1->3->2 [14] 4/-1/-1->3->2 [15] 4/-1/-1->3->2 [16] 4/-1/-1->3->2 [17] 4/-1/-1->3->2 [18] 4/-1/-1->3->2 [19] 4/-1/-1->3->2 [20] 4/-1/-1->3->2 [21] 4/-1/-1->3->2 [22] 4/-1/-1->3->2 [23] 4/-1/-1->3->2
furious-puma-1:172837:173189 [1] NCCL INFO Tree 10 : 0 -> 1 -> 2/-1/-1
furious-puma-1:172841:173167 [5] NCCL INFO Ring 14 : 4 -> 5 -> 6
furious-puma-1:172838:173190 [2] NCCL INFO Ring 20 : 1 -> 2 -> 3
furious-puma-1:172837:173189 [1] NCCL INFO Tree 22 : 0 -> 1 -> 2/-1/-1
furious-puma-1:172842:173165 [6] NCCL INFO Ring 17 : 5 -> 6 -> 7
furious-puma-1:172843:173166 [7] NCCL INFO Ring 16 : 6 -> 7 -> 0
furious-puma-1:172840:173168 [4] NCCL INFO Ring 23 : 3 -> 4 -> 5
furious-puma-1:172839:173188 [3] NCCL INFO P2P Chunksize set to 524288
furious-puma-1:172841:173167 [5] NCCL INFO Ring 15 : 4 -> 5 -> 6
furious-puma-1:172840:173168 [4] NCCL INFO Trees [0] 5/-1/-1->4->3 [1] 5/-1/-1->4->3 [2] 5/-1/-1->4->3 [3] 5/-1/-1->4->3 [4] 5/-1/-1->4->3 [5] 5/-1/-1->4->3 [6] 5/-1/-1->4->3 [7] 5/-1/-1->4->3 [8] 5/-1/-1->4->3 [9] 5/-1/-1->4->3 [10] 5/-1/-1->4->3 [11] 5/-1/-1->4->3 [12] 5/-1/-1->4->3 [13] 5/-1/-1->4->3 [14] 5/-1/-1->4->3 [15] 5/-1/-1->4->3 [16] 5/-1/-1->4->3 [17] 5/-1/-1->4->3 [18] 5/-1/-1->4->3 [19] 5/-1/-1->4->3 [20] 5/-1/-1->4->3 [21] 5/-1/-1->4->3 [22] 5/-1/-1->4->3 [23] 5/-1/-1->4->3
furious-puma-1:172837:173189 [1] NCCL INFO Tree 11 : 0 -> 1 -> 2/-1/-1
furious-puma-1:172838:173190 [2] NCCL INFO Ring 21 : 1 -> 2 -> 3
furious-puma-1:172841:173167 [5] NCCL INFO Ring 16 : 4 -> 5 -> 6
furious-puma-1:172842:173165 [6] NCCL INFO Ring 18 : 5 -> 6 -> 7
furious-puma-1:172843:173166 [7] NCCL INFO Ring 17 : 6 -> 7 -> 0
furious-puma-1:172836:173187 [0] NCCL INFO Channel 00/24 : 0 1 2 3 4 5 6 7
furious-puma-1:172842:173165 [6] NCCL INFO Ring 19 : 5 -> 6 -> 7
furious-puma-1:172837:173189 [1] NCCL INFO Tree 23 : 0 -> 1 -> 2/-1/-1
furious-puma-1:172838:173190 [2] NCCL INFO Ring 22 : 1 -> 2 -> 3
furious-puma-1:172840:173168 [4] NCCL INFO P2P Chunksize set to 524288
furious-puma-1:172841:173167 [5] NCCL INFO Ring 17 : 4 -> 5 -> 6
furious-puma-1:172843:173166 [7] NCCL INFO Ring 18 : 6 -> 7 -> 0
furious-puma-1:172836:173187 [0] NCCL INFO Channel 01/24 : 0 1 2 3 4 5 6 7
furious-puma-1:172842:173165 [6] NCCL INFO Ring 20 : 5 -> 6 -> 7
furious-puma-1:172838:173190 [2] NCCL INFO Ring 23 : 1 -> 2 -> 3
furious-puma-1:172841:173167 [5] NCCL INFO Ring 18 : 4 -> 5 -> 6
furious-puma-1:172843:173166 [7] NCCL INFO Ring 19 : 6 -> 7 -> 0
furious-puma-1:172836:173187 [0] NCCL INFO Channel 02/24 : 0 1 2 3 4 5 6 7
furious-puma-1:172843:173166 [7] NCCL INFO Ring 20 : 6 -> 7 -> 0
furious-puma-1:172842:173165 [6] NCCL INFO Ring 21 : 5 -> 6 -> 7
furious-puma-1:172836:173187 [0] NCCL INFO Channel 03/24 : 0 1 2 3 4 5 6 7
furious-puma-1:172838:173190 [2] NCCL INFO Trees [0] 3/-1/-1->2->1 [1] 3/-1/-1->2->1 [2] 3/-1/-1->2->1 [3] 3/-1/-1->2->1 [4] 3/-1/-1->2->1 [5] 3/-1/-1->2->1 [6] 3/-1/-1->2->1 [7] 3/-1/-1->2->1 [8] 3/-1/-1->2->1 [9] 3/-1/-1->2->1 [10] 3/-1/-1->2->1 [11] 3/-1/-1->2->1 [12] 3/-1/-1->2->1 [13] 3/-1/-1->2->1 [14] 3/-1/-1->2->1 [15] 3/-1/-1->2->1 [16] 3/-1/-1->2->1 [17] 3/-1/-1->2->1 [18] 3/-1/-1->2->1 [19] 3/-1/-1->2->1 [20] 3/-1/-1->2->1 [21] 3/-1/-1->2->1 [22] 3/-1/-1->2->1 [23] 3/-1/-1->2->1
furious-puma-1:172841:173167 [5] NCCL INFO Ring 19 : 4 -> 5 -> 6
furious-puma-1:172843:173166 [7] NCCL INFO Ring 21 : 6 -> 7 -> 0
furious-puma-1:172842:173165 [6] NCCL INFO Ring 22 : 5 -> 6 -> 7
furious-puma-1:172836:173187 [0] NCCL INFO Channel 04/24 : 0 1 2 3 4 5 6 7
furious-puma-1:172838:173190 [2] NCCL INFO P2P Chunksize set to 524288
furious-puma-1:172841:173167 [5] NCCL INFO Ring 20 : 4 -> 5 -> 6
furious-puma-1:172843:173166 [7] NCCL INFO Ring 22 : 6 -> 7 -> 0
furious-puma-1:172842:173165 [6] NCCL INFO Ring 23 : 5 -> 6 -> 7
furious-puma-1:172836:173187 [0] NCCL INFO Channel 05/24 : 0 1 2 3 4 5 6 7
furious-puma-1:172841:173167 [5] NCCL INFO Ring 21 : 4 -> 5 -> 6
furious-puma-1:172843:173166 [7] NCCL INFO Ring 23 : 6 -> 7 -> 0
furious-puma-1:172842:173165 [6] NCCL INFO Trees [0] 7/-1/-1->6->5 [1] 7/-1/-1->6->5 [2] 7/-1/-1->6->5 [3] 7/-1/-1->6->5 [4] 7/-1/-1->6->5 [5] 7/-1/-1->6->5 [6] 7/-1/-1->6->5 [7] 7/-1/-1->6->5 [8] 7/-1/-1->6->5 [9] 7/-1/-1->6->5 [10] 7/-1/-1->6->5 [11] 7/-1/-1->6->5 [12] 7/-1/-1->6->5 [13] 7/-1/-1->6->5 [14] 7/-1/-1->6->5 [15] 7/-1/-1->6->5 [16] 7/-1/-1->6->5 [17] 7/-1/-1->6->5 [18] 7/-1/-1->6->5 [19] 7/-1/-1->6->5 [20] 7/-1/-1->6->5 [21] 7/-1/-1->6->5 [22] 7/-1/-1->6->5 [23] 7/-1/-1->6->5
furious-puma-1:172836:173187 [0] NCCL INFO Channel 06/24 : 0 1 2 3 4 5 6 7
furious-puma-1:172843:173166 [7] NCCL INFO Trees [0] -1/-1/-1->7->6 [1] -1/-1/-1->7->6 [2] -1/-1/-1->7->6 [3] -1/-1/-1->7->6 [4] -1/-1/-1->7->6 [5] -1/-1/-1->7->6 [6] -1/-1/-1->7->6 [7] -1/-1/-1->7->6 [8] -1/-1/-1->7->6 [9] -1/-1/-1->7->6 [10] -1/-1/-1->7->6 [11] -1/-1/-1->7->6 [12] -1/-1/-1->7->6 [13] -1/-1/-1->7->6 [14] -1/-1/-1->7->6 [15] -1/-1/-1->7->6 [16] -1/-1/-1->7->6 [17] -1/-1/-1->7->6 [18] -1/-1/-1->7->6 [19] -1/-1/-1->7->6 [20] -1/-1/-1->7->6 [21] -1/-1/-1->7->6 [22] -1/-1/-1->7->6 [23] -1/-1/-1->7->6
furious-puma-1:172841:173167 [5] NCCL INFO Ring 22 : 4 -> 5 -> 6
furious-puma-1:172842:173165 [6] NCCL INFO P2P Chunksize set to 524288
furious-puma-1:172843:173166 [7] NCCL INFO P2P Chunksize set to 524288
furious-puma-1:172836:173187 [0] NCCL INFO Channel 07/24 : 0 1 2 3 4 5 6 7
furious-puma-1:172841:173167 [5] NCCL INFO Ring 23 : 4 -> 5 -> 6
furious-puma-1:172841:173167 [5] NCCL INFO Trees [0] 6/-1/-1->5->4 [1] 6/-1/-1->5->4 [2] 6/-1/-1->5->4 [3] 6/-1/-1->5->4 [4] 6/-1/-1->5->4 [5] 6/-1/-1->5->4 [6] 6/-1/-1->5->4 [7] 6/-1/-1->5->4 [8] 6/-1/-1->5->4 [9] 6/-1/-1->5->4 [10] 6/-1/-1->5->4 [11] 6/-1/-1->5->4 [12] 6/-1/-1->5->4 [13] 6/-1/-1->5->4 [14] 6/-1/-1->5->4 [15] 6/-1/-1->5->4 [16] 6/-1/-1->5->4 [17] 6/-1/-1->5->4 [18] 6/-1/-1->5->4 [19] 6/-1/-1->5->4 [20] 6/-1/-1->5->4 [21] 6/-1/-1->5->4 [22] 6/-1/-1->5->4 [23] 6/-1/-1->5->4
furious-puma-1:172836:173187 [0] NCCL INFO Channel 08/24 : 0 1 2 3 4 5 6 7
furious-puma-1:172841:173167 [5] NCCL INFO P2P Chunksize set to 524288
furious-puma-1:172836:173187 [0] NCCL INFO Channel 09/24 : 0 1 2 3 4 5 6 7
furious-puma-1:172836:173187 [0] NCCL INFO Channel 10/24 : 0 1 2 3 4 5 6 7
furious-puma-1:172837:173189 [1] NCCL INFO Ring 00 : 0 -> 1 -> 2
furious-puma-1:172836:173187 [0] NCCL INFO Channel 11/24 : 0 1 2 3 4 5 6 7
furious-puma-1:172836:173187 [0] NCCL INFO Channel 12/24 : 0 1 2 3 4 5 6 7
furious-puma-1:172837:173189 [1] NCCL INFO Ring 01 : 0 -> 1 -> 2
furious-puma-1:172837:173189 [1] NCCL INFO Ring 02 : 0 -> 1 -> 2
furious-puma-1:172836:173187 [0] NCCL INFO Channel 13/24 : 0 1 2 3 4 5 6 7
furious-puma-1:172837:173189 [1] NCCL INFO Ring 03 : 0 -> 1 -> 2
furious-puma-1:172836:173187 [0] NCCL INFO Channel 14/24 : 0 1 2 3 4 5 6 7
furious-puma-1:172837:173189 [1] NCCL INFO Ring 04 : 0 -> 1 -> 2
furious-puma-1:172836:173187 [0] NCCL INFO Channel 15/24 : 0 1 2 3 4 5 6 7
furious-puma-1:172837:173189 [1] NCCL INFO Ring 05 : 0 -> 1 -> 2
furious-puma-1:172837:173189 [1] NCCL INFO Ring 06 : 0 -> 1 -> 2
furious-puma-1:172836:173187 [0] NCCL INFO Channel 16/24 : 0 1 2 3 4 5 6 7
furious-puma-1:172837:173189 [1] NCCL INFO Ring 07 : 0 -> 1 -> 2
furious-puma-1:172836:173187 [0] NCCL INFO Channel 17/24 : 0 1 2 3 4 5 6 7
furious-puma-1:172837:173189 [1] NCCL INFO Ring 08 : 0 -> 1 -> 2
furious-puma-1:172836:173187 [0] NCCL INFO Channel 18/24 : 0 1 2 3 4 5 6 7
furious-puma-1:172837:173189 [1] NCCL INFO Ring 09 : 0 -> 1 -> 2
furious-puma-1:172836:173187 [0] NCCL INFO Channel 19/24 : 0 1 2 3 4 5 6 7
furious-puma-1:172837:173189 [1] NCCL INFO Ring 10 : 0 -> 1 -> 2
furious-puma-1:172836:173187 [0] NCCL INFO Channel 20/24 : 0 1 2 3 4 5 6 7
furious-puma-1:172837:173189 [1] NCCL INFO Ring 11 : 0 -> 1 -> 2
furious-puma-1:172836:173187 [0] NCCL INFO Channel 21/24 : 0 1 2 3 4 5 6 7
furious-puma-1:172837:173189 [1] NCCL INFO Ring 12 : 0 -> 1 -> 2
furious-puma-1:172836:173187 [0] NCCL INFO Channel 22/24 : 0 1 2 3 4 5 6 7
furious-puma-1:172837:173189 [1] NCCL INFO Ring 13 : 0 -> 1 -> 2
furious-puma-1:172836:173187 [0] NCCL INFO Channel 23/24 : 0 1 2 3 4 5 6 7
furious-puma-1:172837:173189 [1] NCCL INFO Ring 14 : 0 -> 1 -> 2
furious-puma-1:172836:173187 [0] NCCL INFO Ring 00 : 7 -> 0 -> 1
furious-puma-1:172837:173189 [1] NCCL INFO Ring 15 : 0 -> 1 -> 2
furious-puma-1:172836:173187 [0] NCCL INFO Ring 01 : 7 -> 0 -> 1
furious-puma-1:172837:173189 [1] NCCL INFO Ring 16 : 0 -> 1 -> 2
furious-puma-1:172836:173187 [0] NCCL INFO Ring 02 : 7 -> 0 -> 1
furious-puma-1:172837:173189 [1] NCCL INFO Ring 17 : 0 -> 1 -> 2
furious-puma-1:172836:173187 [0] NCCL INFO Ring 03 : 7 -> 0 -> 1
furious-puma-1:172836:173187 [0] NCCL INFO Ring 04 : 7 -> 0 -> 1
furious-puma-1:172837:173189 [1] NCCL INFO Ring 18 : 0 -> 1 -> 2
furious-puma-1:172836:173187 [0] NCCL INFO Ring 05 : 7 -> 0 -> 1
furious-puma-1:172837:173189 [1] NCCL INFO Ring 19 : 0 -> 1 -> 2
furious-puma-1:172836:173187 [0] NCCL INFO Ring 06 : 7 -> 0 -> 1
furious-puma-1:172836:173187 [0] NCCL INFO Ring 07 : 7 -> 0 -> 1
furious-puma-1:172837:173189 [1] NCCL INFO Ring 20 : 0 -> 1 -> 2
furious-puma-1:172836:173187 [0] NCCL INFO Ring 08 : 7 -> 0 -> 1
furious-puma-1:172837:173189 [1] NCCL INFO Ring 21 : 0 -> 1 -> 2
furious-puma-1:172836:173187 [0] NCCL INFO Ring 09 : 7 -> 0 -> 1
furious-puma-1:172837:173189 [1] NCCL INFO Ring 22 : 0 -> 1 -> 2
furious-puma-1:172836:173187 [0] NCCL INFO Ring 10 : 7 -> 0 -> 1
furious-puma-1:172836:173187 [0] NCCL INFO Ring 11 : 7 -> 0 -> 1
furious-puma-1:172837:173189 [1] NCCL INFO Ring 23 : 0 -> 1 -> 2
furious-puma-1:172836:173187 [0] NCCL INFO Ring 12 : 7 -> 0 -> 1
furious-puma-1:172837:173189 [1] NCCL INFO Trees [0] 2/-1/-1->1->0 [1] 2/-1/-1->1->0 [2] 2/-1/-1->1->0 [3] 2/-1/-1->1->0 [4] 2/-1/-1->1->0 [5] 2/-1/-1->1->0 [6] 2/-1/-1->1->0 [7] 2/-1/-1->1->0 [8] 2/-1/-1->1->0 [9] 2/-1/-1->1->0 [10] 2/-1/-1->1->0 [11] 2/-1/-1->1->0 [12] 2/-1/-1->1->0 [13] 2/-1/-1->1->0 [14] 2/-1/-1->1->0 [15] 2/-1/-1->1->0 [16] 2/-1/-1->1->0 [17] 2/-1/-1->1->0 [18] 2/-1/-1->1->0 [19] 2/-1/-1->1->0 [20] 2/-1/-1->1->0 [21] 2/-1/-1->1->0 [22] 2/-1/-1->1->0 [23] 2/-1/-1->1->0
furious-puma-1:172836:173187 [0] NCCL INFO Ring 13 : 7 -> 0 -> 1
furious-puma-1:172836:173187 [0] NCCL INFO Ring 14 : 7 -> 0 -> 1
furious-puma-1:172836:173187 [0] NCCL INFO Ring 15 : 7 -> 0 -> 1
furious-puma-1:172837:173189 [1] NCCL INFO P2P Chunksize set to 524288
furious-puma-1:172836:173187 [0] NCCL INFO Ring 16 : 7 -> 0 -> 1
furious-puma-1:172836:173187 [0] NCCL INFO Ring 17 : 7 -> 0 -> 1
furious-puma-1:172836:173187 [0] NCCL INFO Ring 18 : 7 -> 0 -> 1
furious-puma-1:172836:173187 [0] NCCL INFO Ring 19 : 7 -> 0 -> 1
furious-puma-1:172836:173187 [0] NCCL INFO Ring 20 : 7 -> 0 -> 1
furious-puma-1:172836:173187 [0] NCCL INFO Ring 21 : 7 -> 0 -> 1
furious-puma-1:172836:173187 [0] NCCL INFO Ring 22 : 7 -> 0 -> 1
furious-puma-1:172836:173187 [0] NCCL INFO Ring 23 : 7 -> 0 -> 1
furious-puma-1:172836:173187 [0] NCCL INFO Trees [0] 1/-1/-1->0->-1 [1] 1/-1/-1->0->-1 [2] 1/-1/-1->0->-1 [3] 1/-1/-1->0->-1 [4] 1/-1/-1->0->-1 [5] 1/-1/-1->0->-1 [6] 1/-1/-1->0->-1 [7] 1/-1/-1->0->-1 [8] 1/-1/-1->0->-1 [9] 1/-1/-1->0->-1 [10] 1/-1/-1->0->-1 [11] 1/-1/-1->0->-1 [12] 1/-1/-1->0->-1 [13] 1/-1/-1->0->-1 [14] 1/-1/-1->0->-1 [15] 1/-1/-1->0->-1 [16] 1/-1/-1->0->-1 [17] 1/-1/-1->0->-1 [18] 1/-1/-1->0->-1 [19] 1/-1/-1->0->-1 [20] 1/-1/-1->0->-1 [21] 1/-1/-1->0->-1 [22] 1/-1/-1->0->-1 [23] 1/-1/-1->0->-1
furious-puma-1:172836:173187 [0] NCCL INFO P2P Chunksize set to 524288
furious-puma-1:172841:173167 [5] NCCL INFO PROFILER/Plugin: Could not find: libnccl-profiler.so. 
furious-puma-1:172841:173282 [5] NCCL INFO [Proxy Service UDS] Device 5 CPU core 81
furious-puma-1:172841:173281 [5] NCCL INFO [Proxy Service] Device 5 CPU core 83
furious-puma-1:172838:173190 [2] NCCL INFO PROFILER/Plugin: Could not find: libnccl-profiler.so. 
furious-puma-1:172838:173284 [2] NCCL INFO [Proxy Service UDS] Device 2 CPU core 10
furious-puma-1:172838:173283 [2] NCCL INFO [Proxy Service] Device 2 CPU core 4
furious-puma-1:172836:173187 [0] NCCL INFO PROFILER/Plugin: Could not find: libnccl-profiler.so. 
furious-puma-1:172836:173187 [0] NCCL INFO Check P2P Type isAllDirectP2p 1 directMode 0
furious-puma-1:172836:173285 [0] NCCL INFO [Proxy Service] Device 0 CPU core 13
furious-puma-1:172836:173286 [0] NCCL INFO [Proxy Service UDS] Device 0 CPU core 14
furious-puma-1:172839:173188 [3] NCCL INFO PROFILER/Plugin: Could not find: libnccl-profiler.so. 
furious-puma-1:172837:173189 [1] NCCL INFO PROFILER/Plugin: Could not find: libnccl-profiler.so. 
furious-puma-1:172839:173288 [3] NCCL INFO [Proxy Service UDS] Device 3 CPU core 20
furious-puma-1:172837:173289 [1] NCCL INFO [Proxy Service] Device 1 CPU core 21
furious-puma-1:172839:173287 [3] NCCL INFO [Proxy Service] Device 3 CPU core 16
furious-puma-1:172837:173290 [1] NCCL INFO [Proxy Service UDS] Device 1 CPU core 22
furious-puma-1:172843:173166 [7] NCCL INFO PROFILER/Plugin: Could not find: libnccl-profiler.so. 
furious-puma-1:172843:173292 [7] NCCL INFO [Proxy Service UDS] Device 7 CPU core 133
furious-puma-1:172843:173291 [7] NCCL INFO [Proxy Service] Device 7 CPU core 132
furious-puma-1:172842:173165 [6] NCCL INFO PROFILER/Plugin: Could not find: libnccl-profiler.so. 
furious-puma-1:172842:173293 [6] NCCL INFO [Proxy Service] Device 6 CPU core 134
furious-puma-1:172842:173294 [6] NCCL INFO [Proxy Service UDS] Device 6 CPU core 137
furious-puma-1:172840:173168 [4] NCCL INFO PROFILER/Plugin: Could not find: libnccl-profiler.so. 
furious-puma-1:172840:173295 [4] NCCL INFO [Proxy Service] Device 4 CPU core 145
furious-puma-1:172840:173296 [4] NCCL INFO [Proxy Service UDS] Device 4 CPU core 146
furious-puma-1:172838:173190 [2] NCCL INFO threadThresholds 8/8/64 | 64/8/64 | 512 | 512
furious-puma-1:172838:173190 [2] NCCL INFO 24 coll channels, 24 collnet channels, 16 nvls channels, 32 p2p channels, 32 p2p channels per peer
furious-puma-1:172839:173188 [3] NCCL INFO threadThresholds 8/8/64 | 64/8/64 | 512 | 512
furious-puma-1:172839:173188 [3] NCCL INFO 24 coll channels, 24 collnet channels, 16 nvls channels, 32 p2p channels, 32 p2p channels per peer
furious-puma-1:172836:173187 [0] NCCL INFO threadThresholds 8/8/64 | 64/8/64 | 512 | 512
furious-puma-1:172836:173187 [0] NCCL INFO 24 coll channels, 24 collnet channels, 16 nvls channels, 32 p2p channels, 32 p2p channels per peer
furious-puma-1:172843:173166 [7] NCCL INFO threadThresholds 8/8/64 | 64/8/64 | 512 | 512
furious-puma-1:172843:173166 [7] NCCL INFO 24 coll channels, 24 collnet channels, 16 nvls channels, 32 p2p channels, 32 p2p channels per peer
furious-puma-1:172841:173167 [5] NCCL INFO threadThresholds 8/8/64 | 64/8/64 | 512 | 512
furious-puma-1:172841:173167 [5] NCCL INFO 24 coll channels, 24 collnet channels, 16 nvls channels, 32 p2p channels, 32 p2p channels per peer
furious-puma-1:172840:173168 [4] NCCL INFO threadThresholds 8/8/64 | 64/8/64 | 512 | 512
furious-puma-1:172840:173168 [4] NCCL INFO 24 coll channels, 24 collnet channels, 16 nvls channels, 32 p2p channels, 32 p2p channels per peer
furious-puma-1:172836:173187 [0] NCCL INFO CC Off, workFifoBytes 1048576
furious-puma-1:172842:173165 [6] NCCL INFO threadThresholds 8/8/64 | 64/8/64 | 512 | 512
furious-puma-1:172842:173165 [6] NCCL INFO 24 coll channels, 24 collnet channels, 16 nvls channels, 32 p2p channels, 32 p2p channels per peer
furious-puma-1:172837:173189 [1] NCCL INFO threadThresholds 8/8/64 | 64/8/64 | 512 | 512
furious-puma-1:172837:173189 [1] NCCL INFO 24 coll channels, 24 collnet channels, 16 nvls channels, 32 p2p channels, 32 p2p channels per peer
furious-puma-1:172838:173190 [2] NCCL INFO TUNER/Plugin: Could not find: libnccl-tuner.so. Using internal tuner plugin.
furious-puma-1:172838:173190 [2] NCCL INFO ncclCommInitRankConfig comm 0x1fac7400 rank 2 nranks 8 cudaDev 2 nvmlDev 2 busId 9f000 commId 0xc4b19e388596407c - Init COMPLETE
furious-puma-1:172838:173190 [2] NCCL INFO Init timings - ncclCommInitRankConfig: rank 2 nranks 8 total 1.45 (kernels 0.75, alloc 0.28, bootstrap 0.00, allgathers 0.01, topo 0.06, graphs 0.01, connections 0.31, rest 0.03)
furious-puma-1:172842:173165 [6] NCCL INFO TUNER/Plugin: Could not find: libnccl-tuner.so. Using internal tuner plugin.
furious-puma-1:172842:173165 [6] NCCL INFO ncclCommInitRankConfig comm 0xe92e160 rank 6 nranks 8 cudaDev 6 nvmlDev 6 busId df000 commId 0xc4b19e388596407c - Init COMPLETE
furious-puma-1:172842:173165 [6] NCCL INFO Init timings - ncclCommInitRankConfig: rank 6 nranks 8 total 1.93 (kernels 0.51, alloc 0.38, bootstrap 0.62, allgathers 0.00, topo 0.07, graphs 0.01, connections 0.30, rest 0.03)
furious-puma-1:172840:173168 [4] NCCL INFO TUNER/Plugin: Could not find: libnccl-tuner.so. Using internal tuner plugin.
furious-puma-1:172840:173168 [4] NCCL INFO ncclCommInitRankConfig comm 0x3226d280 rank 4 nranks 8 cudaDev 4 nvmlDev 4 busId bf000 commId 0xc4b19e388596407c - Init COMPLETE
furious-puma-1:172840:173168 [4] NCCL INFO Init timings - ncclCommInitRankConfig: rank 4 nranks 8 total 1.95 (kernels 0.53, alloc 0.39, bootstrap 0.59, allgathers 0.00, topo 0.07, graphs 0.01, connections 0.30, rest 0.06)
furious-puma-1:172841:173167 [5] NCCL INFO TUNER/Plugin: Could not find: libnccl-tuner.so. Using internal tuner plugin.
furious-puma-1:172841:173167 [5] NCCL INFO ncclCommInitRankConfig comm 0x25265ec0 rank 5 nranks 8 cudaDev 5 nvmlDev 5 busId cf000 commId 0xc4b19e388596407c - Init COMPLETE
furious-puma-1:172841:173167 [5] NCCL INFO Init timings - ncclCommInitRankConfig: rank 5 nranks 8 total 1.95 (kernels 0.60, alloc 0.37, bootstrap 0.55, allgathers 0.00, topo 0.06, graphs 0.01, connections 0.31, rest 0.04)
furious-puma-1:172836:173187 [0] NCCL INFO TUNER/Plugin: Could not find: libnccl-tuner.so. Using internal tuner plugin.
furious-puma-1:172836:173187 [0] NCCL INFO ncclCommInitRankConfig comm 0x2e15b430 rank 0 nranks 8 cudaDev 0 nvmlDev 0 busId 7f000 commId 0xc4b19e388596407c - Init COMPLETE
furious-puma-1:172836:173187 [0] NCCL INFO Init timings - ncclCommInitRankConfig: rank 0 nranks 8 total 1.58 (kernels 0.66, alloc 0.34, bootstrap 0.15, allgathers 0.00, topo 0.06, graphs 0.02, connections 0.31, rest 0.05)
furious-puma-1:172839:173188 [3] NCCL INFO TUNER/Plugin: Could not find: libnccl-tuner.so. Using internal tuner plugin.
furious-puma-1:172839:173188 [3] NCCL INFO ncclCommInitRankConfig comm 0x1d426170 rank 3 nranks 8 cudaDev 3 nvmlDev 3 busId af000 commId 0xc4b19e388596407c - Init COMPLETE
furious-puma-1:172839:173188 [3] NCCL INFO Init timings - ncclCommInitRankConfig: rank 3 nranks 8 total 1.47 (kernels 0.57, alloc 0.41, bootstrap 0.06, allgathers 0.00, topo 0.06, graphs 0.01, connections 0.30, rest 0.05)
furious-puma-1:172843:173166 [7] NCCL INFO TUNER/Plugin: Could not find: libnccl-tuner.so. Using internal tuner plugin.
furious-puma-1:172843:173166 [7] NCCL INFO ncclCommInitRankConfig comm 0x48ea4ff0 rank 7 nranks 8 cudaDev 7 nvmlDev 7 busId ef000 commId 0xc4b19e388596407c - Init COMPLETE
furious-puma-1:172843:173166 [7] NCCL INFO Init timings - ncclCommInitRankConfig: rank 7 nranks 8 total 1.95 (kernels 0.48, alloc 0.35, bootstrap 0.69, allgathers 0.01, topo 0.06, graphs 0.01, connections 0.30, rest 0.05)
furious-puma-1:172837:173189 [1] NCCL INFO TUNER/Plugin: Could not find: libnccl-tuner.so. Using internal tuner plugin.
furious-puma-1:172837:173189 [1] NCCL INFO ncclCommInitRankConfig comm 0xd7de960 rank 1 nranks 8 cudaDev 1 nvmlDev 1 busId 8f000 commId 0xc4b19e388596407c - Init COMPLETE
furious-puma-1:172837:173189 [1] NCCL INFO Init timings - ncclCommInitRankConfig: rank 1 nranks 8 total 1.47 (kernels 0.61, alloc 0.37, bootstrap 0.06, allgathers 0.01, topo 0.06, graphs 0.01, connections 0.31, rest 0.05)
This prints only on the main process!
CUDA available: True
GPU count: 8
BF16 supported: True
CUDA_DEVICES: 0,1,2,3,4,5,6,7
CONFIG_FILE: examples/ALI/accelerate_configs/deepspeed_zero1.yaml
TRAIN_SCRIPT: examples/ALI/scripts/train_ft_sft_main10.py
PROJECT_NAME: phd_deepspeed_zero1_8_bs_4_8b
n_GPUs: 8
loading configuration file config.json from cache at /home/ubuntu/.cache/huggingface/transformers/models--meta-llama--Llama-3.1-8B-Instruct/snapshots/0e9e39f249a16976918f6564b8830bc894c89659/config.json
Model config LlamaConfig {
  "architectures": [
    "LlamaForCausalLM"
  ],
  "attention_bias": false,
  "attention_dropout": 0.0,
  "bos_token_id": 128000,
  "dtype": "bfloat16",
  "eos_token_id": [
    128001,
    128008,
    128009
  ],
  "head_dim": 128,
  "hidden_act": "silu",
  "hidden_size": 4096,
  "initializer_range": 0.02,
  "intermediate_size": 14336,
  "max_position_embeddings": 131072,
  "mlp_bias": false,
  "model_type": "llama",
  "num_attention_heads": 32,
  "num_hidden_layers": 32,
  "num_key_value_heads": 8,
  "pretraining_tp": 1,
  "rms_norm_eps": 1e-05,
  "rope_scaling": {
    "factor": 8.0,
    "high_freq_factor": 4.0,
    "low_freq_factor": 1.0,
    "original_max_position_embeddings": 8192,
    "rope_type": "llama3"
  },
  "rope_theta": 500000.0,
  "tie_word_embeddings": false,
  "transformers_version": "4.57.3",
  "use_cache": true,
  "vocab_size": 128256
}

loading weights file model.safetensors from cache at /home/ubuntu/.cache/huggingface/transformers/models--meta-llama--Llama-3.1-8B-Instruct/snapshots/0e9e39f249a16976918f6564b8830bc894c89659/model.safetensors.index.json
loading configuration file config.json from cache at /home/ubuntu/.cache/huggingface/transformers/models--meta-llama--Llama-3.1-8B-Instruct/snapshots/0e9e39f249a16976918f6564b8830bc894c89659/config.json
Generate config GenerationConfig {
  "bos_token_id": 128000,
  "eos_token_id": [
    128001,
    128008,
    128009
  ]
}

Model config LlamaConfig {
  "architectures": [
    "LlamaForCausalLM"
  ],
  "attention_bias": false,
  "attention_dropout": 0.0,
  "bos_token_id": 128000,
  "dtype": "bfloat16",
  "eos_token_id": [
    128001,
    128008,
    128009
  ],
  "head_dim": 128,
  "hidden_act": "silu",
  "hidden_size": 4096,
  "initializer_range": 0.02,
  "intermediate_size": 14336,
  "max_position_embeddings": 131072,
  "mlp_bias": false,
  "model_type": "llama",
  "num_attention_heads": 32,
  "num_hidden_layers": 32,
  "num_key_value_heads": 8,
  "pretraining_tp": 1,
  "rms_norm_eps": 1e-05,
  "rope_scaling": {
    "factor": 8.0,
    "high_freq_factor": 4.0,
    "low_freq_factor": 1.0,
    "original_max_position_embeddings": 8192,
    "rope_type": "llama3"
  },
  "rope_theta": 500000.0,
  "tie_word_embeddings": false,
  "transformers_version": "4.57.3",
  "use_cache": true,
  "vocab_size": 128256
}

loading weights file model.safetensors from cache at /home/ubuntu/.cache/huggingface/transformers/models--meta-llama--Llama-3.1-8B-Instruct/snapshots/0e9e39f249a16976918f6564b8830bc894c89659/model.safetensors.index.json
loading configuration file config.json from cache at /home/ubuntu/.cache/huggingface/transformers/models--meta-llama--Llama-3.1-8B-Instruct/snapshots/0e9e39f249a16976918f6564b8830bc894c89659/config.json
Model config LlamaConfig {
  "architectures": [
    "LlamaForCausalLM"
  ],
  "attention_bias": false,
  "attention_dropout": 0.0,
  "bos_token_id": 128000,
  "dtype": "bfloat16",
  "eos_token_id": [
    128001,
    128008,
    128009
  ],
  "head_dim": 128,
  "hidden_act": "silu",
  "hidden_size": 4096,
  "initializer_range": 0.02,
  "intermediate_size": 14336,
  "max_position_embeddings": 131072,
  "mlp_bias": false,
  "model_type": "llama",
  "num_attention_heads": 32,
  "num_hidden_layers": 32,
  "num_key_value_heads": 8,
  "pretraining_tp": 1,
  "rms_norm_eps": 1e-05,
  "rope_scaling": {
    "factor": 8.0,
    "high_freq_factor": 4.0,
    "low_freq_factor": 1.0,
    "original_max_position_embeddings": 8192,
    "rope_type": "llama3"
  },
  "rope_theta": 500000.0,
  "tie_word_embeddings": false,
  "transformers_version": "4.57.3",
  "use_cache": true,
  "vocab_size": 128256
}

Generate config GenerationConfig {
  "bos_token_id": 128000,
  "eos_token_id": [
    128001,
    128008,
    128009
  ]
}

loading weights file model.safetensors from cache at /home/ubuntu/.cache/huggingface/transformers/models--meta-llama--Llama-3.1-8B-Instruct/snapshots/0e9e39f249a16976918f6564b8830bc894c89659/model.safetensors.index.json
loading configuration file config.json from cache at /home/ubuntu/.cache/huggingface/transformers/models--meta-llama--Llama-3.1-8B-Instruct/snapshots/0e9e39f249a16976918f6564b8830bc894c89659/config.json
Generate config GenerationConfig {
  "bos_token_id": 128000,
  "eos_token_id": [
    128001,
    128008,
    128009
  ]
}

Model config LlamaConfig {
  "architectures": [
    "LlamaForCausalLM"
  ],
  "attention_bias": false,
  "attention_dropout": 0.0,
  "bos_token_id": 128000,
  "dtype": "bfloat16",
  "eos_token_id": [
    128001,
    128008,
    128009
  ],
  "head_dim": 128,
  "hidden_act": "silu",
  "hidden_size": 4096,
  "initializer_range": 0.02,
  "intermediate_size": 14336,
  "max_position_embeddings": 131072,
  "mlp_bias": false,
  "model_type": "llama",
  "num_attention_heads": 32,
  "num_hidden_layers": 32,
  "num_key_value_heads": 8,
  "pretraining_tp": 1,
  "rms_norm_eps": 1e-05,
  "rope_scaling": {
    "factor": 8.0,
    "high_freq_factor": 4.0,
    "low_freq_factor": 1.0,
    "original_max_position_embeddings": 8192,
    "rope_type": "llama3"
  },
  "rope_theta": 500000.0,
  "tie_word_embeddings": false,
  "transformers_version": "4.57.3",
  "use_cache": true,
  "vocab_size": 128256
}

Loading checkpoint shards:   0%|          | 0/4 [00:00<?, ?it/s]loading weights file model.safetensors from cache at /home/ubuntu/.cache/huggingface/transformers/models--meta-llama--Llama-3.1-8B-Instruct/snapshots/0e9e39f249a16976918f6564b8830bc894c89659/model.safetensors.index.json
Generate config GenerationConfig {
  "bos_token_id": 128000,
  "eos_token_id": [
    128001,
    128008,
    128009
  ]
}

loading configuration file config.json from cache at /home/ubuntu/.cache/huggingface/transformers/models--meta-llama--Llama-3.1-8B-Instruct/snapshots/0e9e39f249a16976918f6564b8830bc894c89659/config.json
Model config LlamaConfig {
  "architectures": [
    "LlamaForCausalLM"
  ],
  "attention_bias": false,
  "attention_dropout": 0.0,
  "bos_token_id": 128000,
  "dtype": "bfloat16",
  "eos_token_id": [
    128001,
    128008,
    128009
  ],
  "head_dim": 128,
  "hidden_act": "silu",
  "hidden_size": 4096,
  "initializer_range": 0.02,
  "intermediate_size": 14336,
  "max_position_embeddings": 131072,
  "mlp_bias": false,
  "model_type": "llama",
  "num_attention_heads": 32,
  "num_hidden_layers": 32,
  "num_key_value_heads": 8,
  "pretraining_tp": 1,
  "rms_norm_eps": 1e-05,
  "rope_scaling": {
    "factor": 8.0,
    "high_freq_factor": 4.0,
    "low_freq_factor": 1.0,
    "original_max_position_embeddings": 8192,
    "rope_type": "llama3"
  },
  "rope_theta": 500000.0,
  "tie_word_embeddings": false,
  "transformers_version": "4.57.3",
  "use_cache": true,
  "vocab_size": 128256
}

loading weights file model.safetensors from cache at /home/ubuntu/.cache/huggingface/transformers/models--meta-llama--Llama-3.1-8B-Instruct/snapshots/0e9e39f249a16976918f6564b8830bc894c89659/model.safetensors.index.json
Generate config GenerationConfig {
  "bos_token_id": 128000,
  "eos_token_id": [
    128001,
    128008,
    128009
  ]
}

Loading checkpoint shards:   0%|          | 0/4 [00:00<?, ?it/s]Loading checkpoint shards:   0%|          | 0/4 [00:00<?, ?it/s]Loading checkpoint shards:   0%|          | 0/4 [00:00<?, ?it/s]loading configuration file config.json from cache at /home/ubuntu/.cache/huggingface/transformers/models--meta-llama--Llama-3.1-8B-Instruct/snapshots/0e9e39f249a16976918f6564b8830bc894c89659/config.json
Model config LlamaConfig {
  "architectures": [
    "LlamaForCausalLM"
  ],
  "attention_bias": false,
  "attention_dropout": 0.0,
  "bos_token_id": 128000,
  "dtype": "bfloat16",
  "eos_token_id": [
    128001,
    128008,
    128009
  ],
  "head_dim": 128,
  "hidden_act": "silu",
  "hidden_size": 4096,
  "initializer_range": 0.02,
  "intermediate_size": 14336,
  "max_position_embeddings": 131072,
  "mlp_bias": false,
  "model_type": "llama",
  "num_attention_heads": 32,
  "num_hidden_layers": 32,
  "num_key_value_heads": 8,
  "pretraining_tp": 1,
  "rms_norm_eps": 1e-05,
  "rope_scaling": {
    "factor": 8.0,
    "high_freq_factor": 4.0,
    "low_freq_factor": 1.0,
    "original_max_position_embeddings": 8192,
    "rope_type": "llama3"
  },
  "rope_theta": 500000.0,
  "tie_word_embeddings": false,
  "transformers_version": "4.57.3",
  "use_cache": true,
  "vocab_size": 128256
}

loading weights file model.safetensors from cache at /home/ubuntu/.cache/huggingface/transformers/models--meta-llama--Llama-3.1-8B-Instruct/snapshots/0e9e39f249a16976918f6564b8830bc894c89659/model.safetensors.index.json
Generate config GenerationConfig {
  "bos_token_id": 128000,
  "eos_token_id": [
    128001,
    128008,
    128009
  ]
}

Loading checkpoint shards:   0%|          | 0/4 [00:00<?, ?it/s]loading configuration file config.json from cache at /home/ubuntu/.cache/huggingface/transformers/models--meta-llama--Llama-3.1-8B-Instruct/snapshots/0e9e39f249a16976918f6564b8830bc894c89659/config.json
Model config LlamaConfig {
  "architectures": [
    "LlamaForCausalLM"
  ],
  "attention_bias": false,
  "attention_dropout": 0.0,
  "bos_token_id": 128000,
  "dtype": "bfloat16",
  "eos_token_id": [
    128001,
    128008,
    128009
  ],
  "head_dim": 128,
  "hidden_act": "silu",
  "hidden_size": 4096,
  "initializer_range": 0.02,
  "intermediate_size": 14336,
  "max_position_embeddings": 131072,
  "mlp_bias": false,
  "model_type": "llama",
  "num_attention_heads": 32,
  "num_hidden_layers": 32,
  "num_key_value_heads": 8,
  "pretraining_tp": 1,
  "rms_norm_eps": 1e-05,
  "rope_scaling": {
    "factor": 8.0,
    "high_freq_factor": 4.0,
    "low_freq_factor": 1.0,
    "original_max_position_embeddings": 8192,
    "rope_type": "llama3"
  },
  "rope_theta": 500000.0,
  "tie_word_embeddings": false,
  "transformers_version": "4.57.3",
  "use_cache": true,
  "vocab_size": 128256
}

loading configuration file config.json from cache at /home/ubuntu/.cache/huggingface/transformers/models--meta-llama--Llama-3.1-8B-Instruct/snapshots/0e9e39f249a16976918f6564b8830bc894c89659/config.json
loading weights file model.safetensors from cache at /home/ubuntu/.cache/huggingface/transformers/models--meta-llama--Llama-3.1-8B-Instruct/snapshots/0e9e39f249a16976918f6564b8830bc894c89659/model.safetensors.index.json
Generate config GenerationConfig {
  "bos_token_id": 128000,
  "eos_token_id": [
    128001,
    128008,
    128009
  ]
}

Loading checkpoint shards:   0%|          | 0/4 [00:00<?, ?it/s]Model config LlamaConfig {
  "architectures": [
    "LlamaForCausalLM"
  ],
  "attention_bias": false,
  "attention_dropout": 0.0,
  "bos_token_id": 128000,
  "dtype": "bfloat16",
  "eos_token_id": [
    128001,
    128008,
    128009
  ],
  "head_dim": 128,
  "hidden_act": "silu",
  "hidden_size": 4096,
  "initializer_range": 0.02,
  "intermediate_size": 14336,
  "max_position_embeddings": 131072,
  "mlp_bias": false,
  "model_type": "llama",
  "num_attention_heads": 32,
  "num_hidden_layers": 32,
  "num_key_value_heads": 8,
  "pretraining_tp": 1,
  "rms_norm_eps": 1e-05,
  "rope_scaling": {
    "factor": 8.0,
    "high_freq_factor": 4.0,
    "low_freq_factor": 1.0,
    "original_max_position_embeddings": 8192,
    "rope_type": "llama3"
  },
  "rope_theta": 500000.0,
  "tie_word_embeddings": false,
  "transformers_version": "4.57.3",
  "use_cache": true,
  "vocab_size": 128256
}

loading weights file model.safetensors from cache at /home/ubuntu/.cache/huggingface/transformers/models--meta-llama--Llama-3.1-8B-Instruct/snapshots/0e9e39f249a16976918f6564b8830bc894c89659/model.safetensors.index.json
Generate config GenerationConfig {
  "bos_token_id": 128000,
  "eos_token_id": [
    128001,
    128008,
    128009
  ]
}

Loading checkpoint shards:   0%|          | 0/4 [00:00<?, ?it/s]Loading checkpoint shards:   0%|          | 0/4 [00:00<?, ?it/s]Loading checkpoint shards:  25%|██▌       | 1/4 [00:04<00:12,  4.07s/it]Loading checkpoint shards:  25%|██▌       | 1/4 [00:04<00:12,  4.24s/it]Loading checkpoint shards:  25%|██▌       | 1/4 [00:04<00:12,  4.29s/it]Loading checkpoint shards:  25%|██▌       | 1/4 [00:04<00:13,  4.37s/it]Loading checkpoint shards:  25%|██▌       | 1/4 [00:04<00:14,  4.79s/it]Loading checkpoint shards:  25%|██▌       | 1/4 [00:04<00:14,  4.94s/it]Loading checkpoint shards:  25%|██▌       | 1/4 [00:05<00:16,  5.52s/it]Loading checkpoint shards:  25%|██▌       | 1/4 [00:05<00:16,  5.55s/it]Loading checkpoint shards:  50%|█████     | 2/4 [00:07<00:07,  3.98s/it]Loading checkpoint shards:  50%|█████     | 2/4 [00:08<00:08,  4.09s/it]Loading checkpoint shards:  50%|█████     | 2/4 [00:08<00:08,  4.18s/it]Loading checkpoint shards:  50%|█████     | 2/4 [00:08<00:08,  4.22s/it]Loading checkpoint shards:  50%|█████     | 2/4 [00:08<00:08,  4.40s/it]Loading checkpoint shards:  50%|█████     | 2/4 [00:08<00:08,  4.40s/it]Loading checkpoint shards:  50%|█████     | 2/4 [00:10<00:10,  5.46s/it]Loading checkpoint shards:  50%|█████     | 2/4 [00:10<00:10,  5.47s/it]Loading checkpoint shards:  75%|███████▌  | 3/4 [00:11<00:03,  3.99s/it]Loading checkpoint shards:  75%|███████▌  | 3/4 [00:12<00:04,  4.08s/it]Loading checkpoint shards:  75%|███████▌  | 3/4 [00:12<00:04,  4.09s/it]Loading checkpoint shards:  75%|███████▌  | 3/4 [00:12<00:04,  4.18s/it]Loading checkpoint shards: 100%|██████████| 4/4 [00:12<00:00,  2.80s/it]Loading checkpoint shards: 100%|██████████| 4/4 [00:12<00:00,  3.24s/it]
loading configuration file generation_config.json from cache at /home/ubuntu/.cache/huggingface/transformers/models--meta-llama--Llama-3.1-8B-Instruct/snapshots/0e9e39f249a16976918f6564b8830bc894c89659/generation_config.json
Generate config GenerationConfig {
  "bos_token_id": 128000,
  "do_sample": true,
  "eos_token_id": [
    128001,
    128008,
    128009
  ],
  "temperature": 0.6,
  "top_p": 0.9
}

Could not locate the custom_generate/generate.py inside meta-llama/Llama-3.1-8B-Instruct.
Loading checkpoint shards:  75%|███████▌  | 3/4 [00:12<00:04,  4.23s/it]Loading checkpoint shards:  75%|███████▌  | 3/4 [00:13<00:04,  4.33s/it]Loading checkpoint shards: 100%|██████████| 4/4 [00:13<00:00,  2.85s/it]Loading checkpoint shards: 100%|██████████| 4/4 [00:13<00:00,  3.32s/it]
loading configuration file generation_config.json from cache at /home/ubuntu/.cache/huggingface/transformers/models--meta-llama--Llama-3.1-8B-Instruct/snapshots/0e9e39f249a16976918f6564b8830bc894c89659/generation_config.json
Generate config GenerationConfig {
  "bos_token_id": 128000,
  "do_sample": true,
  "eos_token_id": [
    128001,
    128008,
    128009
  ],
  "temperature": 0.6,
  "top_p": 0.9
}

Loading checkpoint shards: 100%|██████████| 4/4 [00:13<00:00,  2.85s/it]Loading checkpoint shards: 100%|██████████| 4/4 [00:13<00:00,  3.34s/it]
Could not locate the custom_generate/generate.py inside meta-llama/Llama-3.1-8B-Instruct.
loading configuration file generation_config.json from cache at /home/ubuntu/.cache/huggingface/transformers/models--meta-llama--Llama-3.1-8B-Instruct/snapshots/0e9e39f249a16976918f6564b8830bc894c89659/generation_config.json
Generate config GenerationConfig {
  "bos_token_id": 128000,
  "do_sample": true,
  "eos_token_id": [
    128001,
    128008,
    128009
  ],
  "temperature": 0.6,
  "top_p": 0.9
}

Could not locate the custom_generate/generate.py inside meta-llama/Llama-3.1-8B-Instruct.
Loading checkpoint shards: 100%|██████████| 4/4 [00:13<00:00,  2.92s/it]Loading checkpoint shards: 100%|██████████| 4/4 [00:13<00:00,  3.39s/it]
loading configuration file generation_config.json from cache at /home/ubuntu/.cache/huggingface/transformers/models--meta-llama--Llama-3.1-8B-Instruct/snapshots/0e9e39f249a16976918f6564b8830bc894c89659/generation_config.json
Generate config GenerationConfig {
  "bos_token_id": 128000,
  "do_sample": true,
  "eos_token_id": [
    128001,
    128008,
    128009
  ],
  "temperature": 0.6,
  "top_p": 0.9
}

Could not locate the custom_generate/generate.py inside meta-llama/Llama-3.1-8B-Instruct.
PyTorch: setting up devices
Loading checkpoint shards: 100%|██████████| 4/4 [00:13<00:00,  2.94s/it]Loading checkpoint shards: 100%|██████████| 4/4 [00:13<00:00,  3.49s/it]
The default value for the training argument `--report_to` will change in v5 (from all installed integrations to none). In v5, you will need to use `--report_to all` to get the same behavior as now. You should start updating your code and make this info disappear :-).
loading configuration file generation_config.json from cache at /home/ubuntu/.cache/huggingface/transformers/models--meta-llama--Llama-3.1-8B-Instruct/snapshots/0e9e39f249a16976918f6564b8830bc894c89659/generation_config.json
Generate config GenerationConfig {
  "bos_token_id": 128000,
  "do_sample": true,
  "eos_token_id": [
    128001,
    128008,
    128009
  ],
  "temperature": 0.6,
  "top_p": 0.9
}

Could not locate the custom_generate/generate.py inside meta-llama/Llama-3.1-8B-Instruct.
length of dataset: 3200
{'messages': [{'content': 'Give three tips for staying healthy.', 'role': 'user'}, {'content': '1.Eat a balanced diet and make sure to include plenty of fruits and vegetables. \n2. Exercise regularly to keep your body active and strong. \n3. Get enough sleep and maintain a consistent sleep schedule.', 'role': 'assistant'}]}
phd_deepspeed_zero1_8_bs_4_8b_nvitop.log does not exist.
Loading checkpoint shards: 100%|██████████| 4/4 [00:14<00:00,  3.06s/it]Loading checkpoint shards: 100%|██████████| 4/4 [00:14<00:00,  3.57s/it]
loading configuration file generation_config.json from cache at /home/ubuntu/.cache/huggingface/transformers/models--meta-llama--Llama-3.1-8B-Instruct/snapshots/0e9e39f249a16976918f6564b8830bc894c89659/generation_config.json
Generate config GenerationConfig {
  "bos_token_id": 128000,
  "do_sample": true,
  "eos_token_id": [
    128001,
    128008,
    128009
  ],
  "temperature": 0.6,
  "top_p": 0.9
}

Could not locate the custom_generate/generate.py inside meta-llama/Llama-3.1-8B-Instruct.
PyTorch: setting up devices
loading configuration file config.json from cache at /home/ubuntu/.cache/huggingface/transformers/models--meta-llama--Llama-3.1-8B-Instruct/snapshots/0e9e39f249a16976918f6564b8830bc894c89659/config.json
Model config LlamaConfig {
  "architectures": [
    "LlamaForCausalLM"
  ],
  "attention_bias": false,
  "attention_dropout": 0.0,
  "bos_token_id": 128000,
  "dtype": "bfloat16",
  "eos_token_id": [
    128001,
    128008,
    128009
  ],
  "head_dim": 128,
  "hidden_act": "silu",
  "hidden_size": 4096,
  "initializer_range": 0.02,
  "intermediate_size": 14336,
  "max_position_embeddings": 131072,
  "mlp_bias": false,
  "model_type": "llama",
  "num_attention_heads": 32,
  "num_hidden_layers": 32,
  "num_key_value_heads": 8,
  "pretraining_tp": 1,
  "rms_norm_eps": 1e-05,
  "rope_scaling": {
    "factor": 8.0,
    "high_freq_factor": 4.0,
    "low_freq_factor": 1.0,
    "original_max_position_embeddings": 8192,
    "rope_type": "llama3"
  },
  "rope_theta": 500000.0,
  "tie_word_embeddings": false,
  "transformers_version": "4.57.3",
  "use_cache": true,
  "vocab_size": 128256
}

PyTorch: setting up devices
The default value for the training argument `--report_to` will change in v5 (from all installed integrations to none). In v5, you will need to use `--report_to all` to get the same behavior as now. You should start updating your code and make this info disappear :-).
loading file tokenizer.json from cache at /home/ubuntu/.cache/huggingface/transformers/models--meta-llama--Llama-3.1-8B-Instruct/snapshots/0e9e39f249a16976918f6564b8830bc894c89659/tokenizer.json
loading file tokenizer.model from cache at None
loading file added_tokens.json from cache at None
loading file special_tokens_map.json from cache at /home/ubuntu/.cache/huggingface/transformers/models--meta-llama--Llama-3.1-8B-Instruct/snapshots/0e9e39f249a16976918f6564b8830bc894c89659/special_tokens_map.json
loading file tokenizer_config.json from cache at /home/ubuntu/.cache/huggingface/transformers/models--meta-llama--Llama-3.1-8B-Instruct/snapshots/0e9e39f249a16976918f6564b8830bc894c89659/tokenizer_config.json
loading file chat_template.jinja from cache at None
The default value for the training argument `--report_to` will change in v5 (from all installed integrations to none). In v5, you will need to use `--report_to all` to get the same behavior as now. You should start updating your code and make this info disappear :-).

Time Start

2025-11-27 05:06:23.123504
PyTorch: setting up devices
The default value for the training argument `--report_to` will change in v5 (from all installed integrations to none). In v5, you will need to use `--report_to all` to get the same behavior as now. You should start updating your code and make this info disappear :-).
Special tokens have been added in the vocabulary, make sure the associated word embeddings are fine-tuned or trained.
PyTorch: setting up devices
loading configuration file config.json from cache at /home/ubuntu/.cache/huggingface/transformers/models--meta-llama--Llama-3.1-8B-Instruct/snapshots/0e9e39f249a16976918f6564b8830bc894c89659/config.json
Model config LlamaConfig {
  "architectures": [
    "LlamaForCausalLM"
  ],
  "attention_bias": false,
  "attention_dropout": 0.0,
  "bos_token_id": 128000,
  "dtype": "bfloat16",
  "eos_token_id": [
    128001,
    128008,
    128009
  ],
  "head_dim": 128,
  "hidden_act": "silu",
  "hidden_size": 4096,
  "initializer_range": 0.02,
  "intermediate_size": 14336,
  "max_position_embeddings": 131072,
  "mlp_bias": false,
  "model_type": "llama",
  "num_attention_heads": 32,
  "num_hidden_layers": 32,
  "num_key_value_heads": 8,
  "pretraining_tp": 1,
  "rms_norm_eps": 1e-05,
  "rope_scaling": {
    "factor": 8.0,
    "high_freq_factor": 4.0,
    "low_freq_factor": 1.0,
    "original_max_position_embeddings": 8192,
    "rope_type": "llama3"
  },
  "rope_theta": 500000.0,
  "tie_word_embeddings": false,
  "transformers_version": "4.57.3",
  "use_cache": true,
  "vocab_size": 128256
}

The default value for the training argument `--report_to` will change in v5 (from all installed integrations to none). In v5, you will need to use `--report_to all` to get the same behavior as now. You should start updating your code and make this info disappear :-).
loading configuration file config.json from cache at /home/ubuntu/.cache/huggingface/transformers/models--meta-llama--Llama-3.1-8B-Instruct/snapshots/0e9e39f249a16976918f6564b8830bc894c89659/config.json
Model config LlamaConfig {
  "architectures": [
    "LlamaForCausalLM"
  ],
  "attention_bias": false,
  "attention_dropout": 0.0,
  "bos_token_id": 128000,
  "dtype": "bfloat16",
  "eos_token_id": [
    128001,
    128008,
    128009
  ],
  "head_dim": 128,
  "hidden_act": "silu",
  "hidden_size": 4096,
  "initializer_range": 0.02,
  "intermediate_size": 14336,
  "max_position_embeddings": 131072,
  "mlp_bias": false,
  "model_type": "llama",
  "num_attention_heads": 32,
  "num_hidden_layers": 32,
  "num_key_value_heads": 8,
  "pretraining_tp": 1,
  "rms_norm_eps": 1e-05,
  "rope_scaling": {
    "factor": 8.0,
    "high_freq_factor": 4.0,
    "low_freq_factor": 1.0,
    "original_max_position_embeddings": 8192,
    "rope_type": "llama3"
  },
  "rope_theta": 500000.0,
  "tie_word_embeddings": false,
  "transformers_version": "4.57.3",
  "use_cache": true,
  "vocab_size": 128256
}

PyTorch: setting up devices
loading file tokenizer.json from cache at /home/ubuntu/.cache/huggingface/transformers/models--meta-llama--Llama-3.1-8B-Instruct/snapshots/0e9e39f249a16976918f6564b8830bc894c89659/tokenizer.json
loading file tokenizer.model from cache at None
loading file added_tokens.json from cache at None
loading file special_tokens_map.json from cache at /home/ubuntu/.cache/huggingface/transformers/models--meta-llama--Llama-3.1-8B-Instruct/snapshots/0e9e39f249a16976918f6564b8830bc894c89659/special_tokens_map.json
loading file tokenizer_config.json from cache at /home/ubuntu/.cache/huggingface/transformers/models--meta-llama--Llama-3.1-8B-Instruct/snapshots/0e9e39f249a16976918f6564b8830bc894c89659/tokenizer_config.json
loading file chat_template.jinja from cache at None
loading file tokenizer.json from cache at /home/ubuntu/.cache/huggingface/transformers/models--meta-llama--Llama-3.1-8B-Instruct/snapshots/0e9e39f249a16976918f6564b8830bc894c89659/tokenizer.json
loading file tokenizer.model from cache at None
loading file added_tokens.json from cache at None
loading file special_tokens_map.json from cache at /home/ubuntu/.cache/huggingface/transformers/models--meta-llama--Llama-3.1-8B-Instruct/snapshots/0e9e39f249a16976918f6564b8830bc894c89659/special_tokens_map.json
loading file tokenizer_config.json from cache at /home/ubuntu/.cache/huggingface/transformers/models--meta-llama--Llama-3.1-8B-Instruct/snapshots/0e9e39f249a16976918f6564b8830bc894c89659/tokenizer_config.json
loading file chat_template.jinja from cache at None
loading configuration file config.json from cache at /home/ubuntu/.cache/huggingface/transformers/models--meta-llama--Llama-3.1-8B-Instruct/snapshots/0e9e39f249a16976918f6564b8830bc894c89659/config.json
Model config LlamaConfig {
  "architectures": [
    "LlamaForCausalLM"
  ],
  "attention_bias": false,
  "attention_dropout": 0.0,
  "bos_token_id": 128000,
  "dtype": "bfloat16",
  "eos_token_id": [
    128001,
    128008,
    128009
  ],
  "head_dim": 128,
  "hidden_act": "silu",
  "hidden_size": 4096,
  "initializer_range": 0.02,
  "intermediate_size": 14336,
  "max_position_embeddings": 131072,
  "mlp_bias": false,
  "model_type": "llama",
  "num_attention_heads": 32,
  "num_hidden_layers": 32,
  "num_key_value_heads": 8,
  "pretraining_tp": 1,
  "rms_norm_eps": 1e-05,
  "rope_scaling": {
    "factor": 8.0,
    "high_freq_factor": 4.0,
    "low_freq_factor": 1.0,
    "original_max_position_embeddings": 8192,
    "rope_type": "llama3"
  },
  "rope_theta": 500000.0,
  "tie_word_embeddings": false,
  "transformers_version": "4.57.3",
  "use_cache": true,
  "vocab_size": 128256
}

The default value for the training argument `--report_to` will change in v5 (from all installed integrations to none). In v5, you will need to use `--report_to all` to get the same behavior as now. You should start updating your code and make this info disappear :-).
loading file tokenizer.json from cache at /home/ubuntu/.cache/huggingface/transformers/models--meta-llama--Llama-3.1-8B-Instruct/snapshots/0e9e39f249a16976918f6564b8830bc894c89659/tokenizer.json
loading file tokenizer.model from cache at None
loading file added_tokens.json from cache at None
loading file special_tokens_map.json from cache at /home/ubuntu/.cache/huggingface/transformers/models--meta-llama--Llama-3.1-8B-Instruct/snapshots/0e9e39f249a16976918f6564b8830bc894c89659/special_tokens_map.json
loading file tokenizer_config.json from cache at /home/ubuntu/.cache/huggingface/transformers/models--meta-llama--Llama-3.1-8B-Instruct/snapshots/0e9e39f249a16976918f6564b8830bc894c89659/tokenizer_config.json
loading file chat_template.jinja from cache at None
Special tokens have been added in the vocabulary, make sure the associated word embeddings are fine-tuned or trained.
loading file tokenizer.json from cache at /home/ubuntu/.cache/huggingface/transformers/models--meta-llama--Llama-3.1-8B-Instruct/snapshots/0e9e39f249a16976918f6564b8830bc894c89659/tokenizer.json
loading file tokenizer.model from cache at None
loading file added_tokens.json from cache at None
loading file special_tokens_map.json from cache at /home/ubuntu/.cache/huggingface/transformers/models--meta-llama--Llama-3.1-8B-Instruct/snapshots/0e9e39f249a16976918f6564b8830bc894c89659/special_tokens_map.json
loading file tokenizer_config.json from cache at /home/ubuntu/.cache/huggingface/transformers/models--meta-llama--Llama-3.1-8B-Instruct/snapshots/0e9e39f249a16976918f6564b8830bc894c89659/tokenizer_config.json
loading file chat_template.jinja from cache at None
Special tokens have been added in the vocabulary, make sure the associated word embeddings are fine-tuned or trained.
loading configuration file config.json from cache at /home/ubuntu/.cache/huggingface/transformers/models--meta-llama--Llama-3.1-8B-Instruct/snapshots/0e9e39f249a16976918f6564b8830bc894c89659/config.json
Model config LlamaConfig {
  "architectures": [
    "LlamaForCausalLM"
  ],
  "attention_bias": false,
  "attention_dropout": 0.0,
  "bos_token_id": 128000,
  "dtype": "bfloat16",
  "eos_token_id": [
    128001,
    128008,
    128009
  ],
  "head_dim": 128,
  "hidden_act": "silu",
  "hidden_size": 4096,
  "initializer_range": 0.02,
  "intermediate_size": 14336,
  "max_position_embeddings": 131072,
  "mlp_bias": false,
  "model_type": "llama",
  "num_attention_heads": 32,
  "num_hidden_layers": 32,
  "num_key_value_heads": 8,
  "pretraining_tp": 1,
  "rms_norm_eps": 1e-05,
  "rope_scaling": {
    "factor": 8.0,
    "high_freq_factor": 4.0,
    "low_freq_factor": 1.0,
    "original_max_position_embeddings": 8192,
    "rope_type": "llama3"
  },
  "rope_theta": 500000.0,
  "tie_word_embeddings": false,
  "transformers_version": "4.57.3",
  "use_cache": true,
  "vocab_size": 128256
}

Special tokens have been added in the vocabulary, make sure the associated word embeddings are fine-tuned or trained.
loading configuration file config.json from cache at /home/ubuntu/.cache/huggingface/transformers/models--meta-llama--Llama-3.1-8B-Instruct/snapshots/0e9e39f249a16976918f6564b8830bc894c89659/config.json
Model config LlamaConfig {
  "architectures": [
    "LlamaForCausalLM"
  ],
  "attention_bias": false,
  "attention_dropout": 0.0,
  "bos_token_id": 128000,
  "dtype": "bfloat16",
  "eos_token_id": [
    128001,
    128008,
    128009
  ],
  "head_dim": 128,
  "hidden_act": "silu",
  "hidden_size": 4096,
  "initializer_range": 0.02,
  "intermediate_size": 14336,
  "max_position_embeddings": 131072,
  "mlp_bias": false,
  "model_type": "llama",
  "num_attention_heads": 32,
  "num_hidden_layers": 32,
  "num_key_value_heads": 8,
  "pretraining_tp": 1,
  "rms_norm_eps": 1e-05,
  "rope_scaling": {
    "factor": 8.0,
    "high_freq_factor": 4.0,
    "low_freq_factor": 1.0,
    "original_max_position_embeddings": 8192,
    "rope_type": "llama3"
  },
  "rope_theta": 500000.0,
  "tie_word_embeddings": false,
  "transformers_version": "4.57.3",
  "use_cache": true,
  "vocab_size": 128256
}

loading file tokenizer.json from cache at /home/ubuntu/.cache/huggingface/transformers/models--meta-llama--Llama-3.1-8B-Instruct/snapshots/0e9e39f249a16976918f6564b8830bc894c89659/tokenizer.json
loading file tokenizer.model from cache at None
loading file added_tokens.json from cache at None
loading file special_tokens_map.json from cache at /home/ubuntu/.cache/huggingface/transformers/models--meta-llama--Llama-3.1-8B-Instruct/snapshots/0e9e39f249a16976918f6564b8830bc894c89659/special_tokens_map.json
loading file tokenizer_config.json from cache at /home/ubuntu/.cache/huggingface/transformers/models--meta-llama--Llama-3.1-8B-Instruct/snapshots/0e9e39f249a16976918f6564b8830bc894c89659/tokenizer_config.json
loading file chat_template.jinja from cache at None
loading file tokenizer.json from cache at /home/ubuntu/.cache/huggingface/transformers/models--meta-llama--Llama-3.1-8B-Instruct/snapshots/0e9e39f249a16976918f6564b8830bc894c89659/tokenizer.json
loading file tokenizer.model from cache at None
loading file added_tokens.json from cache at None
loading file special_tokens_map.json from cache at /home/ubuntu/.cache/huggingface/transformers/models--meta-llama--Llama-3.1-8B-Instruct/snapshots/0e9e39f249a16976918f6564b8830bc894c89659/special_tokens_map.json
loading file tokenizer_config.json from cache at /home/ubuntu/.cache/huggingface/transformers/models--meta-llama--Llama-3.1-8B-Instruct/snapshots/0e9e39f249a16976918f6564b8830bc894c89659/tokenizer_config.json
loading file chat_template.jinja from cache at None
loading file tokenizer.json from cache at /home/ubuntu/.cache/huggingface/transformers/models--meta-llama--Llama-3.1-8B-Instruct/snapshots/0e9e39f249a16976918f6564b8830bc894c89659/tokenizer.json
loading file tokenizer.model from cache at None
loading file added_tokens.json from cache at None
loading file special_tokens_map.json from cache at /home/ubuntu/.cache/huggingface/transformers/models--meta-llama--Llama-3.1-8B-Instruct/snapshots/0e9e39f249a16976918f6564b8830bc894c89659/special_tokens_map.json
loading file tokenizer_config.json from cache at /home/ubuntu/.cache/huggingface/transformers/models--meta-llama--Llama-3.1-8B-Instruct/snapshots/0e9e39f249a16976918f6564b8830bc894c89659/tokenizer_config.json
loading file chat_template.jinja from cache at None
loading file tokenizer.json from cache at /home/ubuntu/.cache/huggingface/transformers/models--meta-llama--Llama-3.1-8B-Instruct/snapshots/0e9e39f249a16976918f6564b8830bc894c89659/tokenizer.json
loading file tokenizer.model from cache at None
loading file added_tokens.json from cache at None
loading file special_tokens_map.json from cache at /home/ubuntu/.cache/huggingface/transformers/models--meta-llama--Llama-3.1-8B-Instruct/snapshots/0e9e39f249a16976918f6564b8830bc894c89659/special_tokens_map.json
loading file tokenizer_config.json from cache at /home/ubuntu/.cache/huggingface/transformers/models--meta-llama--Llama-3.1-8B-Instruct/snapshots/0e9e39f249a16976918f6564b8830bc894c89659/tokenizer_config.json
loading file chat_template.jinja from cache at None
Special tokens have been added in the vocabulary, make sure the associated word embeddings are fine-tuned or trained.
Special tokens have been added in the vocabulary, make sure the associated word embeddings are fine-tuned or trained.
Special tokens have been added in the vocabulary, make sure the associated word embeddings are fine-tuned or trained.
Special tokens have been added in the vocabulary, make sure the associated word embeddings are fine-tuned or trained.
Special tokens have been added in the vocabulary, make sure the associated word embeddings are fine-tuned or trained.
loading file tokenizer.json from cache at /home/ubuntu/.cache/huggingface/transformers/models--meta-llama--Llama-3.1-8B-Instruct/snapshots/0e9e39f249a16976918f6564b8830bc894c89659/tokenizer.json
loading file tokenizer.model from cache at None
loading file added_tokens.json from cache at None
loading file special_tokens_map.json from cache at /home/ubuntu/.cache/huggingface/transformers/models--meta-llama--Llama-3.1-8B-Instruct/snapshots/0e9e39f249a16976918f6564b8830bc894c89659/special_tokens_map.json
loading file tokenizer_config.json from cache at /home/ubuntu/.cache/huggingface/transformers/models--meta-llama--Llama-3.1-8B-Instruct/snapshots/0e9e39f249a16976918f6564b8830bc894c89659/tokenizer_config.json
loading file chat_template.jinja from cache at None
loading file tokenizer.json from cache at /home/ubuntu/.cache/huggingface/transformers/models--meta-llama--Llama-3.1-8B-Instruct/snapshots/0e9e39f249a16976918f6564b8830bc894c89659/tokenizer.json
loading file tokenizer.model from cache at None
loading file added_tokens.json from cache at None
loading file special_tokens_map.json from cache at /home/ubuntu/.cache/huggingface/transformers/models--meta-llama--Llama-3.1-8B-Instruct/snapshots/0e9e39f249a16976918f6564b8830bc894c89659/special_tokens_map.json
loading file tokenizer_config.json from cache at /home/ubuntu/.cache/huggingface/transformers/models--meta-llama--Llama-3.1-8B-Instruct/snapshots/0e9e39f249a16976918f6564b8830bc894c89659/tokenizer_config.json
loading file chat_template.jinja from cache at None
loading file tokenizer.json from cache at /home/ubuntu/.cache/huggingface/transformers/models--meta-llama--Llama-3.1-8B-Instruct/snapshots/0e9e39f249a16976918f6564b8830bc894c89659/tokenizer.json
loading file tokenizer.model from cache at None
loading file added_tokens.json from cache at None
loading file special_tokens_map.json from cache at /home/ubuntu/.cache/huggingface/transformers/models--meta-llama--Llama-3.1-8B-Instruct/snapshots/0e9e39f249a16976918f6564b8830bc894c89659/special_tokens_map.json
loading file tokenizer_config.json from cache at /home/ubuntu/.cache/huggingface/transformers/models--meta-llama--Llama-3.1-8B-Instruct/snapshots/0e9e39f249a16976918f6564b8830bc894c89659/tokenizer_config.json
loading file chat_template.jinja from cache at None
Loading checkpoint shards:  75%|███████▌  | 3/4 [00:16<00:05,  5.47s/it]Special tokens have been added in the vocabulary, make sure the associated word embeddings are fine-tuned or trained.
Loading checkpoint shards:  75%|███████▌  | 3/4 [00:16<00:05,  5.50s/it]Special tokens have been added in the vocabulary, make sure the associated word embeddings are fine-tuned or trained.
Special tokens have been added in the vocabulary, make sure the associated word embeddings are fine-tuned or trained.
Loading checkpoint shards: 100%|██████████| 4/4 [00:17<00:00,  3.81s/it]Loading checkpoint shards: 100%|██████████| 4/4 [00:17<00:00,  4.42s/it]
loading configuration file generation_config.json from cache at /home/ubuntu/.cache/huggingface/transformers/models--meta-llama--Llama-3.1-8B-Instruct/snapshots/0e9e39f249a16976918f6564b8830bc894c89659/generation_config.json
Generate config GenerationConfig {
  "bos_token_id": 128000,
  "do_sample": true,
  "eos_token_id": [
    128001,
    128008,
    128009
  ],
  "temperature": 0.6,
  "top_p": 0.9
}

Loading checkpoint shards: 100%|██████████| 4/4 [00:17<00:00,  3.81s/it]Loading checkpoint shards: 100%|██████████| 4/4 [00:17<00:00,  4.43s/it]
Could not locate the custom_generate/generate.py inside meta-llama/Llama-3.1-8B-Instruct.
loading configuration file generation_config.json from cache at /home/ubuntu/.cache/huggingface/transformers/models--meta-llama--Llama-3.1-8B-Instruct/snapshots/0e9e39f249a16976918f6564b8830bc894c89659/generation_config.json
Generate config GenerationConfig {
  "bos_token_id": 128000,
  "do_sample": true,
  "eos_token_id": [
    128001,
    128008,
    128009
  ],
  "temperature": 0.6,
  "top_p": 0.9
}

Could not locate the custom_generate/generate.py inside meta-llama/Llama-3.1-8B-Instruct.
PyTorch: setting up devices
The default value for the training argument `--report_to` will change in v5 (from all installed integrations to none). In v5, you will need to use `--report_to all` to get the same behavior as now. You should start updating your code and make this info disappear :-).
PyTorch: setting up devices
The default value for the training argument `--report_to` will change in v5 (from all installed integrations to none). In v5, you will need to use `--report_to all` to get the same behavior as now. You should start updating your code and make this info disappear :-).
loading configuration file config.json from cache at /home/ubuntu/.cache/huggingface/transformers/models--meta-llama--Llama-3.1-8B-Instruct/snapshots/0e9e39f249a16976918f6564b8830bc894c89659/config.json
Model config LlamaConfig {
  "architectures": [
    "LlamaForCausalLM"
  ],
  "attention_bias": false,
  "attention_dropout": 0.0,
  "bos_token_id": 128000,
  "dtype": "bfloat16",
  "eos_token_id": [
    128001,
    128008,
    128009
  ],
  "head_dim": 128,
  "hidden_act": "silu",
  "hidden_size": 4096,
  "initializer_range": 0.02,
  "intermediate_size": 14336,
  "max_position_embeddings": 131072,
  "mlp_bias": false,
  "model_type": "llama",
  "num_attention_heads": 32,
  "num_hidden_layers": 32,
  "num_key_value_heads": 8,
  "pretraining_tp": 1,
  "rms_norm_eps": 1e-05,
  "rope_scaling": {
    "factor": 8.0,
    "high_freq_factor": 4.0,
    "low_freq_factor": 1.0,
    "original_max_position_embeddings": 8192,
    "rope_type": "llama3"
  },
  "rope_theta": 500000.0,
  "tie_word_embeddings": false,
  "transformers_version": "4.57.3",
  "use_cache": true,
  "vocab_size": 128256
}

loading configuration file config.json from cache at /home/ubuntu/.cache/huggingface/transformers/models--meta-llama--Llama-3.1-8B-Instruct/snapshots/0e9e39f249a16976918f6564b8830bc894c89659/config.json
Model config LlamaConfig {
  "architectures": [
    "LlamaForCausalLM"
  ],
  "attention_bias": false,
  "attention_dropout": 0.0,
  "bos_token_id": 128000,
  "dtype": "bfloat16",
  "eos_token_id": [
    128001,
    128008,
    128009
  ],
  "head_dim": 128,
  "hidden_act": "silu",
  "hidden_size": 4096,
  "initializer_range": 0.02,
  "intermediate_size": 14336,
  "max_position_embeddings": 131072,
  "mlp_bias": false,
  "model_type": "llama",
  "num_attention_heads": 32,
  "num_hidden_layers": 32,
  "num_key_value_heads": 8,
  "pretraining_tp": 1,
  "rms_norm_eps": 1e-05,
  "rope_scaling": {
    "factor": 8.0,
    "high_freq_factor": 4.0,
    "low_freq_factor": 1.0,
    "original_max_position_embeddings": 8192,
    "rope_type": "llama3"
  },
  "rope_theta": 500000.0,
  "tie_word_embeddings": false,
  "transformers_version": "4.57.3",
  "use_cache": true,
  "vocab_size": 128256
}

loading file tokenizer.json from cache at /home/ubuntu/.cache/huggingface/transformers/models--meta-llama--Llama-3.1-8B-Instruct/snapshots/0e9e39f249a16976918f6564b8830bc894c89659/tokenizer.json
loading file tokenizer.model from cache at None
loading file added_tokens.json from cache at None
loading file special_tokens_map.json from cache at /home/ubuntu/.cache/huggingface/transformers/models--meta-llama--Llama-3.1-8B-Instruct/snapshots/0e9e39f249a16976918f6564b8830bc894c89659/special_tokens_map.json
loading file tokenizer_config.json from cache at /home/ubuntu/.cache/huggingface/transformers/models--meta-llama--Llama-3.1-8B-Instruct/snapshots/0e9e39f249a16976918f6564b8830bc894c89659/tokenizer_config.json
loading file chat_template.jinja from cache at None
loading file tokenizer.json from cache at /home/ubuntu/.cache/huggingface/transformers/models--meta-llama--Llama-3.1-8B-Instruct/snapshots/0e9e39f249a16976918f6564b8830bc894c89659/tokenizer.json
loading file tokenizer.model from cache at None
loading file added_tokens.json from cache at None
loading file special_tokens_map.json from cache at /home/ubuntu/.cache/huggingface/transformers/models--meta-llama--Llama-3.1-8B-Instruct/snapshots/0e9e39f249a16976918f6564b8830bc894c89659/special_tokens_map.json
loading file tokenizer_config.json from cache at /home/ubuntu/.cache/huggingface/transformers/models--meta-llama--Llama-3.1-8B-Instruct/snapshots/0e9e39f249a16976918f6564b8830bc894c89659/tokenizer_config.json
loading file chat_template.jinja from cache at None
Special tokens have been added in the vocabulary, make sure the associated word embeddings are fine-tuned or trained.
Special tokens have been added in the vocabulary, make sure the associated word embeddings are fine-tuned or trained.
loading file tokenizer.json from cache at /home/ubuntu/.cache/huggingface/transformers/models--meta-llama--Llama-3.1-8B-Instruct/snapshots/0e9e39f249a16976918f6564b8830bc894c89659/tokenizer.json
loading file tokenizer.model from cache at None
loading file added_tokens.json from cache at None
loading file special_tokens_map.json from cache at /home/ubuntu/.cache/huggingface/transformers/models--meta-llama--Llama-3.1-8B-Instruct/snapshots/0e9e39f249a16976918f6564b8830bc894c89659/special_tokens_map.json
loading file tokenizer_config.json from cache at /home/ubuntu/.cache/huggingface/transformers/models--meta-llama--Llama-3.1-8B-Instruct/snapshots/0e9e39f249a16976918f6564b8830bc894c89659/tokenizer_config.json
loading file chat_template.jinja from cache at None
loading file tokenizer.json from cache at /home/ubuntu/.cache/huggingface/transformers/models--meta-llama--Llama-3.1-8B-Instruct/snapshots/0e9e39f249a16976918f6564b8830bc894c89659/tokenizer.json
loading file tokenizer.model from cache at None
loading file added_tokens.json from cache at None
loading file special_tokens_map.json from cache at /home/ubuntu/.cache/huggingface/transformers/models--meta-llama--Llama-3.1-8B-Instruct/snapshots/0e9e39f249a16976918f6564b8830bc894c89659/special_tokens_map.json
loading file tokenizer_config.json from cache at /home/ubuntu/.cache/huggingface/transformers/models--meta-llama--Llama-3.1-8B-Instruct/snapshots/0e9e39f249a16976918f6564b8830bc894c89659/tokenizer_config.json
loading file chat_template.jinja from cache at None
Special tokens have been added in the vocabulary, make sure the associated word embeddings are fine-tuned or trained.
Special tokens have been added in the vocabulary, make sure the associated word embeddings are fine-tuned or trained.
furious-puma-1:172838:173283 [2] NCCL INFO Allocated shareable buffer 0x7c91d0c00000 size 10485760 ipcDesc 0x7c916c008b80
furious-puma-1:172838:173283 [2] NCCL INFO Allocated shareable buffer 0x7c91d1600000 size 10485760 ipcDesc 0x7c916c00a620
furious-puma-1:172838:173283 [2] NCCL INFO Allocated shareable buffer 0x7c91d2000000 size 10485760 ipcDesc 0x7c916c00be60
furious-puma-1:172838:173283 [2] NCCL INFO Allocated shareable buffer 0x7c91d2a00000 size 10485760 ipcDesc 0x7c916c00d680
furious-puma-1:172838:173283 [2] NCCL INFO Allocated shareable buffer 0x7c91d3400000 size 10485760 ipcDesc 0x7c916c00ee80
furious-puma-1:172838:173283 [2] NCCL INFO Allocated shareable buffer 0x7c91d3e00000 size 10485760 ipcDesc 0x7c916c010680
furious-puma-1:172838:173283 [2] NCCL INFO Allocated shareable buffer 0x7c91d4800000 size 10485760 ipcDesc 0x7c916c011e80
furious-puma-1:172838:173283 [2] NCCL INFO Allocated shareable buffer 0x7c91d5200000 size 10485760 ipcDesc 0x7c916c013680
furious-puma-1:172838:173283 [2] NCCL INFO Allocated shareable buffer 0x7c91d5c00000 size 10485760 ipcDesc 0x7c916c014e80
furious-puma-1:172838:173283 [2] NCCL INFO Allocated shareable buffer 0x7c91d6600000 size 10485760 ipcDesc 0x7c916c016680
furious-puma-1:172838:173283 [2] NCCL INFO Allocated shareable buffer 0x7c91d7000000 size 10485760 ipcDesc 0x7c916c017e80
furious-puma-1:172838:173283 [2] NCCL INFO Allocated shareable buffer 0xa02000000 size 10485760 ipcDesc 0x7c916c019680
furious-puma-1:172838:173283 [2] NCCL INFO Allocated shareable buffer 0xa02a00000 size 10485760 ipcDesc 0x7c916c01b320
furious-puma-1:172838:173283 [2] NCCL INFO Allocated shareable buffer 0xa03400000 size 10485760 ipcDesc 0x7c916c01cb20
furious-puma-1:172838:173283 [2] NCCL INFO Allocated shareable buffer 0xa04000000 size 10485760 ipcDesc 0x7c916c01e320
furious-puma-1:172838:173283 [2] NCCL INFO Allocated shareable buffer 0xa04a00000 size 10485760 ipcDesc 0x7c916c01ff70
furious-puma-1:172838:173283 [2] NCCL INFO Allocated shareable buffer 0xa05400000 size 10485760 ipcDesc 0x7c916c021770
furious-puma-1:172838:173283 [2] NCCL INFO Allocated shareable buffer 0xa06000000 size 10485760 ipcDesc 0x7c916c022f70
furious-puma-1:172838:173283 [2] NCCL INFO Allocated shareable buffer 0xa06a00000 size 10485760 ipcDesc 0x7c916c024bc0
furious-puma-1:172838:173283 [2] NCCL INFO Allocated shareable buffer 0xa07400000 size 10485760 ipcDesc 0x7c916c0263c0
furious-puma-1:172838:173283 [2] NCCL INFO Allocated shareable buffer 0xa08000000 size 10485760 ipcDesc 0x7c916c027bc0
furious-puma-1:172838:173283 [2] NCCL INFO Allocated shareable buffer 0xa08a00000 size 10485760 ipcDesc 0x7c916c029810
furious-puma-1:172838:173283 [2] NCCL INFO Allocated shareable buffer 0xa09400000 size 10485760 ipcDesc 0x7c916c02b010
furious-puma-1:172838:173283 [2] NCCL INFO Allocated shareable buffer 0xa0a000000 size 10485760 ipcDesc 0x7c916c02c810
furious-puma-1:172838:173762 [2] NCCL INFO Channel 00/0 : 2[2] -> 3[3] via P2P/CUMEM
furious-puma-1:172838:173283 [2] NCCL INFO Allocated shareable buffer 0xa0aa00000 size 2097152 ipcDesc 0x7c916c02e460
furious-puma-1:172838:173762 [2] NCCL INFO Channel 01/0 : 2[2] -> 3[3] via P2P/CUMEM
furious-puma-1:172838:173283 [2] NCCL INFO Allocated shareable buffer 0xa0ac00000 size 2097152 ipcDesc 0x7c916c02fc60
furious-puma-1:172838:173762 [2] NCCL INFO Channel 02/0 : 2[2] -> 3[3] via P2P/CUMEM
furious-puma-1:172838:173283 [2] NCCL INFO Allocated shareable buffer 0xa0ae00000 size 2097152 ipcDesc 0x7c916c031460
furious-puma-1:172838:173762 [2] NCCL INFO Channel 03/0 : 2[2] -> 3[3] via P2P/CUMEM
furious-puma-1:172838:173283 [2] NCCL INFO Allocated shareable buffer 0xa0b000000 size 2097152 ipcDesc 0x7c916c032c60
furious-puma-1:172838:173762 [2] NCCL INFO Channel 04/0 : 2[2] -> 3[3] via P2P/CUMEM
furious-puma-1:172838:173283 [2] NCCL INFO Allocated shareable buffer 0xa0b200000 size 2097152 ipcDesc 0x7c916c034460
furious-puma-1:172838:173762 [2] NCCL INFO Channel 05/0 : 2[2] -> 3[3] via P2P/CUMEM
furious-puma-1:172838:173283 [2] NCCL INFO Allocated shareable buffer 0xa0b400000 size 2097152 ipcDesc 0x7c916c035c60
furious-puma-1:172838:173762 [2] NCCL INFO Channel 06/0 : 2[2] -> 3[3] via P2P/CUMEM
furious-puma-1:172838:173283 [2] NCCL INFO Allocated shareable buffer 0xa0b600000 size 2097152 ipcDesc 0x7c916c037460
furious-puma-1:172838:173762 [2] NCCL INFO Channel 07/0 : 2[2] -> 3[3] via P2P/CUMEM
furious-puma-1:172838:173283 [2] NCCL INFO Allocated shareable buffer 0xa0b800000 size 2097152 ipcDesc 0x7c916c038c60
furious-puma-1:172838:173762 [2] NCCL INFO Channel 08/0 : 2[2] -> 3[3] via P2P/CUMEM
furious-puma-1:172838:173283 [2] NCCL INFO Allocated shareable buffer 0xa0ba00000 size 2097152 ipcDesc 0x7c916c03a460
furious-puma-1:172838:173762 [2] NCCL INFO Channel 09/0 : 2[2] -> 3[3] via P2P/CUMEM
furious-puma-1:172838:173283 [2] NCCL INFO Allocated shareable buffer 0xa0bc00000 size 2097152 ipcDesc 0x7c916c03bc60
furious-puma-1:172838:173762 [2] NCCL INFO Channel 10/0 : 2[2] -> 3[3] via P2P/CUMEM
furious-puma-1:172838:173283 [2] NCCL INFO Allocated shareable buffer 0xa0be00000 size 2097152 ipcDesc 0x7c916c03d460
furious-puma-1:172838:173762 [2] NCCL INFO Channel 11/0 : 2[2] -> 3[3] via P2P/CUMEM
furious-puma-1:172838:173283 [2] NCCL INFO Allocated shareable buffer 0xa09e00000 size 2097152 ipcDesc 0x7c916c03ebc0
furious-puma-1:172838:173762 [2] NCCL INFO Channel 12/0 : 2[2] -> 3[3] via P2P/CUMEM
furious-puma-1:172838:173283 [2] NCCL INFO Allocated shareable buffer 0xa07e00000 size 2097152 ipcDesc 0x7c916c0400a0
furious-puma-1:172838:173762 [2] NCCL INFO Channel 13/0 : 2[2] -> 3[3] via P2P/CUMEM
furious-puma-1:172838:173283 [2] NCCL INFO Allocated shareable buffer 0xa05e00000 size 2097152 ipcDesc 0x7c916c041580
furious-puma-1:172838:173762 [2] NCCL INFO Channel 14/0 : 2[2] -> 3[3] via P2P/CUMEM
furious-puma-1:172838:173283 [2] NCCL INFO Allocated shareable buffer 0xa03e00000 size 2097152 ipcDesc 0x7c916c042a60
furious-puma-1:172838:173762 [2] NCCL INFO Channel 15/0 : 2[2] -> 3[3] via P2P/CUMEM
furious-puma-1:172838:173283 [2] NCCL INFO Allocated shareable buffer 0x7c91d7a00000 size 2097152 ipcDesc 0x7c916c043f40
furious-puma-1:172838:173762 [2] NCCL INFO Channel 16/0 : 2[2] -> 3[3] via P2P/CUMEM
furious-puma-1:172838:173283 [2] NCCL INFO Allocated shareable buffer 0x7c91d7c00000 size 2097152 ipcDesc 0x7c916c045740
furious-puma-1:172838:173762 [2] NCCL INFO Channel 17/0 : 2[2] -> 3[3] via P2P/CUMEM
furious-puma-1:172838:173283 [2] NCCL INFO Allocated shareable buffer 0xa0c000000 size 2097152 ipcDesc 0x7c916c046e00
furious-puma-1:172838:173762 [2] NCCL INFO Channel 18/0 : 2[2] -> 3[3] via P2P/CUMEM
furious-puma-1:172838:173283 [2] NCCL INFO Allocated shareable buffer 0xa0c200000 size 2097152 ipcDesc 0x7c916c0487d0
furious-puma-1:172838:173762 [2] NCCL INFO Channel 19/0 : 2[2] -> 3[3] via P2P/CUMEM
furious-puma-1:172838:173283 [2] NCCL INFO Allocated shareable buffer 0xa0c400000 size 2097152 ipcDesc 0x7c916c049fd0
furious-puma-1:172838:173762 [2] NCCL INFO Channel 20/0 : 2[2] -> 3[3] via P2P/CUMEM
furious-puma-1:172838:173283 [2] NCCL INFO Allocated shareable buffer 0xa0c600000 size 2097152 ipcDesc 0x7c916c04b7d0
furious-puma-1:172838:173762 [2] NCCL INFO Channel 21/0 : 2[2] -> 3[3] via P2P/CUMEM
furious-puma-1:172838:173283 [2] NCCL INFO Allocated shareable buffer 0xa0c800000 size 2097152 ipcDesc 0x7c916c04cfd0
furious-puma-1:172838:173762 [2] NCCL INFO Channel 22/0 : 2[2] -> 3[3] via P2P/CUMEM
furious-puma-1:172838:173283 [2] NCCL INFO Allocated shareable buffer 0xa0ca00000 size 2097152 ipcDesc 0x7c916c04e7d0
furious-puma-1:172838:173762 [2] NCCL INFO Channel 23/0 : 2[2] -> 3[3] via P2P/CUMEM
furious-puma-1:172838:173283 [2] NCCL INFO Allocated shareable buffer 0xa0cc00000 size 2097152 ipcDesc 0x7c916c04ffd0
furious-puma-1:172842:173293 [6] NCCL INFO Allocated shareable buffer 0x770fecc00000 size 10485760 ipcDesc 0x770f84008b80
furious-puma-1:172842:173293 [6] NCCL INFO Allocated shareable buffer 0x770fed600000 size 10485760 ipcDesc 0x770f8400a620
furious-puma-1:172842:173293 [6] NCCL INFO Allocated shareable buffer 0x770fee000000 size 10485760 ipcDesc 0x770f8400be60
furious-puma-1:172842:173293 [6] NCCL INFO Allocated shareable buffer 0x770feea00000 size 10485760 ipcDesc 0x770f8400d680
furious-puma-1:172842:173293 [6] NCCL INFO Allocated shareable buffer 0x770fef400000 size 10485760 ipcDesc 0x770f8400ee80
furious-puma-1:172842:173293 [6] NCCL INFO Allocated shareable buffer 0x770fefe00000 size 10485760 ipcDesc 0x770f84010680
furious-puma-1:172842:173293 [6] NCCL INFO Allocated shareable buffer 0x770ff0800000 size 10485760 ipcDesc 0x770f84011e80
furious-puma-1:172842:173293 [6] NCCL INFO Allocated shareable buffer 0x770ff1200000 size 10485760 ipcDesc 0x770f84013680
furious-puma-1:172842:173293 [6] NCCL INFO Allocated shareable buffer 0x770ff1c00000 size 10485760 ipcDesc 0x770f84014e80
furious-puma-1:172842:173293 [6] NCCL INFO Allocated shareable buffer 0x770ff2600000 size 10485760 ipcDesc 0x770f84016680
furious-puma-1:172842:173293 [6] NCCL INFO Allocated shareable buffer 0x770ff3000000 size 10485760 ipcDesc 0x770f84017e80
furious-puma-1:172842:173293 [6] NCCL INFO Allocated shareable buffer 0xa02000000 size 10485760 ipcDesc 0x770f84019680
furious-puma-1:172842:173293 [6] NCCL INFO Allocated shareable buffer 0xa02a00000 size 10485760 ipcDesc 0x770f8401b320
furious-puma-1:172842:173293 [6] NCCL INFO Allocated shareable buffer 0xa03400000 size 10485760 ipcDesc 0x770f8401cb20
furious-puma-1:172842:173293 [6] NCCL INFO Allocated shareable buffer 0xa04000000 size 10485760 ipcDesc 0x770f8401e320
furious-puma-1:172842:173293 [6] NCCL INFO Allocated shareable buffer 0xa04a00000 size 10485760 ipcDesc 0x770f8401ff70
furious-puma-1:172842:173293 [6] NCCL INFO Allocated shareable buffer 0xa05400000 size 10485760 ipcDesc 0x770f84021770
furious-puma-1:172842:173293 [6] NCCL INFO Allocated shareable buffer 0xa06000000 size 10485760 ipcDesc 0x770f84022f70
furious-puma-1:172842:173293 [6] NCCL INFO Allocated shareable buffer 0xa06a00000 size 10485760 ipcDesc 0x770f84024b70
furious-puma-1:172842:173293 [6] NCCL INFO Allocated shareable buffer 0xa07400000 size 10485760 ipcDesc 0x770f84026370
furious-puma-1:172842:173293 [6] NCCL INFO Allocated shareable buffer 0xa08000000 size 10485760 ipcDesc 0x770f84027b70
furious-puma-1:172842:173293 [6] NCCL INFO Allocated shareable buffer 0xa08a00000 size 10485760 ipcDesc 0x770f840297c0
furious-puma-1:172842:173293 [6] NCCL INFO Allocated shareable buffer 0xa09400000 size 10485760 ipcDesc 0x770f8402afc0
furious-puma-1:172842:173293 [6] NCCL INFO Allocated shareable buffer 0xa0a000000 size 10485760 ipcDesc 0x770f8402c7c0
furious-puma-1:172842:173764 [6] NCCL INFO Channel 00/0 : 6[6] -> 7[7] via P2P/CUMEM
furious-puma-1:172842:173293 [6] NCCL INFO Allocated shareable buffer 0xa0aa00000 size 2097152 ipcDesc 0x770f8402e410
furious-puma-1:172842:173764 [6] NCCL INFO Channel 01/0 : 6[6] -> 7[7] via P2P/CUMEM
furious-puma-1:172842:173293 [6] NCCL INFO Allocated shareable buffer 0xa0ac00000 size 2097152 ipcDesc 0x770f8402fc10
furious-puma-1:172842:173764 [6] NCCL INFO Channel 02/0 : 6[6] -> 7[7] via P2P/CUMEM
furious-puma-1:172842:173293 [6] NCCL INFO Allocated shareable buffer 0xa0ae00000 size 2097152 ipcDesc 0x770f84031410
furious-puma-1:172842:173764 [6] NCCL INFO Channel 03/0 : 6[6] -> 7[7] via P2P/CUMEM
furious-puma-1:172842:173293 [6] NCCL INFO Allocated shareable buffer 0xa0b000000 size 2097152 ipcDesc 0x770f84032c10
furious-puma-1:172842:173764 [6] NCCL INFO Channel 04/0 : 6[6] -> 7[7] via P2P/CUMEM
furious-puma-1:172842:173293 [6] NCCL INFO Allocated shareable buffer 0xa0b200000 size 2097152 ipcDesc 0x770f84034410
furious-puma-1:172842:173764 [6] NCCL INFO Channel 05/0 : 6[6] -> 7[7] via P2P/CUMEM
furious-puma-1:172842:173293 [6] NCCL INFO Allocated shareable buffer 0xa0b400000 size 2097152 ipcDesc 0x770f84035c10
furious-puma-1:172842:173764 [6] NCCL INFO Channel 06/0 : 6[6] -> 7[7] via P2P/CUMEM
furious-puma-1:172842:173293 [6] NCCL INFO Allocated shareable buffer 0xa0b600000 size 2097152 ipcDesc 0x770f84037410
furious-puma-1:172842:173764 [6] NCCL INFO Channel 07/0 : 6[6] -> 7[7] via P2P/CUMEM
furious-puma-1:172842:173293 [6] NCCL INFO Allocated shareable buffer 0xa0b800000 size 2097152 ipcDesc 0x770f84038c10
furious-puma-1:172842:173764 [6] NCCL INFO Channel 08/0 : 6[6] -> 7[7] via P2P/CUMEM
furious-puma-1:172842:173293 [6] NCCL INFO Allocated shareable buffer 0xa0ba00000 size 2097152 ipcDesc 0x770f8403a410
furious-puma-1:172842:173764 [6] NCCL INFO Channel 09/0 : 6[6] -> 7[7] via P2P/CUMEM
furious-puma-1:172842:173293 [6] NCCL INFO Allocated shareable buffer 0xa0bc00000 size 2097152 ipcDesc 0x770f8403bc10
furious-puma-1:172842:173764 [6] NCCL INFO Channel 10/0 : 6[6] -> 7[7] via P2P/CUMEM
furious-puma-1:172842:173293 [6] NCCL INFO Allocated shareable buffer 0xa0be00000 size 2097152 ipcDesc 0x770f8403d410
furious-puma-1:172842:173764 [6] NCCL INFO Channel 11/0 : 6[6] -> 7[7] via P2P/CUMEM
furious-puma-1:172842:173293 [6] NCCL INFO Allocated shareable buffer 0xa09e00000 size 2097152 ipcDesc 0x770f8403eb70
furious-puma-1:172842:173764 [6] NCCL INFO Channel 12/0 : 6[6] -> 7[7] via P2P/CUMEM
furious-puma-1:172842:173293 [6] NCCL INFO Allocated shareable buffer 0xa07e00000 size 2097152 ipcDesc 0x770f84040050
furious-puma-1:172842:173764 [6] NCCL INFO Channel 13/0 : 6[6] -> 7[7] via P2P/CUMEM
furious-puma-1:172842:173293 [6] NCCL INFO Allocated shareable buffer 0xa05e00000 size 2097152 ipcDesc 0x770f84041530
furious-puma-1:172842:173764 [6] NCCL INFO Channel 14/0 : 6[6] -> 7[7] via P2P/CUMEM
furious-puma-1:172842:173293 [6] NCCL INFO Allocated shareable buffer 0xa03e00000 size 2097152 ipcDesc 0x770f84042a10
furious-puma-1:172842:173764 [6] NCCL INFO Channel 15/0 : 6[6] -> 7[7] via P2P/CUMEM
furious-puma-1:172842:173293 [6] NCCL INFO Allocated shareable buffer 0x770ff3a00000 size 2097152 ipcDesc 0x770f84043ef0
furious-puma-1:172842:173764 [6] NCCL INFO Channel 16/0 : 6[6] -> 7[7] via P2P/CUMEM
furious-puma-1:172842:173293 [6] NCCL INFO Allocated shareable buffer 0x770ff3c00000 size 2097152 ipcDesc 0x770f840456f0
furious-puma-1:172842:173764 [6] NCCL INFO Channel 17/0 : 6[6] -> 7[7] via P2P/CUMEM
furious-puma-1:172842:173293 [6] NCCL INFO Allocated shareable buffer 0xa0c000000 size 2097152 ipcDesc 0x770f84046db0
furious-puma-1:172842:173764 [6] NCCL INFO Channel 18/0 : 6[6] -> 7[7] via P2P/CUMEM
furious-puma-1:172842:173293 [6] NCCL INFO Allocated shareable buffer 0xa0c200000 size 2097152 ipcDesc 0x770f84048780
furious-puma-1:172842:173764 [6] NCCL INFO Channel 19/0 : 6[6] -> 7[7] via P2P/CUMEM
furious-puma-1:172842:173293 [6] NCCL INFO Allocated shareable buffer 0xa0c400000 size 2097152 ipcDesc 0x770f84049f80
furious-puma-1:172842:173764 [6] NCCL INFO Channel 20/0 : 6[6] -> 7[7] via P2P/CUMEM
furious-puma-1:172842:173293 [6] NCCL INFO Allocated shareable buffer 0xa0c600000 size 2097152 ipcDesc 0x770f8404b780
furious-puma-1:172842:173764 [6] NCCL INFO Channel 21/0 : 6[6] -> 7[7] via P2P/CUMEM
furious-puma-1:172842:173293 [6] NCCL INFO Allocated shareable buffer 0xa0c800000 size 2097152 ipcDesc 0x770f8404cf80
furious-puma-1:172842:173764 [6] NCCL INFO Channel 22/0 : 6[6] -> 7[7] via P2P/CUMEM
furious-puma-1:172842:173293 [6] NCCL INFO Allocated shareable buffer 0xa0ca00000 size 2097152 ipcDesc 0x770f8404e780
furious-puma-1:172842:173764 [6] NCCL INFO Channel 23/0 : 6[6] -> 7[7] via P2P/CUMEM
furious-puma-1:172842:173293 [6] NCCL INFO Allocated shareable buffer 0xa0cc00000 size 2097152 ipcDesc 0x770f8404ff80
furious-puma-1:172837:173289 [1] NCCL INFO Allocated shareable buffer 0x78e21cc00000 size 10485760 ipcDesc 0x78e1b4008b80
furious-puma-1:172837:173289 [1] NCCL INFO Allocated shareable buffer 0x78e21d600000 size 10485760 ipcDesc 0x78e1b400a620
furious-puma-1:172837:173289 [1] NCCL INFO Allocated shareable buffer 0x78e21e000000 size 10485760 ipcDesc 0x78e1b400be60
furious-puma-1:172837:173289 [1] NCCL INFO Allocated shareable buffer 0x78e21ea00000 size 10485760 ipcDesc 0x78e1b400d680
furious-puma-1:172837:173289 [1] NCCL INFO Allocated shareable buffer 0x78e21f400000 size 10485760 ipcDesc 0x78e1b400ee80
furious-puma-1:172837:173289 [1] NCCL INFO Allocated shareable buffer 0x78e21fe00000 size 10485760 ipcDesc 0x78e1b4010680
furious-puma-1:172837:173289 [1] NCCL INFO Allocated shareable buffer 0x78e220800000 size 10485760 ipcDesc 0x78e1b4011e80
furious-puma-1:172837:173289 [1] NCCL INFO Allocated shareable buffer 0x78e221200000 size 10485760 ipcDesc 0x78e1b4013680
furious-puma-1:172837:173289 [1] NCCL INFO Allocated shareable buffer 0x78e221c00000 size 10485760 ipcDesc 0x78e1b4014e80
furious-puma-1:172837:173289 [1] NCCL INFO Allocated shareable buffer 0x78e222600000 size 10485760 ipcDesc 0x78e1b4016680
furious-puma-1:172837:173289 [1] NCCL INFO Allocated shareable buffer 0x78e223000000 size 10485760 ipcDesc 0x78e1b4017e80
furious-puma-1:172837:173289 [1] NCCL INFO Allocated shareable buffer 0xa02000000 size 10485760 ipcDesc 0x78e1b4019680
furious-puma-1:172837:173289 [1] NCCL INFO Allocated shareable buffer 0xa02a00000 size 10485760 ipcDesc 0x78e1b401b320
furious-puma-1:172837:173289 [1] NCCL INFO Allocated shareable buffer 0xa03400000 size 10485760 ipcDesc 0x78e1b401cb20
furious-puma-1:172837:173289 [1] NCCL INFO Allocated shareable buffer 0xa04000000 size 10485760 ipcDesc 0x78e1b401e320
furious-puma-1:172837:173289 [1] NCCL INFO Allocated shareable buffer 0xa04a00000 size 10485760 ipcDesc 0x78e1b401ff70
furious-puma-1:172837:173289 [1] NCCL INFO Allocated shareable buffer 0xa05400000 size 10485760 ipcDesc 0x78e1b4021770
furious-puma-1:172837:173289 [1] NCCL INFO Allocated shareable buffer 0xa06000000 size 10485760 ipcDesc 0x78e1b4022f70
furious-puma-1:172837:173289 [1] NCCL INFO Allocated shareable buffer 0xa06a00000 size 10485760 ipcDesc 0x78e1b4024b70
furious-puma-1:172837:173289 [1] NCCL INFO Allocated shareable buffer 0xa07400000 size 10485760 ipcDesc 0x78e1b4026370
furious-puma-1:172837:173289 [1] NCCL INFO Allocated shareable buffer 0xa08000000 size 10485760 ipcDesc 0x78e1b4027b70
furious-puma-1:172837:173289 [1] NCCL INFO Allocated shareable buffer 0xa08a00000 size 10485760 ipcDesc 0x78e1b40297c0
furious-puma-1:172837:173289 [1] NCCL INFO Allocated shareable buffer 0xa09400000 size 10485760 ipcDesc 0x78e1b402afc0
furious-puma-1:172837:173289 [1] NCCL INFO Allocated shareable buffer 0xa0a000000 size 10485760 ipcDesc 0x78e1b402c7c0
furious-puma-1:172837:173828 [1] NCCL INFO Channel 00/0 : 1[1] -> 2[2] via P2P/CUMEM
furious-puma-1:172837:173289 [1] NCCL INFO Allocated shareable buffer 0xa0aa00000 size 2097152 ipcDesc 0x78e1b402e410
furious-puma-1:172837:173828 [1] NCCL INFO Channel 01/0 : 1[1] -> 2[2] via P2P/CUMEM
furious-puma-1:172837:173289 [1] NCCL INFO Allocated shareable buffer 0xa0ac00000 size 2097152 ipcDesc 0x78e1b402fc10
furious-puma-1:172837:173828 [1] NCCL INFO Channel 02/0 : 1[1] -> 2[2] via P2P/CUMEM
furious-puma-1:172837:173289 [1] NCCL INFO Allocated shareable buffer 0xa0ae00000 size 2097152 ipcDesc 0x78e1b4031410
furious-puma-1:172837:173828 [1] NCCL INFO Channel 03/0 : 1[1] -> 2[2] via P2P/CUMEM
furious-puma-1:172837:173289 [1] NCCL INFO Allocated shareable buffer 0xa0b000000 size 2097152 ipcDesc 0x78e1b4032c10
furious-puma-1:172837:173828 [1] NCCL INFO Channel 04/0 : 1[1] -> 2[2] via P2P/CUMEM
furious-puma-1:172837:173289 [1] NCCL INFO Allocated shareable buffer 0xa0b200000 size 2097152 ipcDesc 0x78e1b4034410
furious-puma-1:172837:173828 [1] NCCL INFO Channel 05/0 : 1[1] -> 2[2] via P2P/CUMEM
furious-puma-1:172837:173289 [1] NCCL INFO Allocated shareable buffer 0xa0b400000 size 2097152 ipcDesc 0x78e1b4035c10
furious-puma-1:172837:173828 [1] NCCL INFO Channel 06/0 : 1[1] -> 2[2] via P2P/CUMEM
furious-puma-1:172837:173289 [1] NCCL INFO Allocated shareable buffer 0xa0b600000 size 2097152 ipcDesc 0x78e1b4037410
furious-puma-1:172837:173828 [1] NCCL INFO Channel 07/0 : 1[1] -> 2[2] via P2P/CUMEM
furious-puma-1:172837:173289 [1] NCCL INFO Allocated shareable buffer 0xa0b800000 size 2097152 ipcDesc 0x78e1b4038c10
furious-puma-1:172837:173828 [1] NCCL INFO Channel 08/0 : 1[1] -> 2[2] via P2P/CUMEM
furious-puma-1:172837:173289 [1] NCCL INFO Allocated shareable buffer 0xa0ba00000 size 2097152 ipcDesc 0x78e1b403a410
furious-puma-1:172837:173828 [1] NCCL INFO Channel 09/0 : 1[1] -> 2[2] via P2P/CUMEM
furious-puma-1:172837:173289 [1] NCCL INFO Allocated shareable buffer 0xa0bc00000 size 2097152 ipcDesc 0x78e1b403bc10
furious-puma-1:172837:173828 [1] NCCL INFO Channel 10/0 : 1[1] -> 2[2] via P2P/CUMEM
furious-puma-1:172837:173289 [1] NCCL INFO Allocated shareable buffer 0xa0be00000 size 2097152 ipcDesc 0x78e1b403d410
furious-puma-1:172837:173828 [1] NCCL INFO Channel 11/0 : 1[1] -> 2[2] via P2P/CUMEM
furious-puma-1:172837:173289 [1] NCCL INFO Allocated shareable buffer 0xa09e00000 size 2097152 ipcDesc 0x78e1b403eb70
furious-puma-1:172837:173828 [1] NCCL INFO Channel 12/0 : 1[1] -> 2[2] via P2P/CUMEM
furious-puma-1:172837:173289 [1] NCCL INFO Allocated shareable buffer 0xa07e00000 size 2097152 ipcDesc 0x78e1b4040050
furious-puma-1:172837:173828 [1] NCCL INFO Channel 13/0 : 1[1] -> 2[2] via P2P/CUMEM
furious-puma-1:172837:173289 [1] NCCL INFO Allocated shareable buffer 0xa05e00000 size 2097152 ipcDesc 0x78e1b4041530
furious-puma-1:172837:173828 [1] NCCL INFO Channel 14/0 : 1[1] -> 2[2] via P2P/CUMEM
furious-puma-1:172837:173289 [1] NCCL INFO Allocated shareable buffer 0xa03e00000 size 2097152 ipcDesc 0x78e1b4042a10
furious-puma-1:172837:173828 [1] NCCL INFO Channel 15/0 : 1[1] -> 2[2] via P2P/CUMEM
furious-puma-1:172837:173289 [1] NCCL INFO Allocated shareable buffer 0x78e223a00000 size 2097152 ipcDesc 0x78e1b4043ef0
furious-puma-1:172837:173828 [1] NCCL INFO Channel 16/0 : 1[1] -> 2[2] via P2P/CUMEM
furious-puma-1:172837:173289 [1] NCCL INFO Allocated shareable buffer 0x78e223c00000 size 2097152 ipcDesc 0x78e1b40456f0
furious-puma-1:172837:173828 [1] NCCL INFO Channel 17/0 : 1[1] -> 2[2] via P2P/CUMEM
furious-puma-1:172837:173289 [1] NCCL INFO Allocated shareable buffer 0xa0c000000 size 2097152 ipcDesc 0x78e1b4046db0
furious-puma-1:172837:173828 [1] NCCL INFO Channel 18/0 : 1[1] -> 2[2] via P2P/CUMEM
furious-puma-1:172837:173289 [1] NCCL INFO Allocated shareable buffer 0xa0c200000 size 2097152 ipcDesc 0x78e1b4048780
furious-puma-1:172837:173828 [1] NCCL INFO Channel 19/0 : 1[1] -> 2[2] via P2P/CUMEM
furious-puma-1:172837:173289 [1] NCCL INFO Allocated shareable buffer 0xa0c400000 size 2097152 ipcDesc 0x78e1b4049f80
furious-puma-1:172837:173828 [1] NCCL INFO Channel 20/0 : 1[1] -> 2[2] via P2P/CUMEM
furious-puma-1:172837:173289 [1] NCCL INFO Allocated shareable buffer 0xa0c600000 size 2097152 ipcDesc 0x78e1b404b780
furious-puma-1:172837:173828 [1] NCCL INFO Channel 21/0 : 1[1] -> 2[2] via P2P/CUMEM
furious-puma-1:172837:173289 [1] NCCL INFO Allocated shareable buffer 0xa0c800000 size 2097152 ipcDesc 0x78e1b404cf80
furious-puma-1:172837:173828 [1] NCCL INFO Channel 22/0 : 1[1] -> 2[2] via P2P/CUMEM
furious-puma-1:172837:173289 [1] NCCL INFO Allocated shareable buffer 0xa0ca00000 size 2097152 ipcDesc 0x78e1b404e780
furious-puma-1:172837:173828 [1] NCCL INFO Channel 23/0 : 1[1] -> 2[2] via P2P/CUMEM
furious-puma-1:172837:173289 [1] NCCL INFO Allocated shareable buffer 0xa0cc00000 size 2097152 ipcDesc 0x78e1b404ff80
furious-puma-1:172836:173285 [0] NCCL INFO Allocated shareable buffer 0x7cddb8c00000 size 10485760 ipcDesc 0x7cdd8c008c40
furious-puma-1:172836:173285 [0] NCCL INFO Allocated shareable buffer 0x7cddb9600000 size 10485760 ipcDesc 0x7cdd8c00a680
furious-puma-1:172836:173285 [0] NCCL INFO Allocated shareable buffer 0x7cddba000000 size 10485760 ipcDesc 0x7cdd8c00be80
furious-puma-1:172836:173285 [0] NCCL INFO Allocated shareable buffer 0x7cddbaa00000 size 10485760 ipcDesc 0x7cdd8c00d680
furious-puma-1:172836:173285 [0] NCCL INFO Allocated shareable buffer 0x7cddbb400000 size 10485760 ipcDesc 0x7cdd8c00ee80
furious-puma-1:172836:173285 [0] NCCL INFO Allocated shareable buffer 0x7cddbbe00000 size 10485760 ipcDesc 0x7cdd8c010680
furious-puma-1:172836:173285 [0] NCCL INFO Allocated shareable buffer 0x7cddbc800000 size 10485760 ipcDesc 0x7cdd8c011e80
furious-puma-1:172836:173285 [0] NCCL INFO Allocated shareable buffer 0x7cddbd200000 size 10485760 ipcDesc 0x7cdd8c013680
furious-puma-1:172836:173285 [0] NCCL INFO Allocated shareable buffer 0x7cddbdc00000 size 10485760 ipcDesc 0x7cdd8c014e80
furious-puma-1:172836:173285 [0] NCCL INFO Allocated shareable buffer 0x7cddbe600000 size 10485760 ipcDesc 0x7cdd8c016680
furious-puma-1:172836:173285 [0] NCCL INFO Allocated shareable buffer 0x7cddbf000000 size 10485760 ipcDesc 0x7cdd8c017e80
furious-puma-1:172836:173285 [0] NCCL INFO Allocated shareable buffer 0xa02000000 size 10485760 ipcDesc 0x7cdd8c019680
furious-puma-1:172836:173285 [0] NCCL INFO Allocated shareable buffer 0xa02a00000 size 10485760 ipcDesc 0x7cdd8c01b320
furious-puma-1:172836:173285 [0] NCCL INFO Allocated shareable buffer 0xa03400000 size 10485760 ipcDesc 0x7cdd8c01cb20
furious-puma-1:172836:173285 [0] NCCL INFO Allocated shareable buffer 0xa04000000 size 10485760 ipcDesc 0x7cdd8c01e320
furious-puma-1:172836:173285 [0] NCCL INFO Allocated shareable buffer 0xa04a00000 size 10485760 ipcDesc 0x7cdd8c01ff70
furious-puma-1:172836:173285 [0] NCCL INFO Allocated shareable buffer 0xa05400000 size 10485760 ipcDesc 0x7cdd8c021770
furious-puma-1:172836:173285 [0] NCCL INFO Allocated shareable buffer 0xa06000000 size 10485760 ipcDesc 0x7cdd8c022f70
furious-puma-1:172836:173285 [0] NCCL INFO Allocated shareable buffer 0xa06a00000 size 10485760 ipcDesc 0x7cdd8c024b70
furious-puma-1:172836:173285 [0] NCCL INFO Allocated shareable buffer 0xa07400000 size 10485760 ipcDesc 0x7cdd8c026370
furious-puma-1:172836:173285 [0] NCCL INFO Allocated shareable buffer 0xa08000000 size 10485760 ipcDesc 0x7cdd8c027b70
furious-puma-1:172836:173285 [0] NCCL INFO Allocated shareable buffer 0xa08a00000 size 10485760 ipcDesc 0x7cdd8c0297c0
furious-puma-1:172836:173285 [0] NCCL INFO Allocated shareable buffer 0xa09400000 size 10485760 ipcDesc 0x7cdd8c02afc0
furious-puma-1:172836:173285 [0] NCCL INFO Allocated shareable buffer 0xa0a000000 size 10485760 ipcDesc 0x7cdd8c02c7c0
furious-puma-1:172836:173833 [0] NCCL INFO Channel 00/0 : 0[0] -> 1[1] via P2P/CUMEM
furious-puma-1:172836:173285 [0] NCCL INFO Allocated shareable buffer 0xa0aa00000 size 2097152 ipcDesc 0x7cdd8c02e410
furious-puma-1:172836:173833 [0] NCCL INFO Channel 01/0 : 0[0] -> 1[1] via P2P/CUMEM
furious-puma-1:172836:173285 [0] NCCL INFO Allocated shareable buffer 0xa0ac00000 size 2097152 ipcDesc 0x7cdd8c02fc10
furious-puma-1:172836:173833 [0] NCCL INFO Channel 02/0 : 0[0] -> 1[1] via P2P/CUMEM
furious-puma-1:172836:173285 [0] NCCL INFO Allocated shareable buffer 0xa0ae00000 size 2097152 ipcDesc 0x7cdd8c031410
furious-puma-1:172836:173833 [0] NCCL INFO Channel 03/0 : 0[0] -> 1[1] via P2P/CUMEM
furious-puma-1:172836:173285 [0] NCCL INFO Allocated shareable buffer 0xa0b000000 size 2097152 ipcDesc 0x7cdd8c032c10
furious-puma-1:172836:173833 [0] NCCL INFO Channel 04/0 : 0[0] -> 1[1] via P2P/CUMEM
furious-puma-1:172836:173285 [0] NCCL INFO Allocated shareable buffer 0xa0b200000 size 2097152 ipcDesc 0x7cdd8c034410
furious-puma-1:172836:173833 [0] NCCL INFO Channel 05/0 : 0[0] -> 1[1] via P2P/CUMEM
furious-puma-1:172836:173285 [0] NCCL INFO Allocated shareable buffer 0xa0b400000 size 2097152 ipcDesc 0x7cdd8c035c10
furious-puma-1:172836:173833 [0] NCCL INFO Channel 06/0 : 0[0] -> 1[1] via P2P/CUMEM
furious-puma-1:172836:173285 [0] NCCL INFO Allocated shareable buffer 0xa0b600000 size 2097152 ipcDesc 0x7cdd8c037410
furious-puma-1:172836:173833 [0] NCCL INFO Channel 07/0 : 0[0] -> 1[1] via P2P/CUMEM
furious-puma-1:172836:173285 [0] NCCL INFO Allocated shareable buffer 0xa0b800000 size 2097152 ipcDesc 0x7cdd8c038c10
furious-puma-1:172836:173833 [0] NCCL INFO Channel 08/0 : 0[0] -> 1[1] via P2P/CUMEM
furious-puma-1:172836:173285 [0] NCCL INFO Allocated shareable buffer 0xa0ba00000 size 2097152 ipcDesc 0x7cdd8c03a410
furious-puma-1:172836:173833 [0] NCCL INFO Channel 09/0 : 0[0] -> 1[1] via P2P/CUMEM
furious-puma-1:172836:173285 [0] NCCL INFO Allocated shareable buffer 0xa0bc00000 size 2097152 ipcDesc 0x7cdd8c03bc10
furious-puma-1:172836:173833 [0] NCCL INFO Channel 10/0 : 0[0] -> 1[1] via P2P/CUMEM
furious-puma-1:172836:173285 [0] NCCL INFO Allocated shareable buffer 0xa0be00000 size 2097152 ipcDesc 0x7cdd8c03d410
furious-puma-1:172836:173833 [0] NCCL INFO Channel 11/0 : 0[0] -> 1[1] via P2P/CUMEM
furious-puma-1:172836:173285 [0] NCCL INFO Allocated shareable buffer 0xa09e00000 size 2097152 ipcDesc 0x7cdd8c03eb70
furious-puma-1:172836:173833 [0] NCCL INFO Channel 12/0 : 0[0] -> 1[1] via P2P/CUMEM
furious-puma-1:172836:173285 [0] NCCL INFO Allocated shareable buffer 0xa07e00000 size 2097152 ipcDesc 0x7cdd8c040050
furious-puma-1:172836:173833 [0] NCCL INFO Channel 13/0 : 0[0] -> 1[1] via P2P/CUMEM
furious-puma-1:172836:173285 [0] NCCL INFO Allocated shareable buffer 0xa05e00000 size 2097152 ipcDesc 0x7cdd8c041530
furious-puma-1:172836:173833 [0] NCCL INFO Channel 14/0 : 0[0] -> 1[1] via P2P/CUMEM
furious-puma-1:172836:173285 [0] NCCL INFO Allocated shareable buffer 0xa03e00000 size 2097152 ipcDesc 0x7cdd8c042a10
furious-puma-1:172836:173833 [0] NCCL INFO Channel 15/0 : 0[0] -> 1[1] via P2P/CUMEM
furious-puma-1:172836:173285 [0] NCCL INFO Allocated shareable buffer 0x7cddbfa00000 size 2097152 ipcDesc 0x7cdd8c043ef0
furious-puma-1:172836:173833 [0] NCCL INFO Channel 16/0 : 0[0] -> 1[1] via P2P/CUMEM
furious-puma-1:172836:173285 [0] NCCL INFO Allocated shareable buffer 0x7cddbfc00000 size 2097152 ipcDesc 0x7cdd8c0456f0
furious-puma-1:172836:173833 [0] NCCL INFO Channel 17/0 : 0[0] -> 1[1] via P2P/CUMEM
furious-puma-1:172836:173285 [0] NCCL INFO Allocated shareable buffer 0xa0c000000 size 2097152 ipcDesc 0x7cdd8c046db0
furious-puma-1:172836:173833 [0] NCCL INFO Channel 18/0 : 0[0] -> 1[1] via P2P/CUMEM
furious-puma-1:172836:173285 [0] NCCL INFO Allocated shareable buffer 0xa0c200000 size 2097152 ipcDesc 0x7cdd8c048780
furious-puma-1:172836:173833 [0] NCCL INFO Channel 19/0 : 0[0] -> 1[1] via P2P/CUMEM
furious-puma-1:172836:173285 [0] NCCL INFO Allocated shareable buffer 0xa0c400000 size 2097152 ipcDesc 0x7cdd8c049f80
furious-puma-1:172836:173833 [0] NCCL INFO Channel 20/0 : 0[0] -> 1[1] via P2P/CUMEM
furious-puma-1:172836:173285 [0] NCCL INFO Allocated shareable buffer 0xa0c600000 size 2097152 ipcDesc 0x7cdd8c04b780
furious-puma-1:172836:173833 [0] NCCL INFO Channel 21/0 : 0[0] -> 1[1] via P2P/CUMEM
furious-puma-1:172836:173285 [0] NCCL INFO Allocated shareable buffer 0xa0c800000 size 2097152 ipcDesc 0x7cdd8c04cf80
furious-puma-1:172836:173833 [0] NCCL INFO Channel 22/0 : 0[0] -> 1[1] via P2P/CUMEM
furious-puma-1:172836:173285 [0] NCCL INFO Allocated shareable buffer 0xa0ca00000 size 2097152 ipcDesc 0x7cdd8c04e780
furious-puma-1:172836:173833 [0] NCCL INFO Channel 23/0 : 0[0] -> 1[1] via P2P/CUMEM
furious-puma-1:172836:173285 [0] NCCL INFO Allocated shareable buffer 0xa0cc00000 size 2097152 ipcDesc 0x7cdd8c04ff80
furious-puma-1:172837:173828 [1] NCCL INFO UDS converted handle 0x7c916c008bd0 to fd 134 on remote peer 2
furious-puma-1:172837:173828 [1] NCCL INFO Imported shareable buffer device 1 size 10485760 ptr 0xa0ce00000
furious-puma-1:172837:173828 [1] NCCL INFO UDS converted handle 0x7cdd8c02e460 to fd 134 on remote peer 0
furious-puma-1:172837:173828 [1] NCCL INFO Imported shareable buffer device 1 size 2097152 ptr 0xa0d800000
furious-puma-1:172837:173828 [1] NCCL INFO UDS converted handle 0x7c916c00a670 to fd 134 on remote peer 2
furious-puma-1:172837:173828 [1] NCCL INFO Imported shareable buffer device 1 size 10485760 ptr 0xa0e000000
furious-puma-1:172837:173828 [1] NCCL INFO UDS converted handle 0x7cdd8c02fc60 to fd 134 on remote peer 0
furious-puma-1:172837:173828 [1] NCCL INFO Imported shareable buffer device 1 size 2097152 ptr 0xa0ea00000
furious-puma-1:172837:173828 [1] NCCL INFO UDS converted handle 0x7c916c00beb0 to fd 134 on remote peer 2
furious-puma-1:172837:173828 [1] NCCL INFO Imported shareable buffer device 1 size 10485760 ptr 0xa0ec00000
furious-puma-1:172837:173828 [1] NCCL INFO UDS converted handle 0x7cdd8c031460 to fd 134 on remote peer 0
furious-puma-1:172837:173828 [1] NCCL INFO Imported shareable buffer device 1 size 2097152 ptr 0xa0f600000
furious-puma-1:172837:173828 [1] NCCL INFO UDS converted handle 0x7c916c00d6d0 to fd 134 on remote peer 2
furious-puma-1:172837:173828 [1] NCCL INFO Imported shareable buffer device 1 size 10485760 ptr 0xa10000000
furious-puma-1:172837:173828 [1] NCCL INFO UDS converted handle 0x7cdd8c032c60 to fd 134 on remote peer 0
furious-puma-1:172837:173828 [1] NCCL INFO Imported shareable buffer device 1 size 2097152 ptr 0xa10a00000
furious-puma-1:172837:173828 [1] NCCL INFO UDS converted handle 0x7c916c00eed0 to fd 134 on remote peer 2
furious-puma-1:172837:173828 [1] NCCL INFO Imported shareable buffer device 1 size 10485760 ptr 0xa10c00000
furious-puma-1:172837:173828 [1] NCCL INFO UDS converted handle 0x7cdd8c034460 to fd 134 on remote peer 0
furious-puma-1:172837:173828 [1] NCCL INFO Imported shareable buffer device 1 size 2097152 ptr 0xa11600000
furious-puma-1:172837:173828 [1] NCCL INFO UDS converted handle 0x7c916c0106d0 to fd 134 on remote peer 2
furious-puma-1:172837:173828 [1] NCCL INFO Imported shareable buffer device 1 size 10485760 ptr 0xa12000000
furious-puma-1:172837:173828 [1] NCCL INFO UDS converted handle 0x7cdd8c035c60 to fd 134 on remote peer 0
furious-puma-1:172837:173828 [1] NCCL INFO Imported shareable buffer device 1 size 2097152 ptr 0xa12a00000
furious-puma-1:172837:173828 [1] NCCL INFO UDS converted handle 0x7c916c011ed0 to fd 134 on remote peer 2
furious-puma-1:172837:173828 [1] NCCL INFO Imported shareable buffer device 1 size 10485760 ptr 0xa12c00000
furious-puma-1:172837:173828 [1] NCCL INFO UDS converted handle 0x7cdd8c037460 to fd 134 on remote peer 0
furious-puma-1:172837:173828 [1] NCCL INFO Imported shareable buffer device 1 size 2097152 ptr 0xa13600000
furious-puma-1:172837:173828 [1] NCCL INFO UDS converted handle 0x7c916c0136d0 to fd 134 on remote peer 2
furious-puma-1:172837:173828 [1] NCCL INFO Imported shareable buffer device 1 size 10485760 ptr 0xa14000000
furious-puma-1:172837:173828 [1] NCCL INFO UDS converted handle 0x7cdd8c038c60 to fd 134 on remote peer 0
furious-puma-1:172837:173828 [1] NCCL INFO Imported shareable buffer device 1 size 2097152 ptr 0xa14a00000
furious-puma-1:172837:173828 [1] NCCL INFO UDS converted handle 0x7c916c014ed0 to fd 134 on remote peer 2
furious-puma-1:172837:173828 [1] NCCL INFO Imported shareable buffer device 1 size 10485760 ptr 0xa14c00000
furious-puma-1:172837:173828 [1] NCCL INFO UDS converted handle 0x7cdd8c03a460 to fd 134 on remote peer 0
furious-puma-1:172837:173828 [1] NCCL INFO Imported shareable buffer device 1 size 2097152 ptr 0xa15600000
furious-puma-1:172837:173828 [1] NCCL INFO UDS converted handle 0x7c916c0166d0 to fd 134 on remote peer 2
furious-puma-1:172837:173828 [1] NCCL INFO Imported shareable buffer device 1 size 10485760 ptr 0xa16000000
furious-puma-1:172837:173828 [1] NCCL INFO UDS converted handle 0x7cdd8c03bc60 to fd 134 on remote peer 0
furious-puma-1:172837:173828 [1] NCCL INFO Imported shareable buffer device 1 size 2097152 ptr 0xa16a00000
furious-puma-1:172837:173828 [1] NCCL INFO UDS converted handle 0x7c916c017ed0 to fd 134 on remote peer 2
furious-puma-1:172837:173828 [1] NCCL INFO Imported shareable buffer device 1 size 10485760 ptr 0xa16c00000
furious-puma-1:172837:173828 [1] NCCL INFO UDS converted handle 0x7cdd8c03d460 to fd 134 on remote peer 0
furious-puma-1:172837:173828 [1] NCCL INFO Imported shareable buffer device 1 size 2097152 ptr 0xa17600000
furious-puma-1:172837:173828 [1] NCCL INFO UDS converted handle 0x7c916c0196d0 to fd 134 on remote peer 2
furious-puma-1:172837:173828 [1] NCCL INFO Imported shareable buffer device 1 size 10485760 ptr 0xa18000000
furious-puma-1:172837:173828 [1] NCCL INFO UDS converted handle 0x7cdd8c03ebc0 to fd 134 on remote peer 0
furious-puma-1:172837:173828 [1] NCCL INFO Imported shareable buffer device 1 size 2097152 ptr 0xa18a00000
furious-puma-1:172837:173828 [1] NCCL INFO UDS converted handle 0x7c916c01b370 to fd 134 on remote peer 2
furious-puma-1:172837:173828 [1] NCCL INFO Imported shareable buffer device 1 size 10485760 ptr 0xa18c00000
furious-puma-1:172837:173828 [1] NCCL INFO UDS converted handle 0x7cdd8c0400a0 to fd 134 on remote peer 0
furious-puma-1:172837:173828 [1] NCCL INFO Imported shareable buffer device 1 size 2097152 ptr 0xa19600000
furious-puma-1:172837:173828 [1] NCCL INFO UDS converted handle 0x7c916c01cb70 to fd 134 on remote peer 2
furious-puma-1:172837:173828 [1] NCCL INFO Imported shareable buffer device 1 size 10485760 ptr 0xa1a000000
furious-puma-1:172837:173828 [1] NCCL INFO UDS converted handle 0x7cdd8c041580 to fd 134 on remote peer 0
furious-puma-1:172837:173828 [1] NCCL INFO Imported shareable buffer device 1 size 2097152 ptr 0xa1aa00000
furious-puma-1:172837:173828 [1] NCCL INFO UDS converted handle 0x7c916c01e370 to fd 134 on remote peer 2
furious-puma-1:172837:173828 [1] NCCL INFO Imported shareable buffer device 1 size 10485760 ptr 0xa1ac00000
furious-puma-1:172837:173828 [1] NCCL INFO UDS converted handle 0x7cdd8c042a60 to fd 134 on remote peer 0
furious-puma-1:172837:173828 [1] NCCL INFO Imported shareable buffer device 1 size 2097152 ptr 0xa1b600000
furious-puma-1:172837:173828 [1] NCCL INFO UDS converted handle 0x7c916c01ffc0 to fd 134 on remote peer 2
furious-puma-1:172837:173828 [1] NCCL INFO Imported shareable buffer device 1 size 10485760 ptr 0xa1c000000
furious-puma-1:172837:173828 [1] NCCL INFO UDS converted handle 0x7cdd8c043f40 to fd 134 on remote peer 0
furious-puma-1:172837:173828 [1] NCCL INFO Imported shareable buffer device 1 size 2097152 ptr 0xa1ca00000
furious-puma-1:172837:173828 [1] NCCL INFO UDS converted handle 0x7c916c0217c0 to fd 134 on remote peer 2
furious-puma-1:172837:173828 [1] NCCL INFO Imported shareable buffer device 1 size 10485760 ptr 0xa1cc00000
furious-puma-1:172837:173828 [1] NCCL INFO UDS converted handle 0x7cdd8c045740 to fd 134 on remote peer 0
furious-puma-1:172837:173828 [1] NCCL INFO Imported shareable buffer device 1 size 2097152 ptr 0xa1d600000
furious-puma-1:172837:173828 [1] NCCL INFO UDS converted handle 0x7c916c022fc0 to fd 134 on remote peer 2
furious-puma-1:172837:173828 [1] NCCL INFO Imported shareable buffer device 1 size 10485760 ptr 0xa1e000000
furious-puma-1:172837:173828 [1] NCCL INFO UDS converted handle 0x7cdd8c046e00 to fd 134 on remote peer 0
furious-puma-1:172837:173828 [1] NCCL INFO Imported shareable buffer device 1 size 2097152 ptr 0xa1ea00000
furious-puma-1:172837:173828 [1] NCCL INFO UDS converted handle 0x7c916c024c10 to fd 134 on remote peer 2
furious-puma-1:172837:173828 [1] NCCL INFO Imported shareable buffer device 1 size 10485760 ptr 0xa1ec00000
furious-puma-1:172837:173828 [1] NCCL INFO UDS converted handle 0x7cdd8c0487d0 to fd 134 on remote peer 0
furious-puma-1:172837:173828 [1] NCCL INFO Imported shareable buffer device 1 size 2097152 ptr 0xa1f600000
furious-puma-1:172837:173828 [1] NCCL INFO UDS converted handle 0x7c916c026410 to fd 134 on remote peer 2
furious-puma-1:172837:173828 [1] NCCL INFO Imported shareable buffer device 1 size 10485760 ptr 0x31c0000000
furious-puma-1:172837:173828 [1] NCCL INFO UDS converted handle 0x7cdd8c049fd0 to fd 134 on remote peer 0
furious-puma-1:172837:173828 [1] NCCL INFO Imported shareable buffer device 1 size 2097152 ptr 0x31c0a00000
furious-puma-1:172837:173828 [1] NCCL INFO UDS converted handle 0x7c916c027c10 to fd 134 on remote peer 2
furious-puma-1:172837:173828 [1] NCCL INFO Imported shareable buffer device 1 size 10485760 ptr 0x31c0c00000
furious-puma-1:172837:173828 [1] NCCL INFO UDS converted handle 0x7cdd8c04b7d0 to fd 134 on remote peer 0
furious-puma-1:172837:173828 [1] NCCL INFO Imported shareable buffer device 1 size 2097152 ptr 0x31c1600000
furious-puma-1:172837:173828 [1] NCCL INFO UDS converted handle 0x7c916c029860 to fd 134 on remote peer 2
furious-puma-1:172837:173828 [1] NCCL INFO Imported shareable buffer device 1 size 10485760 ptr 0x31c2000000
furious-puma-1:172837:173828 [1] NCCL INFO UDS converted handle 0x7cdd8c04cfd0 to fd 134 on remote peer 0
furious-puma-1:172837:173828 [1] NCCL INFO Imported shareable buffer device 1 size 2097152 ptr 0x31c2a00000
furious-puma-1:172837:173828 [1] NCCL INFO UDS converted handle 0x7c916c02b060 to fd 134 on remote peer 2
furious-puma-1:172837:173828 [1] NCCL INFO Imported shareable buffer device 1 size 10485760 ptr 0x31c2c00000
furious-puma-1:172837:173828 [1] NCCL INFO UDS converted handle 0x7cdd8c04e7d0 to fd 134 on remote peer 0
furious-puma-1:172837:173828 [1] NCCL INFO Imported shareable buffer device 1 size 2097152 ptr 0x31c3600000
furious-puma-1:172837:173828 [1] NCCL INFO UDS converted handle 0x7c916c02c860 to fd 134 on remote peer 2
furious-puma-1:172837:173828 [1] NCCL INFO Imported shareable buffer device 1 size 10485760 ptr 0x31c4000000
furious-puma-1:172837:173828 [1] NCCL INFO UDS converted handle 0x7cdd8c04ffd0 to fd 134 on remote peer 0
furious-puma-1:172837:173828 [1] NCCL INFO Imported shareable buffer device 1 size 2097152 ptr 0x31c4a00000
furious-puma-1:172841:173281 [5] NCCL INFO Allocated shareable buffer 0x7e5200c00000 size 10485760 ipcDesc 0x7e519c008b80
furious-puma-1:172841:173281 [5] NCCL INFO Allocated shareable buffer 0x7e5201600000 size 10485760 ipcDesc 0x7e519c00a620
furious-puma-1:172841:173281 [5] NCCL INFO Allocated shareable buffer 0x7e5202000000 size 10485760 ipcDesc 0x7e519c00be60
furious-puma-1:172841:173281 [5] NCCL INFO Allocated shareable buffer 0x7e5202a00000 size 10485760 ipcDesc 0x7e519c00d680
furious-puma-1:172841:173281 [5] NCCL INFO Allocated shareable buffer 0x7e5203400000 size 10485760 ipcDesc 0x7e519c00ee80
furious-puma-1:172841:173281 [5] NCCL INFO Allocated shareable buffer 0x7e5203e00000 size 10485760 ipcDesc 0x7e519c010680
furious-puma-1:172841:173281 [5] NCCL INFO Allocated shareable buffer 0x7e5204800000 size 10485760 ipcDesc 0x7e519c011e80
furious-puma-1:172841:173281 [5] NCCL INFO Allocated shareable buffer 0x7e5205200000 size 10485760 ipcDesc 0x7e519c013680
furious-puma-1:172841:173281 [5] NCCL INFO Allocated shareable buffer 0x7e5205c00000 size 10485760 ipcDesc 0x7e519c014e80
furious-puma-1:172841:173281 [5] NCCL INFO Allocated shareable buffer 0x7e5206600000 size 10485760 ipcDesc 0x7e519c016680
furious-puma-1:172841:173281 [5] NCCL INFO Allocated shareable buffer 0x7e5207000000 size 10485760 ipcDesc 0x7e519c017e80
furious-puma-1:172841:173281 [5] NCCL INFO Allocated shareable buffer 0xa02000000 size 10485760 ipcDesc 0x7e519c019680
furious-puma-1:172841:173281 [5] NCCL INFO Allocated shareable buffer 0xa02a00000 size 10485760 ipcDesc 0x7e519c01b320
furious-puma-1:172841:173281 [5] NCCL INFO Allocated shareable buffer 0xa03400000 size 10485760 ipcDesc 0x7e519c01cb20
furious-puma-1:172841:173281 [5] NCCL INFO Allocated shareable buffer 0xa04000000 size 10485760 ipcDesc 0x7e519c01e320
furious-puma-1:172841:173281 [5] NCCL INFO Allocated shareable buffer 0xa04a00000 size 10485760 ipcDesc 0x7e519c01ff70
furious-puma-1:172841:173281 [5] NCCL INFO Allocated shareable buffer 0xa05400000 size 10485760 ipcDesc 0x7e519c021770
furious-puma-1:172841:173281 [5] NCCL INFO Allocated shareable buffer 0xa06000000 size 10485760 ipcDesc 0x7e519c022f70
furious-puma-1:172841:173281 [5] NCCL INFO Allocated shareable buffer 0xa06a00000 size 10485760 ipcDesc 0x7e519c024b70
furious-puma-1:172841:173281 [5] NCCL INFO Allocated shareable buffer 0xa07400000 size 10485760 ipcDesc 0x7e519c026370
furious-puma-1:172841:173281 [5] NCCL INFO Allocated shareable buffer 0xa08000000 size 10485760 ipcDesc 0x7e519c027b70
furious-puma-1:172841:173281 [5] NCCL INFO Allocated shareable buffer 0xa08a00000 size 10485760 ipcDesc 0x7e519c0297c0
furious-puma-1:172841:173281 [5] NCCL INFO Allocated shareable buffer 0xa09400000 size 10485760 ipcDesc 0x7e519c02afc0
furious-puma-1:172841:173281 [5] NCCL INFO Allocated shareable buffer 0xa0a000000 size 10485760 ipcDesc 0x7e519c02c7c0
furious-puma-1:172841:173858 [5] NCCL INFO Channel 00/0 : 5[5] -> 6[6] via P2P/CUMEM
furious-puma-1:172841:173281 [5] NCCL INFO Allocated shareable buffer 0xa0aa00000 size 2097152 ipcDesc 0x7e519c02e410
furious-puma-1:172841:173858 [5] NCCL INFO Channel 01/0 : 5[5] -> 6[6] via P2P/CUMEM
furious-puma-1:172841:173281 [5] NCCL INFO Allocated shareable buffer 0xa0ac00000 size 2097152 ipcDesc 0x7e519c02fc10
furious-puma-1:172841:173858 [5] NCCL INFO Channel 02/0 : 5[5] -> 6[6] via P2P/CUMEM
furious-puma-1:172841:173281 [5] NCCL INFO Allocated shareable buffer 0xa0ae00000 size 2097152 ipcDesc 0x7e519c031410
furious-puma-1:172841:173858 [5] NCCL INFO Channel 03/0 : 5[5] -> 6[6] via P2P/CUMEM
furious-puma-1:172841:173281 [5] NCCL INFO Allocated shareable buffer 0xa0b000000 size 2097152 ipcDesc 0x7e519c032c10
furious-puma-1:172841:173858 [5] NCCL INFO Channel 04/0 : 5[5] -> 6[6] via P2P/CUMEM
furious-puma-1:172841:173281 [5] NCCL INFO Allocated shareable buffer 0xa0b200000 size 2097152 ipcDesc 0x7e519c034410
furious-puma-1:172841:173858 [5] NCCL INFO Channel 05/0 : 5[5] -> 6[6] via P2P/CUMEM
furious-puma-1:172841:173281 [5] NCCL INFO Allocated shareable buffer 0xa0b400000 size 2097152 ipcDesc 0x7e519c035c10
furious-puma-1:172841:173858 [5] NCCL INFO Channel 06/0 : 5[5] -> 6[6] via P2P/CUMEM
furious-puma-1:172841:173281 [5] NCCL INFO Allocated shareable buffer 0xa0b600000 size 2097152 ipcDesc 0x7e519c037410
furious-puma-1:172841:173858 [5] NCCL INFO Channel 07/0 : 5[5] -> 6[6] via P2P/CUMEM
furious-puma-1:172841:173281 [5] NCCL INFO Allocated shareable buffer 0xa0b800000 size 2097152 ipcDesc 0x7e519c038c10
furious-puma-1:172841:173858 [5] NCCL INFO Channel 08/0 : 5[5] -> 6[6] via P2P/CUMEM
furious-puma-1:172841:173281 [5] NCCL INFO Allocated shareable buffer 0xa0ba00000 size 2097152 ipcDesc 0x7e519c03a410
furious-puma-1:172841:173858 [5] NCCL INFO Channel 09/0 : 5[5] -> 6[6] via P2P/CUMEM
furious-puma-1:172841:173281 [5] NCCL INFO Allocated shareable buffer 0xa0bc00000 size 2097152 ipcDesc 0x7e519c03bc10
furious-puma-1:172841:173858 [5] NCCL INFO Channel 10/0 : 5[5] -> 6[6] via P2P/CUMEM
furious-puma-1:172841:173281 [5] NCCL INFO Allocated shareable buffer 0xa0be00000 size 2097152 ipcDesc 0x7e519c03d410
furious-puma-1:172841:173858 [5] NCCL INFO Channel 11/0 : 5[5] -> 6[6] via P2P/CUMEM
furious-puma-1:172841:173281 [5] NCCL INFO Allocated shareable buffer 0xa09e00000 size 2097152 ipcDesc 0x7e519c03eb70
furious-puma-1:172841:173858 [5] NCCL INFO Channel 12/0 : 5[5] -> 6[6] via P2P/CUMEM
furious-puma-1:172841:173281 [5] NCCL INFO Allocated shareable buffer 0xa07e00000 size 2097152 ipcDesc 0x7e519c040050
furious-puma-1:172841:173858 [5] NCCL INFO Channel 13/0 : 5[5] -> 6[6] via P2P/CUMEM
furious-puma-1:172841:173281 [5] NCCL INFO Allocated shareable buffer 0xa05e00000 size 2097152 ipcDesc 0x7e519c041530
furious-puma-1:172841:173858 [5] NCCL INFO Channel 14/0 : 5[5] -> 6[6] via P2P/CUMEM
furious-puma-1:172841:173281 [5] NCCL INFO Allocated shareable buffer 0xa03e00000 size 2097152 ipcDesc 0x7e519c042a10
furious-puma-1:172841:173858 [5] NCCL INFO Channel 15/0 : 5[5] -> 6[6] via P2P/CUMEM
furious-puma-1:172841:173281 [5] NCCL INFO Allocated shareable buffer 0x7e5207a00000 size 2097152 ipcDesc 0x7e519c043ef0
furious-puma-1:172841:173858 [5] NCCL INFO Channel 16/0 : 5[5] -> 6[6] via P2P/CUMEM
furious-puma-1:172841:173281 [5] NCCL INFO Allocated shareable buffer 0x7e5207c00000 size 2097152 ipcDesc 0x7e519c0456f0
furious-puma-1:172841:173858 [5] NCCL INFO Channel 17/0 : 5[5] -> 6[6] via P2P/CUMEM
furious-puma-1:172841:173281 [5] NCCL INFO Allocated shareable buffer 0xa0c000000 size 2097152 ipcDesc 0x7e519c046db0
furious-puma-1:172841:173858 [5] NCCL INFO Channel 18/0 : 5[5] -> 6[6] via P2P/CUMEM
furious-puma-1:172841:173281 [5] NCCL INFO Allocated shareable buffer 0xa0c200000 size 2097152 ipcDesc 0x7e519c048780
furious-puma-1:172841:173858 [5] NCCL INFO Channel 19/0 : 5[5] -> 6[6] via P2P/CUMEM
furious-puma-1:172841:173281 [5] NCCL INFO Allocated shareable buffer 0xa0c400000 size 2097152 ipcDesc 0x7e519c049f80
furious-puma-1:172841:173858 [5] NCCL INFO Channel 20/0 : 5[5] -> 6[6] via P2P/CUMEM
furious-puma-1:172841:173281 [5] NCCL INFO Allocated shareable buffer 0xa0c600000 size 2097152 ipcDesc 0x7e519c04b780
furious-puma-1:172841:173858 [5] NCCL INFO Channel 21/0 : 5[5] -> 6[6] via P2P/CUMEM
furious-puma-1:172841:173281 [5] NCCL INFO Allocated shareable buffer 0xa0c800000 size 2097152 ipcDesc 0x7e519c04cf80
furious-puma-1:172841:173858 [5] NCCL INFO Channel 22/0 : 5[5] -> 6[6] via P2P/CUMEM
furious-puma-1:172841:173281 [5] NCCL INFO Allocated shareable buffer 0xa0ca00000 size 2097152 ipcDesc 0x7e519c04e780
furious-puma-1:172841:173858 [5] NCCL INFO Channel 23/0 : 5[5] -> 6[6] via P2P/CUMEM
furious-puma-1:172841:173281 [5] NCCL INFO Allocated shareable buffer 0xa0cc00000 size 2097152 ipcDesc 0x7e519c04ff80
furious-puma-1:172843:173291 [7] NCCL INFO Allocated shareable buffer 0x7f8b8ec00000 size 10485760 ipcDesc 0x7f8b24008b80
furious-puma-1:172843:173291 [7] NCCL INFO Allocated shareable buffer 0x7f8b8f600000 size 10485760 ipcDesc 0x7f8b2400a620
furious-puma-1:172843:173291 [7] NCCL INFO Allocated shareable buffer 0x7f8b90000000 size 10485760 ipcDesc 0x7f8b2400be60
furious-puma-1:172843:173291 [7] NCCL INFO Allocated shareable buffer 0x7f8b90a00000 size 10485760 ipcDesc 0x7f8b2400d680
furious-puma-1:172843:173291 [7] NCCL INFO Allocated shareable buffer 0x7f8b91400000 size 10485760 ipcDesc 0x7f8b2400ee80
furious-puma-1:172843:173291 [7] NCCL INFO Allocated shareable buffer 0x7f8b91e00000 size 10485760 ipcDesc 0x7f8b24010680
furious-puma-1:172843:173291 [7] NCCL INFO Allocated shareable buffer 0x7f8b92800000 size 10485760 ipcDesc 0x7f8b24011e80
furious-puma-1:172843:173291 [7] NCCL INFO Allocated shareable buffer 0x7f8b93200000 size 10485760 ipcDesc 0x7f8b24013680
furious-puma-1:172843:173291 [7] NCCL INFO Allocated shareable buffer 0x7f8b93c00000 size 10485760 ipcDesc 0x7f8b24014e80
furious-puma-1:172843:173291 [7] NCCL INFO Allocated shareable buffer 0x7f8b94600000 size 10485760 ipcDesc 0x7f8b24016680
furious-puma-1:172843:173291 [7] NCCL INFO Allocated shareable buffer 0x7f8b95000000 size 10485760 ipcDesc 0x7f8b24017e80
furious-puma-1:172843:173291 [7] NCCL INFO Allocated shareable buffer 0xa02000000 size 10485760 ipcDesc 0x7f8b24019680
furious-puma-1:172843:173291 [7] NCCL INFO Allocated shareable buffer 0xa02a00000 size 10485760 ipcDesc 0x7f8b2401b320
furious-puma-1:172843:173291 [7] NCCL INFO Allocated shareable buffer 0xa03400000 size 10485760 ipcDesc 0x7f8b2401cb20
furious-puma-1:172843:173291 [7] NCCL INFO Allocated shareable buffer 0xa04000000 size 10485760 ipcDesc 0x7f8b2401e320
furious-puma-1:172843:173291 [7] NCCL INFO Allocated shareable buffer 0xa04a00000 size 10485760 ipcDesc 0x7f8b2401ff70
furious-puma-1:172843:173291 [7] NCCL INFO Allocated shareable buffer 0xa05400000 size 10485760 ipcDesc 0x7f8b24021770
furious-puma-1:172843:173291 [7] NCCL INFO Allocated shareable buffer 0xa06000000 size 10485760 ipcDesc 0x7f8b24022f70
furious-puma-1:172843:173291 [7] NCCL INFO Allocated shareable buffer 0xa06a00000 size 10485760 ipcDesc 0x7f8b24024b70
furious-puma-1:172843:173291 [7] NCCL INFO Allocated shareable buffer 0xa07400000 size 10485760 ipcDesc 0x7f8b24026370
furious-puma-1:172843:173291 [7] NCCL INFO Allocated shareable buffer 0xa08000000 size 10485760 ipcDesc 0x7f8b24027b70
furious-puma-1:172843:173291 [7] NCCL INFO Allocated shareable buffer 0xa08a00000 size 10485760 ipcDesc 0x7f8b240297c0
furious-puma-1:172843:173291 [7] NCCL INFO Allocated shareable buffer 0xa09400000 size 10485760 ipcDesc 0x7f8b2402afc0
furious-puma-1:172843:173291 [7] NCCL INFO Allocated shareable buffer 0xa0a000000 size 10485760 ipcDesc 0x7f8b2402c7c0
furious-puma-1:172843:173897 [7] NCCL INFO Channel 00/0 : 7[7] -> 0[0] via P2P/CUMEM
furious-puma-1:172843:173291 [7] NCCL INFO Allocated shareable buffer 0xa0aa00000 size 2097152 ipcDesc 0x7f8b2402e410
furious-puma-1:172843:173897 [7] NCCL INFO Channel 01/0 : 7[7] -> 0[0] via P2P/CUMEM
furious-puma-1:172843:173291 [7] NCCL INFO Allocated shareable buffer 0xa0ac00000 size 2097152 ipcDesc 0x7f8b2402fc10
furious-puma-1:172843:173897 [7] NCCL INFO Channel 02/0 : 7[7] -> 0[0] via P2P/CUMEM
furious-puma-1:172843:173291 [7] NCCL INFO Allocated shareable buffer 0xa0ae00000 size 2097152 ipcDesc 0x7f8b24031410
furious-puma-1:172843:173897 [7] NCCL INFO Channel 03/0 : 7[7] -> 0[0] via P2P/CUMEM
furious-puma-1:172843:173291 [7] NCCL INFO Allocated shareable buffer 0xa0b000000 size 2097152 ipcDesc 0x7f8b24032c10
furious-puma-1:172843:173897 [7] NCCL INFO Channel 04/0 : 7[7] -> 0[0] via P2P/CUMEM
furious-puma-1:172843:173291 [7] NCCL INFO Allocated shareable buffer 0xa0b200000 size 2097152 ipcDesc 0x7f8b24034410
furious-puma-1:172843:173897 [7] NCCL INFO Channel 05/0 : 7[7] -> 0[0] via P2P/CUMEM
furious-puma-1:172843:173291 [7] NCCL INFO Allocated shareable buffer 0xa0b400000 size 2097152 ipcDesc 0x7f8b24035c10
furious-puma-1:172843:173897 [7] NCCL INFO Channel 06/0 : 7[7] -> 0[0] via P2P/CUMEM
furious-puma-1:172843:173291 [7] NCCL INFO Allocated shareable buffer 0xa0b600000 size 2097152 ipcDesc 0x7f8b24037410
furious-puma-1:172843:173897 [7] NCCL INFO Channel 07/0 : 7[7] -> 0[0] via P2P/CUMEM
furious-puma-1:172843:173291 [7] NCCL INFO Allocated shareable buffer 0xa0b800000 size 2097152 ipcDesc 0x7f8b24038c10
furious-puma-1:172843:173897 [7] NCCL INFO Channel 08/0 : 7[7] -> 0[0] via P2P/CUMEM
furious-puma-1:172843:173291 [7] NCCL INFO Allocated shareable buffer 0xa0ba00000 size 2097152 ipcDesc 0x7f8b2403a410
furious-puma-1:172843:173897 [7] NCCL INFO Channel 09/0 : 7[7] -> 0[0] via P2P/CUMEM
furious-puma-1:172843:173291 [7] NCCL INFO Allocated shareable buffer 0xa0bc00000 size 2097152 ipcDesc 0x7f8b2403bc10
furious-puma-1:172843:173897 [7] NCCL INFO Channel 10/0 : 7[7] -> 0[0] via P2P/CUMEM
furious-puma-1:172843:173291 [7] NCCL INFO Allocated shareable buffer 0xa0be00000 size 2097152 ipcDesc 0x7f8b2403d410
furious-puma-1:172843:173897 [7] NCCL INFO Channel 11/0 : 7[7] -> 0[0] via P2P/CUMEM
furious-puma-1:172843:173291 [7] NCCL INFO Allocated shareable buffer 0xa09e00000 size 2097152 ipcDesc 0x7f8b2403eb70
furious-puma-1:172843:173897 [7] NCCL INFO Channel 12/0 : 7[7] -> 0[0] via P2P/CUMEM
furious-puma-1:172843:173291 [7] NCCL INFO Allocated shareable buffer 0xa07e00000 size 2097152 ipcDesc 0x7f8b24040050
furious-puma-1:172843:173897 [7] NCCL INFO Channel 13/0 : 7[7] -> 0[0] via P2P/CUMEM
furious-puma-1:172843:173291 [7] NCCL INFO Allocated shareable buffer 0xa05e00000 size 2097152 ipcDesc 0x7f8b24041530
furious-puma-1:172843:173897 [7] NCCL INFO Channel 14/0 : 7[7] -> 0[0] via P2P/CUMEM
furious-puma-1:172843:173291 [7] NCCL INFO Allocated shareable buffer 0xa03e00000 size 2097152 ipcDesc 0x7f8b24042a10
furious-puma-1:172843:173897 [7] NCCL INFO Channel 15/0 : 7[7] -> 0[0] via P2P/CUMEM
furious-puma-1:172843:173291 [7] NCCL INFO Allocated shareable buffer 0x7f8b95a00000 size 2097152 ipcDesc 0x7f8b24043ef0
furious-puma-1:172843:173897 [7] NCCL INFO Channel 16/0 : 7[7] -> 0[0] via P2P/CUMEM
furious-puma-1:172843:173291 [7] NCCL INFO Allocated shareable buffer 0x7f8b95c00000 size 2097152 ipcDesc 0x7f8b240456f0
furious-puma-1:172843:173897 [7] NCCL INFO Channel 17/0 : 7[7] -> 0[0] via P2P/CUMEM
furious-puma-1:172843:173291 [7] NCCL INFO Allocated shareable buffer 0xa0c000000 size 2097152 ipcDesc 0x7f8b24046db0
furious-puma-1:172843:173897 [7] NCCL INFO Channel 18/0 : 7[7] -> 0[0] via P2P/CUMEM
furious-puma-1:172843:173291 [7] NCCL INFO Allocated shareable buffer 0xa0c200000 size 2097152 ipcDesc 0x7f8b24048780
furious-puma-1:172843:173897 [7] NCCL INFO Channel 19/0 : 7[7] -> 0[0] via P2P/CUMEM
furious-puma-1:172843:173291 [7] NCCL INFO Allocated shareable buffer 0xa0c400000 size 2097152 ipcDesc 0x7f8b24049f80
furious-puma-1:172843:173897 [7] NCCL INFO Channel 20/0 : 7[7] -> 0[0] via P2P/CUMEM
furious-puma-1:172843:173291 [7] NCCL INFO Allocated shareable buffer 0xa0c600000 size 2097152 ipcDesc 0x7f8b2404b780
furious-puma-1:172843:173897 [7] NCCL INFO Channel 21/0 : 7[7] -> 0[0] via P2P/CUMEM
furious-puma-1:172843:173291 [7] NCCL INFO Allocated shareable buffer 0xa0c800000 size 2097152 ipcDesc 0x7f8b2404cf80
furious-puma-1:172843:173897 [7] NCCL INFO Channel 22/0 : 7[7] -> 0[0] via P2P/CUMEM
furious-puma-1:172843:173291 [7] NCCL INFO Allocated shareable buffer 0xa0ca00000 size 2097152 ipcDesc 0x7f8b2404e780
furious-puma-1:172843:173897 [7] NCCL INFO Channel 23/0 : 7[7] -> 0[0] via P2P/CUMEM
furious-puma-1:172843:173291 [7] NCCL INFO Allocated shareable buffer 0xa0cc00000 size 2097152 ipcDesc 0x7f8b2404ff80
furious-puma-1:172842:173764 [6] NCCL INFO UDS converted handle 0x7f8b24008bd0 to fd 134 on remote peer 7
furious-puma-1:172842:173764 [6] NCCL INFO Imported shareable buffer device 6 size 10485760 ptr 0xa0ce00000
furious-puma-1:172843:173897 [7] NCCL INFO UDS converted handle 0x7cdd8c008c90 to fd 134 on remote peer 0
furious-puma-1:172836:173833 [0] NCCL INFO UDS converted handle 0x78e1b4008bd0 to fd 142 on remote peer 1
furious-puma-1:172842:173764 [6] NCCL INFO UDS converted handle 0x7e519c02e460 to fd 135 on remote peer 5
furious-puma-1:172843:173897 [7] NCCL INFO Imported shareable buffer device 7 size 10485760 ptr 0xa0ce00000
furious-puma-1:172836:173833 [0] NCCL INFO Imported shareable buffer device 0 size 10485760 ptr 0xa0ce00000
furious-puma-1:172842:173764 [6] NCCL INFO Imported shareable buffer device 6 size 2097152 ptr 0xa0d800000
furious-puma-1:172843:173897 [7] NCCL INFO UDS converted handle 0x770f8402e460 to fd 137 on remote peer 6
furious-puma-1:172836:173833 [0] NCCL INFO UDS converted handle 0x7f8b2402e460 to fd 143 on remote peer 7
furious-puma-1:172842:173764 [6] NCCL INFO UDS converted handle 0x7f8b2400a670 to fd 135 on remote peer 7
furious-puma-1:172843:173897 [7] NCCL INFO Imported shareable buffer device 7 size 2097152 ptr 0xa0d800000
furious-puma-1:172836:173833 [0] NCCL INFO Imported shareable buffer device 0 size 2097152 ptr 0xa0d800000
furious-puma-1:172842:173764 [6] NCCL INFO Imported shareable buffer device 6 size 10485760 ptr 0xa0e000000
furious-puma-1:172836:173833 [0] NCCL INFO UDS converted handle 0x78e1b400a670 to fd 144 on remote peer 1
furious-puma-1:172843:173897 [7] NCCL INFO UDS converted handle 0x7cdd8c00a6d0 to fd 136 on remote peer 0
furious-puma-1:172842:173764 [6] NCCL INFO UDS converted handle 0x7e519c02fc60 to fd 136 on remote peer 5
furious-puma-1:172843:173897 [7] NCCL INFO Imported shareable buffer device 7 size 10485760 ptr 0xa0e000000
furious-puma-1:172836:173833 [0] NCCL INFO Imported shareable buffer device 0 size 10485760 ptr 0xa0e000000
furious-puma-1:172842:173764 [6] NCCL INFO Imported shareable buffer device 6 size 2097152 ptr 0xa0ea00000
furious-puma-1:172843:173897 [7] NCCL INFO UDS converted handle 0x770f8402fc60 to fd 137 on remote peer 6
furious-puma-1:172836:173833 [0] NCCL INFO UDS converted handle 0x7f8b2402fc60 to fd 143 on remote peer 7
furious-puma-1:172843:173897 [7] NCCL INFO Imported shareable buffer device 7 size 2097152 ptr 0xa0ea00000
furious-puma-1:172836:173833 [0] NCCL INFO Imported shareable buffer device 0 size 2097152 ptr 0xa0ea00000
furious-puma-1:172842:173764 [6] NCCL INFO UDS converted handle 0x7f8b2400beb0 to fd 136 on remote peer 7
furious-puma-1:172842:173764 [6] NCCL INFO Imported shareable buffer device 6 size 10485760 ptr 0xa0ec00000
furious-puma-1:172836:173833 [0] NCCL INFO UDS converted handle 0x78e1b400beb0 to fd 144 on remote peer 1
furious-puma-1:172843:173897 [7] NCCL INFO UDS converted handle 0x7cdd8c00bed0 to fd 136 on remote peer 0
furious-puma-1:172836:173833 [0] NCCL INFO Imported shareable buffer device 0 size 10485760 ptr 0xa0ec00000
furious-puma-1:172843:173897 [7] NCCL INFO Imported shareable buffer device 7 size 10485760 ptr 0xa0ec00000
furious-puma-1:172842:173764 [6] NCCL INFO UDS converted handle 0x7e519c031460 to fd 136 on remote peer 5
furious-puma-1:172836:173833 [0] NCCL INFO UDS converted handle 0x7f8b24031460 to fd 143 on remote peer 7
furious-puma-1:172842:173764 [6] NCCL INFO Imported shareable buffer device 6 size 2097152 ptr 0xa0f600000
furious-puma-1:172836:173833 [0] NCCL INFO Imported shareable buffer device 0 size 2097152 ptr 0xa0f600000
furious-puma-1:172842:173764 [6] NCCL INFO UDS converted handle 0x7f8b2400d6d0 to fd 137 on remote peer 7
furious-puma-1:172843:173897 [7] NCCL INFO UDS converted handle 0x770f84031460 to fd 136 on remote peer 6
furious-puma-1:172842:173764 [6] NCCL INFO Imported shareable buffer device 6 size 10485760 ptr 0xa10000000
furious-puma-1:172836:173833 [0] NCCL INFO UDS converted handle 0x78e1b400d6d0 to fd 143 on remote peer 1
furious-puma-1:172843:173897 [7] NCCL INFO Imported shareable buffer device 7 size 2097152 ptr 0xa0f600000
furious-puma-1:172836:173833 [0] NCCL INFO Imported shareable buffer device 0 size 10485760 ptr 0xa10000000
furious-puma-1:172842:173764 [6] NCCL INFO UDS converted handle 0x7e519c032c60 to fd 136 on remote peer 5
furious-puma-1:172842:173764 [6] NCCL INFO Imported shareable buffer device 6 size 2097152 ptr 0xa10a00000
furious-puma-1:172836:173833 [0] NCCL INFO UDS converted handle 0x7f8b24032c60 to fd 144 on remote peer 7
furious-puma-1:172843:173897 [7] NCCL INFO UDS converted handle 0x7cdd8c00d6d0 to fd 136 on remote peer 0
furious-puma-1:172836:173833 [0] NCCL INFO Imported shareable buffer device 0 size 2097152 ptr 0xa10a00000
furious-puma-1:172842:173764 [6] NCCL INFO UDS converted handle 0x7f8b2400eed0 to fd 136 on remote peer 7
furious-puma-1:172843:173897 [7] NCCL INFO Imported shareable buffer device 7 size 10485760 ptr 0xa10000000
furious-puma-1:172842:173764 [6] NCCL INFO Imported shareable buffer device 6 size 10485760 ptr 0xa10c00000
furious-puma-1:172836:173833 [0] NCCL INFO UDS converted handle 0x78e1b400eed0 to fd 143 on remote peer 1
furious-puma-1:172843:173897 [7] NCCL INFO UDS converted handle 0x770f84032c60 to fd 136 on remote peer 6
furious-puma-1:172836:173833 [0] NCCL INFO Imported shareable buffer device 0 size 10485760 ptr 0xa10c00000
furious-puma-1:172842:173764 [6] NCCL INFO UDS converted handle 0x7e519c034460 to fd 136 on remote peer 5
furious-puma-1:172843:173897 [7] NCCL INFO Imported shareable buffer device 7 size 2097152 ptr 0xa10a00000
furious-puma-1:172842:173764 [6] NCCL INFO Imported shareable buffer device 6 size 2097152 ptr 0xa11600000
furious-puma-1:172836:173833 [0] NCCL INFO UDS converted handle 0x7f8b24034460 to fd 143 on remote peer 7
furious-puma-1:172842:173764 [6] NCCL INFO UDS converted handle 0x7f8b240106d0 to fd 136 on remote peer 7
furious-puma-1:172843:173897 [7] NCCL INFO UDS converted handle 0x7cdd8c00eed0 to fd 136 on remote peer 0
furious-puma-1:172842:173764 [6] NCCL INFO Imported shareable buffer device 6 size 10485760 ptr 0xa12000000
furious-puma-1:172836:173833 [0] NCCL INFO Imported shareable buffer device 0 size 2097152 ptr 0xa11600000
furious-puma-1:172843:173897 [7] NCCL INFO Imported shareable buffer device 7 size 10485760 ptr 0xa10c00000
furious-puma-1:172842:173764 [6] NCCL INFO UDS converted handle 0x7e519c035c60 to fd 136 on remote peer 5
furious-puma-1:172836:173833 [0] NCCL INFO UDS converted handle 0x78e1b40106d0 to fd 143 on remote peer 1
furious-puma-1:172842:173764 [6] NCCL INFO Imported shareable buffer device 6 size 2097152 ptr 0xa12a00000
furious-puma-1:172843:173897 [7] NCCL INFO UDS converted handle 0x770f84034460 to fd 136 on remote peer 6
furious-puma-1:172836:173833 [0] NCCL INFO Imported shareable buffer device 0 size 10485760 ptr 0xa12000000
furious-puma-1:172842:173764 [6] NCCL INFO UDS converted handle 0x7f8b24011ed0 to fd 136 on remote peer 7
furious-puma-1:172843:173897 [7] NCCL INFO Imported shareable buffer device 7 size 2097152 ptr 0xa11600000
furious-puma-1:172842:173764 [6] NCCL INFO Imported shareable buffer device 6 size 10485760 ptr 0xa12c00000
furious-puma-1:172836:173833 [0] NCCL INFO UDS converted handle 0x7f8b24035c60 to fd 144 on remote peer 7
furious-puma-1:172843:173897 [7] NCCL INFO UDS converted handle 0x7cdd8c0106d0 to fd 136 on remote peer 0
furious-puma-1:172842:173764 [6] NCCL INFO UDS converted handle 0x7e519c037460 to fd 136 on remote peer 5
furious-puma-1:172836:173833 [0] NCCL INFO Imported shareable buffer device 0 size 2097152 ptr 0xa12a00000
furious-puma-1:172843:173897 [7] NCCL INFO Imported shareable buffer device 7 size 10485760 ptr 0xa12000000
furious-puma-1:172843:173897 [7] NCCL INFO UDS converted handle 0x770f84035c60 to fd 136 on remote peer 6
furious-puma-1:172842:173764 [6] NCCL INFO Imported shareable buffer device 6 size 2097152 ptr 0xa13600000
furious-puma-1:172836:173833 [0] NCCL INFO UDS converted handle 0x78e1b4011ed0 to fd 143 on remote peer 1
furious-puma-1:172843:173897 [7] NCCL INFO Imported shareable buffer device 7 size 2097152 ptr 0xa12a00000
furious-puma-1:172836:173833 [0] NCCL INFO Imported shareable buffer device 0 size 10485760 ptr 0xa12c00000
furious-puma-1:172842:173764 [6] NCCL INFO UDS converted handle 0x7f8b240136d0 to fd 136 on remote peer 7
furious-puma-1:172843:173897 [7] NCCL INFO UDS converted handle 0x7cdd8c011ed0 to fd 136 on remote peer 0
furious-puma-1:172842:173764 [6] NCCL INFO Imported shareable buffer device 6 size 10485760 ptr 0xa14000000
furious-puma-1:172836:173833 [0] NCCL INFO UDS converted handle 0x7f8b24037460 to fd 143 on remote peer 7
furious-puma-1:172836:173833 [0] NCCL INFO Imported shareable buffer device 0 size 2097152 ptr 0xa13600000
furious-puma-1:172843:173897 [7] NCCL INFO Imported shareable buffer device 7 size 10485760 ptr 0xa12c00000
furious-puma-1:172842:173764 [6] NCCL INFO UDS converted handle 0x7e519c038c60 to fd 136 on remote peer 5
furious-puma-1:172836:173833 [0] NCCL INFO UDS converted handle 0x78e1b40136d0 to fd 143 on remote peer 1
furious-puma-1:172842:173764 [6] NCCL INFO Imported shareable buffer device 6 size 2097152 ptr 0xa14a00000
furious-puma-1:172843:173897 [7] NCCL INFO UDS converted handle 0x770f84037460 to fd 136 on remote peer 6
furious-puma-1:172836:173833 [0] NCCL INFO Imported shareable buffer device 0 size 10485760 ptr 0xa14000000
furious-puma-1:172843:173897 [7] NCCL INFO Imported shareable buffer device 7 size 2097152 ptr 0xa13600000
furious-puma-1:172842:173764 [6] NCCL INFO UDS converted handle 0x7f8b24014ed0 to fd 136 on remote peer 7
furious-puma-1:172842:173764 [6] NCCL INFO Imported shareable buffer device 6 size 10485760 ptr 0xa14c00000
furious-puma-1:172843:173897 [7] NCCL INFO UDS converted handle 0x7cdd8c0136d0 to fd 136 on remote peer 0
furious-puma-1:172836:173833 [0] NCCL INFO UDS converted handle 0x7f8b24038c60 to fd 143 on remote peer 7
furious-puma-1:172842:173764 [6] NCCL INFO UDS converted handle 0x7e519c03a460 to fd 136 on remote peer 5
furious-puma-1:172836:173833 [0] NCCL INFO Imported shareable buffer device 0 size 2097152 ptr 0xa14a00000
furious-puma-1:172843:173897 [7] NCCL INFO Imported shareable buffer device 7 size 10485760 ptr 0xa14000000
furious-puma-1:172842:173764 [6] NCCL INFO Imported shareable buffer device 6 size 2097152 ptr 0xa15600000
furious-puma-1:172842:173764 [6] NCCL INFO UDS converted handle 0x7f8b240166d0 to fd 137 on remote peer 7
furious-puma-1:172843:173897 [7] NCCL INFO UDS converted handle 0x770f84038c60 to fd 136 on remote peer 6
furious-puma-1:172836:173833 [0] NCCL INFO UDS converted handle 0x78e1b4014ed0 to fd 143 on remote peer 1
furious-puma-1:172836:173833 [0] NCCL INFO Imported shareable buffer device 0 size 10485760 ptr 0xa14c00000
furious-puma-1:172842:173764 [6] NCCL INFO Imported shareable buffer device 6 size 10485760 ptr 0xa16000000
furious-puma-1:172843:173897 [7] NCCL INFO Imported shareable buffer device 7 size 2097152 ptr 0xa14a00000
furious-puma-1:172836:173833 [0] NCCL INFO UDS converted handle 0x7f8b2403a460 to fd 143 on remote peer 7
furious-puma-1:172842:173764 [6] NCCL INFO UDS converted handle 0x7e519c03bc60 to fd 136 on remote peer 5
furious-puma-1:172836:173833 [0] NCCL INFO Imported shareable buffer device 0 size 2097152 ptr 0xa15600000
furious-puma-1:172842:173764 [6] NCCL INFO Imported shareable buffer device 6 size 2097152 ptr 0xa16a00000
furious-puma-1:172843:173897 [7] NCCL INFO UDS converted handle 0x7cdd8c014ed0 to fd 136 on remote peer 0
furious-puma-1:172836:173833 [0] NCCL INFO UDS converted handle 0x78e1b40166d0 to fd 143 on remote peer 1
furious-puma-1:172843:173897 [7] NCCL INFO Imported shareable buffer device 7 size 10485760 ptr 0xa14c00000
furious-puma-1:172842:173764 [6] NCCL INFO UDS converted handle 0x7f8b24017ed0 to fd 136 on remote peer 7
furious-puma-1:172836:173833 [0] NCCL INFO Imported shareable buffer device 0 size 10485760 ptr 0xa16000000
furious-puma-1:172842:173764 [6] NCCL INFO Imported shareable buffer device 6 size 10485760 ptr 0xa16c00000
furious-puma-1:172836:173833 [0] NCCL INFO UDS converted handle 0x7f8b2403bc60 to fd 143 on remote peer 7
furious-puma-1:172843:173897 [7] NCCL INFO UDS converted handle 0x770f8403a460 to fd 134 on remote peer 6
furious-puma-1:172836:173833 [0] NCCL INFO Imported shareable buffer device 0 size 2097152 ptr 0xa16a00000
furious-puma-1:172842:173764 [6] NCCL INFO UDS converted handle 0x7e519c03d460 to fd 136 on remote peer 5
furious-puma-1:172843:173897 [7] NCCL INFO Imported shareable buffer device 7 size 2097152 ptr 0xa15600000
furious-puma-1:172842:173764 [6] NCCL INFO Imported shareable buffer device 6 size 2097152 ptr 0xa17600000
furious-puma-1:172836:173833 [0] NCCL INFO UDS converted handle 0x78e1b4017ed0 to fd 144 on remote peer 1
furious-puma-1:172843:173897 [7] NCCL INFO UDS converted handle 0x7cdd8c0166d0 to fd 136 on remote peer 0
furious-puma-1:172836:173833 [0] NCCL INFO Imported shareable buffer device 0 size 10485760 ptr 0xa16c00000
furious-puma-1:172843:173897 [7] NCCL INFO Imported shareable buffer device 7 size 10485760 ptr 0xa16000000
furious-puma-1:172842:173764 [6] NCCL INFO UDS converted handle 0x7f8b240196d0 to fd 136 on remote peer 7
furious-puma-1:172842:173764 [6] NCCL INFO Imported shareable buffer device 6 size 10485760 ptr 0xa18000000
furious-puma-1:172836:173833 [0] NCCL INFO UDS converted handle 0x7f8b2403d460 to fd 143 on remote peer 7
furious-puma-1:172843:173897 [7] NCCL INFO UDS converted handle 0x770f8403bc60 to fd 134 on remote peer 6
furious-puma-1:172836:173833 [0] NCCL INFO Imported shareable buffer device 0 size 2097152 ptr 0xa17600000
furious-puma-1:172843:173897 [7] NCCL INFO Imported shareable buffer device 7 size 2097152 ptr 0xa16a00000
furious-puma-1:172842:173764 [6] NCCL INFO UDS converted handle 0x7e519c03ebc0 to fd 136 on remote peer 5
furious-puma-1:172836:173833 [0] NCCL INFO UDS converted handle 0x78e1b40196d0 to fd 143 on remote peer 1
furious-puma-1:172842:173764 [6] NCCL INFO Imported shareable buffer device 6 size 2097152 ptr 0xa18a00000
furious-puma-1:172836:173833 [0] NCCL INFO Imported shareable buffer device 0 size 10485760 ptr 0xa18000000
furious-puma-1:172842:173764 [6] NCCL INFO UDS converted handle 0x7f8b2401b370 to fd 136 on remote peer 7
furious-puma-1:172843:173897 [7] NCCL INFO UDS converted handle 0x7cdd8c017ed0 to fd 136 on remote peer 0
furious-puma-1:172842:173764 [6] NCCL INFO Imported shareable buffer device 6 size 10485760 ptr 0xa18c00000
furious-puma-1:172843:173897 [7] NCCL INFO Imported shareable buffer device 7 size 10485760 ptr 0xa16c00000
furious-puma-1:172836:173833 [0] NCCL INFO UDS converted handle 0x7f8b2403ebc0 to fd 143 on remote peer 7
furious-puma-1:172842:173764 [6] NCCL INFO UDS converted handle 0x7e519c0400a0 to fd 137 on remote peer 5
furious-puma-1:172836:173833 [0] NCCL INFO Imported shareable buffer device 0 size 2097152 ptr 0xa18a00000
furious-puma-1:172843:173897 [7] NCCL INFO UDS converted handle 0x770f8403d460 to fd 134 on remote peer 6
furious-puma-1:172842:173764 [6] NCCL INFO Imported shareable buffer device 6 size 2097152 ptr 0xa19600000
furious-puma-1:172836:173833 [0] NCCL INFO UDS converted handle 0x78e1b401b370 to fd 143 on remote peer 1
furious-puma-1:172843:173897 [7] NCCL INFO Imported shareable buffer device 7 size 2097152 ptr 0xa17600000
furious-puma-1:172842:173764 [6] NCCL INFO UDS converted handle 0x7f8b2401cb70 to fd 136 on remote peer 7
furious-puma-1:172836:173833 [0] NCCL INFO Imported shareable buffer device 0 size 10485760 ptr 0xa18c00000
furious-puma-1:172843:173897 [7] NCCL INFO UDS converted handle 0x7cdd8c0196d0 to fd 136 on remote peer 0
furious-puma-1:172842:173764 [6] NCCL INFO Imported shareable buffer device 6 size 10485760 ptr 0xa1a000000
furious-puma-1:172836:173833 [0] NCCL INFO UDS converted handle 0x7f8b240400a0 to fd 143 on remote peer 7
furious-puma-1:172843:173897 [7] NCCL INFO Imported shareable buffer device 7 size 10485760 ptr 0xa18000000
furious-puma-1:172842:173764 [6] NCCL INFO UDS converted handle 0x7e519c041580 to fd 136 on remote peer 5
furious-puma-1:172842:173764 [6] NCCL INFO Imported shareable buffer device 6 size 2097152 ptr 0xa1aa00000
furious-puma-1:172836:173833 [0] NCCL INFO Imported shareable buffer device 0 size 2097152 ptr 0xa19600000
furious-puma-1:172842:173764 [6] NCCL INFO UDS converted handle 0x7f8b2401e370 to fd 136 on remote peer 7
furious-puma-1:172843:173897 [7] NCCL INFO UDS converted handle 0x770f8403ebc0 to fd 136 on remote peer 6
furious-puma-1:172842:173764 [6] NCCL INFO Imported shareable buffer device 6 size 10485760 ptr 0xa1ac00000
furious-puma-1:172843:173897 [7] NCCL INFO Imported shareable buffer device 7 size 2097152 ptr 0xa18a00000
furious-puma-1:172836:173833 [0] NCCL INFO UDS converted handle 0x78e1b401cb70 to fd 143 on remote peer 1
furious-puma-1:172836:173833 [0] NCCL INFO Imported shareable buffer device 0 size 10485760 ptr 0xa1a000000
furious-puma-1:172842:173764 [6] NCCL INFO UDS converted handle 0x7e519c042a60 to fd 136 on remote peer 5
furious-puma-1:172843:173897 [7] NCCL INFO UDS converted handle 0x7cdd8c01b370 to fd 136 on remote peer 0
furious-puma-1:172842:173764 [6] NCCL INFO Imported shareable buffer device 6 size 2097152 ptr 0xa1b600000
furious-puma-1:172843:173897 [7] NCCL INFO Imported shareable buffer device 7 size 10485760 ptr 0xa18c00000
furious-puma-1:172836:173833 [0] NCCL INFO UDS converted handle 0x7f8b24041580 to fd 143 on remote peer 7
furious-puma-1:172842:173764 [6] NCCL INFO UDS converted handle 0x7f8b2401ffc0 to fd 136 on remote peer 7
furious-puma-1:172836:173833 [0] NCCL INFO Imported shareable buffer device 0 size 2097152 ptr 0xa1aa00000
furious-puma-1:172843:173897 [7] NCCL INFO UDS converted handle 0x770f840400a0 to fd 136 on remote peer 6
furious-puma-1:172842:173764 [6] NCCL INFO Imported shareable buffer device 6 size 10485760 ptr 0xa1c000000
furious-puma-1:172836:173833 [0] NCCL INFO UDS converted handle 0x78e1b401e370 to fd 143 on remote peer 1
furious-puma-1:172843:173897 [7] NCCL INFO Imported shareable buffer device 7 size 2097152 ptr 0xa19600000
furious-puma-1:172842:173764 [6] NCCL INFO UDS converted handle 0x7e519c043f40 to fd 136 on remote peer 5
furious-puma-1:172836:173833 [0] NCCL INFO Imported shareable buffer device 0 size 10485760 ptr 0xa1ac00000
furious-puma-1:172842:173764 [6] NCCL INFO Imported shareable buffer device 6 size 2097152 ptr 0xa1ca00000
furious-puma-1:172843:173897 [7] NCCL INFO UDS converted handle 0x7cdd8c01cb70 to fd 137 on remote peer 0
furious-puma-1:172836:173833 [0] NCCL INFO UDS converted handle 0x7f8b24042a60 to fd 143 on remote peer 7
furious-puma-1:172842:173764 [6] NCCL INFO UDS converted handle 0x7f8b240217c0 to fd 136 on remote peer 7
furious-puma-1:172836:173833 [0] NCCL INFO Imported shareable buffer device 0 size 2097152 ptr 0xa1b600000
furious-puma-1:172843:173897 [7] NCCL INFO Imported shareable buffer device 7 size 10485760 ptr 0xa1a000000
furious-puma-1:172842:173764 [6] NCCL INFO Imported shareable buffer device 6 size 10485760 ptr 0xa1cc00000
furious-puma-1:172836:173833 [0] NCCL INFO UDS converted handle 0x78e1b401ffc0 to fd 143 on remote peer 1
furious-puma-1:172843:173897 [7] NCCL INFO UDS converted handle 0x770f84041580 to fd 136 on remote peer 6
furious-puma-1:172842:173764 [6] NCCL INFO UDS converted handle 0x7e519c045740 to fd 136 on remote peer 5
furious-puma-1:172843:173897 [7] NCCL INFO Imported shareable buffer device 7 size 2097152 ptr 0xa1aa00000
furious-puma-1:172836:173833 [0] NCCL INFO Imported shareable buffer device 0 size 10485760 ptr 0xa1c000000
furious-puma-1:172842:173764 [6] NCCL INFO Imported shareable buffer device 6 size 2097152 ptr 0xa1d600000
furious-puma-1:172843:173897 [7] NCCL INFO UDS converted handle 0x7cdd8c01e370 to fd 137 on remote peer 0
furious-puma-1:172836:173833 [0] NCCL INFO UDS converted handle 0x7f8b24043f40 to fd 143 on remote peer 7
furious-puma-1:172836:173833 [0] NCCL INFO Imported shareable buffer device 0 size 2097152 ptr 0xa1ca00000
furious-puma-1:172843:173897 [7] NCCL INFO Imported shareable buffer device 7 size 10485760 ptr 0xa1ac00000
furious-puma-1:172842:173764 [6] NCCL INFO UDS converted handle 0x7f8b24022fc0 to fd 136 on remote peer 7
furious-puma-1:172836:173833 [0] NCCL INFO UDS converted handle 0x78e1b40217c0 to fd 143 on remote peer 1
furious-puma-1:172842:173764 [6] NCCL INFO Imported shareable buffer device 6 size 10485760 ptr 0xa1e000000
furious-puma-1:172843:173897 [7] NCCL INFO UDS converted handle 0x770f84042a60 to fd 134 on remote peer 6
furious-puma-1:172843:173897 [7] NCCL INFO Imported shareable buffer device 7 size 2097152 ptr 0xa1b600000
furious-puma-1:172842:173764 [6] NCCL INFO UDS converted handle 0x7e519c046e00 to fd 136 on remote peer 5
furious-puma-1:172836:173833 [0] NCCL INFO Imported shareable buffer device 0 size 10485760 ptr 0xa1cc00000
furious-puma-1:172842:173764 [6] NCCL INFO Imported shareable buffer device 6 size 2097152 ptr 0xa1ea00000
furious-puma-1:172843:173897 [7] NCCL INFO UDS converted handle 0x7cdd8c01ffc0 to fd 137 on remote peer 0
furious-puma-1:172836:173833 [0] NCCL INFO UDS converted handle 0x7f8b24045740 to fd 143 on remote peer 7
furious-puma-1:172836:173833 [0] NCCL INFO Imported shareable buffer device 0 size 2097152 ptr 0xa1d600000
furious-puma-1:172843:173897 [7] NCCL INFO Imported shareable buffer device 7 size 10485760 ptr 0xa1c000000
furious-puma-1:172842:173764 [6] NCCL INFO UDS converted handle 0x7f8b24024bc0 to fd 136 on remote peer 7
furious-puma-1:172842:173764 [6] NCCL INFO Imported shareable buffer device 6 size 10485760 ptr 0xa1ec00000
furious-puma-1:172836:173833 [0] NCCL INFO UDS converted handle 0x78e1b4022fc0 to fd 143 on remote peer 1
furious-puma-1:172843:173897 [7] NCCL INFO UDS converted handle 0x770f84043f40 to fd 136 on remote peer 6
furious-puma-1:172842:173764 [6] NCCL INFO UDS converted handle 0x7e519c0487d0 to fd 136 on remote peer 5
furious-puma-1:172842:173764 [6] NCCL INFO Imported shareable buffer device 6 size 2097152 ptr 0xa1f600000
furious-puma-1:172836:173833 [0] NCCL INFO Imported shareable buffer device 0 size 10485760 ptr 0xa1e000000
furious-puma-1:172843:173897 [7] NCCL INFO Imported shareable buffer device 7 size 2097152 ptr 0xa1ca00000
furious-puma-1:172842:173764 [6] NCCL INFO UDS converted handle 0x7f8b240263c0 to fd 136 on remote peer 7
furious-puma-1:172842:173764 [6] NCCL INFO Imported shareable buffer device 6 size 10485760 ptr 0x31c0000000
furious-puma-1:172836:173833 [0] NCCL INFO UDS converted handle 0x7f8b24046e00 to fd 144 on remote peer 7
furious-puma-1:172836:173833 [0] NCCL INFO Imported shareable buffer device 0 size 2097152 ptr 0xa1ea00000
furious-puma-1:172843:173897 [7] NCCL INFO UDS converted handle 0x7cdd8c0217c0 to fd 134 on remote peer 0
furious-puma-1:172843:173897 [7] NCCL INFO Imported shareable buffer device 7 size 10485760 ptr 0xa1cc00000
furious-puma-1:172842:173764 [6] NCCL INFO UDS converted handle 0x7e519c049fd0 to fd 136 on remote peer 5
furious-puma-1:172836:173833 [0] NCCL INFO UDS converted handle 0x78e1b4024bc0 to fd 143 on remote peer 1
furious-puma-1:172836:173833 [0] NCCL INFO Imported shareable buffer device 0 size 10485760 ptr 0xa1ec00000
furious-puma-1:172842:173764 [6] NCCL INFO Imported shareable buffer device 6 size 2097152 ptr 0x31c0a00000
furious-puma-1:172843:173897 [7] NCCL INFO UDS converted handle 0x770f84045740 to fd 136 on remote peer 6
furious-puma-1:172836:173833 [0] NCCL INFO UDS converted handle 0x7f8b240487d0 to fd 143 on remote peer 7
furious-puma-1:172843:173897 [7] NCCL INFO Imported shareable buffer device 7 size 2097152 ptr 0xa1d600000
furious-puma-1:172842:173764 [6] NCCL INFO UDS converted handle 0x7f8b24027bc0 to fd 135 on remote peer 7
furious-puma-1:172836:173833 [0] NCCL INFO Imported shareable buffer device 0 size 2097152 ptr 0xa1f600000
furious-puma-1:172842:173764 [6] NCCL INFO Imported shareable buffer device 6 size 10485760 ptr 0x31c0c00000
furious-puma-1:172843:173897 [7] NCCL INFO UDS converted handle 0x7cdd8c022fc0 to fd 136 on remote peer 0
furious-puma-1:172836:173833 [0] NCCL INFO UDS converted handle 0x78e1b40263c0 to fd 143 on remote peer 1
furious-puma-1:172843:173897 [7] NCCL INFO Imported shareable buffer device 7 size 10485760 ptr 0xa1e000000
furious-puma-1:172842:173764 [6] NCCL INFO UDS converted handle 0x7e519c04b7d0 to fd 136 on remote peer 5
furious-puma-1:172836:173833 [0] NCCL INFO Imported shareable buffer device 0 size 10485760 ptr 0x31c0000000
furious-puma-1:172843:173897 [7] NCCL INFO UDS converted handle 0x770f84046e00 to fd 136 on remote peer 6
furious-puma-1:172842:173764 [6] NCCL INFO Imported shareable buffer device 6 size 2097152 ptr 0x31c1600000
furious-puma-1:172843:173897 [7] NCCL INFO Imported shareable buffer device 7 size 2097152 ptr 0xa1ea00000
furious-puma-1:172836:173833 [0] NCCL INFO UDS converted handle 0x7f8b24049fd0 to fd 143 on remote peer 7
furious-puma-1:172836:173833 [0] NCCL INFO Imported shareable buffer device 0 size 2097152 ptr 0x31c0a00000
furious-puma-1:172843:173897 [7] NCCL INFO UDS converted handle 0x7cdd8c024bc0 to fd 137 on remote peer 0
furious-puma-1:172842:173764 [6] NCCL INFO UDS converted handle 0x7f8b24029810 to fd 136 on remote peer 7
furious-puma-1:172843:173897 [7] NCCL INFO Imported shareable buffer device 7 size 10485760 ptr 0xa1ec00000
furious-puma-1:172836:173833 [0] NCCL INFO UDS converted handle 0x78e1b4027bc0 to fd 143 on remote peer 1
furious-puma-1:172836:173833 [0] NCCL INFO Imported shareable buffer device 0 size 10485760 ptr 0x31c0c00000
furious-puma-1:172843:173897 [7] NCCL INFO UDS converted handle 0x770f840487d0 to fd 136 on remote peer 6
furious-puma-1:172842:173764 [6] NCCL INFO Imported shareable buffer device 6 size 10485760 ptr 0x31c2000000
furious-puma-1:172836:173833 [0] NCCL INFO UDS converted handle 0x7f8b2404b7d0 to fd 143 on remote peer 7
furious-puma-1:172843:173897 [7] NCCL INFO Imported shareable buffer device 7 size 2097152 ptr 0xa1f600000
furious-puma-1:172836:173833 [0] NCCL INFO Imported shareable buffer device 0 size 2097152 ptr 0x31c1600000
furious-puma-1:172842:173764 [6] NCCL INFO UDS converted handle 0x7e519c04cfd0 to fd 136 on remote peer 5
furious-puma-1:172843:173897 [7] NCCL INFO UDS converted handle 0x7cdd8c0263c0 to fd 136 on remote peer 0
furious-puma-1:172842:173764 [6] NCCL INFO Imported shareable buffer device 6 size 2097152 ptr 0x31c2a00000
furious-puma-1:172836:173833 [0] NCCL INFO UDS converted handle 0x78e1b4029810 to fd 143 on remote peer 1
furious-puma-1:172842:173764 [6] NCCL INFO UDS converted handle 0x7f8b2402b010 to fd 136 on remote peer 7
furious-puma-1:172836:173833 [0] NCCL INFO Imported shareable buffer device 0 size 10485760 ptr 0x31c2000000
furious-puma-1:172843:173897 [7] NCCL INFO Imported shareable buffer device 7 size 10485760 ptr 0x31c0000000
furious-puma-1:172842:173764 [6] NCCL INFO Imported shareable buffer device 6 size 10485760 ptr 0x31c2c00000
furious-puma-1:172836:173833 [0] NCCL INFO UDS converted handle 0x7f8b2404cfd0 to fd 143 on remote peer 7
furious-puma-1:172842:173764 [6] NCCL INFO UDS converted handle 0x7e519c04e7d0 to fd 136 on remote peer 5
furious-puma-1:172836:173833 [0] NCCL INFO Imported shareable buffer device 0 size 2097152 ptr 0x31c2a00000
furious-puma-1:172842:173764 [6] NCCL INFO Imported shareable buffer device 6 size 2097152 ptr 0x31c3600000
furious-puma-1:172843:173897 [7] NCCL INFO UDS converted handle 0x770f84049fd0 to fd 136 on remote peer 6
furious-puma-1:172842:173764 [6] NCCL INFO UDS converted handle 0x7f8b2402c810 to fd 135 on remote peer 7
furious-puma-1:172843:173897 [7] NCCL INFO Imported shareable buffer device 7 size 2097152 ptr 0x31c0a00000
furious-puma-1:172836:173833 [0] NCCL INFO UDS converted handle 0x78e1b402b010 to fd 143 on remote peer 1
furious-puma-1:172842:173764 [6] NCCL INFO Imported shareable buffer device 6 size 10485760 ptr 0x31c4000000
furious-puma-1:172836:173833 [0] NCCL INFO Imported shareable buffer device 0 size 10485760 ptr 0x31c2c00000
furious-puma-1:172842:173764 [6] NCCL INFO UDS converted handle 0x7e519c04ffd0 to fd 136 on remote peer 5
furious-puma-1:172843:173897 [7] NCCL INFO UDS converted handle 0x7cdd8c027bc0 to fd 136 on remote peer 0
furious-puma-1:172842:173764 [6] NCCL INFO Imported shareable buffer device 6 size 2097152 ptr 0x31c4a00000
furious-puma-1:172836:173833 [0] NCCL INFO UDS converted handle 0x7f8b2404e7d0 to fd 143 on remote peer 7
furious-puma-1:172843:173897 [7] NCCL INFO Imported shareable buffer device 7 size 10485760 ptr 0x31c0c00000
furious-puma-1:172836:173833 [0] NCCL INFO Imported shareable buffer device 0 size 2097152 ptr 0x31c3600000
furious-puma-1:172843:173897 [7] NCCL INFO UDS converted handle 0x770f8404b7d0 to fd 136 on remote peer 6
furious-puma-1:172836:173833 [0] NCCL INFO UDS converted handle 0x78e1b402c810 to fd 143 on remote peer 1
furious-puma-1:172843:173897 [7] NCCL INFO Imported shareable buffer device 7 size 2097152 ptr 0x31c1600000
furious-puma-1:172836:173833 [0] NCCL INFO Imported shareable buffer device 0 size 10485760 ptr 0x31c4000000
furious-puma-1:172843:173897 [7] NCCL INFO UDS converted handle 0x7cdd8c029810 to fd 136 on remote peer 0
furious-puma-1:172836:173833 [0] NCCL INFO UDS converted handle 0x7f8b2404ffd0 to fd 143 on remote peer 7
furious-puma-1:172843:173897 [7] NCCL INFO Imported shareable buffer device 7 size 10485760 ptr 0x31c2000000
furious-puma-1:172836:173833 [0] NCCL INFO Imported shareable buffer device 0 size 2097152 ptr 0x31c4a00000
furious-puma-1:172843:173897 [7] NCCL INFO UDS converted handle 0x770f8404cfd0 to fd 136 on remote peer 6
furious-puma-1:172843:173897 [7] NCCL INFO Imported shareable buffer device 7 size 2097152 ptr 0x31c2a00000
furious-puma-1:172843:173897 [7] NCCL INFO UDS converted handle 0x7cdd8c02b010 to fd 136 on remote peer 0
furious-puma-1:172843:173897 [7] NCCL INFO Imported shareable buffer device 7 size 10485760 ptr 0x31c2c00000
furious-puma-1:172843:173897 [7] NCCL INFO UDS converted handle 0x770f8404e7d0 to fd 136 on remote peer 6
furious-puma-1:172843:173897 [7] NCCL INFO Imported shareable buffer device 7 size 2097152 ptr 0x31c3600000
furious-puma-1:172843:173897 [7] NCCL INFO UDS converted handle 0x7cdd8c02c810 to fd 136 on remote peer 0
furious-puma-1:172843:173897 [7] NCCL INFO Imported shareable buffer device 7 size 10485760 ptr 0x31c4000000
furious-puma-1:172843:173897 [7] NCCL INFO UDS converted handle 0x770f8404ffd0 to fd 136 on remote peer 6
furious-puma-1:172843:173897 [7] NCCL INFO Imported shareable buffer device 7 size 2097152 ptr 0x31c4a00000
furious-puma-1:172840:173295 [4] NCCL INFO Allocated shareable buffer 0x7ec0fac00000 size 10485760 ipcDesc 0x7ec09c008b80
furious-puma-1:172840:173295 [4] NCCL INFO Allocated shareable buffer 0x7ec0fb600000 size 10485760 ipcDesc 0x7ec09c00a620
furious-puma-1:172840:173295 [4] NCCL INFO Allocated shareable buffer 0x7ec0fc000000 size 10485760 ipcDesc 0x7ec09c00be60
furious-puma-1:172840:173295 [4] NCCL INFO Allocated shareable buffer 0x7ec0fca00000 size 10485760 ipcDesc 0x7ec09c00d680
furious-puma-1:172840:173295 [4] NCCL INFO Allocated shareable buffer 0x7ec0fd400000 size 10485760 ipcDesc 0x7ec09c00ee80
furious-puma-1:172840:173295 [4] NCCL INFO Allocated shareable buffer 0x7ec0fde00000 size 10485760 ipcDesc 0x7ec09c010680
furious-puma-1:172840:173295 [4] NCCL INFO Allocated shareable buffer 0x7ec0fe800000 size 10485760 ipcDesc 0x7ec09c011e80
furious-puma-1:172840:173295 [4] NCCL INFO Allocated shareable buffer 0x7ec0ff200000 size 10485760 ipcDesc 0x7ec09c013680
furious-puma-1:172840:173295 [4] NCCL INFO Allocated shareable buffer 0x7ec0ffc00000 size 10485760 ipcDesc 0x7ec09c014e80
furious-puma-1:172840:173295 [4] NCCL INFO Allocated shareable buffer 0x7ec100600000 size 10485760 ipcDesc 0x7ec09c016680
furious-puma-1:172840:173295 [4] NCCL INFO Allocated shareable buffer 0x7ec101000000 size 10485760 ipcDesc 0x7ec09c017e80
furious-puma-1:172840:173295 [4] NCCL INFO Allocated shareable buffer 0xa02000000 size 10485760 ipcDesc 0x7ec09c019680
furious-puma-1:172840:173295 [4] NCCL INFO Allocated shareable buffer 0xa02a00000 size 10485760 ipcDesc 0x7ec09c01b320
furious-puma-1:172840:173295 [4] NCCL INFO Allocated shareable buffer 0xa03400000 size 10485760 ipcDesc 0x7ec09c01cb20
furious-puma-1:172840:173295 [4] NCCL INFO Allocated shareable buffer 0xa04000000 size 10485760 ipcDesc 0x7ec09c01e320
furious-puma-1:172840:173295 [4] NCCL INFO Allocated shareable buffer 0xa04a00000 size 10485760 ipcDesc 0x7ec09c01ff70
furious-puma-1:172840:173295 [4] NCCL INFO Allocated shareable buffer 0xa05400000 size 10485760 ipcDesc 0x7ec09c021770
furious-puma-1:172840:173295 [4] NCCL INFO Allocated shareable buffer 0xa06000000 size 10485760 ipcDesc 0x7ec09c022f70
furious-puma-1:172840:173295 [4] NCCL INFO Allocated shareable buffer 0xa06a00000 size 10485760 ipcDesc 0x7ec09c024b70
furious-puma-1:172840:173295 [4] NCCL INFO Allocated shareable buffer 0xa07400000 size 10485760 ipcDesc 0x7ec09c026370
furious-puma-1:172840:173295 [4] NCCL INFO Allocated shareable buffer 0xa08000000 size 10485760 ipcDesc 0x7ec09c027b70
furious-puma-1:172840:173295 [4] NCCL INFO Allocated shareable buffer 0xa08a00000 size 10485760 ipcDesc 0x7ec09c0297c0
furious-puma-1:172840:173295 [4] NCCL INFO Allocated shareable buffer 0xa09400000 size 10485760 ipcDesc 0x7ec09c02afc0
furious-puma-1:172840:173295 [4] NCCL INFO Allocated shareable buffer 0xa0a000000 size 10485760 ipcDesc 0x7ec09c02c7c0
furious-puma-1:172840:173969 [4] NCCL INFO Channel 00/0 : 4[4] -> 5[5] via P2P/CUMEM
furious-puma-1:172840:173295 [4] NCCL INFO Allocated shareable buffer 0xa0aa00000 size 2097152 ipcDesc 0x7ec09c02e410
furious-puma-1:172840:173969 [4] NCCL INFO Channel 01/0 : 4[4] -> 5[5] via P2P/CUMEM
furious-puma-1:172840:173295 [4] NCCL INFO Allocated shareable buffer 0xa0ac00000 size 2097152 ipcDesc 0x7ec09c02fc10
furious-puma-1:172840:173969 [4] NCCL INFO Channel 02/0 : 4[4] -> 5[5] via P2P/CUMEM
furious-puma-1:172840:173295 [4] NCCL INFO Allocated shareable buffer 0xa0ae00000 size 2097152 ipcDesc 0x7ec09c031410
furious-puma-1:172840:173969 [4] NCCL INFO Channel 03/0 : 4[4] -> 5[5] via P2P/CUMEM
furious-puma-1:172840:173295 [4] NCCL INFO Allocated shareable buffer 0xa0b000000 size 2097152 ipcDesc 0x7ec09c032c10
furious-puma-1:172840:173969 [4] NCCL INFO Channel 04/0 : 4[4] -> 5[5] via P2P/CUMEM
furious-puma-1:172840:173295 [4] NCCL INFO Allocated shareable buffer 0xa0b200000 size 2097152 ipcDesc 0x7ec09c034410
furious-puma-1:172840:173969 [4] NCCL INFO Channel 05/0 : 4[4] -> 5[5] via P2P/CUMEM
furious-puma-1:172840:173295 [4] NCCL INFO Allocated shareable buffer 0xa0b400000 size 2097152 ipcDesc 0x7ec09c035c10
furious-puma-1:172840:173969 [4] NCCL INFO Channel 06/0 : 4[4] -> 5[5] via P2P/CUMEM
furious-puma-1:172840:173295 [4] NCCL INFO Allocated shareable buffer 0xa0b600000 size 2097152 ipcDesc 0x7ec09c037410
furious-puma-1:172840:173969 [4] NCCL INFO Channel 07/0 : 4[4] -> 5[5] via P2P/CUMEM
furious-puma-1:172840:173295 [4] NCCL INFO Allocated shareable buffer 0xa0b800000 size 2097152 ipcDesc 0x7ec09c038c10
furious-puma-1:172840:173969 [4] NCCL INFO Channel 08/0 : 4[4] -> 5[5] via P2P/CUMEM
furious-puma-1:172840:173295 [4] NCCL INFO Allocated shareable buffer 0xa0ba00000 size 2097152 ipcDesc 0x7ec09c03a410
furious-puma-1:172840:173969 [4] NCCL INFO Channel 09/0 : 4[4] -> 5[5] via P2P/CUMEM
furious-puma-1:172840:173295 [4] NCCL INFO Allocated shareable buffer 0xa0bc00000 size 2097152 ipcDesc 0x7ec09c03bc10
furious-puma-1:172840:173969 [4] NCCL INFO Channel 10/0 : 4[4] -> 5[5] via P2P/CUMEM
furious-puma-1:172840:173295 [4] NCCL INFO Allocated shareable buffer 0xa0be00000 size 2097152 ipcDesc 0x7ec09c03d410
furious-puma-1:172840:173969 [4] NCCL INFO Channel 11/0 : 4[4] -> 5[5] via P2P/CUMEM
furious-puma-1:172840:173295 [4] NCCL INFO Allocated shareable buffer 0xa09e00000 size 2097152 ipcDesc 0x7ec09c03eb70
furious-puma-1:172840:173969 [4] NCCL INFO Channel 12/0 : 4[4] -> 5[5] via P2P/CUMEM
furious-puma-1:172840:173295 [4] NCCL INFO Allocated shareable buffer 0xa07e00000 size 2097152 ipcDesc 0x7ec09c040050
furious-puma-1:172840:173969 [4] NCCL INFO Channel 13/0 : 4[4] -> 5[5] via P2P/CUMEM
furious-puma-1:172840:173295 [4] NCCL INFO Allocated shareable buffer 0xa05e00000 size 2097152 ipcDesc 0x7ec09c041530
furious-puma-1:172840:173969 [4] NCCL INFO Channel 14/0 : 4[4] -> 5[5] via P2P/CUMEM
furious-puma-1:172840:173295 [4] NCCL INFO Allocated shareable buffer 0xa03e00000 size 2097152 ipcDesc 0x7ec09c042a10
furious-puma-1:172840:173969 [4] NCCL INFO Channel 15/0 : 4[4] -> 5[5] via P2P/CUMEM
furious-puma-1:172840:173295 [4] NCCL INFO Allocated shareable buffer 0x7ec101a00000 size 2097152 ipcDesc 0x7ec09c043ef0
furious-puma-1:172840:173969 [4] NCCL INFO Channel 16/0 : 4[4] -> 5[5] via P2P/CUMEM
furious-puma-1:172840:173295 [4] NCCL INFO Allocated shareable buffer 0x7ec101c00000 size 2097152 ipcDesc 0x7ec09c0456f0
furious-puma-1:172840:173969 [4] NCCL INFO Channel 17/0 : 4[4] -> 5[5] via P2P/CUMEM
furious-puma-1:172840:173295 [4] NCCL INFO Allocated shareable buffer 0xa0c000000 size 2097152 ipcDesc 0x7ec09c046db0
furious-puma-1:172840:173969 [4] NCCL INFO Channel 18/0 : 4[4] -> 5[5] via P2P/CUMEM
furious-puma-1:172840:173295 [4] NCCL INFO Allocated shareable buffer 0xa0c200000 size 2097152 ipcDesc 0x7ec09c048780
furious-puma-1:172840:173969 [4] NCCL INFO Channel 19/0 : 4[4] -> 5[5] via P2P/CUMEM
furious-puma-1:172840:173295 [4] NCCL INFO Allocated shareable buffer 0xa0c400000 size 2097152 ipcDesc 0x7ec09c049f80
furious-puma-1:172840:173969 [4] NCCL INFO Channel 20/0 : 4[4] -> 5[5] via P2P/CUMEM
furious-puma-1:172840:173295 [4] NCCL INFO Allocated shareable buffer 0xa0c600000 size 2097152 ipcDesc 0x7ec09c04b780
furious-puma-1:172840:173969 [4] NCCL INFO Channel 21/0 : 4[4] -> 5[5] via P2P/CUMEM
furious-puma-1:172840:173295 [4] NCCL INFO Allocated shareable buffer 0xa0c800000 size 2097152 ipcDesc 0x7ec09c04cf80
furious-puma-1:172840:173969 [4] NCCL INFO Channel 22/0 : 4[4] -> 5[5] via P2P/CUMEM
furious-puma-1:172840:173295 [4] NCCL INFO Allocated shareable buffer 0xa0ca00000 size 2097152 ipcDesc 0x7ec09c04e780
furious-puma-1:172840:173969 [4] NCCL INFO Channel 23/0 : 4[4] -> 5[5] via P2P/CUMEM
furious-puma-1:172840:173295 [4] NCCL INFO Allocated shareable buffer 0xa0cc00000 size 2097152 ipcDesc 0x7ec09c04ff80
furious-puma-1:172841:173858 [5] NCCL INFO UDS converted handle 0x770f84008bd0 to fd 136 on remote peer 6
furious-puma-1:172841:173858 [5] NCCL INFO Imported shareable buffer device 5 size 10485760 ptr 0xa0ce00000
furious-puma-1:172841:173858 [5] NCCL INFO UDS converted handle 0x7ec09c02e460 to fd 137 on remote peer 4
furious-puma-1:172841:173858 [5] NCCL INFO Imported shareable buffer device 5 size 2097152 ptr 0xa0d800000
furious-puma-1:172841:173858 [5] NCCL INFO UDS converted handle 0x770f8400a670 to fd 137 on remote peer 6
furious-puma-1:172841:173858 [5] NCCL INFO Imported shareable buffer device 5 size 10485760 ptr 0xa0e000000
furious-puma-1:172841:173858 [5] NCCL INFO UDS converted handle 0x7ec09c02fc60 to fd 137 on remote peer 4
furious-puma-1:172841:173858 [5] NCCL INFO Imported shareable buffer device 5 size 2097152 ptr 0xa0ea00000
furious-puma-1:172841:173858 [5] NCCL INFO UDS converted handle 0x770f8400beb0 to fd 137 on remote peer 6
furious-puma-1:172841:173858 [5] NCCL INFO Imported shareable buffer device 5 size 10485760 ptr 0xa0ec00000
furious-puma-1:172841:173858 [5] NCCL INFO UDS converted handle 0x7ec09c031460 to fd 137 on remote peer 4
furious-puma-1:172841:173858 [5] NCCL INFO Imported shareable buffer device 5 size 2097152 ptr 0xa0f600000
furious-puma-1:172841:173858 [5] NCCL INFO UDS converted handle 0x770f8400d6d0 to fd 137 on remote peer 6
furious-puma-1:172841:173858 [5] NCCL INFO Imported shareable buffer device 5 size 10485760 ptr 0xa10000000
furious-puma-1:172841:173858 [5] NCCL INFO UDS converted handle 0x7ec09c032c60 to fd 137 on remote peer 4
furious-puma-1:172841:173858 [5] NCCL INFO Imported shareable buffer device 5 size 2097152 ptr 0xa10a00000
furious-puma-1:172841:173858 [5] NCCL INFO UDS converted handle 0x770f8400eed0 to fd 137 on remote peer 6
furious-puma-1:172841:173858 [5] NCCL INFO Imported shareable buffer device 5 size 10485760 ptr 0xa10c00000
furious-puma-1:172841:173858 [5] NCCL INFO UDS converted handle 0x7ec09c034460 to fd 137 on remote peer 4
furious-puma-1:172841:173858 [5] NCCL INFO Imported shareable buffer device 5 size 2097152 ptr 0xa11600000
furious-puma-1:172841:173858 [5] NCCL INFO UDS converted handle 0x770f840106d0 to fd 137 on remote peer 6
furious-puma-1:172841:173858 [5] NCCL INFO Imported shareable buffer device 5 size 10485760 ptr 0xa12000000
furious-puma-1:172841:173858 [5] NCCL INFO UDS converted handle 0x7ec09c035c60 to fd 137 on remote peer 4
furious-puma-1:172841:173858 [5] NCCL INFO Imported shareable buffer device 5 size 2097152 ptr 0xa12a00000
furious-puma-1:172841:173858 [5] NCCL INFO UDS converted handle 0x770f84011ed0 to fd 137 on remote peer 6
furious-puma-1:172841:173858 [5] NCCL INFO Imported shareable buffer device 5 size 10485760 ptr 0xa12c00000
furious-puma-1:172841:173858 [5] NCCL INFO UDS converted handle 0x7ec09c037460 to fd 137 on remote peer 4
furious-puma-1:172841:173858 [5] NCCL INFO Imported shareable buffer device 5 size 2097152 ptr 0xa13600000
furious-puma-1:172839:173287 [3] NCCL INFO Allocated shareable buffer 0x71454ec00000 size 10485760 ipcDesc 0x7144e4008b80
furious-puma-1:172841:173858 [5] NCCL INFO UDS converted handle 0x770f840136d0 to fd 137 on remote peer 6
furious-puma-1:172841:173858 [5] NCCL INFO Imported shareable buffer device 5 size 10485760 ptr 0xa14000000
furious-puma-1:172839:173287 [3] NCCL INFO Allocated shareable buffer 0x71454f600000 size 10485760 ipcDesc 0x7144e400a620
furious-puma-1:172841:173858 [5] NCCL INFO UDS converted handle 0x7ec09c038c60 to fd 137 on remote peer 4
furious-puma-1:172839:173287 [3] NCCL INFO Allocated shareable buffer 0x714550000000 size 10485760 ipcDesc 0x7144e400be60
furious-puma-1:172841:173858 [5] NCCL INFO Imported shareable buffer device 5 size 2097152 ptr 0xa14a00000
furious-puma-1:172841:173858 [5] NCCL INFO UDS converted handle 0x770f84014ed0 to fd 137 on remote peer 6
furious-puma-1:172839:173287 [3] NCCL INFO Allocated shareable buffer 0x714550a00000 size 10485760 ipcDesc 0x7144e400d680
furious-puma-1:172841:173858 [5] NCCL INFO Imported shareable buffer device 5 size 10485760 ptr 0xa14c00000
furious-puma-1:172839:173287 [3] NCCL INFO Allocated shareable buffer 0x714551400000 size 10485760 ipcDesc 0x7144e400ee80
furious-puma-1:172841:173858 [5] NCCL INFO UDS converted handle 0x7ec09c03a460 to fd 137 on remote peer 4
furious-puma-1:172839:173287 [3] NCCL INFO Allocated shareable buffer 0x714551e00000 size 10485760 ipcDesc 0x7144e4010680
furious-puma-1:172839:173287 [3] NCCL INFO Allocated shareable buffer 0x714552800000 size 10485760 ipcDesc 0x7144e4011e80
furious-puma-1:172841:173858 [5] NCCL INFO Imported shareable buffer device 5 size 2097152 ptr 0xa15600000
furious-puma-1:172839:173287 [3] NCCL INFO Allocated shareable buffer 0x714553200000 size 10485760 ipcDesc 0x7144e4013680
furious-puma-1:172841:173858 [5] NCCL INFO UDS converted handle 0x770f840166d0 to fd 137 on remote peer 6
furious-puma-1:172839:173287 [3] NCCL INFO Allocated shareable buffer 0x714553c00000 size 10485760 ipcDesc 0x7144e4014e80
furious-puma-1:172839:173287 [3] NCCL INFO Allocated shareable buffer 0x714554600000 size 10485760 ipcDesc 0x7144e4016680
furious-puma-1:172841:173858 [5] NCCL INFO Imported shareable buffer device 5 size 10485760 ptr 0xa16000000
furious-puma-1:172839:173287 [3] NCCL INFO Allocated shareable buffer 0x714555000000 size 10485760 ipcDesc 0x7144e4017e80
furious-puma-1:172841:173858 [5] NCCL INFO UDS converted handle 0x7ec09c03bc60 to fd 137 on remote peer 4
furious-puma-1:172841:173858 [5] NCCL INFO Imported shareable buffer device 5 size 2097152 ptr 0xa16a00000
furious-puma-1:172839:173287 [3] NCCL INFO Allocated shareable buffer 0xa02000000 size 10485760 ipcDesc 0x7144e4019680
furious-puma-1:172841:173858 [5] NCCL INFO UDS converted handle 0x770f84017ed0 to fd 137 on remote peer 6
furious-puma-1:172839:173287 [3] NCCL INFO Allocated shareable buffer 0xa02a00000 size 10485760 ipcDesc 0x7144e401b320
furious-puma-1:172841:173858 [5] NCCL INFO Imported shareable buffer device 5 size 10485760 ptr 0xa16c00000
furious-puma-1:172839:173287 [3] NCCL INFO Allocated shareable buffer 0xa03400000 size 10485760 ipcDesc 0x7144e401cb20
furious-puma-1:172841:173858 [5] NCCL INFO UDS converted handle 0x7ec09c03d460 to fd 137 on remote peer 4
furious-puma-1:172839:173287 [3] NCCL INFO Allocated shareable buffer 0xa04000000 size 10485760 ipcDesc 0x7144e401e320
furious-puma-1:172839:173287 [3] NCCL INFO Allocated shareable buffer 0xa04a00000 size 10485760 ipcDesc 0x7144e401ff70
furious-puma-1:172841:173858 [5] NCCL INFO Imported shareable buffer device 5 size 2097152 ptr 0xa17600000
furious-puma-1:172839:173287 [3] NCCL INFO Allocated shareable buffer 0xa05400000 size 10485760 ipcDesc 0x7144e4021770
furious-puma-1:172841:173858 [5] NCCL INFO UDS converted handle 0x770f840196d0 to fd 137 on remote peer 6
furious-puma-1:172839:173287 [3] NCCL INFO Allocated shareable buffer 0xa06000000 size 10485760 ipcDesc 0x7144e4022f70
furious-puma-1:172839:173287 [3] NCCL INFO Allocated shareable buffer 0xa06a00000 size 10485760 ipcDesc 0x7144e4024bc0
furious-puma-1:172841:173858 [5] NCCL INFO Imported shareable buffer device 5 size 10485760 ptr 0xa18000000
furious-puma-1:172839:173287 [3] NCCL INFO Allocated shareable buffer 0xa07400000 size 10485760 ipcDesc 0x7144e40263c0
furious-puma-1:172841:173858 [5] NCCL INFO UDS converted handle 0x7ec09c03ebc0 to fd 137 on remote peer 4
furious-puma-1:172839:173287 [3] NCCL INFO Allocated shareable buffer 0xa08000000 size 10485760 ipcDesc 0x7144e4027bc0
furious-puma-1:172839:173287 [3] NCCL INFO Allocated shareable buffer 0xa08a00000 size 10485760 ipcDesc 0x7144e4029810
furious-puma-1:172841:173858 [5] NCCL INFO Imported shareable buffer device 5 size 2097152 ptr 0xa18a00000
furious-puma-1:172839:173287 [3] NCCL INFO Allocated shareable buffer 0xa09400000 size 10485760 ipcDesc 0x7144e402b010
furious-puma-1:172841:173858 [5] NCCL INFO UDS converted handle 0x770f8401b370 to fd 137 on remote peer 6
furious-puma-1:172839:173287 [3] NCCL INFO Allocated shareable buffer 0xa0a000000 size 10485760 ipcDesc 0x7144e402c810
furious-puma-1:172839:173970 [3] NCCL INFO Channel 00/0 : 3[3] -> 4[4] via P2P/CUMEM
furious-puma-1:172839:173287 [3] NCCL INFO Allocated shareable buffer 0xa0aa00000 size 2097152 ipcDesc 0x7144e402e460
furious-puma-1:172839:173970 [3] NCCL INFO Channel 01/0 : 3[3] -> 4[4] via P2P/CUMEM
furious-puma-1:172839:173287 [3] NCCL INFO Allocated shareable buffer 0xa0ac00000 size 2097152 ipcDesc 0x7144e402fc60
furious-puma-1:172839:173970 [3] NCCL INFO Channel 02/0 : 3[3] -> 4[4] via P2P/CUMEM
furious-puma-1:172839:173287 [3] NCCL INFO Allocated shareable buffer 0xa0ae00000 size 2097152 ipcDesc 0x7144e4031460
furious-puma-1:172839:173970 [3] NCCL INFO Channel 03/0 : 3[3] -> 4[4] via P2P/CUMEM
furious-puma-1:172839:173287 [3] NCCL INFO Allocated shareable buffer 0xa0b000000 size 2097152 ipcDesc 0x7144e4032c60
furious-puma-1:172839:173970 [3] NCCL INFO Channel 04/0 : 3[3] -> 4[4] via P2P/CUMEM
furious-puma-1:172839:173287 [3] NCCL INFO Allocated shareable buffer 0xa0b200000 size 2097152 ipcDesc 0x7144e4034460
furious-puma-1:172839:173970 [3] NCCL INFO Channel 05/0 : 3[3] -> 4[4] via P2P/CUMEM
furious-puma-1:172839:173287 [3] NCCL INFO Allocated shareable buffer 0xa0b400000 size 2097152 ipcDesc 0x7144e4035c60
furious-puma-1:172839:173970 [3] NCCL INFO Channel 06/0 : 3[3] -> 4[4] via P2P/CUMEM
furious-puma-1:172839:173287 [3] NCCL INFO Allocated shareable buffer 0xa0b600000 size 2097152 ipcDesc 0x7144e4037460
furious-puma-1:172839:173970 [3] NCCL INFO Channel 07/0 : 3[3] -> 4[4] via P2P/CUMEM
furious-puma-1:172839:173287 [3] NCCL INFO Allocated shareable buffer 0xa0b800000 size 2097152 ipcDesc 0x7144e4038c60
furious-puma-1:172839:173970 [3] NCCL INFO Channel 08/0 : 3[3] -> 4[4] via P2P/CUMEM
furious-puma-1:172839:173287 [3] NCCL INFO Allocated shareable buffer 0xa0ba00000 size 2097152 ipcDesc 0x7144e403a460
furious-puma-1:172839:173970 [3] NCCL INFO Channel 09/0 : 3[3] -> 4[4] via P2P/CUMEM
furious-puma-1:172839:173287 [3] NCCL INFO Allocated shareable buffer 0xa0bc00000 size 2097152 ipcDesc 0x7144e403bc60
furious-puma-1:172839:173970 [3] NCCL INFO Channel 10/0 : 3[3] -> 4[4] via P2P/CUMEM
furious-puma-1:172841:173858 [5] NCCL INFO Imported shareable buffer device 5 size 10485760 ptr 0xa18c00000
furious-puma-1:172839:173287 [3] NCCL INFO Allocated shareable buffer 0xa0be00000 size 2097152 ipcDesc 0x7144e403d460
furious-puma-1:172839:173970 [3] NCCL INFO Channel 11/0 : 3[3] -> 4[4] via P2P/CUMEM
furious-puma-1:172839:173287 [3] NCCL INFO Allocated shareable buffer 0xa09e00000 size 2097152 ipcDesc 0x7144e403ebc0
furious-puma-1:172839:173970 [3] NCCL INFO Channel 12/0 : 3[3] -> 4[4] via P2P/CUMEM
furious-puma-1:172841:173858 [5] NCCL INFO UDS converted handle 0x7ec09c0400a0 to fd 137 on remote peer 4
furious-puma-1:172839:173287 [3] NCCL INFO Allocated shareable buffer 0xa07e00000 size 2097152 ipcDesc 0x7144e40400a0
furious-puma-1:172839:173970 [3] NCCL INFO Channel 13/0 : 3[3] -> 4[4] via P2P/CUMEM
furious-puma-1:172839:173287 [3] NCCL INFO Allocated shareable buffer 0xa05e00000 size 2097152 ipcDesc 0x7144e4041580
furious-puma-1:172839:173970 [3] NCCL INFO Channel 14/0 : 3[3] -> 4[4] via P2P/CUMEM
furious-puma-1:172841:173858 [5] NCCL INFO Imported shareable buffer device 5 size 2097152 ptr 0xa19600000
furious-puma-1:172839:173287 [3] NCCL INFO Allocated shareable buffer 0xa03e00000 size 2097152 ipcDesc 0x7144e4042a60
furious-puma-1:172839:173970 [3] NCCL INFO Channel 15/0 : 3[3] -> 4[4] via P2P/CUMEM
furious-puma-1:172841:173858 [5] NCCL INFO UDS converted handle 0x770f8401cb70 to fd 137 on remote peer 6
furious-puma-1:172841:173858 [5] NCCL INFO Imported shareable buffer device 5 size 10485760 ptr 0xa1a000000
furious-puma-1:172839:173287 [3] NCCL INFO Allocated shareable buffer 0x714555a00000 size 2097152 ipcDesc 0x7144e4043f40
furious-puma-1:172839:173970 [3] NCCL INFO Channel 16/0 : 3[3] -> 4[4] via P2P/CUMEM
furious-puma-1:172841:173858 [5] NCCL INFO UDS converted handle 0x7ec09c041580 to fd 137 on remote peer 4
furious-puma-1:172839:173287 [3] NCCL INFO Allocated shareable buffer 0x714555c00000 size 2097152 ipcDesc 0x7144e4045740
furious-puma-1:172839:173970 [3] NCCL INFO Channel 17/0 : 3[3] -> 4[4] via P2P/CUMEM
furious-puma-1:172841:173858 [5] NCCL INFO Imported shareable buffer device 5 size 2097152 ptr 0xa1aa00000
furious-puma-1:172839:173287 [3] NCCL INFO Allocated shareable buffer 0xa0c000000 size 2097152 ipcDesc 0x7144e4046e00
furious-puma-1:172839:173970 [3] NCCL INFO Channel 18/0 : 3[3] -> 4[4] via P2P/CUMEM
furious-puma-1:172841:173858 [5] NCCL INFO UDS converted handle 0x770f8401e370 to fd 137 on remote peer 6
furious-puma-1:172839:173287 [3] NCCL INFO Allocated shareable buffer 0xa0c200000 size 2097152 ipcDesc 0x7144e40487d0
furious-puma-1:172839:173970 [3] NCCL INFO Channel 19/0 : 3[3] -> 4[4] via P2P/CUMEM
furious-puma-1:172839:173287 [3] NCCL INFO Allocated shareable buffer 0xa0c400000 size 2097152 ipcDesc 0x7144e4049fd0
furious-puma-1:172839:173970 [3] NCCL INFO Channel 20/0 : 3[3] -> 4[4] via P2P/CUMEM
furious-puma-1:172841:173858 [5] NCCL INFO Imported shareable buffer device 5 size 10485760 ptr 0xa1ac00000
furious-puma-1:172839:173287 [3] NCCL INFO Allocated shareable buffer 0xa0c600000 size 2097152 ipcDesc 0x7144e404b7d0
furious-puma-1:172839:173970 [3] NCCL INFO Channel 21/0 : 3[3] -> 4[4] via P2P/CUMEM
furious-puma-1:172841:173858 [5] NCCL INFO UDS converted handle 0x7ec09c042a60 to fd 137 on remote peer 4
furious-puma-1:172839:173287 [3] NCCL INFO Allocated shareable buffer 0xa0c800000 size 2097152 ipcDesc 0x7144e404cfd0
furious-puma-1:172839:173970 [3] NCCL INFO Channel 22/0 : 3[3] -> 4[4] via P2P/CUMEM
furious-puma-1:172839:173287 [3] NCCL INFO Allocated shareable buffer 0xa0ca00000 size 2097152 ipcDesc 0x7144e404e7d0
furious-puma-1:172839:173970 [3] NCCL INFO Channel 23/0 : 3[3] -> 4[4] via P2P/CUMEM
furious-puma-1:172841:173858 [5] NCCL INFO Imported shareable buffer device 5 size 2097152 ptr 0xa1b600000
furious-puma-1:172839:173287 [3] NCCL INFO Allocated shareable buffer 0xa0cc00000 size 2097152 ipcDesc 0x7144e404ffd0
furious-puma-1:172841:173858 [5] NCCL INFO UDS converted handle 0x770f8401ffc0 to fd 138 on remote peer 6
furious-puma-1:172841:173858 [5] NCCL INFO Imported shareable buffer device 5 size 10485760 ptr 0xa1c000000
furious-puma-1:172839:173970 [3] NCCL INFO UDS converted handle 0x7ec09c008bd0 to fd 135 on remote peer 4
furious-puma-1:172840:173969 [4] NCCL INFO UDS converted handle 0x7e519c008bd0 to fd 136 on remote peer 5
furious-puma-1:172838:173762 [2] NCCL INFO UDS converted handle 0x7144e4008bd0 to fd 136 on remote peer 3
furious-puma-1:172839:173970 [3] NCCL INFO Imported shareable buffer device 3 size 10485760 ptr 0xa0ce00000
furious-puma-1:172841:173858 [5] NCCL INFO UDS converted handle 0x7ec09c043f40 to fd 138 on remote peer 4
furious-puma-1:172840:173969 [4] NCCL INFO Imported shareable buffer device 4 size 10485760 ptr 0xa0ce00000
furious-puma-1:172838:173762 [2] NCCL INFO Imported shareable buffer device 2 size 10485760 ptr 0xa0ce00000
furious-puma-1:172839:173970 [3] NCCL INFO UDS converted handle 0x7c916c02e4b0 to fd 137 on remote peer 2
furious-puma-1:172841:173858 [5] NCCL INFO Imported shareable buffer device 5 size 2097152 ptr 0xa1ca00000
furious-puma-1:172838:173762 [2] NCCL INFO UDS converted handle 0x78e1b402e460 to fd 138 on remote peer 1
furious-puma-1:172840:173969 [4] NCCL INFO UDS converted handle 0x7144e402e4b0 to fd 137 on remote peer 3
furious-puma-1:172841:173858 [5] NCCL INFO UDS converted handle 0x770f840217c0 to fd 138 on remote peer 6
furious-puma-1:172839:173970 [3] NCCL INFO Imported shareable buffer device 3 size 2097152 ptr 0xa0d800000
furious-puma-1:172838:173762 [2] NCCL INFO Imported shareable buffer device 2 size 2097152 ptr 0xa0d800000
furious-puma-1:172841:173858 [5] NCCL INFO Imported shareable buffer device 5 size 10485760 ptr 0xa1cc00000
furious-puma-1:172839:173970 [3] NCCL INFO UDS converted handle 0x7ec09c00a670 to fd 137 on remote peer 4
furious-puma-1:172840:173969 [4] NCCL INFO Imported shareable buffer device 4 size 2097152 ptr 0xa0d800000
furious-puma-1:172838:173762 [2] NCCL INFO UDS converted handle 0x7144e400a670 to fd 138 on remote peer 3
furious-puma-1:172839:173970 [3] NCCL INFO Imported shareable buffer device 3 size 10485760 ptr 0xa0e000000
furious-puma-1:172841:173858 [5] NCCL INFO UDS converted handle 0x7ec09c045740 to fd 138 on remote peer 4
furious-puma-1:172838:173762 [2] NCCL INFO Imported shareable buffer device 2 size 10485760 ptr 0xa0e000000
furious-puma-1:172840:173969 [4] NCCL INFO UDS converted handle 0x7e519c00a670 to fd 137 on remote peer 5
furious-puma-1:172839:173970 [3] NCCL INFO UDS converted handle 0x7c916c02fcb0 to fd 137 on remote peer 2
furious-puma-1:172841:173858 [5] NCCL INFO Imported shareable buffer device 5 size 2097152 ptr 0xa1d600000
furious-puma-1:172839:173970 [3] NCCL INFO Imported shareable buffer device 3 size 2097152 ptr 0xa0ea00000
furious-puma-1:172840:173969 [4] NCCL INFO Imported shareable buffer device 4 size 10485760 ptr 0xa0e000000
furious-puma-1:172841:173858 [5] NCCL INFO UDS converted handle 0x770f84022fc0 to fd 138 on remote peer 6
furious-puma-1:172838:173762 [2] NCCL INFO UDS converted handle 0x78e1b402fc60 to fd 138 on remote peer 1
furious-puma-1:172839:173970 [3] NCCL INFO UDS converted handle 0x7ec09c00beb0 to fd 137 on remote peer 4
furious-puma-1:172841:173858 [5] NCCL INFO Imported shareable buffer device 5 size 10485760 ptr 0xa1e000000
furious-puma-1:172839:173970 [3] NCCL INFO Imported shareable buffer device 3 size 10485760 ptr 0xa0ec00000
furious-puma-1:172840:173969 [4] NCCL INFO UDS converted handle 0x7144e402fcb0 to fd 137 on remote peer 3
furious-puma-1:172838:173762 [2] NCCL INFO Imported shareable buffer device 2 size 2097152 ptr 0xa0ea00000
furious-puma-1:172841:173858 [5] NCCL INFO UDS converted handle 0x7ec09c046e00 to fd 138 on remote peer 4
furious-puma-1:172839:173970 [3] NCCL INFO UDS converted handle 0x7c916c0314b0 to fd 135 on remote peer 2
furious-puma-1:172841:173858 [5] NCCL INFO Imported shareable buffer device 5 size 2097152 ptr 0xa1ea00000
furious-puma-1:172840:173969 [4] NCCL INFO Imported shareable buffer device 4 size 2097152 ptr 0xa0ea00000
furious-puma-1:172841:173858 [5] NCCL INFO UDS converted handle 0x770f84024bc0 to fd 138 on remote peer 6
furious-puma-1:172838:173762 [2] NCCL INFO UDS converted handle 0x7144e400beb0 to fd 138 on remote peer 3
furious-puma-1:172838:173762 [2] NCCL INFO Imported shareable buffer device 2 size 10485760 ptr 0xa0ec00000
furious-puma-1:172839:173970 [3] NCCL INFO Imported shareable buffer device 3 size 2097152 ptr 0xa0f600000
furious-puma-1:172841:173858 [5] NCCL INFO Imported shareable buffer device 5 size 10485760 ptr 0xa1ec00000
furious-puma-1:172839:173970 [3] NCCL INFO UDS converted handle 0x7ec09c00d6d0 to fd 137 on remote peer 4
furious-puma-1:172838:173762 [2] NCCL INFO UDS converted handle 0x78e1b4031460 to fd 138 on remote peer 1
furious-puma-1:172840:173969 [4] NCCL INFO UDS converted handle 0x7e519c00beb0 to fd 137 on remote peer 5
furious-puma-1:172840:173969 [4] NCCL INFO Imported shareable buffer device 4 size 10485760 ptr 0xa0ec00000
furious-puma-1:172839:173970 [3] NCCL INFO Imported shareable buffer device 3 size 10485760 ptr 0xa10000000
furious-puma-1:172838:173762 [2] NCCL INFO Imported shareable buffer device 2 size 2097152 ptr 0xa0f600000
furious-puma-1:172841:173858 [5] NCCL INFO UDS converted handle 0x7ec09c0487d0 to fd 138 on remote peer 4
furious-puma-1:172839:173970 [3] NCCL INFO UDS converted handle 0x7c916c032cb0 to fd 137 on remote peer 2
furious-puma-1:172841:173858 [5] NCCL INFO Imported shareable buffer device 5 size 2097152 ptr 0xa1f600000
furious-puma-1:172840:173969 [4] NCCL INFO UDS converted handle 0x7144e40314b0 to fd 137 on remote peer 3
furious-puma-1:172839:173970 [3] NCCL INFO Imported shareable buffer device 3 size 2097152 ptr 0xa10a00000
furious-puma-1:172840:173969 [4] NCCL INFO Imported shareable buffer device 4 size 2097152 ptr 0xa0f600000
furious-puma-1:172838:173762 [2] NCCL INFO UDS converted handle 0x7144e400d6d0 to fd 138 on remote peer 3
furious-puma-1:172841:173858 [5] NCCL INFO UDS converted handle 0x770f840263c0 to fd 138 on remote peer 6
furious-puma-1:172839:173970 [3] NCCL INFO UDS converted handle 0x7ec09c00eed0 to fd 137 on remote peer 4
furious-puma-1:172840:173969 [4] NCCL INFO UDS converted handle 0x7e519c00d6d0 to fd 137 on remote peer 5
furious-puma-1:172838:173762 [2] NCCL INFO Imported shareable buffer device 2 size 10485760 ptr 0xa10000000
furious-puma-1:172841:173858 [5] NCCL INFO Imported shareable buffer device 5 size 10485760 ptr 0x31c0000000
furious-puma-1:172839:173970 [3] NCCL INFO Imported shareable buffer device 3 size 10485760 ptr 0xa10c00000
furious-puma-1:172840:173969 [4] NCCL INFO Imported shareable buffer device 4 size 10485760 ptr 0xa10000000
furious-puma-1:172838:173762 [2] NCCL INFO UDS converted handle 0x78e1b4032c60 to fd 138 on remote peer 1
furious-puma-1:172841:173858 [5] NCCL INFO UDS converted handle 0x7ec09c049fd0 to fd 138 on remote peer 4
furious-puma-1:172838:173762 [2] NCCL INFO Imported shareable buffer device 2 size 2097152 ptr 0xa10a00000
furious-puma-1:172841:173858 [5] NCCL INFO Imported shareable buffer device 5 size 2097152 ptr 0x31c0a00000
furious-puma-1:172840:173969 [4] NCCL INFO UDS converted handle 0x7144e4032cb0 to fd 137 on remote peer 3
furious-puma-1:172839:173970 [3] NCCL INFO UDS converted handle 0x7c916c0344b0 to fd 137 on remote peer 2
furious-puma-1:172841:173858 [5] NCCL INFO UDS converted handle 0x770f84027bc0 to fd 138 on remote peer 6
furious-puma-1:172839:173970 [3] NCCL INFO Imported shareable buffer device 3 size 2097152 ptr 0xa11600000
furious-puma-1:172841:173858 [5] NCCL INFO Imported shareable buffer device 5 size 10485760 ptr 0x31c0c00000
furious-puma-1:172838:173762 [2] NCCL INFO UDS converted handle 0x7144e400eed0 to fd 138 on remote peer 3
furious-puma-1:172840:173969 [4] NCCL INFO Imported shareable buffer device 4 size 2097152 ptr 0xa10a00000
furious-puma-1:172839:173970 [3] NCCL INFO UDS converted handle 0x7ec09c0106d0 to fd 137 on remote peer 4
furious-puma-1:172838:173762 [2] NCCL INFO Imported shareable buffer device 2 size 10485760 ptr 0xa10c00000
furious-puma-1:172840:173969 [4] NCCL INFO UDS converted handle 0x7e519c00eed0 to fd 136 on remote peer 5
furious-puma-1:172838:173762 [2] NCCL INFO UDS converted handle 0x78e1b4034460 to fd 138 on remote peer 1
furious-puma-1:172840:173969 [4] NCCL INFO Imported shareable buffer device 4 size 10485760 ptr 0xa10c00000
furious-puma-1:172841:173858 [5] NCCL INFO UDS converted handle 0x7ec09c04b7d0 to fd 138 on remote peer 4
furious-puma-1:172839:173970 [3] NCCL INFO Imported shareable buffer device 3 size 10485760 ptr 0xa12000000
furious-puma-1:172838:173762 [2] NCCL INFO Imported shareable buffer device 2 size 2097152 ptr 0xa11600000
furious-puma-1:172839:173970 [3] NCCL INFO UDS converted handle 0x7c916c035cb0 to fd 138 on remote peer 2
furious-puma-1:172840:173969 [4] NCCL INFO UDS converted handle 0x7144e40344b0 to fd 137 on remote peer 3
furious-puma-1:172839:173970 [3] NCCL INFO Imported shareable buffer device 3 size 2097152 ptr 0xa12a00000
furious-puma-1:172841:173858 [5] NCCL INFO Imported shareable buffer device 5 size 2097152 ptr 0x31c1600000
furious-puma-1:172838:173762 [2] NCCL INFO UDS converted handle 0x7144e40106d0 to fd 138 on remote peer 3
furious-puma-1:172839:173970 [3] NCCL INFO UDS converted handle 0x7ec09c011ed0 to fd 137 on remote peer 4
furious-puma-1:172838:173762 [2] NCCL INFO Imported shareable buffer device 2 size 10485760 ptr 0xa12000000
furious-puma-1:172841:173858 [5] NCCL INFO UDS converted handle 0x770f84029810 to fd 138 on remote peer 6
furious-puma-1:172840:173969 [4] NCCL INFO Imported shareable buffer device 4 size 2097152 ptr 0xa11600000
furious-puma-1:172839:173970 [3] NCCL INFO Imported shareable buffer device 3 size 10485760 ptr 0xa12c00000
furious-puma-1:172841:173858 [5] NCCL INFO Imported shareable buffer device 5 size 10485760 ptr 0x31c2000000
furious-puma-1:172838:173762 [2] NCCL INFO UDS converted handle 0x78e1b4035c60 to fd 138 on remote peer 1
furious-puma-1:172840:173969 [4] NCCL INFO UDS converted handle 0x7e519c0106d0 to fd 137 on remote peer 5
furious-puma-1:172839:173970 [3] NCCL INFO UDS converted handle 0x7c916c0374b0 to fd 137 on remote peer 2
furious-puma-1:172838:173762 [2] NCCL INFO Imported shareable buffer device 2 size 2097152 ptr 0xa12a00000
furious-puma-1:172841:173858 [5] NCCL INFO UDS converted handle 0x7ec09c04cfd0 to fd 136 on remote peer 4
furious-puma-1:172839:173970 [3] NCCL INFO Imported shareable buffer device 3 size 2097152 ptr 0xa13600000
furious-puma-1:172841:173858 [5] NCCL INFO Imported shareable buffer device 5 size 2097152 ptr 0x31c2a00000
furious-puma-1:172840:173969 [4] NCCL INFO Imported shareable buffer device 4 size 10485760 ptr 0xa12000000
furious-puma-1:172839:173970 [3] NCCL INFO UDS converted handle 0x7ec09c0136d0 to fd 137 on remote peer 4
furious-puma-1:172841:173858 [5] NCCL INFO UDS converted handle 0x770f8402b010 to fd 138 on remote peer 6
furious-puma-1:172838:173762 [2] NCCL INFO UDS converted handle 0x7144e4011ed0 to fd 138 on remote peer 3
furious-puma-1:172839:173970 [3] NCCL INFO Imported shareable buffer device 3 size 10485760 ptr 0xa14000000
furious-puma-1:172841:173858 [5] NCCL INFO Imported shareable buffer device 5 size 10485760 ptr 0x31c2c00000
furious-puma-1:172840:173969 [4] NCCL INFO UDS converted handle 0x7144e4035cb0 to fd 137 on remote peer 3
furious-puma-1:172838:173762 [2] NCCL INFO Imported shareable buffer device 2 size 10485760 ptr 0xa12c00000
furious-puma-1:172839:173970 [3] NCCL INFO UDS converted handle 0x7c916c038cb0 to fd 137 on remote peer 2
furious-puma-1:172840:173969 [4] NCCL INFO Imported shareable buffer device 4 size 2097152 ptr 0xa12a00000
furious-puma-1:172838:173762 [2] NCCL INFO UDS converted handle 0x78e1b4037460 to fd 138 on remote peer 1
furious-puma-1:172841:173858 [5] NCCL INFO UDS converted handle 0x7ec09c04e7d0 to fd 138 on remote peer 4
furious-puma-1:172840:173969 [4] NCCL INFO UDS converted handle 0x7e519c011ed0 to fd 137 on remote peer 5
furious-puma-1:172839:173970 [3] NCCL INFO Imported shareable buffer device 3 size 2097152 ptr 0xa14a00000
furious-puma-1:172838:173762 [2] NCCL INFO Imported shareable buffer device 2 size 2097152 ptr 0xa13600000
furious-puma-1:172841:173858 [5] NCCL INFO Imported shareable buffer device 5 size 2097152 ptr 0x31c3600000
furious-puma-1:172839:173970 [3] NCCL INFO UDS converted handle 0x7ec09c014ed0 to fd 137 on remote peer 4
furious-puma-1:172841:173858 [5] NCCL INFO UDS converted handle 0x770f8402c810 to fd 138 on remote peer 6
furious-puma-1:172840:173969 [4] NCCL INFO Imported shareable buffer device 4 size 10485760 ptr 0xa12c00000
furious-puma-1:172839:173970 [3] NCCL INFO Imported shareable buffer device 3 size 10485760 ptr 0xa14c00000
furious-puma-1:172838:173762 [2] NCCL INFO UDS converted handle 0x7144e40136d0 to fd 138 on remote peer 3
furious-puma-1:172841:173858 [5] NCCL INFO Imported shareable buffer device 5 size 10485760 ptr 0x31c4000000
furious-puma-1:172839:173970 [3] NCCL INFO UDS converted handle 0x7c916c03a4b0 to fd 137 on remote peer 2
furious-puma-1:172838:173762 [2] NCCL INFO Imported shareable buffer device 2 size 10485760 ptr 0xa14000000
furious-puma-1:172841:173858 [5] NCCL INFO UDS converted handle 0x7ec09c04ffd0 to fd 138 on remote peer 4
furious-puma-1:172840:173969 [4] NCCL INFO UDS converted handle 0x7144e40374b0 to fd 137 on remote peer 3
furious-puma-1:172841:173858 [5] NCCL INFO Imported shareable buffer device 5 size 2097152 ptr 0x31c4a00000
furious-puma-1:172839:173970 [3] NCCL INFO Imported shareable buffer device 3 size 2097152 ptr 0xa15600000
furious-puma-1:172840:173969 [4] NCCL INFO Imported shareable buffer device 4 size 2097152 ptr 0xa13600000
furious-puma-1:172839:173970 [3] NCCL INFO UDS converted handle 0x7ec09c0166d0 to fd 137 on remote peer 4
furious-puma-1:172838:173762 [2] NCCL INFO UDS converted handle 0x78e1b4038c60 to fd 138 on remote peer 1
furious-puma-1:172839:173970 [3] NCCL INFO Imported shareable buffer device 3 size 10485760 ptr 0xa16000000
furious-puma-1:172838:173762 [2] NCCL INFO Imported shareable buffer device 2 size 2097152 ptr 0xa14a00000
furious-puma-1:172839:173970 [3] NCCL INFO UDS converted handle 0x7c916c03bcb0 to fd 137 on remote peer 2
furious-puma-1:172840:173969 [4] NCCL INFO UDS converted handle 0x7e519c0136d0 to fd 137 on remote peer 5
furious-puma-1:172839:173970 [3] NCCL INFO Imported shareable buffer device 3 size 2097152 ptr 0xa16a00000
furious-puma-1:172840:173969 [4] NCCL INFO Imported shareable buffer device 4 size 10485760 ptr 0xa14000000
furious-puma-1:172838:173762 [2] NCCL INFO UDS converted handle 0x7144e4014ed0 to fd 138 on remote peer 3
furious-puma-1:172839:173970 [3] NCCL INFO UDS converted handle 0x7ec09c017ed0 to fd 137 on remote peer 4
furious-puma-1:172838:173762 [2] NCCL INFO Imported shareable buffer device 2 size 10485760 ptr 0xa14c00000
furious-puma-1:172839:173970 [3] NCCL INFO Imported shareable buffer device 3 size 10485760 ptr 0xa16c00000
furious-puma-1:172840:173969 [4] NCCL INFO UDS converted handle 0x7144e4038cb0 to fd 137 on remote peer 3
furious-puma-1:172838:173762 [2] NCCL INFO UDS converted handle 0x78e1b403a460 to fd 138 on remote peer 1
furious-puma-1:172840:173969 [4] NCCL INFO Imported shareable buffer device 4 size 2097152 ptr 0xa14a00000
furious-puma-1:172839:173970 [3] NCCL INFO UDS converted handle 0x7c916c03d4b0 to fd 137 on remote peer 2
furious-puma-1:172838:173762 [2] NCCL INFO Imported shareable buffer device 2 size 2097152 ptr 0xa15600000
furious-puma-1:172839:173970 [3] NCCL INFO Imported shareable buffer device 3 size 2097152 ptr 0xa17600000
furious-puma-1:172840:173969 [4] NCCL INFO UDS converted handle 0x7e519c014ed0 to fd 137 on remote peer 5
furious-puma-1:172838:173762 [2] NCCL INFO UDS converted handle 0x7144e40166d0 to fd 138 on remote peer 3
furious-puma-1:172839:173970 [3] NCCL INFO UDS converted handle 0x7ec09c0196d0 to fd 137 on remote peer 4
furious-puma-1:172838:173762 [2] NCCL INFO Imported shareable buffer device 2 size 10485760 ptr 0xa16000000
furious-puma-1:172838:173762 [2] NCCL INFO UDS converted handle 0x78e1b403bc60 to fd 138 on remote peer 1
furious-puma-1:172839:173970 [3] NCCL INFO Imported shareable buffer device 3 size 10485760 ptr 0xa18000000
furious-puma-1:172840:173969 [4] NCCL INFO Imported shareable buffer device 4 size 10485760 ptr 0xa14c00000
furious-puma-1:172838:173762 [2] NCCL INFO Imported shareable buffer device 2 size 2097152 ptr 0xa16a00000
furious-puma-1:172839:173970 [3] NCCL INFO UDS converted handle 0x7c916c03ec10 to fd 137 on remote peer 2
furious-puma-1:172840:173969 [4] NCCL INFO UDS converted handle 0x7144e403a4b0 to fd 137 on remote peer 3
furious-puma-1:172839:173970 [3] NCCL INFO Imported shareable buffer device 3 size 2097152 ptr 0xa18a00000
furious-puma-1:172838:173762 [2] NCCL INFO UDS converted handle 0x7144e4017ed0 to fd 137 on remote peer 3
furious-puma-1:172839:173970 [3] NCCL INFO UDS converted handle 0x7ec09c01b370 to fd 137 on remote peer 4
furious-puma-1:172840:173969 [4] NCCL INFO Imported shareable buffer device 4 size 2097152 ptr 0xa15600000
furious-puma-1:172839:173970 [3] NCCL INFO Imported shareable buffer device 3 size 10485760 ptr 0xa18c00000
furious-puma-1:172838:173762 [2] NCCL INFO Imported shareable buffer device 2 size 10485760 ptr 0xa16c00000
furious-puma-1:172840:173969 [4] NCCL INFO UDS converted handle 0x7e519c0166d0 to fd 137 on remote peer 5
furious-puma-1:172839:173970 [3] NCCL INFO UDS converted handle 0x7c916c0400f0 to fd 137 on remote peer 2
furious-puma-1:172838:173762 [2] NCCL INFO UDS converted handle 0x78e1b403d460 to fd 138 on remote peer 1
furious-puma-1:172840:173969 [4] NCCL INFO Imported shareable buffer device 4 size 10485760 ptr 0xa16000000
furious-puma-1:172839:173970 [3] NCCL INFO Imported shareable buffer device 3 size 2097152 ptr 0xa19600000
furious-puma-1:172838:173762 [2] NCCL INFO Imported shareable buffer device 2 size 2097152 ptr 0xa17600000
furious-puma-1:172840:173969 [4] NCCL INFO UDS converted handle 0x7144e403bcb0 to fd 138 on remote peer 3
furious-puma-1:172839:173970 [3] NCCL INFO UDS converted handle 0x7ec09c01cb70 to fd 137 on remote peer 4
furious-puma-1:172839:173970 [3] NCCL INFO Imported shareable buffer device 3 size 10485760 ptr 0xa1a000000
furious-puma-1:172840:173969 [4] NCCL INFO Imported shareable buffer device 4 size 2097152 ptr 0xa16a00000
furious-puma-1:172838:173762 [2] NCCL INFO UDS converted handle 0x7144e40196d0 to fd 138 on remote peer 3
furious-puma-1:172839:173970 [3] NCCL INFO UDS converted handle 0x7c916c0415d0 to fd 137 on remote peer 2
furious-puma-1:172840:173969 [4] NCCL INFO UDS converted handle 0x7e519c017ed0 to fd 137 on remote peer 5
furious-puma-1:172838:173762 [2] NCCL INFO Imported shareable buffer device 2 size 10485760 ptr 0xa18000000
furious-puma-1:172839:173970 [3] NCCL INFO Imported shareable buffer device 3 size 2097152 ptr 0xa1aa00000
furious-puma-1:172840:173969 [4] NCCL INFO Imported shareable buffer device 4 size 10485760 ptr 0xa16c00000
furious-puma-1:172838:173762 [2] NCCL INFO UDS converted handle 0x78e1b403ebc0 to fd 138 on remote peer 1
furious-puma-1:172839:173970 [3] NCCL INFO UDS converted handle 0x7ec09c01e370 to fd 138 on remote peer 4
furious-puma-1:172840:173969 [4] NCCL INFO UDS converted handle 0x7144e403d4b0 to fd 137 on remote peer 3
furious-puma-1:172838:173762 [2] NCCL INFO Imported shareable buffer device 2 size 2097152 ptr 0xa18a00000
furious-puma-1:172840:173969 [4] NCCL INFO Imported shareable buffer device 4 size 2097152 ptr 0xa17600000
furious-puma-1:172839:173970 [3] NCCL INFO Imported shareable buffer device 3 size 10485760 ptr 0xa1ac00000
furious-puma-1:172838:173762 [2] NCCL INFO UDS converted handle 0x7144e401b370 to fd 138 on remote peer 3
furious-puma-1:172839:173970 [3] NCCL INFO UDS converted handle 0x7c916c042ab0 to fd 135 on remote peer 2
furious-puma-1:172838:173762 [2] NCCL INFO Imported shareable buffer device 2 size 10485760 ptr 0xa18c00000
furious-puma-1:172840:173969 [4] NCCL INFO UDS converted handle 0x7e519c0196d0 to fd 137 on remote peer 5
furious-puma-1:172839:173970 [3] NCCL INFO Imported shareable buffer device 3 size 2097152 ptr 0xa1b600000
furious-puma-1:172838:173762 [2] NCCL INFO UDS converted handle 0x78e1b40400a0 to fd 138 on remote peer 1
furious-puma-1:172840:173969 [4] NCCL INFO Imported shareable buffer device 4 size 10485760 ptr 0xa18000000
furious-puma-1:172839:173970 [3] NCCL INFO UDS converted handle 0x7ec09c01ffc0 to fd 137 on remote peer 4
furious-puma-1:172838:173762 [2] NCCL INFO Imported shareable buffer device 2 size 2097152 ptr 0xa19600000
furious-puma-1:172839:173970 [3] NCCL INFO Imported shareable buffer device 3 size 10485760 ptr 0xa1c000000
furious-puma-1:172840:173969 [4] NCCL INFO UDS converted handle 0x7144e403ec10 to fd 136 on remote peer 3
furious-puma-1:172839:173970 [3] NCCL INFO UDS converted handle 0x7c916c043f90 to fd 135 on remote peer 2
furious-puma-1:172840:173969 [4] NCCL INFO Imported shareable buffer device 4 size 2097152 ptr 0xa18a00000
furious-puma-1:172839:173970 [3] NCCL INFO Imported shareable buffer device 3 size 2097152 ptr 0xa1ca00000
furious-puma-1:172838:173762 [2] NCCL INFO UDS converted handle 0x7144e401cb70 to fd 138 on remote peer 3
furious-puma-1:172838:173762 [2] NCCL INFO Imported shareable buffer device 2 size 10485760 ptr 0xa1a000000
furious-puma-1:172840:173969 [4] NCCL INFO UDS converted handle 0x7e519c01b370 to fd 137 on remote peer 5
furious-puma-1:172839:173970 [3] NCCL INFO UDS converted handle 0x7ec09c0217c0 to fd 135 on remote peer 4
furious-puma-1:172839:173970 [3] NCCL INFO Imported shareable buffer device 3 size 10485760 ptr 0xa1cc00000
furious-puma-1:172840:173969 [4] NCCL INFO Imported shareable buffer device 4 size 10485760 ptr 0xa18c00000
furious-puma-1:172838:173762 [2] NCCL INFO UDS converted handle 0x78e1b4041580 to fd 139 on remote peer 1
furious-puma-1:172839:173970 [3] NCCL INFO UDS converted handle 0x7c916c045790 to fd 137 on remote peer 2
furious-puma-1:172838:173762 [2] NCCL INFO Imported shareable buffer device 2 size 2097152 ptr 0xa1aa00000
furious-puma-1:172839:173970 [3] NCCL INFO Imported shareable buffer device 3 size 2097152 ptr 0xa1d600000
furious-puma-1:172840:173969 [4] NCCL INFO UDS converted handle 0x7144e40400f0 to fd 137 on remote peer 3
furious-puma-1:172839:173970 [3] NCCL INFO UDS converted handle 0x7ec09c022fc0 to fd 135 on remote peer 4
furious-puma-1:172838:173762 [2] NCCL INFO UDS converted handle 0x7144e401e370 to fd 138 on remote peer 3
furious-puma-1:172839:173970 [3] NCCL INFO Imported shareable buffer device 3 size 10485760 ptr 0xa1e000000
furious-puma-1:172840:173969 [4] NCCL INFO Imported shareable buffer device 4 size 2097152 ptr 0xa19600000
furious-puma-1:172838:173762 [2] NCCL INFO Imported shareable buffer device 2 size 10485760 ptr 0xa1ac00000
furious-puma-1:172839:173970 [3] NCCL INFO UDS converted handle 0x7c916c046e50 to fd 137 on remote peer 2
furious-puma-1:172840:173969 [4] NCCL INFO UDS converted handle 0x7e519c01cb70 to fd 137 on remote peer 5
furious-puma-1:172839:173970 [3] NCCL INFO Imported shareable buffer device 3 size 2097152 ptr 0xa1ea00000
furious-puma-1:172838:173762 [2] NCCL INFO UDS converted handle 0x78e1b4042a60 to fd 137 on remote peer 1
furious-puma-1:172840:173969 [4] NCCL INFO Imported shareable buffer device 4 size 10485760 ptr 0xa1a000000
furious-puma-1:172839:173970 [3] NCCL INFO UDS converted handle 0x7ec09c024bc0 to fd 137 on remote peer 4
furious-puma-1:172838:173762 [2] NCCL INFO Imported shareable buffer device 2 size 2097152 ptr 0xa1b600000
furious-puma-1:172840:173969 [4] NCCL INFO UDS converted handle 0x7144e40415d0 to fd 136 on remote peer 3
furious-puma-1:172839:173970 [3] NCCL INFO Imported shareable buffer device 3 size 10485760 ptr 0xa1ec00000
furious-puma-1:172838:173762 [2] NCCL INFO UDS converted handle 0x7144e401ffc0 to fd 138 on remote peer 3
furious-puma-1:172840:173969 [4] NCCL INFO Imported shareable buffer device 4 size 2097152 ptr 0xa1aa00000
furious-puma-1:172839:173970 [3] NCCL INFO UDS converted handle 0x7c916c048820 to fd 137 on remote peer 2
furious-puma-1:172839:173970 [3] NCCL INFO Imported shareable buffer device 3 size 2097152 ptr 0xa1f600000
furious-puma-1:172840:173969 [4] NCCL INFO UDS converted handle 0x7e519c01e370 to fd 137 on remote peer 5
furious-puma-1:172838:173762 [2] NCCL INFO Imported shareable buffer device 2 size 10485760 ptr 0xa1c000000
furious-puma-1:172840:173969 [4] NCCL INFO Imported shareable buffer device 4 size 10485760 ptr 0xa1ac00000
furious-puma-1:172839:173970 [3] NCCL INFO UDS converted handle 0x7ec09c0263c0 to fd 137 on remote peer 4
furious-puma-1:172840:173969 [4] NCCL INFO UDS converted handle 0x7144e4042ab0 to fd 136 on remote peer 3
furious-puma-1:172839:173970 [3] NCCL INFO Imported shareable buffer device 3 size 10485760 ptr 0x31c0000000
furious-puma-1:172838:173762 [2] NCCL INFO UDS converted handle 0x78e1b4043f40 to fd 138 on remote peer 1
furious-puma-1:172839:173970 [3] NCCL INFO UDS converted handle 0x7c916c04a020 to fd 137 on remote peer 2
furious-puma-1:172838:173762 [2] NCCL INFO Imported shareable buffer device 2 size 2097152 ptr 0xa1ca00000
furious-puma-1:172840:173969 [4] NCCL INFO Imported shareable buffer device 4 size 2097152 ptr 0xa1b600000
furious-puma-1:172839:173970 [3] NCCL INFO Imported shareable buffer device 3 size 2097152 ptr 0x31c0a00000
furious-puma-1:172838:173762 [2] NCCL INFO UDS converted handle 0x7144e40217c0 to fd 138 on remote peer 3
furious-puma-1:172840:173969 [4] NCCL INFO UDS converted handle 0x7e519c01ffc0 to fd 138 on remote peer 5
furious-puma-1:172839:173970 [3] NCCL INFO UDS converted handle 0x7ec09c027bc0 to fd 137 on remote peer 4
furious-puma-1:172838:173762 [2] NCCL INFO Imported shareable buffer device 2 size 10485760 ptr 0xa1cc00000
furious-puma-1:172839:173970 [3] NCCL INFO Imported shareable buffer device 3 size 10485760 ptr 0x31c0c00000
furious-puma-1:172840:173969 [4] NCCL INFO Imported shareable buffer device 4 size 10485760 ptr 0xa1c000000
furious-puma-1:172838:173762 [2] NCCL INFO UDS converted handle 0x78e1b4045740 to fd 138 on remote peer 1
furious-puma-1:172839:173970 [3] NCCL INFO UDS converted handle 0x7c916c04b820 to fd 138 on remote peer 2
furious-puma-1:172838:173762 [2] NCCL INFO Imported shareable buffer device 2 size 2097152 ptr 0xa1d600000
furious-puma-1:172840:173969 [4] NCCL INFO UDS converted handle 0x7144e4043f90 to fd 137 on remote peer 3
furious-puma-1:172838:173762 [2] NCCL INFO UDS converted handle 0x7144e4022fc0 to fd 138 on remote peer 3
furious-puma-1:172839:173970 [3] NCCL INFO Imported shareable buffer device 3 size 2097152 ptr 0x31c1600000
furious-puma-1:172840:173969 [4] NCCL INFO Imported shareable buffer device 4 size 2097152 ptr 0xa1ca00000
furious-puma-1:172838:173762 [2] NCCL INFO Imported shareable buffer device 2 size 10485760 ptr 0xa1e000000
furious-puma-1:172839:173970 [3] NCCL INFO UDS converted handle 0x7ec09c029810 to fd 137 on remote peer 4
furious-puma-1:172838:173762 [2] NCCL INFO UDS converted handle 0x78e1b4046e00 to fd 138 on remote peer 1
furious-puma-1:172840:173969 [4] NCCL INFO UDS converted handle 0x7e519c0217c0 to fd 137 on remote peer 5
furious-puma-1:172839:173970 [3] NCCL INFO Imported shareable buffer device 3 size 10485760 ptr 0x31c2000000
furious-puma-1:172838:173762 [2] NCCL INFO Imported shareable buffer device 2 size 2097152 ptr 0xa1ea00000
furious-puma-1:172840:173969 [4] NCCL INFO Imported shareable buffer device 4 size 10485760 ptr 0xa1cc00000
furious-puma-1:172839:173970 [3] NCCL INFO UDS converted handle 0x7c916c04d020 to fd 137 on remote peer 2
furious-puma-1:172838:173762 [2] NCCL INFO UDS converted handle 0x7144e4024c10 to fd 138 on remote peer 3
furious-puma-1:172839:173970 [3] NCCL INFO Imported shareable buffer device 3 size 2097152 ptr 0x31c2a00000
furious-puma-1:172839:173970 [3] NCCL INFO UDS converted handle 0x7ec09c02b010 to fd 137 on remote peer 4
furious-puma-1:172838:173762 [2] NCCL INFO Imported shareable buffer device 2 size 10485760 ptr 0xa1ec00000
furious-puma-1:172840:173969 [4] NCCL INFO UDS converted handle 0x7144e4045790 to fd 137 on remote peer 3
furious-puma-1:172839:173970 [3] NCCL INFO Imported shareable buffer device 3 size 10485760 ptr 0x31c2c00000
furious-puma-1:172838:173762 [2] NCCL INFO UDS converted handle 0x78e1b40487d0 to fd 138 on remote peer 1
furious-puma-1:172838:173762 [2] NCCL INFO Imported shareable buffer device 2 size 2097152 ptr 0xa1f600000
furious-puma-1:172839:173970 [3] NCCL INFO UDS converted handle 0x7c916c04e820 to fd 137 on remote peer 2
furious-puma-1:172840:173969 [4] NCCL INFO Imported shareable buffer device 4 size 2097152 ptr 0xa1d600000
furious-puma-1:172838:173762 [2] NCCL INFO UDS converted handle 0x7144e4026410 to fd 138 on remote peer 3
furious-puma-1:172840:173969 [4] NCCL INFO UDS converted handle 0x7e519c022fc0 to fd 137 on remote peer 5
furious-puma-1:172839:173970 [3] NCCL INFO Imported shareable buffer device 3 size 2097152 ptr 0x31c3600000
furious-puma-1:172838:173762 [2] NCCL INFO Imported shareable buffer device 2 size 10485760 ptr 0x31c0000000
furious-puma-1:172839:173970 [3] NCCL INFO UDS converted handle 0x7ec09c02c810 to fd 137 on remote peer 4
furious-puma-1:172840:173969 [4] NCCL INFO Imported shareable buffer device 4 size 10485760 ptr 0xa1e000000
furious-puma-1:172838:173762 [2] NCCL INFO UDS converted handle 0x78e1b4049fd0 to fd 138 on remote peer 1
furious-puma-1:172839:173970 [3] NCCL INFO Imported shareable buffer device 3 size 10485760 ptr 0x31c4000000
furious-puma-1:172838:173762 [2] NCCL INFO Imported shareable buffer device 2 size 2097152 ptr 0x31c0a00000
furious-puma-1:172840:173969 [4] NCCL INFO UDS converted handle 0x7144e4046e50 to fd 137 on remote peer 3
furious-puma-1:172838:173762 [2] NCCL INFO UDS converted handle 0x7144e4027c10 to fd 139 on remote peer 3
furious-puma-1:172839:173970 [3] NCCL INFO UDS converted handle 0x7c916c050020 to fd 137 on remote peer 2
furious-puma-1:172840:173969 [4] NCCL INFO Imported shareable buffer device 4 size 2097152 ptr 0xa1ea00000
furious-puma-1:172839:173970 [3] NCCL INFO Imported shareable buffer device 3 size 2097152 ptr 0x31c4a00000
furious-puma-1:172838:173762 [2] NCCL INFO Imported shareable buffer device 2 size 10485760 ptr 0x31c0c00000
furious-puma-1:172840:173969 [4] NCCL INFO UDS converted handle 0x7e519c024bc0 to fd 137 on remote peer 5
furious-puma-1:172838:173762 [2] NCCL INFO UDS converted handle 0x78e1b404b7d0 to fd 138 on remote peer 1
furious-puma-1:172840:173969 [4] NCCL INFO Imported shareable buffer device 4 size 10485760 ptr 0xa1ec00000
furious-puma-1:172838:173762 [2] NCCL INFO Imported shareable buffer device 2 size 2097152 ptr 0x31c1600000
furious-puma-1:172840:173969 [4] NCCL INFO UDS converted handle 0x7144e4048820 to fd 137 on remote peer 3
furious-puma-1:172838:173762 [2] NCCL INFO UDS converted handle 0x7144e4029860 to fd 138 on remote peer 3
furious-puma-1:172840:173969 [4] NCCL INFO Imported shareable buffer device 4 size 2097152 ptr 0xa1f600000
furious-puma-1:172838:173762 [2] NCCL INFO Imported shareable buffer device 2 size 10485760 ptr 0x31c2000000
furious-puma-1:172840:173969 [4] NCCL INFO UDS converted handle 0x7e519c0263c0 to fd 137 on remote peer 5
furious-puma-1:172838:173762 [2] NCCL INFO UDS converted handle 0x78e1b404cfd0 to fd 138 on remote peer 1
furious-puma-1:172840:173969 [4] NCCL INFO Imported shareable buffer device 4 size 10485760 ptr 0x31c0000000
furious-puma-1:172838:173762 [2] NCCL INFO Imported shareable buffer device 2 size 2097152 ptr 0x31c2a00000
furious-puma-1:172840:173969 [4] NCCL INFO UDS converted handle 0x7144e404a020 to fd 137 on remote peer 3
furious-puma-1:172838:173762 [2] NCCL INFO UDS converted handle 0x7144e402b060 to fd 138 on remote peer 3
furious-puma-1:172840:173969 [4] NCCL INFO Imported shareable buffer device 4 size 2097152 ptr 0x31c0a00000
furious-puma-1:172838:173762 [2] NCCL INFO Imported shareable buffer device 2 size 10485760 ptr 0x31c2c00000
furious-puma-1:172840:173969 [4] NCCL INFO UDS converted handle 0x7e519c027bc0 to fd 137 on remote peer 5
furious-puma-1:172838:173762 [2] NCCL INFO UDS converted handle 0x78e1b404e7d0 to fd 138 on remote peer 1
furious-puma-1:172840:173969 [4] NCCL INFO Imported shareable buffer device 4 size 10485760 ptr 0x31c0c00000
furious-puma-1:172838:173762 [2] NCCL INFO Imported shareable buffer device 2 size 2097152 ptr 0x31c3600000
furious-puma-1:172840:173969 [4] NCCL INFO UDS converted handle 0x7144e404b820 to fd 137 on remote peer 3
furious-puma-1:172838:173762 [2] NCCL INFO UDS converted handle 0x7144e402c860 to fd 138 on remote peer 3
furious-puma-1:172840:173969 [4] NCCL INFO Imported shareable buffer device 4 size 2097152 ptr 0x31c1600000
furious-puma-1:172838:173762 [2] NCCL INFO Imported shareable buffer device 2 size 10485760 ptr 0x31c4000000
furious-puma-1:172840:173969 [4] NCCL INFO UDS converted handle 0x7e519c029810 to fd 137 on remote peer 5
furious-puma-1:172838:173762 [2] NCCL INFO UDS converted handle 0x78e1b404ffd0 to fd 138 on remote peer 1
furious-puma-1:172840:173969 [4] NCCL INFO Imported shareable buffer device 4 size 10485760 ptr 0x31c2000000
furious-puma-1:172838:173762 [2] NCCL INFO Imported shareable buffer device 2 size 2097152 ptr 0x31c4a00000
furious-puma-1:172840:173969 [4] NCCL INFO UDS converted handle 0x7144e404d020 to fd 137 on remote peer 3
furious-puma-1:172840:173969 [4] NCCL INFO Imported shareable buffer device 4 size 2097152 ptr 0x31c2a00000
furious-puma-1:172840:173969 [4] NCCL INFO UDS converted handle 0x7e519c02b010 to fd 137 on remote peer 5
furious-puma-1:172840:173969 [4] NCCL INFO Imported shareable buffer device 4 size 10485760 ptr 0x31c2c00000
furious-puma-1:172840:173969 [4] NCCL INFO UDS converted handle 0x7144e404e820 to fd 137 on remote peer 3
furious-puma-1:172840:173969 [4] NCCL INFO Imported shareable buffer device 4 size 2097152 ptr 0x31c3600000
furious-puma-1:172840:173969 [4] NCCL INFO UDS converted handle 0x7e519c02c810 to fd 137 on remote peer 5
furious-puma-1:172840:173969 [4] NCCL INFO Imported shareable buffer device 4 size 10485760 ptr 0x31c4000000
furious-puma-1:172840:173969 [4] NCCL INFO UDS converted handle 0x7144e4050020 to fd 137 on remote peer 3
furious-puma-1:172840:173969 [4] NCCL INFO Imported shareable buffer device 4 size 2097152 ptr 0x31c4a00000
furious-puma-1:172839:173970 [3] NCCL INFO Connected all rings, use ring PXN 0 GDR 1
furious-puma-1:172838:173762 [2] NCCL INFO Connected all rings, use ring PXN 0 GDR 1
furious-puma-1:172840:173969 [4] NCCL INFO Connected all rings, use ring PXN 0 GDR 1
furious-puma-1:172837:173828 [1] NCCL INFO Connected all rings, use ring PXN 0 GDR 1
furious-puma-1:172836:173833 [0] NCCL INFO Connected all rings, use ring PXN 0 GDR 1
furious-puma-1:172841:173858 [5] NCCL INFO Connected all rings, use ring PXN 0 GDR 1
furious-puma-1:172842:173764 [6] NCCL INFO Connected all rings, use ring PXN 0 GDR 1
furious-puma-1:172843:173897 [7] NCCL INFO Connected all rings, use ring PXN 0 GDR 1
Using auto half precision backend
The following columns in the Training set don't have a corresponding argument in `LlamaForCausalLM.forward` and have been ignored: messages. If messages are not expected by `LlamaForCausalLM.forward`,  you can safely ignore this message.
furious-puma-1:172843:174236 [7] NCCL INFO Assigned NET plugin IB to comm
furious-puma-1:172840:174074 [4] NCCL INFO Assigned NET plugin IB to comm
furious-puma-1:172837:174086 [1] NCCL INFO Assigned NET plugin IB to comm
furious-puma-1:172841:174152 [5] NCCL INFO Assigned NET plugin IB to comm
furious-puma-1:172840:174074 [4] NCCL INFO Using network IB
furious-puma-1:172843:174236 [7] NCCL INFO Using network IB
furious-puma-1:172836:174158 [0] NCCL INFO Assigned NET plugin IB to comm
furious-puma-1:172842:174072 [6] NCCL INFO Assigned NET plugin IB to comm
furious-puma-1:172837:174086 [1] NCCL INFO Using network IB
furious-puma-1:172841:174152 [5] NCCL INFO Using network IB
furious-puma-1:172839:174069 [3] NCCL INFO Assigned NET plugin IB to comm
furious-puma-1:172836:174158 [0] NCCL INFO Using network IB
furious-puma-1:172838:174066 [2] NCCL INFO Assigned NET plugin IB to comm
furious-puma-1:172842:174072 [6] NCCL INFO Using network IB
furious-puma-1:172839:174069 [3] NCCL INFO Using network IB
furious-puma-1:172838:174066 [2] NCCL INFO Using network IB
furious-puma-1:172836:174158 [0] NCCL INFO DMA-BUF is available on GPU device 0
furious-puma-1:172840:174074 [4] NCCL INFO DMA-BUF is available on GPU device 4
furious-puma-1:172838:174066 [2] NCCL INFO DMA-BUF is available on GPU device 2
furious-puma-1:172837:174086 [1] NCCL INFO DMA-BUF is available on GPU device 1
furious-puma-1:172842:174072 [6] NCCL INFO DMA-BUF is available on GPU device 6
furious-puma-1:172839:174069 [3] NCCL INFO DMA-BUF is available on GPU device 3
furious-puma-1:172843:174236 [7] NCCL INFO DMA-BUF is available on GPU device 7
furious-puma-1:172841:174152 [5] NCCL INFO DMA-BUF is available on GPU device 5
furious-puma-1:172837:174086 [1] NCCL INFO ncclCommSplit comm 0x505540b0 rank 1 nranks 8 cudaDev 1 nvmlDev 1 busId 8f000 parent 0xd7de960 splitCount 1 color 1266629538 key 1- Init START
furious-puma-1:172836:174158 [0] NCCL INFO ncclCommSplit comm 0x71075460 rank 0 nranks 8 cudaDev 0 nvmlDev 0 busId 7f000 parent 0x2e15b430 splitCount 1 color 1266629538 key 0- Init START
furious-puma-1:172840:174074 [4] NCCL INFO ncclCommSplit comm 0x74fe2a50 rank 4 nranks 8 cudaDev 4 nvmlDev 4 busId bf000 parent 0x3226d280 splitCount 1 color 1266629538 key 4- Init START
furious-puma-1:172843:174236 [7] NCCL INFO ncclCommSplit comm 0x8bc1a970 rank 7 nranks 8 cudaDev 7 nvmlDev 7 busId ef000 parent 0x48ea4ff0 splitCount 1 color 1266629538 key 7- Init START
furious-puma-1:172842:174072 [6] NCCL INFO ncclCommSplit comm 0x51849b50 rank 6 nranks 8 cudaDev 6 nvmlDev 6 busId df000 parent 0xe92e160 splitCount 1 color 1266629538 key 6- Init START
furious-puma-1:172841:174152 [5] NCCL INFO ncclCommSplit comm 0x6817fd60 rank 5 nranks 8 cudaDev 5 nvmlDev 5 busId cf000 parent 0x25265ec0 splitCount 1 color 1266629538 key 5- Init START
furious-puma-1:172838:174066 [2] NCCL INFO ncclCommSplit comm 0x6283c9d0 rank 2 nranks 8 cudaDev 2 nvmlDev 2 busId 9f000 parent 0x1fac7400 splitCount 1 color 1266629538 key 2- Init START
furious-puma-1:172839:174069 [3] NCCL INFO ncclCommSplit comm 0x60340e20 rank 3 nranks 8 cudaDev 3 nvmlDev 3 busId af000 parent 0x1d426170 splitCount 1 color 1266629538 key 3- Init START
furious-puma-1:172837:174086 [1] NCCL INFO MNNVL busId 0x8f000 fabric UUID 0.0 cliqueId 0x0 state 3 healthMask 0x0
furious-puma-1:172836:174158 [0] NCCL INFO MNNVL busId 0x7f000 fabric UUID 0.0 cliqueId 0x0 state 3 healthMask 0x0
furious-puma-1:172842:174072 [6] NCCL INFO MNNVL busId 0xdf000 fabric UUID 0.0 cliqueId 0x0 state 3 healthMask 0x0
furious-puma-1:172840:174074 [4] NCCL INFO MNNVL busId 0xbf000 fabric UUID 0.0 cliqueId 0x0 state 3 healthMask 0x0
furious-puma-1:172839:174069 [3] NCCL INFO MNNVL busId 0xaf000 fabric UUID 0.0 cliqueId 0x0 state 3 healthMask 0x0
furious-puma-1:172838:174066 [2] NCCL INFO MNNVL busId 0x9f000 fabric UUID 0.0 cliqueId 0x0 state 3 healthMask 0x0
furious-puma-1:172841:174152 [5] NCCL INFO MNNVL busId 0xcf000 fabric UUID 0.0 cliqueId 0x0 state 3 healthMask 0x0
furious-puma-1:172843:174236 [7] NCCL INFO MNNVL busId 0xef000 fabric UUID 0.0 cliqueId 0x0 state 3 healthMask 0x0
furious-puma-1:172842:174072 [6] NCCL INFO Loading topology file /var/run/nvidia-topologyd/virtualTopology.xml
furious-puma-1:172839:174069 [3] NCCL INFO Loading topology file /var/run/nvidia-topologyd/virtualTopology.xml
furious-puma-1:172837:174086 [1] NCCL INFO Loading topology file /var/run/nvidia-topologyd/virtualTopology.xml
furious-puma-1:172842:174072 [6] NCCL INFO Loading unnamed topology
furious-puma-1:172836:174158 [0] NCCL INFO Loading topology file /var/run/nvidia-topologyd/virtualTopology.xml
furious-puma-1:172841:174152 [5] NCCL INFO Loading topology file /var/run/nvidia-topologyd/virtualTopology.xml
furious-puma-1:172840:174074 [4] NCCL INFO Loading topology file /var/run/nvidia-topologyd/virtualTopology.xml
furious-puma-1:172839:174069 [3] NCCL INFO Loading unnamed topology
furious-puma-1:172837:174086 [1] NCCL INFO Loading unnamed topology
furious-puma-1:172838:174066 [2] NCCL INFO Loading topology file /var/run/nvidia-topologyd/virtualTopology.xml
furious-puma-1:172843:174236 [7] NCCL INFO Loading topology file /var/run/nvidia-topologyd/virtualTopology.xml
furious-puma-1:172836:174158 [0] NCCL INFO Loading unnamed topology
furious-puma-1:172840:174074 [4] NCCL INFO Loading unnamed topology
furious-puma-1:172838:174066 [2] NCCL INFO Loading unnamed topology
furious-puma-1:172841:174152 [5] NCCL INFO Loading unnamed topology
furious-puma-1:172843:174236 [7] NCCL INFO Loading unnamed topology
furious-puma-1:172838:174066 [2] NCCL INFO Could not find real path of /sys/class/pci_bus/ffff:ff/../../ffff:ff:03.0
furious-puma-1:172842:174072 [6] NCCL INFO Could not find real path of /sys/class/pci_bus/ffff:ff/../../ffff:ff:07.0
furious-puma-1:172836:174158 [0] NCCL INFO Could not find real path of /sys/class/pci_bus/ffff:ff/../../ffff:ff:01.0
furious-puma-1:172840:174074 [4] NCCL INFO Could not find real path of /sys/class/pci_bus/ffff:ff/../../ffff:ff:05.0
furious-puma-1:172837:174086 [1] NCCL INFO Could not find real path of /sys/class/pci_bus/ffff:ff/../../ffff:ff:02.0
furious-puma-1:172839:174069 [3] NCCL INFO Could not find real path of /sys/class/pci_bus/ffff:ff/../../ffff:ff:04.0
furious-puma-1:172841:174152 [5] NCCL INFO Could not find real path of /sys/class/pci_bus/ffff:ff/../../ffff:ff:06.0
furious-puma-1:172843:174236 [7] NCCL INFO Could not find real path of /sys/class/pci_bus/ffff:ff/../../ffff:ff:08.0
furious-puma-1:172842:174072 [6] NCCL INFO TOPO/NET : Importing network plugins to topology
furious-puma-1:172842:174072 [6] NCCL INFO Retrieving state for IB
furious-puma-1:172842:174072 [6] NCCL INFO ncclTopoPopulateNics : Filled mlx5_0 in topo with pciPath=/sys/devices/pci0000:7e/0000:7e:01.0/0000:80:00.0 keep=1 coll=(null)
furious-puma-1:172842:174072 [6] NCCL INFO ncclTopoPopulateNics : Filled mlx5_1 in topo with pciPath=/sys/devices/pci0000:8e/0000:8e:01.0/0000:90:00.0 keep=1 coll=(null)
furious-puma-1:172842:174072 [6] NCCL INFO ncclTopoPopulateNics : Filled mlx5_2 in topo with pciPath=/sys/devices/pci0000:9e/0000:9e:01.0/0000:a0:00.0 keep=1 coll=(null)
furious-puma-1:172842:174072 [6] NCCL INFO ncclTopoPopulateNics : Filled mlx5_3 in topo with pciPath=/sys/devices/pci0000:ae/0000:ae:01.0/0000:b0:00.0 keep=1 coll=(null)
furious-puma-1:172842:174072 [6] NCCL INFO ncclTopoPopulateNics : Filled mlx5_4 in topo with pciPath=/sys/devices/pci0000:be/0000:be:01.0/0000:c0:00.0 keep=1 coll=(null)
furious-puma-1:172842:174072 [6] NCCL INFO ncclTopoPopulateNics : Filled mlx5_5 in topo with pciPath=/sys/devices/pci0000:ce/0000:ce:01.0/0000:d0:00.0 keep=1 coll=(null)
furious-puma-1:172842:174072 [6] NCCL INFO ncclTopoPopulateNics : Filled mlx5_6 in topo with pciPath=/sys/devices/pci0000:de/0000:de:01.0/0000:e0:00.0 keep=1 coll=(null)
furious-puma-1:172842:174072 [6] NCCL INFO ncclTopoPopulateNics : Filled mlx5_7 in topo with pciPath=/sys/devices/pci0000:ee/0000:ee:01.0/0000:f0:00.0 keep=1 coll=(null)
furious-puma-1:172840:174074 [4] NCCL INFO TOPO/NET : Importing network plugins to topology
furious-puma-1:172840:174074 [4] NCCL INFO Retrieving state for IB
furious-puma-1:172840:174074 [4] NCCL INFO ncclTopoPopulateNics : Filled mlx5_0 in topo with pciPath=/sys/devices/pci0000:7e/0000:7e:01.0/0000:80:00.0 keep=1 coll=(null)
furious-puma-1:172840:174074 [4] NCCL INFO ncclTopoPopulateNics : Filled mlx5_1 in topo with pciPath=/sys/devices/pci0000:8e/0000:8e:01.0/0000:90:00.0 keep=1 coll=(null)
furious-puma-1:172840:174074 [4] NCCL INFO ncclTopoPopulateNics : Filled mlx5_2 in topo with pciPath=/sys/devices/pci0000:9e/0000:9e:01.0/0000:a0:00.0 keep=1 coll=(null)
furious-puma-1:172840:174074 [4] NCCL INFO ncclTopoPopulateNics : Filled mlx5_3 in topo with pciPath=/sys/devices/pci0000:ae/0000:ae:01.0/0000:b0:00.0 keep=1 coll=(null)
furious-puma-1:172840:174074 [4] NCCL INFO ncclTopoPopulateNics : Filled mlx5_4 in topo with pciPath=/sys/devices/pci0000:be/0000:be:01.0/0000:c0:00.0 keep=1 coll=(null)
furious-puma-1:172840:174074 [4] NCCL INFO ncclTopoPopulateNics : Filled mlx5_5 in topo with pciPath=/sys/devices/pci0000:ce/0000:ce:01.0/0000:d0:00.0 keep=1 coll=(null)
furious-puma-1:172840:174074 [4] NCCL INFO ncclTopoPopulateNics : Filled mlx5_6 in topo with pciPath=/sys/devices/pci0000:de/0000:de:01.0/0000:e0:00.0 keep=1 coll=(null)
furious-puma-1:172840:174074 [4] NCCL INFO ncclTopoPopulateNics : Filled mlx5_7 in topo with pciPath=/sys/devices/pci0000:ee/0000:ee:01.0/0000:f0:00.0 keep=1 coll=(null)
furious-puma-1:172838:174066 [2] NCCL INFO TOPO/NET : Importing network plugins to topology
furious-puma-1:172838:174066 [2] NCCL INFO Retrieving state for IB
furious-puma-1:172838:174066 [2] NCCL INFO ncclTopoPopulateNics : Filled mlx5_0 in topo with pciPath=/sys/devices/pci0000:7e/0000:7e:01.0/0000:80:00.0 keep=1 coll=(null)
furious-puma-1:172838:174066 [2] NCCL INFO ncclTopoPopulateNics : Filled mlx5_1 in topo with pciPath=/sys/devices/pci0000:8e/0000:8e:01.0/0000:90:00.0 keep=1 coll=(null)
furious-puma-1:172838:174066 [2] NCCL INFO ncclTopoPopulateNics : Filled mlx5_2 in topo with pciPath=/sys/devices/pci0000:9e/0000:9e:01.0/0000:a0:00.0 keep=1 coll=(null)
furious-puma-1:172838:174066 [2] NCCL INFO ncclTopoPopulateNics : Filled mlx5_3 in topo with pciPath=/sys/devices/pci0000:ae/0000:ae:01.0/0000:b0:00.0 keep=1 coll=(null)
furious-puma-1:172838:174066 [2] NCCL INFO ncclTopoPopulateNics : Filled mlx5_4 in topo with pciPath=/sys/devices/pci0000:be/0000:be:01.0/0000:c0:00.0 keep=1 coll=(null)
furious-puma-1:172838:174066 [2] NCCL INFO ncclTopoPopulateNics : Filled mlx5_5 in topo with pciPath=/sys/devices/pci0000:ce/0000:ce:01.0/0000:d0:00.0 keep=1 coll=(null)
furious-puma-1:172838:174066 [2] NCCL INFO ncclTopoPopulateNics : Filled mlx5_6 in topo with pciPath=/sys/devices/pci0000:de/0000:de:01.0/0000:e0:00.0 keep=1 coll=(null)
furious-puma-1:172838:174066 [2] NCCL INFO ncclTopoPopulateNics : Filled mlx5_7 in topo with pciPath=/sys/devices/pci0000:ee/0000:ee:01.0/0000:f0:00.0 keep=1 coll=(null)
furious-puma-1:172839:174069 [3] NCCL INFO TOPO/NET : Importing network plugins to topology
furious-puma-1:172839:174069 [3] NCCL INFO Retrieving state for IB
furious-puma-1:172839:174069 [3] NCCL INFO ncclTopoPopulateNics : Filled mlx5_0 in topo with pciPath=/sys/devices/pci0000:7e/0000:7e:01.0/0000:80:00.0 keep=1 coll=(null)
furious-puma-1:172839:174069 [3] NCCL INFO ncclTopoPopulateNics : Filled mlx5_1 in topo with pciPath=/sys/devices/pci0000:8e/0000:8e:01.0/0000:90:00.0 keep=1 coll=(null)
furious-puma-1:172839:174069 [3] NCCL INFO ncclTopoPopulateNics : Filled mlx5_2 in topo with pciPath=/sys/devices/pci0000:9e/0000:9e:01.0/0000:a0:00.0 keep=1 coll=(null)
furious-puma-1:172839:174069 [3] NCCL INFO ncclTopoPopulateNics : Filled mlx5_3 in topo with pciPath=/sys/devices/pci0000:ae/0000:ae:01.0/0000:b0:00.0 keep=1 coll=(null)
furious-puma-1:172839:174069 [3] NCCL INFO ncclTopoPopulateNics : Filled mlx5_4 in topo with pciPath=/sys/devices/pci0000:be/0000:be:01.0/0000:c0:00.0 keep=1 coll=(null)
furious-puma-1:172839:174069 [3] NCCL INFO ncclTopoPopulateNics : Filled mlx5_5 in topo with pciPath=/sys/devices/pci0000:ce/0000:ce:01.0/0000:d0:00.0 keep=1 coll=(null)
furious-puma-1:172839:174069 [3] NCCL INFO ncclTopoPopulateNics : Filled mlx5_6 in topo with pciPath=/sys/devices/pci0000:de/0000:de:01.0/0000:e0:00.0 keep=1 coll=(null)
furious-puma-1:172839:174069 [3] NCCL INFO ncclTopoPopulateNics : Filled mlx5_7 in topo with pciPath=/sys/devices/pci0000:ee/0000:ee:01.0/0000:f0:00.0 keep=1 coll=(null)
furious-puma-1:172841:174152 [5] NCCL INFO TOPO/NET : Importing network plugins to topology
furious-puma-1:172841:174152 [5] NCCL INFO Retrieving state for IB
furious-puma-1:172841:174152 [5] NCCL INFO ncclTopoPopulateNics : Filled mlx5_0 in topo with pciPath=/sys/devices/pci0000:7e/0000:7e:01.0/0000:80:00.0 keep=1 coll=(null)
furious-puma-1:172841:174152 [5] NCCL INFO ncclTopoPopulateNics : Filled mlx5_1 in topo with pciPath=/sys/devices/pci0000:8e/0000:8e:01.0/0000:90:00.0 keep=1 coll=(null)
furious-puma-1:172841:174152 [5] NCCL INFO ncclTopoPopulateNics : Filled mlx5_2 in topo with pciPath=/sys/devices/pci0000:9e/0000:9e:01.0/0000:a0:00.0 keep=1 coll=(null)
furious-puma-1:172841:174152 [5] NCCL INFO ncclTopoPopulateNics : Filled mlx5_3 in topo with pciPath=/sys/devices/pci0000:ae/0000:ae:01.0/0000:b0:00.0 keep=1 coll=(null)
furious-puma-1:172841:174152 [5] NCCL INFO ncclTopoPopulateNics : Filled mlx5_4 in topo with pciPath=/sys/devices/pci0000:be/0000:be:01.0/0000:c0:00.0 keep=1 coll=(null)
furious-puma-1:172841:174152 [5] NCCL INFO ncclTopoPopulateNics : Filled mlx5_5 in topo with pciPath=/sys/devices/pci0000:ce/0000:ce:01.0/0000:d0:00.0 keep=1 coll=(null)
furious-puma-1:172841:174152 [5] NCCL INFO ncclTopoPopulateNics : Filled mlx5_6 in topo with pciPath=/sys/devices/pci0000:de/0000:de:01.0/0000:e0:00.0 keep=1 coll=(null)
furious-puma-1:172841:174152 [5] NCCL INFO ncclTopoPopulateNics : Filled mlx5_7 in topo with pciPath=/sys/devices/pci0000:ee/0000:ee:01.0/0000:f0:00.0 keep=1 coll=(null)
furious-puma-1:172843:174236 [7] NCCL INFO TOPO/NET : Importing network plugins to topology
furious-puma-1:172843:174236 [7] NCCL INFO Retrieving state for IB
furious-puma-1:172843:174236 [7] NCCL INFO ncclTopoPopulateNics : Filled mlx5_0 in topo with pciPath=/sys/devices/pci0000:7e/0000:7e:01.0/0000:80:00.0 keep=1 coll=(null)
furious-puma-1:172843:174236 [7] NCCL INFO ncclTopoPopulateNics : Filled mlx5_1 in topo with pciPath=/sys/devices/pci0000:8e/0000:8e:01.0/0000:90:00.0 keep=1 coll=(null)
furious-puma-1:172843:174236 [7] NCCL INFO ncclTopoPopulateNics : Filled mlx5_2 in topo with pciPath=/sys/devices/pci0000:9e/0000:9e:01.0/0000:a0:00.0 keep=1 coll=(null)
furious-puma-1:172843:174236 [7] NCCL INFO ncclTopoPopulateNics : Filled mlx5_3 in topo with pciPath=/sys/devices/pci0000:ae/0000:ae:01.0/0000:b0:00.0 keep=1 coll=(null)
furious-puma-1:172843:174236 [7] NCCL INFO ncclTopoPopulateNics : Filled mlx5_4 in topo with pciPath=/sys/devices/pci0000:be/0000:be:01.0/0000:c0:00.0 keep=1 coll=(null)
furious-puma-1:172843:174236 [7] NCCL INFO ncclTopoPopulateNics : Filled mlx5_5 in topo with pciPath=/sys/devices/pci0000:ce/0000:ce:01.0/0000:d0:00.0 keep=1 coll=(null)
furious-puma-1:172843:174236 [7] NCCL INFO ncclTopoPopulateNics : Filled mlx5_6 in topo with pciPath=/sys/devices/pci0000:de/0000:de:01.0/0000:e0:00.0 keep=1 coll=(null)
furious-puma-1:172843:174236 [7] NCCL INFO ncclTopoPopulateNics : Filled mlx5_7 in topo with pciPath=/sys/devices/pci0000:ee/0000:ee:01.0/0000:f0:00.0 keep=1 coll=(null)
furious-puma-1:172836:174158 [0] NCCL INFO TOPO/NET : Importing network plugins to topology
furious-puma-1:172836:174158 [0] NCCL INFO Retrieving state for IB
furious-puma-1:172836:174158 [0] NCCL INFO ncclTopoPopulateNics : Filled mlx5_0 in topo with pciPath=/sys/devices/pci0000:7e/0000:7e:01.0/0000:80:00.0 keep=1 coll=(null)
furious-puma-1:172836:174158 [0] NCCL INFO ncclTopoPopulateNics : Filled mlx5_1 in topo with pciPath=/sys/devices/pci0000:8e/0000:8e:01.0/0000:90:00.0 keep=1 coll=(null)
furious-puma-1:172836:174158 [0] NCCL INFO ncclTopoPopulateNics : Filled mlx5_2 in topo with pciPath=/sys/devices/pci0000:9e/0000:9e:01.0/0000:a0:00.0 keep=1 coll=(null)
furious-puma-1:172836:174158 [0] NCCL INFO ncclTopoPopulateNics : Filled mlx5_3 in topo with pciPath=/sys/devices/pci0000:ae/0000:ae:01.0/0000:b0:00.0 keep=1 coll=(null)
furious-puma-1:172836:174158 [0] NCCL INFO ncclTopoPopulateNics : Filled mlx5_4 in topo with pciPath=/sys/devices/pci0000:be/0000:be:01.0/0000:c0:00.0 keep=1 coll=(null)
furious-puma-1:172836:174158 [0] NCCL INFO ncclTopoPopulateNics : Filled mlx5_5 in topo with pciPath=/sys/devices/pci0000:ce/0000:ce:01.0/0000:d0:00.0 keep=1 coll=(null)
furious-puma-1:172836:174158 [0] NCCL INFO ncclTopoPopulateNics : Filled mlx5_6 in topo with pciPath=/sys/devices/pci0000:de/0000:de:01.0/0000:e0:00.0 keep=1 coll=(null)
furious-puma-1:172836:174158 [0] NCCL INFO ncclTopoPopulateNics : Filled mlx5_7 in topo with pciPath=/sys/devices/pci0000:ee/0000:ee:01.0/0000:f0:00.0 keep=1 coll=(null)
furious-puma-1:172837:174086 [1] NCCL INFO TOPO/NET : Importing network plugins to topology
furious-puma-1:172837:174086 [1] NCCL INFO Retrieving state for IB
furious-puma-1:172837:174086 [1] NCCL INFO ncclTopoPopulateNics : Filled mlx5_0 in topo with pciPath=/sys/devices/pci0000:7e/0000:7e:01.0/0000:80:00.0 keep=1 coll=(null)
furious-puma-1:172837:174086 [1] NCCL INFO ncclTopoPopulateNics : Filled mlx5_1 in topo with pciPath=/sys/devices/pci0000:8e/0000:8e:01.0/0000:90:00.0 keep=1 coll=(null)
furious-puma-1:172837:174086 [1] NCCL INFO ncclTopoPopulateNics : Filled mlx5_2 in topo with pciPath=/sys/devices/pci0000:9e/0000:9e:01.0/0000:a0:00.0 keep=1 coll=(null)
furious-puma-1:172837:174086 [1] NCCL INFO ncclTopoPopulateNics : Filled mlx5_3 in topo with pciPath=/sys/devices/pci0000:ae/0000:ae:01.0/0000:b0:00.0 keep=1 coll=(null)
furious-puma-1:172837:174086 [1] NCCL INFO ncclTopoPopulateNics : Filled mlx5_4 in topo with pciPath=/sys/devices/pci0000:be/0000:be:01.0/0000:c0:00.0 keep=1 coll=(null)
furious-puma-1:172837:174086 [1] NCCL INFO ncclTopoPopulateNics : Filled mlx5_5 in topo with pciPath=/sys/devices/pci0000:ce/0000:ce:01.0/0000:d0:00.0 keep=1 coll=(null)
furious-puma-1:172837:174086 [1] NCCL INFO ncclTopoPopulateNics : Filled mlx5_6 in topo with pciPath=/sys/devices/pci0000:de/0000:de:01.0/0000:e0:00.0 keep=1 coll=(null)
furious-puma-1:172837:174086 [1] NCCL INFO ncclTopoPopulateNics : Filled mlx5_7 in topo with pciPath=/sys/devices/pci0000:ee/0000:ee:01.0/0000:f0:00.0 keep=1 coll=(null)
furious-puma-1:172840:174074 [4] NCCL INFO GPU Direct RDMA Enabled for GPU 0 / HCA 0 (distance 4 <= 5), read 0 mode Default
furious-puma-1:172840:174074 [4] NCCL INFO GPU Direct RDMA Enabled for GPU 1 / HCA 0 (distance 4 <= 5), read 0 mode Default
furious-puma-1:172840:174074 [4] NCCL INFO GPU Direct RDMA Enabled for GPU 2 / HCA 0 (distance 4 <= 5), read 0 mode Default
furious-puma-1:172840:174074 [4] NCCL INFO GPU Direct RDMA Enabled for GPU 3 / HCA 0 (distance 4 <= 5), read 0 mode Default
furious-puma-1:172840:174074 [4] NCCL INFO GPU Direct RDMA Enabled for GPU 4 / HCA 0 (distance 4 <= 5), read 0 mode Default
furious-puma-1:172840:174074 [4] NCCL INFO GPU Direct RDMA Enabled for GPU 5 / HCA 0 (distance 4 <= 5), read 0 mode Default
furious-puma-1:172840:174074 [4] NCCL INFO GPU Direct RDMA Enabled for GPU 6 / HCA 0 (distance 4 <= 5), read 0 mode Default
furious-puma-1:172838:174066 [2] NCCL INFO GPU Direct RDMA Enabled for GPU 0 / HCA 0 (distance 4 <= 5), read 0 mode Default
furious-puma-1:172840:174074 [4] NCCL INFO GPU Direct RDMA Enabled for GPU 7 / HCA 0 (distance 4 <= 5), read 0 mode Default
furious-puma-1:172840:174074 [4] NCCL INFO GPU Direct RDMA Enabled for GPU 0 / HCA 1 (distance 4 <= 5), read 0 mode Default
furious-puma-1:172838:174066 [2] NCCL INFO GPU Direct RDMA Enabled for GPU 1 / HCA 0 (distance 4 <= 5), read 0 mode Default
furious-puma-1:172840:174074 [4] NCCL INFO GPU Direct RDMA Enabled for GPU 1 / HCA 1 (distance 4 <= 5), read 0 mode Default
furious-puma-1:172838:174066 [2] NCCL INFO GPU Direct RDMA Enabled for GPU 2 / HCA 0 (distance 4 <= 5), read 0 mode Default
furious-puma-1:172840:174074 [4] NCCL INFO GPU Direct RDMA Enabled for GPU 2 / HCA 1 (distance 4 <= 5), read 0 mode Default
furious-puma-1:172838:174066 [2] NCCL INFO GPU Direct RDMA Enabled for GPU 3 / HCA 0 (distance 4 <= 5), read 0 mode Default
furious-puma-1:172840:174074 [4] NCCL INFO GPU Direct RDMA Enabled for GPU 3 / HCA 1 (distance 4 <= 5), read 0 mode Default
furious-puma-1:172838:174066 [2] NCCL INFO GPU Direct RDMA Enabled for GPU 4 / HCA 0 (distance 4 <= 5), read 0 mode Default
furious-puma-1:172840:174074 [4] NCCL INFO GPU Direct RDMA Enabled for GPU 4 / HCA 1 (distance 4 <= 5), read 0 mode Default
furious-puma-1:172838:174066 [2] NCCL INFO GPU Direct RDMA Enabled for GPU 5 / HCA 0 (distance 4 <= 5), read 0 mode Default
furious-puma-1:172840:174074 [4] NCCL INFO GPU Direct RDMA Enabled for GPU 5 / HCA 1 (distance 4 <= 5), read 0 mode Default
furious-puma-1:172838:174066 [2] NCCL INFO GPU Direct RDMA Enabled for GPU 6 / HCA 0 (distance 4 <= 5), read 0 mode Default
furious-puma-1:172840:174074 [4] NCCL INFO GPU Direct RDMA Enabled for GPU 6 / HCA 1 (distance 4 <= 5), read 0 mode Default
furious-puma-1:172838:174066 [2] NCCL INFO GPU Direct RDMA Enabled for GPU 7 / HCA 0 (distance 4 <= 5), read 0 mode Default
furious-puma-1:172840:174074 [4] NCCL INFO GPU Direct RDMA Enabled for GPU 7 / HCA 1 (distance 4 <= 5), read 0 mode Default
furious-puma-1:172838:174066 [2] NCCL INFO GPU Direct RDMA Enabled for GPU 0 / HCA 1 (distance 4 <= 5), read 0 mode Default
furious-puma-1:172840:174074 [4] NCCL INFO GPU Direct RDMA Enabled for GPU 0 / HCA 2 (distance 4 <= 5), read 0 mode Default
furious-puma-1:172838:174066 [2] NCCL INFO GPU Direct RDMA Enabled for GPU 1 / HCA 1 (distance 4 <= 5), read 0 mode Default
furious-puma-1:172840:174074 [4] NCCL INFO GPU Direct RDMA Enabled for GPU 1 / HCA 2 (distance 4 <= 5), read 0 mode Default
furious-puma-1:172838:174066 [2] NCCL INFO GPU Direct RDMA Enabled for GPU 2 / HCA 1 (distance 4 <= 5), read 0 mode Default
furious-puma-1:172838:174066 [2] NCCL INFO GPU Direct RDMA Enabled for GPU 3 / HCA 1 (distance 4 <= 5), read 0 mode Default
furious-puma-1:172840:174074 [4] NCCL INFO GPU Direct RDMA Enabled for GPU 2 / HCA 2 (distance 4 <= 5), read 0 mode Default
furious-puma-1:172838:174066 [2] NCCL INFO GPU Direct RDMA Enabled for GPU 4 / HCA 1 (distance 4 <= 5), read 0 mode Default
furious-puma-1:172840:174074 [4] NCCL INFO GPU Direct RDMA Enabled for GPU 3 / HCA 2 (distance 4 <= 5), read 0 mode Default
furious-puma-1:172838:174066 [2] NCCL INFO GPU Direct RDMA Enabled for GPU 5 / HCA 1 (distance 4 <= 5), read 0 mode Default
furious-puma-1:172840:174074 [4] NCCL INFO GPU Direct RDMA Enabled for GPU 4 / HCA 2 (distance 4 <= 5), read 0 mode Default
furious-puma-1:172838:174066 [2] NCCL INFO GPU Direct RDMA Enabled for GPU 6 / HCA 1 (distance 4 <= 5), read 0 mode Default
furious-puma-1:172840:174074 [4] NCCL INFO GPU Direct RDMA Enabled for GPU 5 / HCA 2 (distance 4 <= 5), read 0 mode Default
furious-puma-1:172838:174066 [2] NCCL INFO GPU Direct RDMA Enabled for GPU 7 / HCA 1 (distance 4 <= 5), read 0 mode Default
furious-puma-1:172840:174074 [4] NCCL INFO GPU Direct RDMA Enabled for GPU 6 / HCA 2 (distance 4 <= 5), read 0 mode Default
furious-puma-1:172838:174066 [2] NCCL INFO GPU Direct RDMA Enabled for GPU 0 / HCA 2 (distance 4 <= 5), read 0 mode Default
furious-puma-1:172840:174074 [4] NCCL INFO GPU Direct RDMA Enabled for GPU 7 / HCA 2 (distance 4 <= 5), read 0 mode Default
furious-puma-1:172838:174066 [2] NCCL INFO GPU Direct RDMA Enabled for GPU 1 / HCA 2 (distance 4 <= 5), read 0 mode Default
furious-puma-1:172840:174074 [4] NCCL INFO GPU Direct RDMA Enabled for GPU 0 / HCA 3 (distance 4 <= 5), read 0 mode Default
furious-puma-1:172838:174066 [2] NCCL INFO GPU Direct RDMA Enabled for GPU 2 / HCA 2 (distance 4 <= 5), read 0 mode Default
furious-puma-1:172840:174074 [4] NCCL INFO GPU Direct RDMA Enabled for GPU 1 / HCA 3 (distance 4 <= 5), read 0 mode Default
furious-puma-1:172838:174066 [2] NCCL INFO GPU Direct RDMA Enabled for GPU 3 / HCA 2 (distance 4 <= 5), read 0 mode Default
furious-puma-1:172838:174066 [2] NCCL INFO GPU Direct RDMA Enabled for GPU 4 / HCA 2 (distance 4 <= 5), read 0 mode Default
furious-puma-1:172840:174074 [4] NCCL INFO GPU Direct RDMA Enabled for GPU 2 / HCA 3 (distance 4 <= 5), read 0 mode Default
furious-puma-1:172838:174066 [2] NCCL INFO GPU Direct RDMA Enabled for GPU 5 / HCA 2 (distance 4 <= 5), read 0 mode Default
furious-puma-1:172840:174074 [4] NCCL INFO GPU Direct RDMA Enabled for GPU 3 / HCA 3 (distance 4 <= 5), read 0 mode Default
furious-puma-1:172838:174066 [2] NCCL INFO GPU Direct RDMA Enabled for GPU 6 / HCA 2 (distance 4 <= 5), read 0 mode Default
furious-puma-1:172840:174074 [4] NCCL INFO GPU Direct RDMA Enabled for GPU 4 / HCA 3 (distance 4 <= 5), read 0 mode Default
furious-puma-1:172838:174066 [2] NCCL INFO GPU Direct RDMA Enabled for GPU 7 / HCA 2 (distance 4 <= 5), read 0 mode Default
furious-puma-1:172840:174074 [4] NCCL INFO GPU Direct RDMA Enabled for GPU 5 / HCA 3 (distance 4 <= 5), read 0 mode Default
furious-puma-1:172838:174066 [2] NCCL INFO GPU Direct RDMA Enabled for GPU 0 / HCA 3 (distance 4 <= 5), read 0 mode Default
furious-puma-1:172840:174074 [4] NCCL INFO GPU Direct RDMA Enabled for GPU 6 / HCA 3 (distance 4 <= 5), read 0 mode Default
furious-puma-1:172838:174066 [2] NCCL INFO GPU Direct RDMA Enabled for GPU 1 / HCA 3 (distance 4 <= 5), read 0 mode Default
furious-puma-1:172840:174074 [4] NCCL INFO GPU Direct RDMA Enabled for GPU 7 / HCA 3 (distance 4 <= 5), read 0 mode Default
furious-puma-1:172838:174066 [2] NCCL INFO GPU Direct RDMA Enabled for GPU 2 / HCA 3 (distance 4 <= 5), read 0 mode Default
furious-puma-1:172840:174074 [4] NCCL INFO GPU Direct RDMA Enabled for GPU 0 / HCA 4 (distance 4 <= 5), read 0 mode Default
furious-puma-1:172838:174066 [2] NCCL INFO GPU Direct RDMA Enabled for GPU 3 / HCA 3 (distance 4 <= 5), read 0 mode Default
furious-puma-1:172840:174074 [4] NCCL INFO GPU Direct RDMA Enabled for GPU 1 / HCA 4 (distance 4 <= 5), read 0 mode Default
furious-puma-1:172838:174066 [2] NCCL INFO GPU Direct RDMA Enabled for GPU 4 / HCA 3 (distance 4 <= 5), read 0 mode Default
furious-puma-1:172840:174074 [4] NCCL INFO GPU Direct RDMA Enabled for GPU 2 / HCA 4 (distance 4 <= 5), read 0 mode Default
furious-puma-1:172838:174066 [2] NCCL INFO GPU Direct RDMA Enabled for GPU 5 / HCA 3 (distance 4 <= 5), read 0 mode Default
furious-puma-1:172840:174074 [4] NCCL INFO GPU Direct RDMA Enabled for GPU 3 / HCA 4 (distance 4 <= 5), read 0 mode Default
furious-puma-1:172838:174066 [2] NCCL INFO GPU Direct RDMA Enabled for GPU 6 / HCA 3 (distance 4 <= 5), read 0 mode Default
furious-puma-1:172840:174074 [4] NCCL INFO GPU Direct RDMA Enabled for GPU 4 / HCA 4 (distance 4 <= 5), read 0 mode Default
furious-puma-1:172838:174066 [2] NCCL INFO GPU Direct RDMA Enabled for GPU 7 / HCA 3 (distance 4 <= 5), read 0 mode Default
furious-puma-1:172840:174074 [4] NCCL INFO GPU Direct RDMA Enabled for GPU 5 / HCA 4 (distance 4 <= 5), read 0 mode Default
furious-puma-1:172838:174066 [2] NCCL INFO GPU Direct RDMA Enabled for GPU 0 / HCA 4 (distance 4 <= 5), read 0 mode Default
furious-puma-1:172840:174074 [4] NCCL INFO GPU Direct RDMA Enabled for GPU 6 / HCA 4 (distance 4 <= 5), read 0 mode Default
furious-puma-1:172838:174066 [2] NCCL INFO GPU Direct RDMA Enabled for GPU 1 / HCA 4 (distance 4 <= 5), read 0 mode Default
furious-puma-1:172840:174074 [4] NCCL INFO GPU Direct RDMA Enabled for GPU 7 / HCA 4 (distance 4 <= 5), read 0 mode Default
furious-puma-1:172838:174066 [2] NCCL INFO GPU Direct RDMA Enabled for GPU 2 / HCA 4 (distance 4 <= 5), read 0 mode Default
furious-puma-1:172840:174074 [4] NCCL INFO GPU Direct RDMA Enabled for GPU 0 / HCA 5 (distance 4 <= 5), read 0 mode Default
furious-puma-1:172838:174066 [2] NCCL INFO GPU Direct RDMA Enabled for GPU 3 / HCA 4 (distance 4 <= 5), read 0 mode Default
furious-puma-1:172840:174074 [4] NCCL INFO GPU Direct RDMA Enabled for GPU 1 / HCA 5 (distance 4 <= 5), read 0 mode Default
furious-puma-1:172838:174066 [2] NCCL INFO GPU Direct RDMA Enabled for GPU 4 / HCA 4 (distance 4 <= 5), read 0 mode Default
furious-puma-1:172840:174074 [4] NCCL INFO GPU Direct RDMA Enabled for GPU 2 / HCA 5 (distance 4 <= 5), read 0 mode Default
furious-puma-1:172838:174066 [2] NCCL INFO GPU Direct RDMA Enabled for GPU 5 / HCA 4 (distance 4 <= 5), read 0 mode Default
furious-puma-1:172840:174074 [4] NCCL INFO GPU Direct RDMA Enabled for GPU 3 / HCA 5 (distance 4 <= 5), read 0 mode Default
furious-puma-1:172838:174066 [2] NCCL INFO GPU Direct RDMA Enabled for GPU 6 / HCA 4 (distance 4 <= 5), read 0 mode Default
furious-puma-1:172840:174074 [4] NCCL INFO GPU Direct RDMA Enabled for GPU 4 / HCA 5 (distance 4 <= 5), read 0 mode Default
furious-puma-1:172838:174066 [2] NCCL INFO GPU Direct RDMA Enabled for GPU 7 / HCA 4 (distance 4 <= 5), read 0 mode Default
furious-puma-1:172840:174074 [4] NCCL INFO GPU Direct RDMA Enabled for GPU 5 / HCA 5 (distance 4 <= 5), read 0 mode Default
furious-puma-1:172838:174066 [2] NCCL INFO GPU Direct RDMA Enabled for GPU 0 / HCA 5 (distance 4 <= 5), read 0 mode Default
furious-puma-1:172840:174074 [4] NCCL INFO GPU Direct RDMA Enabled for GPU 6 / HCA 5 (distance 4 <= 5), read 0 mode Default
furious-puma-1:172838:174066 [2] NCCL INFO GPU Direct RDMA Enabled for GPU 1 / HCA 5 (distance 4 <= 5), read 0 mode Default
furious-puma-1:172840:174074 [4] NCCL INFO GPU Direct RDMA Enabled for GPU 7 / HCA 5 (distance 4 <= 5), read 0 mode Default
furious-puma-1:172838:174066 [2] NCCL INFO GPU Direct RDMA Enabled for GPU 2 / HCA 5 (distance 4 <= 5), read 0 mode Default
furious-puma-1:172840:174074 [4] NCCL INFO GPU Direct RDMA Enabled for GPU 0 / HCA 6 (distance 4 <= 5), read 0 mode Default
furious-puma-1:172838:174066 [2] NCCL INFO GPU Direct RDMA Enabled for GPU 3 / HCA 5 (distance 4 <= 5), read 0 mode Default
furious-puma-1:172840:174074 [4] NCCL INFO GPU Direct RDMA Enabled for GPU 1 / HCA 6 (distance 4 <= 5), read 0 mode Default
furious-puma-1:172838:174066 [2] NCCL INFO GPU Direct RDMA Enabled for GPU 4 / HCA 5 (distance 4 <= 5), read 0 mode Default
furious-puma-1:172840:174074 [4] NCCL INFO GPU Direct RDMA Enabled for GPU 2 / HCA 6 (distance 4 <= 5), read 0 mode Default
furious-puma-1:172838:174066 [2] NCCL INFO GPU Direct RDMA Enabled for GPU 5 / HCA 5 (distance 4 <= 5), read 0 mode Default
furious-puma-1:172840:174074 [4] NCCL INFO GPU Direct RDMA Enabled for GPU 3 / HCA 6 (distance 4 <= 5), read 0 mode Default
furious-puma-1:172838:174066 [2] NCCL INFO GPU Direct RDMA Enabled for GPU 6 / HCA 5 (distance 4 <= 5), read 0 mode Default
furious-puma-1:172840:174074 [4] NCCL INFO GPU Direct RDMA Enabled for GPU 4 / HCA 6 (distance 4 <= 5), read 0 mode Default
furious-puma-1:172838:174066 [2] NCCL INFO GPU Direct RDMA Enabled for GPU 7 / HCA 5 (distance 4 <= 5), read 0 mode Default
furious-puma-1:172840:174074 [4] NCCL INFO GPU Direct RDMA Enabled for GPU 5 / HCA 6 (distance 4 <= 5), read 0 mode Default
furious-puma-1:172838:174066 [2] NCCL INFO GPU Direct RDMA Enabled for GPU 0 / HCA 6 (distance 4 <= 5), read 0 mode Default
furious-puma-1:172840:174074 [4] NCCL INFO GPU Direct RDMA Enabled for GPU 6 / HCA 6 (distance 4 <= 5), read 0 mode Default
furious-puma-1:172838:174066 [2] NCCL INFO GPU Direct RDMA Enabled for GPU 1 / HCA 6 (distance 4 <= 5), read 0 mode Default
furious-puma-1:172840:174074 [4] NCCL INFO GPU Direct RDMA Enabled for GPU 7 / HCA 6 (distance 4 <= 5), read 0 mode Default
furious-puma-1:172838:174066 [2] NCCL INFO GPU Direct RDMA Enabled for GPU 2 / HCA 6 (distance 4 <= 5), read 0 mode Default
furious-puma-1:172838:174066 [2] NCCL INFO GPU Direct RDMA Enabled for GPU 3 / HCA 6 (distance 4 <= 5), read 0 mode Default
furious-puma-1:172840:174074 [4] NCCL INFO GPU Direct RDMA Enabled for GPU 0 / HCA 7 (distance 4 <= 5), read 0 mode Default
furious-puma-1:172838:174066 [2] NCCL INFO GPU Direct RDMA Enabled for GPU 4 / HCA 6 (distance 4 <= 5), read 0 mode Default
furious-puma-1:172840:174074 [4] NCCL INFO GPU Direct RDMA Enabled for GPU 1 / HCA 7 (distance 4 <= 5), read 0 mode Default
furious-puma-1:172838:174066 [2] NCCL INFO GPU Direct RDMA Enabled for GPU 5 / HCA 6 (distance 4 <= 5), read 0 mode Default
furious-puma-1:172840:174074 [4] NCCL INFO GPU Direct RDMA Enabled for GPU 2 / HCA 7 (distance 4 <= 5), read 0 mode Default
furious-puma-1:172838:174066 [2] NCCL INFO GPU Direct RDMA Enabled for GPU 6 / HCA 6 (distance 4 <= 5), read 0 mode Default
furious-puma-1:172840:174074 [4] NCCL INFO GPU Direct RDMA Enabled for GPU 3 / HCA 7 (distance 4 <= 5), read 0 mode Default
furious-puma-1:172838:174066 [2] NCCL INFO GPU Direct RDMA Enabled for GPU 7 / HCA 6 (distance 4 <= 5), read 0 mode Default
furious-puma-1:172840:174074 [4] NCCL INFO GPU Direct RDMA Enabled for GPU 4 / HCA 7 (distance 4 <= 5), read 0 mode Default
furious-puma-1:172838:174066 [2] NCCL INFO GPU Direct RDMA Enabled for GPU 0 / HCA 7 (distance 4 <= 5), read 0 mode Default
furious-puma-1:172840:174074 [4] NCCL INFO GPU Direct RDMA Enabled for GPU 5 / HCA 7 (distance 4 <= 5), read 0 mode Default
furious-puma-1:172838:174066 [2] NCCL INFO GPU Direct RDMA Enabled for GPU 1 / HCA 7 (distance 4 <= 5), read 0 mode Default
furious-puma-1:172840:174074 [4] NCCL INFO GPU Direct RDMA Enabled for GPU 6 / HCA 7 (distance 4 <= 5), read 0 mode Default
furious-puma-1:172838:174066 [2] NCCL INFO GPU Direct RDMA Enabled for GPU 2 / HCA 7 (distance 4 <= 5), read 0 mode Default
furious-puma-1:172840:174074 [4] NCCL INFO GPU Direct RDMA Enabled for GPU 7 / HCA 7 (distance 4 <= 5), read 0 mode Default
furious-puma-1:172838:174066 [2] NCCL INFO GPU Direct RDMA Enabled for GPU 3 / HCA 7 (distance 4 <= 5), read 0 mode Default
furious-puma-1:172838:174066 [2] NCCL INFO GPU Direct RDMA Enabled for GPU 4 / HCA 7 (distance 4 <= 5), read 0 mode Default
furious-puma-1:172838:174066 [2] NCCL INFO GPU Direct RDMA Enabled for GPU 5 / HCA 7 (distance 4 <= 5), read 0 mode Default
furious-puma-1:172838:174066 [2] NCCL INFO GPU Direct RDMA Enabled for GPU 6 / HCA 7 (distance 4 <= 5), read 0 mode Default
furious-puma-1:172838:174066 [2] NCCL INFO GPU Direct RDMA Enabled for GPU 7 / HCA 7 (distance 4 <= 5), read 0 mode Default
furious-puma-1:172838:174066 [2] NCCL INFO === System : maxBw 370.8 totalBw 370.8 ===
furious-puma-1:172838:174066 [2] NCCL INFO CPU/0-0 (1/1/3)
furious-puma-1:172840:174074 [4] NCCL INFO === System : maxBw 370.8 totalBw 370.8 ===
furious-puma-1:172838:174066 [2] NCCL INFO + PCI[48.0] - PCI/0-ffffff010 (0)
furious-puma-1:172838:174066 [2] NCCL INFO               + PCI[48.0] - GPU/0-7f000 (0)
furious-puma-1:172840:174074 [4] NCCL INFO CPU/0-0 (1/1/3)
furious-puma-1:172838:174066 [2] NCCL INFO                             + NVL[370.8] - NVS/0-0
furious-puma-1:172838:174066 [2] NCCL INFO               + PCI[48.0] - NIC/0-80000
furious-puma-1:172840:174074 [4] NCCL INFO + PCI[48.0] - PCI/0-ffffff010 (0)
furious-puma-1:172838:174066 [2] NCCL INFO + PCI[48.0] - PCI/0-ffffff020 (0)
furious-puma-1:172840:174074 [4] NCCL INFO               + PCI[48.0] - GPU/0-7f000 (0)
furious-puma-1:172838:174066 [2] NCCL INFO               + PCI[48.0] - NIC/0-90000
furious-puma-1:172838:174066 [2] NCCL INFO               + PCI[48.0] - GPU/0-8f000 (1)
furious-puma-1:172840:174074 [4] NCCL INFO                             + NVL[370.8] - NVS/0-0
furious-puma-1:172838:174066 [2] NCCL INFO                             + NVL[370.8] - NVS/0-0
furious-puma-1:172840:174074 [4] NCCL INFO               + PCI[48.0] - NIC/0-80000
furious-puma-1:172838:174066 [2] NCCL INFO + PCI[48.0] - PCI/0-ffffff030 (0)
furious-puma-1:172840:174074 [4] NCCL INFO + PCI[48.0] - PCI/0-ffffff020 (0)
furious-puma-1:172838:174066 [2] NCCL INFO               + PCI[48.0] - NIC/0-a0000
furious-puma-1:172840:174074 [4] NCCL INFO               + PCI[48.0] - NIC/0-90000
furious-puma-1:172838:174066 [2] NCCL INFO               + PCI[48.0] - GPU/0-9f000 (2)
furious-puma-1:172840:174074 [4] NCCL INFO               + PCI[48.0] - GPU/0-8f000 (1)
furious-puma-1:172838:174066 [2] NCCL INFO                             + NVL[370.8] - NVS/0-0
furious-puma-1:172840:174074 [4] NCCL INFO                             + NVL[370.8] - NVS/0-0
furious-puma-1:172838:174066 [2] NCCL INFO + PCI[48.0] - PCI/0-ffffff040 (0)
furious-puma-1:172840:174074 [4] NCCL INFO + PCI[48.0] - PCI/0-ffffff030 (0)
furious-puma-1:172838:174066 [2] NCCL INFO               + PCI[48.0] - NIC/0-b0000
furious-puma-1:172840:174074 [4] NCCL INFO               + PCI[48.0] - NIC/0-a0000
furious-puma-1:172838:174066 [2] NCCL INFO               + PCI[48.0] - GPU/0-af000 (3)
furious-puma-1:172840:174074 [4] NCCL INFO               + PCI[48.0] - GPU/0-9f000 (2)
furious-puma-1:172838:174066 [2] NCCL INFO                             + NVL[370.8] - NVS/0-0
furious-puma-1:172840:174074 [4] NCCL INFO                             + NVL[370.8] - NVS/0-0
furious-puma-1:172838:174066 [2] NCCL INFO + SYS[22.0] - CPU/0-1
furious-puma-1:172840:174074 [4] NCCL INFO + PCI[48.0] - PCI/0-ffffff040 (0)
furious-puma-1:172838:174066 [2] NCCL INFO CPU/0-1 (1/1/3)
furious-puma-1:172840:174074 [4] NCCL INFO               + PCI[48.0] - NIC/0-b0000
furious-puma-1:172838:174066 [2] NCCL INFO + PCI[48.0] - PCI/0-ffffff050 (0)
furious-puma-1:172840:174074 [4] NCCL INFO               + PCI[48.0] - GPU/0-af000 (3)
furious-puma-1:172838:174066 [2] NCCL INFO               + PCI[48.0] - NIC/0-c0000
furious-puma-1:172838:174066 [2] NCCL INFO               + PCI[48.0] - GPU/0-bf000 (4)
furious-puma-1:172840:174074 [4] NCCL INFO                             + NVL[370.8] - NVS/0-0
furious-puma-1:172838:174066 [2] NCCL INFO                             + NVL[370.8] - NVS/0-0
furious-puma-1:172838:174066 [2] NCCL INFO + PCI[48.0] - PCI/0-ffffff060 (0)
furious-puma-1:172840:174074 [4] NCCL INFO + SYS[22.0] - CPU/0-1
furious-puma-1:172838:174066 [2] NCCL INFO               + PCI[48.0] - NIC/0-d0000
furious-puma-1:172840:174074 [4] NCCL INFO CPU/0-1 (1/1/3)
furious-puma-1:172838:174066 [2] NCCL INFO               + PCI[48.0] - GPU/0-cf000 (5)
furious-puma-1:172840:174074 [4] NCCL INFO + PCI[48.0] - PCI/0-ffffff050 (0)
furious-puma-1:172838:174066 [2] NCCL INFO                             + NVL[370.8] - NVS/0-0
furious-puma-1:172840:174074 [4] NCCL INFO               + PCI[48.0] - NIC/0-c0000
furious-puma-1:172838:174066 [2] NCCL INFO + PCI[48.0] - PCI/0-ffffff070 (0)
furious-puma-1:172840:174074 [4] NCCL INFO               + PCI[48.0] - GPU/0-bf000 (4)
furious-puma-1:172838:174066 [2] NCCL INFO               + PCI[48.0] - NIC/0-e0000
furious-puma-1:172840:174074 [4] NCCL INFO                             + NVL[370.8] - NVS/0-0
furious-puma-1:172838:174066 [2] NCCL INFO               + PCI[48.0] - GPU/0-df000 (6)
furious-puma-1:172840:174074 [4] NCCL INFO + PCI[48.0] - PCI/0-ffffff060 (0)
furious-puma-1:172838:174066 [2] NCCL INFO                             + NVL[370.8] - NVS/0-0
furious-puma-1:172840:174074 [4] NCCL INFO               + PCI[48.0] - NIC/0-d0000
furious-puma-1:172838:174066 [2] NCCL INFO + PCI[48.0] - PCI/0-ffffff080 (0)
furious-puma-1:172840:174074 [4] NCCL INFO               + PCI[48.0] - GPU/0-cf000 (5)
furious-puma-1:172838:174066 [2] NCCL INFO               + PCI[48.0] - NIC/0-f0000
furious-puma-1:172840:174074 [4] NCCL INFO                             + NVL[370.8] - NVS/0-0
furious-puma-1:172838:174066 [2] NCCL INFO               + PCI[48.0] - GPU/0-ef000 (7)
furious-puma-1:172840:174074 [4] NCCL INFO + PCI[48.0] - PCI/0-ffffff070 (0)
furious-puma-1:172838:174066 [2] NCCL INFO                             + NVL[370.8] - NVS/0-0
furious-puma-1:172840:174074 [4] NCCL INFO               + PCI[48.0] - NIC/0-e0000
furious-puma-1:172838:174066 [2] NCCL INFO + SYS[22.0] - CPU/0-0
furious-puma-1:172840:174074 [4] NCCL INFO               + PCI[48.0] - GPU/0-df000 (6)
furious-puma-1:172838:174066 [2] NCCL INFO ==========================================
furious-puma-1:172840:174074 [4] NCCL INFO                             + NVL[370.8] - NVS/0-0
furious-puma-1:172840:174074 [4] NCCL INFO + PCI[48.0] - PCI/0-ffffff080 (0)
furious-puma-1:172840:174074 [4] NCCL INFO               + PCI[48.0] - NIC/0-f0000
furious-puma-1:172840:174074 [4] NCCL INFO               + PCI[48.0] - GPU/0-ef000 (7)
furious-puma-1:172840:174074 [4] NCCL INFO                             + NVL[370.8] - NVS/0-0
furious-puma-1:172840:174074 [4] NCCL INFO + SYS[22.0] - CPU/0-0
furious-puma-1:172840:174074 [4] NCCL INFO ==========================================
furious-puma-1:172838:174066 [2] NCCL INFO GPU/0-7f000 :GPU/0-7f000 (0/5000.0/LOC) GPU/0-8f000 (2/370.8/NVL) GPU/0-9f000 (2/370.8/NVL) GPU/0-af000 (2/370.8/NVL) GPU/0-bf000 (2/370.8/NVL) GPU/0-cf000 (2/370.8/NVL) GPU/0-df000 (2/370.8/NVL) GPU/0-ef000 (2/370.8/NVL) NVS/0-0 (1/370.8/NVL) CPU/0-0 (2/48.0/PHB) CPU/0-1 (3/22.0/SYS) 
furious-puma-1:172840:174074 [4] NCCL INFO GPU/0-7f000 :GPU/0-7f000 (0/5000.0/LOC) GPU/0-8f000 (2/370.8/NVL) GPU/0-9f000 (2/370.8/NVL) GPU/0-af000 (2/370.8/NVL) GPU/0-bf000 (2/370.8/NVL) GPU/0-cf000 (2/370.8/NVL) GPU/0-df000 (2/370.8/NVL) GPU/0-ef000 (2/370.8/NVL) NVS/0-0 (1/370.8/NVL) CPU/0-0 (2/48.0/PHB) CPU/0-1 (3/22.0/SYS) 
furious-puma-1:172838:174066 [2] NCCL INFO GPU/0-8f000 :GPU/0-7f000 (2/370.8/NVL) GPU/0-8f000 (0/5000.0/LOC) GPU/0-9f000 (2/370.8/NVL) GPU/0-af000 (2/370.8/NVL) GPU/0-bf000 (2/370.8/NVL) GPU/0-cf000 (2/370.8/NVL) GPU/0-df000 (2/370.8/NVL) GPU/0-ef000 (2/370.8/NVL) NVS/0-0 (1/370.8/NVL) CPU/0-0 (2/48.0/PHB) CPU/0-1 (3/22.0/SYS) 
furious-puma-1:172838:174066 [2] NCCL INFO GPU/0-9f000 :GPU/0-7f000 (2/370.8/NVL) GPU/0-8f000 (2/370.8/NVL) GPU/0-9f000 (0/5000.0/LOC) GPU/0-af000 (2/370.8/NVL) GPU/0-bf000 (2/370.8/NVL) GPU/0-cf000 (2/370.8/NVL) GPU/0-df000 (2/370.8/NVL) GPU/0-ef000 (2/370.8/NVL) NVS/0-0 (1/370.8/NVL) CPU/0-0 (2/48.0/PHB) CPU/0-1 (3/22.0/SYS) 
furious-puma-1:172840:174074 [4] NCCL INFO GPU/0-8f000 :GPU/0-7f000 (2/370.8/NVL) GPU/0-8f000 (0/5000.0/LOC) GPU/0-9f000 (2/370.8/NVL) GPU/0-af000 (2/370.8/NVL) GPU/0-bf000 (2/370.8/NVL) GPU/0-cf000 (2/370.8/NVL) GPU/0-df000 (2/370.8/NVL) GPU/0-ef000 (2/370.8/NVL) NVS/0-0 (1/370.8/NVL) CPU/0-0 (2/48.0/PHB) CPU/0-1 (3/22.0/SYS) 
furious-puma-1:172838:174066 [2] NCCL INFO GPU/0-af000 :GPU/0-7f000 (2/370.8/NVL) GPU/0-8f000 (2/370.8/NVL) GPU/0-9f000 (2/370.8/NVL) GPU/0-af000 (0/5000.0/LOC) GPU/0-bf000 (2/370.8/NVL) GPU/0-cf000 (2/370.8/NVL) GPU/0-df000 (2/370.8/NVL) GPU/0-ef000 (2/370.8/NVL) NVS/0-0 (1/370.8/NVL) CPU/0-0 (2/48.0/PHB) CPU/0-1 (3/22.0/SYS) 
furious-puma-1:172840:174074 [4] NCCL INFO GPU/0-9f000 :GPU/0-7f000 (2/370.8/NVL) GPU/0-8f000 (2/370.8/NVL) GPU/0-9f000 (0/5000.0/LOC) GPU/0-af000 (2/370.8/NVL) GPU/0-bf000 (2/370.8/NVL) GPU/0-cf000 (2/370.8/NVL) GPU/0-df000 (2/370.8/NVL) GPU/0-ef000 (2/370.8/NVL) NVS/0-0 (1/370.8/NVL) CPU/0-0 (2/48.0/PHB) CPU/0-1 (3/22.0/SYS) 
furious-puma-1:172838:174066 [2] NCCL INFO GPU/0-bf000 :GPU/0-7f000 (2/370.8/NVL) GPU/0-8f000 (2/370.8/NVL) GPU/0-9f000 (2/370.8/NVL) GPU/0-af000 (2/370.8/NVL) GPU/0-bf000 (0/5000.0/LOC) GPU/0-cf000 (2/370.8/NVL) GPU/0-df000 (2/370.8/NVL) GPU/0-ef000 (2/370.8/NVL) NVS/0-0 (1/370.8/NVL) CPU/0-0 (3/22.0/SYS) CPU/0-1 (2/48.0/PHB) 
furious-puma-1:172840:174074 [4] NCCL INFO GPU/0-af000 :GPU/0-7f000 (2/370.8/NVL) GPU/0-8f000 (2/370.8/NVL) GPU/0-9f000 (2/370.8/NVL) GPU/0-af000 (0/5000.0/LOC) GPU/0-bf000 (2/370.8/NVL) GPU/0-cf000 (2/370.8/NVL) GPU/0-df000 (2/370.8/NVL) GPU/0-ef000 (2/370.8/NVL) NVS/0-0 (1/370.8/NVL) CPU/0-0 (2/48.0/PHB) CPU/0-1 (3/22.0/SYS) 
furious-puma-1:172838:174066 [2] NCCL INFO GPU/0-cf000 :GPU/0-7f000 (2/370.8/NVL) GPU/0-8f000 (2/370.8/NVL) GPU/0-9f000 (2/370.8/NVL) GPU/0-af000 (2/370.8/NVL) GPU/0-bf000 (2/370.8/NVL) GPU/0-cf000 (0/5000.0/LOC) GPU/0-df000 (2/370.8/NVL) GPU/0-ef000 (2/370.8/NVL) NVS/0-0 (1/370.8/NVL) CPU/0-0 (3/22.0/SYS) CPU/0-1 (2/48.0/PHB) 
furious-puma-1:172840:174074 [4] NCCL INFO GPU/0-bf000 :GPU/0-7f000 (2/370.8/NVL) GPU/0-8f000 (2/370.8/NVL) GPU/0-9f000 (2/370.8/NVL) GPU/0-af000 (2/370.8/NVL) GPU/0-bf000 (0/5000.0/LOC) GPU/0-cf000 (2/370.8/NVL) GPU/0-df000 (2/370.8/NVL) GPU/0-ef000 (2/370.8/NVL) NVS/0-0 (1/370.8/NVL) CPU/0-0 (3/22.0/SYS) CPU/0-1 (2/48.0/PHB) 
furious-puma-1:172838:174066 [2] NCCL INFO GPU/0-df000 :GPU/0-7f000 (2/370.8/NVL) GPU/0-8f000 (2/370.8/NVL) GPU/0-9f000 (2/370.8/NVL) GPU/0-af000 (2/370.8/NVL) GPU/0-bf000 (2/370.8/NVL) GPU/0-cf000 (2/370.8/NVL) GPU/0-df000 (0/5000.0/LOC) GPU/0-ef000 (2/370.8/NVL) NVS/0-0 (1/370.8/NVL) CPU/0-0 (3/22.0/SYS) CPU/0-1 (2/48.0/PHB) 
furious-puma-1:172840:174074 [4] NCCL INFO GPU/0-cf000 :GPU/0-7f000 (2/370.8/NVL) GPU/0-8f000 (2/370.8/NVL) GPU/0-9f000 (2/370.8/NVL) GPU/0-af000 (2/370.8/NVL) GPU/0-bf000 (2/370.8/NVL) GPU/0-cf000 (0/5000.0/LOC) GPU/0-df000 (2/370.8/NVL) GPU/0-ef000 (2/370.8/NVL) NVS/0-0 (1/370.8/NVL) CPU/0-0 (3/22.0/SYS) CPU/0-1 (2/48.0/PHB) 
furious-puma-1:172838:174066 [2] NCCL INFO GPU/0-ef000 :GPU/0-7f000 (2/370.8/NVL) GPU/0-8f000 (2/370.8/NVL) GPU/0-9f000 (2/370.8/NVL) GPU/0-af000 (2/370.8/NVL) GPU/0-bf000 (2/370.8/NVL) GPU/0-cf000 (2/370.8/NVL) GPU/0-df000 (2/370.8/NVL) GPU/0-ef000 (0/5000.0/LOC) NVS/0-0 (1/370.8/NVL) CPU/0-0 (3/22.0/SYS) CPU/0-1 (2/48.0/PHB) 
furious-puma-1:172840:174074 [4] NCCL INFO GPU/0-df000 :GPU/0-7f000 (2/370.8/NVL) GPU/0-8f000 (2/370.8/NVL) GPU/0-9f000 (2/370.8/NVL) GPU/0-af000 (2/370.8/NVL) GPU/0-bf000 (2/370.8/NVL) GPU/0-cf000 (2/370.8/NVL) GPU/0-df000 (0/5000.0/LOC) GPU/0-ef000 (2/370.8/NVL) NVS/0-0 (1/370.8/NVL) CPU/0-0 (3/22.0/SYS) CPU/0-1 (2/48.0/PHB) 
furious-puma-1:172838:174066 [2] NCCL INFO Setting affinity for GPU 2 to 0-79
furious-puma-1:172840:174074 [4] NCCL INFO GPU/0-ef000 :GPU/0-7f000 (2/370.8/NVL) GPU/0-8f000 (2/370.8/NVL) GPU/0-9f000 (2/370.8/NVL) GPU/0-af000 (2/370.8/NVL) GPU/0-bf000 (2/370.8/NVL) GPU/0-cf000 (2/370.8/NVL) GPU/0-df000 (2/370.8/NVL) GPU/0-ef000 (0/5000.0/LOC) NVS/0-0 (1/370.8/NVL) CPU/0-0 (3/22.0/SYS) CPU/0-1 (2/48.0/PHB) 
furious-puma-1:172840:174074 [4] NCCL INFO Setting affinity for GPU 4 to 80-159
furious-puma-1:172838:174066 [2] NCCL INFO NVLS multicast support is available on dev 2 (NVLS_NCHANNELS 16)
furious-puma-1:172840:174074 [4] NCCL INFO NVLS multicast support is available on dev 4 (NVLS_NCHANNELS 16)
furious-puma-1:172836:174158 [0] NCCL INFO GPU Direct RDMA Enabled for GPU 0 / HCA 0 (distance 4 <= 5), read 0 mode Default
furious-puma-1:172836:174158 [0] NCCL INFO GPU Direct RDMA Enabled for GPU 1 / HCA 0 (distance 4 <= 5), read 0 mode Default
furious-puma-1:172836:174158 [0] NCCL INFO GPU Direct RDMA Enabled for GPU 2 / HCA 0 (distance 4 <= 5), read 0 mode Default
furious-puma-1:172836:174158 [0] NCCL INFO GPU Direct RDMA Enabled for GPU 3 / HCA 0 (distance 4 <= 5), read 0 mode Default
furious-puma-1:172836:174158 [0] NCCL INFO GPU Direct RDMA Enabled for GPU 4 / HCA 0 (distance 4 <= 5), read 0 mode Default
furious-puma-1:172836:174158 [0] NCCL INFO GPU Direct RDMA Enabled for GPU 5 / HCA 0 (distance 4 <= 5), read 0 mode Default
furious-puma-1:172836:174158 [0] NCCL INFO GPU Direct RDMA Enabled for GPU 6 / HCA 0 (distance 4 <= 5), read 0 mode Default
furious-puma-1:172836:174158 [0] NCCL INFO GPU Direct RDMA Enabled for GPU 7 / HCA 0 (distance 4 <= 5), read 0 mode Default
furious-puma-1:172836:174158 [0] NCCL INFO GPU Direct RDMA Enabled for GPU 0 / HCA 1 (distance 4 <= 5), read 0 mode Default
furious-puma-1:172836:174158 [0] NCCL INFO GPU Direct RDMA Enabled for GPU 1 / HCA 1 (distance 4 <= 5), read 0 mode Default
furious-puma-1:172836:174158 [0] NCCL INFO GPU Direct RDMA Enabled for GPU 2 / HCA 1 (distance 4 <= 5), read 0 mode Default
furious-puma-1:172836:174158 [0] NCCL INFO GPU Direct RDMA Enabled for GPU 3 / HCA 1 (distance 4 <= 5), read 0 mode Default
furious-puma-1:172836:174158 [0] NCCL INFO GPU Direct RDMA Enabled for GPU 4 / HCA 1 (distance 4 <= 5), read 0 mode Default
furious-puma-1:172836:174158 [0] NCCL INFO GPU Direct RDMA Enabled for GPU 5 / HCA 1 (distance 4 <= 5), read 0 mode Default
furious-puma-1:172836:174158 [0] NCCL INFO GPU Direct RDMA Enabled for GPU 6 / HCA 1 (distance 4 <= 5), read 0 mode Default
furious-puma-1:172836:174158 [0] NCCL INFO GPU Direct RDMA Enabled for GPU 7 / HCA 1 (distance 4 <= 5), read 0 mode Default
furious-puma-1:172836:174158 [0] NCCL INFO GPU Direct RDMA Enabled for GPU 0 / HCA 2 (distance 4 <= 5), read 0 mode Default
furious-puma-1:172836:174158 [0] NCCL INFO GPU Direct RDMA Enabled for GPU 1 / HCA 2 (distance 4 <= 5), read 0 mode Default
furious-puma-1:172836:174158 [0] NCCL INFO GPU Direct RDMA Enabled for GPU 2 / HCA 2 (distance 4 <= 5), read 0 mode Default
furious-puma-1:172836:174158 [0] NCCL INFO GPU Direct RDMA Enabled for GPU 3 / HCA 2 (distance 4 <= 5), read 0 mode Default
furious-puma-1:172836:174158 [0] NCCL INFO GPU Direct RDMA Enabled for GPU 4 / HCA 2 (distance 4 <= 5), read 0 mode Default
furious-puma-1:172836:174158 [0] NCCL INFO GPU Direct RDMA Enabled for GPU 5 / HCA 2 (distance 4 <= 5), read 0 mode Default
furious-puma-1:172836:174158 [0] NCCL INFO GPU Direct RDMA Enabled for GPU 6 / HCA 2 (distance 4 <= 5), read 0 mode Default
furious-puma-1:172836:174158 [0] NCCL INFO GPU Direct RDMA Enabled for GPU 7 / HCA 2 (distance 4 <= 5), read 0 mode Default
furious-puma-1:172836:174158 [0] NCCL INFO GPU Direct RDMA Enabled for GPU 0 / HCA 3 (distance 4 <= 5), read 0 mode Default
furious-puma-1:172842:174072 [6] NCCL INFO GPU Direct RDMA Enabled for GPU 0 / HCA 0 (distance 4 <= 5), read 0 mode Default
furious-puma-1:172836:174158 [0] NCCL INFO GPU Direct RDMA Enabled for GPU 1 / HCA 3 (distance 4 <= 5), read 0 mode Default
furious-puma-1:172836:174158 [0] NCCL INFO GPU Direct RDMA Enabled for GPU 2 / HCA 3 (distance 4 <= 5), read 0 mode Default
furious-puma-1:172842:174072 [6] NCCL INFO GPU Direct RDMA Enabled for GPU 1 / HCA 0 (distance 4 <= 5), read 0 mode Default
furious-puma-1:172836:174158 [0] NCCL INFO GPU Direct RDMA Enabled for GPU 3 / HCA 3 (distance 4 <= 5), read 0 mode Default
furious-puma-1:172842:174072 [6] NCCL INFO GPU Direct RDMA Enabled for GPU 2 / HCA 0 (distance 4 <= 5), read 0 mode Default
furious-puma-1:172836:174158 [0] NCCL INFO GPU Direct RDMA Enabled for GPU 4 / HCA 3 (distance 4 <= 5), read 0 mode Default
furious-puma-1:172836:174158 [0] NCCL INFO GPU Direct RDMA Enabled for GPU 5 / HCA 3 (distance 4 <= 5), read 0 mode Default
furious-puma-1:172842:174072 [6] NCCL INFO GPU Direct RDMA Enabled for GPU 3 / HCA 0 (distance 4 <= 5), read 0 mode Default
furious-puma-1:172836:174158 [0] NCCL INFO GPU Direct RDMA Enabled for GPU 6 / HCA 3 (distance 4 <= 5), read 0 mode Default
furious-puma-1:172842:174072 [6] NCCL INFO GPU Direct RDMA Enabled for GPU 4 / HCA 0 (distance 4 <= 5), read 0 mode Default
furious-puma-1:172836:174158 [0] NCCL INFO GPU Direct RDMA Enabled for GPU 7 / HCA 3 (distance 4 <= 5), read 0 mode Default
furious-puma-1:172842:174072 [6] NCCL INFO GPU Direct RDMA Enabled for GPU 5 / HCA 0 (distance 4 <= 5), read 0 mode Default
furious-puma-1:172842:174072 [6] NCCL INFO GPU Direct RDMA Enabled for GPU 6 / HCA 0 (distance 4 <= 5), read 0 mode Default
furious-puma-1:172836:174158 [0] NCCL INFO GPU Direct RDMA Enabled for GPU 0 / HCA 4 (distance 4 <= 5), read 0 mode Default
furious-puma-1:172842:174072 [6] NCCL INFO GPU Direct RDMA Enabled for GPU 7 / HCA 0 (distance 4 <= 5), read 0 mode Default
furious-puma-1:172836:174158 [0] NCCL INFO GPU Direct RDMA Enabled for GPU 1 / HCA 4 (distance 4 <= 5), read 0 mode Default
furious-puma-1:172842:174072 [6] NCCL INFO GPU Direct RDMA Enabled for GPU 0 / HCA 1 (distance 4 <= 5), read 0 mode Default
furious-puma-1:172836:174158 [0] NCCL INFO GPU Direct RDMA Enabled for GPU 2 / HCA 4 (distance 4 <= 5), read 0 mode Default
furious-puma-1:172842:174072 [6] NCCL INFO GPU Direct RDMA Enabled for GPU 1 / HCA 1 (distance 4 <= 5), read 0 mode Default
furious-puma-1:172836:174158 [0] NCCL INFO GPU Direct RDMA Enabled for GPU 3 / HCA 4 (distance 4 <= 5), read 0 mode Default
furious-puma-1:172842:174072 [6] NCCL INFO GPU Direct RDMA Enabled for GPU 2 / HCA 1 (distance 4 <= 5), read 0 mode Default
furious-puma-1:172836:174158 [0] NCCL INFO GPU Direct RDMA Enabled for GPU 4 / HCA 4 (distance 4 <= 5), read 0 mode Default
furious-puma-1:172842:174072 [6] NCCL INFO GPU Direct RDMA Enabled for GPU 3 / HCA 1 (distance 4 <= 5), read 0 mode Default
furious-puma-1:172836:174158 [0] NCCL INFO GPU Direct RDMA Enabled for GPU 5 / HCA 4 (distance 4 <= 5), read 0 mode Default
furious-puma-1:172842:174072 [6] NCCL INFO GPU Direct RDMA Enabled for GPU 4 / HCA 1 (distance 4 <= 5), read 0 mode Default
furious-puma-1:172836:174158 [0] NCCL INFO GPU Direct RDMA Enabled for GPU 6 / HCA 4 (distance 4 <= 5), read 0 mode Default
furious-puma-1:172842:174072 [6] NCCL INFO GPU Direct RDMA Enabled for GPU 5 / HCA 1 (distance 4 <= 5), read 0 mode Default
furious-puma-1:172836:174158 [0] NCCL INFO GPU Direct RDMA Enabled for GPU 7 / HCA 4 (distance 4 <= 5), read 0 mode Default
furious-puma-1:172842:174072 [6] NCCL INFO GPU Direct RDMA Enabled for GPU 6 / HCA 1 (distance 4 <= 5), read 0 mode Default
furious-puma-1:172836:174158 [0] NCCL INFO GPU Direct RDMA Enabled for GPU 0 / HCA 5 (distance 4 <= 5), read 0 mode Default
furious-puma-1:172842:174072 [6] NCCL INFO GPU Direct RDMA Enabled for GPU 7 / HCA 1 (distance 4 <= 5), read 0 mode Default
furious-puma-1:172836:174158 [0] NCCL INFO GPU Direct RDMA Enabled for GPU 1 / HCA 5 (distance 4 <= 5), read 0 mode Default
furious-puma-1:172842:174072 [6] NCCL INFO GPU Direct RDMA Enabled for GPU 0 / HCA 2 (distance 4 <= 5), read 0 mode Default
furious-puma-1:172836:174158 [0] NCCL INFO GPU Direct RDMA Enabled for GPU 2 / HCA 5 (distance 4 <= 5), read 0 mode Default
furious-puma-1:172842:174072 [6] NCCL INFO GPU Direct RDMA Enabled for GPU 1 / HCA 2 (distance 4 <= 5), read 0 mode Default
furious-puma-1:172836:174158 [0] NCCL INFO GPU Direct RDMA Enabled for GPU 3 / HCA 5 (distance 4 <= 5), read 0 mode Default
furious-puma-1:172842:174072 [6] NCCL INFO GPU Direct RDMA Enabled for GPU 2 / HCA 2 (distance 4 <= 5), read 0 mode Default
furious-puma-1:172836:174158 [0] NCCL INFO GPU Direct RDMA Enabled for GPU 4 / HCA 5 (distance 4 <= 5), read 0 mode Default
furious-puma-1:172842:174072 [6] NCCL INFO GPU Direct RDMA Enabled for GPU 3 / HCA 2 (distance 4 <= 5), read 0 mode Default
furious-puma-1:172836:174158 [0] NCCL INFO GPU Direct RDMA Enabled for GPU 5 / HCA 5 (distance 4 <= 5), read 0 mode Default
furious-puma-1:172842:174072 [6] NCCL INFO GPU Direct RDMA Enabled for GPU 4 / HCA 2 (distance 4 <= 5), read 0 mode Default
furious-puma-1:172836:174158 [0] NCCL INFO GPU Direct RDMA Enabled for GPU 6 / HCA 5 (distance 4 <= 5), read 0 mode Default
furious-puma-1:172842:174072 [6] NCCL INFO GPU Direct RDMA Enabled for GPU 5 / HCA 2 (distance 4 <= 5), read 0 mode Default
furious-puma-1:172836:174158 [0] NCCL INFO GPU Direct RDMA Enabled for GPU 7 / HCA 5 (distance 4 <= 5), read 0 mode Default
furious-puma-1:172842:174072 [6] NCCL INFO GPU Direct RDMA Enabled for GPU 6 / HCA 2 (distance 4 <= 5), read 0 mode Default
furious-puma-1:172836:174158 [0] NCCL INFO GPU Direct RDMA Enabled for GPU 0 / HCA 6 (distance 4 <= 5), read 0 mode Default
furious-puma-1:172842:174072 [6] NCCL INFO GPU Direct RDMA Enabled for GPU 7 / HCA 2 (distance 4 <= 5), read 0 mode Default
furious-puma-1:172836:174158 [0] NCCL INFO GPU Direct RDMA Enabled for GPU 1 / HCA 6 (distance 4 <= 5), read 0 mode Default
furious-puma-1:172842:174072 [6] NCCL INFO GPU Direct RDMA Enabled for GPU 0 / HCA 3 (distance 4 <= 5), read 0 mode Default
furious-puma-1:172836:174158 [0] NCCL INFO GPU Direct RDMA Enabled for GPU 2 / HCA 6 (distance 4 <= 5), read 0 mode Default
furious-puma-1:172842:174072 [6] NCCL INFO GPU Direct RDMA Enabled for GPU 1 / HCA 3 (distance 4 <= 5), read 0 mode Default
furious-puma-1:172836:174158 [0] NCCL INFO GPU Direct RDMA Enabled for GPU 3 / HCA 6 (distance 4 <= 5), read 0 mode Default
furious-puma-1:172842:174072 [6] NCCL INFO GPU Direct RDMA Enabled for GPU 2 / HCA 3 (distance 4 <= 5), read 0 mode Default
furious-puma-1:172836:174158 [0] NCCL INFO GPU Direct RDMA Enabled for GPU 4 / HCA 6 (distance 4 <= 5), read 0 mode Default
furious-puma-1:172842:174072 [6] NCCL INFO GPU Direct RDMA Enabled for GPU 3 / HCA 3 (distance 4 <= 5), read 0 mode Default
furious-puma-1:172836:174158 [0] NCCL INFO GPU Direct RDMA Enabled for GPU 5 / HCA 6 (distance 4 <= 5), read 0 mode Default
furious-puma-1:172842:174072 [6] NCCL INFO GPU Direct RDMA Enabled for GPU 4 / HCA 3 (distance 4 <= 5), read 0 mode Default
furious-puma-1:172836:174158 [0] NCCL INFO GPU Direct RDMA Enabled for GPU 6 / HCA 6 (distance 4 <= 5), read 0 mode Default
furious-puma-1:172842:174072 [6] NCCL INFO GPU Direct RDMA Enabled for GPU 5 / HCA 3 (distance 4 <= 5), read 0 mode Default
furious-puma-1:172836:174158 [0] NCCL INFO GPU Direct RDMA Enabled for GPU 7 / HCA 6 (distance 4 <= 5), read 0 mode Default
furious-puma-1:172836:174158 [0] NCCL INFO GPU Direct RDMA Enabled for GPU 0 / HCA 7 (distance 4 <= 5), read 0 mode Default
furious-puma-1:172836:174158 [0] NCCL INFO GPU Direct RDMA Enabled for GPU 1 / HCA 7 (distance 4 <= 5), read 0 mode Default
furious-puma-1:172836:174158 [0] NCCL INFO GPU Direct RDMA Enabled for GPU 2 / HCA 7 (distance 4 <= 5), read 0 mode Default
furious-puma-1:172836:174158 [0] NCCL INFO GPU Direct RDMA Enabled for GPU 3 / HCA 7 (distance 4 <= 5), read 0 mode Default
furious-puma-1:172836:174158 [0] NCCL INFO GPU Direct RDMA Enabled for GPU 4 / HCA 7 (distance 4 <= 5), read 0 mode Default
furious-puma-1:172836:174158 [0] NCCL INFO GPU Direct RDMA Enabled for GPU 5 / HCA 7 (distance 4 <= 5), read 0 mode Default
furious-puma-1:172836:174158 [0] NCCL INFO GPU Direct RDMA Enabled for GPU 6 / HCA 7 (distance 4 <= 5), read 0 mode Default
furious-puma-1:172836:174158 [0] NCCL INFO GPU Direct RDMA Enabled for GPU 7 / HCA 7 (distance 4 <= 5), read 0 mode Default
furious-puma-1:172842:174072 [6] NCCL INFO GPU Direct RDMA Enabled for GPU 6 / HCA 3 (distance 4 <= 5), read 0 mode Default
furious-puma-1:172842:174072 [6] NCCL INFO GPU Direct RDMA Enabled for GPU 7 / HCA 3 (distance 4 <= 5), read 0 mode Default
furious-puma-1:172842:174072 [6] NCCL INFO GPU Direct RDMA Enabled for GPU 0 / HCA 4 (distance 4 <= 5), read 0 mode Default
furious-puma-1:172842:174072 [6] NCCL INFO GPU Direct RDMA Enabled for GPU 1 / HCA 4 (distance 4 <= 5), read 0 mode Default
furious-puma-1:172842:174072 [6] NCCL INFO GPU Direct RDMA Enabled for GPU 2 / HCA 4 (distance 4 <= 5), read 0 mode Default
furious-puma-1:172842:174072 [6] NCCL INFO GPU Direct RDMA Enabled for GPU 3 / HCA 4 (distance 4 <= 5), read 0 mode Default
furious-puma-1:172842:174072 [6] NCCL INFO GPU Direct RDMA Enabled for GPU 4 / HCA 4 (distance 4 <= 5), read 0 mode Default
furious-puma-1:172842:174072 [6] NCCL INFO GPU Direct RDMA Enabled for GPU 5 / HCA 4 (distance 4 <= 5), read 0 mode Default
furious-puma-1:172842:174072 [6] NCCL INFO GPU Direct RDMA Enabled for GPU 6 / HCA 4 (distance 4 <= 5), read 0 mode Default
furious-puma-1:172842:174072 [6] NCCL INFO GPU Direct RDMA Enabled for GPU 7 / HCA 4 (distance 4 <= 5), read 0 mode Default
furious-puma-1:172842:174072 [6] NCCL INFO GPU Direct RDMA Enabled for GPU 0 / HCA 5 (distance 4 <= 5), read 0 mode Default
furious-puma-1:172842:174072 [6] NCCL INFO GPU Direct RDMA Enabled for GPU 1 / HCA 5 (distance 4 <= 5), read 0 mode Default
furious-puma-1:172842:174072 [6] NCCL INFO GPU Direct RDMA Enabled for GPU 2 / HCA 5 (distance 4 <= 5), read 0 mode Default
furious-puma-1:172842:174072 [6] NCCL INFO GPU Direct RDMA Enabled for GPU 3 / HCA 5 (distance 4 <= 5), read 0 mode Default
furious-puma-1:172842:174072 [6] NCCL INFO GPU Direct RDMA Enabled for GPU 4 / HCA 5 (distance 4 <= 5), read 0 mode Default
furious-puma-1:172842:174072 [6] NCCL INFO GPU Direct RDMA Enabled for GPU 5 / HCA 5 (distance 4 <= 5), read 0 mode Default
furious-puma-1:172842:174072 [6] NCCL INFO GPU Direct RDMA Enabled for GPU 6 / HCA 5 (distance 4 <= 5), read 0 mode Default
furious-puma-1:172842:174072 [6] NCCL INFO GPU Direct RDMA Enabled for GPU 7 / HCA 5 (distance 4 <= 5), read 0 mode Default
furious-puma-1:172842:174072 [6] NCCL INFO GPU Direct RDMA Enabled for GPU 0 / HCA 6 (distance 4 <= 5), read 0 mode Default
furious-puma-1:172842:174072 [6] NCCL INFO GPU Direct RDMA Enabled for GPU 1 / HCA 6 (distance 4 <= 5), read 0 mode Default
furious-puma-1:172842:174072 [6] NCCL INFO GPU Direct RDMA Enabled for GPU 2 / HCA 6 (distance 4 <= 5), read 0 mode Default
furious-puma-1:172842:174072 [6] NCCL INFO GPU Direct RDMA Enabled for GPU 3 / HCA 6 (distance 4 <= 5), read 0 mode Default
furious-puma-1:172842:174072 [6] NCCL INFO GPU Direct RDMA Enabled for GPU 4 / HCA 6 (distance 4 <= 5), read 0 mode Default
furious-puma-1:172842:174072 [6] NCCL INFO GPU Direct RDMA Enabled for GPU 5 / HCA 6 (distance 4 <= 5), read 0 mode Default
furious-puma-1:172842:174072 [6] NCCL INFO GPU Direct RDMA Enabled for GPU 6 / HCA 6 (distance 4 <= 5), read 0 mode Default
furious-puma-1:172842:174072 [6] NCCL INFO GPU Direct RDMA Enabled for GPU 7 / HCA 6 (distance 4 <= 5), read 0 mode Default
furious-puma-1:172842:174072 [6] NCCL INFO GPU Direct RDMA Enabled for GPU 0 / HCA 7 (distance 4 <= 5), read 0 mode Default
furious-puma-1:172842:174072 [6] NCCL INFO GPU Direct RDMA Enabled for GPU 1 / HCA 7 (distance 4 <= 5), read 0 mode Default
furious-puma-1:172842:174072 [6] NCCL INFO GPU Direct RDMA Enabled for GPU 2 / HCA 7 (distance 4 <= 5), read 0 mode Default
furious-puma-1:172842:174072 [6] NCCL INFO GPU Direct RDMA Enabled for GPU 3 / HCA 7 (distance 4 <= 5), read 0 mode Default
furious-puma-1:172842:174072 [6] NCCL INFO GPU Direct RDMA Enabled for GPU 4 / HCA 7 (distance 4 <= 5), read 0 mode Default
furious-puma-1:172842:174072 [6] NCCL INFO GPU Direct RDMA Enabled for GPU 5 / HCA 7 (distance 4 <= 5), read 0 mode Default
furious-puma-1:172842:174072 [6] NCCL INFO GPU Direct RDMA Enabled for GPU 6 / HCA 7 (distance 4 <= 5), read 0 mode Default
furious-puma-1:172839:174069 [3] NCCL INFO GPU Direct RDMA Enabled for GPU 0 / HCA 0 (distance 4 <= 5), read 0 mode Default
furious-puma-1:172839:174069 [3] NCCL INFO GPU Direct RDMA Enabled for GPU 1 / HCA 0 (distance 4 <= 5), read 0 mode Default
furious-puma-1:172839:174069 [3] NCCL INFO GPU Direct RDMA Enabled for GPU 2 / HCA 0 (distance 4 <= 5), read 0 mode Default
furious-puma-1:172839:174069 [3] NCCL INFO GPU Direct RDMA Enabled for GPU 3 / HCA 0 (distance 4 <= 5), read 0 mode Default
furious-puma-1:172837:174086 [1] NCCL INFO GPU Direct RDMA Enabled for GPU 0 / HCA 0 (distance 4 <= 5), read 0 mode Default
furious-puma-1:172839:174069 [3] NCCL INFO GPU Direct RDMA Enabled for GPU 4 / HCA 0 (distance 4 <= 5), read 0 mode Default
furious-puma-1:172839:174069 [3] NCCL INFO GPU Direct RDMA Enabled for GPU 5 / HCA 0 (distance 4 <= 5), read 0 mode Default
furious-puma-1:172839:174069 [3] NCCL INFO GPU Direct RDMA Enabled for GPU 6 / HCA 0 (distance 4 <= 5), read 0 mode Default
furious-puma-1:172839:174069 [3] NCCL INFO GPU Direct RDMA Enabled for GPU 7 / HCA 0 (distance 4 <= 5), read 0 mode Default
furious-puma-1:172839:174069 [3] NCCL INFO GPU Direct RDMA Enabled for GPU 0 / HCA 1 (distance 4 <= 5), read 0 mode Default
furious-puma-1:172837:174086 [1] NCCL INFO GPU Direct RDMA Enabled for GPU 1 / HCA 0 (distance 4 <= 5), read 0 mode Default
furious-puma-1:172839:174069 [3] NCCL INFO GPU Direct RDMA Enabled for GPU 1 / HCA 1 (distance 4 <= 5), read 0 mode Default
furious-puma-1:172837:174086 [1] NCCL INFO GPU Direct RDMA Enabled for GPU 2 / HCA 0 (distance 4 <= 5), read 0 mode Default
furious-puma-1:172839:174069 [3] NCCL INFO GPU Direct RDMA Enabled for GPU 2 / HCA 1 (distance 4 <= 5), read 0 mode Default
furious-puma-1:172839:174069 [3] NCCL INFO GPU Direct RDMA Enabled for GPU 3 / HCA 1 (distance 4 <= 5), read 0 mode Default
furious-puma-1:172837:174086 [1] NCCL INFO GPU Direct RDMA Enabled for GPU 3 / HCA 0 (distance 4 <= 5), read 0 mode Default
furious-puma-1:172839:174069 [3] NCCL INFO GPU Direct RDMA Enabled for GPU 4 / HCA 1 (distance 4 <= 5), read 0 mode Default
furious-puma-1:172837:174086 [1] NCCL INFO GPU Direct RDMA Enabled for GPU 4 / HCA 0 (distance 4 <= 5), read 0 mode Default
furious-puma-1:172839:174069 [3] NCCL INFO GPU Direct RDMA Enabled for GPU 5 / HCA 1 (distance 4 <= 5), read 0 mode Default
furious-puma-1:172837:174086 [1] NCCL INFO GPU Direct RDMA Enabled for GPU 5 / HCA 0 (distance 4 <= 5), read 0 mode Default
furious-puma-1:172839:174069 [3] NCCL INFO GPU Direct RDMA Enabled for GPU 6 / HCA 1 (distance 4 <= 5), read 0 mode Default
furious-puma-1:172837:174086 [1] NCCL INFO GPU Direct RDMA Enabled for GPU 6 / HCA 0 (distance 4 <= 5), read 0 mode Default
furious-puma-1:172839:174069 [3] NCCL INFO GPU Direct RDMA Enabled for GPU 7 / HCA 1 (distance 4 <= 5), read 0 mode Default
furious-puma-1:172837:174086 [1] NCCL INFO GPU Direct RDMA Enabled for GPU 7 / HCA 0 (distance 4 <= 5), read 0 mode Default
furious-puma-1:172839:174069 [3] NCCL INFO GPU Direct RDMA Enabled for GPU 0 / HCA 2 (distance 4 <= 5), read 0 mode Default
furious-puma-1:172837:174086 [1] NCCL INFO GPU Direct RDMA Enabled for GPU 0 / HCA 1 (distance 4 <= 5), read 0 mode Default
furious-puma-1:172839:174069 [3] NCCL INFO GPU Direct RDMA Enabled for GPU 1 / HCA 2 (distance 4 <= 5), read 0 mode Default
furious-puma-1:172837:174086 [1] NCCL INFO GPU Direct RDMA Enabled for GPU 1 / HCA 1 (distance 4 <= 5), read 0 mode Default
furious-puma-1:172839:174069 [3] NCCL INFO GPU Direct RDMA Enabled for GPU 2 / HCA 2 (distance 4 <= 5), read 0 mode Default
furious-puma-1:172837:174086 [1] NCCL INFO GPU Direct RDMA Enabled for GPU 2 / HCA 1 (distance 4 <= 5), read 0 mode Default
furious-puma-1:172839:174069 [3] NCCL INFO GPU Direct RDMA Enabled for GPU 3 / HCA 2 (distance 4 <= 5), read 0 mode Default
furious-puma-1:172837:174086 [1] NCCL INFO GPU Direct RDMA Enabled for GPU 3 / HCA 1 (distance 4 <= 5), read 0 mode Default
furious-puma-1:172839:174069 [3] NCCL INFO GPU Direct RDMA Enabled for GPU 4 / HCA 2 (distance 4 <= 5), read 0 mode Default
furious-puma-1:172837:174086 [1] NCCL INFO GPU Direct RDMA Enabled for GPU 4 / HCA 1 (distance 4 <= 5), read 0 mode Default
furious-puma-1:172839:174069 [3] NCCL INFO GPU Direct RDMA Enabled for GPU 5 / HCA 2 (distance 4 <= 5), read 0 mode Default
furious-puma-1:172837:174086 [1] NCCL INFO GPU Direct RDMA Enabled for GPU 5 / HCA 1 (distance 4 <= 5), read 0 mode Default
furious-puma-1:172839:174069 [3] NCCL INFO GPU Direct RDMA Enabled for GPU 6 / HCA 2 (distance 4 <= 5), read 0 mode Default
furious-puma-1:172843:174236 [7] NCCL INFO GPU Direct RDMA Enabled for GPU 0 / HCA 0 (distance 4 <= 5), read 0 mode Default
furious-puma-1:172837:174086 [1] NCCL INFO GPU Direct RDMA Enabled for GPU 6 / HCA 1 (distance 4 <= 5), read 0 mode Default
furious-puma-1:172839:174069 [3] NCCL INFO GPU Direct RDMA Enabled for GPU 7 / HCA 2 (distance 4 <= 5), read 0 mode Default
furious-puma-1:172837:174086 [1] NCCL INFO GPU Direct RDMA Enabled for GPU 7 / HCA 1 (distance 4 <= 5), read 0 mode Default
furious-puma-1:172839:174069 [3] NCCL INFO GPU Direct RDMA Enabled for GPU 0 / HCA 3 (distance 4 <= 5), read 0 mode Default
furious-puma-1:172837:174086 [1] NCCL INFO GPU Direct RDMA Enabled for GPU 0 / HCA 2 (distance 4 <= 5), read 0 mode Default
furious-puma-1:172839:174069 [3] NCCL INFO GPU Direct RDMA Enabled for GPU 1 / HCA 3 (distance 4 <= 5), read 0 mode Default
furious-puma-1:172837:174086 [1] NCCL INFO GPU Direct RDMA Enabled for GPU 1 / HCA 2 (distance 4 <= 5), read 0 mode Default
furious-puma-1:172839:174069 [3] NCCL INFO GPU Direct RDMA Enabled for GPU 2 / HCA 3 (distance 4 <= 5), read 0 mode Default
furious-puma-1:172837:174086 [1] NCCL INFO GPU Direct RDMA Enabled for GPU 2 / HCA 2 (distance 4 <= 5), read 0 mode Default
furious-puma-1:172839:174069 [3] NCCL INFO GPU Direct RDMA Enabled for GPU 3 / HCA 3 (distance 4 <= 5), read 0 mode Default
furious-puma-1:172837:174086 [1] NCCL INFO GPU Direct RDMA Enabled for GPU 3 / HCA 2 (distance 4 <= 5), read 0 mode Default
furious-puma-1:172839:174069 [3] NCCL INFO GPU Direct RDMA Enabled for GPU 4 / HCA 3 (distance 4 <= 5), read 0 mode Default
furious-puma-1:172837:174086 [1] NCCL INFO GPU Direct RDMA Enabled for GPU 4 / HCA 2 (distance 4 <= 5), read 0 mode Default
furious-puma-1:172839:174069 [3] NCCL INFO GPU Direct RDMA Enabled for GPU 5 / HCA 3 (distance 4 <= 5), read 0 mode Default
furious-puma-1:172837:174086 [1] NCCL INFO GPU Direct RDMA Enabled for GPU 5 / HCA 2 (distance 4 <= 5), read 0 mode Default
furious-puma-1:172839:174069 [3] NCCL INFO GPU Direct RDMA Enabled for GPU 6 / HCA 3 (distance 4 <= 5), read 0 mode Default
furious-puma-1:172837:174086 [1] NCCL INFO GPU Direct RDMA Enabled for GPU 6 / HCA 2 (distance 4 <= 5), read 0 mode Default
furious-puma-1:172843:174236 [7] NCCL INFO GPU Direct RDMA Enabled for GPU 1 / HCA 0 (distance 4 <= 5), read 0 mode Default
furious-puma-1:172839:174069 [3] NCCL INFO GPU Direct RDMA Enabled for GPU 7 / HCA 3 (distance 4 <= 5), read 0 mode Default
furious-puma-1:172837:174086 [1] NCCL INFO GPU Direct RDMA Enabled for GPU 7 / HCA 2 (distance 4 <= 5), read 0 mode Default
furious-puma-1:172839:174069 [3] NCCL INFO GPU Direct RDMA Enabled for GPU 0 / HCA 4 (distance 4 <= 5), read 0 mode Default
furious-puma-1:172843:174236 [7] NCCL INFO GPU Direct RDMA Enabled for GPU 2 / HCA 0 (distance 4 <= 5), read 0 mode Default
furious-puma-1:172837:174086 [1] NCCL INFO GPU Direct RDMA Enabled for GPU 0 / HCA 3 (distance 4 <= 5), read 0 mode Default
furious-puma-1:172839:174069 [3] NCCL INFO GPU Direct RDMA Enabled for GPU 1 / HCA 4 (distance 4 <= 5), read 0 mode Default
furious-puma-1:172843:174236 [7] NCCL INFO GPU Direct RDMA Enabled for GPU 3 / HCA 0 (distance 4 <= 5), read 0 mode Default
furious-puma-1:172837:174086 [1] NCCL INFO GPU Direct RDMA Enabled for GPU 1 / HCA 3 (distance 4 <= 5), read 0 mode Default
furious-puma-1:172839:174069 [3] NCCL INFO GPU Direct RDMA Enabled for GPU 2 / HCA 4 (distance 4 <= 5), read 0 mode Default
furious-puma-1:172843:174236 [7] NCCL INFO GPU Direct RDMA Enabled for GPU 4 / HCA 0 (distance 4 <= 5), read 0 mode Default
furious-puma-1:172837:174086 [1] NCCL INFO GPU Direct RDMA Enabled for GPU 2 / HCA 3 (distance 4 <= 5), read 0 mode Default
furious-puma-1:172839:174069 [3] NCCL INFO GPU Direct RDMA Enabled for GPU 3 / HCA 4 (distance 4 <= 5), read 0 mode Default
furious-puma-1:172843:174236 [7] NCCL INFO GPU Direct RDMA Enabled for GPU 5 / HCA 0 (distance 4 <= 5), read 0 mode Default
furious-puma-1:172837:174086 [1] NCCL INFO GPU Direct RDMA Enabled for GPU 3 / HCA 3 (distance 4 <= 5), read 0 mode Default
furious-puma-1:172839:174069 [3] NCCL INFO GPU Direct RDMA Enabled for GPU 4 / HCA 4 (distance 4 <= 5), read 0 mode Default
furious-puma-1:172843:174236 [7] NCCL INFO GPU Direct RDMA Enabled for GPU 6 / HCA 0 (distance 4 <= 5), read 0 mode Default
furious-puma-1:172837:174086 [1] NCCL INFO GPU Direct RDMA Enabled for GPU 4 / HCA 3 (distance 4 <= 5), read 0 mode Default
furious-puma-1:172841:174152 [5] NCCL INFO GPU Direct RDMA Enabled for GPU 0 / HCA 0 (distance 4 <= 5), read 0 mode Default
furious-puma-1:172839:174069 [3] NCCL INFO GPU Direct RDMA Enabled for GPU 5 / HCA 4 (distance 4 <= 5), read 0 mode Default
furious-puma-1:172843:174236 [7] NCCL INFO GPU Direct RDMA Enabled for GPU 7 / HCA 0 (distance 4 <= 5), read 0 mode Default
furious-puma-1:172837:174086 [1] NCCL INFO GPU Direct RDMA Enabled for GPU 5 / HCA 3 (distance 4 <= 5), read 0 mode Default
furious-puma-1:172839:174069 [3] NCCL INFO GPU Direct RDMA Enabled for GPU 6 / HCA 4 (distance 4 <= 5), read 0 mode Default
furious-puma-1:172837:174086 [1] NCCL INFO GPU Direct RDMA Enabled for GPU 6 / HCA 3 (distance 4 <= 5), read 0 mode Default
furious-puma-1:172843:174236 [7] NCCL INFO GPU Direct RDMA Enabled for GPU 0 / HCA 1 (distance 4 <= 5), read 0 mode Default
furious-puma-1:172839:174069 [3] NCCL INFO GPU Direct RDMA Enabled for GPU 7 / HCA 4 (distance 4 <= 5), read 0 mode Default
furious-puma-1:172837:174086 [1] NCCL INFO GPU Direct RDMA Enabled for GPU 7 / HCA 3 (distance 4 <= 5), read 0 mode Default
furious-puma-1:172843:174236 [7] NCCL INFO GPU Direct RDMA Enabled for GPU 1 / HCA 1 (distance 4 <= 5), read 0 mode Default
furious-puma-1:172839:174069 [3] NCCL INFO GPU Direct RDMA Enabled for GPU 0 / HCA 5 (distance 4 <= 5), read 0 mode Default
furious-puma-1:172843:174236 [7] NCCL INFO GPU Direct RDMA Enabled for GPU 2 / HCA 1 (distance 4 <= 5), read 0 mode Default
furious-puma-1:172837:174086 [1] NCCL INFO GPU Direct RDMA Enabled for GPU 0 / HCA 4 (distance 4 <= 5), read 0 mode Default
furious-puma-1:172839:174069 [3] NCCL INFO GPU Direct RDMA Enabled for GPU 1 / HCA 5 (distance 4 <= 5), read 0 mode Default
furious-puma-1:172843:174236 [7] NCCL INFO GPU Direct RDMA Enabled for GPU 3 / HCA 1 (distance 4 <= 5), read 0 mode Default
furious-puma-1:172837:174086 [1] NCCL INFO GPU Direct RDMA Enabled for GPU 1 / HCA 4 (distance 4 <= 5), read 0 mode Default
furious-puma-1:172839:174069 [3] NCCL INFO GPU Direct RDMA Enabled for GPU 2 / HCA 5 (distance 4 <= 5), read 0 mode Default
furious-puma-1:172843:174236 [7] NCCL INFO GPU Direct RDMA Enabled for GPU 4 / HCA 1 (distance 4 <= 5), read 0 mode Default
furious-puma-1:172837:174086 [1] NCCL INFO GPU Direct RDMA Enabled for GPU 2 / HCA 4 (distance 4 <= 5), read 0 mode Default
furious-puma-1:172839:174069 [3] NCCL INFO GPU Direct RDMA Enabled for GPU 3 / HCA 5 (distance 4 <= 5), read 0 mode Default
furious-puma-1:172843:174236 [7] NCCL INFO GPU Direct RDMA Enabled for GPU 5 / HCA 1 (distance 4 <= 5), read 0 mode Default
furious-puma-1:172837:174086 [1] NCCL INFO GPU Direct RDMA Enabled for GPU 3 / HCA 4 (distance 4 <= 5), read 0 mode Default
furious-puma-1:172839:174069 [3] NCCL INFO GPU Direct RDMA Enabled for GPU 4 / HCA 5 (distance 4 <= 5), read 0 mode Default
furious-puma-1:172843:174236 [7] NCCL INFO GPU Direct RDMA Enabled for GPU 6 / HCA 1 (distance 4 <= 5), read 0 mode Default
furious-puma-1:172837:174086 [1] NCCL INFO GPU Direct RDMA Enabled for GPU 4 / HCA 4 (distance 4 <= 5), read 0 mode Default
furious-puma-1:172839:174069 [3] NCCL INFO GPU Direct RDMA Enabled for GPU 5 / HCA 5 (distance 4 <= 5), read 0 mode Default
furious-puma-1:172843:174236 [7] NCCL INFO GPU Direct RDMA Enabled for GPU 7 / HCA 1 (distance 4 <= 5), read 0 mode Default
furious-puma-1:172837:174086 [1] NCCL INFO GPU Direct RDMA Enabled for GPU 5 / HCA 4 (distance 4 <= 5), read 0 mode Default
furious-puma-1:172839:174069 [3] NCCL INFO GPU Direct RDMA Enabled for GPU 6 / HCA 5 (distance 4 <= 5), read 0 mode Default
furious-puma-1:172838:174066 [2] NCCL INFO Pattern 4, crossNic 0, nChannels 12, bw 30.000000/30.000000, type NVL/PIX, sameChannels 1
furious-puma-1:172837:174086 [1] NCCL INFO GPU Direct RDMA Enabled for GPU 6 / HCA 4 (distance 4 <= 5), read 0 mode Default
furious-puma-1:172843:174236 [7] NCCL INFO GPU Direct RDMA Enabled for GPU 0 / HCA 2 (distance 4 <= 5), read 0 mode Default
furious-puma-1:172839:174069 [3] NCCL INFO GPU Direct RDMA Enabled for GPU 7 / HCA 5 (distance 4 <= 5), read 0 mode Default
furious-puma-1:172837:174086 [1] NCCL INFO GPU Direct RDMA Enabled for GPU 7 / HCA 4 (distance 4 <= 5), read 0 mode Default
furious-puma-1:172843:174236 [7] NCCL INFO GPU Direct RDMA Enabled for GPU 1 / HCA 2 (distance 4 <= 5), read 0 mode Default
furious-puma-1:172839:174069 [3] NCCL INFO GPU Direct RDMA Enabled for GPU 0 / HCA 6 (distance 4 <= 5), read 0 mode Default
furious-puma-1:172837:174086 [1] NCCL INFO GPU Direct RDMA Enabled for GPU 0 / HCA 5 (distance 4 <= 5), read 0 mode Default
furious-puma-1:172843:174236 [7] NCCL INFO GPU Direct RDMA Enabled for GPU 2 / HCA 2 (distance 4 <= 5), read 0 mode Default
furious-puma-1:172839:174069 [3] NCCL INFO GPU Direct RDMA Enabled for GPU 1 / HCA 6 (distance 4 <= 5), read 0 mode Default
furious-puma-1:172837:174086 [1] NCCL INFO GPU Direct RDMA Enabled for GPU 1 / HCA 5 (distance 4 <= 5), read 0 mode Default
furious-puma-1:172843:174236 [7] NCCL INFO GPU Direct RDMA Enabled for GPU 3 / HCA 2 (distance 4 <= 5), read 0 mode Default
furious-puma-1:172839:174069 [3] NCCL INFO GPU Direct RDMA Enabled for GPU 2 / HCA 6 (distance 4 <= 5), read 0 mode Default
furious-puma-1:172837:174086 [1] NCCL INFO GPU Direct RDMA Enabled for GPU 2 / HCA 5 (distance 4 <= 5), read 0 mode Default
furious-puma-1:172843:174236 [7] NCCL INFO GPU Direct RDMA Enabled for GPU 4 / HCA 2 (distance 4 <= 5), read 0 mode Default
furious-puma-1:172839:174069 [3] NCCL INFO GPU Direct RDMA Enabled for GPU 3 / HCA 6 (distance 4 <= 5), read 0 mode Default
furious-puma-1:172837:174086 [1] NCCL INFO GPU Direct RDMA Enabled for GPU 3 / HCA 5 (distance 4 <= 5), read 0 mode Default
furious-puma-1:172843:174236 [7] NCCL INFO GPU Direct RDMA Enabled for GPU 5 / HCA 2 (distance 4 <= 5), read 0 mode Default
furious-puma-1:172841:174152 [5] NCCL INFO GPU Direct RDMA Enabled for GPU 1 / HCA 0 (distance 4 <= 5), read 0 mode Default
furious-puma-1:172839:174069 [3] NCCL INFO GPU Direct RDMA Enabled for GPU 4 / HCA 6 (distance 4 <= 5), read 0 mode Default
furious-puma-1:172837:174086 [1] NCCL INFO GPU Direct RDMA Enabled for GPU 4 / HCA 5 (distance 4 <= 5), read 0 mode Default
furious-puma-1:172843:174236 [7] NCCL INFO GPU Direct RDMA Enabled for GPU 6 / HCA 2 (distance 4 <= 5), read 0 mode Default
furious-puma-1:172838:174066 [2] NCCL INFO  0 : GPU/0-7f000 GPU/0-8f000 GPU/0-9f000 GPU/0-af000 GPU/0-bf000 GPU/0-cf000 GPU/0-df000 GPU/0-ef000
furious-puma-1:172839:174069 [3] NCCL INFO GPU Direct RDMA Enabled for GPU 5 / HCA 6 (distance 4 <= 5), read 0 mode Default
furious-puma-1:172837:174086 [1] NCCL INFO GPU Direct RDMA Enabled for GPU 5 / HCA 5 (distance 4 <= 5), read 0 mode Default
furious-puma-1:172843:174236 [7] NCCL INFO GPU Direct RDMA Enabled for GPU 7 / HCA 2 (distance 4 <= 5), read 0 mode Default
furious-puma-1:172841:174152 [5] NCCL INFO GPU Direct RDMA Enabled for GPU 2 / HCA 0 (distance 4 <= 5), read 0 mode Default
furious-puma-1:172841:174152 [5] NCCL INFO GPU Direct RDMA Enabled for GPU 3 / HCA 0 (distance 4 <= 5), read 0 mode Default
furious-puma-1:172839:174069 [3] NCCL INFO GPU Direct RDMA Enabled for GPU 6 / HCA 6 (distance 4 <= 5), read 0 mode Default
furious-puma-1:172838:174066 [2] NCCL INFO  1 : GPU/0-7f000 GPU/0-8f000 GPU/0-9f000 GPU/0-af000 GPU/0-bf000 GPU/0-cf000 GPU/0-df000 GPU/0-ef000
furious-puma-1:172837:174086 [1] NCCL INFO GPU Direct RDMA Enabled for GPU 6 / HCA 5 (distance 4 <= 5), read 0 mode Default
furious-puma-1:172843:174236 [7] NCCL INFO GPU Direct RDMA Enabled for GPU 0 / HCA 3 (distance 4 <= 5), read 0 mode Default
furious-puma-1:172841:174152 [5] NCCL INFO GPU Direct RDMA Enabled for GPU 4 / HCA 0 (distance 4 <= 5), read 0 mode Default
furious-puma-1:172839:174069 [3] NCCL INFO GPU Direct RDMA Enabled for GPU 7 / HCA 6 (distance 4 <= 5), read 0 mode Default
furious-puma-1:172841:174152 [5] NCCL INFO GPU Direct RDMA Enabled for GPU 5 / HCA 0 (distance 4 <= 5), read 0 mode Default
furious-puma-1:172838:174066 [2] NCCL INFO  2 : GPU/0-7f000 GPU/0-8f000 GPU/0-9f000 GPU/0-af000 GPU/0-bf000 GPU/0-cf000 GPU/0-df000 GPU/0-ef000
furious-puma-1:172843:174236 [7] NCCL INFO GPU Direct RDMA Enabled for GPU 1 / HCA 3 (distance 4 <= 5), read 0 mode Default
furious-puma-1:172837:174086 [1] NCCL INFO GPU Direct RDMA Enabled for GPU 7 / HCA 5 (distance 4 <= 5), read 0 mode Default
furious-puma-1:172841:174152 [5] NCCL INFO GPU Direct RDMA Enabled for GPU 6 / HCA 0 (distance 4 <= 5), read 0 mode Default
furious-puma-1:172841:174152 [5] NCCL INFO GPU Direct RDMA Enabled for GPU 7 / HCA 0 (distance 4 <= 5), read 0 mode Default
furious-puma-1:172839:174069 [3] NCCL INFO GPU Direct RDMA Enabled for GPU 0 / HCA 7 (distance 4 <= 5), read 0 mode Default
furious-puma-1:172841:174152 [5] NCCL INFO GPU Direct RDMA Enabled for GPU 0 / HCA 1 (distance 4 <= 5), read 0 mode Default
furious-puma-1:172838:174066 [2] NCCL INFO  3 : GPU/0-7f000 GPU/0-8f000 GPU/0-9f000 GPU/0-af000 GPU/0-bf000 GPU/0-cf000 GPU/0-df000 GPU/0-ef000
furious-puma-1:172843:174236 [7] NCCL INFO GPU Direct RDMA Enabled for GPU 2 / HCA 3 (distance 4 <= 5), read 0 mode Default
furious-puma-1:172837:174086 [1] NCCL INFO GPU Direct RDMA Enabled for GPU 0 / HCA 6 (distance 4 <= 5), read 0 mode Default
furious-puma-1:172841:174152 [5] NCCL INFO GPU Direct RDMA Enabled for GPU 1 / HCA 1 (distance 4 <= 5), read 0 mode Default
furious-puma-1:172838:174066 [2] NCCL INFO  4 : GPU/0-7f000 GPU/0-8f000 GPU/0-9f000 GPU/0-af000 GPU/0-bf000 GPU/0-cf000 GPU/0-df000 GPU/0-ef000
furious-puma-1:172843:174236 [7] NCCL INFO GPU Direct RDMA Enabled for GPU 3 / HCA 3 (distance 4 <= 5), read 0 mode Default
furious-puma-1:172838:174066 [2] NCCL INFO  5 : GPU/0-7f000 GPU/0-8f000 GPU/0-9f000 GPU/0-af000 GPU/0-bf000 GPU/0-cf000 GPU/0-df000 GPU/0-ef000
furious-puma-1:172843:174236 [7] NCCL INFO GPU Direct RDMA Enabled for GPU 4 / HCA 3 (distance 4 <= 5), read 0 mode Default
furious-puma-1:172838:174066 [2] NCCL INFO  6 : GPU/0-7f000 GPU/0-8f000 GPU/0-9f000 GPU/0-af000 GPU/0-bf000 GPU/0-cf000 GPU/0-df000 GPU/0-ef000
furious-puma-1:172843:174236 [7] NCCL INFO GPU Direct RDMA Enabled for GPU 5 / HCA 3 (distance 4 <= 5), read 0 mode Default
furious-puma-1:172838:174066 [2] NCCL INFO  7 : GPU/0-7f000 GPU/0-8f000 GPU/0-9f000 GPU/0-af000 GPU/0-bf000 GPU/0-cf000 GPU/0-df000 GPU/0-ef000
furious-puma-1:172843:174236 [7] NCCL INFO GPU Direct RDMA Enabled for GPU 6 / HCA 3 (distance 4 <= 5), read 0 mode Default
furious-puma-1:172838:174066 [2] NCCL INFO  8 : GPU/0-7f000 GPU/0-8f000 GPU/0-9f000 GPU/0-af000 GPU/0-bf000 GPU/0-cf000 GPU/0-df000 GPU/0-ef000
furious-puma-1:172843:174236 [7] NCCL INFO GPU Direct RDMA Enabled for GPU 7 / HCA 3 (distance 4 <= 5), read 0 mode Default
furious-puma-1:172837:174086 [1] NCCL INFO GPU Direct RDMA Enabled for GPU 1 / HCA 6 (distance 4 <= 5), read 0 mode Default
furious-puma-1:172838:174066 [2] NCCL INFO  9 : GPU/0-7f000 GPU/0-8f000 GPU/0-9f000 GPU/0-af000 GPU/0-bf000 GPU/0-cf000 GPU/0-df000 GPU/0-ef000
furious-puma-1:172839:174069 [3] NCCL INFO GPU Direct RDMA Enabled for GPU 1 / HCA 7 (distance 4 <= 5), read 0 mode Default
furious-puma-1:172843:174236 [7] NCCL INFO GPU Direct RDMA Enabled for GPU 0 / HCA 4 (distance 4 <= 5), read 0 mode Default
furious-puma-1:172837:174086 [1] NCCL INFO GPU Direct RDMA Enabled for GPU 2 / HCA 6 (distance 4 <= 5), read 0 mode Default
furious-puma-1:172838:174066 [2] NCCL INFO 10 : GPU/0-7f000 GPU/0-8f000 GPU/0-9f000 GPU/0-af000 GPU/0-bf000 GPU/0-cf000 GPU/0-df000 GPU/0-ef000
furious-puma-1:172843:174236 [7] NCCL INFO GPU Direct RDMA Enabled for GPU 1 / HCA 4 (distance 4 <= 5), read 0 mode Default
furious-puma-1:172839:174069 [3] NCCL INFO GPU Direct RDMA Enabled for GPU 2 / HCA 7 (distance 4 <= 5), read 0 mode Default
furious-puma-1:172843:174236 [7] NCCL INFO GPU Direct RDMA Enabled for GPU 2 / HCA 4 (distance 4 <= 5), read 0 mode Default
furious-puma-1:172837:174086 [1] NCCL INFO GPU Direct RDMA Enabled for GPU 3 / HCA 6 (distance 4 <= 5), read 0 mode Default
furious-puma-1:172838:174066 [2] NCCL INFO 11 : GPU/0-7f000 GPU/0-8f000 GPU/0-9f000 GPU/0-af000 GPU/0-bf000 GPU/0-cf000 GPU/0-df000 GPU/0-ef000
furious-puma-1:172843:174236 [7] NCCL INFO GPU Direct RDMA Enabled for GPU 3 / HCA 4 (distance 4 <= 5), read 0 mode Default
furious-puma-1:172839:174069 [3] NCCL INFO GPU Direct RDMA Enabled for GPU 3 / HCA 7 (distance 4 <= 5), read 0 mode Default
furious-puma-1:172837:174086 [1] NCCL INFO GPU Direct RDMA Enabled for GPU 4 / HCA 6 (distance 4 <= 5), read 0 mode Default
furious-puma-1:172843:174236 [7] NCCL INFO GPU Direct RDMA Enabled for GPU 4 / HCA 4 (distance 4 <= 5), read 0 mode Default
furious-puma-1:172839:174069 [3] NCCL INFO GPU Direct RDMA Enabled for GPU 4 / HCA 7 (distance 4 <= 5), read 0 mode Default
furious-puma-1:172843:174236 [7] NCCL INFO GPU Direct RDMA Enabled for GPU 5 / HCA 4 (distance 4 <= 5), read 0 mode Default
furious-puma-1:172837:174086 [1] NCCL INFO GPU Direct RDMA Enabled for GPU 5 / HCA 6 (distance 4 <= 5), read 0 mode Default
furious-puma-1:172843:174236 [7] NCCL INFO GPU Direct RDMA Enabled for GPU 6 / HCA 4 (distance 4 <= 5), read 0 mode Default
furious-puma-1:172839:174069 [3] NCCL INFO GPU Direct RDMA Enabled for GPU 5 / HCA 7 (distance 4 <= 5), read 0 mode Default
furious-puma-1:172837:174086 [1] NCCL INFO GPU Direct RDMA Enabled for GPU 6 / HCA 6 (distance 4 <= 5), read 0 mode Default
furious-puma-1:172843:174236 [7] NCCL INFO GPU Direct RDMA Enabled for GPU 7 / HCA 4 (distance 4 <= 5), read 0 mode Default
furious-puma-1:172839:174069 [3] NCCL INFO GPU Direct RDMA Enabled for GPU 6 / HCA 7 (distance 4 <= 5), read 0 mode Default
furious-puma-1:172837:174086 [1] NCCL INFO GPU Direct RDMA Enabled for GPU 7 / HCA 6 (distance 4 <= 5), read 0 mode Default
furious-puma-1:172843:174236 [7] NCCL INFO GPU Direct RDMA Enabled for GPU 0 / HCA 5 (distance 4 <= 5), read 0 mode Default
furious-puma-1:172843:174236 [7] NCCL INFO GPU Direct RDMA Enabled for GPU 1 / HCA 5 (distance 4 <= 5), read 0 mode Default
furious-puma-1:172839:174069 [3] NCCL INFO GPU Direct RDMA Enabled for GPU 7 / HCA 7 (distance 4 <= 5), read 0 mode Default
furious-puma-1:172837:174086 [1] NCCL INFO GPU Direct RDMA Enabled for GPU 0 / HCA 7 (distance 4 <= 5), read 0 mode Default
furious-puma-1:172843:174236 [7] NCCL INFO GPU Direct RDMA Enabled for GPU 2 / HCA 5 (distance 4 <= 5), read 0 mode Default
furious-puma-1:172837:174086 [1] NCCL INFO GPU Direct RDMA Enabled for GPU 1 / HCA 7 (distance 4 <= 5), read 0 mode Default
furious-puma-1:172843:174236 [7] NCCL INFO GPU Direct RDMA Enabled for GPU 3 / HCA 5 (distance 4 <= 5), read 0 mode Default
furious-puma-1:172843:174236 [7] NCCL INFO GPU Direct RDMA Enabled for GPU 4 / HCA 5 (distance 4 <= 5), read 0 mode Default
furious-puma-1:172837:174086 [1] NCCL INFO GPU Direct RDMA Enabled for GPU 2 / HCA 7 (distance 4 <= 5), read 0 mode Default
furious-puma-1:172840:174074 [4] NCCL INFO Pattern 4, crossNic 0, nChannels 12, bw 30.000000/30.000000, type NVL/PIX, sameChannels 1
furious-puma-1:172843:174236 [7] NCCL INFO GPU Direct RDMA Enabled for GPU 5 / HCA 5 (distance 4 <= 5), read 0 mode Default
furious-puma-1:172837:174086 [1] NCCL INFO GPU Direct RDMA Enabled for GPU 3 / HCA 7 (distance 4 <= 5), read 0 mode Default
furious-puma-1:172843:174236 [7] NCCL INFO GPU Direct RDMA Enabled for GPU 6 / HCA 5 (distance 4 <= 5), read 0 mode Default
furious-puma-1:172843:174236 [7] NCCL INFO GPU Direct RDMA Enabled for GPU 7 / HCA 5 (distance 4 <= 5), read 0 mode Default
furious-puma-1:172837:174086 [1] NCCL INFO GPU Direct RDMA Enabled for GPU 4 / HCA 7 (distance 4 <= 5), read 0 mode Default
furious-puma-1:172843:174236 [7] NCCL INFO GPU Direct RDMA Enabled for GPU 0 / HCA 6 (distance 4 <= 5), read 0 mode Default
furious-puma-1:172837:174086 [1] NCCL INFO GPU Direct RDMA Enabled for GPU 5 / HCA 7 (distance 4 <= 5), read 0 mode Default
furious-puma-1:172843:174236 [7] NCCL INFO GPU Direct RDMA Enabled for GPU 1 / HCA 6 (distance 4 <= 5), read 0 mode Default
furious-puma-1:172837:174086 [1] NCCL INFO GPU Direct RDMA Enabled for GPU 6 / HCA 7 (distance 4 <= 5), read 0 mode Default
furious-puma-1:172843:174236 [7] NCCL INFO GPU Direct RDMA Enabled for GPU 2 / HCA 6 (distance 4 <= 5), read 0 mode Default
furious-puma-1:172843:174236 [7] NCCL INFO GPU Direct RDMA Enabled for GPU 3 / HCA 6 (distance 4 <= 5), read 0 mode Default
furious-puma-1:172837:174086 [1] NCCL INFO GPU Direct RDMA Enabled for GPU 7 / HCA 7 (distance 4 <= 5), read 0 mode Default
furious-puma-1:172843:174236 [7] NCCL INFO GPU Direct RDMA Enabled for GPU 4 / HCA 6 (distance 4 <= 5), read 0 mode Default
furious-puma-1:172843:174236 [7] NCCL INFO GPU Direct RDMA Enabled for GPU 5 / HCA 6 (distance 4 <= 5), read 0 mode Default
furious-puma-1:172843:174236 [7] NCCL INFO GPU Direct RDMA Enabled for GPU 6 / HCA 6 (distance 4 <= 5), read 0 mode Default
furious-puma-1:172842:174072 [6] NCCL INFO GPU Direct RDMA Enabled for GPU 7 / HCA 7 (distance 4 <= 5), read 0 mode Default
furious-puma-1:172843:174236 [7] NCCL INFO GPU Direct RDMA Enabled for GPU 7 / HCA 6 (distance 4 <= 5), read 0 mode Default
furious-puma-1:172840:174074 [4] NCCL INFO  0 : GPU/0-7f000 GPU/0-8f000 GPU/0-9f000 GPU/0-af000 GPU/0-bf000 GPU/0-cf000 GPU/0-df000 GPU/0-ef000
furious-puma-1:172843:174236 [7] NCCL INFO GPU Direct RDMA Enabled for GPU 0 / HCA 7 (distance 4 <= 5), read 0 mode Default
furious-puma-1:172843:174236 [7] NCCL INFO GPU Direct RDMA Enabled for GPU 1 / HCA 7 (distance 4 <= 5), read 0 mode Default
furious-puma-1:172840:174074 [4] NCCL INFO  1 : GPU/0-7f000 GPU/0-8f000 GPU/0-9f000 GPU/0-af000 GPU/0-bf000 GPU/0-cf000 GPU/0-df000 GPU/0-ef000
furious-puma-1:172843:174236 [7] NCCL INFO GPU Direct RDMA Enabled for GPU 2 / HCA 7 (distance 4 <= 5), read 0 mode Default
furious-puma-1:172843:174236 [7] NCCL INFO GPU Direct RDMA Enabled for GPU 3 / HCA 7 (distance 4 <= 5), read 0 mode Default
furious-puma-1:172840:174074 [4] NCCL INFO  2 : GPU/0-7f000 GPU/0-8f000 GPU/0-9f000 GPU/0-af000 GPU/0-bf000 GPU/0-cf000 GPU/0-df000 GPU/0-ef000
furious-puma-1:172843:174236 [7] NCCL INFO GPU Direct RDMA Enabled for GPU 4 / HCA 7 (distance 4 <= 5), read 0 mode Default
furious-puma-1:172843:174236 [7] NCCL INFO GPU Direct RDMA Enabled for GPU 5 / HCA 7 (distance 4 <= 5), read 0 mode Default
furious-puma-1:172840:174074 [4] NCCL INFO  3 : GPU/0-7f000 GPU/0-8f000 GPU/0-9f000 GPU/0-af000 GPU/0-bf000 GPU/0-cf000 GPU/0-df000 GPU/0-ef000
furious-puma-1:172843:174236 [7] NCCL INFO GPU Direct RDMA Enabled for GPU 6 / HCA 7 (distance 4 <= 5), read 0 mode Default
furious-puma-1:172843:174236 [7] NCCL INFO GPU Direct RDMA Enabled for GPU 7 / HCA 7 (distance 4 <= 5), read 0 mode Default
furious-puma-1:172840:174074 [4] NCCL INFO  4 : GPU/0-7f000 GPU/0-8f000 GPU/0-9f000 GPU/0-af000 GPU/0-bf000 GPU/0-cf000 GPU/0-df000 GPU/0-ef000
furious-puma-1:172840:174074 [4] NCCL INFO  5 : GPU/0-7f000 GPU/0-8f000 GPU/0-9f000 GPU/0-af000 GPU/0-bf000 GPU/0-cf000 GPU/0-df000 GPU/0-ef000
furious-puma-1:172840:174074 [4] NCCL INFO  6 : GPU/0-7f000 GPU/0-8f000 GPU/0-9f000 GPU/0-af000 GPU/0-bf000 GPU/0-cf000 GPU/0-df000 GPU/0-ef000
furious-puma-1:172840:174074 [4] NCCL INFO  7 : GPU/0-7f000 GPU/0-8f000 GPU/0-9f000 GPU/0-af000 GPU/0-bf000 GPU/0-cf000 GPU/0-df000 GPU/0-ef000
furious-puma-1:172840:174074 [4] NCCL INFO  8 : GPU/0-7f000 GPU/0-8f000 GPU/0-9f000 GPU/0-af000 GPU/0-bf000 GPU/0-cf000 GPU/0-df000 GPU/0-ef000
furious-puma-1:172840:174074 [4] NCCL INFO  9 : GPU/0-7f000 GPU/0-8f000 GPU/0-9f000 GPU/0-af000 GPU/0-bf000 GPU/0-cf000 GPU/0-df000 GPU/0-ef000
furious-puma-1:172840:174074 [4] NCCL INFO 10 : GPU/0-7f000 GPU/0-8f000 GPU/0-9f000 GPU/0-af000 GPU/0-bf000 GPU/0-cf000 GPU/0-df000 GPU/0-ef000
furious-puma-1:172840:174074 [4] NCCL INFO 11 : GPU/0-7f000 GPU/0-8f000 GPU/0-9f000 GPU/0-af000 GPU/0-bf000 GPU/0-cf000 GPU/0-df000 GPU/0-ef000
furious-puma-1:172838:174066 [2] NCCL INFO Pattern 1, crossNic 0, nChannels 12, bw 30.000000/30.000000, type NVL/PIX, sameChannels 1
furious-puma-1:172838:174066 [2] NCCL INFO  0 : GPU/0-7f000 GPU/0-8f000 GPU/0-9f000 GPU/0-af000 GPU/0-bf000 GPU/0-cf000 GPU/0-df000 GPU/0-ef000
furious-puma-1:172838:174066 [2] NCCL INFO  1 : GPU/0-7f000 GPU/0-8f000 GPU/0-9f000 GPU/0-af000 GPU/0-bf000 GPU/0-cf000 GPU/0-df000 GPU/0-ef000
furious-puma-1:172838:174066 [2] NCCL INFO  2 : GPU/0-7f000 GPU/0-8f000 GPU/0-9f000 GPU/0-af000 GPU/0-bf000 GPU/0-cf000 GPU/0-df000 GPU/0-ef000
furious-puma-1:172836:174158 [0] NCCL INFO === System : maxBw 370.8 totalBw 370.8 ===
furious-puma-1:172838:174066 [2] NCCL INFO  3 : GPU/0-7f000 GPU/0-8f000 GPU/0-9f000 GPU/0-af000 GPU/0-bf000 GPU/0-cf000 GPU/0-df000 GPU/0-ef000
furious-puma-1:172836:174158 [0] NCCL INFO CPU/0-0 (1/1/3)
furious-puma-1:172838:174066 [2] NCCL INFO  4 : GPU/0-7f000 GPU/0-8f000 GPU/0-9f000 GPU/0-af000 GPU/0-bf000 GPU/0-cf000 GPU/0-df000 GPU/0-ef000
furious-puma-1:172836:174158 [0] NCCL INFO + PCI[48.0] - PCI/0-ffffff010 (0)
furious-puma-1:172838:174066 [2] NCCL INFO  5 : GPU/0-7f000 GPU/0-8f000 GPU/0-9f000 GPU/0-af000 GPU/0-bf000 GPU/0-cf000 GPU/0-df000 GPU/0-ef000
furious-puma-1:172836:174158 [0] NCCL INFO               + PCI[48.0] - GPU/0-7f000 (0)
furious-puma-1:172836:174158 [0] NCCL INFO                             + NVL[370.8] - NVS/0-0
furious-puma-1:172838:174066 [2] NCCL INFO  6 : GPU/0-7f000 GPU/0-8f000 GPU/0-9f000 GPU/0-af000 GPU/0-bf000 GPU/0-cf000 GPU/0-df000 GPU/0-ef000
furious-puma-1:172840:174074 [4] NCCL INFO Pattern 1, crossNic 0, nChannels 12, bw 30.000000/30.000000, type NVL/PIX, sameChannels 1
furious-puma-1:172836:174158 [0] NCCL INFO               + PCI[48.0] - NIC/0-80000
furious-puma-1:172838:174066 [2] NCCL INFO  7 : GPU/0-7f000 GPU/0-8f000 GPU/0-9f000 GPU/0-af000 GPU/0-bf000 GPU/0-cf000 GPU/0-df000 GPU/0-ef000
furious-puma-1:172836:174158 [0] NCCL INFO + PCI[48.0] - PCI/0-ffffff020 (0)
furious-puma-1:172840:174074 [4] NCCL INFO  0 : GPU/0-7f000 GPU/0-8f000 GPU/0-9f000 GPU/0-af000 GPU/0-bf000 GPU/0-cf000 GPU/0-df000 GPU/0-ef000
furious-puma-1:172836:174158 [0] NCCL INFO               + PCI[48.0] - NIC/0-90000
furious-puma-1:172838:174066 [2] NCCL INFO  8 : GPU/0-7f000 GPU/0-8f000 GPU/0-9f000 GPU/0-af000 GPU/0-bf000 GPU/0-cf000 GPU/0-df000 GPU/0-ef000
furious-puma-1:172840:174074 [4] NCCL INFO  1 : GPU/0-7f000 GPU/0-8f000 GPU/0-9f000 GPU/0-af000 GPU/0-bf000 GPU/0-cf000 GPU/0-df000 GPU/0-ef000
furious-puma-1:172836:174158 [0] NCCL INFO               + PCI[48.0] - GPU/0-8f000 (1)
furious-puma-1:172838:174066 [2] NCCL INFO  9 : GPU/0-7f000 GPU/0-8f000 GPU/0-9f000 GPU/0-af000 GPU/0-bf000 GPU/0-cf000 GPU/0-df000 GPU/0-ef000
furious-puma-1:172836:174158 [0] NCCL INFO                             + NVL[370.8] - NVS/0-0
furious-puma-1:172840:174074 [4] NCCL INFO  2 : GPU/0-7f000 GPU/0-8f000 GPU/0-9f000 GPU/0-af000 GPU/0-bf000 GPU/0-cf000 GPU/0-df000 GPU/0-ef000
furious-puma-1:172836:174158 [0] NCCL INFO + PCI[48.0] - PCI/0-ffffff030 (0)
furious-puma-1:172838:174066 [2] NCCL INFO 10 : GPU/0-7f000 GPU/0-8f000 GPU/0-9f000 GPU/0-af000 GPU/0-bf000 GPU/0-cf000 GPU/0-df000 GPU/0-ef000
furious-puma-1:172836:174158 [0] NCCL INFO               + PCI[48.0] - NIC/0-a0000
furious-puma-1:172840:174074 [4] NCCL INFO  3 : GPU/0-7f000 GPU/0-8f000 GPU/0-9f000 GPU/0-af000 GPU/0-bf000 GPU/0-cf000 GPU/0-df000 GPU/0-ef000
furious-puma-1:172836:174158 [0] NCCL INFO               + PCI[48.0] - GPU/0-9f000 (2)
furious-puma-1:172838:174066 [2] NCCL INFO 11 : GPU/0-7f000 GPU/0-8f000 GPU/0-9f000 GPU/0-af000 GPU/0-bf000 GPU/0-cf000 GPU/0-df000 GPU/0-ef000
furious-puma-1:172840:174074 [4] NCCL INFO  4 : GPU/0-7f000 GPU/0-8f000 GPU/0-9f000 GPU/0-af000 GPU/0-bf000 GPU/0-cf000 GPU/0-df000 GPU/0-ef000
furious-puma-1:172836:174158 [0] NCCL INFO                             + NVL[370.8] - NVS/0-0
furious-puma-1:172836:174158 [0] NCCL INFO + PCI[48.0] - PCI/0-ffffff040 (0)
furious-puma-1:172840:174074 [4] NCCL INFO  5 : GPU/0-7f000 GPU/0-8f000 GPU/0-9f000 GPU/0-af000 GPU/0-bf000 GPU/0-cf000 GPU/0-df000 GPU/0-ef000
furious-puma-1:172836:174158 [0] NCCL INFO               + PCI[48.0] - NIC/0-b0000
furious-puma-1:172836:174158 [0] NCCL INFO               + PCI[48.0] - GPU/0-af000 (3)
furious-puma-1:172840:174074 [4] NCCL INFO  6 : GPU/0-7f000 GPU/0-8f000 GPU/0-9f000 GPU/0-af000 GPU/0-bf000 GPU/0-cf000 GPU/0-df000 GPU/0-ef000
furious-puma-1:172836:174158 [0] NCCL INFO                             + NVL[370.8] - NVS/0-0
furious-puma-1:172836:174158 [0] NCCL INFO + SYS[22.0] - CPU/0-1
furious-puma-1:172840:174074 [4] NCCL INFO  7 : GPU/0-7f000 GPU/0-8f000 GPU/0-9f000 GPU/0-af000 GPU/0-bf000 GPU/0-cf000 GPU/0-df000 GPU/0-ef000
furious-puma-1:172836:174158 [0] NCCL INFO CPU/0-1 (1/1/3)
furious-puma-1:172840:174074 [4] NCCL INFO  8 : GPU/0-7f000 GPU/0-8f000 GPU/0-9f000 GPU/0-af000 GPU/0-bf000 GPU/0-cf000 GPU/0-df000 GPU/0-ef000
furious-puma-1:172836:174158 [0] NCCL INFO + PCI[48.0] - PCI/0-ffffff050 (0)
furious-puma-1:172836:174158 [0] NCCL INFO               + PCI[48.0] - NIC/0-c0000
furious-puma-1:172840:174074 [4] NCCL INFO  9 : GPU/0-7f000 GPU/0-8f000 GPU/0-9f000 GPU/0-af000 GPU/0-bf000 GPU/0-cf000 GPU/0-df000 GPU/0-ef000
furious-puma-1:172836:174158 [0] NCCL INFO               + PCI[48.0] - GPU/0-bf000 (4)
furious-puma-1:172836:174158 [0] NCCL INFO                             + NVL[370.8] - NVS/0-0
furious-puma-1:172836:174158 [0] NCCL INFO + PCI[48.0] - PCI/0-ffffff060 (0)
furious-puma-1:172840:174074 [4] NCCL INFO 10 : GPU/0-7f000 GPU/0-8f000 GPU/0-9f000 GPU/0-af000 GPU/0-bf000 GPU/0-cf000 GPU/0-df000 GPU/0-ef000
furious-puma-1:172836:174158 [0] NCCL INFO               + PCI[48.0] - NIC/0-d0000
furious-puma-1:172836:174158 [0] NCCL INFO               + PCI[48.0] - GPU/0-cf000 (5)
furious-puma-1:172840:174074 [4] NCCL INFO 11 : GPU/0-7f000 GPU/0-8f000 GPU/0-9f000 GPU/0-af000 GPU/0-bf000 GPU/0-cf000 GPU/0-df000 GPU/0-ef000
furious-puma-1:172836:174158 [0] NCCL INFO                             + NVL[370.8] - NVS/0-0
furious-puma-1:172836:174158 [0] NCCL INFO + PCI[48.0] - PCI/0-ffffff070 (0)
furious-puma-1:172836:174158 [0] NCCL INFO               + PCI[48.0] - NIC/0-e0000
furious-puma-1:172836:174158 [0] NCCL INFO               + PCI[48.0] - GPU/0-df000 (6)
furious-puma-1:172836:174158 [0] NCCL INFO                             + NVL[370.8] - NVS/0-0
furious-puma-1:172836:174158 [0] NCCL INFO + PCI[48.0] - PCI/0-ffffff080 (0)
furious-puma-1:172836:174158 [0] NCCL INFO               + PCI[48.0] - NIC/0-f0000
furious-puma-1:172836:174158 [0] NCCL INFO               + PCI[48.0] - GPU/0-ef000 (7)
furious-puma-1:172836:174158 [0] NCCL INFO                             + NVL[370.8] - NVS/0-0
furious-puma-1:172836:174158 [0] NCCL INFO + SYS[22.0] - CPU/0-0
furious-puma-1:172836:174158 [0] NCCL INFO ==========================================
furious-puma-1:172836:174158 [0] NCCL INFO GPU/0-7f000 :GPU/0-7f000 (0/5000.0/LOC) GPU/0-8f000 (2/370.8/NVL) GPU/0-9f000 (2/370.8/NVL) GPU/0-af000 (2/370.8/NVL) GPU/0-bf000 (2/370.8/NVL) GPU/0-cf000 (2/370.8/NVL) GPU/0-df000 (2/370.8/NVL) GPU/0-ef000 (2/370.8/NVL) NVS/0-0 (1/370.8/NVL) CPU/0-0 (2/48.0/PHB) CPU/0-1 (3/22.0/SYS) 
furious-puma-1:172836:174158 [0] NCCL INFO GPU/0-8f000 :GPU/0-7f000 (2/370.8/NVL) GPU/0-8f000 (0/5000.0/LOC) GPU/0-9f000 (2/370.8/NVL) GPU/0-af000 (2/370.8/NVL) GPU/0-bf000 (2/370.8/NVL) GPU/0-cf000 (2/370.8/NVL) GPU/0-df000 (2/370.8/NVL) GPU/0-ef000 (2/370.8/NVL) NVS/0-0 (1/370.8/NVL) CPU/0-0 (2/48.0/PHB) CPU/0-1 (3/22.0/SYS) 
furious-puma-1:172841:174152 [5] NCCL INFO GPU Direct RDMA Enabled for GPU 2 / HCA 1 (distance 4 <= 5), read 0 mode Default
furious-puma-1:172841:174152 [5] NCCL INFO GPU Direct RDMA Enabled for GPU 3 / HCA 1 (distance 4 <= 5), read 0 mode Default
furious-puma-1:172841:174152 [5] NCCL INFO GPU Direct RDMA Enabled for GPU 4 / HCA 1 (distance 4 <= 5), read 0 mode Default
furious-puma-1:172836:174158 [0] NCCL INFO GPU/0-9f000 :GPU/0-7f000 (2/370.8/NVL) GPU/0-8f000 (2/370.8/NVL) GPU/0-9f000 (0/5000.0/LOC) GPU/0-af000 (2/370.8/NVL) GPU/0-bf000 (2/370.8/NVL) GPU/0-cf000 (2/370.8/NVL) GPU/0-df000 (2/370.8/NVL) GPU/0-ef000 (2/370.8/NVL) NVS/0-0 (1/370.8/NVL) CPU/0-0 (2/48.0/PHB) CPU/0-1 (3/22.0/SYS) 
furious-puma-1:172841:174152 [5] NCCL INFO GPU Direct RDMA Enabled for GPU 5 / HCA 1 (distance 4 <= 5), read 0 mode Default
furious-puma-1:172841:174152 [5] NCCL INFO GPU Direct RDMA Enabled for GPU 6 / HCA 1 (distance 4 <= 5), read 0 mode Default
furious-puma-1:172841:174152 [5] NCCL INFO GPU Direct RDMA Enabled for GPU 7 / HCA 1 (distance 4 <= 5), read 0 mode Default
furious-puma-1:172841:174152 [5] NCCL INFO GPU Direct RDMA Enabled for GPU 0 / HCA 2 (distance 4 <= 5), read 0 mode Default
furious-puma-1:172841:174152 [5] NCCL INFO GPU Direct RDMA Enabled for GPU 1 / HCA 2 (distance 4 <= 5), read 0 mode Default
furious-puma-1:172841:174152 [5] NCCL INFO GPU Direct RDMA Enabled for GPU 2 / HCA 2 (distance 4 <= 5), read 0 mode Default
furious-puma-1:172841:174152 [5] NCCL INFO GPU Direct RDMA Enabled for GPU 3 / HCA 2 (distance 4 <= 5), read 0 mode Default
furious-puma-1:172841:174152 [5] NCCL INFO GPU Direct RDMA Enabled for GPU 4 / HCA 2 (distance 4 <= 5), read 0 mode Default
furious-puma-1:172841:174152 [5] NCCL INFO GPU Direct RDMA Enabled for GPU 5 / HCA 2 (distance 4 <= 5), read 0 mode Default
furious-puma-1:172841:174152 [5] NCCL INFO GPU Direct RDMA Enabled for GPU 6 / HCA 2 (distance 4 <= 5), read 0 mode Default
furious-puma-1:172841:174152 [5] NCCL INFO GPU Direct RDMA Enabled for GPU 7 / HCA 2 (distance 4 <= 5), read 0 mode Default
furious-puma-1:172841:174152 [5] NCCL INFO GPU Direct RDMA Enabled for GPU 0 / HCA 3 (distance 4 <= 5), read 0 mode Default
furious-puma-1:172841:174152 [5] NCCL INFO GPU Direct RDMA Enabled for GPU 1 / HCA 3 (distance 4 <= 5), read 0 mode Default
furious-puma-1:172841:174152 [5] NCCL INFO GPU Direct RDMA Enabled for GPU 2 / HCA 3 (distance 4 <= 5), read 0 mode Default
furious-puma-1:172841:174152 [5] NCCL INFO GPU Direct RDMA Enabled for GPU 3 / HCA 3 (distance 4 <= 5), read 0 mode Default
furious-puma-1:172841:174152 [5] NCCL INFO GPU Direct RDMA Enabled for GPU 4 / HCA 3 (distance 4 <= 5), read 0 mode Default
furious-puma-1:172841:174152 [5] NCCL INFO GPU Direct RDMA Enabled for GPU 5 / HCA 3 (distance 4 <= 5), read 0 mode Default
furious-puma-1:172836:174158 [0] NCCL INFO GPU/0-af000 :GPU/0-7f000 (2/370.8/NVL) GPU/0-8f000 (2/370.8/NVL) GPU/0-9f000 (2/370.8/NVL) GPU/0-af000 (0/5000.0/LOC) GPU/0-bf000 (2/370.8/NVL) GPU/0-cf000 (2/370.8/NVL) GPU/0-df000 (2/370.8/NVL) GPU/0-ef000 (2/370.8/NVL) NVS/0-0 (1/370.8/NVL) CPU/0-0 (2/48.0/PHB) CPU/0-1 (3/22.0/SYS) 
furious-puma-1:172841:174152 [5] NCCL INFO GPU Direct RDMA Enabled for GPU 6 / HCA 3 (distance 4 <= 5), read 0 mode Default
furious-puma-1:172841:174152 [5] NCCL INFO GPU Direct RDMA Enabled for GPU 7 / HCA 3 (distance 4 <= 5), read 0 mode Default
furious-puma-1:172841:174152 [5] NCCL INFO GPU Direct RDMA Enabled for GPU 0 / HCA 4 (distance 4 <= 5), read 0 mode Default
furious-puma-1:172841:174152 [5] NCCL INFO GPU Direct RDMA Enabled for GPU 1 / HCA 4 (distance 4 <= 5), read 0 mode Default
furious-puma-1:172841:174152 [5] NCCL INFO GPU Direct RDMA Enabled for GPU 2 / HCA 4 (distance 4 <= 5), read 0 mode Default
furious-puma-1:172841:174152 [5] NCCL INFO GPU Direct RDMA Enabled for GPU 3 / HCA 4 (distance 4 <= 5), read 0 mode Default
furious-puma-1:172841:174152 [5] NCCL INFO GPU Direct RDMA Enabled for GPU 4 / HCA 4 (distance 4 <= 5), read 0 mode Default
furious-puma-1:172841:174152 [5] NCCL INFO GPU Direct RDMA Enabled for GPU 5 / HCA 4 (distance 4 <= 5), read 0 mode Default
furious-puma-1:172841:174152 [5] NCCL INFO GPU Direct RDMA Enabled for GPU 6 / HCA 4 (distance 4 <= 5), read 0 mode Default
furious-puma-1:172841:174152 [5] NCCL INFO GPU Direct RDMA Enabled for GPU 7 / HCA 4 (distance 4 <= 5), read 0 mode Default
furious-puma-1:172841:174152 [5] NCCL INFO GPU Direct RDMA Enabled for GPU 0 / HCA 5 (distance 4 <= 5), read 0 mode Default
furious-puma-1:172841:174152 [5] NCCL INFO GPU Direct RDMA Enabled for GPU 1 / HCA 5 (distance 4 <= 5), read 0 mode Default
furious-puma-1:172841:174152 [5] NCCL INFO GPU Direct RDMA Enabled for GPU 2 / HCA 5 (distance 4 <= 5), read 0 mode Default
furious-puma-1:172841:174152 [5] NCCL INFO GPU Direct RDMA Enabled for GPU 3 / HCA 5 (distance 4 <= 5), read 0 mode Default
furious-puma-1:172841:174152 [5] NCCL INFO GPU Direct RDMA Enabled for GPU 4 / HCA 5 (distance 4 <= 5), read 0 mode Default
furious-puma-1:172841:174152 [5] NCCL INFO GPU Direct RDMA Enabled for GPU 5 / HCA 5 (distance 4 <= 5), read 0 mode Default
furious-puma-1:172841:174152 [5] NCCL INFO GPU Direct RDMA Enabled for GPU 6 / HCA 5 (distance 4 <= 5), read 0 mode Default
furious-puma-1:172841:174152 [5] NCCL INFO GPU Direct RDMA Enabled for GPU 7 / HCA 5 (distance 4 <= 5), read 0 mode Default
furious-puma-1:172836:174158 [0] NCCL INFO GPU/0-bf000 :GPU/0-7f000 (2/370.8/NVL) GPU/0-8f000 (2/370.8/NVL) GPU/0-9f000 (2/370.8/NVL) GPU/0-af000 (2/370.8/NVL) GPU/0-bf000 (0/5000.0/LOC) GPU/0-cf000 (2/370.8/NVL) GPU/0-df000 (2/370.8/NVL) GPU/0-ef000 (2/370.8/NVL) NVS/0-0 (1/370.8/NVL) CPU/0-0 (3/22.0/SYS) CPU/0-1 (2/48.0/PHB) 
furious-puma-1:172841:174152 [5] NCCL INFO GPU Direct RDMA Enabled for GPU 0 / HCA 6 (distance 4 <= 5), read 0 mode Default
furious-puma-1:172841:174152 [5] NCCL INFO GPU Direct RDMA Enabled for GPU 1 / HCA 6 (distance 4 <= 5), read 0 mode Default
furious-puma-1:172841:174152 [5] NCCL INFO GPU Direct RDMA Enabled for GPU 2 / HCA 6 (distance 4 <= 5), read 0 mode Default
furious-puma-1:172841:174152 [5] NCCL INFO GPU Direct RDMA Enabled for GPU 3 / HCA 6 (distance 4 <= 5), read 0 mode Default
furious-puma-1:172841:174152 [5] NCCL INFO GPU Direct RDMA Enabled for GPU 4 / HCA 6 (distance 4 <= 5), read 0 mode Default
furious-puma-1:172841:174152 [5] NCCL INFO GPU Direct RDMA Enabled for GPU 5 / HCA 6 (distance 4 <= 5), read 0 mode Default
furious-puma-1:172841:174152 [5] NCCL INFO GPU Direct RDMA Enabled for GPU 6 / HCA 6 (distance 4 <= 5), read 0 mode Default
furious-puma-1:172841:174152 [5] NCCL INFO GPU Direct RDMA Enabled for GPU 7 / HCA 6 (distance 4 <= 5), read 0 mode Default
furious-puma-1:172841:174152 [5] NCCL INFO GPU Direct RDMA Enabled for GPU 0 / HCA 7 (distance 4 <= 5), read 0 mode Default
furious-puma-1:172841:174152 [5] NCCL INFO GPU Direct RDMA Enabled for GPU 1 / HCA 7 (distance 4 <= 5), read 0 mode Default
furious-puma-1:172841:174152 [5] NCCL INFO GPU Direct RDMA Enabled for GPU 2 / HCA 7 (distance 4 <= 5), read 0 mode Default
furious-puma-1:172841:174152 [5] NCCL INFO GPU Direct RDMA Enabled for GPU 3 / HCA 7 (distance 4 <= 5), read 0 mode Default
furious-puma-1:172841:174152 [5] NCCL INFO GPU Direct RDMA Enabled for GPU 4 / HCA 7 (distance 4 <= 5), read 0 mode Default
furious-puma-1:172841:174152 [5] NCCL INFO GPU Direct RDMA Enabled for GPU 5 / HCA 7 (distance 4 <= 5), read 0 mode Default
furious-puma-1:172841:174152 [5] NCCL INFO GPU Direct RDMA Enabled for GPU 6 / HCA 7 (distance 4 <= 5), read 0 mode Default
furious-puma-1:172841:174152 [5] NCCL INFO GPU Direct RDMA Enabled for GPU 7 / HCA 7 (distance 4 <= 5), read 0 mode Default
furious-puma-1:172836:174158 [0] NCCL INFO GPU/0-cf000 :GPU/0-7f000 (2/370.8/NVL) GPU/0-8f000 (2/370.8/NVL) GPU/0-9f000 (2/370.8/NVL) GPU/0-af000 (2/370.8/NVL) GPU/0-bf000 (2/370.8/NVL) GPU/0-cf000 (0/5000.0/LOC) GPU/0-df000 (2/370.8/NVL) GPU/0-ef000 (2/370.8/NVL) NVS/0-0 (1/370.8/NVL) CPU/0-0 (3/22.0/SYS) CPU/0-1 (2/48.0/PHB) 
furious-puma-1:172840:174074 [4] NCCL INFO Pattern 5, crossNic 0, nChannels 8, bw 40.000000/60.000000, type NVL/PIX, sameChannels 0
furious-puma-1:172836:174158 [0] NCCL INFO GPU/0-df000 :GPU/0-7f000 (2/370.8/NVL) GPU/0-8f000 (2/370.8/NVL) GPU/0-9f000 (2/370.8/NVL) GPU/0-af000 (2/370.8/NVL) GPU/0-bf000 (2/370.8/NVL) GPU/0-cf000 (2/370.8/NVL) GPU/0-df000 (0/5000.0/LOC) GPU/0-ef000 (2/370.8/NVL) NVS/0-0 (1/370.8/NVL) CPU/0-0 (3/22.0/SYS) CPU/0-1 (2/48.0/PHB) 
furious-puma-1:172840:174074 [4] NCCL INFO  0 : GPU/0-7f000
furious-puma-1:172840:174074 [4] NCCL INFO  1 : GPU/0-8f000
furious-puma-1:172840:174074 [4] NCCL INFO  2 : GPU/0-9f000
furious-puma-1:172840:174074 [4] NCCL INFO  3 : GPU/0-af000
furious-puma-1:172840:174074 [4] NCCL INFO  4 : GPU/0-bf000
furious-puma-1:172840:174074 [4] NCCL INFO  5 : GPU/0-cf000
furious-puma-1:172836:174158 [0] NCCL INFO GPU/0-ef000 :GPU/0-7f000 (2/370.8/NVL) GPU/0-8f000 (2/370.8/NVL) GPU/0-9f000 (2/370.8/NVL) GPU/0-af000 (2/370.8/NVL) GPU/0-bf000 (2/370.8/NVL) GPU/0-cf000 (2/370.8/NVL) GPU/0-df000 (2/370.8/NVL) GPU/0-ef000 (0/5000.0/LOC) NVS/0-0 (1/370.8/NVL) CPU/0-0 (3/22.0/SYS) CPU/0-1 (2/48.0/PHB) 
furious-puma-1:172840:174074 [4] NCCL INFO  6 : GPU/0-df000
furious-puma-1:172840:174074 [4] NCCL INFO  7 : GPU/0-ef000
furious-puma-1:172836:174158 [0] NCCL INFO Setting affinity for GPU 0 to 0-79
furious-puma-1:172836:174158 [0] NCCL INFO NVLS multicast support is available on dev 0 (NVLS_NCHANNELS 16)
furious-puma-1:172838:174066 [2] NCCL INFO Pattern 5, crossNic 0, nChannels 8, bw 40.000000/60.000000, type NVL/PIX, sameChannels 0
furious-puma-1:172838:174066 [2] NCCL INFO  0 : GPU/0-7f000
furious-puma-1:172838:174066 [2] NCCL INFO  1 : GPU/0-8f000
furious-puma-1:172838:174066 [2] NCCL INFO  2 : GPU/0-9f000
furious-puma-1:172838:174066 [2] NCCL INFO  3 : GPU/0-af000
furious-puma-1:172838:174066 [2] NCCL INFO  4 : GPU/0-bf000
furious-puma-1:172838:174066 [2] NCCL INFO  5 : GPU/0-cf000
furious-puma-1:172838:174066 [2] NCCL INFO  6 : GPU/0-df000
furious-puma-1:172838:174066 [2] NCCL INFO  7 : GPU/0-ef000
furious-puma-1:172841:174152 [5] NCCL INFO === System : maxBw 370.8 totalBw 370.8 ===
furious-puma-1:172841:174152 [5] NCCL INFO CPU/0-0 (1/1/3)
furious-puma-1:172841:174152 [5] NCCL INFO + PCI[48.0] - PCI/0-ffffff010 (0)
furious-puma-1:172841:174152 [5] NCCL INFO               + PCI[48.0] - GPU/0-7f000 (0)
furious-puma-1:172841:174152 [5] NCCL INFO                             + NVL[370.8] - NVS/0-0
furious-puma-1:172841:174152 [5] NCCL INFO               + PCI[48.0] - NIC/0-80000
furious-puma-1:172841:174152 [5] NCCL INFO + PCI[48.0] - PCI/0-ffffff020 (0)
furious-puma-1:172841:174152 [5] NCCL INFO               + PCI[48.0] - NIC/0-90000
furious-puma-1:172841:174152 [5] NCCL INFO               + PCI[48.0] - GPU/0-8f000 (1)
furious-puma-1:172841:174152 [5] NCCL INFO                             + NVL[370.8] - NVS/0-0
furious-puma-1:172841:174152 [5] NCCL INFO + PCI[48.0] - PCI/0-ffffff030 (0)
furious-puma-1:172841:174152 [5] NCCL INFO               + PCI[48.0] - NIC/0-a0000
furious-puma-1:172841:174152 [5] NCCL INFO               + PCI[48.0] - GPU/0-9f000 (2)
furious-puma-1:172841:174152 [5] NCCL INFO                             + NVL[370.8] - NVS/0-0
furious-puma-1:172841:174152 [5] NCCL INFO + PCI[48.0] - PCI/0-ffffff040 (0)
furious-puma-1:172841:174152 [5] NCCL INFO               + PCI[48.0] - NIC/0-b0000
furious-puma-1:172841:174152 [5] NCCL INFO               + PCI[48.0] - GPU/0-af000 (3)
furious-puma-1:172841:174152 [5] NCCL INFO                             + NVL[370.8] - NVS/0-0
furious-puma-1:172841:174152 [5] NCCL INFO + SYS[22.0] - CPU/0-1
furious-puma-1:172841:174152 [5] NCCL INFO CPU/0-1 (1/1/3)
furious-puma-1:172841:174152 [5] NCCL INFO + PCI[48.0] - PCI/0-ffffff050 (0)
furious-puma-1:172841:174152 [5] NCCL INFO               + PCI[48.0] - NIC/0-c0000
furious-puma-1:172841:174152 [5] NCCL INFO               + PCI[48.0] - GPU/0-bf000 (4)
furious-puma-1:172841:174152 [5] NCCL INFO                             + NVL[370.8] - NVS/0-0
furious-puma-1:172841:174152 [5] NCCL INFO + PCI[48.0] - PCI/0-ffffff060 (0)
furious-puma-1:172841:174152 [5] NCCL INFO               + PCI[48.0] - NIC/0-d0000
furious-puma-1:172841:174152 [5] NCCL INFO               + PCI[48.0] - GPU/0-cf000 (5)
furious-puma-1:172841:174152 [5] NCCL INFO                             + NVL[370.8] - NVS/0-0
furious-puma-1:172841:174152 [5] NCCL INFO + PCI[48.0] - PCI/0-ffffff070 (0)
furious-puma-1:172841:174152 [5] NCCL INFO               + PCI[48.0] - NIC/0-e0000
furious-puma-1:172841:174152 [5] NCCL INFO               + PCI[48.0] - GPU/0-df000 (6)
furious-puma-1:172841:174152 [5] NCCL INFO                             + NVL[370.8] - NVS/0-0
furious-puma-1:172841:174152 [5] NCCL INFO + PCI[48.0] - PCI/0-ffffff080 (0)
furious-puma-1:172841:174152 [5] NCCL INFO               + PCI[48.0] - NIC/0-f0000
furious-puma-1:172841:174152 [5] NCCL INFO               + PCI[48.0] - GPU/0-ef000 (7)
furious-puma-1:172841:174152 [5] NCCL INFO                             + NVL[370.8] - NVS/0-0
furious-puma-1:172841:174152 [5] NCCL INFO + SYS[22.0] - CPU/0-0
furious-puma-1:172841:174152 [5] NCCL INFO ==========================================
furious-puma-1:172841:174152 [5] NCCL INFO GPU/0-7f000 :GPU/0-7f000 (0/5000.0/LOC) GPU/0-8f000 (2/370.8/NVL) GPU/0-9f000 (2/370.8/NVL) GPU/0-af000 (2/370.8/NVL) GPU/0-bf000 (2/370.8/NVL) GPU/0-cf000 (2/370.8/NVL) GPU/0-df000 (2/370.8/NVL) GPU/0-ef000 (2/370.8/NVL) NVS/0-0 (1/370.8/NVL) CPU/0-0 (2/48.0/PHB) CPU/0-1 (3/22.0/SYS) 
furious-puma-1:172841:174152 [5] NCCL INFO GPU/0-8f000 :GPU/0-7f000 (2/370.8/NVL) GPU/0-8f000 (0/5000.0/LOC) GPU/0-9f000 (2/370.8/NVL) GPU/0-af000 (2/370.8/NVL) GPU/0-bf000 (2/370.8/NVL) GPU/0-cf000 (2/370.8/NVL) GPU/0-df000 (2/370.8/NVL) GPU/0-ef000 (2/370.8/NVL) NVS/0-0 (1/370.8/NVL) CPU/0-0 (2/48.0/PHB) CPU/0-1 (3/22.0/SYS) 
furious-puma-1:172841:174152 [5] NCCL INFO GPU/0-9f000 :GPU/0-7f000 (2/370.8/NVL) GPU/0-8f000 (2/370.8/NVL) GPU/0-9f000 (0/5000.0/LOC) GPU/0-af000 (2/370.8/NVL) GPU/0-bf000 (2/370.8/NVL) GPU/0-cf000 (2/370.8/NVL) GPU/0-df000 (2/370.8/NVL) GPU/0-ef000 (2/370.8/NVL) NVS/0-0 (1/370.8/NVL) CPU/0-0 (2/48.0/PHB) CPU/0-1 (3/22.0/SYS) 
furious-puma-1:172841:174152 [5] NCCL INFO GPU/0-af000 :GPU/0-7f000 (2/370.8/NVL) GPU/0-8f000 (2/370.8/NVL) GPU/0-9f000 (2/370.8/NVL) GPU/0-af000 (0/5000.0/LOC) GPU/0-bf000 (2/370.8/NVL) GPU/0-cf000 (2/370.8/NVL) GPU/0-df000 (2/370.8/NVL) GPU/0-ef000 (2/370.8/NVL) NVS/0-0 (1/370.8/NVL) CPU/0-0 (2/48.0/PHB) CPU/0-1 (3/22.0/SYS) 
furious-puma-1:172841:174152 [5] NCCL INFO GPU/0-bf000 :GPU/0-7f000 (2/370.8/NVL) GPU/0-8f000 (2/370.8/NVL) GPU/0-9f000 (2/370.8/NVL) GPU/0-af000 (2/370.8/NVL) GPU/0-bf000 (0/5000.0/LOC) GPU/0-cf000 (2/370.8/NVL) GPU/0-df000 (2/370.8/NVL) GPU/0-ef000 (2/370.8/NVL) NVS/0-0 (1/370.8/NVL) CPU/0-0 (3/22.0/SYS) CPU/0-1 (2/48.0/PHB) 
furious-puma-1:172841:174152 [5] NCCL INFO GPU/0-cf000 :GPU/0-7f000 (2/370.8/NVL) GPU/0-8f000 (2/370.8/NVL) GPU/0-9f000 (2/370.8/NVL) GPU/0-af000 (2/370.8/NVL) GPU/0-bf000 (2/370.8/NVL) GPU/0-cf000 (0/5000.0/LOC) GPU/0-df000 (2/370.8/NVL) GPU/0-ef000 (2/370.8/NVL) NVS/0-0 (1/370.8/NVL) CPU/0-0 (3/22.0/SYS) CPU/0-1 (2/48.0/PHB) 
furious-puma-1:172841:174152 [5] NCCL INFO GPU/0-df000 :GPU/0-7f000 (2/370.8/NVL) GPU/0-8f000 (2/370.8/NVL) GPU/0-9f000 (2/370.8/NVL) GPU/0-af000 (2/370.8/NVL) GPU/0-bf000 (2/370.8/NVL) GPU/0-cf000 (2/370.8/NVL) GPU/0-df000 (0/5000.0/LOC) GPU/0-ef000 (2/370.8/NVL) NVS/0-0 (1/370.8/NVL) CPU/0-0 (3/22.0/SYS) CPU/0-1 (2/48.0/PHB) 
furious-puma-1:172841:174152 [5] NCCL INFO GPU/0-ef000 :GPU/0-7f000 (2/370.8/NVL) GPU/0-8f000 (2/370.8/NVL) GPU/0-9f000 (2/370.8/NVL) GPU/0-af000 (2/370.8/NVL) GPU/0-bf000 (2/370.8/NVL) GPU/0-cf000 (2/370.8/NVL) GPU/0-df000 (2/370.8/NVL) GPU/0-ef000 (0/5000.0/LOC) NVS/0-0 (1/370.8/NVL) CPU/0-0 (3/22.0/SYS) CPU/0-1 (2/48.0/PHB) 
furious-puma-1:172841:174152 [5] NCCL INFO Setting affinity for GPU 5 to 80-159
furious-puma-1:172843:174236 [7] NCCL INFO === System : maxBw 370.8 totalBw 370.8 ===
furious-puma-1:172843:174236 [7] NCCL INFO CPU/0-0 (1/1/3)
furious-puma-1:172843:174236 [7] NCCL INFO + PCI[48.0] - PCI/0-ffffff010 (0)
furious-puma-1:172843:174236 [7] NCCL INFO               + PCI[48.0] - GPU/0-7f000 (0)
furious-puma-1:172843:174236 [7] NCCL INFO                             + NVL[370.8] - NVS/0-0
furious-puma-1:172843:174236 [7] NCCL INFO               + PCI[48.0] - NIC/0-80000
furious-puma-1:172843:174236 [7] NCCL INFO + PCI[48.0] - PCI/0-ffffff020 (0)
furious-puma-1:172843:174236 [7] NCCL INFO               + PCI[48.0] - NIC/0-90000
furious-puma-1:172843:174236 [7] NCCL INFO               + PCI[48.0] - GPU/0-8f000 (1)
furious-puma-1:172843:174236 [7] NCCL INFO                             + NVL[370.8] - NVS/0-0
furious-puma-1:172843:174236 [7] NCCL INFO + PCI[48.0] - PCI/0-ffffff030 (0)
furious-puma-1:172843:174236 [7] NCCL INFO               + PCI[48.0] - NIC/0-a0000
furious-puma-1:172843:174236 [7] NCCL INFO               + PCI[48.0] - GPU/0-9f000 (2)
furious-puma-1:172843:174236 [7] NCCL INFO                             + NVL[370.8] - NVS/0-0
furious-puma-1:172843:174236 [7] NCCL INFO + PCI[48.0] - PCI/0-ffffff040 (0)
furious-puma-1:172843:174236 [7] NCCL INFO               + PCI[48.0] - NIC/0-b0000
furious-puma-1:172843:174236 [7] NCCL INFO               + PCI[48.0] - GPU/0-af000 (3)
furious-puma-1:172843:174236 [7] NCCL INFO                             + NVL[370.8] - NVS/0-0
furious-puma-1:172843:174236 [7] NCCL INFO + SYS[22.0] - CPU/0-1
furious-puma-1:172843:174236 [7] NCCL INFO CPU/0-1 (1/1/3)
furious-puma-1:172843:174236 [7] NCCL INFO + PCI[48.0] - PCI/0-ffffff050 (0)
furious-puma-1:172843:174236 [7] NCCL INFO               + PCI[48.0] - NIC/0-c0000
furious-puma-1:172843:174236 [7] NCCL INFO               + PCI[48.0] - GPU/0-bf000 (4)
furious-puma-1:172843:174236 [7] NCCL INFO                             + NVL[370.8] - NVS/0-0
furious-puma-1:172843:174236 [7] NCCL INFO + PCI[48.0] - PCI/0-ffffff060 (0)
furious-puma-1:172843:174236 [7] NCCL INFO               + PCI[48.0] - NIC/0-d0000
furious-puma-1:172843:174236 [7] NCCL INFO               + PCI[48.0] - GPU/0-cf000 (5)
furious-puma-1:172843:174236 [7] NCCL INFO                             + NVL[370.8] - NVS/0-0
furious-puma-1:172843:174236 [7] NCCL INFO + PCI[48.0] - PCI/0-ffffff070 (0)
furious-puma-1:172843:174236 [7] NCCL INFO               + PCI[48.0] - NIC/0-e0000
furious-puma-1:172843:174236 [7] NCCL INFO               + PCI[48.0] - GPU/0-df000 (6)
furious-puma-1:172843:174236 [7] NCCL INFO                             + NVL[370.8] - NVS/0-0
furious-puma-1:172843:174236 [7] NCCL INFO + PCI[48.0] - PCI/0-ffffff080 (0)
furious-puma-1:172842:174072 [6] NCCL INFO === System : maxBw 370.8 totalBw 370.8 ===
furious-puma-1:172843:174236 [7] NCCL INFO               + PCI[48.0] - NIC/0-f0000
furious-puma-1:172843:174236 [7] NCCL INFO               + PCI[48.0] - GPU/0-ef000 (7)
furious-puma-1:172843:174236 [7] NCCL INFO                             + NVL[370.8] - NVS/0-0
furious-puma-1:172843:174236 [7] NCCL INFO + SYS[22.0] - CPU/0-0
furious-puma-1:172843:174236 [7] NCCL INFO ==========================================
furious-puma-1:172842:174072 [6] NCCL INFO CPU/0-0 (1/1/3)
furious-puma-1:172842:174072 [6] NCCL INFO + PCI[48.0] - PCI/0-ffffff010 (0)
furious-puma-1:172843:174236 [7] NCCL INFO GPU/0-7f000 :GPU/0-7f000 (0/5000.0/LOC) GPU/0-8f000 (2/370.8/NVL) GPU/0-9f000 (2/370.8/NVL) GPU/0-af000 (2/370.8/NVL) GPU/0-bf000 (2/370.8/NVL) GPU/0-cf000 (2/370.8/NVL) GPU/0-df000 (2/370.8/NVL) GPU/0-ef000 (2/370.8/NVL) NVS/0-0 (1/370.8/NVL) CPU/0-0 (2/48.0/PHB) CPU/0-1 (3/22.0/SYS) 
furious-puma-1:172842:174072 [6] NCCL INFO               + PCI[48.0] - GPU/0-7f000 (0)
furious-puma-1:172842:174072 [6] NCCL INFO                             + NVL[370.8] - NVS/0-0
furious-puma-1:172842:174072 [6] NCCL INFO               + PCI[48.0] - NIC/0-80000
furious-puma-1:172843:174236 [7] NCCL INFO GPU/0-8f000 :GPU/0-7f000 (2/370.8/NVL) GPU/0-8f000 (0/5000.0/LOC) GPU/0-9f000 (2/370.8/NVL) GPU/0-af000 (2/370.8/NVL) GPU/0-bf000 (2/370.8/NVL) GPU/0-cf000 (2/370.8/NVL) GPU/0-df000 (2/370.8/NVL) GPU/0-ef000 (2/370.8/NVL) NVS/0-0 (1/370.8/NVL) CPU/0-0 (2/48.0/PHB) CPU/0-1 (3/22.0/SYS) 
furious-puma-1:172842:174072 [6] NCCL INFO + PCI[48.0] - PCI/0-ffffff020 (0)
furious-puma-1:172842:174072 [6] NCCL INFO               + PCI[48.0] - NIC/0-90000
furious-puma-1:172842:174072 [6] NCCL INFO               + PCI[48.0] - GPU/0-8f000 (1)
furious-puma-1:172842:174072 [6] NCCL INFO                             + NVL[370.8] - NVS/0-0
furious-puma-1:172842:174072 [6] NCCL INFO + PCI[48.0] - PCI/0-ffffff030 (0)
furious-puma-1:172842:174072 [6] NCCL INFO               + PCI[48.0] - NIC/0-a0000
furious-puma-1:172842:174072 [6] NCCL INFO               + PCI[48.0] - GPU/0-9f000 (2)
furious-puma-1:172842:174072 [6] NCCL INFO                             + NVL[370.8] - NVS/0-0
furious-puma-1:172842:174072 [6] NCCL INFO + PCI[48.0] - PCI/0-ffffff040 (0)
furious-puma-1:172842:174072 [6] NCCL INFO               + PCI[48.0] - NIC/0-b0000
furious-puma-1:172842:174072 [6] NCCL INFO               + PCI[48.0] - GPU/0-af000 (3)
furious-puma-1:172842:174072 [6] NCCL INFO                             + NVL[370.8] - NVS/0-0
furious-puma-1:172842:174072 [6] NCCL INFO + SYS[22.0] - CPU/0-1
furious-puma-1:172839:174069 [3] NCCL INFO === System : maxBw 370.8 totalBw 370.8 ===
furious-puma-1:172842:174072 [6] NCCL INFO CPU/0-1 (1/1/3)
furious-puma-1:172841:174152 [5] NCCL INFO NVLS multicast support is available on dev 5 (NVLS_NCHANNELS 16)
furious-puma-1:172839:174069 [3] NCCL INFO CPU/0-0 (1/1/3)
furious-puma-1:172837:174086 [1] NCCL INFO === System : maxBw 370.8 totalBw 370.8 ===
furious-puma-1:172842:174072 [6] NCCL INFO + PCI[48.0] - PCI/0-ffffff050 (0)
furious-puma-1:172837:174086 [1] NCCL INFO CPU/0-0 (1/1/3)
furious-puma-1:172842:174072 [6] NCCL INFO               + PCI[48.0] - NIC/0-c0000
furious-puma-1:172839:174069 [3] NCCL INFO + PCI[48.0] - PCI/0-ffffff010 (0)
furious-puma-1:172837:174086 [1] NCCL INFO + PCI[48.0] - PCI/0-ffffff010 (0)
furious-puma-1:172839:174069 [3] NCCL INFO               + PCI[48.0] - GPU/0-7f000 (0)
furious-puma-1:172842:174072 [6] NCCL INFO               + PCI[48.0] - GPU/0-bf000 (4)
furious-puma-1:172837:174086 [1] NCCL INFO               + PCI[48.0] - GPU/0-7f000 (0)
furious-puma-1:172839:174069 [3] NCCL INFO                             + NVL[370.8] - NVS/0-0
furious-puma-1:172842:174072 [6] NCCL INFO                             + NVL[370.8] - NVS/0-0
furious-puma-1:172837:174086 [1] NCCL INFO                             + NVL[370.8] - NVS/0-0
furious-puma-1:172843:174236 [7] NCCL INFO GPU/0-9f000 :GPU/0-7f000 (2/370.8/NVL) GPU/0-8f000 (2/370.8/NVL) GPU/0-9f000 (0/5000.0/LOC) GPU/0-af000 (2/370.8/NVL) GPU/0-bf000 (2/370.8/NVL) GPU/0-cf000 (2/370.8/NVL) GPU/0-df000 (2/370.8/NVL) GPU/0-ef000 (2/370.8/NVL) NVS/0-0 (1/370.8/NVL) CPU/0-0 (2/48.0/PHB) CPU/0-1 (3/22.0/SYS) 
furious-puma-1:172839:174069 [3] NCCL INFO               + PCI[48.0] - NIC/0-80000
furious-puma-1:172837:174086 [1] NCCL INFO               + PCI[48.0] - NIC/0-80000
furious-puma-1:172842:174072 [6] NCCL INFO + PCI[48.0] - PCI/0-ffffff060 (0)
furious-puma-1:172839:174069 [3] NCCL INFO + PCI[48.0] - PCI/0-ffffff020 (0)
furious-puma-1:172837:174086 [1] NCCL INFO + PCI[48.0] - PCI/0-ffffff020 (0)
furious-puma-1:172842:174072 [6] NCCL INFO               + PCI[48.0] - NIC/0-d0000
furious-puma-1:172839:174069 [3] NCCL INFO               + PCI[48.0] - NIC/0-90000
furious-puma-1:172837:174086 [1] NCCL INFO               + PCI[48.0] - NIC/0-90000
furious-puma-1:172839:174069 [3] NCCL INFO               + PCI[48.0] - GPU/0-8f000 (1)
furious-puma-1:172837:174086 [1] NCCL INFO               + PCI[48.0] - GPU/0-8f000 (1)
furious-puma-1:172842:174072 [6] NCCL INFO               + PCI[48.0] - GPU/0-cf000 (5)
furious-puma-1:172843:174236 [7] NCCL INFO GPU/0-af000 :GPU/0-7f000 (2/370.8/NVL) GPU/0-8f000 (2/370.8/NVL) GPU/0-9f000 (2/370.8/NVL) GPU/0-af000 (0/5000.0/LOC) GPU/0-bf000 (2/370.8/NVL) GPU/0-cf000 (2/370.8/NVL) GPU/0-df000 (2/370.8/NVL) GPU/0-ef000 (2/370.8/NVL) NVS/0-0 (1/370.8/NVL) CPU/0-0 (2/48.0/PHB) CPU/0-1 (3/22.0/SYS) 
furious-puma-1:172839:174069 [3] NCCL INFO                             + NVL[370.8] - NVS/0-0
furious-puma-1:172837:174086 [1] NCCL INFO                             + NVL[370.8] - NVS/0-0
furious-puma-1:172842:174072 [6] NCCL INFO                             + NVL[370.8] - NVS/0-0
furious-puma-1:172839:174069 [3] NCCL INFO + PCI[48.0] - PCI/0-ffffff030 (0)
furious-puma-1:172837:174086 [1] NCCL INFO + PCI[48.0] - PCI/0-ffffff030 (0)
furious-puma-1:172842:174072 [6] NCCL INFO + PCI[48.0] - PCI/0-ffffff070 (0)
furious-puma-1:172839:174069 [3] NCCL INFO               + PCI[48.0] - NIC/0-a0000
furious-puma-1:172837:174086 [1] NCCL INFO               + PCI[48.0] - NIC/0-a0000
furious-puma-1:172839:174069 [3] NCCL INFO               + PCI[48.0] - GPU/0-9f000 (2)
furious-puma-1:172837:174086 [1] NCCL INFO               + PCI[48.0] - GPU/0-9f000 (2)
furious-puma-1:172842:174072 [6] NCCL INFO               + PCI[48.0] - NIC/0-e0000
furious-puma-1:172843:174236 [7] NCCL INFO GPU/0-bf000 :GPU/0-7f000 (2/370.8/NVL) GPU/0-8f000 (2/370.8/NVL) GPU/0-9f000 (2/370.8/NVL) GPU/0-af000 (2/370.8/NVL) GPU/0-bf000 (0/5000.0/LOC) GPU/0-cf000 (2/370.8/NVL) GPU/0-df000 (2/370.8/NVL) GPU/0-ef000 (2/370.8/NVL) NVS/0-0 (1/370.8/NVL) CPU/0-0 (3/22.0/SYS) CPU/0-1 (2/48.0/PHB) 
furious-puma-1:172843:174236 [7] NCCL INFO GPU/0-cf000 :GPU/0-7f000 (2/370.8/NVL) GPU/0-8f000 (2/370.8/NVL) GPU/0-9f000 (2/370.8/NVL) GPU/0-af000 (2/370.8/NVL) GPU/0-bf000 (2/370.8/NVL) GPU/0-cf000 (0/5000.0/LOC) GPU/0-df000 (2/370.8/NVL) GPU/0-ef000 (2/370.8/NVL) NVS/0-0 (1/370.8/NVL) CPU/0-0 (3/22.0/SYS) CPU/0-1 (2/48.0/PHB) 
furious-puma-1:172837:174086 [1] NCCL INFO                             + NVL[370.8] - NVS/0-0
furious-puma-1:172839:174069 [3] NCCL INFO                             + NVL[370.8] - NVS/0-0
furious-puma-1:172842:174072 [6] NCCL INFO               + PCI[48.0] - GPU/0-df000 (6)
furious-puma-1:172837:174086 [1] NCCL INFO + PCI[48.0] - PCI/0-ffffff040 (0)
furious-puma-1:172839:174069 [3] NCCL INFO + PCI[48.0] - PCI/0-ffffff040 (0)
furious-puma-1:172842:174072 [6] NCCL INFO                             + NVL[370.8] - NVS/0-0
furious-puma-1:172837:174086 [1] NCCL INFO               + PCI[48.0] - NIC/0-b0000
furious-puma-1:172839:174069 [3] NCCL INFO               + PCI[48.0] - NIC/0-b0000
furious-puma-1:172837:174086 [1] NCCL INFO               + PCI[48.0] - GPU/0-af000 (3)
furious-puma-1:172839:174069 [3] NCCL INFO               + PCI[48.0] - GPU/0-af000 (3)
furious-puma-1:172842:174072 [6] NCCL INFO + PCI[48.0] - PCI/0-ffffff080 (0)
furious-puma-1:172843:174236 [7] NCCL INFO GPU/0-df000 :GPU/0-7f000 (2/370.8/NVL) GPU/0-8f000 (2/370.8/NVL) GPU/0-9f000 (2/370.8/NVL) GPU/0-af000 (2/370.8/NVL) GPU/0-bf000 (2/370.8/NVL) GPU/0-cf000 (2/370.8/NVL) GPU/0-df000 (0/5000.0/LOC) GPU/0-ef000 (2/370.8/NVL) NVS/0-0 (1/370.8/NVL) CPU/0-0 (3/22.0/SYS) CPU/0-1 (2/48.0/PHB) 
furious-puma-1:172837:174086 [1] NCCL INFO                             + NVL[370.8] - NVS/0-0
furious-puma-1:172839:174069 [3] NCCL INFO                             + NVL[370.8] - NVS/0-0
furious-puma-1:172842:174072 [6] NCCL INFO               + PCI[48.0] - NIC/0-f0000
furious-puma-1:172839:174069 [3] NCCL INFO + SYS[22.0] - CPU/0-1
furious-puma-1:172837:174086 [1] NCCL INFO + SYS[22.0] - CPU/0-1
furious-puma-1:172839:174069 [3] NCCL INFO CPU/0-1 (1/1/3)
furious-puma-1:172837:174086 [1] NCCL INFO CPU/0-1 (1/1/3)
furious-puma-1:172842:174072 [6] NCCL INFO               + PCI[48.0] - GPU/0-ef000 (7)
furious-puma-1:172839:174069 [3] NCCL INFO + PCI[48.0] - PCI/0-ffffff050 (0)
furious-puma-1:172837:174086 [1] NCCL INFO + PCI[48.0] - PCI/0-ffffff050 (0)
furious-puma-1:172842:174072 [6] NCCL INFO                             + NVL[370.8] - NVS/0-0
furious-puma-1:172843:174236 [7] NCCL INFO GPU/0-ef000 :GPU/0-7f000 (2/370.8/NVL) GPU/0-8f000 (2/370.8/NVL) GPU/0-9f000 (2/370.8/NVL) GPU/0-af000 (2/370.8/NVL) GPU/0-bf000 (2/370.8/NVL) GPU/0-cf000 (2/370.8/NVL) GPU/0-df000 (2/370.8/NVL) GPU/0-ef000 (0/5000.0/LOC) NVS/0-0 (1/370.8/NVL) CPU/0-0 (3/22.0/SYS) CPU/0-1 (2/48.0/PHB) 
furious-puma-1:172839:174069 [3] NCCL INFO               + PCI[48.0] - NIC/0-c0000
furious-puma-1:172837:174086 [1] NCCL INFO               + PCI[48.0] - NIC/0-c0000
furious-puma-1:172842:174072 [6] NCCL INFO + SYS[22.0] - CPU/0-0
furious-puma-1:172839:174069 [3] NCCL INFO               + PCI[48.0] - GPU/0-bf000 (4)
furious-puma-1:172837:174086 [1] NCCL INFO               + PCI[48.0] - GPU/0-bf000 (4)
furious-puma-1:172842:174072 [6] NCCL INFO ==========================================
furious-puma-1:172839:174069 [3] NCCL INFO                             + NVL[370.8] - NVS/0-0
furious-puma-1:172837:174086 [1] NCCL INFO                             + NVL[370.8] - NVS/0-0
furious-puma-1:172843:174236 [7] NCCL INFO Setting affinity for GPU 7 to 80-159
furious-puma-1:172839:174069 [3] NCCL INFO + PCI[48.0] - PCI/0-ffffff060 (0)
furious-puma-1:172837:174086 [1] NCCL INFO + PCI[48.0] - PCI/0-ffffff060 (0)
furious-puma-1:172839:174069 [3] NCCL INFO               + PCI[48.0] - NIC/0-d0000
furious-puma-1:172837:174086 [1] NCCL INFO               + PCI[48.0] - NIC/0-d0000
furious-puma-1:172839:174069 [3] NCCL INFO               + PCI[48.0] - GPU/0-cf000 (5)
furious-puma-1:172837:174086 [1] NCCL INFO               + PCI[48.0] - GPU/0-cf000 (5)
furious-puma-1:172839:174069 [3] NCCL INFO                             + NVL[370.8] - NVS/0-0
furious-puma-1:172837:174086 [1] NCCL INFO                             + NVL[370.8] - NVS/0-0
furious-puma-1:172839:174069 [3] NCCL INFO + PCI[48.0] - PCI/0-ffffff070 (0)
furious-puma-1:172837:174086 [1] NCCL INFO + PCI[48.0] - PCI/0-ffffff070 (0)
furious-puma-1:172839:174069 [3] NCCL INFO               + PCI[48.0] - NIC/0-e0000
furious-puma-1:172837:174086 [1] NCCL INFO               + PCI[48.0] - NIC/0-e0000
furious-puma-1:172839:174069 [3] NCCL INFO               + PCI[48.0] - GPU/0-df000 (6)
furious-puma-1:172837:174086 [1] NCCL INFO               + PCI[48.0] - GPU/0-df000 (6)
furious-puma-1:172839:174069 [3] NCCL INFO                             + NVL[370.8] - NVS/0-0
furious-puma-1:172837:174086 [1] NCCL INFO                             + NVL[370.8] - NVS/0-0
furious-puma-1:172842:174072 [6] NCCL INFO GPU/0-7f000 :GPU/0-7f000 (0/5000.0/LOC) GPU/0-8f000 (2/370.8/NVL) GPU/0-9f000 (2/370.8/NVL) GPU/0-af000 (2/370.8/NVL) GPU/0-bf000 (2/370.8/NVL) GPU/0-cf000 (2/370.8/NVL) GPU/0-df000 (2/370.8/NVL) GPU/0-ef000 (2/370.8/NVL) NVS/0-0 (1/370.8/NVL) CPU/0-0 (2/48.0/PHB) CPU/0-1 (3/22.0/SYS) 
furious-puma-1:172839:174069 [3] NCCL INFO + PCI[48.0] - PCI/0-ffffff080 (0)
furious-puma-1:172837:174086 [1] NCCL INFO + PCI[48.0] - PCI/0-ffffff080 (0)
furious-puma-1:172839:174069 [3] NCCL INFO               + PCI[48.0] - NIC/0-f0000
furious-puma-1:172837:174086 [1] NCCL INFO               + PCI[48.0] - NIC/0-f0000
furious-puma-1:172839:174069 [3] NCCL INFO               + PCI[48.0] - GPU/0-ef000 (7)
furious-puma-1:172837:174086 [1] NCCL INFO               + PCI[48.0] - GPU/0-ef000 (7)
furious-puma-1:172839:174069 [3] NCCL INFO                             + NVL[370.8] - NVS/0-0
furious-puma-1:172837:174086 [1] NCCL INFO                             + NVL[370.8] - NVS/0-0
furious-puma-1:172839:174069 [3] NCCL INFO + SYS[22.0] - CPU/0-0
furious-puma-1:172837:174086 [1] NCCL INFO + SYS[22.0] - CPU/0-0
furious-puma-1:172839:174069 [3] NCCL INFO ==========================================
furious-puma-1:172837:174086 [1] NCCL INFO ==========================================
furious-puma-1:172842:174072 [6] NCCL INFO GPU/0-8f000 :GPU/0-7f000 (2/370.8/NVL) GPU/0-8f000 (0/5000.0/LOC) GPU/0-9f000 (2/370.8/NVL) GPU/0-af000 (2/370.8/NVL) GPU/0-bf000 (2/370.8/NVL) GPU/0-cf000 (2/370.8/NVL) GPU/0-df000 (2/370.8/NVL) GPU/0-ef000 (2/370.8/NVL) NVS/0-0 (1/370.8/NVL) CPU/0-0 (2/48.0/PHB) CPU/0-1 (3/22.0/SYS) 
furious-puma-1:172837:174086 [1] NCCL INFO GPU/0-7f000 :GPU/0-7f000 (0/5000.0/LOC) GPU/0-8f000 (2/370.8/NVL) GPU/0-9f000 (2/370.8/NVL) GPU/0-af000 (2/370.8/NVL) GPU/0-bf000 (2/370.8/NVL) GPU/0-cf000 (2/370.8/NVL) GPU/0-df000 (2/370.8/NVL) GPU/0-ef000 (2/370.8/NVL) NVS/0-0 (1/370.8/NVL) CPU/0-0 (2/48.0/PHB) CPU/0-1 (3/22.0/SYS) 
furious-puma-1:172839:174069 [3] NCCL INFO GPU/0-7f000 :GPU/0-7f000 (0/5000.0/LOC) GPU/0-8f000 (2/370.8/NVL) GPU/0-9f000 (2/370.8/NVL) GPU/0-af000 (2/370.8/NVL) GPU/0-bf000 (2/370.8/NVL) GPU/0-cf000 (2/370.8/NVL) GPU/0-df000 (2/370.8/NVL) GPU/0-ef000 (2/370.8/NVL) NVS/0-0 (1/370.8/NVL) CPU/0-0 (2/48.0/PHB) CPU/0-1 (3/22.0/SYS) 
furious-puma-1:172842:174072 [6] NCCL INFO GPU/0-9f000 :GPU/0-7f000 (2/370.8/NVL) GPU/0-8f000 (2/370.8/NVL) GPU/0-9f000 (0/5000.0/LOC) GPU/0-af000 (2/370.8/NVL) GPU/0-bf000 (2/370.8/NVL) GPU/0-cf000 (2/370.8/NVL) GPU/0-df000 (2/370.8/NVL) GPU/0-ef000 (2/370.8/NVL) NVS/0-0 (1/370.8/NVL) CPU/0-0 (2/48.0/PHB) CPU/0-1 (3/22.0/SYS) 
furious-puma-1:172837:174086 [1] NCCL INFO GPU/0-8f000 :GPU/0-7f000 (2/370.8/NVL) GPU/0-8f000 (0/5000.0/LOC) GPU/0-9f000 (2/370.8/NVL) GPU/0-af000 (2/370.8/NVL) GPU/0-bf000 (2/370.8/NVL) GPU/0-cf000 (2/370.8/NVL) GPU/0-df000 (2/370.8/NVL) GPU/0-ef000 (2/370.8/NVL) NVS/0-0 (1/370.8/NVL) CPU/0-0 (2/48.0/PHB) CPU/0-1 (3/22.0/SYS) 
furious-puma-1:172839:174069 [3] NCCL INFO GPU/0-8f000 :GPU/0-7f000 (2/370.8/NVL) GPU/0-8f000 (0/5000.0/LOC) GPU/0-9f000 (2/370.8/NVL) GPU/0-af000 (2/370.8/NVL) GPU/0-bf000 (2/370.8/NVL) GPU/0-cf000 (2/370.8/NVL) GPU/0-df000 (2/370.8/NVL) GPU/0-ef000 (2/370.8/NVL) NVS/0-0 (1/370.8/NVL) CPU/0-0 (2/48.0/PHB) CPU/0-1 (3/22.0/SYS) 
furious-puma-1:172837:174086 [1] NCCL INFO GPU/0-9f000 :GPU/0-7f000 (2/370.8/NVL) GPU/0-8f000 (2/370.8/NVL) GPU/0-9f000 (0/5000.0/LOC) GPU/0-af000 (2/370.8/NVL) GPU/0-bf000 (2/370.8/NVL) GPU/0-cf000 (2/370.8/NVL) GPU/0-df000 (2/370.8/NVL) GPU/0-ef000 (2/370.8/NVL) NVS/0-0 (1/370.8/NVL) CPU/0-0 (2/48.0/PHB) CPU/0-1 (3/22.0/SYS) 
furious-puma-1:172839:174069 [3] NCCL INFO GPU/0-9f000 :GPU/0-7f000 (2/370.8/NVL) GPU/0-8f000 (2/370.8/NVL) GPU/0-9f000 (0/5000.0/LOC) GPU/0-af000 (2/370.8/NVL) GPU/0-bf000 (2/370.8/NVL) GPU/0-cf000 (2/370.8/NVL) GPU/0-df000 (2/370.8/NVL) GPU/0-ef000 (2/370.8/NVL) NVS/0-0 (1/370.8/NVL) CPU/0-0 (2/48.0/PHB) CPU/0-1 (3/22.0/SYS) 
furious-puma-1:172842:174072 [6] NCCL INFO GPU/0-af000 :GPU/0-7f000 (2/370.8/NVL) GPU/0-8f000 (2/370.8/NVL) GPU/0-9f000 (2/370.8/NVL) GPU/0-af000 (0/5000.0/LOC) GPU/0-bf000 (2/370.8/NVL) GPU/0-cf000 (2/370.8/NVL) GPU/0-df000 (2/370.8/NVL) GPU/0-ef000 (2/370.8/NVL) NVS/0-0 (1/370.8/NVL) CPU/0-0 (2/48.0/PHB) CPU/0-1 (3/22.0/SYS) 
furious-puma-1:172837:174086 [1] NCCL INFO GPU/0-af000 :GPU/0-7f000 (2/370.8/NVL) GPU/0-8f000 (2/370.8/NVL) GPU/0-9f000 (2/370.8/NVL) GPU/0-af000 (0/5000.0/LOC) GPU/0-bf000 (2/370.8/NVL) GPU/0-cf000 (2/370.8/NVL) GPU/0-df000 (2/370.8/NVL) GPU/0-ef000 (2/370.8/NVL) NVS/0-0 (1/370.8/NVL) CPU/0-0 (2/48.0/PHB) CPU/0-1 (3/22.0/SYS) 
furious-puma-1:172839:174069 [3] NCCL INFO GPU/0-af000 :GPU/0-7f000 (2/370.8/NVL) GPU/0-8f000 (2/370.8/NVL) GPU/0-9f000 (2/370.8/NVL) GPU/0-af000 (0/5000.0/LOC) GPU/0-bf000 (2/370.8/NVL) GPU/0-cf000 (2/370.8/NVL) GPU/0-df000 (2/370.8/NVL) GPU/0-ef000 (2/370.8/NVL) NVS/0-0 (1/370.8/NVL) CPU/0-0 (2/48.0/PHB) CPU/0-1 (3/22.0/SYS) 
furious-puma-1:172842:174072 [6] NCCL INFO GPU/0-bf000 :GPU/0-7f000 (2/370.8/NVL) GPU/0-8f000 (2/370.8/NVL) GPU/0-9f000 (2/370.8/NVL) GPU/0-af000 (2/370.8/NVL) GPU/0-bf000 (0/5000.0/LOC) GPU/0-cf000 (2/370.8/NVL) GPU/0-df000 (2/370.8/NVL) GPU/0-ef000 (2/370.8/NVL) NVS/0-0 (1/370.8/NVL) CPU/0-0 (3/22.0/SYS) CPU/0-1 (2/48.0/PHB) 
furious-puma-1:172837:174086 [1] NCCL INFO GPU/0-bf000 :GPU/0-7f000 (2/370.8/NVL) GPU/0-8f000 (2/370.8/NVL) GPU/0-9f000 (2/370.8/NVL) GPU/0-af000 (2/370.8/NVL) GPU/0-bf000 (0/5000.0/LOC) GPU/0-cf000 (2/370.8/NVL) GPU/0-df000 (2/370.8/NVL) GPU/0-ef000 (2/370.8/NVL) NVS/0-0 (1/370.8/NVL) CPU/0-0 (3/22.0/SYS) CPU/0-1 (2/48.0/PHB) 
furious-puma-1:172839:174069 [3] NCCL INFO GPU/0-bf000 :GPU/0-7f000 (2/370.8/NVL) GPU/0-8f000 (2/370.8/NVL) GPU/0-9f000 (2/370.8/NVL) GPU/0-af000 (2/370.8/NVL) GPU/0-bf000 (0/5000.0/LOC) GPU/0-cf000 (2/370.8/NVL) GPU/0-df000 (2/370.8/NVL) GPU/0-ef000 (2/370.8/NVL) NVS/0-0 (1/370.8/NVL) CPU/0-0 (3/22.0/SYS) CPU/0-1 (2/48.0/PHB) 
furious-puma-1:172842:174072 [6] NCCL INFO GPU/0-cf000 :GPU/0-7f000 (2/370.8/NVL) GPU/0-8f000 (2/370.8/NVL) GPU/0-9f000 (2/370.8/NVL) GPU/0-af000 (2/370.8/NVL) GPU/0-bf000 (2/370.8/NVL) GPU/0-cf000 (0/5000.0/LOC) GPU/0-df000 (2/370.8/NVL) GPU/0-ef000 (2/370.8/NVL) NVS/0-0 (1/370.8/NVL) CPU/0-0 (3/22.0/SYS) CPU/0-1 (2/48.0/PHB) 
furious-puma-1:172839:174069 [3] NCCL INFO GPU/0-cf000 :GPU/0-7f000 (2/370.8/NVL) GPU/0-8f000 (2/370.8/NVL) GPU/0-9f000 (2/370.8/NVL) GPU/0-af000 (2/370.8/NVL) GPU/0-bf000 (2/370.8/NVL) GPU/0-cf000 (0/5000.0/LOC) GPU/0-df000 (2/370.8/NVL) GPU/0-ef000 (2/370.8/NVL) NVS/0-0 (1/370.8/NVL) CPU/0-0 (3/22.0/SYS) CPU/0-1 (2/48.0/PHB) 
furious-puma-1:172837:174086 [1] NCCL INFO GPU/0-cf000 :GPU/0-7f000 (2/370.8/NVL) GPU/0-8f000 (2/370.8/NVL) GPU/0-9f000 (2/370.8/NVL) GPU/0-af000 (2/370.8/NVL) GPU/0-bf000 (2/370.8/NVL) GPU/0-cf000 (0/5000.0/LOC) GPU/0-df000 (2/370.8/NVL) GPU/0-ef000 (2/370.8/NVL) NVS/0-0 (1/370.8/NVL) CPU/0-0 (3/22.0/SYS) CPU/0-1 (2/48.0/PHB) 
furious-puma-1:172839:174069 [3] NCCL INFO GPU/0-df000 :GPU/0-7f000 (2/370.8/NVL) GPU/0-8f000 (2/370.8/NVL) GPU/0-9f000 (2/370.8/NVL) GPU/0-af000 (2/370.8/NVL) GPU/0-bf000 (2/370.8/NVL) GPU/0-cf000 (2/370.8/NVL) GPU/0-df000 (0/5000.0/LOC) GPU/0-ef000 (2/370.8/NVL) NVS/0-0 (1/370.8/NVL) CPU/0-0 (3/22.0/SYS) CPU/0-1 (2/48.0/PHB) 
furious-puma-1:172837:174086 [1] NCCL INFO GPU/0-df000 :GPU/0-7f000 (2/370.8/NVL) GPU/0-8f000 (2/370.8/NVL) GPU/0-9f000 (2/370.8/NVL) GPU/0-af000 (2/370.8/NVL) GPU/0-bf000 (2/370.8/NVL) GPU/0-cf000 (2/370.8/NVL) GPU/0-df000 (0/5000.0/LOC) GPU/0-ef000 (2/370.8/NVL) NVS/0-0 (1/370.8/NVL) CPU/0-0 (3/22.0/SYS) CPU/0-1 (2/48.0/PHB) 
furious-puma-1:172842:174072 [6] NCCL INFO GPU/0-df000 :GPU/0-7f000 (2/370.8/NVL) GPU/0-8f000 (2/370.8/NVL) GPU/0-9f000 (2/370.8/NVL) GPU/0-af000 (2/370.8/NVL) GPU/0-bf000 (2/370.8/NVL) GPU/0-cf000 (2/370.8/NVL) GPU/0-df000 (0/5000.0/LOC) GPU/0-ef000 (2/370.8/NVL) NVS/0-0 (1/370.8/NVL) CPU/0-0 (3/22.0/SYS) CPU/0-1 (2/48.0/PHB) 
furious-puma-1:172839:174069 [3] NCCL INFO GPU/0-ef000 :GPU/0-7f000 (2/370.8/NVL) GPU/0-8f000 (2/370.8/NVL) GPU/0-9f000 (2/370.8/NVL) GPU/0-af000 (2/370.8/NVL) GPU/0-bf000 (2/370.8/NVL) GPU/0-cf000 (2/370.8/NVL) GPU/0-df000 (2/370.8/NVL) GPU/0-ef000 (0/5000.0/LOC) NVS/0-0 (1/370.8/NVL) CPU/0-0 (3/22.0/SYS) CPU/0-1 (2/48.0/PHB) 
furious-puma-1:172837:174086 [1] NCCL INFO GPU/0-ef000 :GPU/0-7f000 (2/370.8/NVL) GPU/0-8f000 (2/370.8/NVL) GPU/0-9f000 (2/370.8/NVL) GPU/0-af000 (2/370.8/NVL) GPU/0-bf000 (2/370.8/NVL) GPU/0-cf000 (2/370.8/NVL) GPU/0-df000 (2/370.8/NVL) GPU/0-ef000 (0/5000.0/LOC) NVS/0-0 (1/370.8/NVL) CPU/0-0 (3/22.0/SYS) CPU/0-1 (2/48.0/PHB) 
furious-puma-1:172839:174069 [3] NCCL INFO Setting affinity for GPU 3 to 0-79
furious-puma-1:172837:174086 [1] NCCL INFO Setting affinity for GPU 1 to 0-79
furious-puma-1:172842:174072 [6] NCCL INFO GPU/0-ef000 :GPU/0-7f000 (2/370.8/NVL) GPU/0-8f000 (2/370.8/NVL) GPU/0-9f000 (2/370.8/NVL) GPU/0-af000 (2/370.8/NVL) GPU/0-bf000 (2/370.8/NVL) GPU/0-cf000 (2/370.8/NVL) GPU/0-df000 (2/370.8/NVL) GPU/0-ef000 (0/5000.0/LOC) NVS/0-0 (1/370.8/NVL) CPU/0-0 (3/22.0/SYS) CPU/0-1 (2/48.0/PHB) 
furious-puma-1:172843:174236 [7] NCCL INFO NVLS multicast support is available on dev 7 (NVLS_NCHANNELS 16)
furious-puma-1:172842:174072 [6] NCCL INFO Setting affinity for GPU 6 to 80-159
furious-puma-1:172842:174072 [6] NCCL INFO NVLS multicast support is available on dev 6 (NVLS_NCHANNELS 16)
furious-puma-1:172837:174086 [1] NCCL INFO NVLS multicast support is available on dev 1 (NVLS_NCHANNELS 16)
furious-puma-1:172839:174069 [3] NCCL INFO NVLS multicast support is available on dev 3 (NVLS_NCHANNELS 16)
furious-puma-1:172839:174069 [3] NCCL INFO Pattern 4, crossNic 0, nChannels 12, bw 30.000000/30.000000, type NVL/PIX, sameChannels 1
furious-puma-1:172839:174069 [3] NCCL INFO  0 : GPU/0-7f000 GPU/0-8f000 GPU/0-9f000 GPU/0-af000 GPU/0-bf000 GPU/0-cf000 GPU/0-df000 GPU/0-ef000
furious-puma-1:172839:174069 [3] NCCL INFO  1 : GPU/0-7f000 GPU/0-8f000 GPU/0-9f000 GPU/0-af000 GPU/0-bf000 GPU/0-cf000 GPU/0-df000 GPU/0-ef000
furious-puma-1:172839:174069 [3] NCCL INFO  2 : GPU/0-7f000 GPU/0-8f000 GPU/0-9f000 GPU/0-af000 GPU/0-bf000 GPU/0-cf000 GPU/0-df000 GPU/0-ef000
furious-puma-1:172839:174069 [3] NCCL INFO  3 : GPU/0-7f000 GPU/0-8f000 GPU/0-9f000 GPU/0-af000 GPU/0-bf000 GPU/0-cf000 GPU/0-df000 GPU/0-ef000
furious-puma-1:172839:174069 [3] NCCL INFO  4 : GPU/0-7f000 GPU/0-8f000 GPU/0-9f000 GPU/0-af000 GPU/0-bf000 GPU/0-cf000 GPU/0-df000 GPU/0-ef000
furious-puma-1:172839:174069 [3] NCCL INFO  5 : GPU/0-7f000 GPU/0-8f000 GPU/0-9f000 GPU/0-af000 GPU/0-bf000 GPU/0-cf000 GPU/0-df000 GPU/0-ef000
furious-puma-1:172839:174069 [3] NCCL INFO  6 : GPU/0-7f000 GPU/0-8f000 GPU/0-9f000 GPU/0-af000 GPU/0-bf000 GPU/0-cf000 GPU/0-df000 GPU/0-ef000
furious-puma-1:172839:174069 [3] NCCL INFO  7 : GPU/0-7f000 GPU/0-8f000 GPU/0-9f000 GPU/0-af000 GPU/0-bf000 GPU/0-cf000 GPU/0-df000 GPU/0-ef000
furious-puma-1:172839:174069 [3] NCCL INFO  8 : GPU/0-7f000 GPU/0-8f000 GPU/0-9f000 GPU/0-af000 GPU/0-bf000 GPU/0-cf000 GPU/0-df000 GPU/0-ef000
furious-puma-1:172839:174069 [3] NCCL INFO  9 : GPU/0-7f000 GPU/0-8f000 GPU/0-9f000 GPU/0-af000 GPU/0-bf000 GPU/0-cf000 GPU/0-df000 GPU/0-ef000
furious-puma-1:172839:174069 [3] NCCL INFO 10 : GPU/0-7f000 GPU/0-8f000 GPU/0-9f000 GPU/0-af000 GPU/0-bf000 GPU/0-cf000 GPU/0-df000 GPU/0-ef000
furious-puma-1:172839:174069 [3] NCCL INFO 11 : GPU/0-7f000 GPU/0-8f000 GPU/0-9f000 GPU/0-af000 GPU/0-bf000 GPU/0-cf000 GPU/0-df000 GPU/0-ef000
furious-puma-1:172839:174069 [3] NCCL INFO Pattern 1, crossNic 0, nChannels 12, bw 30.000000/30.000000, type NVL/PIX, sameChannels 1
furious-puma-1:172839:174069 [3] NCCL INFO  0 : GPU/0-7f000 GPU/0-8f000 GPU/0-9f000 GPU/0-af000 GPU/0-bf000 GPU/0-cf000 GPU/0-df000 GPU/0-ef000
furious-puma-1:172839:174069 [3] NCCL INFO  1 : GPU/0-7f000 GPU/0-8f000 GPU/0-9f000 GPU/0-af000 GPU/0-bf000 GPU/0-cf000 GPU/0-df000 GPU/0-ef000
furious-puma-1:172839:174069 [3] NCCL INFO  2 : GPU/0-7f000 GPU/0-8f000 GPU/0-9f000 GPU/0-af000 GPU/0-bf000 GPU/0-cf000 GPU/0-df000 GPU/0-ef000
furious-puma-1:172839:174069 [3] NCCL INFO  3 : GPU/0-7f000 GPU/0-8f000 GPU/0-9f000 GPU/0-af000 GPU/0-bf000 GPU/0-cf000 GPU/0-df000 GPU/0-ef000
furious-puma-1:172839:174069 [3] NCCL INFO  4 : GPU/0-7f000 GPU/0-8f000 GPU/0-9f000 GPU/0-af000 GPU/0-bf000 GPU/0-cf000 GPU/0-df000 GPU/0-ef000
furious-puma-1:172839:174069 [3] NCCL INFO  5 : GPU/0-7f000 GPU/0-8f000 GPU/0-9f000 GPU/0-af000 GPU/0-bf000 GPU/0-cf000 GPU/0-df000 GPU/0-ef000
furious-puma-1:172839:174069 [3] NCCL INFO  6 : GPU/0-7f000 GPU/0-8f000 GPU/0-9f000 GPU/0-af000 GPU/0-bf000 GPU/0-cf000 GPU/0-df000 GPU/0-ef000
furious-puma-1:172839:174069 [3] NCCL INFO  7 : GPU/0-7f000 GPU/0-8f000 GPU/0-9f000 GPU/0-af000 GPU/0-bf000 GPU/0-cf000 GPU/0-df000 GPU/0-ef000
furious-puma-1:172839:174069 [3] NCCL INFO  8 : GPU/0-7f000 GPU/0-8f000 GPU/0-9f000 GPU/0-af000 GPU/0-bf000 GPU/0-cf000 GPU/0-df000 GPU/0-ef000
furious-puma-1:172839:174069 [3] NCCL INFO  9 : GPU/0-7f000 GPU/0-8f000 GPU/0-9f000 GPU/0-af000 GPU/0-bf000 GPU/0-cf000 GPU/0-df000 GPU/0-ef000
furious-puma-1:172839:174069 [3] NCCL INFO 10 : GPU/0-7f000 GPU/0-8f000 GPU/0-9f000 GPU/0-af000 GPU/0-bf000 GPU/0-cf000 GPU/0-df000 GPU/0-ef000
furious-puma-1:172839:174069 [3] NCCL INFO 11 : GPU/0-7f000 GPU/0-8f000 GPU/0-9f000 GPU/0-af000 GPU/0-bf000 GPU/0-cf000 GPU/0-df000 GPU/0-ef000
furious-puma-1:172839:174069 [3] NCCL INFO Pattern 5, crossNic 0, nChannels 8, bw 40.000000/60.000000, type NVL/PIX, sameChannels 0
furious-puma-1:172839:174069 [3] NCCL INFO  0 : GPU/0-7f000
furious-puma-1:172839:174069 [3] NCCL INFO  1 : GPU/0-8f000
furious-puma-1:172839:174069 [3] NCCL INFO  2 : GPU/0-9f000
furious-puma-1:172839:174069 [3] NCCL INFO  3 : GPU/0-af000
furious-puma-1:172839:174069 [3] NCCL INFO  4 : GPU/0-bf000
furious-puma-1:172839:174069 [3] NCCL INFO  5 : GPU/0-cf000
furious-puma-1:172839:174069 [3] NCCL INFO  6 : GPU/0-df000
furious-puma-1:172839:174069 [3] NCCL INFO  7 : GPU/0-ef000
furious-puma-1:172842:174072 [6] NCCL INFO Pattern 4, crossNic 0, nChannels 12, bw 30.000000/30.000000, type NVL/PIX, sameChannels 1
furious-puma-1:172842:174072 [6] NCCL INFO  0 : GPU/0-7f000 GPU/0-8f000 GPU/0-9f000 GPU/0-af000 GPU/0-bf000 GPU/0-cf000 GPU/0-df000 GPU/0-ef000
furious-puma-1:172842:174072 [6] NCCL INFO  1 : GPU/0-7f000 GPU/0-8f000 GPU/0-9f000 GPU/0-af000 GPU/0-bf000 GPU/0-cf000 GPU/0-df000 GPU/0-ef000
furious-puma-1:172842:174072 [6] NCCL INFO  2 : GPU/0-7f000 GPU/0-8f000 GPU/0-9f000 GPU/0-af000 GPU/0-bf000 GPU/0-cf000 GPU/0-df000 GPU/0-ef000
furious-puma-1:172842:174072 [6] NCCL INFO  3 : GPU/0-7f000 GPU/0-8f000 GPU/0-9f000 GPU/0-af000 GPU/0-bf000 GPU/0-cf000 GPU/0-df000 GPU/0-ef000
furious-puma-1:172842:174072 [6] NCCL INFO  4 : GPU/0-7f000 GPU/0-8f000 GPU/0-9f000 GPU/0-af000 GPU/0-bf000 GPU/0-cf000 GPU/0-df000 GPU/0-ef000
furious-puma-1:172842:174072 [6] NCCL INFO  5 : GPU/0-7f000 GPU/0-8f000 GPU/0-9f000 GPU/0-af000 GPU/0-bf000 GPU/0-cf000 GPU/0-df000 GPU/0-ef000
furious-puma-1:172842:174072 [6] NCCL INFO  6 : GPU/0-7f000 GPU/0-8f000 GPU/0-9f000 GPU/0-af000 GPU/0-bf000 GPU/0-cf000 GPU/0-df000 GPU/0-ef000
furious-puma-1:172842:174072 [6] NCCL INFO  7 : GPU/0-7f000 GPU/0-8f000 GPU/0-9f000 GPU/0-af000 GPU/0-bf000 GPU/0-cf000 GPU/0-df000 GPU/0-ef000
furious-puma-1:172842:174072 [6] NCCL INFO  8 : GPU/0-7f000 GPU/0-8f000 GPU/0-9f000 GPU/0-af000 GPU/0-bf000 GPU/0-cf000 GPU/0-df000 GPU/0-ef000
furious-puma-1:172842:174072 [6] NCCL INFO  9 : GPU/0-7f000 GPU/0-8f000 GPU/0-9f000 GPU/0-af000 GPU/0-bf000 GPU/0-cf000 GPU/0-df000 GPU/0-ef000
furious-puma-1:172842:174072 [6] NCCL INFO 10 : GPU/0-7f000 GPU/0-8f000 GPU/0-9f000 GPU/0-af000 GPU/0-bf000 GPU/0-cf000 GPU/0-df000 GPU/0-ef000
furious-puma-1:172842:174072 [6] NCCL INFO 11 : GPU/0-7f000 GPU/0-8f000 GPU/0-9f000 GPU/0-af000 GPU/0-bf000 GPU/0-cf000 GPU/0-df000 GPU/0-ef000
furious-puma-1:172842:174072 [6] NCCL INFO Pattern 1, crossNic 0, nChannels 12, bw 30.000000/30.000000, type NVL/PIX, sameChannels 1
furious-puma-1:172842:174072 [6] NCCL INFO  0 : GPU/0-7f000 GPU/0-8f000 GPU/0-9f000 GPU/0-af000 GPU/0-bf000 GPU/0-cf000 GPU/0-df000 GPU/0-ef000
furious-puma-1:172842:174072 [6] NCCL INFO  1 : GPU/0-7f000 GPU/0-8f000 GPU/0-9f000 GPU/0-af000 GPU/0-bf000 GPU/0-cf000 GPU/0-df000 GPU/0-ef000
furious-puma-1:172842:174072 [6] NCCL INFO  2 : GPU/0-7f000 GPU/0-8f000 GPU/0-9f000 GPU/0-af000 GPU/0-bf000 GPU/0-cf000 GPU/0-df000 GPU/0-ef000
furious-puma-1:172842:174072 [6] NCCL INFO  3 : GPU/0-7f000 GPU/0-8f000 GPU/0-9f000 GPU/0-af000 GPU/0-bf000 GPU/0-cf000 GPU/0-df000 GPU/0-ef000
furious-puma-1:172842:174072 [6] NCCL INFO  4 : GPU/0-7f000 GPU/0-8f000 GPU/0-9f000 GPU/0-af000 GPU/0-bf000 GPU/0-cf000 GPU/0-df000 GPU/0-ef000
furious-puma-1:172842:174072 [6] NCCL INFO  5 : GPU/0-7f000 GPU/0-8f000 GPU/0-9f000 GPU/0-af000 GPU/0-bf000 GPU/0-cf000 GPU/0-df000 GPU/0-ef000
furious-puma-1:172842:174072 [6] NCCL INFO  6 : GPU/0-7f000 GPU/0-8f000 GPU/0-9f000 GPU/0-af000 GPU/0-bf000 GPU/0-cf000 GPU/0-df000 GPU/0-ef000
furious-puma-1:172842:174072 [6] NCCL INFO  7 : GPU/0-7f000 GPU/0-8f000 GPU/0-9f000 GPU/0-af000 GPU/0-bf000 GPU/0-cf000 GPU/0-df000 GPU/0-ef000
furious-puma-1:172842:174072 [6] NCCL INFO  8 : GPU/0-7f000 GPU/0-8f000 GPU/0-9f000 GPU/0-af000 GPU/0-bf000 GPU/0-cf000 GPU/0-df000 GPU/0-ef000
furious-puma-1:172842:174072 [6] NCCL INFO  9 : GPU/0-7f000 GPU/0-8f000 GPU/0-9f000 GPU/0-af000 GPU/0-bf000 GPU/0-cf000 GPU/0-df000 GPU/0-ef000
furious-puma-1:172842:174072 [6] NCCL INFO 10 : GPU/0-7f000 GPU/0-8f000 GPU/0-9f000 GPU/0-af000 GPU/0-bf000 GPU/0-cf000 GPU/0-df000 GPU/0-ef000
furious-puma-1:172842:174072 [6] NCCL INFO 11 : GPU/0-7f000 GPU/0-8f000 GPU/0-9f000 GPU/0-af000 GPU/0-bf000 GPU/0-cf000 GPU/0-df000 GPU/0-ef000
furious-puma-1:172842:174072 [6] NCCL INFO Pattern 5, crossNic 0, nChannels 8, bw 40.000000/60.000000, type NVL/PIX, sameChannels 0
furious-puma-1:172842:174072 [6] NCCL INFO  0 : GPU/0-7f000
furious-puma-1:172842:174072 [6] NCCL INFO  1 : GPU/0-8f000
furious-puma-1:172842:174072 [6] NCCL INFO  2 : GPU/0-9f000
furious-puma-1:172842:174072 [6] NCCL INFO  3 : GPU/0-af000
furious-puma-1:172842:174072 [6] NCCL INFO  4 : GPU/0-bf000
furious-puma-1:172842:174072 [6] NCCL INFO  5 : GPU/0-cf000
furious-puma-1:172842:174072 [6] NCCL INFO  6 : GPU/0-df000
furious-puma-1:172842:174072 [6] NCCL INFO  7 : GPU/0-ef000
furious-puma-1:172836:174158 [0] NCCL INFO Pattern 4, crossNic 0, nChannels 12, bw 30.000000/30.000000, type NVL/PIX, sameChannels 1
furious-puma-1:172836:174158 [0] NCCL INFO  0 : GPU/0-7f000 GPU/0-8f000 GPU/0-9f000 GPU/0-af000 GPU/0-bf000 GPU/0-cf000 GPU/0-df000 GPU/0-ef000
furious-puma-1:172836:174158 [0] NCCL INFO  1 : GPU/0-7f000 GPU/0-8f000 GPU/0-9f000 GPU/0-af000 GPU/0-bf000 GPU/0-cf000 GPU/0-df000 GPU/0-ef000
furious-puma-1:172836:174158 [0] NCCL INFO  2 : GPU/0-7f000 GPU/0-8f000 GPU/0-9f000 GPU/0-af000 GPU/0-bf000 GPU/0-cf000 GPU/0-df000 GPU/0-ef000
furious-puma-1:172836:174158 [0] NCCL INFO  3 : GPU/0-7f000 GPU/0-8f000 GPU/0-9f000 GPU/0-af000 GPU/0-bf000 GPU/0-cf000 GPU/0-df000 GPU/0-ef000
furious-puma-1:172836:174158 [0] NCCL INFO  4 : GPU/0-7f000 GPU/0-8f000 GPU/0-9f000 GPU/0-af000 GPU/0-bf000 GPU/0-cf000 GPU/0-df000 GPU/0-ef000
furious-puma-1:172836:174158 [0] NCCL INFO  5 : GPU/0-7f000 GPU/0-8f000 GPU/0-9f000 GPU/0-af000 GPU/0-bf000 GPU/0-cf000 GPU/0-df000 GPU/0-ef000
furious-puma-1:172836:174158 [0] NCCL INFO  6 : GPU/0-7f000 GPU/0-8f000 GPU/0-9f000 GPU/0-af000 GPU/0-bf000 GPU/0-cf000 GPU/0-df000 GPU/0-ef000
furious-puma-1:172836:174158 [0] NCCL INFO  7 : GPU/0-7f000 GPU/0-8f000 GPU/0-9f000 GPU/0-af000 GPU/0-bf000 GPU/0-cf000 GPU/0-df000 GPU/0-ef000
furious-puma-1:172836:174158 [0] NCCL INFO  8 : GPU/0-7f000 GPU/0-8f000 GPU/0-9f000 GPU/0-af000 GPU/0-bf000 GPU/0-cf000 GPU/0-df000 GPU/0-ef000
furious-puma-1:172836:174158 [0] NCCL INFO  9 : GPU/0-7f000 GPU/0-8f000 GPU/0-9f000 GPU/0-af000 GPU/0-bf000 GPU/0-cf000 GPU/0-df000 GPU/0-ef000
furious-puma-1:172836:174158 [0] NCCL INFO 10 : GPU/0-7f000 GPU/0-8f000 GPU/0-9f000 GPU/0-af000 GPU/0-bf000 GPU/0-cf000 GPU/0-df000 GPU/0-ef000
furious-puma-1:172836:174158 [0] NCCL INFO 11 : GPU/0-7f000 GPU/0-8f000 GPU/0-9f000 GPU/0-af000 GPU/0-bf000 GPU/0-cf000 GPU/0-df000 GPU/0-ef000
furious-puma-1:172836:174158 [0] NCCL INFO Pattern 1, crossNic 0, nChannels 12, bw 30.000000/30.000000, type NVL/PIX, sameChannels 1
furious-puma-1:172836:174158 [0] NCCL INFO  0 : GPU/0-7f000 GPU/0-8f000 GPU/0-9f000 GPU/0-af000 GPU/0-bf000 GPU/0-cf000 GPU/0-df000 GPU/0-ef000
furious-puma-1:172836:174158 [0] NCCL INFO  1 : GPU/0-7f000 GPU/0-8f000 GPU/0-9f000 GPU/0-af000 GPU/0-bf000 GPU/0-cf000 GPU/0-df000 GPU/0-ef000
furious-puma-1:172836:174158 [0] NCCL INFO  2 : GPU/0-7f000 GPU/0-8f000 GPU/0-9f000 GPU/0-af000 GPU/0-bf000 GPU/0-cf000 GPU/0-df000 GPU/0-ef000
furious-puma-1:172836:174158 [0] NCCL INFO  3 : GPU/0-7f000 GPU/0-8f000 GPU/0-9f000 GPU/0-af000 GPU/0-bf000 GPU/0-cf000 GPU/0-df000 GPU/0-ef000
furious-puma-1:172836:174158 [0] NCCL INFO  4 : GPU/0-7f000 GPU/0-8f000 GPU/0-9f000 GPU/0-af000 GPU/0-bf000 GPU/0-cf000 GPU/0-df000 GPU/0-ef000
furious-puma-1:172836:174158 [0] NCCL INFO  5 : GPU/0-7f000 GPU/0-8f000 GPU/0-9f000 GPU/0-af000 GPU/0-bf000 GPU/0-cf000 GPU/0-df000 GPU/0-ef000
furious-puma-1:172836:174158 [0] NCCL INFO  6 : GPU/0-7f000 GPU/0-8f000 GPU/0-9f000 GPU/0-af000 GPU/0-bf000 GPU/0-cf000 GPU/0-df000 GPU/0-ef000
furious-puma-1:172836:174158 [0] NCCL INFO  7 : GPU/0-7f000 GPU/0-8f000 GPU/0-9f000 GPU/0-af000 GPU/0-bf000 GPU/0-cf000 GPU/0-df000 GPU/0-ef000
furious-puma-1:172836:174158 [0] NCCL INFO  8 : GPU/0-7f000 GPU/0-8f000 GPU/0-9f000 GPU/0-af000 GPU/0-bf000 GPU/0-cf000 GPU/0-df000 GPU/0-ef000
furious-puma-1:172836:174158 [0] NCCL INFO  9 : GPU/0-7f000 GPU/0-8f000 GPU/0-9f000 GPU/0-af000 GPU/0-bf000 GPU/0-cf000 GPU/0-df000 GPU/0-ef000
furious-puma-1:172836:174158 [0] NCCL INFO 10 : GPU/0-7f000 GPU/0-8f000 GPU/0-9f000 GPU/0-af000 GPU/0-bf000 GPU/0-cf000 GPU/0-df000 GPU/0-ef000
furious-puma-1:172836:174158 [0] NCCL INFO 11 : GPU/0-7f000 GPU/0-8f000 GPU/0-9f000 GPU/0-af000 GPU/0-bf000 GPU/0-cf000 GPU/0-df000 GPU/0-ef000
furious-puma-1:172836:174158 [0] NCCL INFO Pattern 5, crossNic 0, nChannels 8, bw 40.000000/60.000000, type NVL/PIX, sameChannels 0
furious-puma-1:172836:174158 [0] NCCL INFO  0 : GPU/0-7f000
furious-puma-1:172836:174158 [0] NCCL INFO  1 : GPU/0-8f000
furious-puma-1:172836:174158 [0] NCCL INFO  2 : GPU/0-9f000
furious-puma-1:172836:174158 [0] NCCL INFO  3 : GPU/0-af000
furious-puma-1:172836:174158 [0] NCCL INFO  4 : GPU/0-bf000
furious-puma-1:172836:174158 [0] NCCL INFO  5 : GPU/0-cf000
furious-puma-1:172836:174158 [0] NCCL INFO  6 : GPU/0-df000
furious-puma-1:172836:174158 [0] NCCL INFO  7 : GPU/0-ef000
furious-puma-1:172837:174086 [1] NCCL INFO Pattern 4, crossNic 0, nChannels 12, bw 30.000000/30.000000, type NVL/PIX, sameChannels 1
furious-puma-1:172837:174086 [1] NCCL INFO  0 : GPU/0-7f000 GPU/0-8f000 GPU/0-9f000 GPU/0-af000 GPU/0-bf000 GPU/0-cf000 GPU/0-df000 GPU/0-ef000
furious-puma-1:172837:174086 [1] NCCL INFO  1 : GPU/0-7f000 GPU/0-8f000 GPU/0-9f000 GPU/0-af000 GPU/0-bf000 GPU/0-cf000 GPU/0-df000 GPU/0-ef000
furious-puma-1:172837:174086 [1] NCCL INFO  2 : GPU/0-7f000 GPU/0-8f000 GPU/0-9f000 GPU/0-af000 GPU/0-bf000 GPU/0-cf000 GPU/0-df000 GPU/0-ef000
furious-puma-1:172837:174086 [1] NCCL INFO  3 : GPU/0-7f000 GPU/0-8f000 GPU/0-9f000 GPU/0-af000 GPU/0-bf000 GPU/0-cf000 GPU/0-df000 GPU/0-ef000
furious-puma-1:172837:174086 [1] NCCL INFO  4 : GPU/0-7f000 GPU/0-8f000 GPU/0-9f000 GPU/0-af000 GPU/0-bf000 GPU/0-cf000 GPU/0-df000 GPU/0-ef000
furious-puma-1:172837:174086 [1] NCCL INFO  5 : GPU/0-7f000 GPU/0-8f000 GPU/0-9f000 GPU/0-af000 GPU/0-bf000 GPU/0-cf000 GPU/0-df000 GPU/0-ef000
furious-puma-1:172837:174086 [1] NCCL INFO  6 : GPU/0-7f000 GPU/0-8f000 GPU/0-9f000 GPU/0-af000 GPU/0-bf000 GPU/0-cf000 GPU/0-df000 GPU/0-ef000
furious-puma-1:172837:174086 [1] NCCL INFO  7 : GPU/0-7f000 GPU/0-8f000 GPU/0-9f000 GPU/0-af000 GPU/0-bf000 GPU/0-cf000 GPU/0-df000 GPU/0-ef000
furious-puma-1:172837:174086 [1] NCCL INFO  8 : GPU/0-7f000 GPU/0-8f000 GPU/0-9f000 GPU/0-af000 GPU/0-bf000 GPU/0-cf000 GPU/0-df000 GPU/0-ef000
furious-puma-1:172837:174086 [1] NCCL INFO  9 : GPU/0-7f000 GPU/0-8f000 GPU/0-9f000 GPU/0-af000 GPU/0-bf000 GPU/0-cf000 GPU/0-df000 GPU/0-ef000
furious-puma-1:172837:174086 [1] NCCL INFO 10 : GPU/0-7f000 GPU/0-8f000 GPU/0-9f000 GPU/0-af000 GPU/0-bf000 GPU/0-cf000 GPU/0-df000 GPU/0-ef000
furious-puma-1:172837:174086 [1] NCCL INFO 11 : GPU/0-7f000 GPU/0-8f000 GPU/0-9f000 GPU/0-af000 GPU/0-bf000 GPU/0-cf000 GPU/0-df000 GPU/0-ef000
furious-puma-1:172837:174086 [1] NCCL INFO Pattern 1, crossNic 0, nChannels 12, bw 30.000000/30.000000, type NVL/PIX, sameChannels 1
furious-puma-1:172837:174086 [1] NCCL INFO  0 : GPU/0-7f000 GPU/0-8f000 GPU/0-9f000 GPU/0-af000 GPU/0-bf000 GPU/0-cf000 GPU/0-df000 GPU/0-ef000
furious-puma-1:172837:174086 [1] NCCL INFO  1 : GPU/0-7f000 GPU/0-8f000 GPU/0-9f000 GPU/0-af000 GPU/0-bf000 GPU/0-cf000 GPU/0-df000 GPU/0-ef000
furious-puma-1:172837:174086 [1] NCCL INFO  2 : GPU/0-7f000 GPU/0-8f000 GPU/0-9f000 GPU/0-af000 GPU/0-bf000 GPU/0-cf000 GPU/0-df000 GPU/0-ef000
furious-puma-1:172837:174086 [1] NCCL INFO  3 : GPU/0-7f000 GPU/0-8f000 GPU/0-9f000 GPU/0-af000 GPU/0-bf000 GPU/0-cf000 GPU/0-df000 GPU/0-ef000
furious-puma-1:172837:174086 [1] NCCL INFO  4 : GPU/0-7f000 GPU/0-8f000 GPU/0-9f000 GPU/0-af000 GPU/0-bf000 GPU/0-cf000 GPU/0-df000 GPU/0-ef000
furious-puma-1:172837:174086 [1] NCCL INFO  5 : GPU/0-7f000 GPU/0-8f000 GPU/0-9f000 GPU/0-af000 GPU/0-bf000 GPU/0-cf000 GPU/0-df000 GPU/0-ef000
furious-puma-1:172837:174086 [1] NCCL INFO  6 : GPU/0-7f000 GPU/0-8f000 GPU/0-9f000 GPU/0-af000 GPU/0-bf000 GPU/0-cf000 GPU/0-df000 GPU/0-ef000
furious-puma-1:172837:174086 [1] NCCL INFO  7 : GPU/0-7f000 GPU/0-8f000 GPU/0-9f000 GPU/0-af000 GPU/0-bf000 GPU/0-cf000 GPU/0-df000 GPU/0-ef000
furious-puma-1:172837:174086 [1] NCCL INFO  8 : GPU/0-7f000 GPU/0-8f000 GPU/0-9f000 GPU/0-af000 GPU/0-bf000 GPU/0-cf000 GPU/0-df000 GPU/0-ef000
furious-puma-1:172837:174086 [1] NCCL INFO  9 : GPU/0-7f000 GPU/0-8f000 GPU/0-9f000 GPU/0-af000 GPU/0-bf000 GPU/0-cf000 GPU/0-df000 GPU/0-ef000
furious-puma-1:172837:174086 [1] NCCL INFO 10 : GPU/0-7f000 GPU/0-8f000 GPU/0-9f000 GPU/0-af000 GPU/0-bf000 GPU/0-cf000 GPU/0-df000 GPU/0-ef000
furious-puma-1:172837:174086 [1] NCCL INFO 11 : GPU/0-7f000 GPU/0-8f000 GPU/0-9f000 GPU/0-af000 GPU/0-bf000 GPU/0-cf000 GPU/0-df000 GPU/0-ef000
furious-puma-1:172837:174086 [1] NCCL INFO Pattern 5, crossNic 0, nChannels 8, bw 40.000000/60.000000, type NVL/PIX, sameChannels 0
furious-puma-1:172837:174086 [1] NCCL INFO  0 : GPU/0-7f000
furious-puma-1:172837:174086 [1] NCCL INFO  1 : GPU/0-8f000
furious-puma-1:172837:174086 [1] NCCL INFO  2 : GPU/0-9f000
furious-puma-1:172837:174086 [1] NCCL INFO  3 : GPU/0-af000
furious-puma-1:172837:174086 [1] NCCL INFO  4 : GPU/0-bf000
furious-puma-1:172837:174086 [1] NCCL INFO  5 : GPU/0-cf000
furious-puma-1:172837:174086 [1] NCCL INFO  6 : GPU/0-df000
furious-puma-1:172837:174086 [1] NCCL INFO  7 : GPU/0-ef000
furious-puma-1:172843:174236 [7] NCCL INFO Pattern 4, crossNic 0, nChannels 12, bw 30.000000/30.000000, type NVL/PIX, sameChannels 1
furious-puma-1:172843:174236 [7] NCCL INFO  0 : GPU/0-7f000 GPU/0-8f000 GPU/0-9f000 GPU/0-af000 GPU/0-bf000 GPU/0-cf000 GPU/0-df000 GPU/0-ef000
furious-puma-1:172843:174236 [7] NCCL INFO  1 : GPU/0-7f000 GPU/0-8f000 GPU/0-9f000 GPU/0-af000 GPU/0-bf000 GPU/0-cf000 GPU/0-df000 GPU/0-ef000
furious-puma-1:172843:174236 [7] NCCL INFO  2 : GPU/0-7f000 GPU/0-8f000 GPU/0-9f000 GPU/0-af000 GPU/0-bf000 GPU/0-cf000 GPU/0-df000 GPU/0-ef000
furious-puma-1:172843:174236 [7] NCCL INFO  3 : GPU/0-7f000 GPU/0-8f000 GPU/0-9f000 GPU/0-af000 GPU/0-bf000 GPU/0-cf000 GPU/0-df000 GPU/0-ef000
furious-puma-1:172843:174236 [7] NCCL INFO  4 : GPU/0-7f000 GPU/0-8f000 GPU/0-9f000 GPU/0-af000 GPU/0-bf000 GPU/0-cf000 GPU/0-df000 GPU/0-ef000
furious-puma-1:172843:174236 [7] NCCL INFO  5 : GPU/0-7f000 GPU/0-8f000 GPU/0-9f000 GPU/0-af000 GPU/0-bf000 GPU/0-cf000 GPU/0-df000 GPU/0-ef000
furious-puma-1:172843:174236 [7] NCCL INFO  6 : GPU/0-7f000 GPU/0-8f000 GPU/0-9f000 GPU/0-af000 GPU/0-bf000 GPU/0-cf000 GPU/0-df000 GPU/0-ef000
furious-puma-1:172843:174236 [7] NCCL INFO  7 : GPU/0-7f000 GPU/0-8f000 GPU/0-9f000 GPU/0-af000 GPU/0-bf000 GPU/0-cf000 GPU/0-df000 GPU/0-ef000
furious-puma-1:172843:174236 [7] NCCL INFO  8 : GPU/0-7f000 GPU/0-8f000 GPU/0-9f000 GPU/0-af000 GPU/0-bf000 GPU/0-cf000 GPU/0-df000 GPU/0-ef000
furious-puma-1:172843:174236 [7] NCCL INFO  9 : GPU/0-7f000 GPU/0-8f000 GPU/0-9f000 GPU/0-af000 GPU/0-bf000 GPU/0-cf000 GPU/0-df000 GPU/0-ef000
furious-puma-1:172843:174236 [7] NCCL INFO 10 : GPU/0-7f000 GPU/0-8f000 GPU/0-9f000 GPU/0-af000 GPU/0-bf000 GPU/0-cf000 GPU/0-df000 GPU/0-ef000
furious-puma-1:172843:174236 [7] NCCL INFO 11 : GPU/0-7f000 GPU/0-8f000 GPU/0-9f000 GPU/0-af000 GPU/0-bf000 GPU/0-cf000 GPU/0-df000 GPU/0-ef000
furious-puma-1:172843:174236 [7] NCCL INFO Pattern 1, crossNic 0, nChannels 12, bw 30.000000/30.000000, type NVL/PIX, sameChannels 1
furious-puma-1:172843:174236 [7] NCCL INFO  0 : GPU/0-7f000 GPU/0-8f000 GPU/0-9f000 GPU/0-af000 GPU/0-bf000 GPU/0-cf000 GPU/0-df000 GPU/0-ef000
furious-puma-1:172843:174236 [7] NCCL INFO  1 : GPU/0-7f000 GPU/0-8f000 GPU/0-9f000 GPU/0-af000 GPU/0-bf000 GPU/0-cf000 GPU/0-df000 GPU/0-ef000
furious-puma-1:172843:174236 [7] NCCL INFO  2 : GPU/0-7f000 GPU/0-8f000 GPU/0-9f000 GPU/0-af000 GPU/0-bf000 GPU/0-cf000 GPU/0-df000 GPU/0-ef000
furious-puma-1:172843:174236 [7] NCCL INFO  3 : GPU/0-7f000 GPU/0-8f000 GPU/0-9f000 GPU/0-af000 GPU/0-bf000 GPU/0-cf000 GPU/0-df000 GPU/0-ef000
furious-puma-1:172843:174236 [7] NCCL INFO  4 : GPU/0-7f000 GPU/0-8f000 GPU/0-9f000 GPU/0-af000 GPU/0-bf000 GPU/0-cf000 GPU/0-df000 GPU/0-ef000
furious-puma-1:172843:174236 [7] NCCL INFO  5 : GPU/0-7f000 GPU/0-8f000 GPU/0-9f000 GPU/0-af000 GPU/0-bf000 GPU/0-cf000 GPU/0-df000 GPU/0-ef000
furious-puma-1:172843:174236 [7] NCCL INFO  6 : GPU/0-7f000 GPU/0-8f000 GPU/0-9f000 GPU/0-af000 GPU/0-bf000 GPU/0-cf000 GPU/0-df000 GPU/0-ef000
furious-puma-1:172843:174236 [7] NCCL INFO  7 : GPU/0-7f000 GPU/0-8f000 GPU/0-9f000 GPU/0-af000 GPU/0-bf000 GPU/0-cf000 GPU/0-df000 GPU/0-ef000
furious-puma-1:172843:174236 [7] NCCL INFO  8 : GPU/0-7f000 GPU/0-8f000 GPU/0-9f000 GPU/0-af000 GPU/0-bf000 GPU/0-cf000 GPU/0-df000 GPU/0-ef000
furious-puma-1:172843:174236 [7] NCCL INFO  9 : GPU/0-7f000 GPU/0-8f000 GPU/0-9f000 GPU/0-af000 GPU/0-bf000 GPU/0-cf000 GPU/0-df000 GPU/0-ef000
furious-puma-1:172843:174236 [7] NCCL INFO 10 : GPU/0-7f000 GPU/0-8f000 GPU/0-9f000 GPU/0-af000 GPU/0-bf000 GPU/0-cf000 GPU/0-df000 GPU/0-ef000
furious-puma-1:172843:174236 [7] NCCL INFO 11 : GPU/0-7f000 GPU/0-8f000 GPU/0-9f000 GPU/0-af000 GPU/0-bf000 GPU/0-cf000 GPU/0-df000 GPU/0-ef000
furious-puma-1:172843:174236 [7] NCCL INFO Pattern 5, crossNic 0, nChannels 8, bw 40.000000/60.000000, type NVL/PIX, sameChannels 0
furious-puma-1:172843:174236 [7] NCCL INFO  0 : GPU/0-7f000
furious-puma-1:172843:174236 [7] NCCL INFO  1 : GPU/0-8f000
furious-puma-1:172843:174236 [7] NCCL INFO  2 : GPU/0-9f000
furious-puma-1:172843:174236 [7] NCCL INFO  3 : GPU/0-af000
furious-puma-1:172843:174236 [7] NCCL INFO  4 : GPU/0-bf000
furious-puma-1:172843:174236 [7] NCCL INFO  5 : GPU/0-cf000
furious-puma-1:172843:174236 [7] NCCL INFO  6 : GPU/0-df000
furious-puma-1:172843:174236 [7] NCCL INFO  7 : GPU/0-ef000
furious-puma-1:172841:174152 [5] NCCL INFO Pattern 4, crossNic 0, nChannels 12, bw 30.000000/30.000000, type NVL/PIX, sameChannels 1
furious-puma-1:172841:174152 [5] NCCL INFO  0 : GPU/0-7f000 GPU/0-8f000 GPU/0-9f000 GPU/0-af000 GPU/0-bf000 GPU/0-cf000 GPU/0-df000 GPU/0-ef000
furious-puma-1:172841:174152 [5] NCCL INFO  1 : GPU/0-7f000 GPU/0-8f000 GPU/0-9f000 GPU/0-af000 GPU/0-bf000 GPU/0-cf000 GPU/0-df000 GPU/0-ef000
furious-puma-1:172841:174152 [5] NCCL INFO  2 : GPU/0-7f000 GPU/0-8f000 GPU/0-9f000 GPU/0-af000 GPU/0-bf000 GPU/0-cf000 GPU/0-df000 GPU/0-ef000
furious-puma-1:172841:174152 [5] NCCL INFO  3 : GPU/0-7f000 GPU/0-8f000 GPU/0-9f000 GPU/0-af000 GPU/0-bf000 GPU/0-cf000 GPU/0-df000 GPU/0-ef000
furious-puma-1:172841:174152 [5] NCCL INFO  4 : GPU/0-7f000 GPU/0-8f000 GPU/0-9f000 GPU/0-af000 GPU/0-bf000 GPU/0-cf000 GPU/0-df000 GPU/0-ef000
furious-puma-1:172841:174152 [5] NCCL INFO  5 : GPU/0-7f000 GPU/0-8f000 GPU/0-9f000 GPU/0-af000 GPU/0-bf000 GPU/0-cf000 GPU/0-df000 GPU/0-ef000
furious-puma-1:172841:174152 [5] NCCL INFO  6 : GPU/0-7f000 GPU/0-8f000 GPU/0-9f000 GPU/0-af000 GPU/0-bf000 GPU/0-cf000 GPU/0-df000 GPU/0-ef000
furious-puma-1:172841:174152 [5] NCCL INFO  7 : GPU/0-7f000 GPU/0-8f000 GPU/0-9f000 GPU/0-af000 GPU/0-bf000 GPU/0-cf000 GPU/0-df000 GPU/0-ef000
furious-puma-1:172841:174152 [5] NCCL INFO  8 : GPU/0-7f000 GPU/0-8f000 GPU/0-9f000 GPU/0-af000 GPU/0-bf000 GPU/0-cf000 GPU/0-df000 GPU/0-ef000
furious-puma-1:172841:174152 [5] NCCL INFO  9 : GPU/0-7f000 GPU/0-8f000 GPU/0-9f000 GPU/0-af000 GPU/0-bf000 GPU/0-cf000 GPU/0-df000 GPU/0-ef000
furious-puma-1:172841:174152 [5] NCCL INFO 10 : GPU/0-7f000 GPU/0-8f000 GPU/0-9f000 GPU/0-af000 GPU/0-bf000 GPU/0-cf000 GPU/0-df000 GPU/0-ef000
furious-puma-1:172841:174152 [5] NCCL INFO 11 : GPU/0-7f000 GPU/0-8f000 GPU/0-9f000 GPU/0-af000 GPU/0-bf000 GPU/0-cf000 GPU/0-df000 GPU/0-ef000
furious-puma-1:172841:174152 [5] NCCL INFO Pattern 1, crossNic 0, nChannels 12, bw 30.000000/30.000000, type NVL/PIX, sameChannels 1
furious-puma-1:172841:174152 [5] NCCL INFO  0 : GPU/0-7f000 GPU/0-8f000 GPU/0-9f000 GPU/0-af000 GPU/0-bf000 GPU/0-cf000 GPU/0-df000 GPU/0-ef000
furious-puma-1:172841:174152 [5] NCCL INFO  1 : GPU/0-7f000 GPU/0-8f000 GPU/0-9f000 GPU/0-af000 GPU/0-bf000 GPU/0-cf000 GPU/0-df000 GPU/0-ef000
furious-puma-1:172841:174152 [5] NCCL INFO  2 : GPU/0-7f000 GPU/0-8f000 GPU/0-9f000 GPU/0-af000 GPU/0-bf000 GPU/0-cf000 GPU/0-df000 GPU/0-ef000
furious-puma-1:172841:174152 [5] NCCL INFO  3 : GPU/0-7f000 GPU/0-8f000 GPU/0-9f000 GPU/0-af000 GPU/0-bf000 GPU/0-cf000 GPU/0-df000 GPU/0-ef000
furious-puma-1:172841:174152 [5] NCCL INFO  4 : GPU/0-7f000 GPU/0-8f000 GPU/0-9f000 GPU/0-af000 GPU/0-bf000 GPU/0-cf000 GPU/0-df000 GPU/0-ef000
furious-puma-1:172841:174152 [5] NCCL INFO  5 : GPU/0-7f000 GPU/0-8f000 GPU/0-9f000 GPU/0-af000 GPU/0-bf000 GPU/0-cf000 GPU/0-df000 GPU/0-ef000
furious-puma-1:172841:174152 [5] NCCL INFO  6 : GPU/0-7f000 GPU/0-8f000 GPU/0-9f000 GPU/0-af000 GPU/0-bf000 GPU/0-cf000 GPU/0-df000 GPU/0-ef000
furious-puma-1:172841:174152 [5] NCCL INFO  7 : GPU/0-7f000 GPU/0-8f000 GPU/0-9f000 GPU/0-af000 GPU/0-bf000 GPU/0-cf000 GPU/0-df000 GPU/0-ef000
furious-puma-1:172841:174152 [5] NCCL INFO  8 : GPU/0-7f000 GPU/0-8f000 GPU/0-9f000 GPU/0-af000 GPU/0-bf000 GPU/0-cf000 GPU/0-df000 GPU/0-ef000
furious-puma-1:172841:174152 [5] NCCL INFO  9 : GPU/0-7f000 GPU/0-8f000 GPU/0-9f000 GPU/0-af000 GPU/0-bf000 GPU/0-cf000 GPU/0-df000 GPU/0-ef000
furious-puma-1:172841:174152 [5] NCCL INFO 10 : GPU/0-7f000 GPU/0-8f000 GPU/0-9f000 GPU/0-af000 GPU/0-bf000 GPU/0-cf000 GPU/0-df000 GPU/0-ef000
furious-puma-1:172841:174152 [5] NCCL INFO 11 : GPU/0-7f000 GPU/0-8f000 GPU/0-9f000 GPU/0-af000 GPU/0-bf000 GPU/0-cf000 GPU/0-df000 GPU/0-ef000
furious-puma-1:172841:174152 [5] NCCL INFO Pattern 5, crossNic 0, nChannels 8, bw 40.000000/60.000000, type NVL/PIX, sameChannels 0
furious-puma-1:172841:174152 [5] NCCL INFO  0 : GPU/0-7f000
furious-puma-1:172841:174152 [5] NCCL INFO  1 : GPU/0-8f000
furious-puma-1:172841:174152 [5] NCCL INFO  2 : GPU/0-9f000
furious-puma-1:172841:174152 [5] NCCL INFO  3 : GPU/0-af000
furious-puma-1:172841:174152 [5] NCCL INFO  4 : GPU/0-bf000
furious-puma-1:172841:174152 [5] NCCL INFO  5 : GPU/0-cf000
furious-puma-1:172841:174152 [5] NCCL INFO  6 : GPU/0-df000
furious-puma-1:172841:174152 [5] NCCL INFO  7 : GPU/0-ef000
furious-puma-1:172841:174152 [5] NCCL INFO comm 0x6817fd60 rank 5 nRanks 8 nNodes 1 localRanks 8 localRank 5 MNNVL 0
furious-puma-1:172842:174072 [6] NCCL INFO comm 0x51849b50 rank 6 nRanks 8 nNodes 1 localRanks 8 localRank 6 MNNVL 0
furious-puma-1:172840:174074 [4] NCCL INFO comm 0x74fe2a50 rank 4 nRanks 8 nNodes 1 localRanks 8 localRank 4 MNNVL 0
furious-puma-1:172839:174069 [3] NCCL INFO comm 0x60340e20 rank 3 nRanks 8 nNodes 1 localRanks 8 localRank 3 MNNVL 0
furious-puma-1:172842:174072 [6] NCCL INFO Ring 00 : 5 -> 6 -> 7
furious-puma-1:172838:174066 [2] NCCL INFO comm 0x6283c9d0 rank 2 nRanks 8 nNodes 1 localRanks 8 localRank 2 MNNVL 0
furious-puma-1:172842:174072 [6] NCCL INFO Ring 01 : 5 -> 6 -> 7
furious-puma-1:172842:174072 [6] NCCL INFO Ring 02 : 5 -> 6 -> 7
furious-puma-1:172842:174072 [6] NCCL INFO Ring 03 : 5 -> 6 -> 7
furious-puma-1:172842:174072 [6] NCCL INFO Ring 04 : 5 -> 6 -> 7
furious-puma-1:172842:174072 [6] NCCL INFO Ring 05 : 5 -> 6 -> 7
furious-puma-1:172842:174072 [6] NCCL INFO Ring 06 : 5 -> 6 -> 7
furious-puma-1:172842:174072 [6] NCCL INFO Ring 07 : 5 -> 6 -> 7
furious-puma-1:172842:174072 [6] NCCL INFO Ring 08 : 5 -> 6 -> 7
furious-puma-1:172842:174072 [6] NCCL INFO Ring 09 : 5 -> 6 -> 7
furious-puma-1:172842:174072 [6] NCCL INFO Ring 10 : 5 -> 6 -> 7
furious-puma-1:172842:174072 [6] NCCL INFO Ring 11 : 5 -> 6 -> 7
furious-puma-1:172842:174072 [6] NCCL INFO Ring 12 : 5 -> 6 -> 7
furious-puma-1:172842:174072 [6] NCCL INFO Ring 13 : 5 -> 6 -> 7
furious-puma-1:172842:174072 [6] NCCL INFO Ring 14 : 5 -> 6 -> 7
furious-puma-1:172843:174236 [7] NCCL INFO comm 0x8bc1a970 rank 7 nRanks 8 nNodes 1 localRanks 8 localRank 7 MNNVL 0
furious-puma-1:172842:174072 [6] NCCL INFO Ring 15 : 5 -> 6 -> 7
furious-puma-1:172842:174072 [6] NCCL INFO Ring 16 : 5 -> 6 -> 7
furious-puma-1:172842:174072 [6] NCCL INFO Ring 17 : 5 -> 6 -> 7
furious-puma-1:172842:174072 [6] NCCL INFO Ring 18 : 5 -> 6 -> 7
furious-puma-1:172842:174072 [6] NCCL INFO Ring 19 : 5 -> 6 -> 7
furious-puma-1:172842:174072 [6] NCCL INFO Ring 20 : 5 -> 6 -> 7
furious-puma-1:172842:174072 [6] NCCL INFO Ring 21 : 5 -> 6 -> 7
furious-puma-1:172836:174158 [0] NCCL INFO comm 0x71075460 rank 0 nRanks 8 nNodes 1 localRanks 8 localRank 0 MNNVL 0
furious-puma-1:172842:174072 [6] NCCL INFO Ring 22 : 5 -> 6 -> 7
furious-puma-1:172842:174072 [6] NCCL INFO Ring 23 : 5 -> 6 -> 7
furious-puma-1:172840:174074 [4] NCCL INFO Ring 00 : 3 -> 4 -> 5
furious-puma-1:172842:174072 [6] NCCL INFO Trees [0] 7/-1/-1->6->5 [1] 7/-1/-1->6->5 [2] 7/-1/-1->6->5 [3] 7/-1/-1->6->5 [4] 7/-1/-1->6->5 [5] 7/-1/-1->6->5 [6] 7/-1/-1->6->5 [7] 7/-1/-1->6->5 [8] 7/-1/-1->6->5 [9] 7/-1/-1->6->5 [10] 7/-1/-1->6->5 [11] 7/-1/-1->6->5 [12] 7/-1/-1->6->5 [13] 7/-1/-1->6->5 [14] 7/-1/-1->6->5 [15] 7/-1/-1->6->5 [16] 7/-1/-1->6->5 [17] 7/-1/-1->6->5 [18] 7/-1/-1->6->5 [19] 7/-1/-1->6->5 [20] 7/-1/-1->6->5 [21] 7/-1/-1->6->5 [22] 7/-1/-1->6->5 [23] 7/-1/-1->6->5
furious-puma-1:172840:174074 [4] NCCL INFO Ring 01 : 3 -> 4 -> 5
furious-puma-1:172837:174086 [1] NCCL INFO comm 0x505540b0 rank 1 nRanks 8 nNodes 1 localRanks 8 localRank 1 MNNVL 0
furious-puma-1:172842:174072 [6] NCCL INFO P2P Chunksize set to 524288
furious-puma-1:172840:174074 [4] NCCL INFO Ring 02 : 3 -> 4 -> 5
furious-puma-1:172840:174074 [4] NCCL INFO Ring 03 : 3 -> 4 -> 5
furious-puma-1:172840:174074 [4] NCCL INFO Ring 04 : 3 -> 4 -> 5
furious-puma-1:172840:174074 [4] NCCL INFO Ring 05 : 3 -> 4 -> 5
furious-puma-1:172839:174069 [3] NCCL INFO Ring 00 : 2 -> 3 -> 4
furious-puma-1:172840:174074 [4] NCCL INFO Ring 06 : 3 -> 4 -> 5
furious-puma-1:172840:174074 [4] NCCL INFO Ring 07 : 3 -> 4 -> 5
furious-puma-1:172839:174069 [3] NCCL INFO Ring 01 : 2 -> 3 -> 4
furious-puma-1:172840:174074 [4] NCCL INFO Ring 08 : 3 -> 4 -> 5
furious-puma-1:172840:174074 [4] NCCL INFO Ring 09 : 3 -> 4 -> 5
furious-puma-1:172839:174069 [3] NCCL INFO Ring 02 : 2 -> 3 -> 4
furious-puma-1:172840:174074 [4] NCCL INFO Ring 10 : 3 -> 4 -> 5
furious-puma-1:172839:174069 [3] NCCL INFO Ring 03 : 2 -> 3 -> 4
furious-puma-1:172840:174074 [4] NCCL INFO Ring 11 : 3 -> 4 -> 5
furious-puma-1:172840:174074 [4] NCCL INFO Ring 12 : 3 -> 4 -> 5
furious-puma-1:172839:174069 [3] NCCL INFO Ring 04 : 2 -> 3 -> 4
furious-puma-1:172840:174074 [4] NCCL INFO Ring 13 : 3 -> 4 -> 5
furious-puma-1:172839:174069 [3] NCCL INFO Ring 05 : 2 -> 3 -> 4
furious-puma-1:172840:174074 [4] NCCL INFO Ring 14 : 3 -> 4 -> 5
furious-puma-1:172840:174074 [4] NCCL INFO Ring 15 : 3 -> 4 -> 5
furious-puma-1:172839:174069 [3] NCCL INFO Ring 06 : 2 -> 3 -> 4
furious-puma-1:172840:174074 [4] NCCL INFO Ring 16 : 3 -> 4 -> 5
furious-puma-1:172837:174086 [1] NCCL INFO Tree 0 : 0 -> 1 -> 2/-1/-1
furious-puma-1:172840:174074 [4] NCCL INFO Ring 17 : 3 -> 4 -> 5
furious-puma-1:172839:174069 [3] NCCL INFO Ring 07 : 2 -> 3 -> 4
furious-puma-1:172841:174152 [5] NCCL INFO Ring 00 : 4 -> 5 -> 6
furious-puma-1:172839:174069 [3] NCCL INFO Ring 08 : 2 -> 3 -> 4
furious-puma-1:172840:174074 [4] NCCL INFO Ring 18 : 3 -> 4 -> 5
furious-puma-1:172837:174086 [1] NCCL INFO Tree 12 : 0 -> 1 -> 2/-1/-1
furious-puma-1:172836:174158 [0] NCCL INFO Tree 0 : -1 -> 0 -> 1/-1/-1
furious-puma-1:172839:174069 [3] NCCL INFO Ring 09 : 2 -> 3 -> 4
furious-puma-1:172840:174074 [4] NCCL INFO Ring 19 : 3 -> 4 -> 5
furious-puma-1:172836:174158 [0] NCCL INFO Tree 12 : -1 -> 0 -> 1/-1/-1
furious-puma-1:172839:174069 [3] NCCL INFO Ring 10 : 2 -> 3 -> 4
furious-puma-1:172840:174074 [4] NCCL INFO Ring 20 : 3 -> 4 -> 5
furious-puma-1:172841:174152 [5] NCCL INFO Ring 01 : 4 -> 5 -> 6
furious-puma-1:172837:174086 [1] NCCL INFO Tree 1 : 0 -> 1 -> 2/-1/-1
furious-puma-1:172843:174236 [7] NCCL INFO Ring 00 : 6 -> 7 -> 0
furious-puma-1:172841:174152 [5] NCCL INFO Ring 02 : 4 -> 5 -> 6
furious-puma-1:172836:174158 [0] NCCL INFO Tree 1 : -1 -> 0 -> 1/-1/-1
furious-puma-1:172839:174069 [3] NCCL INFO Ring 11 : 2 -> 3 -> 4
furious-puma-1:172840:174074 [4] NCCL INFO Ring 21 : 3 -> 4 -> 5
furious-puma-1:172837:174086 [1] NCCL INFO Tree 13 : 0 -> 1 -> 2/-1/-1
furious-puma-1:172843:174236 [7] NCCL INFO Ring 01 : 6 -> 7 -> 0
furious-puma-1:172836:174158 [0] NCCL INFO Tree 13 : -1 -> 0 -> 1/-1/-1
furious-puma-1:172839:174069 [3] NCCL INFO Ring 12 : 2 -> 3 -> 4
furious-puma-1:172841:174152 [5] NCCL INFO Ring 03 : 4 -> 5 -> 6
furious-puma-1:172840:174074 [4] NCCL INFO Ring 22 : 3 -> 4 -> 5
furious-puma-1:172843:174236 [7] NCCL INFO Ring 02 : 6 -> 7 -> 0
furious-puma-1:172837:174086 [1] NCCL INFO Tree 2 : 0 -> 1 -> 2/-1/-1
furious-puma-1:172836:174158 [0] NCCL INFO Tree 2 : -1 -> 0 -> 1/-1/-1
furious-puma-1:172839:174069 [3] NCCL INFO Ring 13 : 2 -> 3 -> 4
furious-puma-1:172840:174074 [4] NCCL INFO Ring 23 : 3 -> 4 -> 5
furious-puma-1:172837:174086 [1] NCCL INFO Tree 14 : 0 -> 1 -> 2/-1/-1
furious-puma-1:172843:174236 [7] NCCL INFO Ring 03 : 6 -> 7 -> 0
furious-puma-1:172840:174074 [4] NCCL INFO Trees [0] 5/-1/-1->4->3 [1] 5/-1/-1->4->3 [2] 5/-1/-1->4->3 [3] 5/-1/-1->4->3 [4] 5/-1/-1->4->3 [5] 5/-1/-1->4->3 [6] 5/-1/-1->4->3 [7] 5/-1/-1->4->3 [8] 5/-1/-1->4->3 [9] 5/-1/-1->4->3 [10] 5/-1/-1->4->3 [11] 5/-1/-1->4->3 [12] 5/-1/-1->4->3 [13] 5/-1/-1->4->3 [14] 5/-1/-1->4->3 [15] 5/-1/-1->4->3 [16] 5/-1/-1->4->3 [17] 5/-1/-1->4->3 [18] 5/-1/-1->4->3 [19] 5/-1/-1->4->3 [20] 5/-1/-1->4->3 [21] 5/-1/-1->4->3 [22] 5/-1/-1->4->3 [23] 5/-1/-1->4->3
furious-puma-1:172837:174086 [1] NCCL INFO Tree 3 : 0 -> 1 -> 2/-1/-1
furious-puma-1:172837:174086 [1] NCCL INFO Tree 15 : 0 -> 1 -> 2/-1/-1
furious-puma-1:172836:174158 [0] NCCL INFO Tree 14 : -1 -> 0 -> 1/-1/-1
furious-puma-1:172841:174152 [5] NCCL INFO Ring 04 : 4 -> 5 -> 6
furious-puma-1:172839:174069 [3] NCCL INFO Ring 14 : 2 -> 3 -> 4
furious-puma-1:172840:174074 [4] NCCL INFO P2P Chunksize set to 524288
furious-puma-1:172843:174236 [7] NCCL INFO Ring 04 : 6 -> 7 -> 0
furious-puma-1:172837:174086 [1] NCCL INFO Tree 4 : 0 -> 1 -> 2/-1/-1
furious-puma-1:172836:174158 [0] NCCL INFO Tree 3 : -1 -> 0 -> 1/-1/-1
furious-puma-1:172841:174152 [5] NCCL INFO Ring 05 : 4 -> 5 -> 6
furious-puma-1:172839:174069 [3] NCCL INFO Ring 15 : 2 -> 3 -> 4
furious-puma-1:172837:174086 [1] NCCL INFO Tree 16 : 0 -> 1 -> 2/-1/-1
furious-puma-1:172836:174158 [0] NCCL INFO Tree 15 : -1 -> 0 -> 1/-1/-1
furious-puma-1:172843:174236 [7] NCCL INFO Ring 05 : 6 -> 7 -> 0
furious-puma-1:172837:174086 [1] NCCL INFO Tree 5 : 0 -> 1 -> 2/-1/-1
furious-puma-1:172839:174069 [3] NCCL INFO Ring 16 : 2 -> 3 -> 4
furious-puma-1:172841:174152 [5] NCCL INFO Ring 06 : 4 -> 5 -> 6
furious-puma-1:172836:174158 [0] NCCL INFO Tree 4 : -1 -> 0 -> 1/-1/-1
furious-puma-1:172837:174086 [1] NCCL INFO Tree 17 : 0 -> 1 -> 2/-1/-1
furious-puma-1:172843:174236 [7] NCCL INFO Ring 06 : 6 -> 7 -> 0
furious-puma-1:172837:174086 [1] NCCL INFO Tree 6 : 0 -> 1 -> 2/-1/-1
furious-puma-1:172839:174069 [3] NCCL INFO Ring 17 : 2 -> 3 -> 4
furious-puma-1:172836:174158 [0] NCCL INFO Tree 16 : -1 -> 0 -> 1/-1/-1
furious-puma-1:172837:174086 [1] NCCL INFO Tree 18 : 0 -> 1 -> 2/-1/-1
furious-puma-1:172843:174236 [7] NCCL INFO Ring 07 : 6 -> 7 -> 0
furious-puma-1:172841:174152 [5] NCCL INFO Ring 07 : 4 -> 5 -> 6
furious-puma-1:172839:174069 [3] NCCL INFO Ring 18 : 2 -> 3 -> 4
furious-puma-1:172836:174158 [0] NCCL INFO Tree 5 : -1 -> 0 -> 1/-1/-1
furious-puma-1:172837:174086 [1] NCCL INFO Tree 7 : 0 -> 1 -> 2/-1/-1
furious-puma-1:172839:174069 [3] NCCL INFO Ring 19 : 2 -> 3 -> 4
furious-puma-1:172836:174158 [0] NCCL INFO Tree 17 : -1 -> 0 -> 1/-1/-1
furious-puma-1:172843:174236 [7] NCCL INFO Ring 08 : 6 -> 7 -> 0
furious-puma-1:172839:174069 [3] NCCL INFO Ring 20 : 2 -> 3 -> 4
furious-puma-1:172841:174152 [5] NCCL INFO Ring 08 : 4 -> 5 -> 6
furious-puma-1:172837:174086 [1] NCCL INFO Tree 19 : 0 -> 1 -> 2/-1/-1
furious-puma-1:172839:174069 [3] NCCL INFO Ring 21 : 2 -> 3 -> 4
furious-puma-1:172836:174158 [0] NCCL INFO Tree 6 : -1 -> 0 -> 1/-1/-1
furious-puma-1:172843:174236 [7] NCCL INFO Ring 09 : 6 -> 7 -> 0
furious-puma-1:172837:174086 [1] NCCL INFO Tree 8 : 0 -> 1 -> 2/-1/-1
furious-puma-1:172841:174152 [5] NCCL INFO Ring 09 : 4 -> 5 -> 6
furious-puma-1:172836:174158 [0] NCCL INFO Tree 18 : -1 -> 0 -> 1/-1/-1
furious-puma-1:172839:174069 [3] NCCL INFO Ring 22 : 2 -> 3 -> 4
furious-puma-1:172837:174086 [1] NCCL INFO Tree 20 : 0 -> 1 -> 2/-1/-1
furious-puma-1:172836:174158 [0] NCCL INFO Tree 7 : -1 -> 0 -> 1/-1/-1
furious-puma-1:172839:174069 [3] NCCL INFO Ring 23 : 2 -> 3 -> 4
furious-puma-1:172843:174236 [7] NCCL INFO Ring 10 : 6 -> 7 -> 0
furious-puma-1:172841:174152 [5] NCCL INFO Ring 10 : 4 -> 5 -> 6
furious-puma-1:172837:174086 [1] NCCL INFO Tree 9 : 0 -> 1 -> 2/-1/-1
furious-puma-1:172836:174158 [0] NCCL INFO Tree 19 : -1 -> 0 -> 1/-1/-1
furious-puma-1:172839:174069 [3] NCCL INFO Trees [0] 4/-1/-1->3->2 [1] 4/-1/-1->3->2 [2] 4/-1/-1->3->2 [3] 4/-1/-1->3->2 [4] 4/-1/-1->3->2 [5] 4/-1/-1->3->2 [6] 4/-1/-1->3->2 [7] 4/-1/-1->3->2 [8] 4/-1/-1->3->2 [9] 4/-1/-1->3->2 [10] 4/-1/-1->3->2 [11] 4/-1/-1->3->2 [12] 4/-1/-1->3->2 [13] 4/-1/-1->3->2 [14] 4/-1/-1->3->2 [15] 4/-1/-1->3->2 [16] 4/-1/-1->3->2 [17] 4/-1/-1->3->2 [18] 4/-1/-1->3->2 [19] 4/-1/-1->3->2 [20] 4/-1/-1->3->2 [21] 4/-1/-1->3->2 [22] 4/-1/-1->3->2 [23] 4/-1/-1->3->2
furious-puma-1:172843:174236 [7] NCCL INFO Ring 11 : 6 -> 7 -> 0
furious-puma-1:172836:174158 [0] NCCL INFO Tree 8 : -1 -> 0 -> 1/-1/-1
furious-puma-1:172837:174086 [1] NCCL INFO Tree 21 : 0 -> 1 -> 2/-1/-1
furious-puma-1:172837:174086 [1] NCCL INFO Tree 10 : 0 -> 1 -> 2/-1/-1
furious-puma-1:172841:174152 [5] NCCL INFO Ring 11 : 4 -> 5 -> 6
furious-puma-1:172839:174069 [3] NCCL INFO P2P Chunksize set to 524288
furious-puma-1:172836:174158 [0] NCCL INFO Tree 20 : -1 -> 0 -> 1/-1/-1
furious-puma-1:172843:174236 [7] NCCL INFO Ring 12 : 6 -> 7 -> 0
furious-puma-1:172837:174086 [1] NCCL INFO Tree 22 : 0 -> 1 -> 2/-1/-1
furious-puma-1:172836:174158 [0] NCCL INFO Tree 9 : -1 -> 0 -> 1/-1/-1
furious-puma-1:172841:174152 [5] NCCL INFO Ring 12 : 4 -> 5 -> 6
furious-puma-1:172837:174086 [1] NCCL INFO Tree 11 : 0 -> 1 -> 2/-1/-1
furious-puma-1:172843:174236 [7] NCCL INFO Ring 13 : 6 -> 7 -> 0
furious-puma-1:172836:174158 [0] NCCL INFO Tree 21 : -1 -> 0 -> 1/-1/-1
furious-puma-1:172837:174086 [1] NCCL INFO Tree 23 : 0 -> 1 -> 2/-1/-1
furious-puma-1:172836:174158 [0] NCCL INFO Tree 10 : -1 -> 0 -> 1/-1/-1
furious-puma-1:172843:174236 [7] NCCL INFO Ring 14 : 6 -> 7 -> 0
furious-puma-1:172841:174152 [5] NCCL INFO Ring 13 : 4 -> 5 -> 6
furious-puma-1:172836:174158 [0] NCCL INFO Tree 22 : -1 -> 0 -> 1/-1/-1
furious-puma-1:172836:174158 [0] NCCL INFO Tree 11 : -1 -> 0 -> 1/-1/-1
furious-puma-1:172843:174236 [7] NCCL INFO Ring 15 : 6 -> 7 -> 0
furious-puma-1:172841:174152 [5] NCCL INFO Ring 14 : 4 -> 5 -> 6
furious-puma-1:172836:174158 [0] NCCL INFO Tree 23 : -1 -> 0 -> 1/-1/-1
furious-puma-1:172843:174236 [7] NCCL INFO Ring 16 : 6 -> 7 -> 0
furious-puma-1:172841:174152 [5] NCCL INFO Ring 15 : 4 -> 5 -> 6
furious-puma-1:172837:174086 [1] NCCL INFO Ring 00 : 0 -> 1 -> 2
furious-puma-1:172837:174086 [1] NCCL INFO Ring 01 : 0 -> 1 -> 2
furious-puma-1:172843:174236 [7] NCCL INFO Ring 17 : 6 -> 7 -> 0
furious-puma-1:172841:174152 [5] NCCL INFO Ring 16 : 4 -> 5 -> 6
furious-puma-1:172837:174086 [1] NCCL INFO Ring 02 : 0 -> 1 -> 2
furious-puma-1:172836:174158 [0] NCCL INFO Channel 00/24 : 0 1 2 3 4 5 6 7
furious-puma-1:172837:174086 [1] NCCL INFO Ring 03 : 0 -> 1 -> 2
furious-puma-1:172843:174236 [7] NCCL INFO Ring 18 : 6 -> 7 -> 0
furious-puma-1:172841:174152 [5] NCCL INFO Ring 17 : 4 -> 5 -> 6
furious-puma-1:172836:174158 [0] NCCL INFO Channel 01/24 : 0 1 2 3 4 5 6 7
furious-puma-1:172837:174086 [1] NCCL INFO Ring 04 : 0 -> 1 -> 2
furious-puma-1:172836:174158 [0] NCCL INFO Channel 02/24 : 0 1 2 3 4 5 6 7
furious-puma-1:172837:174086 [1] NCCL INFO Ring 05 : 0 -> 1 -> 2
furious-puma-1:172843:174236 [7] NCCL INFO Ring 19 : 6 -> 7 -> 0
furious-puma-1:172836:174158 [0] NCCL INFO Channel 03/24 : 0 1 2 3 4 5 6 7
furious-puma-1:172837:174086 [1] NCCL INFO Ring 06 : 0 -> 1 -> 2
furious-puma-1:172841:174152 [5] NCCL INFO Ring 18 : 4 -> 5 -> 6
furious-puma-1:172843:174236 [7] NCCL INFO Ring 20 : 6 -> 7 -> 0
furious-puma-1:172837:174086 [1] NCCL INFO Ring 07 : 0 -> 1 -> 2
furious-puma-1:172836:174158 [0] NCCL INFO Channel 04/24 : 0 1 2 3 4 5 6 7
furious-puma-1:172841:174152 [5] NCCL INFO Ring 19 : 4 -> 5 -> 6
furious-puma-1:172838:174066 [2] NCCL INFO Ring 00 : 1 -> 2 -> 3
furious-puma-1:172836:174158 [0] NCCL INFO Channel 05/24 : 0 1 2 3 4 5 6 7
furious-puma-1:172837:174086 [1] NCCL INFO Ring 08 : 0 -> 1 -> 2
furious-puma-1:172843:174236 [7] NCCL INFO Ring 21 : 6 -> 7 -> 0
furious-puma-1:172838:174066 [2] NCCL INFO Ring 01 : 1 -> 2 -> 3
furious-puma-1:172836:174158 [0] NCCL INFO Channel 06/24 : 0 1 2 3 4 5 6 7
furious-puma-1:172841:174152 [5] NCCL INFO Ring 20 : 4 -> 5 -> 6
furious-puma-1:172836:174158 [0] NCCL INFO Channel 07/24 : 0 1 2 3 4 5 6 7
furious-puma-1:172837:174086 [1] NCCL INFO Ring 09 : 0 -> 1 -> 2
furious-puma-1:172838:174066 [2] NCCL INFO Ring 02 : 1 -> 2 -> 3
furious-puma-1:172841:174152 [5] NCCL INFO Ring 21 : 4 -> 5 -> 6
furious-puma-1:172843:174236 [7] NCCL INFO Ring 22 : 6 -> 7 -> 0
furious-puma-1:172836:174158 [0] NCCL INFO Channel 08/24 : 0 1 2 3 4 5 6 7
furious-puma-1:172837:174086 [1] NCCL INFO Ring 10 : 0 -> 1 -> 2
furious-puma-1:172838:174066 [2] NCCL INFO Ring 03 : 1 -> 2 -> 3
furious-puma-1:172841:174152 [5] NCCL INFO Ring 22 : 4 -> 5 -> 6
furious-puma-1:172838:174066 [2] NCCL INFO Ring 04 : 1 -> 2 -> 3
furious-puma-1:172836:174158 [0] NCCL INFO Channel 09/24 : 0 1 2 3 4 5 6 7
furious-puma-1:172837:174086 [1] NCCL INFO Ring 11 : 0 -> 1 -> 2
furious-puma-1:172843:174236 [7] NCCL INFO Ring 23 : 6 -> 7 -> 0
furious-puma-1:172838:174066 [2] NCCL INFO Ring 05 : 1 -> 2 -> 3
furious-puma-1:172841:174152 [5] NCCL INFO Ring 23 : 4 -> 5 -> 6
furious-puma-1:172836:174158 [0] NCCL INFO Channel 10/24 : 0 1 2 3 4 5 6 7
furious-puma-1:172843:174236 [7] NCCL INFO Trees [0] -1/-1/-1->7->6 [1] -1/-1/-1->7->6 [2] -1/-1/-1->7->6 [3] -1/-1/-1->7->6 [4] -1/-1/-1->7->6 [5] -1/-1/-1->7->6 [6] -1/-1/-1->7->6 [7] -1/-1/-1->7->6 [8] -1/-1/-1->7->6 [9] -1/-1/-1->7->6 [10] -1/-1/-1->7->6 [11] -1/-1/-1->7->6 [12] -1/-1/-1->7->6 [13] -1/-1/-1->7->6 [14] -1/-1/-1->7->6 [15] -1/-1/-1->7->6 [16] -1/-1/-1->7->6 [17] -1/-1/-1->7->6 [18] -1/-1/-1->7->6 [19] -1/-1/-1->7->6 [20] -1/-1/-1->7->6 [21] -1/-1/-1->7->6 [22] -1/-1/-1->7->6 [23] -1/-1/-1->7->6
furious-puma-1:172837:174086 [1] NCCL INFO Ring 12 : 0 -> 1 -> 2
furious-puma-1:172838:174066 [2] NCCL INFO Ring 06 : 1 -> 2 -> 3
furious-puma-1:172843:174236 [7] NCCL INFO P2P Chunksize set to 524288
furious-puma-1:172841:174152 [5] NCCL INFO Trees [0] 6/-1/-1->5->4 [1] 6/-1/-1->5->4 [2] 6/-1/-1->5->4 [3] 6/-1/-1->5->4 [4] 6/-1/-1->5->4 [5] 6/-1/-1->5->4 [6] 6/-1/-1->5->4 [7] 6/-1/-1->5->4 [8] 6/-1/-1->5->4 [9] 6/-1/-1->5->4 [10] 6/-1/-1->5->4 [11] 6/-1/-1->5->4 [12] 6/-1/-1->5->4 [13] 6/-1/-1->5->4 [14] 6/-1/-1->5->4 [15] 6/-1/-1->5->4 [16] 6/-1/-1->5->4 [17] 6/-1/-1->5->4 [18] 6/-1/-1->5->4 [19] 6/-1/-1->5->4 [20] 6/-1/-1->5->4 [21] 6/-1/-1->5->4 [22] 6/-1/-1->5->4 [23] 6/-1/-1->5->4
furious-puma-1:172836:174158 [0] NCCL INFO Channel 11/24 : 0 1 2 3 4 5 6 7
furious-puma-1:172838:174066 [2] NCCL INFO Ring 07 : 1 -> 2 -> 3
furious-puma-1:172837:174086 [1] NCCL INFO Ring 13 : 0 -> 1 -> 2
furious-puma-1:172836:174158 [0] NCCL INFO Channel 12/24 : 0 1 2 3 4 5 6 7
furious-puma-1:172838:174066 [2] NCCL INFO Ring 08 : 1 -> 2 -> 3
furious-puma-1:172841:174152 [5] NCCL INFO P2P Chunksize set to 524288
furious-puma-1:172837:174086 [1] NCCL INFO Ring 14 : 0 -> 1 -> 2
furious-puma-1:172838:174066 [2] NCCL INFO Ring 09 : 1 -> 2 -> 3
furious-puma-1:172836:174158 [0] NCCL INFO Channel 13/24 : 0 1 2 3 4 5 6 7
furious-puma-1:172838:174066 [2] NCCL INFO Ring 10 : 1 -> 2 -> 3
furious-puma-1:172837:174086 [1] NCCL INFO Ring 15 : 0 -> 1 -> 2
furious-puma-1:172836:174158 [0] NCCL INFO Channel 14/24 : 0 1 2 3 4 5 6 7
furious-puma-1:172838:174066 [2] NCCL INFO Ring 11 : 1 -> 2 -> 3
furious-puma-1:172837:174086 [1] NCCL INFO Ring 16 : 0 -> 1 -> 2
furious-puma-1:172838:174066 [2] NCCL INFO Ring 12 : 1 -> 2 -> 3
furious-puma-1:172836:174158 [0] NCCL INFO Channel 15/24 : 0 1 2 3 4 5 6 7
furious-puma-1:172838:174066 [2] NCCL INFO Ring 13 : 1 -> 2 -> 3
furious-puma-1:172837:174086 [1] NCCL INFO Ring 17 : 0 -> 1 -> 2
furious-puma-1:172836:174158 [0] NCCL INFO Channel 16/24 : 0 1 2 3 4 5 6 7
furious-puma-1:172838:174066 [2] NCCL INFO Ring 14 : 1 -> 2 -> 3
furious-puma-1:172838:174066 [2] NCCL INFO Ring 15 : 1 -> 2 -> 3
furious-puma-1:172837:174086 [1] NCCL INFO Ring 18 : 0 -> 1 -> 2
furious-puma-1:172836:174158 [0] NCCL INFO Channel 17/24 : 0 1 2 3 4 5 6 7
furious-puma-1:172838:174066 [2] NCCL INFO Ring 16 : 1 -> 2 -> 3
furious-puma-1:172837:174086 [1] NCCL INFO Ring 19 : 0 -> 1 -> 2
furious-puma-1:172836:174158 [0] NCCL INFO Channel 18/24 : 0 1 2 3 4 5 6 7
furious-puma-1:172838:174066 [2] NCCL INFO Ring 17 : 1 -> 2 -> 3
furious-puma-1:172837:174086 [1] NCCL INFO Ring 20 : 0 -> 1 -> 2
furious-puma-1:172838:174066 [2] NCCL INFO Ring 18 : 1 -> 2 -> 3
furious-puma-1:172838:174066 [2] NCCL INFO Ring 19 : 1 -> 2 -> 3
furious-puma-1:172836:174158 [0] NCCL INFO Channel 19/24 : 0 1 2 3 4 5 6 7
furious-puma-1:172837:174086 [1] NCCL INFO Ring 21 : 0 -> 1 -> 2
furious-puma-1:172838:174066 [2] NCCL INFO Ring 20 : 1 -> 2 -> 3
furious-puma-1:172836:174158 [0] NCCL INFO Channel 20/24 : 0 1 2 3 4 5 6 7
furious-puma-1:172838:174066 [2] NCCL INFO Ring 21 : 1 -> 2 -> 3
furious-puma-1:172838:174066 [2] NCCL INFO Ring 22 : 1 -> 2 -> 3
furious-puma-1:172836:174158 [0] NCCL INFO Channel 21/24 : 0 1 2 3 4 5 6 7
furious-puma-1:172837:174086 [1] NCCL INFO Ring 22 : 0 -> 1 -> 2
furious-puma-1:172838:174066 [2] NCCL INFO Ring 23 : 1 -> 2 -> 3
furious-puma-1:172836:174158 [0] NCCL INFO Channel 22/24 : 0 1 2 3 4 5 6 7
furious-puma-1:172838:174066 [2] NCCL INFO Trees [0] 3/-1/-1->2->1 [1] 3/-1/-1->2->1 [2] 3/-1/-1->2->1 [3] 3/-1/-1->2->1 [4] 3/-1/-1->2->1 [5] 3/-1/-1->2->1 [6] 3/-1/-1->2->1 [7] 3/-1/-1->2->1 [8] 3/-1/-1->2->1 [9] 3/-1/-1->2->1 [10] 3/-1/-1->2->1 [11] 3/-1/-1->2->1 [12] 3/-1/-1->2->1 [13] 3/-1/-1->2->1 [14] 3/-1/-1->2->1 [15] 3/-1/-1->2->1 [16] 3/-1/-1->2->1 [17] 3/-1/-1->2->1 [18] 3/-1/-1->2->1 [19] 3/-1/-1->2->1 [20] 3/-1/-1->2->1 [21] 3/-1/-1->2->1 [22] 3/-1/-1->2->1 [23] 3/-1/-1->2->1
furious-puma-1:172837:174086 [1] NCCL INFO Ring 23 : 0 -> 1 -> 2
furious-puma-1:172836:174158 [0] NCCL INFO Channel 23/24 : 0 1 2 3 4 5 6 7
furious-puma-1:172838:174066 [2] NCCL INFO P2P Chunksize set to 524288
furious-puma-1:172837:174086 [1] NCCL INFO Trees [0] 2/-1/-1->1->0 [1] 2/-1/-1->1->0 [2] 2/-1/-1->1->0 [3] 2/-1/-1->1->0 [4] 2/-1/-1->1->0 [5] 2/-1/-1->1->0 [6] 2/-1/-1->1->0 [7] 2/-1/-1->1->0 [8] 2/-1/-1->1->0 [9] 2/-1/-1->1->0 [10] 2/-1/-1->1->0 [11] 2/-1/-1->1->0 [12] 2/-1/-1->1->0 [13] 2/-1/-1->1->0 [14] 2/-1/-1->1->0 [15] 2/-1/-1->1->0 [16] 2/-1/-1->1->0 [17] 2/-1/-1->1->0 [18] 2/-1/-1->1->0 [19] 2/-1/-1->1->0 [20] 2/-1/-1->1->0 [21] 2/-1/-1->1->0 [22] 2/-1/-1->1->0 [23] 2/-1/-1->1->0
furious-puma-1:172836:174158 [0] NCCL INFO Ring 00 : 7 -> 0 -> 1
furious-puma-1:172837:174086 [1] NCCL INFO P2P Chunksize set to 524288
furious-puma-1:172836:174158 [0] NCCL INFO Ring 01 : 7 -> 0 -> 1
furious-puma-1:172836:174158 [0] NCCL INFO Ring 02 : 7 -> 0 -> 1
furious-puma-1:172836:174158 [0] NCCL INFO Ring 03 : 7 -> 0 -> 1
furious-puma-1:172836:174158 [0] NCCL INFO Ring 04 : 7 -> 0 -> 1
furious-puma-1:172836:174158 [0] NCCL INFO Ring 05 : 7 -> 0 -> 1
furious-puma-1:172836:174158 [0] NCCL INFO Ring 06 : 7 -> 0 -> 1
furious-puma-1:172836:174158 [0] NCCL INFO Ring 07 : 7 -> 0 -> 1
furious-puma-1:172836:174158 [0] NCCL INFO Ring 08 : 7 -> 0 -> 1
furious-puma-1:172836:174158 [0] NCCL INFO Ring 09 : 7 -> 0 -> 1
furious-puma-1:172836:174158 [0] NCCL INFO Ring 10 : 7 -> 0 -> 1
furious-puma-1:172836:174158 [0] NCCL INFO Ring 11 : 7 -> 0 -> 1
furious-puma-1:172836:174158 [0] NCCL INFO Ring 12 : 7 -> 0 -> 1
furious-puma-1:172836:174158 [0] NCCL INFO Ring 13 : 7 -> 0 -> 1
furious-puma-1:172836:174158 [0] NCCL INFO Ring 14 : 7 -> 0 -> 1
furious-puma-1:172836:174158 [0] NCCL INFO Ring 15 : 7 -> 0 -> 1
furious-puma-1:172836:174158 [0] NCCL INFO Ring 16 : 7 -> 0 -> 1
furious-puma-1:172836:174158 [0] NCCL INFO Ring 17 : 7 -> 0 -> 1
furious-puma-1:172836:174158 [0] NCCL INFO Ring 18 : 7 -> 0 -> 1
furious-puma-1:172836:174158 [0] NCCL INFO Ring 19 : 7 -> 0 -> 1
furious-puma-1:172836:174158 [0] NCCL INFO Ring 20 : 7 -> 0 -> 1
furious-puma-1:172836:174158 [0] NCCL INFO Ring 21 : 7 -> 0 -> 1
furious-puma-1:172836:174158 [0] NCCL INFO Ring 22 : 7 -> 0 -> 1
furious-puma-1:172836:174158 [0] NCCL INFO Ring 23 : 7 -> 0 -> 1
furious-puma-1:172836:174158 [0] NCCL INFO Trees [0] 1/-1/-1->0->-1 [1] 1/-1/-1->0->-1 [2] 1/-1/-1->0->-1 [3] 1/-1/-1->0->-1 [4] 1/-1/-1->0->-1 [5] 1/-1/-1->0->-1 [6] 1/-1/-1->0->-1 [7] 1/-1/-1->0->-1 [8] 1/-1/-1->0->-1 [9] 1/-1/-1->0->-1 [10] 1/-1/-1->0->-1 [11] 1/-1/-1->0->-1 [12] 1/-1/-1->0->-1 [13] 1/-1/-1->0->-1 [14] 1/-1/-1->0->-1 [15] 1/-1/-1->0->-1 [16] 1/-1/-1->0->-1 [17] 1/-1/-1->0->-1 [18] 1/-1/-1->0->-1 [19] 1/-1/-1->0->-1 [20] 1/-1/-1->0->-1 [21] 1/-1/-1->0->-1 [22] 1/-1/-1->0->-1 [23] 1/-1/-1->0->-1
furious-puma-1:172836:174158 [0] NCCL INFO P2P Chunksize set to 524288
furious-puma-1:172842:174291 [6] NCCL INFO [Proxy Service] Device 6 CPU core 139
furious-puma-1:172841:174293 [5] NCCL INFO [Proxy Service] Device 5 CPU core 135
furious-puma-1:172841:174294 [5] NCCL INFO [Proxy Service UDS] Device 5 CPU core 136
furious-puma-1:172842:174292 [6] NCCL INFO [Proxy Service UDS] Device 6 CPU core 141
furious-puma-1:172840:174295 [4] NCCL INFO [Proxy Service] Device 4 CPU core 129
furious-puma-1:172840:174296 [4] NCCL INFO [Proxy Service UDS] Device 4 CPU core 130
furious-puma-1:172837:174298 [1] NCCL INFO [Proxy Service UDS] Device 1 CPU core 20
furious-puma-1:172837:174297 [1] NCCL INFO [Proxy Service] Device 1 CPU core 14
furious-puma-1:172843:174299 [7] NCCL INFO [Proxy Service] Device 7 CPU core 137
furious-puma-1:172843:174300 [7] NCCL INFO [Proxy Service UDS] Device 7 CPU core 144
furious-puma-1:172838:174301 [2] NCCL INFO [Proxy Service] Device 2 CPU core 21
furious-puma-1:172838:174302 [2] NCCL INFO [Proxy Service UDS] Device 2 CPU core 22
furious-puma-1:172839:174303 [3] NCCL INFO [Proxy Service] Device 3 CPU core 5
furious-puma-1:172839:174304 [3] NCCL INFO [Proxy Service UDS] Device 3 CPU core 6
furious-puma-1:172836:174158 [0] NCCL INFO Check P2P Type isAllDirectP2p 1 directMode 0
furious-puma-1:172836:174305 [0] NCCL INFO [Proxy Service] Device 0 CPU core 7
furious-puma-1:172836:174306 [0] NCCL INFO [Proxy Service UDS] Device 0 CPU core 8
furious-puma-1:172838:174066 [2] NCCL INFO threadThresholds 8/8/64 | 64/8/64 | 512 | 512
furious-puma-1:172838:174066 [2] NCCL INFO 24 coll channels, 24 collnet channels, 16 nvls channels, 32 p2p channels, 32 p2p channels per peer
furious-puma-1:172840:174074 [4] NCCL INFO threadThresholds 8/8/64 | 64/8/64 | 512 | 512
furious-puma-1:172840:174074 [4] NCCL INFO 24 coll channels, 24 collnet channels, 16 nvls channels, 32 p2p channels, 32 p2p channels per peer
furious-puma-1:172842:174072 [6] NCCL INFO threadThresholds 8/8/64 | 64/8/64 | 512 | 512
furious-puma-1:172842:174072 [6] NCCL INFO 24 coll channels, 24 collnet channels, 16 nvls channels, 32 p2p channels, 32 p2p channels per peer
furious-puma-1:172836:174158 [0] NCCL INFO threadThresholds 8/8/64 | 64/8/64 | 512 | 512
furious-puma-1:172836:174158 [0] NCCL INFO 24 coll channels, 24 collnet channels, 16 nvls channels, 32 p2p channels, 32 p2p channels per peer
furious-puma-1:172843:174236 [7] NCCL INFO threadThresholds 8/8/64 | 64/8/64 | 512 | 512
furious-puma-1:172843:174236 [7] NCCL INFO 24 coll channels, 24 collnet channels, 16 nvls channels, 32 p2p channels, 32 p2p channels per peer
furious-puma-1:172841:174152 [5] NCCL INFO threadThresholds 8/8/64 | 64/8/64 | 512 | 512
furious-puma-1:172841:174152 [5] NCCL INFO 24 coll channels, 24 collnet channels, 16 nvls channels, 32 p2p channels, 32 p2p channels per peer
furious-puma-1:172837:174086 [1] NCCL INFO threadThresholds 8/8/64 | 64/8/64 | 512 | 512
furious-puma-1:172837:174086 [1] NCCL INFO 24 coll channels, 24 collnet channels, 16 nvls channels, 32 p2p channels, 32 p2p channels per peer
furious-puma-1:172839:174069 [3] NCCL INFO threadThresholds 8/8/64 | 64/8/64 | 512 | 512
furious-puma-1:172839:174069 [3] NCCL INFO 24 coll channels, 24 collnet channels, 16 nvls channels, 32 p2p channels, 32 p2p channels per peer
furious-puma-1:172836:174158 [0] NCCL INFO CC Off, workFifoBytes 1048576
furious-puma-1:172840:174074 [4] NCCL INFO ncclCommSplit comm 0x74fe2a50 rank 4 nranks 8 cudaDev 4 nvmlDev 4 busId bf000 parent 0x3226d280 splitCount 1 color 1266629538 key 4 - Init COMPLETE
furious-puma-1:172840:174074 [4] NCCL INFO Init timings - ncclCommSplit: rank 4 nranks 8 total 6.75 (kernels 0.00, alloc 0.00, bootstrap 0.00, allgathers 0.32, topo 0.05, graphs 1.26, connections 0.23, rest 4.88)
furious-puma-1:172836:174158 [0] NCCL INFO ncclCommSplit comm 0x71075460 rank 0 nranks 8 cudaDev 0 nvmlDev 0 busId 7f000 parent 0x2e15b430 splitCount 1 color 1266629538 key 0 - Init COMPLETE
furious-puma-1:172838:174066 [2] NCCL INFO ncclCommSplit comm 0x6283c9d0 rank 2 nranks 8 cudaDev 2 nvmlDev 2 busId 9f000 parent 0x1fac7400 splitCount 1 color 1266629538 key 2 - Init COMPLETE
furious-puma-1:172836:174158 [0] NCCL INFO Init timings - ncclCommSplit: rank 0 nranks 8 total 2.03 (kernels 0.00, alloc 0.00, bootstrap 0.00, allgathers 0.31, topo 1.32, graphs 0.01, connections 0.22, rest 0.17)
furious-puma-1:172838:174066 [2] NCCL INFO Init timings - ncclCommSplit: rank 2 nranks 8 total 7.54 (kernels 0.00, alloc 0.00, bootstrap 0.00, allgathers 0.32, topo 0.05, graphs 1.27, connections 0.22, rest 5.68)
furious-puma-1:172842:174072 [6] NCCL INFO ncclCommSplit comm 0x51849b50 rank 6 nranks 8 cudaDev 6 nvmlDev 6 busId df000 parent 0xe92e160 splitCount 1 color 1266629538 key 6 - Init COMPLETE
furious-puma-1:172839:174069 [3] NCCL INFO ncclCommSplit comm 0x60340e20 rank 3 nranks 8 cudaDev 3 nvmlDev 3 busId af000 parent 0x1d426170 splitCount 1 color 1266629538 key 3 - Init COMPLETE
furious-puma-1:172839:174069 [3] NCCL INFO Init timings - ncclCommSplit: rank 3 nranks 8 total 7.23 (kernels 0.00, alloc 0.00, bootstrap 0.00, allgathers 0.31, topo 1.32, graphs 0.01, connections 0.22, rest 5.37)
furious-puma-1:172842:174072 [6] NCCL INFO Init timings - ncclCommSplit: rank 6 nranks 8 total 6.91 (kernels 0.00, alloc 0.00, bootstrap 0.00, allgathers 0.31, topo 1.32, graphs 0.01, connections 0.23, rest 5.05)
furious-puma-1:172837:174086 [1] NCCL INFO ncclCommSplit comm 0x505540b0 rank 1 nranks 8 cudaDev 1 nvmlDev 1 busId 8f000 parent 0xd7de960 splitCount 1 color 1266629538 key 1 - Init COMPLETE
furious-puma-1:172841:174152 [5] NCCL INFO ncclCommSplit comm 0x6817fd60 rank 5 nranks 8 cudaDev 5 nvmlDev 5 busId cf000 parent 0x25265ec0 splitCount 1 color 1266629538 key 5 - Init COMPLETE
furious-puma-1:172837:174086 [1] NCCL INFO Init timings - ncclCommSplit: rank 1 nranks 8 total 3.52 (kernels 0.00, alloc 0.00, bootstrap 0.00, allgathers 0.31, topo 1.32, graphs 0.01, connections 0.23, rest 1.66)
furious-puma-1:172843:174236 [7] NCCL INFO ncclCommSplit comm 0x8bc1a970 rank 7 nranks 8 cudaDev 7 nvmlDev 7 busId ef000 parent 0x48ea4ff0 splitCount 1 color 1266629538 key 7 - Init COMPLETE
furious-puma-1:172841:174152 [5] NCCL INFO Init timings - ncclCommSplit: rank 5 nranks 8 total 2.41 (kernels 0.00, alloc 0.00, bootstrap 0.00, allgathers 0.00, topo 1.32, graphs 0.32, connections 0.23, rest 0.55)
furious-puma-1:172843:174236 [7] NCCL INFO Init timings - ncclCommSplit: rank 7 nranks 8 total 1.89 (kernels 0.00, alloc 0.00, bootstrap 0.00, allgathers 0.00, topo 1.32, graphs 0.32, connections 0.22, rest 0.03)
furious-puma-1:172840:174295 [4] NCCL INFO Allocated shareable buffer 0x7ebde3400000 size 10485760 ipcDesc 0x7ebd70008b80
furious-puma-1:172842:174291 [6] NCCL INFO Allocated shareable buffer 0x770ccf400000 size 10485760 ipcDesc 0x770c64008b80
furious-puma-1:172837:174297 [1] NCCL INFO Allocated shareable buffer 0x78deff400000 size 10485760 ipcDesc 0x78de94008b80
furious-puma-1:172838:174301 [2] NCCL INFO Allocated shareable buffer 0x7c8ebb400000 size 10485760 ipcDesc 0x7c8e48008b80
furious-puma-1:172843:174299 [7] NCCL INFO Allocated shareable buffer 0x7f8869400000 size 10485760 ipcDesc 0x7f8800008b80
furious-puma-1:172836:174305 [0] NCCL INFO Allocated shareable buffer 0x7cda97400000 size 10485760 ipcDesc 0x7cda28008c40
furious-puma-1:172839:174303 [3] NCCL INFO Allocated shareable buffer 0x714237400000 size 10485760 ipcDesc 0x7141c4008b80
furious-puma-1:172839:174303 [3] NCCL INFO Allocated shareable buffer 0x7140d5000000 size 10485760 ipcDesc 0x7141c400a620
furious-puma-1:172840:174295 [4] NCCL INFO Allocated shareable buffer 0x7ebc81000000 size 10485760 ipcDesc 0x7ebd7000a620
furious-puma-1:172838:174301 [2] NCCL INFO Allocated shareable buffer 0x7c8d59000000 size 10485760 ipcDesc 0x7c8e4800a620
furious-puma-1:172842:174291 [6] NCCL INFO Allocated shareable buffer 0x770cd9000000 size 10485760 ipcDesc 0x770c6400a620
furious-puma-1:172836:174305 [0] NCCL INFO Allocated shareable buffer 0x7cdaa1000000 size 10485760 ipcDesc 0x7cda2800a680
furious-puma-1:172841:174293 [5] NCCL INFO Allocated shareable buffer 0x7e4ee3400000 size 10485760 ipcDesc 0x7e4e78008b80
furious-puma-1:172843:174299 [7] NCCL INFO Allocated shareable buffer 0x7f8873000000 size 10485760 ipcDesc 0x7f880000a620
furious-puma-1:172836:174305 [0] NCCL INFO Allocated shareable buffer 0x7cdaa9000000 size 10485760 ipcDesc 0x7cda2800c060
furious-puma-1:172840:174295 [4] NCCL INFO Allocated shareable buffer 0x7ebded000000 size 10485760 ipcDesc 0x7ebd7000c040
furious-puma-1:172837:174297 [1] NCCL INFO Allocated shareable buffer 0x78df09000000 size 10485760 ipcDesc 0x78de9400a620
furious-puma-1:172839:174303 [3] NCCL INFO Allocated shareable buffer 0x714241000000 size 10485760 ipcDesc 0x7141c400c040
furious-puma-1:172838:174301 [2] NCCL INFO Allocated shareable buffer 0x7c8ec5000000 size 10485760 ipcDesc 0x7c8e4800c040
furious-puma-1:172842:174291 [6] NCCL INFO Allocated shareable buffer 0x770ce1000000 size 10485760 ipcDesc 0x770c6400c040
furious-puma-1:172837:174297 [1] NCCL INFO Allocated shareable buffer 0x78df11000000 size 10485760 ipcDesc 0x78de9400c040
furious-puma-1:172843:174299 [7] NCCL INFO Allocated shareable buffer 0x7f887b000000 size 10485760 ipcDesc 0x7f880000c040
furious-puma-1:172841:174293 [5] NCCL INFO Allocated shareable buffer 0x7e4eed000000 size 10485760 ipcDesc 0x7e4e7800a620
furious-puma-1:172836:174305 [0] NCCL INFO Allocated shareable buffer 0x7cdab1000000 size 10485760 ipcDesc 0x7cda2800da40
furious-puma-1:172839:174303 [3] NCCL INFO Allocated shareable buffer 0x714249000000 size 10485760 ipcDesc 0x7141c400da40
furious-puma-1:172841:174293 [5] NCCL INFO Allocated shareable buffer 0x7e4ef5000000 size 10485760 ipcDesc 0x7e4e7800c040
furious-puma-1:172840:174295 [4] NCCL INFO Allocated shareable buffer 0x7ebdf5000000 size 10485760 ipcDesc 0x7ebd7000da40
furious-puma-1:172842:174291 [6] NCCL INFO Allocated shareable buffer 0x770ce9000000 size 10485760 ipcDesc 0x770c6400da40
furious-puma-1:172838:174301 [2] NCCL INFO Allocated shareable buffer 0x7c8ecd000000 size 10485760 ipcDesc 0x7c8e4800da40
furious-puma-1:172836:174305 [0] NCCL INFO Allocated shareable buffer 0x7cdab5400000 size 10485760 ipcDesc 0x7cda2800f420
furious-puma-1:172843:174299 [7] NCCL INFO Allocated shareable buffer 0x7f8883000000 size 10485760 ipcDesc 0x7f880000da40
furious-puma-1:172836:174305 [0] NCCL INFO Allocated shareable buffer 0x7cdabf000000 size 10485760 ipcDesc 0x7cda28010e00
furious-puma-1:172841:174293 [5] NCCL INFO Allocated shareable buffer 0x7e4efd000000 size 10485760 ipcDesc 0x7e4e7800da40
furious-puma-1:172840:174295 [4] NCCL INFO Allocated shareable buffer 0x7ebdf9400000 size 10485760 ipcDesc 0x7ebd7000f420
furious-puma-1:172837:174297 [1] NCCL INFO Allocated shareable buffer 0x78df19000000 size 10485760 ipcDesc 0x78de9400da40
furious-puma-1:172838:174301 [2] NCCL INFO Allocated shareable buffer 0x7c8ed1400000 size 10485760 ipcDesc 0x7c8e4800f420
furious-puma-1:172836:174305 [0] NCCL INFO Allocated shareable buffer 0x7cd943000000 size 10485760 ipcDesc 0x7cda280127e0
furious-puma-1:172839:174303 [3] NCCL INFO Allocated shareable buffer 0x71424d400000 size 10485760 ipcDesc 0x7141c400f420
furious-puma-1:172836:174305 [0] NCCL INFO Allocated shareable buffer 0x7cdac7000000 size 10485760 ipcDesc 0x7cda280141c0
furious-puma-1:172842:174291 [6] NCCL INFO Allocated shareable buffer 0x770ced400000 size 10485760 ipcDesc 0x770c6400f420
furious-puma-1:172838:174301 [2] NCCL INFO Allocated shareable buffer 0x7c8edb000000 size 10485760 ipcDesc 0x7c8e48010e00
furious-puma-1:172843:174299 [7] NCCL INFO Allocated shareable buffer 0x7f8887400000 size 10485760 ipcDesc 0x7f880000f420
furious-puma-1:172841:174293 [5] NCCL INFO Allocated shareable buffer 0x7e4f01400000 size 10485760 ipcDesc 0x7e4e7800f420
furious-puma-1:172843:174299 [7] NCCL INFO Allocated shareable buffer 0x7f8891000000 size 10485760 ipcDesc 0x7f8800010e00
furious-puma-1:172840:174295 [4] NCCL INFO Allocated shareable buffer 0x7ebe03000000 size 10485760 ipcDesc 0x7ebd70010e00
furious-puma-1:172840:174295 [4] NCCL INFO Allocated shareable buffer 0x7ebe0b000000 size 10485760 ipcDesc 0x7ebd700127e0
furious-puma-1:172837:174297 [1] NCCL INFO Allocated shareable buffer 0x78df1d400000 size 10485760 ipcDesc 0x78de9400f420
furious-puma-1:172838:174301 [2] NCCL INFO Allocated shareable buffer 0x7c8ee3000000 size 10485760 ipcDesc 0x7c8e480127e0
furious-puma-1:172836:174305 [0] NCCL INFO Allocated shareable buffer 0x7cdacb400000 size 10485760 ipcDesc 0x7cda28015ba0
furious-puma-1:172843:174299 [7] NCCL INFO Allocated shareable buffer 0x7f8715000000 size 10485760 ipcDesc 0x7f88000127e0
furious-puma-1:172839:174303 [3] NCCL INFO Allocated shareable buffer 0x714257000000 size 10485760 ipcDesc 0x7141c4010e00
furious-puma-1:172840:174295 [4] NCCL INFO Allocated shareable buffer 0x7ebc89000000 size 10485760 ipcDesc 0x7ebd700141c0
furious-puma-1:172837:174297 [1] NCCL INFO Allocated shareable buffer 0x78df27000000 size 10485760 ipcDesc 0x78de94010e00
furious-puma-1:172842:174291 [6] NCCL INFO Allocated shareable buffer 0x770cf7000000 size 10485760 ipcDesc 0x770c64010e00
furious-puma-1:172836:174305 [0] NCCL INFO Allocated shareable buffer 0x7cdad5000000 size 10485760 ipcDesc 0x7cda28017580
furious-puma-1:172841:174293 [5] NCCL INFO Allocated shareable buffer 0x7e4f0b000000 size 10485760 ipcDesc 0x7e4e78010e00
furious-puma-1:172843:174299 [7] NCCL INFO Allocated shareable buffer 0x7f8899000000 size 10485760 ipcDesc 0x7f88000141c0
furious-puma-1:172839:174303 [3] NCCL INFO Allocated shareable buffer 0x71425f000000 size 10485760 ipcDesc 0x7141c40127e0
furious-puma-1:172839:174303 [3] NCCL INFO Allocated shareable buffer 0x7140dd000000 size 10485760 ipcDesc 0x7141c40141c0
furious-puma-1:172840:174295 [4] NCCL INFO Allocated shareable buffer 0x7ebe0f400000 size 10485760 ipcDesc 0x7ebd70015ba0
furious-puma-1:172838:174301 [2] NCCL INFO Allocated shareable buffer 0x7c8d61000000 size 10485760 ipcDesc 0x7c8e480141c0
furious-puma-1:172837:174297 [1] NCCL INFO Allocated shareable buffer 0x78ddab000000 size 10485760 ipcDesc 0x78de940127e0
furious-puma-1:172842:174291 [6] NCCL INFO Allocated shareable buffer 0x770b7b000000 size 10485760 ipcDesc 0x770c640127e0
furious-puma-1:172843:174299 [7] NCCL INFO Allocated shareable buffer 0x7f889d400000 size 10485760 ipcDesc 0x7f8800015ba0
furious-puma-1:172841:174293 [5] NCCL INFO Allocated shareable buffer 0x7e4d8f000000 size 10485760 ipcDesc 0x7e4e780127e0
furious-puma-1:172842:174291 [6] NCCL INFO Allocated shareable buffer 0x770cff000000 size 10485760 ipcDesc 0x770c640141c0
furious-puma-1:172842:174291 [6] NCCL INFO Allocated shareable buffer 0x770d03400000 size 10485760 ipcDesc 0x770c64015ba0
furious-puma-1:172839:174303 [3] NCCL INFO Allocated shareable buffer 0x714263400000 size 10485760 ipcDesc 0x7141c4015ba0
furious-puma-1:172840:174295 [4] NCCL INFO Allocated shareable buffer 0x7ebe19000000 size 10485760 ipcDesc 0x7ebd70017580
furious-puma-1:172842:174291 [6] NCCL INFO Allocated shareable buffer 0x770d0d000000 size 10485760 ipcDesc 0x770c64017580
furious-puma-1:172836:174305 [0] NCCL INFO Allocated shareable buffer 0x7cdadd000000 size 10485760 ipcDesc 0x7cda28018f60
furious-puma-1:172839:174303 [3] NCCL INFO Allocated shareable buffer 0x71426d000000 size 10485760 ipcDesc 0x7141c4017580
furious-puma-1:172843:174299 [7] NCCL INFO Allocated shareable buffer 0x7f88a7000000 size 10485760 ipcDesc 0x7f8800017580
furious-puma-1:172841:174293 [5] NCCL INFO Allocated shareable buffer 0x7e4f13000000 size 10485760 ipcDesc 0x7e4e780141c0
furious-puma-1:172838:174301 [2] NCCL INFO Allocated shareable buffer 0x7c8ee7400000 size 10485760 ipcDesc 0x7c8e48015ba0
furious-puma-1:172839:174303 [3] NCCL INFO Allocated shareable buffer 0x714275000000 size 10485760 ipcDesc 0x7141c4018f60
furious-puma-1:172840:174295 [4] NCCL INFO Allocated shareable buffer 0x7ebe21000000 size 10485760 ipcDesc 0x7ebd70018f60
furious-puma-1:172837:174297 [1] NCCL INFO Allocated shareable buffer 0x78df2f000000 size 10485760 ipcDesc 0x78de940141c0
furious-puma-1:172842:174291 [6] NCCL INFO Allocated shareable buffer 0x770d15000000 size 10485760 ipcDesc 0x770c64018f60
furious-puma-1:172842:174291 [6] NCCL INFO Allocated shareable buffer 0x770b83000000 size 10485760 ipcDesc 0x770c6401a940
furious-puma-1:172842:174291 [6] NCCL INFO Allocated shareable buffer 0x770d19400000 size 10485760 ipcDesc 0x770c6401c320
furious-puma-1:172840:174295 [4] NCCL INFO Allocated shareable buffer 0x7ebe29000000 size 10485760 ipcDesc 0x7ebd7001a940
furious-puma-1:172837:174297 [1] NCCL INFO Allocated shareable buffer 0x78df33400000 size 10485760 ipcDesc 0x78de94015ba0
furious-puma-1:172838:174301 [2] NCCL INFO Allocated shareable buffer 0x7c8ef1000000 size 10485760 ipcDesc 0x7c8e48017580
furious-puma-1:172843:174299 [7] NCCL INFO Allocated shareable buffer 0x7f88af000000 size 10485760 ipcDesc 0x7f8800018f60
furious-puma-1:172841:174293 [5] NCCL INFO Allocated shareable buffer 0x7e4f17400000 size 10485760 ipcDesc 0x7e4e78015ba0
furious-puma-1:172839:174303 [3] NCCL INFO Allocated shareable buffer 0x71427d000000 size 10485760 ipcDesc 0x7141c401a940
furious-puma-1:172836:174305 [0] NCCL INFO Allocated shareable buffer 0x7cd94b000000 size 10485760 ipcDesc 0x7cda2801a940
furious-puma-1:172839:174303 [3] NCCL INFO Allocated shareable buffer 0x714281400000 size 10485760 ipcDesc 0x7141c401c320
furious-puma-1:172840:174295 [4] NCCL INFO Allocated shareable buffer 0x7ebe2d400000 size 10485760 ipcDesc 0x7ebd7001c320
furious-puma-1:172837:174297 [1] NCCL INFO Allocated shareable buffer 0x78df3d000000 size 10485760 ipcDesc 0x78de94017580
furious-puma-1:172842:174291 [6] NCCL INFO Allocated shareable buffer 0x770d23000000 size 10485760 ipcDesc 0x770c6401dd00
furious-puma-1:172843:174299 [7] NCCL INFO Allocated shareable buffer 0x7f871d000000 size 10485760 ipcDesc 0x7f880001a940
furious-puma-1:172836:174305 [0] NCCL INFO Allocated shareable buffer 0x7cdae1400000 size 10485760 ipcDesc 0x7cda2801c320
furious-puma-1:172841:174293 [5] NCCL INFO Allocated shareable buffer 0x7e4f21000000 size 10485760 ipcDesc 0x7e4e78017580
furious-puma-1:172836:174305 [0] NCCL INFO Allocated shareable buffer 0x7cdaeb000000 size 10485760 ipcDesc 0x7cda2801dd00
furious-puma-1:172840:174295 [4] NCCL INFO Allocated shareable buffer 0x7ebe37000000 size 10485760 ipcDesc 0x7ebd7001dd00
furious-puma-1:172838:174301 [2] NCCL INFO Allocated shareable buffer 0x7c8ef9000000 size 10485760 ipcDesc 0x7c8e48018f60
furious-puma-1:172839:174303 [3] NCCL INFO Allocated shareable buffer 0x71428b000000 size 10485760 ipcDesc 0x7141c401dd00
furious-puma-1:172836:174305 [0] NCCL INFO Allocated shareable buffer 0x7cdaf3000000 size 10485760 ipcDesc 0x7cda2801f6e0
furious-puma-1:172836:174305 [0] NCCL INFO Allocated shareable buffer 0x7cdafb000000 size 10485760 ipcDesc 0x7cda280210c0
furious-puma-1:172837:174297 [1] NCCL INFO Allocated shareable buffer 0x78df45000000 size 10485760 ipcDesc 0x78de94018f60
furious-puma-1:172843:174299 [7] NCCL INFO Allocated shareable buffer 0x7f88b3400000 size 10485760 ipcDesc 0x7f880001c320
furious-puma-1:172840:174295 [4] NCCL INFO Allocated shareable buffer 0x7ebc91000000 size 10485760 ipcDesc 0x7ebd7001f6e0
furious-puma-1:172842:174291 [6] NCCL INFO Allocated shareable buffer 0x770d2b000000 size 10485760 ipcDesc 0x770c6401f6e0
furious-puma-1:172838:174301 [2] NCCL INFO Allocated shareable buffer 0x7c8f01000000 size 10485760 ipcDesc 0x7c8e4801a940
furious-puma-1:172841:174293 [5] NCCL INFO Allocated shareable buffer 0x7e4f29000000 size 10485760 ipcDesc 0x7e4e78018f60
furious-puma-1:172839:174303 [3] NCCL INFO Allocated shareable buffer 0x7140e5000000 size 10485760 ipcDesc 0x7141c401f6e0
furious-puma-1:172836:174305 [0] NCCL INFO Allocated shareable buffer 0x7cdaff400000 size 10485760 ipcDesc 0x7cda28022aa0
furious-puma-1:172843:174299 [7] NCCL INFO Allocated shareable buffer 0x7f88bd000000 size 10485760 ipcDesc 0x7f880001dd00
furious-puma-1:172840:174295 [4] NCCL INFO Allocated shareable buffer 0x7ebe3f000000 size 10485760 ipcDesc 0x7ebd700210c0
furious-puma-1:172837:174297 [1] NCCL INFO Allocated shareable buffer 0x78ddb3000000 size 10485760 ipcDesc 0x78de9401a940
furious-puma-1:172836:174305 [0] NCCL INFO Allocated shareable buffer 0x7cdb09000000 size 10485760 ipcDesc 0x7cda28024480
furious-puma-1:172841:174293 [5] NCCL INFO Allocated shareable buffer 0x7e4d97000000 size 10485760 ipcDesc 0x7e4e7801a940
furious-puma-1:172839:174303 [3] NCCL INFO Allocated shareable buffer 0x714293000000 size 10485760 ipcDesc 0x7141c40210c0
furious-puma-1:172838:174301 [2] NCCL INFO Allocated shareable buffer 0x7c8f05400000 size 10485760 ipcDesc 0x7c8e4801c320
furious-puma-1:172838:174301 [2] NCCL INFO Allocated shareable buffer 0x7c8f0f000000 size 10485760 ipcDesc 0x7c8e4801dd00
furious-puma-1:172842:174291 [6] NCCL INFO Allocated shareable buffer 0x770d33000000 size 10485760 ipcDesc 0x770c640210c0
furious-puma-1:172840:174295 [4] NCCL INFO Allocated shareable buffer 0x7ebe43400000 size 10485760 ipcDesc 0x7ebd70022aa0
furious-puma-1:172836:174305 [0] NCCL INFO Allocated shareable buffer 0x7cdb11000000 size 10485760 ipcDesc 0x7cda28025e60
furious-puma-1:172843:174299 [7] NCCL INFO Allocated shareable buffer 0x7f88c5000000 size 10485760 ipcDesc 0x7f880001f6e0
furious-puma-1:172841:174293 [5] NCCL INFO Allocated shareable buffer 0x7e4f2d400000 size 10485760 ipcDesc 0x7e4e7801c320
furious-puma-1:172839:174303 [3] NCCL INFO Allocated shareable buffer 0x714297400000 size 10485760 ipcDesc 0x7141c4022aa0
furious-puma-1:172838:174301 [2] NCCL INFO Allocated shareable buffer 0x7c8d69000000 size 10485760 ipcDesc 0x7c8e4801f6e0
furious-puma-1:172840:174295 [4] NCCL INFO Allocated shareable buffer 0x7ebe4d000000 size 10485760 ipcDesc 0x7ebd70024480
furious-puma-1:172837:174297 [1] NCCL INFO Allocated shareable buffer 0x78df49400000 size 10485760 ipcDesc 0x78de9401c320
furious-puma-1:172840:174295 [4] NCCL INFO Allocated shareable buffer 0x7ebe55000000 size 10485760 ipcDesc 0x7ebd70025e60
furious-puma-1:172840:174295 [4] NCCL INFO Allocated shareable buffer 0x7ebc99000000 size 10485760 ipcDesc 0x7ebd70027840
furious-puma-1:172842:174291 [6] NCCL INFO Allocated shareable buffer 0x770d37400000 size 10485760 ipcDesc 0x770c64022aa0
furious-puma-1:172843:174299 [7] NCCL INFO Allocated shareable buffer 0x7f88cd000000 size 10485760 ipcDesc 0x7f88000210c0
furious-puma-1:172836:174305 [0] NCCL INFO Allocated shareable buffer 0x7cd953000000 size 10485760 ipcDesc 0x7cda28027840
furious-puma-1:172841:174293 [5] NCCL INFO Allocated shareable buffer 0x7e4f37000000 size 10485760 ipcDesc 0x7e4e7801dd00
furious-puma-1:172839:174303 [3] NCCL INFO Allocated shareable buffer 0x7142a1000000 size 10485760 ipcDesc 0x7141c4024480
furious-puma-1:172841:174293 [5] NCCL INFO Allocated shareable buffer 0x7e4f3f000000 size 10485760 ipcDesc 0x7e4e7801f6e0
furious-puma-1:172839:174303 [3] NCCL INFO Allocated shareable buffer 0x7142a9000000 size 10485760 ipcDesc 0x7141c4025e60
furious-puma-1:172840:174295 [4] NCCL INFO Allocated shareable buffer 0x7ebe59400000 size 10485760 ipcDesc 0x7ebd70029220
furious-puma-1:172838:174301 [2] NCCL INFO Allocated shareable buffer 0x7c8f17000000 size 10485760 ipcDesc 0x7c8e480210c0
furious-puma-1:172836:174305 [0] NCCL INFO Allocated shareable buffer 0x7cdb15400000 size 10485760 ipcDesc 0x7cda28029220
furious-puma-1:172837:174297 [1] NCCL INFO Allocated shareable buffer 0x78df53000000 size 10485760 ipcDesc 0x78de9401dd00
furious-puma-1:172839:174303 [3] NCCL INFO Allocated shareable buffer 0x7140ed000000 size 10485760 ipcDesc 0x7141c4027840
furious-puma-1:172843:174299 [7] NCCL INFO Allocated shareable buffer 0x7f88d1400000 size 10485760 ipcDesc 0x7f8800022aa0
furious-puma-1:172841:174293 [5] NCCL INFO Allocated shareable buffer 0x7e4f47000000 size 10485760 ipcDesc 0x7e4e780210c0
furious-puma-1:172841:174293 [5] NCCL INFO Allocated shareable buffer 0x7e4f4b400000 size 10485760 ipcDesc 0x7e4e78022aa0
furious-puma-1:172840:174295 [4] NCCL INFO Allocated shareable buffer 0x7ebe63000000 size 10485760 ipcDesc 0x7ebd7002ac00
furious-puma-1:172838:174301 [2] NCCL INFO Allocated shareable buffer 0x7c8f1b400000 size 10485760 ipcDesc 0x7c8e48022aa0
furious-puma-1:172842:174291 [6] NCCL INFO Allocated shareable buffer 0x770d41000000 size 10485760 ipcDesc 0x770c64024480
furious-puma-1:172843:174299 [7] NCCL INFO Allocated shareable buffer 0x7f88db000000 size 10485760 ipcDesc 0x7f8800024480
furious-puma-1:172839:174303 [3] NCCL INFO Allocated shareable buffer 0x7142ad400000 size 10485760 ipcDesc 0x7141c4029220
furious-puma-1:172842:174291 [6] NCCL INFO Allocated shareable buffer 0x770d49000000 size 10485760 ipcDesc 0x770c64025e60
furious-puma-1:172842:174291 [6] NCCL INFO Allocated shareable buffer 0x770b8b000000 size 10485760 ipcDesc 0x770c64027840
furious-puma-1:172840:174295 [4] NCCL INFO Allocated shareable buffer 0x7ebe6b000000 size 10485760 ipcDesc 0x7ebd7002c5e0
furious-puma-1:172836:174305 [0] NCCL INFO Allocated shareable buffer 0x7cdb1f000000 size 10485760 ipcDesc 0x7cda2802ac00
furious-puma-1:172843:174299 [7] NCCL INFO Allocated shareable buffer 0x7f88e3000000 size 10485760 ipcDesc 0x7f8800025e60
furious-puma-1:172841:174293 [5] NCCL INFO Allocated shareable buffer 0x7e4f55000000 size 10485760 ipcDesc 0x7e4e78024480
furious-puma-1:172836:174305 [0] NCCL INFO Allocated shareable buffer 0x7cdb27000000 size 10485760 ipcDesc 0x7cda2802c5e0
furious-puma-1:172837:174297 [1] NCCL INFO Allocated shareable buffer 0x78df5b000000 size 10485760 ipcDesc 0x78de9401f6e0
furious-puma-1:172837:174297 [1] NCCL INFO Allocated shareable buffer 0x78df63000000 size 10485760 ipcDesc 0x78de940210c0
furious-puma-1:172840:174295 [4] NCCL INFO Allocated shareable buffer 0x7ebe73000000 size 10485760 ipcDesc 0x7ebd7002dfc0
furious-puma-1:172840:174312 [4] NCCL INFO Channel 00/0 : 4[4] -> 5[5] via P2P/CUMEM
furious-puma-1:172842:174291 [6] NCCL INFO Allocated shareable buffer 0x770d4d400000 size 10485760 ipcDesc 0x770c64029220
furious-puma-1:172838:174301 [2] NCCL INFO Allocated shareable buffer 0x7c8f25000000 size 10485760 ipcDesc 0x7c8e48024480
furious-puma-1:172836:174305 [0] NCCL INFO Allocated shareable buffer 0x7cdb2f000000 size 10485760 ipcDesc 0x7cda2802dfc0
furious-puma-1:172836:174315 [0] NCCL INFO Channel 00/0 : 0[0] -> 1[1] via P2P/CUMEM
furious-puma-1:172839:174303 [3] NCCL INFO Allocated shareable buffer 0x7142b7000000 size 10485760 ipcDesc 0x7141c402ac00
furious-puma-1:172837:174297 [1] NCCL INFO Allocated shareable buffer 0x78df67400000 size 10485760 ipcDesc 0x78de94022aa0
furious-puma-1:172836:174305 [0] NCCL INFO Allocated shareable buffer 0x7cda97e00000 size 2097152 ipcDesc 0x7cda2802f9a0
furious-puma-1:172836:174315 [0] NCCL INFO Channel 01/0 : 0[0] -> 1[1] via P2P/CUMEM
furious-puma-1:172841:174293 [5] NCCL INFO Allocated shareable buffer 0x7e4f5d000000 size 10485760 ipcDesc 0x7e4e78025e60
furious-puma-1:172838:174301 [2] NCCL INFO Allocated shareable buffer 0x7c8f2d000000 size 10485760 ipcDesc 0x7c8e48025e60
furious-puma-1:172840:174295 [4] NCCL INFO Allocated shareable buffer 0x7ebde3e00000 size 2097152 ipcDesc 0x7ebd7002f9a0
furious-puma-1:172840:174312 [4] NCCL INFO Channel 01/0 : 4[4] -> 5[5] via P2P/CUMEM
furious-puma-1:172843:174299 [7] NCCL INFO Allocated shareable buffer 0x7f8725000000 size 10485760 ipcDesc 0x7f8800027840
furious-puma-1:172837:174297 [1] NCCL INFO Allocated shareable buffer 0x78df71000000 size 10485760 ipcDesc 0x78de94024480
furious-puma-1:172842:174291 [6] NCCL INFO Allocated shareable buffer 0x770d57000000 size 10485760 ipcDesc 0x770c6402ac00
furious-puma-1:172840:174295 [4] NCCL INFO Allocated shareable buffer 0x7ebc81a00000 size 2097152 ipcDesc 0x7ebd70031060
furious-puma-1:172840:174312 [4] NCCL INFO Channel 02/0 : 4[4] -> 5[5] via P2P/CUMEM
furious-puma-1:172836:174305 [0] NCCL INFO Allocated shareable buffer 0x7cdaa1a00000 size 2097152 ipcDesc 0x7cda28031060
furious-puma-1:172836:174315 [0] NCCL INFO Channel 02/0 : 0[0] -> 1[1] via P2P/CUMEM
furious-puma-1:172841:174293 [5] NCCL INFO Allocated shareable buffer 0x7e4d9f000000 size 10485760 ipcDesc 0x7e4e78027840
furious-puma-1:172839:174303 [3] NCCL INFO Allocated shareable buffer 0x7142bf000000 size 10485760 ipcDesc 0x7141c402c5e0
furious-puma-1:172837:174297 [1] NCCL INFO Allocated shareable buffer 0x78df79000000 size 10485760 ipcDesc 0x78de94025e60
furious-puma-1:172837:174297 [1] NCCL INFO Allocated shareable buffer 0x78ddbb000000 size 10485760 ipcDesc 0x78de94027840
furious-puma-1:172838:174301 [2] NCCL INFO Allocated shareable buffer 0x7c8d71000000 size 10485760 ipcDesc 0x7c8e48027840
furious-puma-1:172839:174303 [3] NCCL INFO Allocated shareable buffer 0x7142c7000000 size 10485760 ipcDesc 0x7141c402dfc0
furious-puma-1:172839:174311 [3] NCCL INFO Channel 00/0 : 3[3] -> 4[4] via P2P/CUMEM
furious-puma-1:172843:174299 [7] NCCL INFO Allocated shareable buffer 0x7f88e7400000 size 10485760 ipcDesc 0x7f8800029220
furious-puma-1:172841:174293 [5] NCCL INFO Allocated shareable buffer 0x7e4f61400000 size 10485760 ipcDesc 0x7e4e78029220
furious-puma-1:172841:174293 [5] NCCL INFO Allocated shareable buffer 0x7e4f6b000000 size 10485760 ipcDesc 0x7e4e7802ac00
furious-puma-1:172842:174291 [6] NCCL INFO Allocated shareable buffer 0x770d5f000000 size 10485760 ipcDesc 0x770c6402c5e0
furious-puma-1:172842:174291 [6] NCCL INFO Allocated shareable buffer 0x770d67000000 size 10485760 ipcDesc 0x770c6402dfc0
furious-puma-1:172840:174295 [4] NCCL INFO Allocated shareable buffer 0x7ebc81c00000 size 2097152 ipcDesc 0x7ebd70032860
furious-puma-1:172842:174309 [6] NCCL INFO Channel 00/0 : 6[6] -> 7[7] via P2P/CUMEM
furious-puma-1:172840:174312 [4] NCCL INFO Channel 03/0 : 4[4] -> 5[5] via P2P/CUMEM
furious-puma-1:172839:174303 [3] NCCL INFO Allocated shareable buffer 0x714237e00000 size 2097152 ipcDesc 0x7141c402f9a0
furious-puma-1:172839:174311 [3] NCCL INFO Channel 01/0 : 3[3] -> 4[4] via P2P/CUMEM
furious-puma-1:172836:174305 [0] NCCL INFO Allocated shareable buffer 0x7cdaa1c00000 size 2097152 ipcDesc 0x7cda28032860
furious-puma-1:172836:174315 [0] NCCL INFO Channel 03/0 : 0[0] -> 1[1] via P2P/CUMEM
furious-puma-1:172838:174301 [2] NCCL INFO Allocated shareable buffer 0x7c8f31400000 size 10485760 ipcDesc 0x7c8e48029220
furious-puma-1:172843:174299 [7] NCCL INFO Allocated shareable buffer 0x7f88f1000000 size 10485760 ipcDesc 0x7f880002ac00
furious-puma-1:172841:174293 [5] NCCL INFO Allocated shareable buffer 0x7e4f73000000 size 10485760 ipcDesc 0x7e4e7802c5e0
furious-puma-1:172837:174297 [1] NCCL INFO Allocated shareable buffer 0x78df7d400000 size 10485760 ipcDesc 0x78de94029220
furious-puma-1:172841:174293 [5] NCCL INFO Allocated shareable buffer 0x7e4f7b000000 size 10485760 ipcDesc 0x7e4e7802dfc0
furious-puma-1:172841:174313 [5] NCCL INFO Channel 00/0 : 5[5] -> 6[6] via P2P/CUMEM
furious-puma-1:172842:174291 [6] NCCL INFO Allocated shareable buffer 0x770ccfe00000 size 2097152 ipcDesc 0x770c6402f9a0
furious-puma-1:172840:174295 [4] NCCL INFO Allocated shareable buffer 0x7ebc81e00000 size 2097152 ipcDesc 0x7ebd70034060
furious-puma-1:172842:174309 [6] NCCL INFO Channel 01/0 : 6[6] -> 7[7] via P2P/CUMEM
furious-puma-1:172840:174312 [4] NCCL INFO Channel 04/0 : 4[4] -> 5[5] via P2P/CUMEM
furious-puma-1:172837:174297 [1] NCCL INFO Allocated shareable buffer 0x78df87000000 size 10485760 ipcDesc 0x78de9402ac00
furious-puma-1:172839:174303 [3] NCCL INFO Allocated shareable buffer 0x7140d5a00000 size 2097152 ipcDesc 0x7141c4031060
furious-puma-1:172839:174311 [3] NCCL INFO Channel 02/0 : 3[3] -> 4[4] via P2P/CUMEM
furious-puma-1:172836:174305 [0] NCCL INFO Allocated shareable buffer 0x7cdaa1e00000 size 2097152 ipcDesc 0x7cda28034060
furious-puma-1:172836:174315 [0] NCCL INFO Channel 04/0 : 0[0] -> 1[1] via P2P/CUMEM
furious-puma-1:172843:174299 [7] NCCL INFO Allocated shareable buffer 0x7f88f9000000 size 10485760 ipcDesc 0x7f880002c5e0
furious-puma-1:172838:174301 [2] NCCL INFO Allocated shareable buffer 0x7c8f3b000000 size 10485760 ipcDesc 0x7c8e4802ac00
furious-puma-1:172842:174291 [6] NCCL INFO Allocated shareable buffer 0x770cd9a00000 size 2097152 ipcDesc 0x770c64031060
furious-puma-1:172842:174309 [6] NCCL INFO Channel 02/0 : 6[6] -> 7[7] via P2P/CUMEM
furious-puma-1:172842:174291 [6] NCCL INFO Allocated shareable buffer 0x770cd9c00000 size 2097152 ipcDesc 0x770c64032860
furious-puma-1:172842:174309 [6] NCCL INFO Channel 03/0 : 6[6] -> 7[7] via P2P/CUMEM
furious-puma-1:172840:174295 [4] NCCL INFO Allocated shareable buffer 0x7ebdeda00000 size 2097152 ipcDesc 0x7ebd70035720
furious-puma-1:172840:174312 [4] NCCL INFO Channel 05/0 : 4[4] -> 5[5] via P2P/CUMEM
furious-puma-1:172837:174297 [1] NCCL INFO Allocated shareable buffer 0x78df8f000000 size 10485760 ipcDesc 0x78de9402c5e0
furious-puma-1:172836:174305 [0] NCCL INFO Allocated shareable buffer 0x7cdaa9a00000 size 2097152 ipcDesc 0x7cda28035720
furious-puma-1:172836:174315 [0] NCCL INFO Channel 05/0 : 0[0] -> 1[1] via P2P/CUMEM
furious-puma-1:172838:174301 [2] NCCL INFO Allocated shareable buffer 0x7c8f43000000 size 10485760 ipcDesc 0x7c8e4802c5e0
furious-puma-1:172843:174299 [7] NCCL INFO Allocated shareable buffer 0x7f8901000000 size 10485760 ipcDesc 0x7f880002dfc0
furious-puma-1:172843:174316 [7] NCCL INFO Channel 00/0 : 7[7] -> 0[0] via P2P/CUMEM
furious-puma-1:172841:174293 [5] NCCL INFO Allocated shareable buffer 0x7e4ee3e00000 size 2097152 ipcDesc 0x7e4e7802f9a0
furious-puma-1:172841:174313 [5] NCCL INFO Channel 01/0 : 5[5] -> 6[6] via P2P/CUMEM
furious-puma-1:172841:174293 [5] NCCL INFO Allocated shareable buffer 0x7e4eeda00000 size 2097152 ipcDesc 0x7e4e78031060
furious-puma-1:172841:174313 [5] NCCL INFO Channel 02/0 : 5[5] -> 6[6] via P2P/CUMEM
furious-puma-1:172840:174295 [4] NCCL INFO Allocated shareable buffer 0x7ebdedc00000 size 2097152 ipcDesc 0x7ebd70036f20
furious-puma-1:172840:174312 [4] NCCL INFO Channel 06/0 : 4[4] -> 5[5] via P2P/CUMEM
furious-puma-1:172842:174291 [6] NCCL INFO Allocated shareable buffer 0x770cd9e00000 size 2097152 ipcDesc 0x770c64034060
furious-puma-1:172842:174309 [6] NCCL INFO Channel 04/0 : 6[6] -> 7[7] via P2P/CUMEM
furious-puma-1:172839:174303 [3] NCCL INFO Allocated shareable buffer 0x7140d5c00000 size 2097152 ipcDesc 0x7141c4032860
furious-puma-1:172839:174311 [3] NCCL INFO Channel 03/0 : 3[3] -> 4[4] via P2P/CUMEM
furious-puma-1:172836:174305 [0] NCCL INFO Allocated shareable buffer 0x7cdaa9c00000 size 2097152 ipcDesc 0x7cda28036f20
furious-puma-1:172836:174315 [0] NCCL INFO Channel 06/0 : 0[0] -> 1[1] via P2P/CUMEM
furious-puma-1:172838:174301 [2] NCCL INFO Allocated shareable buffer 0x7c8f4b000000 size 10485760 ipcDesc 0x7c8e4802dfc0
furious-puma-1:172838:174314 [2] NCCL INFO Channel 00/0 : 2[2] -> 3[3] via P2P/CUMEM
furious-puma-1:172843:174299 [7] NCCL INFO Allocated shareable buffer 0x7f8869e00000 size 2097152 ipcDesc 0x7f880002f9a0
furious-puma-1:172843:174316 [7] NCCL INFO Channel 01/0 : 7[7] -> 0[0] via P2P/CUMEM
furious-puma-1:172837:174297 [1] NCCL INFO Allocated shareable buffer 0x78df97000000 size 10485760 ipcDesc 0x78de9402dfc0
furious-puma-1:172837:174310 [1] NCCL INFO Channel 00/0 : 1[1] -> 2[2] via P2P/CUMEM
furious-puma-1:172837:174297 [1] NCCL INFO Allocated shareable buffer 0x78deffe00000 size 2097152 ipcDesc 0x78de9402f9a0
furious-puma-1:172837:174310 [1] NCCL INFO Channel 01/0 : 1[1] -> 2[2] via P2P/CUMEM
furious-puma-1:172837:174297 [1] NCCL INFO Allocated shareable buffer 0x78df09a00000 size 2097152 ipcDesc 0x78de94031060
furious-puma-1:172837:174310 [1] NCCL INFO Channel 02/0 : 1[1] -> 2[2] via P2P/CUMEM
furious-puma-1:172840:174295 [4] NCCL INFO Allocated shareable buffer 0x7ebdede00000 size 2097152 ipcDesc 0x7ebd70038720
furious-puma-1:172840:174312 [4] NCCL INFO Channel 07/0 : 4[4] -> 5[5] via P2P/CUMEM
furious-puma-1:172842:174291 [6] NCCL INFO Allocated shareable buffer 0x770ce1a00000 size 2097152 ipcDesc 0x770c64035720
furious-puma-1:172842:174309 [6] NCCL INFO Channel 05/0 : 6[6] -> 7[7] via P2P/CUMEM
furious-puma-1:172839:174303 [3] NCCL INFO Allocated shareable buffer 0x7140d5e00000 size 2097152 ipcDesc 0x7141c4034060
furious-puma-1:172839:174311 [3] NCCL INFO Channel 04/0 : 3[3] -> 4[4] via P2P/CUMEM
furious-puma-1:172838:174301 [2] NCCL INFO Allocated shareable buffer 0x7c8ebbe00000 size 2097152 ipcDesc 0x7c8e4802f9a0
furious-puma-1:172838:174314 [2] NCCL INFO Channel 01/0 : 2[2] -> 3[3] via P2P/CUMEM
furious-puma-1:172843:174299 [7] NCCL INFO Allocated shareable buffer 0x7f8873a00000 size 2097152 ipcDesc 0x7f8800031060
furious-puma-1:172843:174316 [7] NCCL INFO Channel 02/0 : 7[7] -> 0[0] via P2P/CUMEM
furious-puma-1:172841:174293 [5] NCCL INFO Allocated shareable buffer 0x7e4eedc00000 size 2097152 ipcDesc 0x7e4e78032860
furious-puma-1:172841:174313 [5] NCCL INFO Channel 03/0 : 5[5] -> 6[6] via P2P/CUMEM
furious-puma-1:172837:174297 [1] NCCL INFO Allocated shareable buffer 0x78df09c00000 size 2097152 ipcDesc 0x78de94032860
furious-puma-1:172837:174310 [1] NCCL INFO Channel 03/0 : 1[1] -> 2[2] via P2P/CUMEM
furious-puma-1:172842:174291 [6] NCCL INFO Allocated shareable buffer 0x770ce1c00000 size 2097152 ipcDesc 0x770c64036f20
furious-puma-1:172842:174309 [6] NCCL INFO Channel 06/0 : 6[6] -> 7[7] via P2P/CUMEM
furious-puma-1:172840:174295 [4] NCCL INFO Allocated shareable buffer 0x7ebdf5a00000 size 2097152 ipcDesc 0x7ebd70039de0
furious-puma-1:172840:174312 [4] NCCL INFO Channel 08/0 : 4[4] -> 5[5] via P2P/CUMEM
furious-puma-1:172836:174305 [0] NCCL INFO Allocated shareable buffer 0x7cdaa9e00000 size 2097152 ipcDesc 0x7cda28038720
furious-puma-1:172836:174315 [0] NCCL INFO Channel 07/0 : 0[0] -> 1[1] via P2P/CUMEM
furious-puma-1:172838:174301 [2] NCCL INFO Allocated shareable buffer 0x7c8d59a00000 size 2097152 ipcDesc 0x7c8e48031060
furious-puma-1:172838:174314 [2] NCCL INFO Channel 02/0 : 2[2] -> 3[3] via P2P/CUMEM
furious-puma-1:172838:174301 [2] NCCL INFO Allocated shareable buffer 0x7c8d59c00000 size 2097152 ipcDesc 0x7c8e48032860
furious-puma-1:172838:174314 [2] NCCL INFO Channel 03/0 : 2[2] -> 3[3] via P2P/CUMEM
furious-puma-1:172838:174301 [2] NCCL INFO Allocated shareable buffer 0x7c8d59e00000 size 2097152 ipcDesc 0x7c8e48034060
furious-puma-1:172838:174314 [2] NCCL INFO Channel 04/0 : 2[2] -> 3[3] via P2P/CUMEM
furious-puma-1:172840:174295 [4] NCCL INFO Allocated shareable buffer 0x7ebdf5c00000 size 2097152 ipcDesc 0x7ebd7003b5e0
furious-puma-1:172840:174312 [4] NCCL INFO Channel 09/0 : 4[4] -> 5[5] via P2P/CUMEM
furious-puma-1:172842:174291 [6] NCCL INFO Allocated shareable buffer 0x770ce1e00000 size 2097152 ipcDesc 0x770c64038720
furious-puma-1:172842:174309 [6] NCCL INFO Channel 07/0 : 6[6] -> 7[7] via P2P/CUMEM
furious-puma-1:172837:174297 [1] NCCL INFO Allocated shareable buffer 0x78df09e00000 size 2097152 ipcDesc 0x78de94034060
furious-puma-1:172837:174310 [1] NCCL INFO Channel 04/0 : 1[1] -> 2[2] via P2P/CUMEM
furious-puma-1:172836:174305 [0] NCCL INFO Allocated shareable buffer 0x7cdab1a00000 size 2097152 ipcDesc 0x7cda28039de0
furious-puma-1:172836:174315 [0] NCCL INFO Channel 08/0 : 0[0] -> 1[1] via P2P/CUMEM
furious-puma-1:172843:174299 [7] NCCL INFO Allocated shareable buffer 0x7f8873c00000 size 2097152 ipcDesc 0x7f8800032860
furious-puma-1:172843:174316 [7] NCCL INFO Channel 03/0 : 7[7] -> 0[0] via P2P/CUMEM
furious-puma-1:172841:174293 [5] NCCL INFO Allocated shareable buffer 0x7e4eede00000 size 2097152 ipcDesc 0x7e4e78034060
furious-puma-1:172841:174313 [5] NCCL INFO Channel 04/0 : 5[5] -> 6[6] via P2P/CUMEM
furious-puma-1:172841:174293 [5] NCCL INFO Allocated shareable buffer 0x7e4ef5a00000 size 2097152 ipcDesc 0x7e4e78035720
furious-puma-1:172841:174313 [5] NCCL INFO Channel 05/0 : 5[5] -> 6[6] via P2P/CUMEM
furious-puma-1:172840:174295 [4] NCCL INFO Allocated shareable buffer 0x7ebdf5e00000 size 2097152 ipcDesc 0x7ebd7003cde0
furious-puma-1:172840:174312 [4] NCCL INFO Channel 10/0 : 4[4] -> 5[5] via P2P/CUMEM
furious-puma-1:172839:174303 [3] NCCL INFO Allocated shareable buffer 0x714241a00000 size 2097152 ipcDesc 0x7141c4035720
furious-puma-1:172839:174311 [3] NCCL INFO Channel 05/0 : 3[3] -> 4[4] via P2P/CUMEM
furious-puma-1:172836:174305 [0] NCCL INFO Allocated shareable buffer 0x7cdab1c00000 size 2097152 ipcDesc 0x7cda2803b5e0
furious-puma-1:172836:174315 [0] NCCL INFO Channel 09/0 : 0[0] -> 1[1] via P2P/CUMEM
furious-puma-1:172838:174301 [2] NCCL INFO Allocated shareable buffer 0x7c8ec5a00000 size 2097152 ipcDesc 0x7c8e48035720
furious-puma-1:172838:174314 [2] NCCL INFO Channel 05/0 : 2[2] -> 3[3] via P2P/CUMEM
furious-puma-1:172843:174299 [7] NCCL INFO Allocated shareable buffer 0x7f8873e00000 size 2097152 ipcDesc 0x7f8800034060
furious-puma-1:172843:174316 [7] NCCL INFO Channel 04/0 : 7[7] -> 0[0] via P2P/CUMEM
furious-puma-1:172842:174291 [6] NCCL INFO Allocated shareable buffer 0x770ce9a00000 size 2097152 ipcDesc 0x770c64039de0
furious-puma-1:172842:174309 [6] NCCL INFO Channel 08/0 : 6[6] -> 7[7] via P2P/CUMEM
furious-puma-1:172842:174291 [6] NCCL INFO Allocated shareable buffer 0x770ce9c00000 size 2097152 ipcDesc 0x770c6403b5e0
furious-puma-1:172842:174309 [6] NCCL INFO Channel 09/0 : 6[6] -> 7[7] via P2P/CUMEM
furious-puma-1:172842:174291 [6] NCCL INFO Allocated shareable buffer 0x770ce9e00000 size 2097152 ipcDesc 0x770c6403cde0
furious-puma-1:172842:174309 [6] NCCL INFO Channel 10/0 : 6[6] -> 7[7] via P2P/CUMEM
furious-puma-1:172839:174303 [3] NCCL INFO Allocated shareable buffer 0x714241c00000 size 2097152 ipcDesc 0x7141c4036f20
furious-puma-1:172839:174311 [3] NCCL INFO Channel 06/0 : 3[3] -> 4[4] via P2P/CUMEM
furious-puma-1:172840:174295 [4] NCCL INFO Allocated shareable buffer 0x7ebdf9e00000 size 2097152 ipcDesc 0x7ebd7003e4a0
furious-puma-1:172840:174312 [4] NCCL INFO Channel 11/0 : 4[4] -> 5[5] via P2P/CUMEM
furious-puma-1:172837:174297 [1] NCCL INFO Allocated shareable buffer 0x78df11a00000 size 2097152 ipcDesc 0x78de94035720
furious-puma-1:172837:174310 [1] NCCL INFO Channel 05/0 : 1[1] -> 2[2] via P2P/CUMEM
furious-puma-1:172838:174301 [2] NCCL INFO Allocated shareable buffer 0x7c8ec5c00000 size 2097152 ipcDesc 0x7c8e48036f20
furious-puma-1:172838:174314 [2] NCCL INFO Channel 06/0 : 2[2] -> 3[3] via P2P/CUMEM
furious-puma-1:172843:174299 [7] NCCL INFO Allocated shareable buffer 0x7f887ba00000 size 2097152 ipcDesc 0x7f8800035720
furious-puma-1:172843:174316 [7] NCCL INFO Channel 05/0 : 7[7] -> 0[0] via P2P/CUMEM
furious-puma-1:172841:174293 [5] NCCL INFO Allocated shareable buffer 0x7e4ef5c00000 size 2097152 ipcDesc 0x7e4e78036f20
furious-puma-1:172841:174313 [5] NCCL INFO Channel 06/0 : 5[5] -> 6[6] via P2P/CUMEM
furious-puma-1:172841:174293 [5] NCCL INFO Allocated shareable buffer 0x7e4ef5e00000 size 2097152 ipcDesc 0x7e4e78038720
furious-puma-1:172841:174313 [5] NCCL INFO Channel 07/0 : 5[5] -> 6[6] via P2P/CUMEM
furious-puma-1:172839:174303 [3] NCCL INFO Allocated shareable buffer 0x714241e00000 size 2097152 ipcDesc 0x7141c4038720
furious-puma-1:172839:174311 [3] NCCL INFO Channel 07/0 : 3[3] -> 4[4] via P2P/CUMEM
furious-puma-1:172842:174291 [6] NCCL INFO Allocated shareable buffer 0x770cede00000 size 2097152 ipcDesc 0x770c6403e4a0
furious-puma-1:172842:174309 [6] NCCL INFO Channel 11/0 : 6[6] -> 7[7] via P2P/CUMEM
furious-puma-1:172836:174305 [0] NCCL INFO Allocated shareable buffer 0x7cdab1e00000 size 2097152 ipcDesc 0x7cda2803cde0
furious-puma-1:172836:174315 [0] NCCL INFO Channel 10/0 : 0[0] -> 1[1] via P2P/CUMEM
furious-puma-1:172838:174301 [2] NCCL INFO Allocated shareable buffer 0x7c8ec5e00000 size 2097152 ipcDesc 0x7c8e48038720
furious-puma-1:172838:174314 [2] NCCL INFO Channel 07/0 : 2[2] -> 3[3] via P2P/CUMEM
furious-puma-1:172843:174299 [7] NCCL INFO Allocated shareable buffer 0x7f887bc00000 size 2097152 ipcDesc 0x7f8800036f20
furious-puma-1:172843:174316 [7] NCCL INFO Channel 06/0 : 7[7] -> 0[0] via P2P/CUMEM
furious-puma-1:172836:174305 [0] NCCL INFO Allocated shareable buffer 0x7cdab5e00000 size 2097152 ipcDesc 0x7cda2803e4a0
furious-puma-1:172836:174315 [0] NCCL INFO Channel 11/0 : 0[0] -> 1[1] via P2P/CUMEM
furious-puma-1:172840:174295 [4] NCCL INFO Allocated shareable buffer 0x7ebe03a00000 size 2097152 ipcDesc 0x7ebd7003fb60
furious-puma-1:172840:174312 [4] NCCL INFO Channel 12/0 : 4[4] -> 5[5] via P2P/CUMEM
furious-puma-1:172839:174303 [3] NCCL INFO Allocated shareable buffer 0x714249a00000 size 2097152 ipcDesc 0x7141c4039de0
furious-puma-1:172839:174311 [3] NCCL INFO Channel 08/0 : 3[3] -> 4[4] via P2P/CUMEM
furious-puma-1:172841:174293 [5] NCCL INFO Allocated shareable buffer 0x7e4efda00000 size 2097152 ipcDesc 0x7e4e78039de0
furious-puma-1:172841:174313 [5] NCCL INFO Channel 08/0 : 5[5] -> 6[6] via P2P/CUMEM
furious-puma-1:172840:174295 [4] NCCL INFO Allocated shareable buffer 0x7ebe03c00000 size 2097152 ipcDesc 0x7ebd70041360
furious-puma-1:172840:174312 [4] NCCL INFO Channel 13/0 : 4[4] -> 5[5] via P2P/CUMEM
furious-puma-1:172843:174299 [7] NCCL INFO Allocated shareable buffer 0x7f887be00000 size 2097152 ipcDesc 0x7f8800038720
furious-puma-1:172837:174297 [1] NCCL INFO Allocated shareable buffer 0x78df11c00000 size 2097152 ipcDesc 0x78de94036f20
furious-puma-1:172843:174316 [7] NCCL INFO Channel 07/0 : 7[7] -> 0[0] via P2P/CUMEM
furious-puma-1:172837:174310 [1] NCCL INFO Channel 06/0 : 1[1] -> 2[2] via P2P/CUMEM
furious-puma-1:172836:174305 [0] NCCL INFO Allocated shareable buffer 0x7cdabfa00000 size 2097152 ipcDesc 0x7cda2803fb60
furious-puma-1:172836:174315 [0] NCCL INFO Channel 12/0 : 0[0] -> 1[1] via P2P/CUMEM
furious-puma-1:172838:174301 [2] NCCL INFO Allocated shareable buffer 0x7c8ecda00000 size 2097152 ipcDesc 0x7c8e48039de0
furious-puma-1:172838:174314 [2] NCCL INFO Channel 08/0 : 2[2] -> 3[3] via P2P/CUMEM
furious-puma-1:172838:174301 [2] NCCL INFO Allocated shareable buffer 0x7c8ecdc00000 size 2097152 ipcDesc 0x7c8e4803b5e0
furious-puma-1:172838:174314 [2] NCCL INFO Channel 09/0 : 2[2] -> 3[3] via P2P/CUMEM
furious-puma-1:172842:174291 [6] NCCL INFO Allocated shareable buffer 0x770cf7a00000 size 2097152 ipcDesc 0x770c6403fb60
furious-puma-1:172842:174309 [6] NCCL INFO Channel 12/0 : 6[6] -> 7[7] via P2P/CUMEM
furious-puma-1:172839:174303 [3] NCCL INFO Allocated shareable buffer 0x714249c00000 size 2097152 ipcDesc 0x7141c403b5e0
furious-puma-1:172839:174311 [3] NCCL INFO Channel 09/0 : 3[3] -> 4[4] via P2P/CUMEM
furious-puma-1:172837:174297 [1] NCCL INFO Allocated shareable buffer 0x78df11e00000 size 2097152 ipcDesc 0x78de94038720
furious-puma-1:172837:174310 [1] NCCL INFO Channel 07/0 : 1[1] -> 2[2] via P2P/CUMEM
furious-puma-1:172840:174295 [4] NCCL INFO Allocated shareable buffer 0x7ebe03e00000 size 2097152 ipcDesc 0x7ebd70042b60
furious-puma-1:172840:174312 [4] NCCL INFO Channel 14/0 : 4[4] -> 5[5] via P2P/CUMEM
furious-puma-1:172836:174305 [0] NCCL INFO Allocated shareable buffer 0x7cdabfc00000 size 2097152 ipcDesc 0x7cda28041360
furious-puma-1:172836:174315 [0] NCCL INFO Channel 13/0 : 0[0] -> 1[1] via P2P/CUMEM
furious-puma-1:172843:174299 [7] NCCL INFO Allocated shareable buffer 0x7f8883a00000 size 2097152 ipcDesc 0x7f8800039de0
furious-puma-1:172843:174316 [7] NCCL INFO Channel 08/0 : 7[7] -> 0[0] via P2P/CUMEM
furious-puma-1:172841:174293 [5] NCCL INFO Allocated shareable buffer 0x7e4efdc00000 size 2097152 ipcDesc 0x7e4e7803b5e0
furious-puma-1:172841:174313 [5] NCCL INFO Channel 09/0 : 5[5] -> 6[6] via P2P/CUMEM
furious-puma-1:172838:174301 [2] NCCL INFO Allocated shareable buffer 0x7c8ecde00000 size 2097152 ipcDesc 0x7c8e4803cde0
furious-puma-1:172838:174314 [2] NCCL INFO Channel 10/0 : 2[2] -> 3[3] via P2P/CUMEM
furious-puma-1:172839:174303 [3] NCCL INFO Allocated shareable buffer 0x714249e00000 size 2097152 ipcDesc 0x7141c403cde0
furious-puma-1:172839:174311 [3] NCCL INFO Channel 10/0 : 3[3] -> 4[4] via P2P/CUMEM
furious-puma-1:172839:174303 [3] NCCL INFO Allocated shareable buffer 0x71424de00000 size 2097152 ipcDesc 0x7141c403e4a0
furious-puma-1:172839:174311 [3] NCCL INFO Channel 11/0 : 3[3] -> 4[4] via P2P/CUMEM
furious-puma-1:172839:174303 [3] NCCL INFO Allocated shareable buffer 0x714257a00000 size 2097152 ipcDesc 0x7141c403fb60
furious-puma-1:172839:174311 [3] NCCL INFO Channel 12/0 : 3[3] -> 4[4] via P2P/CUMEM
furious-puma-1:172840:174295 [4] NCCL INFO Allocated shareable buffer 0x7ebe0ba00000 size 2097152 ipcDesc 0x7ebd70044220
furious-puma-1:172840:174312 [4] NCCL INFO Channel 15/0 : 4[4] -> 5[5] via P2P/CUMEM
furious-puma-1:172842:174291 [6] NCCL INFO Allocated shareable buffer 0x770cf7c00000 size 2097152 ipcDesc 0x770c64041360
furious-puma-1:172842:174309 [6] NCCL INFO Channel 13/0 : 6[6] -> 7[7] via P2P/CUMEM
furious-puma-1:172836:174305 [0] NCCL INFO Allocated shareable buffer 0x7cdabfe00000 size 2097152 ipcDesc 0x7cda28042b60
furious-puma-1:172836:174315 [0] NCCL INFO Channel 14/0 : 0[0] -> 1[1] via P2P/CUMEM
furious-puma-1:172837:174297 [1] NCCL INFO Allocated shareable buffer 0x78df19a00000 size 2097152 ipcDesc 0x78de94039de0
furious-puma-1:172837:174310 [1] NCCL INFO Channel 08/0 : 1[1] -> 2[2] via P2P/CUMEM
furious-puma-1:172843:174299 [7] NCCL INFO Allocated shareable buffer 0x7f8883c00000 size 2097152 ipcDesc 0x7f880003b5e0
furious-puma-1:172843:174316 [7] NCCL INFO Channel 09/0 : 7[7] -> 0[0] via P2P/CUMEM
furious-puma-1:172838:174301 [2] NCCL INFO Allocated shareable buffer 0x7c8ed1e00000 size 2097152 ipcDesc 0x7c8e4803e4a0
furious-puma-1:172838:174314 [2] NCCL INFO Channel 11/0 : 2[2] -> 3[3] via P2P/CUMEM
furious-puma-1:172837:174297 [1] NCCL INFO Allocated shareable buffer 0x78df19c00000 size 2097152 ipcDesc 0x78de9403b5e0
furious-puma-1:172837:174310 [1] NCCL INFO Channel 09/0 : 1[1] -> 2[2] via P2P/CUMEM
furious-puma-1:172841:174293 [5] NCCL INFO Allocated shareable buffer 0x7e4efde00000 size 2097152 ipcDesc 0x7e4e7803cde0
furious-puma-1:172841:174313 [5] NCCL INFO Channel 10/0 : 5[5] -> 6[6] via P2P/CUMEM
furious-puma-1:172838:174301 [2] NCCL INFO Allocated shareable buffer 0x7c8edba00000 size 2097152 ipcDesc 0x7c8e4803fb60
furious-puma-1:172838:174314 [2] NCCL INFO Channel 12/0 : 2[2] -> 3[3] via P2P/CUMEM
furious-puma-1:172837:174297 [1] NCCL INFO Allocated shareable buffer 0x78df19e00000 size 2097152 ipcDesc 0x78de9403cde0
furious-puma-1:172837:174310 [1] NCCL INFO Channel 10/0 : 1[1] -> 2[2] via P2P/CUMEM
furious-puma-1:172839:174303 [3] NCCL INFO Allocated shareable buffer 0x714257c00000 size 2097152 ipcDesc 0x7141c4041360
furious-puma-1:172839:174311 [3] NCCL INFO Channel 13/0 : 3[3] -> 4[4] via P2P/CUMEM
furious-puma-1:172842:174291 [6] NCCL INFO Allocated shareable buffer 0x770cf7e00000 size 2097152 ipcDesc 0x770c64042b60
furious-puma-1:172842:174309 [6] NCCL INFO Channel 14/0 : 6[6] -> 7[7] via P2P/CUMEM
furious-puma-1:172840:174295 [4] NCCL INFO Allocated shareable buffer 0x7ebe0bc00000 size 2097152 ipcDesc 0x7ebd70045a20
furious-puma-1:172840:174312 [4] NCCL INFO Channel 16/0 : 4[4] -> 5[5] via P2P/CUMEM
furious-puma-1:172840:174295 [4] NCCL INFO Allocated shareable buffer 0x7ebe0be00000 size 2097152 ipcDesc 0x7ebd70047220
furious-puma-1:172840:174312 [4] NCCL INFO Channel 17/0 : 4[4] -> 5[5] via P2P/CUMEM
furious-puma-1:172842:174291 [6] NCCL INFO Allocated shareable buffer 0x770b7ba00000 size 2097152 ipcDesc 0x770c64044220
furious-puma-1:172842:174309 [6] NCCL INFO Channel 15/0 : 6[6] -> 7[7] via P2P/CUMEM
furious-puma-1:172839:174303 [3] NCCL INFO Allocated shareable buffer 0x714257e00000 size 2097152 ipcDesc 0x7141c4042b60
furious-puma-1:172839:174311 [3] NCCL INFO Channel 14/0 : 3[3] -> 4[4] via P2P/CUMEM
furious-puma-1:172843:174299 [7] NCCL INFO Allocated shareable buffer 0x7f8883e00000 size 2097152 ipcDesc 0x7f880003cde0
furious-puma-1:172843:174316 [7] NCCL INFO Channel 10/0 : 7[7] -> 0[0] via P2P/CUMEM
furious-puma-1:172836:174305 [0] NCCL INFO Allocated shareable buffer 0x7cd943a00000 size 2097152 ipcDesc 0x7cda28044220
furious-puma-1:172836:174315 [0] NCCL INFO Channel 15/0 : 0[0] -> 1[1] via P2P/CUMEM
furious-puma-1:172837:174297 [1] NCCL INFO Allocated shareable buffer 0x78df1de00000 size 2097152 ipcDesc 0x78de9403e4a0
furious-puma-1:172837:174310 [1] NCCL INFO Channel 11/0 : 1[1] -> 2[2] via P2P/CUMEM
furious-puma-1:172841:174293 [5] NCCL INFO Allocated shareable buffer 0x7e4f01e00000 size 2097152 ipcDesc 0x7e4e7803e4a0
furious-puma-1:172841:174313 [5] NCCL INFO Channel 11/0 : 5[5] -> 6[6] via P2P/CUMEM
furious-puma-1:172837:174297 [1] NCCL INFO Allocated shareable buffer 0x78df27a00000 size 2097152 ipcDesc 0x78de9403fb60
furious-puma-1:172837:174310 [1] NCCL INFO Channel 12/0 : 1[1] -> 2[2] via P2P/CUMEM
furious-puma-1:172840:174295 [4] NCCL INFO Allocated shareable buffer 0x7ebc89a00000 size 2097152 ipcDesc 0x7ebd700488e0
furious-puma-1:172840:174312 [4] NCCL INFO Channel 18/0 : 4[4] -> 5[5] via P2P/CUMEM
furious-puma-1:172842:174291 [6] NCCL INFO Allocated shareable buffer 0x770b7bc00000 size 2097152 ipcDesc 0x770c64045a20
furious-puma-1:172842:174309 [6] NCCL INFO Channel 16/0 : 6[6] -> 7[7] via P2P/CUMEM
furious-puma-1:172838:174301 [2] NCCL INFO Allocated shareable buffer 0x7c8edbc00000 size 2097152 ipcDesc 0x7c8e48041360
furious-puma-1:172838:174314 [2] NCCL INFO Channel 13/0 : 2[2] -> 3[3] via P2P/CUMEM
furious-puma-1:172836:174305 [0] NCCL INFO Allocated shareable buffer 0x7cd943c00000 size 2097152 ipcDesc 0x7cda28045a20
furious-puma-1:172836:174315 [0] NCCL INFO Channel 16/0 : 0[0] -> 1[1] via P2P/CUMEM
furious-puma-1:172843:174299 [7] NCCL INFO Allocated shareable buffer 0x7f8887e00000 size 2097152 ipcDesc 0x7f880003e4a0
furious-puma-1:172837:174297 [1] NCCL INFO Allocated shareable buffer 0x78df27c00000 size 2097152 ipcDesc 0x78de94041360
furious-puma-1:172843:174316 [7] NCCL INFO Channel 11/0 : 7[7] -> 0[0] via P2P/CUMEM
furious-puma-1:172837:174310 [1] NCCL INFO Channel 13/0 : 1[1] -> 2[2] via P2P/CUMEM
furious-puma-1:172838:174301 [2] NCCL INFO Allocated shareable buffer 0x7c8edbe00000 size 2097152 ipcDesc 0x7c8e48042b60
furious-puma-1:172838:174314 [2] NCCL INFO Channel 14/0 : 2[2] -> 3[3] via P2P/CUMEM
furious-puma-1:172840:174295 [4] NCCL INFO Allocated shareable buffer 0x7ebc89c00000 size 2097152 ipcDesc 0x7ebd7004a0e0
furious-puma-1:172840:174312 [4] NCCL INFO Channel 19/0 : 4[4] -> 5[5] via P2P/CUMEM
furious-puma-1:172836:174305 [0] NCCL INFO Allocated shareable buffer 0x7cd943e00000 size 2097152 ipcDesc 0x7cda28047220
furious-puma-1:172836:174315 [0] NCCL INFO Channel 17/0 : 0[0] -> 1[1] via P2P/CUMEM
furious-puma-1:172836:174305 [0] NCCL INFO Allocated shareable buffer 0x7cdac7a00000 size 2097152 ipcDesc 0x7cda280488e0
furious-puma-1:172836:174315 [0] NCCL INFO Channel 18/0 : 0[0] -> 1[1] via P2P/CUMEM
furious-puma-1:172838:174301 [2] NCCL INFO Allocated shareable buffer 0x7c8ee3a00000 size 2097152 ipcDesc 0x7c8e48044220
furious-puma-1:172838:174314 [2] NCCL INFO Channel 15/0 : 2[2] -> 3[3] via P2P/CUMEM
furious-puma-1:172841:174293 [5] NCCL INFO Allocated shareable buffer 0x7e4f0ba00000 size 2097152 ipcDesc 0x7e4e7803fb60
furious-puma-1:172839:174303 [3] NCCL INFO Allocated shareable buffer 0x71425fa00000 size 2097152 ipcDesc 0x7141c4044220
furious-puma-1:172841:174313 [5] NCCL INFO Channel 12/0 : 5[5] -> 6[6] via P2P/CUMEM
furious-puma-1:172839:174311 [3] NCCL INFO Channel 15/0 : 3[3] -> 4[4] via P2P/CUMEM
furious-puma-1:172840:174295 [4] NCCL INFO Allocated shareable buffer 0x7ebc89e00000 size 2097152 ipcDesc 0x7ebd7004b8e0
furious-puma-1:172840:174312 [4] NCCL INFO Channel 20/0 : 4[4] -> 5[5] via P2P/CUMEM
furious-puma-1:172842:174291 [6] NCCL INFO Allocated shareable buffer 0x770b7be00000 size 2097152 ipcDesc 0x770c64047220
furious-puma-1:172842:174309 [6] NCCL INFO Channel 17/0 : 6[6] -> 7[7] via P2P/CUMEM
furious-puma-1:172843:174299 [7] NCCL INFO Allocated shareable buffer 0x7f8891a00000 size 2097152 ipcDesc 0x7f880003fb60
furious-puma-1:172836:174305 [0] NCCL INFO Allocated shareable buffer 0x7cdac7c00000 size 2097152 ipcDesc 0x7cda2804a0e0
furious-puma-1:172843:174316 [7] NCCL INFO Channel 12/0 : 7[7] -> 0[0] via P2P/CUMEM
furious-puma-1:172836:174315 [0] NCCL INFO Channel 19/0 : 0[0] -> 1[1] via P2P/CUMEM
furious-puma-1:172837:174297 [1] NCCL INFO Allocated shareable buffer 0x78df27e00000 size 2097152 ipcDesc 0x78de94042b60
furious-puma-1:172837:174310 [1] NCCL INFO Channel 14/0 : 1[1] -> 2[2] via P2P/CUMEM
furious-puma-1:172837:174297 [1] NCCL INFO Allocated shareable buffer 0x78ddaba00000 size 2097152 ipcDesc 0x78de94044220
furious-puma-1:172837:174310 [1] NCCL INFO Channel 15/0 : 1[1] -> 2[2] via P2P/CUMEM
furious-puma-1:172840:174295 [4] NCCL INFO Allocated shareable buffer 0x7ebe0fe00000 size 2097152 ipcDesc 0x7ebd7004cfa0
furious-puma-1:172840:174312 [4] NCCL INFO Channel 21/0 : 4[4] -> 5[5] via P2P/CUMEM
furious-puma-1:172839:174303 [3] NCCL INFO Allocated shareable buffer 0x71425fc00000 size 2097152 ipcDesc 0x7141c4045a20
furious-puma-1:172839:174311 [3] NCCL INFO Channel 16/0 : 3[3] -> 4[4] via P2P/CUMEM
furious-puma-1:172838:174301 [2] NCCL INFO Allocated shareable buffer 0x7c8ee3c00000 size 2097152 ipcDesc 0x7c8e48045a20
furious-puma-1:172838:174314 [2] NCCL INFO Channel 16/0 : 2[2] -> 3[3] via P2P/CUMEM
furious-puma-1:172837:174297 [1] NCCL INFO Allocated shareable buffer 0x78ddabc00000 size 2097152 ipcDesc 0x78de94045a20
furious-puma-1:172837:174310 [1] NCCL INFO Channel 16/0 : 1[1] -> 2[2] via P2P/CUMEM
furious-puma-1:172836:174305 [0] NCCL INFO Allocated shareable buffer 0x7cdac7e00000 size 2097152 ipcDesc 0x7cda2804b8e0
furious-puma-1:172836:174315 [0] NCCL INFO Channel 20/0 : 0[0] -> 1[1] via P2P/CUMEM
furious-puma-1:172843:174299 [7] NCCL INFO Allocated shareable buffer 0x7f8891c00000 size 2097152 ipcDesc 0x7f8800041360
furious-puma-1:172843:174316 [7] NCCL INFO Channel 13/0 : 7[7] -> 0[0] via P2P/CUMEM
furious-puma-1:172841:174293 [5] NCCL INFO Allocated shareable buffer 0x7e4f0bc00000 size 2097152 ipcDesc 0x7e4e78041360
furious-puma-1:172841:174313 [5] NCCL INFO Channel 13/0 : 5[5] -> 6[6] via P2P/CUMEM
furious-puma-1:172836:174305 [0] NCCL INFO Allocated shareable buffer 0x7cdacbe00000 size 2097152 ipcDesc 0x7cda2804cfa0
furious-puma-1:172836:174315 [0] NCCL INFO Channel 21/0 : 0[0] -> 1[1] via P2P/CUMEM
furious-puma-1:172842:174291 [6] NCCL INFO Allocated shareable buffer 0x770cffa00000 size 2097152 ipcDesc 0x770c640488e0
furious-puma-1:172839:174303 [3] NCCL INFO Allocated shareable buffer 0x71425fe00000 size 2097152 ipcDesc 0x7141c4047220
furious-puma-1:172842:174309 [6] NCCL INFO Channel 18/0 : 6[6] -> 7[7] via P2P/CUMEM
furious-puma-1:172839:174311 [3] NCCL INFO Channel 17/0 : 3[3] -> 4[4] via P2P/CUMEM
furious-puma-1:172838:174301 [2] NCCL INFO Allocated shareable buffer 0x7c8ee3e00000 size 2097152 ipcDesc 0x7c8e48047220
furious-puma-1:172838:174314 [2] NCCL INFO Channel 17/0 : 2[2] -> 3[3] via P2P/CUMEM
furious-puma-1:172838:174301 [2] NCCL INFO Allocated shareable buffer 0x7c8d61a00000 size 2097152 ipcDesc 0x7c8e480488e0
furious-puma-1:172838:174314 [2] NCCL INFO Channel 18/0 : 2[2] -> 3[3] via P2P/CUMEM
furious-puma-1:172836:174305 [0] NCCL INFO Allocated shareable buffer 0x7cdad5a00000 size 2097152 ipcDesc 0x7cda2804e660
furious-puma-1:172836:174315 [0] NCCL INFO Channel 22/0 : 0[0] -> 1[1] via P2P/CUMEM
furious-puma-1:172839:174303 [3] NCCL INFO Allocated shareable buffer 0x7140dda00000 size 2097152 ipcDesc 0x7141c40488e0
furious-puma-1:172839:174311 [3] NCCL INFO Channel 18/0 : 3[3] -> 4[4] via P2P/CUMEM
furious-puma-1:172840:174295 [4] NCCL INFO Allocated shareable buffer 0x7ebe19a00000 size 2097152 ipcDesc 0x7ebd7004e660
furious-puma-1:172840:174312 [4] NCCL INFO Channel 22/0 : 4[4] -> 5[5] via P2P/CUMEM
furious-puma-1:172842:174291 [6] NCCL INFO Allocated shareable buffer 0x770cffc00000 size 2097152 ipcDesc 0x770c6404a0e0
furious-puma-1:172842:174309 [6] NCCL INFO Channel 19/0 : 6[6] -> 7[7] via P2P/CUMEM
furious-puma-1:172837:174297 [1] NCCL INFO Allocated shareable buffer 0x78ddabe00000 size 2097152 ipcDesc 0x78de94047220
furious-puma-1:172837:174310 [1] NCCL INFO Channel 17/0 : 1[1] -> 2[2] via P2P/CUMEM
furious-puma-1:172843:174299 [7] NCCL INFO Allocated shareable buffer 0x7f8891e00000 size 2097152 ipcDesc 0x7f8800042b60
furious-puma-1:172843:174316 [7] NCCL INFO Channel 14/0 : 7[7] -> 0[0] via P2P/CUMEM
furious-puma-1:172841:174293 [5] NCCL INFO Allocated shareable buffer 0x7e4f0be00000 size 2097152 ipcDesc 0x7e4e78042b60
furious-puma-1:172841:174313 [5] NCCL INFO Channel 14/0 : 5[5] -> 6[6] via P2P/CUMEM
furious-puma-1:172839:174303 [3] NCCL INFO Allocated shareable buffer 0x7140ddc00000 size 2097152 ipcDesc 0x7141c404a0e0
furious-puma-1:172839:174311 [3] NCCL INFO Channel 19/0 : 3[3] -> 4[4] via P2P/CUMEM
furious-puma-1:172839:174303 [3] NCCL INFO Allocated shareable buffer 0x7140dde00000 size 2097152 ipcDesc 0x7141c404b8e0
furious-puma-1:172839:174311 [3] NCCL INFO Channel 20/0 : 3[3] -> 4[4] via P2P/CUMEM
furious-puma-1:172840:174295 [4] NCCL INFO Allocated shareable buffer 0x7ebe19c00000 size 2097152 ipcDesc 0x7ebd7004fe60
furious-puma-1:172840:174312 [4] NCCL INFO Channel 23/0 : 4[4] -> 5[5] via P2P/CUMEM
furious-puma-1:172838:174301 [2] NCCL INFO Allocated shareable buffer 0x7c8d61c00000 size 2097152 ipcDesc 0x7c8e4804a0e0
furious-puma-1:172838:174314 [2] NCCL INFO Channel 19/0 : 2[2] -> 3[3] via P2P/CUMEM
furious-puma-1:172837:174297 [1] NCCL INFO Allocated shareable buffer 0x78df2fa00000 size 2097152 ipcDesc 0x78de940488e0
furious-puma-1:172837:174310 [1] NCCL INFO Channel 18/0 : 1[1] -> 2[2] via P2P/CUMEM
furious-puma-1:172836:174305 [0] NCCL INFO Allocated shareable buffer 0x7cdad5c00000 size 2097152 ipcDesc 0x7cda2804fe60
furious-puma-1:172836:174315 [0] NCCL INFO Channel 23/0 : 0[0] -> 1[1] via P2P/CUMEM
furious-puma-1:172843:174299 [7] NCCL INFO Allocated shareable buffer 0x7f8715a00000 size 2097152 ipcDesc 0x7f8800044220
furious-puma-1:172843:174316 [7] NCCL INFO Channel 15/0 : 7[7] -> 0[0] via P2P/CUMEM
furious-puma-1:172841:174293 [5] NCCL INFO Allocated shareable buffer 0x7e4d8fa00000 size 2097152 ipcDesc 0x7e4e78044220
furious-puma-1:172841:174313 [5] NCCL INFO Channel 15/0 : 5[5] -> 6[6] via P2P/CUMEM
furious-puma-1:172843:174299 [7] NCCL INFO Allocated shareable buffer 0x7f8715c00000 size 2097152 ipcDesc 0x7f8800045a20
furious-puma-1:172843:174316 [7] NCCL INFO Channel 16/0 : 7[7] -> 0[0] via P2P/CUMEM
furious-puma-1:172843:174299 [7] NCCL INFO Allocated shareable buffer 0x7f8715e00000 size 2097152 ipcDesc 0x7f8800047220
furious-puma-1:172843:174316 [7] NCCL INFO Channel 17/0 : 7[7] -> 0[0] via P2P/CUMEM
furious-puma-1:172840:174295 [4] NCCL INFO Allocated shareable buffer 0x7ebe19e00000 size 2097152 ipcDesc 0x7ebd70051660
furious-puma-1:172839:174303 [3] NCCL INFO Allocated shareable buffer 0x714263e00000 size 2097152 ipcDesc 0x7141c404cfa0
furious-puma-1:172839:174311 [3] NCCL INFO Channel 21/0 : 3[3] -> 4[4] via P2P/CUMEM
furious-puma-1:172842:174291 [6] NCCL INFO Allocated shareable buffer 0x770cffe00000 size 2097152 ipcDesc 0x770c6404b8e0
furious-puma-1:172842:174309 [6] NCCL INFO Channel 20/0 : 6[6] -> 7[7] via P2P/CUMEM
furious-puma-1:172836:174305 [0] NCCL INFO Allocated shareable buffer 0x7cdad5e00000 size 2097152 ipcDesc 0x7cda28051660
furious-puma-1:172839:174303 [3] NCCL INFO Allocated shareable buffer 0x71426da00000 size 2097152 ipcDesc 0x7141c404e660
furious-puma-1:172839:174311 [3] NCCL INFO Channel 22/0 : 3[3] -> 4[4] via P2P/CUMEM
furious-puma-1:172838:174301 [2] NCCL INFO Allocated shareable buffer 0x7c8d61e00000 size 2097152 ipcDesc 0x7c8e4804b8e0
furious-puma-1:172838:174314 [2] NCCL INFO Channel 20/0 : 2[2] -> 3[3] via P2P/CUMEM
furious-puma-1:172839:174303 [3] NCCL INFO Allocated shareable buffer 0x71426dc00000 size 2097152 ipcDesc 0x7141c404fe60
furious-puma-1:172839:174311 [3] NCCL INFO Channel 23/0 : 3[3] -> 4[4] via P2P/CUMEM
furious-puma-1:172837:174297 [1] NCCL INFO Allocated shareable buffer 0x78df2fc00000 size 2097152 ipcDesc 0x78de9404a0e0
furious-puma-1:172837:174310 [1] NCCL INFO Channel 19/0 : 1[1] -> 2[2] via P2P/CUMEM
furious-puma-1:172841:174293 [5] NCCL INFO Allocated shareable buffer 0x7e4d8fc00000 size 2097152 ipcDesc 0x7e4e78045a20
furious-puma-1:172841:174313 [5] NCCL INFO Channel 16/0 : 5[5] -> 6[6] via P2P/CUMEM
furious-puma-1:172841:174293 [5] NCCL INFO Allocated shareable buffer 0x7e4d8fe00000 size 2097152 ipcDesc 0x7e4e78047220
furious-puma-1:172841:174313 [5] NCCL INFO Channel 17/0 : 5[5] -> 6[6] via P2P/CUMEM
furious-puma-1:172842:174291 [6] NCCL INFO Allocated shareable buffer 0x770d03e00000 size 2097152 ipcDesc 0x770c6404cfa0
furious-puma-1:172842:174309 [6] NCCL INFO Channel 21/0 : 6[6] -> 7[7] via P2P/CUMEM
furious-puma-1:172838:174301 [2] NCCL INFO Allocated shareable buffer 0x7c8ee7e00000 size 2097152 ipcDesc 0x7c8e4804cfa0
furious-puma-1:172838:174314 [2] NCCL INFO Channel 21/0 : 2[2] -> 3[3] via P2P/CUMEM
furious-puma-1:172837:174297 [1] NCCL INFO Allocated shareable buffer 0x78df2fe00000 size 2097152 ipcDesc 0x78de9404b8e0
furious-puma-1:172837:174310 [1] NCCL INFO Channel 20/0 : 1[1] -> 2[2] via P2P/CUMEM
furious-puma-1:172837:174297 [1] NCCL INFO Allocated shareable buffer 0x78df33e00000 size 2097152 ipcDesc 0x78de9404cfa0
furious-puma-1:172837:174310 [1] NCCL INFO Channel 21/0 : 1[1] -> 2[2] via P2P/CUMEM
furious-puma-1:172843:174299 [7] NCCL INFO Allocated shareable buffer 0x7f8899a00000 size 2097152 ipcDesc 0x7f88000488e0
furious-puma-1:172843:174316 [7] NCCL INFO Channel 18/0 : 7[7] -> 0[0] via P2P/CUMEM
furious-puma-1:172838:174301 [2] NCCL INFO Allocated shareable buffer 0x7c8ef1a00000 size 2097152 ipcDesc 0x7c8e4804e660
furious-puma-1:172838:174314 [2] NCCL INFO Channel 22/0 : 2[2] -> 3[3] via P2P/CUMEM
furious-puma-1:172842:174291 [6] NCCL INFO Allocated shareable buffer 0x770d0da00000 size 2097152 ipcDesc 0x770c6404e660
furious-puma-1:172842:174309 [6] NCCL INFO Channel 22/0 : 6[6] -> 7[7] via P2P/CUMEM
furious-puma-1:172841:174293 [5] NCCL INFO Allocated shareable buffer 0x7e4f13a00000 size 2097152 ipcDesc 0x7e4e780488e0
furious-puma-1:172841:174313 [5] NCCL INFO Channel 18/0 : 5[5] -> 6[6] via P2P/CUMEM
furious-puma-1:172841:174293 [5] NCCL INFO Allocated shareable buffer 0x7e4f13c00000 size 2097152 ipcDesc 0x7e4e7804a0e0
furious-puma-1:172841:174313 [5] NCCL INFO Channel 19/0 : 5[5] -> 6[6] via P2P/CUMEM
furious-puma-1:172839:174303 [3] NCCL INFO Allocated shareable buffer 0x71426de00000 size 2097152 ipcDesc 0x7141c4051660
furious-puma-1:172838:174301 [2] NCCL INFO Allocated shareable buffer 0x7c8ef1c00000 size 2097152 ipcDesc 0x7c8e4804fe60
furious-puma-1:172838:174314 [2] NCCL INFO Channel 23/0 : 2[2] -> 3[3] via P2P/CUMEM
furious-puma-1:172842:174291 [6] NCCL INFO Allocated shareable buffer 0x770d0dc00000 size 2097152 ipcDesc 0x770c6404fe60
furious-puma-1:172842:174309 [6] NCCL INFO Channel 23/0 : 6[6] -> 7[7] via P2P/CUMEM
furious-puma-1:172843:174299 [7] NCCL INFO Allocated shareable buffer 0x7f8899c00000 size 2097152 ipcDesc 0x7f880004a0e0
furious-puma-1:172843:174316 [7] NCCL INFO Channel 19/0 : 7[7] -> 0[0] via P2P/CUMEM
furious-puma-1:172843:174299 [7] NCCL INFO Allocated shareable buffer 0x7f8899e00000 size 2097152 ipcDesc 0x7f880004b8e0
furious-puma-1:172842:174291 [6] NCCL INFO Allocated shareable buffer 0x770d0de00000 size 2097152 ipcDesc 0x770c64051660
furious-puma-1:172843:174316 [7] NCCL INFO Channel 20/0 : 7[7] -> 0[0] via P2P/CUMEM
furious-puma-1:172838:174301 [2] NCCL INFO Allocated shareable buffer 0x7c8ef1e00000 size 2097152 ipcDesc 0x7c8e48051660
furious-puma-1:172837:174297 [1] NCCL INFO Allocated shareable buffer 0x78df3da00000 size 2097152 ipcDesc 0x78de9404e660
furious-puma-1:172837:174310 [1] NCCL INFO Channel 22/0 : 1[1] -> 2[2] via P2P/CUMEM
furious-puma-1:172841:174293 [5] NCCL INFO Allocated shareable buffer 0x7e4f13e00000 size 2097152 ipcDesc 0x7e4e7804b8e0
furious-puma-1:172841:174313 [5] NCCL INFO Channel 20/0 : 5[5] -> 6[6] via P2P/CUMEM
furious-puma-1:172843:174299 [7] NCCL INFO Allocated shareable buffer 0x7f889de00000 size 2097152 ipcDesc 0x7f880004cfa0
furious-puma-1:172843:174316 [7] NCCL INFO Channel 21/0 : 7[7] -> 0[0] via P2P/CUMEM
furious-puma-1:172837:174297 [1] NCCL INFO Allocated shareable buffer 0x78df3dc00000 size 2097152 ipcDesc 0x78de9404fe60
furious-puma-1:172837:174310 [1] NCCL INFO Channel 23/0 : 1[1] -> 2[2] via P2P/CUMEM
furious-puma-1:172837:174297 [1] NCCL INFO Allocated shareable buffer 0x78df3de00000 size 2097152 ipcDesc 0x78de94051660
furious-puma-1:172841:174293 [5] NCCL INFO Allocated shareable buffer 0x7e4f17e00000 size 2097152 ipcDesc 0x7e4e7804cfa0
furious-puma-1:172841:174313 [5] NCCL INFO Channel 21/0 : 5[5] -> 6[6] via P2P/CUMEM
furious-puma-1:172843:174299 [7] NCCL INFO Allocated shareable buffer 0x7f88a7a00000 size 2097152 ipcDesc 0x7f880004e660
furious-puma-1:172843:174316 [7] NCCL INFO Channel 22/0 : 7[7] -> 0[0] via P2P/CUMEM
furious-puma-1:172841:174293 [5] NCCL INFO Allocated shareable buffer 0x7e4f21a00000 size 2097152 ipcDesc 0x7e4e7804e660
furious-puma-1:172841:174313 [5] NCCL INFO Channel 22/0 : 5[5] -> 6[6] via P2P/CUMEM
furious-puma-1:172839:174311 [3] NCCL INFO UDS converted handle 0x7ebd70008bd0 to fd 149 on remote peer 4
furious-puma-1:172843:174299 [7] NCCL INFO Allocated shareable buffer 0x7f88a7c00000 size 2097152 ipcDesc 0x7f880004fe60
furious-puma-1:172843:174316 [7] NCCL INFO Channel 23/0 : 7[7] -> 0[0] via P2P/CUMEM
furious-puma-1:172837:174310 [1] NCCL INFO UDS converted handle 0x7c8e48008bd0 to fd 147 on remote peer 2
furious-puma-1:172841:174293 [5] NCCL INFO Allocated shareable buffer 0x7e4f21c00000 size 2097152 ipcDesc 0x7e4e7804fe60
furious-puma-1:172841:174313 [5] NCCL INFO Channel 23/0 : 5[5] -> 6[6] via P2P/CUMEM
furious-puma-1:172839:174311 [3] NCCL INFO Imported shareable buffer device 3 size 10485760 ptr 0x7142cb400000
furious-puma-1:172838:174314 [2] NCCL INFO UDS converted handle 0x7141c4008bd0 to fd 150 on remote peer 3
furious-puma-1:172843:174299 [7] NCCL INFO Allocated shareable buffer 0x7f88a7e00000 size 2097152 ipcDesc 0x7f8800051660
furious-puma-1:172841:174293 [5] NCCL INFO Allocated shareable buffer 0x7e4f21e00000 size 2097152 ipcDesc 0x7e4e78051660
furious-puma-1:172837:174310 [1] NCCL INFO Imported shareable buffer device 1 size 10485760 ptr 0x78df9b400000
furious-puma-1:172839:174311 [3] NCCL INFO UDS converted handle 0x7c8e4802f9f0 to fd 147 on remote peer 2
furious-puma-1:172838:174314 [2] NCCL INFO Imported shareable buffer device 2 size 10485760 ptr 0x7c8f4f400000
furious-puma-1:172836:174315 [0] NCCL INFO UDS converted handle 0x78de94008bd0 to fd 160 on remote peer 1
furious-puma-1:172839:174311 [3] NCCL INFO Imported shareable buffer device 3 size 2097152 ptr 0x714275a00000
furious-puma-1:172841:174313 [5] NCCL INFO UDS converted handle 0x770c64008bd0 to fd 150 on remote peer 6
furious-puma-1:172843:174316 [7] NCCL INFO UDS converted handle 0x7cda28008c90 to fd 147 on remote peer 0
furious-puma-1:172840:174312 [4] NCCL INFO UDS converted handle 0x7e4e78008bd0 to fd 149 on remote peer 5
furious-puma-1:172842:174309 [6] NCCL INFO UDS converted handle 0x7f8800008bd0 to fd 149 on remote peer 7
furious-puma-1:172840:174312 [4] NCCL INFO Imported shareable buffer device 4 size 10485760 ptr 0x7ebe77400000
furious-puma-1:172841:174313 [5] NCCL INFO Imported shareable buffer device 5 size 10485760 ptr 0x7e4f7f400000
furious-puma-1:172842:174309 [6] NCCL INFO Imported shareable buffer device 6 size 10485760 ptr 0x770d6b400000
furious-puma-1:172839:174311 [3] NCCL INFO UDS converted handle 0x7ebd7000a670 to fd 151 on remote peer 4
furious-puma-1:172836:174315 [0] NCCL INFO Imported shareable buffer device 0 size 10485760 ptr 0x7cdb33400000
furious-puma-1:172838:174314 [2] NCCL INFO UDS converted handle 0x78de9402f9f0 to fd 151 on remote peer 1
furious-puma-1:172843:174316 [7] NCCL INFO Imported shareable buffer device 7 size 10485760 ptr 0x7f8905400000
furious-puma-1:172837:174310 [1] NCCL INFO UDS converted handle 0x7cda2802f9f0 to fd 149 on remote peer 0
furious-puma-1:172839:174311 [3] NCCL INFO Imported shareable buffer device 3 size 10485760 ptr 0x7142d5000000
furious-puma-1:172838:174314 [2] NCCL INFO Imported shareable buffer device 2 size 2097152 ptr 0x7c8ef9a00000
furious-puma-1:172840:174312 [4] NCCL INFO UDS converted handle 0x7141c402f9f0 to fd 152 on remote peer 3
furious-puma-1:172842:174309 [6] NCCL INFO UDS converted handle 0x7e4e7802f9f0 to fd 151 on remote peer 5
furious-puma-1:172836:174315 [0] NCCL INFO UDS converted handle 0x7f880002f9f0 to fd 160 on remote peer 7
furious-puma-1:172837:174310 [1] NCCL INFO Imported shareable buffer device 1 size 2097152 ptr 0x78df45a00000
furious-puma-1:172841:174313 [5] NCCL INFO UDS converted handle 0x7ebd7002f9f0 to fd 151 on remote peer 4
furious-puma-1:172836:174315 [0] NCCL INFO Imported shareable buffer device 0 size 2097152 ptr 0x7cdadda00000
furious-puma-1:172840:174312 [4] NCCL INFO Imported shareable buffer device 4 size 2097152 ptr 0x7ebe21a00000
furious-puma-1:172839:174311 [3] NCCL INFO UDS converted handle 0x7c8e480310b0 to fd 151 on remote peer 2
furious-puma-1:172843:174316 [7] NCCL INFO UDS converted handle 0x770c6402f9f0 to fd 149 on remote peer 6
furious-puma-1:172842:174309 [6] NCCL INFO Imported shareable buffer device 6 size 2097152 ptr 0x770d15a00000
furious-puma-1:172836:174315 [0] NCCL INFO UDS converted handle 0x78de9400a670 to fd 160 on remote peer 1
furious-puma-1:172841:174313 [5] NCCL INFO Imported shareable buffer device 5 size 2097152 ptr 0x7e4f29a00000
furious-puma-1:172838:174314 [2] NCCL INFO UDS converted handle 0x7141c400a670 to fd 151 on remote peer 3
furious-puma-1:172839:174311 [3] NCCL INFO Imported shareable buffer device 3 size 2097152 ptr 0x714275c00000
furious-puma-1:172837:174310 [1] NCCL INFO UDS converted handle 0x7c8e4800a670 to fd 149 on remote peer 2
furious-puma-1:172836:174315 [0] NCCL INFO Imported shareable buffer device 0 size 10485760 ptr 0x7cd95b000000
furious-puma-1:172843:174316 [7] NCCL INFO Imported shareable buffer device 7 size 2097152 ptr 0x7f88afa00000
furious-puma-1:172841:174313 [5] NCCL INFO UDS converted handle 0x770c6400a670 to fd 151 on remote peer 6
furious-puma-1:172838:174314 [2] NCCL INFO Imported shareable buffer device 2 size 10485760 ptr 0x7c8f59000000
furious-puma-1:172840:174312 [4] NCCL INFO UDS converted handle 0x7e4e7800a670 to fd 150 on remote peer 5
furious-puma-1:172841:174313 [5] NCCL INFO Imported shareable buffer device 5 size 10485760 ptr 0x7e4da7000000
furious-puma-1:172837:174310 [1] NCCL INFO Imported shareable buffer device 1 size 10485760 ptr 0x78ddc3000000
furious-puma-1:172842:174309 [6] NCCL INFO UDS converted handle 0x7f880000a670 to fd 151 on remote peer 7
furious-puma-1:172840:174312 [4] NCCL INFO Imported shareable buffer device 4 size 10485760 ptr 0x7ebe81000000
furious-puma-1:172839:174311 [3] NCCL INFO UDS converted handle 0x7ebd7000c090 to fd 151 on remote peer 4
furious-puma-1:172838:174314 [2] NCCL INFO UDS converted handle 0x78de940310b0 to fd 151 on remote peer 1
furious-puma-1:172842:174309 [6] NCCL INFO Imported shareable buffer device 6 size 10485760 ptr 0x770b93000000
furious-puma-1:172843:174316 [7] NCCL INFO UDS converted handle 0x7cda2800a6d0 to fd 149 on remote peer 0
furious-puma-1:172839:174311 [3] NCCL INFO Imported shareable buffer device 3 size 10485760 ptr 0x7142dd000000
furious-puma-1:172838:174314 [2] NCCL INFO Imported shareable buffer device 2 size 2097152 ptr 0x7c8ef9c00000
furious-puma-1:172840:174312 [4] NCCL INFO UDS converted handle 0x7141c40310b0 to fd 152 on remote peer 3
furious-puma-1:172841:174313 [5] NCCL INFO UDS converted handle 0x7ebd700310b0 to fd 151 on remote peer 4
furious-puma-1:172836:174315 [0] NCCL INFO UDS converted handle 0x7f88000310b0 to fd 160 on remote peer 7
furious-puma-1:172843:174316 [7] NCCL INFO Imported shareable buffer device 7 size 10485760 ptr 0x7f872d000000
furious-puma-1:172836:174315 [0] NCCL INFO Imported shareable buffer device 0 size 2097152 ptr 0x7cdaddc00000
furious-puma-1:172842:174309 [6] NCCL INFO UDS converted handle 0x7e4e780310b0 to fd 151 on remote peer 5
furious-puma-1:172837:174310 [1] NCCL INFO UDS converted handle 0x7cda280310b0 to fd 149 on remote peer 0
furious-puma-1:172841:174313 [5] NCCL INFO Imported shareable buffer device 5 size 2097152 ptr 0x7e4f29c00000
furious-puma-1:172840:174312 [4] NCCL INFO Imported shareable buffer device 4 size 2097152 ptr 0x7ebe21c00000
furious-puma-1:172839:174311 [3] NCCL INFO UDS converted handle 0x7c8e480328b0 to fd 151 on remote peer 2
furious-puma-1:172837:174310 [1] NCCL INFO Imported shareable buffer device 1 size 2097152 ptr 0x78df45c00000
furious-puma-1:172839:174311 [3] NCCL INFO Imported shareable buffer device 3 size 2097152 ptr 0x714275e00000
furious-puma-1:172842:174309 [6] NCCL INFO Imported shareable buffer device 6 size 2097152 ptr 0x770d15c00000
furious-puma-1:172843:174316 [7] NCCL INFO UDS converted handle 0x770c640310b0 to fd 149 on remote peer 6
furious-puma-1:172836:174315 [0] NCCL INFO UDS converted handle 0x78de9400c090 to fd 160 on remote peer 1
furious-puma-1:172838:174314 [2] NCCL INFO UDS converted handle 0x7141c400c090 to fd 151 on remote peer 3
furious-puma-1:172843:174316 [7] NCCL INFO Imported shareable buffer device 7 size 2097152 ptr 0x7f88afc00000
furious-puma-1:172840:174312 [4] NCCL INFO UDS converted handle 0x7e4e7800c090 to fd 150 on remote peer 5
furious-puma-1:172837:174310 [1] NCCL INFO UDS converted handle 0x7c8e4800c090 to fd 149 on remote peer 2
furious-puma-1:172836:174315 [0] NCCL INFO Imported shareable buffer device 0 size 10485760 ptr 0x7cdb3d000000
furious-puma-1:172837:174310 [1] NCCL INFO Imported shareable buffer device 1 size 10485760 ptr 0x78dfa5000000
furious-puma-1:172838:174314 [2] NCCL INFO Imported shareable buffer device 2 size 10485760 ptr 0x7c8f61000000
furious-puma-1:172842:174309 [6] NCCL INFO UDS converted handle 0x7f880000c090 to fd 152 on remote peer 7
furious-puma-1:172839:174311 [3] NCCL INFO UDS converted handle 0x7ebd7000da90 to fd 151 on remote peer 4
furious-puma-1:172840:174312 [4] NCCL INFO Imported shareable buffer device 4 size 10485760 ptr 0x7ebe89000000
furious-puma-1:172841:174313 [5] NCCL INFO UDS converted handle 0x770c6400c090 to fd 151 on remote peer 6
furious-puma-1:172836:174315 [0] NCCL INFO UDS converted handle 0x7f88000328b0 to fd 160 on remote peer 7
furious-puma-1:172838:174314 [2] NCCL INFO UDS converted handle 0x78de940328b0 to fd 151 on remote peer 1
furious-puma-1:172843:174316 [7] NCCL INFO UDS converted handle 0x7cda2800c0b0 to fd 149 on remote peer 0
furious-puma-1:172836:174315 [0] NCCL INFO Imported shareable buffer device 0 size 2097152 ptr 0x7cdadde00000
furious-puma-1:172842:174309 [6] NCCL INFO Imported shareable buffer device 6 size 10485760 ptr 0x770d75000000
furious-puma-1:172841:174313 [5] NCCL INFO Imported shareable buffer device 5 size 10485760 ptr 0x7e4f89000000
furious-puma-1:172839:174311 [3] NCCL INFO Imported shareable buffer device 3 size 10485760 ptr 0x7140f5000000
furious-puma-1:172843:174316 [7] NCCL INFO Imported shareable buffer device 7 size 10485760 ptr 0x7f890f000000
furious-puma-1:172838:174314 [2] NCCL INFO Imported shareable buffer device 2 size 2097152 ptr 0x7c8ef9e00000
furious-puma-1:172840:174312 [4] NCCL INFO UDS converted handle 0x7141c40328b0 to fd 150 on remote peer 3
furious-puma-1:172837:174310 [1] NCCL INFO UDS converted handle 0x7cda280328b0 to fd 150 on remote peer 0
furious-puma-1:172836:174315 [0] NCCL INFO UDS converted handle 0x78de9400da90 to fd 160 on remote peer 1
furious-puma-1:172842:174309 [6] NCCL INFO UDS converted handle 0x7e4e780328b0 to fd 151 on remote peer 5
furious-puma-1:172836:174315 [0] NCCL INFO Imported shareable buffer device 0 size 10485760 ptr 0x7cdb45000000
furious-puma-1:172839:174311 [3] NCCL INFO UDS converted handle 0x7c8e480340b0 to fd 151 on remote peer 2
furious-puma-1:172843:174316 [7] NCCL INFO UDS converted handle 0x770c640328b0 to fd 149 on remote peer 6
furious-puma-1:172841:174313 [5] NCCL INFO UDS converted handle 0x7ebd700328b0 to fd 151 on remote peer 4
furious-puma-1:172840:174312 [4] NCCL INFO Imported shareable buffer device 4 size 2097152 ptr 0x7ebe21e00000
furious-puma-1:172837:174310 [1] NCCL INFO Imported shareable buffer device 1 size 2097152 ptr 0x78df45e00000
furious-puma-1:172842:174309 [6] NCCL INFO Imported shareable buffer device 6 size 2097152 ptr 0x770d15e00000
furious-puma-1:172841:174313 [5] NCCL INFO Imported shareable buffer device 5 size 2097152 ptr 0x7e4f29e00000
furious-puma-1:172838:174314 [2] NCCL INFO UDS converted handle 0x7141c400da90 to fd 151 on remote peer 3
furious-puma-1:172843:174316 [7] NCCL INFO Imported shareable buffer device 7 size 2097152 ptr 0x7f88afe00000
furious-puma-1:172836:174315 [0] NCCL INFO UDS converted handle 0x7f88000340b0 to fd 160 on remote peer 7
furious-puma-1:172839:174311 [3] NCCL INFO Imported shareable buffer device 3 size 2097152 ptr 0x71427da00000
furious-puma-1:172840:174312 [4] NCCL INFO UDS converted handle 0x7e4e7800da90 to fd 150 on remote peer 5
furious-puma-1:172838:174314 [2] NCCL INFO Imported shareable buffer device 2 size 10485760 ptr 0x7c8d79000000
furious-puma-1:172840:174312 [4] NCCL INFO Imported shareable buffer device 4 size 10485760 ptr 0x7ebca1000000
furious-puma-1:172841:174313 [5] NCCL INFO UDS converted handle 0x770c6400da90 to fd 151 on remote peer 6
furious-puma-1:172839:174311 [3] NCCL INFO UDS converted handle 0x7ebd7000f470 to fd 151 on remote peer 4
furious-puma-1:172837:174310 [1] NCCL INFO UDS converted handle 0x7c8e4800da90 to fd 149 on remote peer 2
furious-puma-1:172836:174315 [0] NCCL INFO Imported shareable buffer device 0 size 2097152 ptr 0x7cd94ba00000
furious-puma-1:172839:174311 [3] NCCL INFO Imported shareable buffer device 3 size 10485760 ptr 0x7142e1400000
furious-puma-1:172843:174316 [7] NCCL INFO UDS converted handle 0x7cda2800da90 to fd 150 on remote peer 0
furious-puma-1:172842:174309 [6] NCCL INFO UDS converted handle 0x7f880000da90 to fd 151 on remote peer 7
furious-puma-1:172837:174310 [1] NCCL INFO Imported shareable buffer device 1 size 10485760 ptr 0x78dfad000000
furious-puma-1:172838:174314 [2] NCCL INFO UDS converted handle 0x78de940340b0 to fd 151 on remote peer 1
furious-puma-1:172841:174313 [5] NCCL INFO Imported shareable buffer device 5 size 10485760 ptr 0x7e4f91000000
furious-puma-1:172843:174316 [7] NCCL INFO Imported shareable buffer device 7 size 10485760 ptr 0x7f8917000000
furious-puma-1:172842:174309 [6] NCCL INFO Imported shareable buffer device 6 size 10485760 ptr 0x770d7d000000
furious-puma-1:172840:174312 [4] NCCL INFO UDS converted handle 0x7141c40340b0 to fd 150 on remote peer 3
furious-puma-1:172837:174310 [1] NCCL INFO UDS converted handle 0x7cda280340b0 to fd 147 on remote peer 0
furious-puma-1:172840:174312 [4] NCCL INFO Imported shareable buffer device 4 size 2097152 ptr 0x7ebe29a00000
furious-puma-1:172838:174314 [2] NCCL INFO Imported shareable buffer device 2 size 2097152 ptr 0x7c8f01a00000
furious-puma-1:172836:174315 [0] NCCL INFO UDS converted handle 0x78de9400f470 to fd 160 on remote peer 1
furious-puma-1:172839:174311 [3] NCCL INFO UDS converted handle 0x7c8e48035770 to fd 151 on remote peer 2
furious-puma-1:172837:174310 [1] NCCL INFO Imported shareable buffer device 1 size 2097152 ptr 0x78ddb3a00000
furious-puma-1:172842:174309 [6] NCCL INFO UDS converted handle 0x7e4e780340b0 to fd 151 on remote peer 5
furious-puma-1:172841:174313 [5] NCCL INFO UDS converted handle 0x7ebd700340b0 to fd 151 on remote peer 4
furious-puma-1:172843:174316 [7] NCCL INFO UDS converted handle 0x770c640340b0 to fd 149 on remote peer 6
furious-puma-1:172841:174313 [5] NCCL INFO Imported shareable buffer device 5 size 2097152 ptr 0x7e4d97a00000
furious-puma-1:172836:174315 [0] NCCL INFO Imported shareable buffer device 0 size 10485760 ptr 0x7cdb49400000
furious-puma-1:172839:174311 [3] NCCL INFO Imported shareable buffer device 3 size 2097152 ptr 0x71427dc00000
furious-puma-1:172842:174309 [6] NCCL INFO Imported shareable buffer device 6 size 2097152 ptr 0x770b83a00000
furious-puma-1:172841:174313 [5] NCCL INFO UDS converted handle 0x770c6400f470 to fd 151 on remote peer 6
furious-puma-1:172838:174314 [2] NCCL INFO UDS converted handle 0x7141c400f470 to fd 150 on remote peer 3
furious-puma-1:172843:174316 [7] NCCL INFO Imported shareable buffer device 7 size 2097152 ptr 0x7f871da00000
furious-puma-1:172837:174310 [1] NCCL INFO UDS converted handle 0x7c8e4800f470 to fd 149 on remote peer 2
furious-puma-1:172840:174312 [4] NCCL INFO UDS converted handle 0x7e4e7800f470 to fd 150 on remote peer 5
furious-puma-1:172841:174313 [5] NCCL INFO Imported shareable buffer device 5 size 10485760 ptr 0x7e4f95400000
furious-puma-1:172837:174310 [1] NCCL INFO Imported shareable buffer device 1 size 10485760 ptr 0x78dfb1400000
furious-puma-1:172838:174314 [2] NCCL INFO Imported shareable buffer device 2 size 10485760 ptr 0x7c8f65400000
furious-puma-1:172836:174315 [0] NCCL INFO UDS converted handle 0x7f8800035770 to fd 160 on remote peer 7
furious-puma-1:172839:174311 [3] NCCL INFO UDS converted handle 0x7ebd70010e50 to fd 151 on remote peer 4
furious-puma-1:172843:174316 [7] NCCL INFO UDS converted handle 0x7cda2800f470 to fd 149 on remote peer 0
furious-puma-1:172840:174312 [4] NCCL INFO Imported shareable buffer device 4 size 10485760 ptr 0x7ebe8d400000
furious-puma-1:172839:174311 [3] NCCL INFO Imported shareable buffer device 3 size 10485760 ptr 0x7142eb000000
furious-puma-1:172836:174315 [0] NCCL INFO Imported shareable buffer device 0 size 2097152 ptr 0x7cd94bc00000
furious-puma-1:172842:174309 [6] NCCL INFO UDS converted handle 0x7f880000f470 to fd 151 on remote peer 7
furious-puma-1:172841:174313 [5] NCCL INFO UDS converted handle 0x7ebd70035770 to fd 151 on remote peer 4
furious-puma-1:172843:174316 [7] NCCL INFO Imported shareable buffer device 7 size 10485760 ptr 0x7f891b400000
furious-puma-1:172838:174314 [2] NCCL INFO UDS converted handle 0x78de94035770 to fd 151 on remote peer 1
furious-puma-1:172837:174310 [1] NCCL INFO UDS converted handle 0x7cda28035770 to fd 149 on remote peer 0
furious-puma-1:172842:174309 [6] NCCL INFO Imported shareable buffer device 6 size 10485760 ptr 0x770d81400000
furious-puma-1:172840:174312 [4] NCCL INFO UDS converted handle 0x7141c4035770 to fd 150 on remote peer 3
furious-puma-1:172841:174313 [5] NCCL INFO Imported shareable buffer device 5 size 2097152 ptr 0x7e4d97c00000
furious-puma-1:172838:174314 [2] NCCL INFO Imported shareable buffer device 2 size 2097152 ptr 0x7c8f01c00000
furious-puma-1:172839:174311 [3] NCCL INFO UDS converted handle 0x7c8e48036f70 to fd 151 on remote peer 2
furious-puma-1:172837:174310 [1] NCCL INFO Imported shareable buffer device 1 size 2097152 ptr 0x78ddb3c00000
furious-puma-1:172836:174315 [0] NCCL INFO UDS converted handle 0x78de94010e50 to fd 160 on remote peer 1
furious-puma-1:172840:174312 [4] NCCL INFO Imported shareable buffer device 4 size 2097152 ptr 0x7ebe29c00000
furious-puma-1:172843:174316 [7] NCCL INFO UDS converted handle 0x770c64035770 to fd 149 on remote peer 6
furious-puma-1:172842:174309 [6] NCCL INFO UDS converted handle 0x7e4e78035770 to fd 151 on remote peer 5
furious-puma-1:172842:174309 [6] NCCL INFO Imported shareable buffer device 6 size 2097152 ptr 0x770b83c00000
furious-puma-1:172839:174311 [3] NCCL INFO Imported shareable buffer device 3 size 2097152 ptr 0x71427de00000
furious-puma-1:172840:174312 [4] NCCL INFO UDS converted handle 0x7e4e78010e50 to fd 150 on remote peer 5
furious-puma-1:172836:174315 [0] NCCL INFO Imported shareable buffer device 0 size 10485760 ptr 0x7cdb53000000
furious-puma-1:172838:174314 [2] NCCL INFO UDS converted handle 0x7141c4010e50 to fd 150 on remote peer 3
furious-puma-1:172843:174316 [7] NCCL INFO Imported shareable buffer device 7 size 2097152 ptr 0x7f871dc00000
furious-puma-1:172837:174310 [1] NCCL INFO UDS converted handle 0x7c8e48010e50 to fd 149 on remote peer 2
furious-puma-1:172842:174309 [6] NCCL INFO UDS converted handle 0x7f8800010e50 to fd 151 on remote peer 7
furious-puma-1:172840:174312 [4] NCCL INFO Imported shareable buffer device 4 size 10485760 ptr 0x7ebe97000000
furious-puma-1:172842:174309 [6] NCCL INFO Imported shareable buffer device 6 size 10485760 ptr 0x770d8b000000
furious-puma-1:172839:174311 [3] NCCL INFO UDS converted handle 0x7ebd70012830 to fd 151 on remote peer 4
furious-puma-1:172837:174310 [1] NCCL INFO Imported shareable buffer device 1 size 10485760 ptr 0x78dfbb000000
furious-puma-1:172838:174314 [2] NCCL INFO Imported shareable buffer device 2 size 10485760 ptr 0x7c8f6f000000
furious-puma-1:172841:174313 [5] NCCL INFO UDS converted handle 0x770c64010e50 to fd 151 on remote peer 6
furious-puma-1:172836:174315 [0] NCCL INFO UDS converted handle 0x7f8800036f70 to fd 160 on remote peer 7
furious-puma-1:172839:174311 [3] NCCL INFO Imported shareable buffer device 3 size 10485760 ptr 0x7142f3000000
furious-puma-1:172841:174313 [5] NCCL INFO Imported shareable buffer device 5 size 10485760 ptr 0x7e4f9f000000
furious-puma-1:172842:174309 [6] NCCL INFO UDS converted handle 0x7e4e78036f70 to fd 151 on remote peer 5
furious-puma-1:172836:174315 [0] NCCL INFO Imported shareable buffer device 0 size 2097152 ptr 0x7cd94be00000
furious-puma-1:172840:174312 [4] NCCL INFO UDS converted handle 0x7141c4036f70 to fd 150 on remote peer 3
furious-puma-1:172843:174316 [7] NCCL INFO UDS converted handle 0x7cda28010e50 to fd 148 on remote peer 0
furious-puma-1:172842:174309 [6] NCCL INFO Imported shareable buffer device 6 size 2097152 ptr 0x770b83e00000
furious-puma-1:172843:174316 [7] NCCL INFO Imported shareable buffer device 7 size 10485760 ptr 0x7f8925000000
furious-puma-1:172838:174314 [2] NCCL INFO UDS converted handle 0x78de94036f70 to fd 151 on remote peer 1
furious-puma-1:172840:174312 [4] NCCL INFO Imported shareable buffer device 4 size 2097152 ptr 0x7ebe29e00000
furious-puma-1:172839:174311 [3] NCCL INFO UDS converted handle 0x7c8e48038770 to fd 151 on remote peer 2
furious-puma-1:172838:174314 [2] NCCL INFO Imported shareable buffer device 2 size 2097152 ptr 0x7c8f01e00000
furious-puma-1:172841:174313 [5] NCCL INFO UDS converted handle 0x7ebd70036f70 to fd 149 on remote peer 4
furious-puma-1:172839:174311 [3] NCCL INFO Imported shareable buffer device 3 size 2097152 ptr 0x714281e00000
furious-puma-1:172837:174310 [1] NCCL INFO UDS converted handle 0x7cda28036f70 to fd 149 on remote peer 0
furious-puma-1:172843:174316 [7] NCCL INFO UDS converted handle 0x770c64036f70 to fd 150 on remote peer 6
furious-puma-1:172842:174309 [6] NCCL INFO UDS converted handle 0x7f8800012830 to fd 151 on remote peer 7
furious-puma-1:172837:174310 [1] NCCL INFO Imported shareable buffer device 1 size 2097152 ptr 0x78ddb3e00000
furious-puma-1:172841:174313 [5] NCCL INFO Imported shareable buffer device 5 size 2097152 ptr 0x7e4d97e00000
furious-puma-1:172836:174315 [0] NCCL INFO UDS converted handle 0x78de94012830 to fd 159 on remote peer 1
furious-puma-1:172836:174315 [0] NCCL INFO Imported shareable buffer device 0 size 10485760 ptr 0x7cdb5b000000
furious-puma-1:172840:174312 [4] NCCL INFO UDS converted handle 0x7e4e78012830 to fd 150 on remote peer 5
furious-puma-1:172842:174309 [6] NCCL INFO Imported shareable buffer device 6 size 10485760 ptr 0x770d93000000
furious-puma-1:172838:174314 [2] NCCL INFO UDS converted handle 0x7141c4012830 to fd 151 on remote peer 3
furious-puma-1:172840:174312 [4] NCCL INFO Imported shareable buffer device 4 size 10485760 ptr 0x7ebe9f000000
furious-puma-1:172843:174316 [7] NCCL INFO Imported shareable buffer device 7 size 2097152 ptr 0x7f871de00000
furious-puma-1:172838:174314 [2] NCCL INFO Imported shareable buffer device 2 size 10485760 ptr 0x7c8f77000000
furious-puma-1:172839:174311 [3] NCCL INFO UDS converted handle 0x7ebd70014210 to fd 151 on remote peer 4
furious-puma-1:172841:174313 [5] NCCL INFO UDS converted handle 0x770c64012830 to fd 152 on remote peer 6
furious-puma-1:172837:174310 [1] NCCL INFO UDS converted handle 0x7c8e48012830 to fd 147 on remote peer 2
furious-puma-1:172836:174315 [0] NCCL INFO UDS converted handle 0x7f8800038770 to fd 161 on remote peer 7
furious-puma-1:172843:174316 [7] NCCL INFO UDS converted handle 0x7cda28012830 to fd 149 on remote peer 0
furious-puma-1:172842:174309 [6] NCCL INFO UDS converted handle 0x7e4e78038770 to fd 151 on remote peer 5
furious-puma-1:172843:174316 [7] NCCL INFO Imported shareable buffer device 7 size 10485760 ptr 0x7f892d000000
furious-puma-1:172841:174313 [5] NCCL INFO Imported shareable buffer device 5 size 10485760 ptr 0x7e4fa7000000
furious-puma-1:172838:174314 [2] NCCL INFO UDS converted handle 0x78de94038770 to fd 151 on remote peer 1
furious-puma-1:172839:174311 [3] NCCL INFO Imported shareable buffer device 3 size 10485760 ptr 0x7142fb000000
furious-puma-1:172840:174312 [4] NCCL INFO UDS converted handle 0x7141c4038770 to fd 150 on remote peer 3
furious-puma-1:172836:174315 [0] NCCL INFO Imported shareable buffer device 0 size 2097152 ptr 0x7cdae1e00000
furious-puma-1:172837:174310 [1] NCCL INFO Imported shareable buffer device 1 size 10485760 ptr 0x78dfc3000000
furious-puma-1:172838:174314 [2] NCCL INFO Imported shareable buffer device 2 size 2097152 ptr 0x7c8f05e00000
furious-puma-1:172842:174309 [6] NCCL INFO Imported shareable buffer device 6 size 2097152 ptr 0x770d19e00000
furious-puma-1:172841:174313 [5] NCCL INFO UDS converted handle 0x7ebd70038770 to fd 151 on remote peer 4
furious-puma-1:172838:174314 [2] NCCL INFO UDS converted handle 0x7141c4014210 to fd 151 on remote peer 3
furious-puma-1:172840:174312 [4] NCCL INFO Imported shareable buffer device 4 size 2097152 ptr 0x7ebe2de00000
furious-puma-1:172843:174316 [7] NCCL INFO UDS converted handle 0x770c64038770 to fd 149 on remote peer 6
furious-puma-1:172838:174314 [2] NCCL INFO Imported shareable buffer device 2 size 10485760 ptr 0x7c8f7f000000
furious-puma-1:172841:174313 [5] NCCL INFO Imported shareable buffer device 5 size 2097152 ptr 0x7e4f2de00000
furious-puma-1:172839:174311 [3] NCCL INFO UDS converted handle 0x7c8e48039e30 to fd 147 on remote peer 2
furious-puma-1:172836:174315 [0] NCCL INFO UDS converted handle 0x78de94014210 to fd 160 on remote peer 1
furious-puma-1:172843:174316 [7] NCCL INFO Imported shareable buffer device 7 size 2097152 ptr 0x7f88b3e00000
furious-puma-1:172842:174309 [6] NCCL INFO UDS converted handle 0x7f8800014210 to fd 151 on remote peer 7
furious-puma-1:172837:174310 [1] NCCL INFO UDS converted handle 0x7cda28038770 to fd 149 on remote peer 0
furious-puma-1:172839:174311 [3] NCCL INFO Imported shareable buffer device 3 size 2097152 ptr 0x71428ba00000
furious-puma-1:172842:174309 [6] NCCL INFO Imported shareable buffer device 6 size 10485760 ptr 0x770b9b000000
furious-puma-1:172840:174312 [4] NCCL INFO UDS converted handle 0x7e4e78014210 to fd 152 on remote peer 5
furious-puma-1:172836:174315 [0] NCCL INFO Imported shareable buffer device 0 size 10485760 ptr 0x7cd963000000
furious-puma-1:172841:174313 [5] NCCL INFO UDS converted handle 0x770c64014210 to fd 151 on remote peer 6
furious-puma-1:172839:174311 [3] NCCL INFO UDS converted handle 0x7ebd70015bf0 to fd 151 on remote peer 4
furious-puma-1:172837:174310 [1] NCCL INFO Imported shareable buffer device 1 size 2097152 ptr 0x78df49e00000
furious-puma-1:172838:174314 [2] NCCL INFO UDS converted handle 0x78de94039e30 to fd 151 on remote peer 1
furious-puma-1:172841:174313 [5] NCCL INFO Imported shareable buffer device 5 size 10485760 ptr 0x7e4daf000000
furious-puma-1:172839:174311 [3] NCCL INFO Imported shareable buffer device 3 size 10485760 ptr 0x7142ff400000
furious-puma-1:172843:174316 [7] NCCL INFO UDS converted handle 0x7cda28014210 to fd 150 on remote peer 0
furious-puma-1:172840:174312 [4] NCCL INFO Imported shareable buffer device 4 size 10485760 ptr 0x7ebea7000000
furious-puma-1:172842:174309 [6] NCCL INFO UDS converted handle 0x7e4e78039e30 to fd 151 on remote peer 5
furious-puma-1:172836:174315 [0] NCCL INFO UDS converted handle 0x7f8800039e30 to fd 160 on remote peer 7
furious-puma-1:172838:174314 [2] NCCL INFO Imported shareable buffer device 2 size 2097152 ptr 0x7c8f0fa00000
furious-puma-1:172837:174310 [1] NCCL INFO UDS converted handle 0x7c8e48014210 to fd 149 on remote peer 2
furious-puma-1:172842:174309 [6] NCCL INFO Imported shareable buffer device 6 size 2097152 ptr 0x770d23a00000
furious-puma-1:172836:174315 [0] NCCL INFO Imported shareable buffer device 0 size 2097152 ptr 0x7cdaeba00000
furious-puma-1:172843:174316 [7] NCCL INFO Imported shareable buffer device 7 size 10485760 ptr 0x7f8735000000
furious-puma-1:172841:174313 [5] NCCL INFO UDS converted handle 0x7ebd70039e30 to fd 151 on remote peer 4
furious-puma-1:172837:174310 [1] NCCL INFO Imported shareable buffer device 1 size 10485760 ptr 0x78ddcb000000
furious-puma-1:172840:174312 [4] NCCL INFO UDS converted handle 0x7141c4039e30 to fd 150 on remote peer 3
furious-puma-1:172836:174315 [0] NCCL INFO UDS converted handle 0x78de94015bf0 to fd 160 on remote peer 1
furious-puma-1:172841:174313 [5] NCCL INFO Imported shareable buffer device 5 size 2097152 ptr 0x7e4f37a00000
furious-puma-1:172842:174309 [6] NCCL INFO UDS converted handle 0x7f8800015bf0 to fd 151 on remote peer 7
furious-puma-1:172839:174311 [3] NCCL INFO UDS converted handle 0x7c8e4803b630 to fd 151 on remote peer 2
furious-puma-1:172840:174312 [4] NCCL INFO Imported shareable buffer device 4 size 2097152 ptr 0x7ebe37a00000
furious-puma-1:172836:174315 [0] NCCL INFO Imported shareable buffer device 0 size 10485760 ptr 0x7cdb5f400000
furious-puma-1:172842:174309 [6] NCCL INFO Imported shareable buffer device 6 size 10485760 ptr 0x770d97400000
furious-puma-1:172843:174316 [7] NCCL INFO UDS converted handle 0x770c64039e30 to fd 149 on remote peer 6
furious-puma-1:172838:174314 [2] NCCL INFO UDS converted handle 0x7141c4015bf0 to fd 151 on remote peer 3
furious-puma-1:172839:174311 [3] NCCL INFO Imported shareable buffer device 3 size 2097152 ptr 0x71428bc00000
furious-puma-1:172837:174310 [1] NCCL INFO UDS converted handle 0x7cda28039e30 to fd 149 on remote peer 0
furious-puma-1:172838:174314 [2] NCCL INFO Imported shareable buffer device 2 size 10485760 ptr 0x7c8f83400000
furious-puma-1:172843:174316 [7] NCCL INFO Imported shareable buffer device 7 size 2097152 ptr 0x7f88bda00000
furious-puma-1:172836:174315 [0] NCCL INFO UDS converted handle 0x7f880003b630 to fd 160 on remote peer 7
furious-puma-1:172837:174310 [1] NCCL INFO Imported shareable buffer device 1 size 2097152 ptr 0x78df53a00000
furious-puma-1:172841:174313 [5] NCCL INFO UDS converted handle 0x770c64015bf0 to fd 151 on remote peer 6
furious-puma-1:172840:174312 [4] NCCL INFO UDS converted handle 0x7e4e78015bf0 to fd 150 on remote peer 5
furious-puma-1:172836:174315 [0] NCCL INFO Imported shareable buffer device 0 size 2097152 ptr 0x7cdaebc00000
furious-puma-1:172841:174313 [5] NCCL INFO Imported shareable buffer device 5 size 10485760 ptr 0x7e4fab400000
furious-puma-1:172839:174311 [3] NCCL INFO UDS converted handle 0x7ebd700175d0 to fd 151 on remote peer 4
furious-puma-1:172840:174312 [4] NCCL INFO Imported shareable buffer device 4 size 10485760 ptr 0x7ebeab400000
furious-puma-1:172838:174314 [2] NCCL INFO UDS converted handle 0x78de9403b630 to fd 151 on remote peer 1
furious-puma-1:172843:174316 [7] NCCL INFO UDS converted handle 0x7cda28015bf0 to fd 149 on remote peer 0
furious-puma-1:172837:174310 [1] NCCL INFO UDS converted handle 0x7c8e48015bf0 to fd 149 on remote peer 2
furious-puma-1:172839:174311 [3] NCCL INFO Imported shareable buffer device 3 size 10485760 ptr 0x7140fd000000
furious-puma-1:172838:174314 [2] NCCL INFO Imported shareable buffer device 2 size 2097152 ptr 0x7c8f0fc00000
furious-puma-1:172842:174309 [6] NCCL INFO UDS converted handle 0x7e4e7803b630 to fd 149 on remote peer 5
furious-puma-1:172841:174313 [5] NCCL INFO UDS converted handle 0x7ebd7003b630 to fd 151 on remote peer 4
furious-puma-1:172841:174313 [5] NCCL INFO Imported shareable buffer device 5 size 2097152 ptr 0x7e4f37c00000
furious-puma-1:172843:174316 [7] NCCL INFO Imported shareable buffer device 7 size 10485760 ptr 0x7f8931400000
furious-puma-1:172837:174310 [1] NCCL INFO Imported shareable buffer device 1 size 10485760 ptr 0x78dfc7400000
furious-puma-1:172841:174313 [5] NCCL INFO UDS converted handle 0x770c640175d0 to fd 151 on remote peer 6
furious-puma-1:172840:174312 [4] NCCL INFO UDS converted handle 0x7141c403b630 to fd 150 on remote peer 3
furious-puma-1:172837:174310 [1] NCCL INFO UDS converted handle 0x7cda2803b630 to fd 149 on remote peer 0
furious-puma-1:172842:174309 [6] NCCL INFO Imported shareable buffer device 6 size 2097152 ptr 0x770d23c00000
furious-puma-1:172836:174315 [0] NCCL INFO UDS converted handle 0x78de940175d0 to fd 160 on remote peer 1
furious-puma-1:172841:174313 [5] NCCL INFO Imported shareable buffer device 5 size 10485760 ptr 0x7e4fb5000000
furious-puma-1:172837:174310 [1] NCCL INFO Imported shareable buffer device 1 size 2097152 ptr 0x78df53c00000
furious-puma-1:172840:174312 [4] NCCL INFO Imported shareable buffer device 4 size 2097152 ptr 0x7ebe37c00000
furious-puma-1:172839:174311 [3] NCCL INFO UDS converted handle 0x7c8e4803ce30 to fd 151 on remote peer 2
furious-puma-1:172843:174316 [7] NCCL INFO UDS converted handle 0x770c6403b630 to fd 149 on remote peer 6
furious-puma-1:172838:174314 [2] NCCL INFO UDS converted handle 0x7141c40175d0 to fd 151 on remote peer 3
furious-puma-1:172836:174315 [0] NCCL INFO Imported shareable buffer device 0 size 10485760 ptr 0x7cdb69000000
furious-puma-1:172839:174311 [3] NCCL INFO Imported shareable buffer device 3 size 2097152 ptr 0x71428be00000
furious-puma-1:172842:174309 [6] NCCL INFO UDS converted handle 0x7f88000175d0 to fd 151 on remote peer 7
furious-puma-1:172841:174313 [5] NCCL INFO UDS converted handle 0x7ebd7003ce30 to fd 151 on remote peer 4
furious-puma-1:172843:174316 [7] NCCL INFO Imported shareable buffer device 7 size 2097152 ptr 0x7f88bdc00000
furious-puma-1:172840:174312 [4] NCCL INFO UDS converted handle 0x7e4e780175d0 to fd 150 on remote peer 5
furious-puma-1:172838:174314 [2] NCCL INFO Imported shareable buffer device 2 size 10485760 ptr 0x7c8d81000000
furious-puma-1:172837:174310 [1] NCCL INFO UDS converted handle 0x7c8e480175d0 to fd 149 on remote peer 2
furious-puma-1:172842:174309 [6] NCCL INFO Imported shareable buffer device 6 size 10485760 ptr 0x770da1000000
furious-puma-1:172840:174312 [4] NCCL INFO Imported shareable buffer device 4 size 10485760 ptr 0x7ebca9000000
furious-puma-1:172841:174313 [5] NCCL INFO Imported shareable buffer device 5 size 2097152 ptr 0x7e4f37e00000
furious-puma-1:172836:174315 [0] NCCL INFO UDS converted handle 0x7f880003ce30 to fd 160 on remote peer 7
furious-puma-1:172837:174310 [1] NCCL INFO Imported shareable buffer device 1 size 10485760 ptr 0x78dfd1000000
furious-puma-1:172843:174316 [7] NCCL INFO UDS converted handle 0x7cda280175d0 to fd 149 on remote peer 0
furious-puma-1:172839:174311 [3] NCCL INFO UDS converted handle 0x7ebd70018fb0 to fd 151 on remote peer 4
furious-puma-1:172841:174313 [5] NCCL INFO UDS converted handle 0x770c64018fb0 to fd 151 on remote peer 6
furious-puma-1:172839:174311 [3] NCCL INFO Imported shareable buffer device 3 size 10485760 ptr 0x714309000000
furious-puma-1:172836:174315 [0] NCCL INFO Imported shareable buffer device 0 size 2097152 ptr 0x7cdaebe00000
furious-puma-1:172841:174313 [5] NCCL INFO Imported shareable buffer device 5 size 10485760 ptr 0x7e4fbd000000
furious-puma-1:172840:174312 [4] NCCL INFO UDS converted handle 0x7141c403ce30 to fd 150 on remote peer 3
furious-puma-1:172842:174309 [6] NCCL INFO UDS converted handle 0x7e4e7803ce30 to fd 151 on remote peer 5
furious-puma-1:172843:174316 [7] NCCL INFO Imported shareable buffer device 7 size 10485760 ptr 0x7f893b000000
furious-puma-1:172838:174314 [2] NCCL INFO UDS converted handle 0x78de9403ce30 to fd 150 on remote peer 1
furious-puma-1:172838:174314 [2] NCCL INFO Imported shareable buffer device 2 size 2097152 ptr 0x7c8f0fe00000
furious-puma-1:172837:174310 [1] NCCL INFO UDS converted handle 0x7cda2803ce30 to fd 149 on remote peer 0
furious-puma-1:172843:174316 [7] NCCL INFO UDS converted handle 0x770c6403ce30 to fd 149 on remote peer 6
furious-puma-1:172840:174312 [4] NCCL INFO Imported shareable buffer device 4 size 2097152 ptr 0x7ebe37e00000
furious-puma-1:172839:174311 [3] NCCL INFO UDS converted handle 0x7c8e4803e4f0 to fd 151 on remote peer 2
furious-puma-1:172842:174309 [6] NCCL INFO Imported shareable buffer device 6 size 2097152 ptr 0x770d23e00000
furious-puma-1:172837:174310 [1] NCCL INFO Imported shareable buffer device 1 size 2097152 ptr 0x78df53e00000
furious-puma-1:172841:174313 [5] NCCL INFO UDS converted handle 0x7ebd7003e4f0 to fd 151 on remote peer 4
furious-puma-1:172839:174311 [3] NCCL INFO Imported shareable buffer device 3 size 2097152 ptr 0x7140e5a00000
furious-puma-1:172843:174316 [7] NCCL INFO Imported shareable buffer device 7 size 2097152 ptr 0x7f88bde00000
furious-puma-1:172836:174315 [0] NCCL INFO UDS converted handle 0x78de94018fb0 to fd 160 on remote peer 1
furious-puma-1:172836:174315 [0] NCCL INFO Imported shareable buffer device 0 size 10485760 ptr 0x7cdb71000000
furious-puma-1:172841:174313 [5] NCCL INFO Imported shareable buffer device 5 size 2097152 ptr 0x7e4f3fa00000
furious-puma-1:172838:174314 [2] NCCL INFO UDS converted handle 0x7141c4018fb0 to fd 151 on remote peer 3
furious-puma-1:172840:174312 [4] NCCL INFO UDS converted handle 0x7e4e78018fb0 to fd 150 on remote peer 5
furious-puma-1:172842:174309 [6] NCCL INFO UDS converted handle 0x7f8800018fb0 to fd 151 on remote peer 7
furious-puma-1:172843:174316 [7] NCCL INFO UDS converted handle 0x7cda28018fb0 to fd 149 on remote peer 0
furious-puma-1:172843:174316 [7] NCCL INFO Imported shareable buffer device 7 size 10485760 ptr 0x7f8943000000
furious-puma-1:172837:174310 [1] NCCL INFO UDS converted handle 0x7c8e48018fb0 to fd 149 on remote peer 2
furious-puma-1:172842:174309 [6] NCCL INFO Imported shareable buffer device 6 size 10485760 ptr 0x770da9000000
furious-puma-1:172839:174311 [3] NCCL INFO UDS converted handle 0x7ebd7001a990 to fd 151 on remote peer 4
furious-puma-1:172840:174312 [4] NCCL INFO Imported shareable buffer device 4 size 10485760 ptr 0x7ebeb5000000
furious-puma-1:172838:174314 [2] NCCL INFO Imported shareable buffer device 2 size 10485760 ptr 0x7c8f8d000000
furious-puma-1:172837:174310 [1] NCCL INFO Imported shareable buffer device 1 size 10485760 ptr 0x78dfd9000000
furious-puma-1:172839:174311 [3] NCCL INFO Imported shareable buffer device 3 size 10485760 ptr 0x714311000000
furious-puma-1:172841:174313 [5] NCCL INFO UDS converted handle 0x770c6401a990 to fd 149 on remote peer 6
furious-puma-1:172836:174315 [0] NCCL INFO UDS converted handle 0x7f880003e4f0 to fd 160 on remote peer 7
furious-puma-1:172842:174309 [6] NCCL INFO UDS converted handle 0x7e4e7803e4f0 to fd 151 on remote peer 5
furious-puma-1:172840:174312 [4] NCCL INFO UDS converted handle 0x7141c403e4f0 to fd 150 on remote peer 3
furious-puma-1:172841:174313 [5] NCCL INFO Imported shareable buffer device 5 size 10485760 ptr 0x7e4fc5000000
furious-puma-1:172837:174310 [1] NCCL INFO UDS converted handle 0x7cda2803e4f0 to fd 149 on remote peer 0
furious-puma-1:172843:174316 [7] NCCL INFO UDS converted handle 0x770c6403e4f0 to fd 149 on remote peer 6
furious-puma-1:172840:174312 [4] NCCL INFO Imported shareable buffer device 4 size 2097152 ptr 0x7ebc91a00000
furious-puma-1:172842:174309 [6] NCCL INFO Imported shareable buffer device 6 size 2097152 ptr 0x770d2ba00000
furious-puma-1:172839:174311 [3] NCCL INFO UDS converted handle 0x7c8e4803fbb0 to fd 151 on remote peer 2
furious-puma-1:172838:174314 [2] NCCL INFO UDS converted handle 0x78de9403e4f0 to fd 151 on remote peer 1
furious-puma-1:172836:174315 [0] NCCL INFO Imported shareable buffer device 0 size 2097152 ptr 0x7cdaf3a00000
furious-puma-1:172837:174310 [1] NCCL INFO Imported shareable buffer device 1 size 2097152 ptr 0x78df5ba00000
furious-puma-1:172843:174316 [7] NCCL INFO Imported shareable buffer device 7 size 2097152 ptr 0x7f88c5a00000
furious-puma-1:172839:174311 [3] NCCL INFO Imported shareable buffer device 3 size 2097152 ptr 0x7140e5c00000
furious-puma-1:172837:174310 [1] NCCL INFO UDS converted handle 0x7c8e4801a990 to fd 149 on remote peer 2
furious-puma-1:172841:174313 [5] NCCL INFO UDS converted handle 0x7ebd7003fbb0 to fd 151 on remote peer 4
furious-puma-1:172838:174314 [2] NCCL INFO Imported shareable buffer device 2 size 2097152 ptr 0x7c8d69a00000
furious-puma-1:172841:174313 [5] NCCL INFO Imported shareable buffer device 5 size 2097152 ptr 0x7e4f3fc00000
furious-puma-1:172837:174310 [1] NCCL INFO Imported shareable buffer device 1 size 10485760 ptr 0x78dfe1000000
furious-puma-1:172842:174309 [6] NCCL INFO UDS converted handle 0x7f880001a990 to fd 151 on remote peer 7
furious-puma-1:172840:174312 [4] NCCL INFO UDS converted handle 0x7e4e7801a990 to fd 150 on remote peer 5
furious-puma-1:172843:174316 [7] NCCL INFO UDS converted handle 0x7cda2801a990 to fd 149 on remote peer 0
furious-puma-1:172836:174315 [0] NCCL INFO UDS converted handle 0x78de9401a990 to fd 160 on remote peer 1
furious-puma-1:172839:174311 [3] NCCL INFO UDS converted handle 0x7ebd7001c370 to fd 151 on remote peer 4
furious-puma-1:172843:174316 [7] NCCL INFO Imported shareable buffer device 7 size 10485760 ptr 0x7f894b000000
furious-puma-1:172840:174312 [4] NCCL INFO Imported shareable buffer device 4 size 10485760 ptr 0x7ebebd000000
furious-puma-1:172842:174309 [6] NCCL INFO Imported shareable buffer device 6 size 10485760 ptr 0x770db1000000
furious-puma-1:172836:174315 [0] NCCL INFO Imported shareable buffer device 0 size 10485760 ptr 0x7cdb79000000
furious-puma-1:172838:174314 [2] NCCL INFO UDS converted handle 0x7141c401a990 to fd 151 on remote peer 3
furious-puma-1:172841:174313 [5] NCCL INFO UDS converted handle 0x770c6401c370 to fd 151 on remote peer 6
furious-puma-1:172839:174311 [3] NCCL INFO Imported shareable buffer device 3 size 10485760 ptr 0x714315400000
furious-puma-1:172837:174310 [1] NCCL INFO UDS converted handle 0x7cda2803fbb0 to fd 149 on remote peer 0
furious-puma-1:172838:174314 [2] NCCL INFO Imported shareable buffer device 2 size 10485760 ptr 0x7c8f95000000
furious-puma-1:172840:174312 [4] NCCL INFO UDS converted handle 0x7141c403fbb0 to fd 150 on remote peer 3
furious-puma-1:172841:174313 [5] NCCL INFO Imported shareable buffer device 5 size 10485760 ptr 0x7e4fc9400000
furious-puma-1:172837:174310 [1] NCCL INFO Imported shareable buffer device 1 size 2097152 ptr 0x78df5bc00000
furious-puma-1:172842:174309 [6] NCCL INFO UDS converted handle 0x7e4e7803fbb0 to fd 151 on remote peer 5
furious-puma-1:172836:174315 [0] NCCL INFO UDS converted handle 0x7f880003fbb0 to fd 160 on remote peer 7
furious-puma-1:172839:174311 [3] NCCL INFO UDS converted handle 0x7c8e480413b0 to fd 151 on remote peer 2
furious-puma-1:172840:174312 [4] NCCL INFO Imported shareable buffer device 4 size 2097152 ptr 0x7ebc91c00000
furious-puma-1:172843:174316 [7] NCCL INFO UDS converted handle 0x770c6403fbb0 to fd 149 on remote peer 6
furious-puma-1:172838:174314 [2] NCCL INFO UDS converted handle 0x78de9403fbb0 to fd 151 on remote peer 1
furious-puma-1:172842:174309 [6] NCCL INFO Imported shareable buffer device 6 size 2097152 ptr 0x770d2bc00000
furious-puma-1:172841:174313 [5] NCCL INFO UDS converted handle 0x7ebd700413b0 to fd 151 on remote peer 4
furious-puma-1:172836:174315 [0] NCCL INFO Imported shareable buffer device 0 size 2097152 ptr 0x7cdaf3c00000
furious-puma-1:172838:174314 [2] NCCL INFO Imported shareable buffer device 2 size 2097152 ptr 0x7c8d69c00000
furious-puma-1:172841:174313 [5] NCCL INFO Imported shareable buffer device 5 size 2097152 ptr 0x7e4f3fe00000
furious-puma-1:172839:174311 [3] NCCL INFO Imported shareable buffer device 3 size 2097152 ptr 0x7140e5e00000
furious-puma-1:172843:174316 [7] NCCL INFO Imported shareable buffer device 7 size 2097152 ptr 0x7f88c5c00000
furious-puma-1:172840:174312 [4] NCCL INFO UDS converted handle 0x7e4e7801c370 to fd 150 on remote peer 5
furious-puma-1:172836:174315 [0] NCCL INFO UDS converted handle 0x78de9401c370 to fd 160 on remote peer 1
furious-puma-1:172837:174310 [1] NCCL INFO UDS converted handle 0x7c8e4801c370 to fd 149 on remote peer 2
furious-puma-1:172842:174309 [6] NCCL INFO UDS converted handle 0x7f880001c370 to fd 151 on remote peer 7
furious-puma-1:172842:174309 [6] NCCL INFO Imported shareable buffer device 6 size 10485760 ptr 0x770db5400000
furious-puma-1:172840:174312 [4] NCCL INFO Imported shareable buffer device 4 size 10485760 ptr 0x7ebec1400000
furious-puma-1:172836:174315 [0] NCCL INFO Imported shareable buffer device 0 size 10485760 ptr 0x7cdb7d400000
furious-puma-1:172838:174314 [2] NCCL INFO UDS converted handle 0x7141c401c370 to fd 151 on remote peer 3
furious-puma-1:172837:174310 [1] NCCL INFO Imported shareable buffer device 1 size 10485760 ptr 0x78dfe5400000
furious-puma-1:172843:174316 [7] NCCL INFO UDS converted handle 0x7cda2801c370 to fd 149 on remote peer 0
furious-puma-1:172841:174313 [5] NCCL INFO UDS converted handle 0x770c6401dd50 to fd 151 on remote peer 6
furious-puma-1:172839:174311 [3] NCCL INFO UDS converted handle 0x7ebd7001dd50 to fd 151 on remote peer 4
furious-puma-1:172836:174315 [0] NCCL INFO UDS converted handle 0x7f88000413b0 to fd 160 on remote peer 7
furious-puma-1:172838:174314 [2] NCCL INFO Imported shareable buffer device 2 size 10485760 ptr 0x7c8f99400000
furious-puma-1:172842:174309 [6] NCCL INFO UDS converted handle 0x7e4e780413b0 to fd 151 on remote peer 5
furious-puma-1:172839:174311 [3] NCCL INFO Imported shareable buffer device 3 size 10485760 ptr 0x71431f000000
furious-puma-1:172841:174313 [5] NCCL INFO Imported shareable buffer device 5 size 10485760 ptr 0x7e4fd3000000
furious-puma-1:172836:174315 [0] NCCL INFO Imported shareable buffer device 0 size 2097152 ptr 0x7cdaf3e00000
furious-puma-1:172843:174316 [7] NCCL INFO Imported shareable buffer device 7 size 10485760 ptr 0x7f894f400000
furious-puma-1:172840:174312 [4] NCCL INFO UDS converted handle 0x7141c40413b0 to fd 150 on remote peer 3
furious-puma-1:172842:174309 [6] NCCL INFO Imported shareable buffer device 6 size 2097152 ptr 0x770d2be00000
furious-puma-1:172837:174310 [1] NCCL INFO UDS converted handle 0x7cda280413b0 to fd 149 on remote peer 0
furious-puma-1:172843:174316 [7] NCCL INFO UDS converted handle 0x770c640413b0 to fd 149 on remote peer 6
furious-puma-1:172840:174312 [4] NCCL INFO Imported shareable buffer device 4 size 2097152 ptr 0x7ebc91e00000
furious-puma-1:172839:174311 [3] NCCL INFO UDS converted handle 0x7c8e48042bb0 to fd 151 on remote peer 2
furious-puma-1:172841:174313 [5] NCCL INFO UDS converted handle 0x7ebd70042bb0 to fd 151 on remote peer 4
furious-puma-1:172843:174316 [7] NCCL INFO Imported shareable buffer device 7 size 2097152 ptr 0x7f88c5e00000
furious-puma-1:172838:174314 [2] NCCL INFO UDS converted handle 0x78de940413b0 to fd 151 on remote peer 1
furious-puma-1:172843:174316 [7] NCCL INFO UDS converted handle 0x7cda2801dd50 to fd 149 on remote peer 0
furious-puma-1:172837:174310 [1] NCCL INFO Imported shareable buffer device 1 size 2097152 ptr 0x78df5be00000
furious-puma-1:172841:174313 [5] NCCL INFO Imported shareable buffer device 5 size 2097152 ptr 0x7e4f47a00000
furious-puma-1:172842:174309 [6] NCCL INFO UDS converted handle 0x7f880001dd50 to fd 151 on remote peer 7
furious-puma-1:172839:174311 [3] NCCL INFO Imported shareable buffer device 3 size 2097152 ptr 0x714293a00000
furious-puma-1:172841:174313 [5] NCCL INFO UDS converted handle 0x770c6401f730 to fd 151 on remote peer 6
furious-puma-1:172843:174316 [7] NCCL INFO Imported shareable buffer device 7 size 10485760 ptr 0x7f8959000000
furious-puma-1:172838:174314 [2] NCCL INFO Imported shareable buffer device 2 size 2097152 ptr 0x7c8d69e00000
furious-puma-1:172842:174309 [6] NCCL INFO Imported shareable buffer device 6 size 10485760 ptr 0x770dbf000000
furious-puma-1:172840:174312 [4] NCCL INFO UDS converted handle 0x7e4e7801dd50 to fd 150 on remote peer 5
furious-puma-1:172836:174315 [0] NCCL INFO UDS converted handle 0x78de9401dd50 to fd 160 on remote peer 1
furious-puma-1:172838:174314 [2] NCCL INFO UDS converted handle 0x7141c401dd50 to fd 151 on remote peer 3
furious-puma-1:172837:174310 [1] NCCL INFO UDS converted handle 0x7c8e4801dd50 to fd 149 on remote peer 2
furious-puma-1:172841:174313 [5] NCCL INFO Imported shareable buffer device 5 size 10485760 ptr 0x7e4db7000000
furious-puma-1:172838:174314 [2] NCCL INFO Imported shareable buffer device 2 size 10485760 ptr 0x7c8fa3000000
furious-puma-1:172840:174312 [4] NCCL INFO Imported shareable buffer device 4 size 10485760 ptr 0x7ebecb000000
furious-puma-1:172839:174311 [3] NCCL INFO UDS converted handle 0x7ebd7001f730 to fd 151 on remote peer 4
furious-puma-1:172837:174310 [1] NCCL INFO Imported shareable buffer device 1 size 10485760 ptr 0x78dfef000000
furious-puma-1:172843:174316 [7] NCCL INFO UDS converted handle 0x770c64042bb0 to fd 149 on remote peer 6
furious-puma-1:172836:174315 [0] NCCL INFO Imported shareable buffer device 0 size 10485760 ptr 0x7cdb87000000
furious-puma-1:172842:174309 [6] NCCL INFO UDS converted handle 0x7e4e78042bb0 to fd 151 on remote peer 5
furious-puma-1:172840:174312 [4] NCCL INFO UDS converted handle 0x7141c4042bb0 to fd 147 on remote peer 3
furious-puma-1:172839:174311 [3] NCCL INFO Imported shareable buffer device 3 size 10485760 ptr 0x714327000000
furious-puma-1:172842:174309 [6] NCCL INFO Imported shareable buffer device 6 size 2097152 ptr 0x770d33a00000
furious-puma-1:172843:174316 [7] NCCL INFO Imported shareable buffer device 7 size 2097152 ptr 0x7f88cda00000
furious-puma-1:172838:174314 [2] NCCL INFO UDS converted handle 0x78de94042bb0 to fd 151 on remote peer 1
furious-puma-1:172840:174312 [4] NCCL INFO Imported shareable buffer device 4 size 2097152 ptr 0x7ebe3fa00000
furious-puma-1:172841:174313 [5] NCCL INFO UDS converted handle 0x7ebd70044270 to fd 151 on remote peer 4
furious-puma-1:172837:174310 [1] NCCL INFO UDS converted handle 0x7cda28042bb0 to fd 149 on remote peer 0
furious-puma-1:172836:174315 [0] NCCL INFO UDS converted handle 0x7f8800042bb0 to fd 159 on remote peer 7
furious-puma-1:172839:174311 [3] NCCL INFO UDS converted handle 0x7c8e48044270 to fd 151 on remote peer 2
furious-puma-1:172839:174311 [3] NCCL INFO Imported shareable buffer device 3 size 2097152 ptr 0x714293c00000
furious-puma-1:172837:174310 [1] NCCL INFO Imported shareable buffer device 1 size 2097152 ptr 0x78df63a00000
furious-puma-1:172838:174314 [2] NCCL INFO Imported shareable buffer device 2 size 2097152 ptr 0x7c8f17a00000
furious-puma-1:172841:174313 [5] NCCL INFO Imported shareable buffer device 5 size 2097152 ptr 0x7e4f47c00000
furious-puma-1:172840:174312 [4] NCCL INFO UDS converted handle 0x7e4e7801f730 to fd 147 on remote peer 5
furious-puma-1:172836:174315 [0] NCCL INFO Imported shareable buffer device 0 size 2097152 ptr 0x7cdafba00000
furious-puma-1:172842:174309 [6] NCCL INFO UDS converted handle 0x7f880001f730 to fd 151 on remote peer 7
furious-puma-1:172840:174312 [4] NCCL INFO Imported shareable buffer device 4 size 10485760 ptr 0x7ebed3000000
furious-puma-1:172843:174316 [7] NCCL INFO UDS converted handle 0x7cda2801f730 to fd 149 on remote peer 0
furious-puma-1:172839:174311 [3] NCCL INFO UDS converted handle 0x7ebd70021110 to fd 151 on remote peer 4
furious-puma-1:172836:174315 [0] NCCL INFO UDS converted handle 0x78de9401f730 to fd 160 on remote peer 1
furious-puma-1:172837:174310 [1] NCCL INFO UDS converted handle 0x7c8e4801f730 to fd 149 on remote peer 2
furious-puma-1:172842:174309 [6] NCCL INFO Imported shareable buffer device 6 size 10485760 ptr 0x770ba3000000
furious-puma-1:172841:174313 [5] NCCL INFO UDS converted handle 0x770c64021110 to fd 149 on remote peer 6
furious-puma-1:172838:174314 [2] NCCL INFO UDS converted handle 0x7141c401f730 to fd 151 on remote peer 3
furious-puma-1:172841:174313 [5] NCCL INFO Imported shareable buffer device 5 size 10485760 ptr 0x7e4fdb000000
furious-puma-1:172839:174311 [3] NCCL INFO Imported shareable buffer device 3 size 10485760 ptr 0x714105000000
furious-puma-1:172837:174310 [1] NCCL INFO Imported shareable buffer device 1 size 10485760 ptr 0x78ddd3000000
furious-puma-1:172843:174316 [7] NCCL INFO Imported shareable buffer device 7 size 10485760 ptr 0x7f873d000000
furious-puma-1:172836:174315 [0] NCCL INFO Imported shareable buffer device 0 size 10485760 ptr 0x7cd96b000000
furious-puma-1:172838:174314 [2] NCCL INFO Imported shareable buffer device 2 size 10485760 ptr 0x7c8fab000000
furious-puma-1:172842:174309 [6] NCCL INFO UDS converted handle 0x7e4e78044270 to fd 149 on remote peer 5
furious-puma-1:172840:174312 [4] NCCL INFO UDS converted handle 0x7141c4044270 to fd 152 on remote peer 3
furious-puma-1:172837:174310 [1] NCCL INFO UDS converted handle 0x7cda28044270 to fd 149 on remote peer 0
furious-puma-1:172839:174311 [3] NCCL INFO UDS converted handle 0x7c8e48045a70 to fd 151 on remote peer 2
furious-puma-1:172841:174313 [5] NCCL INFO UDS converted handle 0x7ebd70045a70 to fd 151 on remote peer 4
furious-puma-1:172836:174315 [0] NCCL INFO UDS converted handle 0x7f8800044270 to fd 160 on remote peer 7
furious-puma-1:172843:174316 [7] NCCL INFO UDS converted handle 0x770c64044270 to fd 149 on remote peer 6
furious-puma-1:172842:174309 [6] NCCL INFO Imported shareable buffer device 6 size 2097152 ptr 0x770d33c00000
furious-puma-1:172839:174311 [3] NCCL INFO Imported shareable buffer device 3 size 2097152 ptr 0x714293e00000
furious-puma-1:172836:174315 [0] NCCL INFO Imported shareable buffer device 0 size 2097152 ptr 0x7cdafbc00000
furious-puma-1:172841:174313 [5] NCCL INFO Imported shareable buffer device 5 size 2097152 ptr 0x7e4f47e00000
furious-puma-1:172840:174312 [4] NCCL INFO Imported shareable buffer device 4 size 2097152 ptr 0x7ebe3fc00000
furious-puma-1:172838:174314 [2] NCCL INFO UDS converted handle 0x78de94044270 to fd 151 on remote peer 1
furious-puma-1:172837:174310 [1] NCCL INFO Imported shareable buffer device 1 size 2097152 ptr 0x78df63c00000
furious-puma-1:172839:174311 [3] NCCL INFO UDS converted handle 0x7ebd70022af0 to fd 151 on remote peer 4
furious-puma-1:172838:174314 [2] NCCL INFO Imported shareable buffer device 2 size 2097152 ptr 0x7c8f17c00000
furious-puma-1:172843:174316 [7] NCCL INFO Imported shareable buffer device 7 size 2097152 ptr 0x7f88cdc00000
furious-puma-1:172839:174311 [3] NCCL INFO Imported shareable buffer device 3 size 10485760 ptr 0x71432b400000
furious-puma-1:172842:174309 [6] NCCL INFO UDS converted handle 0x7f8800021110 to fd 152 on remote peer 7
furious-puma-1:172840:174312 [4] NCCL INFO UDS converted handle 0x7e4e78021110 to fd 150 on remote peer 5
furious-puma-1:172841:174313 [5] NCCL INFO UDS converted handle 0x770c64022af0 to fd 151 on remote peer 6
furious-puma-1:172837:174310 [1] NCCL INFO UDS converted handle 0x7c8e48021110 to fd 149 on remote peer 2
furious-puma-1:172840:174312 [4] NCCL INFO Imported shareable buffer device 4 size 10485760 ptr 0x7ebcb1000000
furious-puma-1:172836:174315 [0] NCCL INFO UDS converted handle 0x78de94021110 to fd 160 on remote peer 1
furious-puma-1:172842:174309 [6] NCCL INFO Imported shareable buffer device 6 size 10485760 ptr 0x770dc7000000
furious-puma-1:172838:174314 [2] NCCL INFO UDS converted handle 0x7141c4021110 to fd 151 on remote peer 3
furious-puma-1:172841:174313 [5] NCCL INFO Imported shareable buffer device 5 size 10485760 ptr 0x7e4fdf400000
furious-puma-1:172843:174316 [7] NCCL INFO UDS converted handle 0x7cda28021110 to fd 149 on remote peer 0
furious-puma-1:172837:174310 [1] NCCL INFO Imported shareable buffer device 1 size 10485760 ptr 0x78dff7000000
furious-puma-1:172836:174315 [0] NCCL INFO Imported shareable buffer device 0 size 10485760 ptr 0x7cdb8f000000
furious-puma-1:172841:174313 [5] NCCL INFO UDS converted handle 0x7ebd70047270 to fd 151 on remote peer 4
furious-puma-1:172838:174314 [2] NCCL INFO Imported shareable buffer device 2 size 10485760 ptr 0x7c8d89000000
furious-puma-1:172841:174313 [5] NCCL INFO Imported shareable buffer device 5 size 2097152 ptr 0x7e4f4be00000
furious-puma-1:172839:174311 [3] NCCL INFO UDS converted handle 0x7c8e48047270 to fd 152 on remote peer 2
furious-puma-1:172840:174312 [4] NCCL INFO UDS converted handle 0x7141c4045a70 to fd 150 on remote peer 3
furious-puma-1:172843:174316 [7] NCCL INFO Imported shareable buffer device 7 size 10485760 ptr 0x7f8961000000
furious-puma-1:172836:174315 [0] NCCL INFO UDS converted handle 0x7f8800045a70 to fd 160 on remote peer 7
furious-puma-1:172842:174309 [6] NCCL INFO UDS converted handle 0x7e4e78045a70 to fd 151 on remote peer 5
furious-puma-1:172839:174311 [3] NCCL INFO Imported shareable buffer device 3 size 2097152 ptr 0x714297e00000
furious-puma-1:172836:174315 [0] NCCL INFO Imported shareable buffer device 0 size 2097152 ptr 0x7cdafbe00000
furious-puma-1:172837:174310 [1] NCCL INFO UDS converted handle 0x7cda28045a70 to fd 149 on remote peer 0
furious-puma-1:172840:174312 [4] NCCL INFO Imported shareable buffer device 4 size 2097152 ptr 0x7ebe3fe00000
furious-puma-1:172838:174314 [2] NCCL INFO UDS converted handle 0x78de94045a70 to fd 151 on remote peer 1
furious-puma-1:172841:174313 [5] NCCL INFO UDS converted handle 0x770c640244d0 to fd 151 on remote peer 6
furious-puma-1:172842:174309 [6] NCCL INFO Imported shareable buffer device 6 size 2097152 ptr 0x770d33e00000
furious-puma-1:172837:174310 [1] NCCL INFO Imported shareable buffer device 1 size 2097152 ptr 0x78df63e00000
furious-puma-1:172840:174312 [4] NCCL INFO UDS converted handle 0x7e4e78022af0 to fd 150 on remote peer 5
furious-puma-1:172838:174314 [2] NCCL INFO Imported shareable buffer device 2 size 2097152 ptr 0x7c8f17e00000
furious-puma-1:172843:174316 [7] NCCL INFO UDS converted handle 0x770c64045a70 to fd 149 on remote peer 6
furious-puma-1:172841:174313 [5] NCCL INFO Imported shareable buffer device 5 size 10485760 ptr 0x7e4fe9000000
furious-puma-1:172840:174312 [4] NCCL INFO Imported shareable buffer device 4 size 10485760 ptr 0x7ebed7400000
furious-puma-1:172839:174311 [3] NCCL INFO UDS converted handle 0x7ebd700244d0 to fd 151 on remote peer 4
furious-puma-1:172836:174315 [0] NCCL INFO UDS converted handle 0x78de94022af0 to fd 159 on remote peer 1
furious-puma-1:172842:174309 [6] NCCL INFO UDS converted handle 0x7f8800022af0 to fd 151 on remote peer 7
furious-puma-1:172839:174311 [3] NCCL INFO Imported shareable buffer device 3 size 10485760 ptr 0x714335000000
furious-puma-1:172842:174309 [6] NCCL INFO Imported shareable buffer device 6 size 10485760 ptr 0x770dcb400000
furious-puma-1:172843:174316 [7] NCCL INFO Imported shareable buffer device 7 size 2097152 ptr 0x7f88cde00000
furious-puma-1:172838:174314 [2] NCCL INFO UDS converted handle 0x7141c4022af0 to fd 152 on remote peer 3
furious-puma-1:172837:174310 [1] NCCL INFO UDS converted handle 0x7c8e48022af0 to fd 149 on remote peer 2
furious-puma-1:172836:174315 [0] NCCL INFO Imported shareable buffer device 0 size 10485760 ptr 0x7cdb93400000
furious-puma-1:172838:174314 [2] NCCL INFO Imported shareable buffer device 2 size 10485760 ptr 0x7c8faf400000
furious-puma-1:172837:174310 [1] NCCL INFO Imported shareable buffer device 1 size 10485760 ptr 0x78dffb400000
furious-puma-1:172841:174313 [5] NCCL INFO UDS converted handle 0x7ebd70048930 to fd 151 on remote peer 4
furious-puma-1:172838:174314 [2] NCCL INFO UDS converted handle 0x78de94047270 to fd 151 on remote peer 1
furious-puma-1:172840:174312 [4] NCCL INFO UDS converted handle 0x7141c4047270 to fd 150 on remote peer 3
furious-puma-1:172843:174316 [7] NCCL INFO UDS converted handle 0x7cda28022af0 to fd 149 on remote peer 0
furious-puma-1:172840:174312 [4] NCCL INFO Imported shareable buffer device 4 size 2097152 ptr 0x7ebe43e00000
furious-puma-1:172839:174311 [3] NCCL INFO UDS converted handle 0x7c8e48048930 to fd 147 on remote peer 2
furious-puma-1:172842:174309 [6] NCCL INFO UDS converted handle 0x7e4e78047270 to fd 151 on remote peer 5
furious-puma-1:172838:174314 [2] NCCL INFO Imported shareable buffer device 2 size 2097152 ptr 0x7c8f1be00000
furious-puma-1:172843:174316 [7] NCCL INFO Imported shareable buffer device 7 size 10485760 ptr 0x7f8965400000
furious-puma-1:172836:174315 [0] NCCL INFO UDS converted handle 0x7f8800047270 to fd 160 on remote peer 7
furious-puma-1:172841:174313 [5] NCCL INFO Imported shareable buffer device 5 size 2097152 ptr 0x7e4f55a00000
furious-puma-1:172842:174309 [6] NCCL INFO Imported shareable buffer device 6 size 2097152 ptr 0x770d37e00000
furious-puma-1:172839:174311 [3] NCCL INFO Imported shareable buffer device 3 size 2097152 ptr 0x7142a1a00000
furious-puma-1:172836:174315 [0] NCCL INFO Imported shareable buffer device 0 size 2097152 ptr 0x7cdaffe00000
furious-puma-1:172842:174309 [6] NCCL INFO UDS converted handle 0x7f88000244d0 to fd 151 on remote peer 7
furious-puma-1:172838:174314 [2] NCCL INFO UDS converted handle 0x7141c40244d0 to fd 151 on remote peer 3
furious-puma-1:172837:174310 [1] NCCL INFO UDS converted handle 0x7cda28047270 to fd 149 on remote peer 0
furious-puma-1:172842:174309 [6] NCCL INFO Imported shareable buffer device 6 size 10485760 ptr 0x770dd5000000
furious-puma-1:172843:174316 [7] NCCL INFO UDS converted handle 0x770c64047270 to fd 148 on remote peer 6
furious-puma-1:172840:174312 [4] NCCL INFO UDS converted handle 0x7e4e780244d0 to fd 150 on remote peer 5
furious-puma-1:172843:174316 [7] NCCL INFO Imported shareable buffer device 7 size 2097152 ptr 0x7f88d1e00000
furious-puma-1:172837:174310 [1] NCCL INFO Imported shareable buffer device 1 size 2097152 ptr 0x78df67e00000
furious-puma-1:172840:174312 [4] NCCL INFO Imported shareable buffer device 4 size 10485760 ptr 0x7ebee1000000
furious-puma-1:172839:174311 [3] NCCL INFO UDS converted handle 0x7ebd70025eb0 to fd 151 on remote peer 4
furious-puma-1:172838:174314 [2] NCCL INFO Imported shareable buffer device 2 size 10485760 ptr 0x7c8fb9000000
furious-puma-1:172836:174315 [0] NCCL INFO UDS converted handle 0x78de940244d0 to fd 160 on remote peer 1
furious-puma-1:172836:174315 [0] NCCL INFO Imported shareable buffer device 0 size 10485760 ptr 0x7cdb9d000000
furious-puma-1:172839:174311 [3] NCCL INFO Imported shareable buffer device 3 size 10485760 ptr 0x71433d000000
furious-puma-1:172840:174312 [4] NCCL INFO UDS converted handle 0x7141c4048930 to fd 147 on remote peer 3
furious-puma-1:172837:174310 [1] NCCL INFO UDS converted handle 0x7c8e480244d0 to fd 149 on remote peer 2
furious-puma-1:172841:174313 [5] NCCL INFO UDS converted handle 0x770c64025eb0 to fd 152 on remote peer 6
furious-puma-1:172843:174316 [7] NCCL INFO UDS converted handle 0x7cda280244d0 to fd 150 on remote peer 0
furious-puma-1:172842:174309 [6] NCCL INFO UDS converted handle 0x7e4e78048930 to fd 151 on remote peer 5
furious-puma-1:172836:174315 [0] NCCL INFO UDS converted handle 0x7f8800048930 to fd 160 on remote peer 7
furious-puma-1:172838:174314 [2] NCCL INFO UDS converted handle 0x78de94048930 to fd 151 on remote peer 1
furious-puma-1:172841:174313 [5] NCCL INFO Imported shareable buffer device 5 size 10485760 ptr 0x7e4ff1000000
furious-puma-1:172843:174316 [7] NCCL INFO Imported shareable buffer device 7 size 10485760 ptr 0x7f896f000000
furious-puma-1:172840:174312 [4] NCCL INFO Imported shareable buffer device 4 size 2097152 ptr 0x7ebe4da00000
furious-puma-1:172837:174310 [1] NCCL INFO Imported shareable buffer device 1 size 10485760 ptr 0x78e005000000
furious-puma-1:172838:174314 [2] NCCL INFO Imported shareable buffer device 2 size 2097152 ptr 0x7c8f25a00000
furious-puma-1:172842:174309 [6] NCCL INFO Imported shareable buffer device 6 size 2097152 ptr 0x770d41a00000
furious-puma-1:172836:174315 [0] NCCL INFO Imported shareable buffer device 0 size 2097152 ptr 0x7cdb09a00000
furious-puma-1:172843:174316 [7] NCCL INFO UDS converted handle 0x770c64048930 to fd 149 on remote peer 6
furious-puma-1:172839:174311 [3] NCCL INFO UDS converted handle 0x7c8e4804a130 to fd 151 on remote peer 2
furious-puma-1:172837:174310 [1] NCCL INFO UDS converted handle 0x7cda28048930 to fd 149 on remote peer 0
furious-puma-1:172841:174313 [5] NCCL INFO UDS converted handle 0x7ebd7004a130 to fd 152 on remote peer 4
furious-puma-1:172840:174312 [4] NCCL INFO UDS converted handle 0x7e4e78025eb0 to fd 150 on remote peer 5
furious-puma-1:172838:174314 [2] NCCL INFO UDS converted handle 0x7141c4025eb0 to fd 151 on remote peer 3
furious-puma-1:172843:174316 [7] NCCL INFO Imported shareable buffer device 7 size 2097152 ptr 0x7f88dba00000
furious-puma-1:172842:174309 [6] NCCL INFO UDS converted handle 0x7f8800025eb0 to fd 151 on remote peer 7
furious-puma-1:172841:174313 [5] NCCL INFO Imported shareable buffer device 5 size 2097152 ptr 0x7e4f55c00000
furious-puma-1:172837:174310 [1] NCCL INFO Imported shareable buffer device 1 size 2097152 ptr 0x78df71a00000
furious-puma-1:172836:174315 [0] NCCL INFO UDS converted handle 0x78de94025eb0 to fd 160 on remote peer 1
furious-puma-1:172839:174311 [3] NCCL INFO Imported shareable buffer device 3 size 2097152 ptr 0x7142a1c00000
furious-puma-1:172837:174310 [1] NCCL INFO UDS converted handle 0x7c8e48025eb0 to fd 147 on remote peer 2
furious-puma-1:172840:174312 [4] NCCL INFO Imported shareable buffer device 4 size 10485760 ptr 0x7ebee9000000
furious-puma-1:172841:174313 [5] NCCL INFO UDS converted handle 0x770c64027890 to fd 151 on remote peer 6
furious-puma-1:172836:174315 [0] NCCL INFO Imported shareable buffer device 0 size 10485760 ptr 0x7cdba5000000
furious-puma-1:172838:174314 [2] NCCL INFO Imported shareable buffer device 2 size 10485760 ptr 0x7c8fc1000000
furious-puma-1:172837:174310 [1] NCCL INFO Imported shareable buffer device 1 size 10485760 ptr 0x78e00d000000
furious-puma-1:172842:174309 [6] NCCL INFO Imported shareable buffer device 6 size 10485760 ptr 0x770ddd000000
furious-puma-1:172839:174311 [3] NCCL INFO UDS converted handle 0x7ebd70027890 to fd 152 on remote peer 4
furious-puma-1:172841:174313 [5] NCCL INFO Imported shareable buffer device 5 size 10485760 ptr 0x7e4dbf000000
furious-puma-1:172840:174312 [4] NCCL INFO UDS converted handle 0x7141c404a130 to fd 150 on remote peer 3
furious-puma-1:172843:174316 [7] NCCL INFO UDS converted handle 0x7cda28025eb0 to fd 148 on remote peer 0
furious-puma-1:172836:174315 [0] NCCL INFO UDS converted handle 0x7f880004a130 to fd 160 on remote peer 7
furious-puma-1:172842:174309 [6] NCCL INFO UDS converted handle 0x7e4e7804a130 to fd 151 on remote peer 5
furious-puma-1:172838:174314 [2] NCCL INFO UDS converted handle 0x78de9404a130 to fd 151 on remote peer 1
furious-puma-1:172843:174316 [7] NCCL INFO Imported shareable buffer device 7 size 10485760 ptr 0x7f8977000000
furious-puma-1:172838:174314 [2] NCCL INFO Imported shareable buffer device 2 size 2097152 ptr 0x7c8f25c00000
furious-puma-1:172836:174315 [0] NCCL INFO Imported shareable buffer device 0 size 2097152 ptr 0x7cdb09c00000
furious-puma-1:172840:174312 [4] NCCL INFO Imported shareable buffer device 4 size 2097152 ptr 0x7ebe4dc00000
furious-puma-1:172839:174311 [3] NCCL INFO Imported shareable buffer device 3 size 10485760 ptr 0x714345000000
furious-puma-1:172842:174309 [6] NCCL INFO Imported shareable buffer device 6 size 2097152 ptr 0x770d41c00000
furious-puma-1:172841:174313 [5] NCCL INFO UDS converted handle 0x7ebd7004b930 to fd 151 on remote peer 4
furious-puma-1:172837:174310 [1] NCCL INFO UDS converted handle 0x7cda2804a130 to fd 149 on remote peer 0
furious-puma-1:172842:174309 [6] NCCL INFO UDS converted handle 0x7f8800027890 to fd 151 on remote peer 7
furious-puma-1:172842:174309 [6] NCCL INFO Imported shareable buffer device 6 size 10485760 ptr 0x770bab000000
furious-puma-1:172837:174310 [1] NCCL INFO Imported shareable buffer device 1 size 2097152 ptr 0x78df71c00000
furious-puma-1:172841:174313 [5] NCCL INFO Imported shareable buffer device 5 size 2097152 ptr 0x7e4f55e00000
furious-puma-1:172836:174315 [0] NCCL INFO UDS converted handle 0x78de94027890 to fd 160 on remote peer 1
furious-puma-1:172843:174316 [7] NCCL INFO UDS converted handle 0x770c6404a130 to fd 149 on remote peer 6
furious-puma-1:172838:174314 [2] NCCL INFO UDS converted handle 0x7141c4027890 to fd 152 on remote peer 3
furious-puma-1:172840:174312 [4] NCCL INFO UDS converted handle 0x7e4e78027890 to fd 150 on remote peer 5
furious-puma-1:172839:174311 [3] NCCL INFO UDS converted handle 0x7c8e4804b930 to fd 151 on remote peer 2
furious-puma-1:172836:174315 [0] NCCL INFO Imported shareable buffer device 0 size 10485760 ptr 0x7cd973000000
furious-puma-1:172838:174314 [2] NCCL INFO Imported shareable buffer device 2 size 10485760 ptr 0x7c8fc9000000
furious-puma-1:172839:174311 [3] NCCL INFO Imported shareable buffer device 3 size 2097152 ptr 0x7142a1e00000
furious-puma-1:172843:174316 [7] NCCL INFO Imported shareable buffer device 7 size 2097152 ptr 0x7f88dbc00000
furious-puma-1:172841:174313 [5] NCCL INFO UDS converted handle 0x770c64029270 to fd 149 on remote peer 6
furious-puma-1:172843:174316 [7] NCCL INFO UDS converted handle 0x7cda28027890 to fd 149 on remote peer 0
furious-puma-1:172840:174312 [4] NCCL INFO Imported shareable buffer device 4 size 10485760 ptr 0x7ebef1000000
furious-puma-1:172842:174309 [6] NCCL INFO UDS converted handle 0x7e4e7804b930 to fd 151 on remote peer 5
furious-puma-1:172836:174315 [0] NCCL INFO UDS converted handle 0x7f880004b930 to fd 160 on remote peer 7
furious-puma-1:172841:174313 [5] NCCL INFO Imported shareable buffer device 5 size 10485760 ptr 0x7e4ff5400000
furious-puma-1:172837:174310 [1] NCCL INFO UDS converted handle 0x7c8e48027890 to fd 150 on remote peer 2
furious-puma-1:172839:174311 [3] NCCL INFO UDS converted handle 0x7ebd70029270 to fd 151 on remote peer 4
furious-puma-1:172838:174314 [2] NCCL INFO UDS converted handle 0x78de9404b930 to fd 151 on remote peer 1
furious-puma-1:172843:174316 [7] NCCL INFO Imported shareable buffer device 7 size 10485760 ptr 0x7f8745000000
furious-puma-1:172836:174315 [0] NCCL INFO Imported shareable buffer device 0 size 2097152 ptr 0x7cdb09e00000
furious-puma-1:172840:174312 [4] NCCL INFO UDS converted handle 0x7141c404b930 to fd 150 on remote peer 3
furious-puma-1:172842:174309 [6] NCCL INFO Imported shareable buffer device 6 size 2097152 ptr 0x770d41e00000
furious-puma-1:172839:174311 [3] NCCL INFO Imported shareable buffer device 3 size 10485760 ptr 0x714349400000
furious-puma-1:172837:174310 [1] NCCL INFO Imported shareable buffer device 1 size 10485760 ptr 0x78dddb000000
furious-puma-1:172838:174314 [2] NCCL INFO Imported shareable buffer device 2 size 2097152 ptr 0x7c8f25e00000
furious-puma-1:172841:174313 [5] NCCL INFO UDS converted handle 0x7ebd7004cff0 to fd 151 on remote peer 4
furious-puma-1:172840:174312 [4] NCCL INFO Imported shareable buffer device 4 size 2097152 ptr 0x7ebe4de00000
furious-puma-1:172842:174309 [6] NCCL INFO UDS converted handle 0x7f8800029270 to fd 151 on remote peer 7
furious-puma-1:172837:174310 [1] NCCL INFO UDS converted handle 0x7cda2804b930 to fd 150 on remote peer 0
furious-puma-1:172836:174315 [0] NCCL INFO UDS converted handle 0x78de94029270 to fd 160 on remote peer 1
furious-puma-1:172843:174316 [7] NCCL INFO UDS converted handle 0x770c6404b930 to fd 149 on remote peer 6
furious-puma-1:172842:174309 [6] NCCL INFO Imported shareable buffer device 6 size 10485760 ptr 0x770de1400000
furious-puma-1:172841:174313 [5] NCCL INFO Imported shareable buffer device 5 size 2097152 ptr 0x7e4f5da00000
furious-puma-1:172836:174315 [0] NCCL INFO Imported shareable buffer device 0 size 10485760 ptr 0x7cdba9400000
furious-puma-1:172837:174310 [1] NCCL INFO Imported shareable buffer device 1 size 2097152 ptr 0x78df71e00000
furious-puma-1:172838:174314 [2] NCCL INFO UDS converted handle 0x7141c4029270 to fd 151 on remote peer 3
furious-puma-1:172839:174311 [3] NCCL INFO UDS converted handle 0x7c8e4804cff0 to fd 151 on remote peer 2
furious-puma-1:172840:174312 [4] NCCL INFO UDS converted handle 0x7e4e78029270 to fd 150 on remote peer 5
furious-puma-1:172843:174316 [7] NCCL INFO Imported shareable buffer device 7 size 2097152 ptr 0x7f88dbe00000
furious-puma-1:172838:174314 [2] NCCL INFO Imported shareable buffer device 2 size 10485760 ptr 0x7c8fcd400000
furious-puma-1:172841:174313 [5] NCCL INFO UDS converted handle 0x770c6402ac50 to fd 151 on remote peer 6
furious-puma-1:172840:174312 [4] NCCL INFO Imported shareable buffer device 4 size 10485760 ptr 0x7ebef5400000
furious-puma-1:172839:174311 [3] NCCL INFO Imported shareable buffer device 3 size 2097152 ptr 0x7142a9a00000
furious-puma-1:172842:174309 [6] NCCL INFO UDS converted handle 0x7e4e7804cff0 to fd 151 on remote peer 5
furious-puma-1:172841:174313 [5] NCCL INFO Imported shareable buffer device 5 size 10485760 ptr 0x7e4fff000000
furious-puma-1:172843:174316 [7] NCCL INFO UDS converted handle 0x7cda28029270 to fd 149 on remote peer 0
furious-puma-1:172838:174314 [2] NCCL INFO UDS converted handle 0x78de9404cff0 to fd 151 on remote peer 1
furious-puma-1:172836:174315 [0] NCCL INFO UDS converted handle 0x7f880004cff0 to fd 160 on remote peer 7
furious-puma-1:172837:174310 [1] NCCL INFO UDS converted handle 0x7c8e48029270 to fd 149 on remote peer 2
furious-puma-1:172842:174309 [6] NCCL INFO Imported shareable buffer device 6 size 2097152 ptr 0x770d49a00000
furious-puma-1:172836:174315 [0] NCCL INFO Imported shareable buffer device 0 size 2097152 ptr 0x7cdb11a00000
furious-puma-1:172839:174311 [3] NCCL INFO UDS converted handle 0x7ebd7002ac50 to fd 152 on remote peer 4
furious-puma-1:172840:174312 [4] NCCL INFO UDS converted handle 0x7141c404cff0 to fd 150 on remote peer 3
furious-puma-1:172840:174312 [4] NCCL INFO Imported shareable buffer device 4 size 2097152 ptr 0x7ebe55a00000
furious-puma-1:172843:174316 [7] NCCL INFO Imported shareable buffer device 7 size 10485760 ptr 0x7f897b400000
furious-puma-1:172837:174310 [1] NCCL INFO Imported shareable buffer device 1 size 10485760 ptr 0x78e011400000
furious-puma-1:172838:174314 [2] NCCL INFO Imported shareable buffer device 2 size 2097152 ptr 0x7c8f2da00000
furious-puma-1:172839:174311 [3] NCCL INFO Imported shareable buffer device 3 size 10485760 ptr 0x714353000000
furious-puma-1:172842:174309 [6] NCCL INFO UDS converted handle 0x7f880002ac50 to fd 151 on remote peer 7
furious-puma-1:172836:174315 [0] NCCL INFO UDS converted handle 0x78de9402ac50 to fd 160 on remote peer 1
furious-puma-1:172841:174313 [5] NCCL INFO UDS converted handle 0x7ebd7004e6b0 to fd 152 on remote peer 4
furious-puma-1:172840:174312 [4] NCCL INFO UDS converted handle 0x7e4e7802ac50 to fd 150 on remote peer 5
furious-puma-1:172842:174309 [6] NCCL INFO Imported shareable buffer device 6 size 10485760 ptr 0x770deb000000
furious-puma-1:172843:174316 [7] NCCL INFO UDS converted handle 0x770c6404cff0 to fd 149 on remote peer 6
furious-puma-1:172836:174315 [0] NCCL INFO Imported shareable buffer device 0 size 10485760 ptr 0x7cdbb3000000
furious-puma-1:172840:174312 [4] NCCL INFO Imported shareable buffer device 4 size 10485760 ptr 0x7ebeff000000
furious-puma-1:172837:174310 [1] NCCL INFO UDS converted handle 0x7cda2804cff0 to fd 149 on remote peer 0
furious-puma-1:172838:174314 [2] NCCL INFO UDS converted handle 0x7141c402ac50 to fd 151 on remote peer 3
furious-puma-1:172841:174313 [5] NCCL INFO Imported shareable buffer device 5 size 2097152 ptr 0x7e4f5dc00000
furious-puma-1:172837:174310 [1] NCCL INFO Imported shareable buffer device 1 size 2097152 ptr 0x78df79a00000
furious-puma-1:172839:174311 [3] NCCL INFO UDS converted handle 0x7c8e4804e6b0 to fd 151 on remote peer 2
furious-puma-1:172843:174316 [7] NCCL INFO Imported shareable buffer device 7 size 2097152 ptr 0x7f88e3a00000
furious-puma-1:172839:174311 [3] NCCL INFO Imported shareable buffer device 3 size 2097152 ptr 0x7142a9c00000
furious-puma-1:172838:174314 [2] NCCL INFO Imported shareable buffer device 2 size 10485760 ptr 0x7c8fd7000000
furious-puma-1:172836:174315 [0] NCCL INFO UDS converted handle 0x7f880004e6b0 to fd 159 on remote peer 7
furious-puma-1:172842:174309 [6] NCCL INFO UDS converted handle 0x7e4e7804e6b0 to fd 152 on remote peer 5
furious-puma-1:172840:174312 [4] NCCL INFO UDS converted handle 0x7141c404e6b0 to fd 150 on remote peer 3
furious-puma-1:172837:174310 [1] NCCL INFO UDS converted handle 0x7c8e4802ac50 to fd 149 on remote peer 2
furious-puma-1:172841:174313 [5] NCCL INFO UDS converted handle 0x770c6402c630 to fd 151 on remote peer 6
furious-puma-1:172842:174309 [6] NCCL INFO Imported shareable buffer device 6 size 2097152 ptr 0x770d49c00000
furious-puma-1:172836:174315 [0] NCCL INFO Imported shareable buffer device 0 size 2097152 ptr 0x7cdb11c00000
furious-puma-1:172841:174313 [5] NCCL INFO Imported shareable buffer device 5 size 10485760 ptr 0x7e5007000000
furious-puma-1:172843:174316 [7] NCCL INFO UDS converted handle 0x7cda2802ac50 to fd 149 on remote peer 0
furious-puma-1:172837:174310 [1] NCCL INFO Imported shareable buffer device 1 size 10485760 ptr 0x78e01b000000
furious-puma-1:172839:174311 [3] NCCL INFO UDS converted handle 0x7ebd7002c630 to fd 151 on remote peer 4
furious-puma-1:172840:174312 [4] NCCL INFO Imported shareable buffer device 4 size 2097152 ptr 0x7ebe55c00000
furious-puma-1:172842:174309 [6] NCCL INFO UDS converted handle 0x7f880002c630 to fd 151 on remote peer 7
furious-puma-1:172838:174314 [2] NCCL INFO UDS converted handle 0x78de9404e6b0 to fd 151 on remote peer 1
furious-puma-1:172840:174312 [4] NCCL INFO UDS converted handle 0x7e4e7802c630 to fd 150 on remote peer 5
furious-puma-1:172839:174311 [3] NCCL INFO Imported shareable buffer device 3 size 10485760 ptr 0x71410d000000
furious-puma-1:172841:174313 [5] NCCL INFO UDS converted handle 0x7ebd7004feb0 to fd 151 on remote peer 4
furious-puma-1:172843:174316 [7] NCCL INFO Imported shareable buffer device 7 size 10485760 ptr 0x7f8985000000
furious-puma-1:172842:174309 [6] NCCL INFO Imported shareable buffer device 6 size 10485760 ptr 0x770df3000000
furious-puma-1:172838:174314 [2] NCCL INFO Imported shareable buffer device 2 size 2097152 ptr 0x7c8f2dc00000
furious-puma-1:172840:174312 [4] NCCL INFO Imported shareable buffer device 4 size 10485760 ptr 0x7ebcb9000000
furious-puma-1:172837:174310 [1] NCCL INFO UDS converted handle 0x7cda2804e6b0 to fd 149 on remote peer 0
furious-puma-1:172841:174313 [5] NCCL INFO Imported shareable buffer device 5 size 2097152 ptr 0x7e4f5de00000
furious-puma-1:172836:174315 [0] NCCL INFO UDS converted handle 0x78de9402c630 to fd 159 on remote peer 1
furious-puma-1:172839:174311 [3] NCCL INFO UDS converted handle 0x7c8e4804feb0 to fd 151 on remote peer 2
furious-puma-1:172839:174311 [3] NCCL INFO Imported shareable buffer device 3 size 2097152 ptr 0x7142a9e00000
furious-puma-1:172837:174310 [1] NCCL INFO Imported shareable buffer device 1 size 2097152 ptr 0x78df79c00000
furious-puma-1:172842:174309 [6] NCCL INFO UDS converted handle 0x7e4e7804feb0 to fd 151 on remote peer 5
furious-puma-1:172836:174315 [0] NCCL INFO Imported shareable buffer device 0 size 10485760 ptr 0x7cdbbb000000
furious-puma-1:172843:174316 [7] NCCL INFO UDS converted handle 0x770c6404e6b0 to fd 149 on remote peer 6
furious-puma-1:172838:174314 [2] NCCL INFO UDS converted handle 0x7141c402c630 to fd 151 on remote peer 3
furious-puma-1:172843:174316 [7] NCCL INFO Imported shareable buffer device 7 size 2097152 ptr 0x7f88e3c00000
furious-puma-1:172840:174312 [4] NCCL INFO UDS converted handle 0x7141c404feb0 to fd 150 on remote peer 3
furious-puma-1:172842:174309 [6] NCCL INFO Imported shareable buffer device 6 size 2097152 ptr 0x770d49e00000
furious-puma-1:172841:174313 [5] NCCL INFO UDS converted handle 0x770c6402e010 to fd 151 on remote peer 6
furious-puma-1:172838:174314 [2] NCCL INFO Imported shareable buffer device 2 size 10485760 ptr 0x7c8d91000000
furious-puma-1:172836:174315 [0] NCCL INFO UDS converted handle 0x7f880004feb0 to fd 160 on remote peer 7
furious-puma-1:172839:174311 [3] NCCL INFO UDS converted handle 0x7ebd7002e010 to fd 151 on remote peer 4
furious-puma-1:172840:174312 [4] NCCL INFO Imported shareable buffer device 4 size 2097152 ptr 0x7ebe55e00000
furious-puma-1:172837:174310 [1] NCCL INFO UDS converted handle 0x7c8e4802c630 to fd 149 on remote peer 2
furious-puma-1:172836:174315 [0] NCCL INFO Imported shareable buffer device 0 size 2097152 ptr 0x7cdb11e00000
furious-puma-1:172839:174311 [3] NCCL INFO Imported shareable buffer device 3 size 10485760 ptr 0x71435b000000
furious-puma-1:172841:174313 [5] NCCL INFO Imported shareable buffer device 5 size 10485760 ptr 0x7e500f000000
furious-puma-1:172843:174316 [7] NCCL INFO UDS converted handle 0x7cda2802c630 to fd 149 on remote peer 0
furious-puma-1:172837:174310 [1] NCCL INFO Imported shareable buffer device 1 size 10485760 ptr 0x78e023000000
furious-puma-1:172838:174314 [2] NCCL INFO UDS converted handle 0x78de9404feb0 to fd 151 on remote peer 1
furious-puma-1:172842:174309 [6] NCCL INFO UDS converted handle 0x7f880002e010 to fd 151 on remote peer 7
furious-puma-1:172843:174316 [7] NCCL INFO Imported shareable buffer device 7 size 10485760 ptr 0x7f898d000000
furious-puma-1:172839:174311 [3] NCCL INFO UDS converted handle 0x7c8e480516b0 to fd 151 on remote peer 2
furious-puma-1:172840:174312 [4] NCCL INFO UDS converted handle 0x7e4e7802e010 to fd 152 on remote peer 5
furious-puma-1:172841:174313 [5] NCCL INFO UDS converted handle 0x7ebd700516b0 to fd 151 on remote peer 4
furious-puma-1:172838:174314 [2] NCCL INFO Imported shareable buffer device 2 size 2097152 ptr 0x7c8f2de00000
furious-puma-1:172839:174311 [3] NCCL INFO Imported shareable buffer device 3 size 2097152 ptr 0x7140eda00000
furious-puma-1:172842:174309 [6] NCCL INFO Imported shareable buffer device 6 size 10485760 ptr 0x770dfb000000
furious-puma-1:172841:174313 [5] NCCL INFO Imported shareable buffer device 5 size 2097152 ptr 0x7e4d9fa00000
furious-puma-1:172840:174312 [4] NCCL INFO Imported shareable buffer device 4 size 10485760 ptr 0x7ebf07000000
furious-puma-1:172837:174310 [1] NCCL INFO UDS converted handle 0x7cda2804feb0 to fd 150 on remote peer 0
furious-puma-1:172836:174315 [0] NCCL INFO UDS converted handle 0x78de9402e010 to fd 160 on remote peer 1
furious-puma-1:172838:174314 [2] NCCL INFO UDS converted handle 0x7141c402e010 to fd 151 on remote peer 3
furious-puma-1:172837:174310 [1] NCCL INFO Imported shareable buffer device 1 size 2097152 ptr 0x78df79e00000
furious-puma-1:172842:174309 [6] NCCL INFO UDS converted handle 0x7e4e780516b0 to fd 151 on remote peer 5
furious-puma-1:172843:174316 [7] NCCL INFO UDS converted handle 0x770c6404feb0 to fd 149 on remote peer 6
furious-puma-1:172842:174309 [6] NCCL INFO Imported shareable buffer device 6 size 2097152 ptr 0x770b8ba00000
furious-puma-1:172838:174314 [2] NCCL INFO Imported shareable buffer device 2 size 10485760 ptr 0x7c8fdf000000
furious-puma-1:172836:174315 [0] NCCL INFO Imported shareable buffer device 0 size 10485760 ptr 0x7cdbc3000000
furious-puma-1:172837:174310 [1] NCCL INFO UDS converted handle 0x7c8e4802e010 to fd 149 on remote peer 2
furious-puma-1:172840:174312 [4] NCCL INFO UDS converted handle 0x7141c40516b0 to fd 150 on remote peer 3
furious-puma-1:172843:174316 [7] NCCL INFO Imported shareable buffer device 7 size 2097152 ptr 0x7f88e3e00000
furious-puma-1:172836:174315 [0] NCCL INFO UDS converted handle 0x7f88000516b0 to fd 160 on remote peer 7
furious-puma-1:172840:174312 [4] NCCL INFO Imported shareable buffer device 4 size 2097152 ptr 0x7ebc99a00000
furious-puma-1:172837:174310 [1] NCCL INFO Imported shareable buffer device 1 size 10485760 ptr 0x78e02b000000
furious-puma-1:172843:174316 [7] NCCL INFO UDS converted handle 0x7cda2802e010 to fd 148 on remote peer 0
furious-puma-1:172836:174315 [0] NCCL INFO Imported shareable buffer device 0 size 2097152 ptr 0x7cd953a00000
furious-puma-1:172838:174314 [2] NCCL INFO UDS converted handle 0x78de940516b0 to fd 151 on remote peer 1
furious-puma-1:172843:174316 [7] NCCL INFO Imported shareable buffer device 7 size 10485760 ptr 0x7f8995000000
furious-puma-1:172837:174310 [1] NCCL INFO UDS converted handle 0x7cda280516b0 to fd 149 on remote peer 0
furious-puma-1:172843:174316 [7] NCCL INFO UDS converted handle 0x770c640516b0 to fd 149 on remote peer 6
furious-puma-1:172838:174314 [2] NCCL INFO Imported shareable buffer device 2 size 2097152 ptr 0x7c8d71a00000
furious-puma-1:172837:174310 [1] NCCL INFO Imported shareable buffer device 1 size 2097152 ptr 0x78ddbba00000
furious-puma-1:172843:174316 [7] NCCL INFO Imported shareable buffer device 7 size 2097152 ptr 0x7f8725a00000
furious-puma-1:172838:174314 [2] NCCL INFO Connected all rings, use ring PXN 0 GDR 1
furious-puma-1:172837:174310 [1] NCCL INFO Connected all rings, use ring PXN 0 GDR 1
furious-puma-1:172836:174315 [0] NCCL INFO Connected all rings, use ring PXN 0 GDR 1
furious-puma-1:172839:174311 [3] NCCL INFO Connected all rings, use ring PXN 0 GDR 1
furious-puma-1:172840:174312 [4] NCCL INFO Connected all rings, use ring PXN 0 GDR 1
furious-puma-1:172841:174313 [5] NCCL INFO Connected all rings, use ring PXN 0 GDR 1
furious-puma-1:172843:174316 [7] NCCL INFO Connected all rings, use ring PXN 0 GDR 1
furious-puma-1:172842:174309 [6] NCCL INFO Connected all rings, use ring PXN 0 GDR 1
***** Running training *****
  Num examples = 3,200
  Num Epochs = 10
  Instantaneous batch size per device = 4
  Total train batch size (w. parallel, distributed & accumulation) = 32
  Gradient Accumulation steps = 1
  Total optimization steps = 1,000
  Number of trainable parameters = 8,030,261,248
Automatic Weights & Biases logging enabled, to disable set os.environ["WANDB_DISABLED"] = "true"
wandb: Currently logged in as: alishafique3 (alishafique3-kstate) to https://api.wandb.ai. Use `wandb login --relogin` to force relogin
wandb: setting up run 1kc7xjad
wandb: Tracking run with wandb version 0.23.0
wandb: Run data is saved locally in /home/ubuntu/trl/wandb/run-20251127_050735-1kc7xjad
wandb: Run `wandb offline` to turn off syncing.
wandb: Syncing run phd_deepspeed_zero1_8_bs_4_8b_20251127_050623
wandb: ⭐️ View project at https://wandb.ai/alishafique3-kstate/phd_deepspeed_zero1_8_bs_4_8b
wandb: 🚀 View run at https://wandb.ai/alishafique3-kstate/phd_deepspeed_zero1_8_bs_4_8b/runs/1kc7xjad
  0%|          | 0/1000 [00:00<?, ?it/s]furious-puma-1:172841:174879 [5] NCCL INFO NVLS comm 0x6817fd60 headRank 5 nHeads 8 nvlsRanks 8 buffSize 1048576 nvlsPerRankSize 33554432 nvlsTotalSize 268435456
furious-puma-1:172837:174883 [1] NCCL INFO NVLS comm 0x505540b0 headRank 1 nHeads 8 nvlsRanks 8 buffSize 1048576 nvlsPerRankSize 33554432 nvlsTotalSize 268435456
furious-puma-1:172838:174884 [2] NCCL INFO NVLS comm 0x6283c9d0 headRank 2 nHeads 8 nvlsRanks 8 buffSize 1048576 nvlsPerRankSize 33554432 nvlsTotalSize 268435456
furious-puma-1:172839:174885 [3] NCCL INFO NVLS comm 0x60340e20 headRank 3 nHeads 8 nvlsRanks 8 buffSize 1048576 nvlsPerRankSize 33554432 nvlsTotalSize 268435456
furious-puma-1:172836:174886 [0] NCCL INFO NVLS comm 0x71075460 headRank 0 nHeads 8 nvlsRanks 8 buffSize 1048576 nvlsPerRankSize 33554432 nvlsTotalSize 268435456
furious-puma-1:172843:174887 [7] NCCL INFO NVLS comm 0x8bc1a970 headRank 7 nHeads 8 nvlsRanks 8 buffSize 1048576 nvlsPerRankSize 33554432 nvlsTotalSize 268435456
furious-puma-1:172842:174889 [6] NCCL INFO NVLS comm 0x51849b50 headRank 6 nHeads 8 nvlsRanks 8 buffSize 1048576 nvlsPerRankSize 33554432 nvlsTotalSize 268435456
furious-puma-1:172840:174892 [4] NCCL INFO NVLS comm 0x74fe2a50 headRank 4 nHeads 8 nvlsRanks 8 buffSize 1048576 nvlsPerRankSize 33554432 nvlsTotalSize 268435456
  0%|          | 1/1000 [00:05<1:32:39,  5.56s/it]  0%|          | 2/1000 [00:06<43:11,  2.60s/it]    0%|          | 3/1000 [00:06<26:56,  1.62s/it]  0%|          | 4/1000 [00:07<19:20,  1.17s/it]  0%|          | 5/1000 [00:07<14:56,  1.11it/s]  1%|          | 6/1000 [00:07<12:17,  1.35it/s]  1%|          | 7/1000 [00:08<10:38,  1.55it/s]  1%|          | 8/1000 [00:08<09:39,  1.71it/s]  1%|          | 9/1000 [00:09<08:54,  1.85it/s]  1%|          | 10/1000 [00:09<08:23,  1.97it/s]                                                 {'loss': 1.4395, 'grad_norm': 4.068953514099121, 'learning_rate': 1.982e-05, 'entropy': 1.26484375, 'num_tokens': 34068.0, 'mean_token_accuracy': 0.6813572943210602, 'epoch': 0.1}
  1%|          | 10/1000 [00:09<08:23,  1.97it/s]  1%|          | 11/1000 [00:10<08:01,  2.06it/s]  1%|          | 12/1000 [00:10<07:42,  2.14it/s]  1%|▏         | 13/1000 [00:10<07:29,  2.20it/s]  1%|▏         | 14/1000 [00:11<07:18,  2.25it/s]  2%|▏         | 15/1000 [00:11<07:10,  2.29it/s]  2%|▏         | 16/1000 [00:12<06:58,  2.35it/s]  2%|▏         | 17/1000 [00:12<06:45,  2.43it/s]  2%|▏         | 18/1000 [00:12<06:36,  2.48it/s]  2%|▏         | 19/1000 [00:13<06:31,  2.50it/s]  2%|▏         | 20/1000 [00:13<06:28,  2.52it/s]                                                 {'loss': 1.0221, 'grad_norm': 3.7214314937591553, 'learning_rate': 1.9620000000000002e-05, 'entropy': 0.99140625, 'num_tokens': 66007.0, 'mean_token_accuracy': 0.7410115122795105, 'epoch': 0.2}
  2%|▏         | 20/1000 [00:13<06:28,  2.52it/s]  2%|▏         | 21/1000 [00:14<06:25,  2.54it/s]  2%|▏         | 22/1000 [00:14<06:22,  2.56it/s]  2%|▏         | 23/1000 [00:14<06:20,  2.57it/s]  2%|▏         | 24/1000 [00:15<06:21,  2.56it/s]  2%|▎         | 25/1000 [00:15<06:27,  2.52it/s]  3%|▎         | 26/1000 [00:16<06:22,  2.55it/s]  3%|▎         | 27/1000 [00:16<06:19,  2.56it/s]  3%|▎         | 28/1000 [00:16<06:14,  2.59it/s]  3%|▎         | 29/1000 [00:17<06:09,  2.63it/s]  3%|▎         | 30/1000 [00:17<06:12,  2.60it/s]                                                 {'loss': 1.0491, 'grad_norm': 4.07697057723999, 'learning_rate': 1.942e-05, 'entropy': 0.99140625, 'num_tokens': 98022.0, 'mean_token_accuracy': 0.7352705836296082, 'epoch': 0.3}
  3%|▎         | 30/1000 [00:17<06:12,  2.60it/s]  3%|▎         | 31/1000 [00:17<06:13,  2.59it/s]  3%|▎         | 32/1000 [00:18<06:11,  2.61it/s]  3%|▎         | 33/1000 [00:18<06:11,  2.60it/s]  3%|▎         | 34/1000 [00:19<06:20,  2.54it/s]  4%|▎         | 35/1000 [00:19<06:18,  2.55it/s]  4%|▎         | 36/1000 [00:19<06:20,  2.54it/s]  4%|▎         | 37/1000 [00:20<06:20,  2.53it/s]  4%|▍         | 38/1000 [00:20<06:17,  2.55it/s]  4%|▍         | 39/1000 [00:21<06:12,  2.58it/s]  4%|▍         | 40/1000 [00:21<06:10,  2.59it/s]                                                 {'loss': 1.0988, 'grad_norm': 3.4291326999664307, 'learning_rate': 1.9220000000000002e-05, 'entropy': 1.0453125, 'num_tokens': 132660.0, 'mean_token_accuracy': 0.7216550469398498, 'epoch': 0.4}
  4%|▍         | 40/1000 [00:21<06:10,  2.59it/s]  4%|▍         | 41/1000 [00:21<06:15,  2.55it/s]  4%|▍         | 42/1000 [00:22<06:08,  2.60it/s]  4%|▍         | 43/1000 [00:22<06:06,  2.61it/s]  4%|▍         | 44/1000 [00:23<06:11,  2.57it/s]  4%|▍         | 45/1000 [00:23<06:06,  2.61it/s]  5%|▍         | 46/1000 [00:23<06:11,  2.57it/s]  5%|▍         | 47/1000 [00:24<06:21,  2.50it/s]  5%|▍         | 48/1000 [00:24<06:19,  2.51it/s]  5%|▍         | 49/1000 [00:25<06:32,  2.42it/s]  5%|▌         | 50/1000 [00:25<06:36,  2.40it/s]                                                 {'loss': 1.089, 'grad_norm': 3.939377784729004, 'learning_rate': 1.902e-05, 'entropy': 1.030859375, 'num_tokens': 166188.0, 'mean_token_accuracy': 0.7243245124816895, 'epoch': 0.5}
  5%|▌         | 50/1000 [00:25<06:36,  2.40it/s]  5%|▌         | 51/1000 [00:25<06:29,  2.44it/s]  5%|▌         | 52/1000 [00:26<06:39,  2.37it/s]  5%|▌         | 53/1000 [00:26<06:44,  2.34it/s]  5%|▌         | 54/1000 [00:27<06:40,  2.36it/s]  6%|▌         | 55/1000 [00:27<06:38,  2.37it/s]  6%|▌         | 56/1000 [00:28<06:33,  2.40it/s]  6%|▌         | 57/1000 [00:28<06:26,  2.44it/s]  6%|▌         | 58/1000 [00:28<06:27,  2.43it/s]  6%|▌         | 59/1000 [00:29<06:39,  2.36it/s]  6%|▌         | 60/1000 [00:29<06:37,  2.36it/s]                                                 {'loss': 1.059, 'grad_norm': 3.3287606239318848, 'learning_rate': 1.882e-05, 'entropy': 1.0015625, 'num_tokens': 199528.0, 'mean_token_accuracy': 0.7314756691455842, 'epoch': 0.6}
  6%|▌         | 60/1000 [00:29<06:37,  2.36it/s]  6%|▌         | 61/1000 [00:30<06:35,  2.38it/s]  6%|▌         | 62/1000 [00:30<06:38,  2.35it/s]  6%|▋         | 63/1000 [00:30<06:35,  2.37it/s]  6%|▋         | 64/1000 [00:31<06:33,  2.38it/s]  6%|▋         | 65/1000 [00:31<06:31,  2.39it/s]  7%|▋         | 66/1000 [00:32<06:26,  2.42it/s]  7%|▋         | 67/1000 [00:32<06:11,  2.51it/s]  7%|▋         | 68/1000 [00:32<06:10,  2.52it/s]  7%|▋         | 69/1000 [00:33<06:07,  2.53it/s]  7%|▋         | 70/1000 [00:33<06:04,  2.55it/s]                                                 {'loss': 1.0558, 'grad_norm': 3.089609146118164, 'learning_rate': 1.862e-05, 'entropy': 1.010546875, 'num_tokens': 232373.0, 'mean_token_accuracy': 0.731289267539978, 'epoch': 0.7}
  7%|▋         | 70/1000 [00:33<06:04,  2.55it/s]  7%|▋         | 71/1000 [00:34<06:03,  2.55it/s]  7%|▋         | 72/1000 [00:34<06:09,  2.51it/s]  7%|▋         | 73/1000 [00:34<06:15,  2.47it/s]  7%|▋         | 74/1000 [00:35<06:17,  2.46it/s]  8%|▊         | 75/1000 [00:35<06:19,  2.44it/s]  8%|▊         | 76/1000 [00:36<06:07,  2.52it/s]  8%|▊         | 77/1000 [00:36<06:23,  2.40it/s]  8%|▊         | 78/1000 [00:37<06:22,  2.41it/s]  8%|▊         | 79/1000 [00:37<06:18,  2.43it/s]  8%|▊         | 80/1000 [00:37<06:19,  2.42it/s]                                                 {'loss': 1.047, 'grad_norm': 3.13470196723938, 'learning_rate': 1.8420000000000003e-05, 'entropy': 0.995703125, 'num_tokens': 265204.0, 'mean_token_accuracy': 0.7333321869373322, 'epoch': 0.8}
  8%|▊         | 80/1000 [00:37<06:19,  2.42it/s]  8%|▊         | 81/1000 [00:38<06:09,  2.49it/s]  8%|▊         | 82/1000 [00:38<06:08,  2.49it/s]  8%|▊         | 83/1000 [00:39<06:13,  2.46it/s]  8%|▊         | 84/1000 [00:39<06:02,  2.53it/s]  8%|▊         | 85/1000 [00:39<06:08,  2.48it/s]  9%|▊         | 86/1000 [00:40<06:08,  2.48it/s]  9%|▊         | 87/1000 [00:40<06:01,  2.53it/s]  9%|▉         | 88/1000 [00:41<05:58,  2.55it/s]  9%|▉         | 89/1000 [00:41<05:58,  2.54it/s]  9%|▉         | 90/1000 [00:41<06:12,  2.44it/s]                                                 {'loss': 1.1204, 'grad_norm': 2.9696238040924072, 'learning_rate': 1.8220000000000002e-05, 'entropy': 1.072265625, 'num_tokens': 298785.0, 'mean_token_accuracy': 0.7184234321117401, 'epoch': 0.9}
  9%|▉         | 90/1000 [00:41<06:12,  2.44it/s]  9%|▉         | 91/1000 [00:42<06:08,  2.47it/s]  9%|▉         | 92/1000 [00:42<06:08,  2.46it/s]  9%|▉         | 93/1000 [00:43<06:18,  2.39it/s]  9%|▉         | 94/1000 [00:43<06:14,  2.42it/s] 10%|▉         | 95/1000 [00:43<06:08,  2.46it/s] 10%|▉         | 96/1000 [00:44<06:08,  2.45it/s] 10%|▉         | 97/1000 [00:44<06:13,  2.41it/s] 10%|▉         | 98/1000 [00:45<06:12,  2.42it/s] 10%|▉         | 99/1000 [00:45<06:09,  2.44it/s] 10%|█         | 100/1000 [00:45<06:10,  2.43it/s]                                                  {'loss': 1.0599, 'grad_norm': 3.0230822563171387, 'learning_rate': 1.802e-05, 'entropy': 1.004296875, 'num_tokens': 332170.0, 'mean_token_accuracy': 0.7350111842155457, 'epoch': 1.0}
 10%|█         | 100/1000 [00:45<06:10,  2.43it/s] 10%|█         | 101/1000 [00:46<06:18,  2.38it/s] 10%|█         | 102/1000 [00:46<06:04,  2.47it/s] 10%|█         | 103/1000 [00:47<05:58,  2.50it/s] 10%|█         | 104/1000 [00:47<05:52,  2.54it/s] 10%|█         | 105/1000 [00:47<05:50,  2.55it/s] 11%|█         | 106/1000 [00:48<05:51,  2.55it/s] 11%|█         | 107/1000 [00:48<05:46,  2.58it/s] 11%|█         | 108/1000 [00:49<05:54,  2.52it/s] 11%|█         | 109/1000 [00:49<05:45,  2.58it/s] 11%|█         | 110/1000 [00:49<06:04,  2.44it/s]                                                  {'loss': 0.5022, 'grad_norm': 4.4563093185424805, 'learning_rate': 1.7820000000000002e-05, 'entropy': 0.516015625, 'num_tokens': 366103.0, 'mean_token_accuracy': 0.8617661535739899, 'epoch': 1.1}
 11%|█         | 110/1000 [00:49<06:04,  2.44it/s] 11%|█         | 111/1000 [00:50<06:03,  2.44it/s] 11%|█         | 112/1000 [00:50<05:51,  2.53it/s] 11%|█▏        | 113/1000 [00:51<05:53,  2.51it/s] 11%|█▏        | 114/1000 [00:51<05:55,  2.49it/s] 12%|█▏        | 115/1000 [00:51<05:52,  2.51it/s] 12%|█▏        | 116/1000 [00:52<05:51,  2.51it/s] 12%|█▏        | 117/1000 [00:52<05:47,  2.54it/s] 12%|█▏        | 118/1000 [00:53<05:39,  2.59it/s] 12%|█▏        | 119/1000 [00:53<05:49,  2.52it/s] 12%|█▏        | 120/1000 [00:53<05:47,  2.53it/s]                                                  {'loss': 0.4587, 'grad_norm': 2.622863531112671, 'learning_rate': 1.762e-05, 'entropy': 0.47109375, 'num_tokens': 399611.0, 'mean_token_accuracy': 0.8702578723430634, 'epoch': 1.2}
 12%|█▏        | 120/1000 [00:53<05:47,  2.53it/s] 12%|█▏        | 121/1000 [00:54<05:39,  2.59it/s] 12%|█▏        | 122/1000 [00:54<05:47,  2.53it/s] 12%|█▏        | 123/1000 [00:55<05:50,  2.50it/s] 12%|█▏        | 124/1000 [00:55<05:49,  2.51it/s] 12%|█▎        | 125/1000 [00:55<05:51,  2.49it/s] 13%|█▎        | 126/1000 [00:56<05:49,  2.50it/s] 13%|█▎        | 127/1000 [00:56<05:41,  2.56it/s] 13%|█▎        | 128/1000 [00:57<05:43,  2.54it/s] 13%|█▎        | 129/1000 [00:57<05:50,  2.48it/s] 13%|█▎        | 130/1000 [00:57<05:50,  2.48it/s]                                                  {'loss': 0.4603, 'grad_norm': 2.6833384037017822, 'learning_rate': 1.7420000000000003e-05, 'entropy': 0.446484375, 'num_tokens': 433049.0, 'mean_token_accuracy': 0.8703070998191833, 'epoch': 1.3}
 13%|█▎        | 130/1000 [00:57<05:50,  2.48it/s] 13%|█▎        | 131/1000 [00:58<05:58,  2.42it/s] 13%|█▎        | 132/1000 [00:58<05:57,  2.43it/s] 13%|█▎        | 133/1000 [00:59<05:51,  2.47it/s] 13%|█▎        | 134/1000 [00:59<05:44,  2.52it/s] 14%|█▎        | 135/1000 [00:59<05:44,  2.51it/s] 14%|█▎        | 136/1000 [01:00<05:43,  2.52it/s] 14%|█▎        | 137/1000 [01:00<05:47,  2.48it/s] 14%|█▍        | 138/1000 [01:01<05:44,  2.50it/s] 14%|█▍        | 139/1000 [01:01<05:39,  2.54it/s] 14%|█▍        | 140/1000 [01:01<05:35,  2.56it/s]                                                  {'loss': 0.4683, 'grad_norm': 2.7609312534332275, 'learning_rate': 1.722e-05, 'entropy': 0.4798828125, 'num_tokens': 464570.0, 'mean_token_accuracy': 0.8683896362781525, 'epoch': 1.4}
 14%|█▍        | 140/1000 [01:01<05:35,  2.56it/s] 14%|█▍        | 141/1000 [01:02<05:41,  2.51it/s] 14%|█▍        | 142/1000 [01:02<05:41,  2.52it/s] 14%|█▍        | 143/1000 [01:03<05:39,  2.52it/s] 14%|█▍        | 144/1000 [01:03<05:41,  2.50it/s] 14%|█▍        | 145/1000 [01:03<05:41,  2.50it/s] 15%|█▍        | 146/1000 [01:04<05:38,  2.52it/s] 15%|█▍        | 147/1000 [01:04<05:38,  2.52it/s] 15%|█▍        | 148/1000 [01:05<05:38,  2.52it/s] 15%|█▍        | 149/1000 [01:05<05:34,  2.54it/s] 15%|█▌        | 150/1000 [01:05<05:32,  2.56it/s]                                                  {'loss': 0.5079, 'grad_norm': 3.3816614151000977, 'learning_rate': 1.702e-05, 'entropy': 0.4794921875, 'num_tokens': 498908.0, 'mean_token_accuracy': 0.8594115257263184, 'epoch': 1.5}
 15%|█▌        | 150/1000 [01:05<05:32,  2.56it/s] 15%|█▌        | 151/1000 [01:06<05:27,  2.59it/s] 15%|█▌        | 152/1000 [01:06<05:22,  2.63it/s] 15%|█▌        | 153/1000 [01:06<05:19,  2.65it/s] 15%|█▌        | 154/1000 [01:07<05:21,  2.63it/s] 16%|█▌        | 155/1000 [01:07<05:24,  2.60it/s] 16%|█▌        | 156/1000 [01:08<05:25,  2.59it/s] 16%|█▌        | 157/1000 [01:08<05:29,  2.56it/s] 16%|█▌        | 158/1000 [01:08<05:32,  2.53it/s] 16%|█▌        | 159/1000 [01:09<05:45,  2.44it/s] 16%|█▌        | 160/1000 [01:09<05:43,  2.44it/s]                                                  {'loss': 0.4916, 'grad_norm': 2.8089351654052734, 'learning_rate': 1.682e-05, 'entropy': 0.5201171875, 'num_tokens': 531914.0, 'mean_token_accuracy': 0.8638000249862671, 'epoch': 1.6}
 16%|█▌        | 160/1000 [01:09<05:43,  2.44it/s] 16%|█▌        | 161/1000 [01:10<05:41,  2.46it/s] 16%|█▌        | 162/1000 [01:10<05:38,  2.48it/s] 16%|█▋        | 163/1000 [01:10<05:42,  2.44it/s] 16%|█▋        | 164/1000 [01:11<05:44,  2.43it/s] 16%|█▋        | 165/1000 [01:11<05:37,  2.47it/s] 17%|█▋        | 166/1000 [01:12<05:37,  2.47it/s] 17%|█▋        | 167/1000 [01:12<05:34,  2.49it/s] 17%|█▋        | 168/1000 [01:12<05:06,  2.71it/s] 17%|█▋        | 169/1000 [01:13<05:13,  2.65it/s] 17%|█▋        | 170/1000 [01:13<05:23,  2.57it/s]                                                  {'loss': 0.4703, 'grad_norm': 2.9756734371185303, 'learning_rate': 1.662e-05, 'entropy': 0.4419921875, 'num_tokens': 564962.0, 'mean_token_accuracy': 0.8661694586277008, 'epoch': 1.7}
 17%|█▋        | 170/1000 [01:13<05:23,  2.57it/s] 17%|█▋        | 171/1000 [01:14<05:20,  2.58it/s] 17%|█▋        | 172/1000 [01:14<04:57,  2.79it/s] 17%|█▋        | 173/1000 [01:14<05:07,  2.69it/s] 17%|█▋        | 174/1000 [01:15<05:11,  2.65it/s] 18%|█▊        | 175/1000 [01:15<05:09,  2.67it/s] 18%|█▊        | 176/1000 [01:15<05:12,  2.64it/s] 18%|█▊        | 177/1000 [01:16<05:12,  2.63it/s] 18%|█▊        | 178/1000 [01:16<05:16,  2.59it/s] 18%|█▊        | 179/1000 [01:17<05:12,  2.63it/s] 18%|█▊        | 180/1000 [01:17<05:14,  2.61it/s]                                                  {'loss': 0.4816, 'grad_norm': 2.4512689113616943, 'learning_rate': 1.6420000000000002e-05, 'entropy': 0.5005859375, 'num_tokens': 598829.0, 'mean_token_accuracy': 0.8631707966327667, 'epoch': 1.8}
 18%|█▊        | 180/1000 [01:17<05:14,  2.61it/s] 18%|█▊        | 181/1000 [01:17<05:18,  2.57it/s] 18%|█▊        | 182/1000 [01:18<05:16,  2.59it/s] 18%|█▊        | 183/1000 [01:18<05:21,  2.54it/s] 18%|█▊        | 184/1000 [01:19<05:19,  2.55it/s] 18%|█▊        | 185/1000 [01:19<05:15,  2.59it/s] 19%|█▊        | 186/1000 [01:19<05:08,  2.64it/s] 19%|█▊        | 187/1000 [01:20<05:18,  2.55it/s] 19%|█▉        | 188/1000 [01:20<05:17,  2.56it/s] 19%|█▉        | 189/1000 [01:20<05:18,  2.54it/s] 19%|█▉        | 190/1000 [01:21<05:22,  2.51it/s]                                                  {'loss': 0.4696, 'grad_norm': 2.526733875274658, 'learning_rate': 1.6220000000000004e-05, 'entropy': 0.4689453125, 'num_tokens': 631448.0, 'mean_token_accuracy': 0.8654512405395508, 'epoch': 1.9}
 19%|█▉        | 190/1000 [01:21<05:22,  2.51it/s] 19%|█▉        | 191/1000 [01:21<05:21,  2.52it/s] 19%|█▉        | 192/1000 [01:22<05:21,  2.52it/s] 19%|█▉        | 193/1000 [01:22<05:19,  2.53it/s] 19%|█▉        | 194/1000 [01:22<05:19,  2.52it/s] 20%|█▉        | 195/1000 [01:23<05:20,  2.51it/s] 20%|█▉        | 196/1000 [01:23<05:22,  2.49it/s] 20%|█▉        | 197/1000 [01:24<05:21,  2.50it/s] 20%|█▉        | 198/1000 [01:24<05:19,  2.51it/s] 20%|█▉        | 199/1000 [01:24<05:11,  2.57it/s] 20%|██        | 200/1000 [01:25<05:23,  2.47it/s]                                                  {'loss': 0.4736, 'grad_norm': 2.6116347312927246, 'learning_rate': 1.6020000000000002e-05, 'entropy': 0.47265625, 'num_tokens': 664340.0, 'mean_token_accuracy': 0.8644667208194733, 'epoch': 2.0}
 20%|██        | 200/1000 [01:25<05:23,  2.47it/s] 20%|██        | 201/1000 [01:25<05:28,  2.43it/s] 20%|██        | 202/1000 [01:26<05:15,  2.53it/s] 20%|██        | 203/1000 [01:26<05:12,  2.55it/s] 20%|██        | 204/1000 [01:26<05:04,  2.62it/s] 20%|██        | 205/1000 [01:27<05:18,  2.49it/s] 21%|██        | 206/1000 [01:27<05:16,  2.51it/s] 21%|██        | 207/1000 [01:28<05:18,  2.49it/s] 21%|██        | 208/1000 [01:28<05:15,  2.51it/s] 21%|██        | 209/1000 [01:28<05:07,  2.57it/s] 21%|██        | 210/1000 [01:29<04:44,  2.78it/s]                                                  {'loss': 0.2362, 'grad_norm': 2.341364860534668, 'learning_rate': 1.582e-05, 'entropy': 0.255078125, 'num_tokens': 699709.0, 'mean_token_accuracy': 0.9379739344120026, 'epoch': 2.1}
 21%|██        | 210/1000 [01:29<04:44,  2.78it/s] 21%|██        | 211/1000 [01:29<04:46,  2.76it/s] 21%|██        | 212/1000 [01:29<04:45,  2.76it/s] 21%|██▏       | 213/1000 [01:30<04:50,  2.71it/s] 21%|██▏       | 214/1000 [01:30<04:56,  2.65it/s] 22%|██▏       | 215/1000 [01:31<04:47,  2.73it/s] 22%|██▏       | 216/1000 [01:31<04:59,  2.62it/s] 22%|██▏       | 217/1000 [01:31<04:41,  2.78it/s] 22%|██▏       | 218/1000 [01:32<04:44,  2.74it/s] 22%|██▏       | 219/1000 [01:32<04:49,  2.70it/s] 22%|██▏       | 220/1000 [01:32<04:47,  2.71it/s]                                                  {'loss': 0.2474, 'grad_norm': 1.7344458103179932, 'learning_rate': 1.5620000000000003e-05, 'entropy': 0.25, 'num_tokens': 730609.0, 'mean_token_accuracy': 0.9340886771678925, 'epoch': 2.2}
 22%|██▏       | 220/1000 [01:32<04:47,  2.71it/s] 22%|██▏       | 221/1000 [01:33<04:54,  2.64it/s] 22%|██▏       | 222/1000 [01:33<04:51,  2.67it/s] 22%|██▏       | 223/1000 [01:34<04:54,  2.64it/s] 22%|██▏       | 224/1000 [01:34<04:55,  2.62it/s] 22%|██▎       | 225/1000 [01:34<04:51,  2.66it/s] 23%|██▎       | 226/1000 [01:35<04:57,  2.60it/s] 23%|██▎       | 227/1000 [01:35<04:36,  2.80it/s] 23%|██▎       | 228/1000 [01:35<04:31,  2.85it/s] 23%|██▎       | 229/1000 [01:36<04:40,  2.75it/s] 23%|██▎       | 230/1000 [01:36<04:45,  2.70it/s]                                                  {'loss': 0.2497, 'grad_norm': 2.3493432998657227, 'learning_rate': 1.542e-05, 'entropy': 0.24599609375, 'num_tokens': 763891.0, 'mean_token_accuracy': 0.9346706509590149, 'epoch': 2.3}
 23%|██▎       | 230/1000 [01:36<04:45,  2.70it/s] 23%|██▎       | 231/1000 [01:37<04:47,  2.67it/s] 23%|██▎       | 232/1000 [01:37<04:44,  2.70it/s] 23%|██▎       | 233/1000 [01:37<04:44,  2.70it/s] 23%|██▎       | 234/1000 [01:38<04:36,  2.78it/s] 24%|██▎       | 235/1000 [01:38<04:40,  2.73it/s] 24%|██▎       | 236/1000 [01:38<04:45,  2.67it/s] 24%|██▎       | 237/1000 [01:39<04:45,  2.67it/s] 24%|██▍       | 238/1000 [01:39<04:49,  2.63it/s] 24%|██▍       | 239/1000 [01:39<04:45,  2.67it/s] 24%|██▍       | 240/1000 [01:40<04:49,  2.63it/s]                                                  {'loss': 0.2441, 'grad_norm': 2.1698060035705566, 'learning_rate': 1.5220000000000002e-05, 'entropy': 0.25830078125, 'num_tokens': 796694.0, 'mean_token_accuracy': 0.9332537949085236, 'epoch': 2.4}
 24%|██▍       | 240/1000 [01:40<04:49,  2.63it/s] 24%|██▍       | 241/1000 [01:40<04:50,  2.61it/s] 24%|██▍       | 242/1000 [01:41<04:51,  2.60it/s] 24%|██▍       | 243/1000 [01:41<04:52,  2.59it/s] 24%|██▍       | 244/1000 [01:41<04:49,  2.61it/s] 24%|██▍       | 245/1000 [01:42<04:56,  2.54it/s] 25%|██▍       | 246/1000 [01:42<04:50,  2.59it/s] 25%|██▍       | 247/1000 [01:43<04:49,  2.60it/s] 25%|██▍       | 248/1000 [01:43<04:56,  2.54it/s] 25%|██▍       | 249/1000 [01:43<04:54,  2.55it/s] 25%|██▌       | 250/1000 [01:44<04:53,  2.56it/s]                                                  {'loss': 0.2565, 'grad_norm': 2.901876211166382, 'learning_rate': 1.5020000000000002e-05, 'entropy': 0.2533203125, 'num_tokens': 830324.0, 'mean_token_accuracy': 0.9320653438568115, 'epoch': 2.5}
 25%|██▌       | 250/1000 [01:44<04:53,  2.56it/s] 25%|██▌       | 251/1000 [01:44<04:49,  2.59it/s] 25%|██▌       | 252/1000 [01:45<04:47,  2.60it/s] 25%|██▌       | 253/1000 [01:45<04:47,  2.60it/s] 25%|██▌       | 254/1000 [01:45<04:51,  2.56it/s] 26%|██▌       | 255/1000 [01:46<04:48,  2.58it/s] 26%|██▌       | 256/1000 [01:46<04:51,  2.55it/s] 26%|██▌       | 257/1000 [01:46<04:29,  2.76it/s] 26%|██▌       | 258/1000 [01:47<04:37,  2.68it/s] 26%|██▌       | 259/1000 [01:47<04:29,  2.75it/s] 26%|██▌       | 260/1000 [01:47<04:15,  2.90it/s]                                                  {'loss': 0.2645, 'grad_norm': 1.9585111141204834, 'learning_rate': 1.482e-05, 'entropy': 0.26787109375, 'num_tokens': 865002.0, 'mean_token_accuracy': 0.9279305219650269, 'epoch': 2.6}
 26%|██▌       | 260/1000 [01:47<04:15,  2.90it/s] 26%|██▌       | 261/1000 [01:48<04:24,  2.79it/s] 26%|██▌       | 262/1000 [01:48<04:21,  2.83it/s] 26%|██▋       | 263/1000 [01:49<04:15,  2.89it/s] 26%|██▋       | 264/1000 [01:49<04:29,  2.74it/s] 26%|██▋       | 265/1000 [01:49<04:27,  2.75it/s] 27%|██▋       | 266/1000 [01:50<04:25,  2.76it/s] 27%|██▋       | 267/1000 [01:50<04:26,  2.75it/s] 27%|██▋       | 268/1000 [01:50<04:33,  2.67it/s] 27%|██▋       | 269/1000 [01:51<04:32,  2.68it/s] 27%|██▋       | 270/1000 [01:51<04:30,  2.70it/s]                                                  {'loss': 0.2765, 'grad_norm': 2.468804121017456, 'learning_rate': 1.462e-05, 'entropy': 0.28623046875, 'num_tokens': 897186.0, 'mean_token_accuracy': 0.9285364270210266, 'epoch': 2.7}
 27%|██▋       | 270/1000 [01:51<04:30,  2.70it/s] 27%|██▋       | 271/1000 [01:52<04:33,  2.67it/s] 27%|██▋       | 272/1000 [01:52<04:31,  2.68it/s] 27%|██▋       | 273/1000 [01:52<04:14,  2.86it/s] 27%|██▋       | 274/1000 [01:53<04:11,  2.88it/s] 28%|██▊       | 275/1000 [01:53<04:11,  2.88it/s] 28%|██▊       | 276/1000 [01:53<04:20,  2.78it/s] 28%|██▊       | 277/1000 [01:54<04:23,  2.75it/s] 28%|██▊       | 278/1000 [01:54<04:23,  2.74it/s] 28%|██▊       | 279/1000 [01:54<04:22,  2.74it/s] 28%|██▊       | 280/1000 [01:55<04:23,  2.74it/s]                                                  {'loss': 0.2562, 'grad_norm': 2.2488722801208496, 'learning_rate': 1.4420000000000001e-05, 'entropy': 0.26142578125, 'num_tokens': 930327.0, 'mean_token_accuracy': 0.9310753047466278, 'epoch': 2.8}
 28%|██▊       | 280/1000 [01:55<04:23,  2.74it/s] 28%|██▊       | 281/1000 [01:55<04:40,  2.56it/s] 28%|██▊       | 282/1000 [01:56<04:35,  2.60it/s] 28%|██▊       | 283/1000 [01:56<04:34,  2.61it/s] 28%|██▊       | 284/1000 [01:56<04:39,  2.56it/s] 28%|██▊       | 285/1000 [01:57<04:41,  2.54it/s] 29%|██▊       | 286/1000 [01:57<04:38,  2.57it/s] 29%|██▊       | 287/1000 [01:58<04:46,  2.49it/s] 29%|██▉       | 288/1000 [01:58<04:43,  2.51it/s] 29%|██▉       | 289/1000 [01:58<04:46,  2.48it/s] 29%|██▉       | 290/1000 [01:59<04:33,  2.60it/s]                                                  {'loss': 0.2532, 'grad_norm': 2.603598117828369, 'learning_rate': 1.4220000000000001e-05, 'entropy': 0.2544921875, 'num_tokens': 964165.0, 'mean_token_accuracy': 0.9309029400348663, 'epoch': 2.9}
 29%|██▉       | 290/1000 [01:59<04:33,  2.60it/s] 29%|██▉       | 291/1000 [01:59<04:46,  2.48it/s] 29%|██▉       | 292/1000 [02:00<04:38,  2.55it/s] 29%|██▉       | 293/1000 [02:00<04:18,  2.74it/s] 29%|██▉       | 294/1000 [02:00<04:19,  2.72it/s] 30%|██▉       | 295/1000 [02:01<04:22,  2.68it/s] 30%|██▉       | 296/1000 [02:01<04:24,  2.66it/s] 30%|██▉       | 297/1000 [02:01<04:25,  2.64it/s] 30%|██▉       | 298/1000 [02:02<04:07,  2.84it/s] 30%|██▉       | 299/1000 [02:02<04:15,  2.74it/s] 30%|███       | 300/1000 [02:02<04:16,  2.72it/s]                                                  {'loss': 0.2872, 'grad_norm': 2.3355283737182617, 'learning_rate': 1.402e-05, 'entropy': 0.29375, 'num_tokens': 996510.0, 'mean_token_accuracy': 0.9228448987007141, 'epoch': 3.0}
 30%|███       | 300/1000 [02:02<04:16,  2.72it/s] 30%|███       | 301/1000 [02:03<04:20,  2.68it/s] 30%|███       | 302/1000 [02:03<04:03,  2.86it/s] 30%|███       | 303/1000 [02:03<03:55,  2.96it/s] 30%|███       | 304/1000 [02:04<04:05,  2.84it/s] 30%|███       | 305/1000 [02:04<04:16,  2.71it/s] 31%|███       | 306/1000 [02:05<04:14,  2.73it/s] 31%|███       | 307/1000 [02:05<04:00,  2.88it/s] 31%|███       | 308/1000 [02:05<04:03,  2.84it/s] 31%|███       | 309/1000 [02:06<04:04,  2.83it/s] 31%|███       | 310/1000 [02:06<03:51,  2.97it/s]                                                  {'loss': 0.1761, 'grad_norm': 1.7297608852386475, 'learning_rate': 1.382e-05, 'entropy': 0.17421875, 'num_tokens': 1029296.0, 'mean_token_accuracy': 0.9550802767276764, 'epoch': 3.1}
 31%|███       | 310/1000 [02:06<03:51,  2.97it/s] 31%|███       | 311/1000 [02:06<04:01,  2.85it/s] 31%|███       | 312/1000 [02:07<03:57,  2.89it/s] 31%|███▏      | 313/1000 [02:07<04:06,  2.79it/s] 31%|███▏      | 314/1000 [02:07<04:05,  2.79it/s] 32%|███▏      | 315/1000 [02:08<03:52,  2.95it/s] 32%|███▏      | 316/1000 [02:08<04:11,  2.72it/s] 32%|███▏      | 317/1000 [02:08<04:19,  2.64it/s] 32%|███▏      | 318/1000 [02:09<04:13,  2.69it/s] 32%|███▏      | 319/1000 [02:09<03:57,  2.87it/s] 32%|███▏      | 320/1000 [02:09<04:00,  2.82it/s]                                                  {'loss': 0.1892, 'grad_norm': 1.5670088529586792, 'learning_rate': 1.3620000000000002e-05, 'entropy': 0.184375, 'num_tokens': 1062273.0, 'mean_token_accuracy': 0.9504376769065856, 'epoch': 3.2}
 32%|███▏      | 320/1000 [02:09<04:00,  2.82it/s] 32%|███▏      | 321/1000 [02:10<03:50,  2.95it/s] 32%|███▏      | 322/1000 [02:10<04:01,  2.81it/s] 32%|███▏      | 323/1000 [02:11<04:16,  2.64it/s] 32%|███▏      | 324/1000 [02:11<04:16,  2.63it/s] 32%|███▎      | 325/1000 [02:11<04:18,  2.61it/s] 33%|███▎      | 326/1000 [02:12<04:13,  2.66it/s] 33%|███▎      | 327/1000 [02:12<03:56,  2.85it/s] 33%|███▎      | 328/1000 [02:12<03:58,  2.82it/s] 33%|███▎      | 329/1000 [02:13<03:53,  2.88it/s] 33%|███▎      | 330/1000 [02:13<03:56,  2.83it/s]                                                  {'loss': 0.1664, 'grad_norm': 1.4897468090057373, 'learning_rate': 1.3420000000000002e-05, 'entropy': 0.1845703125, 'num_tokens': 1096147.0, 'mean_token_accuracy': 0.9580540060997009, 'epoch': 3.3}
 33%|███▎      | 330/1000 [02:13<03:56,  2.83it/s] 33%|███▎      | 331/1000 [02:14<04:11,  2.66it/s] 33%|███▎      | 332/1000 [02:14<04:11,  2.66it/s] 33%|███▎      | 333/1000 [02:14<04:13,  2.63it/s] 33%|███▎      | 334/1000 [02:15<04:14,  2.62it/s] 34%|███▎      | 335/1000 [02:15<04:23,  2.53it/s] 34%|███▎      | 336/1000 [02:16<04:23,  2.52it/s] 34%|███▎      | 337/1000 [02:16<04:22,  2.53it/s] 34%|███▍      | 338/1000 [02:16<04:15,  2.59it/s] 34%|███▍      | 339/1000 [02:17<04:11,  2.63it/s] 34%|███▍      | 340/1000 [02:17<04:06,  2.68it/s]                                                  {'loss': 0.1733, 'grad_norm': 1.779860258102417, 'learning_rate': 1.3220000000000002e-05, 'entropy': 0.17177734375, 'num_tokens': 1130570.0, 'mean_token_accuracy': 0.9550416827201843, 'epoch': 3.4}
 34%|███▍      | 340/1000 [02:17<04:06,  2.68it/s] 34%|███▍      | 341/1000 [02:17<04:12,  2.61it/s] 34%|███▍      | 342/1000 [02:18<04:08,  2.65it/s] 34%|███▍      | 343/1000 [02:18<04:07,  2.65it/s] 34%|███▍      | 344/1000 [02:19<04:07,  2.65it/s] 34%|███▍      | 345/1000 [02:19<04:08,  2.64it/s] 35%|███▍      | 346/1000 [02:19<04:04,  2.67it/s] 35%|███▍      | 347/1000 [02:20<03:49,  2.85it/s] 35%|███▍      | 348/1000 [02:20<03:56,  2.76it/s] 35%|███▍      | 349/1000 [02:20<04:11,  2.59it/s] 35%|███▌      | 350/1000 [02:21<04:01,  2.69it/s]                                                  {'loss': 0.1828, 'grad_norm': 1.752915620803833, 'learning_rate': 1.302e-05, 'entropy': 0.18984375, 'num_tokens': 1162614.0, 'mean_token_accuracy': 0.9522011816501618, 'epoch': 3.5}
 35%|███▌      | 350/1000 [02:21<04:01,  2.69it/s] 35%|███▌      | 351/1000 [02:21<03:56,  2.75it/s] 35%|███▌      | 352/1000 [02:21<04:05,  2.64it/s] 35%|███▌      | 353/1000 [02:22<04:12,  2.57it/s] 35%|███▌      | 354/1000 [02:22<03:54,  2.75it/s] 36%|███▌      | 355/1000 [02:23<04:00,  2.68it/s] 36%|███▌      | 356/1000 [02:23<03:53,  2.76it/s] 36%|███▌      | 357/1000 [02:23<03:58,  2.70it/s] 36%|███▌      | 358/1000 [02:24<04:02,  2.65it/s] 36%|███▌      | 359/1000 [02:24<03:46,  2.83it/s] 36%|███▌      | 360/1000 [02:24<03:50,  2.78it/s]                                                  {'loss': 0.1691, 'grad_norm': 1.647627353668213, 'learning_rate': 1.2820000000000001e-05, 'entropy': 0.1771484375, 'num_tokens': 1196787.0, 'mean_token_accuracy': 0.9554043710231781, 'epoch': 3.6}
 36%|███▌      | 360/1000 [02:24<03:50,  2.78it/s] 36%|███▌      | 361/1000 [02:25<04:05,  2.60it/s] 36%|███▌      | 362/1000 [02:25<04:01,  2.64it/s] 36%|███▋      | 363/1000 [02:26<04:00,  2.65it/s] 36%|███▋      | 364/1000 [02:26<04:07,  2.57it/s] 36%|███▋      | 365/1000 [02:26<04:01,  2.63it/s] 37%|███▋      | 366/1000 [02:27<03:44,  2.83it/s] 37%|███▋      | 367/1000 [02:27<03:51,  2.74it/s] 37%|███▋      | 368/1000 [02:27<03:53,  2.71it/s] 37%|███▋      | 369/1000 [02:28<03:38,  2.89it/s] 37%|███▋      | 370/1000 [02:28<03:49,  2.74it/s]                                                  {'loss': 0.1712, 'grad_norm': 1.7848373651504517, 'learning_rate': 1.2620000000000001e-05, 'entropy': 0.1724609375, 'num_tokens': 1229448.0, 'mean_token_accuracy': 0.9558009445667267, 'epoch': 3.7}
 37%|███▋      | 370/1000 [02:28<03:49,  2.74it/s] 37%|███▋      | 371/1000 [02:28<03:45,  2.79it/s] 37%|███▋      | 372/1000 [02:29<03:59,  2.63it/s] 37%|███▋      | 373/1000 [02:29<04:02,  2.59it/s] 37%|███▋      | 374/1000 [02:30<03:54,  2.67it/s] 38%|███▊      | 375/1000 [02:30<03:56,  2.65it/s] 38%|███▊      | 376/1000 [02:30<03:57,  2.63it/s] 38%|███▊      | 377/1000 [02:31<03:57,  2.63it/s] 38%|███▊      | 378/1000 [02:31<03:40,  2.82it/s] 38%|███▊      | 379/1000 [02:31<03:45,  2.75it/s] 38%|███▊      | 380/1000 [02:32<03:56,  2.62it/s]                                                  {'loss': 0.1693, 'grad_norm': 1.620524525642395, 'learning_rate': 1.2420000000000001e-05, 'entropy': 0.1728515625, 'num_tokens': 1264880.0, 'mean_token_accuracy': 0.9571531355381012, 'epoch': 3.8}
 38%|███▊      | 380/1000 [02:32<03:56,  2.62it/s] 38%|███▊      | 381/1000 [02:32<03:56,  2.62it/s] 38%|███▊      | 382/1000 [02:33<03:39,  2.82it/s] 38%|███▊      | 383/1000 [02:33<03:45,  2.73it/s] 38%|███▊      | 384/1000 [02:33<03:46,  2.72it/s] 38%|███▊      | 385/1000 [02:34<03:32,  2.89it/s] 39%|███▊      | 386/1000 [02:34<03:39,  2.80it/s] 39%|███▊      | 387/1000 [02:34<03:42,  2.75it/s] 39%|███▉      | 388/1000 [02:35<03:29,  2.92it/s] 39%|███▉      | 389/1000 [02:35<03:24,  2.99it/s] 39%|███▉      | 390/1000 [02:35<03:17,  3.09it/s]                                                  {'loss': 0.174, 'grad_norm': 1.530219554901123, 'learning_rate': 1.2220000000000002e-05, 'entropy': 0.18291015625, 'num_tokens': 1296914.0, 'mean_token_accuracy': 0.9543440282344818, 'epoch': 3.9}
 39%|███▉      | 390/1000 [02:35<03:17,  3.09it/s] 39%|███▉      | 391/1000 [02:36<03:27,  2.93it/s] 39%|███▉      | 392/1000 [02:36<03:38,  2.79it/s] 39%|███▉      | 393/1000 [02:36<03:42,  2.72it/s] 39%|███▉      | 394/1000 [02:37<03:28,  2.90it/s] 40%|███▉      | 395/1000 [02:37<03:34,  2.82it/s] 40%|███▉      | 396/1000 [02:38<03:39,  2.76it/s] 40%|███▉      | 397/1000 [02:38<03:26,  2.92it/s] 40%|███▉      | 398/1000 [02:38<03:32,  2.83it/s] 40%|███▉      | 399/1000 [02:39<03:49,  2.62it/s] 40%|████      | 400/1000 [02:39<03:42,  2.70it/s]                                                  {'loss': 0.1819, 'grad_norm': 1.4878884553909302, 'learning_rate': 1.202e-05, 'entropy': 0.19033203125, 'num_tokens': 1328680.0, 'mean_token_accuracy': 0.9531183302402496, 'epoch': 4.0}
 40%|████      | 400/1000 [02:39<03:42,  2.70it/s] 40%|████      | 401/1000 [02:39<03:50,  2.60it/s] 40%|████      | 402/1000 [02:40<03:46,  2.65it/s] 40%|████      | 403/1000 [02:40<03:42,  2.69it/s] 40%|████      | 404/1000 [02:40<03:42,  2.68it/s] 40%|████      | 405/1000 [02:41<03:40,  2.70it/s] 41%|████      | 406/1000 [02:41<03:55,  2.53it/s] 41%|████      | 407/1000 [02:42<03:54,  2.52it/s] 41%|████      | 408/1000 [02:42<03:52,  2.55it/s] 41%|████      | 409/1000 [02:42<03:47,  2.60it/s] 41%|████      | 410/1000 [02:43<03:31,  2.79it/s]                                                  {'loss': 0.1287, 'grad_norm': 1.1313003301620483, 'learning_rate': 1.182e-05, 'entropy': 0.1384765625, 'num_tokens': 1363054.0, 'mean_token_accuracy': 0.9665415585041046, 'epoch': 4.1}
 41%|████      | 410/1000 [02:43<03:31,  2.79it/s] 41%|████      | 411/1000 [02:43<03:21,  2.92it/s] 41%|████      | 412/1000 [02:43<03:12,  3.05it/s] 41%|████▏     | 413/1000 [02:44<03:25,  2.86it/s] 41%|████▏     | 414/1000 [02:44<03:26,  2.84it/s] 42%|████▏     | 415/1000 [02:44<03:30,  2.77it/s] 42%|████▏     | 416/1000 [02:45<03:30,  2.77it/s] 42%|████▏     | 417/1000 [02:45<03:24,  2.85it/s] 42%|████▏     | 418/1000 [02:46<03:29,  2.78it/s] 42%|████▏     | 419/1000 [02:46<03:29,  2.78it/s] 42%|████▏     | 420/1000 [02:46<03:29,  2.77it/s]                                                  {'loss': 0.1325, 'grad_norm': 1.298518419265747, 'learning_rate': 1.162e-05, 'entropy': 0.12607421875, 'num_tokens': 1396341.0, 'mean_token_accuracy': 0.9654711425304413, 'epoch': 4.2}
 42%|████▏     | 420/1000 [02:46<03:29,  2.77it/s] 42%|████▏     | 421/1000 [02:47<03:31,  2.74it/s] 42%|████▏     | 422/1000 [02:47<03:35,  2.69it/s] 42%|████▏     | 423/1000 [02:47<03:33,  2.70it/s] 42%|████▏     | 424/1000 [02:48<03:38,  2.64it/s] 42%|████▎     | 425/1000 [02:48<03:29,  2.74it/s] 43%|████▎     | 426/1000 [02:49<03:28,  2.75it/s] 43%|████▎     | 427/1000 [02:49<03:31,  2.70it/s] 43%|████▎     | 428/1000 [02:49<03:30,  2.71it/s] 43%|████▎     | 429/1000 [02:50<03:30,  2.71it/s] 43%|████▎     | 430/1000 [02:50<03:37,  2.63it/s]                                                  {'loss': 0.1262, 'grad_norm': 1.1483898162841797, 'learning_rate': 1.142e-05, 'entropy': 0.139501953125, 'num_tokens': 1430481.0, 'mean_token_accuracy': 0.9669504225254059, 'epoch': 4.3}
 43%|████▎     | 430/1000 [02:50<03:37,  2.63it/s] 43%|████▎     | 431/1000 [02:50<03:21,  2.82it/s] 43%|████▎     | 432/1000 [02:51<03:21,  2.81it/s] 43%|████▎     | 433/1000 [02:51<03:24,  2.78it/s] 43%|████▎     | 434/1000 [02:51<03:24,  2.77it/s] 44%|████▎     | 435/1000 [02:52<03:29,  2.70it/s] 44%|████▎     | 436/1000 [02:52<03:27,  2.71it/s] 44%|████▎     | 437/1000 [02:52<03:15,  2.88it/s] 44%|████▍     | 438/1000 [02:53<03:18,  2.84it/s] 44%|████▍     | 439/1000 [02:53<03:07,  2.99it/s] 44%|████▍     | 440/1000 [02:53<03:11,  2.92it/s]                                                  {'loss': 0.1308, 'grad_norm': 1.3029783964157104, 'learning_rate': 1.1220000000000003e-05, 'entropy': 0.134033203125, 'num_tokens': 1464218.0, 'mean_token_accuracy': 0.9660382866859436, 'epoch': 4.4}
 44%|████▍     | 440/1000 [02:54<03:11,  2.92it/s] 44%|████▍     | 441/1000 [02:54<03:03,  3.05it/s] 44%|████▍     | 442/1000 [02:54<03:07,  2.97it/s] 44%|████▍     | 443/1000 [02:55<03:12,  2.89it/s] 44%|████▍     | 444/1000 [02:55<03:03,  3.03it/s] 44%|████▍     | 445/1000 [02:55<03:02,  3.04it/s] 45%|████▍     | 446/1000 [02:55<03:04,  3.00it/s] 45%|████▍     | 447/1000 [02:56<02:57,  3.11it/s] 45%|████▍     | 448/1000 [02:56<02:53,  3.19it/s] 45%|████▍     | 449/1000 [02:56<03:02,  3.02it/s] 45%|████▌     | 450/1000 [02:57<03:07,  2.93it/s]                                                  {'loss': 0.1397, 'grad_norm': 1.2342767715454102, 'learning_rate': 1.1020000000000001e-05, 'entropy': 0.147119140625, 'num_tokens': 1497011.0, 'mean_token_accuracy': 0.9644555509090423, 'epoch': 4.5}
 45%|████▌     | 450/1000 [02:57<03:07,  2.93it/s] 45%|████▌     | 451/1000 [02:57<03:13,  2.84it/s] 45%|████▌     | 452/1000 [02:58<03:25,  2.66it/s] 45%|████▌     | 453/1000 [02:58<03:23,  2.69it/s] 45%|████▌     | 454/1000 [02:58<03:10,  2.87it/s] 46%|████▌     | 455/1000 [02:59<03:14,  2.80it/s] 46%|████▌     | 456/1000 [02:59<03:20,  2.72it/s] 46%|████▌     | 457/1000 [02:59<03:07,  2.90it/s] 46%|████▌     | 458/1000 [03:00<03:23,  2.66it/s] 46%|████▌     | 459/1000 [03:00<03:27,  2.61it/s] 46%|████▌     | 460/1000 [03:01<03:29,  2.58it/s]                                                  {'loss': 0.1402, 'grad_norm': 1.2030867338180542, 'learning_rate': 1.0820000000000001e-05, 'entropy': 0.144140625, 'num_tokens': 1529104.0, 'mean_token_accuracy': 0.9632737278938294, 'epoch': 4.6}
 46%|████▌     | 460/1000 [03:01<03:29,  2.58it/s] 46%|████▌     | 461/1000 [03:01<03:24,  2.63it/s] 46%|████▌     | 462/1000 [03:01<03:28,  2.58it/s] 46%|████▋     | 463/1000 [03:02<03:24,  2.62it/s] 46%|████▋     | 464/1000 [03:02<03:26,  2.60it/s] 46%|████▋     | 465/1000 [03:03<03:32,  2.51it/s] 47%|████▋     | 466/1000 [03:03<03:31,  2.52it/s] 47%|████▋     | 467/1000 [03:03<03:19,  2.67it/s] 47%|████▋     | 468/1000 [03:04<03:13,  2.75it/s] 47%|████▋     | 469/1000 [03:04<03:20,  2.65it/s] 47%|████▋     | 470/1000 [03:04<03:22,  2.62it/s]                                                  {'loss': 0.137, 'grad_norm': 1.4264973402023315, 'learning_rate': 1.0620000000000002e-05, 'entropy': 0.14326171875, 'num_tokens': 1562780.0, 'mean_token_accuracy': 0.9645969867706299, 'epoch': 4.7}
 47%|████▋     | 470/1000 [03:04<03:22,  2.62it/s] 47%|████▋     | 471/1000 [03:05<03:20,  2.64it/s] 47%|████▋     | 472/1000 [03:05<03:06,  2.82it/s] 47%|████▋     | 473/1000 [03:05<03:08,  2.79it/s] 47%|████▋     | 474/1000 [03:06<02:59,  2.94it/s] 48%|████▊     | 475/1000 [03:06<02:51,  3.05it/s] 48%|████▊     | 476/1000 [03:06<02:57,  2.95it/s] 48%|████▊     | 477/1000 [03:07<02:51,  3.05it/s] 48%|████▊     | 478/1000 [03:07<02:57,  2.95it/s] 48%|████▊     | 479/1000 [03:07<03:00,  2.89it/s] 48%|████▊     | 480/1000 [03:08<03:05,  2.80it/s]                                                  {'loss': 0.138, 'grad_norm': 1.3131505250930786, 'learning_rate': 1.0420000000000002e-05, 'entropy': 0.14638671875, 'num_tokens': 1595328.0, 'mean_token_accuracy': 0.9638854920864105, 'epoch': 4.8}
 48%|████▊     | 480/1000 [03:08<03:05,  2.80it/s] 48%|████▊     | 481/1000 [03:08<03:08,  2.75it/s] 48%|████▊     | 482/1000 [03:08<02:57,  2.92it/s] 48%|████▊     | 483/1000 [03:09<02:49,  3.05it/s] 48%|████▊     | 484/1000 [03:09<02:43,  3.15it/s] 48%|████▊     | 485/1000 [03:09<02:41,  3.19it/s] 49%|████▊     | 486/1000 [03:10<02:38,  3.25it/s] 49%|████▊     | 487/1000 [03:10<02:42,  3.15it/s] 49%|████▉     | 488/1000 [03:10<02:39,  3.21it/s] 49%|████▉     | 489/1000 [03:11<02:49,  3.01it/s] 49%|████▉     | 490/1000 [03:11<02:43,  3.12it/s]                                                  {'loss': 0.138, 'grad_norm': 1.1600792407989502, 'learning_rate': 1.022e-05, 'entropy': 0.140234375, 'num_tokens': 1628587.0, 'mean_token_accuracy': 0.964698988199234, 'epoch': 4.9}
 49%|████▉     | 490/1000 [03:11<02:43,  3.12it/s] 49%|████▉     | 491/1000 [03:11<02:40,  3.18it/s] 49%|████▉     | 492/1000 [03:12<02:51,  2.95it/s] 49%|████▉     | 493/1000 [03:12<02:56,  2.87it/s] 49%|████▉     | 494/1000 [03:12<03:00,  2.80it/s] 50%|████▉     | 495/1000 [03:13<02:51,  2.95it/s] 50%|████▉     | 496/1000 [03:13<02:43,  3.07it/s] 50%|████▉     | 497/1000 [03:13<02:39,  3.16it/s] 50%|████▉     | 498/1000 [03:14<02:50,  2.95it/s] 50%|████▉     | 499/1000 [03:14<02:54,  2.88it/s] 50%|█████     | 500/1000 [03:14<02:57,  2.82it/s]                                                  {'loss': 0.1348, 'grad_norm': 1.176729440689087, 'learning_rate': 1.002e-05, 'entropy': 0.142626953125, 'num_tokens': 1660850.0, 'mean_token_accuracy': 0.9650584995746613, 'epoch': 5.0}
 50%|█████     | 500/1000 [03:14<02:57,  2.82it/s] 50%|█████     | 501/1000 [03:15<03:03,  2.72it/s] 50%|█████     | 502/1000 [03:15<03:11,  2.61it/s] 50%|█████     | 503/1000 [03:16<03:14,  2.56it/s] 50%|█████     | 504/1000 [03:16<02:59,  2.76it/s] 50%|█████     | 505/1000 [03:16<02:49,  2.93it/s] 51%|█████     | 506/1000 [03:17<02:42,  3.05it/s] 51%|█████     | 507/1000 [03:17<02:36,  3.14it/s] 51%|█████     | 508/1000 [03:17<02:46,  2.96it/s] 51%|█████     | 509/1000 [03:18<02:39,  3.07it/s] 51%|█████     | 510/1000 [03:18<02:44,  2.98it/s]                                                  {'loss': 0.1053, 'grad_norm': 1.073251724243164, 'learning_rate': 9.820000000000001e-06, 'entropy': 0.116455078125, 'num_tokens': 1694544.0, 'mean_token_accuracy': 0.9725641131401062, 'epoch': 5.1}
 51%|█████     | 510/1000 [03:18<02:44,  2.98it/s] 51%|█████     | 511/1000 [03:18<02:39,  3.07it/s] 51%|█████     | 512/1000 [03:19<02:50,  2.85it/s] 51%|█████▏    | 513/1000 [03:19<02:44,  2.96it/s] 51%|█████▏    | 514/1000 [03:19<02:46,  2.91it/s] 52%|█████▏    | 515/1000 [03:20<02:41,  3.00it/s] 52%|█████▏    | 516/1000 [03:20<02:44,  2.94it/s] 52%|█████▏    | 517/1000 [03:20<02:54,  2.78it/s] 52%|█████▏    | 518/1000 [03:21<03:06,  2.58it/s] 52%|█████▏    | 519/1000 [03:21<03:06,  2.58it/s] 52%|█████▏    | 520/1000 [03:21<02:52,  2.78it/s]                                                  {'loss': 0.118, 'grad_norm': 1.0702061653137207, 'learning_rate': 9.620000000000001e-06, 'entropy': 0.10703125, 'num_tokens': 1728133.0, 'mean_token_accuracy': 0.9695556819438934, 'epoch': 5.2}
 52%|█████▏    | 520/1000 [03:21<02:52,  2.78it/s] 52%|█████▏    | 521/1000 [03:22<02:53,  2.76it/s] 52%|█████▏    | 522/1000 [03:22<02:46,  2.87it/s] 52%|█████▏    | 523/1000 [03:22<02:38,  3.01it/s] 52%|█████▏    | 524/1000 [03:23<02:34,  3.08it/s] 52%|█████▎    | 525/1000 [03:23<02:42,  2.93it/s] 53%|█████▎    | 526/1000 [03:23<02:34,  3.06it/s] 53%|█████▎    | 527/1000 [03:24<02:40,  2.94it/s] 53%|█████▎    | 528/1000 [03:24<02:48,  2.80it/s] 53%|█████▎    | 529/1000 [03:24<02:39,  2.96it/s] 53%|█████▎    | 530/1000 [03:25<02:32,  3.08it/s]                                                  {'loss': 0.1079, 'grad_norm': 0.8928762078285217, 'learning_rate': 9.42e-06, 'entropy': 0.118408203125, 'num_tokens': 1761688.0, 'mean_token_accuracy': 0.9716571927070617, 'epoch': 5.3}
 53%|█████▎    | 530/1000 [03:25<02:32,  3.08it/s] 53%|█████▎    | 531/1000 [03:25<02:48,  2.78it/s] 53%|█████▎    | 532/1000 [03:26<02:39,  2.93it/s] 53%|█████▎    | 533/1000 [03:26<02:33,  3.05it/s] 53%|█████▎    | 534/1000 [03:26<02:28,  3.15it/s] 54%|█████▎    | 535/1000 [03:27<02:40,  2.89it/s] 54%|█████▎    | 536/1000 [03:27<02:33,  3.03it/s] 54%|█████▎    | 537/1000 [03:27<02:39,  2.91it/s] 54%|█████▍    | 538/1000 [03:28<02:45,  2.78it/s] 54%|█████▍    | 539/1000 [03:28<02:37,  2.92it/s] 54%|█████▍    | 540/1000 [03:28<02:40,  2.86it/s]                                                  {'loss': 0.1168, 'grad_norm': 1.5600517988204956, 'learning_rate': 9.220000000000002e-06, 'entropy': 0.119482421875, 'num_tokens': 1793756.0, 'mean_token_accuracy': 0.9693692743778228, 'epoch': 5.4}
 54%|█████▍    | 540/1000 [03:28<02:40,  2.86it/s] 54%|█████▍    | 541/1000 [03:29<02:32,  3.00it/s] 54%|█████▍    | 542/1000 [03:29<02:47,  2.73it/s] 54%|█████▍    | 543/1000 [03:29<02:37,  2.89it/s] 54%|█████▍    | 544/1000 [03:30<02:43,  2.79it/s] 55%|█████▍    | 545/1000 [03:30<02:46,  2.73it/s] 55%|█████▍    | 546/1000 [03:30<02:43,  2.78it/s] 55%|█████▍    | 547/1000 [03:31<02:34,  2.93it/s] 55%|█████▍    | 548/1000 [03:31<02:36,  2.89it/s] 55%|█████▍    | 549/1000 [03:31<02:46,  2.71it/s] 55%|█████▌    | 550/1000 [03:32<02:41,  2.78it/s]                                                  {'loss': 0.1141, 'grad_norm': 0.9241564273834229, 'learning_rate': 9.020000000000002e-06, 'entropy': 0.11884765625, 'num_tokens': 1826770.0, 'mean_token_accuracy': 0.9703175306320191, 'epoch': 5.5}
 55%|█████▌    | 550/1000 [03:32<02:41,  2.78it/s] 55%|█████▌    | 551/1000 [03:32<02:45,  2.71it/s] 55%|█████▌    | 552/1000 [03:33<02:45,  2.70it/s] 55%|█████▌    | 553/1000 [03:33<02:46,  2.69it/s] 55%|█████▌    | 554/1000 [03:33<02:48,  2.64it/s] 56%|█████▌    | 555/1000 [03:34<02:37,  2.83it/s] 56%|█████▌    | 556/1000 [03:34<02:49,  2.63it/s] 56%|█████▌    | 557/1000 [03:34<02:46,  2.66it/s] 56%|█████▌    | 558/1000 [03:35<02:52,  2.56it/s] 56%|█████▌    | 559/1000 [03:35<02:49,  2.60it/s] 56%|█████▌    | 560/1000 [03:36<02:49,  2.60it/s]                                                  {'loss': 0.1178, 'grad_norm': 1.0819251537322998, 'learning_rate': 8.82e-06, 'entropy': 0.124462890625, 'num_tokens': 1861015.0, 'mean_token_accuracy': 0.9692752242088318, 'epoch': 5.6}
 56%|█████▌    | 560/1000 [03:36<02:49,  2.60it/s] 56%|█████▌    | 561/1000 [03:36<02:45,  2.65it/s] 56%|█████▌    | 562/1000 [03:36<02:34,  2.83it/s] 56%|█████▋    | 563/1000 [03:37<02:36,  2.79it/s] 56%|█████▋    | 564/1000 [03:37<02:29,  2.91it/s] 56%|█████▋    | 565/1000 [03:37<02:23,  3.03it/s] 57%|█████▋    | 566/1000 [03:38<02:31,  2.87it/s] 57%|█████▋    | 567/1000 [03:38<02:23,  3.01it/s] 57%|█████▋    | 568/1000 [03:38<02:18,  3.12it/s] 57%|█████▋    | 569/1000 [03:39<02:16,  3.16it/s] 57%|█████▋    | 570/1000 [03:39<02:22,  3.01it/s]                                                  {'loss': 0.1166, 'grad_norm': 1.0682308673858643, 'learning_rate': 8.62e-06, 'entropy': 0.119091796875, 'num_tokens': 1893848.0, 'mean_token_accuracy': 0.9692470848560333, 'epoch': 5.7}
 57%|█████▋    | 570/1000 [03:39<02:22,  3.01it/s] 57%|█████▋    | 571/1000 [03:39<02:17,  3.12it/s] 57%|█████▋    | 572/1000 [03:40<02:13,  3.20it/s] 57%|█████▋    | 573/1000 [03:40<02:20,  3.05it/s] 57%|█████▋    | 574/1000 [03:40<02:15,  3.15it/s] 57%|█████▊    | 575/1000 [03:40<02:13,  3.19it/s] 58%|█████▊    | 576/1000 [03:41<02:23,  2.95it/s] 58%|█████▊    | 577/1000 [03:41<02:30,  2.81it/s] 58%|█████▊    | 578/1000 [03:42<02:27,  2.86it/s] 58%|█████▊    | 579/1000 [03:42<02:32,  2.77it/s] 58%|█████▊    | 580/1000 [03:42<02:37,  2.67it/s]                                                  {'loss': 0.1159, 'grad_norm': 0.7390080094337463, 'learning_rate': 8.42e-06, 'entropy': 0.11650390625, 'num_tokens': 1926894.0, 'mean_token_accuracy': 0.9699394464492798, 'epoch': 5.8}
 58%|█████▊    | 580/1000 [03:42<02:37,  2.67it/s] 58%|█████▊    | 581/1000 [03:43<02:26,  2.85it/s] 58%|█████▊    | 582/1000 [03:43<02:19,  3.00it/s] 58%|█████▊    | 583/1000 [03:43<02:14,  3.10it/s] 58%|█████▊    | 584/1000 [03:44<02:23,  2.89it/s] 58%|█████▊    | 585/1000 [03:44<02:20,  2.95it/s] 59%|█████▊    | 586/1000 [03:44<02:14,  3.07it/s] 59%|█████▊    | 587/1000 [03:45<02:24,  2.85it/s] 59%|█████▉    | 588/1000 [03:45<02:17,  2.99it/s] 59%|█████▉    | 589/1000 [03:45<02:12,  3.10it/s] 59%|█████▉    | 590/1000 [03:46<02:08,  3.19it/s]                                                  {'loss': 0.1223, 'grad_norm': 1.0005967617034912, 'learning_rate': 8.220000000000001e-06, 'entropy': 0.12998046875, 'num_tokens': 1958996.0, 'mean_token_accuracy': 0.9684013962745667, 'epoch': 5.9}
 59%|█████▉    | 590/1000 [03:46<02:08,  3.19it/s] 59%|█████▉    | 591/1000 [03:46<02:12,  3.09it/s] 59%|█████▉    | 592/1000 [03:46<02:09,  3.16it/s] 59%|█████▉    | 593/1000 [03:47<02:07,  3.18it/s] 59%|█████▉    | 594/1000 [03:47<02:05,  3.25it/s] 60%|█████▉    | 595/1000 [03:47<02:12,  3.06it/s] 60%|█████▉    | 596/1000 [03:48<02:08,  3.14it/s] 60%|█████▉    | 597/1000 [03:48<02:13,  3.02it/s] 60%|█████▉    | 598/1000 [03:48<02:19,  2.88it/s] 60%|█████▉    | 599/1000 [03:49<02:22,  2.82it/s] 60%|██████    | 600/1000 [03:49<02:26,  2.72it/s]                                                  {'loss': 0.1136, 'grad_norm': 1.0878208875656128, 'learning_rate': 8.020000000000001e-06, 'entropy': 0.118603515625, 'num_tokens': 1993020.0, 'mean_token_accuracy': 0.9707150936126709, 'epoch': 6.0}
 60%|██████    | 600/1000 [03:49<02:26,  2.72it/s] 60%|██████    | 601/1000 [03:49<02:28,  2.69it/s] 60%|██████    | 602/1000 [03:50<02:18,  2.87it/s] 60%|██████    | 603/1000 [03:50<02:11,  3.01it/s] 60%|██████    | 604/1000 [03:50<02:13,  2.97it/s] 60%|██████    | 605/1000 [03:51<02:17,  2.87it/s] 61%|██████    | 606/1000 [03:51<02:19,  2.83it/s] 61%|██████    | 607/1000 [03:51<02:15,  2.91it/s] 61%|██████    | 608/1000 [03:52<02:08,  3.04it/s] 61%|██████    | 609/1000 [03:52<02:05,  3.13it/s] 61%|██████    | 610/1000 [03:52<02:03,  3.17it/s]                                                  {'loss': 0.0948, 'grad_norm': 0.9014902710914612, 'learning_rate': 7.820000000000001e-06, 'entropy': 0.106103515625, 'num_tokens': 2025707.0, 'mean_token_accuracy': 0.9742510378360748, 'epoch': 6.1}
 61%|██████    | 610/1000 [03:52<02:03,  3.17it/s] 61%|██████    | 611/1000 [03:53<02:00,  3.24it/s] 61%|██████    | 612/1000 [03:53<02:09,  2.99it/s] 61%|██████▏   | 613/1000 [03:53<02:04,  3.11it/s] 61%|██████▏   | 614/1000 [03:54<02:21,  2.73it/s] 62%|██████▏   | 615/1000 [03:54<02:24,  2.66it/s] 62%|██████▏   | 616/1000 [03:54<02:14,  2.84it/s] 62%|██████▏   | 617/1000 [03:55<02:07,  2.99it/s] 62%|██████▏   | 618/1000 [03:55<02:11,  2.91it/s] 62%|██████▏   | 619/1000 [03:55<02:05,  3.04it/s] 62%|██████▏   | 620/1000 [03:56<02:00,  3.14it/s]                                                  {'loss': 0.0984, 'grad_norm': 2.257528066635132, 'learning_rate': 7.620000000000001e-06, 'entropy': 0.102734375, 'num_tokens': 2058217.0, 'mean_token_accuracy': 0.973304706811905, 'epoch': 6.2}
 62%|██████▏   | 620/1000 [03:56<02:00,  3.14it/s] 62%|██████▏   | 621/1000 [03:56<01:57,  3.22it/s] 62%|██████▏   | 622/1000 [03:56<01:55,  3.27it/s] 62%|██████▏   | 623/1000 [03:57<01:53,  3.31it/s] 62%|██████▏   | 624/1000 [03:57<01:52,  3.34it/s] 62%|██████▎   | 625/1000 [03:57<01:58,  3.16it/s] 63%|██████▎   | 626/1000 [03:58<02:02,  3.05it/s] 63%|██████▎   | 627/1000 [03:58<01:58,  3.15it/s] 63%|██████▎   | 628/1000 [03:58<02:00,  3.08it/s] 63%|██████▎   | 629/1000 [03:59<02:07,  2.90it/s] 63%|██████▎   | 630/1000 [03:59<02:16,  2.72it/s]                                                  {'loss': 0.0995, 'grad_norm': 0.7274271249771118, 'learning_rate': 7.420000000000001e-06, 'entropy': 0.09921875, 'num_tokens': 2091124.0, 'mean_token_accuracy': 0.9734874665737152, 'epoch': 6.3}
 63%|██████▎   | 630/1000 [03:59<02:16,  2.72it/s] 63%|██████▎   | 631/1000 [03:59<02:18,  2.67it/s] 63%|██████▎   | 632/1000 [04:00<02:09,  2.84it/s] 63%|██████▎   | 633/1000 [04:00<02:02,  2.98it/s] 63%|██████▎   | 634/1000 [04:00<02:00,  3.05it/s] 64%|██████▎   | 635/1000 [04:01<01:57,  3.12it/s] 64%|██████▎   | 636/1000 [04:01<01:55,  3.16it/s] 64%|██████▎   | 637/1000 [04:01<02:00,  3.01it/s] 64%|██████▍   | 638/1000 [04:02<01:58,  3.07it/s] 64%|██████▍   | 639/1000 [04:02<02:04,  2.90it/s] 64%|██████▍   | 640/1000 [04:02<01:59,  3.01it/s]                                                  {'loss': 0.1019, 'grad_norm': 0.7884639501571655, 'learning_rate': 7.22e-06, 'entropy': 0.108349609375, 'num_tokens': 2125253.0, 'mean_token_accuracy': 0.9730472266674042, 'epoch': 6.4}
 64%|██████▍   | 640/1000 [04:02<01:59,  3.01it/s] 64%|██████▍   | 641/1000 [04:03<01:55,  3.11it/s] 64%|██████▍   | 642/1000 [04:03<01:52,  3.19it/s] 64%|██████▍   | 643/1000 [04:03<01:49,  3.25it/s] 64%|██████▍   | 644/1000 [04:03<01:47,  3.30it/s] 64%|██████▍   | 645/1000 [04:04<01:57,  3.01it/s] 65%|██████▍   | 646/1000 [04:04<02:00,  2.93it/s] 65%|██████▍   | 647/1000 [04:05<02:02,  2.87it/s] 65%|██████▍   | 648/1000 [04:05<01:58,  2.97it/s] 65%|██████▍   | 649/1000 [04:05<02:03,  2.84it/s] 65%|██████▌   | 650/1000 [04:06<01:57,  2.99it/s]                                                  {'loss': 0.103, 'grad_norm': 0.7570294737815857, 'learning_rate': 7.0200000000000006e-06, 'entropy': 0.11103515625, 'num_tokens': 2157017.0, 'mean_token_accuracy': 0.9724130451679229, 'epoch': 6.5}
 65%|██████▌   | 650/1000 [04:06<01:57,  2.99it/s] 65%|██████▌   | 651/1000 [04:06<01:52,  3.10it/s] 65%|██████▌   | 652/1000 [04:06<01:49,  3.19it/s] 65%|██████▌   | 653/1000 [04:07<01:55,  3.01it/s] 65%|██████▌   | 654/1000 [04:07<01:59,  2.89it/s] 66%|██████▌   | 655/1000 [04:07<02:02,  2.81it/s] 66%|██████▌   | 656/1000 [04:08<02:02,  2.80it/s] 66%|██████▌   | 657/1000 [04:08<02:02,  2.80it/s] 66%|██████▌   | 658/1000 [04:08<01:56,  2.94it/s] 66%|██████▌   | 659/1000 [04:09<01:54,  2.97it/s] 66%|██████▌   | 660/1000 [04:09<01:50,  3.06it/s]                                                  {'loss': 0.1026, 'grad_norm': 0.7602345943450928, 'learning_rate': 6.820000000000001e-06, 'entropy': 0.107177734375, 'num_tokens': 2189445.0, 'mean_token_accuracy': 0.9725661754608155, 'epoch': 6.6}
 66%|██████▌   | 660/1000 [04:09<01:50,  3.06it/s] 66%|██████▌   | 661/1000 [04:09<02:01,  2.80it/s] 66%|██████▌   | 662/1000 [04:10<01:54,  2.95it/s] 66%|██████▋   | 663/1000 [04:10<01:49,  3.07it/s] 66%|██████▋   | 664/1000 [04:10<01:46,  3.16it/s] 66%|██████▋   | 665/1000 [04:11<01:43,  3.22it/s] 67%|██████▋   | 666/1000 [04:11<01:49,  3.04it/s] 67%|██████▋   | 667/1000 [04:11<01:46,  3.13it/s] 67%|██████▋   | 668/1000 [04:12<01:52,  2.94it/s] 67%|██████▋   | 669/1000 [04:12<01:50,  2.99it/s] 67%|██████▋   | 670/1000 [04:12<01:55,  2.86it/s]                                                  {'loss': 0.1061, 'grad_norm': 0.7629015445709229, 'learning_rate': 6.620000000000001e-06, 'entropy': 0.107421875, 'num_tokens': 2222157.0, 'mean_token_accuracy': 0.9719224572181702, 'epoch': 6.7}
 67%|██████▋   | 670/1000 [04:12<01:55,  2.86it/s] 67%|██████▋   | 671/1000 [04:13<01:50,  2.97it/s] 67%|██████▋   | 672/1000 [04:13<01:47,  3.04it/s] 67%|██████▋   | 673/1000 [04:13<01:45,  3.10it/s] 67%|██████▋   | 674/1000 [04:14<01:42,  3.17it/s] 68%|██████▊   | 675/1000 [04:14<01:49,  2.96it/s] 68%|██████▊   | 676/1000 [04:14<01:45,  3.07it/s] 68%|██████▊   | 677/1000 [04:15<01:42,  3.15it/s] 68%|██████▊   | 678/1000 [04:15<01:40,  3.22it/s] 68%|██████▊   | 679/1000 [04:15<01:44,  3.06it/s] 68%|██████▊   | 680/1000 [04:16<01:41,  3.14it/s]                                                  {'loss': 0.0964, 'grad_norm': 0.6705480217933655, 'learning_rate': 6.42e-06, 'entropy': 0.103759765625, 'num_tokens': 2258276.0, 'mean_token_accuracy': 0.9747947037220002, 'epoch': 6.8}
 68%|██████▊   | 680/1000 [04:16<01:41,  3.14it/s] 68%|██████▊   | 681/1000 [04:16<01:39,  3.20it/s] 68%|██████▊   | 682/1000 [04:16<01:38,  3.22it/s] 68%|██████▊   | 683/1000 [04:16<01:36,  3.27it/s] 68%|██████▊   | 684/1000 [04:17<01:46,  2.98it/s] 68%|██████▊   | 685/1000 [04:17<01:41,  3.09it/s] 69%|██████▊   | 686/1000 [04:17<01:40,  3.14it/s] 69%|██████▊   | 687/1000 [04:18<01:37,  3.20it/s] 69%|██████▉   | 688/1000 [04:18<01:35,  3.25it/s] 69%|██████▉   | 689/1000 [04:18<01:34,  3.30it/s] 69%|██████▉   | 690/1000 [04:19<01:42,  3.04it/s]                                                  {'loss': 0.1042, 'grad_norm': 0.6440902352333069, 'learning_rate': 6.220000000000001e-06, 'entropy': 0.109521484375, 'num_tokens': 2291640.0, 'mean_token_accuracy': 0.9724026560783386, 'epoch': 6.9}
 69%|██████▉   | 690/1000 [04:19<01:42,  3.04it/s] 69%|██████▉   | 691/1000 [04:19<01:44,  2.95it/s] 69%|██████▉   | 692/1000 [04:20<01:54,  2.69it/s] 69%|██████▉   | 693/1000 [04:20<01:46,  2.88it/s] 69%|██████▉   | 694/1000 [04:20<01:52,  2.73it/s] 70%|██████▉   | 695/1000 [04:21<01:45,  2.90it/s] 70%|██████▉   | 696/1000 [04:21<01:49,  2.78it/s] 70%|██████▉   | 697/1000 [04:21<01:52,  2.70it/s] 70%|██████▉   | 698/1000 [04:22<01:45,  2.88it/s] 70%|██████▉   | 699/1000 [04:22<01:39,  3.01it/s] 70%|███████   | 700/1000 [04:22<01:44,  2.87it/s]                                                  {'loss': 0.1029, 'grad_norm': 0.614635169506073, 'learning_rate': 6.02e-06, 'entropy': 0.1080078125, 'num_tokens': 2325190.0, 'mean_token_accuracy': 0.9728537976741791, 'epoch': 7.0}
 70%|███████   | 700/1000 [04:22<01:44,  2.87it/s] 70%|███████   | 701/1000 [04:23<01:40,  2.99it/s] 70%|███████   | 702/1000 [04:23<01:44,  2.84it/s] 70%|███████   | 703/1000 [04:23<01:52,  2.65it/s] 70%|███████   | 704/1000 [04:24<01:52,  2.63it/s] 70%|███████   | 705/1000 [04:24<01:44,  2.83it/s] 71%|███████   | 706/1000 [04:24<01:47,  2.73it/s] 71%|███████   | 707/1000 [04:25<01:41,  2.89it/s] 71%|███████   | 708/1000 [04:25<01:48,  2.70it/s] 71%|███████   | 709/1000 [04:26<01:45,  2.77it/s] 71%|███████   | 710/1000 [04:26<01:39,  2.90it/s]                                                  {'loss': 0.0852, 'grad_norm': 0.5642983913421631, 'learning_rate': 5.82e-06, 'entropy': 0.098388671875, 'num_tokens': 2359398.0, 'mean_token_accuracy': 0.9773068487644195, 'epoch': 7.1}
 71%|███████   | 710/1000 [04:26<01:39,  2.90it/s] 71%|███████   | 711/1000 [04:26<01:35,  3.02it/s] 71%|███████   | 712/1000 [04:26<01:33,  3.09it/s] 71%|███████▏  | 713/1000 [04:27<01:30,  3.17it/s] 71%|███████▏  | 714/1000 [04:27<01:28,  3.21it/s] 72%|███████▏  | 715/1000 [04:27<01:27,  3.27it/s] 72%|███████▏  | 716/1000 [04:28<01:25,  3.31it/s] 72%|███████▏  | 717/1000 [04:28<01:25,  3.32it/s] 72%|███████▏  | 718/1000 [04:28<01:35,  2.95it/s] 72%|███████▏  | 719/1000 [04:29<01:37,  2.89it/s] 72%|███████▏  | 720/1000 [04:29<01:32,  3.01it/s]                                                  {'loss': 0.0915, 'grad_norm': 0.5297455787658691, 'learning_rate': 5.620000000000001e-06, 'entropy': 0.095166015625, 'num_tokens': 2392152.0, 'mean_token_accuracy': 0.9749346494674682, 'epoch': 7.2}
 72%|███████▏  | 720/1000 [04:29<01:32,  3.01it/s] 72%|███████▏  | 721/1000 [04:29<01:42,  2.73it/s] 72%|███████▏  | 722/1000 [04:30<01:36,  2.87it/s] 72%|███████▏  | 723/1000 [04:30<01:38,  2.82it/s] 72%|███████▏  | 724/1000 [04:30<01:36,  2.85it/s] 72%|███████▎  | 725/1000 [04:31<01:38,  2.79it/s] 73%|███████▎  | 726/1000 [04:31<01:32,  2.95it/s] 73%|███████▎  | 727/1000 [04:32<01:39,  2.73it/s] 73%|███████▎  | 728/1000 [04:32<01:41,  2.69it/s] 73%|███████▎  | 729/1000 [04:32<01:34,  2.86it/s] 73%|███████▎  | 730/1000 [04:33<01:29,  3.01it/s]                                                  {'loss': 0.0914, 'grad_norm': 0.9095065593719482, 'learning_rate': 5.420000000000001e-06, 'entropy': 0.093701171875, 'num_tokens': 2424346.0, 'mean_token_accuracy': 0.9751316785812378, 'epoch': 7.3}
 73%|███████▎  | 730/1000 [04:33<01:29,  3.01it/s] 73%|███████▎  | 731/1000 [04:33<01:33,  2.87it/s] 73%|███████▎  | 732/1000 [04:33<01:35,  2.82it/s] 73%|███████▎  | 733/1000 [04:34<01:37,  2.75it/s] 73%|███████▎  | 734/1000 [04:34<01:31,  2.89it/s] 74%|███████▎  | 735/1000 [04:34<01:33,  2.84it/s] 74%|███████▎  | 736/1000 [04:35<01:36,  2.74it/s] 74%|███████▎  | 737/1000 [04:35<01:30,  2.89it/s] 74%|███████▍  | 738/1000 [04:35<01:26,  3.03it/s] 74%|███████▍  | 739/1000 [04:36<01:23,  3.11it/s] 74%|███████▍  | 740/1000 [04:36<01:21,  3.19it/s]                                                  {'loss': 0.0911, 'grad_norm': 0.5708063244819641, 'learning_rate': 5.220000000000001e-06, 'entropy': 0.0966796875, 'num_tokens': 2458000.0, 'mean_token_accuracy': 0.97525834441185, 'epoch': 7.4}
 74%|███████▍  | 740/1000 [04:36<01:21,  3.19it/s] 74%|███████▍  | 741/1000 [04:36<01:26,  3.01it/s] 74%|███████▍  | 742/1000 [04:37<01:22,  3.12it/s] 74%|███████▍  | 743/1000 [04:37<01:20,  3.20it/s] 74%|███████▍  | 744/1000 [04:37<01:24,  3.03it/s] 74%|███████▍  | 745/1000 [04:38<01:21,  3.12it/s] 75%|███████▍  | 746/1000 [04:38<01:27,  2.91it/s] 75%|███████▍  | 747/1000 [04:38<01:23,  3.04it/s] 75%|███████▍  | 748/1000 [04:39<01:20,  3.14it/s] 75%|███████▍  | 749/1000 [04:39<01:19,  3.17it/s] 75%|███████▌  | 750/1000 [04:39<01:17,  3.23it/s]                                                  {'loss': 0.0909, 'grad_norm': 0.733342170715332, 'learning_rate': 5.02e-06, 'entropy': 0.093896484375, 'num_tokens': 2491616.0, 'mean_token_accuracy': 0.9751742660999299, 'epoch': 7.5}
 75%|███████▌  | 750/1000 [04:39<01:17,  3.23it/s] 75%|███████▌  | 751/1000 [04:40<01:22,  3.04it/s] 75%|███████▌  | 752/1000 [04:40<01:19,  3.13it/s] 75%|███████▌  | 753/1000 [04:40<01:17,  3.19it/s] 75%|███████▌  | 754/1000 [04:41<01:20,  3.06it/s] 76%|███████▌  | 755/1000 [04:41<01:23,  2.92it/s] 76%|███████▌  | 756/1000 [04:41<01:20,  3.05it/s] 76%|███████▌  | 757/1000 [04:42<01:22,  2.96it/s] 76%|███████▌  | 758/1000 [04:42<01:21,  2.96it/s] 76%|███████▌  | 759/1000 [04:42<01:19,  3.04it/s] 76%|███████▌  | 760/1000 [04:42<01:16,  3.15it/s]                                                  {'loss': 0.0932, 'grad_norm': 0.7257606983184814, 'learning_rate': 4.8200000000000004e-06, 'entropy': 0.098779296875, 'num_tokens': 2524707.0, 'mean_token_accuracy': 0.9746777236461639, 'epoch': 7.6}
 76%|███████▌  | 760/1000 [04:42<01:16,  3.15it/s] 76%|███████▌  | 761/1000 [04:43<01:14,  3.21it/s] 76%|███████▌  | 762/1000 [04:43<01:14,  3.19it/s] 76%|███████▋  | 763/1000 [04:43<01:18,  3.04it/s] 76%|███████▋  | 764/1000 [04:44<01:15,  3.14it/s] 76%|███████▋  | 765/1000 [04:44<01:22,  2.86it/s] 77%|███████▋  | 766/1000 [04:45<01:24,  2.76it/s] 77%|███████▋  | 767/1000 [04:45<01:19,  2.92it/s] 77%|███████▋  | 768/1000 [04:45<01:16,  3.05it/s] 77%|███████▋  | 769/1000 [04:46<01:22,  2.80it/s] 77%|███████▋  | 770/1000 [04:46<01:22,  2.79it/s]                                                  {'loss': 0.0919, 'grad_norm': 0.5781540870666504, 'learning_rate': 4.620000000000001e-06, 'entropy': 0.096435546875, 'num_tokens': 2558274.0, 'mean_token_accuracy': 0.9752672493457795, 'epoch': 7.7}
 77%|███████▋  | 770/1000 [04:46<01:22,  2.79it/s] 77%|███████▋  | 771/1000 [04:46<01:17,  2.94it/s] 77%|███████▋  | 772/1000 [04:47<01:14,  3.06it/s] 77%|███████▋  | 773/1000 [04:47<01:11,  3.16it/s] 77%|███████▋  | 774/1000 [04:47<01:14,  3.04it/s] 78%|███████▊  | 775/1000 [04:48<01:19,  2.84it/s] 78%|███████▊  | 776/1000 [04:48<01:17,  2.88it/s] 78%|███████▊  | 777/1000 [04:48<01:18,  2.83it/s] 78%|███████▊  | 778/1000 [04:49<01:19,  2.81it/s] 78%|███████▊  | 779/1000 [04:49<01:19,  2.79it/s] 78%|███████▊  | 780/1000 [04:49<01:18,  2.80it/s]                                                  {'loss': 0.0939, 'grad_norm': 0.6617117524147034, 'learning_rate': 4.42e-06, 'entropy': 0.09853515625, 'num_tokens': 2591307.0, 'mean_token_accuracy': 0.9742469251155853, 'epoch': 7.8}
 78%|███████▊  | 780/1000 [04:49<01:18,  2.80it/s] 78%|███████▊  | 781/1000 [04:50<01:14,  2.95it/s] 78%|███████▊  | 782/1000 [04:50<01:10,  3.07it/s] 78%|███████▊  | 783/1000 [04:50<01:11,  3.04it/s] 78%|███████▊  | 784/1000 [04:51<01:15,  2.87it/s] 78%|███████▊  | 785/1000 [04:51<01:16,  2.81it/s] 79%|███████▊  | 786/1000 [04:51<01:13,  2.91it/s] 79%|███████▊  | 787/1000 [04:52<01:09,  3.05it/s] 79%|███████▉  | 788/1000 [04:52<01:11,  2.96it/s] 79%|███████▉  | 789/1000 [04:52<01:14,  2.84it/s] 79%|███████▉  | 790/1000 [04:53<01:16,  2.74it/s]                                                  {'loss': 0.0933, 'grad_norm': 0.4701088070869446, 'learning_rate': 4.22e-06, 'entropy': 0.09658203125, 'num_tokens': 2624754.0, 'mean_token_accuracy': 0.9750921905040741, 'epoch': 7.9}
 79%|███████▉  | 790/1000 [04:53<01:16,  2.74it/s] 79%|███████▉  | 791/1000 [04:53<01:17,  2.69it/s] 79%|███████▉  | 792/1000 [04:54<01:12,  2.87it/s] 79%|███████▉  | 793/1000 [04:54<01:08,  3.01it/s] 79%|███████▉  | 794/1000 [04:54<01:10,  2.94it/s] 80%|███████▉  | 795/1000 [04:54<01:07,  3.02it/s] 80%|███████▉  | 796/1000 [04:55<01:05,  3.09it/s] 80%|███████▉  | 797/1000 [04:55<01:10,  2.89it/s] 80%|███████▉  | 798/1000 [04:55<01:06,  3.02it/s] 80%|███████▉  | 799/1000 [04:56<01:04,  3.12it/s] 80%|████████  | 800/1000 [04:56<01:05,  3.07it/s]                                                  {'loss': 0.0943, 'grad_norm': 0.7774477601051331, 'learning_rate': 4.0200000000000005e-06, 'entropy': 0.09951171875, 'num_tokens': 2657360.0, 'mean_token_accuracy': 0.9735031068325043, 'epoch': 8.0}
 80%|████████  | 800/1000 [04:56<01:05,  3.07it/s] 80%|████████  | 801/1000 [04:57<01:09,  2.84it/s] 80%|████████  | 802/1000 [04:57<01:06,  2.99it/s] 80%|████████  | 803/1000 [04:57<01:04,  3.07it/s] 80%|████████  | 804/1000 [04:57<01:06,  2.97it/s] 80%|████████  | 805/1000 [04:58<01:07,  2.87it/s] 81%|████████  | 806/1000 [04:58<01:07,  2.88it/s] 81%|████████  | 807/1000 [04:58<01:04,  3.01it/s] 81%|████████  | 808/1000 [04:59<01:04,  2.98it/s] 81%|████████  | 809/1000 [04:59<01:01,  3.10it/s] 81%|████████  | 810/1000 [05:00<01:04,  2.94it/s]                                                  {'loss': 0.0864, 'grad_norm': 0.43133705854415894, 'learning_rate': 3.820000000000001e-06, 'entropy': 0.09912109375, 'num_tokens': 2689247.0, 'mean_token_accuracy': 0.976745879650116, 'epoch': 8.1}
 81%|████████  | 810/1000 [05:00<01:04,  2.94it/s] 81%|████████  | 811/1000 [05:00<01:03,  2.99it/s] 81%|████████  | 812/1000 [05:00<01:01,  3.08it/s] 81%|████████▏ | 813/1000 [05:00<00:59,  3.17it/s] 81%|████████▏ | 814/1000 [05:01<00:57,  3.24it/s] 82%|████████▏ | 815/1000 [05:01<00:57,  3.24it/s] 82%|████████▏ | 816/1000 [05:01<00:55,  3.29it/s] 82%|████████▏ | 817/1000 [05:02<00:58,  3.10it/s] 82%|████████▏ | 818/1000 [05:02<00:57,  3.18it/s] 82%|████████▏ | 819/1000 [05:02<01:00,  3.00it/s] 82%|████████▏ | 820/1000 [05:03<00:58,  3.10it/s]                                                  {'loss': 0.0856, 'grad_norm': 0.5766101479530334, 'learning_rate': 3.62e-06, 'entropy': 0.090771484375, 'num_tokens': 2721724.0, 'mean_token_accuracy': 0.9755980014801026, 'epoch': 8.2}
 82%|████████▏ | 820/1000 [05:03<00:58,  3.10it/s] 82%|████████▏ | 821/1000 [05:03<00:56,  3.17it/s] 82%|████████▏ | 822/1000 [05:03<00:55,  3.22it/s] 82%|████████▏ | 823/1000 [05:04<00:58,  3.01it/s] 82%|████████▏ | 824/1000 [05:04<00:56,  3.09it/s] 82%|████████▎ | 825/1000 [05:04<01:00,  2.91it/s] 83%|████████▎ | 826/1000 [05:05<00:59,  2.91it/s] 83%|████████▎ | 827/1000 [05:05<01:03,  2.72it/s] 83%|████████▎ | 828/1000 [05:05<00:59,  2.88it/s] 83%|████████▎ | 829/1000 [05:06<01:02,  2.73it/s] 83%|████████▎ | 830/1000 [05:06<01:05,  2.58it/s]                                                  {'loss': 0.0842, 'grad_norm': 0.48740488290786743, 'learning_rate': 3.4200000000000007e-06, 'entropy': 0.08564453125, 'num_tokens': 2755242.0, 'mean_token_accuracy': 0.9768771350383758, 'epoch': 8.3}
 83%|████████▎ | 830/1000 [05:06<01:05,  2.58it/s] 83%|████████▎ | 831/1000 [05:07<01:01,  2.75it/s] 83%|████████▎ | 832/1000 [05:07<00:57,  2.92it/s] 83%|████████▎ | 833/1000 [05:07<00:55,  3.03it/s] 83%|████████▎ | 834/1000 [05:08<00:56,  2.92it/s] 84%|████████▎ | 835/1000 [05:08<00:57,  2.87it/s] 84%|████████▎ | 836/1000 [05:08<00:58,  2.81it/s] 84%|████████▎ | 837/1000 [05:09<00:57,  2.84it/s] 84%|████████▍ | 838/1000 [05:09<00:59,  2.72it/s] 84%|████████▍ | 839/1000 [05:09<00:55,  2.90it/s] 84%|████████▍ | 840/1000 [05:10<00:52,  3.03it/s]                                                  {'loss': 0.0848, 'grad_norm': 0.6609830260276794, 'learning_rate': 3.2200000000000005e-06, 'entropy': 0.0875, 'num_tokens': 2788718.0, 'mean_token_accuracy': 0.9772221446037292, 'epoch': 8.4}
 84%|████████▍ | 840/1000 [05:10<00:52,  3.03it/s] 84%|████████▍ | 841/1000 [05:10<00:50,  3.14it/s] 84%|████████▍ | 842/1000 [05:10<00:49,  3.22it/s] 84%|████████▍ | 843/1000 [05:11<00:52,  3.00it/s] 84%|████████▍ | 844/1000 [05:11<00:50,  3.10it/s] 84%|████████▍ | 845/1000 [05:11<00:53,  2.92it/s] 85%|████████▍ | 846/1000 [05:12<00:50,  3.05it/s] 85%|████████▍ | 847/1000 [05:12<00:48,  3.15it/s] 85%|████████▍ | 848/1000 [05:12<00:47,  3.21it/s] 85%|████████▍ | 849/1000 [05:13<00:50,  3.00it/s] 85%|████████▌ | 850/1000 [05:13<00:52,  2.86it/s]                                                  {'loss': 0.088, 'grad_norm': 0.7523046135902405, 'learning_rate': 3.0200000000000003e-06, 'entropy': 0.09296875, 'num_tokens': 2820967.0, 'mean_token_accuracy': 0.9752530097961426, 'epoch': 8.5}
 85%|████████▌ | 850/1000 [05:13<00:52,  2.86it/s] 85%|████████▌ | 851/1000 [05:13<00:50,  2.93it/s] 85%|████████▌ | 852/1000 [05:14<00:53,  2.74it/s] 85%|████████▌ | 853/1000 [05:14<00:50,  2.91it/s] 85%|████████▌ | 854/1000 [05:14<00:48,  3.01it/s] 86%|████████▌ | 855/1000 [05:15<00:46,  3.11it/s] 86%|████████▌ | 856/1000 [05:15<00:48,  2.96it/s] 86%|████████▌ | 857/1000 [05:15<00:46,  3.05it/s] 86%|████████▌ | 858/1000 [05:16<00:47,  3.01it/s] 86%|████████▌ | 859/1000 [05:16<00:45,  3.11it/s] 86%|████████▌ | 860/1000 [05:16<00:43,  3.20it/s]                                                  {'loss': 0.0839, 'grad_norm': 0.4943077564239502, 'learning_rate': 2.82e-06, 'entropy': 0.0876953125, 'num_tokens': 2854953.0, 'mean_token_accuracy': 0.9766762018203735, 'epoch': 8.6}
 86%|████████▌ | 860/1000 [05:16<00:43,  3.20it/s] 86%|████████▌ | 861/1000 [05:16<00:43,  3.20it/s] 86%|████████▌ | 862/1000 [05:17<00:45,  3.04it/s] 86%|████████▋ | 863/1000 [05:17<00:43,  3.12it/s] 86%|████████▋ | 864/1000 [05:17<00:42,  3.20it/s] 86%|████████▋ | 865/1000 [05:18<00:41,  3.25it/s] 87%|████████▋ | 866/1000 [05:18<00:43,  3.10it/s] 87%|████████▋ | 867/1000 [05:18<00:41,  3.18it/s] 87%|████████▋ | 868/1000 [05:19<00:47,  2.76it/s] 87%|████████▋ | 869/1000 [05:19<00:44,  2.92it/s] 87%|████████▋ | 870/1000 [05:19<00:42,  3.05it/s]                                                  {'loss': 0.0844, 'grad_norm': 0.5710704922676086, 'learning_rate': 2.6200000000000003e-06, 'entropy': 0.0919921875, 'num_tokens': 2888992.0, 'mean_token_accuracy': 0.9761524558067322, 'epoch': 8.7}
 87%|████████▋ | 870/1000 [05:19<00:42,  3.05it/s] 87%|████████▋ | 871/1000 [05:20<00:45,  2.85it/s] 87%|████████▋ | 872/1000 [05:20<00:46,  2.74it/s] 87%|████████▋ | 873/1000 [05:21<00:45,  2.80it/s] 87%|████████▋ | 874/1000 [05:21<00:42,  2.96it/s] 88%|████████▊ | 875/1000 [05:21<00:41,  2.98it/s] 88%|████████▊ | 876/1000 [05:22<00:44,  2.79it/s] 88%|████████▊ | 877/1000 [05:22<00:44,  2.80it/s] 88%|████████▊ | 878/1000 [05:22<00:41,  2.91it/s] 88%|████████▊ | 879/1000 [05:23<00:39,  3.04it/s] 88%|████████▊ | 880/1000 [05:23<00:38,  3.14it/s]                                                  {'loss': 0.0833, 'grad_norm': 0.609315037727356, 'learning_rate': 2.42e-06, 'entropy': 0.0888671875, 'num_tokens': 2923452.0, 'mean_token_accuracy': 0.9769929111003876, 'epoch': 8.8}
 88%|████████▊ | 880/1000 [05:23<00:38,  3.14it/s] 88%|████████▊ | 881/1000 [05:23<00:37,  3.19it/s] 88%|████████▊ | 882/1000 [05:23<00:36,  3.23it/s] 88%|████████▊ | 883/1000 [05:24<00:35,  3.29it/s] 88%|████████▊ | 884/1000 [05:24<00:36,  3.20it/s] 88%|████████▊ | 885/1000 [05:24<00:35,  3.26it/s] 89%|████████▊ | 886/1000 [05:25<00:34,  3.28it/s] 89%|████████▊ | 887/1000 [05:25<00:34,  3.32it/s] 89%|████████▉ | 888/1000 [05:25<00:35,  3.13it/s] 89%|████████▉ | 889/1000 [05:26<00:34,  3.19it/s] 89%|████████▉ | 890/1000 [05:26<00:34,  3.21it/s]                                                  {'loss': 0.0868, 'grad_norm': 0.41466066241264343, 'learning_rate': 2.2200000000000003e-06, 'entropy': 0.09453125, 'num_tokens': 2956817.0, 'mean_token_accuracy': 0.9748243272304535, 'epoch': 8.9}
 89%|████████▉ | 890/1000 [05:26<00:34,  3.21it/s] 89%|████████▉ | 891/1000 [05:26<00:38,  2.83it/s] 89%|████████▉ | 892/1000 [05:27<00:36,  2.98it/s] 89%|████████▉ | 893/1000 [05:27<00:34,  3.07it/s] 89%|████████▉ | 894/1000 [05:27<00:33,  3.16it/s] 90%|████████▉ | 895/1000 [05:28<00:32,  3.23it/s] 90%|████████▉ | 896/1000 [05:28<00:31,  3.28it/s] 90%|████████▉ | 897/1000 [05:28<00:31,  3.30it/s] 90%|████████▉ | 898/1000 [05:28<00:30,  3.30it/s] 90%|████████▉ | 899/1000 [05:29<00:30,  3.33it/s] 90%|█████████ | 900/1000 [05:29<00:29,  3.35it/s]                                                  {'loss': 0.0894, 'grad_norm': 0.5187318325042725, 'learning_rate': 2.02e-06, 'entropy': 0.0931640625, 'num_tokens': 2989530.0, 'mean_token_accuracy': 0.9737663686275482, 'epoch': 9.0}
 90%|█████████ | 900/1000 [05:29<00:29,  3.35it/s] 90%|█████████ | 901/1000 [05:29<00:29,  3.36it/s] 90%|█████████ | 902/1000 [05:30<00:29,  3.37it/s] 90%|█████████ | 903/1000 [05:30<00:30,  3.17it/s] 90%|█████████ | 904/1000 [05:30<00:29,  3.23it/s] 90%|█████████ | 905/1000 [05:31<00:31,  3.06it/s] 91%|█████████ | 906/1000 [05:31<00:29,  3.15it/s] 91%|█████████ | 907/1000 [05:31<00:28,  3.21it/s] 91%|█████████ | 908/1000 [05:32<00:29,  3.10it/s] 91%|█████████ | 909/1000 [05:32<00:29,  3.06it/s] 91%|█████████ | 910/1000 [05:32<00:28,  3.12it/s]                                                  {'loss': 0.0796, 'grad_norm': 0.49617716670036316, 'learning_rate': 1.8200000000000002e-06, 'entropy': 0.0876953125, 'num_tokens': 3023363.0, 'mean_token_accuracy': 0.978263771533966, 'epoch': 9.1}
 91%|█████████ | 910/1000 [05:32<00:28,  3.12it/s] 91%|█████████ | 911/1000 [05:33<00:27,  3.19it/s] 91%|█████████ | 912/1000 [05:33<00:27,  3.22it/s] 91%|█████████▏| 913/1000 [05:33<00:26,  3.27it/s] 91%|█████████▏| 914/1000 [05:33<00:26,  3.28it/s] 92%|█████████▏| 915/1000 [05:34<00:26,  3.19it/s] 92%|█████████▏| 916/1000 [05:34<00:26,  3.12it/s] 92%|█████████▏| 917/1000 [05:34<00:26,  3.19it/s] 92%|█████████▏| 918/1000 [05:35<00:26,  3.04it/s] 92%|█████████▏| 919/1000 [05:35<00:29,  2.79it/s] 92%|█████████▏| 920/1000 [05:36<00:27,  2.95it/s]                                                  {'loss': 0.0792, 'grad_norm': 0.5811976194381714, 'learning_rate': 1.6200000000000002e-06, 'entropy': 0.088818359375, 'num_tokens': 3057409.0, 'mean_token_accuracy': 0.9769640505313874, 'epoch': 9.2}
 92%|█████████▏| 920/1000 [05:36<00:27,  2.95it/s] 92%|█████████▏| 921/1000 [05:36<00:27,  2.86it/s] 92%|█████████▏| 922/1000 [05:36<00:25,  3.00it/s] 92%|█████████▏| 923/1000 [05:37<00:25,  3.08it/s] 92%|█████████▏| 924/1000 [05:37<00:27,  2.77it/s] 92%|█████████▎| 925/1000 [05:37<00:25,  2.93it/s] 93%|█████████▎| 926/1000 [05:38<00:24,  3.05it/s] 93%|█████████▎| 927/1000 [05:38<00:23,  3.12it/s] 93%|█████████▎| 928/1000 [05:38<00:24,  2.92it/s] 93%|█████████▎| 929/1000 [05:39<00:24,  2.93it/s] 93%|█████████▎| 930/1000 [05:39<00:23,  2.93it/s]                                                  {'loss': 0.0798, 'grad_norm': 0.5272746086120605, 'learning_rate': 1.42e-06, 'entropy': 0.085791015625, 'num_tokens': 3091324.0, 'mean_token_accuracy': 0.9776056826114654, 'epoch': 9.3}
 93%|█████████▎| 930/1000 [05:39<00:23,  2.93it/s] 93%|█████████▎| 931/1000 [05:39<00:22,  3.06it/s] 93%|█████████▎| 932/1000 [05:40<00:22,  2.97it/s] 93%|█████████▎| 933/1000 [05:40<00:21,  3.05it/s] 93%|█████████▎| 934/1000 [05:40<00:20,  3.15it/s] 94%|█████████▎| 935/1000 [05:40<00:20,  3.23it/s] 94%|█████████▎| 936/1000 [05:41<00:19,  3.26it/s] 94%|█████████▎| 937/1000 [05:41<00:19,  3.28it/s] 94%|█████████▍| 938/1000 [05:41<00:18,  3.32it/s] 94%|█████████▍| 939/1000 [05:42<00:18,  3.26it/s] 94%|█████████▍| 940/1000 [05:42<00:18,  3.23it/s]                                                  {'loss': 0.0827, 'grad_norm': 0.4880150258541107, 'learning_rate': 1.2200000000000002e-06, 'entropy': 0.089599609375, 'num_tokens': 3123875.0, 'mean_token_accuracy': 0.9758690595626831, 'epoch': 9.4}
 94%|█████████▍| 940/1000 [05:42<00:18,  3.23it/s] 94%|█████████▍| 941/1000 [05:42<00:18,  3.27it/s] 94%|█████████▍| 942/1000 [05:43<00:19,  3.02it/s] 94%|█████████▍| 943/1000 [05:43<00:18,  3.12it/s] 94%|█████████▍| 944/1000 [05:43<00:17,  3.20it/s] 94%|█████████▍| 945/1000 [05:44<00:16,  3.26it/s] 95%|█████████▍| 946/1000 [05:44<00:16,  3.29it/s] 95%|█████████▍| 947/1000 [05:44<00:16,  3.12it/s] 95%|█████████▍| 948/1000 [05:45<00:16,  3.20it/s] 95%|█████████▍| 949/1000 [05:45<00:15,  3.26it/s] 95%|█████████▌| 950/1000 [05:45<00:15,  3.28it/s]                                                  {'loss': 0.0844, 'grad_norm': 0.44340893626213074, 'learning_rate': 1.02e-06, 'entropy': 0.0875, 'num_tokens': 3156220.0, 'mean_token_accuracy': 0.9766927421092987, 'epoch': 9.5}
 95%|█████████▌| 950/1000 [05:45<00:15,  3.28it/s] 95%|█████████▌| 951/1000 [05:45<00:14,  3.31it/s] 95%|█████████▌| 952/1000 [05:46<00:14,  3.33it/s] 95%|█████████▌| 953/1000 [05:46<00:14,  3.35it/s] 95%|█████████▌| 954/1000 [05:46<00:13,  3.30it/s] 96%|█████████▌| 955/1000 [05:47<00:13,  3.33it/s] 96%|█████████▌| 956/1000 [05:47<00:13,  3.22it/s] 96%|█████████▌| 957/1000 [05:47<00:13,  3.28it/s] 96%|█████████▌| 958/1000 [05:48<00:13,  3.07it/s] 96%|█████████▌| 959/1000 [05:48<00:12,  3.16it/s] 96%|█████████▌| 960/1000 [05:48<00:12,  3.21it/s]                                                  {'loss': 0.0819, 'grad_norm': 0.4564076066017151, 'learning_rate': 8.200000000000001e-07, 'entropy': 0.087060546875, 'num_tokens': 3189437.0, 'mean_token_accuracy': 0.9759790122509002, 'epoch': 9.6}
 96%|█████████▌| 960/1000 [05:48<00:12,  3.21it/s] 96%|█████████▌| 961/1000 [05:49<00:12,  3.00it/s] 96%|█████████▌| 962/1000 [05:49<00:12,  3.09it/s] 96%|█████████▋| 963/1000 [05:49<00:11,  3.17it/s] 96%|█████████▋| 964/1000 [05:49<00:11,  3.22it/s] 96%|█████████▋| 965/1000 [05:50<00:10,  3.28it/s] 97%|█████████▋| 966/1000 [05:50<00:10,  3.31it/s] 97%|█████████▋| 967/1000 [05:50<00:09,  3.34it/s] 97%|█████████▋| 968/1000 [05:51<00:09,  3.33it/s] 97%|█████████▋| 969/1000 [05:51<00:09,  3.21it/s] 97%|█████████▋| 970/1000 [05:51<00:09,  3.27it/s]                                                  {'loss': 0.0834, 'grad_norm': 0.7824348211288452, 'learning_rate': 6.200000000000001e-07, 'entropy': 0.086328125, 'num_tokens': 3222334.0, 'mean_token_accuracy': 0.9759280383586884, 'epoch': 9.7}
 97%|█████████▋| 970/1000 [05:51<00:09,  3.27it/s] 97%|█████████▋| 971/1000 [05:52<00:08,  3.30it/s] 97%|█████████▋| 972/1000 [05:52<00:08,  3.27it/s] 97%|█████████▋| 973/1000 [05:52<00:08,  3.31it/s] 97%|█████████▋| 974/1000 [05:52<00:07,  3.34it/s] 98%|█████████▊| 975/1000 [05:53<00:07,  3.22it/s] 98%|█████████▊| 976/1000 [05:53<00:07,  3.27it/s] 98%|█████████▊| 977/1000 [05:54<00:07,  2.98it/s] 98%|█████████▊| 978/1000 [05:54<00:07,  3.03it/s] 98%|█████████▊| 979/1000 [05:54<00:07,  2.95it/s] 98%|█████████▊| 980/1000 [05:55<00:06,  3.03it/s]                                                  {'loss': 0.086, 'grad_norm': 0.5035454034805298, 'learning_rate': 4.2000000000000006e-07, 'entropy': 0.090673828125, 'num_tokens': 3254195.0, 'mean_token_accuracy': 0.9752305924892426, 'epoch': 9.8}
 98%|█████████▊| 980/1000 [05:55<00:06,  3.03it/s] 98%|█████████▊| 981/1000 [05:55<00:06,  3.13it/s] 98%|█████████▊| 982/1000 [05:55<00:05,  3.20it/s] 98%|█████████▊| 983/1000 [05:55<00:05,  3.23it/s] 98%|█████████▊| 984/1000 [05:56<00:05,  2.83it/s] 98%|█████████▊| 985/1000 [05:56<00:05,  2.97it/s] 99%|█████████▊| 986/1000 [05:56<00:04,  3.09it/s] 99%|█████████▊| 987/1000 [05:57<00:04,  3.17it/s] 99%|█████████▉| 988/1000 [05:57<00:03,  3.23it/s] 99%|█████████▉| 989/1000 [05:57<00:03,  3.28it/s] 99%|█████████▉| 990/1000 [05:58<00:03,  3.32it/s]                                                  {'loss': 0.0823, 'grad_norm': 0.4919325113296509, 'learning_rate': 2.2e-07, 'entropy': 0.087451171875, 'num_tokens': 3287528.0, 'mean_token_accuracy': 0.9764337539672852, 'epoch': 9.9}
 99%|█████████▉| 990/1000 [05:58<00:03,  3.32it/s] 99%|█████████▉| 991/1000 [05:58<00:02,  3.34it/s] 99%|█████████▉| 992/1000 [05:58<00:02,  3.36it/s] 99%|█████████▉| 993/1000 [05:59<00:02,  3.37it/s] 99%|█████████▉| 994/1000 [05:59<00:02,  2.99it/s]100%|█████████▉| 995/1000 [05:59<00:01,  3.07it/s]100%|█████████▉| 996/1000 [06:00<00:01,  2.82it/s]100%|█████████▉| 997/1000 [06:00<00:01,  2.85it/s]100%|█████████▉| 998/1000 [06:00<00:00,  2.72it/s]100%|█████████▉| 999/1000 [06:01<00:00,  2.87it/s]100%|██████████| 1000/1000 [06:01<00:00,  2.89it/s]                                                   {'loss': 0.081, 'grad_norm': 0.421172171831131, 'learning_rate': 2e-08, 'entropy': 0.087255859375, 'num_tokens': 3321700.0, 'mean_token_accuracy': 0.9765567600727081, 'epoch': 10.0}
100%|██████████| 1000/1000 [06:01<00:00,  2.89it/s]

Training completed. Do not forget to share your model on huggingface.co/models =)


                                                   {'train_runtime': 362.895, 'train_samples_per_second': 88.18, 'train_steps_per_second': 2.756, 'train_loss': 0.26246964192390443, 'epoch': 10.0}
100%|██████████| 1000/1000 [06:01<00:00,  2.89it/s]100%|██████████| 1000/1000 [06:01<00:00,  2.77it/s]

Time End

2025-11-27 05:13:37.985253
✅ Training finished. Cleaning up...
wandb: updating run metadata
wandb: uploading history steps 99-100, summary, console lines 100-111
wandb: 
wandb: Run history:
wandb:             train/entropy █▆▇▆▄▃▃▃▂▂▂▂▂▂▂▂▂▁▁▁▁▁▁▁▁▁▁▁▁▁▁▁▁▁▁▁▁▁▁▁
wandb:               train/epoch ▁▁▁▁▁▂▂▂▂▂▂▂▂▃▃▄▄▄▄▄▄▅▅▅▅▅▆▆▆▆▆▇▇▇▇▇████
wandb:         train/global_step ▁▁▁▁▁▂▂▂▂▂▃▃▃▃▃▃▄▄▄▄▄▄▄▅▅▅▅▆▆▆▇▇▇▇▇▇▇███
wandb:           train/grad_norm ▇█▇▆▆▆▅▅▅▅▄▆▄▅▅▄▄▃▃▂▃▃▂▂▃▂▂▂▂▂▁▁▁▂▁▁▁▁▁▁
wandb:       train/learning_rate ████▇▇▇▇▇▆▆▆▆▆▆▅▅▅▅▅▅▅▄▄▄▄▃▃▃▃▃▃▃▂▂▂▁▁▁▁
wandb:                train/loss █▆▆▆▆▃▃▃▂▂▂▁▁▁▁▁▁▁▁▁▁▁▁▁▁▁▁▁▁▁▁▁▁▁▁▁▁▁▁▁
wandb: train/mean_token_accuracy ▁▁▁▁▁▁▅▅▅▅▇▇▇▇▇▇▆▇▇▇▇▇██████████████████
wandb:          train/num_tokens ▁▁▁▂▂▂▂▂▂▂▃▃▃▃▃▄▄▄▄▄▅▅▅▅▅▅▅▆▆▆▆▇▇▇▇▇████
wandb: 
wandb: Run summary:
wandb:                total_flos 2.315349126901924e+17
wandb:             train/entropy 0.08726
wandb:               train/epoch 10
wandb:         train/global_step 1000
wandb:           train/grad_norm 0.42117
wandb:       train/learning_rate 0.0
wandb:                train/loss 0.081
wandb: train/mean_token_accuracy 0.97656
wandb:          train/num_tokens 3321700.0
wandb:                train_loss 0.26247
wandb:                        +3 ...
wandb: 
wandb: 🚀 View run phd_deepspeed_zero1_8_bs_4_8b_20251127_050623 at: https://wandb.ai/alishafique3-kstate/phd_deepspeed_zero1_8_bs_4_8b/runs/1kc7xjad
wandb: ⭐️ View project at: https://wandb.ai/alishafique3-kstate/phd_deepspeed_zero1_8_bs_4_8b
wandb: Synced 5 W&B file(s), 0 media file(s), 0 artifact file(s) and 0 other file(s)
wandb: Find logs at: ./wandb/run-20251127_050735-1kc7xjad/logs
furious-puma-1:172837:174297 [1] NCCL INFO [Service thread] Connection closed by localRank 0
furious-puma-1:172843:174299 [7] NCCL INFO [Service thread] Connection closed by localRank 0
furious-puma-1:172843:173291 [7] NCCL INFO [Service thread] Connection closed by localRank 0
furious-puma-1:172837:173289 [1] NCCL INFO [Service thread] Connection closed by localRank 0
furious-puma-1:172842:174291 [0] NCCL INFO [Service thread] Connection closed by localRank 7
furious-puma-1:172842:173293 [0] NCCL INFO [Service thread] Connection closed by localRank 7
furious-puma-1:172840:174295 [0] NCCL INFO [Service thread] Connection closed by localRank 3
furious-puma-1:172838:174301 [0] NCCL INFO [Service thread] Connection closed by localRank 3
furious-puma-1:172840:173295 [0] NCCL INFO [Service thread] Connection closed by localRank 3
furious-puma-1:172838:173283 [0] NCCL INFO [Service thread] Connection closed by localRank 3
furious-puma-1:172838:174301 [0] NCCL INFO [Service thread] Connection closed by localRank 1
furious-puma-1:172841:174293 [0] NCCL INFO [Service thread] Connection closed by localRank 6
furious-puma-1:172841:173281 [0] NCCL INFO [Service thread] Connection closed by localRank 6
furious-puma-1:172841:174293 [0] NCCL INFO [Service thread] Connection closed by localRank 4
furious-puma-1:172841:173281 [0] NCCL INFO [Service thread] Connection closed by localRank 4
