/home/ubuntu/miniconda3/envs/distributed/lib/python3.10/site-packages/transformers/utils/hub.py:110: FutureWarning: Using `TRANSFORMERS_CACHE` is deprecated and will be removed in v5 of Transformers. Use `HF_HOME` instead.
  warnings.warn(
W1127 05:23:45.052000 187299 site-packages/torch/distributed/run.py:803] 
W1127 05:23:45.052000 187299 site-packages/torch/distributed/run.py:803] *****************************************
W1127 05:23:45.052000 187299 site-packages/torch/distributed/run.py:803] Setting OMP_NUM_THREADS environment variable for each process to be 1 in default, to avoid your system being overloaded, please further tune the variable for optimal performance in your application as needed. 
W1127 05:23:45.052000 187299 site-packages/torch/distributed/run.py:803] *****************************************
/home/ubuntu/miniconda3/envs/distributed/lib/python3.10/site-packages/transformers/utils/hub.py:110: FutureWarning: Using `TRANSFORMERS_CACHE` is deprecated and will be removed in v5 of Transformers. Use `HF_HOME` instead.
  warnings.warn(
/home/ubuntu/miniconda3/envs/distributed/lib/python3.10/site-packages/transformers/utils/hub.py:110: FutureWarning: Using `TRANSFORMERS_CACHE` is deprecated and will be removed in v5 of Transformers. Use `HF_HOME` instead.
  warnings.warn(
/home/ubuntu/miniconda3/envs/distributed/lib/python3.10/site-packages/transformers/utils/hub.py:110: FutureWarning: Using `TRANSFORMERS_CACHE` is deprecated and will be removed in v5 of Transformers. Use `HF_HOME` instead.
  warnings.warn(
/home/ubuntu/miniconda3/envs/distributed/lib/python3.10/site-packages/transformers/utils/hub.py:110: FutureWarning: Using `TRANSFORMERS_CACHE` is deprecated and will be removed in v5 of Transformers. Use `HF_HOME` instead.
  warnings.warn(
/home/ubuntu/miniconda3/envs/distributed/lib/python3.10/site-packages/transformers/utils/hub.py:110: FutureWarning: Using `TRANSFORMERS_CACHE` is deprecated and will be removed in v5 of Transformers. Use `HF_HOME` instead.
  warnings.warn(
/home/ubuntu/miniconda3/envs/distributed/lib/python3.10/site-packages/transformers/utils/hub.py:110: FutureWarning: Using `TRANSFORMERS_CACHE` is deprecated and will be removed in v5 of Transformers. Use `HF_HOME` instead.
  warnings.warn(
/home/ubuntu/miniconda3/envs/distributed/lib/python3.10/site-packages/transformers/utils/hub.py:110: FutureWarning: Using `TRANSFORMERS_CACHE` is deprecated and will be removed in v5 of Transformers. Use `HF_HOME` instead.
  warnings.warn(
/home/ubuntu/miniconda3/envs/distributed/lib/python3.10/site-packages/transformers/utils/hub.py:110: FutureWarning: Using `TRANSFORMERS_CACHE` is deprecated and will be removed in v5 of Transformers. Use `HF_HOME` instead.
  warnings.warn(
furious-puma-1:187509:187509 [0] NCCL INFO cudaDriverVersion 13000
furious-puma-1:187516:187516 [7] NCCL INFO cudaDriverVersion 13000
furious-puma-1:187514:187514 [5] NCCL INFO cudaDriverVersion 13000
furious-puma-1:187509:187509 [0] NCCL INFO NCCL version 2.27.7+cuda13.0
furious-puma-1:187514:187514 [5] NCCL INFO NCCL version 2.27.7+cuda13.0
furious-puma-1:187516:187516 [7] NCCL INFO NCCL version 2.27.7+cuda13.0
furious-puma-1:187513:187513 [4] NCCL INFO cudaDriverVersion 13000
furious-puma-1:187513:187513 [4] NCCL INFO NCCL version 2.27.7+cuda13.0
furious-puma-1:187510:187510 [1] NCCL INFO cudaDriverVersion 13000
furious-puma-1:187510:187510 [1] NCCL INFO NCCL version 2.27.7+cuda13.0
furious-puma-1:187514:187731 [5] NCCL INFO NET/Plugin: Could not find: libnccl-net.so. 
furious-puma-1:187516:187730 [7] NCCL INFO NET/Plugin: Could not find: libnccl-net.so. 
furious-puma-1:187514:187731 [5] NCCL INFO NET/IB : Using [0]mlx5_0:1/IB [1]mlx5_1:1/IB [2]mlx5_2:1/IB [3]mlx5_3:1/IB [4]mlx5_4:1/IB [5]mlx5_5:1/IB [6]mlx5_6:1/IB [7]mlx5_7:1/IB [RO]; OOB enp4s0:10.234.129.102<0>
furious-puma-1:187514:187731 [5] NCCL INFO Initialized NET plugin IB
furious-puma-1:187516:187730 [7] NCCL INFO NET/IB : Using [0]mlx5_0:1/IB [1]mlx5_1:1/IB [2]mlx5_2:1/IB [3]mlx5_3:1/IB [4]mlx5_4:1/IB [5]mlx5_5:1/IB [6]mlx5_6:1/IB [7]mlx5_7:1/IB [RO]; OOB enp4s0:10.234.129.102<0>
furious-puma-1:187516:187730 [7] NCCL INFO Initialized NET plugin IB
furious-puma-1:187514:187731 [5] NCCL INFO Assigned NET plugin IB to comm
furious-puma-1:187514:187731 [5] NCCL INFO Using network IB
furious-puma-1:187516:187730 [7] NCCL INFO Assigned NET plugin IB to comm
furious-puma-1:187516:187730 [7] NCCL INFO Using network IB
furious-puma-1:187516:187730 [7] NCCL INFO DMA-BUF is available on GPU device 7
furious-puma-1:187514:187731 [5] NCCL INFO DMA-BUF is available on GPU device 5
furious-puma-1:187516:187730 [7] NCCL INFO ncclCommInitRankConfig comm 0x2656c1c0 rank 7 nranks 8 cudaDev 7 nvmlDev 7 busId ef000 commId 0xc32615f792baeea0 - Init START
furious-puma-1:187514:187731 [5] NCCL INFO ncclCommInitRankConfig comm 0x3324efb0 rank 5 nranks 8 cudaDev 5 nvmlDev 5 busId cf000 commId 0xc32615f792baeea0 - Init START
furious-puma-1:187510:187781 [1] NCCL INFO NET/Plugin: Could not find: libnccl-net.so. 
furious-puma-1:187512:187512 [3] NCCL INFO cudaDriverVersion 13000
furious-puma-1:187512:187512 [3] NCCL INFO NCCL version 2.27.7+cuda13.0
furious-puma-1:187510:187781 [1] NCCL INFO NET/IB : Using [0]mlx5_0:1/IB [1]mlx5_1:1/IB [2]mlx5_2:1/IB [3]mlx5_3:1/IB [4]mlx5_4:1/IB [5]mlx5_5:1/IB [6]mlx5_6:1/IB [7]mlx5_7:1/IB [RO]; OOB enp4s0:10.234.129.102<0>
furious-puma-1:187510:187781 [1] NCCL INFO Initialized NET plugin IB
furious-puma-1:187510:187781 [1] NCCL INFO Assigned NET plugin IB to comm
furious-puma-1:187510:187781 [1] NCCL INFO Using network IB
furious-puma-1:187513:187767 [4] NCCL INFO NET/Plugin: Could not find: libnccl-net.so. 
furious-puma-1:187513:187767 [4] NCCL INFO NET/IB : Using [0]mlx5_0:1/IB [1]mlx5_1:1/IB [2]mlx5_2:1/IB [3]mlx5_3:1/IB [4]mlx5_4:1/IB [5]mlx5_5:1/IB [6]mlx5_6:1/IB [7]mlx5_7:1/IB [RO]; OOB enp4s0:10.234.129.102<0>
furious-puma-1:187513:187767 [4] NCCL INFO Initialized NET plugin IB
furious-puma-1:187513:187767 [4] NCCL INFO Assigned NET plugin IB to comm
furious-puma-1:187513:187767 [4] NCCL INFO Using network IB
furious-puma-1:187509:187774 [0] NCCL INFO NET/Plugin: Could not find: libnccl-net.so. 
furious-puma-1:187509:187774 [0] NCCL INFO NET/IB : Using [0]mlx5_0:1/IB [1]mlx5_1:1/IB [2]mlx5_2:1/IB [3]mlx5_3:1/IB [4]mlx5_4:1/IB [5]mlx5_5:1/IB [6]mlx5_6:1/IB [7]mlx5_7:1/IB [RO]; OOB enp4s0:10.234.129.102<0>
furious-puma-1:187509:187774 [0] NCCL INFO Initialized NET plugin IB
furious-puma-1:187509:187774 [0] NCCL INFO Assigned NET plugin IB to comm
furious-puma-1:187509:187774 [0] NCCL INFO Using network IB
furious-puma-1:187513:187767 [4] NCCL INFO DMA-BUF is available on GPU device 4
furious-puma-1:187513:187767 [4] NCCL INFO ncclCommInitRankConfig comm 0x39f12ac0 rank 4 nranks 8 cudaDev 4 nvmlDev 4 busId bf000 commId 0xc32615f792baeea0 - Init START
furious-puma-1:187515:187515 [6] NCCL INFO cudaDriverVersion 13000
furious-puma-1:187515:187515 [6] NCCL INFO NCCL version 2.27.7+cuda13.0
furious-puma-1:187509:187774 [0] NCCL INFO DMA-BUF is available on GPU device 0
furious-puma-1:187510:187781 [1] NCCL INFO DMA-BUF is available on GPU device 1
furious-puma-1:187510:187781 [1] NCCL INFO ncclCommInitRankConfig comm 0x2c6e1970 rank 1 nranks 8 cudaDev 1 nvmlDev 1 busId 8f000 commId 0xc32615f792baeea0 - Init START
furious-puma-1:187509:187774 [0] NCCL INFO ncclCommInitRankConfig comm 0x358369c0 rank 0 nranks 8 cudaDev 0 nvmlDev 0 busId 7f000 commId 0xc32615f792baeea0 - Init START
furious-puma-1:187509:187774 [0] NCCL INFO RAS client listening socket at 127.0.0.1<28028>
furious-puma-1:187511:187511 [2] NCCL INFO cudaDriverVersion 13000
furious-puma-1:187511:187511 [2] NCCL INFO NCCL version 2.27.7+cuda13.0
furious-puma-1:187512:187870 [3] NCCL INFO NET/Plugin: Could not find: libnccl-net.so. 
furious-puma-1:187512:187870 [3] NCCL INFO NET/IB : Using [0]mlx5_0:1/IB [1]mlx5_1:1/IB [2]mlx5_2:1/IB [3]mlx5_3:1/IB [4]mlx5_4:1/IB [5]mlx5_5:1/IB [6]mlx5_6:1/IB [7]mlx5_7:1/IB [RO]; OOB enp4s0:10.234.129.102<0>
furious-puma-1:187512:187870 [3] NCCL INFO Initialized NET plugin IB
furious-puma-1:187512:187870 [3] NCCL INFO Assigned NET plugin IB to comm
furious-puma-1:187512:187870 [3] NCCL INFO Using network IB
furious-puma-1:187512:187870 [3] NCCL INFO DMA-BUF is available on GPU device 3
furious-puma-1:187512:187870 [3] NCCL INFO ncclCommInitRankConfig comm 0x36dcb870 rank 3 nranks 8 cudaDev 3 nvmlDev 3 busId af000 commId 0xc32615f792baeea0 - Init START
furious-puma-1:187513:187767 [4] NCCL INFO RAS client listening socket at 127.0.0.1<28028>
furious-puma-1:187511:187890 [2] NCCL INFO NET/Plugin: Could not find: libnccl-net.so. 
furious-puma-1:187515:187888 [6] NCCL INFO NET/Plugin: Could not find: libnccl-net.so. 
furious-puma-1:187511:187890 [2] NCCL INFO NET/IB : Using [0]mlx5_0:1/IB [1]mlx5_1:1/IB [2]mlx5_2:1/IB [3]mlx5_3:1/IB [4]mlx5_4:1/IB [5]mlx5_5:1/IB [6]mlx5_6:1/IB [7]mlx5_7:1/IB [RO]; OOB enp4s0:10.234.129.102<0>
furious-puma-1:187511:187890 [2] NCCL INFO Initialized NET plugin IB
furious-puma-1:187511:187890 [2] NCCL INFO Assigned NET plugin IB to comm
furious-puma-1:187511:187890 [2] NCCL INFO Using network IB
furious-puma-1:187515:187888 [6] NCCL INFO NET/IB : Using [0]mlx5_0:1/IB [1]mlx5_1:1/IB [2]mlx5_2:1/IB [3]mlx5_3:1/IB [4]mlx5_4:1/IB [5]mlx5_5:1/IB [6]mlx5_6:1/IB [7]mlx5_7:1/IB [RO]; OOB enp4s0:10.234.129.102<0>
furious-puma-1:187515:187888 [6] NCCL INFO Initialized NET plugin IB
furious-puma-1:187515:187888 [6] NCCL INFO Assigned NET plugin IB to comm
furious-puma-1:187515:187888 [6] NCCL INFO Using network IB
furious-puma-1:187511:187890 [2] NCCL INFO DMA-BUF is available on GPU device 2
furious-puma-1:187511:187890 [2] NCCL INFO ncclCommInitRankConfig comm 0x1ebb4c50 rank 2 nranks 8 cudaDev 2 nvmlDev 2 busId 9f000 commId 0xc32615f792baeea0 - Init START
furious-puma-1:187511:187890 [2] NCCL INFO RAS client listening socket at 127.0.0.1<28028>
furious-puma-1:187510:187781 [1] NCCL INFO RAS client listening socket at 127.0.0.1<28028>
furious-puma-1:187512:187870 [3] NCCL INFO RAS client listening socket at 127.0.0.1<28028>
furious-puma-1:187515:187888 [6] NCCL INFO DMA-BUF is available on GPU device 6
furious-puma-1:187515:187888 [6] NCCL INFO ncclCommInitRankConfig comm 0x3b22b7a0 rank 6 nranks 8 cudaDev 6 nvmlDev 6 busId df000 commId 0xc32615f792baeea0 - Init START
furious-puma-1:187515:187888 [6] NCCL INFO RAS client listening socket at 127.0.0.1<28028>
furious-puma-1:187516:187730 [7] NCCL INFO RAS client listening socket at 127.0.0.1<28028>
furious-puma-1:187514:187731 [5] NCCL INFO RAS client listening socket at 127.0.0.1<28028>
furious-puma-1:187511:187890 [2] NCCL INFO MNNVL busId 0x9f000 fabric UUID 0.0 cliqueId 0x0 state 3 healthMask 0x0
furious-puma-1:187510:187781 [1] NCCL INFO MNNVL busId 0x8f000 fabric UUID 0.0 cliqueId 0x0 state 3 healthMask 0x0
furious-puma-1:187513:187767 [4] NCCL INFO MNNVL busId 0xbf000 fabric UUID 0.0 cliqueId 0x0 state 3 healthMask 0x0
furious-puma-1:187512:187870 [3] NCCL INFO MNNVL busId 0xaf000 fabric UUID 0.0 cliqueId 0x0 state 3 healthMask 0x0
furious-puma-1:187516:187730 [7] NCCL INFO MNNVL busId 0xef000 fabric UUID 0.0 cliqueId 0x0 state 3 healthMask 0x0
furious-puma-1:187515:187888 [6] NCCL INFO MNNVL busId 0xdf000 fabric UUID 0.0 cliqueId 0x0 state 3 healthMask 0x0
furious-puma-1:187514:187731 [5] NCCL INFO MNNVL busId 0xcf000 fabric UUID 0.0 cliqueId 0x0 state 3 healthMask 0x0
furious-puma-1:187509:187774 [0] NCCL INFO MNNVL busId 0x7f000 fabric UUID 0.0 cliqueId 0x0 state 3 healthMask 0x0
furious-puma-1:187510:187781 [1] NCCL INFO Loading topology file /var/run/nvidia-topologyd/virtualTopology.xml
furious-puma-1:187511:187890 [2] NCCL INFO Loading topology file /var/run/nvidia-topologyd/virtualTopology.xml
furious-puma-1:187514:187731 [5] NCCL INFO Loading topology file /var/run/nvidia-topologyd/virtualTopology.xml
furious-puma-1:187513:187767 [4] NCCL INFO Loading topology file /var/run/nvidia-topologyd/virtualTopology.xml
furious-puma-1:187510:187781 [1] NCCL INFO Loading unnamed topology
furious-puma-1:187511:187890 [2] NCCL INFO Loading unnamed topology
furious-puma-1:187515:187888 [6] NCCL INFO Loading topology file /var/run/nvidia-topologyd/virtualTopology.xml
furious-puma-1:187514:187731 [5] NCCL INFO Loading unnamed topology
furious-puma-1:187512:187870 [3] NCCL INFO Loading topology file /var/run/nvidia-topologyd/virtualTopology.xml
furious-puma-1:187513:187767 [4] NCCL INFO Loading unnamed topology
furious-puma-1:187516:187730 [7] NCCL INFO Loading topology file /var/run/nvidia-topologyd/virtualTopology.xml
furious-puma-1:187509:187774 [0] NCCL INFO Loading topology file /var/run/nvidia-topologyd/virtualTopology.xml
furious-puma-1:187515:187888 [6] NCCL INFO Loading unnamed topology
furious-puma-1:187512:187870 [3] NCCL INFO Loading unnamed topology
furious-puma-1:187509:187774 [0] NCCL INFO Loading unnamed topology
furious-puma-1:187516:187730 [7] NCCL INFO Loading unnamed topology
furious-puma-1:187510:187781 [1] NCCL INFO Could not find real path of /sys/class/pci_bus/ffff:ff/../../ffff:ff:02.0
furious-puma-1:187511:187890 [2] NCCL INFO Could not find real path of /sys/class/pci_bus/ffff:ff/../../ffff:ff:03.0
furious-puma-1:187513:187767 [4] NCCL INFO Could not find real path of /sys/class/pci_bus/ffff:ff/../../ffff:ff:05.0
furious-puma-1:187514:187731 [5] NCCL INFO Could not find real path of /sys/class/pci_bus/ffff:ff/../../ffff:ff:06.0
furious-puma-1:187509:187774 [0] NCCL INFO Could not find real path of /sys/class/pci_bus/ffff:ff/../../ffff:ff:01.0
furious-puma-1:187515:187888 [6] NCCL INFO Could not find real path of /sys/class/pci_bus/ffff:ff/../../ffff:ff:07.0
furious-puma-1:187516:187730 [7] NCCL INFO Could not find real path of /sys/class/pci_bus/ffff:ff/../../ffff:ff:08.0
furious-puma-1:187512:187870 [3] NCCL INFO Could not find real path of /sys/class/pci_bus/ffff:ff/../../ffff:ff:04.0
furious-puma-1:187515:187888 [6] NCCL INFO TOPO/NET : Importing network plugins to topology
furious-puma-1:187515:187888 [6] NCCL INFO Retrieving state for IB
furious-puma-1:187515:187888 [6] NCCL INFO Initialized state 0 for IB
furious-puma-1:187515:187888 [6] NCCL INFO ncclTopoPopulateNics : Filled mlx5_0 in topo with pciPath=/sys/devices/pci0000:7e/0000:7e:01.0/0000:80:00.0 keep=1 coll=(null)
furious-puma-1:187515:187888 [6] NCCL INFO ncclTopoPopulateNics : Filled mlx5_1 in topo with pciPath=/sys/devices/pci0000:8e/0000:8e:01.0/0000:90:00.0 keep=1 coll=(null)
furious-puma-1:187515:187888 [6] NCCL INFO ncclTopoPopulateNics : Filled mlx5_2 in topo with pciPath=/sys/devices/pci0000:9e/0000:9e:01.0/0000:a0:00.0 keep=1 coll=(null)
furious-puma-1:187515:187888 [6] NCCL INFO ncclTopoPopulateNics : Filled mlx5_3 in topo with pciPath=/sys/devices/pci0000:ae/0000:ae:01.0/0000:b0:00.0 keep=1 coll=(null)
furious-puma-1:187515:187888 [6] NCCL INFO ncclTopoPopulateNics : Filled mlx5_4 in topo with pciPath=/sys/devices/pci0000:be/0000:be:01.0/0000:c0:00.0 keep=1 coll=(null)
furious-puma-1:187515:187888 [6] NCCL INFO ncclTopoPopulateNics : Filled mlx5_5 in topo with pciPath=/sys/devices/pci0000:ce/0000:ce:01.0/0000:d0:00.0 keep=1 coll=(null)
furious-puma-1:187515:187888 [6] NCCL INFO ncclTopoPopulateNics : Filled mlx5_6 in topo with pciPath=/sys/devices/pci0000:de/0000:de:01.0/0000:e0:00.0 keep=1 coll=(null)
furious-puma-1:187515:187888 [6] NCCL INFO ncclTopoPopulateNics : Filled mlx5_7 in topo with pciPath=/sys/devices/pci0000:ee/0000:ee:01.0/0000:f0:00.0 keep=1 coll=(null)
furious-puma-1:187511:187890 [2] NCCL INFO TOPO/NET : Importing network plugins to topology
furious-puma-1:187511:187890 [2] NCCL INFO Retrieving state for IB
furious-puma-1:187511:187890 [2] NCCL INFO Initialized state 0 for IB
furious-puma-1:187511:187890 [2] NCCL INFO ncclTopoPopulateNics : Filled mlx5_0 in topo with pciPath=/sys/devices/pci0000:7e/0000:7e:01.0/0000:80:00.0 keep=1 coll=(null)
furious-puma-1:187513:187767 [4] NCCL INFO TOPO/NET : Importing network plugins to topology
furious-puma-1:187513:187767 [4] NCCL INFO Retrieving state for IB
furious-puma-1:187513:187767 [4] NCCL INFO Initialized state 0 for IB
furious-puma-1:187513:187767 [4] NCCL INFO ncclTopoPopulateNics : Filled mlx5_0 in topo with pciPath=/sys/devices/pci0000:7e/0000:7e:01.0/0000:80:00.0 keep=1 coll=(null)
furious-puma-1:187511:187890 [2] NCCL INFO ncclTopoPopulateNics : Filled mlx5_1 in topo with pciPath=/sys/devices/pci0000:8e/0000:8e:01.0/0000:90:00.0 keep=1 coll=(null)
furious-puma-1:187516:187730 [7] NCCL INFO TOPO/NET : Importing network plugins to topology
furious-puma-1:187516:187730 [7] NCCL INFO Retrieving state for IB
furious-puma-1:187516:187730 [7] NCCL INFO Initialized state 0 for IB
furious-puma-1:187516:187730 [7] NCCL INFO ncclTopoPopulateNics : Filled mlx5_0 in topo with pciPath=/sys/devices/pci0000:7e/0000:7e:01.0/0000:80:00.0 keep=1 coll=(null)
furious-puma-1:187513:187767 [4] NCCL INFO ncclTopoPopulateNics : Filled mlx5_1 in topo with pciPath=/sys/devices/pci0000:8e/0000:8e:01.0/0000:90:00.0 keep=1 coll=(null)
furious-puma-1:187511:187890 [2] NCCL INFO ncclTopoPopulateNics : Filled mlx5_2 in topo with pciPath=/sys/devices/pci0000:9e/0000:9e:01.0/0000:a0:00.0 keep=1 coll=(null)
furious-puma-1:187513:187767 [4] NCCL INFO ncclTopoPopulateNics : Filled mlx5_2 in topo with pciPath=/sys/devices/pci0000:9e/0000:9e:01.0/0000:a0:00.0 keep=1 coll=(null)
furious-puma-1:187516:187730 [7] NCCL INFO ncclTopoPopulateNics : Filled mlx5_1 in topo with pciPath=/sys/devices/pci0000:8e/0000:8e:01.0/0000:90:00.0 keep=1 coll=(null)
furious-puma-1:187511:187890 [2] NCCL INFO ncclTopoPopulateNics : Filled mlx5_3 in topo with pciPath=/sys/devices/pci0000:ae/0000:ae:01.0/0000:b0:00.0 keep=1 coll=(null)
furious-puma-1:187516:187730 [7] NCCL INFO ncclTopoPopulateNics : Filled mlx5_2 in topo with pciPath=/sys/devices/pci0000:9e/0000:9e:01.0/0000:a0:00.0 keep=1 coll=(null)
furious-puma-1:187513:187767 [4] NCCL INFO ncclTopoPopulateNics : Filled mlx5_3 in topo with pciPath=/sys/devices/pci0000:ae/0000:ae:01.0/0000:b0:00.0 keep=1 coll=(null)
furious-puma-1:187511:187890 [2] NCCL INFO ncclTopoPopulateNics : Filled mlx5_4 in topo with pciPath=/sys/devices/pci0000:be/0000:be:01.0/0000:c0:00.0 keep=1 coll=(null)
furious-puma-1:187516:187730 [7] NCCL INFO ncclTopoPopulateNics : Filled mlx5_3 in topo with pciPath=/sys/devices/pci0000:ae/0000:ae:01.0/0000:b0:00.0 keep=1 coll=(null)
furious-puma-1:187513:187767 [4] NCCL INFO ncclTopoPopulateNics : Filled mlx5_4 in topo with pciPath=/sys/devices/pci0000:be/0000:be:01.0/0000:c0:00.0 keep=1 coll=(null)
furious-puma-1:187511:187890 [2] NCCL INFO ncclTopoPopulateNics : Filled mlx5_5 in topo with pciPath=/sys/devices/pci0000:ce/0000:ce:01.0/0000:d0:00.0 keep=1 coll=(null)
furious-puma-1:187516:187730 [7] NCCL INFO ncclTopoPopulateNics : Filled mlx5_4 in topo with pciPath=/sys/devices/pci0000:be/0000:be:01.0/0000:c0:00.0 keep=1 coll=(null)
furious-puma-1:187513:187767 [4] NCCL INFO ncclTopoPopulateNics : Filled mlx5_5 in topo with pciPath=/sys/devices/pci0000:ce/0000:ce:01.0/0000:d0:00.0 keep=1 coll=(null)
furious-puma-1:187511:187890 [2] NCCL INFO ncclTopoPopulateNics : Filled mlx5_6 in topo with pciPath=/sys/devices/pci0000:de/0000:de:01.0/0000:e0:00.0 keep=1 coll=(null)
furious-puma-1:187513:187767 [4] NCCL INFO ncclTopoPopulateNics : Filled mlx5_6 in topo with pciPath=/sys/devices/pci0000:de/0000:de:01.0/0000:e0:00.0 keep=1 coll=(null)
furious-puma-1:187516:187730 [7] NCCL INFO ncclTopoPopulateNics : Filled mlx5_5 in topo with pciPath=/sys/devices/pci0000:ce/0000:ce:01.0/0000:d0:00.0 keep=1 coll=(null)
furious-puma-1:187514:187731 [5] NCCL INFO TOPO/NET : Importing network plugins to topology
furious-puma-1:187514:187731 [5] NCCL INFO Retrieving state for IB
furious-puma-1:187514:187731 [5] NCCL INFO Initialized state 0 for IB
furious-puma-1:187514:187731 [5] NCCL INFO ncclTopoPopulateNics : Filled mlx5_0 in topo with pciPath=/sys/devices/pci0000:7e/0000:7e:01.0/0000:80:00.0 keep=1 coll=(null)
furious-puma-1:187511:187890 [2] NCCL INFO ncclTopoPopulateNics : Filled mlx5_7 in topo with pciPath=/sys/devices/pci0000:ee/0000:ee:01.0/0000:f0:00.0 keep=1 coll=(null)
furious-puma-1:187513:187767 [4] NCCL INFO ncclTopoPopulateNics : Filled mlx5_7 in topo with pciPath=/sys/devices/pci0000:ee/0000:ee:01.0/0000:f0:00.0 keep=1 coll=(null)
furious-puma-1:187516:187730 [7] NCCL INFO ncclTopoPopulateNics : Filled mlx5_6 in topo with pciPath=/sys/devices/pci0000:de/0000:de:01.0/0000:e0:00.0 keep=1 coll=(null)
furious-puma-1:187514:187731 [5] NCCL INFO ncclTopoPopulateNics : Filled mlx5_1 in topo with pciPath=/sys/devices/pci0000:8e/0000:8e:01.0/0000:90:00.0 keep=1 coll=(null)
furious-puma-1:187516:187730 [7] NCCL INFO ncclTopoPopulateNics : Filled mlx5_7 in topo with pciPath=/sys/devices/pci0000:ee/0000:ee:01.0/0000:f0:00.0 keep=1 coll=(null)
furious-puma-1:187514:187731 [5] NCCL INFO ncclTopoPopulateNics : Filled mlx5_2 in topo with pciPath=/sys/devices/pci0000:9e/0000:9e:01.0/0000:a0:00.0 keep=1 coll=(null)
furious-puma-1:187514:187731 [5] NCCL INFO ncclTopoPopulateNics : Filled mlx5_3 in topo with pciPath=/sys/devices/pci0000:ae/0000:ae:01.0/0000:b0:00.0 keep=1 coll=(null)
furious-puma-1:187514:187731 [5] NCCL INFO ncclTopoPopulateNics : Filled mlx5_4 in topo with pciPath=/sys/devices/pci0000:be/0000:be:01.0/0000:c0:00.0 keep=1 coll=(null)
furious-puma-1:187510:187781 [1] NCCL INFO TOPO/NET : Importing network plugins to topology
furious-puma-1:187510:187781 [1] NCCL INFO Retrieving state for IB
furious-puma-1:187510:187781 [1] NCCL INFO Initialized state 0 for IB
furious-puma-1:187510:187781 [1] NCCL INFO ncclTopoPopulateNics : Filled mlx5_0 in topo with pciPath=/sys/devices/pci0000:7e/0000:7e:01.0/0000:80:00.0 keep=1 coll=(null)
furious-puma-1:187514:187731 [5] NCCL INFO ncclTopoPopulateNics : Filled mlx5_5 in topo with pciPath=/sys/devices/pci0000:ce/0000:ce:01.0/0000:d0:00.0 keep=1 coll=(null)
furious-puma-1:187510:187781 [1] NCCL INFO ncclTopoPopulateNics : Filled mlx5_1 in topo with pciPath=/sys/devices/pci0000:8e/0000:8e:01.0/0000:90:00.0 keep=1 coll=(null)
furious-puma-1:187510:187781 [1] NCCL INFO ncclTopoPopulateNics : Filled mlx5_2 in topo with pciPath=/sys/devices/pci0000:9e/0000:9e:01.0/0000:a0:00.0 keep=1 coll=(null)
furious-puma-1:187514:187731 [5] NCCL INFO ncclTopoPopulateNics : Filled mlx5_6 in topo with pciPath=/sys/devices/pci0000:de/0000:de:01.0/0000:e0:00.0 keep=1 coll=(null)
furious-puma-1:187512:187870 [3] NCCL INFO TOPO/NET : Importing network plugins to topology
furious-puma-1:187512:187870 [3] NCCL INFO Retrieving state for IB
furious-puma-1:187512:187870 [3] NCCL INFO Initialized state 0 for IB
furious-puma-1:187512:187870 [3] NCCL INFO ncclTopoPopulateNics : Filled mlx5_0 in topo with pciPath=/sys/devices/pci0000:7e/0000:7e:01.0/0000:80:00.0 keep=1 coll=(null)
furious-puma-1:187510:187781 [1] NCCL INFO ncclTopoPopulateNics : Filled mlx5_3 in topo with pciPath=/sys/devices/pci0000:ae/0000:ae:01.0/0000:b0:00.0 keep=1 coll=(null)
furious-puma-1:187514:187731 [5] NCCL INFO ncclTopoPopulateNics : Filled mlx5_7 in topo with pciPath=/sys/devices/pci0000:ee/0000:ee:01.0/0000:f0:00.0 keep=1 coll=(null)
furious-puma-1:187512:187870 [3] NCCL INFO ncclTopoPopulateNics : Filled mlx5_1 in topo with pciPath=/sys/devices/pci0000:8e/0000:8e:01.0/0000:90:00.0 keep=1 coll=(null)
furious-puma-1:187510:187781 [1] NCCL INFO ncclTopoPopulateNics : Filled mlx5_4 in topo with pciPath=/sys/devices/pci0000:be/0000:be:01.0/0000:c0:00.0 keep=1 coll=(null)
furious-puma-1:187512:187870 [3] NCCL INFO ncclTopoPopulateNics : Filled mlx5_2 in topo with pciPath=/sys/devices/pci0000:9e/0000:9e:01.0/0000:a0:00.0 keep=1 coll=(null)
furious-puma-1:187510:187781 [1] NCCL INFO ncclTopoPopulateNics : Filled mlx5_5 in topo with pciPath=/sys/devices/pci0000:ce/0000:ce:01.0/0000:d0:00.0 keep=1 coll=(null)
furious-puma-1:187512:187870 [3] NCCL INFO ncclTopoPopulateNics : Filled mlx5_3 in topo with pciPath=/sys/devices/pci0000:ae/0000:ae:01.0/0000:b0:00.0 keep=1 coll=(null)
furious-puma-1:187510:187781 [1] NCCL INFO ncclTopoPopulateNics : Filled mlx5_6 in topo with pciPath=/sys/devices/pci0000:de/0000:de:01.0/0000:e0:00.0 keep=1 coll=(null)
furious-puma-1:187512:187870 [3] NCCL INFO ncclTopoPopulateNics : Filled mlx5_4 in topo with pciPath=/sys/devices/pci0000:be/0000:be:01.0/0000:c0:00.0 keep=1 coll=(null)
furious-puma-1:187510:187781 [1] NCCL INFO ncclTopoPopulateNics : Filled mlx5_7 in topo with pciPath=/sys/devices/pci0000:ee/0000:ee:01.0/0000:f0:00.0 keep=1 coll=(null)
furious-puma-1:187512:187870 [3] NCCL INFO ncclTopoPopulateNics : Filled mlx5_5 in topo with pciPath=/sys/devices/pci0000:ce/0000:ce:01.0/0000:d0:00.0 keep=1 coll=(null)
furious-puma-1:187512:187870 [3] NCCL INFO ncclTopoPopulateNics : Filled mlx5_6 in topo with pciPath=/sys/devices/pci0000:de/0000:de:01.0/0000:e0:00.0 keep=1 coll=(null)
furious-puma-1:187512:187870 [3] NCCL INFO ncclTopoPopulateNics : Filled mlx5_7 in topo with pciPath=/sys/devices/pci0000:ee/0000:ee:01.0/0000:f0:00.0 keep=1 coll=(null)
furious-puma-1:187509:187774 [0] NCCL INFO TOPO/NET : Importing network plugins to topology
furious-puma-1:187509:187774 [0] NCCL INFO Retrieving state for IB
furious-puma-1:187509:187774 [0] NCCL INFO Initialized state 0 for IB
furious-puma-1:187509:187774 [0] NCCL INFO ncclTopoPopulateNics : Filled mlx5_0 in topo with pciPath=/sys/devices/pci0000:7e/0000:7e:01.0/0000:80:00.0 keep=1 coll=(null)
furious-puma-1:187509:187774 [0] NCCL INFO ncclTopoPopulateNics : Filled mlx5_1 in topo with pciPath=/sys/devices/pci0000:8e/0000:8e:01.0/0000:90:00.0 keep=1 coll=(null)
furious-puma-1:187509:187774 [0] NCCL INFO ncclTopoPopulateNics : Filled mlx5_2 in topo with pciPath=/sys/devices/pci0000:9e/0000:9e:01.0/0000:a0:00.0 keep=1 coll=(null)
furious-puma-1:187509:187774 [0] NCCL INFO ncclTopoPopulateNics : Filled mlx5_3 in topo with pciPath=/sys/devices/pci0000:ae/0000:ae:01.0/0000:b0:00.0 keep=1 coll=(null)
furious-puma-1:187509:187774 [0] NCCL INFO ncclTopoPopulateNics : Filled mlx5_4 in topo with pciPath=/sys/devices/pci0000:be/0000:be:01.0/0000:c0:00.0 keep=1 coll=(null)
furious-puma-1:187509:187774 [0] NCCL INFO ncclTopoPopulateNics : Filled mlx5_5 in topo with pciPath=/sys/devices/pci0000:ce/0000:ce:01.0/0000:d0:00.0 keep=1 coll=(null)
furious-puma-1:187509:187774 [0] NCCL INFO ncclTopoPopulateNics : Filled mlx5_6 in topo with pciPath=/sys/devices/pci0000:de/0000:de:01.0/0000:e0:00.0 keep=1 coll=(null)
furious-puma-1:187509:187774 [0] NCCL INFO ncclTopoPopulateNics : Filled mlx5_7 in topo with pciPath=/sys/devices/pci0000:ee/0000:ee:01.0/0000:f0:00.0 keep=1 coll=(null)
furious-puma-1:187511:187890 [2] NCCL INFO GPU Direct RDMA Enabled for GPU 0 / HCA 0 (distance 4 <= 5), read 0 mode Default
furious-puma-1:187511:187890 [2] NCCL INFO GPU Direct RDMA Enabled for GPU 1 / HCA 0 (distance 4 <= 5), read 0 mode Default
furious-puma-1:187511:187890 [2] NCCL INFO GPU Direct RDMA Enabled for GPU 2 / HCA 0 (distance 4 <= 5), read 0 mode Default
furious-puma-1:187511:187890 [2] NCCL INFO GPU Direct RDMA Enabled for GPU 3 / HCA 0 (distance 4 <= 5), read 0 mode Default
furious-puma-1:187511:187890 [2] NCCL INFO GPU Direct RDMA Enabled for GPU 4 / HCA 0 (distance 4 <= 5), read 0 mode Default
furious-puma-1:187511:187890 [2] NCCL INFO GPU Direct RDMA Enabled for GPU 5 / HCA 0 (distance 4 <= 5), read 0 mode Default
furious-puma-1:187511:187890 [2] NCCL INFO GPU Direct RDMA Enabled for GPU 6 / HCA 0 (distance 4 <= 5), read 0 mode Default
furious-puma-1:187511:187890 [2] NCCL INFO GPU Direct RDMA Enabled for GPU 7 / HCA 0 (distance 4 <= 5), read 0 mode Default
furious-puma-1:187511:187890 [2] NCCL INFO GPU Direct RDMA Enabled for GPU 0 / HCA 1 (distance 4 <= 5), read 0 mode Default
furious-puma-1:187511:187890 [2] NCCL INFO GPU Direct RDMA Enabled for GPU 1 / HCA 1 (distance 4 <= 5), read 0 mode Default
furious-puma-1:187511:187890 [2] NCCL INFO GPU Direct RDMA Enabled for GPU 2 / HCA 1 (distance 4 <= 5), read 0 mode Default
furious-puma-1:187511:187890 [2] NCCL INFO GPU Direct RDMA Enabled for GPU 3 / HCA 1 (distance 4 <= 5), read 0 mode Default
furious-puma-1:187511:187890 [2] NCCL INFO GPU Direct RDMA Enabled for GPU 4 / HCA 1 (distance 4 <= 5), read 0 mode Default
furious-puma-1:187511:187890 [2] NCCL INFO GPU Direct RDMA Enabled for GPU 5 / HCA 1 (distance 4 <= 5), read 0 mode Default
furious-puma-1:187511:187890 [2] NCCL INFO GPU Direct RDMA Enabled for GPU 6 / HCA 1 (distance 4 <= 5), read 0 mode Default
furious-puma-1:187511:187890 [2] NCCL INFO GPU Direct RDMA Enabled for GPU 7 / HCA 1 (distance 4 <= 5), read 0 mode Default
furious-puma-1:187511:187890 [2] NCCL INFO GPU Direct RDMA Enabled for GPU 0 / HCA 2 (distance 4 <= 5), read 0 mode Default
furious-puma-1:187511:187890 [2] NCCL INFO GPU Direct RDMA Enabled for GPU 1 / HCA 2 (distance 4 <= 5), read 0 mode Default
furious-puma-1:187511:187890 [2] NCCL INFO GPU Direct RDMA Enabled for GPU 2 / HCA 2 (distance 4 <= 5), read 0 mode Default
furious-puma-1:187511:187890 [2] NCCL INFO GPU Direct RDMA Enabled for GPU 3 / HCA 2 (distance 4 <= 5), read 0 mode Default
furious-puma-1:187511:187890 [2] NCCL INFO GPU Direct RDMA Enabled for GPU 4 / HCA 2 (distance 4 <= 5), read 0 mode Default
furious-puma-1:187511:187890 [2] NCCL INFO GPU Direct RDMA Enabled for GPU 5 / HCA 2 (distance 4 <= 5), read 0 mode Default
furious-puma-1:187511:187890 [2] NCCL INFO GPU Direct RDMA Enabled for GPU 6 / HCA 2 (distance 4 <= 5), read 0 mode Default
furious-puma-1:187511:187890 [2] NCCL INFO GPU Direct RDMA Enabled for GPU 7 / HCA 2 (distance 4 <= 5), read 0 mode Default
furious-puma-1:187511:187890 [2] NCCL INFO GPU Direct RDMA Enabled for GPU 0 / HCA 3 (distance 4 <= 5), read 0 mode Default
furious-puma-1:187511:187890 [2] NCCL INFO GPU Direct RDMA Enabled for GPU 1 / HCA 3 (distance 4 <= 5), read 0 mode Default
furious-puma-1:187511:187890 [2] NCCL INFO GPU Direct RDMA Enabled for GPU 2 / HCA 3 (distance 4 <= 5), read 0 mode Default
furious-puma-1:187511:187890 [2] NCCL INFO GPU Direct RDMA Enabled for GPU 3 / HCA 3 (distance 4 <= 5), read 0 mode Default
furious-puma-1:187511:187890 [2] NCCL INFO GPU Direct RDMA Enabled for GPU 4 / HCA 3 (distance 4 <= 5), read 0 mode Default
furious-puma-1:187511:187890 [2] NCCL INFO GPU Direct RDMA Enabled for GPU 5 / HCA 3 (distance 4 <= 5), read 0 mode Default
furious-puma-1:187511:187890 [2] NCCL INFO GPU Direct RDMA Enabled for GPU 6 / HCA 3 (distance 4 <= 5), read 0 mode Default
furious-puma-1:187511:187890 [2] NCCL INFO GPU Direct RDMA Enabled for GPU 7 / HCA 3 (distance 4 <= 5), read 0 mode Default
furious-puma-1:187511:187890 [2] NCCL INFO GPU Direct RDMA Enabled for GPU 0 / HCA 4 (distance 4 <= 5), read 0 mode Default
furious-puma-1:187511:187890 [2] NCCL INFO GPU Direct RDMA Enabled for GPU 1 / HCA 4 (distance 4 <= 5), read 0 mode Default
furious-puma-1:187511:187890 [2] NCCL INFO GPU Direct RDMA Enabled for GPU 2 / HCA 4 (distance 4 <= 5), read 0 mode Default
furious-puma-1:187511:187890 [2] NCCL INFO GPU Direct RDMA Enabled for GPU 3 / HCA 4 (distance 4 <= 5), read 0 mode Default
furious-puma-1:187511:187890 [2] NCCL INFO GPU Direct RDMA Enabled for GPU 4 / HCA 4 (distance 4 <= 5), read 0 mode Default
furious-puma-1:187511:187890 [2] NCCL INFO GPU Direct RDMA Enabled for GPU 5 / HCA 4 (distance 4 <= 5), read 0 mode Default
furious-puma-1:187511:187890 [2] NCCL INFO GPU Direct RDMA Enabled for GPU 6 / HCA 4 (distance 4 <= 5), read 0 mode Default
furious-puma-1:187511:187890 [2] NCCL INFO GPU Direct RDMA Enabled for GPU 7 / HCA 4 (distance 4 <= 5), read 0 mode Default
furious-puma-1:187511:187890 [2] NCCL INFO GPU Direct RDMA Enabled for GPU 0 / HCA 5 (distance 4 <= 5), read 0 mode Default
furious-puma-1:187511:187890 [2] NCCL INFO GPU Direct RDMA Enabled for GPU 1 / HCA 5 (distance 4 <= 5), read 0 mode Default
furious-puma-1:187511:187890 [2] NCCL INFO GPU Direct RDMA Enabled for GPU 2 / HCA 5 (distance 4 <= 5), read 0 mode Default
furious-puma-1:187511:187890 [2] NCCL INFO GPU Direct RDMA Enabled for GPU 3 / HCA 5 (distance 4 <= 5), read 0 mode Default
furious-puma-1:187511:187890 [2] NCCL INFO GPU Direct RDMA Enabled for GPU 4 / HCA 5 (distance 4 <= 5), read 0 mode Default
furious-puma-1:187511:187890 [2] NCCL INFO GPU Direct RDMA Enabled for GPU 5 / HCA 5 (distance 4 <= 5), read 0 mode Default
furious-puma-1:187511:187890 [2] NCCL INFO GPU Direct RDMA Enabled for GPU 6 / HCA 5 (distance 4 <= 5), read 0 mode Default
furious-puma-1:187511:187890 [2] NCCL INFO GPU Direct RDMA Enabled for GPU 7 / HCA 5 (distance 4 <= 5), read 0 mode Default
furious-puma-1:187511:187890 [2] NCCL INFO GPU Direct RDMA Enabled for GPU 0 / HCA 6 (distance 4 <= 5), read 0 mode Default
furious-puma-1:187511:187890 [2] NCCL INFO GPU Direct RDMA Enabled for GPU 1 / HCA 6 (distance 4 <= 5), read 0 mode Default
furious-puma-1:187511:187890 [2] NCCL INFO GPU Direct RDMA Enabled for GPU 2 / HCA 6 (distance 4 <= 5), read 0 mode Default
furious-puma-1:187511:187890 [2] NCCL INFO GPU Direct RDMA Enabled for GPU 3 / HCA 6 (distance 4 <= 5), read 0 mode Default
furious-puma-1:187511:187890 [2] NCCL INFO GPU Direct RDMA Enabled for GPU 4 / HCA 6 (distance 4 <= 5), read 0 mode Default
furious-puma-1:187511:187890 [2] NCCL INFO GPU Direct RDMA Enabled for GPU 5 / HCA 6 (distance 4 <= 5), read 0 mode Default
furious-puma-1:187511:187890 [2] NCCL INFO GPU Direct RDMA Enabled for GPU 6 / HCA 6 (distance 4 <= 5), read 0 mode Default
furious-puma-1:187511:187890 [2] NCCL INFO GPU Direct RDMA Enabled for GPU 7 / HCA 6 (distance 4 <= 5), read 0 mode Default
furious-puma-1:187511:187890 [2] NCCL INFO GPU Direct RDMA Enabled for GPU 0 / HCA 7 (distance 4 <= 5), read 0 mode Default
furious-puma-1:187511:187890 [2] NCCL INFO GPU Direct RDMA Enabled for GPU 1 / HCA 7 (distance 4 <= 5), read 0 mode Default
furious-puma-1:187511:187890 [2] NCCL INFO GPU Direct RDMA Enabled for GPU 2 / HCA 7 (distance 4 <= 5), read 0 mode Default
furious-puma-1:187511:187890 [2] NCCL INFO GPU Direct RDMA Enabled for GPU 3 / HCA 7 (distance 4 <= 5), read 0 mode Default
furious-puma-1:187511:187890 [2] NCCL INFO GPU Direct RDMA Enabled for GPU 4 / HCA 7 (distance 4 <= 5), read 0 mode Default
furious-puma-1:187511:187890 [2] NCCL INFO GPU Direct RDMA Enabled for GPU 5 / HCA 7 (distance 4 <= 5), read 0 mode Default
furious-puma-1:187511:187890 [2] NCCL INFO GPU Direct RDMA Enabled for GPU 6 / HCA 7 (distance 4 <= 5), read 0 mode Default
furious-puma-1:187511:187890 [2] NCCL INFO GPU Direct RDMA Enabled for GPU 7 / HCA 7 (distance 4 <= 5), read 0 mode Default
furious-puma-1:187515:187888 [6] NCCL INFO GPU Direct RDMA Enabled for GPU 0 / HCA 0 (distance 4 <= 5), read 0 mode Default
furious-puma-1:187515:187888 [6] NCCL INFO GPU Direct RDMA Enabled for GPU 1 / HCA 0 (distance 4 <= 5), read 0 mode Default
furious-puma-1:187515:187888 [6] NCCL INFO GPU Direct RDMA Enabled for GPU 2 / HCA 0 (distance 4 <= 5), read 0 mode Default
furious-puma-1:187515:187888 [6] NCCL INFO GPU Direct RDMA Enabled for GPU 3 / HCA 0 (distance 4 <= 5), read 0 mode Default
furious-puma-1:187515:187888 [6] NCCL INFO GPU Direct RDMA Enabled for GPU 4 / HCA 0 (distance 4 <= 5), read 0 mode Default
furious-puma-1:187515:187888 [6] NCCL INFO GPU Direct RDMA Enabled for GPU 5 / HCA 0 (distance 4 <= 5), read 0 mode Default
furious-puma-1:187515:187888 [6] NCCL INFO GPU Direct RDMA Enabled for GPU 6 / HCA 0 (distance 4 <= 5), read 0 mode Default
furious-puma-1:187515:187888 [6] NCCL INFO GPU Direct RDMA Enabled for GPU 7 / HCA 0 (distance 4 <= 5), read 0 mode Default
furious-puma-1:187515:187888 [6] NCCL INFO GPU Direct RDMA Enabled for GPU 0 / HCA 1 (distance 4 <= 5), read 0 mode Default
furious-puma-1:187515:187888 [6] NCCL INFO GPU Direct RDMA Enabled for GPU 1 / HCA 1 (distance 4 <= 5), read 0 mode Default
furious-puma-1:187515:187888 [6] NCCL INFO GPU Direct RDMA Enabled for GPU 2 / HCA 1 (distance 4 <= 5), read 0 mode Default
furious-puma-1:187515:187888 [6] NCCL INFO GPU Direct RDMA Enabled for GPU 3 / HCA 1 (distance 4 <= 5), read 0 mode Default
furious-puma-1:187515:187888 [6] NCCL INFO GPU Direct RDMA Enabled for GPU 4 / HCA 1 (distance 4 <= 5), read 0 mode Default
furious-puma-1:187515:187888 [6] NCCL INFO GPU Direct RDMA Enabled for GPU 5 / HCA 1 (distance 4 <= 5), read 0 mode Default
furious-puma-1:187515:187888 [6] NCCL INFO GPU Direct RDMA Enabled for GPU 6 / HCA 1 (distance 4 <= 5), read 0 mode Default
furious-puma-1:187515:187888 [6] NCCL INFO GPU Direct RDMA Enabled for GPU 7 / HCA 1 (distance 4 <= 5), read 0 mode Default
furious-puma-1:187515:187888 [6] NCCL INFO GPU Direct RDMA Enabled for GPU 0 / HCA 2 (distance 4 <= 5), read 0 mode Default
furious-puma-1:187515:187888 [6] NCCL INFO GPU Direct RDMA Enabled for GPU 1 / HCA 2 (distance 4 <= 5), read 0 mode Default
furious-puma-1:187515:187888 [6] NCCL INFO GPU Direct RDMA Enabled for GPU 2 / HCA 2 (distance 4 <= 5), read 0 mode Default
furious-puma-1:187515:187888 [6] NCCL INFO GPU Direct RDMA Enabled for GPU 3 / HCA 2 (distance 4 <= 5), read 0 mode Default
furious-puma-1:187515:187888 [6] NCCL INFO GPU Direct RDMA Enabled for GPU 4 / HCA 2 (distance 4 <= 5), read 0 mode Default
furious-puma-1:187515:187888 [6] NCCL INFO GPU Direct RDMA Enabled for GPU 5 / HCA 2 (distance 4 <= 5), read 0 mode Default
furious-puma-1:187515:187888 [6] NCCL INFO GPU Direct RDMA Enabled for GPU 6 / HCA 2 (distance 4 <= 5), read 0 mode Default
furious-puma-1:187515:187888 [6] NCCL INFO GPU Direct RDMA Enabled for GPU 7 / HCA 2 (distance 4 <= 5), read 0 mode Default
furious-puma-1:187515:187888 [6] NCCL INFO GPU Direct RDMA Enabled for GPU 0 / HCA 3 (distance 4 <= 5), read 0 mode Default
furious-puma-1:187515:187888 [6] NCCL INFO GPU Direct RDMA Enabled for GPU 1 / HCA 3 (distance 4 <= 5), read 0 mode Default
furious-puma-1:187515:187888 [6] NCCL INFO GPU Direct RDMA Enabled for GPU 2 / HCA 3 (distance 4 <= 5), read 0 mode Default
furious-puma-1:187515:187888 [6] NCCL INFO GPU Direct RDMA Enabled for GPU 3 / HCA 3 (distance 4 <= 5), read 0 mode Default
furious-puma-1:187515:187888 [6] NCCL INFO GPU Direct RDMA Enabled for GPU 4 / HCA 3 (distance 4 <= 5), read 0 mode Default
furious-puma-1:187515:187888 [6] NCCL INFO GPU Direct RDMA Enabled for GPU 5 / HCA 3 (distance 4 <= 5), read 0 mode Default
furious-puma-1:187515:187888 [6] NCCL INFO GPU Direct RDMA Enabled for GPU 6 / HCA 3 (distance 4 <= 5), read 0 mode Default
furious-puma-1:187515:187888 [6] NCCL INFO GPU Direct RDMA Enabled for GPU 7 / HCA 3 (distance 4 <= 5), read 0 mode Default
furious-puma-1:187515:187888 [6] NCCL INFO GPU Direct RDMA Enabled for GPU 0 / HCA 4 (distance 4 <= 5), read 0 mode Default
furious-puma-1:187515:187888 [6] NCCL INFO GPU Direct RDMA Enabled for GPU 1 / HCA 4 (distance 4 <= 5), read 0 mode Default
furious-puma-1:187515:187888 [6] NCCL INFO GPU Direct RDMA Enabled for GPU 2 / HCA 4 (distance 4 <= 5), read 0 mode Default
furious-puma-1:187515:187888 [6] NCCL INFO GPU Direct RDMA Enabled for GPU 3 / HCA 4 (distance 4 <= 5), read 0 mode Default
furious-puma-1:187515:187888 [6] NCCL INFO GPU Direct RDMA Enabled for GPU 4 / HCA 4 (distance 4 <= 5), read 0 mode Default
furious-puma-1:187515:187888 [6] NCCL INFO GPU Direct RDMA Enabled for GPU 5 / HCA 4 (distance 4 <= 5), read 0 mode Default
furious-puma-1:187515:187888 [6] NCCL INFO GPU Direct RDMA Enabled for GPU 6 / HCA 4 (distance 4 <= 5), read 0 mode Default
furious-puma-1:187515:187888 [6] NCCL INFO GPU Direct RDMA Enabled for GPU 7 / HCA 4 (distance 4 <= 5), read 0 mode Default
furious-puma-1:187515:187888 [6] NCCL INFO GPU Direct RDMA Enabled for GPU 0 / HCA 5 (distance 4 <= 5), read 0 mode Default
furious-puma-1:187515:187888 [6] NCCL INFO GPU Direct RDMA Enabled for GPU 1 / HCA 5 (distance 4 <= 5), read 0 mode Default
furious-puma-1:187515:187888 [6] NCCL INFO GPU Direct RDMA Enabled for GPU 2 / HCA 5 (distance 4 <= 5), read 0 mode Default
furious-puma-1:187515:187888 [6] NCCL INFO GPU Direct RDMA Enabled for GPU 3 / HCA 5 (distance 4 <= 5), read 0 mode Default
furious-puma-1:187515:187888 [6] NCCL INFO GPU Direct RDMA Enabled for GPU 4 / HCA 5 (distance 4 <= 5), read 0 mode Default
furious-puma-1:187515:187888 [6] NCCL INFO GPU Direct RDMA Enabled for GPU 5 / HCA 5 (distance 4 <= 5), read 0 mode Default
furious-puma-1:187515:187888 [6] NCCL INFO GPU Direct RDMA Enabled for GPU 6 / HCA 5 (distance 4 <= 5), read 0 mode Default
furious-puma-1:187515:187888 [6] NCCL INFO GPU Direct RDMA Enabled for GPU 7 / HCA 5 (distance 4 <= 5), read 0 mode Default
furious-puma-1:187515:187888 [6] NCCL INFO GPU Direct RDMA Enabled for GPU 0 / HCA 6 (distance 4 <= 5), read 0 mode Default
furious-puma-1:187515:187888 [6] NCCL INFO GPU Direct RDMA Enabled for GPU 1 / HCA 6 (distance 4 <= 5), read 0 mode Default
furious-puma-1:187515:187888 [6] NCCL INFO GPU Direct RDMA Enabled for GPU 2 / HCA 6 (distance 4 <= 5), read 0 mode Default
furious-puma-1:187515:187888 [6] NCCL INFO GPU Direct RDMA Enabled for GPU 3 / HCA 6 (distance 4 <= 5), read 0 mode Default
furious-puma-1:187515:187888 [6] NCCL INFO GPU Direct RDMA Enabled for GPU 4 / HCA 6 (distance 4 <= 5), read 0 mode Default
furious-puma-1:187512:187870 [3] NCCL INFO GPU Direct RDMA Enabled for GPU 0 / HCA 0 (distance 4 <= 5), read 0 mode Default
furious-puma-1:187515:187888 [6] NCCL INFO GPU Direct RDMA Enabled for GPU 5 / HCA 6 (distance 4 <= 5), read 0 mode Default
furious-puma-1:187515:187888 [6] NCCL INFO GPU Direct RDMA Enabled for GPU 6 / HCA 6 (distance 4 <= 5), read 0 mode Default
furious-puma-1:187515:187888 [6] NCCL INFO GPU Direct RDMA Enabled for GPU 7 / HCA 6 (distance 4 <= 5), read 0 mode Default
furious-puma-1:187512:187870 [3] NCCL INFO GPU Direct RDMA Enabled for GPU 1 / HCA 0 (distance 4 <= 5), read 0 mode Default
furious-puma-1:187515:187888 [6] NCCL INFO GPU Direct RDMA Enabled for GPU 0 / HCA 7 (distance 4 <= 5), read 0 mode Default
furious-puma-1:187515:187888 [6] NCCL INFO GPU Direct RDMA Enabled for GPU 1 / HCA 7 (distance 4 <= 5), read 0 mode Default
furious-puma-1:187512:187870 [3] NCCL INFO GPU Direct RDMA Enabled for GPU 2 / HCA 0 (distance 4 <= 5), read 0 mode Default
furious-puma-1:187515:187888 [6] NCCL INFO GPU Direct RDMA Enabled for GPU 2 / HCA 7 (distance 4 <= 5), read 0 mode Default
furious-puma-1:187515:187888 [6] NCCL INFO GPU Direct RDMA Enabled for GPU 3 / HCA 7 (distance 4 <= 5), read 0 mode Default
furious-puma-1:187512:187870 [3] NCCL INFO GPU Direct RDMA Enabled for GPU 3 / HCA 0 (distance 4 <= 5), read 0 mode Default
furious-puma-1:187515:187888 [6] NCCL INFO GPU Direct RDMA Enabled for GPU 4 / HCA 7 (distance 4 <= 5), read 0 mode Default
furious-puma-1:187512:187870 [3] NCCL INFO GPU Direct RDMA Enabled for GPU 4 / HCA 0 (distance 4 <= 5), read 0 mode Default
furious-puma-1:187515:187888 [6] NCCL INFO GPU Direct RDMA Enabled for GPU 5 / HCA 7 (distance 4 <= 5), read 0 mode Default
furious-puma-1:187515:187888 [6] NCCL INFO GPU Direct RDMA Enabled for GPU 6 / HCA 7 (distance 4 <= 5), read 0 mode Default
furious-puma-1:187512:187870 [3] NCCL INFO GPU Direct RDMA Enabled for GPU 5 / HCA 0 (distance 4 <= 5), read 0 mode Default
furious-puma-1:187515:187888 [6] NCCL INFO GPU Direct RDMA Enabled for GPU 7 / HCA 7 (distance 4 <= 5), read 0 mode Default
furious-puma-1:187512:187870 [3] NCCL INFO GPU Direct RDMA Enabled for GPU 6 / HCA 0 (distance 4 <= 5), read 0 mode Default
furious-puma-1:187512:187870 [3] NCCL INFO GPU Direct RDMA Enabled for GPU 7 / HCA 0 (distance 4 <= 5), read 0 mode Default
furious-puma-1:187512:187870 [3] NCCL INFO GPU Direct RDMA Enabled for GPU 0 / HCA 1 (distance 4 <= 5), read 0 mode Default
furious-puma-1:187512:187870 [3] NCCL INFO GPU Direct RDMA Enabled for GPU 1 / HCA 1 (distance 4 <= 5), read 0 mode Default
furious-puma-1:187512:187870 [3] NCCL INFO GPU Direct RDMA Enabled for GPU 2 / HCA 1 (distance 4 <= 5), read 0 mode Default
furious-puma-1:187512:187870 [3] NCCL INFO GPU Direct RDMA Enabled for GPU 3 / HCA 1 (distance 4 <= 5), read 0 mode Default
furious-puma-1:187512:187870 [3] NCCL INFO GPU Direct RDMA Enabled for GPU 4 / HCA 1 (distance 4 <= 5), read 0 mode Default
furious-puma-1:187512:187870 [3] NCCL INFO GPU Direct RDMA Enabled for GPU 5 / HCA 1 (distance 4 <= 5), read 0 mode Default
furious-puma-1:187512:187870 [3] NCCL INFO GPU Direct RDMA Enabled for GPU 6 / HCA 1 (distance 4 <= 5), read 0 mode Default
furious-puma-1:187512:187870 [3] NCCL INFO GPU Direct RDMA Enabled for GPU 7 / HCA 1 (distance 4 <= 5), read 0 mode Default
furious-puma-1:187512:187870 [3] NCCL INFO GPU Direct RDMA Enabled for GPU 0 / HCA 2 (distance 4 <= 5), read 0 mode Default
furious-puma-1:187512:187870 [3] NCCL INFO GPU Direct RDMA Enabled for GPU 1 / HCA 2 (distance 4 <= 5), read 0 mode Default
furious-puma-1:187512:187870 [3] NCCL INFO GPU Direct RDMA Enabled for GPU 2 / HCA 2 (distance 4 <= 5), read 0 mode Default
furious-puma-1:187512:187870 [3] NCCL INFO GPU Direct RDMA Enabled for GPU 3 / HCA 2 (distance 4 <= 5), read 0 mode Default
furious-puma-1:187512:187870 [3] NCCL INFO GPU Direct RDMA Enabled for GPU 4 / HCA 2 (distance 4 <= 5), read 0 mode Default
furious-puma-1:187512:187870 [3] NCCL INFO GPU Direct RDMA Enabled for GPU 5 / HCA 2 (distance 4 <= 5), read 0 mode Default
furious-puma-1:187512:187870 [3] NCCL INFO GPU Direct RDMA Enabled for GPU 6 / HCA 2 (distance 4 <= 5), read 0 mode Default
furious-puma-1:187512:187870 [3] NCCL INFO GPU Direct RDMA Enabled for GPU 7 / HCA 2 (distance 4 <= 5), read 0 mode Default
furious-puma-1:187512:187870 [3] NCCL INFO GPU Direct RDMA Enabled for GPU 0 / HCA 3 (distance 4 <= 5), read 0 mode Default
furious-puma-1:187512:187870 [3] NCCL INFO GPU Direct RDMA Enabled for GPU 1 / HCA 3 (distance 4 <= 5), read 0 mode Default
furious-puma-1:187512:187870 [3] NCCL INFO GPU Direct RDMA Enabled for GPU 2 / HCA 3 (distance 4 <= 5), read 0 mode Default
furious-puma-1:187512:187870 [3] NCCL INFO GPU Direct RDMA Enabled for GPU 3 / HCA 3 (distance 4 <= 5), read 0 mode Default
furious-puma-1:187512:187870 [3] NCCL INFO GPU Direct RDMA Enabled for GPU 4 / HCA 3 (distance 4 <= 5), read 0 mode Default
furious-puma-1:187512:187870 [3] NCCL INFO GPU Direct RDMA Enabled for GPU 5 / HCA 3 (distance 4 <= 5), read 0 mode Default
furious-puma-1:187512:187870 [3] NCCL INFO GPU Direct RDMA Enabled for GPU 6 / HCA 3 (distance 4 <= 5), read 0 mode Default
furious-puma-1:187512:187870 [3] NCCL INFO GPU Direct RDMA Enabled for GPU 7 / HCA 3 (distance 4 <= 5), read 0 mode Default
furious-puma-1:187512:187870 [3] NCCL INFO GPU Direct RDMA Enabled for GPU 0 / HCA 4 (distance 4 <= 5), read 0 mode Default
furious-puma-1:187512:187870 [3] NCCL INFO GPU Direct RDMA Enabled for GPU 1 / HCA 4 (distance 4 <= 5), read 0 mode Default
furious-puma-1:187512:187870 [3] NCCL INFO GPU Direct RDMA Enabled for GPU 2 / HCA 4 (distance 4 <= 5), read 0 mode Default
furious-puma-1:187512:187870 [3] NCCL INFO GPU Direct RDMA Enabled for GPU 3 / HCA 4 (distance 4 <= 5), read 0 mode Default
furious-puma-1:187512:187870 [3] NCCL INFO GPU Direct RDMA Enabled for GPU 4 / HCA 4 (distance 4 <= 5), read 0 mode Default
furious-puma-1:187512:187870 [3] NCCL INFO GPU Direct RDMA Enabled for GPU 5 / HCA 4 (distance 4 <= 5), read 0 mode Default
furious-puma-1:187512:187870 [3] NCCL INFO GPU Direct RDMA Enabled for GPU 6 / HCA 4 (distance 4 <= 5), read 0 mode Default
furious-puma-1:187512:187870 [3] NCCL INFO GPU Direct RDMA Enabled for GPU 7 / HCA 4 (distance 4 <= 5), read 0 mode Default
furious-puma-1:187512:187870 [3] NCCL INFO GPU Direct RDMA Enabled for GPU 0 / HCA 5 (distance 4 <= 5), read 0 mode Default
furious-puma-1:187512:187870 [3] NCCL INFO GPU Direct RDMA Enabled for GPU 1 / HCA 5 (distance 4 <= 5), read 0 mode Default
furious-puma-1:187512:187870 [3] NCCL INFO GPU Direct RDMA Enabled for GPU 2 / HCA 5 (distance 4 <= 5), read 0 mode Default
furious-puma-1:187512:187870 [3] NCCL INFO GPU Direct RDMA Enabled for GPU 3 / HCA 5 (distance 4 <= 5), read 0 mode Default
furious-puma-1:187512:187870 [3] NCCL INFO GPU Direct RDMA Enabled for GPU 4 / HCA 5 (distance 4 <= 5), read 0 mode Default
furious-puma-1:187510:187781 [1] NCCL INFO GPU Direct RDMA Enabled for GPU 0 / HCA 0 (distance 4 <= 5), read 0 mode Default
furious-puma-1:187512:187870 [3] NCCL INFO GPU Direct RDMA Enabled for GPU 5 / HCA 5 (distance 4 <= 5), read 0 mode Default
furious-puma-1:187512:187870 [3] NCCL INFO GPU Direct RDMA Enabled for GPU 6 / HCA 5 (distance 4 <= 5), read 0 mode Default
furious-puma-1:187510:187781 [1] NCCL INFO GPU Direct RDMA Enabled for GPU 1 / HCA 0 (distance 4 <= 5), read 0 mode Default
furious-puma-1:187512:187870 [3] NCCL INFO GPU Direct RDMA Enabled for GPU 7 / HCA 5 (distance 4 <= 5), read 0 mode Default
furious-puma-1:187510:187781 [1] NCCL INFO GPU Direct RDMA Enabled for GPU 2 / HCA 0 (distance 4 <= 5), read 0 mode Default
furious-puma-1:187510:187781 [1] NCCL INFO GPU Direct RDMA Enabled for GPU 3 / HCA 0 (distance 4 <= 5), read 0 mode Default
furious-puma-1:187512:187870 [3] NCCL INFO GPU Direct RDMA Enabled for GPU 0 / HCA 6 (distance 4 <= 5), read 0 mode Default
furious-puma-1:187510:187781 [1] NCCL INFO GPU Direct RDMA Enabled for GPU 4 / HCA 0 (distance 4 <= 5), read 0 mode Default
furious-puma-1:187512:187870 [3] NCCL INFO GPU Direct RDMA Enabled for GPU 1 / HCA 6 (distance 4 <= 5), read 0 mode Default
furious-puma-1:187510:187781 [1] NCCL INFO GPU Direct RDMA Enabled for GPU 5 / HCA 0 (distance 4 <= 5), read 0 mode Default
furious-puma-1:187510:187781 [1] NCCL INFO GPU Direct RDMA Enabled for GPU 6 / HCA 0 (distance 4 <= 5), read 0 mode Default
furious-puma-1:187512:187870 [3] NCCL INFO GPU Direct RDMA Enabled for GPU 2 / HCA 6 (distance 4 <= 5), read 0 mode Default
furious-puma-1:187510:187781 [1] NCCL INFO GPU Direct RDMA Enabled for GPU 7 / HCA 0 (distance 4 <= 5), read 0 mode Default
furious-puma-1:187512:187870 [3] NCCL INFO GPU Direct RDMA Enabled for GPU 3 / HCA 6 (distance 4 <= 5), read 0 mode Default
furious-puma-1:187510:187781 [1] NCCL INFO GPU Direct RDMA Enabled for GPU 0 / HCA 1 (distance 4 <= 5), read 0 mode Default
furious-puma-1:187512:187870 [3] NCCL INFO GPU Direct RDMA Enabled for GPU 4 / HCA 6 (distance 4 <= 5), read 0 mode Default
furious-puma-1:187510:187781 [1] NCCL INFO GPU Direct RDMA Enabled for GPU 1 / HCA 1 (distance 4 <= 5), read 0 mode Default
furious-puma-1:187510:187781 [1] NCCL INFO GPU Direct RDMA Enabled for GPU 2 / HCA 1 (distance 4 <= 5), read 0 mode Default
furious-puma-1:187512:187870 [3] NCCL INFO GPU Direct RDMA Enabled for GPU 5 / HCA 6 (distance 4 <= 5), read 0 mode Default
furious-puma-1:187510:187781 [1] NCCL INFO GPU Direct RDMA Enabled for GPU 3 / HCA 1 (distance 4 <= 5), read 0 mode Default
furious-puma-1:187512:187870 [3] NCCL INFO GPU Direct RDMA Enabled for GPU 6 / HCA 6 (distance 4 <= 5), read 0 mode Default
furious-puma-1:187510:187781 [1] NCCL INFO GPU Direct RDMA Enabled for GPU 4 / HCA 1 (distance 4 <= 5), read 0 mode Default
furious-puma-1:187512:187870 [3] NCCL INFO GPU Direct RDMA Enabled for GPU 7 / HCA 6 (distance 4 <= 5), read 0 mode Default
furious-puma-1:187510:187781 [1] NCCL INFO GPU Direct RDMA Enabled for GPU 5 / HCA 1 (distance 4 <= 5), read 0 mode Default
furious-puma-1:187512:187870 [3] NCCL INFO GPU Direct RDMA Enabled for GPU 0 / HCA 7 (distance 4 <= 5), read 0 mode Default
furious-puma-1:187510:187781 [1] NCCL INFO GPU Direct RDMA Enabled for GPU 6 / HCA 1 (distance 4 <= 5), read 0 mode Default
furious-puma-1:187512:187870 [3] NCCL INFO GPU Direct RDMA Enabled for GPU 1 / HCA 7 (distance 4 <= 5), read 0 mode Default
furious-puma-1:187510:187781 [1] NCCL INFO GPU Direct RDMA Enabled for GPU 7 / HCA 1 (distance 4 <= 5), read 0 mode Default
furious-puma-1:187510:187781 [1] NCCL INFO GPU Direct RDMA Enabled for GPU 0 / HCA 2 (distance 4 <= 5), read 0 mode Default
furious-puma-1:187512:187870 [3] NCCL INFO GPU Direct RDMA Enabled for GPU 2 / HCA 7 (distance 4 <= 5), read 0 mode Default
furious-puma-1:187510:187781 [1] NCCL INFO GPU Direct RDMA Enabled for GPU 1 / HCA 2 (distance 4 <= 5), read 0 mode Default
furious-puma-1:187510:187781 [1] NCCL INFO GPU Direct RDMA Enabled for GPU 2 / HCA 2 (distance 4 <= 5), read 0 mode Default
furious-puma-1:187512:187870 [3] NCCL INFO GPU Direct RDMA Enabled for GPU 3 / HCA 7 (distance 4 <= 5), read 0 mode Default
furious-puma-1:187510:187781 [1] NCCL INFO GPU Direct RDMA Enabled for GPU 3 / HCA 2 (distance 4 <= 5), read 0 mode Default
furious-puma-1:187510:187781 [1] NCCL INFO GPU Direct RDMA Enabled for GPU 4 / HCA 2 (distance 4 <= 5), read 0 mode Default
furious-puma-1:187512:187870 [3] NCCL INFO GPU Direct RDMA Enabled for GPU 4 / HCA 7 (distance 4 <= 5), read 0 mode Default
furious-puma-1:187510:187781 [1] NCCL INFO GPU Direct RDMA Enabled for GPU 5 / HCA 2 (distance 4 <= 5), read 0 mode Default
furious-puma-1:187512:187870 [3] NCCL INFO GPU Direct RDMA Enabled for GPU 5 / HCA 7 (distance 4 <= 5), read 0 mode Default
furious-puma-1:187510:187781 [1] NCCL INFO GPU Direct RDMA Enabled for GPU 6 / HCA 2 (distance 4 <= 5), read 0 mode Default
furious-puma-1:187510:187781 [1] NCCL INFO GPU Direct RDMA Enabled for GPU 7 / HCA 2 (distance 4 <= 5), read 0 mode Default
furious-puma-1:187512:187870 [3] NCCL INFO GPU Direct RDMA Enabled for GPU 6 / HCA 7 (distance 4 <= 5), read 0 mode Default
furious-puma-1:187510:187781 [1] NCCL INFO GPU Direct RDMA Enabled for GPU 0 / HCA 3 (distance 4 <= 5), read 0 mode Default
furious-puma-1:187512:187870 [3] NCCL INFO GPU Direct RDMA Enabled for GPU 7 / HCA 7 (distance 4 <= 5), read 0 mode Default
furious-puma-1:187510:187781 [1] NCCL INFO GPU Direct RDMA Enabled for GPU 1 / HCA 3 (distance 4 <= 5), read 0 mode Default
furious-puma-1:187510:187781 [1] NCCL INFO GPU Direct RDMA Enabled for GPU 2 / HCA 3 (distance 4 <= 5), read 0 mode Default
furious-puma-1:187510:187781 [1] NCCL INFO GPU Direct RDMA Enabled for GPU 3 / HCA 3 (distance 4 <= 5), read 0 mode Default
furious-puma-1:187510:187781 [1] NCCL INFO GPU Direct RDMA Enabled for GPU 4 / HCA 3 (distance 4 <= 5), read 0 mode Default
furious-puma-1:187510:187781 [1] NCCL INFO GPU Direct RDMA Enabled for GPU 5 / HCA 3 (distance 4 <= 5), read 0 mode Default
furious-puma-1:187510:187781 [1] NCCL INFO GPU Direct RDMA Enabled for GPU 6 / HCA 3 (distance 4 <= 5), read 0 mode Default
furious-puma-1:187510:187781 [1] NCCL INFO GPU Direct RDMA Enabled for GPU 7 / HCA 3 (distance 4 <= 5), read 0 mode Default
furious-puma-1:187510:187781 [1] NCCL INFO GPU Direct RDMA Enabled for GPU 0 / HCA 4 (distance 4 <= 5), read 0 mode Default
furious-puma-1:187510:187781 [1] NCCL INFO GPU Direct RDMA Enabled for GPU 1 / HCA 4 (distance 4 <= 5), read 0 mode Default
furious-puma-1:187510:187781 [1] NCCL INFO GPU Direct RDMA Enabled for GPU 2 / HCA 4 (distance 4 <= 5), read 0 mode Default
furious-puma-1:187510:187781 [1] NCCL INFO GPU Direct RDMA Enabled for GPU 3 / HCA 4 (distance 4 <= 5), read 0 mode Default
furious-puma-1:187510:187781 [1] NCCL INFO GPU Direct RDMA Enabled for GPU 4 / HCA 4 (distance 4 <= 5), read 0 mode Default
furious-puma-1:187510:187781 [1] NCCL INFO GPU Direct RDMA Enabled for GPU 5 / HCA 4 (distance 4 <= 5), read 0 mode Default
furious-puma-1:187510:187781 [1] NCCL INFO GPU Direct RDMA Enabled for GPU 6 / HCA 4 (distance 4 <= 5), read 0 mode Default
furious-puma-1:187510:187781 [1] NCCL INFO GPU Direct RDMA Enabled for GPU 7 / HCA 4 (distance 4 <= 5), read 0 mode Default
furious-puma-1:187510:187781 [1] NCCL INFO GPU Direct RDMA Enabled for GPU 0 / HCA 5 (distance 4 <= 5), read 0 mode Default
furious-puma-1:187510:187781 [1] NCCL INFO GPU Direct RDMA Enabled for GPU 1 / HCA 5 (distance 4 <= 5), read 0 mode Default
furious-puma-1:187510:187781 [1] NCCL INFO GPU Direct RDMA Enabled for GPU 2 / HCA 5 (distance 4 <= 5), read 0 mode Default
furious-puma-1:187510:187781 [1] NCCL INFO GPU Direct RDMA Enabled for GPU 3 / HCA 5 (distance 4 <= 5), read 0 mode Default
furious-puma-1:187510:187781 [1] NCCL INFO GPU Direct RDMA Enabled for GPU 4 / HCA 5 (distance 4 <= 5), read 0 mode Default
furious-puma-1:187510:187781 [1] NCCL INFO GPU Direct RDMA Enabled for GPU 5 / HCA 5 (distance 4 <= 5), read 0 mode Default
furious-puma-1:187510:187781 [1] NCCL INFO GPU Direct RDMA Enabled for GPU 6 / HCA 5 (distance 4 <= 5), read 0 mode Default
furious-puma-1:187510:187781 [1] NCCL INFO GPU Direct RDMA Enabled for GPU 7 / HCA 5 (distance 4 <= 5), read 0 mode Default
furious-puma-1:187510:187781 [1] NCCL INFO GPU Direct RDMA Enabled for GPU 0 / HCA 6 (distance 4 <= 5), read 0 mode Default
furious-puma-1:187510:187781 [1] NCCL INFO GPU Direct RDMA Enabled for GPU 1 / HCA 6 (distance 4 <= 5), read 0 mode Default
furious-puma-1:187510:187781 [1] NCCL INFO GPU Direct RDMA Enabled for GPU 2 / HCA 6 (distance 4 <= 5), read 0 mode Default
furious-puma-1:187510:187781 [1] NCCL INFO GPU Direct RDMA Enabled for GPU 3 / HCA 6 (distance 4 <= 5), read 0 mode Default
furious-puma-1:187510:187781 [1] NCCL INFO GPU Direct RDMA Enabled for GPU 4 / HCA 6 (distance 4 <= 5), read 0 mode Default
furious-puma-1:187510:187781 [1] NCCL INFO GPU Direct RDMA Enabled for GPU 5 / HCA 6 (distance 4 <= 5), read 0 mode Default
furious-puma-1:187510:187781 [1] NCCL INFO GPU Direct RDMA Enabled for GPU 6 / HCA 6 (distance 4 <= 5), read 0 mode Default
furious-puma-1:187510:187781 [1] NCCL INFO GPU Direct RDMA Enabled for GPU 7 / HCA 6 (distance 4 <= 5), read 0 mode Default
furious-puma-1:187510:187781 [1] NCCL INFO GPU Direct RDMA Enabled for GPU 0 / HCA 7 (distance 4 <= 5), read 0 mode Default
furious-puma-1:187510:187781 [1] NCCL INFO GPU Direct RDMA Enabled for GPU 1 / HCA 7 (distance 4 <= 5), read 0 mode Default
furious-puma-1:187510:187781 [1] NCCL INFO GPU Direct RDMA Enabled for GPU 2 / HCA 7 (distance 4 <= 5), read 0 mode Default
furious-puma-1:187510:187781 [1] NCCL INFO GPU Direct RDMA Enabled for GPU 3 / HCA 7 (distance 4 <= 5), read 0 mode Default
furious-puma-1:187510:187781 [1] NCCL INFO GPU Direct RDMA Enabled for GPU 4 / HCA 7 (distance 4 <= 5), read 0 mode Default
furious-puma-1:187510:187781 [1] NCCL INFO GPU Direct RDMA Enabled for GPU 5 / HCA 7 (distance 4 <= 5), read 0 mode Default
furious-puma-1:187510:187781 [1] NCCL INFO GPU Direct RDMA Enabled for GPU 6 / HCA 7 (distance 4 <= 5), read 0 mode Default
furious-puma-1:187510:187781 [1] NCCL INFO GPU Direct RDMA Enabled for GPU 7 / HCA 7 (distance 4 <= 5), read 0 mode Default
furious-puma-1:187511:187890 [2] NCCL INFO === System : maxBw 370.8 totalBw 370.8 ===
furious-puma-1:187511:187890 [2] NCCL INFO CPU/0-0 (1/1/3)
furious-puma-1:187511:187890 [2] NCCL INFO + PCI[48.0] - PCI/0-ffffff010 (0)
furious-puma-1:187511:187890 [2] NCCL INFO               + PCI[48.0] - GPU/0-7f000 (0)
furious-puma-1:187511:187890 [2] NCCL INFO                             + NVL[370.8] - NVS/0-0
furious-puma-1:187511:187890 [2] NCCL INFO               + PCI[48.0] - NIC/0-80000
furious-puma-1:187511:187890 [2] NCCL INFO + PCI[48.0] - PCI/0-ffffff020 (0)
furious-puma-1:187511:187890 [2] NCCL INFO               + PCI[48.0] - NIC/0-90000
furious-puma-1:187511:187890 [2] NCCL INFO               + PCI[48.0] - GPU/0-8f000 (1)
furious-puma-1:187511:187890 [2] NCCL INFO                             + NVL[370.8] - NVS/0-0
furious-puma-1:187511:187890 [2] NCCL INFO + PCI[48.0] - PCI/0-ffffff030 (0)
furious-puma-1:187511:187890 [2] NCCL INFO               + PCI[48.0] - NIC/0-a0000
furious-puma-1:187511:187890 [2] NCCL INFO               + PCI[48.0] - GPU/0-9f000 (2)
furious-puma-1:187511:187890 [2] NCCL INFO                             + NVL[370.8] - NVS/0-0
furious-puma-1:187511:187890 [2] NCCL INFO + PCI[48.0] - PCI/0-ffffff040 (0)
furious-puma-1:187511:187890 [2] NCCL INFO               + PCI[48.0] - NIC/0-b0000
furious-puma-1:187511:187890 [2] NCCL INFO               + PCI[48.0] - GPU/0-af000 (3)
furious-puma-1:187511:187890 [2] NCCL INFO                             + NVL[370.8] - NVS/0-0
furious-puma-1:187511:187890 [2] NCCL INFO + SYS[22.0] - CPU/0-1
furious-puma-1:187511:187890 [2] NCCL INFO CPU/0-1 (1/1/3)
furious-puma-1:187511:187890 [2] NCCL INFO + PCI[48.0] - PCI/0-ffffff050 (0)
furious-puma-1:187511:187890 [2] NCCL INFO               + PCI[48.0] - NIC/0-c0000
furious-puma-1:187511:187890 [2] NCCL INFO               + PCI[48.0] - GPU/0-bf000 (4)
furious-puma-1:187511:187890 [2] NCCL INFO                             + NVL[370.8] - NVS/0-0
furious-puma-1:187511:187890 [2] NCCL INFO + PCI[48.0] - PCI/0-ffffff060 (0)
furious-puma-1:187511:187890 [2] NCCL INFO               + PCI[48.0] - NIC/0-d0000
furious-puma-1:187511:187890 [2] NCCL INFO               + PCI[48.0] - GPU/0-cf000 (5)
furious-puma-1:187511:187890 [2] NCCL INFO                             + NVL[370.8] - NVS/0-0
furious-puma-1:187511:187890 [2] NCCL INFO + PCI[48.0] - PCI/0-ffffff070 (0)
furious-puma-1:187511:187890 [2] NCCL INFO               + PCI[48.0] - NIC/0-e0000
furious-puma-1:187511:187890 [2] NCCL INFO               + PCI[48.0] - GPU/0-df000 (6)
furious-puma-1:187511:187890 [2] NCCL INFO                             + NVL[370.8] - NVS/0-0
furious-puma-1:187511:187890 [2] NCCL INFO + PCI[48.0] - PCI/0-ffffff080 (0)
furious-puma-1:187511:187890 [2] NCCL INFO               + PCI[48.0] - NIC/0-f0000
furious-puma-1:187511:187890 [2] NCCL INFO               + PCI[48.0] - GPU/0-ef000 (7)
furious-puma-1:187511:187890 [2] NCCL INFO                             + NVL[370.8] - NVS/0-0
furious-puma-1:187511:187890 [2] NCCL INFO + SYS[22.0] - CPU/0-0
furious-puma-1:187511:187890 [2] NCCL INFO ==========================================
furious-puma-1:187511:187890 [2] NCCL INFO GPU/0-7f000 :GPU/0-7f000 (0/5000.0/LOC) GPU/0-8f000 (2/370.8/NVL) GPU/0-9f000 (2/370.8/NVL) GPU/0-af000 (2/370.8/NVL) GPU/0-bf000 (2/370.8/NVL) GPU/0-cf000 (2/370.8/NVL) GPU/0-df000 (2/370.8/NVL) GPU/0-ef000 (2/370.8/NVL) NVS/0-0 (1/370.8/NVL) CPU/0-0 (2/48.0/PHB) CPU/0-1 (3/22.0/SYS) 
furious-puma-1:187511:187890 [2] NCCL INFO GPU/0-8f000 :GPU/0-7f000 (2/370.8/NVL) GPU/0-8f000 (0/5000.0/LOC) GPU/0-9f000 (2/370.8/NVL) GPU/0-af000 (2/370.8/NVL) GPU/0-bf000 (2/370.8/NVL) GPU/0-cf000 (2/370.8/NVL) GPU/0-df000 (2/370.8/NVL) GPU/0-ef000 (2/370.8/NVL) NVS/0-0 (1/370.8/NVL) CPU/0-0 (2/48.0/PHB) CPU/0-1 (3/22.0/SYS) 
furious-puma-1:187511:187890 [2] NCCL INFO GPU/0-9f000 :GPU/0-7f000 (2/370.8/NVL) GPU/0-8f000 (2/370.8/NVL) GPU/0-9f000 (0/5000.0/LOC) GPU/0-af000 (2/370.8/NVL) GPU/0-bf000 (2/370.8/NVL) GPU/0-cf000 (2/370.8/NVL) GPU/0-df000 (2/370.8/NVL) GPU/0-ef000 (2/370.8/NVL) NVS/0-0 (1/370.8/NVL) CPU/0-0 (2/48.0/PHB) CPU/0-1 (3/22.0/SYS) 
furious-puma-1:187511:187890 [2] NCCL INFO GPU/0-af000 :GPU/0-7f000 (2/370.8/NVL) GPU/0-8f000 (2/370.8/NVL) GPU/0-9f000 (2/370.8/NVL) GPU/0-af000 (0/5000.0/LOC) GPU/0-bf000 (2/370.8/NVL) GPU/0-cf000 (2/370.8/NVL) GPU/0-df000 (2/370.8/NVL) GPU/0-ef000 (2/370.8/NVL) NVS/0-0 (1/370.8/NVL) CPU/0-0 (2/48.0/PHB) CPU/0-1 (3/22.0/SYS) 
furious-puma-1:187511:187890 [2] NCCL INFO GPU/0-bf000 :GPU/0-7f000 (2/370.8/NVL) GPU/0-8f000 (2/370.8/NVL) GPU/0-9f000 (2/370.8/NVL) GPU/0-af000 (2/370.8/NVL) GPU/0-bf000 (0/5000.0/LOC) GPU/0-cf000 (2/370.8/NVL) GPU/0-df000 (2/370.8/NVL) GPU/0-ef000 (2/370.8/NVL) NVS/0-0 (1/370.8/NVL) CPU/0-0 (3/22.0/SYS) CPU/0-1 (2/48.0/PHB) 
furious-puma-1:187511:187890 [2] NCCL INFO GPU/0-cf000 :GPU/0-7f000 (2/370.8/NVL) GPU/0-8f000 (2/370.8/NVL) GPU/0-9f000 (2/370.8/NVL) GPU/0-af000 (2/370.8/NVL) GPU/0-bf000 (2/370.8/NVL) GPU/0-cf000 (0/5000.0/LOC) GPU/0-df000 (2/370.8/NVL) GPU/0-ef000 (2/370.8/NVL) NVS/0-0 (1/370.8/NVL) CPU/0-0 (3/22.0/SYS) CPU/0-1 (2/48.0/PHB) 
furious-puma-1:187511:187890 [2] NCCL INFO GPU/0-df000 :GPU/0-7f000 (2/370.8/NVL) GPU/0-8f000 (2/370.8/NVL) GPU/0-9f000 (2/370.8/NVL) GPU/0-af000 (2/370.8/NVL) GPU/0-bf000 (2/370.8/NVL) GPU/0-cf000 (2/370.8/NVL) GPU/0-df000 (0/5000.0/LOC) GPU/0-ef000 (2/370.8/NVL) NVS/0-0 (1/370.8/NVL) CPU/0-0 (3/22.0/SYS) CPU/0-1 (2/48.0/PHB) 
furious-puma-1:187511:187890 [2] NCCL INFO GPU/0-ef000 :GPU/0-7f000 (2/370.8/NVL) GPU/0-8f000 (2/370.8/NVL) GPU/0-9f000 (2/370.8/NVL) GPU/0-af000 (2/370.8/NVL) GPU/0-bf000 (2/370.8/NVL) GPU/0-cf000 (2/370.8/NVL) GPU/0-df000 (2/370.8/NVL) GPU/0-ef000 (0/5000.0/LOC) NVS/0-0 (1/370.8/NVL) CPU/0-0 (3/22.0/SYS) CPU/0-1 (2/48.0/PHB) 
furious-puma-1:187511:187890 [2] NCCL INFO Setting affinity for GPU 2 to 0-79
furious-puma-1:187511:187890 [2] NCCL INFO NVLS multicast support is available on dev 2 (NVLS_NCHANNELS 16)
furious-puma-1:187514:187731 [5] NCCL INFO GPU Direct RDMA Enabled for GPU 0 / HCA 0 (distance 4 <= 5), read 0 mode Default
furious-puma-1:187514:187731 [5] NCCL INFO GPU Direct RDMA Enabled for GPU 1 / HCA 0 (distance 4 <= 5), read 0 mode Default
furious-puma-1:187514:187731 [5] NCCL INFO GPU Direct RDMA Enabled for GPU 2 / HCA 0 (distance 4 <= 5), read 0 mode Default
furious-puma-1:187514:187731 [5] NCCL INFO GPU Direct RDMA Enabled for GPU 3 / HCA 0 (distance 4 <= 5), read 0 mode Default
furious-puma-1:187514:187731 [5] NCCL INFO GPU Direct RDMA Enabled for GPU 4 / HCA 0 (distance 4 <= 5), read 0 mode Default
furious-puma-1:187514:187731 [5] NCCL INFO GPU Direct RDMA Enabled for GPU 5 / HCA 0 (distance 4 <= 5), read 0 mode Default
furious-puma-1:187514:187731 [5] NCCL INFO GPU Direct RDMA Enabled for GPU 6 / HCA 0 (distance 4 <= 5), read 0 mode Default
furious-puma-1:187514:187731 [5] NCCL INFO GPU Direct RDMA Enabled for GPU 7 / HCA 0 (distance 4 <= 5), read 0 mode Default
furious-puma-1:187514:187731 [5] NCCL INFO GPU Direct RDMA Enabled for GPU 0 / HCA 1 (distance 4 <= 5), read 0 mode Default
furious-puma-1:187514:187731 [5] NCCL INFO GPU Direct RDMA Enabled for GPU 1 / HCA 1 (distance 4 <= 5), read 0 mode Default
furious-puma-1:187514:187731 [5] NCCL INFO GPU Direct RDMA Enabled for GPU 2 / HCA 1 (distance 4 <= 5), read 0 mode Default
furious-puma-1:187514:187731 [5] NCCL INFO GPU Direct RDMA Enabled for GPU 3 / HCA 1 (distance 4 <= 5), read 0 mode Default
furious-puma-1:187514:187731 [5] NCCL INFO GPU Direct RDMA Enabled for GPU 4 / HCA 1 (distance 4 <= 5), read 0 mode Default
furious-puma-1:187514:187731 [5] NCCL INFO GPU Direct RDMA Enabled for GPU 5 / HCA 1 (distance 4 <= 5), read 0 mode Default
furious-puma-1:187514:187731 [5] NCCL INFO GPU Direct RDMA Enabled for GPU 6 / HCA 1 (distance 4 <= 5), read 0 mode Default
furious-puma-1:187514:187731 [5] NCCL INFO GPU Direct RDMA Enabled for GPU 7 / HCA 1 (distance 4 <= 5), read 0 mode Default
furious-puma-1:187514:187731 [5] NCCL INFO GPU Direct RDMA Enabled for GPU 0 / HCA 2 (distance 4 <= 5), read 0 mode Default
furious-puma-1:187514:187731 [5] NCCL INFO GPU Direct RDMA Enabled for GPU 1 / HCA 2 (distance 4 <= 5), read 0 mode Default
furious-puma-1:187514:187731 [5] NCCL INFO GPU Direct RDMA Enabled for GPU 2 / HCA 2 (distance 4 <= 5), read 0 mode Default
furious-puma-1:187514:187731 [5] NCCL INFO GPU Direct RDMA Enabled for GPU 3 / HCA 2 (distance 4 <= 5), read 0 mode Default
furious-puma-1:187514:187731 [5] NCCL INFO GPU Direct RDMA Enabled for GPU 4 / HCA 2 (distance 4 <= 5), read 0 mode Default
furious-puma-1:187514:187731 [5] NCCL INFO GPU Direct RDMA Enabled for GPU 5 / HCA 2 (distance 4 <= 5), read 0 mode Default
furious-puma-1:187514:187731 [5] NCCL INFO GPU Direct RDMA Enabled for GPU 6 / HCA 2 (distance 4 <= 5), read 0 mode Default
furious-puma-1:187514:187731 [5] NCCL INFO GPU Direct RDMA Enabled for GPU 7 / HCA 2 (distance 4 <= 5), read 0 mode Default
furious-puma-1:187514:187731 [5] NCCL INFO GPU Direct RDMA Enabled for GPU 0 / HCA 3 (distance 4 <= 5), read 0 mode Default
furious-puma-1:187514:187731 [5] NCCL INFO GPU Direct RDMA Enabled for GPU 1 / HCA 3 (distance 4 <= 5), read 0 mode Default
furious-puma-1:187514:187731 [5] NCCL INFO GPU Direct RDMA Enabled for GPU 2 / HCA 3 (distance 4 <= 5), read 0 mode Default
furious-puma-1:187514:187731 [5] NCCL INFO GPU Direct RDMA Enabled for GPU 3 / HCA 3 (distance 4 <= 5), read 0 mode Default
furious-puma-1:187514:187731 [5] NCCL INFO GPU Direct RDMA Enabled for GPU 4 / HCA 3 (distance 4 <= 5), read 0 mode Default
furious-puma-1:187514:187731 [5] NCCL INFO GPU Direct RDMA Enabled for GPU 5 / HCA 3 (distance 4 <= 5), read 0 mode Default
furious-puma-1:187514:187731 [5] NCCL INFO GPU Direct RDMA Enabled for GPU 6 / HCA 3 (distance 4 <= 5), read 0 mode Default
furious-puma-1:187514:187731 [5] NCCL INFO GPU Direct RDMA Enabled for GPU 7 / HCA 3 (distance 4 <= 5), read 0 mode Default
furious-puma-1:187514:187731 [5] NCCL INFO GPU Direct RDMA Enabled for GPU 0 / HCA 4 (distance 4 <= 5), read 0 mode Default
furious-puma-1:187514:187731 [5] NCCL INFO GPU Direct RDMA Enabled for GPU 1 / HCA 4 (distance 4 <= 5), read 0 mode Default
furious-puma-1:187514:187731 [5] NCCL INFO GPU Direct RDMA Enabled for GPU 2 / HCA 4 (distance 4 <= 5), read 0 mode Default
furious-puma-1:187514:187731 [5] NCCL INFO GPU Direct RDMA Enabled for GPU 3 / HCA 4 (distance 4 <= 5), read 0 mode Default
furious-puma-1:187514:187731 [5] NCCL INFO GPU Direct RDMA Enabled for GPU 4 / HCA 4 (distance 4 <= 5), read 0 mode Default
furious-puma-1:187514:187731 [5] NCCL INFO GPU Direct RDMA Enabled for GPU 5 / HCA 4 (distance 4 <= 5), read 0 mode Default
furious-puma-1:187514:187731 [5] NCCL INFO GPU Direct RDMA Enabled for GPU 6 / HCA 4 (distance 4 <= 5), read 0 mode Default
furious-puma-1:187514:187731 [5] NCCL INFO GPU Direct RDMA Enabled for GPU 7 / HCA 4 (distance 4 <= 5), read 0 mode Default
furious-puma-1:187514:187731 [5] NCCL INFO GPU Direct RDMA Enabled for GPU 0 / HCA 5 (distance 4 <= 5), read 0 mode Default
furious-puma-1:187514:187731 [5] NCCL INFO GPU Direct RDMA Enabled for GPU 1 / HCA 5 (distance 4 <= 5), read 0 mode Default
furious-puma-1:187514:187731 [5] NCCL INFO GPU Direct RDMA Enabled for GPU 2 / HCA 5 (distance 4 <= 5), read 0 mode Default
furious-puma-1:187514:187731 [5] NCCL INFO GPU Direct RDMA Enabled for GPU 3 / HCA 5 (distance 4 <= 5), read 0 mode Default
furious-puma-1:187514:187731 [5] NCCL INFO GPU Direct RDMA Enabled for GPU 4 / HCA 5 (distance 4 <= 5), read 0 mode Default
furious-puma-1:187514:187731 [5] NCCL INFO GPU Direct RDMA Enabled for GPU 5 / HCA 5 (distance 4 <= 5), read 0 mode Default
furious-puma-1:187514:187731 [5] NCCL INFO GPU Direct RDMA Enabled for GPU 6 / HCA 5 (distance 4 <= 5), read 0 mode Default
furious-puma-1:187514:187731 [5] NCCL INFO GPU Direct RDMA Enabled for GPU 7 / HCA 5 (distance 4 <= 5), read 0 mode Default
furious-puma-1:187514:187731 [5] NCCL INFO GPU Direct RDMA Enabled for GPU 0 / HCA 6 (distance 4 <= 5), read 0 mode Default
furious-puma-1:187514:187731 [5] NCCL INFO GPU Direct RDMA Enabled for GPU 1 / HCA 6 (distance 4 <= 5), read 0 mode Default
furious-puma-1:187514:187731 [5] NCCL INFO GPU Direct RDMA Enabled for GPU 2 / HCA 6 (distance 4 <= 5), read 0 mode Default
furious-puma-1:187514:187731 [5] NCCL INFO GPU Direct RDMA Enabled for GPU 3 / HCA 6 (distance 4 <= 5), read 0 mode Default
furious-puma-1:187514:187731 [5] NCCL INFO GPU Direct RDMA Enabled for GPU 4 / HCA 6 (distance 4 <= 5), read 0 mode Default
furious-puma-1:187514:187731 [5] NCCL INFO GPU Direct RDMA Enabled for GPU 5 / HCA 6 (distance 4 <= 5), read 0 mode Default
furious-puma-1:187514:187731 [5] NCCL INFO GPU Direct RDMA Enabled for GPU 6 / HCA 6 (distance 4 <= 5), read 0 mode Default
furious-puma-1:187514:187731 [5] NCCL INFO GPU Direct RDMA Enabled for GPU 7 / HCA 6 (distance 4 <= 5), read 0 mode Default
furious-puma-1:187514:187731 [5] NCCL INFO GPU Direct RDMA Enabled for GPU 0 / HCA 7 (distance 4 <= 5), read 0 mode Default
furious-puma-1:187514:187731 [5] NCCL INFO GPU Direct RDMA Enabled for GPU 1 / HCA 7 (distance 4 <= 5), read 0 mode Default
furious-puma-1:187514:187731 [5] NCCL INFO GPU Direct RDMA Enabled for GPU 2 / HCA 7 (distance 4 <= 5), read 0 mode Default
furious-puma-1:187514:187731 [5] NCCL INFO GPU Direct RDMA Enabled for GPU 3 / HCA 7 (distance 4 <= 5), read 0 mode Default
furious-puma-1:187514:187731 [5] NCCL INFO GPU Direct RDMA Enabled for GPU 4 / HCA 7 (distance 4 <= 5), read 0 mode Default
furious-puma-1:187514:187731 [5] NCCL INFO GPU Direct RDMA Enabled for GPU 5 / HCA 7 (distance 4 <= 5), read 0 mode Default
furious-puma-1:187514:187731 [5] NCCL INFO GPU Direct RDMA Enabled for GPU 6 / HCA 7 (distance 4 <= 5), read 0 mode Default
furious-puma-1:187514:187731 [5] NCCL INFO GPU Direct RDMA Enabled for GPU 7 / HCA 7 (distance 4 <= 5), read 0 mode Default
furious-puma-1:187513:187767 [4] NCCL INFO GPU Direct RDMA Enabled for GPU 0 / HCA 0 (distance 4 <= 5), read 0 mode Default
furious-puma-1:187513:187767 [4] NCCL INFO GPU Direct RDMA Enabled for GPU 1 / HCA 0 (distance 4 <= 5), read 0 mode Default
furious-puma-1:187513:187767 [4] NCCL INFO GPU Direct RDMA Enabled for GPU 2 / HCA 0 (distance 4 <= 5), read 0 mode Default
furious-puma-1:187513:187767 [4] NCCL INFO GPU Direct RDMA Enabled for GPU 3 / HCA 0 (distance 4 <= 5), read 0 mode Default
furious-puma-1:187513:187767 [4] NCCL INFO GPU Direct RDMA Enabled for GPU 4 / HCA 0 (distance 4 <= 5), read 0 mode Default
furious-puma-1:187513:187767 [4] NCCL INFO GPU Direct RDMA Enabled for GPU 5 / HCA 0 (distance 4 <= 5), read 0 mode Default
furious-puma-1:187513:187767 [4] NCCL INFO GPU Direct RDMA Enabled for GPU 6 / HCA 0 (distance 4 <= 5), read 0 mode Default
furious-puma-1:187513:187767 [4] NCCL INFO GPU Direct RDMA Enabled for GPU 7 / HCA 0 (distance 4 <= 5), read 0 mode Default
furious-puma-1:187513:187767 [4] NCCL INFO GPU Direct RDMA Enabled for GPU 0 / HCA 1 (distance 4 <= 5), read 0 mode Default
furious-puma-1:187513:187767 [4] NCCL INFO GPU Direct RDMA Enabled for GPU 1 / HCA 1 (distance 4 <= 5), read 0 mode Default
furious-puma-1:187513:187767 [4] NCCL INFO GPU Direct RDMA Enabled for GPU 2 / HCA 1 (distance 4 <= 5), read 0 mode Default
furious-puma-1:187513:187767 [4] NCCL INFO GPU Direct RDMA Enabled for GPU 3 / HCA 1 (distance 4 <= 5), read 0 mode Default
furious-puma-1:187513:187767 [4] NCCL INFO GPU Direct RDMA Enabled for GPU 4 / HCA 1 (distance 4 <= 5), read 0 mode Default
furious-puma-1:187513:187767 [4] NCCL INFO GPU Direct RDMA Enabled for GPU 5 / HCA 1 (distance 4 <= 5), read 0 mode Default
furious-puma-1:187513:187767 [4] NCCL INFO GPU Direct RDMA Enabled for GPU 6 / HCA 1 (distance 4 <= 5), read 0 mode Default
furious-puma-1:187513:187767 [4] NCCL INFO GPU Direct RDMA Enabled for GPU 7 / HCA 1 (distance 4 <= 5), read 0 mode Default
furious-puma-1:187513:187767 [4] NCCL INFO GPU Direct RDMA Enabled for GPU 0 / HCA 2 (distance 4 <= 5), read 0 mode Default
furious-puma-1:187513:187767 [4] NCCL INFO GPU Direct RDMA Enabled for GPU 1 / HCA 2 (distance 4 <= 5), read 0 mode Default
furious-puma-1:187513:187767 [4] NCCL INFO GPU Direct RDMA Enabled for GPU 2 / HCA 2 (distance 4 <= 5), read 0 mode Default
furious-puma-1:187513:187767 [4] NCCL INFO GPU Direct RDMA Enabled for GPU 3 / HCA 2 (distance 4 <= 5), read 0 mode Default
furious-puma-1:187513:187767 [4] NCCL INFO GPU Direct RDMA Enabled for GPU 4 / HCA 2 (distance 4 <= 5), read 0 mode Default
furious-puma-1:187513:187767 [4] NCCL INFO GPU Direct RDMA Enabled for GPU 5 / HCA 2 (distance 4 <= 5), read 0 mode Default
furious-puma-1:187513:187767 [4] NCCL INFO GPU Direct RDMA Enabled for GPU 6 / HCA 2 (distance 4 <= 5), read 0 mode Default
furious-puma-1:187513:187767 [4] NCCL INFO GPU Direct RDMA Enabled for GPU 7 / HCA 2 (distance 4 <= 5), read 0 mode Default
furious-puma-1:187513:187767 [4] NCCL INFO GPU Direct RDMA Enabled for GPU 0 / HCA 3 (distance 4 <= 5), read 0 mode Default
furious-puma-1:187513:187767 [4] NCCL INFO GPU Direct RDMA Enabled for GPU 1 / HCA 3 (distance 4 <= 5), read 0 mode Default
furious-puma-1:187513:187767 [4] NCCL INFO GPU Direct RDMA Enabled for GPU 2 / HCA 3 (distance 4 <= 5), read 0 mode Default
furious-puma-1:187513:187767 [4] NCCL INFO GPU Direct RDMA Enabled for GPU 3 / HCA 3 (distance 4 <= 5), read 0 mode Default
furious-puma-1:187513:187767 [4] NCCL INFO GPU Direct RDMA Enabled for GPU 4 / HCA 3 (distance 4 <= 5), read 0 mode Default
furious-puma-1:187513:187767 [4] NCCL INFO GPU Direct RDMA Enabled for GPU 5 / HCA 3 (distance 4 <= 5), read 0 mode Default
furious-puma-1:187513:187767 [4] NCCL INFO GPU Direct RDMA Enabled for GPU 6 / HCA 3 (distance 4 <= 5), read 0 mode Default
furious-puma-1:187513:187767 [4] NCCL INFO GPU Direct RDMA Enabled for GPU 7 / HCA 3 (distance 4 <= 5), read 0 mode Default
furious-puma-1:187513:187767 [4] NCCL INFO GPU Direct RDMA Enabled for GPU 0 / HCA 4 (distance 4 <= 5), read 0 mode Default
furious-puma-1:187513:187767 [4] NCCL INFO GPU Direct RDMA Enabled for GPU 1 / HCA 4 (distance 4 <= 5), read 0 mode Default
furious-puma-1:187513:187767 [4] NCCL INFO GPU Direct RDMA Enabled for GPU 2 / HCA 4 (distance 4 <= 5), read 0 mode Default
furious-puma-1:187513:187767 [4] NCCL INFO GPU Direct RDMA Enabled for GPU 3 / HCA 4 (distance 4 <= 5), read 0 mode Default
furious-puma-1:187513:187767 [4] NCCL INFO GPU Direct RDMA Enabled for GPU 4 / HCA 4 (distance 4 <= 5), read 0 mode Default
furious-puma-1:187513:187767 [4] NCCL INFO GPU Direct RDMA Enabled for GPU 5 / HCA 4 (distance 4 <= 5), read 0 mode Default
furious-puma-1:187513:187767 [4] NCCL INFO GPU Direct RDMA Enabled for GPU 6 / HCA 4 (distance 4 <= 5), read 0 mode Default
furious-puma-1:187513:187767 [4] NCCL INFO GPU Direct RDMA Enabled for GPU 7 / HCA 4 (distance 4 <= 5), read 0 mode Default
furious-puma-1:187513:187767 [4] NCCL INFO GPU Direct RDMA Enabled for GPU 0 / HCA 5 (distance 4 <= 5), read 0 mode Default
furious-puma-1:187513:187767 [4] NCCL INFO GPU Direct RDMA Enabled for GPU 1 / HCA 5 (distance 4 <= 5), read 0 mode Default
furious-puma-1:187513:187767 [4] NCCL INFO GPU Direct RDMA Enabled for GPU 2 / HCA 5 (distance 4 <= 5), read 0 mode Default
furious-puma-1:187513:187767 [4] NCCL INFO GPU Direct RDMA Enabled for GPU 3 / HCA 5 (distance 4 <= 5), read 0 mode Default
furious-puma-1:187513:187767 [4] NCCL INFO GPU Direct RDMA Enabled for GPU 4 / HCA 5 (distance 4 <= 5), read 0 mode Default
furious-puma-1:187513:187767 [4] NCCL INFO GPU Direct RDMA Enabled for GPU 5 / HCA 5 (distance 4 <= 5), read 0 mode Default
furious-puma-1:187513:187767 [4] NCCL INFO GPU Direct RDMA Enabled for GPU 6 / HCA 5 (distance 4 <= 5), read 0 mode Default
furious-puma-1:187513:187767 [4] NCCL INFO GPU Direct RDMA Enabled for GPU 7 / HCA 5 (distance 4 <= 5), read 0 mode Default
furious-puma-1:187513:187767 [4] NCCL INFO GPU Direct RDMA Enabled for GPU 0 / HCA 6 (distance 4 <= 5), read 0 mode Default
furious-puma-1:187513:187767 [4] NCCL INFO GPU Direct RDMA Enabled for GPU 1 / HCA 6 (distance 4 <= 5), read 0 mode Default
furious-puma-1:187513:187767 [4] NCCL INFO GPU Direct RDMA Enabled for GPU 2 / HCA 6 (distance 4 <= 5), read 0 mode Default
furious-puma-1:187513:187767 [4] NCCL INFO GPU Direct RDMA Enabled for GPU 3 / HCA 6 (distance 4 <= 5), read 0 mode Default
furious-puma-1:187513:187767 [4] NCCL INFO GPU Direct RDMA Enabled for GPU 4 / HCA 6 (distance 4 <= 5), read 0 mode Default
furious-puma-1:187513:187767 [4] NCCL INFO GPU Direct RDMA Enabled for GPU 5 / HCA 6 (distance 4 <= 5), read 0 mode Default
furious-puma-1:187513:187767 [4] NCCL INFO GPU Direct RDMA Enabled for GPU 6 / HCA 6 (distance 4 <= 5), read 0 mode Default
furious-puma-1:187513:187767 [4] NCCL INFO GPU Direct RDMA Enabled for GPU 7 / HCA 6 (distance 4 <= 5), read 0 mode Default
furious-puma-1:187513:187767 [4] NCCL INFO GPU Direct RDMA Enabled for GPU 0 / HCA 7 (distance 4 <= 5), read 0 mode Default
furious-puma-1:187513:187767 [4] NCCL INFO GPU Direct RDMA Enabled for GPU 1 / HCA 7 (distance 4 <= 5), read 0 mode Default
furious-puma-1:187513:187767 [4] NCCL INFO GPU Direct RDMA Enabled for GPU 2 / HCA 7 (distance 4 <= 5), read 0 mode Default
furious-puma-1:187513:187767 [4] NCCL INFO GPU Direct RDMA Enabled for GPU 3 / HCA 7 (distance 4 <= 5), read 0 mode Default
furious-puma-1:187513:187767 [4] NCCL INFO GPU Direct RDMA Enabled for GPU 4 / HCA 7 (distance 4 <= 5), read 0 mode Default
furious-puma-1:187513:187767 [4] NCCL INFO GPU Direct RDMA Enabled for GPU 5 / HCA 7 (distance 4 <= 5), read 0 mode Default
furious-puma-1:187513:187767 [4] NCCL INFO GPU Direct RDMA Enabled for GPU 6 / HCA 7 (distance 4 <= 5), read 0 mode Default
furious-puma-1:187513:187767 [4] NCCL INFO GPU Direct RDMA Enabled for GPU 7 / HCA 7 (distance 4 <= 5), read 0 mode Default
furious-puma-1:187509:187774 [0] NCCL INFO GPU Direct RDMA Enabled for GPU 0 / HCA 0 (distance 4 <= 5), read 0 mode Default
furious-puma-1:187516:187730 [7] NCCL INFO GPU Direct RDMA Enabled for GPU 0 / HCA 0 (distance 4 <= 5), read 0 mode Default
furious-puma-1:187509:187774 [0] NCCL INFO GPU Direct RDMA Enabled for GPU 1 / HCA 0 (distance 4 <= 5), read 0 mode Default
furious-puma-1:187509:187774 [0] NCCL INFO GPU Direct RDMA Enabled for GPU 2 / HCA 0 (distance 4 <= 5), read 0 mode Default
furious-puma-1:187516:187730 [7] NCCL INFO GPU Direct RDMA Enabled for GPU 1 / HCA 0 (distance 4 <= 5), read 0 mode Default
furious-puma-1:187509:187774 [0] NCCL INFO GPU Direct RDMA Enabled for GPU 3 / HCA 0 (distance 4 <= 5), read 0 mode Default
furious-puma-1:187516:187730 [7] NCCL INFO GPU Direct RDMA Enabled for GPU 2 / HCA 0 (distance 4 <= 5), read 0 mode Default
furious-puma-1:187509:187774 [0] NCCL INFO GPU Direct RDMA Enabled for GPU 4 / HCA 0 (distance 4 <= 5), read 0 mode Default
furious-puma-1:187516:187730 [7] NCCL INFO GPU Direct RDMA Enabled for GPU 3 / HCA 0 (distance 4 <= 5), read 0 mode Default
furious-puma-1:187509:187774 [0] NCCL INFO GPU Direct RDMA Enabled for GPU 5 / HCA 0 (distance 4 <= 5), read 0 mode Default
furious-puma-1:187516:187730 [7] NCCL INFO GPU Direct RDMA Enabled for GPU 4 / HCA 0 (distance 4 <= 5), read 0 mode Default
furious-puma-1:187509:187774 [0] NCCL INFO GPU Direct RDMA Enabled for GPU 6 / HCA 0 (distance 4 <= 5), read 0 mode Default
furious-puma-1:187516:187730 [7] NCCL INFO GPU Direct RDMA Enabled for GPU 5 / HCA 0 (distance 4 <= 5), read 0 mode Default
furious-puma-1:187509:187774 [0] NCCL INFO GPU Direct RDMA Enabled for GPU 7 / HCA 0 (distance 4 <= 5), read 0 mode Default
furious-puma-1:187516:187730 [7] NCCL INFO GPU Direct RDMA Enabled for GPU 6 / HCA 0 (distance 4 <= 5), read 0 mode Default
furious-puma-1:187509:187774 [0] NCCL INFO GPU Direct RDMA Enabled for GPU 0 / HCA 1 (distance 4 <= 5), read 0 mode Default
furious-puma-1:187516:187730 [7] NCCL INFO GPU Direct RDMA Enabled for GPU 7 / HCA 0 (distance 4 <= 5), read 0 mode Default
furious-puma-1:187509:187774 [0] NCCL INFO GPU Direct RDMA Enabled for GPU 1 / HCA 1 (distance 4 <= 5), read 0 mode Default
furious-puma-1:187516:187730 [7] NCCL INFO GPU Direct RDMA Enabled for GPU 0 / HCA 1 (distance 4 <= 5), read 0 mode Default
furious-puma-1:187509:187774 [0] NCCL INFO GPU Direct RDMA Enabled for GPU 2 / HCA 1 (distance 4 <= 5), read 0 mode Default
furious-puma-1:187516:187730 [7] NCCL INFO GPU Direct RDMA Enabled for GPU 1 / HCA 1 (distance 4 <= 5), read 0 mode Default
furious-puma-1:187509:187774 [0] NCCL INFO GPU Direct RDMA Enabled for GPU 3 / HCA 1 (distance 4 <= 5), read 0 mode Default
furious-puma-1:187516:187730 [7] NCCL INFO GPU Direct RDMA Enabled for GPU 2 / HCA 1 (distance 4 <= 5), read 0 mode Default
furious-puma-1:187509:187774 [0] NCCL INFO GPU Direct RDMA Enabled for GPU 4 / HCA 1 (distance 4 <= 5), read 0 mode Default
furious-puma-1:187516:187730 [7] NCCL INFO GPU Direct RDMA Enabled for GPU 3 / HCA 1 (distance 4 <= 5), read 0 mode Default
furious-puma-1:187509:187774 [0] NCCL INFO GPU Direct RDMA Enabled for GPU 5 / HCA 1 (distance 4 <= 5), read 0 mode Default
furious-puma-1:187509:187774 [0] NCCL INFO GPU Direct RDMA Enabled for GPU 6 / HCA 1 (distance 4 <= 5), read 0 mode Default
furious-puma-1:187516:187730 [7] NCCL INFO GPU Direct RDMA Enabled for GPU 4 / HCA 1 (distance 4 <= 5), read 0 mode Default
furious-puma-1:187509:187774 [0] NCCL INFO GPU Direct RDMA Enabled for GPU 7 / HCA 1 (distance 4 <= 5), read 0 mode Default
furious-puma-1:187516:187730 [7] NCCL INFO GPU Direct RDMA Enabled for GPU 5 / HCA 1 (distance 4 <= 5), read 0 mode Default
furious-puma-1:187509:187774 [0] NCCL INFO GPU Direct RDMA Enabled for GPU 0 / HCA 2 (distance 4 <= 5), read 0 mode Default
furious-puma-1:187516:187730 [7] NCCL INFO GPU Direct RDMA Enabled for GPU 6 / HCA 1 (distance 4 <= 5), read 0 mode Default
furious-puma-1:187509:187774 [0] NCCL INFO GPU Direct RDMA Enabled for GPU 1 / HCA 2 (distance 4 <= 5), read 0 mode Default
furious-puma-1:187509:187774 [0] NCCL INFO GPU Direct RDMA Enabled for GPU 2 / HCA 2 (distance 4 <= 5), read 0 mode Default
furious-puma-1:187516:187730 [7] NCCL INFO GPU Direct RDMA Enabled for GPU 7 / HCA 1 (distance 4 <= 5), read 0 mode Default
furious-puma-1:187509:187774 [0] NCCL INFO GPU Direct RDMA Enabled for GPU 3 / HCA 2 (distance 4 <= 5), read 0 mode Default
furious-puma-1:187509:187774 [0] NCCL INFO GPU Direct RDMA Enabled for GPU 4 / HCA 2 (distance 4 <= 5), read 0 mode Default
furious-puma-1:187516:187730 [7] NCCL INFO GPU Direct RDMA Enabled for GPU 0 / HCA 2 (distance 4 <= 5), read 0 mode Default
furious-puma-1:187509:187774 [0] NCCL INFO GPU Direct RDMA Enabled for GPU 5 / HCA 2 (distance 4 <= 5), read 0 mode Default
furious-puma-1:187516:187730 [7] NCCL INFO GPU Direct RDMA Enabled for GPU 1 / HCA 2 (distance 4 <= 5), read 0 mode Default
furious-puma-1:187509:187774 [0] NCCL INFO GPU Direct RDMA Enabled for GPU 6 / HCA 2 (distance 4 <= 5), read 0 mode Default
furious-puma-1:187509:187774 [0] NCCL INFO GPU Direct RDMA Enabled for GPU 7 / HCA 2 (distance 4 <= 5), read 0 mode Default
furious-puma-1:187516:187730 [7] NCCL INFO GPU Direct RDMA Enabled for GPU 2 / HCA 2 (distance 4 <= 5), read 0 mode Default
furious-puma-1:187509:187774 [0] NCCL INFO GPU Direct RDMA Enabled for GPU 0 / HCA 3 (distance 4 <= 5), read 0 mode Default
furious-puma-1:187516:187730 [7] NCCL INFO GPU Direct RDMA Enabled for GPU 3 / HCA 2 (distance 4 <= 5), read 0 mode Default
furious-puma-1:187509:187774 [0] NCCL INFO GPU Direct RDMA Enabled for GPU 1 / HCA 3 (distance 4 <= 5), read 0 mode Default
furious-puma-1:187509:187774 [0] NCCL INFO GPU Direct RDMA Enabled for GPU 2 / HCA 3 (distance 4 <= 5), read 0 mode Default
furious-puma-1:187516:187730 [7] NCCL INFO GPU Direct RDMA Enabled for GPU 4 / HCA 2 (distance 4 <= 5), read 0 mode Default
furious-puma-1:187509:187774 [0] NCCL INFO GPU Direct RDMA Enabled for GPU 3 / HCA 3 (distance 4 <= 5), read 0 mode Default
furious-puma-1:187516:187730 [7] NCCL INFO GPU Direct RDMA Enabled for GPU 5 / HCA 2 (distance 4 <= 5), read 0 mode Default
furious-puma-1:187509:187774 [0] NCCL INFO GPU Direct RDMA Enabled for GPU 4 / HCA 3 (distance 4 <= 5), read 0 mode Default
furious-puma-1:187509:187774 [0] NCCL INFO GPU Direct RDMA Enabled for GPU 5 / HCA 3 (distance 4 <= 5), read 0 mode Default
furious-puma-1:187516:187730 [7] NCCL INFO GPU Direct RDMA Enabled for GPU 6 / HCA 2 (distance 4 <= 5), read 0 mode Default
furious-puma-1:187509:187774 [0] NCCL INFO GPU Direct RDMA Enabled for GPU 6 / HCA 3 (distance 4 <= 5), read 0 mode Default
furious-puma-1:187516:187730 [7] NCCL INFO GPU Direct RDMA Enabled for GPU 7 / HCA 2 (distance 4 <= 5), read 0 mode Default
furious-puma-1:187509:187774 [0] NCCL INFO GPU Direct RDMA Enabled for GPU 7 / HCA 3 (distance 4 <= 5), read 0 mode Default
furious-puma-1:187509:187774 [0] NCCL INFO GPU Direct RDMA Enabled for GPU 0 / HCA 4 (distance 4 <= 5), read 0 mode Default
furious-puma-1:187516:187730 [7] NCCL INFO GPU Direct RDMA Enabled for GPU 0 / HCA 3 (distance 4 <= 5), read 0 mode Default
furious-puma-1:187509:187774 [0] NCCL INFO GPU Direct RDMA Enabled for GPU 1 / HCA 4 (distance 4 <= 5), read 0 mode Default
furious-puma-1:187516:187730 [7] NCCL INFO GPU Direct RDMA Enabled for GPU 1 / HCA 3 (distance 4 <= 5), read 0 mode Default
furious-puma-1:187509:187774 [0] NCCL INFO GPU Direct RDMA Enabled for GPU 2 / HCA 4 (distance 4 <= 5), read 0 mode Default
furious-puma-1:187516:187730 [7] NCCL INFO GPU Direct RDMA Enabled for GPU 2 / HCA 3 (distance 4 <= 5), read 0 mode Default
furious-puma-1:187509:187774 [0] NCCL INFO GPU Direct RDMA Enabled for GPU 3 / HCA 4 (distance 4 <= 5), read 0 mode Default
furious-puma-1:187509:187774 [0] NCCL INFO GPU Direct RDMA Enabled for GPU 4 / HCA 4 (distance 4 <= 5), read 0 mode Default
furious-puma-1:187516:187730 [7] NCCL INFO GPU Direct RDMA Enabled for GPU 3 / HCA 3 (distance 4 <= 5), read 0 mode Default
furious-puma-1:187509:187774 [0] NCCL INFO GPU Direct RDMA Enabled for GPU 5 / HCA 4 (distance 4 <= 5), read 0 mode Default
furious-puma-1:187509:187774 [0] NCCL INFO GPU Direct RDMA Enabled for GPU 6 / HCA 4 (distance 4 <= 5), read 0 mode Default
furious-puma-1:187516:187730 [7] NCCL INFO GPU Direct RDMA Enabled for GPU 4 / HCA 3 (distance 4 <= 5), read 0 mode Default
furious-puma-1:187509:187774 [0] NCCL INFO GPU Direct RDMA Enabled for GPU 7 / HCA 4 (distance 4 <= 5), read 0 mode Default
furious-puma-1:187516:187730 [7] NCCL INFO GPU Direct RDMA Enabled for GPU 5 / HCA 3 (distance 4 <= 5), read 0 mode Default
furious-puma-1:187509:187774 [0] NCCL INFO GPU Direct RDMA Enabled for GPU 0 / HCA 5 (distance 4 <= 5), read 0 mode Default
furious-puma-1:187516:187730 [7] NCCL INFO GPU Direct RDMA Enabled for GPU 6 / HCA 3 (distance 4 <= 5), read 0 mode Default
furious-puma-1:187509:187774 [0] NCCL INFO GPU Direct RDMA Enabled for GPU 1 / HCA 5 (distance 4 <= 5), read 0 mode Default
furious-puma-1:187516:187730 [7] NCCL INFO GPU Direct RDMA Enabled for GPU 7 / HCA 3 (distance 4 <= 5), read 0 mode Default
furious-puma-1:187509:187774 [0] NCCL INFO GPU Direct RDMA Enabled for GPU 2 / HCA 5 (distance 4 <= 5), read 0 mode Default
furious-puma-1:187516:187730 [7] NCCL INFO GPU Direct RDMA Enabled for GPU 0 / HCA 4 (distance 4 <= 5), read 0 mode Default
furious-puma-1:187509:187774 [0] NCCL INFO GPU Direct RDMA Enabled for GPU 3 / HCA 5 (distance 4 <= 5), read 0 mode Default
furious-puma-1:187516:187730 [7] NCCL INFO GPU Direct RDMA Enabled for GPU 1 / HCA 4 (distance 4 <= 5), read 0 mode Default
furious-puma-1:187509:187774 [0] NCCL INFO GPU Direct RDMA Enabled for GPU 4 / HCA 5 (distance 4 <= 5), read 0 mode Default
furious-puma-1:187516:187730 [7] NCCL INFO GPU Direct RDMA Enabled for GPU 2 / HCA 4 (distance 4 <= 5), read 0 mode Default
furious-puma-1:187509:187774 [0] NCCL INFO GPU Direct RDMA Enabled for GPU 5 / HCA 5 (distance 4 <= 5), read 0 mode Default
furious-puma-1:187516:187730 [7] NCCL INFO GPU Direct RDMA Enabled for GPU 3 / HCA 4 (distance 4 <= 5), read 0 mode Default
furious-puma-1:187509:187774 [0] NCCL INFO GPU Direct RDMA Enabled for GPU 6 / HCA 5 (distance 4 <= 5), read 0 mode Default
furious-puma-1:187516:187730 [7] NCCL INFO GPU Direct RDMA Enabled for GPU 4 / HCA 4 (distance 4 <= 5), read 0 mode Default
furious-puma-1:187509:187774 [0] NCCL INFO GPU Direct RDMA Enabled for GPU 7 / HCA 5 (distance 4 <= 5), read 0 mode Default
furious-puma-1:187516:187730 [7] NCCL INFO GPU Direct RDMA Enabled for GPU 5 / HCA 4 (distance 4 <= 5), read 0 mode Default
furious-puma-1:187509:187774 [0] NCCL INFO GPU Direct RDMA Enabled for GPU 0 / HCA 6 (distance 4 <= 5), read 0 mode Default
furious-puma-1:187516:187730 [7] NCCL INFO GPU Direct RDMA Enabled for GPU 6 / HCA 4 (distance 4 <= 5), read 0 mode Default
furious-puma-1:187509:187774 [0] NCCL INFO GPU Direct RDMA Enabled for GPU 1 / HCA 6 (distance 4 <= 5), read 0 mode Default
furious-puma-1:187516:187730 [7] NCCL INFO GPU Direct RDMA Enabled for GPU 7 / HCA 4 (distance 4 <= 5), read 0 mode Default
furious-puma-1:187509:187774 [0] NCCL INFO GPU Direct RDMA Enabled for GPU 2 / HCA 6 (distance 4 <= 5), read 0 mode Default
furious-puma-1:187516:187730 [7] NCCL INFO GPU Direct RDMA Enabled for GPU 0 / HCA 5 (distance 4 <= 5), read 0 mode Default
furious-puma-1:187509:187774 [0] NCCL INFO GPU Direct RDMA Enabled for GPU 3 / HCA 6 (distance 4 <= 5), read 0 mode Default
furious-puma-1:187516:187730 [7] NCCL INFO GPU Direct RDMA Enabled for GPU 1 / HCA 5 (distance 4 <= 5), read 0 mode Default
furious-puma-1:187509:187774 [0] NCCL INFO GPU Direct RDMA Enabled for GPU 4 / HCA 6 (distance 4 <= 5), read 0 mode Default
furious-puma-1:187516:187730 [7] NCCL INFO GPU Direct RDMA Enabled for GPU 2 / HCA 5 (distance 4 <= 5), read 0 mode Default
furious-puma-1:187509:187774 [0] NCCL INFO GPU Direct RDMA Enabled for GPU 5 / HCA 6 (distance 4 <= 5), read 0 mode Default
furious-puma-1:187516:187730 [7] NCCL INFO GPU Direct RDMA Enabled for GPU 3 / HCA 5 (distance 4 <= 5), read 0 mode Default
furious-puma-1:187509:187774 [0] NCCL INFO GPU Direct RDMA Enabled for GPU 6 / HCA 6 (distance 4 <= 5), read 0 mode Default
furious-puma-1:187516:187730 [7] NCCL INFO GPU Direct RDMA Enabled for GPU 4 / HCA 5 (distance 4 <= 5), read 0 mode Default
furious-puma-1:187509:187774 [0] NCCL INFO GPU Direct RDMA Enabled for GPU 7 / HCA 6 (distance 4 <= 5), read 0 mode Default
furious-puma-1:187516:187730 [7] NCCL INFO GPU Direct RDMA Enabled for GPU 5 / HCA 5 (distance 4 <= 5), read 0 mode Default
furious-puma-1:187509:187774 [0] NCCL INFO GPU Direct RDMA Enabled for GPU 0 / HCA 7 (distance 4 <= 5), read 0 mode Default
furious-puma-1:187516:187730 [7] NCCL INFO GPU Direct RDMA Enabled for GPU 6 / HCA 5 (distance 4 <= 5), read 0 mode Default
furious-puma-1:187509:187774 [0] NCCL INFO GPU Direct RDMA Enabled for GPU 1 / HCA 7 (distance 4 <= 5), read 0 mode Default
furious-puma-1:187516:187730 [7] NCCL INFO GPU Direct RDMA Enabled for GPU 7 / HCA 5 (distance 4 <= 5), read 0 mode Default
furious-puma-1:187509:187774 [0] NCCL INFO GPU Direct RDMA Enabled for GPU 2 / HCA 7 (distance 4 <= 5), read 0 mode Default
furious-puma-1:187516:187730 [7] NCCL INFO GPU Direct RDMA Enabled for GPU 0 / HCA 6 (distance 4 <= 5), read 0 mode Default
furious-puma-1:187509:187774 [0] NCCL INFO GPU Direct RDMA Enabled for GPU 3 / HCA 7 (distance 4 <= 5), read 0 mode Default
furious-puma-1:187516:187730 [7] NCCL INFO GPU Direct RDMA Enabled for GPU 1 / HCA 6 (distance 4 <= 5), read 0 mode Default
furious-puma-1:187509:187774 [0] NCCL INFO GPU Direct RDMA Enabled for GPU 4 / HCA 7 (distance 4 <= 5), read 0 mode Default
furious-puma-1:187516:187730 [7] NCCL INFO GPU Direct RDMA Enabled for GPU 2 / HCA 6 (distance 4 <= 5), read 0 mode Default
furious-puma-1:187509:187774 [0] NCCL INFO GPU Direct RDMA Enabled for GPU 5 / HCA 7 (distance 4 <= 5), read 0 mode Default
furious-puma-1:187516:187730 [7] NCCL INFO GPU Direct RDMA Enabled for GPU 3 / HCA 6 (distance 4 <= 5), read 0 mode Default
furious-puma-1:187509:187774 [0] NCCL INFO GPU Direct RDMA Enabled for GPU 6 / HCA 7 (distance 4 <= 5), read 0 mode Default
furious-puma-1:187516:187730 [7] NCCL INFO GPU Direct RDMA Enabled for GPU 4 / HCA 6 (distance 4 <= 5), read 0 mode Default
furious-puma-1:187509:187774 [0] NCCL INFO GPU Direct RDMA Enabled for GPU 7 / HCA 7 (distance 4 <= 5), read 0 mode Default
furious-puma-1:187516:187730 [7] NCCL INFO GPU Direct RDMA Enabled for GPU 5 / HCA 6 (distance 4 <= 5), read 0 mode Default
furious-puma-1:187516:187730 [7] NCCL INFO GPU Direct RDMA Enabled for GPU 6 / HCA 6 (distance 4 <= 5), read 0 mode Default
furious-puma-1:187516:187730 [7] NCCL INFO GPU Direct RDMA Enabled for GPU 7 / HCA 6 (distance 4 <= 5), read 0 mode Default
furious-puma-1:187516:187730 [7] NCCL INFO GPU Direct RDMA Enabled for GPU 0 / HCA 7 (distance 4 <= 5), read 0 mode Default
furious-puma-1:187516:187730 [7] NCCL INFO GPU Direct RDMA Enabled for GPU 1 / HCA 7 (distance 4 <= 5), read 0 mode Default
furious-puma-1:187516:187730 [7] NCCL INFO GPU Direct RDMA Enabled for GPU 2 / HCA 7 (distance 4 <= 5), read 0 mode Default
furious-puma-1:187516:187730 [7] NCCL INFO GPU Direct RDMA Enabled for GPU 3 / HCA 7 (distance 4 <= 5), read 0 mode Default
furious-puma-1:187516:187730 [7] NCCL INFO GPU Direct RDMA Enabled for GPU 4 / HCA 7 (distance 4 <= 5), read 0 mode Default
furious-puma-1:187516:187730 [7] NCCL INFO GPU Direct RDMA Enabled for GPU 5 / HCA 7 (distance 4 <= 5), read 0 mode Default
furious-puma-1:187516:187730 [7] NCCL INFO GPU Direct RDMA Enabled for GPU 6 / HCA 7 (distance 4 <= 5), read 0 mode Default
furious-puma-1:187516:187730 [7] NCCL INFO GPU Direct RDMA Enabled for GPU 7 / HCA 7 (distance 4 <= 5), read 0 mode Default
furious-puma-1:187510:187781 [1] NCCL INFO === System : maxBw 370.8 totalBw 370.8 ===
furious-puma-1:187510:187781 [1] NCCL INFO CPU/0-0 (1/1/3)
furious-puma-1:187510:187781 [1] NCCL INFO + PCI[48.0] - PCI/0-ffffff010 (0)
furious-puma-1:187510:187781 [1] NCCL INFO               + PCI[48.0] - GPU/0-7f000 (0)
furious-puma-1:187510:187781 [1] NCCL INFO                             + NVL[370.8] - NVS/0-0
furious-puma-1:187510:187781 [1] NCCL INFO               + PCI[48.0] - NIC/0-80000
furious-puma-1:187510:187781 [1] NCCL INFO + PCI[48.0] - PCI/0-ffffff020 (0)
furious-puma-1:187510:187781 [1] NCCL INFO               + PCI[48.0] - NIC/0-90000
furious-puma-1:187510:187781 [1] NCCL INFO               + PCI[48.0] - GPU/0-8f000 (1)
furious-puma-1:187510:187781 [1] NCCL INFO                             + NVL[370.8] - NVS/0-0
furious-puma-1:187510:187781 [1] NCCL INFO + PCI[48.0] - PCI/0-ffffff030 (0)
furious-puma-1:187510:187781 [1] NCCL INFO               + PCI[48.0] - NIC/0-a0000
furious-puma-1:187510:187781 [1] NCCL INFO               + PCI[48.0] - GPU/0-9f000 (2)
furious-puma-1:187510:187781 [1] NCCL INFO                             + NVL[370.8] - NVS/0-0
furious-puma-1:187510:187781 [1] NCCL INFO + PCI[48.0] - PCI/0-ffffff040 (0)
furious-puma-1:187510:187781 [1] NCCL INFO               + PCI[48.0] - NIC/0-b0000
furious-puma-1:187510:187781 [1] NCCL INFO               + PCI[48.0] - GPU/0-af000 (3)
furious-puma-1:187510:187781 [1] NCCL INFO                             + NVL[370.8] - NVS/0-0
furious-puma-1:187510:187781 [1] NCCL INFO + SYS[22.0] - CPU/0-1
furious-puma-1:187510:187781 [1] NCCL INFO CPU/0-1 (1/1/3)
furious-puma-1:187510:187781 [1] NCCL INFO + PCI[48.0] - PCI/0-ffffff050 (0)
furious-puma-1:187510:187781 [1] NCCL INFO               + PCI[48.0] - NIC/0-c0000
furious-puma-1:187510:187781 [1] NCCL INFO               + PCI[48.0] - GPU/0-bf000 (4)
furious-puma-1:187510:187781 [1] NCCL INFO                             + NVL[370.8] - NVS/0-0
furious-puma-1:187510:187781 [1] NCCL INFO + PCI[48.0] - PCI/0-ffffff060 (0)
furious-puma-1:187510:187781 [1] NCCL INFO               + PCI[48.0] - NIC/0-d0000
furious-puma-1:187510:187781 [1] NCCL INFO               + PCI[48.0] - GPU/0-cf000 (5)
furious-puma-1:187510:187781 [1] NCCL INFO                             + NVL[370.8] - NVS/0-0
furious-puma-1:187510:187781 [1] NCCL INFO + PCI[48.0] - PCI/0-ffffff070 (0)
furious-puma-1:187510:187781 [1] NCCL INFO               + PCI[48.0] - NIC/0-e0000
furious-puma-1:187510:187781 [1] NCCL INFO               + PCI[48.0] - GPU/0-df000 (6)
furious-puma-1:187510:187781 [1] NCCL INFO                             + NVL[370.8] - NVS/0-0
furious-puma-1:187510:187781 [1] NCCL INFO + PCI[48.0] - PCI/0-ffffff080 (0)
furious-puma-1:187510:187781 [1] NCCL INFO               + PCI[48.0] - NIC/0-f0000
furious-puma-1:187510:187781 [1] NCCL INFO               + PCI[48.0] - GPU/0-ef000 (7)
furious-puma-1:187510:187781 [1] NCCL INFO                             + NVL[370.8] - NVS/0-0
furious-puma-1:187510:187781 [1] NCCL INFO + SYS[22.0] - CPU/0-0
furious-puma-1:187510:187781 [1] NCCL INFO ==========================================
furious-puma-1:187510:187781 [1] NCCL INFO GPU/0-7f000 :GPU/0-7f000 (0/5000.0/LOC) GPU/0-8f000 (2/370.8/NVL) GPU/0-9f000 (2/370.8/NVL) GPU/0-af000 (2/370.8/NVL) GPU/0-bf000 (2/370.8/NVL) GPU/0-cf000 (2/370.8/NVL) GPU/0-df000 (2/370.8/NVL) GPU/0-ef000 (2/370.8/NVL) NVS/0-0 (1/370.8/NVL) CPU/0-0 (2/48.0/PHB) CPU/0-1 (3/22.0/SYS) 
furious-puma-1:187510:187781 [1] NCCL INFO GPU/0-8f000 :GPU/0-7f000 (2/370.8/NVL) GPU/0-8f000 (0/5000.0/LOC) GPU/0-9f000 (2/370.8/NVL) GPU/0-af000 (2/370.8/NVL) GPU/0-bf000 (2/370.8/NVL) GPU/0-cf000 (2/370.8/NVL) GPU/0-df000 (2/370.8/NVL) GPU/0-ef000 (2/370.8/NVL) NVS/0-0 (1/370.8/NVL) CPU/0-0 (2/48.0/PHB) CPU/0-1 (3/22.0/SYS) 
furious-puma-1:187510:187781 [1] NCCL INFO GPU/0-9f000 :GPU/0-7f000 (2/370.8/NVL) GPU/0-8f000 (2/370.8/NVL) GPU/0-9f000 (0/5000.0/LOC) GPU/0-af000 (2/370.8/NVL) GPU/0-bf000 (2/370.8/NVL) GPU/0-cf000 (2/370.8/NVL) GPU/0-df000 (2/370.8/NVL) GPU/0-ef000 (2/370.8/NVL) NVS/0-0 (1/370.8/NVL) CPU/0-0 (2/48.0/PHB) CPU/0-1 (3/22.0/SYS) 
furious-puma-1:187510:187781 [1] NCCL INFO GPU/0-af000 :GPU/0-7f000 (2/370.8/NVL) GPU/0-8f000 (2/370.8/NVL) GPU/0-9f000 (2/370.8/NVL) GPU/0-af000 (0/5000.0/LOC) GPU/0-bf000 (2/370.8/NVL) GPU/0-cf000 (2/370.8/NVL) GPU/0-df000 (2/370.8/NVL) GPU/0-ef000 (2/370.8/NVL) NVS/0-0 (1/370.8/NVL) CPU/0-0 (2/48.0/PHB) CPU/0-1 (3/22.0/SYS) 
furious-puma-1:187510:187781 [1] NCCL INFO GPU/0-bf000 :GPU/0-7f000 (2/370.8/NVL) GPU/0-8f000 (2/370.8/NVL) GPU/0-9f000 (2/370.8/NVL) GPU/0-af000 (2/370.8/NVL) GPU/0-bf000 (0/5000.0/LOC) GPU/0-cf000 (2/370.8/NVL) GPU/0-df000 (2/370.8/NVL) GPU/0-ef000 (2/370.8/NVL) NVS/0-0 (1/370.8/NVL) CPU/0-0 (3/22.0/SYS) CPU/0-1 (2/48.0/PHB) 
furious-puma-1:187510:187781 [1] NCCL INFO GPU/0-cf000 :GPU/0-7f000 (2/370.8/NVL) GPU/0-8f000 (2/370.8/NVL) GPU/0-9f000 (2/370.8/NVL) GPU/0-af000 (2/370.8/NVL) GPU/0-bf000 (2/370.8/NVL) GPU/0-cf000 (0/5000.0/LOC) GPU/0-df000 (2/370.8/NVL) GPU/0-ef000 (2/370.8/NVL) NVS/0-0 (1/370.8/NVL) CPU/0-0 (3/22.0/SYS) CPU/0-1 (2/48.0/PHB) 
furious-puma-1:187510:187781 [1] NCCL INFO GPU/0-df000 :GPU/0-7f000 (2/370.8/NVL) GPU/0-8f000 (2/370.8/NVL) GPU/0-9f000 (2/370.8/NVL) GPU/0-af000 (2/370.8/NVL) GPU/0-bf000 (2/370.8/NVL) GPU/0-cf000 (2/370.8/NVL) GPU/0-df000 (0/5000.0/LOC) GPU/0-ef000 (2/370.8/NVL) NVS/0-0 (1/370.8/NVL) CPU/0-0 (3/22.0/SYS) CPU/0-1 (2/48.0/PHB) 
furious-puma-1:187510:187781 [1] NCCL INFO GPU/0-ef000 :GPU/0-7f000 (2/370.8/NVL) GPU/0-8f000 (2/370.8/NVL) GPU/0-9f000 (2/370.8/NVL) GPU/0-af000 (2/370.8/NVL) GPU/0-bf000 (2/370.8/NVL) GPU/0-cf000 (2/370.8/NVL) GPU/0-df000 (2/370.8/NVL) GPU/0-ef000 (0/5000.0/LOC) NVS/0-0 (1/370.8/NVL) CPU/0-0 (3/22.0/SYS) CPU/0-1 (2/48.0/PHB) 
furious-puma-1:187510:187781 [1] NCCL INFO Setting affinity for GPU 1 to 0-79
furious-puma-1:187510:187781 [1] NCCL INFO NVLS multicast support is available on dev 1 (NVLS_NCHANNELS 16)
furious-puma-1:187515:187888 [6] NCCL INFO === System : maxBw 370.8 totalBw 370.8 ===
furious-puma-1:187515:187888 [6] NCCL INFO CPU/0-0 (1/1/3)
furious-puma-1:187515:187888 [6] NCCL INFO + PCI[48.0] - PCI/0-ffffff010 (0)
furious-puma-1:187515:187888 [6] NCCL INFO               + PCI[48.0] - GPU/0-7f000 (0)
furious-puma-1:187515:187888 [6] NCCL INFO                             + NVL[370.8] - NVS/0-0
furious-puma-1:187515:187888 [6] NCCL INFO               + PCI[48.0] - NIC/0-80000
furious-puma-1:187515:187888 [6] NCCL INFO + PCI[48.0] - PCI/0-ffffff020 (0)
furious-puma-1:187515:187888 [6] NCCL INFO               + PCI[48.0] - NIC/0-90000
furious-puma-1:187515:187888 [6] NCCL INFO               + PCI[48.0] - GPU/0-8f000 (1)
furious-puma-1:187515:187888 [6] NCCL INFO                             + NVL[370.8] - NVS/0-0
furious-puma-1:187515:187888 [6] NCCL INFO + PCI[48.0] - PCI/0-ffffff030 (0)
furious-puma-1:187515:187888 [6] NCCL INFO               + PCI[48.0] - NIC/0-a0000
furious-puma-1:187515:187888 [6] NCCL INFO               + PCI[48.0] - GPU/0-9f000 (2)
furious-puma-1:187515:187888 [6] NCCL INFO                             + NVL[370.8] - NVS/0-0
furious-puma-1:187515:187888 [6] NCCL INFO + PCI[48.0] - PCI/0-ffffff040 (0)
furious-puma-1:187515:187888 [6] NCCL INFO               + PCI[48.0] - NIC/0-b0000
furious-puma-1:187515:187888 [6] NCCL INFO               + PCI[48.0] - GPU/0-af000 (3)
furious-puma-1:187515:187888 [6] NCCL INFO                             + NVL[370.8] - NVS/0-0
furious-puma-1:187515:187888 [6] NCCL INFO + SYS[22.0] - CPU/0-1
furious-puma-1:187515:187888 [6] NCCL INFO CPU/0-1 (1/1/3)
furious-puma-1:187515:187888 [6] NCCL INFO + PCI[48.0] - PCI/0-ffffff050 (0)
furious-puma-1:187515:187888 [6] NCCL INFO               + PCI[48.0] - NIC/0-c0000
furious-puma-1:187515:187888 [6] NCCL INFO               + PCI[48.0] - GPU/0-bf000 (4)
furious-puma-1:187515:187888 [6] NCCL INFO                             + NVL[370.8] - NVS/0-0
furious-puma-1:187515:187888 [6] NCCL INFO + PCI[48.0] - PCI/0-ffffff060 (0)
furious-puma-1:187515:187888 [6] NCCL INFO               + PCI[48.0] - NIC/0-d0000
furious-puma-1:187515:187888 [6] NCCL INFO               + PCI[48.0] - GPU/0-cf000 (5)
furious-puma-1:187515:187888 [6] NCCL INFO                             + NVL[370.8] - NVS/0-0
furious-puma-1:187515:187888 [6] NCCL INFO + PCI[48.0] - PCI/0-ffffff070 (0)
furious-puma-1:187515:187888 [6] NCCL INFO               + PCI[48.0] - NIC/0-e0000
furious-puma-1:187515:187888 [6] NCCL INFO               + PCI[48.0] - GPU/0-df000 (6)
furious-puma-1:187515:187888 [6] NCCL INFO                             + NVL[370.8] - NVS/0-0
furious-puma-1:187515:187888 [6] NCCL INFO + PCI[48.0] - PCI/0-ffffff080 (0)
furious-puma-1:187515:187888 [6] NCCL INFO               + PCI[48.0] - NIC/0-f0000
furious-puma-1:187515:187888 [6] NCCL INFO               + PCI[48.0] - GPU/0-ef000 (7)
furious-puma-1:187515:187888 [6] NCCL INFO                             + NVL[370.8] - NVS/0-0
furious-puma-1:187515:187888 [6] NCCL INFO + SYS[22.0] - CPU/0-0
furious-puma-1:187515:187888 [6] NCCL INFO ==========================================
furious-puma-1:187515:187888 [6] NCCL INFO GPU/0-7f000 :GPU/0-7f000 (0/5000.0/LOC) GPU/0-8f000 (2/370.8/NVL) GPU/0-9f000 (2/370.8/NVL) GPU/0-af000 (2/370.8/NVL) GPU/0-bf000 (2/370.8/NVL) GPU/0-cf000 (2/370.8/NVL) GPU/0-df000 (2/370.8/NVL) GPU/0-ef000 (2/370.8/NVL) NVS/0-0 (1/370.8/NVL) CPU/0-0 (2/48.0/PHB) CPU/0-1 (3/22.0/SYS) 
furious-puma-1:187515:187888 [6] NCCL INFO GPU/0-8f000 :GPU/0-7f000 (2/370.8/NVL) GPU/0-8f000 (0/5000.0/LOC) GPU/0-9f000 (2/370.8/NVL) GPU/0-af000 (2/370.8/NVL) GPU/0-bf000 (2/370.8/NVL) GPU/0-cf000 (2/370.8/NVL) GPU/0-df000 (2/370.8/NVL) GPU/0-ef000 (2/370.8/NVL) NVS/0-0 (1/370.8/NVL) CPU/0-0 (2/48.0/PHB) CPU/0-1 (3/22.0/SYS) 
furious-puma-1:187515:187888 [6] NCCL INFO GPU/0-9f000 :GPU/0-7f000 (2/370.8/NVL) GPU/0-8f000 (2/370.8/NVL) GPU/0-9f000 (0/5000.0/LOC) GPU/0-af000 (2/370.8/NVL) GPU/0-bf000 (2/370.8/NVL) GPU/0-cf000 (2/370.8/NVL) GPU/0-df000 (2/370.8/NVL) GPU/0-ef000 (2/370.8/NVL) NVS/0-0 (1/370.8/NVL) CPU/0-0 (2/48.0/PHB) CPU/0-1 (3/22.0/SYS) 
furious-puma-1:187515:187888 [6] NCCL INFO GPU/0-af000 :GPU/0-7f000 (2/370.8/NVL) GPU/0-8f000 (2/370.8/NVL) GPU/0-9f000 (2/370.8/NVL) GPU/0-af000 (0/5000.0/LOC) GPU/0-bf000 (2/370.8/NVL) GPU/0-cf000 (2/370.8/NVL) GPU/0-df000 (2/370.8/NVL) GPU/0-ef000 (2/370.8/NVL) NVS/0-0 (1/370.8/NVL) CPU/0-0 (2/48.0/PHB) CPU/0-1 (3/22.0/SYS) 
furious-puma-1:187515:187888 [6] NCCL INFO GPU/0-bf000 :GPU/0-7f000 (2/370.8/NVL) GPU/0-8f000 (2/370.8/NVL) GPU/0-9f000 (2/370.8/NVL) GPU/0-af000 (2/370.8/NVL) GPU/0-bf000 (0/5000.0/LOC) GPU/0-cf000 (2/370.8/NVL) GPU/0-df000 (2/370.8/NVL) GPU/0-ef000 (2/370.8/NVL) NVS/0-0 (1/370.8/NVL) CPU/0-0 (3/22.0/SYS) CPU/0-1 (2/48.0/PHB) 
furious-puma-1:187515:187888 [6] NCCL INFO GPU/0-cf000 :GPU/0-7f000 (2/370.8/NVL) GPU/0-8f000 (2/370.8/NVL) GPU/0-9f000 (2/370.8/NVL) GPU/0-af000 (2/370.8/NVL) GPU/0-bf000 (2/370.8/NVL) GPU/0-cf000 (0/5000.0/LOC) GPU/0-df000 (2/370.8/NVL) GPU/0-ef000 (2/370.8/NVL) NVS/0-0 (1/370.8/NVL) CPU/0-0 (3/22.0/SYS) CPU/0-1 (2/48.0/PHB) 
furious-puma-1:187515:187888 [6] NCCL INFO GPU/0-df000 :GPU/0-7f000 (2/370.8/NVL) GPU/0-8f000 (2/370.8/NVL) GPU/0-9f000 (2/370.8/NVL) GPU/0-af000 (2/370.8/NVL) GPU/0-bf000 (2/370.8/NVL) GPU/0-cf000 (2/370.8/NVL) GPU/0-df000 (0/5000.0/LOC) GPU/0-ef000 (2/370.8/NVL) NVS/0-0 (1/370.8/NVL) CPU/0-0 (3/22.0/SYS) CPU/0-1 (2/48.0/PHB) 
furious-puma-1:187515:187888 [6] NCCL INFO GPU/0-ef000 :GPU/0-7f000 (2/370.8/NVL) GPU/0-8f000 (2/370.8/NVL) GPU/0-9f000 (2/370.8/NVL) GPU/0-af000 (2/370.8/NVL) GPU/0-bf000 (2/370.8/NVL) GPU/0-cf000 (2/370.8/NVL) GPU/0-df000 (2/370.8/NVL) GPU/0-ef000 (0/5000.0/LOC) NVS/0-0 (1/370.8/NVL) CPU/0-0 (3/22.0/SYS) CPU/0-1 (2/48.0/PHB) 
furious-puma-1:187515:187888 [6] NCCL INFO Setting affinity for GPU 6 to 80-159
furious-puma-1:187515:187888 [6] NCCL INFO NVLS multicast support is available on dev 6 (NVLS_NCHANNELS 16)
furious-puma-1:187512:187870 [3] NCCL INFO === System : maxBw 370.8 totalBw 370.8 ===
furious-puma-1:187512:187870 [3] NCCL INFO CPU/0-0 (1/1/3)
furious-puma-1:187512:187870 [3] NCCL INFO + PCI[48.0] - PCI/0-ffffff010 (0)
furious-puma-1:187512:187870 [3] NCCL INFO               + PCI[48.0] - GPU/0-7f000 (0)
furious-puma-1:187512:187870 [3] NCCL INFO                             + NVL[370.8] - NVS/0-0
furious-puma-1:187512:187870 [3] NCCL INFO               + PCI[48.0] - NIC/0-80000
furious-puma-1:187512:187870 [3] NCCL INFO + PCI[48.0] - PCI/0-ffffff020 (0)
furious-puma-1:187512:187870 [3] NCCL INFO               + PCI[48.0] - NIC/0-90000
furious-puma-1:187512:187870 [3] NCCL INFO               + PCI[48.0] - GPU/0-8f000 (1)
furious-puma-1:187512:187870 [3] NCCL INFO                             + NVL[370.8] - NVS/0-0
furious-puma-1:187512:187870 [3] NCCL INFO + PCI[48.0] - PCI/0-ffffff030 (0)
furious-puma-1:187512:187870 [3] NCCL INFO               + PCI[48.0] - NIC/0-a0000
furious-puma-1:187512:187870 [3] NCCL INFO               + PCI[48.0] - GPU/0-9f000 (2)
furious-puma-1:187512:187870 [3] NCCL INFO                             + NVL[370.8] - NVS/0-0
furious-puma-1:187512:187870 [3] NCCL INFO + PCI[48.0] - PCI/0-ffffff040 (0)
furious-puma-1:187512:187870 [3] NCCL INFO               + PCI[48.0] - NIC/0-b0000
furious-puma-1:187512:187870 [3] NCCL INFO               + PCI[48.0] - GPU/0-af000 (3)
furious-puma-1:187512:187870 [3] NCCL INFO                             + NVL[370.8] - NVS/0-0
furious-puma-1:187512:187870 [3] NCCL INFO + SYS[22.0] - CPU/0-1
furious-puma-1:187512:187870 [3] NCCL INFO CPU/0-1 (1/1/3)
furious-puma-1:187512:187870 [3] NCCL INFO + PCI[48.0] - PCI/0-ffffff050 (0)
furious-puma-1:187512:187870 [3] NCCL INFO               + PCI[48.0] - NIC/0-c0000
furious-puma-1:187512:187870 [3] NCCL INFO               + PCI[48.0] - GPU/0-bf000 (4)
furious-puma-1:187512:187870 [3] NCCL INFO                             + NVL[370.8] - NVS/0-0
furious-puma-1:187512:187870 [3] NCCL INFO + PCI[48.0] - PCI/0-ffffff060 (0)
furious-puma-1:187512:187870 [3] NCCL INFO               + PCI[48.0] - NIC/0-d0000
furious-puma-1:187512:187870 [3] NCCL INFO               + PCI[48.0] - GPU/0-cf000 (5)
furious-puma-1:187512:187870 [3] NCCL INFO                             + NVL[370.8] - NVS/0-0
furious-puma-1:187512:187870 [3] NCCL INFO + PCI[48.0] - PCI/0-ffffff070 (0)
furious-puma-1:187512:187870 [3] NCCL INFO               + PCI[48.0] - NIC/0-e0000
furious-puma-1:187512:187870 [3] NCCL INFO               + PCI[48.0] - GPU/0-df000 (6)
furious-puma-1:187512:187870 [3] NCCL INFO                             + NVL[370.8] - NVS/0-0
furious-puma-1:187512:187870 [3] NCCL INFO + PCI[48.0] - PCI/0-ffffff080 (0)
furious-puma-1:187512:187870 [3] NCCL INFO               + PCI[48.0] - NIC/0-f0000
furious-puma-1:187512:187870 [3] NCCL INFO               + PCI[48.0] - GPU/0-ef000 (7)
furious-puma-1:187512:187870 [3] NCCL INFO                             + NVL[370.8] - NVS/0-0
furious-puma-1:187512:187870 [3] NCCL INFO + SYS[22.0] - CPU/0-0
furious-puma-1:187512:187870 [3] NCCL INFO ==========================================
furious-puma-1:187512:187870 [3] NCCL INFO GPU/0-7f000 :GPU/0-7f000 (0/5000.0/LOC) GPU/0-8f000 (2/370.8/NVL) GPU/0-9f000 (2/370.8/NVL) GPU/0-af000 (2/370.8/NVL) GPU/0-bf000 (2/370.8/NVL) GPU/0-cf000 (2/370.8/NVL) GPU/0-df000 (2/370.8/NVL) GPU/0-ef000 (2/370.8/NVL) NVS/0-0 (1/370.8/NVL) CPU/0-0 (2/48.0/PHB) CPU/0-1 (3/22.0/SYS) 
furious-puma-1:187512:187870 [3] NCCL INFO GPU/0-8f000 :GPU/0-7f000 (2/370.8/NVL) GPU/0-8f000 (0/5000.0/LOC) GPU/0-9f000 (2/370.8/NVL) GPU/0-af000 (2/370.8/NVL) GPU/0-bf000 (2/370.8/NVL) GPU/0-cf000 (2/370.8/NVL) GPU/0-df000 (2/370.8/NVL) GPU/0-ef000 (2/370.8/NVL) NVS/0-0 (1/370.8/NVL) CPU/0-0 (2/48.0/PHB) CPU/0-1 (3/22.0/SYS) 
furious-puma-1:187512:187870 [3] NCCL INFO GPU/0-9f000 :GPU/0-7f000 (2/370.8/NVL) GPU/0-8f000 (2/370.8/NVL) GPU/0-9f000 (0/5000.0/LOC) GPU/0-af000 (2/370.8/NVL) GPU/0-bf000 (2/370.8/NVL) GPU/0-cf000 (2/370.8/NVL) GPU/0-df000 (2/370.8/NVL) GPU/0-ef000 (2/370.8/NVL) NVS/0-0 (1/370.8/NVL) CPU/0-0 (2/48.0/PHB) CPU/0-1 (3/22.0/SYS) 
furious-puma-1:187512:187870 [3] NCCL INFO GPU/0-af000 :GPU/0-7f000 (2/370.8/NVL) GPU/0-8f000 (2/370.8/NVL) GPU/0-9f000 (2/370.8/NVL) GPU/0-af000 (0/5000.0/LOC) GPU/0-bf000 (2/370.8/NVL) GPU/0-cf000 (2/370.8/NVL) GPU/0-df000 (2/370.8/NVL) GPU/0-ef000 (2/370.8/NVL) NVS/0-0 (1/370.8/NVL) CPU/0-0 (2/48.0/PHB) CPU/0-1 (3/22.0/SYS) 
furious-puma-1:187512:187870 [3] NCCL INFO GPU/0-bf000 :GPU/0-7f000 (2/370.8/NVL) GPU/0-8f000 (2/370.8/NVL) GPU/0-9f000 (2/370.8/NVL) GPU/0-af000 (2/370.8/NVL) GPU/0-bf000 (0/5000.0/LOC) GPU/0-cf000 (2/370.8/NVL) GPU/0-df000 (2/370.8/NVL) GPU/0-ef000 (2/370.8/NVL) NVS/0-0 (1/370.8/NVL) CPU/0-0 (3/22.0/SYS) CPU/0-1 (2/48.0/PHB) 
furious-puma-1:187512:187870 [3] NCCL INFO GPU/0-cf000 :GPU/0-7f000 (2/370.8/NVL) GPU/0-8f000 (2/370.8/NVL) GPU/0-9f000 (2/370.8/NVL) GPU/0-af000 (2/370.8/NVL) GPU/0-bf000 (2/370.8/NVL) GPU/0-cf000 (0/5000.0/LOC) GPU/0-df000 (2/370.8/NVL) GPU/0-ef000 (2/370.8/NVL) NVS/0-0 (1/370.8/NVL) CPU/0-0 (3/22.0/SYS) CPU/0-1 (2/48.0/PHB) 
furious-puma-1:187512:187870 [3] NCCL INFO GPU/0-df000 :GPU/0-7f000 (2/370.8/NVL) GPU/0-8f000 (2/370.8/NVL) GPU/0-9f000 (2/370.8/NVL) GPU/0-af000 (2/370.8/NVL) GPU/0-bf000 (2/370.8/NVL) GPU/0-cf000 (2/370.8/NVL) GPU/0-df000 (0/5000.0/LOC) GPU/0-ef000 (2/370.8/NVL) NVS/0-0 (1/370.8/NVL) CPU/0-0 (3/22.0/SYS) CPU/0-1 (2/48.0/PHB) 
furious-puma-1:187512:187870 [3] NCCL INFO GPU/0-ef000 :GPU/0-7f000 (2/370.8/NVL) GPU/0-8f000 (2/370.8/NVL) GPU/0-9f000 (2/370.8/NVL) GPU/0-af000 (2/370.8/NVL) GPU/0-bf000 (2/370.8/NVL) GPU/0-cf000 (2/370.8/NVL) GPU/0-df000 (2/370.8/NVL) GPU/0-ef000 (0/5000.0/LOC) NVS/0-0 (1/370.8/NVL) CPU/0-0 (3/22.0/SYS) CPU/0-1 (2/48.0/PHB) 
furious-puma-1:187512:187870 [3] NCCL INFO Setting affinity for GPU 3 to 0-79
furious-puma-1:187512:187870 [3] NCCL INFO NVLS multicast support is available on dev 3 (NVLS_NCHANNELS 16)
furious-puma-1:187514:187731 [5] NCCL INFO === System : maxBw 370.8 totalBw 370.8 ===
furious-puma-1:187514:187731 [5] NCCL INFO CPU/0-0 (1/1/3)
furious-puma-1:187514:187731 [5] NCCL INFO + PCI[48.0] - PCI/0-ffffff010 (0)
furious-puma-1:187514:187731 [5] NCCL INFO               + PCI[48.0] - GPU/0-7f000 (0)
furious-puma-1:187514:187731 [5] NCCL INFO                             + NVL[370.8] - NVS/0-0
furious-puma-1:187514:187731 [5] NCCL INFO               + PCI[48.0] - NIC/0-80000
furious-puma-1:187514:187731 [5] NCCL INFO + PCI[48.0] - PCI/0-ffffff020 (0)
furious-puma-1:187514:187731 [5] NCCL INFO               + PCI[48.0] - NIC/0-90000
furious-puma-1:187514:187731 [5] NCCL INFO               + PCI[48.0] - GPU/0-8f000 (1)
furious-puma-1:187514:187731 [5] NCCL INFO                             + NVL[370.8] - NVS/0-0
furious-puma-1:187514:187731 [5] NCCL INFO + PCI[48.0] - PCI/0-ffffff030 (0)
furious-puma-1:187514:187731 [5] NCCL INFO               + PCI[48.0] - NIC/0-a0000
furious-puma-1:187514:187731 [5] NCCL INFO               + PCI[48.0] - GPU/0-9f000 (2)
furious-puma-1:187514:187731 [5] NCCL INFO                             + NVL[370.8] - NVS/0-0
furious-puma-1:187514:187731 [5] NCCL INFO + PCI[48.0] - PCI/0-ffffff040 (0)
furious-puma-1:187514:187731 [5] NCCL INFO               + PCI[48.0] - NIC/0-b0000
furious-puma-1:187514:187731 [5] NCCL INFO               + PCI[48.0] - GPU/0-af000 (3)
furious-puma-1:187514:187731 [5] NCCL INFO                             + NVL[370.8] - NVS/0-0
furious-puma-1:187514:187731 [5] NCCL INFO + SYS[22.0] - CPU/0-1
furious-puma-1:187514:187731 [5] NCCL INFO CPU/0-1 (1/1/3)
furious-puma-1:187514:187731 [5] NCCL INFO + PCI[48.0] - PCI/0-ffffff050 (0)
furious-puma-1:187514:187731 [5] NCCL INFO               + PCI[48.0] - NIC/0-c0000
furious-puma-1:187514:187731 [5] NCCL INFO               + PCI[48.0] - GPU/0-bf000 (4)
furious-puma-1:187514:187731 [5] NCCL INFO                             + NVL[370.8] - NVS/0-0
furious-puma-1:187514:187731 [5] NCCL INFO + PCI[48.0] - PCI/0-ffffff060 (0)
furious-puma-1:187514:187731 [5] NCCL INFO               + PCI[48.0] - NIC/0-d0000
furious-puma-1:187514:187731 [5] NCCL INFO               + PCI[48.0] - GPU/0-cf000 (5)
furious-puma-1:187514:187731 [5] NCCL INFO                             + NVL[370.8] - NVS/0-0
furious-puma-1:187514:187731 [5] NCCL INFO + PCI[48.0] - PCI/0-ffffff070 (0)
furious-puma-1:187514:187731 [5] NCCL INFO               + PCI[48.0] - NIC/0-e0000
furious-puma-1:187514:187731 [5] NCCL INFO               + PCI[48.0] - GPU/0-df000 (6)
furious-puma-1:187514:187731 [5] NCCL INFO                             + NVL[370.8] - NVS/0-0
furious-puma-1:187514:187731 [5] NCCL INFO + PCI[48.0] - PCI/0-ffffff080 (0)
furious-puma-1:187514:187731 [5] NCCL INFO               + PCI[48.0] - NIC/0-f0000
furious-puma-1:187514:187731 [5] NCCL INFO               + PCI[48.0] - GPU/0-ef000 (7)
furious-puma-1:187514:187731 [5] NCCL INFO                             + NVL[370.8] - NVS/0-0
furious-puma-1:187514:187731 [5] NCCL INFO + SYS[22.0] - CPU/0-0
furious-puma-1:187514:187731 [5] NCCL INFO ==========================================
furious-puma-1:187514:187731 [5] NCCL INFO GPU/0-7f000 :GPU/0-7f000 (0/5000.0/LOC) GPU/0-8f000 (2/370.8/NVL) GPU/0-9f000 (2/370.8/NVL) GPU/0-af000 (2/370.8/NVL) GPU/0-bf000 (2/370.8/NVL) GPU/0-cf000 (2/370.8/NVL) GPU/0-df000 (2/370.8/NVL) GPU/0-ef000 (2/370.8/NVL) NVS/0-0 (1/370.8/NVL) CPU/0-0 (2/48.0/PHB) CPU/0-1 (3/22.0/SYS) 
furious-puma-1:187513:187767 [4] NCCL INFO === System : maxBw 370.8 totalBw 370.8 ===
furious-puma-1:187514:187731 [5] NCCL INFO GPU/0-8f000 :GPU/0-7f000 (2/370.8/NVL) GPU/0-8f000 (0/5000.0/LOC) GPU/0-9f000 (2/370.8/NVL) GPU/0-af000 (2/370.8/NVL) GPU/0-bf000 (2/370.8/NVL) GPU/0-cf000 (2/370.8/NVL) GPU/0-df000 (2/370.8/NVL) GPU/0-ef000 (2/370.8/NVL) NVS/0-0 (1/370.8/NVL) CPU/0-0 (2/48.0/PHB) CPU/0-1 (3/22.0/SYS) 
furious-puma-1:187513:187767 [4] NCCL INFO CPU/0-0 (1/1/3)
furious-puma-1:187513:187767 [4] NCCL INFO + PCI[48.0] - PCI/0-ffffff010 (0)
furious-puma-1:187513:187767 [4] NCCL INFO               + PCI[48.0] - GPU/0-7f000 (0)
furious-puma-1:187514:187731 [5] NCCL INFO GPU/0-9f000 :GPU/0-7f000 (2/370.8/NVL) GPU/0-8f000 (2/370.8/NVL) GPU/0-9f000 (0/5000.0/LOC) GPU/0-af000 (2/370.8/NVL) GPU/0-bf000 (2/370.8/NVL) GPU/0-cf000 (2/370.8/NVL) GPU/0-df000 (2/370.8/NVL) GPU/0-ef000 (2/370.8/NVL) NVS/0-0 (1/370.8/NVL) CPU/0-0 (2/48.0/PHB) CPU/0-1 (3/22.0/SYS) 
furious-puma-1:187513:187767 [4] NCCL INFO                             + NVL[370.8] - NVS/0-0
furious-puma-1:187513:187767 [4] NCCL INFO               + PCI[48.0] - NIC/0-80000
furious-puma-1:187513:187767 [4] NCCL INFO + PCI[48.0] - PCI/0-ffffff020 (0)
furious-puma-1:187513:187767 [4] NCCL INFO               + PCI[48.0] - NIC/0-90000
furious-puma-1:187514:187731 [5] NCCL INFO GPU/0-af000 :GPU/0-7f000 (2/370.8/NVL) GPU/0-8f000 (2/370.8/NVL) GPU/0-9f000 (2/370.8/NVL) GPU/0-af000 (0/5000.0/LOC) GPU/0-bf000 (2/370.8/NVL) GPU/0-cf000 (2/370.8/NVL) GPU/0-df000 (2/370.8/NVL) GPU/0-ef000 (2/370.8/NVL) NVS/0-0 (1/370.8/NVL) CPU/0-0 (2/48.0/PHB) CPU/0-1 (3/22.0/SYS) 
furious-puma-1:187513:187767 [4] NCCL INFO               + PCI[48.0] - GPU/0-8f000 (1)
furious-puma-1:187513:187767 [4] NCCL INFO                             + NVL[370.8] - NVS/0-0
furious-puma-1:187513:187767 [4] NCCL INFO + PCI[48.0] - PCI/0-ffffff030 (0)
furious-puma-1:187513:187767 [4] NCCL INFO               + PCI[48.0] - NIC/0-a0000
furious-puma-1:187514:187731 [5] NCCL INFO GPU/0-bf000 :GPU/0-7f000 (2/370.8/NVL) GPU/0-8f000 (2/370.8/NVL) GPU/0-9f000 (2/370.8/NVL) GPU/0-af000 (2/370.8/NVL) GPU/0-bf000 (0/5000.0/LOC) GPU/0-cf000 (2/370.8/NVL) GPU/0-df000 (2/370.8/NVL) GPU/0-ef000 (2/370.8/NVL) NVS/0-0 (1/370.8/NVL) CPU/0-0 (3/22.0/SYS) CPU/0-1 (2/48.0/PHB) 
furious-puma-1:187513:187767 [4] NCCL INFO               + PCI[48.0] - GPU/0-9f000 (2)
furious-puma-1:187513:187767 [4] NCCL INFO                             + NVL[370.8] - NVS/0-0
furious-puma-1:187513:187767 [4] NCCL INFO + PCI[48.0] - PCI/0-ffffff040 (0)
furious-puma-1:187513:187767 [4] NCCL INFO               + PCI[48.0] - NIC/0-b0000
furious-puma-1:187513:187767 [4] NCCL INFO               + PCI[48.0] - GPU/0-af000 (3)
furious-puma-1:187514:187731 [5] NCCL INFO GPU/0-cf000 :GPU/0-7f000 (2/370.8/NVL) GPU/0-8f000 (2/370.8/NVL) GPU/0-9f000 (2/370.8/NVL) GPU/0-af000 (2/370.8/NVL) GPU/0-bf000 (2/370.8/NVL) GPU/0-cf000 (0/5000.0/LOC) GPU/0-df000 (2/370.8/NVL) GPU/0-ef000 (2/370.8/NVL) NVS/0-0 (1/370.8/NVL) CPU/0-0 (3/22.0/SYS) CPU/0-1 (2/48.0/PHB) 
furious-puma-1:187513:187767 [4] NCCL INFO                             + NVL[370.8] - NVS/0-0
furious-puma-1:187513:187767 [4] NCCL INFO + SYS[22.0] - CPU/0-1
furious-puma-1:187513:187767 [4] NCCL INFO CPU/0-1 (1/1/3)
furious-puma-1:187513:187767 [4] NCCL INFO + PCI[48.0] - PCI/0-ffffff050 (0)
furious-puma-1:187514:187731 [5] NCCL INFO GPU/0-df000 :GPU/0-7f000 (2/370.8/NVL) GPU/0-8f000 (2/370.8/NVL) GPU/0-9f000 (2/370.8/NVL) GPU/0-af000 (2/370.8/NVL) GPU/0-bf000 (2/370.8/NVL) GPU/0-cf000 (2/370.8/NVL) GPU/0-df000 (0/5000.0/LOC) GPU/0-ef000 (2/370.8/NVL) NVS/0-0 (1/370.8/NVL) CPU/0-0 (3/22.0/SYS) CPU/0-1 (2/48.0/PHB) 
furious-puma-1:187513:187767 [4] NCCL INFO               + PCI[48.0] - NIC/0-c0000
furious-puma-1:187513:187767 [4] NCCL INFO               + PCI[48.0] - GPU/0-bf000 (4)
furious-puma-1:187513:187767 [4] NCCL INFO                             + NVL[370.8] - NVS/0-0
furious-puma-1:187513:187767 [4] NCCL INFO + PCI[48.0] - PCI/0-ffffff060 (0)
furious-puma-1:187513:187767 [4] NCCL INFO               + PCI[48.0] - NIC/0-d0000
furious-puma-1:187514:187731 [5] NCCL INFO GPU/0-ef000 :GPU/0-7f000 (2/370.8/NVL) GPU/0-8f000 (2/370.8/NVL) GPU/0-9f000 (2/370.8/NVL) GPU/0-af000 (2/370.8/NVL) GPU/0-bf000 (2/370.8/NVL) GPU/0-cf000 (2/370.8/NVL) GPU/0-df000 (2/370.8/NVL) GPU/0-ef000 (0/5000.0/LOC) NVS/0-0 (1/370.8/NVL) CPU/0-0 (3/22.0/SYS) CPU/0-1 (2/48.0/PHB) 
furious-puma-1:187513:187767 [4] NCCL INFO               + PCI[48.0] - GPU/0-cf000 (5)
furious-puma-1:187513:187767 [4] NCCL INFO                             + NVL[370.8] - NVS/0-0
furious-puma-1:187513:187767 [4] NCCL INFO + PCI[48.0] - PCI/0-ffffff070 (0)
furious-puma-1:187513:187767 [4] NCCL INFO               + PCI[48.0] - NIC/0-e0000
furious-puma-1:187513:187767 [4] NCCL INFO               + PCI[48.0] - GPU/0-df000 (6)
furious-puma-1:187514:187731 [5] NCCL INFO Setting affinity for GPU 5 to 80-159
furious-puma-1:187513:187767 [4] NCCL INFO                             + NVL[370.8] - NVS/0-0
furious-puma-1:187513:187767 [4] NCCL INFO + PCI[48.0] - PCI/0-ffffff080 (0)
furious-puma-1:187513:187767 [4] NCCL INFO               + PCI[48.0] - NIC/0-f0000
furious-puma-1:187513:187767 [4] NCCL INFO               + PCI[48.0] - GPU/0-ef000 (7)
furious-puma-1:187513:187767 [4] NCCL INFO                             + NVL[370.8] - NVS/0-0
furious-puma-1:187513:187767 [4] NCCL INFO + SYS[22.0] - CPU/0-0
furious-puma-1:187513:187767 [4] NCCL INFO ==========================================
furious-puma-1:187513:187767 [4] NCCL INFO GPU/0-7f000 :GPU/0-7f000 (0/5000.0/LOC) GPU/0-8f000 (2/370.8/NVL) GPU/0-9f000 (2/370.8/NVL) GPU/0-af000 (2/370.8/NVL) GPU/0-bf000 (2/370.8/NVL) GPU/0-cf000 (2/370.8/NVL) GPU/0-df000 (2/370.8/NVL) GPU/0-ef000 (2/370.8/NVL) NVS/0-0 (1/370.8/NVL) CPU/0-0 (2/48.0/PHB) CPU/0-1 (3/22.0/SYS) 
furious-puma-1:187514:187731 [5] NCCL INFO NVLS multicast support is available on dev 5 (NVLS_NCHANNELS 16)
furious-puma-1:187513:187767 [4] NCCL INFO GPU/0-8f000 :GPU/0-7f000 (2/370.8/NVL) GPU/0-8f000 (0/5000.0/LOC) GPU/0-9f000 (2/370.8/NVL) GPU/0-af000 (2/370.8/NVL) GPU/0-bf000 (2/370.8/NVL) GPU/0-cf000 (2/370.8/NVL) GPU/0-df000 (2/370.8/NVL) GPU/0-ef000 (2/370.8/NVL) NVS/0-0 (1/370.8/NVL) CPU/0-0 (2/48.0/PHB) CPU/0-1 (3/22.0/SYS) 
furious-puma-1:187513:187767 [4] NCCL INFO GPU/0-9f000 :GPU/0-7f000 (2/370.8/NVL) GPU/0-8f000 (2/370.8/NVL) GPU/0-9f000 (0/5000.0/LOC) GPU/0-af000 (2/370.8/NVL) GPU/0-bf000 (2/370.8/NVL) GPU/0-cf000 (2/370.8/NVL) GPU/0-df000 (2/370.8/NVL) GPU/0-ef000 (2/370.8/NVL) NVS/0-0 (1/370.8/NVL) CPU/0-0 (2/48.0/PHB) CPU/0-1 (3/22.0/SYS) 
furious-puma-1:187513:187767 [4] NCCL INFO GPU/0-af000 :GPU/0-7f000 (2/370.8/NVL) GPU/0-8f000 (2/370.8/NVL) GPU/0-9f000 (2/370.8/NVL) GPU/0-af000 (0/5000.0/LOC) GPU/0-bf000 (2/370.8/NVL) GPU/0-cf000 (2/370.8/NVL) GPU/0-df000 (2/370.8/NVL) GPU/0-ef000 (2/370.8/NVL) NVS/0-0 (1/370.8/NVL) CPU/0-0 (2/48.0/PHB) CPU/0-1 (3/22.0/SYS) 
furious-puma-1:187513:187767 [4] NCCL INFO GPU/0-bf000 :GPU/0-7f000 (2/370.8/NVL) GPU/0-8f000 (2/370.8/NVL) GPU/0-9f000 (2/370.8/NVL) GPU/0-af000 (2/370.8/NVL) GPU/0-bf000 (0/5000.0/LOC) GPU/0-cf000 (2/370.8/NVL) GPU/0-df000 (2/370.8/NVL) GPU/0-ef000 (2/370.8/NVL) NVS/0-0 (1/370.8/NVL) CPU/0-0 (3/22.0/SYS) CPU/0-1 (2/48.0/PHB) 
furious-puma-1:187513:187767 [4] NCCL INFO GPU/0-cf000 :GPU/0-7f000 (2/370.8/NVL) GPU/0-8f000 (2/370.8/NVL) GPU/0-9f000 (2/370.8/NVL) GPU/0-af000 (2/370.8/NVL) GPU/0-bf000 (2/370.8/NVL) GPU/0-cf000 (0/5000.0/LOC) GPU/0-df000 (2/370.8/NVL) GPU/0-ef000 (2/370.8/NVL) NVS/0-0 (1/370.8/NVL) CPU/0-0 (3/22.0/SYS) CPU/0-1 (2/48.0/PHB) 
furious-puma-1:187513:187767 [4] NCCL INFO GPU/0-df000 :GPU/0-7f000 (2/370.8/NVL) GPU/0-8f000 (2/370.8/NVL) GPU/0-9f000 (2/370.8/NVL) GPU/0-af000 (2/370.8/NVL) GPU/0-bf000 (2/370.8/NVL) GPU/0-cf000 (2/370.8/NVL) GPU/0-df000 (0/5000.0/LOC) GPU/0-ef000 (2/370.8/NVL) NVS/0-0 (1/370.8/NVL) CPU/0-0 (3/22.0/SYS) CPU/0-1 (2/48.0/PHB) 
furious-puma-1:187513:187767 [4] NCCL INFO GPU/0-ef000 :GPU/0-7f000 (2/370.8/NVL) GPU/0-8f000 (2/370.8/NVL) GPU/0-9f000 (2/370.8/NVL) GPU/0-af000 (2/370.8/NVL) GPU/0-bf000 (2/370.8/NVL) GPU/0-cf000 (2/370.8/NVL) GPU/0-df000 (2/370.8/NVL) GPU/0-ef000 (0/5000.0/LOC) NVS/0-0 (1/370.8/NVL) CPU/0-0 (3/22.0/SYS) CPU/0-1 (2/48.0/PHB) 
furious-puma-1:187513:187767 [4] NCCL INFO Setting affinity for GPU 4 to 80-159
furious-puma-1:187513:187767 [4] NCCL INFO NVLS multicast support is available on dev 4 (NVLS_NCHANNELS 16)
furious-puma-1:187516:187730 [7] NCCL INFO === System : maxBw 370.8 totalBw 370.8 ===
furious-puma-1:187516:187730 [7] NCCL INFO CPU/0-0 (1/1/3)
furious-puma-1:187516:187730 [7] NCCL INFO + PCI[48.0] - PCI/0-ffffff010 (0)
furious-puma-1:187516:187730 [7] NCCL INFO               + PCI[48.0] - GPU/0-7f000 (0)
furious-puma-1:187516:187730 [7] NCCL INFO                             + NVL[370.8] - NVS/0-0
furious-puma-1:187516:187730 [7] NCCL INFO               + PCI[48.0] - NIC/0-80000
furious-puma-1:187516:187730 [7] NCCL INFO + PCI[48.0] - PCI/0-ffffff020 (0)
furious-puma-1:187516:187730 [7] NCCL INFO               + PCI[48.0] - NIC/0-90000
furious-puma-1:187516:187730 [7] NCCL INFO               + PCI[48.0] - GPU/0-8f000 (1)
furious-puma-1:187516:187730 [7] NCCL INFO                             + NVL[370.8] - NVS/0-0
furious-puma-1:187516:187730 [7] NCCL INFO + PCI[48.0] - PCI/0-ffffff030 (0)
furious-puma-1:187516:187730 [7] NCCL INFO               + PCI[48.0] - NIC/0-a0000
furious-puma-1:187516:187730 [7] NCCL INFO               + PCI[48.0] - GPU/0-9f000 (2)
furious-puma-1:187516:187730 [7] NCCL INFO                             + NVL[370.8] - NVS/0-0
furious-puma-1:187516:187730 [7] NCCL INFO + PCI[48.0] - PCI/0-ffffff040 (0)
furious-puma-1:187516:187730 [7] NCCL INFO               + PCI[48.0] - NIC/0-b0000
furious-puma-1:187516:187730 [7] NCCL INFO               + PCI[48.0] - GPU/0-af000 (3)
furious-puma-1:187516:187730 [7] NCCL INFO                             + NVL[370.8] - NVS/0-0
furious-puma-1:187516:187730 [7] NCCL INFO + SYS[22.0] - CPU/0-1
furious-puma-1:187516:187730 [7] NCCL INFO CPU/0-1 (1/1/3)
furious-puma-1:187516:187730 [7] NCCL INFO + PCI[48.0] - PCI/0-ffffff050 (0)
furious-puma-1:187516:187730 [7] NCCL INFO               + PCI[48.0] - NIC/0-c0000
furious-puma-1:187516:187730 [7] NCCL INFO               + PCI[48.0] - GPU/0-bf000 (4)
furious-puma-1:187516:187730 [7] NCCL INFO                             + NVL[370.8] - NVS/0-0
furious-puma-1:187516:187730 [7] NCCL INFO + PCI[48.0] - PCI/0-ffffff060 (0)
furious-puma-1:187516:187730 [7] NCCL INFO               + PCI[48.0] - NIC/0-d0000
furious-puma-1:187516:187730 [7] NCCL INFO               + PCI[48.0] - GPU/0-cf000 (5)
furious-puma-1:187516:187730 [7] NCCL INFO                             + NVL[370.8] - NVS/0-0
furious-puma-1:187516:187730 [7] NCCL INFO + PCI[48.0] - PCI/0-ffffff070 (0)
furious-puma-1:187516:187730 [7] NCCL INFO               + PCI[48.0] - NIC/0-e0000
furious-puma-1:187509:187774 [0] NCCL INFO === System : maxBw 370.8 totalBw 370.8 ===
furious-puma-1:187516:187730 [7] NCCL INFO               + PCI[48.0] - GPU/0-df000 (6)
furious-puma-1:187516:187730 [7] NCCL INFO                             + NVL[370.8] - NVS/0-0
furious-puma-1:187509:187774 [0] NCCL INFO CPU/0-0 (1/1/3)
furious-puma-1:187516:187730 [7] NCCL INFO + PCI[48.0] - PCI/0-ffffff080 (0)
furious-puma-1:187516:187730 [7] NCCL INFO               + PCI[48.0] - NIC/0-f0000
furious-puma-1:187509:187774 [0] NCCL INFO + PCI[48.0] - PCI/0-ffffff010 (0)
furious-puma-1:187516:187730 [7] NCCL INFO               + PCI[48.0] - GPU/0-ef000 (7)
furious-puma-1:187516:187730 [7] NCCL INFO                             + NVL[370.8] - NVS/0-0
furious-puma-1:187509:187774 [0] NCCL INFO               + PCI[48.0] - GPU/0-7f000 (0)
furious-puma-1:187516:187730 [7] NCCL INFO + SYS[22.0] - CPU/0-0
furious-puma-1:187509:187774 [0] NCCL INFO                             + NVL[370.8] - NVS/0-0
furious-puma-1:187516:187730 [7] NCCL INFO ==========================================
furious-puma-1:187509:187774 [0] NCCL INFO               + PCI[48.0] - NIC/0-80000
furious-puma-1:187509:187774 [0] NCCL INFO + PCI[48.0] - PCI/0-ffffff020 (0)
furious-puma-1:187509:187774 [0] NCCL INFO               + PCI[48.0] - NIC/0-90000
furious-puma-1:187509:187774 [0] NCCL INFO               + PCI[48.0] - GPU/0-8f000 (1)
furious-puma-1:187509:187774 [0] NCCL INFO                             + NVL[370.8] - NVS/0-0
furious-puma-1:187516:187730 [7] NCCL INFO GPU/0-7f000 :GPU/0-7f000 (0/5000.0/LOC) GPU/0-8f000 (2/370.8/NVL) GPU/0-9f000 (2/370.8/NVL) GPU/0-af000 (2/370.8/NVL) GPU/0-bf000 (2/370.8/NVL) GPU/0-cf000 (2/370.8/NVL) GPU/0-df000 (2/370.8/NVL) GPU/0-ef000 (2/370.8/NVL) NVS/0-0 (1/370.8/NVL) CPU/0-0 (2/48.0/PHB) CPU/0-1 (3/22.0/SYS) 
furious-puma-1:187509:187774 [0] NCCL INFO + PCI[48.0] - PCI/0-ffffff030 (0)
furious-puma-1:187509:187774 [0] NCCL INFO               + PCI[48.0] - NIC/0-a0000
furious-puma-1:187509:187774 [0] NCCL INFO               + PCI[48.0] - GPU/0-9f000 (2)
furious-puma-1:187509:187774 [0] NCCL INFO                             + NVL[370.8] - NVS/0-0
furious-puma-1:187509:187774 [0] NCCL INFO + PCI[48.0] - PCI/0-ffffff040 (0)
furious-puma-1:187516:187730 [7] NCCL INFO GPU/0-8f000 :GPU/0-7f000 (2/370.8/NVL) GPU/0-8f000 (0/5000.0/LOC) GPU/0-9f000 (2/370.8/NVL) GPU/0-af000 (2/370.8/NVL) GPU/0-bf000 (2/370.8/NVL) GPU/0-cf000 (2/370.8/NVL) GPU/0-df000 (2/370.8/NVL) GPU/0-ef000 (2/370.8/NVL) NVS/0-0 (1/370.8/NVL) CPU/0-0 (2/48.0/PHB) CPU/0-1 (3/22.0/SYS) 
furious-puma-1:187509:187774 [0] NCCL INFO               + PCI[48.0] - NIC/0-b0000
furious-puma-1:187509:187774 [0] NCCL INFO               + PCI[48.0] - GPU/0-af000 (3)
furious-puma-1:187509:187774 [0] NCCL INFO                             + NVL[370.8] - NVS/0-0
furious-puma-1:187509:187774 [0] NCCL INFO + SYS[22.0] - CPU/0-1
furious-puma-1:187509:187774 [0] NCCL INFO CPU/0-1 (1/1/3)
furious-puma-1:187516:187730 [7] NCCL INFO GPU/0-9f000 :GPU/0-7f000 (2/370.8/NVL) GPU/0-8f000 (2/370.8/NVL) GPU/0-9f000 (0/5000.0/LOC) GPU/0-af000 (2/370.8/NVL) GPU/0-bf000 (2/370.8/NVL) GPU/0-cf000 (2/370.8/NVL) GPU/0-df000 (2/370.8/NVL) GPU/0-ef000 (2/370.8/NVL) NVS/0-0 (1/370.8/NVL) CPU/0-0 (2/48.0/PHB) CPU/0-1 (3/22.0/SYS) 
furious-puma-1:187509:187774 [0] NCCL INFO + PCI[48.0] - PCI/0-ffffff050 (0)
furious-puma-1:187509:187774 [0] NCCL INFO               + PCI[48.0] - NIC/0-c0000
furious-puma-1:187509:187774 [0] NCCL INFO               + PCI[48.0] - GPU/0-bf000 (4)
furious-puma-1:187509:187774 [0] NCCL INFO                             + NVL[370.8] - NVS/0-0
furious-puma-1:187509:187774 [0] NCCL INFO + PCI[48.0] - PCI/0-ffffff060 (0)
furious-puma-1:187516:187730 [7] NCCL INFO GPU/0-af000 :GPU/0-7f000 (2/370.8/NVL) GPU/0-8f000 (2/370.8/NVL) GPU/0-9f000 (2/370.8/NVL) GPU/0-af000 (0/5000.0/LOC) GPU/0-bf000 (2/370.8/NVL) GPU/0-cf000 (2/370.8/NVL) GPU/0-df000 (2/370.8/NVL) GPU/0-ef000 (2/370.8/NVL) NVS/0-0 (1/370.8/NVL) CPU/0-0 (2/48.0/PHB) CPU/0-1 (3/22.0/SYS) 
furious-puma-1:187509:187774 [0] NCCL INFO               + PCI[48.0] - NIC/0-d0000
furious-puma-1:187509:187774 [0] NCCL INFO               + PCI[48.0] - GPU/0-cf000 (5)
furious-puma-1:187509:187774 [0] NCCL INFO                             + NVL[370.8] - NVS/0-0
furious-puma-1:187509:187774 [0] NCCL INFO + PCI[48.0] - PCI/0-ffffff070 (0)
furious-puma-1:187509:187774 [0] NCCL INFO               + PCI[48.0] - NIC/0-e0000
furious-puma-1:187509:187774 [0] NCCL INFO               + PCI[48.0] - GPU/0-df000 (6)
furious-puma-1:187509:187774 [0] NCCL INFO                             + NVL[370.8] - NVS/0-0
furious-puma-1:187509:187774 [0] NCCL INFO + PCI[48.0] - PCI/0-ffffff080 (0)
furious-puma-1:187509:187774 [0] NCCL INFO               + PCI[48.0] - NIC/0-f0000
furious-puma-1:187516:187730 [7] NCCL INFO GPU/0-bf000 :GPU/0-7f000 (2/370.8/NVL) GPU/0-8f000 (2/370.8/NVL) GPU/0-9f000 (2/370.8/NVL) GPU/0-af000 (2/370.8/NVL) GPU/0-bf000 (0/5000.0/LOC) GPU/0-cf000 (2/370.8/NVL) GPU/0-df000 (2/370.8/NVL) GPU/0-ef000 (2/370.8/NVL) NVS/0-0 (1/370.8/NVL) CPU/0-0 (3/22.0/SYS) CPU/0-1 (2/48.0/PHB) 
furious-puma-1:187509:187774 [0] NCCL INFO               + PCI[48.0] - GPU/0-ef000 (7)
furious-puma-1:187509:187774 [0] NCCL INFO                             + NVL[370.8] - NVS/0-0
furious-puma-1:187509:187774 [0] NCCL INFO + SYS[22.0] - CPU/0-0
furious-puma-1:187509:187774 [0] NCCL INFO ==========================================
furious-puma-1:187516:187730 [7] NCCL INFO GPU/0-cf000 :GPU/0-7f000 (2/370.8/NVL) GPU/0-8f000 (2/370.8/NVL) GPU/0-9f000 (2/370.8/NVL) GPU/0-af000 (2/370.8/NVL) GPU/0-bf000 (2/370.8/NVL) GPU/0-cf000 (0/5000.0/LOC) GPU/0-df000 (2/370.8/NVL) GPU/0-ef000 (2/370.8/NVL) NVS/0-0 (1/370.8/NVL) CPU/0-0 (3/22.0/SYS) CPU/0-1 (2/48.0/PHB) 
furious-puma-1:187509:187774 [0] NCCL INFO GPU/0-7f000 :GPU/0-7f000 (0/5000.0/LOC) GPU/0-8f000 (2/370.8/NVL) GPU/0-9f000 (2/370.8/NVL) GPU/0-af000 (2/370.8/NVL) GPU/0-bf000 (2/370.8/NVL) GPU/0-cf000 (2/370.8/NVL) GPU/0-df000 (2/370.8/NVL) GPU/0-ef000 (2/370.8/NVL) NVS/0-0 (1/370.8/NVL) CPU/0-0 (2/48.0/PHB) CPU/0-1 (3/22.0/SYS) 
furious-puma-1:187516:187730 [7] NCCL INFO GPU/0-df000 :GPU/0-7f000 (2/370.8/NVL) GPU/0-8f000 (2/370.8/NVL) GPU/0-9f000 (2/370.8/NVL) GPU/0-af000 (2/370.8/NVL) GPU/0-bf000 (2/370.8/NVL) GPU/0-cf000 (2/370.8/NVL) GPU/0-df000 (0/5000.0/LOC) GPU/0-ef000 (2/370.8/NVL) NVS/0-0 (1/370.8/NVL) CPU/0-0 (3/22.0/SYS) CPU/0-1 (2/48.0/PHB) 
furious-puma-1:187516:187730 [7] NCCL INFO GPU/0-ef000 :GPU/0-7f000 (2/370.8/NVL) GPU/0-8f000 (2/370.8/NVL) GPU/0-9f000 (2/370.8/NVL) GPU/0-af000 (2/370.8/NVL) GPU/0-bf000 (2/370.8/NVL) GPU/0-cf000 (2/370.8/NVL) GPU/0-df000 (2/370.8/NVL) GPU/0-ef000 (0/5000.0/LOC) NVS/0-0 (1/370.8/NVL) CPU/0-0 (3/22.0/SYS) CPU/0-1 (2/48.0/PHB) 
furious-puma-1:187509:187774 [0] NCCL INFO GPU/0-8f000 :GPU/0-7f000 (2/370.8/NVL) GPU/0-8f000 (0/5000.0/LOC) GPU/0-9f000 (2/370.8/NVL) GPU/0-af000 (2/370.8/NVL) GPU/0-bf000 (2/370.8/NVL) GPU/0-cf000 (2/370.8/NVL) GPU/0-df000 (2/370.8/NVL) GPU/0-ef000 (2/370.8/NVL) NVS/0-0 (1/370.8/NVL) CPU/0-0 (2/48.0/PHB) CPU/0-1 (3/22.0/SYS) 
furious-puma-1:187516:187730 [7] NCCL INFO Setting affinity for GPU 7 to 80-159
furious-puma-1:187509:187774 [0] NCCL INFO GPU/0-9f000 :GPU/0-7f000 (2/370.8/NVL) GPU/0-8f000 (2/370.8/NVL) GPU/0-9f000 (0/5000.0/LOC) GPU/0-af000 (2/370.8/NVL) GPU/0-bf000 (2/370.8/NVL) GPU/0-cf000 (2/370.8/NVL) GPU/0-df000 (2/370.8/NVL) GPU/0-ef000 (2/370.8/NVL) NVS/0-0 (1/370.8/NVL) CPU/0-0 (2/48.0/PHB) CPU/0-1 (3/22.0/SYS) 
furious-puma-1:187509:187774 [0] NCCL INFO GPU/0-af000 :GPU/0-7f000 (2/370.8/NVL) GPU/0-8f000 (2/370.8/NVL) GPU/0-9f000 (2/370.8/NVL) GPU/0-af000 (0/5000.0/LOC) GPU/0-bf000 (2/370.8/NVL) GPU/0-cf000 (2/370.8/NVL) GPU/0-df000 (2/370.8/NVL) GPU/0-ef000 (2/370.8/NVL) NVS/0-0 (1/370.8/NVL) CPU/0-0 (2/48.0/PHB) CPU/0-1 (3/22.0/SYS) 
furious-puma-1:187509:187774 [0] NCCL INFO GPU/0-bf000 :GPU/0-7f000 (2/370.8/NVL) GPU/0-8f000 (2/370.8/NVL) GPU/0-9f000 (2/370.8/NVL) GPU/0-af000 (2/370.8/NVL) GPU/0-bf000 (0/5000.0/LOC) GPU/0-cf000 (2/370.8/NVL) GPU/0-df000 (2/370.8/NVL) GPU/0-ef000 (2/370.8/NVL) NVS/0-0 (1/370.8/NVL) CPU/0-0 (3/22.0/SYS) CPU/0-1 (2/48.0/PHB) 
furious-puma-1:187516:187730 [7] NCCL INFO NVLS multicast support is available on dev 7 (NVLS_NCHANNELS 16)
furious-puma-1:187509:187774 [0] NCCL INFO GPU/0-cf000 :GPU/0-7f000 (2/370.8/NVL) GPU/0-8f000 (2/370.8/NVL) GPU/0-9f000 (2/370.8/NVL) GPU/0-af000 (2/370.8/NVL) GPU/0-bf000 (2/370.8/NVL) GPU/0-cf000 (0/5000.0/LOC) GPU/0-df000 (2/370.8/NVL) GPU/0-ef000 (2/370.8/NVL) NVS/0-0 (1/370.8/NVL) CPU/0-0 (3/22.0/SYS) CPU/0-1 (2/48.0/PHB) 
furious-puma-1:187509:187774 [0] NCCL INFO GPU/0-df000 :GPU/0-7f000 (2/370.8/NVL) GPU/0-8f000 (2/370.8/NVL) GPU/0-9f000 (2/370.8/NVL) GPU/0-af000 (2/370.8/NVL) GPU/0-bf000 (2/370.8/NVL) GPU/0-cf000 (2/370.8/NVL) GPU/0-df000 (0/5000.0/LOC) GPU/0-ef000 (2/370.8/NVL) NVS/0-0 (1/370.8/NVL) CPU/0-0 (3/22.0/SYS) CPU/0-1 (2/48.0/PHB) 
furious-puma-1:187509:187774 [0] NCCL INFO GPU/0-ef000 :GPU/0-7f000 (2/370.8/NVL) GPU/0-8f000 (2/370.8/NVL) GPU/0-9f000 (2/370.8/NVL) GPU/0-af000 (2/370.8/NVL) GPU/0-bf000 (2/370.8/NVL) GPU/0-cf000 (2/370.8/NVL) GPU/0-df000 (2/370.8/NVL) GPU/0-ef000 (0/5000.0/LOC) NVS/0-0 (1/370.8/NVL) CPU/0-0 (3/22.0/SYS) CPU/0-1 (2/48.0/PHB) 
furious-puma-1:187509:187774 [0] NCCL INFO Setting affinity for GPU 0 to 0-79
furious-puma-1:187509:187774 [0] NCCL INFO NVLS multicast support is available on dev 0 (NVLS_NCHANNELS 16)
furious-puma-1:187515:187888 [6] NCCL INFO Pattern 4, crossNic 0, nChannels 12, bw 30.000000/30.000000, type NVL/PIX, sameChannels 1
furious-puma-1:187515:187888 [6] NCCL INFO  0 : GPU/0-7f000 GPU/0-8f000 GPU/0-9f000 GPU/0-af000 GPU/0-bf000 GPU/0-cf000 GPU/0-df000 GPU/0-ef000
furious-puma-1:187515:187888 [6] NCCL INFO  1 : GPU/0-7f000 GPU/0-8f000 GPU/0-9f000 GPU/0-af000 GPU/0-bf000 GPU/0-cf000 GPU/0-df000 GPU/0-ef000
furious-puma-1:187515:187888 [6] NCCL INFO  2 : GPU/0-7f000 GPU/0-8f000 GPU/0-9f000 GPU/0-af000 GPU/0-bf000 GPU/0-cf000 GPU/0-df000 GPU/0-ef000
furious-puma-1:187515:187888 [6] NCCL INFO  3 : GPU/0-7f000 GPU/0-8f000 GPU/0-9f000 GPU/0-af000 GPU/0-bf000 GPU/0-cf000 GPU/0-df000 GPU/0-ef000
furious-puma-1:187515:187888 [6] NCCL INFO  4 : GPU/0-7f000 GPU/0-8f000 GPU/0-9f000 GPU/0-af000 GPU/0-bf000 GPU/0-cf000 GPU/0-df000 GPU/0-ef000
furious-puma-1:187515:187888 [6] NCCL INFO  5 : GPU/0-7f000 GPU/0-8f000 GPU/0-9f000 GPU/0-af000 GPU/0-bf000 GPU/0-cf000 GPU/0-df000 GPU/0-ef000
furious-puma-1:187515:187888 [6] NCCL INFO  6 : GPU/0-7f000 GPU/0-8f000 GPU/0-9f000 GPU/0-af000 GPU/0-bf000 GPU/0-cf000 GPU/0-df000 GPU/0-ef000
furious-puma-1:187515:187888 [6] NCCL INFO  7 : GPU/0-7f000 GPU/0-8f000 GPU/0-9f000 GPU/0-af000 GPU/0-bf000 GPU/0-cf000 GPU/0-df000 GPU/0-ef000
furious-puma-1:187515:187888 [6] NCCL INFO  8 : GPU/0-7f000 GPU/0-8f000 GPU/0-9f000 GPU/0-af000 GPU/0-bf000 GPU/0-cf000 GPU/0-df000 GPU/0-ef000
furious-puma-1:187515:187888 [6] NCCL INFO  9 : GPU/0-7f000 GPU/0-8f000 GPU/0-9f000 GPU/0-af000 GPU/0-bf000 GPU/0-cf000 GPU/0-df000 GPU/0-ef000
furious-puma-1:187515:187888 [6] NCCL INFO 10 : GPU/0-7f000 GPU/0-8f000 GPU/0-9f000 GPU/0-af000 GPU/0-bf000 GPU/0-cf000 GPU/0-df000 GPU/0-ef000
furious-puma-1:187515:187888 [6] NCCL INFO 11 : GPU/0-7f000 GPU/0-8f000 GPU/0-9f000 GPU/0-af000 GPU/0-bf000 GPU/0-cf000 GPU/0-df000 GPU/0-ef000
furious-puma-1:187515:187888 [6] NCCL INFO Pattern 1, crossNic 0, nChannels 12, bw 30.000000/30.000000, type NVL/PIX, sameChannels 1
furious-puma-1:187515:187888 [6] NCCL INFO  0 : GPU/0-7f000 GPU/0-8f000 GPU/0-9f000 GPU/0-af000 GPU/0-bf000 GPU/0-cf000 GPU/0-df000 GPU/0-ef000
furious-puma-1:187515:187888 [6] NCCL INFO  1 : GPU/0-7f000 GPU/0-8f000 GPU/0-9f000 GPU/0-af000 GPU/0-bf000 GPU/0-cf000 GPU/0-df000 GPU/0-ef000
furious-puma-1:187515:187888 [6] NCCL INFO  2 : GPU/0-7f000 GPU/0-8f000 GPU/0-9f000 GPU/0-af000 GPU/0-bf000 GPU/0-cf000 GPU/0-df000 GPU/0-ef000
furious-puma-1:187515:187888 [6] NCCL INFO  3 : GPU/0-7f000 GPU/0-8f000 GPU/0-9f000 GPU/0-af000 GPU/0-bf000 GPU/0-cf000 GPU/0-df000 GPU/0-ef000
furious-puma-1:187515:187888 [6] NCCL INFO  4 : GPU/0-7f000 GPU/0-8f000 GPU/0-9f000 GPU/0-af000 GPU/0-bf000 GPU/0-cf000 GPU/0-df000 GPU/0-ef000
furious-puma-1:187515:187888 [6] NCCL INFO  5 : GPU/0-7f000 GPU/0-8f000 GPU/0-9f000 GPU/0-af000 GPU/0-bf000 GPU/0-cf000 GPU/0-df000 GPU/0-ef000
furious-puma-1:187515:187888 [6] NCCL INFO  6 : GPU/0-7f000 GPU/0-8f000 GPU/0-9f000 GPU/0-af000 GPU/0-bf000 GPU/0-cf000 GPU/0-df000 GPU/0-ef000
furious-puma-1:187515:187888 [6] NCCL INFO  7 : GPU/0-7f000 GPU/0-8f000 GPU/0-9f000 GPU/0-af000 GPU/0-bf000 GPU/0-cf000 GPU/0-df000 GPU/0-ef000
furious-puma-1:187515:187888 [6] NCCL INFO  8 : GPU/0-7f000 GPU/0-8f000 GPU/0-9f000 GPU/0-af000 GPU/0-bf000 GPU/0-cf000 GPU/0-df000 GPU/0-ef000
furious-puma-1:187515:187888 [6] NCCL INFO  9 : GPU/0-7f000 GPU/0-8f000 GPU/0-9f000 GPU/0-af000 GPU/0-bf000 GPU/0-cf000 GPU/0-df000 GPU/0-ef000
furious-puma-1:187515:187888 [6] NCCL INFO 10 : GPU/0-7f000 GPU/0-8f000 GPU/0-9f000 GPU/0-af000 GPU/0-bf000 GPU/0-cf000 GPU/0-df000 GPU/0-ef000
furious-puma-1:187515:187888 [6] NCCL INFO 11 : GPU/0-7f000 GPU/0-8f000 GPU/0-9f000 GPU/0-af000 GPU/0-bf000 GPU/0-cf000 GPU/0-df000 GPU/0-ef000
furious-puma-1:187515:187888 [6] NCCL INFO Pattern 5, crossNic 0, nChannels 8, bw 40.000000/60.000000, type NVL/PIX, sameChannels 0
furious-puma-1:187515:187888 [6] NCCL INFO  0 : GPU/0-7f000
furious-puma-1:187515:187888 [6] NCCL INFO  1 : GPU/0-8f000
furious-puma-1:187515:187888 [6] NCCL INFO  2 : GPU/0-9f000
furious-puma-1:187515:187888 [6] NCCL INFO  3 : GPU/0-af000
furious-puma-1:187515:187888 [6] NCCL INFO  4 : GPU/0-bf000
furious-puma-1:187515:187888 [6] NCCL INFO  5 : GPU/0-cf000
furious-puma-1:187515:187888 [6] NCCL INFO  6 : GPU/0-df000
furious-puma-1:187515:187888 [6] NCCL INFO  7 : GPU/0-ef000
furious-puma-1:187514:187731 [5] NCCL INFO Pattern 4, crossNic 0, nChannels 12, bw 30.000000/30.000000, type NVL/PIX, sameChannels 1
furious-puma-1:187514:187731 [5] NCCL INFO  0 : GPU/0-7f000 GPU/0-8f000 GPU/0-9f000 GPU/0-af000 GPU/0-bf000 GPU/0-cf000 GPU/0-df000 GPU/0-ef000
furious-puma-1:187514:187731 [5] NCCL INFO  1 : GPU/0-7f000 GPU/0-8f000 GPU/0-9f000 GPU/0-af000 GPU/0-bf000 GPU/0-cf000 GPU/0-df000 GPU/0-ef000
furious-puma-1:187514:187731 [5] NCCL INFO  2 : GPU/0-7f000 GPU/0-8f000 GPU/0-9f000 GPU/0-af000 GPU/0-bf000 GPU/0-cf000 GPU/0-df000 GPU/0-ef000
furious-puma-1:187514:187731 [5] NCCL INFO  3 : GPU/0-7f000 GPU/0-8f000 GPU/0-9f000 GPU/0-af000 GPU/0-bf000 GPU/0-cf000 GPU/0-df000 GPU/0-ef000
furious-puma-1:187514:187731 [5] NCCL INFO  4 : GPU/0-7f000 GPU/0-8f000 GPU/0-9f000 GPU/0-af000 GPU/0-bf000 GPU/0-cf000 GPU/0-df000 GPU/0-ef000
furious-puma-1:187514:187731 [5] NCCL INFO  5 : GPU/0-7f000 GPU/0-8f000 GPU/0-9f000 GPU/0-af000 GPU/0-bf000 GPU/0-cf000 GPU/0-df000 GPU/0-ef000
furious-puma-1:187514:187731 [5] NCCL INFO  6 : GPU/0-7f000 GPU/0-8f000 GPU/0-9f000 GPU/0-af000 GPU/0-bf000 GPU/0-cf000 GPU/0-df000 GPU/0-ef000
furious-puma-1:187514:187731 [5] NCCL INFO  7 : GPU/0-7f000 GPU/0-8f000 GPU/0-9f000 GPU/0-af000 GPU/0-bf000 GPU/0-cf000 GPU/0-df000 GPU/0-ef000
furious-puma-1:187514:187731 [5] NCCL INFO  8 : GPU/0-7f000 GPU/0-8f000 GPU/0-9f000 GPU/0-af000 GPU/0-bf000 GPU/0-cf000 GPU/0-df000 GPU/0-ef000
furious-puma-1:187514:187731 [5] NCCL INFO  9 : GPU/0-7f000 GPU/0-8f000 GPU/0-9f000 GPU/0-af000 GPU/0-bf000 GPU/0-cf000 GPU/0-df000 GPU/0-ef000
furious-puma-1:187514:187731 [5] NCCL INFO 10 : GPU/0-7f000 GPU/0-8f000 GPU/0-9f000 GPU/0-af000 GPU/0-bf000 GPU/0-cf000 GPU/0-df000 GPU/0-ef000
furious-puma-1:187514:187731 [5] NCCL INFO 11 : GPU/0-7f000 GPU/0-8f000 GPU/0-9f000 GPU/0-af000 GPU/0-bf000 GPU/0-cf000 GPU/0-df000 GPU/0-ef000
furious-puma-1:187514:187731 [5] NCCL INFO Pattern 1, crossNic 0, nChannels 12, bw 30.000000/30.000000, type NVL/PIX, sameChannels 1
furious-puma-1:187514:187731 [5] NCCL INFO  0 : GPU/0-7f000 GPU/0-8f000 GPU/0-9f000 GPU/0-af000 GPU/0-bf000 GPU/0-cf000 GPU/0-df000 GPU/0-ef000
furious-puma-1:187514:187731 [5] NCCL INFO  1 : GPU/0-7f000 GPU/0-8f000 GPU/0-9f000 GPU/0-af000 GPU/0-bf000 GPU/0-cf000 GPU/0-df000 GPU/0-ef000
furious-puma-1:187514:187731 [5] NCCL INFO  2 : GPU/0-7f000 GPU/0-8f000 GPU/0-9f000 GPU/0-af000 GPU/0-bf000 GPU/0-cf000 GPU/0-df000 GPU/0-ef000
furious-puma-1:187514:187731 [5] NCCL INFO  3 : GPU/0-7f000 GPU/0-8f000 GPU/0-9f000 GPU/0-af000 GPU/0-bf000 GPU/0-cf000 GPU/0-df000 GPU/0-ef000
furious-puma-1:187514:187731 [5] NCCL INFO  4 : GPU/0-7f000 GPU/0-8f000 GPU/0-9f000 GPU/0-af000 GPU/0-bf000 GPU/0-cf000 GPU/0-df000 GPU/0-ef000
furious-puma-1:187514:187731 [5] NCCL INFO  5 : GPU/0-7f000 GPU/0-8f000 GPU/0-9f000 GPU/0-af000 GPU/0-bf000 GPU/0-cf000 GPU/0-df000 GPU/0-ef000
furious-puma-1:187514:187731 [5] NCCL INFO  6 : GPU/0-7f000 GPU/0-8f000 GPU/0-9f000 GPU/0-af000 GPU/0-bf000 GPU/0-cf000 GPU/0-df000 GPU/0-ef000
furious-puma-1:187514:187731 [5] NCCL INFO  7 : GPU/0-7f000 GPU/0-8f000 GPU/0-9f000 GPU/0-af000 GPU/0-bf000 GPU/0-cf000 GPU/0-df000 GPU/0-ef000
furious-puma-1:187514:187731 [5] NCCL INFO  8 : GPU/0-7f000 GPU/0-8f000 GPU/0-9f000 GPU/0-af000 GPU/0-bf000 GPU/0-cf000 GPU/0-df000 GPU/0-ef000
furious-puma-1:187514:187731 [5] NCCL INFO  9 : GPU/0-7f000 GPU/0-8f000 GPU/0-9f000 GPU/0-af000 GPU/0-bf000 GPU/0-cf000 GPU/0-df000 GPU/0-ef000
furious-puma-1:187514:187731 [5] NCCL INFO 10 : GPU/0-7f000 GPU/0-8f000 GPU/0-9f000 GPU/0-af000 GPU/0-bf000 GPU/0-cf000 GPU/0-df000 GPU/0-ef000
furious-puma-1:187514:187731 [5] NCCL INFO 11 : GPU/0-7f000 GPU/0-8f000 GPU/0-9f000 GPU/0-af000 GPU/0-bf000 GPU/0-cf000 GPU/0-df000 GPU/0-ef000
furious-puma-1:187513:187767 [4] NCCL INFO Pattern 4, crossNic 0, nChannels 12, bw 30.000000/30.000000, type NVL/PIX, sameChannels 1
furious-puma-1:187513:187767 [4] NCCL INFO  0 : GPU/0-7f000 GPU/0-8f000 GPU/0-9f000 GPU/0-af000 GPU/0-bf000 GPU/0-cf000 GPU/0-df000 GPU/0-ef000
furious-puma-1:187513:187767 [4] NCCL INFO  1 : GPU/0-7f000 GPU/0-8f000 GPU/0-9f000 GPU/0-af000 GPU/0-bf000 GPU/0-cf000 GPU/0-df000 GPU/0-ef000
furious-puma-1:187513:187767 [4] NCCL INFO  2 : GPU/0-7f000 GPU/0-8f000 GPU/0-9f000 GPU/0-af000 GPU/0-bf000 GPU/0-cf000 GPU/0-df000 GPU/0-ef000
furious-puma-1:187513:187767 [4] NCCL INFO  3 : GPU/0-7f000 GPU/0-8f000 GPU/0-9f000 GPU/0-af000 GPU/0-bf000 GPU/0-cf000 GPU/0-df000 GPU/0-ef000
furious-puma-1:187513:187767 [4] NCCL INFO  4 : GPU/0-7f000 GPU/0-8f000 GPU/0-9f000 GPU/0-af000 GPU/0-bf000 GPU/0-cf000 GPU/0-df000 GPU/0-ef000
furious-puma-1:187513:187767 [4] NCCL INFO  5 : GPU/0-7f000 GPU/0-8f000 GPU/0-9f000 GPU/0-af000 GPU/0-bf000 GPU/0-cf000 GPU/0-df000 GPU/0-ef000
furious-puma-1:187513:187767 [4] NCCL INFO  6 : GPU/0-7f000 GPU/0-8f000 GPU/0-9f000 GPU/0-af000 GPU/0-bf000 GPU/0-cf000 GPU/0-df000 GPU/0-ef000
furious-puma-1:187513:187767 [4] NCCL INFO  7 : GPU/0-7f000 GPU/0-8f000 GPU/0-9f000 GPU/0-af000 GPU/0-bf000 GPU/0-cf000 GPU/0-df000 GPU/0-ef000
furious-puma-1:187514:187731 [5] NCCL INFO Pattern 5, crossNic 0, nChannels 8, bw 40.000000/60.000000, type NVL/PIX, sameChannels 0
furious-puma-1:187513:187767 [4] NCCL INFO  8 : GPU/0-7f000 GPU/0-8f000 GPU/0-9f000 GPU/0-af000 GPU/0-bf000 GPU/0-cf000 GPU/0-df000 GPU/0-ef000
furious-puma-1:187514:187731 [5] NCCL INFO  0 : GPU/0-7f000
furious-puma-1:187514:187731 [5] NCCL INFO  1 : GPU/0-8f000
furious-puma-1:187513:187767 [4] NCCL INFO  9 : GPU/0-7f000 GPU/0-8f000 GPU/0-9f000 GPU/0-af000 GPU/0-bf000 GPU/0-cf000 GPU/0-df000 GPU/0-ef000
furious-puma-1:187514:187731 [5] NCCL INFO  2 : GPU/0-9f000
furious-puma-1:187514:187731 [5] NCCL INFO  3 : GPU/0-af000
furious-puma-1:187513:187767 [4] NCCL INFO 10 : GPU/0-7f000 GPU/0-8f000 GPU/0-9f000 GPU/0-af000 GPU/0-bf000 GPU/0-cf000 GPU/0-df000 GPU/0-ef000
furious-puma-1:187514:187731 [5] NCCL INFO  4 : GPU/0-bf000
furious-puma-1:187514:187731 [5] NCCL INFO  5 : GPU/0-cf000
furious-puma-1:187514:187731 [5] NCCL INFO  6 : GPU/0-df000
furious-puma-1:187513:187767 [4] NCCL INFO 11 : GPU/0-7f000 GPU/0-8f000 GPU/0-9f000 GPU/0-af000 GPU/0-bf000 GPU/0-cf000 GPU/0-df000 GPU/0-ef000
furious-puma-1:187514:187731 [5] NCCL INFO  7 : GPU/0-ef000
furious-puma-1:187513:187767 [4] NCCL INFO Pattern 1, crossNic 0, nChannels 12, bw 30.000000/30.000000, type NVL/PIX, sameChannels 1
furious-puma-1:187513:187767 [4] NCCL INFO  0 : GPU/0-7f000 GPU/0-8f000 GPU/0-9f000 GPU/0-af000 GPU/0-bf000 GPU/0-cf000 GPU/0-df000 GPU/0-ef000
furious-puma-1:187513:187767 [4] NCCL INFO  1 : GPU/0-7f000 GPU/0-8f000 GPU/0-9f000 GPU/0-af000 GPU/0-bf000 GPU/0-cf000 GPU/0-df000 GPU/0-ef000
furious-puma-1:187513:187767 [4] NCCL INFO  2 : GPU/0-7f000 GPU/0-8f000 GPU/0-9f000 GPU/0-af000 GPU/0-bf000 GPU/0-cf000 GPU/0-df000 GPU/0-ef000
furious-puma-1:187513:187767 [4] NCCL INFO  3 : GPU/0-7f000 GPU/0-8f000 GPU/0-9f000 GPU/0-af000 GPU/0-bf000 GPU/0-cf000 GPU/0-df000 GPU/0-ef000
furious-puma-1:187513:187767 [4] NCCL INFO  4 : GPU/0-7f000 GPU/0-8f000 GPU/0-9f000 GPU/0-af000 GPU/0-bf000 GPU/0-cf000 GPU/0-df000 GPU/0-ef000
furious-puma-1:187513:187767 [4] NCCL INFO  5 : GPU/0-7f000 GPU/0-8f000 GPU/0-9f000 GPU/0-af000 GPU/0-bf000 GPU/0-cf000 GPU/0-df000 GPU/0-ef000
furious-puma-1:187513:187767 [4] NCCL INFO  6 : GPU/0-7f000 GPU/0-8f000 GPU/0-9f000 GPU/0-af000 GPU/0-bf000 GPU/0-cf000 GPU/0-df000 GPU/0-ef000
furious-puma-1:187513:187767 [4] NCCL INFO  7 : GPU/0-7f000 GPU/0-8f000 GPU/0-9f000 GPU/0-af000 GPU/0-bf000 GPU/0-cf000 GPU/0-df000 GPU/0-ef000
furious-puma-1:187513:187767 [4] NCCL INFO  8 : GPU/0-7f000 GPU/0-8f000 GPU/0-9f000 GPU/0-af000 GPU/0-bf000 GPU/0-cf000 GPU/0-df000 GPU/0-ef000
furious-puma-1:187513:187767 [4] NCCL INFO  9 : GPU/0-7f000 GPU/0-8f000 GPU/0-9f000 GPU/0-af000 GPU/0-bf000 GPU/0-cf000 GPU/0-df000 GPU/0-ef000
furious-puma-1:187513:187767 [4] NCCL INFO 10 : GPU/0-7f000 GPU/0-8f000 GPU/0-9f000 GPU/0-af000 GPU/0-bf000 GPU/0-cf000 GPU/0-df000 GPU/0-ef000
furious-puma-1:187513:187767 [4] NCCL INFO 11 : GPU/0-7f000 GPU/0-8f000 GPU/0-9f000 GPU/0-af000 GPU/0-bf000 GPU/0-cf000 GPU/0-df000 GPU/0-ef000
furious-puma-1:187513:187767 [4] NCCL INFO Pattern 5, crossNic 0, nChannels 8, bw 40.000000/60.000000, type NVL/PIX, sameChannels 0
furious-puma-1:187513:187767 [4] NCCL INFO  0 : GPU/0-7f000
furious-puma-1:187513:187767 [4] NCCL INFO  1 : GPU/0-8f000
furious-puma-1:187513:187767 [4] NCCL INFO  2 : GPU/0-9f000
furious-puma-1:187513:187767 [4] NCCL INFO  3 : GPU/0-af000
furious-puma-1:187513:187767 [4] NCCL INFO  4 : GPU/0-bf000
furious-puma-1:187513:187767 [4] NCCL INFO  5 : GPU/0-cf000
furious-puma-1:187513:187767 [4] NCCL INFO  6 : GPU/0-df000
furious-puma-1:187513:187767 [4] NCCL INFO  7 : GPU/0-ef000
furious-puma-1:187509:187774 [0] NCCL INFO Pattern 4, crossNic 0, nChannels 12, bw 30.000000/30.000000, type NVL/PIX, sameChannels 1
furious-puma-1:187509:187774 [0] NCCL INFO  0 : GPU/0-7f000 GPU/0-8f000 GPU/0-9f000 GPU/0-af000 GPU/0-bf000 GPU/0-cf000 GPU/0-df000 GPU/0-ef000
furious-puma-1:187509:187774 [0] NCCL INFO  1 : GPU/0-7f000 GPU/0-8f000 GPU/0-9f000 GPU/0-af000 GPU/0-bf000 GPU/0-cf000 GPU/0-df000 GPU/0-ef000
furious-puma-1:187509:187774 [0] NCCL INFO  2 : GPU/0-7f000 GPU/0-8f000 GPU/0-9f000 GPU/0-af000 GPU/0-bf000 GPU/0-cf000 GPU/0-df000 GPU/0-ef000
furious-puma-1:187509:187774 [0] NCCL INFO  3 : GPU/0-7f000 GPU/0-8f000 GPU/0-9f000 GPU/0-af000 GPU/0-bf000 GPU/0-cf000 GPU/0-df000 GPU/0-ef000
furious-puma-1:187509:187774 [0] NCCL INFO  4 : GPU/0-7f000 GPU/0-8f000 GPU/0-9f000 GPU/0-af000 GPU/0-bf000 GPU/0-cf000 GPU/0-df000 GPU/0-ef000
furious-puma-1:187509:187774 [0] NCCL INFO  5 : GPU/0-7f000 GPU/0-8f000 GPU/0-9f000 GPU/0-af000 GPU/0-bf000 GPU/0-cf000 GPU/0-df000 GPU/0-ef000
furious-puma-1:187509:187774 [0] NCCL INFO  6 : GPU/0-7f000 GPU/0-8f000 GPU/0-9f000 GPU/0-af000 GPU/0-bf000 GPU/0-cf000 GPU/0-df000 GPU/0-ef000
furious-puma-1:187509:187774 [0] NCCL INFO  7 : GPU/0-7f000 GPU/0-8f000 GPU/0-9f000 GPU/0-af000 GPU/0-bf000 GPU/0-cf000 GPU/0-df000 GPU/0-ef000
furious-puma-1:187509:187774 [0] NCCL INFO  8 : GPU/0-7f000 GPU/0-8f000 GPU/0-9f000 GPU/0-af000 GPU/0-bf000 GPU/0-cf000 GPU/0-df000 GPU/0-ef000
furious-puma-1:187509:187774 [0] NCCL INFO  9 : GPU/0-7f000 GPU/0-8f000 GPU/0-9f000 GPU/0-af000 GPU/0-bf000 GPU/0-cf000 GPU/0-df000 GPU/0-ef000
furious-puma-1:187509:187774 [0] NCCL INFO 10 : GPU/0-7f000 GPU/0-8f000 GPU/0-9f000 GPU/0-af000 GPU/0-bf000 GPU/0-cf000 GPU/0-df000 GPU/0-ef000
furious-puma-1:187509:187774 [0] NCCL INFO 11 : GPU/0-7f000 GPU/0-8f000 GPU/0-9f000 GPU/0-af000 GPU/0-bf000 GPU/0-cf000 GPU/0-df000 GPU/0-ef000
furious-puma-1:187509:187774 [0] NCCL INFO Pattern 1, crossNic 0, nChannels 12, bw 30.000000/30.000000, type NVL/PIX, sameChannels 1
furious-puma-1:187509:187774 [0] NCCL INFO  0 : GPU/0-7f000 GPU/0-8f000 GPU/0-9f000 GPU/0-af000 GPU/0-bf000 GPU/0-cf000 GPU/0-df000 GPU/0-ef000
furious-puma-1:187509:187774 [0] NCCL INFO  1 : GPU/0-7f000 GPU/0-8f000 GPU/0-9f000 GPU/0-af000 GPU/0-bf000 GPU/0-cf000 GPU/0-df000 GPU/0-ef000
furious-puma-1:187509:187774 [0] NCCL INFO  2 : GPU/0-7f000 GPU/0-8f000 GPU/0-9f000 GPU/0-af000 GPU/0-bf000 GPU/0-cf000 GPU/0-df000 GPU/0-ef000
furious-puma-1:187509:187774 [0] NCCL INFO  3 : GPU/0-7f000 GPU/0-8f000 GPU/0-9f000 GPU/0-af000 GPU/0-bf000 GPU/0-cf000 GPU/0-df000 GPU/0-ef000
furious-puma-1:187509:187774 [0] NCCL INFO  4 : GPU/0-7f000 GPU/0-8f000 GPU/0-9f000 GPU/0-af000 GPU/0-bf000 GPU/0-cf000 GPU/0-df000 GPU/0-ef000
furious-puma-1:187509:187774 [0] NCCL INFO  5 : GPU/0-7f000 GPU/0-8f000 GPU/0-9f000 GPU/0-af000 GPU/0-bf000 GPU/0-cf000 GPU/0-df000 GPU/0-ef000
furious-puma-1:187509:187774 [0] NCCL INFO  6 : GPU/0-7f000 GPU/0-8f000 GPU/0-9f000 GPU/0-af000 GPU/0-bf000 GPU/0-cf000 GPU/0-df000 GPU/0-ef000
furious-puma-1:187509:187774 [0] NCCL INFO  7 : GPU/0-7f000 GPU/0-8f000 GPU/0-9f000 GPU/0-af000 GPU/0-bf000 GPU/0-cf000 GPU/0-df000 GPU/0-ef000
furious-puma-1:187509:187774 [0] NCCL INFO  8 : GPU/0-7f000 GPU/0-8f000 GPU/0-9f000 GPU/0-af000 GPU/0-bf000 GPU/0-cf000 GPU/0-df000 GPU/0-ef000
furious-puma-1:187516:187730 [7] NCCL INFO Pattern 4, crossNic 0, nChannels 12, bw 30.000000/30.000000, type NVL/PIX, sameChannels 1
furious-puma-1:187509:187774 [0] NCCL INFO  9 : GPU/0-7f000 GPU/0-8f000 GPU/0-9f000 GPU/0-af000 GPU/0-bf000 GPU/0-cf000 GPU/0-df000 GPU/0-ef000
furious-puma-1:187509:187774 [0] NCCL INFO 10 : GPU/0-7f000 GPU/0-8f000 GPU/0-9f000 GPU/0-af000 GPU/0-bf000 GPU/0-cf000 GPU/0-df000 GPU/0-ef000
furious-puma-1:187516:187730 [7] NCCL INFO  0 : GPU/0-7f000 GPU/0-8f000 GPU/0-9f000 GPU/0-af000 GPU/0-bf000 GPU/0-cf000 GPU/0-df000 GPU/0-ef000
furious-puma-1:187509:187774 [0] NCCL INFO 11 : GPU/0-7f000 GPU/0-8f000 GPU/0-9f000 GPU/0-af000 GPU/0-bf000 GPU/0-cf000 GPU/0-df000 GPU/0-ef000
furious-puma-1:187516:187730 [7] NCCL INFO  1 : GPU/0-7f000 GPU/0-8f000 GPU/0-9f000 GPU/0-af000 GPU/0-bf000 GPU/0-cf000 GPU/0-df000 GPU/0-ef000
furious-puma-1:187516:187730 [7] NCCL INFO  2 : GPU/0-7f000 GPU/0-8f000 GPU/0-9f000 GPU/0-af000 GPU/0-bf000 GPU/0-cf000 GPU/0-df000 GPU/0-ef000
furious-puma-1:187516:187730 [7] NCCL INFO  3 : GPU/0-7f000 GPU/0-8f000 GPU/0-9f000 GPU/0-af000 GPU/0-bf000 GPU/0-cf000 GPU/0-df000 GPU/0-ef000
furious-puma-1:187516:187730 [7] NCCL INFO  4 : GPU/0-7f000 GPU/0-8f000 GPU/0-9f000 GPU/0-af000 GPU/0-bf000 GPU/0-cf000 GPU/0-df000 GPU/0-ef000
furious-puma-1:187516:187730 [7] NCCL INFO  5 : GPU/0-7f000 GPU/0-8f000 GPU/0-9f000 GPU/0-af000 GPU/0-bf000 GPU/0-cf000 GPU/0-df000 GPU/0-ef000
furious-puma-1:187516:187730 [7] NCCL INFO  6 : GPU/0-7f000 GPU/0-8f000 GPU/0-9f000 GPU/0-af000 GPU/0-bf000 GPU/0-cf000 GPU/0-df000 GPU/0-ef000
furious-puma-1:187516:187730 [7] NCCL INFO  7 : GPU/0-7f000 GPU/0-8f000 GPU/0-9f000 GPU/0-af000 GPU/0-bf000 GPU/0-cf000 GPU/0-df000 GPU/0-ef000
furious-puma-1:187516:187730 [7] NCCL INFO  8 : GPU/0-7f000 GPU/0-8f000 GPU/0-9f000 GPU/0-af000 GPU/0-bf000 GPU/0-cf000 GPU/0-df000 GPU/0-ef000
furious-puma-1:187516:187730 [7] NCCL INFO  9 : GPU/0-7f000 GPU/0-8f000 GPU/0-9f000 GPU/0-af000 GPU/0-bf000 GPU/0-cf000 GPU/0-df000 GPU/0-ef000
furious-puma-1:187516:187730 [7] NCCL INFO 10 : GPU/0-7f000 GPU/0-8f000 GPU/0-9f000 GPU/0-af000 GPU/0-bf000 GPU/0-cf000 GPU/0-df000 GPU/0-ef000
furious-puma-1:187516:187730 [7] NCCL INFO 11 : GPU/0-7f000 GPU/0-8f000 GPU/0-9f000 GPU/0-af000 GPU/0-bf000 GPU/0-cf000 GPU/0-df000 GPU/0-ef000
furious-puma-1:187516:187730 [7] NCCL INFO Pattern 1, crossNic 0, nChannels 12, bw 30.000000/30.000000, type NVL/PIX, sameChannels 1
furious-puma-1:187516:187730 [7] NCCL INFO  0 : GPU/0-7f000 GPU/0-8f000 GPU/0-9f000 GPU/0-af000 GPU/0-bf000 GPU/0-cf000 GPU/0-df000 GPU/0-ef000
furious-puma-1:187509:187774 [0] NCCL INFO Pattern 5, crossNic 0, nChannels 8, bw 40.000000/60.000000, type NVL/PIX, sameChannels 0
furious-puma-1:187509:187774 [0] NCCL INFO  0 : GPU/0-7f000
furious-puma-1:187516:187730 [7] NCCL INFO  1 : GPU/0-7f000 GPU/0-8f000 GPU/0-9f000 GPU/0-af000 GPU/0-bf000 GPU/0-cf000 GPU/0-df000 GPU/0-ef000
furious-puma-1:187509:187774 [0] NCCL INFO  1 : GPU/0-8f000
furious-puma-1:187509:187774 [0] NCCL INFO  2 : GPU/0-9f000
furious-puma-1:187516:187730 [7] NCCL INFO  2 : GPU/0-7f000 GPU/0-8f000 GPU/0-9f000 GPU/0-af000 GPU/0-bf000 GPU/0-cf000 GPU/0-df000 GPU/0-ef000
furious-puma-1:187509:187774 [0] NCCL INFO  3 : GPU/0-af000
furious-puma-1:187509:187774 [0] NCCL INFO  4 : GPU/0-bf000
furious-puma-1:187516:187730 [7] NCCL INFO  3 : GPU/0-7f000 GPU/0-8f000 GPU/0-9f000 GPU/0-af000 GPU/0-bf000 GPU/0-cf000 GPU/0-df000 GPU/0-ef000
furious-puma-1:187509:187774 [0] NCCL INFO  5 : GPU/0-cf000
furious-puma-1:187509:187774 [0] NCCL INFO  6 : GPU/0-df000
furious-puma-1:187509:187774 [0] NCCL INFO  7 : GPU/0-ef000
furious-puma-1:187516:187730 [7] NCCL INFO  4 : GPU/0-7f000 GPU/0-8f000 GPU/0-9f000 GPU/0-af000 GPU/0-bf000 GPU/0-cf000 GPU/0-df000 GPU/0-ef000
furious-puma-1:187516:187730 [7] NCCL INFO  5 : GPU/0-7f000 GPU/0-8f000 GPU/0-9f000 GPU/0-af000 GPU/0-bf000 GPU/0-cf000 GPU/0-df000 GPU/0-ef000
furious-puma-1:187516:187730 [7] NCCL INFO  6 : GPU/0-7f000 GPU/0-8f000 GPU/0-9f000 GPU/0-af000 GPU/0-bf000 GPU/0-cf000 GPU/0-df000 GPU/0-ef000
furious-puma-1:187516:187730 [7] NCCL INFO  7 : GPU/0-7f000 GPU/0-8f000 GPU/0-9f000 GPU/0-af000 GPU/0-bf000 GPU/0-cf000 GPU/0-df000 GPU/0-ef000
furious-puma-1:187516:187730 [7] NCCL INFO  8 : GPU/0-7f000 GPU/0-8f000 GPU/0-9f000 GPU/0-af000 GPU/0-bf000 GPU/0-cf000 GPU/0-df000 GPU/0-ef000
furious-puma-1:187516:187730 [7] NCCL INFO  9 : GPU/0-7f000 GPU/0-8f000 GPU/0-9f000 GPU/0-af000 GPU/0-bf000 GPU/0-cf000 GPU/0-df000 GPU/0-ef000
furious-puma-1:187516:187730 [7] NCCL INFO 10 : GPU/0-7f000 GPU/0-8f000 GPU/0-9f000 GPU/0-af000 GPU/0-bf000 GPU/0-cf000 GPU/0-df000 GPU/0-ef000
furious-puma-1:187516:187730 [7] NCCL INFO 11 : GPU/0-7f000 GPU/0-8f000 GPU/0-9f000 GPU/0-af000 GPU/0-bf000 GPU/0-cf000 GPU/0-df000 GPU/0-ef000
furious-puma-1:187516:187730 [7] NCCL INFO Pattern 5, crossNic 0, nChannels 8, bw 40.000000/60.000000, type NVL/PIX, sameChannels 0
furious-puma-1:187516:187730 [7] NCCL INFO  0 : GPU/0-7f000
furious-puma-1:187516:187730 [7] NCCL INFO  1 : GPU/0-8f000
furious-puma-1:187516:187730 [7] NCCL INFO  2 : GPU/0-9f000
furious-puma-1:187516:187730 [7] NCCL INFO  3 : GPU/0-af000
furious-puma-1:187516:187730 [7] NCCL INFO  4 : GPU/0-bf000
furious-puma-1:187516:187730 [7] NCCL INFO  5 : GPU/0-cf000
furious-puma-1:187516:187730 [7] NCCL INFO  6 : GPU/0-df000
furious-puma-1:187516:187730 [7] NCCL INFO  7 : GPU/0-ef000
furious-puma-1:187510:187781 [1] NCCL INFO Pattern 4, crossNic 0, nChannels 12, bw 30.000000/30.000000, type NVL/PIX, sameChannels 1
furious-puma-1:187510:187781 [1] NCCL INFO  0 : GPU/0-7f000 GPU/0-8f000 GPU/0-9f000 GPU/0-af000 GPU/0-bf000 GPU/0-cf000 GPU/0-df000 GPU/0-ef000
furious-puma-1:187510:187781 [1] NCCL INFO  1 : GPU/0-7f000 GPU/0-8f000 GPU/0-9f000 GPU/0-af000 GPU/0-bf000 GPU/0-cf000 GPU/0-df000 GPU/0-ef000
furious-puma-1:187510:187781 [1] NCCL INFO  2 : GPU/0-7f000 GPU/0-8f000 GPU/0-9f000 GPU/0-af000 GPU/0-bf000 GPU/0-cf000 GPU/0-df000 GPU/0-ef000
furious-puma-1:187510:187781 [1] NCCL INFO  3 : GPU/0-7f000 GPU/0-8f000 GPU/0-9f000 GPU/0-af000 GPU/0-bf000 GPU/0-cf000 GPU/0-df000 GPU/0-ef000
furious-puma-1:187510:187781 [1] NCCL INFO  4 : GPU/0-7f000 GPU/0-8f000 GPU/0-9f000 GPU/0-af000 GPU/0-bf000 GPU/0-cf000 GPU/0-df000 GPU/0-ef000
furious-puma-1:187510:187781 [1] NCCL INFO  5 : GPU/0-7f000 GPU/0-8f000 GPU/0-9f000 GPU/0-af000 GPU/0-bf000 GPU/0-cf000 GPU/0-df000 GPU/0-ef000
furious-puma-1:187510:187781 [1] NCCL INFO  6 : GPU/0-7f000 GPU/0-8f000 GPU/0-9f000 GPU/0-af000 GPU/0-bf000 GPU/0-cf000 GPU/0-df000 GPU/0-ef000
furious-puma-1:187510:187781 [1] NCCL INFO  7 : GPU/0-7f000 GPU/0-8f000 GPU/0-9f000 GPU/0-af000 GPU/0-bf000 GPU/0-cf000 GPU/0-df000 GPU/0-ef000
furious-puma-1:187510:187781 [1] NCCL INFO  8 : GPU/0-7f000 GPU/0-8f000 GPU/0-9f000 GPU/0-af000 GPU/0-bf000 GPU/0-cf000 GPU/0-df000 GPU/0-ef000
furious-puma-1:187510:187781 [1] NCCL INFO  9 : GPU/0-7f000 GPU/0-8f000 GPU/0-9f000 GPU/0-af000 GPU/0-bf000 GPU/0-cf000 GPU/0-df000 GPU/0-ef000
furious-puma-1:187510:187781 [1] NCCL INFO 10 : GPU/0-7f000 GPU/0-8f000 GPU/0-9f000 GPU/0-af000 GPU/0-bf000 GPU/0-cf000 GPU/0-df000 GPU/0-ef000
furious-puma-1:187510:187781 [1] NCCL INFO 11 : GPU/0-7f000 GPU/0-8f000 GPU/0-9f000 GPU/0-af000 GPU/0-bf000 GPU/0-cf000 GPU/0-df000 GPU/0-ef000
furious-puma-1:187510:187781 [1] NCCL INFO Pattern 1, crossNic 0, nChannels 12, bw 30.000000/30.000000, type NVL/PIX, sameChannels 1
furious-puma-1:187510:187781 [1] NCCL INFO  0 : GPU/0-7f000 GPU/0-8f000 GPU/0-9f000 GPU/0-af000 GPU/0-bf000 GPU/0-cf000 GPU/0-df000 GPU/0-ef000
furious-puma-1:187510:187781 [1] NCCL INFO  1 : GPU/0-7f000 GPU/0-8f000 GPU/0-9f000 GPU/0-af000 GPU/0-bf000 GPU/0-cf000 GPU/0-df000 GPU/0-ef000
furious-puma-1:187510:187781 [1] NCCL INFO  2 : GPU/0-7f000 GPU/0-8f000 GPU/0-9f000 GPU/0-af000 GPU/0-bf000 GPU/0-cf000 GPU/0-df000 GPU/0-ef000
furious-puma-1:187510:187781 [1] NCCL INFO  3 : GPU/0-7f000 GPU/0-8f000 GPU/0-9f000 GPU/0-af000 GPU/0-bf000 GPU/0-cf000 GPU/0-df000 GPU/0-ef000
furious-puma-1:187510:187781 [1] NCCL INFO  4 : GPU/0-7f000 GPU/0-8f000 GPU/0-9f000 GPU/0-af000 GPU/0-bf000 GPU/0-cf000 GPU/0-df000 GPU/0-ef000
furious-puma-1:187510:187781 [1] NCCL INFO  5 : GPU/0-7f000 GPU/0-8f000 GPU/0-9f000 GPU/0-af000 GPU/0-bf000 GPU/0-cf000 GPU/0-df000 GPU/0-ef000
furious-puma-1:187510:187781 [1] NCCL INFO  6 : GPU/0-7f000 GPU/0-8f000 GPU/0-9f000 GPU/0-af000 GPU/0-bf000 GPU/0-cf000 GPU/0-df000 GPU/0-ef000
furious-puma-1:187510:187781 [1] NCCL INFO  7 : GPU/0-7f000 GPU/0-8f000 GPU/0-9f000 GPU/0-af000 GPU/0-bf000 GPU/0-cf000 GPU/0-df000 GPU/0-ef000
furious-puma-1:187512:187870 [3] NCCL INFO Pattern 4, crossNic 0, nChannels 12, bw 30.000000/30.000000, type NVL/PIX, sameChannels 1
furious-puma-1:187510:187781 [1] NCCL INFO  8 : GPU/0-7f000 GPU/0-8f000 GPU/0-9f000 GPU/0-af000 GPU/0-bf000 GPU/0-cf000 GPU/0-df000 GPU/0-ef000
furious-puma-1:187512:187870 [3] NCCL INFO  0 : GPU/0-7f000 GPU/0-8f000 GPU/0-9f000 GPU/0-af000 GPU/0-bf000 GPU/0-cf000 GPU/0-df000 GPU/0-ef000
furious-puma-1:187510:187781 [1] NCCL INFO  9 : GPU/0-7f000 GPU/0-8f000 GPU/0-9f000 GPU/0-af000 GPU/0-bf000 GPU/0-cf000 GPU/0-df000 GPU/0-ef000
furious-puma-1:187512:187870 [3] NCCL INFO  1 : GPU/0-7f000 GPU/0-8f000 GPU/0-9f000 GPU/0-af000 GPU/0-bf000 GPU/0-cf000 GPU/0-df000 GPU/0-ef000
furious-puma-1:187510:187781 [1] NCCL INFO 10 : GPU/0-7f000 GPU/0-8f000 GPU/0-9f000 GPU/0-af000 GPU/0-bf000 GPU/0-cf000 GPU/0-df000 GPU/0-ef000
furious-puma-1:187510:187781 [1] NCCL INFO 11 : GPU/0-7f000 GPU/0-8f000 GPU/0-9f000 GPU/0-af000 GPU/0-bf000 GPU/0-cf000 GPU/0-df000 GPU/0-ef000
furious-puma-1:187512:187870 [3] NCCL INFO  2 : GPU/0-7f000 GPU/0-8f000 GPU/0-9f000 GPU/0-af000 GPU/0-bf000 GPU/0-cf000 GPU/0-df000 GPU/0-ef000
furious-puma-1:187512:187870 [3] NCCL INFO  3 : GPU/0-7f000 GPU/0-8f000 GPU/0-9f000 GPU/0-af000 GPU/0-bf000 GPU/0-cf000 GPU/0-df000 GPU/0-ef000
furious-puma-1:187512:187870 [3] NCCL INFO  4 : GPU/0-7f000 GPU/0-8f000 GPU/0-9f000 GPU/0-af000 GPU/0-bf000 GPU/0-cf000 GPU/0-df000 GPU/0-ef000
furious-puma-1:187512:187870 [3] NCCL INFO  5 : GPU/0-7f000 GPU/0-8f000 GPU/0-9f000 GPU/0-af000 GPU/0-bf000 GPU/0-cf000 GPU/0-df000 GPU/0-ef000
furious-puma-1:187512:187870 [3] NCCL INFO  6 : GPU/0-7f000 GPU/0-8f000 GPU/0-9f000 GPU/0-af000 GPU/0-bf000 GPU/0-cf000 GPU/0-df000 GPU/0-ef000
furious-puma-1:187512:187870 [3] NCCL INFO  7 : GPU/0-7f000 GPU/0-8f000 GPU/0-9f000 GPU/0-af000 GPU/0-bf000 GPU/0-cf000 GPU/0-df000 GPU/0-ef000
furious-puma-1:187512:187870 [3] NCCL INFO  8 : GPU/0-7f000 GPU/0-8f000 GPU/0-9f000 GPU/0-af000 GPU/0-bf000 GPU/0-cf000 GPU/0-df000 GPU/0-ef000
furious-puma-1:187512:187870 [3] NCCL INFO  9 : GPU/0-7f000 GPU/0-8f000 GPU/0-9f000 GPU/0-af000 GPU/0-bf000 GPU/0-cf000 GPU/0-df000 GPU/0-ef000
furious-puma-1:187512:187870 [3] NCCL INFO 10 : GPU/0-7f000 GPU/0-8f000 GPU/0-9f000 GPU/0-af000 GPU/0-bf000 GPU/0-cf000 GPU/0-df000 GPU/0-ef000
furious-puma-1:187512:187870 [3] NCCL INFO 11 : GPU/0-7f000 GPU/0-8f000 GPU/0-9f000 GPU/0-af000 GPU/0-bf000 GPU/0-cf000 GPU/0-df000 GPU/0-ef000
furious-puma-1:187512:187870 [3] NCCL INFO Pattern 1, crossNic 0, nChannels 12, bw 30.000000/30.000000, type NVL/PIX, sameChannels 1
furious-puma-1:187512:187870 [3] NCCL INFO  0 : GPU/0-7f000 GPU/0-8f000 GPU/0-9f000 GPU/0-af000 GPU/0-bf000 GPU/0-cf000 GPU/0-df000 GPU/0-ef000
furious-puma-1:187512:187870 [3] NCCL INFO  1 : GPU/0-7f000 GPU/0-8f000 GPU/0-9f000 GPU/0-af000 GPU/0-bf000 GPU/0-cf000 GPU/0-df000 GPU/0-ef000
furious-puma-1:187512:187870 [3] NCCL INFO  2 : GPU/0-7f000 GPU/0-8f000 GPU/0-9f000 GPU/0-af000 GPU/0-bf000 GPU/0-cf000 GPU/0-df000 GPU/0-ef000
furious-puma-1:187512:187870 [3] NCCL INFO  3 : GPU/0-7f000 GPU/0-8f000 GPU/0-9f000 GPU/0-af000 GPU/0-bf000 GPU/0-cf000 GPU/0-df000 GPU/0-ef000
furious-puma-1:187512:187870 [3] NCCL INFO  4 : GPU/0-7f000 GPU/0-8f000 GPU/0-9f000 GPU/0-af000 GPU/0-bf000 GPU/0-cf000 GPU/0-df000 GPU/0-ef000
furious-puma-1:187512:187870 [3] NCCL INFO  5 : GPU/0-7f000 GPU/0-8f000 GPU/0-9f000 GPU/0-af000 GPU/0-bf000 GPU/0-cf000 GPU/0-df000 GPU/0-ef000
furious-puma-1:187512:187870 [3] NCCL INFO  6 : GPU/0-7f000 GPU/0-8f000 GPU/0-9f000 GPU/0-af000 GPU/0-bf000 GPU/0-cf000 GPU/0-df000 GPU/0-ef000
furious-puma-1:187512:187870 [3] NCCL INFO  7 : GPU/0-7f000 GPU/0-8f000 GPU/0-9f000 GPU/0-af000 GPU/0-bf000 GPU/0-cf000 GPU/0-df000 GPU/0-ef000
furious-puma-1:187512:187870 [3] NCCL INFO  8 : GPU/0-7f000 GPU/0-8f000 GPU/0-9f000 GPU/0-af000 GPU/0-bf000 GPU/0-cf000 GPU/0-df000 GPU/0-ef000
furious-puma-1:187512:187870 [3] NCCL INFO  9 : GPU/0-7f000 GPU/0-8f000 GPU/0-9f000 GPU/0-af000 GPU/0-bf000 GPU/0-cf000 GPU/0-df000 GPU/0-ef000
furious-puma-1:187512:187870 [3] NCCL INFO 10 : GPU/0-7f000 GPU/0-8f000 GPU/0-9f000 GPU/0-af000 GPU/0-bf000 GPU/0-cf000 GPU/0-df000 GPU/0-ef000
furious-puma-1:187512:187870 [3] NCCL INFO 11 : GPU/0-7f000 GPU/0-8f000 GPU/0-9f000 GPU/0-af000 GPU/0-bf000 GPU/0-cf000 GPU/0-df000 GPU/0-ef000
furious-puma-1:187512:187870 [3] NCCL INFO Pattern 5, crossNic 0, nChannels 8, bw 40.000000/60.000000, type NVL/PIX, sameChannels 0
furious-puma-1:187512:187870 [3] NCCL INFO  0 : GPU/0-7f000
furious-puma-1:187512:187870 [3] NCCL INFO  1 : GPU/0-8f000
furious-puma-1:187512:187870 [3] NCCL INFO  2 : GPU/0-9f000
furious-puma-1:187512:187870 [3] NCCL INFO  3 : GPU/0-af000
furious-puma-1:187512:187870 [3] NCCL INFO  4 : GPU/0-bf000
furious-puma-1:187512:187870 [3] NCCL INFO  5 : GPU/0-cf000
furious-puma-1:187512:187870 [3] NCCL INFO  6 : GPU/0-df000
furious-puma-1:187512:187870 [3] NCCL INFO  7 : GPU/0-ef000
furious-puma-1:187510:187781 [1] NCCL INFO Pattern 5, crossNic 0, nChannels 8, bw 40.000000/60.000000, type NVL/PIX, sameChannels 0
furious-puma-1:187510:187781 [1] NCCL INFO  0 : GPU/0-7f000
furious-puma-1:187510:187781 [1] NCCL INFO  1 : GPU/0-8f000
furious-puma-1:187510:187781 [1] NCCL INFO  2 : GPU/0-9f000
furious-puma-1:187510:187781 [1] NCCL INFO  3 : GPU/0-af000
furious-puma-1:187510:187781 [1] NCCL INFO  4 : GPU/0-bf000
furious-puma-1:187510:187781 [1] NCCL INFO  5 : GPU/0-cf000
furious-puma-1:187510:187781 [1] NCCL INFO  6 : GPU/0-df000
furious-puma-1:187510:187781 [1] NCCL INFO  7 : GPU/0-ef000
furious-puma-1:187511:187890 [2] NCCL INFO Pattern 4, crossNic 0, nChannels 12, bw 30.000000/30.000000, type NVL/PIX, sameChannels 1
furious-puma-1:187511:187890 [2] NCCL INFO  0 : GPU/0-7f000 GPU/0-8f000 GPU/0-9f000 GPU/0-af000 GPU/0-bf000 GPU/0-cf000 GPU/0-df000 GPU/0-ef000
furious-puma-1:187511:187890 [2] NCCL INFO  1 : GPU/0-7f000 GPU/0-8f000 GPU/0-9f000 GPU/0-af000 GPU/0-bf000 GPU/0-cf000 GPU/0-df000 GPU/0-ef000
furious-puma-1:187511:187890 [2] NCCL INFO  2 : GPU/0-7f000 GPU/0-8f000 GPU/0-9f000 GPU/0-af000 GPU/0-bf000 GPU/0-cf000 GPU/0-df000 GPU/0-ef000
furious-puma-1:187511:187890 [2] NCCL INFO  3 : GPU/0-7f000 GPU/0-8f000 GPU/0-9f000 GPU/0-af000 GPU/0-bf000 GPU/0-cf000 GPU/0-df000 GPU/0-ef000
furious-puma-1:187511:187890 [2] NCCL INFO  4 : GPU/0-7f000 GPU/0-8f000 GPU/0-9f000 GPU/0-af000 GPU/0-bf000 GPU/0-cf000 GPU/0-df000 GPU/0-ef000
furious-puma-1:187511:187890 [2] NCCL INFO  5 : GPU/0-7f000 GPU/0-8f000 GPU/0-9f000 GPU/0-af000 GPU/0-bf000 GPU/0-cf000 GPU/0-df000 GPU/0-ef000
furious-puma-1:187511:187890 [2] NCCL INFO  6 : GPU/0-7f000 GPU/0-8f000 GPU/0-9f000 GPU/0-af000 GPU/0-bf000 GPU/0-cf000 GPU/0-df000 GPU/0-ef000
furious-puma-1:187511:187890 [2] NCCL INFO  7 : GPU/0-7f000 GPU/0-8f000 GPU/0-9f000 GPU/0-af000 GPU/0-bf000 GPU/0-cf000 GPU/0-df000 GPU/0-ef000
furious-puma-1:187511:187890 [2] NCCL INFO  8 : GPU/0-7f000 GPU/0-8f000 GPU/0-9f000 GPU/0-af000 GPU/0-bf000 GPU/0-cf000 GPU/0-df000 GPU/0-ef000
furious-puma-1:187511:187890 [2] NCCL INFO  9 : GPU/0-7f000 GPU/0-8f000 GPU/0-9f000 GPU/0-af000 GPU/0-bf000 GPU/0-cf000 GPU/0-df000 GPU/0-ef000
furious-puma-1:187511:187890 [2] NCCL INFO 10 : GPU/0-7f000 GPU/0-8f000 GPU/0-9f000 GPU/0-af000 GPU/0-bf000 GPU/0-cf000 GPU/0-df000 GPU/0-ef000
furious-puma-1:187511:187890 [2] NCCL INFO 11 : GPU/0-7f000 GPU/0-8f000 GPU/0-9f000 GPU/0-af000 GPU/0-bf000 GPU/0-cf000 GPU/0-df000 GPU/0-ef000
furious-puma-1:187511:187890 [2] NCCL INFO Pattern 1, crossNic 0, nChannels 12, bw 30.000000/30.000000, type NVL/PIX, sameChannels 1
furious-puma-1:187511:187890 [2] NCCL INFO  0 : GPU/0-7f000 GPU/0-8f000 GPU/0-9f000 GPU/0-af000 GPU/0-bf000 GPU/0-cf000 GPU/0-df000 GPU/0-ef000
furious-puma-1:187511:187890 [2] NCCL INFO  1 : GPU/0-7f000 GPU/0-8f000 GPU/0-9f000 GPU/0-af000 GPU/0-bf000 GPU/0-cf000 GPU/0-df000 GPU/0-ef000
furious-puma-1:187511:187890 [2] NCCL INFO  2 : GPU/0-7f000 GPU/0-8f000 GPU/0-9f000 GPU/0-af000 GPU/0-bf000 GPU/0-cf000 GPU/0-df000 GPU/0-ef000
furious-puma-1:187511:187890 [2] NCCL INFO  3 : GPU/0-7f000 GPU/0-8f000 GPU/0-9f000 GPU/0-af000 GPU/0-bf000 GPU/0-cf000 GPU/0-df000 GPU/0-ef000
furious-puma-1:187511:187890 [2] NCCL INFO  4 : GPU/0-7f000 GPU/0-8f000 GPU/0-9f000 GPU/0-af000 GPU/0-bf000 GPU/0-cf000 GPU/0-df000 GPU/0-ef000
furious-puma-1:187511:187890 [2] NCCL INFO  5 : GPU/0-7f000 GPU/0-8f000 GPU/0-9f000 GPU/0-af000 GPU/0-bf000 GPU/0-cf000 GPU/0-df000 GPU/0-ef000
furious-puma-1:187511:187890 [2] NCCL INFO  6 : GPU/0-7f000 GPU/0-8f000 GPU/0-9f000 GPU/0-af000 GPU/0-bf000 GPU/0-cf000 GPU/0-df000 GPU/0-ef000
furious-puma-1:187511:187890 [2] NCCL INFO  7 : GPU/0-7f000 GPU/0-8f000 GPU/0-9f000 GPU/0-af000 GPU/0-bf000 GPU/0-cf000 GPU/0-df000 GPU/0-ef000
furious-puma-1:187511:187890 [2] NCCL INFO  8 : GPU/0-7f000 GPU/0-8f000 GPU/0-9f000 GPU/0-af000 GPU/0-bf000 GPU/0-cf000 GPU/0-df000 GPU/0-ef000
furious-puma-1:187511:187890 [2] NCCL INFO  9 : GPU/0-7f000 GPU/0-8f000 GPU/0-9f000 GPU/0-af000 GPU/0-bf000 GPU/0-cf000 GPU/0-df000 GPU/0-ef000
furious-puma-1:187511:187890 [2] NCCL INFO 10 : GPU/0-7f000 GPU/0-8f000 GPU/0-9f000 GPU/0-af000 GPU/0-bf000 GPU/0-cf000 GPU/0-df000 GPU/0-ef000
furious-puma-1:187511:187890 [2] NCCL INFO 11 : GPU/0-7f000 GPU/0-8f000 GPU/0-9f000 GPU/0-af000 GPU/0-bf000 GPU/0-cf000 GPU/0-df000 GPU/0-ef000
furious-puma-1:187511:187890 [2] NCCL INFO Pattern 5, crossNic 0, nChannels 8, bw 40.000000/60.000000, type NVL/PIX, sameChannels 0
furious-puma-1:187511:187890 [2] NCCL INFO  0 : GPU/0-7f000
furious-puma-1:187511:187890 [2] NCCL INFO  1 : GPU/0-8f000
furious-puma-1:187511:187890 [2] NCCL INFO  2 : GPU/0-9f000
furious-puma-1:187511:187890 [2] NCCL INFO  3 : GPU/0-af000
furious-puma-1:187511:187890 [2] NCCL INFO  4 : GPU/0-bf000
furious-puma-1:187511:187890 [2] NCCL INFO  5 : GPU/0-cf000
furious-puma-1:187511:187890 [2] NCCL INFO  6 : GPU/0-df000
furious-puma-1:187511:187890 [2] NCCL INFO  7 : GPU/0-ef000
furious-puma-1:187510:187781 [1] NCCL INFO comm 0x2c6e1970 rank 1 nRanks 8 nNodes 1 localRanks 8 localRank 1 MNNVL 0
furious-puma-1:187511:187890 [2] NCCL INFO comm 0x1ebb4c50 rank 2 nRanks 8 nNodes 1 localRanks 8 localRank 2 MNNVL 0
furious-puma-1:187514:187731 [5] NCCL INFO comm 0x3324efb0 rank 5 nRanks 8 nNodes 1 localRanks 8 localRank 5 MNNVL 0
furious-puma-1:187509:187774 [0] NCCL INFO comm 0x358369c0 rank 0 nRanks 8 nNodes 1 localRanks 8 localRank 0 MNNVL 0
furious-puma-1:187515:187888 [6] NCCL INFO comm 0x3b22b7a0 rank 6 nRanks 8 nNodes 1 localRanks 8 localRank 6 MNNVL 0
furious-puma-1:187516:187730 [7] NCCL INFO comm 0x2656c1c0 rank 7 nRanks 8 nNodes 1 localRanks 8 localRank 7 MNNVL 0
furious-puma-1:187513:187767 [4] NCCL INFO comm 0x39f12ac0 rank 4 nRanks 8 nNodes 1 localRanks 8 localRank 4 MNNVL 0
furious-puma-1:187512:187870 [3] NCCL INFO comm 0x36dcb870 rank 3 nRanks 8 nNodes 1 localRanks 8 localRank 3 MNNVL 0
furious-puma-1:187509:187774 [0] NCCL INFO Tree 0 : -1 -> 0 -> 1/-1/-1
furious-puma-1:187509:187774 [0] NCCL INFO Tree 12 : -1 -> 0 -> 1/-1/-1
furious-puma-1:187509:187774 [0] NCCL INFO Tree 1 : -1 -> 0 -> 1/-1/-1
furious-puma-1:187509:187774 [0] NCCL INFO Tree 13 : -1 -> 0 -> 1/-1/-1
furious-puma-1:187509:187774 [0] NCCL INFO Tree 2 : -1 -> 0 -> 1/-1/-1
furious-puma-1:187509:187774 [0] NCCL INFO Tree 14 : -1 -> 0 -> 1/-1/-1
furious-puma-1:187509:187774 [0] NCCL INFO Tree 3 : -1 -> 0 -> 1/-1/-1
furious-puma-1:187514:187731 [5] NCCL INFO Ring 00 : 4 -> 5 -> 6
furious-puma-1:187515:187888 [6] NCCL INFO Ring 00 : 5 -> 6 -> 7
furious-puma-1:187509:187774 [0] NCCL INFO Tree 15 : -1 -> 0 -> 1/-1/-1
furious-puma-1:187509:187774 [0] NCCL INFO Tree 4 : -1 -> 0 -> 1/-1/-1
furious-puma-1:187514:187731 [5] NCCL INFO Ring 01 : 4 -> 5 -> 6
furious-puma-1:187516:187730 [7] NCCL INFO Ring 00 : 6 -> 7 -> 0
furious-puma-1:187515:187888 [6] NCCL INFO Ring 01 : 5 -> 6 -> 7
furious-puma-1:187509:187774 [0] NCCL INFO Tree 16 : -1 -> 0 -> 1/-1/-1
furious-puma-1:187510:187781 [1] NCCL INFO Tree 0 : 0 -> 1 -> 2/-1/-1
furious-puma-1:187515:187888 [6] NCCL INFO Ring 02 : 5 -> 6 -> 7
furious-puma-1:187514:187731 [5] NCCL INFO Ring 02 : 4 -> 5 -> 6
furious-puma-1:187516:187730 [7] NCCL INFO Ring 01 : 6 -> 7 -> 0
furious-puma-1:187510:187781 [1] NCCL INFO Tree 12 : 0 -> 1 -> 2/-1/-1
furious-puma-1:187514:187731 [5] NCCL INFO Ring 03 : 4 -> 5 -> 6
furious-puma-1:187509:187774 [0] NCCL INFO Tree 5 : -1 -> 0 -> 1/-1/-1
furious-puma-1:187511:187890 [2] NCCL INFO Ring 00 : 1 -> 2 -> 3
furious-puma-1:187515:187888 [6] NCCL INFO Ring 03 : 5 -> 6 -> 7
furious-puma-1:187513:187767 [4] NCCL INFO Ring 00 : 3 -> 4 -> 5
furious-puma-1:187516:187730 [7] NCCL INFO Ring 02 : 6 -> 7 -> 0
furious-puma-1:187510:187781 [1] NCCL INFO Tree 1 : 0 -> 1 -> 2/-1/-1
furious-puma-1:187514:187731 [5] NCCL INFO Ring 04 : 4 -> 5 -> 6
furious-puma-1:187516:187730 [7] NCCL INFO Ring 03 : 6 -> 7 -> 0
furious-puma-1:187509:187774 [0] NCCL INFO Tree 17 : -1 -> 0 -> 1/-1/-1
furious-puma-1:187512:187870 [3] NCCL INFO Ring 00 : 2 -> 3 -> 4
furious-puma-1:187511:187890 [2] NCCL INFO Ring 01 : 1 -> 2 -> 3
furious-puma-1:187509:187774 [0] NCCL INFO Tree 6 : -1 -> 0 -> 1/-1/-1
furious-puma-1:187515:187888 [6] NCCL INFO Ring 04 : 5 -> 6 -> 7
furious-puma-1:187512:187870 [3] NCCL INFO Ring 01 : 2 -> 3 -> 4
furious-puma-1:187513:187767 [4] NCCL INFO Ring 01 : 3 -> 4 -> 5
furious-puma-1:187515:187888 [6] NCCL INFO Ring 05 : 5 -> 6 -> 7
furious-puma-1:187510:187781 [1] NCCL INFO Tree 13 : 0 -> 1 -> 2/-1/-1
furious-puma-1:187512:187870 [3] NCCL INFO Ring 02 : 2 -> 3 -> 4
furious-puma-1:187514:187731 [5] NCCL INFO Ring 05 : 4 -> 5 -> 6
furious-puma-1:187515:187888 [6] NCCL INFO Ring 06 : 5 -> 6 -> 7
furious-puma-1:187510:187781 [1] NCCL INFO Tree 2 : 0 -> 1 -> 2/-1/-1
furious-puma-1:187516:187730 [7] NCCL INFO Ring 04 : 6 -> 7 -> 0
furious-puma-1:187515:187888 [6] NCCL INFO Ring 07 : 5 -> 6 -> 7
furious-puma-1:187509:187774 [0] NCCL INFO Tree 18 : -1 -> 0 -> 1/-1/-1
furious-puma-1:187511:187890 [2] NCCL INFO Ring 02 : 1 -> 2 -> 3
furious-puma-1:187516:187730 [7] NCCL INFO Ring 05 : 6 -> 7 -> 0
furious-puma-1:187510:187781 [1] NCCL INFO Tree 14 : 0 -> 1 -> 2/-1/-1
furious-puma-1:187513:187767 [4] NCCL INFO Ring 02 : 3 -> 4 -> 5
furious-puma-1:187512:187870 [3] NCCL INFO Ring 03 : 2 -> 3 -> 4
furious-puma-1:187514:187731 [5] NCCL INFO Ring 06 : 4 -> 5 -> 6
furious-puma-1:187513:187767 [4] NCCL INFO Ring 03 : 3 -> 4 -> 5
furious-puma-1:187509:187774 [0] NCCL INFO Tree 7 : -1 -> 0 -> 1/-1/-1
furious-puma-1:187510:187781 [1] NCCL INFO Tree 3 : 0 -> 1 -> 2/-1/-1
furious-puma-1:187512:187870 [3] NCCL INFO Ring 04 : 2 -> 3 -> 4
furious-puma-1:187513:187767 [4] NCCL INFO Ring 04 : 3 -> 4 -> 5
furious-puma-1:187512:187870 [3] NCCL INFO Ring 05 : 2 -> 3 -> 4
furious-puma-1:187513:187767 [4] NCCL INFO Ring 05 : 3 -> 4 -> 5
furious-puma-1:187512:187870 [3] NCCL INFO Ring 06 : 2 -> 3 -> 4
furious-puma-1:187515:187888 [6] NCCL INFO Ring 08 : 5 -> 6 -> 7
furious-puma-1:187512:187870 [3] NCCL INFO Ring 07 : 2 -> 3 -> 4
furious-puma-1:187515:187888 [6] NCCL INFO Ring 09 : 5 -> 6 -> 7
furious-puma-1:187512:187870 [3] NCCL INFO Ring 08 : 2 -> 3 -> 4
furious-puma-1:187515:187888 [6] NCCL INFO Ring 10 : 5 -> 6 -> 7
furious-puma-1:187512:187870 [3] NCCL INFO Ring 09 : 2 -> 3 -> 4
furious-puma-1:187511:187890 [2] NCCL INFO Ring 03 : 1 -> 2 -> 3
furious-puma-1:187512:187870 [3] NCCL INFO Ring 10 : 2 -> 3 -> 4
furious-puma-1:187516:187730 [7] NCCL INFO Ring 06 : 6 -> 7 -> 0
furious-puma-1:187514:187731 [5] NCCL INFO Ring 07 : 4 -> 5 -> 6
furious-puma-1:187509:187774 [0] NCCL INFO Tree 19 : -1 -> 0 -> 1/-1/-1
furious-puma-1:187512:187870 [3] NCCL INFO Ring 11 : 2 -> 3 -> 4
furious-puma-1:187516:187730 [7] NCCL INFO Ring 07 : 6 -> 7 -> 0
furious-puma-1:187514:187731 [5] NCCL INFO Ring 08 : 4 -> 5 -> 6
furious-puma-1:187509:187774 [0] NCCL INFO Tree 8 : -1 -> 0 -> 1/-1/-1
furious-puma-1:187510:187781 [1] NCCL INFO Tree 15 : 0 -> 1 -> 2/-1/-1
furious-puma-1:187513:187767 [4] NCCL INFO Ring 06 : 3 -> 4 -> 5
furious-puma-1:187514:187731 [5] NCCL INFO Ring 09 : 4 -> 5 -> 6
furious-puma-1:187515:187888 [6] NCCL INFO Ring 11 : 5 -> 6 -> 7
furious-puma-1:187511:187890 [2] NCCL INFO Ring 04 : 1 -> 2 -> 3
furious-puma-1:187512:187870 [3] NCCL INFO Ring 12 : 2 -> 3 -> 4
furious-puma-1:187510:187781 [1] NCCL INFO Tree 4 : 0 -> 1 -> 2/-1/-1
furious-puma-1:187516:187730 [7] NCCL INFO Ring 08 : 6 -> 7 -> 0
furious-puma-1:187509:187774 [0] NCCL INFO Tree 20 : -1 -> 0 -> 1/-1/-1
furious-puma-1:187513:187767 [4] NCCL INFO Ring 07 : 3 -> 4 -> 5
furious-puma-1:187514:187731 [5] NCCL INFO Ring 10 : 4 -> 5 -> 6
furious-puma-1:187510:187781 [1] NCCL INFO Tree 16 : 0 -> 1 -> 2/-1/-1
furious-puma-1:187515:187888 [6] NCCL INFO Ring 12 : 5 -> 6 -> 7
furious-puma-1:187513:187767 [4] NCCL INFO Ring 08 : 3 -> 4 -> 5
furious-puma-1:187511:187890 [2] NCCL INFO Ring 05 : 1 -> 2 -> 3
furious-puma-1:187512:187870 [3] NCCL INFO Ring 13 : 2 -> 3 -> 4
furious-puma-1:187510:187781 [1] NCCL INFO Tree 5 : 0 -> 1 -> 2/-1/-1
furious-puma-1:187513:187767 [4] NCCL INFO Ring 09 : 3 -> 4 -> 5
furious-puma-1:187516:187730 [7] NCCL INFO Ring 09 : 6 -> 7 -> 0
furious-puma-1:187511:187890 [2] NCCL INFO Ring 06 : 1 -> 2 -> 3
furious-puma-1:187509:187774 [0] NCCL INFO Tree 9 : -1 -> 0 -> 1/-1/-1
furious-puma-1:187513:187767 [4] NCCL INFO Ring 10 : 3 -> 4 -> 5
furious-puma-1:187514:187731 [5] NCCL INFO Ring 11 : 4 -> 5 -> 6
furious-puma-1:187509:187774 [0] NCCL INFO Tree 21 : -1 -> 0 -> 1/-1/-1
furious-puma-1:187515:187888 [6] NCCL INFO Ring 13 : 5 -> 6 -> 7
furious-puma-1:187513:187767 [4] NCCL INFO Ring 11 : 3 -> 4 -> 5
furious-puma-1:187514:187731 [5] NCCL INFO Ring 12 : 4 -> 5 -> 6
furious-puma-1:187512:187870 [3] NCCL INFO Ring 14 : 2 -> 3 -> 4
furious-puma-1:187516:187730 [7] NCCL INFO Ring 10 : 6 -> 7 -> 0
furious-puma-1:187510:187781 [1] NCCL INFO Tree 17 : 0 -> 1 -> 2/-1/-1
furious-puma-1:187511:187890 [2] NCCL INFO Ring 07 : 1 -> 2 -> 3
furious-puma-1:187512:187870 [3] NCCL INFO Ring 15 : 2 -> 3 -> 4
furious-puma-1:187509:187774 [0] NCCL INFO Tree 10 : -1 -> 0 -> 1/-1/-1
furious-puma-1:187515:187888 [6] NCCL INFO Ring 14 : 5 -> 6 -> 7
furious-puma-1:187513:187767 [4] NCCL INFO Ring 12 : 3 -> 4 -> 5
furious-puma-1:187514:187731 [5] NCCL INFO Ring 13 : 4 -> 5 -> 6
furious-puma-1:187516:187730 [7] NCCL INFO Ring 11 : 6 -> 7 -> 0
furious-puma-1:187515:187888 [6] NCCL INFO Ring 15 : 5 -> 6 -> 7
furious-puma-1:187514:187731 [5] NCCL INFO Ring 14 : 4 -> 5 -> 6
furious-puma-1:187510:187781 [1] NCCL INFO Tree 6 : 0 -> 1 -> 2/-1/-1
furious-puma-1:187509:187774 [0] NCCL INFO Tree 22 : -1 -> 0 -> 1/-1/-1
furious-puma-1:187512:187870 [3] NCCL INFO Ring 16 : 2 -> 3 -> 4
furious-puma-1:187511:187890 [2] NCCL INFO Ring 08 : 1 -> 2 -> 3
furious-puma-1:187513:187767 [4] NCCL INFO Ring 13 : 3 -> 4 -> 5
furious-puma-1:187516:187730 [7] NCCL INFO Ring 12 : 6 -> 7 -> 0
furious-puma-1:187515:187888 [6] NCCL INFO Ring 16 : 5 -> 6 -> 7
furious-puma-1:187511:187890 [2] NCCL INFO Ring 09 : 1 -> 2 -> 3
furious-puma-1:187514:187731 [5] NCCL INFO Ring 15 : 4 -> 5 -> 6
furious-puma-1:187509:187774 [0] NCCL INFO Tree 11 : -1 -> 0 -> 1/-1/-1
furious-puma-1:187510:187781 [1] NCCL INFO Tree 18 : 0 -> 1 -> 2/-1/-1
furious-puma-1:187512:187870 [3] NCCL INFO Ring 17 : 2 -> 3 -> 4
furious-puma-1:187509:187774 [0] NCCL INFO Tree 23 : -1 -> 0 -> 1/-1/-1
furious-puma-1:187513:187767 [4] NCCL INFO Ring 14 : 3 -> 4 -> 5
furious-puma-1:187510:187781 [1] NCCL INFO Tree 7 : 0 -> 1 -> 2/-1/-1
furious-puma-1:187516:187730 [7] NCCL INFO Ring 13 : 6 -> 7 -> 0
furious-puma-1:187515:187888 [6] NCCL INFO Ring 17 : 5 -> 6 -> 7
furious-puma-1:187511:187890 [2] NCCL INFO Ring 10 : 1 -> 2 -> 3
furious-puma-1:187514:187731 [5] NCCL INFO Ring 16 : 4 -> 5 -> 6
furious-puma-1:187515:187888 [6] NCCL INFO Ring 18 : 5 -> 6 -> 7
furious-puma-1:187512:187870 [3] NCCL INFO Ring 18 : 2 -> 3 -> 4
furious-puma-1:187513:187767 [4] NCCL INFO Ring 15 : 3 -> 4 -> 5
furious-puma-1:187514:187731 [5] NCCL INFO Ring 17 : 4 -> 5 -> 6
furious-puma-1:187516:187730 [7] NCCL INFO Ring 14 : 6 -> 7 -> 0
furious-puma-1:187512:187870 [3] NCCL INFO Ring 19 : 2 -> 3 -> 4
furious-puma-1:187513:187767 [4] NCCL INFO Ring 16 : 3 -> 4 -> 5
furious-puma-1:187516:187730 [7] NCCL INFO Ring 15 : 6 -> 7 -> 0
furious-puma-1:187510:187781 [1] NCCL INFO Tree 19 : 0 -> 1 -> 2/-1/-1
furious-puma-1:187512:187870 [3] NCCL INFO Ring 20 : 2 -> 3 -> 4
furious-puma-1:187513:187767 [4] NCCL INFO Ring 17 : 3 -> 4 -> 5
furious-puma-1:187516:187730 [7] NCCL INFO Ring 16 : 6 -> 7 -> 0
furious-puma-1:187511:187890 [2] NCCL INFO Ring 11 : 1 -> 2 -> 3
furious-puma-1:187513:187767 [4] NCCL INFO Ring 18 : 3 -> 4 -> 5
furious-puma-1:187509:187774 [0] NCCL INFO Channel 00/24 : 0 1 2 3 4 5 6 7
furious-puma-1:187515:187888 [6] NCCL INFO Ring 19 : 5 -> 6 -> 7
furious-puma-1:187514:187731 [5] NCCL INFO Ring 18 : 4 -> 5 -> 6
furious-puma-1:187512:187870 [3] NCCL INFO Ring 21 : 2 -> 3 -> 4
furious-puma-1:187510:187781 [1] NCCL INFO Tree 8 : 0 -> 1 -> 2/-1/-1
furious-puma-1:187516:187730 [7] NCCL INFO Ring 17 : 6 -> 7 -> 0
furious-puma-1:187511:187890 [2] NCCL INFO Ring 12 : 1 -> 2 -> 3
furious-puma-1:187513:187767 [4] NCCL INFO Ring 19 : 3 -> 4 -> 5
furious-puma-1:187516:187730 [7] NCCL INFO Ring 18 : 6 -> 7 -> 0
furious-puma-1:187515:187888 [6] NCCL INFO Ring 20 : 5 -> 6 -> 7
furious-puma-1:187509:187774 [0] NCCL INFO Channel 01/24 : 0 1 2 3 4 5 6 7
furious-puma-1:187514:187731 [5] NCCL INFO Ring 19 : 4 -> 5 -> 6
furious-puma-1:187512:187870 [3] NCCL INFO Ring 22 : 2 -> 3 -> 4
furious-puma-1:187510:187781 [1] NCCL INFO Tree 20 : 0 -> 1 -> 2/-1/-1
furious-puma-1:187511:187890 [2] NCCL INFO Ring 13 : 1 -> 2 -> 3
furious-puma-1:187513:187767 [4] NCCL INFO Ring 20 : 3 -> 4 -> 5
furious-puma-1:187516:187730 [7] NCCL INFO Ring 19 : 6 -> 7 -> 0
furious-puma-1:187515:187888 [6] NCCL INFO Ring 21 : 5 -> 6 -> 7
furious-puma-1:187509:187774 [0] NCCL INFO Channel 02/24 : 0 1 2 3 4 5 6 7
furious-puma-1:187514:187731 [5] NCCL INFO Ring 20 : 4 -> 5 -> 6
furious-puma-1:187512:187870 [3] NCCL INFO Ring 23 : 2 -> 3 -> 4
furious-puma-1:187510:187781 [1] NCCL INFO Tree 9 : 0 -> 1 -> 2/-1/-1
furious-puma-1:187511:187890 [2] NCCL INFO Ring 14 : 1 -> 2 -> 3
furious-puma-1:187513:187767 [4] NCCL INFO Ring 21 : 3 -> 4 -> 5
furious-puma-1:187516:187730 [7] NCCL INFO Ring 20 : 6 -> 7 -> 0
furious-puma-1:187515:187888 [6] NCCL INFO Ring 22 : 5 -> 6 -> 7
furious-puma-1:187510:187781 [1] NCCL INFO Tree 21 : 0 -> 1 -> 2/-1/-1
furious-puma-1:187509:187774 [0] NCCL INFO Channel 03/24 : 0 1 2 3 4 5 6 7
furious-puma-1:187514:187731 [5] NCCL INFO Ring 21 : 4 -> 5 -> 6
furious-puma-1:187512:187870 [3] NCCL INFO Trees [0] 4/-1/-1->3->2 [1] 4/-1/-1->3->2 [2] 4/-1/-1->3->2 [3] 4/-1/-1->3->2 [4] 4/-1/-1->3->2 [5] 4/-1/-1->3->2 [6] 4/-1/-1->3->2 [7] 4/-1/-1->3->2 [8] 4/-1/-1->3->2 [9] 4/-1/-1->3->2 [10] 4/-1/-1->3->2 [11] 4/-1/-1->3->2 [12] 4/-1/-1->3->2 [13] 4/-1/-1->3->2 [14] 4/-1/-1->3->2 [15] 4/-1/-1->3->2 [16] 4/-1/-1->3->2 [17] 4/-1/-1->3->2 [18] 4/-1/-1->3->2 [19] 4/-1/-1->3->2 [20] 4/-1/-1->3->2 [21] 4/-1/-1->3->2 [22] 4/-1/-1->3->2 [23] 4/-1/-1->3->2
furious-puma-1:187509:187774 [0] NCCL INFO Channel 04/24 : 0 1 2 3 4 5 6 7
furious-puma-1:187511:187890 [2] NCCL INFO Ring 15 : 1 -> 2 -> 3
furious-puma-1:187513:187767 [4] NCCL INFO Ring 22 : 3 -> 4 -> 5
furious-puma-1:187509:187774 [0] NCCL INFO Channel 05/24 : 0 1 2 3 4 5 6 7
furious-puma-1:187516:187730 [7] NCCL INFO Ring 21 : 6 -> 7 -> 0
furious-puma-1:187511:187890 [2] NCCL INFO Ring 16 : 1 -> 2 -> 3
furious-puma-1:187515:187888 [6] NCCL INFO Ring 23 : 5 -> 6 -> 7
furious-puma-1:187510:187781 [1] NCCL INFO Tree 10 : 0 -> 1 -> 2/-1/-1
furious-puma-1:187514:187731 [5] NCCL INFO Ring 22 : 4 -> 5 -> 6
furious-puma-1:187512:187870 [3] NCCL INFO P2P Chunksize set to 524288
furious-puma-1:187515:187888 [6] NCCL INFO Trees [0] 7/-1/-1->6->5 [1] 7/-1/-1->6->5 [2] 7/-1/-1->6->5 [3] 7/-1/-1->6->5 [4] 7/-1/-1->6->5 [5] 7/-1/-1->6->5 [6] 7/-1/-1->6->5 [7] 7/-1/-1->6->5 [8] 7/-1/-1->6->5 [9] 7/-1/-1->6->5 [10] 7/-1/-1->6->5 [11] 7/-1/-1->6->5 [12] 7/-1/-1->6->5 [13] 7/-1/-1->6->5 [14] 7/-1/-1->6->5 [15] 7/-1/-1->6->5 [16] 7/-1/-1->6->5 [17] 7/-1/-1->6->5 [18] 7/-1/-1->6->5 [19] 7/-1/-1->6->5 [20] 7/-1/-1->6->5 [21] 7/-1/-1->6->5 [22] 7/-1/-1->6->5 [23] 7/-1/-1->6->5
furious-puma-1:187511:187890 [2] NCCL INFO Ring 17 : 1 -> 2 -> 3
furious-puma-1:187513:187767 [4] NCCL INFO Ring 23 : 3 -> 4 -> 5
furious-puma-1:187509:187774 [0] NCCL INFO Channel 06/24 : 0 1 2 3 4 5 6 7
furious-puma-1:187516:187730 [7] NCCL INFO Ring 22 : 6 -> 7 -> 0
furious-puma-1:187514:187731 [5] NCCL INFO Ring 23 : 4 -> 5 -> 6
furious-puma-1:187515:187888 [6] NCCL INFO P2P Chunksize set to 524288
furious-puma-1:187510:187781 [1] NCCL INFO Tree 22 : 0 -> 1 -> 2/-1/-1
furious-puma-1:187516:187730 [7] NCCL INFO Ring 23 : 6 -> 7 -> 0
furious-puma-1:187513:187767 [4] NCCL INFO Trees [0] 5/-1/-1->4->3 [1] 5/-1/-1->4->3 [2] 5/-1/-1->4->3 [3] 5/-1/-1->4->3 [4] 5/-1/-1->4->3 [5] 5/-1/-1->4->3 [6] 5/-1/-1->4->3 [7] 5/-1/-1->4->3 [8] 5/-1/-1->4->3 [9] 5/-1/-1->4->3 [10] 5/-1/-1->4->3 [11] 5/-1/-1->4->3 [12] 5/-1/-1->4->3 [13] 5/-1/-1->4->3 [14] 5/-1/-1->4->3 [15] 5/-1/-1->4->3 [16] 5/-1/-1->4->3 [17] 5/-1/-1->4->3 [18] 5/-1/-1->4->3 [19] 5/-1/-1->4->3 [20] 5/-1/-1->4->3 [21] 5/-1/-1->4->3 [22] 5/-1/-1->4->3 [23] 5/-1/-1->4->3
furious-puma-1:187511:187890 [2] NCCL INFO Ring 18 : 1 -> 2 -> 3
furious-puma-1:187509:187774 [0] NCCL INFO Channel 07/24 : 0 1 2 3 4 5 6 7
furious-puma-1:187514:187731 [5] NCCL INFO Trees [0] 6/-1/-1->5->4 [1] 6/-1/-1->5->4 [2] 6/-1/-1->5->4 [3] 6/-1/-1->5->4 [4] 6/-1/-1->5->4 [5] 6/-1/-1->5->4 [6] 6/-1/-1->5->4 [7] 6/-1/-1->5->4 [8] 6/-1/-1->5->4 [9] 6/-1/-1->5->4 [10] 6/-1/-1->5->4 [11] 6/-1/-1->5->4 [12] 6/-1/-1->5->4 [13] 6/-1/-1->5->4 [14] 6/-1/-1->5->4 [15] 6/-1/-1->5->4 [16] 6/-1/-1->5->4 [17] 6/-1/-1->5->4 [18] 6/-1/-1->5->4 [19] 6/-1/-1->5->4 [20] 6/-1/-1->5->4 [21] 6/-1/-1->5->4 [22] 6/-1/-1->5->4 [23] 6/-1/-1->5->4
furious-puma-1:187516:187730 [7] NCCL INFO Trees [0] -1/-1/-1->7->6 [1] -1/-1/-1->7->6 [2] -1/-1/-1->7->6 [3] -1/-1/-1->7->6 [4] -1/-1/-1->7->6 [5] -1/-1/-1->7->6 [6] -1/-1/-1->7->6 [7] -1/-1/-1->7->6 [8] -1/-1/-1->7->6 [9] -1/-1/-1->7->6 [10] -1/-1/-1->7->6 [11] -1/-1/-1->7->6 [12] -1/-1/-1->7->6 [13] -1/-1/-1->7->6 [14] -1/-1/-1->7->6 [15] -1/-1/-1->7->6 [16] -1/-1/-1->7->6 [17] -1/-1/-1->7->6 [18] -1/-1/-1->7->6 [19] -1/-1/-1->7->6 [20] -1/-1/-1->7->6 [21] -1/-1/-1->7->6 [22] -1/-1/-1->7->6 [23] -1/-1/-1->7->6
furious-puma-1:187509:187774 [0] NCCL INFO Channel 08/24 : 0 1 2 3 4 5 6 7
furious-puma-1:187510:187781 [1] NCCL INFO Tree 11 : 0 -> 1 -> 2/-1/-1
furious-puma-1:187514:187731 [5] NCCL INFO P2P Chunksize set to 524288
furious-puma-1:187513:187767 [4] NCCL INFO P2P Chunksize set to 524288
furious-puma-1:187511:187890 [2] NCCL INFO Ring 19 : 1 -> 2 -> 3
furious-puma-1:187516:187730 [7] NCCL INFO P2P Chunksize set to 524288
furious-puma-1:187509:187774 [0] NCCL INFO Channel 09/24 : 0 1 2 3 4 5 6 7
furious-puma-1:187510:187781 [1] NCCL INFO Tree 23 : 0 -> 1 -> 2/-1/-1
furious-puma-1:187511:187890 [2] NCCL INFO Ring 20 : 1 -> 2 -> 3
furious-puma-1:187509:187774 [0] NCCL INFO Channel 10/24 : 0 1 2 3 4 5 6 7
furious-puma-1:187511:187890 [2] NCCL INFO Ring 21 : 1 -> 2 -> 3
furious-puma-1:187509:187774 [0] NCCL INFO Channel 11/24 : 0 1 2 3 4 5 6 7
furious-puma-1:187509:187774 [0] NCCL INFO Channel 12/24 : 0 1 2 3 4 5 6 7
furious-puma-1:187511:187890 [2] NCCL INFO Ring 22 : 1 -> 2 -> 3
furious-puma-1:187509:187774 [0] NCCL INFO Channel 13/24 : 0 1 2 3 4 5 6 7
furious-puma-1:187511:187890 [2] NCCL INFO Ring 23 : 1 -> 2 -> 3
furious-puma-1:187509:187774 [0] NCCL INFO Channel 14/24 : 0 1 2 3 4 5 6 7
furious-puma-1:187511:187890 [2] NCCL INFO Trees [0] 3/-1/-1->2->1 [1] 3/-1/-1->2->1 [2] 3/-1/-1->2->1 [3] 3/-1/-1->2->1 [4] 3/-1/-1->2->1 [5] 3/-1/-1->2->1 [6] 3/-1/-1->2->1 [7] 3/-1/-1->2->1 [8] 3/-1/-1->2->1 [9] 3/-1/-1->2->1 [10] 3/-1/-1->2->1 [11] 3/-1/-1->2->1 [12] 3/-1/-1->2->1 [13] 3/-1/-1->2->1 [14] 3/-1/-1->2->1 [15] 3/-1/-1->2->1 [16] 3/-1/-1->2->1 [17] 3/-1/-1->2->1 [18] 3/-1/-1->2->1 [19] 3/-1/-1->2->1 [20] 3/-1/-1->2->1 [21] 3/-1/-1->2->1 [22] 3/-1/-1->2->1 [23] 3/-1/-1->2->1
furious-puma-1:187509:187774 [0] NCCL INFO Channel 15/24 : 0 1 2 3 4 5 6 7
furious-puma-1:187511:187890 [2] NCCL INFO P2P Chunksize set to 524288
furious-puma-1:187509:187774 [0] NCCL INFO Channel 16/24 : 0 1 2 3 4 5 6 7
furious-puma-1:187509:187774 [0] NCCL INFO Channel 17/24 : 0 1 2 3 4 5 6 7
furious-puma-1:187509:187774 [0] NCCL INFO Channel 18/24 : 0 1 2 3 4 5 6 7
furious-puma-1:187510:187781 [1] NCCL INFO Ring 00 : 0 -> 1 -> 2
furious-puma-1:187509:187774 [0] NCCL INFO Channel 19/24 : 0 1 2 3 4 5 6 7
furious-puma-1:187510:187781 [1] NCCL INFO Ring 01 : 0 -> 1 -> 2
furious-puma-1:187509:187774 [0] NCCL INFO Channel 20/24 : 0 1 2 3 4 5 6 7
furious-puma-1:187510:187781 [1] NCCL INFO Ring 02 : 0 -> 1 -> 2
furious-puma-1:187509:187774 [0] NCCL INFO Channel 21/24 : 0 1 2 3 4 5 6 7
furious-puma-1:187509:187774 [0] NCCL INFO Channel 22/24 : 0 1 2 3 4 5 6 7
furious-puma-1:187510:187781 [1] NCCL INFO Ring 03 : 0 -> 1 -> 2
furious-puma-1:187509:187774 [0] NCCL INFO Channel 23/24 : 0 1 2 3 4 5 6 7
furious-puma-1:187510:187781 [1] NCCL INFO Ring 04 : 0 -> 1 -> 2
furious-puma-1:187509:187774 [0] NCCL INFO Ring 00 : 7 -> 0 -> 1
furious-puma-1:187510:187781 [1] NCCL INFO Ring 05 : 0 -> 1 -> 2
furious-puma-1:187509:187774 [0] NCCL INFO Ring 01 : 7 -> 0 -> 1
furious-puma-1:187510:187781 [1] NCCL INFO Ring 06 : 0 -> 1 -> 2
furious-puma-1:187509:187774 [0] NCCL INFO Ring 02 : 7 -> 0 -> 1
furious-puma-1:187509:187774 [0] NCCL INFO Ring 03 : 7 -> 0 -> 1
furious-puma-1:187510:187781 [1] NCCL INFO Ring 07 : 0 -> 1 -> 2
furious-puma-1:187509:187774 [0] NCCL INFO Ring 04 : 7 -> 0 -> 1
furious-puma-1:187509:187774 [0] NCCL INFO Ring 05 : 7 -> 0 -> 1
furious-puma-1:187510:187781 [1] NCCL INFO Ring 08 : 0 -> 1 -> 2
furious-puma-1:187509:187774 [0] NCCL INFO Ring 06 : 7 -> 0 -> 1
furious-puma-1:187510:187781 [1] NCCL INFO Ring 09 : 0 -> 1 -> 2
furious-puma-1:187509:187774 [0] NCCL INFO Ring 07 : 7 -> 0 -> 1
furious-puma-1:187509:187774 [0] NCCL INFO Ring 08 : 7 -> 0 -> 1
furious-puma-1:187510:187781 [1] NCCL INFO Ring 10 : 0 -> 1 -> 2
furious-puma-1:187509:187774 [0] NCCL INFO Ring 09 : 7 -> 0 -> 1
furious-puma-1:187509:187774 [0] NCCL INFO Ring 10 : 7 -> 0 -> 1
furious-puma-1:187510:187781 [1] NCCL INFO Ring 11 : 0 -> 1 -> 2
furious-puma-1:187509:187774 [0] NCCL INFO Ring 11 : 7 -> 0 -> 1
furious-puma-1:187509:187774 [0] NCCL INFO Ring 12 : 7 -> 0 -> 1
furious-puma-1:187510:187781 [1] NCCL INFO Ring 12 : 0 -> 1 -> 2
furious-puma-1:187509:187774 [0] NCCL INFO Ring 13 : 7 -> 0 -> 1
furious-puma-1:187509:187774 [0] NCCL INFO Ring 14 : 7 -> 0 -> 1
furious-puma-1:187510:187781 [1] NCCL INFO Ring 13 : 0 -> 1 -> 2
furious-puma-1:187509:187774 [0] NCCL INFO Ring 15 : 7 -> 0 -> 1
furious-puma-1:187509:187774 [0] NCCL INFO Ring 16 : 7 -> 0 -> 1
furious-puma-1:187510:187781 [1] NCCL INFO Ring 14 : 0 -> 1 -> 2
furious-puma-1:187509:187774 [0] NCCL INFO Ring 17 : 7 -> 0 -> 1
furious-puma-1:187509:187774 [0] NCCL INFO Ring 18 : 7 -> 0 -> 1
furious-puma-1:187510:187781 [1] NCCL INFO Ring 15 : 0 -> 1 -> 2
furious-puma-1:187509:187774 [0] NCCL INFO Ring 19 : 7 -> 0 -> 1
furious-puma-1:187510:187781 [1] NCCL INFO Ring 16 : 0 -> 1 -> 2
furious-puma-1:187509:187774 [0] NCCL INFO Ring 20 : 7 -> 0 -> 1
furious-puma-1:187509:187774 [0] NCCL INFO Ring 21 : 7 -> 0 -> 1
furious-puma-1:187510:187781 [1] NCCL INFO Ring 17 : 0 -> 1 -> 2
furious-puma-1:187509:187774 [0] NCCL INFO Ring 22 : 7 -> 0 -> 1
furious-puma-1:187509:187774 [0] NCCL INFO Ring 23 : 7 -> 0 -> 1
furious-puma-1:187510:187781 [1] NCCL INFO Ring 18 : 0 -> 1 -> 2
furious-puma-1:187509:187774 [0] NCCL INFO Trees [0] 1/-1/-1->0->-1 [1] 1/-1/-1->0->-1 [2] 1/-1/-1->0->-1 [3] 1/-1/-1->0->-1 [4] 1/-1/-1->0->-1 [5] 1/-1/-1->0->-1 [6] 1/-1/-1->0->-1 [7] 1/-1/-1->0->-1 [8] 1/-1/-1->0->-1 [9] 1/-1/-1->0->-1 [10] 1/-1/-1->0->-1 [11] 1/-1/-1->0->-1 [12] 1/-1/-1->0->-1 [13] 1/-1/-1->0->-1 [14] 1/-1/-1->0->-1 [15] 1/-1/-1->0->-1 [16] 1/-1/-1->0->-1 [17] 1/-1/-1->0->-1 [18] 1/-1/-1->0->-1 [19] 1/-1/-1->0->-1 [20] 1/-1/-1->0->-1 [21] 1/-1/-1->0->-1 [22] 1/-1/-1->0->-1 [23] 1/-1/-1->0->-1
furious-puma-1:187509:187774 [0] NCCL INFO P2P Chunksize set to 524288
furious-puma-1:187510:187781 [1] NCCL INFO Ring 19 : 0 -> 1 -> 2
furious-puma-1:187510:187781 [1] NCCL INFO Ring 20 : 0 -> 1 -> 2
furious-puma-1:187510:187781 [1] NCCL INFO Ring 21 : 0 -> 1 -> 2
furious-puma-1:187510:187781 [1] NCCL INFO Ring 22 : 0 -> 1 -> 2
furious-puma-1:187510:187781 [1] NCCL INFO Ring 23 : 0 -> 1 -> 2
furious-puma-1:187510:187781 [1] NCCL INFO Trees [0] 2/-1/-1->1->0 [1] 2/-1/-1->1->0 [2] 2/-1/-1->1->0 [3] 2/-1/-1->1->0 [4] 2/-1/-1->1->0 [5] 2/-1/-1->1->0 [6] 2/-1/-1->1->0 [7] 2/-1/-1->1->0 [8] 2/-1/-1->1->0 [9] 2/-1/-1->1->0 [10] 2/-1/-1->1->0 [11] 2/-1/-1->1->0 [12] 2/-1/-1->1->0 [13] 2/-1/-1->1->0 [14] 2/-1/-1->1->0 [15] 2/-1/-1->1->0 [16] 2/-1/-1->1->0 [17] 2/-1/-1->1->0 [18] 2/-1/-1->1->0 [19] 2/-1/-1->1->0 [20] 2/-1/-1->1->0 [21] 2/-1/-1->1->0 [22] 2/-1/-1->1->0 [23] 2/-1/-1->1->0
furious-puma-1:187510:187781 [1] NCCL INFO P2P Chunksize set to 524288
furious-puma-1:187512:187870 [3] NCCL INFO PROFILER/Plugin: Could not find: libnccl-profiler.so. 
furious-puma-1:187512:187945 [3] NCCL INFO [Proxy Service] Device 3 CPU core 50
furious-puma-1:187512:187946 [3] NCCL INFO [Proxy Service UDS] Device 3 CPU core 53
furious-puma-1:187515:187888 [6] NCCL INFO PROFILER/Plugin: Could not find: libnccl-profiler.so. 
furious-puma-1:187515:187948 [6] NCCL INFO [Proxy Service UDS] Device 6 CPU core 83
furious-puma-1:187515:187947 [6] NCCL INFO [Proxy Service] Device 6 CPU core 82
furious-puma-1:187513:187767 [4] NCCL INFO PROFILER/Plugin: Could not find: libnccl-profiler.so. 
furious-puma-1:187513:187949 [4] NCCL INFO [Proxy Service] Device 4 CPU core 95
furious-puma-1:187513:187950 [4] NCCL INFO [Proxy Service UDS] Device 4 CPU core 96
furious-puma-1:187509:187774 [0] NCCL INFO PROFILER/Plugin: Could not find: libnccl-profiler.so. 
furious-puma-1:187509:187774 [0] NCCL INFO Check P2P Type isAllDirectP2p 1 directMode 0
furious-puma-1:187514:187731 [5] NCCL INFO PROFILER/Plugin: Could not find: libnccl-profiler.so. 
furious-puma-1:187509:187952 [0] NCCL INFO [Proxy Service UDS] Device 0 CPU core 7
furious-puma-1:187509:187951 [0] NCCL INFO [Proxy Service] Device 0 CPU core 6
furious-puma-1:187514:187953 [5] NCCL INFO [Proxy Service] Device 5 CPU core 92
furious-puma-1:187514:187954 [5] NCCL INFO [Proxy Service UDS] Device 5 CPU core 152
furious-puma-1:187511:187890 [2] NCCL INFO PROFILER/Plugin: Could not find: libnccl-profiler.so. 
furious-puma-1:187511:187956 [2] NCCL INFO [Proxy Service UDS] Device 2 CPU core 56
furious-puma-1:187511:187955 [2] NCCL INFO [Proxy Service] Device 2 CPU core 54
furious-puma-1:187510:187781 [1] NCCL INFO PROFILER/Plugin: Could not find: libnccl-profiler.so. 
furious-puma-1:187510:187957 [1] NCCL INFO [Proxy Service] Device 1 CPU core 8
furious-puma-1:187510:187958 [1] NCCL INFO [Proxy Service UDS] Device 1 CPU core 9
furious-puma-1:187516:187730 [7] NCCL INFO PROFILER/Plugin: Could not find: libnccl-profiler.so. 
furious-puma-1:187516:187959 [7] NCCL INFO [Proxy Service] Device 7 CPU core 151
furious-puma-1:187516:187960 [7] NCCL INFO [Proxy Service UDS] Device 7 CPU core 153
furious-puma-1:187509:187774 [0] NCCL INFO threadThresholds 8/8/64 | 64/8/64 | 512 | 512
furious-puma-1:187509:187774 [0] NCCL INFO 24 coll channels, 24 collnet channels, 16 nvls channels, 32 p2p channels, 32 p2p channels per peer
furious-puma-1:187516:187730 [7] NCCL INFO threadThresholds 8/8/64 | 64/8/64 | 512 | 512
furious-puma-1:187514:187731 [5] NCCL INFO threadThresholds 8/8/64 | 64/8/64 | 512 | 512
furious-puma-1:187514:187731 [5] NCCL INFO 24 coll channels, 24 collnet channels, 16 nvls channels, 32 p2p channels, 32 p2p channels per peer
furious-puma-1:187516:187730 [7] NCCL INFO 24 coll channels, 24 collnet channels, 16 nvls channels, 32 p2p channels, 32 p2p channels per peer
furious-puma-1:187515:187888 [6] NCCL INFO threadThresholds 8/8/64 | 64/8/64 | 512 | 512
furious-puma-1:187515:187888 [6] NCCL INFO 24 coll channels, 24 collnet channels, 16 nvls channels, 32 p2p channels, 32 p2p channels per peer
furious-puma-1:187509:187774 [0] NCCL INFO CC Off, workFifoBytes 1048576
furious-puma-1:187513:187767 [4] NCCL INFO threadThresholds 8/8/64 | 64/8/64 | 512 | 512
furious-puma-1:187513:187767 [4] NCCL INFO 24 coll channels, 24 collnet channels, 16 nvls channels, 32 p2p channels, 32 p2p channels per peer
furious-puma-1:187510:187781 [1] NCCL INFO threadThresholds 8/8/64 | 64/8/64 | 512 | 512
furious-puma-1:187510:187781 [1] NCCL INFO 24 coll channels, 24 collnet channels, 16 nvls channels, 32 p2p channels, 32 p2p channels per peer
furious-puma-1:187511:187890 [2] NCCL INFO threadThresholds 8/8/64 | 64/8/64 | 512 | 512
furious-puma-1:187511:187890 [2] NCCL INFO 24 coll channels, 24 collnet channels, 16 nvls channels, 32 p2p channels, 32 p2p channels per peer
furious-puma-1:187512:187870 [3] NCCL INFO threadThresholds 8/8/64 | 64/8/64 | 512 | 512
furious-puma-1:187512:187870 [3] NCCL INFO 24 coll channels, 24 collnet channels, 16 nvls channels, 32 p2p channels, 32 p2p channels per peer
furious-puma-1:187514:187731 [5] NCCL INFO TUNER/Plugin: Could not find: libnccl-tuner.so. Using internal tuner plugin.
furious-puma-1:187514:187731 [5] NCCL INFO ncclCommInitRankConfig comm 0x3324efb0 rank 5 nranks 8 cudaDev 5 nvmlDev 5 busId cf000 commId 0xc32615f792baeea0 - Init COMPLETE
furious-puma-1:187514:187731 [5] NCCL INFO Init timings - ncclCommInitRankConfig: rank 5 nranks 8 total 2.71 (kernels 0.58, alloc 0.37, bootstrap 1.32, allgathers 0.01, topo 0.06, graphs 0.01, connections 0.30, rest 0.05)
furious-puma-1:187513:187767 [4] NCCL INFO TUNER/Plugin: Could not find: libnccl-tuner.so. Using internal tuner plugin.
furious-puma-1:187513:187767 [4] NCCL INFO ncclCommInitRankConfig comm 0x39f12ac0 rank 4 nranks 8 cudaDev 4 nvmlDev 4 busId bf000 commId 0xc32615f792baeea0 - Init COMPLETE
furious-puma-1:187512:187870 [3] NCCL INFO TUNER/Plugin: Could not find: libnccl-tuner.so. Using internal tuner plugin.
furious-puma-1:187513:187767 [4] NCCL INFO Init timings - ncclCommInitRankConfig: rank 4 nranks 8 total 2.27 (kernels 0.75, alloc 0.23, bootstrap 0.86, allgathers 0.01, topo 0.06, graphs 0.01, connections 0.31, rest 0.05)
furious-puma-1:187512:187870 [3] NCCL INFO ncclCommInitRankConfig comm 0x36dcb870 rank 3 nranks 8 cudaDev 3 nvmlDev 3 busId af000 commId 0xc32615f792baeea0 - Init COMPLETE
furious-puma-1:187512:187870 [3] NCCL INFO Init timings - ncclCommInitRankConfig: rank 3 nranks 8 total 1.55 (kernels 0.56, alloc 0.15, bootstrap 0.40, allgathers 0.00, topo 0.06, graphs 0.02, connections 0.31, rest 0.04)
furious-puma-1:187510:187781 [1] NCCL INFO TUNER/Plugin: Could not find: libnccl-tuner.so. Using internal tuner plugin.
furious-puma-1:187510:187781 [1] NCCL INFO ncclCommInitRankConfig comm 0x2c6e1970 rank 1 nranks 8 cudaDev 1 nvmlDev 1 busId 8f000 commId 0xc32615f792baeea0 - Init COMPLETE
furious-puma-1:187510:187781 [1] NCCL INFO Init timings - ncclCommInitRankConfig: rank 1 nranks 8 total 2.14 (kernels 0.56, alloc 0.45, bootstrap 0.70, allgathers 0.00, topo 0.06, graphs 0.02, connections 0.30, rest 0.05)
furious-puma-1:187516:187730 [7] NCCL INFO TUNER/Plugin: Could not find: libnccl-tuner.so. Using internal tuner plugin.
furious-puma-1:187516:187730 [7] NCCL INFO ncclCommInitRankConfig comm 0x2656c1c0 rank 7 nranks 8 cudaDev 7 nvmlDev 7 busId ef000 commId 0xc32615f792baeea0 - Init COMPLETE
furious-puma-1:187516:187730 [7] NCCL INFO Init timings - ncclCommInitRankConfig: rank 7 nranks 8 total 2.71 (kernels 0.59, alloc 0.35, bootstrap 1.34, allgathers 0.01, topo 0.06, graphs 0.01, connections 0.30, rest 0.06)
furious-puma-1:187515:187888 [6] NCCL INFO TUNER/Plugin: Could not find: libnccl-tuner.so. Using internal tuner plugin.
furious-puma-1:187515:187888 [6] NCCL INFO ncclCommInitRankConfig comm 0x3b22b7a0 rank 6 nranks 8 cudaDev 6 nvmlDev 6 busId df000 commId 0xc32615f792baeea0 - Init COMPLETE
furious-puma-1:187515:187888 [6] NCCL INFO Init timings - ncclCommInitRankConfig: rank 6 nranks 8 total 1.13 (kernels 0.46, alloc 0.24, bootstrap 0.00, allgathers 0.01, topo 0.06, graphs 0.01, connections 0.31, rest 0.05)
furious-puma-1:187509:187774 [0] NCCL INFO TUNER/Plugin: Could not find: libnccl-tuner.so. Using internal tuner plugin.
furious-puma-1:187509:187774 [0] NCCL INFO ncclCommInitRankConfig comm 0x358369c0 rank 0 nranks 8 cudaDev 0 nvmlDev 0 busId 7f000 commId 0xc32615f792baeea0 - Init COMPLETE
furious-puma-1:187509:187774 [0] NCCL INFO Init timings - ncclCommInitRankConfig: rank 0 nranks 8 total 2.20 (kernels 0.81, alloc 0.26, bootstrap 0.70, allgathers 0.01, topo 0.06, graphs 0.01, connections 0.30, rest 0.05)
furious-puma-1:187511:187890 [2] NCCL INFO TUNER/Plugin: Could not find: libnccl-tuner.so. Using internal tuner plugin.
furious-puma-1:187511:187890 [2] NCCL INFO ncclCommInitRankConfig comm 0x1ebb4c50 rank 2 nranks 8 cudaDev 2 nvmlDev 2 busId 9f000 commId 0xc32615f792baeea0 - Init COMPLETE
furious-puma-1:187511:187890 [2] NCCL INFO Init timings - ncclCommInitRankConfig: rank 2 nranks 8 total 1.06 (kernels 0.37, alloc 0.25, bootstrap 0.01, allgathers 0.00, topo 0.06, graphs 0.02, connections 0.30, rest 0.05)
This prints only on the main process!
CUDA available: True
GPU count: 8
BF16 supported: True
CUDA_DEVICES: 0,1,2,3,4,5,6,7
CONFIG_FILE: examples/ALI/accelerate_configs/deepspeed_zero3.yaml
TRAIN_SCRIPT: examples/ALI/scripts/train_ft_sft_main10.py
PROJECT_NAME: phd_deepspeed_zero3_8_bs_4_8b
n_GPUs: 8
loading configuration file config.json from cache at /home/ubuntu/.cache/huggingface/transformers/models--meta-llama--Llama-3.1-8B-Instruct/snapshots/0e9e39f249a16976918f6564b8830bc894c89659/config.json
loading configuration file config.json from cache at /home/ubuntu/.cache/huggingface/transformers/models--meta-llama--Llama-3.1-8B-Instruct/snapshots/0e9e39f249a16976918f6564b8830bc894c89659/config.json
Model config LlamaConfig {
  "architectures": [
    "LlamaForCausalLM"
  ],
  "attention_bias": false,
  "attention_dropout": 0.0,
  "bos_token_id": 128000,
  "dtype": "bfloat16",
  "eos_token_id": [
    128001,
    128008,
    128009
  ],
  "head_dim": 128,
  "hidden_act": "silu",
  "hidden_size": 4096,
  "initializer_range": 0.02,
  "intermediate_size": 14336,
  "max_position_embeddings": 131072,
  "mlp_bias": false,
  "model_type": "llama",
  "num_attention_heads": 32,
  "num_hidden_layers": 32,
  "num_key_value_heads": 8,
  "pretraining_tp": 1,
  "rms_norm_eps": 1e-05,
  "rope_scaling": {
    "factor": 8.0,
    "high_freq_factor": 4.0,
    "low_freq_factor": 1.0,
    "original_max_position_embeddings": 8192,
    "rope_type": "llama3"
  },
  "rope_theta": 500000.0,
  "tie_word_embeddings": false,
  "transformers_version": "4.57.3",
  "use_cache": true,
  "vocab_size": 128256
}

Model config LlamaConfig {
  "architectures": [
    "LlamaForCausalLM"
  ],
  "attention_bias": false,
  "attention_dropout": 0.0,
  "bos_token_id": 128000,
  "dtype": "bfloat16",
  "eos_token_id": [
    128001,
    128008,
    128009
  ],
  "head_dim": 128,
  "hidden_act": "silu",
  "hidden_size": 4096,
  "initializer_range": 0.02,
  "intermediate_size": 14336,
  "max_position_embeddings": 131072,
  "mlp_bias": false,
  "model_type": "llama",
  "num_attention_heads": 32,
  "num_hidden_layers": 32,
  "num_key_value_heads": 8,
  "pretraining_tp": 1,
  "rms_norm_eps": 1e-05,
  "rope_scaling": {
    "factor": 8.0,
    "high_freq_factor": 4.0,
    "low_freq_factor": 1.0,
    "original_max_position_embeddings": 8192,
    "rope_type": "llama3"
  },
  "rope_theta": 500000.0,
  "tie_word_embeddings": false,
  "transformers_version": "4.57.3",
  "use_cache": true,
  "vocab_size": 128256
}

loading configuration file config.json from cache at /home/ubuntu/.cache/huggingface/transformers/models--meta-llama--Llama-3.1-8B-Instruct/snapshots/0e9e39f249a16976918f6564b8830bc894c89659/config.json
loading weights file model.safetensors from cache at /home/ubuntu/.cache/huggingface/transformers/models--meta-llama--Llama-3.1-8B-Instruct/snapshots/0e9e39f249a16976918f6564b8830bc894c89659/model.safetensors.index.json
Detected DeepSpeed ZeRO-3: activating zero.init() for this model
Model config LlamaConfig {
  "architectures": [
    "LlamaForCausalLM"
  ],
  "attention_bias": false,
  "attention_dropout": 0.0,
  "bos_token_id": 128000,
  "dtype": "bfloat16",
  "eos_token_id": [
    128001,
    128008,
    128009
  ],
  "head_dim": 128,
  "hidden_act": "silu",
  "hidden_size": 4096,
  "initializer_range": 0.02,
  "intermediate_size": 14336,
  "max_position_embeddings": 131072,
  "mlp_bias": false,
  "model_type": "llama",
  "num_attention_heads": 32,
  "num_hidden_layers": 32,
  "num_key_value_heads": 8,
  "pretraining_tp": 1,
  "rms_norm_eps": 1e-05,
  "rope_scaling": {
    "factor": 8.0,
    "high_freq_factor": 4.0,
    "low_freq_factor": 1.0,
    "original_max_position_embeddings": 8192,
    "rope_type": "llama3"
  },
  "rope_theta": 500000.0,
  "tie_word_embeddings": false,
  "transformers_version": "4.57.3",
  "use_cache": true,
  "vocab_size": 128256
}

loading weights file model.safetensors from cache at /home/ubuntu/.cache/huggingface/transformers/models--meta-llama--Llama-3.1-8B-Instruct/snapshots/0e9e39f249a16976918f6564b8830bc894c89659/model.safetensors.index.json
Detected DeepSpeed ZeRO-3: activating zero.init() for this model
loading configuration file config.json from cache at /home/ubuntu/.cache/huggingface/transformers/models--meta-llama--Llama-3.1-8B-Instruct/snapshots/0e9e39f249a16976918f6564b8830bc894c89659/config.json
loading weights file model.safetensors from cache at /home/ubuntu/.cache/huggingface/transformers/models--meta-llama--Llama-3.1-8B-Instruct/snapshots/0e9e39f249a16976918f6564b8830bc894c89659/model.safetensors.index.json
Detected DeepSpeed ZeRO-3: activating zero.init() for this model
loading configuration file config.json from cache at /home/ubuntu/.cache/huggingface/transformers/models--meta-llama--Llama-3.1-8B-Instruct/snapshots/0e9e39f249a16976918f6564b8830bc894c89659/config.json
loading configuration file config.json from cache at /home/ubuntu/.cache/huggingface/transformers/models--meta-llama--Llama-3.1-8B-Instruct/snapshots/0e9e39f249a16976918f6564b8830bc894c89659/config.json
Generate config GenerationConfig {
  "bos_token_id": 128000,
  "eos_token_id": [
    128001,
    128008,
    128009
  ]
}

Model config LlamaConfig {
  "architectures": [
    "LlamaForCausalLM"
  ],
  "attention_bias": false,
  "attention_dropout": 0.0,
  "bos_token_id": 128000,
  "dtype": "bfloat16",
  "eos_token_id": [
    128001,
    128008,
    128009
  ],
  "head_dim": 128,
  "hidden_act": "silu",
  "hidden_size": 4096,
  "initializer_range": 0.02,
  "intermediate_size": 14336,
  "max_position_embeddings": 131072,
  "mlp_bias": false,
  "model_type": "llama",
  "num_attention_heads": 32,
  "num_hidden_layers": 32,
  "num_key_value_heads": 8,
  "pretraining_tp": 1,
  "rms_norm_eps": 1e-05,
  "rope_scaling": {
    "factor": 8.0,
    "high_freq_factor": 4.0,
    "low_freq_factor": 1.0,
    "original_max_position_embeddings": 8192,
    "rope_type": "llama3"
  },
  "rope_theta": 500000.0,
  "tie_word_embeddings": false,
  "transformers_version": "4.57.3",
  "use_cache": true,
  "vocab_size": 128256
}

loading configuration file config.json from cache at /home/ubuntu/.cache/huggingface/transformers/models--meta-llama--Llama-3.1-8B-Instruct/snapshots/0e9e39f249a16976918f6564b8830bc894c89659/config.json
Model config LlamaConfig {
  "architectures": [
    "LlamaForCausalLM"
  ],
  "attention_bias": false,
  "attention_dropout": 0.0,
  "bos_token_id": 128000,
  "dtype": "bfloat16",
  "eos_token_id": [
    128001,
    128008,
    128009
  ],
  "head_dim": 128,
  "hidden_act": "silu",
  "hidden_size": 4096,
  "initializer_range": 0.02,
  "intermediate_size": 14336,
  "max_position_embeddings": 131072,
  "mlp_bias": false,
  "model_type": "llama",
  "num_attention_heads": 32,
  "num_hidden_layers": 32,
  "num_key_value_heads": 8,
  "pretraining_tp": 1,
  "rms_norm_eps": 1e-05,
  "rope_scaling": {
    "factor": 8.0,
    "high_freq_factor": 4.0,
    "low_freq_factor": 1.0,
    "original_max_position_embeddings": 8192,
    "rope_type": "llama3"
  },
  "rope_theta": 500000.0,
  "tie_word_embeddings": false,
  "transformers_version": "4.57.3",
  "use_cache": true,
  "vocab_size": 128256
}

Model config LlamaConfig {
  "architectures": [
    "LlamaForCausalLM"
  ],
  "attention_bias": false,
  "attention_dropout": 0.0,
  "bos_token_id": 128000,
  "dtype": "bfloat16",
  "eos_token_id": [
    128001,
    128008,
    128009
  ],
  "head_dim": 128,
  "hidden_act": "silu",
  "hidden_size": 4096,
  "initializer_range": 0.02,
  "intermediate_size": 14336,
  "max_position_embeddings": 131072,
  "mlp_bias": false,
  "model_type": "llama",
  "num_attention_heads": 32,
  "num_hidden_layers": 32,
  "num_key_value_heads": 8,
  "pretraining_tp": 1,
  "rms_norm_eps": 1e-05,
  "rope_scaling": {
    "factor": 8.0,
    "high_freq_factor": 4.0,
    "low_freq_factor": 1.0,
    "original_max_position_embeddings": 8192,
    "rope_type": "llama3"
  },
  "rope_theta": 500000.0,
  "tie_word_embeddings": false,
  "transformers_version": "4.57.3",
  "use_cache": true,
  "vocab_size": 128256
}

Generate config GenerationConfig {
  "bos_token_id": 128000,
  "eos_token_id": [
    128001,
    128008,
    128009
  ]
}

Model config LlamaConfig {
  "architectures": [
    "LlamaForCausalLM"
  ],
  "attention_bias": false,
  "attention_dropout": 0.0,
  "bos_token_id": 128000,
  "dtype": "bfloat16",
  "eos_token_id": [
    128001,
    128008,
    128009
  ],
  "head_dim": 128,
  "hidden_act": "silu",
  "hidden_size": 4096,
  "initializer_range": 0.02,
  "intermediate_size": 14336,
  "max_position_embeddings": 131072,
  "mlp_bias": false,
  "model_type": "llama",
  "num_attention_heads": 32,
  "num_hidden_layers": 32,
  "num_key_value_heads": 8,
  "pretraining_tp": 1,
  "rms_norm_eps": 1e-05,
  "rope_scaling": {
    "factor": 8.0,
    "high_freq_factor": 4.0,
    "low_freq_factor": 1.0,
    "original_max_position_embeddings": 8192,
    "rope_type": "llama3"
  },
  "rope_theta": 500000.0,
  "tie_word_embeddings": false,
  "transformers_version": "4.57.3",
  "use_cache": true,
  "vocab_size": 128256
}

loading weights file model.safetensors from cache at /home/ubuntu/.cache/huggingface/transformers/models--meta-llama--Llama-3.1-8B-Instruct/snapshots/0e9e39f249a16976918f6564b8830bc894c89659/model.safetensors.index.json
Detected DeepSpeed ZeRO-3: activating zero.init() for this model
loading weights file model.safetensors from cache at /home/ubuntu/.cache/huggingface/transformers/models--meta-llama--Llama-3.1-8B-Instruct/snapshots/0e9e39f249a16976918f6564b8830bc894c89659/model.safetensors.index.json
Detected DeepSpeed ZeRO-3: activating zero.init() for this model
loading weights file model.safetensors from cache at /home/ubuntu/.cache/huggingface/transformers/models--meta-llama--Llama-3.1-8B-Instruct/snapshots/0e9e39f249a16976918f6564b8830bc894c89659/model.safetensors.index.json
Detected DeepSpeed ZeRO-3: activating zero.init() for this model
loading weights file model.safetensors from cache at /home/ubuntu/.cache/huggingface/transformers/models--meta-llama--Llama-3.1-8B-Instruct/snapshots/0e9e39f249a16976918f6564b8830bc894c89659/model.safetensors.index.json
furious-puma-1:187515:187947 [6] NCCL INFO Allocated shareable buffer 0x7ea718a00000 size 10485760 ipcDesc 0x7ea7a0008b80
Detected DeepSpeed ZeRO-3: activating zero.init() for this model
furious-puma-1:187515:187947 [6] NCCL INFO Allocated shareable buffer 0x7ea719400000 size 10485760 ipcDesc 0x7ea7a000a620
furious-puma-1:187515:187947 [6] NCCL INFO Allocated shareable buffer 0x7ea797400000 size 10485760 ipcDesc 0x7ea7a000be60
furious-puma-1:187515:187947 [6] NCCL INFO Allocated shareable buffer 0x7ea808a00000 size 10485760 ipcDesc 0x7ea7a000d860
furious-puma-1:187515:187947 [6] NCCL INFO Allocated shareable buffer 0x7ea809400000 size 10485760 ipcDesc 0x7ea7a000f240
furious-puma-1:187515:187947 [6] NCCL INFO Allocated shareable buffer 0x7ea809e00000 size 10485760 ipcDesc 0x7ea7a0010a40
Generate config GenerationConfig {
  "bos_token_id": 128000,
  "eos_token_id": [
    128001,
    128008,
    128009
  ]
}

furious-puma-1:187515:187947 [6] NCCL INFO Allocated shareable buffer 0x7ea80a800000 size 10485760 ipcDesc 0x7ea7a0012240
furious-puma-1:187515:187947 [6] NCCL INFO Allocated shareable buffer 0x7ea80b200000 size 10485760 ipcDesc 0x7ea7a0013a40
furious-puma-1:187515:187947 [6] NCCL INFO Allocated shareable buffer 0x7ea80bc00000 size 10485760 ipcDesc 0x7ea7a0015240
furious-puma-1:187515:187947 [6] NCCL INFO Allocated shareable buffer 0x7ea80c600000 size 10485760 ipcDesc 0x7ea7a0016a40
furious-puma-1:187515:187947 [6] NCCL INFO Allocated shareable buffer 0x7ea80d000000 size 10485760 ipcDesc 0x7ea7a0018240
Generate config GenerationConfig {
  "bos_token_id": 128000,
  "eos_token_id": [
    128001,
    128008,
    128009
  ]
}

furious-puma-1:187515:187947 [6] NCCL INFO Allocated shareable buffer 0x7ea80da00000 size 10485760 ipcDesc 0x7ea7a0019a40
furious-puma-1:187515:187947 [6] NCCL INFO Allocated shareable buffer 0x7ea80e400000 size 10485760 ipcDesc 0x7ea7a001b240
furious-puma-1:187515:187947 [6] NCCL INFO Allocated shareable buffer 0x7ea80ee00000 size 10485760 ipcDesc 0x7ea7a001ca40
furious-puma-1:187515:187947 [6] NCCL INFO Allocated shareable buffer 0xa02000000 size 10485760 ipcDesc 0x7ea7a001e240
furious-puma-1:187516:187959 [7] NCCL INFO Allocated shareable buffer 0x724e28a00000 size 10485760 ipcDesc 0x724ea8008b80
furious-puma-1:187515:187947 [6] NCCL INFO Allocated shareable buffer 0xa02a00000 size 10485760 ipcDesc 0x7ea7a001ff30
furious-puma-1:187516:187959 [7] NCCL INFO Allocated shareable buffer 0x724e29400000 size 10485760 ipcDesc 0x724ea800a620
furious-puma-1:187516:187959 [7] NCCL INFO Allocated shareable buffer 0x724ea7400000 size 10485760 ipcDesc 0x724ea800be60
furious-puma-1:187515:187947 [6] NCCL INFO Allocated shareable buffer 0xa03400000 size 10485760 ipcDesc 0x7ea7a0021730
furious-puma-1:187516:187959 [7] NCCL INFO Allocated shareable buffer 0x724f10a00000 size 10485760 ipcDesc 0x724ea800d860
loading configuration file config.json from cache at /home/ubuntu/.cache/huggingface/transformers/models--meta-llama--Llama-3.1-8B-Instruct/snapshots/0e9e39f249a16976918f6564b8830bc894c89659/config.json
furious-puma-1:187515:187947 [6] NCCL INFO Allocated shareable buffer 0xa04000000 size 10485760 ipcDesc 0x7ea7a0022f30
furious-puma-1:187516:187959 [7] NCCL INFO Allocated shareable buffer 0x724f11400000 size 10485760 ipcDesc 0x724ea800f240
Generate config GenerationConfig {
  "bos_token_id": 128000,
  "eos_token_id": [
    128001,
    128008,
    128009
  ]
}

furious-puma-1:187515:187947 [6] NCCL INFO Allocated shareable buffer 0xa04a00000 size 10485760 ipcDesc 0x7ea7a0024b80
furious-puma-1:187516:187959 [7] NCCL INFO Allocated shareable buffer 0x724f11e00000 size 10485760 ipcDesc 0x724ea8010a40
furious-puma-1:187515:187947 [6] NCCL INFO Allocated shareable buffer 0xa05400000 size 10485760 ipcDesc 0x7ea7a0026380
furious-puma-1:187516:187959 [7] NCCL INFO Allocated shareable buffer 0x724f12800000 size 10485760 ipcDesc 0x724ea8012240
furious-puma-1:187515:187947 [6] NCCL INFO Allocated shareable buffer 0xa06000000 size 10485760 ipcDesc 0x7ea7a0027b80
furious-puma-1:187516:187959 [7] NCCL INFO Allocated shareable buffer 0x724f13200000 size 10485760 ipcDesc 0x724ea8013a40
furious-puma-1:187515:187947 [6] NCCL INFO Allocated shareable buffer 0xa06a00000 size 10485760 ipcDesc 0x7ea7a00297d0
furious-puma-1:187516:187959 [7] NCCL INFO Allocated shareable buffer 0x724f13c00000 size 10485760 ipcDesc 0x724ea8015240
furious-puma-1:187515:187947 [6] NCCL INFO Allocated shareable buffer 0xa07400000 size 10485760 ipcDesc 0x7ea7a002afd0
furious-puma-1:187516:187959 [7] NCCL INFO Allocated shareable buffer 0x724f14600000 size 10485760 ipcDesc 0x724ea8016a40
furious-puma-1:187515:187947 [6] NCCL INFO Allocated shareable buffer 0xa08000000 size 10485760 ipcDesc 0x7ea7a002c7d0
furious-puma-1:187515:188007 [6] NCCL INFO Channel 00/0 : 6[6] -> 7[7] via P2P/CUMEM
furious-puma-1:187516:187959 [7] NCCL INFO Allocated shareable buffer 0x724f15000000 size 10485760 ipcDesc 0x724ea8018240
furious-puma-1:187515:187947 [6] NCCL INFO Allocated shareable buffer 0xa08a00000 size 2097152 ipcDesc 0x7ea7a002e420
furious-puma-1:187515:188007 [6] NCCL INFO Channel 01/0 : 6[6] -> 7[7] via P2P/CUMEM
furious-puma-1:187516:187959 [7] NCCL INFO Allocated shareable buffer 0x724f15a00000 size 10485760 ipcDesc 0x724ea8019a40
furious-puma-1:187516:187959 [7] NCCL INFO Allocated shareable buffer 0x724f16400000 size 10485760 ipcDesc 0x724ea801b240
furious-puma-1:187515:187947 [6] NCCL INFO Allocated shareable buffer 0xa08c00000 size 2097152 ipcDesc 0x7ea7a002fc20
furious-puma-1:187515:188007 [6] NCCL INFO Channel 02/0 : 6[6] -> 7[7] via P2P/CUMEM
furious-puma-1:187516:187959 [7] NCCL INFO Allocated shareable buffer 0x724f16e00000 size 10485760 ipcDesc 0x724ea801ca40
furious-puma-1:187515:187947 [6] NCCL INFO Allocated shareable buffer 0xa08e00000 size 2097152 ipcDesc 0x7ea7a0031420
furious-puma-1:187515:188007 [6] NCCL INFO Channel 03/0 : 6[6] -> 7[7] via P2P/CUMEM
furious-puma-1:187516:187959 [7] NCCL INFO Allocated shareable buffer 0xa02000000 size 10485760 ipcDesc 0x724ea801e240
furious-puma-1:187515:187947 [6] NCCL INFO Allocated shareable buffer 0xa09000000 size 2097152 ipcDesc 0x7ea7a0032c20
furious-puma-1:187515:188007 [6] NCCL INFO Channel 04/0 : 6[6] -> 7[7] via P2P/CUMEM
furious-puma-1:187516:187959 [7] NCCL INFO Allocated shareable buffer 0xa02a00000 size 10485760 ipcDesc 0x724ea801ff30
Generate config GenerationConfig {
  "bos_token_id": 128000,
  "eos_token_id": [
    128001,
    128008,
    128009
  ]
}

furious-puma-1:187515:187947 [6] NCCL INFO Allocated shareable buffer 0xa09200000 size 2097152 ipcDesc 0x7ea7a0034420
furious-puma-1:187515:188007 [6] NCCL INFO Channel 05/0 : 6[6] -> 7[7] via P2P/CUMEM
furious-puma-1:187516:187959 [7] NCCL INFO Allocated shareable buffer 0xa03400000 size 10485760 ipcDesc 0x724ea8021730
furious-puma-1:187515:187947 [6] NCCL INFO Allocated shareable buffer 0xa09400000 size 2097152 ipcDesc 0x7ea7a0035c20
furious-puma-1:187515:188007 [6] NCCL INFO Channel 06/0 : 6[6] -> 7[7] via P2P/CUMEM
Model config LlamaConfig {
  "architectures": [
    "LlamaForCausalLM"
  ],
  "attention_bias": false,
  "attention_dropout": 0.0,
  "bos_token_id": 128000,
  "dtype": "bfloat16",
  "eos_token_id": [
    128001,
    128008,
    128009
  ],
  "head_dim": 128,
  "hidden_act": "silu",
  "hidden_size": 4096,
  "initializer_range": 0.02,
  "intermediate_size": 14336,
  "max_position_embeddings": 131072,
  "mlp_bias": false,
  "model_type": "llama",
  "num_attention_heads": 32,
  "num_hidden_layers": 32,
  "num_key_value_heads": 8,
  "pretraining_tp": 1,
  "rms_norm_eps": 1e-05,
  "rope_scaling": {
    "factor": 8.0,
    "high_freq_factor": 4.0,
    "low_freq_factor": 1.0,
    "original_max_position_embeddings": 8192,
    "rope_type": "llama3"
  },
  "rope_theta": 500000.0,
  "tie_word_embeddings": false,
  "transformers_version": "4.57.3",
  "use_cache": true,
  "vocab_size": 128256
}

furious-puma-1:187516:187959 [7] NCCL INFO Allocated shareable buffer 0xa04000000 size 10485760 ipcDesc 0x724ea8022f30
furious-puma-1:187516:187959 [7] NCCL INFO Allocated shareable buffer 0xa04a00000 size 10485760 ipcDesc 0x724ea8024b80
furious-puma-1:187515:187947 [6] NCCL INFO Allocated shareable buffer 0xa09600000 size 2097152 ipcDesc 0x7ea7a0037420
furious-puma-1:187515:188007 [6] NCCL INFO Channel 07/0 : 6[6] -> 7[7] via P2P/CUMEM
furious-puma-1:187516:187959 [7] NCCL INFO Allocated shareable buffer 0xa05400000 size 10485760 ipcDesc 0x724ea8026380
furious-puma-1:187515:187947 [6] NCCL INFO Allocated shareable buffer 0xa09800000 size 2097152 ipcDesc 0x7ea7a0038c20
furious-puma-1:187515:188007 [6] NCCL INFO Channel 08/0 : 6[6] -> 7[7] via P2P/CUMEM
furious-puma-1:187516:187959 [7] NCCL INFO Allocated shareable buffer 0xa06000000 size 10485760 ipcDesc 0x724ea8027b80
furious-puma-1:187516:187959 [7] NCCL INFO Allocated shareable buffer 0xa06a00000 size 10485760 ipcDesc 0x724ea80297d0
furious-puma-1:187515:187947 [6] NCCL INFO Allocated shareable buffer 0xa09a00000 size 2097152 ipcDesc 0x7ea7a003a420
furious-puma-1:187515:188007 [6] NCCL INFO Channel 09/0 : 6[6] -> 7[7] via P2P/CUMEM
Generate config GenerationConfig {
  "bos_token_id": 128000,
  "eos_token_id": [
    128001,
    128008,
    128009
  ]
}

furious-puma-1:187516:187959 [7] NCCL INFO Allocated shareable buffer 0xa07400000 size 10485760 ipcDesc 0x724ea802afd0
furious-puma-1:187515:187947 [6] NCCL INFO Allocated shareable buffer 0xa09c00000 size 2097152 ipcDesc 0x7ea7a003bc20
furious-puma-1:187515:188007 [6] NCCL INFO Channel 10/0 : 6[6] -> 7[7] via P2P/CUMEM
furious-puma-1:187516:187959 [7] NCCL INFO Allocated shareable buffer 0xa08000000 size 10485760 ipcDesc 0x724ea802c7d0
furious-puma-1:187516:188008 [7] NCCL INFO Channel 00/0 : 7[7] -> 0[0] via P2P/CUMEM
furious-puma-1:187515:187947 [6] NCCL INFO Allocated shareable buffer 0xa09e00000 size 2097152 ipcDesc 0x7ea7a003d420
furious-puma-1:187515:188007 [6] NCCL INFO Channel 11/0 : 6[6] -> 7[7] via P2P/CUMEM
furious-puma-1:187516:187959 [7] NCCL INFO Allocated shareable buffer 0xa08a00000 size 2097152 ipcDesc 0x724ea802e420
furious-puma-1:187516:188008 [7] NCCL INFO Channel 01/0 : 7[7] -> 0[0] via P2P/CUMEM
furious-puma-1:187515:187947 [6] NCCL INFO Allocated shareable buffer 0xa07e00000 size 2097152 ipcDesc 0x7ea7a003eb80
furious-puma-1:187515:188007 [6] NCCL INFO Channel 12/0 : 6[6] -> 7[7] via P2P/CUMEM
furious-puma-1:187516:187959 [7] NCCL INFO Allocated shareable buffer 0xa08c00000 size 2097152 ipcDesc 0x724ea802fc20
furious-puma-1:187516:188008 [7] NCCL INFO Channel 02/0 : 7[7] -> 0[0] via P2P/CUMEM
furious-puma-1:187515:187947 [6] NCCL INFO Allocated shareable buffer 0xa05e00000 size 2097152 ipcDesc 0x7ea7a0040060
furious-puma-1:187515:188007 [6] NCCL INFO Channel 13/0 : 6[6] -> 7[7] via P2P/CUMEM
furious-puma-1:187516:187959 [7] NCCL INFO Allocated shareable buffer 0xa08e00000 size 2097152 ipcDesc 0x724ea8031420
furious-puma-1:187516:188008 [7] NCCL INFO Channel 03/0 : 7[7] -> 0[0] via P2P/CUMEM
furious-puma-1:187516:187959 [7] NCCL INFO Allocated shareable buffer 0xa09000000 size 2097152 ipcDesc 0x724ea8032c20
furious-puma-1:187516:188008 [7] NCCL INFO Channel 04/0 : 7[7] -> 0[0] via P2P/CUMEM
furious-puma-1:187515:187947 [6] NCCL INFO Allocated shareable buffer 0xa03e00000 size 2097152 ipcDesc 0x7ea7a0041540
furious-puma-1:187515:188007 [6] NCCL INFO Channel 14/0 : 6[6] -> 7[7] via P2P/CUMEM
furious-puma-1:187516:187959 [7] NCCL INFO Allocated shareable buffer 0xa09200000 size 2097152 ipcDesc 0x724ea8034420
furious-puma-1:187516:188008 [7] NCCL INFO Channel 05/0 : 7[7] -> 0[0] via P2P/CUMEM
furious-puma-1:187515:187947 [6] NCCL INFO Allocated shareable buffer 0x7ea719e00000 size 2097152 ipcDesc 0x7ea7a0042a20
furious-puma-1:187515:188007 [6] NCCL INFO Channel 15/0 : 6[6] -> 7[7] via P2P/CUMEM
furious-puma-1:187516:187959 [7] NCCL INFO Allocated shareable buffer 0xa09400000 size 2097152 ipcDesc 0x724ea8035c20
furious-puma-1:187516:188008 [7] NCCL INFO Channel 06/0 : 7[7] -> 0[0] via P2P/CUMEM
furious-puma-1:187515:187947 [6] NCCL INFO Allocated shareable buffer 0x7ea797e00000 size 2097152 ipcDesc 0x7ea7a00440e0
furious-puma-1:187515:188007 [6] NCCL INFO Channel 16/0 : 6[6] -> 7[7] via P2P/CUMEM
furious-puma-1:187516:187959 [7] NCCL INFO Allocated shareable buffer 0xa09600000 size 2097152 ipcDesc 0x724ea8037420
furious-puma-1:187516:188008 [7] NCCL INFO Channel 07/0 : 7[7] -> 0[0] via P2P/CUMEM
furious-puma-1:187515:187947 [6] NCCL INFO Allocated shareable buffer 0x7ea80f800000 size 2097152 ipcDesc 0x7ea7a0045840
furious-puma-1:187516:187959 [7] NCCL INFO Allocated shareable buffer 0xa09800000 size 2097152 ipcDesc 0x724ea8038c20
furious-puma-1:187515:188007 [6] NCCL INFO Channel 17/0 : 6[6] -> 7[7] via P2P/CUMEM
furious-puma-1:187516:188008 [7] NCCL INFO Channel 08/0 : 7[7] -> 0[0] via P2P/CUMEM
furious-puma-1:187515:187947 [6] NCCL INFO Allocated shareable buffer 0x7ea80fa00000 size 2097152 ipcDesc 0x7ea7a0047040
furious-puma-1:187516:187959 [7] NCCL INFO Allocated shareable buffer 0xa09a00000 size 2097152 ipcDesc 0x724ea803a420
furious-puma-1:187515:188007 [6] NCCL INFO Channel 18/0 : 6[6] -> 7[7] via P2P/CUMEM
furious-puma-1:187516:188008 [7] NCCL INFO Channel 09/0 : 7[7] -> 0[0] via P2P/CUMEM
furious-puma-1:187515:187947 [6] NCCL INFO Allocated shareable buffer 0x7ea80fc00000 size 2097152 ipcDesc 0x7ea7a0048840
furious-puma-1:187516:187959 [7] NCCL INFO Allocated shareable buffer 0xa09c00000 size 2097152 ipcDesc 0x724ea803bc20
furious-puma-1:187515:188007 [6] NCCL INFO Channel 19/0 : 6[6] -> 7[7] via P2P/CUMEM
furious-puma-1:187516:188008 [7] NCCL INFO Channel 10/0 : 7[7] -> 0[0] via P2P/CUMEM
furious-puma-1:187515:187947 [6] NCCL INFO Allocated shareable buffer 0xa0a000000 size 2097152 ipcDesc 0x7ea7a0049f00
furious-puma-1:187516:187959 [7] NCCL INFO Allocated shareable buffer 0xa09e00000 size 2097152 ipcDesc 0x724ea803d420
furious-puma-1:187515:188007 [6] NCCL INFO Channel 20/0 : 6[6] -> 7[7] via P2P/CUMEM
furious-puma-1:187516:188008 [7] NCCL INFO Channel 11/0 : 7[7] -> 0[0] via P2P/CUMEM
furious-puma-1:187516:187959 [7] NCCL INFO Allocated shareable buffer 0xa07e00000 size 2097152 ipcDesc 0x724ea803eb80
furious-puma-1:187516:188008 [7] NCCL INFO Channel 12/0 : 7[7] -> 0[0] via P2P/CUMEM
furious-puma-1:187515:187947 [6] NCCL INFO Allocated shareable buffer 0xa0a200000 size 2097152 ipcDesc 0x7ea7a004b8d0
furious-puma-1:187515:188007 [6] NCCL INFO Channel 21/0 : 6[6] -> 7[7] via P2P/CUMEM
furious-puma-1:187516:187959 [7] NCCL INFO Allocated shareable buffer 0xa05e00000 size 2097152 ipcDesc 0x724ea8040060
furious-puma-1:187516:188008 [7] NCCL INFO Channel 13/0 : 7[7] -> 0[0] via P2P/CUMEM
furious-puma-1:187515:187947 [6] NCCL INFO Allocated shareable buffer 0xa0a400000 size 2097152 ipcDesc 0x7ea7a004d0d0
furious-puma-1:187515:188007 [6] NCCL INFO Channel 22/0 : 6[6] -> 7[7] via P2P/CUMEM
furious-puma-1:187516:187959 [7] NCCL INFO Allocated shareable buffer 0xa03e00000 size 2097152 ipcDesc 0x724ea8041540
furious-puma-1:187516:188008 [7] NCCL INFO Channel 14/0 : 7[7] -> 0[0] via P2P/CUMEM
furious-puma-1:187515:187947 [6] NCCL INFO Allocated shareable buffer 0xa0a600000 size 2097152 ipcDesc 0x7ea7a004e8d0
furious-puma-1:187515:188007 [6] NCCL INFO Channel 23/0 : 6[6] -> 7[7] via P2P/CUMEM
furious-puma-1:187516:187959 [7] NCCL INFO Allocated shareable buffer 0x724e29e00000 size 2097152 ipcDesc 0x724ea8042a20
furious-puma-1:187516:188008 [7] NCCL INFO Channel 15/0 : 7[7] -> 0[0] via P2P/CUMEM
furious-puma-1:187515:187947 [6] NCCL INFO Allocated shareable buffer 0xa0a800000 size 2097152 ipcDesc 0x7ea7a00500d0
furious-puma-1:187516:187959 [7] NCCL INFO Allocated shareable buffer 0x724ea7e00000 size 2097152 ipcDesc 0x724ea80440e0
furious-puma-1:187516:188008 [7] NCCL INFO Channel 16/0 : 7[7] -> 0[0] via P2P/CUMEM
furious-puma-1:187516:187959 [7] NCCL INFO Allocated shareable buffer 0x724f17800000 size 2097152 ipcDesc 0x724ea8045840
furious-puma-1:187516:188008 [7] NCCL INFO Channel 17/0 : 7[7] -> 0[0] via P2P/CUMEM
furious-puma-1:187516:187959 [7] NCCL INFO Allocated shareable buffer 0x724f17a00000 size 2097152 ipcDesc 0x724ea8047040
furious-puma-1:187516:188008 [7] NCCL INFO Channel 18/0 : 7[7] -> 0[0] via P2P/CUMEM
furious-puma-1:187516:187959 [7] NCCL INFO Allocated shareable buffer 0x724f17c00000 size 2097152 ipcDesc 0x724ea8048840
furious-puma-1:187516:188008 [7] NCCL INFO Channel 19/0 : 7[7] -> 0[0] via P2P/CUMEM
loading weights file model.safetensors from cache at /home/ubuntu/.cache/huggingface/transformers/models--meta-llama--Llama-3.1-8B-Instruct/snapshots/0e9e39f249a16976918f6564b8830bc894c89659/model.safetensors.index.json
furious-puma-1:187516:187959 [7] NCCL INFO Allocated shareable buffer 0xa0a000000 size 2097152 ipcDesc 0x724ea8049f00
furious-puma-1:187516:188008 [7] NCCL INFO Channel 20/0 : 7[7] -> 0[0] via P2P/CUMEM
furious-puma-1:187516:187959 [7] NCCL INFO Allocated shareable buffer 0xa0a200000 size 2097152 ipcDesc 0x724ea804b8d0
furious-puma-1:187516:188008 [7] NCCL INFO Channel 21/0 : 7[7] -> 0[0] via P2P/CUMEM
furious-puma-1:187516:187959 [7] NCCL INFO Allocated shareable buffer 0xa0a400000 size 2097152 ipcDesc 0x724ea804d0d0
furious-puma-1:187516:188008 [7] NCCL INFO Channel 22/0 : 7[7] -> 0[0] via P2P/CUMEM
Detected DeepSpeed ZeRO-3: activating zero.init() for this model
furious-puma-1:187516:187959 [7] NCCL INFO Allocated shareable buffer 0xa0a600000 size 2097152 ipcDesc 0x724ea804e8d0
furious-puma-1:187516:188008 [7] NCCL INFO Channel 23/0 : 7[7] -> 0[0] via P2P/CUMEM
furious-puma-1:187516:187959 [7] NCCL INFO Allocated shareable buffer 0xa0a800000 size 2097152 ipcDesc 0x724ea80500d0
furious-puma-1:187514:187953 [5] NCCL INFO Allocated shareable buffer 0x793e58a00000 size 10485760 ipcDesc 0x793edc008b80
furious-puma-1:187511:187955 [2] NCCL INFO Allocated shareable buffer 0x7b912ca00000 size 10485760 ipcDesc 0x7b91b0008b80
furious-puma-1:187511:187955 [2] NCCL INFO Allocated shareable buffer 0x7b912d400000 size 10485760 ipcDesc 0x7b91b000a620
furious-puma-1:187514:187953 [5] NCCL INFO Allocated shareable buffer 0x793e59400000 size 10485760 ipcDesc 0x793edc00a620
furious-puma-1:187510:187957 [1] NCCL INFO Allocated shareable buffer 0x7623d4a00000 size 10485760 ipcDesc 0x762454008b80
furious-puma-1:187511:187955 [2] NCCL INFO Allocated shareable buffer 0x7b91ab400000 size 10485760 ipcDesc 0x7b91b000be60
furious-puma-1:187514:187953 [5] NCCL INFO Allocated shareable buffer 0x793ed7400000 size 10485760 ipcDesc 0x793edc00be60
furious-puma-1:187510:187957 [1] NCCL INFO Allocated shareable buffer 0x7623d5400000 size 10485760 ipcDesc 0x76245400a620
furious-puma-1:187511:187955 [2] NCCL INFO Allocated shareable buffer 0x7b9214a00000 size 10485760 ipcDesc 0x7b91b000d860
furious-puma-1:187514:187953 [5] NCCL INFO Allocated shareable buffer 0x793f40a00000 size 10485760 ipcDesc 0x793edc00d860
furious-puma-1:187510:187957 [1] NCCL INFO Allocated shareable buffer 0x762453400000 size 10485760 ipcDesc 0x76245400be60
furious-puma-1:187514:187953 [5] NCCL INFO Allocated shareable buffer 0x793f41400000 size 10485760 ipcDesc 0x793edc00f240
furious-puma-1:187510:187957 [1] NCCL INFO Allocated shareable buffer 0x7624baa00000 size 10485760 ipcDesc 0x76245400d860
furious-puma-1:187512:187945 [3] NCCL INFO Allocated shareable buffer 0x72c5f4a00000 size 10485760 ipcDesc 0x72c674008b80
furious-puma-1:187514:187953 [5] NCCL INFO Allocated shareable buffer 0x793f41e00000 size 10485760 ipcDesc 0x793edc010a40
furious-puma-1:187511:187955 [2] NCCL INFO Allocated shareable buffer 0x7b9215400000 size 10485760 ipcDesc 0x7b91b000f240
furious-puma-1:187510:187957 [1] NCCL INFO Allocated shareable buffer 0x7624bb400000 size 10485760 ipcDesc 0x76245400f240
furious-puma-1:187512:187945 [3] NCCL INFO Allocated shareable buffer 0x72c5f5400000 size 10485760 ipcDesc 0x72c67400a620
furious-puma-1:187514:187953 [5] NCCL INFO Allocated shareable buffer 0x793f42800000 size 10485760 ipcDesc 0x793edc012240
furious-puma-1:187510:187957 [1] NCCL INFO Allocated shareable buffer 0x7624bbe00000 size 10485760 ipcDesc 0x762454010a40
furious-puma-1:187510:187957 [1] NCCL INFO Allocated shareable buffer 0x7624bc800000 size 10485760 ipcDesc 0x762454012240
furious-puma-1:187511:187955 [2] NCCL INFO Allocated shareable buffer 0x7b9215e00000 size 10485760 ipcDesc 0x7b91b0010a40
furious-puma-1:187514:187953 [5] NCCL INFO Allocated shareable buffer 0x793f43200000 size 10485760 ipcDesc 0x793edc013a40
furious-puma-1:187512:187945 [3] NCCL INFO Allocated shareable buffer 0x72c673400000 size 10485760 ipcDesc 0x72c67400be60
furious-puma-1:187510:187957 [1] NCCL INFO Allocated shareable buffer 0x7624bd200000 size 10485760 ipcDesc 0x762454013a40
furious-puma-1:187511:187955 [2] NCCL INFO Allocated shareable buffer 0x7b9216800000 size 10485760 ipcDesc 0x7b91b0012240
furious-puma-1:187514:187953 [5] NCCL INFO Allocated shareable buffer 0x793f43c00000 size 10485760 ipcDesc 0x793edc015240
furious-puma-1:187511:187955 [2] NCCL INFO Allocated shareable buffer 0x7b9217200000 size 10485760 ipcDesc 0x7b91b0013a40
furious-puma-1:187512:187945 [3] NCCL INFO Allocated shareable buffer 0x72c6dca00000 size 10485760 ipcDesc 0x72c67400d860
furious-puma-1:187510:187957 [1] NCCL INFO Allocated shareable buffer 0x7624bdc00000 size 10485760 ipcDesc 0x762454015240
furious-puma-1:187510:187957 [1] NCCL INFO Allocated shareable buffer 0x7624be600000 size 10485760 ipcDesc 0x762454016a40
furious-puma-1:187511:187955 [2] NCCL INFO Allocated shareable buffer 0x7b9217c00000 size 10485760 ipcDesc 0x7b91b0015240
furious-puma-1:187512:187945 [3] NCCL INFO Allocated shareable buffer 0x72c6dd400000 size 10485760 ipcDesc 0x72c67400f240
furious-puma-1:187514:187953 [5] NCCL INFO Allocated shareable buffer 0x793f44600000 size 10485760 ipcDesc 0x793edc016a40
furious-puma-1:187511:187955 [2] NCCL INFO Allocated shareable buffer 0x7b9218600000 size 10485760 ipcDesc 0x7b91b0016a40
furious-puma-1:187510:187957 [1] NCCL INFO Allocated shareable buffer 0x7624bf000000 size 10485760 ipcDesc 0x762454018240
furious-puma-1:187510:187957 [1] NCCL INFO Allocated shareable buffer 0x7624bfa00000 size 10485760 ipcDesc 0x762454019a40
furious-puma-1:187511:187955 [2] NCCL INFO Allocated shareable buffer 0x7b9219000000 size 10485760 ipcDesc 0x7b91b0018240
furious-puma-1:187512:187945 [3] NCCL INFO Allocated shareable buffer 0x72c6dde00000 size 10485760 ipcDesc 0x72c674010a40
furious-puma-1:187514:187953 [5] NCCL INFO Allocated shareable buffer 0x793f45000000 size 10485760 ipcDesc 0x793edc018240
furious-puma-1:187510:187957 [1] NCCL INFO Allocated shareable buffer 0x7624c0400000 size 10485760 ipcDesc 0x76245401b240
furious-puma-1:187510:187957 [1] NCCL INFO Allocated shareable buffer 0x7624c0e00000 size 10485760 ipcDesc 0x76245401ca40
furious-puma-1:187511:187955 [2] NCCL INFO Allocated shareable buffer 0x7b9219a00000 size 10485760 ipcDesc 0x7b91b0019a40
furious-puma-1:187514:187953 [5] NCCL INFO Allocated shareable buffer 0x793f45a00000 size 10485760 ipcDesc 0x793edc019a40
furious-puma-1:187512:187945 [3] NCCL INFO Allocated shareable buffer 0x72c6de800000 size 10485760 ipcDesc 0x72c674012240
Generate config GenerationConfig {
  "bos_token_id": 128000,
  "eos_token_id": [
    128001,
    128008,
    128009
  ]
}

furious-puma-1:187510:187957 [1] NCCL INFO Allocated shareable buffer 0xa02000000 size 10485760 ipcDesc 0x76245401e240
furious-puma-1:187514:187953 [5] NCCL INFO Allocated shareable buffer 0x793f46400000 size 10485760 ipcDesc 0x793edc01b240
furious-puma-1:187511:187955 [2] NCCL INFO Allocated shareable buffer 0x7b921a400000 size 10485760 ipcDesc 0x7b91b001b240
furious-puma-1:187512:187945 [3] NCCL INFO Allocated shareable buffer 0x72c6df200000 size 10485760 ipcDesc 0x72c674013a40
furious-puma-1:187511:187955 [2] NCCL INFO Allocated shareable buffer 0x7b921ae00000 size 10485760 ipcDesc 0x7b91b001ca40
furious-puma-1:187512:187945 [3] NCCL INFO Allocated shareable buffer 0x72c6dfc00000 size 10485760 ipcDesc 0x72c674015240
furious-puma-1:187514:187953 [5] NCCL INFO Allocated shareable buffer 0x793f46e00000 size 10485760 ipcDesc 0x793edc01ca40
furious-puma-1:187510:187957 [1] NCCL INFO Allocated shareable buffer 0xa02a00000 size 10485760 ipcDesc 0x76245401ff30
furious-puma-1:187512:187945 [3] NCCL INFO Allocated shareable buffer 0x72c6e0600000 size 10485760 ipcDesc 0x72c674016a40
furious-puma-1:187510:187957 [1] NCCL INFO Allocated shareable buffer 0xa03400000 size 10485760 ipcDesc 0x762454021730
furious-puma-1:187514:187953 [5] NCCL INFO Allocated shareable buffer 0xa02000000 size 10485760 ipcDesc 0x793edc01e240
furious-puma-1:187511:187955 [2] NCCL INFO Allocated shareable buffer 0xa02000000 size 10485760 ipcDesc 0x7b91b001e240
furious-puma-1:187510:187957 [1] NCCL INFO Allocated shareable buffer 0xa04000000 size 10485760 ipcDesc 0x762454022f30
furious-puma-1:187512:187945 [3] NCCL INFO Allocated shareable buffer 0x72c6e1000000 size 10485760 ipcDesc 0x72c674018240
furious-puma-1:187514:187953 [5] NCCL INFO Allocated shareable buffer 0xa02a00000 size 10485760 ipcDesc 0x793edc01ff30
furious-puma-1:187510:187957 [1] NCCL INFO Allocated shareable buffer 0xa04a00000 size 10485760 ipcDesc 0x762454024b80
furious-puma-1:187511:187955 [2] NCCL INFO Allocated shareable buffer 0xa02a00000 size 10485760 ipcDesc 0x7b91b001ff30
furious-puma-1:187511:187955 [2] NCCL INFO Allocated shareable buffer 0xa03400000 size 10485760 ipcDesc 0x7b91b0021730
furious-puma-1:187510:187957 [1] NCCL INFO Allocated shareable buffer 0xa05400000 size 10485760 ipcDesc 0x762454026380
furious-puma-1:187514:187953 [5] NCCL INFO Allocated shareable buffer 0xa03400000 size 10485760 ipcDesc 0x793edc021730
furious-puma-1:187514:187953 [5] NCCL INFO Allocated shareable buffer 0xa04000000 size 10485760 ipcDesc 0x793edc022f30
furious-puma-1:187511:187955 [2] NCCL INFO Allocated shareable buffer 0xa04000000 size 10485760 ipcDesc 0x7b91b0022f30
furious-puma-1:187510:187957 [1] NCCL INFO Allocated shareable buffer 0xa06000000 size 10485760 ipcDesc 0x762454027b80
furious-puma-1:187509:187951 [0] NCCL INFO Allocated shareable buffer 0x793518a00000 size 10485760 ipcDesc 0x793598008c40
furious-puma-1:187512:187945 [3] NCCL INFO Allocated shareable buffer 0x72c6e1a00000 size 10485760 ipcDesc 0x72c674019a40
furious-puma-1:187514:187953 [5] NCCL INFO Allocated shareable buffer 0xa04a00000 size 10485760 ipcDesc 0x793edc024b80
furious-puma-1:187510:187957 [1] NCCL INFO Allocated shareable buffer 0xa06a00000 size 10485760 ipcDesc 0x7624540297d0
furious-puma-1:187510:187957 [1] NCCL INFO Allocated shareable buffer 0xa07400000 size 10485760 ipcDesc 0x76245402afd0
furious-puma-1:187514:187953 [5] NCCL INFO Allocated shareable buffer 0xa05400000 size 10485760 ipcDesc 0x793edc026380
furious-puma-1:187511:187955 [2] NCCL INFO Allocated shareable buffer 0xa04a00000 size 10485760 ipcDesc 0x7b91b0024b80
furious-puma-1:187512:187945 [3] NCCL INFO Allocated shareable buffer 0x72c6e2400000 size 10485760 ipcDesc 0x72c67401b240
furious-puma-1:187514:187953 [5] NCCL INFO Allocated shareable buffer 0xa06000000 size 10485760 ipcDesc 0x793edc027b80
furious-puma-1:187510:187957 [1] NCCL INFO Allocated shareable buffer 0xa08000000 size 10485760 ipcDesc 0x76245402c7d0
furious-puma-1:187510:188011 [1] NCCL INFO Channel 00/0 : 1[1] -> 2[2] via P2P/CUMEM
furious-puma-1:187510:187957 [1] NCCL INFO Allocated shareable buffer 0xa08a00000 size 2097152 ipcDesc 0x76245402e420
furious-puma-1:187510:188011 [1] NCCL INFO Channel 01/0 : 1[1] -> 2[2] via P2P/CUMEM
furious-puma-1:187514:187953 [5] NCCL INFO Allocated shareable buffer 0xa06a00000 size 10485760 ipcDesc 0x793edc0297d0
furious-puma-1:187511:187955 [2] NCCL INFO Allocated shareable buffer 0xa05400000 size 10485760 ipcDesc 0x7b91b0026380
furious-puma-1:187512:187945 [3] NCCL INFO Allocated shareable buffer 0x72c6e2e00000 size 10485760 ipcDesc 0x72c67401ca40
furious-puma-1:187510:187957 [1] NCCL INFO Allocated shareable buffer 0xa08c00000 size 2097152 ipcDesc 0x76245402fc20
furious-puma-1:187510:188011 [1] NCCL INFO Channel 02/0 : 1[1] -> 2[2] via P2P/CUMEM
furious-puma-1:187514:187953 [5] NCCL INFO Allocated shareable buffer 0xa07400000 size 10485760 ipcDesc 0x793edc02afd0
furious-puma-1:187511:187955 [2] NCCL INFO Allocated shareable buffer 0xa06000000 size 10485760 ipcDesc 0x7b91b0027b80
furious-puma-1:187512:187945 [3] NCCL INFO Allocated shareable buffer 0xa02000000 size 10485760 ipcDesc 0x72c67401e240
furious-puma-1:187510:187957 [1] NCCL INFO Allocated shareable buffer 0xa08e00000 size 2097152 ipcDesc 0x762454031420
furious-puma-1:187510:188011 [1] NCCL INFO Channel 03/0 : 1[1] -> 2[2] via P2P/CUMEM
furious-puma-1:187514:187953 [5] NCCL INFO Allocated shareable buffer 0xa08000000 size 10485760 ipcDesc 0x793edc02c7d0
furious-puma-1:187514:188009 [5] NCCL INFO Channel 00/0 : 5[5] -> 6[6] via P2P/CUMEM
furious-puma-1:187511:187955 [2] NCCL INFO Allocated shareable buffer 0xa06a00000 size 10485760 ipcDesc 0x7b91b00297d0
furious-puma-1:187510:187957 [1] NCCL INFO Allocated shareable buffer 0xa09000000 size 2097152 ipcDesc 0x762454032c20
furious-puma-1:187510:188011 [1] NCCL INFO Channel 04/0 : 1[1] -> 2[2] via P2P/CUMEM
furious-puma-1:187514:187953 [5] NCCL INFO Allocated shareable buffer 0xa08a00000 size 2097152 ipcDesc 0x793edc02e420
furious-puma-1:187514:188009 [5] NCCL INFO Channel 01/0 : 5[5] -> 6[6] via P2P/CUMEM
furious-puma-1:187509:187951 [0] NCCL INFO Allocated shareable buffer 0x793519400000 size 10485760 ipcDesc 0x79359800a680
furious-puma-1:187514:187953 [5] NCCL INFO Allocated shareable buffer 0xa08c00000 size 2097152 ipcDesc 0x793edc02fc20
furious-puma-1:187514:188009 [5] NCCL INFO Channel 02/0 : 5[5] -> 6[6] via P2P/CUMEM
furious-puma-1:187510:187957 [1] NCCL INFO Allocated shareable buffer 0xa09200000 size 2097152 ipcDesc 0x762454034420
furious-puma-1:187510:188011 [1] NCCL INFO Channel 05/0 : 1[1] -> 2[2] via P2P/CUMEM
furious-puma-1:187511:187955 [2] NCCL INFO Allocated shareable buffer 0xa07400000 size 10485760 ipcDesc 0x7b91b002afd0
furious-puma-1:187511:187955 [2] NCCL INFO Allocated shareable buffer 0xa08000000 size 10485760 ipcDesc 0x7b91b002c7d0
furious-puma-1:187514:187953 [5] NCCL INFO Allocated shareable buffer 0xa08e00000 size 2097152 ipcDesc 0x793edc031420
furious-puma-1:187511:188010 [2] NCCL INFO Channel 00/0 : 2[2] -> 3[3] via P2P/CUMEM
furious-puma-1:187514:188009 [5] NCCL INFO Channel 03/0 : 5[5] -> 6[6] via P2P/CUMEM
furious-puma-1:187509:187951 [0] NCCL INFO Allocated shareable buffer 0x793597400000 size 10485760 ipcDesc 0x79359800be80
furious-puma-1:187512:187945 [3] NCCL INFO Allocated shareable buffer 0xa02a00000 size 10485760 ipcDesc 0x72c67401ff30
furious-puma-1:187511:187955 [2] NCCL INFO Allocated shareable buffer 0xa08a00000 size 2097152 ipcDesc 0x7b91b002e420
furious-puma-1:187511:188010 [2] NCCL INFO Channel 01/0 : 2[2] -> 3[3] via P2P/CUMEM
furious-puma-1:187514:187953 [5] NCCL INFO Allocated shareable buffer 0xa09000000 size 2097152 ipcDesc 0x793edc032c20
furious-puma-1:187514:188009 [5] NCCL INFO Channel 04/0 : 5[5] -> 6[6] via P2P/CUMEM
furious-puma-1:187509:187951 [0] NCCL INFO Allocated shareable buffer 0x793606a00000 size 10485760 ipcDesc 0x79359800d860
furious-puma-1:187512:187945 [3] NCCL INFO Allocated shareable buffer 0xa03400000 size 10485760 ipcDesc 0x72c674021730
furious-puma-1:187511:187955 [2] NCCL INFO Allocated shareable buffer 0xa08c00000 size 2097152 ipcDesc 0x7b91b002fc20
furious-puma-1:187511:188010 [2] NCCL INFO Channel 02/0 : 2[2] -> 3[3] via P2P/CUMEM
furious-puma-1:187514:187953 [5] NCCL INFO Allocated shareable buffer 0xa09200000 size 2097152 ipcDesc 0x793edc034420
furious-puma-1:187514:188009 [5] NCCL INFO Channel 05/0 : 5[5] -> 6[6] via P2P/CUMEM
furious-puma-1:187509:187951 [0] NCCL INFO Allocated shareable buffer 0x793607400000 size 10485760 ipcDesc 0x79359800f240
furious-puma-1:187509:187951 [0] NCCL INFO Allocated shareable buffer 0x793607e00000 size 10485760 ipcDesc 0x793598010a40
furious-puma-1:187514:187953 [5] NCCL INFO Allocated shareable buffer 0xa09400000 size 2097152 ipcDesc 0x793edc035c20
furious-puma-1:187514:188009 [5] NCCL INFO Channel 06/0 : 5[5] -> 6[6] via P2P/CUMEM
furious-puma-1:187512:187945 [3] NCCL INFO Allocated shareable buffer 0xa04000000 size 10485760 ipcDesc 0x72c674022f30
furious-puma-1:187511:187955 [2] NCCL INFO Allocated shareable buffer 0xa08e00000 size 2097152 ipcDesc 0x7b91b0031420
furious-puma-1:187511:188010 [2] NCCL INFO Channel 03/0 : 2[2] -> 3[3] via P2P/CUMEM
furious-puma-1:187511:187955 [2] NCCL INFO Allocated shareable buffer 0xa09000000 size 2097152 ipcDesc 0x7b91b0032c20
furious-puma-1:187511:188010 [2] NCCL INFO Channel 04/0 : 2[2] -> 3[3] via P2P/CUMEM
furious-puma-1:187514:187953 [5] NCCL INFO Allocated shareable buffer 0xa09600000 size 2097152 ipcDesc 0x793edc037420
furious-puma-1:187514:188009 [5] NCCL INFO Channel 07/0 : 5[5] -> 6[6] via P2P/CUMEM
furious-puma-1:187510:187957 [1] NCCL INFO Allocated shareable buffer 0xa09400000 size 2097152 ipcDesc 0x762454035c20
furious-puma-1:187512:187945 [3] NCCL INFO Allocated shareable buffer 0xa04a00000 size 10485760 ipcDesc 0x72c674024b80
furious-puma-1:187510:188011 [1] NCCL INFO Channel 06/0 : 1[1] -> 2[2] via P2P/CUMEM
furious-puma-1:187509:187951 [0] NCCL INFO Allocated shareable buffer 0x793608800000 size 10485760 ipcDesc 0x793598012240
furious-puma-1:187512:187945 [3] NCCL INFO Allocated shareable buffer 0xa05400000 size 10485760 ipcDesc 0x72c674026380
furious-puma-1:187511:187955 [2] NCCL INFO Allocated shareable buffer 0xa09200000 size 2097152 ipcDesc 0x7b91b0034420
furious-puma-1:187511:188010 [2] NCCL INFO Channel 05/0 : 2[2] -> 3[3] via P2P/CUMEM
furious-puma-1:187510:187957 [1] NCCL INFO Allocated shareable buffer 0xa09600000 size 2097152 ipcDesc 0x762454037420
furious-puma-1:187510:188011 [1] NCCL INFO Channel 07/0 : 1[1] -> 2[2] via P2P/CUMEM
furious-puma-1:187509:187951 [0] NCCL INFO Allocated shareable buffer 0x793609200000 size 10485760 ipcDesc 0x793598013a40
furious-puma-1:187514:187953 [5] NCCL INFO Allocated shareable buffer 0xa09800000 size 2097152 ipcDesc 0x793edc038c20
furious-puma-1:187514:188009 [5] NCCL INFO Channel 08/0 : 5[5] -> 6[6] via P2P/CUMEM
furious-puma-1:187512:187945 [3] NCCL INFO Allocated shareable buffer 0xa06000000 size 10485760 ipcDesc 0x72c674027b80
furious-puma-1:187511:187955 [2] NCCL INFO Allocated shareable buffer 0xa09400000 size 2097152 ipcDesc 0x7b91b0035c20
furious-puma-1:187511:188010 [2] NCCL INFO Channel 06/0 : 2[2] -> 3[3] via P2P/CUMEM
furious-puma-1:187511:187955 [2] NCCL INFO Allocated shareable buffer 0xa09600000 size 2097152 ipcDesc 0x7b91b0037420
furious-puma-1:187511:188010 [2] NCCL INFO Channel 07/0 : 2[2] -> 3[3] via P2P/CUMEM
furious-puma-1:187512:187945 [3] NCCL INFO Allocated shareable buffer 0xa06a00000 size 10485760 ipcDesc 0x72c6740297d0
furious-puma-1:187514:187953 [5] NCCL INFO Allocated shareable buffer 0xa09a00000 size 2097152 ipcDesc 0x793edc03a420
furious-puma-1:187514:188009 [5] NCCL INFO Channel 09/0 : 5[5] -> 6[6] via P2P/CUMEM
furious-puma-1:187510:187957 [1] NCCL INFO Allocated shareable buffer 0xa09800000 size 2097152 ipcDesc 0x762454038c20
furious-puma-1:187510:188011 [1] NCCL INFO Channel 08/0 : 1[1] -> 2[2] via P2P/CUMEM
furious-puma-1:187509:187951 [0] NCCL INFO Allocated shareable buffer 0x793609c00000 size 10485760 ipcDesc 0x793598015240
furious-puma-1:187510:187957 [1] NCCL INFO Allocated shareable buffer 0xa09a00000 size 2097152 ipcDesc 0x76245403a420
furious-puma-1:187510:188011 [1] NCCL INFO Channel 09/0 : 1[1] -> 2[2] via P2P/CUMEM
furious-puma-1:187511:187955 [2] NCCL INFO Allocated shareable buffer 0xa09800000 size 2097152 ipcDesc 0x7b91b0038c20
furious-puma-1:187511:188010 [2] NCCL INFO Channel 08/0 : 2[2] -> 3[3] via P2P/CUMEM
furious-puma-1:187514:187953 [5] NCCL INFO Allocated shareable buffer 0xa09c00000 size 2097152 ipcDesc 0x793edc03bc20
furious-puma-1:187514:188009 [5] NCCL INFO Channel 10/0 : 5[5] -> 6[6] via P2P/CUMEM
furious-puma-1:187514:187953 [5] NCCL INFO Allocated shareable buffer 0xa09e00000 size 2097152 ipcDesc 0x793edc03d420
furious-puma-1:187514:188009 [5] NCCL INFO Channel 11/0 : 5[5] -> 6[6] via P2P/CUMEM
furious-puma-1:187511:187955 [2] NCCL INFO Allocated shareable buffer 0xa09a00000 size 2097152 ipcDesc 0x7b91b003a420
furious-puma-1:187511:188010 [2] NCCL INFO Channel 09/0 : 2[2] -> 3[3] via P2P/CUMEM
furious-puma-1:187509:187951 [0] NCCL INFO Allocated shareable buffer 0x79360a600000 size 10485760 ipcDesc 0x793598016a40
furious-puma-1:187510:187957 [1] NCCL INFO Allocated shareable buffer 0xa09c00000 size 2097152 ipcDesc 0x76245403bc20
furious-puma-1:187510:188011 [1] NCCL INFO Channel 10/0 : 1[1] -> 2[2] via P2P/CUMEM
furious-puma-1:187510:187957 [1] NCCL INFO Allocated shareable buffer 0xa09e00000 size 2097152 ipcDesc 0x76245403d420
furious-puma-1:187510:188011 [1] NCCL INFO Channel 11/0 : 1[1] -> 2[2] via P2P/CUMEM
furious-puma-1:187511:187955 [2] NCCL INFO Allocated shareable buffer 0xa09c00000 size 2097152 ipcDesc 0x7b91b003bc20
furious-puma-1:187511:188010 [2] NCCL INFO Channel 10/0 : 2[2] -> 3[3] via P2P/CUMEM
furious-puma-1:187509:187951 [0] NCCL INFO Allocated shareable buffer 0x79360b000000 size 10485760 ipcDesc 0x793598018240
furious-puma-1:187512:187945 [3] NCCL INFO Allocated shareable buffer 0xa07400000 size 10485760 ipcDesc 0x72c67402afd0
furious-puma-1:187511:187955 [2] NCCL INFO Allocated shareable buffer 0xa09e00000 size 2097152 ipcDesc 0x7b91b003d420
furious-puma-1:187511:188010 [2] NCCL INFO Channel 11/0 : 2[2] -> 3[3] via P2P/CUMEM
furious-puma-1:187514:187953 [5] NCCL INFO Allocated shareable buffer 0xa07e00000 size 2097152 ipcDesc 0x793edc03eb80
furious-puma-1:187514:188009 [5] NCCL INFO Channel 12/0 : 5[5] -> 6[6] via P2P/CUMEM
furious-puma-1:187510:187957 [1] NCCL INFO Allocated shareable buffer 0xa07e00000 size 2097152 ipcDesc 0x76245403eb80
furious-puma-1:187510:188011 [1] NCCL INFO Channel 12/0 : 1[1] -> 2[2] via P2P/CUMEM
furious-puma-1:187512:187945 [3] NCCL INFO Allocated shareable buffer 0xa08000000 size 10485760 ipcDesc 0x72c67402c7d0
furious-puma-1:187509:187951 [0] NCCL INFO Allocated shareable buffer 0x79360ba00000 size 10485760 ipcDesc 0x793598019a40
furious-puma-1:187512:188012 [3] NCCL INFO Channel 00/0 : 3[3] -> 4[4] via P2P/CUMEM
furious-puma-1:187511:187955 [2] NCCL INFO Allocated shareable buffer 0xa07e00000 size 2097152 ipcDesc 0x7b91b003eb80
furious-puma-1:187511:188010 [2] NCCL INFO Channel 12/0 : 2[2] -> 3[3] via P2P/CUMEM
furious-puma-1:187511:187955 [2] NCCL INFO Allocated shareable buffer 0xa05e00000 size 2097152 ipcDesc 0x7b91b0040060
furious-puma-1:187511:188010 [2] NCCL INFO Channel 13/0 : 2[2] -> 3[3] via P2P/CUMEM
furious-puma-1:187514:187953 [5] NCCL INFO Allocated shareable buffer 0xa05e00000 size 2097152 ipcDesc 0x793edc040060
furious-puma-1:187514:188009 [5] NCCL INFO Channel 13/0 : 5[5] -> 6[6] via P2P/CUMEM
furious-puma-1:187512:187945 [3] NCCL INFO Allocated shareable buffer 0xa08a00000 size 2097152 ipcDesc 0x72c67402e420
furious-puma-1:187512:188012 [3] NCCL INFO Channel 01/0 : 3[3] -> 4[4] via P2P/CUMEM
furious-puma-1:187509:187951 [0] NCCL INFO Allocated shareable buffer 0x79360c400000 size 10485760 ipcDesc 0x79359801b240
furious-puma-1:187509:187951 [0] NCCL INFO Allocated shareable buffer 0x79360ce00000 size 10485760 ipcDesc 0x79359801ca40
furious-puma-1:187514:187953 [5] NCCL INFO Allocated shareable buffer 0xa03e00000 size 2097152 ipcDesc 0x793edc041540
furious-puma-1:187514:188009 [5] NCCL INFO Channel 14/0 : 5[5] -> 6[6] via P2P/CUMEM
furious-puma-1:187512:187945 [3] NCCL INFO Allocated shareable buffer 0xa08c00000 size 2097152 ipcDesc 0x72c67402fc20
furious-puma-1:187512:188012 [3] NCCL INFO Channel 02/0 : 3[3] -> 4[4] via P2P/CUMEM
furious-puma-1:187510:187957 [1] NCCL INFO Allocated shareable buffer 0xa05e00000 size 2097152 ipcDesc 0x762454040060
furious-puma-1:187510:188011 [1] NCCL INFO Channel 13/0 : 1[1] -> 2[2] via P2P/CUMEM
furious-puma-1:187510:187957 [1] NCCL INFO Allocated shareable buffer 0xa03e00000 size 2097152 ipcDesc 0x762454041540
furious-puma-1:187510:188011 [1] NCCL INFO Channel 14/0 : 1[1] -> 2[2] via P2P/CUMEM
furious-puma-1:187514:187953 [5] NCCL INFO Allocated shareable buffer 0x793e59e00000 size 2097152 ipcDesc 0x793edc042a20
furious-puma-1:187514:188009 [5] NCCL INFO Channel 15/0 : 5[5] -> 6[6] via P2P/CUMEM
furious-puma-1:187512:187945 [3] NCCL INFO Allocated shareable buffer 0xa08e00000 size 2097152 ipcDesc 0x72c674031420
furious-puma-1:187512:188012 [3] NCCL INFO Channel 03/0 : 3[3] -> 4[4] via P2P/CUMEM
furious-puma-1:187511:187955 [2] NCCL INFO Allocated shareable buffer 0xa03e00000 size 2097152 ipcDesc 0x7b91b0041540
furious-puma-1:187511:188010 [2] NCCL INFO Channel 14/0 : 2[2] -> 3[3] via P2P/CUMEM
furious-puma-1:187509:187951 [0] NCCL INFO Allocated shareable buffer 0xa02000000 size 10485760 ipcDesc 0x79359801e240
furious-puma-1:187511:187955 [2] NCCL INFO Allocated shareable buffer 0x7b912de00000 size 2097152 ipcDesc 0x7b91b0042a20
furious-puma-1:187511:188010 [2] NCCL INFO Channel 15/0 : 2[2] -> 3[3] via P2P/CUMEM
furious-puma-1:187514:187953 [5] NCCL INFO Allocated shareable buffer 0x793ed7e00000 size 2097152 ipcDesc 0x793edc0440e0
furious-puma-1:187514:188009 [5] NCCL INFO Channel 16/0 : 5[5] -> 6[6] via P2P/CUMEM
furious-puma-1:187510:187957 [1] NCCL INFO Allocated shareable buffer 0x7623d5e00000 size 2097152 ipcDesc 0x762454042a20
furious-puma-1:187510:188011 [1] NCCL INFO Channel 15/0 : 1[1] -> 2[2] via P2P/CUMEM
furious-puma-1:187510:187957 [1] NCCL INFO Allocated shareable buffer 0x762453e00000 size 2097152 ipcDesc 0x7624540440e0
furious-puma-1:187510:188011 [1] NCCL INFO Channel 16/0 : 1[1] -> 2[2] via P2P/CUMEM
furious-puma-1:187509:187951 [0] NCCL INFO Allocated shareable buffer 0xa02a00000 size 10485760 ipcDesc 0x79359801ff30
furious-puma-1:187514:187953 [5] NCCL INFO Allocated shareable buffer 0x793f47800000 size 2097152 ipcDesc 0x793edc045840
furious-puma-1:187514:188009 [5] NCCL INFO Channel 17/0 : 5[5] -> 6[6] via P2P/CUMEM
furious-puma-1:187511:187955 [2] NCCL INFO Allocated shareable buffer 0x7b91abe00000 size 2097152 ipcDesc 0x7b91b00440e0
furious-puma-1:187511:188010 [2] NCCL INFO Channel 16/0 : 2[2] -> 3[3] via P2P/CUMEM
furious-puma-1:187512:187945 [3] NCCL INFO Allocated shareable buffer 0xa09000000 size 2097152 ipcDesc 0x72c674032c20
furious-puma-1:187512:188012 [3] NCCL INFO Channel 04/0 : 3[3] -> 4[4] via P2P/CUMEM
furious-puma-1:187512:187945 [3] NCCL INFO Allocated shareable buffer 0xa09200000 size 2097152 ipcDesc 0x72c674034420
furious-puma-1:187512:188012 [3] NCCL INFO Channel 05/0 : 3[3] -> 4[4] via P2P/CUMEM
furious-puma-1:187511:187955 [2] NCCL INFO Allocated shareable buffer 0x7b921b800000 size 2097152 ipcDesc 0x7b91b0045840
furious-puma-1:187511:188010 [2] NCCL INFO Channel 17/0 : 2[2] -> 3[3] via P2P/CUMEM
furious-puma-1:187514:187953 [5] NCCL INFO Allocated shareable buffer 0x793f47a00000 size 2097152 ipcDesc 0x793edc047040
furious-puma-1:187514:188009 [5] NCCL INFO Channel 18/0 : 5[5] -> 6[6] via P2P/CUMEM
furious-puma-1:187510:187957 [1] NCCL INFO Allocated shareable buffer 0x7624c1800000 size 2097152 ipcDesc 0x762454045840
furious-puma-1:187510:188011 [1] NCCL INFO Channel 17/0 : 1[1] -> 2[2] via P2P/CUMEM
furious-puma-1:187509:187951 [0] NCCL INFO Allocated shareable buffer 0xa03400000 size 10485760 ipcDesc 0x793598021730
furious-puma-1:187510:187957 [1] NCCL INFO Allocated shareable buffer 0x7624c1a00000 size 2097152 ipcDesc 0x762454047040
furious-puma-1:187510:188011 [1] NCCL INFO Channel 18/0 : 1[1] -> 2[2] via P2P/CUMEM
furious-puma-1:187512:187945 [3] NCCL INFO Allocated shareable buffer 0xa09400000 size 2097152 ipcDesc 0x72c674035c20
furious-puma-1:187512:188012 [3] NCCL INFO Channel 06/0 : 3[3] -> 4[4] via P2P/CUMEM
furious-puma-1:187511:187955 [2] NCCL INFO Allocated shareable buffer 0x7b921ba00000 size 2097152 ipcDesc 0x7b91b0047040
furious-puma-1:187511:188010 [2] NCCL INFO Channel 18/0 : 2[2] -> 3[3] via P2P/CUMEM
furious-puma-1:187514:187953 [5] NCCL INFO Allocated shareable buffer 0x793f47c00000 size 2097152 ipcDesc 0x793edc048840
furious-puma-1:187514:188009 [5] NCCL INFO Channel 19/0 : 5[5] -> 6[6] via P2P/CUMEM
furious-puma-1:187512:187945 [3] NCCL INFO Allocated shareable buffer 0xa09600000 size 2097152 ipcDesc 0x72c674037420
furious-puma-1:187512:188012 [3] NCCL INFO Channel 07/0 : 3[3] -> 4[4] via P2P/CUMEM
furious-puma-1:187509:187951 [0] NCCL INFO Allocated shareable buffer 0xa04000000 size 10485760 ipcDesc 0x793598022f30
furious-puma-1:187510:187957 [1] NCCL INFO Allocated shareable buffer 0x7624c1c00000 size 2097152 ipcDesc 0x762454048840
furious-puma-1:187510:188011 [1] NCCL INFO Channel 19/0 : 1[1] -> 2[2] via P2P/CUMEM
furious-puma-1:187511:187955 [2] NCCL INFO Allocated shareable buffer 0x7b921bc00000 size 2097152 ipcDesc 0x7b91b0048840
furious-puma-1:187511:188010 [2] NCCL INFO Channel 19/0 : 2[2] -> 3[3] via P2P/CUMEM
furious-puma-1:187514:187953 [5] NCCL INFO Allocated shareable buffer 0xa0a000000 size 2097152 ipcDesc 0x793edc049f00
furious-puma-1:187514:188009 [5] NCCL INFO Channel 20/0 : 5[5] -> 6[6] via P2P/CUMEM
furious-puma-1:187514:187953 [5] NCCL INFO Allocated shareable buffer 0xa0a200000 size 2097152 ipcDesc 0x793edc04b8d0
furious-puma-1:187514:188009 [5] NCCL INFO Channel 21/0 : 5[5] -> 6[6] via P2P/CUMEM
furious-puma-1:187512:187945 [3] NCCL INFO Allocated shareable buffer 0xa09800000 size 2097152 ipcDesc 0x72c674038c20
furious-puma-1:187512:188012 [3] NCCL INFO Channel 08/0 : 3[3] -> 4[4] via P2P/CUMEM
furious-puma-1:187509:187951 [0] NCCL INFO Allocated shareable buffer 0xa04a00000 size 10485760 ipcDesc 0x793598024b80
furious-puma-1:187511:187955 [2] NCCL INFO Allocated shareable buffer 0xa0a000000 size 2097152 ipcDesc 0x7b91b0049f00
furious-puma-1:187510:187957 [1] NCCL INFO Allocated shareable buffer 0xa0a000000 size 2097152 ipcDesc 0x762454049f00
furious-puma-1:187510:188011 [1] NCCL INFO Channel 20/0 : 1[1] -> 2[2] via P2P/CUMEM
furious-puma-1:187511:188010 [2] NCCL INFO Channel 20/0 : 2[2] -> 3[3] via P2P/CUMEM
furious-puma-1:187511:187955 [2] NCCL INFO Allocated shareable buffer 0xa0a200000 size 2097152 ipcDesc 0x7b91b004b8d0
furious-puma-1:187511:188010 [2] NCCL INFO Channel 21/0 : 2[2] -> 3[3] via P2P/CUMEM
furious-puma-1:187512:187945 [3] NCCL INFO Allocated shareable buffer 0xa09a00000 size 2097152 ipcDesc 0x72c67403a420
furious-puma-1:187512:188012 [3] NCCL INFO Channel 09/0 : 3[3] -> 4[4] via P2P/CUMEM
furious-puma-1:187509:187951 [0] NCCL INFO Allocated shareable buffer 0xa05400000 size 10485760 ipcDesc 0x793598026380
furious-puma-1:187510:187957 [1] NCCL INFO Allocated shareable buffer 0xa0a200000 size 2097152 ipcDesc 0x76245404b8d0
furious-puma-1:187510:188011 [1] NCCL INFO Channel 21/0 : 1[1] -> 2[2] via P2P/CUMEM
furious-puma-1:187514:187953 [5] NCCL INFO Allocated shareable buffer 0xa0a400000 size 2097152 ipcDesc 0x793edc04d0d0
furious-puma-1:187514:188009 [5] NCCL INFO Channel 22/0 : 5[5] -> 6[6] via P2P/CUMEM
furious-puma-1:187510:187957 [1] NCCL INFO Allocated shareable buffer 0xa0a400000 size 2097152 ipcDesc 0x76245404d0d0
furious-puma-1:187510:188011 [1] NCCL INFO Channel 22/0 : 1[1] -> 2[2] via P2P/CUMEM
furious-puma-1:187511:187955 [2] NCCL INFO Allocated shareable buffer 0xa0a400000 size 2097152 ipcDesc 0x7b91b004d0d0
furious-puma-1:187511:188010 [2] NCCL INFO Channel 22/0 : 2[2] -> 3[3] via P2P/CUMEM
furious-puma-1:187512:187945 [3] NCCL INFO Allocated shareable buffer 0xa09c00000 size 2097152 ipcDesc 0x72c67403bc20
furious-puma-1:187512:188012 [3] NCCL INFO Channel 10/0 : 3[3] -> 4[4] via P2P/CUMEM
furious-puma-1:187509:187951 [0] NCCL INFO Allocated shareable buffer 0xa06000000 size 10485760 ipcDesc 0x793598027b80
furious-puma-1:187509:187951 [0] NCCL INFO Allocated shareable buffer 0xa06a00000 size 10485760 ipcDesc 0x7935980297d0
furious-puma-1:187511:187955 [2] NCCL INFO Allocated shareable buffer 0xa0a600000 size 2097152 ipcDesc 0x7b91b004e8d0
furious-puma-1:187511:188010 [2] NCCL INFO Channel 23/0 : 2[2] -> 3[3] via P2P/CUMEM
furious-puma-1:187512:187945 [3] NCCL INFO Allocated shareable buffer 0xa09e00000 size 2097152 ipcDesc 0x72c67403d420
furious-puma-1:187512:188012 [3] NCCL INFO Channel 11/0 : 3[3] -> 4[4] via P2P/CUMEM
furious-puma-1:187514:187953 [5] NCCL INFO Allocated shareable buffer 0xa0a600000 size 2097152 ipcDesc 0x793edc04e8d0
furious-puma-1:187514:188009 [5] NCCL INFO Channel 23/0 : 5[5] -> 6[6] via P2P/CUMEM
furious-puma-1:187510:187957 [1] NCCL INFO Allocated shareable buffer 0xa0a600000 size 2097152 ipcDesc 0x76245404e8d0
furious-puma-1:187510:188011 [1] NCCL INFO Channel 23/0 : 1[1] -> 2[2] via P2P/CUMEM
furious-puma-1:187511:187955 [2] NCCL INFO Allocated shareable buffer 0xa0a800000 size 2097152 ipcDesc 0x7b91b00500d0
furious-puma-1:187509:187951 [0] NCCL INFO Allocated shareable buffer 0xa07400000 size 10485760 ipcDesc 0x79359802afd0
furious-puma-1:187509:187951 [0] NCCL INFO Allocated shareable buffer 0xa08000000 size 10485760 ipcDesc 0x79359802c7d0
furious-puma-1:187509:188013 [0] NCCL INFO Channel 00/0 : 0[0] -> 1[1] via P2P/CUMEM
furious-puma-1:187512:187945 [3] NCCL INFO Allocated shareable buffer 0xa07e00000 size 2097152 ipcDesc 0x72c67403eb80
furious-puma-1:187512:188012 [3] NCCL INFO Channel 12/0 : 3[3] -> 4[4] via P2P/CUMEM
furious-puma-1:187510:187957 [1] NCCL INFO Allocated shareable buffer 0xa0a800000 size 2097152 ipcDesc 0x7624540500d0
furious-puma-1:187514:187953 [5] NCCL INFO Allocated shareable buffer 0xa0a800000 size 2097152 ipcDesc 0x793edc0500d0
furious-puma-1:187512:187945 [3] NCCL INFO Allocated shareable buffer 0xa05e00000 size 2097152 ipcDesc 0x72c674040060
furious-puma-1:187512:188012 [3] NCCL INFO Channel 13/0 : 3[3] -> 4[4] via P2P/CUMEM
furious-puma-1:187509:187951 [0] NCCL INFO Allocated shareable buffer 0xa08a00000 size 2097152 ipcDesc 0x79359802e420
furious-puma-1:187509:188013 [0] NCCL INFO Channel 01/0 : 0[0] -> 1[1] via P2P/CUMEM
furious-puma-1:187509:187951 [0] NCCL INFO Allocated shareable buffer 0xa08c00000 size 2097152 ipcDesc 0x79359802fc20
furious-puma-1:187509:188013 [0] NCCL INFO Channel 02/0 : 0[0] -> 1[1] via P2P/CUMEM
furious-puma-1:187512:187945 [3] NCCL INFO Allocated shareable buffer 0xa03e00000 size 2097152 ipcDesc 0x72c674041540
furious-puma-1:187512:188012 [3] NCCL INFO Channel 14/0 : 3[3] -> 4[4] via P2P/CUMEM
furious-puma-1:187509:187951 [0] NCCL INFO Allocated shareable buffer 0xa08e00000 size 2097152 ipcDesc 0x793598031420
furious-puma-1:187509:188013 [0] NCCL INFO Channel 03/0 : 0[0] -> 1[1] via P2P/CUMEM
furious-puma-1:187512:187945 [3] NCCL INFO Allocated shareable buffer 0x72c5f5e00000 size 2097152 ipcDesc 0x72c674042a20
furious-puma-1:187512:188012 [3] NCCL INFO Channel 15/0 : 3[3] -> 4[4] via P2P/CUMEM
furious-puma-1:187509:187951 [0] NCCL INFO Allocated shareable buffer 0xa09000000 size 2097152 ipcDesc 0x793598032c20
furious-puma-1:187509:188013 [0] NCCL INFO Channel 04/0 : 0[0] -> 1[1] via P2P/CUMEM
furious-puma-1:187512:187945 [3] NCCL INFO Allocated shareable buffer 0x72c673e00000 size 2097152 ipcDesc 0x72c6740440e0
furious-puma-1:187512:188012 [3] NCCL INFO Channel 16/0 : 3[3] -> 4[4] via P2P/CUMEM
furious-puma-1:187513:187949 [4] NCCL INFO Allocated shareable buffer 0x71f7aca00000 size 10485760 ipcDesc 0x71f82c008b80
furious-puma-1:187509:187951 [0] NCCL INFO Allocated shareable buffer 0xa09200000 size 2097152 ipcDesc 0x793598034420
furious-puma-1:187509:188013 [0] NCCL INFO Channel 05/0 : 0[0] -> 1[1] via P2P/CUMEM
furious-puma-1:187512:187945 [3] NCCL INFO Allocated shareable buffer 0x72c6e3800000 size 2097152 ipcDesc 0x72c674045840
furious-puma-1:187512:188012 [3] NCCL INFO Channel 17/0 : 3[3] -> 4[4] via P2P/CUMEM
furious-puma-1:187509:187951 [0] NCCL INFO Allocated shareable buffer 0xa09400000 size 2097152 ipcDesc 0x793598035c20
furious-puma-1:187509:188013 [0] NCCL INFO Channel 06/0 : 0[0] -> 1[1] via P2P/CUMEM
furious-puma-1:187512:187945 [3] NCCL INFO Allocated shareable buffer 0x72c6e3a00000 size 2097152 ipcDesc 0x72c674047040
furious-puma-1:187512:188012 [3] NCCL INFO Channel 18/0 : 3[3] -> 4[4] via P2P/CUMEM
furious-puma-1:187509:187951 [0] NCCL INFO Allocated shareable buffer 0xa09600000 size 2097152 ipcDesc 0x793598037420
furious-puma-1:187509:188013 [0] NCCL INFO Channel 07/0 : 0[0] -> 1[1] via P2P/CUMEM
furious-puma-1:187512:187945 [3] NCCL INFO Allocated shareable buffer 0x72c6e3c00000 size 2097152 ipcDesc 0x72c674048840
furious-puma-1:187512:188012 [3] NCCL INFO Channel 19/0 : 3[3] -> 4[4] via P2P/CUMEM
furious-puma-1:187509:187951 [0] NCCL INFO Allocated shareable buffer 0xa09800000 size 2097152 ipcDesc 0x793598038c20
furious-puma-1:187509:188013 [0] NCCL INFO Channel 08/0 : 0[0] -> 1[1] via P2P/CUMEM
furious-puma-1:187512:187945 [3] NCCL INFO Allocated shareable buffer 0xa0a000000 size 2097152 ipcDesc 0x72c674049f00
furious-puma-1:187512:188012 [3] NCCL INFO Channel 20/0 : 3[3] -> 4[4] via P2P/CUMEM
furious-puma-1:187513:187949 [4] NCCL INFO Allocated shareable buffer 0x71f7ad400000 size 10485760 ipcDesc 0x71f82c00a620
furious-puma-1:187509:187951 [0] NCCL INFO Allocated shareable buffer 0xa09a00000 size 2097152 ipcDesc 0x79359803a420
furious-puma-1:187509:188013 [0] NCCL INFO Channel 09/0 : 0[0] -> 1[1] via P2P/CUMEM
furious-puma-1:187512:187945 [3] NCCL INFO Allocated shareable buffer 0xa0a200000 size 2097152 ipcDesc 0x72c67404b8d0
furious-puma-1:187512:188012 [3] NCCL INFO Channel 21/0 : 3[3] -> 4[4] via P2P/CUMEM
furious-puma-1:187513:187949 [4] NCCL INFO Allocated shareable buffer 0x71f82b400000 size 10485760 ipcDesc 0x71f82c00be60
furious-puma-1:187509:187951 [0] NCCL INFO Allocated shareable buffer 0xa09c00000 size 2097152 ipcDesc 0x79359803bc20
furious-puma-1:187509:188013 [0] NCCL INFO Channel 10/0 : 0[0] -> 1[1] via P2P/CUMEM
furious-puma-1:187512:187945 [3] NCCL INFO Allocated shareable buffer 0xa0a400000 size 2097152 ipcDesc 0x72c67404d0d0
furious-puma-1:187512:188012 [3] NCCL INFO Channel 22/0 : 3[3] -> 4[4] via P2P/CUMEM
furious-puma-1:187509:187951 [0] NCCL INFO Allocated shareable buffer 0xa09e00000 size 2097152 ipcDesc 0x79359803d420
furious-puma-1:187509:188013 [0] NCCL INFO Channel 11/0 : 0[0] -> 1[1] via P2P/CUMEM
furious-puma-1:187513:187949 [4] NCCL INFO Allocated shareable buffer 0x71f894a00000 size 10485760 ipcDesc 0x71f82c00d860
furious-puma-1:187512:187945 [3] NCCL INFO Allocated shareable buffer 0xa0a600000 size 2097152 ipcDesc 0x72c67404e8d0
furious-puma-1:187512:188012 [3] NCCL INFO Channel 23/0 : 3[3] -> 4[4] via P2P/CUMEM
furious-puma-1:187509:187951 [0] NCCL INFO Allocated shareable buffer 0xa07e00000 size 2097152 ipcDesc 0x79359803eb80
furious-puma-1:187509:188013 [0] NCCL INFO Channel 12/0 : 0[0] -> 1[1] via P2P/CUMEM
furious-puma-1:187513:187949 [4] NCCL INFO Allocated shareable buffer 0x71f895400000 size 10485760 ipcDesc 0x71f82c00f240
furious-puma-1:187512:187945 [3] NCCL INFO Allocated shareable buffer 0xa0a800000 size 2097152 ipcDesc 0x72c6740500d0
furious-puma-1:187509:187951 [0] NCCL INFO Allocated shareable buffer 0xa05e00000 size 2097152 ipcDesc 0x793598040060
furious-puma-1:187509:188013 [0] NCCL INFO Channel 13/0 : 0[0] -> 1[1] via P2P/CUMEM
furious-puma-1:187513:187949 [4] NCCL INFO Allocated shareable buffer 0x71f895e00000 size 10485760 ipcDesc 0x71f82c010a40
furious-puma-1:187509:187951 [0] NCCL INFO Allocated shareable buffer 0xa03e00000 size 2097152 ipcDesc 0x793598041540
furious-puma-1:187509:188013 [0] NCCL INFO Channel 14/0 : 0[0] -> 1[1] via P2P/CUMEM
furious-puma-1:187513:187949 [4] NCCL INFO Allocated shareable buffer 0x71f896800000 size 10485760 ipcDesc 0x71f82c012240
furious-puma-1:187513:187949 [4] NCCL INFO Allocated shareable buffer 0x71f897200000 size 10485760 ipcDesc 0x71f82c013a40
furious-puma-1:187509:187951 [0] NCCL INFO Allocated shareable buffer 0x793519e00000 size 2097152 ipcDesc 0x793598042a20
furious-puma-1:187509:188013 [0] NCCL INFO Channel 15/0 : 0[0] -> 1[1] via P2P/CUMEM
furious-puma-1:187513:187949 [4] NCCL INFO Allocated shareable buffer 0x71f897c00000 size 10485760 ipcDesc 0x71f82c015240
furious-puma-1:187511:188010 [2] NCCL INFO UDS converted handle 0x72c674008bd0 to fd 132 on remote peer 3
furious-puma-1:187515:188007 [6] NCCL INFO UDS converted handle 0x724ea8008bd0 to fd 132 on remote peer 7
furious-puma-1:187515:188007 [6] NCCL INFO Imported shareable buffer device 6 size 10485760 ptr 0xa0aa00000
furious-puma-1:187509:187951 [0] NCCL INFO Allocated shareable buffer 0x793597e00000 size 2097152 ipcDesc 0x7935980440e0
furious-puma-1:187509:188013 [0] NCCL INFO Channel 16/0 : 0[0] -> 1[1] via P2P/CUMEM
furious-puma-1:187511:188010 [2] NCCL INFO Imported shareable buffer device 2 size 10485760 ptr 0xa0aa00000
furious-puma-1:187513:187949 [4] NCCL INFO Allocated shareable buffer 0x71f898600000 size 10485760 ipcDesc 0x71f82c016a40
furious-puma-1:187509:187951 [0] NCCL INFO Allocated shareable buffer 0x79360d800000 size 2097152 ipcDesc 0x793598045840
furious-puma-1:187509:188013 [0] NCCL INFO Channel 17/0 : 0[0] -> 1[1] via P2P/CUMEM
furious-puma-1:187515:188007 [6] NCCL INFO UDS converted handle 0x793edc02e470 to fd 133 on remote peer 5
furious-puma-1:187513:187949 [4] NCCL INFO Allocated shareable buffer 0x71f899000000 size 10485760 ipcDesc 0x71f82c018240
furious-puma-1:187509:187951 [0] NCCL INFO Allocated shareable buffer 0x79360da00000 size 2097152 ipcDesc 0x793598047040
furious-puma-1:187509:188013 [0] NCCL INFO Channel 18/0 : 0[0] -> 1[1] via P2P/CUMEM
furious-puma-1:187515:188007 [6] NCCL INFO Imported shareable buffer device 6 size 2097152 ptr 0xa0b400000
furious-puma-1:187513:187949 [4] NCCL INFO Allocated shareable buffer 0x71f899a00000 size 10485760 ipcDesc 0x71f82c019a40
furious-puma-1:187511:188010 [2] NCCL INFO UDS converted handle 0x76245402e470 to fd 133 on remote peer 1
furious-puma-1:187509:187951 [0] NCCL INFO Allocated shareable buffer 0x79360dc00000 size 2097152 ipcDesc 0x793598048840
furious-puma-1:187509:188013 [0] NCCL INFO Channel 19/0 : 0[0] -> 1[1] via P2P/CUMEM
furious-puma-1:187513:187949 [4] NCCL INFO Allocated shareable buffer 0x71f89a400000 size 10485760 ipcDesc 0x71f82c01b240
furious-puma-1:187513:187949 [4] NCCL INFO Allocated shareable buffer 0x71f89ae00000 size 10485760 ipcDesc 0x71f82c01ca40
furious-puma-1:187511:188010 [2] NCCL INFO Imported shareable buffer device 2 size 2097152 ptr 0xa0b400000
furious-puma-1:187515:188007 [6] NCCL INFO UDS converted handle 0x724ea800a670 to fd 133 on remote peer 7
furious-puma-1:187509:187951 [0] NCCL INFO Allocated shareable buffer 0xa0a000000 size 2097152 ipcDesc 0x793598049f00
furious-puma-1:187509:188013 [0] NCCL INFO Channel 20/0 : 0[0] -> 1[1] via P2P/CUMEM
furious-puma-1:187509:187951 [0] NCCL INFO Allocated shareable buffer 0xa0a200000 size 2097152 ipcDesc 0x79359804b8d0
furious-puma-1:187509:188013 [0] NCCL INFO Channel 21/0 : 0[0] -> 1[1] via P2P/CUMEM
furious-puma-1:187513:187949 [4] NCCL INFO Allocated shareable buffer 0xa02000000 size 10485760 ipcDesc 0x71f82c01e240
furious-puma-1:187509:187951 [0] NCCL INFO Allocated shareable buffer 0xa0a400000 size 2097152 ipcDesc 0x79359804d0d0
furious-puma-1:187509:188013 [0] NCCL INFO Channel 22/0 : 0[0] -> 1[1] via P2P/CUMEM
furious-puma-1:187513:187949 [4] NCCL INFO Allocated shareable buffer 0xa02a00000 size 10485760 ipcDesc 0x71f82c01ff30
furious-puma-1:187511:188010 [2] NCCL INFO UDS converted handle 0x72c67400a670 to fd 133 on remote peer 3
furious-puma-1:187515:188007 [6] NCCL INFO Imported shareable buffer device 6 size 10485760 ptr 0xa0b600000
furious-puma-1:187509:187951 [0] NCCL INFO Allocated shareable buffer 0xa0a600000 size 2097152 ipcDesc 0x79359804e8d0
furious-puma-1:187509:188013 [0] NCCL INFO Channel 23/0 : 0[0] -> 1[1] via P2P/CUMEM
furious-puma-1:187513:187949 [4] NCCL INFO Allocated shareable buffer 0xa03400000 size 10485760 ipcDesc 0x71f82c021730
furious-puma-1:187513:187949 [4] NCCL INFO Allocated shareable buffer 0xa04000000 size 10485760 ipcDesc 0x71f82c022f30
furious-puma-1:187511:188010 [2] NCCL INFO Imported shareable buffer device 2 size 10485760 ptr 0xa0b600000
furious-puma-1:187509:187951 [0] NCCL INFO Allocated shareable buffer 0xa0a800000 size 2097152 ipcDesc 0x7935980500d0
furious-puma-1:187513:187949 [4] NCCL INFO Allocated shareable buffer 0xa04a00000 size 10485760 ipcDesc 0x71f82c024b80
furious-puma-1:187515:188007 [6] NCCL INFO UDS converted handle 0x793edc02fc70 to fd 133 on remote peer 5
furious-puma-1:187513:187949 [4] NCCL INFO Allocated shareable buffer 0xa05400000 size 10485760 ipcDesc 0x71f82c026380
furious-puma-1:187511:188010 [2] NCCL INFO UDS converted handle 0x76245402fc70 to fd 134 on remote peer 1
furious-puma-1:187515:188007 [6] NCCL INFO Imported shareable buffer device 6 size 2097152 ptr 0xa0c000000
furious-puma-1:187513:187949 [4] NCCL INFO Allocated shareable buffer 0xa06000000 size 10485760 ipcDesc 0x71f82c027b80
furious-puma-1:187510:188011 [1] NCCL INFO UDS converted handle 0x7b91b0008bd0 to fd 134 on remote peer 2
furious-puma-1:187513:187949 [4] NCCL INFO Allocated shareable buffer 0xa06a00000 size 10485760 ipcDesc 0x71f82c0297d0
furious-puma-1:187516:188008 [7] NCCL INFO UDS converted handle 0x793598008c90 to fd 131 on remote peer 0
furious-puma-1:187511:188010 [2] NCCL INFO Imported shareable buffer device 2 size 2097152 ptr 0xa0c000000
furious-puma-1:187513:187949 [4] NCCL INFO Allocated shareable buffer 0xa07400000 size 10485760 ipcDesc 0x71f82c02afd0
furious-puma-1:187509:188013 [0] NCCL INFO UDS converted handle 0x762454008bd0 to fd 138 on remote peer 1
furious-puma-1:187510:188011 [1] NCCL INFO Imported shareable buffer device 1 size 10485760 ptr 0xa0aa00000
furious-puma-1:187511:188010 [2] NCCL INFO UDS converted handle 0x72c67400beb0 to fd 134 on remote peer 3
furious-puma-1:187515:188007 [6] NCCL INFO UDS converted handle 0x724ea800beb0 to fd 133 on remote peer 7
furious-puma-1:187516:188008 [7] NCCL INFO Imported shareable buffer device 7 size 10485760 ptr 0xa0aa00000
furious-puma-1:187513:187949 [4] NCCL INFO Allocated shareable buffer 0xa08000000 size 10485760 ipcDesc 0x71f82c02c7d0
furious-puma-1:187513:188014 [4] NCCL INFO Channel 00/0 : 4[4] -> 5[5] via P2P/CUMEM
furious-puma-1:187509:188013 [0] NCCL INFO Imported shareable buffer device 0 size 10485760 ptr 0xa0aa00000
furious-puma-1:187515:188007 [6] NCCL INFO Imported shareable buffer device 6 size 10485760 ptr 0xa0c200000
furious-puma-1:187513:187949 [4] NCCL INFO Allocated shareable buffer 0xa08a00000 size 2097152 ipcDesc 0x71f82c02e420
furious-puma-1:187513:188014 [4] NCCL INFO Channel 01/0 : 4[4] -> 5[5] via P2P/CUMEM
furious-puma-1:187516:188008 [7] NCCL INFO UDS converted handle 0x7ea7a002e470 to fd 134 on remote peer 6
furious-puma-1:187511:188010 [2] NCCL INFO Imported shareable buffer device 2 size 10485760 ptr 0xa0c200000
furious-puma-1:187515:188007 [6] NCCL INFO UDS converted handle 0x793edc031470 to fd 134 on remote peer 5
furious-puma-1:187513:187949 [4] NCCL INFO Allocated shareable buffer 0xa08c00000 size 2097152 ipcDesc 0x71f82c02fc20
furious-puma-1:187513:188014 [4] NCCL INFO Channel 02/0 : 4[4] -> 5[5] via P2P/CUMEM
furious-puma-1:187516:188008 [7] NCCL INFO Imported shareable buffer device 7 size 2097152 ptr 0xa0b400000
furious-puma-1:187513:187949 [4] NCCL INFO Allocated shareable buffer 0xa08e00000 size 2097152 ipcDesc 0x71f82c031420
furious-puma-1:187513:188014 [4] NCCL INFO Channel 03/0 : 4[4] -> 5[5] via P2P/CUMEM
furious-puma-1:187510:188011 [1] NCCL INFO UDS converted handle 0x79359802e470 to fd 134 on remote peer 0
furious-puma-1:187515:188007 [6] NCCL INFO Imported shareable buffer device 6 size 2097152 ptr 0xa0cc00000
furious-puma-1:187513:187949 [4] NCCL INFO Allocated shareable buffer 0xa09000000 size 2097152 ipcDesc 0x71f82c032c20
furious-puma-1:187513:188014 [4] NCCL INFO Channel 04/0 : 4[4] -> 5[5] via P2P/CUMEM
furious-puma-1:187510:188011 [1] NCCL INFO Imported shareable buffer device 1 size 2097152 ptr 0xa0b400000
furious-puma-1:187511:188010 [2] NCCL INFO UDS converted handle 0x762454031470 to fd 134 on remote peer 1
furious-puma-1:187509:188013 [0] NCCL INFO UDS converted handle 0x724ea802e470 to fd 140 on remote peer 7
furious-puma-1:187516:188008 [7] NCCL INFO UDS converted handle 0x79359800a6d0 to fd 134 on remote peer 0
furious-puma-1:187513:187949 [4] NCCL INFO Allocated shareable buffer 0xa09200000 size 2097152 ipcDesc 0x71f82c034420
furious-puma-1:187513:188014 [4] NCCL INFO Channel 05/0 : 4[4] -> 5[5] via P2P/CUMEM
furious-puma-1:187510:188011 [1] NCCL INFO UDS converted handle 0x7b91b000a670 to fd 134 on remote peer 2
furious-puma-1:187513:187949 [4] NCCL INFO Allocated shareable buffer 0xa09400000 size 2097152 ipcDesc 0x71f82c035c20
furious-puma-1:187513:188014 [4] NCCL INFO Channel 06/0 : 4[4] -> 5[5] via P2P/CUMEM
furious-puma-1:187511:188010 [2] NCCL INFO Imported shareable buffer device 2 size 2097152 ptr 0xa0cc00000
furious-puma-1:187509:188013 [0] NCCL INFO Imported shareable buffer device 0 size 2097152 ptr 0xa0b400000
furious-puma-1:187513:187949 [4] NCCL INFO Allocated shareable buffer 0xa09600000 size 2097152 ipcDesc 0x71f82c037420
furious-puma-1:187513:188014 [4] NCCL INFO Channel 07/0 : 4[4] -> 5[5] via P2P/CUMEM
furious-puma-1:187510:188011 [1] NCCL INFO Imported shareable buffer device 1 size 10485760 ptr 0xa0b600000
furious-puma-1:187511:188010 [2] NCCL INFO UDS converted handle 0x72c67400d8b0 to fd 134 on remote peer 3
furious-puma-1:187513:187949 [4] NCCL INFO Allocated shareable buffer 0xa09800000 size 2097152 ipcDesc 0x71f82c038c20
furious-puma-1:187513:188014 [4] NCCL INFO Channel 08/0 : 4[4] -> 5[5] via P2P/CUMEM
furious-puma-1:187516:188008 [7] NCCL INFO Imported shareable buffer device 7 size 10485760 ptr 0xa0b600000
furious-puma-1:187515:188007 [6] NCCL INFO UDS converted handle 0x724ea800d8b0 to fd 134 on remote peer 7
furious-puma-1:187511:188010 [2] NCCL INFO Imported shareable buffer device 2 size 10485760 ptr 0xa0ce00000
furious-puma-1:187516:188008 [7] NCCL INFO UDS converted handle 0x7ea7a002fc70 to fd 134 on remote peer 6
furious-puma-1:187510:188011 [1] NCCL INFO UDS converted handle 0x79359802fc70 to fd 134 on remote peer 0
furious-puma-1:187513:187949 [4] NCCL INFO Allocated shareable buffer 0xa09a00000 size 2097152 ipcDesc 0x71f82c03a420
furious-puma-1:187513:188014 [4] NCCL INFO Channel 09/0 : 4[4] -> 5[5] via P2P/CUMEM
furious-puma-1:187509:188013 [0] NCCL INFO UDS converted handle 0x76245400a670 to fd 139 on remote peer 1
furious-puma-1:187516:188008 [7] NCCL INFO Imported shareable buffer device 7 size 2097152 ptr 0xa0c000000
furious-puma-1:187515:188007 [6] NCCL INFO Imported shareable buffer device 6 size 10485760 ptr 0xa0ce00000
furious-puma-1:187513:187949 [4] NCCL INFO Allocated shareable buffer 0xa09c00000 size 2097152 ipcDesc 0x71f82c03bc20
furious-puma-1:187513:188014 [4] NCCL INFO Channel 10/0 : 4[4] -> 5[5] via P2P/CUMEM
furious-puma-1:187516:188008 [7] NCCL INFO UDS converted handle 0x79359800bed0 to fd 134 on remote peer 0
furious-puma-1:187509:188013 [0] NCCL INFO Imported shareable buffer device 0 size 10485760 ptr 0xa0b600000
furious-puma-1:187513:187949 [4] NCCL INFO Allocated shareable buffer 0xa09e00000 size 2097152 ipcDesc 0x71f82c03d420
furious-puma-1:187513:188014 [4] NCCL INFO Channel 11/0 : 4[4] -> 5[5] via P2P/CUMEM
furious-puma-1:187510:188011 [1] NCCL INFO Imported shareable buffer device 1 size 2097152 ptr 0xa0c000000
furious-puma-1:187516:188008 [7] NCCL INFO Imported shareable buffer device 7 size 10485760 ptr 0xa0c200000
furious-puma-1:187513:187949 [4] NCCL INFO Allocated shareable buffer 0xa07e00000 size 2097152 ipcDesc 0x71f82c03eb80
furious-puma-1:187513:188014 [4] NCCL INFO Channel 12/0 : 4[4] -> 5[5] via P2P/CUMEM
furious-puma-1:187511:188010 [2] NCCL INFO UDS converted handle 0x762454032c70 to fd 134 on remote peer 1
furious-puma-1:187515:188007 [6] NCCL INFO UDS converted handle 0x793edc032c70 to fd 134 on remote peer 5
furious-puma-1:187513:187949 [4] NCCL INFO Allocated shareable buffer 0xa05e00000 size 2097152 ipcDesc 0x71f82c040060
furious-puma-1:187513:188014 [4] NCCL INFO Channel 13/0 : 4[4] -> 5[5] via P2P/CUMEM
furious-puma-1:187515:188007 [6] NCCL INFO Imported shareable buffer device 6 size 2097152 ptr 0xa0d800000
furious-puma-1:187509:188013 [0] NCCL INFO UDS converted handle 0x724ea802fc70 to fd 139 on remote peer 7
furious-puma-1:187513:187949 [4] NCCL INFO Allocated shareable buffer 0xa03e00000 size 2097152 ipcDesc 0x71f82c041540
furious-puma-1:187513:188014 [4] NCCL INFO Channel 14/0 : 4[4] -> 5[5] via P2P/CUMEM
furious-puma-1:187513:187949 [4] NCCL INFO Allocated shareable buffer 0x71f7ade00000 size 2097152 ipcDesc 0x71f82c042a20
furious-puma-1:187513:188014 [4] NCCL INFO Channel 15/0 : 4[4] -> 5[5] via P2P/CUMEM
furious-puma-1:187509:188013 [0] NCCL INFO Imported shareable buffer device 0 size 2097152 ptr 0xa0c000000
furious-puma-1:187516:188008 [7] NCCL INFO UDS converted handle 0x7ea7a0031470 to fd 134 on remote peer 6
furious-puma-1:187510:188011 [1] NCCL INFO UDS converted handle 0x7b91b000beb0 to fd 134 on remote peer 2
furious-puma-1:187513:187949 [4] NCCL INFO Allocated shareable buffer 0x71f82be00000 size 2097152 ipcDesc 0x71f82c0440e0
furious-puma-1:187513:188014 [4] NCCL INFO Channel 16/0 : 4[4] -> 5[5] via P2P/CUMEM
furious-puma-1:187511:188010 [2] NCCL INFO Imported shareable buffer device 2 size 2097152 ptr 0xa0d800000
furious-puma-1:187510:188011 [1] NCCL INFO Imported shareable buffer device 1 size 10485760 ptr 0xa0c200000
furious-puma-1:187516:188008 [7] NCCL INFO Imported shareable buffer device 7 size 2097152 ptr 0xa0cc00000
furious-puma-1:187513:187949 [4] NCCL INFO Allocated shareable buffer 0x71f89b800000 size 2097152 ipcDesc 0x71f82c045840
furious-puma-1:187513:188014 [4] NCCL INFO Channel 17/0 : 4[4] -> 5[5] via P2P/CUMEM
furious-puma-1:187515:188007 [6] NCCL INFO UDS converted handle 0x724ea800f290 to fd 134 on remote peer 7
furious-puma-1:187509:188013 [0] NCCL INFO UDS converted handle 0x76245400beb0 to fd 139 on remote peer 1
furious-puma-1:187511:188010 [2] NCCL INFO UDS converted handle 0x72c67400f290 to fd 134 on remote peer 3
furious-puma-1:187515:188007 [6] NCCL INFO Imported shareable buffer device 6 size 10485760 ptr 0xa0e000000
furious-puma-1:187513:187949 [4] NCCL INFO Allocated shareable buffer 0x71f89ba00000 size 2097152 ipcDesc 0x71f82c047040
furious-puma-1:187509:188013 [0] NCCL INFO Imported shareable buffer device 0 size 10485760 ptr 0xa0c200000
furious-puma-1:187513:188014 [4] NCCL INFO Channel 18/0 : 4[4] -> 5[5] via P2P/CUMEM
furious-puma-1:187510:188011 [1] NCCL INFO UDS converted handle 0x793598031470 to fd 134 on remote peer 0
furious-puma-1:187513:187949 [4] NCCL INFO Allocated shareable buffer 0x71f89bc00000 size 2097152 ipcDesc 0x71f82c048840
furious-puma-1:187513:188014 [4] NCCL INFO Channel 19/0 : 4[4] -> 5[5] via P2P/CUMEM
furious-puma-1:187515:188007 [6] NCCL INFO UDS converted handle 0x793edc034470 to fd 134 on remote peer 5
furious-puma-1:187510:188011 [1] NCCL INFO Imported shareable buffer device 1 size 2097152 ptr 0xa0cc00000
furious-puma-1:187511:188010 [2] NCCL INFO Imported shareable buffer device 2 size 10485760 ptr 0xa0e000000
furious-puma-1:187513:187949 [4] NCCL INFO Allocated shareable buffer 0xa0a000000 size 2097152 ipcDesc 0x71f82c049f00
furious-puma-1:187513:188014 [4] NCCL INFO Channel 20/0 : 4[4] -> 5[5] via P2P/CUMEM
furious-puma-1:187509:188013 [0] NCCL INFO UDS converted handle 0x724ea8031470 to fd 138 on remote peer 7
furious-puma-1:187513:187949 [4] NCCL INFO Allocated shareable buffer 0xa0a200000 size 2097152 ipcDesc 0x71f82c04b8d0
furious-puma-1:187513:188014 [4] NCCL INFO Channel 21/0 : 4[4] -> 5[5] via P2P/CUMEM
furious-puma-1:187515:188007 [6] NCCL INFO Imported shareable buffer device 6 size 2097152 ptr 0xa0ea00000
furious-puma-1:187511:188010 [2] NCCL INFO UDS converted handle 0x762454034470 to fd 134 on remote peer 1
furious-puma-1:187516:188008 [7] NCCL INFO UDS converted handle 0x79359800d8b0 to fd 134 on remote peer 0
furious-puma-1:187510:188011 [1] NCCL INFO UDS converted handle 0x7b91b000d8b0 to fd 134 on remote peer 2
furious-puma-1:187509:188013 [0] NCCL INFO Imported shareable buffer device 0 size 2097152 ptr 0xa0cc00000
furious-puma-1:187516:188008 [7] NCCL INFO Imported shareable buffer device 7 size 10485760 ptr 0xa0ce00000
furious-puma-1:187513:187949 [4] NCCL INFO Allocated shareable buffer 0xa0a400000 size 2097152 ipcDesc 0x71f82c04d0d0
furious-puma-1:187513:188014 [4] NCCL INFO Channel 22/0 : 4[4] -> 5[5] via P2P/CUMEM
furious-puma-1:187511:188010 [2] NCCL INFO Imported shareable buffer device 2 size 2097152 ptr 0xa0ea00000
furious-puma-1:187513:187949 [4] NCCL INFO Allocated shareable buffer 0xa0a600000 size 2097152 ipcDesc 0x71f82c04e8d0
furious-puma-1:187513:188014 [4] NCCL INFO Channel 23/0 : 4[4] -> 5[5] via P2P/CUMEM
furious-puma-1:187510:188011 [1] NCCL INFO Imported shareable buffer device 1 size 10485760 ptr 0xa0ce00000
furious-puma-1:187515:188007 [6] NCCL INFO UDS converted handle 0x724ea8010a90 to fd 134 on remote peer 7
furious-puma-1:187509:188013 [0] NCCL INFO UDS converted handle 0x76245400d8b0 to fd 139 on remote peer 1
furious-puma-1:187513:187949 [4] NCCL INFO Allocated shareable buffer 0xa0a800000 size 2097152 ipcDesc 0x71f82c0500d0
furious-puma-1:187515:188007 [6] NCCL INFO Imported shareable buffer device 6 size 10485760 ptr 0xa0ec00000
furious-puma-1:187516:188008 [7] NCCL INFO UDS converted handle 0x7ea7a0032c70 to fd 134 on remote peer 6
furious-puma-1:187511:188010 [2] NCCL INFO UDS converted handle 0x72c674010a90 to fd 134 on remote peer 3
furious-puma-1:187509:188013 [0] NCCL INFO Imported shareable buffer device 0 size 10485760 ptr 0xa0ce00000
furious-puma-1:187511:188010 [2] NCCL INFO Imported shareable buffer device 2 size 10485760 ptr 0xa0ec00000
furious-puma-1:187516:188008 [7] NCCL INFO Imported shareable buffer device 7 size 2097152 ptr 0xa0d800000
furious-puma-1:187510:188011 [1] NCCL INFO UDS converted handle 0x793598032c70 to fd 134 on remote peer 0
furious-puma-1:187515:188007 [6] NCCL INFO UDS converted handle 0x793edc035c70 to fd 136 on remote peer 5
furious-puma-1:187514:188009 [5] NCCL INFO UDS converted handle 0x7ea7a0008bd0 to fd 134 on remote peer 6
furious-puma-1:187512:188012 [3] NCCL INFO UDS converted handle 0x71f82c008bd0 to fd 133 on remote peer 4
furious-puma-1:187509:188013 [0] NCCL INFO UDS converted handle 0x724ea8032c70 to fd 139 on remote peer 7
furious-puma-1:187511:188010 [2] NCCL INFO UDS converted handle 0x762454035c70 to fd 134 on remote peer 1
furious-puma-1:187515:188007 [6] NCCL INFO Imported shareable buffer device 6 size 2097152 ptr 0xa0f600000
furious-puma-1:187514:188009 [5] NCCL INFO Imported shareable buffer device 5 size 10485760 ptr 0xa0aa00000
furious-puma-1:187512:188012 [3] NCCL INFO Imported shareable buffer device 3 size 10485760 ptr 0xa0aa00000
furious-puma-1:187510:188011 [1] NCCL INFO Imported shareable buffer device 1 size 2097152 ptr 0xa0d800000
furious-puma-1:187513:188014 [4] NCCL INFO UDS converted handle 0x793edc008bd0 to fd 134 on remote peer 5
furious-puma-1:187509:188013 [0] NCCL INFO Imported shareable buffer device 0 size 2097152 ptr 0xa0d800000
furious-puma-1:187516:188008 [7] NCCL INFO UDS converted handle 0x79359800f290 to fd 134 on remote peer 0
furious-puma-1:187511:188010 [2] NCCL INFO Imported shareable buffer device 2 size 2097152 ptr 0xa0f600000
furious-puma-1:187510:188011 [1] NCCL INFO UDS converted handle 0x7b91b000f290 to fd 134 on remote peer 2
furious-puma-1:187516:188008 [7] NCCL INFO Imported shareable buffer device 7 size 10485760 ptr 0xa0e000000
furious-puma-1:187510:188011 [1] NCCL INFO Imported shareable buffer device 1 size 10485760 ptr 0xa0e000000
furious-puma-1:187515:188007 [6] NCCL INFO UDS converted handle 0x724ea8012290 to fd 134 on remote peer 7
furious-puma-1:187513:188014 [4] NCCL INFO Imported shareable buffer device 4 size 10485760 ptr 0xa0aa00000
furious-puma-1:187514:188009 [5] NCCL INFO UDS converted handle 0x71f82c02e470 to fd 135 on remote peer 4
furious-puma-1:187511:188010 [2] NCCL INFO UDS converted handle 0x72c674012290 to fd 134 on remote peer 3
furious-puma-1:187516:188008 [7] NCCL INFO UDS converted handle 0x7ea7a0034470 to fd 134 on remote peer 6
furious-puma-1:187509:188013 [0] NCCL INFO UDS converted handle 0x76245400f290 to fd 139 on remote peer 1
furious-puma-1:187515:188007 [6] NCCL INFO Imported shareable buffer device 6 size 10485760 ptr 0xa10000000
furious-puma-1:187510:188011 [1] NCCL INFO UDS converted handle 0x793598034470 to fd 134 on remote peer 0
furious-puma-1:187509:188013 [0] NCCL INFO Imported shareable buffer device 0 size 10485760 ptr 0xa0e000000
furious-puma-1:187511:188010 [2] NCCL INFO Imported shareable buffer device 2 size 10485760 ptr 0xa10000000
furious-puma-1:187514:188009 [5] NCCL INFO Imported shareable buffer device 5 size 2097152 ptr 0xa0b400000
furious-puma-1:187512:188012 [3] NCCL INFO UDS converted handle 0x7b91b002e470 to fd 135 on remote peer 2
furious-puma-1:187516:188008 [7] NCCL INFO Imported shareable buffer device 7 size 2097152 ptr 0xa0ea00000
furious-puma-1:187510:188011 [1] NCCL INFO Imported shareable buffer device 1 size 2097152 ptr 0xa0ea00000
furious-puma-1:187514:188009 [5] NCCL INFO UDS converted handle 0x7ea7a000a670 to fd 135 on remote peer 6
furious-puma-1:187513:188014 [4] NCCL INFO UDS converted handle 0x72c67402e470 to fd 132 on remote peer 3
furious-puma-1:187515:188007 [6] NCCL INFO UDS converted handle 0x793edc037470 to fd 134 on remote peer 5
furious-puma-1:187509:188013 [0] NCCL INFO UDS converted handle 0x724ea8034470 to fd 139 on remote peer 7
furious-puma-1:187512:188012 [3] NCCL INFO Imported shareable buffer device 3 size 2097152 ptr 0xa0b400000
furious-puma-1:187511:188010 [2] NCCL INFO UDS converted handle 0x762454037470 to fd 134 on remote peer 1
furious-puma-1:187514:188009 [5] NCCL INFO Imported shareable buffer device 5 size 10485760 ptr 0xa0b600000
furious-puma-1:187516:188008 [7] NCCL INFO UDS converted handle 0x793598010a90 to fd 134 on remote peer 0
furious-puma-1:187513:188014 [4] NCCL INFO Imported shareable buffer device 4 size 2097152 ptr 0xa0b400000
furious-puma-1:187515:188007 [6] NCCL INFO Imported shareable buffer device 6 size 2097152 ptr 0xa10a00000
furious-puma-1:187510:188011 [1] NCCL INFO UDS converted handle 0x7b91b0010a90 to fd 134 on remote peer 2
furious-puma-1:187509:188013 [0] NCCL INFO Imported shareable buffer device 0 size 2097152 ptr 0xa0ea00000
furious-puma-1:187516:188008 [7] NCCL INFO Imported shareable buffer device 7 size 10485760 ptr 0xa0ec00000
furious-puma-1:187511:188010 [2] NCCL INFO Imported shareable buffer device 2 size 2097152 ptr 0xa10a00000
furious-puma-1:187510:188011 [1] NCCL INFO Imported shareable buffer device 1 size 10485760 ptr 0xa0ec00000
furious-puma-1:187512:188012 [3] NCCL INFO UDS converted handle 0x71f82c00a670 to fd 135 on remote peer 4
furious-puma-1:187516:188008 [7] NCCL INFO UDS converted handle 0x7ea7a0035c70 to fd 135 on remote peer 6
furious-puma-1:187515:188007 [6] NCCL INFO UDS converted handle 0x724ea8013a90 to fd 134 on remote peer 7
furious-puma-1:187509:188013 [0] NCCL INFO UDS converted handle 0x762454010a90 to fd 139 on remote peer 1
furious-puma-1:187513:188014 [4] NCCL INFO UDS converted handle 0x793edc00a670 to fd 135 on remote peer 5
furious-puma-1:187512:188012 [3] NCCL INFO Imported shareable buffer device 3 size 10485760 ptr 0xa0b600000
furious-puma-1:187516:188008 [7] NCCL INFO Imported shareable buffer device 7 size 2097152 ptr 0xa0f600000
furious-puma-1:187511:188010 [2] NCCL INFO UDS converted handle 0x72c674013a90 to fd 135 on remote peer 3
furious-puma-1:187510:188011 [1] NCCL INFO UDS converted handle 0x793598035c70 to fd 134 on remote peer 0
furious-puma-1:187514:188009 [5] NCCL INFO UDS converted handle 0x71f82c02fc70 to fd 135 on remote peer 4
furious-puma-1:187509:188013 [0] NCCL INFO Imported shareable buffer device 0 size 10485760 ptr 0xa0ec00000
furious-puma-1:187516:188008 [7] NCCL INFO UDS converted handle 0x793598012290 to fd 134 on remote peer 0
furious-puma-1:187513:188014 [4] NCCL INFO Imported shareable buffer device 4 size 10485760 ptr 0xa0b600000
furious-puma-1:187510:188011 [1] NCCL INFO Imported shareable buffer device 1 size 2097152 ptr 0xa0f600000
furious-puma-1:187515:188007 [6] NCCL INFO Imported shareable buffer device 6 size 10485760 ptr 0xa10c00000
furious-puma-1:187511:188010 [2] NCCL INFO Imported shareable buffer device 2 size 10485760 ptr 0xa10c00000
furious-puma-1:187516:188008 [7] NCCL INFO Imported shareable buffer device 7 size 10485760 ptr 0xa10000000
furious-puma-1:187512:188012 [3] NCCL INFO UDS converted handle 0x7b91b002fc70 to fd 135 on remote peer 2
furious-puma-1:187514:188009 [5] NCCL INFO Imported shareable buffer device 5 size 2097152 ptr 0xa0c000000
furious-puma-1:187513:188014 [4] NCCL INFO UDS converted handle 0x72c67402fc70 to fd 135 on remote peer 3
furious-puma-1:187509:188013 [0] NCCL INFO UDS converted handle 0x724ea8035c70 to fd 139 on remote peer 7
furious-puma-1:187515:188007 [6] NCCL INFO UDS converted handle 0x793edc038c70 to fd 136 on remote peer 5
furious-puma-1:187509:188013 [0] NCCL INFO Imported shareable buffer device 0 size 2097152 ptr 0xa0f600000
furious-puma-1:187516:188008 [7] NCCL INFO UDS converted handle 0x7ea7a0037470 to fd 134 on remote peer 6
furious-puma-1:187512:188012 [3] NCCL INFO Imported shareable buffer device 3 size 2097152 ptr 0xa0c000000
furious-puma-1:187510:188011 [1] NCCL INFO UDS converted handle 0x7b91b0012290 to fd 134 on remote peer 2
furious-puma-1:187515:188007 [6] NCCL INFO Imported shareable buffer device 6 size 2097152 ptr 0xa11600000
furious-puma-1:187511:188010 [2] NCCL INFO UDS converted handle 0x762454038c70 to fd 135 on remote peer 1
furious-puma-1:187513:188014 [4] NCCL INFO Imported shareable buffer device 4 size 2097152 ptr 0xa0c000000
furious-puma-1:187516:188008 [7] NCCL INFO Imported shareable buffer device 7 size 2097152 ptr 0xa10a00000
furious-puma-1:187510:188011 [1] NCCL INFO Imported shareable buffer device 1 size 10485760 ptr 0xa10000000
furious-puma-1:187514:188009 [5] NCCL INFO UDS converted handle 0x7ea7a000beb0 to fd 135 on remote peer 6
furious-puma-1:187512:188012 [3] NCCL INFO UDS converted handle 0x71f82c00beb0 to fd 135 on remote peer 4
furious-puma-1:187511:188010 [2] NCCL INFO Imported shareable buffer device 2 size 2097152 ptr 0xa11600000
furious-puma-1:187514:188009 [5] NCCL INFO Imported shareable buffer device 5 size 10485760 ptr 0xa0c200000
furious-puma-1:187512:188012 [3] NCCL INFO Imported shareable buffer device 3 size 10485760 ptr 0xa0c200000
furious-puma-1:187509:188013 [0] NCCL INFO UDS converted handle 0x762454012290 to fd 140 on remote peer 1
furious-puma-1:187516:188008 [7] NCCL INFO UDS converted handle 0x793598013a90 to fd 134 on remote peer 0
furious-puma-1:187513:188014 [4] NCCL INFO UDS converted handle 0x793edc00beb0 to fd 135 on remote peer 5
furious-puma-1:187515:188007 [6] NCCL INFO UDS converted handle 0x724ea8015290 to fd 134 on remote peer 7
furious-puma-1:187509:188013 [0] NCCL INFO Imported shareable buffer device 0 size 10485760 ptr 0xa10000000
furious-puma-1:187516:188008 [7] NCCL INFO Imported shareable buffer device 7 size 10485760 ptr 0xa10c00000
furious-puma-1:187513:188014 [4] NCCL INFO Imported shareable buffer device 4 size 10485760 ptr 0xa0c200000
furious-puma-1:187515:188007 [6] NCCL INFO Imported shareable buffer device 6 size 10485760 ptr 0xa12000000
furious-puma-1:187514:188009 [5] NCCL INFO UDS converted handle 0x71f82c031470 to fd 135 on remote peer 4
furious-puma-1:187511:188010 [2] NCCL INFO UDS converted handle 0x72c674015290 to fd 135 on remote peer 3
furious-puma-1:187510:188011 [1] NCCL INFO UDS converted handle 0x793598037470 to fd 134 on remote peer 0
furious-puma-1:187512:188012 [3] NCCL INFO UDS converted handle 0x7b91b0031470 to fd 135 on remote peer 2
furious-puma-1:187514:188009 [5] NCCL INFO Imported shareable buffer device 5 size 2097152 ptr 0xa0cc00000
furious-puma-1:187511:188010 [2] NCCL INFO Imported shareable buffer device 2 size 10485760 ptr 0xa12000000
furious-puma-1:187516:188008 [7] NCCL INFO UDS converted handle 0x7ea7a0038c70 to fd 135 on remote peer 6
furious-puma-1:187509:188013 [0] NCCL INFO UDS converted handle 0x724ea8037470 to fd 139 on remote peer 7
furious-puma-1:187512:188012 [3] NCCL INFO Imported shareable buffer device 3 size 2097152 ptr 0xa0cc00000
furious-puma-1:187510:188011 [1] NCCL INFO Imported shareable buffer device 1 size 2097152 ptr 0xa10a00000
furious-puma-1:187516:188008 [7] NCCL INFO Imported shareable buffer device 7 size 2097152 ptr 0xa11600000
furious-puma-1:187515:188007 [6] NCCL INFO UDS converted handle 0x793edc03a470 to fd 134 on remote peer 5
furious-puma-1:187513:188014 [4] NCCL INFO UDS converted handle 0x72c674031470 to fd 135 on remote peer 3
furious-puma-1:187509:188013 [0] NCCL INFO Imported shareable buffer device 0 size 2097152 ptr 0xa10a00000
furious-puma-1:187512:188012 [3] NCCL INFO UDS converted handle 0x71f82c00d8b0 to fd 135 on remote peer 4
furious-puma-1:187515:188007 [6] NCCL INFO Imported shareable buffer device 6 size 2097152 ptr 0xa12a00000
furious-puma-1:187511:188010 [2] NCCL INFO UDS converted handle 0x76245403a470 to fd 135 on remote peer 1
furious-puma-1:187514:188009 [5] NCCL INFO UDS converted handle 0x7ea7a000d8b0 to fd 135 on remote peer 6
furious-puma-1:187516:188008 [7] NCCL INFO UDS converted handle 0x793598015290 to fd 134 on remote peer 0
furious-puma-1:187512:188012 [3] NCCL INFO Imported shareable buffer device 3 size 10485760 ptr 0xa0ce00000
furious-puma-1:187513:188014 [4] NCCL INFO Imported shareable buffer device 4 size 2097152 ptr 0xa0cc00000
furious-puma-1:187514:188009 [5] NCCL INFO Imported shareable buffer device 5 size 10485760 ptr 0xa0ce00000
furious-puma-1:187511:188010 [2] NCCL INFO Imported shareable buffer device 2 size 2097152 ptr 0xa12a00000
furious-puma-1:187510:188011 [1] NCCL INFO UDS converted handle 0x7b91b0013a90 to fd 134 on remote peer 2
furious-puma-1:187516:188008 [7] NCCL INFO Imported shareable buffer device 7 size 10485760 ptr 0xa12000000
furious-puma-1:187509:188013 [0] NCCL INFO UDS converted handle 0x762454013a90 to fd 139 on remote peer 1
furious-puma-1:187513:188014 [4] NCCL INFO UDS converted handle 0x793edc00d8b0 to fd 135 on remote peer 5
furious-puma-1:187515:188007 [6] NCCL INFO UDS converted handle 0x724ea8016a90 to fd 134 on remote peer 7
furious-puma-1:187510:188011 [1] NCCL INFO Imported shareable buffer device 1 size 10485760 ptr 0xa10c00000
furious-puma-1:187514:188009 [5] NCCL INFO UDS converted handle 0x71f82c032c70 to fd 135 on remote peer 4
furious-puma-1:187513:188014 [4] NCCL INFO Imported shareable buffer device 4 size 10485760 ptr 0xa0ce00000
furious-puma-1:187512:188012 [3] NCCL INFO UDS converted handle 0x7b91b0032c70 to fd 136 on remote peer 2
furious-puma-1:187511:188010 [2] NCCL INFO UDS converted handle 0x72c674016a90 to fd 134 on remote peer 3
furious-puma-1:187515:188007 [6] NCCL INFO Imported shareable buffer device 6 size 10485760 ptr 0xa12c00000
furious-puma-1:187509:188013 [0] NCCL INFO Imported shareable buffer device 0 size 10485760 ptr 0xa10c00000
furious-puma-1:187514:188009 [5] NCCL INFO Imported shareable buffer device 5 size 2097152 ptr 0xa0d800000
furious-puma-1:187511:188010 [2] NCCL INFO Imported shareable buffer device 2 size 10485760 ptr 0xa12c00000
furious-puma-1:187516:188008 [7] NCCL INFO UDS converted handle 0x7ea7a003a470 to fd 134 on remote peer 6
furious-puma-1:187512:188012 [3] NCCL INFO Imported shareable buffer device 3 size 2097152 ptr 0xa0d800000
furious-puma-1:187510:188011 [1] NCCL INFO UDS converted handle 0x793598038c70 to fd 134 on remote peer 0
furious-puma-1:187513:188014 [4] NCCL INFO UDS converted handle 0x72c674032c70 to fd 135 on remote peer 3
furious-puma-1:187515:188007 [6] NCCL INFO UDS converted handle 0x793edc03bc70 to fd 134 on remote peer 5
furious-puma-1:187516:188008 [7] NCCL INFO Imported shareable buffer device 7 size 2097152 ptr 0xa12a00000
furious-puma-1:187513:188014 [4] NCCL INFO Imported shareable buffer device 4 size 2097152 ptr 0xa0d800000
furious-puma-1:187509:188013 [0] NCCL INFO UDS converted handle 0x724ea8038c70 to fd 139 on remote peer 7
furious-puma-1:187511:188010 [2] NCCL INFO UDS converted handle 0x76245403bc70 to fd 135 on remote peer 1
furious-puma-1:187514:188009 [5] NCCL INFO UDS converted handle 0x7ea7a000f290 to fd 135 on remote peer 6
furious-puma-1:187510:188011 [1] NCCL INFO Imported shareable buffer device 1 size 2097152 ptr 0xa11600000
furious-puma-1:187515:188007 [6] NCCL INFO Imported shareable buffer device 6 size 2097152 ptr 0xa13600000
furious-puma-1:187512:188012 [3] NCCL INFO UDS converted handle 0x71f82c00f290 to fd 135 on remote peer 4
furious-puma-1:187509:188013 [0] NCCL INFO Imported shareable buffer device 0 size 2097152 ptr 0xa11600000
furious-puma-1:187514:188009 [5] NCCL INFO Imported shareable buffer device 5 size 10485760 ptr 0xa0e000000
furious-puma-1:187510:188011 [1] NCCL INFO UDS converted handle 0x7b91b0015290 to fd 134 on remote peer 2
furious-puma-1:187511:188010 [2] NCCL INFO Imported shareable buffer device 2 size 2097152 ptr 0xa13600000
furious-puma-1:187512:188012 [3] NCCL INFO Imported shareable buffer device 3 size 10485760 ptr 0xa0e000000
furious-puma-1:187516:188008 [7] NCCL INFO UDS converted handle 0x793598016a90 to fd 134 on remote peer 0
furious-puma-1:187510:188011 [1] NCCL INFO Imported shareable buffer device 1 size 10485760 ptr 0xa12000000
furious-puma-1:187513:188014 [4] NCCL INFO UDS converted handle 0x793edc00f290 to fd 136 on remote peer 5
furious-puma-1:187514:188009 [5] NCCL INFO UDS converted handle 0x71f82c034470 to fd 135 on remote peer 4
furious-puma-1:187515:188007 [6] NCCL INFO UDS converted handle 0x724ea8018290 to fd 134 on remote peer 7
furious-puma-1:187509:188013 [0] NCCL INFO UDS converted handle 0x762454015290 to fd 139 on remote peer 1
furious-puma-1:187511:188010 [2] NCCL INFO UDS converted handle 0x72c674018290 to fd 135 on remote peer 3
furious-puma-1:187516:188008 [7] NCCL INFO Imported shareable buffer device 7 size 10485760 ptr 0xa12c00000
furious-puma-1:187513:188014 [4] NCCL INFO Imported shareable buffer device 4 size 10485760 ptr 0xa0e000000
furious-puma-1:187514:188009 [5] NCCL INFO Imported shareable buffer device 5 size 2097152 ptr 0xa0ea00000
furious-puma-1:187509:188013 [0] NCCL INFO Imported shareable buffer device 0 size 10485760 ptr 0xa12000000
furious-puma-1:187515:188007 [6] NCCL INFO Imported shareable buffer device 6 size 10485760 ptr 0xa14000000
furious-puma-1:187512:188012 [3] NCCL INFO UDS converted handle 0x7b91b0034470 to fd 135 on remote peer 2
furious-puma-1:187510:188011 [1] NCCL INFO UDS converted handle 0x79359803a470 to fd 134 on remote peer 0
furious-puma-1:187516:188008 [7] NCCL INFO UDS converted handle 0x7ea7a003bc70 to fd 134 on remote peer 6
furious-puma-1:187512:188012 [3] NCCL INFO Imported shareable buffer device 3 size 2097152 ptr 0xa0ea00000
furious-puma-1:187516:188008 [7] NCCL INFO Imported shareable buffer device 7 size 2097152 ptr 0xa13600000
furious-puma-1:187511:188010 [2] NCCL INFO Imported shareable buffer device 2 size 10485760 ptr 0xa14000000
furious-puma-1:187514:188009 [5] NCCL INFO UDS converted handle 0x7ea7a0010a90 to fd 135 on remote peer 6
furious-puma-1:187513:188014 [4] NCCL INFO UDS converted handle 0x72c674034470 to fd 135 on remote peer 3
furious-puma-1:187509:188013 [0] NCCL INFO UDS converted handle 0x724ea803a470 to fd 139 on remote peer 7
furious-puma-1:187510:188011 [1] NCCL INFO Imported shareable buffer device 1 size 2097152 ptr 0xa12a00000
furious-puma-1:187515:188007 [6] NCCL INFO UDS converted handle 0x793edc03d470 to fd 134 on remote peer 5
furious-puma-1:187512:188012 [3] NCCL INFO UDS converted handle 0x71f82c010a90 to fd 135 on remote peer 4
furious-puma-1:187510:188011 [1] NCCL INFO UDS converted handle 0x7b91b0016a90 to fd 134 on remote peer 2
furious-puma-1:187513:188014 [4] NCCL INFO Imported shareable buffer device 4 size 2097152 ptr 0xa0ea00000
furious-puma-1:187514:188009 [5] NCCL INFO Imported shareable buffer device 5 size 10485760 ptr 0xa0ec00000
furious-puma-1:187510:188011 [1] NCCL INFO Imported shareable buffer device 1 size 10485760 ptr 0xa12c00000
furious-puma-1:187509:188013 [0] NCCL INFO Imported shareable buffer device 0 size 2097152 ptr 0xa12a00000
furious-puma-1:187512:188012 [3] NCCL INFO Imported shareable buffer device 3 size 10485760 ptr 0xa0ec00000
furious-puma-1:187516:188008 [7] NCCL INFO UDS converted handle 0x793598018290 to fd 134 on remote peer 0
furious-puma-1:187515:188007 [6] NCCL INFO Imported shareable buffer device 6 size 2097152 ptr 0xa14a00000
furious-puma-1:187511:188010 [2] NCCL INFO UDS converted handle 0x76245403d470 to fd 135 on remote peer 1
furious-puma-1:187514:188009 [5] NCCL INFO UDS converted handle 0x71f82c035c70 to fd 135 on remote peer 4
furious-puma-1:187511:188010 [2] NCCL INFO Imported shareable buffer device 2 size 2097152 ptr 0xa14a00000
furious-puma-1:187516:188008 [7] NCCL INFO Imported shareable buffer device 7 size 10485760 ptr 0xa14000000
furious-puma-1:187514:188009 [5] NCCL INFO Imported shareable buffer device 5 size 2097152 ptr 0xa0f600000
furious-puma-1:187510:188011 [1] NCCL INFO UDS converted handle 0x79359803bc70 to fd 134 on remote peer 0
furious-puma-1:187512:188012 [3] NCCL INFO UDS converted handle 0x7b91b0035c70 to fd 135 on remote peer 2
furious-puma-1:187513:188014 [4] NCCL INFO UDS converted handle 0x793edc010a90 to fd 135 on remote peer 5
furious-puma-1:187509:188013 [0] NCCL INFO UDS converted handle 0x762454016a90 to fd 138 on remote peer 1
furious-puma-1:187513:188014 [4] NCCL INFO Imported shareable buffer device 4 size 10485760 ptr 0xa0ec00000
furious-puma-1:187515:188007 [6] NCCL INFO UDS converted handle 0x724ea8019a90 to fd 134 on remote peer 7
furious-puma-1:187510:188011 [1] NCCL INFO Imported shareable buffer device 1 size 2097152 ptr 0xa13600000
furious-puma-1:187516:188008 [7] NCCL INFO UDS converted handle 0x7ea7a003d470 to fd 134 on remote peer 6
furious-puma-1:187509:188013 [0] NCCL INFO Imported shareable buffer device 0 size 10485760 ptr 0xa12c00000
furious-puma-1:187512:188012 [3] NCCL INFO Imported shareable buffer device 3 size 2097152 ptr 0xa0f600000
furious-puma-1:187516:188008 [7] NCCL INFO Imported shareable buffer device 7 size 2097152 ptr 0xa14a00000
furious-puma-1:187511:188010 [2] NCCL INFO UDS converted handle 0x72c674019a90 to fd 135 on remote peer 3
furious-puma-1:187515:188007 [6] NCCL INFO Imported shareable buffer device 6 size 10485760 ptr 0xa14c00000
furious-puma-1:187509:188013 [0] NCCL INFO UDS converted handle 0x724ea803bc70 to fd 139 on remote peer 7
furious-puma-1:187511:188010 [2] NCCL INFO Imported shareable buffer device 2 size 10485760 ptr 0xa14c00000
furious-puma-1:187510:188011 [1] NCCL INFO UDS converted handle 0x7b91b0018290 to fd 134 on remote peer 2
furious-puma-1:187514:188009 [5] NCCL INFO UDS converted handle 0x7ea7a0012290 to fd 134 on remote peer 6
furious-puma-1:187512:188012 [3] NCCL INFO UDS converted handle 0x71f82c012290 to fd 135 on remote peer 4
furious-puma-1:187510:188011 [1] NCCL INFO Imported shareable buffer device 1 size 10485760 ptr 0xa14000000
furious-puma-1:187516:188008 [7] NCCL INFO UDS converted handle 0x793598019a90 to fd 134 on remote peer 0
furious-puma-1:187509:188013 [0] NCCL INFO Imported shareable buffer device 0 size 2097152 ptr 0xa13600000
furious-puma-1:187513:188014 [4] NCCL INFO UDS converted handle 0x72c674035c70 to fd 135 on remote peer 3
furious-puma-1:187516:188008 [7] NCCL INFO Imported shareable buffer device 7 size 10485760 ptr 0xa14c00000
furious-puma-1:187512:188012 [3] NCCL INFO Imported shareable buffer device 3 size 10485760 ptr 0xa10000000
furious-puma-1:187514:188009 [5] NCCL INFO Imported shareable buffer device 5 size 10485760 ptr 0xa10000000
furious-puma-1:187515:188007 [6] NCCL INFO UDS converted handle 0x793edc03ebd0 to fd 134 on remote peer 5
furious-puma-1:187515:188007 [6] NCCL INFO Imported shareable buffer device 6 size 2097152 ptr 0xa15600000
furious-puma-1:187516:188008 [7] NCCL INFO UDS converted handle 0x7ea7a003ebd0 to fd 134 on remote peer 6
furious-puma-1:187513:188014 [4] NCCL INFO Imported shareable buffer device 4 size 2097152 ptr 0xa0f600000
furious-puma-1:187512:188012 [3] NCCL INFO UDS converted handle 0x7b91b0037470 to fd 135 on remote peer 2
furious-puma-1:187510:188011 [1] NCCL INFO UDS converted handle 0x79359803d470 to fd 135 on remote peer 0
furious-puma-1:187511:188010 [2] NCCL INFO UDS converted handle 0x76245403ebd0 to fd 134 on remote peer 1
furious-puma-1:187515:188007 [6] NCCL INFO UDS converted handle 0x724ea801b290 to fd 133 on remote peer 7
furious-puma-1:187510:188011 [1] NCCL INFO Imported shareable buffer device 1 size 2097152 ptr 0xa14a00000
furious-puma-1:187512:188012 [3] NCCL INFO Imported shareable buffer device 3 size 2097152 ptr 0xa10a00000
furious-puma-1:187516:188008 [7] NCCL INFO Imported shareable buffer device 7 size 2097152 ptr 0xa15600000
furious-puma-1:187511:188010 [2] NCCL INFO Imported shareable buffer device 2 size 2097152 ptr 0xa15600000
furious-puma-1:187514:188009 [5] NCCL INFO UDS converted handle 0x71f82c037470 to fd 134 on remote peer 4
furious-puma-1:187509:188013 [0] NCCL INFO UDS converted handle 0x762454018290 to fd 139 on remote peer 1
furious-puma-1:187513:188014 [4] NCCL INFO UDS converted handle 0x793edc012290 to fd 135 on remote peer 5
furious-puma-1:187509:188013 [0] NCCL INFO Imported shareable buffer device 0 size 10485760 ptr 0xa14000000
furious-puma-1:187515:188007 [6] NCCL INFO Imported shareable buffer device 6 size 10485760 ptr 0xa16000000
furious-puma-1:187514:188009 [5] NCCL INFO Imported shareable buffer device 5 size 2097152 ptr 0xa10a00000
furious-puma-1:187516:188008 [7] NCCL INFO UDS converted handle 0x79359801b290 to fd 134 on remote peer 0
furious-puma-1:187510:188011 [1] NCCL INFO UDS converted handle 0x7b91b0019a90 to fd 134 on remote peer 2
furious-puma-1:187511:188010 [2] NCCL INFO UDS converted handle 0x72c67401b290 to fd 135 on remote peer 3
furious-puma-1:187514:188009 [5] NCCL INFO UDS converted handle 0x7ea7a0013a90 to fd 135 on remote peer 6
furious-puma-1:187512:188012 [3] NCCL INFO UDS converted handle 0x71f82c013a90 to fd 135 on remote peer 4
furious-puma-1:187510:188011 [1] NCCL INFO Imported shareable buffer device 1 size 10485760 ptr 0xa14c00000
furious-puma-1:187513:188014 [4] NCCL INFO Imported shareable buffer device 4 size 10485760 ptr 0xa10000000
furious-puma-1:187516:188008 [7] NCCL INFO Imported shareable buffer device 7 size 10485760 ptr 0xa16000000
furious-puma-1:187509:188013 [0] NCCL INFO UDS converted handle 0x724ea803d470 to fd 139 on remote peer 7
furious-puma-1:187515:188007 [6] NCCL INFO UDS converted handle 0x793edc0400b0 to fd 134 on remote peer 5
furious-puma-1:187512:188012 [3] NCCL INFO Imported shareable buffer device 3 size 10485760 ptr 0xa10c00000
furious-puma-1:187514:188009 [5] NCCL INFO Imported shareable buffer device 5 size 10485760 ptr 0xa10c00000
furious-puma-1:187511:188010 [2] NCCL INFO Imported shareable buffer device 2 size 10485760 ptr 0xa16000000
furious-puma-1:187516:188008 [7] NCCL INFO UDS converted handle 0x7ea7a00400b0 to fd 131 on remote peer 6
furious-puma-1:187509:188013 [0] NCCL INFO Imported shareable buffer device 0 size 2097152 ptr 0xa14a00000
furious-puma-1:187510:188011 [1] NCCL INFO UDS converted handle 0x79359803ebd0 to fd 134 on remote peer 0
furious-puma-1:187514:188009 [5] NCCL INFO UDS converted handle 0x71f82c038c70 to fd 135 on remote peer 4
furious-puma-1:187515:188007 [6] NCCL INFO Imported shareable buffer device 6 size 2097152 ptr 0xa16a00000
furious-puma-1:187513:188014 [4] NCCL INFO UDS converted handle 0x72c674037470 to fd 135 on remote peer 3
furious-puma-1:187512:188012 [3] NCCL INFO UDS converted handle 0x7b91b0038c70 to fd 135 on remote peer 2
furious-puma-1:187510:188011 [1] NCCL INFO Imported shareable buffer device 1 size 2097152 ptr 0xa15600000
furious-puma-1:187514:188009 [5] NCCL INFO Imported shareable buffer device 5 size 2097152 ptr 0xa11600000
furious-puma-1:187516:188008 [7] NCCL INFO Imported shareable buffer device 7 size 2097152 ptr 0xa16a00000
furious-puma-1:187516:188008 [7] NCCL INFO UDS converted handle 0x79359801ca90 to fd 134 on remote peer 0
furious-puma-1:187513:188014 [4] NCCL INFO Imported shareable buffer device 4 size 2097152 ptr 0xa10a00000
furious-puma-1:187513:188014 [4] NCCL INFO UDS converted handle 0x793edc013a90 to fd 135 on remote peer 5
furious-puma-1:187511:188010 [2] NCCL INFO UDS converted handle 0x7624540400b0 to fd 135 on remote peer 1
furious-puma-1:187516:188008 [7] NCCL INFO Imported shareable buffer device 7 size 10485760 ptr 0xa16c00000
furious-puma-1:187512:188012 [3] NCCL INFO Imported shareable buffer device 3 size 2097152 ptr 0xa11600000
furious-puma-1:187510:188011 [1] NCCL INFO UDS converted handle 0x7b91b001b290 to fd 134 on remote peer 2
furious-puma-1:187514:188009 [5] NCCL INFO UDS converted handle 0x7ea7a0015290 to fd 135 on remote peer 6
furious-puma-1:187515:188007 [6] NCCL INFO UDS converted handle 0x724ea801ca90 to fd 134 on remote peer 7
furious-puma-1:187511:188010 [2] NCCL INFO Imported shareable buffer device 2 size 2097152 ptr 0xa16a00000
furious-puma-1:187510:188011 [1] NCCL INFO Imported shareable buffer device 1 size 10485760 ptr 0xa16000000
furious-puma-1:187515:188007 [6] NCCL INFO Imported shareable buffer device 6 size 10485760 ptr 0xa16c00000
furious-puma-1:187513:188014 [4] NCCL INFO Imported shareable buffer device 4 size 10485760 ptr 0xa10c00000
furious-puma-1:187509:188013 [0] NCCL INFO UDS converted handle 0x762454019a90 to fd 138 on remote peer 1
furious-puma-1:187512:188012 [3] NCCL INFO UDS converted handle 0x71f82c015290 to fd 135 on remote peer 4
furious-puma-1:187514:188009 [5] NCCL INFO Imported shareable buffer device 5 size 10485760 ptr 0xa12000000
furious-puma-1:187509:188013 [0] NCCL INFO Imported shareable buffer device 0 size 10485760 ptr 0xa14c00000
furious-puma-1:187510:188011 [1] NCCL INFO UDS converted handle 0x7935980400b0 to fd 134 on remote peer 0
furious-puma-1:187516:188008 [7] NCCL INFO UDS converted handle 0x7ea7a0041590 to fd 134 on remote peer 6
furious-puma-1:187512:188012 [3] NCCL INFO Imported shareable buffer device 3 size 10485760 ptr 0xa12000000
furious-puma-1:187511:188010 [2] NCCL INFO UDS converted handle 0x72c67401ca90 to fd 135 on remote peer 3
furious-puma-1:187515:188007 [6] NCCL INFO UDS converted handle 0x793edc041590 to fd 134 on remote peer 5
furious-puma-1:187514:188009 [5] NCCL INFO UDS converted handle 0x71f82c03a470 to fd 135 on remote peer 4
furious-puma-1:187515:188007 [6] NCCL INFO Imported shareable buffer device 6 size 2097152 ptr 0xa17600000
furious-puma-1:187516:188008 [7] NCCL INFO Imported shareable buffer device 7 size 2097152 ptr 0xa17600000
furious-puma-1:187509:188013 [0] NCCL INFO UDS converted handle 0x724ea803ebd0 to fd 139 on remote peer 7
furious-puma-1:187510:188011 [1] NCCL INFO Imported shareable buffer device 1 size 2097152 ptr 0xa16a00000
furious-puma-1:187511:188010 [2] NCCL INFO Imported shareable buffer device 2 size 10485760 ptr 0xa16c00000
furious-puma-1:187514:188009 [5] NCCL INFO Imported shareable buffer device 5 size 2097152 ptr 0xa12a00000
furious-puma-1:187513:188014 [4] NCCL INFO UDS converted handle 0x72c674038c70 to fd 135 on remote peer 3
furious-puma-1:187512:188012 [3] NCCL INFO UDS converted handle 0x7b91b003a470 to fd 133 on remote peer 2
furious-puma-1:187509:188013 [0] NCCL INFO Imported shareable buffer device 0 size 2097152 ptr 0xa15600000
furious-puma-1:187513:188014 [4] NCCL INFO Imported shareable buffer device 4 size 2097152 ptr 0xa11600000
furious-puma-1:187516:188008 [7] NCCL INFO UDS converted handle 0x79359801e290 to fd 131 on remote peer 0
furious-puma-1:187512:188012 [3] NCCL INFO Imported shareable buffer device 3 size 2097152 ptr 0xa12a00000
furious-puma-1:187515:188007 [6] NCCL INFO UDS converted handle 0x724ea801e290 to fd 134 on remote peer 7
furious-puma-1:187516:188008 [7] NCCL INFO Imported shareable buffer device 7 size 10485760 ptr 0xa18000000
furious-puma-1:187514:188009 [5] NCCL INFO UDS converted handle 0x7ea7a0016a90 to fd 135 on remote peer 6
furious-puma-1:187511:188010 [2] NCCL INFO UDS converted handle 0x762454041590 to fd 135 on remote peer 1
furious-puma-1:187510:188011 [1] NCCL INFO UDS converted handle 0x7b91b001ca90 to fd 134 on remote peer 2
furious-puma-1:187513:188014 [4] NCCL INFO UDS converted handle 0x793edc015290 to fd 135 on remote peer 5
furious-puma-1:187514:188009 [5] NCCL INFO Imported shareable buffer device 5 size 10485760 ptr 0xa12c00000
furious-puma-1:187511:188010 [2] NCCL INFO Imported shareable buffer device 2 size 2097152 ptr 0xa17600000
furious-puma-1:187513:188014 [4] NCCL INFO Imported shareable buffer device 4 size 10485760 ptr 0xa12000000
furious-puma-1:187515:188007 [6] NCCL INFO Imported shareable buffer device 6 size 10485760 ptr 0xa18000000
furious-puma-1:187510:188011 [1] NCCL INFO Imported shareable buffer device 1 size 10485760 ptr 0xa16c00000
furious-puma-1:187509:188013 [0] NCCL INFO UDS converted handle 0x76245401b290 to fd 139 on remote peer 1
furious-puma-1:187512:188012 [3] NCCL INFO UDS converted handle 0x71f82c016a90 to fd 135 on remote peer 4
furious-puma-1:187516:188008 [7] NCCL INFO UDS converted handle 0x7ea7a0042a70 to fd 134 on remote peer 6
furious-puma-1:187509:188013 [0] NCCL INFO Imported shareable buffer device 0 size 10485760 ptr 0xa16000000
furious-puma-1:187512:188012 [3] NCCL INFO Imported shareable buffer device 3 size 10485760 ptr 0xa12c00000
furious-puma-1:187516:188008 [7] NCCL INFO Imported shareable buffer device 7 size 2097152 ptr 0xa18a00000
furious-puma-1:187510:188011 [1] NCCL INFO UDS converted handle 0x793598041590 to fd 133 on remote peer 0
furious-puma-1:187514:188009 [5] NCCL INFO UDS converted handle 0x71f82c03bc70 to fd 135 on remote peer 4
furious-puma-1:187511:188010 [2] NCCL INFO UDS converted handle 0x72c67401e290 to fd 135 on remote peer 3
furious-puma-1:187515:188007 [6] NCCL INFO UDS converted handle 0x793edc042a70 to fd 134 on remote peer 5
furious-puma-1:187514:188009 [5] NCCL INFO Imported shareable buffer device 5 size 2097152 ptr 0xa13600000
furious-puma-1:187511:188010 [2] NCCL INFO Imported shareable buffer device 2 size 10485760 ptr 0xa18000000
furious-puma-1:187510:188011 [1] NCCL INFO Imported shareable buffer device 1 size 2097152 ptr 0xa17600000
furious-puma-1:187512:188012 [3] NCCL INFO UDS converted handle 0x7b91b003bc70 to fd 135 on remote peer 2
furious-puma-1:187515:188007 [6] NCCL INFO Imported shareable buffer device 6 size 2097152 ptr 0xa18a00000
furious-puma-1:187509:188013 [0] NCCL INFO UDS converted handle 0x724ea80400b0 to fd 139 on remote peer 7
furious-puma-1:187509:188013 [0] NCCL INFO Imported shareable buffer device 0 size 2097152 ptr 0xa16a00000
furious-puma-1:187512:188012 [3] NCCL INFO Imported shareable buffer device 3 size 2097152 ptr 0xa13600000
furious-puma-1:187513:188014 [4] NCCL INFO UDS converted handle 0x72c67403a470 to fd 135 on remote peer 3
furious-puma-1:187514:188009 [5] NCCL INFO UDS converted handle 0x7ea7a0018290 to fd 135 on remote peer 6
furious-puma-1:187516:188008 [7] NCCL INFO UDS converted handle 0x79359801ff80 to fd 134 on remote peer 0
furious-puma-1:187510:188011 [1] NCCL INFO UDS converted handle 0x7b91b001e290 to fd 135 on remote peer 2
furious-puma-1:187511:188010 [2] NCCL INFO UDS converted handle 0x762454042a70 to fd 135 on remote peer 1
furious-puma-1:187515:188007 [6] NCCL INFO UDS converted handle 0x724ea801ff80 to fd 134 on remote peer 7
furious-puma-1:187514:188009 [5] NCCL INFO Imported shareable buffer device 5 size 10485760 ptr 0xa14000000
furious-puma-1:187513:188014 [4] NCCL INFO Imported shareable buffer device 4 size 2097152 ptr 0xa12a00000
furious-puma-1:187516:188008 [7] NCCL INFO Imported shareable buffer device 7 size 10485760 ptr 0xa18c00000
furious-puma-1:187510:188011 [1] NCCL INFO Imported shareable buffer device 1 size 10485760 ptr 0xa18000000
furious-puma-1:187511:188010 [2] NCCL INFO Imported shareable buffer device 2 size 2097152 ptr 0xa18a00000
furious-puma-1:187512:188012 [3] NCCL INFO UDS converted handle 0x71f82c018290 to fd 133 on remote peer 4
furious-puma-1:187513:188014 [4] NCCL INFO UDS converted handle 0x793edc016a90 to fd 135 on remote peer 5
furious-puma-1:187515:188007 [6] NCCL INFO Imported shareable buffer device 6 size 10485760 ptr 0xa18c00000
furious-puma-1:187509:188013 [0] NCCL INFO UDS converted handle 0x76245401ca90 to fd 140 on remote peer 1
furious-puma-1:187516:188008 [7] NCCL INFO UDS converted handle 0x7ea7a0044130 to fd 134 on remote peer 6
furious-puma-1:187510:188011 [1] NCCL INFO UDS converted handle 0x793598042a70 to fd 134 on remote peer 0
furious-puma-1:187512:188012 [3] NCCL INFO Imported shareable buffer device 3 size 10485760 ptr 0xa14000000
furious-puma-1:187514:188009 [5] NCCL INFO UDS converted handle 0x71f82c03d470 to fd 135 on remote peer 4
furious-puma-1:187510:188011 [1] NCCL INFO Imported shareable buffer device 1 size 2097152 ptr 0xa18a00000
furious-puma-1:187513:188014 [4] NCCL INFO Imported shareable buffer device 4 size 10485760 ptr 0xa12c00000
furious-puma-1:187509:188013 [0] NCCL INFO Imported shareable buffer device 0 size 10485760 ptr 0xa16c00000
furious-puma-1:187511:188010 [2] NCCL INFO UDS converted handle 0x72c67401ff80 to fd 135 on remote peer 3
furious-puma-1:187516:188008 [7] NCCL INFO Imported shareable buffer device 7 size 2097152 ptr 0xa19600000
furious-puma-1:187511:188010 [2] NCCL INFO Imported shareable buffer device 2 size 10485760 ptr 0xa18c00000
furious-puma-1:187514:188009 [5] NCCL INFO Imported shareable buffer device 5 size 2097152 ptr 0xa14a00000
furious-puma-1:187515:188007 [6] NCCL INFO UDS converted handle 0x793edc044130 to fd 134 on remote peer 5
furious-puma-1:187512:188012 [3] NCCL INFO UDS converted handle 0x7b91b003d470 to fd 135 on remote peer 2
furious-puma-1:187513:188014 [4] NCCL INFO UDS converted handle 0x72c67403bc70 to fd 135 on remote peer 3
furious-puma-1:187509:188013 [0] NCCL INFO UDS converted handle 0x724ea8041590 to fd 139 on remote peer 7
furious-puma-1:187516:188008 [7] NCCL INFO UDS converted handle 0x793598021780 to fd 134 on remote peer 0
furious-puma-1:187513:188014 [4] NCCL INFO Imported shareable buffer device 4 size 2097152 ptr 0xa13600000
furious-puma-1:187509:188013 [0] NCCL INFO Imported shareable buffer device 0 size 2097152 ptr 0xa17600000
furious-puma-1:187511:188010 [2] NCCL INFO UDS converted handle 0x762454044130 to fd 135 on remote peer 1
furious-puma-1:187514:188009 [5] NCCL INFO UDS converted handle 0x7ea7a0019a90 to fd 135 on remote peer 6
furious-puma-1:187515:188007 [6] NCCL INFO Imported shareable buffer device 6 size 2097152 ptr 0xa19600000
furious-puma-1:187516:188008 [7] NCCL INFO Imported shareable buffer device 7 size 10485760 ptr 0xa1a000000
furious-puma-1:187510:188011 [1] NCCL INFO UDS converted handle 0x7b91b001ff80 to fd 134 on remote peer 2
furious-puma-1:187513:188014 [4] NCCL INFO UDS converted handle 0x793edc018290 to fd 135 on remote peer 5
furious-puma-1:187512:188012 [3] NCCL INFO Imported shareable buffer device 3 size 2097152 ptr 0xa14a00000
furious-puma-1:187509:188013 [0] NCCL INFO UDS converted handle 0x76245401e290 to fd 139 on remote peer 1
furious-puma-1:187511:188010 [2] NCCL INFO Imported shareable buffer device 2 size 2097152 ptr 0xa19600000
furious-puma-1:187514:188009 [5] NCCL INFO Imported shareable buffer device 5 size 10485760 ptr 0xa14c00000
furious-puma-1:187510:188011 [1] NCCL INFO Imported shareable buffer device 1 size 10485760 ptr 0xa18c00000
furious-puma-1:187513:188014 [4] NCCL INFO Imported shareable buffer device 4 size 10485760 ptr 0xa14000000
furious-puma-1:187509:188013 [0] NCCL INFO Imported shareable buffer device 0 size 10485760 ptr 0xa18000000
furious-puma-1:187512:188012 [3] NCCL INFO UDS converted handle 0x71f82c019a90 to fd 136 on remote peer 4
furious-puma-1:187511:188010 [2] NCCL INFO UDS converted handle 0x72c674021780 to fd 135 on remote peer 3
furious-puma-1:187516:188008 [7] NCCL INFO UDS converted handle 0x7ea7a0045890 to fd 135 on remote peer 6
furious-puma-1:187515:188007 [6] NCCL INFO UDS converted handle 0x724ea8021780 to fd 134 on remote peer 7
furious-puma-1:187512:188012 [3] NCCL INFO Imported shareable buffer device 3 size 10485760 ptr 0xa14c00000
furious-puma-1:187514:188009 [5] NCCL INFO UDS converted handle 0x71f82c03ebd0 to fd 135 on remote peer 4
furious-puma-1:187510:188011 [1] NCCL INFO UDS converted handle 0x793598044130 to fd 134 on remote peer 0
furious-puma-1:187516:188008 [7] NCCL INFO Imported shareable buffer device 7 size 2097152 ptr 0xa1aa00000
furious-puma-1:187511:188010 [2] NCCL INFO Imported shareable buffer device 2 size 10485760 ptr 0xa1a000000
furious-puma-1:187510:188011 [1] NCCL INFO Imported shareable buffer device 1 size 2097152 ptr 0xa19600000
furious-puma-1:187516:188008 [7] NCCL INFO UDS converted handle 0x793598022f80 to fd 134 on remote peer 0
furious-puma-1:187515:188007 [6] NCCL INFO Imported shareable buffer device 6 size 10485760 ptr 0xa1a000000
furious-puma-1:187514:188009 [5] NCCL INFO Imported shareable buffer device 5 size 2097152 ptr 0xa15600000
furious-puma-1:187513:188014 [4] NCCL INFO UDS converted handle 0x72c67403d470 to fd 135 on remote peer 3
furious-puma-1:187512:188012 [3] NCCL INFO UDS converted handle 0x7b91b003ebd0 to fd 135 on remote peer 2
furious-puma-1:187509:188013 [0] NCCL INFO UDS converted handle 0x724ea8042a70 to fd 139 on remote peer 7
furious-puma-1:187511:188010 [2] NCCL INFO UDS converted handle 0x762454045890 to fd 135 on remote peer 1
furious-puma-1:187510:188011 [1] NCCL INFO UDS converted handle 0x7b91b0021780 to fd 134 on remote peer 2
furious-puma-1:187513:188014 [4] NCCL INFO Imported shareable buffer device 4 size 2097152 ptr 0xa14a00000
furious-puma-1:187516:188008 [7] NCCL INFO Imported shareable buffer device 7 size 10485760 ptr 0xa1ac00000
furious-puma-1:187509:188013 [0] NCCL INFO Imported shareable buffer device 0 size 2097152 ptr 0xa18a00000
furious-puma-1:187512:188012 [3] NCCL INFO Imported shareable buffer device 3 size 2097152 ptr 0xa15600000
furious-puma-1:187510:188011 [1] NCCL INFO Imported shareable buffer device 1 size 10485760 ptr 0xa1a000000
furious-puma-1:187511:188010 [2] NCCL INFO Imported shareable buffer device 2 size 2097152 ptr 0xa1aa00000
furious-puma-1:187514:188009 [5] NCCL INFO UDS converted handle 0x7ea7a001b290 to fd 136 on remote peer 6
furious-puma-1:187515:188007 [6] NCCL INFO UDS converted handle 0x793edc045890 to fd 134 on remote peer 5
furious-puma-1:187515:188007 [6] NCCL INFO Imported shareable buffer device 6 size 2097152 ptr 0xa1aa00000
furious-puma-1:187509:188013 [0] NCCL INFO UDS converted handle 0x76245401ff80 to fd 139 on remote peer 1
furious-puma-1:187510:188011 [1] NCCL INFO UDS converted handle 0x793598045890 to fd 134 on remote peer 0
furious-puma-1:187512:188012 [3] NCCL INFO UDS converted handle 0x71f82c01b290 to fd 135 on remote peer 4
furious-puma-1:187514:188009 [5] NCCL INFO Imported shareable buffer device 5 size 10485760 ptr 0xa16000000
furious-puma-1:187511:188010 [2] NCCL INFO UDS converted handle 0x72c674022f80 to fd 135 on remote peer 3
furious-puma-1:187516:188008 [7] NCCL INFO UDS converted handle 0x7ea7a0047090 to fd 134 on remote peer 6
furious-puma-1:187516:188008 [7] NCCL INFO Imported shareable buffer device 7 size 2097152 ptr 0xa1b600000
furious-puma-1:187509:188013 [0] NCCL INFO Imported shareable buffer device 0 size 10485760 ptr 0xa18c00000
furious-puma-1:187510:188011 [1] NCCL INFO Imported shareable buffer device 1 size 2097152 ptr 0xa1aa00000
furious-puma-1:187512:188012 [3] NCCL INFO Imported shareable buffer device 3 size 10485760 ptr 0xa16000000
furious-puma-1:187515:188007 [6] NCCL INFO UDS converted handle 0x724ea8022f80 to fd 134 on remote peer 7
furious-puma-1:187513:188014 [4] NCCL INFO UDS converted handle 0x793edc019a90 to fd 135 on remote peer 5
furious-puma-1:187510:188011 [1] NCCL INFO UDS converted handle 0x7b91b0022f80 to fd 134 on remote peer 2
furious-puma-1:187511:188010 [2] NCCL INFO Imported shareable buffer device 2 size 10485760 ptr 0xa1ac00000
furious-puma-1:187515:188007 [6] NCCL INFO Imported shareable buffer device 6 size 10485760 ptr 0xa1ac00000
furious-puma-1:187513:188014 [4] NCCL INFO Imported shareable buffer device 4 size 10485760 ptr 0xa14c00000
furious-puma-1:187514:188009 [5] NCCL INFO UDS converted handle 0x71f82c0400b0 to fd 135 on remote peer 4
furious-puma-1:187516:188008 [7] NCCL INFO UDS converted handle 0x793598024bd0 to fd 134 on remote peer 0
furious-puma-1:187510:188011 [1] NCCL INFO Imported shareable buffer device 1 size 10485760 ptr 0xa1ac00000
furious-puma-1:187509:188013 [0] NCCL INFO UDS converted handle 0x724ea8044130 to fd 139 on remote peer 7
furious-puma-1:187514:188009 [5] NCCL INFO Imported shareable buffer device 5 size 2097152 ptr 0xa16a00000
furious-puma-1:187512:188012 [3] NCCL INFO UDS converted handle 0x7b91b00400b0 to fd 135 on remote peer 2
furious-puma-1:187509:188013 [0] NCCL INFO Imported shareable buffer device 0 size 2097152 ptr 0xa19600000
furious-puma-1:187516:188008 [7] NCCL INFO Imported shareable buffer device 7 size 10485760 ptr 0xa1c000000
furious-puma-1:187513:188014 [4] NCCL INFO UDS converted handle 0x72c67403ebd0 to fd 135 on remote peer 3
furious-puma-1:187511:188010 [2] NCCL INFO UDS converted handle 0x762454047090 to fd 135 on remote peer 1
furious-puma-1:187514:188009 [5] NCCL INFO UDS converted handle 0x7ea7a001ca90 to fd 135 on remote peer 6
furious-puma-1:187513:188014 [4] NCCL INFO Imported shareable buffer device 4 size 2097152 ptr 0xa15600000
furious-puma-1:187515:188007 [6] NCCL INFO UDS converted handle 0x793edc047090 to fd 134 on remote peer 5
furious-puma-1:187514:188009 [5] NCCL INFO Imported shareable buffer device 5 size 10485760 ptr 0xa16c00000
furious-puma-1:187512:188012 [3] NCCL INFO Imported shareable buffer device 3 size 2097152 ptr 0xa16a00000
furious-puma-1:187510:188011 [1] NCCL INFO UDS converted handle 0x793598047090 to fd 134 on remote peer 0
furious-puma-1:187509:188013 [0] NCCL INFO UDS converted handle 0x762454021780 to fd 139 on remote peer 1
furious-puma-1:187511:188010 [2] NCCL INFO Imported shareable buffer device 2 size 2097152 ptr 0xa1b600000
furious-puma-1:187515:188007 [6] NCCL INFO Imported shareable buffer device 6 size 2097152 ptr 0xa1b600000
furious-puma-1:187511:188010 [2] NCCL INFO UDS converted handle 0x72c674024bd0 to fd 135 on remote peer 3
furious-puma-1:187516:188008 [7] NCCL INFO UDS converted handle 0x7ea7a0048890 to fd 134 on remote peer 6
furious-puma-1:187509:188013 [0] NCCL INFO Imported shareable buffer device 0 size 10485760 ptr 0xa1a000000
furious-puma-1:187510:188011 [1] NCCL INFO Imported shareable buffer device 1 size 2097152 ptr 0xa1b600000
furious-puma-1:187514:188009 [5] NCCL INFO UDS converted handle 0x71f82c041590 to fd 136 on remote peer 4
furious-puma-1:187513:188014 [4] NCCL INFO UDS converted handle 0x793edc01b290 to fd 135 on remote peer 5
furious-puma-1:187511:188010 [2] NCCL INFO Imported shareable buffer device 2 size 10485760 ptr 0xa1c000000
furious-puma-1:187516:188008 [7] NCCL INFO Imported shareable buffer device 7 size 2097152 ptr 0xa1ca00000
furious-puma-1:187515:188007 [6] NCCL INFO UDS converted handle 0x724ea8024bd0 to fd 133 on remote peer 7
furious-puma-1:187509:188013 [0] NCCL INFO UDS converted handle 0x724ea8045890 to fd 139 on remote peer 7
furious-puma-1:187514:188009 [5] NCCL INFO Imported shareable buffer device 5 size 2097152 ptr 0xa17600000
furious-puma-1:187513:188014 [4] NCCL INFO Imported shareable buffer device 4 size 10485760 ptr 0xa16000000
furious-puma-1:187512:188012 [3] NCCL INFO UDS converted handle 0x71f82c01ca90 to fd 135 on remote peer 4
furious-puma-1:187509:188013 [0] NCCL INFO Imported shareable buffer device 0 size 2097152 ptr 0xa1aa00000
furious-puma-1:187515:188007 [6] NCCL INFO Imported shareable buffer device 6 size 10485760 ptr 0xa1c000000
furious-puma-1:187510:188011 [1] NCCL INFO UDS converted handle 0x7b91b0024bd0 to fd 134 on remote peer 2
furious-puma-1:187516:188008 [7] NCCL INFO UDS converted handle 0x7935980263d0 to fd 131 on remote peer 0
furious-puma-1:187511:188010 [2] NCCL INFO UDS converted handle 0x762454048890 to fd 135 on remote peer 1
furious-puma-1:187510:188011 [1] NCCL INFO Imported shareable buffer device 1 size 10485760 ptr 0xa1c000000
furious-puma-1:187513:188014 [4] NCCL INFO UDS converted handle 0x72c6740400b0 to fd 135 on remote peer 3
furious-puma-1:187512:188012 [3] NCCL INFO Imported shareable buffer device 3 size 10485760 ptr 0xa16c00000
furious-puma-1:187514:188009 [5] NCCL INFO UDS converted handle 0x7ea7a001e290 to fd 135 on remote peer 6
furious-puma-1:187514:188009 [5] NCCL INFO Imported shareable buffer device 5 size 10485760 ptr 0xa18000000
furious-puma-1:187516:188008 [7] NCCL INFO Imported shareable buffer device 7 size 10485760 ptr 0xa1cc00000
furious-puma-1:187515:188007 [6] NCCL INFO UDS converted handle 0x793edc048890 to fd 134 on remote peer 5
furious-puma-1:187513:188014 [4] NCCL INFO Imported shareable buffer device 4 size 2097152 ptr 0xa16a00000
furious-puma-1:187511:188010 [2] NCCL INFO Imported shareable buffer device 2 size 2097152 ptr 0xa1ca00000
furious-puma-1:187510:188011 [1] NCCL INFO UDS converted handle 0x793598048890 to fd 134 on remote peer 0
furious-puma-1:187512:188012 [3] NCCL INFO UDS converted handle 0x7b91b0041590 to fd 135 on remote peer 2
furious-puma-1:187509:188013 [0] NCCL INFO UDS converted handle 0x762454022f80 to fd 139 on remote peer 1
furious-puma-1:187513:188014 [4] NCCL INFO UDS converted handle 0x793edc01ca90 to fd 135 on remote peer 5
furious-puma-1:187515:188007 [6] NCCL INFO Imported shareable buffer device 6 size 2097152 ptr 0xa1ca00000
furious-puma-1:187510:188011 [1] NCCL INFO Imported shareable buffer device 1 size 2097152 ptr 0xa1ca00000
furious-puma-1:187514:188009 [5] NCCL INFO UDS converted handle 0x71f82c042a70 to fd 135 on remote peer 4
furious-puma-1:187512:188012 [3] NCCL INFO Imported shareable buffer device 3 size 2097152 ptr 0xa17600000
furious-puma-1:187509:188013 [0] NCCL INFO Imported shareable buffer device 0 size 10485760 ptr 0xa1ac00000
furious-puma-1:187513:188014 [4] NCCL INFO Imported shareable buffer device 4 size 10485760 ptr 0xa16c00000
furious-puma-1:187516:188008 [7] NCCL INFO UDS converted handle 0x7ea7a0049f50 to fd 134 on remote peer 6
furious-puma-1:187511:188010 [2] NCCL INFO UDS converted handle 0x72c6740263d0 to fd 135 on remote peer 3
furious-puma-1:187511:188010 [2] NCCL INFO Imported shareable buffer device 2 size 10485760 ptr 0xa1cc00000
furious-puma-1:187514:188009 [5] NCCL INFO Imported shareable buffer device 5 size 2097152 ptr 0xa18a00000
furious-puma-1:187512:188012 [3] NCCL INFO UDS converted handle 0x71f82c01e290 to fd 135 on remote peer 4
furious-puma-1:187516:188008 [7] NCCL INFO Imported shareable buffer device 7 size 2097152 ptr 0xa1d600000
furious-puma-1:187515:188007 [6] NCCL INFO UDS converted handle 0x724ea80263d0 to fd 134 on remote peer 7
furious-puma-1:187515:188007 [6] NCCL INFO Imported shareable buffer device 6 size 10485760 ptr 0xa1cc00000
furious-puma-1:187512:188012 [3] NCCL INFO Imported shareable buffer device 3 size 10485760 ptr 0xa18000000
furious-puma-1:187514:188009 [5] NCCL INFO UDS converted handle 0x7ea7a001ff80 to fd 135 on remote peer 6
furious-puma-1:187510:188011 [1] NCCL INFO UDS converted handle 0x7b91b00263d0 to fd 134 on remote peer 2
furious-puma-1:187510:188011 [1] NCCL INFO Imported shareable buffer device 1 size 10485760 ptr 0xa1cc00000
furious-puma-1:187513:188014 [4] NCCL INFO UDS converted handle 0x72c674041590 to fd 135 on remote peer 3
furious-puma-1:187509:188013 [0] NCCL INFO UDS converted handle 0x724ea8047090 to fd 140 on remote peer 7
furious-puma-1:187511:188010 [2] NCCL INFO UDS converted handle 0x762454049f50 to fd 135 on remote peer 1
furious-puma-1:187514:188009 [5] NCCL INFO Imported shareable buffer device 5 size 10485760 ptr 0xa18c00000
furious-puma-1:187515:188007 [6] NCCL INFO UDS converted handle 0x793edc049f50 to fd 134 on remote peer 5
furious-puma-1:187509:188013 [0] NCCL INFO Imported shareable buffer device 0 size 2097152 ptr 0xa1b600000
furious-puma-1:187516:188008 [7] NCCL INFO UDS converted handle 0x793598027bd0 to fd 131 on remote peer 0
furious-puma-1:187513:188014 [4] NCCL INFO Imported shareable buffer device 4 size 2097152 ptr 0xa17600000
furious-puma-1:187511:188010 [2] NCCL INFO Imported shareable buffer device 2 size 2097152 ptr 0xa1d600000
furious-puma-1:187512:188012 [3] NCCL INFO UDS converted handle 0x7b91b0042a70 to fd 135 on remote peer 2
furious-puma-1:187515:188007 [6] NCCL INFO Imported shareable buffer device 6 size 2097152 ptr 0xa1d600000
furious-puma-1:187516:188008 [7] NCCL INFO Imported shareable buffer device 7 size 10485760 ptr 0xa1e000000
furious-puma-1:187513:188014 [4] NCCL INFO UDS converted handle 0x793edc01e290 to fd 135 on remote peer 5
furious-puma-1:187513:188014 [4] NCCL INFO Imported shareable buffer device 4 size 10485760 ptr 0xa18000000
furious-puma-1:187514:188009 [5] NCCL INFO UDS converted handle 0x71f82c044130 to fd 134 on remote peer 4
furious-puma-1:187509:188013 [0] NCCL INFO UDS converted handle 0x762454024bd0 to fd 140 on remote peer 1
furious-puma-1:187510:188011 [1] NCCL INFO UDS converted handle 0x793598049f50 to fd 134 on remote peer 0
furious-puma-1:187512:188012 [3] NCCL INFO Imported shareable buffer device 3 size 2097152 ptr 0xa18a00000
furious-puma-1:187511:188010 [2] NCCL INFO UDS converted handle 0x72c674027bd0 to fd 134 on remote peer 3
furious-puma-1:187514:188009 [5] NCCL INFO Imported shareable buffer device 5 size 2097152 ptr 0xa19600000
furious-puma-1:187515:188007 [6] NCCL INFO UDS converted handle 0x724ea8027bd0 to fd 134 on remote peer 7
furious-puma-1:187510:188011 [1] NCCL INFO Imported shareable buffer device 1 size 2097152 ptr 0xa1d600000
furious-puma-1:187509:188013 [0] NCCL INFO Imported shareable buffer device 0 size 10485760 ptr 0xa1c000000
furious-puma-1:187511:188010 [2] NCCL INFO Imported shareable buffer device 2 size 10485760 ptr 0xa1e000000
furious-puma-1:187509:188013 [0] NCCL INFO UDS converted handle 0x724ea8048890 to fd 139 on remote peer 7
furious-puma-1:187509:188013 [0] NCCL INFO Imported shareable buffer device 0 size 2097152 ptr 0xa1ca00000
furious-puma-1:187516:188008 [7] NCCL INFO UDS converted handle 0x7ea7a004b920 to fd 134 on remote peer 6
furious-puma-1:187515:188007 [6] NCCL INFO Imported shareable buffer device 6 size 10485760 ptr 0xa1e000000
furious-puma-1:187510:188011 [1] NCCL INFO UDS converted handle 0x7b91b0027bd0 to fd 134 on remote peer 2
furious-puma-1:187516:188008 [7] NCCL INFO Imported shareable buffer device 7 size 2097152 ptr 0xa1ea00000
furious-puma-1:187510:188011 [1] NCCL INFO Imported shareable buffer device 1 size 10485760 ptr 0xa1e000000
furious-puma-1:187512:188012 [3] NCCL INFO UDS converted handle 0x71f82c01ff80 to fd 136 on remote peer 4
furious-puma-1:187511:188010 [2] NCCL INFO UDS converted handle 0x76245404b920 to fd 135 on remote peer 1
furious-puma-1:187513:188014 [4] NCCL INFO UDS converted handle 0x72c674042a70 to fd 135 on remote peer 3
furious-puma-1:187511:188010 [2] NCCL INFO Imported shareable buffer device 2 size 2097152 ptr 0xa1ea00000
furious-puma-1:187513:188014 [4] NCCL INFO Imported shareable buffer device 4 size 2097152 ptr 0xa18a00000
furious-puma-1:187514:188009 [5] NCCL INFO UDS converted handle 0x7ea7a0021780 to fd 136 on remote peer 6
furious-puma-1:187512:188012 [3] NCCL INFO Imported shareable buffer device 3 size 10485760 ptr 0xa18c00000
furious-puma-1:187515:188007 [6] NCCL INFO UDS converted handle 0x793edc04b920 to fd 134 on remote peer 5
furious-puma-1:187516:188008 [7] NCCL INFO UDS converted handle 0x793598029820 to fd 134 on remote peer 0
furious-puma-1:187509:188013 [0] NCCL INFO UDS converted handle 0x7624540263d0 to fd 139 on remote peer 1
furious-puma-1:187514:188009 [5] NCCL INFO Imported shareable buffer device 5 size 10485760 ptr 0xa1a000000
furious-puma-1:187512:188012 [3] NCCL INFO UDS converted handle 0x7b91b0044130 to fd 135 on remote peer 2
furious-puma-1:187515:188007 [6] NCCL INFO Imported shareable buffer device 6 size 2097152 ptr 0xa1ea00000
furious-puma-1:187512:188012 [3] NCCL INFO Imported shareable buffer device 3 size 2097152 ptr 0xa19600000
furious-puma-1:187516:188008 [7] NCCL INFO Imported shareable buffer device 7 size 10485760 ptr 0xa1ec00000
furious-puma-1:187509:188013 [0] NCCL INFO Imported shareable buffer device 0 size 10485760 ptr 0xa1cc00000
furious-puma-1:187511:188010 [2] NCCL INFO UDS converted handle 0x72c674029820 to fd 135 on remote peer 3
furious-puma-1:187515:188007 [6] NCCL INFO UDS converted handle 0x724ea8029820 to fd 134 on remote peer 7
furious-puma-1:187513:188014 [4] NCCL INFO UDS converted handle 0x793edc01ff80 to fd 136 on remote peer 5
furious-puma-1:187514:188009 [5] NCCL INFO UDS converted handle 0x71f82c045890 to fd 135 on remote peer 4
furious-puma-1:187510:188011 [1] NCCL INFO UDS converted handle 0x79359804b920 to fd 133 on remote peer 0
furious-puma-1:187516:188008 [7] NCCL INFO UDS converted handle 0x7ea7a004d120 to fd 134 on remote peer 6
furious-puma-1:187511:188010 [2] NCCL INFO Imported shareable buffer device 2 size 10485760 ptr 0xa1ec00000
furious-puma-1:187513:188014 [4] NCCL INFO Imported shareable buffer device 4 size 10485760 ptr 0xa18c00000
furious-puma-1:187515:188007 [6] NCCL INFO Imported shareable buffer device 6 size 10485760 ptr 0xa1ec00000
furious-puma-1:187514:188009 [5] NCCL INFO Imported shareable buffer device 5 size 2097152 ptr 0xa1aa00000
furious-puma-1:187516:188008 [7] NCCL INFO Imported shareable buffer device 7 size 2097152 ptr 0xa1f600000
furious-puma-1:187516:188008 [7] NCCL INFO UDS converted handle 0x79359802b020 to fd 134 on remote peer 0
furious-puma-1:187510:188011 [1] NCCL INFO Imported shareable buffer device 1 size 2097152 ptr 0xa1ea00000
furious-puma-1:187509:188013 [0] NCCL INFO UDS converted handle 0x724ea8049f50 to fd 139 on remote peer 7
furious-puma-1:187512:188012 [3] NCCL INFO UDS converted handle 0x71f82c021780 to fd 135 on remote peer 4
furious-puma-1:187516:188008 [7] NCCL INFO Imported shareable buffer device 7 size 10485760 ptr 0x31c0000000
furious-puma-1:187513:188014 [4] NCCL INFO UDS converted handle 0x72c674044130 to fd 135 on remote peer 3
furious-puma-1:187512:188012 [3] NCCL INFO Imported shareable buffer device 3 size 10485760 ptr 0xa1a000000
furious-puma-1:187509:188013 [0] NCCL INFO Imported shareable buffer device 0 size 2097152 ptr 0xa1d600000
furious-puma-1:187511:188010 [2] NCCL INFO UDS converted handle 0x76245404d120 to fd 135 on remote peer 1
furious-puma-1:187514:188009 [5] NCCL INFO UDS converted handle 0x7ea7a0022f80 to fd 136 on remote peer 6
furious-puma-1:187515:188007 [6] NCCL INFO UDS converted handle 0x793edc04d120 to fd 134 on remote peer 5
furious-puma-1:187511:188010 [2] NCCL INFO Imported shareable buffer device 2 size 2097152 ptr 0xa1f600000
furious-puma-1:187509:188013 [0] NCCL INFO UDS converted handle 0x762454027bd0 to fd 139 on remote peer 1
furious-puma-1:187514:188009 [5] NCCL INFO Imported shareable buffer device 5 size 10485760 ptr 0xa1ac00000
furious-puma-1:187510:188011 [1] NCCL INFO UDS converted handle 0x7b91b0029820 to fd 134 on remote peer 2
furious-puma-1:187513:188014 [4] NCCL INFO Imported shareable buffer device 4 size 2097152 ptr 0xa19600000
furious-puma-1:187515:188007 [6] NCCL INFO Imported shareable buffer device 6 size 2097152 ptr 0xa1f600000
furious-puma-1:187510:188011 [1] NCCL INFO Imported shareable buffer device 1 size 10485760 ptr 0xa1ec00000
furious-puma-1:187511:188010 [2] NCCL INFO UDS converted handle 0x72c67402b020 to fd 135 on remote peer 3
furious-puma-1:187509:188013 [0] NCCL INFO Imported shareable buffer device 0 size 10485760 ptr 0xa1e000000
furious-puma-1:187512:188012 [3] NCCL INFO UDS converted handle 0x7b91b0045890 to fd 135 on remote peer 2
furious-puma-1:187516:188008 [7] NCCL INFO UDS converted handle 0x7ea7a004e920 to fd 134 on remote peer 6
furious-puma-1:187514:188009 [5] NCCL INFO UDS converted handle 0x71f82c047090 to fd 136 on remote peer 4
furious-puma-1:187513:188014 [4] NCCL INFO UDS converted handle 0x793edc021780 to fd 135 on remote peer 5
furious-puma-1:187515:188007 [6] NCCL INFO UDS converted handle 0x724ea802b020 to fd 134 on remote peer 7
furious-puma-1:187512:188012 [3] NCCL INFO Imported shareable buffer device 3 size 2097152 ptr 0xa1aa00000
furious-puma-1:187511:188010 [2] NCCL INFO Imported shareable buffer device 2 size 10485760 ptr 0x31c0000000
furious-puma-1:187516:188008 [7] NCCL INFO Imported shareable buffer device 7 size 2097152 ptr 0x31c0a00000
furious-puma-1:187510:188011 [1] NCCL INFO UDS converted handle 0x79359804d120 to fd 134 on remote peer 0
furious-puma-1:187516:188008 [7] NCCL INFO UDS converted handle 0x79359802c820 to fd 134 on remote peer 0
furious-puma-1:187514:188009 [5] NCCL INFO Imported shareable buffer device 5 size 2097152 ptr 0xa1b600000
furious-puma-1:187510:188011 [1] NCCL INFO Imported shareable buffer device 1 size 2097152 ptr 0xa1f600000
furious-puma-1:187513:188014 [4] NCCL INFO Imported shareable buffer device 4 size 10485760 ptr 0xa1a000000
furious-puma-1:187515:188007 [6] NCCL INFO Imported shareable buffer device 6 size 10485760 ptr 0x31c0000000
furious-puma-1:187512:188012 [3] NCCL INFO UDS converted handle 0x71f82c022f80 to fd 135 on remote peer 4
furious-puma-1:187516:188008 [7] NCCL INFO Imported shareable buffer device 7 size 10485760 ptr 0x31c0c00000
furious-puma-1:187509:188013 [0] NCCL INFO UDS converted handle 0x724ea804b920 to fd 139 on remote peer 7
furious-puma-1:187511:188010 [2] NCCL INFO UDS converted handle 0x76245404e920 to fd 135 on remote peer 1
furious-puma-1:187509:188013 [0] NCCL INFO Imported shareable buffer device 0 size 2097152 ptr 0xa1ea00000
furious-puma-1:187512:188012 [3] NCCL INFO Imported shareable buffer device 3 size 10485760 ptr 0xa1ac00000
furious-puma-1:187510:188011 [1] NCCL INFO UDS converted handle 0x7b91b002b020 to fd 134 on remote peer 2
furious-puma-1:187514:188009 [5] NCCL INFO UDS converted handle 0x7ea7a0024bd0 to fd 135 on remote peer 6
furious-puma-1:187513:188014 [4] NCCL INFO UDS converted handle 0x72c674045890 to fd 135 on remote peer 3
furious-puma-1:187515:188007 [6] NCCL INFO UDS converted handle 0x793edc04e920 to fd 134 on remote peer 5
furious-puma-1:187511:188010 [2] NCCL INFO Imported shareable buffer device 2 size 2097152 ptr 0x31c0a00000
furious-puma-1:187514:188009 [5] NCCL INFO Imported shareable buffer device 5 size 10485760 ptr 0xa1c000000
furious-puma-1:187511:188010 [2] NCCL INFO UDS converted handle 0x72c67402c820 to fd 135 on remote peer 3
furious-puma-1:187509:188013 [0] NCCL INFO UDS converted handle 0x762454029820 to fd 139 on remote peer 1
furious-puma-1:187513:188014 [4] NCCL INFO Imported shareable buffer device 4 size 2097152 ptr 0xa1aa00000
furious-puma-1:187515:188007 [6] NCCL INFO Imported shareable buffer device 6 size 2097152 ptr 0x31c0a00000
furious-puma-1:187516:188008 [7] NCCL INFO UDS converted handle 0x7ea7a0050120 to fd 131 on remote peer 6
furious-puma-1:187510:188011 [1] NCCL INFO Imported shareable buffer device 1 size 10485760 ptr 0x31c0000000
furious-puma-1:187514:188009 [5] NCCL INFO UDS converted handle 0x71f82c048890 to fd 135 on remote peer 4
furious-puma-1:187509:188013 [0] NCCL INFO Imported shareable buffer device 0 size 10485760 ptr 0xa1ec00000
furious-puma-1:187516:188008 [7] NCCL INFO Imported shareable buffer device 7 size 2097152 ptr 0x31c1600000
furious-puma-1:187511:188010 [2] NCCL INFO Imported shareable buffer device 2 size 10485760 ptr 0x31c0c00000
furious-puma-1:187512:188012 [3] NCCL INFO UDS converted handle 0x7b91b0047090 to fd 135 on remote peer 2
furious-puma-1:187513:188014 [4] NCCL INFO UDS converted handle 0x793edc022f80 to fd 135 on remote peer 5
furious-puma-1:187514:188009 [5] NCCL INFO Imported shareable buffer device 5 size 2097152 ptr 0xa1ca00000
furious-puma-1:187513:188014 [4] NCCL INFO Imported shareable buffer device 4 size 10485760 ptr 0xa1ac00000
furious-puma-1:187512:188012 [3] NCCL INFO Imported shareable buffer device 3 size 2097152 ptr 0xa1b600000
furious-puma-1:187510:188011 [1] NCCL INFO UDS converted handle 0x79359804e920 to fd 135 on remote peer 0
furious-puma-1:187515:188007 [6] NCCL INFO UDS converted handle 0x724ea802c820 to fd 133 on remote peer 7
furious-puma-1:187511:188010 [2] NCCL INFO UDS converted handle 0x762454050120 to fd 135 on remote peer 1
furious-puma-1:187515:188007 [6] NCCL INFO Imported shareable buffer device 6 size 10485760 ptr 0x31c0c00000
furious-puma-1:187510:188011 [1] NCCL INFO Imported shareable buffer device 1 size 2097152 ptr 0x31c0a00000
furious-puma-1:187511:188010 [2] NCCL INFO Imported shareable buffer device 2 size 2097152 ptr 0x31c1600000
furious-puma-1:187514:188009 [5] NCCL INFO UDS converted handle 0x7ea7a00263d0 to fd 135 on remote peer 6
furious-puma-1:187512:188012 [3] NCCL INFO UDS converted handle 0x71f82c024bd0 to fd 135 on remote peer 4
furious-puma-1:187513:188014 [4] NCCL INFO UDS converted handle 0x72c674047090 to fd 135 on remote peer 3
furious-puma-1:187513:188014 [4] NCCL INFO Imported shareable buffer device 4 size 2097152 ptr 0xa1b600000
furious-puma-1:187514:188009 [5] NCCL INFO Imported shareable buffer device 5 size 10485760 ptr 0xa1cc00000
furious-puma-1:187509:188013 [0] NCCL INFO UDS converted handle 0x724ea804d120 to fd 139 on remote peer 7
furious-puma-1:187512:188012 [3] NCCL INFO Imported shareable buffer device 3 size 10485760 ptr 0xa1c000000
furious-puma-1:187515:188007 [6] NCCL INFO UDS converted handle 0x793edc050120 to fd 134 on remote peer 5
furious-puma-1:187509:188013 [0] NCCL INFO Imported shareable buffer device 0 size 2097152 ptr 0xa1f600000
furious-puma-1:187510:188011 [1] NCCL INFO UDS converted handle 0x7b91b002c820 to fd 134 on remote peer 2
furious-puma-1:187514:188009 [5] NCCL INFO UDS converted handle 0x71f82c049f50 to fd 135 on remote peer 4
furious-puma-1:187515:188007 [6] NCCL INFO Imported shareable buffer device 6 size 2097152 ptr 0x31c1600000
furious-puma-1:187512:188012 [3] NCCL INFO UDS converted handle 0x7b91b0048890 to fd 135 on remote peer 2
furious-puma-1:187510:188011 [1] NCCL INFO Imported shareable buffer device 1 size 10485760 ptr 0x31c0c00000
furious-puma-1:187514:188009 [5] NCCL INFO Imported shareable buffer device 5 size 2097152 ptr 0xa1d600000
furious-puma-1:187509:188013 [0] NCCL INFO UDS converted handle 0x76245402b020 to fd 139 on remote peer 1
furious-puma-1:187513:188014 [4] NCCL INFO UDS converted handle 0x793edc024bd0 to fd 135 on remote peer 5
furious-puma-1:187513:188014 [4] NCCL INFO Imported shareable buffer device 4 size 10485760 ptr 0xa1c000000
furious-puma-1:187509:188013 [0] NCCL INFO Imported shareable buffer device 0 size 10485760 ptr 0x31c0000000
furious-puma-1:187512:188012 [3] NCCL INFO Imported shareable buffer device 3 size 2097152 ptr 0xa1ca00000
furious-puma-1:187510:188011 [1] NCCL INFO UDS converted handle 0x793598050120 to fd 134 on remote peer 0
furious-puma-1:187514:188009 [5] NCCL INFO UDS converted handle 0x7ea7a0027bd0 to fd 134 on remote peer 6
furious-puma-1:187513:188014 [4] NCCL INFO UDS converted handle 0x72c674048890 to fd 135 on remote peer 3
furious-puma-1:187510:188011 [1] NCCL INFO Imported shareable buffer device 1 size 2097152 ptr 0x31c1600000
furious-puma-1:187509:188013 [0] NCCL INFO UDS converted handle 0x724ea804e920 to fd 139 on remote peer 7
furious-puma-1:187514:188009 [5] NCCL INFO Imported shareable buffer device 5 size 10485760 ptr 0xa1e000000
furious-puma-1:187513:188014 [4] NCCL INFO Imported shareable buffer device 4 size 2097152 ptr 0xa1ca00000
furious-puma-1:187512:188012 [3] NCCL INFO UDS converted handle 0x71f82c0263d0 to fd 135 on remote peer 4
furious-puma-1:187509:188013 [0] NCCL INFO Imported shareable buffer device 0 size 2097152 ptr 0x31c0a00000
furious-puma-1:187513:188014 [4] NCCL INFO UDS converted handle 0x793edc0263d0 to fd 132 on remote peer 5
furious-puma-1:187512:188012 [3] NCCL INFO Imported shareable buffer device 3 size 10485760 ptr 0xa1cc00000
furious-puma-1:187509:188013 [0] NCCL INFO UDS converted handle 0x76245402c820 to fd 139 on remote peer 1
furious-puma-1:187513:188014 [4] NCCL INFO Imported shareable buffer device 4 size 10485760 ptr 0xa1cc00000
furious-puma-1:187514:188009 [5] NCCL INFO UDS converted handle 0x71f82c04b920 to fd 135 on remote peer 4
furious-puma-1:187512:188012 [3] NCCL INFO UDS converted handle 0x7b91b0049f50 to fd 136 on remote peer 2
furious-puma-1:187513:188014 [4] NCCL INFO UDS converted handle 0x72c674049f50 to fd 132 on remote peer 3
furious-puma-1:187514:188009 [5] NCCL INFO Imported shareable buffer device 5 size 2097152 ptr 0xa1ea00000
furious-puma-1:187509:188013 [0] NCCL INFO Imported shareable buffer device 0 size 10485760 ptr 0x31c0c00000
furious-puma-1:187514:188009 [5] NCCL INFO UDS converted handle 0x7ea7a0029820 to fd 135 on remote peer 6
furious-puma-1:187512:188012 [3] NCCL INFO Imported shareable buffer device 3 size 2097152 ptr 0xa1d600000
furious-puma-1:187513:188014 [4] NCCL INFO Imported shareable buffer device 4 size 2097152 ptr 0xa1d600000
furious-puma-1:187509:188013 [0] NCCL INFO UDS converted handle 0x724ea8050120 to fd 139 on remote peer 7
furious-puma-1:187513:188014 [4] NCCL INFO UDS converted handle 0x793edc027bd0 to fd 135 on remote peer 5
furious-puma-1:187514:188009 [5] NCCL INFO Imported shareable buffer device 5 size 10485760 ptr 0xa1ec00000
furious-puma-1:187512:188012 [3] NCCL INFO UDS converted handle 0x71f82c027bd0 to fd 135 on remote peer 4
furious-puma-1:187513:188014 [4] NCCL INFO Imported shareable buffer device 4 size 10485760 ptr 0xa1e000000
furious-puma-1:187509:188013 [0] NCCL INFO Imported shareable buffer device 0 size 2097152 ptr 0x31c1600000
furious-puma-1:187513:188014 [4] NCCL INFO UDS converted handle 0x72c67404b920 to fd 135 on remote peer 3
furious-puma-1:187512:188012 [3] NCCL INFO Imported shareable buffer device 3 size 10485760 ptr 0xa1e000000
furious-puma-1:187514:188009 [5] NCCL INFO UDS converted handle 0x71f82c04d120 to fd 135 on remote peer 4
furious-puma-1:187513:188014 [4] NCCL INFO Imported shareable buffer device 4 size 2097152 ptr 0xa1ea00000
furious-puma-1:187514:188009 [5] NCCL INFO Imported shareable buffer device 5 size 2097152 ptr 0xa1f600000
furious-puma-1:187512:188012 [3] NCCL INFO UDS converted handle 0x7b91b004b920 to fd 135 on remote peer 2
furious-puma-1:187513:188014 [4] NCCL INFO UDS converted handle 0x793edc029820 to fd 135 on remote peer 5
furious-puma-1:187512:188012 [3] NCCL INFO Imported shareable buffer device 3 size 2097152 ptr 0xa1ea00000
furious-puma-1:187514:188009 [5] NCCL INFO UDS converted handle 0x7ea7a002b020 to fd 135 on remote peer 6
furious-puma-1:187513:188014 [4] NCCL INFO Imported shareable buffer device 4 size 10485760 ptr 0xa1ec00000
furious-puma-1:187514:188009 [5] NCCL INFO Imported shareable buffer device 5 size 10485760 ptr 0x31c0000000
furious-puma-1:187512:188012 [3] NCCL INFO UDS converted handle 0x71f82c029820 to fd 135 on remote peer 4
furious-puma-1:187513:188014 [4] NCCL INFO UDS converted handle 0x72c67404d120 to fd 135 on remote peer 3
furious-puma-1:187514:188009 [5] NCCL INFO UDS converted handle 0x71f82c04e920 to fd 135 on remote peer 4
furious-puma-1:187514:188009 [5] NCCL INFO Imported shareable buffer device 5 size 2097152 ptr 0x31c0a00000
furious-puma-1:187513:188014 [4] NCCL INFO Imported shareable buffer device 4 size 2097152 ptr 0xa1f600000
furious-puma-1:187512:188012 [3] NCCL INFO Imported shareable buffer device 3 size 10485760 ptr 0xa1ec00000
furious-puma-1:187514:188009 [5] NCCL INFO UDS converted handle 0x7ea7a002c820 to fd 135 on remote peer 6
furious-puma-1:187513:188014 [4] NCCL INFO UDS converted handle 0x793edc02b020 to fd 135 on remote peer 5
furious-puma-1:187512:188012 [3] NCCL INFO UDS converted handle 0x7b91b004d120 to fd 135 on remote peer 2
furious-puma-1:187514:188009 [5] NCCL INFO Imported shareable buffer device 5 size 10485760 ptr 0x31c0c00000
furious-puma-1:187513:188014 [4] NCCL INFO Imported shareable buffer device 4 size 10485760 ptr 0x31c0000000
furious-puma-1:187512:188012 [3] NCCL INFO Imported shareable buffer device 3 size 2097152 ptr 0xa1f600000
furious-puma-1:187514:188009 [5] NCCL INFO UDS converted handle 0x71f82c050120 to fd 135 on remote peer 4
furious-puma-1:187513:188014 [4] NCCL INFO UDS converted handle 0x72c67404e920 to fd 135 on remote peer 3
furious-puma-1:187512:188012 [3] NCCL INFO UDS converted handle 0x71f82c02b020 to fd 135 on remote peer 4
furious-puma-1:187514:188009 [5] NCCL INFO Imported shareable buffer device 5 size 2097152 ptr 0x31c1600000
furious-puma-1:187513:188014 [4] NCCL INFO Imported shareable buffer device 4 size 2097152 ptr 0x31c0a00000
furious-puma-1:187512:188012 [3] NCCL INFO Imported shareable buffer device 3 size 10485760 ptr 0x31c0000000
furious-puma-1:187513:188014 [4] NCCL INFO UDS converted handle 0x793edc02c820 to fd 135 on remote peer 5
furious-puma-1:187512:188012 [3] NCCL INFO UDS converted handle 0x7b91b004e920 to fd 135 on remote peer 2
furious-puma-1:187513:188014 [4] NCCL INFO Imported shareable buffer device 4 size 10485760 ptr 0x31c0c00000
furious-puma-1:187512:188012 [3] NCCL INFO Imported shareable buffer device 3 size 2097152 ptr 0x31c0a00000
furious-puma-1:187513:188014 [4] NCCL INFO UDS converted handle 0x72c674050120 to fd 135 on remote peer 3
furious-puma-1:187512:188012 [3] NCCL INFO UDS converted handle 0x71f82c02c820 to fd 133 on remote peer 4
furious-puma-1:187513:188014 [4] NCCL INFO Imported shareable buffer device 4 size 2097152 ptr 0x31c1600000
furious-puma-1:187512:188012 [3] NCCL INFO Imported shareable buffer device 3 size 10485760 ptr 0x31c0c00000
furious-puma-1:187512:188012 [3] NCCL INFO UDS converted handle 0x7b91b0050120 to fd 135 on remote peer 2
furious-puma-1:187512:188012 [3] NCCL INFO Imported shareable buffer device 3 size 2097152 ptr 0x31c1600000
furious-puma-1:187514:188009 [5] NCCL INFO Connected all rings, use ring PXN 0 GDR 1
furious-puma-1:187515:188007 [6] NCCL INFO Connected all rings, use ring PXN 0 GDR 1
furious-puma-1:187513:188014 [4] NCCL INFO Connected all rings, use ring PXN 0 GDR 1
furious-puma-1:187512:188012 [3] NCCL INFO Connected all rings, use ring PXN 0 GDR 1
furious-puma-1:187511:188010 [2] NCCL INFO Connected all rings, use ring PXN 0 GDR 1
furious-puma-1:187510:188011 [1] NCCL INFO Connected all rings, use ring PXN 0 GDR 1
furious-puma-1:187509:188013 [0] NCCL INFO Connected all rings, use ring PXN 0 GDR 1
furious-puma-1:187516:188008 [7] NCCL INFO Connected all rings, use ring PXN 0 GDR 1
Loading checkpoint shards:   0%|          | 0/4 [00:00<?, ?it/s]Loading checkpoint shards:   0%|          | 0/4 [00:00<?, ?it/s]Loading checkpoint shards:   0%|          | 0/4 [00:00<?, ?it/s]Loading checkpoint shards:   0%|          | 0/4 [00:00<?, ?it/s]Loading checkpoint shards:   0%|          | 0/4 [00:00<?, ?it/s]Loading checkpoint shards:   0%|          | 0/4 [00:00<?, ?it/s]Loading checkpoint shards:   0%|          | 0/4 [00:00<?, ?it/s]Loading checkpoint shards:   0%|          | 0/4 [00:00<?, ?it/s]Loading checkpoint shards:  25%|██▌       | 1/4 [00:01<00:03,  1.10s/it]Loading checkpoint shards:  50%|█████     | 2/4 [00:01<00:01,  1.53it/s]Loading checkpoint shards:  50%|█████     | 2/4 [00:01<00:01,  1.63it/s]Loading checkpoint shards:  50%|█████     | 2/4 [00:01<00:01,  1.61it/s]Loading checkpoint shards:  50%|█████     | 2/4 [00:01<00:01,  1.50it/s]Loading checkpoint shards:  50%|█████     | 2/4 [00:01<00:01,  1.48it/s]Loading checkpoint shards:  50%|█████     | 2/4 [00:01<00:01,  1.50it/s]Loading checkpoint shards:  50%|█████     | 2/4 [00:01<00:01,  1.61it/s]Loading checkpoint shards:  50%|█████     | 2/4 [00:02<00:02,  1.02s/it]Loading checkpoint shards:  75%|███████▌  | 3/4 [00:02<00:00,  1.36it/s]Loading checkpoint shards:  75%|███████▌  | 3/4 [00:02<00:00,  1.32it/s]Loading checkpoint shards:  75%|███████▌  | 3/4 [00:02<00:00,  1.30it/s]Loading checkpoint shards:  75%|███████▌  | 3/4 [00:02<00:00,  1.30it/s]Loading checkpoint shards:  75%|███████▌  | 3/4 [00:02<00:00,  1.35it/s]Loading checkpoint shards:  75%|███████▌  | 3/4 [00:02<00:00,  1.30it/s]Loading checkpoint shards:  75%|███████▌  | 3/4 [00:02<00:00,  1.35it/s]Loading checkpoint shards: 100%|██████████| 4/4 [00:02<00:00,  1.76it/s]
Loading checkpoint shards: 100%|██████████| 4/4 [00:02<00:00,  1.74it/s]
Loading checkpoint shards: 100%|██████████| 4/4 [00:02<00:00,  1.81it/s]
Loading checkpoint shards: 100%|██████████| 4/4 [00:02<00:00,  1.82it/s]Loading checkpoint shards: 100%|██████████| 4/4 [00:02<00:00,  1.72it/s]

Loading checkpoint shards: 100%|██████████| 4/4 [00:02<00:00,  1.74it/s]
Loading checkpoint shards: 100%|██████████| 4/4 [00:02<00:00,  1.81it/s]
loading configuration file generation_config.json from cache at /home/ubuntu/.cache/huggingface/transformers/models--meta-llama--Llama-3.1-8B-Instruct/snapshots/0e9e39f249a16976918f6564b8830bc894c89659/generation_config.json
Generate config GenerationConfig {
  "bos_token_id": 128000,
  "do_sample": true,
  "eos_token_id": [
    128001,
    128008,
    128009
  ],
  "temperature": 0.6,
  "top_p": 0.9
}

loading configuration file generation_config.json from cache at /home/ubuntu/.cache/huggingface/transformers/models--meta-llama--Llama-3.1-8B-Instruct/snapshots/0e9e39f249a16976918f6564b8830bc894c89659/generation_config.json
Generate config GenerationConfig {
  "bos_token_id": 128000,
  "do_sample": true,
  "eos_token_id": [
    128001,
    128008,
    128009
  ],
  "temperature": 0.6,
  "top_p": 0.9
}

loading configuration file generation_config.json from cache at /home/ubuntu/.cache/huggingface/transformers/models--meta-llama--Llama-3.1-8B-Instruct/snapshots/0e9e39f249a16976918f6564b8830bc894c89659/generation_config.json
Generate config GenerationConfig {
  "bos_token_id": 128000,
  "do_sample": true,
  "eos_token_id": [
    128001,
    128008,
    128009
  ],
  "temperature": 0.6,
  "top_p": 0.9
}

loading configuration file generation_config.json from cache at /home/ubuntu/.cache/huggingface/transformers/models--meta-llama--Llama-3.1-8B-Instruct/snapshots/0e9e39f249a16976918f6564b8830bc894c89659/generation_config.json
Generate config GenerationConfig {
  "bos_token_id": 128000,
  "do_sample": true,
  "eos_token_id": [
    128001,
    128008,
    128009
  ],
  "temperature": 0.6,
  "top_p": 0.9
}

loading configuration file generation_config.json from cache at /home/ubuntu/.cache/huggingface/transformers/models--meta-llama--Llama-3.1-8B-Instruct/snapshots/0e9e39f249a16976918f6564b8830bc894c89659/generation_config.json
Generate config GenerationConfig {
  "bos_token_id": 128000,
  "do_sample": true,
  "eos_token_id": [
    128001,
    128008,
    128009
  ],
  "temperature": 0.6,
  "top_p": 0.9
}

loading configuration file generation_config.json from cache at /home/ubuntu/.cache/huggingface/transformers/models--meta-llama--Llama-3.1-8B-Instruct/snapshots/0e9e39f249a16976918f6564b8830bc894c89659/generation_config.json
loading configuration file generation_config.json from cache at /home/ubuntu/.cache/huggingface/transformers/models--meta-llama--Llama-3.1-8B-Instruct/snapshots/0e9e39f249a16976918f6564b8830bc894c89659/generation_config.json
Generate config GenerationConfig {
  "bos_token_id": 128000,
  "do_sample": true,
  "eos_token_id": [
    128001,
    128008,
    128009
  ],
  "temperature": 0.6,
  "top_p": 0.9
}

Generate config GenerationConfig {
  "bos_token_id": 128000,
  "do_sample": true,
  "eos_token_id": [
    128001,
    128008,
    128009
  ],
  "temperature": 0.6,
  "top_p": 0.9
}

Could not locate the custom_generate/generate.py inside meta-llama/Llama-3.1-8B-Instruct.
Could not locate the custom_generate/generate.py inside meta-llama/Llama-3.1-8B-Instruct.
Could not locate the custom_generate/generate.py inside meta-llama/Llama-3.1-8B-Instruct.
Could not locate the custom_generate/generate.py inside meta-llama/Llama-3.1-8B-Instruct.
Could not locate the custom_generate/generate.py inside meta-llama/Llama-3.1-8B-Instruct.
Could not locate the custom_generate/generate.py inside meta-llama/Llama-3.1-8B-Instruct.
Could not locate the custom_generate/generate.py inside meta-llama/Llama-3.1-8B-Instruct.
Loading checkpoint shards:  75%|███████▌  | 3/4 [00:02<00:00,  1.04it/s]Loading checkpoint shards: 100%|██████████| 4/4 [00:03<00:00,  1.49it/s]Loading checkpoint shards: 100%|██████████| 4/4 [00:03<00:00,  1.26it/s]
loading configuration file generation_config.json from cache at /home/ubuntu/.cache/huggingface/transformers/models--meta-llama--Llama-3.1-8B-Instruct/snapshots/0e9e39f249a16976918f6564b8830bc894c89659/generation_config.json
Generate config GenerationConfig {
  "bos_token_id": 128000,
  "do_sample": true,
  "eos_token_id": [
    128001,
    128008,
    128009
  ],
  "temperature": 0.6,
  "top_p": 0.9
}

PyTorch: setting up devices
PyTorch: setting up devices
PyTorch: setting up devices
PyTorch: setting up devices
PyTorch: setting up devices
PyTorch: setting up devices
Could not locate the custom_generate/generate.py inside meta-llama/Llama-3.1-8B-Instruct.
PyTorch: setting up devices
The default value for the training argument `--report_to` will change in v5 (from all installed integrations to none). In v5, you will need to use `--report_to all` to get the same behavior as now. You should start updating your code and make this info disappear :-).
The default value for the training argument `--report_to` will change in v5 (from all installed integrations to none). In v5, you will need to use `--report_to all` to get the same behavior as now. You should start updating your code and make this info disappear :-).
The default value for the training argument `--report_to` will change in v5 (from all installed integrations to none). In v5, you will need to use `--report_to all` to get the same behavior as now. You should start updating your code and make this info disappear :-).
The default value for the training argument `--report_to` will change in v5 (from all installed integrations to none). In v5, you will need to use `--report_to all` to get the same behavior as now. You should start updating your code and make this info disappear :-).
The default value for the training argument `--report_to` will change in v5 (from all installed integrations to none). In v5, you will need to use `--report_to all` to get the same behavior as now. You should start updating your code and make this info disappear :-).
The default value for the training argument `--report_to` will change in v5 (from all installed integrations to none). In v5, you will need to use `--report_to all` to get the same behavior as now. You should start updating your code and make this info disappear :-).
The default value for the training argument `--report_to` will change in v5 (from all installed integrations to none). In v5, you will need to use `--report_to all` to get the same behavior as now. You should start updating your code and make this info disappear :-).
loading configuration file config.json from cache at /home/ubuntu/.cache/huggingface/transformers/models--meta-llama--Llama-3.1-8B-Instruct/snapshots/0e9e39f249a16976918f6564b8830bc894c89659/config.json
Model config LlamaConfig {
  "architectures": [
    "LlamaForCausalLM"
  ],
  "attention_bias": false,
  "attention_dropout": 0.0,
  "bos_token_id": 128000,
  "dtype": "bfloat16",
  "eos_token_id": [
    128001,
    128008,
    128009
  ],
  "head_dim": 128,
  "hidden_act": "silu",
  "hidden_size": 4096,
  "initializer_range": 0.02,
  "intermediate_size": 14336,
  "max_position_embeddings": 131072,
  "mlp_bias": false,
  "model_type": "llama",
  "num_attention_heads": 32,
  "num_hidden_layers": 32,
  "num_key_value_heads": 8,
  "pretraining_tp": 1,
  "rms_norm_eps": 1e-05,
  "rope_scaling": {
    "factor": 8.0,
    "high_freq_factor": 4.0,
    "low_freq_factor": 1.0,
    "original_max_position_embeddings": 8192,
    "rope_type": "llama3"
  },
  "rope_theta": 500000.0,
  "tie_word_embeddings": false,
  "transformers_version": "4.57.3",
  "use_cache": true,
  "vocab_size": 128256
}

loading configuration file config.json from cache at /home/ubuntu/.cache/huggingface/transformers/models--meta-llama--Llama-3.1-8B-Instruct/snapshots/0e9e39f249a16976918f6564b8830bc894c89659/config.json
Model config LlamaConfig {
  "architectures": [
    "LlamaForCausalLM"
  ],
  "attention_bias": false,
  "attention_dropout": 0.0,
  "bos_token_id": 128000,
  "dtype": "bfloat16",
  "eos_token_id": [
    128001,
    128008,
    128009
  ],
  "head_dim": 128,
  "hidden_act": "silu",
  "hidden_size": 4096,
  "initializer_range": 0.02,
  "intermediate_size": 14336,
  "max_position_embeddings": 131072,
  "mlp_bias": false,
  "model_type": "llama",
  "num_attention_heads": 32,
  "num_hidden_layers": 32,
  "num_key_value_heads": 8,
  "pretraining_tp": 1,
  "rms_norm_eps": 1e-05,
  "rope_scaling": {
    "factor": 8.0,
    "high_freq_factor": 4.0,
    "low_freq_factor": 1.0,
    "original_max_position_embeddings": 8192,
    "rope_type": "llama3"
  },
  "rope_theta": 500000.0,
  "tie_word_embeddings": false,
  "transformers_version": "4.57.3",
  "use_cache": true,
  "vocab_size": 128256
}

loading configuration file config.json from cache at /home/ubuntu/.cache/huggingface/transformers/models--meta-llama--Llama-3.1-8B-Instruct/snapshots/0e9e39f249a16976918f6564b8830bc894c89659/config.json
Model config LlamaConfig {
  "architectures": [
    "LlamaForCausalLM"
  ],
  "attention_bias": false,
  "attention_dropout": 0.0,
  "bos_token_id": 128000,
  "dtype": "bfloat16",
  "eos_token_id": [
    128001,
    128008,
    128009
  ],
  "head_dim": 128,
  "hidden_act": "silu",
  "hidden_size": 4096,
  "initializer_range": 0.02,
  "intermediate_size": 14336,
  "max_position_embeddings": 131072,
  "mlp_bias": false,
  "model_type": "llama",
  "num_attention_heads": 32,
  "num_hidden_layers": 32,
  "num_key_value_heads": 8,
  "pretraining_tp": 1,
  "rms_norm_eps": 1e-05,
  "rope_scaling": {
    "factor": 8.0,
    "high_freq_factor": 4.0,
    "low_freq_factor": 1.0,
    "original_max_position_embeddings": 8192,
    "rope_type": "llama3"
  },
  "rope_theta": 500000.0,
  "tie_word_embeddings": false,
  "transformers_version": "4.57.3",
  "use_cache": true,
  "vocab_size": 128256
}

loading configuration file config.json from cache at /home/ubuntu/.cache/huggingface/transformers/models--meta-llama--Llama-3.1-8B-Instruct/snapshots/0e9e39f249a16976918f6564b8830bc894c89659/config.json
Model config LlamaConfig {
  "architectures": [
    "LlamaForCausalLM"
  ],
  "attention_bias": false,
  "attention_dropout": 0.0,
  "bos_token_id": 128000,
  "dtype": "bfloat16",
  "eos_token_id": [
    128001,
    128008,
    128009
  ],
  "head_dim": 128,
  "hidden_act": "silu",
  "hidden_size": 4096,
  "initializer_range": 0.02,
  "intermediate_size": 14336,
  "max_position_embeddings": 131072,
  "mlp_bias": false,
  "model_type": "llama",
  "num_attention_heads": 32,
  "num_hidden_layers": 32,
  "num_key_value_heads": 8,
  "pretraining_tp": 1,
  "rms_norm_eps": 1e-05,
  "rope_scaling": {
    "factor": 8.0,
    "high_freq_factor": 4.0,
    "low_freq_factor": 1.0,
    "original_max_position_embeddings": 8192,
    "rope_type": "llama3"
  },
  "rope_theta": 500000.0,
  "tie_word_embeddings": false,
  "transformers_version": "4.57.3",
  "use_cache": true,
  "vocab_size": 128256
}

loading configuration file config.json from cache at /home/ubuntu/.cache/huggingface/transformers/models--meta-llama--Llama-3.1-8B-Instruct/snapshots/0e9e39f249a16976918f6564b8830bc894c89659/config.json
Model config LlamaConfig {
  "architectures": [
    "LlamaForCausalLM"
  ],
  "attention_bias": false,
  "attention_dropout": 0.0,
  "bos_token_id": 128000,
  "dtype": "bfloat16",
  "eos_token_id": [
    128001,
    128008,
    128009
  ],
  "head_dim": 128,
  "hidden_act": "silu",
  "hidden_size": 4096,
  "initializer_range": 0.02,
  "intermediate_size": 14336,
  "max_position_embeddings": 131072,
  "mlp_bias": false,
  "model_type": "llama",
  "num_attention_heads": 32,
  "num_hidden_layers": 32,
  "num_key_value_heads": 8,
  "pretraining_tp": 1,
  "rms_norm_eps": 1e-05,
  "rope_scaling": {
    "factor": 8.0,
    "high_freq_factor": 4.0,
    "low_freq_factor": 1.0,
    "original_max_position_embeddings": 8192,
    "rope_type": "llama3"
  },
  "rope_theta": 500000.0,
  "tie_word_embeddings": false,
  "transformers_version": "4.57.3",
  "use_cache": true,
  "vocab_size": 128256
}

loading configuration file config.json from cache at /home/ubuntu/.cache/huggingface/transformers/models--meta-llama--Llama-3.1-8B-Instruct/snapshots/0e9e39f249a16976918f6564b8830bc894c89659/config.json
Model config LlamaConfig {
  "architectures": [
    "LlamaForCausalLM"
  ],
  "attention_bias": false,
  "attention_dropout": 0.0,
  "bos_token_id": 128000,
  "dtype": "bfloat16",
  "eos_token_id": [
    128001,
    128008,
    128009
  ],
  "head_dim": 128,
  "hidden_act": "silu",
  "hidden_size": 4096,
  "initializer_range": 0.02,
  "intermediate_size": 14336,
  "max_position_embeddings": 131072,
  "mlp_bias": false,
  "model_type": "llama",
  "num_attention_heads": 32,
  "num_hidden_layers": 32,
  "num_key_value_heads": 8,
  "pretraining_tp": 1,
  "rms_norm_eps": 1e-05,
  "rope_scaling": {
    "factor": 8.0,
    "high_freq_factor": 4.0,
    "low_freq_factor": 1.0,
    "original_max_position_embeddings": 8192,
    "rope_type": "llama3"
  },
  "rope_theta": 500000.0,
  "tie_word_embeddings": false,
  "transformers_version": "4.57.3",
  "use_cache": true,
  "vocab_size": 128256
}

loading configuration file config.json from cache at /home/ubuntu/.cache/huggingface/transformers/models--meta-llama--Llama-3.1-8B-Instruct/snapshots/0e9e39f249a16976918f6564b8830bc894c89659/config.json
Model config LlamaConfig {
  "architectures": [
    "LlamaForCausalLM"
  ],
  "attention_bias": false,
  "attention_dropout": 0.0,
  "bos_token_id": 128000,
  "dtype": "bfloat16",
  "eos_token_id": [
    128001,
    128008,
    128009
  ],
  "head_dim": 128,
  "hidden_act": "silu",
  "hidden_size": 4096,
  "initializer_range": 0.02,
  "intermediate_size": 14336,
  "max_position_embeddings": 131072,
  "mlp_bias": false,
  "model_type": "llama",
  "num_attention_heads": 32,
  "num_hidden_layers": 32,
  "num_key_value_heads": 8,
  "pretraining_tp": 1,
  "rms_norm_eps": 1e-05,
  "rope_scaling": {
    "factor": 8.0,
    "high_freq_factor": 4.0,
    "low_freq_factor": 1.0,
    "original_max_position_embeddings": 8192,
    "rope_type": "llama3"
  },
  "rope_theta": 500000.0,
  "tie_word_embeddings": false,
  "transformers_version": "4.57.3",
  "use_cache": true,
  "vocab_size": 128256
}

loading file tokenizer.json from cache at /home/ubuntu/.cache/huggingface/transformers/models--meta-llama--Llama-3.1-8B-Instruct/snapshots/0e9e39f249a16976918f6564b8830bc894c89659/tokenizer.json
loading file tokenizer.model from cache at None
loading file added_tokens.json from cache at None
loading file special_tokens_map.json from cache at /home/ubuntu/.cache/huggingface/transformers/models--meta-llama--Llama-3.1-8B-Instruct/snapshots/0e9e39f249a16976918f6564b8830bc894c89659/special_tokens_map.json
loading file tokenizer_config.json from cache at /home/ubuntu/.cache/huggingface/transformers/models--meta-llama--Llama-3.1-8B-Instruct/snapshots/0e9e39f249a16976918f6564b8830bc894c89659/tokenizer_config.json
loading file chat_template.jinja from cache at None
loading file tokenizer.json from cache at /home/ubuntu/.cache/huggingface/transformers/models--meta-llama--Llama-3.1-8B-Instruct/snapshots/0e9e39f249a16976918f6564b8830bc894c89659/tokenizer.json
loading file tokenizer.model from cache at None
loading file added_tokens.json from cache at None
loading file special_tokens_map.json from cache at /home/ubuntu/.cache/huggingface/transformers/models--meta-llama--Llama-3.1-8B-Instruct/snapshots/0e9e39f249a16976918f6564b8830bc894c89659/special_tokens_map.json
loading file tokenizer_config.json from cache at /home/ubuntu/.cache/huggingface/transformers/models--meta-llama--Llama-3.1-8B-Instruct/snapshots/0e9e39f249a16976918f6564b8830bc894c89659/tokenizer_config.json
loading file chat_template.jinja from cache at None
length of dataset: 3200
{'messages': [{'content': 'Give three tips for staying healthy.', 'role': 'user'}, {'content': '1.Eat a balanced diet and make sure to include plenty of fruits and vegetables. \n2. Exercise regularly to keep your body active and strong. \n3. Get enough sleep and maintain a consistent sleep schedule.', 'role': 'assistant'}]}
phd_deepspeed_zero3_8_bs_4_8b_nvitop.log does not exist.
loading file tokenizer.json from cache at /home/ubuntu/.cache/huggingface/transformers/models--meta-llama--Llama-3.1-8B-Instruct/snapshots/0e9e39f249a16976918f6564b8830bc894c89659/tokenizer.json
loading file tokenizer.model from cache at None
loading file added_tokens.json from cache at None
loading file special_tokens_map.json from cache at /home/ubuntu/.cache/huggingface/transformers/models--meta-llama--Llama-3.1-8B-Instruct/snapshots/0e9e39f249a16976918f6564b8830bc894c89659/special_tokens_map.json
loading file tokenizer_config.json from cache at /home/ubuntu/.cache/huggingface/transformers/models--meta-llama--Llama-3.1-8B-Instruct/snapshots/0e9e39f249a16976918f6564b8830bc894c89659/tokenizer_config.json
loading file chat_template.jinja from cache at None
loading file tokenizer.json from cache at /home/ubuntu/.cache/huggingface/transformers/models--meta-llama--Llama-3.1-8B-Instruct/snapshots/0e9e39f249a16976918f6564b8830bc894c89659/tokenizer.json
loading file tokenizer.model from cache at None
loading file added_tokens.json from cache at None
loading file special_tokens_map.json from cache at /home/ubuntu/.cache/huggingface/transformers/models--meta-llama--Llama-3.1-8B-Instruct/snapshots/0e9e39f249a16976918f6564b8830bc894c89659/special_tokens_map.json
loading file tokenizer_config.json from cache at /home/ubuntu/.cache/huggingface/transformers/models--meta-llama--Llama-3.1-8B-Instruct/snapshots/0e9e39f249a16976918f6564b8830bc894c89659/tokenizer_config.json
loading file chat_template.jinja from cache at None
loading file tokenizer.json from cache at /home/ubuntu/.cache/huggingface/transformers/models--meta-llama--Llama-3.1-8B-Instruct/snapshots/0e9e39f249a16976918f6564b8830bc894c89659/tokenizer.json
loading file tokenizer.model from cache at None
loading file added_tokens.json from cache at None
loading file special_tokens_map.json from cache at /home/ubuntu/.cache/huggingface/transformers/models--meta-llama--Llama-3.1-8B-Instruct/snapshots/0e9e39f249a16976918f6564b8830bc894c89659/special_tokens_map.json
loading file tokenizer_config.json from cache at /home/ubuntu/.cache/huggingface/transformers/models--meta-llama--Llama-3.1-8B-Instruct/snapshots/0e9e39f249a16976918f6564b8830bc894c89659/tokenizer_config.json
loading file chat_template.jinja from cache at None
loading file tokenizer.json from cache at /home/ubuntu/.cache/huggingface/transformers/models--meta-llama--Llama-3.1-8B-Instruct/snapshots/0e9e39f249a16976918f6564b8830bc894c89659/tokenizer.json
loading file tokenizer.model from cache at None
loading file added_tokens.json from cache at None
loading file special_tokens_map.json from cache at /home/ubuntu/.cache/huggingface/transformers/models--meta-llama--Llama-3.1-8B-Instruct/snapshots/0e9e39f249a16976918f6564b8830bc894c89659/special_tokens_map.json
loading file tokenizer_config.json from cache at /home/ubuntu/.cache/huggingface/transformers/models--meta-llama--Llama-3.1-8B-Instruct/snapshots/0e9e39f249a16976918f6564b8830bc894c89659/tokenizer_config.json
loading file chat_template.jinja from cache at None
loading file tokenizer.json from cache at /home/ubuntu/.cache/huggingface/transformers/models--meta-llama--Llama-3.1-8B-Instruct/snapshots/0e9e39f249a16976918f6564b8830bc894c89659/tokenizer.json
loading file tokenizer.model from cache at None
loading file added_tokens.json from cache at None
loading file special_tokens_map.json from cache at /home/ubuntu/.cache/huggingface/transformers/models--meta-llama--Llama-3.1-8B-Instruct/snapshots/0e9e39f249a16976918f6564b8830bc894c89659/special_tokens_map.json
loading file tokenizer_config.json from cache at /home/ubuntu/.cache/huggingface/transformers/models--meta-llama--Llama-3.1-8B-Instruct/snapshots/0e9e39f249a16976918f6564b8830bc894c89659/tokenizer_config.json
loading file chat_template.jinja from cache at None
Special tokens have been added in the vocabulary, make sure the associated word embeddings are fine-tuned or trained.
Special tokens have been added in the vocabulary, make sure the associated word embeddings are fine-tuned or trained.
Special tokens have been added in the vocabulary, make sure the associated word embeddings are fine-tuned or trained.
Special tokens have been added in the vocabulary, make sure the associated word embeddings are fine-tuned or trained.
Special tokens have been added in the vocabulary, make sure the associated word embeddings are fine-tuned or trained.

Time Start

2025-11-27 05:24:00.466739
PyTorch: setting up devices
Special tokens have been added in the vocabulary, make sure the associated word embeddings are fine-tuned or trained.
Special tokens have been added in the vocabulary, make sure the associated word embeddings are fine-tuned or trained.
The default value for the training argument `--report_to` will change in v5 (from all installed integrations to none). In v5, you will need to use `--report_to all` to get the same behavior as now. You should start updating your code and make this info disappear :-).
loading file tokenizer.json from cache at /home/ubuntu/.cache/huggingface/transformers/models--meta-llama--Llama-3.1-8B-Instruct/snapshots/0e9e39f249a16976918f6564b8830bc894c89659/tokenizer.json
loading file tokenizer.model from cache at None
loading file tokenizer.json from cache at /home/ubuntu/.cache/huggingface/transformers/models--meta-llama--Llama-3.1-8B-Instruct/snapshots/0e9e39f249a16976918f6564b8830bc894c89659/tokenizer.json
loading file added_tokens.json from cache at None
loading file special_tokens_map.json from cache at /home/ubuntu/.cache/huggingface/transformers/models--meta-llama--Llama-3.1-8B-Instruct/snapshots/0e9e39f249a16976918f6564b8830bc894c89659/special_tokens_map.json
loading file tokenizer_config.json from cache at /home/ubuntu/.cache/huggingface/transformers/models--meta-llama--Llama-3.1-8B-Instruct/snapshots/0e9e39f249a16976918f6564b8830bc894c89659/tokenizer_config.json
loading file tokenizer.model from cache at None
loading file chat_template.jinja from cache at None
loading file added_tokens.json from cache at None
loading file special_tokens_map.json from cache at /home/ubuntu/.cache/huggingface/transformers/models--meta-llama--Llama-3.1-8B-Instruct/snapshots/0e9e39f249a16976918f6564b8830bc894c89659/special_tokens_map.json
loading file tokenizer_config.json from cache at /home/ubuntu/.cache/huggingface/transformers/models--meta-llama--Llama-3.1-8B-Instruct/snapshots/0e9e39f249a16976918f6564b8830bc894c89659/tokenizer_config.json
loading file chat_template.jinja from cache at None
loading file tokenizer.json from cache at /home/ubuntu/.cache/huggingface/transformers/models--meta-llama--Llama-3.1-8B-Instruct/snapshots/0e9e39f249a16976918f6564b8830bc894c89659/tokenizer.json
loading file tokenizer.model from cache at None
loading file added_tokens.json from cache at None
loading file special_tokens_map.json from cache at /home/ubuntu/.cache/huggingface/transformers/models--meta-llama--Llama-3.1-8B-Instruct/snapshots/0e9e39f249a16976918f6564b8830bc894c89659/special_tokens_map.json
loading file tokenizer_config.json from cache at /home/ubuntu/.cache/huggingface/transformers/models--meta-llama--Llama-3.1-8B-Instruct/snapshots/0e9e39f249a16976918f6564b8830bc894c89659/tokenizer_config.json
loading file chat_template.jinja from cache at None
loading file tokenizer.json from cache at /home/ubuntu/.cache/huggingface/transformers/models--meta-llama--Llama-3.1-8B-Instruct/snapshots/0e9e39f249a16976918f6564b8830bc894c89659/tokenizer.json
loading file tokenizer.model from cache at None
loading file added_tokens.json from cache at None
loading file special_tokens_map.json from cache at /home/ubuntu/.cache/huggingface/transformers/models--meta-llama--Llama-3.1-8B-Instruct/snapshots/0e9e39f249a16976918f6564b8830bc894c89659/special_tokens_map.json
loading file tokenizer_config.json from cache at /home/ubuntu/.cache/huggingface/transformers/models--meta-llama--Llama-3.1-8B-Instruct/snapshots/0e9e39f249a16976918f6564b8830bc894c89659/tokenizer_config.json
loading file chat_template.jinja from cache at None
loading file tokenizer.json from cache at /home/ubuntu/.cache/huggingface/transformers/models--meta-llama--Llama-3.1-8B-Instruct/snapshots/0e9e39f249a16976918f6564b8830bc894c89659/tokenizer.json
loading file tokenizer.model from cache at None
loading file added_tokens.json from cache at None
loading file special_tokens_map.json from cache at /home/ubuntu/.cache/huggingface/transformers/models--meta-llama--Llama-3.1-8B-Instruct/snapshots/0e9e39f249a16976918f6564b8830bc894c89659/special_tokens_map.json
loading file tokenizer_config.json from cache at /home/ubuntu/.cache/huggingface/transformers/models--meta-llama--Llama-3.1-8B-Instruct/snapshots/0e9e39f249a16976918f6564b8830bc894c89659/tokenizer_config.json
loading file chat_template.jinja from cache at None
loading file tokenizer.json from cache at /home/ubuntu/.cache/huggingface/transformers/models--meta-llama--Llama-3.1-8B-Instruct/snapshots/0e9e39f249a16976918f6564b8830bc894c89659/tokenizer.json
loading file tokenizer.model from cache at None
loading file added_tokens.json from cache at None
loading file special_tokens_map.json from cache at /home/ubuntu/.cache/huggingface/transformers/models--meta-llama--Llama-3.1-8B-Instruct/snapshots/0e9e39f249a16976918f6564b8830bc894c89659/special_tokens_map.json
loading file tokenizer_config.json from cache at /home/ubuntu/.cache/huggingface/transformers/models--meta-llama--Llama-3.1-8B-Instruct/snapshots/0e9e39f249a16976918f6564b8830bc894c89659/tokenizer_config.json
loading file chat_template.jinja from cache at None
loading file tokenizer.json from cache at /home/ubuntu/.cache/huggingface/transformers/models--meta-llama--Llama-3.1-8B-Instruct/snapshots/0e9e39f249a16976918f6564b8830bc894c89659/tokenizer.json
loading file tokenizer.model from cache at None
loading file added_tokens.json from cache at None
loading file special_tokens_map.json from cache at /home/ubuntu/.cache/huggingface/transformers/models--meta-llama--Llama-3.1-8B-Instruct/snapshots/0e9e39f249a16976918f6564b8830bc894c89659/special_tokens_map.json
loading file tokenizer_config.json from cache at /home/ubuntu/.cache/huggingface/transformers/models--meta-llama--Llama-3.1-8B-Instruct/snapshots/0e9e39f249a16976918f6564b8830bc894c89659/tokenizer_config.json
loading file chat_template.jinja from cache at None
Special tokens have been added in the vocabulary, make sure the associated word embeddings are fine-tuned or trained.
Special tokens have been added in the vocabulary, make sure the associated word embeddings are fine-tuned or trained.
Special tokens have been added in the vocabulary, make sure the associated word embeddings are fine-tuned or trained.
Special tokens have been added in the vocabulary, make sure the associated word embeddings are fine-tuned or trained.
Special tokens have been added in the vocabulary, make sure the associated word embeddings are fine-tuned or trained.
loading configuration file config.json from cache at /home/ubuntu/.cache/huggingface/transformers/models--meta-llama--Llama-3.1-8B-Instruct/snapshots/0e9e39f249a16976918f6564b8830bc894c89659/config.json
Model config LlamaConfig {
  "architectures": [
    "LlamaForCausalLM"
  ],
  "attention_bias": false,
  "attention_dropout": 0.0,
  "bos_token_id": 128000,
  "dtype": "bfloat16",
  "eos_token_id": [
    128001,
    128008,
    128009
  ],
  "head_dim": 128,
  "hidden_act": "silu",
  "hidden_size": 4096,
  "initializer_range": 0.02,
  "intermediate_size": 14336,
  "max_position_embeddings": 131072,
  "mlp_bias": false,
  "model_type": "llama",
  "num_attention_heads": 32,
  "num_hidden_layers": 32,
  "num_key_value_heads": 8,
  "pretraining_tp": 1,
  "rms_norm_eps": 1e-05,
  "rope_scaling": {
    "factor": 8.0,
    "high_freq_factor": 4.0,
    "low_freq_factor": 1.0,
    "original_max_position_embeddings": 8192,
    "rope_type": "llama3"
  },
  "rope_theta": 500000.0,
  "tie_word_embeddings": false,
  "transformers_version": "4.57.3",
  "use_cache": true,
  "vocab_size": 128256
}

Special tokens have been added in the vocabulary, make sure the associated word embeddings are fine-tuned or trained.
Special tokens have been added in the vocabulary, make sure the associated word embeddings are fine-tuned or trained.
loading file tokenizer.json from cache at /home/ubuntu/.cache/huggingface/transformers/models--meta-llama--Llama-3.1-8B-Instruct/snapshots/0e9e39f249a16976918f6564b8830bc894c89659/tokenizer.json
loading file tokenizer.model from cache at None
loading file added_tokens.json from cache at None
loading file special_tokens_map.json from cache at /home/ubuntu/.cache/huggingface/transformers/models--meta-llama--Llama-3.1-8B-Instruct/snapshots/0e9e39f249a16976918f6564b8830bc894c89659/special_tokens_map.json
loading file tokenizer_config.json from cache at /home/ubuntu/.cache/huggingface/transformers/models--meta-llama--Llama-3.1-8B-Instruct/snapshots/0e9e39f249a16976918f6564b8830bc894c89659/tokenizer_config.json
loading file chat_template.jinja from cache at None
Special tokens have been added in the vocabulary, make sure the associated word embeddings are fine-tuned or trained.
loading file tokenizer.json from cache at /home/ubuntu/.cache/huggingface/transformers/models--meta-llama--Llama-3.1-8B-Instruct/snapshots/0e9e39f249a16976918f6564b8830bc894c89659/tokenizer.json
loading file tokenizer.model from cache at None
loading file added_tokens.json from cache at None
loading file special_tokens_map.json from cache at /home/ubuntu/.cache/huggingface/transformers/models--meta-llama--Llama-3.1-8B-Instruct/snapshots/0e9e39f249a16976918f6564b8830bc894c89659/special_tokens_map.json
loading file tokenizer_config.json from cache at /home/ubuntu/.cache/huggingface/transformers/models--meta-llama--Llama-3.1-8B-Instruct/snapshots/0e9e39f249a16976918f6564b8830bc894c89659/tokenizer_config.json
loading file chat_template.jinja from cache at None
Special tokens have been added in the vocabulary, make sure the associated word embeddings are fine-tuned or trained.
Using auto half precision backend
The following columns in the Training set don't have a corresponding argument in `LlamaForCausalLM.forward` and have been ignored: messages. If messages are not expected by `LlamaForCausalLM.forward`,  you can safely ignore this message.
furious-puma-1:187516:188367 [7] NCCL INFO Assigned NET plugin IB to comm
furious-puma-1:187514:188353 [5] NCCL INFO Assigned NET plugin IB to comm
furious-puma-1:187512:188359 [3] NCCL INFO Assigned NET plugin IB to comm
furious-puma-1:187515:188350 [6] NCCL INFO Assigned NET plugin IB to comm
furious-puma-1:187514:188353 [5] NCCL INFO Using network IB
furious-puma-1:187515:188350 [6] NCCL INFO Using network IB
furious-puma-1:187516:188367 [7] NCCL INFO Using network IB
furious-puma-1:187512:188359 [3] NCCL INFO Using network IB
furious-puma-1:187511:188356 [2] NCCL INFO Assigned NET plugin IB to comm
furious-puma-1:187511:188356 [2] NCCL INFO Using network IB
furious-puma-1:187509:188362 [0] NCCL INFO Assigned NET plugin IB to comm
furious-puma-1:187513:188365 [4] NCCL INFO Assigned NET plugin IB to comm
furious-puma-1:187509:188362 [0] NCCL INFO Using network IB
furious-puma-1:187513:188365 [4] NCCL INFO Using network IB
furious-puma-1:187510:188371 [1] NCCL INFO Assigned NET plugin IB to comm
furious-puma-1:187510:188371 [1] NCCL INFO Using network IB
furious-puma-1:187514:188353 [5] NCCL INFO DMA-BUF is available on GPU device 5
furious-puma-1:187511:188356 [2] NCCL INFO DMA-BUF is available on GPU device 2
furious-puma-1:187512:188359 [3] NCCL INFO DMA-BUF is available on GPU device 3
furious-puma-1:187515:188350 [6] NCCL INFO DMA-BUF is available on GPU device 6
furious-puma-1:187509:188362 [0] NCCL INFO DMA-BUF is available on GPU device 0
furious-puma-1:187516:188367 [7] NCCL INFO DMA-BUF is available on GPU device 7
furious-puma-1:187510:188371 [1] NCCL INFO DMA-BUF is available on GPU device 1
furious-puma-1:187513:188365 [4] NCCL INFO DMA-BUF is available on GPU device 4
furious-puma-1:187514:188353 [5] NCCL INFO ncclCommSplit comm 0x461af8b0 rank 5 nranks 8 cudaDev 5 nvmlDev 5 busId cf000 parent 0x3324efb0 splitCount 1 color 1266629538 key 5- Init START
furious-puma-1:187515:188350 [6] NCCL INFO ncclCommSplit comm 0x4e186700 rank 6 nranks 8 cudaDev 6 nvmlDev 6 busId df000 parent 0x3b22b7a0 splitCount 1 color 1266629538 key 6- Init START
furious-puma-1:187511:188356 [2] NCCL INFO ncclCommSplit comm 0x326db220 rank 2 nranks 8 cudaDev 2 nvmlDev 2 busId 9f000 parent 0x1ebb4c50 splitCount 1 color 1266629538 key 2- Init START
furious-puma-1:187516:188367 [7] NCCL INFO ncclCommSplit comm 0x396435a0 rank 7 nranks 8 cudaDev 7 nvmlDev 7 busId ef000 parent 0x2656c1c0 splitCount 1 color 1266629538 key 7- Init START
furious-puma-1:187512:188359 [3] NCCL INFO ncclCommSplit comm 0x4aaf9300 rank 3 nranks 8 cudaDev 3 nvmlDev 3 busId af000 parent 0x36dcb870 splitCount 1 color 1266629538 key 3- Init START
furious-puma-1:187513:188365 [4] NCCL INFO ncclCommSplit comm 0x4d074400 rank 4 nranks 8 cudaDev 4 nvmlDev 4 busId bf000 parent 0x39f12ac0 splitCount 1 color 1266629538 key 4- Init START
furious-puma-1:187509:188362 [0] NCCL INFO ncclCommSplit comm 0x4a4a7530 rank 0 nranks 8 cudaDev 0 nvmlDev 0 busId 7f000 parent 0x358369c0 splitCount 1 color 1266629538 key 0- Init START
furious-puma-1:187510:188371 [1] NCCL INFO ncclCommSplit comm 0x3f84afc0 rank 1 nranks 8 cudaDev 1 nvmlDev 1 busId 8f000 parent 0x2c6e1970 splitCount 1 color 1266629538 key 1- Init START
furious-puma-1:187511:188356 [2] NCCL INFO MNNVL busId 0x9f000 fabric UUID 0.0 cliqueId 0x0 state 3 healthMask 0x0
furious-puma-1:187512:188359 [3] NCCL INFO MNNVL busId 0xaf000 fabric UUID 0.0 cliqueId 0x0 state 3 healthMask 0x0
furious-puma-1:187509:188362 [0] NCCL INFO MNNVL busId 0x7f000 fabric UUID 0.0 cliqueId 0x0 state 3 healthMask 0x0
furious-puma-1:187515:188350 [6] NCCL INFO MNNVL busId 0xdf000 fabric UUID 0.0 cliqueId 0x0 state 3 healthMask 0x0
furious-puma-1:187514:188353 [5] NCCL INFO MNNVL busId 0xcf000 fabric UUID 0.0 cliqueId 0x0 state 3 healthMask 0x0
furious-puma-1:187516:188367 [7] NCCL INFO MNNVL busId 0xef000 fabric UUID 0.0 cliqueId 0x0 state 3 healthMask 0x0
furious-puma-1:187513:188365 [4] NCCL INFO MNNVL busId 0xbf000 fabric UUID 0.0 cliqueId 0x0 state 3 healthMask 0x0
furious-puma-1:187510:188371 [1] NCCL INFO MNNVL busId 0x8f000 fabric UUID 0.0 cliqueId 0x0 state 3 healthMask 0x0
furious-puma-1:187514:188353 [5] NCCL INFO Loading topology file /var/run/nvidia-topologyd/virtualTopology.xml
furious-puma-1:187512:188359 [3] NCCL INFO Loading topology file /var/run/nvidia-topologyd/virtualTopology.xml
furious-puma-1:187515:188350 [6] NCCL INFO Loading topology file /var/run/nvidia-topologyd/virtualTopology.xml
furious-puma-1:187511:188356 [2] NCCL INFO Loading topology file /var/run/nvidia-topologyd/virtualTopology.xml
furious-puma-1:187513:188365 [4] NCCL INFO Loading topology file /var/run/nvidia-topologyd/virtualTopology.xml
furious-puma-1:187516:188367 [7] NCCL INFO Loading topology file /var/run/nvidia-topologyd/virtualTopology.xml
furious-puma-1:187510:188371 [1] NCCL INFO Loading topology file /var/run/nvidia-topologyd/virtualTopology.xml
furious-puma-1:187509:188362 [0] NCCL INFO Loading topology file /var/run/nvidia-topologyd/virtualTopology.xml
furious-puma-1:187515:188350 [6] NCCL INFO Loading unnamed topology
furious-puma-1:187514:188353 [5] NCCL INFO Loading unnamed topology
furious-puma-1:187513:188365 [4] NCCL INFO Loading unnamed topology
furious-puma-1:187512:188359 [3] NCCL INFO Loading unnamed topology
furious-puma-1:187511:188356 [2] NCCL INFO Loading unnamed topology
furious-puma-1:187516:188367 [7] NCCL INFO Loading unnamed topology
furious-puma-1:187510:188371 [1] NCCL INFO Loading unnamed topology
furious-puma-1:187509:188362 [0] NCCL INFO Loading unnamed topology
furious-puma-1:187513:188365 [4] NCCL INFO Could not find real path of /sys/class/pci_bus/ffff:ff/../../ffff:ff:05.0
furious-puma-1:187515:188350 [6] NCCL INFO Could not find real path of /sys/class/pci_bus/ffff:ff/../../ffff:ff:07.0
furious-puma-1:187510:188371 [1] NCCL INFO Could not find real path of /sys/class/pci_bus/ffff:ff/../../ffff:ff:02.0
furious-puma-1:187514:188353 [5] NCCL INFO Could not find real path of /sys/class/pci_bus/ffff:ff/../../ffff:ff:06.0
furious-puma-1:187512:188359 [3] NCCL INFO Could not find real path of /sys/class/pci_bus/ffff:ff/../../ffff:ff:04.0
furious-puma-1:187511:188356 [2] NCCL INFO Could not find real path of /sys/class/pci_bus/ffff:ff/../../ffff:ff:03.0
furious-puma-1:187509:188362 [0] NCCL INFO Could not find real path of /sys/class/pci_bus/ffff:ff/../../ffff:ff:01.0
furious-puma-1:187516:188367 [7] NCCL INFO Could not find real path of /sys/class/pci_bus/ffff:ff/../../ffff:ff:08.0
furious-puma-1:187515:188350 [6] NCCL INFO TOPO/NET : Importing network plugins to topology
furious-puma-1:187515:188350 [6] NCCL INFO Retrieving state for IB
furious-puma-1:187515:188350 [6] NCCL INFO ncclTopoPopulateNics : Filled mlx5_0 in topo with pciPath=/sys/devices/pci0000:7e/0000:7e:01.0/0000:80:00.0 keep=1 coll=(null)
furious-puma-1:187515:188350 [6] NCCL INFO ncclTopoPopulateNics : Filled mlx5_1 in topo with pciPath=/sys/devices/pci0000:8e/0000:8e:01.0/0000:90:00.0 keep=1 coll=(null)
furious-puma-1:187515:188350 [6] NCCL INFO ncclTopoPopulateNics : Filled mlx5_2 in topo with pciPath=/sys/devices/pci0000:9e/0000:9e:01.0/0000:a0:00.0 keep=1 coll=(null)
furious-puma-1:187515:188350 [6] NCCL INFO ncclTopoPopulateNics : Filled mlx5_3 in topo with pciPath=/sys/devices/pci0000:ae/0000:ae:01.0/0000:b0:00.0 keep=1 coll=(null)
furious-puma-1:187515:188350 [6] NCCL INFO ncclTopoPopulateNics : Filled mlx5_4 in topo with pciPath=/sys/devices/pci0000:be/0000:be:01.0/0000:c0:00.0 keep=1 coll=(null)
furious-puma-1:187515:188350 [6] NCCL INFO ncclTopoPopulateNics : Filled mlx5_5 in topo with pciPath=/sys/devices/pci0000:ce/0000:ce:01.0/0000:d0:00.0 keep=1 coll=(null)
furious-puma-1:187515:188350 [6] NCCL INFO ncclTopoPopulateNics : Filled mlx5_6 in topo with pciPath=/sys/devices/pci0000:de/0000:de:01.0/0000:e0:00.0 keep=1 coll=(null)
furious-puma-1:187515:188350 [6] NCCL INFO ncclTopoPopulateNics : Filled mlx5_7 in topo with pciPath=/sys/devices/pci0000:ee/0000:ee:01.0/0000:f0:00.0 keep=1 coll=(null)
furious-puma-1:187514:188353 [5] NCCL INFO TOPO/NET : Importing network plugins to topology
furious-puma-1:187514:188353 [5] NCCL INFO Retrieving state for IB
furious-puma-1:187514:188353 [5] NCCL INFO ncclTopoPopulateNics : Filled mlx5_0 in topo with pciPath=/sys/devices/pci0000:7e/0000:7e:01.0/0000:80:00.0 keep=1 coll=(null)
furious-puma-1:187514:188353 [5] NCCL INFO ncclTopoPopulateNics : Filled mlx5_1 in topo with pciPath=/sys/devices/pci0000:8e/0000:8e:01.0/0000:90:00.0 keep=1 coll=(null)
furious-puma-1:187514:188353 [5] NCCL INFO ncclTopoPopulateNics : Filled mlx5_2 in topo with pciPath=/sys/devices/pci0000:9e/0000:9e:01.0/0000:a0:00.0 keep=1 coll=(null)
furious-puma-1:187514:188353 [5] NCCL INFO ncclTopoPopulateNics : Filled mlx5_3 in topo with pciPath=/sys/devices/pci0000:ae/0000:ae:01.0/0000:b0:00.0 keep=1 coll=(null)
furious-puma-1:187514:188353 [5] NCCL INFO ncclTopoPopulateNics : Filled mlx5_4 in topo with pciPath=/sys/devices/pci0000:be/0000:be:01.0/0000:c0:00.0 keep=1 coll=(null)
furious-puma-1:187514:188353 [5] NCCL INFO ncclTopoPopulateNics : Filled mlx5_5 in topo with pciPath=/sys/devices/pci0000:ce/0000:ce:01.0/0000:d0:00.0 keep=1 coll=(null)
furious-puma-1:187514:188353 [5] NCCL INFO ncclTopoPopulateNics : Filled mlx5_6 in topo with pciPath=/sys/devices/pci0000:de/0000:de:01.0/0000:e0:00.0 keep=1 coll=(null)
furious-puma-1:187514:188353 [5] NCCL INFO ncclTopoPopulateNics : Filled mlx5_7 in topo with pciPath=/sys/devices/pci0000:ee/0000:ee:01.0/0000:f0:00.0 keep=1 coll=(null)
furious-puma-1:187516:188367 [7] NCCL INFO TOPO/NET : Importing network plugins to topology
furious-puma-1:187516:188367 [7] NCCL INFO Retrieving state for IB
furious-puma-1:187516:188367 [7] NCCL INFO ncclTopoPopulateNics : Filled mlx5_0 in topo with pciPath=/sys/devices/pci0000:7e/0000:7e:01.0/0000:80:00.0 keep=1 coll=(null)
furious-puma-1:187516:188367 [7] NCCL INFO ncclTopoPopulateNics : Filled mlx5_1 in topo with pciPath=/sys/devices/pci0000:8e/0000:8e:01.0/0000:90:00.0 keep=1 coll=(null)
furious-puma-1:187516:188367 [7] NCCL INFO ncclTopoPopulateNics : Filled mlx5_2 in topo with pciPath=/sys/devices/pci0000:9e/0000:9e:01.0/0000:a0:00.0 keep=1 coll=(null)
furious-puma-1:187516:188367 [7] NCCL INFO ncclTopoPopulateNics : Filled mlx5_3 in topo with pciPath=/sys/devices/pci0000:ae/0000:ae:01.0/0000:b0:00.0 keep=1 coll=(null)
furious-puma-1:187516:188367 [7] NCCL INFO ncclTopoPopulateNics : Filled mlx5_4 in topo with pciPath=/sys/devices/pci0000:be/0000:be:01.0/0000:c0:00.0 keep=1 coll=(null)
furious-puma-1:187516:188367 [7] NCCL INFO ncclTopoPopulateNics : Filled mlx5_5 in topo with pciPath=/sys/devices/pci0000:ce/0000:ce:01.0/0000:d0:00.0 keep=1 coll=(null)
furious-puma-1:187516:188367 [7] NCCL INFO ncclTopoPopulateNics : Filled mlx5_6 in topo with pciPath=/sys/devices/pci0000:de/0000:de:01.0/0000:e0:00.0 keep=1 coll=(null)
furious-puma-1:187516:188367 [7] NCCL INFO ncclTopoPopulateNics : Filled mlx5_7 in topo with pciPath=/sys/devices/pci0000:ee/0000:ee:01.0/0000:f0:00.0 keep=1 coll=(null)
furious-puma-1:187513:188365 [4] NCCL INFO TOPO/NET : Importing network plugins to topology
furious-puma-1:187513:188365 [4] NCCL INFO Retrieving state for IB
furious-puma-1:187513:188365 [4] NCCL INFO ncclTopoPopulateNics : Filled mlx5_0 in topo with pciPath=/sys/devices/pci0000:7e/0000:7e:01.0/0000:80:00.0 keep=1 coll=(null)
furious-puma-1:187513:188365 [4] NCCL INFO ncclTopoPopulateNics : Filled mlx5_1 in topo with pciPath=/sys/devices/pci0000:8e/0000:8e:01.0/0000:90:00.0 keep=1 coll=(null)
furious-puma-1:187513:188365 [4] NCCL INFO ncclTopoPopulateNics : Filled mlx5_2 in topo with pciPath=/sys/devices/pci0000:9e/0000:9e:01.0/0000:a0:00.0 keep=1 coll=(null)
furious-puma-1:187513:188365 [4] NCCL INFO ncclTopoPopulateNics : Filled mlx5_3 in topo with pciPath=/sys/devices/pci0000:ae/0000:ae:01.0/0000:b0:00.0 keep=1 coll=(null)
furious-puma-1:187513:188365 [4] NCCL INFO ncclTopoPopulateNics : Filled mlx5_4 in topo with pciPath=/sys/devices/pci0000:be/0000:be:01.0/0000:c0:00.0 keep=1 coll=(null)
furious-puma-1:187513:188365 [4] NCCL INFO ncclTopoPopulateNics : Filled mlx5_5 in topo with pciPath=/sys/devices/pci0000:ce/0000:ce:01.0/0000:d0:00.0 keep=1 coll=(null)
furious-puma-1:187513:188365 [4] NCCL INFO ncclTopoPopulateNics : Filled mlx5_6 in topo with pciPath=/sys/devices/pci0000:de/0000:de:01.0/0000:e0:00.0 keep=1 coll=(null)
furious-puma-1:187513:188365 [4] NCCL INFO ncclTopoPopulateNics : Filled mlx5_7 in topo with pciPath=/sys/devices/pci0000:ee/0000:ee:01.0/0000:f0:00.0 keep=1 coll=(null)
furious-puma-1:187511:188356 [2] NCCL INFO TOPO/NET : Importing network plugins to topology
furious-puma-1:187511:188356 [2] NCCL INFO Retrieving state for IB
furious-puma-1:187511:188356 [2] NCCL INFO ncclTopoPopulateNics : Filled mlx5_0 in topo with pciPath=/sys/devices/pci0000:7e/0000:7e:01.0/0000:80:00.0 keep=1 coll=(null)
furious-puma-1:187511:188356 [2] NCCL INFO ncclTopoPopulateNics : Filled mlx5_1 in topo with pciPath=/sys/devices/pci0000:8e/0000:8e:01.0/0000:90:00.0 keep=1 coll=(null)
furious-puma-1:187511:188356 [2] NCCL INFO ncclTopoPopulateNics : Filled mlx5_2 in topo with pciPath=/sys/devices/pci0000:9e/0000:9e:01.0/0000:a0:00.0 keep=1 coll=(null)
furious-puma-1:187511:188356 [2] NCCL INFO ncclTopoPopulateNics : Filled mlx5_3 in topo with pciPath=/sys/devices/pci0000:ae/0000:ae:01.0/0000:b0:00.0 keep=1 coll=(null)
furious-puma-1:187511:188356 [2] NCCL INFO ncclTopoPopulateNics : Filled mlx5_4 in topo with pciPath=/sys/devices/pci0000:be/0000:be:01.0/0000:c0:00.0 keep=1 coll=(null)
furious-puma-1:187511:188356 [2] NCCL INFO ncclTopoPopulateNics : Filled mlx5_5 in topo with pciPath=/sys/devices/pci0000:ce/0000:ce:01.0/0000:d0:00.0 keep=1 coll=(null)
furious-puma-1:187511:188356 [2] NCCL INFO ncclTopoPopulateNics : Filled mlx5_6 in topo with pciPath=/sys/devices/pci0000:de/0000:de:01.0/0000:e0:00.0 keep=1 coll=(null)
furious-puma-1:187511:188356 [2] NCCL INFO ncclTopoPopulateNics : Filled mlx5_7 in topo with pciPath=/sys/devices/pci0000:ee/0000:ee:01.0/0000:f0:00.0 keep=1 coll=(null)
furious-puma-1:187510:188371 [1] NCCL INFO TOPO/NET : Importing network plugins to topology
furious-puma-1:187510:188371 [1] NCCL INFO Retrieving state for IB
furious-puma-1:187510:188371 [1] NCCL INFO ncclTopoPopulateNics : Filled mlx5_0 in topo with pciPath=/sys/devices/pci0000:7e/0000:7e:01.0/0000:80:00.0 keep=1 coll=(null)
furious-puma-1:187510:188371 [1] NCCL INFO ncclTopoPopulateNics : Filled mlx5_1 in topo with pciPath=/sys/devices/pci0000:8e/0000:8e:01.0/0000:90:00.0 keep=1 coll=(null)
furious-puma-1:187510:188371 [1] NCCL INFO ncclTopoPopulateNics : Filled mlx5_2 in topo with pciPath=/sys/devices/pci0000:9e/0000:9e:01.0/0000:a0:00.0 keep=1 coll=(null)
furious-puma-1:187510:188371 [1] NCCL INFO ncclTopoPopulateNics : Filled mlx5_3 in topo with pciPath=/sys/devices/pci0000:ae/0000:ae:01.0/0000:b0:00.0 keep=1 coll=(null)
furious-puma-1:187510:188371 [1] NCCL INFO ncclTopoPopulateNics : Filled mlx5_4 in topo with pciPath=/sys/devices/pci0000:be/0000:be:01.0/0000:c0:00.0 keep=1 coll=(null)
furious-puma-1:187510:188371 [1] NCCL INFO ncclTopoPopulateNics : Filled mlx5_5 in topo with pciPath=/sys/devices/pci0000:ce/0000:ce:01.0/0000:d0:00.0 keep=1 coll=(null)
furious-puma-1:187510:188371 [1] NCCL INFO ncclTopoPopulateNics : Filled mlx5_6 in topo with pciPath=/sys/devices/pci0000:de/0000:de:01.0/0000:e0:00.0 keep=1 coll=(null)
furious-puma-1:187510:188371 [1] NCCL INFO ncclTopoPopulateNics : Filled mlx5_7 in topo with pciPath=/sys/devices/pci0000:ee/0000:ee:01.0/0000:f0:00.0 keep=1 coll=(null)
furious-puma-1:187512:188359 [3] NCCL INFO TOPO/NET : Importing network plugins to topology
furious-puma-1:187512:188359 [3] NCCL INFO Retrieving state for IB
furious-puma-1:187512:188359 [3] NCCL INFO ncclTopoPopulateNics : Filled mlx5_0 in topo with pciPath=/sys/devices/pci0000:7e/0000:7e:01.0/0000:80:00.0 keep=1 coll=(null)
furious-puma-1:187512:188359 [3] NCCL INFO ncclTopoPopulateNics : Filled mlx5_1 in topo with pciPath=/sys/devices/pci0000:8e/0000:8e:01.0/0000:90:00.0 keep=1 coll=(null)
furious-puma-1:187512:188359 [3] NCCL INFO ncclTopoPopulateNics : Filled mlx5_2 in topo with pciPath=/sys/devices/pci0000:9e/0000:9e:01.0/0000:a0:00.0 keep=1 coll=(null)
furious-puma-1:187512:188359 [3] NCCL INFO ncclTopoPopulateNics : Filled mlx5_3 in topo with pciPath=/sys/devices/pci0000:ae/0000:ae:01.0/0000:b0:00.0 keep=1 coll=(null)
furious-puma-1:187512:188359 [3] NCCL INFO ncclTopoPopulateNics : Filled mlx5_4 in topo with pciPath=/sys/devices/pci0000:be/0000:be:01.0/0000:c0:00.0 keep=1 coll=(null)
furious-puma-1:187512:188359 [3] NCCL INFO ncclTopoPopulateNics : Filled mlx5_5 in topo with pciPath=/sys/devices/pci0000:ce/0000:ce:01.0/0000:d0:00.0 keep=1 coll=(null)
furious-puma-1:187512:188359 [3] NCCL INFO ncclTopoPopulateNics : Filled mlx5_6 in topo with pciPath=/sys/devices/pci0000:de/0000:de:01.0/0000:e0:00.0 keep=1 coll=(null)
furious-puma-1:187512:188359 [3] NCCL INFO ncclTopoPopulateNics : Filled mlx5_7 in topo with pciPath=/sys/devices/pci0000:ee/0000:ee:01.0/0000:f0:00.0 keep=1 coll=(null)
furious-puma-1:187509:188362 [0] NCCL INFO TOPO/NET : Importing network plugins to topology
furious-puma-1:187509:188362 [0] NCCL INFO Retrieving state for IB
furious-puma-1:187509:188362 [0] NCCL INFO ncclTopoPopulateNics : Filled mlx5_0 in topo with pciPath=/sys/devices/pci0000:7e/0000:7e:01.0/0000:80:00.0 keep=1 coll=(null)
furious-puma-1:187509:188362 [0] NCCL INFO ncclTopoPopulateNics : Filled mlx5_1 in topo with pciPath=/sys/devices/pci0000:8e/0000:8e:01.0/0000:90:00.0 keep=1 coll=(null)
furious-puma-1:187509:188362 [0] NCCL INFO ncclTopoPopulateNics : Filled mlx5_2 in topo with pciPath=/sys/devices/pci0000:9e/0000:9e:01.0/0000:a0:00.0 keep=1 coll=(null)
furious-puma-1:187509:188362 [0] NCCL INFO ncclTopoPopulateNics : Filled mlx5_3 in topo with pciPath=/sys/devices/pci0000:ae/0000:ae:01.0/0000:b0:00.0 keep=1 coll=(null)
furious-puma-1:187509:188362 [0] NCCL INFO ncclTopoPopulateNics : Filled mlx5_4 in topo with pciPath=/sys/devices/pci0000:be/0000:be:01.0/0000:c0:00.0 keep=1 coll=(null)
furious-puma-1:187509:188362 [0] NCCL INFO ncclTopoPopulateNics : Filled mlx5_5 in topo with pciPath=/sys/devices/pci0000:ce/0000:ce:01.0/0000:d0:00.0 keep=1 coll=(null)
furious-puma-1:187509:188362 [0] NCCL INFO ncclTopoPopulateNics : Filled mlx5_6 in topo with pciPath=/sys/devices/pci0000:de/0000:de:01.0/0000:e0:00.0 keep=1 coll=(null)
furious-puma-1:187509:188362 [0] NCCL INFO ncclTopoPopulateNics : Filled mlx5_7 in topo with pciPath=/sys/devices/pci0000:ee/0000:ee:01.0/0000:f0:00.0 keep=1 coll=(null)
furious-puma-1:187514:188353 [5] NCCL INFO GPU Direct RDMA Enabled for GPU 0 / HCA 0 (distance 4 <= 5), read 0 mode Default
furious-puma-1:187514:188353 [5] NCCL INFO GPU Direct RDMA Enabled for GPU 1 / HCA 0 (distance 4 <= 5), read 0 mode Default
furious-puma-1:187514:188353 [5] NCCL INFO GPU Direct RDMA Enabled for GPU 2 / HCA 0 (distance 4 <= 5), read 0 mode Default
furious-puma-1:187514:188353 [5] NCCL INFO GPU Direct RDMA Enabled for GPU 3 / HCA 0 (distance 4 <= 5), read 0 mode Default
furious-puma-1:187514:188353 [5] NCCL INFO GPU Direct RDMA Enabled for GPU 4 / HCA 0 (distance 4 <= 5), read 0 mode Default
furious-puma-1:187514:188353 [5] NCCL INFO GPU Direct RDMA Enabled for GPU 5 / HCA 0 (distance 4 <= 5), read 0 mode Default
furious-puma-1:187514:188353 [5] NCCL INFO GPU Direct RDMA Enabled for GPU 6 / HCA 0 (distance 4 <= 5), read 0 mode Default
furious-puma-1:187514:188353 [5] NCCL INFO GPU Direct RDMA Enabled for GPU 7 / HCA 0 (distance 4 <= 5), read 0 mode Default
furious-puma-1:187514:188353 [5] NCCL INFO GPU Direct RDMA Enabled for GPU 0 / HCA 1 (distance 4 <= 5), read 0 mode Default
furious-puma-1:187514:188353 [5] NCCL INFO GPU Direct RDMA Enabled for GPU 1 / HCA 1 (distance 4 <= 5), read 0 mode Default
furious-puma-1:187514:188353 [5] NCCL INFO GPU Direct RDMA Enabled for GPU 2 / HCA 1 (distance 4 <= 5), read 0 mode Default
furious-puma-1:187514:188353 [5] NCCL INFO GPU Direct RDMA Enabled for GPU 3 / HCA 1 (distance 4 <= 5), read 0 mode Default
furious-puma-1:187514:188353 [5] NCCL INFO GPU Direct RDMA Enabled for GPU 4 / HCA 1 (distance 4 <= 5), read 0 mode Default
furious-puma-1:187514:188353 [5] NCCL INFO GPU Direct RDMA Enabled for GPU 5 / HCA 1 (distance 4 <= 5), read 0 mode Default
furious-puma-1:187514:188353 [5] NCCL INFO GPU Direct RDMA Enabled for GPU 6 / HCA 1 (distance 4 <= 5), read 0 mode Default
furious-puma-1:187514:188353 [5] NCCL INFO GPU Direct RDMA Enabled for GPU 7 / HCA 1 (distance 4 <= 5), read 0 mode Default
furious-puma-1:187514:188353 [5] NCCL INFO GPU Direct RDMA Enabled for GPU 0 / HCA 2 (distance 4 <= 5), read 0 mode Default
furious-puma-1:187514:188353 [5] NCCL INFO GPU Direct RDMA Enabled for GPU 1 / HCA 2 (distance 4 <= 5), read 0 mode Default
furious-puma-1:187514:188353 [5] NCCL INFO GPU Direct RDMA Enabled for GPU 2 / HCA 2 (distance 4 <= 5), read 0 mode Default
furious-puma-1:187514:188353 [5] NCCL INFO GPU Direct RDMA Enabled for GPU 3 / HCA 2 (distance 4 <= 5), read 0 mode Default
furious-puma-1:187514:188353 [5] NCCL INFO GPU Direct RDMA Enabled for GPU 4 / HCA 2 (distance 4 <= 5), read 0 mode Default
furious-puma-1:187514:188353 [5] NCCL INFO GPU Direct RDMA Enabled for GPU 5 / HCA 2 (distance 4 <= 5), read 0 mode Default
furious-puma-1:187514:188353 [5] NCCL INFO GPU Direct RDMA Enabled for GPU 6 / HCA 2 (distance 4 <= 5), read 0 mode Default
furious-puma-1:187514:188353 [5] NCCL INFO GPU Direct RDMA Enabled for GPU 7 / HCA 2 (distance 4 <= 5), read 0 mode Default
furious-puma-1:187514:188353 [5] NCCL INFO GPU Direct RDMA Enabled for GPU 0 / HCA 3 (distance 4 <= 5), read 0 mode Default
furious-puma-1:187514:188353 [5] NCCL INFO GPU Direct RDMA Enabled for GPU 1 / HCA 3 (distance 4 <= 5), read 0 mode Default
furious-puma-1:187514:188353 [5] NCCL INFO GPU Direct RDMA Enabled for GPU 2 / HCA 3 (distance 4 <= 5), read 0 mode Default
furious-puma-1:187514:188353 [5] NCCL INFO GPU Direct RDMA Enabled for GPU 3 / HCA 3 (distance 4 <= 5), read 0 mode Default
furious-puma-1:187514:188353 [5] NCCL INFO GPU Direct RDMA Enabled for GPU 4 / HCA 3 (distance 4 <= 5), read 0 mode Default
furious-puma-1:187514:188353 [5] NCCL INFO GPU Direct RDMA Enabled for GPU 5 / HCA 3 (distance 4 <= 5), read 0 mode Default
furious-puma-1:187514:188353 [5] NCCL INFO GPU Direct RDMA Enabled for GPU 6 / HCA 3 (distance 4 <= 5), read 0 mode Default
furious-puma-1:187514:188353 [5] NCCL INFO GPU Direct RDMA Enabled for GPU 7 / HCA 3 (distance 4 <= 5), read 0 mode Default
furious-puma-1:187514:188353 [5] NCCL INFO GPU Direct RDMA Enabled for GPU 0 / HCA 4 (distance 4 <= 5), read 0 mode Default
furious-puma-1:187514:188353 [5] NCCL INFO GPU Direct RDMA Enabled for GPU 1 / HCA 4 (distance 4 <= 5), read 0 mode Default
furious-puma-1:187514:188353 [5] NCCL INFO GPU Direct RDMA Enabled for GPU 2 / HCA 4 (distance 4 <= 5), read 0 mode Default
furious-puma-1:187514:188353 [5] NCCL INFO GPU Direct RDMA Enabled for GPU 3 / HCA 4 (distance 4 <= 5), read 0 mode Default
furious-puma-1:187514:188353 [5] NCCL INFO GPU Direct RDMA Enabled for GPU 4 / HCA 4 (distance 4 <= 5), read 0 mode Default
furious-puma-1:187514:188353 [5] NCCL INFO GPU Direct RDMA Enabled for GPU 5 / HCA 4 (distance 4 <= 5), read 0 mode Default
furious-puma-1:187514:188353 [5] NCCL INFO GPU Direct RDMA Enabled for GPU 6 / HCA 4 (distance 4 <= 5), read 0 mode Default
furious-puma-1:187514:188353 [5] NCCL INFO GPU Direct RDMA Enabled for GPU 7 / HCA 4 (distance 4 <= 5), read 0 mode Default
furious-puma-1:187514:188353 [5] NCCL INFO GPU Direct RDMA Enabled for GPU 0 / HCA 5 (distance 4 <= 5), read 0 mode Default
furious-puma-1:187514:188353 [5] NCCL INFO GPU Direct RDMA Enabled for GPU 1 / HCA 5 (distance 4 <= 5), read 0 mode Default
furious-puma-1:187514:188353 [5] NCCL INFO GPU Direct RDMA Enabled for GPU 2 / HCA 5 (distance 4 <= 5), read 0 mode Default
furious-puma-1:187514:188353 [5] NCCL INFO GPU Direct RDMA Enabled for GPU 3 / HCA 5 (distance 4 <= 5), read 0 mode Default
furious-puma-1:187514:188353 [5] NCCL INFO GPU Direct RDMA Enabled for GPU 4 / HCA 5 (distance 4 <= 5), read 0 mode Default
furious-puma-1:187514:188353 [5] NCCL INFO GPU Direct RDMA Enabled for GPU 5 / HCA 5 (distance 4 <= 5), read 0 mode Default
furious-puma-1:187514:188353 [5] NCCL INFO GPU Direct RDMA Enabled for GPU 6 / HCA 5 (distance 4 <= 5), read 0 mode Default
furious-puma-1:187514:188353 [5] NCCL INFO GPU Direct RDMA Enabled for GPU 7 / HCA 5 (distance 4 <= 5), read 0 mode Default
furious-puma-1:187514:188353 [5] NCCL INFO GPU Direct RDMA Enabled for GPU 0 / HCA 6 (distance 4 <= 5), read 0 mode Default
furious-puma-1:187514:188353 [5] NCCL INFO GPU Direct RDMA Enabled for GPU 1 / HCA 6 (distance 4 <= 5), read 0 mode Default
furious-puma-1:187514:188353 [5] NCCL INFO GPU Direct RDMA Enabled for GPU 2 / HCA 6 (distance 4 <= 5), read 0 mode Default
furious-puma-1:187514:188353 [5] NCCL INFO GPU Direct RDMA Enabled for GPU 3 / HCA 6 (distance 4 <= 5), read 0 mode Default
furious-puma-1:187514:188353 [5] NCCL INFO GPU Direct RDMA Enabled for GPU 4 / HCA 6 (distance 4 <= 5), read 0 mode Default
furious-puma-1:187514:188353 [5] NCCL INFO GPU Direct RDMA Enabled for GPU 5 / HCA 6 (distance 4 <= 5), read 0 mode Default
furious-puma-1:187514:188353 [5] NCCL INFO GPU Direct RDMA Enabled for GPU 6 / HCA 6 (distance 4 <= 5), read 0 mode Default
furious-puma-1:187514:188353 [5] NCCL INFO GPU Direct RDMA Enabled for GPU 7 / HCA 6 (distance 4 <= 5), read 0 mode Default
furious-puma-1:187514:188353 [5] NCCL INFO GPU Direct RDMA Enabled for GPU 0 / HCA 7 (distance 4 <= 5), read 0 mode Default
furious-puma-1:187514:188353 [5] NCCL INFO GPU Direct RDMA Enabled for GPU 1 / HCA 7 (distance 4 <= 5), read 0 mode Default
furious-puma-1:187514:188353 [5] NCCL INFO GPU Direct RDMA Enabled for GPU 2 / HCA 7 (distance 4 <= 5), read 0 mode Default
furious-puma-1:187514:188353 [5] NCCL INFO GPU Direct RDMA Enabled for GPU 3 / HCA 7 (distance 4 <= 5), read 0 mode Default
furious-puma-1:187514:188353 [5] NCCL INFO GPU Direct RDMA Enabled for GPU 4 / HCA 7 (distance 4 <= 5), read 0 mode Default
furious-puma-1:187514:188353 [5] NCCL INFO GPU Direct RDMA Enabled for GPU 5 / HCA 7 (distance 4 <= 5), read 0 mode Default
furious-puma-1:187514:188353 [5] NCCL INFO GPU Direct RDMA Enabled for GPU 6 / HCA 7 (distance 4 <= 5), read 0 mode Default
furious-puma-1:187514:188353 [5] NCCL INFO GPU Direct RDMA Enabled for GPU 7 / HCA 7 (distance 4 <= 5), read 0 mode Default
furious-puma-1:187515:188350 [6] NCCL INFO GPU Direct RDMA Enabled for GPU 0 / HCA 0 (distance 4 <= 5), read 0 mode Default
furious-puma-1:187515:188350 [6] NCCL INFO GPU Direct RDMA Enabled for GPU 1 / HCA 0 (distance 4 <= 5), read 0 mode Default
furious-puma-1:187515:188350 [6] NCCL INFO GPU Direct RDMA Enabled for GPU 2 / HCA 0 (distance 4 <= 5), read 0 mode Default
furious-puma-1:187515:188350 [6] NCCL INFO GPU Direct RDMA Enabled for GPU 3 / HCA 0 (distance 4 <= 5), read 0 mode Default
furious-puma-1:187515:188350 [6] NCCL INFO GPU Direct RDMA Enabled for GPU 4 / HCA 0 (distance 4 <= 5), read 0 mode Default
furious-puma-1:187515:188350 [6] NCCL INFO GPU Direct RDMA Enabled for GPU 5 / HCA 0 (distance 4 <= 5), read 0 mode Default
furious-puma-1:187515:188350 [6] NCCL INFO GPU Direct RDMA Enabled for GPU 6 / HCA 0 (distance 4 <= 5), read 0 mode Default
furious-puma-1:187515:188350 [6] NCCL INFO GPU Direct RDMA Enabled for GPU 7 / HCA 0 (distance 4 <= 5), read 0 mode Default
furious-puma-1:187515:188350 [6] NCCL INFO GPU Direct RDMA Enabled for GPU 0 / HCA 1 (distance 4 <= 5), read 0 mode Default
furious-puma-1:187515:188350 [6] NCCL INFO GPU Direct RDMA Enabled for GPU 1 / HCA 1 (distance 4 <= 5), read 0 mode Default
furious-puma-1:187515:188350 [6] NCCL INFO GPU Direct RDMA Enabled for GPU 2 / HCA 1 (distance 4 <= 5), read 0 mode Default
furious-puma-1:187515:188350 [6] NCCL INFO GPU Direct RDMA Enabled for GPU 3 / HCA 1 (distance 4 <= 5), read 0 mode Default
furious-puma-1:187515:188350 [6] NCCL INFO GPU Direct RDMA Enabled for GPU 4 / HCA 1 (distance 4 <= 5), read 0 mode Default
furious-puma-1:187515:188350 [6] NCCL INFO GPU Direct RDMA Enabled for GPU 5 / HCA 1 (distance 4 <= 5), read 0 mode Default
furious-puma-1:187515:188350 [6] NCCL INFO GPU Direct RDMA Enabled for GPU 6 / HCA 1 (distance 4 <= 5), read 0 mode Default
furious-puma-1:187515:188350 [6] NCCL INFO GPU Direct RDMA Enabled for GPU 7 / HCA 1 (distance 4 <= 5), read 0 mode Default
furious-puma-1:187515:188350 [6] NCCL INFO GPU Direct RDMA Enabled for GPU 0 / HCA 2 (distance 4 <= 5), read 0 mode Default
furious-puma-1:187515:188350 [6] NCCL INFO GPU Direct RDMA Enabled for GPU 1 / HCA 2 (distance 4 <= 5), read 0 mode Default
furious-puma-1:187515:188350 [6] NCCL INFO GPU Direct RDMA Enabled for GPU 2 / HCA 2 (distance 4 <= 5), read 0 mode Default
furious-puma-1:187515:188350 [6] NCCL INFO GPU Direct RDMA Enabled for GPU 3 / HCA 2 (distance 4 <= 5), read 0 mode Default
furious-puma-1:187515:188350 [6] NCCL INFO GPU Direct RDMA Enabled for GPU 4 / HCA 2 (distance 4 <= 5), read 0 mode Default
furious-puma-1:187515:188350 [6] NCCL INFO GPU Direct RDMA Enabled for GPU 5 / HCA 2 (distance 4 <= 5), read 0 mode Default
furious-puma-1:187515:188350 [6] NCCL INFO GPU Direct RDMA Enabled for GPU 6 / HCA 2 (distance 4 <= 5), read 0 mode Default
furious-puma-1:187515:188350 [6] NCCL INFO GPU Direct RDMA Enabled for GPU 7 / HCA 2 (distance 4 <= 5), read 0 mode Default
furious-puma-1:187515:188350 [6] NCCL INFO GPU Direct RDMA Enabled for GPU 0 / HCA 3 (distance 4 <= 5), read 0 mode Default
furious-puma-1:187515:188350 [6] NCCL INFO GPU Direct RDMA Enabled for GPU 1 / HCA 3 (distance 4 <= 5), read 0 mode Default
furious-puma-1:187515:188350 [6] NCCL INFO GPU Direct RDMA Enabled for GPU 2 / HCA 3 (distance 4 <= 5), read 0 mode Default
furious-puma-1:187515:188350 [6] NCCL INFO GPU Direct RDMA Enabled for GPU 3 / HCA 3 (distance 4 <= 5), read 0 mode Default
furious-puma-1:187515:188350 [6] NCCL INFO GPU Direct RDMA Enabled for GPU 4 / HCA 3 (distance 4 <= 5), read 0 mode Default
furious-puma-1:187515:188350 [6] NCCL INFO GPU Direct RDMA Enabled for GPU 5 / HCA 3 (distance 4 <= 5), read 0 mode Default
furious-puma-1:187515:188350 [6] NCCL INFO GPU Direct RDMA Enabled for GPU 6 / HCA 3 (distance 4 <= 5), read 0 mode Default
furious-puma-1:187515:188350 [6] NCCL INFO GPU Direct RDMA Enabled for GPU 7 / HCA 3 (distance 4 <= 5), read 0 mode Default
furious-puma-1:187515:188350 [6] NCCL INFO GPU Direct RDMA Enabled for GPU 0 / HCA 4 (distance 4 <= 5), read 0 mode Default
furious-puma-1:187515:188350 [6] NCCL INFO GPU Direct RDMA Enabled for GPU 1 / HCA 4 (distance 4 <= 5), read 0 mode Default
furious-puma-1:187515:188350 [6] NCCL INFO GPU Direct RDMA Enabled for GPU 2 / HCA 4 (distance 4 <= 5), read 0 mode Default
furious-puma-1:187515:188350 [6] NCCL INFO GPU Direct RDMA Enabled for GPU 3 / HCA 4 (distance 4 <= 5), read 0 mode Default
furious-puma-1:187515:188350 [6] NCCL INFO GPU Direct RDMA Enabled for GPU 4 / HCA 4 (distance 4 <= 5), read 0 mode Default
furious-puma-1:187515:188350 [6] NCCL INFO GPU Direct RDMA Enabled for GPU 5 / HCA 4 (distance 4 <= 5), read 0 mode Default
furious-puma-1:187515:188350 [6] NCCL INFO GPU Direct RDMA Enabled for GPU 6 / HCA 4 (distance 4 <= 5), read 0 mode Default
furious-puma-1:187515:188350 [6] NCCL INFO GPU Direct RDMA Enabled for GPU 7 / HCA 4 (distance 4 <= 5), read 0 mode Default
furious-puma-1:187515:188350 [6] NCCL INFO GPU Direct RDMA Enabled for GPU 0 / HCA 5 (distance 4 <= 5), read 0 mode Default
furious-puma-1:187515:188350 [6] NCCL INFO GPU Direct RDMA Enabled for GPU 1 / HCA 5 (distance 4 <= 5), read 0 mode Default
furious-puma-1:187515:188350 [6] NCCL INFO GPU Direct RDMA Enabled for GPU 2 / HCA 5 (distance 4 <= 5), read 0 mode Default
furious-puma-1:187515:188350 [6] NCCL INFO GPU Direct RDMA Enabled for GPU 3 / HCA 5 (distance 4 <= 5), read 0 mode Default
furious-puma-1:187515:188350 [6] NCCL INFO GPU Direct RDMA Enabled for GPU 4 / HCA 5 (distance 4 <= 5), read 0 mode Default
furious-puma-1:187515:188350 [6] NCCL INFO GPU Direct RDMA Enabled for GPU 5 / HCA 5 (distance 4 <= 5), read 0 mode Default
furious-puma-1:187515:188350 [6] NCCL INFO GPU Direct RDMA Enabled for GPU 6 / HCA 5 (distance 4 <= 5), read 0 mode Default
furious-puma-1:187515:188350 [6] NCCL INFO GPU Direct RDMA Enabled for GPU 7 / HCA 5 (distance 4 <= 5), read 0 mode Default
furious-puma-1:187515:188350 [6] NCCL INFO GPU Direct RDMA Enabled for GPU 0 / HCA 6 (distance 4 <= 5), read 0 mode Default
furious-puma-1:187515:188350 [6] NCCL INFO GPU Direct RDMA Enabled for GPU 1 / HCA 6 (distance 4 <= 5), read 0 mode Default
furious-puma-1:187515:188350 [6] NCCL INFO GPU Direct RDMA Enabled for GPU 2 / HCA 6 (distance 4 <= 5), read 0 mode Default
furious-puma-1:187515:188350 [6] NCCL INFO GPU Direct RDMA Enabled for GPU 3 / HCA 6 (distance 4 <= 5), read 0 mode Default
furious-puma-1:187515:188350 [6] NCCL INFO GPU Direct RDMA Enabled for GPU 4 / HCA 6 (distance 4 <= 5), read 0 mode Default
furious-puma-1:187515:188350 [6] NCCL INFO GPU Direct RDMA Enabled for GPU 5 / HCA 6 (distance 4 <= 5), read 0 mode Default
furious-puma-1:187515:188350 [6] NCCL INFO GPU Direct RDMA Enabled for GPU 6 / HCA 6 (distance 4 <= 5), read 0 mode Default
furious-puma-1:187515:188350 [6] NCCL INFO GPU Direct RDMA Enabled for GPU 7 / HCA 6 (distance 4 <= 5), read 0 mode Default
furious-puma-1:187515:188350 [6] NCCL INFO GPU Direct RDMA Enabled for GPU 0 / HCA 7 (distance 4 <= 5), read 0 mode Default
furious-puma-1:187515:188350 [6] NCCL INFO GPU Direct RDMA Enabled for GPU 1 / HCA 7 (distance 4 <= 5), read 0 mode Default
furious-puma-1:187515:188350 [6] NCCL INFO GPU Direct RDMA Enabled for GPU 2 / HCA 7 (distance 4 <= 5), read 0 mode Default
furious-puma-1:187515:188350 [6] NCCL INFO GPU Direct RDMA Enabled for GPU 3 / HCA 7 (distance 4 <= 5), read 0 mode Default
furious-puma-1:187515:188350 [6] NCCL INFO GPU Direct RDMA Enabled for GPU 4 / HCA 7 (distance 4 <= 5), read 0 mode Default
furious-puma-1:187515:188350 [6] NCCL INFO GPU Direct RDMA Enabled for GPU 5 / HCA 7 (distance 4 <= 5), read 0 mode Default
furious-puma-1:187515:188350 [6] NCCL INFO GPU Direct RDMA Enabled for GPU 6 / HCA 7 (distance 4 <= 5), read 0 mode Default
furious-puma-1:187515:188350 [6] NCCL INFO GPU Direct RDMA Enabled for GPU 7 / HCA 7 (distance 4 <= 5), read 0 mode Default
furious-puma-1:187512:188359 [3] NCCL INFO GPU Direct RDMA Enabled for GPU 0 / HCA 0 (distance 4 <= 5), read 0 mode Default
furious-puma-1:187512:188359 [3] NCCL INFO GPU Direct RDMA Enabled for GPU 1 / HCA 0 (distance 4 <= 5), read 0 mode Default
furious-puma-1:187512:188359 [3] NCCL INFO GPU Direct RDMA Enabled for GPU 2 / HCA 0 (distance 4 <= 5), read 0 mode Default
furious-puma-1:187512:188359 [3] NCCL INFO GPU Direct RDMA Enabled for GPU 3 / HCA 0 (distance 4 <= 5), read 0 mode Default
furious-puma-1:187512:188359 [3] NCCL INFO GPU Direct RDMA Enabled for GPU 4 / HCA 0 (distance 4 <= 5), read 0 mode Default
furious-puma-1:187512:188359 [3] NCCL INFO GPU Direct RDMA Enabled for GPU 5 / HCA 0 (distance 4 <= 5), read 0 mode Default
furious-puma-1:187512:188359 [3] NCCL INFO GPU Direct RDMA Enabled for GPU 6 / HCA 0 (distance 4 <= 5), read 0 mode Default
furious-puma-1:187512:188359 [3] NCCL INFO GPU Direct RDMA Enabled for GPU 7 / HCA 0 (distance 4 <= 5), read 0 mode Default
furious-puma-1:187512:188359 [3] NCCL INFO GPU Direct RDMA Enabled for GPU 0 / HCA 1 (distance 4 <= 5), read 0 mode Default
furious-puma-1:187512:188359 [3] NCCL INFO GPU Direct RDMA Enabled for GPU 1 / HCA 1 (distance 4 <= 5), read 0 mode Default
furious-puma-1:187512:188359 [3] NCCL INFO GPU Direct RDMA Enabled for GPU 2 / HCA 1 (distance 4 <= 5), read 0 mode Default
furious-puma-1:187512:188359 [3] NCCL INFO GPU Direct RDMA Enabled for GPU 3 / HCA 1 (distance 4 <= 5), read 0 mode Default
furious-puma-1:187512:188359 [3] NCCL INFO GPU Direct RDMA Enabled for GPU 4 / HCA 1 (distance 4 <= 5), read 0 mode Default
furious-puma-1:187512:188359 [3] NCCL INFO GPU Direct RDMA Enabled for GPU 5 / HCA 1 (distance 4 <= 5), read 0 mode Default
furious-puma-1:187512:188359 [3] NCCL INFO GPU Direct RDMA Enabled for GPU 6 / HCA 1 (distance 4 <= 5), read 0 mode Default
furious-puma-1:187512:188359 [3] NCCL INFO GPU Direct RDMA Enabled for GPU 7 / HCA 1 (distance 4 <= 5), read 0 mode Default
furious-puma-1:187512:188359 [3] NCCL INFO GPU Direct RDMA Enabled for GPU 0 / HCA 2 (distance 4 <= 5), read 0 mode Default
furious-puma-1:187512:188359 [3] NCCL INFO GPU Direct RDMA Enabled for GPU 1 / HCA 2 (distance 4 <= 5), read 0 mode Default
furious-puma-1:187512:188359 [3] NCCL INFO GPU Direct RDMA Enabled for GPU 2 / HCA 2 (distance 4 <= 5), read 0 mode Default
furious-puma-1:187512:188359 [3] NCCL INFO GPU Direct RDMA Enabled for GPU 3 / HCA 2 (distance 4 <= 5), read 0 mode Default
furious-puma-1:187512:188359 [3] NCCL INFO GPU Direct RDMA Enabled for GPU 4 / HCA 2 (distance 4 <= 5), read 0 mode Default
furious-puma-1:187512:188359 [3] NCCL INFO GPU Direct RDMA Enabled for GPU 5 / HCA 2 (distance 4 <= 5), read 0 mode Default
furious-puma-1:187512:188359 [3] NCCL INFO GPU Direct RDMA Enabled for GPU 6 / HCA 2 (distance 4 <= 5), read 0 mode Default
furious-puma-1:187512:188359 [3] NCCL INFO GPU Direct RDMA Enabled for GPU 7 / HCA 2 (distance 4 <= 5), read 0 mode Default
furious-puma-1:187512:188359 [3] NCCL INFO GPU Direct RDMA Enabled for GPU 0 / HCA 3 (distance 4 <= 5), read 0 mode Default
furious-puma-1:187512:188359 [3] NCCL INFO GPU Direct RDMA Enabled for GPU 1 / HCA 3 (distance 4 <= 5), read 0 mode Default
furious-puma-1:187512:188359 [3] NCCL INFO GPU Direct RDMA Enabled for GPU 2 / HCA 3 (distance 4 <= 5), read 0 mode Default
furious-puma-1:187512:188359 [3] NCCL INFO GPU Direct RDMA Enabled for GPU 3 / HCA 3 (distance 4 <= 5), read 0 mode Default
furious-puma-1:187512:188359 [3] NCCL INFO GPU Direct RDMA Enabled for GPU 4 / HCA 3 (distance 4 <= 5), read 0 mode Default
furious-puma-1:187512:188359 [3] NCCL INFO GPU Direct RDMA Enabled for GPU 5 / HCA 3 (distance 4 <= 5), read 0 mode Default
furious-puma-1:187512:188359 [3] NCCL INFO GPU Direct RDMA Enabled for GPU 6 / HCA 3 (distance 4 <= 5), read 0 mode Default
furious-puma-1:187512:188359 [3] NCCL INFO GPU Direct RDMA Enabled for GPU 7 / HCA 3 (distance 4 <= 5), read 0 mode Default
furious-puma-1:187512:188359 [3] NCCL INFO GPU Direct RDMA Enabled for GPU 0 / HCA 4 (distance 4 <= 5), read 0 mode Default
furious-puma-1:187512:188359 [3] NCCL INFO GPU Direct RDMA Enabled for GPU 1 / HCA 4 (distance 4 <= 5), read 0 mode Default
furious-puma-1:187512:188359 [3] NCCL INFO GPU Direct RDMA Enabled for GPU 2 / HCA 4 (distance 4 <= 5), read 0 mode Default
furious-puma-1:187512:188359 [3] NCCL INFO GPU Direct RDMA Enabled for GPU 3 / HCA 4 (distance 4 <= 5), read 0 mode Default
furious-puma-1:187512:188359 [3] NCCL INFO GPU Direct RDMA Enabled for GPU 4 / HCA 4 (distance 4 <= 5), read 0 mode Default
furious-puma-1:187512:188359 [3] NCCL INFO GPU Direct RDMA Enabled for GPU 5 / HCA 4 (distance 4 <= 5), read 0 mode Default
furious-puma-1:187512:188359 [3] NCCL INFO GPU Direct RDMA Enabled for GPU 6 / HCA 4 (distance 4 <= 5), read 0 mode Default
furious-puma-1:187512:188359 [3] NCCL INFO GPU Direct RDMA Enabled for GPU 7 / HCA 4 (distance 4 <= 5), read 0 mode Default
furious-puma-1:187512:188359 [3] NCCL INFO GPU Direct RDMA Enabled for GPU 0 / HCA 5 (distance 4 <= 5), read 0 mode Default
furious-puma-1:187512:188359 [3] NCCL INFO GPU Direct RDMA Enabled for GPU 1 / HCA 5 (distance 4 <= 5), read 0 mode Default
furious-puma-1:187512:188359 [3] NCCL INFO GPU Direct RDMA Enabled for GPU 2 / HCA 5 (distance 4 <= 5), read 0 mode Default
furious-puma-1:187512:188359 [3] NCCL INFO GPU Direct RDMA Enabled for GPU 3 / HCA 5 (distance 4 <= 5), read 0 mode Default
furious-puma-1:187512:188359 [3] NCCL INFO GPU Direct RDMA Enabled for GPU 4 / HCA 5 (distance 4 <= 5), read 0 mode Default
furious-puma-1:187512:188359 [3] NCCL INFO GPU Direct RDMA Enabled for GPU 5 / HCA 5 (distance 4 <= 5), read 0 mode Default
furious-puma-1:187512:188359 [3] NCCL INFO GPU Direct RDMA Enabled for GPU 6 / HCA 5 (distance 4 <= 5), read 0 mode Default
furious-puma-1:187512:188359 [3] NCCL INFO GPU Direct RDMA Enabled for GPU 7 / HCA 5 (distance 4 <= 5), read 0 mode Default
furious-puma-1:187512:188359 [3] NCCL INFO GPU Direct RDMA Enabled for GPU 0 / HCA 6 (distance 4 <= 5), read 0 mode Default
furious-puma-1:187512:188359 [3] NCCL INFO GPU Direct RDMA Enabled for GPU 1 / HCA 6 (distance 4 <= 5), read 0 mode Default
furious-puma-1:187512:188359 [3] NCCL INFO GPU Direct RDMA Enabled for GPU 2 / HCA 6 (distance 4 <= 5), read 0 mode Default
furious-puma-1:187512:188359 [3] NCCL INFO GPU Direct RDMA Enabled for GPU 3 / HCA 6 (distance 4 <= 5), read 0 mode Default
furious-puma-1:187512:188359 [3] NCCL INFO GPU Direct RDMA Enabled for GPU 4 / HCA 6 (distance 4 <= 5), read 0 mode Default
furious-puma-1:187512:188359 [3] NCCL INFO GPU Direct RDMA Enabled for GPU 5 / HCA 6 (distance 4 <= 5), read 0 mode Default
furious-puma-1:187512:188359 [3] NCCL INFO GPU Direct RDMA Enabled for GPU 6 / HCA 6 (distance 4 <= 5), read 0 mode Default
furious-puma-1:187512:188359 [3] NCCL INFO GPU Direct RDMA Enabled for GPU 7 / HCA 6 (distance 4 <= 5), read 0 mode Default
furious-puma-1:187512:188359 [3] NCCL INFO GPU Direct RDMA Enabled for GPU 0 / HCA 7 (distance 4 <= 5), read 0 mode Default
furious-puma-1:187512:188359 [3] NCCL INFO GPU Direct RDMA Enabled for GPU 1 / HCA 7 (distance 4 <= 5), read 0 mode Default
furious-puma-1:187512:188359 [3] NCCL INFO GPU Direct RDMA Enabled for GPU 2 / HCA 7 (distance 4 <= 5), read 0 mode Default
furious-puma-1:187512:188359 [3] NCCL INFO GPU Direct RDMA Enabled for GPU 3 / HCA 7 (distance 4 <= 5), read 0 mode Default
furious-puma-1:187512:188359 [3] NCCL INFO GPU Direct RDMA Enabled for GPU 4 / HCA 7 (distance 4 <= 5), read 0 mode Default
furious-puma-1:187512:188359 [3] NCCL INFO GPU Direct RDMA Enabled for GPU 5 / HCA 7 (distance 4 <= 5), read 0 mode Default
furious-puma-1:187512:188359 [3] NCCL INFO GPU Direct RDMA Enabled for GPU 6 / HCA 7 (distance 4 <= 5), read 0 mode Default
furious-puma-1:187512:188359 [3] NCCL INFO GPU Direct RDMA Enabled for GPU 7 / HCA 7 (distance 4 <= 5), read 0 mode Default
furious-puma-1:187513:188365 [4] NCCL INFO GPU Direct RDMA Enabled for GPU 0 / HCA 0 (distance 4 <= 5), read 0 mode Default
furious-puma-1:187513:188365 [4] NCCL INFO GPU Direct RDMA Enabled for GPU 1 / HCA 0 (distance 4 <= 5), read 0 mode Default
furious-puma-1:187513:188365 [4] NCCL INFO GPU Direct RDMA Enabled for GPU 2 / HCA 0 (distance 4 <= 5), read 0 mode Default
furious-puma-1:187513:188365 [4] NCCL INFO GPU Direct RDMA Enabled for GPU 3 / HCA 0 (distance 4 <= 5), read 0 mode Default
furious-puma-1:187513:188365 [4] NCCL INFO GPU Direct RDMA Enabled for GPU 4 / HCA 0 (distance 4 <= 5), read 0 mode Default
furious-puma-1:187513:188365 [4] NCCL INFO GPU Direct RDMA Enabled for GPU 5 / HCA 0 (distance 4 <= 5), read 0 mode Default
furious-puma-1:187513:188365 [4] NCCL INFO GPU Direct RDMA Enabled for GPU 6 / HCA 0 (distance 4 <= 5), read 0 mode Default
furious-puma-1:187513:188365 [4] NCCL INFO GPU Direct RDMA Enabled for GPU 7 / HCA 0 (distance 4 <= 5), read 0 mode Default
furious-puma-1:187513:188365 [4] NCCL INFO GPU Direct RDMA Enabled for GPU 0 / HCA 1 (distance 4 <= 5), read 0 mode Default
furious-puma-1:187513:188365 [4] NCCL INFO GPU Direct RDMA Enabled for GPU 1 / HCA 1 (distance 4 <= 5), read 0 mode Default
furious-puma-1:187513:188365 [4] NCCL INFO GPU Direct RDMA Enabled for GPU 2 / HCA 1 (distance 4 <= 5), read 0 mode Default
furious-puma-1:187513:188365 [4] NCCL INFO GPU Direct RDMA Enabled for GPU 3 / HCA 1 (distance 4 <= 5), read 0 mode Default
furious-puma-1:187513:188365 [4] NCCL INFO GPU Direct RDMA Enabled for GPU 4 / HCA 1 (distance 4 <= 5), read 0 mode Default
furious-puma-1:187513:188365 [4] NCCL INFO GPU Direct RDMA Enabled for GPU 5 / HCA 1 (distance 4 <= 5), read 0 mode Default
furious-puma-1:187513:188365 [4] NCCL INFO GPU Direct RDMA Enabled for GPU 6 / HCA 1 (distance 4 <= 5), read 0 mode Default
furious-puma-1:187513:188365 [4] NCCL INFO GPU Direct RDMA Enabled for GPU 7 / HCA 1 (distance 4 <= 5), read 0 mode Default
furious-puma-1:187513:188365 [4] NCCL INFO GPU Direct RDMA Enabled for GPU 0 / HCA 2 (distance 4 <= 5), read 0 mode Default
furious-puma-1:187513:188365 [4] NCCL INFO GPU Direct RDMA Enabled for GPU 1 / HCA 2 (distance 4 <= 5), read 0 mode Default
furious-puma-1:187513:188365 [4] NCCL INFO GPU Direct RDMA Enabled for GPU 2 / HCA 2 (distance 4 <= 5), read 0 mode Default
furious-puma-1:187513:188365 [4] NCCL INFO GPU Direct RDMA Enabled for GPU 3 / HCA 2 (distance 4 <= 5), read 0 mode Default
furious-puma-1:187513:188365 [4] NCCL INFO GPU Direct RDMA Enabled for GPU 4 / HCA 2 (distance 4 <= 5), read 0 mode Default
furious-puma-1:187513:188365 [4] NCCL INFO GPU Direct RDMA Enabled for GPU 5 / HCA 2 (distance 4 <= 5), read 0 mode Default
furious-puma-1:187513:188365 [4] NCCL INFO GPU Direct RDMA Enabled for GPU 6 / HCA 2 (distance 4 <= 5), read 0 mode Default
furious-puma-1:187513:188365 [4] NCCL INFO GPU Direct RDMA Enabled for GPU 7 / HCA 2 (distance 4 <= 5), read 0 mode Default
furious-puma-1:187513:188365 [4] NCCL INFO GPU Direct RDMA Enabled for GPU 0 / HCA 3 (distance 4 <= 5), read 0 mode Default
furious-puma-1:187513:188365 [4] NCCL INFO GPU Direct RDMA Enabled for GPU 1 / HCA 3 (distance 4 <= 5), read 0 mode Default
furious-puma-1:187513:188365 [4] NCCL INFO GPU Direct RDMA Enabled for GPU 2 / HCA 3 (distance 4 <= 5), read 0 mode Default
furious-puma-1:187513:188365 [4] NCCL INFO GPU Direct RDMA Enabled for GPU 3 / HCA 3 (distance 4 <= 5), read 0 mode Default
furious-puma-1:187513:188365 [4] NCCL INFO GPU Direct RDMA Enabled for GPU 4 / HCA 3 (distance 4 <= 5), read 0 mode Default
furious-puma-1:187513:188365 [4] NCCL INFO GPU Direct RDMA Enabled for GPU 5 / HCA 3 (distance 4 <= 5), read 0 mode Default
furious-puma-1:187513:188365 [4] NCCL INFO GPU Direct RDMA Enabled for GPU 6 / HCA 3 (distance 4 <= 5), read 0 mode Default
furious-puma-1:187513:188365 [4] NCCL INFO GPU Direct RDMA Enabled for GPU 7 / HCA 3 (distance 4 <= 5), read 0 mode Default
furious-puma-1:187513:188365 [4] NCCL INFO GPU Direct RDMA Enabled for GPU 0 / HCA 4 (distance 4 <= 5), read 0 mode Default
furious-puma-1:187513:188365 [4] NCCL INFO GPU Direct RDMA Enabled for GPU 1 / HCA 4 (distance 4 <= 5), read 0 mode Default
furious-puma-1:187513:188365 [4] NCCL INFO GPU Direct RDMA Enabled for GPU 2 / HCA 4 (distance 4 <= 5), read 0 mode Default
furious-puma-1:187513:188365 [4] NCCL INFO GPU Direct RDMA Enabled for GPU 3 / HCA 4 (distance 4 <= 5), read 0 mode Default
furious-puma-1:187513:188365 [4] NCCL INFO GPU Direct RDMA Enabled for GPU 4 / HCA 4 (distance 4 <= 5), read 0 mode Default
furious-puma-1:187513:188365 [4] NCCL INFO GPU Direct RDMA Enabled for GPU 5 / HCA 4 (distance 4 <= 5), read 0 mode Default
furious-puma-1:187513:188365 [4] NCCL INFO GPU Direct RDMA Enabled for GPU 6 / HCA 4 (distance 4 <= 5), read 0 mode Default
furious-puma-1:187513:188365 [4] NCCL INFO GPU Direct RDMA Enabled for GPU 7 / HCA 4 (distance 4 <= 5), read 0 mode Default
furious-puma-1:187513:188365 [4] NCCL INFO GPU Direct RDMA Enabled for GPU 0 / HCA 5 (distance 4 <= 5), read 0 mode Default
furious-puma-1:187513:188365 [4] NCCL INFO GPU Direct RDMA Enabled for GPU 1 / HCA 5 (distance 4 <= 5), read 0 mode Default
furious-puma-1:187513:188365 [4] NCCL INFO GPU Direct RDMA Enabled for GPU 2 / HCA 5 (distance 4 <= 5), read 0 mode Default
furious-puma-1:187513:188365 [4] NCCL INFO GPU Direct RDMA Enabled for GPU 3 / HCA 5 (distance 4 <= 5), read 0 mode Default
furious-puma-1:187513:188365 [4] NCCL INFO GPU Direct RDMA Enabled for GPU 4 / HCA 5 (distance 4 <= 5), read 0 mode Default
furious-puma-1:187513:188365 [4] NCCL INFO GPU Direct RDMA Enabled for GPU 5 / HCA 5 (distance 4 <= 5), read 0 mode Default
furious-puma-1:187513:188365 [4] NCCL INFO GPU Direct RDMA Enabled for GPU 6 / HCA 5 (distance 4 <= 5), read 0 mode Default
furious-puma-1:187513:188365 [4] NCCL INFO GPU Direct RDMA Enabled for GPU 7 / HCA 5 (distance 4 <= 5), read 0 mode Default
furious-puma-1:187513:188365 [4] NCCL INFO GPU Direct RDMA Enabled for GPU 0 / HCA 6 (distance 4 <= 5), read 0 mode Default
furious-puma-1:187513:188365 [4] NCCL INFO GPU Direct RDMA Enabled for GPU 1 / HCA 6 (distance 4 <= 5), read 0 mode Default
furious-puma-1:187513:188365 [4] NCCL INFO GPU Direct RDMA Enabled for GPU 2 / HCA 6 (distance 4 <= 5), read 0 mode Default
furious-puma-1:187513:188365 [4] NCCL INFO GPU Direct RDMA Enabled for GPU 3 / HCA 6 (distance 4 <= 5), read 0 mode Default
furious-puma-1:187513:188365 [4] NCCL INFO GPU Direct RDMA Enabled for GPU 4 / HCA 6 (distance 4 <= 5), read 0 mode Default
furious-puma-1:187513:188365 [4] NCCL INFO GPU Direct RDMA Enabled for GPU 5 / HCA 6 (distance 4 <= 5), read 0 mode Default
furious-puma-1:187513:188365 [4] NCCL INFO GPU Direct RDMA Enabled for GPU 6 / HCA 6 (distance 4 <= 5), read 0 mode Default
furious-puma-1:187513:188365 [4] NCCL INFO GPU Direct RDMA Enabled for GPU 7 / HCA 6 (distance 4 <= 5), read 0 mode Default
furious-puma-1:187513:188365 [4] NCCL INFO GPU Direct RDMA Enabled for GPU 0 / HCA 7 (distance 4 <= 5), read 0 mode Default
furious-puma-1:187513:188365 [4] NCCL INFO GPU Direct RDMA Enabled for GPU 1 / HCA 7 (distance 4 <= 5), read 0 mode Default
furious-puma-1:187513:188365 [4] NCCL INFO GPU Direct RDMA Enabled for GPU 2 / HCA 7 (distance 4 <= 5), read 0 mode Default
furious-puma-1:187513:188365 [4] NCCL INFO GPU Direct RDMA Enabled for GPU 3 / HCA 7 (distance 4 <= 5), read 0 mode Default
furious-puma-1:187513:188365 [4] NCCL INFO GPU Direct RDMA Enabled for GPU 4 / HCA 7 (distance 4 <= 5), read 0 mode Default
furious-puma-1:187513:188365 [4] NCCL INFO GPU Direct RDMA Enabled for GPU 5 / HCA 7 (distance 4 <= 5), read 0 mode Default
furious-puma-1:187513:188365 [4] NCCL INFO GPU Direct RDMA Enabled for GPU 6 / HCA 7 (distance 4 <= 5), read 0 mode Default
furious-puma-1:187513:188365 [4] NCCL INFO GPU Direct RDMA Enabled for GPU 7 / HCA 7 (distance 4 <= 5), read 0 mode Default
furious-puma-1:187514:188353 [5] NCCL INFO === System : maxBw 370.8 totalBw 370.8 ===
furious-puma-1:187514:188353 [5] NCCL INFO CPU/0-0 (1/1/3)
furious-puma-1:187514:188353 [5] NCCL INFO + PCI[48.0] - PCI/0-ffffff010 (0)
furious-puma-1:187514:188353 [5] NCCL INFO               + PCI[48.0] - GPU/0-7f000 (0)
furious-puma-1:187514:188353 [5] NCCL INFO                             + NVL[370.8] - NVS/0-0
furious-puma-1:187514:188353 [5] NCCL INFO               + PCI[48.0] - NIC/0-80000
furious-puma-1:187514:188353 [5] NCCL INFO + PCI[48.0] - PCI/0-ffffff020 (0)
furious-puma-1:187514:188353 [5] NCCL INFO               + PCI[48.0] - NIC/0-90000
furious-puma-1:187514:188353 [5] NCCL INFO               + PCI[48.0] - GPU/0-8f000 (1)
furious-puma-1:187514:188353 [5] NCCL INFO                             + NVL[370.8] - NVS/0-0
furious-puma-1:187514:188353 [5] NCCL INFO + PCI[48.0] - PCI/0-ffffff030 (0)
furious-puma-1:187514:188353 [5] NCCL INFO               + PCI[48.0] - NIC/0-a0000
furious-puma-1:187514:188353 [5] NCCL INFO               + PCI[48.0] - GPU/0-9f000 (2)
furious-puma-1:187514:188353 [5] NCCL INFO                             + NVL[370.8] - NVS/0-0
furious-puma-1:187514:188353 [5] NCCL INFO + PCI[48.0] - PCI/0-ffffff040 (0)
furious-puma-1:187514:188353 [5] NCCL INFO               + PCI[48.0] - NIC/0-b0000
furious-puma-1:187514:188353 [5] NCCL INFO               + PCI[48.0] - GPU/0-af000 (3)
furious-puma-1:187514:188353 [5] NCCL INFO                             + NVL[370.8] - NVS/0-0
furious-puma-1:187514:188353 [5] NCCL INFO + SYS[22.0] - CPU/0-1
furious-puma-1:187514:188353 [5] NCCL INFO CPU/0-1 (1/1/3)
furious-puma-1:187514:188353 [5] NCCL INFO + PCI[48.0] - PCI/0-ffffff050 (0)
furious-puma-1:187514:188353 [5] NCCL INFO               + PCI[48.0] - NIC/0-c0000
furious-puma-1:187514:188353 [5] NCCL INFO               + PCI[48.0] - GPU/0-bf000 (4)
furious-puma-1:187514:188353 [5] NCCL INFO                             + NVL[370.8] - NVS/0-0
furious-puma-1:187514:188353 [5] NCCL INFO + PCI[48.0] - PCI/0-ffffff060 (0)
furious-puma-1:187514:188353 [5] NCCL INFO               + PCI[48.0] - NIC/0-d0000
furious-puma-1:187514:188353 [5] NCCL INFO               + PCI[48.0] - GPU/0-cf000 (5)
furious-puma-1:187514:188353 [5] NCCL INFO                             + NVL[370.8] - NVS/0-0
furious-puma-1:187514:188353 [5] NCCL INFO + PCI[48.0] - PCI/0-ffffff070 (0)
furious-puma-1:187514:188353 [5] NCCL INFO               + PCI[48.0] - NIC/0-e0000
furious-puma-1:187514:188353 [5] NCCL INFO               + PCI[48.0] - GPU/0-df000 (6)
furious-puma-1:187514:188353 [5] NCCL INFO                             + NVL[370.8] - NVS/0-0
furious-puma-1:187514:188353 [5] NCCL INFO + PCI[48.0] - PCI/0-ffffff080 (0)
furious-puma-1:187514:188353 [5] NCCL INFO               + PCI[48.0] - NIC/0-f0000
furious-puma-1:187514:188353 [5] NCCL INFO               + PCI[48.0] - GPU/0-ef000 (7)
furious-puma-1:187514:188353 [5] NCCL INFO                             + NVL[370.8] - NVS/0-0
furious-puma-1:187514:188353 [5] NCCL INFO + SYS[22.0] - CPU/0-0
furious-puma-1:187514:188353 [5] NCCL INFO ==========================================
furious-puma-1:187514:188353 [5] NCCL INFO GPU/0-7f000 :GPU/0-7f000 (0/5000.0/LOC) GPU/0-8f000 (2/370.8/NVL) GPU/0-9f000 (2/370.8/NVL) GPU/0-af000 (2/370.8/NVL) GPU/0-bf000 (2/370.8/NVL) GPU/0-cf000 (2/370.8/NVL) GPU/0-df000 (2/370.8/NVL) GPU/0-ef000 (2/370.8/NVL) NVS/0-0 (1/370.8/NVL) CPU/0-0 (2/48.0/PHB) CPU/0-1 (3/22.0/SYS) 
furious-puma-1:187514:188353 [5] NCCL INFO GPU/0-8f000 :GPU/0-7f000 (2/370.8/NVL) GPU/0-8f000 (0/5000.0/LOC) GPU/0-9f000 (2/370.8/NVL) GPU/0-af000 (2/370.8/NVL) GPU/0-bf000 (2/370.8/NVL) GPU/0-cf000 (2/370.8/NVL) GPU/0-df000 (2/370.8/NVL) GPU/0-ef000 (2/370.8/NVL) NVS/0-0 (1/370.8/NVL) CPU/0-0 (2/48.0/PHB) CPU/0-1 (3/22.0/SYS) 
furious-puma-1:187514:188353 [5] NCCL INFO GPU/0-9f000 :GPU/0-7f000 (2/370.8/NVL) GPU/0-8f000 (2/370.8/NVL) GPU/0-9f000 (0/5000.0/LOC) GPU/0-af000 (2/370.8/NVL) GPU/0-bf000 (2/370.8/NVL) GPU/0-cf000 (2/370.8/NVL) GPU/0-df000 (2/370.8/NVL) GPU/0-ef000 (2/370.8/NVL) NVS/0-0 (1/370.8/NVL) CPU/0-0 (2/48.0/PHB) CPU/0-1 (3/22.0/SYS) 
furious-puma-1:187514:188353 [5] NCCL INFO GPU/0-af000 :GPU/0-7f000 (2/370.8/NVL) GPU/0-8f000 (2/370.8/NVL) GPU/0-9f000 (2/370.8/NVL) GPU/0-af000 (0/5000.0/LOC) GPU/0-bf000 (2/370.8/NVL) GPU/0-cf000 (2/370.8/NVL) GPU/0-df000 (2/370.8/NVL) GPU/0-ef000 (2/370.8/NVL) NVS/0-0 (1/370.8/NVL) CPU/0-0 (2/48.0/PHB) CPU/0-1 (3/22.0/SYS) 
furious-puma-1:187514:188353 [5] NCCL INFO GPU/0-bf000 :GPU/0-7f000 (2/370.8/NVL) GPU/0-8f000 (2/370.8/NVL) GPU/0-9f000 (2/370.8/NVL) GPU/0-af000 (2/370.8/NVL) GPU/0-bf000 (0/5000.0/LOC) GPU/0-cf000 (2/370.8/NVL) GPU/0-df000 (2/370.8/NVL) GPU/0-ef000 (2/370.8/NVL) NVS/0-0 (1/370.8/NVL) CPU/0-0 (3/22.0/SYS) CPU/0-1 (2/48.0/PHB) 
furious-puma-1:187511:188356 [2] NCCL INFO GPU Direct RDMA Enabled for GPU 0 / HCA 0 (distance 4 <= 5), read 0 mode Default
furious-puma-1:187514:188353 [5] NCCL INFO GPU/0-cf000 :GPU/0-7f000 (2/370.8/NVL) GPU/0-8f000 (2/370.8/NVL) GPU/0-9f000 (2/370.8/NVL) GPU/0-af000 (2/370.8/NVL) GPU/0-bf000 (2/370.8/NVL) GPU/0-cf000 (0/5000.0/LOC) GPU/0-df000 (2/370.8/NVL) GPU/0-ef000 (2/370.8/NVL) NVS/0-0 (1/370.8/NVL) CPU/0-0 (3/22.0/SYS) CPU/0-1 (2/48.0/PHB) 
furious-puma-1:187511:188356 [2] NCCL INFO GPU Direct RDMA Enabled for GPU 1 / HCA 0 (distance 4 <= 5), read 0 mode Default
furious-puma-1:187511:188356 [2] NCCL INFO GPU Direct RDMA Enabled for GPU 2 / HCA 0 (distance 4 <= 5), read 0 mode Default
furious-puma-1:187511:188356 [2] NCCL INFO GPU Direct RDMA Enabled for GPU 3 / HCA 0 (distance 4 <= 5), read 0 mode Default
furious-puma-1:187514:188353 [5] NCCL INFO GPU/0-df000 :GPU/0-7f000 (2/370.8/NVL) GPU/0-8f000 (2/370.8/NVL) GPU/0-9f000 (2/370.8/NVL) GPU/0-af000 (2/370.8/NVL) GPU/0-bf000 (2/370.8/NVL) GPU/0-cf000 (2/370.8/NVL) GPU/0-df000 (0/5000.0/LOC) GPU/0-ef000 (2/370.8/NVL) NVS/0-0 (1/370.8/NVL) CPU/0-0 (3/22.0/SYS) CPU/0-1 (2/48.0/PHB) 
furious-puma-1:187511:188356 [2] NCCL INFO GPU Direct RDMA Enabled for GPU 4 / HCA 0 (distance 4 <= 5), read 0 mode Default
furious-puma-1:187511:188356 [2] NCCL INFO GPU Direct RDMA Enabled for GPU 5 / HCA 0 (distance 4 <= 5), read 0 mode Default
furious-puma-1:187511:188356 [2] NCCL INFO GPU Direct RDMA Enabled for GPU 6 / HCA 0 (distance 4 <= 5), read 0 mode Default
furious-puma-1:187511:188356 [2] NCCL INFO GPU Direct RDMA Enabled for GPU 7 / HCA 0 (distance 4 <= 5), read 0 mode Default
furious-puma-1:187514:188353 [5] NCCL INFO GPU/0-ef000 :GPU/0-7f000 (2/370.8/NVL) GPU/0-8f000 (2/370.8/NVL) GPU/0-9f000 (2/370.8/NVL) GPU/0-af000 (2/370.8/NVL) GPU/0-bf000 (2/370.8/NVL) GPU/0-cf000 (2/370.8/NVL) GPU/0-df000 (2/370.8/NVL) GPU/0-ef000 (0/5000.0/LOC) NVS/0-0 (1/370.8/NVL) CPU/0-0 (3/22.0/SYS) CPU/0-1 (2/48.0/PHB) 
furious-puma-1:187511:188356 [2] NCCL INFO GPU Direct RDMA Enabled for GPU 0 / HCA 1 (distance 4 <= 5), read 0 mode Default
furious-puma-1:187511:188356 [2] NCCL INFO GPU Direct RDMA Enabled for GPU 1 / HCA 1 (distance 4 <= 5), read 0 mode Default
furious-puma-1:187511:188356 [2] NCCL INFO GPU Direct RDMA Enabled for GPU 2 / HCA 1 (distance 4 <= 5), read 0 mode Default
furious-puma-1:187511:188356 [2] NCCL INFO GPU Direct RDMA Enabled for GPU 3 / HCA 1 (distance 4 <= 5), read 0 mode Default
furious-puma-1:187511:188356 [2] NCCL INFO GPU Direct RDMA Enabled for GPU 4 / HCA 1 (distance 4 <= 5), read 0 mode Default
furious-puma-1:187511:188356 [2] NCCL INFO GPU Direct RDMA Enabled for GPU 5 / HCA 1 (distance 4 <= 5), read 0 mode Default
furious-puma-1:187514:188353 [5] NCCL INFO Setting affinity for GPU 5 to 80-159
furious-puma-1:187511:188356 [2] NCCL INFO GPU Direct RDMA Enabled for GPU 6 / HCA 1 (distance 4 <= 5), read 0 mode Default
furious-puma-1:187511:188356 [2] NCCL INFO GPU Direct RDMA Enabled for GPU 7 / HCA 1 (distance 4 <= 5), read 0 mode Default
furious-puma-1:187511:188356 [2] NCCL INFO GPU Direct RDMA Enabled for GPU 0 / HCA 2 (distance 4 <= 5), read 0 mode Default
furious-puma-1:187511:188356 [2] NCCL INFO GPU Direct RDMA Enabled for GPU 1 / HCA 2 (distance 4 <= 5), read 0 mode Default
furious-puma-1:187511:188356 [2] NCCL INFO GPU Direct RDMA Enabled for GPU 2 / HCA 2 (distance 4 <= 5), read 0 mode Default
furious-puma-1:187511:188356 [2] NCCL INFO GPU Direct RDMA Enabled for GPU 3 / HCA 2 (distance 4 <= 5), read 0 mode Default
furious-puma-1:187511:188356 [2] NCCL INFO GPU Direct RDMA Enabled for GPU 4 / HCA 2 (distance 4 <= 5), read 0 mode Default
furious-puma-1:187511:188356 [2] NCCL INFO GPU Direct RDMA Enabled for GPU 5 / HCA 2 (distance 4 <= 5), read 0 mode Default
furious-puma-1:187511:188356 [2] NCCL INFO GPU Direct RDMA Enabled for GPU 6 / HCA 2 (distance 4 <= 5), read 0 mode Default
furious-puma-1:187511:188356 [2] NCCL INFO GPU Direct RDMA Enabled for GPU 7 / HCA 2 (distance 4 <= 5), read 0 mode Default
furious-puma-1:187511:188356 [2] NCCL INFO GPU Direct RDMA Enabled for GPU 0 / HCA 3 (distance 4 <= 5), read 0 mode Default
furious-puma-1:187511:188356 [2] NCCL INFO GPU Direct RDMA Enabled for GPU 1 / HCA 3 (distance 4 <= 5), read 0 mode Default
furious-puma-1:187511:188356 [2] NCCL INFO GPU Direct RDMA Enabled for GPU 2 / HCA 3 (distance 4 <= 5), read 0 mode Default
furious-puma-1:187511:188356 [2] NCCL INFO GPU Direct RDMA Enabled for GPU 3 / HCA 3 (distance 4 <= 5), read 0 mode Default
furious-puma-1:187514:188353 [5] NCCL INFO NVLS multicast support is available on dev 5 (NVLS_NCHANNELS 16)
furious-puma-1:187511:188356 [2] NCCL INFO GPU Direct RDMA Enabled for GPU 4 / HCA 3 (distance 4 <= 5), read 0 mode Default
furious-puma-1:187511:188356 [2] NCCL INFO GPU Direct RDMA Enabled for GPU 5 / HCA 3 (distance 4 <= 5), read 0 mode Default
furious-puma-1:187511:188356 [2] NCCL INFO GPU Direct RDMA Enabled for GPU 6 / HCA 3 (distance 4 <= 5), read 0 mode Default
furious-puma-1:187511:188356 [2] NCCL INFO GPU Direct RDMA Enabled for GPU 7 / HCA 3 (distance 4 <= 5), read 0 mode Default
furious-puma-1:187515:188350 [6] NCCL INFO === System : maxBw 370.8 totalBw 370.8 ===
furious-puma-1:187511:188356 [2] NCCL INFO GPU Direct RDMA Enabled for GPU 0 / HCA 4 (distance 4 <= 5), read 0 mode Default
furious-puma-1:187511:188356 [2] NCCL INFO GPU Direct RDMA Enabled for GPU 1 / HCA 4 (distance 4 <= 5), read 0 mode Default
furious-puma-1:187511:188356 [2] NCCL INFO GPU Direct RDMA Enabled for GPU 2 / HCA 4 (distance 4 <= 5), read 0 mode Default
furious-puma-1:187515:188350 [6] NCCL INFO CPU/0-0 (1/1/3)
furious-puma-1:187511:188356 [2] NCCL INFO GPU Direct RDMA Enabled for GPU 3 / HCA 4 (distance 4 <= 5), read 0 mode Default
furious-puma-1:187511:188356 [2] NCCL INFO GPU Direct RDMA Enabled for GPU 4 / HCA 4 (distance 4 <= 5), read 0 mode Default
furious-puma-1:187515:188350 [6] NCCL INFO + PCI[48.0] - PCI/0-ffffff010 (0)
furious-puma-1:187511:188356 [2] NCCL INFO GPU Direct RDMA Enabled for GPU 5 / HCA 4 (distance 4 <= 5), read 0 mode Default
furious-puma-1:187515:188350 [6] NCCL INFO               + PCI[48.0] - GPU/0-7f000 (0)
furious-puma-1:187511:188356 [2] NCCL INFO GPU Direct RDMA Enabled for GPU 6 / HCA 4 (distance 4 <= 5), read 0 mode Default
furious-puma-1:187511:188356 [2] NCCL INFO GPU Direct RDMA Enabled for GPU 7 / HCA 4 (distance 4 <= 5), read 0 mode Default
furious-puma-1:187515:188350 [6] NCCL INFO                             + NVL[370.8] - NVS/0-0
furious-puma-1:187511:188356 [2] NCCL INFO GPU Direct RDMA Enabled for GPU 0 / HCA 5 (distance 4 <= 5), read 0 mode Default
furious-puma-1:187515:188350 [6] NCCL INFO               + PCI[48.0] - NIC/0-80000
furious-puma-1:187511:188356 [2] NCCL INFO GPU Direct RDMA Enabled for GPU 1 / HCA 5 (distance 4 <= 5), read 0 mode Default
furious-puma-1:187515:188350 [6] NCCL INFO + PCI[48.0] - PCI/0-ffffff020 (0)
furious-puma-1:187511:188356 [2] NCCL INFO GPU Direct RDMA Enabled for GPU 2 / HCA 5 (distance 4 <= 5), read 0 mode Default
furious-puma-1:187515:188350 [6] NCCL INFO               + PCI[48.0] - NIC/0-90000
furious-puma-1:187511:188356 [2] NCCL INFO GPU Direct RDMA Enabled for GPU 3 / HCA 5 (distance 4 <= 5), read 0 mode Default
furious-puma-1:187511:188356 [2] NCCL INFO GPU Direct RDMA Enabled for GPU 4 / HCA 5 (distance 4 <= 5), read 0 mode Default
furious-puma-1:187515:188350 [6] NCCL INFO               + PCI[48.0] - GPU/0-8f000 (1)
furious-puma-1:187511:188356 [2] NCCL INFO GPU Direct RDMA Enabled for GPU 5 / HCA 5 (distance 4 <= 5), read 0 mode Default
furious-puma-1:187515:188350 [6] NCCL INFO                             + NVL[370.8] - NVS/0-0
furious-puma-1:187511:188356 [2] NCCL INFO GPU Direct RDMA Enabled for GPU 6 / HCA 5 (distance 4 <= 5), read 0 mode Default
furious-puma-1:187515:188350 [6] NCCL INFO + PCI[48.0] - PCI/0-ffffff030 (0)
furious-puma-1:187511:188356 [2] NCCL INFO GPU Direct RDMA Enabled for GPU 7 / HCA 5 (distance 4 <= 5), read 0 mode Default
furious-puma-1:187515:188350 [6] NCCL INFO               + PCI[48.0] - NIC/0-a0000
furious-puma-1:187511:188356 [2] NCCL INFO GPU Direct RDMA Enabled for GPU 0 / HCA 6 (distance 4 <= 5), read 0 mode Default
furious-puma-1:187515:188350 [6] NCCL INFO               + PCI[48.0] - GPU/0-9f000 (2)
furious-puma-1:187511:188356 [2] NCCL INFO GPU Direct RDMA Enabled for GPU 1 / HCA 6 (distance 4 <= 5), read 0 mode Default
furious-puma-1:187515:188350 [6] NCCL INFO                             + NVL[370.8] - NVS/0-0
furious-puma-1:187511:188356 [2] NCCL INFO GPU Direct RDMA Enabled for GPU 2 / HCA 6 (distance 4 <= 5), read 0 mode Default
furious-puma-1:187515:188350 [6] NCCL INFO + PCI[48.0] - PCI/0-ffffff040 (0)
furious-puma-1:187511:188356 [2] NCCL INFO GPU Direct RDMA Enabled for GPU 3 / HCA 6 (distance 4 <= 5), read 0 mode Default
furious-puma-1:187515:188350 [6] NCCL INFO               + PCI[48.0] - NIC/0-b0000
furious-puma-1:187511:188356 [2] NCCL INFO GPU Direct RDMA Enabled for GPU 4 / HCA 6 (distance 4 <= 5), read 0 mode Default
furious-puma-1:187515:188350 [6] NCCL INFO               + PCI[48.0] - GPU/0-af000 (3)
furious-puma-1:187511:188356 [2] NCCL INFO GPU Direct RDMA Enabled for GPU 5 / HCA 6 (distance 4 <= 5), read 0 mode Default
furious-puma-1:187515:188350 [6] NCCL INFO                             + NVL[370.8] - NVS/0-0
furious-puma-1:187511:188356 [2] NCCL INFO GPU Direct RDMA Enabled for GPU 6 / HCA 6 (distance 4 <= 5), read 0 mode Default
furious-puma-1:187515:188350 [6] NCCL INFO + SYS[22.0] - CPU/0-1
furious-puma-1:187511:188356 [2] NCCL INFO GPU Direct RDMA Enabled for GPU 7 / HCA 6 (distance 4 <= 5), read 0 mode Default
furious-puma-1:187515:188350 [6] NCCL INFO CPU/0-1 (1/1/3)
furious-puma-1:187511:188356 [2] NCCL INFO GPU Direct RDMA Enabled for GPU 0 / HCA 7 (distance 4 <= 5), read 0 mode Default
furious-puma-1:187515:188350 [6] NCCL INFO + PCI[48.0] - PCI/0-ffffff050 (0)
furious-puma-1:187511:188356 [2] NCCL INFO GPU Direct RDMA Enabled for GPU 1 / HCA 7 (distance 4 <= 5), read 0 mode Default
furious-puma-1:187515:188350 [6] NCCL INFO               + PCI[48.0] - NIC/0-c0000
furious-puma-1:187511:188356 [2] NCCL INFO GPU Direct RDMA Enabled for GPU 2 / HCA 7 (distance 4 <= 5), read 0 mode Default
furious-puma-1:187515:188350 [6] NCCL INFO               + PCI[48.0] - GPU/0-bf000 (4)
furious-puma-1:187511:188356 [2] NCCL INFO GPU Direct RDMA Enabled for GPU 3 / HCA 7 (distance 4 <= 5), read 0 mode Default
furious-puma-1:187515:188350 [6] NCCL INFO                             + NVL[370.8] - NVS/0-0
furious-puma-1:187511:188356 [2] NCCL INFO GPU Direct RDMA Enabled for GPU 4 / HCA 7 (distance 4 <= 5), read 0 mode Default
furious-puma-1:187515:188350 [6] NCCL INFO + PCI[48.0] - PCI/0-ffffff060 (0)
furious-puma-1:187511:188356 [2] NCCL INFO GPU Direct RDMA Enabled for GPU 5 / HCA 7 (distance 4 <= 5), read 0 mode Default
furious-puma-1:187515:188350 [6] NCCL INFO               + PCI[48.0] - NIC/0-d0000
furious-puma-1:187511:188356 [2] NCCL INFO GPU Direct RDMA Enabled for GPU 6 / HCA 7 (distance 4 <= 5), read 0 mode Default
furious-puma-1:187515:188350 [6] NCCL INFO               + PCI[48.0] - GPU/0-cf000 (5)
furious-puma-1:187511:188356 [2] NCCL INFO GPU Direct RDMA Enabled for GPU 7 / HCA 7 (distance 4 <= 5), read 0 mode Default
furious-puma-1:187515:188350 [6] NCCL INFO                             + NVL[370.8] - NVS/0-0
furious-puma-1:187515:188350 [6] NCCL INFO + PCI[48.0] - PCI/0-ffffff070 (0)
furious-puma-1:187515:188350 [6] NCCL INFO               + PCI[48.0] - NIC/0-e0000
furious-puma-1:187515:188350 [6] NCCL INFO               + PCI[48.0] - GPU/0-df000 (6)
furious-puma-1:187515:188350 [6] NCCL INFO                             + NVL[370.8] - NVS/0-0
furious-puma-1:187515:188350 [6] NCCL INFO + PCI[48.0] - PCI/0-ffffff080 (0)
furious-puma-1:187515:188350 [6] NCCL INFO               + PCI[48.0] - NIC/0-f0000
furious-puma-1:187515:188350 [6] NCCL INFO               + PCI[48.0] - GPU/0-ef000 (7)
furious-puma-1:187515:188350 [6] NCCL INFO                             + NVL[370.8] - NVS/0-0
furious-puma-1:187515:188350 [6] NCCL INFO + SYS[22.0] - CPU/0-0
furious-puma-1:187515:188350 [6] NCCL INFO ==========================================
furious-puma-1:187515:188350 [6] NCCL INFO GPU/0-7f000 :GPU/0-7f000 (0/5000.0/LOC) GPU/0-8f000 (2/370.8/NVL) GPU/0-9f000 (2/370.8/NVL) GPU/0-af000 (2/370.8/NVL) GPU/0-bf000 (2/370.8/NVL) GPU/0-cf000 (2/370.8/NVL) GPU/0-df000 (2/370.8/NVL) GPU/0-ef000 (2/370.8/NVL) NVS/0-0 (1/370.8/NVL) CPU/0-0 (2/48.0/PHB) CPU/0-1 (3/22.0/SYS) 
furious-puma-1:187515:188350 [6] NCCL INFO GPU/0-8f000 :GPU/0-7f000 (2/370.8/NVL) GPU/0-8f000 (0/5000.0/LOC) GPU/0-9f000 (2/370.8/NVL) GPU/0-af000 (2/370.8/NVL) GPU/0-bf000 (2/370.8/NVL) GPU/0-cf000 (2/370.8/NVL) GPU/0-df000 (2/370.8/NVL) GPU/0-ef000 (2/370.8/NVL) NVS/0-0 (1/370.8/NVL) CPU/0-0 (2/48.0/PHB) CPU/0-1 (3/22.0/SYS) 
furious-puma-1:187515:188350 [6] NCCL INFO GPU/0-9f000 :GPU/0-7f000 (2/370.8/NVL) GPU/0-8f000 (2/370.8/NVL) GPU/0-9f000 (0/5000.0/LOC) GPU/0-af000 (2/370.8/NVL) GPU/0-bf000 (2/370.8/NVL) GPU/0-cf000 (2/370.8/NVL) GPU/0-df000 (2/370.8/NVL) GPU/0-ef000 (2/370.8/NVL) NVS/0-0 (1/370.8/NVL) CPU/0-0 (2/48.0/PHB) CPU/0-1 (3/22.0/SYS) 
furious-puma-1:187515:188350 [6] NCCL INFO GPU/0-af000 :GPU/0-7f000 (2/370.8/NVL) GPU/0-8f000 (2/370.8/NVL) GPU/0-9f000 (2/370.8/NVL) GPU/0-af000 (0/5000.0/LOC) GPU/0-bf000 (2/370.8/NVL) GPU/0-cf000 (2/370.8/NVL) GPU/0-df000 (2/370.8/NVL) GPU/0-ef000 (2/370.8/NVL) NVS/0-0 (1/370.8/NVL) CPU/0-0 (2/48.0/PHB) CPU/0-1 (3/22.0/SYS) 
furious-puma-1:187515:188350 [6] NCCL INFO GPU/0-bf000 :GPU/0-7f000 (2/370.8/NVL) GPU/0-8f000 (2/370.8/NVL) GPU/0-9f000 (2/370.8/NVL) GPU/0-af000 (2/370.8/NVL) GPU/0-bf000 (0/5000.0/LOC) GPU/0-cf000 (2/370.8/NVL) GPU/0-df000 (2/370.8/NVL) GPU/0-ef000 (2/370.8/NVL) NVS/0-0 (1/370.8/NVL) CPU/0-0 (3/22.0/SYS) CPU/0-1 (2/48.0/PHB) 
furious-puma-1:187515:188350 [6] NCCL INFO GPU/0-cf000 :GPU/0-7f000 (2/370.8/NVL) GPU/0-8f000 (2/370.8/NVL) GPU/0-9f000 (2/370.8/NVL) GPU/0-af000 (2/370.8/NVL) GPU/0-bf000 (2/370.8/NVL) GPU/0-cf000 (0/5000.0/LOC) GPU/0-df000 (2/370.8/NVL) GPU/0-ef000 (2/370.8/NVL) NVS/0-0 (1/370.8/NVL) CPU/0-0 (3/22.0/SYS) CPU/0-1 (2/48.0/PHB) 
furious-puma-1:187515:188350 [6] NCCL INFO GPU/0-df000 :GPU/0-7f000 (2/370.8/NVL) GPU/0-8f000 (2/370.8/NVL) GPU/0-9f000 (2/370.8/NVL) GPU/0-af000 (2/370.8/NVL) GPU/0-bf000 (2/370.8/NVL) GPU/0-cf000 (2/370.8/NVL) GPU/0-df000 (0/5000.0/LOC) GPU/0-ef000 (2/370.8/NVL) NVS/0-0 (1/370.8/NVL) CPU/0-0 (3/22.0/SYS) CPU/0-1 (2/48.0/PHB) 
furious-puma-1:187515:188350 [6] NCCL INFO GPU/0-ef000 :GPU/0-7f000 (2/370.8/NVL) GPU/0-8f000 (2/370.8/NVL) GPU/0-9f000 (2/370.8/NVL) GPU/0-af000 (2/370.8/NVL) GPU/0-bf000 (2/370.8/NVL) GPU/0-cf000 (2/370.8/NVL) GPU/0-df000 (2/370.8/NVL) GPU/0-ef000 (0/5000.0/LOC) NVS/0-0 (1/370.8/NVL) CPU/0-0 (3/22.0/SYS) CPU/0-1 (2/48.0/PHB) 
furious-puma-1:187512:188359 [3] NCCL INFO === System : maxBw 370.8 totalBw 370.8 ===
furious-puma-1:187515:188350 [6] NCCL INFO Setting affinity for GPU 6 to 80-159
furious-puma-1:187512:188359 [3] NCCL INFO CPU/0-0 (1/1/3)
furious-puma-1:187512:188359 [3] NCCL INFO + PCI[48.0] - PCI/0-ffffff010 (0)
furious-puma-1:187512:188359 [3] NCCL INFO               + PCI[48.0] - GPU/0-7f000 (0)
furious-puma-1:187512:188359 [3] NCCL INFO                             + NVL[370.8] - NVS/0-0
furious-puma-1:187512:188359 [3] NCCL INFO               + PCI[48.0] - NIC/0-80000
furious-puma-1:187512:188359 [3] NCCL INFO + PCI[48.0] - PCI/0-ffffff020 (0)
furious-puma-1:187512:188359 [3] NCCL INFO               + PCI[48.0] - NIC/0-90000
furious-puma-1:187512:188359 [3] NCCL INFO               + PCI[48.0] - GPU/0-8f000 (1)
furious-puma-1:187512:188359 [3] NCCL INFO                             + NVL[370.8] - NVS/0-0
furious-puma-1:187512:188359 [3] NCCL INFO + PCI[48.0] - PCI/0-ffffff030 (0)
furious-puma-1:187512:188359 [3] NCCL INFO               + PCI[48.0] - NIC/0-a0000
furious-puma-1:187512:188359 [3] NCCL INFO               + PCI[48.0] - GPU/0-9f000 (2)
furious-puma-1:187512:188359 [3] NCCL INFO                             + NVL[370.8] - NVS/0-0
furious-puma-1:187512:188359 [3] NCCL INFO + PCI[48.0] - PCI/0-ffffff040 (0)
furious-puma-1:187512:188359 [3] NCCL INFO               + PCI[48.0] - NIC/0-b0000
furious-puma-1:187512:188359 [3] NCCL INFO               + PCI[48.0] - GPU/0-af000 (3)
furious-puma-1:187512:188359 [3] NCCL INFO                             + NVL[370.8] - NVS/0-0
furious-puma-1:187512:188359 [3] NCCL INFO + SYS[22.0] - CPU/0-1
furious-puma-1:187512:188359 [3] NCCL INFO CPU/0-1 (1/1/3)
furious-puma-1:187512:188359 [3] NCCL INFO + PCI[48.0] - PCI/0-ffffff050 (0)
furious-puma-1:187512:188359 [3] NCCL INFO               + PCI[48.0] - NIC/0-c0000
furious-puma-1:187512:188359 [3] NCCL INFO               + PCI[48.0] - GPU/0-bf000 (4)
furious-puma-1:187512:188359 [3] NCCL INFO                             + NVL[370.8] - NVS/0-0
furious-puma-1:187512:188359 [3] NCCL INFO + PCI[48.0] - PCI/0-ffffff060 (0)
furious-puma-1:187512:188359 [3] NCCL INFO               + PCI[48.0] - NIC/0-d0000
furious-puma-1:187512:188359 [3] NCCL INFO               + PCI[48.0] - GPU/0-cf000 (5)
furious-puma-1:187512:188359 [3] NCCL INFO                             + NVL[370.8] - NVS/0-0
furious-puma-1:187512:188359 [3] NCCL INFO + PCI[48.0] - PCI/0-ffffff070 (0)
furious-puma-1:187512:188359 [3] NCCL INFO               + PCI[48.0] - NIC/0-e0000
furious-puma-1:187512:188359 [3] NCCL INFO               + PCI[48.0] - GPU/0-df000 (6)
furious-puma-1:187512:188359 [3] NCCL INFO                             + NVL[370.8] - NVS/0-0
furious-puma-1:187512:188359 [3] NCCL INFO + PCI[48.0] - PCI/0-ffffff080 (0)
furious-puma-1:187512:188359 [3] NCCL INFO               + PCI[48.0] - NIC/0-f0000
furious-puma-1:187512:188359 [3] NCCL INFO               + PCI[48.0] - GPU/0-ef000 (7)
furious-puma-1:187512:188359 [3] NCCL INFO                             + NVL[370.8] - NVS/0-0
furious-puma-1:187512:188359 [3] NCCL INFO + SYS[22.0] - CPU/0-0
furious-puma-1:187512:188359 [3] NCCL INFO ==========================================
furious-puma-1:187512:188359 [3] NCCL INFO GPU/0-7f000 :GPU/0-7f000 (0/5000.0/LOC) GPU/0-8f000 (2/370.8/NVL) GPU/0-9f000 (2/370.8/NVL) GPU/0-af000 (2/370.8/NVL) GPU/0-bf000 (2/370.8/NVL) GPU/0-cf000 (2/370.8/NVL) GPU/0-df000 (2/370.8/NVL) GPU/0-ef000 (2/370.8/NVL) NVS/0-0 (1/370.8/NVL) CPU/0-0 (2/48.0/PHB) CPU/0-1 (3/22.0/SYS) 
furious-puma-1:187512:188359 [3] NCCL INFO GPU/0-8f000 :GPU/0-7f000 (2/370.8/NVL) GPU/0-8f000 (0/5000.0/LOC) GPU/0-9f000 (2/370.8/NVL) GPU/0-af000 (2/370.8/NVL) GPU/0-bf000 (2/370.8/NVL) GPU/0-cf000 (2/370.8/NVL) GPU/0-df000 (2/370.8/NVL) GPU/0-ef000 (2/370.8/NVL) NVS/0-0 (1/370.8/NVL) CPU/0-0 (2/48.0/PHB) CPU/0-1 (3/22.0/SYS) 
furious-puma-1:187512:188359 [3] NCCL INFO GPU/0-9f000 :GPU/0-7f000 (2/370.8/NVL) GPU/0-8f000 (2/370.8/NVL) GPU/0-9f000 (0/5000.0/LOC) GPU/0-af000 (2/370.8/NVL) GPU/0-bf000 (2/370.8/NVL) GPU/0-cf000 (2/370.8/NVL) GPU/0-df000 (2/370.8/NVL) GPU/0-ef000 (2/370.8/NVL) NVS/0-0 (1/370.8/NVL) CPU/0-0 (2/48.0/PHB) CPU/0-1 (3/22.0/SYS) 
furious-puma-1:187512:188359 [3] NCCL INFO GPU/0-af000 :GPU/0-7f000 (2/370.8/NVL) GPU/0-8f000 (2/370.8/NVL) GPU/0-9f000 (2/370.8/NVL) GPU/0-af000 (0/5000.0/LOC) GPU/0-bf000 (2/370.8/NVL) GPU/0-cf000 (2/370.8/NVL) GPU/0-df000 (2/370.8/NVL) GPU/0-ef000 (2/370.8/NVL) NVS/0-0 (1/370.8/NVL) CPU/0-0 (2/48.0/PHB) CPU/0-1 (3/22.0/SYS) 
furious-puma-1:187512:188359 [3] NCCL INFO GPU/0-bf000 :GPU/0-7f000 (2/370.8/NVL) GPU/0-8f000 (2/370.8/NVL) GPU/0-9f000 (2/370.8/NVL) GPU/0-af000 (2/370.8/NVL) GPU/0-bf000 (0/5000.0/LOC) GPU/0-cf000 (2/370.8/NVL) GPU/0-df000 (2/370.8/NVL) GPU/0-ef000 (2/370.8/NVL) NVS/0-0 (1/370.8/NVL) CPU/0-0 (3/22.0/SYS) CPU/0-1 (2/48.0/PHB) 
furious-puma-1:187512:188359 [3] NCCL INFO GPU/0-cf000 :GPU/0-7f000 (2/370.8/NVL) GPU/0-8f000 (2/370.8/NVL) GPU/0-9f000 (2/370.8/NVL) GPU/0-af000 (2/370.8/NVL) GPU/0-bf000 (2/370.8/NVL) GPU/0-cf000 (0/5000.0/LOC) GPU/0-df000 (2/370.8/NVL) GPU/0-ef000 (2/370.8/NVL) NVS/0-0 (1/370.8/NVL) CPU/0-0 (3/22.0/SYS) CPU/0-1 (2/48.0/PHB) 
furious-puma-1:187512:188359 [3] NCCL INFO GPU/0-df000 :GPU/0-7f000 (2/370.8/NVL) GPU/0-8f000 (2/370.8/NVL) GPU/0-9f000 (2/370.8/NVL) GPU/0-af000 (2/370.8/NVL) GPU/0-bf000 (2/370.8/NVL) GPU/0-cf000 (2/370.8/NVL) GPU/0-df000 (0/5000.0/LOC) GPU/0-ef000 (2/370.8/NVL) NVS/0-0 (1/370.8/NVL) CPU/0-0 (3/22.0/SYS) CPU/0-1 (2/48.0/PHB) 
furious-puma-1:187512:188359 [3] NCCL INFO GPU/0-ef000 :GPU/0-7f000 (2/370.8/NVL) GPU/0-8f000 (2/370.8/NVL) GPU/0-9f000 (2/370.8/NVL) GPU/0-af000 (2/370.8/NVL) GPU/0-bf000 (2/370.8/NVL) GPU/0-cf000 (2/370.8/NVL) GPU/0-df000 (2/370.8/NVL) GPU/0-ef000 (0/5000.0/LOC) NVS/0-0 (1/370.8/NVL) CPU/0-0 (3/22.0/SYS) CPU/0-1 (2/48.0/PHB) 
furious-puma-1:187512:188359 [3] NCCL INFO Setting affinity for GPU 3 to 0-79
furious-puma-1:187515:188350 [6] NCCL INFO NVLS multicast support is available on dev 6 (NVLS_NCHANNELS 16)
furious-puma-1:187512:188359 [3] NCCL INFO NVLS multicast support is available on dev 3 (NVLS_NCHANNELS 16)
furious-puma-1:187513:188365 [4] NCCL INFO === System : maxBw 370.8 totalBw 370.8 ===
furious-puma-1:187513:188365 [4] NCCL INFO CPU/0-0 (1/1/3)
furious-puma-1:187513:188365 [4] NCCL INFO + PCI[48.0] - PCI/0-ffffff010 (0)
furious-puma-1:187513:188365 [4] NCCL INFO               + PCI[48.0] - GPU/0-7f000 (0)
furious-puma-1:187513:188365 [4] NCCL INFO                             + NVL[370.8] - NVS/0-0
furious-puma-1:187513:188365 [4] NCCL INFO               + PCI[48.0] - NIC/0-80000
furious-puma-1:187513:188365 [4] NCCL INFO + PCI[48.0] - PCI/0-ffffff020 (0)
furious-puma-1:187513:188365 [4] NCCL INFO               + PCI[48.0] - NIC/0-90000
furious-puma-1:187513:188365 [4] NCCL INFO               + PCI[48.0] - GPU/0-8f000 (1)
furious-puma-1:187513:188365 [4] NCCL INFO                             + NVL[370.8] - NVS/0-0
furious-puma-1:187513:188365 [4] NCCL INFO + PCI[48.0] - PCI/0-ffffff030 (0)
furious-puma-1:187513:188365 [4] NCCL INFO               + PCI[48.0] - NIC/0-a0000
furious-puma-1:187513:188365 [4] NCCL INFO               + PCI[48.0] - GPU/0-9f000 (2)
furious-puma-1:187513:188365 [4] NCCL INFO                             + NVL[370.8] - NVS/0-0
furious-puma-1:187513:188365 [4] NCCL INFO + PCI[48.0] - PCI/0-ffffff040 (0)
furious-puma-1:187513:188365 [4] NCCL INFO               + PCI[48.0] - NIC/0-b0000
furious-puma-1:187513:188365 [4] NCCL INFO               + PCI[48.0] - GPU/0-af000 (3)
furious-puma-1:187513:188365 [4] NCCL INFO                             + NVL[370.8] - NVS/0-0
furious-puma-1:187513:188365 [4] NCCL INFO + SYS[22.0] - CPU/0-1
furious-puma-1:187513:188365 [4] NCCL INFO CPU/0-1 (1/1/3)
furious-puma-1:187513:188365 [4] NCCL INFO + PCI[48.0] - PCI/0-ffffff050 (0)
furious-puma-1:187513:188365 [4] NCCL INFO               + PCI[48.0] - NIC/0-c0000
furious-puma-1:187513:188365 [4] NCCL INFO               + PCI[48.0] - GPU/0-bf000 (4)
furious-puma-1:187513:188365 [4] NCCL INFO                             + NVL[370.8] - NVS/0-0
furious-puma-1:187513:188365 [4] NCCL INFO + PCI[48.0] - PCI/0-ffffff060 (0)
furious-puma-1:187513:188365 [4] NCCL INFO               + PCI[48.0] - NIC/0-d0000
furious-puma-1:187513:188365 [4] NCCL INFO               + PCI[48.0] - GPU/0-cf000 (5)
furious-puma-1:187513:188365 [4] NCCL INFO                             + NVL[370.8] - NVS/0-0
furious-puma-1:187513:188365 [4] NCCL INFO + PCI[48.0] - PCI/0-ffffff070 (0)
furious-puma-1:187513:188365 [4] NCCL INFO               + PCI[48.0] - NIC/0-e0000
furious-puma-1:187513:188365 [4] NCCL INFO               + PCI[48.0] - GPU/0-df000 (6)
furious-puma-1:187513:188365 [4] NCCL INFO                             + NVL[370.8] - NVS/0-0
furious-puma-1:187513:188365 [4] NCCL INFO + PCI[48.0] - PCI/0-ffffff080 (0)
furious-puma-1:187513:188365 [4] NCCL INFO               + PCI[48.0] - NIC/0-f0000
furious-puma-1:187513:188365 [4] NCCL INFO               + PCI[48.0] - GPU/0-ef000 (7)
furious-puma-1:187513:188365 [4] NCCL INFO                             + NVL[370.8] - NVS/0-0
furious-puma-1:187513:188365 [4] NCCL INFO + SYS[22.0] - CPU/0-0
furious-puma-1:187513:188365 [4] NCCL INFO ==========================================
furious-puma-1:187513:188365 [4] NCCL INFO GPU/0-7f000 :GPU/0-7f000 (0/5000.0/LOC) GPU/0-8f000 (2/370.8/NVL) GPU/0-9f000 (2/370.8/NVL) GPU/0-af000 (2/370.8/NVL) GPU/0-bf000 (2/370.8/NVL) GPU/0-cf000 (2/370.8/NVL) GPU/0-df000 (2/370.8/NVL) GPU/0-ef000 (2/370.8/NVL) NVS/0-0 (1/370.8/NVL) CPU/0-0 (2/48.0/PHB) CPU/0-1 (3/22.0/SYS) 
furious-puma-1:187513:188365 [4] NCCL INFO GPU/0-8f000 :GPU/0-7f000 (2/370.8/NVL) GPU/0-8f000 (0/5000.0/LOC) GPU/0-9f000 (2/370.8/NVL) GPU/0-af000 (2/370.8/NVL) GPU/0-bf000 (2/370.8/NVL) GPU/0-cf000 (2/370.8/NVL) GPU/0-df000 (2/370.8/NVL) GPU/0-ef000 (2/370.8/NVL) NVS/0-0 (1/370.8/NVL) CPU/0-0 (2/48.0/PHB) CPU/0-1 (3/22.0/SYS) 
furious-puma-1:187513:188365 [4] NCCL INFO GPU/0-9f000 :GPU/0-7f000 (2/370.8/NVL) GPU/0-8f000 (2/370.8/NVL) GPU/0-9f000 (0/5000.0/LOC) GPU/0-af000 (2/370.8/NVL) GPU/0-bf000 (2/370.8/NVL) GPU/0-cf000 (2/370.8/NVL) GPU/0-df000 (2/370.8/NVL) GPU/0-ef000 (2/370.8/NVL) NVS/0-0 (1/370.8/NVL) CPU/0-0 (2/48.0/PHB) CPU/0-1 (3/22.0/SYS) 
furious-puma-1:187513:188365 [4] NCCL INFO GPU/0-af000 :GPU/0-7f000 (2/370.8/NVL) GPU/0-8f000 (2/370.8/NVL) GPU/0-9f000 (2/370.8/NVL) GPU/0-af000 (0/5000.0/LOC) GPU/0-bf000 (2/370.8/NVL) GPU/0-cf000 (2/370.8/NVL) GPU/0-df000 (2/370.8/NVL) GPU/0-ef000 (2/370.8/NVL) NVS/0-0 (1/370.8/NVL) CPU/0-0 (2/48.0/PHB) CPU/0-1 (3/22.0/SYS) 
furious-puma-1:187513:188365 [4] NCCL INFO GPU/0-bf000 :GPU/0-7f000 (2/370.8/NVL) GPU/0-8f000 (2/370.8/NVL) GPU/0-9f000 (2/370.8/NVL) GPU/0-af000 (2/370.8/NVL) GPU/0-bf000 (0/5000.0/LOC) GPU/0-cf000 (2/370.8/NVL) GPU/0-df000 (2/370.8/NVL) GPU/0-ef000 (2/370.8/NVL) NVS/0-0 (1/370.8/NVL) CPU/0-0 (3/22.0/SYS) CPU/0-1 (2/48.0/PHB) 
furious-puma-1:187513:188365 [4] NCCL INFO GPU/0-cf000 :GPU/0-7f000 (2/370.8/NVL) GPU/0-8f000 (2/370.8/NVL) GPU/0-9f000 (2/370.8/NVL) GPU/0-af000 (2/370.8/NVL) GPU/0-bf000 (2/370.8/NVL) GPU/0-cf000 (0/5000.0/LOC) GPU/0-df000 (2/370.8/NVL) GPU/0-ef000 (2/370.8/NVL) NVS/0-0 (1/370.8/NVL) CPU/0-0 (3/22.0/SYS) CPU/0-1 (2/48.0/PHB) 
furious-puma-1:187513:188365 [4] NCCL INFO GPU/0-df000 :GPU/0-7f000 (2/370.8/NVL) GPU/0-8f000 (2/370.8/NVL) GPU/0-9f000 (2/370.8/NVL) GPU/0-af000 (2/370.8/NVL) GPU/0-bf000 (2/370.8/NVL) GPU/0-cf000 (2/370.8/NVL) GPU/0-df000 (0/5000.0/LOC) GPU/0-ef000 (2/370.8/NVL) NVS/0-0 (1/370.8/NVL) CPU/0-0 (3/22.0/SYS) CPU/0-1 (2/48.0/PHB) 
furious-puma-1:187513:188365 [4] NCCL INFO GPU/0-ef000 :GPU/0-7f000 (2/370.8/NVL) GPU/0-8f000 (2/370.8/NVL) GPU/0-9f000 (2/370.8/NVL) GPU/0-af000 (2/370.8/NVL) GPU/0-bf000 (2/370.8/NVL) GPU/0-cf000 (2/370.8/NVL) GPU/0-df000 (2/370.8/NVL) GPU/0-ef000 (0/5000.0/LOC) NVS/0-0 (1/370.8/NVL) CPU/0-0 (3/22.0/SYS) CPU/0-1 (2/48.0/PHB) 
furious-puma-1:187513:188365 [4] NCCL INFO Setting affinity for GPU 4 to 80-159
furious-puma-1:187513:188365 [4] NCCL INFO NVLS multicast support is available on dev 4 (NVLS_NCHANNELS 16)
furious-puma-1:187511:188356 [2] NCCL INFO === System : maxBw 370.8 totalBw 370.8 ===
furious-puma-1:187511:188356 [2] NCCL INFO CPU/0-0 (1/1/3)
furious-puma-1:187511:188356 [2] NCCL INFO + PCI[48.0] - PCI/0-ffffff010 (0)
furious-puma-1:187511:188356 [2] NCCL INFO               + PCI[48.0] - GPU/0-7f000 (0)
furious-puma-1:187511:188356 [2] NCCL INFO                             + NVL[370.8] - NVS/0-0
furious-puma-1:187511:188356 [2] NCCL INFO               + PCI[48.0] - NIC/0-80000
furious-puma-1:187511:188356 [2] NCCL INFO + PCI[48.0] - PCI/0-ffffff020 (0)
furious-puma-1:187511:188356 [2] NCCL INFO               + PCI[48.0] - NIC/0-90000
furious-puma-1:187511:188356 [2] NCCL INFO               + PCI[48.0] - GPU/0-8f000 (1)
furious-puma-1:187511:188356 [2] NCCL INFO                             + NVL[370.8] - NVS/0-0
furious-puma-1:187511:188356 [2] NCCL INFO + PCI[48.0] - PCI/0-ffffff030 (0)
furious-puma-1:187511:188356 [2] NCCL INFO               + PCI[48.0] - NIC/0-a0000
furious-puma-1:187511:188356 [2] NCCL INFO               + PCI[48.0] - GPU/0-9f000 (2)
furious-puma-1:187511:188356 [2] NCCL INFO                             + NVL[370.8] - NVS/0-0
furious-puma-1:187511:188356 [2] NCCL INFO + PCI[48.0] - PCI/0-ffffff040 (0)
furious-puma-1:187511:188356 [2] NCCL INFO               + PCI[48.0] - NIC/0-b0000
furious-puma-1:187511:188356 [2] NCCL INFO               + PCI[48.0] - GPU/0-af000 (3)
furious-puma-1:187511:188356 [2] NCCL INFO                             + NVL[370.8] - NVS/0-0
furious-puma-1:187511:188356 [2] NCCL INFO + SYS[22.0] - CPU/0-1
furious-puma-1:187511:188356 [2] NCCL INFO CPU/0-1 (1/1/3)
furious-puma-1:187511:188356 [2] NCCL INFO + PCI[48.0] - PCI/0-ffffff050 (0)
furious-puma-1:187511:188356 [2] NCCL INFO               + PCI[48.0] - NIC/0-c0000
furious-puma-1:187511:188356 [2] NCCL INFO               + PCI[48.0] - GPU/0-bf000 (4)
furious-puma-1:187511:188356 [2] NCCL INFO                             + NVL[370.8] - NVS/0-0
furious-puma-1:187511:188356 [2] NCCL INFO + PCI[48.0] - PCI/0-ffffff060 (0)
furious-puma-1:187511:188356 [2] NCCL INFO               + PCI[48.0] - NIC/0-d0000
furious-puma-1:187511:188356 [2] NCCL INFO               + PCI[48.0] - GPU/0-cf000 (5)
furious-puma-1:187511:188356 [2] NCCL INFO                             + NVL[370.8] - NVS/0-0
furious-puma-1:187511:188356 [2] NCCL INFO + PCI[48.0] - PCI/0-ffffff070 (0)
furious-puma-1:187511:188356 [2] NCCL INFO               + PCI[48.0] - NIC/0-e0000
furious-puma-1:187511:188356 [2] NCCL INFO               + PCI[48.0] - GPU/0-df000 (6)
furious-puma-1:187511:188356 [2] NCCL INFO                             + NVL[370.8] - NVS/0-0
furious-puma-1:187511:188356 [2] NCCL INFO + PCI[48.0] - PCI/0-ffffff080 (0)
furious-puma-1:187511:188356 [2] NCCL INFO               + PCI[48.0] - NIC/0-f0000
furious-puma-1:187511:188356 [2] NCCL INFO               + PCI[48.0] - GPU/0-ef000 (7)
furious-puma-1:187511:188356 [2] NCCL INFO                             + NVL[370.8] - NVS/0-0
furious-puma-1:187511:188356 [2] NCCL INFO + SYS[22.0] - CPU/0-0
furious-puma-1:187511:188356 [2] NCCL INFO ==========================================
furious-puma-1:187511:188356 [2] NCCL INFO GPU/0-7f000 :GPU/0-7f000 (0/5000.0/LOC) GPU/0-8f000 (2/370.8/NVL) GPU/0-9f000 (2/370.8/NVL) GPU/0-af000 (2/370.8/NVL) GPU/0-bf000 (2/370.8/NVL) GPU/0-cf000 (2/370.8/NVL) GPU/0-df000 (2/370.8/NVL) GPU/0-ef000 (2/370.8/NVL) NVS/0-0 (1/370.8/NVL) CPU/0-0 (2/48.0/PHB) CPU/0-1 (3/22.0/SYS) 
furious-puma-1:187511:188356 [2] NCCL INFO GPU/0-8f000 :GPU/0-7f000 (2/370.8/NVL) GPU/0-8f000 (0/5000.0/LOC) GPU/0-9f000 (2/370.8/NVL) GPU/0-af000 (2/370.8/NVL) GPU/0-bf000 (2/370.8/NVL) GPU/0-cf000 (2/370.8/NVL) GPU/0-df000 (2/370.8/NVL) GPU/0-ef000 (2/370.8/NVL) NVS/0-0 (1/370.8/NVL) CPU/0-0 (2/48.0/PHB) CPU/0-1 (3/22.0/SYS) 
furious-puma-1:187511:188356 [2] NCCL INFO GPU/0-9f000 :GPU/0-7f000 (2/370.8/NVL) GPU/0-8f000 (2/370.8/NVL) GPU/0-9f000 (0/5000.0/LOC) GPU/0-af000 (2/370.8/NVL) GPU/0-bf000 (2/370.8/NVL) GPU/0-cf000 (2/370.8/NVL) GPU/0-df000 (2/370.8/NVL) GPU/0-ef000 (2/370.8/NVL) NVS/0-0 (1/370.8/NVL) CPU/0-0 (2/48.0/PHB) CPU/0-1 (3/22.0/SYS) 
furious-puma-1:187511:188356 [2] NCCL INFO GPU/0-af000 :GPU/0-7f000 (2/370.8/NVL) GPU/0-8f000 (2/370.8/NVL) GPU/0-9f000 (2/370.8/NVL) GPU/0-af000 (0/5000.0/LOC) GPU/0-bf000 (2/370.8/NVL) GPU/0-cf000 (2/370.8/NVL) GPU/0-df000 (2/370.8/NVL) GPU/0-ef000 (2/370.8/NVL) NVS/0-0 (1/370.8/NVL) CPU/0-0 (2/48.0/PHB) CPU/0-1 (3/22.0/SYS) 
furious-puma-1:187511:188356 [2] NCCL INFO GPU/0-bf000 :GPU/0-7f000 (2/370.8/NVL) GPU/0-8f000 (2/370.8/NVL) GPU/0-9f000 (2/370.8/NVL) GPU/0-af000 (2/370.8/NVL) GPU/0-bf000 (0/5000.0/LOC) GPU/0-cf000 (2/370.8/NVL) GPU/0-df000 (2/370.8/NVL) GPU/0-ef000 (2/370.8/NVL) NVS/0-0 (1/370.8/NVL) CPU/0-0 (3/22.0/SYS) CPU/0-1 (2/48.0/PHB) 
furious-puma-1:187511:188356 [2] NCCL INFO GPU/0-cf000 :GPU/0-7f000 (2/370.8/NVL) GPU/0-8f000 (2/370.8/NVL) GPU/0-9f000 (2/370.8/NVL) GPU/0-af000 (2/370.8/NVL) GPU/0-bf000 (2/370.8/NVL) GPU/0-cf000 (0/5000.0/LOC) GPU/0-df000 (2/370.8/NVL) GPU/0-ef000 (2/370.8/NVL) NVS/0-0 (1/370.8/NVL) CPU/0-0 (3/22.0/SYS) CPU/0-1 (2/48.0/PHB) 
furious-puma-1:187511:188356 [2] NCCL INFO GPU/0-df000 :GPU/0-7f000 (2/370.8/NVL) GPU/0-8f000 (2/370.8/NVL) GPU/0-9f000 (2/370.8/NVL) GPU/0-af000 (2/370.8/NVL) GPU/0-bf000 (2/370.8/NVL) GPU/0-cf000 (2/370.8/NVL) GPU/0-df000 (0/5000.0/LOC) GPU/0-ef000 (2/370.8/NVL) NVS/0-0 (1/370.8/NVL) CPU/0-0 (3/22.0/SYS) CPU/0-1 (2/48.0/PHB) 
furious-puma-1:187511:188356 [2] NCCL INFO GPU/0-ef000 :GPU/0-7f000 (2/370.8/NVL) GPU/0-8f000 (2/370.8/NVL) GPU/0-9f000 (2/370.8/NVL) GPU/0-af000 (2/370.8/NVL) GPU/0-bf000 (2/370.8/NVL) GPU/0-cf000 (2/370.8/NVL) GPU/0-df000 (2/370.8/NVL) GPU/0-ef000 (0/5000.0/LOC) NVS/0-0 (1/370.8/NVL) CPU/0-0 (3/22.0/SYS) CPU/0-1 (2/48.0/PHB) 
furious-puma-1:187511:188356 [2] NCCL INFO Setting affinity for GPU 2 to 0-79
furious-puma-1:187511:188356 [2] NCCL INFO NVLS multicast support is available on dev 2 (NVLS_NCHANNELS 16)
furious-puma-1:187510:188371 [1] NCCL INFO GPU Direct RDMA Enabled for GPU 0 / HCA 0 (distance 4 <= 5), read 0 mode Default
furious-puma-1:187510:188371 [1] NCCL INFO GPU Direct RDMA Enabled for GPU 1 / HCA 0 (distance 4 <= 5), read 0 mode Default
furious-puma-1:187510:188371 [1] NCCL INFO GPU Direct RDMA Enabled for GPU 2 / HCA 0 (distance 4 <= 5), read 0 mode Default
furious-puma-1:187510:188371 [1] NCCL INFO GPU Direct RDMA Enabled for GPU 3 / HCA 0 (distance 4 <= 5), read 0 mode Default
furious-puma-1:187510:188371 [1] NCCL INFO GPU Direct RDMA Enabled for GPU 4 / HCA 0 (distance 4 <= 5), read 0 mode Default
furious-puma-1:187510:188371 [1] NCCL INFO GPU Direct RDMA Enabled for GPU 5 / HCA 0 (distance 4 <= 5), read 0 mode Default
furious-puma-1:187510:188371 [1] NCCL INFO GPU Direct RDMA Enabled for GPU 6 / HCA 0 (distance 4 <= 5), read 0 mode Default
furious-puma-1:187510:188371 [1] NCCL INFO GPU Direct RDMA Enabled for GPU 7 / HCA 0 (distance 4 <= 5), read 0 mode Default
furious-puma-1:187510:188371 [1] NCCL INFO GPU Direct RDMA Enabled for GPU 0 / HCA 1 (distance 4 <= 5), read 0 mode Default
furious-puma-1:187510:188371 [1] NCCL INFO GPU Direct RDMA Enabled for GPU 1 / HCA 1 (distance 4 <= 5), read 0 mode Default
furious-puma-1:187510:188371 [1] NCCL INFO GPU Direct RDMA Enabled for GPU 2 / HCA 1 (distance 4 <= 5), read 0 mode Default
furious-puma-1:187510:188371 [1] NCCL INFO GPU Direct RDMA Enabled for GPU 3 / HCA 1 (distance 4 <= 5), read 0 mode Default
furious-puma-1:187510:188371 [1] NCCL INFO GPU Direct RDMA Enabled for GPU 4 / HCA 1 (distance 4 <= 5), read 0 mode Default
furious-puma-1:187510:188371 [1] NCCL INFO GPU Direct RDMA Enabled for GPU 5 / HCA 1 (distance 4 <= 5), read 0 mode Default
furious-puma-1:187510:188371 [1] NCCL INFO GPU Direct RDMA Enabled for GPU 6 / HCA 1 (distance 4 <= 5), read 0 mode Default
furious-puma-1:187510:188371 [1] NCCL INFO GPU Direct RDMA Enabled for GPU 7 / HCA 1 (distance 4 <= 5), read 0 mode Default
furious-puma-1:187510:188371 [1] NCCL INFO GPU Direct RDMA Enabled for GPU 0 / HCA 2 (distance 4 <= 5), read 0 mode Default
furious-puma-1:187510:188371 [1] NCCL INFO GPU Direct RDMA Enabled for GPU 1 / HCA 2 (distance 4 <= 5), read 0 mode Default
furious-puma-1:187510:188371 [1] NCCL INFO GPU Direct RDMA Enabled for GPU 2 / HCA 2 (distance 4 <= 5), read 0 mode Default
furious-puma-1:187510:188371 [1] NCCL INFO GPU Direct RDMA Enabled for GPU 3 / HCA 2 (distance 4 <= 5), read 0 mode Default
furious-puma-1:187510:188371 [1] NCCL INFO GPU Direct RDMA Enabled for GPU 4 / HCA 2 (distance 4 <= 5), read 0 mode Default
furious-puma-1:187510:188371 [1] NCCL INFO GPU Direct RDMA Enabled for GPU 5 / HCA 2 (distance 4 <= 5), read 0 mode Default
furious-puma-1:187510:188371 [1] NCCL INFO GPU Direct RDMA Enabled for GPU 6 / HCA 2 (distance 4 <= 5), read 0 mode Default
furious-puma-1:187510:188371 [1] NCCL INFO GPU Direct RDMA Enabled for GPU 7 / HCA 2 (distance 4 <= 5), read 0 mode Default
furious-puma-1:187510:188371 [1] NCCL INFO GPU Direct RDMA Enabled for GPU 0 / HCA 3 (distance 4 <= 5), read 0 mode Default
furious-puma-1:187510:188371 [1] NCCL INFO GPU Direct RDMA Enabled for GPU 1 / HCA 3 (distance 4 <= 5), read 0 mode Default
furious-puma-1:187510:188371 [1] NCCL INFO GPU Direct RDMA Enabled for GPU 2 / HCA 3 (distance 4 <= 5), read 0 mode Default
furious-puma-1:187510:188371 [1] NCCL INFO GPU Direct RDMA Enabled for GPU 3 / HCA 3 (distance 4 <= 5), read 0 mode Default
furious-puma-1:187510:188371 [1] NCCL INFO GPU Direct RDMA Enabled for GPU 4 / HCA 3 (distance 4 <= 5), read 0 mode Default
furious-puma-1:187510:188371 [1] NCCL INFO GPU Direct RDMA Enabled for GPU 5 / HCA 3 (distance 4 <= 5), read 0 mode Default
furious-puma-1:187510:188371 [1] NCCL INFO GPU Direct RDMA Enabled for GPU 6 / HCA 3 (distance 4 <= 5), read 0 mode Default
furious-puma-1:187510:188371 [1] NCCL INFO GPU Direct RDMA Enabled for GPU 7 / HCA 3 (distance 4 <= 5), read 0 mode Default
furious-puma-1:187510:188371 [1] NCCL INFO GPU Direct RDMA Enabled for GPU 0 / HCA 4 (distance 4 <= 5), read 0 mode Default
furious-puma-1:187510:188371 [1] NCCL INFO GPU Direct RDMA Enabled for GPU 1 / HCA 4 (distance 4 <= 5), read 0 mode Default
furious-puma-1:187510:188371 [1] NCCL INFO GPU Direct RDMA Enabled for GPU 2 / HCA 4 (distance 4 <= 5), read 0 mode Default
furious-puma-1:187510:188371 [1] NCCL INFO GPU Direct RDMA Enabled for GPU 3 / HCA 4 (distance 4 <= 5), read 0 mode Default
furious-puma-1:187510:188371 [1] NCCL INFO GPU Direct RDMA Enabled for GPU 4 / HCA 4 (distance 4 <= 5), read 0 mode Default
furious-puma-1:187510:188371 [1] NCCL INFO GPU Direct RDMA Enabled for GPU 5 / HCA 4 (distance 4 <= 5), read 0 mode Default
furious-puma-1:187510:188371 [1] NCCL INFO GPU Direct RDMA Enabled for GPU 6 / HCA 4 (distance 4 <= 5), read 0 mode Default
furious-puma-1:187510:188371 [1] NCCL INFO GPU Direct RDMA Enabled for GPU 7 / HCA 4 (distance 4 <= 5), read 0 mode Default
furious-puma-1:187510:188371 [1] NCCL INFO GPU Direct RDMA Enabled for GPU 0 / HCA 5 (distance 4 <= 5), read 0 mode Default
furious-puma-1:187510:188371 [1] NCCL INFO GPU Direct RDMA Enabled for GPU 1 / HCA 5 (distance 4 <= 5), read 0 mode Default
furious-puma-1:187510:188371 [1] NCCL INFO GPU Direct RDMA Enabled for GPU 2 / HCA 5 (distance 4 <= 5), read 0 mode Default
furious-puma-1:187510:188371 [1] NCCL INFO GPU Direct RDMA Enabled for GPU 3 / HCA 5 (distance 4 <= 5), read 0 mode Default
furious-puma-1:187510:188371 [1] NCCL INFO GPU Direct RDMA Enabled for GPU 4 / HCA 5 (distance 4 <= 5), read 0 mode Default
furious-puma-1:187510:188371 [1] NCCL INFO GPU Direct RDMA Enabled for GPU 5 / HCA 5 (distance 4 <= 5), read 0 mode Default
furious-puma-1:187510:188371 [1] NCCL INFO GPU Direct RDMA Enabled for GPU 6 / HCA 5 (distance 4 <= 5), read 0 mode Default
furious-puma-1:187510:188371 [1] NCCL INFO GPU Direct RDMA Enabled for GPU 7 / HCA 5 (distance 4 <= 5), read 0 mode Default
furious-puma-1:187510:188371 [1] NCCL INFO GPU Direct RDMA Enabled for GPU 0 / HCA 6 (distance 4 <= 5), read 0 mode Default
furious-puma-1:187510:188371 [1] NCCL INFO GPU Direct RDMA Enabled for GPU 1 / HCA 6 (distance 4 <= 5), read 0 mode Default
furious-puma-1:187510:188371 [1] NCCL INFO GPU Direct RDMA Enabled for GPU 2 / HCA 6 (distance 4 <= 5), read 0 mode Default
furious-puma-1:187510:188371 [1] NCCL INFO GPU Direct RDMA Enabled for GPU 3 / HCA 6 (distance 4 <= 5), read 0 mode Default
furious-puma-1:187510:188371 [1] NCCL INFO GPU Direct RDMA Enabled for GPU 4 / HCA 6 (distance 4 <= 5), read 0 mode Default
furious-puma-1:187510:188371 [1] NCCL INFO GPU Direct RDMA Enabled for GPU 5 / HCA 6 (distance 4 <= 5), read 0 mode Default
furious-puma-1:187510:188371 [1] NCCL INFO GPU Direct RDMA Enabled for GPU 6 / HCA 6 (distance 4 <= 5), read 0 mode Default
furious-puma-1:187510:188371 [1] NCCL INFO GPU Direct RDMA Enabled for GPU 7 / HCA 6 (distance 4 <= 5), read 0 mode Default
furious-puma-1:187510:188371 [1] NCCL INFO GPU Direct RDMA Enabled for GPU 0 / HCA 7 (distance 4 <= 5), read 0 mode Default
furious-puma-1:187510:188371 [1] NCCL INFO GPU Direct RDMA Enabled for GPU 1 / HCA 7 (distance 4 <= 5), read 0 mode Default
furious-puma-1:187510:188371 [1] NCCL INFO GPU Direct RDMA Enabled for GPU 2 / HCA 7 (distance 4 <= 5), read 0 mode Default
furious-puma-1:187510:188371 [1] NCCL INFO GPU Direct RDMA Enabled for GPU 3 / HCA 7 (distance 4 <= 5), read 0 mode Default
furious-puma-1:187510:188371 [1] NCCL INFO GPU Direct RDMA Enabled for GPU 4 / HCA 7 (distance 4 <= 5), read 0 mode Default
furious-puma-1:187510:188371 [1] NCCL INFO GPU Direct RDMA Enabled for GPU 5 / HCA 7 (distance 4 <= 5), read 0 mode Default
furious-puma-1:187510:188371 [1] NCCL INFO GPU Direct RDMA Enabled for GPU 6 / HCA 7 (distance 4 <= 5), read 0 mode Default
furious-puma-1:187510:188371 [1] NCCL INFO GPU Direct RDMA Enabled for GPU 7 / HCA 7 (distance 4 <= 5), read 0 mode Default
furious-puma-1:187509:188362 [0] NCCL INFO GPU Direct RDMA Enabled for GPU 0 / HCA 0 (distance 4 <= 5), read 0 mode Default
furious-puma-1:187509:188362 [0] NCCL INFO GPU Direct RDMA Enabled for GPU 1 / HCA 0 (distance 4 <= 5), read 0 mode Default
furious-puma-1:187509:188362 [0] NCCL INFO GPU Direct RDMA Enabled for GPU 2 / HCA 0 (distance 4 <= 5), read 0 mode Default
furious-puma-1:187509:188362 [0] NCCL INFO GPU Direct RDMA Enabled for GPU 3 / HCA 0 (distance 4 <= 5), read 0 mode Default
furious-puma-1:187509:188362 [0] NCCL INFO GPU Direct RDMA Enabled for GPU 4 / HCA 0 (distance 4 <= 5), read 0 mode Default
furious-puma-1:187509:188362 [0] NCCL INFO GPU Direct RDMA Enabled for GPU 5 / HCA 0 (distance 4 <= 5), read 0 mode Default
furious-puma-1:187509:188362 [0] NCCL INFO GPU Direct RDMA Enabled for GPU 6 / HCA 0 (distance 4 <= 5), read 0 mode Default
furious-puma-1:187509:188362 [0] NCCL INFO GPU Direct RDMA Enabled for GPU 7 / HCA 0 (distance 4 <= 5), read 0 mode Default
furious-puma-1:187509:188362 [0] NCCL INFO GPU Direct RDMA Enabled for GPU 0 / HCA 1 (distance 4 <= 5), read 0 mode Default
furious-puma-1:187509:188362 [0] NCCL INFO GPU Direct RDMA Enabled for GPU 1 / HCA 1 (distance 4 <= 5), read 0 mode Default
furious-puma-1:187509:188362 [0] NCCL INFO GPU Direct RDMA Enabled for GPU 2 / HCA 1 (distance 4 <= 5), read 0 mode Default
furious-puma-1:187509:188362 [0] NCCL INFO GPU Direct RDMA Enabled for GPU 3 / HCA 1 (distance 4 <= 5), read 0 mode Default
furious-puma-1:187509:188362 [0] NCCL INFO GPU Direct RDMA Enabled for GPU 4 / HCA 1 (distance 4 <= 5), read 0 mode Default
furious-puma-1:187509:188362 [0] NCCL INFO GPU Direct RDMA Enabled for GPU 5 / HCA 1 (distance 4 <= 5), read 0 mode Default
furious-puma-1:187509:188362 [0] NCCL INFO GPU Direct RDMA Enabled for GPU 6 / HCA 1 (distance 4 <= 5), read 0 mode Default
furious-puma-1:187509:188362 [0] NCCL INFO GPU Direct RDMA Enabled for GPU 7 / HCA 1 (distance 4 <= 5), read 0 mode Default
furious-puma-1:187509:188362 [0] NCCL INFO GPU Direct RDMA Enabled for GPU 0 / HCA 2 (distance 4 <= 5), read 0 mode Default
furious-puma-1:187509:188362 [0] NCCL INFO GPU Direct RDMA Enabled for GPU 1 / HCA 2 (distance 4 <= 5), read 0 mode Default
furious-puma-1:187509:188362 [0] NCCL INFO GPU Direct RDMA Enabled for GPU 2 / HCA 2 (distance 4 <= 5), read 0 mode Default
furious-puma-1:187509:188362 [0] NCCL INFO GPU Direct RDMA Enabled for GPU 3 / HCA 2 (distance 4 <= 5), read 0 mode Default
furious-puma-1:187509:188362 [0] NCCL INFO GPU Direct RDMA Enabled for GPU 4 / HCA 2 (distance 4 <= 5), read 0 mode Default
furious-puma-1:187509:188362 [0] NCCL INFO GPU Direct RDMA Enabled for GPU 5 / HCA 2 (distance 4 <= 5), read 0 mode Default
furious-puma-1:187509:188362 [0] NCCL INFO GPU Direct RDMA Enabled for GPU 6 / HCA 2 (distance 4 <= 5), read 0 mode Default
furious-puma-1:187509:188362 [0] NCCL INFO GPU Direct RDMA Enabled for GPU 7 / HCA 2 (distance 4 <= 5), read 0 mode Default
furious-puma-1:187509:188362 [0] NCCL INFO GPU Direct RDMA Enabled for GPU 0 / HCA 3 (distance 4 <= 5), read 0 mode Default
furious-puma-1:187509:188362 [0] NCCL INFO GPU Direct RDMA Enabled for GPU 1 / HCA 3 (distance 4 <= 5), read 0 mode Default
furious-puma-1:187509:188362 [0] NCCL INFO GPU Direct RDMA Enabled for GPU 2 / HCA 3 (distance 4 <= 5), read 0 mode Default
furious-puma-1:187509:188362 [0] NCCL INFO GPU Direct RDMA Enabled for GPU 3 / HCA 3 (distance 4 <= 5), read 0 mode Default
furious-puma-1:187509:188362 [0] NCCL INFO GPU Direct RDMA Enabled for GPU 4 / HCA 3 (distance 4 <= 5), read 0 mode Default
furious-puma-1:187509:188362 [0] NCCL INFO GPU Direct RDMA Enabled for GPU 5 / HCA 3 (distance 4 <= 5), read 0 mode Default
furious-puma-1:187509:188362 [0] NCCL INFO GPU Direct RDMA Enabled for GPU 6 / HCA 3 (distance 4 <= 5), read 0 mode Default
furious-puma-1:187509:188362 [0] NCCL INFO GPU Direct RDMA Enabled for GPU 7 / HCA 3 (distance 4 <= 5), read 0 mode Default
furious-puma-1:187509:188362 [0] NCCL INFO GPU Direct RDMA Enabled for GPU 0 / HCA 4 (distance 4 <= 5), read 0 mode Default
furious-puma-1:187509:188362 [0] NCCL INFO GPU Direct RDMA Enabled for GPU 1 / HCA 4 (distance 4 <= 5), read 0 mode Default
furious-puma-1:187509:188362 [0] NCCL INFO GPU Direct RDMA Enabled for GPU 2 / HCA 4 (distance 4 <= 5), read 0 mode Default
furious-puma-1:187509:188362 [0] NCCL INFO GPU Direct RDMA Enabled for GPU 3 / HCA 4 (distance 4 <= 5), read 0 mode Default
furious-puma-1:187509:188362 [0] NCCL INFO GPU Direct RDMA Enabled for GPU 4 / HCA 4 (distance 4 <= 5), read 0 mode Default
furious-puma-1:187509:188362 [0] NCCL INFO GPU Direct RDMA Enabled for GPU 5 / HCA 4 (distance 4 <= 5), read 0 mode Default
furious-puma-1:187509:188362 [0] NCCL INFO GPU Direct RDMA Enabled for GPU 6 / HCA 4 (distance 4 <= 5), read 0 mode Default
furious-puma-1:187509:188362 [0] NCCL INFO GPU Direct RDMA Enabled for GPU 7 / HCA 4 (distance 4 <= 5), read 0 mode Default
furious-puma-1:187509:188362 [0] NCCL INFO GPU Direct RDMA Enabled for GPU 0 / HCA 5 (distance 4 <= 5), read 0 mode Default
furious-puma-1:187509:188362 [0] NCCL INFO GPU Direct RDMA Enabled for GPU 1 / HCA 5 (distance 4 <= 5), read 0 mode Default
furious-puma-1:187509:188362 [0] NCCL INFO GPU Direct RDMA Enabled for GPU 2 / HCA 5 (distance 4 <= 5), read 0 mode Default
furious-puma-1:187509:188362 [0] NCCL INFO GPU Direct RDMA Enabled for GPU 3 / HCA 5 (distance 4 <= 5), read 0 mode Default
furious-puma-1:187509:188362 [0] NCCL INFO GPU Direct RDMA Enabled for GPU 4 / HCA 5 (distance 4 <= 5), read 0 mode Default
furious-puma-1:187509:188362 [0] NCCL INFO GPU Direct RDMA Enabled for GPU 5 / HCA 5 (distance 4 <= 5), read 0 mode Default
furious-puma-1:187509:188362 [0] NCCL INFO GPU Direct RDMA Enabled for GPU 6 / HCA 5 (distance 4 <= 5), read 0 mode Default
furious-puma-1:187509:188362 [0] NCCL INFO GPU Direct RDMA Enabled for GPU 7 / HCA 5 (distance 4 <= 5), read 0 mode Default
furious-puma-1:187509:188362 [0] NCCL INFO GPU Direct RDMA Enabled for GPU 0 / HCA 6 (distance 4 <= 5), read 0 mode Default
furious-puma-1:187509:188362 [0] NCCL INFO GPU Direct RDMA Enabled for GPU 1 / HCA 6 (distance 4 <= 5), read 0 mode Default
furious-puma-1:187509:188362 [0] NCCL INFO GPU Direct RDMA Enabled for GPU 2 / HCA 6 (distance 4 <= 5), read 0 mode Default
furious-puma-1:187509:188362 [0] NCCL INFO GPU Direct RDMA Enabled for GPU 3 / HCA 6 (distance 4 <= 5), read 0 mode Default
furious-puma-1:187509:188362 [0] NCCL INFO GPU Direct RDMA Enabled for GPU 4 / HCA 6 (distance 4 <= 5), read 0 mode Default
furious-puma-1:187509:188362 [0] NCCL INFO GPU Direct RDMA Enabled for GPU 5 / HCA 6 (distance 4 <= 5), read 0 mode Default
furious-puma-1:187509:188362 [0] NCCL INFO GPU Direct RDMA Enabled for GPU 6 / HCA 6 (distance 4 <= 5), read 0 mode Default
furious-puma-1:187509:188362 [0] NCCL INFO GPU Direct RDMA Enabled for GPU 7 / HCA 6 (distance 4 <= 5), read 0 mode Default
furious-puma-1:187509:188362 [0] NCCL INFO GPU Direct RDMA Enabled for GPU 0 / HCA 7 (distance 4 <= 5), read 0 mode Default
furious-puma-1:187509:188362 [0] NCCL INFO GPU Direct RDMA Enabled for GPU 1 / HCA 7 (distance 4 <= 5), read 0 mode Default
furious-puma-1:187509:188362 [0] NCCL INFO GPU Direct RDMA Enabled for GPU 2 / HCA 7 (distance 4 <= 5), read 0 mode Default
furious-puma-1:187509:188362 [0] NCCL INFO GPU Direct RDMA Enabled for GPU 3 / HCA 7 (distance 4 <= 5), read 0 mode Default
furious-puma-1:187509:188362 [0] NCCL INFO GPU Direct RDMA Enabled for GPU 4 / HCA 7 (distance 4 <= 5), read 0 mode Default
furious-puma-1:187509:188362 [0] NCCL INFO GPU Direct RDMA Enabled for GPU 5 / HCA 7 (distance 4 <= 5), read 0 mode Default
furious-puma-1:187509:188362 [0] NCCL INFO GPU Direct RDMA Enabled for GPU 6 / HCA 7 (distance 4 <= 5), read 0 mode Default
furious-puma-1:187509:188362 [0] NCCL INFO GPU Direct RDMA Enabled for GPU 7 / HCA 7 (distance 4 <= 5), read 0 mode Default
furious-puma-1:187510:188371 [1] NCCL INFO === System : maxBw 370.8 totalBw 370.8 ===
furious-puma-1:187510:188371 [1] NCCL INFO CPU/0-0 (1/1/3)
furious-puma-1:187510:188371 [1] NCCL INFO + PCI[48.0] - PCI/0-ffffff010 (0)
furious-puma-1:187510:188371 [1] NCCL INFO               + PCI[48.0] - GPU/0-7f000 (0)
furious-puma-1:187510:188371 [1] NCCL INFO                             + NVL[370.8] - NVS/0-0
furious-puma-1:187510:188371 [1] NCCL INFO               + PCI[48.0] - NIC/0-80000
furious-puma-1:187510:188371 [1] NCCL INFO + PCI[48.0] - PCI/0-ffffff020 (0)
furious-puma-1:187510:188371 [1] NCCL INFO               + PCI[48.0] - NIC/0-90000
furious-puma-1:187510:188371 [1] NCCL INFO               + PCI[48.0] - GPU/0-8f000 (1)
furious-puma-1:187510:188371 [1] NCCL INFO                             + NVL[370.8] - NVS/0-0
furious-puma-1:187510:188371 [1] NCCL INFO + PCI[48.0] - PCI/0-ffffff030 (0)
furious-puma-1:187510:188371 [1] NCCL INFO               + PCI[48.0] - NIC/0-a0000
furious-puma-1:187510:188371 [1] NCCL INFO               + PCI[48.0] - GPU/0-9f000 (2)
furious-puma-1:187510:188371 [1] NCCL INFO                             + NVL[370.8] - NVS/0-0
furious-puma-1:187510:188371 [1] NCCL INFO + PCI[48.0] - PCI/0-ffffff040 (0)
furious-puma-1:187510:188371 [1] NCCL INFO               + PCI[48.0] - NIC/0-b0000
furious-puma-1:187510:188371 [1] NCCL INFO               + PCI[48.0] - GPU/0-af000 (3)
furious-puma-1:187510:188371 [1] NCCL INFO                             + NVL[370.8] - NVS/0-0
furious-puma-1:187510:188371 [1] NCCL INFO + SYS[22.0] - CPU/0-1
furious-puma-1:187510:188371 [1] NCCL INFO CPU/0-1 (1/1/3)
furious-puma-1:187510:188371 [1] NCCL INFO + PCI[48.0] - PCI/0-ffffff050 (0)
furious-puma-1:187510:188371 [1] NCCL INFO               + PCI[48.0] - NIC/0-c0000
furious-puma-1:187510:188371 [1] NCCL INFO               + PCI[48.0] - GPU/0-bf000 (4)
furious-puma-1:187510:188371 [1] NCCL INFO                             + NVL[370.8] - NVS/0-0
furious-puma-1:187510:188371 [1] NCCL INFO + PCI[48.0] - PCI/0-ffffff060 (0)
furious-puma-1:187510:188371 [1] NCCL INFO               + PCI[48.0] - NIC/0-d0000
furious-puma-1:187510:188371 [1] NCCL INFO               + PCI[48.0] - GPU/0-cf000 (5)
furious-puma-1:187510:188371 [1] NCCL INFO                             + NVL[370.8] - NVS/0-0
furious-puma-1:187510:188371 [1] NCCL INFO + PCI[48.0] - PCI/0-ffffff070 (0)
furious-puma-1:187510:188371 [1] NCCL INFO               + PCI[48.0] - NIC/0-e0000
furious-puma-1:187510:188371 [1] NCCL INFO               + PCI[48.0] - GPU/0-df000 (6)
furious-puma-1:187510:188371 [1] NCCL INFO                             + NVL[370.8] - NVS/0-0
furious-puma-1:187510:188371 [1] NCCL INFO + PCI[48.0] - PCI/0-ffffff080 (0)
furious-puma-1:187510:188371 [1] NCCL INFO               + PCI[48.0] - NIC/0-f0000
furious-puma-1:187510:188371 [1] NCCL INFO               + PCI[48.0] - GPU/0-ef000 (7)
furious-puma-1:187510:188371 [1] NCCL INFO                             + NVL[370.8] - NVS/0-0
furious-puma-1:187510:188371 [1] NCCL INFO + SYS[22.0] - CPU/0-0
furious-puma-1:187510:188371 [1] NCCL INFO ==========================================
furious-puma-1:187510:188371 [1] NCCL INFO GPU/0-7f000 :GPU/0-7f000 (0/5000.0/LOC) GPU/0-8f000 (2/370.8/NVL) GPU/0-9f000 (2/370.8/NVL) GPU/0-af000 (2/370.8/NVL) GPU/0-bf000 (2/370.8/NVL) GPU/0-cf000 (2/370.8/NVL) GPU/0-df000 (2/370.8/NVL) GPU/0-ef000 (2/370.8/NVL) NVS/0-0 (1/370.8/NVL) CPU/0-0 (2/48.0/PHB) CPU/0-1 (3/22.0/SYS) 
furious-puma-1:187510:188371 [1] NCCL INFO GPU/0-8f000 :GPU/0-7f000 (2/370.8/NVL) GPU/0-8f000 (0/5000.0/LOC) GPU/0-9f000 (2/370.8/NVL) GPU/0-af000 (2/370.8/NVL) GPU/0-bf000 (2/370.8/NVL) GPU/0-cf000 (2/370.8/NVL) GPU/0-df000 (2/370.8/NVL) GPU/0-ef000 (2/370.8/NVL) NVS/0-0 (1/370.8/NVL) CPU/0-0 (2/48.0/PHB) CPU/0-1 (3/22.0/SYS) 
furious-puma-1:187510:188371 [1] NCCL INFO GPU/0-9f000 :GPU/0-7f000 (2/370.8/NVL) GPU/0-8f000 (2/370.8/NVL) GPU/0-9f000 (0/5000.0/LOC) GPU/0-af000 (2/370.8/NVL) GPU/0-bf000 (2/370.8/NVL) GPU/0-cf000 (2/370.8/NVL) GPU/0-df000 (2/370.8/NVL) GPU/0-ef000 (2/370.8/NVL) NVS/0-0 (1/370.8/NVL) CPU/0-0 (2/48.0/PHB) CPU/0-1 (3/22.0/SYS) 
furious-puma-1:187510:188371 [1] NCCL INFO GPU/0-af000 :GPU/0-7f000 (2/370.8/NVL) GPU/0-8f000 (2/370.8/NVL) GPU/0-9f000 (2/370.8/NVL) GPU/0-af000 (0/5000.0/LOC) GPU/0-bf000 (2/370.8/NVL) GPU/0-cf000 (2/370.8/NVL) GPU/0-df000 (2/370.8/NVL) GPU/0-ef000 (2/370.8/NVL) NVS/0-0 (1/370.8/NVL) CPU/0-0 (2/48.0/PHB) CPU/0-1 (3/22.0/SYS) 
furious-puma-1:187510:188371 [1] NCCL INFO GPU/0-bf000 :GPU/0-7f000 (2/370.8/NVL) GPU/0-8f000 (2/370.8/NVL) GPU/0-9f000 (2/370.8/NVL) GPU/0-af000 (2/370.8/NVL) GPU/0-bf000 (0/5000.0/LOC) GPU/0-cf000 (2/370.8/NVL) GPU/0-df000 (2/370.8/NVL) GPU/0-ef000 (2/370.8/NVL) NVS/0-0 (1/370.8/NVL) CPU/0-0 (3/22.0/SYS) CPU/0-1 (2/48.0/PHB) 
furious-puma-1:187510:188371 [1] NCCL INFO GPU/0-cf000 :GPU/0-7f000 (2/370.8/NVL) GPU/0-8f000 (2/370.8/NVL) GPU/0-9f000 (2/370.8/NVL) GPU/0-af000 (2/370.8/NVL) GPU/0-bf000 (2/370.8/NVL) GPU/0-cf000 (0/5000.0/LOC) GPU/0-df000 (2/370.8/NVL) GPU/0-ef000 (2/370.8/NVL) NVS/0-0 (1/370.8/NVL) CPU/0-0 (3/22.0/SYS) CPU/0-1 (2/48.0/PHB) 
furious-puma-1:187510:188371 [1] NCCL INFO GPU/0-df000 :GPU/0-7f000 (2/370.8/NVL) GPU/0-8f000 (2/370.8/NVL) GPU/0-9f000 (2/370.8/NVL) GPU/0-af000 (2/370.8/NVL) GPU/0-bf000 (2/370.8/NVL) GPU/0-cf000 (2/370.8/NVL) GPU/0-df000 (0/5000.0/LOC) GPU/0-ef000 (2/370.8/NVL) NVS/0-0 (1/370.8/NVL) CPU/0-0 (3/22.0/SYS) CPU/0-1 (2/48.0/PHB) 
furious-puma-1:187510:188371 [1] NCCL INFO GPU/0-ef000 :GPU/0-7f000 (2/370.8/NVL) GPU/0-8f000 (2/370.8/NVL) GPU/0-9f000 (2/370.8/NVL) GPU/0-af000 (2/370.8/NVL) GPU/0-bf000 (2/370.8/NVL) GPU/0-cf000 (2/370.8/NVL) GPU/0-df000 (2/370.8/NVL) GPU/0-ef000 (0/5000.0/LOC) NVS/0-0 (1/370.8/NVL) CPU/0-0 (3/22.0/SYS) CPU/0-1 (2/48.0/PHB) 
furious-puma-1:187510:188371 [1] NCCL INFO Setting affinity for GPU 1 to 0-79
furious-puma-1:187510:188371 [1] NCCL INFO NVLS multicast support is available on dev 1 (NVLS_NCHANNELS 16)
furious-puma-1:187509:188362 [0] NCCL INFO === System : maxBw 370.8 totalBw 370.8 ===
furious-puma-1:187509:188362 [0] NCCL INFO CPU/0-0 (1/1/3)
furious-puma-1:187509:188362 [0] NCCL INFO + PCI[48.0] - PCI/0-ffffff010 (0)
furious-puma-1:187509:188362 [0] NCCL INFO               + PCI[48.0] - GPU/0-7f000 (0)
furious-puma-1:187509:188362 [0] NCCL INFO                             + NVL[370.8] - NVS/0-0
furious-puma-1:187509:188362 [0] NCCL INFO               + PCI[48.0] - NIC/0-80000
furious-puma-1:187509:188362 [0] NCCL INFO + PCI[48.0] - PCI/0-ffffff020 (0)
furious-puma-1:187509:188362 [0] NCCL INFO               + PCI[48.0] - NIC/0-90000
furious-puma-1:187509:188362 [0] NCCL INFO               + PCI[48.0] - GPU/0-8f000 (1)
furious-puma-1:187509:188362 [0] NCCL INFO                             + NVL[370.8] - NVS/0-0
furious-puma-1:187509:188362 [0] NCCL INFO + PCI[48.0] - PCI/0-ffffff030 (0)
furious-puma-1:187509:188362 [0] NCCL INFO               + PCI[48.0] - NIC/0-a0000
furious-puma-1:187509:188362 [0] NCCL INFO               + PCI[48.0] - GPU/0-9f000 (2)
furious-puma-1:187509:188362 [0] NCCL INFO                             + NVL[370.8] - NVS/0-0
furious-puma-1:187509:188362 [0] NCCL INFO + PCI[48.0] - PCI/0-ffffff040 (0)
furious-puma-1:187509:188362 [0] NCCL INFO               + PCI[48.0] - NIC/0-b0000
furious-puma-1:187509:188362 [0] NCCL INFO               + PCI[48.0] - GPU/0-af000 (3)
furious-puma-1:187509:188362 [0] NCCL INFO                             + NVL[370.8] - NVS/0-0
furious-puma-1:187509:188362 [0] NCCL INFO + SYS[22.0] - CPU/0-1
furious-puma-1:187509:188362 [0] NCCL INFO CPU/0-1 (1/1/3)
furious-puma-1:187509:188362 [0] NCCL INFO + PCI[48.0] - PCI/0-ffffff050 (0)
furious-puma-1:187509:188362 [0] NCCL INFO               + PCI[48.0] - NIC/0-c0000
furious-puma-1:187509:188362 [0] NCCL INFO               + PCI[48.0] - GPU/0-bf000 (4)
furious-puma-1:187509:188362 [0] NCCL INFO                             + NVL[370.8] - NVS/0-0
furious-puma-1:187509:188362 [0] NCCL INFO + PCI[48.0] - PCI/0-ffffff060 (0)
furious-puma-1:187509:188362 [0] NCCL INFO               + PCI[48.0] - NIC/0-d0000
furious-puma-1:187509:188362 [0] NCCL INFO               + PCI[48.0] - GPU/0-cf000 (5)
furious-puma-1:187509:188362 [0] NCCL INFO                             + NVL[370.8] - NVS/0-0
furious-puma-1:187509:188362 [0] NCCL INFO + PCI[48.0] - PCI/0-ffffff070 (0)
furious-puma-1:187509:188362 [0] NCCL INFO               + PCI[48.0] - NIC/0-e0000
furious-puma-1:187509:188362 [0] NCCL INFO               + PCI[48.0] - GPU/0-df000 (6)
furious-puma-1:187509:188362 [0] NCCL INFO                             + NVL[370.8] - NVS/0-0
furious-puma-1:187509:188362 [0] NCCL INFO + PCI[48.0] - PCI/0-ffffff080 (0)
furious-puma-1:187509:188362 [0] NCCL INFO               + PCI[48.0] - NIC/0-f0000
furious-puma-1:187509:188362 [0] NCCL INFO               + PCI[48.0] - GPU/0-ef000 (7)
furious-puma-1:187509:188362 [0] NCCL INFO                             + NVL[370.8] - NVS/0-0
furious-puma-1:187509:188362 [0] NCCL INFO + SYS[22.0] - CPU/0-0
furious-puma-1:187509:188362 [0] NCCL INFO ==========================================
furious-puma-1:187509:188362 [0] NCCL INFO GPU/0-7f000 :GPU/0-7f000 (0/5000.0/LOC) GPU/0-8f000 (2/370.8/NVL) GPU/0-9f000 (2/370.8/NVL) GPU/0-af000 (2/370.8/NVL) GPU/0-bf000 (2/370.8/NVL) GPU/0-cf000 (2/370.8/NVL) GPU/0-df000 (2/370.8/NVL) GPU/0-ef000 (2/370.8/NVL) NVS/0-0 (1/370.8/NVL) CPU/0-0 (2/48.0/PHB) CPU/0-1 (3/22.0/SYS) 
furious-puma-1:187509:188362 [0] NCCL INFO GPU/0-8f000 :GPU/0-7f000 (2/370.8/NVL) GPU/0-8f000 (0/5000.0/LOC) GPU/0-9f000 (2/370.8/NVL) GPU/0-af000 (2/370.8/NVL) GPU/0-bf000 (2/370.8/NVL) GPU/0-cf000 (2/370.8/NVL) GPU/0-df000 (2/370.8/NVL) GPU/0-ef000 (2/370.8/NVL) NVS/0-0 (1/370.8/NVL) CPU/0-0 (2/48.0/PHB) CPU/0-1 (3/22.0/SYS) 
furious-puma-1:187509:188362 [0] NCCL INFO GPU/0-9f000 :GPU/0-7f000 (2/370.8/NVL) GPU/0-8f000 (2/370.8/NVL) GPU/0-9f000 (0/5000.0/LOC) GPU/0-af000 (2/370.8/NVL) GPU/0-bf000 (2/370.8/NVL) GPU/0-cf000 (2/370.8/NVL) GPU/0-df000 (2/370.8/NVL) GPU/0-ef000 (2/370.8/NVL) NVS/0-0 (1/370.8/NVL) CPU/0-0 (2/48.0/PHB) CPU/0-1 (3/22.0/SYS) 
furious-puma-1:187509:188362 [0] NCCL INFO GPU/0-af000 :GPU/0-7f000 (2/370.8/NVL) GPU/0-8f000 (2/370.8/NVL) GPU/0-9f000 (2/370.8/NVL) GPU/0-af000 (0/5000.0/LOC) GPU/0-bf000 (2/370.8/NVL) GPU/0-cf000 (2/370.8/NVL) GPU/0-df000 (2/370.8/NVL) GPU/0-ef000 (2/370.8/NVL) NVS/0-0 (1/370.8/NVL) CPU/0-0 (2/48.0/PHB) CPU/0-1 (3/22.0/SYS) 
furious-puma-1:187509:188362 [0] NCCL INFO GPU/0-bf000 :GPU/0-7f000 (2/370.8/NVL) GPU/0-8f000 (2/370.8/NVL) GPU/0-9f000 (2/370.8/NVL) GPU/0-af000 (2/370.8/NVL) GPU/0-bf000 (0/5000.0/LOC) GPU/0-cf000 (2/370.8/NVL) GPU/0-df000 (2/370.8/NVL) GPU/0-ef000 (2/370.8/NVL) NVS/0-0 (1/370.8/NVL) CPU/0-0 (3/22.0/SYS) CPU/0-1 (2/48.0/PHB) 
furious-puma-1:187509:188362 [0] NCCL INFO GPU/0-cf000 :GPU/0-7f000 (2/370.8/NVL) GPU/0-8f000 (2/370.8/NVL) GPU/0-9f000 (2/370.8/NVL) GPU/0-af000 (2/370.8/NVL) GPU/0-bf000 (2/370.8/NVL) GPU/0-cf000 (0/5000.0/LOC) GPU/0-df000 (2/370.8/NVL) GPU/0-ef000 (2/370.8/NVL) NVS/0-0 (1/370.8/NVL) CPU/0-0 (3/22.0/SYS) CPU/0-1 (2/48.0/PHB) 
furious-puma-1:187509:188362 [0] NCCL INFO GPU/0-df000 :GPU/0-7f000 (2/370.8/NVL) GPU/0-8f000 (2/370.8/NVL) GPU/0-9f000 (2/370.8/NVL) GPU/0-af000 (2/370.8/NVL) GPU/0-bf000 (2/370.8/NVL) GPU/0-cf000 (2/370.8/NVL) GPU/0-df000 (0/5000.0/LOC) GPU/0-ef000 (2/370.8/NVL) NVS/0-0 (1/370.8/NVL) CPU/0-0 (3/22.0/SYS) CPU/0-1 (2/48.0/PHB) 
furious-puma-1:187509:188362 [0] NCCL INFO GPU/0-ef000 :GPU/0-7f000 (2/370.8/NVL) GPU/0-8f000 (2/370.8/NVL) GPU/0-9f000 (2/370.8/NVL) GPU/0-af000 (2/370.8/NVL) GPU/0-bf000 (2/370.8/NVL) GPU/0-cf000 (2/370.8/NVL) GPU/0-df000 (2/370.8/NVL) GPU/0-ef000 (0/5000.0/LOC) NVS/0-0 (1/370.8/NVL) CPU/0-0 (3/22.0/SYS) CPU/0-1 (2/48.0/PHB) 
furious-puma-1:187509:188362 [0] NCCL INFO Setting affinity for GPU 0 to 0-79
furious-puma-1:187509:188362 [0] NCCL INFO NVLS multicast support is available on dev 0 (NVLS_NCHANNELS 16)
furious-puma-1:187516:188367 [7] NCCL INFO GPU Direct RDMA Enabled for GPU 0 / HCA 0 (distance 4 <= 5), read 0 mode Default
furious-puma-1:187516:188367 [7] NCCL INFO GPU Direct RDMA Enabled for GPU 1 / HCA 0 (distance 4 <= 5), read 0 mode Default
furious-puma-1:187516:188367 [7] NCCL INFO GPU Direct RDMA Enabled for GPU 2 / HCA 0 (distance 4 <= 5), read 0 mode Default
furious-puma-1:187516:188367 [7] NCCL INFO GPU Direct RDMA Enabled for GPU 3 / HCA 0 (distance 4 <= 5), read 0 mode Default
furious-puma-1:187516:188367 [7] NCCL INFO GPU Direct RDMA Enabled for GPU 4 / HCA 0 (distance 4 <= 5), read 0 mode Default
furious-puma-1:187516:188367 [7] NCCL INFO GPU Direct RDMA Enabled for GPU 5 / HCA 0 (distance 4 <= 5), read 0 mode Default
furious-puma-1:187516:188367 [7] NCCL INFO GPU Direct RDMA Enabled for GPU 6 / HCA 0 (distance 4 <= 5), read 0 mode Default
furious-puma-1:187516:188367 [7] NCCL INFO GPU Direct RDMA Enabled for GPU 7 / HCA 0 (distance 4 <= 5), read 0 mode Default
furious-puma-1:187516:188367 [7] NCCL INFO GPU Direct RDMA Enabled for GPU 0 / HCA 1 (distance 4 <= 5), read 0 mode Default
furious-puma-1:187516:188367 [7] NCCL INFO GPU Direct RDMA Enabled for GPU 1 / HCA 1 (distance 4 <= 5), read 0 mode Default
furious-puma-1:187516:188367 [7] NCCL INFO GPU Direct RDMA Enabled for GPU 2 / HCA 1 (distance 4 <= 5), read 0 mode Default
furious-puma-1:187516:188367 [7] NCCL INFO GPU Direct RDMA Enabled for GPU 3 / HCA 1 (distance 4 <= 5), read 0 mode Default
furious-puma-1:187516:188367 [7] NCCL INFO GPU Direct RDMA Enabled for GPU 4 / HCA 1 (distance 4 <= 5), read 0 mode Default
furious-puma-1:187516:188367 [7] NCCL INFO GPU Direct RDMA Enabled for GPU 5 / HCA 1 (distance 4 <= 5), read 0 mode Default
furious-puma-1:187516:188367 [7] NCCL INFO GPU Direct RDMA Enabled for GPU 6 / HCA 1 (distance 4 <= 5), read 0 mode Default
furious-puma-1:187516:188367 [7] NCCL INFO GPU Direct RDMA Enabled for GPU 7 / HCA 1 (distance 4 <= 5), read 0 mode Default
furious-puma-1:187516:188367 [7] NCCL INFO GPU Direct RDMA Enabled for GPU 0 / HCA 2 (distance 4 <= 5), read 0 mode Default
furious-puma-1:187516:188367 [7] NCCL INFO GPU Direct RDMA Enabled for GPU 1 / HCA 2 (distance 4 <= 5), read 0 mode Default
furious-puma-1:187516:188367 [7] NCCL INFO GPU Direct RDMA Enabled for GPU 2 / HCA 2 (distance 4 <= 5), read 0 mode Default
furious-puma-1:187516:188367 [7] NCCL INFO GPU Direct RDMA Enabled for GPU 3 / HCA 2 (distance 4 <= 5), read 0 mode Default
furious-puma-1:187516:188367 [7] NCCL INFO GPU Direct RDMA Enabled for GPU 4 / HCA 2 (distance 4 <= 5), read 0 mode Default
furious-puma-1:187516:188367 [7] NCCL INFO GPU Direct RDMA Enabled for GPU 5 / HCA 2 (distance 4 <= 5), read 0 mode Default
furious-puma-1:187516:188367 [7] NCCL INFO GPU Direct RDMA Enabled for GPU 6 / HCA 2 (distance 4 <= 5), read 0 mode Default
furious-puma-1:187516:188367 [7] NCCL INFO GPU Direct RDMA Enabled for GPU 7 / HCA 2 (distance 4 <= 5), read 0 mode Default
furious-puma-1:187516:188367 [7] NCCL INFO GPU Direct RDMA Enabled for GPU 0 / HCA 3 (distance 4 <= 5), read 0 mode Default
furious-puma-1:187516:188367 [7] NCCL INFO GPU Direct RDMA Enabled for GPU 1 / HCA 3 (distance 4 <= 5), read 0 mode Default
furious-puma-1:187516:188367 [7] NCCL INFO GPU Direct RDMA Enabled for GPU 2 / HCA 3 (distance 4 <= 5), read 0 mode Default
furious-puma-1:187516:188367 [7] NCCL INFO GPU Direct RDMA Enabled for GPU 3 / HCA 3 (distance 4 <= 5), read 0 mode Default
furious-puma-1:187516:188367 [7] NCCL INFO GPU Direct RDMA Enabled for GPU 4 / HCA 3 (distance 4 <= 5), read 0 mode Default
furious-puma-1:187516:188367 [7] NCCL INFO GPU Direct RDMA Enabled for GPU 5 / HCA 3 (distance 4 <= 5), read 0 mode Default
furious-puma-1:187516:188367 [7] NCCL INFO GPU Direct RDMA Enabled for GPU 6 / HCA 3 (distance 4 <= 5), read 0 mode Default
furious-puma-1:187516:188367 [7] NCCL INFO GPU Direct RDMA Enabled for GPU 7 / HCA 3 (distance 4 <= 5), read 0 mode Default
furious-puma-1:187516:188367 [7] NCCL INFO GPU Direct RDMA Enabled for GPU 0 / HCA 4 (distance 4 <= 5), read 0 mode Default
furious-puma-1:187516:188367 [7] NCCL INFO GPU Direct RDMA Enabled for GPU 1 / HCA 4 (distance 4 <= 5), read 0 mode Default
furious-puma-1:187516:188367 [7] NCCL INFO GPU Direct RDMA Enabled for GPU 2 / HCA 4 (distance 4 <= 5), read 0 mode Default
furious-puma-1:187516:188367 [7] NCCL INFO GPU Direct RDMA Enabled for GPU 3 / HCA 4 (distance 4 <= 5), read 0 mode Default
furious-puma-1:187516:188367 [7] NCCL INFO GPU Direct RDMA Enabled for GPU 4 / HCA 4 (distance 4 <= 5), read 0 mode Default
furious-puma-1:187516:188367 [7] NCCL INFO GPU Direct RDMA Enabled for GPU 5 / HCA 4 (distance 4 <= 5), read 0 mode Default
furious-puma-1:187516:188367 [7] NCCL INFO GPU Direct RDMA Enabled for GPU 6 / HCA 4 (distance 4 <= 5), read 0 mode Default
furious-puma-1:187516:188367 [7] NCCL INFO GPU Direct RDMA Enabled for GPU 7 / HCA 4 (distance 4 <= 5), read 0 mode Default
furious-puma-1:187516:188367 [7] NCCL INFO GPU Direct RDMA Enabled for GPU 0 / HCA 5 (distance 4 <= 5), read 0 mode Default
furious-puma-1:187516:188367 [7] NCCL INFO GPU Direct RDMA Enabled for GPU 1 / HCA 5 (distance 4 <= 5), read 0 mode Default
furious-puma-1:187516:188367 [7] NCCL INFO GPU Direct RDMA Enabled for GPU 2 / HCA 5 (distance 4 <= 5), read 0 mode Default
furious-puma-1:187516:188367 [7] NCCL INFO GPU Direct RDMA Enabled for GPU 3 / HCA 5 (distance 4 <= 5), read 0 mode Default
furious-puma-1:187516:188367 [7] NCCL INFO GPU Direct RDMA Enabled for GPU 4 / HCA 5 (distance 4 <= 5), read 0 mode Default
furious-puma-1:187516:188367 [7] NCCL INFO GPU Direct RDMA Enabled for GPU 5 / HCA 5 (distance 4 <= 5), read 0 mode Default
furious-puma-1:187516:188367 [7] NCCL INFO GPU Direct RDMA Enabled for GPU 6 / HCA 5 (distance 4 <= 5), read 0 mode Default
furious-puma-1:187516:188367 [7] NCCL INFO GPU Direct RDMA Enabled for GPU 7 / HCA 5 (distance 4 <= 5), read 0 mode Default
furious-puma-1:187516:188367 [7] NCCL INFO GPU Direct RDMA Enabled for GPU 0 / HCA 6 (distance 4 <= 5), read 0 mode Default
furious-puma-1:187516:188367 [7] NCCL INFO GPU Direct RDMA Enabled for GPU 1 / HCA 6 (distance 4 <= 5), read 0 mode Default
furious-puma-1:187516:188367 [7] NCCL INFO GPU Direct RDMA Enabled for GPU 2 / HCA 6 (distance 4 <= 5), read 0 mode Default
furious-puma-1:187516:188367 [7] NCCL INFO GPU Direct RDMA Enabled for GPU 3 / HCA 6 (distance 4 <= 5), read 0 mode Default
furious-puma-1:187516:188367 [7] NCCL INFO GPU Direct RDMA Enabled for GPU 4 / HCA 6 (distance 4 <= 5), read 0 mode Default
furious-puma-1:187516:188367 [7] NCCL INFO GPU Direct RDMA Enabled for GPU 5 / HCA 6 (distance 4 <= 5), read 0 mode Default
furious-puma-1:187516:188367 [7] NCCL INFO GPU Direct RDMA Enabled for GPU 6 / HCA 6 (distance 4 <= 5), read 0 mode Default
furious-puma-1:187516:188367 [7] NCCL INFO GPU Direct RDMA Enabled for GPU 7 / HCA 6 (distance 4 <= 5), read 0 mode Default
furious-puma-1:187516:188367 [7] NCCL INFO GPU Direct RDMA Enabled for GPU 0 / HCA 7 (distance 4 <= 5), read 0 mode Default
furious-puma-1:187516:188367 [7] NCCL INFO GPU Direct RDMA Enabled for GPU 1 / HCA 7 (distance 4 <= 5), read 0 mode Default
furious-puma-1:187516:188367 [7] NCCL INFO GPU Direct RDMA Enabled for GPU 2 / HCA 7 (distance 4 <= 5), read 0 mode Default
furious-puma-1:187516:188367 [7] NCCL INFO GPU Direct RDMA Enabled for GPU 3 / HCA 7 (distance 4 <= 5), read 0 mode Default
furious-puma-1:187516:188367 [7] NCCL INFO GPU Direct RDMA Enabled for GPU 4 / HCA 7 (distance 4 <= 5), read 0 mode Default
furious-puma-1:187516:188367 [7] NCCL INFO GPU Direct RDMA Enabled for GPU 5 / HCA 7 (distance 4 <= 5), read 0 mode Default
furious-puma-1:187516:188367 [7] NCCL INFO GPU Direct RDMA Enabled for GPU 6 / HCA 7 (distance 4 <= 5), read 0 mode Default
furious-puma-1:187516:188367 [7] NCCL INFO GPU Direct RDMA Enabled for GPU 7 / HCA 7 (distance 4 <= 5), read 0 mode Default
furious-puma-1:187516:188367 [7] NCCL INFO === System : maxBw 370.8 totalBw 370.8 ===
furious-puma-1:187516:188367 [7] NCCL INFO CPU/0-0 (1/1/3)
furious-puma-1:187516:188367 [7] NCCL INFO + PCI[48.0] - PCI/0-ffffff010 (0)
furious-puma-1:187516:188367 [7] NCCL INFO               + PCI[48.0] - GPU/0-7f000 (0)
furious-puma-1:187516:188367 [7] NCCL INFO                             + NVL[370.8] - NVS/0-0
furious-puma-1:187516:188367 [7] NCCL INFO               + PCI[48.0] - NIC/0-80000
furious-puma-1:187516:188367 [7] NCCL INFO + PCI[48.0] - PCI/0-ffffff020 (0)
furious-puma-1:187516:188367 [7] NCCL INFO               + PCI[48.0] - NIC/0-90000
furious-puma-1:187516:188367 [7] NCCL INFO               + PCI[48.0] - GPU/0-8f000 (1)
furious-puma-1:187516:188367 [7] NCCL INFO                             + NVL[370.8] - NVS/0-0
furious-puma-1:187516:188367 [7] NCCL INFO + PCI[48.0] - PCI/0-ffffff030 (0)
furious-puma-1:187516:188367 [7] NCCL INFO               + PCI[48.0] - NIC/0-a0000
furious-puma-1:187516:188367 [7] NCCL INFO               + PCI[48.0] - GPU/0-9f000 (2)
furious-puma-1:187516:188367 [7] NCCL INFO                             + NVL[370.8] - NVS/0-0
furious-puma-1:187516:188367 [7] NCCL INFO + PCI[48.0] - PCI/0-ffffff040 (0)
furious-puma-1:187516:188367 [7] NCCL INFO               + PCI[48.0] - NIC/0-b0000
furious-puma-1:187516:188367 [7] NCCL INFO               + PCI[48.0] - GPU/0-af000 (3)
furious-puma-1:187516:188367 [7] NCCL INFO                             + NVL[370.8] - NVS/0-0
furious-puma-1:187516:188367 [7] NCCL INFO + SYS[22.0] - CPU/0-1
furious-puma-1:187516:188367 [7] NCCL INFO CPU/0-1 (1/1/3)
furious-puma-1:187516:188367 [7] NCCL INFO + PCI[48.0] - PCI/0-ffffff050 (0)
furious-puma-1:187516:188367 [7] NCCL INFO               + PCI[48.0] - NIC/0-c0000
furious-puma-1:187516:188367 [7] NCCL INFO               + PCI[48.0] - GPU/0-bf000 (4)
furious-puma-1:187516:188367 [7] NCCL INFO                             + NVL[370.8] - NVS/0-0
furious-puma-1:187516:188367 [7] NCCL INFO + PCI[48.0] - PCI/0-ffffff060 (0)
furious-puma-1:187516:188367 [7] NCCL INFO               + PCI[48.0] - NIC/0-d0000
furious-puma-1:187516:188367 [7] NCCL INFO               + PCI[48.0] - GPU/0-cf000 (5)
furious-puma-1:187516:188367 [7] NCCL INFO                             + NVL[370.8] - NVS/0-0
furious-puma-1:187516:188367 [7] NCCL INFO + PCI[48.0] - PCI/0-ffffff070 (0)
furious-puma-1:187516:188367 [7] NCCL INFO               + PCI[48.0] - NIC/0-e0000
furious-puma-1:187516:188367 [7] NCCL INFO               + PCI[48.0] - GPU/0-df000 (6)
furious-puma-1:187516:188367 [7] NCCL INFO                             + NVL[370.8] - NVS/0-0
furious-puma-1:187516:188367 [7] NCCL INFO + PCI[48.0] - PCI/0-ffffff080 (0)
furious-puma-1:187516:188367 [7] NCCL INFO               + PCI[48.0] - NIC/0-f0000
furious-puma-1:187516:188367 [7] NCCL INFO               + PCI[48.0] - GPU/0-ef000 (7)
furious-puma-1:187516:188367 [7] NCCL INFO                             + NVL[370.8] - NVS/0-0
furious-puma-1:187516:188367 [7] NCCL INFO + SYS[22.0] - CPU/0-0
furious-puma-1:187516:188367 [7] NCCL INFO ==========================================
furious-puma-1:187516:188367 [7] NCCL INFO GPU/0-7f000 :GPU/0-7f000 (0/5000.0/LOC) GPU/0-8f000 (2/370.8/NVL) GPU/0-9f000 (2/370.8/NVL) GPU/0-af000 (2/370.8/NVL) GPU/0-bf000 (2/370.8/NVL) GPU/0-cf000 (2/370.8/NVL) GPU/0-df000 (2/370.8/NVL) GPU/0-ef000 (2/370.8/NVL) NVS/0-0 (1/370.8/NVL) CPU/0-0 (2/48.0/PHB) CPU/0-1 (3/22.0/SYS) 
furious-puma-1:187516:188367 [7] NCCL INFO GPU/0-8f000 :GPU/0-7f000 (2/370.8/NVL) GPU/0-8f000 (0/5000.0/LOC) GPU/0-9f000 (2/370.8/NVL) GPU/0-af000 (2/370.8/NVL) GPU/0-bf000 (2/370.8/NVL) GPU/0-cf000 (2/370.8/NVL) GPU/0-df000 (2/370.8/NVL) GPU/0-ef000 (2/370.8/NVL) NVS/0-0 (1/370.8/NVL) CPU/0-0 (2/48.0/PHB) CPU/0-1 (3/22.0/SYS) 
furious-puma-1:187516:188367 [7] NCCL INFO GPU/0-9f000 :GPU/0-7f000 (2/370.8/NVL) GPU/0-8f000 (2/370.8/NVL) GPU/0-9f000 (0/5000.0/LOC) GPU/0-af000 (2/370.8/NVL) GPU/0-bf000 (2/370.8/NVL) GPU/0-cf000 (2/370.8/NVL) GPU/0-df000 (2/370.8/NVL) GPU/0-ef000 (2/370.8/NVL) NVS/0-0 (1/370.8/NVL) CPU/0-0 (2/48.0/PHB) CPU/0-1 (3/22.0/SYS) 
furious-puma-1:187516:188367 [7] NCCL INFO GPU/0-af000 :GPU/0-7f000 (2/370.8/NVL) GPU/0-8f000 (2/370.8/NVL) GPU/0-9f000 (2/370.8/NVL) GPU/0-af000 (0/5000.0/LOC) GPU/0-bf000 (2/370.8/NVL) GPU/0-cf000 (2/370.8/NVL) GPU/0-df000 (2/370.8/NVL) GPU/0-ef000 (2/370.8/NVL) NVS/0-0 (1/370.8/NVL) CPU/0-0 (2/48.0/PHB) CPU/0-1 (3/22.0/SYS) 
furious-puma-1:187516:188367 [7] NCCL INFO GPU/0-bf000 :GPU/0-7f000 (2/370.8/NVL) GPU/0-8f000 (2/370.8/NVL) GPU/0-9f000 (2/370.8/NVL) GPU/0-af000 (2/370.8/NVL) GPU/0-bf000 (0/5000.0/LOC) GPU/0-cf000 (2/370.8/NVL) GPU/0-df000 (2/370.8/NVL) GPU/0-ef000 (2/370.8/NVL) NVS/0-0 (1/370.8/NVL) CPU/0-0 (3/22.0/SYS) CPU/0-1 (2/48.0/PHB) 
furious-puma-1:187516:188367 [7] NCCL INFO GPU/0-cf000 :GPU/0-7f000 (2/370.8/NVL) GPU/0-8f000 (2/370.8/NVL) GPU/0-9f000 (2/370.8/NVL) GPU/0-af000 (2/370.8/NVL) GPU/0-bf000 (2/370.8/NVL) GPU/0-cf000 (0/5000.0/LOC) GPU/0-df000 (2/370.8/NVL) GPU/0-ef000 (2/370.8/NVL) NVS/0-0 (1/370.8/NVL) CPU/0-0 (3/22.0/SYS) CPU/0-1 (2/48.0/PHB) 
furious-puma-1:187516:188367 [7] NCCL INFO GPU/0-df000 :GPU/0-7f000 (2/370.8/NVL) GPU/0-8f000 (2/370.8/NVL) GPU/0-9f000 (2/370.8/NVL) GPU/0-af000 (2/370.8/NVL) GPU/0-bf000 (2/370.8/NVL) GPU/0-cf000 (2/370.8/NVL) GPU/0-df000 (0/5000.0/LOC) GPU/0-ef000 (2/370.8/NVL) NVS/0-0 (1/370.8/NVL) CPU/0-0 (3/22.0/SYS) CPU/0-1 (2/48.0/PHB) 
furious-puma-1:187516:188367 [7] NCCL INFO GPU/0-ef000 :GPU/0-7f000 (2/370.8/NVL) GPU/0-8f000 (2/370.8/NVL) GPU/0-9f000 (2/370.8/NVL) GPU/0-af000 (2/370.8/NVL) GPU/0-bf000 (2/370.8/NVL) GPU/0-cf000 (2/370.8/NVL) GPU/0-df000 (2/370.8/NVL) GPU/0-ef000 (0/5000.0/LOC) NVS/0-0 (1/370.8/NVL) CPU/0-0 (3/22.0/SYS) CPU/0-1 (2/48.0/PHB) 
furious-puma-1:187516:188367 [7] NCCL INFO Setting affinity for GPU 7 to 80-159
furious-puma-1:187516:188367 [7] NCCL INFO NVLS multicast support is available on dev 7 (NVLS_NCHANNELS 16)
furious-puma-1:187514:188353 [5] NCCL INFO Pattern 4, crossNic 0, nChannels 12, bw 30.000000/30.000000, type NVL/PIX, sameChannels 1
furious-puma-1:187514:188353 [5] NCCL INFO  0 : GPU/0-7f000 GPU/0-8f000 GPU/0-9f000 GPU/0-af000 GPU/0-bf000 GPU/0-cf000 GPU/0-df000 GPU/0-ef000
furious-puma-1:187514:188353 [5] NCCL INFO  1 : GPU/0-7f000 GPU/0-8f000 GPU/0-9f000 GPU/0-af000 GPU/0-bf000 GPU/0-cf000 GPU/0-df000 GPU/0-ef000
furious-puma-1:187514:188353 [5] NCCL INFO  2 : GPU/0-7f000 GPU/0-8f000 GPU/0-9f000 GPU/0-af000 GPU/0-bf000 GPU/0-cf000 GPU/0-df000 GPU/0-ef000
furious-puma-1:187514:188353 [5] NCCL INFO  3 : GPU/0-7f000 GPU/0-8f000 GPU/0-9f000 GPU/0-af000 GPU/0-bf000 GPU/0-cf000 GPU/0-df000 GPU/0-ef000
furious-puma-1:187514:188353 [5] NCCL INFO  4 : GPU/0-7f000 GPU/0-8f000 GPU/0-9f000 GPU/0-af000 GPU/0-bf000 GPU/0-cf000 GPU/0-df000 GPU/0-ef000
furious-puma-1:187514:188353 [5] NCCL INFO  5 : GPU/0-7f000 GPU/0-8f000 GPU/0-9f000 GPU/0-af000 GPU/0-bf000 GPU/0-cf000 GPU/0-df000 GPU/0-ef000
furious-puma-1:187514:188353 [5] NCCL INFO  6 : GPU/0-7f000 GPU/0-8f000 GPU/0-9f000 GPU/0-af000 GPU/0-bf000 GPU/0-cf000 GPU/0-df000 GPU/0-ef000
furious-puma-1:187514:188353 [5] NCCL INFO  7 : GPU/0-7f000 GPU/0-8f000 GPU/0-9f000 GPU/0-af000 GPU/0-bf000 GPU/0-cf000 GPU/0-df000 GPU/0-ef000
furious-puma-1:187514:188353 [5] NCCL INFO  8 : GPU/0-7f000 GPU/0-8f000 GPU/0-9f000 GPU/0-af000 GPU/0-bf000 GPU/0-cf000 GPU/0-df000 GPU/0-ef000
furious-puma-1:187514:188353 [5] NCCL INFO  9 : GPU/0-7f000 GPU/0-8f000 GPU/0-9f000 GPU/0-af000 GPU/0-bf000 GPU/0-cf000 GPU/0-df000 GPU/0-ef000
furious-puma-1:187514:188353 [5] NCCL INFO 10 : GPU/0-7f000 GPU/0-8f000 GPU/0-9f000 GPU/0-af000 GPU/0-bf000 GPU/0-cf000 GPU/0-df000 GPU/0-ef000
furious-puma-1:187514:188353 [5] NCCL INFO 11 : GPU/0-7f000 GPU/0-8f000 GPU/0-9f000 GPU/0-af000 GPU/0-bf000 GPU/0-cf000 GPU/0-df000 GPU/0-ef000
furious-puma-1:187514:188353 [5] NCCL INFO Pattern 1, crossNic 0, nChannels 12, bw 30.000000/30.000000, type NVL/PIX, sameChannels 1
furious-puma-1:187514:188353 [5] NCCL INFO  0 : GPU/0-7f000 GPU/0-8f000 GPU/0-9f000 GPU/0-af000 GPU/0-bf000 GPU/0-cf000 GPU/0-df000 GPU/0-ef000
furious-puma-1:187514:188353 [5] NCCL INFO  1 : GPU/0-7f000 GPU/0-8f000 GPU/0-9f000 GPU/0-af000 GPU/0-bf000 GPU/0-cf000 GPU/0-df000 GPU/0-ef000
furious-puma-1:187514:188353 [5] NCCL INFO  2 : GPU/0-7f000 GPU/0-8f000 GPU/0-9f000 GPU/0-af000 GPU/0-bf000 GPU/0-cf000 GPU/0-df000 GPU/0-ef000
furious-puma-1:187514:188353 [5] NCCL INFO  3 : GPU/0-7f000 GPU/0-8f000 GPU/0-9f000 GPU/0-af000 GPU/0-bf000 GPU/0-cf000 GPU/0-df000 GPU/0-ef000
furious-puma-1:187514:188353 [5] NCCL INFO  4 : GPU/0-7f000 GPU/0-8f000 GPU/0-9f000 GPU/0-af000 GPU/0-bf000 GPU/0-cf000 GPU/0-df000 GPU/0-ef000
furious-puma-1:187514:188353 [5] NCCL INFO  5 : GPU/0-7f000 GPU/0-8f000 GPU/0-9f000 GPU/0-af000 GPU/0-bf000 GPU/0-cf000 GPU/0-df000 GPU/0-ef000
furious-puma-1:187514:188353 [5] NCCL INFO  6 : GPU/0-7f000 GPU/0-8f000 GPU/0-9f000 GPU/0-af000 GPU/0-bf000 GPU/0-cf000 GPU/0-df000 GPU/0-ef000
furious-puma-1:187514:188353 [5] NCCL INFO  7 : GPU/0-7f000 GPU/0-8f000 GPU/0-9f000 GPU/0-af000 GPU/0-bf000 GPU/0-cf000 GPU/0-df000 GPU/0-ef000
furious-puma-1:187514:188353 [5] NCCL INFO  8 : GPU/0-7f000 GPU/0-8f000 GPU/0-9f000 GPU/0-af000 GPU/0-bf000 GPU/0-cf000 GPU/0-df000 GPU/0-ef000
furious-puma-1:187514:188353 [5] NCCL INFO  9 : GPU/0-7f000 GPU/0-8f000 GPU/0-9f000 GPU/0-af000 GPU/0-bf000 GPU/0-cf000 GPU/0-df000 GPU/0-ef000
furious-puma-1:187514:188353 [5] NCCL INFO 10 : GPU/0-7f000 GPU/0-8f000 GPU/0-9f000 GPU/0-af000 GPU/0-bf000 GPU/0-cf000 GPU/0-df000 GPU/0-ef000
furious-puma-1:187514:188353 [5] NCCL INFO 11 : GPU/0-7f000 GPU/0-8f000 GPU/0-9f000 GPU/0-af000 GPU/0-bf000 GPU/0-cf000 GPU/0-df000 GPU/0-ef000
furious-puma-1:187514:188353 [5] NCCL INFO Pattern 5, crossNic 0, nChannels 8, bw 40.000000/60.000000, type NVL/PIX, sameChannels 0
furious-puma-1:187514:188353 [5] NCCL INFO  0 : GPU/0-7f000
furious-puma-1:187514:188353 [5] NCCL INFO  1 : GPU/0-8f000
furious-puma-1:187514:188353 [5] NCCL INFO  2 : GPU/0-9f000
furious-puma-1:187514:188353 [5] NCCL INFO  3 : GPU/0-af000
furious-puma-1:187514:188353 [5] NCCL INFO  4 : GPU/0-bf000
furious-puma-1:187514:188353 [5] NCCL INFO  5 : GPU/0-cf000
furious-puma-1:187514:188353 [5] NCCL INFO  6 : GPU/0-df000
furious-puma-1:187514:188353 [5] NCCL INFO  7 : GPU/0-ef000
furious-puma-1:187512:188359 [3] NCCL INFO Pattern 4, crossNic 0, nChannels 12, bw 30.000000/30.000000, type NVL/PIX, sameChannels 1
furious-puma-1:187512:188359 [3] NCCL INFO  0 : GPU/0-7f000 GPU/0-8f000 GPU/0-9f000 GPU/0-af000 GPU/0-bf000 GPU/0-cf000 GPU/0-df000 GPU/0-ef000
furious-puma-1:187512:188359 [3] NCCL INFO  1 : GPU/0-7f000 GPU/0-8f000 GPU/0-9f000 GPU/0-af000 GPU/0-bf000 GPU/0-cf000 GPU/0-df000 GPU/0-ef000
furious-puma-1:187512:188359 [3] NCCL INFO  2 : GPU/0-7f000 GPU/0-8f000 GPU/0-9f000 GPU/0-af000 GPU/0-bf000 GPU/0-cf000 GPU/0-df000 GPU/0-ef000
furious-puma-1:187512:188359 [3] NCCL INFO  3 : GPU/0-7f000 GPU/0-8f000 GPU/0-9f000 GPU/0-af000 GPU/0-bf000 GPU/0-cf000 GPU/0-df000 GPU/0-ef000
furious-puma-1:187512:188359 [3] NCCL INFO  4 : GPU/0-7f000 GPU/0-8f000 GPU/0-9f000 GPU/0-af000 GPU/0-bf000 GPU/0-cf000 GPU/0-df000 GPU/0-ef000
furious-puma-1:187512:188359 [3] NCCL INFO  5 : GPU/0-7f000 GPU/0-8f000 GPU/0-9f000 GPU/0-af000 GPU/0-bf000 GPU/0-cf000 GPU/0-df000 GPU/0-ef000
furious-puma-1:187512:188359 [3] NCCL INFO  6 : GPU/0-7f000 GPU/0-8f000 GPU/0-9f000 GPU/0-af000 GPU/0-bf000 GPU/0-cf000 GPU/0-df000 GPU/0-ef000
furious-puma-1:187512:188359 [3] NCCL INFO  7 : GPU/0-7f000 GPU/0-8f000 GPU/0-9f000 GPU/0-af000 GPU/0-bf000 GPU/0-cf000 GPU/0-df000 GPU/0-ef000
furious-puma-1:187512:188359 [3] NCCL INFO  8 : GPU/0-7f000 GPU/0-8f000 GPU/0-9f000 GPU/0-af000 GPU/0-bf000 GPU/0-cf000 GPU/0-df000 GPU/0-ef000
furious-puma-1:187512:188359 [3] NCCL INFO  9 : GPU/0-7f000 GPU/0-8f000 GPU/0-9f000 GPU/0-af000 GPU/0-bf000 GPU/0-cf000 GPU/0-df000 GPU/0-ef000
furious-puma-1:187512:188359 [3] NCCL INFO 10 : GPU/0-7f000 GPU/0-8f000 GPU/0-9f000 GPU/0-af000 GPU/0-bf000 GPU/0-cf000 GPU/0-df000 GPU/0-ef000
furious-puma-1:187512:188359 [3] NCCL INFO 11 : GPU/0-7f000 GPU/0-8f000 GPU/0-9f000 GPU/0-af000 GPU/0-bf000 GPU/0-cf000 GPU/0-df000 GPU/0-ef000
furious-puma-1:187512:188359 [3] NCCL INFO Pattern 1, crossNic 0, nChannels 12, bw 30.000000/30.000000, type NVL/PIX, sameChannels 1
furious-puma-1:187512:188359 [3] NCCL INFO  0 : GPU/0-7f000 GPU/0-8f000 GPU/0-9f000 GPU/0-af000 GPU/0-bf000 GPU/0-cf000 GPU/0-df000 GPU/0-ef000
furious-puma-1:187512:188359 [3] NCCL INFO  1 : GPU/0-7f000 GPU/0-8f000 GPU/0-9f000 GPU/0-af000 GPU/0-bf000 GPU/0-cf000 GPU/0-df000 GPU/0-ef000
furious-puma-1:187512:188359 [3] NCCL INFO  2 : GPU/0-7f000 GPU/0-8f000 GPU/0-9f000 GPU/0-af000 GPU/0-bf000 GPU/0-cf000 GPU/0-df000 GPU/0-ef000
furious-puma-1:187512:188359 [3] NCCL INFO  3 : GPU/0-7f000 GPU/0-8f000 GPU/0-9f000 GPU/0-af000 GPU/0-bf000 GPU/0-cf000 GPU/0-df000 GPU/0-ef000
furious-puma-1:187512:188359 [3] NCCL INFO  4 : GPU/0-7f000 GPU/0-8f000 GPU/0-9f000 GPU/0-af000 GPU/0-bf000 GPU/0-cf000 GPU/0-df000 GPU/0-ef000
furious-puma-1:187512:188359 [3] NCCL INFO  5 : GPU/0-7f000 GPU/0-8f000 GPU/0-9f000 GPU/0-af000 GPU/0-bf000 GPU/0-cf000 GPU/0-df000 GPU/0-ef000
furious-puma-1:187512:188359 [3] NCCL INFO  6 : GPU/0-7f000 GPU/0-8f000 GPU/0-9f000 GPU/0-af000 GPU/0-bf000 GPU/0-cf000 GPU/0-df000 GPU/0-ef000
furious-puma-1:187512:188359 [3] NCCL INFO  7 : GPU/0-7f000 GPU/0-8f000 GPU/0-9f000 GPU/0-af000 GPU/0-bf000 GPU/0-cf000 GPU/0-df000 GPU/0-ef000
furious-puma-1:187512:188359 [3] NCCL INFO  8 : GPU/0-7f000 GPU/0-8f000 GPU/0-9f000 GPU/0-af000 GPU/0-bf000 GPU/0-cf000 GPU/0-df000 GPU/0-ef000
furious-puma-1:187512:188359 [3] NCCL INFO  9 : GPU/0-7f000 GPU/0-8f000 GPU/0-9f000 GPU/0-af000 GPU/0-bf000 GPU/0-cf000 GPU/0-df000 GPU/0-ef000
furious-puma-1:187512:188359 [3] NCCL INFO 10 : GPU/0-7f000 GPU/0-8f000 GPU/0-9f000 GPU/0-af000 GPU/0-bf000 GPU/0-cf000 GPU/0-df000 GPU/0-ef000
furious-puma-1:187512:188359 [3] NCCL INFO 11 : GPU/0-7f000 GPU/0-8f000 GPU/0-9f000 GPU/0-af000 GPU/0-bf000 GPU/0-cf000 GPU/0-df000 GPU/0-ef000
furious-puma-1:187512:188359 [3] NCCL INFO Pattern 5, crossNic 0, nChannels 8, bw 40.000000/60.000000, type NVL/PIX, sameChannels 0
furious-puma-1:187512:188359 [3] NCCL INFO  0 : GPU/0-7f000
furious-puma-1:187512:188359 [3] NCCL INFO  1 : GPU/0-8f000
furious-puma-1:187512:188359 [3] NCCL INFO  2 : GPU/0-9f000
furious-puma-1:187512:188359 [3] NCCL INFO  3 : GPU/0-af000
furious-puma-1:187512:188359 [3] NCCL INFO  4 : GPU/0-bf000
furious-puma-1:187512:188359 [3] NCCL INFO  5 : GPU/0-cf000
furious-puma-1:187512:188359 [3] NCCL INFO  6 : GPU/0-df000
furious-puma-1:187512:188359 [3] NCCL INFO  7 : GPU/0-ef000
furious-puma-1:187511:188356 [2] NCCL INFO Pattern 4, crossNic 0, nChannels 12, bw 30.000000/30.000000, type NVL/PIX, sameChannels 1
furious-puma-1:187511:188356 [2] NCCL INFO  0 : GPU/0-7f000 GPU/0-8f000 GPU/0-9f000 GPU/0-af000 GPU/0-bf000 GPU/0-cf000 GPU/0-df000 GPU/0-ef000
furious-puma-1:187511:188356 [2] NCCL INFO  1 : GPU/0-7f000 GPU/0-8f000 GPU/0-9f000 GPU/0-af000 GPU/0-bf000 GPU/0-cf000 GPU/0-df000 GPU/0-ef000
furious-puma-1:187511:188356 [2] NCCL INFO  2 : GPU/0-7f000 GPU/0-8f000 GPU/0-9f000 GPU/0-af000 GPU/0-bf000 GPU/0-cf000 GPU/0-df000 GPU/0-ef000
furious-puma-1:187511:188356 [2] NCCL INFO  3 : GPU/0-7f000 GPU/0-8f000 GPU/0-9f000 GPU/0-af000 GPU/0-bf000 GPU/0-cf000 GPU/0-df000 GPU/0-ef000
furious-puma-1:187511:188356 [2] NCCL INFO  4 : GPU/0-7f000 GPU/0-8f000 GPU/0-9f000 GPU/0-af000 GPU/0-bf000 GPU/0-cf000 GPU/0-df000 GPU/0-ef000
furious-puma-1:187511:188356 [2] NCCL INFO  5 : GPU/0-7f000 GPU/0-8f000 GPU/0-9f000 GPU/0-af000 GPU/0-bf000 GPU/0-cf000 GPU/0-df000 GPU/0-ef000
furious-puma-1:187511:188356 [2] NCCL INFO  6 : GPU/0-7f000 GPU/0-8f000 GPU/0-9f000 GPU/0-af000 GPU/0-bf000 GPU/0-cf000 GPU/0-df000 GPU/0-ef000
furious-puma-1:187511:188356 [2] NCCL INFO  7 : GPU/0-7f000 GPU/0-8f000 GPU/0-9f000 GPU/0-af000 GPU/0-bf000 GPU/0-cf000 GPU/0-df000 GPU/0-ef000
furious-puma-1:187511:188356 [2] NCCL INFO  8 : GPU/0-7f000 GPU/0-8f000 GPU/0-9f000 GPU/0-af000 GPU/0-bf000 GPU/0-cf000 GPU/0-df000 GPU/0-ef000
furious-puma-1:187511:188356 [2] NCCL INFO  9 : GPU/0-7f000 GPU/0-8f000 GPU/0-9f000 GPU/0-af000 GPU/0-bf000 GPU/0-cf000 GPU/0-df000 GPU/0-ef000
furious-puma-1:187511:188356 [2] NCCL INFO 10 : GPU/0-7f000 GPU/0-8f000 GPU/0-9f000 GPU/0-af000 GPU/0-bf000 GPU/0-cf000 GPU/0-df000 GPU/0-ef000
furious-puma-1:187511:188356 [2] NCCL INFO 11 : GPU/0-7f000 GPU/0-8f000 GPU/0-9f000 GPU/0-af000 GPU/0-bf000 GPU/0-cf000 GPU/0-df000 GPU/0-ef000
furious-puma-1:187511:188356 [2] NCCL INFO Pattern 1, crossNic 0, nChannels 12, bw 30.000000/30.000000, type NVL/PIX, sameChannels 1
furious-puma-1:187511:188356 [2] NCCL INFO  0 : GPU/0-7f000 GPU/0-8f000 GPU/0-9f000 GPU/0-af000 GPU/0-bf000 GPU/0-cf000 GPU/0-df000 GPU/0-ef000
furious-puma-1:187511:188356 [2] NCCL INFO  1 : GPU/0-7f000 GPU/0-8f000 GPU/0-9f000 GPU/0-af000 GPU/0-bf000 GPU/0-cf000 GPU/0-df000 GPU/0-ef000
furious-puma-1:187511:188356 [2] NCCL INFO  2 : GPU/0-7f000 GPU/0-8f000 GPU/0-9f000 GPU/0-af000 GPU/0-bf000 GPU/0-cf000 GPU/0-df000 GPU/0-ef000
furious-puma-1:187511:188356 [2] NCCL INFO  3 : GPU/0-7f000 GPU/0-8f000 GPU/0-9f000 GPU/0-af000 GPU/0-bf000 GPU/0-cf000 GPU/0-df000 GPU/0-ef000
furious-puma-1:187511:188356 [2] NCCL INFO  4 : GPU/0-7f000 GPU/0-8f000 GPU/0-9f000 GPU/0-af000 GPU/0-bf000 GPU/0-cf000 GPU/0-df000 GPU/0-ef000
furious-puma-1:187511:188356 [2] NCCL INFO  5 : GPU/0-7f000 GPU/0-8f000 GPU/0-9f000 GPU/0-af000 GPU/0-bf000 GPU/0-cf000 GPU/0-df000 GPU/0-ef000
furious-puma-1:187511:188356 [2] NCCL INFO  6 : GPU/0-7f000 GPU/0-8f000 GPU/0-9f000 GPU/0-af000 GPU/0-bf000 GPU/0-cf000 GPU/0-df000 GPU/0-ef000
furious-puma-1:187511:188356 [2] NCCL INFO  7 : GPU/0-7f000 GPU/0-8f000 GPU/0-9f000 GPU/0-af000 GPU/0-bf000 GPU/0-cf000 GPU/0-df000 GPU/0-ef000
furious-puma-1:187511:188356 [2] NCCL INFO  8 : GPU/0-7f000 GPU/0-8f000 GPU/0-9f000 GPU/0-af000 GPU/0-bf000 GPU/0-cf000 GPU/0-df000 GPU/0-ef000
furious-puma-1:187511:188356 [2] NCCL INFO  9 : GPU/0-7f000 GPU/0-8f000 GPU/0-9f000 GPU/0-af000 GPU/0-bf000 GPU/0-cf000 GPU/0-df000 GPU/0-ef000
furious-puma-1:187511:188356 [2] NCCL INFO 10 : GPU/0-7f000 GPU/0-8f000 GPU/0-9f000 GPU/0-af000 GPU/0-bf000 GPU/0-cf000 GPU/0-df000 GPU/0-ef000
furious-puma-1:187511:188356 [2] NCCL INFO 11 : GPU/0-7f000 GPU/0-8f000 GPU/0-9f000 GPU/0-af000 GPU/0-bf000 GPU/0-cf000 GPU/0-df000 GPU/0-ef000
furious-puma-1:187511:188356 [2] NCCL INFO Pattern 5, crossNic 0, nChannels 8, bw 40.000000/60.000000, type NVL/PIX, sameChannels 0
furious-puma-1:187511:188356 [2] NCCL INFO  0 : GPU/0-7f000
furious-puma-1:187511:188356 [2] NCCL INFO  1 : GPU/0-8f000
furious-puma-1:187511:188356 [2] NCCL INFO  2 : GPU/0-9f000
furious-puma-1:187511:188356 [2] NCCL INFO  3 : GPU/0-af000
furious-puma-1:187511:188356 [2] NCCL INFO  4 : GPU/0-bf000
furious-puma-1:187511:188356 [2] NCCL INFO  5 : GPU/0-cf000
furious-puma-1:187511:188356 [2] NCCL INFO  6 : GPU/0-df000
furious-puma-1:187511:188356 [2] NCCL INFO  7 : GPU/0-ef000
furious-puma-1:187509:188362 [0] NCCL INFO Pattern 4, crossNic 0, nChannels 12, bw 30.000000/30.000000, type NVL/PIX, sameChannels 1
furious-puma-1:187509:188362 [0] NCCL INFO  0 : GPU/0-7f000 GPU/0-8f000 GPU/0-9f000 GPU/0-af000 GPU/0-bf000 GPU/0-cf000 GPU/0-df000 GPU/0-ef000
furious-puma-1:187509:188362 [0] NCCL INFO  1 : GPU/0-7f000 GPU/0-8f000 GPU/0-9f000 GPU/0-af000 GPU/0-bf000 GPU/0-cf000 GPU/0-df000 GPU/0-ef000
furious-puma-1:187509:188362 [0] NCCL INFO  2 : GPU/0-7f000 GPU/0-8f000 GPU/0-9f000 GPU/0-af000 GPU/0-bf000 GPU/0-cf000 GPU/0-df000 GPU/0-ef000
furious-puma-1:187509:188362 [0] NCCL INFO  3 : GPU/0-7f000 GPU/0-8f000 GPU/0-9f000 GPU/0-af000 GPU/0-bf000 GPU/0-cf000 GPU/0-df000 GPU/0-ef000
furious-puma-1:187509:188362 [0] NCCL INFO  4 : GPU/0-7f000 GPU/0-8f000 GPU/0-9f000 GPU/0-af000 GPU/0-bf000 GPU/0-cf000 GPU/0-df000 GPU/0-ef000
furious-puma-1:187509:188362 [0] NCCL INFO  5 : GPU/0-7f000 GPU/0-8f000 GPU/0-9f000 GPU/0-af000 GPU/0-bf000 GPU/0-cf000 GPU/0-df000 GPU/0-ef000
furious-puma-1:187509:188362 [0] NCCL INFO  6 : GPU/0-7f000 GPU/0-8f000 GPU/0-9f000 GPU/0-af000 GPU/0-bf000 GPU/0-cf000 GPU/0-df000 GPU/0-ef000
furious-puma-1:187509:188362 [0] NCCL INFO  7 : GPU/0-7f000 GPU/0-8f000 GPU/0-9f000 GPU/0-af000 GPU/0-bf000 GPU/0-cf000 GPU/0-df000 GPU/0-ef000
furious-puma-1:187509:188362 [0] NCCL INFO  8 : GPU/0-7f000 GPU/0-8f000 GPU/0-9f000 GPU/0-af000 GPU/0-bf000 GPU/0-cf000 GPU/0-df000 GPU/0-ef000
furious-puma-1:187509:188362 [0] NCCL INFO  9 : GPU/0-7f000 GPU/0-8f000 GPU/0-9f000 GPU/0-af000 GPU/0-bf000 GPU/0-cf000 GPU/0-df000 GPU/0-ef000
furious-puma-1:187509:188362 [0] NCCL INFO 10 : GPU/0-7f000 GPU/0-8f000 GPU/0-9f000 GPU/0-af000 GPU/0-bf000 GPU/0-cf000 GPU/0-df000 GPU/0-ef000
furious-puma-1:187509:188362 [0] NCCL INFO 11 : GPU/0-7f000 GPU/0-8f000 GPU/0-9f000 GPU/0-af000 GPU/0-bf000 GPU/0-cf000 GPU/0-df000 GPU/0-ef000
furious-puma-1:187509:188362 [0] NCCL INFO Pattern 1, crossNic 0, nChannels 12, bw 30.000000/30.000000, type NVL/PIX, sameChannels 1
furious-puma-1:187509:188362 [0] NCCL INFO  0 : GPU/0-7f000 GPU/0-8f000 GPU/0-9f000 GPU/0-af000 GPU/0-bf000 GPU/0-cf000 GPU/0-df000 GPU/0-ef000
furious-puma-1:187509:188362 [0] NCCL INFO  1 : GPU/0-7f000 GPU/0-8f000 GPU/0-9f000 GPU/0-af000 GPU/0-bf000 GPU/0-cf000 GPU/0-df000 GPU/0-ef000
furious-puma-1:187509:188362 [0] NCCL INFO  2 : GPU/0-7f000 GPU/0-8f000 GPU/0-9f000 GPU/0-af000 GPU/0-bf000 GPU/0-cf000 GPU/0-df000 GPU/0-ef000
furious-puma-1:187509:188362 [0] NCCL INFO  3 : GPU/0-7f000 GPU/0-8f000 GPU/0-9f000 GPU/0-af000 GPU/0-bf000 GPU/0-cf000 GPU/0-df000 GPU/0-ef000
furious-puma-1:187509:188362 [0] NCCL INFO  4 : GPU/0-7f000 GPU/0-8f000 GPU/0-9f000 GPU/0-af000 GPU/0-bf000 GPU/0-cf000 GPU/0-df000 GPU/0-ef000
furious-puma-1:187509:188362 [0] NCCL INFO  5 : GPU/0-7f000 GPU/0-8f000 GPU/0-9f000 GPU/0-af000 GPU/0-bf000 GPU/0-cf000 GPU/0-df000 GPU/0-ef000
furious-puma-1:187509:188362 [0] NCCL INFO  6 : GPU/0-7f000 GPU/0-8f000 GPU/0-9f000 GPU/0-af000 GPU/0-bf000 GPU/0-cf000 GPU/0-df000 GPU/0-ef000
furious-puma-1:187509:188362 [0] NCCL INFO  7 : GPU/0-7f000 GPU/0-8f000 GPU/0-9f000 GPU/0-af000 GPU/0-bf000 GPU/0-cf000 GPU/0-df000 GPU/0-ef000
furious-puma-1:187509:188362 [0] NCCL INFO  8 : GPU/0-7f000 GPU/0-8f000 GPU/0-9f000 GPU/0-af000 GPU/0-bf000 GPU/0-cf000 GPU/0-df000 GPU/0-ef000
furious-puma-1:187509:188362 [0] NCCL INFO  9 : GPU/0-7f000 GPU/0-8f000 GPU/0-9f000 GPU/0-af000 GPU/0-bf000 GPU/0-cf000 GPU/0-df000 GPU/0-ef000
furious-puma-1:187509:188362 [0] NCCL INFO 10 : GPU/0-7f000 GPU/0-8f000 GPU/0-9f000 GPU/0-af000 GPU/0-bf000 GPU/0-cf000 GPU/0-df000 GPU/0-ef000
furious-puma-1:187509:188362 [0] NCCL INFO 11 : GPU/0-7f000 GPU/0-8f000 GPU/0-9f000 GPU/0-af000 GPU/0-bf000 GPU/0-cf000 GPU/0-df000 GPU/0-ef000
furious-puma-1:187509:188362 [0] NCCL INFO Pattern 5, crossNic 0, nChannels 8, bw 40.000000/60.000000, type NVL/PIX, sameChannels 0
furious-puma-1:187509:188362 [0] NCCL INFO  0 : GPU/0-7f000
furious-puma-1:187509:188362 [0] NCCL INFO  1 : GPU/0-8f000
furious-puma-1:187509:188362 [0] NCCL INFO  2 : GPU/0-9f000
furious-puma-1:187509:188362 [0] NCCL INFO  3 : GPU/0-af000
furious-puma-1:187509:188362 [0] NCCL INFO  4 : GPU/0-bf000
furious-puma-1:187509:188362 [0] NCCL INFO  5 : GPU/0-cf000
furious-puma-1:187509:188362 [0] NCCL INFO  6 : GPU/0-df000
furious-puma-1:187509:188362 [0] NCCL INFO  7 : GPU/0-ef000
furious-puma-1:187510:188371 [1] NCCL INFO Pattern 4, crossNic 0, nChannels 12, bw 30.000000/30.000000, type NVL/PIX, sameChannels 1
furious-puma-1:187510:188371 [1] NCCL INFO  0 : GPU/0-7f000 GPU/0-8f000 GPU/0-9f000 GPU/0-af000 GPU/0-bf000 GPU/0-cf000 GPU/0-df000 GPU/0-ef000
furious-puma-1:187510:188371 [1] NCCL INFO  1 : GPU/0-7f000 GPU/0-8f000 GPU/0-9f000 GPU/0-af000 GPU/0-bf000 GPU/0-cf000 GPU/0-df000 GPU/0-ef000
furious-puma-1:187510:188371 [1] NCCL INFO  2 : GPU/0-7f000 GPU/0-8f000 GPU/0-9f000 GPU/0-af000 GPU/0-bf000 GPU/0-cf000 GPU/0-df000 GPU/0-ef000
furious-puma-1:187510:188371 [1] NCCL INFO  3 : GPU/0-7f000 GPU/0-8f000 GPU/0-9f000 GPU/0-af000 GPU/0-bf000 GPU/0-cf000 GPU/0-df000 GPU/0-ef000
furious-puma-1:187510:188371 [1] NCCL INFO  4 : GPU/0-7f000 GPU/0-8f000 GPU/0-9f000 GPU/0-af000 GPU/0-bf000 GPU/0-cf000 GPU/0-df000 GPU/0-ef000
furious-puma-1:187510:188371 [1] NCCL INFO  5 : GPU/0-7f000 GPU/0-8f000 GPU/0-9f000 GPU/0-af000 GPU/0-bf000 GPU/0-cf000 GPU/0-df000 GPU/0-ef000
furious-puma-1:187510:188371 [1] NCCL INFO  6 : GPU/0-7f000 GPU/0-8f000 GPU/0-9f000 GPU/0-af000 GPU/0-bf000 GPU/0-cf000 GPU/0-df000 GPU/0-ef000
furious-puma-1:187510:188371 [1] NCCL INFO  7 : GPU/0-7f000 GPU/0-8f000 GPU/0-9f000 GPU/0-af000 GPU/0-bf000 GPU/0-cf000 GPU/0-df000 GPU/0-ef000
furious-puma-1:187510:188371 [1] NCCL INFO  8 : GPU/0-7f000 GPU/0-8f000 GPU/0-9f000 GPU/0-af000 GPU/0-bf000 GPU/0-cf000 GPU/0-df000 GPU/0-ef000
furious-puma-1:187510:188371 [1] NCCL INFO  9 : GPU/0-7f000 GPU/0-8f000 GPU/0-9f000 GPU/0-af000 GPU/0-bf000 GPU/0-cf000 GPU/0-df000 GPU/0-ef000
furious-puma-1:187510:188371 [1] NCCL INFO 10 : GPU/0-7f000 GPU/0-8f000 GPU/0-9f000 GPU/0-af000 GPU/0-bf000 GPU/0-cf000 GPU/0-df000 GPU/0-ef000
furious-puma-1:187510:188371 [1] NCCL INFO 11 : GPU/0-7f000 GPU/0-8f000 GPU/0-9f000 GPU/0-af000 GPU/0-bf000 GPU/0-cf000 GPU/0-df000 GPU/0-ef000
furious-puma-1:187516:188367 [7] NCCL INFO Pattern 4, crossNic 0, nChannels 12, bw 30.000000/30.000000, type NVL/PIX, sameChannels 1
furious-puma-1:187516:188367 [7] NCCL INFO  0 : GPU/0-7f000 GPU/0-8f000 GPU/0-9f000 GPU/0-af000 GPU/0-bf000 GPU/0-cf000 GPU/0-df000 GPU/0-ef000
furious-puma-1:187516:188367 [7] NCCL INFO  1 : GPU/0-7f000 GPU/0-8f000 GPU/0-9f000 GPU/0-af000 GPU/0-bf000 GPU/0-cf000 GPU/0-df000 GPU/0-ef000
furious-puma-1:187516:188367 [7] NCCL INFO  2 : GPU/0-7f000 GPU/0-8f000 GPU/0-9f000 GPU/0-af000 GPU/0-bf000 GPU/0-cf000 GPU/0-df000 GPU/0-ef000
furious-puma-1:187516:188367 [7] NCCL INFO  3 : GPU/0-7f000 GPU/0-8f000 GPU/0-9f000 GPU/0-af000 GPU/0-bf000 GPU/0-cf000 GPU/0-df000 GPU/0-ef000
furious-puma-1:187516:188367 [7] NCCL INFO  4 : GPU/0-7f000 GPU/0-8f000 GPU/0-9f000 GPU/0-af000 GPU/0-bf000 GPU/0-cf000 GPU/0-df000 GPU/0-ef000
furious-puma-1:187510:188371 [1] NCCL INFO Pattern 1, crossNic 0, nChannels 12, bw 30.000000/30.000000, type NVL/PIX, sameChannels 1
furious-puma-1:187516:188367 [7] NCCL INFO  5 : GPU/0-7f000 GPU/0-8f000 GPU/0-9f000 GPU/0-af000 GPU/0-bf000 GPU/0-cf000 GPU/0-df000 GPU/0-ef000
furious-puma-1:187510:188371 [1] NCCL INFO  0 : GPU/0-7f000 GPU/0-8f000 GPU/0-9f000 GPU/0-af000 GPU/0-bf000 GPU/0-cf000 GPU/0-df000 GPU/0-ef000
furious-puma-1:187516:188367 [7] NCCL INFO  6 : GPU/0-7f000 GPU/0-8f000 GPU/0-9f000 GPU/0-af000 GPU/0-bf000 GPU/0-cf000 GPU/0-df000 GPU/0-ef000
furious-puma-1:187510:188371 [1] NCCL INFO  1 : GPU/0-7f000 GPU/0-8f000 GPU/0-9f000 GPU/0-af000 GPU/0-bf000 GPU/0-cf000 GPU/0-df000 GPU/0-ef000
furious-puma-1:187516:188367 [7] NCCL INFO  7 : GPU/0-7f000 GPU/0-8f000 GPU/0-9f000 GPU/0-af000 GPU/0-bf000 GPU/0-cf000 GPU/0-df000 GPU/0-ef000
furious-puma-1:187510:188371 [1] NCCL INFO  2 : GPU/0-7f000 GPU/0-8f000 GPU/0-9f000 GPU/0-af000 GPU/0-bf000 GPU/0-cf000 GPU/0-df000 GPU/0-ef000
furious-puma-1:187516:188367 [7] NCCL INFO  8 : GPU/0-7f000 GPU/0-8f000 GPU/0-9f000 GPU/0-af000 GPU/0-bf000 GPU/0-cf000 GPU/0-df000 GPU/0-ef000
furious-puma-1:187510:188371 [1] NCCL INFO  3 : GPU/0-7f000 GPU/0-8f000 GPU/0-9f000 GPU/0-af000 GPU/0-bf000 GPU/0-cf000 GPU/0-df000 GPU/0-ef000
furious-puma-1:187516:188367 [7] NCCL INFO  9 : GPU/0-7f000 GPU/0-8f000 GPU/0-9f000 GPU/0-af000 GPU/0-bf000 GPU/0-cf000 GPU/0-df000 GPU/0-ef000
furious-puma-1:187510:188371 [1] NCCL INFO  4 : GPU/0-7f000 GPU/0-8f000 GPU/0-9f000 GPU/0-af000 GPU/0-bf000 GPU/0-cf000 GPU/0-df000 GPU/0-ef000
furious-puma-1:187516:188367 [7] NCCL INFO 10 : GPU/0-7f000 GPU/0-8f000 GPU/0-9f000 GPU/0-af000 GPU/0-bf000 GPU/0-cf000 GPU/0-df000 GPU/0-ef000
furious-puma-1:187510:188371 [1] NCCL INFO  5 : GPU/0-7f000 GPU/0-8f000 GPU/0-9f000 GPU/0-af000 GPU/0-bf000 GPU/0-cf000 GPU/0-df000 GPU/0-ef000
furious-puma-1:187516:188367 [7] NCCL INFO 11 : GPU/0-7f000 GPU/0-8f000 GPU/0-9f000 GPU/0-af000 GPU/0-bf000 GPU/0-cf000 GPU/0-df000 GPU/0-ef000
furious-puma-1:187510:188371 [1] NCCL INFO  6 : GPU/0-7f000 GPU/0-8f000 GPU/0-9f000 GPU/0-af000 GPU/0-bf000 GPU/0-cf000 GPU/0-df000 GPU/0-ef000
furious-puma-1:187510:188371 [1] NCCL INFO  7 : GPU/0-7f000 GPU/0-8f000 GPU/0-9f000 GPU/0-af000 GPU/0-bf000 GPU/0-cf000 GPU/0-df000 GPU/0-ef000
furious-puma-1:187510:188371 [1] NCCL INFO  8 : GPU/0-7f000 GPU/0-8f000 GPU/0-9f000 GPU/0-af000 GPU/0-bf000 GPU/0-cf000 GPU/0-df000 GPU/0-ef000
furious-puma-1:187510:188371 [1] NCCL INFO  9 : GPU/0-7f000 GPU/0-8f000 GPU/0-9f000 GPU/0-af000 GPU/0-bf000 GPU/0-cf000 GPU/0-df000 GPU/0-ef000
furious-puma-1:187510:188371 [1] NCCL INFO 10 : GPU/0-7f000 GPU/0-8f000 GPU/0-9f000 GPU/0-af000 GPU/0-bf000 GPU/0-cf000 GPU/0-df000 GPU/0-ef000
furious-puma-1:187510:188371 [1] NCCL INFO 11 : GPU/0-7f000 GPU/0-8f000 GPU/0-9f000 GPU/0-af000 GPU/0-bf000 GPU/0-cf000 GPU/0-df000 GPU/0-ef000
furious-puma-1:187516:188367 [7] NCCL INFO Pattern 1, crossNic 0, nChannels 12, bw 30.000000/30.000000, type NVL/PIX, sameChannels 1
furious-puma-1:187516:188367 [7] NCCL INFO  0 : GPU/0-7f000 GPU/0-8f000 GPU/0-9f000 GPU/0-af000 GPU/0-bf000 GPU/0-cf000 GPU/0-df000 GPU/0-ef000
furious-puma-1:187516:188367 [7] NCCL INFO  1 : GPU/0-7f000 GPU/0-8f000 GPU/0-9f000 GPU/0-af000 GPU/0-bf000 GPU/0-cf000 GPU/0-df000 GPU/0-ef000
furious-puma-1:187516:188367 [7] NCCL INFO  2 : GPU/0-7f000 GPU/0-8f000 GPU/0-9f000 GPU/0-af000 GPU/0-bf000 GPU/0-cf000 GPU/0-df000 GPU/0-ef000
furious-puma-1:187516:188367 [7] NCCL INFO  3 : GPU/0-7f000 GPU/0-8f000 GPU/0-9f000 GPU/0-af000 GPU/0-bf000 GPU/0-cf000 GPU/0-df000 GPU/0-ef000
furious-puma-1:187516:188367 [7] NCCL INFO  4 : GPU/0-7f000 GPU/0-8f000 GPU/0-9f000 GPU/0-af000 GPU/0-bf000 GPU/0-cf000 GPU/0-df000 GPU/0-ef000
furious-puma-1:187516:188367 [7] NCCL INFO  5 : GPU/0-7f000 GPU/0-8f000 GPU/0-9f000 GPU/0-af000 GPU/0-bf000 GPU/0-cf000 GPU/0-df000 GPU/0-ef000
furious-puma-1:187516:188367 [7] NCCL INFO  6 : GPU/0-7f000 GPU/0-8f000 GPU/0-9f000 GPU/0-af000 GPU/0-bf000 GPU/0-cf000 GPU/0-df000 GPU/0-ef000
furious-puma-1:187516:188367 [7] NCCL INFO  7 : GPU/0-7f000 GPU/0-8f000 GPU/0-9f000 GPU/0-af000 GPU/0-bf000 GPU/0-cf000 GPU/0-df000 GPU/0-ef000
furious-puma-1:187516:188367 [7] NCCL INFO  8 : GPU/0-7f000 GPU/0-8f000 GPU/0-9f000 GPU/0-af000 GPU/0-bf000 GPU/0-cf000 GPU/0-df000 GPU/0-ef000
furious-puma-1:187516:188367 [7] NCCL INFO  9 : GPU/0-7f000 GPU/0-8f000 GPU/0-9f000 GPU/0-af000 GPU/0-bf000 GPU/0-cf000 GPU/0-df000 GPU/0-ef000
furious-puma-1:187516:188367 [7] NCCL INFO 10 : GPU/0-7f000 GPU/0-8f000 GPU/0-9f000 GPU/0-af000 GPU/0-bf000 GPU/0-cf000 GPU/0-df000 GPU/0-ef000
furious-puma-1:187516:188367 [7] NCCL INFO 11 : GPU/0-7f000 GPU/0-8f000 GPU/0-9f000 GPU/0-af000 GPU/0-bf000 GPU/0-cf000 GPU/0-df000 GPU/0-ef000
furious-puma-1:187510:188371 [1] NCCL INFO Pattern 5, crossNic 0, nChannels 8, bw 40.000000/60.000000, type NVL/PIX, sameChannels 0
furious-puma-1:187510:188371 [1] NCCL INFO  0 : GPU/0-7f000
furious-puma-1:187510:188371 [1] NCCL INFO  1 : GPU/0-8f000
furious-puma-1:187510:188371 [1] NCCL INFO  2 : GPU/0-9f000
furious-puma-1:187510:188371 [1] NCCL INFO  3 : GPU/0-af000
furious-puma-1:187510:188371 [1] NCCL INFO  4 : GPU/0-bf000
furious-puma-1:187510:188371 [1] NCCL INFO  5 : GPU/0-cf000
furious-puma-1:187510:188371 [1] NCCL INFO  6 : GPU/0-df000
furious-puma-1:187510:188371 [1] NCCL INFO  7 : GPU/0-ef000
furious-puma-1:187516:188367 [7] NCCL INFO Pattern 5, crossNic 0, nChannels 8, bw 40.000000/60.000000, type NVL/PIX, sameChannels 0
furious-puma-1:187516:188367 [7] NCCL INFO  0 : GPU/0-7f000
furious-puma-1:187516:188367 [7] NCCL INFO  1 : GPU/0-8f000
furious-puma-1:187516:188367 [7] NCCL INFO  2 : GPU/0-9f000
furious-puma-1:187516:188367 [7] NCCL INFO  3 : GPU/0-af000
furious-puma-1:187516:188367 [7] NCCL INFO  4 : GPU/0-bf000
furious-puma-1:187516:188367 [7] NCCL INFO  5 : GPU/0-cf000
furious-puma-1:187516:188367 [7] NCCL INFO  6 : GPU/0-df000
furious-puma-1:187516:188367 [7] NCCL INFO  7 : GPU/0-ef000
furious-puma-1:187513:188365 [4] NCCL INFO Pattern 4, crossNic 0, nChannels 12, bw 30.000000/30.000000, type NVL/PIX, sameChannels 1
furious-puma-1:187513:188365 [4] NCCL INFO  0 : GPU/0-7f000 GPU/0-8f000 GPU/0-9f000 GPU/0-af000 GPU/0-bf000 GPU/0-cf000 GPU/0-df000 GPU/0-ef000
furious-puma-1:187513:188365 [4] NCCL INFO  1 : GPU/0-7f000 GPU/0-8f000 GPU/0-9f000 GPU/0-af000 GPU/0-bf000 GPU/0-cf000 GPU/0-df000 GPU/0-ef000
furious-puma-1:187513:188365 [4] NCCL INFO  2 : GPU/0-7f000 GPU/0-8f000 GPU/0-9f000 GPU/0-af000 GPU/0-bf000 GPU/0-cf000 GPU/0-df000 GPU/0-ef000
furious-puma-1:187513:188365 [4] NCCL INFO  3 : GPU/0-7f000 GPU/0-8f000 GPU/0-9f000 GPU/0-af000 GPU/0-bf000 GPU/0-cf000 GPU/0-df000 GPU/0-ef000
furious-puma-1:187513:188365 [4] NCCL INFO  4 : GPU/0-7f000 GPU/0-8f000 GPU/0-9f000 GPU/0-af000 GPU/0-bf000 GPU/0-cf000 GPU/0-df000 GPU/0-ef000
furious-puma-1:187513:188365 [4] NCCL INFO  5 : GPU/0-7f000 GPU/0-8f000 GPU/0-9f000 GPU/0-af000 GPU/0-bf000 GPU/0-cf000 GPU/0-df000 GPU/0-ef000
furious-puma-1:187513:188365 [4] NCCL INFO  6 : GPU/0-7f000 GPU/0-8f000 GPU/0-9f000 GPU/0-af000 GPU/0-bf000 GPU/0-cf000 GPU/0-df000 GPU/0-ef000
furious-puma-1:187513:188365 [4] NCCL INFO  7 : GPU/0-7f000 GPU/0-8f000 GPU/0-9f000 GPU/0-af000 GPU/0-bf000 GPU/0-cf000 GPU/0-df000 GPU/0-ef000
furious-puma-1:187513:188365 [4] NCCL INFO  8 : GPU/0-7f000 GPU/0-8f000 GPU/0-9f000 GPU/0-af000 GPU/0-bf000 GPU/0-cf000 GPU/0-df000 GPU/0-ef000
furious-puma-1:187513:188365 [4] NCCL INFO  9 : GPU/0-7f000 GPU/0-8f000 GPU/0-9f000 GPU/0-af000 GPU/0-bf000 GPU/0-cf000 GPU/0-df000 GPU/0-ef000
furious-puma-1:187513:188365 [4] NCCL INFO 10 : GPU/0-7f000 GPU/0-8f000 GPU/0-9f000 GPU/0-af000 GPU/0-bf000 GPU/0-cf000 GPU/0-df000 GPU/0-ef000
furious-puma-1:187513:188365 [4] NCCL INFO 11 : GPU/0-7f000 GPU/0-8f000 GPU/0-9f000 GPU/0-af000 GPU/0-bf000 GPU/0-cf000 GPU/0-df000 GPU/0-ef000
furious-puma-1:187513:188365 [4] NCCL INFO Pattern 1, crossNic 0, nChannels 12, bw 30.000000/30.000000, type NVL/PIX, sameChannels 1
furious-puma-1:187513:188365 [4] NCCL INFO  0 : GPU/0-7f000 GPU/0-8f000 GPU/0-9f000 GPU/0-af000 GPU/0-bf000 GPU/0-cf000 GPU/0-df000 GPU/0-ef000
furious-puma-1:187513:188365 [4] NCCL INFO  1 : GPU/0-7f000 GPU/0-8f000 GPU/0-9f000 GPU/0-af000 GPU/0-bf000 GPU/0-cf000 GPU/0-df000 GPU/0-ef000
furious-puma-1:187513:188365 [4] NCCL INFO  2 : GPU/0-7f000 GPU/0-8f000 GPU/0-9f000 GPU/0-af000 GPU/0-bf000 GPU/0-cf000 GPU/0-df000 GPU/0-ef000
furious-puma-1:187513:188365 [4] NCCL INFO  3 : GPU/0-7f000 GPU/0-8f000 GPU/0-9f000 GPU/0-af000 GPU/0-bf000 GPU/0-cf000 GPU/0-df000 GPU/0-ef000
furious-puma-1:187515:188350 [6] NCCL INFO Pattern 4, crossNic 0, nChannels 12, bw 30.000000/30.000000, type NVL/PIX, sameChannels 1
furious-puma-1:187513:188365 [4] NCCL INFO  4 : GPU/0-7f000 GPU/0-8f000 GPU/0-9f000 GPU/0-af000 GPU/0-bf000 GPU/0-cf000 GPU/0-df000 GPU/0-ef000
furious-puma-1:187515:188350 [6] NCCL INFO  0 : GPU/0-7f000 GPU/0-8f000 GPU/0-9f000 GPU/0-af000 GPU/0-bf000 GPU/0-cf000 GPU/0-df000 GPU/0-ef000
furious-puma-1:187513:188365 [4] NCCL INFO  5 : GPU/0-7f000 GPU/0-8f000 GPU/0-9f000 GPU/0-af000 GPU/0-bf000 GPU/0-cf000 GPU/0-df000 GPU/0-ef000
furious-puma-1:187515:188350 [6] NCCL INFO  1 : GPU/0-7f000 GPU/0-8f000 GPU/0-9f000 GPU/0-af000 GPU/0-bf000 GPU/0-cf000 GPU/0-df000 GPU/0-ef000
furious-puma-1:187513:188365 [4] NCCL INFO  6 : GPU/0-7f000 GPU/0-8f000 GPU/0-9f000 GPU/0-af000 GPU/0-bf000 GPU/0-cf000 GPU/0-df000 GPU/0-ef000
furious-puma-1:187515:188350 [6] NCCL INFO  2 : GPU/0-7f000 GPU/0-8f000 GPU/0-9f000 GPU/0-af000 GPU/0-bf000 GPU/0-cf000 GPU/0-df000 GPU/0-ef000
furious-puma-1:187513:188365 [4] NCCL INFO  7 : GPU/0-7f000 GPU/0-8f000 GPU/0-9f000 GPU/0-af000 GPU/0-bf000 GPU/0-cf000 GPU/0-df000 GPU/0-ef000
furious-puma-1:187515:188350 [6] NCCL INFO  3 : GPU/0-7f000 GPU/0-8f000 GPU/0-9f000 GPU/0-af000 GPU/0-bf000 GPU/0-cf000 GPU/0-df000 GPU/0-ef000
furious-puma-1:187513:188365 [4] NCCL INFO  8 : GPU/0-7f000 GPU/0-8f000 GPU/0-9f000 GPU/0-af000 GPU/0-bf000 GPU/0-cf000 GPU/0-df000 GPU/0-ef000
furious-puma-1:187515:188350 [6] NCCL INFO  4 : GPU/0-7f000 GPU/0-8f000 GPU/0-9f000 GPU/0-af000 GPU/0-bf000 GPU/0-cf000 GPU/0-df000 GPU/0-ef000
furious-puma-1:187513:188365 [4] NCCL INFO  9 : GPU/0-7f000 GPU/0-8f000 GPU/0-9f000 GPU/0-af000 GPU/0-bf000 GPU/0-cf000 GPU/0-df000 GPU/0-ef000
furious-puma-1:187515:188350 [6] NCCL INFO  5 : GPU/0-7f000 GPU/0-8f000 GPU/0-9f000 GPU/0-af000 GPU/0-bf000 GPU/0-cf000 GPU/0-df000 GPU/0-ef000
furious-puma-1:187513:188365 [4] NCCL INFO 10 : GPU/0-7f000 GPU/0-8f000 GPU/0-9f000 GPU/0-af000 GPU/0-bf000 GPU/0-cf000 GPU/0-df000 GPU/0-ef000
furious-puma-1:187515:188350 [6] NCCL INFO  6 : GPU/0-7f000 GPU/0-8f000 GPU/0-9f000 GPU/0-af000 GPU/0-bf000 GPU/0-cf000 GPU/0-df000 GPU/0-ef000
furious-puma-1:187513:188365 [4] NCCL INFO 11 : GPU/0-7f000 GPU/0-8f000 GPU/0-9f000 GPU/0-af000 GPU/0-bf000 GPU/0-cf000 GPU/0-df000 GPU/0-ef000
furious-puma-1:187515:188350 [6] NCCL INFO  7 : GPU/0-7f000 GPU/0-8f000 GPU/0-9f000 GPU/0-af000 GPU/0-bf000 GPU/0-cf000 GPU/0-df000 GPU/0-ef000
furious-puma-1:187515:188350 [6] NCCL INFO  8 : GPU/0-7f000 GPU/0-8f000 GPU/0-9f000 GPU/0-af000 GPU/0-bf000 GPU/0-cf000 GPU/0-df000 GPU/0-ef000
furious-puma-1:187515:188350 [6] NCCL INFO  9 : GPU/0-7f000 GPU/0-8f000 GPU/0-9f000 GPU/0-af000 GPU/0-bf000 GPU/0-cf000 GPU/0-df000 GPU/0-ef000
furious-puma-1:187515:188350 [6] NCCL INFO 10 : GPU/0-7f000 GPU/0-8f000 GPU/0-9f000 GPU/0-af000 GPU/0-bf000 GPU/0-cf000 GPU/0-df000 GPU/0-ef000
furious-puma-1:187515:188350 [6] NCCL INFO 11 : GPU/0-7f000 GPU/0-8f000 GPU/0-9f000 GPU/0-af000 GPU/0-bf000 GPU/0-cf000 GPU/0-df000 GPU/0-ef000
furious-puma-1:187515:188350 [6] NCCL INFO Pattern 1, crossNic 0, nChannels 12, bw 30.000000/30.000000, type NVL/PIX, sameChannels 1
furious-puma-1:187513:188365 [4] NCCL INFO Pattern 5, crossNic 0, nChannels 8, bw 40.000000/60.000000, type NVL/PIX, sameChannels 0
furious-puma-1:187513:188365 [4] NCCL INFO  0 : GPU/0-7f000
furious-puma-1:187515:188350 [6] NCCL INFO  0 : GPU/0-7f000 GPU/0-8f000 GPU/0-9f000 GPU/0-af000 GPU/0-bf000 GPU/0-cf000 GPU/0-df000 GPU/0-ef000
furious-puma-1:187513:188365 [4] NCCL INFO  1 : GPU/0-8f000
furious-puma-1:187513:188365 [4] NCCL INFO  2 : GPU/0-9f000
furious-puma-1:187515:188350 [6] NCCL INFO  1 : GPU/0-7f000 GPU/0-8f000 GPU/0-9f000 GPU/0-af000 GPU/0-bf000 GPU/0-cf000 GPU/0-df000 GPU/0-ef000
furious-puma-1:187513:188365 [4] NCCL INFO  3 : GPU/0-af000
furious-puma-1:187513:188365 [4] NCCL INFO  4 : GPU/0-bf000
furious-puma-1:187515:188350 [6] NCCL INFO  2 : GPU/0-7f000 GPU/0-8f000 GPU/0-9f000 GPU/0-af000 GPU/0-bf000 GPU/0-cf000 GPU/0-df000 GPU/0-ef000
furious-puma-1:187513:188365 [4] NCCL INFO  5 : GPU/0-cf000
furious-puma-1:187513:188365 [4] NCCL INFO  6 : GPU/0-df000
furious-puma-1:187515:188350 [6] NCCL INFO  3 : GPU/0-7f000 GPU/0-8f000 GPU/0-9f000 GPU/0-af000 GPU/0-bf000 GPU/0-cf000 GPU/0-df000 GPU/0-ef000
furious-puma-1:187513:188365 [4] NCCL INFO  7 : GPU/0-ef000
furious-puma-1:187515:188350 [6] NCCL INFO  4 : GPU/0-7f000 GPU/0-8f000 GPU/0-9f000 GPU/0-af000 GPU/0-bf000 GPU/0-cf000 GPU/0-df000 GPU/0-ef000
furious-puma-1:187515:188350 [6] NCCL INFO  5 : GPU/0-7f000 GPU/0-8f000 GPU/0-9f000 GPU/0-af000 GPU/0-bf000 GPU/0-cf000 GPU/0-df000 GPU/0-ef000
furious-puma-1:187515:188350 [6] NCCL INFO  6 : GPU/0-7f000 GPU/0-8f000 GPU/0-9f000 GPU/0-af000 GPU/0-bf000 GPU/0-cf000 GPU/0-df000 GPU/0-ef000
furious-puma-1:187515:188350 [6] NCCL INFO  7 : GPU/0-7f000 GPU/0-8f000 GPU/0-9f000 GPU/0-af000 GPU/0-bf000 GPU/0-cf000 GPU/0-df000 GPU/0-ef000
furious-puma-1:187515:188350 [6] NCCL INFO  8 : GPU/0-7f000 GPU/0-8f000 GPU/0-9f000 GPU/0-af000 GPU/0-bf000 GPU/0-cf000 GPU/0-df000 GPU/0-ef000
furious-puma-1:187515:188350 [6] NCCL INFO  9 : GPU/0-7f000 GPU/0-8f000 GPU/0-9f000 GPU/0-af000 GPU/0-bf000 GPU/0-cf000 GPU/0-df000 GPU/0-ef000
furious-puma-1:187515:188350 [6] NCCL INFO 10 : GPU/0-7f000 GPU/0-8f000 GPU/0-9f000 GPU/0-af000 GPU/0-bf000 GPU/0-cf000 GPU/0-df000 GPU/0-ef000
furious-puma-1:187515:188350 [6] NCCL INFO 11 : GPU/0-7f000 GPU/0-8f000 GPU/0-9f000 GPU/0-af000 GPU/0-bf000 GPU/0-cf000 GPU/0-df000 GPU/0-ef000
furious-puma-1:187515:188350 [6] NCCL INFO Pattern 5, crossNic 0, nChannels 8, bw 40.000000/60.000000, type NVL/PIX, sameChannels 0
furious-puma-1:187515:188350 [6] NCCL INFO  0 : GPU/0-7f000
furious-puma-1:187515:188350 [6] NCCL INFO  1 : GPU/0-8f000
furious-puma-1:187515:188350 [6] NCCL INFO  2 : GPU/0-9f000
furious-puma-1:187515:188350 [6] NCCL INFO  3 : GPU/0-af000
furious-puma-1:187515:188350 [6] NCCL INFO  4 : GPU/0-bf000
furious-puma-1:187515:188350 [6] NCCL INFO  5 : GPU/0-cf000
furious-puma-1:187515:188350 [6] NCCL INFO  6 : GPU/0-df000
furious-puma-1:187515:188350 [6] NCCL INFO  7 : GPU/0-ef000
furious-puma-1:187514:188353 [5] NCCL INFO comm 0x461af8b0 rank 5 nRanks 8 nNodes 1 localRanks 8 localRank 5 MNNVL 0
furious-puma-1:187512:188359 [3] NCCL INFO comm 0x4aaf9300 rank 3 nRanks 8 nNodes 1 localRanks 8 localRank 3 MNNVL 0
furious-puma-1:187513:188365 [4] NCCL INFO comm 0x4d074400 rank 4 nRanks 8 nNodes 1 localRanks 8 localRank 4 MNNVL 0
furious-puma-1:187515:188350 [6] NCCL INFO comm 0x4e186700 rank 6 nRanks 8 nNodes 1 localRanks 8 localRank 6 MNNVL 0
furious-puma-1:187511:188356 [2] NCCL INFO comm 0x326db220 rank 2 nRanks 8 nNodes 1 localRanks 8 localRank 2 MNNVL 0
furious-puma-1:187510:188371 [1] NCCL INFO comm 0x3f84afc0 rank 1 nRanks 8 nNodes 1 localRanks 8 localRank 1 MNNVL 0
furious-puma-1:187514:188353 [5] NCCL INFO Ring 00 : 4 -> 5 -> 6
furious-puma-1:187514:188353 [5] NCCL INFO Ring 01 : 4 -> 5 -> 6
furious-puma-1:187514:188353 [5] NCCL INFO Ring 02 : 4 -> 5 -> 6
furious-puma-1:187516:188367 [7] NCCL INFO comm 0x396435a0 rank 7 nRanks 8 nNodes 1 localRanks 8 localRank 7 MNNVL 0
furious-puma-1:187514:188353 [5] NCCL INFO Ring 03 : 4 -> 5 -> 6
furious-puma-1:187514:188353 [5] NCCL INFO Ring 04 : 4 -> 5 -> 6
furious-puma-1:187509:188362 [0] NCCL INFO comm 0x4a4a7530 rank 0 nRanks 8 nNodes 1 localRanks 8 localRank 0 MNNVL 0
furious-puma-1:187514:188353 [5] NCCL INFO Ring 05 : 4 -> 5 -> 6
furious-puma-1:187514:188353 [5] NCCL INFO Ring 06 : 4 -> 5 -> 6
furious-puma-1:187512:188359 [3] NCCL INFO Ring 00 : 2 -> 3 -> 4
furious-puma-1:187514:188353 [5] NCCL INFO Ring 07 : 4 -> 5 -> 6
furious-puma-1:187512:188359 [3] NCCL INFO Ring 01 : 2 -> 3 -> 4
furious-puma-1:187514:188353 [5] NCCL INFO Ring 08 : 4 -> 5 -> 6
furious-puma-1:187511:188356 [2] NCCL INFO Ring 00 : 1 -> 2 -> 3
furious-puma-1:187512:188359 [3] NCCL INFO Ring 02 : 2 -> 3 -> 4
furious-puma-1:187514:188353 [5] NCCL INFO Ring 09 : 4 -> 5 -> 6
furious-puma-1:187512:188359 [3] NCCL INFO Ring 03 : 2 -> 3 -> 4
furious-puma-1:187510:188371 [1] NCCL INFO Tree 0 : 0 -> 1 -> 2/-1/-1
furious-puma-1:187511:188356 [2] NCCL INFO Ring 01 : 1 -> 2 -> 3
furious-puma-1:187513:188365 [4] NCCL INFO Ring 00 : 3 -> 4 -> 5
furious-puma-1:187515:188350 [6] NCCL INFO Ring 00 : 5 -> 6 -> 7
furious-puma-1:187514:188353 [5] NCCL INFO Ring 10 : 4 -> 5 -> 6
furious-puma-1:187512:188359 [3] NCCL INFO Ring 04 : 2 -> 3 -> 4
furious-puma-1:187511:188356 [2] NCCL INFO Ring 02 : 1 -> 2 -> 3
furious-puma-1:187515:188350 [6] NCCL INFO Ring 01 : 5 -> 6 -> 7
furious-puma-1:187510:188371 [1] NCCL INFO Tree 12 : 0 -> 1 -> 2/-1/-1
furious-puma-1:187509:188362 [0] NCCL INFO Tree 0 : -1 -> 0 -> 1/-1/-1
furious-puma-1:187513:188365 [4] NCCL INFO Ring 01 : 3 -> 4 -> 5
furious-puma-1:187514:188353 [5] NCCL INFO Ring 11 : 4 -> 5 -> 6
furious-puma-1:187512:188359 [3] NCCL INFO Ring 05 : 2 -> 3 -> 4
furious-puma-1:187511:188356 [2] NCCL INFO Ring 03 : 1 -> 2 -> 3
furious-puma-1:187514:188353 [5] NCCL INFO Ring 12 : 4 -> 5 -> 6
furious-puma-1:187516:188367 [7] NCCL INFO Ring 00 : 6 -> 7 -> 0
furious-puma-1:187512:188359 [3] NCCL INFO Ring 06 : 2 -> 3 -> 4
furious-puma-1:187515:188350 [6] NCCL INFO Ring 02 : 5 -> 6 -> 7
furious-puma-1:187510:188371 [1] NCCL INFO Tree 1 : 0 -> 1 -> 2/-1/-1
furious-puma-1:187512:188359 [3] NCCL INFO Ring 07 : 2 -> 3 -> 4
furious-puma-1:187509:188362 [0] NCCL INFO Tree 12 : -1 -> 0 -> 1/-1/-1
furious-puma-1:187515:188350 [6] NCCL INFO Ring 03 : 5 -> 6 -> 7
furious-puma-1:187513:188365 [4] NCCL INFO Ring 02 : 3 -> 4 -> 5
furious-puma-1:187512:188359 [3] NCCL INFO Ring 08 : 2 -> 3 -> 4
furious-puma-1:187509:188362 [0] NCCL INFO Tree 1 : -1 -> 0 -> 1/-1/-1
furious-puma-1:187515:188350 [6] NCCL INFO Ring 04 : 5 -> 6 -> 7
furious-puma-1:187513:188365 [4] NCCL INFO Ring 03 : 3 -> 4 -> 5
furious-puma-1:187511:188356 [2] NCCL INFO Ring 04 : 1 -> 2 -> 3
furious-puma-1:187514:188353 [5] NCCL INFO Ring 13 : 4 -> 5 -> 6
furious-puma-1:187516:188367 [7] NCCL INFO Ring 01 : 6 -> 7 -> 0
furious-puma-1:187513:188365 [4] NCCL INFO Ring 04 : 3 -> 4 -> 5
furious-puma-1:187510:188371 [1] NCCL INFO Tree 13 : 0 -> 1 -> 2/-1/-1
furious-puma-1:187512:188359 [3] NCCL INFO Ring 09 : 2 -> 3 -> 4
furious-puma-1:187513:188365 [4] NCCL INFO Ring 05 : 3 -> 4 -> 5
furious-puma-1:187510:188371 [1] NCCL INFO Tree 2 : 0 -> 1 -> 2/-1/-1
furious-puma-1:187515:188350 [6] NCCL INFO Ring 05 : 5 -> 6 -> 7
furious-puma-1:187509:188362 [0] NCCL INFO Tree 13 : -1 -> 0 -> 1/-1/-1
furious-puma-1:187511:188356 [2] NCCL INFO Ring 05 : 1 -> 2 -> 3
furious-puma-1:187510:188371 [1] NCCL INFO Tree 14 : 0 -> 1 -> 2/-1/-1
furious-puma-1:187515:188350 [6] NCCL INFO Ring 06 : 5 -> 6 -> 7
furious-puma-1:187514:188353 [5] NCCL INFO Ring 14 : 4 -> 5 -> 6
furious-puma-1:187516:188367 [7] NCCL INFO Ring 02 : 6 -> 7 -> 0
furious-puma-1:187510:188371 [1] NCCL INFO Tree 3 : 0 -> 1 -> 2/-1/-1
furious-puma-1:187514:188353 [5] NCCL INFO Ring 15 : 4 -> 5 -> 6
furious-puma-1:187512:188359 [3] NCCL INFO Ring 10 : 2 -> 3 -> 4
furious-puma-1:187513:188365 [4] NCCL INFO Ring 06 : 3 -> 4 -> 5
furious-puma-1:187516:188367 [7] NCCL INFO Ring 03 : 6 -> 7 -> 0
furious-puma-1:187510:188371 [1] NCCL INFO Tree 15 : 0 -> 1 -> 2/-1/-1
furious-puma-1:187514:188353 [5] NCCL INFO Ring 16 : 4 -> 5 -> 6
furious-puma-1:187511:188356 [2] NCCL INFO Ring 06 : 1 -> 2 -> 3
furious-puma-1:187513:188365 [4] NCCL INFO Ring 07 : 3 -> 4 -> 5
furious-puma-1:187509:188362 [0] NCCL INFO Tree 2 : -1 -> 0 -> 1/-1/-1
furious-puma-1:187514:188353 [5] NCCL INFO Ring 17 : 4 -> 5 -> 6
furious-puma-1:187515:188350 [6] NCCL INFO Ring 07 : 5 -> 6 -> 7
furious-puma-1:187512:188359 [3] NCCL INFO Ring 11 : 2 -> 3 -> 4
furious-puma-1:187509:188362 [0] NCCL INFO Tree 14 : -1 -> 0 -> 1/-1/-1
furious-puma-1:187516:188367 [7] NCCL INFO Ring 04 : 6 -> 7 -> 0
furious-puma-1:187515:188350 [6] NCCL INFO Ring 08 : 5 -> 6 -> 7
furious-puma-1:187510:188371 [1] NCCL INFO Tree 4 : 0 -> 1 -> 2/-1/-1
furious-puma-1:187513:188365 [4] NCCL INFO Ring 08 : 3 -> 4 -> 5
furious-puma-1:187510:188371 [1] NCCL INFO Tree 16 : 0 -> 1 -> 2/-1/-1
furious-puma-1:187511:188356 [2] NCCL INFO Ring 07 : 1 -> 2 -> 3
furious-puma-1:187514:188353 [5] NCCL INFO Ring 18 : 4 -> 5 -> 6
furious-puma-1:187511:188356 [2] NCCL INFO Ring 08 : 1 -> 2 -> 3
furious-puma-1:187512:188359 [3] NCCL INFO Ring 12 : 2 -> 3 -> 4
furious-puma-1:187509:188362 [0] NCCL INFO Tree 3 : -1 -> 0 -> 1/-1/-1
furious-puma-1:187511:188356 [2] NCCL INFO Ring 09 : 1 -> 2 -> 3
furious-puma-1:187512:188359 [3] NCCL INFO Ring 13 : 2 -> 3 -> 4
furious-puma-1:187516:188367 [7] NCCL INFO Ring 05 : 6 -> 7 -> 0
furious-puma-1:187515:188350 [6] NCCL INFO Ring 09 : 5 -> 6 -> 7
furious-puma-1:187512:188359 [3] NCCL INFO Ring 14 : 2 -> 3 -> 4
furious-puma-1:187510:188371 [1] NCCL INFO Tree 5 : 0 -> 1 -> 2/-1/-1
furious-puma-1:187512:188359 [3] NCCL INFO Ring 15 : 2 -> 3 -> 4
furious-puma-1:187516:188367 [7] NCCL INFO Ring 06 : 6 -> 7 -> 0
furious-puma-1:187510:188371 [1] NCCL INFO Tree 17 : 0 -> 1 -> 2/-1/-1
furious-puma-1:187512:188359 [3] NCCL INFO Ring 16 : 2 -> 3 -> 4
furious-puma-1:187512:188359 [3] NCCL INFO Ring 17 : 2 -> 3 -> 4
furious-puma-1:187516:188367 [7] NCCL INFO Ring 07 : 6 -> 7 -> 0
furious-puma-1:187516:188367 [7] NCCL INFO Ring 08 : 6 -> 7 -> 0
furious-puma-1:187513:188365 [4] NCCL INFO Ring 09 : 3 -> 4 -> 5
furious-puma-1:187514:188353 [5] NCCL INFO Ring 19 : 4 -> 5 -> 6
furious-puma-1:187509:188362 [0] NCCL INFO Tree 15 : -1 -> 0 -> 1/-1/-1
furious-puma-1:187509:188362 [0] NCCL INFO Tree 4 : -1 -> 0 -> 1/-1/-1
furious-puma-1:187511:188356 [2] NCCL INFO Ring 10 : 1 -> 2 -> 3
furious-puma-1:187513:188365 [4] NCCL INFO Ring 10 : 3 -> 4 -> 5
furious-puma-1:187509:188362 [0] NCCL INFO Tree 16 : -1 -> 0 -> 1/-1/-1
furious-puma-1:187511:188356 [2] NCCL INFO Ring 11 : 1 -> 2 -> 3
furious-puma-1:187509:188362 [0] NCCL INFO Tree 5 : -1 -> 0 -> 1/-1/-1
furious-puma-1:187513:188365 [4] NCCL INFO Ring 11 : 3 -> 4 -> 5
furious-puma-1:187511:188356 [2] NCCL INFO Ring 12 : 1 -> 2 -> 3
furious-puma-1:187509:188362 [0] NCCL INFO Tree 17 : -1 -> 0 -> 1/-1/-1
furious-puma-1:187515:188350 [6] NCCL INFO Ring 10 : 5 -> 6 -> 7
furious-puma-1:187512:188359 [3] NCCL INFO Ring 18 : 2 -> 3 -> 4
furious-puma-1:187509:188362 [0] NCCL INFO Tree 6 : -1 -> 0 -> 1/-1/-1
furious-puma-1:187510:188371 [1] NCCL INFO Tree 6 : 0 -> 1 -> 2/-1/-1
furious-puma-1:187516:188367 [7] NCCL INFO Ring 09 : 6 -> 7 -> 0
furious-puma-1:187515:188350 [6] NCCL INFO Ring 11 : 5 -> 6 -> 7
furious-puma-1:187514:188353 [5] NCCL INFO Ring 20 : 4 -> 5 -> 6
furious-puma-1:187510:188371 [1] NCCL INFO Tree 18 : 0 -> 1 -> 2/-1/-1
furious-puma-1:187511:188356 [2] NCCL INFO Ring 13 : 1 -> 2 -> 3
furious-puma-1:187513:188365 [4] NCCL INFO Ring 12 : 3 -> 4 -> 5
furious-puma-1:187509:188362 [0] NCCL INFO Tree 18 : -1 -> 0 -> 1/-1/-1
furious-puma-1:187512:188359 [3] NCCL INFO Ring 19 : 2 -> 3 -> 4
furious-puma-1:187515:188350 [6] NCCL INFO Ring 12 : 5 -> 6 -> 7
furious-puma-1:187516:188367 [7] NCCL INFO Ring 10 : 6 -> 7 -> 0
furious-puma-1:187514:188353 [5] NCCL INFO Ring 21 : 4 -> 5 -> 6
furious-puma-1:187512:188359 [3] NCCL INFO Ring 20 : 2 -> 3 -> 4
furious-puma-1:187511:188356 [2] NCCL INFO Ring 14 : 1 -> 2 -> 3
furious-puma-1:187510:188371 [1] NCCL INFO Tree 7 : 0 -> 1 -> 2/-1/-1
furious-puma-1:187513:188365 [4] NCCL INFO Ring 13 : 3 -> 4 -> 5
furious-puma-1:187509:188362 [0] NCCL INFO Tree 7 : -1 -> 0 -> 1/-1/-1
furious-puma-1:187512:188359 [3] NCCL INFO Ring 21 : 2 -> 3 -> 4
furious-puma-1:187511:188356 [2] NCCL INFO Ring 15 : 1 -> 2 -> 3
furious-puma-1:187515:188350 [6] NCCL INFO Ring 13 : 5 -> 6 -> 7
furious-puma-1:187513:188365 [4] NCCL INFO Ring 14 : 3 -> 4 -> 5
furious-puma-1:187512:188359 [3] NCCL INFO Ring 22 : 2 -> 3 -> 4
furious-puma-1:187511:188356 [2] NCCL INFO Ring 16 : 1 -> 2 -> 3
furious-puma-1:187514:188353 [5] NCCL INFO Ring 22 : 4 -> 5 -> 6
furious-puma-1:187516:188367 [7] NCCL INFO Ring 11 : 6 -> 7 -> 0
furious-puma-1:187515:188350 [6] NCCL INFO Ring 14 : 5 -> 6 -> 7
furious-puma-1:187514:188353 [5] NCCL INFO Ring 23 : 4 -> 5 -> 6
furious-puma-1:187510:188371 [1] NCCL INFO Tree 19 : 0 -> 1 -> 2/-1/-1
furious-puma-1:187509:188362 [0] NCCL INFO Tree 19 : -1 -> 0 -> 1/-1/-1
furious-puma-1:187511:188356 [2] NCCL INFO Ring 17 : 1 -> 2 -> 3
furious-puma-1:187510:188371 [1] NCCL INFO Tree 8 : 0 -> 1 -> 2/-1/-1
furious-puma-1:187512:188359 [3] NCCL INFO Ring 23 : 2 -> 3 -> 4
furious-puma-1:187513:188365 [4] NCCL INFO Ring 15 : 3 -> 4 -> 5
furious-puma-1:187516:188367 [7] NCCL INFO Ring 12 : 6 -> 7 -> 0
furious-puma-1:187510:188371 [1] NCCL INFO Tree 20 : 0 -> 1 -> 2/-1/-1
furious-puma-1:187515:188350 [6] NCCL INFO Ring 15 : 5 -> 6 -> 7
furious-puma-1:187514:188353 [5] NCCL INFO Trees [0] 6/-1/-1->5->4 [1] 6/-1/-1->5->4 [2] 6/-1/-1->5->4 [3] 6/-1/-1->5->4 [4] 6/-1/-1->5->4 [5] 6/-1/-1->5->4 [6] 6/-1/-1->5->4 [7] 6/-1/-1->5->4 [8] 6/-1/-1->5->4 [9] 6/-1/-1->5->4 [10] 6/-1/-1->5->4 [11] 6/-1/-1->5->4 [12] 6/-1/-1->5->4 [13] 6/-1/-1->5->4 [14] 6/-1/-1->5->4 [15] 6/-1/-1->5->4 [16] 6/-1/-1->5->4 [17] 6/-1/-1->5->4 [18] 6/-1/-1->5->4 [19] 6/-1/-1->5->4 [20] 6/-1/-1->5->4 [21] 6/-1/-1->5->4 [22] 6/-1/-1->5->4 [23] 6/-1/-1->5->4
furious-puma-1:187509:188362 [0] NCCL INFO Tree 8 : -1 -> 0 -> 1/-1/-1
furious-puma-1:187510:188371 [1] NCCL INFO Tree 9 : 0 -> 1 -> 2/-1/-1
furious-puma-1:187515:188350 [6] NCCL INFO Ring 16 : 5 -> 6 -> 7
furious-puma-1:187511:188356 [2] NCCL INFO Ring 18 : 1 -> 2 -> 3
furious-puma-1:187514:188353 [5] NCCL INFO P2P Chunksize set to 524288
furious-puma-1:187512:188359 [3] NCCL INFO Trees [0] 4/-1/-1->3->2 [1] 4/-1/-1->3->2 [2] 4/-1/-1->3->2 [3] 4/-1/-1->3->2 [4] 4/-1/-1->3->2 [5] 4/-1/-1->3->2 [6] 4/-1/-1->3->2 [7] 4/-1/-1->3->2 [8] 4/-1/-1->3->2 [9] 4/-1/-1->3->2 [10] 4/-1/-1->3->2 [11] 4/-1/-1->3->2 [12] 4/-1/-1->3->2 [13] 4/-1/-1->3->2 [14] 4/-1/-1->3->2 [15] 4/-1/-1->3->2 [16] 4/-1/-1->3->2 [17] 4/-1/-1->3->2 [18] 4/-1/-1->3->2 [19] 4/-1/-1->3->2 [20] 4/-1/-1->3->2 [21] 4/-1/-1->3->2 [22] 4/-1/-1->3->2 [23] 4/-1/-1->3->2
furious-puma-1:187511:188356 [2] NCCL INFO Ring 19 : 1 -> 2 -> 3
furious-puma-1:187513:188365 [4] NCCL INFO Ring 16 : 3 -> 4 -> 5
furious-puma-1:187516:188367 [7] NCCL INFO Ring 13 : 6 -> 7 -> 0
furious-puma-1:187509:188362 [0] NCCL INFO Tree 20 : -1 -> 0 -> 1/-1/-1
furious-puma-1:187513:188365 [4] NCCL INFO Ring 17 : 3 -> 4 -> 5
furious-puma-1:187510:188371 [1] NCCL INFO Tree 21 : 0 -> 1 -> 2/-1/-1
furious-puma-1:187515:188350 [6] NCCL INFO Ring 17 : 5 -> 6 -> 7
furious-puma-1:187509:188362 [0] NCCL INFO Tree 9 : -1 -> 0 -> 1/-1/-1
furious-puma-1:187512:188359 [3] NCCL INFO P2P Chunksize set to 524288
furious-puma-1:187511:188356 [2] NCCL INFO Ring 20 : 1 -> 2 -> 3
furious-puma-1:187513:188365 [4] NCCL INFO Ring 18 : 3 -> 4 -> 5
furious-puma-1:187510:188371 [1] NCCL INFO Tree 10 : 0 -> 1 -> 2/-1/-1
furious-puma-1:187509:188362 [0] NCCL INFO Tree 21 : -1 -> 0 -> 1/-1/-1
furious-puma-1:187515:188350 [6] NCCL INFO Ring 18 : 5 -> 6 -> 7
furious-puma-1:187511:188356 [2] NCCL INFO Ring 21 : 1 -> 2 -> 3
furious-puma-1:187516:188367 [7] NCCL INFO Ring 14 : 6 -> 7 -> 0
furious-puma-1:187510:188371 [1] NCCL INFO Tree 22 : 0 -> 1 -> 2/-1/-1
furious-puma-1:187511:188356 [2] NCCL INFO Ring 22 : 1 -> 2 -> 3
furious-puma-1:187513:188365 [4] NCCL INFO Ring 19 : 3 -> 4 -> 5
furious-puma-1:187515:188350 [6] NCCL INFO Ring 19 : 5 -> 6 -> 7
furious-puma-1:187509:188362 [0] NCCL INFO Tree 10 : -1 -> 0 -> 1/-1/-1
furious-puma-1:187516:188367 [7] NCCL INFO Ring 15 : 6 -> 7 -> 0
furious-puma-1:187511:188356 [2] NCCL INFO Ring 23 : 1 -> 2 -> 3
furious-puma-1:187509:188362 [0] NCCL INFO Tree 22 : -1 -> 0 -> 1/-1/-1
furious-puma-1:187510:188371 [1] NCCL INFO Tree 11 : 0 -> 1 -> 2/-1/-1
furious-puma-1:187513:188365 [4] NCCL INFO Ring 20 : 3 -> 4 -> 5
furious-puma-1:187515:188350 [6] NCCL INFO Ring 20 : 5 -> 6 -> 7
furious-puma-1:187509:188362 [0] NCCL INFO Tree 11 : -1 -> 0 -> 1/-1/-1
furious-puma-1:187511:188356 [2] NCCL INFO Trees [0] 3/-1/-1->2->1 [1] 3/-1/-1->2->1 [2] 3/-1/-1->2->1 [3] 3/-1/-1->2->1 [4] 3/-1/-1->2->1 [5] 3/-1/-1->2->1 [6] 3/-1/-1->2->1 [7] 3/-1/-1->2->1 [8] 3/-1/-1->2->1 [9] 3/-1/-1->2->1 [10] 3/-1/-1->2->1 [11] 3/-1/-1->2->1 [12] 3/-1/-1->2->1 [13] 3/-1/-1->2->1 [14] 3/-1/-1->2->1 [15] 3/-1/-1->2->1 [16] 3/-1/-1->2->1 [17] 3/-1/-1->2->1 [18] 3/-1/-1->2->1 [19] 3/-1/-1->2->1 [20] 3/-1/-1->2->1 [21] 3/-1/-1->2->1 [22] 3/-1/-1->2->1 [23] 3/-1/-1->2->1
furious-puma-1:187516:188367 [7] NCCL INFO Ring 16 : 6 -> 7 -> 0
furious-puma-1:187510:188371 [1] NCCL INFO Tree 23 : 0 -> 1 -> 2/-1/-1
furious-puma-1:187509:188362 [0] NCCL INFO Tree 23 : -1 -> 0 -> 1/-1/-1
furious-puma-1:187515:188350 [6] NCCL INFO Ring 21 : 5 -> 6 -> 7
furious-puma-1:187513:188365 [4] NCCL INFO Ring 21 : 3 -> 4 -> 5
furious-puma-1:187511:188356 [2] NCCL INFO P2P Chunksize set to 524288
furious-puma-1:187516:188367 [7] NCCL INFO Ring 17 : 6 -> 7 -> 0
furious-puma-1:187515:188350 [6] NCCL INFO Ring 22 : 5 -> 6 -> 7
furious-puma-1:187513:188365 [4] NCCL INFO Ring 22 : 3 -> 4 -> 5
furious-puma-1:187516:188367 [7] NCCL INFO Ring 18 : 6 -> 7 -> 0
furious-puma-1:187509:188362 [0] NCCL INFO Channel 00/24 : 0 1 2 3 4 5 6 7
furious-puma-1:187513:188365 [4] NCCL INFO Ring 23 : 3 -> 4 -> 5
furious-puma-1:187515:188350 [6] NCCL INFO Ring 23 : 5 -> 6 -> 7
furious-puma-1:187516:188367 [7] NCCL INFO Ring 19 : 6 -> 7 -> 0
furious-puma-1:187513:188365 [4] NCCL INFO Trees [0] 5/-1/-1->4->3 [1] 5/-1/-1->4->3 [2] 5/-1/-1->4->3 [3] 5/-1/-1->4->3 [4] 5/-1/-1->4->3 [5] 5/-1/-1->4->3 [6] 5/-1/-1->4->3 [7] 5/-1/-1->4->3 [8] 5/-1/-1->4->3 [9] 5/-1/-1->4->3 [10] 5/-1/-1->4->3 [11] 5/-1/-1->4->3 [12] 5/-1/-1->4->3 [13] 5/-1/-1->4->3 [14] 5/-1/-1->4->3 [15] 5/-1/-1->4->3 [16] 5/-1/-1->4->3 [17] 5/-1/-1->4->3 [18] 5/-1/-1->4->3 [19] 5/-1/-1->4->3 [20] 5/-1/-1->4->3 [21] 5/-1/-1->4->3 [22] 5/-1/-1->4->3 [23] 5/-1/-1->4->3
furious-puma-1:187515:188350 [6] NCCL INFO Trees [0] 7/-1/-1->6->5 [1] 7/-1/-1->6->5 [2] 7/-1/-1->6->5 [3] 7/-1/-1->6->5 [4] 7/-1/-1->6->5 [5] 7/-1/-1->6->5 [6] 7/-1/-1->6->5 [7] 7/-1/-1->6->5 [8] 7/-1/-1->6->5 [9] 7/-1/-1->6->5 [10] 7/-1/-1->6->5 [11] 7/-1/-1->6->5 [12] 7/-1/-1->6->5 [13] 7/-1/-1->6->5 [14] 7/-1/-1->6->5 [15] 7/-1/-1->6->5 [16] 7/-1/-1->6->5 [17] 7/-1/-1->6->5 [18] 7/-1/-1->6->5 [19] 7/-1/-1->6->5 [20] 7/-1/-1->6->5 [21] 7/-1/-1->6->5 [22] 7/-1/-1->6->5 [23] 7/-1/-1->6->5
furious-puma-1:187509:188362 [0] NCCL INFO Channel 01/24 : 0 1 2 3 4 5 6 7
furious-puma-1:187516:188367 [7] NCCL INFO Ring 20 : 6 -> 7 -> 0
furious-puma-1:187515:188350 [6] NCCL INFO P2P Chunksize set to 524288
furious-puma-1:187513:188365 [4] NCCL INFO P2P Chunksize set to 524288
furious-puma-1:187510:188371 [1] NCCL INFO Ring 00 : 0 -> 1 -> 2
furious-puma-1:187509:188362 [0] NCCL INFO Channel 02/24 : 0 1 2 3 4 5 6 7
furious-puma-1:187516:188367 [7] NCCL INFO Ring 21 : 6 -> 7 -> 0
furious-puma-1:187509:188362 [0] NCCL INFO Channel 03/24 : 0 1 2 3 4 5 6 7
furious-puma-1:187510:188371 [1] NCCL INFO Ring 01 : 0 -> 1 -> 2
furious-puma-1:187516:188367 [7] NCCL INFO Ring 22 : 6 -> 7 -> 0
furious-puma-1:187509:188362 [0] NCCL INFO Channel 04/24 : 0 1 2 3 4 5 6 7
furious-puma-1:187510:188371 [1] NCCL INFO Ring 02 : 0 -> 1 -> 2
furious-puma-1:187516:188367 [7] NCCL INFO Ring 23 : 6 -> 7 -> 0
furious-puma-1:187509:188362 [0] NCCL INFO Channel 05/24 : 0 1 2 3 4 5 6 7
furious-puma-1:187510:188371 [1] NCCL INFO Ring 03 : 0 -> 1 -> 2
furious-puma-1:187516:188367 [7] NCCL INFO Trees [0] -1/-1/-1->7->6 [1] -1/-1/-1->7->6 [2] -1/-1/-1->7->6 [3] -1/-1/-1->7->6 [4] -1/-1/-1->7->6 [5] -1/-1/-1->7->6 [6] -1/-1/-1->7->6 [7] -1/-1/-1->7->6 [8] -1/-1/-1->7->6 [9] -1/-1/-1->7->6 [10] -1/-1/-1->7->6 [11] -1/-1/-1->7->6 [12] -1/-1/-1->7->6 [13] -1/-1/-1->7->6 [14] -1/-1/-1->7->6 [15] -1/-1/-1->7->6 [16] -1/-1/-1->7->6 [17] -1/-1/-1->7->6 [18] -1/-1/-1->7->6 [19] -1/-1/-1->7->6 [20] -1/-1/-1->7->6 [21] -1/-1/-1->7->6 [22] -1/-1/-1->7->6 [23] -1/-1/-1->7->6
furious-puma-1:187509:188362 [0] NCCL INFO Channel 06/24 : 0 1 2 3 4 5 6 7
furious-puma-1:187510:188371 [1] NCCL INFO Ring 04 : 0 -> 1 -> 2
furious-puma-1:187509:188362 [0] NCCL INFO Channel 07/24 : 0 1 2 3 4 5 6 7
furious-puma-1:187516:188367 [7] NCCL INFO P2P Chunksize set to 524288
furious-puma-1:187509:188362 [0] NCCL INFO Channel 08/24 : 0 1 2 3 4 5 6 7
furious-puma-1:187510:188371 [1] NCCL INFO Ring 05 : 0 -> 1 -> 2
furious-puma-1:187509:188362 [0] NCCL INFO Channel 09/24 : 0 1 2 3 4 5 6 7
furious-puma-1:187510:188371 [1] NCCL INFO Ring 06 : 0 -> 1 -> 2
furious-puma-1:187509:188362 [0] NCCL INFO Channel 10/24 : 0 1 2 3 4 5 6 7
furious-puma-1:187510:188371 [1] NCCL INFO Ring 07 : 0 -> 1 -> 2
furious-puma-1:187509:188362 [0] NCCL INFO Channel 11/24 : 0 1 2 3 4 5 6 7
furious-puma-1:187510:188371 [1] NCCL INFO Ring 08 : 0 -> 1 -> 2
furious-puma-1:187509:188362 [0] NCCL INFO Channel 12/24 : 0 1 2 3 4 5 6 7
furious-puma-1:187510:188371 [1] NCCL INFO Ring 09 : 0 -> 1 -> 2
furious-puma-1:187509:188362 [0] NCCL INFO Channel 13/24 : 0 1 2 3 4 5 6 7
furious-puma-1:187509:188362 [0] NCCL INFO Channel 14/24 : 0 1 2 3 4 5 6 7
furious-puma-1:187510:188371 [1] NCCL INFO Ring 10 : 0 -> 1 -> 2
furious-puma-1:187509:188362 [0] NCCL INFO Channel 15/24 : 0 1 2 3 4 5 6 7
furious-puma-1:187510:188371 [1] NCCL INFO Ring 11 : 0 -> 1 -> 2
furious-puma-1:187509:188362 [0] NCCL INFO Channel 16/24 : 0 1 2 3 4 5 6 7
furious-puma-1:187510:188371 [1] NCCL INFO Ring 12 : 0 -> 1 -> 2
furious-puma-1:187509:188362 [0] NCCL INFO Channel 17/24 : 0 1 2 3 4 5 6 7
furious-puma-1:187510:188371 [1] NCCL INFO Ring 13 : 0 -> 1 -> 2
furious-puma-1:187509:188362 [0] NCCL INFO Channel 18/24 : 0 1 2 3 4 5 6 7
furious-puma-1:187510:188371 [1] NCCL INFO Ring 14 : 0 -> 1 -> 2
furious-puma-1:187509:188362 [0] NCCL INFO Channel 19/24 : 0 1 2 3 4 5 6 7
furious-puma-1:187509:188362 [0] NCCL INFO Channel 20/24 : 0 1 2 3 4 5 6 7
furious-puma-1:187510:188371 [1] NCCL INFO Ring 15 : 0 -> 1 -> 2
furious-puma-1:187509:188362 [0] NCCL INFO Channel 21/24 : 0 1 2 3 4 5 6 7
furious-puma-1:187510:188371 [1] NCCL INFO Ring 16 : 0 -> 1 -> 2
furious-puma-1:187509:188362 [0] NCCL INFO Channel 22/24 : 0 1 2 3 4 5 6 7
furious-puma-1:187510:188371 [1] NCCL INFO Ring 17 : 0 -> 1 -> 2
furious-puma-1:187509:188362 [0] NCCL INFO Channel 23/24 : 0 1 2 3 4 5 6 7
furious-puma-1:187510:188371 [1] NCCL INFO Ring 18 : 0 -> 1 -> 2
furious-puma-1:187509:188362 [0] NCCL INFO Ring 00 : 7 -> 0 -> 1
furious-puma-1:187510:188371 [1] NCCL INFO Ring 19 : 0 -> 1 -> 2
furious-puma-1:187509:188362 [0] NCCL INFO Ring 01 : 7 -> 0 -> 1
furious-puma-1:187510:188371 [1] NCCL INFO Ring 20 : 0 -> 1 -> 2
furious-puma-1:187509:188362 [0] NCCL INFO Ring 02 : 7 -> 0 -> 1
furious-puma-1:187509:188362 [0] NCCL INFO Ring 03 : 7 -> 0 -> 1
furious-puma-1:187510:188371 [1] NCCL INFO Ring 21 : 0 -> 1 -> 2
furious-puma-1:187509:188362 [0] NCCL INFO Ring 04 : 7 -> 0 -> 1
furious-puma-1:187510:188371 [1] NCCL INFO Ring 22 : 0 -> 1 -> 2
furious-puma-1:187509:188362 [0] NCCL INFO Ring 05 : 7 -> 0 -> 1
furious-puma-1:187509:188362 [0] NCCL INFO Ring 06 : 7 -> 0 -> 1
furious-puma-1:187510:188371 [1] NCCL INFO Ring 23 : 0 -> 1 -> 2
furious-puma-1:187509:188362 [0] NCCL INFO Ring 07 : 7 -> 0 -> 1
furious-puma-1:187510:188371 [1] NCCL INFO Trees [0] 2/-1/-1->1->0 [1] 2/-1/-1->1->0 [2] 2/-1/-1->1->0 [3] 2/-1/-1->1->0 [4] 2/-1/-1->1->0 [5] 2/-1/-1->1->0 [6] 2/-1/-1->1->0 [7] 2/-1/-1->1->0 [8] 2/-1/-1->1->0 [9] 2/-1/-1->1->0 [10] 2/-1/-1->1->0 [11] 2/-1/-1->1->0 [12] 2/-1/-1->1->0 [13] 2/-1/-1->1->0 [14] 2/-1/-1->1->0 [15] 2/-1/-1->1->0 [16] 2/-1/-1->1->0 [17] 2/-1/-1->1->0 [18] 2/-1/-1->1->0 [19] 2/-1/-1->1->0 [20] 2/-1/-1->1->0 [21] 2/-1/-1->1->0 [22] 2/-1/-1->1->0 [23] 2/-1/-1->1->0
furious-puma-1:187509:188362 [0] NCCL INFO Ring 08 : 7 -> 0 -> 1
furious-puma-1:187510:188371 [1] NCCL INFO P2P Chunksize set to 524288
furious-puma-1:187509:188362 [0] NCCL INFO Ring 09 : 7 -> 0 -> 1
furious-puma-1:187509:188362 [0] NCCL INFO Ring 10 : 7 -> 0 -> 1
furious-puma-1:187509:188362 [0] NCCL INFO Ring 11 : 7 -> 0 -> 1
furious-puma-1:187509:188362 [0] NCCL INFO Ring 12 : 7 -> 0 -> 1
furious-puma-1:187509:188362 [0] NCCL INFO Ring 13 : 7 -> 0 -> 1
furious-puma-1:187509:188362 [0] NCCL INFO Ring 14 : 7 -> 0 -> 1
furious-puma-1:187509:188362 [0] NCCL INFO Ring 15 : 7 -> 0 -> 1
furious-puma-1:187509:188362 [0] NCCL INFO Ring 16 : 7 -> 0 -> 1
furious-puma-1:187509:188362 [0] NCCL INFO Ring 17 : 7 -> 0 -> 1
furious-puma-1:187509:188362 [0] NCCL INFO Ring 18 : 7 -> 0 -> 1
furious-puma-1:187509:188362 [0] NCCL INFO Ring 19 : 7 -> 0 -> 1
furious-puma-1:187509:188362 [0] NCCL INFO Ring 20 : 7 -> 0 -> 1
furious-puma-1:187509:188362 [0] NCCL INFO Ring 21 : 7 -> 0 -> 1
furious-puma-1:187509:188362 [0] NCCL INFO Ring 22 : 7 -> 0 -> 1
furious-puma-1:187509:188362 [0] NCCL INFO Ring 23 : 7 -> 0 -> 1
furious-puma-1:187509:188362 [0] NCCL INFO Trees [0] 1/-1/-1->0->-1 [1] 1/-1/-1->0->-1 [2] 1/-1/-1->0->-1 [3] 1/-1/-1->0->-1 [4] 1/-1/-1->0->-1 [5] 1/-1/-1->0->-1 [6] 1/-1/-1->0->-1 [7] 1/-1/-1->0->-1 [8] 1/-1/-1->0->-1 [9] 1/-1/-1->0->-1 [10] 1/-1/-1->0->-1 [11] 1/-1/-1->0->-1 [12] 1/-1/-1->0->-1 [13] 1/-1/-1->0->-1 [14] 1/-1/-1->0->-1 [15] 1/-1/-1->0->-1 [16] 1/-1/-1->0->-1 [17] 1/-1/-1->0->-1 [18] 1/-1/-1->0->-1 [19] 1/-1/-1->0->-1 [20] 1/-1/-1->0->-1 [21] 1/-1/-1->0->-1 [22] 1/-1/-1->0->-1 [23] 1/-1/-1->0->-1
furious-puma-1:187509:188362 [0] NCCL INFO P2P Chunksize set to 524288
furious-puma-1:187511:188373 [2] NCCL INFO [Proxy Service UDS] Device 2 CPU core 15
furious-puma-1:187511:188372 [2] NCCL INFO [Proxy Service] Device 2 CPU core 14
furious-puma-1:187509:188362 [0] NCCL INFO Check P2P Type isAllDirectP2p 1 directMode 0
furious-puma-1:187509:188376 [0] NCCL INFO [Proxy Service] Device 0 CPU core 19
furious-puma-1:187512:188375 [3] NCCL INFO [Proxy Service UDS] Device 3 CPU core 17
furious-puma-1:187509:188377 [0] NCCL INFO [Proxy Service UDS] Device 0 CPU core 21
furious-puma-1:187512:188374 [3] NCCL INFO [Proxy Service] Device 3 CPU core 16
furious-puma-1:187515:188378 [6] NCCL INFO [Proxy Service] Device 6 CPU core 82
furious-puma-1:187515:188379 [6] NCCL INFO [Proxy Service UDS] Device 6 CPU core 83
furious-puma-1:187516:188380 [7] NCCL INFO [Proxy Service] Device 7 CPU core 94
furious-puma-1:187516:188381 [7] NCCL INFO [Proxy Service UDS] Device 7 CPU core 97
furious-puma-1:187514:188383 [5] NCCL INFO [Proxy Service UDS] Device 5 CPU core 152
furious-puma-1:187514:188382 [5] NCCL INFO [Proxy Service] Device 5 CPU core 151
furious-puma-1:187510:188384 [1] NCCL INFO [Proxy Service] Device 1 CPU core 8
furious-puma-1:187510:188385 [1] NCCL INFO [Proxy Service UDS] Device 1 CPU core 22
furious-puma-1:187513:188386 [4] NCCL INFO [Proxy Service] Device 4 CPU core 83
furious-puma-1:187513:188387 [4] NCCL INFO [Proxy Service UDS] Device 4 CPU core 82
furious-puma-1:187510:188371 [1] NCCL INFO threadThresholds 8/8/64 | 64/8/64 | 512 | 512
furious-puma-1:187510:188371 [1] NCCL INFO 24 coll channels, 24 collnet channels, 16 nvls channels, 32 p2p channels, 32 p2p channels per peer
furious-puma-1:187511:188356 [2] NCCL INFO threadThresholds 8/8/64 | 64/8/64 | 512 | 512
furious-puma-1:187511:188356 [2] NCCL INFO 24 coll channels, 24 collnet channels, 16 nvls channels, 32 p2p channels, 32 p2p channels per peer
furious-puma-1:187512:188359 [3] NCCL INFO threadThresholds 8/8/64 | 64/8/64 | 512 | 512
furious-puma-1:187512:188359 [3] NCCL INFO 24 coll channels, 24 collnet channels, 16 nvls channels, 32 p2p channels, 32 p2p channels per peer
furious-puma-1:187514:188353 [5] NCCL INFO threadThresholds 8/8/64 | 64/8/64 | 512 | 512
furious-puma-1:187514:188353 [5] NCCL INFO 24 coll channels, 24 collnet channels, 16 nvls channels, 32 p2p channels, 32 p2p channels per peer
furious-puma-1:187513:188365 [4] NCCL INFO threadThresholds 8/8/64 | 64/8/64 | 512 | 512
furious-puma-1:187515:188350 [6] NCCL INFO threadThresholds 8/8/64 | 64/8/64 | 512 | 512
furious-puma-1:187513:188365 [4] NCCL INFO 24 coll channels, 24 collnet channels, 16 nvls channels, 32 p2p channels, 32 p2p channels per peer
furious-puma-1:187515:188350 [6] NCCL INFO 24 coll channels, 24 collnet channels, 16 nvls channels, 32 p2p channels, 32 p2p channels per peer
furious-puma-1:187516:188367 [7] NCCL INFO threadThresholds 8/8/64 | 64/8/64 | 512 | 512
furious-puma-1:187516:188367 [7] NCCL INFO 24 coll channels, 24 collnet channels, 16 nvls channels, 32 p2p channels, 32 p2p channels per peer
furious-puma-1:187509:188362 [0] NCCL INFO threadThresholds 8/8/64 | 64/8/64 | 512 | 512
furious-puma-1:187509:188362 [0] NCCL INFO 24 coll channels, 24 collnet channels, 16 nvls channels, 32 p2p channels, 32 p2p channels per peer
furious-puma-1:187509:188362 [0] NCCL INFO CC Off, workFifoBytes 1048576
furious-puma-1:187516:188367 [7] NCCL INFO ncclCommSplit comm 0x396435a0 rank 7 nranks 8 cudaDev 7 nvmlDev 7 busId ef000 parent 0x2656c1c0 splitCount 1 color 1266629538 key 7 - Init COMPLETE
furious-puma-1:187512:188359 [3] NCCL INFO ncclCommSplit comm 0x4aaf9300 rank 3 nranks 8 cudaDev 3 nvmlDev 3 busId af000 parent 0x36dcb870 splitCount 1 color 1266629538 key 3 - Init COMPLETE
furious-puma-1:187516:188367 [7] NCCL INFO Init timings - ncclCommSplit: rank 7 nranks 8 total 0.37 (kernels 0.00, alloc 0.00, bootstrap 0.00, allgathers 0.00, topo 0.06, graphs 0.02, connections 0.25, rest 0.05)
furious-puma-1:187512:188359 [3] NCCL INFO Init timings - ncclCommSplit: rank 3 nranks 8 total 0.52 (kernels 0.00, alloc 0.00, bootstrap 0.00, allgathers 0.01, topo 0.06, graphs 0.01, connections 0.25, rest 0.19)
furious-puma-1:187510:188371 [1] NCCL INFO ncclCommSplit comm 0x3f84afc0 rank 1 nranks 8 cudaDev 1 nvmlDev 1 busId 8f000 parent 0x2c6e1970 splitCount 1 color 1266629538 key 1 - Init COMPLETE
furious-puma-1:187510:188371 [1] NCCL INFO Init timings - ncclCommSplit: rank 1 nranks 8 total 0.36 (kernels 0.00, alloc 0.00, bootstrap 0.00, allgathers 0.00, topo 0.06, graphs 0.02, connections 0.24, rest 0.04)
furious-puma-1:187514:188353 [5] NCCL INFO ncclCommSplit comm 0x461af8b0 rank 5 nranks 8 cudaDev 5 nvmlDev 5 busId cf000 parent 0x3324efb0 splitCount 1 color 1266629538 key 5 - Init COMPLETE
furious-puma-1:187514:188353 [5] NCCL INFO Init timings - ncclCommSplit: rank 5 nranks 8 total 0.53 (kernels 0.00, alloc 0.00, bootstrap 0.00, allgathers 0.01, topo 0.06, graphs 0.01, connections 0.25, rest 0.21)
furious-puma-1:187511:188356 [2] NCCL INFO ncclCommSplit comm 0x326db220 rank 2 nranks 8 cudaDev 2 nvmlDev 2 busId 9f000 parent 0x1ebb4c50 splitCount 1 color 1266629538 key 2 - Init COMPLETE
furious-puma-1:187511:188356 [2] NCCL INFO Init timings - ncclCommSplit: rank 2 nranks 8 total 0.52 (kernels 0.00, alloc 0.00, bootstrap 0.00, allgathers 0.01, topo 0.06, graphs 0.01, connections 0.26, rest 0.18)
furious-puma-1:187509:188362 [0] NCCL INFO ncclCommSplit comm 0x4a4a7530 rank 0 nranks 8 cudaDev 0 nvmlDev 0 busId 7f000 parent 0x358369c0 splitCount 1 color 1266629538 key 0 - Init COMPLETE
furious-puma-1:187509:188362 [0] NCCL INFO Init timings - ncclCommSplit: rank 0 nranks 8 total 0.45 (kernels 0.00, alloc 0.00, bootstrap 0.00, allgathers 0.01, topo 0.06, graphs 0.01, connections 0.25, rest 0.12)
furious-puma-1:187515:188350 [6] NCCL INFO ncclCommSplit comm 0x4e186700 rank 6 nranks 8 cudaDev 6 nvmlDev 6 busId df000 parent 0x3b22b7a0 splitCount 1 color 1266629538 key 6 - Init COMPLETE
furious-puma-1:187513:188365 [4] NCCL INFO ncclCommSplit comm 0x4d074400 rank 4 nranks 8 cudaDev 4 nvmlDev 4 busId bf000 parent 0x39f12ac0 splitCount 1 color 1266629538 key 4 - Init COMPLETE
furious-puma-1:187513:188365 [4] NCCL INFO Init timings - ncclCommSplit: rank 4 nranks 8 total 0.37 (kernels 0.00, alloc 0.00, bootstrap 0.00, allgathers 0.00, topo 0.06, graphs 0.02, connections 0.24, rest 0.05)
furious-puma-1:187515:188350 [6] NCCL INFO Init timings - ncclCommSplit: rank 6 nranks 8 total 0.55 (kernels 0.00, alloc 0.00, bootstrap 0.00, allgathers 0.00, topo 0.06, graphs 0.02, connections 0.25, rest 0.22)
Parameter Offload - Persistent parameters statistics: param_count = 65, numel = 266240
***** Running training *****
  Num examples = 3,200
  Num Epochs = 10
  Instantaneous batch size per device = 4
  Total train batch size (w. parallel, distributed & accumulation) = 32
  Gradient Accumulation steps = 1
  Total optimization steps = 1,000
  Number of trainable parameters = 8,030,261,248
Automatic Weights & Biases logging enabled, to disable set os.environ["WANDB_DISABLED"] = "true"
wandb: Currently logged in as: alishafique3 (alishafique3-kstate) to https://api.wandb.ai. Use `wandb login --relogin` to force relogin
wandb: setting up run 1am4g19e
wandb: Tracking run with wandb version 0.23.0
wandb: Run data is saved locally in /home/ubuntu/trl/wandb/run-20251127_052428-1am4g19e
wandb: Run `wandb offline` to turn off syncing.
wandb: Syncing run phd_deepspeed_zero3_8_bs_4_8b_20251127_052400
wandb: ⭐️ View project at https://wandb.ai/alishafique3-kstate/phd_deepspeed_zero3_8_bs_4_8b
wandb: 🚀 View run at https://wandb.ai/alishafique3-kstate/phd_deepspeed_zero3_8_bs_4_8b/runs/1am4g19e
  0%|          | 0/1000 [00:00<?, ?it/s]furious-puma-1:187515:188378 [6] NCCL INFO Allocated shareable buffer 0x7ea2b4a00000 size 10485760 ipcDesc 0x7ea618008b80
furious-puma-1:187515:188378 [6] NCCL INFO Allocated shareable buffer 0x7ea2b5400000 size 10485760 ipcDesc 0x7ea61800a620
furious-puma-1:187512:188374 [3] NCCL INFO Allocated shareable buffer 0x72c156a00000 size 10485760 ipcDesc 0x72c4f4008b80
furious-puma-1:187515:188378 [6] NCCL INFO Allocated shareable buffer 0x7ea2d3400000 size 10485760 ipcDesc 0x7ea61800be60
furious-puma-1:187512:188374 [3] NCCL INFO Allocated shareable buffer 0x72c157400000 size 10485760 ipcDesc 0x72c4f400a620
furious-puma-1:187512:188374 [3] NCCL INFO Allocated shareable buffer 0x72c177400000 size 10485760 ipcDesc 0x72c4f400be60
furious-puma-1:187515:188378 [6] NCCL INFO Allocated shareable buffer 0x7ea315400000 size 10485760 ipcDesc 0x7ea61800d860
furious-puma-1:187513:188386 [4] NCCL INFO Allocated shareable buffer 0x71f39ca00000 size 10485760 ipcDesc 0x71f6b4008b80
furious-puma-1:187515:188378 [6] NCCL INFO Allocated shareable buffer 0x7ea32f400000 size 10485760 ipcDesc 0x7ea61800f240
furious-puma-1:187513:188386 [4] NCCL INFO Allocated shareable buffer 0x71f39d400000 size 10485760 ipcDesc 0x71f6b400a620
furious-puma-1:187513:188386 [4] NCCL INFO Allocated shareable buffer 0x71f3b6400000 size 10485760 ipcDesc 0x71f6b400be60
furious-puma-1:187509:188376 [0] NCCL INFO Allocated shareable buffer 0x7931d0a00000 size 10485760 ipcDesc 0x793418008c40
furious-puma-1:187510:188384 [1] NCCL INFO Allocated shareable buffer 0x762026a00000 size 10485760 ipcDesc 0x7622d4008b80
furious-puma-1:187515:188378 [6] NCCL INFO Allocated shareable buffer 0x7ea33ca00000 size 10485760 ipcDesc 0x7ea618010c20
furious-puma-1:187515:188378 [6] NCCL INFO Allocated shareable buffer 0x7ea33d400000 size 10485760 ipcDesc 0x7ea618012600
furious-puma-1:187509:188376 [0] NCCL INFO Allocated shareable buffer 0x7931d1400000 size 10485760 ipcDesc 0x79341800a680
furious-puma-1:187513:188386 [4] NCCL INFO Allocated shareable buffer 0x71f3b6e00000 size 10485760 ipcDesc 0x71f6b400d860
furious-puma-1:187512:188374 [3] NCCL INFO Allocated shareable buffer 0x72c1c3400000 size 10485760 ipcDesc 0x72c4f400d860
furious-puma-1:187510:188384 [1] NCCL INFO Allocated shareable buffer 0x762027400000 size 10485760 ipcDesc 0x7622d400a620
furious-puma-1:187513:188386 [4] NCCL INFO Allocated shareable buffer 0x71f408400000 size 10485760 ipcDesc 0x71f6b400f060
furious-puma-1:187515:188378 [6] NCCL INFO Allocated shareable buffer 0x7ea37ca00000 size 10485760 ipcDesc 0x7ea618013e00
furious-puma-1:187512:188374 [3] NCCL INFO Allocated shareable buffer 0x72c1df400000 size 10485760 ipcDesc 0x72c4f400f240
furious-puma-1:187512:188374 [3] NCCL INFO Allocated shareable buffer 0x72c22ca00000 size 10485760 ipcDesc 0x72c4f4010c20
furious-puma-1:187510:188384 [1] NCCL INFO Allocated shareable buffer 0x762099200000 size 10485760 ipcDesc 0x7622d400be60
furious-puma-1:187515:188378 [6] NCCL INFO Allocated shareable buffer 0x7ea37d400000 size 10485760 ipcDesc 0x7ea6180157e0
furious-puma-1:187511:188372 [2] NCCL INFO Allocated shareable buffer 0x7b8d5ca00000 size 10485760 ipcDesc 0x7b9024008b80
furious-puma-1:187513:188386 [4] NCCL INFO Allocated shareable buffer 0x71f408e00000 size 10485760 ipcDesc 0x71f6b4010a40
furious-puma-1:187509:188376 [0] NCCL INFO Allocated shareable buffer 0x79331f600000 size 10485760 ipcDesc 0x79341800be80
furious-puma-1:187512:188374 [3] NCCL INFO Allocated shareable buffer 0x72c22d400000 size 10485760 ipcDesc 0x72c4f4012600
furious-puma-1:187511:188372 [2] NCCL INFO Allocated shareable buffer 0x7b8d5d400000 size 10485760 ipcDesc 0x7b902400a620
furious-puma-1:187509:188376 [0] NCCL INFO Allocated shareable buffer 0x79340f600000 size 10485760 ipcDesc 0x79341800d720
furious-puma-1:187513:188386 [4] NCCL INFO Allocated shareable buffer 0x71f41e400000 size 10485760 ipcDesc 0x71f6b4012240
furious-puma-1:187515:188378 [6] NCCL INFO Allocated shareable buffer 0x7ea387400000 size 10485760 ipcDesc 0x7ea618016fe0
furious-puma-1:187510:188384 [1] NCCL INFO Allocated shareable buffer 0x76209b200000 size 10485760 ipcDesc 0x7622d400d860
furious-puma-1:187510:188384 [1] NCCL INFO Allocated shareable buffer 0x76209d200000 size 10485760 ipcDesc 0x7622d400f240
furious-puma-1:187510:188384 [1] NCCL INFO Allocated shareable buffer 0x7621e3600000 size 10485760 ipcDesc 0x7622d4010c20
furious-puma-1:187510:188384 [1] NCCL INFO Allocated shareable buffer 0x7622d3600000 size 10485760 ipcDesc 0x7622d40124c0
furious-puma-1:187511:188372 [2] NCCL INFO Allocated shareable buffer 0x7b8df2a00000 size 10485760 ipcDesc 0x7b902400be60
furious-puma-1:187512:188374 [3] NCCL INFO Allocated shareable buffer 0x72c22ee00000 size 10485760 ipcDesc 0x72c4f4013e00
furious-puma-1:187515:188378 [6] NCCL INFO Allocated shareable buffer 0x7ea38b400000 size 10485760 ipcDesc 0x7ea6180189c0
furious-puma-1:187513:188386 [4] NCCL INFO Allocated shareable buffer 0x71f41ee00000 size 10485760 ipcDesc 0x71f6b4013c20
furious-puma-1:187509:188376 [0] NCCL INFO Allocated shareable buffer 0x7934abc00000 size 10485760 ipcDesc 0x79341800f060
furious-puma-1:187511:188372 [2] NCCL INFO Allocated shareable buffer 0x7b8df3400000 size 10485760 ipcDesc 0x7b902400d860
furious-puma-1:187511:188372 [2] NCCL INFO Allocated shareable buffer 0x7b8f33600000 size 10485760 ipcDesc 0x7b902400f060
furious-puma-1:187515:188378 [6] NCCL INFO Allocated shareable buffer 0x7ea397400000 size 10485760 ipcDesc 0x7ea61801a3a0
furious-puma-1:187513:188386 [4] NCCL INFO Allocated shareable buffer 0x71f42a200000 size 10485760 ipcDesc 0x71f6b4015420
furious-puma-1:187512:188374 [3] NCCL INFO Allocated shareable buffer 0x72c23b400000 size 10485760 ipcDesc 0x72c4f40157e0
furious-puma-1:187510:188384 [1] NCCL INFO Allocated shareable buffer 0x31c2000000 size 10485760 ipcDesc 0x7622d4013e00
furious-puma-1:187509:188376 [0] NCCL INFO Allocated shareable buffer 0x7934ac600000 size 10485760 ipcDesc 0x793418010a40
furious-puma-1:187509:188376 [0] NCCL INFO Allocated shareable buffer 0x793595c00000 size 10485760 ipcDesc 0x793418012240
furious-puma-1:187515:188378 [6] NCCL INFO Allocated shareable buffer 0x7ea39b400000 size 10485760 ipcDesc 0x7ea61801bd80
furious-puma-1:187511:188372 [2] NCCL INFO Allocated shareable buffer 0x7b9023600000 size 10485760 ipcDesc 0x7b9024010900
furious-puma-1:187510:188384 [1] NCCL INFO Allocated shareable buffer 0x31c2a00000 size 10485760 ipcDesc 0x7622d4015a50
furious-puma-1:187513:188386 [4] NCCL INFO Allocated shareable buffer 0x71f42ac00000 size 10485760 ipcDesc 0x71f6b4016e00
furious-puma-1:187513:188386 [4] NCCL INFO Allocated shareable buffer 0x71f42b600000 size 10485760 ipcDesc 0x71f6b4018600
furious-puma-1:187511:188372 [2] NCCL INFO Allocated shareable buffer 0x7b91daa00000 size 10485760 ipcDesc 0x7b9024012240
furious-puma-1:187512:188374 [3] NCCL INFO Allocated shareable buffer 0x72c23d400000 size 10485760 ipcDesc 0x72c4f40171c0
furious-puma-1:187510:188384 [1] NCCL INFO Allocated shareable buffer 0x31c3400000 size 10485760 ipcDesc 0x7622d4017250
furious-puma-1:187515:188378 [6] NCCL INFO Allocated shareable buffer 0x7ea3a5400000 size 10485760 ipcDesc 0x7ea61801d760
furious-puma-1:187509:188376 [0] NCCL INFO Allocated shareable buffer 0x793596600000 size 10485760 ipcDesc 0x793418013c20
furious-puma-1:187510:188384 [1] NCCL INFO Allocated shareable buffer 0x31c4000000 size 10485760 ipcDesc 0x7622d4018a50
furious-puma-1:187511:188372 [2] NCCL INFO Allocated shareable buffer 0x7b91db400000 size 10485760 ipcDesc 0x7b9024013c20
furious-puma-1:187515:188378 [6] NCCL INFO Allocated shareable buffer 0x7ea3a9600000 size 10485760 ipcDesc 0x7ea61801f140
furious-puma-1:187512:188374 [3] NCCL INFO Allocated shareable buffer 0x72c24b400000 size 10485760 ipcDesc 0x72c4f4018ba0
furious-puma-1:187515:188378 [6] NCCL INFO Allocated shareable buffer 0x7ea3b5400000 size 10485760 ipcDesc 0x7ea6180209e0
furious-puma-1:187512:188374 [3] NCCL INFO Allocated shareable buffer 0x72c24d600000 size 10485760 ipcDesc 0x72c4f401a580
furious-puma-1:187509:188376 [0] NCCL INFO Allocated shareable buffer 0x7935bba00000 size 10485760 ipcDesc 0x793418015420
furious-puma-1:187511:188372 [2] NCCL INFO Allocated shareable buffer 0x7b91dbe00000 size 10485760 ipcDesc 0x7b9024015420
furious-puma-1:187513:188386 [4] NCCL INFO Allocated shareable buffer 0x71f46aa00000 size 10485760 ipcDesc 0x71f6b4019cc0
furious-puma-1:187511:188372 [2] NCCL INFO Allocated shareable buffer 0x7b91dc800000 size 10485760 ipcDesc 0x7b9024016c20
furious-puma-1:187510:188384 [1] NCCL INFO Allocated shareable buffer 0x31c4a00000 size 10485760 ipcDesc 0x7622d401a6a0
furious-puma-1:187509:188376 [0] NCCL INFO Allocated shareable buffer 0x7935bc400000 size 10485760 ipcDesc 0x793418016e00
furious-puma-1:187515:188378 [6] NCCL INFO Allocated shareable buffer 0x7ea3b9400000 size 10485760 ipcDesc 0x7ea6180223c0
furious-puma-1:187509:188376 [0] NCCL INFO Allocated shareable buffer 0x7935bce00000 size 10485760 ipcDesc 0x793418018600
furious-puma-1:187510:188384 [1] NCCL INFO Allocated shareable buffer 0x31c5400000 size 10485760 ipcDesc 0x7622d401bea0
furious-puma-1:187512:188374 [3] NCCL INFO Allocated shareable buffer 0x72c25b400000 size 10485760 ipcDesc 0x72c4f401be20
furious-puma-1:187513:188386 [4] NCCL INFO Allocated shareable buffer 0x71f46b400000 size 10485760 ipcDesc 0x71f6b401b6a0
furious-puma-1:187509:188376 [0] NCCL INFO Allocated shareable buffer 0x7935bd800000 size 10485760 ipcDesc 0x793418019e00
furious-puma-1:187515:188378 [6] NCCL INFO Allocated shareable buffer 0x7ea3c3400000 size 10485760 ipcDesc 0x7ea618023da0
furious-puma-1:187510:188384 [1] NCCL INFO Allocated shareable buffer 0x31c6000000 size 10485760 ipcDesc 0x7622d401d6a0
furious-puma-1:187512:188374 [3] NCCL INFO Allocated shareable buffer 0x72c25d400000 size 10485760 ipcDesc 0x72c4f401d800
furious-puma-1:187512:188374 [3] NCCL INFO Allocated shareable buffer 0x72c26b400000 size 10485760 ipcDesc 0x72c4f401f1e0
furious-puma-1:187510:188384 [1] NCCL INFO Allocated shareable buffer 0x31c6a00000 size 10485760 ipcDesc 0x7622d401f2f0
furious-puma-1:187511:188372 [2] NCCL INFO Allocated shareable buffer 0x7b91dd200000 size 10485760 ipcDesc 0x7b9024018420
furious-puma-1:187513:188386 [4] NCCL INFO Allocated shareable buffer 0x71f46f400000 size 10485760 ipcDesc 0x71f6b401cea0
furious-puma-1:187515:188378 [6] NCCL INFO Allocated shareable buffer 0x7ea3c7400000 size 10485760 ipcDesc 0x7ea618025780
furious-puma-1:187513:188386 [4] NCCL INFO Allocated shareable buffer 0x71f471400000 size 10485760 ipcDesc 0x71f6b401e880
furious-puma-1:187511:188372 [2] NCCL INFO Allocated shareable buffer 0x7b91ddc00000 size 10485760 ipcDesc 0x7b9024019c20
furious-puma-1:187510:188384 [1] NCCL INFO Allocated shareable buffer 0x31c7400000 size 10485760 ipcDesc 0x7622d4020af0
furious-puma-1:187509:188376 [0] NCCL INFO Allocated shareable buffer 0x7935be200000 size 10485760 ipcDesc 0x79341801b600
furious-puma-1:187509:188376 [0] NCCL INFO Allocated shareable buffer 0x7935bec00000 size 10485760 ipcDesc 0x79341801ce00
furious-puma-1:187515:188378 [6] NCCL INFO Allocated shareable buffer 0x7ea3d3400000 size 10485760 ipcDesc 0x7ea618027160
furious-puma-1:187513:188386 [4] NCCL INFO Allocated shareable buffer 0x71f473400000 size 10485760 ipcDesc 0x71f6b4020260
furious-puma-1:187511:188372 [2] NCCL INFO Allocated shareable buffer 0x7b91de600000 size 10485760 ipcDesc 0x7b902401b420
furious-puma-1:187512:188374 [3] NCCL INFO Allocated shareable buffer 0x72c26d400000 size 10485760 ipcDesc 0x72c4f4020bc0
furious-puma-1:187510:188384 [1] NCCL INFO Allocated shareable buffer 0x31c8000000 size 10485760 ipcDesc 0x7622d40222f0
furious-puma-1:187511:188372 [2] NCCL INFO Allocated shareable buffer 0x7b91df000000 size 10485760 ipcDesc 0x7b902401cc20
furious-puma-1:187515:188378 [6] NCCL INFO Allocated shareable buffer 0x7ea3d7400000 size 10485760 ipcDesc 0x7ea618028b40
furious-puma-1:187509:188376 [0] NCCL INFO Allocated shareable buffer 0x7935bf600000 size 10485760 ipcDesc 0x79341801e600
furious-puma-1:187509:188376 [0] NCCL INFO Allocated shareable buffer 0x7935c0000000 size 10485760 ipcDesc 0x79341801fe00
furious-puma-1:187512:188374 [3] NCCL INFO Allocated shareable buffer 0x72c27b400000 size 10485760 ipcDesc 0x72c4f40225a0
furious-puma-1:187510:188384 [1] NCCL INFO Allocated shareable buffer 0x31c8a00000 size 10485760 ipcDesc 0x7622d4023f40
furious-puma-1:187511:188372 [2] NCCL INFO Allocated shareable buffer 0x7b91dfa00000 size 10485760 ipcDesc 0x7b902401e420
furious-puma-1:187513:188386 [4] NCCL INFO Allocated shareable buffer 0x71f6ab600000 size 10485760 ipcDesc 0x71f6b4021c40
furious-puma-1:187515:188378 [6] NCCL INFO Allocated shareable buffer 0x7ea3e1400000 size 10485760 ipcDesc 0x7ea61802a520
furious-puma-1:187510:188384 [1] NCCL INFO Allocated shareable buffer 0x31c9400000 size 10485760 ipcDesc 0x7622d4025740
furious-puma-1:187512:188374 [3] NCCL INFO Allocated shareable buffer 0x72c27d400000 size 10485760 ipcDesc 0x72c4f4023f80
furious-puma-1:187509:188376 [0] NCCL INFO Allocated shareable buffer 0x7935c0a00000 size 10485760 ipcDesc 0x793418021600
furious-puma-1:187516:188380 [7] NCCL INFO Allocated shareable buffer 0x724a46a00000 size 10485760 ipcDesc 0x724d28008b80
furious-puma-1:187516:188380 [7] NCCL INFO Allocated shareable buffer 0x724a47400000 size 10485760 ipcDesc 0x724d2800a620
furious-puma-1:187516:188380 [7] NCCL INFO Allocated shareable buffer 0x724a5a400000 size 10485760 ipcDesc 0x724d2800be60
furious-puma-1:187511:188372 [2] NCCL INFO Allocated shareable buffer 0x7b91e0400000 size 10485760 ipcDesc 0x7b902401fc20
furious-puma-1:187512:188374 [3] NCCL INFO Allocated shareable buffer 0x72c28b400000 size 10485760 ipcDesc 0x72c4f4025960
furious-puma-1:187509:188376 [0] NCCL INFO Allocated shareable buffer 0x7935c1400000 size 10485760 ipcDesc 0x793418022e00
furious-puma-1:187514:188382 [5] NCCL INFO Allocated shareable buffer 0x793a72a00000 size 10485760 ipcDesc 0x793d5c008b80
furious-puma-1:187510:188384 [1] NCCL INFO Allocated shareable buffer 0x31ca000000 size 10485760 ipcDesc 0x7622d4026f40
furious-puma-1:187513:188386 [4] NCCL INFO Allocated shareable buffer 0x31c2000000 size 10485760 ipcDesc 0x71f6b4023580
furious-puma-1:187509:188376 [0] NCCL INFO Allocated shareable buffer 0x7935c1e00000 size 10485760 ipcDesc 0x793418024600
furious-puma-1:187509:188376 [0] NCCL INFO Allocated shareable buffer 0x7935c2800000 size 10485760 ipcDesc 0x793418025e00
furious-puma-1:187509:188376 [0] NCCL INFO Allocated shareable buffer 0x7935c3200000 size 10485760 ipcDesc 0x793418027600
furious-puma-1:187511:188372 [2] NCCL INFO Allocated shareable buffer 0x7b91e0e00000 size 10485760 ipcDesc 0x7b9024021420
furious-puma-1:187516:188380 [7] NCCL INFO Allocated shareable buffer 0x724a5ae00000 size 10485760 ipcDesc 0x724d2800d860
furious-puma-1:187514:188382 [5] NCCL INFO Allocated shareable buffer 0x793a73400000 size 10485760 ipcDesc 0x793d5c00a620
furious-puma-1:187515:188378 [6] NCCL INFO Allocated shareable buffer 0x7ea3e5400000 size 10485760 ipcDesc 0x7ea61802bf00
furious-puma-1:187512:188374 [3] NCCL INFO Allocated shareable buffer 0x72c28d600000 size 10485760 ipcDesc 0x72c4f4027340
furious-puma-1:187513:188386 [4] NCCL INFO Allocated shareable buffer 0x31c2a00000 size 10485760 ipcDesc 0x71f6b40251d0
furious-puma-1:187510:188384 [1] NCCL INFO Allocated shareable buffer 0x31caa00000 size 10485760 ipcDesc 0x7622d4028b90
furious-puma-1:187512:188374 [3] NCCL INFO Allocated shareable buffer 0x72c29b400000 size 10485760 ipcDesc 0x72c4f4028be0
furious-puma-1:187514:188382 [5] NCCL INFO Allocated shareable buffer 0x793a8aa00000 size 10485760 ipcDesc 0x793d5c00be60
furious-puma-1:187515:188378 [6] NCCL INFO Allocated shareable buffer 0x7ea617600000 size 10485760 ipcDesc 0x7ea61802d8e0
furious-puma-1:187513:188386 [4] NCCL INFO Allocated shareable buffer 0x31c3400000 size 10485760 ipcDesc 0x71f6b40269d0
furious-puma-1:187515:188742 [6] NCCL INFO Channel 00/0 : 6[6] -> 7[7] via P2P/CUMEM
furious-puma-1:187511:188372 [2] NCCL INFO Allocated shareable buffer 0x7b91e1800000 size 10485760 ipcDesc 0x7b9024022c20
furious-puma-1:187509:188376 [0] NCCL INFO Allocated shareable buffer 0x7935c3c00000 size 10485760 ipcDesc 0x793418028e00
furious-puma-1:187509:188376 [0] NCCL INFO Allocated shareable buffer 0x7935c4600000 size 10485760 ipcDesc 0x79341802a600
furious-puma-1:187510:188384 [1] NCCL INFO Allocated shareable buffer 0x31cb400000 size 10485760 ipcDesc 0x7622d402a390
furious-puma-1:187516:188380 [7] NCCL INFO Allocated shareable buffer 0x724a9e400000 size 10485760 ipcDesc 0x724d2800f060
furious-puma-1:187511:188372 [2] NCCL INFO Allocated shareable buffer 0x7b91e2200000 size 10485760 ipcDesc 0x7b9024024420
furious-puma-1:187514:188382 [5] NCCL INFO Allocated shareable buffer 0x793a8b400000 size 10485760 ipcDesc 0x793d5c00d860
furious-puma-1:187512:188374 [3] NCCL INFO Allocated shareable buffer 0x72c29d400000 size 10485760 ipcDesc 0x72c4f402a5c0
furious-puma-1:187515:188378 [6] NCCL INFO Allocated shareable buffer 0x7ea2b5e00000 size 2097152 ipcDesc 0x7ea61802f220
furious-puma-1:187515:188742 [6] NCCL INFO Channel 01/0 : 6[6] -> 7[7] via P2P/CUMEM
furious-puma-1:187513:188386 [4] NCCL INFO Allocated shareable buffer 0x31c4000000 size 10485760 ipcDesc 0x71f6b40281d0
furious-puma-1:187513:188386 [4] NCCL INFO Allocated shareable buffer 0x31c4a00000 size 10485760 ipcDesc 0x71f6b4029e20
furious-puma-1:187512:188374 [3] NCCL INFO Allocated shareable buffer 0x72c2ab400000 size 10485760 ipcDesc 0x72c4f402bfa0
furious-puma-1:187514:188382 [5] NCCL INFO Allocated shareable buffer 0x793acea00000 size 10485760 ipcDesc 0x793d5c00f060
furious-puma-1:187509:188376 [0] NCCL INFO Allocated shareable buffer 0x7935c5000000 size 10485760 ipcDesc 0x79341802be00
furious-puma-1:187509:188745 [0] NCCL INFO Channel 00/0 : 0[0] -> 1[1] via P2P/CUMEM
furious-puma-1:187515:188378 [6] NCCL INFO Allocated shareable buffer 0x7ea2d3e00000 size 2097152 ipcDesc 0x7ea6180308e0
furious-puma-1:187515:188742 [6] NCCL INFO Channel 02/0 : 6[6] -> 7[7] via P2P/CUMEM
furious-puma-1:187510:188384 [1] NCCL INFO Allocated shareable buffer 0x31cc000000 size 10485760 ipcDesc 0x7622d402bb90
furious-puma-1:187511:188372 [2] NCCL INFO Allocated shareable buffer 0x7b91e2c00000 size 10485760 ipcDesc 0x7b9024025c20
furious-puma-1:187515:188378 [6] NCCL INFO Allocated shareable buffer 0x7ea315e00000 size 2097152 ipcDesc 0x7ea618032040
furious-puma-1:187515:188742 [6] NCCL INFO Channel 03/0 : 6[6] -> 7[7] via P2P/CUMEM
furious-puma-1:187514:188382 [5] NCCL INFO Allocated shareable buffer 0x793acf400000 size 10485760 ipcDesc 0x793d5c010a40
furious-puma-1:187509:188376 [0] NCCL INFO Allocated shareable buffer 0x7931d1e00000 size 2097152 ipcDesc 0x79341802d600
furious-puma-1:187509:188745 [0] NCCL INFO Channel 01/0 : 0[0] -> 1[1] via P2P/CUMEM
furious-puma-1:187516:188380 [7] NCCL INFO Allocated shareable buffer 0x724a9ee00000 size 10485760 ipcDesc 0x724d28010a40
furious-puma-1:187513:188386 [4] NCCL INFO Allocated shareable buffer 0x31c5400000 size 10485760 ipcDesc 0x71f6b402b620
furious-puma-1:187512:188374 [3] NCCL INFO Allocated shareable buffer 0x72c2ad400000 size 10485760 ipcDesc 0x72c4f402d980
furious-puma-1:187512:188743 [3] NCCL INFO Channel 00/0 : 3[3] -> 4[4] via P2P/CUMEM
furious-puma-1:187516:188380 [7] NCCL INFO Allocated shareable buffer 0x724ab2400000 size 10485760 ipcDesc 0x724d28012240
furious-puma-1:187509:188376 [0] NCCL INFO Allocated shareable buffer 0x793227c00000 size 2097152 ipcDesc 0x79341802ed60
furious-puma-1:187509:188745 [0] NCCL INFO Channel 02/0 : 0[0] -> 1[1] via P2P/CUMEM
furious-puma-1:187514:188382 [5] NCCL INFO Allocated shareable buffer 0x793ae2a00000 size 10485760 ipcDesc 0x793d5c012240
furious-puma-1:187516:188380 [7] NCCL INFO Allocated shareable buffer 0x724ab2e00000 size 10485760 ipcDesc 0x724d28013c20
furious-puma-1:187510:188384 [1] NCCL INFO Allocated shareable buffer 0x31cca00000 size 10485760 ipcDesc 0x7622d402d7e0
furious-puma-1:187510:188746 [1] NCCL INFO Channel 00/0 : 1[1] -> 2[2] via P2P/CUMEM
furious-puma-1:187513:188386 [4] NCCL INFO Allocated shareable buffer 0x31c6000000 size 10485760 ipcDesc 0x71f6b402ce20
furious-puma-1:187513:188744 [4] NCCL INFO Channel 00/0 : 4[4] -> 5[5] via P2P/CUMEM
furious-puma-1:187511:188372 [2] NCCL INFO Allocated shareable buffer 0x31c2000000 size 10485760 ipcDesc 0x7b9024027420
furious-puma-1:187515:188378 [6] NCCL INFO Allocated shareable buffer 0x7ea32fe00000 size 2097152 ipcDesc 0x7ea618033700
furious-puma-1:187515:188742 [6] NCCL INFO Channel 04/0 : 6[6] -> 7[7] via P2P/CUMEM
furious-puma-1:187514:188382 [5] NCCL INFO Allocated shareable buffer 0x793ae3400000 size 10485760 ipcDesc 0x793d5c013c20
furious-puma-1:187512:188374 [3] NCCL INFO Allocated shareable buffer 0x72c157e00000 size 2097152 ipcDesc 0x72c4f402f360
furious-puma-1:187512:188743 [3] NCCL INFO Channel 01/0 : 3[3] -> 4[4] via P2P/CUMEM
furious-puma-1:187516:188380 [7] NCCL INFO Allocated shareable buffer 0x724af2a00000 size 10485760 ipcDesc 0x724d28015420
furious-puma-1:187510:188384 [1] NCCL INFO Allocated shareable buffer 0x31cd400000 size 2097152 ipcDesc 0x7622d402efe0
furious-puma-1:187510:188746 [1] NCCL INFO Channel 01/0 : 1[1] -> 2[2] via P2P/CUMEM
furious-puma-1:187515:188378 [6] NCCL INFO Allocated shareable buffer 0x7ea33de00000 size 2097152 ipcDesc 0x7ea618034dc0
furious-puma-1:187515:188742 [6] NCCL INFO Channel 05/0 : 6[6] -> 7[7] via P2P/CUMEM
furious-puma-1:187514:188382 [5] NCCL INFO Allocated shareable buffer 0x793b22a00000 size 10485760 ipcDesc 0x793d5c015420
furious-puma-1:187514:188382 [5] NCCL INFO Allocated shareable buffer 0x793b23400000 size 10485760 ipcDesc 0x793d5c016e00
furious-puma-1:187509:188376 [0] NCCL INFO Allocated shareable buffer 0x793227e00000 size 2097152 ipcDesc 0x793418030740
furious-puma-1:187509:188745 [0] NCCL INFO Channel 03/0 : 0[0] -> 1[1] via P2P/CUMEM
furious-puma-1:187511:188372 [2] NCCL INFO Allocated shareable buffer 0x31c2a00000 size 10485760 ipcDesc 0x7b9024029070
furious-puma-1:187513:188386 [4] NCCL INFO Allocated shareable buffer 0x31c6a00000 size 2097152 ipcDesc 0x71f6b402ea70
furious-puma-1:187513:188744 [4] NCCL INFO Channel 01/0 : 4[4] -> 5[5] via P2P/CUMEM
furious-puma-1:187516:188380 [7] NCCL INFO Allocated shareable buffer 0x724af3400000 size 10485760 ipcDesc 0x724d28016e00
furious-puma-1:187510:188384 [1] NCCL INFO Allocated shareable buffer 0x31cd600000 size 2097152 ipcDesc 0x7622d40307e0
furious-puma-1:187510:188746 [1] NCCL INFO Channel 02/0 : 1[1] -> 2[2] via P2P/CUMEM
furious-puma-1:187515:188378 [6] NCCL INFO Allocated shareable buffer 0x7ea37de00000 size 2097152 ipcDesc 0x7ea618036480
furious-puma-1:187515:188742 [6] NCCL INFO Channel 06/0 : 6[6] -> 7[7] via P2P/CUMEM
furious-puma-1:187515:188378 [6] NCCL INFO Allocated shareable buffer 0x7ea37f800000 size 2097152 ipcDesc 0x7ea618037b40
furious-puma-1:187515:188742 [6] NCCL INFO Channel 07/0 : 6[6] -> 7[7] via P2P/CUMEM
furious-puma-1:187512:188374 [3] NCCL INFO Allocated shareable buffer 0x72c177e00000 size 2097152 ipcDesc 0x72c4f4030a20
furious-puma-1:187512:188743 [3] NCCL INFO Channel 02/0 : 3[3] -> 4[4] via P2P/CUMEM
furious-puma-1:187511:188372 [2] NCCL INFO Allocated shareable buffer 0x31c3400000 size 10485760 ipcDesc 0x7b902402a870
furious-puma-1:187514:188382 [5] NCCL INFO Allocated shareable buffer 0x793c67600000 size 10485760 ipcDesc 0x793d5c018600
furious-puma-1:187516:188380 [7] NCCL INFO Allocated shareable buffer 0x724c37600000 size 10485760 ipcDesc 0x724d28018600
furious-puma-1:187510:188384 [1] NCCL INFO Allocated shareable buffer 0x31cd800000 size 2097152 ipcDesc 0x7622d4031fe0
furious-puma-1:187510:188746 [1] NCCL INFO Channel 03/0 : 1[1] -> 2[2] via P2P/CUMEM
furious-puma-1:187510:188384 [1] NCCL INFO Allocated shareable buffer 0x31cda00000 size 2097152 ipcDesc 0x7622d40337e0
furious-puma-1:187510:188746 [1] NCCL INFO Channel 04/0 : 1[1] -> 2[2] via P2P/CUMEM
furious-puma-1:187512:188374 [3] NCCL INFO Allocated shareable buffer 0x72c1c3e00000 size 2097152 ipcDesc 0x72c4f4032180
furious-puma-1:187512:188743 [3] NCCL INFO Channel 03/0 : 3[3] -> 4[4] via P2P/CUMEM
furious-puma-1:187516:188380 [7] NCCL INFO Allocated shareable buffer 0x724d27600000 size 10485760 ipcDesc 0x724d28019ea0
furious-puma-1:187514:188382 [5] NCCL INFO Allocated shareable buffer 0x793d57600000 size 10485760 ipcDesc 0x793d5c019ea0
furious-puma-1:187509:188376 [0] NCCL INFO Allocated shareable buffer 0x7934ad000000 size 2097152 ipcDesc 0x793418031ea0
furious-puma-1:187509:188745 [0] NCCL INFO Channel 04/0 : 0[0] -> 1[1] via P2P/CUMEM
furious-puma-1:187510:188384 [1] NCCL INFO Allocated shareable buffer 0x31cdc00000 size 2097152 ipcDesc 0x7622d4034fe0
furious-puma-1:187510:188746 [1] NCCL INFO Channel 05/0 : 1[1] -> 2[2] via P2P/CUMEM
furious-puma-1:187515:188378 [6] NCCL INFO Allocated shareable buffer 0x7ea37fa00000 size 2097152 ipcDesc 0x7ea618039520
furious-puma-1:187515:188742 [6] NCCL INFO Channel 08/0 : 6[6] -> 7[7] via P2P/CUMEM
furious-puma-1:187513:188386 [4] NCCL INFO Allocated shareable buffer 0x31c6c00000 size 2097152 ipcDesc 0x71f6b4030270
furious-puma-1:187513:188744 [4] NCCL INFO Channel 02/0 : 4[4] -> 5[5] via P2P/CUMEM
furious-puma-1:187513:188386 [4] NCCL INFO Allocated shareable buffer 0x31c6e00000 size 2097152 ipcDesc 0x71f6b4031a70
furious-puma-1:187513:188744 [4] NCCL INFO Channel 03/0 : 4[4] -> 5[5] via P2P/CUMEM
furious-puma-1:187512:188374 [3] NCCL INFO Allocated shareable buffer 0x72c1dfe00000 size 2097152 ipcDesc 0x72c4f4033840
furious-puma-1:187512:188743 [3] NCCL INFO Channel 04/0 : 3[3] -> 4[4] via P2P/CUMEM
furious-puma-1:187512:188374 [3] NCCL INFO Allocated shareable buffer 0x72c1eda00000 size 2097152 ipcDesc 0x72c4f4034f00
furious-puma-1:187512:188743 [3] NCCL INFO Channel 05/0 : 3[3] -> 4[4] via P2P/CUMEM
furious-puma-1:187511:188372 [2] NCCL INFO Allocated shareable buffer 0x31c4000000 size 10485760 ipcDesc 0x7b902402c070
furious-puma-1:187511:188747 [2] NCCL INFO Channel 00/0 : 2[2] -> 3[3] via P2P/CUMEM
furious-puma-1:187516:188380 [7] NCCL INFO Allocated shareable buffer 0x724ea6600000 size 10485760 ipcDesc 0x724d2801b7e0
furious-puma-1:187509:188376 [0] NCCL INFO Allocated shareable buffer 0x7934ad200000 size 2097152 ipcDesc 0x7934180336a0
furious-puma-1:187509:188745 [0] NCCL INFO Channel 05/0 : 0[0] -> 1[1] via P2P/CUMEM
furious-puma-1:187513:188386 [4] NCCL INFO Allocated shareable buffer 0x31c7000000 size 2097152 ipcDesc 0x71f6b4033270
furious-puma-1:187513:188744 [4] NCCL INFO Channel 04/0 : 4[4] -> 5[5] via P2P/CUMEM
furious-puma-1:187515:188378 [6] NCCL INFO Allocated shareable buffer 0x7ea37fc00000 size 2097152 ipcDesc 0x7ea61803ad20
furious-puma-1:187510:188384 [1] NCCL INFO Allocated shareable buffer 0x31cde00000 size 2097152 ipcDesc 0x7622d40367e0
furious-puma-1:187515:188742 [6] NCCL INFO Channel 09/0 : 6[6] -> 7[7] via P2P/CUMEM
furious-puma-1:187510:188746 [1] NCCL INFO Channel 06/0 : 1[1] -> 2[2] via P2P/CUMEM
furious-puma-1:187510:188384 [1] NCCL INFO Allocated shareable buffer 0x31cbe00000 size 2097152 ipcDesc 0x7622d4037f40
furious-puma-1:187510:188746 [1] NCCL INFO Channel 07/0 : 1[1] -> 2[2] via P2P/CUMEM
furious-puma-1:187512:188374 [3] NCCL INFO Allocated shareable buffer 0x72c1edc00000 size 2097152 ipcDesc 0x72c4f40368e0
furious-puma-1:187512:188743 [3] NCCL INFO Channel 06/0 : 3[3] -> 4[4] via P2P/CUMEM
furious-puma-1:187514:188382 [5] NCCL INFO Allocated shareable buffer 0x793ed6a00000 size 10485760 ipcDesc 0x793d5c01b7e0
furious-puma-1:187509:188376 [0] NCCL INFO Allocated shareable buffer 0x31c1800000 size 2097152 ipcDesc 0x793418034b80
furious-puma-1:187509:188745 [0] NCCL INFO Channel 06/0 : 0[0] -> 1[1] via P2P/CUMEM
furious-puma-1:187513:188386 [4] NCCL INFO Allocated shareable buffer 0x31c7200000 size 2097152 ipcDesc 0x71f6b4034a70
furious-puma-1:187513:188744 [4] NCCL INFO Channel 05/0 : 4[4] -> 5[5] via P2P/CUMEM
furious-puma-1:187511:188372 [2] NCCL INFO Allocated shareable buffer 0x31c4a00000 size 2097152 ipcDesc 0x7b902402dcc0
furious-puma-1:187511:188747 [2] NCCL INFO Channel 01/0 : 2[2] -> 3[3] via P2P/CUMEM
furious-puma-1:187510:188384 [1] NCCL INFO Allocated shareable buffer 0x31c9e00000 size 2097152 ipcDesc 0x7622d4039420
furious-puma-1:187510:188746 [1] NCCL INFO Channel 08/0 : 1[1] -> 2[2] via P2P/CUMEM
furious-puma-1:187510:188384 [1] NCCL INFO Allocated shareable buffer 0x31c7e00000 size 2097152 ipcDesc 0x7622d403a900
furious-puma-1:187510:188746 [1] NCCL INFO Channel 09/0 : 1[1] -> 2[2] via P2P/CUMEM
furious-puma-1:187516:188380 [7] NCCL INFO Allocated shareable buffer 0x724edac00000 size 10485760 ipcDesc 0x724d2801d1c0
furious-puma-1:187515:188378 [6] NCCL INFO Allocated shareable buffer 0x7ea37fe00000 size 2097152 ipcDesc 0x7ea61803c520
furious-puma-1:187513:188386 [4] NCCL INFO Allocated shareable buffer 0x31c7400000 size 2097152 ipcDesc 0x71f6b4036270
furious-puma-1:187515:188742 [6] NCCL INFO Channel 10/0 : 6[6] -> 7[7] via P2P/CUMEM
furious-puma-1:187511:188372 [2] NCCL INFO Allocated shareable buffer 0x31c4c00000 size 2097152 ipcDesc 0x7b902402f4c0
furious-puma-1:187513:188744 [4] NCCL INFO Channel 06/0 : 4[4] -> 5[5] via P2P/CUMEM
furious-puma-1:187511:188747 [2] NCCL INFO Channel 02/0 : 2[2] -> 3[3] via P2P/CUMEM
furious-puma-1:187513:188386 [4] NCCL INFO Allocated shareable buffer 0x31c7600000 size 2097152 ipcDesc 0x71f6b4037a70
furious-puma-1:187513:188744 [4] NCCL INFO Channel 07/0 : 4[4] -> 5[5] via P2P/CUMEM
furious-puma-1:187512:188374 [3] NCCL INFO Allocated shareable buffer 0x72c1ede00000 size 2097152 ipcDesc 0x72c4f40380e0
furious-puma-1:187512:188743 [3] NCCL INFO Channel 07/0 : 3[3] -> 4[4] via P2P/CUMEM
furious-puma-1:187516:188380 [7] NCCL INFO Allocated shareable buffer 0x724edb600000 size 10485760 ipcDesc 0x724d2801eba0
furious-puma-1:187511:188372 [2] NCCL INFO Allocated shareable buffer 0x31c4e00000 size 2097152 ipcDesc 0x7b9024030cc0
furious-puma-1:187511:188747 [2] NCCL INFO Channel 03/0 : 2[2] -> 3[3] via P2P/CUMEM
furious-puma-1:187515:188378 [6] NCCL INFO Allocated shareable buffer 0x7ea381800000 size 2097152 ipcDesc 0x7ea61803dbe0
furious-puma-1:187515:188742 [6] NCCL INFO Channel 11/0 : 6[6] -> 7[7] via P2P/CUMEM
furious-puma-1:187509:188376 [0] NCCL INFO Allocated shareable buffer 0x31c1c00000 size 2097152 ipcDesc 0x793418036240
furious-puma-1:187509:188745 [0] NCCL INFO Channel 07/0 : 0[0] -> 1[1] via P2P/CUMEM
furious-puma-1:187509:188376 [0] NCCL INFO Allocated shareable buffer 0x31c1e00000 size 2097152 ipcDesc 0x793418037c20
furious-puma-1:187509:188745 [0] NCCL INFO Channel 08/0 : 0[0] -> 1[1] via P2P/CUMEM
furious-puma-1:187512:188374 [3] NCCL INFO Allocated shareable buffer 0x72c22de00000 size 2097152 ipcDesc 0x72c4f40397a0
furious-puma-1:187512:188743 [3] NCCL INFO Channel 08/0 : 3[3] -> 4[4] via P2P/CUMEM
furious-puma-1:187510:188384 [1] NCCL INFO Allocated shareable buffer 0x31c5e00000 size 2097152 ipcDesc 0x7622d403bde0
furious-puma-1:187510:188746 [1] NCCL INFO Channel 10/0 : 1[1] -> 2[2] via P2P/CUMEM
furious-puma-1:187514:188382 [5] NCCL INFO Allocated shareable buffer 0x793f0ba00000 size 10485760 ipcDesc 0x793d5c01cea0
furious-puma-1:187515:188378 [6] NCCL INFO Allocated shareable buffer 0x7ea381a00000 size 2097152 ipcDesc 0x7ea61803f5c0
furious-puma-1:187515:188742 [6] NCCL INFO Channel 12/0 : 6[6] -> 7[7] via P2P/CUMEM
furious-puma-1:187511:188372 [2] NCCL INFO Allocated shareable buffer 0x31c5000000 size 2097152 ipcDesc 0x7b90240324c0
furious-puma-1:187511:188747 [2] NCCL INFO Channel 04/0 : 2[2] -> 3[3] via P2P/CUMEM
furious-puma-1:187513:188386 [4] NCCL INFO Allocated shareable buffer 0x31c7800000 size 2097152 ipcDesc 0x71f6b4039270
furious-puma-1:187513:188744 [4] NCCL INFO Channel 08/0 : 4[4] -> 5[5] via P2P/CUMEM
furious-puma-1:187509:188376 [0] NCCL INFO Allocated shareable buffer 0xa1f800000 size 2097152 ipcDesc 0x793418039380
furious-puma-1:187509:188745 [0] NCCL INFO Channel 09/0 : 0[0] -> 1[1] via P2P/CUMEM
furious-puma-1:187509:188376 [0] NCCL INFO Allocated shareable buffer 0xa1fa00000 size 2097152 ipcDesc 0x79341803ab80
furious-puma-1:187509:188745 [0] NCCL INFO Channel 10/0 : 0[0] -> 1[1] via P2P/CUMEM
furious-puma-1:187512:188374 [3] NCCL INFO Allocated shareable buffer 0x72c22f800000 size 2097152 ipcDesc 0x72c4f403ae60
furious-puma-1:187512:188743 [3] NCCL INFO Channel 09/0 : 3[3] -> 4[4] via P2P/CUMEM
furious-puma-1:187512:188374 [3] NCCL INFO Allocated shareable buffer 0x72c22fa00000 size 2097152 ipcDesc 0x72c4f403c660
furious-puma-1:187512:188743 [3] NCCL INFO Channel 10/0 : 3[3] -> 4[4] via P2P/CUMEM
furious-puma-1:187516:188380 [7] NCCL INFO Allocated shareable buffer 0x724edc000000 size 10485760 ipcDesc 0x724d280203a0
furious-puma-1:187510:188384 [1] NCCL INFO Allocated shareable buffer 0x31c3e00000 size 2097152 ipcDesc 0x7622d403d2c0
furious-puma-1:187510:188746 [1] NCCL INFO Channel 11/0 : 1[1] -> 2[2] via P2P/CUMEM
furious-puma-1:187511:188372 [2] NCCL INFO Allocated shareable buffer 0x31c5200000 size 2097152 ipcDesc 0x7b9024033cc0
furious-puma-1:187511:188747 [2] NCCL INFO Channel 05/0 : 2[2] -> 3[3] via P2P/CUMEM
furious-puma-1:187515:188378 [6] NCCL INFO Allocated shareable buffer 0x7ea381c00000 size 2097152 ipcDesc 0x7ea618040dc0
furious-puma-1:187515:188742 [6] NCCL INFO Channel 13/0 : 6[6] -> 7[7] via P2P/CUMEM
furious-puma-1:187513:188386 [4] NCCL INFO Allocated shareable buffer 0x31c7a00000 size 2097152 ipcDesc 0x71f6b403aa70
furious-puma-1:187513:188744 [4] NCCL INFO Channel 09/0 : 4[4] -> 5[5] via P2P/CUMEM
furious-puma-1:187509:188376 [0] NCCL INFO Allocated shareable buffer 0xa1fc00000 size 2097152 ipcDesc 0x79341803c380
furious-puma-1:187509:188745 [0] NCCL INFO Channel 11/0 : 0[0] -> 1[1] via P2P/CUMEM
furious-puma-1:187509:188376 [0] NCCL INFO Allocated shareable buffer 0xa1fe00000 size 2097152 ipcDesc 0x79341803db80
furious-puma-1:187509:188745 [0] NCCL INFO Channel 12/0 : 0[0] -> 1[1] via P2P/CUMEM
furious-puma-1:187509:188376 [0] NCCL INFO Allocated shareable buffer 0xa1d800000 size 2097152 ipcDesc 0x79341803f2e0
furious-puma-1:187509:188745 [0] NCCL INFO Channel 13/0 : 0[0] -> 1[1] via P2P/CUMEM
furious-puma-1:187514:188382 [5] NCCL INFO Allocated shareable buffer 0x793f0c400000 size 10485760 ipcDesc 0x793d5c01e880
furious-puma-1:187512:188374 [3] NCCL INFO Allocated shareable buffer 0x72c22fc00000 size 2097152 ipcDesc 0x72c4f403de60
furious-puma-1:187512:188743 [3] NCCL INFO Channel 11/0 : 3[3] -> 4[4] via P2P/CUMEM
furious-puma-1:187516:188380 [7] NCCL INFO Allocated shareable buffer 0x724edca00000 size 10485760 ipcDesc 0x724d28021ba0
furious-puma-1:187510:188384 [1] NCCL INFO Allocated shareable buffer 0x762027e00000 size 2097152 ipcDesc 0x7622d403e7a0
furious-puma-1:187510:188746 [1] NCCL INFO Channel 12/0 : 1[1] -> 2[2] via P2P/CUMEM
furious-puma-1:187515:188378 [6] NCCL INFO Allocated shareable buffer 0x7ea381e00000 size 2097152 ipcDesc 0x7ea6180425c0
furious-puma-1:187515:188742 [6] NCCL INFO Channel 14/0 : 6[6] -> 7[7] via P2P/CUMEM
furious-puma-1:187513:188386 [4] NCCL INFO Allocated shareable buffer 0x31c7c00000 size 2097152 ipcDesc 0x71f6b403c270
furious-puma-1:187513:188744 [4] NCCL INFO Channel 10/0 : 4[4] -> 5[5] via P2P/CUMEM
furious-puma-1:187510:188384 [1] NCCL INFO Allocated shareable buffer 0x76203fe00000 size 2097152 ipcDesc 0x7622d403fe60
furious-puma-1:187510:188746 [1] NCCL INFO Channel 13/0 : 1[1] -> 2[2] via P2P/CUMEM
furious-puma-1:187514:188382 [5] NCCL INFO Allocated shareable buffer 0x793f0ce00000 size 10485760 ipcDesc 0x793d5c020080
furious-puma-1:187515:188378 [6] NCCL INFO Allocated shareable buffer 0x7ea383800000 size 2097152 ipcDesc 0x7ea618043c80
furious-puma-1:187515:188742 [6] NCCL INFO Channel 15/0 : 6[6] -> 7[7] via P2P/CUMEM
furious-puma-1:187511:188372 [2] NCCL INFO Allocated shareable buffer 0x31c5400000 size 2097152 ipcDesc 0x7b90240354c0
furious-puma-1:187511:188747 [2] NCCL INFO Channel 06/0 : 2[2] -> 3[3] via P2P/CUMEM
furious-puma-1:187510:188384 [1] NCCL INFO Allocated shareable buffer 0x762077e00000 size 2097152 ipcDesc 0x7622d40417a0
furious-puma-1:187510:188746 [1] NCCL INFO Channel 14/0 : 1[1] -> 2[2] via P2P/CUMEM
furious-puma-1:187509:188376 [0] NCCL INFO Allocated shareable buffer 0xa1da00000 size 2097152 ipcDesc 0x793418040ae0
furious-puma-1:187509:188745 [0] NCCL INFO Channel 14/0 : 0[0] -> 1[1] via P2P/CUMEM
furious-puma-1:187509:188376 [0] NCCL INFO Allocated shareable buffer 0xa1dc00000 size 2097152 ipcDesc 0x7934180422e0
furious-puma-1:187509:188745 [0] NCCL INFO Channel 15/0 : 0[0] -> 1[1] via P2P/CUMEM
furious-puma-1:187510:188384 [1] NCCL INFO Allocated shareable buffer 0x76208be00000 size 2097152 ipcDesc 0x7622d4043040
furious-puma-1:187510:188746 [1] NCCL INFO Channel 15/0 : 1[1] -> 2[2] via P2P/CUMEM
furious-puma-1:187512:188374 [3] NCCL INFO Allocated shareable buffer 0x72c22fe00000 size 2097152 ipcDesc 0x72c4f403f660
furious-puma-1:187512:188743 [3] NCCL INFO Channel 12/0 : 3[3] -> 4[4] via P2P/CUMEM
furious-puma-1:187515:188378 [6] NCCL INFO Allocated shareable buffer 0x7ea383a00000 size 2097152 ipcDesc 0x7ea618045660
furious-puma-1:187515:188742 [6] NCCL INFO Channel 16/0 : 6[6] -> 7[7] via P2P/CUMEM
furious-puma-1:187513:188386 [4] NCCL INFO Allocated shareable buffer 0x31c7e00000 size 2097152 ipcDesc 0x71f6b403da70
furious-puma-1:187513:188744 [4] NCCL INFO Channel 11/0 : 4[4] -> 5[5] via P2P/CUMEM
furious-puma-1:187511:188372 [2] NCCL INFO Allocated shareable buffer 0x31c5600000 size 2097152 ipcDesc 0x7b9024036cc0
furious-puma-1:187511:188747 [2] NCCL INFO Channel 07/0 : 2[2] -> 3[3] via P2P/CUMEM
furious-puma-1:187516:188380 [7] NCCL INFO Allocated shareable buffer 0x724edd400000 size 10485760 ipcDesc 0x724d280233a0
furious-puma-1:187516:188380 [7] NCCL INFO Allocated shareable buffer 0x724edde00000 size 10485760 ipcDesc 0x724d28024ba0
furious-puma-1:187514:188382 [5] NCCL INFO Allocated shareable buffer 0x793f0d800000 size 10485760 ipcDesc 0x793d5c021880
furious-puma-1:187511:188372 [2] NCCL INFO Allocated shareable buffer 0x31c5800000 size 2097152 ipcDesc 0x7b90240384c0
furious-puma-1:187511:188747 [2] NCCL INFO Channel 08/0 : 2[2] -> 3[3] via P2P/CUMEM
furious-puma-1:187513:188386 [4] NCCL INFO Allocated shareable buffer 0x31c5e00000 size 2097152 ipcDesc 0x71f6b403f1d0
furious-puma-1:187513:188744 [4] NCCL INFO Channel 12/0 : 4[4] -> 5[5] via P2P/CUMEM
furious-puma-1:187515:188378 [6] NCCL INFO Allocated shareable buffer 0x7ea383c00000 size 2097152 ipcDesc 0x7ea618046e60
furious-puma-1:187515:188742 [6] NCCL INFO Channel 17/0 : 6[6] -> 7[7] via P2P/CUMEM
furious-puma-1:187511:188372 [2] NCCL INFO Allocated shareable buffer 0x31c5a00000 size 2097152 ipcDesc 0x7b9024039cc0
furious-puma-1:187511:188747 [2] NCCL INFO Channel 09/0 : 2[2] -> 3[3] via P2P/CUMEM
furious-puma-1:187512:188374 [3] NCCL INFO Allocated shareable buffer 0x72c231a00000 size 2097152 ipcDesc 0x72c4f4040d20
furious-puma-1:187512:188743 [3] NCCL INFO Channel 13/0 : 3[3] -> 4[4] via P2P/CUMEM
furious-puma-1:187516:188380 [7] NCCL INFO Allocated shareable buffer 0x724ede800000 size 10485760 ipcDesc 0x724d280263a0
furious-puma-1:187510:188384 [1] NCCL INFO Allocated shareable buffer 0x762097e00000 size 2097152 ipcDesc 0x7622d40448e0
furious-puma-1:187510:188746 [1] NCCL INFO Channel 16/0 : 1[1] -> 2[2] via P2P/CUMEM
furious-puma-1:187509:188376 [0] NCCL INFO Allocated shareable buffer 0xa1de00000 size 2097152 ipcDesc 0x793418043ae0
furious-puma-1:187509:188745 [0] NCCL INFO Channel 16/0 : 0[0] -> 1[1] via P2P/CUMEM
furious-puma-1:187511:188372 [2] NCCL INFO Allocated shareable buffer 0x31c5c00000 size 2097152 ipcDesc 0x7b902403b4c0
furious-puma-1:187511:188747 [2] NCCL INFO Channel 10/0 : 2[2] -> 3[3] via P2P/CUMEM
furious-puma-1:187511:188372 [2] NCCL INFO Allocated shareable buffer 0x31c5e00000 size 2097152 ipcDesc 0x7b902403ccc0
furious-puma-1:187511:188747 [2] NCCL INFO Channel 11/0 : 2[2] -> 3[3] via P2P/CUMEM
furious-puma-1:187510:188384 [1] NCCL INFO Allocated shareable buffer 0x762099c00000 size 2097152 ipcDesc 0x7622d4046180
furious-puma-1:187510:188746 [1] NCCL INFO Channel 17/0 : 1[1] -> 2[2] via P2P/CUMEM
furious-puma-1:187515:188378 [6] NCCL INFO Allocated shareable buffer 0x7ea383e00000 size 2097152 ipcDesc 0x7ea618048660
furious-puma-1:187513:188386 [4] NCCL INFO Allocated shareable buffer 0x31c3e00000 size 2097152 ipcDesc 0x71f6b40406b0
furious-puma-1:187515:188742 [6] NCCL INFO Channel 18/0 : 6[6] -> 7[7] via P2P/CUMEM
furious-puma-1:187513:188744 [4] NCCL INFO Channel 13/0 : 4[4] -> 5[5] via P2P/CUMEM
furious-puma-1:187516:188380 [7] NCCL INFO Allocated shareable buffer 0x31c2000000 size 10485760 ipcDesc 0x724d28027ba0
furious-puma-1:187514:188382 [5] NCCL INFO Allocated shareable buffer 0x793f0e200000 size 10485760 ipcDesc 0x793d5c023080
furious-puma-1:187509:188376 [0] NCCL INFO Allocated shareable buffer 0xa1b800000 size 2097152 ipcDesc 0x793418044fc0
furious-puma-1:187509:188745 [0] NCCL INFO Channel 17/0 : 0[0] -> 1[1] via P2P/CUMEM
furious-puma-1:187510:188384 [1] NCCL INFO Allocated shareable buffer 0x762099e00000 size 2097152 ipcDesc 0x7622d4047980
furious-puma-1:187510:188746 [1] NCCL INFO Channel 18/0 : 1[1] -> 2[2] via P2P/CUMEM
furious-puma-1:187510:188384 [1] NCCL INFO Allocated shareable buffer 0x76209bc00000 size 2097152 ipcDesc 0x7622d4049040
furious-puma-1:187510:188746 [1] NCCL INFO Channel 19/0 : 1[1] -> 2[2] via P2P/CUMEM
furious-puma-1:187511:188372 [2] NCCL INFO Allocated shareable buffer 0x31c3e00000 size 2097152 ipcDesc 0x7b902403e420
furious-puma-1:187511:188747 [2] NCCL INFO Channel 12/0 : 2[2] -> 3[3] via P2P/CUMEM
furious-puma-1:187513:188386 [4] NCCL INFO Allocated shareable buffer 0x71f39de00000 size 2097152 ipcDesc 0x71f6b4041b90
furious-puma-1:187513:188744 [4] NCCL INFO Channel 14/0 : 4[4] -> 5[5] via P2P/CUMEM
furious-puma-1:187512:188374 [3] NCCL INFO Allocated shareable buffer 0x72c231c00000 size 2097152 ipcDesc 0x72c4f4042700
furious-puma-1:187512:188743 [3] NCCL INFO Channel 14/0 : 3[3] -> 4[4] via P2P/CUMEM
furious-puma-1:187514:188382 [5] NCCL INFO Allocated shareable buffer 0x793f0ec00000 size 10485760 ipcDesc 0x793d5c024880
furious-puma-1:187510:188384 [1] NCCL INFO Allocated shareable buffer 0x76209be00000 size 2097152 ipcDesc 0x7622d404a840
furious-puma-1:187510:188746 [1] NCCL INFO Channel 20/0 : 1[1] -> 2[2] via P2P/CUMEM
furious-puma-1:187515:188378 [6] NCCL INFO Allocated shareable buffer 0x7ea385800000 size 2097152 ipcDesc 0x7ea618049d20
furious-puma-1:187515:188742 [6] NCCL INFO Channel 19/0 : 6[6] -> 7[7] via P2P/CUMEM
furious-puma-1:187509:188376 [0] NCCL INFO Allocated shareable buffer 0xa1ba00000 size 2097152 ipcDesc 0x7934180467c0
furious-puma-1:187509:188745 [0] NCCL INFO Channel 18/0 : 0[0] -> 1[1] via P2P/CUMEM
furious-puma-1:187511:188372 [2] NCCL INFO Allocated shareable buffer 0x7b8d5de00000 size 2097152 ipcDesc 0x7b902403f900
furious-puma-1:187511:188747 [2] NCCL INFO Channel 13/0 : 2[2] -> 3[3] via P2P/CUMEM
furious-puma-1:187511:188372 [2] NCCL INFO Allocated shareable buffer 0x7b8df3e00000 size 2097152 ipcDesc 0x7b9024040fc0
furious-puma-1:187511:188747 [2] NCCL INFO Channel 14/0 : 2[2] -> 3[3] via P2P/CUMEM
furious-puma-1:187511:188372 [2] NCCL INFO Allocated shareable buffer 0x7b90c0e00000 size 2097152 ipcDesc 0x7b9024042720
furious-puma-1:187511:188747 [2] NCCL INFO Channel 15/0 : 2[2] -> 3[3] via P2P/CUMEM
furious-puma-1:187516:188380 [7] NCCL INFO Allocated shareable buffer 0x31c2a00000 size 10485760 ipcDesc 0x724d280297f0
furious-puma-1:187512:188374 [3] NCCL INFO Allocated shareable buffer 0x72c231e00000 size 2097152 ipcDesc 0x72c4f4043f00
furious-puma-1:187512:188743 [3] NCCL INFO Channel 15/0 : 3[3] -> 4[4] via P2P/CUMEM
furious-puma-1:187510:188384 [1] NCCL INFO Allocated shareable buffer 0x76209dc00000 size 2097152 ipcDesc 0x7622d404bf00
furious-puma-1:187510:188746 [1] NCCL INFO Channel 21/0 : 1[1] -> 2[2] via P2P/CUMEM
furious-puma-1:187513:188386 [4] NCCL INFO Allocated shareable buffer 0x71f3b7800000 size 2097152 ipcDesc 0x71f6b4043250
furious-puma-1:187513:188744 [4] NCCL INFO Channel 15/0 : 4[4] -> 5[5] via P2P/CUMEM
furious-puma-1:187514:188382 [5] NCCL INFO Allocated shareable buffer 0x31c2000000 size 10485760 ipcDesc 0x793d5c026080
furious-puma-1:187515:188378 [6] NCCL INFO Allocated shareable buffer 0x7ea385a00000 size 2097152 ipcDesc 0x7ea61804b700
furious-puma-1:187515:188742 [6] NCCL INFO Channel 20/0 : 6[6] -> 7[7] via P2P/CUMEM
furious-puma-1:187509:188376 [0] NCCL INFO Allocated shareable buffer 0xa1bc00000 size 2097152 ipcDesc 0x793418047fc0
furious-puma-1:187509:188745 [0] NCCL INFO Channel 19/0 : 0[0] -> 1[1] via P2P/CUMEM
furious-puma-1:187514:188382 [5] NCCL INFO Allocated shareable buffer 0x31c2a00000 size 10485760 ipcDesc 0x793d5c027cd0
furious-puma-1:187511:188372 [2] NCCL INFO Allocated shareable buffer 0x7b90c1000000 size 2097152 ipcDesc 0x7b9024044100
furious-puma-1:187511:188747 [2] NCCL INFO Channel 16/0 : 2[2] -> 3[3] via P2P/CUMEM
furious-puma-1:187509:188376 [0] NCCL INFO Allocated shareable buffer 0xa1be00000 size 2097152 ipcDesc 0x7934180497c0
furious-puma-1:187509:188745 [0] NCCL INFO Channel 20/0 : 0[0] -> 1[1] via P2P/CUMEM
furious-puma-1:187512:188374 [3] NCCL INFO Allocated shareable buffer 0x72c233a00000 size 2097152 ipcDesc 0x72c4f40455c0
furious-puma-1:187512:188743 [3] NCCL INFO Channel 16/0 : 3[3] -> 4[4] via P2P/CUMEM
furious-puma-1:187516:188380 [7] NCCL INFO Allocated shareable buffer 0x31c3400000 size 10485760 ipcDesc 0x724d2802aff0
furious-puma-1:187515:188378 [6] NCCL INFO Allocated shareable buffer 0x7ea385c00000 size 2097152 ipcDesc 0x7ea61804cf00
furious-puma-1:187515:188742 [6] NCCL INFO Channel 21/0 : 6[6] -> 7[7] via P2P/CUMEM
furious-puma-1:187513:188386 [4] NCCL INFO Allocated shareable buffer 0x71f3b7a00000 size 2097152 ipcDesc 0x71f6b4044a50
furious-puma-1:187513:188744 [4] NCCL INFO Channel 16/0 : 4[4] -> 5[5] via P2P/CUMEM
furious-puma-1:187516:188380 [7] NCCL INFO Allocated shareable buffer 0x31c4000000 size 10485760 ipcDesc 0x724d2802c7f0
furious-puma-1:187516:188748 [7] NCCL INFO Channel 00/0 : 7[7] -> 0[0] via P2P/CUMEM
furious-puma-1:187511:188372 [2] NCCL INFO Allocated shareable buffer 0x7b90c1200000 size 2097152 ipcDesc 0x7b9024045900
furious-puma-1:187511:188747 [2] NCCL INFO Channel 17/0 : 2[2] -> 3[3] via P2P/CUMEM
furious-puma-1:187510:188384 [1] NCCL INFO Allocated shareable buffer 0x76209de00000 size 2097152 ipcDesc 0x7622d404d700
furious-puma-1:187510:188746 [1] NCCL INFO Channel 22/0 : 1[1] -> 2[2] via P2P/CUMEM
furious-puma-1:187516:188380 [7] NCCL INFO Allocated shareable buffer 0x31c4a00000 size 2097152 ipcDesc 0x724d2802e440
furious-puma-1:187516:188748 [7] NCCL INFO Channel 01/0 : 7[7] -> 0[0] via P2P/CUMEM
furious-puma-1:187514:188382 [5] NCCL INFO Allocated shareable buffer 0x31c3400000 size 10485760 ipcDesc 0x793d5c0294d0
furious-puma-1:187509:188376 [0] NCCL INFO Allocated shareable buffer 0xa19800000 size 2097152 ipcDesc 0x79341804aca0
furious-puma-1:187509:188745 [0] NCCL INFO Channel 21/0 : 0[0] -> 1[1] via P2P/CUMEM
furious-puma-1:187511:188372 [2] NCCL INFO Allocated shareable buffer 0x31c1800000 size 2097152 ipcDesc 0x7b9024046de0
furious-puma-1:187511:188747 [2] NCCL INFO Channel 18/0 : 2[2] -> 3[3] via P2P/CUMEM
furious-puma-1:187511:188372 [2] NCCL INFO Allocated shareable buffer 0x31c1c00000 size 2097152 ipcDesc 0x7b90240484a0
furious-puma-1:187511:188747 [2] NCCL INFO Channel 19/0 : 2[2] -> 3[3] via P2P/CUMEM
furious-puma-1:187515:188378 [6] NCCL INFO Allocated shareable buffer 0x7ea385e00000 size 2097152 ipcDesc 0x7ea61804e700
furious-puma-1:187515:188742 [6] NCCL INFO Channel 22/0 : 6[6] -> 7[7] via P2P/CUMEM
furious-puma-1:187511:188372 [2] NCCL INFO Allocated shareable buffer 0x31c1e00000 size 2097152 ipcDesc 0x7b9024049e80
furious-puma-1:187511:188747 [2] NCCL INFO Channel 20/0 : 2[2] -> 3[3] via P2P/CUMEM
furious-puma-1:187512:188374 [3] NCCL INFO Allocated shareable buffer 0x72c233c00000 size 2097152 ipcDesc 0x72c4f4046fa0
furious-puma-1:187512:188743 [3] NCCL INFO Channel 17/0 : 3[3] -> 4[4] via P2P/CUMEM
furious-puma-1:187510:188384 [1] NCCL INFO Allocated shareable buffer 0x31c1800000 size 2097152 ipcDesc 0x7622d404ee60
furious-puma-1:187510:188746 [1] NCCL INFO Channel 23/0 : 1[1] -> 2[2] via P2P/CUMEM
furious-puma-1:187516:188380 [7] NCCL INFO Allocated shareable buffer 0x31c4c00000 size 2097152 ipcDesc 0x724d2802fc40
furious-puma-1:187516:188748 [7] NCCL INFO Channel 02/0 : 7[7] -> 0[0] via P2P/CUMEM
furious-puma-1:187509:188376 [0] NCCL INFO Allocated shareable buffer 0xa19a00000 size 2097152 ipcDesc 0x79341804c4a0
furious-puma-1:187509:188745 [0] NCCL INFO Channel 22/0 : 0[0] -> 1[1] via P2P/CUMEM
furious-puma-1:187516:188380 [7] NCCL INFO Allocated shareable buffer 0x31c4e00000 size 2097152 ipcDesc 0x724d28031440
furious-puma-1:187516:188748 [7] NCCL INFO Channel 03/0 : 7[7] -> 0[0] via P2P/CUMEM
furious-puma-1:187510:188384 [1] NCCL INFO Allocated shareable buffer 0x31c1c00000 size 2097152 ipcDesc 0x7622d4050520
furious-puma-1:187514:188382 [5] NCCL INFO Allocated shareable buffer 0x31c4000000 size 10485760 ipcDesc 0x793d5c02acd0
furious-puma-1:187513:188386 [4] NCCL INFO Allocated shareable buffer 0x71f3b7c00000 size 2097152 ipcDesc 0x71f6b4046250
furious-puma-1:187513:188744 [4] NCCL INFO Channel 17/0 : 4[4] -> 5[5] via P2P/CUMEM
furious-puma-1:187509:188376 [0] NCCL INFO Allocated shareable buffer 0xa19c00000 size 2097152 ipcDesc 0x79341804dca0
furious-puma-1:187509:188745 [0] NCCL INFO Channel 23/0 : 0[0] -> 1[1] via P2P/CUMEM
furious-puma-1:187514:188382 [5] NCCL INFO Allocated shareable buffer 0x31c4a00000 size 10485760 ipcDesc 0x793d5c02c920
furious-puma-1:187511:188372 [2] NCCL INFO Allocated shareable buffer 0xa1f800000 size 2097152 ipcDesc 0x7b902404b360
furious-puma-1:187514:188749 [5] NCCL INFO Channel 00/0 : 5[5] -> 6[6] via P2P/CUMEM
furious-puma-1:187511:188747 [2] NCCL INFO Channel 21/0 : 2[2] -> 3[3] via P2P/CUMEM
furious-puma-1:187516:188380 [7] NCCL INFO Allocated shareable buffer 0x31c5000000 size 2097152 ipcDesc 0x724d28032c40
furious-puma-1:187516:188748 [7] NCCL INFO Channel 04/0 : 7[7] -> 0[0] via P2P/CUMEM
furious-puma-1:187516:188380 [7] NCCL INFO Allocated shareable buffer 0x31c5200000 size 2097152 ipcDesc 0x724d28034440
furious-puma-1:187516:188748 [7] NCCL INFO Channel 05/0 : 7[7] -> 0[0] via P2P/CUMEM
furious-puma-1:187513:188386 [4] NCCL INFO Allocated shareable buffer 0x71f3b7e00000 size 2097152 ipcDesc 0x71f6b4047a50
furious-puma-1:187513:188744 [4] NCCL INFO Channel 18/0 : 4[4] -> 5[5] via P2P/CUMEM
furious-puma-1:187514:188382 [5] NCCL INFO Allocated shareable buffer 0x31c5400000 size 2097152 ipcDesc 0x793d5c02e120
furious-puma-1:187514:188749 [5] NCCL INFO Channel 01/0 : 5[5] -> 6[6] via P2P/CUMEM
furious-puma-1:187511:188372 [2] NCCL INFO Allocated shareable buffer 0xa1fa00000 size 2097152 ipcDesc 0x7b902404cb60
furious-puma-1:187511:188747 [2] NCCL INFO Channel 22/0 : 2[2] -> 3[3] via P2P/CUMEM
furious-puma-1:187515:188378 [6] NCCL INFO Allocated shareable buffer 0x7ea387e00000 size 2097152 ipcDesc 0x7ea61804fdc0
furious-puma-1:187515:188742 [6] NCCL INFO Channel 23/0 : 6[6] -> 7[7] via P2P/CUMEM
furious-puma-1:187509:188376 [0] NCCL INFO Allocated shareable buffer 0xa19e00000 size 2097152 ipcDesc 0x79341804f4a0
furious-puma-1:187515:188378 [6] NCCL INFO Allocated shareable buffer 0x7ea389c00000 size 2097152 ipcDesc 0x7ea618051480
furious-puma-1:187516:188380 [7] NCCL INFO Allocated shareable buffer 0x31c5400000 size 2097152 ipcDesc 0x724d28035c40
furious-puma-1:187516:188748 [7] NCCL INFO Channel 06/0 : 7[7] -> 0[0] via P2P/CUMEM
furious-puma-1:187512:188374 [3] NCCL INFO Allocated shareable buffer 0x72c233e00000 size 2097152 ipcDesc 0x72c4f40487a0
furious-puma-1:187512:188743 [3] NCCL INFO Channel 18/0 : 3[3] -> 4[4] via P2P/CUMEM
furious-puma-1:187511:188372 [2] NCCL INFO Allocated shareable buffer 0xa1fc00000 size 2097152 ipcDesc 0x7b902404e360
furious-puma-1:187511:188747 [2] NCCL INFO Channel 23/0 : 2[2] -> 3[3] via P2P/CUMEM
furious-puma-1:187513:188386 [4] NCCL INFO Allocated shareable buffer 0x71f409800000 size 2097152 ipcDesc 0x71f6b40491b0
furious-puma-1:187513:188744 [4] NCCL INFO Channel 19/0 : 4[4] -> 5[5] via P2P/CUMEM
furious-puma-1:187511:188372 [2] NCCL INFO Allocated shareable buffer 0xa1fe00000 size 2097152 ipcDesc 0x7b902404fb60
furious-puma-1:187512:188374 [3] NCCL INFO Allocated shareable buffer 0x72c235a00000 size 2097152 ipcDesc 0x72c4f4049e60
furious-puma-1:187512:188743 [3] NCCL INFO Channel 19/0 : 3[3] -> 4[4] via P2P/CUMEM
furious-puma-1:187514:188382 [5] NCCL INFO Allocated shareable buffer 0x31c5600000 size 2097152 ipcDesc 0x793d5c02f920
furious-puma-1:187514:188749 [5] NCCL INFO Channel 02/0 : 5[5] -> 6[6] via P2P/CUMEM
furious-puma-1:187512:188374 [3] NCCL INFO Allocated shareable buffer 0x72c235c00000 size 2097152 ipcDesc 0x72c4f404b840
furious-puma-1:187512:188743 [3] NCCL INFO Channel 20/0 : 3[3] -> 4[4] via P2P/CUMEM
furious-puma-1:187516:188380 [7] NCCL INFO Allocated shareable buffer 0x31c5600000 size 2097152 ipcDesc 0x724d28037440
furious-puma-1:187516:188748 [7] NCCL INFO Channel 07/0 : 7[7] -> 0[0] via P2P/CUMEM
furious-puma-1:187516:188380 [7] NCCL INFO Allocated shareable buffer 0x31c5800000 size 2097152 ipcDesc 0x724d28038c40
furious-puma-1:187516:188748 [7] NCCL INFO Channel 08/0 : 7[7] -> 0[0] via P2P/CUMEM
furious-puma-1:187512:188374 [3] NCCL INFO Allocated shareable buffer 0x72c235e00000 size 2097152 ipcDesc 0x72c4f404d040
furious-puma-1:187512:188743 [3] NCCL INFO Channel 21/0 : 3[3] -> 4[4] via P2P/CUMEM
furious-puma-1:187513:188386 [4] NCCL INFO Allocated shareable buffer 0x71f409a00000 size 2097152 ipcDesc 0x71f6b404a9b0
furious-puma-1:187513:188744 [4] NCCL INFO Channel 20/0 : 4[4] -> 5[5] via P2P/CUMEM
furious-puma-1:187514:188382 [5] NCCL INFO Allocated shareable buffer 0x31c5800000 size 2097152 ipcDesc 0x793d5c031120
furious-puma-1:187514:188749 [5] NCCL INFO Channel 03/0 : 5[5] -> 6[6] via P2P/CUMEM
furious-puma-1:187510:188746 [1] NCCL INFO UDS converted handle 0x7b9024008bd0 to fd 147 on remote peer 2
furious-puma-1:187514:188382 [5] NCCL INFO Allocated shareable buffer 0x31c5a00000 size 2097152 ipcDesc 0x793d5c032920
furious-puma-1:187514:188749 [5] NCCL INFO Channel 04/0 : 5[5] -> 6[6] via P2P/CUMEM
furious-puma-1:187512:188374 [3] NCCL INFO Allocated shareable buffer 0x72c237a00000 size 2097152 ipcDesc 0x72c4f404e700
furious-puma-1:187512:188743 [3] NCCL INFO Channel 22/0 : 3[3] -> 4[4] via P2P/CUMEM
furious-puma-1:187513:188386 [4] NCCL INFO Allocated shareable buffer 0x71f409c00000 size 2097152 ipcDesc 0x71f6b404c1b0
furious-puma-1:187513:188744 [4] NCCL INFO Channel 21/0 : 4[4] -> 5[5] via P2P/CUMEM
furious-puma-1:187513:188386 [4] NCCL INFO Allocated shareable buffer 0x71f409e00000 size 2097152 ipcDesc 0x71f6b404d9b0
furious-puma-1:187512:188374 [3] NCCL INFO Allocated shareable buffer 0x72c237c00000 size 2097152 ipcDesc 0x72c4f40500e0
furious-puma-1:187513:188744 [4] NCCL INFO Channel 22/0 : 4[4] -> 5[5] via P2P/CUMEM
furious-puma-1:187512:188743 [3] NCCL INFO Channel 23/0 : 3[3] -> 4[4] via P2P/CUMEM
furious-puma-1:187516:188380 [7] NCCL INFO Allocated shareable buffer 0x31c5a00000 size 2097152 ipcDesc 0x724d2803a440
furious-puma-1:187516:188748 [7] NCCL INFO Channel 09/0 : 7[7] -> 0[0] via P2P/CUMEM
furious-puma-1:187514:188382 [5] NCCL INFO Allocated shareable buffer 0x31c5c00000 size 2097152 ipcDesc 0x793d5c034120
furious-puma-1:187514:188749 [5] NCCL INFO Channel 05/0 : 5[5] -> 6[6] via P2P/CUMEM
furious-puma-1:187512:188374 [3] NCCL INFO Allocated shareable buffer 0x72c237e00000 size 2097152 ipcDesc 0x72c4f40518e0
furious-puma-1:187510:188746 [1] NCCL INFO Imported shareable buffer device 1 size 10485760 ptr 0x31ce000000
furious-puma-1:187513:188386 [4] NCCL INFO Allocated shareable buffer 0x71f41f800000 size 2097152 ipcDesc 0x71f6b404f070
furious-puma-1:187516:188380 [7] NCCL INFO Allocated shareable buffer 0x31c5c00000 size 2097152 ipcDesc 0x724d2803bc40
furious-puma-1:187513:188744 [4] NCCL INFO Channel 23/0 : 4[4] -> 5[5] via P2P/CUMEM
furious-puma-1:187516:188748 [7] NCCL INFO Channel 10/0 : 7[7] -> 0[0] via P2P/CUMEM
furious-puma-1:187514:188382 [5] NCCL INFO Allocated shareable buffer 0x31c5e00000 size 2097152 ipcDesc 0x793d5c035920
furious-puma-1:187514:188749 [5] NCCL INFO Channel 06/0 : 5[5] -> 6[6] via P2P/CUMEM
furious-puma-1:187516:188380 [7] NCCL INFO Allocated shareable buffer 0x31c5e00000 size 2097152 ipcDesc 0x724d2803d440
furious-puma-1:187516:188748 [7] NCCL INFO Channel 11/0 : 7[7] -> 0[0] via P2P/CUMEM
furious-puma-1:187514:188382 [5] NCCL INFO Allocated shareable buffer 0x31c3e00000 size 2097152 ipcDesc 0x793d5c037080
furious-puma-1:187514:188749 [5] NCCL INFO Channel 07/0 : 5[5] -> 6[6] via P2P/CUMEM
furious-puma-1:187513:188386 [4] NCCL INFO Allocated shareable buffer 0x71f41fa00000 size 2097152 ipcDesc 0x71f6b4050870
furious-puma-1:187516:188380 [7] NCCL INFO Allocated shareable buffer 0x31c3e00000 size 2097152 ipcDesc 0x724d2803eba0
furious-puma-1:187516:188748 [7] NCCL INFO Channel 12/0 : 7[7] -> 0[0] via P2P/CUMEM
furious-puma-1:187510:188746 [1] NCCL INFO UDS converted handle 0x79341802d650 to fd 147 on remote peer 0
furious-puma-1:187516:188380 [7] NCCL INFO Allocated shareable buffer 0x724a47e00000 size 2097152 ipcDesc 0x724d28040080
furious-puma-1:187516:188748 [7] NCCL INFO Channel 13/0 : 7[7] -> 0[0] via P2P/CUMEM
furious-puma-1:187514:188382 [5] NCCL INFO Allocated shareable buffer 0x793a73e00000 size 2097152 ipcDesc 0x793d5c038560
furious-puma-1:187514:188749 [5] NCCL INFO Channel 08/0 : 5[5] -> 6[6] via P2P/CUMEM
furious-puma-1:187511:188747 [2] NCCL INFO UDS converted handle 0x72c4f4008bd0 to fd 149 on remote peer 3
furious-puma-1:187514:188382 [5] NCCL INFO Allocated shareable buffer 0x793a8be00000 size 2097152 ipcDesc 0x793d5c039c20
furious-puma-1:187514:188749 [5] NCCL INFO Channel 09/0 : 5[5] -> 6[6] via P2P/CUMEM
furious-puma-1:187510:188746 [1] NCCL INFO Imported shareable buffer device 1 size 2097152 ptr 0x31cea00000
furious-puma-1:187516:188380 [7] NCCL INFO Allocated shareable buffer 0x724a5b800000 size 2097152 ipcDesc 0x724d28041740
furious-puma-1:187516:188748 [7] NCCL INFO Channel 14/0 : 7[7] -> 0[0] via P2P/CUMEM
furious-puma-1:187512:188743 [3] NCCL INFO UDS converted handle 0x71f6b4008bd0 to fd 149 on remote peer 4
furious-puma-1:187516:188380 [7] NCCL INFO Allocated shareable buffer 0x724a5ba00000 size 2097152 ipcDesc 0x724d28042f40
furious-puma-1:187516:188748 [7] NCCL INFO Channel 15/0 : 7[7] -> 0[0] via P2P/CUMEM
furious-puma-1:187514:188382 [5] NCCL INFO Allocated shareable buffer 0x793acfe00000 size 2097152 ipcDesc 0x793d5c03b380
furious-puma-1:187514:188749 [5] NCCL INFO Channel 10/0 : 5[5] -> 6[6] via P2P/CUMEM
furious-puma-1:187511:188747 [2] NCCL INFO Imported shareable buffer device 2 size 10485760 ptr 0x31c6000000
furious-puma-1:187514:188382 [5] NCCL INFO Allocated shareable buffer 0x793ae3e00000 size 2097152 ipcDesc 0x793d5c03ca40
furious-puma-1:187514:188749 [5] NCCL INFO Channel 11/0 : 5[5] -> 6[6] via P2P/CUMEM
furious-puma-1:187516:188380 [7] NCCL INFO Allocated shareable buffer 0x724a5bc00000 size 2097152 ipcDesc 0x724d28044740
furious-puma-1:187516:188748 [7] NCCL INFO Channel 16/0 : 7[7] -> 0[0] via P2P/CUMEM
furious-puma-1:187512:188743 [3] NCCL INFO Imported shareable buffer device 3 size 10485760 ptr 0x72c2bb400000
furious-puma-1:187510:188746 [1] NCCL INFO UDS converted handle 0x7b902400a670 to fd 148 on remote peer 2
furious-puma-1:187516:188380 [7] NCCL INFO Allocated shareable buffer 0x724a5be00000 size 2097152 ipcDesc 0x724d28045f40
furious-puma-1:187516:188748 [7] NCCL INFO Channel 17/0 : 7[7] -> 0[0] via P2P/CUMEM
furious-puma-1:187514:188382 [5] NCCL INFO Allocated shareable buffer 0x793b23e00000 size 2097152 ipcDesc 0x793d5c03e100
furious-puma-1:187514:188749 [5] NCCL INFO Channel 12/0 : 5[5] -> 6[6] via P2P/CUMEM
furious-puma-1:187510:188746 [1] NCCL INFO Imported shareable buffer device 1 size 10485760 ptr 0x31cec00000
furious-puma-1:187516:188380 [7] NCCL INFO Allocated shareable buffer 0x724a9f800000 size 2097152 ipcDesc 0x724d280476a0
furious-puma-1:187516:188748 [7] NCCL INFO Channel 18/0 : 7[7] -> 0[0] via P2P/CUMEM
furious-puma-1:187514:188382 [5] NCCL INFO Allocated shareable buffer 0x793dece00000 size 2097152 ipcDesc 0x793d5c03f860
furious-puma-1:187514:188749 [5] NCCL INFO Channel 13/0 : 5[5] -> 6[6] via P2P/CUMEM
furious-puma-1:187512:188743 [3] NCCL INFO UDS converted handle 0x7b902402dd10 to fd 150 on remote peer 2
furious-puma-1:187514:188382 [5] NCCL INFO Allocated shareable buffer 0x793ded000000 size 2097152 ipcDesc 0x793d5c041240
furious-puma-1:187514:188749 [5] NCCL INFO Channel 14/0 : 5[5] -> 6[6] via P2P/CUMEM
furious-puma-1:187511:188747 [2] NCCL INFO UDS converted handle 0x7622d402f030 to fd 151 on remote peer 1
furious-puma-1:187516:188380 [7] NCCL INFO Allocated shareable buffer 0x724a9fa00000 size 2097152 ipcDesc 0x724d28048ea0
furious-puma-1:187516:188748 [7] NCCL INFO Channel 19/0 : 7[7] -> 0[0] via P2P/CUMEM
furious-puma-1:187516:188380 [7] NCCL INFO Allocated shareable buffer 0x724a9fc00000 size 2097152 ipcDesc 0x724d2804a6a0
furious-puma-1:187516:188748 [7] NCCL INFO Channel 20/0 : 7[7] -> 0[0] via P2P/CUMEM
furious-puma-1:187514:188382 [5] NCCL INFO Allocated shareable buffer 0x793ded200000 size 2097152 ipcDesc 0x793d5c042a40
furious-puma-1:187514:188749 [5] NCCL INFO Channel 15/0 : 5[5] -> 6[6] via P2P/CUMEM
furious-puma-1:187511:188747 [2] NCCL INFO Imported shareable buffer device 2 size 2097152 ptr 0x31c6a00000
furious-puma-1:187516:188380 [7] NCCL INFO Allocated shareable buffer 0x724a9fe00000 size 2097152 ipcDesc 0x724d2804bea0
furious-puma-1:187516:188748 [7] NCCL INFO Channel 21/0 : 7[7] -> 0[0] via P2P/CUMEM
furious-puma-1:187512:188743 [3] NCCL INFO Imported shareable buffer device 3 size 2097152 ptr 0x72c239c00000
furious-puma-1:187510:188746 [1] NCCL INFO UDS converted handle 0x79341802edb0 to fd 148 on remote peer 0
furious-puma-1:187510:188746 [1] NCCL INFO Imported shareable buffer device 1 size 2097152 ptr 0x31cf600000
furious-puma-1:187516:188380 [7] NCCL INFO Allocated shareable buffer 0x724ab3800000 size 2097152 ipcDesc 0x724d2804d560
furious-puma-1:187516:188748 [7] NCCL INFO Channel 22/0 : 7[7] -> 0[0] via P2P/CUMEM
furious-puma-1:187514:188382 [5] NCCL INFO Allocated shareable buffer 0x31c1800000 size 2097152 ipcDesc 0x793d5c043f20
furious-puma-1:187514:188749 [5] NCCL INFO Channel 16/0 : 5[5] -> 6[6] via P2P/CUMEM
furious-puma-1:187514:188382 [5] NCCL INFO Allocated shareable buffer 0x31c1c00000 size 2097152 ipcDesc 0x793d5c0455e0
furious-puma-1:187514:188749 [5] NCCL INFO Channel 17/0 : 5[5] -> 6[6] via P2P/CUMEM
furious-puma-1:187516:188380 [7] NCCL INFO Allocated shareable buffer 0x724ab3a00000 size 2097152 ipcDesc 0x724d2804ed60
furious-puma-1:187516:188748 [7] NCCL INFO Channel 23/0 : 7[7] -> 0[0] via P2P/CUMEM
furious-puma-1:187511:188747 [2] NCCL INFO UDS converted handle 0x72c4f400a670 to fd 152 on remote peer 3
furious-puma-1:187516:188380 [7] NCCL INFO Allocated shareable buffer 0x724ab3c00000 size 2097152 ipcDesc 0x724d28050560
furious-puma-1:187510:188746 [1] NCCL INFO UDS converted handle 0x7b902400beb0 to fd 149 on remote peer 2
furious-puma-1:187514:188382 [5] NCCL INFO Allocated shareable buffer 0x31c1e00000 size 2097152 ipcDesc 0x793d5c046fc0
furious-puma-1:187514:188749 [5] NCCL INFO Channel 18/0 : 5[5] -> 6[6] via P2P/CUMEM
furious-puma-1:187512:188743 [3] NCCL INFO UDS converted handle 0x71f6b400a670 to fd 150 on remote peer 4
furious-puma-1:187514:188382 [5] NCCL INFO Allocated shareable buffer 0xa1f800000 size 2097152 ipcDesc 0x793d5c0484a0
furious-puma-1:187514:188749 [5] NCCL INFO Channel 19/0 : 5[5] -> 6[6] via P2P/CUMEM
furious-puma-1:187510:188746 [1] NCCL INFO Imported shareable buffer device 1 size 10485760 ptr 0x31d0000000
furious-puma-1:187511:188747 [2] NCCL INFO Imported shareable buffer device 2 size 10485760 ptr 0x31c6c00000
furious-puma-1:187514:188382 [5] NCCL INFO Allocated shareable buffer 0xa1fa00000 size 2097152 ipcDesc 0x793d5c049ca0
furious-puma-1:187514:188749 [5] NCCL INFO Channel 20/0 : 5[5] -> 6[6] via P2P/CUMEM
furious-puma-1:187509:188745 [0] NCCL INFO UDS converted handle 0x7622d4008bd0 to fd 169 on remote peer 1
furious-puma-1:187512:188743 [3] NCCL INFO Imported shareable buffer device 3 size 10485760 ptr 0x72c2bd400000
furious-puma-1:187516:188748 [7] NCCL INFO UDS converted handle 0x793418008c90 to fd 146 on remote peer 0
furious-puma-1:187514:188382 [5] NCCL INFO Allocated shareable buffer 0xa1fc00000 size 2097152 ipcDesc 0x793d5c04b4a0
furious-puma-1:187514:188749 [5] NCCL INFO Channel 21/0 : 5[5] -> 6[6] via P2P/CUMEM
furious-puma-1:187514:188382 [5] NCCL INFO Allocated shareable buffer 0xa1fe00000 size 2097152 ipcDesc 0x793d5c04cca0
furious-puma-1:187514:188749 [5] NCCL INFO Channel 22/0 : 5[5] -> 6[6] via P2P/CUMEM
furious-puma-1:187509:188745 [0] NCCL INFO Imported shareable buffer device 0 size 10485760 ptr 0x7935c5a00000
furious-puma-1:187511:188747 [2] NCCL INFO UDS converted handle 0x7622d4030830 to fd 151 on remote peer 1
furious-puma-1:187514:188382 [5] NCCL INFO Allocated shareable buffer 0xa1d800000 size 2097152 ipcDesc 0x793d5c04e400
furious-puma-1:187514:188749 [5] NCCL INFO Channel 23/0 : 5[5] -> 6[6] via P2P/CUMEM
furious-puma-1:187516:188748 [7] NCCL INFO Imported shareable buffer device 7 size 10485760 ptr 0x31c6000000
furious-puma-1:187509:188745 [0] NCCL INFO UDS converted handle 0x724d2802e490 to fd 170 on remote peer 7
furious-puma-1:187510:188746 [1] NCCL INFO UDS converted handle 0x793418030790 to fd 149 on remote peer 0
furious-puma-1:187511:188747 [2] NCCL INFO Imported shareable buffer device 2 size 2097152 ptr 0x31c7600000
furious-puma-1:187514:188382 [5] NCCL INFO Allocated shareable buffer 0xa1da00000 size 2097152 ipcDesc 0x793d5c04fc00
furious-puma-1:187512:188743 [3] NCCL INFO UDS converted handle 0x7b902402f510 to fd 150 on remote peer 2
furious-puma-1:187516:188748 [7] NCCL INFO UDS converted handle 0x7ea61802f270 to fd 150 on remote peer 6
furious-puma-1:187515:188742 [6] NCCL INFO UDS converted handle 0x724d28008bd0 to fd 149 on remote peer 7
furious-puma-1:187509:188745 [0] NCCL INFO Imported shareable buffer device 0 size 2097152 ptr 0xa17800000
furious-puma-1:187510:188746 [1] NCCL INFO Imported shareable buffer device 1 size 2097152 ptr 0x31d0a00000
furious-puma-1:187511:188747 [2] NCCL INFO UDS converted handle 0x72c4f400beb0 to fd 151 on remote peer 3
furious-puma-1:187512:188743 [3] NCCL INFO Imported shareable buffer device 3 size 2097152 ptr 0x72c239e00000
furious-puma-1:187515:188742 [6] NCCL INFO Imported shareable buffer device 6 size 10485760 ptr 0x31c2000000
furious-puma-1:187516:188748 [7] NCCL INFO Imported shareable buffer device 7 size 2097152 ptr 0x31c6a00000
furious-puma-1:187511:188747 [2] NCCL INFO Imported shareable buffer device 2 size 10485760 ptr 0x31c8000000
furious-puma-1:187513:188744 [4] NCCL INFO UDS converted handle 0x793d5c008bd0 to fd 149 on remote peer 5
furious-puma-1:187509:188745 [0] NCCL INFO UDS converted handle 0x7622d400a670 to fd 169 on remote peer 1
furious-puma-1:187514:188749 [5] NCCL INFO UDS converted handle 0x7ea618008bd0 to fd 150 on remote peer 6
furious-puma-1:187513:188744 [4] NCCL INFO Imported shareable buffer device 4 size 10485760 ptr 0x31c8000000
furious-puma-1:187512:188743 [3] NCCL INFO UDS converted handle 0x71f6b400beb0 to fd 151 on remote peer 4
furious-puma-1:187510:188746 [1] NCCL INFO UDS converted handle 0x7b902400d8b0 to fd 149 on remote peer 2
furious-puma-1:187509:188745 [0] NCCL INFO Imported shareable buffer device 0 size 10485760 ptr 0x7935c6400000
furious-puma-1:187510:188746 [1] NCCL INFO Imported shareable buffer device 1 size 10485760 ptr 0x31d0c00000
furious-puma-1:187514:188749 [5] NCCL INFO Imported shareable buffer device 5 size 10485760 ptr 0x31c6000000
furious-puma-1:187515:188742 [6] NCCL INFO UDS converted handle 0x793d5c02e170 to fd 151 on remote peer 5
furious-puma-1:187512:188743 [3] NCCL INFO Imported shareable buffer device 3 size 10485760 ptr 0x72c4f3600000
furious-puma-1:187516:188748 [7] NCCL INFO UDS converted handle 0x79341800a6d0 to fd 149 on remote peer 0
furious-puma-1:187513:188744 [4] NCCL INFO UDS converted handle 0x72c4f402f3b0 to fd 151 on remote peer 3
furious-puma-1:187511:188747 [2] NCCL INFO UDS converted handle 0x7622d4032030 to fd 151 on remote peer 1
furious-puma-1:187515:188742 [6] NCCL INFO Imported shareable buffer device 6 size 2097152 ptr 0x31c2a00000
furious-puma-1:187516:188748 [7] NCCL INFO Imported shareable buffer device 7 size 10485760 ptr 0x31c6c00000
furious-puma-1:187514:188749 [5] NCCL INFO UDS converted handle 0x71f6b402eac0 to fd 148 on remote peer 4
furious-puma-1:187513:188744 [4] NCCL INFO Imported shareable buffer device 4 size 2097152 ptr 0x31c8a00000
furious-puma-1:187509:188745 [0] NCCL INFO UDS converted handle 0x724d2802fc90 to fd 169 on remote peer 7
furious-puma-1:187511:188747 [2] NCCL INFO Imported shareable buffer device 2 size 2097152 ptr 0x31c8a00000
furious-puma-1:187512:188743 [3] NCCL INFO UDS converted handle 0x7b9024030d10 to fd 151 on remote peer 2
furious-puma-1:187509:188745 [0] NCCL INFO Imported shareable buffer device 0 size 2097152 ptr 0xa17a00000
furious-puma-1:187514:188749 [5] NCCL INFO Imported shareable buffer device 5 size 2097152 ptr 0x31c6a00000
furious-puma-1:187510:188746 [1] NCCL INFO UDS converted handle 0x793418031ef0 to fd 149 on remote peer 0
furious-puma-1:187516:188748 [7] NCCL INFO UDS converted handle 0x7ea618030930 to fd 148 on remote peer 6
furious-puma-1:187512:188743 [3] NCCL INFO Imported shareable buffer device 3 size 2097152 ptr 0x72c23be00000
furious-puma-1:187513:188744 [4] NCCL INFO UDS converted handle 0x793d5c00a670 to fd 151 on remote peer 5
furious-puma-1:187515:188742 [6] NCCL INFO UDS converted handle 0x724d2800a670 to fd 151 on remote peer 7
furious-puma-1:187510:188746 [1] NCCL INFO Imported shareable buffer device 1 size 2097152 ptr 0x31d1600000
furious-puma-1:187511:188747 [2] NCCL INFO UDS converted handle 0x72c4f400d8b0 to fd 151 on remote peer 3
furious-puma-1:187513:188744 [4] NCCL INFO Imported shareable buffer device 4 size 10485760 ptr 0x31c8c00000
furious-puma-1:187516:188748 [7] NCCL INFO Imported shareable buffer device 7 size 2097152 ptr 0x31c7600000
furious-puma-1:187515:188742 [6] NCCL INFO Imported shareable buffer device 6 size 10485760 ptr 0x31c2c00000
furious-puma-1:187509:188745 [0] NCCL INFO UDS converted handle 0x7622d400beb0 to fd 169 on remote peer 1
furious-puma-1:187514:188749 [5] NCCL INFO UDS converted handle 0x7ea61800a670 to fd 151 on remote peer 6
furious-puma-1:187511:188747 [2] NCCL INFO Imported shareable buffer device 2 size 10485760 ptr 0x31c8c00000
furious-puma-1:187512:188743 [3] NCCL INFO UDS converted handle 0x71f6b400d8b0 to fd 151 on remote peer 4
furious-puma-1:187509:188745 [0] NCCL INFO Imported shareable buffer device 0 size 10485760 ptr 0x7935c6e00000
furious-puma-1:187510:188746 [1] NCCL INFO UDS converted handle 0x7b902400f0b0 to fd 149 on remote peer 2
furious-puma-1:187509:188745 [0] NCCL INFO UDS converted handle 0x724d28031490 to fd 169 on remote peer 7
furious-puma-1:187512:188743 [3] NCCL INFO Imported shareable buffer device 3 size 10485760 ptr 0x72c588a00000
furious-puma-1:187513:188744 [4] NCCL INFO UDS converted handle 0x72c4f4030a70 to fd 151 on remote peer 3
furious-puma-1:187516:188748 [7] NCCL INFO UDS converted handle 0x79341800bed0 to fd 149 on remote peer 0
furious-puma-1:187515:188742 [6] NCCL INFO UDS converted handle 0x793d5c02f970 to fd 151 on remote peer 5
furious-puma-1:187510:188746 [1] NCCL INFO Imported shareable buffer device 1 size 10485760 ptr 0x31d2000000
furious-puma-1:187514:188749 [5] NCCL INFO Imported shareable buffer device 5 size 10485760 ptr 0x31c6c00000
furious-puma-1:187509:188745 [0] NCCL INFO Imported shareable buffer device 0 size 2097152 ptr 0xa17c00000
furious-puma-1:187511:188747 [2] NCCL INFO UDS converted handle 0x7622d4033830 to fd 151 on remote peer 1
furious-puma-1:187513:188744 [4] NCCL INFO Imported shareable buffer device 4 size 2097152 ptr 0x31c9600000
furious-puma-1:187515:188742 [6] NCCL INFO Imported shareable buffer device 6 size 2097152 ptr 0x31c3600000
furious-puma-1:187516:188748 [7] NCCL INFO Imported shareable buffer device 7 size 10485760 ptr 0x31c8000000
furious-puma-1:187512:188743 [3] NCCL INFO UDS converted handle 0x7b9024032510 to fd 149 on remote peer 2
furious-puma-1:187513:188744 [4] NCCL INFO UDS converted handle 0x793d5c00beb0 to fd 151 on remote peer 5
furious-puma-1:187516:188748 [7] NCCL INFO UDS converted handle 0x7ea618032090 to fd 149 on remote peer 6
furious-puma-1:187511:188747 [2] NCCL INFO Imported shareable buffer device 2 size 2097152 ptr 0x31c9600000
furious-puma-1:187510:188746 [1] NCCL INFO UDS converted handle 0x7934180336f0 to fd 150 on remote peer 0
furious-puma-1:187509:188745 [0] NCCL INFO UDS converted handle 0x7622d400d8b0 to fd 169 on remote peer 1
furious-puma-1:187513:188744 [4] NCCL INFO Imported shareable buffer device 4 size 10485760 ptr 0x31ca000000
furious-puma-1:187514:188749 [5] NCCL INFO UDS converted handle 0x71f6b40302c0 to fd 151 on remote peer 4
furious-puma-1:187516:188748 [7] NCCL INFO Imported shareable buffer device 7 size 2097152 ptr 0x31c8a00000
furious-puma-1:187514:188749 [5] NCCL INFO Imported shareable buffer device 5 size 2097152 ptr 0x31c7600000
furious-puma-1:187512:188743 [3] NCCL INFO Imported shareable buffer device 3 size 2097152 ptr 0x72c23de00000
furious-puma-1:187510:188746 [1] NCCL INFO Imported shareable buffer device 1 size 2097152 ptr 0x31d2a00000
furious-puma-1:187511:188747 [2] NCCL INFO UDS converted handle 0x72c4f400f290 to fd 151 on remote peer 3
furious-puma-1:187515:188742 [6] NCCL INFO UDS converted handle 0x724d2800beb0 to fd 151 on remote peer 7
furious-puma-1:187509:188745 [0] NCCL INFO Imported shareable buffer device 0 size 10485760 ptr 0x7935c7800000
furious-puma-1:187511:188747 [2] NCCL INFO Imported shareable buffer device 2 size 10485760 ptr 0x31ca000000
furious-puma-1:187515:188742 [6] NCCL INFO Imported shareable buffer device 6 size 10485760 ptr 0x31c4000000
furious-puma-1:187514:188749 [5] NCCL INFO UDS converted handle 0x7ea61800beb0 to fd 151 on remote peer 6
furious-puma-1:187511:188747 [2] NCCL INFO UDS converted handle 0x7622d4035030 to fd 151 on remote peer 1
furious-puma-1:187516:188748 [7] NCCL INFO UDS converted handle 0x79341800d770 to fd 149 on remote peer 0
furious-puma-1:187513:188744 [4] NCCL INFO UDS converted handle 0x72c4f40321d0 to fd 152 on remote peer 3
furious-puma-1:187510:188746 [1] NCCL INFO UDS converted handle 0x7b9024010950 to fd 149 on remote peer 2
furious-puma-1:187512:188743 [3] NCCL INFO UDS converted handle 0x71f6b400f0b0 to fd 149 on remote peer 4
furious-puma-1:187509:188745 [0] NCCL INFO UDS converted handle 0x724d28032c90 to fd 169 on remote peer 7
furious-puma-1:187512:188743 [3] NCCL INFO Imported shareable buffer device 3 size 10485760 ptr 0x31c2000000
furious-puma-1:187514:188749 [5] NCCL INFO Imported shareable buffer device 5 size 10485760 ptr 0x31c8000000
furious-puma-1:187513:188744 [4] NCCL INFO Imported shareable buffer device 4 size 2097152 ptr 0x31caa00000
furious-puma-1:187516:188748 [7] NCCL INFO Imported shareable buffer device 7 size 10485760 ptr 0x31c8c00000
furious-puma-1:187511:188747 [2] NCCL INFO Imported shareable buffer device 2 size 2097152 ptr 0x31caa00000
furious-puma-1:187515:188742 [6] NCCL INFO UDS converted handle 0x793d5c031170 to fd 150 on remote peer 5
furious-puma-1:187509:188745 [0] NCCL INFO Imported shareable buffer device 0 size 2097152 ptr 0xa17e00000
furious-puma-1:187510:188746 [1] NCCL INFO Imported shareable buffer device 1 size 10485760 ptr 0x31d2c00000
furious-puma-1:187515:188742 [6] NCCL INFO Imported shareable buffer device 6 size 2097152 ptr 0x31c4a00000
furious-puma-1:187509:188745 [0] NCCL INFO UDS converted handle 0x7622d400f290 to fd 169 on remote peer 1
furious-puma-1:187512:188743 [3] NCCL INFO UDS converted handle 0x7b9024033d10 to fd 151 on remote peer 2
furious-puma-1:187514:188749 [5] NCCL INFO UDS converted handle 0x71f6b4031ac0 to fd 151 on remote peer 4
furious-puma-1:187511:188747 [2] NCCL INFO UDS converted handle 0x72c4f4010c70 to fd 151 on remote peer 3
furious-puma-1:187513:188744 [4] NCCL INFO UDS converted handle 0x793d5c00d8b0 to fd 151 on remote peer 5
furious-puma-1:187510:188746 [1] NCCL INFO UDS converted handle 0x793418034bd0 to fd 146 on remote peer 0
furious-puma-1:187513:188744 [4] NCCL INFO Imported shareable buffer device 4 size 10485760 ptr 0x31cac00000
furious-puma-1:187516:188748 [7] NCCL INFO UDS converted handle 0x7ea618033750 to fd 149 on remote peer 6
furious-puma-1:187511:188747 [2] NCCL INFO Imported shareable buffer device 2 size 10485760 ptr 0x31cac00000
furious-puma-1:187509:188745 [0] NCCL INFO Imported shareable buffer device 0 size 10485760 ptr 0x7935c8200000
furious-puma-1:187512:188743 [3] NCCL INFO Imported shareable buffer device 3 size 2097152 ptr 0x31c2a00000
furious-puma-1:187514:188749 [5] NCCL INFO Imported shareable buffer device 5 size 2097152 ptr 0x31c8a00000
furious-puma-1:187515:188742 [6] NCCL INFO UDS converted handle 0x724d2800d8b0 to fd 151 on remote peer 7
furious-puma-1:187516:188748 [7] NCCL INFO Imported shareable buffer device 7 size 2097152 ptr 0x31c9600000
furious-puma-1:187510:188746 [1] NCCL INFO Imported shareable buffer device 1 size 2097152 ptr 0x31d3600000
furious-puma-1:187513:188744 [4] NCCL INFO UDS converted handle 0x72c4f4033890 to fd 151 on remote peer 3
furious-puma-1:187511:188747 [2] NCCL INFO UDS converted handle 0x7622d4036830 to fd 151 on remote peer 1
furious-puma-1:187514:188749 [5] NCCL INFO UDS converted handle 0x7ea61800d8b0 to fd 151 on remote peer 6
furious-puma-1:187512:188743 [3] NCCL INFO UDS converted handle 0x71f6b4010a90 to fd 151 on remote peer 4
furious-puma-1:187515:188742 [6] NCCL INFO Imported shareable buffer device 6 size 10485760 ptr 0x31c4c00000
furious-puma-1:187513:188744 [4] NCCL INFO Imported shareable buffer device 4 size 2097152 ptr 0x31cb600000
furious-puma-1:187509:188745 [0] NCCL INFO UDS converted handle 0x724d28034490 to fd 169 on remote peer 7
furious-puma-1:187514:188749 [5] NCCL INFO Imported shareable buffer device 5 size 10485760 ptr 0x31c8c00000
furious-puma-1:187510:188746 [1] NCCL INFO UDS converted handle 0x7b9024012290 to fd 149 on remote peer 2
furious-puma-1:187512:188743 [3] NCCL INFO Imported shareable buffer device 3 size 10485760 ptr 0x31c2c00000
furious-puma-1:187509:188745 [0] NCCL INFO Imported shareable buffer device 0 size 2097152 ptr 0xa15800000
furious-puma-1:187511:188747 [2] NCCL INFO Imported shareable buffer device 2 size 2097152 ptr 0x31cb600000
furious-puma-1:187510:188746 [1] NCCL INFO Imported shareable buffer device 1 size 10485760 ptr 0x31d4000000
furious-puma-1:187516:188748 [7] NCCL INFO UDS converted handle 0x79341800f0b0 to fd 149 on remote peer 0
furious-puma-1:187514:188749 [5] NCCL INFO UDS converted handle 0x71f6b40332c0 to fd 151 on remote peer 4
furious-puma-1:187513:188744 [4] NCCL INFO UDS converted handle 0x793d5c00f0b0 to fd 151 on remote peer 5
furious-puma-1:187516:188748 [7] NCCL INFO Imported shareable buffer device 7 size 10485760 ptr 0x31ca000000
furious-puma-1:187511:188747 [2] NCCL INFO UDS converted handle 0x72c4f4012650 to fd 151 on remote peer 3
furious-puma-1:187513:188744 [4] NCCL INFO Imported shareable buffer device 4 size 10485760 ptr 0x31cc000000
furious-puma-1:187514:188749 [5] NCCL INFO Imported shareable buffer device 5 size 2097152 ptr 0x31c9600000
furious-puma-1:187512:188743 [3] NCCL INFO UDS converted handle 0x7b9024035510 to fd 151 on remote peer 2
furious-puma-1:187510:188746 [1] NCCL INFO UDS converted handle 0x793418036290 to fd 150 on remote peer 0
furious-puma-1:187509:188745 [0] NCCL INFO UDS converted handle 0x7622d4010c70 to fd 168 on remote peer 1
furious-puma-1:187511:188747 [2] NCCL INFO Imported shareable buffer device 2 size 10485760 ptr 0x31cc000000
furious-puma-1:187515:188742 [6] NCCL INFO UDS converted handle 0x793d5c032970 to fd 151 on remote peer 5
furious-puma-1:187509:188745 [0] NCCL INFO Imported shareable buffer device 0 size 10485760 ptr 0x7935c8c00000
furious-puma-1:187510:188746 [1] NCCL INFO Imported shareable buffer device 1 size 2097152 ptr 0x31d4a00000
furious-puma-1:187516:188748 [7] NCCL INFO UDS converted handle 0x7ea618034e10 to fd 149 on remote peer 6
furious-puma-1:187512:188743 [3] NCCL INFO Imported shareable buffer device 3 size 2097152 ptr 0x31c3600000
furious-puma-1:187513:188744 [4] NCCL INFO UDS converted handle 0x72c4f4034f50 to fd 151 on remote peer 3
furious-puma-1:187516:188748 [7] NCCL INFO Imported shareable buffer device 7 size 2097152 ptr 0x31caa00000
furious-puma-1:187515:188742 [6] NCCL INFO Imported shareable buffer device 6 size 2097152 ptr 0x31c5600000
furious-puma-1:187514:188749 [5] NCCL INFO UDS converted handle 0x7ea61800f290 to fd 151 on remote peer 6
furious-puma-1:187513:188744 [4] NCCL INFO Imported shareable buffer device 4 size 2097152 ptr 0x31cca00000
furious-puma-1:187511:188747 [2] NCCL INFO UDS converted handle 0x7622d4037f90 to fd 151 on remote peer 1
furious-puma-1:187511:188747 [2] NCCL INFO Imported shareable buffer device 2 size 2097152 ptr 0x31cca00000
furious-puma-1:187510:188746 [1] NCCL INFO UDS converted handle 0x7b9024013c70 to fd 149 on remote peer 2
furious-puma-1:187512:188743 [3] NCCL INFO UDS converted handle 0x71f6b4012290 to fd 151 on remote peer 4
furious-puma-1:187509:188745 [0] NCCL INFO UDS converted handle 0x724d28035c90 to fd 169 on remote peer 7
furious-puma-1:187510:188746 [1] NCCL INFO Imported shareable buffer device 1 size 10485760 ptr 0x31d4c00000
furious-puma-1:187514:188749 [5] NCCL INFO Imported shareable buffer device 5 size 10485760 ptr 0x31ca000000
furious-puma-1:187516:188748 [7] NCCL INFO UDS converted handle 0x793418010a90 to fd 149 on remote peer 0
furious-puma-1:187509:188745 [0] NCCL INFO Imported shareable buffer device 0 size 2097152 ptr 0xa15a00000
furious-puma-1:187514:188749 [5] NCCL INFO UDS converted handle 0x71f6b4034ac0 to fd 151 on remote peer 4
furious-puma-1:187514:188749 [5] NCCL INFO Imported shareable buffer device 5 size 2097152 ptr 0x31caa00000
furious-puma-1:187516:188748 [7] NCCL INFO Imported shareable buffer device 7 size 10485760 ptr 0x31cac00000
furious-puma-1:187513:188744 [4] NCCL INFO UDS converted handle 0x793d5c010a90 to fd 151 on remote peer 5
furious-puma-1:187511:188747 [2] NCCL INFO UDS converted handle 0x72c4f4013e50 to fd 151 on remote peer 3
furious-puma-1:187512:188743 [3] NCCL INFO Imported shareable buffer device 3 size 10485760 ptr 0x31c4000000
furious-puma-1:187515:188742 [6] NCCL INFO UDS converted handle 0x724d2800f0b0 to fd 150 on remote peer 7
furious-puma-1:187511:188747 [2] NCCL INFO Imported shareable buffer device 2 size 10485760 ptr 0x31ccc00000
furious-puma-1:187513:188744 [4] NCCL INFO Imported shareable buffer device 4 size 10485760 ptr 0x31ccc00000
furious-puma-1:187514:188749 [5] NCCL INFO UDS converted handle 0x7ea618010c70 to fd 151 on remote peer 6
furious-puma-1:187510:188746 [1] NCCL INFO UDS converted handle 0x793418037c70 to fd 150 on remote peer 0
furious-puma-1:187515:188742 [6] NCCL INFO Imported shareable buffer device 6 size 10485760 ptr 0x31c6000000
furious-puma-1:187509:188745 [0] NCCL INFO UDS converted handle 0x7622d4012510 to fd 169 on remote peer 1
furious-puma-1:187512:188743 [3] NCCL INFO UDS converted handle 0x7b9024036d10 to fd 151 on remote peer 2
furious-puma-1:187509:188745 [0] NCCL INFO Imported shareable buffer device 0 size 10485760 ptr 0x7935c9600000
furious-puma-1:187514:188749 [5] NCCL INFO Imported shareable buffer device 5 size 10485760 ptr 0x31cac00000
furious-puma-1:187510:188746 [1] NCCL INFO Imported shareable buffer device 1 size 2097152 ptr 0x31d5600000
furious-puma-1:187513:188744 [4] NCCL INFO UDS converted handle 0x72c4f4036930 to fd 151 on remote peer 3
furious-puma-1:187516:188748 [7] NCCL INFO UDS converted handle 0x7ea6180364d0 to fd 149 on remote peer 6
furious-puma-1:187512:188743 [3] NCCL INFO Imported shareable buffer device 3 size 2097152 ptr 0x31c4a00000
furious-puma-1:187515:188742 [6] NCCL INFO UDS converted handle 0x793d5c034170 to fd 151 on remote peer 5
furious-puma-1:187511:188747 [2] NCCL INFO UDS converted handle 0x7622d4039470 to fd 151 on remote peer 1
furious-puma-1:187513:188744 [4] NCCL INFO Imported shareable buffer device 4 size 2097152 ptr 0x31cd600000
furious-puma-1:187516:188748 [7] NCCL INFO Imported shareable buffer device 7 size 2097152 ptr 0x31cb600000
furious-puma-1:187514:188749 [5] NCCL INFO UDS converted handle 0x71f6b40362c0 to fd 151 on remote peer 4
furious-puma-1:187515:188742 [6] NCCL INFO Imported shareable buffer device 6 size 2097152 ptr 0x31c6a00000
furious-puma-1:187509:188745 [0] NCCL INFO UDS converted handle 0x724d28037490 to fd 169 on remote peer 7
furious-puma-1:187511:188747 [2] NCCL INFO Imported shareable buffer device 2 size 2097152 ptr 0x31cd600000
furious-puma-1:187514:188749 [5] NCCL INFO Imported shareable buffer device 5 size 2097152 ptr 0x31cb600000
furious-puma-1:187509:188745 [0] NCCL INFO Imported shareable buffer device 0 size 2097152 ptr 0xa15c00000
furious-puma-1:187513:188744 [4] NCCL INFO UDS converted handle 0x793d5c012290 to fd 151 on remote peer 5
furious-puma-1:187510:188746 [1] NCCL INFO UDS converted handle 0x7b9024015470 to fd 149 on remote peer 2
furious-puma-1:187512:188743 [3] NCCL INFO UDS converted handle 0x71f6b4013c70 to fd 152 on remote peer 4
furious-puma-1:187510:188746 [1] NCCL INFO Imported shareable buffer device 1 size 10485760 ptr 0x31d6000000
furious-puma-1:187515:188742 [6] NCCL INFO UDS converted handle 0x724d28010a90 to fd 151 on remote peer 7
furious-puma-1:187511:188747 [2] NCCL INFO UDS converted handle 0x72c4f4015830 to fd 151 on remote peer 3
furious-puma-1:187516:188748 [7] NCCL INFO UDS converted handle 0x793418012290 to fd 149 on remote peer 0
furious-puma-1:187513:188744 [4] NCCL INFO Imported shareable buffer device 4 size 10485760 ptr 0x31ce000000
furious-puma-1:187515:188742 [6] NCCL INFO Imported shareable buffer device 6 size 10485760 ptr 0x31c6c00000
furious-puma-1:187509:188745 [0] NCCL INFO UDS converted handle 0x7622d4013e50 to fd 169 on remote peer 1
furious-puma-1:187514:188749 [5] NCCL INFO UDS converted handle 0x7ea618012650 to fd 151 on remote peer 6
furious-puma-1:187511:188747 [2] NCCL INFO Imported shareable buffer device 2 size 10485760 ptr 0x31ce000000
furious-puma-1:187512:188743 [3] NCCL INFO Imported shareable buffer device 3 size 10485760 ptr 0x31c4c00000
furious-puma-1:187513:188744 [4] NCCL INFO UDS converted handle 0x72c4f4038130 to fd 151 on remote peer 3
furious-puma-1:187513:188744 [4] NCCL INFO Imported shareable buffer device 4 size 2097152 ptr 0x31cea00000
furious-puma-1:187514:188749 [5] NCCL INFO Imported shareable buffer device 5 size 10485760 ptr 0x31cc000000
furious-puma-1:187509:188745 [0] NCCL INFO Imported shareable buffer device 0 size 10485760 ptr 0x7935ca000000
furious-puma-1:187516:188748 [7] NCCL INFO Imported shareable buffer device 7 size 10485760 ptr 0x31cc000000
furious-puma-1:187510:188746 [1] NCCL INFO UDS converted handle 0x7934180393d0 to fd 149 on remote peer 0
furious-puma-1:187515:188742 [6] NCCL INFO UDS converted handle 0x793d5c035970 to fd 150 on remote peer 5
furious-puma-1:187511:188747 [2] NCCL INFO UDS converted handle 0x7622d403a950 to fd 151 on remote peer 1
furious-puma-1:187510:188746 [1] NCCL INFO Imported shareable buffer device 1 size 2097152 ptr 0x31d6a00000
furious-puma-1:187514:188749 [5] NCCL INFO UDS converted handle 0x71f6b4037ac0 to fd 151 on remote peer 4
furious-puma-1:187516:188748 [7] NCCL INFO UDS converted handle 0x7ea618037b90 to fd 149 on remote peer 6
furious-puma-1:187515:188742 [6] NCCL INFO Imported shareable buffer device 6 size 2097152 ptr 0x31c7600000
furious-puma-1:187512:188743 [3] NCCL INFO UDS converted handle 0x7b9024038510 to fd 151 on remote peer 2
furious-puma-1:187514:188749 [5] NCCL INFO Imported shareable buffer device 5 size 2097152 ptr 0x31cca00000
furious-puma-1:187509:188745 [0] NCCL INFO UDS converted handle 0x724d28038c90 to fd 169 on remote peer 7
furious-puma-1:187511:188747 [2] NCCL INFO Imported shareable buffer device 2 size 2097152 ptr 0x31cea00000
furious-puma-1:187516:188748 [7] NCCL INFO Imported shareable buffer device 7 size 2097152 ptr 0x31cca00000
furious-puma-1:187512:188743 [3] NCCL INFO Imported shareable buffer device 3 size 2097152 ptr 0x31c5600000
furious-puma-1:187516:188748 [7] NCCL INFO UDS converted handle 0x793418013c70 to fd 149 on remote peer 0
furious-puma-1:187513:188744 [4] NCCL INFO UDS converted handle 0x793d5c013c70 to fd 151 on remote peer 5
furious-puma-1:187511:188747 [2] NCCL INFO UDS converted handle 0x72c4f4017210 to fd 151 on remote peer 3
furious-puma-1:187509:188745 [0] NCCL INFO Imported shareable buffer device 0 size 2097152 ptr 0xa15e00000
furious-puma-1:187514:188749 [5] NCCL INFO UDS converted handle 0x7ea618013e50 to fd 151 on remote peer 6
furious-puma-1:187510:188746 [1] NCCL INFO UDS converted handle 0x7b9024016c70 to fd 149 on remote peer 2
furious-puma-1:187511:188747 [2] NCCL INFO Imported shareable buffer device 2 size 10485760 ptr 0x31cec00000
furious-puma-1:187516:188748 [7] NCCL INFO Imported shareable buffer device 7 size 10485760 ptr 0x31ccc00000
furious-puma-1:187515:188742 [6] NCCL INFO UDS converted handle 0x724d28012290 to fd 151 on remote peer 7
furious-puma-1:187513:188744 [4] NCCL INFO Imported shareable buffer device 4 size 10485760 ptr 0x31cec00000
furious-puma-1:187510:188746 [1] NCCL INFO Imported shareable buffer device 1 size 10485760 ptr 0x31d6c00000
furious-puma-1:187512:188743 [3] NCCL INFO UDS converted handle 0x71f6b4015470 to fd 151 on remote peer 4
furious-puma-1:187514:188749 [5] NCCL INFO Imported shareable buffer device 5 size 10485760 ptr 0x31ccc00000
furious-puma-1:187512:188743 [3] NCCL INFO Imported shareable buffer device 3 size 10485760 ptr 0x31c6000000
furious-puma-1:187515:188742 [6] NCCL INFO Imported shareable buffer device 6 size 10485760 ptr 0x31c8000000
furious-puma-1:187509:188745 [0] NCCL INFO UDS converted handle 0x7622d4015aa0 to fd 169 on remote peer 1
furious-puma-1:187516:188748 [7] NCCL INFO UDS converted handle 0x7ea618039570 to fd 149 on remote peer 6
furious-puma-1:187512:188743 [3] NCCL INFO UDS converted handle 0x7b9024039d10 to fd 151 on remote peer 2
furious-puma-1:187513:188744 [4] NCCL INFO UDS converted handle 0x72c4f40397f0 to fd 151 on remote peer 3
furious-puma-1:187510:188746 [1] NCCL INFO UDS converted handle 0x79341803abd0 to fd 149 on remote peer 0
furious-puma-1:187516:188748 [7] NCCL INFO Imported shareable buffer device 7 size 2097152 ptr 0x31cd600000
furious-puma-1:187509:188745 [0] NCCL INFO Imported shareable buffer device 0 size 10485760 ptr 0x7935caa00000
furious-puma-1:187514:188749 [5] NCCL INFO UDS converted handle 0x71f6b40392c0 to fd 151 on remote peer 4
furious-puma-1:187512:188743 [3] NCCL INFO Imported shareable buffer device 3 size 2097152 ptr 0x31c6a00000
furious-puma-1:187510:188746 [1] NCCL INFO Imported shareable buffer device 1 size 2097152 ptr 0x31d7600000
furious-puma-1:187515:188742 [6] NCCL INFO UDS converted handle 0x793d5c0370d0 to fd 151 on remote peer 5
furious-puma-1:187511:188747 [2] NCCL INFO UDS converted handle 0x7622d403be30 to fd 151 on remote peer 1
furious-puma-1:187513:188744 [4] NCCL INFO Imported shareable buffer device 4 size 2097152 ptr 0x31cf600000
furious-puma-1:187512:188743 [3] NCCL INFO UDS converted handle 0x71f6b4016e50 to fd 151 on remote peer 4
furious-puma-1:187514:188749 [5] NCCL INFO Imported shareable buffer device 5 size 2097152 ptr 0x31cd600000
furious-puma-1:187509:188745 [0] NCCL INFO UDS converted handle 0x724d2803a490 to fd 170 on remote peer 7
furious-puma-1:187516:188748 [7] NCCL INFO UDS converted handle 0x793418015470 to fd 149 on remote peer 0
furious-puma-1:187515:188742 [6] NCCL INFO Imported shareable buffer device 6 size 2097152 ptr 0x31c8a00000
furious-puma-1:187511:188747 [2] NCCL INFO Imported shareable buffer device 2 size 2097152 ptr 0x31cf600000
furious-puma-1:187514:188749 [5] NCCL INFO UDS converted handle 0x7ea618015830 to fd 151 on remote peer 6
furious-puma-1:187516:188748 [7] NCCL INFO Imported shareable buffer device 7 size 10485760 ptr 0x31ce000000
furious-puma-1:187512:188743 [3] NCCL INFO Imported shareable buffer device 3 size 10485760 ptr 0x31c6c00000
furious-puma-1:187514:188749 [5] NCCL INFO Imported shareable buffer device 5 size 10485760 ptr 0x31ce000000
furious-puma-1:187510:188746 [1] NCCL INFO UDS converted handle 0x7b9024018470 to fd 149 on remote peer 2
furious-puma-1:187509:188745 [0] NCCL INFO Imported shareable buffer device 0 size 2097152 ptr 0xa13800000
furious-puma-1:187513:188744 [4] NCCL INFO UDS converted handle 0x793d5c015470 to fd 151 on remote peer 5
furious-puma-1:187515:188742 [6] NCCL INFO UDS converted handle 0x724d28013c70 to fd 150 on remote peer 7
furious-puma-1:187513:188744 [4] NCCL INFO Imported shareable buffer device 4 size 10485760 ptr 0x31d0000000
furious-puma-1:187511:188747 [2] NCCL INFO UDS converted handle 0x72c4f4018bf0 to fd 151 on remote peer 3
furious-puma-1:187510:188746 [1] NCCL INFO Imported shareable buffer device 1 size 10485760 ptr 0x31d8000000
furious-puma-1:187516:188748 [7] NCCL INFO UDS converted handle 0x7ea61803ad70 to fd 149 on remote peer 6
furious-puma-1:187514:188749 [5] NCCL INFO UDS converted handle 0x71f6b403aac0 to fd 151 on remote peer 4
furious-puma-1:187510:188746 [1] NCCL INFO UDS converted handle 0x79341803c3d0 to fd 149 on remote peer 0
furious-puma-1:187509:188745 [0] NCCL INFO UDS converted handle 0x7622d40172a0 to fd 169 on remote peer 1
furious-puma-1:187515:188742 [6] NCCL INFO Imported shareable buffer device 6 size 10485760 ptr 0x31c8c00000
furious-puma-1:187512:188743 [3] NCCL INFO UDS converted handle 0x7b902403b510 to fd 151 on remote peer 2
furious-puma-1:187510:188746 [1] NCCL INFO Imported shareable buffer device 1 size 2097152 ptr 0x31d8a00000
furious-puma-1:187511:188747 [2] NCCL INFO Imported shareable buffer device 2 size 10485760 ptr 0x31d0000000
furious-puma-1:187509:188745 [0] NCCL INFO Imported shareable buffer device 0 size 10485760 ptr 0x7935cb400000
furious-puma-1:187516:188748 [7] NCCL INFO Imported shareable buffer device 7 size 2097152 ptr 0x31cea00000
furious-puma-1:187514:188749 [5] NCCL INFO Imported shareable buffer device 5 size 2097152 ptr 0x31cea00000
furious-puma-1:187513:188744 [4] NCCL INFO UDS converted handle 0x72c4f403aeb0 to fd 151 on remote peer 3
furious-puma-1:187512:188743 [3] NCCL INFO Imported shareable buffer device 3 size 2097152 ptr 0x31c7600000
furious-puma-1:187515:188742 [6] NCCL INFO UDS converted handle 0x793d5c0385b0 to fd 152 on remote peer 5
furious-puma-1:187516:188748 [7] NCCL INFO UDS converted handle 0x793418016e50 to fd 149 on remote peer 0
furious-puma-1:187514:188749 [5] NCCL INFO UDS converted handle 0x7ea618017030 to fd 151 on remote peer 6
furious-puma-1:187509:188745 [0] NCCL INFO UDS converted handle 0x724d2803bc90 to fd 169 on remote peer 7
furious-puma-1:187514:188749 [5] NCCL INFO Imported shareable buffer device 5 size 10485760 ptr 0x31cec00000
furious-puma-1:187513:188744 [4] NCCL INFO Imported shareable buffer device 4 size 2097152 ptr 0x31d0a00000
furious-puma-1:187510:188746 [1] NCCL INFO UDS converted handle 0x7b9024019c70 to fd 149 on remote peer 2
furious-puma-1:187515:188742 [6] NCCL INFO Imported shareable buffer device 6 size 2097152 ptr 0x31c9600000
furious-puma-1:187516:188748 [7] NCCL INFO Imported shareable buffer device 7 size 10485760 ptr 0x31cec00000
furious-puma-1:187511:188747 [2] NCCL INFO UDS converted handle 0x7622d403d310 to fd 151 on remote peer 1
furious-puma-1:187511:188747 [2] NCCL INFO Imported shareable buffer device 2 size 2097152 ptr 0x31d0a00000
furious-puma-1:187510:188746 [1] NCCL INFO Imported shareable buffer device 1 size 10485760 ptr 0x31d8c00000
furious-puma-1:187512:188743 [3] NCCL INFO UDS converted handle 0x71f6b4018650 to fd 151 on remote peer 4
furious-puma-1:187509:188745 [0] NCCL INFO Imported shareable buffer device 0 size 2097152 ptr 0xa13a00000
furious-puma-1:187509:188745 [0] NCCL INFO UDS converted handle 0x7622d4018aa0 to fd 169 on remote peer 1
furious-puma-1:187516:188748 [7] NCCL INFO UDS converted handle 0x7ea61803c570 to fd 149 on remote peer 6
furious-puma-1:187509:188745 [0] NCCL INFO Imported shareable buffer device 0 size 10485760 ptr 0x7935cbe00000
furious-puma-1:187511:188747 [2] NCCL INFO UDS converted handle 0x72c4f401a5d0 to fd 151 on remote peer 3
furious-puma-1:187513:188744 [4] NCCL INFO UDS converted handle 0x793d5c016e50 to fd 151 on remote peer 5
furious-puma-1:187515:188742 [6] NCCL INFO UDS converted handle 0x724d28015470 to fd 151 on remote peer 7
furious-puma-1:187512:188743 [3] NCCL INFO Imported shareable buffer device 3 size 10485760 ptr 0x31c8000000
furious-puma-1:187513:188744 [4] NCCL INFO Imported shareable buffer device 4 size 10485760 ptr 0x31d0c00000
furious-puma-1:187510:188746 [1] NCCL INFO UDS converted handle 0x79341803dbd0 to fd 149 on remote peer 0
furious-puma-1:187514:188749 [5] NCCL INFO UDS converted handle 0x71f6b403c2c0 to fd 151 on remote peer 4
furious-puma-1:187510:188746 [1] NCCL INFO Imported shareable buffer device 1 size 2097152 ptr 0x31d9600000
furious-puma-1:187516:188748 [7] NCCL INFO Imported shareable buffer device 7 size 2097152 ptr 0x31cf600000
furious-puma-1:187515:188742 [6] NCCL INFO Imported shareable buffer device 6 size 10485760 ptr 0x31ca000000
furious-puma-1:187511:188747 [2] NCCL INFO Imported shareable buffer device 2 size 10485760 ptr 0x31d0c00000
furious-puma-1:187509:188745 [0] NCCL INFO UDS converted handle 0x724d2803d490 to fd 170 on remote peer 7
furious-puma-1:187514:188749 [5] NCCL INFO Imported shareable buffer device 5 size 2097152 ptr 0x31cf600000
furious-puma-1:187516:188748 [7] NCCL INFO UDS converted handle 0x793418018650 to fd 149 on remote peer 0
furious-puma-1:187511:188747 [2] NCCL INFO UDS converted handle 0x7622d403e7f0 to fd 151 on remote peer 1
furious-puma-1:187513:188744 [4] NCCL INFO UDS converted handle 0x72c4f403c6b0 to fd 151 on remote peer 3
furious-puma-1:187512:188743 [3] NCCL INFO UDS converted handle 0x7b902403cd10 to fd 151 on remote peer 2
furious-puma-1:187509:188745 [0] NCCL INFO Imported shareable buffer device 0 size 2097152 ptr 0xa13c00000
furious-puma-1:187516:188748 [7] NCCL INFO Imported shareable buffer device 7 size 10485760 ptr 0x31d0000000
furious-puma-1:187513:188744 [4] NCCL INFO Imported shareable buffer device 4 size 2097152 ptr 0x31d1600000
furious-puma-1:187511:188747 [2] NCCL INFO Imported shareable buffer device 2 size 2097152 ptr 0x31d1600000
furious-puma-1:187515:188742 [6] NCCL INFO UDS converted handle 0x793d5c039c70 to fd 151 on remote peer 5
furious-puma-1:187512:188743 [3] NCCL INFO Imported shareable buffer device 3 size 2097152 ptr 0x31c8a00000
furious-puma-1:187514:188749 [5] NCCL INFO UDS converted handle 0x7ea618018a10 to fd 151 on remote peer 6
furious-puma-1:187512:188743 [3] NCCL INFO UDS converted handle 0x71f6b4019d10 to fd 151 on remote peer 4
furious-puma-1:187510:188746 [1] NCCL INFO UDS converted handle 0x7b902401b470 to fd 149 on remote peer 2
furious-puma-1:187512:188743 [3] NCCL INFO Imported shareable buffer device 3 size 10485760 ptr 0x31c8c00000
furious-puma-1:187515:188742 [6] NCCL INFO Imported shareable buffer device 6 size 2097152 ptr 0x31caa00000
furious-puma-1:187514:188749 [5] NCCL INFO Imported shareable buffer device 5 size 10485760 ptr 0x31d0000000
furious-puma-1:187509:188745 [0] NCCL INFO UDS converted handle 0x7622d401a6f0 to fd 169 on remote peer 1
furious-puma-1:187513:188744 [4] NCCL INFO UDS converted handle 0x793d5c018650 to fd 151 on remote peer 5
furious-puma-1:187510:188746 [1] NCCL INFO Imported shareable buffer device 1 size 10485760 ptr 0x31da000000
furious-puma-1:187511:188747 [2] NCCL INFO UDS converted handle 0x72c4f401be70 to fd 151 on remote peer 3
furious-puma-1:187516:188748 [7] NCCL INFO UDS converted handle 0x7ea61803dc30 to fd 150 on remote peer 6
furious-puma-1:187515:188742 [6] NCCL INFO UDS converted handle 0x724d28016e50 to fd 151 on remote peer 7
furious-puma-1:187516:188748 [7] NCCL INFO Imported shareable buffer device 7 size 2097152 ptr 0x31d0a00000
furious-puma-1:187509:188745 [0] NCCL INFO Imported shareable buffer device 0 size 10485760 ptr 0x7935cc800000
furious-puma-1:187515:188742 [6] NCCL INFO Imported shareable buffer device 6 size 10485760 ptr 0x31cac00000
furious-puma-1:187513:188744 [4] NCCL INFO Imported shareable buffer device 4 size 10485760 ptr 0x31d2000000
furious-puma-1:187511:188747 [2] NCCL INFO Imported shareable buffer device 2 size 10485760 ptr 0x31d2000000
furious-puma-1:187512:188743 [3] NCCL INFO UDS converted handle 0x7b902403e470 to fd 151 on remote peer 2
furious-puma-1:187514:188749 [5] NCCL INFO UDS converted handle 0x71f6b403dac0 to fd 151 on remote peer 4
furious-puma-1:187510:188746 [1] NCCL INFO UDS converted handle 0x79341803f330 to fd 149 on remote peer 0
furious-puma-1:187514:188749 [5] NCCL INFO Imported shareable buffer device 5 size 2097152 ptr 0x31d0a00000
furious-puma-1:187510:188746 [1] NCCL INFO Imported shareable buffer device 1 size 2097152 ptr 0x31daa00000
furious-puma-1:187509:188745 [0] NCCL INFO UDS converted handle 0x724d2803ebf0 to fd 169 on remote peer 7
furious-puma-1:187515:188742 [6] NCCL INFO UDS converted handle 0x793d5c03b3d0 to fd 151 on remote peer 5
furious-puma-1:187513:188744 [4] NCCL INFO UDS converted handle 0x72c4f403deb0 to fd 151 on remote peer 3
furious-puma-1:187512:188743 [3] NCCL INFO Imported shareable buffer device 3 size 2097152 ptr 0x31c9600000
furious-puma-1:187513:188744 [4] NCCL INFO Imported shareable buffer device 4 size 2097152 ptr 0x31d2a00000
furious-puma-1:187515:188742 [6] NCCL INFO Imported shareable buffer device 6 size 2097152 ptr 0x31cb600000
furious-puma-1:187516:188748 [7] NCCL INFO UDS converted handle 0x793418019e50 to fd 149 on remote peer 0
furious-puma-1:187511:188747 [2] NCCL INFO UDS converted handle 0x7622d403feb0 to fd 149 on remote peer 1
furious-puma-1:187509:188745 [0] NCCL INFO Imported shareable buffer device 0 size 2097152 ptr 0xa13e00000
furious-puma-1:187510:188746 [1] NCCL INFO UDS converted handle 0x7b902401cc70 to fd 149 on remote peer 2
furious-puma-1:187514:188749 [5] NCCL INFO UDS converted handle 0x7ea61801a3f0 to fd 151 on remote peer 6
furious-puma-1:187516:188748 [7] NCCL INFO Imported shareable buffer device 7 size 10485760 ptr 0x31d0c00000
furious-puma-1:187511:188747 [2] NCCL INFO Imported shareable buffer device 2 size 2097152 ptr 0x31d2a00000
furious-puma-1:187512:188743 [3] NCCL INFO UDS converted handle 0x71f6b401b6f0 to fd 151 on remote peer 4
furious-puma-1:187510:188746 [1] NCCL INFO Imported shareable buffer device 1 size 10485760 ptr 0x31dac00000
furious-puma-1:187514:188749 [5] NCCL INFO Imported shareable buffer device 5 size 10485760 ptr 0x31d0c00000
furious-puma-1:187515:188742 [6] NCCL INFO UDS converted handle 0x724d28018650 to fd 151 on remote peer 7
furious-puma-1:187513:188744 [4] NCCL INFO UDS converted handle 0x793d5c019ef0 to fd 151 on remote peer 5
furious-puma-1:187509:188745 [0] NCCL INFO UDS converted handle 0x7622d401bef0 to fd 169 on remote peer 1
furious-puma-1:187512:188743 [3] NCCL INFO Imported shareable buffer device 3 size 10485760 ptr 0x31ca000000
furious-puma-1:187513:188744 [4] NCCL INFO Imported shareable buffer device 4 size 10485760 ptr 0x31d2c00000
furious-puma-1:187515:188742 [6] NCCL INFO Imported shareable buffer device 6 size 10485760 ptr 0x31cc000000
furious-puma-1:187514:188749 [5] NCCL INFO UDS converted handle 0x71f6b403f220 to fd 148 on remote peer 4
furious-puma-1:187509:188745 [0] NCCL INFO Imported shareable buffer device 0 size 10485760 ptr 0x31c2000000
furious-puma-1:187516:188748 [7] NCCL INFO UDS converted handle 0x7ea61803f610 to fd 149 on remote peer 6
furious-puma-1:187511:188747 [2] NCCL INFO UDS converted handle 0x72c4f401d850 to fd 151 on remote peer 3
furious-puma-1:187511:188747 [2] NCCL INFO Imported shareable buffer device 2 size 10485760 ptr 0x31d2c00000
furious-puma-1:187510:188746 [1] NCCL INFO UDS converted handle 0x793418040b30 to fd 149 on remote peer 0
furious-puma-1:187514:188749 [5] NCCL INFO Imported shareable buffer device 5 size 2097152 ptr 0x31d1600000
furious-puma-1:187512:188743 [3] NCCL INFO UDS converted handle 0x7b902403f950 to fd 151 on remote peer 2
furious-puma-1:187509:188745 [0] NCCL INFO UDS converted handle 0x724d280400d0 to fd 169 on remote peer 7
furious-puma-1:187516:188748 [7] NCCL INFO Imported shareable buffer device 7 size 2097152 ptr 0x31d1600000
furious-puma-1:187510:188746 [1] NCCL INFO Imported shareable buffer device 1 size 2097152 ptr 0x31db600000
furious-puma-1:187515:188742 [6] NCCL INFO UDS converted handle 0x793d5c03ca90 to fd 150 on remote peer 5
furious-puma-1:187513:188744 [4] NCCL INFO UDS converted handle 0x72c4f403f6b0 to fd 150 on remote peer 3
furious-puma-1:187512:188743 [3] NCCL INFO Imported shareable buffer device 3 size 2097152 ptr 0x31caa00000
furious-puma-1:187511:188747 [2] NCCL INFO UDS converted handle 0x7622d40417f0 to fd 151 on remote peer 1
furious-puma-1:187513:188744 [4] NCCL INFO Imported shareable buffer device 4 size 2097152 ptr 0x31d3600000
furious-puma-1:187509:188745 [0] NCCL INFO Imported shareable buffer device 0 size 2097152 ptr 0x31c2a00000
furious-puma-1:187514:188749 [5] NCCL INFO UDS converted handle 0x7ea61801bdd0 to fd 151 on remote peer 6
furious-puma-1:187515:188742 [6] NCCL INFO Imported shareable buffer device 6 size 2097152 ptr 0x31cca00000
furious-puma-1:187516:188748 [7] NCCL INFO UDS converted handle 0x79341801b650 to fd 149 on remote peer 0
furious-puma-1:187514:188749 [5] NCCL INFO Imported shareable buffer device 5 size 10485760 ptr 0x31d2000000
furious-puma-1:187511:188747 [2] NCCL INFO Imported shareable buffer device 2 size 2097152 ptr 0x31d3600000
furious-puma-1:187510:188746 [1] NCCL INFO UDS converted handle 0x7b902401e470 to fd 149 on remote peer 2
furious-puma-1:187516:188748 [7] NCCL INFO Imported shareable buffer device 7 size 10485760 ptr 0x31d2000000
furious-puma-1:187509:188745 [0] NCCL INFO UDS converted handle 0x7622d401d6f0 to fd 169 on remote peer 1
furious-puma-1:187512:188743 [3] NCCL INFO UDS converted handle 0x71f6b401cef0 to fd 151 on remote peer 4
furious-puma-1:187513:188744 [4] NCCL INFO UDS converted handle 0x793d5c01b830 to fd 151 on remote peer 5
furious-puma-1:187510:188746 [1] NCCL INFO Imported shareable buffer device 1 size 10485760 ptr 0x31dc000000
furious-puma-1:187515:188742 [6] NCCL INFO UDS converted handle 0x724d28019ef0 to fd 152 on remote peer 7
furious-puma-1:187514:188749 [5] NCCL INFO UDS converted handle 0x71f6b4040700 to fd 151 on remote peer 4
furious-puma-1:187513:188744 [4] NCCL INFO Imported shareable buffer device 4 size 10485760 ptr 0x31d4000000
furious-puma-1:187509:188745 [0] NCCL INFO Imported shareable buffer device 0 size 10485760 ptr 0x31c2c00000
furious-puma-1:187516:188748 [7] NCCL INFO UDS converted handle 0x7ea618040e10 to fd 149 on remote peer 6
furious-puma-1:187512:188743 [3] NCCL INFO Imported shareable buffer device 3 size 10485760 ptr 0x31cac00000
furious-puma-1:187514:188749 [5] NCCL INFO Imported shareable buffer device 5 size 2097152 ptr 0x31d2a00000
furious-puma-1:187516:188748 [7] NCCL INFO Imported shareable buffer device 7 size 2097152 ptr 0x31d2a00000
furious-puma-1:187511:188747 [2] NCCL INFO UDS converted handle 0x72c4f401f230 to fd 149 on remote peer 3
furious-puma-1:187515:188742 [6] NCCL INFO Imported shareable buffer device 6 size 10485760 ptr 0x31ccc00000
furious-puma-1:187510:188746 [1] NCCL INFO UDS converted handle 0x793418042330 to fd 149 on remote peer 0
furious-puma-1:187516:188748 [7] NCCL INFO UDS converted handle 0x79341801ce50 to fd 150 on remote peer 0
furious-puma-1:187509:188745 [0] NCCL INFO UDS converted handle 0x724d28041790 to fd 169 on remote peer 7
furious-puma-1:187511:188747 [2] NCCL INFO Imported shareable buffer device 2 size 10485760 ptr 0x31d4000000
furious-puma-1:187512:188743 [3] NCCL INFO UDS converted handle 0x7b9024041010 to fd 152 on remote peer 2
furious-puma-1:187513:188744 [4] NCCL INFO UDS converted handle 0x72c4f4040d70 to fd 151 on remote peer 3
furious-puma-1:187510:188746 [1] NCCL INFO Imported shareable buffer device 1 size 2097152 ptr 0x31dca00000
furious-puma-1:187514:188749 [5] NCCL INFO UDS converted handle 0x7ea61801d7b0 to fd 151 on remote peer 6
furious-puma-1:187512:188743 [3] NCCL INFO Imported shareable buffer device 3 size 2097152 ptr 0x31cb600000
furious-puma-1:187516:188748 [7] NCCL INFO Imported shareable buffer device 7 size 10485760 ptr 0x31d2c00000
furious-puma-1:187509:188745 [0] NCCL INFO Imported shareable buffer device 0 size 2097152 ptr 0x31c3600000
furious-puma-1:187515:188742 [6] NCCL INFO UDS converted handle 0x793d5c03e150 to fd 151 on remote peer 5
furious-puma-1:187512:188743 [3] NCCL INFO UDS converted handle 0x71f6b401e8d0 to fd 151 on remote peer 4
furious-puma-1:187511:188747 [2] NCCL INFO UDS converted handle 0x7622d4043090 to fd 149 on remote peer 1
furious-puma-1:187514:188749 [5] NCCL INFO Imported shareable buffer device 5 size 10485760 ptr 0x31d2c00000
furious-puma-1:187513:188744 [4] NCCL INFO Imported shareable buffer device 4 size 2097152 ptr 0x31d4a00000
furious-puma-1:187511:188747 [2] NCCL INFO Imported shareable buffer device 2 size 2097152 ptr 0x31d4a00000
furious-puma-1:187515:188742 [6] NCCL INFO Imported shareable buffer device 6 size 2097152 ptr 0x31cd600000
furious-puma-1:187510:188746 [1] NCCL INFO UDS converted handle 0x7b902401fc70 to fd 149 on remote peer 2
furious-puma-1:187512:188743 [3] NCCL INFO Imported shareable buffer device 3 size 10485760 ptr 0x31cc000000
furious-puma-1:187516:188748 [7] NCCL INFO UDS converted handle 0x7ea618042610 to fd 149 on remote peer 6
furious-puma-1:187509:188745 [0] NCCL INFO UDS converted handle 0x7622d401f340 to fd 169 on remote peer 1
furious-puma-1:187514:188749 [5] NCCL INFO UDS converted handle 0x71f6b4041be0 to fd 151 on remote peer 4
furious-puma-1:187511:188747 [2] NCCL INFO UDS converted handle 0x72c4f4020c10 to fd 151 on remote peer 3
furious-puma-1:187510:188746 [1] NCCL INFO Imported shareable buffer device 1 size 10485760 ptr 0x31dcc00000
furious-puma-1:187513:188744 [4] NCCL INFO UDS converted handle 0x793d5c01cef0 to fd 151 on remote peer 5
furious-puma-1:187516:188748 [7] NCCL INFO Imported shareable buffer device 7 size 2097152 ptr 0x31d3600000
furious-puma-1:187515:188742 [6] NCCL INFO UDS converted handle 0x724d2801b830 to fd 151 on remote peer 7
furious-puma-1:187514:188749 [5] NCCL INFO Imported shareable buffer device 5 size 2097152 ptr 0x31d3600000
furious-puma-1:187515:188742 [6] NCCL INFO Imported shareable buffer device 6 size 10485760 ptr 0x31ce000000
furious-puma-1:187513:188744 [4] NCCL INFO Imported shareable buffer device 4 size 10485760 ptr 0x31d4c00000
furious-puma-1:187509:188745 [0] NCCL INFO Imported shareable buffer device 0 size 10485760 ptr 0x31c4000000
furious-puma-1:187512:188743 [3] NCCL INFO UDS converted handle 0x7b9024042770 to fd 151 on remote peer 2
furious-puma-1:187511:188747 [2] NCCL INFO Imported shareable buffer device 2 size 10485760 ptr 0x31d4c00000
furious-puma-1:187510:188746 [1] NCCL INFO UDS converted handle 0x793418043b30 to fd 149 on remote peer 0
furious-puma-1:187514:188749 [5] NCCL INFO UDS converted handle 0x7ea61801f190 to fd 151 on remote peer 6
furious-puma-1:187516:188748 [7] NCCL INFO UDS converted handle 0x79341801e650 to fd 149 on remote peer 0
furious-puma-1:187512:188743 [3] NCCL INFO Imported shareable buffer device 3 size 2097152 ptr 0x31cca00000
furious-puma-1:187515:188742 [6] NCCL INFO UDS converted handle 0x793d5c03f8b0 to fd 151 on remote peer 5
furious-puma-1:187509:188745 [0] NCCL INFO UDS converted handle 0x724d28042f90 to fd 169 on remote peer 7
furious-puma-1:187510:188746 [1] NCCL INFO Imported shareable buffer device 1 size 2097152 ptr 0x31dd600000
furious-puma-1:187516:188748 [7] NCCL INFO Imported shareable buffer device 7 size 10485760 ptr 0x31d4000000
furious-puma-1:187513:188744 [4] NCCL INFO UDS converted handle 0x72c4f4042750 to fd 152 on remote peer 3
furious-puma-1:187511:188747 [2] NCCL INFO UDS converted handle 0x7622d4044930 to fd 151 on remote peer 1
furious-puma-1:187512:188743 [3] NCCL INFO UDS converted handle 0x71f6b40202b0 to fd 151 on remote peer 4
furious-puma-1:187514:188749 [5] NCCL INFO Imported shareable buffer device 5 size 10485760 ptr 0x31d4000000
furious-puma-1:187511:188747 [2] NCCL INFO Imported shareable buffer device 2 size 2097152 ptr 0x31d5600000
furious-puma-1:187515:188742 [6] NCCL INFO Imported shareable buffer device 6 size 2097152 ptr 0x31cea00000
furious-puma-1:187509:188745 [0] NCCL INFO Imported shareable buffer device 0 size 2097152 ptr 0x31c4a00000
furious-puma-1:187512:188743 [3] NCCL INFO Imported shareable buffer device 3 size 10485760 ptr 0x31ccc00000
furious-puma-1:187513:188744 [4] NCCL INFO Imported shareable buffer device 4 size 2097152 ptr 0x31d5600000
furious-puma-1:187516:188748 [7] NCCL INFO UDS converted handle 0x7ea618043cd0 to fd 149 on remote peer 6
furious-puma-1:187509:188745 [0] NCCL INFO UDS converted handle 0x7622d4020b40 to fd 169 on remote peer 1
furious-puma-1:187510:188746 [1] NCCL INFO UDS converted handle 0x7b9024021470 to fd 149 on remote peer 2
furious-puma-1:187515:188742 [6] NCCL INFO UDS converted handle 0x724d2801d210 to fd 151 on remote peer 7
furious-puma-1:187511:188747 [2] NCCL INFO UDS converted handle 0x72c4f40225f0 to fd 151 on remote peer 3
furious-puma-1:187511:188747 [2] NCCL INFO Imported shareable buffer device 2 size 10485760 ptr 0x31d6000000
furious-puma-1:187514:188749 [5] NCCL INFO UDS converted handle 0x71f6b40432a0 to fd 151 on remote peer 4
furious-puma-1:187510:188746 [1] NCCL INFO Imported shareable buffer device 1 size 10485760 ptr 0x31de000000
furious-puma-1:187509:188745 [0] NCCL INFO Imported shareable buffer device 0 size 10485760 ptr 0x31c4c00000
furious-puma-1:187516:188748 [7] NCCL INFO Imported shareable buffer device 7 size 2097152 ptr 0x31d4a00000
furious-puma-1:187515:188742 [6] NCCL INFO Imported shareable buffer device 6 size 10485760 ptr 0x31cec00000
furious-puma-1:187514:188749 [5] NCCL INFO Imported shareable buffer device 5 size 2097152 ptr 0x31d4a00000
furious-puma-1:187513:188744 [4] NCCL INFO UDS converted handle 0x793d5c01e8d0 to fd 151 on remote peer 5
furious-puma-1:187512:188743 [3] NCCL INFO UDS converted handle 0x7b9024044150 to fd 151 on remote peer 2
furious-puma-1:187511:188747 [2] NCCL INFO UDS converted handle 0x7622d40461d0 to fd 151 on remote peer 1
furious-puma-1:187509:188745 [0] NCCL INFO UDS converted handle 0x724d28044790 to fd 170 on remote peer 7
furious-puma-1:187513:188744 [4] NCCL INFO Imported shareable buffer device 4 size 10485760 ptr 0x31d6000000
furious-puma-1:187510:188746 [1] NCCL INFO UDS converted handle 0x793418045010 to fd 149 on remote peer 0
furious-puma-1:187511:188747 [2] NCCL INFO Imported shareable buffer device 2 size 2097152 ptr 0x31d6a00000
furious-puma-1:187512:188743 [3] NCCL INFO Imported shareable buffer device 3 size 2097152 ptr 0x31cd600000
furious-puma-1:187514:188749 [5] NCCL INFO UDS converted handle 0x7ea618020a30 to fd 151 on remote peer 6
furious-puma-1:187510:188746 [1] NCCL INFO Imported shareable buffer device 1 size 2097152 ptr 0x31dea00000
furious-puma-1:187514:188749 [5] NCCL INFO Imported shareable buffer device 5 size 10485760 ptr 0x31d4c00000
furious-puma-1:187509:188745 [0] NCCL INFO Imported shareable buffer device 0 size 2097152 ptr 0x31c5600000
furious-puma-1:187515:188742 [6] NCCL INFO UDS converted handle 0x793d5c041290 to fd 151 on remote peer 5
furious-puma-1:187516:188748 [7] NCCL INFO UDS converted handle 0x79341801fe50 to fd 149 on remote peer 0
furious-puma-1:187513:188744 [4] NCCL INFO UDS converted handle 0x72c4f4043f50 to fd 151 on remote peer 3
furious-puma-1:187512:188743 [3] NCCL INFO UDS converted handle 0x71f6b4021c90 to fd 151 on remote peer 4
furious-puma-1:187515:188742 [6] NCCL INFO Imported shareable buffer device 6 size 2097152 ptr 0x31cf600000
furious-puma-1:187513:188744 [4] NCCL INFO Imported shareable buffer device 4 size 2097152 ptr 0x31d6a00000
furious-puma-1:187509:188745 [0] NCCL INFO UDS converted handle 0x7622d4022340 to fd 169 on remote peer 1
furious-puma-1:187510:188746 [1] NCCL INFO UDS converted handle 0x7b9024022c70 to fd 149 on remote peer 2
furious-puma-1:187516:188748 [7] NCCL INFO Imported shareable buffer device 7 size 10485760 ptr 0x31d4c00000
furious-puma-1:187514:188749 [5] NCCL INFO UDS converted handle 0x71f6b4044aa0 to fd 148 on remote peer 4
furious-puma-1:187510:188746 [1] NCCL INFO Imported shareable buffer device 1 size 10485760 ptr 0x31dec00000
furious-puma-1:187509:188745 [0] NCCL INFO Imported shareable buffer device 0 size 10485760 ptr 0x31c6000000
furious-puma-1:187512:188743 [3] NCCL INFO Imported shareable buffer device 3 size 10485760 ptr 0x31ce000000
furious-puma-1:187515:188742 [6] NCCL INFO UDS converted handle 0x724d2801ebf0 to fd 151 on remote peer 7
furious-puma-1:187514:188749 [5] NCCL INFO Imported shareable buffer device 5 size 2097152 ptr 0x31d5600000
furious-puma-1:187511:188747 [2] NCCL INFO UDS converted handle 0x72c4f4023fd0 to fd 151 on remote peer 3
furious-puma-1:187516:188748 [7] NCCL INFO UDS converted handle 0x7ea6180456b0 to fd 149 on remote peer 6
furious-puma-1:187510:188746 [1] NCCL INFO UDS converted handle 0x793418046810 to fd 149 on remote peer 0
furious-puma-1:187513:188744 [4] NCCL INFO UDS converted handle 0x793d5c0200d0 to fd 151 on remote peer 5
furious-puma-1:187511:188747 [2] NCCL INFO Imported shareable buffer device 2 size 10485760 ptr 0x31d6c00000
furious-puma-1:187515:188742 [6] NCCL INFO Imported shareable buffer device 6 size 10485760 ptr 0x31d0000000
furious-puma-1:187513:188744 [4] NCCL INFO Imported shareable buffer device 4 size 10485760 ptr 0x31d6c00000
furious-puma-1:187510:188746 [1] NCCL INFO Imported shareable buffer device 1 size 2097152 ptr 0x31df600000
furious-puma-1:187512:188743 [3] NCCL INFO UDS converted handle 0x7b9024045950 to fd 151 on remote peer 2
furious-puma-1:187509:188745 [0] NCCL INFO UDS converted handle 0x724d28045f90 to fd 169 on remote peer 7
furious-puma-1:187516:188748 [7] NCCL INFO Imported shareable buffer device 7 size 2097152 ptr 0x31d5600000
furious-puma-1:187514:188749 [5] NCCL INFO UDS converted handle 0x7ea618022410 to fd 151 on remote peer 6
furious-puma-1:187511:188747 [2] NCCL INFO UDS converted handle 0x7622d40479d0 to fd 151 on remote peer 1
furious-puma-1:187509:188745 [0] NCCL INFO Imported shareable buffer device 0 size 2097152 ptr 0x31c6a00000
furious-puma-1:187514:188749 [5] NCCL INFO Imported shareable buffer device 5 size 10485760 ptr 0x31d6000000
furious-puma-1:187512:188743 [3] NCCL INFO Imported shareable buffer device 3 size 2097152 ptr 0x31cea00000
furious-puma-1:187513:188744 [4] NCCL INFO UDS converted handle 0x72c4f4045610 to fd 151 on remote peer 3
furious-puma-1:187515:188742 [6] NCCL INFO UDS converted handle 0x793d5c042a90 to fd 151 on remote peer 5
furious-puma-1:187510:188746 [1] NCCL INFO UDS converted handle 0x7b9024024470 to fd 149 on remote peer 2
furious-puma-1:187516:188748 [7] NCCL INFO UDS converted handle 0x793418021650 to fd 149 on remote peer 0
furious-puma-1:187511:188747 [2] NCCL INFO Imported shareable buffer device 2 size 2097152 ptr 0x31d7600000
furious-puma-1:187513:188744 [4] NCCL INFO Imported shareable buffer device 4 size 2097152 ptr 0x31d7600000
furious-puma-1:187514:188749 [5] NCCL INFO UDS converted handle 0x71f6b40462a0 to fd 148 on remote peer 4
furious-puma-1:187516:188748 [7] NCCL INFO Imported shareable buffer device 7 size 10485760 ptr 0x31d6000000
furious-puma-1:187510:188746 [1] NCCL INFO Imported shareable buffer device 1 size 10485760 ptr 0x5980000000
furious-puma-1:187515:188742 [6] NCCL INFO Imported shareable buffer device 6 size 2097152 ptr 0x31d0a00000
furious-puma-1:187509:188745 [0] NCCL INFO UDS converted handle 0x7622d4023f90 to fd 169 on remote peer 1
furious-puma-1:187514:188749 [5] NCCL INFO Imported shareable buffer device 5 size 2097152 ptr 0x31d6a00000
furious-puma-1:187516:188748 [7] NCCL INFO UDS converted handle 0x7ea618046eb0 to fd 149 on remote peer 6
furious-puma-1:187512:188743 [3] NCCL INFO UDS converted handle 0x71f6b40235d0 to fd 152 on remote peer 4
furious-puma-1:187511:188747 [2] NCCL INFO UDS converted handle 0x72c4f40259b0 to fd 151 on remote peer 3
furious-puma-1:187513:188744 [4] NCCL INFO UDS converted handle 0x793d5c0218d0 to fd 150 on remote peer 5
furious-puma-1:187511:188747 [2] NCCL INFO Imported shareable buffer device 2 size 10485760 ptr 0x31d8000000
furious-puma-1:187516:188748 [7] NCCL INFO Imported shareable buffer device 7 size 2097152 ptr 0x31d6a00000
furious-puma-1:187510:188746 [1] NCCL INFO UDS converted handle 0x793418048010 to fd 146 on remote peer 0
furious-puma-1:187509:188745 [0] NCCL INFO Imported shareable buffer device 0 size 10485760 ptr 0x31c6c00000
furious-puma-1:187513:188744 [4] NCCL INFO Imported shareable buffer device 4 size 10485760 ptr 0x31d8000000
furious-puma-1:187512:188743 [3] NCCL INFO Imported shareable buffer device 3 size 10485760 ptr 0x31cec00000
furious-puma-1:187515:188742 [6] NCCL INFO UDS converted handle 0x724d280203f0 to fd 152 on remote peer 7
furious-puma-1:187514:188749 [5] NCCL INFO UDS converted handle 0x7ea618023df0 to fd 148 on remote peer 6
furious-puma-1:187516:188748 [7] NCCL INFO UDS converted handle 0x793418022e50 to fd 149 on remote peer 0
furious-puma-1:187510:188746 [1] NCCL INFO Imported shareable buffer device 1 size 2097152 ptr 0x5980a00000
furious-puma-1:187515:188742 [6] NCCL INFO Imported shareable buffer device 6 size 10485760 ptr 0x31d0c00000
furious-puma-1:187516:188748 [7] NCCL INFO Imported shareable buffer device 7 size 10485760 ptr 0x31d6c00000
furious-puma-1:187511:188747 [2] NCCL INFO UDS converted handle 0x7622d4049090 to fd 151 on remote peer 1
furious-puma-1:187516:188748 [7] NCCL INFO UDS converted handle 0x7ea6180486b0 to fd 149 on remote peer 6
furious-puma-1:187511:188747 [2] NCCL INFO Imported shareable buffer device 2 size 2097152 ptr 0x31d8a00000
furious-puma-1:187514:188749 [5] NCCL INFO Imported shareable buffer device 5 size 10485760 ptr 0x31d6c00000
furious-puma-1:187513:188744 [4] NCCL INFO UDS converted handle 0x72c4f4046ff0 to fd 151 on remote peer 3
furious-puma-1:187515:188742 [6] NCCL INFO UDS converted handle 0x793d5c043f70 to fd 151 on remote peer 5
furious-puma-1:187516:188748 [7] NCCL INFO Imported shareable buffer device 7 size 2097152 ptr 0x31d7600000
furious-puma-1:187509:188745 [0] NCCL INFO UDS converted handle 0x724d280476f0 to fd 169 on remote peer 7
furious-puma-1:187512:188743 [3] NCCL INFO UDS converted handle 0x7b9024046e30 to fd 151 on remote peer 2
furious-puma-1:187510:188746 [1] NCCL INFO UDS converted handle 0x7b9024025c70 to fd 149 on remote peer 2
furious-puma-1:187515:188742 [6] NCCL INFO Imported shareable buffer device 6 size 2097152 ptr 0x31d1600000
furious-puma-1:187513:188744 [4] NCCL INFO Imported shareable buffer device 4 size 2097152 ptr 0x31d8a00000
furious-puma-1:187510:188746 [1] NCCL INFO Imported shareable buffer device 1 size 10485760 ptr 0x5980c00000
furious-puma-1:187509:188745 [0] NCCL INFO Imported shareable buffer device 0 size 2097152 ptr 0x31c7600000
furious-puma-1:187512:188743 [3] NCCL INFO Imported shareable buffer device 3 size 2097152 ptr 0x31cf600000
furious-puma-1:187511:188747 [2] NCCL INFO UDS converted handle 0x72c4f4027390 to fd 151 on remote peer 3
furious-puma-1:187514:188749 [5] NCCL INFO UDS converted handle 0x71f6b4047aa0 to fd 152 on remote peer 4
furious-puma-1:187513:188744 [4] NCCL INFO UDS converted handle 0x793d5c0230d0 to fd 151 on remote peer 5
furious-puma-1:187515:188742 [6] NCCL INFO UDS converted handle 0x724d28021bf0 to fd 151 on remote peer 7
furious-puma-1:187516:188748 [7] NCCL INFO UDS converted handle 0x793418024650 to fd 148 on remote peer 0
furious-puma-1:187513:188744 [4] NCCL INFO Imported shareable buffer device 4 size 10485760 ptr 0x31d8c00000
furious-puma-1:187511:188747 [2] NCCL INFO Imported shareable buffer device 2 size 10485760 ptr 0x31d8c00000
furious-puma-1:187514:188749 [5] NCCL INFO Imported shareable buffer device 5 size 2097152 ptr 0x31d7600000
furious-puma-1:187515:188742 [6] NCCL INFO Imported shareable buffer device 6 size 10485760 ptr 0x31d2000000
furious-puma-1:187516:188748 [7] NCCL INFO Imported shareable buffer device 7 size 10485760 ptr 0x31d8000000
furious-puma-1:187509:188745 [0] NCCL INFO UDS converted handle 0x7622d4025790 to fd 169 on remote peer 1
furious-puma-1:187512:188743 [3] NCCL INFO UDS converted handle 0x71f6b4025220 to fd 151 on remote peer 4
furious-puma-1:187513:188744 [4] NCCL INFO UDS converted handle 0x72c4f40487f0 to fd 151 on remote peer 3
furious-puma-1:187510:188746 [1] NCCL INFO UDS converted handle 0x793418049810 to fd 149 on remote peer 0
furious-puma-1:187512:188743 [3] NCCL INFO Imported shareable buffer device 3 size 10485760 ptr 0x31d0000000
furious-puma-1:187513:188744 [4] NCCL INFO Imported shareable buffer device 4 size 2097152 ptr 0x31d9600000
furious-puma-1:187509:188745 [0] NCCL INFO Imported shareable buffer device 0 size 10485760 ptr 0x31c8000000
furious-puma-1:187515:188742 [6] NCCL INFO UDS converted handle 0x793d5c045630 to fd 152 on remote peer 5
furious-puma-1:187514:188749 [5] NCCL INFO UDS converted handle 0x7ea6180257d0 to fd 151 on remote peer 6
furious-puma-1:187510:188746 [1] NCCL INFO Imported shareable buffer device 1 size 2097152 ptr 0x5981600000
furious-puma-1:187515:188742 [6] NCCL INFO Imported shareable buffer device 6 size 2097152 ptr 0x31d2a00000
furious-puma-1:187511:188747 [2] NCCL INFO UDS converted handle 0x7622d404a890 to fd 152 on remote peer 1
furious-puma-1:187514:188749 [5] NCCL INFO Imported shareable buffer device 5 size 10485760 ptr 0x31d8000000
furious-puma-1:187512:188743 [3] NCCL INFO UDS converted handle 0x7b90240484f0 to fd 151 on remote peer 2
furious-puma-1:187514:188749 [5] NCCL INFO UDS converted handle 0x71f6b4049200 to fd 151 on remote peer 4
furious-puma-1:187511:188747 [2] NCCL INFO Imported shareable buffer device 2 size 2097152 ptr 0x31d9600000
furious-puma-1:187510:188746 [1] NCCL INFO UDS converted handle 0x7b9024027470 to fd 146 on remote peer 2
furious-puma-1:187509:188745 [0] NCCL INFO UDS converted handle 0x724d28048ef0 to fd 169 on remote peer 7
furious-puma-1:187513:188744 [4] NCCL INFO UDS converted handle 0x793d5c0248d0 to fd 151 on remote peer 5
furious-puma-1:187512:188743 [3] NCCL INFO Imported shareable buffer device 3 size 2097152 ptr 0x31d0a00000
furious-puma-1:187516:188748 [7] NCCL INFO UDS converted handle 0x7ea618049d70 to fd 149 on remote peer 6
furious-puma-1:187510:188746 [1] NCCL INFO Imported shareable buffer device 1 size 10485760 ptr 0x5982000000
furious-puma-1:187514:188749 [5] NCCL INFO Imported shareable buffer device 5 size 2097152 ptr 0x31d8a00000
furious-puma-1:187511:188747 [2] NCCL INFO UDS converted handle 0x72c4f4028c30 to fd 151 on remote peer 3
furious-puma-1:187513:188744 [4] NCCL INFO Imported shareable buffer device 4 size 10485760 ptr 0x31da000000
furious-puma-1:187510:188746 [1] NCCL INFO UDS converted handle 0x79341804acf0 to fd 149 on remote peer 0
furious-puma-1:187509:188745 [0] NCCL INFO Imported shareable buffer device 0 size 2097152 ptr 0x31c8a00000
furious-puma-1:187515:188742 [6] NCCL INFO UDS converted handle 0x724d280233f0 to fd 151 on remote peer 7
furious-puma-1:187516:188748 [7] NCCL INFO Imported shareable buffer device 7 size 2097152 ptr 0x31d8a00000
furious-puma-1:187512:188743 [3] NCCL INFO UDS converted handle 0x71f6b4026a20 to fd 151 on remote peer 4
furious-puma-1:187510:188746 [1] NCCL INFO Imported shareable buffer device 1 size 2097152 ptr 0x5982a00000
furious-puma-1:187511:188747 [2] NCCL INFO Imported shareable buffer device 2 size 10485760 ptr 0x31da000000
furious-puma-1:187513:188744 [4] NCCL INFO UDS converted handle 0x72c4f4049eb0 to fd 151 on remote peer 3
furious-puma-1:187514:188749 [5] NCCL INFO UDS converted handle 0x7ea6180271b0 to fd 151 on remote peer 6
furious-puma-1:187512:188743 [3] NCCL INFO Imported shareable buffer device 3 size 10485760 ptr 0x31d0c00000
furious-puma-1:187515:188742 [6] NCCL INFO Imported shareable buffer device 6 size 10485760 ptr 0x31d2c00000
furious-puma-1:187514:188749 [5] NCCL INFO Imported shareable buffer device 5 size 10485760 ptr 0x31d8c00000
furious-puma-1:187509:188745 [0] NCCL INFO UDS converted handle 0x7622d4026f90 to fd 169 on remote peer 1
furious-puma-1:187513:188744 [4] NCCL INFO Imported shareable buffer device 4 size 2097152 ptr 0x31daa00000
furious-puma-1:187516:188748 [7] NCCL INFO UDS converted handle 0x793418025e50 to fd 149 on remote peer 0
furious-puma-1:187510:188746 [1] NCCL INFO UDS converted handle 0x7b90240290c0 to fd 149 on remote peer 2
furious-puma-1:187509:188745 [0] NCCL INFO Imported shareable buffer device 0 size 10485760 ptr 0x31c8c00000
furious-puma-1:187509:188745 [0] NCCL INFO UDS converted handle 0x724d2804a6f0 to fd 169 on remote peer 7
furious-puma-1:187510:188746 [1] NCCL INFO Imported shareable buffer device 1 size 10485760 ptr 0x5982c00000
furious-puma-1:187515:188742 [6] NCCL INFO UDS converted handle 0x793d5c047010 to fd 151 on remote peer 5
furious-puma-1:187509:188745 [0] NCCL INFO Imported shareable buffer device 0 size 2097152 ptr 0x31c9600000
furious-puma-1:187514:188749 [5] NCCL INFO UDS converted handle 0x71f6b404aa00 to fd 151 on remote peer 4
furious-puma-1:187516:188748 [7] NCCL INFO Imported shareable buffer device 7 size 10485760 ptr 0x31d8c00000
furious-puma-1:187511:188747 [2] NCCL INFO UDS converted handle 0x7622d404bf50 to fd 151 on remote peer 1
furious-puma-1:187515:188742 [6] NCCL INFO Imported shareable buffer device 6 size 2097152 ptr 0x31d3600000
furious-puma-1:187512:188743 [3] NCCL INFO UDS converted handle 0x7b9024049ed0 to fd 151 on remote peer 2
furious-puma-1:187514:188749 [5] NCCL INFO Imported shareable buffer device 5 size 2097152 ptr 0x31d9600000
furious-puma-1:187511:188747 [2] NCCL INFO Imported shareable buffer device 2 size 2097152 ptr 0x31daa00000
furious-puma-1:187513:188744 [4] NCCL INFO UDS converted handle 0x793d5c0260d0 to fd 151 on remote peer 5
furious-puma-1:187512:188743 [3] NCCL INFO Imported shareable buffer device 3 size 2097152 ptr 0x31d1600000
furious-puma-1:187513:188744 [4] NCCL INFO Imported shareable buffer device 4 size 10485760 ptr 0x31dac00000
furious-puma-1:187510:188746 [1] NCCL INFO UDS converted handle 0x79341804c4f0 to fd 150 on remote peer 0
furious-puma-1:187509:188745 [0] NCCL INFO UDS converted handle 0x7622d4028be0 to fd 169 on remote peer 1
furious-puma-1:187516:188748 [7] NCCL INFO UDS converted handle 0x7ea61804b750 to fd 149 on remote peer 6
furious-puma-1:187515:188742 [6] NCCL INFO UDS converted handle 0x724d28024bf0 to fd 151 on remote peer 7
furious-puma-1:187509:188745 [0] NCCL INFO Imported shareable buffer device 0 size 10485760 ptr 0x31ca000000
furious-puma-1:187510:188746 [1] NCCL INFO Imported shareable buffer device 1 size 2097152 ptr 0x5983600000
furious-puma-1:187511:188747 [2] NCCL INFO UDS converted handle 0x72c4f402a610 to fd 151 on remote peer 3
furious-puma-1:187512:188743 [3] NCCL INFO UDS converted handle 0x71f6b4028220 to fd 151 on remote peer 4
furious-puma-1:187515:188742 [6] NCCL INFO Imported shareable buffer device 6 size 10485760 ptr 0x31d4000000
furious-puma-1:187516:188748 [7] NCCL INFO Imported shareable buffer device 7 size 2097152 ptr 0x31d9600000
furious-puma-1:187514:188749 [5] NCCL INFO UDS converted handle 0x7ea618028b90 to fd 148 on remote peer 6
furious-puma-1:187512:188743 [3] NCCL INFO Imported shareable buffer device 3 size 10485760 ptr 0x31d2000000
furious-puma-1:187511:188747 [2] NCCL INFO Imported shareable buffer device 2 size 10485760 ptr 0x31dac00000
furious-puma-1:187516:188748 [7] NCCL INFO UDS converted handle 0x793418027650 to fd 149 on remote peer 0
furious-puma-1:187510:188746 [1] NCCL INFO UDS converted handle 0x7b902402a8c0 to fd 149 on remote peer 2
furious-puma-1:187509:188745 [0] NCCL INFO UDS converted handle 0x724d2804bef0 to fd 169 on remote peer 7
furious-puma-1:187514:188749 [5] NCCL INFO Imported shareable buffer device 5 size 10485760 ptr 0x31da000000
furious-puma-1:187510:188746 [1] NCCL INFO Imported shareable buffer device 1 size 10485760 ptr 0x5984000000
furious-puma-1:187516:188748 [7] NCCL INFO Imported shareable buffer device 7 size 10485760 ptr 0x31da000000
furious-puma-1:187513:188744 [4] NCCL INFO UDS converted handle 0x72c4f404b890 to fd 151 on remote peer 3
furious-puma-1:187510:188746 [1] NCCL INFO UDS converted handle 0x79341804dcf0 to fd 149 on remote peer 0
furious-puma-1:187509:188745 [0] NCCL INFO Imported shareable buffer device 0 size 2097152 ptr 0x31caa00000
furious-puma-1:187515:188742 [6] NCCL INFO UDS converted handle 0x793d5c0484f0 to fd 151 on remote peer 5
furious-puma-1:187511:188747 [2] NCCL INFO UDS converted handle 0x7622d404d750 to fd 151 on remote peer 1
furious-puma-1:187510:188746 [1] NCCL INFO Imported shareable buffer device 1 size 2097152 ptr 0x5984a00000
furious-puma-1:187514:188749 [5] NCCL INFO UDS converted handle 0x71f6b404c200 to fd 151 on remote peer 4
furious-puma-1:187513:188744 [4] NCCL INFO Imported shareable buffer device 4 size 2097152 ptr 0x31db600000
furious-puma-1:187511:188747 [2] NCCL INFO Imported shareable buffer device 2 size 2097152 ptr 0x31db600000
furious-puma-1:187512:188743 [3] NCCL INFO UDS converted handle 0x7b902404b3b0 to fd 151 on remote peer 2
furious-puma-1:187515:188742 [6] NCCL INFO Imported shareable buffer device 6 size 2097152 ptr 0x31d4a00000
furious-puma-1:187514:188749 [5] NCCL INFO Imported shareable buffer device 5 size 2097152 ptr 0x31daa00000
furious-puma-1:187516:188748 [7] NCCL INFO UDS converted handle 0x7ea61804cf50 to fd 149 on remote peer 6
furious-puma-1:187516:188748 [7] NCCL INFO Imported shareable buffer device 7 size 2097152 ptr 0x31daa00000
furious-puma-1:187512:188743 [3] NCCL INFO Imported shareable buffer device 3 size 2097152 ptr 0x31d2a00000
furious-puma-1:187509:188745 [0] NCCL INFO UDS converted handle 0x7622d402a3e0 to fd 169 on remote peer 1
furious-puma-1:187511:188747 [2] NCCL INFO UDS converted handle 0x72c4f402bff0 to fd 149 on remote peer 3
furious-puma-1:187514:188749 [5] NCCL INFO UDS converted handle 0x7ea61802a570 to fd 151 on remote peer 6
furious-puma-1:187515:188742 [6] NCCL INFO UDS converted handle 0x724d280263f0 to fd 150 on remote peer 7
furious-puma-1:187513:188744 [4] NCCL INFO UDS converted handle 0x793d5c027d20 to fd 152 on remote peer 5
furious-puma-1:187512:188743 [3] NCCL INFO UDS converted handle 0x71f6b4029e70 to fd 151 on remote peer 4
furious-puma-1:187510:188746 [1] NCCL INFO UDS converted handle 0x7b902402c0c0 to fd 149 on remote peer 2
furious-puma-1:187514:188749 [5] NCCL INFO Imported shareable buffer device 5 size 10485760 ptr 0x31dac00000
furious-puma-1:187512:188743 [3] NCCL INFO Imported shareable buffer device 3 size 10485760 ptr 0x31d2c00000
furious-puma-1:187509:188745 [0] NCCL INFO Imported shareable buffer device 0 size 10485760 ptr 0x31cac00000
furious-puma-1:187516:188748 [7] NCCL INFO UDS converted handle 0x793418028e50 to fd 149 on remote peer 0
furious-puma-1:187513:188744 [4] NCCL INFO Imported shareable buffer device 4 size 10485760 ptr 0x31dc000000
furious-puma-1:187515:188742 [6] NCCL INFO Imported shareable buffer device 6 size 10485760 ptr 0x31d4c00000
furious-puma-1:187511:188747 [2] NCCL INFO Imported shareable buffer device 2 size 10485760 ptr 0x31dc000000
furious-puma-1:187510:188746 [1] NCCL INFO Imported shareable buffer device 1 size 10485760 ptr 0x5984c00000
furious-puma-1:187514:188749 [5] NCCL INFO UDS converted handle 0x71f6b404da00 to fd 151 on remote peer 4
furious-puma-1:187515:188742 [6] NCCL INFO UDS converted handle 0x793d5c049cf0 to fd 151 on remote peer 5
furious-puma-1:187509:188745 [0] NCCL INFO UDS converted handle 0x724d2804d5b0 to fd 168 on remote peer 7
furious-puma-1:187516:188748 [7] NCCL INFO Imported shareable buffer device 7 size 10485760 ptr 0x31dac00000
furious-puma-1:187513:188744 [4] NCCL INFO UDS converted handle 0x72c4f404d090 to fd 151 on remote peer 3
furious-puma-1:187515:188742 [6] NCCL INFO Imported shareable buffer device 6 size 2097152 ptr 0x31d5600000
furious-puma-1:187511:188747 [2] NCCL INFO UDS converted handle 0x7622d404eeb0 to fd 151 on remote peer 1
furious-puma-1:187509:188745 [0] NCCL INFO Imported shareable buffer device 0 size 2097152 ptr 0x31cb600000
furious-puma-1:187512:188743 [3] NCCL INFO UDS converted handle 0x7b902404cbb0 to fd 151 on remote peer 2
furious-puma-1:187511:188747 [2] NCCL INFO Imported shareable buffer device 2 size 2097152 ptr 0x31dca00000
furious-puma-1:187510:188746 [1] NCCL INFO UDS converted handle 0x79341804f4f0 to fd 149 on remote peer 0
furious-puma-1:187514:188749 [5] NCCL INFO Imported shareable buffer device 5 size 2097152 ptr 0x31db600000
furious-puma-1:187513:188744 [4] NCCL INFO Imported shareable buffer device 4 size 2097152 ptr 0x31dca00000
furious-puma-1:187511:188747 [2] NCCL INFO UDS converted handle 0x72c4f402d9d0 to fd 151 on remote peer 3
furious-puma-1:187510:188746 [1] NCCL INFO Imported shareable buffer device 1 size 2097152 ptr 0x5985600000
furious-puma-1:187516:188748 [7] NCCL INFO UDS converted handle 0x7ea61804e750 to fd 149 on remote peer 6
furious-puma-1:187515:188742 [6] NCCL INFO UDS converted handle 0x724d28027bf0 to fd 151 on remote peer 7
furious-puma-1:187516:188748 [7] NCCL INFO Imported shareable buffer device 7 size 2097152 ptr 0x31db600000
furious-puma-1:187511:188747 [2] NCCL INFO Imported shareable buffer device 2 size 10485760 ptr 0x31dcc00000
furious-puma-1:187512:188743 [3] NCCL INFO Imported shareable buffer device 3 size 2097152 ptr 0x31d3600000
furious-puma-1:187509:188745 [0] NCCL INFO UDS converted handle 0x7622d402bbe0 to fd 169 on remote peer 1
furious-puma-1:187515:188742 [6] NCCL INFO Imported shareable buffer device 6 size 10485760 ptr 0x31d6000000
furious-puma-1:187513:188744 [4] NCCL INFO UDS converted handle 0x793d5c029520 to fd 151 on remote peer 5
furious-puma-1:187514:188749 [5] NCCL INFO UDS converted handle 0x7ea61802bf50 to fd 151 on remote peer 6
furious-puma-1:187509:188745 [0] NCCL INFO Imported shareable buffer device 0 size 10485760 ptr 0x31cc000000
furious-puma-1:187516:188748 [7] NCCL INFO UDS converted handle 0x79341802a650 to fd 149 on remote peer 0
furious-puma-1:187513:188744 [4] NCCL INFO Imported shareable buffer device 4 size 10485760 ptr 0x31dcc00000
furious-puma-1:187514:188749 [5] NCCL INFO Imported shareable buffer device 5 size 10485760 ptr 0x31dc000000
furious-puma-1:187511:188747 [2] NCCL INFO UDS converted handle 0x7622d4050570 to fd 151 on remote peer 1
furious-puma-1:187512:188743 [3] NCCL INFO UDS converted handle 0x71f6b402b670 to fd 151 on remote peer 4
furious-puma-1:187515:188742 [6] NCCL INFO UDS converted handle 0x793d5c04b4f0 to fd 150 on remote peer 5
furious-puma-1:187512:188743 [3] NCCL INFO Imported shareable buffer device 3 size 10485760 ptr 0x31d4000000
furious-puma-1:187516:188748 [7] NCCL INFO Imported shareable buffer device 7 size 10485760 ptr 0x31dc000000
furious-puma-1:187511:188747 [2] NCCL INFO Imported shareable buffer device 2 size 2097152 ptr 0x31dd600000
furious-puma-1:187509:188745 [0] NCCL INFO UDS converted handle 0x724d2804edb0 to fd 168 on remote peer 7
furious-puma-1:187514:188749 [5] NCCL INFO UDS converted handle 0x71f6b404f0c0 to fd 151 on remote peer 4
furious-puma-1:187515:188742 [6] NCCL INFO Imported shareable buffer device 6 size 2097152 ptr 0x31d6a00000
furious-puma-1:187513:188744 [4] NCCL INFO UDS converted handle 0x72c4f404e750 to fd 150 on remote peer 3
furious-puma-1:187509:188745 [0] NCCL INFO Imported shareable buffer device 0 size 2097152 ptr 0x31cca00000
furious-puma-1:187512:188743 [3] NCCL INFO UDS converted handle 0x7b902404e3b0 to fd 151 on remote peer 2
furious-puma-1:187514:188749 [5] NCCL INFO Imported shareable buffer device 5 size 2097152 ptr 0x31dca00000
furious-puma-1:187516:188748 [7] NCCL INFO UDS converted handle 0x7ea61804fe10 to fd 149 on remote peer 6
furious-puma-1:187513:188744 [4] NCCL INFO Imported shareable buffer device 4 size 2097152 ptr 0x31dd600000
furious-puma-1:187515:188742 [6] NCCL INFO UDS converted handle 0x724d28029840 to fd 151 on remote peer 7
furious-puma-1:187516:188748 [7] NCCL INFO Imported shareable buffer device 7 size 2097152 ptr 0x31dca00000
furious-puma-1:187512:188743 [3] NCCL INFO Imported shareable buffer device 3 size 2097152 ptr 0x31d4a00000
furious-puma-1:187514:188749 [5] NCCL INFO UDS converted handle 0x7ea61802d930 to fd 151 on remote peer 6
furious-puma-1:187509:188745 [0] NCCL INFO UDS converted handle 0x7622d402d830 to fd 169 on remote peer 1
furious-puma-1:187515:188742 [6] NCCL INFO Imported shareable buffer device 6 size 10485760 ptr 0x31d6c00000
furious-puma-1:187512:188743 [3] NCCL INFO UDS converted handle 0x71f6b402ce70 to fd 151 on remote peer 4
furious-puma-1:187509:188745 [0] NCCL INFO Imported shareable buffer device 0 size 10485760 ptr 0x31ccc00000
furious-puma-1:187513:188744 [4] NCCL INFO UDS converted handle 0x793d5c02ad20 to fd 151 on remote peer 5
furious-puma-1:187516:188748 [7] NCCL INFO UDS converted handle 0x79341802be50 to fd 149 on remote peer 0
furious-puma-1:187514:188749 [5] NCCL INFO Imported shareable buffer device 5 size 10485760 ptr 0x31dcc00000
furious-puma-1:187515:188742 [6] NCCL INFO UDS converted handle 0x793d5c04ccf0 to fd 151 on remote peer 5
furious-puma-1:187512:188743 [3] NCCL INFO Imported shareable buffer device 3 size 10485760 ptr 0x31d4c00000
furious-puma-1:187513:188744 [4] NCCL INFO Imported shareable buffer device 4 size 10485760 ptr 0x31de000000
furious-puma-1:187512:188743 [3] NCCL INFO UDS converted handle 0x7b902404fbb0 to fd 151 on remote peer 2
furious-puma-1:187514:188749 [5] NCCL INFO UDS converted handle 0x71f6b40508c0 to fd 148 on remote peer 4
furious-puma-1:187516:188748 [7] NCCL INFO Imported shareable buffer device 7 size 10485760 ptr 0x31dcc00000
furious-puma-1:187509:188745 [0] NCCL INFO UDS converted handle 0x724d280505b0 to fd 169 on remote peer 7
furious-puma-1:187515:188742 [6] NCCL INFO Imported shareable buffer device 6 size 2097152 ptr 0x31d7600000
furious-puma-1:187514:188749 [5] NCCL INFO Imported shareable buffer device 5 size 2097152 ptr 0x31dd600000
furious-puma-1:187512:188743 [3] NCCL INFO Imported shareable buffer device 3 size 2097152 ptr 0x31d5600000
furious-puma-1:187513:188744 [4] NCCL INFO UDS converted handle 0x72c4f4050130 to fd 150 on remote peer 3
furious-puma-1:187513:188744 [4] NCCL INFO Imported shareable buffer device 4 size 2097152 ptr 0x31dea00000
furious-puma-1:187509:188745 [0] NCCL INFO Imported shareable buffer device 0 size 2097152 ptr 0x31cd600000
furious-puma-1:187516:188748 [7] NCCL INFO UDS converted handle 0x7ea6180514d0 to fd 150 on remote peer 6
furious-puma-1:187515:188742 [6] NCCL INFO UDS converted handle 0x724d2802b040 to fd 151 on remote peer 7
furious-puma-1:187513:188744 [4] NCCL INFO UDS converted handle 0x793d5c02c970 to fd 151 on remote peer 5
furious-puma-1:187516:188748 [7] NCCL INFO Imported shareable buffer device 7 size 2097152 ptr 0x31dd600000
furious-puma-1:187515:188742 [6] NCCL INFO Imported shareable buffer device 6 size 10485760 ptr 0x31d8000000
furious-puma-1:187513:188744 [4] NCCL INFO Imported shareable buffer device 4 size 10485760 ptr 0x31dec00000
furious-puma-1:187515:188742 [6] NCCL INFO UDS converted handle 0x793d5c04e450 to fd 151 on remote peer 5
furious-puma-1:187513:188744 [4] NCCL INFO UDS converted handle 0x72c4f4051930 to fd 151 on remote peer 3
furious-puma-1:187515:188742 [6] NCCL INFO Imported shareable buffer device 6 size 2097152 ptr 0x31d8a00000
furious-puma-1:187513:188744 [4] NCCL INFO Imported shareable buffer device 4 size 2097152 ptr 0x31df600000
furious-puma-1:187515:188742 [6] NCCL INFO UDS converted handle 0x724d2802c840 to fd 151 on remote peer 7
furious-puma-1:187515:188742 [6] NCCL INFO Imported shareable buffer device 6 size 10485760 ptr 0x31d8c00000
furious-puma-1:187515:188742 [6] NCCL INFO UDS converted handle 0x793d5c04fc50 to fd 151 on remote peer 5
furious-puma-1:187515:188742 [6] NCCL INFO Imported shareable buffer device 6 size 2097152 ptr 0x31d9600000
furious-puma-1:187515:188742 [6] NCCL INFO Connected all rings, use ring PXN 0 GDR 1
furious-puma-1:187513:188744 [4] NCCL INFO Connected all rings, use ring PXN 0 GDR 1
furious-puma-1:187514:188749 [5] NCCL INFO Connected all rings, use ring PXN 0 GDR 1
furious-puma-1:187512:188743 [3] NCCL INFO Connected all rings, use ring PXN 0 GDR 1
furious-puma-1:187511:188747 [2] NCCL INFO Connected all rings, use ring PXN 0 GDR 1
furious-puma-1:187510:188746 [1] NCCL INFO Connected all rings, use ring PXN 0 GDR 1
furious-puma-1:187509:188745 [0] NCCL INFO Connected all rings, use ring PXN 0 GDR 1
furious-puma-1:187516:188748 [7] NCCL INFO Connected all rings, use ring PXN 0 GDR 1
  0%|          | 1/1000 [00:02<35:17,  2.12s/it]  0%|          | 2/1000 [00:03<26:30,  1.59s/it]  0%|          | 3/1000 [00:04<20:40,  1.24s/it]  0%|          | 4/1000 [00:05<18:24,  1.11s/it]  0%|          | 5/1000 [00:05<16:36,  1.00s/it]  1%|          | 6/1000 [00:06<15:19,  1.08it/s]  1%|          | 7/1000 [00:07<14:39,  1.13it/s]  1%|          | 8/1000 [00:08<14:28,  1.14it/s]  1%|          | 9/1000 [00:09<14:10,  1.16it/s]  1%|          | 10/1000 [00:09<13:50,  1.19it/s]                                                 {'loss': 1.4812, 'grad_norm': 4.845935413005702, 'learning_rate': 1.982e-05, 'entropy': 1.305078125, 'num_tokens': 34068.0, 'mean_token_accuracy': 0.6758549928665161, 'epoch': 0.1}
  1%|          | 10/1000 [00:09<13:50,  1.19it/s]  1%|          | 11/1000 [00:10<13:34,  1.21it/s]  1%|          | 12/1000 [00:11<13:42,  1.20it/s]  1%|▏         | 13/1000 [00:12<13:27,  1.22it/s]  1%|▏         | 14/1000 [00:13<13:17,  1.24it/s]  2%|▏         | 15/1000 [00:13<13:07,  1.25it/s]  2%|▏         | 16/1000 [00:14<13:04,  1.25it/s]  2%|▏         | 17/1000 [00:15<12:57,  1.26it/s]  2%|▏         | 18/1000 [00:16<12:47,  1.28it/s]  2%|▏         | 19/1000 [00:17<12:47,  1.28it/s]  2%|▏         | 20/1000 [00:17<13:15,  1.23it/s]                                                 {'loss': 1.0132, 'grad_norm': 3.689224047793416, 'learning_rate': 1.9620000000000002e-05, 'entropy': 0.98203125, 'num_tokens': 66007.0, 'mean_token_accuracy': 0.7413565397262574, 'epoch': 0.2}
  2%|▏         | 20/1000 [00:17<13:15,  1.23it/s]  2%|▏         | 21/1000 [00:18<13:05,  1.25it/s]  2%|▏         | 22/1000 [00:19<12:48,  1.27it/s]  2%|▏         | 23/1000 [00:20<12:47,  1.27it/s]  2%|▏         | 24/1000 [00:21<12:46,  1.27it/s]  2%|▎         | 25/1000 [00:21<12:43,  1.28it/s]  3%|▎         | 26/1000 [00:22<12:43,  1.28it/s]  3%|▎         | 27/1000 [00:23<12:39,  1.28it/s]  3%|▎         | 28/1000 [00:24<12:36,  1.29it/s]  3%|▎         | 29/1000 [00:24<12:23,  1.31it/s]  3%|▎         | 30/1000 [00:25<12:27,  1.30it/s]                                                 {'loss': 1.0458, 'grad_norm': 4.367436655961115, 'learning_rate': 1.942e-05, 'entropy': 0.9890625, 'num_tokens': 98022.0, 'mean_token_accuracy': 0.7362560510635376, 'epoch': 0.3}
  3%|▎         | 30/1000 [00:25<12:27,  1.30it/s]  3%|▎         | 31/1000 [00:26<12:31,  1.29it/s]  3%|▎         | 32/1000 [00:27<12:31,  1.29it/s]  3%|▎         | 33/1000 [00:27<12:29,  1.29it/s]  3%|▎         | 34/1000 [00:28<12:29,  1.29it/s]  4%|▎         | 35/1000 [00:29<12:26,  1.29it/s]  4%|▎         | 36/1000 [00:30<12:24,  1.29it/s]  4%|▎         | 37/1000 [00:31<12:22,  1.30it/s]  4%|▍         | 38/1000 [00:31<12:04,  1.33it/s]  4%|▍         | 39/1000 [00:32<12:11,  1.31it/s]  4%|▍         | 40/1000 [00:33<12:14,  1.31it/s]                                                 {'loss': 1.0973, 'grad_norm': 3.3838904711930287, 'learning_rate': 1.9220000000000002e-05, 'entropy': 1.04375, 'num_tokens': 132660.0, 'mean_token_accuracy': 0.7220212996006012, 'epoch': 0.4}
  4%|▍         | 40/1000 [00:33<12:14,  1.31it/s]  4%|▍         | 41/1000 [00:33<11:42,  1.36it/s]  4%|▍         | 42/1000 [00:34<11:20,  1.41it/s]  4%|▍         | 43/1000 [00:35<11:07,  1.43it/s]  4%|▍         | 44/1000 [00:35<10:58,  1.45it/s]  4%|▍         | 45/1000 [00:36<10:45,  1.48it/s]  5%|▍         | 46/1000 [00:37<10:32,  1.51it/s]  5%|▍         | 47/1000 [00:37<10:20,  1.54it/s]  5%|▍         | 48/1000 [00:38<10:11,  1.56it/s]  5%|▍         | 49/1000 [00:39<09:45,  1.62it/s]  5%|▌         | 50/1000 [00:39<09:06,  1.74it/s]                                                 {'loss': 1.0883, 'grad_norm': 4.112058673925671, 'learning_rate': 1.902e-05, 'entropy': 1.03125, 'num_tokens': 166188.0, 'mean_token_accuracy': 0.725724172592163, 'epoch': 0.5}
  5%|▌         | 50/1000 [00:39<09:06,  1.74it/s]  5%|▌         | 51/1000 [00:40<08:50,  1.79it/s]  5%|▌         | 52/1000 [00:40<08:28,  1.87it/s]  5%|▌         | 53/1000 [00:41<08:26,  1.87it/s]  5%|▌         | 54/1000 [00:41<08:09,  1.93it/s]  6%|▌         | 55/1000 [00:42<08:03,  1.95it/s]  6%|▌         | 56/1000 [00:42<08:00,  1.97it/s]  6%|▌         | 57/1000 [00:43<07:58,  1.97it/s]  6%|▌         | 58/1000 [00:43<08:05,  1.94it/s]  6%|▌         | 59/1000 [00:44<07:59,  1.96it/s]  6%|▌         | 60/1000 [00:44<07:56,  1.97it/s]                                                 {'loss': 1.0592, 'grad_norm': 3.310294924828817, 'learning_rate': 1.882e-05, 'entropy': 1.003125, 'num_tokens': 199528.0, 'mean_token_accuracy': 0.7317237138748169, 'epoch': 0.6}
  6%|▌         | 60/1000 [00:44<07:56,  1.97it/s]  6%|▌         | 61/1000 [00:45<07:55,  1.97it/s]  6%|▌         | 62/1000 [00:45<07:50,  2.00it/s]  6%|▋         | 63/1000 [00:46<07:49,  1.99it/s]  6%|▋         | 64/1000 [00:46<07:45,  2.01it/s]  6%|▋         | 65/1000 [00:47<07:43,  2.02it/s]  7%|▋         | 66/1000 [00:47<07:43,  2.01it/s]  7%|▋         | 67/1000 [00:48<07:46,  2.00it/s]  7%|▋         | 68/1000 [00:48<08:03,  1.93it/s]  7%|▋         | 69/1000 [00:49<07:59,  1.94it/s]  7%|▋         | 70/1000 [00:49<07:57,  1.95it/s]                                                 {'loss': 1.0537, 'grad_norm': 3.10267180115884, 'learning_rate': 1.862e-05, 'entropy': 1.00390625, 'num_tokens': 232373.0, 'mean_token_accuracy': 0.7308386504650116, 'epoch': 0.7}
  7%|▋         | 70/1000 [00:49<07:57,  1.95it/s]  7%|▋         | 71/1000 [00:50<08:27,  1.83it/s]  7%|▋         | 72/1000 [00:50<08:23,  1.84it/s]  7%|▋         | 73/1000 [00:51<08:13,  1.88it/s]  7%|▋         | 74/1000 [00:51<08:12,  1.88it/s]  8%|▊         | 75/1000 [00:52<08:07,  1.90it/s]  8%|▊         | 76/1000 [00:52<08:03,  1.91it/s]  8%|▊         | 77/1000 [00:53<07:51,  1.96it/s]  8%|▊         | 78/1000 [00:53<07:56,  1.94it/s]  8%|▊         | 79/1000 [00:54<07:48,  1.96it/s]  8%|▊         | 80/1000 [00:54<08:03,  1.90it/s]                                                 {'loss': 1.0467, 'grad_norm': 3.2046837718243926, 'learning_rate': 1.8420000000000003e-05, 'entropy': 0.994921875, 'num_tokens': 265204.0, 'mean_token_accuracy': 0.7325726330280304, 'epoch': 0.8}
  8%|▊         | 80/1000 [00:54<08:03,  1.90it/s]  8%|▊         | 81/1000 [00:55<07:57,  1.92it/s]  8%|▊         | 82/1000 [00:55<07:49,  1.96it/s]  8%|▊         | 83/1000 [00:56<07:41,  1.99it/s]  8%|▊         | 84/1000 [00:56<07:36,  2.01it/s]  8%|▊         | 85/1000 [00:57<07:37,  2.00it/s]  9%|▊         | 86/1000 [00:57<07:42,  1.98it/s]  9%|▊         | 87/1000 [00:58<07:36,  2.00it/s]  9%|▉         | 88/1000 [00:58<07:31,  2.02it/s]  9%|▉         | 89/1000 [00:59<07:24,  2.05it/s]  9%|▉         | 90/1000 [00:59<07:28,  2.03it/s]                                                 {'loss': 1.1192, 'grad_norm': 3.00735265359018, 'learning_rate': 1.8220000000000002e-05, 'entropy': 1.072265625, 'num_tokens': 298785.0, 'mean_token_accuracy': 0.718638801574707, 'epoch': 0.9}
  9%|▉         | 90/1000 [00:59<07:28,  2.03it/s]  9%|▉         | 91/1000 [01:00<07:23,  2.05it/s]  9%|▉         | 92/1000 [01:00<07:28,  2.03it/s]  9%|▉         | 93/1000 [01:01<08:09,  1.85it/s]  9%|▉         | 94/1000 [01:02<08:02,  1.88it/s] 10%|▉         | 95/1000 [01:02<07:54,  1.91it/s] 10%|▉         | 96/1000 [01:03<07:51,  1.92it/s] 10%|▉         | 97/1000 [01:03<07:45,  1.94it/s] 10%|▉         | 98/1000 [01:04<07:44,  1.94it/s] 10%|▉         | 99/1000 [01:04<07:34,  1.98it/s] 10%|█         | 100/1000 [01:05<07:38,  1.96it/s]                                                  {'loss': 1.0581, 'grad_norm': 3.0119680142268606, 'learning_rate': 1.802e-05, 'entropy': 1.003515625, 'num_tokens': 332170.0, 'mean_token_accuracy': 0.7357055723667145, 'epoch': 1.0}
 10%|█         | 100/1000 [01:05<07:38,  1.96it/s] 10%|█         | 101/1000 [01:05<07:28,  2.00it/s] 10%|█         | 102/1000 [01:06<07:28,  2.00it/s] 10%|█         | 103/1000 [01:06<07:23,  2.02it/s] 10%|█         | 104/1000 [01:07<07:28,  2.00it/s] 10%|█         | 105/1000 [01:07<07:28,  1.99it/s] 11%|█         | 106/1000 [01:08<07:33,  1.97it/s] 11%|█         | 107/1000 [01:08<07:23,  2.01it/s] 11%|█         | 108/1000 [01:09<07:24,  2.00it/s] 11%|█         | 109/1000 [01:09<07:17,  2.04it/s] 11%|█         | 110/1000 [01:10<07:24,  2.00it/s]                                                  {'loss': 0.5053, 'grad_norm': 4.133608651557644, 'learning_rate': 1.7820000000000002e-05, 'entropy': 0.5228515625, 'num_tokens': 366103.0, 'mean_token_accuracy': 0.8620771825313568, 'epoch': 1.1}
 11%|█         | 110/1000 [01:10<07:24,  2.00it/s] 11%|█         | 111/1000 [01:10<07:27,  1.98it/s] 11%|█         | 112/1000 [01:11<07:32,  1.96it/s] 11%|█▏        | 113/1000 [01:11<07:30,  1.97it/s] 11%|█▏        | 114/1000 [01:12<07:29,  1.97it/s] 12%|█▏        | 115/1000 [01:12<07:27,  1.98it/s] 12%|█▏        | 116/1000 [01:13<07:22,  2.00it/s] 12%|█▏        | 117/1000 [01:13<07:29,  1.96it/s] 12%|█▏        | 118/1000 [01:14<07:32,  1.95it/s] 12%|█▏        | 119/1000 [01:14<07:21,  2.00it/s] 12%|█▏        | 120/1000 [01:15<07:17,  2.01it/s]                                                  {'loss': 0.4594, 'grad_norm': 3.005609671848011, 'learning_rate': 1.762e-05, 'entropy': 0.4716796875, 'num_tokens': 399611.0, 'mean_token_accuracy': 0.8692103147506713, 'epoch': 1.2}
 12%|█▏        | 120/1000 [01:15<07:17,  2.01it/s] 12%|█▏        | 121/1000 [01:15<07:19,  2.00it/s] 12%|█▏        | 122/1000 [01:16<07:20,  1.99it/s] 12%|█▏        | 123/1000 [01:16<07:20,  1.99it/s] 12%|█▏        | 124/1000 [01:17<07:12,  2.02it/s] 12%|█▎        | 125/1000 [01:17<07:10,  2.03it/s] 13%|█▎        | 126/1000 [01:18<07:06,  2.05it/s] 13%|█▎        | 127/1000 [01:18<07:12,  2.02it/s] 13%|█▎        | 128/1000 [01:19<07:16,  2.00it/s] 13%|█▎        | 129/1000 [01:19<07:13,  2.01it/s] 13%|█▎        | 130/1000 [01:20<07:20,  1.97it/s]                                                  {'loss': 0.4619, 'grad_norm': 2.664688664370187, 'learning_rate': 1.7420000000000003e-05, 'entropy': 0.4515625, 'num_tokens': 433049.0, 'mean_token_accuracy': 0.8697844028472901, 'epoch': 1.3}
 13%|█▎        | 130/1000 [01:20<07:20,  1.97it/s] 13%|█▎        | 131/1000 [01:20<07:14,  2.00it/s] 13%|█▎        | 132/1000 [01:21<07:28,  1.93it/s] 13%|█▎        | 133/1000 [01:21<07:27,  1.94it/s] 13%|█▎        | 134/1000 [01:22<07:27,  1.94it/s] 14%|█▎        | 135/1000 [01:22<07:45,  1.86it/s] 14%|█▎        | 136/1000 [01:23<08:15,  1.74it/s] 14%|█▎        | 137/1000 [01:23<07:59,  1.80it/s] 14%|█▍        | 138/1000 [01:24<07:45,  1.85it/s] 14%|█▍        | 139/1000 [01:24<07:37,  1.88it/s] 14%|█▍        | 140/1000 [01:25<07:25,  1.93it/s]                                                  {'loss': 0.4735, 'grad_norm': 2.850257101530977, 'learning_rate': 1.722e-05, 'entropy': 0.4796875, 'num_tokens': 464570.0, 'mean_token_accuracy': 0.8675970137119293, 'epoch': 1.4}
 14%|█▍        | 140/1000 [01:25<07:25,  1.93it/s] 14%|█▍        | 141/1000 [01:25<07:25,  1.93it/s] 14%|█▍        | 142/1000 [01:26<07:18,  1.96it/s] 14%|█▍        | 143/1000 [01:26<07:08,  2.00it/s] 14%|█▍        | 144/1000 [01:27<07:01,  2.03it/s] 14%|█▍        | 145/1000 [01:27<07:00,  2.03it/s] 15%|█▍        | 146/1000 [01:28<07:06,  2.00it/s] 15%|█▍        | 147/1000 [01:28<07:06,  2.00it/s] 15%|█▍        | 148/1000 [01:29<07:21,  1.93it/s] 15%|█▍        | 149/1000 [01:29<07:10,  1.98it/s] 15%|█▌        | 150/1000 [01:30<07:01,  2.01it/s]                                                  {'loss': 0.512, 'grad_norm': 3.460977620869124, 'learning_rate': 1.702e-05, 'entropy': 0.48515625, 'num_tokens': 498908.0, 'mean_token_accuracy': 0.8576465606689453, 'epoch': 1.5}
 15%|█▌        | 150/1000 [01:30<07:01,  2.01it/s] 15%|█▌        | 151/1000 [01:30<07:05,  2.00it/s] 15%|█▌        | 152/1000 [01:31<07:09,  1.98it/s] 15%|█▌        | 153/1000 [01:31<07:05,  1.99it/s] 15%|█▌        | 154/1000 [01:32<07:10,  1.97it/s] 16%|█▌        | 155/1000 [01:32<07:11,  1.96it/s] 16%|█▌        | 156/1000 [01:33<07:09,  1.96it/s] 16%|█▌        | 157/1000 [01:33<07:04,  1.99it/s] 16%|█▌        | 158/1000 [01:34<07:09,  1.96it/s] 16%|█▌        | 159/1000 [01:34<07:07,  1.97it/s] 16%|█▌        | 160/1000 [01:35<06:59,  2.00it/s]                                                  {'loss': 0.494, 'grad_norm': 2.811266435414524, 'learning_rate': 1.682e-05, 'entropy': 0.5228515625, 'num_tokens': 531914.0, 'mean_token_accuracy': 0.8630344688892364, 'epoch': 1.6}
 16%|█▌        | 160/1000 [01:35<06:59,  2.00it/s] 16%|█▌        | 161/1000 [01:36<07:09,  1.96it/s] 16%|█▌        | 162/1000 [01:36<07:02,  1.98it/s] 16%|█▋        | 163/1000 [01:37<07:05,  1.97it/s] 16%|█▋        | 164/1000 [01:37<07:01,  1.98it/s] 16%|█▋        | 165/1000 [01:37<06:57,  2.00it/s] 17%|█▋        | 166/1000 [01:38<06:59,  1.99it/s] 17%|█▋        | 167/1000 [01:38<06:52,  2.02it/s] 17%|█▋        | 168/1000 [01:39<06:35,  2.10it/s] 17%|█▋        | 169/1000 [01:39<06:41,  2.07it/s] 17%|█▋        | 170/1000 [01:40<06:40,  2.07it/s]                                                  {'loss': 0.4798, 'grad_norm': 3.0771653865174846, 'learning_rate': 1.662e-05, 'entropy': 0.4505859375, 'num_tokens': 564962.0, 'mean_token_accuracy': 0.8648664593696594, 'epoch': 1.7}
 17%|█▋        | 170/1000 [01:40<06:40,  2.07it/s] 17%|█▋        | 171/1000 [01:40<06:51,  2.01it/s] 17%|█▋        | 172/1000 [01:41<06:35,  2.09it/s] 17%|█▋        | 173/1000 [01:41<06:47,  2.03it/s] 17%|█▋        | 174/1000 [01:42<06:55,  1.99it/s] 18%|█▊        | 175/1000 [01:42<06:54,  1.99it/s] 18%|█▊        | 176/1000 [01:43<06:54,  1.99it/s] 18%|█▊        | 177/1000 [01:43<06:51,  2.00it/s] 18%|█▊        | 178/1000 [01:44<06:54,  1.98it/s] 18%|█▊        | 179/1000 [01:44<06:52,  1.99it/s] 18%|█▊        | 180/1000 [01:45<06:47,  2.01it/s]                                                  {'loss': 0.4839, 'grad_norm': 2.4382184058140517, 'learning_rate': 1.6420000000000002e-05, 'entropy': 0.5001953125, 'num_tokens': 598829.0, 'mean_token_accuracy': 0.8620622217655182, 'epoch': 1.8}
 18%|█▊        | 180/1000 [01:45<06:47,  2.01it/s] 18%|█▊        | 181/1000 [01:45<06:52,  1.99it/s] 18%|█▊        | 182/1000 [01:46<06:45,  2.02it/s] 18%|█▊        | 183/1000 [01:46<06:48,  2.00it/s] 18%|█▊        | 184/1000 [01:47<06:43,  2.02it/s] 18%|█▊        | 185/1000 [01:47<06:45,  2.01it/s] 19%|█▊        | 186/1000 [01:48<06:38,  2.04it/s] 19%|█▊        | 187/1000 [01:48<06:54,  1.96it/s] 19%|█▉        | 188/1000 [01:49<06:52,  1.97it/s] 19%|█▉        | 189/1000 [01:49<06:45,  2.00it/s] 19%|█▉        | 190/1000 [01:50<06:44,  2.00it/s]                                                  {'loss': 0.4718, 'grad_norm': 2.4884898165406404, 'learning_rate': 1.6220000000000004e-05, 'entropy': 0.4763671875, 'num_tokens': 631448.0, 'mean_token_accuracy': 0.8644927442073822, 'epoch': 1.9}
 19%|█▉        | 190/1000 [01:50<06:44,  2.00it/s] 19%|█▉        | 191/1000 [01:50<06:47,  1.98it/s] 19%|█▉        | 192/1000 [01:51<06:41,  2.01it/s] 19%|█▉        | 193/1000 [01:51<06:43,  2.00it/s] 19%|█▉        | 194/1000 [01:52<06:38,  2.02it/s] 20%|█▉        | 195/1000 [01:52<06:39,  2.01it/s] 20%|█▉        | 196/1000 [01:53<06:35,  2.03it/s] 20%|█▉        | 197/1000 [01:53<06:30,  2.06it/s] 20%|█▉        | 198/1000 [01:54<06:26,  2.08it/s] 20%|█▉        | 199/1000 [01:54<06:29,  2.06it/s] 20%|██        | 200/1000 [01:55<06:58,  1.91it/s]                                                  {'loss': 0.475, 'grad_norm': 2.4881467676177333, 'learning_rate': 1.6020000000000002e-05, 'entropy': 0.4697265625, 'num_tokens': 664340.0, 'mean_token_accuracy': 0.8641860067844391, 'epoch': 2.0}
 20%|██        | 200/1000 [01:55<06:58,  1.91it/s] 20%|██        | 201/1000 [01:55<06:48,  1.95it/s] 20%|██        | 202/1000 [01:56<06:41,  1.99it/s] 20%|██        | 203/1000 [01:56<06:40,  1.99it/s] 20%|██        | 204/1000 [01:57<06:46,  1.96it/s] 20%|██        | 205/1000 [01:57<06:47,  1.95it/s] 21%|██        | 206/1000 [01:58<06:43,  1.97it/s] 21%|██        | 207/1000 [01:58<06:39,  1.98it/s] 21%|██        | 208/1000 [01:59<06:32,  2.02it/s] 21%|██        | 209/1000 [01:59<06:35,  2.00it/s] 21%|██        | 210/1000 [02:00<06:19,  2.08it/s]                                                  {'loss': 0.2371, 'grad_norm': 2.3568230131360592, 'learning_rate': 1.582e-05, 'entropy': 0.25341796875, 'num_tokens': 699709.0, 'mean_token_accuracy': 0.9377620816230774, 'epoch': 2.1}
 21%|██        | 210/1000 [02:00<06:19,  2.08it/s] 21%|██        | 211/1000 [02:00<06:25,  2.04it/s] 21%|██        | 212/1000 [02:01<06:21,  2.06it/s] 21%|██▏       | 213/1000 [02:01<06:37,  1.98it/s] 21%|██▏       | 214/1000 [02:02<06:37,  1.98it/s] 22%|██▏       | 215/1000 [02:02<06:30,  2.01it/s] 22%|██▏       | 216/1000 [02:03<06:29,  2.01it/s] 22%|██▏       | 217/1000 [02:03<06:18,  2.07it/s] 22%|██▏       | 218/1000 [02:04<06:15,  2.08it/s] 22%|██▏       | 219/1000 [02:04<06:21,  2.05it/s] 22%|██▏       | 220/1000 [02:05<06:20,  2.05it/s]                                                  {'loss': 0.2498, 'grad_norm': 1.757515976985441, 'learning_rate': 1.5620000000000003e-05, 'entropy': 0.257421875, 'num_tokens': 730609.0, 'mean_token_accuracy': 0.9327511310577392, 'epoch': 2.2}
 22%|██▏       | 220/1000 [02:05<06:20,  2.05it/s] 22%|██▏       | 221/1000 [02:05<06:21,  2.04it/s] 22%|██▏       | 222/1000 [02:06<06:19,  2.05it/s] 22%|██▏       | 223/1000 [02:06<06:24,  2.02it/s] 22%|██▏       | 224/1000 [02:07<06:18,  2.05it/s] 22%|██▎       | 225/1000 [02:07<06:22,  2.03it/s] 23%|██▎       | 226/1000 [02:08<06:51,  1.88it/s] 23%|██▎       | 227/1000 [02:08<06:32,  1.97it/s] 23%|██▎       | 228/1000 [02:09<06:24,  2.01it/s] 23%|██▎       | 229/1000 [02:09<06:32,  1.97it/s] 23%|██▎       | 230/1000 [02:10<06:24,  2.00it/s]                                                  {'loss': 0.253, 'grad_norm': 2.4110447958860166, 'learning_rate': 1.542e-05, 'entropy': 0.244921875, 'num_tokens': 763891.0, 'mean_token_accuracy': 0.9336197853088379, 'epoch': 2.3}
 23%|██▎       | 230/1000 [02:10<06:24,  2.00it/s] 23%|██▎       | 231/1000 [02:10<06:21,  2.01it/s] 23%|██▎       | 232/1000 [02:11<06:22,  2.01it/s] 23%|██▎       | 233/1000 [02:11<06:23,  2.00it/s] 23%|██▎       | 234/1000 [02:12<06:17,  2.03it/s] 24%|██▎       | 235/1000 [02:12<06:20,  2.01it/s] 24%|██▎       | 236/1000 [02:13<06:22,  2.00it/s] 24%|██▎       | 237/1000 [02:13<06:22,  2.00it/s] 24%|██▍       | 238/1000 [02:14<06:20,  2.00it/s] 24%|██▍       | 239/1000 [02:14<06:43,  1.89it/s] 24%|██▍       | 240/1000 [02:15<06:33,  1.93it/s]                                                  {'loss': 0.2467, 'grad_norm': 2.201884930873117, 'learning_rate': 1.5220000000000002e-05, 'entropy': 0.262890625, 'num_tokens': 796694.0, 'mean_token_accuracy': 0.9314583957195282, 'epoch': 2.4}
 24%|██▍       | 240/1000 [02:15<06:33,  1.93it/s] 24%|██▍       | 241/1000 [02:15<06:34,  1.93it/s] 24%|██▍       | 242/1000 [02:16<06:31,  1.93it/s] 24%|██▍       | 243/1000 [02:16<06:24,  1.97it/s] 24%|██▍       | 244/1000 [02:17<06:18,  2.00it/s] 24%|██▍       | 245/1000 [02:17<06:19,  1.99it/s] 25%|██▍       | 246/1000 [02:18<06:20,  1.98it/s] 25%|██▍       | 247/1000 [02:18<06:24,  1.96it/s] 25%|██▍       | 248/1000 [02:19<06:17,  1.99it/s] 25%|██▍       | 249/1000 [02:20<06:40,  1.87it/s] 25%|██▌       | 250/1000 [02:20<06:26,  1.94it/s]                                                  {'loss': 0.2572, 'grad_norm': 2.6102336768894827, 'learning_rate': 1.5020000000000002e-05, 'entropy': 0.25205078125, 'num_tokens': 830324.0, 'mean_token_accuracy': 0.9313257336616516, 'epoch': 2.5}
 25%|██▌       | 250/1000 [02:20<06:26,  1.94it/s] 25%|██▌       | 251/1000 [02:20<06:21,  1.96it/s] 25%|██▌       | 252/1000 [02:21<06:18,  1.98it/s] 25%|██▌       | 253/1000 [02:21<06:11,  2.01it/s] 25%|██▌       | 254/1000 [02:22<06:12,  2.01it/s] 26%|██▌       | 255/1000 [02:22<06:09,  2.02it/s] 26%|██▌       | 256/1000 [02:23<06:10,  2.01it/s] 26%|██▌       | 257/1000 [02:23<06:07,  2.02it/s] 26%|██▌       | 258/1000 [02:24<06:02,  2.05it/s] 26%|██▌       | 259/1000 [02:24<06:04,  2.03it/s] 26%|██▌       | 260/1000 [02:25<05:50,  2.11it/s]                                                  {'loss': 0.2645, 'grad_norm': 2.032678521848994, 'learning_rate': 1.482e-05, 'entropy': 0.271875, 'num_tokens': 865002.0, 'mean_token_accuracy': 0.9282249331474304, 'epoch': 2.6}
 26%|██▌       | 260/1000 [02:25<05:50,  2.11it/s] 26%|██▌       | 261/1000 [02:25<05:53,  2.09it/s] 26%|██▌       | 262/1000 [02:26<05:52,  2.09it/s] 26%|██▋       | 263/1000 [02:26<05:55,  2.08it/s] 26%|██▋       | 264/1000 [02:27<05:53,  2.08it/s] 26%|██▋       | 265/1000 [02:27<06:19,  1.93it/s] 27%|██▋       | 266/1000 [02:28<06:11,  1.98it/s] 27%|██▋       | 267/1000 [02:28<06:10,  1.98it/s] 27%|██▋       | 268/1000 [02:29<06:04,  2.01it/s] 27%|██▋       | 269/1000 [02:29<05:58,  2.04it/s] 27%|██▋       | 270/1000 [02:30<06:00,  2.02it/s]                                                  {'loss': 0.2812, 'grad_norm': 2.334785198767507, 'learning_rate': 1.462e-05, 'entropy': 0.28876953125, 'num_tokens': 897186.0, 'mean_token_accuracy': 0.9269765794277192, 'epoch': 2.7}
 27%|██▋       | 270/1000 [02:30<06:00,  2.02it/s] 27%|██▋       | 271/1000 [02:30<05:59,  2.03it/s] 27%|██▋       | 272/1000 [02:31<05:56,  2.04it/s] 27%|██▋       | 273/1000 [02:31<05:43,  2.11it/s] 27%|██▋       | 274/1000 [02:32<05:35,  2.17it/s] 28%|██▊       | 275/1000 [02:32<05:37,  2.15it/s] 28%|██▊       | 276/1000 [02:33<05:40,  2.13it/s] 28%|██▊       | 277/1000 [02:33<05:47,  2.08it/s] 28%|██▊       | 278/1000 [02:34<06:14,  1.93it/s] 28%|██▊       | 279/1000 [02:34<06:13,  1.93it/s] 28%|██▊       | 280/1000 [02:35<06:04,  1.98it/s]                                                  {'loss': 0.2597, 'grad_norm': 2.1629714492479613, 'learning_rate': 1.4420000000000001e-05, 'entropy': 0.266796875, 'num_tokens': 930327.0, 'mean_token_accuracy': 0.9307474076747895, 'epoch': 2.8}
 28%|██▊       | 280/1000 [02:35<06:04,  1.98it/s] 28%|██▊       | 281/1000 [02:35<06:05,  1.97it/s] 28%|██▊       | 282/1000 [02:36<06:30,  1.84it/s] 28%|██▊       | 283/1000 [02:37<06:49,  1.75it/s] 28%|██▊       | 284/1000 [02:37<07:26,  1.60it/s] 28%|██▊       | 285/1000 [02:38<07:26,  1.60it/s] 29%|██▊       | 286/1000 [02:39<07:45,  1.53it/s] 29%|██▊       | 287/1000 [02:39<07:29,  1.59it/s] 29%|██▉       | 288/1000 [02:40<07:11,  1.65it/s] 29%|██▉       | 289/1000 [02:40<07:27,  1.59it/s] 29%|██▉       | 290/1000 [02:41<07:12,  1.64it/s]                                                  {'loss': 0.2554, 'grad_norm': 2.427752478097607, 'learning_rate': 1.4220000000000001e-05, 'entropy': 0.25634765625, 'num_tokens': 964165.0, 'mean_token_accuracy': 0.9294764876365662, 'epoch': 2.9}
 29%|██▉       | 290/1000 [02:41<07:12,  1.64it/s] 29%|██▉       | 291/1000 [02:42<07:10,  1.65it/s] 29%|██▉       | 292/1000 [02:42<07:01,  1.68it/s] 29%|██▉       | 293/1000 [02:43<06:48,  1.73it/s] 29%|██▉       | 294/1000 [02:43<06:53,  1.71it/s] 30%|██▉       | 295/1000 [02:44<07:03,  1.67it/s] 30%|██▉       | 296/1000 [02:44<06:53,  1.70it/s] 30%|██▉       | 297/1000 [02:45<06:45,  1.73it/s] 30%|██▉       | 298/1000 [02:46<06:35,  1.78it/s] 30%|██▉       | 299/1000 [02:46<06:40,  1.75it/s] 30%|███       | 300/1000 [02:47<07:02,  1.66it/s]                                                  {'loss': 0.2823, 'grad_norm': 2.2271601498635625, 'learning_rate': 1.402e-05, 'entropy': 0.2876953125, 'num_tokens': 996510.0, 'mean_token_accuracy': 0.9244207680225373, 'epoch': 3.0}
 30%|███       | 300/1000 [02:47<07:02,  1.66it/s] 30%|███       | 301/1000 [02:47<07:02,  1.65it/s] 30%|███       | 302/1000 [02:48<06:46,  1.72it/s] 30%|███       | 303/1000 [02:49<06:36,  1.76it/s] 30%|███       | 304/1000 [02:49<06:40,  1.74it/s] 30%|███       | 305/1000 [02:50<06:35,  1.76it/s] 31%|███       | 306/1000 [02:50<06:40,  1.73it/s] 31%|███       | 307/1000 [02:51<06:29,  1.78it/s] 31%|███       | 308/1000 [02:51<06:28,  1.78it/s] 31%|███       | 309/1000 [02:52<06:33,  1.76it/s] 31%|███       | 310/1000 [02:52<06:26,  1.79it/s]                                                  {'loss': 0.1696, 'grad_norm': 1.7665247754127302, 'learning_rate': 1.382e-05, 'entropy': 0.1728515625, 'num_tokens': 1029296.0, 'mean_token_accuracy': 0.958042323589325, 'epoch': 3.1}
 31%|███       | 310/1000 [02:52<06:26,  1.79it/s] 31%|███       | 311/1000 [02:53<06:23,  1.80it/s] 31%|███       | 312/1000 [02:54<06:21,  1.80it/s] 31%|███▏      | 313/1000 [02:54<06:35,  1.74it/s] 31%|███▏      | 314/1000 [02:55<06:36,  1.73it/s] 32%|███▏      | 315/1000 [02:55<06:27,  1.77it/s] 32%|███▏      | 316/1000 [02:56<06:33,  1.74it/s] 32%|███▏      | 317/1000 [02:56<06:31,  1.74it/s] 32%|███▏      | 318/1000 [02:57<06:34,  1.73it/s] 32%|███▏      | 319/1000 [02:58<06:23,  1.78it/s] 32%|███▏      | 320/1000 [02:58<06:20,  1.79it/s]                                                  {'loss': 0.1881, 'grad_norm': 1.6309357004474656, 'learning_rate': 1.3620000000000002e-05, 'entropy': 0.18046875, 'num_tokens': 1062273.0, 'mean_token_accuracy': 0.950793343782425, 'epoch': 3.2}
 32%|███▏      | 320/1000 [02:58<06:20,  1.79it/s] 32%|███▏      | 321/1000 [02:59<06:13,  1.82it/s] 32%|███▏      | 322/1000 [02:59<06:13,  1.81it/s] 32%|███▏      | 323/1000 [03:00<06:39,  1.70it/s] 32%|███▏      | 324/1000 [03:00<06:38,  1.70it/s] 32%|███▎      | 325/1000 [03:01<06:36,  1.70it/s] 33%|███▎      | 326/1000 [03:02<06:53,  1.63it/s] 33%|███▎      | 327/1000 [03:02<06:35,  1.70it/s] 33%|███▎      | 328/1000 [03:03<06:35,  1.70it/s] 33%|███▎      | 329/1000 [03:03<06:33,  1.71it/s] 33%|███▎      | 330/1000 [03:04<06:33,  1.70it/s]                                                  {'loss': 0.1645, 'grad_norm': 1.779206424039073, 'learning_rate': 1.3420000000000002e-05, 'entropy': 0.1822265625, 'num_tokens': 1096147.0, 'mean_token_accuracy': 0.9577986001968384, 'epoch': 3.3}
 33%|███▎      | 330/1000 [03:04<06:33,  1.70it/s] 33%|███▎      | 331/1000 [03:05<06:33,  1.70it/s] 33%|███▎      | 332/1000 [03:05<06:26,  1.73it/s] 33%|███▎      | 333/1000 [03:06<06:33,  1.70it/s] 33%|███▎      | 334/1000 [03:06<06:39,  1.67it/s] 34%|███▎      | 335/1000 [03:07<06:29,  1.71it/s] 34%|███▎      | 336/1000 [03:08<06:29,  1.71it/s] 34%|███▎      | 337/1000 [03:08<06:31,  1.69it/s] 34%|███▍      | 338/1000 [03:09<06:30,  1.70it/s] 34%|███▍      | 339/1000 [03:09<06:33,  1.68it/s] 34%|███▍      | 340/1000 [03:10<06:24,  1.72it/s]                                                  {'loss': 0.1769, 'grad_norm': 1.6369914000226105, 'learning_rate': 1.3220000000000002e-05, 'entropy': 0.17333984375, 'num_tokens': 1130570.0, 'mean_token_accuracy': 0.9544408202171326, 'epoch': 3.4}
 34%|███▍      | 340/1000 [03:10<06:24,  1.72it/s] 34%|███▍      | 341/1000 [03:10<06:23,  1.72it/s] 34%|███▍      | 342/1000 [03:11<06:17,  1.74it/s] 34%|███▍      | 343/1000 [03:12<06:15,  1.75it/s] 34%|███▍      | 344/1000 [03:12<06:24,  1.71it/s] 34%|███▍      | 345/1000 [03:13<06:34,  1.66it/s] 35%|███▍      | 346/1000 [03:13<06:33,  1.66it/s] 35%|███▍      | 347/1000 [03:14<06:19,  1.72it/s] 35%|███▍      | 348/1000 [03:15<06:16,  1.73it/s] 35%|███▍      | 349/1000 [03:15<06:19,  1.72it/s] 35%|███▌      | 350/1000 [03:16<06:19,  1.71it/s]                                                  {'loss': 0.1843, 'grad_norm': 1.948186223153838, 'learning_rate': 1.302e-05, 'entropy': 0.19189453125, 'num_tokens': 1162614.0, 'mean_token_accuracy': 0.9518612086772918, 'epoch': 3.5}
 35%|███▌      | 350/1000 [03:16<06:19,  1.71it/s] 35%|███▌      | 351/1000 [03:16<06:22,  1.70it/s] 35%|███▌      | 352/1000 [03:17<06:18,  1.71it/s] 35%|███▌      | 353/1000 [03:17<06:13,  1.73it/s] 35%|███▌      | 354/1000 [03:18<06:04,  1.77it/s] 36%|███▌      | 355/1000 [03:19<06:09,  1.75it/s] 36%|███▌      | 356/1000 [03:19<06:30,  1.65it/s] 36%|███▌      | 357/1000 [03:20<06:27,  1.66it/s] 36%|███▌      | 358/1000 [03:20<06:19,  1.69it/s] 36%|███▌      | 359/1000 [03:21<06:06,  1.75it/s] 36%|███▌      | 360/1000 [03:22<06:03,  1.76it/s]                                                  {'loss': 0.1712, 'grad_norm': 1.4992966040775944, 'learning_rate': 1.2820000000000001e-05, 'entropy': 0.1796875, 'num_tokens': 1196787.0, 'mean_token_accuracy': 0.9549946129322052, 'epoch': 3.6}
 36%|███▌      | 360/1000 [03:22<06:03,  1.76it/s] 36%|███▌      | 361/1000 [03:22<06:01,  1.77it/s] 36%|███▌      | 362/1000 [03:23<06:03,  1.75it/s] 36%|███▋      | 363/1000 [03:23<05:59,  1.77it/s] 36%|███▋      | 364/1000 [03:24<05:57,  1.78it/s] 36%|███▋      | 365/1000 [03:24<06:01,  1.75it/s] 37%|███▋      | 366/1000 [03:25<05:53,  1.79it/s] 37%|███▋      | 367/1000 [03:26<05:59,  1.76it/s] 37%|███▋      | 368/1000 [03:26<06:02,  1.74it/s] 37%|███▋      | 369/1000 [03:27<05:52,  1.79it/s] 37%|███▋      | 370/1000 [03:27<06:03,  1.73it/s]                                                  {'loss': 0.1743, 'grad_norm': 1.8436562815229036, 'learning_rate': 1.2620000000000001e-05, 'entropy': 0.17490234375, 'num_tokens': 1229448.0, 'mean_token_accuracy': 0.9552267491817474, 'epoch': 3.7}
 37%|███▋      | 370/1000 [03:27<06:03,  1.73it/s] 37%|███▋      | 371/1000 [03:28<05:56,  1.76it/s] 37%|███▋      | 372/1000 [03:28<06:07,  1.71it/s] 37%|███▋      | 373/1000 [03:29<06:05,  1.71it/s] 37%|███▋      | 374/1000 [03:30<05:57,  1.75it/s] 38%|███▊      | 375/1000 [03:30<06:05,  1.71it/s] 38%|███▊      | 376/1000 [03:31<06:11,  1.68it/s] 38%|███▊      | 377/1000 [03:31<06:10,  1.68it/s] 38%|███▊      | 378/1000 [03:32<05:57,  1.74it/s] 38%|███▊      | 379/1000 [03:32<05:59,  1.73it/s] 38%|███▊      | 380/1000 [03:33<05:54,  1.75it/s]                                                  {'loss': 0.1709, 'grad_norm': 1.5475303346758364, 'learning_rate': 1.2420000000000001e-05, 'entropy': 0.1755859375, 'num_tokens': 1264880.0, 'mean_token_accuracy': 0.9550977349281311, 'epoch': 3.8}
 38%|███▊      | 380/1000 [03:33<05:54,  1.75it/s] 38%|███▊      | 381/1000 [03:34<05:51,  1.76it/s] 38%|███▊      | 382/1000 [03:34<05:44,  1.79it/s] 38%|███▊      | 383/1000 [03:35<05:49,  1.77it/s] 38%|███▊      | 384/1000 [03:35<05:54,  1.74it/s] 38%|███▊      | 385/1000 [03:36<05:51,  1.75it/s] 39%|███▊      | 386/1000 [03:36<05:54,  1.73it/s] 39%|███▊      | 387/1000 [03:37<05:56,  1.72it/s] 39%|███▉      | 388/1000 [03:38<05:46,  1.77it/s] 39%|███▉      | 389/1000 [03:38<05:39,  1.80it/s] 39%|███▉      | 390/1000 [03:39<05:50,  1.74it/s]                                                  {'loss': 0.1751, 'grad_norm': 1.4096419137115912, 'learning_rate': 1.2220000000000002e-05, 'entropy': 0.18359375, 'num_tokens': 1296914.0, 'mean_token_accuracy': 0.9542247831821442, 'epoch': 3.9}
 39%|███▉      | 390/1000 [03:39<05:50,  1.74it/s] 39%|███▉      | 391/1000 [03:39<05:53,  1.72it/s] 39%|███▉      | 392/1000 [03:40<05:54,  1.72it/s] 39%|███▉      | 393/1000 [03:41<05:57,  1.70it/s] 39%|███▉      | 394/1000 [03:41<05:46,  1.75it/s] 40%|███▉      | 395/1000 [03:42<06:27,  1.56it/s] 40%|███▉      | 396/1000 [03:42<06:17,  1.60it/s] 40%|███▉      | 397/1000 [03:43<06:35,  1.52it/s] 40%|███▉      | 398/1000 [03:44<06:20,  1.58it/s] 40%|███▉      | 399/1000 [03:44<06:17,  1.59it/s] 40%|████      | 400/1000 [03:45<06:01,  1.66it/s]                                                  {'loss': 0.1779, 'grad_norm': 1.763276513709163, 'learning_rate': 1.202e-05, 'entropy': 0.18818359375, 'num_tokens': 1328680.0, 'mean_token_accuracy': 0.9535447955131531, 'epoch': 4.0}
 40%|████      | 400/1000 [03:45<06:01,  1.66it/s] 40%|████      | 401/1000 [03:45<05:56,  1.68it/s] 40%|████      | 402/1000 [03:46<05:47,  1.72it/s] 40%|████      | 403/1000 [03:47<05:48,  1.71it/s] 40%|████      | 404/1000 [03:47<05:46,  1.72it/s] 40%|████      | 405/1000 [03:48<05:48,  1.71it/s] 41%|████      | 406/1000 [03:48<05:49,  1.70it/s] 41%|████      | 407/1000 [03:49<05:42,  1.73it/s] 41%|████      | 408/1000 [03:50<05:38,  1.75it/s] 41%|████      | 409/1000 [03:50<05:41,  1.73it/s] 41%|████      | 410/1000 [03:51<05:31,  1.78it/s]                                                  {'loss': 0.1295, 'grad_norm': 0.939411426456907, 'learning_rate': 1.182e-05, 'entropy': 0.137939453125, 'num_tokens': 1363054.0, 'mean_token_accuracy': 0.9667140901088714, 'epoch': 4.1}
 41%|████      | 410/1000 [03:51<05:31,  1.78it/s] 41%|████      | 411/1000 [03:51<05:25,  1.81it/s] 41%|████      | 412/1000 [03:52<05:38,  1.74it/s] 41%|████▏     | 413/1000 [03:52<05:46,  1.69it/s] 41%|████▏     | 414/1000 [03:53<05:37,  1.73it/s] 42%|████▏     | 415/1000 [03:54<05:40,  1.72it/s] 42%|████▏     | 416/1000 [03:54<05:34,  1.75it/s] 42%|████▏     | 417/1000 [03:55<05:30,  1.77it/s] 42%|████▏     | 418/1000 [03:55<05:28,  1.77it/s] 42%|████▏     | 419/1000 [03:56<05:31,  1.75it/s] 42%|████▏     | 420/1000 [03:56<05:28,  1.77it/s]                                                  {'loss': 0.1321, 'grad_norm': 1.4718682454909204, 'learning_rate': 1.162e-05, 'entropy': 0.130224609375, 'num_tokens': 1396341.0, 'mean_token_accuracy': 0.9661998391151428, 'epoch': 4.2}
 42%|████▏     | 420/1000 [03:56<05:28,  1.77it/s] 42%|████▏     | 421/1000 [03:57<05:26,  1.78it/s] 42%|████▏     | 422/1000 [03:58<05:46,  1.67it/s] 42%|████▏     | 423/1000 [03:58<05:48,  1.66it/s] 42%|████▏     | 424/1000 [03:59<05:44,  1.67it/s] 42%|████▎     | 425/1000 [03:59<05:40,  1.69it/s] 43%|████▎     | 426/1000 [04:00<05:33,  1.72it/s] 43%|████▎     | 427/1000 [04:00<05:32,  1.72it/s] 43%|████▎     | 428/1000 [04:01<05:27,  1.75it/s] 43%|████▎     | 429/1000 [04:02<05:24,  1.76it/s] 43%|████▎     | 430/1000 [04:02<05:28,  1.73it/s]                                                  {'loss': 0.1321, 'grad_norm': 1.1788997305719966, 'learning_rate': 1.142e-05, 'entropy': 0.1435546875, 'num_tokens': 1430481.0, 'mean_token_accuracy': 0.9661560893058777, 'epoch': 4.3}
 43%|████▎     | 430/1000 [04:02<05:28,  1.73it/s] 43%|████▎     | 431/1000 [04:03<05:20,  1.78it/s] 43%|████▎     | 432/1000 [04:03<05:23,  1.75it/s] 43%|████▎     | 433/1000 [04:04<05:21,  1.77it/s] 43%|████▎     | 434/1000 [04:04<05:25,  1.74it/s] 44%|████▎     | 435/1000 [04:05<05:26,  1.73it/s] 44%|████▎     | 436/1000 [04:06<05:21,  1.75it/s] 44%|████▎     | 437/1000 [04:06<05:14,  1.79it/s] 44%|████▍     | 438/1000 [04:07<05:18,  1.76it/s] 44%|████▍     | 439/1000 [04:07<05:12,  1.79it/s] 44%|████▍     | 440/1000 [04:08<05:12,  1.79it/s]                                                  {'loss': 0.1288, 'grad_norm': 1.1876702189664678, 'learning_rate': 1.1220000000000003e-05, 'entropy': 0.134814453125, 'num_tokens': 1464218.0, 'mean_token_accuracy': 0.9661070048809052, 'epoch': 4.4}
 44%|████▍     | 440/1000 [04:08<05:12,  1.79it/s] 44%|████▍     | 441/1000 [04:08<05:11,  1.80it/s] 44%|████▍     | 442/1000 [04:09<05:16,  1.76it/s] 44%|████▍     | 443/1000 [04:10<05:20,  1.74it/s] 44%|████▍     | 444/1000 [04:10<05:12,  1.78it/s] 44%|████▍     | 445/1000 [04:11<05:06,  1.81it/s] 45%|████▍     | 446/1000 [04:11<05:28,  1.69it/s] 45%|████▍     | 447/1000 [04:12<05:17,  1.74it/s] 45%|████▍     | 448/1000 [04:12<05:14,  1.76it/s] 45%|████▍     | 449/1000 [04:13<05:12,  1.77it/s] 45%|████▌     | 450/1000 [04:14<05:15,  1.74it/s]                                                  {'loss': 0.1381, 'grad_norm': 1.0703072691118494, 'learning_rate': 1.1020000000000001e-05, 'entropy': 0.14091796875, 'num_tokens': 1497011.0, 'mean_token_accuracy': 0.9643072366714478, 'epoch': 4.5}
 45%|████▌     | 450/1000 [04:14<05:15,  1.74it/s] 45%|████▌     | 451/1000 [04:14<05:18,  1.73it/s] 45%|████▌     | 452/1000 [04:15<05:17,  1.72it/s] 45%|████▌     | 453/1000 [04:15<05:13,  1.74it/s] 45%|████▌     | 454/1000 [04:16<05:05,  1.78it/s] 46%|████▌     | 455/1000 [04:16<05:14,  1.73it/s] 46%|████▌     | 456/1000 [04:17<05:09,  1.76it/s] 46%|████▌     | 457/1000 [04:18<05:05,  1.77it/s] 46%|████▌     | 458/1000 [04:18<05:04,  1.78it/s] 46%|████▌     | 459/1000 [04:19<05:10,  1.74it/s] 46%|████▌     | 460/1000 [04:19<05:06,  1.76it/s]                                                  {'loss': 0.1371, 'grad_norm': 1.3177529991615486, 'learning_rate': 1.0820000000000001e-05, 'entropy': 0.14169921875, 'num_tokens': 1529104.0, 'mean_token_accuracy': 0.9642401337623596, 'epoch': 4.6}
 46%|████▌     | 460/1000 [04:19<05:06,  1.76it/s] 46%|████▌     | 461/1000 [04:20<05:09,  1.74it/s] 46%|████▌     | 462/1000 [04:20<05:10,  1.74it/s] 46%|████▋     | 463/1000 [04:21<05:11,  1.72it/s] 46%|████▋     | 464/1000 [04:22<05:13,  1.71it/s] 46%|████▋     | 465/1000 [04:22<05:11,  1.72it/s] 47%|████▋     | 466/1000 [04:23<05:12,  1.71it/s] 47%|████▋     | 467/1000 [04:23<05:03,  1.76it/s] 47%|████▋     | 468/1000 [04:24<05:00,  1.77it/s] 47%|████▋     | 469/1000 [04:25<05:12,  1.70it/s] 47%|████▋     | 470/1000 [04:25<05:06,  1.73it/s]                                                  {'loss': 0.1373, 'grad_norm': 1.0898833931787566, 'learning_rate': 1.0620000000000002e-05, 'entropy': 0.14267578125, 'num_tokens': 1562780.0, 'mean_token_accuracy': 0.9647130310535431, 'epoch': 4.7}
 47%|████▋     | 470/1000 [04:25<05:06,  1.73it/s] 47%|████▋     | 471/1000 [04:26<05:08,  1.71it/s] 47%|████▋     | 472/1000 [04:26<05:00,  1.76it/s] 47%|████▋     | 473/1000 [04:27<04:58,  1.77it/s] 47%|████▋     | 474/1000 [04:27<04:53,  1.79it/s] 48%|████▊     | 475/1000 [04:28<04:48,  1.82it/s] 48%|████▊     | 476/1000 [04:28<04:51,  1.80it/s] 48%|████▊     | 477/1000 [04:29<04:46,  1.83it/s] 48%|████▊     | 478/1000 [04:30<04:52,  1.78it/s] 48%|████▊     | 479/1000 [04:30<04:51,  1.79it/s] 48%|████▊     | 480/1000 [04:31<05:17,  1.64it/s]                                                  {'loss': 0.1372, 'grad_norm': 1.1672279833496215, 'learning_rate': 1.0420000000000002e-05, 'entropy': 0.144921875, 'num_tokens': 1595328.0, 'mean_token_accuracy': 0.9634085595607758, 'epoch': 4.8}
 48%|████▊     | 480/1000 [04:31<05:17,  1.64it/s] 48%|████▊     | 481/1000 [04:31<05:21,  1.62it/s] 48%|████▊     | 482/1000 [04:32<05:06,  1.69it/s] 48%|████▊     | 483/1000 [04:33<05:01,  1.71it/s] 48%|████▊     | 484/1000 [04:33<04:52,  1.77it/s] 48%|████▊     | 485/1000 [04:34<04:46,  1.80it/s] 49%|████▊     | 486/1000 [04:34<04:42,  1.82it/s] 49%|████▊     | 487/1000 [04:35<04:42,  1.82it/s] 49%|████▉     | 488/1000 [04:35<04:38,  1.84it/s] 49%|████▉     | 489/1000 [04:36<04:45,  1.79it/s] 49%|████▉     | 490/1000 [04:36<04:40,  1.82it/s]                                                  {'loss': 0.1395, 'grad_norm': 1.175635080928312, 'learning_rate': 1.022e-05, 'entropy': 0.140234375, 'num_tokens': 1628587.0, 'mean_token_accuracy': 0.9644166767597199, 'epoch': 4.9}
 49%|████▉     | 490/1000 [04:36<04:40,  1.82it/s] 49%|████▉     | 491/1000 [04:37<04:52,  1.74it/s] 49%|████▉     | 492/1000 [04:38<05:07,  1.65it/s] 49%|████▉     | 493/1000 [04:38<05:05,  1.66it/s] 49%|████▉     | 494/1000 [04:39<05:03,  1.67it/s] 50%|████▉     | 495/1000 [04:39<04:53,  1.72it/s] 50%|████▉     | 496/1000 [04:40<04:45,  1.77it/s] 50%|████▉     | 497/1000 [04:40<04:50,  1.73it/s] 50%|████▉     | 498/1000 [04:41<04:48,  1.74it/s] 50%|████▉     | 499/1000 [04:42<04:49,  1.73it/s] 50%|█████     | 500/1000 [04:42<04:43,  1.76it/s]                                                  {'loss': 0.1393, 'grad_norm': 1.067061898573117, 'learning_rate': 1.002e-05, 'entropy': 0.1474609375, 'num_tokens': 1660850.0, 'mean_token_accuracy': 0.9641909122467041, 'epoch': 5.0}
 50%|█████     | 500/1000 [04:42<04:43,  1.76it/s] 50%|█████     | 501/1000 [04:43<04:47,  1.73it/s] 50%|█████     | 502/1000 [04:43<04:49,  1.72it/s] 50%|█████     | 503/1000 [04:44<04:44,  1.75it/s] 50%|█████     | 504/1000 [04:44<04:38,  1.78it/s] 50%|█████     | 505/1000 [04:45<04:32,  1.81it/s] 51%|█████     | 506/1000 [04:46<04:29,  1.83it/s] 51%|█████     | 507/1000 [04:46<04:26,  1.85it/s] 51%|█████     | 508/1000 [04:47<04:28,  1.83it/s] 51%|█████     | 509/1000 [04:47<04:25,  1.85it/s] 51%|█████     | 510/1000 [04:48<04:32,  1.80it/s]                                                  {'loss': 0.1053, 'grad_norm': 1.1721817751930435, 'learning_rate': 9.820000000000001e-06, 'entropy': 0.116748046875, 'num_tokens': 1694544.0, 'mean_token_accuracy': 0.9725076913833618, 'epoch': 5.1}
 51%|█████     | 510/1000 [04:48<04:32,  1.80it/s] 51%|█████     | 511/1000 [04:48<04:28,  1.82it/s] 51%|█████     | 512/1000 [04:49<04:34,  1.78it/s] 51%|█████▏    | 513/1000 [04:49<04:43,  1.72it/s] 51%|█████▏    | 514/1000 [04:50<04:43,  1.71it/s] 52%|█████▏    | 515/1000 [04:51<04:36,  1.75it/s] 52%|█████▏    | 516/1000 [04:51<04:34,  1.76it/s] 52%|█████▏    | 517/1000 [04:52<04:31,  1.78it/s] 52%|█████▏    | 518/1000 [04:52<04:30,  1.78it/s] 52%|█████▏    | 519/1000 [04:53<04:29,  1.79it/s] 52%|█████▏    | 520/1000 [04:53<04:24,  1.81it/s]                                                  {'loss': 0.1138, 'grad_norm': 1.3052462716998547, 'learning_rate': 9.620000000000001e-06, 'entropy': 0.1103515625, 'num_tokens': 1728133.0, 'mean_token_accuracy': 0.969380933046341, 'epoch': 5.2}
 52%|█████▏    | 520/1000 [04:53<04:24,  1.81it/s] 52%|█████▏    | 521/1000 [04:54<04:30,  1.77it/s] 52%|█████▏    | 522/1000 [04:54<04:25,  1.80it/s] 52%|█████▏    | 523/1000 [04:55<04:21,  1.83it/s] 52%|█████▏    | 524/1000 [04:56<04:17,  1.85it/s] 52%|█████▎    | 525/1000 [04:56<04:22,  1.81it/s] 53%|█████▎    | 526/1000 [04:57<04:30,  1.75it/s] 53%|█████▎    | 527/1000 [04:57<04:25,  1.78it/s] 53%|█████▎    | 528/1000 [04:58<04:27,  1.76it/s] 53%|█████▎    | 529/1000 [04:58<04:22,  1.79it/s] 53%|█████▎    | 530/1000 [04:59<04:18,  1.82it/s]                                                  {'loss': 0.1094, 'grad_norm': 1.2196629131282108, 'learning_rate': 9.42e-06, 'entropy': 0.116650390625, 'num_tokens': 1761688.0, 'mean_token_accuracy': 0.9712767541408539, 'epoch': 5.3}
 53%|█████▎    | 530/1000 [04:59<04:18,  1.82it/s] 53%|█████▎    | 531/1000 [04:59<04:17,  1.82it/s] 53%|█████▎    | 532/1000 [05:00<04:15,  1.83it/s] 53%|█████▎    | 533/1000 [05:01<04:12,  1.85it/s] 53%|█████▎    | 534/1000 [05:01<04:09,  1.86it/s] 54%|█████▎    | 535/1000 [05:02<04:11,  1.85it/s] 54%|█████▎    | 536/1000 [05:02<04:09,  1.86it/s] 54%|█████▎    | 537/1000 [05:03<04:16,  1.80it/s] 54%|█████▍    | 538/1000 [05:03<04:29,  1.72it/s] 54%|█████▍    | 539/1000 [05:04<04:21,  1.76it/s] 54%|█████▍    | 540/1000 [05:04<04:18,  1.78it/s]                                                  {'loss': 0.1168, 'grad_norm': 1.2822168611034261, 'learning_rate': 9.220000000000002e-06, 'entropy': 0.1224609375, 'num_tokens': 1793756.0, 'mean_token_accuracy': 0.969881945848465, 'epoch': 5.4}
 54%|█████▍    | 540/1000 [05:04<04:18,  1.78it/s] 54%|█████▍    | 541/1000 [05:05<04:13,  1.81it/s] 54%|█████▍    | 542/1000 [05:06<04:19,  1.76it/s] 54%|█████▍    | 543/1000 [05:06<04:14,  1.80it/s] 54%|█████▍    | 544/1000 [05:07<04:23,  1.73it/s] 55%|█████▍    | 545/1000 [05:07<04:18,  1.76it/s] 55%|█████▍    | 546/1000 [05:08<04:16,  1.77it/s] 55%|█████▍    | 547/1000 [05:08<04:11,  1.80it/s] 55%|█████▍    | 548/1000 [05:09<04:14,  1.77it/s] 55%|█████▍    | 549/1000 [05:10<04:23,  1.71it/s] 55%|█████▌    | 550/1000 [05:10<04:19,  1.74it/s]                                                  {'loss': 0.1153, 'grad_norm': 0.9699853406944193, 'learning_rate': 9.020000000000002e-06, 'entropy': 0.12216796875, 'num_tokens': 1826770.0, 'mean_token_accuracy': 0.9700883269309998, 'epoch': 5.5}
 55%|█████▌    | 550/1000 [05:10<04:19,  1.74it/s] 55%|█████▌    | 551/1000 [05:11<04:16,  1.75it/s] 55%|█████▌    | 552/1000 [05:11<04:17,  1.74it/s] 55%|█████▌    | 553/1000 [05:12<04:14,  1.76it/s] 55%|█████▌    | 554/1000 [05:12<04:12,  1.77it/s] 56%|█████▌    | 555/1000 [05:13<04:06,  1.80it/s] 56%|█████▌    | 556/1000 [05:14<04:06,  1.80it/s] 56%|█████▌    | 557/1000 [05:14<04:11,  1.76it/s] 56%|█████▌    | 558/1000 [05:15<04:15,  1.73it/s] 56%|█████▌    | 559/1000 [05:15<04:11,  1.75it/s] 56%|█████▌    | 560/1000 [05:16<04:14,  1.73it/s]                                                  {'loss': 0.1195, 'grad_norm': 1.3328589609000172, 'learning_rate': 8.82e-06, 'entropy': 0.12314453125, 'num_tokens': 1861015.0, 'mean_token_accuracy': 0.9683503568172455, 'epoch': 5.6}
 56%|█████▌    | 560/1000 [05:16<04:14,  1.73it/s] 56%|█████▌    | 561/1000 [05:17<04:30,  1.62it/s] 56%|█████▌    | 562/1000 [05:17<04:31,  1.61it/s] 56%|█████▋    | 563/1000 [05:18<04:36,  1.58it/s] 56%|█████▋    | 564/1000 [05:18<04:30,  1.61it/s] 56%|█████▋    | 565/1000 [05:19<04:18,  1.68it/s] 57%|█████▋    | 566/1000 [05:20<04:18,  1.68it/s] 57%|█████▋    | 567/1000 [05:20<04:09,  1.74it/s] 57%|█████▋    | 568/1000 [05:21<04:02,  1.78it/s] 57%|█████▋    | 569/1000 [05:21<03:57,  1.81it/s] 57%|█████▋    | 570/1000 [05:22<04:03,  1.76it/s]                                                  {'loss': 0.1196, 'grad_norm': 1.0494288860370242, 'learning_rate': 8.62e-06, 'entropy': 0.12255859375, 'num_tokens': 1893848.0, 'mean_token_accuracy': 0.9687998712062835, 'epoch': 5.7}
 57%|█████▋    | 570/1000 [05:22<04:03,  1.76it/s] 57%|█████▋    | 571/1000 [05:22<04:01,  1.77it/s] 57%|█████▋    | 572/1000 [05:23<04:02,  1.76it/s] 57%|█████▋    | 573/1000 [05:24<04:09,  1.71it/s] 57%|█████▋    | 574/1000 [05:24<04:03,  1.75it/s] 57%|█████▊    | 575/1000 [05:25<03:57,  1.79it/s] 58%|█████▊    | 576/1000 [05:25<04:01,  1.76it/s] 58%|█████▊    | 577/1000 [05:26<03:59,  1.76it/s] 58%|█████▊    | 578/1000 [05:26<04:14,  1.66it/s] 58%|█████▊    | 579/1000 [05:27<04:13,  1.66it/s] 58%|█████▊    | 580/1000 [05:28<04:12,  1.66it/s]                                                  {'loss': 0.1158, 'grad_norm': 0.850436797769618, 'learning_rate': 8.42e-06, 'entropy': 0.1197265625, 'num_tokens': 1926894.0, 'mean_token_accuracy': 0.9697322130203248, 'epoch': 5.8}
 58%|█████▊    | 580/1000 [05:28<04:12,  1.66it/s] 58%|█████▊    | 581/1000 [05:28<04:03,  1.72it/s] 58%|█████▊    | 582/1000 [05:29<03:56,  1.77it/s] 58%|█████▊    | 583/1000 [05:29<04:04,  1.71it/s] 58%|█████▊    | 584/1000 [05:30<04:14,  1.63it/s] 58%|█████▊    | 585/1000 [05:31<04:15,  1.63it/s] 59%|█████▊    | 586/1000 [05:31<04:15,  1.62it/s] 59%|█████▊    | 587/1000 [05:32<04:17,  1.60it/s] 59%|█████▉    | 588/1000 [05:32<04:06,  1.67it/s] 59%|█████▉    | 589/1000 [05:33<03:57,  1.73it/s] 59%|█████▉    | 590/1000 [05:33<03:50,  1.78it/s]                                                  {'loss': 0.1257, 'grad_norm': 1.30296064660451, 'learning_rate': 8.220000000000001e-06, 'entropy': 0.129638671875, 'num_tokens': 1958996.0, 'mean_token_accuracy': 0.9679767191410065, 'epoch': 5.9}
 59%|█████▉    | 590/1000 [05:33<03:50,  1.78it/s] 59%|█████▉    | 591/1000 [05:34<03:46,  1.81it/s] 59%|█████▉    | 592/1000 [05:35<03:42,  1.83it/s] 59%|█████▉    | 593/1000 [05:35<03:40,  1.85it/s] 59%|█████▉    | 594/1000 [05:36<03:38,  1.86it/s] 60%|█████▉    | 595/1000 [05:36<03:44,  1.81it/s] 60%|█████▉    | 596/1000 [05:37<03:40,  1.83it/s] 60%|█████▉    | 597/1000 [05:37<03:40,  1.83it/s] 60%|█████▉    | 598/1000 [05:38<03:46,  1.77it/s] 60%|█████▉    | 599/1000 [05:38<03:49,  1.75it/s] 60%|██████    | 600/1000 [05:39<03:46,  1.77it/s]                                                  {'loss': 0.1122, 'grad_norm': 0.9770637662934523, 'learning_rate': 8.020000000000001e-06, 'entropy': 0.122412109375, 'num_tokens': 1993020.0, 'mean_token_accuracy': 0.9707003116607666, 'epoch': 6.0}
 60%|██████    | 600/1000 [05:39<03:46,  1.77it/s] 60%|██████    | 601/1000 [05:40<03:49,  1.74it/s] 60%|██████    | 602/1000 [05:40<03:43,  1.78it/s] 60%|██████    | 603/1000 [05:41<03:39,  1.81it/s] 60%|██████    | 604/1000 [05:41<03:38,  1.81it/s] 60%|██████    | 605/1000 [05:42<03:36,  1.82it/s] 61%|██████    | 606/1000 [05:42<03:47,  1.73it/s] 61%|██████    | 607/1000 [05:43<03:42,  1.77it/s] 61%|██████    | 608/1000 [05:43<03:38,  1.80it/s] 61%|██████    | 609/1000 [05:44<03:34,  1.82it/s] 61%|██████    | 610/1000 [05:45<03:31,  1.84it/s]                                                  {'loss': 0.0961, 'grad_norm': 0.855660149479962, 'learning_rate': 7.820000000000001e-06, 'entropy': 0.106005859375, 'num_tokens': 2025707.0, 'mean_token_accuracy': 0.9741409122943878, 'epoch': 6.1}
 61%|██████    | 610/1000 [05:45<03:31,  1.84it/s] 61%|██████    | 611/1000 [05:45<03:30,  1.85it/s] 61%|██████    | 612/1000 [05:46<03:31,  1.83it/s] 61%|██████▏   | 613/1000 [05:46<03:29,  1.84it/s] 61%|██████▏   | 614/1000 [05:47<03:30,  1.83it/s] 62%|██████▏   | 615/1000 [05:47<03:30,  1.83it/s] 62%|██████▏   | 616/1000 [05:48<03:28,  1.85it/s] 62%|██████▏   | 617/1000 [05:48<03:26,  1.85it/s] 62%|██████▏   | 618/1000 [05:49<03:34,  1.78it/s] 62%|██████▏   | 619/1000 [05:49<03:30,  1.81it/s] 62%|██████▏   | 620/1000 [05:50<03:27,  1.83it/s]                                                  {'loss': 0.0984, 'grad_norm': 0.8376524091565962, 'learning_rate': 7.620000000000001e-06, 'entropy': 0.102685546875, 'num_tokens': 2058217.0, 'mean_token_accuracy': 0.9735515236854553, 'epoch': 6.2}
 62%|██████▏   | 620/1000 [05:50<03:27,  1.83it/s] 62%|██████▏   | 621/1000 [05:51<03:25,  1.84it/s] 62%|██████▏   | 622/1000 [05:51<03:23,  1.86it/s] 62%|██████▏   | 623/1000 [05:52<03:22,  1.87it/s] 62%|██████▏   | 624/1000 [05:52<03:20,  1.87it/s] 62%|██████▎   | 625/1000 [05:53<03:22,  1.85it/s] 63%|██████▎   | 626/1000 [05:53<03:21,  1.86it/s] 63%|██████▎   | 627/1000 [05:54<03:18,  1.88it/s] 63%|██████▎   | 628/1000 [05:54<03:17,  1.88it/s] 63%|██████▎   | 629/1000 [05:55<03:23,  1.82it/s] 63%|██████▎   | 630/1000 [05:55<03:28,  1.77it/s]                                                  {'loss': 0.1008, 'grad_norm': 0.7291493400463528, 'learning_rate': 7.420000000000001e-06, 'entropy': 0.10380859375, 'num_tokens': 2091124.0, 'mean_token_accuracy': 0.973719322681427, 'epoch': 6.3}
 63%|██████▎   | 630/1000 [05:55<03:28,  1.77it/s] 63%|██████▎   | 631/1000 [05:56<03:27,  1.78it/s] 63%|██████▎   | 632/1000 [05:57<03:23,  1.81it/s] 63%|██████▎   | 633/1000 [05:57<03:19,  1.84it/s] 63%|██████▎   | 634/1000 [05:58<03:17,  1.85it/s] 64%|██████▎   | 635/1000 [05:58<03:16,  1.86it/s] 64%|██████▎   | 636/1000 [05:59<03:15,  1.86it/s] 64%|██████▎   | 637/1000 [05:59<03:21,  1.81it/s] 64%|██████▍   | 638/1000 [06:00<03:21,  1.80it/s] 64%|██████▍   | 639/1000 [06:00<03:20,  1.80it/s] 64%|██████▍   | 640/1000 [06:01<03:17,  1.82it/s]                                                  {'loss': 0.0972, 'grad_norm': 0.7670187266064266, 'learning_rate': 7.22e-06, 'entropy': 0.106787109375, 'num_tokens': 2125253.0, 'mean_token_accuracy': 0.9738412082195282, 'epoch': 6.4}
 64%|██████▍   | 640/1000 [06:01<03:17,  1.82it/s] 64%|██████▍   | 641/1000 [06:01<03:15,  1.84it/s] 64%|██████▍   | 642/1000 [06:02<03:13,  1.85it/s] 64%|██████▍   | 643/1000 [06:03<03:11,  1.86it/s] 64%|██████▍   | 644/1000 [06:03<03:10,  1.87it/s] 64%|██████▍   | 645/1000 [06:04<03:12,  1.84it/s] 65%|██████▍   | 646/1000 [06:04<03:16,  1.81it/s] 65%|██████▍   | 647/1000 [06:05<03:19,  1.77it/s] 65%|██████▍   | 648/1000 [06:05<03:15,  1.80it/s] 65%|██████▍   | 649/1000 [06:06<03:18,  1.77it/s] 65%|██████▌   | 650/1000 [06:06<03:14,  1.80it/s]                                                  {'loss': 0.1036, 'grad_norm': 0.6404040157875165, 'learning_rate': 7.0200000000000006e-06, 'entropy': 0.106982421875, 'num_tokens': 2157017.0, 'mean_token_accuracy': 0.9721598148345947, 'epoch': 6.5}
 65%|██████▌   | 650/1000 [06:06<03:14,  1.80it/s] 65%|██████▌   | 651/1000 [06:07<03:21,  1.73it/s] 65%|██████▌   | 652/1000 [06:08<03:15,  1.78it/s] 65%|██████▌   | 653/1000 [06:08<03:40,  1.58it/s] 65%|██████▌   | 654/1000 [06:09<03:30,  1.65it/s] 66%|██████▌   | 655/1000 [06:10<03:26,  1.67it/s] 66%|██████▌   | 656/1000 [06:10<03:24,  1.68it/s] 66%|██████▌   | 657/1000 [06:11<03:38,  1.57it/s] 66%|██████▌   | 658/1000 [06:11<03:26,  1.66it/s] 66%|██████▌   | 659/1000 [06:12<03:36,  1.58it/s] 66%|██████▌   | 660/1000 [06:13<03:25,  1.65it/s]                                                  {'loss': 0.1051, 'grad_norm': 1.0587410374835835, 'learning_rate': 6.820000000000001e-06, 'entropy': 0.106591796875, 'num_tokens': 2189445.0, 'mean_token_accuracy': 0.9723565697669982, 'epoch': 6.6}
 66%|██████▌   | 660/1000 [06:13<03:25,  1.65it/s] 66%|██████▌   | 661/1000 [06:13<03:19,  1.70it/s] 66%|██████▌   | 662/1000 [06:14<03:13,  1.75it/s] 66%|██████▋   | 663/1000 [06:14<03:08,  1.79it/s] 66%|██████▋   | 664/1000 [06:15<03:15,  1.72it/s] 66%|██████▋   | 665/1000 [06:15<03:09,  1.76it/s] 67%|██████▋   | 666/1000 [06:16<03:11,  1.74it/s] 67%|██████▋   | 667/1000 [06:17<03:06,  1.78it/s] 67%|██████▋   | 668/1000 [06:17<03:08,  1.77it/s] 67%|██████▋   | 669/1000 [06:18<03:07,  1.77it/s] 67%|██████▋   | 670/1000 [06:18<03:05,  1.78it/s]                                                  {'loss': 0.1019, 'grad_norm': 0.6657465743428465, 'learning_rate': 6.620000000000001e-06, 'entropy': 0.107080078125, 'num_tokens': 2222157.0, 'mean_token_accuracy': 0.9726642429828644, 'epoch': 6.7}
 67%|██████▋   | 670/1000 [06:18<03:05,  1.78it/s] 67%|██████▋   | 671/1000 [06:19<03:00,  1.82it/s] 67%|██████▋   | 672/1000 [06:19<02:56,  1.85it/s] 67%|██████▋   | 673/1000 [06:20<02:55,  1.86it/s] 67%|██████▋   | 674/1000 [06:20<02:54,  1.87it/s] 68%|██████▊   | 675/1000 [06:21<02:56,  1.84it/s] 68%|██████▊   | 676/1000 [06:21<02:56,  1.83it/s] 68%|██████▊   | 677/1000 [06:22<02:55,  1.85it/s] 68%|██████▊   | 678/1000 [06:22<02:53,  1.86it/s] 68%|██████▊   | 679/1000 [06:23<02:53,  1.85it/s] 68%|██████▊   | 680/1000 [06:24<02:52,  1.86it/s]                                                  {'loss': 0.096, 'grad_norm': 0.8061040048732149, 'learning_rate': 6.42e-06, 'entropy': 0.10078125, 'num_tokens': 2258276.0, 'mean_token_accuracy': 0.9748991310596467, 'epoch': 6.8}
 68%|██████▊   | 680/1000 [06:24<02:52,  1.86it/s] 68%|██████▊   | 681/1000 [06:24<02:51,  1.86it/s] 68%|██████▊   | 682/1000 [06:25<02:50,  1.87it/s] 68%|██████▊   | 683/1000 [06:25<02:49,  1.88it/s] 68%|██████▊   | 684/1000 [06:26<02:51,  1.84it/s] 68%|██████▊   | 685/1000 [06:26<02:49,  1.86it/s] 69%|██████▊   | 686/1000 [06:27<02:49,  1.85it/s] 69%|██████▊   | 687/1000 [06:27<02:48,  1.86it/s] 69%|██████▉   | 688/1000 [06:28<02:55,  1.78it/s] 69%|██████▉   | 689/1000 [06:28<02:52,  1.81it/s] 69%|██████▉   | 690/1000 [06:29<02:51,  1.81it/s]                                                  {'loss': 0.1012, 'grad_norm': 0.520344077356528, 'learning_rate': 6.220000000000001e-06, 'entropy': 0.106591796875, 'num_tokens': 2291640.0, 'mean_token_accuracy': 0.9724630296230317, 'epoch': 6.9}
 69%|██████▉   | 690/1000 [06:29<02:51,  1.81it/s] 69%|██████▉   | 691/1000 [06:30<02:54,  1.77it/s] 69%|██████▉   | 692/1000 [06:30<02:53,  1.78it/s] 69%|██████▉   | 693/1000 [06:31<02:49,  1.81it/s] 69%|██████▉   | 694/1000 [06:31<02:48,  1.81it/s] 70%|██████▉   | 695/1000 [06:32<02:46,  1.83it/s] 70%|██████▉   | 696/1000 [06:32<02:46,  1.83it/s] 70%|██████▉   | 697/1000 [06:33<02:48,  1.80it/s] 70%|██████▉   | 698/1000 [06:33<02:45,  1.83it/s] 70%|██████▉   | 699/1000 [06:34<02:42,  1.85it/s] 70%|███████   | 700/1000 [06:35<02:47,  1.79it/s]                                                  {'loss': 0.1021, 'grad_norm': 0.643459399887606, 'learning_rate': 6.02e-06, 'entropy': 0.10771484375, 'num_tokens': 2325190.0, 'mean_token_accuracy': 0.9728143274784088, 'epoch': 7.0}
 70%|███████   | 700/1000 [06:35<02:47,  1.79it/s] 70%|███████   | 701/1000 [06:35<02:44,  1.82it/s] 70%|███████   | 702/1000 [06:36<02:46,  1.79it/s] 70%|███████   | 703/1000 [06:36<02:48,  1.76it/s] 70%|███████   | 704/1000 [06:37<02:46,  1.78it/s] 70%|███████   | 705/1000 [06:37<02:42,  1.82it/s] 71%|███████   | 706/1000 [06:38<02:41,  1.82it/s] 71%|███████   | 707/1000 [06:38<02:38,  1.84it/s] 71%|███████   | 708/1000 [06:39<02:39,  1.83it/s] 71%|███████   | 709/1000 [06:39<02:38,  1.83it/s] 71%|███████   | 710/1000 [06:40<02:36,  1.85it/s]                                                  {'loss': 0.0844, 'grad_norm': 0.4505980512992577, 'learning_rate': 5.82e-06, 'entropy': 0.096533203125, 'num_tokens': 2359398.0, 'mean_token_accuracy': 0.9775859117507935, 'epoch': 7.1}
 71%|███████   | 710/1000 [06:40<02:36,  1.85it/s] 71%|███████   | 711/1000 [06:41<02:35,  1.86it/s] 71%|███████   | 712/1000 [06:41<02:34,  1.86it/s] 71%|███████▏  | 713/1000 [06:42<02:33,  1.87it/s] 71%|███████▏  | 714/1000 [06:42<02:32,  1.87it/s] 72%|███████▏  | 715/1000 [06:43<02:31,  1.88it/s] 72%|███████▏  | 716/1000 [06:43<02:31,  1.88it/s] 72%|███████▏  | 717/1000 [06:44<02:30,  1.88it/s] 72%|███████▏  | 718/1000 [06:44<02:37,  1.79it/s] 72%|███████▏  | 719/1000 [06:45<02:38,  1.77it/s] 72%|███████▏  | 720/1000 [06:45<02:35,  1.80it/s]                                                  {'loss': 0.0888, 'grad_norm': 0.8165192533819675, 'learning_rate': 5.620000000000001e-06, 'entropy': 0.09169921875, 'num_tokens': 2392152.0, 'mean_token_accuracy': 0.9751477420330048, 'epoch': 7.2}
 72%|███████▏  | 720/1000 [06:45<02:35,  1.80it/s] 72%|███████▏  | 721/1000 [06:46<02:34,  1.81it/s] 72%|███████▏  | 722/1000 [06:47<02:31,  1.83it/s] 72%|███████▏  | 723/1000 [06:47<02:38,  1.75it/s] 72%|███████▏  | 724/1000 [06:48<02:37,  1.76it/s] 72%|███████▎  | 725/1000 [06:48<02:37,  1.75it/s] 73%|███████▎  | 726/1000 [06:49<02:33,  1.78it/s] 73%|███████▎  | 727/1000 [06:49<02:32,  1.79it/s] 73%|███████▎  | 728/1000 [06:50<02:31,  1.80it/s] 73%|███████▎  | 729/1000 [06:51<02:28,  1.82it/s] 73%|███████▎  | 730/1000 [06:51<02:26,  1.85it/s]                                                  {'loss': 0.092, 'grad_norm': 0.761768017064684, 'learning_rate': 5.420000000000001e-06, 'entropy': 0.093017578125, 'num_tokens': 2424346.0, 'mean_token_accuracy': 0.9751652002334594, 'epoch': 7.3}
 73%|███████▎  | 730/1000 [06:51<02:26,  1.85it/s] 73%|███████▎  | 731/1000 [06:52<02:30,  1.79it/s] 73%|███████▎  | 732/1000 [06:52<02:29,  1.79it/s] 73%|███████▎  | 733/1000 [06:53<02:28,  1.80it/s] 73%|███████▎  | 734/1000 [06:53<02:25,  1.83it/s] 74%|███████▎  | 735/1000 [06:54<02:32,  1.73it/s] 74%|███████▎  | 736/1000 [06:54<02:29,  1.76it/s] 74%|███████▎  | 737/1000 [06:55<02:26,  1.79it/s] 74%|███████▍  | 738/1000 [06:56<02:24,  1.82it/s] 74%|███████▍  | 739/1000 [06:56<02:22,  1.84it/s] 74%|███████▍  | 740/1000 [06:57<02:20,  1.85it/s]                                                  {'loss': 0.0923, 'grad_norm': 0.915884519797333, 'learning_rate': 5.220000000000001e-06, 'entropy': 0.09765625, 'num_tokens': 2458000.0, 'mean_token_accuracy': 0.974870091676712, 'epoch': 7.4}
 74%|███████▍  | 740/1000 [06:57<02:20,  1.85it/s] 74%|███████▍  | 741/1000 [06:57<02:23,  1.80it/s] 74%|███████▍  | 742/1000 [06:58<02:21,  1.82it/s] 74%|███████▍  | 743/1000 [06:58<02:19,  1.84it/s] 74%|███████▍  | 744/1000 [06:59<02:22,  1.79it/s] 74%|███████▍  | 745/1000 [06:59<02:20,  1.82it/s] 75%|███████▍  | 746/1000 [07:00<02:23,  1.78it/s] 75%|███████▍  | 747/1000 [07:01<02:28,  1.71it/s] 75%|███████▍  | 748/1000 [07:01<02:23,  1.75it/s] 75%|███████▍  | 749/1000 [07:02<02:20,  1.79it/s] 75%|███████▌  | 750/1000 [07:02<02:17,  1.82it/s]                                                  {'loss': 0.09, 'grad_norm': 0.5216916059024171, 'learning_rate': 5.02e-06, 'entropy': 0.09443359375, 'num_tokens': 2491616.0, 'mean_token_accuracy': 0.9752546012401581, 'epoch': 7.5}
 75%|███████▌  | 750/1000 [07:02<02:17,  1.82it/s] 75%|███████▌  | 751/1000 [07:03<02:17,  1.81it/s] 75%|███████▌  | 752/1000 [07:03<02:15,  1.83it/s] 75%|███████▌  | 753/1000 [07:04<02:13,  1.85it/s] 75%|███████▌  | 754/1000 [07:04<02:12,  1.86it/s] 76%|███████▌  | 755/1000 [07:05<02:14,  1.82it/s] 76%|███████▌  | 756/1000 [07:05<02:13,  1.83it/s] 76%|███████▌  | 757/1000 [07:06<02:13,  1.82it/s] 76%|███████▌  | 758/1000 [07:07<02:14,  1.79it/s] 76%|███████▌  | 759/1000 [07:07<02:12,  1.82it/s] 76%|███████▌  | 760/1000 [07:08<02:10,  1.84it/s]                                                  {'loss': 0.0923, 'grad_norm': 0.5582956107561573, 'learning_rate': 4.8200000000000004e-06, 'entropy': 0.098974609375, 'num_tokens': 2524707.0, 'mean_token_accuracy': 0.9750439822673798, 'epoch': 7.6}
 76%|███████▌  | 760/1000 [07:08<02:10,  1.84it/s] 76%|███████▌  | 761/1000 [07:08<02:08,  1.85it/s] 76%|███████▌  | 762/1000 [07:09<02:13,  1.78it/s] 76%|███████▋  | 763/1000 [07:09<02:14,  1.76it/s] 76%|███████▋  | 764/1000 [07:10<02:11,  1.80it/s] 76%|███████▋  | 765/1000 [07:10<02:10,  1.80it/s] 77%|███████▋  | 766/1000 [07:11<02:09,  1.81it/s] 77%|███████▋  | 767/1000 [07:12<02:07,  1.83it/s] 77%|███████▋  | 768/1000 [07:12<02:05,  1.85it/s] 77%|███████▋  | 769/1000 [07:13<02:14,  1.72it/s] 77%|███████▋  | 770/1000 [07:13<02:20,  1.64it/s]                                                  {'loss': 0.0916, 'grad_norm': 0.8862011751248131, 'learning_rate': 4.620000000000001e-06, 'entropy': 0.097509765625, 'num_tokens': 2558274.0, 'mean_token_accuracy': 0.9752537369728088, 'epoch': 7.7}
 77%|███████▋  | 770/1000 [07:13<02:20,  1.64it/s] 77%|███████▋  | 771/1000 [07:14<02:20,  1.63it/s] 77%|███████▋  | 772/1000 [07:15<02:14,  1.70it/s] 77%|███████▋  | 773/1000 [07:15<02:09,  1.75it/s] 77%|███████▋  | 774/1000 [07:16<02:07,  1.77it/s] 78%|███████▊  | 775/1000 [07:16<02:09,  1.74it/s] 78%|███████▊  | 776/1000 [07:17<02:09,  1.73it/s] 78%|███████▊  | 777/1000 [07:17<02:06,  1.76it/s] 78%|███████▊  | 778/1000 [07:18<02:06,  1.76it/s] 78%|███████▊  | 779/1000 [07:18<02:02,  1.80it/s] 78%|███████▊  | 780/1000 [07:19<02:04,  1.77it/s]                                                  {'loss': 0.0941, 'grad_norm': 0.6229589580008269, 'learning_rate': 4.42e-06, 'entropy': 0.09921875, 'num_tokens': 2591307.0, 'mean_token_accuracy': 0.9742272615432739, 'epoch': 7.8}
 78%|███████▊  | 780/1000 [07:19<02:04,  1.77it/s] 78%|███████▊  | 781/1000 [07:20<02:01,  1.80it/s] 78%|███████▊  | 782/1000 [07:20<01:59,  1.82it/s] 78%|███████▊  | 783/1000 [07:21<01:58,  1.82it/s] 78%|███████▊  | 784/1000 [07:21<02:01,  1.78it/s] 78%|███████▊  | 785/1000 [07:22<02:00,  1.79it/s] 79%|███████▊  | 786/1000 [07:22<01:57,  1.82it/s] 79%|███████▊  | 787/1000 [07:23<01:55,  1.84it/s] 79%|███████▉  | 788/1000 [07:23<01:58,  1.80it/s] 79%|███████▉  | 789/1000 [07:24<01:59,  1.76it/s] 79%|███████▉  | 790/1000 [07:25<01:58,  1.78it/s]                                                  {'loss': 0.0937, 'grad_norm': 0.6434089931833935, 'learning_rate': 4.22e-06, 'entropy': 0.097119140625, 'num_tokens': 2624754.0, 'mean_token_accuracy': 0.9747468888759613, 'epoch': 7.9}
 79%|███████▉  | 790/1000 [07:25<01:58,  1.78it/s] 79%|███████▉  | 791/1000 [07:25<01:56,  1.79it/s] 79%|███████▉  | 792/1000 [07:26<01:54,  1.81it/s] 79%|███████▉  | 793/1000 [07:26<01:59,  1.74it/s] 79%|███████▉  | 794/1000 [07:27<01:58,  1.74it/s] 80%|███████▉  | 795/1000 [07:27<01:55,  1.77it/s] 80%|███████▉  | 796/1000 [07:28<01:52,  1.81it/s] 80%|███████▉  | 797/1000 [07:29<01:52,  1.80it/s] 80%|███████▉  | 798/1000 [07:29<01:50,  1.83it/s] 80%|███████▉  | 799/1000 [07:30<01:48,  1.84it/s] 80%|████████  | 800/1000 [07:30<01:47,  1.85it/s]                                                  {'loss': 0.0942, 'grad_norm': 0.6039690920394133, 'learning_rate': 4.0200000000000005e-06, 'entropy': 0.097802734375, 'num_tokens': 2657360.0, 'mean_token_accuracy': 0.9736043870449066, 'epoch': 8.0}
 80%|████████  | 800/1000 [07:30<01:47,  1.85it/s] 80%|████████  | 801/1000 [07:31<01:48,  1.83it/s] 80%|████████  | 802/1000 [07:31<01:47,  1.85it/s] 80%|████████  | 803/1000 [07:32<01:50,  1.79it/s] 80%|████████  | 804/1000 [07:32<01:52,  1.74it/s] 80%|████████  | 805/1000 [07:33<01:53,  1.71it/s] 81%|████████  | 806/1000 [07:34<01:51,  1.73it/s] 81%|████████  | 807/1000 [07:34<01:48,  1.77it/s] 81%|████████  | 808/1000 [07:35<01:48,  1.77it/s] 81%|████████  | 809/1000 [07:35<01:45,  1.81it/s] 81%|████████  | 810/1000 [07:36<01:45,  1.80it/s]                                                  {'loss': 0.0866, 'grad_norm': 0.4312800756941596, 'learning_rate': 3.820000000000001e-06, 'entropy': 0.09931640625, 'num_tokens': 2689247.0, 'mean_token_accuracy': 0.9766125798225402, 'epoch': 8.1}
 81%|████████  | 810/1000 [07:36<01:45,  1.80it/s] 81%|████████  | 811/1000 [07:36<01:43,  1.82it/s] 81%|████████  | 812/1000 [07:37<01:42,  1.84it/s] 81%|████████▏ | 813/1000 [07:37<01:40,  1.85it/s] 81%|████████▏ | 814/1000 [07:38<01:41,  1.84it/s] 82%|████████▏ | 815/1000 [07:38<01:41,  1.82it/s] 82%|████████▏ | 816/1000 [07:39<01:41,  1.81it/s] 82%|████████▏ | 817/1000 [07:40<01:43,  1.76it/s] 82%|████████▏ | 818/1000 [07:40<01:41,  1.80it/s] 82%|████████▏ | 819/1000 [07:41<01:40,  1.81it/s] 82%|████████▏ | 820/1000 [07:41<01:38,  1.83it/s]                                                  {'loss': 0.0848, 'grad_norm': 0.5749001455034951, 'learning_rate': 3.62e-06, 'entropy': 0.090966796875, 'num_tokens': 2721724.0, 'mean_token_accuracy': 0.9759149730205536, 'epoch': 8.2}
 82%|████████▏ | 820/1000 [07:41<01:38,  1.83it/s] 82%|████████▏ | 821/1000 [07:42<01:36,  1.85it/s] 82%|████████▏ | 822/1000 [07:42<01:35,  1.86it/s] 82%|████████▏ | 823/1000 [07:43<01:35,  1.85it/s] 82%|████████▏ | 824/1000 [07:43<01:34,  1.86it/s] 82%|████████▎ | 825/1000 [07:44<01:37,  1.80it/s] 83%|████████▎ | 826/1000 [07:45<01:38,  1.77it/s] 83%|████████▎ | 827/1000 [07:45<01:39,  1.74it/s] 83%|████████▎ | 828/1000 [07:46<01:41,  1.69it/s] 83%|████████▎ | 829/1000 [07:46<01:41,  1.68it/s] 83%|████████▎ | 830/1000 [07:47<01:39,  1.71it/s]                                                  {'loss': 0.0838, 'grad_norm': 0.4222682901125577, 'learning_rate': 3.4200000000000007e-06, 'entropy': 0.08515625, 'num_tokens': 2755242.0, 'mean_token_accuracy': 0.977016544342041, 'epoch': 8.3}
 83%|████████▎ | 830/1000 [07:47<01:39,  1.71it/s] 83%|████████▎ | 831/1000 [07:47<01:36,  1.76it/s] 83%|████████▎ | 832/1000 [07:48<01:33,  1.80it/s] 83%|████████▎ | 833/1000 [07:49<01:31,  1.83it/s] 83%|████████▎ | 834/1000 [07:49<01:31,  1.82it/s] 84%|████████▎ | 835/1000 [07:50<01:38,  1.67it/s] 84%|████████▎ | 836/1000 [07:50<01:37,  1.68it/s] 84%|████████▎ | 837/1000 [07:51<01:40,  1.62it/s] 84%|████████▍ | 838/1000 [07:52<01:36,  1.67it/s] 84%|████████▍ | 839/1000 [07:52<01:35,  1.69it/s] 84%|████████▍ | 840/1000 [07:53<01:32,  1.74it/s]                                                  {'loss': 0.0853, 'grad_norm': 0.9776272563825642, 'learning_rate': 3.2200000000000005e-06, 'entropy': 0.086669921875, 'num_tokens': 2788718.0, 'mean_token_accuracy': 0.9774397850036621, 'epoch': 8.4}
 84%|████████▍ | 840/1000 [07:53<01:32,  1.74it/s] 84%|████████▍ | 841/1000 [07:53<01:29,  1.78it/s] 84%|████████▍ | 842/1000 [07:54<01:27,  1.82it/s] 84%|████████▍ | 843/1000 [07:54<01:26,  1.82it/s] 84%|████████▍ | 844/1000 [07:55<01:24,  1.84it/s] 84%|████████▍ | 845/1000 [07:56<01:34,  1.64it/s] 85%|████████▍ | 846/1000 [07:56<01:30,  1.71it/s] 85%|████████▍ | 847/1000 [07:57<01:27,  1.76it/s] 85%|████████▍ | 848/1000 [07:57<01:24,  1.80it/s] 85%|████████▍ | 849/1000 [07:58<01:25,  1.77it/s] 85%|████████▌ | 850/1000 [07:58<01:24,  1.78it/s]                                                  {'loss': 0.0888, 'grad_norm': 0.7701889699487247, 'learning_rate': 3.0200000000000003e-06, 'entropy': 0.09287109375, 'num_tokens': 2820967.0, 'mean_token_accuracy': 0.975162661075592, 'epoch': 8.5}
 85%|████████▌ | 850/1000 [07:58<01:24,  1.78it/s] 85%|████████▌ | 851/1000 [07:59<01:24,  1.76it/s] 85%|████████▌ | 852/1000 [08:00<01:24,  1.76it/s] 85%|████████▌ | 853/1000 [08:00<01:22,  1.79it/s] 85%|████████▌ | 854/1000 [08:01<01:20,  1.82it/s] 86%|████████▌ | 855/1000 [08:01<01:18,  1.84it/s] 86%|████████▌ | 856/1000 [08:02<01:19,  1.81it/s] 86%|████████▌ | 857/1000 [08:02<01:18,  1.83it/s] 86%|████████▌ | 858/1000 [08:03<01:16,  1.85it/s] 86%|████████▌ | 859/1000 [08:03<01:15,  1.86it/s] 86%|████████▌ | 860/1000 [08:04<01:15,  1.87it/s]                                                  {'loss': 0.085, 'grad_norm': 0.4788159866408912, 'learning_rate': 2.82e-06, 'entropy': 0.088525390625, 'num_tokens': 2854953.0, 'mean_token_accuracy': 0.9761744320392609, 'epoch': 8.6}
 86%|████████▌ | 860/1000 [08:04<01:15,  1.87it/s] 86%|████████▌ | 861/1000 [08:04<01:14,  1.87it/s] 86%|████████▌ | 862/1000 [08:05<01:14,  1.85it/s] 86%|████████▋ | 863/1000 [08:05<01:14,  1.85it/s] 86%|████████▋ | 864/1000 [08:06<01:13,  1.86it/s] 86%|████████▋ | 865/1000 [08:06<01:12,  1.87it/s] 87%|████████▋ | 866/1000 [08:07<01:13,  1.82it/s] 87%|████████▋ | 867/1000 [08:08<01:12,  1.83it/s] 87%|████████▋ | 868/1000 [08:08<01:12,  1.82it/s] 87%|████████▋ | 869/1000 [08:09<01:11,  1.84it/s] 87%|████████▋ | 870/1000 [08:09<01:10,  1.85it/s]                                                  {'loss': 0.0843, 'grad_norm': 0.5674159176634475, 'learning_rate': 2.6200000000000003e-06, 'entropy': 0.093212890625, 'num_tokens': 2888992.0, 'mean_token_accuracy': 0.9762962639331818, 'epoch': 8.7}
 87%|████████▋ | 870/1000 [08:09<01:10,  1.85it/s] 87%|████████▋ | 871/1000 [08:10<01:10,  1.84it/s] 87%|████████▋ | 872/1000 [08:10<01:10,  1.82it/s] 87%|████████▋ | 873/1000 [08:11<01:08,  1.84it/s] 87%|████████▋ | 874/1000 [08:11<01:07,  1.86it/s] 88%|████████▊ | 875/1000 [08:12<01:07,  1.86it/s] 88%|████████▊ | 876/1000 [08:13<01:09,  1.78it/s] 88%|████████▊ | 877/1000 [08:13<01:08,  1.80it/s] 88%|████████▊ | 878/1000 [08:14<01:07,  1.82it/s] 88%|████████▊ | 879/1000 [08:14<01:05,  1.84it/s] 88%|████████▊ | 880/1000 [08:15<01:04,  1.85it/s]                                                  {'loss': 0.0839, 'grad_norm': 0.4876894794396211, 'learning_rate': 2.42e-06, 'entropy': 0.08974609375, 'num_tokens': 2923452.0, 'mean_token_accuracy': 0.977084082365036, 'epoch': 8.8}
 88%|████████▊ | 880/1000 [08:15<01:04,  1.85it/s] 88%|████████▊ | 881/1000 [08:15<01:04,  1.85it/s] 88%|████████▊ | 882/1000 [08:16<01:03,  1.86it/s] 88%|████████▊ | 883/1000 [08:16<01:02,  1.87it/s] 88%|████████▊ | 884/1000 [08:17<01:01,  1.88it/s] 88%|████████▊ | 885/1000 [08:17<01:01,  1.88it/s] 89%|████████▊ | 886/1000 [08:18<01:00,  1.89it/s] 89%|████████▊ | 887/1000 [08:18<01:00,  1.87it/s] 89%|████████▉ | 888/1000 [08:19<01:00,  1.84it/s] 89%|████████▉ | 889/1000 [08:20<01:00,  1.85it/s] 89%|████████▉ | 890/1000 [08:20<00:58,  1.86it/s]                                                  {'loss': 0.0867, 'grad_norm': 0.40051133905964814, 'learning_rate': 2.2200000000000003e-06, 'entropy': 0.094921875, 'num_tokens': 2956817.0, 'mean_token_accuracy': 0.9748081088066101, 'epoch': 8.9}
 89%|████████▉ | 890/1000 [08:20<00:58,  1.86it/s] 89%|████████▉ | 891/1000 [08:21<01:00,  1.80it/s] 89%|████████▉ | 892/1000 [08:21<00:59,  1.83it/s] 89%|████████▉ | 893/1000 [08:22<00:58,  1.84it/s] 89%|████████▉ | 894/1000 [08:22<00:57,  1.86it/s] 90%|████████▉ | 895/1000 [08:23<00:56,  1.87it/s] 90%|████████▉ | 896/1000 [08:23<00:55,  1.88it/s] 90%|████████▉ | 897/1000 [08:24<00:54,  1.88it/s] 90%|████████▉ | 898/1000 [08:24<00:54,  1.88it/s] 90%|████████▉ | 899/1000 [08:25<00:55,  1.83it/s] 90%|█████████ | 900/1000 [08:25<00:54,  1.85it/s]                                                  {'loss': 0.0892, 'grad_norm': 0.5369330931201334, 'learning_rate': 2.02e-06, 'entropy': 0.09287109375, 'num_tokens': 2989530.0, 'mean_token_accuracy': 0.9739562213420868, 'epoch': 9.0}
 90%|█████████ | 900/1000 [08:25<00:54,  1.85it/s] 90%|█████████ | 901/1000 [08:26<00:53,  1.86it/s] 90%|█████████ | 902/1000 [08:27<00:52,  1.87it/s] 90%|█████████ | 903/1000 [08:27<00:53,  1.82it/s] 90%|█████████ | 904/1000 [08:28<00:52,  1.84it/s] 90%|█████████ | 905/1000 [08:28<00:51,  1.83it/s] 91%|█████████ | 906/1000 [08:29<00:50,  1.85it/s] 91%|█████████ | 907/1000 [08:29<00:50,  1.85it/s] 91%|█████████ | 908/1000 [08:30<00:50,  1.83it/s] 91%|█████████ | 909/1000 [08:30<00:49,  1.82it/s] 91%|█████████ | 910/1000 [08:31<00:48,  1.84it/s]                                                  {'loss': 0.0792, 'grad_norm': 0.4716155329380475, 'learning_rate': 1.8200000000000002e-06, 'entropy': 0.08720703125, 'num_tokens': 3023363.0, 'mean_token_accuracy': 0.978421688079834, 'epoch': 9.1}
 91%|█████████ | 910/1000 [08:31<00:48,  1.84it/s] 91%|█████████ | 911/1000 [08:32<00:51,  1.71it/s] 91%|█████████ | 912/1000 [08:32<00:49,  1.76it/s] 91%|█████████▏| 913/1000 [08:33<00:48,  1.79it/s] 91%|█████████▏| 914/1000 [08:33<00:47,  1.82it/s] 92%|█████████▏| 915/1000 [08:34<00:46,  1.84it/s] 92%|█████████▏| 916/1000 [08:34<00:45,  1.85it/s] 92%|█████████▏| 917/1000 [08:35<00:44,  1.86it/s] 92%|█████████▏| 918/1000 [08:35<00:45,  1.80it/s] 92%|█████████▏| 919/1000 [08:36<00:44,  1.82it/s] 92%|█████████▏| 920/1000 [08:36<00:43,  1.83it/s]                                                  {'loss': 0.0791, 'grad_norm': 0.5821748024905791, 'learning_rate': 1.6200000000000002e-06, 'entropy': 0.088916015625, 'num_tokens': 3057409.0, 'mean_token_accuracy': 0.9771502554416657, 'epoch': 9.2}
 92%|█████████▏| 920/1000 [08:36<00:43,  1.83it/s] 92%|█████████▏| 921/1000 [08:37<00:43,  1.83it/s] 92%|█████████▏| 922/1000 [08:38<00:42,  1.84it/s] 92%|█████████▏| 923/1000 [08:38<00:41,  1.85it/s] 92%|█████████▏| 924/1000 [08:39<00:42,  1.81it/s] 92%|█████████▎| 925/1000 [08:39<00:40,  1.83it/s] 93%|█████████▎| 926/1000 [08:40<00:40,  1.84it/s] 93%|█████████▎| 927/1000 [08:40<00:39,  1.85it/s] 93%|█████████▎| 928/1000 [08:41<00:39,  1.81it/s] 93%|█████████▎| 929/1000 [08:41<00:39,  1.80it/s] 93%|█████████▎| 930/1000 [08:42<00:38,  1.80it/s]                                                  {'loss': 0.0798, 'grad_norm': 0.528452753159181, 'learning_rate': 1.42e-06, 'entropy': 0.0857421875, 'num_tokens': 3091324.0, 'mean_token_accuracy': 0.9776230156421661, 'epoch': 9.3}
 93%|█████████▎| 930/1000 [08:42<00:38,  1.80it/s] 93%|█████████▎| 931/1000 [08:42<00:37,  1.82it/s] 93%|█████████▎| 932/1000 [08:43<00:37,  1.83it/s] 93%|█████████▎| 933/1000 [08:44<00:36,  1.84it/s] 93%|█████████▎| 934/1000 [08:44<00:35,  1.86it/s] 94%|█████████▎| 935/1000 [08:45<00:34,  1.86it/s] 94%|█████████▎| 936/1000 [08:45<00:34,  1.87it/s] 94%|█████████▎| 937/1000 [08:46<00:33,  1.87it/s] 94%|█████████▍| 938/1000 [08:46<00:33,  1.88it/s] 94%|█████████▍| 939/1000 [08:47<00:32,  1.88it/s] 94%|█████████▍| 940/1000 [08:47<00:31,  1.88it/s]                                                  {'loss': 0.0827, 'grad_norm': 0.4929517585012754, 'learning_rate': 1.2200000000000002e-06, 'entropy': 0.089599609375, 'num_tokens': 3123875.0, 'mean_token_accuracy': 0.9759020328521728, 'epoch': 9.4}
 94%|█████████▍| 940/1000 [08:47<00:31,  1.88it/s] 94%|█████████▍| 941/1000 [08:48<00:31,  1.88it/s] 94%|█████████▍| 942/1000 [08:48<00:31,  1.82it/s] 94%|█████████▍| 943/1000 [08:49<00:31,  1.83it/s] 94%|█████████▍| 944/1000 [08:49<00:30,  1.85it/s] 94%|█████████▍| 945/1000 [08:50<00:29,  1.85it/s] 95%|█████████▍| 946/1000 [08:51<00:29,  1.86it/s] 95%|█████████▍| 947/1000 [08:51<00:28,  1.85it/s] 95%|█████████▍| 948/1000 [08:52<00:27,  1.86it/s] 95%|█████████▍| 949/1000 [08:52<00:27,  1.87it/s] 95%|█████████▌| 950/1000 [08:53<00:26,  1.87it/s]                                                  {'loss': 0.084, 'grad_norm': 0.45270487592492303, 'learning_rate': 1.02e-06, 'entropy': 0.087451171875, 'num_tokens': 3156220.0, 'mean_token_accuracy': 0.9768475770950318, 'epoch': 9.5}
 95%|█████████▌| 950/1000 [08:53<00:26,  1.87it/s] 95%|█████████▌| 951/1000 [08:53<00:26,  1.87it/s] 95%|█████████▌| 952/1000 [08:54<00:25,  1.88it/s] 95%|█████████▌| 953/1000 [08:54<00:25,  1.82it/s] 95%|█████████▌| 954/1000 [08:55<00:24,  1.84it/s] 96%|█████████▌| 955/1000 [08:55<00:25,  1.79it/s] 96%|█████████▌| 956/1000 [08:56<00:24,  1.80it/s] 96%|█████████▌| 957/1000 [08:57<00:23,  1.82it/s] 96%|█████████▌| 958/1000 [08:57<00:23,  1.81it/s] 96%|█████████▌| 959/1000 [08:58<00:22,  1.82it/s] 96%|█████████▌| 960/1000 [08:58<00:21,  1.84it/s]                                                  {'loss': 0.0821, 'grad_norm': 0.45957640577354786, 'learning_rate': 8.200000000000001e-07, 'entropy': 0.087255859375, 'num_tokens': 3189437.0, 'mean_token_accuracy': 0.9760712146759033, 'epoch': 9.6}
 96%|█████████▌| 960/1000 [08:58<00:21,  1.84it/s] 96%|█████████▌| 961/1000 [08:59<00:21,  1.83it/s] 96%|█████████▌| 962/1000 [08:59<00:20,  1.85it/s] 96%|█████████▋| 963/1000 [09:00<00:19,  1.86it/s] 96%|█████████▋| 964/1000 [09:00<00:19,  1.86it/s] 96%|█████████▋| 965/1000 [09:01<00:18,  1.87it/s] 97%|█████████▋| 966/1000 [09:01<00:18,  1.88it/s] 97%|█████████▋| 967/1000 [09:02<00:17,  1.88it/s] 97%|█████████▋| 968/1000 [09:02<00:16,  1.89it/s] 97%|█████████▋| 969/1000 [09:03<00:16,  1.87it/s] 97%|█████████▋| 970/1000 [09:04<00:16,  1.87it/s]                                                  {'loss': 0.0832, 'grad_norm': 0.5185751035749421, 'learning_rate': 6.200000000000001e-07, 'entropy': 0.08583984375, 'num_tokens': 3222334.0, 'mean_token_accuracy': 0.9760539472103119, 'epoch': 9.7}
 97%|█████████▋| 970/1000 [09:04<00:16,  1.87it/s] 97%|█████████▋| 971/1000 [09:04<00:15,  1.87it/s] 97%|█████████▋| 972/1000 [09:05<00:14,  1.88it/s] 97%|█████████▋| 973/1000 [09:05<00:14,  1.88it/s] 97%|█████████▋| 974/1000 [09:06<00:13,  1.88it/s] 98%|█████████▊| 975/1000 [09:06<00:13,  1.86it/s] 98%|█████████▊| 976/1000 [09:07<00:12,  1.86it/s] 98%|█████████▊| 977/1000 [09:07<00:12,  1.84it/s] 98%|█████████▊| 978/1000 [09:08<00:11,  1.86it/s] 98%|█████████▊| 979/1000 [09:08<00:11,  1.76it/s] 98%|█████████▊| 980/1000 [09:09<00:11,  1.79it/s]                                                  {'loss': 0.0863, 'grad_norm': 0.51289221090516, 'learning_rate': 4.2000000000000006e-07, 'entropy': 0.09052734375, 'num_tokens': 3254195.0, 'mean_token_accuracy': 0.9751260817050934, 'epoch': 9.8}
 98%|█████████▊| 980/1000 [09:09<00:11,  1.79it/s] 98%|█████████▊| 981/1000 [09:10<00:11,  1.73it/s] 98%|█████████▊| 982/1000 [09:10<00:10,  1.76it/s] 98%|█████████▊| 983/1000 [09:11<00:09,  1.79it/s] 98%|█████████▊| 984/1000 [09:11<00:09,  1.77it/s] 98%|█████████▊| 985/1000 [09:12<00:08,  1.80it/s] 99%|█████████▊| 986/1000 [09:12<00:07,  1.82it/s] 99%|█████████▊| 987/1000 [09:13<00:07,  1.84it/s] 99%|█████████▉| 988/1000 [09:13<00:06,  1.85it/s] 99%|█████████▉| 989/1000 [09:14<00:06,  1.67it/s] 99%|█████████▉| 990/1000 [09:15<00:05,  1.73it/s]                                                  {'loss': 0.0823, 'grad_norm': 0.4943771692173956, 'learning_rate': 2.2e-07, 'entropy': 0.087451171875, 'num_tokens': 3287528.0, 'mean_token_accuracy': 0.9767141163349151, 'epoch': 9.9}
 99%|█████████▉| 990/1000 [09:15<00:05,  1.73it/s] 99%|█████████▉| 991/1000 [09:15<00:05,  1.77it/s] 99%|█████████▉| 992/1000 [09:16<00:04,  1.80it/s] 99%|█████████▉| 993/1000 [09:16<00:03,  1.82it/s] 99%|█████████▉| 994/1000 [09:17<00:03,  1.73it/s]100%|█████████▉| 995/1000 [09:17<00:02,  1.77it/s]100%|█████████▉| 996/1000 [09:18<00:02,  1.78it/s]100%|█████████▉| 997/1000 [09:19<00:01,  1.81it/s]100%|█████████▉| 998/1000 [09:19<00:01,  1.81it/s]100%|█████████▉| 999/1000 [09:20<00:00,  1.82it/s]100%|██████████| 1000/1000 [09:20<00:00,  1.84it/s]                                                   {'loss': 0.081, 'grad_norm': 0.4194113311988603, 'learning_rate': 2e-08, 'entropy': 0.087255859375, 'num_tokens': 3321700.0, 'mean_token_accuracy': 0.9765635430812836, 'epoch': 10.0}
100%|██████████| 1000/1000 [09:20<00:00,  1.84it/s]

Training completed. Do not forget to share your model on huggingface.co/models =)


                                                   {'train_runtime': 561.8846, 'train_samples_per_second': 56.951, 'train_steps_per_second': 1.78, 'train_loss': 0.2631724267601967, 'epoch': 10.0}
100%|██████████| 1000/1000 [09:20<00:00,  1.84it/s]100%|██████████| 1000/1000 [09:20<00:00,  1.78it/s]

Time End

2025-11-27 05:33:50.452006
✅ Training finished. Cleaning up...
wandb: updating run metadata
wandb: uploading history steps 98-100, summary, console lines 99-111
wandb: 
wandb: Run history:
wandb:             train/entropy █▆▆▆▆▃▃▂▂▂▂▂▂▂▂▂▁▁▁▁▁▁▁▁▁▁▁▁▁▁▁▁▁▁▁▁▁▁▁▁
wandb:               train/epoch ▁▁▂▂▂▃▃▃▃▃▄▄▄▄▄▄▄▄▄▅▅▅▅▅▅▆▆▆▆▆▆▆▆▇▇▇▇▇██
wandb:         train/global_step ▁▁▁▁▁▂▂▂▂▂▂▃▃▃▃▃▃▄▄▅▅▅▅▅▅▅▆▆▆▆▇▇▇▇▇█████
wandb:           train/grad_norm █▆▆▆▅▅▅▅▆▅▄▄▃▄▄▃▃▃▃▂▂▂▂▂▂▁▁▁▂▁▁▁▁▂▂▁▁▁▁▁
wandb:       train/learning_rate ███████▇▇▇▇▆▆▆▆▅▅▅▅▅▅▅▄▄▄▄▄▃▃▃▃▃▂▂▂▂▁▁▁▁
wandb:                train/loss █▆▆▆▆▃▃▃▃▂▂▂▂▁▁▁▁▁▁▁▁▁▁▁▁▁▁▁▁▁▁▁▁▁▁▁▁▁▁▁
wandb: train/mean_token_accuracy ▂▁▁▁▅▅▅▇▇▇▇▇▇▇▇█████████████████████████
wandb:          train/num_tokens ▁▁▁▁▂▂▂▂▂▂▂▃▃▃▃▃▄▄▄▄▄▅▅▅▅▆▆▆▆▆▆▆▇▇▇▇████
wandb: 
wandb: Run summary:
wandb:                total_flos 8213787279360.0
wandb:             train/entropy 0.08726
wandb:               train/epoch 10
wandb:         train/global_step 1000
wandb:           train/grad_norm 0.41941
wandb:       train/learning_rate 0.0
wandb:                train/loss 0.081
wandb: train/mean_token_accuracy 0.97656
wandb:          train/num_tokens 3321700.0
wandb:                train_loss 0.26317
wandb:                        +3 ...
wandb: 
wandb: 🚀 View run phd_deepspeed_zero3_8_bs_4_8b_20251127_052400 at: https://wandb.ai/alishafique3-kstate/phd_deepspeed_zero3_8_bs_4_8b/runs/1am4g19e
wandb: ⭐️ View project at: https://wandb.ai/alishafique3-kstate/phd_deepspeed_zero3_8_bs_4_8b
wandb: Synced 5 W&B file(s), 0 media file(s), 0 artifact file(s) and 0 other file(s)
wandb: Find logs at: ./wandb/run-20251127_052428-1am4g19e/logs
furious-puma-1:187510:188384 [1] NCCL INFO [Service thread] Connection closed by localRank 0
furious-puma-1:187510:187957 [1] NCCL INFO [Service thread] Connection closed by localRank 0
furious-puma-1:187516:188380 [7] NCCL INFO [Service thread] Connection closed by localRank 0
furious-puma-1:187516:187959 [7] NCCL INFO [Service thread] Connection closed by localRank 0
furious-puma-1:187514:188382 [5] NCCL INFO [Service thread] Connection closed by localRank 6
furious-puma-1:187516:188380 [7] NCCL INFO [Service thread] Connection closed by localRank 6
furious-puma-1:187514:187953 [5] NCCL INFO [Service thread] Connection closed by localRank 6
furious-puma-1:187516:187959 [7] NCCL INFO [Service thread] Connection closed by localRank 6
furious-puma-1:187514:188382 [5] NCCL INFO [Service thread] Connection closed by localRank 4
furious-puma-1:187512:188374 [0] NCCL INFO [Service thread] Connection closed by localRank 4
furious-puma-1:187514:187953 [5] NCCL INFO [Service thread] Connection closed by localRank 4
furious-puma-1:187512:187945 [0] NCCL INFO [Service thread] Connection closed by localRank 4
furious-puma-1:187511:188372 [0] NCCL INFO [Service thread] Connection closed by localRank 1
furious-puma-1:187511:187955 [0] NCCL INFO [Service thread] Connection closed by localRank 1
furious-puma-1:187512:188374 [0] NCCL INFO [Service thread] Connection closed by localRank 2
furious-puma-1:187512:187945 [0] NCCL INFO [Service thread] Connection closed by localRank 2
