timestamp, index, name, pstate, utilization.gpu [%], utilization.memory [%], memory.total [MiB], memory.free [MiB], memory.used [MiB], temperature.gpu, temperature.memory, power.draw [W], power.limit [W], power.max_limit [W], clocks.current.graphics [MHz], clocks.current.memory [MHz], fan.speed [%]
2025/11/27 05:14:51.762, 0, NVIDIA H100 80GB HBM3, P0, 0 %, 0 %, 81559 MiB, 81080 MiB, 0 MiB, 32, 41, 70.36 W, 700.00 W, 700.00 W, 345 MHz, 2619 MHz, [N/A]
2025/11/27 05:14:51.771, 1, NVIDIA H100 80GB HBM3, P0, 0 %, 0 %, 81559 MiB, 81080 MiB, 0 MiB, 36, 43, 72.22 W, 700.00 W, 700.00 W, 345 MHz, 2619 MHz, [N/A]
2025/11/27 05:14:51.780, 2, NVIDIA H100 80GB HBM3, P0, 0 %, 0 %, 81559 MiB, 81080 MiB, 0 MiB, 36, 42, 75.08 W, 700.00 W, 700.00 W, 345 MHz, 2619 MHz, [N/A]
2025/11/27 05:14:51.788, 3, NVIDIA H100 80GB HBM3, P0, 0 %, 0 %, 81559 MiB, 81080 MiB, 0 MiB, 31, 41, 71.08 W, 700.00 W, 700.00 W, 345 MHz, 2619 MHz, [N/A]
2025/11/27 05:14:51.796, 4, NVIDIA H100 80GB HBM3, P0, 0 %, 0 %, 81559 MiB, 81080 MiB, 0 MiB, 31, 37, 69.76 W, 700.00 W, 700.00 W, 345 MHz, 2619 MHz, [N/A]
2025/11/27 05:14:51.804, 5, NVIDIA H100 80GB HBM3, P0, 0 %, 0 %, 81559 MiB, 81080 MiB, 0 MiB, 35, 41, 71.87 W, 700.00 W, 700.00 W, 345 MHz, 2619 MHz, [N/A]
2025/11/27 05:14:51.813, 6, NVIDIA H100 80GB HBM3, P0, 0 %, 0 %, 81559 MiB, 81080 MiB, 0 MiB, 34, 41, 69.82 W, 700.00 W, 700.00 W, 345 MHz, 2619 MHz, [N/A]
2025/11/27 05:14:51.821, 7, NVIDIA H100 80GB HBM3, P0, 0 %, 0 %, 81559 MiB, 81080 MiB, 0 MiB, 32, 40, 70.30 W, 700.00 W, 700.00 W, 345 MHz, 2619 MHz, [N/A]
2025/11/27 05:14:56.830, 0, NVIDIA H100 80GB HBM3, P0, 0 %, 0 %, 81559 MiB, 81076 MiB, 4 MiB, 32, 41, 72.55 W, 700.00 W, 700.00 W, 345 MHz, 2619 MHz, [N/A]
2025/11/27 05:14:56.839, 1, NVIDIA H100 80GB HBM3, P0, 0 %, 0 %, 81559 MiB, 81076 MiB, 4 MiB, 35, 44, 72.31 W, 700.00 W, 700.00 W, 345 MHz, 2619 MHz, [N/A]
2025/11/27 05:14:56.842, 2, NVIDIA H100 80GB HBM3, P0, 0 %, 0 %, 81559 MiB, 81076 MiB, 4 MiB, 35, 42, 74.98 W, 700.00 W, 700.00 W, 345 MHz, 2619 MHz, [N/A]
2025/11/27 05:14:56.843, 3, NVIDIA H100 80GB HBM3, P0, 0 %, 0 %, 81559 MiB, 81076 MiB, 4 MiB, 31, 40, 71.09 W, 700.00 W, 700.00 W, 345 MHz, 2619 MHz, [N/A]
2025/11/27 05:14:56.844, 4, NVIDIA H100 80GB HBM3, P0, 0 %, 0 %, 81559 MiB, 81076 MiB, 4 MiB, 31, 38, 72.93 W, 700.00 W, 700.00 W, 795 MHz, 2619 MHz, [N/A]
2025/11/27 05:14:56.844, 5, NVIDIA H100 80GB HBM3, P0, 0 %, 0 %, 81559 MiB, 81076 MiB, 4 MiB, 35, 41, 71.81 W, 700.00 W, 700.00 W, 345 MHz, 2619 MHz, [N/A]
2025/11/27 05:14:56.845, 6, NVIDIA H100 80GB HBM3, P0, 0 %, 0 %, 81559 MiB, 81076 MiB, 4 MiB, 34, 41, 69.80 W, 700.00 W, 700.00 W, 345 MHz, 2619 MHz, [N/A]
2025/11/27 05:14:56.847, 7, NVIDIA H100 80GB HBM3, P0, 0 %, 0 %, 81559 MiB, 81076 MiB, 4 MiB, 32, 39, 70.17 W, 700.00 W, 700.00 W, 345 MHz, 2619 MHz, [N/A]
2025/11/27 05:15:01.848, 0, NVIDIA H100 80GB HBM3, P0, 0 %, 0 %, 81559 MiB, 81076 MiB, 4 MiB, 32, 41, 70.28 W, 700.00 W, 700.00 W, 345 MHz, 2619 MHz, [N/A]
2025/11/27 05:15:01.850, 1, NVIDIA H100 80GB HBM3, P0, 0 %, 0 %, 81559 MiB, 81076 MiB, 4 MiB, 35, 42, 72.11 W, 700.00 W, 700.00 W, 345 MHz, 2619 MHz, [N/A]
2025/11/27 05:15:01.851, 2, NVIDIA H100 80GB HBM3, P0, 0 %, 0 %, 81559 MiB, 81076 MiB, 4 MiB, 35, 42, 74.84 W, 700.00 W, 700.00 W, 345 MHz, 2619 MHz, [N/A]
2025/11/27 05:15:01.852, 3, NVIDIA H100 80GB HBM3, P0, 0 %, 0 %, 81559 MiB, 81076 MiB, 4 MiB, 31, 40, 71.05 W, 700.00 W, 700.00 W, 345 MHz, 2619 MHz, [N/A]
2025/11/27 05:15:01.853, 4, NVIDIA H100 80GB HBM3, P0, 0 %, 0 %, 81559 MiB, 81076 MiB, 4 MiB, 30, 37, 69.93 W, 700.00 W, 700.00 W, 345 MHz, 2619 MHz, [N/A]
2025/11/27 05:15:01.854, 5, NVIDIA H100 80GB HBM3, P0, 0 %, 0 %, 81559 MiB, 81076 MiB, 4 MiB, 34, 41, 71.73 W, 700.00 W, 700.00 W, 345 MHz, 2619 MHz, [N/A]
2025/11/27 05:15:01.854, 6, NVIDIA H100 80GB HBM3, P0, 0 %, 0 %, 81559 MiB, 81076 MiB, 4 MiB, 34, 41, 69.72 W, 700.00 W, 700.00 W, 345 MHz, 2619 MHz, [N/A]
2025/11/27 05:15:01.855, 7, NVIDIA H100 80GB HBM3, P0, 0 %, 0 %, 81559 MiB, 81076 MiB, 4 MiB, 32, 39, 70.21 W, 700.00 W, 700.00 W, 345 MHz, 2619 MHz, [N/A]
2025/11/27 05:15:06.857, 0, NVIDIA H100 80GB HBM3, P0, 0 %, 0 %, 81559 MiB, 80351 MiB, 729 MiB, 33, 41, 115.61 W, 700.00 W, 700.00 W, 1980 MHz, 2619 MHz, [N/A]
2025/11/27 05:15:06.862, 1, NVIDIA H100 80GB HBM3, P0, 7 %, 0 %, 81559 MiB, 80353 MiB, 727 MiB, 36, 42, 120.88 W, 700.00 W, 700.00 W, 1980 MHz, 2619 MHz, [N/A]
2025/11/27 05:15:06.867, 2, NVIDIA H100 80GB HBM3, P0, 0 %, 0 %, 81559 MiB, 80351 MiB, 729 MiB, 36, 42, 121.43 W, 700.00 W, 700.00 W, 1980 MHz, 2619 MHz, [N/A]
2025/11/27 05:15:06.872, 3, NVIDIA H100 80GB HBM3, P0, 0 %, 0 %, 81559 MiB, 80351 MiB, 729 MiB, 32, 40, 118.64 W, 700.00 W, 700.00 W, 1980 MHz, 2619 MHz, [N/A]
2025/11/27 05:15:06.877, 4, NVIDIA H100 80GB HBM3, P0, 0 %, 0 %, 81559 MiB, 80353 MiB, 727 MiB, 31, 37, 115.52 W, 700.00 W, 700.00 W, 1980 MHz, 2619 MHz, [N/A]
2025/11/27 05:15:06.881, 5, NVIDIA H100 80GB HBM3, P0, 0 %, 0 %, 81559 MiB, 80351 MiB, 729 MiB, 35, 41, 121.02 W, 700.00 W, 700.00 W, 1980 MHz, 2619 MHz, [N/A]
2025/11/27 05:15:06.886, 6, NVIDIA H100 80GB HBM3, P0, 0 %, 0 %, 81559 MiB, 80351 MiB, 729 MiB, 35, 41, 116.24 W, 700.00 W, 700.00 W, 1980 MHz, 2619 MHz, [N/A]
2025/11/27 05:15:06.890, 7, NVIDIA H100 80GB HBM3, P0, 0 %, 0 %, 81559 MiB, 80351 MiB, 729 MiB, 33, 39, 115.72 W, 700.00 W, 700.00 W, 1980 MHz, 2619 MHz, [N/A]
2025/11/27 05:15:11.894, 0, NVIDIA H100 80GB HBM3, P0, 0 %, 0 %, 81559 MiB, 80035 MiB, 1045 MiB, 33, 41, 115.70 W, 700.00 W, 700.00 W, 1980 MHz, 2619 MHz, [N/A]
2025/11/27 05:15:11.895, 1, NVIDIA H100 80GB HBM3, P0, 0 %, 0 %, 81559 MiB, 80035 MiB, 1045 MiB, 36, 43, 120.97 W, 700.00 W, 700.00 W, 1980 MHz, 2619 MHz, [N/A]
2025/11/27 05:15:11.895, 2, NVIDIA H100 80GB HBM3, P0, 0 %, 0 %, 81559 MiB, 80035 MiB, 1045 MiB, 36, 42, 121.38 W, 700.00 W, 700.00 W, 1980 MHz, 2619 MHz, [N/A]
2025/11/27 05:15:11.896, 3, NVIDIA H100 80GB HBM3, P0, 0 %, 0 %, 81559 MiB, 80035 MiB, 1045 MiB, 32, 40, 118.72 W, 700.00 W, 700.00 W, 1980 MHz, 2619 MHz, [N/A]
2025/11/27 05:15:11.896, 4, NVIDIA H100 80GB HBM3, P0, 0 %, 0 %, 81559 MiB, 80035 MiB, 1045 MiB, 32, 37, 114.13 W, 700.00 W, 700.00 W, 1980 MHz, 2619 MHz, [N/A]
2025/11/27 05:15:11.897, 5, NVIDIA H100 80GB HBM3, P0, 0 %, 0 %, 81559 MiB, 80035 MiB, 1045 MiB, 35, 41, 119.69 W, 700.00 W, 700.00 W, 1980 MHz, 2619 MHz, [N/A]
2025/11/27 05:15:11.897, 6, NVIDIA H100 80GB HBM3, P0, 0 %, 0 %, 81559 MiB, 80035 MiB, 1045 MiB, 35, 41, 116.24 W, 700.00 W, 700.00 W, 1980 MHz, 2619 MHz, [N/A]
2025/11/27 05:15:11.898, 7, NVIDIA H100 80GB HBM3, P0, 0 %, 0 %, 81559 MiB, 80035 MiB, 1045 MiB, 33, 39, 115.74 W, 700.00 W, 700.00 W, 1980 MHz, 2619 MHz, [N/A]
2025/11/27 05:15:16.899, 0, NVIDIA H100 80GB HBM3, P0, 0 %, 0 %, 81559 MiB, 80035 MiB, 1045 MiB, 33, 41, 115.75 W, 700.00 W, 700.00 W, 1980 MHz, 2619 MHz, [N/A]
2025/11/27 05:15:16.900, 1, NVIDIA H100 80GB HBM3, P0, 0 %, 0 %, 81559 MiB, 80035 MiB, 1045 MiB, 36, 42, 120.91 W, 700.00 W, 700.00 W, 1980 MHz, 2619 MHz, [N/A]
2025/11/27 05:15:16.901, 2, NVIDIA H100 80GB HBM3, P0, 0 %, 0 %, 81559 MiB, 80035 MiB, 1045 MiB, 36, 42, 121.40 W, 700.00 W, 700.00 W, 1980 MHz, 2619 MHz, [N/A]
2025/11/27 05:15:16.902, 3, NVIDIA H100 80GB HBM3, P0, 0 %, 0 %, 81559 MiB, 80035 MiB, 1045 MiB, 32, 40, 118.74 W, 700.00 W, 700.00 W, 1980 MHz, 2619 MHz, [N/A]
2025/11/27 05:15:16.902, 4, NVIDIA H100 80GB HBM3, P0, 0 %, 0 %, 81559 MiB, 80035 MiB, 1045 MiB, 32, 37, 114.18 W, 700.00 W, 700.00 W, 1980 MHz, 2619 MHz, [N/A]
2025/11/27 05:15:16.903, 5, NVIDIA H100 80GB HBM3, P0, 0 %, 0 %, 81559 MiB, 80035 MiB, 1045 MiB, 35, 41, 119.60 W, 700.00 W, 700.00 W, 1980 MHz, 2619 MHz, [N/A]
2025/11/27 05:15:16.904, 6, NVIDIA H100 80GB HBM3, P0, 0 %, 0 %, 81559 MiB, 80035 MiB, 1045 MiB, 35, 42, 116.15 W, 700.00 W, 700.00 W, 1980 MHz, 2619 MHz, [N/A]
2025/11/27 05:15:16.904, 7, NVIDIA H100 80GB HBM3, P0, 0 %, 0 %, 81559 MiB, 80035 MiB, 1045 MiB, 33, 39, 115.83 W, 700.00 W, 700.00 W, 1980 MHz, 2619 MHz, [N/A]
2025/11/27 05:15:21.905, 0, NVIDIA H100 80GB HBM3, P0, 0 %, 0 %, 81559 MiB, 80035 MiB, 1045 MiB, 33, 41, 115.74 W, 700.00 W, 700.00 W, 1980 MHz, 2619 MHz, [N/A]
2025/11/27 05:15:21.906, 1, NVIDIA H100 80GB HBM3, P0, 0 %, 0 %, 81559 MiB, 80035 MiB, 1045 MiB, 36, 43, 120.96 W, 700.00 W, 700.00 W, 1980 MHz, 2619 MHz, [N/A]
2025/11/27 05:15:21.906, 2, NVIDIA H100 80GB HBM3, P0, 0 %, 0 %, 81559 MiB, 80035 MiB, 1045 MiB, 36, 42, 121.37 W, 700.00 W, 700.00 W, 1980 MHz, 2619 MHz, [N/A]
2025/11/27 05:15:21.907, 3, NVIDIA H100 80GB HBM3, P0, 0 %, 0 %, 81559 MiB, 80035 MiB, 1045 MiB, 33, 40, 118.77 W, 700.00 W, 700.00 W, 1980 MHz, 2619 MHz, [N/A]
2025/11/27 05:15:21.908, 4, NVIDIA H100 80GB HBM3, P0, 0 %, 0 %, 81559 MiB, 80035 MiB, 1045 MiB, 32, 37, 114.22 W, 700.00 W, 700.00 W, 1980 MHz, 2619 MHz, [N/A]
2025/11/27 05:15:21.908, 5, NVIDIA H100 80GB HBM3, P0, 0 %, 0 %, 81559 MiB, 80035 MiB, 1045 MiB, 35, 41, 119.66 W, 700.00 W, 700.00 W, 1980 MHz, 2619 MHz, [N/A]
2025/11/27 05:15:21.909, 6, NVIDIA H100 80GB HBM3, P0, 0 %, 0 %, 81559 MiB, 80035 MiB, 1045 MiB, 35, 41, 116.24 W, 700.00 W, 700.00 W, 1980 MHz, 2619 MHz, [N/A]
2025/11/27 05:15:21.909, 7, NVIDIA H100 80GB HBM3, P0, 0 %, 0 %, 81559 MiB, 80035 MiB, 1045 MiB, 33, 40, 115.75 W, 700.00 W, 700.00 W, 1980 MHz, 2619 MHz, [N/A]
2025/11/27 05:15:26.911, 0, NVIDIA H100 80GB HBM3, P0, 0 %, 0 %, 81559 MiB, 80035 MiB, 1045 MiB, 33, 41, 115.80 W, 700.00 W, 700.00 W, 1980 MHz, 2619 MHz, [N/A]
2025/11/27 05:15:26.912, 1, NVIDIA H100 80GB HBM3, P0, 0 %, 0 %, 81559 MiB, 80035 MiB, 1045 MiB, 36, 42, 120.97 W, 700.00 W, 700.00 W, 1980 MHz, 2619 MHz, [N/A]
2025/11/27 05:15:26.913, 2, NVIDIA H100 80GB HBM3, P0, 0 %, 0 %, 81559 MiB, 80035 MiB, 1045 MiB, 36, 42, 121.45 W, 700.00 W, 700.00 W, 1980 MHz, 2619 MHz, [N/A]
2025/11/27 05:15:26.913, 3, NVIDIA H100 80GB HBM3, P0, 0 %, 0 %, 81559 MiB, 80035 MiB, 1045 MiB, 33, 41, 118.82 W, 700.00 W, 700.00 W, 1980 MHz, 2619 MHz, [N/A]
2025/11/27 05:15:26.914, 4, NVIDIA H100 80GB HBM3, P0, 0 %, 0 %, 81559 MiB, 80035 MiB, 1045 MiB, 32, 37, 114.24 W, 700.00 W, 700.00 W, 1980 MHz, 2619 MHz, [N/A]
2025/11/27 05:15:26.915, 5, NVIDIA H100 80GB HBM3, P0, 0 %, 0 %, 81559 MiB, 80035 MiB, 1045 MiB, 35, 41, 119.65 W, 700.00 W, 700.00 W, 1980 MHz, 2619 MHz, [N/A]
2025/11/27 05:15:26.915, 6, NVIDIA H100 80GB HBM3, P0, 0 %, 0 %, 81559 MiB, 80035 MiB, 1045 MiB, 35, 41, 116.26 W, 700.00 W, 700.00 W, 1980 MHz, 2619 MHz, [N/A]
2025/11/27 05:15:26.916, 7, NVIDIA H100 80GB HBM3, P0, 0 %, 0 %, 81559 MiB, 80035 MiB, 1045 MiB, 33, 39, 115.86 W, 700.00 W, 700.00 W, 1980 MHz, 2619 MHz, [N/A]
2025/11/27 05:15:31.917, 0, NVIDIA H100 80GB HBM3, P0, 0 %, 0 %, 81559 MiB, 80035 MiB, 1045 MiB, 33, 41, 115.79 W, 700.00 W, 700.00 W, 1980 MHz, 2619 MHz, [N/A]
2025/11/27 05:15:31.918, 1, NVIDIA H100 80GB HBM3, P0, 0 %, 0 %, 81559 MiB, 80035 MiB, 1045 MiB, 36, 43, 120.92 W, 700.00 W, 700.00 W, 1980 MHz, 2619 MHz, [N/A]
2025/11/27 05:15:31.919, 2, NVIDIA H100 80GB HBM3, P0, 0 %, 0 %, 81559 MiB, 80035 MiB, 1045 MiB, 36, 43, 121.43 W, 700.00 W, 700.00 W, 1980 MHz, 2619 MHz, [N/A]
2025/11/27 05:15:31.920, 3, NVIDIA H100 80GB HBM3, P0, 0 %, 0 %, 81559 MiB, 80035 MiB, 1045 MiB, 33, 41, 118.77 W, 700.00 W, 700.00 W, 1980 MHz, 2619 MHz, [N/A]
2025/11/27 05:15:31.920, 4, NVIDIA H100 80GB HBM3, P0, 0 %, 0 %, 81559 MiB, 80035 MiB, 1045 MiB, 32, 37, 114.24 W, 700.00 W, 700.00 W, 1980 MHz, 2619 MHz, [N/A]
2025/11/27 05:15:31.921, 5, NVIDIA H100 80GB HBM3, P0, 0 %, 0 %, 81559 MiB, 80035 MiB, 1045 MiB, 36, 41, 119.69 W, 700.00 W, 700.00 W, 1980 MHz, 2619 MHz, [N/A]
2025/11/27 05:15:31.922, 6, NVIDIA H100 80GB HBM3, P0, 0 %, 0 %, 81559 MiB, 80035 MiB, 1045 MiB, 35, 41, 116.28 W, 700.00 W, 700.00 W, 1980 MHz, 2619 MHz, [N/A]
2025/11/27 05:15:31.922, 7, NVIDIA H100 80GB HBM3, P0, 0 %, 0 %, 81559 MiB, 80035 MiB, 1045 MiB, 33, 39, 115.82 W, 700.00 W, 700.00 W, 1980 MHz, 2619 MHz, [N/A]
2025/11/27 05:15:36.924, 0, NVIDIA H100 80GB HBM3, P0, 0 %, 0 %, 81559 MiB, 80035 MiB, 1045 MiB, 33, 41, 115.86 W, 700.00 W, 700.00 W, 1980 MHz, 2619 MHz, [N/A]
2025/11/27 05:15:36.925, 1, NVIDIA H100 80GB HBM3, P0, 0 %, 0 %, 81559 MiB, 80035 MiB, 1045 MiB, 36, 42, 121.05 W, 700.00 W, 700.00 W, 1980 MHz, 2619 MHz, [N/A]
2025/11/27 05:15:36.925, 2, NVIDIA H100 80GB HBM3, P0, 0 %, 0 %, 81559 MiB, 80035 MiB, 1045 MiB, 36, 42, 121.43 W, 700.00 W, 700.00 W, 1980 MHz, 2619 MHz, [N/A]
2025/11/27 05:15:36.926, 3, NVIDIA H100 80GB HBM3, P0, 0 %, 0 %, 81559 MiB, 80035 MiB, 1045 MiB, 33, 41, 118.82 W, 700.00 W, 700.00 W, 1980 MHz, 2619 MHz, [N/A]
2025/11/27 05:15:36.927, 4, NVIDIA H100 80GB HBM3, P0, 0 %, 0 %, 81559 MiB, 80035 MiB, 1045 MiB, 32, 37, 114.28 W, 700.00 W, 700.00 W, 1980 MHz, 2619 MHz, [N/A]
2025/11/27 05:15:36.928, 5, NVIDIA H100 80GB HBM3, P0, 0 %, 0 %, 81559 MiB, 80035 MiB, 1045 MiB, 36, 41, 119.70 W, 700.00 W, 700.00 W, 1980 MHz, 2619 MHz, [N/A]
2025/11/27 05:15:36.928, 6, NVIDIA H100 80GB HBM3, P0, 0 %, 0 %, 81559 MiB, 80035 MiB, 1045 MiB, 35, 41, 116.28 W, 700.00 W, 700.00 W, 1980 MHz, 2619 MHz, [N/A]
2025/11/27 05:15:36.929, 7, NVIDIA H100 80GB HBM3, P0, 0 %, 0 %, 81559 MiB, 80035 MiB, 1045 MiB, 33, 39, 115.85 W, 700.00 W, 700.00 W, 1980 MHz, 2619 MHz, [N/A]
2025/11/27 05:15:41.930, 0, NVIDIA H100 80GB HBM3, P0, 0 %, 0 %, 81559 MiB, 80035 MiB, 1045 MiB, 33, 41, 115.85 W, 700.00 W, 700.00 W, 1980 MHz, 2619 MHz, [N/A]
2025/11/27 05:15:41.931, 1, NVIDIA H100 80GB HBM3, P0, 0 %, 0 %, 81559 MiB, 79745 MiB, 1335 MiB, 36, 42, 121.02 W, 700.00 W, 700.00 W, 1980 MHz, 2619 MHz, [N/A]
2025/11/27 05:15:41.932, 2, NVIDIA H100 80GB HBM3, P0, 0 %, 0 %, 81559 MiB, 79745 MiB, 1335 MiB, 36, 42, 121.47 W, 700.00 W, 700.00 W, 1980 MHz, 2619 MHz, [N/A]
2025/11/27 05:15:41.932, 3, NVIDIA H100 80GB HBM3, P0, 0 %, 0 %, 81559 MiB, 80035 MiB, 1045 MiB, 33, 41, 118.86 W, 700.00 W, 700.00 W, 1980 MHz, 2619 MHz, [N/A]
2025/11/27 05:15:41.933, 4, NVIDIA H100 80GB HBM3, P0, 0 %, 0 %, 81559 MiB, 79745 MiB, 1335 MiB, 32, 37, 114.31 W, 700.00 W, 700.00 W, 1980 MHz, 2619 MHz, [N/A]
2025/11/27 05:15:41.933, 5, NVIDIA H100 80GB HBM3, P0, 0 %, 0 %, 81559 MiB, 79745 MiB, 1335 MiB, 36, 41, 119.73 W, 700.00 W, 700.00 W, 1980 MHz, 2619 MHz, [N/A]
2025/11/27 05:15:41.934, 6, NVIDIA H100 80GB HBM3, P0, 0 %, 0 %, 81559 MiB, 79745 MiB, 1335 MiB, 35, 41, 116.27 W, 700.00 W, 700.00 W, 1980 MHz, 2619 MHz, [N/A]
2025/11/27 05:15:41.934, 7, NVIDIA H100 80GB HBM3, P0, 0 %, 0 %, 81559 MiB, 79745 MiB, 1335 MiB, 33, 39, 115.95 W, 700.00 W, 700.00 W, 1980 MHz, 2619 MHz, [N/A]
2025/11/27 05:15:46.936, 0, NVIDIA H100 80GB HBM3, P0, 0 %, 0 %, 81559 MiB, 80035 MiB, 1045 MiB, 34, 41, 115.88 W, 700.00 W, 700.00 W, 1980 MHz, 2619 MHz, [N/A]
2025/11/27 05:15:46.937, 1, NVIDIA H100 80GB HBM3, P0, 0 %, 0 %, 81559 MiB, 79745 MiB, 1335 MiB, 37, 42, 121.06 W, 700.00 W, 700.00 W, 1980 MHz, 2619 MHz, [N/A]
2025/11/27 05:15:46.937, 2, NVIDIA H100 80GB HBM3, P0, 0 %, 0 %, 81559 MiB, 79745 MiB, 1335 MiB, 36, 42, 121.52 W, 700.00 W, 700.00 W, 1980 MHz, 2619 MHz, [N/A]
2025/11/27 05:15:46.938, 3, NVIDIA H100 80GB HBM3, P0, 0 %, 0 %, 81559 MiB, 80035 MiB, 1045 MiB, 33, 41, 118.91 W, 700.00 W, 700.00 W, 1980 MHz, 2619 MHz, [N/A]
2025/11/27 05:15:46.939, 4, NVIDIA H100 80GB HBM3, P0, 0 %, 0 %, 81559 MiB, 79745 MiB, 1335 MiB, 32, 37, 114.35 W, 700.00 W, 700.00 W, 1980 MHz, 2619 MHz, [N/A]
2025/11/27 05:15:46.939, 5, NVIDIA H100 80GB HBM3, P0, 0 %, 0 %, 81559 MiB, 79745 MiB, 1335 MiB, 36, 41, 119.72 W, 700.00 W, 700.00 W, 1980 MHz, 2619 MHz, [N/A]
2025/11/27 05:15:46.940, 6, NVIDIA H100 80GB HBM3, P0, 0 %, 0 %, 81559 MiB, 79745 MiB, 1335 MiB, 35, 42, 116.32 W, 700.00 W, 700.00 W, 1980 MHz, 2619 MHz, [N/A]
2025/11/27 05:15:46.940, 7, NVIDIA H100 80GB HBM3, P0, 0 %, 0 %, 81559 MiB, 79745 MiB, 1335 MiB, 34, 40, 115.85 W, 700.00 W, 700.00 W, 1980 MHz, 2619 MHz, [N/A]
2025/11/27 05:15:51.942, 0, NVIDIA H100 80GB HBM3, P0, 0 %, 0 %, 81559 MiB, 79559 MiB, 1521 MiB, 34, 41, 116.00 W, 700.00 W, 700.00 W, 1980 MHz, 2619 MHz, [N/A]
2025/11/27 05:15:51.942, 1, NVIDIA H100 80GB HBM3, P0, 0 %, 0 %, 81559 MiB, 79559 MiB, 1521 MiB, 37, 42, 121.25 W, 700.00 W, 700.00 W, 1980 MHz, 2619 MHz, [N/A]
2025/11/27 05:15:51.943, 2, NVIDIA H100 80GB HBM3, P0, 0 %, 0 %, 81559 MiB, 79559 MiB, 1521 MiB, 36, 42, 121.54 W, 700.00 W, 700.00 W, 1980 MHz, 2619 MHz, [N/A]
2025/11/27 05:15:51.944, 3, NVIDIA H100 80GB HBM3, P0, 0 %, 0 %, 81559 MiB, 79559 MiB, 1521 MiB, 33, 41, 118.95 W, 700.00 W, 700.00 W, 1980 MHz, 2619 MHz, [N/A]
2025/11/27 05:15:51.944, 4, NVIDIA H100 80GB HBM3, P0, 0 %, 0 %, 81559 MiB, 79559 MiB, 1521 MiB, 32, 37, 114.40 W, 700.00 W, 700.00 W, 1980 MHz, 2619 MHz, [N/A]
2025/11/27 05:15:51.945, 5, NVIDIA H100 80GB HBM3, P0, 0 %, 0 %, 81559 MiB, 79559 MiB, 1521 MiB, 36, 41, 119.77 W, 700.00 W, 700.00 W, 1980 MHz, 2619 MHz, [N/A]
2025/11/27 05:15:51.945, 6, NVIDIA H100 80GB HBM3, P0, 0 %, 0 %, 81559 MiB, 79559 MiB, 1521 MiB, 35, 41, 116.37 W, 700.00 W, 700.00 W, 1980 MHz, 2619 MHz, [N/A]
2025/11/27 05:15:51.946, 7, NVIDIA H100 80GB HBM3, P0, 0 %, 0 %, 81559 MiB, 79559 MiB, 1521 MiB, 34, 40, 116.05 W, 700.00 W, 700.00 W, 1980 MHz, 2619 MHz, [N/A]
2025/11/27 05:15:56.947, 0, NVIDIA H100 80GB HBM3, P0, 0 %, 0 %, 81559 MiB, 79559 MiB, 1521 MiB, 34, 42, 116.07 W, 700.00 W, 700.00 W, 1980 MHz, 2619 MHz, [N/A]
2025/11/27 05:15:56.948, 1, NVIDIA H100 80GB HBM3, P0, 0 %, 0 %, 81559 MiB, 79559 MiB, 1521 MiB, 37, 42, 121.14 W, 700.00 W, 700.00 W, 1980 MHz, 2619 MHz, [N/A]
2025/11/27 05:15:56.949, 2, NVIDIA H100 80GB HBM3, P0, 0 %, 0 %, 81559 MiB, 79559 MiB, 1521 MiB, 36, 42, 121.61 W, 700.00 W, 700.00 W, 1980 MHz, 2619 MHz, [N/A]
2025/11/27 05:15:56.949, 3, NVIDIA H100 80GB HBM3, P0, 0 %, 0 %, 81559 MiB, 79559 MiB, 1521 MiB, 33, 41, 118.98 W, 700.00 W, 700.00 W, 1980 MHz, 2619 MHz, [N/A]
2025/11/27 05:15:56.950, 4, NVIDIA H100 80GB HBM3, P0, 0 %, 0 %, 81559 MiB, 79559 MiB, 1521 MiB, 32, 37, 114.42 W, 700.00 W, 700.00 W, 1980 MHz, 2619 MHz, [N/A]
2025/11/27 05:15:56.951, 5, NVIDIA H100 80GB HBM3, P0, 0 %, 0 %, 81559 MiB, 79559 MiB, 1521 MiB, 36, 41, 119.80 W, 700.00 W, 700.00 W, 1980 MHz, 2619 MHz, [N/A]
2025/11/27 05:15:56.951, 6, NVIDIA H100 80GB HBM3, P0, 0 %, 0 %, 81559 MiB, 79559 MiB, 1521 MiB, 35, 41, 116.43 W, 700.00 W, 700.00 W, 1980 MHz, 2619 MHz, [N/A]
2025/11/27 05:15:56.952, 7, NVIDIA H100 80GB HBM3, P0, 0 %, 0 %, 81559 MiB, 79559 MiB, 1521 MiB, 34, 41, 116.00 W, 700.00 W, 700.00 W, 1980 MHz, 2619 MHz, [N/A]
2025/11/27 05:16:01.953, 0, NVIDIA H100 80GB HBM3, P0, 0 %, 0 %, 81559 MiB, 79559 MiB, 1521 MiB, 34, 41, 116.13 W, 700.00 W, 700.00 W, 1980 MHz, 2619 MHz, [N/A]
2025/11/27 05:16:01.954, 1, NVIDIA H100 80GB HBM3, P0, 0 %, 0 %, 81559 MiB, 79559 MiB, 1521 MiB, 37, 43, 121.23 W, 700.00 W, 700.00 W, 1980 MHz, 2619 MHz, [N/A]
2025/11/27 05:16:01.954, 2, NVIDIA H100 80GB HBM3, P0, 7 %, 0 %, 81559 MiB, 67021 MiB, 14059 MiB, 37, 42, 122.62 W, 700.00 W, 700.00 W, 1980 MHz, 2619 MHz, [N/A]
2025/11/27 05:16:01.955, 3, NVIDIA H100 80GB HBM3, P0, 0 %, 0 %, 81559 MiB, 79559 MiB, 1521 MiB, 33, 41, 119.05 W, 700.00 W, 700.00 W, 1980 MHz, 2619 MHz, [N/A]
2025/11/27 05:16:01.955, 4, NVIDIA H100 80GB HBM3, P0, 0 %, 0 %, 81559 MiB, 79559 MiB, 1521 MiB, 32, 37, 114.46 W, 700.00 W, 700.00 W, 1980 MHz, 2619 MHz, [N/A]
2025/11/27 05:16:01.956, 5, NVIDIA H100 80GB HBM3, P0, 0 %, 0 %, 81559 MiB, 79559 MiB, 1521 MiB, 36, 41, 119.86 W, 700.00 W, 700.00 W, 1980 MHz, 2619 MHz, [N/A]
2025/11/27 05:16:01.956, 6, NVIDIA H100 80GB HBM3, P0, 16 %, 0 %, 81559 MiB, 68169 MiB, 12911 MiB, 35, 42, 117.00 W, 700.00 W, 700.00 W, 1980 MHz, 2619 MHz, [N/A]
2025/11/27 05:16:01.957, 7, NVIDIA H100 80GB HBM3, P0, 16 %, 0 %, 81559 MiB, 68169 MiB, 12911 MiB, 34, 41, 117.18 W, 700.00 W, 700.00 W, 1980 MHz, 2619 MHz, [N/A]
2025/11/27 05:16:06.958, 0, NVIDIA H100 80GB HBM3, P0, 12 %, 0 %, 81559 MiB, 73065 MiB, 8015 MiB, 34, 42, 116.75 W, 700.00 W, 700.00 W, 1980 MHz, 2619 MHz, [N/A]
2025/11/27 05:16:06.959, 1, NVIDIA H100 80GB HBM3, P0, 10 %, 0 %, 81559 MiB, 70381 MiB, 10699 MiB, 37, 43, 121.82 W, 700.00 W, 700.00 W, 1980 MHz, 2619 MHz, [N/A]
2025/11/27 05:16:06.960, 2, NVIDIA H100 80GB HBM3, P0, 0 %, 0 %, 81559 MiB, 64115 MiB, 16965 MiB, 37, 43, 121.68 W, 700.00 W, 700.00 W, 1980 MHz, 2619 MHz, [N/A]
2025/11/27 05:16:06.961, 3, NVIDIA H100 80GB HBM3, P0, 9 %, 0 %, 81559 MiB, 71365 MiB, 9715 MiB, 33, 41, 119.52 W, 700.00 W, 700.00 W, 1980 MHz, 2619 MHz, [N/A]
2025/11/27 05:16:06.962, 4, NVIDIA H100 80GB HBM3, P0, 0 %, 0 %, 81559 MiB, 64115 MiB, 16965 MiB, 32, 37, 114.92 W, 700.00 W, 700.00 W, 1980 MHz, 2619 MHz, [N/A]
2025/11/27 05:16:06.963, 5, NVIDIA H100 80GB HBM3, P0, 0 %, 0 %, 81559 MiB, 79559 MiB, 1521 MiB, 36, 41, 119.85 W, 700.00 W, 700.00 W, 1980 MHz, 2619 MHz, [N/A]
2025/11/27 05:16:06.963, 6, NVIDIA H100 80GB HBM3, P0, 0 %, 0 %, 81559 MiB, 64115 MiB, 16965 MiB, 35, 42, 116.47 W, 700.00 W, 700.00 W, 1980 MHz, 2619 MHz, [N/A]
2025/11/27 05:16:06.964, 7, NVIDIA H100 80GB HBM3, P0, 0 %, 0 %, 81559 MiB, 64115 MiB, 16965 MiB, 34, 40, 116.14 W, 700.00 W, 700.00 W, 1980 MHz, 2619 MHz, [N/A]
2025/11/27 05:16:11.965, 0, NVIDIA H100 80GB HBM3, P0, 0 %, 0 %, 81559 MiB, 63577 MiB, 17503 MiB, 34, 41, 116.18 W, 700.00 W, 700.00 W, 1980 MHz, 2619 MHz, [N/A]
2025/11/27 05:16:11.966, 1, NVIDIA H100 80GB HBM3, P0, 0 %, 0 %, 81559 MiB, 63577 MiB, 17503 MiB, 37, 43, 121.29 W, 700.00 W, 700.00 W, 1980 MHz, 2619 MHz, [N/A]
2025/11/27 05:16:11.967, 2, NVIDIA H100 80GB HBM3, P0, 0 %, 0 %, 81559 MiB, 63577 MiB, 17503 MiB, 37, 42, 121.71 W, 700.00 W, 700.00 W, 1980 MHz, 2619 MHz, [N/A]
2025/11/27 05:16:11.968, 3, NVIDIA H100 80GB HBM3, P0, 0 %, 0 %, 81559 MiB, 63577 MiB, 17503 MiB, 33, 41, 119.08 W, 700.00 W, 700.00 W, 1980 MHz, 2619 MHz, [N/A]
2025/11/27 05:16:11.969, 4, NVIDIA H100 80GB HBM3, P0, 0 %, 0 %, 81559 MiB, 63577 MiB, 17503 MiB, 32, 37, 114.51 W, 700.00 W, 700.00 W, 1980 MHz, 2619 MHz, [N/A]
2025/11/27 05:16:11.970, 5, NVIDIA H100 80GB HBM3, P0, 0 %, 0 %, 81559 MiB, 63577 MiB, 17503 MiB, 36, 41, 120.07 W, 700.00 W, 700.00 W, 1980 MHz, 2619 MHz, [N/A]
2025/11/27 05:16:11.970, 6, NVIDIA H100 80GB HBM3, P0, 0 %, 0 %, 81559 MiB, 63577 MiB, 17503 MiB, 35, 42, 116.51 W, 700.00 W, 700.00 W, 1980 MHz, 2619 MHz, [N/A]
2025/11/27 05:16:11.971, 7, NVIDIA H100 80GB HBM3, P0, 0 %, 0 %, 81559 MiB, 63577 MiB, 17503 MiB, 34, 41, 116.23 W, 700.00 W, 700.00 W, 1980 MHz, 2619 MHz, [N/A]
2025/11/27 05:16:16.973, 0, NVIDIA H100 80GB HBM3, P0, 7 %, 0 %, 81559 MiB, 63577 MiB, 17503 MiB, 34, 41, 116.18 W, 700.00 W, 700.00 W, 1980 MHz, 2619 MHz, [N/A]
2025/11/27 05:16:16.973, 1, NVIDIA H100 80GB HBM3, P0, 5 %, 0 %, 81559 MiB, 63577 MiB, 17503 MiB, 37, 43, 121.57 W, 700.00 W, 700.00 W, 1980 MHz, 2619 MHz, [N/A]
2025/11/27 05:16:16.974, 2, NVIDIA H100 80GB HBM3, P0, 7 %, 0 %, 81559 MiB, 63577 MiB, 17503 MiB, 37, 42, 122.10 W, 700.00 W, 700.00 W, 1980 MHz, 2619 MHz, [N/A]
2025/11/27 05:16:16.975, 3, NVIDIA H100 80GB HBM3, P0, 7 %, 0 %, 81559 MiB, 63577 MiB, 17503 MiB, 33, 41, 119.45 W, 700.00 W, 700.00 W, 1980 MHz, 2619 MHz, [N/A]
2025/11/27 05:16:16.976, 4, NVIDIA H100 80GB HBM3, P0, 5 %, 0 %, 81559 MiB, 63577 MiB, 17503 MiB, 32, 37, 114.77 W, 700.00 W, 700.00 W, 1980 MHz, 2619 MHz, [N/A]
2025/11/27 05:16:16.976, 5, NVIDIA H100 80GB HBM3, P0, 7 %, 0 %, 81559 MiB, 63577 MiB, 17503 MiB, 36, 41, 120.29 W, 700.00 W, 700.00 W, 1980 MHz, 2619 MHz, [N/A]
2025/11/27 05:16:16.977, 6, NVIDIA H100 80GB HBM3, P0, 7 %, 0 %, 81559 MiB, 63577 MiB, 17503 MiB, 35, 41, 116.57 W, 700.00 W, 700.00 W, 1980 MHz, 2619 MHz, [N/A]
2025/11/27 05:16:16.978, 7, NVIDIA H100 80GB HBM3, P0, 7 %, 0 %, 81559 MiB, 63577 MiB, 17503 MiB, 34, 41, 116.63 W, 700.00 W, 700.00 W, 1980 MHz, 2619 MHz, [N/A]
2025/11/27 05:16:21.979, 0, NVIDIA H100 80GB HBM3, P0, 0 %, 0 %, 81559 MiB, 79021 MiB, 2059 MiB, 34, 42, 115.73 W, 700.00 W, 700.00 W, 1980 MHz, 2619 MHz, [N/A]
2025/11/27 05:16:21.980, 1, NVIDIA H100 80GB HBM3, P0, 5 %, 0 %, 81559 MiB, 63577 MiB, 17503 MiB, 37, 43, 121.68 W, 700.00 W, 700.00 W, 1980 MHz, 2619 MHz, [N/A]
2025/11/27 05:16:21.980, 2, NVIDIA H100 80GB HBM3, P0, 0 %, 0 %, 81559 MiB, 79021 MiB, 2059 MiB, 37, 42, 121.66 W, 700.00 W, 700.00 W, 1980 MHz, 2619 MHz, [N/A]
2025/11/27 05:16:21.981, 3, NVIDIA H100 80GB HBM3, P0, 0 %, 0 %, 81559 MiB, 79021 MiB, 2059 MiB, 33, 41, 119.00 W, 700.00 W, 700.00 W, 1980 MHz, 2619 MHz, [N/A]
2025/11/27 05:16:21.982, 4, NVIDIA H100 80GB HBM3, P0, 5 %, 0 %, 81559 MiB, 63577 MiB, 17503 MiB, 32, 37, 114.77 W, 700.00 W, 700.00 W, 1980 MHz, 2619 MHz, [N/A]
2025/11/27 05:16:21.982, 5, NVIDIA H100 80GB HBM3, P0, 0 %, 0 %, 81559 MiB, 79021 MiB, 2059 MiB, 36, 41, 119.84 W, 700.00 W, 700.00 W, 1980 MHz, 2619 MHz, [N/A]
2025/11/27 05:16:21.983, 6, NVIDIA H100 80GB HBM3, P0, 0 %, 0 %, 81559 MiB, 79021 MiB, 2059 MiB, 35, 41, 117.42 W, 700.00 W, 700.00 W, 1980 MHz, 2619 MHz, [N/A]
2025/11/27 05:16:21.983, 7, NVIDIA H100 80GB HBM3, P0, 0 %, 0 %, 81559 MiB, 79021 MiB, 2059 MiB, 34, 41, 116.04 W, 700.00 W, 700.00 W, 1980 MHz, 2619 MHz, [N/A]
2025/11/27 05:16:26.985, 0, NVIDIA H100 80GB HBM3, P0, 0 %, 0 %, 81559 MiB, 79021 MiB, 2059 MiB, 34, 41, 115.75 W, 700.00 W, 700.00 W, 1980 MHz, 2619 MHz, [N/A]
2025/11/27 05:16:26.985, 1, NVIDIA H100 80GB HBM3, P0, 0 %, 0 %, 81559 MiB, 79021 MiB, 2059 MiB, 37, 43, 121.18 W, 700.00 W, 700.00 W, 1980 MHz, 2619 MHz, [N/A]
2025/11/27 05:16:26.986, 2, NVIDIA H100 80GB HBM3, P0, 0 %, 0 %, 81559 MiB, 79021 MiB, 2059 MiB, 37, 42, 121.62 W, 700.00 W, 700.00 W, 1980 MHz, 2619 MHz, [N/A]
2025/11/27 05:16:26.987, 3, NVIDIA H100 80GB HBM3, P0, 0 %, 0 %, 81559 MiB, 79021 MiB, 2059 MiB, 33, 41, 118.96 W, 700.00 W, 700.00 W, 1980 MHz, 2619 MHz, [N/A]
2025/11/27 05:16:26.987, 4, NVIDIA H100 80GB HBM3, P0, 0 %, 0 %, 81559 MiB, 79021 MiB, 2059 MiB, 32, 38, 114.37 W, 700.00 W, 700.00 W, 1980 MHz, 2619 MHz, [N/A]
2025/11/27 05:16:26.988, 5, NVIDIA H100 80GB HBM3, P0, 0 %, 0 %, 81559 MiB, 79021 MiB, 2059 MiB, 36, 41, 119.85 W, 700.00 W, 700.00 W, 1980 MHz, 2619 MHz, [N/A]
2025/11/27 05:16:26.989, 6, NVIDIA H100 80GB HBM3, P0, 0 %, 0 %, 81559 MiB, 79021 MiB, 2059 MiB, 35, 41, 116.16 W, 700.00 W, 700.00 W, 1980 MHz, 2619 MHz, [N/A]
2025/11/27 05:16:26.989, 7, NVIDIA H100 80GB HBM3, P0, 0 %, 0 %, 81559 MiB, 79021 MiB, 2059 MiB, 34, 41, 116.10 W, 700.00 W, 700.00 W, 1980 MHz, 2619 MHz, [N/A]
2025/11/27 05:16:31.990, 0, NVIDIA H100 80GB HBM3, P0, 18 %, 0 %, 81559 MiB, 63705 MiB, 17375 MiB, 34, 41, 117.04 W, 700.00 W, 700.00 W, 1980 MHz, 2619 MHz, [N/A]
2025/11/27 05:16:31.991, 1, NVIDIA H100 80GB HBM3, P0, 0 %, 0 %, 81559 MiB, 79021 MiB, 2059 MiB, 37, 43, 121.20 W, 700.00 W, 700.00 W, 1980 MHz, 2619 MHz, [N/A]
2025/11/27 05:16:31.992, 2, NVIDIA H100 80GB HBM3, P0, 19 %, 0 %, 81559 MiB, 63705 MiB, 17375 MiB, 37, 42, 123.00 W, 700.00 W, 700.00 W, 1980 MHz, 2619 MHz, [N/A]
2025/11/27 05:16:31.993, 3, NVIDIA H100 80GB HBM3, P0, 18 %, 0 %, 81559 MiB, 63705 MiB, 17375 MiB, 33, 41, 120.33 W, 700.00 W, 700.00 W, 1980 MHz, 2619 MHz, [N/A]
2025/11/27 05:16:31.993, 4, NVIDIA H100 80GB HBM3, P0, 0 %, 0 %, 81559 MiB, 79021 MiB, 2059 MiB, 32, 38, 114.42 W, 700.00 W, 700.00 W, 1980 MHz, 2619 MHz, [N/A]
2025/11/27 05:16:31.994, 5, NVIDIA H100 80GB HBM3, P0, 0 %, 0 %, 81559 MiB, 63705 MiB, 17375 MiB, 36, 41, 121.06 W, 700.00 W, 700.00 W, 1980 MHz, 2619 MHz, [N/A]
2025/11/27 05:16:31.994, 6, NVIDIA H100 80GB HBM3, P0, 19 %, 0 %, 81559 MiB, 63705 MiB, 17375 MiB, 35, 42, 117.45 W, 700.00 W, 700.00 W, 1980 MHz, 2619 MHz, [N/A]
2025/11/27 05:16:31.995, 7, NVIDIA H100 80GB HBM3, P0, 22 %, 0 %, 81559 MiB, 63705 MiB, 17375 MiB, 34, 41, 117.62 W, 700.00 W, 700.00 W, 1980 MHz, 2619 MHz, [N/A]
2025/11/27 05:16:36.996, 0, NVIDIA H100 80GB HBM3, P0, 100 %, 0 %, 81559 MiB, 56045 MiB, 25035 MiB, 34, 42, 116.21 W, 700.00 W, 700.00 W, 1980 MHz, 2619 MHz, [N/A]
2025/11/27 05:16:36.997, 1, NVIDIA H100 80GB HBM3, P0, 14 %, 0 %, 81559 MiB, 63705 MiB, 17375 MiB, 37, 43, 122.25 W, 700.00 W, 700.00 W, 1980 MHz, 2619 MHz, [N/A]
2025/11/27 05:16:36.998, 2, NVIDIA H100 80GB HBM3, P0, 100 %, 0 %, 81559 MiB, 56045 MiB, 25035 MiB, 37, 42, 122.15 W, 700.00 W, 700.00 W, 1980 MHz, 2619 MHz, [N/A]
2025/11/27 05:16:36.998, 3, NVIDIA H100 80GB HBM3, P0, 100 %, 0 %, 81559 MiB, 56045 MiB, 25035 MiB, 33, 41, 119.54 W, 700.00 W, 700.00 W, 1980 MHz, 2619 MHz, [N/A]
2025/11/27 05:16:36.999, 4, NVIDIA H100 80GB HBM3, P0, 12 %, 0 %, 81559 MiB, 63705 MiB, 17375 MiB, 32, 37, 115.28 W, 700.00 W, 700.00 W, 1980 MHz, 2619 MHz, [N/A]
2025/11/27 05:16:37.000, 5, NVIDIA H100 80GB HBM3, P0, 100 %, 0 %, 81559 MiB, 56045 MiB, 25035 MiB, 36, 41, 120.32 W, 700.00 W, 700.00 W, 1980 MHz, 2619 MHz, [N/A]
2025/11/27 05:16:37.000, 6, NVIDIA H100 80GB HBM3, P0, 100 %, 0 %, 81559 MiB, 56045 MiB, 25035 MiB, 35, 41, 116.65 W, 700.00 W, 700.00 W, 1980 MHz, 2619 MHz, [N/A]
2025/11/27 05:16:37.001, 7, NVIDIA H100 80GB HBM3, P0, 100 %, 0 %, 81559 MiB, 56045 MiB, 25035 MiB, 34, 41, 116.51 W, 700.00 W, 700.00 W, 1980 MHz, 2619 MHz, [N/A]
2025/11/27 05:16:42.002, 0, NVIDIA H100 80GB HBM3, P0, 54 %, 23 %, 81559 MiB, 37045 MiB, 44035 MiB, 38, 46, 300.09 W, 700.00 W, 700.00 W, 1980 MHz, 2619 MHz, [N/A]
2025/11/27 05:16:42.003, 1, NVIDIA H100 80GB HBM3, P0, 17 %, 6 %, 81559 MiB, 34797 MiB, 46283 MiB, 42, 50, 319.08 W, 700.00 W, 700.00 W, 1980 MHz, 2619 MHz, [N/A]
2025/11/27 05:16:42.004, 2, NVIDIA H100 80GB HBM3, P0, 56 %, 25 %, 81559 MiB, 35329 MiB, 45751 MiB, 41, 48, 324.33 W, 700.00 W, 700.00 W, 1980 MHz, 2619 MHz, [N/A]
2025/11/27 05:16:42.004, 3, NVIDIA H100 80GB HBM3, P0, 21 %, 8 %, 81559 MiB, 36379 MiB, 44701 MiB, 38, 46, 321.60 W, 700.00 W, 700.00 W, 1980 MHz, 2619 MHz, [N/A]
2025/11/27 05:16:42.006, 4, NVIDIA H100 80GB HBM3, P0, 39 %, 17 %, 81559 MiB, 34613 MiB, 46467 MiB, 36, 42, 297.22 W, 700.00 W, 700.00 W, 1980 MHz, 2619 MHz, [N/A]
2025/11/27 05:16:42.007, 5, NVIDIA H100 80GB HBM3, P0, 39 %, 20 %, 81559 MiB, 38813 MiB, 42267 MiB, 40, 45, 342.44 W, 700.00 W, 700.00 W, 1980 MHz, 2619 MHz, [N/A]
2025/11/27 05:16:42.008, 6, NVIDIA H100 80GB HBM3, P0, 29 %, 10 %, 81559 MiB, 33187 MiB, 47893 MiB, 39, 45, 332.30 W, 700.00 W, 700.00 W, 1980 MHz, 2619 MHz, [N/A]
2025/11/27 05:16:42.009, 7, NVIDIA H100 80GB HBM3, P0, 62 %, 12 %, 81559 MiB, 34849 MiB, 46231 MiB, 41, 47, 334.28 W, 700.00 W, 700.00 W, 1965 MHz, 2619 MHz, [N/A]
2025/11/27 05:16:47.010, 0, NVIDIA H100 80GB HBM3, P0, 100 %, 64 %, 81559 MiB, 33029 MiB, 48051 MiB, 41, 48, 323.78 W, 700.00 W, 700.00 W, 1980 MHz, 2619 MHz, [N/A]
2025/11/27 05:16:47.011, 1, NVIDIA H100 80GB HBM3, P0, 82 %, 52 %, 81559 MiB, 34783 MiB, 46297 MiB, 42, 50, 336.92 W, 700.00 W, 700.00 W, 1980 MHz, 2619 MHz, [N/A]
2025/11/27 05:16:47.012, 2, NVIDIA H100 80GB HBM3, P0, 99 %, 64 %, 81559 MiB, 35323 MiB, 45757 MiB, 43, 50, 344.81 W, 700.00 W, 700.00 W, 1980 MHz, 2619 MHz, [N/A]
2025/11/27 05:16:47.013, 3, NVIDIA H100 80GB HBM3, P0, 90 %, 56 %, 81559 MiB, 32537 MiB, 48543 MiB, 39, 47, 308.48 W, 700.00 W, 700.00 W, 1980 MHz, 2619 MHz, [N/A]
2025/11/27 05:16:47.014, 4, NVIDIA H100 80GB HBM3, P0, 99 %, 66 %, 81559 MiB, 34591 MiB, 46489 MiB, 39, 45, 333.36 W, 700.00 W, 700.00 W, 1980 MHz, 2619 MHz, [N/A]
2025/11/27 05:16:47.015, 5, NVIDIA H100 80GB HBM3, P0, 47 %, 25 %, 81559 MiB, 34971 MiB, 46109 MiB, 42, 47, 341.29 W, 700.00 W, 700.00 W, 1980 MHz, 2619 MHz, [N/A]
2025/11/27 05:16:47.016, 6, NVIDIA H100 80GB HBM3, P0, 61 %, 35 %, 81559 MiB, 33175 MiB, 47905 MiB, 43, 49, 342.63 W, 700.00 W, 700.00 W, 1980 MHz, 2619 MHz, [N/A]
2025/11/27 05:16:47.017, 7, NVIDIA H100 80GB HBM3, P0, 70 %, 16 %, 81559 MiB, 34845 MiB, 46235 MiB, 40, 47, 321.42 W, 700.00 W, 700.00 W, 1965 MHz, 2619 MHz, [N/A]
2025/11/27 05:16:52.018, 0, NVIDIA H100 80GB HBM3, P0, 51 %, 16 %, 81559 MiB, 33021 MiB, 48059 MiB, 41, 51, 328.74 W, 700.00 W, 700.00 W, 1980 MHz, 2619 MHz, [N/A]
2025/11/27 05:16:52.020, 1, NVIDIA H100 80GB HBM3, P0, 26 %, 11 %, 81559 MiB, 34775 MiB, 46305 MiB, 43, 50, 309.60 W, 700.00 W, 700.00 W, 1980 MHz, 2619 MHz, [N/A]
2025/11/27 05:16:52.020, 2, NVIDIA H100 80GB HBM3, P0, 60 %, 23 %, 81559 MiB, 35311 MiB, 45769 MiB, 47, 52, 339.85 W, 700.00 W, 700.00 W, 1980 MHz, 2619 MHz, [N/A]
2025/11/27 05:16:52.021, 3, NVIDIA H100 80GB HBM3, P0, 57 %, 9 %, 81559 MiB, 32535 MiB, 48545 MiB, 41, 50, 357.35 W, 700.00 W, 700.00 W, 1980 MHz, 2619 MHz, [N/A]
2025/11/27 05:16:52.023, 4, NVIDIA H100 80GB HBM3, P0, 63 %, 21 %, 81559 MiB, 34587 MiB, 46493 MiB, 41, 46, 333.23 W, 700.00 W, 700.00 W, 1980 MHz, 2619 MHz, [N/A]
2025/11/27 05:16:52.024, 5, NVIDIA H100 80GB HBM3, P0, 35 %, 14 %, 81559 MiB, 34967 MiB, 46113 MiB, 42, 47, 353.41 W, 700.00 W, 700.00 W, 1980 MHz, 2619 MHz, [N/A]
2025/11/27 05:16:52.025, 6, NVIDIA H100 80GB HBM3, P0, 74 %, 21 %, 81559 MiB, 33173 MiB, 47907 MiB, 45, 53, 334.49 W, 700.00 W, 700.00 W, 1980 MHz, 2619 MHz, [N/A]
2025/11/27 05:16:52.025, 7, NVIDIA H100 80GB HBM3, P0, 60 %, 23 %, 81559 MiB, 34841 MiB, 46239 MiB, 44, 51, 366.35 W, 700.00 W, 700.00 W, 1980 MHz, 2619 MHz, [N/A]
2025/11/27 05:16:57.026, 0, NVIDIA H100 80GB HBM3, P0, 39 %, 14 %, 81559 MiB, 33003 MiB, 48077 MiB, 47, 54, 350.52 W, 700.00 W, 700.00 W, 1980 MHz, 2619 MHz, [N/A]
2025/11/27 05:16:57.027, 1, NVIDIA H100 80GB HBM3, P0, 60 %, 28 %, 81559 MiB, 34773 MiB, 46307 MiB, 47, 55, 376.38 W, 700.00 W, 700.00 W, 1980 MHz, 2619 MHz, [N/A]
2025/11/27 05:16:57.028, 2, NVIDIA H100 80GB HBM3, P0, 32 %, 15 %, 81559 MiB, 35309 MiB, 45771 MiB, 47, 55, 342.13 W, 700.00 W, 700.00 W, 1980 MHz, 2619 MHz, [N/A]
2025/11/27 05:16:57.029, 3, NVIDIA H100 80GB HBM3, P0, 47 %, 20 %, 81559 MiB, 32531 MiB, 48549 MiB, 43, 54, 348.12 W, 700.00 W, 700.00 W, 1980 MHz, 2619 MHz, [N/A]
2025/11/27 05:16:57.030, 4, NVIDIA H100 80GB HBM3, P0, 60 %, 9 %, 81559 MiB, 34581 MiB, 46499 MiB, 42, 49, 337.96 W, 700.00 W, 700.00 W, 1980 MHz, 2619 MHz, [N/A]
2025/11/27 05:16:57.030, 5, NVIDIA H100 80GB HBM3, P0, 84 %, 50 %, 81559 MiB, 34965 MiB, 46115 MiB, 46, 53, 376.95 W, 700.00 W, 700.00 W, 1980 MHz, 2619 MHz, [N/A]
2025/11/27 05:16:57.031, 6, NVIDIA H100 80GB HBM3, P0, 100 %, 38 %, 81559 MiB, 33169 MiB, 47911 MiB, 44, 55, 342.42 W, 700.00 W, 700.00 W, 1980 MHz, 2619 MHz, [N/A]
2025/11/27 05:16:57.032, 7, NVIDIA H100 80GB HBM3, P0, 100 %, 58 %, 81559 MiB, 34839 MiB, 46241 MiB, 44, 54, 386.14 W, 700.00 W, 700.00 W, 1980 MHz, 2619 MHz, [N/A]
2025/11/27 05:17:02.033, 0, NVIDIA H100 80GB HBM3, P0, 99 %, 67 %, 81559 MiB, 32999 MiB, 48081 MiB, 45, 54, 372.30 W, 700.00 W, 700.00 W, 1980 MHz, 2619 MHz, [N/A]
2025/11/27 05:17:02.034, 1, NVIDIA H100 80GB HBM3, P0, 100 %, 54 %, 81559 MiB, 34769 MiB, 46311 MiB, 47, 57, 347.57 W, 700.00 W, 700.00 W, 1980 MHz, 2619 MHz, [N/A]
2025/11/27 05:17:02.034, 2, NVIDIA H100 80GB HBM3, P0, 100 %, 57 %, 81559 MiB, 35305 MiB, 45775 MiB, 46, 54, 351.81 W, 700.00 W, 700.00 W, 1980 MHz, 2619 MHz, [N/A]
2025/11/27 05:17:02.035, 3, NVIDIA H100 80GB HBM3, P0, 100 %, 57 %, 81559 MiB, 32519 MiB, 48561 MiB, 44, 53, 374.84 W, 700.00 W, 700.00 W, 1980 MHz, 2619 MHz, [N/A]
2025/11/27 05:17:02.036, 4, NVIDIA H100 80GB HBM3, P0, 100 %, 55 %, 81559 MiB, 34577 MiB, 46503 MiB, 41, 49, 330.53 W, 700.00 W, 700.00 W, 1980 MHz, 2619 MHz, [N/A]
2025/11/27 05:17:02.036, 5, NVIDIA H100 80GB HBM3, P0, 99 %, 63 %, 81559 MiB, 32879 MiB, 48201 MiB, 46, 54, 380.71 W, 700.00 W, 700.00 W, 1980 MHz, 2619 MHz, [N/A]
2025/11/27 05:17:02.037, 6, NVIDIA H100 80GB HBM3, P0, 99 %, 59 %, 81559 MiB, 33165 MiB, 47915 MiB, 44, 51, 371.67 W, 700.00 W, 700.00 W, 1980 MHz, 2619 MHz, [N/A]
2025/11/27 05:17:02.038, 7, NVIDIA H100 80GB HBM3, P0, 86 %, 52 %, 81559 MiB, 34835 MiB, 46245 MiB, 44, 52, 351.05 W, 700.00 W, 700.00 W, 1980 MHz, 2619 MHz, [N/A]
2025/11/27 05:17:07.038, 0, NVIDIA H100 80GB HBM3, P0, 74 %, 29 %, 81559 MiB, 32997 MiB, 48083 MiB, 45, 54, 313.93 W, 700.00 W, 700.00 W, 1980 MHz, 2619 MHz, [N/A]
2025/11/27 05:17:07.040, 1, NVIDIA H100 80GB HBM3, P0, 34 %, 16 %, 81559 MiB, 34767 MiB, 46313 MiB, 47, 55, 354.46 W, 700.00 W, 700.00 W, 1980 MHz, 2619 MHz, [N/A]
2025/11/27 05:17:07.041, 2, NVIDIA H100 80GB HBM3, P0, 98 %, 11 %, 81559 MiB, 35295 MiB, 45785 MiB, 49, 55, 376.69 W, 700.00 W, 700.00 W, 1980 MHz, 2619 MHz, [N/A]
2025/11/27 05:17:07.042, 3, NVIDIA H100 80GB HBM3, P0, 62 %, 16 %, 81559 MiB, 32515 MiB, 48565 MiB, 45, 55, 370.95 W, 700.00 W, 700.00 W, 1980 MHz, 2619 MHz, [N/A]
2025/11/27 05:17:07.043, 4, NVIDIA H100 80GB HBM3, P0, 77 %, 20 %, 81559 MiB, 34575 MiB, 46505 MiB, 44, 52, 351.28 W, 700.00 W, 700.00 W, 1980 MHz, 2619 MHz, [N/A]
2025/11/27 05:17:07.043, 5, NVIDIA H100 80GB HBM3, P0, 69 %, 24 %, 81559 MiB, 32877 MiB, 48203 MiB, 48, 54, 359.16 W, 700.00 W, 700.00 W, 1980 MHz, 2619 MHz, [N/A]
2025/11/27 05:17:07.044, 6, NVIDIA H100 80GB HBM3, P0, 66 %, 12 %, 81559 MiB, 33163 MiB, 47917 MiB, 47, 55, 362.55 W, 700.00 W, 700.00 W, 1980 MHz, 2619 MHz, [N/A]
2025/11/27 05:17:07.045, 7, NVIDIA H100 80GB HBM3, P0, 100 %, 49 %, 81559 MiB, 34833 MiB, 46247 MiB, 46, 53, 343.50 W, 700.00 W, 700.00 W, 1980 MHz, 2619 MHz, [N/A]
2025/11/27 05:17:12.046, 0, NVIDIA H100 80GB HBM3, P0, 58 %, 17 %, 81559 MiB, 32993 MiB, 48087 MiB, 44, 51, 328.71 W, 700.00 W, 700.00 W, 1980 MHz, 2619 MHz, [N/A]
2025/11/27 05:17:12.047, 1, NVIDIA H100 80GB HBM3, P0, 87 %, 34 %, 81559 MiB, 34759 MiB, 46321 MiB, 47, 52, 362.53 W, 700.00 W, 700.00 W, 1965 MHz, 2619 MHz, [N/A]
2025/11/27 05:17:12.049, 2, NVIDIA H100 80GB HBM3, P0, 99 %, 63 %, 81559 MiB, 35291 MiB, 45789 MiB, 48, 54, 378.71 W, 700.00 W, 700.00 W, 1980 MHz, 2619 MHz, [N/A]
2025/11/27 05:17:12.050, 3, NVIDIA H100 80GB HBM3, P0, 91 %, 55 %, 81559 MiB, 32513 MiB, 48567 MiB, 42, 51, 338.64 W, 700.00 W, 700.00 W, 1980 MHz, 2619 MHz, [N/A]
2025/11/27 05:17:12.052, 4, NVIDIA H100 80GB HBM3, P0, 100 %, 64 %, 81559 MiB, 34571 MiB, 46509 MiB, 42, 49, 327.05 W, 700.00 W, 700.00 W, 1980 MHz, 2619 MHz, [N/A]
2025/11/27 05:17:12.053, 5, NVIDIA H100 80GB HBM3, P0, 76 %, 39 %, 81559 MiB, 32873 MiB, 48207 MiB, 47, 52, 366.70 W, 700.00 W, 700.00 W, 1980 MHz, 2619 MHz, [N/A]
2025/11/27 05:17:12.054, 6, NVIDIA H100 80GB HBM3, P0, 61 %, 34 %, 81559 MiB, 33159 MiB, 47921 MiB, 47, 52, 326.56 W, 700.00 W, 700.00 W, 1980 MHz, 2619 MHz, [N/A]
2025/11/27 05:17:12.055, 7, NVIDIA H100 80GB HBM3, P0, 60 %, 19 %, 81559 MiB, 34829 MiB, 46251 MiB, 44, 51, 334.56 W, 700.00 W, 700.00 W, 1980 MHz, 2619 MHz, [N/A]
2025/11/27 05:17:17.056, 0, NVIDIA H100 80GB HBM3, P0, 100 %, 63 %, 81559 MiB, 32991 MiB, 48089 MiB, 46, 57, 362.51 W, 700.00 W, 700.00 W, 1980 MHz, 2619 MHz, [N/A]
2025/11/27 05:17:17.057, 1, NVIDIA H100 80GB HBM3, P0, 77 %, 24 %, 81559 MiB, 34759 MiB, 46321 MiB, 48, 56, 374.35 W, 700.00 W, 700.00 W, 1980 MHz, 2619 MHz, [N/A]
2025/11/27 05:17:17.058, 2, NVIDIA H100 80GB HBM3, P0, 59 %, 32 %, 81559 MiB, 35289 MiB, 45791 MiB, 50, 58, 375.10 W, 700.00 W, 700.00 W, 1980 MHz, 2619 MHz, [N/A]
2025/11/27 05:17:17.059, 3, NVIDIA H100 80GB HBM3, P0, 83 %, 43 %, 81559 MiB, 32509 MiB, 48571 MiB, 44, 55, 337.11 W, 700.00 W, 700.00 W, 1980 MHz, 2619 MHz, [N/A]
2025/11/27 05:17:17.059, 4, NVIDIA H100 80GB HBM3, P0, 100 %, 24 %, 81559 MiB, 34571 MiB, 46509 MiB, 44, 53, 331.45 W, 700.00 W, 700.00 W, 1980 MHz, 2619 MHz, [N/A]
2025/11/27 05:17:17.060, 5, NVIDIA H100 80GB HBM3, P0, 100 %, 58 %, 81559 MiB, 32871 MiB, 48209 MiB, 48, 55, 354.86 W, 700.00 W, 700.00 W, 1980 MHz, 2619 MHz, [N/A]
2025/11/27 05:17:17.060, 6, NVIDIA H100 80GB HBM3, P0, 100 %, 64 %, 81559 MiB, 33157 MiB, 47923 MiB, 50, 56, 356.16 W, 700.00 W, 700.00 W, 1980 MHz, 2619 MHz, [N/A]
2025/11/27 05:17:17.061, 7, NVIDIA H100 80GB HBM3, P0, 100 %, 63 %, 81559 MiB, 34827 MiB, 46253 MiB, 45, 55, 358.54 W, 700.00 W, 700.00 W, 1980 MHz, 2619 MHz, [N/A]
2025/11/27 05:17:22.062, 0, NVIDIA H100 80GB HBM3, P0, 65 %, 21 %, 81559 MiB, 32987 MiB, 48093 MiB, 47, 54, 353.67 W, 700.00 W, 700.00 W, 1980 MHz, 2619 MHz, [N/A]
2025/11/27 05:17:22.064, 1, NVIDIA H100 80GB HBM3, P0, 100 %, 64 %, 81559 MiB, 34757 MiB, 46323 MiB, 52, 59, 401.35 W, 700.00 W, 700.00 W, 1965 MHz, 2619 MHz, [N/A]
2025/11/27 05:17:22.065, 2, NVIDIA H100 80GB HBM3, P0, 72 %, 10 %, 81559 MiB, 35287 MiB, 45793 MiB, 50, 58, 346.16 W, 700.00 W, 700.00 W, 1980 MHz, 2619 MHz, [N/A]
2025/11/27 05:17:22.067, 3, NVIDIA H100 80GB HBM3, P0, 70 %, 15 %, 81559 MiB, 32507 MiB, 48573 MiB, 44, 55, 342.42 W, 700.00 W, 700.00 W, 1980 MHz, 2619 MHz, [N/A]
2025/11/27 05:17:22.067, 4, NVIDIA H100 80GB HBM3, P0, 65 %, 14 %, 81559 MiB, 34567 MiB, 46513 MiB, 43, 51, 341.84 W, 700.00 W, 700.00 W, 1980 MHz, 2619 MHz, [N/A]
2025/11/27 05:17:22.068, 5, NVIDIA H100 80GB HBM3, P0, 99 %, 8 %, 81559 MiB, 32869 MiB, 48211 MiB, 48, 54, 364.67 W, 700.00 W, 700.00 W, 1980 MHz, 2619 MHz, [N/A]
2025/11/27 05:17:22.069, 6, NVIDIA H100 80GB HBM3, P0, 59 %, 14 %, 81559 MiB, 33153 MiB, 47927 MiB, 48, 56, 350.76 W, 700.00 W, 700.00 W, 1980 MHz, 2619 MHz, [N/A]
2025/11/27 05:17:22.070, 7, NVIDIA H100 80GB HBM3, P0, 80 %, 31 %, 81559 MiB, 34825 MiB, 46255 MiB, 46, 55, 332.75 W, 700.00 W, 700.00 W, 1980 MHz, 2619 MHz, [N/A]
2025/11/27 05:17:27.071, 0, NVIDIA H100 80GB HBM3, P0, 95 %, 60 %, 81559 MiB, 32987 MiB, 48093 MiB, 48, 56, 367.69 W, 700.00 W, 700.00 W, 1980 MHz, 2619 MHz, [N/A]
2025/11/27 05:17:27.072, 1, NVIDIA H100 80GB HBM3, P0, 95 %, 12 %, 81559 MiB, 34753 MiB, 46327 MiB, 49, 56, 380.20 W, 700.00 W, 700.00 W, 1980 MHz, 2619 MHz, [N/A]
2025/11/27 05:17:27.072, 2, NVIDIA H100 80GB HBM3, P0, 100 %, 55 %, 81559 MiB, 35285 MiB, 45795 MiB, 49, 56, 359.87 W, 700.00 W, 700.00 W, 1980 MHz, 2619 MHz, [N/A]
2025/11/27 05:17:27.073, 3, NVIDIA H100 80GB HBM3, P0, 90 %, 50 %, 81559 MiB, 32507 MiB, 48573 MiB, 43, 53, 352.89 W, 700.00 W, 700.00 W, 1980 MHz, 2619 MHz, [N/A]
2025/11/27 05:17:27.074, 4, NVIDIA H100 80GB HBM3, P0, 100 %, 54 %, 81559 MiB, 34565 MiB, 46515 MiB, 48, 53, 359.87 W, 700.00 W, 700.00 W, 1965 MHz, 2619 MHz, [N/A]
2025/11/27 05:17:27.074, 5, NVIDIA H100 80GB HBM3, P0, 99 %, 65 %, 81559 MiB, 32867 MiB, 48213 MiB, 48, 55, 376.69 W, 700.00 W, 700.00 W, 1980 MHz, 2619 MHz, [N/A]
2025/11/27 05:17:27.075, 6, NVIDIA H100 80GB HBM3, P0, 99 %, 70 %, 81559 MiB, 33153 MiB, 47927 MiB, 46, 53, 371.45 W, 700.00 W, 700.00 W, 1980 MHz, 2619 MHz, [N/A]
2025/11/27 05:17:27.075, 7, NVIDIA H100 80GB HBM3, P0, 66 %, 39 %, 81559 MiB, 34823 MiB, 46257 MiB, 46, 52, 363.54 W, 700.00 W, 700.00 W, 1980 MHz, 2619 MHz, [N/A]
2025/11/27 05:17:32.077, 0, NVIDIA H100 80GB HBM3, P0, 98 %, 9 %, 81559 MiB, 32983 MiB, 48097 MiB, 43, 52, 305.65 W, 700.00 W, 700.00 W, 1980 MHz, 2619 MHz, [N/A]
2025/11/27 05:17:32.078, 1, NVIDIA H100 80GB HBM3, P0, 100 %, 44 %, 81559 MiB, 34753 MiB, 46327 MiB, 49, 56, 342.10 W, 700.00 W, 700.00 W, 1980 MHz, 2619 MHz, [N/A]
2025/11/27 05:17:32.078, 2, NVIDIA H100 80GB HBM3, P0, 100 %, 29 %, 81559 MiB, 35285 MiB, 45795 MiB, 50, 56, 335.31 W, 700.00 W, 700.00 W, 1980 MHz, 2619 MHz, [N/A]
2025/11/27 05:17:32.079, 3, NVIDIA H100 80GB HBM3, P0, 99 %, 9 %, 81559 MiB, 32503 MiB, 48577 MiB, 44, 52, 380.04 W, 700.00 W, 700.00 W, 1980 MHz, 2619 MHz, [N/A]
2025/11/27 05:17:32.080, 4, NVIDIA H100 80GB HBM3, P0, 91 %, 24 %, 81559 MiB, 34565 MiB, 46515 MiB, 41, 47, 305.90 W, 700.00 W, 700.00 W, 1980 MHz, 2619 MHz, [N/A]
2025/11/27 05:17:32.081, 5, NVIDIA H100 80GB HBM3, P0, 65 %, 20 %, 81559 MiB, 32865 MiB, 48215 MiB, 48, 53, 349.49 W, 700.00 W, 700.00 W, 1980 MHz, 2619 MHz, [N/A]
2025/11/27 05:17:32.082, 6, NVIDIA H100 80GB HBM3, P0, 76 %, 27 %, 81559 MiB, 33149 MiB, 47931 MiB, 51, 57, 387.72 W, 700.00 W, 700.00 W, 1965 MHz, 2619 MHz, [N/A]
2025/11/27 05:17:32.083, 7, NVIDIA H100 80GB HBM3, P0, 99 %, 10 %, 81559 MiB, 34817 MiB, 46263 MiB, 45, 51, 352.49 W, 700.00 W, 700.00 W, 1980 MHz, 2619 MHz, [N/A]
2025/11/27 05:17:37.084, 0, NVIDIA H100 80GB HBM3, P0, 88 %, 52 %, 81559 MiB, 32983 MiB, 48097 MiB, 44, 53, 341.42 W, 700.00 W, 700.00 W, 1980 MHz, 2619 MHz, [N/A]
2025/11/27 05:17:37.085, 1, NVIDIA H100 80GB HBM3, P0, 98 %, 9 %, 81559 MiB, 34751 MiB, 46329 MiB, 48, 54, 337.57 W, 700.00 W, 700.00 W, 1980 MHz, 2619 MHz, [N/A]
2025/11/27 05:17:37.086, 2, NVIDIA H100 80GB HBM3, P0, 34 %, 16 %, 81559 MiB, 35283 MiB, 45797 MiB, 49, 54, 334.35 W, 700.00 W, 700.00 W, 1980 MHz, 2619 MHz, [N/A]
2025/11/27 05:17:37.087, 3, NVIDIA H100 80GB HBM3, P0, 93 %, 31 %, 81559 MiB, 32501 MiB, 48579 MiB, 43, 52, 360.95 W, 700.00 W, 700.00 W, 1980 MHz, 2619 MHz, [N/A]
2025/11/27 05:17:37.089, 4, NVIDIA H100 80GB HBM3, P0, 75 %, 46 %, 81559 MiB, 34561 MiB, 46519 MiB, 47, 52, 338.23 W, 700.00 W, 700.00 W, 1980 MHz, 2619 MHz, [N/A]
2025/11/27 05:17:37.090, 5, NVIDIA H100 80GB HBM3, P0, 99 %, 62 %, 81559 MiB, 32861 MiB, 48219 MiB, 51, 55, 348.43 W, 700.00 W, 700.00 W, 1980 MHz, 2619 MHz, [N/A]
2025/11/27 05:17:37.091, 6, NVIDIA H100 80GB HBM3, P0, 100 %, 63 %, 81559 MiB, 33147 MiB, 47933 MiB, 48, 55, 359.68 W, 700.00 W, 700.00 W, 1965 MHz, 2619 MHz, [N/A]
2025/11/27 05:17:37.092, 7, NVIDIA H100 80GB HBM3, P0, 62 %, 26 %, 81559 MiB, 34815 MiB, 46265 MiB, 45, 53, 370.17 W, 700.00 W, 700.00 W, 1980 MHz, 2619 MHz, [N/A]
2025/11/27 05:17:42.094, 0, NVIDIA H100 80GB HBM3, P0, 98 %, 62 %, 81559 MiB, 32981 MiB, 48099 MiB, 45, 53, 329.13 W, 700.00 W, 700.00 W, 1980 MHz, 2619 MHz, [N/A]
2025/11/27 05:17:42.095, 1, NVIDIA H100 80GB HBM3, P0, 94 %, 13 %, 81559 MiB, 34749 MiB, 46331 MiB, 50, 56, 344.31 W, 700.00 W, 700.00 W, 1980 MHz, 2619 MHz, [N/A]
2025/11/27 05:17:42.096, 2, NVIDIA H100 80GB HBM3, P0, 75 %, 13 %, 81559 MiB, 35281 MiB, 45799 MiB, 49, 56, 349.57 W, 700.00 W, 700.00 W, 1980 MHz, 2619 MHz, [N/A]
2025/11/27 05:17:42.098, 3, NVIDIA H100 80GB HBM3, P0, 74 %, 45 %, 81559 MiB, 32501 MiB, 48579 MiB, 45, 53, 354.27 W, 700.00 W, 700.00 W, 1980 MHz, 2619 MHz, [N/A]
2025/11/27 05:17:42.099, 4, NVIDIA H100 80GB HBM3, P0, 100 %, 62 %, 81559 MiB, 34559 MiB, 46521 MiB, 43, 51, 361.93 W, 700.00 W, 700.00 W, 1980 MHz, 2619 MHz, [N/A]
2025/11/27 05:17:42.100, 5, NVIDIA H100 80GB HBM3, P0, 48 %, 15 %, 81559 MiB, 32861 MiB, 48219 MiB, 49, 55, 343.16 W, 700.00 W, 700.00 W, 1980 MHz, 2619 MHz, [N/A]
2025/11/27 05:17:42.101, 6, NVIDIA H100 80GB HBM3, P0, 100 %, 64 %, 81559 MiB, 33147 MiB, 47933 MiB, 47, 53, 343.28 W, 700.00 W, 700.00 W, 1980 MHz, 2619 MHz, [N/A]
2025/11/27 05:17:42.102, 7, NVIDIA H100 80GB HBM3, P0, 70 %, 43 %, 81559 MiB, 34813 MiB, 46267 MiB, 45, 51, 321.47 W, 700.00 W, 700.00 W, 1980 MHz, 2619 MHz, [N/A]
2025/11/27 05:17:47.103, 0, NVIDIA H100 80GB HBM3, P0, 100 %, 35 %, 81559 MiB, 32977 MiB, 48103 MiB, 46, 58, 368.07 W, 700.00 W, 700.00 W, 1980 MHz, 2619 MHz, [N/A]
2025/11/27 05:17:47.104, 1, NVIDIA H100 80GB HBM3, P0, 99 %, 66 %, 81559 MiB, 34747 MiB, 46333 MiB, 52, 61, 407.22 W, 700.00 W, 700.00 W, 1965 MHz, 2619 MHz, [N/A]
2025/11/27 05:17:47.105, 2, NVIDIA H100 80GB HBM3, P0, 99 %, 65 %, 81559 MiB, 35279 MiB, 45801 MiB, 51, 60, 358.75 W, 700.00 W, 700.00 W, 1980 MHz, 2619 MHz, [N/A]
2025/11/27 05:17:47.106, 3, NVIDIA H100 80GB HBM3, P0, 100 %, 60 %, 81559 MiB, 32497 MiB, 48583 MiB, 47, 57, 393.14 W, 700.00 W, 700.00 W, 1980 MHz, 2619 MHz, [N/A]
2025/11/27 05:17:47.107, 4, NVIDIA H100 80GB HBM3, P0, 89 %, 37 %, 81559 MiB, 34559 MiB, 46521 MiB, 44, 53, 360.94 W, 700.00 W, 700.00 W, 1980 MHz, 2619 MHz, [N/A]
2025/11/27 05:17:47.108, 5, NVIDIA H100 80GB HBM3, P0, 78 %, 50 %, 81559 MiB, 32857 MiB, 48223 MiB, 51, 59, 362.63 W, 700.00 W, 700.00 W, 1980 MHz, 2619 MHz, [N/A]
2025/11/27 05:17:47.108, 6, NVIDIA H100 80GB HBM3, P0, 45 %, 25 %, 81559 MiB, 33143 MiB, 47937 MiB, 50, 60, 411.54 W, 700.00 W, 700.00 W, 1980 MHz, 2619 MHz, [N/A]
2025/11/27 05:17:47.109, 7, NVIDIA H100 80GB HBM3, P0, 100 %, 54 %, 81559 MiB, 34813 MiB, 46267 MiB, 45, 53, 403.52 W, 700.00 W, 700.00 W, 1980 MHz, 2619 MHz, [N/A]
2025/11/27 05:17:52.111, 0, NVIDIA H100 80GB HBM3, P0, 90 %, 24 %, 81559 MiB, 32975 MiB, 48105 MiB, 46, 55, 323.86 W, 700.00 W, 700.00 W, 1980 MHz, 2619 MHz, [N/A]
2025/11/27 05:17:52.113, 1, NVIDIA H100 80GB HBM3, P0, 67 %, 21 %, 81559 MiB, 34747 MiB, 46333 MiB, 50, 56, 366.65 W, 700.00 W, 700.00 W, 1980 MHz, 2619 MHz, [N/A]
2025/11/27 05:17:52.113, 2, NVIDIA H100 80GB HBM3, P0, 98 %, 10 %, 81559 MiB, 35277 MiB, 45803 MiB, 51, 58, 391.72 W, 700.00 W, 700.00 W, 1980 MHz, 2619 MHz, [N/A]
2025/11/27 05:17:52.114, 3, NVIDIA H100 80GB HBM3, P0, 63 %, 21 %, 81559 MiB, 32497 MiB, 48583 MiB, 46, 53, 374.25 W, 700.00 W, 700.00 W, 1965 MHz, 2619 MHz, [N/A]
2025/11/27 05:17:52.116, 4, NVIDIA H100 80GB HBM3, P0, 100 %, 46 %, 81559 MiB, 34557 MiB, 46523 MiB, 43, 49, 328.31 W, 700.00 W, 700.00 W, 1980 MHz, 2619 MHz, [N/A]
2025/11/27 05:17:52.116, 5, NVIDIA H100 80GB HBM3, P0, 92 %, 37 %, 81559 MiB, 32855 MiB, 48225 MiB, 49, 54, 354.24 W, 700.00 W, 700.00 W, 1980 MHz, 2619 MHz, [N/A]
2025/11/27 05:17:52.117, 6, NVIDIA H100 80GB HBM3, P0, 75 %, 46 %, 81559 MiB, 33143 MiB, 47937 MiB, 47, 53, 339.24 W, 700.00 W, 700.00 W, 1980 MHz, 2619 MHz, [N/A]
2025/11/27 05:17:52.118, 7, NVIDIA H100 80GB HBM3, P0, 62 %, 19 %, 81559 MiB, 34809 MiB, 46271 MiB, 48, 54, 359.40 W, 700.00 W, 700.00 W, 1980 MHz, 2619 MHz, [N/A]
2025/11/27 05:17:57.120, 0, NVIDIA H100 80GB HBM3, P0, 92 %, 20 %, 81559 MiB, 32975 MiB, 48105 MiB, 47, 57, 364.88 W, 700.00 W, 700.00 W, 1980 MHz, 2619 MHz, [N/A]
2025/11/27 05:17:57.122, 1, NVIDIA H100 80GB HBM3, P0, 100 %, 22 %, 81559 MiB, 34743 MiB, 46337 MiB, 49, 56, 350.47 W, 700.00 W, 700.00 W, 1980 MHz, 2619 MHz, [N/A]
2025/11/27 05:17:57.123, 2, NVIDIA H100 80GB HBM3, P0, 99 %, 16 %, 81559 MiB, 35275 MiB, 45805 MiB, 52, 58, 337.60 W, 700.00 W, 700.00 W, 1980 MHz, 2619 MHz, [N/A]
2025/11/27 05:17:57.124, 3, NVIDIA H100 80GB HBM3, P0, 68 %, 21 %, 81559 MiB, 32497 MiB, 48583 MiB, 44, 53, 362.11 W, 700.00 W, 700.00 W, 1980 MHz, 2619 MHz, [N/A]
2025/11/27 05:17:57.125, 4, NVIDIA H100 80GB HBM3, P0, 100 %, 53 %, 81559 MiB, 34555 MiB, 46525 MiB, 44, 52, 335.30 W, 700.00 W, 700.00 W, 1980 MHz, 2619 MHz, [N/A]
2025/11/27 05:17:57.126, 5, NVIDIA H100 80GB HBM3, P0, 100 %, 47 %, 81559 MiB, 32855 MiB, 48225 MiB, 51, 56, 369.10 W, 700.00 W, 700.00 W, 1965 MHz, 2619 MHz, [N/A]
2025/11/27 05:17:57.127, 6, NVIDIA H100 80GB HBM3, P0, 63 %, 37 %, 81559 MiB, 33141 MiB, 47939 MiB, 48, 55, 341.98 W, 700.00 W, 700.00 W, 1980 MHz, 2619 MHz, [N/A]
2025/11/27 05:17:57.128, 7, NVIDIA H100 80GB HBM3, P0, 97 %, 14 %, 81559 MiB, 34809 MiB, 46271 MiB, 46, 54, 329.22 W, 700.00 W, 700.00 W, 1980 MHz, 2619 MHz, [N/A]
2025/11/27 05:18:02.129, 0, NVIDIA H100 80GB HBM3, P0, 92 %, 36 %, 81559 MiB, 32975 MiB, 48105 MiB, 50, 59, 425.64 W, 700.00 W, 700.00 W, 1965 MHz, 2619 MHz, [N/A]
2025/11/27 05:18:02.131, 1, NVIDIA H100 80GB HBM3, P0, 94 %, 30 %, 81559 MiB, 34743 MiB, 46337 MiB, 50, 56, 352.67 W, 700.00 W, 700.00 W, 1980 MHz, 2619 MHz, [N/A]
2025/11/27 05:18:02.132, 2, NVIDIA H100 80GB HBM3, P0, 100 %, 23 %, 81559 MiB, 35275 MiB, 45805 MiB, 52, 60, 351.23 W, 700.00 W, 700.00 W, 1980 MHz, 2619 MHz, [N/A]
2025/11/27 05:18:02.133, 3, NVIDIA H100 80GB HBM3, P0, 66 %, 21 %, 81559 MiB, 32495 MiB, 48585 MiB, 44, 53, 377.60 W, 700.00 W, 700.00 W, 1980 MHz, 2619 MHz, [N/A]
2025/11/27 05:18:02.134, 4, NVIDIA H100 80GB HBM3, P0, 100 %, 45 %, 81559 MiB, 34555 MiB, 46525 MiB, 44, 53, 340.48 W, 700.00 W, 700.00 W, 1980 MHz, 2619 MHz, [N/A]
2025/11/27 05:18:02.135, 5, NVIDIA H100 80GB HBM3, P0, 100 %, 45 %, 81559 MiB, 32851 MiB, 48229 MiB, 49, 57, 360.35 W, 700.00 W, 700.00 W, 1980 MHz, 2619 MHz, [N/A]
2025/11/27 05:18:02.136, 6, NVIDIA H100 80GB HBM3, P0, 94 %, 37 %, 81559 MiB, 33133 MiB, 47947 MiB, 49, 57, 389.77 W, 700.00 W, 700.00 W, 1980 MHz, 2619 MHz, [N/A]
2025/11/27 05:18:02.137, 7, NVIDIA H100 80GB HBM3, P0, 99 %, 13 %, 81559 MiB, 34809 MiB, 46271 MiB, 46, 53, 343.28 W, 700.00 W, 700.00 W, 1980 MHz, 2619 MHz, [N/A]
2025/11/27 05:18:07.138, 0, NVIDIA H100 80GB HBM3, P0, 47 %, 22 %, 81559 MiB, 32971 MiB, 48109 MiB, 46, 53, 346.83 W, 700.00 W, 700.00 W, 1980 MHz, 2619 MHz, [N/A]
2025/11/27 05:18:07.139, 1, NVIDIA H100 80GB HBM3, P0, 53 %, 16 %, 81559 MiB, 34741 MiB, 46339 MiB, 51, 58, 351.83 W, 700.00 W, 700.00 W, 1980 MHz, 2619 MHz, [N/A]
2025/11/27 05:18:07.140, 2, NVIDIA H100 80GB HBM3, P0, 31 %, 15 %, 81559 MiB, 35273 MiB, 45807 MiB, 50, 56, 343.38 W, 700.00 W, 700.00 W, 1980 MHz, 2619 MHz, [N/A]
2025/11/27 05:18:07.141, 3, NVIDIA H100 80GB HBM3, P0, 61 %, 25 %, 81559 MiB, 32491 MiB, 48589 MiB, 45, 53, 371.11 W, 700.00 W, 700.00 W, 1980 MHz, 2619 MHz, [N/A]
2025/11/27 05:18:07.142, 4, NVIDIA H100 80GB HBM3, P0, 78 %, 28 %, 81559 MiB, 34553 MiB, 46527 MiB, 43, 49, 361.55 W, 700.00 W, 700.00 W, 1980 MHz, 2619 MHz, [N/A]
2025/11/27 05:18:07.143, 5, NVIDIA H100 80GB HBM3, P0, 99 %, 20 %, 81559 MiB, 32851 MiB, 48229 MiB, 50, 55, 388.60 W, 700.00 W, 700.00 W, 1980 MHz, 2619 MHz, [N/A]
2025/11/27 05:18:07.144, 6, NVIDIA H100 80GB HBM3, P0, 98 %, 12 %, 81559 MiB, 33133 MiB, 47947 MiB, 50, 55, 342.28 W, 700.00 W, 700.00 W, 1980 MHz, 2619 MHz, [N/A]
2025/11/27 05:18:07.145, 7, NVIDIA H100 80GB HBM3, P0, 90 %, 24 %, 81559 MiB, 34807 MiB, 46273 MiB, 45, 54, 342.73 W, 700.00 W, 700.00 W, 1980 MHz, 2619 MHz, [N/A]
2025/11/27 05:18:12.146, 0, NVIDIA H100 80GB HBM3, P0, 100 %, 52 %, 81559 MiB, 32971 MiB, 48109 MiB, 48, 60, 346.10 W, 700.00 W, 700.00 W, 1980 MHz, 2619 MHz, [N/A]
2025/11/27 05:18:12.147, 1, NVIDIA H100 80GB HBM3, P0, 99 %, 69 %, 81559 MiB, 34741 MiB, 46339 MiB, 52, 62, 410.07 W, 700.00 W, 700.00 W, 1980 MHz, 2619 MHz, [N/A]
2025/11/27 05:18:12.148, 2, NVIDIA H100 80GB HBM3, P0, 100 %, 56 %, 81559 MiB, 35273 MiB, 45807 MiB, 53, 63, 371.11 W, 700.00 W, 700.00 W, 1980 MHz, 2619 MHz, [N/A]
2025/11/27 05:18:12.149, 3, NVIDIA H100 80GB HBM3, P0, 75 %, 37 %, 81559 MiB, 32491 MiB, 48589 MiB, 46, 57, 351.99 W, 700.00 W, 700.00 W, 1980 MHz, 2619 MHz, [N/A]
2025/11/27 05:18:12.149, 4, NVIDIA H100 80GB HBM3, P0, 94 %, 53 %, 81559 MiB, 34553 MiB, 46527 MiB, 45, 55, 334.78 W, 700.00 W, 700.00 W, 1980 MHz, 2619 MHz, [N/A]
2025/11/27 05:18:12.150, 5, NVIDIA H100 80GB HBM3, P0, 99 %, 61 %, 81559 MiB, 32851 MiB, 48229 MiB, 52, 59, 378.86 W, 700.00 W, 700.00 W, 1980 MHz, 2619 MHz, [N/A]
2025/11/27 05:18:12.150, 6, NVIDIA H100 80GB HBM3, P0, 100 %, 64 %, 81559 MiB, 33133 MiB, 47947 MiB, 49, 57, 393.63 W, 700.00 W, 700.00 W, 1980 MHz, 2619 MHz, [N/A]
2025/11/27 05:18:12.151, 7, NVIDIA H100 80GB HBM3, P0, 100 %, 42 %, 81559 MiB, 34807 MiB, 46273 MiB, 47, 58, 390.80 W, 700.00 W, 700.00 W, 1980 MHz, 2619 MHz, [N/A]
2025/11/27 05:18:17.152, 0, NVIDIA H100 80GB HBM3, P0, 100 %, 43 %, 81559 MiB, 32971 MiB, 48109 MiB, 49, 57, 370.61 W, 700.00 W, 700.00 W, 1980 MHz, 2619 MHz, [N/A]
2025/11/27 05:18:17.153, 1, NVIDIA H100 80GB HBM3, P0, 100 %, 54 %, 81559 MiB, 34737 MiB, 46343 MiB, 52, 62, 351.20 W, 700.00 W, 700.00 W, 1980 MHz, 2619 MHz, [N/A]
2025/11/27 05:18:17.154, 2, NVIDIA H100 80GB HBM3, P0, 91 %, 52 %, 81559 MiB, 35273 MiB, 45807 MiB, 54, 61, 404.58 W, 700.00 W, 700.00 W, 1980 MHz, 2619 MHz, [N/A]
2025/11/27 05:18:17.155, 3, NVIDIA H100 80GB HBM3, P0, 99 %, 62 %, 81559 MiB, 32491 MiB, 48589 MiB, 46, 57, 399.38 W, 700.00 W, 700.00 W, 1980 MHz, 2619 MHz, [N/A]
2025/11/27 05:18:17.155, 4, NVIDIA H100 80GB HBM3, P0, 100 %, 68 %, 81559 MiB, 34551 MiB, 46529 MiB, 46, 53, 377.23 W, 700.00 W, 700.00 W, 1980 MHz, 2619 MHz, [N/A]
2025/11/27 05:18:17.156, 5, NVIDIA H100 80GB HBM3, P0, 100 %, 63 %, 81559 MiB, 32849 MiB, 48231 MiB, 52, 58, 358.23 W, 700.00 W, 700.00 W, 1980 MHz, 2619 MHz, [N/A]
2025/11/27 05:18:17.157, 6, NVIDIA H100 80GB HBM3, P0, 100 %, 53 %, 81559 MiB, 33131 MiB, 47949 MiB, 50, 60, 333.49 W, 700.00 W, 700.00 W, 1980 MHz, 2619 MHz, [N/A]
2025/11/27 05:18:17.157, 7, NVIDIA H100 80GB HBM3, P0, 70 %, 15 %, 81559 MiB, 34803 MiB, 46277 MiB, 48, 57, 364.00 W, 700.00 W, 700.00 W, 1980 MHz, 2619 MHz, [N/A]
2025/11/27 05:18:22.158, 0, NVIDIA H100 80GB HBM3, P0, 99 %, 65 %, 81559 MiB, 32969 MiB, 48111 MiB, 46, 55, 367.42 W, 700.00 W, 700.00 W, 1980 MHz, 2619 MHz, [N/A]
2025/11/27 05:18:22.159, 1, NVIDIA H100 80GB HBM3, P0, 82 %, 49 %, 81559 MiB, 34737 MiB, 46343 MiB, 51, 58, 371.10 W, 700.00 W, 700.00 W, 1980 MHz, 2619 MHz, [N/A]
2025/11/27 05:18:22.160, 2, NVIDIA H100 80GB HBM3, P0, 99 %, 62 %, 81559 MiB, 35271 MiB, 45809 MiB, 53, 60, 392.55 W, 700.00 W, 700.00 W, 1980 MHz, 2619 MHz, [N/A]
2025/11/27 05:18:22.161, 3, NVIDIA H100 80GB HBM3, P0, 99 %, 18 %, 81559 MiB, 32489 MiB, 48591 MiB, 47, 56, 384.74 W, 700.00 W, 700.00 W, 1980 MHz, 2619 MHz, [N/A]
2025/11/27 05:18:22.162, 4, NVIDIA H100 80GB HBM3, P0, 95 %, 17 %, 81559 MiB, 34549 MiB, 46531 MiB, 47, 54, 390.03 W, 700.00 W, 700.00 W, 1980 MHz, 2619 MHz, [N/A]
2025/11/27 05:18:22.162, 5, NVIDIA H100 80GB HBM3, P0, 79 %, 33 %, 81559 MiB, 32849 MiB, 48231 MiB, 50, 59, 384.87 W, 700.00 W, 700.00 W, 1980 MHz, 2619 MHz, [N/A]
2025/11/27 05:18:22.163, 6, NVIDIA H100 80GB HBM3, P0, 94 %, 46 %, 81559 MiB, 33131 MiB, 47949 MiB, 50, 55, 384.96 W, 700.00 W, 700.00 W, 1965 MHz, 2619 MHz, [N/A]
2025/11/27 05:18:22.163, 7, NVIDIA H100 80GB HBM3, P0, 100 %, 52 %, 81559 MiB, 34803 MiB, 46277 MiB, 46, 53, 352.41 W, 700.00 W, 700.00 W, 1980 MHz, 2619 MHz, [N/A]
2025/11/27 05:18:27.164, 0, NVIDIA H100 80GB HBM3, P0, 100 %, 30 %, 81559 MiB, 32969 MiB, 48111 MiB, 47, 59, 373.87 W, 700.00 W, 700.00 W, 1980 MHz, 2619 MHz, [N/A]
2025/11/27 05:18:27.165, 1, NVIDIA H100 80GB HBM3, P0, 100 %, 46 %, 81559 MiB, 34737 MiB, 46343 MiB, 53, 60, 380.35 W, 700.00 W, 700.00 W, 1980 MHz, 2619 MHz, [N/A]
2025/11/27 05:18:27.166, 2, NVIDIA H100 80GB HBM3, P0, 100 %, 36 %, 81559 MiB, 35269 MiB, 45811 MiB, 54, 61, 438.72 W, 700.00 W, 700.00 W, 1980 MHz, 2619 MHz, [N/A]
2025/11/27 05:18:27.167, 3, NVIDIA H100 80GB HBM3, P0, 99 %, 64 %, 81559 MiB, 32489 MiB, 48591 MiB, 46, 57, 370.20 W, 700.00 W, 700.00 W, 1980 MHz, 2619 MHz, [N/A]
2025/11/27 05:18:27.168, 4, NVIDIA H100 80GB HBM3, P0, 100 %, 56 %, 81559 MiB, 34549 MiB, 46531 MiB, 45, 53, 359.63 W, 700.00 W, 700.00 W, 1980 MHz, 2619 MHz, [N/A]
2025/11/27 05:18:27.169, 5, NVIDIA H100 80GB HBM3, P0, 100 %, 56 %, 81559 MiB, 32849 MiB, 48231 MiB, 51, 59, 381.12 W, 700.00 W, 700.00 W, 1980 MHz, 2619 MHz, [N/A]
2025/11/27 05:18:27.170, 6, NVIDIA H100 80GB HBM3, P0, 100 %, 55 %, 81559 MiB, 33131 MiB, 47949 MiB, 50, 59, 375.58 W, 700.00 W, 700.00 W, 1980 MHz, 2619 MHz, [N/A]
2025/11/27 05:18:27.170, 7, NVIDIA H100 80GB HBM3, P0, 49 %, 25 %, 81559 MiB, 34801 MiB, 46279 MiB, 49, 58, 387.31 W, 700.00 W, 700.00 W, 1980 MHz, 2619 MHz, [N/A]
2025/11/27 05:18:32.172, 0, NVIDIA H100 80GB HBM3, P0, 78 %, 35 %, 81559 MiB, 32969 MiB, 48111 MiB, 46, 56, 332.26 W, 700.00 W, 700.00 W, 1980 MHz, 2619 MHz, [N/A]
2025/11/27 05:18:32.174, 1, NVIDIA H100 80GB HBM3, P0, 30 %, 13 %, 81559 MiB, 34735 MiB, 46345 MiB, 50, 56, 329.25 W, 700.00 W, 700.00 W, 1980 MHz, 2619 MHz, [N/A]
2025/11/27 05:18:32.174, 2, NVIDIA H100 80GB HBM3, P0, 70 %, 26 %, 81559 MiB, 35269 MiB, 45811 MiB, 52, 59, 394.43 W, 700.00 W, 700.00 W, 1980 MHz, 2619 MHz, [N/A]
2025/11/27 05:18:32.175, 3, NVIDIA H100 80GB HBM3, P0, 99 %, 30 %, 81559 MiB, 32485 MiB, 48595 MiB, 46, 56, 327.68 W, 700.00 W, 700.00 W, 1980 MHz, 2619 MHz, [N/A]
2025/11/27 05:18:32.176, 4, NVIDIA H100 80GB HBM3, P0, 72 %, 38 %, 81559 MiB, 34547 MiB, 46533 MiB, 49, 53, 351.08 W, 700.00 W, 700.00 W, 1965 MHz, 2619 MHz, [N/A]
2025/11/27 05:18:32.177, 5, NVIDIA H100 80GB HBM3, P0, 90 %, 15 %, 81559 MiB, 32849 MiB, 48231 MiB, 50, 56, 334.31 W, 700.00 W, 700.00 W, 1980 MHz, 2619 MHz, [N/A]
2025/11/27 05:18:32.177, 6, NVIDIA H100 80GB HBM3, P0, 98 %, 14 %, 81559 MiB, 33127 MiB, 47953 MiB, 49, 56, 335.64 W, 700.00 W, 700.00 W, 1980 MHz, 2619 MHz, [N/A]
2025/11/27 05:18:32.178, 7, NVIDIA H100 80GB HBM3, P0, 100 %, 63 %, 81559 MiB, 34801 MiB, 46279 MiB, 45, 53, 342.80 W, 700.00 W, 700.00 W, 1980 MHz, 2619 MHz, [N/A]
2025/11/27 05:18:37.180, 0, NVIDIA H100 80GB HBM3, P0, 98 %, 29 %, 81559 MiB, 32965 MiB, 48115 MiB, 48, 57, 350.96 W, 700.00 W, 700.00 W, 1980 MHz, 2619 MHz, [N/A]
2025/11/27 05:18:37.181, 1, NVIDIA H100 80GB HBM3, P0, 98 %, 50 %, 81559 MiB, 34735 MiB, 46345 MiB, 54, 62, 375.18 W, 700.00 W, 700.00 W, 1980 MHz, 2619 MHz, [N/A]
2025/11/27 05:18:37.182, 2, NVIDIA H100 80GB HBM3, P0, 100 %, 59 %, 81559 MiB, 35269 MiB, 45811 MiB, 54, 60, 363.99 W, 700.00 W, 700.00 W, 1980 MHz, 2619 MHz, [N/A]
2025/11/27 05:18:37.183, 3, NVIDIA H100 80GB HBM3, P0, 100 %, 61 %, 81559 MiB, 32485 MiB, 48595 MiB, 46, 58, 373.07 W, 700.00 W, 700.00 W, 1980 MHz, 2619 MHz, [N/A]
2025/11/27 05:18:37.184, 4, NVIDIA H100 80GB HBM3, P0, 100 %, 62 %, 81559 MiB, 34547 MiB, 46533 MiB, 46, 53, 355.33 W, 700.00 W, 700.00 W, 1965 MHz, 2619 MHz, [N/A]
2025/11/27 05:18:37.185, 5, NVIDIA H100 80GB HBM3, P0, 100 %, 57 %, 81559 MiB, 32847 MiB, 48233 MiB, 51, 58, 336.60 W, 700.00 W, 700.00 W, 1980 MHz, 2619 MHz, [N/A]
2025/11/27 05:18:37.185, 6, NVIDIA H100 80GB HBM3, P0, 100 %, 56 %, 81559 MiB, 33127 MiB, 47953 MiB, 50, 59, 388.53 W, 700.00 W, 700.00 W, 1980 MHz, 2619 MHz, [N/A]
2025/11/27 05:18:37.186, 7, NVIDIA H100 80GB HBM3, P0, 94 %, 17 %, 81559 MiB, 34801 MiB, 46279 MiB, 48, 58, 347.35 W, 700.00 W, 700.00 W, 1980 MHz, 2619 MHz, [N/A]
2025/11/27 05:18:42.187, 0, NVIDIA H100 80GB HBM3, P0, 99 %, 59 %, 81559 MiB, 32965 MiB, 48115 MiB, 46, 56, 353.76 W, 700.00 W, 700.00 W, 1980 MHz, 2619 MHz, [N/A]
2025/11/27 05:18:42.188, 1, NVIDIA H100 80GB HBM3, P0, 81 %, 50 %, 81559 MiB, 34735 MiB, 46345 MiB, 51, 58, 371.61 W, 700.00 W, 700.00 W, 1980 MHz, 2619 MHz, [N/A]
2025/11/27 05:18:42.188, 2, NVIDIA H100 80GB HBM3, P0, 25 %, 10 %, 81559 MiB, 35267 MiB, 45813 MiB, 51, 58, 405.05 W, 700.00 W, 700.00 W, 1980 MHz, 2619 MHz, [N/A]
2025/11/27 05:18:42.189, 3, NVIDIA H100 80GB HBM3, P0, 100 %, 11 %, 81559 MiB, 32485 MiB, 48595 MiB, 44, 53, 380.99 W, 700.00 W, 700.00 W, 1980 MHz, 2619 MHz, [N/A]
2025/11/27 05:18:42.190, 4, NVIDIA H100 80GB HBM3, P0, 94 %, 39 %, 81559 MiB, 34547 MiB, 46533 MiB, 46, 54, 396.86 W, 700.00 W, 700.00 W, 1890 MHz, 2619 MHz, [N/A]
2025/11/27 05:18:42.190, 5, NVIDIA H100 80GB HBM3, P0, 75 %, 33 %, 81559 MiB, 32847 MiB, 48233 MiB, 50, 55, 453.72 W, 700.00 W, 700.00 W, 1980 MHz, 2619 MHz, [N/A]
2025/11/27 05:18:42.191, 6, NVIDIA H100 80GB HBM3, P0, 94 %, 42 %, 81559 MiB, 33127 MiB, 47953 MiB, 49, 56, 367.23 W, 700.00 W, 700.00 W, 1980 MHz, 2619 MHz, [N/A]
2025/11/27 05:18:42.192, 7, NVIDIA H100 80GB HBM3, P0, 100 %, 43 %, 81559 MiB, 34797 MiB, 46283 MiB, 46, 53, 367.81 W, 700.00 W, 700.00 W, 1980 MHz, 2619 MHz, [N/A]
2025/11/27 05:18:47.193, 0, NVIDIA H100 80GB HBM3, P0, 99 %, 64 %, 81559 MiB, 32965 MiB, 48115 MiB, 47, 59, 380.27 W, 700.00 W, 700.00 W, 1980 MHz, 2619 MHz, [N/A]
2025/11/27 05:18:47.194, 1, NVIDIA H100 80GB HBM3, P0, 99 %, 65 %, 81559 MiB, 34735 MiB, 46345 MiB, 51, 59, 376.02 W, 700.00 W, 700.00 W, 1980 MHz, 2619 MHz, [N/A]
2025/11/27 05:18:47.195, 2, NVIDIA H100 80GB HBM3, P0, 48 %, 22 %, 81559 MiB, 35267 MiB, 45813 MiB, 53, 63, 386.78 W, 700.00 W, 700.00 W, 1980 MHz, 2619 MHz, [N/A]
2025/11/27 05:18:47.195, 3, NVIDIA H100 80GB HBM3, P0, 93 %, 21 %, 81559 MiB, 32485 MiB, 48595 MiB, 44, 54, 396.04 W, 700.00 W, 700.00 W, 1980 MHz, 2619 MHz, [N/A]
2025/11/27 05:18:47.196, 4, NVIDIA H100 80GB HBM3, P0, 94 %, 42 %, 81559 MiB, 34547 MiB, 46533 MiB, 45, 55, 391.90 W, 700.00 W, 700.00 W, 1980 MHz, 2619 MHz, [N/A]
2025/11/27 05:18:47.197, 5, NVIDIA H100 80GB HBM3, P0, 84 %, 50 %, 81559 MiB, 32845 MiB, 48235 MiB, 49, 55, 374.53 W, 700.00 W, 700.00 W, 1980 MHz, 2619 MHz, [N/A]
2025/11/27 05:18:47.197, 6, NVIDIA H100 80GB HBM3, P0, 96 %, 57 %, 81559 MiB, 33127 MiB, 47953 MiB, 54, 58, 359.25 W, 700.00 W, 700.00 W, 1980 MHz, 2619 MHz, [N/A]
2025/11/27 05:18:47.198, 7, NVIDIA H100 80GB HBM3, P0, 99 %, 61 %, 81559 MiB, 34797 MiB, 46283 MiB, 47, 57, 399.51 W, 700.00 W, 700.00 W, 1980 MHz, 2619 MHz, [N/A]
2025/11/27 05:18:52.199, 0, NVIDIA H100 80GB HBM3, P0, 98 %, 63 %, 81559 MiB, 32963 MiB, 48117 MiB, 46, 56, 362.01 W, 700.00 W, 700.00 W, 1980 MHz, 2619 MHz, [N/A]
2025/11/27 05:18:52.200, 1, NVIDIA H100 80GB HBM3, P0, 85 %, 53 %, 81559 MiB, 34733 MiB, 46347 MiB, 52, 58, 393.82 W, 700.00 W, 700.00 W, 1980 MHz, 2619 MHz, [N/A]
2025/11/27 05:18:52.201, 2, NVIDIA H100 80GB HBM3, P0, 69 %, 20 %, 81559 MiB, 35267 MiB, 45813 MiB, 53, 60, 403.21 W, 700.00 W, 700.00 W, 1980 MHz, 2619 MHz, [N/A]
2025/11/27 05:18:52.202, 3, NVIDIA H100 80GB HBM3, P0, 65 %, 22 %, 81559 MiB, 32485 MiB, 48595 MiB, 45, 54, 415.70 W, 700.00 W, 700.00 W, 1965 MHz, 2619 MHz, [N/A]
2025/11/27 05:18:52.203, 4, NVIDIA H100 80GB HBM3, P0, 90 %, 19 %, 81559 MiB, 34545 MiB, 46535 MiB, 44, 54, 393.69 W, 700.00 W, 700.00 W, 1980 MHz, 2619 MHz, [N/A]
2025/11/27 05:18:52.203, 5, NVIDIA H100 80GB HBM3, P0, 68 %, 34 %, 81559 MiB, 32845 MiB, 48235 MiB, 49, 55, 372.96 W, 700.00 W, 700.00 W, 1980 MHz, 2619 MHz, [N/A]
2025/11/27 05:18:52.205, 6, NVIDIA H100 80GB HBM3, P0, 94 %, 51 %, 81559 MiB, 33127 MiB, 47953 MiB, 50, 57, 391.50 W, 700.00 W, 700.00 W, 1980 MHz, 2619 MHz, [N/A]
2025/11/27 05:18:52.207, 7, NVIDIA H100 80GB HBM3, P0, 100 %, 59 %, 81559 MiB, 34795 MiB, 46285 MiB, 46, 54, 376.44 W, 700.00 W, 700.00 W, 1980 MHz, 2619 MHz, [N/A]
2025/11/27 05:18:57.208, 0, NVIDIA H100 80GB HBM3, P0, 90 %, 16 %, 81559 MiB, 32963 MiB, 48117 MiB, 48, 57, 371.15 W, 700.00 W, 700.00 W, 1980 MHz, 2619 MHz, [N/A]
2025/11/27 05:18:57.209, 1, NVIDIA H100 80GB HBM3, P0, 98 %, 28 %, 81559 MiB, 34731 MiB, 46349 MiB, 53, 63, 380.11 W, 700.00 W, 700.00 W, 1980 MHz, 2619 MHz, [N/A]
2025/11/27 05:18:57.211, 2, NVIDIA H100 80GB HBM3, P0, 100 %, 50 %, 81559 MiB, 35267 MiB, 45813 MiB, 53, 60, 370.78 W, 700.00 W, 700.00 W, 1980 MHz, 2619 MHz, [N/A]
2025/11/27 05:18:57.211, 3, NVIDIA H100 80GB HBM3, P0, 100 %, 54 %, 81559 MiB, 32483 MiB, 48597 MiB, 47, 58, 364.42 W, 700.00 W, 700.00 W, 1980 MHz, 2619 MHz, [N/A]
2025/11/27 05:18:57.212, 4, NVIDIA H100 80GB HBM3, P0, 100 %, 55 %, 81559 MiB, 34543 MiB, 46537 MiB, 47, 55, 385.83 W, 700.00 W, 700.00 W, 1980 MHz, 2619 MHz, [N/A]
2025/11/27 05:18:57.213, 5, NVIDIA H100 80GB HBM3, P0, 100 %, 45 %, 81559 MiB, 32845 MiB, 48235 MiB, 54, 60, 381.38 W, 700.00 W, 700.00 W, 1965 MHz, 2619 MHz, [N/A]
2025/11/27 05:18:57.214, 6, NVIDIA H100 80GB HBM3, P0, 100 %, 36 %, 81559 MiB, 33125 MiB, 47955 MiB, 51, 60, 362.21 W, 700.00 W, 700.00 W, 1980 MHz, 2619 MHz, [N/A]
2025/11/27 05:18:57.215, 7, NVIDIA H100 80GB HBM3, P0, 64 %, 27 %, 81559 MiB, 32847 MiB, 48233 MiB, 50, 57, 390.30 W, 700.00 W, 700.00 W, 1965 MHz, 2619 MHz, [N/A]
2025/11/27 05:19:02.216, 0, NVIDIA H100 80GB HBM3, P0, 99 %, 60 %, 81559 MiB, 32963 MiB, 48117 MiB, 48, 59, 422.85 W, 700.00 W, 700.00 W, 1980 MHz, 2619 MHz, [N/A]
2025/11/27 05:19:02.218, 1, NVIDIA H100 80GB HBM3, P0, 99 %, 65 %, 81559 MiB, 34731 MiB, 46349 MiB, 51, 58, 373.67 W, 700.00 W, 700.00 W, 1980 MHz, 2619 MHz, [N/A]
2025/11/27 05:19:02.219, 2, NVIDIA H100 80GB HBM3, P0, 77 %, 36 %, 81559 MiB, 35259 MiB, 45821 MiB, 53, 62, 404.04 W, 700.00 W, 700.00 W, 1980 MHz, 2619 MHz, [N/A]
2025/11/27 05:19:02.220, 3, NVIDIA H100 80GB HBM3, P0, 92 %, 30 %, 81559 MiB, 32483 MiB, 48597 MiB, 47, 55, 421.23 W, 700.00 W, 700.00 W, 1965 MHz, 2619 MHz, [N/A]
2025/11/27 05:19:02.222, 4, NVIDIA H100 80GB HBM3, P0, 94 %, 43 %, 81559 MiB, 34543 MiB, 46537 MiB, 45, 53, 359.51 W, 700.00 W, 700.00 W, 1980 MHz, 2619 MHz, [N/A]
2025/11/27 05:19:02.222, 5, NVIDIA H100 80GB HBM3, P0, 87 %, 52 %, 81559 MiB, 32845 MiB, 48235 MiB, 51, 58, 384.32 W, 700.00 W, 700.00 W, 1980 MHz, 2619 MHz, [N/A]
2025/11/27 05:19:02.224, 6, NVIDIA H100 80GB HBM3, P0, 95 %, 57 %, 81559 MiB, 33125 MiB, 47955 MiB, 49, 57, 391.20 W, 700.00 W, 700.00 W, 1980 MHz, 2619 MHz, [N/A]
2025/11/27 05:19:02.226, 7, NVIDIA H100 80GB HBM3, P0, 99 %, 59 %, 81559 MiB, 32847 MiB, 48233 MiB, 46, 56, 348.20 W, 700.00 W, 700.00 W, 1980 MHz, 2619 MHz, [N/A]
2025/11/27 05:19:07.227, 0, NVIDIA H100 80GB HBM3, P0, 98 %, 27 %, 81559 MiB, 32963 MiB, 48117 MiB, 49, 59, 398.46 W, 700.00 W, 700.00 W, 1980 MHz, 2619 MHz, [N/A]
2025/11/27 05:19:07.228, 1, NVIDIA H100 80GB HBM3, P0, 100 %, 37 %, 81559 MiB, 34729 MiB, 46351 MiB, 53, 63, 382.41 W, 700.00 W, 700.00 W, 1980 MHz, 2619 MHz, [N/A]
2025/11/27 05:19:07.229, 2, NVIDIA H100 80GB HBM3, P0, 100 %, 57 %, 81559 MiB, 35259 MiB, 45821 MiB, 54, 64, 401.26 W, 700.00 W, 700.00 W, 1980 MHz, 2619 MHz, [N/A]
2025/11/27 05:19:07.230, 3, NVIDIA H100 80GB HBM3, P0, 100 %, 60 %, 81559 MiB, 32483 MiB, 48597 MiB, 47, 59, 378.55 W, 700.00 W, 700.00 W, 1980 MHz, 2619 MHz, [N/A]
2025/11/27 05:19:07.231, 4, NVIDIA H100 80GB HBM3, P0, 100 %, 63 %, 81559 MiB, 34543 MiB, 46537 MiB, 46, 55, 414.03 W, 700.00 W, 700.00 W, 1980 MHz, 2619 MHz, [N/A]
2025/11/27 05:19:07.232, 5, NVIDIA H100 80GB HBM3, P0, 100 %, 62 %, 81559 MiB, 32843 MiB, 48237 MiB, 52, 59, 434.40 W, 700.00 W, 700.00 W, 1980 MHz, 2619 MHz, [N/A]
2025/11/27 05:19:07.233, 6, NVIDIA H100 80GB HBM3, P0, 100 %, 51 %, 81559 MiB, 33125 MiB, 47955 MiB, 51, 63, 393.24 W, 700.00 W, 700.00 W, 1980 MHz, 2619 MHz, [N/A]
2025/11/27 05:19:07.233, 7, NVIDIA H100 80GB HBM3, P0, 67 %, 37 %, 81559 MiB, 32847 MiB, 48233 MiB, 48, 56, 356.49 W, 700.00 W, 700.00 W, 1980 MHz, 2619 MHz, [N/A]
2025/11/27 05:19:12.234, 0, NVIDIA H100 80GB HBM3, P0, 100 %, 40 %, 81559 MiB, 32961 MiB, 48119 MiB, 47, 57, 354.49 W, 700.00 W, 700.00 W, 1980 MHz, 2619 MHz, [N/A]
2025/11/27 05:19:12.236, 1, NVIDIA H100 80GB HBM3, P0, 73 %, 37 %, 81559 MiB, 34729 MiB, 46351 MiB, 57, 63, 416.28 W, 700.00 W, 700.00 W, 1965 MHz, 2619 MHz, [N/A]
2025/11/27 05:19:12.237, 2, NVIDIA H100 80GB HBM3, P0, 100 %, 27 %, 81559 MiB, 35259 MiB, 45821 MiB, 54, 62, 378.95 W, 700.00 W, 700.00 W, 1980 MHz, 2619 MHz, [N/A]
2025/11/27 05:19:12.238, 3, NVIDIA H100 80GB HBM3, P0, 100 %, 34 %, 81559 MiB, 32479 MiB, 48601 MiB, 47, 57, 392.75 W, 700.00 W, 700.00 W, 1980 MHz, 2619 MHz, [N/A]
2025/11/27 05:19:12.239, 4, NVIDIA H100 80GB HBM3, P0, 100 %, 27 %, 81559 MiB, 34543 MiB, 46537 MiB, 45, 53, 358.62 W, 700.00 W, 700.00 W, 1980 MHz, 2619 MHz, [N/A]
2025/11/27 05:19:12.240, 5, NVIDIA H100 80GB HBM3, P0, 99 %, 16 %, 81559 MiB, 32843 MiB, 48237 MiB, 51, 59, 338.25 W, 700.00 W, 700.00 W, 1980 MHz, 2619 MHz, [N/A]
2025/11/27 05:19:12.241, 6, NVIDIA H100 80GB HBM3, P0, 99 %, 12 %, 81559 MiB, 33125 MiB, 47955 MiB, 50, 57, 358.25 W, 700.00 W, 700.00 W, 1980 MHz, 2619 MHz, [N/A]
2025/11/27 05:19:12.242, 7, NVIDIA H100 80GB HBM3, P0, 100 %, 39 %, 81559 MiB, 32843 MiB, 48237 MiB, 46, 55, 354.89 W, 700.00 W, 700.00 W, 1980 MHz, 2619 MHz, [N/A]
2025/11/27 05:19:17.244, 0, NVIDIA H100 80GB HBM3, P0, 98 %, 17 %, 81559 MiB, 32961 MiB, 48119 MiB, 47, 57, 383.95 W, 700.00 W, 700.00 W, 1980 MHz, 2619 MHz, [N/A]
2025/11/27 05:19:17.245, 1, NVIDIA H100 80GB HBM3, P0, 84 %, 52 %, 81559 MiB, 34729 MiB, 46351 MiB, 51, 58, 403.83 W, 700.00 W, 700.00 W, 1980 MHz, 2619 MHz, [N/A]
2025/11/27 05:19:17.246, 2, NVIDIA H100 80GB HBM3, P0, 25 %, 10 %, 81559 MiB, 35257 MiB, 45823 MiB, 53, 59, 425.10 W, 700.00 W, 700.00 W, 1980 MHz, 2619 MHz, [N/A]
2025/11/27 05:19:17.247, 3, NVIDIA H100 80GB HBM3, P0, 70 %, 19 %, 81559 MiB, 32479 MiB, 48601 MiB, 45, 54, 383.33 W, 700.00 W, 700.00 W, 1980 MHz, 2619 MHz, [N/A]
2025/11/27 05:19:17.248, 4, NVIDIA H100 80GB HBM3, P0, 95 %, 17 %, 81559 MiB, 34541 MiB, 46539 MiB, 45, 51, 385.11 W, 700.00 W, 700.00 W, 1980 MHz, 2619 MHz, [N/A]
2025/11/27 05:19:17.249, 5, NVIDIA H100 80GB HBM3, P0, 72 %, 30 %, 81559 MiB, 32843 MiB, 48237 MiB, 51, 58, 423.54 W, 700.00 W, 700.00 W, 1980 MHz, 2619 MHz, [N/A]
2025/11/27 05:19:17.250, 6, NVIDIA H100 80GB HBM3, P0, 94 %, 47 %, 81559 MiB, 33123 MiB, 47957 MiB, 51, 58, 448.70 W, 700.00 W, 700.00 W, 1965 MHz, 2619 MHz, [N/A]
2025/11/27 05:19:17.251, 7, NVIDIA H100 80GB HBM3, P0, 77 %, 33 %, 81559 MiB, 32843 MiB, 48237 MiB, 48, 53, 405.61 W, 700.00 W, 700.00 W, 1965 MHz, 2619 MHz, [N/A]
2025/11/27 05:19:22.252, 0, NVIDIA H100 80GB HBM3, P0, 100 %, 55 %, 81559 MiB, 32959 MiB, 48121 MiB, 47, 57, 327.42 W, 700.00 W, 700.00 W, 1980 MHz, 2619 MHz, [N/A]
2025/11/27 05:19:22.254, 1, NVIDIA H100 80GB HBM3, P0, 80 %, 23 %, 81559 MiB, 34729 MiB, 46351 MiB, 53, 61, 359.31 W, 700.00 W, 700.00 W, 1980 MHz, 2619 MHz, [N/A]
2025/11/27 05:19:22.255, 2, NVIDIA H100 80GB HBM3, P0, 98 %, 13 %, 81559 MiB, 35257 MiB, 45823 MiB, 54, 60, 354.71 W, 700.00 W, 700.00 W, 1980 MHz, 2619 MHz, [N/A]
2025/11/27 05:19:22.256, 3, NVIDIA H100 80GB HBM3, P0, 36 %, 20 %, 81559 MiB, 32479 MiB, 48601 MiB, 46, 57, 333.22 W, 700.00 W, 700.00 W, 1980 MHz, 2619 MHz, [N/A]
2025/11/27 05:19:22.257, 4, NVIDIA H100 80GB HBM3, P0, 99 %, 9 %, 81559 MiB, 34541 MiB, 46539 MiB, 46, 55, 359.97 W, 700.00 W, 700.00 W, 1980 MHz, 2619 MHz, [N/A]
2025/11/27 05:19:22.258, 5, NVIDIA H100 80GB HBM3, P0, 94 %, 11 %, 81559 MiB, 32843 MiB, 48237 MiB, 52, 60, 356.78 W, 700.00 W, 700.00 W, 1980 MHz, 2619 MHz, [N/A]
2025/11/27 05:19:22.259, 6, NVIDIA H100 80GB HBM3, P0, 99 %, 14 %, 81559 MiB, 33121 MiB, 47959 MiB, 52, 60, 396.05 W, 700.00 W, 700.00 W, 1980 MHz, 2619 MHz, [N/A]
2025/11/27 05:19:22.261, 7, NVIDIA H100 80GB HBM3, P0, 100 %, 60 %, 81559 MiB, 32843 MiB, 48237 MiB, 48, 57, 376.21 W, 700.00 W, 700.00 W, 1980 MHz, 2619 MHz, [N/A]
2025/11/27 05:19:27.262, 0, NVIDIA H100 80GB HBM3, P0, 100 %, 62 %, 81559 MiB, 32959 MiB, 48121 MiB, 49, 61, 403.73 W, 700.00 W, 700.00 W, 1965 MHz, 2619 MHz, [N/A]
2025/11/27 05:19:27.264, 1, NVIDIA H100 80GB HBM3, P0, 98 %, 9 %, 81559 MiB, 34729 MiB, 46351 MiB, 53, 61, 374.50 W, 700.00 W, 700.00 W, 1980 MHz, 2619 MHz, [N/A]
2025/11/27 05:19:27.265, 2, NVIDIA H100 80GB HBM3, P0, 100 %, 26 %, 81559 MiB, 35257 MiB, 45823 MiB, 55, 63, 409.98 W, 700.00 W, 700.00 W, 1980 MHz, 2619 MHz, [N/A]
2025/11/27 05:19:27.266, 3, NVIDIA H100 80GB HBM3, P0, 100 %, 38 %, 81559 MiB, 32477 MiB, 48603 MiB, 48, 58, 399.00 W, 700.00 W, 700.00 W, 1965 MHz, 2619 MHz, [N/A]
2025/11/27 05:19:27.266, 4, NVIDIA H100 80GB HBM3, P0, 100 %, 23 %, 81559 MiB, 34541 MiB, 46539 MiB, 46, 56, 380.85 W, 700.00 W, 700.00 W, 1980 MHz, 2619 MHz, [N/A]
2025/11/27 05:19:27.267, 5, NVIDIA H100 80GB HBM3, P0, 99 %, 15 %, 81559 MiB, 32841 MiB, 48239 MiB, 52, 59, 370.91 W, 700.00 W, 700.00 W, 1980 MHz, 2619 MHz, [N/A]
2025/11/27 05:19:27.268, 6, NVIDIA H100 80GB HBM3, P0, 99 %, 9 %, 81559 MiB, 33121 MiB, 47959 MiB, 51, 60, 383.20 W, 700.00 W, 700.00 W, 1980 MHz, 2619 MHz, [N/A]
2025/11/27 05:19:27.269, 7, NVIDIA H100 80GB HBM3, P0, 100 %, 59 %, 81559 MiB, 32841 MiB, 48239 MiB, 48, 55, 383.82 W, 700.00 W, 700.00 W, 1980 MHz, 2619 MHz, [N/A]
2025/11/27 05:19:32.270, 0, NVIDIA H100 80GB HBM3, P0, 100 %, 56 %, 81559 MiB, 32959 MiB, 48121 MiB, 48, 59, 377.57 W, 700.00 W, 700.00 W, 1980 MHz, 2619 MHz, [N/A]
2025/11/27 05:19:32.271, 1, NVIDIA H100 80GB HBM3, P0, 73 %, 23 %, 81559 MiB, 34729 MiB, 46351 MiB, 54, 62, 411.90 W, 700.00 W, 700.00 W, 1980 MHz, 2619 MHz, [N/A]
2025/11/27 05:19:32.272, 2, NVIDIA H100 80GB HBM3, P0, 93 %, 23 %, 81559 MiB, 35257 MiB, 45823 MiB, 55, 62, 401.87 W, 700.00 W, 700.00 W, 1980 MHz, 2619 MHz, [N/A]
2025/11/27 05:19:32.273, 3, NVIDIA H100 80GB HBM3, P0, 99 %, 28 %, 81559 MiB, 32477 MiB, 48603 MiB, 47, 57, 384.08 W, 700.00 W, 700.00 W, 1980 MHz, 2619 MHz, [N/A]
2025/11/27 05:19:32.274, 4, NVIDIA H100 80GB HBM3, P0, 99 %, 14 %, 81559 MiB, 34541 MiB, 46539 MiB, 46, 56, 377.52 W, 700.00 W, 700.00 W, 1980 MHz, 2619 MHz, [N/A]
2025/11/27 05:19:32.275, 5, NVIDIA H100 80GB HBM3, P0, 79 %, 23 %, 81559 MiB, 32839 MiB, 48241 MiB, 54, 60, 389.12 W, 700.00 W, 700.00 W, 1980 MHz, 2619 MHz, [N/A]
2025/11/27 05:19:32.275, 6, NVIDIA H100 80GB HBM3, P0, 100 %, 42 %, 81559 MiB, 33121 MiB, 47959 MiB, 52, 60, 385.37 W, 700.00 W, 700.00 W, 1980 MHz, 2619 MHz, [N/A]
2025/11/27 05:19:32.276, 7, NVIDIA H100 80GB HBM3, P0, 100 %, 62 %, 81559 MiB, 32841 MiB, 48239 MiB, 50, 57, 419.67 W, 700.00 W, 700.00 W, 1980 MHz, 2619 MHz, [N/A]
2025/11/27 05:19:37.278, 0, NVIDIA H100 80GB HBM3, P0, 96 %, 61 %, 81559 MiB, 32959 MiB, 48121 MiB, 49, 56, 354.96 W, 700.00 W, 700.00 W, 1980 MHz, 2619 MHz, [N/A]
2025/11/27 05:19:37.279, 1, NVIDIA H100 80GB HBM3, P0, 100 %, 29 %, 81559 MiB, 34729 MiB, 46351 MiB, 53, 62, 396.93 W, 700.00 W, 700.00 W, 1980 MHz, 2619 MHz, [N/A]
2025/11/27 05:19:37.280, 2, NVIDIA H100 80GB HBM3, P0, 100 %, 56 %, 81559 MiB, 35257 MiB, 45823 MiB, 53, 62, 359.74 W, 700.00 W, 700.00 W, 1980 MHz, 2619 MHz, [N/A]
2025/11/27 05:19:37.280, 3, NVIDIA H100 80GB HBM3, P0, 100 %, 63 %, 81559 MiB, 32473 MiB, 48607 MiB, 48, 60, 385.65 W, 700.00 W, 700.00 W, 1965 MHz, 2619 MHz, [N/A]
2025/11/27 05:19:37.281, 4, NVIDIA H100 80GB HBM3, P0, 100 %, 58 %, 81559 MiB, 34541 MiB, 46539 MiB, 44, 53, 429.34 W, 700.00 W, 700.00 W, 1980 MHz, 2619 MHz, [N/A]
2025/11/27 05:19:37.282, 5, NVIDIA H100 80GB HBM3, P0, 100 %, 47 %, 81559 MiB, 32839 MiB, 48241 MiB, 51, 59, 380.30 W, 700.00 W, 700.00 W, 1980 MHz, 2619 MHz, [N/A]
2025/11/27 05:19:37.282, 6, NVIDIA H100 80GB HBM3, P0, 100 %, 67 %, 81559 MiB, 33121 MiB, 47959 MiB, 51, 61, 383.10 W, 700.00 W, 700.00 W, 1980 MHz, 2619 MHz, [N/A]
2025/11/27 05:19:37.283, 7, NVIDIA H100 80GB HBM3, P0, 68 %, 41 %, 81559 MiB, 32839 MiB, 48241 MiB, 48, 57, 358.95 W, 700.00 W, 700.00 W, 1980 MHz, 2619 MHz, [N/A]
2025/11/27 05:19:42.284, 0, NVIDIA H100 80GB HBM3, P0, 78 %, 48 %, 81559 MiB, 32957 MiB, 48123 MiB, 49, 58, 365.80 W, 700.00 W, 700.00 W, 1980 MHz, 2619 MHz, [N/A]
2025/11/27 05:19:42.285, 1, NVIDIA H100 80GB HBM3, P0, 98 %, 52 %, 81559 MiB, 34727 MiB, 46353 MiB, 52, 62, 373.80 W, 700.00 W, 700.00 W, 1980 MHz, 2619 MHz, [N/A]
2025/11/27 05:19:42.286, 2, NVIDIA H100 80GB HBM3, P0, 100 %, 62 %, 81559 MiB, 35257 MiB, 45823 MiB, 55, 62, 397.90 W, 700.00 W, 700.00 W, 1980 MHz, 2619 MHz, [N/A]
2025/11/27 05:19:42.287, 3, NVIDIA H100 80GB HBM3, P0, 100 %, 68 %, 81559 MiB, 32473 MiB, 48607 MiB, 46, 59, 354.80 W, 700.00 W, 700.00 W, 1980 MHz, 2619 MHz, [N/A]
2025/11/27 05:19:42.288, 4, NVIDIA H100 80GB HBM3, P0, 100 %, 57 %, 81559 MiB, 34541 MiB, 46539 MiB, 46, 53, 380.77 W, 700.00 W, 700.00 W, 1980 MHz, 2619 MHz, [N/A]
2025/11/27 05:19:42.289, 5, NVIDIA H100 80GB HBM3, P0, 100 %, 62 %, 81559 MiB, 32839 MiB, 48241 MiB, 53, 59, 369.26 W, 700.00 W, 700.00 W, 1980 MHz, 2619 MHz, [N/A]
2025/11/27 05:19:42.290, 6, NVIDIA H100 80GB HBM3, P0, 100 %, 63 %, 81559 MiB, 33121 MiB, 47959 MiB, 53, 61, 376.96 W, 700.00 W, 700.00 W, 1980 MHz, 2619 MHz, [N/A]
2025/11/27 05:19:42.291, 7, NVIDIA H100 80GB HBM3, P0, 91 %, 30 %, 81559 MiB, 32837 MiB, 48243 MiB, 48, 58, 377.69 W, 700.00 W, 700.00 W, 1980 MHz, 2619 MHz, [N/A]
2025/11/27 05:19:47.292, 0, NVIDIA H100 80GB HBM3, P0, 68 %, 33 %, 81559 MiB, 32957 MiB, 48123 MiB, 51, 59, 409.73 W, 700.00 W, 700.00 W, 1965 MHz, 2619 MHz, [N/A]
2025/11/27 05:19:47.294, 1, NVIDIA H100 80GB HBM3, P0, 73 %, 17 %, 81559 MiB, 34727 MiB, 46353 MiB, 52, 60, 404.42 W, 700.00 W, 700.00 W, 1980 MHz, 2619 MHz, [N/A]
2025/11/27 05:19:47.295, 2, NVIDIA H100 80GB HBM3, P0, 39 %, 18 %, 81559 MiB, 35257 MiB, 45823 MiB, 55, 63, 411.65 W, 700.00 W, 700.00 W, 1980 MHz, 2619 MHz, [N/A]
2025/11/27 05:19:47.295, 3, NVIDIA H100 80GB HBM3, P0, 99 %, 9 %, 81559 MiB, 32473 MiB, 48607 MiB, 45, 54, 392.33 W, 700.00 W, 700.00 W, 1980 MHz, 2619 MHz, [N/A]
2025/11/27 05:19:47.297, 4, NVIDIA H100 80GB HBM3, P0, 65 %, 12 %, 81559 MiB, 34541 MiB, 46539 MiB, 45, 53, 351.23 W, 700.00 W, 700.00 W, 1980 MHz, 2619 MHz, [N/A]
2025/11/27 05:19:47.297, 5, NVIDIA H100 80GB HBM3, P0, 82 %, 11 %, 81559 MiB, 32839 MiB, 48241 MiB, 52, 60, 389.92 W, 700.00 W, 700.00 W, 1980 MHz, 2619 MHz, [N/A]
2025/11/27 05:19:47.298, 6, NVIDIA H100 80GB HBM3, P0, 99 %, 13 %, 81559 MiB, 33121 MiB, 47959 MiB, 51, 60, 374.10 W, 700.00 W, 700.00 W, 1980 MHz, 2619 MHz, [N/A]
2025/11/27 05:19:47.298, 7, NVIDIA H100 80GB HBM3, P0, 100 %, 41 %, 81559 MiB, 32837 MiB, 48243 MiB, 47, 56, 403.95 W, 700.00 W, 700.00 W, 1980 MHz, 2619 MHz, [N/A]
2025/11/27 05:19:52.299, 0, NVIDIA H100 80GB HBM3, P0, 76 %, 45 %, 81559 MiB, 32957 MiB, 48123 MiB, 48, 58, 381.59 W, 700.00 W, 700.00 W, 1980 MHz, 2619 MHz, [N/A]
2025/11/27 05:19:52.301, 1, NVIDIA H100 80GB HBM3, P0, 100 %, 51 %, 81559 MiB, 34725 MiB, 46355 MiB, 52, 61, 389.64 W, 700.00 W, 700.00 W, 1980 MHz, 2619 MHz, [N/A]
2025/11/27 05:19:52.302, 2, NVIDIA H100 80GB HBM3, P0, 99 %, 59 %, 81559 MiB, 35255 MiB, 45825 MiB, 56, 60, 393.45 W, 700.00 W, 700.00 W, 1980 MHz, 2619 MHz, [N/A]
2025/11/27 05:19:52.303, 3, NVIDIA H100 80GB HBM3, P0, 100 %, 65 %, 81559 MiB, 32473 MiB, 48607 MiB, 46, 59, 382.87 W, 700.00 W, 700.00 W, 1980 MHz, 2619 MHz, [N/A]
2025/11/27 05:19:52.303, 4, NVIDIA H100 80GB HBM3, P0, 100 %, 57 %, 81559 MiB, 34541 MiB, 46539 MiB, 46, 54, 399.42 W, 700.00 W, 700.00 W, 1980 MHz, 2619 MHz, [N/A]
2025/11/27 05:19:52.304, 5, NVIDIA H100 80GB HBM3, P0, 100 %, 62 %, 81559 MiB, 32839 MiB, 48241 MiB, 54, 60, 417.29 W, 700.00 W, 700.00 W, 1980 MHz, 2619 MHz, [N/A]
2025/11/27 05:19:52.305, 6, NVIDIA H100 80GB HBM3, P0, 100 %, 60 %, 81559 MiB, 33119 MiB, 47961 MiB, 55, 60, 411.14 W, 700.00 W, 700.00 W, 1905 MHz, 2619 MHz, [N/A]
2025/11/27 05:19:52.306, 7, NVIDIA H100 80GB HBM3, P0, 93 %, 35 %, 81559 MiB, 32837 MiB, 48243 MiB, 47, 57, 406.72 W, 700.00 W, 700.00 W, 1965 MHz, 2619 MHz, [N/A]
2025/11/27 05:19:57.308, 0, NVIDIA H100 80GB HBM3, P0, 95 %, 12 %, 81559 MiB, 32957 MiB, 48123 MiB, 48, 59, 395.96 W, 700.00 W, 700.00 W, 1980 MHz, 2619 MHz, [N/A]
2025/11/27 05:19:57.309, 1, NVIDIA H100 80GB HBM3, P0, 77 %, 22 %, 81559 MiB, 34725 MiB, 46355 MiB, 52, 58, 399.26 W, 700.00 W, 700.00 W, 1980 MHz, 2619 MHz, [N/A]
2025/11/27 05:19:57.310, 2, NVIDIA H100 80GB HBM3, P0, 74 %, 39 %, 81559 MiB, 35255 MiB, 45825 MiB, 54, 62, 390.98 W, 700.00 W, 700.00 W, 1980 MHz, 2619 MHz, [N/A]
2025/11/27 05:19:57.311, 3, NVIDIA H100 80GB HBM3, P0, 93 %, 22 %, 81559 MiB, 32471 MiB, 48609 MiB, 47, 57, 379.05 W, 700.00 W, 700.00 W, 1980 MHz, 2619 MHz, [N/A]
2025/11/27 05:19:57.312, 4, NVIDIA H100 80GB HBM3, P0, 93 %, 44 %, 81559 MiB, 34541 MiB, 46539 MiB, 45, 53, 343.62 W, 700.00 W, 700.00 W, 1980 MHz, 2619 MHz, [N/A]
2025/11/27 05:19:57.313, 5, NVIDIA H100 80GB HBM3, P0, 94 %, 55 %, 81559 MiB, 32839 MiB, 48241 MiB, 50, 55, 363.57 W, 700.00 W, 700.00 W, 1980 MHz, 2619 MHz, [N/A]
2025/11/27 05:19:57.314, 6, NVIDIA H100 80GB HBM3, P0, 46 %, 23 %, 81559 MiB, 33119 MiB, 47961 MiB, 50, 57, 406.83 W, 700.00 W, 700.00 W, 1965 MHz, 2619 MHz, [N/A]
2025/11/27 05:19:57.315, 7, NVIDIA H100 80GB HBM3, P0, 100 %, 25 %, 81559 MiB, 32837 MiB, 48243 MiB, 47, 55, 371.90 W, 700.00 W, 700.00 W, 1980 MHz, 2619 MHz, [N/A]
2025/11/27 05:20:02.316, 0, NVIDIA H100 80GB HBM3, P0, 94 %, 23 %, 81559 MiB, 32957 MiB, 48123 MiB, 47, 55, 375.47 W, 700.00 W, 700.00 W, 1980 MHz, 2619 MHz, [N/A]
2025/11/27 05:20:02.317, 1, NVIDIA H100 80GB HBM3, P0, 82 %, 40 %, 81559 MiB, 34725 MiB, 46355 MiB, 52, 58, 406.13 W, 700.00 W, 700.00 W, 1980 MHz, 2619 MHz, [N/A]
2025/11/27 05:20:02.317, 2, NVIDIA H100 80GB HBM3, P0, 82 %, 51 %, 81559 MiB, 35253 MiB, 45827 MiB, 52, 58, 385.38 W, 700.00 W, 700.00 W, 1980 MHz, 2619 MHz, [N/A]
2025/11/27 05:20:02.318, 3, NVIDIA H100 80GB HBM3, P0, 94 %, 48 %, 81559 MiB, 32469 MiB, 48611 MiB, 45, 54, 394.74 W, 700.00 W, 700.00 W, 1980 MHz, 2619 MHz, [N/A]
2025/11/27 05:20:02.319, 4, NVIDIA H100 80GB HBM3, P0, 94 %, 56 %, 81559 MiB, 34541 MiB, 46539 MiB, 44, 51, 363.46 W, 700.00 W, 700.00 W, 1980 MHz, 2619 MHz, [N/A]
2025/11/27 05:20:02.319, 5, NVIDIA H100 80GB HBM3, P0, 100 %, 64 %, 81559 MiB, 32839 MiB, 48241 MiB, 56, 59, 411.55 W, 700.00 W, 700.00 W, 1875 MHz, 2619 MHz, [N/A]
2025/11/27 05:20:02.320, 6, NVIDIA H100 80GB HBM3, P0, 58 %, 21 %, 81559 MiB, 33119 MiB, 47961 MiB, 49, 55, 386.54 W, 700.00 W, 700.00 W, 1980 MHz, 2619 MHz, [N/A]
2025/11/27 05:20:02.321, 7, NVIDIA H100 80GB HBM3, P0, 99 %, 9 %, 81559 MiB, 32837 MiB, 48243 MiB, 45, 53, 369.08 W, 700.00 W, 700.00 W, 1980 MHz, 2619 MHz, [N/A]
2025/11/27 05:20:07.322, 0, NVIDIA H100 80GB HBM3, P0, 95 %, 61 %, 81559 MiB, 32957 MiB, 48123 MiB, 50, 59, 368.04 W, 700.00 W, 700.00 W, 1980 MHz, 2619 MHz, [N/A]
2025/11/27 05:20:07.324, 1, NVIDIA H100 80GB HBM3, P0, 99 %, 64 %, 81559 MiB, 34725 MiB, 46355 MiB, 53, 63, 381.29 W, 700.00 W, 700.00 W, 1980 MHz, 2619 MHz, [N/A]
2025/11/27 05:20:07.325, 2, NVIDIA H100 80GB HBM3, P0, 100 %, 60 %, 81559 MiB, 35253 MiB, 45827 MiB, 55, 62, 373.78 W, 700.00 W, 700.00 W, 1980 MHz, 2619 MHz, [N/A]
2025/11/27 05:20:07.326, 3, NVIDIA H100 80GB HBM3, P0, 100 %, 62 %, 81559 MiB, 32469 MiB, 48611 MiB, 45, 56, 417.10 W, 700.00 W, 700.00 W, 1935 MHz, 2619 MHz, [N/A]
2025/11/27 05:20:07.327, 4, NVIDIA H100 80GB HBM3, P0, 100 %, 59 %, 81559 MiB, 34537 MiB, 46543 MiB, 44, 53, 354.29 W, 700.00 W, 700.00 W, 1980 MHz, 2619 MHz, [N/A]
2025/11/27 05:20:07.327, 5, NVIDIA H100 80GB HBM3, P0, 99 %, 55 %, 81559 MiB, 32837 MiB, 48243 MiB, 51, 59, 371.01 W, 700.00 W, 700.00 W, 1980 MHz, 2619 MHz, [N/A]
2025/11/27 05:20:07.328, 6, NVIDIA H100 80GB HBM3, P0, 100 %, 65 %, 81559 MiB, 33119 MiB, 47961 MiB, 51, 61, 378.30 W, 700.00 W, 700.00 W, 1980 MHz, 2619 MHz, [N/A]
2025/11/27 05:20:07.328, 7, NVIDIA H100 80GB HBM3, P0, 94 %, 54 %, 81559 MiB, 32837 MiB, 48243 MiB, 47, 55, 367.77 W, 700.00 W, 700.00 W, 1980 MHz, 2619 MHz, [N/A]
2025/11/27 05:20:12.329, 0, NVIDIA H100 80GB HBM3, P0, 98 %, 36 %, 81559 MiB, 32957 MiB, 48123 MiB, 49, 59, 408.33 W, 700.00 W, 700.00 W, 1980 MHz, 2619 MHz, [N/A]
2025/11/27 05:20:12.331, 1, NVIDIA H100 80GB HBM3, P0, 85 %, 20 %, 81559 MiB, 34725 MiB, 46355 MiB, 53, 62, 423.42 W, 700.00 W, 700.00 W, 1980 MHz, 2619 MHz, [N/A]
2025/11/27 05:20:12.331, 2, NVIDIA H100 80GB HBM3, P0, 64 %, 20 %, 81559 MiB, 35253 MiB, 45827 MiB, 54, 63, 418.56 W, 700.00 W, 700.00 W, 1980 MHz, 2619 MHz, [N/A]
2025/11/27 05:20:12.332, 3, NVIDIA H100 80GB HBM3, P0, 77 %, 21 %, 81559 MiB, 32469 MiB, 48611 MiB, 48, 62, 451.62 W, 700.00 W, 700.00 W, 1980 MHz, 2619 MHz, [N/A]
2025/11/27 05:20:12.333, 4, NVIDIA H100 80GB HBM3, P0, 94 %, 27 %, 81559 MiB, 34537 MiB, 46543 MiB, 46, 56, 406.15 W, 700.00 W, 700.00 W, 1980 MHz, 2619 MHz, [N/A]
2025/11/27 05:20:12.334, 5, NVIDIA H100 80GB HBM3, P0, 100 %, 64 %, 81559 MiB, 32837 MiB, 48243 MiB, 54, 60, 424.47 W, 700.00 W, 700.00 W, 1980 MHz, 2619 MHz, [N/A]
2025/11/27 05:20:12.335, 6, NVIDIA H100 80GB HBM3, P0, 99 %, 17 %, 81559 MiB, 33119 MiB, 47961 MiB, 52, 59, 414.54 W, 700.00 W, 700.00 W, 1980 MHz, 2619 MHz, [N/A]
2025/11/27 05:20:12.335, 7, NVIDIA H100 80GB HBM3, P0, 100 %, 43 %, 81559 MiB, 32837 MiB, 48243 MiB, 48, 57, 401.33 W, 700.00 W, 700.00 W, 1980 MHz, 2619 MHz, [N/A]
2025/11/27 05:20:17.337, 0, NVIDIA H100 80GB HBM3, P0, 100 %, 44 %, 81559 MiB, 32957 MiB, 48123 MiB, 48, 60, 380.13 W, 700.00 W, 700.00 W, 1980 MHz, 2619 MHz, [N/A]
2025/11/27 05:20:17.338, 1, NVIDIA H100 80GB HBM3, P0, 82 %, 31 %, 81559 MiB, 34725 MiB, 46355 MiB, 53, 62, 414.31 W, 700.00 W, 700.00 W, 1980 MHz, 2619 MHz, [N/A]
2025/11/27 05:20:17.339, 2, NVIDIA H100 80GB HBM3, P0, 68 %, 30 %, 81559 MiB, 35251 MiB, 45829 MiB, 55, 63, 403.93 W, 700.00 W, 700.00 W, 1980 MHz, 2619 MHz, [N/A]
2025/11/27 05:20:17.340, 3, NVIDIA H100 80GB HBM3, P0, 94 %, 30 %, 81559 MiB, 32469 MiB, 48611 MiB, 49, 58, 424.92 W, 700.00 W, 700.00 W, 1980 MHz, 2619 MHz, [N/A]
2025/11/27 05:20:17.341, 4, NVIDIA H100 80GB HBM3, P0, 93 %, 28 %, 81559 MiB, 34537 MiB, 46543 MiB, 46, 55, 385.02 W, 700.00 W, 700.00 W, 1980 MHz, 2619 MHz, [N/A]
2025/11/27 05:20:17.342, 5, NVIDIA H100 80GB HBM3, P0, 100 %, 48 %, 81559 MiB, 32833 MiB, 48247 MiB, 53, 63, 438.95 W, 700.00 W, 700.00 W, 1980 MHz, 2619 MHz, [N/A]
2025/11/27 05:20:17.342, 6, NVIDIA H100 80GB HBM3, P0, 99 %, 59 %, 81559 MiB, 33117 MiB, 47963 MiB, 56, 62, 473.52 W, 700.00 W, 700.00 W, 1965 MHz, 2619 MHz, [N/A]
2025/11/27 05:20:17.343, 7, NVIDIA H100 80GB HBM3, P0, 100 %, 48 %, 81559 MiB, 32837 MiB, 48243 MiB, 48, 57, 403.42 W, 700.00 W, 700.00 W, 1980 MHz, 2619 MHz, [N/A]
2025/11/27 05:20:22.344, 0, NVIDIA H100 80GB HBM3, P0, 99 %, 63 %, 81559 MiB, 32957 MiB, 48123 MiB, 48, 59, 365.79 W, 700.00 W, 700.00 W, 1980 MHz, 2619 MHz, [N/A]
2025/11/27 05:20:22.345, 1, NVIDIA H100 80GB HBM3, P0, 100 %, 58 %, 81559 MiB, 34723 MiB, 46357 MiB, 54, 62, 386.86 W, 700.00 W, 700.00 W, 1980 MHz, 2619 MHz, [N/A]
2025/11/27 05:20:22.346, 2, NVIDIA H100 80GB HBM3, P0, 87 %, 52 %, 81559 MiB, 35251 MiB, 45829 MiB, 54, 64, 396.10 W, 700.00 W, 700.00 W, 1980 MHz, 2619 MHz, [N/A]
2025/11/27 05:20:22.346, 3, NVIDIA H100 80GB HBM3, P0, 100 %, 60 %, 81559 MiB, 32469 MiB, 48611 MiB, 46, 57, 362.24 W, 700.00 W, 700.00 W, 1980 MHz, 2619 MHz, [N/A]
2025/11/27 05:20:22.347, 4, NVIDIA H100 80GB HBM3, P0, 100 %, 40 %, 81559 MiB, 34537 MiB, 46543 MiB, 45, 56, 369.87 W, 700.00 W, 700.00 W, 1980 MHz, 2619 MHz, [N/A]
2025/11/27 05:20:22.348, 5, NVIDIA H100 80GB HBM3, P0, 91 %, 51 %, 81559 MiB, 32833 MiB, 48247 MiB, 51, 57, 364.32 W, 700.00 W, 700.00 W, 1980 MHz, 2619 MHz, [N/A]
2025/11/27 05:20:22.349, 6, NVIDIA H100 80GB HBM3, P0, 100 %, 58 %, 81559 MiB, 33117 MiB, 47963 MiB, 52, 62, 379.36 W, 700.00 W, 700.00 W, 1980 MHz, 2619 MHz, [N/A]
2025/11/27 05:20:22.349, 7, NVIDIA H100 80GB HBM3, P0, 100 %, 61 %, 81559 MiB, 32837 MiB, 48243 MiB, 46, 55, 378.49 W, 700.00 W, 700.00 W, 1980 MHz, 2619 MHz, [N/A]
2025/11/27 05:20:27.350, 0, NVIDIA H100 80GB HBM3, P0, 100 %, 54 %, 81559 MiB, 32957 MiB, 48123 MiB, 49, 59, 353.03 W, 700.00 W, 700.00 W, 1980 MHz, 2619 MHz, [N/A]
2025/11/27 05:20:27.351, 1, NVIDIA H100 80GB HBM3, P0, 100 %, 30 %, 81559 MiB, 34723 MiB, 46357 MiB, 53, 61, 357.20 W, 700.00 W, 700.00 W, 1980 MHz, 2619 MHz, [N/A]
2025/11/27 05:20:27.352, 2, NVIDIA H100 80GB HBM3, P0, 39 %, 20 %, 81559 MiB, 35251 MiB, 45829 MiB, 54, 64, 421.26 W, 700.00 W, 700.00 W, 1980 MHz, 2619 MHz, [N/A]
2025/11/27 05:20:27.353, 3, NVIDIA H100 80GB HBM3, P0, 100 %, 61 %, 81559 MiB, 32469 MiB, 48611 MiB, 48, 61, 369.42 W, 700.00 W, 700.00 W, 1980 MHz, 2619 MHz, [N/A]
2025/11/27 05:20:27.353, 4, NVIDIA H100 80GB HBM3, P0, 73 %, 22 %, 81559 MiB, 34537 MiB, 46543 MiB, 48, 56, 379.00 W, 700.00 W, 700.00 W, 1965 MHz, 2619 MHz, [N/A]
2025/11/27 05:20:27.354, 5, NVIDIA H100 80GB HBM3, P0, 99 %, 63 %, 81559 MiB, 32833 MiB, 48247 MiB, 52, 60, 355.49 W, 700.00 W, 700.00 W, 1980 MHz, 2619 MHz, [N/A]
2025/11/27 05:20:27.354, 6, NVIDIA H100 80GB HBM3, P0, 100 %, 42 %, 81559 MiB, 33115 MiB, 47965 MiB, 51, 60, 351.66 W, 700.00 W, 700.00 W, 1980 MHz, 2619 MHz, [N/A]
2025/11/27 05:20:27.355, 7, NVIDIA H100 80GB HBM3, P0, 100 %, 46 %, 81559 MiB, 32837 MiB, 48243 MiB, 48, 60, 342.07 W, 700.00 W, 700.00 W, 1980 MHz, 2619 MHz, [N/A]
2025/11/27 05:20:32.356, 0, NVIDIA H100 80GB HBM3, P0, 64 %, 17 %, 81559 MiB, 32957 MiB, 48123 MiB, 47, 55, 350.47 W, 700.00 W, 700.00 W, 1980 MHz, 2619 MHz, [N/A]
2025/11/27 05:20:32.357, 1, NVIDIA H100 80GB HBM3, P0, 100 %, 34 %, 81559 MiB, 34723 MiB, 46357 MiB, 51, 58, 361.08 W, 700.00 W, 700.00 W, 1980 MHz, 2619 MHz, [N/A]
2025/11/27 05:20:32.358, 2, NVIDIA H100 80GB HBM3, P0, 99 %, 63 %, 81559 MiB, 35251 MiB, 45829 MiB, 54, 61, 374.82 W, 700.00 W, 700.00 W, 1980 MHz, 2619 MHz, [N/A]
2025/11/27 05:20:32.359, 3, NVIDIA H100 80GB HBM3, P0, 52 %, 25 %, 81559 MiB, 32469 MiB, 48611 MiB, 46, 55, 358.98 W, 700.00 W, 700.00 W, 1965 MHz, 2619 MHz, [N/A]
2025/11/27 05:20:32.361, 4, NVIDIA H100 80GB HBM3, P0, 100 %, 59 %, 81559 MiB, 34537 MiB, 46543 MiB, 45, 51, 328.07 W, 700.00 W, 700.00 W, 1980 MHz, 2619 MHz, [N/A]
2025/11/27 05:20:32.362, 5, NVIDIA H100 80GB HBM3, P0, 99 %, 8 %, 81559 MiB, 32833 MiB, 48247 MiB, 51, 59, 398.19 W, 700.00 W, 700.00 W, 1980 MHz, 2619 MHz, [N/A]
2025/11/27 05:20:32.363, 6, NVIDIA H100 80GB HBM3, P0, 94 %, 49 %, 81559 MiB, 33115 MiB, 47965 MiB, 50, 57, 358.42 W, 700.00 W, 700.00 W, 1980 MHz, 2619 MHz, [N/A]
2025/11/27 05:20:32.363, 7, NVIDIA H100 80GB HBM3, P0, 97 %, 17 %, 81559 MiB, 32835 MiB, 48245 MiB, 46, 53, 361.72 W, 700.00 W, 700.00 W, 1980 MHz, 2619 MHz, [N/A]
2025/11/27 05:20:37.365, 0, NVIDIA H100 80GB HBM3, P0, 99 %, 62 %, 81559 MiB, 32955 MiB, 48125 MiB, 48, 60, 399.50 W, 700.00 W, 700.00 W, 1980 MHz, 2619 MHz, [N/A]
2025/11/27 05:20:37.366, 1, NVIDIA H100 80GB HBM3, P0, 51 %, 21 %, 81559 MiB, 34723 MiB, 46357 MiB, 52, 60, 358.93 W, 700.00 W, 700.00 W, 1980 MHz, 2619 MHz, [N/A]
2025/11/27 05:20:37.367, 2, NVIDIA H100 80GB HBM3, P0, 100 %, 39 %, 81559 MiB, 35251 MiB, 45829 MiB, 54, 64, 380.44 W, 700.00 W, 700.00 W, 1980 MHz, 2619 MHz, [N/A]
2025/11/27 05:20:37.367, 3, NVIDIA H100 80GB HBM3, P0, 100 %, 69 %, 81559 MiB, 32469 MiB, 48611 MiB, 47, 58, 380.74 W, 700.00 W, 700.00 W, 1980 MHz, 2619 MHz, [N/A]
2025/11/27 05:20:37.368, 4, NVIDIA H100 80GB HBM3, P0, 69 %, 37 %, 81559 MiB, 34537 MiB, 46543 MiB, 46, 55, 380.23 W, 700.00 W, 700.00 W, 1980 MHz, 2619 MHz, [N/A]
2025/11/27 05:20:37.368, 5, NVIDIA H100 80GB HBM3, P0, 94 %, 57 %, 81559 MiB, 32833 MiB, 48247 MiB, 58, 61, 412.56 W, 700.00 W, 700.00 W, 1875 MHz, 2619 MHz, [N/A]
2025/11/27 05:20:37.369, 6, NVIDIA H100 80GB HBM3, P0, 100 %, 61 %, 81559 MiB, 33115 MiB, 47965 MiB, 54, 59, 378.52 W, 700.00 W, 700.00 W, 1980 MHz, 2619 MHz, [N/A]
2025/11/27 05:20:37.370, 7, NVIDIA H100 80GB HBM3, P0, 100 %, 65 %, 81559 MiB, 32835 MiB, 48245 MiB, 47, 57, 392.10 W, 700.00 W, 700.00 W, 1980 MHz, 2619 MHz, [N/A]
2025/11/27 05:20:42.371, 0, NVIDIA H100 80GB HBM3, P0, 99 %, 66 %, 81559 MiB, 32953 MiB, 48127 MiB, 48, 59, 409.91 W, 700.00 W, 700.00 W, 1980 MHz, 2619 MHz, [N/A]
2025/11/27 05:20:42.372, 1, NVIDIA H100 80GB HBM3, P0, 97 %, 37 %, 81559 MiB, 34723 MiB, 46357 MiB, 53, 60, 392.16 W, 700.00 W, 700.00 W, 1980 MHz, 2619 MHz, [N/A]
2025/11/27 05:20:42.373, 2, NVIDIA H100 80GB HBM3, P0, 62 %, 29 %, 81559 MiB, 35251 MiB, 45829 MiB, 54, 63, 404.86 W, 700.00 W, 700.00 W, 1980 MHz, 2619 MHz, [N/A]
2025/11/27 05:20:42.374, 3, NVIDIA H100 80GB HBM3, P0, 100 %, 60 %, 81559 MiB, 32469 MiB, 48611 MiB, 48, 59, 415.30 W, 700.00 W, 700.00 W, 1980 MHz, 2619 MHz, [N/A]
2025/11/27 05:20:42.375, 4, NVIDIA H100 80GB HBM3, P0, 100 %, 62 %, 81559 MiB, 34537 MiB, 46543 MiB, 46, 56, 428.97 W, 700.00 W, 700.00 W, 1980 MHz, 2619 MHz, [N/A]
2025/11/27 05:20:42.375, 5, NVIDIA H100 80GB HBM3, P0, 95 %, 51 %, 81559 MiB, 32833 MiB, 48247 MiB, 54, 60, 412.33 W, 700.00 W, 700.00 W, 1980 MHz, 2619 MHz, [N/A]
2025/11/27 05:20:42.376, 6, NVIDIA H100 80GB HBM3, P0, 100 %, 46 %, 81559 MiB, 33115 MiB, 47965 MiB, 52, 59, 369.29 W, 700.00 W, 700.00 W, 1980 MHz, 2619 MHz, [N/A]
2025/11/27 05:20:42.377, 7, NVIDIA H100 80GB HBM3, P0, 98 %, 57 %, 81559 MiB, 32835 MiB, 48245 MiB, 51, 57, 410.33 W, 700.00 W, 700.00 W, 1980 MHz, 2619 MHz, [N/A]
2025/11/27 05:20:47.379, 0, NVIDIA H100 80GB HBM3, P0, 100 %, 56 %, 81559 MiB, 32953 MiB, 48127 MiB, 49, 60, 425.60 W, 700.00 W, 700.00 W, 1980 MHz, 2619 MHz, [N/A]
2025/11/27 05:20:47.380, 1, NVIDIA H100 80GB HBM3, P0, 94 %, 34 %, 81559 MiB, 34723 MiB, 46357 MiB, 53, 62, 429.68 W, 700.00 W, 700.00 W, 1980 MHz, 2619 MHz, [N/A]
2025/11/27 05:20:47.381, 2, NVIDIA H100 80GB HBM3, P0, 77 %, 44 %, 81559 MiB, 35251 MiB, 45829 MiB, 57, 63, 406.37 W, 700.00 W, 700.00 W, 1980 MHz, 2619 MHz, [N/A]
2025/11/27 05:20:47.382, 3, NVIDIA H100 80GB HBM3, P0, 100 %, 67 %, 81559 MiB, 32469 MiB, 48611 MiB, 47, 61, 412.12 W, 700.00 W, 700.00 W, 1980 MHz, 2619 MHz, [N/A]
2025/11/27 05:20:47.383, 4, NVIDIA H100 80GB HBM3, P0, 99 %, 53 %, 81559 MiB, 34537 MiB, 46543 MiB, 47, 57, 405.96 W, 700.00 W, 700.00 W, 1980 MHz, 2619 MHz, [N/A]
2025/11/27 05:20:47.385, 5, NVIDIA H100 80GB HBM3, P0, 96 %, 57 %, 81559 MiB, 32833 MiB, 48247 MiB, 56, 59, 435.09 W, 700.00 W, 700.00 W, 1695 MHz, 2619 MHz, [N/A]
2025/11/27 05:20:47.386, 6, NVIDIA H100 80GB HBM3, P0, 100 %, 54 %, 81559 MiB, 33115 MiB, 47965 MiB, 55, 61, 400.39 W, 700.00 W, 700.00 W, 1980 MHz, 2619 MHz, [N/A]
2025/11/27 05:20:47.386, 7, NVIDIA H100 80GB HBM3, P0, 100 %, 65 %, 81559 MiB, 32835 MiB, 48245 MiB, 49, 59, 403.87 W, 700.00 W, 700.00 W, 1980 MHz, 2619 MHz, [N/A]
2025/11/27 05:20:52.387, 0, NVIDIA H100 80GB HBM3, P0, 96 %, 57 %, 81559 MiB, 32953 MiB, 48127 MiB, 48, 59, 371.62 W, 700.00 W, 700.00 W, 1980 MHz, 2619 MHz, [N/A]
2025/11/27 05:20:52.388, 1, NVIDIA H100 80GB HBM3, P0, 97 %, 63 %, 81559 MiB, 34723 MiB, 46357 MiB, 54, 64, 397.87 W, 700.00 W, 700.00 W, 1980 MHz, 2619 MHz, [N/A]
2025/11/27 05:20:52.389, 2, NVIDIA H100 80GB HBM3, P0, 99 %, 68 %, 81559 MiB, 35251 MiB, 45829 MiB, 54, 62, 380.67 W, 700.00 W, 700.00 W, 1980 MHz, 2619 MHz, [N/A]
2025/11/27 05:20:52.390, 3, NVIDIA H100 80GB HBM3, P0, 100 %, 58 %, 81559 MiB, 32467 MiB, 48613 MiB, 47, 59, 385.26 W, 700.00 W, 700.00 W, 1980 MHz, 2619 MHz, [N/A]
2025/11/27 05:20:52.391, 4, NVIDIA H100 80GB HBM3, P0, 100 %, 67 %, 81559 MiB, 34535 MiB, 46545 MiB, 46, 57, 443.40 W, 700.00 W, 700.00 W, 1980 MHz, 2619 MHz, [N/A]
2025/11/27 05:20:52.391, 5, NVIDIA H100 80GB HBM3, P0, 100 %, 59 %, 81559 MiB, 32833 MiB, 48247 MiB, 52, 61, 380.27 W, 700.00 W, 700.00 W, 1980 MHz, 2619 MHz, [N/A]
2025/11/27 05:20:52.392, 6, NVIDIA H100 80GB HBM3, P0, 96 %, 45 %, 81559 MiB, 33115 MiB, 47965 MiB, 53, 63, 408.39 W, 700.00 W, 700.00 W, 1980 MHz, 2619 MHz, [N/A]
2025/11/27 05:20:52.393, 7, NVIDIA H100 80GB HBM3, P0, 100 %, 60 %, 81559 MiB, 32835 MiB, 48245 MiB, 52, 59, 411.34 W, 700.00 W, 700.00 W, 1980 MHz, 2619 MHz, [N/A]
2025/11/27 05:20:57.394, 0, NVIDIA H100 80GB HBM3, P0, 97 %, 14 %, 81559 MiB, 32953 MiB, 48127 MiB, 48, 58, 370.19 W, 700.00 W, 700.00 W, 1980 MHz, 2619 MHz, [N/A]
2025/11/27 05:20:57.395, 1, NVIDIA H100 80GB HBM3, P0, 100 %, 44 %, 81559 MiB, 34719 MiB, 46361 MiB, 53, 62, 395.65 W, 700.00 W, 700.00 W, 1980 MHz, 2619 MHz, [N/A]
2025/11/27 05:20:57.396, 2, NVIDIA H100 80GB HBM3, P0, 100 %, 29 %, 81559 MiB, 35247 MiB, 45833 MiB, 55, 62, 417.32 W, 700.00 W, 700.00 W, 1980 MHz, 2619 MHz, [N/A]
2025/11/27 05:20:57.397, 3, NVIDIA H100 80GB HBM3, P0, 48 %, 25 %, 81559 MiB, 32467 MiB, 48613 MiB, 49, 59, 429.97 W, 700.00 W, 700.00 W, 1965 MHz, 2619 MHz, [N/A]
2025/11/27 05:20:57.398, 4, NVIDIA H100 80GB HBM3, P0, 100 %, 27 %, 81559 MiB, 34535 MiB, 46545 MiB, 47, 55, 373.98 W, 700.00 W, 700.00 W, 1980 MHz, 2619 MHz, [N/A]
2025/11/27 05:20:57.399, 5, NVIDIA H100 80GB HBM3, P0, 100 %, 19 %, 81559 MiB, 32833 MiB, 48247 MiB, 53, 57, 359.23 W, 700.00 W, 700.00 W, 1980 MHz, 2619 MHz, [N/A]
2025/11/27 05:20:57.400, 6, NVIDIA H100 80GB HBM3, P0, 64 %, 19 %, 81559 MiB, 33115 MiB, 47965 MiB, 53, 59, 393.71 W, 700.00 W, 700.00 W, 1980 MHz, 2619 MHz, [N/A]
2025/11/27 05:20:57.400, 7, NVIDIA H100 80GB HBM3, P0, 99 %, 10 %, 81559 MiB, 32835 MiB, 48245 MiB, 48, 58, 393.12 W, 700.00 W, 700.00 W, 1965 MHz, 2619 MHz, [N/A]
2025/11/27 05:21:02.401, 0, NVIDIA H100 80GB HBM3, P0, 99 %, 63 %, 81559 MiB, 32953 MiB, 48127 MiB, 47, 57, 384.06 W, 700.00 W, 700.00 W, 1980 MHz, 2619 MHz, [N/A]
2025/11/27 05:21:02.403, 1, NVIDIA H100 80GB HBM3, P0, 99 %, 17 %, 81559 MiB, 34719 MiB, 46361 MiB, 53, 62, 393.59 W, 700.00 W, 700.00 W, 1980 MHz, 2619 MHz, [N/A]
2025/11/27 05:21:02.403, 2, NVIDIA H100 80GB HBM3, P0, 89 %, 22 %, 81559 MiB, 35247 MiB, 45833 MiB, 53, 62, 384.46 W, 700.00 W, 700.00 W, 1980 MHz, 2619 MHz, [N/A]
2025/11/27 05:21:02.404, 3, NVIDIA H100 80GB HBM3, P0, 93 %, 56 %, 81559 MiB, 32467 MiB, 48613 MiB, 48, 57, 386.25 W, 700.00 W, 700.00 W, 1980 MHz, 2619 MHz, [N/A]
2025/11/27 05:21:02.405, 4, NVIDIA H100 80GB HBM3, P0, 68 %, 37 %, 81559 MiB, 34535 MiB, 46545 MiB, 44, 52, 399.54 W, 700.00 W, 700.00 W, 1980 MHz, 2619 MHz, [N/A]
2025/11/27 05:21:02.406, 5, NVIDIA H100 80GB HBM3, P0, 95 %, 39 %, 81559 MiB, 32833 MiB, 48247 MiB, 54, 59, 439.14 W, 700.00 W, 700.00 W, 1980 MHz, 2619 MHz, [N/A]
2025/11/27 05:21:02.407, 6, NVIDIA H100 80GB HBM3, P0, 99 %, 28 %, 81559 MiB, 33115 MiB, 47965 MiB, 53, 61, 427.07 W, 700.00 W, 700.00 W, 1965 MHz, 2619 MHz, [N/A]
2025/11/27 05:21:02.408, 7, NVIDIA H100 80GB HBM3, P0, 93 %, 55 %, 81559 MiB, 32835 MiB, 48245 MiB, 48, 55, 393.19 W, 700.00 W, 700.00 W, 1980 MHz, 2619 MHz, [N/A]
2025/11/27 05:21:07.410, 0, NVIDIA H100 80GB HBM3, P0, 95 %, 37 %, 81559 MiB, 32953 MiB, 48127 MiB, 49, 61, 417.72 W, 700.00 W, 700.00 W, 1980 MHz, 2619 MHz, [N/A]
2025/11/27 05:21:07.411, 1, NVIDIA H100 80GB HBM3, P0, 100 %, 70 %, 81559 MiB, 34719 MiB, 46361 MiB, 54, 64, 450.81 W, 700.00 W, 700.00 W, 1965 MHz, 2619 MHz, [N/A]
2025/11/27 05:21:07.412, 2, NVIDIA H100 80GB HBM3, P0, 100 %, 55 %, 81559 MiB, 35247 MiB, 45833 MiB, 56, 66, 463.55 W, 700.00 W, 700.00 W, 1980 MHz, 2619 MHz, [N/A]
2025/11/27 05:21:07.413, 3, NVIDIA H100 80GB HBM3, P0, 99 %, 48 %, 81559 MiB, 32467 MiB, 48613 MiB, 49, 61, 443.35 W, 700.00 W, 700.00 W, 1965 MHz, 2619 MHz, [N/A]
2025/11/27 05:21:07.413, 4, NVIDIA H100 80GB HBM3, P0, 94 %, 54 %, 81559 MiB, 34535 MiB, 46545 MiB, 47, 57, 436.94 W, 700.00 W, 700.00 W, 1980 MHz, 2619 MHz, [N/A]
2025/11/27 05:21:07.414, 5, NVIDIA H100 80GB HBM3, P0, 100 %, 54 %, 81559 MiB, 32833 MiB, 48247 MiB, 54, 60, 437.14 W, 700.00 W, 700.00 W, 1980 MHz, 2619 MHz, [N/A]
2025/11/27 05:21:07.415, 6, NVIDIA H100 80GB HBM3, P0, 100 %, 65 %, 81559 MiB, 33115 MiB, 47965 MiB, 53, 62, 459.54 W, 700.00 W, 700.00 W, 1965 MHz, 2619 MHz, [N/A]
2025/11/27 05:21:07.415, 7, NVIDIA H100 80GB HBM3, P0, 99 %, 49 %, 81559 MiB, 32835 MiB, 48245 MiB, 48, 59, 437.55 W, 700.00 W, 700.00 W, 1980 MHz, 2619 MHz, [N/A]
2025/11/27 05:21:12.417, 0, NVIDIA H100 80GB HBM3, P0, 99 %, 63 %, 81559 MiB, 32953 MiB, 48127 MiB, 49, 61, 370.95 W, 700.00 W, 700.00 W, 1980 MHz, 2619 MHz, [N/A]
2025/11/27 05:21:12.418, 1, NVIDIA H100 80GB HBM3, P0, 99 %, 48 %, 81559 MiB, 34719 MiB, 46361 MiB, 55, 64, 405.58 W, 700.00 W, 700.00 W, 1980 MHz, 2619 MHz, [N/A]
2025/11/27 05:21:12.420, 2, NVIDIA H100 80GB HBM3, P0, 89 %, 43 %, 81559 MiB, 35247 MiB, 45833 MiB, 57, 64, 412.21 W, 700.00 W, 700.00 W, 1980 MHz, 2619 MHz, [N/A]
2025/11/27 05:21:12.421, 3, NVIDIA H100 80GB HBM3, P0, 93 %, 55 %, 81559 MiB, 32467 MiB, 48613 MiB, 49, 59, 455.08 W, 700.00 W, 700.00 W, 1980 MHz, 2619 MHz, [N/A]
2025/11/27 05:21:12.422, 4, NVIDIA H100 80GB HBM3, P0, 100 %, 64 %, 81559 MiB, 34535 MiB, 46545 MiB, 49, 57, 407.83 W, 700.00 W, 700.00 W, 1980 MHz, 2619 MHz, [N/A]
2025/11/27 05:21:12.423, 5, NVIDIA H100 80GB HBM3, P0, 94 %, 44 %, 81559 MiB, 32831 MiB, 48249 MiB, 54, 62, 435.60 W, 700.00 W, 700.00 W, 1980 MHz, 2619 MHz, [N/A]
2025/11/27 05:21:12.424, 6, NVIDIA H100 80GB HBM3, P0, 100 %, 63 %, 81559 MiB, 33115 MiB, 47965 MiB, 55, 61, 419.87 W, 700.00 W, 700.00 W, 1965 MHz, 2619 MHz, [N/A]
2025/11/27 05:21:12.425, 7, NVIDIA H100 80GB HBM3, P0, 92 %, 54 %, 81559 MiB, 32835 MiB, 48245 MiB, 49, 59, 397.85 W, 700.00 W, 700.00 W, 1980 MHz, 2619 MHz, [N/A]
2025/11/27 05:21:17.426, 0, NVIDIA H100 80GB HBM3, P0, 100 %, 68 %, 81559 MiB, 32953 MiB, 48127 MiB, 50, 60, 419.16 W, 700.00 W, 700.00 W, 1980 MHz, 2619 MHz, [N/A]
2025/11/27 05:21:17.428, 1, NVIDIA H100 80GB HBM3, P0, 99 %, 53 %, 81559 MiB, 34719 MiB, 46361 MiB, 55, 64, 417.47 W, 700.00 W, 700.00 W, 1980 MHz, 2619 MHz, [N/A]
2025/11/27 05:21:17.429, 2, NVIDIA H100 80GB HBM3, P0, 92 %, 47 %, 81559 MiB, 35247 MiB, 45833 MiB, 57, 64, 438.09 W, 700.00 W, 700.00 W, 1980 MHz, 2619 MHz, [N/A]
2025/11/27 05:21:17.431, 3, NVIDIA H100 80GB HBM3, P0, 94 %, 57 %, 81559 MiB, 32467 MiB, 48613 MiB, 50, 60, 387.51 W, 700.00 W, 700.00 W, 1980 MHz, 2619 MHz, [N/A]
2025/11/27 05:21:17.432, 4, NVIDIA H100 80GB HBM3, P0, 100 %, 60 %, 81559 MiB, 34535 MiB, 46545 MiB, 48, 57, 422.51 W, 700.00 W, 700.00 W, 1980 MHz, 2619 MHz, [N/A]
2025/11/27 05:21:17.433, 5, NVIDIA H100 80GB HBM3, P0, 93 %, 47 %, 81559 MiB, 32831 MiB, 48249 MiB, 55, 62, 464.08 W, 700.00 W, 700.00 W, 1980 MHz, 2619 MHz, [N/A]
2025/11/27 05:21:17.434, 6, NVIDIA H100 80GB HBM3, P0, 100 %, 61 %, 81559 MiB, 33115 MiB, 47965 MiB, 54, 61, 424.57 W, 700.00 W, 700.00 W, 1980 MHz, 2619 MHz, [N/A]
2025/11/27 05:21:17.436, 7, NVIDIA H100 80GB HBM3, P0, 94 %, 58 %, 81559 MiB, 32835 MiB, 48245 MiB, 50, 59, 428.14 W, 700.00 W, 700.00 W, 1980 MHz, 2619 MHz, [N/A]
2025/11/27 05:21:22.437, 0, NVIDIA H100 80GB HBM3, P0, 99 %, 59 %, 81559 MiB, 32953 MiB, 48127 MiB, 49, 59, 431.64 W, 700.00 W, 700.00 W, 1980 MHz, 2619 MHz, [N/A]
2025/11/27 05:21:22.439, 1, NVIDIA H100 80GB HBM3, P0, 94 %, 58 %, 81559 MiB, 34719 MiB, 46361 MiB, 54, 60, 439.62 W, 700.00 W, 700.00 W, 1980 MHz, 2619 MHz, [N/A]
2025/11/27 05:21:22.441, 2, NVIDIA H100 80GB HBM3, P0, 99 %, 65 %, 81559 MiB, 35247 MiB, 45833 MiB, 57, 64, 401.61 W, 700.00 W, 700.00 W, 1980 MHz, 2619 MHz, [N/A]
2025/11/27 05:21:22.442, 3, NVIDIA H100 80GB HBM3, P0, 100 %, 62 %, 81559 MiB, 32467 MiB, 48613 MiB, 49, 61, 417.82 W, 700.00 W, 700.00 W, 1980 MHz, 2619 MHz, [N/A]
2025/11/27 05:21:22.442, 4, NVIDIA H100 80GB HBM3, P0, 94 %, 35 %, 81559 MiB, 34535 MiB, 46545 MiB, 47, 57, 464.74 W, 700.00 W, 700.00 W, 1980 MHz, 2619 MHz, [N/A]
2025/11/27 05:21:22.443, 5, NVIDIA H100 80GB HBM3, P0, 100 %, 61 %, 81559 MiB, 32827 MiB, 48253 MiB, 53, 62, 398.88 W, 700.00 W, 700.00 W, 1980 MHz, 2619 MHz, [N/A]
2025/11/27 05:21:22.444, 6, NVIDIA H100 80GB HBM3, P0, 93 %, 50 %, 81559 MiB, 33113 MiB, 47967 MiB, 53, 59, 422.49 W, 700.00 W, 700.00 W, 1980 MHz, 2619 MHz, [N/A]
2025/11/27 05:21:22.445, 7, NVIDIA H100 80GB HBM3, P0, 100 %, 57 %, 81559 MiB, 32835 MiB, 48245 MiB, 47, 57, 381.55 W, 700.00 W, 700.00 W, 1980 MHz, 2619 MHz, [N/A]
2025/11/27 05:21:27.446, 0, NVIDIA H100 80GB HBM3, P0, 99 %, 45 %, 81559 MiB, 32953 MiB, 48127 MiB, 49, 61, 383.29 W, 700.00 W, 700.00 W, 1980 MHz, 2619 MHz, [N/A]
2025/11/27 05:21:27.447, 1, NVIDIA H100 80GB HBM3, P0, 100 %, 64 %, 81559 MiB, 34717 MiB, 46363 MiB, 53, 62, 422.50 W, 700.00 W, 700.00 W, 1980 MHz, 2619 MHz, [N/A]
2025/11/27 05:21:27.448, 2, NVIDIA H100 80GB HBM3, P0, 99 %, 68 %, 81559 MiB, 35247 MiB, 45833 MiB, 56, 66, 491.55 W, 700.00 W, 700.00 W, 1965 MHz, 2619 MHz, [N/A]
2025/11/27 05:21:27.449, 3, NVIDIA H100 80GB HBM3, P0, 100 %, 55 %, 81559 MiB, 32467 MiB, 48613 MiB, 49, 59, 411.46 W, 700.00 W, 700.00 W, 1980 MHz, 2619 MHz, [N/A]
2025/11/27 05:21:27.449, 4, NVIDIA H100 80GB HBM3, P0, 94 %, 45 %, 81559 MiB, 34531 MiB, 46549 MiB, 47, 58, 389.43 W, 700.00 W, 700.00 W, 1980 MHz, 2619 MHz, [N/A]
2025/11/27 05:21:27.450, 5, NVIDIA H100 80GB HBM3, P0, 100 %, 52 %, 81559 MiB, 32827 MiB, 48253 MiB, 54, 63, 396.85 W, 700.00 W, 700.00 W, 1980 MHz, 2619 MHz, [N/A]
2025/11/27 05:21:27.450, 6, NVIDIA H100 80GB HBM3, P0, 95 %, 58 %, 81559 MiB, 33113 MiB, 47967 MiB, 52, 60, 392.88 W, 700.00 W, 700.00 W, 1980 MHz, 2619 MHz, [N/A]
2025/11/27 05:21:27.451, 7, NVIDIA H100 80GB HBM3, P0, 100 %, 51 %, 81559 MiB, 32835 MiB, 48245 MiB, 48, 59, 393.80 W, 700.00 W, 700.00 W, 1980 MHz, 2619 MHz, [N/A]
2025/11/27 05:21:32.452, 0, NVIDIA H100 80GB HBM3, P0, 100 %, 63 %, 81559 MiB, 32953 MiB, 48127 MiB, 48, 60, 403.71 W, 700.00 W, 700.00 W, 1980 MHz, 2619 MHz, [N/A]
2025/11/27 05:21:32.453, 1, NVIDIA H100 80GB HBM3, P0, 100 %, 66 %, 81559 MiB, 34717 MiB, 46363 MiB, 55, 64, 409.93 W, 700.00 W, 700.00 W, 1980 MHz, 2619 MHz, [N/A]
2025/11/27 05:21:32.454, 2, NVIDIA H100 80GB HBM3, P0, 98 %, 65 %, 81559 MiB, 35247 MiB, 45833 MiB, 55, 64, 371.75 W, 700.00 W, 700.00 W, 1980 MHz, 2619 MHz, [N/A]
2025/11/27 05:21:32.455, 3, NVIDIA H100 80GB HBM3, P0, 90 %, 19 %, 81559 MiB, 32467 MiB, 48613 MiB, 50, 60, 398.25 W, 700.00 W, 700.00 W, 1980 MHz, 2619 MHz, [N/A]
2025/11/27 05:21:32.456, 4, NVIDIA H100 80GB HBM3, P0, 95 %, 47 %, 81559 MiB, 34531 MiB, 46549 MiB, 46, 57, 373.13 W, 700.00 W, 700.00 W, 1980 MHz, 2619 MHz, [N/A]
2025/11/27 05:21:32.457, 5, NVIDIA H100 80GB HBM3, P0, 100 %, 59 %, 81559 MiB, 32827 MiB, 48253 MiB, 54, 62, 381.92 W, 700.00 W, 700.00 W, 1980 MHz, 2619 MHz, [N/A]
2025/11/27 05:21:32.457, 6, NVIDIA H100 80GB HBM3, P0, 95 %, 57 %, 81559 MiB, 33113 MiB, 47967 MiB, 53, 59, 425.62 W, 700.00 W, 700.00 W, 1980 MHz, 2619 MHz, [N/A]
2025/11/27 05:21:32.458, 7, NVIDIA H100 80GB HBM3, P0, 100 %, 53 %, 81559 MiB, 32831 MiB, 48249 MiB, 48, 57, 415.60 W, 700.00 W, 700.00 W, 1980 MHz, 2619 MHz, [N/A]
2025/11/27 05:21:37.460, 0, NVIDIA H100 80GB HBM3, P0, 99 %, 31 %, 81559 MiB, 32953 MiB, 48127 MiB, 51, 60, 401.56 W, 700.00 W, 700.00 W, 1965 MHz, 2619 MHz, [N/A]
2025/11/27 05:21:37.461, 1, NVIDIA H100 80GB HBM3, P0, 100 %, 37 %, 81559 MiB, 34717 MiB, 46363 MiB, 54, 63, 413.14 W, 700.00 W, 700.00 W, 1980 MHz, 2619 MHz, [N/A]
2025/11/27 05:21:37.462, 2, NVIDIA H100 80GB HBM3, P0, 99 %, 31 %, 81559 MiB, 35245 MiB, 45835 MiB, 56, 64, 457.11 W, 700.00 W, 700.00 W, 1965 MHz, 2619 MHz, [N/A]
2025/11/27 05:21:37.463, 3, NVIDIA H100 80GB HBM3, P0, 100 %, 59 %, 81559 MiB, 32465 MiB, 48615 MiB, 48, 59, 377.13 W, 700.00 W, 700.00 W, 1980 MHz, 2619 MHz, [N/A]
2025/11/27 05:21:37.464, 4, NVIDIA H100 80GB HBM3, P0, 100 %, 58 %, 81559 MiB, 34531 MiB, 46549 MiB, 47, 56, 405.25 W, 700.00 W, 700.00 W, 1980 MHz, 2619 MHz, [N/A]
2025/11/27 05:21:37.465, 5, NVIDIA H100 80GB HBM3, P0, 99 %, 24 %, 81559 MiB, 32827 MiB, 48253 MiB, 55, 62, 410.42 W, 700.00 W, 700.00 W, 1980 MHz, 2619 MHz, [N/A]
2025/11/27 05:21:37.465, 6, NVIDIA H100 80GB HBM3, P0, 100 %, 57 %, 81559 MiB, 33113 MiB, 47967 MiB, 54, 63, 429.26 W, 700.00 W, 700.00 W, 1980 MHz, 2619 MHz, [N/A]
2025/11/27 05:21:37.466, 7, NVIDIA H100 80GB HBM3, P0, 92 %, 25 %, 81559 MiB, 32831 MiB, 48249 MiB, 49, 59, 395.38 W, 700.00 W, 700.00 W, 1980 MHz, 2619 MHz, [N/A]
2025/11/27 05:21:42.467, 0, NVIDIA H100 80GB HBM3, P0, 99 %, 38 %, 81559 MiB, 32951 MiB, 48129 MiB, 49, 59, 377.45 W, 700.00 W, 700.00 W, 1980 MHz, 2619 MHz, [N/A]
2025/11/27 05:21:42.469, 1, NVIDIA H100 80GB HBM3, P0, 100 %, 45 %, 81559 MiB, 34717 MiB, 46363 MiB, 53, 62, 396.64 W, 700.00 W, 700.00 W, 1980 MHz, 2619 MHz, [N/A]
2025/11/27 05:21:42.470, 2, NVIDIA H100 80GB HBM3, P0, 100 %, 53 %, 81559 MiB, 35245 MiB, 45835 MiB, 56, 64, 395.24 W, 700.00 W, 700.00 W, 1980 MHz, 2619 MHz, [N/A]
2025/11/27 05:21:42.471, 3, NVIDIA H100 80GB HBM3, P0, 99 %, 59 %, 81559 MiB, 32463 MiB, 48617 MiB, 47, 60, 369.90 W, 700.00 W, 700.00 W, 1980 MHz, 2619 MHz, [N/A]
2025/11/27 05:21:42.471, 4, NVIDIA H100 80GB HBM3, P0, 100 %, 63 %, 81559 MiB, 34531 MiB, 46549 MiB, 51, 59, 446.94 W, 700.00 W, 700.00 W, 1965 MHz, 2619 MHz, [N/A]
2025/11/27 05:21:42.472, 5, NVIDIA H100 80GB HBM3, P0, 97 %, 39 %, 81559 MiB, 32825 MiB, 48255 MiB, 54, 62, 386.57 W, 700.00 W, 700.00 W, 1965 MHz, 2619 MHz, [N/A]
2025/11/27 05:21:42.472, 6, NVIDIA H100 80GB HBM3, P0, 100 %, 58 %, 81559 MiB, 33111 MiB, 47969 MiB, 55, 61, 408.46 W, 700.00 W, 700.00 W, 1980 MHz, 2619 MHz, [N/A]
2025/11/27 05:21:42.473, 7, NVIDIA H100 80GB HBM3, P0, 92 %, 30 %, 81559 MiB, 32831 MiB, 48249 MiB, 49, 59, 403.44 W, 700.00 W, 700.00 W, 1980 MHz, 2619 MHz, [N/A]
2025/11/27 05:21:47.474, 0, NVIDIA H100 80GB HBM3, P0, 95 %, 61 %, 81559 MiB, 32951 MiB, 48129 MiB, 51, 59, 398.22 W, 700.00 W, 700.00 W, 1980 MHz, 2619 MHz, [N/A]
2025/11/27 05:21:47.475, 1, NVIDIA H100 80GB HBM3, P0, 94 %, 52 %, 81559 MiB, 34717 MiB, 46363 MiB, 53, 60, 408.12 W, 700.00 W, 700.00 W, 1980 MHz, 2619 MHz, [N/A]
2025/11/27 05:21:47.476, 2, NVIDIA H100 80GB HBM3, P0, 65 %, 33 %, 81559 MiB, 35245 MiB, 45835 MiB, 54, 62, 474.41 W, 700.00 W, 700.00 W, 1905 MHz, 2619 MHz, [N/A]
2025/11/27 05:21:47.477, 3, NVIDIA H100 80GB HBM3, P0, 99 %, 12 %, 81559 MiB, 32463 MiB, 48617 MiB, 46, 55, 416.66 W, 700.00 W, 700.00 W, 1980 MHz, 2619 MHz, [N/A]
2025/11/27 05:21:47.478, 4, NVIDIA H100 80GB HBM3, P0, 90 %, 9 %, 81559 MiB, 34531 MiB, 46549 MiB, 48, 56, 392.67 W, 700.00 W, 700.00 W, 1980 MHz, 2619 MHz, [N/A]
2025/11/27 05:21:47.478, 5, NVIDIA H100 80GB HBM3, P0, 94 %, 22 %, 81559 MiB, 32825 MiB, 48255 MiB, 51, 57, 399.92 W, 700.00 W, 700.00 W, 1980 MHz, 2619 MHz, [N/A]
2025/11/27 05:21:47.479, 6, NVIDIA H100 80GB HBM3, P0, 93 %, 27 %, 81559 MiB, 33111 MiB, 47969 MiB, 51, 57, 437.59 W, 700.00 W, 700.00 W, 1980 MHz, 2619 MHz, [N/A]
2025/11/27 05:21:47.479, 7, NVIDIA H100 80GB HBM3, P0, 100 %, 57 %, 81559 MiB, 32831 MiB, 48249 MiB, 48, 55, 427.84 W, 700.00 W, 700.00 W, 1980 MHz, 2619 MHz, [N/A]
2025/11/27 05:21:52.481, 0, NVIDIA H100 80GB HBM3, P0, 100 %, 58 %, 81559 MiB, 32951 MiB, 48129 MiB, 50, 62, 430.41 W, 700.00 W, 700.00 W, 1980 MHz, 2619 MHz, [N/A]
2025/11/27 05:21:52.482, 1, NVIDIA H100 80GB HBM3, P0, 100 %, 64 %, 81559 MiB, 34717 MiB, 46363 MiB, 55, 65, 444.46 W, 700.00 W, 700.00 W, 1980 MHz, 2619 MHz, [N/A]
2025/11/27 05:21:52.483, 2, NVIDIA H100 80GB HBM3, P0, 94 %, 58 %, 81559 MiB, 35245 MiB, 45835 MiB, 56, 66, 440.61 W, 700.00 W, 700.00 W, 1980 MHz, 2619 MHz, [N/A]
2025/11/27 05:21:52.484, 3, NVIDIA H100 80GB HBM3, P0, 92 %, 57 %, 81559 MiB, 32463 MiB, 48617 MiB, 47, 57, 420.26 W, 700.00 W, 700.00 W, 1980 MHz, 2619 MHz, [N/A]
2025/11/27 05:21:52.485, 4, NVIDIA H100 80GB HBM3, P0, 100 %, 62 %, 81559 MiB, 34531 MiB, 46549 MiB, 48, 57, 428.38 W, 700.00 W, 700.00 W, 1980 MHz, 2619 MHz, [N/A]
2025/11/27 05:21:52.486, 5, NVIDIA H100 80GB HBM3, P0, 100 %, 65 %, 81559 MiB, 32825 MiB, 48255 MiB, 53, 61, 426.75 W, 700.00 W, 700.00 W, 1980 MHz, 2619 MHz, [N/A]
2025/11/27 05:21:52.486, 6, NVIDIA H100 80GB HBM3, P0, 100 %, 67 %, 81559 MiB, 33109 MiB, 47971 MiB, 52, 63, 427.28 W, 700.00 W, 700.00 W, 1980 MHz, 2619 MHz, [N/A]
2025/11/27 05:21:52.487, 7, NVIDIA H100 80GB HBM3, P0, 92 %, 49 %, 81559 MiB, 32831 MiB, 48249 MiB, 50, 61, 452.20 W, 700.00 W, 700.00 W, 1980 MHz, 2619 MHz, [N/A]
2025/11/27 05:21:57.488, 0, NVIDIA H100 80GB HBM3, P0, 100 %, 54 %, 81559 MiB, 32951 MiB, 48129 MiB, 50, 63, 433.93 W, 700.00 W, 700.00 W, 1980 MHz, 2619 MHz, [N/A]
2025/11/27 05:21:57.490, 1, NVIDIA H100 80GB HBM3, P0, 100 %, 64 %, 81559 MiB, 34717 MiB, 46363 MiB, 54, 64, 424.39 W, 700.00 W, 700.00 W, 1980 MHz, 2619 MHz, [N/A]
2025/11/27 05:21:57.491, 2, NVIDIA H100 80GB HBM3, P0, 92 %, 55 %, 81559 MiB, 35245 MiB, 45835 MiB, 57, 66, 460.67 W, 700.00 W, 700.00 W, 1965 MHz, 2619 MHz, [N/A]
2025/11/27 05:21:57.492, 3, NVIDIA H100 80GB HBM3, P0, 91 %, 48 %, 81559 MiB, 32463 MiB, 48617 MiB, 50, 61, 427.89 W, 700.00 W, 700.00 W, 1980 MHz, 2619 MHz, [N/A]
2025/11/27 05:21:57.493, 4, NVIDIA H100 80GB HBM3, P0, 93 %, 56 %, 81559 MiB, 34531 MiB, 46549 MiB, 47, 58, 415.73 W, 700.00 W, 700.00 W, 1980 MHz, 2619 MHz, [N/A]
2025/11/27 05:21:57.494, 5, NVIDIA H100 80GB HBM3, P0, 100 %, 61 %, 81559 MiB, 32825 MiB, 48255 MiB, 54, 60, 430.46 W, 700.00 W, 700.00 W, 1980 MHz, 2619 MHz, [N/A]
2025/11/27 05:21:57.495, 6, NVIDIA H100 80GB HBM3, P0, 100 %, 68 %, 81559 MiB, 33109 MiB, 47971 MiB, 52, 61, 446.39 W, 700.00 W, 700.00 W, 1965 MHz, 2619 MHz, [N/A]
2025/11/27 05:21:57.495, 7, NVIDIA H100 80GB HBM3, P0, 92 %, 51 %, 81559 MiB, 32831 MiB, 48249 MiB, 51, 60, 459.96 W, 700.00 W, 700.00 W, 1980 MHz, 2619 MHz, [N/A]
2025/11/27 05:22:02.496, 0, NVIDIA H100 80GB HBM3, P0, 95 %, 48 %, 81559 MiB, 32951 MiB, 48129 MiB, 50, 61, 408.20 W, 700.00 W, 700.00 W, 1980 MHz, 2619 MHz, [N/A]
2025/11/27 05:22:02.497, 1, NVIDIA H100 80GB HBM3, P0, 100 %, 53 %, 81559 MiB, 34717 MiB, 46363 MiB, 54, 64, 390.29 W, 700.00 W, 700.00 W, 1980 MHz, 2619 MHz, [N/A]
2025/11/27 05:22:02.498, 2, NVIDIA H100 80GB HBM3, P0, 99 %, 64 %, 81559 MiB, 35245 MiB, 45835 MiB, 57, 64, 437.76 W, 700.00 W, 700.00 W, 1980 MHz, 2619 MHz, [N/A]
2025/11/27 05:22:02.499, 3, NVIDIA H100 80GB HBM3, P0, 99 %, 70 %, 81559 MiB, 32463 MiB, 48617 MiB, 48, 61, 418.70 W, 700.00 W, 700.00 W, 1980 MHz, 2619 MHz, [N/A]
2025/11/27 05:22:02.499, 4, NVIDIA H100 80GB HBM3, P0, 100 %, 61 %, 81559 MiB, 34531 MiB, 46549 MiB, 48, 57, 391.65 W, 700.00 W, 700.00 W, 1980 MHz, 2619 MHz, [N/A]
2025/11/27 05:22:02.501, 5, NVIDIA H100 80GB HBM3, P0, 100 %, 64 %, 81559 MiB, 32825 MiB, 48255 MiB, 55, 64, 481.62 W, 700.00 W, 700.00 W, 1980 MHz, 2619 MHz, [N/A]
2025/11/27 05:22:02.501, 6, NVIDIA H100 80GB HBM3, P0, 100 %, 59 %, 81559 MiB, 33109 MiB, 47971 MiB, 54, 63, 462.06 W, 700.00 W, 700.00 W, 1980 MHz, 2619 MHz, [N/A]
2025/11/27 05:22:02.502, 7, NVIDIA H100 80GB HBM3, P0, 100 %, 64 %, 81559 MiB, 32831 MiB, 48249 MiB, 49, 59, 449.65 W, 700.00 W, 700.00 W, 1980 MHz, 2619 MHz, [N/A]
2025/11/27 05:22:07.503, 0, NVIDIA H100 80GB HBM3, P0, 100 %, 58 %, 81559 MiB, 32951 MiB, 48129 MiB, 49, 62, 373.23 W, 700.00 W, 700.00 W, 1980 MHz, 2619 MHz, [N/A]
2025/11/27 05:22:07.504, 1, NVIDIA H100 80GB HBM3, P0, 100 %, 67 %, 81559 MiB, 34717 MiB, 46363 MiB, 54, 64, 363.41 W, 700.00 W, 700.00 W, 1980 MHz, 2619 MHz, [N/A]
2025/11/27 05:22:07.505, 2, NVIDIA H100 80GB HBM3, P0, 80 %, 49 %, 81559 MiB, 35245 MiB, 45835 MiB, 56, 65, 372.67 W, 700.00 W, 700.00 W, 1980 MHz, 2619 MHz, [N/A]
2025/11/27 05:22:07.506, 3, NVIDIA H100 80GB HBM3, P0, 89 %, 41 %, 81559 MiB, 32463 MiB, 48617 MiB, 47, 58, 408.30 W, 700.00 W, 700.00 W, 1980 MHz, 2619 MHz, [N/A]
2025/11/27 05:22:07.507, 4, NVIDIA H100 80GB HBM3, P0, 94 %, 56 %, 81559 MiB, 34529 MiB, 46551 MiB, 47, 58, 388.91 W, 700.00 W, 700.00 W, 1980 MHz, 2619 MHz, [N/A]
2025/11/27 05:22:07.508, 5, NVIDIA H100 80GB HBM3, P0, 100 %, 63 %, 81559 MiB, 32825 MiB, 48255 MiB, 55, 60, 387.32 W, 700.00 W, 700.00 W, 1980 MHz, 2619 MHz, [N/A]
2025/11/27 05:22:07.509, 6, NVIDIA H100 80GB HBM3, P0, 99 %, 66 %, 81559 MiB, 33109 MiB, 47971 MiB, 52, 61, 388.37 W, 700.00 W, 700.00 W, 1965 MHz, 2619 MHz, [N/A]
2025/11/27 05:22:07.509, 7, NVIDIA H100 80GB HBM3, P0, 94 %, 46 %, 81559 MiB, 32831 MiB, 48249 MiB, 52, 59, 419.39 W, 700.00 W, 700.00 W, 1965 MHz, 2619 MHz, [N/A]
2025/11/27 05:22:12.511, 0, NVIDIA H100 80GB HBM3, P0, 76 %, 45 %, 81559 MiB, 32951 MiB, 48129 MiB, 50, 60, 413.91 W, 700.00 W, 700.00 W, 1980 MHz, 2619 MHz, [N/A]
2025/11/27 05:22:12.512, 1, NVIDIA H100 80GB HBM3, P0, 93 %, 31 %, 81559 MiB, 34717 MiB, 46363 MiB, 55, 63, 429.64 W, 700.00 W, 700.00 W, 1980 MHz, 2619 MHz, [N/A]
2025/11/27 05:22:12.513, 2, NVIDIA H100 80GB HBM3, P0, 91 %, 51 %, 81559 MiB, 35245 MiB, 45835 MiB, 56, 64, 405.26 W, 700.00 W, 700.00 W, 1980 MHz, 2619 MHz, [N/A]
2025/11/27 05:22:12.514, 3, NVIDIA H100 80GB HBM3, P0, 100 %, 56 %, 81559 MiB, 32463 MiB, 48617 MiB, 49, 61, 401.69 W, 700.00 W, 700.00 W, 1980 MHz, 2619 MHz, [N/A]
2025/11/27 05:22:12.515, 4, NVIDIA H100 80GB HBM3, P0, 99 %, 46 %, 81559 MiB, 34529 MiB, 46551 MiB, 48, 58, 392.54 W, 700.00 W, 700.00 W, 1980 MHz, 2619 MHz, [N/A]
2025/11/27 05:22:12.516, 5, NVIDIA H100 80GB HBM3, P0, 95 %, 34 %, 81559 MiB, 32823 MiB, 48257 MiB, 54, 64, 419.47 W, 700.00 W, 700.00 W, 1980 MHz, 2619 MHz, [N/A]
2025/11/27 05:22:12.517, 6, NVIDIA H100 80GB HBM3, P0, 93 %, 41 %, 81559 MiB, 33109 MiB, 47971 MiB, 54, 62, 421.36 W, 700.00 W, 700.00 W, 1980 MHz, 2619 MHz, [N/A]
2025/11/27 05:22:12.517, 7, NVIDIA H100 80GB HBM3, P0, 100 %, 59 %, 81559 MiB, 32831 MiB, 48249 MiB, 50, 61, 400.35 W, 700.00 W, 700.00 W, 1980 MHz, 2619 MHz, [N/A]
2025/11/27 05:22:17.519, 0, NVIDIA H100 80GB HBM3, P0, 100 %, 50 %, 81559 MiB, 32949 MiB, 48131 MiB, 49, 61, 428.61 W, 700.00 W, 700.00 W, 1980 MHz, 2619 MHz, [N/A]
2025/11/27 05:22:17.520, 1, NVIDIA H100 80GB HBM3, P0, 100 %, 56 %, 81559 MiB, 34717 MiB, 46363 MiB, 55, 62, 427.89 W, 700.00 W, 700.00 W, 1980 MHz, 2619 MHz, [N/A]
2025/11/27 05:22:17.522, 2, NVIDIA H100 80GB HBM3, P0, 99 %, 67 %, 81559 MiB, 35245 MiB, 45835 MiB, 57, 66, 444.55 W, 700.00 W, 700.00 W, 1980 MHz, 2619 MHz, [N/A]
2025/11/27 05:22:17.523, 3, NVIDIA H100 80GB HBM3, P0, 99 %, 61 %, 81559 MiB, 32463 MiB, 48617 MiB, 52, 61, 433.43 W, 700.00 W, 700.00 W, 1980 MHz, 2619 MHz, [N/A]
2025/11/27 05:22:17.524, 4, NVIDIA H100 80GB HBM3, P0, 100 %, 68 %, 81559 MiB, 34529 MiB, 46551 MiB, 47, 57, 437.63 W, 700.00 W, 700.00 W, 1980 MHz, 2619 MHz, [N/A]
2025/11/27 05:22:17.525, 5, NVIDIA H100 80GB HBM3, P0, 100 %, 59 %, 81559 MiB, 32823 MiB, 48257 MiB, 55, 62, 435.10 W, 700.00 W, 700.00 W, 1980 MHz, 2619 MHz, [N/A]
2025/11/27 05:22:17.526, 6, NVIDIA H100 80GB HBM3, P0, 100 %, 61 %, 81559 MiB, 33109 MiB, 47971 MiB, 54, 63, 456.03 W, 700.00 W, 700.00 W, 1965 MHz, 2619 MHz, [N/A]
2025/11/27 05:22:17.527, 7, NVIDIA H100 80GB HBM3, P0, 96 %, 58 %, 81559 MiB, 32831 MiB, 48249 MiB, 50, 57, 416.35 W, 700.00 W, 700.00 W, 1980 MHz, 2619 MHz, [N/A]
2025/11/27 05:22:22.528, 0, NVIDIA H100 80GB HBM3, P0, 99 %, 68 %, 81559 MiB, 32949 MiB, 48131 MiB, 49, 59, 398.68 W, 700.00 W, 700.00 W, 1980 MHz, 2619 MHz, [N/A]
2025/11/27 05:22:22.529, 1, NVIDIA H100 80GB HBM3, P0, 96 %, 60 %, 81559 MiB, 34717 MiB, 46363 MiB, 54, 63, 407.75 W, 700.00 W, 700.00 W, 1980 MHz, 2619 MHz, [N/A]
2025/11/27 05:22:22.531, 2, NVIDIA H100 80GB HBM3, P0, 66 %, 30 %, 81559 MiB, 35245 MiB, 45835 MiB, 55, 64, 432.29 W, 700.00 W, 700.00 W, 1980 MHz, 2619 MHz, [N/A]
2025/11/27 05:22:22.531, 3, NVIDIA H100 80GB HBM3, P0, 93 %, 44 %, 81559 MiB, 32463 MiB, 48617 MiB, 51, 61, 429.28 W, 700.00 W, 700.00 W, 1965 MHz, 2619 MHz, [N/A]
2025/11/27 05:22:22.533, 4, NVIDIA H100 80GB HBM3, P0, 91 %, 29 %, 81559 MiB, 34529 MiB, 46551 MiB, 47, 56, 401.77 W, 700.00 W, 700.00 W, 1980 MHz, 2619 MHz, [N/A]
2025/11/27 05:22:22.534, 5, NVIDIA H100 80GB HBM3, P0, 88 %, 45 %, 81559 MiB, 32823 MiB, 48257 MiB, 54, 61, 469.72 W, 700.00 W, 700.00 W, 1980 MHz, 2619 MHz, [N/A]
2025/11/27 05:22:22.535, 6, NVIDIA H100 80GB HBM3, P0, 94 %, 55 %, 81559 MiB, 33109 MiB, 47971 MiB, 54, 60, 398.61 W, 700.00 W, 700.00 W, 1980 MHz, 2619 MHz, [N/A]
2025/11/27 05:22:22.536, 7, NVIDIA H100 80GB HBM3, P0, 92 %, 35 %, 81559 MiB, 32831 MiB, 48249 MiB, 49, 59, 412.44 W, 700.00 W, 700.00 W, 1980 MHz, 2619 MHz, [N/A]
2025/11/27 05:22:27.537, 0, NVIDIA H100 80GB HBM3, P0, 81 %, 50 %, 81559 MiB, 32949 MiB, 48131 MiB, 49, 61, 390.77 W, 700.00 W, 700.00 W, 1980 MHz, 2619 MHz, [N/A]
2025/11/27 05:22:27.538, 1, NVIDIA H100 80GB HBM3, P0, 100 %, 43 %, 81559 MiB, 34717 MiB, 46363 MiB, 53, 64, 363.40 W, 700.00 W, 700.00 W, 1980 MHz, 2619 MHz, [N/A]
2025/11/27 05:22:27.538, 2, NVIDIA H100 80GB HBM3, P0, 100 %, 47 %, 81559 MiB, 35245 MiB, 45835 MiB, 55, 65, 399.30 W, 700.00 W, 700.00 W, 1980 MHz, 2619 MHz, [N/A]
2025/11/27 05:22:27.539, 3, NVIDIA H100 80GB HBM3, P0, 100 %, 68 %, 81559 MiB, 32463 MiB, 48617 MiB, 49, 61, 432.63 W, 700.00 W, 700.00 W, 1965 MHz, 2619 MHz, [N/A]
2025/11/27 05:22:27.540, 4, NVIDIA H100 80GB HBM3, P0, 100 %, 48 %, 81559 MiB, 34529 MiB, 46551 MiB, 50, 55, 392.08 W, 700.00 W, 700.00 W, 1950 MHz, 2619 MHz, [N/A]
2025/11/27 05:22:27.541, 5, NVIDIA H100 80GB HBM3, P0, 100 %, 44 %, 81559 MiB, 32823 MiB, 48257 MiB, 57, 61, 405.51 W, 700.00 W, 700.00 W, 1980 MHz, 2619 MHz, [N/A]
2025/11/27 05:22:27.542, 6, NVIDIA H100 80GB HBM3, P0, 100 %, 44 %, 81559 MiB, 33109 MiB, 47971 MiB, 53, 61, 373.43 W, 700.00 W, 700.00 W, 1980 MHz, 2619 MHz, [N/A]
2025/11/27 05:22:27.543, 7, NVIDIA H100 80GB HBM3, P0, 100 %, 57 %, 81559 MiB, 32831 MiB, 48249 MiB, 48, 59, 360.88 W, 700.00 W, 700.00 W, 1980 MHz, 2619 MHz, [N/A]
2025/11/27 05:22:32.544, 0, NVIDIA H100 80GB HBM3, P0, 0 %, 0 %, 81559 MiB, 81080 MiB, 0 MiB, 41, 50, 74.50 W, 700.00 W, 700.00 W, 480 MHz, 2619 MHz, [N/A]
2025/11/27 05:22:32.545, 1, NVIDIA H100 80GB HBM3, P0, 0 %, 0 %, 81559 MiB, 81080 MiB, 0 MiB, 46, 54, 101.11 W, 700.00 W, 700.00 W, 345 MHz, 2619 MHz, [N/A]
2025/11/27 05:22:32.546, 2, NVIDIA H100 80GB HBM3, P0, 0 %, 0 %, 81559 MiB, 81080 MiB, 0 MiB, 48, 54, 137.87 W, 700.00 W, 700.00 W, 1980 MHz, 2619 MHz, [N/A]
2025/11/27 05:22:32.547, 3, NVIDIA H100 80GB HBM3, P0, 0 %, 0 %, 81559 MiB, 81080 MiB, 0 MiB, 40, 49, 115.32 W, 700.00 W, 700.00 W, 420 MHz, 2619 MHz, [N/A]
2025/11/27 05:22:32.548, 4, NVIDIA H100 80GB HBM3, P0, 0 %, 0 %, 81559 MiB, 81080 MiB, 0 MiB, 39, 47, 112.94 W, 700.00 W, 700.00 W, 960 MHz, 2619 MHz, [N/A]
2025/11/27 05:22:32.548, 5, NVIDIA H100 80GB HBM3, P0, 0 %, 0 %, 81559 MiB, 81080 MiB, 0 MiB, 46, 52, 129.77 W, 700.00 W, 700.00 W, 405 MHz, 2619 MHz, [N/A]
2025/11/27 05:22:32.549, 6, NVIDIA H100 80GB HBM3, P0, 0 %, 0 %, 81559 MiB, 81080 MiB, 0 MiB, 46, 51, 128.27 W, 700.00 W, 700.00 W, 1980 MHz, 2619 MHz, [N/A]
2025/11/27 05:22:32.550, 7, NVIDIA H100 80GB HBM3, P0, 0 %, 0 %, 81559 MiB, 81080 MiB, 0 MiB, 41, 49, 112.10 W, 700.00 W, 700.00 W, 375 MHz, 2619 MHz, [N/A]
2025/11/27 05:22:37.551, 0, NVIDIA H100 80GB HBM3, P0, 0 %, 0 %, 81559 MiB, 81080 MiB, 0 MiB, 39, 48, 72.07 W, 700.00 W, 700.00 W, 345 MHz, 2619 MHz, [N/A]
2025/11/27 05:22:37.553, 1, NVIDIA H100 80GB HBM3, P0, 0 %, 0 %, 81559 MiB, 81080 MiB, 0 MiB, 45, 52, 75.38 W, 700.00 W, 700.00 W, 345 MHz, 2619 MHz, [N/A]
2025/11/27 05:22:37.554, 2, NVIDIA H100 80GB HBM3, P0, 0 %, 0 %, 81559 MiB, 81080 MiB, 0 MiB, 45, 52, 79.21 W, 700.00 W, 700.00 W, 345 MHz, 2619 MHz, [N/A]
2025/11/27 05:22:37.555, 3, NVIDIA H100 80GB HBM3, P0, 0 %, 0 %, 81559 MiB, 81080 MiB, 0 MiB, 38, 47, 72.61 W, 700.00 W, 700.00 W, 345 MHz, 2619 MHz, [N/A]
2025/11/27 05:22:37.556, 4, NVIDIA H100 80GB HBM3, P0, 0 %, 0 %, 81559 MiB, 81080 MiB, 0 MiB, 37, 45, 71.18 W, 700.00 W, 700.00 W, 345 MHz, 2619 MHz, [N/A]
2025/11/27 05:22:37.557, 5, NVIDIA H100 80GB HBM3, P0, 0 %, 0 %, 81559 MiB, 81080 MiB, 0 MiB, 44, 51, 74.46 W, 700.00 W, 700.00 W, 345 MHz, 2619 MHz, [N/A]
2025/11/27 05:22:37.558, 6, NVIDIA H100 80GB HBM3, P0, 0 %, 0 %, 81559 MiB, 81080 MiB, 0 MiB, 43, 51, 72.40 W, 700.00 W, 700.00 W, 345 MHz, 2619 MHz, [N/A]
2025/11/27 05:22:37.559, 7, NVIDIA H100 80GB HBM3, P0, 0 %, 0 %, 81559 MiB, 81080 MiB, 0 MiB, 39, 47, 71.96 W, 700.00 W, 700.00 W, 345 MHz, 2619 MHz, [N/A]
2025/11/27 05:22:42.560, 0, NVIDIA H100 80GB HBM3, P0, 0 %, 0 %, 81559 MiB, 81080 MiB, 0 MiB, 38, 47, 72.01 W, 700.00 W, 700.00 W, 345 MHz, 2619 MHz, [N/A]
2025/11/27 05:22:42.561, 1, NVIDIA H100 80GB HBM3, P0, 0 %, 0 %, 81559 MiB, 81080 MiB, 0 MiB, 44, 50, 74.85 W, 700.00 W, 700.00 W, 345 MHz, 2619 MHz, [N/A]
2025/11/27 05:22:42.562, 2, NVIDIA H100 80GB HBM3, P0, 0 %, 0 %, 81559 MiB, 81080 MiB, 0 MiB, 44, 52, 78.77 W, 700.00 W, 700.00 W, 345 MHz, 2619 MHz, [N/A]
2025/11/27 05:22:42.563, 3, NVIDIA H100 80GB HBM3, P0, 0 %, 0 %, 81559 MiB, 81080 MiB, 0 MiB, 37, 47, 72.38 W, 700.00 W, 700.00 W, 345 MHz, 2619 MHz, [N/A]
2025/11/27 05:22:42.564, 4, NVIDIA H100 80GB HBM3, P0, 0 %, 0 %, 81559 MiB, 81080 MiB, 0 MiB, 36, 43, 70.96 W, 700.00 W, 700.00 W, 345 MHz, 2619 MHz, [N/A]
2025/11/27 05:22:42.565, 5, NVIDIA H100 80GB HBM3, P0, 0 %, 0 %, 81559 MiB, 81080 MiB, 0 MiB, 43, 49, 74.29 W, 700.00 W, 700.00 W, 345 MHz, 2619 MHz, [N/A]
2025/11/27 05:22:42.566, 6, NVIDIA H100 80GB HBM3, P0, 0 %, 0 %, 81559 MiB, 81080 MiB, 0 MiB, 42, 49, 71.98 W, 700.00 W, 700.00 W, 345 MHz, 2619 MHz, [N/A]
2025/11/27 05:22:42.567, 7, NVIDIA H100 80GB HBM3, P0, 0 %, 0 %, 81559 MiB, 81080 MiB, 0 MiB, 38, 47, 71.91 W, 700.00 W, 700.00 W, 345 MHz, 2619 MHz, [N/A]
2025/11/27 05:22:47.568, 0, NVIDIA H100 80GB HBM3, P0, 0 %, 0 %, 81559 MiB, 81080 MiB, 0 MiB, 37, 47, 71.74 W, 700.00 W, 700.00 W, 345 MHz, 2619 MHz, [N/A]
2025/11/27 05:22:47.569, 1, NVIDIA H100 80GB HBM3, P0, 0 %, 0 %, 81559 MiB, 81080 MiB, 0 MiB, 43, 51, 74.54 W, 700.00 W, 700.00 W, 345 MHz, 2619 MHz, [N/A]
2025/11/27 05:22:47.570, 2, NVIDIA H100 80GB HBM3, P0, 0 %, 0 %, 81559 MiB, 81080 MiB, 0 MiB, 43, 50, 78.28 W, 700.00 W, 700.00 W, 345 MHz, 2619 MHz, [N/A]
2025/11/27 05:22:47.571, 3, NVIDIA H100 80GB HBM3, P0, 0 %, 0 %, 81559 MiB, 81080 MiB, 0 MiB, 37, 45, 72.13 W, 700.00 W, 700.00 W, 345 MHz, 2619 MHz, [N/A]
2025/11/27 05:22:47.572, 4, NVIDIA H100 80GB HBM3, P0, 0 %, 0 %, 81559 MiB, 81080 MiB, 0 MiB, 36, 43, 71.03 W, 700.00 W, 700.00 W, 345 MHz, 2619 MHz, [N/A]
2025/11/27 05:22:47.573, 5, NVIDIA H100 80GB HBM3, P0, 0 %, 0 %, 81559 MiB, 81080 MiB, 0 MiB, 42, 49, 73.97 W, 700.00 W, 700.00 W, 345 MHz, 2619 MHz, [N/A]
2025/11/27 05:22:47.574, 6, NVIDIA H100 80GB HBM3, P0, 0 %, 0 %, 81559 MiB, 81080 MiB, 0 MiB, 41, 48, 71.95 W, 700.00 W, 700.00 W, 345 MHz, 2619 MHz, [N/A]
2025/11/27 05:22:47.574, 7, NVIDIA H100 80GB HBM3, P0, 0 %, 0 %, 81559 MiB, 81080 MiB, 0 MiB, 38, 45, 71.71 W, 700.00 W, 700.00 W, 345 MHz, 2619 MHz, [N/A]
