/home/ubuntu/miniconda3/envs/distributed/lib/python3.10/site-packages/transformers/utils/hub.py:110: FutureWarning: Using `TRANSFORMERS_CACHE` is deprecated and will be removed in v5 of Transformers. Use `HF_HOME` instead.
  warnings.warn(
/home/ubuntu/miniconda3/envs/distributed/lib/python3.10/site-packages/transformers/utils/hub.py:110: FutureWarning: Using `TRANSFORMERS_CACHE` is deprecated and will be removed in v5 of Transformers. Use `HF_HOME` instead.
  warnings.warn(
/home/ubuntu/miniconda3/envs/distributed/lib/python3.10/site-packages/transformers/utils/hub.py:110: FutureWarning: Using `TRANSFORMERS_CACHE` is deprecated and will be removed in v5 of Transformers. Use `HF_HOME` instead.
  warnings.warn(
/home/ubuntu/miniconda3/envs/distributed/lib/python3.10/site-packages/transformers/utils/hub.py:110: FutureWarning: Using `TRANSFORMERS_CACHE` is deprecated and will be removed in v5 of Transformers. Use `HF_HOME` instead.
  warnings.warn(
/home/ubuntu/miniconda3/envs/distributed/lib/python3.10/site-packages/transformers/utils/hub.py:110: FutureWarning: Using `TRANSFORMERS_CACHE` is deprecated and will be removed in v5 of Transformers. Use `HF_HOME` instead.
  warnings.warn(
/home/ubuntu/miniconda3/envs/distributed/lib/python3.10/site-packages/transformers/utils/hub.py:110: FutureWarning: Using `TRANSFORMERS_CACHE` is deprecated and will be removed in v5 of Transformers. Use `HF_HOME` instead.
  warnings.warn(
/home/ubuntu/miniconda3/envs/distributed/lib/python3.10/site-packages/transformers/utils/hub.py:110: FutureWarning: Using `TRANSFORMERS_CACHE` is deprecated and will be removed in v5 of Transformers. Use `HF_HOME` instead.
  warnings.warn(
/home/ubuntu/miniconda3/envs/distributed/lib/python3.10/site-packages/transformers/utils/hub.py:110: FutureWarning: Using `TRANSFORMERS_CACHE` is deprecated and will be removed in v5 of Transformers. Use `HF_HOME` instead.
  warnings.warn(
/home/ubuntu/miniconda3/envs/distributed/lib/python3.10/site-packages/transformers/utils/hub.py:110: FutureWarning: Using `TRANSFORMERS_CACHE` is deprecated and will be removed in v5 of Transformers. Use `HF_HOME` instead.
  warnings.warn(
[Gloo] Rank 0 is connected to 7 peer ranks. Expected number of connected peer ranks is : 7
[Gloo] Rank 3 is connected to 7 peer ranks. Expected number of connected peer ranks is : 7
[Gloo] Rank 1 is connected to 7 peer ranks. Expected number of connected peer ranks is : 7
[Gloo] Rank [Gloo] Rank 5 is connected to 7 peer ranks. 2Expected number of connected peer ranks is :  is connected to 77 peer ranks. Expected number of connected peer ranks is : 7

[Gloo] Rank 6 is connected to 7 peer ranks. Expected number of connected peer ranks is : 7
[Gloo] Rank 4 is connected to 7 peer ranks. Expected number of connected peer ranks is : 7
[Gloo] Rank 7 is connected to 7 peer ranks. Expected number of connected peer ranks is : 7
This prints only on the main process!
CUDA available: True
GPU count: 8
BF16 supported: True
CUDA_DEVICES: 0,1,2,3,4,5,6,7
CONFIG_FILE: examples/ALI/accelerate_configs/fsdp2.yaml
TRAIN_SCRIPT: examples/ALI/scripts/train_ft_sft_main10.py
PROJECT_NAME: phd_fsdp2_8_bs_4_3b
n_GPUs: 8
loading configuration file config.json from cache at /home/ubuntu/.cache/huggingface/transformers/models--meta-llama--Llama-3.2-3B-Instruct/snapshots/0cb88a4f764b7a12671c53f0838cd831a0843b95/config.json
Model config LlamaConfig {
  "architectures": [
    "LlamaForCausalLM"
  ],
  "attention_bias": false,
  "attention_dropout": 0.0,
  "bos_token_id": 128000,
  "dtype": "bfloat16",
  "eos_token_id": [
    128001,
    128008,
    128009
  ],
  "head_dim": 128,
  "hidden_act": "silu",
  "hidden_size": 3072,
  "initializer_range": 0.02,
  "intermediate_size": 8192,
  "max_position_embeddings": 131072,
  "mlp_bias": false,
  "model_type": "llama",
  "num_attention_heads": 24,
  "num_hidden_layers": 28,
  "num_key_value_heads": 8,
  "pretraining_tp": 1,
  "rms_norm_eps": 1e-05,
  "rope_scaling": {
    "factor": 32.0,
    "high_freq_factor": 4.0,
    "low_freq_factor": 1.0,
    "original_max_position_embeddings": 8192,
    "rope_type": "llama3"
  },
  "rope_theta": 500000.0,
  "tie_word_embeddings": true,
  "transformers_version": "4.57.3",
  "use_cache": true,
  "vocab_size": 128256
}

loading configuration file config.json from cache at /home/ubuntu/.cache/huggingface/transformers/models--meta-llama--Llama-3.2-3B-Instruct/snapshots/0cb88a4f764b7a12671c53f0838cd831a0843b95/config.json
loading configuration file config.json from cache at /home/ubuntu/.cache/huggingface/transformers/models--meta-llama--Llama-3.2-3B-Instruct/snapshots/0cb88a4f764b7a12671c53f0838cd831a0843b95/config.json
loading weights file model.safetensors from cache at /home/ubuntu/.cache/huggingface/transformers/models--meta-llama--Llama-3.2-3B-Instruct/snapshots/0cb88a4f764b7a12671c53f0838cd831a0843b95/model.safetensors.index.json
Model config LlamaConfig {
  "architectures": [
    "LlamaForCausalLM"
  ],
  "attention_bias": false,
  "attention_dropout": 0.0,
  "bos_token_id": 128000,
  "dtype": "bfloat16",
  "eos_token_id": [
    128001,
    128008,
    128009
  ],
  "head_dim": 128,
  "hidden_act": "silu",
  "hidden_size": 3072,
  "initializer_range": 0.02,
  "intermediate_size": 8192,
  "max_position_embeddings": 131072,
  "mlp_bias": false,
  "model_type": "llama",
  "num_attention_heads": 24,
  "num_hidden_layers": 28,
  "num_key_value_heads": 8,
  "pretraining_tp": 1,
  "rms_norm_eps": 1e-05,
  "rope_scaling": {
    "factor": 32.0,
    "high_freq_factor": 4.0,
    "low_freq_factor": 1.0,
    "original_max_position_embeddings": 8192,
    "rope_type": "llama3"
  },
  "rope_theta": 500000.0,
  "tie_word_embeddings": true,
  "transformers_version": "4.57.3",
  "use_cache": true,
  "vocab_size": 128256
}

loading configuration file config.json from cache at /home/ubuntu/.cache/huggingface/transformers/models--meta-llama--Llama-3.2-3B-Instruct/snapshots/0cb88a4f764b7a12671c53f0838cd831a0843b95/config.json
Model config LlamaConfig {
  "architectures": [
    "LlamaForCausalLM"
  ],
  "attention_bias": false,
  "attention_dropout": 0.0,
  "bos_token_id": 128000,
  "dtype": "bfloat16",
  "eos_token_id": [
    128001,
    128008,
    128009
  ],
  "head_dim": 128,
  "hidden_act": "silu",
  "hidden_size": 3072,
  "initializer_range": 0.02,
  "intermediate_size": 8192,
  "max_position_embeddings": 131072,
  "mlp_bias": false,
  "model_type": "llama",
  "num_attention_heads": 24,
  "num_hidden_layers": 28,
  "num_key_value_heads": 8,
  "pretraining_tp": 1,
  "rms_norm_eps": 1e-05,
  "rope_scaling": {
    "factor": 32.0,
    "high_freq_factor": 4.0,
    "low_freq_factor": 1.0,
    "original_max_position_embeddings": 8192,
    "rope_type": "llama3"
  },
  "rope_theta": 500000.0,
  "tie_word_embeddings": true,
  "transformers_version": "4.57.3",
  "use_cache": true,
  "vocab_size": 128256
}

Generate config GenerationConfig {
  "bos_token_id": 128000,
  "eos_token_id": [
    128001,
    128008,
    128009
  ]
}

Model config LlamaConfig {
  "architectures": [
    "LlamaForCausalLM"
  ],
  "attention_bias": false,
  "attention_dropout": 0.0,
  "bos_token_id": 128000,
  "dtype": "bfloat16",
  "eos_token_id": [
    128001,
    128008,
    128009
  ],
  "head_dim": 128,
  "hidden_act": "silu",
  "hidden_size": 3072,
  "initializer_range": 0.02,
  "intermediate_size": 8192,
  "max_position_embeddings": 131072,
  "mlp_bias": false,
  "model_type": "llama",
  "num_attention_heads": 24,
  "num_hidden_layers": 28,
  "num_key_value_heads": 8,
  "pretraining_tp": 1,
  "rms_norm_eps": 1e-05,
  "rope_scaling": {
    "factor": 32.0,
    "high_freq_factor": 4.0,
    "low_freq_factor": 1.0,
    "original_max_position_embeddings": 8192,
    "rope_type": "llama3"
  },
  "rope_theta": 500000.0,
  "tie_word_embeddings": true,
  "transformers_version": "4.57.3",
  "use_cache": true,
  "vocab_size": 128256
}

loading configuration file config.json from cache at /home/ubuntu/.cache/huggingface/transformers/models--meta-llama--Llama-3.2-3B-Instruct/snapshots/0cb88a4f764b7a12671c53f0838cd831a0843b95/config.json
loading weights file model.safetensors from cache at /home/ubuntu/.cache/huggingface/transformers/models--meta-llama--Llama-3.2-3B-Instruct/snapshots/0cb88a4f764b7a12671c53f0838cd831a0843b95/model.safetensors.index.json
Model config LlamaConfig {
  "architectures": [
    "LlamaForCausalLM"
  ],
  "attention_bias": false,
  "attention_dropout": 0.0,
  "bos_token_id": 128000,
  "dtype": "bfloat16",
  "eos_token_id": [
    128001,
    128008,
    128009
  ],
  "head_dim": 128,
  "hidden_act": "silu",
  "hidden_size": 3072,
  "initializer_range": 0.02,
  "intermediate_size": 8192,
  "max_position_embeddings": 131072,
  "mlp_bias": false,
  "model_type": "llama",
  "num_attention_heads": 24,
  "num_hidden_layers": 28,
  "num_key_value_heads": 8,
  "pretraining_tp": 1,
  "rms_norm_eps": 1e-05,
  "rope_scaling": {
    "factor": 32.0,
    "high_freq_factor": 4.0,
    "low_freq_factor": 1.0,
    "original_max_position_embeddings": 8192,
    "rope_type": "llama3"
  },
  "rope_theta": 500000.0,
  "tie_word_embeddings": true,
  "transformers_version": "4.57.3",
  "use_cache": true,
  "vocab_size": 128256
}

loading weights file model.safetensors from cache at /home/ubuntu/.cache/huggingface/transformers/models--meta-llama--Llama-3.2-3B-Instruct/snapshots/0cb88a4f764b7a12671c53f0838cd831a0843b95/model.safetensors.index.json
loading weights file model.safetensors from cache at /home/ubuntu/.cache/huggingface/transformers/models--meta-llama--Llama-3.2-3B-Instruct/snapshots/0cb88a4f764b7a12671c53f0838cd831a0843b95/model.safetensors.index.json
Generate config GenerationConfig {
  "bos_token_id": 128000,
  "eos_token_id": [
    128001,
    128008,
    128009
  ]
}

Generate config GenerationConfig {
  "bos_token_id": 128000,
  "eos_token_id": [
    128001,
    128008,
    128009
  ]
}

Generate config GenerationConfig {
  "bos_token_id": 128000,
  "eos_token_id": [
    128001,
    128008,
    128009
  ]
}

loading weights file model.safetensors from cache at /home/ubuntu/.cache/huggingface/transformers/models--meta-llama--Llama-3.2-3B-Instruct/snapshots/0cb88a4f764b7a12671c53f0838cd831a0843b95/model.safetensors.index.json
loading configuration file config.json from cache at /home/ubuntu/.cache/huggingface/transformers/models--meta-llama--Llama-3.2-3B-Instruct/snapshots/0cb88a4f764b7a12671c53f0838cd831a0843b95/config.json
Generate config GenerationConfig {
  "bos_token_id": 128000,
  "eos_token_id": [
    128001,
    128008,
    128009
  ]
}

Model config LlamaConfig {
  "architectures": [
    "LlamaForCausalLM"
  ],
  "attention_bias": false,
  "attention_dropout": 0.0,
  "bos_token_id": 128000,
  "dtype": "bfloat16",
  "eos_token_id": [
    128001,
    128008,
    128009
  ],
  "head_dim": 128,
  "hidden_act": "silu",
  "hidden_size": 3072,
  "initializer_range": 0.02,
  "intermediate_size": 8192,
  "max_position_embeddings": 131072,
  "mlp_bias": false,
  "model_type": "llama",
  "num_attention_heads": 24,
  "num_hidden_layers": 28,
  "num_key_value_heads": 8,
  "pretraining_tp": 1,
  "rms_norm_eps": 1e-05,
  "rope_scaling": {
    "factor": 32.0,
    "high_freq_factor": 4.0,
    "low_freq_factor": 1.0,
    "original_max_position_embeddings": 8192,
    "rope_type": "llama3"
  },
  "rope_theta": 500000.0,
  "tie_word_embeddings": true,
  "transformers_version": "4.57.3",
  "use_cache": true,
  "vocab_size": 128256
}

loading weights file model.safetensors from cache at /home/ubuntu/.cache/huggingface/transformers/models--meta-llama--Llama-3.2-3B-Instruct/snapshots/0cb88a4f764b7a12671c53f0838cd831a0843b95/model.safetensors.index.json
Generate config GenerationConfig {
  "bos_token_id": 128000,
  "eos_token_id": [
    128001,
    128008,
    128009
  ]
}

loading configuration file config.json from cache at /home/ubuntu/.cache/huggingface/transformers/models--meta-llama--Llama-3.2-3B-Instruct/snapshots/0cb88a4f764b7a12671c53f0838cd831a0843b95/config.json
loading configuration file config.json from cache at /home/ubuntu/.cache/huggingface/transformers/models--meta-llama--Llama-3.2-3B-Instruct/snapshots/0cb88a4f764b7a12671c53f0838cd831a0843b95/config.json
Model config LlamaConfig {
  "architectures": [
    "LlamaForCausalLM"
  ],
  "attention_bias": false,
  "attention_dropout": 0.0,
  "bos_token_id": 128000,
  "dtype": "bfloat16",
  "eos_token_id": [
    128001,
    128008,
    128009
  ],
  "head_dim": 128,
  "hidden_act": "silu",
  "hidden_size": 3072,
  "initializer_range": 0.02,
  "intermediate_size": 8192,
  "max_position_embeddings": 131072,
  "mlp_bias": false,
  "model_type": "llama",
  "num_attention_heads": 24,
  "num_hidden_layers": 28,
  "num_key_value_heads": 8,
  "pretraining_tp": 1,
  "rms_norm_eps": 1e-05,
  "rope_scaling": {
    "factor": 32.0,
    "high_freq_factor": 4.0,
    "low_freq_factor": 1.0,
    "original_max_position_embeddings": 8192,
    "rope_type": "llama3"
  },
  "rope_theta": 500000.0,
  "tie_word_embeddings": true,
  "transformers_version": "4.57.3",
  "use_cache": true,
  "vocab_size": 128256
}

Loading checkpoint shards:   0%|          | 0/2 [00:00<?, ?it/s]Loading checkpoint shards: 100%|██████████| 2/2 [00:00<00:00, 1760.09it/s]
Model config LlamaConfig {
  "architectures": [
    "LlamaForCausalLM"
  ],
  "attention_bias": false,
  "attention_dropout": 0.0,
  "bos_token_id": 128000,
  "dtype": "bfloat16",
  "eos_token_id": [
    128001,
    128008,
    128009
  ],
  "head_dim": 128,
  "hidden_act": "silu",
  "hidden_size": 3072,
  "initializer_range": 0.02,
  "intermediate_size": 8192,
  "max_position_embeddings": 131072,
  "mlp_bias": false,
  "model_type": "llama",
  "num_attention_heads": 24,
  "num_hidden_layers": 28,
  "num_key_value_heads": 8,
  "pretraining_tp": 1,
  "rms_norm_eps": 1e-05,
  "rope_scaling": {
    "factor": 32.0,
    "high_freq_factor": 4.0,
    "low_freq_factor": 1.0,
    "original_max_position_embeddings": 8192,
    "rope_type": "llama3"
  },
  "rope_theta": 500000.0,
  "tie_word_embeddings": true,
  "transformers_version": "4.57.3",
  "use_cache": true,
  "vocab_size": 128256
}

loading weights file model.safetensors from cache at /home/ubuntu/.cache/huggingface/transformers/models--meta-llama--Llama-3.2-3B-Instruct/snapshots/0cb88a4f764b7a12671c53f0838cd831a0843b95/model.safetensors.index.json
Loading checkpoint shards:   0%|          | 0/2 [00:00<?, ?it/s]Loading checkpoint shards: 100%|██████████| 2/2 [00:00<00:00, 1814.93it/s]
Generate config GenerationConfig {
  "bos_token_id": 128000,
  "eos_token_id": [
    128001,
    128008,
    128009
  ]
}

loading weights file model.safetensors from cache at /home/ubuntu/.cache/huggingface/transformers/models--meta-llama--Llama-3.2-3B-Instruct/snapshots/0cb88a4f764b7a12671c53f0838cd831a0843b95/model.safetensors.index.json
Generate config GenerationConfig {
  "bos_token_id": 128000,
  "eos_token_id": [
    128001,
    128008,
    128009
  ]
}

Loading checkpoint shards:   0%|          | 0/2 [00:00<?, ?it/s]Loading checkpoint shards:   0%|          | 0/2 [00:00<?, ?it/s]Loading checkpoint shards: 100%|██████████| 2/2 [00:00<00:00, 1173.40it/s]
Loading checkpoint shards: 100%|██████████| 2/2 [00:00<00:00, 1188.69it/s]
Loading checkpoint shards:   0%|          | 0/2 [00:00<?, ?it/s]Loading checkpoint shards: 100%|██████████| 2/2 [00:00<00:00, 1358.04it/s]
Loading checkpoint shards:   0%|          | 0/2 [00:00<?, ?it/s]Loading checkpoint shards: 100%|██████████| 2/2 [00:00<00:00, 1816.11it/s]
loading configuration file generation_config.json from cache at /home/ubuntu/.cache/huggingface/transformers/models--meta-llama--Llama-3.2-3B-Instruct/snapshots/0cb88a4f764b7a12671c53f0838cd831a0843b95/generation_config.json
Generate config GenerationConfig {
  "bos_token_id": 128000,
  "do_sample": true,
  "eos_token_id": [
    128001,
    128008,
    128009
  ],
  "temperature": 0.6,
  "top_p": 0.9
}

Loading checkpoint shards:   0%|          | 0/2 [00:00<?, ?it/s]loading configuration file generation_config.json from cache at /home/ubuntu/.cache/huggingface/transformers/models--meta-llama--Llama-3.2-3B-Instruct/snapshots/0cb88a4f764b7a12671c53f0838cd831a0843b95/generation_config.json
Generate config GenerationConfig {
  "bos_token_id": 128000,
  "do_sample": true,
  "eos_token_id": [
    128001,
    128008,
    128009
  ],
  "temperature": 0.6,
  "top_p": 0.9
}

loading configuration file generation_config.json from cache at /home/ubuntu/.cache/huggingface/transformers/models--meta-llama--Llama-3.2-3B-Instruct/snapshots/0cb88a4f764b7a12671c53f0838cd831a0843b95/generation_config.json
Generate config GenerationConfig {
  "bos_token_id": 128000,
  "do_sample": true,
  "eos_token_id": [
    128001,
    128008,
    128009
  ],
  "temperature": 0.6,
  "top_p": 0.9
}

loading configuration file generation_config.json from cache at /home/ubuntu/.cache/huggingface/transformers/models--meta-llama--Llama-3.2-3B-Instruct/snapshots/0cb88a4f764b7a12671c53f0838cd831a0843b95/generation_config.json
Generate config GenerationConfig {
  "bos_token_id": 128000,
  "do_sample": true,
  "eos_token_id": [
    128001,
    128008,
    128009
  ],
  "temperature": 0.6,
  "top_p": 0.9
}

loading configuration file generation_config.json from cache at /home/ubuntu/.cache/huggingface/transformers/models--meta-llama--Llama-3.2-3B-Instruct/snapshots/0cb88a4f764b7a12671c53f0838cd831a0843b95/generation_config.json
Generate config GenerationConfig {
  "bos_token_id": 128000,
  "do_sample": true,
  "eos_token_id": [
    128001,
    128008,
    128009
  ],
  "temperature": 0.6,
  "top_p": 0.9
}

loading configuration file generation_config.json from cache at /home/ubuntu/.cache/huggingface/transformers/models--meta-llama--Llama-3.2-3B-Instruct/snapshots/0cb88a4f764b7a12671c53f0838cd831a0843b95/generation_config.json
Generate config GenerationConfig {
  "bos_token_id": 128000,
  "do_sample": true,
  "eos_token_id": [
    128001,
    128008,
    128009
  ],
  "temperature": 0.6,
  "top_p": 0.9
}

Loading checkpoint shards:   0%|          | 0/2 [00:00<?, ?it/s]Loading checkpoint shards: 100%|██████████| 2/2 [00:00<00:00, 652.30it/s]
Could not locate the custom_generate/generate.py inside meta-llama/Llama-3.2-3B-Instruct.
Could not locate the custom_generate/generate.py inside meta-llama/Llama-3.2-3B-Instruct.
Could not locate the custom_generate/generate.py inside meta-llama/Llama-3.2-3B-Instruct.
Could not locate the custom_generate/generate.py inside meta-llama/Llama-3.2-3B-Instruct.
Could not locate the custom_generate/generate.py inside meta-llama/Llama-3.2-3B-Instruct.
loading configuration file generation_config.json from cache at /home/ubuntu/.cache/huggingface/transformers/models--meta-llama--Llama-3.2-3B-Instruct/snapshots/0cb88a4f764b7a12671c53f0838cd831a0843b95/generation_config.json
Generate config GenerationConfig {
  "bos_token_id": 128000,
  "do_sample": true,
  "eos_token_id": [
    128001,
    128008,
    128009
  ],
  "temperature": 0.6,
  "top_p": 0.9
}

Could not locate the custom_generate/generate.py inside meta-llama/Llama-3.2-3B-Instruct.
Could not locate the custom_generate/generate.py inside meta-llama/Llama-3.2-3B-Instruct.
PyTorch: setting up devices
PyTorch: setting up devices
PyTorch: setting up devices
PyTorch: setting up devices
The default value for the training argument `--report_to` will change in v5 (from all installed integrations to none). In v5, you will need to use `--report_to all` to get the same behavior as now. You should start updating your code and make this info disappear :-).
The default value for the training argument `--report_to` will change in v5 (from all installed integrations to none). In v5, you will need to use `--report_to all` to get the same behavior as now. You should start updating your code and make this info disappear :-).
The default value for the training argument `--report_to` will change in v5 (from all installed integrations to none). In v5, you will need to use `--report_to all` to get the same behavior as now. You should start updating your code and make this info disappear :-).
The default value for the training argument `--report_to` will change in v5 (from all installed integrations to none). In v5, you will need to use `--report_to all` to get the same behavior as now. You should start updating your code and make this info disappear :-).
loading configuration file config.json from cache at /home/ubuntu/.cache/huggingface/transformers/models--meta-llama--Llama-3.2-3B-Instruct/snapshots/0cb88a4f764b7a12671c53f0838cd831a0843b95/config.json
Model config LlamaConfig {
  "architectures": [
    "LlamaForCausalLM"
  ],
  "attention_bias": false,
  "attention_dropout": 0.0,
  "bos_token_id": 128000,
  "dtype": "bfloat16",
  "eos_token_id": [
    128001,
    128008,
    128009
  ],
  "head_dim": 128,
  "hidden_act": "silu",
  "hidden_size": 3072,
  "initializer_range": 0.02,
  "intermediate_size": 8192,
  "max_position_embeddings": 131072,
  "mlp_bias": false,
  "model_type": "llama",
  "num_attention_heads": 24,
  "num_hidden_layers": 28,
  "num_key_value_heads": 8,
  "pretraining_tp": 1,
  "rms_norm_eps": 1e-05,
  "rope_scaling": {
    "factor": 32.0,
    "high_freq_factor": 4.0,
    "low_freq_factor": 1.0,
    "original_max_position_embeddings": 8192,
    "rope_type": "llama3"
  },
  "rope_theta": 500000.0,
  "tie_word_embeddings": true,
  "transformers_version": "4.57.3",
  "use_cache": true,
  "vocab_size": 128256
}

loading configuration file config.json from cache at /home/ubuntu/.cache/huggingface/transformers/models--meta-llama--Llama-3.2-3B-Instruct/snapshots/0cb88a4f764b7a12671c53f0838cd831a0843b95/config.json
Model config LlamaConfig {
  "architectures": [
    "LlamaForCausalLM"
  ],
  "attention_bias": false,
  "attention_dropout": 0.0,
  "bos_token_id": 128000,
  "dtype": "bfloat16",
  "eos_token_id": [
    128001,
    128008,
    128009
  ],
  "head_dim": 128,
  "hidden_act": "silu",
  "hidden_size": 3072,
  "initializer_range": 0.02,
  "intermediate_size": 8192,
  "max_position_embeddings": 131072,
  "mlp_bias": false,
  "model_type": "llama",
  "num_attention_heads": 24,
  "num_hidden_layers": 28,
  "num_key_value_heads": 8,
  "pretraining_tp": 1,
  "rms_norm_eps": 1e-05,
  "rope_scaling": {
    "factor": 32.0,
    "high_freq_factor": 4.0,
    "low_freq_factor": 1.0,
    "original_max_position_embeddings": 8192,
    "rope_type": "llama3"
  },
  "rope_theta": 500000.0,
  "tie_word_embeddings": true,
  "transformers_version": "4.57.3",
  "use_cache": true,
  "vocab_size": 128256
}

loading file tokenizer.json from cache at /home/ubuntu/.cache/huggingface/transformers/models--meta-llama--Llama-3.2-3B-Instruct/snapshots/0cb88a4f764b7a12671c53f0838cd831a0843b95/tokenizer.json
loading file tokenizer.model from cache at None
loading file added_tokens.json from cache at None
loading file special_tokens_map.json from cache at /home/ubuntu/.cache/huggingface/transformers/models--meta-llama--Llama-3.2-3B-Instruct/snapshots/0cb88a4f764b7a12671c53f0838cd831a0843b95/special_tokens_map.json
loading file tokenizer_config.json from cache at /home/ubuntu/.cache/huggingface/transformers/models--meta-llama--Llama-3.2-3B-Instruct/snapshots/0cb88a4f764b7a12671c53f0838cd831a0843b95/tokenizer_config.json
loading file chat_template.jinja from cache at None
loading file tokenizer.json from cache at /home/ubuntu/.cache/huggingface/transformers/models--meta-llama--Llama-3.2-3B-Instruct/snapshots/0cb88a4f764b7a12671c53f0838cd831a0843b95/tokenizer.json
loading file tokenizer.model from cache at None
loading file added_tokens.json from cache at None
loading file special_tokens_map.json from cache at /home/ubuntu/.cache/huggingface/transformers/models--meta-llama--Llama-3.2-3B-Instruct/snapshots/0cb88a4f764b7a12671c53f0838cd831a0843b95/special_tokens_map.json
loading file tokenizer_config.json from cache at /home/ubuntu/.cache/huggingface/transformers/models--meta-llama--Llama-3.2-3B-Instruct/snapshots/0cb88a4f764b7a12671c53f0838cd831a0843b95/tokenizer_config.json
loading file chat_template.jinja from cache at None
Special tokens have been added in the vocabulary, make sure the associated word embeddings are fine-tuned or trained.
Special tokens have been added in the vocabulary, make sure the associated word embeddings are fine-tuned or trained.
PyTorch: setting up devices
The default value for the training argument `--report_to` will change in v5 (from all installed integrations to none). In v5, you will need to use `--report_to all` to get the same behavior as now. You should start updating your code and make this info disappear :-).
PyTorch: setting up devices
loading file tokenizer.json from cache at /home/ubuntu/.cache/huggingface/transformers/models--meta-llama--Llama-3.2-3B-Instruct/snapshots/0cb88a4f764b7a12671c53f0838cd831a0843b95/tokenizer.json
loading file tokenizer.model from cache at None
loading file added_tokens.json from cache at None
loading file special_tokens_map.json from cache at /home/ubuntu/.cache/huggingface/transformers/models--meta-llama--Llama-3.2-3B-Instruct/snapshots/0cb88a4f764b7a12671c53f0838cd831a0843b95/special_tokens_map.json
loading file tokenizer_config.json from cache at /home/ubuntu/.cache/huggingface/transformers/models--meta-llama--Llama-3.2-3B-Instruct/snapshots/0cb88a4f764b7a12671c53f0838cd831a0843b95/tokenizer_config.json
loading file chat_template.jinja from cache at None
The default value for the training argument `--report_to` will change in v5 (from all installed integrations to none). In v5, you will need to use `--report_to all` to get the same behavior as now. You should start updating your code and make this info disappear :-).
loading file tokenizer.json from cache at /home/ubuntu/.cache/huggingface/transformers/models--meta-llama--Llama-3.2-3B-Instruct/snapshots/0cb88a4f764b7a12671c53f0838cd831a0843b95/tokenizer.json
loading file tokenizer.model from cache at None
loading file added_tokens.json from cache at None
loading file special_tokens_map.json from cache at /home/ubuntu/.cache/huggingface/transformers/models--meta-llama--Llama-3.2-3B-Instruct/snapshots/0cb88a4f764b7a12671c53f0838cd831a0843b95/special_tokens_map.json
loading file tokenizer_config.json from cache at /home/ubuntu/.cache/huggingface/transformers/models--meta-llama--Llama-3.2-3B-Instruct/snapshots/0cb88a4f764b7a12671c53f0838cd831a0843b95/tokenizer_config.json
loading file chat_template.jinja from cache at None
Special tokens have been added in the vocabulary, make sure the associated word embeddings are fine-tuned or trained.
loading configuration file config.json from cache at /home/ubuntu/.cache/huggingface/transformers/models--meta-llama--Llama-3.2-3B-Instruct/snapshots/0cb88a4f764b7a12671c53f0838cd831a0843b95/config.json
Model config LlamaConfig {
  "architectures": [
    "LlamaForCausalLM"
  ],
  "attention_bias": false,
  "attention_dropout": 0.0,
  "bos_token_id": 128000,
  "dtype": "bfloat16",
  "eos_token_id": [
    128001,
    128008,
    128009
  ],
  "head_dim": 128,
  "hidden_act": "silu",
  "hidden_size": 3072,
  "initializer_range": 0.02,
  "intermediate_size": 8192,
  "max_position_embeddings": 131072,
  "mlp_bias": false,
  "model_type": "llama",
  "num_attention_heads": 24,
  "num_hidden_layers": 28,
  "num_key_value_heads": 8,
  "pretraining_tp": 1,
  "rms_norm_eps": 1e-05,
  "rope_scaling": {
    "factor": 32.0,
    "high_freq_factor": 4.0,
    "low_freq_factor": 1.0,
    "original_max_position_embeddings": 8192,
    "rope_type": "llama3"
  },
  "rope_theta": 500000.0,
  "tie_word_embeddings": true,
  "transformers_version": "4.57.3",
  "use_cache": true,
  "vocab_size": 128256
}

loading configuration file config.json from cache at /home/ubuntu/.cache/huggingface/transformers/models--meta-llama--Llama-3.2-3B-Instruct/snapshots/0cb88a4f764b7a12671c53f0838cd831a0843b95/config.json
Model config LlamaConfig {
  "architectures": [
    "LlamaForCausalLM"
  ],
  "attention_bias": false,
  "attention_dropout": 0.0,
  "bos_token_id": 128000,
  "dtype": "bfloat16",
  "eos_token_id": [
    128001,
    128008,
    128009
  ],
  "head_dim": 128,
  "hidden_act": "silu",
  "hidden_size": 3072,
  "initializer_range": 0.02,
  "intermediate_size": 8192,
  "max_position_embeddings": 131072,
  "mlp_bias": false,
  "model_type": "llama",
  "num_attention_heads": 24,
  "num_hidden_layers": 28,
  "num_key_value_heads": 8,
  "pretraining_tp": 1,
  "rms_norm_eps": 1e-05,
  "rope_scaling": {
    "factor": 32.0,
    "high_freq_factor": 4.0,
    "low_freq_factor": 1.0,
    "original_max_position_embeddings": 8192,
    "rope_type": "llama3"
  },
  "rope_theta": 500000.0,
  "tie_word_embeddings": true,
  "transformers_version": "4.57.3",
  "use_cache": true,
  "vocab_size": 128256
}

PyTorch: setting up devices
Special tokens have been added in the vocabulary, make sure the associated word embeddings are fine-tuned or trained.
loading configuration file config.json from cache at /home/ubuntu/.cache/huggingface/transformers/models--meta-llama--Llama-3.2-3B-Instruct/snapshots/0cb88a4f764b7a12671c53f0838cd831a0843b95/config.json
Model config LlamaConfig {
  "architectures": [
    "LlamaForCausalLM"
  ],
  "attention_bias": false,
  "attention_dropout": 0.0,
  "bos_token_id": 128000,
  "dtype": "bfloat16",
  "eos_token_id": [
    128001,
    128008,
    128009
  ],
  "head_dim": 128,
  "hidden_act": "silu",
  "hidden_size": 3072,
  "initializer_range": 0.02,
  "intermediate_size": 8192,
  "max_position_embeddings": 131072,
  "mlp_bias": false,
  "model_type": "llama",
  "num_attention_heads": 24,
  "num_hidden_layers": 28,
  "num_key_value_heads": 8,
  "pretraining_tp": 1,
  "rms_norm_eps": 1e-05,
  "rope_scaling": {
    "factor": 32.0,
    "high_freq_factor": 4.0,
    "low_freq_factor": 1.0,
    "original_max_position_embeddings": 8192,
    "rope_type": "llama3"
  },
  "rope_theta": 500000.0,
  "tie_word_embeddings": true,
  "transformers_version": "4.57.3",
  "use_cache": true,
  "vocab_size": 128256
}

loading file tokenizer.json from cache at /home/ubuntu/.cache/huggingface/transformers/models--meta-llama--Llama-3.2-3B-Instruct/snapshots/0cb88a4f764b7a12671c53f0838cd831a0843b95/tokenizer.json
loading file tokenizer.model from cache at None
loading file added_tokens.json from cache at None
loading file special_tokens_map.json from cache at /home/ubuntu/.cache/huggingface/transformers/models--meta-llama--Llama-3.2-3B-Instruct/snapshots/0cb88a4f764b7a12671c53f0838cd831a0843b95/special_tokens_map.json
loading file tokenizer_config.json from cache at /home/ubuntu/.cache/huggingface/transformers/models--meta-llama--Llama-3.2-3B-Instruct/snapshots/0cb88a4f764b7a12671c53f0838cd831a0843b95/tokenizer_config.json
loading file chat_template.jinja from cache at None
The default value for the training argument `--report_to` will change in v5 (from all installed integrations to none). In v5, you will need to use `--report_to all` to get the same behavior as now. You should start updating your code and make this info disappear :-).
loading file tokenizer.json from cache at /home/ubuntu/.cache/huggingface/transformers/models--meta-llama--Llama-3.2-3B-Instruct/snapshots/0cb88a4f764b7a12671c53f0838cd831a0843b95/tokenizer.json
loading file tokenizer.model from cache at None
loading file added_tokens.json from cache at None
loading file special_tokens_map.json from cache at /home/ubuntu/.cache/huggingface/transformers/models--meta-llama--Llama-3.2-3B-Instruct/snapshots/0cb88a4f764b7a12671c53f0838cd831a0843b95/special_tokens_map.json
loading file tokenizer_config.json from cache at /home/ubuntu/.cache/huggingface/transformers/models--meta-llama--Llama-3.2-3B-Instruct/snapshots/0cb88a4f764b7a12671c53f0838cd831a0843b95/tokenizer_config.json
loading file chat_template.jinja from cache at None
loading file tokenizer.json from cache at /home/ubuntu/.cache/huggingface/transformers/models--meta-llama--Llama-3.2-3B-Instruct/snapshots/0cb88a4f764b7a12671c53f0838cd831a0843b95/tokenizer.json
loading file tokenizer.model from cache at None
loading file added_tokens.json from cache at None
loading file special_tokens_map.json from cache at /home/ubuntu/.cache/huggingface/transformers/models--meta-llama--Llama-3.2-3B-Instruct/snapshots/0cb88a4f764b7a12671c53f0838cd831a0843b95/special_tokens_map.json
loading file tokenizer_config.json from cache at /home/ubuntu/.cache/huggingface/transformers/models--meta-llama--Llama-3.2-3B-Instruct/snapshots/0cb88a4f764b7a12671c53f0838cd831a0843b95/tokenizer_config.json
loading file chat_template.jinja from cache at None
Special tokens have been added in the vocabulary, make sure the associated word embeddings are fine-tuned or trained.
loading configuration file config.json from cache at /home/ubuntu/.cache/huggingface/transformers/models--meta-llama--Llama-3.2-3B-Instruct/snapshots/0cb88a4f764b7a12671c53f0838cd831a0843b95/config.json
Model config LlamaConfig {
  "architectures": [
    "LlamaForCausalLM"
  ],
  "attention_bias": false,
  "attention_dropout": 0.0,
  "bos_token_id": 128000,
  "dtype": "bfloat16",
  "eos_token_id": [
    128001,
    128008,
    128009
  ],
  "head_dim": 128,
  "hidden_act": "silu",
  "hidden_size": 3072,
  "initializer_range": 0.02,
  "intermediate_size": 8192,
  "max_position_embeddings": 131072,
  "mlp_bias": false,
  "model_type": "llama",
  "num_attention_heads": 24,
  "num_hidden_layers": 28,
  "num_key_value_heads": 8,
  "pretraining_tp": 1,
  "rms_norm_eps": 1e-05,
  "rope_scaling": {
    "factor": 32.0,
    "high_freq_factor": 4.0,
    "low_freq_factor": 1.0,
    "original_max_position_embeddings": 8192,
    "rope_type": "llama3"
  },
  "rope_theta": 500000.0,
  "tie_word_embeddings": true,
  "transformers_version": "4.57.3",
  "use_cache": true,
  "vocab_size": 128256
}

Special tokens have been added in the vocabulary, make sure the associated word embeddings are fine-tuned or trained.
Special tokens have been added in the vocabulary, make sure the associated word embeddings are fine-tuned or trained.
loading configuration file config.json from cache at /home/ubuntu/.cache/huggingface/transformers/models--meta-llama--Llama-3.2-3B-Instruct/snapshots/0cb88a4f764b7a12671c53f0838cd831a0843b95/config.json
Model config LlamaConfig {
  "architectures": [
    "LlamaForCausalLM"
  ],
  "attention_bias": false,
  "attention_dropout": 0.0,
  "bos_token_id": 128000,
  "dtype": "bfloat16",
  "eos_token_id": [
    128001,
    128008,
    128009
  ],
  "head_dim": 128,
  "hidden_act": "silu",
  "hidden_size": 3072,
  "initializer_range": 0.02,
  "intermediate_size": 8192,
  "max_position_embeddings": 131072,
  "mlp_bias": false,
  "model_type": "llama",
  "num_attention_heads": 24,
  "num_hidden_layers": 28,
  "num_key_value_heads": 8,
  "pretraining_tp": 1,
  "rms_norm_eps": 1e-05,
  "rope_scaling": {
    "factor": 32.0,
    "high_freq_factor": 4.0,
    "low_freq_factor": 1.0,
    "original_max_position_embeddings": 8192,
    "rope_type": "llama3"
  },
  "rope_theta": 500000.0,
  "tie_word_embeddings": true,
  "transformers_version": "4.57.3",
  "use_cache": true,
  "vocab_size": 128256
}

loading file tokenizer.json from cache at /home/ubuntu/.cache/huggingface/transformers/models--meta-llama--Llama-3.2-3B-Instruct/snapshots/0cb88a4f764b7a12671c53f0838cd831a0843b95/tokenizer.json
loading file tokenizer.model from cache at None
loading file added_tokens.json from cache at None
loading file special_tokens_map.json from cache at /home/ubuntu/.cache/huggingface/transformers/models--meta-llama--Llama-3.2-3B-Instruct/snapshots/0cb88a4f764b7a12671c53f0838cd831a0843b95/special_tokens_map.json
loading file tokenizer_config.json from cache at /home/ubuntu/.cache/huggingface/transformers/models--meta-llama--Llama-3.2-3B-Instruct/snapshots/0cb88a4f764b7a12671c53f0838cd831a0843b95/tokenizer_config.json
loading file chat_template.jinja from cache at None
loading file tokenizer.json from cache at /home/ubuntu/.cache/huggingface/transformers/models--meta-llama--Llama-3.2-3B-Instruct/snapshots/0cb88a4f764b7a12671c53f0838cd831a0843b95/tokenizer.json
loading file tokenizer.model from cache at None
loading file added_tokens.json from cache at None
loading file special_tokens_map.json from cache at /home/ubuntu/.cache/huggingface/transformers/models--meta-llama--Llama-3.2-3B-Instruct/snapshots/0cb88a4f764b7a12671c53f0838cd831a0843b95/special_tokens_map.json
loading file tokenizer_config.json from cache at /home/ubuntu/.cache/huggingface/transformers/models--meta-llama--Llama-3.2-3B-Instruct/snapshots/0cb88a4f764b7a12671c53f0838cd831a0843b95/tokenizer_config.json
loading file chat_template.jinja from cache at None
loading file tokenizer.json from cache at /home/ubuntu/.cache/huggingface/transformers/models--meta-llama--Llama-3.2-3B-Instruct/snapshots/0cb88a4f764b7a12671c53f0838cd831a0843b95/tokenizer.json
loading file tokenizer.model from cache at None
loading file added_tokens.json from cache at None
loading file special_tokens_map.json from cache at /home/ubuntu/.cache/huggingface/transformers/models--meta-llama--Llama-3.2-3B-Instruct/snapshots/0cb88a4f764b7a12671c53f0838cd831a0843b95/special_tokens_map.json
loading file tokenizer_config.json from cache at /home/ubuntu/.cache/huggingface/transformers/models--meta-llama--Llama-3.2-3B-Instruct/snapshots/0cb88a4f764b7a12671c53f0838cd831a0843b95/tokenizer_config.json
loading file chat_template.jinja from cache at None
loading file tokenizer.json from cache at /home/ubuntu/.cache/huggingface/transformers/models--meta-llama--Llama-3.2-3B-Instruct/snapshots/0cb88a4f764b7a12671c53f0838cd831a0843b95/tokenizer.json
loading file tokenizer.model from cache at None
loading file added_tokens.json from cache at None
loading file special_tokens_map.json from cache at /home/ubuntu/.cache/huggingface/transformers/models--meta-llama--Llama-3.2-3B-Instruct/snapshots/0cb88a4f764b7a12671c53f0838cd831a0843b95/special_tokens_map.json
loading file tokenizer_config.json from cache at /home/ubuntu/.cache/huggingface/transformers/models--meta-llama--Llama-3.2-3B-Instruct/snapshots/0cb88a4f764b7a12671c53f0838cd831a0843b95/tokenizer_config.json
loading file chat_template.jinja from cache at None
loading file tokenizer.json from cache at /home/ubuntu/.cache/huggingface/transformers/models--meta-llama--Llama-3.2-3B-Instruct/snapshots/0cb88a4f764b7a12671c53f0838cd831a0843b95/tokenizer.json
loading file tokenizer.model from cache at None
loading file added_tokens.json from cache at None
loading file special_tokens_map.json from cache at /home/ubuntu/.cache/huggingface/transformers/models--meta-llama--Llama-3.2-3B-Instruct/snapshots/0cb88a4f764b7a12671c53f0838cd831a0843b95/special_tokens_map.json
loading file tokenizer_config.json from cache at /home/ubuntu/.cache/huggingface/transformers/models--meta-llama--Llama-3.2-3B-Instruct/snapshots/0cb88a4f764b7a12671c53f0838cd831a0843b95/tokenizer_config.json
loading file chat_template.jinja from cache at None
Special tokens have been added in the vocabulary, make sure the associated word embeddings are fine-tuned or trained.
Special tokens have been added in the vocabulary, make sure the associated word embeddings are fine-tuned or trained.
Special tokens have been added in the vocabulary, make sure the associated word embeddings are fine-tuned or trained.
Special tokens have been added in the vocabulary, make sure the associated word embeddings are fine-tuned or trained.
loading file tokenizer.json from cache at /home/ubuntu/.cache/huggingface/transformers/models--meta-llama--Llama-3.2-3B-Instruct/snapshots/0cb88a4f764b7a12671c53f0838cd831a0843b95/tokenizer.json
loading file tokenizer.model from cache at None
loading file added_tokens.json from cache at None
loading file special_tokens_map.json from cache at /home/ubuntu/.cache/huggingface/transformers/models--meta-llama--Llama-3.2-3B-Instruct/snapshots/0cb88a4f764b7a12671c53f0838cd831a0843b95/special_tokens_map.json
loading file tokenizer_config.json from cache at /home/ubuntu/.cache/huggingface/transformers/models--meta-llama--Llama-3.2-3B-Instruct/snapshots/0cb88a4f764b7a12671c53f0838cd831a0843b95/tokenizer_config.json
loading file chat_template.jinja from cache at None
Special tokens have been added in the vocabulary, make sure the associated word embeddings are fine-tuned or trained.
Special tokens have been added in the vocabulary, make sure the associated word embeddings are fine-tuned or trained.
loading file tokenizer.json from cache at /home/ubuntu/.cache/huggingface/transformers/models--meta-llama--Llama-3.2-3B-Instruct/snapshots/0cb88a4f764b7a12671c53f0838cd831a0843b95/tokenizer.json
loading file tokenizer.model from cache at None
loading file added_tokens.json from cache at None
loading file special_tokens_map.json from cache at /home/ubuntu/.cache/huggingface/transformers/models--meta-llama--Llama-3.2-3B-Instruct/snapshots/0cb88a4f764b7a12671c53f0838cd831a0843b95/special_tokens_map.json
loading file tokenizer_config.json from cache at /home/ubuntu/.cache/huggingface/transformers/models--meta-llama--Llama-3.2-3B-Instruct/snapshots/0cb88a4f764b7a12671c53f0838cd831a0843b95/tokenizer_config.json
loading file chat_template.jinja from cache at None
Special tokens have been added in the vocabulary, make sure the associated word embeddings are fine-tuned or trained.
Loading checkpoint shards:  50%|█████     | 1/2 [00:05<00:05,  5.07s/it]Loading checkpoint shards: 100%|██████████| 2/2 [00:06<00:00,  2.96s/it]Loading checkpoint shards: 100%|██████████| 2/2 [00:06<00:00,  3.28s/it]
loading configuration file generation_config.json from cache at /home/ubuntu/.cache/huggingface/transformers/models--meta-llama--Llama-3.2-3B-Instruct/snapshots/0cb88a4f764b7a12671c53f0838cd831a0843b95/generation_config.json
Generate config GenerationConfig {
  "bos_token_id": 128000,
  "do_sample": true,
  "eos_token_id": [
    128001,
    128008,
    128009
  ],
  "temperature": 0.6,
  "top_p": 0.9
}

Could not locate the custom_generate/generate.py inside meta-llama/Llama-3.2-3B-Instruct.
length of dataset: 3200
{'messages': [{'content': 'Give three tips for staying healthy.', 'role': 'user'}, {'content': '1.Eat a balanced diet and make sure to include plenty of fruits and vegetables. \n2. Exercise regularly to keep your body active and strong. \n3. Get enough sleep and maintain a consistent sleep schedule.', 'role': 'assistant'}]}
phd_fsdp2_8_bs_4_3b_nvitop.log does not exist.

Time Start

2025-11-27 03:54:43.144663
PyTorch: setting up devices
The default value for the training argument `--report_to` will change in v5 (from all installed integrations to none). In v5, you will need to use `--report_to all` to get the same behavior as now. You should start updating your code and make this info disappear :-).
loading configuration file config.json from cache at /home/ubuntu/.cache/huggingface/transformers/models--meta-llama--Llama-3.2-3B-Instruct/snapshots/0cb88a4f764b7a12671c53f0838cd831a0843b95/config.json
Model config LlamaConfig {
  "architectures": [
    "LlamaForCausalLM"
  ],
  "attention_bias": false,
  "attention_dropout": 0.0,
  "bos_token_id": 128000,
  "dtype": "bfloat16",
  "eos_token_id": [
    128001,
    128008,
    128009
  ],
  "head_dim": 128,
  "hidden_act": "silu",
  "hidden_size": 3072,
  "initializer_range": 0.02,
  "intermediate_size": 8192,
  "max_position_embeddings": 131072,
  "mlp_bias": false,
  "model_type": "llama",
  "num_attention_heads": 24,
  "num_hidden_layers": 28,
  "num_key_value_heads": 8,
  "pretraining_tp": 1,
  "rms_norm_eps": 1e-05,
  "rope_scaling": {
    "factor": 32.0,
    "high_freq_factor": 4.0,
    "low_freq_factor": 1.0,
    "original_max_position_embeddings": 8192,
    "rope_type": "llama3"
  },
  "rope_theta": 500000.0,
  "tie_word_embeddings": true,
  "transformers_version": "4.57.3",
  "use_cache": true,
  "vocab_size": 128256
}

loading file tokenizer.json from cache at /home/ubuntu/.cache/huggingface/transformers/models--meta-llama--Llama-3.2-3B-Instruct/snapshots/0cb88a4f764b7a12671c53f0838cd831a0843b95/tokenizer.json
loading file tokenizer.model from cache at None
loading file added_tokens.json from cache at None
loading file special_tokens_map.json from cache at /home/ubuntu/.cache/huggingface/transformers/models--meta-llama--Llama-3.2-3B-Instruct/snapshots/0cb88a4f764b7a12671c53f0838cd831a0843b95/special_tokens_map.json
loading file tokenizer_config.json from cache at /home/ubuntu/.cache/huggingface/transformers/models--meta-llama--Llama-3.2-3B-Instruct/snapshots/0cb88a4f764b7a12671c53f0838cd831a0843b95/tokenizer_config.json
loading file chat_template.jinja from cache at None
Special tokens have been added in the vocabulary, make sure the associated word embeddings are fine-tuned or trained.
loading file tokenizer.json from cache at /home/ubuntu/.cache/huggingface/transformers/models--meta-llama--Llama-3.2-3B-Instruct/snapshots/0cb88a4f764b7a12671c53f0838cd831a0843b95/tokenizer.json
loading file tokenizer.model from cache at None
loading file added_tokens.json from cache at None
loading file special_tokens_map.json from cache at /home/ubuntu/.cache/huggingface/transformers/models--meta-llama--Llama-3.2-3B-Instruct/snapshots/0cb88a4f764b7a12671c53f0838cd831a0843b95/special_tokens_map.json
loading file tokenizer_config.json from cache at /home/ubuntu/.cache/huggingface/transformers/models--meta-llama--Llama-3.2-3B-Instruct/snapshots/0cb88a4f764b7a12671c53f0838cd831a0843b95/tokenizer_config.json
loading file chat_template.jinja from cache at None
Special tokens have been added in the vocabulary, make sure the associated word embeddings are fine-tuned or trained.
furious-puma-1:122455:122455 [0] NCCL INFO cudaDriverVersion 13000
furious-puma-1:122458:122458 [3] NCCL INFO cudaDriverVersion 13000
furious-puma-1:122455:122455 [0] NCCL INFO NCCL version 2.27.7+cuda13.0
furious-puma-1:122458:122458 [3] NCCL INFO NCCL version 2.27.7+cuda13.0
furious-puma-1:122456:122456 [1] NCCL INFO cudaDriverVersion 13000
furious-puma-1:122457:122457 [2] NCCL INFO cudaDriverVersion 13000
furious-puma-1:122462:122462 [7] NCCL INFO cudaDriverVersion 13000
furious-puma-1:122456:122456 [1] NCCL INFO NCCL version 2.27.7+cuda13.0
furious-puma-1:122462:122462 [7] NCCL INFO NCCL version 2.27.7+cuda13.0
furious-puma-1:122457:122457 [2] NCCL INFO NCCL version 2.27.7+cuda13.0
furious-puma-1:122462:122886 [7] NCCL INFO NET/Plugin: Could not find: libnccl-net.so. 
furious-puma-1:122462:122886 [7] NCCL INFO NET/IB : Using [0]mlx5_0:1/IB [1]mlx5_1:1/IB [2]mlx5_2:1/IB [3]mlx5_3:1/IB [4]mlx5_4:1/IB [5]mlx5_5:1/IB [6]mlx5_6:1/IB [7]mlx5_7:1/IB [RO]; OOB enp4s0:10.234.129.102<0>
furious-puma-1:122462:122886 [7] NCCL INFO Initialized NET plugin IB
furious-puma-1:122462:122886 [7] NCCL INFO Assigned NET plugin IB to comm
furious-puma-1:122462:122886 [7] NCCL INFO Using network IB
furious-puma-1:122457:122887 [2] NCCL INFO NET/Plugin: Could not find: libnccl-net.so. 
furious-puma-1:122456:122885 [1] NCCL INFO NET/Plugin: Could not find: libnccl-net.so. 
furious-puma-1:122455:122883 [0] NCCL INFO NET/Plugin: Could not find: libnccl-net.so. 
furious-puma-1:122456:122885 [1] NCCL INFO NET/IB : Using [0]mlx5_0:1/IB [1]mlx5_1:1/IB [2]mlx5_2:1/IB [3]mlx5_3:1/IB [4]mlx5_4:1/IB [5]mlx5_5:1/IB [6]mlx5_6:1/IB [7]mlx5_7:1/IB [RO]; OOB enp4s0:10.234.129.102<0>
furious-puma-1:122456:122885 [1] NCCL INFO Initialized NET plugin IB
furious-puma-1:122457:122887 [2] NCCL INFO NET/IB : Using [0]mlx5_0:1/IB [1]mlx5_1:1/IB [2]mlx5_2:1/IB [3]mlx5_3:1/IB [4]mlx5_4:1/IB [5]mlx5_5:1/IB [6]mlx5_6:1/IB [7]mlx5_7:1/IB [RO]; OOB enp4s0:10.234.129.102<0>
furious-puma-1:122457:122887 [2] NCCL INFO Initialized NET plugin IB
furious-puma-1:122457:122887 [2] NCCL INFO Assigned NET plugin IB to comm
furious-puma-1:122457:122887 [2] NCCL INFO Using network IB
furious-puma-1:122456:122885 [1] NCCL INFO Assigned NET plugin IB to comm
furious-puma-1:122456:122885 [1] NCCL INFO Using network IB
furious-puma-1:122455:122883 [0] NCCL INFO NET/IB : Using [0]mlx5_0:1/IB [1]mlx5_1:1/IB [2]mlx5_2:1/IB [3]mlx5_3:1/IB [4]mlx5_4:1/IB [5]mlx5_5:1/IB [6]mlx5_6:1/IB [7]mlx5_7:1/IB [RO]; OOB enp4s0:10.234.129.102<0>
furious-puma-1:122455:122883 [0] NCCL INFO Initialized NET plugin IB
furious-puma-1:122455:122883 [0] NCCL INFO Assigned NET plugin IB to comm
furious-puma-1:122455:122883 [0] NCCL INFO Using network IB
furious-puma-1:122458:122884 [3] NCCL INFO NET/Plugin: Could not find: libnccl-net.so. 
furious-puma-1:122458:122884 [3] NCCL INFO NET/IB : Using [0]mlx5_0:1/IB [1]mlx5_1:1/IB [2]mlx5_2:1/IB [3]mlx5_3:1/IB [4]mlx5_4:1/IB [5]mlx5_5:1/IB [6]mlx5_6:1/IB [7]mlx5_7:1/IB [RO]; OOB enp4s0:10.234.129.102<0>
furious-puma-1:122458:122884 [3] NCCL INFO Initialized NET plugin IB
furious-puma-1:122458:122884 [3] NCCL INFO Assigned NET plugin IB to comm
furious-puma-1:122458:122884 [3] NCCL INFO Using network IB
furious-puma-1:122462:122886 [7] NCCL INFO DMA-BUF is available on GPU device 7
furious-puma-1:122462:122886 [7] NCCL INFO ncclCommInitRankConfig comm 0x6b344560 rank 7 nranks 8 cudaDev 7 nvmlDev 7 busId ef000 commId 0x55e107ca0583e9c9 - Init START
furious-puma-1:122456:122885 [1] NCCL INFO DMA-BUF is available on GPU device 1
furious-puma-1:122456:122885 [1] NCCL INFO ncclCommInitRankConfig comm 0x446b8f30 rank 1 nranks 8 cudaDev 1 nvmlDev 1 busId 8f000 commId 0x55e107ca0583e9c9 - Init START
furious-puma-1:122457:122887 [2] NCCL INFO DMA-BUF is available on GPU device 2
furious-puma-1:122455:122883 [0] NCCL INFO DMA-BUF is available on GPU device 0
furious-puma-1:122457:122887 [2] NCCL INFO ncclCommInitRankConfig comm 0x54fac5c0 rank 2 nranks 8 cudaDev 2 nvmlDev 2 busId 9f000 commId 0x55e107ca0583e9c9 - Init START
furious-puma-1:122455:122883 [0] NCCL INFO ncclCommInitRankConfig comm 0x4d7a5180 rank 0 nranks 8 cudaDev 0 nvmlDev 0 busId 7f000 commId 0x55e107ca0583e9c9 - Init START
furious-puma-1:122455:122883 [0] NCCL INFO RAS client listening socket at 127.0.0.1<28028>
furious-puma-1:122458:122884 [3] NCCL INFO DMA-BUF is available on GPU device 3
furious-puma-1:122458:122884 [3] NCCL INFO ncclCommInitRankConfig comm 0x594d91d0 rank 3 nranks 8 cudaDev 3 nvmlDev 3 busId af000 commId 0x55e107ca0583e9c9 - Init START
furious-puma-1:122456:122885 [1] NCCL INFO RAS client listening socket at 127.0.0.1<28028>
furious-puma-1:122457:122887 [2] NCCL INFO RAS client listening socket at 127.0.0.1<28028>
furious-puma-1:122459:122459 [4] NCCL INFO cudaDriverVersion 13000
furious-puma-1:122459:122459 [4] NCCL INFO NCCL version 2.27.7+cuda13.0
furious-puma-1:122459:122983 [4] NCCL INFO NET/Plugin: Could not find: libnccl-net.so. 
furious-puma-1:122459:122983 [4] NCCL INFO NET/IB : Using [0]mlx5_0:1/IB [1]mlx5_1:1/IB [2]mlx5_2:1/IB [3]mlx5_3:1/IB [4]mlx5_4:1/IB [5]mlx5_5:1/IB [6]mlx5_6:1/IB [7]mlx5_7:1/IB [RO]; OOB enp4s0:10.234.129.102<0>
furious-puma-1:122459:122983 [4] NCCL INFO Initialized NET plugin IB
furious-puma-1:122459:122983 [4] NCCL INFO Assigned NET plugin IB to comm
furious-puma-1:122459:122983 [4] NCCL INFO Using network IB
furious-puma-1:122459:122983 [4] NCCL INFO DMA-BUF is available on GPU device 4
furious-puma-1:122459:122983 [4] NCCL INFO ncclCommInitRankConfig comm 0x3db32340 rank 4 nranks 8 cudaDev 4 nvmlDev 4 busId bf000 commId 0x55e107ca0583e9c9 - Init START
furious-puma-1:122458:122884 [3] NCCL INFO RAS client listening socket at 127.0.0.1<28028>
furious-puma-1:122460:122460 [5] NCCL INFO cudaDriverVersion 13000
furious-puma-1:122460:122460 [5] NCCL INFO NCCL version 2.27.7+cuda13.0
furious-puma-1:122461:122461 [6] NCCL INFO cudaDriverVersion 13000
furious-puma-1:122461:122461 [6] NCCL INFO NCCL version 2.27.7+cuda13.0
furious-puma-1:122460:123007 [5] NCCL INFO NET/Plugin: Could not find: libnccl-net.so. 
furious-puma-1:122460:123007 [5] NCCL INFO NET/IB : Using [0]mlx5_0:1/IB [1]mlx5_1:1/IB [2]mlx5_2:1/IB [3]mlx5_3:1/IB [4]mlx5_4:1/IB [5]mlx5_5:1/IB [6]mlx5_6:1/IB [7]mlx5_7:1/IB [RO]; OOB enp4s0:10.234.129.102<0>
furious-puma-1:122460:123007 [5] NCCL INFO Initialized NET plugin IB
furious-puma-1:122460:123007 [5] NCCL INFO Assigned NET plugin IB to comm
furious-puma-1:122460:123007 [5] NCCL INFO Using network IB
furious-puma-1:122460:123007 [5] NCCL INFO DMA-BUF is available on GPU device 5
furious-puma-1:122460:123007 [5] NCCL INFO ncclCommInitRankConfig comm 0x5fb59b10 rank 5 nranks 8 cudaDev 5 nvmlDev 5 busId cf000 commId 0x55e107ca0583e9c9 - Init START
furious-puma-1:122459:122983 [4] NCCL INFO RAS client listening socket at 127.0.0.1<28028>
furious-puma-1:122461:123009 [6] NCCL INFO NET/Plugin: Could not find: libnccl-net.so. 
furious-puma-1:122461:123009 [6] NCCL INFO NET/IB : Using [0]mlx5_0:1/IB [1]mlx5_1:1/IB [2]mlx5_2:1/IB [3]mlx5_3:1/IB [4]mlx5_4:1/IB [5]mlx5_5:1/IB [6]mlx5_6:1/IB [7]mlx5_7:1/IB [RO]; OOB enp4s0:10.234.129.102<0>
furious-puma-1:122461:123009 [6] NCCL INFO Initialized NET plugin IB
furious-puma-1:122461:123009 [6] NCCL INFO Assigned NET plugin IB to comm
furious-puma-1:122461:123009 [6] NCCL INFO Using network IB
furious-puma-1:122461:123009 [6] NCCL INFO DMA-BUF is available on GPU device 6
furious-puma-1:122461:123009 [6] NCCL INFO ncclCommInitRankConfig comm 0x553ea8c0 rank 6 nranks 8 cudaDev 6 nvmlDev 6 busId df000 commId 0x55e107ca0583e9c9 - Init START
furious-puma-1:122461:123009 [6] NCCL INFO RAS client listening socket at 127.0.0.1<28028>
furious-puma-1:122460:123007 [5] NCCL INFO RAS client listening socket at 127.0.0.1<28028>
furious-puma-1:122462:122886 [7] NCCL INFO RAS client listening socket at 127.0.0.1<28028>
furious-puma-1:122461:123009 [6] NCCL INFO MNNVL busId 0xdf000 fabric UUID 0.0 cliqueId 0x0 state 3 healthMask 0x0
furious-puma-1:122460:123007 [5] NCCL INFO MNNVL busId 0xcf000 fabric UUID 0.0 cliqueId 0x0 state 3 healthMask 0x0
furious-puma-1:122462:122886 [7] NCCL INFO MNNVL busId 0xef000 fabric UUID 0.0 cliqueId 0x0 state 3 healthMask 0x0
furious-puma-1:122455:122883 [0] NCCL INFO MNNVL busId 0x7f000 fabric UUID 0.0 cliqueId 0x0 state 3 healthMask 0x0
furious-puma-1:122457:122887 [2] NCCL INFO MNNVL busId 0x9f000 fabric UUID 0.0 cliqueId 0x0 state 3 healthMask 0x0
furious-puma-1:122459:122983 [4] NCCL INFO MNNVL busId 0xbf000 fabric UUID 0.0 cliqueId 0x0 state 3 healthMask 0x0
furious-puma-1:122458:122884 [3] NCCL INFO MNNVL busId 0xaf000 fabric UUID 0.0 cliqueId 0x0 state 3 healthMask 0x0
furious-puma-1:122456:122885 [1] NCCL INFO MNNVL busId 0x8f000 fabric UUID 0.0 cliqueId 0x0 state 3 healthMask 0x0
furious-puma-1:122457:122887 [2] NCCL INFO Loading topology file /var/run/nvidia-topologyd/virtualTopology.xml
furious-puma-1:122460:123007 [5] NCCL INFO Loading topology file /var/run/nvidia-topologyd/virtualTopology.xml
furious-puma-1:122459:122983 [4] NCCL INFO Loading topology file /var/run/nvidia-topologyd/virtualTopology.xml
furious-puma-1:122456:122885 [1] NCCL INFO Loading topology file /var/run/nvidia-topologyd/virtualTopology.xml
furious-puma-1:122462:122886 [7] NCCL INFO Loading topology file /var/run/nvidia-topologyd/virtualTopology.xml
furious-puma-1:122461:123009 [6] NCCL INFO Loading topology file /var/run/nvidia-topologyd/virtualTopology.xml
furious-puma-1:122458:122884 [3] NCCL INFO Loading topology file /var/run/nvidia-topologyd/virtualTopology.xml
furious-puma-1:122455:122883 [0] NCCL INFO Loading topology file /var/run/nvidia-topologyd/virtualTopology.xml
furious-puma-1:122456:122885 [1] NCCL INFO Loading unnamed topology
furious-puma-1:122457:122887 [2] NCCL INFO Loading unnamed topology
furious-puma-1:122460:123007 [5] NCCL INFO Loading unnamed topology
furious-puma-1:122459:122983 [4] NCCL INFO Loading unnamed topology
furious-puma-1:122462:122886 [7] NCCL INFO Loading unnamed topology
furious-puma-1:122461:123009 [6] NCCL INFO Loading unnamed topology
furious-puma-1:122458:122884 [3] NCCL INFO Loading unnamed topology
furious-puma-1:122455:122883 [0] NCCL INFO Loading unnamed topology
furious-puma-1:122456:122885 [1] NCCL INFO Could not find real path of /sys/class/pci_bus/ffff:ff/../../ffff:ff:02.0
furious-puma-1:122457:122887 [2] NCCL INFO Could not find real path of /sys/class/pci_bus/ffff:ff/../../ffff:ff:03.0
furious-puma-1:122459:122983 [4] NCCL INFO Could not find real path of /sys/class/pci_bus/ffff:ff/../../ffff:ff:05.0
furious-puma-1:122458:122884 [3] NCCL INFO Could not find real path of /sys/class/pci_bus/ffff:ff/../../ffff:ff:04.0
furious-puma-1:122455:122883 [0] NCCL INFO Could not find real path of /sys/class/pci_bus/ffff:ff/../../ffff:ff:01.0
furious-puma-1:122460:123007 [5] NCCL INFO Could not find real path of /sys/class/pci_bus/ffff:ff/../../ffff:ff:06.0
furious-puma-1:122461:123009 [6] NCCL INFO Could not find real path of /sys/class/pci_bus/ffff:ff/../../ffff:ff:07.0
furious-puma-1:122462:122886 [7] NCCL INFO Could not find real path of /sys/class/pci_bus/ffff:ff/../../ffff:ff:08.0
furious-puma-1:122459:122983 [4] NCCL INFO TOPO/NET : Importing network plugins to topology
furious-puma-1:122459:122983 [4] NCCL INFO Retrieving state for IB
furious-puma-1:122459:122983 [4] NCCL INFO Initialized state 0 for IB
furious-puma-1:122459:122983 [4] NCCL INFO ncclTopoPopulateNics : Filled mlx5_0 in topo with pciPath=/sys/devices/pci0000:7e/0000:7e:01.0/0000:80:00.0 keep=1 coll=(null)
furious-puma-1:122459:122983 [4] NCCL INFO ncclTopoPopulateNics : Filled mlx5_1 in topo with pciPath=/sys/devices/pci0000:8e/0000:8e:01.0/0000:90:00.0 keep=1 coll=(null)
furious-puma-1:122459:122983 [4] NCCL INFO ncclTopoPopulateNics : Filled mlx5_2 in topo with pciPath=/sys/devices/pci0000:9e/0000:9e:01.0/0000:a0:00.0 keep=1 coll=(null)
furious-puma-1:122459:122983 [4] NCCL INFO ncclTopoPopulateNics : Filled mlx5_3 in topo with pciPath=/sys/devices/pci0000:ae/0000:ae:01.0/0000:b0:00.0 keep=1 coll=(null)
furious-puma-1:122459:122983 [4] NCCL INFO ncclTopoPopulateNics : Filled mlx5_4 in topo with pciPath=/sys/devices/pci0000:be/0000:be:01.0/0000:c0:00.0 keep=1 coll=(null)
furious-puma-1:122457:122887 [2] NCCL INFO TOPO/NET : Importing network plugins to topology
furious-puma-1:122457:122887 [2] NCCL INFO Retrieving state for IB
furious-puma-1:122457:122887 [2] NCCL INFO Initialized state 0 for IB
furious-puma-1:122457:122887 [2] NCCL INFO ncclTopoPopulateNics : Filled mlx5_0 in topo with pciPath=/sys/devices/pci0000:7e/0000:7e:01.0/0000:80:00.0 keep=1 coll=(null)
furious-puma-1:122459:122983 [4] NCCL INFO ncclTopoPopulateNics : Filled mlx5_5 in topo with pciPath=/sys/devices/pci0000:ce/0000:ce:01.0/0000:d0:00.0 keep=1 coll=(null)
furious-puma-1:122457:122887 [2] NCCL INFO ncclTopoPopulateNics : Filled mlx5_1 in topo with pciPath=/sys/devices/pci0000:8e/0000:8e:01.0/0000:90:00.0 keep=1 coll=(null)
furious-puma-1:122459:122983 [4] NCCL INFO ncclTopoPopulateNics : Filled mlx5_6 in topo with pciPath=/sys/devices/pci0000:de/0000:de:01.0/0000:e0:00.0 keep=1 coll=(null)
furious-puma-1:122457:122887 [2] NCCL INFO ncclTopoPopulateNics : Filled mlx5_2 in topo with pciPath=/sys/devices/pci0000:9e/0000:9e:01.0/0000:a0:00.0 keep=1 coll=(null)
furious-puma-1:122457:122887 [2] NCCL INFO ncclTopoPopulateNics : Filled mlx5_3 in topo with pciPath=/sys/devices/pci0000:ae/0000:ae:01.0/0000:b0:00.0 keep=1 coll=(null)
furious-puma-1:122459:122983 [4] NCCL INFO ncclTopoPopulateNics : Filled mlx5_7 in topo with pciPath=/sys/devices/pci0000:ee/0000:ee:01.0/0000:f0:00.0 keep=1 coll=(null)
furious-puma-1:122457:122887 [2] NCCL INFO ncclTopoPopulateNics : Filled mlx5_4 in topo with pciPath=/sys/devices/pci0000:be/0000:be:01.0/0000:c0:00.0 keep=1 coll=(null)
furious-puma-1:122460:123007 [5] NCCL INFO TOPO/NET : Importing network plugins to topology
furious-puma-1:122460:123007 [5] NCCL INFO Retrieving state for IB
furious-puma-1:122460:123007 [5] NCCL INFO Initialized state 0 for IB
furious-puma-1:122460:123007 [5] NCCL INFO ncclTopoPopulateNics : Filled mlx5_0 in topo with pciPath=/sys/devices/pci0000:7e/0000:7e:01.0/0000:80:00.0 keep=1 coll=(null)
furious-puma-1:122457:122887 [2] NCCL INFO ncclTopoPopulateNics : Filled mlx5_5 in topo with pciPath=/sys/devices/pci0000:ce/0000:ce:01.0/0000:d0:00.0 keep=1 coll=(null)
furious-puma-1:122457:122887 [2] NCCL INFO ncclTopoPopulateNics : Filled mlx5_6 in topo with pciPath=/sys/devices/pci0000:de/0000:de:01.0/0000:e0:00.0 keep=1 coll=(null)
furious-puma-1:122460:123007 [5] NCCL INFO ncclTopoPopulateNics : Filled mlx5_1 in topo with pciPath=/sys/devices/pci0000:8e/0000:8e:01.0/0000:90:00.0 keep=1 coll=(null)
furious-puma-1:122457:122887 [2] NCCL INFO ncclTopoPopulateNics : Filled mlx5_7 in topo with pciPath=/sys/devices/pci0000:ee/0000:ee:01.0/0000:f0:00.0 keep=1 coll=(null)
furious-puma-1:122460:123007 [5] NCCL INFO ncclTopoPopulateNics : Filled mlx5_2 in topo with pciPath=/sys/devices/pci0000:9e/0000:9e:01.0/0000:a0:00.0 keep=1 coll=(null)
furious-puma-1:122460:123007 [5] NCCL INFO ncclTopoPopulateNics : Filled mlx5_3 in topo with pciPath=/sys/devices/pci0000:ae/0000:ae:01.0/0000:b0:00.0 keep=1 coll=(null)
furious-puma-1:122460:123007 [5] NCCL INFO ncclTopoPopulateNics : Filled mlx5_4 in topo with pciPath=/sys/devices/pci0000:be/0000:be:01.0/0000:c0:00.0 keep=1 coll=(null)
furious-puma-1:122460:123007 [5] NCCL INFO ncclTopoPopulateNics : Filled mlx5_5 in topo with pciPath=/sys/devices/pci0000:ce/0000:ce:01.0/0000:d0:00.0 keep=1 coll=(null)
furious-puma-1:122460:123007 [5] NCCL INFO ncclTopoPopulateNics : Filled mlx5_6 in topo with pciPath=/sys/devices/pci0000:de/0000:de:01.0/0000:e0:00.0 keep=1 coll=(null)
furious-puma-1:122460:123007 [5] NCCL INFO ncclTopoPopulateNics : Filled mlx5_7 in topo with pciPath=/sys/devices/pci0000:ee/0000:ee:01.0/0000:f0:00.0 keep=1 coll=(null)
furious-puma-1:122462:122886 [7] NCCL INFO TOPO/NET : Importing network plugins to topology
furious-puma-1:122462:122886 [7] NCCL INFO Retrieving state for IB
furious-puma-1:122462:122886 [7] NCCL INFO Initialized state 0 for IB
furious-puma-1:122462:122886 [7] NCCL INFO ncclTopoPopulateNics : Filled mlx5_0 in topo with pciPath=/sys/devices/pci0000:7e/0000:7e:01.0/0000:80:00.0 keep=1 coll=(null)
furious-puma-1:122458:122884 [3] NCCL INFO TOPO/NET : Importing network plugins to topology
furious-puma-1:122458:122884 [3] NCCL INFO Retrieving state for IB
furious-puma-1:122458:122884 [3] NCCL INFO Initialized state 0 for IB
furious-puma-1:122458:122884 [3] NCCL INFO ncclTopoPopulateNics : Filled mlx5_0 in topo with pciPath=/sys/devices/pci0000:7e/0000:7e:01.0/0000:80:00.0 keep=1 coll=(null)
furious-puma-1:122461:123009 [6] NCCL INFO TOPO/NET : Importing network plugins to topology
furious-puma-1:122461:123009 [6] NCCL INFO Retrieving state for IB
furious-puma-1:122461:123009 [6] NCCL INFO Initialized state 0 for IB
furious-puma-1:122461:123009 [6] NCCL INFO ncclTopoPopulateNics : Filled mlx5_0 in topo with pciPath=/sys/devices/pci0000:7e/0000:7e:01.0/0000:80:00.0 keep=1 coll=(null)
furious-puma-1:122462:122886 [7] NCCL INFO ncclTopoPopulateNics : Filled mlx5_1 in topo with pciPath=/sys/devices/pci0000:8e/0000:8e:01.0/0000:90:00.0 keep=1 coll=(null)
furious-puma-1:122458:122884 [3] NCCL INFO ncclTopoPopulateNics : Filled mlx5_1 in topo with pciPath=/sys/devices/pci0000:8e/0000:8e:01.0/0000:90:00.0 keep=1 coll=(null)
furious-puma-1:122461:123009 [6] NCCL INFO ncclTopoPopulateNics : Filled mlx5_1 in topo with pciPath=/sys/devices/pci0000:8e/0000:8e:01.0/0000:90:00.0 keep=1 coll=(null)
furious-puma-1:122462:122886 [7] NCCL INFO ncclTopoPopulateNics : Filled mlx5_2 in topo with pciPath=/sys/devices/pci0000:9e/0000:9e:01.0/0000:a0:00.0 keep=1 coll=(null)
furious-puma-1:122458:122884 [3] NCCL INFO ncclTopoPopulateNics : Filled mlx5_2 in topo with pciPath=/sys/devices/pci0000:9e/0000:9e:01.0/0000:a0:00.0 keep=1 coll=(null)
furious-puma-1:122461:123009 [6] NCCL INFO ncclTopoPopulateNics : Filled mlx5_2 in topo with pciPath=/sys/devices/pci0000:9e/0000:9e:01.0/0000:a0:00.0 keep=1 coll=(null)
furious-puma-1:122462:122886 [7] NCCL INFO ncclTopoPopulateNics : Filled mlx5_3 in topo with pciPath=/sys/devices/pci0000:ae/0000:ae:01.0/0000:b0:00.0 keep=1 coll=(null)
furious-puma-1:122458:122884 [3] NCCL INFO ncclTopoPopulateNics : Filled mlx5_3 in topo with pciPath=/sys/devices/pci0000:ae/0000:ae:01.0/0000:b0:00.0 keep=1 coll=(null)
furious-puma-1:122461:123009 [6] NCCL INFO ncclTopoPopulateNics : Filled mlx5_3 in topo with pciPath=/sys/devices/pci0000:ae/0000:ae:01.0/0000:b0:00.0 keep=1 coll=(null)
furious-puma-1:122462:122886 [7] NCCL INFO ncclTopoPopulateNics : Filled mlx5_4 in topo with pciPath=/sys/devices/pci0000:be/0000:be:01.0/0000:c0:00.0 keep=1 coll=(null)
furious-puma-1:122458:122884 [3] NCCL INFO ncclTopoPopulateNics : Filled mlx5_4 in topo with pciPath=/sys/devices/pci0000:be/0000:be:01.0/0000:c0:00.0 keep=1 coll=(null)
furious-puma-1:122461:123009 [6] NCCL INFO ncclTopoPopulateNics : Filled mlx5_4 in topo with pciPath=/sys/devices/pci0000:be/0000:be:01.0/0000:c0:00.0 keep=1 coll=(null)
furious-puma-1:122462:122886 [7] NCCL INFO ncclTopoPopulateNics : Filled mlx5_5 in topo with pciPath=/sys/devices/pci0000:ce/0000:ce:01.0/0000:d0:00.0 keep=1 coll=(null)
furious-puma-1:122458:122884 [3] NCCL INFO ncclTopoPopulateNics : Filled mlx5_5 in topo with pciPath=/sys/devices/pci0000:ce/0000:ce:01.0/0000:d0:00.0 keep=1 coll=(null)
furious-puma-1:122461:123009 [6] NCCL INFO ncclTopoPopulateNics : Filled mlx5_5 in topo with pciPath=/sys/devices/pci0000:ce/0000:ce:01.0/0000:d0:00.0 keep=1 coll=(null)
furious-puma-1:122456:122885 [1] NCCL INFO TOPO/NET : Importing network plugins to topology
furious-puma-1:122456:122885 [1] NCCL INFO Retrieving state for IB
furious-puma-1:122456:122885 [1] NCCL INFO Initialized state 0 for IB
furious-puma-1:122456:122885 [1] NCCL INFO ncclTopoPopulateNics : Filled mlx5_0 in topo with pciPath=/sys/devices/pci0000:7e/0000:7e:01.0/0000:80:00.0 keep=1 coll=(null)
furious-puma-1:122462:122886 [7] NCCL INFO ncclTopoPopulateNics : Filled mlx5_6 in topo with pciPath=/sys/devices/pci0000:de/0000:de:01.0/0000:e0:00.0 keep=1 coll=(null)
furious-puma-1:122458:122884 [3] NCCL INFO ncclTopoPopulateNics : Filled mlx5_6 in topo with pciPath=/sys/devices/pci0000:de/0000:de:01.0/0000:e0:00.0 keep=1 coll=(null)
furious-puma-1:122461:123009 [6] NCCL INFO ncclTopoPopulateNics : Filled mlx5_6 in topo with pciPath=/sys/devices/pci0000:de/0000:de:01.0/0000:e0:00.0 keep=1 coll=(null)
furious-puma-1:122456:122885 [1] NCCL INFO ncclTopoPopulateNics : Filled mlx5_1 in topo with pciPath=/sys/devices/pci0000:8e/0000:8e:01.0/0000:90:00.0 keep=1 coll=(null)
furious-puma-1:122458:122884 [3] NCCL INFO ncclTopoPopulateNics : Filled mlx5_7 in topo with pciPath=/sys/devices/pci0000:ee/0000:ee:01.0/0000:f0:00.0 keep=1 coll=(null)
furious-puma-1:122462:122886 [7] NCCL INFO ncclTopoPopulateNics : Filled mlx5_7 in topo with pciPath=/sys/devices/pci0000:ee/0000:ee:01.0/0000:f0:00.0 keep=1 coll=(null)
furious-puma-1:122461:123009 [6] NCCL INFO ncclTopoPopulateNics : Filled mlx5_7 in topo with pciPath=/sys/devices/pci0000:ee/0000:ee:01.0/0000:f0:00.0 keep=1 coll=(null)
furious-puma-1:122456:122885 [1] NCCL INFO ncclTopoPopulateNics : Filled mlx5_2 in topo with pciPath=/sys/devices/pci0000:9e/0000:9e:01.0/0000:a0:00.0 keep=1 coll=(null)
furious-puma-1:122456:122885 [1] NCCL INFO ncclTopoPopulateNics : Filled mlx5_3 in topo with pciPath=/sys/devices/pci0000:ae/0000:ae:01.0/0000:b0:00.0 keep=1 coll=(null)
furious-puma-1:122455:122883 [0] NCCL INFO TOPO/NET : Importing network plugins to topology
furious-puma-1:122455:122883 [0] NCCL INFO Retrieving state for IB
furious-puma-1:122455:122883 [0] NCCL INFO Initialized state 0 for IB
furious-puma-1:122455:122883 [0] NCCL INFO ncclTopoPopulateNics : Filled mlx5_0 in topo with pciPath=/sys/devices/pci0000:7e/0000:7e:01.0/0000:80:00.0 keep=1 coll=(null)
furious-puma-1:122456:122885 [1] NCCL INFO ncclTopoPopulateNics : Filled mlx5_4 in topo with pciPath=/sys/devices/pci0000:be/0000:be:01.0/0000:c0:00.0 keep=1 coll=(null)
furious-puma-1:122455:122883 [0] NCCL INFO ncclTopoPopulateNics : Filled mlx5_1 in topo with pciPath=/sys/devices/pci0000:8e/0000:8e:01.0/0000:90:00.0 keep=1 coll=(null)
furious-puma-1:122456:122885 [1] NCCL INFO ncclTopoPopulateNics : Filled mlx5_5 in topo with pciPath=/sys/devices/pci0000:ce/0000:ce:01.0/0000:d0:00.0 keep=1 coll=(null)
furious-puma-1:122455:122883 [0] NCCL INFO ncclTopoPopulateNics : Filled mlx5_2 in topo with pciPath=/sys/devices/pci0000:9e/0000:9e:01.0/0000:a0:00.0 keep=1 coll=(null)
furious-puma-1:122456:122885 [1] NCCL INFO ncclTopoPopulateNics : Filled mlx5_6 in topo with pciPath=/sys/devices/pci0000:de/0000:de:01.0/0000:e0:00.0 keep=1 coll=(null)
furious-puma-1:122455:122883 [0] NCCL INFO ncclTopoPopulateNics : Filled mlx5_3 in topo with pciPath=/sys/devices/pci0000:ae/0000:ae:01.0/0000:b0:00.0 keep=1 coll=(null)
furious-puma-1:122456:122885 [1] NCCL INFO ncclTopoPopulateNics : Filled mlx5_7 in topo with pciPath=/sys/devices/pci0000:ee/0000:ee:01.0/0000:f0:00.0 keep=1 coll=(null)
furious-puma-1:122455:122883 [0] NCCL INFO ncclTopoPopulateNics : Filled mlx5_4 in topo with pciPath=/sys/devices/pci0000:be/0000:be:01.0/0000:c0:00.0 keep=1 coll=(null)
furious-puma-1:122455:122883 [0] NCCL INFO ncclTopoPopulateNics : Filled mlx5_5 in topo with pciPath=/sys/devices/pci0000:ce/0000:ce:01.0/0000:d0:00.0 keep=1 coll=(null)
furious-puma-1:122455:122883 [0] NCCL INFO ncclTopoPopulateNics : Filled mlx5_6 in topo with pciPath=/sys/devices/pci0000:de/0000:de:01.0/0000:e0:00.0 keep=1 coll=(null)
furious-puma-1:122455:122883 [0] NCCL INFO ncclTopoPopulateNics : Filled mlx5_7 in topo with pciPath=/sys/devices/pci0000:ee/0000:ee:01.0/0000:f0:00.0 keep=1 coll=(null)
furious-puma-1:122457:122887 [2] NCCL INFO GPU Direct RDMA Enabled for GPU 0 / HCA 0 (distance 4 <= 5), read 0 mode Default
furious-puma-1:122457:122887 [2] NCCL INFO GPU Direct RDMA Enabled for GPU 1 / HCA 0 (distance 4 <= 5), read 0 mode Default
furious-puma-1:122457:122887 [2] NCCL INFO GPU Direct RDMA Enabled for GPU 2 / HCA 0 (distance 4 <= 5), read 0 mode Default
furious-puma-1:122457:122887 [2] NCCL INFO GPU Direct RDMA Enabled for GPU 3 / HCA 0 (distance 4 <= 5), read 0 mode Default
furious-puma-1:122457:122887 [2] NCCL INFO GPU Direct RDMA Enabled for GPU 4 / HCA 0 (distance 4 <= 5), read 0 mode Default
furious-puma-1:122457:122887 [2] NCCL INFO GPU Direct RDMA Enabled for GPU 5 / HCA 0 (distance 4 <= 5), read 0 mode Default
furious-puma-1:122457:122887 [2] NCCL INFO GPU Direct RDMA Enabled for GPU 6 / HCA 0 (distance 4 <= 5), read 0 mode Default
furious-puma-1:122457:122887 [2] NCCL INFO GPU Direct RDMA Enabled for GPU 7 / HCA 0 (distance 4 <= 5), read 0 mode Default
furious-puma-1:122457:122887 [2] NCCL INFO GPU Direct RDMA Enabled for GPU 0 / HCA 1 (distance 4 <= 5), read 0 mode Default
furious-puma-1:122457:122887 [2] NCCL INFO GPU Direct RDMA Enabled for GPU 1 / HCA 1 (distance 4 <= 5), read 0 mode Default
furious-puma-1:122457:122887 [2] NCCL INFO GPU Direct RDMA Enabled for GPU 2 / HCA 1 (distance 4 <= 5), read 0 mode Default
furious-puma-1:122457:122887 [2] NCCL INFO GPU Direct RDMA Enabled for GPU 3 / HCA 1 (distance 4 <= 5), read 0 mode Default
furious-puma-1:122457:122887 [2] NCCL INFO GPU Direct RDMA Enabled for GPU 4 / HCA 1 (distance 4 <= 5), read 0 mode Default
furious-puma-1:122457:122887 [2] NCCL INFO GPU Direct RDMA Enabled for GPU 5 / HCA 1 (distance 4 <= 5), read 0 mode Default
furious-puma-1:122457:122887 [2] NCCL INFO GPU Direct RDMA Enabled for GPU 6 / HCA 1 (distance 4 <= 5), read 0 mode Default
furious-puma-1:122457:122887 [2] NCCL INFO GPU Direct RDMA Enabled for GPU 7 / HCA 1 (distance 4 <= 5), read 0 mode Default
furious-puma-1:122457:122887 [2] NCCL INFO GPU Direct RDMA Enabled for GPU 0 / HCA 2 (distance 4 <= 5), read 0 mode Default
furious-puma-1:122457:122887 [2] NCCL INFO GPU Direct RDMA Enabled for GPU 1 / HCA 2 (distance 4 <= 5), read 0 mode Default
furious-puma-1:122457:122887 [2] NCCL INFO GPU Direct RDMA Enabled for GPU 2 / HCA 2 (distance 4 <= 5), read 0 mode Default
furious-puma-1:122457:122887 [2] NCCL INFO GPU Direct RDMA Enabled for GPU 3 / HCA 2 (distance 4 <= 5), read 0 mode Default
furious-puma-1:122457:122887 [2] NCCL INFO GPU Direct RDMA Enabled for GPU 4 / HCA 2 (distance 4 <= 5), read 0 mode Default
furious-puma-1:122457:122887 [2] NCCL INFO GPU Direct RDMA Enabled for GPU 5 / HCA 2 (distance 4 <= 5), read 0 mode Default
furious-puma-1:122457:122887 [2] NCCL INFO GPU Direct RDMA Enabled for GPU 6 / HCA 2 (distance 4 <= 5), read 0 mode Default
furious-puma-1:122457:122887 [2] NCCL INFO GPU Direct RDMA Enabled for GPU 7 / HCA 2 (distance 4 <= 5), read 0 mode Default
furious-puma-1:122457:122887 [2] NCCL INFO GPU Direct RDMA Enabled for GPU 0 / HCA 3 (distance 4 <= 5), read 0 mode Default
furious-puma-1:122457:122887 [2] NCCL INFO GPU Direct RDMA Enabled for GPU 1 / HCA 3 (distance 4 <= 5), read 0 mode Default
furious-puma-1:122457:122887 [2] NCCL INFO GPU Direct RDMA Enabled for GPU 2 / HCA 3 (distance 4 <= 5), read 0 mode Default
furious-puma-1:122457:122887 [2] NCCL INFO GPU Direct RDMA Enabled for GPU 3 / HCA 3 (distance 4 <= 5), read 0 mode Default
furious-puma-1:122457:122887 [2] NCCL INFO GPU Direct RDMA Enabled for GPU 4 / HCA 3 (distance 4 <= 5), read 0 mode Default
furious-puma-1:122457:122887 [2] NCCL INFO GPU Direct RDMA Enabled for GPU 5 / HCA 3 (distance 4 <= 5), read 0 mode Default
furious-puma-1:122457:122887 [2] NCCL INFO GPU Direct RDMA Enabled for GPU 6 / HCA 3 (distance 4 <= 5), read 0 mode Default
furious-puma-1:122457:122887 [2] NCCL INFO GPU Direct RDMA Enabled for GPU 7 / HCA 3 (distance 4 <= 5), read 0 mode Default
furious-puma-1:122457:122887 [2] NCCL INFO GPU Direct RDMA Enabled for GPU 0 / HCA 4 (distance 4 <= 5), read 0 mode Default
furious-puma-1:122457:122887 [2] NCCL INFO GPU Direct RDMA Enabled for GPU 1 / HCA 4 (distance 4 <= 5), read 0 mode Default
furious-puma-1:122457:122887 [2] NCCL INFO GPU Direct RDMA Enabled for GPU 2 / HCA 4 (distance 4 <= 5), read 0 mode Default
furious-puma-1:122457:122887 [2] NCCL INFO GPU Direct RDMA Enabled for GPU 3 / HCA 4 (distance 4 <= 5), read 0 mode Default
furious-puma-1:122457:122887 [2] NCCL INFO GPU Direct RDMA Enabled for GPU 4 / HCA 4 (distance 4 <= 5), read 0 mode Default
furious-puma-1:122457:122887 [2] NCCL INFO GPU Direct RDMA Enabled for GPU 5 / HCA 4 (distance 4 <= 5), read 0 mode Default
furious-puma-1:122457:122887 [2] NCCL INFO GPU Direct RDMA Enabled for GPU 6 / HCA 4 (distance 4 <= 5), read 0 mode Default
furious-puma-1:122457:122887 [2] NCCL INFO GPU Direct RDMA Enabled for GPU 7 / HCA 4 (distance 4 <= 5), read 0 mode Default
furious-puma-1:122457:122887 [2] NCCL INFO GPU Direct RDMA Enabled for GPU 0 / HCA 5 (distance 4 <= 5), read 0 mode Default
furious-puma-1:122457:122887 [2] NCCL INFO GPU Direct RDMA Enabled for GPU 1 / HCA 5 (distance 4 <= 5), read 0 mode Default
furious-puma-1:122457:122887 [2] NCCL INFO GPU Direct RDMA Enabled for GPU 2 / HCA 5 (distance 4 <= 5), read 0 mode Default
furious-puma-1:122457:122887 [2] NCCL INFO GPU Direct RDMA Enabled for GPU 3 / HCA 5 (distance 4 <= 5), read 0 mode Default
furious-puma-1:122457:122887 [2] NCCL INFO GPU Direct RDMA Enabled for GPU 4 / HCA 5 (distance 4 <= 5), read 0 mode Default
furious-puma-1:122457:122887 [2] NCCL INFO GPU Direct RDMA Enabled for GPU 5 / HCA 5 (distance 4 <= 5), read 0 mode Default
furious-puma-1:122457:122887 [2] NCCL INFO GPU Direct RDMA Enabled for GPU 6 / HCA 5 (distance 4 <= 5), read 0 mode Default
furious-puma-1:122457:122887 [2] NCCL INFO GPU Direct RDMA Enabled for GPU 7 / HCA 5 (distance 4 <= 5), read 0 mode Default
furious-puma-1:122457:122887 [2] NCCL INFO GPU Direct RDMA Enabled for GPU 0 / HCA 6 (distance 4 <= 5), read 0 mode Default
furious-puma-1:122457:122887 [2] NCCL INFO GPU Direct RDMA Enabled for GPU 1 / HCA 6 (distance 4 <= 5), read 0 mode Default
furious-puma-1:122457:122887 [2] NCCL INFO GPU Direct RDMA Enabled for GPU 2 / HCA 6 (distance 4 <= 5), read 0 mode Default
furious-puma-1:122457:122887 [2] NCCL INFO GPU Direct RDMA Enabled for GPU 3 / HCA 6 (distance 4 <= 5), read 0 mode Default
furious-puma-1:122457:122887 [2] NCCL INFO GPU Direct RDMA Enabled for GPU 4 / HCA 6 (distance 4 <= 5), read 0 mode Default
furious-puma-1:122457:122887 [2] NCCL INFO GPU Direct RDMA Enabled for GPU 5 / HCA 6 (distance 4 <= 5), read 0 mode Default
furious-puma-1:122457:122887 [2] NCCL INFO GPU Direct RDMA Enabled for GPU 6 / HCA 6 (distance 4 <= 5), read 0 mode Default
furious-puma-1:122457:122887 [2] NCCL INFO GPU Direct RDMA Enabled for GPU 7 / HCA 6 (distance 4 <= 5), read 0 mode Default
furious-puma-1:122457:122887 [2] NCCL INFO GPU Direct RDMA Enabled for GPU 0 / HCA 7 (distance 4 <= 5), read 0 mode Default
furious-puma-1:122457:122887 [2] NCCL INFO GPU Direct RDMA Enabled for GPU 1 / HCA 7 (distance 4 <= 5), read 0 mode Default
furious-puma-1:122457:122887 [2] NCCL INFO GPU Direct RDMA Enabled for GPU 2 / HCA 7 (distance 4 <= 5), read 0 mode Default
furious-puma-1:122457:122887 [2] NCCL INFO GPU Direct RDMA Enabled for GPU 3 / HCA 7 (distance 4 <= 5), read 0 mode Default
furious-puma-1:122457:122887 [2] NCCL INFO GPU Direct RDMA Enabled for GPU 4 / HCA 7 (distance 4 <= 5), read 0 mode Default
furious-puma-1:122457:122887 [2] NCCL INFO GPU Direct RDMA Enabled for GPU 5 / HCA 7 (distance 4 <= 5), read 0 mode Default
furious-puma-1:122457:122887 [2] NCCL INFO GPU Direct RDMA Enabled for GPU 6 / HCA 7 (distance 4 <= 5), read 0 mode Default
furious-puma-1:122457:122887 [2] NCCL INFO GPU Direct RDMA Enabled for GPU 7 / HCA 7 (distance 4 <= 5), read 0 mode Default
furious-puma-1:122455:122883 [0] NCCL INFO GPU Direct RDMA Enabled for GPU 0 / HCA 0 (distance 4 <= 5), read 0 mode Default
furious-puma-1:122455:122883 [0] NCCL INFO GPU Direct RDMA Enabled for GPU 1 / HCA 0 (distance 4 <= 5), read 0 mode Default
furious-puma-1:122455:122883 [0] NCCL INFO GPU Direct RDMA Enabled for GPU 2 / HCA 0 (distance 4 <= 5), read 0 mode Default
furious-puma-1:122455:122883 [0] NCCL INFO GPU Direct RDMA Enabled for GPU 3 / HCA 0 (distance 4 <= 5), read 0 mode Default
furious-puma-1:122455:122883 [0] NCCL INFO GPU Direct RDMA Enabled for GPU 4 / HCA 0 (distance 4 <= 5), read 0 mode Default
furious-puma-1:122455:122883 [0] NCCL INFO GPU Direct RDMA Enabled for GPU 5 / HCA 0 (distance 4 <= 5), read 0 mode Default
furious-puma-1:122455:122883 [0] NCCL INFO GPU Direct RDMA Enabled for GPU 6 / HCA 0 (distance 4 <= 5), read 0 mode Default
furious-puma-1:122455:122883 [0] NCCL INFO GPU Direct RDMA Enabled for GPU 7 / HCA 0 (distance 4 <= 5), read 0 mode Default
furious-puma-1:122455:122883 [0] NCCL INFO GPU Direct RDMA Enabled for GPU 0 / HCA 1 (distance 4 <= 5), read 0 mode Default
furious-puma-1:122455:122883 [0] NCCL INFO GPU Direct RDMA Enabled for GPU 1 / HCA 1 (distance 4 <= 5), read 0 mode Default
furious-puma-1:122455:122883 [0] NCCL INFO GPU Direct RDMA Enabled for GPU 2 / HCA 1 (distance 4 <= 5), read 0 mode Default
furious-puma-1:122455:122883 [0] NCCL INFO GPU Direct RDMA Enabled for GPU 3 / HCA 1 (distance 4 <= 5), read 0 mode Default
furious-puma-1:122455:122883 [0] NCCL INFO GPU Direct RDMA Enabled for GPU 4 / HCA 1 (distance 4 <= 5), read 0 mode Default
furious-puma-1:122455:122883 [0] NCCL INFO GPU Direct RDMA Enabled for GPU 5 / HCA 1 (distance 4 <= 5), read 0 mode Default
furious-puma-1:122455:122883 [0] NCCL INFO GPU Direct RDMA Enabled for GPU 6 / HCA 1 (distance 4 <= 5), read 0 mode Default
furious-puma-1:122455:122883 [0] NCCL INFO GPU Direct RDMA Enabled for GPU 7 / HCA 1 (distance 4 <= 5), read 0 mode Default
furious-puma-1:122455:122883 [0] NCCL INFO GPU Direct RDMA Enabled for GPU 0 / HCA 2 (distance 4 <= 5), read 0 mode Default
furious-puma-1:122455:122883 [0] NCCL INFO GPU Direct RDMA Enabled for GPU 1 / HCA 2 (distance 4 <= 5), read 0 mode Default
furious-puma-1:122455:122883 [0] NCCL INFO GPU Direct RDMA Enabled for GPU 2 / HCA 2 (distance 4 <= 5), read 0 mode Default
furious-puma-1:122455:122883 [0] NCCL INFO GPU Direct RDMA Enabled for GPU 3 / HCA 2 (distance 4 <= 5), read 0 mode Default
furious-puma-1:122455:122883 [0] NCCL INFO GPU Direct RDMA Enabled for GPU 4 / HCA 2 (distance 4 <= 5), read 0 mode Default
furious-puma-1:122455:122883 [0] NCCL INFO GPU Direct RDMA Enabled for GPU 5 / HCA 2 (distance 4 <= 5), read 0 mode Default
furious-puma-1:122455:122883 [0] NCCL INFO GPU Direct RDMA Enabled for GPU 6 / HCA 2 (distance 4 <= 5), read 0 mode Default
furious-puma-1:122455:122883 [0] NCCL INFO GPU Direct RDMA Enabled for GPU 7 / HCA 2 (distance 4 <= 5), read 0 mode Default
furious-puma-1:122455:122883 [0] NCCL INFO GPU Direct RDMA Enabled for GPU 0 / HCA 3 (distance 4 <= 5), read 0 mode Default
furious-puma-1:122455:122883 [0] NCCL INFO GPU Direct RDMA Enabled for GPU 1 / HCA 3 (distance 4 <= 5), read 0 mode Default
furious-puma-1:122455:122883 [0] NCCL INFO GPU Direct RDMA Enabled for GPU 2 / HCA 3 (distance 4 <= 5), read 0 mode Default
furious-puma-1:122455:122883 [0] NCCL INFO GPU Direct RDMA Enabled for GPU 3 / HCA 3 (distance 4 <= 5), read 0 mode Default
furious-puma-1:122455:122883 [0] NCCL INFO GPU Direct RDMA Enabled for GPU 4 / HCA 3 (distance 4 <= 5), read 0 mode Default
furious-puma-1:122455:122883 [0] NCCL INFO GPU Direct RDMA Enabled for GPU 5 / HCA 3 (distance 4 <= 5), read 0 mode Default
furious-puma-1:122455:122883 [0] NCCL INFO GPU Direct RDMA Enabled for GPU 6 / HCA 3 (distance 4 <= 5), read 0 mode Default
furious-puma-1:122455:122883 [0] NCCL INFO GPU Direct RDMA Enabled for GPU 7 / HCA 3 (distance 4 <= 5), read 0 mode Default
furious-puma-1:122455:122883 [0] NCCL INFO GPU Direct RDMA Enabled for GPU 0 / HCA 4 (distance 4 <= 5), read 0 mode Default
furious-puma-1:122455:122883 [0] NCCL INFO GPU Direct RDMA Enabled for GPU 1 / HCA 4 (distance 4 <= 5), read 0 mode Default
furious-puma-1:122455:122883 [0] NCCL INFO GPU Direct RDMA Enabled for GPU 2 / HCA 4 (distance 4 <= 5), read 0 mode Default
furious-puma-1:122455:122883 [0] NCCL INFO GPU Direct RDMA Enabled for GPU 3 / HCA 4 (distance 4 <= 5), read 0 mode Default
furious-puma-1:122455:122883 [0] NCCL INFO GPU Direct RDMA Enabled for GPU 4 / HCA 4 (distance 4 <= 5), read 0 mode Default
furious-puma-1:122455:122883 [0] NCCL INFO GPU Direct RDMA Enabled for GPU 5 / HCA 4 (distance 4 <= 5), read 0 mode Default
furious-puma-1:122455:122883 [0] NCCL INFO GPU Direct RDMA Enabled for GPU 6 / HCA 4 (distance 4 <= 5), read 0 mode Default
furious-puma-1:122455:122883 [0] NCCL INFO GPU Direct RDMA Enabled for GPU 7 / HCA 4 (distance 4 <= 5), read 0 mode Default
furious-puma-1:122455:122883 [0] NCCL INFO GPU Direct RDMA Enabled for GPU 0 / HCA 5 (distance 4 <= 5), read 0 mode Default
furious-puma-1:122455:122883 [0] NCCL INFO GPU Direct RDMA Enabled for GPU 1 / HCA 5 (distance 4 <= 5), read 0 mode Default
furious-puma-1:122455:122883 [0] NCCL INFO GPU Direct RDMA Enabled for GPU 2 / HCA 5 (distance 4 <= 5), read 0 mode Default
furious-puma-1:122455:122883 [0] NCCL INFO GPU Direct RDMA Enabled for GPU 3 / HCA 5 (distance 4 <= 5), read 0 mode Default
furious-puma-1:122455:122883 [0] NCCL INFO GPU Direct RDMA Enabled for GPU 4 / HCA 5 (distance 4 <= 5), read 0 mode Default
furious-puma-1:122455:122883 [0] NCCL INFO GPU Direct RDMA Enabled for GPU 5 / HCA 5 (distance 4 <= 5), read 0 mode Default
furious-puma-1:122455:122883 [0] NCCL INFO GPU Direct RDMA Enabled for GPU 6 / HCA 5 (distance 4 <= 5), read 0 mode Default
furious-puma-1:122455:122883 [0] NCCL INFO GPU Direct RDMA Enabled for GPU 7 / HCA 5 (distance 4 <= 5), read 0 mode Default
furious-puma-1:122455:122883 [0] NCCL INFO GPU Direct RDMA Enabled for GPU 0 / HCA 6 (distance 4 <= 5), read 0 mode Default
furious-puma-1:122455:122883 [0] NCCL INFO GPU Direct RDMA Enabled for GPU 1 / HCA 6 (distance 4 <= 5), read 0 mode Default
furious-puma-1:122455:122883 [0] NCCL INFO GPU Direct RDMA Enabled for GPU 2 / HCA 6 (distance 4 <= 5), read 0 mode Default
furious-puma-1:122455:122883 [0] NCCL INFO GPU Direct RDMA Enabled for GPU 3 / HCA 6 (distance 4 <= 5), read 0 mode Default
furious-puma-1:122455:122883 [0] NCCL INFO GPU Direct RDMA Enabled for GPU 4 / HCA 6 (distance 4 <= 5), read 0 mode Default
furious-puma-1:122455:122883 [0] NCCL INFO GPU Direct RDMA Enabled for GPU 5 / HCA 6 (distance 4 <= 5), read 0 mode Default
furious-puma-1:122455:122883 [0] NCCL INFO GPU Direct RDMA Enabled for GPU 6 / HCA 6 (distance 4 <= 5), read 0 mode Default
furious-puma-1:122455:122883 [0] NCCL INFO GPU Direct RDMA Enabled for GPU 7 / HCA 6 (distance 4 <= 5), read 0 mode Default
furious-puma-1:122455:122883 [0] NCCL INFO GPU Direct RDMA Enabled for GPU 0 / HCA 7 (distance 4 <= 5), read 0 mode Default
furious-puma-1:122455:122883 [0] NCCL INFO GPU Direct RDMA Enabled for GPU 1 / HCA 7 (distance 4 <= 5), read 0 mode Default
furious-puma-1:122455:122883 [0] NCCL INFO GPU Direct RDMA Enabled for GPU 2 / HCA 7 (distance 4 <= 5), read 0 mode Default
furious-puma-1:122455:122883 [0] NCCL INFO GPU Direct RDMA Enabled for GPU 3 / HCA 7 (distance 4 <= 5), read 0 mode Default
furious-puma-1:122455:122883 [0] NCCL INFO GPU Direct RDMA Enabled for GPU 4 / HCA 7 (distance 4 <= 5), read 0 mode Default
furious-puma-1:122455:122883 [0] NCCL INFO GPU Direct RDMA Enabled for GPU 5 / HCA 7 (distance 4 <= 5), read 0 mode Default
furious-puma-1:122455:122883 [0] NCCL INFO GPU Direct RDMA Enabled for GPU 6 / HCA 7 (distance 4 <= 5), read 0 mode Default
furious-puma-1:122455:122883 [0] NCCL INFO GPU Direct RDMA Enabled for GPU 7 / HCA 7 (distance 4 <= 5), read 0 mode Default
furious-puma-1:122458:122884 [3] NCCL INFO GPU Direct RDMA Enabled for GPU 0 / HCA 0 (distance 4 <= 5), read 0 mode Default
furious-puma-1:122458:122884 [3] NCCL INFO GPU Direct RDMA Enabled for GPU 1 / HCA 0 (distance 4 <= 5), read 0 mode Default
furious-puma-1:122458:122884 [3] NCCL INFO GPU Direct RDMA Enabled for GPU 2 / HCA 0 (distance 4 <= 5), read 0 mode Default
furious-puma-1:122458:122884 [3] NCCL INFO GPU Direct RDMA Enabled for GPU 3 / HCA 0 (distance 4 <= 5), read 0 mode Default
furious-puma-1:122458:122884 [3] NCCL INFO GPU Direct RDMA Enabled for GPU 4 / HCA 0 (distance 4 <= 5), read 0 mode Default
furious-puma-1:122458:122884 [3] NCCL INFO GPU Direct RDMA Enabled for GPU 5 / HCA 0 (distance 4 <= 5), read 0 mode Default
furious-puma-1:122458:122884 [3] NCCL INFO GPU Direct RDMA Enabled for GPU 6 / HCA 0 (distance 4 <= 5), read 0 mode Default
furious-puma-1:122458:122884 [3] NCCL INFO GPU Direct RDMA Enabled for GPU 7 / HCA 0 (distance 4 <= 5), read 0 mode Default
furious-puma-1:122458:122884 [3] NCCL INFO GPU Direct RDMA Enabled for GPU 0 / HCA 1 (distance 4 <= 5), read 0 mode Default
furious-puma-1:122458:122884 [3] NCCL INFO GPU Direct RDMA Enabled for GPU 1 / HCA 1 (distance 4 <= 5), read 0 mode Default
furious-puma-1:122458:122884 [3] NCCL INFO GPU Direct RDMA Enabled for GPU 2 / HCA 1 (distance 4 <= 5), read 0 mode Default
furious-puma-1:122458:122884 [3] NCCL INFO GPU Direct RDMA Enabled for GPU 3 / HCA 1 (distance 4 <= 5), read 0 mode Default
furious-puma-1:122458:122884 [3] NCCL INFO GPU Direct RDMA Enabled for GPU 4 / HCA 1 (distance 4 <= 5), read 0 mode Default
furious-puma-1:122458:122884 [3] NCCL INFO GPU Direct RDMA Enabled for GPU 5 / HCA 1 (distance 4 <= 5), read 0 mode Default
furious-puma-1:122458:122884 [3] NCCL INFO GPU Direct RDMA Enabled for GPU 6 / HCA 1 (distance 4 <= 5), read 0 mode Default
furious-puma-1:122458:122884 [3] NCCL INFO GPU Direct RDMA Enabled for GPU 7 / HCA 1 (distance 4 <= 5), read 0 mode Default
furious-puma-1:122458:122884 [3] NCCL INFO GPU Direct RDMA Enabled for GPU 0 / HCA 2 (distance 4 <= 5), read 0 mode Default
furious-puma-1:122458:122884 [3] NCCL INFO GPU Direct RDMA Enabled for GPU 1 / HCA 2 (distance 4 <= 5), read 0 mode Default
furious-puma-1:122458:122884 [3] NCCL INFO GPU Direct RDMA Enabled for GPU 2 / HCA 2 (distance 4 <= 5), read 0 mode Default
furious-puma-1:122458:122884 [3] NCCL INFO GPU Direct RDMA Enabled for GPU 3 / HCA 2 (distance 4 <= 5), read 0 mode Default
furious-puma-1:122458:122884 [3] NCCL INFO GPU Direct RDMA Enabled for GPU 4 / HCA 2 (distance 4 <= 5), read 0 mode Default
furious-puma-1:122458:122884 [3] NCCL INFO GPU Direct RDMA Enabled for GPU 5 / HCA 2 (distance 4 <= 5), read 0 mode Default
furious-puma-1:122458:122884 [3] NCCL INFO GPU Direct RDMA Enabled for GPU 6 / HCA 2 (distance 4 <= 5), read 0 mode Default
furious-puma-1:122458:122884 [3] NCCL INFO GPU Direct RDMA Enabled for GPU 7 / HCA 2 (distance 4 <= 5), read 0 mode Default
furious-puma-1:122458:122884 [3] NCCL INFO GPU Direct RDMA Enabled for GPU 0 / HCA 3 (distance 4 <= 5), read 0 mode Default
furious-puma-1:122458:122884 [3] NCCL INFO GPU Direct RDMA Enabled for GPU 1 / HCA 3 (distance 4 <= 5), read 0 mode Default
furious-puma-1:122458:122884 [3] NCCL INFO GPU Direct RDMA Enabled for GPU 2 / HCA 3 (distance 4 <= 5), read 0 mode Default
furious-puma-1:122458:122884 [3] NCCL INFO GPU Direct RDMA Enabled for GPU 3 / HCA 3 (distance 4 <= 5), read 0 mode Default
furious-puma-1:122458:122884 [3] NCCL INFO GPU Direct RDMA Enabled for GPU 4 / HCA 3 (distance 4 <= 5), read 0 mode Default
furious-puma-1:122458:122884 [3] NCCL INFO GPU Direct RDMA Enabled for GPU 5 / HCA 3 (distance 4 <= 5), read 0 mode Default
furious-puma-1:122458:122884 [3] NCCL INFO GPU Direct RDMA Enabled for GPU 6 / HCA 3 (distance 4 <= 5), read 0 mode Default
furious-puma-1:122458:122884 [3] NCCL INFO GPU Direct RDMA Enabled for GPU 7 / HCA 3 (distance 4 <= 5), read 0 mode Default
furious-puma-1:122458:122884 [3] NCCL INFO GPU Direct RDMA Enabled for GPU 0 / HCA 4 (distance 4 <= 5), read 0 mode Default
furious-puma-1:122458:122884 [3] NCCL INFO GPU Direct RDMA Enabled for GPU 1 / HCA 4 (distance 4 <= 5), read 0 mode Default
furious-puma-1:122458:122884 [3] NCCL INFO GPU Direct RDMA Enabled for GPU 2 / HCA 4 (distance 4 <= 5), read 0 mode Default
furious-puma-1:122458:122884 [3] NCCL INFO GPU Direct RDMA Enabled for GPU 3 / HCA 4 (distance 4 <= 5), read 0 mode Default
furious-puma-1:122458:122884 [3] NCCL INFO GPU Direct RDMA Enabled for GPU 4 / HCA 4 (distance 4 <= 5), read 0 mode Default
furious-puma-1:122458:122884 [3] NCCL INFO GPU Direct RDMA Enabled for GPU 5 / HCA 4 (distance 4 <= 5), read 0 mode Default
furious-puma-1:122458:122884 [3] NCCL INFO GPU Direct RDMA Enabled for GPU 6 / HCA 4 (distance 4 <= 5), read 0 mode Default
furious-puma-1:122458:122884 [3] NCCL INFO GPU Direct RDMA Enabled for GPU 7 / HCA 4 (distance 4 <= 5), read 0 mode Default
furious-puma-1:122458:122884 [3] NCCL INFO GPU Direct RDMA Enabled for GPU 0 / HCA 5 (distance 4 <= 5), read 0 mode Default
furious-puma-1:122458:122884 [3] NCCL INFO GPU Direct RDMA Enabled for GPU 1 / HCA 5 (distance 4 <= 5), read 0 mode Default
furious-puma-1:122458:122884 [3] NCCL INFO GPU Direct RDMA Enabled for GPU 2 / HCA 5 (distance 4 <= 5), read 0 mode Default
furious-puma-1:122458:122884 [3] NCCL INFO GPU Direct RDMA Enabled for GPU 3 / HCA 5 (distance 4 <= 5), read 0 mode Default
furious-puma-1:122458:122884 [3] NCCL INFO GPU Direct RDMA Enabled for GPU 4 / HCA 5 (distance 4 <= 5), read 0 mode Default
furious-puma-1:122458:122884 [3] NCCL INFO GPU Direct RDMA Enabled for GPU 5 / HCA 5 (distance 4 <= 5), read 0 mode Default
furious-puma-1:122458:122884 [3] NCCL INFO GPU Direct RDMA Enabled for GPU 6 / HCA 5 (distance 4 <= 5), read 0 mode Default
furious-puma-1:122458:122884 [3] NCCL INFO GPU Direct RDMA Enabled for GPU 7 / HCA 5 (distance 4 <= 5), read 0 mode Default
furious-puma-1:122458:122884 [3] NCCL INFO GPU Direct RDMA Enabled for GPU 0 / HCA 6 (distance 4 <= 5), read 0 mode Default
furious-puma-1:122458:122884 [3] NCCL INFO GPU Direct RDMA Enabled for GPU 1 / HCA 6 (distance 4 <= 5), read 0 mode Default
furious-puma-1:122458:122884 [3] NCCL INFO GPU Direct RDMA Enabled for GPU 2 / HCA 6 (distance 4 <= 5), read 0 mode Default
furious-puma-1:122458:122884 [3] NCCL INFO GPU Direct RDMA Enabled for GPU 3 / HCA 6 (distance 4 <= 5), read 0 mode Default
furious-puma-1:122458:122884 [3] NCCL INFO GPU Direct RDMA Enabled for GPU 4 / HCA 6 (distance 4 <= 5), read 0 mode Default
furious-puma-1:122458:122884 [3] NCCL INFO GPU Direct RDMA Enabled for GPU 5 / HCA 6 (distance 4 <= 5), read 0 mode Default
furious-puma-1:122458:122884 [3] NCCL INFO GPU Direct RDMA Enabled for GPU 6 / HCA 6 (distance 4 <= 5), read 0 mode Default
furious-puma-1:122458:122884 [3] NCCL INFO GPU Direct RDMA Enabled for GPU 7 / HCA 6 (distance 4 <= 5), read 0 mode Default
furious-puma-1:122458:122884 [3] NCCL INFO GPU Direct RDMA Enabled for GPU 0 / HCA 7 (distance 4 <= 5), read 0 mode Default
furious-puma-1:122458:122884 [3] NCCL INFO GPU Direct RDMA Enabled for GPU 1 / HCA 7 (distance 4 <= 5), read 0 mode Default
furious-puma-1:122458:122884 [3] NCCL INFO GPU Direct RDMA Enabled for GPU 2 / HCA 7 (distance 4 <= 5), read 0 mode Default
furious-puma-1:122458:122884 [3] NCCL INFO GPU Direct RDMA Enabled for GPU 3 / HCA 7 (distance 4 <= 5), read 0 mode Default
furious-puma-1:122458:122884 [3] NCCL INFO GPU Direct RDMA Enabled for GPU 4 / HCA 7 (distance 4 <= 5), read 0 mode Default
furious-puma-1:122458:122884 [3] NCCL INFO GPU Direct RDMA Enabled for GPU 5 / HCA 7 (distance 4 <= 5), read 0 mode Default
furious-puma-1:122458:122884 [3] NCCL INFO GPU Direct RDMA Enabled for GPU 6 / HCA 7 (distance 4 <= 5), read 0 mode Default
furious-puma-1:122458:122884 [3] NCCL INFO GPU Direct RDMA Enabled for GPU 7 / HCA 7 (distance 4 <= 5), read 0 mode Default
furious-puma-1:122457:122887 [2] NCCL INFO === System : maxBw 370.8 totalBw 370.8 ===
furious-puma-1:122456:122885 [1] NCCL INFO GPU Direct RDMA Enabled for GPU 0 / HCA 0 (distance 4 <= 5), read 0 mode Default
furious-puma-1:122457:122887 [2] NCCL INFO CPU/0-0 (1/1/3)
furious-puma-1:122456:122885 [1] NCCL INFO GPU Direct RDMA Enabled for GPU 1 / HCA 0 (distance 4 <= 5), read 0 mode Default
furious-puma-1:122457:122887 [2] NCCL INFO + PCI[48.0] - PCI/0-ffffff010 (0)
furious-puma-1:122456:122885 [1] NCCL INFO GPU Direct RDMA Enabled for GPU 2 / HCA 0 (distance 4 <= 5), read 0 mode Default
furious-puma-1:122457:122887 [2] NCCL INFO               + PCI[48.0] - GPU/0-7f000 (0)
furious-puma-1:122456:122885 [1] NCCL INFO GPU Direct RDMA Enabled for GPU 3 / HCA 0 (distance 4 <= 5), read 0 mode Default
furious-puma-1:122457:122887 [2] NCCL INFO                             + NVL[370.8] - NVS/0-0
furious-puma-1:122456:122885 [1] NCCL INFO GPU Direct RDMA Enabled for GPU 4 / HCA 0 (distance 4 <= 5), read 0 mode Default
furious-puma-1:122457:122887 [2] NCCL INFO               + PCI[48.0] - NIC/0-80000
furious-puma-1:122456:122885 [1] NCCL INFO GPU Direct RDMA Enabled for GPU 5 / HCA 0 (distance 4 <= 5), read 0 mode Default
furious-puma-1:122457:122887 [2] NCCL INFO + PCI[48.0] - PCI/0-ffffff020 (0)
furious-puma-1:122457:122887 [2] NCCL INFO               + PCI[48.0] - NIC/0-90000
furious-puma-1:122456:122885 [1] NCCL INFO GPU Direct RDMA Enabled for GPU 6 / HCA 0 (distance 4 <= 5), read 0 mode Default
furious-puma-1:122457:122887 [2] NCCL INFO               + PCI[48.0] - GPU/0-8f000 (1)
furious-puma-1:122456:122885 [1] NCCL INFO GPU Direct RDMA Enabled for GPU 7 / HCA 0 (distance 4 <= 5), read 0 mode Default
furious-puma-1:122457:122887 [2] NCCL INFO                             + NVL[370.8] - NVS/0-0
furious-puma-1:122457:122887 [2] NCCL INFO + PCI[48.0] - PCI/0-ffffff030 (0)
furious-puma-1:122456:122885 [1] NCCL INFO GPU Direct RDMA Enabled for GPU 0 / HCA 1 (distance 4 <= 5), read 0 mode Default
furious-puma-1:122457:122887 [2] NCCL INFO               + PCI[48.0] - NIC/0-a0000
furious-puma-1:122456:122885 [1] NCCL INFO GPU Direct RDMA Enabled for GPU 1 / HCA 1 (distance 4 <= 5), read 0 mode Default
furious-puma-1:122457:122887 [2] NCCL INFO               + PCI[48.0] - GPU/0-9f000 (2)
furious-puma-1:122457:122887 [2] NCCL INFO                             + NVL[370.8] - NVS/0-0
furious-puma-1:122456:122885 [1] NCCL INFO GPU Direct RDMA Enabled for GPU 2 / HCA 1 (distance 4 <= 5), read 0 mode Default
furious-puma-1:122457:122887 [2] NCCL INFO + PCI[48.0] - PCI/0-ffffff040 (0)
furious-puma-1:122456:122885 [1] NCCL INFO GPU Direct RDMA Enabled for GPU 3 / HCA 1 (distance 4 <= 5), read 0 mode Default
furious-puma-1:122457:122887 [2] NCCL INFO               + PCI[48.0] - NIC/0-b0000
furious-puma-1:122457:122887 [2] NCCL INFO               + PCI[48.0] - GPU/0-af000 (3)
furious-puma-1:122456:122885 [1] NCCL INFO GPU Direct RDMA Enabled for GPU 4 / HCA 1 (distance 4 <= 5), read 0 mode Default
furious-puma-1:122457:122887 [2] NCCL INFO                             + NVL[370.8] - NVS/0-0
furious-puma-1:122456:122885 [1] NCCL INFO GPU Direct RDMA Enabled for GPU 5 / HCA 1 (distance 4 <= 5), read 0 mode Default
furious-puma-1:122457:122887 [2] NCCL INFO + SYS[22.0] - CPU/0-1
furious-puma-1:122456:122885 [1] NCCL INFO GPU Direct RDMA Enabled for GPU 6 / HCA 1 (distance 4 <= 5), read 0 mode Default
furious-puma-1:122457:122887 [2] NCCL INFO CPU/0-1 (1/1/3)
furious-puma-1:122457:122887 [2] NCCL INFO + PCI[48.0] - PCI/0-ffffff050 (0)
furious-puma-1:122456:122885 [1] NCCL INFO GPU Direct RDMA Enabled for GPU 7 / HCA 1 (distance 4 <= 5), read 0 mode Default
furious-puma-1:122457:122887 [2] NCCL INFO               + PCI[48.0] - NIC/0-c0000
furious-puma-1:122457:122887 [2] NCCL INFO               + PCI[48.0] - GPU/0-bf000 (4)
furious-puma-1:122456:122885 [1] NCCL INFO GPU Direct RDMA Enabled for GPU 0 / HCA 2 (distance 4 <= 5), read 0 mode Default
furious-puma-1:122457:122887 [2] NCCL INFO                             + NVL[370.8] - NVS/0-0
furious-puma-1:122456:122885 [1] NCCL INFO GPU Direct RDMA Enabled for GPU 1 / HCA 2 (distance 4 <= 5), read 0 mode Default
furious-puma-1:122457:122887 [2] NCCL INFO + PCI[48.0] - PCI/0-ffffff060 (0)
furious-puma-1:122457:122887 [2] NCCL INFO               + PCI[48.0] - NIC/0-d0000
furious-puma-1:122456:122885 [1] NCCL INFO GPU Direct RDMA Enabled for GPU 2 / HCA 2 (distance 4 <= 5), read 0 mode Default
furious-puma-1:122457:122887 [2] NCCL INFO               + PCI[48.0] - GPU/0-cf000 (5)
furious-puma-1:122456:122885 [1] NCCL INFO GPU Direct RDMA Enabled for GPU 3 / HCA 2 (distance 4 <= 5), read 0 mode Default
furious-puma-1:122457:122887 [2] NCCL INFO                             + NVL[370.8] - NVS/0-0
furious-puma-1:122457:122887 [2] NCCL INFO + PCI[48.0] - PCI/0-ffffff070 (0)
furious-puma-1:122456:122885 [1] NCCL INFO GPU Direct RDMA Enabled for GPU 4 / HCA 2 (distance 4 <= 5), read 0 mode Default
furious-puma-1:122457:122887 [2] NCCL INFO               + PCI[48.0] - NIC/0-e0000
furious-puma-1:122457:122887 [2] NCCL INFO               + PCI[48.0] - GPU/0-df000 (6)
furious-puma-1:122456:122885 [1] NCCL INFO GPU Direct RDMA Enabled for GPU 5 / HCA 2 (distance 4 <= 5), read 0 mode Default
furious-puma-1:122457:122887 [2] NCCL INFO                             + NVL[370.8] - NVS/0-0
furious-puma-1:122456:122885 [1] NCCL INFO GPU Direct RDMA Enabled for GPU 6 / HCA 2 (distance 4 <= 5), read 0 mode Default
furious-puma-1:122457:122887 [2] NCCL INFO + PCI[48.0] - PCI/0-ffffff080 (0)
furious-puma-1:122457:122887 [2] NCCL INFO               + PCI[48.0] - NIC/0-f0000
furious-puma-1:122456:122885 [1] NCCL INFO GPU Direct RDMA Enabled for GPU 7 / HCA 2 (distance 4 <= 5), read 0 mode Default
furious-puma-1:122457:122887 [2] NCCL INFO               + PCI[48.0] - GPU/0-ef000 (7)
furious-puma-1:122456:122885 [1] NCCL INFO GPU Direct RDMA Enabled for GPU 0 / HCA 3 (distance 4 <= 5), read 0 mode Default
furious-puma-1:122457:122887 [2] NCCL INFO                             + NVL[370.8] - NVS/0-0
furious-puma-1:122457:122887 [2] NCCL INFO + SYS[22.0] - CPU/0-0
furious-puma-1:122456:122885 [1] NCCL INFO GPU Direct RDMA Enabled for GPU 1 / HCA 3 (distance 4 <= 5), read 0 mode Default
furious-puma-1:122457:122887 [2] NCCL INFO ==========================================
furious-puma-1:122456:122885 [1] NCCL INFO GPU Direct RDMA Enabled for GPU 2 / HCA 3 (distance 4 <= 5), read 0 mode Default
furious-puma-1:122456:122885 [1] NCCL INFO GPU Direct RDMA Enabled for GPU 3 / HCA 3 (distance 4 <= 5), read 0 mode Default
furious-puma-1:122456:122885 [1] NCCL INFO GPU Direct RDMA Enabled for GPU 4 / HCA 3 (distance 4 <= 5), read 0 mode Default
furious-puma-1:122456:122885 [1] NCCL INFO GPU Direct RDMA Enabled for GPU 5 / HCA 3 (distance 4 <= 5), read 0 mode Default
furious-puma-1:122457:122887 [2] NCCL INFO GPU/0-7f000 :GPU/0-7f000 (0/5000.0/LOC) GPU/0-8f000 (2/370.8/NVL) GPU/0-9f000 (2/370.8/NVL) GPU/0-af000 (2/370.8/NVL) GPU/0-bf000 (2/370.8/NVL) GPU/0-cf000 (2/370.8/NVL) GPU/0-df000 (2/370.8/NVL) GPU/0-ef000 (2/370.8/NVL) NVS/0-0 (1/370.8/NVL) CPU/0-0 (2/48.0/PHB) CPU/0-1 (3/22.0/SYS) 
furious-puma-1:122456:122885 [1] NCCL INFO GPU Direct RDMA Enabled for GPU 6 / HCA 3 (distance 4 <= 5), read 0 mode Default
furious-puma-1:122456:122885 [1] NCCL INFO GPU Direct RDMA Enabled for GPU 7 / HCA 3 (distance 4 <= 5), read 0 mode Default
furious-puma-1:122457:122887 [2] NCCL INFO GPU/0-8f000 :GPU/0-7f000 (2/370.8/NVL) GPU/0-8f000 (0/5000.0/LOC) GPU/0-9f000 (2/370.8/NVL) GPU/0-af000 (2/370.8/NVL) GPU/0-bf000 (2/370.8/NVL) GPU/0-cf000 (2/370.8/NVL) GPU/0-df000 (2/370.8/NVL) GPU/0-ef000 (2/370.8/NVL) NVS/0-0 (1/370.8/NVL) CPU/0-0 (2/48.0/PHB) CPU/0-1 (3/22.0/SYS) 
furious-puma-1:122456:122885 [1] NCCL INFO GPU Direct RDMA Enabled for GPU 0 / HCA 4 (distance 4 <= 5), read 0 mode Default
furious-puma-1:122456:122885 [1] NCCL INFO GPU Direct RDMA Enabled for GPU 1 / HCA 4 (distance 4 <= 5), read 0 mode Default
furious-puma-1:122456:122885 [1] NCCL INFO GPU Direct RDMA Enabled for GPU 2 / HCA 4 (distance 4 <= 5), read 0 mode Default
furious-puma-1:122456:122885 [1] NCCL INFO GPU Direct RDMA Enabled for GPU 3 / HCA 4 (distance 4 <= 5), read 0 mode Default
furious-puma-1:122457:122887 [2] NCCL INFO GPU/0-9f000 :GPU/0-7f000 (2/370.8/NVL) GPU/0-8f000 (2/370.8/NVL) GPU/0-9f000 (0/5000.0/LOC) GPU/0-af000 (2/370.8/NVL) GPU/0-bf000 (2/370.8/NVL) GPU/0-cf000 (2/370.8/NVL) GPU/0-df000 (2/370.8/NVL) GPU/0-ef000 (2/370.8/NVL) NVS/0-0 (1/370.8/NVL) CPU/0-0 (2/48.0/PHB) CPU/0-1 (3/22.0/SYS) 
furious-puma-1:122456:122885 [1] NCCL INFO GPU Direct RDMA Enabled for GPU 4 / HCA 4 (distance 4 <= 5), read 0 mode Default
furious-puma-1:122456:122885 [1] NCCL INFO GPU Direct RDMA Enabled for GPU 5 / HCA 4 (distance 4 <= 5), read 0 mode Default
furious-puma-1:122456:122885 [1] NCCL INFO GPU Direct RDMA Enabled for GPU 6 / HCA 4 (distance 4 <= 5), read 0 mode Default
furious-puma-1:122457:122887 [2] NCCL INFO GPU/0-af000 :GPU/0-7f000 (2/370.8/NVL) GPU/0-8f000 (2/370.8/NVL) GPU/0-9f000 (2/370.8/NVL) GPU/0-af000 (0/5000.0/LOC) GPU/0-bf000 (2/370.8/NVL) GPU/0-cf000 (2/370.8/NVL) GPU/0-df000 (2/370.8/NVL) GPU/0-ef000 (2/370.8/NVL) NVS/0-0 (1/370.8/NVL) CPU/0-0 (2/48.0/PHB) CPU/0-1 (3/22.0/SYS) 
furious-puma-1:122456:122885 [1] NCCL INFO GPU Direct RDMA Enabled for GPU 7 / HCA 4 (distance 4 <= 5), read 0 mode Default
furious-puma-1:122456:122885 [1] NCCL INFO GPU Direct RDMA Enabled for GPU 0 / HCA 5 (distance 4 <= 5), read 0 mode Default
furious-puma-1:122456:122885 [1] NCCL INFO GPU Direct RDMA Enabled for GPU 1 / HCA 5 (distance 4 <= 5), read 0 mode Default
furious-puma-1:122457:122887 [2] NCCL INFO GPU/0-bf000 :GPU/0-7f000 (2/370.8/NVL) GPU/0-8f000 (2/370.8/NVL) GPU/0-9f000 (2/370.8/NVL) GPU/0-af000 (2/370.8/NVL) GPU/0-bf000 (0/5000.0/LOC) GPU/0-cf000 (2/370.8/NVL) GPU/0-df000 (2/370.8/NVL) GPU/0-ef000 (2/370.8/NVL) NVS/0-0 (1/370.8/NVL) CPU/0-0 (3/22.0/SYS) CPU/0-1 (2/48.0/PHB) 
furious-puma-1:122456:122885 [1] NCCL INFO GPU Direct RDMA Enabled for GPU 2 / HCA 5 (distance 4 <= 5), read 0 mode Default
furious-puma-1:122456:122885 [1] NCCL INFO GPU Direct RDMA Enabled for GPU 3 / HCA 5 (distance 4 <= 5), read 0 mode Default
furious-puma-1:122456:122885 [1] NCCL INFO GPU Direct RDMA Enabled for GPU 4 / HCA 5 (distance 4 <= 5), read 0 mode Default
furious-puma-1:122456:122885 [1] NCCL INFO GPU Direct RDMA Enabled for GPU 5 / HCA 5 (distance 4 <= 5), read 0 mode Default
furious-puma-1:122457:122887 [2] NCCL INFO GPU/0-cf000 :GPU/0-7f000 (2/370.8/NVL) GPU/0-8f000 (2/370.8/NVL) GPU/0-9f000 (2/370.8/NVL) GPU/0-af000 (2/370.8/NVL) GPU/0-bf000 (2/370.8/NVL) GPU/0-cf000 (0/5000.0/LOC) GPU/0-df000 (2/370.8/NVL) GPU/0-ef000 (2/370.8/NVL) NVS/0-0 (1/370.8/NVL) CPU/0-0 (3/22.0/SYS) CPU/0-1 (2/48.0/PHB) 
furious-puma-1:122456:122885 [1] NCCL INFO GPU Direct RDMA Enabled for GPU 6 / HCA 5 (distance 4 <= 5), read 0 mode Default
furious-puma-1:122456:122885 [1] NCCL INFO GPU Direct RDMA Enabled for GPU 7 / HCA 5 (distance 4 <= 5), read 0 mode Default
furious-puma-1:122457:122887 [2] NCCL INFO GPU/0-df000 :GPU/0-7f000 (2/370.8/NVL) GPU/0-8f000 (2/370.8/NVL) GPU/0-9f000 (2/370.8/NVL) GPU/0-af000 (2/370.8/NVL) GPU/0-bf000 (2/370.8/NVL) GPU/0-cf000 (2/370.8/NVL) GPU/0-df000 (0/5000.0/LOC) GPU/0-ef000 (2/370.8/NVL) NVS/0-0 (1/370.8/NVL) CPU/0-0 (3/22.0/SYS) CPU/0-1 (2/48.0/PHB) 
furious-puma-1:122456:122885 [1] NCCL INFO GPU Direct RDMA Enabled for GPU 0 / HCA 6 (distance 4 <= 5), read 0 mode Default
furious-puma-1:122456:122885 [1] NCCL INFO GPU Direct RDMA Enabled for GPU 1 / HCA 6 (distance 4 <= 5), read 0 mode Default
furious-puma-1:122456:122885 [1] NCCL INFO GPU Direct RDMA Enabled for GPU 2 / HCA 6 (distance 4 <= 5), read 0 mode Default
furious-puma-1:122457:122887 [2] NCCL INFO GPU/0-ef000 :GPU/0-7f000 (2/370.8/NVL) GPU/0-8f000 (2/370.8/NVL) GPU/0-9f000 (2/370.8/NVL) GPU/0-af000 (2/370.8/NVL) GPU/0-bf000 (2/370.8/NVL) GPU/0-cf000 (2/370.8/NVL) GPU/0-df000 (2/370.8/NVL) GPU/0-ef000 (0/5000.0/LOC) NVS/0-0 (1/370.8/NVL) CPU/0-0 (3/22.0/SYS) CPU/0-1 (2/48.0/PHB) 
furious-puma-1:122456:122885 [1] NCCL INFO GPU Direct RDMA Enabled for GPU 3 / HCA 6 (distance 4 <= 5), read 0 mode Default
furious-puma-1:122456:122885 [1] NCCL INFO GPU Direct RDMA Enabled for GPU 4 / HCA 6 (distance 4 <= 5), read 0 mode Default
furious-puma-1:122456:122885 [1] NCCL INFO GPU Direct RDMA Enabled for GPU 5 / HCA 6 (distance 4 <= 5), read 0 mode Default
furious-puma-1:122456:122885 [1] NCCL INFO GPU Direct RDMA Enabled for GPU 6 / HCA 6 (distance 4 <= 5), read 0 mode Default
furious-puma-1:122456:122885 [1] NCCL INFO GPU Direct RDMA Enabled for GPU 7 / HCA 6 (distance 4 <= 5), read 0 mode Default
furious-puma-1:122457:122887 [2] NCCL INFO Setting affinity for GPU 2 to 0-79
furious-puma-1:122456:122885 [1] NCCL INFO GPU Direct RDMA Enabled for GPU 0 / HCA 7 (distance 4 <= 5), read 0 mode Default
furious-puma-1:122456:122885 [1] NCCL INFO GPU Direct RDMA Enabled for GPU 1 / HCA 7 (distance 4 <= 5), read 0 mode Default
furious-puma-1:122456:122885 [1] NCCL INFO GPU Direct RDMA Enabled for GPU 2 / HCA 7 (distance 4 <= 5), read 0 mode Default
furious-puma-1:122456:122885 [1] NCCL INFO GPU Direct RDMA Enabled for GPU 3 / HCA 7 (distance 4 <= 5), read 0 mode Default
furious-puma-1:122456:122885 [1] NCCL INFO GPU Direct RDMA Enabled for GPU 4 / HCA 7 (distance 4 <= 5), read 0 mode Default
furious-puma-1:122456:122885 [1] NCCL INFO GPU Direct RDMA Enabled for GPU 5 / HCA 7 (distance 4 <= 5), read 0 mode Default
furious-puma-1:122456:122885 [1] NCCL INFO GPU Direct RDMA Enabled for GPU 6 / HCA 7 (distance 4 <= 5), read 0 mode Default
furious-puma-1:122456:122885 [1] NCCL INFO GPU Direct RDMA Enabled for GPU 7 / HCA 7 (distance 4 <= 5), read 0 mode Default
furious-puma-1:122457:122887 [2] NCCL INFO NVLS multicast support is available on dev 2 (NVLS_NCHANNELS 16)
furious-puma-1:122455:122883 [0] NCCL INFO === System : maxBw 370.8 totalBw 370.8 ===
furious-puma-1:122455:122883 [0] NCCL INFO CPU/0-0 (1/1/3)
furious-puma-1:122455:122883 [0] NCCL INFO + PCI[48.0] - PCI/0-ffffff010 (0)
furious-puma-1:122455:122883 [0] NCCL INFO               + PCI[48.0] - GPU/0-7f000 (0)
furious-puma-1:122455:122883 [0] NCCL INFO                             + NVL[370.8] - NVS/0-0
furious-puma-1:122455:122883 [0] NCCL INFO               + PCI[48.0] - NIC/0-80000
furious-puma-1:122455:122883 [0] NCCL INFO + PCI[48.0] - PCI/0-ffffff020 (0)
furious-puma-1:122455:122883 [0] NCCL INFO               + PCI[48.0] - NIC/0-90000
furious-puma-1:122455:122883 [0] NCCL INFO               + PCI[48.0] - GPU/0-8f000 (1)
furious-puma-1:122455:122883 [0] NCCL INFO                             + NVL[370.8] - NVS/0-0
furious-puma-1:122455:122883 [0] NCCL INFO + PCI[48.0] - PCI/0-ffffff030 (0)
furious-puma-1:122455:122883 [0] NCCL INFO               + PCI[48.0] - NIC/0-a0000
furious-puma-1:122455:122883 [0] NCCL INFO               + PCI[48.0] - GPU/0-9f000 (2)
furious-puma-1:122455:122883 [0] NCCL INFO                             + NVL[370.8] - NVS/0-0
furious-puma-1:122455:122883 [0] NCCL INFO + PCI[48.0] - PCI/0-ffffff040 (0)
furious-puma-1:122455:122883 [0] NCCL INFO               + PCI[48.0] - NIC/0-b0000
furious-puma-1:122455:122883 [0] NCCL INFO               + PCI[48.0] - GPU/0-af000 (3)
furious-puma-1:122455:122883 [0] NCCL INFO                             + NVL[370.8] - NVS/0-0
furious-puma-1:122455:122883 [0] NCCL INFO + SYS[22.0] - CPU/0-1
furious-puma-1:122455:122883 [0] NCCL INFO CPU/0-1 (1/1/3)
furious-puma-1:122455:122883 [0] NCCL INFO + PCI[48.0] - PCI/0-ffffff050 (0)
furious-puma-1:122455:122883 [0] NCCL INFO               + PCI[48.0] - NIC/0-c0000
furious-puma-1:122455:122883 [0] NCCL INFO               + PCI[48.0] - GPU/0-bf000 (4)
furious-puma-1:122455:122883 [0] NCCL INFO                             + NVL[370.8] - NVS/0-0
furious-puma-1:122455:122883 [0] NCCL INFO + PCI[48.0] - PCI/0-ffffff060 (0)
furious-puma-1:122455:122883 [0] NCCL INFO               + PCI[48.0] - NIC/0-d0000
furious-puma-1:122455:122883 [0] NCCL INFO               + PCI[48.0] - GPU/0-cf000 (5)
furious-puma-1:122455:122883 [0] NCCL INFO                             + NVL[370.8] - NVS/0-0
furious-puma-1:122455:122883 [0] NCCL INFO + PCI[48.0] - PCI/0-ffffff070 (0)
furious-puma-1:122455:122883 [0] NCCL INFO               + PCI[48.0] - NIC/0-e0000
furious-puma-1:122455:122883 [0] NCCL INFO               + PCI[48.0] - GPU/0-df000 (6)
furious-puma-1:122455:122883 [0] NCCL INFO                             + NVL[370.8] - NVS/0-0
furious-puma-1:122455:122883 [0] NCCL INFO + PCI[48.0] - PCI/0-ffffff080 (0)
furious-puma-1:122455:122883 [0] NCCL INFO               + PCI[48.0] - NIC/0-f0000
furious-puma-1:122455:122883 [0] NCCL INFO               + PCI[48.0] - GPU/0-ef000 (7)
furious-puma-1:122455:122883 [0] NCCL INFO                             + NVL[370.8] - NVS/0-0
furious-puma-1:122455:122883 [0] NCCL INFO + SYS[22.0] - CPU/0-0
furious-puma-1:122455:122883 [0] NCCL INFO ==========================================
furious-puma-1:122460:123007 [5] NCCL INFO GPU Direct RDMA Enabled for GPU 0 / HCA 0 (distance 4 <= 5), read 0 mode Default
furious-puma-1:122455:122883 [0] NCCL INFO GPU/0-7f000 :GPU/0-7f000 (0/5000.0/LOC) GPU/0-8f000 (2/370.8/NVL) GPU/0-9f000 (2/370.8/NVL) GPU/0-af000 (2/370.8/NVL) GPU/0-bf000 (2/370.8/NVL) GPU/0-cf000 (2/370.8/NVL) GPU/0-df000 (2/370.8/NVL) GPU/0-ef000 (2/370.8/NVL) NVS/0-0 (1/370.8/NVL) CPU/0-0 (2/48.0/PHB) CPU/0-1 (3/22.0/SYS) 
furious-puma-1:122460:123007 [5] NCCL INFO GPU Direct RDMA Enabled for GPU 1 / HCA 0 (distance 4 <= 5), read 0 mode Default
furious-puma-1:122455:122883 [0] NCCL INFO GPU/0-8f000 :GPU/0-7f000 (2/370.8/NVL) GPU/0-8f000 (0/5000.0/LOC) GPU/0-9f000 (2/370.8/NVL) GPU/0-af000 (2/370.8/NVL) GPU/0-bf000 (2/370.8/NVL) GPU/0-cf000 (2/370.8/NVL) GPU/0-df000 (2/370.8/NVL) GPU/0-ef000 (2/370.8/NVL) NVS/0-0 (1/370.8/NVL) CPU/0-0 (2/48.0/PHB) CPU/0-1 (3/22.0/SYS) 
furious-puma-1:122460:123007 [5] NCCL INFO GPU Direct RDMA Enabled for GPU 2 / HCA 0 (distance 4 <= 5), read 0 mode Default
furious-puma-1:122460:123007 [5] NCCL INFO GPU Direct RDMA Enabled for GPU 3 / HCA 0 (distance 4 <= 5), read 0 mode Default
furious-puma-1:122460:123007 [5] NCCL INFO GPU Direct RDMA Enabled for GPU 4 / HCA 0 (distance 4 <= 5), read 0 mode Default
furious-puma-1:122455:122883 [0] NCCL INFO GPU/0-9f000 :GPU/0-7f000 (2/370.8/NVL) GPU/0-8f000 (2/370.8/NVL) GPU/0-9f000 (0/5000.0/LOC) GPU/0-af000 (2/370.8/NVL) GPU/0-bf000 (2/370.8/NVL) GPU/0-cf000 (2/370.8/NVL) GPU/0-df000 (2/370.8/NVL) GPU/0-ef000 (2/370.8/NVL) NVS/0-0 (1/370.8/NVL) CPU/0-0 (2/48.0/PHB) CPU/0-1 (3/22.0/SYS) 
furious-puma-1:122460:123007 [5] NCCL INFO GPU Direct RDMA Enabled for GPU 5 / HCA 0 (distance 4 <= 5), read 0 mode Default
furious-puma-1:122460:123007 [5] NCCL INFO GPU Direct RDMA Enabled for GPU 6 / HCA 0 (distance 4 <= 5), read 0 mode Default
furious-puma-1:122460:123007 [5] NCCL INFO GPU Direct RDMA Enabled for GPU 7 / HCA 0 (distance 4 <= 5), read 0 mode Default
furious-puma-1:122455:122883 [0] NCCL INFO GPU/0-af000 :GPU/0-7f000 (2/370.8/NVL) GPU/0-8f000 (2/370.8/NVL) GPU/0-9f000 (2/370.8/NVL) GPU/0-af000 (0/5000.0/LOC) GPU/0-bf000 (2/370.8/NVL) GPU/0-cf000 (2/370.8/NVL) GPU/0-df000 (2/370.8/NVL) GPU/0-ef000 (2/370.8/NVL) NVS/0-0 (1/370.8/NVL) CPU/0-0 (2/48.0/PHB) CPU/0-1 (3/22.0/SYS) 
furious-puma-1:122460:123007 [5] NCCL INFO GPU Direct RDMA Enabled for GPU 0 / HCA 1 (distance 4 <= 5), read 0 mode Default
furious-puma-1:122460:123007 [5] NCCL INFO GPU Direct RDMA Enabled for GPU 1 / HCA 1 (distance 4 <= 5), read 0 mode Default
furious-puma-1:122460:123007 [5] NCCL INFO GPU Direct RDMA Enabled for GPU 2 / HCA 1 (distance 4 <= 5), read 0 mode Default
furious-puma-1:122455:122883 [0] NCCL INFO GPU/0-bf000 :GPU/0-7f000 (2/370.8/NVL) GPU/0-8f000 (2/370.8/NVL) GPU/0-9f000 (2/370.8/NVL) GPU/0-af000 (2/370.8/NVL) GPU/0-bf000 (0/5000.0/LOC) GPU/0-cf000 (2/370.8/NVL) GPU/0-df000 (2/370.8/NVL) GPU/0-ef000 (2/370.8/NVL) NVS/0-0 (1/370.8/NVL) CPU/0-0 (3/22.0/SYS) CPU/0-1 (2/48.0/PHB) 
furious-puma-1:122460:123007 [5] NCCL INFO GPU Direct RDMA Enabled for GPU 3 / HCA 1 (distance 4 <= 5), read 0 mode Default
furious-puma-1:122460:123007 [5] NCCL INFO GPU Direct RDMA Enabled for GPU 4 / HCA 1 (distance 4 <= 5), read 0 mode Default
furious-puma-1:122460:123007 [5] NCCL INFO GPU Direct RDMA Enabled for GPU 5 / HCA 1 (distance 4 <= 5), read 0 mode Default
furious-puma-1:122455:122883 [0] NCCL INFO GPU/0-cf000 :GPU/0-7f000 (2/370.8/NVL) GPU/0-8f000 (2/370.8/NVL) GPU/0-9f000 (2/370.8/NVL) GPU/0-af000 (2/370.8/NVL) GPU/0-bf000 (2/370.8/NVL) GPU/0-cf000 (0/5000.0/LOC) GPU/0-df000 (2/370.8/NVL) GPU/0-ef000 (2/370.8/NVL) NVS/0-0 (1/370.8/NVL) CPU/0-0 (3/22.0/SYS) CPU/0-1 (2/48.0/PHB) 
furious-puma-1:122460:123007 [5] NCCL INFO GPU Direct RDMA Enabled for GPU 6 / HCA 1 (distance 4 <= 5), read 0 mode Default
furious-puma-1:122460:123007 [5] NCCL INFO GPU Direct RDMA Enabled for GPU 7 / HCA 1 (distance 4 <= 5), read 0 mode Default
furious-puma-1:122460:123007 [5] NCCL INFO GPU Direct RDMA Enabled for GPU 0 / HCA 2 (distance 4 <= 5), read 0 mode Default
furious-puma-1:122455:122883 [0] NCCL INFO GPU/0-df000 :GPU/0-7f000 (2/370.8/NVL) GPU/0-8f000 (2/370.8/NVL) GPU/0-9f000 (2/370.8/NVL) GPU/0-af000 (2/370.8/NVL) GPU/0-bf000 (2/370.8/NVL) GPU/0-cf000 (2/370.8/NVL) GPU/0-df000 (0/5000.0/LOC) GPU/0-ef000 (2/370.8/NVL) NVS/0-0 (1/370.8/NVL) CPU/0-0 (3/22.0/SYS) CPU/0-1 (2/48.0/PHB) 
furious-puma-1:122460:123007 [5] NCCL INFO GPU Direct RDMA Enabled for GPU 1 / HCA 2 (distance 4 <= 5), read 0 mode Default
furious-puma-1:122460:123007 [5] NCCL INFO GPU Direct RDMA Enabled for GPU 2 / HCA 2 (distance 4 <= 5), read 0 mode Default
furious-puma-1:122460:123007 [5] NCCL INFO GPU Direct RDMA Enabled for GPU 3 / HCA 2 (distance 4 <= 5), read 0 mode Default
furious-puma-1:122455:122883 [0] NCCL INFO GPU/0-ef000 :GPU/0-7f000 (2/370.8/NVL) GPU/0-8f000 (2/370.8/NVL) GPU/0-9f000 (2/370.8/NVL) GPU/0-af000 (2/370.8/NVL) GPU/0-bf000 (2/370.8/NVL) GPU/0-cf000 (2/370.8/NVL) GPU/0-df000 (2/370.8/NVL) GPU/0-ef000 (0/5000.0/LOC) NVS/0-0 (1/370.8/NVL) CPU/0-0 (3/22.0/SYS) CPU/0-1 (2/48.0/PHB) 
furious-puma-1:122459:122983 [4] NCCL INFO GPU Direct RDMA Enabled for GPU 0 / HCA 0 (distance 4 <= 5), read 0 mode Default
furious-puma-1:122460:123007 [5] NCCL INFO GPU Direct RDMA Enabled for GPU 4 / HCA 2 (distance 4 <= 5), read 0 mode Default
furious-puma-1:122460:123007 [5] NCCL INFO GPU Direct RDMA Enabled for GPU 5 / HCA 2 (distance 4 <= 5), read 0 mode Default
furious-puma-1:122459:122983 [4] NCCL INFO GPU Direct RDMA Enabled for GPU 1 / HCA 0 (distance 4 <= 5), read 0 mode Default
furious-puma-1:122460:123007 [5] NCCL INFO GPU Direct RDMA Enabled for GPU 6 / HCA 2 (distance 4 <= 5), read 0 mode Default
furious-puma-1:122459:122983 [4] NCCL INFO GPU Direct RDMA Enabled for GPU 2 / HCA 0 (distance 4 <= 5), read 0 mode Default
furious-puma-1:122460:123007 [5] NCCL INFO GPU Direct RDMA Enabled for GPU 7 / HCA 2 (distance 4 <= 5), read 0 mode Default
furious-puma-1:122455:122883 [0] NCCL INFO Setting affinity for GPU 0 to 0-79
furious-puma-1:122459:122983 [4] NCCL INFO GPU Direct RDMA Enabled for GPU 3 / HCA 0 (distance 4 <= 5), read 0 mode Default
furious-puma-1:122460:123007 [5] NCCL INFO GPU Direct RDMA Enabled for GPU 0 / HCA 3 (distance 4 <= 5), read 0 mode Default
furious-puma-1:122459:122983 [4] NCCL INFO GPU Direct RDMA Enabled for GPU 4 / HCA 0 (distance 4 <= 5), read 0 mode Default
furious-puma-1:122460:123007 [5] NCCL INFO GPU Direct RDMA Enabled for GPU 1 / HCA 3 (distance 4 <= 5), read 0 mode Default
furious-puma-1:122459:122983 [4] NCCL INFO GPU Direct RDMA Enabled for GPU 5 / HCA 0 (distance 4 <= 5), read 0 mode Default
furious-puma-1:122460:123007 [5] NCCL INFO GPU Direct RDMA Enabled for GPU 2 / HCA 3 (distance 4 <= 5), read 0 mode Default
furious-puma-1:122459:122983 [4] NCCL INFO GPU Direct RDMA Enabled for GPU 6 / HCA 0 (distance 4 <= 5), read 0 mode Default
furious-puma-1:122460:123007 [5] NCCL INFO GPU Direct RDMA Enabled for GPU 3 / HCA 3 (distance 4 <= 5), read 0 mode Default
furious-puma-1:122459:122983 [4] NCCL INFO GPU Direct RDMA Enabled for GPU 7 / HCA 0 (distance 4 <= 5), read 0 mode Default
furious-puma-1:122460:123007 [5] NCCL INFO GPU Direct RDMA Enabled for GPU 4 / HCA 3 (distance 4 <= 5), read 0 mode Default
furious-puma-1:122459:122983 [4] NCCL INFO GPU Direct RDMA Enabled for GPU 0 / HCA 1 (distance 4 <= 5), read 0 mode Default
furious-puma-1:122460:123007 [5] NCCL INFO GPU Direct RDMA Enabled for GPU 5 / HCA 3 (distance 4 <= 5), read 0 mode Default
furious-puma-1:122459:122983 [4] NCCL INFO GPU Direct RDMA Enabled for GPU 1 / HCA 1 (distance 4 <= 5), read 0 mode Default
furious-puma-1:122460:123007 [5] NCCL INFO GPU Direct RDMA Enabled for GPU 6 / HCA 3 (distance 4 <= 5), read 0 mode Default
furious-puma-1:122459:122983 [4] NCCL INFO GPU Direct RDMA Enabled for GPU 2 / HCA 1 (distance 4 <= 5), read 0 mode Default
furious-puma-1:122460:123007 [5] NCCL INFO GPU Direct RDMA Enabled for GPU 7 / HCA 3 (distance 4 <= 5), read 0 mode Default
furious-puma-1:122459:122983 [4] NCCL INFO GPU Direct RDMA Enabled for GPU 3 / HCA 1 (distance 4 <= 5), read 0 mode Default
furious-puma-1:122460:123007 [5] NCCL INFO GPU Direct RDMA Enabled for GPU 0 / HCA 4 (distance 4 <= 5), read 0 mode Default
furious-puma-1:122459:122983 [4] NCCL INFO GPU Direct RDMA Enabled for GPU 4 / HCA 1 (distance 4 <= 5), read 0 mode Default
furious-puma-1:122460:123007 [5] NCCL INFO GPU Direct RDMA Enabled for GPU 1 / HCA 4 (distance 4 <= 5), read 0 mode Default
furious-puma-1:122459:122983 [4] NCCL INFO GPU Direct RDMA Enabled for GPU 5 / HCA 1 (distance 4 <= 5), read 0 mode Default
furious-puma-1:122460:123007 [5] NCCL INFO GPU Direct RDMA Enabled for GPU 2 / HCA 4 (distance 4 <= 5), read 0 mode Default
furious-puma-1:122459:122983 [4] NCCL INFO GPU Direct RDMA Enabled for GPU 6 / HCA 1 (distance 4 <= 5), read 0 mode Default
furious-puma-1:122460:123007 [5] NCCL INFO GPU Direct RDMA Enabled for GPU 3 / HCA 4 (distance 4 <= 5), read 0 mode Default
furious-puma-1:122459:122983 [4] NCCL INFO GPU Direct RDMA Enabled for GPU 7 / HCA 1 (distance 4 <= 5), read 0 mode Default
furious-puma-1:122460:123007 [5] NCCL INFO GPU Direct RDMA Enabled for GPU 4 / HCA 4 (distance 4 <= 5), read 0 mode Default
furious-puma-1:122459:122983 [4] NCCL INFO GPU Direct RDMA Enabled for GPU 0 / HCA 2 (distance 4 <= 5), read 0 mode Default
furious-puma-1:122460:123007 [5] NCCL INFO GPU Direct RDMA Enabled for GPU 5 / HCA 4 (distance 4 <= 5), read 0 mode Default
furious-puma-1:122459:122983 [4] NCCL INFO GPU Direct RDMA Enabled for GPU 1 / HCA 2 (distance 4 <= 5), read 0 mode Default
furious-puma-1:122455:122883 [0] NCCL INFO NVLS multicast support is available on dev 0 (NVLS_NCHANNELS 16)
furious-puma-1:122460:123007 [5] NCCL INFO GPU Direct RDMA Enabled for GPU 6 / HCA 4 (distance 4 <= 5), read 0 mode Default
furious-puma-1:122459:122983 [4] NCCL INFO GPU Direct RDMA Enabled for GPU 2 / HCA 2 (distance 4 <= 5), read 0 mode Default
furious-puma-1:122460:123007 [5] NCCL INFO GPU Direct RDMA Enabled for GPU 7 / HCA 4 (distance 4 <= 5), read 0 mode Default
furious-puma-1:122459:122983 [4] NCCL INFO GPU Direct RDMA Enabled for GPU 3 / HCA 2 (distance 4 <= 5), read 0 mode Default
furious-puma-1:122460:123007 [5] NCCL INFO GPU Direct RDMA Enabled for GPU 0 / HCA 5 (distance 4 <= 5), read 0 mode Default
furious-puma-1:122459:122983 [4] NCCL INFO GPU Direct RDMA Enabled for GPU 4 / HCA 2 (distance 4 <= 5), read 0 mode Default
furious-puma-1:122460:123007 [5] NCCL INFO GPU Direct RDMA Enabled for GPU 1 / HCA 5 (distance 4 <= 5), read 0 mode Default
furious-puma-1:122459:122983 [4] NCCL INFO GPU Direct RDMA Enabled for GPU 5 / HCA 2 (distance 4 <= 5), read 0 mode Default
furious-puma-1:122460:123007 [5] NCCL INFO GPU Direct RDMA Enabled for GPU 2 / HCA 5 (distance 4 <= 5), read 0 mode Default
furious-puma-1:122459:122983 [4] NCCL INFO GPU Direct RDMA Enabled for GPU 6 / HCA 2 (distance 4 <= 5), read 0 mode Default
furious-puma-1:122460:123007 [5] NCCL INFO GPU Direct RDMA Enabled for GPU 3 / HCA 5 (distance 4 <= 5), read 0 mode Default
furious-puma-1:122460:123007 [5] NCCL INFO GPU Direct RDMA Enabled for GPU 4 / HCA 5 (distance 4 <= 5), read 0 mode Default
furious-puma-1:122459:122983 [4] NCCL INFO GPU Direct RDMA Enabled for GPU 7 / HCA 2 (distance 4 <= 5), read 0 mode Default
furious-puma-1:122460:123007 [5] NCCL INFO GPU Direct RDMA Enabled for GPU 5 / HCA 5 (distance 4 <= 5), read 0 mode Default
furious-puma-1:122459:122983 [4] NCCL INFO GPU Direct RDMA Enabled for GPU 0 / HCA 3 (distance 4 <= 5), read 0 mode Default
furious-puma-1:122460:123007 [5] NCCL INFO GPU Direct RDMA Enabled for GPU 6 / HCA 5 (distance 4 <= 5), read 0 mode Default
furious-puma-1:122459:122983 [4] NCCL INFO GPU Direct RDMA Enabled for GPU 1 / HCA 3 (distance 4 <= 5), read 0 mode Default
furious-puma-1:122462:122886 [7] NCCL INFO GPU Direct RDMA Enabled for GPU 0 / HCA 0 (distance 4 <= 5), read 0 mode Default
furious-puma-1:122460:123007 [5] NCCL INFO GPU Direct RDMA Enabled for GPU 7 / HCA 5 (distance 4 <= 5), read 0 mode Default
furious-puma-1:122459:122983 [4] NCCL INFO GPU Direct RDMA Enabled for GPU 2 / HCA 3 (distance 4 <= 5), read 0 mode Default
furious-puma-1:122460:123007 [5] NCCL INFO GPU Direct RDMA Enabled for GPU 0 / HCA 6 (distance 4 <= 5), read 0 mode Default
furious-puma-1:122459:122983 [4] NCCL INFO GPU Direct RDMA Enabled for GPU 3 / HCA 3 (distance 4 <= 5), read 0 mode Default
furious-puma-1:122460:123007 [5] NCCL INFO GPU Direct RDMA Enabled for GPU 1 / HCA 6 (distance 4 <= 5), read 0 mode Default
furious-puma-1:122459:122983 [4] NCCL INFO GPU Direct RDMA Enabled for GPU 4 / HCA 3 (distance 4 <= 5), read 0 mode Default
furious-puma-1:122462:122886 [7] NCCL INFO GPU Direct RDMA Enabled for GPU 1 / HCA 0 (distance 4 <= 5), read 0 mode Default
furious-puma-1:122460:123007 [5] NCCL INFO GPU Direct RDMA Enabled for GPU 2 / HCA 6 (distance 4 <= 5), read 0 mode Default
furious-puma-1:122459:122983 [4] NCCL INFO GPU Direct RDMA Enabled for GPU 5 / HCA 3 (distance 4 <= 5), read 0 mode Default
furious-puma-1:122462:122886 [7] NCCL INFO GPU Direct RDMA Enabled for GPU 2 / HCA 0 (distance 4 <= 5), read 0 mode Default
furious-puma-1:122460:123007 [5] NCCL INFO GPU Direct RDMA Enabled for GPU 3 / HCA 6 (distance 4 <= 5), read 0 mode Default
furious-puma-1:122459:122983 [4] NCCL INFO GPU Direct RDMA Enabled for GPU 6 / HCA 3 (distance 4 <= 5), read 0 mode Default
furious-puma-1:122462:122886 [7] NCCL INFO GPU Direct RDMA Enabled for GPU 3 / HCA 0 (distance 4 <= 5), read 0 mode Default
furious-puma-1:122459:122983 [4] NCCL INFO GPU Direct RDMA Enabled for GPU 7 / HCA 3 (distance 4 <= 5), read 0 mode Default
furious-puma-1:122460:123007 [5] NCCL INFO GPU Direct RDMA Enabled for GPU 4 / HCA 6 (distance 4 <= 5), read 0 mode Default
furious-puma-1:122462:122886 [7] NCCL INFO GPU Direct RDMA Enabled for GPU 4 / HCA 0 (distance 4 <= 5), read 0 mode Default
furious-puma-1:122459:122983 [4] NCCL INFO GPU Direct RDMA Enabled for GPU 0 / HCA 4 (distance 4 <= 5), read 0 mode Default
furious-puma-1:122460:123007 [5] NCCL INFO GPU Direct RDMA Enabled for GPU 5 / HCA 6 (distance 4 <= 5), read 0 mode Default
furious-puma-1:122462:122886 [7] NCCL INFO GPU Direct RDMA Enabled for GPU 5 / HCA 0 (distance 4 <= 5), read 0 mode Default
furious-puma-1:122459:122983 [4] NCCL INFO GPU Direct RDMA Enabled for GPU 1 / HCA 4 (distance 4 <= 5), read 0 mode Default
furious-puma-1:122460:123007 [5] NCCL INFO GPU Direct RDMA Enabled for GPU 6 / HCA 6 (distance 4 <= 5), read 0 mode Default
furious-puma-1:122462:122886 [7] NCCL INFO GPU Direct RDMA Enabled for GPU 6 / HCA 0 (distance 4 <= 5), read 0 mode Default
furious-puma-1:122459:122983 [4] NCCL INFO GPU Direct RDMA Enabled for GPU 2 / HCA 4 (distance 4 <= 5), read 0 mode Default
furious-puma-1:122460:123007 [5] NCCL INFO GPU Direct RDMA Enabled for GPU 7 / HCA 6 (distance 4 <= 5), read 0 mode Default
furious-puma-1:122462:122886 [7] NCCL INFO GPU Direct RDMA Enabled for GPU 7 / HCA 0 (distance 4 <= 5), read 0 mode Default
furious-puma-1:122459:122983 [4] NCCL INFO GPU Direct RDMA Enabled for GPU 3 / HCA 4 (distance 4 <= 5), read 0 mode Default
furious-puma-1:122460:123007 [5] NCCL INFO GPU Direct RDMA Enabled for GPU 0 / HCA 7 (distance 4 <= 5), read 0 mode Default
furious-puma-1:122459:122983 [4] NCCL INFO GPU Direct RDMA Enabled for GPU 4 / HCA 4 (distance 4 <= 5), read 0 mode Default
furious-puma-1:122462:122886 [7] NCCL INFO GPU Direct RDMA Enabled for GPU 0 / HCA 1 (distance 4 <= 5), read 0 mode Default
furious-puma-1:122460:123007 [5] NCCL INFO GPU Direct RDMA Enabled for GPU 1 / HCA 7 (distance 4 <= 5), read 0 mode Default
furious-puma-1:122459:122983 [4] NCCL INFO GPU Direct RDMA Enabled for GPU 5 / HCA 4 (distance 4 <= 5), read 0 mode Default
furious-puma-1:122462:122886 [7] NCCL INFO GPU Direct RDMA Enabled for GPU 1 / HCA 1 (distance 4 <= 5), read 0 mode Default
furious-puma-1:122460:123007 [5] NCCL INFO GPU Direct RDMA Enabled for GPU 2 / HCA 7 (distance 4 <= 5), read 0 mode Default
furious-puma-1:122459:122983 [4] NCCL INFO GPU Direct RDMA Enabled for GPU 6 / HCA 4 (distance 4 <= 5), read 0 mode Default
furious-puma-1:122462:122886 [7] NCCL INFO GPU Direct RDMA Enabled for GPU 2 / HCA 1 (distance 4 <= 5), read 0 mode Default
furious-puma-1:122460:123007 [5] NCCL INFO GPU Direct RDMA Enabled for GPU 3 / HCA 7 (distance 4 <= 5), read 0 mode Default
furious-puma-1:122459:122983 [4] NCCL INFO GPU Direct RDMA Enabled for GPU 7 / HCA 4 (distance 4 <= 5), read 0 mode Default
furious-puma-1:122462:122886 [7] NCCL INFO GPU Direct RDMA Enabled for GPU 3 / HCA 1 (distance 4 <= 5), read 0 mode Default
furious-puma-1:122460:123007 [5] NCCL INFO GPU Direct RDMA Enabled for GPU 4 / HCA 7 (distance 4 <= 5), read 0 mode Default
furious-puma-1:122459:122983 [4] NCCL INFO GPU Direct RDMA Enabled for GPU 0 / HCA 5 (distance 4 <= 5), read 0 mode Default
furious-puma-1:122462:122886 [7] NCCL INFO GPU Direct RDMA Enabled for GPU 4 / HCA 1 (distance 4 <= 5), read 0 mode Default
furious-puma-1:122460:123007 [5] NCCL INFO GPU Direct RDMA Enabled for GPU 5 / HCA 7 (distance 4 <= 5), read 0 mode Default
furious-puma-1:122459:122983 [4] NCCL INFO GPU Direct RDMA Enabled for GPU 1 / HCA 5 (distance 4 <= 5), read 0 mode Default
furious-puma-1:122462:122886 [7] NCCL INFO GPU Direct RDMA Enabled for GPU 5 / HCA 1 (distance 4 <= 5), read 0 mode Default
furious-puma-1:122460:123007 [5] NCCL INFO GPU Direct RDMA Enabled for GPU 6 / HCA 7 (distance 4 <= 5), read 0 mode Default
furious-puma-1:122459:122983 [4] NCCL INFO GPU Direct RDMA Enabled for GPU 2 / HCA 5 (distance 4 <= 5), read 0 mode Default
furious-puma-1:122462:122886 [7] NCCL INFO GPU Direct RDMA Enabled for GPU 6 / HCA 1 (distance 4 <= 5), read 0 mode Default
furious-puma-1:122460:123007 [5] NCCL INFO GPU Direct RDMA Enabled for GPU 7 / HCA 7 (distance 4 <= 5), read 0 mode Default
furious-puma-1:122459:122983 [4] NCCL INFO GPU Direct RDMA Enabled for GPU 3 / HCA 5 (distance 4 <= 5), read 0 mode Default
furious-puma-1:122462:122886 [7] NCCL INFO GPU Direct RDMA Enabled for GPU 7 / HCA 1 (distance 4 <= 5), read 0 mode Default
furious-puma-1:122459:122983 [4] NCCL INFO GPU Direct RDMA Enabled for GPU 4 / HCA 5 (distance 4 <= 5), read 0 mode Default
furious-puma-1:122462:122886 [7] NCCL INFO GPU Direct RDMA Enabled for GPU 0 / HCA 2 (distance 4 <= 5), read 0 mode Default
furious-puma-1:122459:122983 [4] NCCL INFO GPU Direct RDMA Enabled for GPU 5 / HCA 5 (distance 4 <= 5), read 0 mode Default
furious-puma-1:122459:122983 [4] NCCL INFO GPU Direct RDMA Enabled for GPU 6 / HCA 5 (distance 4 <= 5), read 0 mode Default
furious-puma-1:122462:122886 [7] NCCL INFO GPU Direct RDMA Enabled for GPU 1 / HCA 2 (distance 4 <= 5), read 0 mode Default
furious-puma-1:122462:122886 [7] NCCL INFO GPU Direct RDMA Enabled for GPU 2 / HCA 2 (distance 4 <= 5), read 0 mode Default
furious-puma-1:122459:122983 [4] NCCL INFO GPU Direct RDMA Enabled for GPU 7 / HCA 5 (distance 4 <= 5), read 0 mode Default
furious-puma-1:122462:122886 [7] NCCL INFO GPU Direct RDMA Enabled for GPU 3 / HCA 2 (distance 4 <= 5), read 0 mode Default
furious-puma-1:122459:122983 [4] NCCL INFO GPU Direct RDMA Enabled for GPU 0 / HCA 6 (distance 4 <= 5), read 0 mode Default
furious-puma-1:122462:122886 [7] NCCL INFO GPU Direct RDMA Enabled for GPU 4 / HCA 2 (distance 4 <= 5), read 0 mode Default
furious-puma-1:122459:122983 [4] NCCL INFO GPU Direct RDMA Enabled for GPU 1 / HCA 6 (distance 4 <= 5), read 0 mode Default
furious-puma-1:122462:122886 [7] NCCL INFO GPU Direct RDMA Enabled for GPU 5 / HCA 2 (distance 4 <= 5), read 0 mode Default
furious-puma-1:122459:122983 [4] NCCL INFO GPU Direct RDMA Enabled for GPU 2 / HCA 6 (distance 4 <= 5), read 0 mode Default
furious-puma-1:122462:122886 [7] NCCL INFO GPU Direct RDMA Enabled for GPU 6 / HCA 2 (distance 4 <= 5), read 0 mode Default
furious-puma-1:122459:122983 [4] NCCL INFO GPU Direct RDMA Enabled for GPU 3 / HCA 6 (distance 4 <= 5), read 0 mode Default
furious-puma-1:122462:122886 [7] NCCL INFO GPU Direct RDMA Enabled for GPU 7 / HCA 2 (distance 4 <= 5), read 0 mode Default
furious-puma-1:122459:122983 [4] NCCL INFO GPU Direct RDMA Enabled for GPU 4 / HCA 6 (distance 4 <= 5), read 0 mode Default
furious-puma-1:122462:122886 [7] NCCL INFO GPU Direct RDMA Enabled for GPU 0 / HCA 3 (distance 4 <= 5), read 0 mode Default
furious-puma-1:122459:122983 [4] NCCL INFO GPU Direct RDMA Enabled for GPU 5 / HCA 6 (distance 4 <= 5), read 0 mode Default
furious-puma-1:122462:122886 [7] NCCL INFO GPU Direct RDMA Enabled for GPU 1 / HCA 3 (distance 4 <= 5), read 0 mode Default
furious-puma-1:122459:122983 [4] NCCL INFO GPU Direct RDMA Enabled for GPU 6 / HCA 6 (distance 4 <= 5), read 0 mode Default
furious-puma-1:122462:122886 [7] NCCL INFO GPU Direct RDMA Enabled for GPU 2 / HCA 3 (distance 4 <= 5), read 0 mode Default
furious-puma-1:122459:122983 [4] NCCL INFO GPU Direct RDMA Enabled for GPU 7 / HCA 6 (distance 4 <= 5), read 0 mode Default
furious-puma-1:122462:122886 [7] NCCL INFO GPU Direct RDMA Enabled for GPU 3 / HCA 3 (distance 4 <= 5), read 0 mode Default
furious-puma-1:122459:122983 [4] NCCL INFO GPU Direct RDMA Enabled for GPU 0 / HCA 7 (distance 4 <= 5), read 0 mode Default
furious-puma-1:122462:122886 [7] NCCL INFO GPU Direct RDMA Enabled for GPU 4 / HCA 3 (distance 4 <= 5), read 0 mode Default
furious-puma-1:122459:122983 [4] NCCL INFO GPU Direct RDMA Enabled for GPU 1 / HCA 7 (distance 4 <= 5), read 0 mode Default
furious-puma-1:122462:122886 [7] NCCL INFO GPU Direct RDMA Enabled for GPU 5 / HCA 3 (distance 4 <= 5), read 0 mode Default
furious-puma-1:122459:122983 [4] NCCL INFO GPU Direct RDMA Enabled for GPU 2 / HCA 7 (distance 4 <= 5), read 0 mode Default
furious-puma-1:122462:122886 [7] NCCL INFO GPU Direct RDMA Enabled for GPU 6 / HCA 3 (distance 4 <= 5), read 0 mode Default
furious-puma-1:122459:122983 [4] NCCL INFO GPU Direct RDMA Enabled for GPU 3 / HCA 7 (distance 4 <= 5), read 0 mode Default
furious-puma-1:122462:122886 [7] NCCL INFO GPU Direct RDMA Enabled for GPU 7 / HCA 3 (distance 4 <= 5), read 0 mode Default
furious-puma-1:122459:122983 [4] NCCL INFO GPU Direct RDMA Enabled for GPU 4 / HCA 7 (distance 4 <= 5), read 0 mode Default
furious-puma-1:122462:122886 [7] NCCL INFO GPU Direct RDMA Enabled for GPU 0 / HCA 4 (distance 4 <= 5), read 0 mode Default
furious-puma-1:122459:122983 [4] NCCL INFO GPU Direct RDMA Enabled for GPU 5 / HCA 7 (distance 4 <= 5), read 0 mode Default
furious-puma-1:122462:122886 [7] NCCL INFO GPU Direct RDMA Enabled for GPU 1 / HCA 4 (distance 4 <= 5), read 0 mode Default
furious-puma-1:122459:122983 [4] NCCL INFO GPU Direct RDMA Enabled for GPU 6 / HCA 7 (distance 4 <= 5), read 0 mode Default
furious-puma-1:122462:122886 [7] NCCL INFO GPU Direct RDMA Enabled for GPU 2 / HCA 4 (distance 4 <= 5), read 0 mode Default
furious-puma-1:122459:122983 [4] NCCL INFO GPU Direct RDMA Enabled for GPU 7 / HCA 7 (distance 4 <= 5), read 0 mode Default
furious-puma-1:122462:122886 [7] NCCL INFO GPU Direct RDMA Enabled for GPU 3 / HCA 4 (distance 4 <= 5), read 0 mode Default
furious-puma-1:122462:122886 [7] NCCL INFO GPU Direct RDMA Enabled for GPU 4 / HCA 4 (distance 4 <= 5), read 0 mode Default
furious-puma-1:122462:122886 [7] NCCL INFO GPU Direct RDMA Enabled for GPU 5 / HCA 4 (distance 4 <= 5), read 0 mode Default
furious-puma-1:122462:122886 [7] NCCL INFO GPU Direct RDMA Enabled for GPU 6 / HCA 4 (distance 4 <= 5), read 0 mode Default
furious-puma-1:122462:122886 [7] NCCL INFO GPU Direct RDMA Enabled for GPU 7 / HCA 4 (distance 4 <= 5), read 0 mode Default
furious-puma-1:122461:123009 [6] NCCL INFO GPU Direct RDMA Enabled for GPU 0 / HCA 0 (distance 4 <= 5), read 0 mode Default
furious-puma-1:122462:122886 [7] NCCL INFO GPU Direct RDMA Enabled for GPU 0 / HCA 5 (distance 4 <= 5), read 0 mode Default
furious-puma-1:122461:123009 [6] NCCL INFO GPU Direct RDMA Enabled for GPU 1 / HCA 0 (distance 4 <= 5), read 0 mode Default
furious-puma-1:122462:122886 [7] NCCL INFO GPU Direct RDMA Enabled for GPU 1 / HCA 5 (distance 4 <= 5), read 0 mode Default
furious-puma-1:122461:123009 [6] NCCL INFO GPU Direct RDMA Enabled for GPU 2 / HCA 0 (distance 4 <= 5), read 0 mode Default
furious-puma-1:122462:122886 [7] NCCL INFO GPU Direct RDMA Enabled for GPU 2 / HCA 5 (distance 4 <= 5), read 0 mode Default
furious-puma-1:122461:123009 [6] NCCL INFO GPU Direct RDMA Enabled for GPU 3 / HCA 0 (distance 4 <= 5), read 0 mode Default
furious-puma-1:122461:123009 [6] NCCL INFO GPU Direct RDMA Enabled for GPU 4 / HCA 0 (distance 4 <= 5), read 0 mode Default
furious-puma-1:122462:122886 [7] NCCL INFO GPU Direct RDMA Enabled for GPU 3 / HCA 5 (distance 4 <= 5), read 0 mode Default
furious-puma-1:122461:123009 [6] NCCL INFO GPU Direct RDMA Enabled for GPU 5 / HCA 0 (distance 4 <= 5), read 0 mode Default
furious-puma-1:122462:122886 [7] NCCL INFO GPU Direct RDMA Enabled for GPU 4 / HCA 5 (distance 4 <= 5), read 0 mode Default
furious-puma-1:122461:123009 [6] NCCL INFO GPU Direct RDMA Enabled for GPU 6 / HCA 0 (distance 4 <= 5), read 0 mode Default
furious-puma-1:122462:122886 [7] NCCL INFO GPU Direct RDMA Enabled for GPU 5 / HCA 5 (distance 4 <= 5), read 0 mode Default
furious-puma-1:122461:123009 [6] NCCL INFO GPU Direct RDMA Enabled for GPU 7 / HCA 0 (distance 4 <= 5), read 0 mode Default
furious-puma-1:122462:122886 [7] NCCL INFO GPU Direct RDMA Enabled for GPU 6 / HCA 5 (distance 4 <= 5), read 0 mode Default
furious-puma-1:122461:123009 [6] NCCL INFO GPU Direct RDMA Enabled for GPU 0 / HCA 1 (distance 4 <= 5), read 0 mode Default
furious-puma-1:122461:123009 [6] NCCL INFO GPU Direct RDMA Enabled for GPU 1 / HCA 1 (distance 4 <= 5), read 0 mode Default
furious-puma-1:122462:122886 [7] NCCL INFO GPU Direct RDMA Enabled for GPU 7 / HCA 5 (distance 4 <= 5), read 0 mode Default
furious-puma-1:122461:123009 [6] NCCL INFO GPU Direct RDMA Enabled for GPU 2 / HCA 1 (distance 4 <= 5), read 0 mode Default
furious-puma-1:122462:122886 [7] NCCL INFO GPU Direct RDMA Enabled for GPU 0 / HCA 6 (distance 4 <= 5), read 0 mode Default
furious-puma-1:122461:123009 [6] NCCL INFO GPU Direct RDMA Enabled for GPU 3 / HCA 1 (distance 4 <= 5), read 0 mode Default
furious-puma-1:122461:123009 [6] NCCL INFO GPU Direct RDMA Enabled for GPU 4 / HCA 1 (distance 4 <= 5), read 0 mode Default
furious-puma-1:122462:122886 [7] NCCL INFO GPU Direct RDMA Enabled for GPU 1 / HCA 6 (distance 4 <= 5), read 0 mode Default
furious-puma-1:122461:123009 [6] NCCL INFO GPU Direct RDMA Enabled for GPU 5 / HCA 1 (distance 4 <= 5), read 0 mode Default
furious-puma-1:122462:122886 [7] NCCL INFO GPU Direct RDMA Enabled for GPU 2 / HCA 6 (distance 4 <= 5), read 0 mode Default
furious-puma-1:122461:123009 [6] NCCL INFO GPU Direct RDMA Enabled for GPU 6 / HCA 1 (distance 4 <= 5), read 0 mode Default
furious-puma-1:122461:123009 [6] NCCL INFO GPU Direct RDMA Enabled for GPU 7 / HCA 1 (distance 4 <= 5), read 0 mode Default
furious-puma-1:122462:122886 [7] NCCL INFO GPU Direct RDMA Enabled for GPU 3 / HCA 6 (distance 4 <= 5), read 0 mode Default
furious-puma-1:122461:123009 [6] NCCL INFO GPU Direct RDMA Enabled for GPU 0 / HCA 2 (distance 4 <= 5), read 0 mode Default
furious-puma-1:122462:122886 [7] NCCL INFO GPU Direct RDMA Enabled for GPU 4 / HCA 6 (distance 4 <= 5), read 0 mode Default
furious-puma-1:122461:123009 [6] NCCL INFO GPU Direct RDMA Enabled for GPU 1 / HCA 2 (distance 4 <= 5), read 0 mode Default
furious-puma-1:122462:122886 [7] NCCL INFO GPU Direct RDMA Enabled for GPU 5 / HCA 6 (distance 4 <= 5), read 0 mode Default
furious-puma-1:122461:123009 [6] NCCL INFO GPU Direct RDMA Enabled for GPU 2 / HCA 2 (distance 4 <= 5), read 0 mode Default
furious-puma-1:122461:123009 [6] NCCL INFO GPU Direct RDMA Enabled for GPU 3 / HCA 2 (distance 4 <= 5), read 0 mode Default
furious-puma-1:122462:122886 [7] NCCL INFO GPU Direct RDMA Enabled for GPU 6 / HCA 6 (distance 4 <= 5), read 0 mode Default
furious-puma-1:122461:123009 [6] NCCL INFO GPU Direct RDMA Enabled for GPU 4 / HCA 2 (distance 4 <= 5), read 0 mode Default
furious-puma-1:122461:123009 [6] NCCL INFO GPU Direct RDMA Enabled for GPU 5 / HCA 2 (distance 4 <= 5), read 0 mode Default
furious-puma-1:122462:122886 [7] NCCL INFO GPU Direct RDMA Enabled for GPU 7 / HCA 6 (distance 4 <= 5), read 0 mode Default
furious-puma-1:122461:123009 [6] NCCL INFO GPU Direct RDMA Enabled for GPU 6 / HCA 2 (distance 4 <= 5), read 0 mode Default
furious-puma-1:122462:122886 [7] NCCL INFO GPU Direct RDMA Enabled for GPU 0 / HCA 7 (distance 4 <= 5), read 0 mode Default
furious-puma-1:122461:123009 [6] NCCL INFO GPU Direct RDMA Enabled for GPU 7 / HCA 2 (distance 4 <= 5), read 0 mode Default
furious-puma-1:122461:123009 [6] NCCL INFO GPU Direct RDMA Enabled for GPU 0 / HCA 3 (distance 4 <= 5), read 0 mode Default
furious-puma-1:122462:122886 [7] NCCL INFO GPU Direct RDMA Enabled for GPU 1 / HCA 7 (distance 4 <= 5), read 0 mode Default
furious-puma-1:122461:123009 [6] NCCL INFO GPU Direct RDMA Enabled for GPU 1 / HCA 3 (distance 4 <= 5), read 0 mode Default
furious-puma-1:122462:122886 [7] NCCL INFO GPU Direct RDMA Enabled for GPU 2 / HCA 7 (distance 4 <= 5), read 0 mode Default
furious-puma-1:122461:123009 [6] NCCL INFO GPU Direct RDMA Enabled for GPU 2 / HCA 3 (distance 4 <= 5), read 0 mode Default
furious-puma-1:122461:123009 [6] NCCL INFO GPU Direct RDMA Enabled for GPU 3 / HCA 3 (distance 4 <= 5), read 0 mode Default
furious-puma-1:122462:122886 [7] NCCL INFO GPU Direct RDMA Enabled for GPU 3 / HCA 7 (distance 4 <= 5), read 0 mode Default
furious-puma-1:122461:123009 [6] NCCL INFO GPU Direct RDMA Enabled for GPU 4 / HCA 3 (distance 4 <= 5), read 0 mode Default
furious-puma-1:122462:122886 [7] NCCL INFO GPU Direct RDMA Enabled for GPU 4 / HCA 7 (distance 4 <= 5), read 0 mode Default
furious-puma-1:122461:123009 [6] NCCL INFO GPU Direct RDMA Enabled for GPU 5 / HCA 3 (distance 4 <= 5), read 0 mode Default
furious-puma-1:122462:122886 [7] NCCL INFO GPU Direct RDMA Enabled for GPU 5 / HCA 7 (distance 4 <= 5), read 0 mode Default
furious-puma-1:122461:123009 [6] NCCL INFO GPU Direct RDMA Enabled for GPU 6 / HCA 3 (distance 4 <= 5), read 0 mode Default
furious-puma-1:122462:122886 [7] NCCL INFO GPU Direct RDMA Enabled for GPU 6 / HCA 7 (distance 4 <= 5), read 0 mode Default
furious-puma-1:122461:123009 [6] NCCL INFO GPU Direct RDMA Enabled for GPU 7 / HCA 3 (distance 4 <= 5), read 0 mode Default
furious-puma-1:122462:122886 [7] NCCL INFO GPU Direct RDMA Enabled for GPU 7 / HCA 7 (distance 4 <= 5), read 0 mode Default
furious-puma-1:122461:123009 [6] NCCL INFO GPU Direct RDMA Enabled for GPU 0 / HCA 4 (distance 4 <= 5), read 0 mode Default
furious-puma-1:122461:123009 [6] NCCL INFO GPU Direct RDMA Enabled for GPU 1 / HCA 4 (distance 4 <= 5), read 0 mode Default
furious-puma-1:122461:123009 [6] NCCL INFO GPU Direct RDMA Enabled for GPU 2 / HCA 4 (distance 4 <= 5), read 0 mode Default
furious-puma-1:122461:123009 [6] NCCL INFO GPU Direct RDMA Enabled for GPU 3 / HCA 4 (distance 4 <= 5), read 0 mode Default
furious-puma-1:122461:123009 [6] NCCL INFO GPU Direct RDMA Enabled for GPU 4 / HCA 4 (distance 4 <= 5), read 0 mode Default
furious-puma-1:122461:123009 [6] NCCL INFO GPU Direct RDMA Enabled for GPU 5 / HCA 4 (distance 4 <= 5), read 0 mode Default
furious-puma-1:122461:123009 [6] NCCL INFO GPU Direct RDMA Enabled for GPU 6 / HCA 4 (distance 4 <= 5), read 0 mode Default
furious-puma-1:122461:123009 [6] NCCL INFO GPU Direct RDMA Enabled for GPU 7 / HCA 4 (distance 4 <= 5), read 0 mode Default
furious-puma-1:122461:123009 [6] NCCL INFO GPU Direct RDMA Enabled for GPU 0 / HCA 5 (distance 4 <= 5), read 0 mode Default
furious-puma-1:122461:123009 [6] NCCL INFO GPU Direct RDMA Enabled for GPU 1 / HCA 5 (distance 4 <= 5), read 0 mode Default
furious-puma-1:122461:123009 [6] NCCL INFO GPU Direct RDMA Enabled for GPU 2 / HCA 5 (distance 4 <= 5), read 0 mode Default
furious-puma-1:122461:123009 [6] NCCL INFO GPU Direct RDMA Enabled for GPU 3 / HCA 5 (distance 4 <= 5), read 0 mode Default
furious-puma-1:122461:123009 [6] NCCL INFO GPU Direct RDMA Enabled for GPU 4 / HCA 5 (distance 4 <= 5), read 0 mode Default
furious-puma-1:122461:123009 [6] NCCL INFO GPU Direct RDMA Enabled for GPU 5 / HCA 5 (distance 4 <= 5), read 0 mode Default
furious-puma-1:122461:123009 [6] NCCL INFO GPU Direct RDMA Enabled for GPU 6 / HCA 5 (distance 4 <= 5), read 0 mode Default
furious-puma-1:122461:123009 [6] NCCL INFO GPU Direct RDMA Enabled for GPU 7 / HCA 5 (distance 4 <= 5), read 0 mode Default
furious-puma-1:122461:123009 [6] NCCL INFO GPU Direct RDMA Enabled for GPU 0 / HCA 6 (distance 4 <= 5), read 0 mode Default
furious-puma-1:122461:123009 [6] NCCL INFO GPU Direct RDMA Enabled for GPU 1 / HCA 6 (distance 4 <= 5), read 0 mode Default
furious-puma-1:122461:123009 [6] NCCL INFO GPU Direct RDMA Enabled for GPU 2 / HCA 6 (distance 4 <= 5), read 0 mode Default
furious-puma-1:122461:123009 [6] NCCL INFO GPU Direct RDMA Enabled for GPU 3 / HCA 6 (distance 4 <= 5), read 0 mode Default
furious-puma-1:122461:123009 [6] NCCL INFO GPU Direct RDMA Enabled for GPU 4 / HCA 6 (distance 4 <= 5), read 0 mode Default
furious-puma-1:122461:123009 [6] NCCL INFO GPU Direct RDMA Enabled for GPU 5 / HCA 6 (distance 4 <= 5), read 0 mode Default
furious-puma-1:122461:123009 [6] NCCL INFO GPU Direct RDMA Enabled for GPU 6 / HCA 6 (distance 4 <= 5), read 0 mode Default
furious-puma-1:122461:123009 [6] NCCL INFO GPU Direct RDMA Enabled for GPU 7 / HCA 6 (distance 4 <= 5), read 0 mode Default
furious-puma-1:122461:123009 [6] NCCL INFO GPU Direct RDMA Enabled for GPU 0 / HCA 7 (distance 4 <= 5), read 0 mode Default
furious-puma-1:122461:123009 [6] NCCL INFO GPU Direct RDMA Enabled for GPU 1 / HCA 7 (distance 4 <= 5), read 0 mode Default
furious-puma-1:122461:123009 [6] NCCL INFO GPU Direct RDMA Enabled for GPU 2 / HCA 7 (distance 4 <= 5), read 0 mode Default
furious-puma-1:122461:123009 [6] NCCL INFO GPU Direct RDMA Enabled for GPU 3 / HCA 7 (distance 4 <= 5), read 0 mode Default
furious-puma-1:122461:123009 [6] NCCL INFO GPU Direct RDMA Enabled for GPU 4 / HCA 7 (distance 4 <= 5), read 0 mode Default
furious-puma-1:122461:123009 [6] NCCL INFO GPU Direct RDMA Enabled for GPU 5 / HCA 7 (distance 4 <= 5), read 0 mode Default
furious-puma-1:122461:123009 [6] NCCL INFO GPU Direct RDMA Enabled for GPU 6 / HCA 7 (distance 4 <= 5), read 0 mode Default
furious-puma-1:122461:123009 [6] NCCL INFO GPU Direct RDMA Enabled for GPU 7 / HCA 7 (distance 4 <= 5), read 0 mode Default
furious-puma-1:122458:122884 [3] NCCL INFO === System : maxBw 370.8 totalBw 370.8 ===
furious-puma-1:122458:122884 [3] NCCL INFO CPU/0-0 (1/1/3)
furious-puma-1:122458:122884 [3] NCCL INFO + PCI[48.0] - PCI/0-ffffff010 (0)
furious-puma-1:122458:122884 [3] NCCL INFO               + PCI[48.0] - GPU/0-7f000 (0)
furious-puma-1:122458:122884 [3] NCCL INFO                             + NVL[370.8] - NVS/0-0
furious-puma-1:122458:122884 [3] NCCL INFO               + PCI[48.0] - NIC/0-80000
furious-puma-1:122458:122884 [3] NCCL INFO + PCI[48.0] - PCI/0-ffffff020 (0)
furious-puma-1:122458:122884 [3] NCCL INFO               + PCI[48.0] - NIC/0-90000
furious-puma-1:122458:122884 [3] NCCL INFO               + PCI[48.0] - GPU/0-8f000 (1)
furious-puma-1:122458:122884 [3] NCCL INFO                             + NVL[370.8] - NVS/0-0
furious-puma-1:122458:122884 [3] NCCL INFO + PCI[48.0] - PCI/0-ffffff030 (0)
furious-puma-1:122458:122884 [3] NCCL INFO               + PCI[48.0] - NIC/0-a0000
furious-puma-1:122458:122884 [3] NCCL INFO               + PCI[48.0] - GPU/0-9f000 (2)
furious-puma-1:122458:122884 [3] NCCL INFO                             + NVL[370.8] - NVS/0-0
furious-puma-1:122458:122884 [3] NCCL INFO + PCI[48.0] - PCI/0-ffffff040 (0)
furious-puma-1:122458:122884 [3] NCCL INFO               + PCI[48.0] - NIC/0-b0000
furious-puma-1:122458:122884 [3] NCCL INFO               + PCI[48.0] - GPU/0-af000 (3)
furious-puma-1:122458:122884 [3] NCCL INFO                             + NVL[370.8] - NVS/0-0
furious-puma-1:122458:122884 [3] NCCL INFO + SYS[22.0] - CPU/0-1
furious-puma-1:122458:122884 [3] NCCL INFO CPU/0-1 (1/1/3)
furious-puma-1:122458:122884 [3] NCCL INFO + PCI[48.0] - PCI/0-ffffff050 (0)
furious-puma-1:122458:122884 [3] NCCL INFO               + PCI[48.0] - NIC/0-c0000
furious-puma-1:122458:122884 [3] NCCL INFO               + PCI[48.0] - GPU/0-bf000 (4)
furious-puma-1:122458:122884 [3] NCCL INFO                             + NVL[370.8] - NVS/0-0
furious-puma-1:122458:122884 [3] NCCL INFO + PCI[48.0] - PCI/0-ffffff060 (0)
furious-puma-1:122458:122884 [3] NCCL INFO               + PCI[48.0] - NIC/0-d0000
furious-puma-1:122458:122884 [3] NCCL INFO               + PCI[48.0] - GPU/0-cf000 (5)
furious-puma-1:122458:122884 [3] NCCL INFO                             + NVL[370.8] - NVS/0-0
furious-puma-1:122458:122884 [3] NCCL INFO + PCI[48.0] - PCI/0-ffffff070 (0)
furious-puma-1:122458:122884 [3] NCCL INFO               + PCI[48.0] - NIC/0-e0000
furious-puma-1:122458:122884 [3] NCCL INFO               + PCI[48.0] - GPU/0-df000 (6)
furious-puma-1:122458:122884 [3] NCCL INFO                             + NVL[370.8] - NVS/0-0
furious-puma-1:122458:122884 [3] NCCL INFO + PCI[48.0] - PCI/0-ffffff080 (0)
furious-puma-1:122458:122884 [3] NCCL INFO               + PCI[48.0] - NIC/0-f0000
furious-puma-1:122458:122884 [3] NCCL INFO               + PCI[48.0] - GPU/0-ef000 (7)
furious-puma-1:122458:122884 [3] NCCL INFO                             + NVL[370.8] - NVS/0-0
furious-puma-1:122458:122884 [3] NCCL INFO + SYS[22.0] - CPU/0-0
furious-puma-1:122458:122884 [3] NCCL INFO ==========================================
furious-puma-1:122458:122884 [3] NCCL INFO GPU/0-7f000 :GPU/0-7f000 (0/5000.0/LOC) GPU/0-8f000 (2/370.8/NVL) GPU/0-9f000 (2/370.8/NVL) GPU/0-af000 (2/370.8/NVL) GPU/0-bf000 (2/370.8/NVL) GPU/0-cf000 (2/370.8/NVL) GPU/0-df000 (2/370.8/NVL) GPU/0-ef000 (2/370.8/NVL) NVS/0-0 (1/370.8/NVL) CPU/0-0 (2/48.0/PHB) CPU/0-1 (3/22.0/SYS) 
furious-puma-1:122458:122884 [3] NCCL INFO GPU/0-8f000 :GPU/0-7f000 (2/370.8/NVL) GPU/0-8f000 (0/5000.0/LOC) GPU/0-9f000 (2/370.8/NVL) GPU/0-af000 (2/370.8/NVL) GPU/0-bf000 (2/370.8/NVL) GPU/0-cf000 (2/370.8/NVL) GPU/0-df000 (2/370.8/NVL) GPU/0-ef000 (2/370.8/NVL) NVS/0-0 (1/370.8/NVL) CPU/0-0 (2/48.0/PHB) CPU/0-1 (3/22.0/SYS) 
furious-puma-1:122458:122884 [3] NCCL INFO GPU/0-9f000 :GPU/0-7f000 (2/370.8/NVL) GPU/0-8f000 (2/370.8/NVL) GPU/0-9f000 (0/5000.0/LOC) GPU/0-af000 (2/370.8/NVL) GPU/0-bf000 (2/370.8/NVL) GPU/0-cf000 (2/370.8/NVL) GPU/0-df000 (2/370.8/NVL) GPU/0-ef000 (2/370.8/NVL) NVS/0-0 (1/370.8/NVL) CPU/0-0 (2/48.0/PHB) CPU/0-1 (3/22.0/SYS) 
furious-puma-1:122458:122884 [3] NCCL INFO GPU/0-af000 :GPU/0-7f000 (2/370.8/NVL) GPU/0-8f000 (2/370.8/NVL) GPU/0-9f000 (2/370.8/NVL) GPU/0-af000 (0/5000.0/LOC) GPU/0-bf000 (2/370.8/NVL) GPU/0-cf000 (2/370.8/NVL) GPU/0-df000 (2/370.8/NVL) GPU/0-ef000 (2/370.8/NVL) NVS/0-0 (1/370.8/NVL) CPU/0-0 (2/48.0/PHB) CPU/0-1 (3/22.0/SYS) 
furious-puma-1:122458:122884 [3] NCCL INFO GPU/0-bf000 :GPU/0-7f000 (2/370.8/NVL) GPU/0-8f000 (2/370.8/NVL) GPU/0-9f000 (2/370.8/NVL) GPU/0-af000 (2/370.8/NVL) GPU/0-bf000 (0/5000.0/LOC) GPU/0-cf000 (2/370.8/NVL) GPU/0-df000 (2/370.8/NVL) GPU/0-ef000 (2/370.8/NVL) NVS/0-0 (1/370.8/NVL) CPU/0-0 (3/22.0/SYS) CPU/0-1 (2/48.0/PHB) 
furious-puma-1:122458:122884 [3] NCCL INFO GPU/0-cf000 :GPU/0-7f000 (2/370.8/NVL) GPU/0-8f000 (2/370.8/NVL) GPU/0-9f000 (2/370.8/NVL) GPU/0-af000 (2/370.8/NVL) GPU/0-bf000 (2/370.8/NVL) GPU/0-cf000 (0/5000.0/LOC) GPU/0-df000 (2/370.8/NVL) GPU/0-ef000 (2/370.8/NVL) NVS/0-0 (1/370.8/NVL) CPU/0-0 (3/22.0/SYS) CPU/0-1 (2/48.0/PHB) 
furious-puma-1:122458:122884 [3] NCCL INFO GPU/0-df000 :GPU/0-7f000 (2/370.8/NVL) GPU/0-8f000 (2/370.8/NVL) GPU/0-9f000 (2/370.8/NVL) GPU/0-af000 (2/370.8/NVL) GPU/0-bf000 (2/370.8/NVL) GPU/0-cf000 (2/370.8/NVL) GPU/0-df000 (0/5000.0/LOC) GPU/0-ef000 (2/370.8/NVL) NVS/0-0 (1/370.8/NVL) CPU/0-0 (3/22.0/SYS) CPU/0-1 (2/48.0/PHB) 
furious-puma-1:122458:122884 [3] NCCL INFO GPU/0-ef000 :GPU/0-7f000 (2/370.8/NVL) GPU/0-8f000 (2/370.8/NVL) GPU/0-9f000 (2/370.8/NVL) GPU/0-af000 (2/370.8/NVL) GPU/0-bf000 (2/370.8/NVL) GPU/0-cf000 (2/370.8/NVL) GPU/0-df000 (2/370.8/NVL) GPU/0-ef000 (0/5000.0/LOC) NVS/0-0 (1/370.8/NVL) CPU/0-0 (3/22.0/SYS) CPU/0-1 (2/48.0/PHB) 
furious-puma-1:122458:122884 [3] NCCL INFO Setting affinity for GPU 3 to 0-79
furious-puma-1:122458:122884 [3] NCCL INFO NVLS multicast support is available on dev 3 (NVLS_NCHANNELS 16)
furious-puma-1:122460:123007 [5] NCCL INFO === System : maxBw 370.8 totalBw 370.8 ===
furious-puma-1:122460:123007 [5] NCCL INFO CPU/0-0 (1/1/3)
furious-puma-1:122460:123007 [5] NCCL INFO + PCI[48.0] - PCI/0-ffffff010 (0)
furious-puma-1:122460:123007 [5] NCCL INFO               + PCI[48.0] - GPU/0-7f000 (0)
furious-puma-1:122460:123007 [5] NCCL INFO                             + NVL[370.8] - NVS/0-0
furious-puma-1:122460:123007 [5] NCCL INFO               + PCI[48.0] - NIC/0-80000
furious-puma-1:122460:123007 [5] NCCL INFO + PCI[48.0] - PCI/0-ffffff020 (0)
furious-puma-1:122460:123007 [5] NCCL INFO               + PCI[48.0] - NIC/0-90000
furious-puma-1:122460:123007 [5] NCCL INFO               + PCI[48.0] - GPU/0-8f000 (1)
furious-puma-1:122460:123007 [5] NCCL INFO                             + NVL[370.8] - NVS/0-0
furious-puma-1:122460:123007 [5] NCCL INFO + PCI[48.0] - PCI/0-ffffff030 (0)
furious-puma-1:122460:123007 [5] NCCL INFO               + PCI[48.0] - NIC/0-a0000
furious-puma-1:122460:123007 [5] NCCL INFO               + PCI[48.0] - GPU/0-9f000 (2)
furious-puma-1:122460:123007 [5] NCCL INFO                             + NVL[370.8] - NVS/0-0
furious-puma-1:122460:123007 [5] NCCL INFO + PCI[48.0] - PCI/0-ffffff040 (0)
furious-puma-1:122456:122885 [1] NCCL INFO === System : maxBw 370.8 totalBw 370.8 ===
furious-puma-1:122460:123007 [5] NCCL INFO               + PCI[48.0] - NIC/0-b0000
furious-puma-1:122460:123007 [5] NCCL INFO               + PCI[48.0] - GPU/0-af000 (3)
furious-puma-1:122456:122885 [1] NCCL INFO CPU/0-0 (1/1/3)
furious-puma-1:122460:123007 [5] NCCL INFO                             + NVL[370.8] - NVS/0-0
furious-puma-1:122460:123007 [5] NCCL INFO + SYS[22.0] - CPU/0-1
furious-puma-1:122456:122885 [1] NCCL INFO + PCI[48.0] - PCI/0-ffffff010 (0)
furious-puma-1:122460:123007 [5] NCCL INFO CPU/0-1 (1/1/3)
furious-puma-1:122456:122885 [1] NCCL INFO               + PCI[48.0] - GPU/0-7f000 (0)
furious-puma-1:122460:123007 [5] NCCL INFO + PCI[48.0] - PCI/0-ffffff050 (0)
furious-puma-1:122456:122885 [1] NCCL INFO                             + NVL[370.8] - NVS/0-0
furious-puma-1:122460:123007 [5] NCCL INFO               + PCI[48.0] - NIC/0-c0000
furious-puma-1:122459:122983 [4] NCCL INFO === System : maxBw 370.8 totalBw 370.8 ===
furious-puma-1:122456:122885 [1] NCCL INFO               + PCI[48.0] - NIC/0-80000
furious-puma-1:122460:123007 [5] NCCL INFO               + PCI[48.0] - GPU/0-bf000 (4)
furious-puma-1:122459:122983 [4] NCCL INFO CPU/0-0 (1/1/3)
furious-puma-1:122456:122885 [1] NCCL INFO + PCI[48.0] - PCI/0-ffffff020 (0)
furious-puma-1:122460:123007 [5] NCCL INFO                             + NVL[370.8] - NVS/0-0
furious-puma-1:122456:122885 [1] NCCL INFO               + PCI[48.0] - NIC/0-90000
furious-puma-1:122460:123007 [5] NCCL INFO + PCI[48.0] - PCI/0-ffffff060 (0)
furious-puma-1:122459:122983 [4] NCCL INFO + PCI[48.0] - PCI/0-ffffff010 (0)
furious-puma-1:122460:123007 [5] NCCL INFO               + PCI[48.0] - NIC/0-d0000
furious-puma-1:122456:122885 [1] NCCL INFO               + PCI[48.0] - GPU/0-8f000 (1)
furious-puma-1:122459:122983 [4] NCCL INFO               + PCI[48.0] - GPU/0-7f000 (0)
furious-puma-1:122460:123007 [5] NCCL INFO               + PCI[48.0] - GPU/0-cf000 (5)
furious-puma-1:122456:122885 [1] NCCL INFO                             + NVL[370.8] - NVS/0-0
furious-puma-1:122459:122983 [4] NCCL INFO                             + NVL[370.8] - NVS/0-0
furious-puma-1:122460:123007 [5] NCCL INFO                             + NVL[370.8] - NVS/0-0
furious-puma-1:122456:122885 [1] NCCL INFO + PCI[48.0] - PCI/0-ffffff030 (0)
furious-puma-1:122459:122983 [4] NCCL INFO               + PCI[48.0] - NIC/0-80000
furious-puma-1:122460:123007 [5] NCCL INFO + PCI[48.0] - PCI/0-ffffff070 (0)
furious-puma-1:122456:122885 [1] NCCL INFO               + PCI[48.0] - NIC/0-a0000
furious-puma-1:122456:122885 [1] NCCL INFO               + PCI[48.0] - GPU/0-9f000 (2)
furious-puma-1:122460:123007 [5] NCCL INFO               + PCI[48.0] - NIC/0-e0000
furious-puma-1:122459:122983 [4] NCCL INFO + PCI[48.0] - PCI/0-ffffff020 (0)
furious-puma-1:122456:122885 [1] NCCL INFO                             + NVL[370.8] - NVS/0-0
furious-puma-1:122460:123007 [5] NCCL INFO               + PCI[48.0] - GPU/0-df000 (6)
furious-puma-1:122459:122983 [4] NCCL INFO               + PCI[48.0] - NIC/0-90000
furious-puma-1:122456:122885 [1] NCCL INFO + PCI[48.0] - PCI/0-ffffff040 (0)
furious-puma-1:122460:123007 [5] NCCL INFO                             + NVL[370.8] - NVS/0-0
furious-puma-1:122459:122983 [4] NCCL INFO               + PCI[48.0] - GPU/0-8f000 (1)
furious-puma-1:122456:122885 [1] NCCL INFO               + PCI[48.0] - NIC/0-b0000
furious-puma-1:122460:123007 [5] NCCL INFO + PCI[48.0] - PCI/0-ffffff080 (0)
furious-puma-1:122459:122983 [4] NCCL INFO                             + NVL[370.8] - NVS/0-0
furious-puma-1:122456:122885 [1] NCCL INFO               + PCI[48.0] - GPU/0-af000 (3)
furious-puma-1:122460:123007 [5] NCCL INFO               + PCI[48.0] - NIC/0-f0000
furious-puma-1:122459:122983 [4] NCCL INFO + PCI[48.0] - PCI/0-ffffff030 (0)
furious-puma-1:122456:122885 [1] NCCL INFO                             + NVL[370.8] - NVS/0-0
furious-puma-1:122460:123007 [5] NCCL INFO               + PCI[48.0] - GPU/0-ef000 (7)
furious-puma-1:122459:122983 [4] NCCL INFO               + PCI[48.0] - NIC/0-a0000
furious-puma-1:122456:122885 [1] NCCL INFO + SYS[22.0] - CPU/0-1
furious-puma-1:122460:123007 [5] NCCL INFO                             + NVL[370.8] - NVS/0-0
furious-puma-1:122459:122983 [4] NCCL INFO               + PCI[48.0] - GPU/0-9f000 (2)
furious-puma-1:122456:122885 [1] NCCL INFO CPU/0-1 (1/1/3)
furious-puma-1:122460:123007 [5] NCCL INFO + SYS[22.0] - CPU/0-0
furious-puma-1:122460:123007 [5] NCCL INFO ==========================================
furious-puma-1:122459:122983 [4] NCCL INFO                             + NVL[370.8] - NVS/0-0
furious-puma-1:122456:122885 [1] NCCL INFO + PCI[48.0] - PCI/0-ffffff050 (0)
furious-puma-1:122456:122885 [1] NCCL INFO               + PCI[48.0] - NIC/0-c0000
furious-puma-1:122459:122983 [4] NCCL INFO + PCI[48.0] - PCI/0-ffffff040 (0)
furious-puma-1:122456:122885 [1] NCCL INFO               + PCI[48.0] - GPU/0-bf000 (4)
furious-puma-1:122459:122983 [4] NCCL INFO               + PCI[48.0] - NIC/0-b0000
furious-puma-1:122456:122885 [1] NCCL INFO                             + NVL[370.8] - NVS/0-0
furious-puma-1:122459:122983 [4] NCCL INFO               + PCI[48.0] - GPU/0-af000 (3)
furious-puma-1:122456:122885 [1] NCCL INFO + PCI[48.0] - PCI/0-ffffff060 (0)
furious-puma-1:122459:122983 [4] NCCL INFO                             + NVL[370.8] - NVS/0-0
furious-puma-1:122456:122885 [1] NCCL INFO               + PCI[48.0] - NIC/0-d0000
furious-puma-1:122459:122983 [4] NCCL INFO + SYS[22.0] - CPU/0-1
furious-puma-1:122460:123007 [5] NCCL INFO GPU/0-7f000 :GPU/0-7f000 (0/5000.0/LOC) GPU/0-8f000 (2/370.8/NVL) GPU/0-9f000 (2/370.8/NVL) GPU/0-af000 (2/370.8/NVL) GPU/0-bf000 (2/370.8/NVL) GPU/0-cf000 (2/370.8/NVL) GPU/0-df000 (2/370.8/NVL) GPU/0-ef000 (2/370.8/NVL) NVS/0-0 (1/370.8/NVL) CPU/0-0 (2/48.0/PHB) CPU/0-1 (3/22.0/SYS) 
furious-puma-1:122456:122885 [1] NCCL INFO               + PCI[48.0] - GPU/0-cf000 (5)
furious-puma-1:122459:122983 [4] NCCL INFO CPU/0-1 (1/1/3)
furious-puma-1:122456:122885 [1] NCCL INFO                             + NVL[370.8] - NVS/0-0
furious-puma-1:122459:122983 [4] NCCL INFO + PCI[48.0] - PCI/0-ffffff050 (0)
furious-puma-1:122456:122885 [1] NCCL INFO + PCI[48.0] - PCI/0-ffffff070 (0)
furious-puma-1:122459:122983 [4] NCCL INFO               + PCI[48.0] - NIC/0-c0000
furious-puma-1:122456:122885 [1] NCCL INFO               + PCI[48.0] - NIC/0-e0000
furious-puma-1:122459:122983 [4] NCCL INFO               + PCI[48.0] - GPU/0-bf000 (4)
furious-puma-1:122456:122885 [1] NCCL INFO               + PCI[48.0] - GPU/0-df000 (6)
furious-puma-1:122460:123007 [5] NCCL INFO GPU/0-8f000 :GPU/0-7f000 (2/370.8/NVL) GPU/0-8f000 (0/5000.0/LOC) GPU/0-9f000 (2/370.8/NVL) GPU/0-af000 (2/370.8/NVL) GPU/0-bf000 (2/370.8/NVL) GPU/0-cf000 (2/370.8/NVL) GPU/0-df000 (2/370.8/NVL) GPU/0-ef000 (2/370.8/NVL) NVS/0-0 (1/370.8/NVL) CPU/0-0 (2/48.0/PHB) CPU/0-1 (3/22.0/SYS) 
furious-puma-1:122459:122983 [4] NCCL INFO                             + NVL[370.8] - NVS/0-0
furious-puma-1:122456:122885 [1] NCCL INFO                             + NVL[370.8] - NVS/0-0
furious-puma-1:122459:122983 [4] NCCL INFO + PCI[48.0] - PCI/0-ffffff060 (0)
furious-puma-1:122456:122885 [1] NCCL INFO + PCI[48.0] - PCI/0-ffffff080 (0)
furious-puma-1:122459:122983 [4] NCCL INFO               + PCI[48.0] - NIC/0-d0000
furious-puma-1:122456:122885 [1] NCCL INFO               + PCI[48.0] - NIC/0-f0000
furious-puma-1:122459:122983 [4] NCCL INFO               + PCI[48.0] - GPU/0-cf000 (5)
furious-puma-1:122456:122885 [1] NCCL INFO               + PCI[48.0] - GPU/0-ef000 (7)
furious-puma-1:122459:122983 [4] NCCL INFO                             + NVL[370.8] - NVS/0-0
furious-puma-1:122460:123007 [5] NCCL INFO GPU/0-9f000 :GPU/0-7f000 (2/370.8/NVL) GPU/0-8f000 (2/370.8/NVL) GPU/0-9f000 (0/5000.0/LOC) GPU/0-af000 (2/370.8/NVL) GPU/0-bf000 (2/370.8/NVL) GPU/0-cf000 (2/370.8/NVL) GPU/0-df000 (2/370.8/NVL) GPU/0-ef000 (2/370.8/NVL) NVS/0-0 (1/370.8/NVL) CPU/0-0 (2/48.0/PHB) CPU/0-1 (3/22.0/SYS) 
furious-puma-1:122456:122885 [1] NCCL INFO                             + NVL[370.8] - NVS/0-0
furious-puma-1:122459:122983 [4] NCCL INFO + PCI[48.0] - PCI/0-ffffff070 (0)
furious-puma-1:122456:122885 [1] NCCL INFO + SYS[22.0] - CPU/0-0
furious-puma-1:122459:122983 [4] NCCL INFO               + PCI[48.0] - NIC/0-e0000
furious-puma-1:122456:122885 [1] NCCL INFO ==========================================
furious-puma-1:122459:122983 [4] NCCL INFO               + PCI[48.0] - GPU/0-df000 (6)
furious-puma-1:122459:122983 [4] NCCL INFO                             + NVL[370.8] - NVS/0-0
furious-puma-1:122459:122983 [4] NCCL INFO + PCI[48.0] - PCI/0-ffffff080 (0)
furious-puma-1:122460:123007 [5] NCCL INFO GPU/0-af000 :GPU/0-7f000 (2/370.8/NVL) GPU/0-8f000 (2/370.8/NVL) GPU/0-9f000 (2/370.8/NVL) GPU/0-af000 (0/5000.0/LOC) GPU/0-bf000 (2/370.8/NVL) GPU/0-cf000 (2/370.8/NVL) GPU/0-df000 (2/370.8/NVL) GPU/0-ef000 (2/370.8/NVL) NVS/0-0 (1/370.8/NVL) CPU/0-0 (2/48.0/PHB) CPU/0-1 (3/22.0/SYS) 
furious-puma-1:122459:122983 [4] NCCL INFO               + PCI[48.0] - NIC/0-f0000
furious-puma-1:122459:122983 [4] NCCL INFO               + PCI[48.0] - GPU/0-ef000 (7)
furious-puma-1:122459:122983 [4] NCCL INFO                             + NVL[370.8] - NVS/0-0
furious-puma-1:122456:122885 [1] NCCL INFO GPU/0-7f000 :GPU/0-7f000 (0/5000.0/LOC) GPU/0-8f000 (2/370.8/NVL) GPU/0-9f000 (2/370.8/NVL) GPU/0-af000 (2/370.8/NVL) GPU/0-bf000 (2/370.8/NVL) GPU/0-cf000 (2/370.8/NVL) GPU/0-df000 (2/370.8/NVL) GPU/0-ef000 (2/370.8/NVL) NVS/0-0 (1/370.8/NVL) CPU/0-0 (2/48.0/PHB) CPU/0-1 (3/22.0/SYS) 
furious-puma-1:122459:122983 [4] NCCL INFO + SYS[22.0] - CPU/0-0
furious-puma-1:122459:122983 [4] NCCL INFO ==========================================
furious-puma-1:122460:123007 [5] NCCL INFO GPU/0-bf000 :GPU/0-7f000 (2/370.8/NVL) GPU/0-8f000 (2/370.8/NVL) GPU/0-9f000 (2/370.8/NVL) GPU/0-af000 (2/370.8/NVL) GPU/0-bf000 (0/5000.0/LOC) GPU/0-cf000 (2/370.8/NVL) GPU/0-df000 (2/370.8/NVL) GPU/0-ef000 (2/370.8/NVL) NVS/0-0 (1/370.8/NVL) CPU/0-0 (3/22.0/SYS) CPU/0-1 (2/48.0/PHB) 
furious-puma-1:122456:122885 [1] NCCL INFO GPU/0-8f000 :GPU/0-7f000 (2/370.8/NVL) GPU/0-8f000 (0/5000.0/LOC) GPU/0-9f000 (2/370.8/NVL) GPU/0-af000 (2/370.8/NVL) GPU/0-bf000 (2/370.8/NVL) GPU/0-cf000 (2/370.8/NVL) GPU/0-df000 (2/370.8/NVL) GPU/0-ef000 (2/370.8/NVL) NVS/0-0 (1/370.8/NVL) CPU/0-0 (2/48.0/PHB) CPU/0-1 (3/22.0/SYS) 
furious-puma-1:122460:123007 [5] NCCL INFO GPU/0-cf000 :GPU/0-7f000 (2/370.8/NVL) GPU/0-8f000 (2/370.8/NVL) GPU/0-9f000 (2/370.8/NVL) GPU/0-af000 (2/370.8/NVL) GPU/0-bf000 (2/370.8/NVL) GPU/0-cf000 (0/5000.0/LOC) GPU/0-df000 (2/370.8/NVL) GPU/0-ef000 (2/370.8/NVL) NVS/0-0 (1/370.8/NVL) CPU/0-0 (3/22.0/SYS) CPU/0-1 (2/48.0/PHB) 
furious-puma-1:122456:122885 [1] NCCL INFO GPU/0-9f000 :GPU/0-7f000 (2/370.8/NVL) GPU/0-8f000 (2/370.8/NVL) GPU/0-9f000 (0/5000.0/LOC) GPU/0-af000 (2/370.8/NVL) GPU/0-bf000 (2/370.8/NVL) GPU/0-cf000 (2/370.8/NVL) GPU/0-df000 (2/370.8/NVL) GPU/0-ef000 (2/370.8/NVL) NVS/0-0 (1/370.8/NVL) CPU/0-0 (2/48.0/PHB) CPU/0-1 (3/22.0/SYS) 
furious-puma-1:122460:123007 [5] NCCL INFO GPU/0-df000 :GPU/0-7f000 (2/370.8/NVL) GPU/0-8f000 (2/370.8/NVL) GPU/0-9f000 (2/370.8/NVL) GPU/0-af000 (2/370.8/NVL) GPU/0-bf000 (2/370.8/NVL) GPU/0-cf000 (2/370.8/NVL) GPU/0-df000 (0/5000.0/LOC) GPU/0-ef000 (2/370.8/NVL) NVS/0-0 (1/370.8/NVL) CPU/0-0 (3/22.0/SYS) CPU/0-1 (2/48.0/PHB) 
furious-puma-1:122456:122885 [1] NCCL INFO GPU/0-af000 :GPU/0-7f000 (2/370.8/NVL) GPU/0-8f000 (2/370.8/NVL) GPU/0-9f000 (2/370.8/NVL) GPU/0-af000 (0/5000.0/LOC) GPU/0-bf000 (2/370.8/NVL) GPU/0-cf000 (2/370.8/NVL) GPU/0-df000 (2/370.8/NVL) GPU/0-ef000 (2/370.8/NVL) NVS/0-0 (1/370.8/NVL) CPU/0-0 (2/48.0/PHB) CPU/0-1 (3/22.0/SYS) 
furious-puma-1:122460:123007 [5] NCCL INFO GPU/0-ef000 :GPU/0-7f000 (2/370.8/NVL) GPU/0-8f000 (2/370.8/NVL) GPU/0-9f000 (2/370.8/NVL) GPU/0-af000 (2/370.8/NVL) GPU/0-bf000 (2/370.8/NVL) GPU/0-cf000 (2/370.8/NVL) GPU/0-df000 (2/370.8/NVL) GPU/0-ef000 (0/5000.0/LOC) NVS/0-0 (1/370.8/NVL) CPU/0-0 (3/22.0/SYS) CPU/0-1 (2/48.0/PHB) 
furious-puma-1:122456:122885 [1] NCCL INFO GPU/0-bf000 :GPU/0-7f000 (2/370.8/NVL) GPU/0-8f000 (2/370.8/NVL) GPU/0-9f000 (2/370.8/NVL) GPU/0-af000 (2/370.8/NVL) GPU/0-bf000 (0/5000.0/LOC) GPU/0-cf000 (2/370.8/NVL) GPU/0-df000 (2/370.8/NVL) GPU/0-ef000 (2/370.8/NVL) NVS/0-0 (1/370.8/NVL) CPU/0-0 (3/22.0/SYS) CPU/0-1 (2/48.0/PHB) 
furious-puma-1:122460:123007 [5] NCCL INFO Setting affinity for GPU 5 to 80-159
furious-puma-1:122456:122885 [1] NCCL INFO GPU/0-cf000 :GPU/0-7f000 (2/370.8/NVL) GPU/0-8f000 (2/370.8/NVL) GPU/0-9f000 (2/370.8/NVL) GPU/0-af000 (2/370.8/NVL) GPU/0-bf000 (2/370.8/NVL) GPU/0-cf000 (0/5000.0/LOC) GPU/0-df000 (2/370.8/NVL) GPU/0-ef000 (2/370.8/NVL) NVS/0-0 (1/370.8/NVL) CPU/0-0 (3/22.0/SYS) CPU/0-1 (2/48.0/PHB) 
furious-puma-1:122456:122885 [1] NCCL INFO GPU/0-df000 :GPU/0-7f000 (2/370.8/NVL) GPU/0-8f000 (2/370.8/NVL) GPU/0-9f000 (2/370.8/NVL) GPU/0-af000 (2/370.8/NVL) GPU/0-bf000 (2/370.8/NVL) GPU/0-cf000 (2/370.8/NVL) GPU/0-df000 (0/5000.0/LOC) GPU/0-ef000 (2/370.8/NVL) NVS/0-0 (1/370.8/NVL) CPU/0-0 (3/22.0/SYS) CPU/0-1 (2/48.0/PHB) 
furious-puma-1:122460:123007 [5] NCCL INFO NVLS multicast support is available on dev 5 (NVLS_NCHANNELS 16)
furious-puma-1:122456:122885 [1] NCCL INFO GPU/0-ef000 :GPU/0-7f000 (2/370.8/NVL) GPU/0-8f000 (2/370.8/NVL) GPU/0-9f000 (2/370.8/NVL) GPU/0-af000 (2/370.8/NVL) GPU/0-bf000 (2/370.8/NVL) GPU/0-cf000 (2/370.8/NVL) GPU/0-df000 (2/370.8/NVL) GPU/0-ef000 (0/5000.0/LOC) NVS/0-0 (1/370.8/NVL) CPU/0-0 (3/22.0/SYS) CPU/0-1 (2/48.0/PHB) 
furious-puma-1:122456:122885 [1] NCCL INFO Setting affinity for GPU 1 to 0-79
furious-puma-1:122456:122885 [1] NCCL INFO NVLS multicast support is available on dev 1 (NVLS_NCHANNELS 16)
furious-puma-1:122461:123009 [6] NCCL INFO === System : maxBw 370.8 totalBw 370.8 ===
furious-puma-1:122461:123009 [6] NCCL INFO CPU/0-0 (1/1/3)
furious-puma-1:122461:123009 [6] NCCL INFO + PCI[48.0] - PCI/0-ffffff010 (0)
furious-puma-1:122461:123009 [6] NCCL INFO               + PCI[48.0] - GPU/0-7f000 (0)
furious-puma-1:122461:123009 [6] NCCL INFO                             + NVL[370.8] - NVS/0-0
furious-puma-1:122461:123009 [6] NCCL INFO               + PCI[48.0] - NIC/0-80000
furious-puma-1:122461:123009 [6] NCCL INFO + PCI[48.0] - PCI/0-ffffff020 (0)
furious-puma-1:122461:123009 [6] NCCL INFO               + PCI[48.0] - NIC/0-90000
furious-puma-1:122461:123009 [6] NCCL INFO               + PCI[48.0] - GPU/0-8f000 (1)
furious-puma-1:122461:123009 [6] NCCL INFO                             + NVL[370.8] - NVS/0-0
furious-puma-1:122461:123009 [6] NCCL INFO + PCI[48.0] - PCI/0-ffffff030 (0)
furious-puma-1:122461:123009 [6] NCCL INFO               + PCI[48.0] - NIC/0-a0000
furious-puma-1:122461:123009 [6] NCCL INFO               + PCI[48.0] - GPU/0-9f000 (2)
furious-puma-1:122461:123009 [6] NCCL INFO                             + NVL[370.8] - NVS/0-0
furious-puma-1:122461:123009 [6] NCCL INFO + PCI[48.0] - PCI/0-ffffff040 (0)
furious-puma-1:122461:123009 [6] NCCL INFO               + PCI[48.0] - NIC/0-b0000
furious-puma-1:122461:123009 [6] NCCL INFO               + PCI[48.0] - GPU/0-af000 (3)
furious-puma-1:122461:123009 [6] NCCL INFO                             + NVL[370.8] - NVS/0-0
furious-puma-1:122461:123009 [6] NCCL INFO + SYS[22.0] - CPU/0-1
furious-puma-1:122461:123009 [6] NCCL INFO CPU/0-1 (1/1/3)
furious-puma-1:122461:123009 [6] NCCL INFO + PCI[48.0] - PCI/0-ffffff050 (0)
furious-puma-1:122461:123009 [6] NCCL INFO               + PCI[48.0] - NIC/0-c0000
furious-puma-1:122461:123009 [6] NCCL INFO               + PCI[48.0] - GPU/0-bf000 (4)
furious-puma-1:122461:123009 [6] NCCL INFO                             + NVL[370.8] - NVS/0-0
furious-puma-1:122461:123009 [6] NCCL INFO + PCI[48.0] - PCI/0-ffffff060 (0)
furious-puma-1:122461:123009 [6] NCCL INFO               + PCI[48.0] - NIC/0-d0000
furious-puma-1:122461:123009 [6] NCCL INFO               + PCI[48.0] - GPU/0-cf000 (5)
furious-puma-1:122461:123009 [6] NCCL INFO                             + NVL[370.8] - NVS/0-0
furious-puma-1:122461:123009 [6] NCCL INFO + PCI[48.0] - PCI/0-ffffff070 (0)
furious-puma-1:122461:123009 [6] NCCL INFO               + PCI[48.0] - NIC/0-e0000
furious-puma-1:122461:123009 [6] NCCL INFO               + PCI[48.0] - GPU/0-df000 (6)
furious-puma-1:122461:123009 [6] NCCL INFO                             + NVL[370.8] - NVS/0-0
furious-puma-1:122461:123009 [6] NCCL INFO + PCI[48.0] - PCI/0-ffffff080 (0)
furious-puma-1:122461:123009 [6] NCCL INFO               + PCI[48.0] - NIC/0-f0000
furious-puma-1:122461:123009 [6] NCCL INFO               + PCI[48.0] - GPU/0-ef000 (7)
furious-puma-1:122461:123009 [6] NCCL INFO                             + NVL[370.8] - NVS/0-0
furious-puma-1:122461:123009 [6] NCCL INFO + SYS[22.0] - CPU/0-0
furious-puma-1:122461:123009 [6] NCCL INFO ==========================================
furious-puma-1:122461:123009 [6] NCCL INFO GPU/0-7f000 :GPU/0-7f000 (0/5000.0/LOC) GPU/0-8f000 (2/370.8/NVL) GPU/0-9f000 (2/370.8/NVL) GPU/0-af000 (2/370.8/NVL) GPU/0-bf000 (2/370.8/NVL) GPU/0-cf000 (2/370.8/NVL) GPU/0-df000 (2/370.8/NVL) GPU/0-ef000 (2/370.8/NVL) NVS/0-0 (1/370.8/NVL) CPU/0-0 (2/48.0/PHB) CPU/0-1 (3/22.0/SYS) 
furious-puma-1:122461:123009 [6] NCCL INFO GPU/0-8f000 :GPU/0-7f000 (2/370.8/NVL) GPU/0-8f000 (0/5000.0/LOC) GPU/0-9f000 (2/370.8/NVL) GPU/0-af000 (2/370.8/NVL) GPU/0-bf000 (2/370.8/NVL) GPU/0-cf000 (2/370.8/NVL) GPU/0-df000 (2/370.8/NVL) GPU/0-ef000 (2/370.8/NVL) NVS/0-0 (1/370.8/NVL) CPU/0-0 (2/48.0/PHB) CPU/0-1 (3/22.0/SYS) 
furious-puma-1:122461:123009 [6] NCCL INFO GPU/0-9f000 :GPU/0-7f000 (2/370.8/NVL) GPU/0-8f000 (2/370.8/NVL) GPU/0-9f000 (0/5000.0/LOC) GPU/0-af000 (2/370.8/NVL) GPU/0-bf000 (2/370.8/NVL) GPU/0-cf000 (2/370.8/NVL) GPU/0-df000 (2/370.8/NVL) GPU/0-ef000 (2/370.8/NVL) NVS/0-0 (1/370.8/NVL) CPU/0-0 (2/48.0/PHB) CPU/0-1 (3/22.0/SYS) 
furious-puma-1:122461:123009 [6] NCCL INFO GPU/0-af000 :GPU/0-7f000 (2/370.8/NVL) GPU/0-8f000 (2/370.8/NVL) GPU/0-9f000 (2/370.8/NVL) GPU/0-af000 (0/5000.0/LOC) GPU/0-bf000 (2/370.8/NVL) GPU/0-cf000 (2/370.8/NVL) GPU/0-df000 (2/370.8/NVL) GPU/0-ef000 (2/370.8/NVL) NVS/0-0 (1/370.8/NVL) CPU/0-0 (2/48.0/PHB) CPU/0-1 (3/22.0/SYS) 
furious-puma-1:122461:123009 [6] NCCL INFO GPU/0-bf000 :GPU/0-7f000 (2/370.8/NVL) GPU/0-8f000 (2/370.8/NVL) GPU/0-9f000 (2/370.8/NVL) GPU/0-af000 (2/370.8/NVL) GPU/0-bf000 (0/5000.0/LOC) GPU/0-cf000 (2/370.8/NVL) GPU/0-df000 (2/370.8/NVL) GPU/0-ef000 (2/370.8/NVL) NVS/0-0 (1/370.8/NVL) CPU/0-0 (3/22.0/SYS) CPU/0-1 (2/48.0/PHB) 
furious-puma-1:122461:123009 [6] NCCL INFO GPU/0-cf000 :GPU/0-7f000 (2/370.8/NVL) GPU/0-8f000 (2/370.8/NVL) GPU/0-9f000 (2/370.8/NVL) GPU/0-af000 (2/370.8/NVL) GPU/0-bf000 (2/370.8/NVL) GPU/0-cf000 (0/5000.0/LOC) GPU/0-df000 (2/370.8/NVL) GPU/0-ef000 (2/370.8/NVL) NVS/0-0 (1/370.8/NVL) CPU/0-0 (3/22.0/SYS) CPU/0-1 (2/48.0/PHB) 
furious-puma-1:122461:123009 [6] NCCL INFO GPU/0-df000 :GPU/0-7f000 (2/370.8/NVL) GPU/0-8f000 (2/370.8/NVL) GPU/0-9f000 (2/370.8/NVL) GPU/0-af000 (2/370.8/NVL) GPU/0-bf000 (2/370.8/NVL) GPU/0-cf000 (2/370.8/NVL) GPU/0-df000 (0/5000.0/LOC) GPU/0-ef000 (2/370.8/NVL) NVS/0-0 (1/370.8/NVL) CPU/0-0 (3/22.0/SYS) CPU/0-1 (2/48.0/PHB) 
furious-puma-1:122461:123009 [6] NCCL INFO GPU/0-ef000 :GPU/0-7f000 (2/370.8/NVL) GPU/0-8f000 (2/370.8/NVL) GPU/0-9f000 (2/370.8/NVL) GPU/0-af000 (2/370.8/NVL) GPU/0-bf000 (2/370.8/NVL) GPU/0-cf000 (2/370.8/NVL) GPU/0-df000 (2/370.8/NVL) GPU/0-ef000 (0/5000.0/LOC) NVS/0-0 (1/370.8/NVL) CPU/0-0 (3/22.0/SYS) CPU/0-1 (2/48.0/PHB) 
furious-puma-1:122461:123009 [6] NCCL INFO Setting affinity for GPU 6 to 80-159
furious-puma-1:122461:123009 [6] NCCL INFO NVLS multicast support is available on dev 6 (NVLS_NCHANNELS 16)
furious-puma-1:122462:122886 [7] NCCL INFO === System : maxBw 370.8 totalBw 370.8 ===
furious-puma-1:122462:122886 [7] NCCL INFO CPU/0-0 (1/1/3)
furious-puma-1:122462:122886 [7] NCCL INFO + PCI[48.0] - PCI/0-ffffff010 (0)
furious-puma-1:122462:122886 [7] NCCL INFO               + PCI[48.0] - GPU/0-7f000 (0)
furious-puma-1:122462:122886 [7] NCCL INFO                             + NVL[370.8] - NVS/0-0
furious-puma-1:122462:122886 [7] NCCL INFO               + PCI[48.0] - NIC/0-80000
furious-puma-1:122462:122886 [7] NCCL INFO + PCI[48.0] - PCI/0-ffffff020 (0)
furious-puma-1:122462:122886 [7] NCCL INFO               + PCI[48.0] - NIC/0-90000
furious-puma-1:122462:122886 [7] NCCL INFO               + PCI[48.0] - GPU/0-8f000 (1)
furious-puma-1:122462:122886 [7] NCCL INFO                             + NVL[370.8] - NVS/0-0
furious-puma-1:122462:122886 [7] NCCL INFO + PCI[48.0] - PCI/0-ffffff030 (0)
furious-puma-1:122462:122886 [7] NCCL INFO               + PCI[48.0] - NIC/0-a0000
furious-puma-1:122462:122886 [7] NCCL INFO               + PCI[48.0] - GPU/0-9f000 (2)
furious-puma-1:122462:122886 [7] NCCL INFO                             + NVL[370.8] - NVS/0-0
furious-puma-1:122462:122886 [7] NCCL INFO + PCI[48.0] - PCI/0-ffffff040 (0)
furious-puma-1:122462:122886 [7] NCCL INFO               + PCI[48.0] - NIC/0-b0000
furious-puma-1:122462:122886 [7] NCCL INFO               + PCI[48.0] - GPU/0-af000 (3)
furious-puma-1:122462:122886 [7] NCCL INFO                             + NVL[370.8] - NVS/0-0
furious-puma-1:122462:122886 [7] NCCL INFO + SYS[22.0] - CPU/0-1
furious-puma-1:122462:122886 [7] NCCL INFO CPU/0-1 (1/1/3)
furious-puma-1:122462:122886 [7] NCCL INFO + PCI[48.0] - PCI/0-ffffff050 (0)
furious-puma-1:122462:122886 [7] NCCL INFO               + PCI[48.0] - NIC/0-c0000
furious-puma-1:122462:122886 [7] NCCL INFO               + PCI[48.0] - GPU/0-bf000 (4)
furious-puma-1:122462:122886 [7] NCCL INFO                             + NVL[370.8] - NVS/0-0
furious-puma-1:122462:122886 [7] NCCL INFO + PCI[48.0] - PCI/0-ffffff060 (0)
furious-puma-1:122462:122886 [7] NCCL INFO               + PCI[48.0] - NIC/0-d0000
furious-puma-1:122462:122886 [7] NCCL INFO               + PCI[48.0] - GPU/0-cf000 (5)
furious-puma-1:122462:122886 [7] NCCL INFO                             + NVL[370.8] - NVS/0-0
furious-puma-1:122462:122886 [7] NCCL INFO + PCI[48.0] - PCI/0-ffffff070 (0)
furious-puma-1:122462:122886 [7] NCCL INFO               + PCI[48.0] - NIC/0-e0000
furious-puma-1:122462:122886 [7] NCCL INFO               + PCI[48.0] - GPU/0-df000 (6)
furious-puma-1:122462:122886 [7] NCCL INFO                             + NVL[370.8] - NVS/0-0
furious-puma-1:122462:122886 [7] NCCL INFO + PCI[48.0] - PCI/0-ffffff080 (0)
furious-puma-1:122462:122886 [7] NCCL INFO               + PCI[48.0] - NIC/0-f0000
furious-puma-1:122462:122886 [7] NCCL INFO               + PCI[48.0] - GPU/0-ef000 (7)
furious-puma-1:122462:122886 [7] NCCL INFO                             + NVL[370.8] - NVS/0-0
furious-puma-1:122462:122886 [7] NCCL INFO + SYS[22.0] - CPU/0-0
furious-puma-1:122462:122886 [7] NCCL INFO ==========================================
furious-puma-1:122462:122886 [7] NCCL INFO GPU/0-7f000 :GPU/0-7f000 (0/5000.0/LOC) GPU/0-8f000 (2/370.8/NVL) GPU/0-9f000 (2/370.8/NVL) GPU/0-af000 (2/370.8/NVL) GPU/0-bf000 (2/370.8/NVL) GPU/0-cf000 (2/370.8/NVL) GPU/0-df000 (2/370.8/NVL) GPU/0-ef000 (2/370.8/NVL) NVS/0-0 (1/370.8/NVL) CPU/0-0 (2/48.0/PHB) CPU/0-1 (3/22.0/SYS) 
furious-puma-1:122462:122886 [7] NCCL INFO GPU/0-8f000 :GPU/0-7f000 (2/370.8/NVL) GPU/0-8f000 (0/5000.0/LOC) GPU/0-9f000 (2/370.8/NVL) GPU/0-af000 (2/370.8/NVL) GPU/0-bf000 (2/370.8/NVL) GPU/0-cf000 (2/370.8/NVL) GPU/0-df000 (2/370.8/NVL) GPU/0-ef000 (2/370.8/NVL) NVS/0-0 (1/370.8/NVL) CPU/0-0 (2/48.0/PHB) CPU/0-1 (3/22.0/SYS) 
furious-puma-1:122462:122886 [7] NCCL INFO GPU/0-9f000 :GPU/0-7f000 (2/370.8/NVL) GPU/0-8f000 (2/370.8/NVL) GPU/0-9f000 (0/5000.0/LOC) GPU/0-af000 (2/370.8/NVL) GPU/0-bf000 (2/370.8/NVL) GPU/0-cf000 (2/370.8/NVL) GPU/0-df000 (2/370.8/NVL) GPU/0-ef000 (2/370.8/NVL) NVS/0-0 (1/370.8/NVL) CPU/0-0 (2/48.0/PHB) CPU/0-1 (3/22.0/SYS) 
furious-puma-1:122462:122886 [7] NCCL INFO GPU/0-af000 :GPU/0-7f000 (2/370.8/NVL) GPU/0-8f000 (2/370.8/NVL) GPU/0-9f000 (2/370.8/NVL) GPU/0-af000 (0/5000.0/LOC) GPU/0-bf000 (2/370.8/NVL) GPU/0-cf000 (2/370.8/NVL) GPU/0-df000 (2/370.8/NVL) GPU/0-ef000 (2/370.8/NVL) NVS/0-0 (1/370.8/NVL) CPU/0-0 (2/48.0/PHB) CPU/0-1 (3/22.0/SYS) 
furious-puma-1:122462:122886 [7] NCCL INFO GPU/0-bf000 :GPU/0-7f000 (2/370.8/NVL) GPU/0-8f000 (2/370.8/NVL) GPU/0-9f000 (2/370.8/NVL) GPU/0-af000 (2/370.8/NVL) GPU/0-bf000 (0/5000.0/LOC) GPU/0-cf000 (2/370.8/NVL) GPU/0-df000 (2/370.8/NVL) GPU/0-ef000 (2/370.8/NVL) NVS/0-0 (1/370.8/NVL) CPU/0-0 (3/22.0/SYS) CPU/0-1 (2/48.0/PHB) 
furious-puma-1:122462:122886 [7] NCCL INFO GPU/0-cf000 :GPU/0-7f000 (2/370.8/NVL) GPU/0-8f000 (2/370.8/NVL) GPU/0-9f000 (2/370.8/NVL) GPU/0-af000 (2/370.8/NVL) GPU/0-bf000 (2/370.8/NVL) GPU/0-cf000 (0/5000.0/LOC) GPU/0-df000 (2/370.8/NVL) GPU/0-ef000 (2/370.8/NVL) NVS/0-0 (1/370.8/NVL) CPU/0-0 (3/22.0/SYS) CPU/0-1 (2/48.0/PHB) 
furious-puma-1:122462:122886 [7] NCCL INFO GPU/0-df000 :GPU/0-7f000 (2/370.8/NVL) GPU/0-8f000 (2/370.8/NVL) GPU/0-9f000 (2/370.8/NVL) GPU/0-af000 (2/370.8/NVL) GPU/0-bf000 (2/370.8/NVL) GPU/0-cf000 (2/370.8/NVL) GPU/0-df000 (0/5000.0/LOC) GPU/0-ef000 (2/370.8/NVL) NVS/0-0 (1/370.8/NVL) CPU/0-0 (3/22.0/SYS) CPU/0-1 (2/48.0/PHB) 
furious-puma-1:122462:122886 [7] NCCL INFO GPU/0-ef000 :GPU/0-7f000 (2/370.8/NVL) GPU/0-8f000 (2/370.8/NVL) GPU/0-9f000 (2/370.8/NVL) GPU/0-af000 (2/370.8/NVL) GPU/0-bf000 (2/370.8/NVL) GPU/0-cf000 (2/370.8/NVL) GPU/0-df000 (2/370.8/NVL) GPU/0-ef000 (0/5000.0/LOC) NVS/0-0 (1/370.8/NVL) CPU/0-0 (3/22.0/SYS) CPU/0-1 (2/48.0/PHB) 
furious-puma-1:122462:122886 [7] NCCL INFO Setting affinity for GPU 7 to 80-159
furious-puma-1:122462:122886 [7] NCCL INFO NVLS multicast support is available on dev 7 (NVLS_NCHANNELS 16)
furious-puma-1:122459:122983 [4] NCCL INFO GPU/0-7f000 :GPU/0-7f000 (0/5000.0/LOC) GPU/0-8f000 (2/370.8/NVL) GPU/0-9f000 (2/370.8/NVL) GPU/0-af000 (2/370.8/NVL) GPU/0-bf000 (2/370.8/NVL) GPU/0-cf000 (2/370.8/NVL) GPU/0-df000 (2/370.8/NVL) GPU/0-ef000 (2/370.8/NVL) NVS/0-0 (1/370.8/NVL) CPU/0-0 (2/48.0/PHB) CPU/0-1 (3/22.0/SYS) 
furious-puma-1:122459:122983 [4] NCCL INFO GPU/0-8f000 :GPU/0-7f000 (2/370.8/NVL) GPU/0-8f000 (0/5000.0/LOC) GPU/0-9f000 (2/370.8/NVL) GPU/0-af000 (2/370.8/NVL) GPU/0-bf000 (2/370.8/NVL) GPU/0-cf000 (2/370.8/NVL) GPU/0-df000 (2/370.8/NVL) GPU/0-ef000 (2/370.8/NVL) NVS/0-0 (1/370.8/NVL) CPU/0-0 (2/48.0/PHB) CPU/0-1 (3/22.0/SYS) 
furious-puma-1:122459:122983 [4] NCCL INFO GPU/0-9f000 :GPU/0-7f000 (2/370.8/NVL) GPU/0-8f000 (2/370.8/NVL) GPU/0-9f000 (0/5000.0/LOC) GPU/0-af000 (2/370.8/NVL) GPU/0-bf000 (2/370.8/NVL) GPU/0-cf000 (2/370.8/NVL) GPU/0-df000 (2/370.8/NVL) GPU/0-ef000 (2/370.8/NVL) NVS/0-0 (1/370.8/NVL) CPU/0-0 (2/48.0/PHB) CPU/0-1 (3/22.0/SYS) 
furious-puma-1:122459:122983 [4] NCCL INFO GPU/0-af000 :GPU/0-7f000 (2/370.8/NVL) GPU/0-8f000 (2/370.8/NVL) GPU/0-9f000 (2/370.8/NVL) GPU/0-af000 (0/5000.0/LOC) GPU/0-bf000 (2/370.8/NVL) GPU/0-cf000 (2/370.8/NVL) GPU/0-df000 (2/370.8/NVL) GPU/0-ef000 (2/370.8/NVL) NVS/0-0 (1/370.8/NVL) CPU/0-0 (2/48.0/PHB) CPU/0-1 (3/22.0/SYS) 
furious-puma-1:122459:122983 [4] NCCL INFO GPU/0-bf000 :GPU/0-7f000 (2/370.8/NVL) GPU/0-8f000 (2/370.8/NVL) GPU/0-9f000 (2/370.8/NVL) GPU/0-af000 (2/370.8/NVL) GPU/0-bf000 (0/5000.0/LOC) GPU/0-cf000 (2/370.8/NVL) GPU/0-df000 (2/370.8/NVL) GPU/0-ef000 (2/370.8/NVL) NVS/0-0 (1/370.8/NVL) CPU/0-0 (3/22.0/SYS) CPU/0-1 (2/48.0/PHB) 
furious-puma-1:122459:122983 [4] NCCL INFO GPU/0-cf000 :GPU/0-7f000 (2/370.8/NVL) GPU/0-8f000 (2/370.8/NVL) GPU/0-9f000 (2/370.8/NVL) GPU/0-af000 (2/370.8/NVL) GPU/0-bf000 (2/370.8/NVL) GPU/0-cf000 (0/5000.0/LOC) GPU/0-df000 (2/370.8/NVL) GPU/0-ef000 (2/370.8/NVL) NVS/0-0 (1/370.8/NVL) CPU/0-0 (3/22.0/SYS) CPU/0-1 (2/48.0/PHB) 
furious-puma-1:122459:122983 [4] NCCL INFO GPU/0-df000 :GPU/0-7f000 (2/370.8/NVL) GPU/0-8f000 (2/370.8/NVL) GPU/0-9f000 (2/370.8/NVL) GPU/0-af000 (2/370.8/NVL) GPU/0-bf000 (2/370.8/NVL) GPU/0-cf000 (2/370.8/NVL) GPU/0-df000 (0/5000.0/LOC) GPU/0-ef000 (2/370.8/NVL) NVS/0-0 (1/370.8/NVL) CPU/0-0 (3/22.0/SYS) CPU/0-1 (2/48.0/PHB) 
furious-puma-1:122459:122983 [4] NCCL INFO GPU/0-ef000 :GPU/0-7f000 (2/370.8/NVL) GPU/0-8f000 (2/370.8/NVL) GPU/0-9f000 (2/370.8/NVL) GPU/0-af000 (2/370.8/NVL) GPU/0-bf000 (2/370.8/NVL) GPU/0-cf000 (2/370.8/NVL) GPU/0-df000 (2/370.8/NVL) GPU/0-ef000 (0/5000.0/LOC) NVS/0-0 (1/370.8/NVL) CPU/0-0 (3/22.0/SYS) CPU/0-1 (2/48.0/PHB) 
furious-puma-1:122459:122983 [4] NCCL INFO Setting affinity for GPU 4 to 80-159
furious-puma-1:122459:122983 [4] NCCL INFO NVLS multicast support is available on dev 4 (NVLS_NCHANNELS 16)
furious-puma-1:122455:122883 [0] NCCL INFO Pattern 4, crossNic 0, nChannels 12, bw 30.000000/30.000000, type NVL/PIX, sameChannels 1
furious-puma-1:122455:122883 [0] NCCL INFO  0 : GPU/0-7f000 GPU/0-8f000 GPU/0-9f000 GPU/0-af000 GPU/0-bf000 GPU/0-cf000 GPU/0-df000 GPU/0-ef000
furious-puma-1:122455:122883 [0] NCCL INFO  1 : GPU/0-7f000 GPU/0-8f000 GPU/0-9f000 GPU/0-af000 GPU/0-bf000 GPU/0-cf000 GPU/0-df000 GPU/0-ef000
furious-puma-1:122455:122883 [0] NCCL INFO  2 : GPU/0-7f000 GPU/0-8f000 GPU/0-9f000 GPU/0-af000 GPU/0-bf000 GPU/0-cf000 GPU/0-df000 GPU/0-ef000
furious-puma-1:122455:122883 [0] NCCL INFO  3 : GPU/0-7f000 GPU/0-8f000 GPU/0-9f000 GPU/0-af000 GPU/0-bf000 GPU/0-cf000 GPU/0-df000 GPU/0-ef000
furious-puma-1:122455:122883 [0] NCCL INFO  4 : GPU/0-7f000 GPU/0-8f000 GPU/0-9f000 GPU/0-af000 GPU/0-bf000 GPU/0-cf000 GPU/0-df000 GPU/0-ef000
furious-puma-1:122455:122883 [0] NCCL INFO  5 : GPU/0-7f000 GPU/0-8f000 GPU/0-9f000 GPU/0-af000 GPU/0-bf000 GPU/0-cf000 GPU/0-df000 GPU/0-ef000
furious-puma-1:122455:122883 [0] NCCL INFO  6 : GPU/0-7f000 GPU/0-8f000 GPU/0-9f000 GPU/0-af000 GPU/0-bf000 GPU/0-cf000 GPU/0-df000 GPU/0-ef000
furious-puma-1:122455:122883 [0] NCCL INFO  7 : GPU/0-7f000 GPU/0-8f000 GPU/0-9f000 GPU/0-af000 GPU/0-bf000 GPU/0-cf000 GPU/0-df000 GPU/0-ef000
furious-puma-1:122455:122883 [0] NCCL INFO  8 : GPU/0-7f000 GPU/0-8f000 GPU/0-9f000 GPU/0-af000 GPU/0-bf000 GPU/0-cf000 GPU/0-df000 GPU/0-ef000
furious-puma-1:122455:122883 [0] NCCL INFO  9 : GPU/0-7f000 GPU/0-8f000 GPU/0-9f000 GPU/0-af000 GPU/0-bf000 GPU/0-cf000 GPU/0-df000 GPU/0-ef000
furious-puma-1:122455:122883 [0] NCCL INFO 10 : GPU/0-7f000 GPU/0-8f000 GPU/0-9f000 GPU/0-af000 GPU/0-bf000 GPU/0-cf000 GPU/0-df000 GPU/0-ef000
furious-puma-1:122455:122883 [0] NCCL INFO 11 : GPU/0-7f000 GPU/0-8f000 GPU/0-9f000 GPU/0-af000 GPU/0-bf000 GPU/0-cf000 GPU/0-df000 GPU/0-ef000
furious-puma-1:122455:122883 [0] NCCL INFO Pattern 1, crossNic 0, nChannels 12, bw 30.000000/30.000000, type NVL/PIX, sameChannels 1
furious-puma-1:122455:122883 [0] NCCL INFO  0 : GPU/0-7f000 GPU/0-8f000 GPU/0-9f000 GPU/0-af000 GPU/0-bf000 GPU/0-cf000 GPU/0-df000 GPU/0-ef000
furious-puma-1:122455:122883 [0] NCCL INFO  1 : GPU/0-7f000 GPU/0-8f000 GPU/0-9f000 GPU/0-af000 GPU/0-bf000 GPU/0-cf000 GPU/0-df000 GPU/0-ef000
furious-puma-1:122455:122883 [0] NCCL INFO  2 : GPU/0-7f000 GPU/0-8f000 GPU/0-9f000 GPU/0-af000 GPU/0-bf000 GPU/0-cf000 GPU/0-df000 GPU/0-ef000
furious-puma-1:122455:122883 [0] NCCL INFO  3 : GPU/0-7f000 GPU/0-8f000 GPU/0-9f000 GPU/0-af000 GPU/0-bf000 GPU/0-cf000 GPU/0-df000 GPU/0-ef000
furious-puma-1:122455:122883 [0] NCCL INFO  4 : GPU/0-7f000 GPU/0-8f000 GPU/0-9f000 GPU/0-af000 GPU/0-bf000 GPU/0-cf000 GPU/0-df000 GPU/0-ef000
furious-puma-1:122455:122883 [0] NCCL INFO  5 : GPU/0-7f000 GPU/0-8f000 GPU/0-9f000 GPU/0-af000 GPU/0-bf000 GPU/0-cf000 GPU/0-df000 GPU/0-ef000
furious-puma-1:122455:122883 [0] NCCL INFO  6 : GPU/0-7f000 GPU/0-8f000 GPU/0-9f000 GPU/0-af000 GPU/0-bf000 GPU/0-cf000 GPU/0-df000 GPU/0-ef000
furious-puma-1:122455:122883 [0] NCCL INFO  7 : GPU/0-7f000 GPU/0-8f000 GPU/0-9f000 GPU/0-af000 GPU/0-bf000 GPU/0-cf000 GPU/0-df000 GPU/0-ef000
furious-puma-1:122455:122883 [0] NCCL INFO  8 : GPU/0-7f000 GPU/0-8f000 GPU/0-9f000 GPU/0-af000 GPU/0-bf000 GPU/0-cf000 GPU/0-df000 GPU/0-ef000
furious-puma-1:122455:122883 [0] NCCL INFO  9 : GPU/0-7f000 GPU/0-8f000 GPU/0-9f000 GPU/0-af000 GPU/0-bf000 GPU/0-cf000 GPU/0-df000 GPU/0-ef000
furious-puma-1:122455:122883 [0] NCCL INFO 10 : GPU/0-7f000 GPU/0-8f000 GPU/0-9f000 GPU/0-af000 GPU/0-bf000 GPU/0-cf000 GPU/0-df000 GPU/0-ef000
furious-puma-1:122455:122883 [0] NCCL INFO 11 : GPU/0-7f000 GPU/0-8f000 GPU/0-9f000 GPU/0-af000 GPU/0-bf000 GPU/0-cf000 GPU/0-df000 GPU/0-ef000
furious-puma-1:122455:122883 [0] NCCL INFO Pattern 5, crossNic 0, nChannels 8, bw 40.000000/60.000000, type NVL/PIX, sameChannels 0
furious-puma-1:122455:122883 [0] NCCL INFO  0 : GPU/0-7f000
furious-puma-1:122455:122883 [0] NCCL INFO  1 : GPU/0-8f000
furious-puma-1:122455:122883 [0] NCCL INFO  2 : GPU/0-9f000
furious-puma-1:122455:122883 [0] NCCL INFO  3 : GPU/0-af000
furious-puma-1:122455:122883 [0] NCCL INFO  4 : GPU/0-bf000
furious-puma-1:122455:122883 [0] NCCL INFO  5 : GPU/0-cf000
furious-puma-1:122455:122883 [0] NCCL INFO  6 : GPU/0-df000
furious-puma-1:122455:122883 [0] NCCL INFO  7 : GPU/0-ef000
furious-puma-1:122457:122887 [2] NCCL INFO Pattern 4, crossNic 0, nChannels 12, bw 30.000000/30.000000, type NVL/PIX, sameChannels 1
furious-puma-1:122457:122887 [2] NCCL INFO  0 : GPU/0-7f000 GPU/0-8f000 GPU/0-9f000 GPU/0-af000 GPU/0-bf000 GPU/0-cf000 GPU/0-df000 GPU/0-ef000
furious-puma-1:122457:122887 [2] NCCL INFO  1 : GPU/0-7f000 GPU/0-8f000 GPU/0-9f000 GPU/0-af000 GPU/0-bf000 GPU/0-cf000 GPU/0-df000 GPU/0-ef000
furious-puma-1:122457:122887 [2] NCCL INFO  2 : GPU/0-7f000 GPU/0-8f000 GPU/0-9f000 GPU/0-af000 GPU/0-bf000 GPU/0-cf000 GPU/0-df000 GPU/0-ef000
furious-puma-1:122457:122887 [2] NCCL INFO  3 : GPU/0-7f000 GPU/0-8f000 GPU/0-9f000 GPU/0-af000 GPU/0-bf000 GPU/0-cf000 GPU/0-df000 GPU/0-ef000
furious-puma-1:122457:122887 [2] NCCL INFO  4 : GPU/0-7f000 GPU/0-8f000 GPU/0-9f000 GPU/0-af000 GPU/0-bf000 GPU/0-cf000 GPU/0-df000 GPU/0-ef000
furious-puma-1:122457:122887 [2] NCCL INFO  5 : GPU/0-7f000 GPU/0-8f000 GPU/0-9f000 GPU/0-af000 GPU/0-bf000 GPU/0-cf000 GPU/0-df000 GPU/0-ef000
furious-puma-1:122457:122887 [2] NCCL INFO  6 : GPU/0-7f000 GPU/0-8f000 GPU/0-9f000 GPU/0-af000 GPU/0-bf000 GPU/0-cf000 GPU/0-df000 GPU/0-ef000
furious-puma-1:122457:122887 [2] NCCL INFO  7 : GPU/0-7f000 GPU/0-8f000 GPU/0-9f000 GPU/0-af000 GPU/0-bf000 GPU/0-cf000 GPU/0-df000 GPU/0-ef000
furious-puma-1:122457:122887 [2] NCCL INFO  8 : GPU/0-7f000 GPU/0-8f000 GPU/0-9f000 GPU/0-af000 GPU/0-bf000 GPU/0-cf000 GPU/0-df000 GPU/0-ef000
furious-puma-1:122457:122887 [2] NCCL INFO  9 : GPU/0-7f000 GPU/0-8f000 GPU/0-9f000 GPU/0-af000 GPU/0-bf000 GPU/0-cf000 GPU/0-df000 GPU/0-ef000
furious-puma-1:122457:122887 [2] NCCL INFO 10 : GPU/0-7f000 GPU/0-8f000 GPU/0-9f000 GPU/0-af000 GPU/0-bf000 GPU/0-cf000 GPU/0-df000 GPU/0-ef000
furious-puma-1:122457:122887 [2] NCCL INFO 11 : GPU/0-7f000 GPU/0-8f000 GPU/0-9f000 GPU/0-af000 GPU/0-bf000 GPU/0-cf000 GPU/0-df000 GPU/0-ef000
furious-puma-1:122457:122887 [2] NCCL INFO Pattern 1, crossNic 0, nChannels 12, bw 30.000000/30.000000, type NVL/PIX, sameChannels 1
furious-puma-1:122457:122887 [2] NCCL INFO  0 : GPU/0-7f000 GPU/0-8f000 GPU/0-9f000 GPU/0-af000 GPU/0-bf000 GPU/0-cf000 GPU/0-df000 GPU/0-ef000
furious-puma-1:122457:122887 [2] NCCL INFO  1 : GPU/0-7f000 GPU/0-8f000 GPU/0-9f000 GPU/0-af000 GPU/0-bf000 GPU/0-cf000 GPU/0-df000 GPU/0-ef000
furious-puma-1:122457:122887 [2] NCCL INFO  2 : GPU/0-7f000 GPU/0-8f000 GPU/0-9f000 GPU/0-af000 GPU/0-bf000 GPU/0-cf000 GPU/0-df000 GPU/0-ef000
furious-puma-1:122457:122887 [2] NCCL INFO  3 : GPU/0-7f000 GPU/0-8f000 GPU/0-9f000 GPU/0-af000 GPU/0-bf000 GPU/0-cf000 GPU/0-df000 GPU/0-ef000
furious-puma-1:122457:122887 [2] NCCL INFO  4 : GPU/0-7f000 GPU/0-8f000 GPU/0-9f000 GPU/0-af000 GPU/0-bf000 GPU/0-cf000 GPU/0-df000 GPU/0-ef000
furious-puma-1:122457:122887 [2] NCCL INFO  5 : GPU/0-7f000 GPU/0-8f000 GPU/0-9f000 GPU/0-af000 GPU/0-bf000 GPU/0-cf000 GPU/0-df000 GPU/0-ef000
furious-puma-1:122457:122887 [2] NCCL INFO  6 : GPU/0-7f000 GPU/0-8f000 GPU/0-9f000 GPU/0-af000 GPU/0-bf000 GPU/0-cf000 GPU/0-df000 GPU/0-ef000
furious-puma-1:122457:122887 [2] NCCL INFO  7 : GPU/0-7f000 GPU/0-8f000 GPU/0-9f000 GPU/0-af000 GPU/0-bf000 GPU/0-cf000 GPU/0-df000 GPU/0-ef000
furious-puma-1:122457:122887 [2] NCCL INFO  8 : GPU/0-7f000 GPU/0-8f000 GPU/0-9f000 GPU/0-af000 GPU/0-bf000 GPU/0-cf000 GPU/0-df000 GPU/0-ef000
furious-puma-1:122457:122887 [2] NCCL INFO  9 : GPU/0-7f000 GPU/0-8f000 GPU/0-9f000 GPU/0-af000 GPU/0-bf000 GPU/0-cf000 GPU/0-df000 GPU/0-ef000
furious-puma-1:122457:122887 [2] NCCL INFO 10 : GPU/0-7f000 GPU/0-8f000 GPU/0-9f000 GPU/0-af000 GPU/0-bf000 GPU/0-cf000 GPU/0-df000 GPU/0-ef000
furious-puma-1:122457:122887 [2] NCCL INFO 11 : GPU/0-7f000 GPU/0-8f000 GPU/0-9f000 GPU/0-af000 GPU/0-bf000 GPU/0-cf000 GPU/0-df000 GPU/0-ef000
furious-puma-1:122457:122887 [2] NCCL INFO Pattern 5, crossNic 0, nChannels 8, bw 40.000000/60.000000, type NVL/PIX, sameChannels 0
furious-puma-1:122457:122887 [2] NCCL INFO  0 : GPU/0-7f000
furious-puma-1:122457:122887 [2] NCCL INFO  1 : GPU/0-8f000
furious-puma-1:122457:122887 [2] NCCL INFO  2 : GPU/0-9f000
furious-puma-1:122457:122887 [2] NCCL INFO  3 : GPU/0-af000
furious-puma-1:122457:122887 [2] NCCL INFO  4 : GPU/0-bf000
furious-puma-1:122457:122887 [2] NCCL INFO  5 : GPU/0-cf000
furious-puma-1:122457:122887 [2] NCCL INFO  6 : GPU/0-df000
furious-puma-1:122457:122887 [2] NCCL INFO  7 : GPU/0-ef000
furious-puma-1:122458:122884 [3] NCCL INFO Pattern 4, crossNic 0, nChannels 12, bw 30.000000/30.000000, type NVL/PIX, sameChannels 1
furious-puma-1:122458:122884 [3] NCCL INFO  0 : GPU/0-7f000 GPU/0-8f000 GPU/0-9f000 GPU/0-af000 GPU/0-bf000 GPU/0-cf000 GPU/0-df000 GPU/0-ef000
furious-puma-1:122458:122884 [3] NCCL INFO  1 : GPU/0-7f000 GPU/0-8f000 GPU/0-9f000 GPU/0-af000 GPU/0-bf000 GPU/0-cf000 GPU/0-df000 GPU/0-ef000
furious-puma-1:122458:122884 [3] NCCL INFO  2 : GPU/0-7f000 GPU/0-8f000 GPU/0-9f000 GPU/0-af000 GPU/0-bf000 GPU/0-cf000 GPU/0-df000 GPU/0-ef000
furious-puma-1:122458:122884 [3] NCCL INFO  3 : GPU/0-7f000 GPU/0-8f000 GPU/0-9f000 GPU/0-af000 GPU/0-bf000 GPU/0-cf000 GPU/0-df000 GPU/0-ef000
furious-puma-1:122458:122884 [3] NCCL INFO  4 : GPU/0-7f000 GPU/0-8f000 GPU/0-9f000 GPU/0-af000 GPU/0-bf000 GPU/0-cf000 GPU/0-df000 GPU/0-ef000
furious-puma-1:122458:122884 [3] NCCL INFO  5 : GPU/0-7f000 GPU/0-8f000 GPU/0-9f000 GPU/0-af000 GPU/0-bf000 GPU/0-cf000 GPU/0-df000 GPU/0-ef000
furious-puma-1:122458:122884 [3] NCCL INFO  6 : GPU/0-7f000 GPU/0-8f000 GPU/0-9f000 GPU/0-af000 GPU/0-bf000 GPU/0-cf000 GPU/0-df000 GPU/0-ef000
furious-puma-1:122458:122884 [3] NCCL INFO  7 : GPU/0-7f000 GPU/0-8f000 GPU/0-9f000 GPU/0-af000 GPU/0-bf000 GPU/0-cf000 GPU/0-df000 GPU/0-ef000
furious-puma-1:122458:122884 [3] NCCL INFO  8 : GPU/0-7f000 GPU/0-8f000 GPU/0-9f000 GPU/0-af000 GPU/0-bf000 GPU/0-cf000 GPU/0-df000 GPU/0-ef000
furious-puma-1:122458:122884 [3] NCCL INFO  9 : GPU/0-7f000 GPU/0-8f000 GPU/0-9f000 GPU/0-af000 GPU/0-bf000 GPU/0-cf000 GPU/0-df000 GPU/0-ef000
furious-puma-1:122458:122884 [3] NCCL INFO 10 : GPU/0-7f000 GPU/0-8f000 GPU/0-9f000 GPU/0-af000 GPU/0-bf000 GPU/0-cf000 GPU/0-df000 GPU/0-ef000
furious-puma-1:122458:122884 [3] NCCL INFO 11 : GPU/0-7f000 GPU/0-8f000 GPU/0-9f000 GPU/0-af000 GPU/0-bf000 GPU/0-cf000 GPU/0-df000 GPU/0-ef000
furious-puma-1:122458:122884 [3] NCCL INFO Pattern 1, crossNic 0, nChannels 12, bw 30.000000/30.000000, type NVL/PIX, sameChannels 1
furious-puma-1:122458:122884 [3] NCCL INFO  0 : GPU/0-7f000 GPU/0-8f000 GPU/0-9f000 GPU/0-af000 GPU/0-bf000 GPU/0-cf000 GPU/0-df000 GPU/0-ef000
furious-puma-1:122458:122884 [3] NCCL INFO  1 : GPU/0-7f000 GPU/0-8f000 GPU/0-9f000 GPU/0-af000 GPU/0-bf000 GPU/0-cf000 GPU/0-df000 GPU/0-ef000
furious-puma-1:122458:122884 [3] NCCL INFO  2 : GPU/0-7f000 GPU/0-8f000 GPU/0-9f000 GPU/0-af000 GPU/0-bf000 GPU/0-cf000 GPU/0-df000 GPU/0-ef000
furious-puma-1:122458:122884 [3] NCCL INFO  3 : GPU/0-7f000 GPU/0-8f000 GPU/0-9f000 GPU/0-af000 GPU/0-bf000 GPU/0-cf000 GPU/0-df000 GPU/0-ef000
furious-puma-1:122458:122884 [3] NCCL INFO  4 : GPU/0-7f000 GPU/0-8f000 GPU/0-9f000 GPU/0-af000 GPU/0-bf000 GPU/0-cf000 GPU/0-df000 GPU/0-ef000
furious-puma-1:122458:122884 [3] NCCL INFO  5 : GPU/0-7f000 GPU/0-8f000 GPU/0-9f000 GPU/0-af000 GPU/0-bf000 GPU/0-cf000 GPU/0-df000 GPU/0-ef000
furious-puma-1:122458:122884 [3] NCCL INFO  6 : GPU/0-7f000 GPU/0-8f000 GPU/0-9f000 GPU/0-af000 GPU/0-bf000 GPU/0-cf000 GPU/0-df000 GPU/0-ef000
furious-puma-1:122458:122884 [3] NCCL INFO  7 : GPU/0-7f000 GPU/0-8f000 GPU/0-9f000 GPU/0-af000 GPU/0-bf000 GPU/0-cf000 GPU/0-df000 GPU/0-ef000
furious-puma-1:122458:122884 [3] NCCL INFO  8 : GPU/0-7f000 GPU/0-8f000 GPU/0-9f000 GPU/0-af000 GPU/0-bf000 GPU/0-cf000 GPU/0-df000 GPU/0-ef000
furious-puma-1:122458:122884 [3] NCCL INFO  9 : GPU/0-7f000 GPU/0-8f000 GPU/0-9f000 GPU/0-af000 GPU/0-bf000 GPU/0-cf000 GPU/0-df000 GPU/0-ef000
furious-puma-1:122458:122884 [3] NCCL INFO 10 : GPU/0-7f000 GPU/0-8f000 GPU/0-9f000 GPU/0-af000 GPU/0-bf000 GPU/0-cf000 GPU/0-df000 GPU/0-ef000
furious-puma-1:122458:122884 [3] NCCL INFO 11 : GPU/0-7f000 GPU/0-8f000 GPU/0-9f000 GPU/0-af000 GPU/0-bf000 GPU/0-cf000 GPU/0-df000 GPU/0-ef000
furious-puma-1:122458:122884 [3] NCCL INFO Pattern 5, crossNic 0, nChannels 8, bw 40.000000/60.000000, type NVL/PIX, sameChannels 0
furious-puma-1:122458:122884 [3] NCCL INFO  0 : GPU/0-7f000
furious-puma-1:122458:122884 [3] NCCL INFO  1 : GPU/0-8f000
furious-puma-1:122458:122884 [3] NCCL INFO  2 : GPU/0-9f000
furious-puma-1:122458:122884 [3] NCCL INFO  3 : GPU/0-af000
furious-puma-1:122458:122884 [3] NCCL INFO  4 : GPU/0-bf000
furious-puma-1:122458:122884 [3] NCCL INFO  5 : GPU/0-cf000
furious-puma-1:122458:122884 [3] NCCL INFO  6 : GPU/0-df000
furious-puma-1:122458:122884 [3] NCCL INFO  7 : GPU/0-ef000
furious-puma-1:122460:123007 [5] NCCL INFO Pattern 4, crossNic 0, nChannels 12, bw 30.000000/30.000000, type NVL/PIX, sameChannels 1
furious-puma-1:122460:123007 [5] NCCL INFO  0 : GPU/0-7f000 GPU/0-8f000 GPU/0-9f000 GPU/0-af000 GPU/0-bf000 GPU/0-cf000 GPU/0-df000 GPU/0-ef000
furious-puma-1:122460:123007 [5] NCCL INFO  1 : GPU/0-7f000 GPU/0-8f000 GPU/0-9f000 GPU/0-af000 GPU/0-bf000 GPU/0-cf000 GPU/0-df000 GPU/0-ef000
furious-puma-1:122460:123007 [5] NCCL INFO  2 : GPU/0-7f000 GPU/0-8f000 GPU/0-9f000 GPU/0-af000 GPU/0-bf000 GPU/0-cf000 GPU/0-df000 GPU/0-ef000
furious-puma-1:122460:123007 [5] NCCL INFO  3 : GPU/0-7f000 GPU/0-8f000 GPU/0-9f000 GPU/0-af000 GPU/0-bf000 GPU/0-cf000 GPU/0-df000 GPU/0-ef000
furious-puma-1:122460:123007 [5] NCCL INFO  4 : GPU/0-7f000 GPU/0-8f000 GPU/0-9f000 GPU/0-af000 GPU/0-bf000 GPU/0-cf000 GPU/0-df000 GPU/0-ef000
furious-puma-1:122460:123007 [5] NCCL INFO  5 : GPU/0-7f000 GPU/0-8f000 GPU/0-9f000 GPU/0-af000 GPU/0-bf000 GPU/0-cf000 GPU/0-df000 GPU/0-ef000
furious-puma-1:122460:123007 [5] NCCL INFO  6 : GPU/0-7f000 GPU/0-8f000 GPU/0-9f000 GPU/0-af000 GPU/0-bf000 GPU/0-cf000 GPU/0-df000 GPU/0-ef000
furious-puma-1:122460:123007 [5] NCCL INFO  7 : GPU/0-7f000 GPU/0-8f000 GPU/0-9f000 GPU/0-af000 GPU/0-bf000 GPU/0-cf000 GPU/0-df000 GPU/0-ef000
furious-puma-1:122460:123007 [5] NCCL INFO  8 : GPU/0-7f000 GPU/0-8f000 GPU/0-9f000 GPU/0-af000 GPU/0-bf000 GPU/0-cf000 GPU/0-df000 GPU/0-ef000
furious-puma-1:122460:123007 [5] NCCL INFO  9 : GPU/0-7f000 GPU/0-8f000 GPU/0-9f000 GPU/0-af000 GPU/0-bf000 GPU/0-cf000 GPU/0-df000 GPU/0-ef000
furious-puma-1:122460:123007 [5] NCCL INFO 10 : GPU/0-7f000 GPU/0-8f000 GPU/0-9f000 GPU/0-af000 GPU/0-bf000 GPU/0-cf000 GPU/0-df000 GPU/0-ef000
furious-puma-1:122460:123007 [5] NCCL INFO 11 : GPU/0-7f000 GPU/0-8f000 GPU/0-9f000 GPU/0-af000 GPU/0-bf000 GPU/0-cf000 GPU/0-df000 GPU/0-ef000
furious-puma-1:122460:123007 [5] NCCL INFO Pattern 1, crossNic 0, nChannels 12, bw 30.000000/30.000000, type NVL/PIX, sameChannels 1
furious-puma-1:122460:123007 [5] NCCL INFO  0 : GPU/0-7f000 GPU/0-8f000 GPU/0-9f000 GPU/0-af000 GPU/0-bf000 GPU/0-cf000 GPU/0-df000 GPU/0-ef000
furious-puma-1:122460:123007 [5] NCCL INFO  1 : GPU/0-7f000 GPU/0-8f000 GPU/0-9f000 GPU/0-af000 GPU/0-bf000 GPU/0-cf000 GPU/0-df000 GPU/0-ef000
furious-puma-1:122460:123007 [5] NCCL INFO  2 : GPU/0-7f000 GPU/0-8f000 GPU/0-9f000 GPU/0-af000 GPU/0-bf000 GPU/0-cf000 GPU/0-df000 GPU/0-ef000
furious-puma-1:122460:123007 [5] NCCL INFO  3 : GPU/0-7f000 GPU/0-8f000 GPU/0-9f000 GPU/0-af000 GPU/0-bf000 GPU/0-cf000 GPU/0-df000 GPU/0-ef000
furious-puma-1:122460:123007 [5] NCCL INFO  4 : GPU/0-7f000 GPU/0-8f000 GPU/0-9f000 GPU/0-af000 GPU/0-bf000 GPU/0-cf000 GPU/0-df000 GPU/0-ef000
furious-puma-1:122460:123007 [5] NCCL INFO  5 : GPU/0-7f000 GPU/0-8f000 GPU/0-9f000 GPU/0-af000 GPU/0-bf000 GPU/0-cf000 GPU/0-df000 GPU/0-ef000
furious-puma-1:122460:123007 [5] NCCL INFO  6 : GPU/0-7f000 GPU/0-8f000 GPU/0-9f000 GPU/0-af000 GPU/0-bf000 GPU/0-cf000 GPU/0-df000 GPU/0-ef000
furious-puma-1:122460:123007 [5] NCCL INFO  7 : GPU/0-7f000 GPU/0-8f000 GPU/0-9f000 GPU/0-af000 GPU/0-bf000 GPU/0-cf000 GPU/0-df000 GPU/0-ef000
furious-puma-1:122460:123007 [5] NCCL INFO  8 : GPU/0-7f000 GPU/0-8f000 GPU/0-9f000 GPU/0-af000 GPU/0-bf000 GPU/0-cf000 GPU/0-df000 GPU/0-ef000
furious-puma-1:122460:123007 [5] NCCL INFO  9 : GPU/0-7f000 GPU/0-8f000 GPU/0-9f000 GPU/0-af000 GPU/0-bf000 GPU/0-cf000 GPU/0-df000 GPU/0-ef000
furious-puma-1:122460:123007 [5] NCCL INFO 10 : GPU/0-7f000 GPU/0-8f000 GPU/0-9f000 GPU/0-af000 GPU/0-bf000 GPU/0-cf000 GPU/0-df000 GPU/0-ef000
furious-puma-1:122460:123007 [5] NCCL INFO 11 : GPU/0-7f000 GPU/0-8f000 GPU/0-9f000 GPU/0-af000 GPU/0-bf000 GPU/0-cf000 GPU/0-df000 GPU/0-ef000
furious-puma-1:122460:123007 [5] NCCL INFO Pattern 5, crossNic 0, nChannels 8, bw 40.000000/60.000000, type NVL/PIX, sameChannels 0
furious-puma-1:122460:123007 [5] NCCL INFO  0 : GPU/0-7f000
furious-puma-1:122460:123007 [5] NCCL INFO  1 : GPU/0-8f000
furious-puma-1:122460:123007 [5] NCCL INFO  2 : GPU/0-9f000
furious-puma-1:122460:123007 [5] NCCL INFO  3 : GPU/0-af000
furious-puma-1:122460:123007 [5] NCCL INFO  4 : GPU/0-bf000
furious-puma-1:122460:123007 [5] NCCL INFO  5 : GPU/0-cf000
furious-puma-1:122460:123007 [5] NCCL INFO  6 : GPU/0-df000
furious-puma-1:122460:123007 [5] NCCL INFO  7 : GPU/0-ef000
furious-puma-1:122461:123009 [6] NCCL INFO Pattern 4, crossNic 0, nChannels 12, bw 30.000000/30.000000, type NVL/PIX, sameChannels 1
furious-puma-1:122461:123009 [6] NCCL INFO  0 : GPU/0-7f000 GPU/0-8f000 GPU/0-9f000 GPU/0-af000 GPU/0-bf000 GPU/0-cf000 GPU/0-df000 GPU/0-ef000
furious-puma-1:122461:123009 [6] NCCL INFO  1 : GPU/0-7f000 GPU/0-8f000 GPU/0-9f000 GPU/0-af000 GPU/0-bf000 GPU/0-cf000 GPU/0-df000 GPU/0-ef000
furious-puma-1:122461:123009 [6] NCCL INFO  2 : GPU/0-7f000 GPU/0-8f000 GPU/0-9f000 GPU/0-af000 GPU/0-bf000 GPU/0-cf000 GPU/0-df000 GPU/0-ef000
furious-puma-1:122461:123009 [6] NCCL INFO  3 : GPU/0-7f000 GPU/0-8f000 GPU/0-9f000 GPU/0-af000 GPU/0-bf000 GPU/0-cf000 GPU/0-df000 GPU/0-ef000
furious-puma-1:122461:123009 [6] NCCL INFO  4 : GPU/0-7f000 GPU/0-8f000 GPU/0-9f000 GPU/0-af000 GPU/0-bf000 GPU/0-cf000 GPU/0-df000 GPU/0-ef000
furious-puma-1:122461:123009 [6] NCCL INFO  5 : GPU/0-7f000 GPU/0-8f000 GPU/0-9f000 GPU/0-af000 GPU/0-bf000 GPU/0-cf000 GPU/0-df000 GPU/0-ef000
furious-puma-1:122461:123009 [6] NCCL INFO  6 : GPU/0-7f000 GPU/0-8f000 GPU/0-9f000 GPU/0-af000 GPU/0-bf000 GPU/0-cf000 GPU/0-df000 GPU/0-ef000
furious-puma-1:122461:123009 [6] NCCL INFO  7 : GPU/0-7f000 GPU/0-8f000 GPU/0-9f000 GPU/0-af000 GPU/0-bf000 GPU/0-cf000 GPU/0-df000 GPU/0-ef000
furious-puma-1:122461:123009 [6] NCCL INFO  8 : GPU/0-7f000 GPU/0-8f000 GPU/0-9f000 GPU/0-af000 GPU/0-bf000 GPU/0-cf000 GPU/0-df000 GPU/0-ef000
furious-puma-1:122461:123009 [6] NCCL INFO  9 : GPU/0-7f000 GPU/0-8f000 GPU/0-9f000 GPU/0-af000 GPU/0-bf000 GPU/0-cf000 GPU/0-df000 GPU/0-ef000
furious-puma-1:122461:123009 [6] NCCL INFO 10 : GPU/0-7f000 GPU/0-8f000 GPU/0-9f000 GPU/0-af000 GPU/0-bf000 GPU/0-cf000 GPU/0-df000 GPU/0-ef000
furious-puma-1:122461:123009 [6] NCCL INFO 11 : GPU/0-7f000 GPU/0-8f000 GPU/0-9f000 GPU/0-af000 GPU/0-bf000 GPU/0-cf000 GPU/0-df000 GPU/0-ef000
furious-puma-1:122461:123009 [6] NCCL INFO Pattern 1, crossNic 0, nChannels 12, bw 30.000000/30.000000, type NVL/PIX, sameChannels 1
furious-puma-1:122461:123009 [6] NCCL INFO  0 : GPU/0-7f000 GPU/0-8f000 GPU/0-9f000 GPU/0-af000 GPU/0-bf000 GPU/0-cf000 GPU/0-df000 GPU/0-ef000
furious-puma-1:122461:123009 [6] NCCL INFO  1 : GPU/0-7f000 GPU/0-8f000 GPU/0-9f000 GPU/0-af000 GPU/0-bf000 GPU/0-cf000 GPU/0-df000 GPU/0-ef000
furious-puma-1:122461:123009 [6] NCCL INFO  2 : GPU/0-7f000 GPU/0-8f000 GPU/0-9f000 GPU/0-af000 GPU/0-bf000 GPU/0-cf000 GPU/0-df000 GPU/0-ef000
furious-puma-1:122461:123009 [6] NCCL INFO  3 : GPU/0-7f000 GPU/0-8f000 GPU/0-9f000 GPU/0-af000 GPU/0-bf000 GPU/0-cf000 GPU/0-df000 GPU/0-ef000
furious-puma-1:122461:123009 [6] NCCL INFO  4 : GPU/0-7f000 GPU/0-8f000 GPU/0-9f000 GPU/0-af000 GPU/0-bf000 GPU/0-cf000 GPU/0-df000 GPU/0-ef000
furious-puma-1:122461:123009 [6] NCCL INFO  5 : GPU/0-7f000 GPU/0-8f000 GPU/0-9f000 GPU/0-af000 GPU/0-bf000 GPU/0-cf000 GPU/0-df000 GPU/0-ef000
furious-puma-1:122461:123009 [6] NCCL INFO  6 : GPU/0-7f000 GPU/0-8f000 GPU/0-9f000 GPU/0-af000 GPU/0-bf000 GPU/0-cf000 GPU/0-df000 GPU/0-ef000
furious-puma-1:122461:123009 [6] NCCL INFO  7 : GPU/0-7f000 GPU/0-8f000 GPU/0-9f000 GPU/0-af000 GPU/0-bf000 GPU/0-cf000 GPU/0-df000 GPU/0-ef000
furious-puma-1:122461:123009 [6] NCCL INFO  8 : GPU/0-7f000 GPU/0-8f000 GPU/0-9f000 GPU/0-af000 GPU/0-bf000 GPU/0-cf000 GPU/0-df000 GPU/0-ef000
furious-puma-1:122461:123009 [6] NCCL INFO  9 : GPU/0-7f000 GPU/0-8f000 GPU/0-9f000 GPU/0-af000 GPU/0-bf000 GPU/0-cf000 GPU/0-df000 GPU/0-ef000
furious-puma-1:122461:123009 [6] NCCL INFO 10 : GPU/0-7f000 GPU/0-8f000 GPU/0-9f000 GPU/0-af000 GPU/0-bf000 GPU/0-cf000 GPU/0-df000 GPU/0-ef000
furious-puma-1:122461:123009 [6] NCCL INFO 11 : GPU/0-7f000 GPU/0-8f000 GPU/0-9f000 GPU/0-af000 GPU/0-bf000 GPU/0-cf000 GPU/0-df000 GPU/0-ef000
furious-puma-1:122461:123009 [6] NCCL INFO Pattern 5, crossNic 0, nChannels 8, bw 40.000000/60.000000, type NVL/PIX, sameChannels 0
furious-puma-1:122461:123009 [6] NCCL INFO  0 : GPU/0-7f000
furious-puma-1:122461:123009 [6] NCCL INFO  1 : GPU/0-8f000
furious-puma-1:122461:123009 [6] NCCL INFO  2 : GPU/0-9f000
furious-puma-1:122461:123009 [6] NCCL INFO  3 : GPU/0-af000
furious-puma-1:122461:123009 [6] NCCL INFO  4 : GPU/0-bf000
furious-puma-1:122461:123009 [6] NCCL INFO  5 : GPU/0-cf000
furious-puma-1:122461:123009 [6] NCCL INFO  6 : GPU/0-df000
furious-puma-1:122461:123009 [6] NCCL INFO  7 : GPU/0-ef000
furious-puma-1:122456:122885 [1] NCCL INFO Pattern 4, crossNic 0, nChannels 12, bw 30.000000/30.000000, type NVL/PIX, sameChannels 1
furious-puma-1:122456:122885 [1] NCCL INFO  0 : GPU/0-7f000 GPU/0-8f000 GPU/0-9f000 GPU/0-af000 GPU/0-bf000 GPU/0-cf000 GPU/0-df000 GPU/0-ef000
furious-puma-1:122456:122885 [1] NCCL INFO  1 : GPU/0-7f000 GPU/0-8f000 GPU/0-9f000 GPU/0-af000 GPU/0-bf000 GPU/0-cf000 GPU/0-df000 GPU/0-ef000
furious-puma-1:122456:122885 [1] NCCL INFO  2 : GPU/0-7f000 GPU/0-8f000 GPU/0-9f000 GPU/0-af000 GPU/0-bf000 GPU/0-cf000 GPU/0-df000 GPU/0-ef000
furious-puma-1:122456:122885 [1] NCCL INFO  3 : GPU/0-7f000 GPU/0-8f000 GPU/0-9f000 GPU/0-af000 GPU/0-bf000 GPU/0-cf000 GPU/0-df000 GPU/0-ef000
furious-puma-1:122456:122885 [1] NCCL INFO  4 : GPU/0-7f000 GPU/0-8f000 GPU/0-9f000 GPU/0-af000 GPU/0-bf000 GPU/0-cf000 GPU/0-df000 GPU/0-ef000
furious-puma-1:122456:122885 [1] NCCL INFO  5 : GPU/0-7f000 GPU/0-8f000 GPU/0-9f000 GPU/0-af000 GPU/0-bf000 GPU/0-cf000 GPU/0-df000 GPU/0-ef000
furious-puma-1:122456:122885 [1] NCCL INFO  6 : GPU/0-7f000 GPU/0-8f000 GPU/0-9f000 GPU/0-af000 GPU/0-bf000 GPU/0-cf000 GPU/0-df000 GPU/0-ef000
furious-puma-1:122456:122885 [1] NCCL INFO  7 : GPU/0-7f000 GPU/0-8f000 GPU/0-9f000 GPU/0-af000 GPU/0-bf000 GPU/0-cf000 GPU/0-df000 GPU/0-ef000
furious-puma-1:122456:122885 [1] NCCL INFO  8 : GPU/0-7f000 GPU/0-8f000 GPU/0-9f000 GPU/0-af000 GPU/0-bf000 GPU/0-cf000 GPU/0-df000 GPU/0-ef000
furious-puma-1:122456:122885 [1] NCCL INFO  9 : GPU/0-7f000 GPU/0-8f000 GPU/0-9f000 GPU/0-af000 GPU/0-bf000 GPU/0-cf000 GPU/0-df000 GPU/0-ef000
furious-puma-1:122456:122885 [1] NCCL INFO 10 : GPU/0-7f000 GPU/0-8f000 GPU/0-9f000 GPU/0-af000 GPU/0-bf000 GPU/0-cf000 GPU/0-df000 GPU/0-ef000
furious-puma-1:122456:122885 [1] NCCL INFO 11 : GPU/0-7f000 GPU/0-8f000 GPU/0-9f000 GPU/0-af000 GPU/0-bf000 GPU/0-cf000 GPU/0-df000 GPU/0-ef000
furious-puma-1:122456:122885 [1] NCCL INFO Pattern 1, crossNic 0, nChannels 12, bw 30.000000/30.000000, type NVL/PIX, sameChannels 1
furious-puma-1:122456:122885 [1] NCCL INFO  0 : GPU/0-7f000 GPU/0-8f000 GPU/0-9f000 GPU/0-af000 GPU/0-bf000 GPU/0-cf000 GPU/0-df000 GPU/0-ef000
furious-puma-1:122456:122885 [1] NCCL INFO  1 : GPU/0-7f000 GPU/0-8f000 GPU/0-9f000 GPU/0-af000 GPU/0-bf000 GPU/0-cf000 GPU/0-df000 GPU/0-ef000
furious-puma-1:122456:122885 [1] NCCL INFO  2 : GPU/0-7f000 GPU/0-8f000 GPU/0-9f000 GPU/0-af000 GPU/0-bf000 GPU/0-cf000 GPU/0-df000 GPU/0-ef000
furious-puma-1:122456:122885 [1] NCCL INFO  3 : GPU/0-7f000 GPU/0-8f000 GPU/0-9f000 GPU/0-af000 GPU/0-bf000 GPU/0-cf000 GPU/0-df000 GPU/0-ef000
furious-puma-1:122456:122885 [1] NCCL INFO  4 : GPU/0-7f000 GPU/0-8f000 GPU/0-9f000 GPU/0-af000 GPU/0-bf000 GPU/0-cf000 GPU/0-df000 GPU/0-ef000
furious-puma-1:122456:122885 [1] NCCL INFO  5 : GPU/0-7f000 GPU/0-8f000 GPU/0-9f000 GPU/0-af000 GPU/0-bf000 GPU/0-cf000 GPU/0-df000 GPU/0-ef000
furious-puma-1:122456:122885 [1] NCCL INFO  6 : GPU/0-7f000 GPU/0-8f000 GPU/0-9f000 GPU/0-af000 GPU/0-bf000 GPU/0-cf000 GPU/0-df000 GPU/0-ef000
furious-puma-1:122456:122885 [1] NCCL INFO  7 : GPU/0-7f000 GPU/0-8f000 GPU/0-9f000 GPU/0-af000 GPU/0-bf000 GPU/0-cf000 GPU/0-df000 GPU/0-ef000
furious-puma-1:122456:122885 [1] NCCL INFO  8 : GPU/0-7f000 GPU/0-8f000 GPU/0-9f000 GPU/0-af000 GPU/0-bf000 GPU/0-cf000 GPU/0-df000 GPU/0-ef000
furious-puma-1:122456:122885 [1] NCCL INFO  9 : GPU/0-7f000 GPU/0-8f000 GPU/0-9f000 GPU/0-af000 GPU/0-bf000 GPU/0-cf000 GPU/0-df000 GPU/0-ef000
furious-puma-1:122456:122885 [1] NCCL INFO 10 : GPU/0-7f000 GPU/0-8f000 GPU/0-9f000 GPU/0-af000 GPU/0-bf000 GPU/0-cf000 GPU/0-df000 GPU/0-ef000
furious-puma-1:122456:122885 [1] NCCL INFO 11 : GPU/0-7f000 GPU/0-8f000 GPU/0-9f000 GPU/0-af000 GPU/0-bf000 GPU/0-cf000 GPU/0-df000 GPU/0-ef000
furious-puma-1:122456:122885 [1] NCCL INFO Pattern 5, crossNic 0, nChannels 8, bw 40.000000/60.000000, type NVL/PIX, sameChannels 0
furious-puma-1:122456:122885 [1] NCCL INFO  0 : GPU/0-7f000
furious-puma-1:122456:122885 [1] NCCL INFO  1 : GPU/0-8f000
furious-puma-1:122456:122885 [1] NCCL INFO  2 : GPU/0-9f000
furious-puma-1:122456:122885 [1] NCCL INFO  3 : GPU/0-af000
furious-puma-1:122456:122885 [1] NCCL INFO  4 : GPU/0-bf000
furious-puma-1:122456:122885 [1] NCCL INFO  5 : GPU/0-cf000
furious-puma-1:122456:122885 [1] NCCL INFO  6 : GPU/0-df000
furious-puma-1:122456:122885 [1] NCCL INFO  7 : GPU/0-ef000
furious-puma-1:122462:122886 [7] NCCL INFO Pattern 4, crossNic 0, nChannels 12, bw 30.000000/30.000000, type NVL/PIX, sameChannels 1
furious-puma-1:122462:122886 [7] NCCL INFO  0 : GPU/0-7f000 GPU/0-8f000 GPU/0-9f000 GPU/0-af000 GPU/0-bf000 GPU/0-cf000 GPU/0-df000 GPU/0-ef000
furious-puma-1:122462:122886 [7] NCCL INFO  1 : GPU/0-7f000 GPU/0-8f000 GPU/0-9f000 GPU/0-af000 GPU/0-bf000 GPU/0-cf000 GPU/0-df000 GPU/0-ef000
furious-puma-1:122462:122886 [7] NCCL INFO  2 : GPU/0-7f000 GPU/0-8f000 GPU/0-9f000 GPU/0-af000 GPU/0-bf000 GPU/0-cf000 GPU/0-df000 GPU/0-ef000
furious-puma-1:122462:122886 [7] NCCL INFO  3 : GPU/0-7f000 GPU/0-8f000 GPU/0-9f000 GPU/0-af000 GPU/0-bf000 GPU/0-cf000 GPU/0-df000 GPU/0-ef000
furious-puma-1:122462:122886 [7] NCCL INFO  4 : GPU/0-7f000 GPU/0-8f000 GPU/0-9f000 GPU/0-af000 GPU/0-bf000 GPU/0-cf000 GPU/0-df000 GPU/0-ef000
furious-puma-1:122462:122886 [7] NCCL INFO  5 : GPU/0-7f000 GPU/0-8f000 GPU/0-9f000 GPU/0-af000 GPU/0-bf000 GPU/0-cf000 GPU/0-df000 GPU/0-ef000
furious-puma-1:122462:122886 [7] NCCL INFO  6 : GPU/0-7f000 GPU/0-8f000 GPU/0-9f000 GPU/0-af000 GPU/0-bf000 GPU/0-cf000 GPU/0-df000 GPU/0-ef000
furious-puma-1:122462:122886 [7] NCCL INFO  7 : GPU/0-7f000 GPU/0-8f000 GPU/0-9f000 GPU/0-af000 GPU/0-bf000 GPU/0-cf000 GPU/0-df000 GPU/0-ef000
furious-puma-1:122462:122886 [7] NCCL INFO  8 : GPU/0-7f000 GPU/0-8f000 GPU/0-9f000 GPU/0-af000 GPU/0-bf000 GPU/0-cf000 GPU/0-df000 GPU/0-ef000
furious-puma-1:122462:122886 [7] NCCL INFO  9 : GPU/0-7f000 GPU/0-8f000 GPU/0-9f000 GPU/0-af000 GPU/0-bf000 GPU/0-cf000 GPU/0-df000 GPU/0-ef000
furious-puma-1:122462:122886 [7] NCCL INFO 10 : GPU/0-7f000 GPU/0-8f000 GPU/0-9f000 GPU/0-af000 GPU/0-bf000 GPU/0-cf000 GPU/0-df000 GPU/0-ef000
furious-puma-1:122462:122886 [7] NCCL INFO 11 : GPU/0-7f000 GPU/0-8f000 GPU/0-9f000 GPU/0-af000 GPU/0-bf000 GPU/0-cf000 GPU/0-df000 GPU/0-ef000
furious-puma-1:122462:122886 [7] NCCL INFO Pattern 1, crossNic 0, nChannels 12, bw 30.000000/30.000000, type NVL/PIX, sameChannels 1
furious-puma-1:122462:122886 [7] NCCL INFO  0 : GPU/0-7f000 GPU/0-8f000 GPU/0-9f000 GPU/0-af000 GPU/0-bf000 GPU/0-cf000 GPU/0-df000 GPU/0-ef000
furious-puma-1:122462:122886 [7] NCCL INFO  1 : GPU/0-7f000 GPU/0-8f000 GPU/0-9f000 GPU/0-af000 GPU/0-bf000 GPU/0-cf000 GPU/0-df000 GPU/0-ef000
furious-puma-1:122462:122886 [7] NCCL INFO  2 : GPU/0-7f000 GPU/0-8f000 GPU/0-9f000 GPU/0-af000 GPU/0-bf000 GPU/0-cf000 GPU/0-df000 GPU/0-ef000
furious-puma-1:122462:122886 [7] NCCL INFO  3 : GPU/0-7f000 GPU/0-8f000 GPU/0-9f000 GPU/0-af000 GPU/0-bf000 GPU/0-cf000 GPU/0-df000 GPU/0-ef000
furious-puma-1:122462:122886 [7] NCCL INFO  4 : GPU/0-7f000 GPU/0-8f000 GPU/0-9f000 GPU/0-af000 GPU/0-bf000 GPU/0-cf000 GPU/0-df000 GPU/0-ef000
furious-puma-1:122462:122886 [7] NCCL INFO  5 : GPU/0-7f000 GPU/0-8f000 GPU/0-9f000 GPU/0-af000 GPU/0-bf000 GPU/0-cf000 GPU/0-df000 GPU/0-ef000
furious-puma-1:122462:122886 [7] NCCL INFO  6 : GPU/0-7f000 GPU/0-8f000 GPU/0-9f000 GPU/0-af000 GPU/0-bf000 GPU/0-cf000 GPU/0-df000 GPU/0-ef000
furious-puma-1:122462:122886 [7] NCCL INFO  7 : GPU/0-7f000 GPU/0-8f000 GPU/0-9f000 GPU/0-af000 GPU/0-bf000 GPU/0-cf000 GPU/0-df000 GPU/0-ef000
furious-puma-1:122462:122886 [7] NCCL INFO  8 : GPU/0-7f000 GPU/0-8f000 GPU/0-9f000 GPU/0-af000 GPU/0-bf000 GPU/0-cf000 GPU/0-df000 GPU/0-ef000
furious-puma-1:122462:122886 [7] NCCL INFO  9 : GPU/0-7f000 GPU/0-8f000 GPU/0-9f000 GPU/0-af000 GPU/0-bf000 GPU/0-cf000 GPU/0-df000 GPU/0-ef000
furious-puma-1:122462:122886 [7] NCCL INFO 10 : GPU/0-7f000 GPU/0-8f000 GPU/0-9f000 GPU/0-af000 GPU/0-bf000 GPU/0-cf000 GPU/0-df000 GPU/0-ef000
furious-puma-1:122462:122886 [7] NCCL INFO 11 : GPU/0-7f000 GPU/0-8f000 GPU/0-9f000 GPU/0-af000 GPU/0-bf000 GPU/0-cf000 GPU/0-df000 GPU/0-ef000
furious-puma-1:122462:122886 [7] NCCL INFO Pattern 5, crossNic 0, nChannels 8, bw 40.000000/60.000000, type NVL/PIX, sameChannels 0
furious-puma-1:122462:122886 [7] NCCL INFO  0 : GPU/0-7f000
furious-puma-1:122462:122886 [7] NCCL INFO  1 : GPU/0-8f000
furious-puma-1:122462:122886 [7] NCCL INFO  2 : GPU/0-9f000
furious-puma-1:122462:122886 [7] NCCL INFO  3 : GPU/0-af000
furious-puma-1:122462:122886 [7] NCCL INFO  4 : GPU/0-bf000
furious-puma-1:122462:122886 [7] NCCL INFO  5 : GPU/0-cf000
furious-puma-1:122462:122886 [7] NCCL INFO  6 : GPU/0-df000
furious-puma-1:122462:122886 [7] NCCL INFO  7 : GPU/0-ef000
furious-puma-1:122459:122983 [4] NCCL INFO Pattern 4, crossNic 0, nChannels 12, bw 30.000000/30.000000, type NVL/PIX, sameChannels 1
furious-puma-1:122459:122983 [4] NCCL INFO  0 : GPU/0-7f000 GPU/0-8f000 GPU/0-9f000 GPU/0-af000 GPU/0-bf000 GPU/0-cf000 GPU/0-df000 GPU/0-ef000
furious-puma-1:122459:122983 [4] NCCL INFO  1 : GPU/0-7f000 GPU/0-8f000 GPU/0-9f000 GPU/0-af000 GPU/0-bf000 GPU/0-cf000 GPU/0-df000 GPU/0-ef000
furious-puma-1:122459:122983 [4] NCCL INFO  2 : GPU/0-7f000 GPU/0-8f000 GPU/0-9f000 GPU/0-af000 GPU/0-bf000 GPU/0-cf000 GPU/0-df000 GPU/0-ef000
furious-puma-1:122459:122983 [4] NCCL INFO  3 : GPU/0-7f000 GPU/0-8f000 GPU/0-9f000 GPU/0-af000 GPU/0-bf000 GPU/0-cf000 GPU/0-df000 GPU/0-ef000
furious-puma-1:122459:122983 [4] NCCL INFO  4 : GPU/0-7f000 GPU/0-8f000 GPU/0-9f000 GPU/0-af000 GPU/0-bf000 GPU/0-cf000 GPU/0-df000 GPU/0-ef000
furious-puma-1:122459:122983 [4] NCCL INFO  5 : GPU/0-7f000 GPU/0-8f000 GPU/0-9f000 GPU/0-af000 GPU/0-bf000 GPU/0-cf000 GPU/0-df000 GPU/0-ef000
furious-puma-1:122459:122983 [4] NCCL INFO  6 : GPU/0-7f000 GPU/0-8f000 GPU/0-9f000 GPU/0-af000 GPU/0-bf000 GPU/0-cf000 GPU/0-df000 GPU/0-ef000
furious-puma-1:122459:122983 [4] NCCL INFO  7 : GPU/0-7f000 GPU/0-8f000 GPU/0-9f000 GPU/0-af000 GPU/0-bf000 GPU/0-cf000 GPU/0-df000 GPU/0-ef000
furious-puma-1:122459:122983 [4] NCCL INFO  8 : GPU/0-7f000 GPU/0-8f000 GPU/0-9f000 GPU/0-af000 GPU/0-bf000 GPU/0-cf000 GPU/0-df000 GPU/0-ef000
furious-puma-1:122459:122983 [4] NCCL INFO  9 : GPU/0-7f000 GPU/0-8f000 GPU/0-9f000 GPU/0-af000 GPU/0-bf000 GPU/0-cf000 GPU/0-df000 GPU/0-ef000
furious-puma-1:122459:122983 [4] NCCL INFO 10 : GPU/0-7f000 GPU/0-8f000 GPU/0-9f000 GPU/0-af000 GPU/0-bf000 GPU/0-cf000 GPU/0-df000 GPU/0-ef000
furious-puma-1:122459:122983 [4] NCCL INFO 11 : GPU/0-7f000 GPU/0-8f000 GPU/0-9f000 GPU/0-af000 GPU/0-bf000 GPU/0-cf000 GPU/0-df000 GPU/0-ef000
furious-puma-1:122459:122983 [4] NCCL INFO Pattern 1, crossNic 0, nChannels 12, bw 30.000000/30.000000, type NVL/PIX, sameChannels 1
furious-puma-1:122459:122983 [4] NCCL INFO  0 : GPU/0-7f000 GPU/0-8f000 GPU/0-9f000 GPU/0-af000 GPU/0-bf000 GPU/0-cf000 GPU/0-df000 GPU/0-ef000
furious-puma-1:122459:122983 [4] NCCL INFO  1 : GPU/0-7f000 GPU/0-8f000 GPU/0-9f000 GPU/0-af000 GPU/0-bf000 GPU/0-cf000 GPU/0-df000 GPU/0-ef000
furious-puma-1:122459:122983 [4] NCCL INFO  2 : GPU/0-7f000 GPU/0-8f000 GPU/0-9f000 GPU/0-af000 GPU/0-bf000 GPU/0-cf000 GPU/0-df000 GPU/0-ef000
furious-puma-1:122459:122983 [4] NCCL INFO  3 : GPU/0-7f000 GPU/0-8f000 GPU/0-9f000 GPU/0-af000 GPU/0-bf000 GPU/0-cf000 GPU/0-df000 GPU/0-ef000
furious-puma-1:122459:122983 [4] NCCL INFO  4 : GPU/0-7f000 GPU/0-8f000 GPU/0-9f000 GPU/0-af000 GPU/0-bf000 GPU/0-cf000 GPU/0-df000 GPU/0-ef000
furious-puma-1:122459:122983 [4] NCCL INFO  5 : GPU/0-7f000 GPU/0-8f000 GPU/0-9f000 GPU/0-af000 GPU/0-bf000 GPU/0-cf000 GPU/0-df000 GPU/0-ef000
furious-puma-1:122459:122983 [4] NCCL INFO  6 : GPU/0-7f000 GPU/0-8f000 GPU/0-9f000 GPU/0-af000 GPU/0-bf000 GPU/0-cf000 GPU/0-df000 GPU/0-ef000
furious-puma-1:122459:122983 [4] NCCL INFO  7 : GPU/0-7f000 GPU/0-8f000 GPU/0-9f000 GPU/0-af000 GPU/0-bf000 GPU/0-cf000 GPU/0-df000 GPU/0-ef000
furious-puma-1:122459:122983 [4] NCCL INFO  8 : GPU/0-7f000 GPU/0-8f000 GPU/0-9f000 GPU/0-af000 GPU/0-bf000 GPU/0-cf000 GPU/0-df000 GPU/0-ef000
furious-puma-1:122459:122983 [4] NCCL INFO  9 : GPU/0-7f000 GPU/0-8f000 GPU/0-9f000 GPU/0-af000 GPU/0-bf000 GPU/0-cf000 GPU/0-df000 GPU/0-ef000
furious-puma-1:122459:122983 [4] NCCL INFO 10 : GPU/0-7f000 GPU/0-8f000 GPU/0-9f000 GPU/0-af000 GPU/0-bf000 GPU/0-cf000 GPU/0-df000 GPU/0-ef000
furious-puma-1:122459:122983 [4] NCCL INFO 11 : GPU/0-7f000 GPU/0-8f000 GPU/0-9f000 GPU/0-af000 GPU/0-bf000 GPU/0-cf000 GPU/0-df000 GPU/0-ef000
furious-puma-1:122459:122983 [4] NCCL INFO Pattern 5, crossNic 0, nChannels 8, bw 40.000000/60.000000, type NVL/PIX, sameChannels 0
furious-puma-1:122459:122983 [4] NCCL INFO  0 : GPU/0-7f000
furious-puma-1:122459:122983 [4] NCCL INFO  1 : GPU/0-8f000
furious-puma-1:122459:122983 [4] NCCL INFO  2 : GPU/0-9f000
furious-puma-1:122459:122983 [4] NCCL INFO  3 : GPU/0-af000
furious-puma-1:122459:122983 [4] NCCL INFO  4 : GPU/0-bf000
furious-puma-1:122459:122983 [4] NCCL INFO  5 : GPU/0-cf000
furious-puma-1:122459:122983 [4] NCCL INFO  6 : GPU/0-df000
furious-puma-1:122459:122983 [4] NCCL INFO  7 : GPU/0-ef000
furious-puma-1:122461:123009 [6] NCCL INFO comm 0x553ea8c0 rank 6 nRanks 8 nNodes 1 localRanks 8 localRank 6 MNNVL 0
furious-puma-1:122459:122983 [4] NCCL INFO comm 0x3db32340 rank 4 nRanks 8 nNodes 1 localRanks 8 localRank 4 MNNVL 0
furious-puma-1:122458:122884 [3] NCCL INFO comm 0x594d91d0 rank 3 nRanks 8 nNodes 1 localRanks 8 localRank 3 MNNVL 0
furious-puma-1:122460:123007 [5] NCCL INFO comm 0x5fb59b10 rank 5 nRanks 8 nNodes 1 localRanks 8 localRank 5 MNNVL 0
furious-puma-1:122456:122885 [1] NCCL INFO comm 0x446b8f30 rank 1 nRanks 8 nNodes 1 localRanks 8 localRank 1 MNNVL 0
furious-puma-1:122457:122887 [2] NCCL INFO comm 0x54fac5c0 rank 2 nRanks 8 nNodes 1 localRanks 8 localRank 2 MNNVL 0
furious-puma-1:122462:122886 [7] NCCL INFO comm 0x6b344560 rank 7 nRanks 8 nNodes 1 localRanks 8 localRank 7 MNNVL 0
furious-puma-1:122455:122883 [0] NCCL INFO comm 0x4d7a5180 rank 0 nRanks 8 nNodes 1 localRanks 8 localRank 0 MNNVL 0
furious-puma-1:122461:123009 [6] NCCL INFO Ring 00 : 5 -> 6 -> 7
furious-puma-1:122455:122883 [0] NCCL INFO Tree 0 : -1 -> 0 -> 1/-1/-1
furious-puma-1:122461:123009 [6] NCCL INFO Ring 01 : 5 -> 6 -> 7
furious-puma-1:122455:122883 [0] NCCL INFO Tree 12 : -1 -> 0 -> 1/-1/-1
furious-puma-1:122461:123009 [6] NCCL INFO Ring 02 : 5 -> 6 -> 7
furious-puma-1:122455:122883 [0] NCCL INFO Tree 1 : -1 -> 0 -> 1/-1/-1
furious-puma-1:122458:122884 [3] NCCL INFO Ring 00 : 2 -> 3 -> 4
furious-puma-1:122455:122883 [0] NCCL INFO Tree 13 : -1 -> 0 -> 1/-1/-1
furious-puma-1:122461:123009 [6] NCCL INFO Ring 03 : 5 -> 6 -> 7
furious-puma-1:122458:122884 [3] NCCL INFO Ring 01 : 2 -> 3 -> 4
furious-puma-1:122455:122883 [0] NCCL INFO Tree 2 : -1 -> 0 -> 1/-1/-1
furious-puma-1:122456:122885 [1] NCCL INFO Tree 0 : 0 -> 1 -> 2/-1/-1
furious-puma-1:122461:123009 [6] NCCL INFO Ring 04 : 5 -> 6 -> 7
furious-puma-1:122459:122983 [4] NCCL INFO Ring 00 : 3 -> 4 -> 5
furious-puma-1:122458:122884 [3] NCCL INFO Ring 02 : 2 -> 3 -> 4
furious-puma-1:122455:122883 [0] NCCL INFO Tree 14 : -1 -> 0 -> 1/-1/-1
furious-puma-1:122456:122885 [1] NCCL INFO Tree 12 : 0 -> 1 -> 2/-1/-1
furious-puma-1:122461:123009 [6] NCCL INFO Ring 05 : 5 -> 6 -> 7
furious-puma-1:122458:122884 [3] NCCL INFO Ring 03 : 2 -> 3 -> 4
furious-puma-1:122456:122885 [1] NCCL INFO Tree 1 : 0 -> 1 -> 2/-1/-1
furious-puma-1:122457:122887 [2] NCCL INFO Ring 00 : 1 -> 2 -> 3
furious-puma-1:122455:122883 [0] NCCL INFO Tree 3 : -1 -> 0 -> 1/-1/-1
furious-puma-1:122459:122983 [4] NCCL INFO Ring 01 : 3 -> 4 -> 5
furious-puma-1:122460:123007 [5] NCCL INFO Ring 00 : 4 -> 5 -> 6
furious-puma-1:122455:122883 [0] NCCL INFO Tree 15 : -1 -> 0 -> 1/-1/-1
furious-puma-1:122461:123009 [6] NCCL INFO Ring 06 : 5 -> 6 -> 7
furious-puma-1:122458:122884 [3] NCCL INFO Ring 04 : 2 -> 3 -> 4
furious-puma-1:122455:122883 [0] NCCL INFO Tree 4 : -1 -> 0 -> 1/-1/-1
furious-puma-1:122462:122886 [7] NCCL INFO Ring 00 : 6 -> 7 -> 0
furious-puma-1:122456:122885 [1] NCCL INFO Tree 13 : 0 -> 1 -> 2/-1/-1
furious-puma-1:122457:122887 [2] NCCL INFO Ring 01 : 1 -> 2 -> 3
furious-puma-1:122459:122983 [4] NCCL INFO Ring 02 : 3 -> 4 -> 5
furious-puma-1:122456:122885 [1] NCCL INFO Tree 2 : 0 -> 1 -> 2/-1/-1
furious-puma-1:122457:122887 [2] NCCL INFO Ring 02 : 1 -> 2 -> 3
furious-puma-1:122460:123007 [5] NCCL INFO Ring 01 : 4 -> 5 -> 6
furious-puma-1:122461:123009 [6] NCCL INFO Ring 07 : 5 -> 6 -> 7
furious-puma-1:122457:122887 [2] NCCL INFO Ring 03 : 1 -> 2 -> 3
furious-puma-1:122458:122884 [3] NCCL INFO Ring 05 : 2 -> 3 -> 4
furious-puma-1:122455:122883 [0] NCCL INFO Tree 16 : -1 -> 0 -> 1/-1/-1
furious-puma-1:122462:122886 [7] NCCL INFO Ring 01 : 6 -> 7 -> 0
furious-puma-1:122455:122883 [0] NCCL INFO Tree 5 : -1 -> 0 -> 1/-1/-1
furious-puma-1:122462:122886 [7] NCCL INFO Ring 02 : 6 -> 7 -> 0
furious-puma-1:122462:122886 [7] NCCL INFO Ring 03 : 6 -> 7 -> 0
furious-puma-1:122462:122886 [7] NCCL INFO Ring 04 : 6 -> 7 -> 0
furious-puma-1:122462:122886 [7] NCCL INFO Ring 05 : 6 -> 7 -> 0
furious-puma-1:122459:122983 [4] NCCL INFO Ring 03 : 3 -> 4 -> 5
furious-puma-1:122459:122983 [4] NCCL INFO Ring 04 : 3 -> 4 -> 5
furious-puma-1:122459:122983 [4] NCCL INFO Ring 05 : 3 -> 4 -> 5
furious-puma-1:122456:122885 [1] NCCL INFO Tree 14 : 0 -> 1 -> 2/-1/-1
furious-puma-1:122460:123007 [5] NCCL INFO Ring 02 : 4 -> 5 -> 6
furious-puma-1:122461:123009 [6] NCCL INFO Ring 08 : 5 -> 6 -> 7
furious-puma-1:122458:122884 [3] NCCL INFO Ring 06 : 2 -> 3 -> 4
furious-puma-1:122460:123007 [5] NCCL INFO Ring 03 : 4 -> 5 -> 6
furious-puma-1:122457:122887 [2] NCCL INFO Ring 04 : 1 -> 2 -> 3
furious-puma-1:122455:122883 [0] NCCL INFO Tree 17 : -1 -> 0 -> 1/-1/-1
furious-puma-1:122462:122886 [7] NCCL INFO Ring 06 : 6 -> 7 -> 0
furious-puma-1:122459:122983 [4] NCCL INFO Ring 06 : 3 -> 4 -> 5
furious-puma-1:122456:122885 [1] NCCL INFO Tree 3 : 0 -> 1 -> 2/-1/-1
furious-puma-1:122461:123009 [6] NCCL INFO Ring 09 : 5 -> 6 -> 7
furious-puma-1:122458:122884 [3] NCCL INFO Ring 07 : 2 -> 3 -> 4
furious-puma-1:122460:123007 [5] NCCL INFO Ring 04 : 4 -> 5 -> 6
furious-puma-1:122457:122887 [2] NCCL INFO Ring 05 : 1 -> 2 -> 3
furious-puma-1:122455:122883 [0] NCCL INFO Tree 6 : -1 -> 0 -> 1/-1/-1
furious-puma-1:122462:122886 [7] NCCL INFO Ring 07 : 6 -> 7 -> 0
furious-puma-1:122459:122983 [4] NCCL INFO Ring 07 : 3 -> 4 -> 5
furious-puma-1:122457:122887 [2] NCCL INFO Ring 06 : 1 -> 2 -> 3
furious-puma-1:122461:123009 [6] NCCL INFO Ring 10 : 5 -> 6 -> 7
furious-puma-1:122456:122885 [1] NCCL INFO Tree 15 : 0 -> 1 -> 2/-1/-1
furious-puma-1:122460:123007 [5] NCCL INFO Ring 05 : 4 -> 5 -> 6
furious-puma-1:122458:122884 [3] NCCL INFO Ring 08 : 2 -> 3 -> 4
furious-puma-1:122456:122885 [1] NCCL INFO Tree 4 : 0 -> 1 -> 2/-1/-1
furious-puma-1:122455:122883 [0] NCCL INFO Tree 18 : -1 -> 0 -> 1/-1/-1
furious-puma-1:122462:122886 [7] NCCL INFO Ring 08 : 6 -> 7 -> 0
furious-puma-1:122459:122983 [4] NCCL INFO Ring 08 : 3 -> 4 -> 5
furious-puma-1:122457:122887 [2] NCCL INFO Ring 07 : 1 -> 2 -> 3
furious-puma-1:122462:122886 [7] NCCL INFO Ring 09 : 6 -> 7 -> 0
furious-puma-1:122461:123009 [6] NCCL INFO Ring 11 : 5 -> 6 -> 7
furious-puma-1:122460:123007 [5] NCCL INFO Ring 06 : 4 -> 5 -> 6
furious-puma-1:122456:122885 [1] NCCL INFO Tree 16 : 0 -> 1 -> 2/-1/-1
furious-puma-1:122458:122884 [3] NCCL INFO Ring 09 : 2 -> 3 -> 4
furious-puma-1:122455:122883 [0] NCCL INFO Tree 7 : -1 -> 0 -> 1/-1/-1
furious-puma-1:122462:122886 [7] NCCL INFO Ring 10 : 6 -> 7 -> 0
furious-puma-1:122460:123007 [5] NCCL INFO Ring 07 : 4 -> 5 -> 6
furious-puma-1:122458:122884 [3] NCCL INFO Ring 10 : 2 -> 3 -> 4
furious-puma-1:122459:122983 [4] NCCL INFO Ring 09 : 3 -> 4 -> 5
furious-puma-1:122461:123009 [6] NCCL INFO Ring 12 : 5 -> 6 -> 7
furious-puma-1:122458:122884 [3] NCCL INFO Ring 11 : 2 -> 3 -> 4
furious-puma-1:122457:122887 [2] NCCL INFO Ring 08 : 1 -> 2 -> 3
furious-puma-1:122456:122885 [1] NCCL INFO Tree 5 : 0 -> 1 -> 2/-1/-1
furious-puma-1:122455:122883 [0] NCCL INFO Tree 19 : -1 -> 0 -> 1/-1/-1
furious-puma-1:122458:122884 [3] NCCL INFO Ring 12 : 2 -> 3 -> 4
furious-puma-1:122457:122887 [2] NCCL INFO Ring 09 : 1 -> 2 -> 3
furious-puma-1:122462:122886 [7] NCCL INFO Ring 11 : 6 -> 7 -> 0
furious-puma-1:122460:123007 [5] NCCL INFO Ring 08 : 4 -> 5 -> 6
furious-puma-1:122459:122983 [4] NCCL INFO Ring 10 : 3 -> 4 -> 5
furious-puma-1:122461:123009 [6] NCCL INFO Ring 13 : 5 -> 6 -> 7
furious-puma-1:122456:122885 [1] NCCL INFO Tree 17 : 0 -> 1 -> 2/-1/-1
furious-puma-1:122455:122883 [0] NCCL INFO Tree 8 : -1 -> 0 -> 1/-1/-1
furious-puma-1:122458:122884 [3] NCCL INFO Ring 13 : 2 -> 3 -> 4
furious-puma-1:122459:122983 [4] NCCL INFO Ring 11 : 3 -> 4 -> 5
furious-puma-1:122457:122887 [2] NCCL INFO Ring 10 : 1 -> 2 -> 3
furious-puma-1:122456:122885 [1] NCCL INFO Tree 6 : 0 -> 1 -> 2/-1/-1
furious-puma-1:122462:122886 [7] NCCL INFO Ring 12 : 6 -> 7 -> 0
furious-puma-1:122460:123007 [5] NCCL INFO Ring 09 : 4 -> 5 -> 6
furious-puma-1:122461:123009 [6] NCCL INFO Ring 14 : 5 -> 6 -> 7
furious-puma-1:122455:122883 [0] NCCL INFO Tree 20 : -1 -> 0 -> 1/-1/-1
furious-puma-1:122458:122884 [3] NCCL INFO Ring 14 : 2 -> 3 -> 4
furious-puma-1:122456:122885 [1] NCCL INFO Tree 18 : 0 -> 1 -> 2/-1/-1
furious-puma-1:122462:122886 [7] NCCL INFO Ring 13 : 6 -> 7 -> 0
furious-puma-1:122459:122983 [4] NCCL INFO Ring 12 : 3 -> 4 -> 5
furious-puma-1:122457:122887 [2] NCCL INFO Ring 11 : 1 -> 2 -> 3
furious-puma-1:122460:123007 [5] NCCL INFO Ring 10 : 4 -> 5 -> 6
furious-puma-1:122455:122883 [0] NCCL INFO Tree 9 : -1 -> 0 -> 1/-1/-1
furious-puma-1:122457:122887 [2] NCCL INFO Ring 12 : 1 -> 2 -> 3
furious-puma-1:122455:122883 [0] NCCL INFO Tree 21 : -1 -> 0 -> 1/-1/-1
furious-puma-1:122461:123009 [6] NCCL INFO Ring 15 : 5 -> 6 -> 7
furious-puma-1:122458:122884 [3] NCCL INFO Ring 15 : 2 -> 3 -> 4
furious-puma-1:122456:122885 [1] NCCL INFO Tree 7 : 0 -> 1 -> 2/-1/-1
furious-puma-1:122462:122886 [7] NCCL INFO Ring 14 : 6 -> 7 -> 0
furious-puma-1:122459:122983 [4] NCCL INFO Ring 13 : 3 -> 4 -> 5
furious-puma-1:122460:123007 [5] NCCL INFO Ring 11 : 4 -> 5 -> 6
furious-puma-1:122457:122887 [2] NCCL INFO Ring 13 : 1 -> 2 -> 3
furious-puma-1:122459:122983 [4] NCCL INFO Ring 14 : 3 -> 4 -> 5
furious-puma-1:122455:122883 [0] NCCL INFO Tree 10 : -1 -> 0 -> 1/-1/-1
furious-puma-1:122460:123007 [5] NCCL INFO Ring 12 : 4 -> 5 -> 6
furious-puma-1:122461:123009 [6] NCCL INFO Ring 16 : 5 -> 6 -> 7
furious-puma-1:122459:122983 [4] NCCL INFO Ring 15 : 3 -> 4 -> 5
furious-puma-1:122458:122884 [3] NCCL INFO Ring 16 : 2 -> 3 -> 4
furious-puma-1:122456:122885 [1] NCCL INFO Tree 19 : 0 -> 1 -> 2/-1/-1
furious-puma-1:122462:122886 [7] NCCL INFO Ring 15 : 6 -> 7 -> 0
furious-puma-1:122459:122983 [4] NCCL INFO Ring 16 : 3 -> 4 -> 5
furious-puma-1:122456:122885 [1] NCCL INFO Tree 8 : 0 -> 1 -> 2/-1/-1
furious-puma-1:122457:122887 [2] NCCL INFO Ring 14 : 1 -> 2 -> 3
furious-puma-1:122455:122883 [0] NCCL INFO Tree 22 : -1 -> 0 -> 1/-1/-1
furious-puma-1:122460:123007 [5] NCCL INFO Ring 13 : 4 -> 5 -> 6
furious-puma-1:122455:122883 [0] NCCL INFO Tree 11 : -1 -> 0 -> 1/-1/-1
furious-puma-1:122461:123009 [6] NCCL INFO Ring 17 : 5 -> 6 -> 7
furious-puma-1:122458:122884 [3] NCCL INFO Ring 17 : 2 -> 3 -> 4
furious-puma-1:122455:122883 [0] NCCL INFO Tree 23 : -1 -> 0 -> 1/-1/-1
furious-puma-1:122459:122983 [4] NCCL INFO Ring 17 : 3 -> 4 -> 5
furious-puma-1:122456:122885 [1] NCCL INFO Tree 20 : 0 -> 1 -> 2/-1/-1
furious-puma-1:122457:122887 [2] NCCL INFO Ring 15 : 1 -> 2 -> 3
furious-puma-1:122458:122884 [3] NCCL INFO Ring 18 : 2 -> 3 -> 4
furious-puma-1:122459:122983 [4] NCCL INFO Ring 18 : 3 -> 4 -> 5
furious-puma-1:122456:122885 [1] NCCL INFO Tree 9 : 0 -> 1 -> 2/-1/-1
furious-puma-1:122462:122886 [7] NCCL INFO Ring 16 : 6 -> 7 -> 0
furious-puma-1:122460:123007 [5] NCCL INFO Ring 14 : 4 -> 5 -> 6
furious-puma-1:122461:123009 [6] NCCL INFO Ring 18 : 5 -> 6 -> 7
furious-puma-1:122457:122887 [2] NCCL INFO Ring 16 : 1 -> 2 -> 3
furious-puma-1:122460:123007 [5] NCCL INFO Ring 15 : 4 -> 5 -> 6
furious-puma-1:122455:122883 [0] NCCL INFO Channel 00/24 : 0 1 2 3 4 5 6 7
furious-puma-1:122458:122884 [3] NCCL INFO Ring 19 : 2 -> 3 -> 4
furious-puma-1:122456:122885 [1] NCCL INFO Tree 21 : 0 -> 1 -> 2/-1/-1
furious-puma-1:122457:122887 [2] NCCL INFO Ring 17 : 1 -> 2 -> 3
furious-puma-1:122459:122983 [4] NCCL INFO Ring 19 : 3 -> 4 -> 5
furious-puma-1:122462:122886 [7] NCCL INFO Ring 17 : 6 -> 7 -> 0
furious-puma-1:122458:122884 [3] NCCL INFO Ring 20 : 2 -> 3 -> 4
furious-puma-1:122457:122887 [2] NCCL INFO Ring 18 : 1 -> 2 -> 3
furious-puma-1:122461:123009 [6] NCCL INFO Ring 19 : 5 -> 6 -> 7
furious-puma-1:122460:123007 [5] NCCL INFO Ring 16 : 4 -> 5 -> 6
furious-puma-1:122455:122883 [0] NCCL INFO Channel 01/24 : 0 1 2 3 4 5 6 7
furious-puma-1:122456:122885 [1] NCCL INFO Tree 10 : 0 -> 1 -> 2/-1/-1
furious-puma-1:122459:122983 [4] NCCL INFO Ring 20 : 3 -> 4 -> 5
furious-puma-1:122461:123009 [6] NCCL INFO Ring 20 : 5 -> 6 -> 7
furious-puma-1:122460:123007 [5] NCCL INFO Ring 17 : 4 -> 5 -> 6
furious-puma-1:122462:122886 [7] NCCL INFO Ring 18 : 6 -> 7 -> 0
furious-puma-1:122458:122884 [3] NCCL INFO Ring 21 : 2 -> 3 -> 4
furious-puma-1:122457:122887 [2] NCCL INFO Ring 19 : 1 -> 2 -> 3
furious-puma-1:122456:122885 [1] NCCL INFO Tree 22 : 0 -> 1 -> 2/-1/-1
furious-puma-1:122461:123009 [6] NCCL INFO Ring 21 : 5 -> 6 -> 7
furious-puma-1:122455:122883 [0] NCCL INFO Channel 02/24 : 0 1 2 3 4 5 6 7
furious-puma-1:122459:122983 [4] NCCL INFO Ring 21 : 3 -> 4 -> 5
furious-puma-1:122458:122884 [3] NCCL INFO Ring 22 : 2 -> 3 -> 4
furious-puma-1:122460:123007 [5] NCCL INFO Ring 18 : 4 -> 5 -> 6
furious-puma-1:122462:122886 [7] NCCL INFO Ring 19 : 6 -> 7 -> 0
furious-puma-1:122456:122885 [1] NCCL INFO Tree 11 : 0 -> 1 -> 2/-1/-1
furious-puma-1:122457:122887 [2] NCCL INFO Ring 20 : 1 -> 2 -> 3
furious-puma-1:122461:123009 [6] NCCL INFO Ring 22 : 5 -> 6 -> 7
furious-puma-1:122455:122883 [0] NCCL INFO Channel 03/24 : 0 1 2 3 4 5 6 7
furious-puma-1:122458:122884 [3] NCCL INFO Ring 23 : 2 -> 3 -> 4
furious-puma-1:122459:122983 [4] NCCL INFO Ring 22 : 3 -> 4 -> 5
furious-puma-1:122455:122883 [0] NCCL INFO Channel 04/24 : 0 1 2 3 4 5 6 7
furious-puma-1:122460:123007 [5] NCCL INFO Ring 19 : 4 -> 5 -> 6
furious-puma-1:122459:122983 [4] NCCL INFO Ring 23 : 3 -> 4 -> 5
furious-puma-1:122456:122885 [1] NCCL INFO Tree 23 : 0 -> 1 -> 2/-1/-1
furious-puma-1:122462:122886 [7] NCCL INFO Ring 20 : 6 -> 7 -> 0
furious-puma-1:122457:122887 [2] NCCL INFO Ring 21 : 1 -> 2 -> 3
furious-puma-1:122461:123009 [6] NCCL INFO Ring 23 : 5 -> 6 -> 7
furious-puma-1:122458:122884 [3] NCCL INFO Trees [0] 4/-1/-1->3->2 [1] 4/-1/-1->3->2 [2] 4/-1/-1->3->2 [3] 4/-1/-1->3->2 [4] 4/-1/-1->3->2 [5] 4/-1/-1->3->2 [6] 4/-1/-1->3->2 [7] 4/-1/-1->3->2 [8] 4/-1/-1->3->2 [9] 4/-1/-1->3->2 [10] 4/-1/-1->3->2 [11] 4/-1/-1->3->2 [12] 4/-1/-1->3->2 [13] 4/-1/-1->3->2 [14] 4/-1/-1->3->2 [15] 4/-1/-1->3->2 [16] 4/-1/-1->3->2 [17] 4/-1/-1->3->2 [18] 4/-1/-1->3->2 [19] 4/-1/-1->3->2 [20] 4/-1/-1->3->2 [21] 4/-1/-1->3->2 [22] 4/-1/-1->3->2 [23] 4/-1/-1->3->2
furious-puma-1:122462:122886 [7] NCCL INFO Ring 21 : 6 -> 7 -> 0
furious-puma-1:122455:122883 [0] NCCL INFO Channel 05/24 : 0 1 2 3 4 5 6 7
furious-puma-1:122459:122983 [4] NCCL INFO Trees [0] 5/-1/-1->4->3 [1] 5/-1/-1->4->3 [2] 5/-1/-1->4->3 [3] 5/-1/-1->4->3 [4] 5/-1/-1->4->3 [5] 5/-1/-1->4->3 [6] 5/-1/-1->4->3 [7] 5/-1/-1->4->3 [8] 5/-1/-1->4->3 [9] 5/-1/-1->4->3 [10] 5/-1/-1->4->3 [11] 5/-1/-1->4->3 [12] 5/-1/-1->4->3 [13] 5/-1/-1->4->3 [14] 5/-1/-1->4->3 [15] 5/-1/-1->4->3 [16] 5/-1/-1->4->3 [17] 5/-1/-1->4->3 [18] 5/-1/-1->4->3 [19] 5/-1/-1->4->3 [20] 5/-1/-1->4->3 [21] 5/-1/-1->4->3 [22] 5/-1/-1->4->3 [23] 5/-1/-1->4->3
furious-puma-1:122458:122884 [3] NCCL INFO P2P Chunksize set to 524288
furious-puma-1:122460:123007 [5] NCCL INFO Ring 20 : 4 -> 5 -> 6
furious-puma-1:122457:122887 [2] NCCL INFO Ring 22 : 1 -> 2 -> 3
furious-puma-1:122461:123009 [6] NCCL INFO Trees [0] 7/-1/-1->6->5 [1] 7/-1/-1->6->5 [2] 7/-1/-1->6->5 [3] 7/-1/-1->6->5 [4] 7/-1/-1->6->5 [5] 7/-1/-1->6->5 [6] 7/-1/-1->6->5 [7] 7/-1/-1->6->5 [8] 7/-1/-1->6->5 [9] 7/-1/-1->6->5 [10] 7/-1/-1->6->5 [11] 7/-1/-1->6->5 [12] 7/-1/-1->6->5 [13] 7/-1/-1->6->5 [14] 7/-1/-1->6->5 [15] 7/-1/-1->6->5 [16] 7/-1/-1->6->5 [17] 7/-1/-1->6->5 [18] 7/-1/-1->6->5 [19] 7/-1/-1->6->5 [20] 7/-1/-1->6->5 [21] 7/-1/-1->6->5 [22] 7/-1/-1->6->5 [23] 7/-1/-1->6->5
furious-puma-1:122460:123007 [5] NCCL INFO Ring 21 : 4 -> 5 -> 6
furious-puma-1:122462:122886 [7] NCCL INFO Ring 22 : 6 -> 7 -> 0
furious-puma-1:122455:122883 [0] NCCL INFO Channel 06/24 : 0 1 2 3 4 5 6 7
furious-puma-1:122459:122983 [4] NCCL INFO P2P Chunksize set to 524288
furious-puma-1:122456:122885 [1] NCCL INFO Ring 00 : 0 -> 1 -> 2
furious-puma-1:122455:122883 [0] NCCL INFO Channel 07/24 : 0 1 2 3 4 5 6 7
furious-puma-1:122457:122887 [2] NCCL INFO Ring 23 : 1 -> 2 -> 3
furious-puma-1:122460:123007 [5] NCCL INFO Ring 22 : 4 -> 5 -> 6
furious-puma-1:122456:122885 [1] NCCL INFO Ring 01 : 0 -> 1 -> 2
furious-puma-1:122457:122887 [2] NCCL INFO Trees [0] 3/-1/-1->2->1 [1] 3/-1/-1->2->1 [2] 3/-1/-1->2->1 [3] 3/-1/-1->2->1 [4] 3/-1/-1->2->1 [5] 3/-1/-1->2->1 [6] 3/-1/-1->2->1 [7] 3/-1/-1->2->1 [8] 3/-1/-1->2->1 [9] 3/-1/-1->2->1 [10] 3/-1/-1->2->1 [11] 3/-1/-1->2->1 [12] 3/-1/-1->2->1 [13] 3/-1/-1->2->1 [14] 3/-1/-1->2->1 [15] 3/-1/-1->2->1 [16] 3/-1/-1->2->1 [17] 3/-1/-1->2->1 [18] 3/-1/-1->2->1 [19] 3/-1/-1->2->1 [20] 3/-1/-1->2->1 [21] 3/-1/-1->2->1 [22] 3/-1/-1->2->1 [23] 3/-1/-1->2->1
furious-puma-1:122461:123009 [6] NCCL INFO P2P Chunksize set to 524288
furious-puma-1:122462:122886 [7] NCCL INFO Ring 23 : 6 -> 7 -> 0
furious-puma-1:122455:122883 [0] NCCL INFO Channel 08/24 : 0 1 2 3 4 5 6 7
furious-puma-1:122460:123007 [5] NCCL INFO Ring 23 : 4 -> 5 -> 6
furious-puma-1:122456:122885 [1] NCCL INFO Ring 02 : 0 -> 1 -> 2
furious-puma-1:122457:122887 [2] NCCL INFO P2P Chunksize set to 524288
furious-puma-1:122462:122886 [7] NCCL INFO Trees [0] -1/-1/-1->7->6 [1] -1/-1/-1->7->6 [2] -1/-1/-1->7->6 [3] -1/-1/-1->7->6 [4] -1/-1/-1->7->6 [5] -1/-1/-1->7->6 [6] -1/-1/-1->7->6 [7] -1/-1/-1->7->6 [8] -1/-1/-1->7->6 [9] -1/-1/-1->7->6 [10] -1/-1/-1->7->6 [11] -1/-1/-1->7->6 [12] -1/-1/-1->7->6 [13] -1/-1/-1->7->6 [14] -1/-1/-1->7->6 [15] -1/-1/-1->7->6 [16] -1/-1/-1->7->6 [17] -1/-1/-1->7->6 [18] -1/-1/-1->7->6 [19] -1/-1/-1->7->6 [20] -1/-1/-1->7->6 [21] -1/-1/-1->7->6 [22] -1/-1/-1->7->6 [23] -1/-1/-1->7->6
furious-puma-1:122455:122883 [0] NCCL INFO Channel 09/24 : 0 1 2 3 4 5 6 7
furious-puma-1:122460:123007 [5] NCCL INFO Trees [0] 6/-1/-1->5->4 [1] 6/-1/-1->5->4 [2] 6/-1/-1->5->4 [3] 6/-1/-1->5->4 [4] 6/-1/-1->5->4 [5] 6/-1/-1->5->4 [6] 6/-1/-1->5->4 [7] 6/-1/-1->5->4 [8] 6/-1/-1->5->4 [9] 6/-1/-1->5->4 [10] 6/-1/-1->5->4 [11] 6/-1/-1->5->4 [12] 6/-1/-1->5->4 [13] 6/-1/-1->5->4 [14] 6/-1/-1->5->4 [15] 6/-1/-1->5->4 [16] 6/-1/-1->5->4 [17] 6/-1/-1->5->4 [18] 6/-1/-1->5->4 [19] 6/-1/-1->5->4 [20] 6/-1/-1->5->4 [21] 6/-1/-1->5->4 [22] 6/-1/-1->5->4 [23] 6/-1/-1->5->4
furious-puma-1:122456:122885 [1] NCCL INFO Ring 03 : 0 -> 1 -> 2
furious-puma-1:122462:122886 [7] NCCL INFO P2P Chunksize set to 524288
furious-puma-1:122455:122883 [0] NCCL INFO Channel 10/24 : 0 1 2 3 4 5 6 7
furious-puma-1:122456:122885 [1] NCCL INFO Ring 04 : 0 -> 1 -> 2
furious-puma-1:122460:123007 [5] NCCL INFO P2P Chunksize set to 524288
furious-puma-1:122455:122883 [0] NCCL INFO Channel 11/24 : 0 1 2 3 4 5 6 7
furious-puma-1:122456:122885 [1] NCCL INFO Ring 05 : 0 -> 1 -> 2
furious-puma-1:122455:122883 [0] NCCL INFO Channel 12/24 : 0 1 2 3 4 5 6 7
furious-puma-1:122456:122885 [1] NCCL INFO Ring 06 : 0 -> 1 -> 2
furious-puma-1:122455:122883 [0] NCCL INFO Channel 13/24 : 0 1 2 3 4 5 6 7
furious-puma-1:122456:122885 [1] NCCL INFO Ring 07 : 0 -> 1 -> 2
furious-puma-1:122455:122883 [0] NCCL INFO Channel 14/24 : 0 1 2 3 4 5 6 7
furious-puma-1:122456:122885 [1] NCCL INFO Ring 08 : 0 -> 1 -> 2
furious-puma-1:122455:122883 [0] NCCL INFO Channel 15/24 : 0 1 2 3 4 5 6 7
furious-puma-1:122456:122885 [1] NCCL INFO Ring 09 : 0 -> 1 -> 2
furious-puma-1:122455:122883 [0] NCCL INFO Channel 16/24 : 0 1 2 3 4 5 6 7
furious-puma-1:122456:122885 [1] NCCL INFO Ring 10 : 0 -> 1 -> 2
furious-puma-1:122455:122883 [0] NCCL INFO Channel 17/24 : 0 1 2 3 4 5 6 7
furious-puma-1:122456:122885 [1] NCCL INFO Ring 11 : 0 -> 1 -> 2
furious-puma-1:122455:122883 [0] NCCL INFO Channel 18/24 : 0 1 2 3 4 5 6 7
furious-puma-1:122456:122885 [1] NCCL INFO Ring 12 : 0 -> 1 -> 2
furious-puma-1:122455:122883 [0] NCCL INFO Channel 19/24 : 0 1 2 3 4 5 6 7
furious-puma-1:122456:122885 [1] NCCL INFO Ring 13 : 0 -> 1 -> 2
furious-puma-1:122455:122883 [0] NCCL INFO Channel 20/24 : 0 1 2 3 4 5 6 7
furious-puma-1:122456:122885 [1] NCCL INFO Ring 14 : 0 -> 1 -> 2
furious-puma-1:122455:122883 [0] NCCL INFO Channel 21/24 : 0 1 2 3 4 5 6 7
furious-puma-1:122456:122885 [1] NCCL INFO Ring 15 : 0 -> 1 -> 2
furious-puma-1:122455:122883 [0] NCCL INFO Channel 22/24 : 0 1 2 3 4 5 6 7
furious-puma-1:122456:122885 [1] NCCL INFO Ring 16 : 0 -> 1 -> 2
furious-puma-1:122455:122883 [0] NCCL INFO Channel 23/24 : 0 1 2 3 4 5 6 7
furious-puma-1:122456:122885 [1] NCCL INFO Ring 17 : 0 -> 1 -> 2
furious-puma-1:122455:122883 [0] NCCL INFO Ring 00 : 7 -> 0 -> 1
furious-puma-1:122456:122885 [1] NCCL INFO Ring 18 : 0 -> 1 -> 2
furious-puma-1:122455:122883 [0] NCCL INFO Ring 01 : 7 -> 0 -> 1
furious-puma-1:122456:122885 [1] NCCL INFO Ring 19 : 0 -> 1 -> 2
furious-puma-1:122455:122883 [0] NCCL INFO Ring 02 : 7 -> 0 -> 1
furious-puma-1:122455:122883 [0] NCCL INFO Ring 03 : 7 -> 0 -> 1
furious-puma-1:122456:122885 [1] NCCL INFO Ring 20 : 0 -> 1 -> 2
furious-puma-1:122455:122883 [0] NCCL INFO Ring 04 : 7 -> 0 -> 1
furious-puma-1:122456:122885 [1] NCCL INFO Ring 21 : 0 -> 1 -> 2
furious-puma-1:122455:122883 [0] NCCL INFO Ring 05 : 7 -> 0 -> 1
furious-puma-1:122455:122883 [0] NCCL INFO Ring 06 : 7 -> 0 -> 1
furious-puma-1:122456:122885 [1] NCCL INFO Ring 22 : 0 -> 1 -> 2
furious-puma-1:122455:122883 [0] NCCL INFO Ring 07 : 7 -> 0 -> 1
furious-puma-1:122455:122883 [0] NCCL INFO Ring 08 : 7 -> 0 -> 1
furious-puma-1:122456:122885 [1] NCCL INFO Ring 23 : 0 -> 1 -> 2
furious-puma-1:122455:122883 [0] NCCL INFO Ring 09 : 7 -> 0 -> 1
furious-puma-1:122456:122885 [1] NCCL INFO Trees [0] 2/-1/-1->1->0 [1] 2/-1/-1->1->0 [2] 2/-1/-1->1->0 [3] 2/-1/-1->1->0 [4] 2/-1/-1->1->0 [5] 2/-1/-1->1->0 [6] 2/-1/-1->1->0 [7] 2/-1/-1->1->0 [8] 2/-1/-1->1->0 [9] 2/-1/-1->1->0 [10] 2/-1/-1->1->0 [11] 2/-1/-1->1->0 [12] 2/-1/-1->1->0 [13] 2/-1/-1->1->0 [14] 2/-1/-1->1->0 [15] 2/-1/-1->1->0 [16] 2/-1/-1->1->0 [17] 2/-1/-1->1->0 [18] 2/-1/-1->1->0 [19] 2/-1/-1->1->0 [20] 2/-1/-1->1->0 [21] 2/-1/-1->1->0 [22] 2/-1/-1->1->0 [23] 2/-1/-1->1->0
furious-puma-1:122455:122883 [0] NCCL INFO Ring 10 : 7 -> 0 -> 1
furious-puma-1:122455:122883 [0] NCCL INFO Ring 11 : 7 -> 0 -> 1
furious-puma-1:122456:122885 [1] NCCL INFO P2P Chunksize set to 524288
furious-puma-1:122455:122883 [0] NCCL INFO Ring 12 : 7 -> 0 -> 1
furious-puma-1:122455:122883 [0] NCCL INFO Ring 13 : 7 -> 0 -> 1
furious-puma-1:122455:122883 [0] NCCL INFO Ring 14 : 7 -> 0 -> 1
furious-puma-1:122455:122883 [0] NCCL INFO Ring 15 : 7 -> 0 -> 1
furious-puma-1:122455:122883 [0] NCCL INFO Ring 16 : 7 -> 0 -> 1
furious-puma-1:122455:122883 [0] NCCL INFO Ring 17 : 7 -> 0 -> 1
furious-puma-1:122455:122883 [0] NCCL INFO Ring 18 : 7 -> 0 -> 1
furious-puma-1:122455:122883 [0] NCCL INFO Ring 19 : 7 -> 0 -> 1
furious-puma-1:122455:122883 [0] NCCL INFO Ring 20 : 7 -> 0 -> 1
furious-puma-1:122455:122883 [0] NCCL INFO Ring 21 : 7 -> 0 -> 1
furious-puma-1:122455:122883 [0] NCCL INFO Ring 22 : 7 -> 0 -> 1
furious-puma-1:122455:122883 [0] NCCL INFO Ring 23 : 7 -> 0 -> 1
furious-puma-1:122455:122883 [0] NCCL INFO Trees [0] 1/-1/-1->0->-1 [1] 1/-1/-1->0->-1 [2] 1/-1/-1->0->-1 [3] 1/-1/-1->0->-1 [4] 1/-1/-1->0->-1 [5] 1/-1/-1->0->-1 [6] 1/-1/-1->0->-1 [7] 1/-1/-1->0->-1 [8] 1/-1/-1->0->-1 [9] 1/-1/-1->0->-1 [10] 1/-1/-1->0->-1 [11] 1/-1/-1->0->-1 [12] 1/-1/-1->0->-1 [13] 1/-1/-1->0->-1 [14] 1/-1/-1->0->-1 [15] 1/-1/-1->0->-1 [16] 1/-1/-1->0->-1 [17] 1/-1/-1->0->-1 [18] 1/-1/-1->0->-1 [19] 1/-1/-1->0->-1 [20] 1/-1/-1->0->-1 [21] 1/-1/-1->0->-1 [22] 1/-1/-1->0->-1 [23] 1/-1/-1->0->-1
furious-puma-1:122455:122883 [0] NCCL INFO P2P Chunksize set to 524288
furious-puma-1:122458:122884 [3] NCCL INFO PROFILER/Plugin: Could not find: libnccl-profiler.so. 
furious-puma-1:122455:122883 [0] NCCL INFO PROFILER/Plugin: Could not find: libnccl-profiler.so. 
furious-puma-1:122455:122883 [0] NCCL INFO Check P2P Type isAllDirectP2p 1 directMode 0
furious-puma-1:122455:123036 [0] NCCL INFO [Proxy Service] Device 0 CPU core 18
furious-puma-1:122458:123035 [3] NCCL INFO [Proxy Service] Device 3 CPU core 9
furious-puma-1:122458:123037 [3] NCCL INFO [Proxy Service UDS] Device 3 CPU core 19
furious-puma-1:122455:123038 [0] NCCL INFO [Proxy Service UDS] Device 0 CPU core 23
furious-puma-1:122461:123009 [6] NCCL INFO PROFILER/Plugin: Could not find: libnccl-profiler.so. 
furious-puma-1:122461:123039 [6] NCCL INFO [Proxy Service] Device 6 CPU core 94
furious-puma-1:122461:123040 [6] NCCL INFO [Proxy Service UDS] Device 6 CPU core 88
furious-puma-1:122457:122887 [2] NCCL INFO PROFILER/Plugin: Could not find: libnccl-profiler.so. 
furious-puma-1:122457:123042 [2] NCCL INFO [Proxy Service UDS] Device 2 CPU core 17
furious-puma-1:122457:123041 [2] NCCL INFO [Proxy Service] Device 2 CPU core 7
furious-puma-1:122459:122983 [4] NCCL INFO PROFILER/Plugin: Could not find: libnccl-profiler.so. 
furious-puma-1:122459:123044 [4] NCCL INFO [Proxy Service UDS] Device 4 CPU core 103
furious-puma-1:122459:123043 [4] NCCL INFO [Proxy Service] Device 4 CPU core 102
furious-puma-1:122456:122885 [1] NCCL INFO PROFILER/Plugin: Could not find: libnccl-profiler.so. 
furious-puma-1:122456:123045 [1] NCCL INFO [Proxy Service] Device 1 CPU core 26
furious-puma-1:122456:123046 [1] NCCL INFO [Proxy Service UDS] Device 1 CPU core 28
furious-puma-1:122462:122886 [7] NCCL INFO PROFILER/Plugin: Could not find: libnccl-profiler.so. 
furious-puma-1:122462:123047 [7] NCCL INFO [Proxy Service] Device 7 CPU core 113
furious-puma-1:122462:123048 [7] NCCL INFO [Proxy Service UDS] Device 7 CPU core 105
furious-puma-1:122460:123007 [5] NCCL INFO PROFILER/Plugin: Could not find: libnccl-profiler.so. 
furious-puma-1:122460:123049 [5] NCCL INFO [Proxy Service] Device 5 CPU core 104
furious-puma-1:122460:123050 [5] NCCL INFO [Proxy Service UDS] Device 5 CPU core 106
furious-puma-1:122457:122887 [2] NCCL INFO threadThresholds 8/8/64 | 64/8/64 | 512 | 512
furious-puma-1:122457:122887 [2] NCCL INFO 24 coll channels, 24 collnet channels, 16 nvls channels, 32 p2p channels, 32 p2p channels per peer
furious-puma-1:122459:122983 [4] NCCL INFO threadThresholds 8/8/64 | 64/8/64 | 512 | 512
furious-puma-1:122459:122983 [4] NCCL INFO 24 coll channels, 24 collnet channels, 16 nvls channels, 32 p2p channels, 32 p2p channels per peer
furious-puma-1:122460:123007 [5] NCCL INFO threadThresholds 8/8/64 | 64/8/64 | 512 | 512
furious-puma-1:122460:123007 [5] NCCL INFO 24 coll channels, 24 collnet channels, 16 nvls channels, 32 p2p channels, 32 p2p channels per peer
furious-puma-1:122461:123009 [6] NCCL INFO threadThresholds 8/8/64 | 64/8/64 | 512 | 512
furious-puma-1:122461:123009 [6] NCCL INFO 24 coll channels, 24 collnet channels, 16 nvls channels, 32 p2p channels, 32 p2p channels per peer
furious-puma-1:122455:122883 [0] NCCL INFO threadThresholds 8/8/64 | 64/8/64 | 512 | 512
furious-puma-1:122455:122883 [0] NCCL INFO 24 coll channels, 24 collnet channels, 16 nvls channels, 32 p2p channels, 32 p2p channels per peer
furious-puma-1:122458:122884 [3] NCCL INFO threadThresholds 8/8/64 | 64/8/64 | 512 | 512
furious-puma-1:122458:122884 [3] NCCL INFO 24 coll channels, 24 collnet channels, 16 nvls channels, 32 p2p channels, 32 p2p channels per peer
furious-puma-1:122456:122885 [1] NCCL INFO threadThresholds 8/8/64 | 64/8/64 | 512 | 512
furious-puma-1:122456:122885 [1] NCCL INFO 24 coll channels, 24 collnet channels, 16 nvls channels, 32 p2p channels, 32 p2p channels per peer
furious-puma-1:122462:122886 [7] NCCL INFO threadThresholds 8/8/64 | 64/8/64 | 512 | 512
furious-puma-1:122462:122886 [7] NCCL INFO 24 coll channels, 24 collnet channels, 16 nvls channels, 32 p2p channels, 32 p2p channels per peer
furious-puma-1:122455:122883 [0] NCCL INFO CC Off, workFifoBytes 1048576
furious-puma-1:122461:123009 [6] NCCL INFO TUNER/Plugin: Could not find: libnccl-tuner.so. Using internal tuner plugin.
furious-puma-1:122459:122983 [4] NCCL INFO TUNER/Plugin: Could not find: libnccl-tuner.so. Using internal tuner plugin.
furious-puma-1:122460:123007 [5] NCCL INFO TUNER/Plugin: Could not find: libnccl-tuner.so. Using internal tuner plugin.
furious-puma-1:122462:122886 [7] NCCL INFO TUNER/Plugin: Could not find: libnccl-tuner.so. Using internal tuner plugin.
furious-puma-1:122460:123007 [5] NCCL INFO ncclCommInitRankConfig comm 0x5fb59b10 rank 5 nranks 8 cudaDev 5 nvmlDev 5 busId cf000 commId 0x55e107ca0583e9c9 - Init COMPLETE
furious-puma-1:122459:122983 [4] NCCL INFO ncclCommInitRankConfig comm 0x3db32340 rank 4 nranks 8 cudaDev 4 nvmlDev 4 busId bf000 commId 0x55e107ca0583e9c9 - Init COMPLETE
furious-puma-1:122462:122886 [7] NCCL INFO ncclCommInitRankConfig comm 0x6b344560 rank 7 nranks 8 cudaDev 7 nvmlDev 7 busId ef000 commId 0x55e107ca0583e9c9 - Init COMPLETE
furious-puma-1:122461:123009 [6] NCCL INFO ncclCommInitRankConfig comm 0x553ea8c0 rank 6 nranks 8 cudaDev 6 nvmlDev 6 busId df000 commId 0x55e107ca0583e9c9 - Init COMPLETE
furious-puma-1:122459:122983 [4] NCCL INFO Init timings - ncclCommInitRankConfig: rank 4 nranks 8 total 2.82 (kernels 0.26, alloc 0.14, bootstrap 2.03, allgathers 0.00, topo 0.06, graphs 0.01, connections 0.29, rest 0.03)
furious-puma-1:122461:123009 [6] NCCL INFO Init timings - ncclCommInitRankConfig: rank 6 nranks 8 total 0.90 (kernels 0.35, alloc 0.14, bootstrap 0.02, allgathers 0.00, topo 0.06, graphs 0.01, connections 0.29, rest 0.02)
furious-puma-1:122460:123007 [5] NCCL INFO Init timings - ncclCommInitRankConfig: rank 5 nranks 8 total 1.09 (kernels 0.28, alloc 0.16, bootstrap 0.26, allgathers 0.01, topo 0.06, graphs 0.01, connections 0.29, rest 0.03)
furious-puma-1:122462:122886 [7] NCCL INFO Init timings - ncclCommInitRankConfig: rank 7 nranks 8 total 5.78 (kernels 0.38, alloc 0.48, bootstrap 4.53, allgathers 0.00, topo 0.06, graphs 0.01, connections 0.29, rest 0.03)
furious-puma-1:122455:122883 [0] NCCL INFO TUNER/Plugin: Could not find: libnccl-tuner.so. Using internal tuner plugin.
furious-puma-1:122455:122883 [0] NCCL INFO ncclCommInitRankConfig comm 0x4d7a5180 rank 0 nranks 8 cudaDev 0 nvmlDev 0 busId 7f000 commId 0x55e107ca0583e9c9 - Init COMPLETE
furious-puma-1:122456:122885 [1] NCCL INFO TUNER/Plugin: Could not find: libnccl-tuner.so. Using internal tuner plugin.
furious-puma-1:122458:122884 [3] NCCL INFO TUNER/Plugin: Could not find: libnccl-tuner.so. Using internal tuner plugin.
furious-puma-1:122457:122887 [2] NCCL INFO TUNER/Plugin: Could not find: libnccl-tuner.so. Using internal tuner plugin.
furious-puma-1:122456:122885 [1] NCCL INFO ncclCommInitRankConfig comm 0x446b8f30 rank 1 nranks 8 cudaDev 1 nvmlDev 1 busId 8f000 commId 0x55e107ca0583e9c9 - Init COMPLETE
furious-puma-1:122458:122884 [3] NCCL INFO ncclCommInitRankConfig comm 0x594d91d0 rank 3 nranks 8 cudaDev 3 nvmlDev 3 busId af000 commId 0x55e107ca0583e9c9 - Init COMPLETE
furious-puma-1:122457:122887 [2] NCCL INFO ncclCommInitRankConfig comm 0x54fac5c0 rank 2 nranks 8 cudaDev 2 nvmlDev 2 busId 9f000 commId 0x55e107ca0583e9c9 - Init COMPLETE
furious-puma-1:122455:122883 [0] NCCL INFO Init timings - ncclCommInitRankConfig: rank 0 nranks 8 total 5.78 (kernels 0.45, alloc 0.57, bootstrap 4.37, allgathers 0.01, topo 0.05, graphs 0.01, connections 0.29, rest 0.02)
furious-puma-1:122456:122885 [1] NCCL INFO Init timings - ncclCommInitRankConfig: rank 1 nranks 8 total 5.78 (kernels 0.44, alloc 0.55, bootstrap 4.41, allgathers 0.00, topo 0.06, graphs 0.01, connections 0.29, rest 0.03)
furious-puma-1:122458:122884 [3] NCCL INFO Init timings - ncclCommInitRankConfig: rank 3 nranks 8 total 5.78 (kernels 0.52, alloc 0.52, bootstrap 4.35, allgathers 0.01, topo 0.06, graphs 0.01, connections 0.29, rest 0.02)
furious-puma-1:122457:122887 [2] NCCL INFO Init timings - ncclCommInitRankConfig: rank 2 nranks 8 total 5.78 (kernels 0.44, alloc 0.57, bootstrap 4.38, allgathers 0.01, topo 0.05, graphs 0.01, connections 0.29, rest 0.03)
furious-puma-1:122459:123043 [4] NCCL INFO Allocated shareable buffer 0x7247faa00000 size 10485760 ipcDesc 0x7244b0008b80
furious-puma-1:122459:123043 [4] NCCL INFO Allocated shareable buffer 0x7247fb400000 size 10485760 ipcDesc 0x7244b000a620
furious-puma-1:122459:123043 [4] NCCL INFO Allocated shareable buffer 0x7247fc600000 size 10485760 ipcDesc 0x7244b000be60
furious-puma-1:122459:123043 [4] NCCL INFO Allocated shareable buffer 0x7247fd000000 size 10485760 ipcDesc 0x7244b000d900
furious-puma-1:122462:123047 [7] NCCL INFO Allocated shareable buffer 0x75040aa00000 size 10485760 ipcDesc 0x7500c0008b80
furious-puma-1:122459:123043 [4] NCCL INFO Allocated shareable buffer 0xa02000000 size 10485760 ipcDesc 0x7244b000f100
furious-puma-1:122460:123049 [5] NCCL INFO Allocated shareable buffer 0x70f160a00000 size 10485760 ipcDesc 0x70ee20008b80
furious-puma-1:122462:123047 [7] NCCL INFO Allocated shareable buffer 0x75040b400000 size 10485760 ipcDesc 0x7500c000a620
furious-puma-1:122455:123036 [0] NCCL INFO Allocated shareable buffer 0x7d16fea00000 size 10485760 ipcDesc 0x7d1510008c40
furious-puma-1:122459:123043 [4] NCCL INFO Allocated shareable buffer 0xa02a00000 size 10485760 ipcDesc 0x7244b0010db0
furious-puma-1:122460:123049 [5] NCCL INFO Allocated shareable buffer 0x70f161400000 size 10485760 ipcDesc 0x70ee2000a620
furious-puma-1:122456:123045 [1] NCCL INFO Allocated shareable buffer 0x79d658a00000 size 10485760 ipcDesc 0x79d318008b80
furious-puma-1:122460:123049 [5] NCCL INFO Allocated shareable buffer 0x70f162600000 size 10485760 ipcDesc 0x70ee2000be60
furious-puma-1:122460:123049 [5] NCCL INFO Allocated shareable buffer 0x70f163000000 size 10485760 ipcDesc 0x70ee2000d900
furious-puma-1:122457:123041 [2] NCCL INFO Allocated shareable buffer 0x792396a00000 size 10485760 ipcDesc 0x792044008b80
furious-puma-1:122457:123041 [2] NCCL INFO Allocated shareable buffer 0x792397400000 size 10485760 ipcDesc 0x79204400a620
furious-puma-1:122462:123047 [7] NCCL INFO Allocated shareable buffer 0x75040c600000 size 10485760 ipcDesc 0x7500c000be60
furious-puma-1:122460:123049 [5] NCCL INFO Allocated shareable buffer 0xa02000000 size 10485760 ipcDesc 0x70ee2000f100
furious-puma-1:122459:123043 [4] NCCL INFO Allocated shareable buffer 0xa03400000 size 10485760 ipcDesc 0x7244b00125b0
furious-puma-1:122456:123045 [1] NCCL INFO Allocated shareable buffer 0x79d659400000 size 10485760 ipcDesc 0x79d31800a620
furious-puma-1:122460:123049 [5] NCCL INFO Allocated shareable buffer 0xa02a00000 size 10485760 ipcDesc 0x70ee20010db0
furious-puma-1:122460:123049 [5] NCCL INFO Allocated shareable buffer 0xa03400000 size 10485760 ipcDesc 0x70ee200125b0
furious-puma-1:122457:123041 [2] NCCL INFO Allocated shareable buffer 0x792398600000 size 10485760 ipcDesc 0x79204400be60
furious-puma-1:122455:123036 [0] NCCL INFO Allocated shareable buffer 0x7d16ff400000 size 10485760 ipcDesc 0x7d151000a680
furious-puma-1:122458:123035 [3] NCCL INFO Allocated shareable buffer 0x7ad0aaa00000 size 10485760 ipcDesc 0x7acd60008b80
furious-puma-1:122460:123049 [5] NCCL INFO Allocated shareable buffer 0xa04000000 size 10485760 ipcDesc 0x70ee20013db0
furious-puma-1:122458:123035 [3] NCCL INFO Allocated shareable buffer 0x7ad0ab400000 size 10485760 ipcDesc 0x7acd6000a620
furious-puma-1:122461:123039 [6] NCCL INFO Allocated shareable buffer 0x79b0c6a00000 size 10485760 ipcDesc 0x79ad80008b80
furious-puma-1:122462:123047 [7] NCCL INFO Allocated shareable buffer 0x75040d000000 size 10485760 ipcDesc 0x7500c000d900
furious-puma-1:122460:123049 [5] NCCL INFO Allocated shareable buffer 0xa04a00000 size 10485760 ipcDesc 0x70ee20015a00
furious-puma-1:122459:123043 [4] NCCL INFO Allocated shareable buffer 0xa04000000 size 10485760 ipcDesc 0x7244b0013db0
furious-puma-1:122456:123045 [1] NCCL INFO Allocated shareable buffer 0x79d65a600000 size 10485760 ipcDesc 0x79d31800be60
furious-puma-1:122455:123036 [0] NCCL INFO Allocated shareable buffer 0x7d1700600000 size 10485760 ipcDesc 0x7d151000be80
furious-puma-1:122457:123041 [2] NCCL INFO Allocated shareable buffer 0x792399000000 size 10485760 ipcDesc 0x79204400d900
furious-puma-1:122460:123049 [5] NCCL INFO Allocated shareable buffer 0xa05400000 size 10485760 ipcDesc 0x70ee20017200
furious-puma-1:122462:123047 [7] NCCL INFO Allocated shareable buffer 0xa02000000 size 10485760 ipcDesc 0x7500c000f100
furious-puma-1:122462:123047 [7] NCCL INFO Allocated shareable buffer 0xa02a00000 size 10485760 ipcDesc 0x7500c0010db0
furious-puma-1:122458:123035 [3] NCCL INFO Allocated shareable buffer 0x7ad0ac600000 size 10485760 ipcDesc 0x7acd6000be60
furious-puma-1:122455:123036 [0] NCCL INFO Allocated shareable buffer 0x7d1701000000 size 10485760 ipcDesc 0x7d151000d900
furious-puma-1:122459:123043 [4] NCCL INFO Allocated shareable buffer 0xa04a00000 size 10485760 ipcDesc 0x7244b0015a00
furious-puma-1:122460:123049 [5] NCCL INFO Allocated shareable buffer 0xa06000000 size 10485760 ipcDesc 0x70ee20018a00
furious-puma-1:122456:123045 [1] NCCL INFO Allocated shareable buffer 0x79d65b000000 size 10485760 ipcDesc 0x79d31800d900
furious-puma-1:122461:123039 [6] NCCL INFO Allocated shareable buffer 0x79b0c7400000 size 10485760 ipcDesc 0x79ad8000a620
furious-puma-1:122461:123039 [6] NCCL INFO Allocated shareable buffer 0x79b0c8600000 size 10485760 ipcDesc 0x79ad8000be60
furious-puma-1:122460:123049 [5] NCCL INFO Allocated shareable buffer 0xa06a00000 size 10485760 ipcDesc 0x70ee2001a650
furious-puma-1:122462:123047 [7] NCCL INFO Allocated shareable buffer 0xa03400000 size 10485760 ipcDesc 0x7500c00125b0
furious-puma-1:122457:123041 [2] NCCL INFO Allocated shareable buffer 0xa02000000 size 10485760 ipcDesc 0x79204400f100
furious-puma-1:122458:123035 [3] NCCL INFO Allocated shareable buffer 0x7ad0ad000000 size 10485760 ipcDesc 0x7acd6000d900
furious-puma-1:122456:123045 [1] NCCL INFO Allocated shareable buffer 0xa02000000 size 10485760 ipcDesc 0x79d31800f100
furious-puma-1:122459:123043 [4] NCCL INFO Allocated shareable buffer 0xa05400000 size 10485760 ipcDesc 0x7244b0017200
furious-puma-1:122456:123045 [1] NCCL INFO Allocated shareable buffer 0xa02a00000 size 10485760 ipcDesc 0x79d318010db0
furious-puma-1:122461:123039 [6] NCCL INFO Allocated shareable buffer 0x79b0c9000000 size 10485760 ipcDesc 0x79ad8000d900
furious-puma-1:122455:123036 [0] NCCL INFO Allocated shareable buffer 0xa02000000 size 10485760 ipcDesc 0x7d151000f100
furious-puma-1:122457:123041 [2] NCCL INFO Allocated shareable buffer 0xa02a00000 size 10485760 ipcDesc 0x792044010db0
furious-puma-1:122458:123035 [3] NCCL INFO Allocated shareable buffer 0xa02000000 size 10485760 ipcDesc 0x7acd6000f100
furious-puma-1:122457:123041 [2] NCCL INFO Allocated shareable buffer 0xa03400000 size 10485760 ipcDesc 0x7920440125b0
furious-puma-1:122460:123049 [5] NCCL INFO Allocated shareable buffer 0xa07400000 size 10485760 ipcDesc 0x70ee2001be50
furious-puma-1:122457:123041 [2] NCCL INFO Allocated shareable buffer 0xa04000000 size 10485760 ipcDesc 0x792044013db0
furious-puma-1:122458:123035 [3] NCCL INFO Allocated shareable buffer 0xa02a00000 size 10485760 ipcDesc 0x7acd60010db0
furious-puma-1:122455:123036 [0] NCCL INFO Allocated shareable buffer 0xa02a00000 size 10485760 ipcDesc 0x7d1510010db0
furious-puma-1:122461:123039 [6] NCCL INFO Allocated shareable buffer 0xa02000000 size 10485760 ipcDesc 0x79ad8000f100
furious-puma-1:122456:123045 [1] NCCL INFO Allocated shareable buffer 0xa03400000 size 10485760 ipcDesc 0x79d3180125b0
furious-puma-1:122459:123043 [4] NCCL INFO Allocated shareable buffer 0xa06000000 size 10485760 ipcDesc 0x7244b0018a00
furious-puma-1:122459:123043 [4] NCCL INFO Allocated shareable buffer 0xa06a00000 size 10485760 ipcDesc 0x7244b001a650
furious-puma-1:122462:123047 [7] NCCL INFO Allocated shareable buffer 0xa04000000 size 10485760 ipcDesc 0x7500c0013db0
furious-puma-1:122461:123039 [6] NCCL INFO Allocated shareable buffer 0xa02a00000 size 10485760 ipcDesc 0x79ad80010db0
furious-puma-1:122458:123035 [3] NCCL INFO Allocated shareable buffer 0xa03400000 size 10485760 ipcDesc 0x7acd600125b0
furious-puma-1:122455:123036 [0] NCCL INFO Allocated shareable buffer 0xa03400000 size 10485760 ipcDesc 0x7d15100125b0
furious-puma-1:122456:123045 [1] NCCL INFO Allocated shareable buffer 0xa04000000 size 10485760 ipcDesc 0x79d318013db0
furious-puma-1:122460:123049 [5] NCCL INFO Allocated shareable buffer 0xa08000000 size 10485760 ipcDesc 0x70ee2001d650
furious-puma-1:122459:123043 [4] NCCL INFO Allocated shareable buffer 0xa07400000 size 10485760 ipcDesc 0x7244b001be50
furious-puma-1:122458:123035 [3] NCCL INFO Allocated shareable buffer 0xa04000000 size 10485760 ipcDesc 0x7acd60013db0
furious-puma-1:122457:123041 [2] NCCL INFO Allocated shareable buffer 0xa04a00000 size 10485760 ipcDesc 0x792044015a00
furious-puma-1:122455:123036 [0] NCCL INFO Allocated shareable buffer 0xa04000000 size 10485760 ipcDesc 0x7d1510013db0
furious-puma-1:122461:123039 [6] NCCL INFO Allocated shareable buffer 0xa03400000 size 10485760 ipcDesc 0x79ad800125b0
furious-puma-1:122460:123049 [5] NCCL INFO Allocated shareable buffer 0xa08a00000 size 10485760 ipcDesc 0x70ee2001f2a0
furious-puma-1:122462:123047 [7] NCCL INFO Allocated shareable buffer 0xa04a00000 size 10485760 ipcDesc 0x7500c0015a00
furious-puma-1:122459:123043 [4] NCCL INFO Allocated shareable buffer 0xa08000000 size 10485760 ipcDesc 0x7244b001d650
furious-puma-1:122458:123035 [3] NCCL INFO Allocated shareable buffer 0xa04a00000 size 10485760 ipcDesc 0x7acd60015a00
furious-puma-1:122459:123043 [4] NCCL INFO Allocated shareable buffer 0xa08a00000 size 10485760 ipcDesc 0x7244b001f2a0
furious-puma-1:122460:123049 [5] NCCL INFO Allocated shareable buffer 0xa09400000 size 10485760 ipcDesc 0x70ee20020aa0
furious-puma-1:122455:123036 [0] NCCL INFO Allocated shareable buffer 0xa04a00000 size 10485760 ipcDesc 0x7d1510015a00
furious-puma-1:122456:123045 [1] NCCL INFO Allocated shareable buffer 0xa04a00000 size 10485760 ipcDesc 0x79d318015a00
furious-puma-1:122462:123047 [7] NCCL INFO Allocated shareable buffer 0xa05400000 size 10485760 ipcDesc 0x7500c0017200
furious-puma-1:122457:123041 [2] NCCL INFO Allocated shareable buffer 0xa05400000 size 10485760 ipcDesc 0x792044017200
furious-puma-1:122461:123039 [6] NCCL INFO Allocated shareable buffer 0xa04000000 size 10485760 ipcDesc 0x79ad80013db0
furious-puma-1:122458:123035 [3] NCCL INFO Allocated shareable buffer 0xa05400000 size 10485760 ipcDesc 0x7acd60017200
furious-puma-1:122457:123041 [2] NCCL INFO Allocated shareable buffer 0xa06000000 size 10485760 ipcDesc 0x792044018a00
furious-puma-1:122456:123045 [1] NCCL INFO Allocated shareable buffer 0xa05400000 size 10485760 ipcDesc 0x79d318017200
furious-puma-1:122455:123036 [0] NCCL INFO Allocated shareable buffer 0xa05400000 size 10485760 ipcDesc 0x7d1510017200
furious-puma-1:122462:123047 [7] NCCL INFO Allocated shareable buffer 0xa06000000 size 10485760 ipcDesc 0x7500c0018a00
furious-puma-1:122462:123047 [7] NCCL INFO Allocated shareable buffer 0xa06a00000 size 10485760 ipcDesc 0x7500c001a650
furious-puma-1:122461:123039 [6] NCCL INFO Allocated shareable buffer 0xa04a00000 size 10485760 ipcDesc 0x79ad80015a00
furious-puma-1:122457:123041 [2] NCCL INFO Allocated shareable buffer 0xa06a00000 size 10485760 ipcDesc 0x79204401a650
furious-puma-1:122456:123045 [1] NCCL INFO Allocated shareable buffer 0xa06000000 size 10485760 ipcDesc 0x79d318018a00
furious-puma-1:122460:123049 [5] NCCL INFO Allocated shareable buffer 0xa0a000000 size 10485760 ipcDesc 0x70ee200222a0
furious-puma-1:122455:123036 [0] NCCL INFO Allocated shareable buffer 0xa06000000 size 10485760 ipcDesc 0x7d1510018a00
furious-puma-1:122459:123043 [4] NCCL INFO Allocated shareable buffer 0xa09400000 size 10485760 ipcDesc 0x7244b0020aa0
furious-puma-1:122455:123036 [0] NCCL INFO Allocated shareable buffer 0xa06a00000 size 10485760 ipcDesc 0x7d151001a600
furious-puma-1:122459:123043 [4] NCCL INFO Allocated shareable buffer 0xa0a000000 size 10485760 ipcDesc 0x7244b00222a0
furious-puma-1:122461:123039 [6] NCCL INFO Allocated shareable buffer 0xa05400000 size 10485760 ipcDesc 0x79ad80017200
furious-puma-1:122458:123035 [3] NCCL INFO Allocated shareable buffer 0xa06000000 size 10485760 ipcDesc 0x7acd60018a00
furious-puma-1:122460:123049 [5] NCCL INFO Allocated shareable buffer 0xa0aa00000 size 10485760 ipcDesc 0x70ee20023ef0
furious-puma-1:122462:123047 [7] NCCL INFO Allocated shareable buffer 0xa07400000 size 10485760 ipcDesc 0x7500c001be50
furious-puma-1:122455:123036 [0] NCCL INFO Allocated shareable buffer 0xa07400000 size 10485760 ipcDesc 0x7d151001be00
furious-puma-1:122461:123039 [6] NCCL INFO Allocated shareable buffer 0xa06000000 size 10485760 ipcDesc 0x79ad80018a00
furious-puma-1:122458:123035 [3] NCCL INFO Allocated shareable buffer 0xa06a00000 size 10485760 ipcDesc 0x7acd6001a650
furious-puma-1:122458:123035 [3] NCCL INFO Allocated shareable buffer 0xa07400000 size 10485760 ipcDesc 0x7acd6001be50
furious-puma-1:122457:123041 [2] NCCL INFO Allocated shareable buffer 0xa07400000 size 10485760 ipcDesc 0x79204401be50
furious-puma-1:122456:123045 [1] NCCL INFO Allocated shareable buffer 0xa06a00000 size 10485760 ipcDesc 0x79d31801a650
furious-puma-1:122461:123039 [6] NCCL INFO Allocated shareable buffer 0xa06a00000 size 10485760 ipcDesc 0x79ad8001a650
furious-puma-1:122455:123036 [0] NCCL INFO Allocated shareable buffer 0xa08000000 size 10485760 ipcDesc 0x7d151001d600
furious-puma-1:122460:123049 [5] NCCL INFO Allocated shareable buffer 0xa0b400000 size 10485760 ipcDesc 0x70ee200256f0
furious-puma-1:122459:123043 [4] NCCL INFO Allocated shareable buffer 0xa0aa00000 size 10485760 ipcDesc 0x7244b0023ef0
furious-puma-1:122459:123043 [4] NCCL INFO Allocated shareable buffer 0xa0b400000 size 10485760 ipcDesc 0x7244b00256f0
furious-puma-1:122456:123045 [1] NCCL INFO Allocated shareable buffer 0xa07400000 size 10485760 ipcDesc 0x79d31801be50
furious-puma-1:122458:123035 [3] NCCL INFO Allocated shareable buffer 0xa08000000 size 10485760 ipcDesc 0x7acd6001d650
furious-puma-1:122460:123049 [5] NCCL INFO Allocated shareable buffer 0xa0c000000 size 10485760 ipcDesc 0x70ee20026ef0
furious-puma-1:122455:123036 [0] NCCL INFO Allocated shareable buffer 0xa08a00000 size 10485760 ipcDesc 0x7d151001f250
furious-puma-1:122462:123047 [7] NCCL INFO Allocated shareable buffer 0xa08000000 size 10485760 ipcDesc 0x7500c001d650
furious-puma-1:122455:123036 [0] NCCL INFO Allocated shareable buffer 0xa09400000 size 10485760 ipcDesc 0x7d1510020a50
furious-puma-1:122457:123041 [2] NCCL INFO Allocated shareable buffer 0xa08000000 size 10485760 ipcDesc 0x79204401d650
furious-puma-1:122461:123039 [6] NCCL INFO Allocated shareable buffer 0xa07400000 size 10485760 ipcDesc 0x79ad8001be50
furious-puma-1:122460:123049 [5] NCCL INFO Allocated shareable buffer 0xa0ca00000 size 10485760 ipcDesc 0x70ee20028b40
furious-puma-1:122462:123047 [7] NCCL INFO Allocated shareable buffer 0xa08a00000 size 10485760 ipcDesc 0x7500c001f2a0
furious-puma-1:122460:123049 [5] NCCL INFO Allocated shareable buffer 0xa0d400000 size 10485760 ipcDesc 0x70ee2002a340
furious-puma-1:122455:123036 [0] NCCL INFO Allocated shareable buffer 0xa0a000000 size 10485760 ipcDesc 0x7d1510022250
furious-puma-1:122460:123049 [5] NCCL INFO Allocated shareable buffer 0xa0e000000 size 10485760 ipcDesc 0x70ee2002bb40
furious-puma-1:122458:123035 [3] NCCL INFO Allocated shareable buffer 0xa08a00000 size 10485760 ipcDesc 0x7acd6001f2a0
furious-puma-1:122456:123045 [1] NCCL INFO Allocated shareable buffer 0xa08000000 size 10485760 ipcDesc 0x79d31801d650
furious-puma-1:122459:123043 [4] NCCL INFO Allocated shareable buffer 0xa0c000000 size 10485760 ipcDesc 0x7244b0026ef0
furious-puma-1:122459:123043 [4] NCCL INFO Allocated shareable buffer 0xa0ca00000 size 10485760 ipcDesc 0x7244b0028b40
furious-puma-1:122457:123041 [2] NCCL INFO Allocated shareable buffer 0xa08a00000 size 10485760 ipcDesc 0x79204401f2a0
furious-puma-1:122458:123035 [3] NCCL INFO Allocated shareable buffer 0xa09400000 size 10485760 ipcDesc 0x7acd60020aa0
furious-puma-1:122461:123039 [6] NCCL INFO Allocated shareable buffer 0xa08000000 size 10485760 ipcDesc 0x79ad8001d650
furious-puma-1:122455:123036 [0] NCCL INFO Allocated shareable buffer 0xa0aa00000 size 10485760 ipcDesc 0x7d1510023ea0
furious-puma-1:122456:123045 [1] NCCL INFO Allocated shareable buffer 0xa08a00000 size 10485760 ipcDesc 0x79d31801f2a0
furious-puma-1:122459:123043 [4] NCCL INFO Allocated shareable buffer 0xa0d400000 size 10485760 ipcDesc 0x7244b002a340
furious-puma-1:122462:123047 [7] NCCL INFO Allocated shareable buffer 0xa09400000 size 10485760 ipcDesc 0x7500c0020aa0
furious-puma-1:122460:123049 [5] NCCL INFO Allocated shareable buffer 0xa0ea00000 size 10485760 ipcDesc 0x70ee2002d790
furious-puma-1:122460:123054 [5] NCCL INFO Channel 00/0 : 5[5] -> 6[6] via P2P/CUMEM
furious-puma-1:122457:123041 [2] NCCL INFO Allocated shareable buffer 0xa09400000 size 10485760 ipcDesc 0x792044020aa0
furious-puma-1:122461:123039 [6] NCCL INFO Allocated shareable buffer 0xa08a00000 size 10485760 ipcDesc 0x79ad8001f2a0
furious-puma-1:122460:123049 [5] NCCL INFO Allocated shareable buffer 0xa0f400000 size 2097152 ipcDesc 0x70ee2002ef90
furious-puma-1:122460:123054 [5] NCCL INFO Channel 01/0 : 5[5] -> 6[6] via P2P/CUMEM
furious-puma-1:122460:123049 [5] NCCL INFO Allocated shareable buffer 0xa0f600000 size 2097152 ipcDesc 0x70ee20030790
furious-puma-1:122460:123054 [5] NCCL INFO Channel 02/0 : 5[5] -> 6[6] via P2P/CUMEM
furious-puma-1:122455:123036 [0] NCCL INFO Allocated shareable buffer 0xa0b400000 size 10485760 ipcDesc 0x7d15100256a0
furious-puma-1:122456:123045 [1] NCCL INFO Allocated shareable buffer 0xa09400000 size 10485760 ipcDesc 0x79d318020aa0
furious-puma-1:122459:123043 [4] NCCL INFO Allocated shareable buffer 0xa0e000000 size 10485760 ipcDesc 0x7244b002bb40
furious-puma-1:122456:123045 [1] NCCL INFO Allocated shareable buffer 0xa0a000000 size 10485760 ipcDesc 0x79d3180222a0
furious-puma-1:122457:123041 [2] NCCL INFO Allocated shareable buffer 0xa0a000000 size 10485760 ipcDesc 0x7920440222a0
furious-puma-1:122456:123045 [1] NCCL INFO Allocated shareable buffer 0xa0aa00000 size 10485760 ipcDesc 0x79d318023ef0
furious-puma-1:122458:123035 [3] NCCL INFO Allocated shareable buffer 0xa0a000000 size 10485760 ipcDesc 0x7acd600222a0
furious-puma-1:122461:123039 [6] NCCL INFO Allocated shareable buffer 0xa09400000 size 10485760 ipcDesc 0x79ad80020aa0
furious-puma-1:122462:123047 [7] NCCL INFO Allocated shareable buffer 0xa0a000000 size 10485760 ipcDesc 0x7500c00222a0
furious-puma-1:122461:123039 [6] NCCL INFO Allocated shareable buffer 0xa0a000000 size 10485760 ipcDesc 0x79ad800222a0
furious-puma-1:122461:123039 [6] NCCL INFO Allocated shareable buffer 0xa0aa00000 size 10485760 ipcDesc 0x79ad80023ef0
furious-puma-1:122455:123036 [0] NCCL INFO Allocated shareable buffer 0xa0c000000 size 10485760 ipcDesc 0x7d1510026ea0
furious-puma-1:122457:123041 [2] NCCL INFO Allocated shareable buffer 0xa0aa00000 size 10485760 ipcDesc 0x792044023ef0
furious-puma-1:122460:123049 [5] NCCL INFO Allocated shareable buffer 0xa0f800000 size 2097152 ipcDesc 0x70ee20031f90
furious-puma-1:122460:123054 [5] NCCL INFO Channel 03/0 : 5[5] -> 6[6] via P2P/CUMEM
furious-puma-1:122462:123047 [7] NCCL INFO Allocated shareable buffer 0xa0aa00000 size 10485760 ipcDesc 0x7500c0023ef0
furious-puma-1:122459:123043 [4] NCCL INFO Allocated shareable buffer 0xa0ea00000 size 10485760 ipcDesc 0x7244b002d790
furious-puma-1:122459:123052 [4] NCCL INFO Channel 00/0 : 4[4] -> 5[5] via P2P/CUMEM
furious-puma-1:122456:123045 [1] NCCL INFO Allocated shareable buffer 0xa0b400000 size 10485760 ipcDesc 0x79d3180256f0
furious-puma-1:122458:123035 [3] NCCL INFO Allocated shareable buffer 0xa0aa00000 size 10485760 ipcDesc 0x7acd60023ef0
furious-puma-1:122461:123039 [6] NCCL INFO Allocated shareable buffer 0xa0b400000 size 10485760 ipcDesc 0x79ad800256f0
furious-puma-1:122460:123049 [5] NCCL INFO Allocated shareable buffer 0xa0fa00000 size 2097152 ipcDesc 0x70ee20033790
furious-puma-1:122460:123054 [5] NCCL INFO Channel 04/0 : 5[5] -> 6[6] via P2P/CUMEM
furious-puma-1:122462:123047 [7] NCCL INFO Allocated shareable buffer 0xa0b400000 size 10485760 ipcDesc 0x7500c00256f0
furious-puma-1:122459:123043 [4] NCCL INFO Allocated shareable buffer 0xa0f400000 size 2097152 ipcDesc 0x7244b002ef90
furious-puma-1:122459:123052 [4] NCCL INFO Channel 01/0 : 4[4] -> 5[5] via P2P/CUMEM
furious-puma-1:122462:123047 [7] NCCL INFO Allocated shareable buffer 0xa0c000000 size 10485760 ipcDesc 0x7500c0026ef0
furious-puma-1:122457:123041 [2] NCCL INFO Allocated shareable buffer 0xa0b400000 size 10485760 ipcDesc 0x7920440256f0
furious-puma-1:122455:123036 [0] NCCL INFO Allocated shareable buffer 0xa0ca00000 size 10485760 ipcDesc 0x7d1510028af0
furious-puma-1:122460:123049 [5] NCCL INFO Allocated shareable buffer 0xa0fc00000 size 2097152 ipcDesc 0x70ee20034f90
furious-puma-1:122460:123054 [5] NCCL INFO Channel 05/0 : 5[5] -> 6[6] via P2P/CUMEM
furious-puma-1:122460:123049 [5] NCCL INFO Allocated shareable buffer 0xa0fe00000 size 2097152 ipcDesc 0x70ee20036790
furious-puma-1:122460:123054 [5] NCCL INFO Channel 06/0 : 5[5] -> 6[6] via P2P/CUMEM
furious-puma-1:122458:123035 [3] NCCL INFO Allocated shareable buffer 0xa0b400000 size 10485760 ipcDesc 0x7acd600256f0
furious-puma-1:122461:123039 [6] NCCL INFO Allocated shareable buffer 0xa0c000000 size 10485760 ipcDesc 0x79ad80026ef0
furious-puma-1:122455:123036 [0] NCCL INFO Allocated shareable buffer 0xa0d400000 size 10485760 ipcDesc 0x7d151002a2f0
furious-puma-1:122459:123043 [4] NCCL INFO Allocated shareable buffer 0xa0f600000 size 2097152 ipcDesc 0x7244b0030790
furious-puma-1:122459:123052 [4] NCCL INFO Channel 02/0 : 4[4] -> 5[5] via P2P/CUMEM
furious-puma-1:122461:123039 [6] NCCL INFO Allocated shareable buffer 0xa0ca00000 size 10485760 ipcDesc 0x79ad80028b40
furious-puma-1:122455:123036 [0] NCCL INFO Allocated shareable buffer 0xa0e000000 size 10485760 ipcDesc 0x7d151002baf0
furious-puma-1:122462:123047 [7] NCCL INFO Allocated shareable buffer 0xa0ca00000 size 10485760 ipcDesc 0x7500c0028b40
furious-puma-1:122456:123045 [1] NCCL INFO Allocated shareable buffer 0xa0c000000 size 10485760 ipcDesc 0x79d318026ef0
furious-puma-1:122456:123045 [1] NCCL INFO Allocated shareable buffer 0xa0ca00000 size 10485760 ipcDesc 0x79d318028b40
furious-puma-1:122457:123041 [2] NCCL INFO Allocated shareable buffer 0xa0c000000 size 10485760 ipcDesc 0x792044026ef0
furious-puma-1:122461:123039 [6] NCCL INFO Allocated shareable buffer 0xa0d400000 size 10485760 ipcDesc 0x79ad8002a340
furious-puma-1:122458:123035 [3] NCCL INFO Allocated shareable buffer 0xa0c000000 size 10485760 ipcDesc 0x7acd60026ef0
furious-puma-1:122460:123049 [5] NCCL INFO Allocated shareable buffer 0xa0de00000 size 2097152 ipcDesc 0x70ee20037ef0
furious-puma-1:122460:123054 [5] NCCL INFO Channel 07/0 : 5[5] -> 6[6] via P2P/CUMEM
furious-puma-1:122456:123045 [1] NCCL INFO Allocated shareable buffer 0xa0d400000 size 10485760 ipcDesc 0x79d31802a340
furious-puma-1:122462:123047 [7] NCCL INFO Allocated shareable buffer 0xa0d400000 size 10485760 ipcDesc 0x7500c002a340
furious-puma-1:122459:123043 [4] NCCL INFO Allocated shareable buffer 0xa0f800000 size 2097152 ipcDesc 0x7244b0031f90
furious-puma-1:122459:123052 [4] NCCL INFO Channel 03/0 : 4[4] -> 5[5] via P2P/CUMEM
furious-puma-1:122461:123039 [6] NCCL INFO Allocated shareable buffer 0xa0e000000 size 10485760 ipcDesc 0x79ad8002bb40
furious-puma-1:122461:123039 [6] NCCL INFO Allocated shareable buffer 0xa0ea00000 size 10485760 ipcDesc 0x79ad8002d790
furious-puma-1:122461:123060 [6] NCCL INFO Channel 00/0 : 6[6] -> 7[7] via P2P/CUMEM
furious-puma-1:122455:123036 [0] NCCL INFO Allocated shareable buffer 0xa0ea00000 size 10485760 ipcDesc 0x7d151002d740
furious-puma-1:122455:123058 [0] NCCL INFO Channel 00/0 : 0[0] -> 1[1] via P2P/CUMEM
furious-puma-1:122459:123043 [4] NCCL INFO Allocated shareable buffer 0xa0fa00000 size 2097152 ipcDesc 0x7244b0033790
furious-puma-1:122461:123039 [6] NCCL INFO Allocated shareable buffer 0xa0f400000 size 2097152 ipcDesc 0x79ad8002ef90
furious-puma-1:122459:123052 [4] NCCL INFO Channel 04/0 : 4[4] -> 5[5] via P2P/CUMEM
furious-puma-1:122461:123060 [6] NCCL INFO Channel 01/0 : 6[6] -> 7[7] via P2P/CUMEM
furious-puma-1:122457:123041 [2] NCCL INFO Allocated shareable buffer 0xa0ca00000 size 10485760 ipcDesc 0x792044028b40
furious-puma-1:122458:123035 [3] NCCL INFO Allocated shareable buffer 0xa0ca00000 size 10485760 ipcDesc 0x7acd60028b40
furious-puma-1:122460:123049 [5] NCCL INFO Allocated shareable buffer 0xa0be00000 size 2097152 ipcDesc 0x70ee200393d0
furious-puma-1:122460:123054 [5] NCCL INFO Channel 08/0 : 5[5] -> 6[6] via P2P/CUMEM
furious-puma-1:122455:123036 [0] NCCL INFO Allocated shareable buffer 0xa0f400000 size 2097152 ipcDesc 0x7d151002ef40
furious-puma-1:122455:123058 [0] NCCL INFO Channel 01/0 : 0[0] -> 1[1] via P2P/CUMEM
furious-puma-1:122456:123045 [1] NCCL INFO Allocated shareable buffer 0xa0e000000 size 10485760 ipcDesc 0x79d31802bb40
furious-puma-1:122462:123047 [7] NCCL INFO Allocated shareable buffer 0xa0e000000 size 10485760 ipcDesc 0x7500c002bb40
furious-puma-1:122458:123035 [3] NCCL INFO Allocated shareable buffer 0xa0d400000 size 10485760 ipcDesc 0x7acd6002a340
furious-puma-1:122461:123039 [6] NCCL INFO Allocated shareable buffer 0xa0f600000 size 2097152 ipcDesc 0x79ad80030790
furious-puma-1:122461:123060 [6] NCCL INFO Channel 02/0 : 6[6] -> 7[7] via P2P/CUMEM
furious-puma-1:122455:123036 [0] NCCL INFO Allocated shareable buffer 0xa0f600000 size 2097152 ipcDesc 0x7d1510030740
furious-puma-1:122455:123058 [0] NCCL INFO Channel 02/0 : 0[0] -> 1[1] via P2P/CUMEM
furious-puma-1:122456:123045 [1] NCCL INFO Allocated shareable buffer 0xa0ea00000 size 10485760 ipcDesc 0x79d31802d790
furious-puma-1:122456:123055 [1] NCCL INFO Channel 00/0 : 1[1] -> 2[2] via P2P/CUMEM
furious-puma-1:122462:123047 [7] NCCL INFO Allocated shareable buffer 0xa0ea00000 size 10485760 ipcDesc 0x7500c002d790
furious-puma-1:122462:123056 [7] NCCL INFO Channel 00/0 : 7[7] -> 0[0] via P2P/CUMEM
furious-puma-1:122459:123043 [4] NCCL INFO Allocated shareable buffer 0xa0fc00000 size 2097152 ipcDesc 0x7244b0034f90
furious-puma-1:122459:123052 [4] NCCL INFO Channel 05/0 : 4[4] -> 5[5] via P2P/CUMEM
furious-puma-1:122457:123041 [2] NCCL INFO Allocated shareable buffer 0xa0d400000 size 10485760 ipcDesc 0x79204402a340
furious-puma-1:122458:123035 [3] NCCL INFO Allocated shareable buffer 0xa0e000000 size 10485760 ipcDesc 0x7acd6002bb40
furious-puma-1:122459:123043 [4] NCCL INFO Allocated shareable buffer 0xa0fe00000 size 2097152 ipcDesc 0x7244b0036790
furious-puma-1:122459:123052 [4] NCCL INFO Channel 06/0 : 4[4] -> 5[5] via P2P/CUMEM
furious-puma-1:122456:123045 [1] NCCL INFO Allocated shareable buffer 0xa0f400000 size 2097152 ipcDesc 0x79d31802ef90
furious-puma-1:122456:123055 [1] NCCL INFO Channel 01/0 : 1[1] -> 2[2] via P2P/CUMEM
furious-puma-1:122460:123049 [5] NCCL INFO Allocated shareable buffer 0xa09e00000 size 2097152 ipcDesc 0x70ee2003a8b0
furious-puma-1:122460:123054 [5] NCCL INFO Channel 09/0 : 5[5] -> 6[6] via P2P/CUMEM
furious-puma-1:122462:123047 [7] NCCL INFO Allocated shareable buffer 0xa0f400000 size 2097152 ipcDesc 0x7500c002ef90
furious-puma-1:122462:123056 [7] NCCL INFO Channel 01/0 : 7[7] -> 0[0] via P2P/CUMEM
furious-puma-1:122462:123047 [7] NCCL INFO Allocated shareable buffer 0xa0f600000 size 2097152 ipcDesc 0x7500c0030790
furious-puma-1:122462:123056 [7] NCCL INFO Channel 02/0 : 7[7] -> 0[0] via P2P/CUMEM
furious-puma-1:122461:123039 [6] NCCL INFO Allocated shareable buffer 0xa0f800000 size 2097152 ipcDesc 0x79ad80031f90
furious-puma-1:122461:123060 [6] NCCL INFO Channel 03/0 : 6[6] -> 7[7] via P2P/CUMEM
furious-puma-1:122458:123035 [3] NCCL INFO Allocated shareable buffer 0xa0ea00000 size 10485760 ipcDesc 0x7acd6002d790
furious-puma-1:122458:123059 [3] NCCL INFO Channel 00/0 : 3[3] -> 4[4] via P2P/CUMEM
furious-puma-1:122460:123049 [5] NCCL INFO Allocated shareable buffer 0xa07e00000 size 2097152 ipcDesc 0x70ee2003bd90
furious-puma-1:122460:123054 [5] NCCL INFO Channel 10/0 : 5[5] -> 6[6] via P2P/CUMEM
furious-puma-1:122456:123045 [1] NCCL INFO Allocated shareable buffer 0xa0f600000 size 2097152 ipcDesc 0x79d318030790
furious-puma-1:122456:123055 [1] NCCL INFO Channel 02/0 : 1[1] -> 2[2] via P2P/CUMEM
furious-puma-1:122455:123036 [0] NCCL INFO Allocated shareable buffer 0xa0f800000 size 2097152 ipcDesc 0x7d1510031f40
furious-puma-1:122455:123058 [0] NCCL INFO Channel 03/0 : 0[0] -> 1[1] via P2P/CUMEM
furious-puma-1:122459:123043 [4] NCCL INFO Allocated shareable buffer 0xa0de00000 size 2097152 ipcDesc 0x7244b0037ef0
furious-puma-1:122459:123052 [4] NCCL INFO Channel 07/0 : 4[4] -> 5[5] via P2P/CUMEM
furious-puma-1:122456:123045 [1] NCCL INFO Allocated shareable buffer 0xa0f800000 size 2097152 ipcDesc 0x79d318031f90
furious-puma-1:122456:123055 [1] NCCL INFO Channel 03/0 : 1[1] -> 2[2] via P2P/CUMEM
furious-puma-1:122461:123039 [6] NCCL INFO Allocated shareable buffer 0xa0fa00000 size 2097152 ipcDesc 0x79ad80033790
furious-puma-1:122461:123060 [6] NCCL INFO Channel 04/0 : 6[6] -> 7[7] via P2P/CUMEM
furious-puma-1:122457:123041 [2] NCCL INFO Allocated shareable buffer 0xa0e000000 size 10485760 ipcDesc 0x79204402bb40
furious-puma-1:122458:123035 [3] NCCL INFO Allocated shareable buffer 0xa0f400000 size 2097152 ipcDesc 0x7acd6002ef90
furious-puma-1:122458:123059 [3] NCCL INFO Channel 01/0 : 3[3] -> 4[4] via P2P/CUMEM
furious-puma-1:122456:123045 [1] NCCL INFO Allocated shareable buffer 0xa0fa00000 size 2097152 ipcDesc 0x79d318033790
furious-puma-1:122456:123055 [1] NCCL INFO Channel 04/0 : 1[1] -> 2[2] via P2P/CUMEM
furious-puma-1:122456:123045 [1] NCCL INFO Allocated shareable buffer 0xa0fc00000 size 2097152 ipcDesc 0x79d318034f90
furious-puma-1:122456:123055 [1] NCCL INFO Channel 05/0 : 1[1] -> 2[2] via P2P/CUMEM
furious-puma-1:122455:123036 [0] NCCL INFO Allocated shareable buffer 0xa0fa00000 size 2097152 ipcDesc 0x7d1510033740
furious-puma-1:122455:123058 [0] NCCL INFO Channel 04/0 : 0[0] -> 1[1] via P2P/CUMEM
furious-puma-1:122456:123045 [1] NCCL INFO Allocated shareable buffer 0xa0fe00000 size 2097152 ipcDesc 0x79d318036790
furious-puma-1:122456:123055 [1] NCCL INFO Channel 06/0 : 1[1] -> 2[2] via P2P/CUMEM
furious-puma-1:122461:123039 [6] NCCL INFO Allocated shareable buffer 0xa0fc00000 size 2097152 ipcDesc 0x79ad80034f90
furious-puma-1:122461:123060 [6] NCCL INFO Channel 05/0 : 6[6] -> 7[7] via P2P/CUMEM
furious-puma-1:122457:123041 [2] NCCL INFO Allocated shareable buffer 0xa0ea00000 size 10485760 ipcDesc 0x79204402d750
furious-puma-1:122458:123035 [3] NCCL INFO Allocated shareable buffer 0xa0f600000 size 2097152 ipcDesc 0x7acd60030790
furious-puma-1:122457:123057 [2] NCCL INFO Channel 00/0 : 2[2] -> 3[3] via P2P/CUMEM
furious-puma-1:122458:123059 [3] NCCL INFO Channel 02/0 : 3[3] -> 4[4] via P2P/CUMEM
furious-puma-1:122460:123049 [5] NCCL INFO Allocated shareable buffer 0xa05e00000 size 2097152 ipcDesc 0x70ee2003d270
furious-puma-1:122460:123054 [5] NCCL INFO Channel 11/0 : 5[5] -> 6[6] via P2P/CUMEM
furious-puma-1:122462:123047 [7] NCCL INFO Allocated shareable buffer 0xa0f800000 size 2097152 ipcDesc 0x7500c0031f90
furious-puma-1:122462:123056 [7] NCCL INFO Channel 03/0 : 7[7] -> 0[0] via P2P/CUMEM
furious-puma-1:122459:123043 [4] NCCL INFO Allocated shareable buffer 0xa0be00000 size 2097152 ipcDesc 0x7244b00393d0
furious-puma-1:122459:123052 [4] NCCL INFO Channel 08/0 : 4[4] -> 5[5] via P2P/CUMEM
furious-puma-1:122456:123045 [1] NCCL INFO Allocated shareable buffer 0xa0de00000 size 2097152 ipcDesc 0x79d318037ef0
furious-puma-1:122456:123055 [1] NCCL INFO Channel 07/0 : 1[1] -> 2[2] via P2P/CUMEM
furious-puma-1:122456:123045 [1] NCCL INFO Allocated shareable buffer 0xa0be00000 size 2097152 ipcDesc 0x79d3180393d0
furious-puma-1:122456:123055 [1] NCCL INFO Channel 08/0 : 1[1] -> 2[2] via P2P/CUMEM
furious-puma-1:122461:123039 [6] NCCL INFO Allocated shareable buffer 0xa0fe00000 size 2097152 ipcDesc 0x79ad80036790
furious-puma-1:122461:123060 [6] NCCL INFO Channel 06/0 : 6[6] -> 7[7] via P2P/CUMEM
furious-puma-1:122455:123036 [0] NCCL INFO Allocated shareable buffer 0xa0fc00000 size 2097152 ipcDesc 0x7d1510034f40
furious-puma-1:122457:123041 [2] NCCL INFO Allocated shareable buffer 0xa0f400000 size 2097152 ipcDesc 0x79204402ef50
furious-puma-1:122455:123058 [0] NCCL INFO Channel 05/0 : 0[0] -> 1[1] via P2P/CUMEM
furious-puma-1:122457:123057 [2] NCCL INFO Channel 01/0 : 2[2] -> 3[3] via P2P/CUMEM
furious-puma-1:122458:123035 [3] NCCL INFO Allocated shareable buffer 0xa0f800000 size 2097152 ipcDesc 0x7acd60031f90
furious-puma-1:122458:123059 [3] NCCL INFO Channel 03/0 : 3[3] -> 4[4] via P2P/CUMEM
furious-puma-1:122462:123047 [7] NCCL INFO Allocated shareable buffer 0xa0fa00000 size 2097152 ipcDesc 0x7500c0033790
furious-puma-1:122462:123056 [7] NCCL INFO Channel 04/0 : 7[7] -> 0[0] via P2P/CUMEM
furious-puma-1:122456:123045 [1] NCCL INFO Allocated shareable buffer 0xa09e00000 size 2097152 ipcDesc 0x79d31803a8b0
furious-puma-1:122456:123055 [1] NCCL INFO Channel 09/0 : 1[1] -> 2[2] via P2P/CUMEM
furious-puma-1:122459:123043 [4] NCCL INFO Allocated shareable buffer 0xa09e00000 size 2097152 ipcDesc 0x7244b003a8b0
furious-puma-1:122459:123052 [4] NCCL INFO Channel 09/0 : 4[4] -> 5[5] via P2P/CUMEM
furious-puma-1:122460:123049 [5] NCCL INFO Allocated shareable buffer 0xa03e00000 size 2097152 ipcDesc 0x70ee2003e750
furious-puma-1:122460:123054 [5] NCCL INFO Channel 12/0 : 5[5] -> 6[6] via P2P/CUMEM
furious-puma-1:122460:123049 [5] NCCL INFO Allocated shareable buffer 0x70f161e00000 size 2097152 ipcDesc 0x70ee2003fc30
furious-puma-1:122460:123054 [5] NCCL INFO Channel 13/0 : 5[5] -> 6[6] via P2P/CUMEM
furious-puma-1:122458:123035 [3] NCCL INFO Allocated shareable buffer 0xa0fa00000 size 2097152 ipcDesc 0x7acd60033790
furious-puma-1:122458:123059 [3] NCCL INFO Channel 04/0 : 3[3] -> 4[4] via P2P/CUMEM
furious-puma-1:122457:123041 [2] NCCL INFO Allocated shareable buffer 0xa0f600000 size 2097152 ipcDesc 0x792044030750
furious-puma-1:122457:123057 [2] NCCL INFO Channel 02/0 : 2[2] -> 3[3] via P2P/CUMEM
furious-puma-1:122461:123039 [6] NCCL INFO Allocated shareable buffer 0xa0de00000 size 2097152 ipcDesc 0x79ad80037ef0
furious-puma-1:122461:123060 [6] NCCL INFO Channel 07/0 : 6[6] -> 7[7] via P2P/CUMEM
furious-puma-1:122455:123036 [0] NCCL INFO Allocated shareable buffer 0xa0fe00000 size 2097152 ipcDesc 0x7d1510036740
furious-puma-1:122455:123058 [0] NCCL INFO Channel 06/0 : 0[0] -> 1[1] via P2P/CUMEM
furious-puma-1:122459:123043 [4] NCCL INFO Allocated shareable buffer 0xa07e00000 size 2097152 ipcDesc 0x7244b003bd90
furious-puma-1:122459:123052 [4] NCCL INFO Channel 10/0 : 4[4] -> 5[5] via P2P/CUMEM
furious-puma-1:122461:123039 [6] NCCL INFO Allocated shareable buffer 0xa0be00000 size 2097152 ipcDesc 0x79ad800393d0
furious-puma-1:122461:123060 [6] NCCL INFO Channel 08/0 : 6[6] -> 7[7] via P2P/CUMEM
furious-puma-1:122455:123036 [0] NCCL INFO Allocated shareable buffer 0xa0de00000 size 2097152 ipcDesc 0x7d1510037ea0
furious-puma-1:122455:123058 [0] NCCL INFO Channel 07/0 : 0[0] -> 1[1] via P2P/CUMEM
furious-puma-1:122460:123049 [5] NCCL INFO Allocated shareable buffer 0x70f163a00000 size 2097152 ipcDesc 0x70ee200412f0
furious-puma-1:122460:123054 [5] NCCL INFO Channel 14/0 : 5[5] -> 6[6] via P2P/CUMEM
furious-puma-1:122462:123047 [7] NCCL INFO Allocated shareable buffer 0xa0fc00000 size 2097152 ipcDesc 0x7500c0034f90
furious-puma-1:122462:123056 [7] NCCL INFO Channel 05/0 : 7[7] -> 0[0] via P2P/CUMEM
furious-puma-1:122458:123035 [3] NCCL INFO Allocated shareable buffer 0xa0fc00000 size 2097152 ipcDesc 0x7acd60034f90
furious-puma-1:122458:123059 [3] NCCL INFO Channel 05/0 : 3[3] -> 4[4] via P2P/CUMEM
furious-puma-1:122457:123041 [2] NCCL INFO Allocated shareable buffer 0xa0f800000 size 2097152 ipcDesc 0x792044031f50
furious-puma-1:122457:123057 [2] NCCL INFO Channel 03/0 : 2[2] -> 3[3] via P2P/CUMEM
furious-puma-1:122458:123035 [3] NCCL INFO Allocated shareable buffer 0xa0fe00000 size 2097152 ipcDesc 0x7acd60036790
furious-puma-1:122458:123059 [3] NCCL INFO Channel 06/0 : 3[3] -> 4[4] via P2P/CUMEM
furious-puma-1:122457:123041 [2] NCCL INFO Allocated shareable buffer 0xa0fa00000 size 2097152 ipcDesc 0x792044033750
furious-puma-1:122457:123057 [2] NCCL INFO Channel 04/0 : 2[2] -> 3[3] via P2P/CUMEM
furious-puma-1:122461:123039 [6] NCCL INFO Allocated shareable buffer 0xa09e00000 size 2097152 ipcDesc 0x79ad8003a8b0
furious-puma-1:122461:123060 [6] NCCL INFO Channel 09/0 : 6[6] -> 7[7] via P2P/CUMEM
furious-puma-1:122456:123045 [1] NCCL INFO Allocated shareable buffer 0xa07e00000 size 2097152 ipcDesc 0x79d31803bd90
furious-puma-1:122456:123055 [1] NCCL INFO Channel 10/0 : 1[1] -> 2[2] via P2P/CUMEM
furious-puma-1:122462:123047 [7] NCCL INFO Allocated shareable buffer 0xa0fe00000 size 2097152 ipcDesc 0x7500c0036790
furious-puma-1:122462:123056 [7] NCCL INFO Channel 06/0 : 7[7] -> 0[0] via P2P/CUMEM
furious-puma-1:122459:123043 [4] NCCL INFO Allocated shareable buffer 0xa05e00000 size 2097152 ipcDesc 0x7244b003d270
furious-puma-1:122459:123052 [4] NCCL INFO Channel 11/0 : 4[4] -> 5[5] via P2P/CUMEM
furious-puma-1:122455:123036 [0] NCCL INFO Allocated shareable buffer 0xa0be00000 size 2097152 ipcDesc 0x7d1510039380
furious-puma-1:122455:123058 [0] NCCL INFO Channel 08/0 : 0[0] -> 1[1] via P2P/CUMEM
furious-puma-1:122460:123049 [5] NCCL INFO Allocated shareable buffer 0x70f163c00000 size 2097152 ipcDesc 0x70ee20042af0
furious-puma-1:122460:123054 [5] NCCL INFO Channel 15/0 : 5[5] -> 6[6] via P2P/CUMEM
furious-puma-1:122460:123049 [5] NCCL INFO Allocated shareable buffer 0x70f163e00000 size 2097152 ipcDesc 0x70ee200442f0
furious-puma-1:122460:123054 [5] NCCL INFO Channel 16/0 : 5[5] -> 6[6] via P2P/CUMEM
furious-puma-1:122458:123035 [3] NCCL INFO Allocated shareable buffer 0xa0de00000 size 2097152 ipcDesc 0x7acd60037ef0
furious-puma-1:122458:123059 [3] NCCL INFO Channel 07/0 : 3[3] -> 4[4] via P2P/CUMEM
furious-puma-1:122461:123039 [6] NCCL INFO Allocated shareable buffer 0xa07e00000 size 2097152 ipcDesc 0x79ad8003bd90
furious-puma-1:122461:123060 [6] NCCL INFO Channel 10/0 : 6[6] -> 7[7] via P2P/CUMEM
furious-puma-1:122457:123041 [2] NCCL INFO Allocated shareable buffer 0xa0fc00000 size 2097152 ipcDesc 0x792044034f50
furious-puma-1:122457:123057 [2] NCCL INFO Channel 05/0 : 2[2] -> 3[3] via P2P/CUMEM
furious-puma-1:122455:123036 [0] NCCL INFO Allocated shareable buffer 0xa09e00000 size 2097152 ipcDesc 0x7d151003a860
furious-puma-1:122455:123058 [0] NCCL INFO Channel 09/0 : 0[0] -> 1[1] via P2P/CUMEM
furious-puma-1:122460:123049 [5] NCCL INFO Allocated shareable buffer 0x70f165e00000 size 2097152 ipcDesc 0x70ee200459b0
furious-puma-1:122460:123054 [5] NCCL INFO Channel 17/0 : 5[5] -> 6[6] via P2P/CUMEM
furious-puma-1:122456:123045 [1] NCCL INFO Allocated shareable buffer 0xa05e00000 size 2097152 ipcDesc 0x79d31803d270
furious-puma-1:122456:123055 [1] NCCL INFO Channel 11/0 : 1[1] -> 2[2] via P2P/CUMEM
furious-puma-1:122459:123043 [4] NCCL INFO Allocated shareable buffer 0xa03e00000 size 2097152 ipcDesc 0x7244b003e750
furious-puma-1:122459:123052 [4] NCCL INFO Channel 12/0 : 4[4] -> 5[5] via P2P/CUMEM
furious-puma-1:122456:123045 [1] NCCL INFO Allocated shareable buffer 0xa03e00000 size 2097152 ipcDesc 0x79d31803e750
furious-puma-1:122456:123055 [1] NCCL INFO Channel 12/0 : 1[1] -> 2[2] via P2P/CUMEM
furious-puma-1:122458:123035 [3] NCCL INFO Allocated shareable buffer 0xa0be00000 size 2097152 ipcDesc 0x7acd600393d0
furious-puma-1:122458:123059 [3] NCCL INFO Channel 08/0 : 3[3] -> 4[4] via P2P/CUMEM
furious-puma-1:122458:123035 [3] NCCL INFO Allocated shareable buffer 0xa09e00000 size 2097152 ipcDesc 0x7acd6003a8b0
furious-puma-1:122458:123059 [3] NCCL INFO Channel 09/0 : 3[3] -> 4[4] via P2P/CUMEM
furious-puma-1:122457:123041 [2] NCCL INFO Allocated shareable buffer 0xa0fe00000 size 2097152 ipcDesc 0x792044036750
furious-puma-1:122457:123057 [2] NCCL INFO Channel 06/0 : 2[2] -> 3[3] via P2P/CUMEM
furious-puma-1:122461:123039 [6] NCCL INFO Allocated shareable buffer 0xa05e00000 size 2097152 ipcDesc 0x79ad8003d270
furious-puma-1:122461:123060 [6] NCCL INFO Channel 11/0 : 6[6] -> 7[7] via P2P/CUMEM
furious-puma-1:122462:123047 [7] NCCL INFO Allocated shareable buffer 0xa0de00000 size 2097152 ipcDesc 0x7500c0037ef0
furious-puma-1:122462:123056 [7] NCCL INFO Channel 07/0 : 7[7] -> 0[0] via P2P/CUMEM
furious-puma-1:122456:123045 [1] NCCL INFO Allocated shareable buffer 0x79d659e00000 size 2097152 ipcDesc 0x79d31803fc30
furious-puma-1:122456:123055 [1] NCCL INFO Channel 13/0 : 1[1] -> 2[2] via P2P/CUMEM
furious-puma-1:122459:123043 [4] NCCL INFO Allocated shareable buffer 0x7247fbe00000 size 2097152 ipcDesc 0x7244b003fc30
furious-puma-1:122459:123052 [4] NCCL INFO Channel 13/0 : 4[4] -> 5[5] via P2P/CUMEM
furious-puma-1:122456:123045 [1] NCCL INFO Allocated shareable buffer 0x79d65ba00000 size 2097152 ipcDesc 0x79d3180412f0
furious-puma-1:122456:123055 [1] NCCL INFO Channel 14/0 : 1[1] -> 2[2] via P2P/CUMEM
furious-puma-1:122458:123035 [3] NCCL INFO Allocated shareable buffer 0xa07e00000 size 2097152 ipcDesc 0x7acd6003bd90
furious-puma-1:122458:123059 [3] NCCL INFO Channel 10/0 : 3[3] -> 4[4] via P2P/CUMEM
furious-puma-1:122455:123036 [0] NCCL INFO Allocated shareable buffer 0xa07e00000 size 2097152 ipcDesc 0x7d151003bd40
furious-puma-1:122455:123058 [0] NCCL INFO Channel 10/0 : 0[0] -> 1[1] via P2P/CUMEM
furious-puma-1:122462:123047 [7] NCCL INFO Allocated shareable buffer 0xa0be00000 size 2097152 ipcDesc 0x7500c00393d0
furious-puma-1:122462:123056 [7] NCCL INFO Channel 08/0 : 7[7] -> 0[0] via P2P/CUMEM
furious-puma-1:122462:123047 [7] NCCL INFO Allocated shareable buffer 0xa09e00000 size 2097152 ipcDesc 0x7500c003a8b0
furious-puma-1:122462:123056 [7] NCCL INFO Channel 09/0 : 7[7] -> 0[0] via P2P/CUMEM
furious-puma-1:122457:123041 [2] NCCL INFO Allocated shareable buffer 0xa0de00000 size 2097152 ipcDesc 0x792044037eb0
furious-puma-1:122457:123057 [2] NCCL INFO Channel 07/0 : 2[2] -> 3[3] via P2P/CUMEM
furious-puma-1:122455:123036 [0] NCCL INFO Allocated shareable buffer 0xa05e00000 size 2097152 ipcDesc 0x7d151003d220
furious-puma-1:122455:123058 [0] NCCL INFO Channel 11/0 : 0[0] -> 1[1] via P2P/CUMEM
furious-puma-1:122460:123049 [5] NCCL INFO Allocated shareable buffer 0xa10000000 size 2097152 ipcDesc 0x70ee200472f0
furious-puma-1:122460:123054 [5] NCCL INFO Channel 18/0 : 5[5] -> 6[6] via P2P/CUMEM
furious-puma-1:122459:123043 [4] NCCL INFO Allocated shareable buffer 0x7247fda00000 size 2097152 ipcDesc 0x7244b00412f0
furious-puma-1:122459:123052 [4] NCCL INFO Channel 14/0 : 4[4] -> 5[5] via P2P/CUMEM
furious-puma-1:122455:123036 [0] NCCL INFO Allocated shareable buffer 0xa03e00000 size 2097152 ipcDesc 0x7d151003e700
furious-puma-1:122455:123058 [0] NCCL INFO Channel 12/0 : 0[0] -> 1[1] via P2P/CUMEM
furious-puma-1:122458:123035 [3] NCCL INFO Allocated shareable buffer 0xa05e00000 size 2097152 ipcDesc 0x7acd6003d270
furious-puma-1:122458:123059 [3] NCCL INFO Channel 11/0 : 3[3] -> 4[4] via P2P/CUMEM
furious-puma-1:122458:123035 [3] NCCL INFO Allocated shareable buffer 0xa03e00000 size 2097152 ipcDesc 0x7acd6003e750
furious-puma-1:122458:123059 [3] NCCL INFO Channel 12/0 : 3[3] -> 4[4] via P2P/CUMEM
furious-puma-1:122461:123039 [6] NCCL INFO Allocated shareable buffer 0xa03e00000 size 2097152 ipcDesc 0x79ad8003e750
furious-puma-1:122461:123060 [6] NCCL INFO Channel 12/0 : 6[6] -> 7[7] via P2P/CUMEM
furious-puma-1:122455:123036 [0] NCCL INFO Allocated shareable buffer 0x7d16ffe00000 size 2097152 ipcDesc 0x7d151003fbe0
furious-puma-1:122455:123058 [0] NCCL INFO Channel 13/0 : 0[0] -> 1[1] via P2P/CUMEM
furious-puma-1:122462:123047 [7] NCCL INFO Allocated shareable buffer 0xa07e00000 size 2097152 ipcDesc 0x7500c003bd90
furious-puma-1:122462:123056 [7] NCCL INFO Channel 10/0 : 7[7] -> 0[0] via P2P/CUMEM
furious-puma-1:122455:123036 [0] NCCL INFO Allocated shareable buffer 0x7d1701a00000 size 2097152 ipcDesc 0x7d15100412a0
furious-puma-1:122455:123058 [0] NCCL INFO Channel 14/0 : 0[0] -> 1[1] via P2P/CUMEM
furious-puma-1:122460:123049 [5] NCCL INFO Allocated shareable buffer 0xa10200000 size 2097152 ipcDesc 0x70ee20048cc0
furious-puma-1:122460:123054 [5] NCCL INFO Channel 19/0 : 5[5] -> 6[6] via P2P/CUMEM
furious-puma-1:122457:123041 [2] NCCL INFO Allocated shareable buffer 0xa0be00000 size 2097152 ipcDesc 0x792044039390
furious-puma-1:122457:123057 [2] NCCL INFO Channel 08/0 : 2[2] -> 3[3] via P2P/CUMEM
furious-puma-1:122461:123039 [6] NCCL INFO Allocated shareable buffer 0x79b0c7e00000 size 2097152 ipcDesc 0x79ad8003fc30
furious-puma-1:122461:123060 [6] NCCL INFO Channel 13/0 : 6[6] -> 7[7] via P2P/CUMEM
furious-puma-1:122456:123045 [1] NCCL INFO Allocated shareable buffer 0x79d65bc00000 size 2097152 ipcDesc 0x79d318042af0
furious-puma-1:122456:123055 [1] NCCL INFO Channel 15/0 : 1[1] -> 2[2] via P2P/CUMEM
furious-puma-1:122459:123043 [4] NCCL INFO Allocated shareable buffer 0x7247fdc00000 size 2097152 ipcDesc 0x7244b0042af0
furious-puma-1:122459:123052 [4] NCCL INFO Channel 15/0 : 4[4] -> 5[5] via P2P/CUMEM
furious-puma-1:122456:123045 [1] NCCL INFO Allocated shareable buffer 0x79d65be00000 size 2097152 ipcDesc 0x79d3180442f0
furious-puma-1:122456:123055 [1] NCCL INFO Channel 16/0 : 1[1] -> 2[2] via P2P/CUMEM
furious-puma-1:122458:123035 [3] NCCL INFO Allocated shareable buffer 0x7ad0abe00000 size 2097152 ipcDesc 0x7acd6003fc30
furious-puma-1:122458:123059 [3] NCCL INFO Channel 13/0 : 3[3] -> 4[4] via P2P/CUMEM
furious-puma-1:122461:123039 [6] NCCL INFO Allocated shareable buffer 0x79b0c9a00000 size 2097152 ipcDesc 0x79ad800412f0
furious-puma-1:122461:123060 [6] NCCL INFO Channel 14/0 : 6[6] -> 7[7] via P2P/CUMEM
furious-puma-1:122462:123047 [7] NCCL INFO Allocated shareable buffer 0xa05e00000 size 2097152 ipcDesc 0x7500c003d270
furious-puma-1:122462:123056 [7] NCCL INFO Channel 11/0 : 7[7] -> 0[0] via P2P/CUMEM
furious-puma-1:122460:123049 [5] NCCL INFO Allocated shareable buffer 0xa10400000 size 2097152 ipcDesc 0x70ee2004a4c0
furious-puma-1:122460:123054 [5] NCCL INFO Channel 20/0 : 5[5] -> 6[6] via P2P/CUMEM
furious-puma-1:122460:123049 [5] NCCL INFO Allocated shareable buffer 0xa10600000 size 2097152 ipcDesc 0x70ee2004bcc0
furious-puma-1:122460:123054 [5] NCCL INFO Channel 21/0 : 5[5] -> 6[6] via P2P/CUMEM
furious-puma-1:122457:123041 [2] NCCL INFO Allocated shareable buffer 0xa09e00000 size 2097152 ipcDesc 0x79204403a870
furious-puma-1:122457:123057 [2] NCCL INFO Channel 09/0 : 2[2] -> 3[3] via P2P/CUMEM
furious-puma-1:122460:123049 [5] NCCL INFO Allocated shareable buffer 0xa10800000 size 2097152 ipcDesc 0x70ee2004d4c0
furious-puma-1:122460:123054 [5] NCCL INFO Channel 22/0 : 5[5] -> 6[6] via P2P/CUMEM
furious-puma-1:122461:123039 [6] NCCL INFO Allocated shareable buffer 0x79b0c9c00000 size 2097152 ipcDesc 0x79ad80042af0
furious-puma-1:122461:123060 [6] NCCL INFO Channel 15/0 : 6[6] -> 7[7] via P2P/CUMEM
furious-puma-1:122457:123041 [2] NCCL INFO Allocated shareable buffer 0xa07e00000 size 2097152 ipcDesc 0x79204403bd50
furious-puma-1:122457:123057 [2] NCCL INFO Channel 10/0 : 2[2] -> 3[3] via P2P/CUMEM
furious-puma-1:122460:123049 [5] NCCL INFO Allocated shareable buffer 0xa10a00000 size 2097152 ipcDesc 0x70ee2004ecc0
furious-puma-1:122460:123054 [5] NCCL INFO Channel 23/0 : 5[5] -> 6[6] via P2P/CUMEM
furious-puma-1:122456:123045 [1] NCCL INFO Allocated shareable buffer 0x79d65de00000 size 2097152 ipcDesc 0x79d3180459b0
furious-puma-1:122456:123055 [1] NCCL INFO Channel 17/0 : 1[1] -> 2[2] via P2P/CUMEM
furious-puma-1:122462:123047 [7] NCCL INFO Allocated shareable buffer 0xa03e00000 size 2097152 ipcDesc 0x7500c003e750
furious-puma-1:122462:123056 [7] NCCL INFO Channel 12/0 : 7[7] -> 0[0] via P2P/CUMEM
furious-puma-1:122455:123036 [0] NCCL INFO Allocated shareable buffer 0x7d1701c00000 size 2097152 ipcDesc 0x7d1510042aa0
furious-puma-1:122455:123058 [0] NCCL INFO Channel 15/0 : 0[0] -> 1[1] via P2P/CUMEM
furious-puma-1:122459:123043 [4] NCCL INFO Allocated shareable buffer 0x7247fde00000 size 2097152 ipcDesc 0x7244b00442f0
furious-puma-1:122459:123052 [4] NCCL INFO Channel 16/0 : 4[4] -> 5[5] via P2P/CUMEM
furious-puma-1:122458:123035 [3] NCCL INFO Allocated shareable buffer 0x7ad0ada00000 size 2097152 ipcDesc 0x7acd600412f0
furious-puma-1:122458:123059 [3] NCCL INFO Channel 14/0 : 3[3] -> 4[4] via P2P/CUMEM
furious-puma-1:122458:123035 [3] NCCL INFO Allocated shareable buffer 0x7ad0adc00000 size 2097152 ipcDesc 0x7acd60042af0
furious-puma-1:122458:123059 [3] NCCL INFO Channel 15/0 : 3[3] -> 4[4] via P2P/CUMEM
furious-puma-1:122458:123035 [3] NCCL INFO Allocated shareable buffer 0x7ad0ade00000 size 2097152 ipcDesc 0x7acd600442f0
furious-puma-1:122458:123059 [3] NCCL INFO Channel 16/0 : 3[3] -> 4[4] via P2P/CUMEM
furious-puma-1:122461:123039 [6] NCCL INFO Allocated shareable buffer 0x79b0c9e00000 size 2097152 ipcDesc 0x79ad800442f0
furious-puma-1:122461:123060 [6] NCCL INFO Channel 16/0 : 6[6] -> 7[7] via P2P/CUMEM
furious-puma-1:122457:123041 [2] NCCL INFO Allocated shareable buffer 0xa05e00000 size 2097152 ipcDesc 0x79204403d230
furious-puma-1:122457:123057 [2] NCCL INFO Channel 11/0 : 2[2] -> 3[3] via P2P/CUMEM
furious-puma-1:122460:123049 [5] NCCL INFO Allocated shareable buffer 0xa10c00000 size 2097152 ipcDesc 0x70ee200504c0
furious-puma-1:122455:123036 [0] NCCL INFO Allocated shareable buffer 0x7d1701e00000 size 2097152 ipcDesc 0x7d15100442a0
furious-puma-1:122455:123058 [0] NCCL INFO Channel 16/0 : 0[0] -> 1[1] via P2P/CUMEM
furious-puma-1:122459:123043 [4] NCCL INFO Allocated shareable buffer 0x7247ffe00000 size 2097152 ipcDesc 0x7244b00459b0
furious-puma-1:122459:123052 [4] NCCL INFO Channel 17/0 : 4[4] -> 5[5] via P2P/CUMEM
furious-puma-1:122456:123045 [1] NCCL INFO Allocated shareable buffer 0xa10000000 size 2097152 ipcDesc 0x79d3180472f0
furious-puma-1:122456:123055 [1] NCCL INFO Channel 18/0 : 1[1] -> 2[2] via P2P/CUMEM
furious-puma-1:122456:123045 [1] NCCL INFO Allocated shareable buffer 0xa10200000 size 2097152 ipcDesc 0x79d318048cc0
furious-puma-1:122456:123055 [1] NCCL INFO Channel 19/0 : 1[1] -> 2[2] via P2P/CUMEM
furious-puma-1:122458:123035 [3] NCCL INFO Allocated shareable buffer 0x7ad0afe00000 size 2097152 ipcDesc 0x7acd600459b0
furious-puma-1:122458:123059 [3] NCCL INFO Channel 17/0 : 3[3] -> 4[4] via P2P/CUMEM
furious-puma-1:122462:123047 [7] NCCL INFO Allocated shareable buffer 0x75040be00000 size 2097152 ipcDesc 0x7500c003fc30
furious-puma-1:122462:123056 [7] NCCL INFO Channel 13/0 : 7[7] -> 0[0] via P2P/CUMEM
furious-puma-1:122455:123036 [0] NCCL INFO Allocated shareable buffer 0x7d1703e00000 size 2097152 ipcDesc 0x7d1510045960
furious-puma-1:122455:123058 [0] NCCL INFO Channel 17/0 : 0[0] -> 1[1] via P2P/CUMEM
furious-puma-1:122459:123043 [4] NCCL INFO Allocated shareable buffer 0xa10000000 size 2097152 ipcDesc 0x7244b00472f0
furious-puma-1:122459:123052 [4] NCCL INFO Channel 18/0 : 4[4] -> 5[5] via P2P/CUMEM
furious-puma-1:122459:123043 [4] NCCL INFO Allocated shareable buffer 0xa10200000 size 2097152 ipcDesc 0x7244b0048cc0
furious-puma-1:122459:123052 [4] NCCL INFO Channel 19/0 : 4[4] -> 5[5] via P2P/CUMEM
furious-puma-1:122461:123039 [6] NCCL INFO Allocated shareable buffer 0x79b0cbe00000 size 2097152 ipcDesc 0x79ad800459b0
furious-puma-1:122461:123060 [6] NCCL INFO Channel 17/0 : 6[6] -> 7[7] via P2P/CUMEM
furious-puma-1:122457:123041 [2] NCCL INFO Allocated shareable buffer 0xa03e00000 size 2097152 ipcDesc 0x79204403e710
furious-puma-1:122457:123057 [2] NCCL INFO Channel 12/0 : 2[2] -> 3[3] via P2P/CUMEM
furious-puma-1:122455:123036 [0] NCCL INFO Allocated shareable buffer 0xa10000000 size 2097152 ipcDesc 0x7d15100472a0
furious-puma-1:122455:123058 [0] NCCL INFO Channel 18/0 : 0[0] -> 1[1] via P2P/CUMEM
furious-puma-1:122462:123047 [7] NCCL INFO Allocated shareable buffer 0x75040da00000 size 2097152 ipcDesc 0x7500c00412f0
furious-puma-1:122462:123056 [7] NCCL INFO Channel 14/0 : 7[7] -> 0[0] via P2P/CUMEM
furious-puma-1:122462:123047 [7] NCCL INFO Allocated shareable buffer 0x75040dc00000 size 2097152 ipcDesc 0x7500c0042af0
furious-puma-1:122462:123056 [7] NCCL INFO Channel 15/0 : 7[7] -> 0[0] via P2P/CUMEM
furious-puma-1:122458:123035 [3] NCCL INFO Allocated shareable buffer 0xa10000000 size 2097152 ipcDesc 0x7acd600472f0
furious-puma-1:122458:123059 [3] NCCL INFO Channel 18/0 : 3[3] -> 4[4] via P2P/CUMEM
furious-puma-1:122457:123041 [2] NCCL INFO Allocated shareable buffer 0x792397e00000 size 2097152 ipcDesc 0x79204403fbf0
furious-puma-1:122457:123057 [2] NCCL INFO Channel 13/0 : 2[2] -> 3[3] via P2P/CUMEM
furious-puma-1:122456:123045 [1] NCCL INFO Allocated shareable buffer 0xa10400000 size 2097152 ipcDesc 0x79d31804a4c0
furious-puma-1:122456:123055 [1] NCCL INFO Channel 20/0 : 1[1] -> 2[2] via P2P/CUMEM
furious-puma-1:122455:123036 [0] NCCL INFO Allocated shareable buffer 0xa10200000 size 2097152 ipcDesc 0x7d1510048c70
furious-puma-1:122455:123058 [0] NCCL INFO Channel 19/0 : 0[0] -> 1[1] via P2P/CUMEM
furious-puma-1:122459:123043 [4] NCCL INFO Allocated shareable buffer 0xa10400000 size 2097152 ipcDesc 0x7244b004a4c0
furious-puma-1:122459:123052 [4] NCCL INFO Channel 20/0 : 4[4] -> 5[5] via P2P/CUMEM
furious-puma-1:122457:123041 [2] NCCL INFO Allocated shareable buffer 0x792399a00000 size 2097152 ipcDesc 0x7920440412b0
furious-puma-1:122457:123057 [2] NCCL INFO Channel 14/0 : 2[2] -> 3[3] via P2P/CUMEM
furious-puma-1:122457:123041 [2] NCCL INFO Allocated shareable buffer 0x792399c00000 size 2097152 ipcDesc 0x792044042ab0
furious-puma-1:122457:123057 [2] NCCL INFO Channel 15/0 : 2[2] -> 3[3] via P2P/CUMEM
furious-puma-1:122456:123045 [1] NCCL INFO Allocated shareable buffer 0xa10600000 size 2097152 ipcDesc 0x79d31804bcc0
furious-puma-1:122456:123055 [1] NCCL INFO Channel 21/0 : 1[1] -> 2[2] via P2P/CUMEM
furious-puma-1:122458:123035 [3] NCCL INFO Allocated shareable buffer 0xa10200000 size 2097152 ipcDesc 0x7acd60048cc0
furious-puma-1:122458:123059 [3] NCCL INFO Channel 19/0 : 3[3] -> 4[4] via P2P/CUMEM
furious-puma-1:122461:123039 [6] NCCL INFO Allocated shareable buffer 0xa10000000 size 2097152 ipcDesc 0x79ad800472f0
furious-puma-1:122461:123060 [6] NCCL INFO Channel 18/0 : 6[6] -> 7[7] via P2P/CUMEM
furious-puma-1:122462:123047 [7] NCCL INFO Allocated shareable buffer 0x75040de00000 size 2097152 ipcDesc 0x7500c00442f0
furious-puma-1:122462:123056 [7] NCCL INFO Channel 16/0 : 7[7] -> 0[0] via P2P/CUMEM
furious-puma-1:122459:123043 [4] NCCL INFO Allocated shareable buffer 0xa10600000 size 2097152 ipcDesc 0x7244b004bcc0
furious-puma-1:122459:123052 [4] NCCL INFO Channel 21/0 : 4[4] -> 5[5] via P2P/CUMEM
furious-puma-1:122455:123036 [0] NCCL INFO Allocated shareable buffer 0xa10400000 size 2097152 ipcDesc 0x7d151004a470
furious-puma-1:122455:123058 [0] NCCL INFO Channel 20/0 : 0[0] -> 1[1] via P2P/CUMEM
furious-puma-1:122457:123041 [2] NCCL INFO Allocated shareable buffer 0x792399e00000 size 2097152 ipcDesc 0x7920440442b0
furious-puma-1:122457:123057 [2] NCCL INFO Channel 16/0 : 2[2] -> 3[3] via P2P/CUMEM
furious-puma-1:122458:123035 [3] NCCL INFO Allocated shareable buffer 0xa10400000 size 2097152 ipcDesc 0x7acd6004a4c0
furious-puma-1:122458:123059 [3] NCCL INFO Channel 20/0 : 3[3] -> 4[4] via P2P/CUMEM
furious-puma-1:122455:123036 [0] NCCL INFO Allocated shareable buffer 0xa10600000 size 2097152 ipcDesc 0x7d151004bc70
furious-puma-1:122457:123041 [2] NCCL INFO Allocated shareable buffer 0x79239be00000 size 2097152 ipcDesc 0x792044045970
furious-puma-1:122455:123058 [0] NCCL INFO Channel 21/0 : 0[0] -> 1[1] via P2P/CUMEM
furious-puma-1:122457:123057 [2] NCCL INFO Channel 17/0 : 2[2] -> 3[3] via P2P/CUMEM
furious-puma-1:122456:123045 [1] NCCL INFO Allocated shareable buffer 0xa10800000 size 2097152 ipcDesc 0x79d31804d4c0
furious-puma-1:122456:123055 [1] NCCL INFO Channel 22/0 : 1[1] -> 2[2] via P2P/CUMEM
furious-puma-1:122459:123043 [4] NCCL INFO Allocated shareable buffer 0xa10800000 size 2097152 ipcDesc 0x7244b004d4c0
furious-puma-1:122459:123052 [4] NCCL INFO Channel 22/0 : 4[4] -> 5[5] via P2P/CUMEM
furious-puma-1:122462:123047 [7] NCCL INFO Allocated shareable buffer 0x75040fe00000 size 2097152 ipcDesc 0x7500c00459b0
furious-puma-1:122462:123056 [7] NCCL INFO Channel 17/0 : 7[7] -> 0[0] via P2P/CUMEM
furious-puma-1:122457:123041 [2] NCCL INFO Allocated shareable buffer 0xa10000000 size 2097152 ipcDesc 0x7920440472b0
furious-puma-1:122457:123057 [2] NCCL INFO Channel 18/0 : 2[2] -> 3[3] via P2P/CUMEM
furious-puma-1:122461:123039 [6] NCCL INFO Allocated shareable buffer 0xa10200000 size 2097152 ipcDesc 0x79ad80048cc0
furious-puma-1:122461:123060 [6] NCCL INFO Channel 19/0 : 6[6] -> 7[7] via P2P/CUMEM
furious-puma-1:122456:123045 [1] NCCL INFO Allocated shareable buffer 0xa10a00000 size 2097152 ipcDesc 0x79d31804ecc0
furious-puma-1:122456:123055 [1] NCCL INFO Channel 23/0 : 1[1] -> 2[2] via P2P/CUMEM
furious-puma-1:122459:123043 [4] NCCL INFO Allocated shareable buffer 0xa10a00000 size 2097152 ipcDesc 0x7244b004ecc0
furious-puma-1:122459:123052 [4] NCCL INFO Channel 23/0 : 4[4] -> 5[5] via P2P/CUMEM
furious-puma-1:122455:123036 [0] NCCL INFO Allocated shareable buffer 0xa10800000 size 2097152 ipcDesc 0x7d151004d470
furious-puma-1:122455:123058 [0] NCCL INFO Channel 22/0 : 0[0] -> 1[1] via P2P/CUMEM
furious-puma-1:122455:123036 [0] NCCL INFO Allocated shareable buffer 0xa10a00000 size 2097152 ipcDesc 0x7d151004ec70
furious-puma-1:122455:123058 [0] NCCL INFO Channel 23/0 : 0[0] -> 1[1] via P2P/CUMEM
furious-puma-1:122458:123035 [3] NCCL INFO Allocated shareable buffer 0xa10600000 size 2097152 ipcDesc 0x7acd6004bcc0
furious-puma-1:122458:123059 [3] NCCL INFO Channel 21/0 : 3[3] -> 4[4] via P2P/CUMEM
furious-puma-1:122456:123045 [1] NCCL INFO Allocated shareable buffer 0xa10c00000 size 2097152 ipcDesc 0x79d3180504c0
furious-puma-1:122462:123047 [7] NCCL INFO Allocated shareable buffer 0xa10000000 size 2097152 ipcDesc 0x7500c00472f0
furious-puma-1:122462:123056 [7] NCCL INFO Channel 18/0 : 7[7] -> 0[0] via P2P/CUMEM
furious-puma-1:122459:123043 [4] NCCL INFO Allocated shareable buffer 0xa10c00000 size 2097152 ipcDesc 0x7244b00504c0
furious-puma-1:122457:123041 [2] NCCL INFO Allocated shareable buffer 0xa10200000 size 2097152 ipcDesc 0x792044048c80
furious-puma-1:122457:123057 [2] NCCL INFO Channel 19/0 : 2[2] -> 3[3] via P2P/CUMEM
furious-puma-1:122462:123047 [7] NCCL INFO Allocated shareable buffer 0xa10200000 size 2097152 ipcDesc 0x7500c0048cc0
furious-puma-1:122462:123056 [7] NCCL INFO Channel 19/0 : 7[7] -> 0[0] via P2P/CUMEM
furious-puma-1:122461:123039 [6] NCCL INFO Allocated shareable buffer 0xa10400000 size 2097152 ipcDesc 0x79ad8004a4c0
furious-puma-1:122461:123060 [6] NCCL INFO Channel 20/0 : 6[6] -> 7[7] via P2P/CUMEM
furious-puma-1:122455:123036 [0] NCCL INFO Allocated shareable buffer 0xa10c00000 size 2097152 ipcDesc 0x7d1510050470
furious-puma-1:122461:123039 [6] NCCL INFO Allocated shareable buffer 0xa10600000 size 2097152 ipcDesc 0x79ad8004bcc0
furious-puma-1:122461:123060 [6] NCCL INFO Channel 21/0 : 6[6] -> 7[7] via P2P/CUMEM
furious-puma-1:122462:123047 [7] NCCL INFO Allocated shareable buffer 0xa10400000 size 2097152 ipcDesc 0x7500c004a4c0
furious-puma-1:122458:123035 [3] NCCL INFO Allocated shareable buffer 0xa10800000 size 2097152 ipcDesc 0x7acd6004d4c0
furious-puma-1:122462:123056 [7] NCCL INFO Channel 20/0 : 7[7] -> 0[0] via P2P/CUMEM
furious-puma-1:122458:123059 [3] NCCL INFO Channel 22/0 : 3[3] -> 4[4] via P2P/CUMEM
furious-puma-1:122457:123041 [2] NCCL INFO Allocated shareable buffer 0xa10400000 size 2097152 ipcDesc 0x79204404a480
furious-puma-1:122457:123057 [2] NCCL INFO Channel 20/0 : 2[2] -> 3[3] via P2P/CUMEM
furious-puma-1:122461:123039 [6] NCCL INFO Allocated shareable buffer 0xa10800000 size 2097152 ipcDesc 0x79ad8004d4c0
furious-puma-1:122461:123060 [6] NCCL INFO Channel 22/0 : 6[6] -> 7[7] via P2P/CUMEM
furious-puma-1:122457:123041 [2] NCCL INFO Allocated shareable buffer 0xa10600000 size 2097152 ipcDesc 0x79204404bc80
furious-puma-1:122457:123057 [2] NCCL INFO Channel 21/0 : 2[2] -> 3[3] via P2P/CUMEM
furious-puma-1:122458:123035 [3] NCCL INFO Allocated shareable buffer 0xa10a00000 size 2097152 ipcDesc 0x7acd6004ecc0
furious-puma-1:122458:123059 [3] NCCL INFO Channel 23/0 : 3[3] -> 4[4] via P2P/CUMEM
furious-puma-1:122462:123047 [7] NCCL INFO Allocated shareable buffer 0xa10600000 size 2097152 ipcDesc 0x7500c004bcc0
furious-puma-1:122462:123056 [7] NCCL INFO Channel 21/0 : 7[7] -> 0[0] via P2P/CUMEM
furious-puma-1:122461:123039 [6] NCCL INFO Allocated shareable buffer 0xa10a00000 size 2097152 ipcDesc 0x79ad8004ecc0
furious-puma-1:122461:123060 [6] NCCL INFO Channel 23/0 : 6[6] -> 7[7] via P2P/CUMEM
furious-puma-1:122457:123041 [2] NCCL INFO Allocated shareable buffer 0xa10800000 size 2097152 ipcDesc 0x79204404d480
furious-puma-1:122457:123057 [2] NCCL INFO Channel 22/0 : 2[2] -> 3[3] via P2P/CUMEM
furious-puma-1:122458:123035 [3] NCCL INFO Allocated shareable buffer 0xa10c00000 size 2097152 ipcDesc 0x7acd600504c0
furious-puma-1:122461:123039 [6] NCCL INFO Allocated shareable buffer 0xa10c00000 size 2097152 ipcDesc 0x79ad800504c0
furious-puma-1:122462:123047 [7] NCCL INFO Allocated shareable buffer 0xa10800000 size 2097152 ipcDesc 0x7500c004d4c0
furious-puma-1:122462:123056 [7] NCCL INFO Channel 22/0 : 7[7] -> 0[0] via P2P/CUMEM
furious-puma-1:122457:123041 [2] NCCL INFO Allocated shareable buffer 0xa10a00000 size 2097152 ipcDesc 0x79204404ec80
furious-puma-1:122457:123057 [2] NCCL INFO Channel 23/0 : 2[2] -> 3[3] via P2P/CUMEM
furious-puma-1:122457:123041 [2] NCCL INFO Allocated shareable buffer 0xa10c00000 size 2097152 ipcDesc 0x792044050480
furious-puma-1:122462:123047 [7] NCCL INFO Allocated shareable buffer 0xa10a00000 size 2097152 ipcDesc 0x7500c004ecc0
furious-puma-1:122462:123056 [7] NCCL INFO Channel 23/0 : 7[7] -> 0[0] via P2P/CUMEM
furious-puma-1:122459:123052 [4] NCCL INFO UDS converted handle 0x70ee20008bd0 to fd 143 on remote peer 5
furious-puma-1:122462:123047 [7] NCCL INFO Allocated shareable buffer 0xa10c00000 size 2097152 ipcDesc 0x7500c00504c0
furious-puma-1:122458:123059 [3] NCCL INFO UDS converted handle 0x7244b0008bd0 to fd 143 on remote peer 4
furious-puma-1:122459:123052 [4] NCCL INFO Imported shareable buffer device 4 size 10485760 ptr 0xa10e00000
furious-puma-1:122462:123056 [7] NCCL INFO UDS converted handle 0x7d1510008c90 to fd 142 on remote peer 0
furious-puma-1:122456:123055 [1] NCCL INFO UDS converted handle 0x792044008bd0 to fd 143 on remote peer 2
furious-puma-1:122460:123054 [5] NCCL INFO UDS converted handle 0x79ad80008bd0 to fd 143 on remote peer 6
furious-puma-1:122458:123059 [3] NCCL INFO Imported shareable buffer device 3 size 10485760 ptr 0xa10e00000
furious-puma-1:122462:123056 [7] NCCL INFO Imported shareable buffer device 7 size 10485760 ptr 0xa10e00000
furious-puma-1:122457:123057 [2] NCCL INFO UDS converted handle 0x7acd60008bd0 to fd 144 on remote peer 3
furious-puma-1:122461:123060 [6] NCCL INFO UDS converted handle 0x7500c0008bd0 to fd 144 on remote peer 7
furious-puma-1:122460:123054 [5] NCCL INFO Imported shareable buffer device 5 size 10485760 ptr 0xa10e00000
furious-puma-1:122456:123055 [1] NCCL INFO Imported shareable buffer device 1 size 10485760 ptr 0xa10e00000
furious-puma-1:122455:123058 [0] NCCL INFO UDS converted handle 0x79d318008bd0 to fd 149 on remote peer 1
furious-puma-1:122457:123057 [2] NCCL INFO Imported shareable buffer device 2 size 10485760 ptr 0xa10e00000
furious-puma-1:122455:123058 [0] NCCL INFO Imported shareable buffer device 0 size 10485760 ptr 0xa10e00000
furious-puma-1:122461:123060 [6] NCCL INFO Imported shareable buffer device 6 size 10485760 ptr 0xa10e00000
furious-puma-1:122462:123056 [7] NCCL INFO UDS converted handle 0x79ad8002efe0 to fd 145 on remote peer 6
furious-puma-1:122458:123059 [3] NCCL INFO UDS converted handle 0x79204402efa0 to fd 146 on remote peer 2
furious-puma-1:122455:123058 [0] NCCL INFO UDS converted handle 0x7500c002efe0 to fd 151 on remote peer 7
furious-puma-1:122460:123054 [5] NCCL INFO UDS converted handle 0x7244b002efe0 to fd 145 on remote peer 4
furious-puma-1:122456:123055 [1] NCCL INFO UDS converted handle 0x7d151002ef90 to fd 145 on remote peer 0
furious-puma-1:122459:123052 [4] NCCL INFO UDS converted handle 0x7acd6002efe0 to fd 145 on remote peer 3
furious-puma-1:122457:123057 [2] NCCL INFO UDS converted handle 0x79d31802efe0 to fd 145 on remote peer 1
furious-puma-1:122456:123055 [1] NCCL INFO Imported shareable buffer device 1 size 2097152 ptr 0xa11800000
furious-puma-1:122458:123059 [3] NCCL INFO Imported shareable buffer device 3 size 2097152 ptr 0xa11800000
furious-puma-1:122455:123058 [0] NCCL INFO Imported shareable buffer device 0 size 2097152 ptr 0xa11800000
furious-puma-1:122462:123056 [7] NCCL INFO Imported shareable buffer device 7 size 2097152 ptr 0xa11800000
furious-puma-1:122457:123057 [2] NCCL INFO Imported shareable buffer device 2 size 2097152 ptr 0xa11800000
furious-puma-1:122459:123052 [4] NCCL INFO Imported shareable buffer device 4 size 2097152 ptr 0xa11800000
furious-puma-1:122460:123054 [5] NCCL INFO Imported shareable buffer device 5 size 2097152 ptr 0xa11800000
furious-puma-1:122461:123060 [6] NCCL INFO UDS converted handle 0x70ee2002efe0 to fd 142 on remote peer 5
furious-puma-1:122455:123058 [0] NCCL INFO UDS converted handle 0x79d31800a670 to fd 151 on remote peer 1
furious-puma-1:122458:123059 [3] NCCL INFO UDS converted handle 0x7244b000a670 to fd 145 on remote peer 4
furious-puma-1:122462:123056 [7] NCCL INFO UDS converted handle 0x7d151000a6d0 to fd 144 on remote peer 0
furious-puma-1:122456:123055 [1] NCCL INFO UDS converted handle 0x79204400a670 to fd 144 on remote peer 2
furious-puma-1:122458:123059 [3] NCCL INFO Imported shareable buffer device 3 size 10485760 ptr 0xa12000000
furious-puma-1:122456:123055 [1] NCCL INFO Imported shareable buffer device 1 size 10485760 ptr 0xa12000000
furious-puma-1:122461:123060 [6] NCCL INFO Imported shareable buffer device 6 size 2097152 ptr 0xa11800000
furious-puma-1:122460:123054 [5] NCCL INFO UDS converted handle 0x79ad8000a670 to fd 143 on remote peer 6
furious-puma-1:122455:123058 [0] NCCL INFO Imported shareable buffer device 0 size 10485760 ptr 0xa12000000
furious-puma-1:122457:123057 [2] NCCL INFO UDS converted handle 0x7acd6000a670 to fd 144 on remote peer 3
furious-puma-1:122462:123056 [7] NCCL INFO Imported shareable buffer device 7 size 10485760 ptr 0xa12000000
furious-puma-1:122460:123054 [5] NCCL INFO Imported shareable buffer device 5 size 10485760 ptr 0xa12000000
furious-puma-1:122458:123059 [3] NCCL INFO UDS converted handle 0x7920440307a0 to fd 145 on remote peer 2
furious-puma-1:122456:123055 [1] NCCL INFO UDS converted handle 0x7d1510030790 to fd 144 on remote peer 0
furious-puma-1:122459:123052 [4] NCCL INFO UDS converted handle 0x70ee2000a670 to fd 143 on remote peer 5
furious-puma-1:122461:123060 [6] NCCL INFO UDS converted handle 0x7500c000a670 to fd 142 on remote peer 7
furious-puma-1:122457:123057 [2] NCCL INFO Imported shareable buffer device 2 size 10485760 ptr 0xa12000000
furious-puma-1:122456:123055 [1] NCCL INFO Imported shareable buffer device 1 size 2097152 ptr 0xa12a00000
furious-puma-1:122458:123059 [3] NCCL INFO Imported shareable buffer device 3 size 2097152 ptr 0xa12a00000
furious-puma-1:122462:123056 [7] NCCL INFO UDS converted handle 0x79ad800307e0 to fd 144 on remote peer 6
furious-puma-1:122459:123052 [4] NCCL INFO Imported shareable buffer device 4 size 10485760 ptr 0xa12000000
furious-puma-1:122460:123054 [5] NCCL INFO UDS converted handle 0x7244b00307e0 to fd 143 on remote peer 4
furious-puma-1:122461:123060 [6] NCCL INFO Imported shareable buffer device 6 size 10485760 ptr 0xa12000000
furious-puma-1:122456:123055 [1] NCCL INFO UDS converted handle 0x79204400beb0 to fd 145 on remote peer 2
furious-puma-1:122459:123052 [4] NCCL INFO UDS converted handle 0x7acd600307e0 to fd 145 on remote peer 3
furious-puma-1:122460:123054 [5] NCCL INFO Imported shareable buffer device 5 size 2097152 ptr 0xa12a00000
furious-puma-1:122457:123057 [2] NCCL INFO UDS converted handle 0x79d3180307e0 to fd 145 on remote peer 1
furious-puma-1:122462:123056 [7] NCCL INFO Imported shareable buffer device 7 size 2097152 ptr 0xa12a00000
furious-puma-1:122455:123058 [0] NCCL INFO UDS converted handle 0x7500c00307e0 to fd 150 on remote peer 7
furious-puma-1:122459:123052 [4] NCCL INFO Imported shareable buffer device 4 size 2097152 ptr 0xa12a00000
furious-puma-1:122456:123055 [1] NCCL INFO Imported shareable buffer device 1 size 10485760 ptr 0xa12c00000
furious-puma-1:122458:123059 [3] NCCL INFO UDS converted handle 0x7244b000beb0 to fd 145 on remote peer 4
furious-puma-1:122457:123057 [2] NCCL INFO Imported shareable buffer device 2 size 2097152 ptr 0xa12a00000
furious-puma-1:122455:123058 [0] NCCL INFO Imported shareable buffer device 0 size 2097152 ptr 0xa12a00000
furious-puma-1:122455:123058 [0] NCCL INFO UDS converted handle 0x79d31800beb0 to fd 150 on remote peer 1
furious-puma-1:122460:123054 [5] NCCL INFO UDS converted handle 0x79ad8000beb0 to fd 145 on remote peer 6
furious-puma-1:122461:123060 [6] NCCL INFO UDS converted handle 0x70ee200307e0 to fd 145 on remote peer 5
furious-puma-1:122462:123056 [7] NCCL INFO UDS converted handle 0x7d151000bed0 to fd 143 on remote peer 0
furious-puma-1:122461:123060 [6] NCCL INFO Imported shareable buffer device 6 size 2097152 ptr 0xa12a00000
furious-puma-1:122458:123059 [3] NCCL INFO Imported shareable buffer device 3 size 10485760 ptr 0xa12c00000
furious-puma-1:122460:123054 [5] NCCL INFO Imported shareable buffer device 5 size 10485760 ptr 0xa12c00000
furious-puma-1:122459:123052 [4] NCCL INFO UDS converted handle 0x70ee2000beb0 to fd 145 on remote peer 5
furious-puma-1:122455:123058 [0] NCCL INFO Imported shareable buffer device 0 size 10485760 ptr 0xa12c00000
furious-puma-1:122457:123057 [2] NCCL INFO UDS converted handle 0x7acd6000beb0 to fd 145 on remote peer 3
furious-puma-1:122462:123056 [7] NCCL INFO Imported shareable buffer device 7 size 10485760 ptr 0xa12c00000
furious-puma-1:122457:123057 [2] NCCL INFO Imported shareable buffer device 2 size 10485760 ptr 0xa12c00000
furious-puma-1:122461:123060 [6] NCCL INFO UDS converted handle 0x7500c000beb0 to fd 145 on remote peer 7
furious-puma-1:122459:123052 [4] NCCL INFO Imported shareable buffer device 4 size 10485760 ptr 0xa12c00000
furious-puma-1:122460:123054 [5] NCCL INFO UDS converted handle 0x7244b0031fe0 to fd 145 on remote peer 4
furious-puma-1:122456:123055 [1] NCCL INFO UDS converted handle 0x7d1510031f90 to fd 144 on remote peer 0
furious-puma-1:122458:123059 [3] NCCL INFO UDS converted handle 0x792044031fa0 to fd 145 on remote peer 2
furious-puma-1:122456:123055 [1] NCCL INFO Imported shareable buffer device 1 size 2097152 ptr 0xa13600000
furious-puma-1:122461:123060 [6] NCCL INFO Imported shareable buffer device 6 size 10485760 ptr 0xa12c00000
furious-puma-1:122460:123054 [5] NCCL INFO Imported shareable buffer device 5 size 2097152 ptr 0xa13600000
furious-puma-1:122455:123058 [0] NCCL INFO UDS converted handle 0x7500c0031fe0 to fd 150 on remote peer 7
furious-puma-1:122462:123056 [7] NCCL INFO UDS converted handle 0x79ad80031fe0 to fd 143 on remote peer 6
furious-puma-1:122457:123057 [2] NCCL INFO UDS converted handle 0x79d318031fe0 to fd 145 on remote peer 1
furious-puma-1:122459:123052 [4] NCCL INFO UDS converted handle 0x7acd60031fe0 to fd 143 on remote peer 3
furious-puma-1:122455:123058 [0] NCCL INFO Imported shareable buffer device 0 size 2097152 ptr 0xa13600000
furious-puma-1:122458:123059 [3] NCCL INFO Imported shareable buffer device 3 size 2097152 ptr 0xa13600000
furious-puma-1:122457:123057 [2] NCCL INFO Imported shareable buffer device 2 size 2097152 ptr 0xa13600000
furious-puma-1:122459:123052 [4] NCCL INFO Imported shareable buffer device 4 size 2097152 ptr 0xa13600000
furious-puma-1:122462:123056 [7] NCCL INFO Imported shareable buffer device 7 size 2097152 ptr 0xa13600000
furious-puma-1:122456:123055 [1] NCCL INFO UDS converted handle 0x79204400d950 to fd 144 on remote peer 2
furious-puma-1:122461:123060 [6] NCCL INFO UDS converted handle 0x70ee20031fe0 to fd 145 on remote peer 5
furious-puma-1:122460:123054 [5] NCCL INFO UDS converted handle 0x79ad8000d950 to fd 145 on remote peer 6
furious-puma-1:122456:123055 [1] NCCL INFO Imported shareable buffer device 1 size 10485760 ptr 0xa14000000
furious-puma-1:122458:123059 [3] NCCL INFO UDS converted handle 0x7244b000d950 to fd 145 on remote peer 4
furious-puma-1:122457:123057 [2] NCCL INFO UDS converted handle 0x7acd6000d950 to fd 145 on remote peer 3
furious-puma-1:122455:123058 [0] NCCL INFO UDS converted handle 0x79d31800d950 to fd 150 on remote peer 1
furious-puma-1:122461:123060 [6] NCCL INFO Imported shareable buffer device 6 size 2097152 ptr 0xa13600000
furious-puma-1:122459:123052 [4] NCCL INFO UDS converted handle 0x70ee2000d950 to fd 145 on remote peer 5
furious-puma-1:122460:123054 [5] NCCL INFO Imported shareable buffer device 5 size 10485760 ptr 0xa14000000
furious-puma-1:122458:123059 [3] NCCL INFO Imported shareable buffer device 3 size 10485760 ptr 0xa14000000
furious-puma-1:122462:123056 [7] NCCL INFO UDS converted handle 0x7d151000d950 to fd 144 on remote peer 0
furious-puma-1:122459:123052 [4] NCCL INFO Imported shareable buffer device 4 size 10485760 ptr 0xa14000000
furious-puma-1:122457:123057 [2] NCCL INFO Imported shareable buffer device 2 size 10485760 ptr 0xa14000000
furious-puma-1:122455:123058 [0] NCCL INFO Imported shareable buffer device 0 size 10485760 ptr 0xa14000000
furious-puma-1:122462:123056 [7] NCCL INFO Imported shareable buffer device 7 size 10485760 ptr 0xa14000000
furious-puma-1:122457:123057 [2] NCCL INFO UDS converted handle 0x79d3180337e0 to fd 145 on remote peer 1
furious-puma-1:122460:123054 [5] NCCL INFO UDS converted handle 0x7244b00337e0 to fd 145 on remote peer 4
furious-puma-1:122461:123060 [6] NCCL INFO UDS converted handle 0x7500c000d950 to fd 145 on remote peer 7
furious-puma-1:122462:123056 [7] NCCL INFO UDS converted handle 0x79ad800337e0 to fd 144 on remote peer 6
furious-puma-1:122458:123059 [3] NCCL INFO UDS converted handle 0x7920440337a0 to fd 146 on remote peer 2
furious-puma-1:122460:123054 [5] NCCL INFO Imported shareable buffer device 5 size 2097152 ptr 0xa14a00000
furious-puma-1:122456:123055 [1] NCCL INFO UDS converted handle 0x7d1510033790 to fd 143 on remote peer 0
furious-puma-1:122459:123052 [4] NCCL INFO UDS converted handle 0x7acd600337e0 to fd 145 on remote peer 3
furious-puma-1:122462:123056 [7] NCCL INFO Imported shareable buffer device 7 size 2097152 ptr 0xa14a00000
furious-puma-1:122458:123059 [3] NCCL INFO Imported shareable buffer device 3 size 2097152 ptr 0xa14a00000
furious-puma-1:122461:123060 [6] NCCL INFO Imported shareable buffer device 6 size 10485760 ptr 0xa14000000
furious-puma-1:122457:123057 [2] NCCL INFO Imported shareable buffer device 2 size 2097152 ptr 0xa14a00000
furious-puma-1:122458:123059 [3] NCCL INFO UDS converted handle 0x7244b000f150 to fd 145 on remote peer 4
furious-puma-1:122459:123052 [4] NCCL INFO Imported shareable buffer device 4 size 2097152 ptr 0xa14a00000
furious-puma-1:122456:123055 [1] NCCL INFO Imported shareable buffer device 1 size 2097152 ptr 0xa14a00000
furious-puma-1:122455:123058 [0] NCCL INFO UDS converted handle 0x7500c00337e0 to fd 150 on remote peer 7
furious-puma-1:122458:123059 [3] NCCL INFO Imported shareable buffer device 3 size 10485760 ptr 0xa14c00000
furious-puma-1:122460:123054 [5] NCCL INFO UDS converted handle 0x79ad8000f150 to fd 145 on remote peer 6
furious-puma-1:122457:123057 [2] NCCL INFO UDS converted handle 0x7acd6000f150 to fd 145 on remote peer 3
furious-puma-1:122461:123060 [6] NCCL INFO UDS converted handle 0x70ee200337e0 to fd 145 on remote peer 5
furious-puma-1:122462:123056 [7] NCCL INFO UDS converted handle 0x7d151000f150 to fd 144 on remote peer 0
furious-puma-1:122460:123054 [5] NCCL INFO Imported shareable buffer device 5 size 10485760 ptr 0xa14c00000
furious-puma-1:122457:123057 [2] NCCL INFO Imported shareable buffer device 2 size 10485760 ptr 0xa14c00000
furious-puma-1:122455:123058 [0] NCCL INFO Imported shareable buffer device 0 size 2097152 ptr 0xa14a00000
furious-puma-1:122456:123055 [1] NCCL INFO UDS converted handle 0x79204400f150 to fd 144 on remote peer 2
furious-puma-1:122459:123052 [4] NCCL INFO UDS converted handle 0x70ee2000f150 to fd 145 on remote peer 5
furious-puma-1:122462:123056 [7] NCCL INFO Imported shareable buffer device 7 size 10485760 ptr 0xa14c00000
furious-puma-1:122456:123055 [1] NCCL INFO Imported shareable buffer device 1 size 10485760 ptr 0xa14c00000
furious-puma-1:122461:123060 [6] NCCL INFO Imported shareable buffer device 6 size 2097152 ptr 0xa14a00000
furious-puma-1:122460:123054 [5] NCCL INFO UDS converted handle 0x7244b0034fe0 to fd 145 on remote peer 4
furious-puma-1:122459:123052 [4] NCCL INFO Imported shareable buffer device 4 size 10485760 ptr 0xa14c00000
furious-puma-1:122457:123057 [2] NCCL INFO UDS converted handle 0x79d318034fe0 to fd 145 on remote peer 1
furious-puma-1:122456:123055 [1] NCCL INFO UDS converted handle 0x7d1510034f90 to fd 144 on remote peer 0
furious-puma-1:122458:123059 [3] NCCL INFO UDS converted handle 0x792044034fa0 to fd 145 on remote peer 2
furious-puma-1:122462:123056 [7] NCCL INFO UDS converted handle 0x79ad80034fe0 to fd 144 on remote peer 6
furious-puma-1:122460:123054 [5] NCCL INFO Imported shareable buffer device 5 size 2097152 ptr 0xa15600000
furious-puma-1:122461:123060 [6] NCCL INFO UDS converted handle 0x7500c000f150 to fd 145 on remote peer 7
furious-puma-1:122456:123055 [1] NCCL INFO Imported shareable buffer device 1 size 2097152 ptr 0xa15600000
furious-puma-1:122458:123059 [3] NCCL INFO Imported shareable buffer device 3 size 2097152 ptr 0xa15600000
furious-puma-1:122457:123057 [2] NCCL INFO Imported shareable buffer device 2 size 2097152 ptr 0xa15600000
furious-puma-1:122455:123058 [0] NCCL INFO UDS converted handle 0x79d31800f150 to fd 150 on remote peer 1
furious-puma-1:122455:123058 [0] NCCL INFO Imported shareable buffer device 0 size 10485760 ptr 0xa14c00000
furious-puma-1:122460:123054 [5] NCCL INFO UDS converted handle 0x79ad80010e00 to fd 145 on remote peer 6
furious-puma-1:122459:123052 [4] NCCL INFO UDS converted handle 0x7acd60034fe0 to fd 145 on remote peer 3
furious-puma-1:122462:123056 [7] NCCL INFO Imported shareable buffer device 7 size 2097152 ptr 0xa15600000
furious-puma-1:122456:123055 [1] NCCL INFO UDS converted handle 0x792044010e00 to fd 144 on remote peer 2
furious-puma-1:122461:123060 [6] NCCL INFO Imported shareable buffer device 6 size 10485760 ptr 0xa14c00000
furious-puma-1:122456:123055 [1] NCCL INFO Imported shareable buffer device 1 size 10485760 ptr 0xa16000000
furious-puma-1:122459:123052 [4] NCCL INFO Imported shareable buffer device 4 size 2097152 ptr 0xa15600000
furious-puma-1:122460:123054 [5] NCCL INFO Imported shareable buffer device 5 size 10485760 ptr 0xa16000000
furious-puma-1:122457:123057 [2] NCCL INFO UDS converted handle 0x7acd60010e00 to fd 145 on remote peer 3
furious-puma-1:122458:123059 [3] NCCL INFO UDS converted handle 0x7244b0010e00 to fd 145 on remote peer 4
furious-puma-1:122455:123058 [0] NCCL INFO UDS converted handle 0x7500c0034fe0 to fd 151 on remote peer 7
furious-puma-1:122462:123056 [7] NCCL INFO UDS converted handle 0x7d1510010e00 to fd 144 on remote peer 0
furious-puma-1:122461:123060 [6] NCCL INFO UDS converted handle 0x70ee20034fe0 to fd 145 on remote peer 5
furious-puma-1:122457:123057 [2] NCCL INFO Imported shareable buffer device 2 size 10485760 ptr 0xa16000000
furious-puma-1:122458:123059 [3] NCCL INFO Imported shareable buffer device 3 size 10485760 ptr 0xa16000000
furious-puma-1:122455:123058 [0] NCCL INFO Imported shareable buffer device 0 size 2097152 ptr 0xa15600000
furious-puma-1:122462:123056 [7] NCCL INFO Imported shareable buffer device 7 size 10485760 ptr 0xa16000000
furious-puma-1:122457:123057 [2] NCCL INFO UDS converted handle 0x79d3180367e0 to fd 145 on remote peer 1
furious-puma-1:122459:123052 [4] NCCL INFO UDS converted handle 0x70ee20010e00 to fd 146 on remote peer 5
furious-puma-1:122460:123054 [5] NCCL INFO UDS converted handle 0x7244b00367e0 to fd 145 on remote peer 4
furious-puma-1:122461:123060 [6] NCCL INFO Imported shareable buffer device 6 size 2097152 ptr 0xa15600000
furious-puma-1:122458:123059 [3] NCCL INFO UDS converted handle 0x7920440367a0 to fd 145 on remote peer 2
furious-puma-1:122456:123055 [1] NCCL INFO UDS converted handle 0x7d1510036790 to fd 144 on remote peer 0
furious-puma-1:122460:123054 [5] NCCL INFO Imported shareable buffer device 5 size 2097152 ptr 0xa16a00000
furious-puma-1:122459:123052 [4] NCCL INFO Imported shareable buffer device 4 size 10485760 ptr 0xa16000000
furious-puma-1:122456:123055 [1] NCCL INFO Imported shareable buffer device 1 size 2097152 ptr 0xa16a00000
furious-puma-1:122455:123058 [0] NCCL INFO UDS converted handle 0x79d318010e00 to fd 150 on remote peer 1
furious-puma-1:122457:123057 [2] NCCL INFO Imported shareable buffer device 2 size 2097152 ptr 0xa16a00000
furious-puma-1:122458:123059 [3] NCCL INFO Imported shareable buffer device 3 size 2097152 ptr 0xa16a00000
furious-puma-1:122461:123060 [6] NCCL INFO UDS converted handle 0x7500c0010e00 to fd 146 on remote peer 7
furious-puma-1:122455:123058 [0] NCCL INFO Imported shareable buffer device 0 size 10485760 ptr 0xa16000000
furious-puma-1:122462:123056 [7] NCCL INFO UDS converted handle 0x79ad800367e0 to fd 144 on remote peer 6
furious-puma-1:122462:123056 [7] NCCL INFO Imported shareable buffer device 7 size 2097152 ptr 0xa16a00000
furious-puma-1:122461:123060 [6] NCCL INFO Imported shareable buffer device 6 size 10485760 ptr 0xa16000000
furious-puma-1:122459:123052 [4] NCCL INFO UDS converted handle 0x7acd600367e0 to fd 146 on remote peer 3
furious-puma-1:122458:123059 [3] NCCL INFO UDS converted handle 0x7244b0012600 to fd 145 on remote peer 4
furious-puma-1:122456:123055 [1] NCCL INFO UDS converted handle 0x792044012600 to fd 143 on remote peer 2
furious-puma-1:122458:123059 [3] NCCL INFO Imported shareable buffer device 3 size 10485760 ptr 0xa16c00000
furious-puma-1:122455:123058 [0] NCCL INFO UDS converted handle 0x7500c00367e0 to fd 150 on remote peer 7
furious-puma-1:122460:123054 [5] NCCL INFO UDS converted handle 0x79ad80012600 to fd 145 on remote peer 6
furious-puma-1:122455:123058 [0] NCCL INFO Imported shareable buffer device 0 size 2097152 ptr 0xa16a00000
furious-puma-1:122459:123052 [4] NCCL INFO Imported shareable buffer device 4 size 2097152 ptr 0xa16a00000
furious-puma-1:122456:123055 [1] NCCL INFO Imported shareable buffer device 1 size 10485760 ptr 0xa16c00000
furious-puma-1:122462:123056 [7] NCCL INFO UDS converted handle 0x7d1510012600 to fd 144 on remote peer 0
furious-puma-1:122457:123057 [2] NCCL INFO UDS converted handle 0x7acd60012600 to fd 145 on remote peer 3
furious-puma-1:122462:123056 [7] NCCL INFO Imported shareable buffer device 7 size 10485760 ptr 0xa16c00000
furious-puma-1:122460:123054 [5] NCCL INFO Imported shareable buffer device 5 size 10485760 ptr 0xa16c00000
furious-puma-1:122458:123059 [3] NCCL INFO UDS converted handle 0x792044037f00 to fd 145 on remote peer 2
furious-puma-1:122461:123060 [6] NCCL INFO UDS converted handle 0x70ee200367e0 to fd 145 on remote peer 5
furious-puma-1:122457:123057 [2] NCCL INFO Imported shareable buffer device 2 size 10485760 ptr 0xa16c00000
furious-puma-1:122455:123058 [0] NCCL INFO UDS converted handle 0x79d318012600 to fd 150 on remote peer 1
furious-puma-1:122458:123059 [3] NCCL INFO Imported shareable buffer device 3 size 2097152 ptr 0xa17600000
furious-puma-1:122461:123060 [6] NCCL INFO Imported shareable buffer device 6 size 2097152 ptr 0xa16a00000
furious-puma-1:122455:123058 [0] NCCL INFO Imported shareable buffer device 0 size 10485760 ptr 0xa16c00000
furious-puma-1:122462:123056 [7] NCCL INFO UDS converted handle 0x79ad80037f40 to fd 144 on remote peer 6
furious-puma-1:122456:123055 [1] NCCL INFO UDS converted handle 0x7d1510037ef0 to fd 144 on remote peer 0
furious-puma-1:122459:123052 [4] NCCL INFO UDS converted handle 0x70ee20012600 to fd 146 on remote peer 5
furious-puma-1:122460:123054 [5] NCCL INFO UDS converted handle 0x7244b0037f40 to fd 143 on remote peer 4
furious-puma-1:122459:123052 [4] NCCL INFO Imported shareable buffer device 4 size 10485760 ptr 0xa16c00000
furious-puma-1:122462:123056 [7] NCCL INFO Imported shareable buffer device 7 size 2097152 ptr 0xa17600000
furious-puma-1:122457:123057 [2] NCCL INFO UDS converted handle 0x79d318037f40 to fd 145 on remote peer 1
furious-puma-1:122460:123054 [5] NCCL INFO Imported shareable buffer device 5 size 2097152 ptr 0xa17600000
furious-puma-1:122461:123060 [6] NCCL INFO UDS converted handle 0x7500c0012600 to fd 145 on remote peer 7
furious-puma-1:122456:123055 [1] NCCL INFO Imported shareable buffer device 1 size 2097152 ptr 0xa17600000
furious-puma-1:122459:123052 [4] NCCL INFO UDS converted handle 0x7acd60037f40 to fd 145 on remote peer 3
furious-puma-1:122458:123059 [3] NCCL INFO UDS converted handle 0x7244b0013e00 to fd 145 on remote peer 4
furious-puma-1:122457:123057 [2] NCCL INFO Imported shareable buffer device 2 size 2097152 ptr 0xa17600000
furious-puma-1:122460:123054 [5] NCCL INFO UDS converted handle 0x79ad80013e00 to fd 145 on remote peer 6
furious-puma-1:122459:123052 [4] NCCL INFO Imported shareable buffer device 4 size 2097152 ptr 0xa17600000
furious-puma-1:122462:123056 [7] NCCL INFO UDS converted handle 0x7d1510013e00 to fd 144 on remote peer 0
furious-puma-1:122461:123060 [6] NCCL INFO Imported shareable buffer device 6 size 10485760 ptr 0xa16c00000
furious-puma-1:122458:123059 [3] NCCL INFO Imported shareable buffer device 3 size 10485760 ptr 0xa18000000
furious-puma-1:122456:123055 [1] NCCL INFO UDS converted handle 0x792044013e00 to fd 144 on remote peer 2
furious-puma-1:122462:123056 [7] NCCL INFO Imported shareable buffer device 7 size 10485760 ptr 0xa18000000
furious-puma-1:122460:123054 [5] NCCL INFO Imported shareable buffer device 5 size 10485760 ptr 0xa18000000
furious-puma-1:122455:123058 [0] NCCL INFO UDS converted handle 0x7500c0037f40 to fd 150 on remote peer 7
furious-puma-1:122457:123057 [2] NCCL INFO UDS converted handle 0x7acd60013e00 to fd 145 on remote peer 3
furious-puma-1:122460:123054 [5] NCCL INFO UDS converted handle 0x7244b0039420 to fd 146 on remote peer 4
furious-puma-1:122459:123052 [4] NCCL INFO UDS converted handle 0x70ee20013e00 to fd 145 on remote peer 5
furious-puma-1:122456:123055 [1] NCCL INFO Imported shareable buffer device 1 size 10485760 ptr 0xa18000000
furious-puma-1:122455:123058 [0] NCCL INFO Imported shareable buffer device 0 size 2097152 ptr 0xa17600000
furious-puma-1:122457:123057 [2] NCCL INFO Imported shareable buffer device 2 size 10485760 ptr 0xa18000000
furious-puma-1:122456:123055 [1] NCCL INFO UDS converted handle 0x7d15100393d0 to fd 144 on remote peer 0
furious-puma-1:122459:123052 [4] NCCL INFO Imported shareable buffer device 4 size 10485760 ptr 0xa18000000
furious-puma-1:122460:123054 [5] NCCL INFO Imported shareable buffer device 5 size 2097152 ptr 0xa18a00000
furious-puma-1:122461:123060 [6] NCCL INFO UDS converted handle 0x70ee20037f40 to fd 145 on remote peer 5
furious-puma-1:122462:123056 [7] NCCL INFO UDS converted handle 0x79ad80039420 to fd 143 on remote peer 6
furious-puma-1:122458:123059 [3] NCCL INFO UDS converted handle 0x7920440393e0 to fd 145 on remote peer 2
furious-puma-1:122456:123055 [1] NCCL INFO Imported shareable buffer device 1 size 2097152 ptr 0xa18a00000
furious-puma-1:122455:123058 [0] NCCL INFO UDS converted handle 0x79d318013e00 to fd 150 on remote peer 1
furious-puma-1:122461:123060 [6] NCCL INFO Imported shareable buffer device 6 size 2097152 ptr 0xa17600000
furious-puma-1:122462:123056 [7] NCCL INFO Imported shareable buffer device 7 size 2097152 ptr 0xa18a00000
furious-puma-1:122459:123052 [4] NCCL INFO UDS converted handle 0x7acd60039420 to fd 145 on remote peer 3
furious-puma-1:122461:123060 [6] NCCL INFO UDS converted handle 0x7500c0013e00 to fd 145 on remote peer 7
furious-puma-1:122455:123058 [0] NCCL INFO Imported shareable buffer device 0 size 10485760 ptr 0xa18000000
furious-puma-1:122458:123059 [3] NCCL INFO Imported shareable buffer device 3 size 2097152 ptr 0xa18a00000
furious-puma-1:122462:123056 [7] NCCL INFO UDS converted handle 0x7d1510015a50 to fd 144 on remote peer 0
furious-puma-1:122459:123052 [4] NCCL INFO Imported shareable buffer device 4 size 2097152 ptr 0xa18a00000
furious-puma-1:122457:123057 [2] NCCL INFO UDS converted handle 0x79d318039420 to fd 146 on remote peer 1
furious-puma-1:122460:123054 [5] NCCL INFO UDS converted handle 0x79ad80015a50 to fd 145 on remote peer 6
furious-puma-1:122456:123055 [1] NCCL INFO UDS converted handle 0x792044015a50 to fd 143 on remote peer 2
furious-puma-1:122461:123060 [6] NCCL INFO Imported shareable buffer device 6 size 10485760 ptr 0xa18000000
furious-puma-1:122462:123056 [7] NCCL INFO Imported shareable buffer device 7 size 10485760 ptr 0xa18c00000
furious-puma-1:122456:123055 [1] NCCL INFO Imported shareable buffer device 1 size 10485760 ptr 0xa18c00000
furious-puma-1:122457:123057 [2] NCCL INFO Imported shareable buffer device 2 size 2097152 ptr 0xa18a00000
furious-puma-1:122459:123052 [4] NCCL INFO UDS converted handle 0x70ee20015a50 to fd 145 on remote peer 5
furious-puma-1:122460:123054 [5] NCCL INFO Imported shareable buffer device 5 size 10485760 ptr 0xa18c00000
furious-puma-1:122455:123058 [0] NCCL INFO UDS converted handle 0x7500c0039420 to fd 150 on remote peer 7
furious-puma-1:122458:123059 [3] NCCL INFO UDS converted handle 0x7244b0015a50 to fd 145 on remote peer 4
furious-puma-1:122462:123056 [7] NCCL INFO UDS converted handle 0x79ad8003a900 to fd 144 on remote peer 6
furious-puma-1:122459:123052 [4] NCCL INFO Imported shareable buffer device 4 size 10485760 ptr 0xa18c00000
furious-puma-1:122456:123055 [1] NCCL INFO UDS converted handle 0x7d151003a8b0 to fd 144 on remote peer 0
furious-puma-1:122457:123057 [2] NCCL INFO UDS converted handle 0x7acd60015a50 to fd 145 on remote peer 3
furious-puma-1:122455:123058 [0] NCCL INFO Imported shareable buffer device 0 size 2097152 ptr 0xa18a00000
furious-puma-1:122458:123059 [3] NCCL INFO Imported shareable buffer device 3 size 10485760 ptr 0xa18c00000
furious-puma-1:122461:123060 [6] NCCL INFO UDS converted handle 0x70ee20039420 to fd 145 on remote peer 5
furious-puma-1:122456:123055 [1] NCCL INFO Imported shareable buffer device 1 size 2097152 ptr 0xa19600000
furious-puma-1:122462:123056 [7] NCCL INFO Imported shareable buffer device 7 size 2097152 ptr 0xa19600000
furious-puma-1:122457:123057 [2] NCCL INFO Imported shareable buffer device 2 size 10485760 ptr 0xa18c00000
furious-puma-1:122460:123054 [5] NCCL INFO UDS converted handle 0x7244b003a900 to fd 145 on remote peer 4
furious-puma-1:122461:123060 [6] NCCL INFO Imported shareable buffer device 6 size 2097152 ptr 0xa18a00000
furious-puma-1:122462:123056 [7] NCCL INFO UDS converted handle 0x7d1510017250 to fd 144 on remote peer 0
furious-puma-1:122459:123052 [4] NCCL INFO UDS converted handle 0x7acd6003a900 to fd 145 on remote peer 3
furious-puma-1:122462:123056 [7] NCCL INFO Imported shareable buffer device 7 size 10485760 ptr 0xa1a000000
furious-puma-1:122455:123058 [0] NCCL INFO UDS converted handle 0x79d318015a50 to fd 150 on remote peer 1
furious-puma-1:122462:123056 [7] NCCL INFO UDS converted handle 0x79ad8003bde0 to fd 144 on remote peer 6
furious-puma-1:122460:123054 [5] NCCL INFO Imported shareable buffer device 5 size 2097152 ptr 0xa19600000
furious-puma-1:122458:123059 [3] NCCL INFO UDS converted handle 0x79204403a8c0 to fd 145 on remote peer 2
furious-puma-1:122462:123056 [7] NCCL INFO Imported shareable buffer device 7 size 2097152 ptr 0xa1aa00000
furious-puma-1:122459:123052 [4] NCCL INFO Imported shareable buffer device 4 size 2097152 ptr 0xa19600000
furious-puma-1:122455:123058 [0] NCCL INFO Imported shareable buffer device 0 size 10485760 ptr 0xa18c00000
furious-puma-1:122461:123060 [6] NCCL INFO UDS converted handle 0x7500c0015a50 to fd 145 on remote peer 7
furious-puma-1:122458:123059 [3] NCCL INFO Imported shareable buffer device 3 size 2097152 ptr 0xa19600000
furious-puma-1:122460:123054 [5] NCCL INFO UDS converted handle 0x79ad80017250 to fd 145 on remote peer 6
furious-puma-1:122457:123057 [2] NCCL INFO UDS converted handle 0x79d31803a900 to fd 145 on remote peer 1
furious-puma-1:122461:123060 [6] NCCL INFO Imported shareable buffer device 6 size 10485760 ptr 0xa18c00000
furious-puma-1:122462:123056 [7] NCCL INFO UDS converted handle 0x7d1510018a50 to fd 144 on remote peer 0
furious-puma-1:122457:123057 [2] NCCL INFO Imported shareable buffer device 2 size 2097152 ptr 0xa19600000
furious-puma-1:122456:123055 [1] NCCL INFO UDS converted handle 0x792044017250 to fd 144 on remote peer 2
furious-puma-1:122459:123052 [4] NCCL INFO UDS converted handle 0x70ee20017250 to fd 145 on remote peer 5
furious-puma-1:122455:123058 [0] NCCL INFO UDS converted handle 0x7500c003a900 to fd 149 on remote peer 7
furious-puma-1:122460:123054 [5] NCCL INFO Imported shareable buffer device 5 size 10485760 ptr 0xa1a000000
furious-puma-1:122462:123056 [7] NCCL INFO Imported shareable buffer device 7 size 10485760 ptr 0xa1ac00000
furious-puma-1:122458:123059 [3] NCCL INFO UDS converted handle 0x7244b0017250 to fd 145 on remote peer 4
furious-puma-1:122456:123055 [1] NCCL INFO Imported shareable buffer device 1 size 10485760 ptr 0xa1a000000
furious-puma-1:122459:123052 [4] NCCL INFO Imported shareable buffer device 4 size 10485760 ptr 0xa1a000000
furious-puma-1:122461:123060 [6] NCCL INFO UDS converted handle 0x70ee2003a900 to fd 145 on remote peer 5
furious-puma-1:122457:123057 [2] NCCL INFO UDS converted handle 0x7acd60017250 to fd 144 on remote peer 3
furious-puma-1:122455:123058 [0] NCCL INFO Imported shareable buffer device 0 size 2097152 ptr 0xa19600000
furious-puma-1:122457:123057 [2] NCCL INFO Imported shareable buffer device 2 size 10485760 ptr 0xa1a000000
furious-puma-1:122458:123059 [3] NCCL INFO Imported shareable buffer device 3 size 10485760 ptr 0xa1a000000
furious-puma-1:122462:123056 [7] NCCL INFO UDS converted handle 0x79ad8003d2c0 to fd 144 on remote peer 6
furious-puma-1:122459:123052 [4] NCCL INFO UDS converted handle 0x7acd6003bde0 to fd 145 on remote peer 3
furious-puma-1:122461:123060 [6] NCCL INFO Imported shareable buffer device 6 size 2097152 ptr 0xa19600000
furious-puma-1:122456:123055 [1] NCCL INFO UDS converted handle 0x7d151003bd90 to fd 144 on remote peer 0
furious-puma-1:122460:123054 [5] NCCL INFO UDS converted handle 0x7244b003bde0 to fd 145 on remote peer 4
furious-puma-1:122462:123056 [7] NCCL INFO Imported shareable buffer device 7 size 2097152 ptr 0xa1b600000
furious-puma-1:122456:123055 [1] NCCL INFO Imported shareable buffer device 1 size 2097152 ptr 0xa1aa00000
furious-puma-1:122455:123058 [0] NCCL INFO UDS converted handle 0x79d318017250 to fd 150 on remote peer 1
furious-puma-1:122459:123052 [4] NCCL INFO Imported shareable buffer device 4 size 2097152 ptr 0xa1aa00000
furious-puma-1:122460:123054 [5] NCCL INFO Imported shareable buffer device 5 size 2097152 ptr 0xa1aa00000
furious-puma-1:122458:123059 [3] NCCL INFO UDS converted handle 0x79204403bda0 to fd 143 on remote peer 2
furious-puma-1:122461:123060 [6] NCCL INFO UDS converted handle 0x7500c0017250 to fd 145 on remote peer 7
furious-puma-1:122462:123056 [7] NCCL INFO UDS converted handle 0x7d151001a650 to fd 144 on remote peer 0
furious-puma-1:122459:123052 [4] NCCL INFO UDS converted handle 0x70ee20018a50 to fd 145 on remote peer 5
furious-puma-1:122460:123054 [5] NCCL INFO UDS converted handle 0x79ad80018a50 to fd 145 on remote peer 6
furious-puma-1:122458:123059 [3] NCCL INFO Imported shareable buffer device 3 size 2097152 ptr 0xa1aa00000
furious-puma-1:122455:123058 [0] NCCL INFO Imported shareable buffer device 0 size 10485760 ptr 0xa1a000000
furious-puma-1:122461:123060 [6] NCCL INFO Imported shareable buffer device 6 size 10485760 ptr 0xa1a000000
furious-puma-1:122457:123057 [2] NCCL INFO UDS converted handle 0x79d31803bde0 to fd 145 on remote peer 1
furious-puma-1:122462:123056 [7] NCCL INFO Imported shareable buffer device 7 size 10485760 ptr 0xa1c000000
furious-puma-1:122459:123052 [4] NCCL INFO Imported shareable buffer device 4 size 10485760 ptr 0xa1ac00000
furious-puma-1:122456:123055 [1] NCCL INFO UDS converted handle 0x792044018a50 to fd 143 on remote peer 2
furious-puma-1:122461:123060 [6] NCCL INFO UDS converted handle 0x70ee2003bde0 to fd 145 on remote peer 5
furious-puma-1:122460:123054 [5] NCCL INFO Imported shareable buffer device 5 size 10485760 ptr 0xa1ac00000
furious-puma-1:122457:123057 [2] NCCL INFO Imported shareable buffer device 2 size 2097152 ptr 0xa1aa00000
furious-puma-1:122461:123060 [6] NCCL INFO Imported shareable buffer device 6 size 2097152 ptr 0xa1aa00000
furious-puma-1:122455:123058 [0] NCCL INFO UDS converted handle 0x7500c003bde0 to fd 150 on remote peer 7
furious-puma-1:122458:123059 [3] NCCL INFO UDS converted handle 0x7244b0018a50 to fd 145 on remote peer 4
furious-puma-1:122456:123055 [1] NCCL INFO Imported shareable buffer device 1 size 10485760 ptr 0xa1ac00000
furious-puma-1:122462:123056 [7] NCCL INFO UDS converted handle 0x79ad8003e7a0 to fd 144 on remote peer 6
furious-puma-1:122458:123059 [3] NCCL INFO Imported shareable buffer device 3 size 10485760 ptr 0xa1ac00000
furious-puma-1:122459:123052 [4] NCCL INFO UDS converted handle 0x7acd6003d2c0 to fd 145 on remote peer 3
furious-puma-1:122461:123060 [6] NCCL INFO UDS converted handle 0x7500c0018a50 to fd 145 on remote peer 7
furious-puma-1:122455:123058 [0] NCCL INFO Imported shareable buffer device 0 size 2097152 ptr 0xa1aa00000
furious-puma-1:122462:123056 [7] NCCL INFO Imported shareable buffer device 7 size 2097152 ptr 0xa1ca00000
furious-puma-1:122459:123052 [4] NCCL INFO Imported shareable buffer device 4 size 2097152 ptr 0xa1b600000
furious-puma-1:122457:123057 [2] NCCL INFO UDS converted handle 0x7acd60018a50 to fd 145 on remote peer 3
furious-puma-1:122461:123060 [6] NCCL INFO Imported shareable buffer device 6 size 10485760 ptr 0xa1ac00000
furious-puma-1:122460:123054 [5] NCCL INFO UDS converted handle 0x7244b003d2c0 to fd 145 on remote peer 4
furious-puma-1:122456:123055 [1] NCCL INFO UDS converted handle 0x7d151003d270 to fd 144 on remote peer 0
furious-puma-1:122459:123052 [4] NCCL INFO UDS converted handle 0x70ee2001a6a0 to fd 145 on remote peer 5
furious-puma-1:122458:123059 [3] NCCL INFO UDS converted handle 0x79204403d280 to fd 143 on remote peer 2
furious-puma-1:122457:123057 [2] NCCL INFO Imported shareable buffer device 2 size 10485760 ptr 0xa1ac00000
furious-puma-1:122460:123054 [5] NCCL INFO Imported shareable buffer device 5 size 2097152 ptr 0xa1b600000
furious-puma-1:122455:123058 [0] NCCL INFO UDS converted handle 0x79d318018a50 to fd 150 on remote peer 1
furious-puma-1:122456:123055 [1] NCCL INFO Imported shareable buffer device 1 size 2097152 ptr 0xa1b600000
furious-puma-1:122458:123059 [3] NCCL INFO Imported shareable buffer device 3 size 2097152 ptr 0xa1b600000
furious-puma-1:122462:123056 [7] NCCL INFO UDS converted handle 0x7d151001be50 to fd 144 on remote peer 0
furious-puma-1:122461:123060 [6] NCCL INFO UDS converted handle 0x70ee2003d2c0 to fd 145 on remote peer 5
furious-puma-1:122460:123054 [5] NCCL INFO UDS converted handle 0x79ad8001a6a0 to fd 145 on remote peer 6
furious-puma-1:122459:123052 [4] NCCL INFO Imported shareable buffer device 4 size 10485760 ptr 0xa1c000000
furious-puma-1:122461:123060 [6] NCCL INFO Imported shareable buffer device 6 size 2097152 ptr 0xa1b600000
furious-puma-1:122455:123058 [0] NCCL INFO Imported shareable buffer device 0 size 10485760 ptr 0xa1ac00000
furious-puma-1:122457:123057 [2] NCCL INFO UDS converted handle 0x79d31803d2c0 to fd 145 on remote peer 1
furious-puma-1:122462:123056 [7] NCCL INFO Imported shareable buffer device 7 size 10485760 ptr 0xa1cc00000
furious-puma-1:122456:123055 [1] NCCL INFO UDS converted handle 0x79204401a6a0 to fd 144 on remote peer 2
furious-puma-1:122460:123054 [5] NCCL INFO Imported shareable buffer device 5 size 10485760 ptr 0xa1c000000
furious-puma-1:122459:123052 [4] NCCL INFO UDS converted handle 0x7acd6003e7a0 to fd 146 on remote peer 3
furious-puma-1:122458:123059 [3] NCCL INFO UDS converted handle 0x7244b001a6a0 to fd 145 on remote peer 4
furious-puma-1:122457:123057 [2] NCCL INFO Imported shareable buffer device 2 size 2097152 ptr 0xa1b600000
furious-puma-1:122456:123055 [1] NCCL INFO Imported shareable buffer device 1 size 10485760 ptr 0xa1c000000
furious-puma-1:122458:123059 [3] NCCL INFO Imported shareable buffer device 3 size 10485760 ptr 0xa1c000000
furious-puma-1:122459:123052 [4] NCCL INFO Imported shareable buffer device 4 size 2097152 ptr 0xa1ca00000
furious-puma-1:122461:123060 [6] NCCL INFO UDS converted handle 0x7500c001a6a0 to fd 146 on remote peer 7
furious-puma-1:122456:123055 [1] NCCL INFO UDS converted handle 0x7d151003e750 to fd 144 on remote peer 0
furious-puma-1:122460:123054 [5] NCCL INFO UDS converted handle 0x7244b003e7a0 to fd 145 on remote peer 4
furious-puma-1:122462:123056 [7] NCCL INFO UDS converted handle 0x79ad8003fc80 to fd 144 on remote peer 6
furious-puma-1:122457:123057 [2] NCCL INFO UDS converted handle 0x7acd6001a6a0 to fd 145 on remote peer 3
furious-puma-1:122456:123055 [1] NCCL INFO Imported shareable buffer device 1 size 2097152 ptr 0xa1ca00000
furious-puma-1:122462:123056 [7] NCCL INFO Imported shareable buffer device 7 size 2097152 ptr 0xa1d600000
furious-puma-1:122457:123057 [2] NCCL INFO Imported shareable buffer device 2 size 10485760 ptr 0xa1c000000
furious-puma-1:122461:123060 [6] NCCL INFO Imported shareable buffer device 6 size 10485760 ptr 0xa1c000000
furious-puma-1:122459:123052 [4] NCCL INFO UDS converted handle 0x70ee2001bea0 to fd 145 on remote peer 5
furious-puma-1:122455:123058 [0] NCCL INFO UDS converted handle 0x7500c003d2c0 to fd 150 on remote peer 7
furious-puma-1:122460:123054 [5] NCCL INFO Imported shareable buffer device 5 size 2097152 ptr 0xa1ca00000
furious-puma-1:122458:123059 [3] NCCL INFO UDS converted handle 0x79204403e760 to fd 145 on remote peer 2
furious-puma-1:122459:123052 [4] NCCL INFO Imported shareable buffer device 4 size 10485760 ptr 0xa1cc00000
furious-puma-1:122455:123058 [0] NCCL INFO Imported shareable buffer device 0 size 2097152 ptr 0xa1b600000
furious-puma-1:122458:123059 [3] NCCL INFO Imported shareable buffer device 3 size 2097152 ptr 0xa1ca00000
furious-puma-1:122461:123060 [6] NCCL INFO UDS converted handle 0x70ee2003e7a0 to fd 145 on remote peer 5
furious-puma-1:122457:123057 [2] NCCL INFO UDS converted handle 0x79d31803e7a0 to fd 145 on remote peer 1
furious-puma-1:122461:123060 [6] NCCL INFO Imported shareable buffer device 6 size 2097152 ptr 0xa1ca00000
furious-puma-1:122462:123056 [7] NCCL INFO UDS converted handle 0x7d151001d650 to fd 144 on remote peer 0
furious-puma-1:122461:123060 [6] NCCL INFO UDS converted handle 0x7500c001bea0 to fd 145 on remote peer 7
furious-puma-1:122456:123055 [1] NCCL INFO UDS converted handle 0x79204401bea0 to fd 144 on remote peer 2
furious-puma-1:122462:123056 [7] NCCL INFO Imported shareable buffer device 7 size 10485760 ptr 0xa1e000000
furious-puma-1:122460:123054 [5] NCCL INFO UDS converted handle 0x79ad8001bea0 to fd 145 on remote peer 6
furious-puma-1:122459:123052 [4] NCCL INFO UDS converted handle 0x7acd6003fc80 to fd 145 on remote peer 3
furious-puma-1:122459:123052 [4] NCCL INFO Imported shareable buffer device 4 size 2097152 ptr 0xa1d600000
furious-puma-1:122457:123057 [2] NCCL INFO Imported shareable buffer device 2 size 2097152 ptr 0xa1ca00000
furious-puma-1:122458:123059 [3] NCCL INFO UDS converted handle 0x7244b001bea0 to fd 145 on remote peer 4
furious-puma-1:122455:123058 [0] NCCL INFO UDS converted handle 0x79d31801a6a0 to fd 150 on remote peer 1
furious-puma-1:122461:123060 [6] NCCL INFO Imported shareable buffer device 6 size 10485760 ptr 0xa1cc00000
furious-puma-1:122456:123055 [1] NCCL INFO Imported shareable buffer device 1 size 10485760 ptr 0xa1cc00000
furious-puma-1:122455:123058 [0] NCCL INFO Imported shareable buffer device 0 size 10485760 ptr 0xa1c000000
furious-puma-1:122460:123054 [5] NCCL INFO Imported shareable buffer device 5 size 10485760 ptr 0xa1cc00000
furious-puma-1:122457:123057 [2] NCCL INFO UDS converted handle 0x7acd6001bea0 to fd 145 on remote peer 3
furious-puma-1:122462:123056 [7] NCCL INFO UDS converted handle 0x79ad80041340 to fd 144 on remote peer 6
furious-puma-1:122458:123059 [3] NCCL INFO Imported shareable buffer device 3 size 10485760 ptr 0xa1cc00000
furious-puma-1:122459:123052 [4] NCCL INFO UDS converted handle 0x70ee2001d6a0 to fd 143 on remote peer 5
furious-puma-1:122456:123055 [1] NCCL INFO UDS converted handle 0x7d151003fc30 to fd 144 on remote peer 0
furious-puma-1:122462:123056 [7] NCCL INFO Imported shareable buffer device 7 size 2097152 ptr 0xa1ea00000
furious-puma-1:122457:123057 [2] NCCL INFO Imported shareable buffer device 2 size 10485760 ptr 0xa1cc00000
furious-puma-1:122461:123060 [6] NCCL INFO UDS converted handle 0x70ee2003fc80 to fd 145 on remote peer 5
furious-puma-1:122460:123054 [5] NCCL INFO UDS converted handle 0x7244b003fc80 to fd 145 on remote peer 4
furious-puma-1:122455:123058 [0] NCCL INFO UDS converted handle 0x7500c003e7a0 to fd 150 on remote peer 7
furious-puma-1:122459:123052 [4] NCCL INFO Imported shareable buffer device 4 size 10485760 ptr 0xa1e000000
furious-puma-1:122455:123058 [0] NCCL INFO Imported shareable buffer device 0 size 2097152 ptr 0xa1ca00000
furious-puma-1:122456:123055 [1] NCCL INFO Imported shareable buffer device 1 size 2097152 ptr 0xa1d600000
furious-puma-1:122459:123052 [4] NCCL INFO UDS converted handle 0x7acd60041340 to fd 145 on remote peer 3
furious-puma-1:122457:123057 [2] NCCL INFO UDS converted handle 0x79d31803fc80 to fd 145 on remote peer 1
furious-puma-1:122460:123054 [5] NCCL INFO Imported shareable buffer device 5 size 2097152 ptr 0xa1d600000
furious-puma-1:122462:123056 [7] NCCL INFO UDS converted handle 0x7d151001f2a0 to fd 144 on remote peer 0
furious-puma-1:122458:123059 [3] NCCL INFO UDS converted handle 0x79204403fc40 to fd 145 on remote peer 2
furious-puma-1:122461:123060 [6] NCCL INFO Imported shareable buffer device 6 size 2097152 ptr 0xa1d600000
furious-puma-1:122457:123057 [2] NCCL INFO Imported shareable buffer device 2 size 2097152 ptr 0xa1d600000
furious-puma-1:122459:123052 [4] NCCL INFO Imported shareable buffer device 4 size 2097152 ptr 0xa1ea00000
furious-puma-1:122455:123058 [0] NCCL INFO UDS converted handle 0x79d31801bea0 to fd 150 on remote peer 1
furious-puma-1:122462:123056 [7] NCCL INFO Imported shareable buffer device 7 size 10485760 ptr 0xa1ec00000
furious-puma-1:122460:123054 [5] NCCL INFO UDS converted handle 0x79ad8001d6a0 to fd 145 on remote peer 6
furious-puma-1:122458:123059 [3] NCCL INFO Imported shareable buffer device 3 size 2097152 ptr 0xa1d600000
furious-puma-1:122459:123052 [4] NCCL INFO UDS converted handle 0x70ee2001f2f0 to fd 145 on remote peer 5
furious-puma-1:122455:123058 [0] NCCL INFO Imported shareable buffer device 0 size 10485760 ptr 0xa1cc00000
furious-puma-1:122456:123055 [1] NCCL INFO UDS converted handle 0x79204401d6a0 to fd 144 on remote peer 2
furious-puma-1:122460:123054 [5] NCCL INFO Imported shareable buffer device 5 size 10485760 ptr 0xa1e000000
furious-puma-1:122457:123057 [2] NCCL INFO UDS converted handle 0x7acd6001d6a0 to fd 145 on remote peer 3
furious-puma-1:122461:123060 [6] NCCL INFO UDS converted handle 0x7500c001d6a0 to fd 145 on remote peer 7
furious-puma-1:122459:123052 [4] NCCL INFO Imported shareable buffer device 4 size 10485760 ptr 0xa1ec00000
furious-puma-1:122457:123057 [2] NCCL INFO Imported shareable buffer device 2 size 10485760 ptr 0xa1e000000
furious-puma-1:122456:123055 [1] NCCL INFO Imported shareable buffer device 1 size 10485760 ptr 0xa1e000000
furious-puma-1:122462:123056 [7] NCCL INFO UDS converted handle 0x79ad80042b40 to fd 144 on remote peer 6
furious-puma-1:122461:123060 [6] NCCL INFO Imported shareable buffer device 6 size 10485760 ptr 0xa1e000000
furious-puma-1:122458:123059 [3] NCCL INFO UDS converted handle 0x7244b001d6a0 to fd 145 on remote peer 4
furious-puma-1:122455:123058 [0] NCCL INFO UDS converted handle 0x7500c003fc80 to fd 150 on remote peer 7
furious-puma-1:122462:123056 [7] NCCL INFO Imported shareable buffer device 7 size 2097152 ptr 0xa1f600000
furious-puma-1:122459:123052 [4] NCCL INFO UDS converted handle 0x7acd60042b40 to fd 145 on remote peer 3
furious-puma-1:122459:123052 [4] NCCL INFO Imported shareable buffer device 4 size 2097152 ptr 0xa1f600000
furious-puma-1:122458:123059 [3] NCCL INFO Imported shareable buffer device 3 size 10485760 ptr 0xa1e000000
furious-puma-1:122457:123057 [2] NCCL INFO UDS converted handle 0x79d318041340 to fd 145 on remote peer 1
furious-puma-1:122455:123058 [0] NCCL INFO Imported shareable buffer device 0 size 2097152 ptr 0xa1d600000
furious-puma-1:122460:123054 [5] NCCL INFO UDS converted handle 0x7244b0041340 to fd 146 on remote peer 4
furious-puma-1:122456:123055 [1] NCCL INFO UDS converted handle 0x7d15100412f0 to fd 144 on remote peer 0
furious-puma-1:122457:123057 [2] NCCL INFO Imported shareable buffer device 2 size 2097152 ptr 0xa1ea00000
furious-puma-1:122461:123060 [6] NCCL INFO UDS converted handle 0x70ee20041340 to fd 145 on remote peer 5
furious-puma-1:122456:123055 [1] NCCL INFO Imported shareable buffer device 1 size 2097152 ptr 0xa1ea00000
furious-puma-1:122460:123054 [5] NCCL INFO Imported shareable buffer device 5 size 2097152 ptr 0xa1ea00000
furious-puma-1:122461:123060 [6] NCCL INFO Imported shareable buffer device 6 size 2097152 ptr 0xa1ea00000
furious-puma-1:122458:123059 [3] NCCL INFO UDS converted handle 0x792044041300 to fd 145 on remote peer 2
furious-puma-1:122461:123060 [6] NCCL INFO UDS converted handle 0x7500c001f2f0 to fd 145 on remote peer 7
furious-puma-1:122455:123058 [0] NCCL INFO UDS converted handle 0x79d31801d6a0 to fd 150 on remote peer 1
furious-puma-1:122458:123059 [3] NCCL INFO Imported shareable buffer device 3 size 2097152 ptr 0xa1ea00000
furious-puma-1:122462:123056 [7] NCCL INFO UDS converted handle 0x7d1510020aa0 to fd 144 on remote peer 0
furious-puma-1:122457:123057 [2] NCCL INFO UDS converted handle 0x7acd6001f2f0 to fd 145 on remote peer 3
furious-puma-1:122459:123052 [4] NCCL INFO UDS converted handle 0x70ee20020af0 to fd 145 on remote peer 5
furious-puma-1:122455:123058 [0] NCCL INFO Imported shareable buffer device 0 size 10485760 ptr 0xa1e000000
furious-puma-1:122457:123057 [2] NCCL INFO Imported shareable buffer device 2 size 10485760 ptr 0xa1ec00000
furious-puma-1:122461:123060 [6] NCCL INFO Imported shareable buffer device 6 size 10485760 ptr 0xa1ec00000
furious-puma-1:122462:123056 [7] NCCL INFO Imported shareable buffer device 7 size 10485760 ptr 0x31c0000000
furious-puma-1:122460:123054 [5] NCCL INFO UDS converted handle 0x79ad8001f2f0 to fd 145 on remote peer 6
furious-puma-1:122456:123055 [1] NCCL INFO UDS converted handle 0x79204401f2f0 to fd 144 on remote peer 2
furious-puma-1:122460:123054 [5] NCCL INFO Imported shareable buffer device 5 size 10485760 ptr 0xa1ec00000
furious-puma-1:122459:123052 [4] NCCL INFO Imported shareable buffer device 4 size 10485760 ptr 0x31c0000000
furious-puma-1:122458:123059 [3] NCCL INFO UDS converted handle 0x7244b001f2f0 to fd 143 on remote peer 4
furious-puma-1:122461:123060 [6] NCCL INFO UDS converted handle 0x70ee20042b40 to fd 145 on remote peer 5
furious-puma-1:122455:123058 [0] NCCL INFO UDS converted handle 0x7500c0041340 to fd 150 on remote peer 7
furious-puma-1:122457:123057 [2] NCCL INFO UDS converted handle 0x79d318042b40 to fd 145 on remote peer 1
furious-puma-1:122455:123058 [0] NCCL INFO Imported shareable buffer device 0 size 2097152 ptr 0xa1ea00000
furious-puma-1:122456:123055 [1] NCCL INFO Imported shareable buffer device 1 size 10485760 ptr 0xa1ec00000
furious-puma-1:122461:123060 [6] NCCL INFO Imported shareable buffer device 6 size 2097152 ptr 0xa1f600000
furious-puma-1:122458:123059 [3] NCCL INFO Imported shareable buffer device 3 size 10485760 ptr 0xa1ec00000
furious-puma-1:122462:123056 [7] NCCL INFO UDS converted handle 0x79ad80044340 to fd 144 on remote peer 6
furious-puma-1:122459:123052 [4] NCCL INFO UDS converted handle 0x7acd60044340 to fd 146 on remote peer 3
furious-puma-1:122460:123054 [5] NCCL INFO UDS converted handle 0x7244b0042b40 to fd 145 on remote peer 4
furious-puma-1:122457:123057 [2] NCCL INFO Imported shareable buffer device 2 size 2097152 ptr 0xa1f600000
furious-puma-1:122460:123054 [5] NCCL INFO Imported shareable buffer device 5 size 2097152 ptr 0xa1f600000
furious-puma-1:122462:123056 [7] NCCL INFO Imported shareable buffer device 7 size 2097152 ptr 0x31c0a00000
furious-puma-1:122456:123055 [1] NCCL INFO UDS converted handle 0x7d1510042af0 to fd 145 on remote peer 0
furious-puma-1:122455:123058 [0] NCCL INFO UDS converted handle 0x79d31801f2f0 to fd 150 on remote peer 1
furious-puma-1:122459:123052 [4] NCCL INFO Imported shareable buffer device 4 size 2097152 ptr 0x31c0a00000
furious-puma-1:122458:123059 [3] NCCL INFO UDS converted handle 0x792044042b00 to fd 145 on remote peer 2
furious-puma-1:122461:123060 [6] NCCL INFO UDS converted handle 0x7500c0020af0 to fd 142 on remote peer 7
furious-puma-1:122462:123056 [7] NCCL INFO UDS converted handle 0x7d15100222a0 to fd 144 on remote peer 0
furious-puma-1:122457:123057 [2] NCCL INFO UDS converted handle 0x7acd60020af0 to fd 145 on remote peer 3
furious-puma-1:122455:123058 [0] NCCL INFO Imported shareable buffer device 0 size 10485760 ptr 0xa1ec00000
furious-puma-1:122461:123060 [6] NCCL INFO Imported shareable buffer device 6 size 10485760 ptr 0x31c0000000
furious-puma-1:122456:123055 [1] NCCL INFO Imported shareable buffer device 1 size 2097152 ptr 0xa1f600000
furious-puma-1:122462:123056 [7] NCCL INFO Imported shareable buffer device 7 size 10485760 ptr 0x31c0c00000
furious-puma-1:122458:123059 [3] NCCL INFO Imported shareable buffer device 3 size 2097152 ptr 0xa1f600000
furious-puma-1:122460:123054 [5] NCCL INFO UDS converted handle 0x79ad80020af0 to fd 145 on remote peer 6
furious-puma-1:122459:123052 [4] NCCL INFO UDS converted handle 0x70ee200222f0 to fd 145 on remote peer 5
furious-puma-1:122457:123057 [2] NCCL INFO Imported shareable buffer device 2 size 10485760 ptr 0x31c0000000
furious-puma-1:122460:123054 [5] NCCL INFO Imported shareable buffer device 5 size 10485760 ptr 0x31c0000000
furious-puma-1:122462:123056 [7] NCCL INFO UDS converted handle 0x79ad80045a00 to fd 144 on remote peer 6
furious-puma-1:122462:123056 [7] NCCL INFO Imported shareable buffer device 7 size 2097152 ptr 0x31c1600000
furious-puma-1:122459:123052 [4] NCCL INFO Imported shareable buffer device 4 size 10485760 ptr 0x31c0c00000
furious-puma-1:122456:123055 [1] NCCL INFO UDS converted handle 0x792044020af0 to fd 144 on remote peer 2
furious-puma-1:122455:123058 [0] NCCL INFO UDS converted handle 0x7500c0042b40 to fd 150 on remote peer 7
furious-puma-1:122461:123060 [6] NCCL INFO UDS converted handle 0x70ee20044340 to fd 145 on remote peer 5
furious-puma-1:122458:123059 [3] NCCL INFO UDS converted handle 0x7244b0020af0 to fd 145 on remote peer 4
furious-puma-1:122457:123057 [2] NCCL INFO UDS converted handle 0x79d318044340 to fd 145 on remote peer 1
furious-puma-1:122456:123055 [1] NCCL INFO Imported shareable buffer device 1 size 10485760 ptr 0x31c0000000
furious-puma-1:122459:123052 [4] NCCL INFO UDS converted handle 0x7acd60045a00 to fd 145 on remote peer 3
furious-puma-1:122455:123058 [0] NCCL INFO Imported shareable buffer device 0 size 2097152 ptr 0xa1f600000
furious-puma-1:122458:123059 [3] NCCL INFO Imported shareable buffer device 3 size 10485760 ptr 0x31c0000000
furious-puma-1:122457:123057 [2] NCCL INFO Imported shareable buffer device 2 size 2097152 ptr 0x31c0a00000
furious-puma-1:122460:123054 [5] NCCL INFO UDS converted handle 0x7244b0044340 to fd 145 on remote peer 4
furious-puma-1:122461:123060 [6] NCCL INFO Imported shareable buffer device 6 size 2097152 ptr 0x31c0a00000
furious-puma-1:122462:123056 [7] NCCL INFO UDS converted handle 0x7d1510023ef0 to fd 143 on remote peer 0
furious-puma-1:122460:123054 [5] NCCL INFO Imported shareable buffer device 5 size 2097152 ptr 0x31c0a00000
furious-puma-1:122462:123056 [7] NCCL INFO Imported shareable buffer device 7 size 10485760 ptr 0x31c2000000
furious-puma-1:122459:123052 [4] NCCL INFO Imported shareable buffer device 4 size 2097152 ptr 0x31c1600000
furious-puma-1:122455:123058 [0] NCCL INFO UDS converted handle 0x79d318020af0 to fd 150 on remote peer 1
furious-puma-1:122461:123060 [6] NCCL INFO UDS converted handle 0x7500c00222f0 to fd 145 on remote peer 7
furious-puma-1:122458:123059 [3] NCCL INFO UDS converted handle 0x792044044300 to fd 146 on remote peer 2
furious-puma-1:122457:123057 [2] NCCL INFO UDS converted handle 0x7acd600222f0 to fd 145 on remote peer 3
furious-puma-1:122456:123055 [1] NCCL INFO UDS converted handle 0x7d15100442f0 to fd 144 on remote peer 0
furious-puma-1:122455:123058 [0] NCCL INFO Imported shareable buffer device 0 size 10485760 ptr 0x31c0000000
furious-puma-1:122461:123060 [6] NCCL INFO Imported shareable buffer device 6 size 10485760 ptr 0x31c0c00000
furious-puma-1:122460:123054 [5] NCCL INFO UDS converted handle 0x79ad800222f0 to fd 145 on remote peer 6
furious-puma-1:122458:123059 [3] NCCL INFO Imported shareable buffer device 3 size 2097152 ptr 0x31c0a00000
furious-puma-1:122456:123055 [1] NCCL INFO Imported shareable buffer device 1 size 2097152 ptr 0x31c0a00000
furious-puma-1:122458:123059 [3] NCCL INFO UDS converted handle 0x7244b00222f0 to fd 145 on remote peer 4
furious-puma-1:122457:123057 [2] NCCL INFO Imported shareable buffer device 2 size 10485760 ptr 0x31c0c00000
furious-puma-1:122459:123052 [4] NCCL INFO UDS converted handle 0x70ee20023f40 to fd 145 on remote peer 5
furious-puma-1:122460:123054 [5] NCCL INFO Imported shareable buffer device 5 size 10485760 ptr 0x31c0c00000
furious-puma-1:122459:123052 [4] NCCL INFO Imported shareable buffer device 4 size 10485760 ptr 0x31c2000000
furious-puma-1:122455:123058 [0] NCCL INFO UDS converted handle 0x7500c0044340 to fd 150 on remote peer 7
furious-puma-1:122458:123059 [3] NCCL INFO Imported shareable buffer device 3 size 10485760 ptr 0x31c0c00000
furious-puma-1:122461:123060 [6] NCCL INFO UDS converted handle 0x70ee20045a00 to fd 142 on remote peer 5
furious-puma-1:122462:123056 [7] NCCL INFO UDS converted handle 0x79ad80047340 to fd 144 on remote peer 6
furious-puma-1:122460:123054 [5] NCCL INFO UDS converted handle 0x7244b0045a00 to fd 145 on remote peer 4
furious-puma-1:122455:123058 [0] NCCL INFO Imported shareable buffer device 0 size 2097152 ptr 0x31c0a00000
furious-puma-1:122461:123060 [6] NCCL INFO Imported shareable buffer device 6 size 2097152 ptr 0x31c1600000
furious-puma-1:122456:123055 [1] NCCL INFO UDS converted handle 0x7920440222f0 to fd 145 on remote peer 2
furious-puma-1:122460:123054 [5] NCCL INFO Imported shareable buffer device 5 size 2097152 ptr 0x31c1600000
furious-puma-1:122457:123057 [2] NCCL INFO UDS converted handle 0x79d318045a00 to fd 145 on remote peer 1
furious-puma-1:122459:123052 [4] NCCL INFO UDS converted handle 0x7acd60047340 to fd 145 on remote peer 3
furious-puma-1:122462:123056 [7] NCCL INFO Imported shareable buffer device 7 size 2097152 ptr 0x31c2a00000
furious-puma-1:122456:123055 [1] NCCL INFO Imported shareable buffer device 1 size 10485760 ptr 0x31c0c00000
furious-puma-1:122457:123057 [2] NCCL INFO Imported shareable buffer device 2 size 2097152 ptr 0x31c1600000
furious-puma-1:122459:123052 [4] NCCL INFO Imported shareable buffer device 4 size 2097152 ptr 0x31c2a00000
furious-puma-1:122458:123059 [3] NCCL INFO UDS converted handle 0x7920440459c0 to fd 145 on remote peer 2
furious-puma-1:122461:123060 [6] NCCL INFO UDS converted handle 0x7500c0023f40 to fd 145 on remote peer 7
furious-puma-1:122461:123060 [6] NCCL INFO Imported shareable buffer device 6 size 10485760 ptr 0x31c2000000
furious-puma-1:122455:123058 [0] NCCL INFO UDS converted handle 0x79d3180222f0 to fd 151 on remote peer 1
furious-puma-1:122460:123054 [5] NCCL INFO UDS converted handle 0x79ad80023f40 to fd 145 on remote peer 6
furious-puma-1:122462:123056 [7] NCCL INFO UDS converted handle 0x7d15100256f0 to fd 144 on remote peer 0
furious-puma-1:122458:123059 [3] NCCL INFO Imported shareable buffer device 3 size 2097152 ptr 0x31c1600000
furious-puma-1:122459:123052 [4] NCCL INFO UDS converted handle 0x70ee20025740 to fd 145 on remote peer 5
furious-puma-1:122455:123058 [0] NCCL INFO Imported shareable buffer device 0 size 10485760 ptr 0x31c0c00000
furious-puma-1:122460:123054 [5] NCCL INFO Imported shareable buffer device 5 size 10485760 ptr 0x31c2000000
furious-puma-1:122457:123057 [2] NCCL INFO UDS converted handle 0x7acd60023f40 to fd 145 on remote peer 3
furious-puma-1:122458:123059 [3] NCCL INFO UDS converted handle 0x7244b0023f40 to fd 145 on remote peer 4
furious-puma-1:122459:123052 [4] NCCL INFO Imported shareable buffer device 4 size 10485760 ptr 0x31c2c00000
furious-puma-1:122462:123056 [7] NCCL INFO Imported shareable buffer device 7 size 10485760 ptr 0x31c2c00000
furious-puma-1:122461:123060 [6] NCCL INFO UDS converted handle 0x70ee20047340 to fd 142 on remote peer 5
furious-puma-1:122455:123058 [0] NCCL INFO UDS converted handle 0x7500c0045a00 to fd 151 on remote peer 7
furious-puma-1:122456:123055 [1] NCCL INFO UDS converted handle 0x7d15100459b0 to fd 144 on remote peer 0
furious-puma-1:122457:123057 [2] NCCL INFO Imported shareable buffer device 2 size 10485760 ptr 0x31c2000000
furious-puma-1:122461:123060 [6] NCCL INFO Imported shareable buffer device 6 size 2097152 ptr 0x31c2a00000
furious-puma-1:122462:123056 [7] NCCL INFO UDS converted handle 0x79ad80048d10 to fd 144 on remote peer 6
furious-puma-1:122458:123059 [3] NCCL INFO Imported shareable buffer device 3 size 10485760 ptr 0x31c2000000
furious-puma-1:122460:123054 [5] NCCL INFO UDS converted handle 0x7244b0047340 to fd 145 on remote peer 4
furious-puma-1:122455:123058 [0] NCCL INFO Imported shareable buffer device 0 size 2097152 ptr 0x31c1600000
furious-puma-1:122456:123055 [1] NCCL INFO Imported shareable buffer device 1 size 2097152 ptr 0x31c1600000
furious-puma-1:122459:123052 [4] NCCL INFO UDS converted handle 0x7acd60048d10 to fd 145 on remote peer 3
furious-puma-1:122462:123056 [7] NCCL INFO Imported shareable buffer device 7 size 2097152 ptr 0x31c3600000
furious-puma-1:122461:123060 [6] NCCL INFO UDS converted handle 0x7500c0025740 to fd 142 on remote peer 7
furious-puma-1:122460:123054 [5] NCCL INFO Imported shareable buffer device 5 size 2097152 ptr 0x31c2a00000
furious-puma-1:122458:123059 [3] NCCL INFO UDS converted handle 0x792044047300 to fd 145 on remote peer 2
furious-puma-1:122459:123052 [4] NCCL INFO Imported shareable buffer device 4 size 2097152 ptr 0x31c3600000
furious-puma-1:122461:123060 [6] NCCL INFO Imported shareable buffer device 6 size 10485760 ptr 0x31c2c00000
furious-puma-1:122457:123057 [2] NCCL INFO UDS converted handle 0x79d318047340 to fd 145 on remote peer 1
furious-puma-1:122459:123052 [4] NCCL INFO UDS converted handle 0x70ee20026f40 to fd 145 on remote peer 5
furious-puma-1:122457:123057 [2] NCCL INFO Imported shareable buffer device 2 size 2097152 ptr 0x31c2a00000
furious-puma-1:122458:123059 [3] NCCL INFO Imported shareable buffer device 3 size 2097152 ptr 0x31c2a00000
furious-puma-1:122462:123056 [7] NCCL INFO UDS converted handle 0x7d1510026ef0 to fd 144 on remote peer 0
furious-puma-1:122460:123054 [5] NCCL INFO UDS converted handle 0x79ad80025740 to fd 145 on remote peer 6
furious-puma-1:122459:123052 [4] NCCL INFO Imported shareable buffer device 4 size 10485760 ptr 0x31c4000000
furious-puma-1:122456:123055 [1] NCCL INFO UDS converted handle 0x792044023f40 to fd 144 on remote peer 2
furious-puma-1:122460:123054 [5] NCCL INFO Imported shareable buffer device 5 size 10485760 ptr 0x31c2c00000
furious-puma-1:122462:123056 [7] NCCL INFO Imported shareable buffer device 7 size 10485760 ptr 0x31c4000000
furious-puma-1:122455:123058 [0] NCCL INFO UDS converted handle 0x79d318023f40 to fd 151 on remote peer 1
furious-puma-1:122461:123060 [6] NCCL INFO UDS converted handle 0x70ee20048d10 to fd 145 on remote peer 5
furious-puma-1:122458:123059 [3] NCCL INFO UDS converted handle 0x7244b0025740 to fd 145 on remote peer 4
furious-puma-1:122457:123057 [2] NCCL INFO UDS converted handle 0x7acd60025740 to fd 145 on remote peer 3
furious-puma-1:122455:123058 [0] NCCL INFO Imported shareable buffer device 0 size 10485760 ptr 0x31c2000000
furious-puma-1:122456:123055 [1] NCCL INFO Imported shareable buffer device 1 size 10485760 ptr 0x31c2000000
furious-puma-1:122461:123060 [6] NCCL INFO Imported shareable buffer device 6 size 2097152 ptr 0x31c3600000
furious-puma-1:122458:123059 [3] NCCL INFO Imported shareable buffer device 3 size 10485760 ptr 0x31c2c00000
furious-puma-1:122460:123054 [5] NCCL INFO UDS converted handle 0x7244b0048d10 to fd 145 on remote peer 4
furious-puma-1:122457:123057 [2] NCCL INFO Imported shareable buffer device 2 size 10485760 ptr 0x31c2c00000
furious-puma-1:122456:123055 [1] NCCL INFO UDS converted handle 0x7d15100472f0 to fd 144 on remote peer 0
furious-puma-1:122462:123056 [7] NCCL INFO UDS converted handle 0x79ad8004a510 to fd 144 on remote peer 6
furious-puma-1:122460:123054 [5] NCCL INFO Imported shareable buffer device 5 size 2097152 ptr 0x31c3600000
furious-puma-1:122455:123058 [0] NCCL INFO UDS converted handle 0x7500c0047340 to fd 151 on remote peer 7
furious-puma-1:122459:123052 [4] NCCL INFO UDS converted handle 0x7acd6004a510 to fd 145 on remote peer 3
furious-puma-1:122458:123059 [3] NCCL INFO UDS converted handle 0x792044048cd0 to fd 145 on remote peer 2
furious-puma-1:122461:123060 [6] NCCL INFO UDS converted handle 0x7500c0026f40 to fd 145 on remote peer 7
furious-puma-1:122462:123056 [7] NCCL INFO Imported shareable buffer device 7 size 2097152 ptr 0x31c4a00000
furious-puma-1:122455:123058 [0] NCCL INFO Imported shareable buffer device 0 size 2097152 ptr 0x31c2a00000
furious-puma-1:122456:123055 [1] NCCL INFO Imported shareable buffer device 1 size 2097152 ptr 0x31c2a00000
furious-puma-1:122458:123059 [3] NCCL INFO Imported shareable buffer device 3 size 2097152 ptr 0x31c3600000
furious-puma-1:122461:123060 [6] NCCL INFO Imported shareable buffer device 6 size 10485760 ptr 0x31c4000000
furious-puma-1:122462:123056 [7] NCCL INFO UDS converted handle 0x7d1510028b40 to fd 144 on remote peer 0
furious-puma-1:122457:123057 [2] NCCL INFO UDS converted handle 0x79d318048d10 to fd 145 on remote peer 1
furious-puma-1:122462:123056 [7] NCCL INFO Imported shareable buffer device 7 size 10485760 ptr 0x31c4c00000
furious-puma-1:122459:123052 [4] NCCL INFO Imported shareable buffer device 4 size 2097152 ptr 0x31c4a00000
furious-puma-1:122460:123054 [5] NCCL INFO UDS converted handle 0x79ad80026f40 to fd 145 on remote peer 6
furious-puma-1:122458:123059 [3] NCCL INFO UDS converted handle 0x7244b0026f40 to fd 145 on remote peer 4
furious-puma-1:122456:123055 [1] NCCL INFO UDS converted handle 0x792044025740 to fd 144 on remote peer 2
furious-puma-1:122461:123060 [6] NCCL INFO UDS converted handle 0x70ee2004a510 to fd 145 on remote peer 5
furious-puma-1:122456:123055 [1] NCCL INFO Imported shareable buffer device 1 size 10485760 ptr 0x31c2c00000
furious-puma-1:122461:123060 [6] NCCL INFO Imported shareable buffer device 6 size 2097152 ptr 0x31c4a00000
furious-puma-1:122458:123059 [3] NCCL INFO Imported shareable buffer device 3 size 10485760 ptr 0x31c4000000
furious-puma-1:122457:123057 [2] NCCL INFO Imported shareable buffer device 2 size 2097152 ptr 0x31c3600000
furious-puma-1:122455:123058 [0] NCCL INFO UDS converted handle 0x79d318025740 to fd 149 on remote peer 1
furious-puma-1:122460:123054 [5] NCCL INFO Imported shareable buffer device 5 size 10485760 ptr 0x31c4000000
furious-puma-1:122462:123056 [7] NCCL INFO UDS converted handle 0x79ad8004bd10 to fd 144 on remote peer 6
furious-puma-1:122462:123056 [7] NCCL INFO Imported shareable buffer device 7 size 2097152 ptr 0x31c5600000
furious-puma-1:122459:123052 [4] NCCL INFO UDS converted handle 0x70ee20028b90 to fd 146 on remote peer 5
furious-puma-1:122460:123054 [5] NCCL INFO UDS converted handle 0x7244b004a510 to fd 145 on remote peer 4
furious-puma-1:122456:123055 [1] NCCL INFO UDS converted handle 0x7d1510048cc0 to fd 144 on remote peer 0
furious-puma-1:122455:123058 [0] NCCL INFO Imported shareable buffer device 0 size 10485760 ptr 0x31c2c00000
furious-puma-1:122461:123060 [6] NCCL INFO UDS converted handle 0x7500c0028b90 to fd 145 on remote peer 7
furious-puma-1:122458:123059 [3] NCCL INFO UDS converted handle 0x79204404a4d0 to fd 145 on remote peer 2
furious-puma-1:122460:123054 [5] NCCL INFO Imported shareable buffer device 5 size 2097152 ptr 0x31c4a00000
furious-puma-1:122460:123054 [5] NCCL INFO UDS converted handle 0x79ad80028b90 to fd 145 on remote peer 6
furious-puma-1:122456:123055 [1] NCCL INFO Imported shareable buffer device 1 size 2097152 ptr 0x31c3600000
furious-puma-1:122457:123057 [2] NCCL INFO UDS converted handle 0x7acd60026f40 to fd 144 on remote peer 3
furious-puma-1:122459:123052 [4] NCCL INFO Imported shareable buffer device 4 size 10485760 ptr 0x31c4c00000
furious-puma-1:122461:123060 [6] NCCL INFO Imported shareable buffer device 6 size 10485760 ptr 0x31c4c00000
furious-puma-1:122458:123059 [3] NCCL INFO Imported shareable buffer device 3 size 2097152 ptr 0x31c4a00000
furious-puma-1:122455:123058 [0] NCCL INFO UDS converted handle 0x7500c0048d10 to fd 150 on remote peer 7
furious-puma-1:122457:123057 [2] NCCL INFO Imported shareable buffer device 2 size 10485760 ptr 0x31c4000000
furious-puma-1:122460:123054 [5] NCCL INFO Imported shareable buffer device 5 size 10485760 ptr 0x31c4c00000
furious-puma-1:122462:123056 [7] NCCL INFO UDS converted handle 0x7d151002a340 to fd 144 on remote peer 0
furious-puma-1:122456:123055 [1] NCCL INFO UDS converted handle 0x792044026f40 to fd 144 on remote peer 2
furious-puma-1:122458:123059 [3] NCCL INFO UDS converted handle 0x7244b0028b90 to fd 145 on remote peer 4
furious-puma-1:122455:123058 [0] NCCL INFO Imported shareable buffer device 0 size 2097152 ptr 0x31c3600000
furious-puma-1:122457:123057 [2] NCCL INFO UDS converted handle 0x79d31804a510 to fd 145 on remote peer 1
furious-puma-1:122459:123052 [4] NCCL INFO UDS converted handle 0x7acd6004bd10 to fd 145 on remote peer 3
furious-puma-1:122461:123060 [6] NCCL INFO UDS converted handle 0x70ee2004bd10 to fd 145 on remote peer 5
furious-puma-1:122456:123055 [1] NCCL INFO Imported shareable buffer device 1 size 10485760 ptr 0x31c4000000
furious-puma-1:122462:123056 [7] NCCL INFO Imported shareable buffer device 7 size 10485760 ptr 0x31c6000000
furious-puma-1:122459:123052 [4] NCCL INFO Imported shareable buffer device 4 size 2097152 ptr 0x31c5600000
furious-puma-1:122458:123059 [3] NCCL INFO Imported shareable buffer device 3 size 10485760 ptr 0x31c4c00000
furious-puma-1:122460:123054 [5] NCCL INFO UDS converted handle 0x7244b004bd10 to fd 145 on remote peer 4
furious-puma-1:122457:123057 [2] NCCL INFO Imported shareable buffer device 2 size 2097152 ptr 0x31c4a00000
furious-puma-1:122460:123054 [5] NCCL INFO Imported shareable buffer device 5 size 2097152 ptr 0x31c5600000
furious-puma-1:122461:123060 [6] NCCL INFO Imported shareable buffer device 6 size 2097152 ptr 0x31c5600000
furious-puma-1:122455:123058 [0] NCCL INFO UDS converted handle 0x79d318026f40 to fd 150 on remote peer 1
furious-puma-1:122462:123056 [7] NCCL INFO UDS converted handle 0x79ad8004d510 to fd 144 on remote peer 6
furious-puma-1:122456:123055 [1] NCCL INFO UDS converted handle 0x7d151004a4c0 to fd 144 on remote peer 0
furious-puma-1:122457:123057 [2] NCCL INFO UDS converted handle 0x7acd60028b90 to fd 145 on remote peer 3
furious-puma-1:122459:123052 [4] NCCL INFO UDS converted handle 0x70ee2002a390 to fd 145 on remote peer 5
furious-puma-1:122458:123059 [3] NCCL INFO UDS converted handle 0x79204404bcd0 to fd 145 on remote peer 2
furious-puma-1:122455:123058 [0] NCCL INFO Imported shareable buffer device 0 size 10485760 ptr 0x31c4000000
furious-puma-1:122462:123056 [7] NCCL INFO Imported shareable buffer device 7 size 2097152 ptr 0x31c6a00000
furious-puma-1:122461:123060 [6] NCCL INFO UDS converted handle 0x7500c002a390 to fd 145 on remote peer 7
furious-puma-1:122457:123057 [2] NCCL INFO Imported shareable buffer device 2 size 10485760 ptr 0x31c4c00000
furious-puma-1:122459:123052 [4] NCCL INFO Imported shareable buffer device 4 size 10485760 ptr 0x31c6000000
furious-puma-1:122458:123059 [3] NCCL INFO Imported shareable buffer device 3 size 2097152 ptr 0x31c5600000
furious-puma-1:122456:123055 [1] NCCL INFO Imported shareable buffer device 1 size 2097152 ptr 0x31c4a00000
furious-puma-1:122460:123054 [5] NCCL INFO UDS converted handle 0x79ad8002a390 to fd 145 on remote peer 6
furious-puma-1:122455:123058 [0] NCCL INFO UDS converted handle 0x7500c004a510 to fd 150 on remote peer 7
furious-puma-1:122461:123060 [6] NCCL INFO Imported shareable buffer device 6 size 10485760 ptr 0x31c6000000
furious-puma-1:122460:123054 [5] NCCL INFO Imported shareable buffer device 5 size 10485760 ptr 0x31c6000000
furious-puma-1:122459:123052 [4] NCCL INFO UDS converted handle 0x7acd6004d510 to fd 145 on remote peer 3
furious-puma-1:122462:123056 [7] NCCL INFO UDS converted handle 0x7d151002bb40 to fd 143 on remote peer 0
furious-puma-1:122455:123058 [0] NCCL INFO Imported shareable buffer device 0 size 2097152 ptr 0x31c4a00000
furious-puma-1:122458:123059 [3] NCCL INFO UDS converted handle 0x7244b002a390 to fd 145 on remote peer 4
furious-puma-1:122457:123057 [2] NCCL INFO UDS converted handle 0x79d31804bd10 to fd 145 on remote peer 1
furious-puma-1:122462:123056 [7] NCCL INFO Imported shareable buffer device 7 size 10485760 ptr 0x31c6c00000
furious-puma-1:122459:123052 [4] NCCL INFO Imported shareable buffer device 4 size 2097152 ptr 0x31c6a00000
furious-puma-1:122456:123055 [1] NCCL INFO UDS converted handle 0x792044028b90 to fd 144 on remote peer 2
furious-puma-1:122461:123060 [6] NCCL INFO UDS converted handle 0x70ee2004d510 to fd 145 on remote peer 5
furious-puma-1:122458:123059 [3] NCCL INFO Imported shareable buffer device 3 size 10485760 ptr 0x31c6000000
furious-puma-1:122457:123057 [2] NCCL INFO Imported shareable buffer device 2 size 2097152 ptr 0x31c5600000
furious-puma-1:122460:123054 [5] NCCL INFO UDS converted handle 0x7244b004d510 to fd 145 on remote peer 4
furious-puma-1:122462:123056 [7] NCCL INFO UDS converted handle 0x79ad8004ed10 to fd 144 on remote peer 6
furious-puma-1:122457:123057 [2] NCCL INFO UDS converted handle 0x7acd6002a390 to fd 145 on remote peer 3
furious-puma-1:122456:123055 [1] NCCL INFO Imported shareable buffer device 1 size 10485760 ptr 0x31c4c00000
furious-puma-1:122461:123060 [6] NCCL INFO Imported shareable buffer device 6 size 2097152 ptr 0x31c6a00000
furious-puma-1:122455:123058 [0] NCCL INFO UDS converted handle 0x79d318028b90 to fd 150 on remote peer 1
furious-puma-1:122459:123052 [4] NCCL INFO UDS converted handle 0x70ee2002bb90 to fd 145 on remote peer 5
furious-puma-1:122462:123056 [7] NCCL INFO Imported shareable buffer device 7 size 2097152 ptr 0x31c7600000
furious-puma-1:122457:123057 [2] NCCL INFO Imported shareable buffer device 2 size 10485760 ptr 0x31c6000000
furious-puma-1:122458:123059 [3] NCCL INFO UDS converted handle 0x79204404d4d0 to fd 145 on remote peer 2
furious-puma-1:122460:123054 [5] NCCL INFO Imported shareable buffer device 5 size 2097152 ptr 0x31c6a00000
furious-puma-1:122456:123055 [1] NCCL INFO UDS converted handle 0x7d151004bcc0 to fd 143 on remote peer 0
furious-puma-1:122462:123056 [7] NCCL INFO UDS converted handle 0x7d151002d790 to fd 145 on remote peer 0
furious-puma-1:122461:123060 [6] NCCL INFO UDS converted handle 0x7500c002bb90 to fd 145 on remote peer 7
furious-puma-1:122458:123059 [3] NCCL INFO Imported shareable buffer device 3 size 2097152 ptr 0x31c6a00000
furious-puma-1:122459:123052 [4] NCCL INFO Imported shareable buffer device 4 size 10485760 ptr 0x31c6c00000
furious-puma-1:122455:123058 [0] NCCL INFO Imported shareable buffer device 0 size 10485760 ptr 0x31c4c00000
furious-puma-1:122457:123057 [2] NCCL INFO UDS converted handle 0x79d31804d510 to fd 144 on remote peer 1
furious-puma-1:122456:123055 [1] NCCL INFO Imported shareable buffer device 1 size 2097152 ptr 0x31c5600000
furious-puma-1:122462:123056 [7] NCCL INFO Imported shareable buffer device 7 size 10485760 ptr 0x31c8000000
furious-puma-1:122461:123060 [6] NCCL INFO Imported shareable buffer device 6 size 10485760 ptr 0x31c6c00000
furious-puma-1:122460:123054 [5] NCCL INFO UDS converted handle 0x79ad8002bb90 to fd 145 on remote peer 6
furious-puma-1:122459:123052 [4] NCCL INFO UDS converted handle 0x7acd6004ed10 to fd 146 on remote peer 3
furious-puma-1:122458:123059 [3] NCCL INFO UDS converted handle 0x7244b002bb90 to fd 145 on remote peer 4
furious-puma-1:122457:123057 [2] NCCL INFO Imported shareable buffer device 2 size 2097152 ptr 0x31c6a00000
furious-puma-1:122456:123055 [1] NCCL INFO UDS converted handle 0x79204402a390 to fd 144 on remote peer 2
furious-puma-1:122461:123060 [6] NCCL INFO UDS converted handle 0x70ee2004ed10 to fd 145 on remote peer 5
furious-puma-1:122459:123052 [4] NCCL INFO Imported shareable buffer device 4 size 2097152 ptr 0x31c7600000
furious-puma-1:122460:123054 [5] NCCL INFO Imported shareable buffer device 5 size 10485760 ptr 0x31c6c00000
furious-puma-1:122455:123058 [0] NCCL INFO UDS converted handle 0x7500c004bd10 to fd 150 on remote peer 7
furious-puma-1:122458:123059 [3] NCCL INFO Imported shareable buffer device 3 size 10485760 ptr 0x31c6c00000
furious-puma-1:122461:123060 [6] NCCL INFO Imported shareable buffer device 6 size 2097152 ptr 0x31c7600000
furious-puma-1:122462:123056 [7] NCCL INFO UDS converted handle 0x79ad80050510 to fd 144 on remote peer 6
furious-puma-1:122455:123058 [0] NCCL INFO Imported shareable buffer device 0 size 2097152 ptr 0x31c5600000
furious-puma-1:122456:123055 [1] NCCL INFO Imported shareable buffer device 1 size 10485760 ptr 0x31c6000000
furious-puma-1:122461:123060 [6] NCCL INFO UDS converted handle 0x7500c002d7e0 to fd 145 on remote peer 7
furious-puma-1:122457:123057 [2] NCCL INFO UDS converted handle 0x7acd6002bb90 to fd 145 on remote peer 3
furious-puma-1:122462:123056 [7] NCCL INFO Imported shareable buffer device 7 size 2097152 ptr 0x31c8a00000
furious-puma-1:122460:123054 [5] NCCL INFO UDS converted handle 0x7244b004ed10 to fd 146 on remote peer 4
furious-puma-1:122459:123052 [4] NCCL INFO UDS converted handle 0x70ee2002d7e0 to fd 145 on remote peer 5
furious-puma-1:122457:123057 [2] NCCL INFO Imported shareable buffer device 2 size 10485760 ptr 0x31c6c00000
furious-puma-1:122458:123059 [3] NCCL INFO UDS converted handle 0x79204404ecd0 to fd 145 on remote peer 2
furious-puma-1:122461:123060 [6] NCCL INFO Imported shareable buffer device 6 size 10485760 ptr 0x31c8000000
furious-puma-1:122460:123054 [5] NCCL INFO Imported shareable buffer device 5 size 2097152 ptr 0x31c7600000
furious-puma-1:122455:123058 [0] NCCL INFO UDS converted handle 0x79d31802a390 to fd 151 on remote peer 1
furious-puma-1:122456:123055 [1] NCCL INFO UDS converted handle 0x7d151004d4c0 to fd 144 on remote peer 0
furious-puma-1:122461:123060 [6] NCCL INFO UDS converted handle 0x70ee20050510 to fd 145 on remote peer 5
furious-puma-1:122456:123055 [1] NCCL INFO Imported shareable buffer device 1 size 2097152 ptr 0x31c6a00000
furious-puma-1:122458:123059 [3] NCCL INFO Imported shareable buffer device 3 size 2097152 ptr 0x31c7600000
furious-puma-1:122459:123052 [4] NCCL INFO Imported shareable buffer device 4 size 10485760 ptr 0x31c8000000
furious-puma-1:122455:123058 [0] NCCL INFO Imported shareable buffer device 0 size 10485760 ptr 0x31c6000000
furious-puma-1:122460:123054 [5] NCCL INFO UDS converted handle 0x79ad8002d7e0 to fd 145 on remote peer 6
furious-puma-1:122456:123055 [1] NCCL INFO UDS converted handle 0x79204402bb90 to fd 145 on remote peer 2
furious-puma-1:122457:123057 [2] NCCL INFO UDS converted handle 0x79d31804ed10 to fd 145 on remote peer 1
furious-puma-1:122461:123060 [6] NCCL INFO Imported shareable buffer device 6 size 2097152 ptr 0x31c8a00000
furious-puma-1:122455:123058 [0] NCCL INFO UDS converted handle 0x7500c004d510 to fd 150 on remote peer 7
furious-puma-1:122459:123052 [4] NCCL INFO UDS converted handle 0x7acd60050510 to fd 145 on remote peer 3
furious-puma-1:122460:123054 [5] NCCL INFO Imported shareable buffer device 5 size 10485760 ptr 0x31c8000000
furious-puma-1:122458:123059 [3] NCCL INFO UDS converted handle 0x7244b002d7e0 to fd 145 on remote peer 4
furious-puma-1:122459:123052 [4] NCCL INFO Imported shareable buffer device 4 size 2097152 ptr 0x31c8a00000
furious-puma-1:122457:123057 [2] NCCL INFO Imported shareable buffer device 2 size 2097152 ptr 0x31c7600000
furious-puma-1:122456:123055 [1] NCCL INFO Imported shareable buffer device 1 size 10485760 ptr 0x31c6c00000
furious-puma-1:122455:123058 [0] NCCL INFO Imported shareable buffer device 0 size 2097152 ptr 0x31c6a00000
furious-puma-1:122458:123059 [3] NCCL INFO Imported shareable buffer device 3 size 10485760 ptr 0x31c8000000
furious-puma-1:122456:123055 [1] NCCL INFO UDS converted handle 0x7d151004ecc0 to fd 144 on remote peer 0
furious-puma-1:122455:123058 [0] NCCL INFO UDS converted handle 0x79d31802bb90 to fd 150 on remote peer 1
furious-puma-1:122457:123057 [2] NCCL INFO UDS converted handle 0x7acd6002d7e0 to fd 145 on remote peer 3
furious-puma-1:122456:123055 [1] NCCL INFO Imported shareable buffer device 1 size 2097152 ptr 0x31c7600000
furious-puma-1:122460:123054 [5] NCCL INFO UDS converted handle 0x7244b0050510 to fd 145 on remote peer 4
furious-puma-1:122455:123058 [0] NCCL INFO Imported shareable buffer device 0 size 10485760 ptr 0x31c6c00000
furious-puma-1:122457:123057 [2] NCCL INFO Imported shareable buffer device 2 size 10485760 ptr 0x31c8000000
furious-puma-1:122460:123054 [5] NCCL INFO Imported shareable buffer device 5 size 2097152 ptr 0x31c8a00000
furious-puma-1:122458:123059 [3] NCCL INFO UDS converted handle 0x7920440504d0 to fd 145 on remote peer 2
furious-puma-1:122457:123057 [2] NCCL INFO UDS converted handle 0x79d318050510 to fd 144 on remote peer 1
furious-puma-1:122458:123059 [3] NCCL INFO Imported shareable buffer device 3 size 2097152 ptr 0x31c8a00000
furious-puma-1:122456:123055 [1] NCCL INFO UDS converted handle 0x79204402d7a0 to fd 144 on remote peer 2
furious-puma-1:122455:123058 [0] NCCL INFO UDS converted handle 0x7500c004ed10 to fd 150 on remote peer 7
furious-puma-1:122456:123055 [1] NCCL INFO Imported shareable buffer device 1 size 10485760 ptr 0x31c8000000
furious-puma-1:122457:123057 [2] NCCL INFO Imported shareable buffer device 2 size 2097152 ptr 0x31c8a00000
furious-puma-1:122455:123058 [0] NCCL INFO Imported shareable buffer device 0 size 2097152 ptr 0x31c7600000
furious-puma-1:122456:123055 [1] NCCL INFO UDS converted handle 0x7d15100504c0 to fd 145 on remote peer 0
furious-puma-1:122455:123058 [0] NCCL INFO UDS converted handle 0x79d31802d7e0 to fd 150 on remote peer 1
furious-puma-1:122456:123055 [1] NCCL INFO Imported shareable buffer device 1 size 2097152 ptr 0x31c8a00000
furious-puma-1:122455:123058 [0] NCCL INFO Imported shareable buffer device 0 size 10485760 ptr 0x31c8000000
furious-puma-1:122455:123058 [0] NCCL INFO UDS converted handle 0x7500c0050510 to fd 150 on remote peer 7
furious-puma-1:122455:123058 [0] NCCL INFO Imported shareable buffer device 0 size 2097152 ptr 0x31c8a00000
furious-puma-1:122458:123059 [3] NCCL INFO Connected all rings, use ring PXN 0 GDR 1
furious-puma-1:122457:123057 [2] NCCL INFO Connected all rings, use ring PXN 0 GDR 1
furious-puma-1:122456:123055 [1] NCCL INFO Connected all rings, use ring PXN 0 GDR 1
furious-puma-1:122455:123058 [0] NCCL INFO Connected all rings, use ring PXN 0 GDR 1
furious-puma-1:122462:123056 [7] NCCL INFO Connected all rings, use ring PXN 0 GDR 1
furious-puma-1:122461:123060 [6] NCCL INFO Connected all rings, use ring PXN 0 GDR 1
furious-puma-1:122460:123054 [5] NCCL INFO Connected all rings, use ring PXN 0 GDR 1
furious-puma-1:122459:123052 [4] NCCL INFO Connected all rings, use ring PXN 0 GDR 1
Using auto half precision backend
furious-puma-1:122458:123035 [3] NCCL INFO Allocated shareable buffer 0x7acccd600000 size 10485760 ipcDesc 0x7acd60051cc0
furious-puma-1:122458:123035 [3] NCCL INFO Allocated shareable buffer 0x7acd37c00000 size 10485760 ipcDesc 0x7acd60053560
furious-puma-1:122458:123035 [3] NCCL INFO Allocated shareable buffer 0x7acd38600000 size 10485760 ipcDesc 0x7acd60054f40
furious-puma-1:122458:123035 [3] NCCL INFO Allocated shareable buffer 0x7acd39000000 size 10485760 ipcDesc 0x7acd60056740
furious-puma-1:122458:123035 [3] NCCL INFO Allocated shareable buffer 0x7acd39a00000 size 10485760 ipcDesc 0x7acd60057f40
furious-puma-1:122458:123035 [3] NCCL INFO Allocated shareable buffer 0x7acd3a400000 size 10485760 ipcDesc 0x7acd60059740
furious-puma-1:122458:123035 [3] NCCL INFO Allocated shareable buffer 0x7acd3ae00000 size 10485760 ipcDesc 0x7acd6005af40
furious-puma-1:122458:123035 [3] NCCL INFO Allocated shareable buffer 0x7acd3b800000 size 10485760 ipcDesc 0x7acd6005c740
furious-puma-1:122458:123035 [3] NCCL INFO Allocated shareable buffer 0x7acd3c200000 size 10485760 ipcDesc 0x7acd6005df40
furious-puma-1:122458:123035 [3] NCCL INFO Allocated shareable buffer 0x7acd3cc00000 size 10485760 ipcDesc 0x7acd6005f740
furious-puma-1:122458:123035 [3] NCCL INFO Allocated shareable buffer 0x7acd3d600000 size 10485760 ipcDesc 0x7acd60060f40
furious-puma-1:122458:123035 [3] NCCL INFO Allocated shareable buffer 0x7acd3e000000 size 10485760 ipcDesc 0x7acd60062740
furious-puma-1:122458:123035 [3] NCCL INFO Allocated shareable buffer 0x7acd3ea00000 size 10485760 ipcDesc 0x7acd60063f40
furious-puma-1:122458:123035 [3] NCCL INFO Allocated shareable buffer 0x7acd3f400000 size 10485760 ipcDesc 0x7acd60065740
furious-puma-1:122458:123035 [3] NCCL INFO Allocated shareable buffer 0x7acd3fe00000 size 10485760 ipcDesc 0x7acd60066f40
furious-puma-1:122458:123035 [3] NCCL INFO Allocated shareable buffer 0x7acd40800000 size 10485760 ipcDesc 0x7acd60068740
furious-puma-1:122458:123035 [3] NCCL INFO Allocated shareable buffer 0x7acd41200000 size 10485760 ipcDesc 0x7acd60069f40
furious-puma-1:122458:123035 [3] NCCL INFO Allocated shareable buffer 0x7acd41c00000 size 10485760 ipcDesc 0x7acd6006b740
furious-puma-1:122458:123035 [3] NCCL INFO Allocated shareable buffer 0x7acd42600000 size 10485760 ipcDesc 0x7acd6006cf40
furious-puma-1:122458:123035 [3] NCCL INFO Allocated shareable buffer 0x7acd43000000 size 10485760 ipcDesc 0x7acd6006e740
furious-puma-1:122458:123035 [3] NCCL INFO Allocated shareable buffer 0x7acd43a00000 size 10485760 ipcDesc 0x7acd6006ff40
furious-puma-1:122458:123035 [3] NCCL INFO Allocated shareable buffer 0x7acd44400000 size 10485760 ipcDesc 0x7acd60071740
furious-puma-1:122458:123035 [3] NCCL INFO Allocated shareable buffer 0x7acd44e00000 size 10485760 ipcDesc 0x7acd60072f40
furious-puma-1:122458:123035 [3] NCCL INFO Allocated shareable buffer 0x7acd45800000 size 10485760 ipcDesc 0x7acd60074740
furious-puma-1:122458:123035 [3] NCCL INFO Allocated shareable buffer 0x7acd46200000 size 10485760 ipcDesc 0x7acd60075f40
furious-puma-1:122458:123035 [3] NCCL INFO Allocated shareable buffer 0x7acd46c00000 size 10485760 ipcDesc 0x7acd60077740
furious-puma-1:122458:123035 [3] NCCL INFO Allocated shareable buffer 0x7acd47600000 size 10485760 ipcDesc 0x7acd60078f40
furious-puma-1:122458:123035 [3] NCCL INFO Allocated shareable buffer 0x7acd48000000 size 10485760 ipcDesc 0x7acd6007a740
furious-puma-1:122458:123035 [3] NCCL INFO Allocated shareable buffer 0x7acd48a00000 size 10485760 ipcDesc 0x7acd6007bf40
furious-puma-1:122458:123035 [3] NCCL INFO Allocated shareable buffer 0x7acd49400000 size 10485760 ipcDesc 0x7acd6007d740
furious-puma-1:122458:123035 [3] NCCL INFO Allocated shareable buffer 0x7acd49e00000 size 10485760 ipcDesc 0x7acd6007ef40
furious-puma-1:122458:123035 [3] NCCL INFO Allocated shareable buffer 0x7acd4a800000 size 10485760 ipcDesc 0x7acd60080740
furious-puma-1:122456:123045 [1] NCCL INFO Allocated shareable buffer 0x79d281600000 size 10485760 ipcDesc 0x79d318051cc0
furious-puma-1:122456:123045 [1] NCCL INFO Allocated shareable buffer 0x79d2ebc00000 size 10485760 ipcDesc 0x79d318053560
furious-puma-1:122456:123045 [1] NCCL INFO Allocated shareable buffer 0x79d2ec600000 size 10485760 ipcDesc 0x79d318054f40
furious-puma-1:122456:123045 [1] NCCL INFO Allocated shareable buffer 0x79d2ed000000 size 10485760 ipcDesc 0x79d318056740
furious-puma-1:122456:123045 [1] NCCL INFO Allocated shareable buffer 0x79d2eda00000 size 10485760 ipcDesc 0x79d318057f40
furious-puma-1:122456:123045 [1] NCCL INFO Allocated shareable buffer 0x79d2ee400000 size 10485760 ipcDesc 0x79d318059740
furious-puma-1:122456:123045 [1] NCCL INFO Allocated shareable buffer 0x79d2eee00000 size 10485760 ipcDesc 0x79d31805af40
furious-puma-1:122456:123045 [1] NCCL INFO Allocated shareable buffer 0x79d2ef800000 size 10485760 ipcDesc 0x79d31805c740
furious-puma-1:122456:123045 [1] NCCL INFO Allocated shareable buffer 0x79d2f0200000 size 10485760 ipcDesc 0x79d31805df40
furious-puma-1:122456:123045 [1] NCCL INFO Allocated shareable buffer 0x79d2f0c00000 size 10485760 ipcDesc 0x79d31805f740
furious-puma-1:122456:123045 [1] NCCL INFO Allocated shareable buffer 0x79d2f1600000 size 10485760 ipcDesc 0x79d318060f40
furious-puma-1:122456:123045 [1] NCCL INFO Allocated shareable buffer 0x79d2f2000000 size 10485760 ipcDesc 0x79d318062740
furious-puma-1:122456:123045 [1] NCCL INFO Allocated shareable buffer 0x79d2f2a00000 size 10485760 ipcDesc 0x79d318063f40
furious-puma-1:122456:123045 [1] NCCL INFO Allocated shareable buffer 0x79d2f3400000 size 10485760 ipcDesc 0x79d318065740
furious-puma-1:122456:123045 [1] NCCL INFO Allocated shareable buffer 0x79d2f3e00000 size 10485760 ipcDesc 0x79d318066f40
furious-puma-1:122456:123045 [1] NCCL INFO Allocated shareable buffer 0x79d2f4800000 size 10485760 ipcDesc 0x79d318068740
furious-puma-1:122456:123045 [1] NCCL INFO Allocated shareable buffer 0x79d2f5200000 size 10485760 ipcDesc 0x79d318069f40
furious-puma-1:122456:123045 [1] NCCL INFO Allocated shareable buffer 0x79d2f5c00000 size 10485760 ipcDesc 0x79d31806b740
furious-puma-1:122456:123045 [1] NCCL INFO Allocated shareable buffer 0x79d2f6600000 size 10485760 ipcDesc 0x79d31806cf40
furious-puma-1:122456:123045 [1] NCCL INFO Allocated shareable buffer 0x79d2f7000000 size 10485760 ipcDesc 0x79d31806e740
furious-puma-1:122456:123045 [1] NCCL INFO Allocated shareable buffer 0x79d2f7a00000 size 10485760 ipcDesc 0x79d31806ff40
furious-puma-1:122456:123045 [1] NCCL INFO Allocated shareable buffer 0x79d2f8400000 size 10485760 ipcDesc 0x79d318071740
furious-puma-1:122456:123045 [1] NCCL INFO Allocated shareable buffer 0x79d2f8e00000 size 10485760 ipcDesc 0x79d318072f40
furious-puma-1:122456:123045 [1] NCCL INFO Allocated shareable buffer 0x79d2f9800000 size 10485760 ipcDesc 0x79d318074740
furious-puma-1:122456:123045 [1] NCCL INFO Allocated shareable buffer 0x79d2fa200000 size 10485760 ipcDesc 0x79d318075f40
furious-puma-1:122456:123045 [1] NCCL INFO Allocated shareable buffer 0x79d2fac00000 size 10485760 ipcDesc 0x79d318077740
furious-puma-1:122456:123045 [1] NCCL INFO Allocated shareable buffer 0x79d2fb600000 size 10485760 ipcDesc 0x79d318078f40
furious-puma-1:122456:123045 [1] NCCL INFO Allocated shareable buffer 0x79d2fc000000 size 10485760 ipcDesc 0x79d31807a740
furious-puma-1:122456:123045 [1] NCCL INFO Allocated shareable buffer 0x79d2fca00000 size 10485760 ipcDesc 0x79d31807bf40
furious-puma-1:122456:123045 [1] NCCL INFO Allocated shareable buffer 0x79d2fd400000 size 10485760 ipcDesc 0x79d31807d740
furious-puma-1:122456:123045 [1] NCCL INFO Allocated shareable buffer 0x79d2fde00000 size 10485760 ipcDesc 0x79d31807ef40
furious-puma-1:122456:123045 [1] NCCL INFO Allocated shareable buffer 0x79d2fe800000 size 10485760 ipcDesc 0x79d318080740
furious-puma-1:122460:123049 [5] NCCL INFO Allocated shareable buffer 0x70ed89600000 size 10485760 ipcDesc 0x70ee20051cc0
furious-puma-1:122460:123049 [5] NCCL INFO Allocated shareable buffer 0x70edf3c00000 size 10485760 ipcDesc 0x70ee20053560
furious-puma-1:122460:123049 [5] NCCL INFO Allocated shareable buffer 0x70edf4600000 size 10485760 ipcDesc 0x70ee20054f40
furious-puma-1:122460:123049 [5] NCCL INFO Allocated shareable buffer 0x70edf5000000 size 10485760 ipcDesc 0x70ee20056740
furious-puma-1:122460:123049 [5] NCCL INFO Allocated shareable buffer 0x70edf5a00000 size 10485760 ipcDesc 0x70ee20057f40
furious-puma-1:122460:123049 [5] NCCL INFO Allocated shareable buffer 0x70edf6400000 size 10485760 ipcDesc 0x70ee20059740
furious-puma-1:122460:123049 [5] NCCL INFO Allocated shareable buffer 0x70edf6e00000 size 10485760 ipcDesc 0x70ee2005af40
furious-puma-1:122460:123049 [5] NCCL INFO Allocated shareable buffer 0x70edf7800000 size 10485760 ipcDesc 0x70ee2005c740
furious-puma-1:122462:123047 [7] NCCL INFO Allocated shareable buffer 0x750035600000 size 10485760 ipcDesc 0x7500c0051cc0
furious-puma-1:122460:123049 [5] NCCL INFO Allocated shareable buffer 0x70edf8200000 size 10485760 ipcDesc 0x70ee2005df40
furious-puma-1:122462:123047 [7] NCCL INFO Allocated shareable buffer 0x75009fc00000 size 10485760 ipcDesc 0x7500c0053560
furious-puma-1:122460:123049 [5] NCCL INFO Allocated shareable buffer 0x70edf8c00000 size 10485760 ipcDesc 0x70ee2005f740
furious-puma-1:122462:123047 [7] NCCL INFO Allocated shareable buffer 0x7500a0600000 size 10485760 ipcDesc 0x7500c0054f40
furious-puma-1:122460:123049 [5] NCCL INFO Allocated shareable buffer 0x70edf9600000 size 10485760 ipcDesc 0x70ee20060f40
furious-puma-1:122462:123047 [7] NCCL INFO Allocated shareable buffer 0x7500a1000000 size 10485760 ipcDesc 0x7500c0056740
furious-puma-1:122460:123049 [5] NCCL INFO Allocated shareable buffer 0x70edfa000000 size 10485760 ipcDesc 0x70ee20062740
furious-puma-1:122462:123047 [7] NCCL INFO Allocated shareable buffer 0x7500a1a00000 size 10485760 ipcDesc 0x7500c0057f40
furious-puma-1:122460:123049 [5] NCCL INFO Allocated shareable buffer 0x70edfaa00000 size 10485760 ipcDesc 0x70ee20063f40
furious-puma-1:122462:123047 [7] NCCL INFO Allocated shareable buffer 0x7500a2400000 size 10485760 ipcDesc 0x7500c0059740
furious-puma-1:122460:123049 [5] NCCL INFO Allocated shareable buffer 0x70edfb400000 size 10485760 ipcDesc 0x70ee20065740
furious-puma-1:122462:123047 [7] NCCL INFO Allocated shareable buffer 0x7500a2e00000 size 10485760 ipcDesc 0x7500c005af40
furious-puma-1:122460:123049 [5] NCCL INFO Allocated shareable buffer 0x70edfbe00000 size 10485760 ipcDesc 0x70ee20066f40
furious-puma-1:122462:123047 [7] NCCL INFO Allocated shareable buffer 0x7500a3800000 size 10485760 ipcDesc 0x7500c005c740
furious-puma-1:122460:123049 [5] NCCL INFO Allocated shareable buffer 0x70edfc800000 size 10485760 ipcDesc 0x70ee20068740
furious-puma-1:122462:123047 [7] NCCL INFO Allocated shareable buffer 0x7500a4200000 size 10485760 ipcDesc 0x7500c005df40
furious-puma-1:122460:123049 [5] NCCL INFO Allocated shareable buffer 0x70edfd200000 size 10485760 ipcDesc 0x70ee20069f40
furious-puma-1:122462:123047 [7] NCCL INFO Allocated shareable buffer 0x7500a4c00000 size 10485760 ipcDesc 0x7500c005f740
furious-puma-1:122460:123049 [5] NCCL INFO Allocated shareable buffer 0x70edfdc00000 size 10485760 ipcDesc 0x70ee2006b740
furious-puma-1:122462:123047 [7] NCCL INFO Allocated shareable buffer 0x7500a5600000 size 10485760 ipcDesc 0x7500c0060f40
furious-puma-1:122460:123049 [5] NCCL INFO Allocated shareable buffer 0x70edfe600000 size 10485760 ipcDesc 0x70ee2006cf40
furious-puma-1:122462:123047 [7] NCCL INFO Allocated shareable buffer 0x7500a6000000 size 10485760 ipcDesc 0x7500c0062740
furious-puma-1:122460:123049 [5] NCCL INFO Allocated shareable buffer 0x70edff000000 size 10485760 ipcDesc 0x70ee2006e740
furious-puma-1:122462:123047 [7] NCCL INFO Allocated shareable buffer 0x7500a6a00000 size 10485760 ipcDesc 0x7500c0063f40
furious-puma-1:122460:123049 [5] NCCL INFO Allocated shareable buffer 0x70edffa00000 size 10485760 ipcDesc 0x70ee2006ff40
furious-puma-1:122462:123047 [7] NCCL INFO Allocated shareable buffer 0x7500a7400000 size 10485760 ipcDesc 0x7500c0065740
furious-puma-1:122460:123049 [5] NCCL INFO Allocated shareable buffer 0x70ee00400000 size 10485760 ipcDesc 0x70ee20071740
furious-puma-1:122462:123047 [7] NCCL INFO Allocated shareable buffer 0x7500a7e00000 size 10485760 ipcDesc 0x7500c0066f40
furious-puma-1:122460:123049 [5] NCCL INFO Allocated shareable buffer 0x70ee00e00000 size 10485760 ipcDesc 0x70ee20072f40
furious-puma-1:122462:123047 [7] NCCL INFO Allocated shareable buffer 0x7500a8800000 size 10485760 ipcDesc 0x7500c0068740
furious-puma-1:122460:123049 [5] NCCL INFO Allocated shareable buffer 0x70ee01800000 size 10485760 ipcDesc 0x70ee20074740
furious-puma-1:122462:123047 [7] NCCL INFO Allocated shareable buffer 0x7500a9200000 size 10485760 ipcDesc 0x7500c0069f40
furious-puma-1:122460:123049 [5] NCCL INFO Allocated shareable buffer 0x70ee02200000 size 10485760 ipcDesc 0x70ee20075f40
furious-puma-1:122462:123047 [7] NCCL INFO Allocated shareable buffer 0x7500a9c00000 size 10485760 ipcDesc 0x7500c006b740
furious-puma-1:122460:123049 [5] NCCL INFO Allocated shareable buffer 0x70ee02c00000 size 10485760 ipcDesc 0x70ee20077740
furious-puma-1:122462:123047 [7] NCCL INFO Allocated shareable buffer 0x7500aa600000 size 10485760 ipcDesc 0x7500c006cf40
furious-puma-1:122462:123047 [7] NCCL INFO Allocated shareable buffer 0x7500ab000000 size 10485760 ipcDesc 0x7500c006e740
furious-puma-1:122460:123049 [5] NCCL INFO Allocated shareable buffer 0x70ee03600000 size 10485760 ipcDesc 0x70ee20078f40
furious-puma-1:122462:123047 [7] NCCL INFO Allocated shareable buffer 0x7500aba00000 size 10485760 ipcDesc 0x7500c006ff40
furious-puma-1:122460:123049 [5] NCCL INFO Allocated shareable buffer 0x70ee04000000 size 10485760 ipcDesc 0x70ee2007a740
furious-puma-1:122462:123047 [7] NCCL INFO Allocated shareable buffer 0x7500ac400000 size 10485760 ipcDesc 0x7500c0071740
furious-puma-1:122460:123049 [5] NCCL INFO Allocated shareable buffer 0x70ee04a00000 size 10485760 ipcDesc 0x70ee2007bf40
furious-puma-1:122462:123047 [7] NCCL INFO Allocated shareable buffer 0x7500ace00000 size 10485760 ipcDesc 0x7500c0072f40
furious-puma-1:122460:123049 [5] NCCL INFO Allocated shareable buffer 0x70ee05400000 size 10485760 ipcDesc 0x70ee2007d740
furious-puma-1:122462:123047 [7] NCCL INFO Allocated shareable buffer 0x7500ad800000 size 10485760 ipcDesc 0x7500c0074740
furious-puma-1:122460:123049 [5] NCCL INFO Allocated shareable buffer 0x70ee05e00000 size 10485760 ipcDesc 0x70ee2007ef40
furious-puma-1:122462:123047 [7] NCCL INFO Allocated shareable buffer 0x7500ae200000 size 10485760 ipcDesc 0x7500c0075f40
furious-puma-1:122460:123049 [5] NCCL INFO Allocated shareable buffer 0x70ee06800000 size 10485760 ipcDesc 0x70ee20080740
furious-puma-1:122462:123047 [7] NCCL INFO Allocated shareable buffer 0x7500aec00000 size 10485760 ipcDesc 0x7500c0077740
furious-puma-1:122462:123047 [7] NCCL INFO Allocated shareable buffer 0x7500af600000 size 10485760 ipcDesc 0x7500c0078f40
furious-puma-1:122462:123047 [7] NCCL INFO Allocated shareable buffer 0x7500b0000000 size 10485760 ipcDesc 0x7500c007a740
furious-puma-1:122462:123047 [7] NCCL INFO Allocated shareable buffer 0x7500b0a00000 size 10485760 ipcDesc 0x7500c007bf40
furious-puma-1:122462:123047 [7] NCCL INFO Allocated shareable buffer 0x7500b1400000 size 10485760 ipcDesc 0x7500c007d740
furious-puma-1:122462:123047 [7] NCCL INFO Allocated shareable buffer 0x7500b1e00000 size 10485760 ipcDesc 0x7500c007ef40
furious-puma-1:122462:123047 [7] NCCL INFO Allocated shareable buffer 0x7500b2800000 size 10485760 ipcDesc 0x7500c0080740
The following columns in the Training set don't have a corresponding argument in `LlamaForCausalLM.forward` and have been ignored: messages. If messages are not expected by `LlamaForCausalLM.forward`,  you can safely ignore this message.
furious-puma-1:122457:123041 [2] NCCL INFO Allocated shareable buffer 0x791fb9600000 size 10485760 ipcDesc 0x792044051c80
furious-puma-1:122457:123041 [2] NCCL INFO Allocated shareable buffer 0x792023c00000 size 10485760 ipcDesc 0x792044053520
furious-puma-1:122457:123041 [2] NCCL INFO Allocated shareable buffer 0x792024600000 size 10485760 ipcDesc 0x792044054f00
furious-puma-1:122457:123041 [2] NCCL INFO Allocated shareable buffer 0x792025000000 size 10485760 ipcDesc 0x792044056700
furious-puma-1:122457:123041 [2] NCCL INFO Allocated shareable buffer 0x792025a00000 size 10485760 ipcDesc 0x792044057f00
furious-puma-1:122457:123041 [2] NCCL INFO Allocated shareable buffer 0x792026400000 size 10485760 ipcDesc 0x792044059700
furious-puma-1:122457:123041 [2] NCCL INFO Allocated shareable buffer 0x792026e00000 size 10485760 ipcDesc 0x79204405af00
furious-puma-1:122457:123041 [2] NCCL INFO Allocated shareable buffer 0x792027800000 size 10485760 ipcDesc 0x79204405c700
furious-puma-1:122457:123041 [2] NCCL INFO Allocated shareable buffer 0x792028200000 size 10485760 ipcDesc 0x79204405df00
furious-puma-1:122457:123041 [2] NCCL INFO Allocated shareable buffer 0x792028c00000 size 10485760 ipcDesc 0x79204405f700
furious-puma-1:122457:123041 [2] NCCL INFO Allocated shareable buffer 0x792029600000 size 10485760 ipcDesc 0x792044060f00
furious-puma-1:122457:123041 [2] NCCL INFO Allocated shareable buffer 0x79202a000000 size 10485760 ipcDesc 0x792044062700
furious-puma-1:122457:123041 [2] NCCL INFO Allocated shareable buffer 0x79202aa00000 size 10485760 ipcDesc 0x792044063f00
furious-puma-1:122457:123041 [2] NCCL INFO Allocated shareable buffer 0x79202b400000 size 10485760 ipcDesc 0x792044065700
furious-puma-1:122457:123041 [2] NCCL INFO Allocated shareable buffer 0x79202be00000 size 10485760 ipcDesc 0x792044066f00
furious-puma-1:122457:123041 [2] NCCL INFO Allocated shareable buffer 0x79202c800000 size 10485760 ipcDesc 0x792044068700
furious-puma-1:122457:123041 [2] NCCL INFO Allocated shareable buffer 0x79202d200000 size 10485760 ipcDesc 0x792044069f00
furious-puma-1:122457:123041 [2] NCCL INFO Allocated shareable buffer 0x79202dc00000 size 10485760 ipcDesc 0x79204406b700
furious-puma-1:122457:123041 [2] NCCL INFO Allocated shareable buffer 0x79202e600000 size 10485760 ipcDesc 0x79204406cf00
furious-puma-1:122457:123041 [2] NCCL INFO Allocated shareable buffer 0x79202f000000 size 10485760 ipcDesc 0x79204406e700
furious-puma-1:122457:123041 [2] NCCL INFO Allocated shareable buffer 0x79202fa00000 size 10485760 ipcDesc 0x79204406ff00
furious-puma-1:122457:123041 [2] NCCL INFO Allocated shareable buffer 0x792030400000 size 10485760 ipcDesc 0x792044071700
furious-puma-1:122457:123041 [2] NCCL INFO Allocated shareable buffer 0x792030e00000 size 10485760 ipcDesc 0x792044072f00
furious-puma-1:122457:123041 [2] NCCL INFO Allocated shareable buffer 0x792031800000 size 10485760 ipcDesc 0x792044074700
furious-puma-1:122457:123041 [2] NCCL INFO Allocated shareable buffer 0x792032200000 size 10485760 ipcDesc 0x792044075f00
furious-puma-1:122457:123041 [2] NCCL INFO Allocated shareable buffer 0x792032c00000 size 10485760 ipcDesc 0x792044077700
furious-puma-1:122457:123041 [2] NCCL INFO Allocated shareable buffer 0x792033600000 size 10485760 ipcDesc 0x792044078f00
furious-puma-1:122457:123041 [2] NCCL INFO Allocated shareable buffer 0x792034000000 size 10485760 ipcDesc 0x79204407a700
furious-puma-1:122457:123041 [2] NCCL INFO Allocated shareable buffer 0x792034a00000 size 10485760 ipcDesc 0x79204407bf00
furious-puma-1:122457:123041 [2] NCCL INFO Allocated shareable buffer 0x792035400000 size 10485760 ipcDesc 0x79204407d700
furious-puma-1:122457:123041 [2] NCCL INFO Allocated shareable buffer 0x792035e00000 size 10485760 ipcDesc 0x79204407ef00
furious-puma-1:122457:123041 [2] NCCL INFO Allocated shareable buffer 0x792036800000 size 10485760 ipcDesc 0x792044080700
furious-puma-1:122461:123039 [6] NCCL INFO Allocated shareable buffer 0x79aced600000 size 10485760 ipcDesc 0x79ad80051cc0
furious-puma-1:122461:123039 [6] NCCL INFO Allocated shareable buffer 0x79ad57c00000 size 10485760 ipcDesc 0x79ad80053560
furious-puma-1:122461:123039 [6] NCCL INFO Allocated shareable buffer 0x79ad58600000 size 10485760 ipcDesc 0x79ad80054f40
furious-puma-1:122461:123039 [6] NCCL INFO Allocated shareable buffer 0x79ad59000000 size 10485760 ipcDesc 0x79ad80056740
furious-puma-1:122461:123039 [6] NCCL INFO Allocated shareable buffer 0x79ad59a00000 size 10485760 ipcDesc 0x79ad80057f40
furious-puma-1:122461:123039 [6] NCCL INFO Allocated shareable buffer 0x79ad5a400000 size 10485760 ipcDesc 0x79ad80059740
furious-puma-1:122461:123039 [6] NCCL INFO Allocated shareable buffer 0x79ad5ae00000 size 10485760 ipcDesc 0x79ad8005af40
furious-puma-1:122461:123039 [6] NCCL INFO Allocated shareable buffer 0x79ad5b800000 size 10485760 ipcDesc 0x79ad8005c740
furious-puma-1:122461:123039 [6] NCCL INFO Allocated shareable buffer 0x79ad5c200000 size 10485760 ipcDesc 0x79ad8005df40
furious-puma-1:122461:123039 [6] NCCL INFO Allocated shareable buffer 0x79ad5cc00000 size 10485760 ipcDesc 0x79ad8005f740
furious-puma-1:122461:123039 [6] NCCL INFO Allocated shareable buffer 0x79ad5d600000 size 10485760 ipcDesc 0x79ad80060f40
furious-puma-1:122461:123039 [6] NCCL INFO Allocated shareable buffer 0x79ad5e000000 size 10485760 ipcDesc 0x79ad80062740
furious-puma-1:122461:123039 [6] NCCL INFO Allocated shareable buffer 0x79ad5ea00000 size 10485760 ipcDesc 0x79ad80063f40
furious-puma-1:122461:123039 [6] NCCL INFO Allocated shareable buffer 0x79ad5f400000 size 10485760 ipcDesc 0x79ad80065740
furious-puma-1:122461:123039 [6] NCCL INFO Allocated shareable buffer 0x79ad5fe00000 size 10485760 ipcDesc 0x79ad80066f40
furious-puma-1:122461:123039 [6] NCCL INFO Allocated shareable buffer 0x79ad60800000 size 10485760 ipcDesc 0x79ad80068740
furious-puma-1:122461:123039 [6] NCCL INFO Allocated shareable buffer 0x79ad61200000 size 10485760 ipcDesc 0x79ad80069f40
furious-puma-1:122461:123039 [6] NCCL INFO Allocated shareable buffer 0x79ad61c00000 size 10485760 ipcDesc 0x79ad8006b740
furious-puma-1:122461:123039 [6] NCCL INFO Allocated shareable buffer 0x79ad62600000 size 10485760 ipcDesc 0x79ad8006cf40
furious-puma-1:122461:123039 [6] NCCL INFO Allocated shareable buffer 0x79ad63000000 size 10485760 ipcDesc 0x79ad8006e740
furious-puma-1:122461:123039 [6] NCCL INFO Allocated shareable buffer 0x79ad63a00000 size 10485760 ipcDesc 0x79ad8006ff40
furious-puma-1:122461:123039 [6] NCCL INFO Allocated shareable buffer 0x79ad64400000 size 10485760 ipcDesc 0x79ad80071740
furious-puma-1:122461:123039 [6] NCCL INFO Allocated shareable buffer 0x79ad64e00000 size 10485760 ipcDesc 0x79ad80072f40
furious-puma-1:122461:123039 [6] NCCL INFO Allocated shareable buffer 0x79ad65800000 size 10485760 ipcDesc 0x79ad80074740
furious-puma-1:122461:123039 [6] NCCL INFO Allocated shareable buffer 0x79ad66200000 size 10485760 ipcDesc 0x79ad80075f40
furious-puma-1:122461:123039 [6] NCCL INFO Allocated shareable buffer 0x79ad66c00000 size 10485760 ipcDesc 0x79ad80077740
furious-puma-1:122461:123039 [6] NCCL INFO Allocated shareable buffer 0x79ad67600000 size 10485760 ipcDesc 0x79ad80078f40
furious-puma-1:122461:123039 [6] NCCL INFO Allocated shareable buffer 0x79ad68000000 size 10485760 ipcDesc 0x79ad8007a740
furious-puma-1:122461:123039 [6] NCCL INFO Allocated shareable buffer 0x79ad68a00000 size 10485760 ipcDesc 0x79ad8007bf40
furious-puma-1:122461:123039 [6] NCCL INFO Allocated shareable buffer 0x79ad69400000 size 10485760 ipcDesc 0x79ad8007d740
furious-puma-1:122461:123039 [6] NCCL INFO Allocated shareable buffer 0x79ad69e00000 size 10485760 ipcDesc 0x79ad8007ef40
furious-puma-1:122461:123039 [6] NCCL INFO Allocated shareable buffer 0x79ad6a800000 size 10485760 ipcDesc 0x79ad80080740
furious-puma-1:122459:123043 [4] NCCL INFO Allocated shareable buffer 0x724425600000 size 10485760 ipcDesc 0x7244b0051cc0
furious-puma-1:122459:123043 [4] NCCL INFO Allocated shareable buffer 0x72448fc00000 size 10485760 ipcDesc 0x7244b0053560
furious-puma-1:122459:123043 [4] NCCL INFO Allocated shareable buffer 0x724490600000 size 10485760 ipcDesc 0x7244b0054f40
furious-puma-1:122459:123043 [4] NCCL INFO Allocated shareable buffer 0x724491000000 size 10485760 ipcDesc 0x7244b0056740
furious-puma-1:122459:123043 [4] NCCL INFO Allocated shareable buffer 0x724491a00000 size 10485760 ipcDesc 0x7244b0057f40
furious-puma-1:122459:123043 [4] NCCL INFO Allocated shareable buffer 0x724492400000 size 10485760 ipcDesc 0x7244b0059740
furious-puma-1:122459:123043 [4] NCCL INFO Allocated shareable buffer 0x724492e00000 size 10485760 ipcDesc 0x7244b005af40
furious-puma-1:122459:123043 [4] NCCL INFO Allocated shareable buffer 0x724493800000 size 10485760 ipcDesc 0x7244b005c740
furious-puma-1:122459:123043 [4] NCCL INFO Allocated shareable buffer 0x724494200000 size 10485760 ipcDesc 0x7244b005df40
furious-puma-1:122459:123043 [4] NCCL INFO Allocated shareable buffer 0x724494c00000 size 10485760 ipcDesc 0x7244b005f740
furious-puma-1:122459:123043 [4] NCCL INFO Allocated shareable buffer 0x724495600000 size 10485760 ipcDesc 0x7244b0060f40
furious-puma-1:122459:123043 [4] NCCL INFO Allocated shareable buffer 0x724496000000 size 10485760 ipcDesc 0x7244b0062740
furious-puma-1:122459:123043 [4] NCCL INFO Allocated shareable buffer 0x724496a00000 size 10485760 ipcDesc 0x7244b0063f40
furious-puma-1:122459:123043 [4] NCCL INFO Allocated shareable buffer 0x724497400000 size 10485760 ipcDesc 0x7244b0065740
furious-puma-1:122459:123043 [4] NCCL INFO Allocated shareable buffer 0x724497e00000 size 10485760 ipcDesc 0x7244b0066f40
furious-puma-1:122459:123043 [4] NCCL INFO Allocated shareable buffer 0x724498800000 size 10485760 ipcDesc 0x7244b0068740
furious-puma-1:122459:123043 [4] NCCL INFO Allocated shareable buffer 0x724499200000 size 10485760 ipcDesc 0x7244b0069f40
furious-puma-1:122459:123043 [4] NCCL INFO Allocated shareable buffer 0x724499c00000 size 10485760 ipcDesc 0x7244b006b740
furious-puma-1:122459:123043 [4] NCCL INFO Allocated shareable buffer 0x72449a600000 size 10485760 ipcDesc 0x7244b006cf40
furious-puma-1:122459:123043 [4] NCCL INFO Allocated shareable buffer 0x72449b000000 size 10485760 ipcDesc 0x7244b006e740
furious-puma-1:122459:123043 [4] NCCL INFO Allocated shareable buffer 0x72449ba00000 size 10485760 ipcDesc 0x7244b006ff40
furious-puma-1:122459:123043 [4] NCCL INFO Allocated shareable buffer 0x72449c400000 size 10485760 ipcDesc 0x7244b0071740
furious-puma-1:122459:123043 [4] NCCL INFO Allocated shareable buffer 0x72449ce00000 size 10485760 ipcDesc 0x7244b0072f40
furious-puma-1:122459:123043 [4] NCCL INFO Allocated shareable buffer 0x72449d800000 size 10485760 ipcDesc 0x7244b0074740
furious-puma-1:122459:123043 [4] NCCL INFO Allocated shareable buffer 0x72449e200000 size 10485760 ipcDesc 0x7244b0075f40
furious-puma-1:122459:123043 [4] NCCL INFO Allocated shareable buffer 0x72449ec00000 size 10485760 ipcDesc 0x7244b0077740
furious-puma-1:122459:123043 [4] NCCL INFO Allocated shareable buffer 0x72449f600000 size 10485760 ipcDesc 0x7244b0078f40
furious-puma-1:122459:123043 [4] NCCL INFO Allocated shareable buffer 0x7244a0000000 size 10485760 ipcDesc 0x7244b007a740
furious-puma-1:122459:123043 [4] NCCL INFO Allocated shareable buffer 0x7244a0a00000 size 10485760 ipcDesc 0x7244b007bf40
furious-puma-1:122459:123043 [4] NCCL INFO Allocated shareable buffer 0x7244a1400000 size 10485760 ipcDesc 0x7244b007d740
furious-puma-1:122459:123043 [4] NCCL INFO Allocated shareable buffer 0x7244a1e00000 size 10485760 ipcDesc 0x7244b007ef40
furious-puma-1:122459:123043 [4] NCCL INFO Allocated shareable buffer 0x7244a2800000 size 10485760 ipcDesc 0x7244b0080740
furious-puma-1:122455:123357 [0] NCCL INFO Channel 00/1 : 0[0] -> 1[1] via P2P/CUMEM
furious-puma-1:122455:123036 [0] NCCL INFO Allocated shareable buffer 0x7d12f3600000 size 2097152 ipcDesc 0x7d1510051c70
furious-puma-1:122455:123357 [0] NCCL INFO Channel 01/1 : 0[0] -> 1[1] via P2P/CUMEM
furious-puma-1:122455:123036 [0] NCCL INFO Allocated shareable buffer 0x7d12f3800000 size 2097152 ipcDesc 0x7d1510053650
furious-puma-1:122455:123357 [0] NCCL INFO Channel 02/1 : 0[0] -> 1[1] via P2P/CUMEM
furious-puma-1:122455:123036 [0] NCCL INFO Allocated shareable buffer 0x7d12f3a00000 size 2097152 ipcDesc 0x7d1510054e50
furious-puma-1:122455:123357 [0] NCCL INFO Channel 03/1 : 0[0] -> 1[1] via P2P/CUMEM
furious-puma-1:122455:123036 [0] NCCL INFO Allocated shareable buffer 0x7d12f3c00000 size 2097152 ipcDesc 0x7d1510056650
furious-puma-1:122455:123357 [0] NCCL INFO Channel 04/1 : 0[0] -> 1[1] via P2P/CUMEM
furious-puma-1:122455:123036 [0] NCCL INFO Allocated shareable buffer 0x7d12f3e00000 size 2097152 ipcDesc 0x7d1510057e50
furious-puma-1:122455:123357 [0] NCCL INFO Channel 05/1 : 0[0] -> 1[1] via P2P/CUMEM
furious-puma-1:122455:123036 [0] NCCL INFO Allocated shareable buffer 0x7d135dc00000 size 2097152 ipcDesc 0x7d1510059510
furious-puma-1:122455:123357 [0] NCCL INFO Channel 06/1 : 0[0] -> 1[1] via P2P/CUMEM
furious-puma-1:122455:123036 [0] NCCL INFO Allocated shareable buffer 0x7d135de00000 size 2097152 ipcDesc 0x7d151005aef0
furious-puma-1:122455:123357 [0] NCCL INFO Channel 07/1 : 0[0] -> 1[1] via P2P/CUMEM
furious-puma-1:122455:123036 [0] NCCL INFO Allocated shareable buffer 0x7d135e000000 size 2097152 ipcDesc 0x7d151005c6f0
furious-puma-1:122455:123357 [0] NCCL INFO Channel 08/1 : 0[0] -> 1[1] via P2P/CUMEM
furious-puma-1:122455:123036 [0] NCCL INFO Allocated shareable buffer 0x7d135e200000 size 2097152 ipcDesc 0x7d151005def0
furious-puma-1:122455:123357 [0] NCCL INFO Channel 09/1 : 0[0] -> 1[1] via P2P/CUMEM
furious-puma-1:122455:123036 [0] NCCL INFO Allocated shareable buffer 0x7d135e400000 size 2097152 ipcDesc 0x7d151005f6f0
furious-puma-1:122455:123357 [0] NCCL INFO Channel 10/1 : 0[0] -> 1[1] via P2P/CUMEM
furious-puma-1:122455:123036 [0] NCCL INFO Allocated shareable buffer 0x7d135e600000 size 2097152 ipcDesc 0x7d1510060ef0
furious-puma-1:122455:123357 [0] NCCL INFO Channel 11/1 : 0[0] -> 1[1] via P2P/CUMEM
furious-puma-1:122455:123036 [0] NCCL INFO Allocated shareable buffer 0x7d135e800000 size 2097152 ipcDesc 0x7d15100626f0
furious-puma-1:122455:123357 [0] NCCL INFO Channel 12/1 : 0[0] -> 1[1] via P2P/CUMEM
furious-puma-1:122455:123036 [0] NCCL INFO Allocated shareable buffer 0x7d135ea00000 size 2097152 ipcDesc 0x7d1510063ef0
furious-puma-1:122455:123357 [0] NCCL INFO Channel 13/1 : 0[0] -> 1[1] via P2P/CUMEM
furious-puma-1:122455:123036 [0] NCCL INFO Allocated shareable buffer 0x7d135ec00000 size 2097152 ipcDesc 0x7d15100656f0
furious-puma-1:122455:123357 [0] NCCL INFO Channel 14/1 : 0[0] -> 1[1] via P2P/CUMEM
furious-puma-1:122455:123036 [0] NCCL INFO Allocated shareable buffer 0x7d135ee00000 size 2097152 ipcDesc 0x7d1510066ef0
furious-puma-1:122455:123357 [0] NCCL INFO Channel 15/1 : 0[0] -> 1[1] via P2P/CUMEM
furious-puma-1:122455:123036 [0] NCCL INFO Allocated shareable buffer 0x7d135f000000 size 2097152 ipcDesc 0x7d15100686f0
furious-puma-1:122455:123357 [0] NCCL INFO Channel 16/1 : 0[0] -> 1[1] via P2P/CUMEM
furious-puma-1:122455:123036 [0] NCCL INFO Allocated shareable buffer 0x7d135f200000 size 2097152 ipcDesc 0x7d1510069ef0
furious-puma-1:122455:123357 [0] NCCL INFO Channel 17/1 : 0[0] -> 1[1] via P2P/CUMEM
furious-puma-1:122455:123036 [0] NCCL INFO Allocated shareable buffer 0x7d135f400000 size 2097152 ipcDesc 0x7d151006b6f0
furious-puma-1:122455:123357 [0] NCCL INFO Channel 18/1 : 0[0] -> 1[1] via P2P/CUMEM
furious-puma-1:122455:123036 [0] NCCL INFO Allocated shareable buffer 0x7d135f600000 size 2097152 ipcDesc 0x7d151006cef0
furious-puma-1:122455:123357 [0] NCCL INFO Channel 19/1 : 0[0] -> 1[1] via P2P/CUMEM
furious-puma-1:122455:123036 [0] NCCL INFO Allocated shareable buffer 0x7d135f800000 size 2097152 ipcDesc 0x7d151006e6f0
furious-puma-1:122455:123357 [0] NCCL INFO Channel 20/1 : 0[0] -> 1[1] via P2P/CUMEM
furious-puma-1:122455:123036 [0] NCCL INFO Allocated shareable buffer 0x7d135fa00000 size 2097152 ipcDesc 0x7d151006fef0
furious-puma-1:122455:123357 [0] NCCL INFO Channel 21/1 : 0[0] -> 1[1] via P2P/CUMEM
furious-puma-1:122455:123036 [0] NCCL INFO Allocated shareable buffer 0x7d135fc00000 size 2097152 ipcDesc 0x7d15100716f0
furious-puma-1:122455:123357 [0] NCCL INFO Channel 22/1 : 0[0] -> 1[1] via P2P/CUMEM
furious-puma-1:122455:123036 [0] NCCL INFO Allocated shareable buffer 0x7d135fe00000 size 2097152 ipcDesc 0x7d1510072ef0
furious-puma-1:122455:123357 [0] NCCL INFO Channel 23/1 : 0[0] -> 1[1] via P2P/CUMEM
furious-puma-1:122455:123036 [0] NCCL INFO Allocated shareable buffer 0x7d1360000000 size 2097152 ipcDesc 0x7d15100746f0
furious-puma-1:122455:123357 [0] NCCL INFO Channel 24/1 : 0[0] -> 1[1] via P2P/CUMEM
furious-puma-1:122455:123036 [0] NCCL INFO Allocated shareable buffer 0x7d1360200000 size 2097152 ipcDesc 0x7d1510075ef0
furious-puma-1:122455:123357 [0] NCCL INFO Channel 25/1 : 0[0] -> 1[1] via P2P/CUMEM
furious-puma-1:122455:123036 [0] NCCL INFO Allocated shareable buffer 0x7d1360400000 size 2097152 ipcDesc 0x7d15100776f0
furious-puma-1:122455:123357 [0] NCCL INFO Channel 26/1 : 0[0] -> 1[1] via P2P/CUMEM
furious-puma-1:122455:123036 [0] NCCL INFO Allocated shareable buffer 0x7d1360600000 size 2097152 ipcDesc 0x7d1510078ef0
furious-puma-1:122455:123357 [0] NCCL INFO Channel 27/1 : 0[0] -> 1[1] via P2P/CUMEM
furious-puma-1:122455:123036 [0] NCCL INFO Allocated shareable buffer 0x7d1360800000 size 2097152 ipcDesc 0x7d151007a6f0
furious-puma-1:122455:123357 [0] NCCL INFO Channel 28/1 : 0[0] -> 1[1] via P2P/CUMEM
furious-puma-1:122455:123036 [0] NCCL INFO Allocated shareable buffer 0x7d1360a00000 size 2097152 ipcDesc 0x7d151007bef0
furious-puma-1:122455:123357 [0] NCCL INFO Channel 29/1 : 0[0] -> 1[1] via P2P/CUMEM
furious-puma-1:122455:123036 [0] NCCL INFO Allocated shareable buffer 0x7d1360c00000 size 2097152 ipcDesc 0x7d151007d6f0
furious-puma-1:122455:123357 [0] NCCL INFO Channel 30/1 : 0[0] -> 1[1] via P2P/CUMEM
furious-puma-1:122455:123036 [0] NCCL INFO Allocated shareable buffer 0x7d1360e00000 size 2097152 ipcDesc 0x7d151007eef0
furious-puma-1:122455:123357 [0] NCCL INFO Channel 31/1 : 0[0] -> 1[1] via P2P/CUMEM
furious-puma-1:122455:123036 [0] NCCL INFO Allocated shareable buffer 0x7d1361000000 size 2097152 ipcDesc 0x7d15100806f0
furious-puma-1:122455:123357 [0] NCCL INFO Channel 00/1 : 0[0] -> 2[2] via P2P/CUMEM
furious-puma-1:122455:123036 [0] NCCL INFO Allocated shareable buffer 0x7d1361200000 size 2097152 ipcDesc 0x7d1510081ef0
furious-puma-1:122455:123357 [0] NCCL INFO Channel 01/1 : 0[0] -> 2[2] via P2P/CUMEM
furious-puma-1:122455:123036 [0] NCCL INFO Allocated shareable buffer 0x7d1361400000 size 2097152 ipcDesc 0x7d15100836f0
furious-puma-1:122455:123357 [0] NCCL INFO Channel 02/1 : 0[0] -> 2[2] via P2P/CUMEM
furious-puma-1:122455:123036 [0] NCCL INFO Allocated shareable buffer 0x7d1361600000 size 2097152 ipcDesc 0x7d1510084ef0
furious-puma-1:122455:123357 [0] NCCL INFO Channel 03/1 : 0[0] -> 2[2] via P2P/CUMEM
furious-puma-1:122456:123344 [1] NCCL INFO UDS converted handle 0x7d1510051cc0 to fd 147 on remote peer 0
furious-puma-1:122455:123036 [0] NCCL INFO Allocated shareable buffer 0x7d1361800000 size 2097152 ipcDesc 0x7d15100866f0
furious-puma-1:122455:123357 [0] NCCL INFO Channel 04/1 : 0[0] -> 2[2] via P2P/CUMEM
furious-puma-1:122455:123036 [0] NCCL INFO Allocated shareable buffer 0x7d1361a00000 size 2097152 ipcDesc 0x7d1510087ef0
furious-puma-1:122455:123357 [0] NCCL INFO Channel 05/1 : 0[0] -> 2[2] via P2P/CUMEM
furious-puma-1:122456:123344 [1] NCCL INFO Imported shareable buffer device 1 size 2097152 ptr 0x79d2ff200000
furious-puma-1:122455:123036 [0] NCCL INFO Allocated shareable buffer 0x7d1361c00000 size 2097152 ipcDesc 0x7d15100896f0
furious-puma-1:122455:123357 [0] NCCL INFO Channel 06/1 : 0[0] -> 2[2] via P2P/CUMEM
furious-puma-1:122455:123036 [0] NCCL INFO Allocated shareable buffer 0x7d1361e00000 size 2097152 ipcDesc 0x7d151008aef0
furious-puma-1:122455:123357 [0] NCCL INFO Channel 07/1 : 0[0] -> 2[2] via P2P/CUMEM
furious-puma-1:122456:123344 [1] NCCL INFO UDS converted handle 0x7d15100536a0 to fd 147 on remote peer 0
furious-puma-1:122455:123036 [0] NCCL INFO Allocated shareable buffer 0x7d1362000000 size 2097152 ipcDesc 0x7d151008c6f0
furious-puma-1:122455:123357 [0] NCCL INFO Channel 08/1 : 0[0] -> 2[2] via P2P/CUMEM
furious-puma-1:122456:123344 [1] NCCL INFO Imported shareable buffer device 1 size 2097152 ptr 0x79d2ff400000
furious-puma-1:122455:123036 [0] NCCL INFO Allocated shareable buffer 0x7d1362200000 size 2097152 ipcDesc 0x7d151008def0
furious-puma-1:122455:123357 [0] NCCL INFO Channel 09/1 : 0[0] -> 2[2] via P2P/CUMEM
furious-puma-1:122455:123036 [0] NCCL INFO Allocated shareable buffer 0x7d1362400000 size 2097152 ipcDesc 0x7d151008f6f0
furious-puma-1:122455:123357 [0] NCCL INFO Channel 10/1 : 0[0] -> 2[2] via P2P/CUMEM
furious-puma-1:122456:123344 [1] NCCL INFO UDS converted handle 0x7d1510054ea0 to fd 147 on remote peer 0
furious-puma-1:122455:123036 [0] NCCL INFO Allocated shareable buffer 0x7d1362600000 size 2097152 ipcDesc 0x7d1510090ef0
furious-puma-1:122455:123357 [0] NCCL INFO Channel 11/1 : 0[0] -> 2[2] via P2P/CUMEM
furious-puma-1:122455:123036 [0] NCCL INFO Allocated shareable buffer 0x7d1362800000 size 2097152 ipcDesc 0x7d15100926f0
furious-puma-1:122455:123357 [0] NCCL INFO Channel 12/1 : 0[0] -> 2[2] via P2P/CUMEM
furious-puma-1:122456:123344 [1] NCCL INFO Imported shareable buffer device 1 size 2097152 ptr 0x79d2ff600000
furious-puma-1:122455:123036 [0] NCCL INFO Allocated shareable buffer 0x7d1362a00000 size 2097152 ipcDesc 0x7d1510093ef0
furious-puma-1:122455:123357 [0] NCCL INFO Channel 13/1 : 0[0] -> 2[2] via P2P/CUMEM
furious-puma-1:122456:123344 [1] NCCL INFO UDS converted handle 0x7d15100566a0 to fd 147 on remote peer 0
furious-puma-1:122455:123036 [0] NCCL INFO Allocated shareable buffer 0x7d1362c00000 size 2097152 ipcDesc 0x7d15100956f0
furious-puma-1:122455:123357 [0] NCCL INFO Channel 14/1 : 0[0] -> 2[2] via P2P/CUMEM
furious-puma-1:122455:123036 [0] NCCL INFO Allocated shareable buffer 0x7d1362e00000 size 2097152 ipcDesc 0x7d1510096ef0
furious-puma-1:122455:123357 [0] NCCL INFO Channel 15/1 : 0[0] -> 2[2] via P2P/CUMEM
furious-puma-1:122456:123344 [1] NCCL INFO Imported shareable buffer device 1 size 2097152 ptr 0x79d2ff800000
furious-puma-1:122455:123036 [0] NCCL INFO Allocated shareable buffer 0x7d1363000000 size 2097152 ipcDesc 0x7d15100986f0
furious-puma-1:122455:123357 [0] NCCL INFO Channel 16/1 : 0[0] -> 2[2] via P2P/CUMEM
furious-puma-1:122456:123344 [1] NCCL INFO UDS converted handle 0x7d1510057ea0 to fd 147 on remote peer 0
furious-puma-1:122455:123036 [0] NCCL INFO Allocated shareable buffer 0x7d1363200000 size 2097152 ipcDesc 0x7d1510099ef0
furious-puma-1:122455:123357 [0] NCCL INFO Channel 17/1 : 0[0] -> 2[2] via P2P/CUMEM
furious-puma-1:122456:123344 [1] NCCL INFO Imported shareable buffer device 1 size 2097152 ptr 0x79d2ffa00000
furious-puma-1:122455:123036 [0] NCCL INFO Allocated shareable buffer 0x7d1363400000 size 2097152 ipcDesc 0x7d151009b6f0
furious-puma-1:122455:123357 [0] NCCL INFO Channel 18/1 : 0[0] -> 2[2] via P2P/CUMEM
furious-puma-1:122456:123344 [1] NCCL INFO UDS converted handle 0x7d1510059560 to fd 147 on remote peer 0
furious-puma-1:122455:123036 [0] NCCL INFO Allocated shareable buffer 0x7d1363600000 size 2097152 ipcDesc 0x7d151009cef0
furious-puma-1:122455:123357 [0] NCCL INFO Channel 19/1 : 0[0] -> 2[2] via P2P/CUMEM
furious-puma-1:122455:123036 [0] NCCL INFO Allocated shareable buffer 0x7d1363800000 size 2097152 ipcDesc 0x7d151009e6f0
furious-puma-1:122455:123357 [0] NCCL INFO Channel 20/1 : 0[0] -> 2[2] via P2P/CUMEM
furious-puma-1:122456:123344 [1] NCCL INFO Imported shareable buffer device 1 size 2097152 ptr 0x79d2ffc00000
furious-puma-1:122455:123036 [0] NCCL INFO Allocated shareable buffer 0x7d1363a00000 size 2097152 ipcDesc 0x7d151009fef0
furious-puma-1:122455:123357 [0] NCCL INFO Channel 21/1 : 0[0] -> 2[2] via P2P/CUMEM
furious-puma-1:122455:123036 [0] NCCL INFO Allocated shareable buffer 0x7d1363c00000 size 2097152 ipcDesc 0x7d15100a16f0
furious-puma-1:122455:123357 [0] NCCL INFO Channel 22/1 : 0[0] -> 2[2] via P2P/CUMEM
furious-puma-1:122456:123344 [1] NCCL INFO UDS converted handle 0x7d151005af40 to fd 147 on remote peer 0
furious-puma-1:122455:123036 [0] NCCL INFO Allocated shareable buffer 0x7d1363e00000 size 2097152 ipcDesc 0x7d15100a2ef0
furious-puma-1:122455:123357 [0] NCCL INFO Channel 23/1 : 0[0] -> 2[2] via P2P/CUMEM
furious-puma-1:122456:123344 [1] NCCL INFO Imported shareable buffer device 1 size 2097152 ptr 0x79d2ffe00000
furious-puma-1:122455:123036 [0] NCCL INFO Allocated shareable buffer 0x7d1364000000 size 2097152 ipcDesc 0x7d15100a46f0
furious-puma-1:122455:123357 [0] NCCL INFO Channel 24/1 : 0[0] -> 2[2] via P2P/CUMEM
furious-puma-1:122456:123344 [1] NCCL INFO UDS converted handle 0x7d151005c740 to fd 147 on remote peer 0
furious-puma-1:122455:123036 [0] NCCL INFO Allocated shareable buffer 0x7d1364200000 size 2097152 ipcDesc 0x7d15100a5ef0
furious-puma-1:122455:123357 [0] NCCL INFO Channel 25/1 : 0[0] -> 2[2] via P2P/CUMEM
furious-puma-1:122455:123036 [0] NCCL INFO Allocated shareable buffer 0x7d1364400000 size 2097152 ipcDesc 0x7d15100a76f0
furious-puma-1:122455:123357 [0] NCCL INFO Channel 26/1 : 0[0] -> 2[2] via P2P/CUMEM
furious-puma-1:122456:123344 [1] NCCL INFO Imported shareable buffer device 1 size 2097152 ptr 0x79d300000000
furious-puma-1:122455:123036 [0] NCCL INFO Allocated shareable buffer 0x7d1364600000 size 2097152 ipcDesc 0x7d15100a8ef0
furious-puma-1:122455:123357 [0] NCCL INFO Channel 27/1 : 0[0] -> 2[2] via P2P/CUMEM
furious-puma-1:122456:123344 [1] NCCL INFO UDS converted handle 0x7d151005df40 to fd 147 on remote peer 0
furious-puma-1:122455:123036 [0] NCCL INFO Allocated shareable buffer 0x7d1364800000 size 2097152 ipcDesc 0x7d15100aa6f0
furious-puma-1:122455:123357 [0] NCCL INFO Channel 28/1 : 0[0] -> 2[2] via P2P/CUMEM
furious-puma-1:122455:123036 [0] NCCL INFO Allocated shareable buffer 0x7d1364a00000 size 2097152 ipcDesc 0x7d15100abef0
furious-puma-1:122455:123357 [0] NCCL INFO Channel 29/1 : 0[0] -> 2[2] via P2P/CUMEM
furious-puma-1:122456:123344 [1] NCCL INFO Imported shareable buffer device 1 size 2097152 ptr 0x79d300200000
furious-puma-1:122455:123036 [0] NCCL INFO Allocated shareable buffer 0x7d1364c00000 size 2097152 ipcDesc 0x7d15100ad6f0
furious-puma-1:122455:123357 [0] NCCL INFO Channel 30/1 : 0[0] -> 2[2] via P2P/CUMEM
furious-puma-1:122456:123344 [1] NCCL INFO UDS converted handle 0x7d151005f740 to fd 147 on remote peer 0
furious-puma-1:122455:123036 [0] NCCL INFO Allocated shareable buffer 0x7d1364e00000 size 2097152 ipcDesc 0x7d15100aeef0
furious-puma-1:122455:123357 [0] NCCL INFO Channel 31/1 : 0[0] -> 2[2] via P2P/CUMEM
furious-puma-1:122455:123036 [0] NCCL INFO Allocated shareable buffer 0x7d1365000000 size 2097152 ipcDesc 0x7d15100b06f0
furious-puma-1:122456:123344 [1] NCCL INFO Imported shareable buffer device 1 size 2097152 ptr 0x79d300400000
furious-puma-1:122455:123357 [0] NCCL INFO Channel 00/1 : 0[0] -> 3[3] via P2P/CUMEM
furious-puma-1:122456:123344 [1] NCCL INFO UDS converted handle 0x7d1510060f40 to fd 147 on remote peer 0
furious-puma-1:122455:123036 [0] NCCL INFO Allocated shareable buffer 0x7d1365200000 size 2097152 ipcDesc 0x7d15100b1ef0
furious-puma-1:122455:123357 [0] NCCL INFO Channel 01/1 : 0[0] -> 3[3] via P2P/CUMEM
furious-puma-1:122457:123347 [2] NCCL INFO UDS converted handle 0x7d1510081f40 to fd 148 on remote peer 0
furious-puma-1:122456:123344 [1] NCCL INFO Imported shareable buffer device 1 size 2097152 ptr 0x79d300600000
furious-puma-1:122455:123036 [0] NCCL INFO Allocated shareable buffer 0x7d1365400000 size 2097152 ipcDesc 0x7d15100b36f0
furious-puma-1:122455:123357 [0] NCCL INFO Channel 02/1 : 0[0] -> 3[3] via P2P/CUMEM
furious-puma-1:122457:123347 [2] NCCL INFO Imported shareable buffer device 2 size 2097152 ptr 0x792037200000
furious-puma-1:122455:123036 [0] NCCL INFO Allocated shareable buffer 0x7d1365600000 size 2097152 ipcDesc 0x7d15100b4ef0
furious-puma-1:122455:123357 [0] NCCL INFO Channel 03/1 : 0[0] -> 3[3] via P2P/CUMEM
furious-puma-1:122456:123344 [1] NCCL INFO UDS converted handle 0x7d1510062740 to fd 147 on remote peer 0
furious-puma-1:122455:123036 [0] NCCL INFO Allocated shareable buffer 0x7d1365800000 size 2097152 ipcDesc 0x7d15100b66f0
furious-puma-1:122455:123357 [0] NCCL INFO Channel 04/1 : 0[0] -> 3[3] via P2P/CUMEM
furious-puma-1:122457:123347 [2] NCCL INFO UDS converted handle 0x7d1510083740 to fd 148 on remote peer 0
furious-puma-1:122456:123344 [1] NCCL INFO Imported shareable buffer device 1 size 2097152 ptr 0x79d300800000
furious-puma-1:122455:123036 [0] NCCL INFO Allocated shareable buffer 0x7d1365a00000 size 2097152 ipcDesc 0x7d15100b7ef0
furious-puma-1:122455:123357 [0] NCCL INFO Channel 05/1 : 0[0] -> 3[3] via P2P/CUMEM
furious-puma-1:122455:123036 [0] NCCL INFO Allocated shareable buffer 0x7d1365c00000 size 2097152 ipcDesc 0x7d15100b96f0
furious-puma-1:122455:123357 [0] NCCL INFO Channel 06/1 : 0[0] -> 3[3] via P2P/CUMEM
furious-puma-1:122457:123347 [2] NCCL INFO Imported shareable buffer device 2 size 2097152 ptr 0x792037400000
furious-puma-1:122456:123344 [1] NCCL INFO UDS converted handle 0x7d1510063f40 to fd 147 on remote peer 0
furious-puma-1:122456:123344 [1] NCCL INFO Imported shareable buffer device 1 size 2097152 ptr 0x79d300a00000
furious-puma-1:122455:123036 [0] NCCL INFO Allocated shareable buffer 0x7d1365e00000 size 2097152 ipcDesc 0x7d15100baef0
furious-puma-1:122455:123357 [0] NCCL INFO Channel 07/1 : 0[0] -> 3[3] via P2P/CUMEM
furious-puma-1:122457:123347 [2] NCCL INFO UDS converted handle 0x7d1510084f40 to fd 148 on remote peer 0
furious-puma-1:122455:123036 [0] NCCL INFO Allocated shareable buffer 0x7d1366000000 size 2097152 ipcDesc 0x7d15100bc6f0
furious-puma-1:122455:123357 [0] NCCL INFO Channel 08/1 : 0[0] -> 3[3] via P2P/CUMEM
furious-puma-1:122456:123344 [1] NCCL INFO UDS converted handle 0x7d1510065740 to fd 147 on remote peer 0
furious-puma-1:122457:123347 [2] NCCL INFO Imported shareable buffer device 2 size 2097152 ptr 0x792037600000
furious-puma-1:122455:123036 [0] NCCL INFO Allocated shareable buffer 0x7d1366200000 size 2097152 ipcDesc 0x7d15100bdef0
furious-puma-1:122455:123357 [0] NCCL INFO Channel 09/1 : 0[0] -> 3[3] via P2P/CUMEM
furious-puma-1:122456:123344 [1] NCCL INFO Imported shareable buffer device 1 size 2097152 ptr 0x79d300c00000
furious-puma-1:122455:123036 [0] NCCL INFO Allocated shareable buffer 0x7d1366400000 size 2097152 ipcDesc 0x7d15100c3300
furious-puma-1:122455:123357 [0] NCCL INFO Channel 10/1 : 0[0] -> 3[3] via P2P/CUMEM
furious-puma-1:122457:123347 [2] NCCL INFO UDS converted handle 0x7d1510086740 to fd 148 on remote peer 0
furious-puma-1:122455:123036 [0] NCCL INFO Allocated shareable buffer 0x7d1366600000 size 2097152 ipcDesc 0x7d15100c4b00
furious-puma-1:122455:123357 [0] NCCL INFO Channel 11/1 : 0[0] -> 3[3] via P2P/CUMEM
furious-puma-1:122455:123036 [0] NCCL INFO Allocated shareable buffer 0x7d1366800000 size 2097152 ipcDesc 0x7d15100c6300
furious-puma-1:122455:123357 [0] NCCL INFO Channel 12/1 : 0[0] -> 3[3] via P2P/CUMEM
furious-puma-1:122457:123347 [2] NCCL INFO Imported shareable buffer device 2 size 2097152 ptr 0x792037800000
furious-puma-1:122455:123036 [0] NCCL INFO Allocated shareable buffer 0x7d1366a00000 size 2097152 ipcDesc 0x7d15100c7b00
furious-puma-1:122455:123357 [0] NCCL INFO Channel 13/1 : 0[0] -> 3[3] via P2P/CUMEM
furious-puma-1:122456:123344 [1] NCCL INFO UDS converted handle 0x7d1510066f40 to fd 147 on remote peer 0
furious-puma-1:122455:123036 [0] NCCL INFO Allocated shareable buffer 0x7d1366c00000 size 2097152 ipcDesc 0x7d15100c9300
furious-puma-1:122455:123357 [0] NCCL INFO Channel 14/1 : 0[0] -> 3[3] via P2P/CUMEM
furious-puma-1:122455:123036 [0] NCCL INFO Allocated shareable buffer 0x7d1366e00000 size 2097152 ipcDesc 0x7d15100cab00
furious-puma-1:122455:123357 [0] NCCL INFO Channel 15/1 : 0[0] -> 3[3] via P2P/CUMEM
furious-puma-1:122456:123344 [1] NCCL INFO Imported shareable buffer device 1 size 2097152 ptr 0x79d300e00000
furious-puma-1:122457:123347 [2] NCCL INFO UDS converted handle 0x7d1510087f40 to fd 148 on remote peer 0
furious-puma-1:122455:123036 [0] NCCL INFO Allocated shareable buffer 0x7d1367000000 size 2097152 ipcDesc 0x7d15100cc300
furious-puma-1:122455:123357 [0] NCCL INFO Channel 16/1 : 0[0] -> 3[3] via P2P/CUMEM
furious-puma-1:122457:123347 [2] NCCL INFO Imported shareable buffer device 2 size 2097152 ptr 0x792037a00000
furious-puma-1:122455:123036 [0] NCCL INFO Allocated shareable buffer 0x7d1367200000 size 2097152 ipcDesc 0x7d15100cdb00
furious-puma-1:122455:123357 [0] NCCL INFO Channel 17/1 : 0[0] -> 3[3] via P2P/CUMEM
furious-puma-1:122456:123344 [1] NCCL INFO UDS converted handle 0x7d1510068740 to fd 147 on remote peer 0
furious-puma-1:122455:123036 [0] NCCL INFO Allocated shareable buffer 0x7d1367400000 size 2097152 ipcDesc 0x7d15100cf300
furious-puma-1:122455:123357 [0] NCCL INFO Channel 18/1 : 0[0] -> 3[3] via P2P/CUMEM
furious-puma-1:122455:123036 [0] NCCL INFO Allocated shareable buffer 0x7d1367600000 size 2097152 ipcDesc 0x7d15100d0b00
furious-puma-1:122455:123357 [0] NCCL INFO Channel 19/1 : 0[0] -> 3[3] via P2P/CUMEM
furious-puma-1:122457:123347 [2] NCCL INFO UDS converted handle 0x7d1510089740 to fd 148 on remote peer 0
furious-puma-1:122456:123344 [1] NCCL INFO Imported shareable buffer device 1 size 2097152 ptr 0x79d301000000
furious-puma-1:122455:123036 [0] NCCL INFO Allocated shareable buffer 0x7d1367800000 size 2097152 ipcDesc 0x7d15100d2300
furious-puma-1:122455:123357 [0] NCCL INFO Channel 20/1 : 0[0] -> 3[3] via P2P/CUMEM
furious-puma-1:122455:123036 [0] NCCL INFO Allocated shareable buffer 0x7d1367a00000 size 2097152 ipcDesc 0x7d15100d3b00
furious-puma-1:122455:123357 [0] NCCL INFO Channel 21/1 : 0[0] -> 3[3] via P2P/CUMEM
furious-puma-1:122457:123347 [2] NCCL INFO Imported shareable buffer device 2 size 2097152 ptr 0x792037c00000
furious-puma-1:122456:123344 [1] NCCL INFO UDS converted handle 0x7d1510069f40 to fd 147 on remote peer 0
furious-puma-1:122455:123036 [0] NCCL INFO Allocated shareable buffer 0x7d1367c00000 size 2097152 ipcDesc 0x7d15100d5300
furious-puma-1:122455:123357 [0] NCCL INFO Channel 22/1 : 0[0] -> 3[3] via P2P/CUMEM
furious-puma-1:122455:123036 [0] NCCL INFO Allocated shareable buffer 0x7d1367e00000 size 2097152 ipcDesc 0x7d15100d6b00
furious-puma-1:122455:123357 [0] NCCL INFO Channel 23/1 : 0[0] -> 3[3] via P2P/CUMEM
furious-puma-1:122456:123344 [1] NCCL INFO Imported shareable buffer device 1 size 2097152 ptr 0x79d301200000
furious-puma-1:122457:123347 [2] NCCL INFO UDS converted handle 0x7d151008af40 to fd 148 on remote peer 0
furious-puma-1:122455:123036 [0] NCCL INFO Allocated shareable buffer 0x7d1368000000 size 2097152 ipcDesc 0x7d15100d8300
furious-puma-1:122455:123357 [0] NCCL INFO Channel 24/1 : 0[0] -> 3[3] via P2P/CUMEM
furious-puma-1:122455:123036 [0] NCCL INFO Allocated shareable buffer 0x7d1368200000 size 2097152 ipcDesc 0x7d15100d9b00
furious-puma-1:122455:123357 [0] NCCL INFO Channel 25/1 : 0[0] -> 3[3] via P2P/CUMEM
furious-puma-1:122457:123347 [2] NCCL INFO Imported shareable buffer device 2 size 2097152 ptr 0x792037e00000
furious-puma-1:122456:123344 [1] NCCL INFO UDS converted handle 0x7d151006b740 to fd 147 on remote peer 0
furious-puma-1:122455:123036 [0] NCCL INFO Allocated shareable buffer 0x7d1368400000 size 2097152 ipcDesc 0x7d15100db300
furious-puma-1:122455:123357 [0] NCCL INFO Channel 26/1 : 0[0] -> 3[3] via P2P/CUMEM
furious-puma-1:122456:123344 [1] NCCL INFO Imported shareable buffer device 1 size 2097152 ptr 0x79d301400000
furious-puma-1:122457:123347 [2] NCCL INFO UDS converted handle 0x7d151008c740 to fd 148 on remote peer 0
furious-puma-1:122455:123036 [0] NCCL INFO Allocated shareable buffer 0x7d1368600000 size 2097152 ipcDesc 0x7d15100dcb00
furious-puma-1:122455:123357 [0] NCCL INFO Channel 27/1 : 0[0] -> 3[3] via P2P/CUMEM
furious-puma-1:122455:123036 [0] NCCL INFO Allocated shareable buffer 0x7d1368800000 size 2097152 ipcDesc 0x7d15100de300
furious-puma-1:122455:123357 [0] NCCL INFO Channel 28/1 : 0[0] -> 3[3] via P2P/CUMEM
furious-puma-1:122457:123347 [2] NCCL INFO Imported shareable buffer device 2 size 2097152 ptr 0x792038000000
furious-puma-1:122456:123344 [1] NCCL INFO UDS converted handle 0x7d151006cf40 to fd 147 on remote peer 0
furious-puma-1:122455:123036 [0] NCCL INFO Allocated shareable buffer 0x7d1368a00000 size 2097152 ipcDesc 0x7d15100dfb00
furious-puma-1:122455:123357 [0] NCCL INFO Channel 29/1 : 0[0] -> 3[3] via P2P/CUMEM
furious-puma-1:122456:123344 [1] NCCL INFO Imported shareable buffer device 1 size 2097152 ptr 0x79d301600000
furious-puma-1:122455:123036 [0] NCCL INFO Allocated shareable buffer 0x7d1368c00000 size 2097152 ipcDesc 0x7d15100e1300
furious-puma-1:122455:123357 [0] NCCL INFO Channel 30/1 : 0[0] -> 3[3] via P2P/CUMEM
furious-puma-1:122457:123347 [2] NCCL INFO UDS converted handle 0x7d151008df40 to fd 148 on remote peer 0
furious-puma-1:122455:123036 [0] NCCL INFO Allocated shareable buffer 0x7d1368e00000 size 2097152 ipcDesc 0x7d15100e2b00
furious-puma-1:122455:123357 [0] NCCL INFO Channel 31/1 : 0[0] -> 3[3] via P2P/CUMEM
furious-puma-1:122457:123347 [2] NCCL INFO Imported shareable buffer device 2 size 2097152 ptr 0x792038200000
furious-puma-1:122455:123036 [0] NCCL INFO Allocated shareable buffer 0x7d1369000000 size 2097152 ipcDesc 0x7d15100e4300
furious-puma-1:122455:123357 [0] NCCL INFO Channel 00/1 : 0[0] -> 4[4] via P2P/CUMEM
furious-puma-1:122456:123344 [1] NCCL INFO UDS converted handle 0x7d151006e740 to fd 147 on remote peer 0
furious-puma-1:122455:123036 [0] NCCL INFO Allocated shareable buffer 0x7d1369200000 size 2097152 ipcDesc 0x7d15100e5b00
furious-puma-1:122455:123357 [0] NCCL INFO Channel 01/1 : 0[0] -> 4[4] via P2P/CUMEM
furious-puma-1:122455:123036 [0] NCCL INFO Allocated shareable buffer 0x7d1369400000 size 2097152 ipcDesc 0x7d15100e7300
furious-puma-1:122455:123357 [0] NCCL INFO Channel 02/1 : 0[0] -> 4[4] via P2P/CUMEM
furious-puma-1:122456:123344 [1] NCCL INFO Imported shareable buffer device 1 size 2097152 ptr 0x79d301800000
furious-puma-1:122457:123347 [2] NCCL INFO UDS converted handle 0x7d151008f740 to fd 148 on remote peer 0
furious-puma-1:122455:123036 [0] NCCL INFO Allocated shareable buffer 0x7d1369600000 size 2097152 ipcDesc 0x7d15100e8b00
furious-puma-1:122455:123357 [0] NCCL INFO Channel 03/1 : 0[0] -> 4[4] via P2P/CUMEM
furious-puma-1:122457:123347 [2] NCCL INFO Imported shareable buffer device 2 size 2097152 ptr 0x792038400000
furious-puma-1:122455:123036 [0] NCCL INFO Allocated shareable buffer 0x7d1369800000 size 2097152 ipcDesc 0x7d15100ea300
furious-puma-1:122455:123357 [0] NCCL INFO Channel 04/1 : 0[0] -> 4[4] via P2P/CUMEM
furious-puma-1:122458:123343 [3] NCCL INFO UDS converted handle 0x7d15100b1f40 to fd 148 on remote peer 0
furious-puma-1:122455:123036 [0] NCCL INFO Allocated shareable buffer 0x7d1369a00000 size 2097152 ipcDesc 0x7d15100ebb00
furious-puma-1:122455:123357 [0] NCCL INFO Channel 05/1 : 0[0] -> 4[4] via P2P/CUMEM
furious-puma-1:122456:123344 [1] NCCL INFO UDS converted handle 0x7d151006ff40 to fd 147 on remote peer 0
furious-puma-1:122458:123343 [3] NCCL INFO Imported shareable buffer device 3 size 2097152 ptr 0x7acd4b200000
furious-puma-1:122455:123036 [0] NCCL INFO Allocated shareable buffer 0x7d1369c00000 size 2097152 ipcDesc 0x7d15100ed300
furious-puma-1:122455:123357 [0] NCCL INFO Channel 06/1 : 0[0] -> 4[4] via P2P/CUMEM
furious-puma-1:122457:123347 [2] NCCL INFO UDS converted handle 0x7d1510090f40 to fd 148 on remote peer 0
furious-puma-1:122455:123036 [0] NCCL INFO Allocated shareable buffer 0x7d1369e00000 size 2097152 ipcDesc 0x7d15100eeb00
furious-puma-1:122455:123357 [0] NCCL INFO Channel 07/1 : 0[0] -> 4[4] via P2P/CUMEM
furious-puma-1:122455:123036 [0] NCCL INFO Allocated shareable buffer 0x7d136a000000 size 2097152 ipcDesc 0x7d15100f0300
furious-puma-1:122455:123357 [0] NCCL INFO Channel 08/1 : 0[0] -> 4[4] via P2P/CUMEM
furious-puma-1:122457:123347 [2] NCCL INFO Imported shareable buffer device 2 size 2097152 ptr 0x792038600000
furious-puma-1:122456:123344 [1] NCCL INFO Imported shareable buffer device 1 size 2097152 ptr 0x79d301a00000
furious-puma-1:122458:123343 [3] NCCL INFO UDS converted handle 0x7d15100b3740 to fd 148 on remote peer 0
furious-puma-1:122455:123036 [0] NCCL INFO Allocated shareable buffer 0x7d136a200000 size 2097152 ipcDesc 0x7d15100f1b00
furious-puma-1:122455:123357 [0] NCCL INFO Channel 09/1 : 0[0] -> 4[4] via P2P/CUMEM
furious-puma-1:122455:123036 [0] NCCL INFO Allocated shareable buffer 0x7d136a400000 size 2097152 ipcDesc 0x7d15100f3300
furious-puma-1:122455:123357 [0] NCCL INFO Channel 10/1 : 0[0] -> 4[4] via P2P/CUMEM
furious-puma-1:122458:123343 [3] NCCL INFO Imported shareable buffer device 3 size 2097152 ptr 0x7acd4b400000
furious-puma-1:122457:123347 [2] NCCL INFO UDS converted handle 0x7d1510092740 to fd 148 on remote peer 0
furious-puma-1:122455:123036 [0] NCCL INFO Allocated shareable buffer 0x7d136a600000 size 2097152 ipcDesc 0x7d15100f4b00
furious-puma-1:122455:123357 [0] NCCL INFO Channel 11/1 : 0[0] -> 4[4] via P2P/CUMEM
furious-puma-1:122455:123036 [0] NCCL INFO Allocated shareable buffer 0x7d136a800000 size 2097152 ipcDesc 0x7d15100f6300
furious-puma-1:122455:123357 [0] NCCL INFO Channel 12/1 : 0[0] -> 4[4] via P2P/CUMEM
furious-puma-1:122457:123347 [2] NCCL INFO Imported shareable buffer device 2 size 2097152 ptr 0x792038800000
furious-puma-1:122456:123344 [1] NCCL INFO UDS converted handle 0x7d1510071740 to fd 147 on remote peer 0
furious-puma-1:122455:123036 [0] NCCL INFO Allocated shareable buffer 0x7d136aa00000 size 2097152 ipcDesc 0x7d15100f7b00
furious-puma-1:122455:123357 [0] NCCL INFO Channel 13/1 : 0[0] -> 4[4] via P2P/CUMEM
furious-puma-1:122455:123036 [0] NCCL INFO Allocated shareable buffer 0x7d136ac00000 size 2097152 ipcDesc 0x7d15100f9300
furious-puma-1:122455:123357 [0] NCCL INFO Channel 14/1 : 0[0] -> 4[4] via P2P/CUMEM
furious-puma-1:122456:123344 [1] NCCL INFO Imported shareable buffer device 1 size 2097152 ptr 0x79d301c00000
furious-puma-1:122458:123343 [3] NCCL INFO UDS converted handle 0x7d15100b4f40 to fd 148 on remote peer 0
furious-puma-1:122455:123036 [0] NCCL INFO Allocated shareable buffer 0x7d136ae00000 size 2097152 ipcDesc 0x7d15100fab00
furious-puma-1:122455:123357 [0] NCCL INFO Channel 15/1 : 0[0] -> 4[4] via P2P/CUMEM
furious-puma-1:122455:123036 [0] NCCL INFO Allocated shareable buffer 0x7d136b000000 size 2097152 ipcDesc 0x7d15100fc300
furious-puma-1:122455:123357 [0] NCCL INFO Channel 16/1 : 0[0] -> 4[4] via P2P/CUMEM
furious-puma-1:122455:123036 [0] NCCL INFO Allocated shareable buffer 0x7d136b200000 size 2097152 ipcDesc 0x7d15100fdb00
furious-puma-1:122455:123357 [0] NCCL INFO Channel 17/1 : 0[0] -> 4[4] via P2P/CUMEM
furious-puma-1:122458:123343 [3] NCCL INFO Imported shareable buffer device 3 size 2097152 ptr 0x7acd4b600000
furious-puma-1:122457:123347 [2] NCCL INFO UDS converted handle 0x7d1510093f40 to fd 148 on remote peer 0
furious-puma-1:122455:123036 [0] NCCL INFO Allocated shareable buffer 0x7d136b400000 size 2097152 ipcDesc 0x7d15100ff300
furious-puma-1:122455:123357 [0] NCCL INFO Channel 18/1 : 0[0] -> 4[4] via P2P/CUMEM
furious-puma-1:122455:123036 [0] NCCL INFO Allocated shareable buffer 0x7d136b600000 size 2097152 ipcDesc 0x7d1510100b00
furious-puma-1:122455:123357 [0] NCCL INFO Channel 19/1 : 0[0] -> 4[4] via P2P/CUMEM
furious-puma-1:122456:123344 [1] NCCL INFO UDS converted handle 0x7d1510072f40 to fd 147 on remote peer 0
furious-puma-1:122457:123347 [2] NCCL INFO Imported shareable buffer device 2 size 2097152 ptr 0x792038a00000
furious-puma-1:122455:123036 [0] NCCL INFO Allocated shareable buffer 0x7d136b800000 size 2097152 ipcDesc 0x7d1510102300
furious-puma-1:122455:123357 [0] NCCL INFO Channel 20/1 : 0[0] -> 4[4] via P2P/CUMEM
furious-puma-1:122455:123036 [0] NCCL INFO Allocated shareable buffer 0x7d136ba00000 size 2097152 ipcDesc 0x7d1510103b00
furious-puma-1:122455:123357 [0] NCCL INFO Channel 21/1 : 0[0] -> 4[4] via P2P/CUMEM
furious-puma-1:122456:123344 [1] NCCL INFO Imported shareable buffer device 1 size 2097152 ptr 0x79d301e00000
furious-puma-1:122458:123343 [3] NCCL INFO UDS converted handle 0x7d15100b6740 to fd 148 on remote peer 0
furious-puma-1:122455:123036 [0] NCCL INFO Allocated shareable buffer 0x7d136bc00000 size 2097152 ipcDesc 0x7d1510105300
furious-puma-1:122455:123357 [0] NCCL INFO Channel 22/1 : 0[0] -> 4[4] via P2P/CUMEM
furious-puma-1:122457:123347 [2] NCCL INFO UDS converted handle 0x7d1510095740 to fd 148 on remote peer 0
furious-puma-1:122458:123343 [3] NCCL INFO Imported shareable buffer device 3 size 2097152 ptr 0x7acd4b800000
furious-puma-1:122455:123036 [0] NCCL INFO Allocated shareable buffer 0x7d136be00000 size 2097152 ipcDesc 0x7d1510106b00
furious-puma-1:122455:123357 [0] NCCL INFO Channel 23/1 : 0[0] -> 4[4] via P2P/CUMEM
furious-puma-1:122455:123036 [0] NCCL INFO Allocated shareable buffer 0x7d136c000000 size 2097152 ipcDesc 0x7d1510108300
furious-puma-1:122455:123357 [0] NCCL INFO Channel 24/1 : 0[0] -> 4[4] via P2P/CUMEM
furious-puma-1:122457:123347 [2] NCCL INFO Imported shareable buffer device 2 size 2097152 ptr 0x792038c00000
furious-puma-1:122456:123344 [1] NCCL INFO UDS converted handle 0x7d1510074740 to fd 147 on remote peer 0
furious-puma-1:122455:123036 [0] NCCL INFO Allocated shareable buffer 0x7d136c200000 size 2097152 ipcDesc 0x7d1510109b00
furious-puma-1:122455:123357 [0] NCCL INFO Channel 25/1 : 0[0] -> 4[4] via P2P/CUMEM
furious-puma-1:122458:123343 [3] NCCL INFO UDS converted handle 0x7d15100b7f40 to fd 148 on remote peer 0
furious-puma-1:122455:123036 [0] NCCL INFO Allocated shareable buffer 0x7d136c400000 size 2097152 ipcDesc 0x7d151010b300
furious-puma-1:122455:123357 [0] NCCL INFO Channel 26/1 : 0[0] -> 4[4] via P2P/CUMEM
furious-puma-1:122456:123344 [1] NCCL INFO Imported shareable buffer device 1 size 2097152 ptr 0x79d302000000
furious-puma-1:122458:123343 [3] NCCL INFO Imported shareable buffer device 3 size 2097152 ptr 0x7acd4ba00000
furious-puma-1:122455:123036 [0] NCCL INFO Allocated shareable buffer 0x7d136c600000 size 2097152 ipcDesc 0x7d151010cb00
furious-puma-1:122455:123357 [0] NCCL INFO Channel 27/1 : 0[0] -> 4[4] via P2P/CUMEM
furious-puma-1:122457:123347 [2] NCCL INFO UDS converted handle 0x7d1510096f40 to fd 148 on remote peer 0
furious-puma-1:122455:123036 [0] NCCL INFO Allocated shareable buffer 0x7d136c800000 size 2097152 ipcDesc 0x7d151010e300
furious-puma-1:122455:123357 [0] NCCL INFO Channel 28/1 : 0[0] -> 4[4] via P2P/CUMEM
furious-puma-1:122455:123036 [0] NCCL INFO Allocated shareable buffer 0x7d136ca00000 size 2097152 ipcDesc 0x7d151010fb00
furious-puma-1:122455:123357 [0] NCCL INFO Channel 29/1 : 0[0] -> 4[4] via P2P/CUMEM
furious-puma-1:122457:123347 [2] NCCL INFO Imported shareable buffer device 2 size 2097152 ptr 0x792038e00000
furious-puma-1:122456:123344 [1] NCCL INFO UDS converted handle 0x7d1510075f40 to fd 147 on remote peer 0
furious-puma-1:122455:123036 [0] NCCL INFO Allocated shareable buffer 0x7d136cc00000 size 2097152 ipcDesc 0x7d1510111300
furious-puma-1:122455:123357 [0] NCCL INFO Channel 30/1 : 0[0] -> 4[4] via P2P/CUMEM
furious-puma-1:122456:123344 [1] NCCL INFO Imported shareable buffer device 1 size 2097152 ptr 0x79d302200000
furious-puma-1:122458:123343 [3] NCCL INFO UDS converted handle 0x7d15100b9740 to fd 148 on remote peer 0
furious-puma-1:122455:123036 [0] NCCL INFO Allocated shareable buffer 0x7d136ce00000 size 2097152 ipcDesc 0x7d1510112b00
furious-puma-1:122455:123357 [0] NCCL INFO Channel 31/1 : 0[0] -> 4[4] via P2P/CUMEM
furious-puma-1:122458:123343 [3] NCCL INFO Imported shareable buffer device 3 size 2097152 ptr 0x7acd4bc00000
furious-puma-1:122455:123036 [0] NCCL INFO Allocated shareable buffer 0x7d136d000000 size 2097152 ipcDesc 0x7d1510114300
furious-puma-1:122455:123357 [0] NCCL INFO Channel 00/1 : 0[0] -> 5[5] via P2P/CUMEM
furious-puma-1:122457:123347 [2] NCCL INFO UDS converted handle 0x7d1510098740 to fd 148 on remote peer 0
furious-puma-1:122455:123036 [0] NCCL INFO Allocated shareable buffer 0x7d136d200000 size 2097152 ipcDesc 0x7d1510115b00
furious-puma-1:122455:123357 [0] NCCL INFO Channel 01/1 : 0[0] -> 5[5] via P2P/CUMEM
furious-puma-1:122455:123036 [0] NCCL INFO Allocated shareable buffer 0x7d136d400000 size 2097152 ipcDesc 0x7d1510117300
furious-puma-1:122455:123357 [0] NCCL INFO Channel 02/1 : 0[0] -> 5[5] via P2P/CUMEM
furious-puma-1:122457:123347 [2] NCCL INFO Imported shareable buffer device 2 size 2097152 ptr 0x792039000000
furious-puma-1:122456:123344 [1] NCCL INFO UDS converted handle 0x7d1510077740 to fd 147 on remote peer 0
furious-puma-1:122455:123036 [0] NCCL INFO Allocated shareable buffer 0x7d136d600000 size 2097152 ipcDesc 0x7d1510118b00
furious-puma-1:122455:123357 [0] NCCL INFO Channel 03/1 : 0[0] -> 5[5] via P2P/CUMEM
furious-puma-1:122456:123344 [1] NCCL INFO Imported shareable buffer device 1 size 2097152 ptr 0x79d302400000
furious-puma-1:122455:123036 [0] NCCL INFO Allocated shareable buffer 0x7d136d800000 size 2097152 ipcDesc 0x7d151011a300
furious-puma-1:122455:123357 [0] NCCL INFO Channel 04/1 : 0[0] -> 5[5] via P2P/CUMEM
furious-puma-1:122458:123343 [3] NCCL INFO UDS converted handle 0x7d15100baf40 to fd 148 on remote peer 0
furious-puma-1:122455:123036 [0] NCCL INFO Allocated shareable buffer 0x7d136da00000 size 2097152 ipcDesc 0x7d151011bb00
furious-puma-1:122455:123357 [0] NCCL INFO Channel 05/1 : 0[0] -> 5[5] via P2P/CUMEM
furious-puma-1:122459:123350 [4] NCCL INFO UDS converted handle 0x7d15100e5b50 to fd 148 on remote peer 0
furious-puma-1:122458:123343 [3] NCCL INFO Imported shareable buffer device 3 size 2097152 ptr 0x7acd4be00000
furious-puma-1:122455:123036 [0] NCCL INFO Allocated shareable buffer 0x7d136dc00000 size 2097152 ipcDesc 0x7d151011d300
furious-puma-1:122455:123357 [0] NCCL INFO Channel 06/1 : 0[0] -> 5[5] via P2P/CUMEM
furious-puma-1:122455:123036 [0] NCCL INFO Allocated shareable buffer 0x7d136de00000 size 2097152 ipcDesc 0x7d151011eb00
furious-puma-1:122455:123357 [0] NCCL INFO Channel 07/1 : 0[0] -> 5[5] via P2P/CUMEM
furious-puma-1:122455:123036 [0] NCCL INFO Allocated shareable buffer 0x7d136e000000 size 2097152 ipcDesc 0x7d1510120300
furious-puma-1:122455:123357 [0] NCCL INFO Channel 08/1 : 0[0] -> 5[5] via P2P/CUMEM
furious-puma-1:122459:123350 [4] NCCL INFO Imported shareable buffer device 4 size 2097152 ptr 0x7244a3200000
furious-puma-1:122457:123347 [2] NCCL INFO UDS converted handle 0x7d1510099f40 to fd 148 on remote peer 0
furious-puma-1:122455:123036 [0] NCCL INFO Allocated shareable buffer 0x7d136e200000 size 2097152 ipcDesc 0x7d1510121b00
furious-puma-1:122455:123357 [0] NCCL INFO Channel 09/1 : 0[0] -> 5[5] via P2P/CUMEM
furious-puma-1:122455:123036 [0] NCCL INFO Allocated shareable buffer 0x7d136e400000 size 2097152 ipcDesc 0x7d1510123300
furious-puma-1:122455:123357 [0] NCCL INFO Channel 10/1 : 0[0] -> 5[5] via P2P/CUMEM
furious-puma-1:122456:123344 [1] NCCL INFO UDS converted handle 0x7d1510078f40 to fd 147 on remote peer 0
furious-puma-1:122457:123347 [2] NCCL INFO Imported shareable buffer device 2 size 2097152 ptr 0x792039200000
furious-puma-1:122455:123036 [0] NCCL INFO Allocated shareable buffer 0x7d136e600000 size 2097152 ipcDesc 0x7d1510124b00
furious-puma-1:122455:123357 [0] NCCL INFO Channel 11/1 : 0[0] -> 5[5] via P2P/CUMEM
furious-puma-1:122458:123343 [3] NCCL INFO UDS converted handle 0x7d15100bc740 to fd 148 on remote peer 0
furious-puma-1:122456:123344 [1] NCCL INFO Imported shareable buffer device 1 size 2097152 ptr 0x79d302600000
furious-puma-1:122458:123343 [3] NCCL INFO Imported shareable buffer device 3 size 2097152 ptr 0x7acd4c000000
furious-puma-1:122455:123036 [0] NCCL INFO Allocated shareable buffer 0x7d136e800000 size 2097152 ipcDesc 0x7d1510126300
furious-puma-1:122455:123357 [0] NCCL INFO Channel 12/1 : 0[0] -> 5[5] via P2P/CUMEM
furious-puma-1:122459:123350 [4] NCCL INFO UDS converted handle 0x7d15100e7350 to fd 148 on remote peer 0
furious-puma-1:122455:123036 [0] NCCL INFO Allocated shareable buffer 0x7d136ea00000 size 2097152 ipcDesc 0x7d1510127b00
furious-puma-1:122455:123357 [0] NCCL INFO Channel 13/1 : 0[0] -> 5[5] via P2P/CUMEM
furious-puma-1:122457:123347 [2] NCCL INFO UDS converted handle 0x7d151009b740 to fd 148 on remote peer 0
furious-puma-1:122455:123036 [0] NCCL INFO Allocated shareable buffer 0x7d136ec00000 size 2097152 ipcDesc 0x7d1510129300
furious-puma-1:122455:123357 [0] NCCL INFO Channel 14/1 : 0[0] -> 5[5] via P2P/CUMEM
furious-puma-1:122459:123350 [4] NCCL INFO Imported shareable buffer device 4 size 2097152 ptr 0x7244a3400000
furious-puma-1:122455:123036 [0] NCCL INFO Allocated shareable buffer 0x7d136ee00000 size 2097152 ipcDesc 0x7d151012ab00
furious-puma-1:122455:123357 [0] NCCL INFO Channel 15/1 : 0[0] -> 5[5] via P2P/CUMEM
furious-puma-1:122457:123347 [2] NCCL INFO Imported shareable buffer device 2 size 2097152 ptr 0x792039400000
furious-puma-1:122456:123344 [1] NCCL INFO UDS converted handle 0x7d151007a740 to fd 147 on remote peer 0
furious-puma-1:122455:123036 [0] NCCL INFO Allocated shareable buffer 0x7d136f000000 size 2097152 ipcDesc 0x7d151012c300
furious-puma-1:122455:123357 [0] NCCL INFO Channel 16/1 : 0[0] -> 5[5] via P2P/CUMEM
furious-puma-1:122455:123036 [0] NCCL INFO Allocated shareable buffer 0x7d136f200000 size 2097152 ipcDesc 0x7d151012db00
furious-puma-1:122455:123357 [0] NCCL INFO Channel 17/1 : 0[0] -> 5[5] via P2P/CUMEM
furious-puma-1:122456:123344 [1] NCCL INFO Imported shareable buffer device 1 size 2097152 ptr 0x79d302800000
furious-puma-1:122458:123343 [3] NCCL INFO UDS converted handle 0x7d15100bdf40 to fd 148 on remote peer 0
furious-puma-1:122455:123036 [0] NCCL INFO Allocated shareable buffer 0x7d136f400000 size 2097152 ipcDesc 0x7d151012f300
furious-puma-1:122455:123357 [0] NCCL INFO Channel 18/1 : 0[0] -> 5[5] via P2P/CUMEM
furious-puma-1:122455:123036 [0] NCCL INFO Allocated shareable buffer 0x7d136f600000 size 2097152 ipcDesc 0x7d1510130b00
furious-puma-1:122455:123357 [0] NCCL INFO Channel 19/1 : 0[0] -> 5[5] via P2P/CUMEM
furious-puma-1:122458:123343 [3] NCCL INFO Imported shareable buffer device 3 size 2097152 ptr 0x7acd4c200000
furious-puma-1:122459:123350 [4] NCCL INFO UDS converted handle 0x7d15100e8b50 to fd 148 on remote peer 0
furious-puma-1:122455:123036 [0] NCCL INFO Allocated shareable buffer 0x7d136f800000 size 2097152 ipcDesc 0x7d1510132300
furious-puma-1:122455:123357 [0] NCCL INFO Channel 20/1 : 0[0] -> 5[5] via P2P/CUMEM
furious-puma-1:122457:123347 [2] NCCL INFO UDS converted handle 0x7d151009cf40 to fd 148 on remote peer 0
furious-puma-1:122459:123350 [4] NCCL INFO Imported shareable buffer device 4 size 2097152 ptr 0x7244a3600000
furious-puma-1:122457:123347 [2] NCCL INFO Imported shareable buffer device 2 size 2097152 ptr 0x792039600000
furious-puma-1:122455:123036 [0] NCCL INFO Allocated shareable buffer 0x7d136fa00000 size 2097152 ipcDesc 0x7d1510133b00
furious-puma-1:122455:123357 [0] NCCL INFO Channel 21/1 : 0[0] -> 5[5] via P2P/CUMEM
furious-puma-1:122456:123344 [1] NCCL INFO UDS converted handle 0x7d151007bf40 to fd 147 on remote peer 0
furious-puma-1:122455:123036 [0] NCCL INFO Allocated shareable buffer 0x7d136fc00000 size 2097152 ipcDesc 0x7d1510135300
furious-puma-1:122455:123357 [0] NCCL INFO Channel 22/1 : 0[0] -> 5[5] via P2P/CUMEM
furious-puma-1:122455:123036 [0] NCCL INFO Allocated shareable buffer 0x7d136fe00000 size 2097152 ipcDesc 0x7d1510136b00
furious-puma-1:122455:123357 [0] NCCL INFO Channel 23/1 : 0[0] -> 5[5] via P2P/CUMEM
furious-puma-1:122456:123344 [1] NCCL INFO Imported shareable buffer device 1 size 2097152 ptr 0x79d302a00000
furious-puma-1:122458:123343 [3] NCCL INFO UDS converted handle 0x7d15100c3350 to fd 148 on remote peer 0
furious-puma-1:122455:123036 [0] NCCL INFO Allocated shareable buffer 0x7d1370000000 size 2097152 ipcDesc 0x7d1510138300
furious-puma-1:122455:123357 [0] NCCL INFO Channel 24/1 : 0[0] -> 5[5] via P2P/CUMEM
furious-puma-1:122455:123036 [0] NCCL INFO Allocated shareable buffer 0x7d1370200000 size 2097152 ipcDesc 0x7d1510139b00
furious-puma-1:122455:123357 [0] NCCL INFO Channel 25/1 : 0[0] -> 5[5] via P2P/CUMEM
furious-puma-1:122458:123343 [3] NCCL INFO Imported shareable buffer device 3 size 2097152 ptr 0x7acd4c400000
furious-puma-1:122459:123350 [4] NCCL INFO UDS converted handle 0x7d15100ea350 to fd 148 on remote peer 0
furious-puma-1:122455:123036 [0] NCCL INFO Allocated shareable buffer 0x7d1370400000 size 2097152 ipcDesc 0x7d151013b300
furious-puma-1:122455:123357 [0] NCCL INFO Channel 26/1 : 0[0] -> 5[5] via P2P/CUMEM
furious-puma-1:122455:123036 [0] NCCL INFO Allocated shareable buffer 0x7d1370600000 size 2097152 ipcDesc 0x7d151013cb00
furious-puma-1:122455:123357 [0] NCCL INFO Channel 27/1 : 0[0] -> 5[5] via P2P/CUMEM
furious-puma-1:122459:123350 [4] NCCL INFO Imported shareable buffer device 4 size 2097152 ptr 0x7244a3800000
furious-puma-1:122457:123347 [2] NCCL INFO UDS converted handle 0x7d151009e740 to fd 148 on remote peer 0
furious-puma-1:122455:123036 [0] NCCL INFO Allocated shareable buffer 0x7d1370800000 size 2097152 ipcDesc 0x7d151013e300
furious-puma-1:122455:123357 [0] NCCL INFO Channel 28/1 : 0[0] -> 5[5] via P2P/CUMEM
furious-puma-1:122455:123036 [0] NCCL INFO Allocated shareable buffer 0x7d1370a00000 size 2097152 ipcDesc 0x7d151013fb00
furious-puma-1:122455:123357 [0] NCCL INFO Channel 29/1 : 0[0] -> 5[5] via P2P/CUMEM
furious-puma-1:122457:123347 [2] NCCL INFO Imported shareable buffer device 2 size 2097152 ptr 0x792039800000
furious-puma-1:122456:123344 [1] NCCL INFO UDS converted handle 0x7d151007d740 to fd 147 on remote peer 0
furious-puma-1:122455:123036 [0] NCCL INFO Allocated shareable buffer 0x7d1370c00000 size 2097152 ipcDesc 0x7d1510141300
furious-puma-1:122455:123357 [0] NCCL INFO Channel 30/1 : 0[0] -> 5[5] via P2P/CUMEM
furious-puma-1:122456:123344 [1] NCCL INFO Imported shareable buffer device 1 size 2097152 ptr 0x79d302c00000
furious-puma-1:122455:123036 [0] NCCL INFO Allocated shareable buffer 0x7d1370e00000 size 2097152 ipcDesc 0x7d1510142b00
furious-puma-1:122455:123357 [0] NCCL INFO Channel 31/1 : 0[0] -> 5[5] via P2P/CUMEM
furious-puma-1:122455:123036 [0] NCCL INFO Allocated shareable buffer 0x7d1371000000 size 2097152 ipcDesc 0x7d1510144300
furious-puma-1:122455:123357 [0] NCCL INFO Channel 00/1 : 0[0] -> 6[6] via P2P/CUMEM
furious-puma-1:122458:123343 [3] NCCL INFO UDS converted handle 0x7d15100c4b50 to fd 148 on remote peer 0
furious-puma-1:122455:123036 [0] NCCL INFO Allocated shareable buffer 0x7d1371200000 size 2097152 ipcDesc 0x7d1510145b00
furious-puma-1:122455:123357 [0] NCCL INFO Channel 01/1 : 0[0] -> 6[6] via P2P/CUMEM
furious-puma-1:122458:123343 [3] NCCL INFO Imported shareable buffer device 3 size 2097152 ptr 0x7acd4c600000
furious-puma-1:122455:123036 [0] NCCL INFO Allocated shareable buffer 0x7d1371400000 size 2097152 ipcDesc 0x7d1510147300
furious-puma-1:122455:123357 [0] NCCL INFO Channel 02/1 : 0[0] -> 6[6] via P2P/CUMEM
furious-puma-1:122459:123350 [4] NCCL INFO UDS converted handle 0x7d15100ebb50 to fd 148 on remote peer 0
furious-puma-1:122455:123036 [0] NCCL INFO Allocated shareable buffer 0x7d1371600000 size 2097152 ipcDesc 0x7d1510148b00
furious-puma-1:122455:123357 [0] NCCL INFO Channel 03/1 : 0[0] -> 6[6] via P2P/CUMEM
furious-puma-1:122457:123347 [2] NCCL INFO UDS converted handle 0x7d151009ff40 to fd 148 on remote peer 0
furious-puma-1:122459:123350 [4] NCCL INFO Imported shareable buffer device 4 size 2097152 ptr 0x7244a3a00000
furious-puma-1:122457:123347 [2] NCCL INFO Imported shareable buffer device 2 size 2097152 ptr 0x792039a00000
furious-puma-1:122455:123036 [0] NCCL INFO Allocated shareable buffer 0x7d1371800000 size 2097152 ipcDesc 0x7d151014a300
furious-puma-1:122455:123357 [0] NCCL INFO Channel 04/1 : 0[0] -> 6[6] via P2P/CUMEM
furious-puma-1:122455:123036 [0] NCCL INFO Allocated shareable buffer 0x7d1371a00000 size 2097152 ipcDesc 0x7d151014bb00
furious-puma-1:122455:123357 [0] NCCL INFO Channel 05/1 : 0[0] -> 6[6] via P2P/CUMEM
furious-puma-1:122456:123344 [1] NCCL INFO UDS converted handle 0x7d151007ef40 to fd 147 on remote peer 0
furious-puma-1:122455:123036 [0] NCCL INFO Allocated shareable buffer 0x7d1371c00000 size 2097152 ipcDesc 0x7d151014d300
furious-puma-1:122455:123357 [0] NCCL INFO Channel 06/1 : 0[0] -> 6[6] via P2P/CUMEM
furious-puma-1:122456:123344 [1] NCCL INFO Imported shareable buffer device 1 size 2097152 ptr 0x79d302e00000
furious-puma-1:122455:123036 [0] NCCL INFO Allocated shareable buffer 0x7d1371e00000 size 2097152 ipcDesc 0x7d151014eb00
furious-puma-1:122455:123357 [0] NCCL INFO Channel 07/1 : 0[0] -> 6[6] via P2P/CUMEM
furious-puma-1:122460:123345 [5] NCCL INFO UDS converted handle 0x7d1510115b50 to fd 148 on remote peer 0
furious-puma-1:122455:123036 [0] NCCL INFO Allocated shareable buffer 0x7d1372000000 size 2097152 ipcDesc 0x7d1510150300
furious-puma-1:122455:123357 [0] NCCL INFO Channel 08/1 : 0[0] -> 6[6] via P2P/CUMEM
furious-puma-1:122455:123036 [0] NCCL INFO Allocated shareable buffer 0x7d1372200000 size 2097152 ipcDesc 0x7d1510151b00
furious-puma-1:122455:123357 [0] NCCL INFO Channel 09/1 : 0[0] -> 6[6] via P2P/CUMEM
furious-puma-1:122458:123343 [3] NCCL INFO UDS converted handle 0x7d15100c6350 to fd 148 on remote peer 0
furious-puma-1:122460:123345 [5] NCCL INFO Imported shareable buffer device 5 size 2097152 ptr 0x70ee07200000
furious-puma-1:122455:123036 [0] NCCL INFO Allocated shareable buffer 0x7d1372400000 size 2097152 ipcDesc 0x7d1510153300
furious-puma-1:122455:123357 [0] NCCL INFO Channel 10/1 : 0[0] -> 6[6] via P2P/CUMEM
furious-puma-1:122455:123036 [0] NCCL INFO Allocated shareable buffer 0x7d1372600000 size 2097152 ipcDesc 0x7d1510154b00
furious-puma-1:122455:123357 [0] NCCL INFO Channel 11/1 : 0[0] -> 6[6] via P2P/CUMEM
furious-puma-1:122458:123343 [3] NCCL INFO Imported shareable buffer device 3 size 2097152 ptr 0x7acd4c800000
furious-puma-1:122459:123350 [4] NCCL INFO UDS converted handle 0x7d15100ed350 to fd 148 on remote peer 0
furious-puma-1:122455:123036 [0] NCCL INFO Allocated shareable buffer 0x7d1372800000 size 2097152 ipcDesc 0x7d1510156300
furious-puma-1:122455:123357 [0] NCCL INFO Channel 12/1 : 0[0] -> 6[6] via P2P/CUMEM
furious-puma-1:122455:123036 [0] NCCL INFO Allocated shareable buffer 0x7d1372a00000 size 2097152 ipcDesc 0x7d1510157b00
furious-puma-1:122455:123357 [0] NCCL INFO Channel 13/1 : 0[0] -> 6[6] via P2P/CUMEM
furious-puma-1:122459:123350 [4] NCCL INFO Imported shareable buffer device 4 size 2097152 ptr 0x7244a3c00000
furious-puma-1:122457:123347 [2] NCCL INFO UDS converted handle 0x7d15100a1740 to fd 148 on remote peer 0
furious-puma-1:122455:123036 [0] NCCL INFO Allocated shareable buffer 0x7d1372c00000 size 2097152 ipcDesc 0x7d1510159300
furious-puma-1:122455:123357 [0] NCCL INFO Channel 14/1 : 0[0] -> 6[6] via P2P/CUMEM
furious-puma-1:122455:123036 [0] NCCL INFO Allocated shareable buffer 0x7d1372e00000 size 2097152 ipcDesc 0x7d151015ab00
furious-puma-1:122455:123357 [0] NCCL INFO Channel 15/1 : 0[0] -> 6[6] via P2P/CUMEM
furious-puma-1:122457:123347 [2] NCCL INFO Imported shareable buffer device 2 size 2097152 ptr 0x792039c00000
furious-puma-1:122456:123344 [1] NCCL INFO UDS converted handle 0x7d1510080740 to fd 147 on remote peer 0
furious-puma-1:122455:123036 [0] NCCL INFO Allocated shareable buffer 0x7d1373000000 size 2097152 ipcDesc 0x7d151015c300
furious-puma-1:122455:123357 [0] NCCL INFO Channel 16/1 : 0[0] -> 6[6] via P2P/CUMEM
furious-puma-1:122455:123036 [0] NCCL INFO Allocated shareable buffer 0x7d1373200000 size 2097152 ipcDesc 0x7d151015db00
furious-puma-1:122455:123357 [0] NCCL INFO Channel 17/1 : 0[0] -> 6[6] via P2P/CUMEM
furious-puma-1:122456:123344 [1] NCCL INFO Imported shareable buffer device 1 size 2097152 ptr 0x79d303000000
furious-puma-1:122460:123345 [5] NCCL INFO UDS converted handle 0x7d1510117350 to fd 148 on remote peer 0
furious-puma-1:122455:123036 [0] NCCL INFO Allocated shareable buffer 0x7d1373400000 size 2097152 ipcDesc 0x7d151015f300
furious-puma-1:122455:123357 [0] NCCL INFO Channel 18/1 : 0[0] -> 6[6] via P2P/CUMEM
furious-puma-1:122460:123345 [5] NCCL INFO Imported shareable buffer device 5 size 2097152 ptr 0x70ee07400000
furious-puma-1:122458:123343 [3] NCCL INFO UDS converted handle 0x7d15100c7b50 to fd 148 on remote peer 0
furious-puma-1:122455:123036 [0] NCCL INFO Allocated shareable buffer 0x7d1373600000 size 2097152 ipcDesc 0x7d1510160b00
furious-puma-1:122455:123357 [0] NCCL INFO Channel 19/1 : 0[0] -> 6[6] via P2P/CUMEM
furious-puma-1:122455:123036 [0] NCCL INFO Allocated shareable buffer 0x7d1373800000 size 2097152 ipcDesc 0x7d1510162300
furious-puma-1:122455:123357 [0] NCCL INFO Channel 20/1 : 0[0] -> 6[6] via P2P/CUMEM
furious-puma-1:122458:123343 [3] NCCL INFO Imported shareable buffer device 3 size 2097152 ptr 0x7acd4ca00000
furious-puma-1:122459:123350 [4] NCCL INFO UDS converted handle 0x7d15100eeb50 to fd 148 on remote peer 0
furious-puma-1:122455:123036 [0] NCCL INFO Allocated shareable buffer 0x7d1373a00000 size 2097152 ipcDesc 0x7d1510163b00
furious-puma-1:122455:123357 [0] NCCL INFO Channel 21/1 : 0[0] -> 6[6] via P2P/CUMEM
furious-puma-1:122455:123036 [0] NCCL INFO Allocated shareable buffer 0x7d1373c00000 size 2097152 ipcDesc 0x7d1510165300
furious-puma-1:122455:123357 [0] NCCL INFO Channel 22/1 : 0[0] -> 6[6] via P2P/CUMEM
furious-puma-1:122459:123350 [4] NCCL INFO Imported shareable buffer device 4 size 2097152 ptr 0x7244a3e00000
furious-puma-1:122457:123347 [2] NCCL INFO UDS converted handle 0x7d15100a2f40 to fd 148 on remote peer 0
furious-puma-1:122455:123036 [0] NCCL INFO Allocated shareable buffer 0x7d1373e00000 size 2097152 ipcDesc 0x7d1510166b00
furious-puma-1:122455:123357 [0] NCCL INFO Channel 23/1 : 0[0] -> 6[6] via P2P/CUMEM
furious-puma-1:122457:123347 [2] NCCL INFO Imported shareable buffer device 2 size 2097152 ptr 0x792039e00000
furious-puma-1:122460:123345 [5] NCCL INFO UDS converted handle 0x7d1510118b50 to fd 148 on remote peer 0
furious-puma-1:122455:123036 [0] NCCL INFO Allocated shareable buffer 0x7d1374000000 size 2097152 ipcDesc 0x7d1510168300
furious-puma-1:122455:123357 [0] NCCL INFO Channel 24/1 : 0[0] -> 6[6] via P2P/CUMEM
furious-puma-1:122455:123036 [0] NCCL INFO Allocated shareable buffer 0x7d1374200000 size 2097152 ipcDesc 0x7d1510169b00
furious-puma-1:122455:123357 [0] NCCL INFO Channel 25/1 : 0[0] -> 6[6] via P2P/CUMEM
furious-puma-1:122460:123345 [5] NCCL INFO Imported shareable buffer device 5 size 2097152 ptr 0x70ee07600000
furious-puma-1:122458:123343 [3] NCCL INFO UDS converted handle 0x7d15100c9350 to fd 148 on remote peer 0
furious-puma-1:122455:123036 [0] NCCL INFO Allocated shareable buffer 0x7d1374400000 size 2097152 ipcDesc 0x7d151016b300
furious-puma-1:122455:123357 [0] NCCL INFO Channel 26/1 : 0[0] -> 6[6] via P2P/CUMEM
furious-puma-1:122455:123036 [0] NCCL INFO Allocated shareable buffer 0x7d1374600000 size 2097152 ipcDesc 0x7d151016cb00
furious-puma-1:122455:123357 [0] NCCL INFO Channel 27/1 : 0[0] -> 6[6] via P2P/CUMEM
furious-puma-1:122458:123343 [3] NCCL INFO Imported shareable buffer device 3 size 2097152 ptr 0x7acd4cc00000
furious-puma-1:122459:123350 [4] NCCL INFO UDS converted handle 0x7d15100f0350 to fd 148 on remote peer 0
furious-puma-1:122455:123036 [0] NCCL INFO Allocated shareable buffer 0x7d1374800000 size 2097152 ipcDesc 0x7d151016e300
furious-puma-1:122455:123357 [0] NCCL INFO Channel 28/1 : 0[0] -> 6[6] via P2P/CUMEM
furious-puma-1:122455:123036 [0] NCCL INFO Allocated shareable buffer 0x7d1374a00000 size 2097152 ipcDesc 0x7d151016fb00
furious-puma-1:122455:123357 [0] NCCL INFO Channel 29/1 : 0[0] -> 6[6] via P2P/CUMEM
furious-puma-1:122459:123350 [4] NCCL INFO Imported shareable buffer device 4 size 2097152 ptr 0x7244a4000000
furious-puma-1:122457:123347 [2] NCCL INFO UDS converted handle 0x7d15100a4740 to fd 148 on remote peer 0
furious-puma-1:122455:123036 [0] NCCL INFO Allocated shareable buffer 0x7d1374c00000 size 2097152 ipcDesc 0x7d1510171300
furious-puma-1:122455:123357 [0] NCCL INFO Channel 30/1 : 0[0] -> 6[6] via P2P/CUMEM
furious-puma-1:122460:123345 [5] NCCL INFO UDS converted handle 0x7d151011a350 to fd 148 on remote peer 0
furious-puma-1:122455:123036 [0] NCCL INFO Allocated shareable buffer 0x7d1374e00000 size 2097152 ipcDesc 0x7d1510172b00
furious-puma-1:122455:123357 [0] NCCL INFO Channel 31/1 : 0[0] -> 6[6] via P2P/CUMEM
furious-puma-1:122457:123347 [2] NCCL INFO Imported shareable buffer device 2 size 2097152 ptr 0x79203a000000
furious-puma-1:122458:123343 [3] NCCL INFO UDS converted handle 0x7d15100cab50 to fd 148 on remote peer 0
furious-puma-1:122458:123343 [3] NCCL INFO Imported shareable buffer device 3 size 2097152 ptr 0x7acd4ce00000
furious-puma-1:122460:123345 [5] NCCL INFO Imported shareable buffer device 5 size 2097152 ptr 0x70ee07800000
furious-puma-1:122455:123036 [0] NCCL INFO Allocated shareable buffer 0x7d1375000000 size 2097152 ipcDesc 0x7d1510174300
furious-puma-1:122455:123357 [0] NCCL INFO Channel 00/1 : 0[0] -> 7[7] via P2P/CUMEM
furious-puma-1:122459:123350 [4] NCCL INFO UDS converted handle 0x7d15100f1b50 to fd 148 on remote peer 0
furious-puma-1:122455:123036 [0] NCCL INFO Allocated shareable buffer 0x7d1375200000 size 2097152 ipcDesc 0x7d1510175b00
furious-puma-1:122455:123357 [0] NCCL INFO Channel 01/1 : 0[0] -> 7[7] via P2P/CUMEM
furious-puma-1:122455:123036 [0] NCCL INFO Allocated shareable buffer 0x7d1375400000 size 2097152 ipcDesc 0x7d1510177300
furious-puma-1:122455:123357 [0] NCCL INFO Channel 02/1 : 0[0] -> 7[7] via P2P/CUMEM
furious-puma-1:122459:123350 [4] NCCL INFO Imported shareable buffer device 4 size 2097152 ptr 0x7244a4200000
furious-puma-1:122457:123347 [2] NCCL INFO UDS converted handle 0x7d15100a5f40 to fd 148 on remote peer 0
furious-puma-1:122455:123036 [0] NCCL INFO Allocated shareable buffer 0x7d1375600000 size 2097152 ipcDesc 0x7d1510178b00
furious-puma-1:122455:123357 [0] NCCL INFO Channel 03/1 : 0[0] -> 7[7] via P2P/CUMEM
furious-puma-1:122457:123347 [2] NCCL INFO Imported shareable buffer device 2 size 2097152 ptr 0x79203a200000
furious-puma-1:122458:123343 [3] NCCL INFO UDS converted handle 0x7d15100cc350 to fd 148 on remote peer 0
furious-puma-1:122455:123036 [0] NCCL INFO Allocated shareable buffer 0x7d1375800000 size 2097152 ipcDesc 0x7d151017a300
furious-puma-1:122455:123357 [0] NCCL INFO Channel 04/1 : 0[0] -> 7[7] via P2P/CUMEM
furious-puma-1:122458:123343 [3] NCCL INFO Imported shareable buffer device 3 size 2097152 ptr 0x7acd4d000000
furious-puma-1:122460:123345 [5] NCCL INFO UDS converted handle 0x7d151011bb50 to fd 148 on remote peer 0
furious-puma-1:122455:123036 [0] NCCL INFO Allocated shareable buffer 0x7d1375a00000 size 2097152 ipcDesc 0x7d151017bb00
furious-puma-1:122455:123357 [0] NCCL INFO Channel 05/1 : 0[0] -> 7[7] via P2P/CUMEM
furious-puma-1:122460:123345 [5] NCCL INFO Imported shareable buffer device 5 size 2097152 ptr 0x70ee07a00000
furious-puma-1:122461:123349 [6] NCCL INFO UDS converted handle 0x7d1510145b50 to fd 148 on remote peer 0
furious-puma-1:122455:123036 [0] NCCL INFO Allocated shareable buffer 0x7d1375c00000 size 2097152 ipcDesc 0x7d151017d300
furious-puma-1:122455:123357 [0] NCCL INFO Channel 06/1 : 0[0] -> 7[7] via P2P/CUMEM
furious-puma-1:122459:123350 [4] NCCL INFO UDS converted handle 0x7d15100f3350 to fd 148 on remote peer 0
furious-puma-1:122459:123350 [4] NCCL INFO Imported shareable buffer device 4 size 2097152 ptr 0x7244a4400000
furious-puma-1:122455:123036 [0] NCCL INFO Allocated shareable buffer 0x7d1375e00000 size 2097152 ipcDesc 0x7d151017eb00
furious-puma-1:122455:123357 [0] NCCL INFO Channel 07/1 : 0[0] -> 7[7] via P2P/CUMEM
furious-puma-1:122457:123347 [2] NCCL INFO UDS converted handle 0x7d15100a7740 to fd 148 on remote peer 0
furious-puma-1:122461:123349 [6] NCCL INFO Imported shareable buffer device 6 size 2097152 ptr 0x79ad6b200000
furious-puma-1:122455:123036 [0] NCCL INFO Allocated shareable buffer 0x7d1376000000 size 2097152 ipcDesc 0x7d1510180300
furious-puma-1:122455:123357 [0] NCCL INFO Channel 08/1 : 0[0] -> 7[7] via P2P/CUMEM
furious-puma-1:122455:123036 [0] NCCL INFO Allocated shareable buffer 0x7d1376200000 size 2097152 ipcDesc 0x7d1510181b00
furious-puma-1:122455:123357 [0] NCCL INFO Channel 09/1 : 0[0] -> 7[7] via P2P/CUMEM
furious-puma-1:122458:123343 [3] NCCL INFO UDS converted handle 0x7d15100cdb50 to fd 148 on remote peer 0
furious-puma-1:122457:123347 [2] NCCL INFO Imported shareable buffer device 2 size 2097152 ptr 0x79203a400000
furious-puma-1:122455:123036 [0] NCCL INFO Allocated shareable buffer 0x7d1376400000 size 2097152 ipcDesc 0x7d1510186f10
furious-puma-1:122455:123357 [0] NCCL INFO Channel 10/1 : 0[0] -> 7[7] via P2P/CUMEM
furious-puma-1:122460:123345 [5] NCCL INFO UDS converted handle 0x7d151011d350 to fd 148 on remote peer 0
furious-puma-1:122458:123343 [3] NCCL INFO Imported shareable buffer device 3 size 2097152 ptr 0x7acd4d200000
furious-puma-1:122455:123036 [0] NCCL INFO Allocated shareable buffer 0x7d1376600000 size 2097152 ipcDesc 0x7d1510188710
furious-puma-1:122455:123357 [0] NCCL INFO Channel 11/1 : 0[0] -> 7[7] via P2P/CUMEM
furious-puma-1:122459:123350 [4] NCCL INFO UDS converted handle 0x7d15100f4b50 to fd 148 on remote peer 0
furious-puma-1:122455:123036 [0] NCCL INFO Allocated shareable buffer 0x7d1376800000 size 2097152 ipcDesc 0x7d1510189f10
furious-puma-1:122455:123357 [0] NCCL INFO Channel 12/1 : 0[0] -> 7[7] via P2P/CUMEM
furious-puma-1:122460:123345 [5] NCCL INFO Imported shareable buffer device 5 size 2097152 ptr 0x70ee07c00000
furious-puma-1:122455:123036 [0] NCCL INFO Allocated shareable buffer 0x7d1376a00000 size 2097152 ipcDesc 0x7d151018b710
furious-puma-1:122455:123357 [0] NCCL INFO Channel 13/1 : 0[0] -> 7[7] via P2P/CUMEM
furious-puma-1:122459:123350 [4] NCCL INFO Imported shareable buffer device 4 size 2097152 ptr 0x7244a4600000
furious-puma-1:122461:123349 [6] NCCL INFO UDS converted handle 0x7d1510147350 to fd 148 on remote peer 0
furious-puma-1:122455:123036 [0] NCCL INFO Allocated shareable buffer 0x7d1376c00000 size 2097152 ipcDesc 0x7d151018cf10
furious-puma-1:122455:123357 [0] NCCL INFO Channel 14/1 : 0[0] -> 7[7] via P2P/CUMEM
furious-puma-1:122455:123036 [0] NCCL INFO Allocated shareable buffer 0x7d1376e00000 size 2097152 ipcDesc 0x7d151018e710
furious-puma-1:122455:123357 [0] NCCL INFO Channel 15/1 : 0[0] -> 7[7] via P2P/CUMEM
furious-puma-1:122461:123349 [6] NCCL INFO Imported shareable buffer device 6 size 2097152 ptr 0x79ad6b400000
furious-puma-1:122457:123347 [2] NCCL INFO UDS converted handle 0x7d15100a8f40 to fd 148 on remote peer 0
furious-puma-1:122455:123036 [0] NCCL INFO Allocated shareable buffer 0x7d1377000000 size 2097152 ipcDesc 0x7d151018ff10
furious-puma-1:122455:123357 [0] NCCL INFO Channel 16/1 : 0[0] -> 7[7] via P2P/CUMEM
furious-puma-1:122455:123036 [0] NCCL INFO Allocated shareable buffer 0x7d1377200000 size 2097152 ipcDesc 0x7d1510191710
furious-puma-1:122455:123357 [0] NCCL INFO Channel 17/1 : 0[0] -> 7[7] via P2P/CUMEM
furious-puma-1:122458:123343 [3] NCCL INFO UDS converted handle 0x7d15100cf350 to fd 148 on remote peer 0
furious-puma-1:122457:123347 [2] NCCL INFO Imported shareable buffer device 2 size 2097152 ptr 0x79203a600000
furious-puma-1:122455:123036 [0] NCCL INFO Allocated shareable buffer 0x7d1377400000 size 2097152 ipcDesc 0x7d1510192f10
furious-puma-1:122455:123357 [0] NCCL INFO Channel 18/1 : 0[0] -> 7[7] via P2P/CUMEM
furious-puma-1:122455:123036 [0] NCCL INFO Allocated shareable buffer 0x7d1377600000 size 2097152 ipcDesc 0x7d1510194710
furious-puma-1:122455:123357 [0] NCCL INFO Channel 19/1 : 0[0] -> 7[7] via P2P/CUMEM
furious-puma-1:122458:123343 [3] NCCL INFO Imported shareable buffer device 3 size 2097152 ptr 0x7acd4d400000
furious-puma-1:122460:123345 [5] NCCL INFO UDS converted handle 0x7d151011eb50 to fd 148 on remote peer 0
furious-puma-1:122455:123036 [0] NCCL INFO Allocated shareable buffer 0x7d1377800000 size 2097152 ipcDesc 0x7d1510195f10
furious-puma-1:122455:123357 [0] NCCL INFO Channel 20/1 : 0[0] -> 7[7] via P2P/CUMEM
furious-puma-1:122459:123350 [4] NCCL INFO UDS converted handle 0x7d15100f6350 to fd 148 on remote peer 0
furious-puma-1:122460:123345 [5] NCCL INFO Imported shareable buffer device 5 size 2097152 ptr 0x70ee07e00000
furious-puma-1:122455:123036 [0] NCCL INFO Allocated shareable buffer 0x7d1377a00000 size 2097152 ipcDesc 0x7d1510197710
furious-puma-1:122455:123357 [0] NCCL INFO Channel 21/1 : 0[0] -> 7[7] via P2P/CUMEM
furious-puma-1:122455:123036 [0] NCCL INFO Allocated shareable buffer 0x7d1377c00000 size 2097152 ipcDesc 0x7d1510198f10
furious-puma-1:122455:123357 [0] NCCL INFO Channel 22/1 : 0[0] -> 7[7] via P2P/CUMEM
furious-puma-1:122459:123350 [4] NCCL INFO Imported shareable buffer device 4 size 2097152 ptr 0x7244a4800000
furious-puma-1:122461:123349 [6] NCCL INFO UDS converted handle 0x7d1510148b50 to fd 148 on remote peer 0
furious-puma-1:122455:123036 [0] NCCL INFO Allocated shareable buffer 0x7d1377e00000 size 2097152 ipcDesc 0x7d151019a710
furious-puma-1:122455:123357 [0] NCCL INFO Channel 23/1 : 0[0] -> 7[7] via P2P/CUMEM
furious-puma-1:122455:123036 [0] NCCL INFO Allocated shareable buffer 0x7d1378000000 size 2097152 ipcDesc 0x7d151019bf10
furious-puma-1:122455:123357 [0] NCCL INFO Channel 24/1 : 0[0] -> 7[7] via P2P/CUMEM
furious-puma-1:122461:123349 [6] NCCL INFO Imported shareable buffer device 6 size 2097152 ptr 0x79ad6b600000
furious-puma-1:122457:123347 [2] NCCL INFO UDS converted handle 0x7d15100aa740 to fd 148 on remote peer 0
furious-puma-1:122455:123036 [0] NCCL INFO Allocated shareable buffer 0x7d1378200000 size 2097152 ipcDesc 0x7d151019d710
furious-puma-1:122455:123357 [0] NCCL INFO Channel 25/1 : 0[0] -> 7[7] via P2P/CUMEM
furious-puma-1:122455:123036 [0] NCCL INFO Allocated shareable buffer 0x7d1378400000 size 2097152 ipcDesc 0x7d151019ef10
furious-puma-1:122455:123357 [0] NCCL INFO Channel 26/1 : 0[0] -> 7[7] via P2P/CUMEM
furious-puma-1:122458:123343 [3] NCCL INFO UDS converted handle 0x7d15100d0b50 to fd 148 on remote peer 0
furious-puma-1:122457:123347 [2] NCCL INFO Imported shareable buffer device 2 size 2097152 ptr 0x79203a800000
furious-puma-1:122455:123036 [0] NCCL INFO Allocated shareable buffer 0x7d1378600000 size 2097152 ipcDesc 0x7d15101a0710
furious-puma-1:122455:123357 [0] NCCL INFO Channel 27/1 : 0[0] -> 7[7] via P2P/CUMEM
furious-puma-1:122460:123345 [5] NCCL INFO UDS converted handle 0x7d1510120350 to fd 148 on remote peer 0
furious-puma-1:122455:123036 [0] NCCL INFO Allocated shareable buffer 0x7d1378800000 size 2097152 ipcDesc 0x7d15101a1f10
furious-puma-1:122455:123357 [0] NCCL INFO Channel 28/1 : 0[0] -> 7[7] via P2P/CUMEM
furious-puma-1:122458:123343 [3] NCCL INFO Imported shareable buffer device 3 size 2097152 ptr 0x7acd4d600000
furious-puma-1:122455:123036 [0] NCCL INFO Allocated shareable buffer 0x7d1378a00000 size 2097152 ipcDesc 0x7d15101a3710
furious-puma-1:122455:123357 [0] NCCL INFO Channel 29/1 : 0[0] -> 7[7] via P2P/CUMEM
furious-puma-1:122460:123345 [5] NCCL INFO Imported shareable buffer device 5 size 2097152 ptr 0x70ee08000000
furious-puma-1:122459:123350 [4] NCCL INFO UDS converted handle 0x7d15100f7b50 to fd 148 on remote peer 0
furious-puma-1:122455:123036 [0] NCCL INFO Allocated shareable buffer 0x7d1378c00000 size 2097152 ipcDesc 0x7d15101a4f10
furious-puma-1:122455:123357 [0] NCCL INFO Channel 30/1 : 0[0] -> 7[7] via P2P/CUMEM
furious-puma-1:122455:123036 [0] NCCL INFO Allocated shareable buffer 0x7d1378e00000 size 2097152 ipcDesc 0x7d15101a6710
furious-puma-1:122455:123357 [0] NCCL INFO Channel 31/1 : 0[0] -> 7[7] via P2P/CUMEM
furious-puma-1:122459:123350 [4] NCCL INFO Imported shareable buffer device 4 size 2097152 ptr 0x7244a4a00000
furious-puma-1:122461:123349 [6] NCCL INFO UDS converted handle 0x7d151014a350 to fd 148 on remote peer 0
furious-puma-1:122455:123036 [0] NCCL INFO Allocated shareable buffer 0x7d1379000000 size 2097152 ipcDesc 0x7d15101a7f10
furious-puma-1:122457:123347 [2] NCCL INFO UDS converted handle 0x7d15100abf40 to fd 148 on remote peer 0
furious-puma-1:122461:123349 [6] NCCL INFO Imported shareable buffer device 6 size 2097152 ptr 0x79ad6b800000
furious-puma-1:122458:123343 [3] NCCL INFO UDS converted handle 0x7d15100d2350 to fd 148 on remote peer 0
furious-puma-1:122457:123347 [2] NCCL INFO Imported shareable buffer device 2 size 2097152 ptr 0x79203aa00000
furious-puma-1:122460:123345 [5] NCCL INFO UDS converted handle 0x7d1510121b50 to fd 148 on remote peer 0
furious-puma-1:122458:123343 [3] NCCL INFO Imported shareable buffer device 3 size 2097152 ptr 0x7acd4d800000
furious-puma-1:122455:123357 [0] NCCL INFO UDS converted handle 0x79d318051d10 to fd 149 on remote peer 1
furious-puma-1:122460:123345 [5] NCCL INFO Imported shareable buffer device 5 size 2097152 ptr 0x70ee08200000
furious-puma-1:122459:123350 [4] NCCL INFO UDS converted handle 0x7d15100f9350 to fd 148 on remote peer 0
furious-puma-1:122459:123350 [4] NCCL INFO Imported shareable buffer device 4 size 2097152 ptr 0x7244a4c00000
furious-puma-1:122455:123357 [0] NCCL INFO Imported shareable buffer device 0 size 10485760 ptr 0x7d1379200000
furious-puma-1:122462:123346 [7] NCCL INFO UDS converted handle 0x7d1510175b50 to fd 147 on remote peer 0
furious-puma-1:122455:123357 [0] NCCL INFO UDS converted handle 0x79d3180535b0 to fd 149 on remote peer 1
furious-puma-1:122461:123349 [6] NCCL INFO UDS converted handle 0x7d151014bb50 to fd 148 on remote peer 0
furious-puma-1:122462:123346 [7] NCCL INFO Imported shareable buffer device 7 size 2097152 ptr 0x7500b3200000
furious-puma-1:122457:123347 [2] NCCL INFO UDS converted handle 0x7d15100ad740 to fd 148 on remote peer 0
furious-puma-1:122461:123349 [6] NCCL INFO Imported shareable buffer device 6 size 2097152 ptr 0x79ad6ba00000
furious-puma-1:122457:123347 [2] NCCL INFO Imported shareable buffer device 2 size 2097152 ptr 0x79203ac00000
furious-puma-1:122455:123357 [0] NCCL INFO Imported shareable buffer device 0 size 10485760 ptr 0x7d1379c00000
furious-puma-1:122458:123343 [3] NCCL INFO UDS converted handle 0x7d15100d3b50 to fd 148 on remote peer 0
furious-puma-1:122455:123357 [0] NCCL INFO UDS converted handle 0x79d318054f90 to fd 149 on remote peer 1
furious-puma-1:122458:123343 [3] NCCL INFO Imported shareable buffer device 3 size 2097152 ptr 0x7acd4da00000
furious-puma-1:122460:123345 [5] NCCL INFO UDS converted handle 0x7d1510123350 to fd 148 on remote peer 0
furious-puma-1:122455:123357 [0] NCCL INFO Imported shareable buffer device 0 size 10485760 ptr 0x7d137a600000
furious-puma-1:122460:123345 [5] NCCL INFO Imported shareable buffer device 5 size 2097152 ptr 0x70ee08400000
furious-puma-1:122459:123350 [4] NCCL INFO UDS converted handle 0x7d15100fab50 to fd 148 on remote peer 0
furious-puma-1:122455:123357 [0] NCCL INFO UDS converted handle 0x79d318056790 to fd 153 on remote peer 1
furious-puma-1:122462:123346 [7] NCCL INFO UDS converted handle 0x7d1510177350 to fd 147 on remote peer 0
furious-puma-1:122461:123349 [6] NCCL INFO UDS converted handle 0x7d151014d350 to fd 148 on remote peer 0
furious-puma-1:122459:123350 [4] NCCL INFO Imported shareable buffer device 4 size 2097152 ptr 0x7244a4e00000
furious-puma-1:122455:123357 [0] NCCL INFO Imported shareable buffer device 0 size 10485760 ptr 0x7d137b000000
furious-puma-1:122462:123346 [7] NCCL INFO Imported shareable buffer device 7 size 2097152 ptr 0x7500b3400000
furious-puma-1:122461:123349 [6] NCCL INFO Imported shareable buffer device 6 size 2097152 ptr 0x79ad6bc00000
furious-puma-1:122457:123347 [2] NCCL INFO UDS converted handle 0x7d15100aef40 to fd 148 on remote peer 0
furious-puma-1:122455:123357 [0] NCCL INFO UDS converted handle 0x79d318057f90 to fd 153 on remote peer 1
furious-puma-1:122458:123343 [3] NCCL INFO UDS converted handle 0x7d15100d5350 to fd 148 on remote peer 0
furious-puma-1:122455:123357 [0] NCCL INFO Imported shareable buffer device 0 size 10485760 ptr 0x7d137ba00000
furious-puma-1:122458:123343 [3] NCCL INFO Imported shareable buffer device 3 size 2097152 ptr 0x7acd4dc00000
furious-puma-1:122457:123347 [2] NCCL INFO Imported shareable buffer device 2 size 2097152 ptr 0x79203ae00000
furious-puma-1:122460:123345 [5] NCCL INFO UDS converted handle 0x7d1510124b50 to fd 148 on remote peer 0
furious-puma-1:122455:123357 [0] NCCL INFO UDS converted handle 0x79d318059790 to fd 153 on remote peer 1
furious-puma-1:122460:123345 [5] NCCL INFO Imported shareable buffer device 5 size 2097152 ptr 0x70ee08600000
furious-puma-1:122459:123350 [4] NCCL INFO UDS converted handle 0x7d15100fc350 to fd 148 on remote peer 0
furious-puma-1:122455:123357 [0] NCCL INFO Imported shareable buffer device 0 size 10485760 ptr 0x7d137c400000
furious-puma-1:122462:123346 [7] NCCL INFO UDS converted handle 0x7d1510178b50 to fd 147 on remote peer 0
furious-puma-1:122459:123350 [4] NCCL INFO Imported shareable buffer device 4 size 2097152 ptr 0x7244a5000000
furious-puma-1:122455:123357 [0] NCCL INFO UDS converted handle 0x79d31805af90 to fd 153 on remote peer 1
furious-puma-1:122455:123357 [0] NCCL INFO Imported shareable buffer device 0 size 10485760 ptr 0x31c8c00000
furious-puma-1:122461:123349 [6] NCCL INFO UDS converted handle 0x7d151014eb50 to fd 148 on remote peer 0
furious-puma-1:122462:123346 [7] NCCL INFO Imported shareable buffer device 7 size 2097152 ptr 0x7500b3600000
furious-puma-1:122455:123357 [0] NCCL INFO UDS converted handle 0x79d31805c790 to fd 153 on remote peer 1
furious-puma-1:122458:123343 [3] NCCL INFO UDS converted handle 0x7d15100d6b50 to fd 148 on remote peer 0
furious-puma-1:122461:123349 [6] NCCL INFO Imported shareable buffer device 6 size 2097152 ptr 0x79ad6be00000
furious-puma-1:122458:123343 [3] NCCL INFO Imported shareable buffer device 3 size 2097152 ptr 0x7acd4de00000
furious-puma-1:122457:123347 [2] NCCL INFO UDS converted handle 0x7d15100b0740 to fd 148 on remote peer 0
furious-puma-1:122455:123357 [0] NCCL INFO Imported shareable buffer device 0 size 10485760 ptr 0x31c9600000
furious-puma-1:122457:123347 [2] NCCL INFO Imported shareable buffer device 2 size 2097152 ptr 0x79203b000000
furious-puma-1:122460:123345 [5] NCCL INFO UDS converted handle 0x7d1510126350 to fd 148 on remote peer 0
furious-puma-1:122455:123357 [0] NCCL INFO UDS converted handle 0x79d31805df90 to fd 153 on remote peer 1
furious-puma-1:122460:123345 [5] NCCL INFO Imported shareable buffer device 5 size 2097152 ptr 0x70ee08800000
furious-puma-1:122459:123350 [4] NCCL INFO UDS converted handle 0x7d15100fdb50 to fd 148 on remote peer 0
furious-puma-1:122455:123357 [0] NCCL INFO Imported shareable buffer device 0 size 10485760 ptr 0x7d152c000000
furious-puma-1:122462:123346 [7] NCCL INFO UDS converted handle 0x7d151017a350 to fd 147 on remote peer 0
furious-puma-1:122455:123357 [0] NCCL INFO UDS converted handle 0x79d31805f790 to fd 153 on remote peer 1
furious-puma-1:122459:123350 [4] NCCL INFO Imported shareable buffer device 4 size 2097152 ptr 0x7244a5200000
furious-puma-1:122455:123357 [0] NCCL INFO Imported shareable buffer device 0 size 10485760 ptr 0x7d152ca00000
furious-puma-1:122462:123346 [7] NCCL INFO Imported shareable buffer device 7 size 2097152 ptr 0x7500b3800000
furious-puma-1:122461:123349 [6] NCCL INFO UDS converted handle 0x7d1510150350 to fd 148 on remote peer 0
furious-puma-1:122455:123357 [0] NCCL INFO UDS converted handle 0x79d318060f90 to fd 153 on remote peer 1
furious-puma-1:122461:123349 [6] NCCL INFO Imported shareable buffer device 6 size 2097152 ptr 0x79ad6c000000
furious-puma-1:122458:123343 [3] NCCL INFO UDS converted handle 0x7d15100d8350 to fd 148 on remote peer 0
furious-puma-1:122455:123357 [0] NCCL INFO Imported shareable buffer device 0 size 10485760 ptr 0x7d152d400000
furious-puma-1:122458:123343 [3] NCCL INFO Imported shareable buffer device 3 size 2097152 ptr 0x7acd4e000000
furious-puma-1:122460:123345 [5] NCCL INFO UDS converted handle 0x7d1510127b50 to fd 148 on remote peer 0
furious-puma-1:122455:123357 [0] NCCL INFO UDS converted handle 0x79d318062790 to fd 153 on remote peer 1
furious-puma-1:122460:123345 [5] NCCL INFO Imported shareable buffer device 5 size 2097152 ptr 0x70ee08a00000
furious-puma-1:122459:123350 [4] NCCL INFO UDS converted handle 0x7d15100ff350 to fd 148 on remote peer 0
furious-puma-1:122455:123357 [0] NCCL INFO Imported shareable buffer device 0 size 10485760 ptr 0x7d152de00000
furious-puma-1:122459:123350 [4] NCCL INFO Imported shareable buffer device 4 size 2097152 ptr 0x7244a5400000
furious-puma-1:122462:123346 [7] NCCL INFO UDS converted handle 0x7d151017bb50 to fd 147 on remote peer 0
furious-puma-1:122455:123357 [0] NCCL INFO UDS converted handle 0x79d318063f90 to fd 153 on remote peer 1
furious-puma-1:122455:123357 [0] NCCL INFO Imported shareable buffer device 0 size 10485760 ptr 0x7d152e800000
furious-puma-1:122461:123349 [6] NCCL INFO UDS converted handle 0x7d1510151b50 to fd 148 on remote peer 0
furious-puma-1:122462:123346 [7] NCCL INFO Imported shareable buffer device 7 size 2097152 ptr 0x7500b3a00000
furious-puma-1:122455:123357 [0] NCCL INFO UDS converted handle 0x79d318065790 to fd 154 on remote peer 1
furious-puma-1:122458:123343 [3] NCCL INFO UDS converted handle 0x7d15100d9b50 to fd 148 on remote peer 0
furious-puma-1:122458:123343 [3] NCCL INFO Imported shareable buffer device 3 size 2097152 ptr 0x7acd4e200000
furious-puma-1:122455:123357 [0] NCCL INFO Imported shareable buffer device 0 size 10485760 ptr 0x7d152f200000
furious-puma-1:122460:123345 [5] NCCL INFO UDS converted handle 0x7d1510129350 to fd 148 on remote peer 0
furious-puma-1:122461:123349 [6] NCCL INFO Imported shareable buffer device 6 size 2097152 ptr 0x79ad6c200000
furious-puma-1:122459:123350 [4] NCCL INFO UDS converted handle 0x7d1510100b50 to fd 148 on remote peer 0
furious-puma-1:122460:123345 [5] NCCL INFO Imported shareable buffer device 5 size 2097152 ptr 0x70ee08c00000
furious-puma-1:122455:123357 [0] NCCL INFO UDS converted handle 0x79d318066f90 to fd 149 on remote peer 1
furious-puma-1:122459:123350 [4] NCCL INFO Imported shareable buffer device 4 size 2097152 ptr 0x7244a5600000
furious-puma-1:122462:123346 [7] NCCL INFO UDS converted handle 0x7d151017d350 to fd 147 on remote peer 0
furious-puma-1:122455:123357 [0] NCCL INFO Imported shareable buffer device 0 size 10485760 ptr 0x7d152fc00000
furious-puma-1:122462:123346 [7] NCCL INFO Imported shareable buffer device 7 size 2097152 ptr 0x7500b3c00000
furious-puma-1:122458:123343 [3] NCCL INFO UDS converted handle 0x7d15100db350 to fd 148 on remote peer 0
furious-puma-1:122455:123357 [0] NCCL INFO UDS converted handle 0x79d318068790 to fd 153 on remote peer 1
furious-puma-1:122455:123357 [0] NCCL INFO Imported shareable buffer device 0 size 10485760 ptr 0x7d1530600000
furious-puma-1:122458:123343 [3] NCCL INFO Imported shareable buffer device 3 size 2097152 ptr 0x7acd4e400000
furious-puma-1:122461:123349 [6] NCCL INFO UDS converted handle 0x7d1510153350 to fd 148 on remote peer 0
furious-puma-1:122455:123357 [0] NCCL INFO UDS converted handle 0x79d318069f90 to fd 153 on remote peer 1
furious-puma-1:122461:123349 [6] NCCL INFO Imported shareable buffer device 6 size 2097152 ptr 0x79ad6c400000
furious-puma-1:122460:123345 [5] NCCL INFO UDS converted handle 0x7d151012ab50 to fd 148 on remote peer 0
furious-puma-1:122459:123350 [4] NCCL INFO UDS converted handle 0x7d1510102350 to fd 148 on remote peer 0
furious-puma-1:122455:123357 [0] NCCL INFO Imported shareable buffer device 0 size 10485760 ptr 0x7d1531000000
furious-puma-1:122455:123357 [0] NCCL INFO UDS converted handle 0x79d31806b790 to fd 153 on remote peer 1
furious-puma-1:122460:123345 [5] NCCL INFO Imported shareable buffer device 5 size 2097152 ptr 0x70ee08e00000
furious-puma-1:122459:123350 [4] NCCL INFO Imported shareable buffer device 4 size 2097152 ptr 0x7244a5800000
furious-puma-1:122462:123346 [7] NCCL INFO UDS converted handle 0x7d151017eb50 to fd 147 on remote peer 0
furious-puma-1:122455:123357 [0] NCCL INFO Imported shareable buffer device 0 size 10485760 ptr 0x7d1531a00000
furious-puma-1:122458:123343 [3] NCCL INFO UDS converted handle 0x7d15100dcb50 to fd 148 on remote peer 0
furious-puma-1:122462:123346 [7] NCCL INFO Imported shareable buffer device 7 size 2097152 ptr 0x7500b3e00000
furious-puma-1:122461:123349 [6] NCCL INFO UDS converted handle 0x7d1510154b50 to fd 148 on remote peer 0
furious-puma-1:122458:123343 [3] NCCL INFO Imported shareable buffer device 3 size 2097152 ptr 0x7acd4e600000
furious-puma-1:122455:123357 [0] NCCL INFO UDS converted handle 0x79d31806cf90 to fd 153 on remote peer 1
furious-puma-1:122460:123345 [5] NCCL INFO UDS converted handle 0x7d151012c350 to fd 148 on remote peer 0
furious-puma-1:122461:123349 [6] NCCL INFO Imported shareable buffer device 6 size 2097152 ptr 0x79ad6c600000
furious-puma-1:122455:123357 [0] NCCL INFO Imported shareable buffer device 0 size 10485760 ptr 0x7d1532400000
furious-puma-1:122455:123357 [0] NCCL INFO UDS converted handle 0x79d31806e790 to fd 153 on remote peer 1
furious-puma-1:122459:123350 [4] NCCL INFO UDS converted handle 0x7d1510103b50 to fd 148 on remote peer 0
furious-puma-1:122460:123345 [5] NCCL INFO Imported shareable buffer device 5 size 2097152 ptr 0x70ee09000000
furious-puma-1:122455:123357 [0] NCCL INFO Imported shareable buffer device 0 size 10485760 ptr 0x7d1532e00000
furious-puma-1:122459:123350 [4] NCCL INFO Imported shareable buffer device 4 size 2097152 ptr 0x7244a5a00000
furious-puma-1:122462:123346 [7] NCCL INFO UDS converted handle 0x7d1510180350 to fd 147 on remote peer 0
furious-puma-1:122455:123357 [0] NCCL INFO UDS converted handle 0x79d31806ff90 to fd 153 on remote peer 1
furious-puma-1:122462:123346 [7] NCCL INFO Imported shareable buffer device 7 size 2097152 ptr 0x7500b4000000
furious-puma-1:122458:123343 [3] NCCL INFO UDS converted handle 0x7d15100de350 to fd 148 on remote peer 0
furious-puma-1:122455:123357 [0] NCCL INFO Imported shareable buffer device 0 size 10485760 ptr 0x7d1533800000
furious-puma-1:122461:123349 [6] NCCL INFO UDS converted handle 0x7d1510156350 to fd 148 on remote peer 0
furious-puma-1:122458:123343 [3] NCCL INFO Imported shareable buffer device 3 size 2097152 ptr 0x7acd4e800000
furious-puma-1:122461:123349 [6] NCCL INFO Imported shareable buffer device 6 size 2097152 ptr 0x79ad6c800000
furious-puma-1:122460:123345 [5] NCCL INFO UDS converted handle 0x7d151012db50 to fd 148 on remote peer 0
furious-puma-1:122455:123357 [0] NCCL INFO UDS converted handle 0x79d318071790 to fd 149 on remote peer 1
furious-puma-1:122459:123350 [4] NCCL INFO UDS converted handle 0x7d1510105350 to fd 148 on remote peer 0
furious-puma-1:122455:123357 [0] NCCL INFO Imported shareable buffer device 0 size 10485760 ptr 0x7d1534200000
furious-puma-1:122460:123345 [5] NCCL INFO Imported shareable buffer device 5 size 2097152 ptr 0x70ee09200000
furious-puma-1:122459:123350 [4] NCCL INFO Imported shareable buffer device 4 size 2097152 ptr 0x7244a5c00000
furious-puma-1:122462:123346 [7] NCCL INFO UDS converted handle 0x7d1510181b50 to fd 147 on remote peer 0
furious-puma-1:122455:123357 [0] NCCL INFO UDS converted handle 0x79d318072f90 to fd 153 on remote peer 1
furious-puma-1:122458:123343 [3] NCCL INFO UDS converted handle 0x7d15100dfb50 to fd 148 on remote peer 0
furious-puma-1:122455:123357 [0] NCCL INFO Imported shareable buffer device 0 size 10485760 ptr 0x7d1534c00000
furious-puma-1:122462:123346 [7] NCCL INFO Imported shareable buffer device 7 size 2097152 ptr 0x7500b4200000
furious-puma-1:122461:123349 [6] NCCL INFO UDS converted handle 0x7d1510157b50 to fd 148 on remote peer 0
furious-puma-1:122458:123343 [3] NCCL INFO Imported shareable buffer device 3 size 2097152 ptr 0x7acd4ea00000
furious-puma-1:122455:123357 [0] NCCL INFO UDS converted handle 0x79d318074790 to fd 153 on remote peer 1
furious-puma-1:122455:123357 [0] NCCL INFO Imported shareable buffer device 0 size 10485760 ptr 0x7d1535600000
furious-puma-1:122460:123345 [5] NCCL INFO UDS converted handle 0x7d151012f350 to fd 148 on remote peer 0
furious-puma-1:122461:123349 [6] NCCL INFO Imported shareable buffer device 6 size 2097152 ptr 0x79ad6ca00000
furious-puma-1:122459:123350 [4] NCCL INFO UDS converted handle 0x7d1510106b50 to fd 148 on remote peer 0
furious-puma-1:122455:123357 [0] NCCL INFO UDS converted handle 0x79d318075f90 to fd 153 on remote peer 1
furious-puma-1:122460:123345 [5] NCCL INFO Imported shareable buffer device 5 size 2097152 ptr 0x70ee09400000
furious-puma-1:122462:123346 [7] NCCL INFO UDS converted handle 0x7d1510186f60 to fd 147 on remote peer 0
furious-puma-1:122459:123350 [4] NCCL INFO Imported shareable buffer device 4 size 2097152 ptr 0x7244a5e00000
furious-puma-1:122462:123346 [7] NCCL INFO Imported shareable buffer device 7 size 2097152 ptr 0x7500b4400000
furious-puma-1:122458:123343 [3] NCCL INFO UDS converted handle 0x7d15100e1350 to fd 148 on remote peer 0
furious-puma-1:122455:123357 [0] NCCL INFO Imported shareable buffer device 0 size 10485760 ptr 0x7d1536000000
furious-puma-1:122458:123343 [3] NCCL INFO Imported shareable buffer device 3 size 2097152 ptr 0x7acd4ec00000
furious-puma-1:122461:123349 [6] NCCL INFO UDS converted handle 0x7d1510159350 to fd 148 on remote peer 0
furious-puma-1:122455:123357 [0] NCCL INFO UDS converted handle 0x79d318077790 to fd 153 on remote peer 1
furious-puma-1:122455:123357 [0] NCCL INFO Imported shareable buffer device 0 size 10485760 ptr 0x7d1536a00000
furious-puma-1:122460:123345 [5] NCCL INFO UDS converted handle 0x7d1510130b50 to fd 148 on remote peer 0
furious-puma-1:122461:123349 [6] NCCL INFO Imported shareable buffer device 6 size 2097152 ptr 0x79ad6cc00000
furious-puma-1:122460:123345 [5] NCCL INFO Imported shareable buffer device 5 size 2097152 ptr 0x70ee09600000
furious-puma-1:122459:123350 [4] NCCL INFO UDS converted handle 0x7d1510108350 to fd 148 on remote peer 0
furious-puma-1:122455:123357 [0] NCCL INFO UDS converted handle 0x79d318078f90 to fd 149 on remote peer 1
furious-puma-1:122455:123357 [0] NCCL INFO Imported shareable buffer device 0 size 10485760 ptr 0x7d1537400000
furious-puma-1:122462:123346 [7] NCCL INFO UDS converted handle 0x7d1510188760 to fd 147 on remote peer 0
furious-puma-1:122459:123350 [4] NCCL INFO Imported shareable buffer device 4 size 2097152 ptr 0x7244a6000000
furious-puma-1:122458:123343 [3] NCCL INFO UDS converted handle 0x7d15100e2b50 to fd 148 on remote peer 0
furious-puma-1:122455:123357 [0] NCCL INFO UDS converted handle 0x79d31807a790 to fd 153 on remote peer 1
furious-puma-1:122462:123346 [7] NCCL INFO Imported shareable buffer device 7 size 2097152 ptr 0x7500b4600000
furious-puma-1:122455:123357 [0] NCCL INFO Imported shareable buffer device 0 size 10485760 ptr 0x7d1537e00000
furious-puma-1:122461:123349 [6] NCCL INFO UDS converted handle 0x7d151015ab50 to fd 148 on remote peer 0
furious-puma-1:122458:123343 [3] NCCL INFO Imported shareable buffer device 3 size 2097152 ptr 0x7acd4ee00000
furious-puma-1:122455:123357 [0] NCCL INFO UDS converted handle 0x79d31807bf90 to fd 154 on remote peer 1
furious-puma-1:122455:123357 [0] NCCL INFO Imported shareable buffer device 0 size 10485760 ptr 0x7d1538800000
furious-puma-1:122460:123345 [5] NCCL INFO UDS converted handle 0x7d1510132350 to fd 148 on remote peer 0
furious-puma-1:122461:123349 [6] NCCL INFO Imported shareable buffer device 6 size 2097152 ptr 0x79ad6ce00000
furious-puma-1:122460:123345 [5] NCCL INFO Imported shareable buffer device 5 size 2097152 ptr 0x70ee09800000
furious-puma-1:122455:123357 [0] NCCL INFO UDS converted handle 0x79d31807d790 to fd 154 on remote peer 1
furious-puma-1:122459:123350 [4] NCCL INFO UDS converted handle 0x7d1510109b50 to fd 148 on remote peer 0
furious-puma-1:122455:123357 [0] NCCL INFO Imported shareable buffer device 0 size 10485760 ptr 0x7d1539200000
furious-puma-1:122459:123350 [4] NCCL INFO Imported shareable buffer device 4 size 2097152 ptr 0x7244a6200000
furious-puma-1:122462:123346 [7] NCCL INFO UDS converted handle 0x7d1510189f60 to fd 147 on remote peer 0
furious-puma-1:122458:123343 [3] NCCL INFO UDS converted handle 0x7d15100e4350 to fd 148 on remote peer 0
furious-puma-1:122462:123346 [7] NCCL INFO Imported shareable buffer device 7 size 2097152 ptr 0x7500b4800000
furious-puma-1:122455:123357 [0] NCCL INFO UDS converted handle 0x79d31807ef90 to fd 153 on remote peer 1
furious-puma-1:122458:123343 [3] NCCL INFO Imported shareable buffer device 3 size 2097152 ptr 0x7acd4f000000
furious-puma-1:122461:123349 [6] NCCL INFO UDS converted handle 0x7d151015c350 to fd 148 on remote peer 0
furious-puma-1:122455:123357 [0] NCCL INFO Imported shareable buffer device 0 size 10485760 ptr 0x7d1539c00000
furious-puma-1:122460:123345 [5] NCCL INFO UDS converted handle 0x7d1510133b50 to fd 148 on remote peer 0
furious-puma-1:122461:123349 [6] NCCL INFO Imported shareable buffer device 6 size 2097152 ptr 0x79ad6d000000
furious-puma-1:122455:123357 [0] NCCL INFO UDS converted handle 0x79d318080790 to fd 153 on remote peer 1
furious-puma-1:122460:123345 [5] NCCL INFO Imported shareable buffer device 5 size 2097152 ptr 0x70ee09a00000
furious-puma-1:122459:123350 [4] NCCL INFO UDS converted handle 0x7d151010b350 to fd 148 on remote peer 0
furious-puma-1:122459:123350 [4] NCCL INFO Imported shareable buffer device 4 size 2097152 ptr 0x7244a6400000
furious-puma-1:122455:123357 [0] NCCL INFO Imported shareable buffer device 0 size 10485760 ptr 0x7d153a600000
furious-puma-1:122462:123346 [7] NCCL INFO UDS converted handle 0x7d151018b760 to fd 147 on remote peer 0
furious-puma-1:122461:123349 [6] NCCL INFO UDS converted handle 0x7d151015db50 to fd 148 on remote peer 0
furious-puma-1:122462:123346 [7] NCCL INFO Imported shareable buffer device 7 size 2097152 ptr 0x7500b4a00000
furious-puma-1:122455:123357 [0] NCCL INFO UDS converted handle 0x792044051cd0 to fd 149 on remote peer 2
furious-puma-1:122455:123357 [0] NCCL INFO Imported shareable buffer device 0 size 10485760 ptr 0x7d153b000000
furious-puma-1:122460:123345 [5] NCCL INFO UDS converted handle 0x7d1510135350 to fd 148 on remote peer 0
furious-puma-1:122461:123349 [6] NCCL INFO Imported shareable buffer device 6 size 2097152 ptr 0x79ad6d200000
furious-puma-1:122459:123350 [4] NCCL INFO UDS converted handle 0x7d151010cb50 to fd 148 on remote peer 0
furious-puma-1:122460:123345 [5] NCCL INFO Imported shareable buffer device 5 size 2097152 ptr 0x70ee09c00000
furious-puma-1:122455:123357 [0] NCCL INFO UDS converted handle 0x792044053570 to fd 154 on remote peer 2
furious-puma-1:122459:123350 [4] NCCL INFO Imported shareable buffer device 4 size 2097152 ptr 0x7244a6600000
furious-puma-1:122462:123346 [7] NCCL INFO UDS converted handle 0x7d151018cf60 to fd 147 on remote peer 0
furious-puma-1:122455:123357 [0] NCCL INFO Imported shareable buffer device 0 size 10485760 ptr 0x7d153ba00000
furious-puma-1:122461:123349 [6] NCCL INFO UDS converted handle 0x7d151015f350 to fd 148 on remote peer 0
furious-puma-1:122462:123346 [7] NCCL INFO Imported shareable buffer device 7 size 2097152 ptr 0x7500b4c00000
furious-puma-1:122455:123357 [0] NCCL INFO UDS converted handle 0x792044054f50 to fd 155 on remote peer 2
furious-puma-1:122460:123345 [5] NCCL INFO UDS converted handle 0x7d1510136b50 to fd 148 on remote peer 0
furious-puma-1:122455:123357 [0] NCCL INFO Imported shareable buffer device 0 size 10485760 ptr 0x7d153c400000
furious-puma-1:122461:123349 [6] NCCL INFO Imported shareable buffer device 6 size 2097152 ptr 0x79ad6d400000
furious-puma-1:122459:123350 [4] NCCL INFO UDS converted handle 0x7d151010e350 to fd 148 on remote peer 0
furious-puma-1:122460:123345 [5] NCCL INFO Imported shareable buffer device 5 size 2097152 ptr 0x70ee09e00000
furious-puma-1:122455:123357 [0] NCCL INFO UDS converted handle 0x792044056750 to fd 154 on remote peer 2
furious-puma-1:122459:123350 [4] NCCL INFO Imported shareable buffer device 4 size 2097152 ptr 0x7244a6800000
furious-puma-1:122462:123346 [7] NCCL INFO UDS converted handle 0x7d151018e760 to fd 147 on remote peer 0
furious-puma-1:122455:123357 [0] NCCL INFO Imported shareable buffer device 0 size 10485760 ptr 0x7d153ce00000
furious-puma-1:122461:123349 [6] NCCL INFO UDS converted handle 0x7d1510160b50 to fd 148 on remote peer 0
furious-puma-1:122462:123346 [7] NCCL INFO Imported shareable buffer device 7 size 2097152 ptr 0x7500b4e00000
furious-puma-1:122460:123345 [5] NCCL INFO UDS converted handle 0x7d1510138350 to fd 148 on remote peer 0
furious-puma-1:122461:123349 [6] NCCL INFO Imported shareable buffer device 6 size 2097152 ptr 0x79ad6d600000
furious-puma-1:122455:123357 [0] NCCL INFO UDS converted handle 0x792044057f50 to fd 154 on remote peer 2
furious-puma-1:122459:123350 [4] NCCL INFO UDS converted handle 0x7d151010fb50 to fd 148 on remote peer 0
furious-puma-1:122455:123357 [0] NCCL INFO Imported shareable buffer device 0 size 10485760 ptr 0x7d153d800000
furious-puma-1:122455:123357 [0] NCCL INFO UDS converted handle 0x792044059750 to fd 154 on remote peer 2
furious-puma-1:122459:123350 [4] NCCL INFO Imported shareable buffer device 4 size 2097152 ptr 0x7244a6a00000
furious-puma-1:122462:123346 [7] NCCL INFO UDS converted handle 0x7d151018ff60 to fd 147 on remote peer 0
furious-puma-1:122460:123345 [5] NCCL INFO Imported shareable buffer device 5 size 2097152 ptr 0x70ee0a000000
furious-puma-1:122455:123357 [0] NCCL INFO Imported shareable buffer device 0 size 10485760 ptr 0x7d153e200000
furious-puma-1:122461:123349 [6] NCCL INFO UDS converted handle 0x7d1510162350 to fd 148 on remote peer 0
furious-puma-1:122462:123346 [7] NCCL INFO Imported shareable buffer device 7 size 2097152 ptr 0x7500b5000000
furious-puma-1:122459:123350 [4] NCCL INFO UDS converted handle 0x7d1510111350 to fd 148 on remote peer 0
furious-puma-1:122455:123357 [0] NCCL INFO UDS converted handle 0x79204405af50 to fd 154 on remote peer 2
furious-puma-1:122459:123350 [4] NCCL INFO Imported shareable buffer device 4 size 2097152 ptr 0x7244a6c00000
furious-puma-1:122460:123345 [5] NCCL INFO UDS converted handle 0x7d1510139b50 to fd 148 on remote peer 0
furious-puma-1:122461:123349 [6] NCCL INFO Imported shareable buffer device 6 size 2097152 ptr 0x79ad6d800000
furious-puma-1:122460:123345 [5] NCCL INFO Imported shareable buffer device 5 size 2097152 ptr 0x70ee0a200000
furious-puma-1:122462:123346 [7] NCCL INFO UDS converted handle 0x7d1510191760 to fd 147 on remote peer 0
furious-puma-1:122455:123357 [0] NCCL INFO Imported shareable buffer device 0 size 10485760 ptr 0x7d153ec00000
furious-puma-1:122459:123350 [4] NCCL INFO UDS converted handle 0x7d1510112b50 to fd 148 on remote peer 0
furious-puma-1:122462:123346 [7] NCCL INFO Imported shareable buffer device 7 size 2097152 ptr 0x7500b5200000
furious-puma-1:122455:123357 [0] NCCL INFO UDS converted handle 0x79204405c750 to fd 155 on remote peer 2
furious-puma-1:122461:123349 [6] NCCL INFO UDS converted handle 0x7d1510163b50 to fd 148 on remote peer 0
furious-puma-1:122459:123350 [4] NCCL INFO Imported shareable buffer device 4 size 2097152 ptr 0x7244a6e00000
furious-puma-1:122461:123349 [6] NCCL INFO Imported shareable buffer device 6 size 2097152 ptr 0x79ad6da00000
furious-puma-1:122455:123357 [0] NCCL INFO Imported shareable buffer device 0 size 10485760 ptr 0x7d153f600000
furious-puma-1:122460:123345 [5] NCCL INFO UDS converted handle 0x7d151013b350 to fd 148 on remote peer 0
furious-puma-1:122462:123346 [7] NCCL INFO UDS converted handle 0x7d1510192f60 to fd 147 on remote peer 0
furious-puma-1:122455:123357 [0] NCCL INFO UDS converted handle 0x79204405df50 to fd 149 on remote peer 2
furious-puma-1:122462:123346 [7] NCCL INFO Imported shareable buffer device 7 size 2097152 ptr 0x7500b5400000
furious-puma-1:122460:123345 [5] NCCL INFO Imported shareable buffer device 5 size 2097152 ptr 0x70ee0a400000
furious-puma-1:122459:123350 [4] NCCL INFO UDS converted handle 0x7d1510114350 to fd 148 on remote peer 0
furious-puma-1:122455:123357 [0] NCCL INFO Imported shareable buffer device 0 size 10485760 ptr 0x7d1540000000
furious-puma-1:122461:123349 [6] NCCL INFO UDS converted handle 0x7d1510165350 to fd 148 on remote peer 0
furious-puma-1:122459:123350 [4] NCCL INFO Imported shareable buffer device 4 size 2097152 ptr 0x7244a7000000
furious-puma-1:122462:123346 [7] NCCL INFO UDS converted handle 0x7d1510194760 to fd 147 on remote peer 0
furious-puma-1:122455:123357 [0] NCCL INFO UDS converted handle 0x79204405f750 to fd 154 on remote peer 2
furious-puma-1:122461:123349 [6] NCCL INFO Imported shareable buffer device 6 size 2097152 ptr 0x79ad6dc00000
furious-puma-1:122462:123346 [7] NCCL INFO Imported shareable buffer device 7 size 2097152 ptr 0x7500b5600000
furious-puma-1:122460:123345 [5] NCCL INFO UDS converted handle 0x7d151013cb50 to fd 148 on remote peer 0
furious-puma-1:122455:123357 [0] NCCL INFO Imported shareable buffer device 0 size 10485760 ptr 0x7d1540a00000
furious-puma-1:122461:123349 [6] NCCL INFO UDS converted handle 0x7d1510166b50 to fd 148 on remote peer 0
furious-puma-1:122460:123345 [5] NCCL INFO Imported shareable buffer device 5 size 2097152 ptr 0x70ee0a600000
furious-puma-1:122461:123349 [6] NCCL INFO Imported shareable buffer device 6 size 2097152 ptr 0x79ad6de00000
furious-puma-1:122462:123346 [7] NCCL INFO UDS converted handle 0x7d1510195f60 to fd 147 on remote peer 0
furious-puma-1:122455:123357 [0] NCCL INFO UDS converted handle 0x792044060f50 to fd 149 on remote peer 2
furious-puma-1:122460:123345 [5] NCCL INFO UDS converted handle 0x7d151013e350 to fd 148 on remote peer 0
furious-puma-1:122462:123346 [7] NCCL INFO Imported shareable buffer device 7 size 2097152 ptr 0x7500b5800000
furious-puma-1:122455:123357 [0] NCCL INFO Imported shareable buffer device 0 size 10485760 ptr 0x7d1541400000
furious-puma-1:122460:123345 [5] NCCL INFO Imported shareable buffer device 5 size 2097152 ptr 0x70ee0a800000
furious-puma-1:122461:123349 [6] NCCL INFO UDS converted handle 0x7d1510168350 to fd 148 on remote peer 0
furious-puma-1:122462:123346 [7] NCCL INFO UDS converted handle 0x7d1510197760 to fd 147 on remote peer 0
furious-puma-1:122461:123349 [6] NCCL INFO Imported shareable buffer device 6 size 2097152 ptr 0x79ad6e000000
furious-puma-1:122455:123357 [0] NCCL INFO UDS converted handle 0x792044062750 to fd 155 on remote peer 2
furious-puma-1:122460:123345 [5] NCCL INFO UDS converted handle 0x7d151013fb50 to fd 148 on remote peer 0
furious-puma-1:122462:123346 [7] NCCL INFO Imported shareable buffer device 7 size 2097152 ptr 0x7500b5a00000
furious-puma-1:122460:123345 [5] NCCL INFO Imported shareable buffer device 5 size 2097152 ptr 0x70ee0aa00000
furious-puma-1:122461:123349 [6] NCCL INFO UDS converted handle 0x7d1510169b50 to fd 148 on remote peer 0
furious-puma-1:122455:123357 [0] NCCL INFO Imported shareable buffer device 0 size 10485760 ptr 0x7d1541e00000
furious-puma-1:122462:123346 [7] NCCL INFO UDS converted handle 0x7d1510198f60 to fd 147 on remote peer 0
furious-puma-1:122461:123349 [6] NCCL INFO Imported shareable buffer device 6 size 2097152 ptr 0x79ad6e200000
furious-puma-1:122455:123357 [0] NCCL INFO UDS converted handle 0x792044063f50 to fd 155 on remote peer 2
furious-puma-1:122462:123346 [7] NCCL INFO Imported shareable buffer device 7 size 2097152 ptr 0x7500b5c00000
furious-puma-1:122460:123345 [5] NCCL INFO UDS converted handle 0x7d1510141350 to fd 148 on remote peer 0
furious-puma-1:122460:123345 [5] NCCL INFO Imported shareable buffer device 5 size 2097152 ptr 0x70ee0ac00000
furious-puma-1:122461:123349 [6] NCCL INFO UDS converted handle 0x7d151016b350 to fd 148 on remote peer 0
furious-puma-1:122455:123357 [0] NCCL INFO Imported shareable buffer device 0 size 10485760 ptr 0x7d1542800000
furious-puma-1:122462:123346 [7] NCCL INFO UDS converted handle 0x7d151019a760 to fd 147 on remote peer 0
furious-puma-1:122461:123349 [6] NCCL INFO Imported shareable buffer device 6 size 2097152 ptr 0x79ad6e400000
furious-puma-1:122460:123345 [5] NCCL INFO UDS converted handle 0x7d1510142b50 to fd 148 on remote peer 0
furious-puma-1:122462:123346 [7] NCCL INFO Imported shareable buffer device 7 size 2097152 ptr 0x7500b5e00000
furious-puma-1:122455:123357 [0] NCCL INFO UDS converted handle 0x792044065750 to fd 154 on remote peer 2
furious-puma-1:122460:123345 [5] NCCL INFO Imported shareable buffer device 5 size 2097152 ptr 0x70ee0ae00000
furious-puma-1:122461:123349 [6] NCCL INFO UDS converted handle 0x7d151016cb50 to fd 148 on remote peer 0
furious-puma-1:122455:123357 [0] NCCL INFO Imported shareable buffer device 0 size 10485760 ptr 0x7d1543200000
furious-puma-1:122462:123346 [7] NCCL INFO UDS converted handle 0x7d151019bf60 to fd 147 on remote peer 0
furious-puma-1:122461:123349 [6] NCCL INFO Imported shareable buffer device 6 size 2097152 ptr 0x79ad6e600000
furious-puma-1:122460:123345 [5] NCCL INFO UDS converted handle 0x7d1510144350 to fd 148 on remote peer 0
furious-puma-1:122462:123346 [7] NCCL INFO Imported shareable buffer device 7 size 2097152 ptr 0x7500b6000000
furious-puma-1:122455:123357 [0] NCCL INFO UDS converted handle 0x792044066f50 to fd 154 on remote peer 2
furious-puma-1:122460:123345 [5] NCCL INFO Imported shareable buffer device 5 size 2097152 ptr 0x70ee0b000000
furious-puma-1:122455:123357 [0] NCCL INFO Imported shareable buffer device 0 size 10485760 ptr 0x7d1543c00000
furious-puma-1:122461:123349 [6] NCCL INFO UDS converted handle 0x7d151016e350 to fd 148 on remote peer 0
furious-puma-1:122462:123346 [7] NCCL INFO UDS converted handle 0x7d151019d760 to fd 147 on remote peer 0
furious-puma-1:122461:123349 [6] NCCL INFO Imported shareable buffer device 6 size 2097152 ptr 0x79ad6e800000
furious-puma-1:122455:123357 [0] NCCL INFO UDS converted handle 0x792044068750 to fd 149 on remote peer 2
furious-puma-1:122455:123357 [0] NCCL INFO Imported shareable buffer device 0 size 10485760 ptr 0x7d1544600000
furious-puma-1:122461:123349 [6] NCCL INFO UDS converted handle 0x7d151016fb50 to fd 148 on remote peer 0
furious-puma-1:122462:123346 [7] NCCL INFO Imported shareable buffer device 7 size 2097152 ptr 0x7500b6200000
furious-puma-1:122455:123357 [0] NCCL INFO UDS converted handle 0x792044069f50 to fd 154 on remote peer 2
furious-puma-1:122461:123349 [6] NCCL INFO Imported shareable buffer device 6 size 2097152 ptr 0x79ad6ea00000
furious-puma-1:122462:123346 [7] NCCL INFO UDS converted handle 0x7d151019ef60 to fd 147 on remote peer 0
furious-puma-1:122455:123357 [0] NCCL INFO Imported shareable buffer device 0 size 10485760 ptr 0x7d1545000000
furious-puma-1:122461:123349 [6] NCCL INFO UDS converted handle 0x7d1510171350 to fd 148 on remote peer 0
furious-puma-1:122462:123346 [7] NCCL INFO Imported shareable buffer device 7 size 2097152 ptr 0x7500b6400000
furious-puma-1:122461:123349 [6] NCCL INFO Imported shareable buffer device 6 size 2097152 ptr 0x79ad6ec00000
furious-puma-1:122455:123357 [0] NCCL INFO UDS converted handle 0x79204406b750 to fd 154 on remote peer 2
furious-puma-1:122462:123346 [7] NCCL INFO UDS converted handle 0x7d15101a0760 to fd 147 on remote peer 0
furious-puma-1:122462:123346 [7] NCCL INFO Imported shareable buffer device 7 size 2097152 ptr 0x7500b6600000
furious-puma-1:122461:123349 [6] NCCL INFO UDS converted handle 0x7d1510172b50 to fd 148 on remote peer 0
furious-puma-1:122455:123357 [0] NCCL INFO Imported shareable buffer device 0 size 10485760 ptr 0x7d1545a00000
furious-puma-1:122462:123346 [7] NCCL INFO UDS converted handle 0x7d15101a1f60 to fd 147 on remote peer 0
furious-puma-1:122461:123349 [6] NCCL INFO Imported shareable buffer device 6 size 2097152 ptr 0x79ad6ee00000
furious-puma-1:122455:123357 [0] NCCL INFO UDS converted handle 0x79204406cf50 to fd 154 on remote peer 2
furious-puma-1:122462:123346 [7] NCCL INFO Imported shareable buffer device 7 size 2097152 ptr 0x7500b6800000
furious-puma-1:122461:123349 [6] NCCL INFO UDS converted handle 0x7d1510174350 to fd 148 on remote peer 0
furious-puma-1:122455:123357 [0] NCCL INFO Imported shareable buffer device 0 size 10485760 ptr 0x7d1546400000
furious-puma-1:122462:123346 [7] NCCL INFO UDS converted handle 0x7d15101a3760 to fd 147 on remote peer 0
furious-puma-1:122461:123349 [6] NCCL INFO Imported shareable buffer device 6 size 2097152 ptr 0x79ad6f000000
furious-puma-1:122462:123346 [7] NCCL INFO Imported shareable buffer device 7 size 2097152 ptr 0x7500b6a00000
furious-puma-1:122455:123357 [0] NCCL INFO UDS converted handle 0x79204406e750 to fd 149 on remote peer 2
furious-puma-1:122462:123346 [7] NCCL INFO UDS converted handle 0x7d15101a4f60 to fd 147 on remote peer 0
furious-puma-1:122455:123357 [0] NCCL INFO Imported shareable buffer device 0 size 10485760 ptr 0x7d1546e00000
furious-puma-1:122462:123346 [7] NCCL INFO Imported shareable buffer device 7 size 2097152 ptr 0x7500b6c00000
furious-puma-1:122455:123357 [0] NCCL INFO UDS converted handle 0x79204406ff50 to fd 154 on remote peer 2
furious-puma-1:122462:123346 [7] NCCL INFO UDS converted handle 0x7d15101a6760 to fd 147 on remote peer 0
furious-puma-1:122455:123357 [0] NCCL INFO Imported shareable buffer device 0 size 10485760 ptr 0x7d1547800000
furious-puma-1:122462:123346 [7] NCCL INFO Imported shareable buffer device 7 size 2097152 ptr 0x7500b6e00000
furious-puma-1:122455:123357 [0] NCCL INFO UDS converted handle 0x792044071750 to fd 154 on remote peer 2
furious-puma-1:122462:123346 [7] NCCL INFO UDS converted handle 0x7d15101a7f60 to fd 147 on remote peer 0
furious-puma-1:122455:123357 [0] NCCL INFO Imported shareable buffer device 0 size 10485760 ptr 0x7d1548200000
furious-puma-1:122462:123346 [7] NCCL INFO Imported shareable buffer device 7 size 2097152 ptr 0x7500b7000000
furious-puma-1:122455:123357 [0] NCCL INFO UDS converted handle 0x792044072f50 to fd 154 on remote peer 2
furious-puma-1:122455:123357 [0] NCCL INFO Imported shareable buffer device 0 size 10485760 ptr 0x7d1548c00000
furious-puma-1:122455:123357 [0] NCCL INFO UDS converted handle 0x792044074750 to fd 154 on remote peer 2
furious-puma-1:122455:123357 [0] NCCL INFO Imported shareable buffer device 0 size 10485760 ptr 0x7d1549600000
furious-puma-1:122455:123357 [0] NCCL INFO UDS converted handle 0x792044075f50 to fd 154 on remote peer 2
furious-puma-1:122455:123357 [0] NCCL INFO Imported shareable buffer device 0 size 10485760 ptr 0x7d154a000000
furious-puma-1:122455:123357 [0] NCCL INFO UDS converted handle 0x792044077750 to fd 154 on remote peer 2
furious-puma-1:122455:123357 [0] NCCL INFO Imported shareable buffer device 0 size 10485760 ptr 0x7d154aa00000
furious-puma-1:122455:123357 [0] NCCL INFO UDS converted handle 0x792044078f50 to fd 154 on remote peer 2
furious-puma-1:122455:123357 [0] NCCL INFO Imported shareable buffer device 0 size 10485760 ptr 0x31ca000000
furious-puma-1:122455:123357 [0] NCCL INFO UDS converted handle 0x79204407a750 to fd 154 on remote peer 2
furious-puma-1:122455:123357 [0] NCCL INFO Imported shareable buffer device 0 size 10485760 ptr 0x31caa00000
furious-puma-1:122455:123357 [0] NCCL INFO UDS converted handle 0x79204407bf50 to fd 154 on remote peer 2
furious-puma-1:122455:123357 [0] NCCL INFO Imported shareable buffer device 0 size 10485760 ptr 0x31cb400000
furious-puma-1:122455:123357 [0] NCCL INFO UDS converted handle 0x79204407d750 to fd 154 on remote peer 2
furious-puma-1:122455:123357 [0] NCCL INFO Imported shareable buffer device 0 size 10485760 ptr 0x31cc000000
furious-puma-1:122455:123357 [0] NCCL INFO UDS converted handle 0x79204407ef50 to fd 154 on remote peer 2
furious-puma-1:122455:123357 [0] NCCL INFO Imported shareable buffer device 0 size 10485760 ptr 0x31cca00000
furious-puma-1:122455:123357 [0] NCCL INFO UDS converted handle 0x792044080750 to fd 154 on remote peer 2
furious-puma-1:122455:123357 [0] NCCL INFO Imported shareable buffer device 0 size 10485760 ptr 0x31cd400000
furious-puma-1:122455:123357 [0] NCCL INFO UDS converted handle 0x7acd60051d10 to fd 155 on remote peer 3
furious-puma-1:122455:123357 [0] NCCL INFO Imported shareable buffer device 0 size 10485760 ptr 0x31ce000000
furious-puma-1:122455:123357 [0] NCCL INFO UDS converted handle 0x7acd600535b0 to fd 155 on remote peer 3
furious-puma-1:122455:123357 [0] NCCL INFO Imported shareable buffer device 0 size 10485760 ptr 0x31cea00000
furious-puma-1:122455:123357 [0] NCCL INFO UDS converted handle 0x7acd60054f90 to fd 155 on remote peer 3
furious-puma-1:122455:123357 [0] NCCL INFO Imported shareable buffer device 0 size 10485760 ptr 0x31cf400000
furious-puma-1:122455:123357 [0] NCCL INFO UDS converted handle 0x7acd60056790 to fd 155 on remote peer 3
furious-puma-1:122455:123357 [0] NCCL INFO Imported shareable buffer device 0 size 10485760 ptr 0x31d0000000
furious-puma-1:122455:123357 [0] NCCL INFO UDS converted handle 0x7acd60057f90 to fd 155 on remote peer 3
furious-puma-1:122455:123357 [0] NCCL INFO Imported shareable buffer device 0 size 10485760 ptr 0x31d0a00000
furious-puma-1:122455:123357 [0] NCCL INFO UDS converted handle 0x7acd60059790 to fd 155 on remote peer 3
furious-puma-1:122455:123357 [0] NCCL INFO Imported shareable buffer device 0 size 10485760 ptr 0x31d1400000
furious-puma-1:122455:123357 [0] NCCL INFO UDS converted handle 0x7acd6005af90 to fd 155 on remote peer 3
furious-puma-1:122455:123357 [0] NCCL INFO Imported shareable buffer device 0 size 10485760 ptr 0x31d2000000
furious-puma-1:122455:123357 [0] NCCL INFO UDS converted handle 0x7acd6005c790 to fd 155 on remote peer 3
furious-puma-1:122455:123357 [0] NCCL INFO Imported shareable buffer device 0 size 10485760 ptr 0x31d2a00000
furious-puma-1:122455:123357 [0] NCCL INFO UDS converted handle 0x7acd6005df90 to fd 155 on remote peer 3
furious-puma-1:122455:123357 [0] NCCL INFO Imported shareable buffer device 0 size 10485760 ptr 0x31d3400000
furious-puma-1:122455:123357 [0] NCCL INFO UDS converted handle 0x7acd6005f790 to fd 155 on remote peer 3
furious-puma-1:122455:123357 [0] NCCL INFO Imported shareable buffer device 0 size 10485760 ptr 0x31d4000000
furious-puma-1:122455:123357 [0] NCCL INFO UDS converted handle 0x7acd60060f90 to fd 155 on remote peer 3
furious-puma-1:122455:123357 [0] NCCL INFO Imported shareable buffer device 0 size 10485760 ptr 0x31d4a00000
furious-puma-1:122455:123357 [0] NCCL INFO UDS converted handle 0x7acd60062790 to fd 155 on remote peer 3
furious-puma-1:122455:123357 [0] NCCL INFO Imported shareable buffer device 0 size 10485760 ptr 0x31d5400000
furious-puma-1:122455:123357 [0] NCCL INFO UDS converted handle 0x7acd60063f90 to fd 155 on remote peer 3
furious-puma-1:122455:123357 [0] NCCL INFO Imported shareable buffer device 0 size 10485760 ptr 0x31d6000000
furious-puma-1:122455:123357 [0] NCCL INFO UDS converted handle 0x7acd60065790 to fd 155 on remote peer 3
furious-puma-1:122455:123357 [0] NCCL INFO Imported shareable buffer device 0 size 10485760 ptr 0x31d6a00000
furious-puma-1:122455:123357 [0] NCCL INFO UDS converted handle 0x7acd60066f90 to fd 155 on remote peer 3
furious-puma-1:122455:123357 [0] NCCL INFO Imported shareable buffer device 0 size 10485760 ptr 0x31d7400000
furious-puma-1:122455:123357 [0] NCCL INFO UDS converted handle 0x7acd60068790 to fd 155 on remote peer 3
furious-puma-1:122455:123357 [0] NCCL INFO Imported shareable buffer device 0 size 10485760 ptr 0x31d8000000
furious-puma-1:122455:123357 [0] NCCL INFO UDS converted handle 0x7acd60069f90 to fd 155 on remote peer 3
furious-puma-1:122455:123357 [0] NCCL INFO Imported shareable buffer device 0 size 10485760 ptr 0x31d8a00000
furious-puma-1:122455:123357 [0] NCCL INFO UDS converted handle 0x7acd6006b790 to fd 155 on remote peer 3
furious-puma-1:122455:123357 [0] NCCL INFO Imported shareable buffer device 0 size 10485760 ptr 0x31d9400000
furious-puma-1:122455:123357 [0] NCCL INFO UDS converted handle 0x7acd6006cf90 to fd 155 on remote peer 3
furious-puma-1:122455:123357 [0] NCCL INFO Imported shareable buffer device 0 size 10485760 ptr 0x31da000000
furious-puma-1:122455:123357 [0] NCCL INFO UDS converted handle 0x7acd6006e790 to fd 155 on remote peer 3
furious-puma-1:122455:123357 [0] NCCL INFO Imported shareable buffer device 0 size 10485760 ptr 0x31daa00000
furious-puma-1:122455:123357 [0] NCCL INFO UDS converted handle 0x7acd6006ff90 to fd 155 on remote peer 3
furious-puma-1:122455:123357 [0] NCCL INFO Imported shareable buffer device 0 size 10485760 ptr 0x31db400000
furious-puma-1:122455:123357 [0] NCCL INFO UDS converted handle 0x7acd60071790 to fd 155 on remote peer 3
furious-puma-1:122455:123357 [0] NCCL INFO Imported shareable buffer device 0 size 10485760 ptr 0x31dc000000
furious-puma-1:122455:123357 [0] NCCL INFO UDS converted handle 0x7acd60072f90 to fd 155 on remote peer 3
furious-puma-1:122455:123357 [0] NCCL INFO Imported shareable buffer device 0 size 10485760 ptr 0x31dca00000
furious-puma-1:122455:123357 [0] NCCL INFO UDS converted handle 0x7acd60074790 to fd 155 on remote peer 3
furious-puma-1:122455:123357 [0] NCCL INFO Imported shareable buffer device 0 size 10485760 ptr 0x31dd400000
furious-puma-1:122455:123357 [0] NCCL INFO UDS converted handle 0x7acd60075f90 to fd 155 on remote peer 3
furious-puma-1:122455:123357 [0] NCCL INFO Imported shareable buffer device 0 size 10485760 ptr 0x31de000000
furious-puma-1:122455:123357 [0] NCCL INFO UDS converted handle 0x7acd60077790 to fd 155 on remote peer 3
furious-puma-1:122455:123357 [0] NCCL INFO Imported shareable buffer device 0 size 10485760 ptr 0x31dea00000
furious-puma-1:122455:123357 [0] NCCL INFO UDS converted handle 0x7acd60078f90 to fd 155 on remote peer 3
furious-puma-1:122455:123357 [0] NCCL INFO Imported shareable buffer device 0 size 10485760 ptr 0x31df400000
furious-puma-1:122455:123357 [0] NCCL INFO UDS converted handle 0x7acd6007a790 to fd 155 on remote peer 3
furious-puma-1:122455:123357 [0] NCCL INFO Imported shareable buffer device 0 size 10485760 ptr 0x31e0000000
furious-puma-1:122455:123357 [0] NCCL INFO UDS converted handle 0x7acd6007bf90 to fd 155 on remote peer 3
furious-puma-1:122455:123357 [0] NCCL INFO Imported shareable buffer device 0 size 10485760 ptr 0x31e0a00000
furious-puma-1:122455:123357 [0] NCCL INFO UDS converted handle 0x7acd6007d790 to fd 155 on remote peer 3
furious-puma-1:122455:123357 [0] NCCL INFO Imported shareable buffer device 0 size 10485760 ptr 0x31e1400000
furious-puma-1:122455:123357 [0] NCCL INFO UDS converted handle 0x7acd6007ef90 to fd 155 on remote peer 3
furious-puma-1:122455:123357 [0] NCCL INFO Imported shareable buffer device 0 size 10485760 ptr 0x31e2000000
furious-puma-1:122455:123357 [0] NCCL INFO UDS converted handle 0x7acd60080790 to fd 155 on remote peer 3
furious-puma-1:122455:123357 [0] NCCL INFO Imported shareable buffer device 0 size 10485760 ptr 0x31e2a00000
furious-puma-1:122455:123357 [0] NCCL INFO UDS converted handle 0x7244b0051d10 to fd 156 on remote peer 4
furious-puma-1:122455:123357 [0] NCCL INFO Imported shareable buffer device 0 size 10485760 ptr 0x31e3400000
furious-puma-1:122455:123357 [0] NCCL INFO UDS converted handle 0x7244b00535b0 to fd 156 on remote peer 4
furious-puma-1:122455:123357 [0] NCCL INFO Imported shareable buffer device 0 size 10485760 ptr 0x31e4000000
furious-puma-1:122455:123357 [0] NCCL INFO UDS converted handle 0x7244b0054f90 to fd 156 on remote peer 4
furious-puma-1:122455:123357 [0] NCCL INFO Imported shareable buffer device 0 size 10485760 ptr 0x31e4a00000
furious-puma-1:122455:123357 [0] NCCL INFO UDS converted handle 0x7244b0056790 to fd 156 on remote peer 4
furious-puma-1:122455:123357 [0] NCCL INFO Imported shareable buffer device 0 size 10485760 ptr 0x31e5400000
furious-puma-1:122455:123357 [0] NCCL INFO UDS converted handle 0x7244b0057f90 to fd 156 on remote peer 4
furious-puma-1:122455:123357 [0] NCCL INFO Imported shareable buffer device 0 size 10485760 ptr 0x31e6000000
furious-puma-1:122455:123357 [0] NCCL INFO UDS converted handle 0x7244b0059790 to fd 156 on remote peer 4
furious-puma-1:122455:123357 [0] NCCL INFO Imported shareable buffer device 0 size 10485760 ptr 0x31e6a00000
furious-puma-1:122455:123357 [0] NCCL INFO UDS converted handle 0x7244b005af90 to fd 156 on remote peer 4
furious-puma-1:122455:123357 [0] NCCL INFO Imported shareable buffer device 0 size 10485760 ptr 0x31e7400000
furious-puma-1:122455:123357 [0] NCCL INFO UDS converted handle 0x7244b005c790 to fd 156 on remote peer 4
furious-puma-1:122455:123357 [0] NCCL INFO Imported shareable buffer device 0 size 10485760 ptr 0x31e8000000
furious-puma-1:122455:123357 [0] NCCL INFO UDS converted handle 0x7244b005df90 to fd 156 on remote peer 4
furious-puma-1:122455:123357 [0] NCCL INFO Imported shareable buffer device 0 size 10485760 ptr 0x31e8a00000
furious-puma-1:122455:123357 [0] NCCL INFO UDS converted handle 0x7244b005f790 to fd 156 on remote peer 4
furious-puma-1:122455:123357 [0] NCCL INFO Imported shareable buffer device 0 size 10485760 ptr 0x31e9400000
furious-puma-1:122455:123357 [0] NCCL INFO UDS converted handle 0x7244b0060f90 to fd 156 on remote peer 4
furious-puma-1:122455:123357 [0] NCCL INFO Imported shareable buffer device 0 size 10485760 ptr 0x31ea000000
furious-puma-1:122455:123357 [0] NCCL INFO UDS converted handle 0x7244b0062790 to fd 156 on remote peer 4
furious-puma-1:122455:123357 [0] NCCL INFO Imported shareable buffer device 0 size 10485760 ptr 0x31eaa00000
furious-puma-1:122455:123357 [0] NCCL INFO UDS converted handle 0x7244b0063f90 to fd 156 on remote peer 4
furious-puma-1:122455:123357 [0] NCCL INFO Imported shareable buffer device 0 size 10485760 ptr 0x31eb400000
furious-puma-1:122455:123357 [0] NCCL INFO UDS converted handle 0x7244b0065790 to fd 156 on remote peer 4
furious-puma-1:122455:123357 [0] NCCL INFO Imported shareable buffer device 0 size 10485760 ptr 0x31ec000000
furious-puma-1:122455:123357 [0] NCCL INFO UDS converted handle 0x7244b0066f90 to fd 156 on remote peer 4
furious-puma-1:122455:123357 [0] NCCL INFO Imported shareable buffer device 0 size 10485760 ptr 0x31eca00000
furious-puma-1:122455:123357 [0] NCCL INFO UDS converted handle 0x7244b0068790 to fd 156 on remote peer 4
furious-puma-1:122455:123357 [0] NCCL INFO Imported shareable buffer device 0 size 10485760 ptr 0x31ed400000
furious-puma-1:122455:123357 [0] NCCL INFO UDS converted handle 0x7244b0069f90 to fd 156 on remote peer 4
furious-puma-1:122455:123357 [0] NCCL INFO Imported shareable buffer device 0 size 10485760 ptr 0x31ee000000
furious-puma-1:122455:123357 [0] NCCL INFO UDS converted handle 0x7244b006b790 to fd 156 on remote peer 4
furious-puma-1:122455:123357 [0] NCCL INFO Imported shareable buffer device 0 size 10485760 ptr 0x31eea00000
furious-puma-1:122455:123357 [0] NCCL INFO UDS converted handle 0x7244b006cf90 to fd 156 on remote peer 4
furious-puma-1:122455:123357 [0] NCCL INFO Imported shareable buffer device 0 size 10485760 ptr 0x31ef400000
furious-puma-1:122455:123357 [0] NCCL INFO UDS converted handle 0x7244b006e790 to fd 156 on remote peer 4
furious-puma-1:122455:123357 [0] NCCL INFO Imported shareable buffer device 0 size 10485760 ptr 0x31f0000000
furious-puma-1:122455:123357 [0] NCCL INFO UDS converted handle 0x7244b006ff90 to fd 156 on remote peer 4
furious-puma-1:122455:123357 [0] NCCL INFO Imported shareable buffer device 0 size 10485760 ptr 0x31f0a00000
furious-puma-1:122455:123357 [0] NCCL INFO UDS converted handle 0x7244b0071790 to fd 156 on remote peer 4
furious-puma-1:122455:123357 [0] NCCL INFO Imported shareable buffer device 0 size 10485760 ptr 0x31f1400000
furious-puma-1:122455:123357 [0] NCCL INFO UDS converted handle 0x7244b0072f90 to fd 156 on remote peer 4
furious-puma-1:122455:123357 [0] NCCL INFO Imported shareable buffer device 0 size 10485760 ptr 0x31f2000000
furious-puma-1:122455:123357 [0] NCCL INFO UDS converted handle 0x7244b0074790 to fd 156 on remote peer 4
furious-puma-1:122455:123357 [0] NCCL INFO Imported shareable buffer device 0 size 10485760 ptr 0x31f2a00000
furious-puma-1:122455:123357 [0] NCCL INFO UDS converted handle 0x7244b0075f90 to fd 156 on remote peer 4
furious-puma-1:122455:123357 [0] NCCL INFO Imported shareable buffer device 0 size 10485760 ptr 0x31f3400000
furious-puma-1:122455:123357 [0] NCCL INFO UDS converted handle 0x7244b0077790 to fd 156 on remote peer 4
furious-puma-1:122455:123357 [0] NCCL INFO Imported shareable buffer device 0 size 10485760 ptr 0x31f4000000
furious-puma-1:122455:123357 [0] NCCL INFO UDS converted handle 0x7244b0078f90 to fd 156 on remote peer 4
furious-puma-1:122455:123357 [0] NCCL INFO Imported shareable buffer device 0 size 10485760 ptr 0x31f4a00000
furious-puma-1:122455:123357 [0] NCCL INFO UDS converted handle 0x7244b007a790 to fd 156 on remote peer 4
furious-puma-1:122455:123357 [0] NCCL INFO Imported shareable buffer device 0 size 10485760 ptr 0x31f5400000
furious-puma-1:122455:123357 [0] NCCL INFO UDS converted handle 0x7244b007bf90 to fd 156 on remote peer 4
furious-puma-1:122455:123357 [0] NCCL INFO Imported shareable buffer device 0 size 10485760 ptr 0x31f6000000
furious-puma-1:122455:123357 [0] NCCL INFO UDS converted handle 0x7244b007d790 to fd 156 on remote peer 4
furious-puma-1:122455:123357 [0] NCCL INFO Imported shareable buffer device 0 size 10485760 ptr 0x31f6a00000
furious-puma-1:122455:123357 [0] NCCL INFO UDS converted handle 0x7244b007ef90 to fd 156 on remote peer 4
furious-puma-1:122455:123357 [0] NCCL INFO Imported shareable buffer device 0 size 10485760 ptr 0x31f7400000
furious-puma-1:122455:123357 [0] NCCL INFO UDS converted handle 0x7244b0080790 to fd 156 on remote peer 4
furious-puma-1:122455:123357 [0] NCCL INFO Imported shareable buffer device 0 size 10485760 ptr 0x31f8000000
furious-puma-1:122455:123357 [0] NCCL INFO UDS converted handle 0x70ee20051d10 to fd 157 on remote peer 5
furious-puma-1:122455:123357 [0] NCCL INFO Imported shareable buffer device 0 size 10485760 ptr 0x31f8a00000
furious-puma-1:122455:123357 [0] NCCL INFO UDS converted handle 0x70ee200535b0 to fd 157 on remote peer 5
furious-puma-1:122455:123357 [0] NCCL INFO Imported shareable buffer device 0 size 10485760 ptr 0x31f9400000
furious-puma-1:122455:123357 [0] NCCL INFO UDS converted handle 0x70ee20054f90 to fd 157 on remote peer 5
furious-puma-1:122455:123357 [0] NCCL INFO Imported shareable buffer device 0 size 10485760 ptr 0x31fa000000
furious-puma-1:122455:123357 [0] NCCL INFO UDS converted handle 0x70ee20056790 to fd 157 on remote peer 5
furious-puma-1:122455:123357 [0] NCCL INFO Imported shareable buffer device 0 size 10485760 ptr 0x31faa00000
furious-puma-1:122455:123357 [0] NCCL INFO UDS converted handle 0x70ee20057f90 to fd 157 on remote peer 5
furious-puma-1:122455:123357 [0] NCCL INFO Imported shareable buffer device 0 size 10485760 ptr 0x31fb400000
furious-puma-1:122455:123357 [0] NCCL INFO UDS converted handle 0x70ee20059790 to fd 157 on remote peer 5
furious-puma-1:122455:123357 [0] NCCL INFO Imported shareable buffer device 0 size 10485760 ptr 0x31fc000000
furious-puma-1:122455:123357 [0] NCCL INFO UDS converted handle 0x70ee2005af90 to fd 157 on remote peer 5
furious-puma-1:122455:123357 [0] NCCL INFO Imported shareable buffer device 0 size 10485760 ptr 0x31fca00000
furious-puma-1:122455:123357 [0] NCCL INFO UDS converted handle 0x70ee2005c790 to fd 157 on remote peer 5
furious-puma-1:122455:123357 [0] NCCL INFO Imported shareable buffer device 0 size 10485760 ptr 0x31fd400000
furious-puma-1:122455:123357 [0] NCCL INFO UDS converted handle 0x70ee2005df90 to fd 157 on remote peer 5
furious-puma-1:122455:123357 [0] NCCL INFO Imported shareable buffer device 0 size 10485760 ptr 0x31fe000000
furious-puma-1:122455:123357 [0] NCCL INFO UDS converted handle 0x70ee2005f790 to fd 157 on remote peer 5
furious-puma-1:122455:123357 [0] NCCL INFO Imported shareable buffer device 0 size 10485760 ptr 0x31fea00000
furious-puma-1:122455:123357 [0] NCCL INFO UDS converted handle 0x70ee20060f90 to fd 157 on remote peer 5
furious-puma-1:122455:123357 [0] NCCL INFO Imported shareable buffer device 0 size 10485760 ptr 0x31ff400000
furious-puma-1:122455:123357 [0] NCCL INFO UDS converted handle 0x70ee20062790 to fd 157 on remote peer 5
furious-puma-1:122455:123357 [0] NCCL INFO Imported shareable buffer device 0 size 10485760 ptr 0x3200000000
furious-puma-1:122455:123357 [0] NCCL INFO UDS converted handle 0x70ee20063f90 to fd 157 on remote peer 5
furious-puma-1:122455:123357 [0] NCCL INFO Imported shareable buffer device 0 size 10485760 ptr 0x3200a00000
furious-puma-1:122455:123357 [0] NCCL INFO UDS converted handle 0x70ee20065790 to fd 157 on remote peer 5
furious-puma-1:122455:123357 [0] NCCL INFO Imported shareable buffer device 0 size 10485760 ptr 0x3201400000
furious-puma-1:122455:123357 [0] NCCL INFO UDS converted handle 0x70ee20066f90 to fd 157 on remote peer 5
furious-puma-1:122455:123357 [0] NCCL INFO Imported shareable buffer device 0 size 10485760 ptr 0x3202000000
furious-puma-1:122455:123357 [0] NCCL INFO UDS converted handle 0x70ee20068790 to fd 157 on remote peer 5
furious-puma-1:122455:123357 [0] NCCL INFO Imported shareable buffer device 0 size 10485760 ptr 0x3202a00000
furious-puma-1:122455:123357 [0] NCCL INFO UDS converted handle 0x70ee20069f90 to fd 157 on remote peer 5
furious-puma-1:122455:123357 [0] NCCL INFO Imported shareable buffer device 0 size 10485760 ptr 0x3203400000
furious-puma-1:122455:123357 [0] NCCL INFO UDS converted handle 0x70ee2006b790 to fd 157 on remote peer 5
furious-puma-1:122455:123357 [0] NCCL INFO Imported shareable buffer device 0 size 10485760 ptr 0x3204000000
furious-puma-1:122455:123357 [0] NCCL INFO UDS converted handle 0x70ee2006cf90 to fd 157 on remote peer 5
furious-puma-1:122455:123357 [0] NCCL INFO Imported shareable buffer device 0 size 10485760 ptr 0x3204a00000
furious-puma-1:122455:123357 [0] NCCL INFO UDS converted handle 0x70ee2006e790 to fd 157 on remote peer 5
furious-puma-1:122455:123357 [0] NCCL INFO Imported shareable buffer device 0 size 10485760 ptr 0x3205400000
furious-puma-1:122455:123357 [0] NCCL INFO UDS converted handle 0x70ee2006ff90 to fd 157 on remote peer 5
furious-puma-1:122455:123357 [0] NCCL INFO Imported shareable buffer device 0 size 10485760 ptr 0x3206000000
furious-puma-1:122455:123357 [0] NCCL INFO UDS converted handle 0x70ee20071790 to fd 157 on remote peer 5
furious-puma-1:122455:123357 [0] NCCL INFO Imported shareable buffer device 0 size 10485760 ptr 0x3206a00000
furious-puma-1:122455:123357 [0] NCCL INFO UDS converted handle 0x70ee20072f90 to fd 157 on remote peer 5
furious-puma-1:122455:123357 [0] NCCL INFO Imported shareable buffer device 0 size 10485760 ptr 0x3207400000
furious-puma-1:122455:123357 [0] NCCL INFO UDS converted handle 0x70ee20074790 to fd 157 on remote peer 5
furious-puma-1:122455:123357 [0] NCCL INFO Imported shareable buffer device 0 size 10485760 ptr 0x3208000000
furious-puma-1:122455:123357 [0] NCCL INFO UDS converted handle 0x70ee20075f90 to fd 157 on remote peer 5
furious-puma-1:122455:123357 [0] NCCL INFO Imported shareable buffer device 0 size 10485760 ptr 0x3208a00000
furious-puma-1:122455:123357 [0] NCCL INFO UDS converted handle 0x70ee20077790 to fd 157 on remote peer 5
furious-puma-1:122455:123357 [0] NCCL INFO Imported shareable buffer device 0 size 10485760 ptr 0x3209400000
furious-puma-1:122455:123357 [0] NCCL INFO UDS converted handle 0x70ee20078f90 to fd 157 on remote peer 5
furious-puma-1:122455:123357 [0] NCCL INFO Imported shareable buffer device 0 size 10485760 ptr 0x320a000000
furious-puma-1:122455:123357 [0] NCCL INFO UDS converted handle 0x70ee2007a790 to fd 157 on remote peer 5
furious-puma-1:122455:123357 [0] NCCL INFO Imported shareable buffer device 0 size 10485760 ptr 0x320aa00000
furious-puma-1:122455:123357 [0] NCCL INFO UDS converted handle 0x70ee2007bf90 to fd 157 on remote peer 5
furious-puma-1:122455:123357 [0] NCCL INFO Imported shareable buffer device 0 size 10485760 ptr 0x320b400000
furious-puma-1:122455:123357 [0] NCCL INFO UDS converted handle 0x70ee2007d790 to fd 157 on remote peer 5
furious-puma-1:122455:123357 [0] NCCL INFO Imported shareable buffer device 0 size 10485760 ptr 0x320c000000
furious-puma-1:122455:123357 [0] NCCL INFO UDS converted handle 0x70ee2007ef90 to fd 157 on remote peer 5
furious-puma-1:122455:123357 [0] NCCL INFO Imported shareable buffer device 0 size 10485760 ptr 0x320ca00000
furious-puma-1:122455:123357 [0] NCCL INFO UDS converted handle 0x70ee20080790 to fd 157 on remote peer 5
furious-puma-1:122455:123357 [0] NCCL INFO Imported shareable buffer device 0 size 10485760 ptr 0x320d400000
furious-puma-1:122455:123357 [0] NCCL INFO UDS converted handle 0x79ad80051d10 to fd 158 on remote peer 6
furious-puma-1:122455:123357 [0] NCCL INFO Imported shareable buffer device 0 size 10485760 ptr 0x320e000000
furious-puma-1:122455:123357 [0] NCCL INFO UDS converted handle 0x79ad800535b0 to fd 158 on remote peer 6
furious-puma-1:122455:123357 [0] NCCL INFO Imported shareable buffer device 0 size 10485760 ptr 0x320ea00000
furious-puma-1:122455:123357 [0] NCCL INFO UDS converted handle 0x79ad80054f90 to fd 158 on remote peer 6
furious-puma-1:122455:123357 [0] NCCL INFO Imported shareable buffer device 0 size 10485760 ptr 0x320f400000
furious-puma-1:122455:123357 [0] NCCL INFO UDS converted handle 0x79ad80056790 to fd 158 on remote peer 6
furious-puma-1:122455:123357 [0] NCCL INFO Imported shareable buffer device 0 size 10485760 ptr 0x3210000000
furious-puma-1:122455:123357 [0] NCCL INFO UDS converted handle 0x79ad80057f90 to fd 158 on remote peer 6
furious-puma-1:122455:123357 [0] NCCL INFO Imported shareable buffer device 0 size 10485760 ptr 0x3210a00000
furious-puma-1:122455:123357 [0] NCCL INFO UDS converted handle 0x79ad80059790 to fd 158 on remote peer 6
furious-puma-1:122455:123357 [0] NCCL INFO Imported shareable buffer device 0 size 10485760 ptr 0x3211400000
furious-puma-1:122455:123357 [0] NCCL INFO UDS converted handle 0x79ad8005af90 to fd 158 on remote peer 6
furious-puma-1:122455:123357 [0] NCCL INFO Imported shareable buffer device 0 size 10485760 ptr 0x3212000000
furious-puma-1:122455:123357 [0] NCCL INFO UDS converted handle 0x79ad8005c790 to fd 158 on remote peer 6
furious-puma-1:122455:123357 [0] NCCL INFO Imported shareable buffer device 0 size 10485760 ptr 0x3212a00000
furious-puma-1:122455:123357 [0] NCCL INFO UDS converted handle 0x79ad8005df90 to fd 158 on remote peer 6
furious-puma-1:122455:123357 [0] NCCL INFO Imported shareable buffer device 0 size 10485760 ptr 0x3213400000
furious-puma-1:122455:123357 [0] NCCL INFO UDS converted handle 0x79ad8005f790 to fd 158 on remote peer 6
furious-puma-1:122455:123357 [0] NCCL INFO Imported shareable buffer device 0 size 10485760 ptr 0x3214000000
furious-puma-1:122455:123357 [0] NCCL INFO UDS converted handle 0x79ad80060f90 to fd 158 on remote peer 6
furious-puma-1:122455:123357 [0] NCCL INFO Imported shareable buffer device 0 size 10485760 ptr 0x3214a00000
furious-puma-1:122455:123357 [0] NCCL INFO UDS converted handle 0x79ad80062790 to fd 158 on remote peer 6
furious-puma-1:122455:123357 [0] NCCL INFO Imported shareable buffer device 0 size 10485760 ptr 0x3215400000
furious-puma-1:122455:123357 [0] NCCL INFO UDS converted handle 0x79ad80063f90 to fd 158 on remote peer 6
furious-puma-1:122455:123357 [0] NCCL INFO Imported shareable buffer device 0 size 10485760 ptr 0x3216000000
furious-puma-1:122455:123357 [0] NCCL INFO UDS converted handle 0x79ad80065790 to fd 158 on remote peer 6
furious-puma-1:122455:123357 [0] NCCL INFO Imported shareable buffer device 0 size 10485760 ptr 0x3216a00000
furious-puma-1:122455:123357 [0] NCCL INFO UDS converted handle 0x79ad80066f90 to fd 158 on remote peer 6
furious-puma-1:122455:123357 [0] NCCL INFO Imported shareable buffer device 0 size 10485760 ptr 0x3217400000
furious-puma-1:122455:123357 [0] NCCL INFO UDS converted handle 0x79ad80068790 to fd 158 on remote peer 6
furious-puma-1:122455:123357 [0] NCCL INFO Imported shareable buffer device 0 size 10485760 ptr 0x3218000000
furious-puma-1:122455:123357 [0] NCCL INFO UDS converted handle 0x79ad80069f90 to fd 158 on remote peer 6
furious-puma-1:122455:123357 [0] NCCL INFO Imported shareable buffer device 0 size 10485760 ptr 0x3218a00000
furious-puma-1:122455:123357 [0] NCCL INFO UDS converted handle 0x79ad8006b790 to fd 158 on remote peer 6
furious-puma-1:122455:123357 [0] NCCL INFO Imported shareable buffer device 0 size 10485760 ptr 0x3219400000
furious-puma-1:122455:123357 [0] NCCL INFO UDS converted handle 0x79ad8006cf90 to fd 158 on remote peer 6
furious-puma-1:122455:123357 [0] NCCL INFO Imported shareable buffer device 0 size 10485760 ptr 0x321a000000
furious-puma-1:122455:123357 [0] NCCL INFO UDS converted handle 0x79ad8006e790 to fd 158 on remote peer 6
furious-puma-1:122455:123357 [0] NCCL INFO Imported shareable buffer device 0 size 10485760 ptr 0x321aa00000
furious-puma-1:122455:123357 [0] NCCL INFO UDS converted handle 0x79ad8006ff90 to fd 158 on remote peer 6
furious-puma-1:122455:123357 [0] NCCL INFO Imported shareable buffer device 0 size 10485760 ptr 0x321b400000
furious-puma-1:122455:123357 [0] NCCL INFO UDS converted handle 0x79ad80071790 to fd 158 on remote peer 6
furious-puma-1:122455:123357 [0] NCCL INFO Imported shareable buffer device 0 size 10485760 ptr 0x321c000000
furious-puma-1:122455:123357 [0] NCCL INFO UDS converted handle 0x79ad80072f90 to fd 158 on remote peer 6
furious-puma-1:122455:123357 [0] NCCL INFO Imported shareable buffer device 0 size 10485760 ptr 0x321ca00000
furious-puma-1:122455:123357 [0] NCCL INFO UDS converted handle 0x79ad80074790 to fd 158 on remote peer 6
furious-puma-1:122455:123357 [0] NCCL INFO Imported shareable buffer device 0 size 10485760 ptr 0x321d400000
furious-puma-1:122455:123357 [0] NCCL INFO UDS converted handle 0x79ad80075f90 to fd 158 on remote peer 6
furious-puma-1:122455:123357 [0] NCCL INFO Imported shareable buffer device 0 size 10485760 ptr 0x321e000000
furious-puma-1:122455:123357 [0] NCCL INFO UDS converted handle 0x79ad80077790 to fd 158 on remote peer 6
furious-puma-1:122455:123357 [0] NCCL INFO Imported shareable buffer device 0 size 10485760 ptr 0x321ea00000
furious-puma-1:122455:123357 [0] NCCL INFO UDS converted handle 0x79ad80078f90 to fd 158 on remote peer 6
furious-puma-1:122455:123357 [0] NCCL INFO Imported shareable buffer device 0 size 10485760 ptr 0x321f400000
furious-puma-1:122455:123357 [0] NCCL INFO UDS converted handle 0x79ad8007a790 to fd 158 on remote peer 6
furious-puma-1:122455:123357 [0] NCCL INFO Imported shareable buffer device 0 size 10485760 ptr 0x3220000000
furious-puma-1:122455:123357 [0] NCCL INFO UDS converted handle 0x79ad8007bf90 to fd 158 on remote peer 6
furious-puma-1:122455:123357 [0] NCCL INFO Imported shareable buffer device 0 size 10485760 ptr 0x3220a00000
furious-puma-1:122455:123357 [0] NCCL INFO UDS converted handle 0x79ad8007d790 to fd 158 on remote peer 6
furious-puma-1:122455:123357 [0] NCCL INFO Imported shareable buffer device 0 size 10485760 ptr 0x3221400000
furious-puma-1:122455:123357 [0] NCCL INFO UDS converted handle 0x79ad8007ef90 to fd 158 on remote peer 6
furious-puma-1:122455:123357 [0] NCCL INFO Imported shareable buffer device 0 size 10485760 ptr 0x3222000000
furious-puma-1:122455:123357 [0] NCCL INFO UDS converted handle 0x79ad80080790 to fd 158 on remote peer 6
furious-puma-1:122455:123357 [0] NCCL INFO Imported shareable buffer device 0 size 10485760 ptr 0x3222a00000
furious-puma-1:122455:123357 [0] NCCL INFO UDS converted handle 0x7500c0051d10 to fd 158 on remote peer 7
furious-puma-1:122455:123357 [0] NCCL INFO Imported shareable buffer device 0 size 10485760 ptr 0x3223400000
furious-puma-1:122455:123357 [0] NCCL INFO UDS converted handle 0x7500c00535b0 to fd 158 on remote peer 7
furious-puma-1:122455:123357 [0] NCCL INFO Imported shareable buffer device 0 size 10485760 ptr 0x3224000000
furious-puma-1:122455:123357 [0] NCCL INFO UDS converted handle 0x7500c0054f90 to fd 158 on remote peer 7
furious-puma-1:122455:123357 [0] NCCL INFO Imported shareable buffer device 0 size 10485760 ptr 0x3224a00000
furious-puma-1:122455:123357 [0] NCCL INFO UDS converted handle 0x7500c0056790 to fd 158 on remote peer 7
furious-puma-1:122455:123357 [0] NCCL INFO Imported shareable buffer device 0 size 10485760 ptr 0x3225400000
furious-puma-1:122455:123357 [0] NCCL INFO UDS converted handle 0x7500c0057f90 to fd 158 on remote peer 7
furious-puma-1:122455:123357 [0] NCCL INFO Imported shareable buffer device 0 size 10485760 ptr 0x3226000000
furious-puma-1:122455:123357 [0] NCCL INFO UDS converted handle 0x7500c0059790 to fd 158 on remote peer 7
furious-puma-1:122455:123357 [0] NCCL INFO Imported shareable buffer device 0 size 10485760 ptr 0x3226a00000
furious-puma-1:122455:123357 [0] NCCL INFO UDS converted handle 0x7500c005af90 to fd 158 on remote peer 7
furious-puma-1:122455:123357 [0] NCCL INFO Imported shareable buffer device 0 size 10485760 ptr 0x3227400000
furious-puma-1:122455:123357 [0] NCCL INFO UDS converted handle 0x7500c005c790 to fd 158 on remote peer 7
furious-puma-1:122455:123357 [0] NCCL INFO Imported shareable buffer device 0 size 10485760 ptr 0x3228000000
furious-puma-1:122455:123357 [0] NCCL INFO UDS converted handle 0x7500c005df90 to fd 158 on remote peer 7
furious-puma-1:122455:123357 [0] NCCL INFO Imported shareable buffer device 0 size 10485760 ptr 0x3228a00000
furious-puma-1:122455:123357 [0] NCCL INFO UDS converted handle 0x7500c005f790 to fd 158 on remote peer 7
furious-puma-1:122455:123357 [0] NCCL INFO Imported shareable buffer device 0 size 10485760 ptr 0x3229400000
furious-puma-1:122455:123357 [0] NCCL INFO UDS converted handle 0x7500c0060f90 to fd 158 on remote peer 7
furious-puma-1:122455:123357 [0] NCCL INFO Imported shareable buffer device 0 size 10485760 ptr 0x322a000000
furious-puma-1:122455:123357 [0] NCCL INFO UDS converted handle 0x7500c0062790 to fd 158 on remote peer 7
furious-puma-1:122455:123357 [0] NCCL INFO Imported shareable buffer device 0 size 10485760 ptr 0x322aa00000
furious-puma-1:122455:123357 [0] NCCL INFO UDS converted handle 0x7500c0063f90 to fd 158 on remote peer 7
furious-puma-1:122455:123357 [0] NCCL INFO Imported shareable buffer device 0 size 10485760 ptr 0x322b400000
furious-puma-1:122455:123357 [0] NCCL INFO UDS converted handle 0x7500c0065790 to fd 158 on remote peer 7
furious-puma-1:122455:123357 [0] NCCL INFO Imported shareable buffer device 0 size 10485760 ptr 0x322c000000
furious-puma-1:122455:123357 [0] NCCL INFO UDS converted handle 0x7500c0066f90 to fd 158 on remote peer 7
furious-puma-1:122455:123357 [0] NCCL INFO Imported shareable buffer device 0 size 10485760 ptr 0x322ca00000
furious-puma-1:122455:123357 [0] NCCL INFO UDS converted handle 0x7500c0068790 to fd 158 on remote peer 7
furious-puma-1:122455:123357 [0] NCCL INFO Imported shareable buffer device 0 size 10485760 ptr 0x322d400000
furious-puma-1:122455:123357 [0] NCCL INFO UDS converted handle 0x7500c0069f90 to fd 158 on remote peer 7
furious-puma-1:122455:123357 [0] NCCL INFO Imported shareable buffer device 0 size 10485760 ptr 0x322e000000
furious-puma-1:122455:123357 [0] NCCL INFO UDS converted handle 0x7500c006b790 to fd 158 on remote peer 7
furious-puma-1:122455:123357 [0] NCCL INFO Imported shareable buffer device 0 size 10485760 ptr 0x322ea00000
furious-puma-1:122455:123357 [0] NCCL INFO UDS converted handle 0x7500c006cf90 to fd 158 on remote peer 7
furious-puma-1:122455:123357 [0] NCCL INFO Imported shareable buffer device 0 size 10485760 ptr 0x322f400000
furious-puma-1:122455:123357 [0] NCCL INFO UDS converted handle 0x7500c006e790 to fd 158 on remote peer 7
furious-puma-1:122455:123357 [0] NCCL INFO Imported shareable buffer device 0 size 10485760 ptr 0x3230000000
furious-puma-1:122455:123357 [0] NCCL INFO UDS converted handle 0x7500c006ff90 to fd 158 on remote peer 7
furious-puma-1:122455:123357 [0] NCCL INFO Imported shareable buffer device 0 size 10485760 ptr 0x3230a00000
furious-puma-1:122455:123357 [0] NCCL INFO UDS converted handle 0x7500c0071790 to fd 158 on remote peer 7
furious-puma-1:122455:123357 [0] NCCL INFO Imported shareable buffer device 0 size 10485760 ptr 0x3231400000
furious-puma-1:122455:123357 [0] NCCL INFO UDS converted handle 0x7500c0072f90 to fd 158 on remote peer 7
furious-puma-1:122455:123357 [0] NCCL INFO Imported shareable buffer device 0 size 10485760 ptr 0x3232000000
furious-puma-1:122455:123357 [0] NCCL INFO UDS converted handle 0x7500c0074790 to fd 158 on remote peer 7
furious-puma-1:122455:123357 [0] NCCL INFO Imported shareable buffer device 0 size 10485760 ptr 0x3232a00000
furious-puma-1:122455:123357 [0] NCCL INFO UDS converted handle 0x7500c0075f90 to fd 158 on remote peer 7
furious-puma-1:122455:123357 [0] NCCL INFO Imported shareable buffer device 0 size 10485760 ptr 0x3233400000
furious-puma-1:122455:123357 [0] NCCL INFO UDS converted handle 0x7500c0077790 to fd 158 on remote peer 7
furious-puma-1:122455:123357 [0] NCCL INFO Imported shareable buffer device 0 size 10485760 ptr 0x3234000000
furious-puma-1:122455:123357 [0] NCCL INFO UDS converted handle 0x7500c0078f90 to fd 158 on remote peer 7
furious-puma-1:122455:123357 [0] NCCL INFO Imported shareable buffer device 0 size 10485760 ptr 0x3234a00000
furious-puma-1:122455:123357 [0] NCCL INFO UDS converted handle 0x7500c007a790 to fd 158 on remote peer 7
furious-puma-1:122455:123357 [0] NCCL INFO Imported shareable buffer device 0 size 10485760 ptr 0x3235400000
furious-puma-1:122455:123357 [0] NCCL INFO UDS converted handle 0x7500c007bf90 to fd 158 on remote peer 7
furious-puma-1:122455:123357 [0] NCCL INFO Imported shareable buffer device 0 size 10485760 ptr 0x3236000000
furious-puma-1:122455:123357 [0] NCCL INFO UDS converted handle 0x7500c007d790 to fd 158 on remote peer 7
furious-puma-1:122455:123357 [0] NCCL INFO Imported shareable buffer device 0 size 10485760 ptr 0x3236a00000
furious-puma-1:122455:123357 [0] NCCL INFO UDS converted handle 0x7500c007ef90 to fd 158 on remote peer 7
furious-puma-1:122455:123357 [0] NCCL INFO Imported shareable buffer device 0 size 10485760 ptr 0x3237400000
furious-puma-1:122455:123357 [0] NCCL INFO UDS converted handle 0x7500c0080790 to fd 158 on remote peer 7
furious-puma-1:122455:123357 [0] NCCL INFO Imported shareable buffer device 0 size 10485760 ptr 0x3238000000
***** Running training *****
  Num examples = 3,200
  Num Epochs = 10
  Instantaneous batch size per device = 4
  Total train batch size (w. parallel, distributed & accumulation) = 32
  Gradient Accumulation steps = 1
  Total optimization steps = 1,000
  Number of trainable parameters = 3,212,749,824
Automatic Weights & Biases logging enabled, to disable set os.environ["WANDB_DISABLED"] = "true"
wandb: Currently logged in as: alishafique3 (alishafique3-kstate) to https://api.wandb.ai. Use `wandb login --relogin` to force relogin
wandb: setting up run aqaygu8y
wandb: Tracking run with wandb version 0.23.0
wandb: Run data is saved locally in /home/ubuntu/trl/wandb/run-20251127_035509-aqaygu8y
wandb: Run `wandb offline` to turn off syncing.
wandb: Syncing run phd_fsdp2_8_bs_4_3b_20251127_035443
wandb: ⭐️ View project at https://wandb.ai/alishafique3-kstate/phd_fsdp2_8_bs_4_3b
wandb: 🚀 View run at https://wandb.ai/alishafique3-kstate/phd_fsdp2_8_bs_4_3b/runs/aqaygu8y
  0%|          | 0/1000 [00:00<?, ?it/s]  0%|          | 1/1000 [00:01<32:27,  1.95s/it]  0%|          | 2/1000 [00:02<19:09,  1.15s/it]  0%|          | 3/1000 [00:02<13:15,  1.25it/s]  0%|          | 4/1000 [00:03<10:48,  1.54it/s]  0%|          | 5/1000 [00:03<09:07,  1.82it/s]  1%|          | 6/1000 [00:04<08:06,  2.04it/s]  1%|          | 7/1000 [00:04<07:25,  2.23it/s]  1%|          | 8/1000 [00:05<08:02,  2.06it/s]  1%|          | 9/1000 [00:05<07:25,  2.23it/s]  1%|          | 10/1000 [00:05<06:59,  2.36it/s]                                                 {'loss': 1.5617, 'grad_norm': 1.633130431175232, 'learning_rate': 1.982e-05, 'entropy': 1.31875, 'num_tokens': 34068.0, 'mean_token_accuracy': 0.6788005471229553, 'epoch': 0.1}
  1%|          | 10/1000 [00:05<06:59,  2.36it/s]  1%|          | 11/1000 [00:06<06:41,  2.46it/s]  1%|          | 12/1000 [00:06<06:28,  2.54it/s]  1%|▏         | 13/1000 [00:06<06:20,  2.59it/s]  1%|▏         | 14/1000 [00:07<06:12,  2.65it/s]  2%|▏         | 15/1000 [00:07<06:05,  2.70it/s]  2%|▏         | 16/1000 [00:07<06:02,  2.71it/s]  2%|▏         | 17/1000 [00:08<05:58,  2.74it/s]  2%|▏         | 18/1000 [00:08<05:51,  2.80it/s]  2%|▏         | 19/1000 [00:08<05:50,  2.80it/s]  2%|▏         | 20/1000 [00:09<05:50,  2.79it/s]                                                 {'loss': 1.1175, 'grad_norm': 3.417494773864746, 'learning_rate': 1.9620000000000002e-05, 'entropy': 1.11796875, 'num_tokens': 66007.0, 'mean_token_accuracy': 0.729341471195221, 'epoch': 0.2}
  2%|▏         | 20/1000 [00:09<05:50,  2.79it/s]  2%|▏         | 21/1000 [00:09<05:53,  2.77it/s]  2%|▏         | 22/1000 [00:10<05:36,  2.90it/s]  2%|▏         | 23/1000 [00:10<05:41,  2.86it/s]  2%|▏         | 24/1000 [00:10<05:45,  2.83it/s]  2%|▎         | 25/1000 [00:11<05:42,  2.85it/s]  3%|▎         | 26/1000 [00:11<05:44,  2.83it/s]  3%|▎         | 27/1000 [00:11<05:43,  2.83it/s]  3%|▎         | 28/1000 [00:12<05:43,  2.83it/s]  3%|▎         | 29/1000 [00:12<05:39,  2.86it/s]  3%|▎         | 30/1000 [00:12<05:42,  2.83it/s]                                                 {'loss': 1.0449, 'grad_norm': 1.162131428718567, 'learning_rate': 1.942e-05, 'entropy': 1.05625, 'num_tokens': 98022.0, 'mean_token_accuracy': 0.73922199010849, 'epoch': 0.3}
  3%|▎         | 30/1000 [00:12<05:42,  2.83it/s]  3%|▎         | 31/1000 [00:13<05:47,  2.79it/s]  3%|▎         | 32/1000 [00:13<05:43,  2.81it/s]  3%|▎         | 33/1000 [00:13<05:59,  2.69it/s]  3%|▎         | 34/1000 [00:14<05:52,  2.74it/s]  4%|▎         | 35/1000 [00:14<05:53,  2.73it/s]  4%|▎         | 36/1000 [00:15<05:54,  2.72it/s]  4%|▎         | 37/1000 [00:15<05:48,  2.76it/s]  4%|▍         | 38/1000 [00:15<05:30,  2.91it/s]  4%|▍         | 39/1000 [00:16<05:30,  2.91it/s]  4%|▍         | 40/1000 [00:16<05:32,  2.89it/s]                                                 {'loss': 1.0827, 'grad_norm': 1.257195234298706, 'learning_rate': 1.9220000000000002e-05, 'entropy': 1.028125, 'num_tokens': 132660.0, 'mean_token_accuracy': 0.7260210275650024, 'epoch': 0.4}
  4%|▍         | 40/1000 [00:16<05:32,  2.89it/s]  4%|▍         | 41/1000 [00:16<05:37,  2.84it/s]  4%|▍         | 42/1000 [00:17<05:40,  2.82it/s]  4%|▍         | 43/1000 [00:17<05:45,  2.77it/s]  4%|▍         | 44/1000 [00:17<05:49,  2.73it/s]  4%|▍         | 45/1000 [00:18<05:48,  2.74it/s]  5%|▍         | 46/1000 [00:18<05:33,  2.86it/s]  5%|▍         | 47/1000 [00:18<05:37,  2.83it/s]  5%|▍         | 48/1000 [00:19<05:34,  2.85it/s]  5%|▍         | 49/1000 [00:19<05:36,  2.83it/s]  5%|▌         | 50/1000 [00:19<05:32,  2.85it/s]                                                 {'loss': 1.0717, 'grad_norm': 1.2492719888687134, 'learning_rate': 1.902e-05, 'entropy': 1.023828125, 'num_tokens': 166188.0, 'mean_token_accuracy': 0.7288314521312713, 'epoch': 0.5}
  5%|▌         | 50/1000 [00:19<05:32,  2.85it/s]  5%|▌         | 51/1000 [00:20<05:59,  2.64it/s]  5%|▌         | 52/1000 [00:20<05:40,  2.78it/s]  5%|▌         | 53/1000 [00:21<05:38,  2.80it/s]  5%|▌         | 54/1000 [00:21<05:35,  2.82it/s]  6%|▌         | 55/1000 [00:21<05:31,  2.85it/s]  6%|▌         | 56/1000 [00:22<05:33,  2.83it/s]  6%|▌         | 57/1000 [00:22<05:27,  2.88it/s]  6%|▌         | 58/1000 [00:22<05:29,  2.86it/s]  6%|▌         | 59/1000 [00:23<05:28,  2.86it/s]  6%|▌         | 60/1000 [00:23<05:29,  2.85it/s]                                                 {'loss': 1.047, 'grad_norm': 1.1479541063308716, 'learning_rate': 1.882e-05, 'entropy': 1.0015625, 'num_tokens': 199528.0, 'mean_token_accuracy': 0.7361051917076111, 'epoch': 0.6}
  6%|▌         | 60/1000 [00:23<05:29,  2.85it/s]  6%|▌         | 61/1000 [00:23<05:26,  2.87it/s]  6%|▌         | 62/1000 [00:24<05:28,  2.86it/s]  6%|▋         | 63/1000 [00:24<05:29,  2.85it/s]  6%|▋         | 64/1000 [00:24<05:30,  2.84it/s]  6%|▋         | 65/1000 [00:25<05:21,  2.91it/s]  7%|▋         | 66/1000 [00:25<05:24,  2.87it/s]  7%|▋         | 67/1000 [00:25<05:07,  3.03it/s]  7%|▋         | 68/1000 [00:26<05:28,  2.84it/s]  7%|▋         | 69/1000 [00:26<05:45,  2.70it/s]  7%|▋         | 70/1000 [00:27<05:34,  2.78it/s]                                                 {'loss': 1.0331, 'grad_norm': 1.0600460767745972, 'learning_rate': 1.862e-05, 'entropy': 0.99140625, 'num_tokens': 232373.0, 'mean_token_accuracy': 0.7355268061161041, 'epoch': 0.7}
  7%|▋         | 70/1000 [00:27<05:34,  2.78it/s]  7%|▋         | 71/1000 [00:27<05:32,  2.80it/s]  7%|▋         | 72/1000 [00:27<05:32,  2.79it/s]  7%|▋         | 73/1000 [00:28<05:31,  2.80it/s]  7%|▋         | 74/1000 [00:28<05:29,  2.81it/s]  8%|▊         | 75/1000 [00:28<05:28,  2.81it/s]  8%|▊         | 76/1000 [00:29<05:09,  2.99it/s]  8%|▊         | 77/1000 [00:29<05:12,  2.96it/s]  8%|▊         | 78/1000 [00:29<05:13,  2.94it/s]  8%|▊         | 79/1000 [00:30<05:13,  2.94it/s]  8%|▊         | 80/1000 [00:30<05:03,  3.03it/s]                                                 {'loss': 1.027, 'grad_norm': 1.0815160274505615, 'learning_rate': 1.8420000000000003e-05, 'entropy': 0.989453125, 'num_tokens': 265204.0, 'mean_token_accuracy': 0.7384476065635681, 'epoch': 0.8}
  8%|▊         | 80/1000 [00:30<05:03,  3.03it/s]  8%|▊         | 81/1000 [00:30<04:50,  3.16it/s]  8%|▊         | 82/1000 [00:31<04:55,  3.10it/s]  8%|▊         | 83/1000 [00:31<04:57,  3.08it/s]  8%|▊         | 84/1000 [00:31<04:33,  3.35it/s]  8%|▊         | 85/1000 [00:32<04:48,  3.17it/s]  9%|▊         | 86/1000 [00:32<04:51,  3.14it/s]  9%|▊         | 87/1000 [00:32<04:29,  3.39it/s]  9%|▉         | 88/1000 [00:32<04:36,  3.30it/s]  9%|▉         | 89/1000 [00:33<04:43,  3.22it/s]  9%|▉         | 90/1000 [00:33<04:54,  3.09it/s]                                                 {'loss': 1.0968, 'grad_norm': 1.0512380599975586, 'learning_rate': 1.8220000000000002e-05, 'entropy': 1.05546875, 'num_tokens': 298785.0, 'mean_token_accuracy': 0.7249319076538085, 'epoch': 0.9}
  9%|▉         | 90/1000 [00:33<04:54,  3.09it/s]  9%|▉         | 91/1000 [00:33<04:53,  3.10it/s]  9%|▉         | 92/1000 [00:34<04:56,  3.06it/s]  9%|▉         | 93/1000 [00:34<05:01,  3.00it/s]  9%|▉         | 94/1000 [00:34<04:54,  3.07it/s] 10%|▉         | 95/1000 [00:35<04:58,  3.04it/s] 10%|▉         | 96/1000 [00:35<04:57,  3.04it/s] 10%|▉         | 97/1000 [00:35<04:53,  3.08it/s] 10%|▉         | 98/1000 [00:36<04:54,  3.06it/s] 10%|▉         | 99/1000 [00:36<04:58,  3.02it/s] 10%|█         | 100/1000 [00:36<05:04,  2.96it/s]                                                  {'loss': 1.0386, 'grad_norm': 1.0183968544006348, 'learning_rate': 1.802e-05, 'entropy': 0.98984375, 'num_tokens': 332170.0, 'mean_token_accuracy': 0.7398239016532898, 'epoch': 1.0}
 10%|█         | 100/1000 [00:36<05:04,  2.96it/s] 10%|█         | 101/1000 [00:37<04:35,  3.26it/s] 10%|█         | 102/1000 [00:37<04:16,  3.50it/s] 10%|█         | 103/1000 [00:37<04:13,  3.53it/s] 10%|█         | 104/1000 [00:37<04:12,  3.56it/s] 10%|█         | 105/1000 [00:38<04:22,  3.40it/s] 11%|█         | 106/1000 [00:38<04:20,  3.43it/s] 11%|█         | 107/1000 [00:38<04:05,  3.64it/s] 11%|█         | 108/1000 [00:39<04:20,  3.43it/s] 11%|█         | 109/1000 [00:39<04:20,  3.42it/s] 11%|█         | 110/1000 [00:39<04:30,  3.29it/s]                                                  {'loss': 0.5796, 'grad_norm': 1.137648582458496, 'learning_rate': 1.7820000000000002e-05, 'entropy': 0.6419921875, 'num_tokens': 366103.0, 'mean_token_accuracy': 0.843493640422821, 'epoch': 1.1}
 11%|█         | 110/1000 [00:39<04:30,  3.29it/s] 11%|█         | 111/1000 [00:40<04:36,  3.21it/s] 11%|█         | 112/1000 [00:40<04:28,  3.30it/s] 11%|█▏        | 113/1000 [00:40<04:42,  3.14it/s] 11%|█▏        | 114/1000 [00:40<04:31,  3.27it/s] 12%|█▏        | 115/1000 [00:41<04:37,  3.19it/s] 12%|█▏        | 116/1000 [00:41<04:28,  3.29it/s] 12%|█▏        | 117/1000 [00:41<04:32,  3.25it/s] 12%|█▏        | 118/1000 [00:42<04:27,  3.29it/s] 12%|█▏        | 119/1000 [00:42<04:37,  3.18it/s] 12%|█▏        | 120/1000 [00:42<04:40,  3.14it/s]                                                  {'loss': 0.5294, 'grad_norm': 0.9718995094299316, 'learning_rate': 1.762e-05, 'entropy': 0.538671875, 'num_tokens': 399611.0, 'mean_token_accuracy': 0.8511916160583496, 'epoch': 1.2}
 12%|█▏        | 120/1000 [00:42<04:40,  3.14it/s] 12%|█▏        | 121/1000 [00:43<04:28,  3.27it/s] 12%|█▏        | 122/1000 [00:43<04:37,  3.16it/s] 12%|█▏        | 123/1000 [00:43<04:43,  3.10it/s] 12%|█▏        | 124/1000 [00:44<04:33,  3.21it/s] 12%|█▎        | 125/1000 [00:44<04:41,  3.11it/s] 13%|█▎        | 126/1000 [00:45<05:43,  2.54it/s] 13%|█▎        | 127/1000 [00:45<05:21,  2.72it/s] 13%|█▎        | 128/1000 [00:45<05:00,  2.91it/s] 13%|█▎        | 129/1000 [00:46<05:55,  2.45it/s] 13%|█▎        | 130/1000 [00:46<05:35,  2.60it/s]                                                  {'loss': 0.5374, 'grad_norm': 0.9382236003875732, 'learning_rate': 1.7420000000000003e-05, 'entropy': 0.56796875, 'num_tokens': 433049.0, 'mean_token_accuracy': 0.849506676197052, 'epoch': 1.3}
 13%|█▎        | 130/1000 [00:46<05:35,  2.60it/s] 13%|█▎        | 131/1000 [00:46<05:09,  2.80it/s] 13%|█▎        | 132/1000 [00:47<05:02,  2.87it/s] 13%|█▎        | 133/1000 [00:47<04:45,  3.04it/s] 13%|█▎        | 134/1000 [00:47<04:31,  3.19it/s] 14%|█▎        | 135/1000 [00:47<04:23,  3.29it/s] 14%|█▎        | 136/1000 [00:48<04:29,  3.21it/s] 14%|█▎        | 137/1000 [00:48<04:38,  3.09it/s] 14%|█▍        | 138/1000 [00:48<04:41,  3.06it/s] 14%|█▍        | 139/1000 [00:49<04:41,  3.05it/s] 14%|█▍        | 140/1000 [00:49<04:40,  3.06it/s]                                                  {'loss': 0.5459, 'grad_norm': 0.9685186147689819, 'learning_rate': 1.722e-05, 'entropy': 0.55859375, 'num_tokens': 464570.0, 'mean_token_accuracy': 0.8473763525485992, 'epoch': 1.4}
 14%|█▍        | 140/1000 [00:49<04:40,  3.06it/s] 14%|█▍        | 141/1000 [00:49<04:45,  3.01it/s] 14%|█▍        | 142/1000 [00:50<04:43,  3.02it/s] 14%|█▍        | 143/1000 [00:50<04:30,  3.17it/s] 14%|█▍        | 144/1000 [00:50<04:32,  3.14it/s] 14%|█▍        | 145/1000 [00:51<04:35,  3.11it/s] 15%|█▍        | 146/1000 [00:51<04:38,  3.07it/s] 15%|█▍        | 147/1000 [00:51<04:41,  3.03it/s] 15%|█▍        | 148/1000 [00:52<04:31,  3.13it/s] 15%|█▍        | 149/1000 [00:52<04:24,  3.22it/s] 15%|█▌        | 150/1000 [00:52<04:46,  2.97it/s]                                                  {'loss': 0.5774, 'grad_norm': 1.0683995485305786, 'learning_rate': 1.702e-05, 'entropy': 0.577734375, 'num_tokens': 498908.0, 'mean_token_accuracy': 0.8400428056716919, 'epoch': 1.5}
 15%|█▌        | 150/1000 [00:52<04:46,  2.97it/s] 15%|█▌        | 151/1000 [00:53<04:32,  3.12it/s] 15%|█▌        | 152/1000 [00:53<04:23,  3.22it/s] 15%|█▌        | 153/1000 [00:53<04:05,  3.45it/s] 15%|█▌        | 154/1000 [00:53<04:05,  3.45it/s] 16%|█▌        | 155/1000 [00:54<04:11,  3.36it/s] 16%|█▌        | 156/1000 [00:54<04:20,  3.24it/s] 16%|█▌        | 157/1000 [00:54<04:23,  3.20it/s] 16%|█▌        | 158/1000 [00:55<04:25,  3.17it/s] 16%|█▌        | 159/1000 [00:55<04:25,  3.17it/s] 16%|█▌        | 160/1000 [00:55<04:21,  3.21it/s]                                                  {'loss': 0.5576, 'grad_norm': 0.9968785643577576, 'learning_rate': 1.682e-05, 'entropy': 0.583203125, 'num_tokens': 531914.0, 'mean_token_accuracy': 0.8468090891838074, 'epoch': 1.6}
 16%|█▌        | 160/1000 [00:55<04:21,  3.21it/s] 16%|█▌        | 161/1000 [00:56<04:25,  3.15it/s] 16%|█▌        | 162/1000 [00:56<04:18,  3.24it/s] 16%|█▋        | 163/1000 [00:56<04:23,  3.18it/s] 16%|█▋        | 164/1000 [00:57<04:21,  3.20it/s] 16%|█▋        | 165/1000 [00:57<04:21,  3.19it/s] 17%|█▋        | 166/1000 [00:57<04:31,  3.07it/s] 17%|█▋        | 167/1000 [00:58<04:37,  3.00it/s] 17%|█▋        | 168/1000 [00:58<04:14,  3.27it/s] 17%|█▋        | 169/1000 [00:58<04:24,  3.15it/s] 17%|█▋        | 170/1000 [00:59<04:30,  3.07it/s]                                                  {'loss': 0.5238, 'grad_norm': 1.0789861679077148, 'learning_rate': 1.662e-05, 'entropy': 0.521875, 'num_tokens': 564962.0, 'mean_token_accuracy': 0.8510012030601501, 'epoch': 1.7}
 17%|█▋        | 170/1000 [00:59<04:30,  3.07it/s] 17%|█▋        | 171/1000 [00:59<04:17,  3.21it/s] 17%|█▋        | 172/1000 [00:59<03:57,  3.49it/s] 17%|█▋        | 173/1000 [00:59<03:57,  3.48it/s] 17%|█▋        | 174/1000 [01:00<03:57,  3.48it/s] 18%|█▊        | 175/1000 [01:00<03:56,  3.48it/s] 18%|█▊        | 176/1000 [01:00<04:05,  3.36it/s] 18%|█▊        | 177/1000 [01:01<04:00,  3.42it/s] 18%|█▊        | 178/1000 [01:01<04:11,  3.27it/s] 18%|█▊        | 179/1000 [01:01<04:03,  3.37it/s] 18%|█▊        | 180/1000 [01:01<03:57,  3.45it/s]                                                  {'loss': 0.5532, 'grad_norm': 0.8348821401596069, 'learning_rate': 1.6420000000000002e-05, 'entropy': 0.5771484375, 'num_tokens': 598829.0, 'mean_token_accuracy': 0.8461607038974762, 'epoch': 1.8}
 18%|█▊        | 180/1000 [01:01<03:57,  3.45it/s] 18%|█▊        | 181/1000 [01:02<04:00,  3.40it/s] 18%|█▊        | 182/1000 [01:02<04:00,  3.41it/s] 18%|█▊        | 183/1000 [01:02<04:09,  3.27it/s] 18%|█▊        | 184/1000 [01:03<04:11,  3.25it/s] 18%|█▊        | 185/1000 [01:03<04:03,  3.35it/s] 19%|█▊        | 186/1000 [01:03<03:56,  3.44it/s] 19%|█▊        | 187/1000 [01:04<03:56,  3.44it/s] 19%|█▉        | 188/1000 [01:04<04:05,  3.31it/s] 19%|█▉        | 189/1000 [01:04<04:01,  3.36it/s] 19%|█▉        | 190/1000 [01:04<04:07,  3.27it/s]                                                  {'loss': 0.5398, 'grad_norm': 0.96680748462677, 'learning_rate': 1.6220000000000004e-05, 'entropy': 0.5521484375, 'num_tokens': 631448.0, 'mean_token_accuracy': 0.8480245769023895, 'epoch': 1.9}
 19%|█▉        | 190/1000 [01:05<04:07,  3.27it/s] 19%|█▉        | 191/1000 [01:05<04:10,  3.23it/s] 19%|█▉        | 192/1000 [01:05<04:04,  3.31it/s] 19%|█▉        | 193/1000 [01:05<03:59,  3.37it/s] 19%|█▉        | 194/1000 [01:06<04:02,  3.33it/s] 20%|█▉        | 195/1000 [01:06<04:07,  3.25it/s] 20%|█▉        | 196/1000 [01:06<04:01,  3.33it/s] 20%|█▉        | 197/1000 [01:07<04:11,  3.19it/s] 20%|█▉        | 198/1000 [01:07<03:52,  3.45it/s] 20%|█▉        | 199/1000 [01:07<03:47,  3.53it/s] 20%|██        | 200/1000 [01:07<03:55,  3.39it/s]                                                  {'loss': 0.532, 'grad_norm': 0.9405077695846558, 'learning_rate': 1.6020000000000002e-05, 'entropy': 0.5400390625, 'num_tokens': 664340.0, 'mean_token_accuracy': 0.8522160232067109, 'epoch': 2.0}
 20%|██        | 200/1000 [01:07<03:55,  3.39it/s] 20%|██        | 201/1000 [01:08<03:43,  3.58it/s] 20%|██        | 202/1000 [01:08<03:31,  3.77it/s] 20%|██        | 203/1000 [01:08<03:45,  3.53it/s] 20%|██        | 204/1000 [01:09<03:34,  3.71it/s] 20%|██        | 205/1000 [01:09<03:49,  3.46it/s] 21%|██        | 206/1000 [01:09<03:46,  3.51it/s] 21%|██        | 207/1000 [01:09<03:44,  3.53it/s] 21%|██        | 208/1000 [01:10<03:42,  3.56it/s] 21%|██        | 209/1000 [01:10<03:43,  3.55it/s] 21%|██        | 210/1000 [01:10<03:29,  3.77it/s]                                                  {'loss': 0.2595, 'grad_norm': 0.9624391794204712, 'learning_rate': 1.582e-05, 'entropy': 0.3271484375, 'num_tokens': 699709.0, 'mean_token_accuracy': 0.929199856519699, 'epoch': 2.1}
 21%|██        | 210/1000 [01:10<03:29,  3.77it/s] 21%|██        | 211/1000 [01:10<03:31,  3.73it/s] 21%|██        | 212/1000 [01:11<03:22,  3.89it/s] 21%|██▏       | 213/1000 [01:11<03:28,  3.77it/s] 21%|██▏       | 214/1000 [01:11<03:45,  3.48it/s] 22%|██▏       | 215/1000 [01:12<03:43,  3.51it/s] 22%|██▏       | 216/1000 [01:12<03:45,  3.48it/s] 22%|██▏       | 217/1000 [01:12<03:31,  3.70it/s] 22%|██▏       | 218/1000 [01:12<03:22,  3.87it/s] 22%|██▏       | 219/1000 [01:13<03:38,  3.58it/s] 22%|██▏       | 220/1000 [01:13<03:36,  3.60it/s]                                                  {'loss': 0.2675, 'grad_norm': 0.7402935028076172, 'learning_rate': 1.5620000000000003e-05, 'entropy': 0.290234375, 'num_tokens': 730609.0, 'mean_token_accuracy': 0.9266897022724152, 'epoch': 2.2}
 22%|██▏       | 220/1000 [01:13<03:36,  3.60it/s] 22%|██▏       | 221/1000 [01:13<03:37,  3.59it/s] 22%|██▏       | 222/1000 [01:13<03:35,  3.61it/s] 22%|██▏       | 223/1000 [01:14<03:46,  3.43it/s] 22%|██▏       | 224/1000 [01:14<03:52,  3.33it/s] 22%|██▎       | 225/1000 [01:14<03:48,  3.40it/s] 23%|██▎       | 226/1000 [01:15<03:56,  3.27it/s] 23%|██▎       | 227/1000 [01:15<03:38,  3.53it/s] 23%|██▎       | 228/1000 [01:15<03:36,  3.56it/s] 23%|██▎       | 229/1000 [01:16<03:35,  3.57it/s] 23%|██▎       | 230/1000 [01:16<03:43,  3.45it/s]                                                  {'loss': 0.2623, 'grad_norm': 0.8550989627838135, 'learning_rate': 1.542e-05, 'entropy': 0.30234375, 'num_tokens': 763891.0, 'mean_token_accuracy': 0.9301201581954956, 'epoch': 2.3}
 23%|██▎       | 230/1000 [01:16<03:43,  3.45it/s] 23%|██▎       | 231/1000 [01:16<03:42,  3.45it/s] 23%|██▎       | 232/1000 [01:16<03:40,  3.48it/s] 23%|██▎       | 233/1000 [01:17<03:39,  3.49it/s] 23%|██▎       | 234/1000 [01:17<03:28,  3.67it/s] 24%|██▎       | 235/1000 [01:17<03:38,  3.50it/s] 24%|██▎       | 236/1000 [01:18<03:35,  3.54it/s] 24%|██▎       | 237/1000 [01:18<03:33,  3.57it/s] 24%|██▍       | 238/1000 [01:18<03:44,  3.39it/s] 24%|██▍       | 239/1000 [01:18<03:42,  3.42it/s] 24%|██▍       | 240/1000 [01:19<03:43,  3.41it/s]                                                  {'loss': 0.2651, 'grad_norm': 0.8486737012863159, 'learning_rate': 1.5220000000000002e-05, 'entropy': 0.3037109375, 'num_tokens': 796694.0, 'mean_token_accuracy': 0.9269848346710206, 'epoch': 2.4}
 24%|██▍       | 240/1000 [01:19<03:43,  3.41it/s] 24%|██▍       | 241/1000 [01:19<03:40,  3.44it/s] 24%|██▍       | 242/1000 [01:19<03:39,  3.46it/s] 24%|██▍       | 243/1000 [01:20<03:36,  3.49it/s] 24%|██▍       | 244/1000 [01:20<03:27,  3.64it/s] 24%|██▍       | 245/1000 [01:20<03:28,  3.62it/s] 25%|██▍       | 246/1000 [01:20<03:28,  3.62it/s] 25%|██▍       | 247/1000 [01:21<03:18,  3.79it/s] 25%|██▍       | 248/1000 [01:21<03:34,  3.50it/s] 25%|██▍       | 249/1000 [01:21<03:43,  3.37it/s] 25%|██▌       | 250/1000 [01:22<03:49,  3.27it/s]                                                  {'loss': 0.2547, 'grad_norm': 0.8461800217628479, 'learning_rate': 1.5020000000000002e-05, 'entropy': 0.2896484375, 'num_tokens': 830324.0, 'mean_token_accuracy': 0.9298306286334992, 'epoch': 2.5}
 25%|██▌       | 250/1000 [01:22<03:49,  3.27it/s] 25%|██▌       | 251/1000 [01:22<03:35,  3.47it/s] 25%|██▌       | 252/1000 [01:22<03:34,  3.48it/s] 25%|██▌       | 253/1000 [01:22<03:31,  3.53it/s] 25%|██▌       | 254/1000 [01:23<03:40,  3.39it/s] 26%|██▌       | 255/1000 [01:23<03:28,  3.58it/s] 26%|██▌       | 256/1000 [01:23<03:37,  3.42it/s] 26%|██▌       | 257/1000 [01:24<03:24,  3.64it/s] 26%|██▌       | 258/1000 [01:24<03:18,  3.75it/s] 26%|██▌       | 259/1000 [01:24<03:10,  3.89it/s] 26%|██▌       | 260/1000 [01:24<03:03,  4.03it/s]                                                  {'loss': 0.2721, 'grad_norm': 0.7687777280807495, 'learning_rate': 1.482e-05, 'entropy': 0.3044921875, 'num_tokens': 865002.0, 'mean_token_accuracy': 0.9249134063720703, 'epoch': 2.6}
 26%|██▌       | 260/1000 [01:24<03:03,  4.03it/s] 26%|██▌       | 261/1000 [01:25<03:14,  3.80it/s] 26%|██▌       | 262/1000 [01:25<03:30,  3.50it/s] 26%|██▋       | 263/1000 [01:25<03:20,  3.67it/s] 26%|██▋       | 264/1000 [01:25<03:21,  3.66it/s] 26%|██▋       | 265/1000 [01:26<03:20,  3.66it/s] 27%|██▋       | 266/1000 [01:26<03:11,  3.84it/s] 27%|██▋       | 267/1000 [01:26<03:13,  3.78it/s] 27%|██▋       | 268/1000 [01:26<03:27,  3.52it/s] 27%|██▋       | 269/1000 [01:27<03:16,  3.71it/s] 27%|██▋       | 270/1000 [01:27<03:17,  3.70it/s]                                                  {'loss': 0.2874, 'grad_norm': 0.8610822558403015, 'learning_rate': 1.462e-05, 'entropy': 0.3244140625, 'num_tokens': 897186.0, 'mean_token_accuracy': 0.9240389049053193, 'epoch': 2.7}
 27%|██▋       | 270/1000 [01:27<03:17,  3.70it/s] 27%|██▋       | 271/1000 [01:27<03:09,  3.85it/s] 27%|██▋       | 272/1000 [01:28<03:14,  3.75it/s] 27%|██▋       | 273/1000 [01:28<03:05,  3.92it/s] 27%|██▋       | 274/1000 [01:28<03:00,  4.02it/s] 28%|██▊       | 275/1000 [01:28<03:06,  3.89it/s] 28%|██▊       | 276/1000 [01:29<03:10,  3.81it/s] 28%|██▊       | 277/1000 [01:29<03:11,  3.77it/s] 28%|██▊       | 278/1000 [01:29<03:13,  3.73it/s] 28%|██▊       | 279/1000 [01:29<03:13,  3.73it/s] 28%|██▊       | 280/1000 [01:30<03:15,  3.68it/s]                                                  {'loss': 0.2774, 'grad_norm': 0.8354001641273499, 'learning_rate': 1.4420000000000001e-05, 'entropy': 0.304296875, 'num_tokens': 930327.0, 'mean_token_accuracy': 0.9243468761444091, 'epoch': 2.8}
 28%|██▊       | 280/1000 [01:30<03:15,  3.68it/s] 28%|██▊       | 281/1000 [01:30<03:26,  3.48it/s] 28%|██▊       | 282/1000 [01:30<03:13,  3.70it/s] 28%|██▊       | 283/1000 [01:30<03:14,  3.69it/s] 28%|██▊       | 284/1000 [01:31<03:25,  3.49it/s] 28%|██▊       | 285/1000 [01:31<03:25,  3.48it/s] 29%|██▊       | 286/1000 [01:31<03:27,  3.44it/s] 29%|██▊       | 287/1000 [01:32<03:34,  3.32it/s] 29%|██▉       | 288/1000 [01:32<03:31,  3.37it/s] 29%|██▉       | 289/1000 [01:32<03:26,  3.45it/s] 29%|██▉       | 290/1000 [01:32<03:15,  3.63it/s]                                                  {'loss': 0.2745, 'grad_norm': 0.8640041947364807, 'learning_rate': 1.4220000000000001e-05, 'entropy': 0.3146484375, 'num_tokens': 964165.0, 'mean_token_accuracy': 0.9251284241676331, 'epoch': 2.9}
 29%|██▉       | 290/1000 [01:33<03:15,  3.63it/s] 29%|██▉       | 291/1000 [01:33<03:20,  3.54it/s] 29%|██▉       | 292/1000 [01:33<03:10,  3.72it/s] 29%|██▉       | 293/1000 [01:33<03:01,  3.90it/s] 29%|██▉       | 294/1000 [01:34<03:06,  3.78it/s] 30%|██▉       | 295/1000 [01:34<03:20,  3.51it/s] 30%|██▉       | 296/1000 [01:34<03:20,  3.51it/s] 30%|██▉       | 297/1000 [01:34<03:19,  3.52it/s] 30%|██▉       | 298/1000 [01:35<03:07,  3.74it/s] 30%|██▉       | 299/1000 [01:35<03:12,  3.64it/s] 30%|███       | 300/1000 [01:35<03:14,  3.60it/s]                                                  {'loss': 0.2872, 'grad_norm': 0.8634327054023743, 'learning_rate': 1.402e-05, 'entropy': 0.3115234375, 'num_tokens': 996510.0, 'mean_token_accuracy': 0.9212180376052856, 'epoch': 3.0}
 30%|███       | 300/1000 [01:35<03:14,  3.60it/s] 30%|███       | 301/1000 [01:36<03:22,  3.45it/s] 30%|███       | 302/1000 [01:36<03:09,  3.69it/s] 30%|███       | 303/1000 [01:36<03:00,  3.86it/s] 30%|███       | 304/1000 [01:36<03:14,  3.59it/s] 30%|███       | 305/1000 [01:37<03:16,  3.54it/s] 31%|███       | 306/1000 [01:37<03:14,  3.57it/s] 31%|███       | 307/1000 [01:37<03:04,  3.76it/s] 31%|███       | 308/1000 [01:37<02:57,  3.89it/s] 31%|███       | 309/1000 [01:38<03:00,  3.83it/s] 31%|███       | 310/1000 [01:38<02:53,  3.98it/s]                                                  {'loss': 0.1697, 'grad_norm': 0.6862399578094482, 'learning_rate': 1.382e-05, 'entropy': 0.20361328125, 'num_tokens': 1029296.0, 'mean_token_accuracy': 0.9574706077575683, 'epoch': 3.1}
 31%|███       | 310/1000 [01:38<02:53,  3.98it/s] 31%|███       | 311/1000 [01:38<03:00,  3.82it/s] 31%|███       | 312/1000 [01:38<02:54,  3.95it/s] 31%|███▏      | 313/1000 [01:39<03:00,  3.81it/s] 31%|███▏      | 314/1000 [01:39<03:02,  3.76it/s] 32%|███▏      | 315/1000 [01:39<02:54,  3.92it/s] 32%|███▏      | 316/1000 [01:39<03:02,  3.76it/s] 32%|███▏      | 317/1000 [01:40<03:08,  3.62it/s] 32%|███▏      | 318/1000 [01:40<03:08,  3.63it/s] 32%|███▏      | 319/1000 [01:40<02:57,  3.83it/s] 32%|███▏      | 320/1000 [01:41<02:52,  3.94it/s]                                                  {'loss': 0.1815, 'grad_norm': 0.6774722933769226, 'learning_rate': 1.3620000000000002e-05, 'entropy': 0.18935546875, 'num_tokens': 1062273.0, 'mean_token_accuracy': 0.9516780376434326, 'epoch': 3.2}
 32%|███▏      | 320/1000 [01:41<02:52,  3.94it/s] 32%|███▏      | 321/1000 [01:41<02:47,  4.06it/s] 32%|███▏      | 322/1000 [01:41<02:45,  4.11it/s] 32%|███▏      | 323/1000 [01:41<03:01,  3.74it/s] 32%|███▏      | 324/1000 [01:42<03:03,  3.68it/s] 32%|███▎      | 325/1000 [01:42<03:04,  3.66it/s] 33%|███▎      | 326/1000 [01:42<03:04,  3.66it/s] 33%|███▎      | 327/1000 [01:42<02:55,  3.83it/s] 33%|███▎      | 328/1000 [01:43<02:57,  3.79it/s] 33%|███▎      | 329/1000 [01:43<02:52,  3.89it/s] 33%|███▎      | 330/1000 [01:43<02:55,  3.82it/s]                                                  {'loss': 0.1586, 'grad_norm': 0.5945448279380798, 'learning_rate': 1.3420000000000002e-05, 'entropy': 0.199609375, 'num_tokens': 1096147.0, 'mean_token_accuracy': 0.9584186375141144, 'epoch': 3.3}
 33%|███▎      | 330/1000 [01:43<02:55,  3.82it/s] 33%|███▎      | 331/1000 [01:43<03:04,  3.62it/s] 33%|███▎      | 332/1000 [01:44<02:57,  3.77it/s] 33%|███▎      | 333/1000 [01:44<03:06,  3.57it/s] 33%|███▎      | 334/1000 [01:44<03:24,  3.26it/s] 34%|███▎      | 335/1000 [01:45<03:11,  3.48it/s] 34%|███▎      | 336/1000 [01:45<03:09,  3.50it/s] 34%|███▎      | 337/1000 [01:45<03:16,  3.38it/s] 34%|███▍      | 338/1000 [01:46<03:11,  3.46it/s] 34%|███▍      | 339/1000 [01:46<03:03,  3.59it/s] 34%|███▍      | 340/1000 [01:46<02:53,  3.80it/s]                                                  {'loss': 0.1743, 'grad_norm': 0.5900687575340271, 'learning_rate': 1.3220000000000002e-05, 'entropy': 0.1927734375, 'num_tokens': 1130570.0, 'mean_token_accuracy': 0.9548385977745056, 'epoch': 3.4}
 34%|███▍      | 340/1000 [01:46<02:53,  3.80it/s] 34%|███▍      | 341/1000 [01:46<02:58,  3.68it/s] 34%|███▍      | 342/1000 [01:47<02:51,  3.84it/s] 34%|███▍      | 343/1000 [01:47<02:46,  3.95it/s] 34%|███▍      | 344/1000 [01:47<02:52,  3.80it/s] 34%|███▍      | 345/1000 [01:47<02:47,  3.90it/s] 35%|███▍      | 346/1000 [01:48<02:51,  3.80it/s] 35%|███▍      | 347/1000 [01:48<02:44,  3.97it/s] 35%|███▍      | 348/1000 [01:48<02:41,  4.04it/s] 35%|███▍      | 349/1000 [01:48<02:48,  3.86it/s] 35%|███▌      | 350/1000 [01:49<02:51,  3.78it/s]                                                  {'loss': 0.1812, 'grad_norm': 0.6914513111114502, 'learning_rate': 1.302e-05, 'entropy': 0.1998046875, 'num_tokens': 1162614.0, 'mean_token_accuracy': 0.95279101729393, 'epoch': 3.5}
 35%|███▌      | 350/1000 [01:49<02:51,  3.78it/s] 35%|███▌      | 351/1000 [01:49<02:48,  3.86it/s] 35%|███▌      | 352/1000 [01:49<02:51,  3.79it/s] 35%|███▌      | 353/1000 [01:49<02:55,  3.69it/s] 35%|███▌      | 354/1000 [01:50<02:47,  3.86it/s] 36%|███▌      | 355/1000 [01:50<02:55,  3.68it/s] 36%|███▌      | 356/1000 [01:50<02:55,  3.66it/s] 36%|███▌      | 357/1000 [01:50<02:55,  3.67it/s] 36%|███▌      | 358/1000 [01:51<03:18,  3.24it/s] 36%|███▌      | 359/1000 [01:51<03:02,  3.51it/s] 36%|███▌      | 360/1000 [01:51<02:52,  3.70it/s]                                                  {'loss': 0.1734, 'grad_norm': 0.5133728384971619, 'learning_rate': 1.2820000000000001e-05, 'entropy': 0.19560546875, 'num_tokens': 1196787.0, 'mean_token_accuracy': 0.954522168636322, 'epoch': 3.6}
 36%|███▌      | 360/1000 [01:51<02:52,  3.70it/s] 36%|███▌      | 361/1000 [01:52<02:58,  3.58it/s] 36%|███▌      | 362/1000 [01:52<02:57,  3.60it/s] 36%|███▋      | 363/1000 [01:52<02:49,  3.77it/s] 36%|███▋      | 364/1000 [01:52<02:52,  3.68it/s] 36%|███▋      | 365/1000 [01:53<02:53,  3.66it/s] 37%|███▋      | 366/1000 [01:53<02:44,  3.85it/s] 37%|███▋      | 367/1000 [01:53<02:56,  3.59it/s] 37%|███▋      | 368/1000 [01:54<02:55,  3.61it/s] 37%|███▋      | 369/1000 [01:54<02:45,  3.81it/s] 37%|███▋      | 370/1000 [01:54<02:49,  3.72it/s]                                                  {'loss': 0.1724, 'grad_norm': 0.6639896631240845, 'learning_rate': 1.2620000000000001e-05, 'entropy': 0.198828125, 'num_tokens': 1229448.0, 'mean_token_accuracy': 0.955314040184021, 'epoch': 3.7}
 37%|███▋      | 370/1000 [01:54<02:49,  3.72it/s] 37%|███▋      | 371/1000 [01:54<02:43,  3.85it/s] 37%|███▋      | 372/1000 [01:55<02:54,  3.60it/s] 37%|███▋      | 373/1000 [01:55<02:53,  3.61it/s] 37%|███▋      | 374/1000 [01:55<02:44,  3.81it/s] 38%|███▊      | 375/1000 [01:55<02:54,  3.59it/s] 38%|███▊      | 376/1000 [01:56<02:55,  3.56it/s] 38%|███▊      | 377/1000 [01:56<02:53,  3.59it/s] 38%|███▊      | 378/1000 [01:56<02:43,  3.80it/s] 38%|███▊      | 379/1000 [01:56<02:44,  3.77it/s] 38%|███▊      | 380/1000 [01:57<02:49,  3.67it/s]                                                  {'loss': 0.1715, 'grad_norm': 0.6207415461540222, 'learning_rate': 1.2420000000000001e-05, 'entropy': 0.1896484375, 'num_tokens': 1264880.0, 'mean_token_accuracy': 0.9554457545280457, 'epoch': 3.8}
 38%|███▊      | 380/1000 [01:57<02:49,  3.67it/s] 38%|███▊      | 381/1000 [01:57<02:52,  3.59it/s] 38%|███▊      | 382/1000 [01:57<03:02,  3.38it/s] 38%|███▊      | 383/1000 [01:58<03:07,  3.30it/s] 38%|███▊      | 384/1000 [01:58<03:01,  3.40it/s] 38%|███▊      | 385/1000 [01:58<02:48,  3.66it/s] 39%|███▊      | 386/1000 [01:58<02:47,  3.66it/s] 39%|███▊      | 387/1000 [01:59<02:46,  3.68it/s] 39%|███▉      | 388/1000 [01:59<02:38,  3.86it/s] 39%|███▉      | 389/1000 [01:59<02:32,  3.99it/s] 39%|███▉      | 390/1000 [01:59<02:29,  4.09it/s]                                                  {'loss': 0.1768, 'grad_norm': 0.6425130367279053, 'learning_rate': 1.2220000000000002e-05, 'entropy': 0.1970703125, 'num_tokens': 1296914.0, 'mean_token_accuracy': 0.9535594820976258, 'epoch': 3.9}
 39%|███▉      | 390/1000 [01:59<02:29,  4.09it/s] 39%|███▉      | 391/1000 [02:00<02:34,  3.95it/s] 39%|███▉      | 392/1000 [02:00<02:42,  3.74it/s] 39%|███▉      | 393/1000 [02:00<02:37,  3.84it/s] 39%|███▉      | 394/1000 [02:00<02:31,  3.99it/s] 40%|███▉      | 395/1000 [02:01<02:35,  3.88it/s] 40%|███▉      | 396/1000 [02:01<02:40,  3.76it/s] 40%|███▉      | 397/1000 [02:01<02:33,  3.93it/s] 40%|███▉      | 398/1000 [02:02<02:29,  4.02it/s] 40%|███▉      | 399/1000 [02:02<02:39,  3.77it/s] 40%|████      | 400/1000 [02:02<02:34,  3.89it/s]                                                  {'loss': 0.1771, 'grad_norm': 0.6613668203353882, 'learning_rate': 1.202e-05, 'entropy': 0.2013671875, 'num_tokens': 1328680.0, 'mean_token_accuracy': 0.953223592042923, 'epoch': 4.0}
 40%|████      | 400/1000 [02:02<02:34,  3.89it/s] 40%|████      | 401/1000 [02:02<02:41,  3.70it/s] 40%|████      | 402/1000 [02:03<02:36,  3.82it/s] 40%|████      | 403/1000 [02:03<02:38,  3.76it/s] 40%|████      | 404/1000 [02:03<02:40,  3.71it/s] 40%|████      | 405/1000 [02:03<02:41,  3.69it/s] 41%|████      | 406/1000 [02:04<02:47,  3.55it/s] 41%|████      | 407/1000 [02:04<02:48,  3.51it/s] 41%|████      | 408/1000 [02:04<02:49,  3.49it/s] 41%|████      | 409/1000 [02:05<02:48,  3.50it/s] 41%|████      | 410/1000 [02:05<02:38,  3.72it/s]                                                  {'loss': 0.1225, 'grad_norm': 0.4957750141620636, 'learning_rate': 1.182e-05, 'entropy': 0.146630859375, 'num_tokens': 1363054.0, 'mean_token_accuracy': 0.9686193883419036, 'epoch': 4.1}
 41%|████      | 410/1000 [02:05<02:38,  3.72it/s] 41%|████      | 411/1000 [02:05<02:31,  3.89it/s] 41%|████      | 412/1000 [02:05<02:25,  4.03it/s] 41%|████▏     | 413/1000 [02:06<02:39,  3.68it/s] 41%|████▏     | 414/1000 [02:06<02:32,  3.84it/s] 42%|████▏     | 415/1000 [02:06<02:34,  3.79it/s] 42%|████▏     | 416/1000 [02:06<02:29,  3.91it/s] 42%|████▏     | 417/1000 [02:07<02:25,  4.02it/s] 42%|████▏     | 418/1000 [02:07<02:22,  4.10it/s] 42%|████▏     | 419/1000 [02:07<02:26,  3.95it/s] 42%|████▏     | 420/1000 [02:07<02:24,  4.01it/s]                                                  {'loss': 0.1355, 'grad_norm': 0.43005678057670593, 'learning_rate': 1.162e-05, 'entropy': 0.135498046875, 'num_tokens': 1396341.0, 'mean_token_accuracy': 0.9649031460285187, 'epoch': 4.2}
 42%|████▏     | 420/1000 [02:07<02:24,  4.01it/s] 42%|████▏     | 421/1000 [02:08<02:24,  4.02it/s] 42%|████▏     | 422/1000 [02:08<02:28,  3.90it/s] 42%|████▏     | 423/1000 [02:08<02:24,  4.00it/s] 42%|████▏     | 424/1000 [02:09<02:55,  3.28it/s] 42%|████▎     | 425/1000 [02:09<02:44,  3.50it/s] 43%|████▎     | 426/1000 [02:09<02:34,  3.72it/s] 43%|████▎     | 427/1000 [02:09<02:36,  3.66it/s] 43%|████▎     | 428/1000 [02:10<02:31,  3.77it/s] 43%|████▎     | 429/1000 [02:10<02:29,  3.81it/s] 43%|████▎     | 430/1000 [02:10<02:34,  3.68it/s]                                                  {'loss': 0.1251, 'grad_norm': 0.4669402241706848, 'learning_rate': 1.142e-05, 'entropy': 0.1451171875, 'num_tokens': 1430481.0, 'mean_token_accuracy': 0.9671171844005585, 'epoch': 4.3}
 43%|████▎     | 430/1000 [02:10<02:34,  3.68it/s] 43%|████▎     | 431/1000 [02:10<02:44,  3.46it/s] 43%|████▎     | 432/1000 [02:11<02:41,  3.51it/s] 43%|████▎     | 433/1000 [02:11<02:43,  3.47it/s] 43%|████▎     | 434/1000 [02:11<02:40,  3.53it/s] 44%|████▎     | 435/1000 [02:12<02:46,  3.39it/s] 44%|████▎     | 436/1000 [02:12<02:42,  3.47it/s] 44%|████▎     | 437/1000 [02:12<02:33,  3.67it/s] 44%|████▍     | 438/1000 [02:12<02:32,  3.68it/s] 44%|████▍     | 439/1000 [02:13<02:27,  3.80it/s] 44%|████▍     | 440/1000 [02:13<02:30,  3.72it/s]                                                  {'loss': 0.1274, 'grad_norm': 0.5904461145401001, 'learning_rate': 1.1220000000000003e-05, 'entropy': 0.138232421875, 'num_tokens': 1464218.0, 'mean_token_accuracy': 0.9666636109352111, 'epoch': 4.4}
 44%|████▍     | 440/1000 [02:13<02:30,  3.72it/s] 44%|████▍     | 441/1000 [02:13<02:24,  3.87it/s] 44%|████▍     | 442/1000 [02:13<02:26,  3.80it/s] 44%|████▍     | 443/1000 [02:14<02:27,  3.77it/s] 44%|████▍     | 444/1000 [02:14<02:22,  3.89it/s] 44%|████▍     | 445/1000 [02:14<02:18,  4.00it/s] 45%|████▍     | 446/1000 [02:14<02:22,  3.88it/s] 45%|████▍     | 447/1000 [02:15<02:18,  4.00it/s] 45%|████▍     | 448/1000 [02:15<02:15,  4.09it/s] 45%|████▍     | 449/1000 [02:15<02:13,  4.13it/s] 45%|████▌     | 450/1000 [02:15<02:18,  3.96it/s]                                                  {'loss': 0.1348, 'grad_norm': 0.4301391541957855, 'learning_rate': 1.1020000000000001e-05, 'entropy': 0.1486328125, 'num_tokens': 1497011.0, 'mean_token_accuracy': 0.9646994650363923, 'epoch': 4.5}
 45%|████▌     | 450/1000 [02:15<02:18,  3.96it/s] 45%|████▌     | 451/1000 [02:16<02:23,  3.84it/s] 45%|████▌     | 452/1000 [02:16<02:26,  3.75it/s] 45%|████▌     | 453/1000 [02:16<02:26,  3.73it/s] 45%|████▌     | 454/1000 [02:16<02:20,  3.90it/s] 46%|████▌     | 455/1000 [02:17<02:28,  3.67it/s] 46%|████▌     | 456/1000 [02:17<02:33,  3.55it/s] 46%|████▌     | 457/1000 [02:17<02:24,  3.75it/s] 46%|████▌     | 458/1000 [02:18<02:28,  3.65it/s] 46%|████▌     | 459/1000 [02:18<02:35,  3.48it/s] 46%|████▌     | 460/1000 [02:18<02:27,  3.66it/s]                                                  {'loss': 0.1412, 'grad_norm': 0.5159234404563904, 'learning_rate': 1.0820000000000001e-05, 'entropy': 0.15283203125, 'num_tokens': 1529104.0, 'mean_token_accuracy': 0.9633676648139954, 'epoch': 4.6}
 46%|████▌     | 460/1000 [02:18<02:27,  3.66it/s] 46%|████▌     | 461/1000 [02:18<02:27,  3.66it/s] 46%|████▌     | 462/1000 [02:19<02:27,  3.66it/s] 46%|████▋     | 463/1000 [02:19<02:28,  3.62it/s] 46%|████▋     | 464/1000 [02:19<02:28,  3.62it/s] 46%|████▋     | 465/1000 [02:20<02:29,  3.59it/s] 47%|████▋     | 466/1000 [02:20<02:36,  3.41it/s] 47%|████▋     | 467/1000 [02:20<02:25,  3.66it/s] 47%|████▋     | 468/1000 [02:20<02:18,  3.84it/s] 47%|████▋     | 469/1000 [02:21<02:28,  3.57it/s] 47%|████▋     | 470/1000 [02:21<02:28,  3.56it/s]                                                  {'loss': 0.1345, 'grad_norm': 0.4389174282550812, 'learning_rate': 1.0620000000000002e-05, 'entropy': 0.1513671875, 'num_tokens': 1562780.0, 'mean_token_accuracy': 0.9650228381156921, 'epoch': 4.7}
 47%|████▋     | 470/1000 [02:21<02:28,  3.56it/s] 47%|████▋     | 471/1000 [02:21<02:27,  3.59it/s] 47%|████▋     | 472/1000 [02:21<02:19,  3.80it/s] 47%|████▋     | 473/1000 [02:22<02:14,  3.92it/s] 47%|████▋     | 474/1000 [02:22<02:09,  4.05it/s] 48%|████▊     | 475/1000 [02:22<02:06,  4.15it/s] 48%|████▊     | 476/1000 [02:22<02:05,  4.19it/s] 48%|████▊     | 477/1000 [02:23<02:02,  4.26it/s] 48%|████▊     | 478/1000 [02:23<02:03,  4.21it/s] 48%|████▊     | 479/1000 [02:23<02:02,  4.27it/s] 48%|████▊     | 480/1000 [02:23<02:22,  3.65it/s]                                                  {'loss': 0.1387, 'grad_norm': 0.550286054611206, 'learning_rate': 1.0420000000000002e-05, 'entropy': 0.15654296875, 'num_tokens': 1595328.0, 'mean_token_accuracy': 0.9646935999393463, 'epoch': 4.8}
 48%|████▊     | 480/1000 [02:23<02:22,  3.65it/s] 48%|████▊     | 481/1000 [02:24<02:23,  3.61it/s] 48%|████▊     | 482/1000 [02:24<02:17,  3.77it/s] 48%|████▊     | 483/1000 [02:24<02:11,  3.93it/s] 48%|████▊     | 484/1000 [02:24<02:07,  4.04it/s] 48%|████▊     | 485/1000 [02:25<02:04,  4.12it/s] 49%|████▊     | 486/1000 [02:25<02:37,  3.26it/s] 49%|████▊     | 487/1000 [02:25<02:32,  3.36it/s] 49%|████▉     | 488/1000 [02:26<02:21,  3.61it/s] 49%|████▉     | 489/1000 [02:26<02:21,  3.60it/s] 49%|████▉     | 490/1000 [02:26<02:14,  3.78it/s]                                                  {'loss': 0.1394, 'grad_norm': 0.5004542469978333, 'learning_rate': 1.022e-05, 'entropy': 0.148828125, 'num_tokens': 1628587.0, 'mean_token_accuracy': 0.964375239610672, 'epoch': 4.9}
 49%|████▉     | 490/1000 [02:26<02:14,  3.78it/s] 49%|████▉     | 491/1000 [02:26<02:10,  3.91it/s] 49%|████▉     | 492/1000 [02:27<02:39,  3.19it/s] 49%|████▉     | 493/1000 [02:27<02:27,  3.43it/s] 49%|████▉     | 494/1000 [02:27<02:32,  3.33it/s] 50%|████▉     | 495/1000 [02:28<02:21,  3.58it/s] 50%|████▉     | 496/1000 [02:28<02:13,  3.77it/s] 50%|████▉     | 497/1000 [02:28<02:08,  3.92it/s] 50%|████▉     | 498/1000 [02:28<02:19,  3.59it/s] 50%|████▉     | 499/1000 [02:29<02:19,  3.60it/s] 50%|█████     | 500/1000 [02:29<02:12,  3.76it/s]                                                  {'loss': 0.1368, 'grad_norm': 0.5056082606315613, 'learning_rate': 1.002e-05, 'entropy': 0.15009765625, 'num_tokens': 1660850.0, 'mean_token_accuracy': 0.9639509379863739, 'epoch': 5.0}
 50%|█████     | 500/1000 [02:29<02:12,  3.76it/s] 50%|█████     | 501/1000 [02:29<02:16,  3.66it/s] 50%|█████     | 502/1000 [02:29<02:24,  3.45it/s] 50%|█████     | 503/1000 [02:30<02:41,  3.07it/s] 50%|█████     | 504/1000 [02:30<02:27,  3.37it/s] 50%|█████     | 505/1000 [02:30<02:17,  3.60it/s] 51%|█████     | 506/1000 [02:31<02:09,  3.80it/s] 51%|█████     | 507/1000 [02:31<02:04,  3.96it/s] 51%|█████     | 508/1000 [02:31<02:07,  3.87it/s] 51%|█████     | 509/1000 [02:31<02:02,  4.00it/s] 51%|█████     | 510/1000 [02:32<02:06,  3.88it/s]                                                  {'loss': 0.1032, 'grad_norm': 0.3956427574157715, 'learning_rate': 9.820000000000001e-06, 'entropy': 0.125390625, 'num_tokens': 1694544.0, 'mean_token_accuracy': 0.9733015418052673, 'epoch': 5.1}
 51%|█████     | 510/1000 [02:32<02:06,  3.88it/s] 51%|█████     | 511/1000 [02:32<02:02,  3.98it/s] 51%|█████     | 512/1000 [02:32<02:06,  3.85it/s] 51%|█████▏    | 513/1000 [02:32<02:02,  3.99it/s] 51%|█████▏    | 514/1000 [02:33<02:04,  3.90it/s] 52%|█████▏    | 515/1000 [02:33<02:01,  3.99it/s] 52%|█████▏    | 516/1000 [02:33<02:05,  3.86it/s] 52%|█████▏    | 517/1000 [02:33<02:09,  3.73it/s] 52%|█████▏    | 518/1000 [02:34<02:12,  3.65it/s] 52%|█████▏    | 519/1000 [02:34<02:11,  3.65it/s] 52%|█████▏    | 520/1000 [02:34<02:05,  3.84it/s]                                                  {'loss': 0.1064, 'grad_norm': 0.3853358328342438, 'learning_rate': 9.620000000000001e-06, 'entropy': 0.111181640625, 'num_tokens': 1728133.0, 'mean_token_accuracy': 0.9720791041851043, 'epoch': 5.2}
 52%|█████▏    | 520/1000 [02:34<02:05,  3.84it/s] 52%|█████▏    | 521/1000 [02:34<02:07,  3.75it/s] 52%|█████▏    | 522/1000 [02:35<02:02,  3.90it/s] 52%|█████▏    | 523/1000 [02:35<02:00,  3.97it/s] 52%|█████▏    | 524/1000 [02:35<01:56,  4.07it/s] 52%|█████▎    | 525/1000 [02:35<02:00,  3.93it/s] 53%|█████▎    | 526/1000 [02:36<01:58,  4.02it/s] 53%|█████▎    | 527/1000 [02:36<01:56,  4.05it/s] 53%|█████▎    | 528/1000 [02:36<02:06,  3.74it/s] 53%|█████▎    | 529/1000 [02:36<02:00,  3.91it/s] 53%|█████▎    | 530/1000 [02:37<01:56,  4.04it/s]                                                  {'loss': 0.1116, 'grad_norm': 0.48819801211357117, 'learning_rate': 9.42e-06, 'entropy': 0.119091796875, 'num_tokens': 1761688.0, 'mean_token_accuracy': 0.9709419250488281, 'epoch': 5.3}
 53%|█████▎    | 530/1000 [02:37<01:56,  4.04it/s] 53%|█████▎    | 531/1000 [02:37<02:03,  3.80it/s] 53%|█████▎    | 532/1000 [02:37<01:59,  3.93it/s] 53%|█████▎    | 533/1000 [02:37<01:56,  4.02it/s] 53%|█████▎    | 534/1000 [02:38<01:53,  4.11it/s] 54%|█████▎    | 535/1000 [02:38<01:59,  3.90it/s] 54%|█████▎    | 536/1000 [02:38<01:55,  4.03it/s] 54%|█████▎    | 537/1000 [02:39<01:58,  3.90it/s] 54%|█████▍    | 538/1000 [02:39<02:03,  3.74it/s] 54%|█████▍    | 539/1000 [02:39<01:58,  3.90it/s] 54%|█████▍    | 540/1000 [02:39<01:55,  4.00it/s]                                                  {'loss': 0.1164, 'grad_norm': 0.42309993505477905, 'learning_rate': 9.220000000000002e-06, 'entropy': 0.130419921875, 'num_tokens': 1793756.0, 'mean_token_accuracy': 0.9704515397548675, 'epoch': 5.4}
 54%|█████▍    | 540/1000 [02:39<01:55,  4.00it/s] 54%|█████▍    | 541/1000 [02:40<01:53,  4.05it/s] 54%|█████▍    | 542/1000 [02:40<02:01,  3.76it/s] 54%|█████▍    | 543/1000 [02:40<01:57,  3.90it/s] 54%|█████▍    | 544/1000 [02:40<02:06,  3.61it/s] 55%|█████▍    | 545/1000 [02:41<02:00,  3.78it/s] 55%|█████▍    | 546/1000 [02:41<02:01,  3.73it/s] 55%|█████▍    | 547/1000 [02:41<01:56,  3.89it/s] 55%|█████▍    | 548/1000 [02:41<01:58,  3.83it/s] 55%|█████▍    | 549/1000 [02:42<02:06,  3.58it/s] 55%|█████▌    | 550/1000 [02:42<02:00,  3.72it/s]                                                  {'loss': 0.1155, 'grad_norm': 0.3989875912666321, 'learning_rate': 9.020000000000002e-06, 'entropy': 0.122119140625, 'num_tokens': 1826770.0, 'mean_token_accuracy': 0.9696051239967346, 'epoch': 5.5}
 55%|█████▌    | 550/1000 [02:42<02:00,  3.72it/s] 55%|█████▌    | 551/1000 [02:42<02:09,  3.48it/s] 55%|█████▌    | 552/1000 [02:43<02:06,  3.53it/s] 55%|█████▌    | 553/1000 [02:43<02:14,  3.31it/s] 55%|█████▌    | 554/1000 [02:43<02:13,  3.35it/s] 56%|█████▌    | 555/1000 [02:43<02:03,  3.59it/s] 56%|█████▌    | 556/1000 [02:44<02:04,  3.56it/s] 56%|█████▌    | 557/1000 [02:44<02:04,  3.56it/s] 56%|█████▌    | 558/1000 [02:44<02:07,  3.46it/s] 56%|█████▌    | 559/1000 [02:45<02:05,  3.52it/s] 56%|█████▌    | 560/1000 [02:45<02:04,  3.54it/s]                                                  {'loss': 0.117, 'grad_norm': 0.4180859327316284, 'learning_rate': 8.82e-06, 'entropy': 0.13154296875, 'num_tokens': 1861015.0, 'mean_token_accuracy': 0.9687844276428222, 'epoch': 5.6}
 56%|█████▌    | 560/1000 [02:45<02:04,  3.54it/s] 56%|█████▌    | 561/1000 [02:45<02:03,  3.57it/s] 56%|█████▌    | 562/1000 [02:45<01:56,  3.77it/s] 56%|█████▋    | 563/1000 [02:46<01:56,  3.76it/s] 56%|█████▋    | 564/1000 [02:46<01:50,  3.93it/s] 56%|█████▋    | 565/1000 [02:46<01:47,  4.03it/s] 57%|█████▋    | 566/1000 [02:46<01:56,  3.73it/s] 57%|█████▋    | 567/1000 [02:47<01:51,  3.88it/s] 57%|█████▋    | 568/1000 [02:47<01:47,  4.00it/s] 57%|█████▋    | 569/1000 [02:47<01:45,  4.09it/s] 57%|█████▋    | 570/1000 [02:47<01:49,  3.94it/s]                                                  {'loss': 0.115, 'grad_norm': 0.3540398180484772, 'learning_rate': 8.62e-06, 'entropy': 0.124462890625, 'num_tokens': 1893848.0, 'mean_token_accuracy': 0.9698856711387634, 'epoch': 5.7}
 57%|█████▋    | 570/1000 [02:47<01:49,  3.94it/s] 57%|█████▋    | 571/1000 [02:48<01:45,  4.05it/s] 57%|█████▋    | 572/1000 [02:48<01:43,  4.16it/s] 57%|█████▋    | 573/1000 [02:48<01:46,  3.99it/s] 57%|█████▋    | 574/1000 [02:48<01:44,  4.09it/s] 57%|█████▊    | 575/1000 [02:49<01:41,  4.18it/s] 58%|█████▊    | 576/1000 [02:49<01:47,  3.96it/s] 58%|█████▊    | 577/1000 [02:49<01:52,  3.77it/s] 58%|█████▊    | 578/1000 [02:49<01:50,  3.81it/s] 58%|█████▊    | 579/1000 [02:50<01:58,  3.54it/s] 58%|█████▊    | 580/1000 [02:50<02:01,  3.45it/s]                                                  {'loss': 0.114, 'grad_norm': 0.36838406324386597, 'learning_rate': 8.42e-06, 'entropy': 0.117578125, 'num_tokens': 1926894.0, 'mean_token_accuracy': 0.9707799077033996, 'epoch': 5.8}
 58%|█████▊    | 580/1000 [02:50<02:01,  3.45it/s] 58%|█████▊    | 581/1000 [02:50<01:54,  3.65it/s] 58%|█████▊    | 582/1000 [02:51<01:50,  3.78it/s] 58%|█████▊    | 583/1000 [02:51<01:47,  3.88it/s] 58%|█████▊    | 584/1000 [02:51<01:50,  3.75it/s] 58%|█████▊    | 585/1000 [02:51<01:46,  3.90it/s] 59%|█████▊    | 586/1000 [02:52<01:42,  4.03it/s] 59%|█████▊    | 587/1000 [02:52<01:49,  3.77it/s] 59%|█████▉    | 588/1000 [02:52<01:45,  3.90it/s] 59%|█████▉    | 589/1000 [02:52<01:41,  4.04it/s] 59%|█████▉    | 590/1000 [02:53<01:40,  4.09it/s]                                                  {'loss': 0.1209, 'grad_norm': 0.5096673369407654, 'learning_rate': 8.220000000000001e-06, 'entropy': 0.130859375, 'num_tokens': 1958996.0, 'mean_token_accuracy': 0.9694632649421692, 'epoch': 5.9}
 59%|█████▉    | 590/1000 [02:53<01:40,  4.09it/s] 59%|█████▉    | 591/1000 [02:53<01:39,  4.12it/s] 59%|█████▉    | 592/1000 [02:53<01:38,  4.16it/s] 59%|█████▉    | 593/1000 [02:53<01:36,  4.21it/s] 59%|█████▉    | 594/1000 [02:53<01:35,  4.26it/s] 60%|█████▉    | 595/1000 [02:54<01:39,  4.07it/s] 60%|█████▉    | 596/1000 [02:54<01:38,  4.09it/s] 60%|█████▉    | 597/1000 [02:54<01:37,  4.13it/s] 60%|█████▉    | 598/1000 [02:55<01:46,  3.77it/s] 60%|█████▉    | 599/1000 [02:55<01:48,  3.71it/s] 60%|██████    | 600/1000 [02:55<01:49,  3.66it/s]                                                  {'loss': 0.1102, 'grad_norm': 0.318576842546463, 'learning_rate': 8.020000000000001e-06, 'entropy': 0.12509765625, 'num_tokens': 1993020.0, 'mean_token_accuracy': 0.9706159770488739, 'epoch': 6.0}
 60%|██████    | 600/1000 [02:55<01:49,  3.66it/s] 60%|██████    | 601/1000 [02:55<01:49,  3.64it/s] 60%|██████    | 602/1000 [02:56<01:43,  3.83it/s] 60%|██████    | 603/1000 [02:56<01:51,  3.57it/s] 60%|██████    | 604/1000 [02:56<01:50,  3.59it/s] 60%|██████    | 605/1000 [02:56<01:45,  3.75it/s] 61%|██████    | 606/1000 [02:57<01:41,  3.88it/s] 61%|██████    | 607/1000 [02:57<01:37,  4.01it/s] 61%|██████    | 608/1000 [02:57<01:35,  4.10it/s] 61%|██████    | 609/1000 [02:57<01:33,  4.17it/s] 61%|██████    | 610/1000 [02:58<01:32,  4.23it/s]                                                  {'loss': 0.0942, 'grad_norm': 0.3252422511577606, 'learning_rate': 7.820000000000001e-06, 'entropy': 0.110986328125, 'num_tokens': 2025707.0, 'mean_token_accuracy': 0.974439138174057, 'epoch': 6.1}
 61%|██████    | 610/1000 [02:58<01:32,  4.23it/s] 61%|██████    | 611/1000 [02:58<01:31,  4.25it/s] 61%|██████    | 612/1000 [02:58<01:35,  4.06it/s] 61%|██████▏   | 613/1000 [02:58<01:33,  4.14it/s] 61%|██████▏   | 614/1000 [02:59<01:39,  3.87it/s] 62%|██████▏   | 615/1000 [02:59<01:42,  3.74it/s] 62%|██████▏   | 616/1000 [02:59<01:38,  3.91it/s] 62%|██████▏   | 617/1000 [02:59<01:34,  4.04it/s] 62%|██████▏   | 618/1000 [03:00<01:37,  3.93it/s] 62%|██████▏   | 619/1000 [03:00<01:33,  4.06it/s] 62%|██████▏   | 620/1000 [03:00<01:32,  4.13it/s]                                                  {'loss': 0.0979, 'grad_norm': 0.3364529609680176, 'learning_rate': 7.620000000000001e-06, 'entropy': 0.10556640625, 'num_tokens': 2058217.0, 'mean_token_accuracy': 0.973674213886261, 'epoch': 6.2}
 62%|██████▏   | 620/1000 [03:00<01:32,  4.13it/s] 62%|██████▏   | 621/1000 [03:00<01:30,  4.17it/s] 62%|██████▏   | 622/1000 [03:01<01:29,  4.23it/s] 62%|██████▏   | 623/1000 [03:01<01:28,  4.27it/s] 62%|██████▏   | 624/1000 [03:01<01:29,  4.22it/s] 62%|██████▎   | 625/1000 [03:01<01:33,  4.03it/s] 63%|██████▎   | 626/1000 [03:02<01:30,  4.11it/s] 63%|██████▎   | 627/1000 [03:02<01:29,  4.18it/s] 63%|██████▎   | 628/1000 [03:02<01:29,  4.15it/s] 63%|██████▎   | 629/1000 [03:02<01:55,  3.22it/s] 63%|██████▎   | 630/1000 [03:03<01:51,  3.33it/s]                                                  {'loss': 0.0985, 'grad_norm': 0.29726043343544006, 'learning_rate': 7.420000000000001e-06, 'entropy': 0.105908203125, 'num_tokens': 2091124.0, 'mean_token_accuracy': 0.9742402255535125, 'epoch': 6.3}
 63%|██████▎   | 630/1000 [03:03<01:51,  3.33it/s] 63%|██████▎   | 631/1000 [03:03<01:48,  3.41it/s] 63%|██████▎   | 632/1000 [03:03<01:41,  3.64it/s] 63%|██████▎   | 633/1000 [03:03<01:36,  3.82it/s] 63%|██████▎   | 634/1000 [03:04<01:32,  3.97it/s] 64%|██████▎   | 635/1000 [03:04<01:31,  4.01it/s] 64%|██████▎   | 636/1000 [03:04<01:29,  4.09it/s] 64%|██████▎   | 637/1000 [03:04<01:32,  3.93it/s] 64%|██████▍   | 638/1000 [03:05<01:34,  3.84it/s] 64%|██████▍   | 639/1000 [03:05<01:38,  3.68it/s] 64%|██████▍   | 640/1000 [03:05<01:33,  3.85it/s]                                                  {'loss': 0.0965, 'grad_norm': 0.3757995665073395, 'learning_rate': 7.22e-06, 'entropy': 0.1103515625, 'num_tokens': 2125253.0, 'mean_token_accuracy': 0.9740446090698243, 'epoch': 6.4}
 64%|██████▍   | 640/1000 [03:05<01:33,  3.85it/s] 64%|██████▍   | 641/1000 [03:06<01:29,  4.00it/s] 64%|██████▍   | 642/1000 [03:06<01:27,  4.09it/s] 64%|██████▍   | 643/1000 [03:06<01:27,  4.10it/s] 64%|██████▍   | 644/1000 [03:06<01:25,  4.18it/s] 64%|██████▍   | 645/1000 [03:07<01:34,  3.75it/s] 65%|██████▍   | 646/1000 [03:07<01:34,  3.73it/s] 65%|██████▍   | 647/1000 [03:07<01:36,  3.65it/s] 65%|██████▍   | 648/1000 [03:07<01:31,  3.83it/s] 65%|██████▍   | 649/1000 [03:08<01:32,  3.79it/s] 65%|██████▌   | 650/1000 [03:08<01:28,  3.93it/s]                                                  {'loss': 0.104, 'grad_norm': 0.30814871191978455, 'learning_rate': 7.0200000000000006e-06, 'entropy': 0.112548828125, 'num_tokens': 2157017.0, 'mean_token_accuracy': 0.9726155638694763, 'epoch': 6.5}
 65%|██████▌   | 650/1000 [03:08<01:28,  3.93it/s] 65%|██████▌   | 651/1000 [03:08<01:26,  4.02it/s] 65%|██████▌   | 652/1000 [03:08<01:24,  4.12it/s] 65%|██████▌   | 653/1000 [03:09<01:27,  3.96it/s] 65%|██████▌   | 654/1000 [03:09<01:36,  3.59it/s] 66%|██████▌   | 655/1000 [03:09<01:35,  3.60it/s] 66%|██████▌   | 656/1000 [03:09<01:34,  3.63it/s] 66%|██████▌   | 657/1000 [03:10<01:34,  3.64it/s] 66%|██████▌   | 658/1000 [03:10<01:30,  3.78it/s] 66%|██████▌   | 659/1000 [03:10<01:31,  3.73it/s] 66%|██████▌   | 660/1000 [03:10<01:27,  3.90it/s]                                                  {'loss': 0.103, 'grad_norm': 0.27630385756492615, 'learning_rate': 6.820000000000001e-06, 'entropy': 0.109326171875, 'num_tokens': 2189445.0, 'mean_token_accuracy': 0.9731292188167572, 'epoch': 6.6}
 66%|██████▌   | 660/1000 [03:10<01:27,  3.90it/s] 66%|██████▌   | 661/1000 [03:11<01:25,  3.95it/s] 66%|██████▌   | 662/1000 [03:11<01:23,  4.03it/s] 66%|██████▋   | 663/1000 [03:11<01:21,  4.12it/s] 66%|██████▋   | 664/1000 [03:11<01:20,  4.17it/s] 66%|██████▋   | 665/1000 [03:12<01:19,  4.22it/s] 67%|██████▋   | 666/1000 [03:12<01:23,  4.01it/s] 67%|██████▋   | 667/1000 [03:12<01:21,  4.11it/s] 67%|██████▋   | 668/1000 [03:12<01:23,  3.96it/s] 67%|██████▋   | 669/1000 [03:13<01:25,  3.86it/s] 67%|██████▋   | 670/1000 [03:13<01:23,  3.94it/s]                                                  {'loss': 0.1028, 'grad_norm': 0.3306819796562195, 'learning_rate': 6.620000000000001e-06, 'entropy': 0.1111328125, 'num_tokens': 2222157.0, 'mean_token_accuracy': 0.9726109445095062, 'epoch': 6.7}
 67%|██████▋   | 670/1000 [03:13<01:23,  3.94it/s] 67%|██████▋   | 671/1000 [03:13<01:20,  4.07it/s] 67%|██████▋   | 672/1000 [03:13<01:18,  4.15it/s] 67%|██████▋   | 673/1000 [03:14<01:17,  4.22it/s] 67%|██████▋   | 674/1000 [03:14<01:16,  4.25it/s] 68%|██████▊   | 675/1000 [03:14<01:16,  4.22it/s] 68%|██████▊   | 676/1000 [03:14<01:15,  4.27it/s] 68%|██████▊   | 677/1000 [03:15<01:15,  4.30it/s] 68%|██████▊   | 678/1000 [03:15<01:14,  4.31it/s] 68%|██████▊   | 679/1000 [03:15<01:15,  4.27it/s] 68%|██████▊   | 680/1000 [03:15<01:22,  3.88it/s]                                                  {'loss': 0.093, 'grad_norm': 0.2984163761138916, 'learning_rate': 6.42e-06, 'entropy': 0.102587890625, 'num_tokens': 2258276.0, 'mean_token_accuracy': 0.9754133999347687, 'epoch': 6.8}
 68%|██████▊   | 680/1000 [03:15<01:22,  3.88it/s] 68%|██████▊   | 681/1000 [03:16<01:19,  4.00it/s] 68%|██████▊   | 682/1000 [03:16<01:17,  4.09it/s] 68%|██████▊   | 683/1000 [03:16<01:16,  4.17it/s] 68%|██████▊   | 684/1000 [03:16<01:20,  3.94it/s] 68%|██████▊   | 685/1000 [03:17<01:17,  4.05it/s] 69%|██████▊   | 686/1000 [03:17<01:16,  4.12it/s] 69%|██████▊   | 687/1000 [03:17<01:14,  4.18it/s] 69%|██████▉   | 688/1000 [03:17<01:13,  4.24it/s] 69%|██████▉   | 689/1000 [03:17<01:12,  4.30it/s] 69%|██████▉   | 690/1000 [03:18<01:12,  4.29it/s]                                                  {'loss': 0.101, 'grad_norm': 0.3882923722267151, 'learning_rate': 6.220000000000001e-06, 'entropy': 0.108447265625, 'num_tokens': 2291640.0, 'mean_token_accuracy': 0.9728456676006317, 'epoch': 6.9}
 69%|██████▉   | 690/1000 [03:18<01:12,  4.29it/s] 69%|██████▉   | 691/1000 [03:18<01:16,  4.05it/s] 69%|██████▉   | 692/1000 [03:18<01:17,  4.00it/s] 69%|██████▉   | 693/1000 [03:18<01:14,  4.12it/s] 69%|██████▉   | 694/1000 [03:19<01:18,  3.90it/s] 70%|██████▉   | 695/1000 [03:19<01:15,  4.02it/s] 70%|██████▉   | 696/1000 [03:19<01:14,  4.08it/s] 70%|██████▉   | 697/1000 [03:20<01:17,  3.92it/s] 70%|██████▉   | 698/1000 [03:20<01:14,  4.05it/s] 70%|██████▉   | 699/1000 [03:20<01:12,  4.15it/s] 70%|███████   | 700/1000 [03:20<01:15,  3.99it/s]                                                  {'loss': 0.1023, 'grad_norm': 0.3291884660720825, 'learning_rate': 6.02e-06, 'entropy': 0.112109375, 'num_tokens': 2325190.0, 'mean_token_accuracy': 0.9727991700172425, 'epoch': 7.0}
 70%|███████   | 700/1000 [03:20<01:15,  3.99it/s] 70%|███████   | 701/1000 [03:20<01:13,  4.09it/s] 70%|███████   | 702/1000 [03:21<01:15,  3.96it/s] 70%|███████   | 703/1000 [03:21<01:21,  3.63it/s] 70%|███████   | 704/1000 [03:21<01:22,  3.59it/s] 70%|███████   | 705/1000 [03:22<01:17,  3.80it/s] 71%|███████   | 706/1000 [03:22<01:23,  3.53it/s] 71%|███████   | 707/1000 [03:22<01:18,  3.75it/s] 71%|███████   | 708/1000 [03:22<01:15,  3.87it/s] 71%|███████   | 709/1000 [03:23<01:13,  3.97it/s] 71%|███████   | 710/1000 [03:23<01:11,  4.08it/s]                                                  {'loss': 0.0855, 'grad_norm': 0.43551433086395264, 'learning_rate': 5.82e-06, 'entropy': 0.10078125, 'num_tokens': 2359398.0, 'mean_token_accuracy': 0.9772064626216889, 'epoch': 7.1}
 71%|███████   | 710/1000 [03:23<01:11,  4.08it/s] 71%|███████   | 711/1000 [03:23<01:09,  4.15it/s] 71%|███████   | 712/1000 [03:23<01:08,  4.21it/s] 71%|███████▏  | 713/1000 [03:24<01:07,  4.26it/s] 71%|███████▏  | 714/1000 [03:24<01:06,  4.29it/s] 72%|███████▏  | 715/1000 [03:24<01:06,  4.31it/s] 72%|███████▏  | 716/1000 [03:24<01:05,  4.34it/s] 72%|███████▏  | 717/1000 [03:24<01:05,  4.34it/s] 72%|███████▏  | 718/1000 [03:25<01:12,  3.89it/s] 72%|███████▏  | 719/1000 [03:25<01:13,  3.83it/s] 72%|███████▏  | 720/1000 [03:25<01:09,  4.00it/s]                                                  {'loss': 0.0902, 'grad_norm': 0.3093208968639374, 'learning_rate': 5.620000000000001e-06, 'entropy': 0.09765625, 'num_tokens': 2392152.0, 'mean_token_accuracy': 0.9754798889160157, 'epoch': 7.2}
 72%|███████▏  | 720/1000 [03:25<01:09,  4.00it/s] 72%|███████▏  | 721/1000 [03:26<01:09,  4.02it/s] 72%|███████▏  | 722/1000 [03:26<01:07,  4.11it/s] 72%|███████▏  | 723/1000 [03:26<01:09,  3.96it/s] 72%|███████▏  | 724/1000 [03:26<01:09,  3.97it/s] 72%|███████▎  | 725/1000 [03:27<01:10,  3.89it/s] 73%|███████▎  | 726/1000 [03:27<01:08,  4.02it/s] 73%|███████▎  | 727/1000 [03:27<01:11,  3.79it/s] 73%|███████▎  | 728/1000 [03:27<01:13,  3.72it/s] 73%|███████▎  | 729/1000 [03:28<01:09,  3.89it/s] 73%|███████▎  | 730/1000 [03:28<01:07,  4.01it/s]                                                  {'loss': 0.0924, 'grad_norm': 0.3440815806388855, 'learning_rate': 5.420000000000001e-06, 'entropy': 0.09658203125, 'num_tokens': 2424346.0, 'mean_token_accuracy': 0.9754222691059112, 'epoch': 7.3}
 73%|███████▎  | 730/1000 [03:28<01:07,  4.01it/s] 73%|███████▎  | 731/1000 [03:28<01:09,  3.85it/s] 73%|███████▎  | 732/1000 [03:28<01:14,  3.58it/s] 73%|███████▎  | 733/1000 [03:29<01:15,  3.54it/s] 73%|███████▎  | 734/1000 [03:29<01:11,  3.73it/s] 74%|███████▎  | 735/1000 [03:29<01:11,  3.72it/s] 74%|███████▎  | 736/1000 [03:29<01:08,  3.87it/s] 74%|███████▎  | 737/1000 [03:30<01:05,  4.01it/s] 74%|███████▍  | 738/1000 [03:30<01:03,  4.11it/s] 74%|███████▍  | 739/1000 [03:30<01:02,  4.17it/s] 74%|███████▍  | 740/1000 [03:30<01:01,  4.23it/s]                                                  {'loss': 0.092, 'grad_norm': 0.3156190812587738, 'learning_rate': 5.220000000000001e-06, 'entropy': 0.102978515625, 'num_tokens': 2458000.0, 'mean_token_accuracy': 0.9752928376197815, 'epoch': 7.4}
 74%|███████▍  | 740/1000 [03:30<01:01,  4.23it/s] 74%|███████▍  | 741/1000 [03:31<01:21,  3.18it/s] 74%|███████▍  | 742/1000 [03:31<01:14,  3.46it/s] 74%|███████▍  | 743/1000 [03:31<01:09,  3.69it/s] 74%|███████▍  | 744/1000 [03:32<01:10,  3.64it/s] 74%|███████▍  | 745/1000 [03:32<01:06,  3.82it/s] 75%|███████▍  | 746/1000 [03:32<01:07,  3.76it/s] 75%|███████▍  | 747/1000 [03:32<01:15,  3.33it/s] 75%|███████▍  | 748/1000 [03:33<01:09,  3.60it/s] 75%|███████▍  | 749/1000 [03:33<01:06,  3.78it/s] 75%|███████▌  | 750/1000 [03:33<01:03,  3.94it/s]                                                  {'loss': 0.0928, 'grad_norm': 0.35706523060798645, 'learning_rate': 5.02e-06, 'entropy': 0.0984375, 'num_tokens': 2491616.0, 'mean_token_accuracy': 0.9750289797782898, 'epoch': 7.5}
 75%|███████▌  | 750/1000 [03:33<01:03,  3.94it/s] 75%|███████▌  | 751/1000 [03:33<01:04,  3.84it/s] 75%|███████▌  | 752/1000 [03:34<01:02,  3.99it/s] 75%|███████▌  | 753/1000 [03:34<00:59,  4.12it/s] 75%|███████▌  | 754/1000 [03:34<00:59,  4.17it/s] 76%|███████▌  | 755/1000 [03:34<01:01,  4.01it/s] 76%|███████▌  | 756/1000 [03:35<00:59,  4.11it/s] 76%|███████▌  | 757/1000 [03:35<01:01,  3.98it/s] 76%|███████▌  | 758/1000 [03:35<01:02,  3.89it/s] 76%|███████▌  | 759/1000 [03:35<00:59,  4.02it/s] 76%|███████▌  | 760/1000 [03:36<00:58,  4.12it/s]                                                  {'loss': 0.0921, 'grad_norm': 0.3049890995025635, 'learning_rate': 4.8200000000000004e-06, 'entropy': 0.100146484375, 'num_tokens': 2524707.0, 'mean_token_accuracy': 0.9749499499797821, 'epoch': 7.6}
 76%|███████▌  | 760/1000 [03:36<00:58,  4.12it/s] 76%|███████▌  | 761/1000 [03:36<00:57,  4.17it/s] 76%|███████▌  | 762/1000 [03:36<00:56,  4.23it/s] 76%|███████▋  | 763/1000 [03:36<00:58,  4.04it/s] 76%|███████▋  | 764/1000 [03:37<00:57,  4.12it/s] 76%|███████▋  | 765/1000 [03:37<00:56,  4.16it/s] 77%|███████▋  | 766/1000 [03:37<01:00,  3.90it/s] 77%|███████▋  | 767/1000 [03:37<00:57,  4.03it/s] 77%|███████▋  | 768/1000 [03:38<00:56,  4.14it/s] 77%|███████▋  | 769/1000 [03:38<00:59,  3.91it/s] 77%|███████▋  | 770/1000 [03:38<00:59,  3.84it/s]                                                  {'loss': 0.0928, 'grad_norm': 0.535157322883606, 'learning_rate': 4.620000000000001e-06, 'entropy': 0.09921875, 'num_tokens': 2558274.0, 'mean_token_accuracy': 0.9747648179531098, 'epoch': 7.7}
 77%|███████▋  | 770/1000 [03:38<00:59,  3.84it/s] 77%|███████▋  | 771/1000 [03:38<00:57,  3.98it/s] 77%|███████▋  | 772/1000 [03:39<00:55,  4.09it/s] 77%|███████▋  | 773/1000 [03:39<00:54,  4.18it/s] 77%|███████▋  | 774/1000 [03:39<00:53,  4.22it/s] 78%|███████▊  | 775/1000 [03:39<00:56,  3.99it/s] 78%|███████▊  | 776/1000 [03:40<00:57,  3.87it/s] 78%|███████▊  | 777/1000 [03:40<00:56,  3.96it/s] 78%|███████▊  | 778/1000 [03:40<00:55,  3.98it/s] 78%|███████▊  | 779/1000 [03:40<00:54,  4.09it/s] 78%|███████▊  | 780/1000 [03:41<00:55,  3.96it/s]                                                  {'loss': 0.094, 'grad_norm': 0.31582462787628174, 'learning_rate': 4.42e-06, 'entropy': 0.1025390625, 'num_tokens': 2591307.0, 'mean_token_accuracy': 0.9744183838367462, 'epoch': 7.8}
 78%|███████▊  | 780/1000 [03:41<00:55,  3.96it/s] 78%|███████▊  | 781/1000 [03:41<00:54,  4.06it/s] 78%|███████▊  | 782/1000 [03:41<00:52,  4.16it/s] 78%|███████▊  | 783/1000 [03:41<00:59,  3.66it/s] 78%|███████▊  | 784/1000 [03:42<00:59,  3.64it/s] 78%|███████▊  | 785/1000 [03:42<00:58,  3.71it/s] 79%|███████▊  | 786/1000 [03:42<00:55,  3.87it/s] 79%|███████▊  | 787/1000 [03:42<00:53,  4.01it/s] 79%|███████▉  | 788/1000 [03:43<00:54,  3.91it/s] 79%|███████▉  | 789/1000 [03:43<00:55,  3.83it/s] 79%|███████▉  | 790/1000 [03:43<00:56,  3.72it/s]                                                  {'loss': 0.0925, 'grad_norm': 0.24065570533275604, 'learning_rate': 4.22e-06, 'entropy': 0.099853515625, 'num_tokens': 2624754.0, 'mean_token_accuracy': 0.9753139555454254, 'epoch': 7.9}
 79%|███████▉  | 790/1000 [03:43<00:56,  3.72it/s] 79%|███████▉  | 791/1000 [03:44<00:57,  3.66it/s] 79%|███████▉  | 792/1000 [03:44<00:54,  3.84it/s] 79%|███████▉  | 793/1000 [03:44<00:51,  3.98it/s] 79%|███████▉  | 794/1000 [03:44<00:52,  3.89it/s] 80%|███████▉  | 795/1000 [03:44<00:51,  4.01it/s] 80%|███████▉  | 796/1000 [03:45<00:49,  4.12it/s] 80%|███████▉  | 797/1000 [03:45<00:52,  3.86it/s] 80%|███████▉  | 798/1000 [03:45<00:50,  4.00it/s] 80%|███████▉  | 799/1000 [03:45<00:48,  4.11it/s] 80%|████████  | 800/1000 [03:46<00:47,  4.19it/s]                                                  {'loss': 0.0949, 'grad_norm': 0.3010399341583252, 'learning_rate': 4.0200000000000005e-06, 'entropy': 0.101953125, 'num_tokens': 2657360.0, 'mean_token_accuracy': 0.9737843692302703, 'epoch': 8.0}
 80%|████████  | 800/1000 [03:46<00:47,  4.19it/s] 80%|████████  | 801/1000 [03:46<00:50,  3.93it/s] 80%|████████  | 802/1000 [03:46<00:48,  4.06it/s] 80%|████████  | 803/1000 [03:46<00:47,  4.16it/s] 80%|████████  | 804/1000 [03:47<00:49,  4.00it/s] 80%|████████  | 805/1000 [03:47<00:50,  3.86it/s] 81%|████████  | 806/1000 [03:47<00:49,  3.95it/s] 81%|████████  | 807/1000 [03:47<00:47,  4.07it/s] 81%|████████  | 808/1000 [03:48<00:47,  4.07it/s] 81%|████████  | 809/1000 [03:48<00:46,  4.14it/s] 81%|████████  | 810/1000 [03:48<00:45,  4.17it/s]                                                  {'loss': 0.0866, 'grad_norm': 0.22945284843444824, 'learning_rate': 3.820000000000001e-06, 'entropy': 0.1025390625, 'num_tokens': 2689247.0, 'mean_token_accuracy': 0.9769974291324616, 'epoch': 8.1}
 81%|████████  | 810/1000 [03:48<00:45,  4.17it/s] 81%|████████  | 811/1000 [03:48<00:44,  4.22it/s] 81%|████████  | 812/1000 [03:49<00:44,  4.26it/s] 81%|████████▏ | 813/1000 [03:49<00:43,  4.31it/s] 81%|████████▏ | 814/1000 [03:49<00:42,  4.33it/s] 82%|████████▏ | 815/1000 [03:49<00:42,  4.35it/s] 82%|████████▏ | 816/1000 [03:50<00:42,  4.34it/s] 82%|████████▏ | 817/1000 [03:50<00:42,  4.31it/s] 82%|████████▏ | 818/1000 [03:50<00:42,  4.32it/s] 82%|████████▏ | 819/1000 [03:50<00:42,  4.29it/s] 82%|████████▏ | 820/1000 [03:50<00:41,  4.33it/s]                                                  {'loss': 0.0855, 'grad_norm': 0.30435243248939514, 'learning_rate': 3.62e-06, 'entropy': 0.09453125, 'num_tokens': 2721724.0, 'mean_token_accuracy': 0.975639259815216, 'epoch': 8.2}
 82%|████████▏ | 820/1000 [03:50<00:41,  4.33it/s] 82%|████████▏ | 821/1000 [03:51<00:41,  4.33it/s] 82%|████████▏ | 822/1000 [03:51<00:41,  4.33it/s] 82%|████████▏ | 823/1000 [03:51<00:41,  4.28it/s] 82%|████████▏ | 824/1000 [03:51<00:40,  4.32it/s] 82%|████████▎ | 825/1000 [03:52<00:43,  4.07it/s] 83%|████████▎ | 826/1000 [03:52<00:44,  3.90it/s] 83%|████████▎ | 827/1000 [03:52<00:48,  3.59it/s] 83%|████████▎ | 828/1000 [03:53<00:45,  3.78it/s] 83%|████████▎ | 829/1000 [03:53<00:48,  3.55it/s] 83%|████████▎ | 830/1000 [03:53<00:46,  3.67it/s]                                                  {'loss': 0.0846, 'grad_norm': 0.26966235041618347, 'learning_rate': 3.4200000000000007e-06, 'entropy': 0.088916015625, 'num_tokens': 2755242.0, 'mean_token_accuracy': 0.9768798112869262, 'epoch': 8.3}
 83%|████████▎ | 830/1000 [03:53<00:46,  3.67it/s] 83%|████████▎ | 831/1000 [03:53<00:44,  3.83it/s] 83%|████████▎ | 832/1000 [03:54<00:42,  3.97it/s] 83%|████████▎ | 833/1000 [03:54<00:40,  4.08it/s] 83%|████████▎ | 834/1000 [03:54<00:40,  4.11it/s] 84%|████████▎ | 835/1000 [03:54<00:43,  3.77it/s] 84%|████████▎ | 836/1000 [03:55<00:44,  3.72it/s] 84%|████████▎ | 837/1000 [03:55<00:42,  3.81it/s] 84%|████████▍ | 838/1000 [03:55<00:41,  3.91it/s] 84%|████████▍ | 839/1000 [03:55<00:39,  4.04it/s] 84%|████████▍ | 840/1000 [03:56<00:38,  4.13it/s]                                                  {'loss': 0.0853, 'grad_norm': 0.304185688495636, 'learning_rate': 3.2200000000000005e-06, 'entropy': 0.090283203125, 'num_tokens': 2788718.0, 'mean_token_accuracy': 0.9769161403179168, 'epoch': 8.4}
 84%|████████▍ | 840/1000 [03:56<00:38,  4.13it/s] 84%|████████▍ | 841/1000 [03:56<00:37,  4.19it/s] 84%|████████▍ | 842/1000 [03:56<00:37,  4.24it/s] 84%|████████▍ | 843/1000 [03:56<00:37,  4.24it/s] 84%|████████▍ | 844/1000 [03:56<00:36,  4.27it/s] 84%|████████▍ | 845/1000 [03:57<00:36,  4.25it/s] 85%|████████▍ | 846/1000 [03:57<00:35,  4.28it/s] 85%|████████▍ | 847/1000 [03:57<00:35,  4.32it/s] 85%|████████▍ | 848/1000 [03:57<00:34,  4.35it/s] 85%|████████▍ | 849/1000 [03:58<00:42,  3.52it/s] 85%|████████▌ | 850/1000 [03:58<00:42,  3.55it/s]                                                  {'loss': 0.0899, 'grad_norm': 0.40351882576942444, 'learning_rate': 3.0200000000000003e-06, 'entropy': 0.0966796875, 'num_tokens': 2820967.0, 'mean_token_accuracy': 0.9748698532581329, 'epoch': 8.5}
 85%|████████▌ | 850/1000 [03:58<00:42,  3.55it/s] 85%|████████▌ | 851/1000 [03:58<00:39,  3.75it/s] 85%|████████▌ | 852/1000 [03:59<00:38,  3.85it/s] 85%|████████▌ | 853/1000 [03:59<00:36,  4.01it/s] 85%|████████▌ | 854/1000 [03:59<00:35,  4.11it/s] 86%|████████▌ | 855/1000 [03:59<00:34,  4.21it/s] 86%|████████▌ | 856/1000 [04:00<00:34,  4.18it/s] 86%|████████▌ | 857/1000 [04:00<00:33,  4.22it/s] 86%|████████▌ | 858/1000 [04:00<00:33,  4.26it/s] 86%|████████▌ | 859/1000 [04:00<00:32,  4.30it/s] 86%|████████▌ | 860/1000 [04:00<00:32,  4.33it/s]                                                  {'loss': 0.0851, 'grad_norm': 0.23941676318645477, 'learning_rate': 2.82e-06, 'entropy': 0.092529296875, 'num_tokens': 2854953.0, 'mean_token_accuracy': 0.9762036979198456, 'epoch': 8.6}
 86%|████████▌ | 860/1000 [04:00<00:32,  4.33it/s] 86%|████████▌ | 861/1000 [04:01<00:32,  4.33it/s] 86%|████████▌ | 862/1000 [04:01<00:32,  4.25it/s] 86%|████████▋ | 863/1000 [04:01<00:32,  4.27it/s] 86%|████████▋ | 864/1000 [04:01<00:31,  4.30it/s] 86%|████████▋ | 865/1000 [04:02<00:31,  4.31it/s] 87%|████████▋ | 866/1000 [04:02<00:32,  4.07it/s] 87%|████████▋ | 867/1000 [04:02<00:32,  4.15it/s] 87%|████████▋ | 868/1000 [04:02<00:34,  3.88it/s] 87%|████████▋ | 869/1000 [04:03<00:32,  4.02it/s] 87%|████████▋ | 870/1000 [04:03<00:31,  4.12it/s]                                                  {'loss': 0.0853, 'grad_norm': 0.32398104667663574, 'learning_rate': 2.6200000000000003e-06, 'entropy': 0.095166015625, 'num_tokens': 2888992.0, 'mean_token_accuracy': 0.9762763559818268, 'epoch': 8.7}
 87%|████████▋ | 870/1000 [04:03<00:31,  4.12it/s] 87%|████████▋ | 871/1000 [04:03<00:33,  3.89it/s] 87%|████████▋ | 872/1000 [04:03<00:32,  3.98it/s] 87%|████████▋ | 873/1000 [04:04<00:31,  4.06it/s] 87%|████████▋ | 874/1000 [04:04<00:30,  4.16it/s] 88%|████████▊ | 875/1000 [04:04<00:29,  4.23it/s] 88%|████████▊ | 876/1000 [04:04<00:32,  3.83it/s] 88%|████████▊ | 877/1000 [04:05<00:31,  3.95it/s] 88%|████████▊ | 878/1000 [04:05<00:30,  4.06it/s] 88%|████████▊ | 879/1000 [04:05<00:29,  4.13it/s] 88%|████████▊ | 880/1000 [04:05<00:28,  4.20it/s]                                                  {'loss': 0.0847, 'grad_norm': 0.2796805799007416, 'learning_rate': 2.42e-06, 'entropy': 0.092333984375, 'num_tokens': 2923452.0, 'mean_token_accuracy': 0.9768110275268554, 'epoch': 8.8}
 88%|████████▊ | 880/1000 [04:05<00:28,  4.20it/s] 88%|████████▊ | 881/1000 [04:06<00:28,  4.24it/s] 88%|████████▊ | 882/1000 [04:06<00:27,  4.29it/s] 88%|████████▊ | 883/1000 [04:06<00:27,  4.32it/s] 88%|████████▊ | 884/1000 [04:06<00:26,  4.32it/s] 88%|████████▊ | 885/1000 [04:06<00:26,  4.31it/s] 89%|████████▊ | 886/1000 [04:07<00:26,  4.32it/s] 89%|████████▊ | 887/1000 [04:07<00:26,  4.33it/s] 89%|████████▉ | 888/1000 [04:07<00:26,  4.25it/s] 89%|████████▉ | 889/1000 [04:07<00:26,  4.25it/s] 89%|████████▉ | 890/1000 [04:08<00:25,  4.28it/s]                                                  {'loss': 0.0875, 'grad_norm': 0.22445131838321686, 'learning_rate': 2.2200000000000003e-06, 'entropy': 0.097607421875, 'num_tokens': 2956817.0, 'mean_token_accuracy': 0.9748551607131958, 'epoch': 8.9}
 89%|████████▉ | 890/1000 [04:08<00:25,  4.28it/s] 89%|████████▉ | 891/1000 [04:08<00:27,  3.96it/s] 89%|████████▉ | 892/1000 [04:08<00:26,  4.09it/s] 89%|████████▉ | 893/1000 [04:08<00:25,  4.16it/s] 89%|████████▉ | 894/1000 [04:09<00:25,  4.23it/s] 90%|████████▉ | 895/1000 [04:09<00:24,  4.28it/s] 90%|████████▉ | 896/1000 [04:09<00:24,  4.30it/s] 90%|████████▉ | 897/1000 [04:09<00:23,  4.30it/s] 90%|████████▉ | 898/1000 [04:10<00:23,  4.31it/s] 90%|████████▉ | 899/1000 [04:10<00:23,  4.34it/s] 90%|█████████ | 900/1000 [04:10<00:22,  4.35it/s]                                                  {'loss': 0.0902, 'grad_norm': 0.3846949338912964, 'learning_rate': 2.02e-06, 'entropy': 0.096728515625, 'num_tokens': 2989530.0, 'mean_token_accuracy': 0.9737683713436127, 'epoch': 9.0}
 90%|█████████ | 900/1000 [04:10<00:22,  4.35it/s] 90%|█████████ | 901/1000 [04:10<00:22,  4.35it/s] 90%|█████████ | 902/1000 [04:10<00:22,  4.35it/s] 90%|█████████ | 903/1000 [04:11<00:23,  4.12it/s] 90%|█████████ | 904/1000 [04:11<00:22,  4.19it/s] 90%|█████████ | 905/1000 [04:11<00:22,  4.20it/s] 91%|█████████ | 906/1000 [04:11<00:22,  4.26it/s] 91%|█████████ | 907/1000 [04:12<00:21,  4.28it/s] 91%|█████████ | 908/1000 [04:12<00:21,  4.25it/s] 91%|█████████ | 909/1000 [04:12<00:21,  4.26it/s] 91%|█████████ | 910/1000 [04:12<00:21,  4.28it/s]                                                  {'loss': 0.0802, 'grad_norm': 0.22188591957092285, 'learning_rate': 1.8200000000000002e-06, 'entropy': 0.090771484375, 'num_tokens': 3023363.0, 'mean_token_accuracy': 0.978379774093628, 'epoch': 9.1}
 91%|█████████ | 910/1000 [04:12<00:21,  4.28it/s] 91%|█████████ | 911/1000 [04:13<00:20,  4.32it/s] 91%|█████████ | 912/1000 [04:13<00:20,  4.32it/s] 91%|█████████▏| 913/1000 [04:13<00:20,  4.33it/s] 91%|█████████▏| 914/1000 [04:13<00:19,  4.35it/s] 92%|█████████▏| 915/1000 [04:13<00:19,  4.34it/s] 92%|█████████▏| 916/1000 [04:14<00:20,  4.12it/s] 92%|█████████▏| 917/1000 [04:14<00:19,  4.19it/s] 92%|█████████▏| 918/1000 [04:14<00:20,  4.01it/s] 92%|█████████▏| 919/1000 [04:15<00:20,  4.02it/s] 92%|█████████▏| 920/1000 [04:15<00:19,  4.13it/s]                                                  {'loss': 0.0799, 'grad_norm': 0.318918377161026, 'learning_rate': 1.6200000000000002e-06, 'entropy': 0.0923828125, 'num_tokens': 3057409.0, 'mean_token_accuracy': 0.976929920911789, 'epoch': 9.2}
 92%|█████████▏| 920/1000 [04:15<00:19,  4.13it/s] 92%|█████████▏| 921/1000 [04:15<00:19,  4.01it/s] 92%|█████████▏| 922/1000 [04:15<00:18,  4.12it/s] 92%|█████████▏| 923/1000 [04:15<00:18,  4.18it/s] 92%|█████████▏| 924/1000 [04:16<00:19,  3.97it/s] 92%|█████████▎| 925/1000 [04:16<00:18,  4.08it/s] 93%|█████████▎| 926/1000 [04:16<00:17,  4.17it/s] 93%|█████████▎| 927/1000 [04:16<00:17,  4.21it/s] 93%|█████████▎| 928/1000 [04:17<00:17,  4.02it/s] 93%|█████████▎| 929/1000 [04:17<00:17,  3.96it/s] 93%|█████████▎| 930/1000 [04:17<00:17,  3.98it/s]                                                  {'loss': 0.0808, 'grad_norm': 0.27419087290763855, 'learning_rate': 1.42e-06, 'entropy': 0.0892578125, 'num_tokens': 3091324.0, 'mean_token_accuracy': 0.9776013433933258, 'epoch': 9.3}
 93%|█████████▎| 930/1000 [04:17<00:17,  3.98it/s] 93%|█████████▎| 931/1000 [04:17<00:16,  4.10it/s] 93%|█████████▎| 932/1000 [04:18<00:16,  4.16it/s] 93%|█████████▎| 933/1000 [04:18<00:15,  4.20it/s] 93%|█████████▎| 934/1000 [04:18<00:15,  4.25it/s] 94%|█████████▎| 935/1000 [04:18<00:15,  4.30it/s] 94%|█████████▎| 936/1000 [04:19<00:14,  4.32it/s] 94%|█████████▎| 937/1000 [04:19<00:14,  4.34it/s] 94%|█████████▍| 938/1000 [04:19<00:14,  4.33it/s] 94%|█████████▍| 939/1000 [04:19<00:14,  4.32it/s] 94%|█████████▍| 940/1000 [04:20<00:13,  4.31it/s]                                                  {'loss': 0.0838, 'grad_norm': 0.2836601436138153, 'learning_rate': 1.2200000000000002e-06, 'entropy': 0.09326171875, 'num_tokens': 3123875.0, 'mean_token_accuracy': 0.9758279144763946, 'epoch': 9.4}
 94%|█████████▍| 940/1000 [04:20<00:13,  4.31it/s] 94%|█████████▍| 941/1000 [04:20<00:13,  4.32it/s] 94%|█████████▍| 942/1000 [04:20<00:14,  4.08it/s] 94%|█████████▍| 943/1000 [04:20<00:14,  3.80it/s] 94%|█████████▍| 944/1000 [04:21<00:14,  3.94it/s] 94%|█████████▍| 945/1000 [04:21<00:13,  4.06it/s] 95%|█████████▍| 946/1000 [04:21<00:13,  4.14it/s] 95%|█████████▍| 947/1000 [04:21<00:12,  4.17it/s] 95%|█████████▍| 948/1000 [04:21<00:12,  4.22it/s] 95%|█████████▍| 949/1000 [04:22<00:11,  4.28it/s] 95%|█████████▌| 950/1000 [04:22<00:11,  4.30it/s]                                                  {'loss': 0.0848, 'grad_norm': 0.22957345843315125, 'learning_rate': 1.02e-06, 'entropy': 0.091650390625, 'num_tokens': 3156220.0, 'mean_token_accuracy': 0.9766995489597321, 'epoch': 9.5}
 95%|█████████▌| 950/1000 [04:22<00:11,  4.30it/s] 95%|█████████▌| 951/1000 [04:22<00:11,  4.30it/s] 95%|█████████▌| 952/1000 [04:22<00:11,  4.32it/s] 95%|█████████▌| 953/1000 [04:23<00:10,  4.33it/s] 95%|█████████▌| 954/1000 [04:23<00:10,  4.35it/s] 96%|█████████▌| 955/1000 [04:23<00:10,  4.35it/s] 96%|█████████▌| 956/1000 [04:23<00:10,  4.32it/s] 96%|█████████▌| 957/1000 [04:24<00:09,  4.34it/s] 96%|█████████▌| 958/1000 [04:24<00:09,  4.31it/s] 96%|█████████▌| 959/1000 [04:24<00:09,  4.34it/s] 96%|█████████▌| 960/1000 [04:24<00:09,  4.32it/s]                                                  {'loss': 0.0827, 'grad_norm': 0.23625430464744568, 'learning_rate': 8.200000000000001e-07, 'entropy': 0.0904296875, 'num_tokens': 3189437.0, 'mean_token_accuracy': 0.9763723909854889, 'epoch': 9.6}
 96%|█████████▌| 960/1000 [04:24<00:09,  4.32it/s] 96%|█████████▌| 961/1000 [04:24<00:09,  4.26it/s] 96%|█████████▌| 962/1000 [04:25<00:08,  4.28it/s] 96%|█████████▋| 963/1000 [04:25<00:08,  4.32it/s] 96%|█████████▋| 964/1000 [04:25<00:08,  4.34it/s] 96%|█████████▋| 965/1000 [04:25<00:08,  4.35it/s] 97%|█████████▋| 966/1000 [04:26<00:07,  4.35it/s] 97%|█████████▋| 967/1000 [04:26<00:07,  4.36it/s] 97%|█████████▋| 968/1000 [04:26<00:07,  4.36it/s] 97%|█████████▋| 969/1000 [04:26<00:07,  4.32it/s] 97%|█████████▋| 970/1000 [04:27<00:06,  4.32it/s]                                                  {'loss': 0.0839, 'grad_norm': 0.25999441742897034, 'learning_rate': 6.200000000000001e-07, 'entropy': 0.089208984375, 'num_tokens': 3222334.0, 'mean_token_accuracy': 0.976144689321518, 'epoch': 9.7}
 97%|█████████▋| 970/1000 [04:27<00:06,  4.32it/s] 97%|█████████▋| 971/1000 [04:27<00:07,  3.81it/s] 97%|█████████▋| 972/1000 [04:27<00:07,  3.95it/s] 97%|█████████▋| 973/1000 [04:27<00:06,  4.06it/s] 97%|█████████▋| 974/1000 [04:28<00:06,  4.15it/s] 98%|█████████▊| 975/1000 [04:28<00:05,  4.20it/s] 98%|█████████▊| 976/1000 [04:28<00:05,  4.26it/s] 98%|█████████▊| 977/1000 [04:28<00:05,  3.95it/s] 98%|█████████▊| 978/1000 [04:29<00:05,  4.05it/s] 98%|█████████▊| 979/1000 [04:29<00:05,  4.13it/s] 98%|█████████▊| 980/1000 [04:29<00:04,  4.20it/s]                                                  {'loss': 0.0867, 'grad_norm': 0.2604219317436218, 'learning_rate': 4.2000000000000006e-07, 'entropy': 0.0939453125, 'num_tokens': 3254195.0, 'mean_token_accuracy': 0.9752018213272095, 'epoch': 9.8}
 98%|█████████▊| 980/1000 [04:29<00:04,  4.20it/s] 98%|█████████▊| 981/1000 [04:29<00:04,  4.24it/s] 98%|█████████▊| 982/1000 [04:29<00:04,  4.30it/s] 98%|█████████▊| 983/1000 [04:30<00:03,  4.29it/s] 98%|█████████▊| 984/1000 [04:30<00:04,  3.99it/s] 98%|█████████▊| 985/1000 [04:30<00:03,  4.09it/s] 99%|█████████▊| 986/1000 [04:30<00:03,  4.18it/s] 99%|█████████▊| 987/1000 [04:31<00:03,  4.25it/s] 99%|█████████▉| 988/1000 [04:31<00:02,  4.26it/s] 99%|█████████▉| 989/1000 [04:31<00:02,  4.29it/s] 99%|█████████▉| 990/1000 [04:31<00:02,  4.31it/s]                                                  {'loss': 0.0831, 'grad_norm': 0.23821954429149628, 'learning_rate': 2.2e-07, 'entropy': 0.090576171875, 'num_tokens': 3287528.0, 'mean_token_accuracy': 0.9765277028083801, 'epoch': 9.9}
 99%|█████████▉| 990/1000 [04:31<00:02,  4.31it/s] 99%|█████████▉| 991/1000 [04:32<00:02,  4.34it/s] 99%|█████████▉| 992/1000 [04:32<00:01,  4.31it/s] 99%|█████████▉| 993/1000 [04:32<00:01,  4.32it/s] 99%|█████████▉| 994/1000 [04:32<00:01,  4.30it/s]100%|█████████▉| 995/1000 [04:33<00:01,  4.33it/s]100%|█████████▉| 996/1000 [04:33<00:00,  4.02it/s]100%|█████████▉| 997/1000 [04:33<00:00,  4.10it/s]100%|█████████▉| 998/1000 [04:33<00:00,  3.35it/s]100%|█████████▉| 999/1000 [04:34<00:00,  3.60it/s]100%|██████████| 1000/1000 [04:34<00:00,  3.80it/s]                                                   {'loss': 0.0818, 'grad_norm': 0.20932579040527344, 'learning_rate': 2e-08, 'entropy': 0.090576171875, 'num_tokens': 3321700.0, 'mean_token_accuracy': 0.9765738785266876, 'epoch': 10.0}
100%|██████████| 1000/1000 [04:34<00:00,  3.80it/s]

Training completed. Do not forget to share your model on huggingface.co/models =)


                                                   {'train_runtime': 275.6577, 'train_samples_per_second': 116.086, 'train_steps_per_second': 3.628, 'train_loss': 0.27112216186523436, 'epoch': 10.0}
100%|██████████| 1000/1000 [04:34<00:00,  3.80it/s]100%|██████████| 1000/1000 [04:34<00:00,  3.64it/s]

Time End

2025-11-27 03:59:44.805090
✅ Training finished. Cleaning up...
wandb: updating run metadata
wandb: uploading history steps 98-100, summary, console lines 99-111
wandb: 
wandb: Run history:
wandb:             train/entropy █▇▆▆▆▇▄▄▄▄▂▂▂▂▂▁▁▁▁▁▁▁▁▁▁▁▁▁▁▁▁▁▁▁▁▁▁▁▁▁
wandb:               train/epoch ▁▁▁▁▁▂▂▂▂▂▃▃▃▃▃▄▄▄▄▄▅▅▅▅▅▅▆▆▆▆▇▇▇▇▇█████
wandb:         train/global_step ▁▁▁▁▂▂▂▂▂▂▃▃▃▃▃▃▃▃▄▄▄▅▅▅▅▅▅▆▆▆▆▇▇▇▇▇▇███
wandb:           train/grad_norm ▄█▃▃▃▃▂▃▂▂▂▂▂▂▂▂▂▂▂▂▁▁▁▁▁▁▁▁▁▁▁▂▁▁▁▁▁▁▁▁
wandb:       train/learning_rate ██████▇▇▇▇▇▇▆▆▆▆▆▆▅▅▅▅▄▄▄▄▄▄▃▃▃▃▂▂▂▂▂▂▁▁
wandb:                train/loss █▆▆▆▆▃▃▃▃▃▂▂▂▁▁▁▁▁▁▁▁▁▁▁▁▁▁▁▁▁▁▁▁▁▁▁▁▁▁▁
wandb: train/mean_token_accuracy ▁▂▂▂▂▅▅▅▅▅▇▇▇██▇▇███████████████████████
wandb:          train/num_tokens ▁▁▁▁▁▂▂▂▂▂▃▃▃▄▄▄▄▄▅▅▅▅▅▅▅▆▆▆▆▆▇▇▇▇▇▇████
wandb: 
wandb: Run summary:
wandb:                total_flos 8.696135630926643e+16
wandb:             train/entropy 0.09058
wandb:               train/epoch 10
wandb:         train/global_step 1000
wandb:           train/grad_norm 0.20933
wandb:       train/learning_rate 0.0
wandb:                train/loss 0.0818
wandb: train/mean_token_accuracy 0.97657
wandb:          train/num_tokens 3321700.0
wandb:                train_loss 0.27112
wandb:                        +3 ...
wandb: 
wandb: 🚀 View run phd_fsdp2_8_bs_4_3b_20251127_035443 at: https://wandb.ai/alishafique3-kstate/phd_fsdp2_8_bs_4_3b/runs/aqaygu8y
wandb: ⭐️ View project at: https://wandb.ai/alishafique3-kstate/phd_fsdp2_8_bs_4_3b
wandb: Synced 5 W&B file(s), 0 media file(s), 0 artifact file(s) and 0 other file(s)
wandb: Find logs at: ./wandb/run-20251127_035509-aqaygu8y/logs
furious-puma-1:122461:123039 [6] NCCL INFO [Service thread] Connection closed by localRank 0
furious-puma-1:122457:123041 [2] NCCL INFO [Service thread] Connection closed by localRank 0
furious-puma-1:122459:123043 [4] NCCL INFO [Service thread] Connection closed by localRank 0
furious-puma-1:122462:123047 [7] NCCL INFO [Service thread] Connection closed by localRank 0
furious-puma-1:122460:123049 [5] NCCL INFO [Service thread] Connection closed by localRank 0
furious-puma-1:122458:123035 [3] NCCL INFO [Service thread] Connection closed by localRank 0
furious-puma-1:122456:123045 [1] NCCL INFO [Service thread] Connection closed by localRank 0
furious-puma-1:122458:123035 [0] NCCL INFO [Service thread] Connection closed by localRank 4
furious-puma-1:122460:123049 [5] NCCL INFO [Service thread] Connection closed by localRank 4
furious-puma-1:122457:123041 [2] NCCL INFO [Service thread] Connection closed by localRank 3
furious-puma-1:122462:123047 [7] NCCL INFO [Service thread] Connection closed by localRank 6
furious-puma-1:122456:123045 [1] NCCL INFO [Service thread] Connection closed by localRank 2
