timestamp, index, name, pstate, utilization.gpu [%], utilization.memory [%], memory.total [MiB], memory.free [MiB], memory.used [MiB], temperature.gpu, temperature.memory, power.draw [W], power.limit [W], power.max_limit [W], clocks.current.graphics [MHz], clocks.current.memory [MHz], fan.speed [%]
2025/11/27 04:13:04.224, 0, NVIDIA H100 80GB HBM3, P0, 0 %, 0 %, 81559 MiB, 81080 MiB, 0 MiB, 34, 44, 70.84 W, 700.00 W, 700.00 W, 345 MHz, 2619 MHz, [N/A]
2025/11/27 04:13:04.232, 1, NVIDIA H100 80GB HBM3, P0, 0 %, 0 %, 81559 MiB, 81080 MiB, 0 MiB, 39, 46, 73.09 W, 700.00 W, 700.00 W, 345 MHz, 2619 MHz, [N/A]
2025/11/27 04:13:04.241, 2, NVIDIA H100 80GB HBM3, P0, 0 %, 0 %, 81559 MiB, 81080 MiB, 0 MiB, 38, 46, 76.33 W, 700.00 W, 700.00 W, 345 MHz, 2619 MHz, [N/A]
2025/11/27 04:13:04.249, 3, NVIDIA H100 80GB HBM3, P0, 0 %, 0 %, 81559 MiB, 81080 MiB, 0 MiB, 34, 43, 71.50 W, 700.00 W, 700.00 W, 345 MHz, 2619 MHz, [N/A]
2025/11/27 04:13:04.258, 4, NVIDIA H100 80GB HBM3, P0, 0 %, 0 %, 81559 MiB, 81080 MiB, 0 MiB, 33, 39, 70.26 W, 700.00 W, 700.00 W, 345 MHz, 2619 MHz, [N/A]
2025/11/27 04:13:04.266, 5, NVIDIA H100 80GB HBM3, P0, 0 %, 0 %, 81559 MiB, 81080 MiB, 0 MiB, 38, 44, 72.53 W, 700.00 W, 700.00 W, 345 MHz, 2619 MHz, [N/A]
2025/11/27 04:13:04.275, 6, NVIDIA H100 80GB HBM3, P0, 0 %, 0 %, 81559 MiB, 81080 MiB, 0 MiB, 37, 44, 70.60 W, 700.00 W, 700.00 W, 345 MHz, 2619 MHz, [N/A]
2025/11/27 04:13:04.283, 7, NVIDIA H100 80GB HBM3, P0, 0 %, 0 %, 81559 MiB, 81080 MiB, 0 MiB, 34, 43, 70.80 W, 700.00 W, 700.00 W, 345 MHz, 2619 MHz, [N/A]
2025/11/27 04:13:09.292, 0, NVIDIA H100 80GB HBM3, P0, 0 %, 0 %, 81559 MiB, 81076 MiB, 4 MiB, 34, 44, 70.76 W, 700.00 W, 700.00 W, 345 MHz, 2619 MHz, [N/A]
2025/11/27 04:13:09.300, 1, NVIDIA H100 80GB HBM3, P0, 0 %, 0 %, 81559 MiB, 81076 MiB, 4 MiB, 38, 46, 75.43 W, 700.00 W, 700.00 W, 345 MHz, 2619 MHz, [N/A]
2025/11/27 04:13:09.302, 2, NVIDIA H100 80GB HBM3, P0, 0 %, 0 %, 81559 MiB, 81076 MiB, 4 MiB, 38, 46, 76.17 W, 700.00 W, 700.00 W, 345 MHz, 2619 MHz, [N/A]
2025/11/27 04:13:09.303, 3, NVIDIA H100 80GB HBM3, P0, 0 %, 0 %, 81559 MiB, 81076 MiB, 4 MiB, 33, 42, 71.44 W, 700.00 W, 700.00 W, 345 MHz, 2619 MHz, [N/A]
2025/11/27 04:13:09.304, 4, NVIDIA H100 80GB HBM3, P0, 0 %, 0 %, 81559 MiB, 81076 MiB, 4 MiB, 33, 39, 70.19 W, 700.00 W, 700.00 W, 345 MHz, 2619 MHz, [N/A]
2025/11/27 04:13:09.304, 5, NVIDIA H100 80GB HBM3, P0, 0 %, 0 %, 81559 MiB, 81076 MiB, 4 MiB, 37, 43, 72.43 W, 700.00 W, 700.00 W, 345 MHz, 2619 MHz, [N/A]
2025/11/27 04:13:09.305, 6, NVIDIA H100 80GB HBM3, P0, 0 %, 0 %, 81559 MiB, 81076 MiB, 4 MiB, 37, 44, 70.54 W, 700.00 W, 700.00 W, 345 MHz, 2619 MHz, [N/A]
2025/11/27 04:13:09.306, 7, NVIDIA H100 80GB HBM3, P0, 0 %, 0 %, 81559 MiB, 81076 MiB, 4 MiB, 34, 41, 70.77 W, 700.00 W, 700.00 W, 345 MHz, 2619 MHz, [N/A]
2025/11/27 04:13:14.307, 0, NVIDIA H100 80GB HBM3, P0, 0 %, 0 %, 81559 MiB, 81076 MiB, 4 MiB, 34, 43, 70.66 W, 700.00 W, 700.00 W, 345 MHz, 2619 MHz, [N/A]
2025/11/27 04:13:14.308, 1, NVIDIA H100 80GB HBM3, P0, 0 %, 0 %, 81559 MiB, 81076 MiB, 4 MiB, 38, 46, 72.86 W, 700.00 W, 700.00 W, 345 MHz, 2619 MHz, [N/A]
2025/11/27 04:13:14.310, 2, NVIDIA H100 80GB HBM3, P0, 0 %, 0 %, 81559 MiB, 81076 MiB, 4 MiB, 38, 45, 75.97 W, 700.00 W, 700.00 W, 345 MHz, 2619 MHz, [N/A]
2025/11/27 04:13:14.311, 3, NVIDIA H100 80GB HBM3, P0, 0 %, 0 %, 81559 MiB, 81076 MiB, 4 MiB, 33, 41, 71.43 W, 700.00 W, 700.00 W, 345 MHz, 2619 MHz, [N/A]
2025/11/27 04:13:14.312, 4, NVIDIA H100 80GB HBM3, P0, 0 %, 0 %, 81559 MiB, 81076 MiB, 4 MiB, 32, 39, 70.17 W, 700.00 W, 700.00 W, 345 MHz, 2619 MHz, [N/A]
2025/11/27 04:13:14.312, 5, NVIDIA H100 80GB HBM3, P0, 0 %, 0 %, 81559 MiB, 81076 MiB, 4 MiB, 37, 43, 72.34 W, 700.00 W, 700.00 W, 345 MHz, 2619 MHz, [N/A]
2025/11/27 04:13:14.313, 6, NVIDIA H100 80GB HBM3, P0, 0 %, 0 %, 81559 MiB, 81076 MiB, 4 MiB, 36, 43, 70.43 W, 700.00 W, 700.00 W, 345 MHz, 2619 MHz, [N/A]
2025/11/27 04:13:14.314, 7, NVIDIA H100 80GB HBM3, P0, 0 %, 0 %, 81559 MiB, 81076 MiB, 4 MiB, 34, 42, 70.61 W, 700.00 W, 700.00 W, 345 MHz, 2619 MHz, [N/A]
2025/11/27 04:13:19.315, 0, NVIDIA H100 80GB HBM3, P0, 1 %, 0 %, 81559 MiB, 80453 MiB, 627 MiB, 35, 43, 118.00 W, 700.00 W, 700.00 W, 1980 MHz, 2619 MHz, [N/A]
2025/11/27 04:13:19.332, 1, NVIDIA H100 80GB HBM3, P0, 0 %, 0 %, 81559 MiB, 80351 MiB, 729 MiB, 39, 46, 122.46 W, 700.00 W, 700.00 W, 1980 MHz, 2619 MHz, [N/A]
2025/11/27 04:13:19.344, 2, NVIDIA H100 80GB HBM3, P0, 1 %, 0 %, 81559 MiB, 80473 MiB, 607 MiB, 38, 45, 125.29 W, 700.00 W, 700.00 W, 1980 MHz, 2619 MHz, [N/A]
2025/11/27 04:13:19.347, 3, NVIDIA H100 80GB HBM3, P0, 0 %, 0 %, 81559 MiB, 80353 MiB, 727 MiB, 34, 41, 121.96 W, 700.00 W, 700.00 W, 1980 MHz, 2619 MHz, [N/A]
2025/11/27 04:13:19.360, 4, NVIDIA H100 80GB HBM3, P0, 0 %, 0 %, 81559 MiB, 80351 MiB, 729 MiB, 33, 39, 115.17 W, 700.00 W, 700.00 W, 1980 MHz, 2619 MHz, [N/A]
2025/11/27 04:13:19.377, 5, NVIDIA H100 80GB HBM3, P0, 0 %, 0 %, 81559 MiB, 80353 MiB, 727 MiB, 38, 43, 122.02 W, 700.00 W, 700.00 W, 1980 MHz, 2619 MHz, [N/A]
2025/11/27 04:13:19.387, 6, NVIDIA H100 80GB HBM3, P0, 0 %, 0 %, 81559 MiB, 80353 MiB, 727 MiB, 37, 43, 118.21 W, 700.00 W, 700.00 W, 1980 MHz, 2619 MHz, [N/A]
2025/11/27 04:13:19.399, 7, NVIDIA H100 80GB HBM3, P0, 0 %, 0 %, 81559 MiB, 80351 MiB, 729 MiB, 35, 41, 117.94 W, 700.00 W, 700.00 W, 1980 MHz, 2619 MHz, [N/A]
2025/11/27 04:13:24.404, 0, NVIDIA H100 80GB HBM3, P0, 0 %, 0 %, 81559 MiB, 75741 MiB, 5339 MiB, 35, 43, 116.99 W, 700.00 W, 700.00 W, 1980 MHz, 2619 MHz, [N/A]
2025/11/27 04:13:24.405, 1, NVIDIA H100 80GB HBM3, P0, 0 %, 0 %, 81559 MiB, 75741 MiB, 5339 MiB, 39, 44, 122.66 W, 700.00 W, 700.00 W, 1980 MHz, 2619 MHz, [N/A]
2025/11/27 04:13:24.405, 2, NVIDIA H100 80GB HBM3, P0, 0 %, 0 %, 81559 MiB, 75741 MiB, 5339 MiB, 38, 44, 123.77 W, 700.00 W, 700.00 W, 1980 MHz, 2619 MHz, [N/A]
2025/11/27 04:13:24.406, 3, NVIDIA H100 80GB HBM3, P0, 0 %, 0 %, 81559 MiB, 75741 MiB, 5339 MiB, 34, 42, 120.79 W, 700.00 W, 700.00 W, 1980 MHz, 2619 MHz, [N/A]
2025/11/27 04:13:24.406, 4, NVIDIA H100 80GB HBM3, P0, 0 %, 0 %, 81559 MiB, 75741 MiB, 5339 MiB, 34, 39, 115.22 W, 700.00 W, 700.00 W, 1980 MHz, 2619 MHz, [N/A]
2025/11/27 04:13:24.407, 5, NVIDIA H100 80GB HBM3, P0, 0 %, 0 %, 81559 MiB, 75741 MiB, 5339 MiB, 38, 43, 121.02 W, 700.00 W, 700.00 W, 1980 MHz, 2619 MHz, [N/A]
2025/11/27 04:13:24.407, 6, NVIDIA H100 80GB HBM3, P0, 0 %, 0 %, 81559 MiB, 75741 MiB, 5339 MiB, 37, 44, 117.18 W, 700.00 W, 700.00 W, 1980 MHz, 2619 MHz, [N/A]
2025/11/27 04:13:24.408, 7, NVIDIA H100 80GB HBM3, P0, 0 %, 0 %, 81559 MiB, 75741 MiB, 5339 MiB, 35, 41, 117.34 W, 700.00 W, 700.00 W, 1980 MHz, 2619 MHz, [N/A]
2025/11/27 04:13:29.408, 0, NVIDIA H100 80GB HBM3, P0, 0 %, 0 %, 81559 MiB, 75741 MiB, 5339 MiB, 35, 43, 116.91 W, 700.00 W, 700.00 W, 1980 MHz, 2619 MHz, [N/A]
2025/11/27 04:13:29.409, 1, NVIDIA H100 80GB HBM3, P0, 0 %, 0 %, 81559 MiB, 75741 MiB, 5339 MiB, 39, 44, 122.58 W, 700.00 W, 700.00 W, 1980 MHz, 2619 MHz, [N/A]
2025/11/27 04:13:29.410, 2, NVIDIA H100 80GB HBM3, P0, 0 %, 0 %, 81559 MiB, 75741 MiB, 5339 MiB, 38, 44, 123.63 W, 700.00 W, 700.00 W, 1980 MHz, 2619 MHz, [N/A]
2025/11/27 04:13:29.411, 3, NVIDIA H100 80GB HBM3, P0, 0 %, 0 %, 81559 MiB, 75741 MiB, 5339 MiB, 34, 42, 120.72 W, 700.00 W, 700.00 W, 1980 MHz, 2619 MHz, [N/A]
2025/11/27 04:13:29.411, 4, NVIDIA H100 80GB HBM3, P0, 0 %, 0 %, 81559 MiB, 75741 MiB, 5339 MiB, 34, 39, 115.17 W, 700.00 W, 700.00 W, 1980 MHz, 2619 MHz, [N/A]
2025/11/27 04:13:29.412, 5, NVIDIA H100 80GB HBM3, P0, 0 %, 0 %, 81559 MiB, 75741 MiB, 5339 MiB, 38, 43, 120.89 W, 700.00 W, 700.00 W, 1980 MHz, 2619 MHz, [N/A]
2025/11/27 04:13:29.412, 6, NVIDIA H100 80GB HBM3, P0, 0 %, 0 %, 81559 MiB, 75741 MiB, 5339 MiB, 37, 43, 117.12 W, 700.00 W, 700.00 W, 1980 MHz, 2619 MHz, [N/A]
2025/11/27 04:13:29.413, 7, NVIDIA H100 80GB HBM3, P0, 0 %, 0 %, 81559 MiB, 75741 MiB, 5339 MiB, 35, 41, 117.27 W, 700.00 W, 700.00 W, 1980 MHz, 2619 MHz, [N/A]
2025/11/27 04:13:34.413, 0, NVIDIA H100 80GB HBM3, P0, 0 %, 0 %, 81559 MiB, 75741 MiB, 5339 MiB, 35, 43, 116.92 W, 700.00 W, 700.00 W, 1980 MHz, 2619 MHz, [N/A]
2025/11/27 04:13:34.414, 1, NVIDIA H100 80GB HBM3, P0, 0 %, 0 %, 81559 MiB, 75741 MiB, 5339 MiB, 39, 44, 122.45 W, 700.00 W, 700.00 W, 1980 MHz, 2619 MHz, [N/A]
2025/11/27 04:13:34.415, 2, NVIDIA H100 80GB HBM3, P0, 0 %, 0 %, 81559 MiB, 75741 MiB, 5339 MiB, 38, 44, 123.58 W, 700.00 W, 700.00 W, 1980 MHz, 2619 MHz, [N/A]
2025/11/27 04:13:34.416, 3, NVIDIA H100 80GB HBM3, P0, 0 %, 0 %, 81559 MiB, 75741 MiB, 5339 MiB, 34, 42, 120.73 W, 700.00 W, 700.00 W, 1980 MHz, 2619 MHz, [N/A]
2025/11/27 04:13:34.416, 4, NVIDIA H100 80GB HBM3, P0, 0 %, 0 %, 81559 MiB, 75741 MiB, 5339 MiB, 34, 39, 115.19 W, 700.00 W, 700.00 W, 1980 MHz, 2619 MHz, [N/A]
2025/11/27 04:13:34.417, 5, NVIDIA H100 80GB HBM3, P0, 0 %, 0 %, 81559 MiB, 75741 MiB, 5339 MiB, 38, 43, 120.85 W, 700.00 W, 700.00 W, 1980 MHz, 2619 MHz, [N/A]
2025/11/27 04:13:34.417, 6, NVIDIA H100 80GB HBM3, P0, 0 %, 0 %, 81559 MiB, 75741 MiB, 5339 MiB, 37, 43, 117.02 W, 700.00 W, 700.00 W, 1980 MHz, 2619 MHz, [N/A]
2025/11/27 04:13:34.418, 7, NVIDIA H100 80GB HBM3, P0, 0 %, 0 %, 81559 MiB, 75741 MiB, 5339 MiB, 35, 41, 117.22 W, 700.00 W, 700.00 W, 1980 MHz, 2619 MHz, [N/A]
2025/11/27 04:13:39.418, 0, NVIDIA H100 80GB HBM3, P0, 0 %, 0 %, 81559 MiB, 75741 MiB, 5339 MiB, 35, 43, 116.89 W, 700.00 W, 700.00 W, 1980 MHz, 2619 MHz, [N/A]
2025/11/27 04:13:39.419, 1, NVIDIA H100 80GB HBM3, P0, 0 %, 0 %, 81559 MiB, 75741 MiB, 5339 MiB, 38, 44, 123.38 W, 700.00 W, 700.00 W, 1980 MHz, 2619 MHz, [N/A]
2025/11/27 04:13:39.420, 2, NVIDIA H100 80GB HBM3, P0, 100 %, 0 %, 81559 MiB, 75741 MiB, 5339 MiB, 38, 45, 126.29 W, 700.00 W, 700.00 W, 1980 MHz, 2619 MHz, [N/A]
2025/11/27 04:13:39.421, 3, NVIDIA H100 80GB HBM3, P0, 0 %, 0 %, 81559 MiB, 75741 MiB, 5339 MiB, 34, 42, 122.12 W, 700.00 W, 700.00 W, 1980 MHz, 2619 MHz, [N/A]
2025/11/27 04:13:39.422, 4, NVIDIA H100 80GB HBM3, P0, 0 %, 0 %, 81559 MiB, 75741 MiB, 5339 MiB, 34, 39, 115.17 W, 700.00 W, 700.00 W, 1980 MHz, 2619 MHz, [N/A]
2025/11/27 04:13:39.422, 5, NVIDIA H100 80GB HBM3, P0, 0 %, 0 %, 81559 MiB, 75741 MiB, 5339 MiB, 38, 43, 120.80 W, 700.00 W, 700.00 W, 1980 MHz, 2619 MHz, [N/A]
2025/11/27 04:13:39.423, 6, NVIDIA H100 80GB HBM3, P0, 38 %, 0 %, 81559 MiB, 75741 MiB, 5339 MiB, 37, 43, 118.23 W, 700.00 W, 700.00 W, 1980 MHz, 2619 MHz, [N/A]
2025/11/27 04:13:39.423, 7, NVIDIA H100 80GB HBM3, P0, 0 %, 0 %, 81559 MiB, 75741 MiB, 5339 MiB, 35, 41, 117.25 W, 700.00 W, 700.00 W, 1980 MHz, 2619 MHz, [N/A]
2025/11/27 04:13:44.425, 0, NVIDIA H100 80GB HBM3, P0, 100 %, 0 %, 81559 MiB, 75741 MiB, 5339 MiB, 35, 43, 119.35 W, 700.00 W, 700.00 W, 1980 MHz, 2619 MHz, [N/A]
2025/11/27 04:13:44.426, 1, NVIDIA H100 80GB HBM3, P0, 100 %, 0 %, 81559 MiB, 75741 MiB, 5339 MiB, 38, 44, 125.10 W, 700.00 W, 700.00 W, 1980 MHz, 2619 MHz, [N/A]
2025/11/27 04:13:44.427, 2, NVIDIA H100 80GB HBM3, P0, 100 %, 0 %, 81559 MiB, 75741 MiB, 5339 MiB, 38, 44, 125.92 W, 700.00 W, 700.00 W, 1980 MHz, 2619 MHz, [N/A]
2025/11/27 04:13:44.427, 3, NVIDIA H100 80GB HBM3, P0, 100 %, 0 %, 81559 MiB, 75741 MiB, 5339 MiB, 34, 42, 123.27 W, 700.00 W, 700.00 W, 1980 MHz, 2619 MHz, [N/A]
2025/11/27 04:13:44.430, 4, NVIDIA H100 80GB HBM3, P0, 0 %, 0 %, 81559 MiB, 75741 MiB, 5339 MiB, 34, 39, 115.10 W, 700.00 W, 700.00 W, 1980 MHz, 2619 MHz, [N/A]
2025/11/27 04:13:44.431, 5, NVIDIA H100 80GB HBM3, P0, 0 %, 0 %, 81559 MiB, 75741 MiB, 5339 MiB, 37, 43, 120.79 W, 700.00 W, 700.00 W, 1980 MHz, 2619 MHz, [N/A]
2025/11/27 04:13:44.431, 6, NVIDIA H100 80GB HBM3, P0, 100 %, 0 %, 81559 MiB, 75741 MiB, 5339 MiB, 37, 43, 119.26 W, 700.00 W, 700.00 W, 1980 MHz, 2619 MHz, [N/A]
2025/11/27 04:13:44.432, 7, NVIDIA H100 80GB HBM3, P0, 100 %, 0 %, 81559 MiB, 75741 MiB, 5339 MiB, 35, 41, 119.70 W, 700.00 W, 700.00 W, 1980 MHz, 2619 MHz, [N/A]
2025/11/27 04:13:49.433, 0, NVIDIA H100 80GB HBM3, P0, 0 %, 0 %, 81559 MiB, 76999 MiB, 4081 MiB, 35, 43, 118.25 W, 700.00 W, 700.00 W, 1980 MHz, 2619 MHz, [N/A]
2025/11/27 04:13:49.434, 1, NVIDIA H100 80GB HBM3, P0, 3 %, 0 %, 81559 MiB, 76999 MiB, 4081 MiB, 39, 45, 123.57 W, 700.00 W, 700.00 W, 1980 MHz, 2619 MHz, [N/A]
2025/11/27 04:13:49.434, 2, NVIDIA H100 80GB HBM3, P0, 77 %, 0 %, 81559 MiB, 76999 MiB, 4081 MiB, 38, 44, 125.82 W, 700.00 W, 700.00 W, 1980 MHz, 2619 MHz, [N/A]
2025/11/27 04:13:49.435, 3, NVIDIA H100 80GB HBM3, P0, 9 %, 0 %, 81559 MiB, 76999 MiB, 4081 MiB, 35, 42, 123.14 W, 700.00 W, 700.00 W, 1980 MHz, 2619 MHz, [N/A]
2025/11/27 04:13:49.436, 4, NVIDIA H100 80GB HBM3, P0, 29 %, 0 %, 81559 MiB, 76999 MiB, 4081 MiB, 34, 39, 117.56 W, 700.00 W, 700.00 W, 1980 MHz, 2619 MHz, [N/A]
2025/11/27 04:13:49.437, 5, NVIDIA H100 80GB HBM3, P0, 28 %, 0 %, 81559 MiB, 76999 MiB, 4081 MiB, 38, 43, 122.62 W, 700.00 W, 700.00 W, 1980 MHz, 2619 MHz, [N/A]
2025/11/27 04:13:49.437, 6, NVIDIA H100 80GB HBM3, P0, 100 %, 0 %, 81559 MiB, 76999 MiB, 4081 MiB, 37, 43, 119.56 W, 700.00 W, 700.00 W, 1980 MHz, 2619 MHz, [N/A]
2025/11/27 04:13:49.438, 7, NVIDIA H100 80GB HBM3, P0, 2 %, 0 %, 81559 MiB, 76999 MiB, 4081 MiB, 35, 41, 117.93 W, 700.00 W, 700.00 W, 1980 MHz, 2619 MHz, [N/A]
2025/11/27 04:13:54.439, 0, NVIDIA H100 80GB HBM3, P0, 10 %, 4 %, 81559 MiB, 68615 MiB, 12465 MiB, 37, 43, 142.48 W, 700.00 W, 700.00 W, 1980 MHz, 2619 MHz, [N/A]
2025/11/27 04:13:54.440, 1, NVIDIA H100 80GB HBM3, P0, 1 %, 0 %, 81559 MiB, 67045 MiB, 14035 MiB, 40, 46, 158.15 W, 700.00 W, 700.00 W, 1980 MHz, 2619 MHz, [N/A]
2025/11/27 04:13:54.441, 2, NVIDIA H100 80GB HBM3, P0, 85 %, 8 %, 81559 MiB, 67405 MiB, 13675 MiB, 40, 45, 162.66 W, 700.00 W, 700.00 W, 1980 MHz, 2619 MHz, [N/A]
2025/11/27 04:13:54.442, 3, NVIDIA H100 80GB HBM3, P0, 100 %, 8 %, 81559 MiB, 66385 MiB, 14695 MiB, 36, 43, 157.13 W, 700.00 W, 700.00 W, 1980 MHz, 2619 MHz, [N/A]
2025/11/27 04:13:54.442, 4, NVIDIA H100 80GB HBM3, P0, 74 %, 8 %, 81559 MiB, 66985 MiB, 14095 MiB, 35, 41, 144.59 W, 700.00 W, 700.00 W, 1980 MHz, 2619 MHz, [N/A]
2025/11/27 04:13:54.443, 5, NVIDIA H100 80GB HBM3, P0, 37 %, 3 %, 81559 MiB, 67269 MiB, 13811 MiB, 40, 43, 159.79 W, 700.00 W, 700.00 W, 1980 MHz, 2619 MHz, [N/A]
2025/11/27 04:13:54.444, 6, NVIDIA H100 80GB HBM3, P0, 98 %, 8 %, 81559 MiB, 66061 MiB, 15019 MiB, 39, 43, 146.02 W, 700.00 W, 700.00 W, 1980 MHz, 2619 MHz, [N/A]
2025/11/27 04:13:54.444, 7, NVIDIA H100 80GB HBM3, P0, 18 %, 2 %, 81559 MiB, 67351 MiB, 13729 MiB, 37, 43, 147.87 W, 700.00 W, 700.00 W, 1980 MHz, 2619 MHz, [N/A]
2025/11/27 04:13:59.446, 0, NVIDIA H100 80GB HBM3, P0, 94 %, 14 %, 81559 MiB, 58375 MiB, 22705 MiB, 39, 46, 226.51 W, 700.00 W, 700.00 W, 1980 MHz, 2619 MHz, [N/A]
2025/11/27 04:13:59.451, 1, NVIDIA H100 80GB HBM3, P0, 64 %, 7 %, 81559 MiB, 59593 MiB, 21487 MiB, 41, 46, 245.12 W, 700.00 W, 700.00 W, 1980 MHz, 2619 MHz, [N/A]
2025/11/27 04:13:59.452, 2, NVIDIA H100 80GB HBM3, P0, 94 %, 9 %, 81559 MiB, 59953 MiB, 21127 MiB, 41, 47, 242.55 W, 700.00 W, 700.00 W, 1980 MHz, 2619 MHz, [N/A]
2025/11/27 04:13:59.453, 3, NVIDIA H100 80GB HBM3, P0, 60 %, 10 %, 81559 MiB, 58179 MiB, 22901 MiB, 38, 45, 241.10 W, 700.00 W, 700.00 W, 1980 MHz, 2619 MHz, [N/A]
2025/11/27 04:13:59.453, 4, NVIDIA H100 80GB HBM3, P0, 76 %, 9 %, 81559 MiB, 59535 MiB, 21545 MiB, 36, 41, 220.54 W, 700.00 W, 700.00 W, 1980 MHz, 2619 MHz, [N/A]
2025/11/27 04:13:59.454, 5, NVIDIA H100 80GB HBM3, P0, 96 %, 10 %, 81559 MiB, 60563 MiB, 20517 MiB, 40, 45, 241.11 W, 700.00 W, 700.00 W, 1980 MHz, 2619 MHz, [N/A]
2025/11/27 04:13:59.455, 6, NVIDIA H100 80GB HBM3, P0, 80 %, 13 %, 81559 MiB, 58599 MiB, 22481 MiB, 41, 45, 235.91 W, 700.00 W, 700.00 W, 1980 MHz, 2619 MHz, [N/A]
2025/11/27 04:13:59.456, 7, NVIDIA H100 80GB HBM3, P0, 40 %, 7 %, 81559 MiB, 55621 MiB, 25459 MiB, 38, 43, 237.88 W, 700.00 W, 700.00 W, 1980 MHz, 2619 MHz, [N/A]
2025/11/27 04:14:04.457, 0, NVIDIA H100 80GB HBM3, P0, 100 %, 19 %, 81559 MiB, 57615 MiB, 23465 MiB, 41, 47, 255.15 W, 700.00 W, 700.00 W, 1980 MHz, 2619 MHz, [N/A]
2025/11/27 04:14:04.458, 1, NVIDIA H100 80GB HBM3, P0, 68 %, 8 %, 81559 MiB, 59007 MiB, 22073 MiB, 43, 48, 270.93 W, 700.00 W, 700.00 W, 1980 MHz, 2619 MHz, [N/A]
2025/11/27 04:14:04.459, 2, NVIDIA H100 80GB HBM3, P0, 100 %, 19 %, 81559 MiB, 59947 MiB, 21133 MiB, 43, 48, 267.74 W, 700.00 W, 700.00 W, 1980 MHz, 2619 MHz, [N/A]
2025/11/27 04:14:04.460, 3, NVIDIA H100 80GB HBM3, P0, 100 %, 18 %, 81559 MiB, 58175 MiB, 22905 MiB, 39, 47, 261.84 W, 700.00 W, 700.00 W, 1980 MHz, 2619 MHz, [N/A]
2025/11/27 04:14:04.460, 4, NVIDIA H100 80GB HBM3, P0, 100 %, 18 %, 81559 MiB, 58889 MiB, 22191 MiB, 38, 45, 251.95 W, 700.00 W, 700.00 W, 1980 MHz, 2619 MHz, [N/A]
2025/11/27 04:14:04.461, 5, NVIDIA H100 80GB HBM3, P0, 100 %, 14 %, 81559 MiB, 59949 MiB, 21131 MiB, 41, 47, 253.28 W, 700.00 W, 700.00 W, 1980 MHz, 2619 MHz, [N/A]
2025/11/27 04:14:04.461, 6, NVIDIA H100 80GB HBM3, P0, 100 %, 19 %, 81559 MiB, 58595 MiB, 22485 MiB, 41, 47, 252.41 W, 700.00 W, 700.00 W, 1980 MHz, 2619 MHz, [N/A]
2025/11/27 04:14:04.462, 7, NVIDIA H100 80GB HBM3, P0, 18 %, 7 %, 81559 MiB, 55617 MiB, 25463 MiB, 40, 47, 245.39 W, 700.00 W, 700.00 W, 1980 MHz, 2619 MHz, [N/A]
2025/11/27 04:14:09.463, 0, NVIDIA H100 80GB HBM3, P0, 67 %, 8 %, 81559 MiB, 57607 MiB, 23473 MiB, 40, 47, 234.56 W, 700.00 W, 700.00 W, 1980 MHz, 2619 MHz, [N/A]
2025/11/27 04:14:09.464, 1, NVIDIA H100 80GB HBM3, P0, 52 %, 15 %, 81559 MiB, 58997 MiB, 22083 MiB, 42, 48, 242.85 W, 700.00 W, 700.00 W, 1980 MHz, 2619 MHz, [N/A]
2025/11/27 04:14:09.465, 2, NVIDIA H100 80GB HBM3, P0, 100 %, 9 %, 81559 MiB, 59939 MiB, 21141 MiB, 43, 48, 245.23 W, 700.00 W, 700.00 W, 1980 MHz, 2619 MHz, [N/A]
2025/11/27 04:14:09.466, 3, NVIDIA H100 80GB HBM3, P0, 100 %, 12 %, 81559 MiB, 58171 MiB, 22909 MiB, 40, 47, 240.96 W, 700.00 W, 700.00 W, 1980 MHz, 2619 MHz, [N/A]
2025/11/27 04:14:09.467, 4, NVIDIA H100 80GB HBM3, P0, 81 %, 9 %, 81559 MiB, 58885 MiB, 22195 MiB, 39, 44, 226.61 W, 700.00 W, 700.00 W, 1980 MHz, 2619 MHz, [N/A]
2025/11/27 04:14:09.468, 5, NVIDIA H100 80GB HBM3, P0, 63 %, 13 %, 81559 MiB, 59193 MiB, 21887 MiB, 42, 47, 241.31 W, 700.00 W, 700.00 W, 1980 MHz, 2619 MHz, [N/A]
2025/11/27 04:14:09.468, 6, NVIDIA H100 80GB HBM3, P0, 100 %, 9 %, 81559 MiB, 58591 MiB, 22489 MiB, 42, 48, 235.04 W, 700.00 W, 700.00 W, 1980 MHz, 2619 MHz, [N/A]
2025/11/27 04:14:09.469, 7, NVIDIA H100 80GB HBM3, P0, 38 %, 17 %, 81559 MiB, 55613 MiB, 25467 MiB, 40, 45, 219.68 W, 700.00 W, 700.00 W, 1980 MHz, 2619 MHz, [N/A]
2025/11/27 04:14:14.470, 0, NVIDIA H100 80GB HBM3, P0, 91 %, 9 %, 81559 MiB, 57589 MiB, 23491 MiB, 40, 48, 261.73 W, 700.00 W, 700.00 W, 1980 MHz, 2619 MHz, [N/A]
2025/11/27 04:14:14.471, 1, NVIDIA H100 80GB HBM3, P0, 95 %, 10 %, 81559 MiB, 58995 MiB, 22085 MiB, 44, 50, 267.87 W, 700.00 W, 700.00 W, 1980 MHz, 2619 MHz, [N/A]
2025/11/27 04:14:14.472, 2, NVIDIA H100 80GB HBM3, P0, 99 %, 12 %, 81559 MiB, 59937 MiB, 21143 MiB, 45, 50, 284.55 W, 700.00 W, 700.00 W, 1980 MHz, 2619 MHz, [N/A]
2025/11/27 04:14:14.472, 3, NVIDIA H100 80GB HBM3, P0, 99 %, 14 %, 81559 MiB, 58169 MiB, 22911 MiB, 40, 47, 249.99 W, 700.00 W, 700.00 W, 1980 MHz, 2619 MHz, [N/A]
2025/11/27 04:14:14.473, 4, NVIDIA H100 80GB HBM3, P0, 68 %, 11 %, 81559 MiB, 58203 MiB, 22877 MiB, 39, 45, 259.52 W, 700.00 W, 700.00 W, 1980 MHz, 2619 MHz, [N/A]
2025/11/27 04:14:14.474, 5, NVIDIA H100 80GB HBM3, P0, 94 %, 11 %, 81559 MiB, 59191 MiB, 21889 MiB, 43, 48, 280.92 W, 700.00 W, 700.00 W, 1980 MHz, 2619 MHz, [N/A]
2025/11/27 04:14:14.475, 6, NVIDIA H100 80GB HBM3, P0, 61 %, 9 %, 81559 MiB, 58589 MiB, 22491 MiB, 42, 47, 251.04 W, 700.00 W, 700.00 W, 1980 MHz, 2619 MHz, [N/A]
2025/11/27 04:14:14.476, 7, NVIDIA H100 80GB HBM3, P0, 26 %, 10 %, 81559 MiB, 55611 MiB, 25469 MiB, 41, 47, 253.81 W, 700.00 W, 700.00 W, 1980 MHz, 2619 MHz, [N/A]
2025/11/27 04:14:19.478, 0, NVIDIA H100 80GB HBM3, P0, 77 %, 10 %, 81559 MiB, 57585 MiB, 23495 MiB, 41, 47, 258.56 W, 700.00 W, 700.00 W, 1980 MHz, 2619 MHz, [N/A]
2025/11/27 04:14:19.479, 1, NVIDIA H100 80GB HBM3, P0, 92 %, 12 %, 81559 MiB, 58991 MiB, 22089 MiB, 45, 50, 268.85 W, 700.00 W, 700.00 W, 1980 MHz, 2619 MHz, [N/A]
2025/11/27 04:14:19.481, 2, NVIDIA H100 80GB HBM3, P0, 89 %, 12 %, 81559 MiB, 57099 MiB, 23981 MiB, 45, 51, 273.16 W, 700.00 W, 700.00 W, 1980 MHz, 2619 MHz, [N/A]
2025/11/27 04:14:19.482, 3, NVIDIA H100 80GB HBM3, P0, 64 %, 12 %, 81559 MiB, 58157 MiB, 22923 MiB, 40, 47, 248.39 W, 700.00 W, 700.00 W, 1980 MHz, 2619 MHz, [N/A]
2025/11/27 04:14:19.483, 4, NVIDIA H100 80GB HBM3, P0, 85 %, 8 %, 81559 MiB, 58199 MiB, 22881 MiB, 39, 45, 244.75 W, 700.00 W, 700.00 W, 1980 MHz, 2619 MHz, [N/A]
2025/11/27 04:14:19.483, 5, NVIDIA H100 80GB HBM3, P0, 100 %, 9 %, 81559 MiB, 56035 MiB, 25045 MiB, 44, 48, 274.85 W, 700.00 W, 700.00 W, 1980 MHz, 2619 MHz, [N/A]
2025/11/27 04:14:19.484, 6, NVIDIA H100 80GB HBM3, P0, 99 %, 9 %, 81559 MiB, 58585 MiB, 22495 MiB, 42, 47, 262.79 W, 700.00 W, 700.00 W, 1980 MHz, 2619 MHz, [N/A]
2025/11/27 04:14:19.485, 7, NVIDIA H100 80GB HBM3, P0, 99 %, 9 %, 81559 MiB, 55607 MiB, 25473 MiB, 42, 47, 264.37 W, 700.00 W, 700.00 W, 1980 MHz, 2619 MHz, [N/A]
2025/11/27 04:14:24.486, 0, NVIDIA H100 80GB HBM3, P0, 70 %, 7 %, 81559 MiB, 57583 MiB, 23497 MiB, 41, 49, 276.42 W, 700.00 W, 700.00 W, 1980 MHz, 2619 MHz, [N/A]
2025/11/27 04:14:24.487, 1, NVIDIA H100 80GB HBM3, P0, 82 %, 20 %, 81559 MiB, 58991 MiB, 22089 MiB, 44, 50, 256.37 W, 700.00 W, 700.00 W, 1980 MHz, 2619 MHz, [N/A]
2025/11/27 04:14:24.488, 2, NVIDIA H100 80GB HBM3, P0, 98 %, 13 %, 81559 MiB, 57087 MiB, 23993 MiB, 46, 50, 276.89 W, 700.00 W, 700.00 W, 1980 MHz, 2619 MHz, [N/A]
2025/11/27 04:14:24.489, 3, NVIDIA H100 80GB HBM3, P0, 100 %, 7 %, 81559 MiB, 56485 MiB, 24595 MiB, 40, 48, 249.37 W, 700.00 W, 700.00 W, 1980 MHz, 2619 MHz, [N/A]
2025/11/27 04:14:24.489, 4, NVIDIA H100 80GB HBM3, P0, 84 %, 8 %, 81559 MiB, 58197 MiB, 22883 MiB, 39, 45, 264.70 W, 700.00 W, 700.00 W, 1980 MHz, 2619 MHz, [N/A]
2025/11/27 04:14:24.490, 5, NVIDIA H100 80GB HBM3, P0, 61 %, 13 %, 81559 MiB, 56031 MiB, 25049 MiB, 43, 47, 256.23 W, 700.00 W, 700.00 W, 1980 MHz, 2619 MHz, [N/A]
2025/11/27 04:14:24.491, 6, NVIDIA H100 80GB HBM3, P0, 100 %, 10 %, 81559 MiB, 58583 MiB, 22497 MiB, 44, 50, 266.64 W, 700.00 W, 700.00 W, 1980 MHz, 2619 MHz, [N/A]
2025/11/27 04:14:24.491, 7, NVIDIA H100 80GB HBM3, P0, 47 %, 8 %, 81559 MiB, 55603 MiB, 25477 MiB, 40, 47, 249.78 W, 700.00 W, 700.00 W, 1980 MHz, 2619 MHz, [N/A]
2025/11/27 04:14:29.493, 0, NVIDIA H100 80GB HBM3, P0, 23 %, 8 %, 81559 MiB, 57581 MiB, 23499 MiB, 41, 49, 267.98 W, 700.00 W, 700.00 W, 1980 MHz, 2619 MHz, [N/A]
2025/11/27 04:14:29.494, 1, NVIDIA H100 80GB HBM3, P0, 51 %, 15 %, 81559 MiB, 58307 MiB, 22773 MiB, 45, 50, 278.72 W, 700.00 W, 700.00 W, 1980 MHz, 2619 MHz, [N/A]
2025/11/27 04:14:29.495, 2, NVIDIA H100 80GB HBM3, P0, 99 %, 10 %, 81559 MiB, 57083 MiB, 23997 MiB, 45, 52, 256.57 W, 700.00 W, 700.00 W, 1980 MHz, 2619 MHz, [N/A]
2025/11/27 04:14:29.495, 3, NVIDIA H100 80GB HBM3, P0, 99 %, 9 %, 81559 MiB, 56483 MiB, 24597 MiB, 42, 48, 258.74 W, 700.00 W, 700.00 W, 1980 MHz, 2619 MHz, [N/A]
2025/11/27 04:14:29.496, 4, NVIDIA H100 80GB HBM3, P0, 100 %, 13 %, 81559 MiB, 58193 MiB, 22887 MiB, 39, 45, 265.71 W, 700.00 W, 700.00 W, 1980 MHz, 2619 MHz, [N/A]
2025/11/27 04:14:29.497, 5, NVIDIA H100 80GB HBM3, P0, 100 %, 10 %, 81559 MiB, 56029 MiB, 25051 MiB, 45, 49, 266.44 W, 700.00 W, 700.00 W, 1980 MHz, 2619 MHz, [N/A]
2025/11/27 04:14:29.497, 6, NVIDIA H100 80GB HBM3, P0, 96 %, 11 %, 81559 MiB, 58579 MiB, 22501 MiB, 43, 48, 256.77 W, 700.00 W, 700.00 W, 1980 MHz, 2619 MHz, [N/A]
2025/11/27 04:14:29.498, 7, NVIDIA H100 80GB HBM3, P0, 86 %, 8 %, 81559 MiB, 55601 MiB, 25479 MiB, 41, 47, 256.28 W, 700.00 W, 700.00 W, 1980 MHz, 2619 MHz, [N/A]
2025/11/27 04:14:34.500, 0, NVIDIA H100 80GB HBM3, P0, 78 %, 9 %, 81559 MiB, 57579 MiB, 23501 MiB, 42, 49, 248.44 W, 700.00 W, 700.00 W, 1980 MHz, 2619 MHz, [N/A]
2025/11/27 04:14:34.501, 1, NVIDIA H100 80GB HBM3, P0, 100 %, 10 %, 81559 MiB, 58305 MiB, 22775 MiB, 46, 52, 280.81 W, 700.00 W, 700.00 W, 1980 MHz, 2619 MHz, [N/A]
2025/11/27 04:14:34.501, 2, NVIDIA H100 80GB HBM3, P0, 100 %, 15 %, 81559 MiB, 57083 MiB, 23997 MiB, 47, 51, 283.49 W, 700.00 W, 700.00 W, 1980 MHz, 2619 MHz, [N/A]
2025/11/27 04:14:34.502, 3, NVIDIA H100 80GB HBM3, P0, 60 %, 11 %, 81559 MiB, 56479 MiB, 24601 MiB, 41, 48, 248.34 W, 700.00 W, 700.00 W, 1980 MHz, 2619 MHz, [N/A]
2025/11/27 04:14:34.503, 4, NVIDIA H100 80GB HBM3, P0, 98 %, 13 %, 81559 MiB, 58193 MiB, 22887 MiB, 41, 45, 259.73 W, 700.00 W, 700.00 W, 1980 MHz, 2619 MHz, [N/A]
2025/11/27 04:14:34.503, 5, NVIDIA H100 80GB HBM3, P0, 84 %, 11 %, 81559 MiB, 56029 MiB, 25051 MiB, 45, 49, 287.02 W, 700.00 W, 700.00 W, 1980 MHz, 2619 MHz, [N/A]
2025/11/27 04:14:34.504, 6, NVIDIA H100 80GB HBM3, P0, 63 %, 12 %, 81559 MiB, 58577 MiB, 22503 MiB, 44, 49, 264.40 W, 700.00 W, 700.00 W, 1980 MHz, 2619 MHz, [N/A]
2025/11/27 04:14:34.504, 7, NVIDIA H100 80GB HBM3, P0, 37 %, 10 %, 81559 MiB, 55601 MiB, 25479 MiB, 42, 47, 265.97 W, 700.00 W, 700.00 W, 1980 MHz, 2619 MHz, [N/A]
2025/11/27 04:14:39.506, 0, NVIDIA H100 80GB HBM3, P0, 100 %, 19 %, 81559 MiB, 57575 MiB, 23505 MiB, 43, 52, 264.59 W, 700.00 W, 700.00 W, 1980 MHz, 2619 MHz, [N/A]
2025/11/27 04:14:39.507, 1, NVIDIA H100 80GB HBM3, P0, 99 %, 16 %, 81559 MiB, 58301 MiB, 22779 MiB, 46, 52, 281.03 W, 700.00 W, 700.00 W, 1980 MHz, 2619 MHz, [N/A]
2025/11/27 04:14:39.508, 2, NVIDIA H100 80GB HBM3, P0, 86 %, 23 %, 81559 MiB, 55263 MiB, 25817 MiB, 46, 56, 270.02 W, 700.00 W, 700.00 W, 1980 MHz, 2619 MHz, [N/A]
2025/11/27 04:14:39.508, 3, NVIDIA H100 80GB HBM3, P0, 43 %, 23 %, 81559 MiB, 56479 MiB, 24601 MiB, 41, 51, 249.62 W, 700.00 W, 700.00 W, 1980 MHz, 2619 MHz, [N/A]
2025/11/27 04:14:39.509, 4, NVIDIA H100 80GB HBM3, P0, 100 %, 22 %, 81559 MiB, 58189 MiB, 22891 MiB, 40, 46, 259.84 W, 700.00 W, 700.00 W, 1980 MHz, 2619 MHz, [N/A]
2025/11/27 04:14:39.510, 5, NVIDIA H100 80GB HBM3, P0, 66 %, 14 %, 81559 MiB, 56025 MiB, 25055 MiB, 46, 51, 265.82 W, 700.00 W, 700.00 W, 1980 MHz, 2619 MHz, [N/A]
2025/11/27 04:14:39.511, 6, NVIDIA H100 80GB HBM3, P0, 100 %, 19 %, 81559 MiB, 58575 MiB, 22505 MiB, 44, 51, 247.70 W, 700.00 W, 700.00 W, 1980 MHz, 2619 MHz, [N/A]
2025/11/27 04:14:39.511, 7, NVIDIA H100 80GB HBM3, P0, 87 %, 26 %, 81559 MiB, 55597 MiB, 25483 MiB, 43, 49, 261.43 W, 700.00 W, 700.00 W, 1980 MHz, 2619 MHz, [N/A]
2025/11/27 04:14:44.512, 0, NVIDIA H100 80GB HBM3, P0, 98 %, 12 %, 81559 MiB, 57573 MiB, 23507 MiB, 43, 50, 256.40 W, 700.00 W, 700.00 W, 1980 MHz, 2619 MHz, [N/A]
2025/11/27 04:14:44.514, 1, NVIDIA H100 80GB HBM3, P0, 49 %, 20 %, 81559 MiB, 58301 MiB, 22779 MiB, 46, 52, 254.71 W, 700.00 W, 700.00 W, 1980 MHz, 2619 MHz, [N/A]
2025/11/27 04:14:44.515, 2, NVIDIA H100 80GB HBM3, P0, 100 %, 21 %, 81559 MiB, 55261 MiB, 25819 MiB, 48, 52, 286.94 W, 700.00 W, 700.00 W, 1980 MHz, 2619 MHz, [N/A]
2025/11/27 04:14:44.516, 3, NVIDIA H100 80GB HBM3, P0, 72 %, 18 %, 81559 MiB, 56477 MiB, 24603 MiB, 43, 50, 276.89 W, 700.00 W, 700.00 W, 1980 MHz, 2619 MHz, [N/A]
2025/11/27 04:14:44.517, 4, NVIDIA H100 80GB HBM3, P0, 98 %, 14 %, 81559 MiB, 55409 MiB, 25671 MiB, 42, 47, 305.11 W, 700.00 W, 700.00 W, 1980 MHz, 2619 MHz, [N/A]
2025/11/27 04:14:44.518, 5, NVIDIA H100 80GB HBM3, P0, 60 %, 13 %, 81559 MiB, 56023 MiB, 25057 MiB, 46, 50, 273.62 W, 700.00 W, 700.00 W, 1980 MHz, 2619 MHz, [N/A]
2025/11/27 04:14:44.518, 6, NVIDIA H100 80GB HBM3, P0, 39 %, 12 %, 81559 MiB, 58573 MiB, 22507 MiB, 44, 49, 246.25 W, 700.00 W, 700.00 W, 1980 MHz, 2619 MHz, [N/A]
2025/11/27 04:14:44.519, 7, NVIDIA H100 80GB HBM3, P0, 100 %, 16 %, 81559 MiB, 55595 MiB, 25485 MiB, 43, 49, 270.63 W, 700.00 W, 700.00 W, 1980 MHz, 2619 MHz, [N/A]
2025/11/27 04:14:49.520, 0, NVIDIA H100 80GB HBM3, P0, 56 %, 12 %, 81559 MiB, 57571 MiB, 23509 MiB, 42, 49, 251.87 W, 700.00 W, 700.00 W, 1980 MHz, 2619 MHz, [N/A]
2025/11/27 04:14:49.521, 1, NVIDIA H100 80GB HBM3, P0, 99 %, 6 %, 81559 MiB, 58299 MiB, 22781 MiB, 47, 53, 266.87 W, 700.00 W, 700.00 W, 1980 MHz, 2619 MHz, [N/A]
2025/11/27 04:14:49.523, 2, NVIDIA H100 80GB HBM3, P0, 100 %, 5 %, 81559 MiB, 55261 MiB, 25819 MiB, 47, 52, 260.66 W, 700.00 W, 700.00 W, 1980 MHz, 2619 MHz, [N/A]
2025/11/27 04:14:49.527, 3, NVIDIA H100 80GB HBM3, P0, 100 %, 7 %, 81559 MiB, 56475 MiB, 24605 MiB, 41, 47, 254.11 W, 700.00 W, 700.00 W, 1980 MHz, 2619 MHz, [N/A]
2025/11/27 04:14:49.528, 4, NVIDIA H100 80GB HBM3, P0, 69 %, 8 %, 81559 MiB, 55409 MiB, 25671 MiB, 41, 46, 269.94 W, 700.00 W, 700.00 W, 1980 MHz, 2619 MHz, [N/A]
2025/11/27 04:14:49.529, 5, NVIDIA H100 80GB HBM3, P0, 56 %, 18 %, 81559 MiB, 56023 MiB, 25057 MiB, 45, 49, 269.38 W, 700.00 W, 700.00 W, 1980 MHz, 2619 MHz, [N/A]
2025/11/27 04:14:49.529, 6, NVIDIA H100 80GB HBM3, P0, 84 %, 11 %, 81559 MiB, 58569 MiB, 22511 MiB, 44, 49, 256.12 W, 700.00 W, 700.00 W, 1980 MHz, 2619 MHz, [N/A]
2025/11/27 04:14:49.530, 7, NVIDIA H100 80GB HBM3, P0, 100 %, 8 %, 81559 MiB, 55595 MiB, 25485 MiB, 42, 47, 255.68 W, 700.00 W, 700.00 W, 1980 MHz, 2619 MHz, [N/A]
2025/11/27 04:14:54.531, 0, NVIDIA H100 80GB HBM3, P0, 100 %, 5 %, 81559 MiB, 57569 MiB, 23511 MiB, 43, 49, 242.20 W, 700.00 W, 700.00 W, 1980 MHz, 2619 MHz, [N/A]
2025/11/27 04:14:54.533, 1, NVIDIA H100 80GB HBM3, P0, 26 %, 14 %, 81559 MiB, 58297 MiB, 22783 MiB, 46, 52, 238.93 W, 700.00 W, 700.00 W, 1980 MHz, 2619 MHz, [N/A]
2025/11/27 04:14:54.534, 2, NVIDIA H100 80GB HBM3, P0, 100 %, 10 %, 81559 MiB, 55261 MiB, 25819 MiB, 47, 52, 264.25 W, 700.00 W, 700.00 W, 1980 MHz, 2619 MHz, [N/A]
2025/11/27 04:14:54.535, 3, NVIDIA H100 80GB HBM3, P0, 100 %, 6 %, 81559 MiB, 56473 MiB, 24607 MiB, 41, 49, 255.14 W, 700.00 W, 700.00 W, 1980 MHz, 2619 MHz, [N/A]
2025/11/27 04:14:54.535, 4, NVIDIA H100 80GB HBM3, P0, 100 %, 5 %, 81559 MiB, 55405 MiB, 25675 MiB, 40, 46, 237.99 W, 700.00 W, 700.00 W, 1980 MHz, 2619 MHz, [N/A]
2025/11/27 04:14:54.536, 5, NVIDIA H100 80GB HBM3, P0, 100 %, 3 %, 81559 MiB, 56019 MiB, 25061 MiB, 45, 49, 269.35 W, 700.00 W, 700.00 W, 1980 MHz, 2619 MHz, [N/A]
2025/11/27 04:14:54.537, 6, NVIDIA H100 80GB HBM3, P0, 100 %, 7 %, 81559 MiB, 56901 MiB, 24179 MiB, 44, 49, 248.02 W, 700.00 W, 700.00 W, 1980 MHz, 2619 MHz, [N/A]
2025/11/27 04:14:54.537, 7, NVIDIA H100 80GB HBM3, P0, 100 %, 7 %, 81559 MiB, 55587 MiB, 25493 MiB, 42, 47, 260.08 W, 700.00 W, 700.00 W, 1980 MHz, 2619 MHz, [N/A]
2025/11/27 04:14:59.539, 0, NVIDIA H100 80GB HBM3, P0, 93 %, 17 %, 81559 MiB, 57569 MiB, 23511 MiB, 42, 49, 251.34 W, 700.00 W, 700.00 W, 1980 MHz, 2619 MHz, [N/A]
2025/11/27 04:14:59.540, 1, NVIDIA H100 80GB HBM3, P0, 100 %, 14 %, 81559 MiB, 58295 MiB, 22785 MiB, 46, 52, 241.56 W, 700.00 W, 700.00 W, 1980 MHz, 2619 MHz, [N/A]
2025/11/27 04:14:59.541, 2, NVIDIA H100 80GB HBM3, P0, 100 %, 13 %, 81559 MiB, 55257 MiB, 25823 MiB, 47, 52, 241.02 W, 700.00 W, 700.00 W, 1980 MHz, 2619 MHz, [N/A]
2025/11/27 04:14:59.541, 3, NVIDIA H100 80GB HBM3, P0, 100 %, 16 %, 81559 MiB, 56471 MiB, 24609 MiB, 42, 49, 248.31 W, 700.00 W, 700.00 W, 1980 MHz, 2619 MHz, [N/A]
2025/11/27 04:14:59.542, 4, NVIDIA H100 80GB HBM3, P0, 100 %, 13 %, 81559 MiB, 55405 MiB, 25675 MiB, 41, 45, 242.87 W, 700.00 W, 700.00 W, 1980 MHz, 2619 MHz, [N/A]
2025/11/27 04:14:59.543, 5, NVIDIA H100 80GB HBM3, P0, 100 %, 10 %, 81559 MiB, 56019 MiB, 25061 MiB, 45, 51, 252.55 W, 700.00 W, 700.00 W, 1980 MHz, 2619 MHz, [N/A]
2025/11/27 04:14:59.543, 6, NVIDIA H100 80GB HBM3, P0, 29 %, 14 %, 81559 MiB, 56899 MiB, 24181 MiB, 45, 50, 237.53 W, 700.00 W, 700.00 W, 1980 MHz, 2619 MHz, [N/A]
2025/11/27 04:14:59.544, 7, NVIDIA H100 80GB HBM3, P0, 100 %, 16 %, 81559 MiB, 55587 MiB, 25493 MiB, 43, 50, 246.81 W, 700.00 W, 700.00 W, 1980 MHz, 2619 MHz, [N/A]
2025/11/27 04:15:04.545, 0, NVIDIA H100 80GB HBM3, P0, 76 %, 9 %, 81559 MiB, 57567 MiB, 23513 MiB, 42, 49, 220.22 W, 700.00 W, 700.00 W, 1980 MHz, 2619 MHz, [N/A]
2025/11/27 04:15:04.546, 1, NVIDIA H100 80GB HBM3, P0, 89 %, 8 %, 81559 MiB, 58295 MiB, 22785 MiB, 46, 51, 245.68 W, 700.00 W, 700.00 W, 1980 MHz, 2619 MHz, [N/A]
2025/11/27 04:15:04.547, 2, NVIDIA H100 80GB HBM3, P0, 94 %, 12 %, 81559 MiB, 55257 MiB, 25823 MiB, 47, 52, 246.53 W, 700.00 W, 700.00 W, 1980 MHz, 2619 MHz, [N/A]
2025/11/27 04:15:04.550, 3, NVIDIA H100 80GB HBM3, P0, 88 %, 18 %, 81559 MiB, 56471 MiB, 24609 MiB, 41, 49, 252.30 W, 700.00 W, 700.00 W, 1980 MHz, 2619 MHz, [N/A]
2025/11/27 04:15:04.550, 4, NVIDIA H100 80GB HBM3, P0, 100 %, 10 %, 81559 MiB, 55405 MiB, 25675 MiB, 41, 45, 246.96 W, 700.00 W, 700.00 W, 1980 MHz, 2619 MHz, [N/A]
2025/11/27 04:15:04.551, 5, NVIDIA H100 80GB HBM3, P0, 100 %, 11 %, 81559 MiB, 56017 MiB, 25063 MiB, 45, 51, 241.70 W, 700.00 W, 700.00 W, 1980 MHz, 2619 MHz, [N/A]
2025/11/27 04:15:04.551, 6, NVIDIA H100 80GB HBM3, P0, 77 %, 19 %, 81559 MiB, 56899 MiB, 24181 MiB, 45, 50, 251.51 W, 700.00 W, 700.00 W, 1980 MHz, 2619 MHz, [N/A]
2025/11/27 04:15:04.552, 7, NVIDIA H100 80GB HBM3, P0, 72 %, 17 %, 81559 MiB, 55585 MiB, 25495 MiB, 42, 48, 234.56 W, 700.00 W, 700.00 W, 1980 MHz, 2619 MHz, [N/A]
2025/11/27 04:15:09.553, 0, NVIDIA H100 80GB HBM3, P0, 92 %, 16 %, 81559 MiB, 57565 MiB, 23515 MiB, 43, 50, 254.26 W, 700.00 W, 700.00 W, 1980 MHz, 2619 MHz, [N/A]
2025/11/27 04:15:09.554, 1, NVIDIA H100 80GB HBM3, P0, 43 %, 23 %, 81559 MiB, 58295 MiB, 22785 MiB, 46, 52, 232.33 W, 700.00 W, 700.00 W, 1980 MHz, 2619 MHz, [N/A]
2025/11/27 04:15:09.555, 2, NVIDIA H100 80GB HBM3, P0, 90 %, 19 %, 81559 MiB, 55257 MiB, 25823 MiB, 46, 52, 245.65 W, 700.00 W, 700.00 W, 1980 MHz, 2619 MHz, [N/A]
2025/11/27 04:15:09.556, 3, NVIDIA H100 80GB HBM3, P0, 100 %, 13 %, 81559 MiB, 56469 MiB, 24611 MiB, 41, 49, 239.53 W, 700.00 W, 700.00 W, 1980 MHz, 2619 MHz, [N/A]
2025/11/27 04:15:09.556, 4, NVIDIA H100 80GB HBM3, P0, 65 %, 9 %, 81559 MiB, 55403 MiB, 25677 MiB, 40, 45, 243.91 W, 700.00 W, 700.00 W, 1980 MHz, 2619 MHz, [N/A]
2025/11/27 04:15:09.557, 5, NVIDIA H100 80GB HBM3, P0, 60 %, 15 %, 81559 MiB, 56015 MiB, 25065 MiB, 46, 50, 249.42 W, 700.00 W, 700.00 W, 1980 MHz, 2619 MHz, [N/A]
2025/11/27 04:15:09.557, 6, NVIDIA H100 80GB HBM3, P0, 100 %, 15 %, 81559 MiB, 56897 MiB, 24183 MiB, 45, 49, 236.59 W, 700.00 W, 700.00 W, 1980 MHz, 2619 MHz, [N/A]
2025/11/27 04:15:09.558, 7, NVIDIA H100 80GB HBM3, P0, 100 %, 12 %, 81559 MiB, 55585 MiB, 25495 MiB, 42, 49, 248.41 W, 700.00 W, 700.00 W, 1980 MHz, 2619 MHz, [N/A]
2025/11/27 04:15:14.559, 0, NVIDIA H100 80GB HBM3, P0, 100 %, 6 %, 81559 MiB, 55747 MiB, 25333 MiB, 43, 49, 233.87 W, 700.00 W, 700.00 W, 1980 MHz, 2619 MHz, [N/A]
2025/11/27 04:15:14.560, 1, NVIDIA H100 80GB HBM3, P0, 100 %, 6 %, 81559 MiB, 58293 MiB, 22787 MiB, 46, 51, 222.94 W, 700.00 W, 700.00 W, 1980 MHz, 2619 MHz, [N/A]
2025/11/27 04:15:14.561, 2, NVIDIA H100 80GB HBM3, P0, 100 %, 6 %, 81559 MiB, 55255 MiB, 25825 MiB, 47, 52, 239.36 W, 700.00 W, 700.00 W, 1980 MHz, 2619 MHz, [N/A]
2025/11/27 04:15:14.562, 3, NVIDIA H100 80GB HBM3, P0, 94 %, 11 %, 81559 MiB, 56469 MiB, 24611 MiB, 42, 49, 239.42 W, 700.00 W, 700.00 W, 1980 MHz, 2619 MHz, [N/A]
2025/11/27 04:15:14.563, 4, NVIDIA H100 80GB HBM3, P0, 100 %, 6 %, 81559 MiB, 55401 MiB, 25679 MiB, 40, 45, 220.31 W, 700.00 W, 700.00 W, 1980 MHz, 2619 MHz, [N/A]
2025/11/27 04:15:14.564, 5, NVIDIA H100 80GB HBM3, P0, 100 %, 6 %, 81559 MiB, 56013 MiB, 25067 MiB, 46, 49, 244.40 W, 700.00 W, 700.00 W, 1980 MHz, 2619 MHz, [N/A]
2025/11/27 04:15:14.564, 6, NVIDIA H100 80GB HBM3, P0, 93 %, 11 %, 81559 MiB, 55119 MiB, 25961 MiB, 45, 50, 243.17 W, 700.00 W, 700.00 W, 1980 MHz, 2619 MHz, [N/A]
2025/11/27 04:15:14.565, 7, NVIDIA H100 80GB HBM3, P0, 21 %, 11 %, 81559 MiB, 55583 MiB, 25497 MiB, 42, 48, 233.93 W, 700.00 W, 700.00 W, 1980 MHz, 2619 MHz, [N/A]
2025/11/27 04:15:19.566, 0, NVIDIA H100 80GB HBM3, P0, 100 %, 9 %, 81559 MiB, 55747 MiB, 25333 MiB, 43, 49, 249.36 W, 700.00 W, 700.00 W, 1980 MHz, 2619 MHz, [N/A]
2025/11/27 04:15:19.567, 1, NVIDIA H100 80GB HBM3, P0, 14 %, 6 %, 81559 MiB, 58293 MiB, 22787 MiB, 46, 50, 232.42 W, 700.00 W, 700.00 W, 1980 MHz, 2619 MHz, [N/A]
2025/11/27 04:15:19.568, 2, NVIDIA H100 80GB HBM3, P0, 99 %, 11 %, 81559 MiB, 55255 MiB, 25825 MiB, 48, 52, 258.28 W, 700.00 W, 700.00 W, 1980 MHz, 2619 MHz, [N/A]
2025/11/27 04:15:19.569, 3, NVIDIA H100 80GB HBM3, P0, 99 %, 6 %, 81559 MiB, 56467 MiB, 24613 MiB, 43, 49, 247.22 W, 700.00 W, 700.00 W, 1980 MHz, 2619 MHz, [N/A]
2025/11/27 04:15:19.570, 4, NVIDIA H100 80GB HBM3, P0, 100 %, 9 %, 81559 MiB, 55399 MiB, 25681 MiB, 42, 46, 238.63 W, 700.00 W, 700.00 W, 1980 MHz, 2619 MHz, [N/A]
2025/11/27 04:15:19.570, 5, NVIDIA H100 80GB HBM3, P0, 100 %, 8 %, 81559 MiB, 56013 MiB, 25067 MiB, 46, 51, 250.74 W, 700.00 W, 700.00 W, 1980 MHz, 2619 MHz, [N/A]
2025/11/27 04:15:19.571, 6, NVIDIA H100 80GB HBM3, P0, 97 %, 6 %, 81559 MiB, 55119 MiB, 25961 MiB, 45, 50, 234.71 W, 700.00 W, 700.00 W, 1980 MHz, 2619 MHz, [N/A]
2025/11/27 04:15:19.571, 7, NVIDIA H100 80GB HBM3, P0, 12 %, 4 %, 81559 MiB, 55583 MiB, 25497 MiB, 42, 47, 230.68 W, 700.00 W, 700.00 W, 1980 MHz, 2619 MHz, [N/A]
2025/11/27 04:15:24.573, 0, NVIDIA H100 80GB HBM3, P0, 100 %, 4 %, 81559 MiB, 55745 MiB, 25335 MiB, 43, 49, 209.11 W, 700.00 W, 700.00 W, 1980 MHz, 2619 MHz, [N/A]
2025/11/27 04:15:24.574, 1, NVIDIA H100 80GB HBM3, P0, 74 %, 3 %, 81559 MiB, 58291 MiB, 22789 MiB, 45, 52, 213.38 W, 700.00 W, 700.00 W, 1980 MHz, 2619 MHz, [N/A]
2025/11/27 04:15:24.575, 2, NVIDIA H100 80GB HBM3, P0, 100 %, 2 %, 81559 MiB, 55251 MiB, 25829 MiB, 46, 52, 219.55 W, 700.00 W, 700.00 W, 1980 MHz, 2619 MHz, [N/A]
2025/11/27 04:15:24.576, 3, NVIDIA H100 80GB HBM3, P0, 63 %, 14 %, 81559 MiB, 56467 MiB, 24613 MiB, 41, 48, 216.36 W, 700.00 W, 700.00 W, 1980 MHz, 2619 MHz, [N/A]
2025/11/27 04:15:24.576, 4, NVIDIA H100 80GB HBM3, P0, 16 %, 6 %, 81559 MiB, 55399 MiB, 25681 MiB, 39, 45, 198.80 W, 700.00 W, 700.00 W, 1980 MHz, 2619 MHz, [N/A]
2025/11/27 04:15:24.577, 5, NVIDIA H100 80GB HBM3, P0, 100 %, 3 %, 81559 MiB, 56011 MiB, 25069 MiB, 46, 50, 214.22 W, 700.00 W, 700.00 W, 1980 MHz, 2619 MHz, [N/A]
2025/11/27 04:15:24.577, 6, NVIDIA H100 80GB HBM3, P0, 60 %, 13 %, 81559 MiB, 55119 MiB, 25961 MiB, 44, 49, 214.14 W, 700.00 W, 700.00 W, 1980 MHz, 2619 MHz, [N/A]
2025/11/27 04:15:24.578, 7, NVIDIA H100 80GB HBM3, P0, 28 %, 14 %, 81559 MiB, 55581 MiB, 25499 MiB, 42, 48, 204.89 W, 700.00 W, 700.00 W, 1980 MHz, 2619 MHz, [N/A]
2025/11/27 04:15:29.579, 0, NVIDIA H100 80GB HBM3, P0, 98 %, 8 %, 81559 MiB, 55745 MiB, 25335 MiB, 44, 51, 232.48 W, 700.00 W, 700.00 W, 1980 MHz, 2619 MHz, [N/A]
2025/11/27 04:15:29.580, 1, NVIDIA H100 80GB HBM3, P0, 7 %, 3 %, 81559 MiB, 58289 MiB, 22791 MiB, 45, 50, 220.79 W, 700.00 W, 700.00 W, 1980 MHz, 2619 MHz, [N/A]
2025/11/27 04:15:29.581, 2, NVIDIA H100 80GB HBM3, P0, 100 %, 0 %, 81559 MiB, 55251 MiB, 25829 MiB, 47, 52, 224.29 W, 700.00 W, 700.00 W, 1980 MHz, 2619 MHz, [N/A]
2025/11/27 04:15:29.581, 3, NVIDIA H100 80GB HBM3, P0, 100 %, 0 %, 81559 MiB, 56467 MiB, 24613 MiB, 42, 49, 224.93 W, 700.00 W, 700.00 W, 1980 MHz, 2619 MHz, [N/A]
2025/11/27 04:15:29.582, 4, NVIDIA H100 80GB HBM3, P0, 97 %, 10 %, 81559 MiB, 55399 MiB, 25681 MiB, 40, 45, 228.30 W, 700.00 W, 700.00 W, 1980 MHz, 2619 MHz, [N/A]
2025/11/27 04:15:29.583, 5, NVIDIA H100 80GB HBM3, P0, 97 %, 7 %, 81559 MiB, 56009 MiB, 25071 MiB, 47, 49, 227.58 W, 700.00 W, 700.00 W, 1980 MHz, 2619 MHz, [N/A]
2025/11/27 04:15:29.584, 6, NVIDIA H100 80GB HBM3, P0, 100 %, 0 %, 81559 MiB, 55117 MiB, 25963 MiB, 43, 49, 211.50 W, 700.00 W, 700.00 W, 1980 MHz, 2619 MHz, [N/A]
2025/11/27 04:15:29.584, 7, NVIDIA H100 80GB HBM3, P0, 100 %, 0 %, 81559 MiB, 55581 MiB, 25499 MiB, 41, 47, 231.76 W, 700.00 W, 700.00 W, 1980 MHz, 2619 MHz, [N/A]
2025/11/27 04:15:34.585, 0, NVIDIA H100 80GB HBM3, P0, 98 %, 18 %, 81559 MiB, 55743 MiB, 25337 MiB, 44, 51, 242.07 W, 700.00 W, 700.00 W, 1980 MHz, 2619 MHz, [N/A]
2025/11/27 04:15:34.586, 1, NVIDIA H100 80GB HBM3, P0, 52 %, 10 %, 81559 MiB, 58289 MiB, 22791 MiB, 47, 52, 243.56 W, 700.00 W, 700.00 W, 1980 MHz, 2619 MHz, [N/A]
2025/11/27 04:15:34.587, 2, NVIDIA H100 80GB HBM3, P0, 99 %, 7 %, 81559 MiB, 55251 MiB, 25829 MiB, 48, 52, 251.48 W, 700.00 W, 700.00 W, 1980 MHz, 2619 MHz, [N/A]
2025/11/27 04:15:34.588, 3, NVIDIA H100 80GB HBM3, P0, 100 %, 8 %, 81559 MiB, 56465 MiB, 24615 MiB, 43, 49, 246.44 W, 700.00 W, 700.00 W, 1980 MHz, 2619 MHz, [N/A]
2025/11/27 04:15:34.592, 4, NVIDIA H100 80GB HBM3, P0, 44 %, 18 %, 81559 MiB, 55399 MiB, 25681 MiB, 42, 47, 243.15 W, 700.00 W, 700.00 W, 1980 MHz, 2619 MHz, [N/A]
2025/11/27 04:15:34.595, 5, NVIDIA H100 80GB HBM3, P0, 98 %, 11 %, 81559 MiB, 56009 MiB, 25071 MiB, 47, 51, 248.94 W, 700.00 W, 700.00 W, 1980 MHz, 2619 MHz, [N/A]
2025/11/27 04:15:34.595, 6, NVIDIA H100 80GB HBM3, P0, 100 %, 7 %, 81559 MiB, 55115 MiB, 25965 MiB, 44, 49, 243.60 W, 700.00 W, 700.00 W, 1980 MHz, 2619 MHz, [N/A]
2025/11/27 04:15:34.596, 7, NVIDIA H100 80GB HBM3, P0, 100 %, 16 %, 81559 MiB, 55581 MiB, 25499 MiB, 43, 51, 244.82 W, 700.00 W, 700.00 W, 1980 MHz, 2619 MHz, [N/A]
2025/11/27 04:15:39.597, 0, NVIDIA H100 80GB HBM3, P0, 100 %, 12 %, 81559 MiB, 55743 MiB, 25337 MiB, 44, 50, 249.35 W, 700.00 W, 700.00 W, 1980 MHz, 2619 MHz, [N/A]
2025/11/27 04:15:39.599, 1, NVIDIA H100 80GB HBM3, P0, 22 %, 10 %, 81559 MiB, 56621 MiB, 24459 MiB, 46, 52, 233.30 W, 700.00 W, 700.00 W, 1980 MHz, 2619 MHz, [N/A]
2025/11/27 04:15:39.600, 2, NVIDIA H100 80GB HBM3, P0, 100 %, 8 %, 81559 MiB, 55251 MiB, 25829 MiB, 47, 52, 264.96 W, 700.00 W, 700.00 W, 1980 MHz, 2619 MHz, [N/A]
2025/11/27 04:15:39.601, 3, NVIDIA H100 80GB HBM3, P0, 100 %, 9 %, 81559 MiB, 56465 MiB, 24615 MiB, 42, 49, 240.87 W, 700.00 W, 700.00 W, 1980 MHz, 2619 MHz, [N/A]
2025/11/27 04:15:39.601, 4, NVIDIA H100 80GB HBM3, P0, 100 %, 12 %, 81559 MiB, 55397 MiB, 25683 MiB, 41, 47, 247.75 W, 700.00 W, 700.00 W, 1980 MHz, 2619 MHz, [N/A]
2025/11/27 04:15:39.602, 5, NVIDIA H100 80GB HBM3, P0, 100 %, 12 %, 81559 MiB, 56009 MiB, 25071 MiB, 47, 51, 259.52 W, 700.00 W, 700.00 W, 1980 MHz, 2619 MHz, [N/A]
2025/11/27 04:15:39.602, 6, NVIDIA H100 80GB HBM3, P0, 83 %, 17 %, 81559 MiB, 55115 MiB, 25965 MiB, 46, 51, 250.96 W, 700.00 W, 700.00 W, 1980 MHz, 2619 MHz, [N/A]
2025/11/27 04:15:39.603, 7, NVIDIA H100 80GB HBM3, P0, 100 %, 16 %, 81559 MiB, 55581 MiB, 25499 MiB, 43, 49, 268.72 W, 700.00 W, 700.00 W, 1980 MHz, 2619 MHz, [N/A]
2025/11/27 04:15:44.604, 0, NVIDIA H100 80GB HBM3, P0, 95 %, 11 %, 81559 MiB, 54835 MiB, 26245 MiB, 44, 49, 239.54 W, 700.00 W, 700.00 W, 1980 MHz, 2619 MHz, [N/A]
2025/11/27 04:15:44.605, 1, NVIDIA H100 80GB HBM3, P0, 61 %, 19 %, 81559 MiB, 56619 MiB, 24461 MiB, 46, 52, 221.30 W, 700.00 W, 700.00 W, 1980 MHz, 2619 MHz, [N/A]
2025/11/27 04:15:44.606, 2, NVIDIA H100 80GB HBM3, P0, 89 %, 18 %, 81559 MiB, 55249 MiB, 25831 MiB, 47, 53, 244.23 W, 700.00 W, 700.00 W, 1980 MHz, 2619 MHz, [N/A]
2025/11/27 04:15:44.607, 3, NVIDIA H100 80GB HBM3, P0, 96 %, 12 %, 81559 MiB, 56463 MiB, 24617 MiB, 42, 49, 242.79 W, 700.00 W, 700.00 W, 1980 MHz, 2619 MHz, [N/A]
2025/11/27 04:15:44.607, 4, NVIDIA H100 80GB HBM3, P0, 100 %, 9 %, 81559 MiB, 55397 MiB, 25683 MiB, 41, 45, 239.94 W, 700.00 W, 700.00 W, 1980 MHz, 2619 MHz, [N/A]
2025/11/27 04:15:44.619, 5, NVIDIA H100 80GB HBM3, P0, 42 %, 14 %, 81559 MiB, 56007 MiB, 25073 MiB, 46, 49, 236.32 W, 700.00 W, 700.00 W, 1980 MHz, 2619 MHz, [N/A]
2025/11/27 04:15:44.619, 6, NVIDIA H100 80GB HBM3, P0, 100 %, 9 %, 81559 MiB, 55111 MiB, 25969 MiB, 45, 51, 257.01 W, 700.00 W, 700.00 W, 1980 MHz, 2619 MHz, [N/A]
2025/11/27 04:15:44.620, 7, NVIDIA H100 80GB HBM3, P0, 38 %, 6 %, 81559 MiB, 55581 MiB, 25499 MiB, 42, 48, 238.06 W, 700.00 W, 700.00 W, 1980 MHz, 2619 MHz, [N/A]
2025/11/27 04:15:49.622, 0, NVIDIA H100 80GB HBM3, P0, 100 %, 16 %, 81559 MiB, 54833 MiB, 26247 MiB, 44, 49, 246.25 W, 700.00 W, 700.00 W, 1980 MHz, 2619 MHz, [N/A]
2025/11/27 04:15:49.623, 1, NVIDIA H100 80GB HBM3, P0, 14 %, 6 %, 81559 MiB, 56619 MiB, 24461 MiB, 45, 51, 221.92 W, 700.00 W, 700.00 W, 1980 MHz, 2619 MHz, [N/A]
2025/11/27 04:15:49.624, 2, NVIDIA H100 80GB HBM3, P0, 79 %, 8 %, 81559 MiB, 55249 MiB, 25831 MiB, 47, 53, 243.68 W, 700.00 W, 700.00 W, 1980 MHz, 2619 MHz, [N/A]
2025/11/27 04:15:49.625, 3, NVIDIA H100 80GB HBM3, P0, 100 %, 12 %, 81559 MiB, 56461 MiB, 24619 MiB, 42, 49, 242.34 W, 700.00 W, 700.00 W, 1980 MHz, 2619 MHz, [N/A]
2025/11/27 04:15:49.626, 4, NVIDIA H100 80GB HBM3, P0, 100 %, 13 %, 81559 MiB, 55397 MiB, 25683 MiB, 41, 45, 235.62 W, 700.00 W, 700.00 W, 1980 MHz, 2619 MHz, [N/A]
2025/11/27 04:15:49.626, 5, NVIDIA H100 80GB HBM3, P0, 100 %, 9 %, 81559 MiB, 56007 MiB, 25073 MiB, 46, 52, 264.00 W, 700.00 W, 700.00 W, 1980 MHz, 2619 MHz, [N/A]
2025/11/27 04:15:49.627, 6, NVIDIA H100 80GB HBM3, P0, 100 %, 12 %, 81559 MiB, 55111 MiB, 25969 MiB, 45, 50, 246.76 W, 700.00 W, 700.00 W, 1980 MHz, 2619 MHz, [N/A]
2025/11/27 04:15:49.627, 7, NVIDIA H100 80GB HBM3, P0, 100 %, 11 %, 81559 MiB, 55579 MiB, 25501 MiB, 42, 49, 239.40 W, 700.00 W, 700.00 W, 1980 MHz, 2619 MHz, [N/A]
2025/11/27 04:15:54.629, 0, NVIDIA H100 80GB HBM3, P0, 100 %, 10 %, 81559 MiB, 54833 MiB, 26247 MiB, 43, 49, 257.14 W, 700.00 W, 700.00 W, 1980 MHz, 2619 MHz, [N/A]
2025/11/27 04:15:54.630, 1, NVIDIA H100 80GB HBM3, P0, 26 %, 12 %, 81559 MiB, 56617 MiB, 24463 MiB, 46, 52, 246.00 W, 700.00 W, 700.00 W, 1980 MHz, 2619 MHz, [N/A]
2025/11/27 04:15:54.635, 2, NVIDIA H100 80GB HBM3, P0, 100 %, 14 %, 81559 MiB, 55249 MiB, 25831 MiB, 47, 52, 247.77 W, 700.00 W, 700.00 W, 1980 MHz, 2619 MHz, [N/A]
2025/11/27 04:15:54.636, 3, NVIDIA H100 80GB HBM3, P0, 88 %, 17 %, 81559 MiB, 56461 MiB, 24619 MiB, 41, 49, 256.46 W, 700.00 W, 700.00 W, 1980 MHz, 2619 MHz, [N/A]
2025/11/27 04:15:54.637, 4, NVIDIA H100 80GB HBM3, P0, 100 %, 10 %, 81559 MiB, 55397 MiB, 25683 MiB, 41, 47, 235.38 W, 700.00 W, 700.00 W, 1980 MHz, 2619 MHz, [N/A]
2025/11/27 04:15:54.641, 5, NVIDIA H100 80GB HBM3, P0, 100 %, 11 %, 81559 MiB, 56007 MiB, 25073 MiB, 45, 49, 243.20 W, 700.00 W, 700.00 W, 1980 MHz, 2619 MHz, [N/A]
2025/11/27 04:15:54.641, 6, NVIDIA H100 80GB HBM3, P0, 80 %, 20 %, 81559 MiB, 55111 MiB, 25969 MiB, 45, 51, 225.16 W, 700.00 W, 700.00 W, 1980 MHz, 2619 MHz, [N/A]
2025/11/27 04:15:54.642, 7, NVIDIA H100 80GB HBM3, P0, 78 %, 16 %, 81559 MiB, 55577 MiB, 25503 MiB, 42, 47, 233.58 W, 700.00 W, 700.00 W, 1980 MHz, 2619 MHz, [N/A]
2025/11/27 04:15:59.644, 0, NVIDIA H100 80GB HBM3, P0, 100 %, 12 %, 81559 MiB, 54833 MiB, 26247 MiB, 44, 49, 254.25 W, 700.00 W, 700.00 W, 1980 MHz, 2619 MHz, [N/A]
2025/11/27 04:15:59.645, 1, NVIDIA H100 80GB HBM3, P0, 19 %, 9 %, 81559 MiB, 56615 MiB, 24465 MiB, 46, 52, 210.45 W, 700.00 W, 700.00 W, 1980 MHz, 2619 MHz, [N/A]
2025/11/27 04:15:59.646, 2, NVIDIA H100 80GB HBM3, P0, 100 %, 7 %, 81559 MiB, 55249 MiB, 25831 MiB, 47, 52, 258.00 W, 700.00 W, 700.00 W, 1980 MHz, 2619 MHz, [N/A]
2025/11/27 04:15:59.646, 3, NVIDIA H100 80GB HBM3, P0, 100 %, 12 %, 81559 MiB, 56461 MiB, 24619 MiB, 41, 49, 244.32 W, 700.00 W, 700.00 W, 1980 MHz, 2619 MHz, [N/A]
2025/11/27 04:15:59.647, 4, NVIDIA H100 80GB HBM3, P0, 100 %, 13 %, 81559 MiB, 55397 MiB, 25683 MiB, 41, 48, 247.72 W, 700.00 W, 700.00 W, 1980 MHz, 2619 MHz, [N/A]
2025/11/27 04:15:59.647, 5, NVIDIA H100 80GB HBM3, P0, 100 %, 13 %, 81559 MiB, 56007 MiB, 25073 MiB, 47, 51, 261.91 W, 700.00 W, 700.00 W, 1980 MHz, 2619 MHz, [N/A]
2025/11/27 04:15:59.648, 6, NVIDIA H100 80GB HBM3, P0, 100 %, 13 %, 81559 MiB, 55111 MiB, 25969 MiB, 45, 53, 242.02 W, 700.00 W, 700.00 W, 1980 MHz, 2619 MHz, [N/A]
2025/11/27 04:15:59.649, 7, NVIDIA H100 80GB HBM3, P0, 100 %, 14 %, 81559 MiB, 55577 MiB, 25503 MiB, 42, 49, 241.87 W, 700.00 W, 700.00 W, 1980 MHz, 2619 MHz, [N/A]
2025/11/27 04:16:04.650, 0, NVIDIA H100 80GB HBM3, P0, 91 %, 14 %, 81559 MiB, 54833 MiB, 26247 MiB, 43, 49, 246.90 W, 700.00 W, 700.00 W, 1980 MHz, 2619 MHz, [N/A]
2025/11/27 04:16:04.651, 1, NVIDIA H100 80GB HBM3, P0, 72 %, 19 %, 81559 MiB, 56615 MiB, 24465 MiB, 46, 51, 255.18 W, 700.00 W, 700.00 W, 1980 MHz, 2619 MHz, [N/A]
2025/11/27 04:16:04.652, 2, NVIDIA H100 80GB HBM3, P0, 90 %, 16 %, 81559 MiB, 55247 MiB, 25833 MiB, 47, 52, 260.11 W, 700.00 W, 700.00 W, 1980 MHz, 2619 MHz, [N/A]
2025/11/27 04:16:04.653, 3, NVIDIA H100 80GB HBM3, P0, 100 %, 10 %, 81559 MiB, 56461 MiB, 24619 MiB, 42, 49, 254.52 W, 700.00 W, 700.00 W, 1980 MHz, 2619 MHz, [N/A]
2025/11/27 04:16:04.654, 4, NVIDIA H100 80GB HBM3, P0, 94 %, 7 %, 81559 MiB, 55393 MiB, 25687 MiB, 40, 45, 246.69 W, 700.00 W, 700.00 W, 1980 MHz, 2619 MHz, [N/A]
2025/11/27 04:16:04.654, 5, NVIDIA H100 80GB HBM3, P0, 60 %, 15 %, 81559 MiB, 56005 MiB, 25075 MiB, 46, 50, 255.06 W, 700.00 W, 700.00 W, 1980 MHz, 2619 MHz, [N/A]
2025/11/27 04:16:04.655, 6, NVIDIA H100 80GB HBM3, P0, 100 %, 7 %, 81559 MiB, 55107 MiB, 25973 MiB, 44, 50, 228.06 W, 700.00 W, 700.00 W, 1980 MHz, 2619 MHz, [N/A]
2025/11/27 04:16:04.656, 7, NVIDIA H100 80GB HBM3, P0, 15 %, 5 %, 81559 MiB, 55575 MiB, 25505 MiB, 42, 47, 237.71 W, 700.00 W, 700.00 W, 1980 MHz, 2619 MHz, [N/A]
2025/11/27 04:16:09.657, 0, NVIDIA H100 80GB HBM3, P0, 100 %, 8 %, 81559 MiB, 54831 MiB, 26249 MiB, 43, 49, 252.55 W, 700.00 W, 700.00 W, 1980 MHz, 2619 MHz, [N/A]
2025/11/27 04:16:09.658, 1, NVIDIA H100 80GB HBM3, P0, 23 %, 7 %, 81559 MiB, 56615 MiB, 24465 MiB, 46, 52, 243.16 W, 700.00 W, 700.00 W, 1980 MHz, 2619 MHz, [N/A]
2025/11/27 04:16:09.659, 2, NVIDIA H100 80GB HBM3, P0, 74 %, 7 %, 81559 MiB, 55245 MiB, 25835 MiB, 48, 52, 253.01 W, 700.00 W, 700.00 W, 1980 MHz, 2619 MHz, [N/A]
2025/11/27 04:16:09.660, 3, NVIDIA H100 80GB HBM3, P0, 100 %, 17 %, 81559 MiB, 56459 MiB, 24621 MiB, 42, 49, 256.64 W, 700.00 W, 700.00 W, 1980 MHz, 2619 MHz, [N/A]
2025/11/27 04:16:09.661, 4, NVIDIA H100 80GB HBM3, P0, 87 %, 12 %, 81559 MiB, 55393 MiB, 25687 MiB, 40, 46, 218.35 W, 700.00 W, 700.00 W, 1980 MHz, 2619 MHz, [N/A]
2025/11/27 04:16:09.661, 5, NVIDIA H100 80GB HBM3, P0, 100 %, 12 %, 81559 MiB, 56005 MiB, 25075 MiB, 46, 51, 246.03 W, 700.00 W, 700.00 W, 1980 MHz, 2619 MHz, [N/A]
2025/11/27 04:16:09.662, 6, NVIDIA H100 80GB HBM3, P0, 97 %, 16 %, 81559 MiB, 55105 MiB, 25975 MiB, 45, 50, 226.48 W, 700.00 W, 700.00 W, 1980 MHz, 2619 MHz, [N/A]
2025/11/27 04:16:09.662, 7, NVIDIA H100 80GB HBM3, P0, 100 %, 9 %, 81559 MiB, 55575 MiB, 25505 MiB, 43, 47, 255.56 W, 700.00 W, 700.00 W, 1980 MHz, 2619 MHz, [N/A]
2025/11/27 04:16:14.663, 0, NVIDIA H100 80GB HBM3, P0, 100 %, 6 %, 81559 MiB, 54829 MiB, 26251 MiB, 42, 49, 219.59 W, 700.00 W, 700.00 W, 1980 MHz, 2619 MHz, [N/A]
2025/11/27 04:16:14.665, 1, NVIDIA H100 80GB HBM3, P0, 31 %, 16 %, 81559 MiB, 56615 MiB, 24465 MiB, 45, 52, 222.89 W, 700.00 W, 700.00 W, 1980 MHz, 2619 MHz, [N/A]
2025/11/27 04:16:14.666, 2, NVIDIA H100 80GB HBM3, P0, 89 %, 16 %, 81559 MiB, 55245 MiB, 25835 MiB, 47, 52, 250.73 W, 700.00 W, 700.00 W, 1980 MHz, 2619 MHz, [N/A]
2025/11/27 04:16:14.667, 3, NVIDIA H100 80GB HBM3, P0, 100 %, 6 %, 81559 MiB, 56459 MiB, 24621 MiB, 42, 49, 236.49 W, 700.00 W, 700.00 W, 1980 MHz, 2619 MHz, [N/A]
2025/11/27 04:16:14.668, 4, NVIDIA H100 80GB HBM3, P0, 100 %, 6 %, 81559 MiB, 55393 MiB, 25687 MiB, 40, 46, 218.40 W, 700.00 W, 700.00 W, 1980 MHz, 2619 MHz, [N/A]
2025/11/27 04:16:14.668, 5, NVIDIA H100 80GB HBM3, P0, 100 %, 7 %, 81559 MiB, 56005 MiB, 25075 MiB, 46, 50, 245.90 W, 700.00 W, 700.00 W, 1980 MHz, 2619 MHz, [N/A]
2025/11/27 04:16:14.683, 6, NVIDIA H100 80GB HBM3, P0, 100 %, 6 %, 81559 MiB, 55105 MiB, 25975 MiB, 45, 49, 262.61 W, 700.00 W, 700.00 W, 1980 MHz, 2619 MHz, [N/A]
2025/11/27 04:16:14.684, 7, NVIDIA H100 80GB HBM3, P0, 100 %, 6 %, 81559 MiB, 55575 MiB, 25505 MiB, 42, 48, 238.38 W, 700.00 W, 700.00 W, 1980 MHz, 2619 MHz, [N/A]
2025/11/27 04:16:19.686, 0, NVIDIA H100 80GB HBM3, P0, 100 %, 17 %, 81559 MiB, 54829 MiB, 26251 MiB, 42, 49, 244.83 W, 700.00 W, 700.00 W, 1980 MHz, 2619 MHz, [N/A]
2025/11/27 04:16:19.687, 1, NVIDIA H100 80GB HBM3, P0, 24 %, 11 %, 81559 MiB, 56615 MiB, 24465 MiB, 46, 52, 230.33 W, 700.00 W, 700.00 W, 1980 MHz, 2619 MHz, [N/A]
2025/11/27 04:16:19.688, 2, NVIDIA H100 80GB HBM3, P0, 100 %, 11 %, 81559 MiB, 55245 MiB, 25835 MiB, 46, 52, 256.62 W, 700.00 W, 700.00 W, 1980 MHz, 2619 MHz, [N/A]
2025/11/27 04:16:19.689, 3, NVIDIA H100 80GB HBM3, P0, 100 %, 12 %, 81559 MiB, 56457 MiB, 24623 MiB, 41, 49, 235.18 W, 700.00 W, 700.00 W, 1980 MHz, 2619 MHz, [N/A]
2025/11/27 04:16:19.690, 4, NVIDIA H100 80GB HBM3, P0, 100 %, 17 %, 81559 MiB, 55393 MiB, 25687 MiB, 40, 45, 244.08 W, 700.00 W, 700.00 W, 1980 MHz, 2619 MHz, [N/A]
2025/11/27 04:16:19.690, 5, NVIDIA H100 80GB HBM3, P0, 100 %, 15 %, 81559 MiB, 56005 MiB, 25075 MiB, 46, 51, 256.33 W, 700.00 W, 700.00 W, 1980 MHz, 2619 MHz, [N/A]
2025/11/27 04:16:19.691, 6, NVIDIA H100 80GB HBM3, P0, 100 %, 13 %, 81559 MiB, 55105 MiB, 25975 MiB, 45, 51, 236.56 W, 700.00 W, 700.00 W, 1980 MHz, 2619 MHz, [N/A]
2025/11/27 04:16:19.692, 7, NVIDIA H100 80GB HBM3, P0, 100 %, 15 %, 81559 MiB, 55573 MiB, 25507 MiB, 42, 49, 234.59 W, 700.00 W, 700.00 W, 1980 MHz, 2619 MHz, [N/A]
2025/11/27 04:16:24.693, 0, NVIDIA H100 80GB HBM3, P0, 99 %, 14 %, 81559 MiB, 54829 MiB, 26251 MiB, 43, 51, 244.45 W, 700.00 W, 700.00 W, 1980 MHz, 2619 MHz, [N/A]
2025/11/27 04:16:24.695, 1, NVIDIA H100 80GB HBM3, P0, 30 %, 14 %, 81559 MiB, 56613 MiB, 24467 MiB, 46, 52, 236.89 W, 700.00 W, 700.00 W, 1980 MHz, 2619 MHz, [N/A]
2025/11/27 04:16:24.695, 2, NVIDIA H100 80GB HBM3, P0, 94 %, 10 %, 81559 MiB, 55245 MiB, 25835 MiB, 47, 53, 273.28 W, 700.00 W, 700.00 W, 1980 MHz, 2619 MHz, [N/A]
2025/11/27 04:16:24.697, 3, NVIDIA H100 80GB HBM3, P0, 66 %, 17 %, 81559 MiB, 56455 MiB, 24625 MiB, 41, 49, 245.56 W, 700.00 W, 700.00 W, 1980 MHz, 2619 MHz, [N/A]
2025/11/27 04:16:24.697, 4, NVIDIA H100 80GB HBM3, P0, 95 %, 13 %, 81559 MiB, 55393 MiB, 25687 MiB, 41, 45, 237.31 W, 700.00 W, 700.00 W, 1980 MHz, 2619 MHz, [N/A]
2025/11/27 04:16:24.698, 5, NVIDIA H100 80GB HBM3, P0, 88 %, 16 %, 81559 MiB, 56005 MiB, 25075 MiB, 46, 51, 250.47 W, 700.00 W, 700.00 W, 1980 MHz, 2619 MHz, [N/A]
2025/11/27 04:16:24.699, 6, NVIDIA H100 80GB HBM3, P0, 88 %, 18 %, 81559 MiB, 55105 MiB, 25975 MiB, 45, 53, 243.50 W, 700.00 W, 700.00 W, 1980 MHz, 2619 MHz, [N/A]
2025/11/27 04:16:24.699, 7, NVIDIA H100 80GB HBM3, P0, 71 %, 17 %, 81559 MiB, 55573 MiB, 25507 MiB, 42, 48, 233.27 W, 700.00 W, 700.00 W, 1980 MHz, 2619 MHz, [N/A]
2025/11/27 04:16:29.701, 0, NVIDIA H100 80GB HBM3, P0, 72 %, 10 %, 81559 MiB, 54829 MiB, 26251 MiB, 43, 49, 247.29 W, 700.00 W, 700.00 W, 1980 MHz, 2619 MHz, [N/A]
2025/11/27 04:16:29.702, 1, NVIDIA H100 80GB HBM3, P0, 88 %, 8 %, 81559 MiB, 56611 MiB, 24469 MiB, 46, 52, 221.34 W, 700.00 W, 700.00 W, 1980 MHz, 2619 MHz, [N/A]
2025/11/27 04:16:29.703, 2, NVIDIA H100 80GB HBM3, P0, 99 %, 10 %, 81559 MiB, 55245 MiB, 25835 MiB, 48, 53, 255.09 W, 700.00 W, 700.00 W, 1980 MHz, 2619 MHz, [N/A]
2025/11/27 04:16:29.704, 3, NVIDIA H100 80GB HBM3, P0, 99 %, 7 %, 81559 MiB, 56455 MiB, 24625 MiB, 42, 49, 235.79 W, 700.00 W, 700.00 W, 1980 MHz, 2619 MHz, [N/A]
2025/11/27 04:16:29.704, 4, NVIDIA H100 80GB HBM3, P0, 100 %, 7 %, 81559 MiB, 55391 MiB, 25689 MiB, 41, 46, 259.29 W, 700.00 W, 700.00 W, 1980 MHz, 2619 MHz, [N/A]
2025/11/27 04:16:29.705, 5, NVIDIA H100 80GB HBM3, P0, 98 %, 7 %, 81559 MiB, 56003 MiB, 25077 MiB, 47, 50, 259.15 W, 700.00 W, 700.00 W, 1980 MHz, 2619 MHz, [N/A]
2025/11/27 04:16:29.706, 6, NVIDIA H100 80GB HBM3, P0, 94 %, 5 %, 81559 MiB, 55103 MiB, 25977 MiB, 45, 50, 229.19 W, 700.00 W, 700.00 W, 1980 MHz, 2619 MHz, [N/A]
2025/11/27 04:16:29.706, 7, NVIDIA H100 80GB HBM3, P0, 15 %, 5 %, 81559 MiB, 55571 MiB, 25509 MiB, 44, 49, 236.01 W, 700.00 W, 700.00 W, 1980 MHz, 2619 MHz, [N/A]
2025/11/27 04:16:34.707, 0, NVIDIA H100 80GB HBM3, P0, 96 %, 11 %, 81559 MiB, 54827 MiB, 26253 MiB, 43, 49, 243.58 W, 700.00 W, 700.00 W, 1980 MHz, 2619 MHz, [N/A]
2025/11/27 04:16:34.708, 1, NVIDIA H100 80GB HBM3, P0, 24 %, 12 %, 81559 MiB, 56611 MiB, 24469 MiB, 46, 52, 234.34 W, 700.00 W, 700.00 W, 1980 MHz, 2619 MHz, [N/A]
2025/11/27 04:16:34.709, 2, NVIDIA H100 80GB HBM3, P0, 98 %, 9 %, 81559 MiB, 55245 MiB, 25835 MiB, 47, 52, 254.29 W, 700.00 W, 700.00 W, 1980 MHz, 2619 MHz, [N/A]
2025/11/27 04:16:34.710, 3, NVIDIA H100 80GB HBM3, P0, 89 %, 15 %, 81559 MiB, 56455 MiB, 24625 MiB, 41, 49, 237.43 W, 700.00 W, 700.00 W, 1980 MHz, 2619 MHz, [N/A]
2025/11/27 04:16:34.710, 4, NVIDIA H100 80GB HBM3, P0, 94 %, 11 %, 81559 MiB, 55391 MiB, 25689 MiB, 40, 46, 237.61 W, 700.00 W, 700.00 W, 1980 MHz, 2619 MHz, [N/A]
2025/11/27 04:16:34.711, 5, NVIDIA H100 80GB HBM3, P0, 59 %, 16 %, 81559 MiB, 54151 MiB, 26929 MiB, 46, 50, 257.81 W, 700.00 W, 700.00 W, 1980 MHz, 2619 MHz, [N/A]
2025/11/27 04:16:34.711, 6, NVIDIA H100 80GB HBM3, P0, 87 %, 18 %, 81559 MiB, 55103 MiB, 25977 MiB, 44, 49, 234.75 W, 700.00 W, 700.00 W, 1980 MHz, 2619 MHz, [N/A]
2025/11/27 04:16:34.712, 7, NVIDIA H100 80GB HBM3, P0, 71 %, 18 %, 81559 MiB, 55571 MiB, 25509 MiB, 42, 49, 229.17 W, 700.00 W, 700.00 W, 1980 MHz, 2619 MHz, [N/A]
2025/11/27 04:16:39.713, 0, NVIDIA H100 80GB HBM3, P0, 100 %, 15 %, 81559 MiB, 54827 MiB, 26253 MiB, 43, 49, 242.20 W, 700.00 W, 700.00 W, 1980 MHz, 2619 MHz, [N/A]
2025/11/27 04:16:39.715, 1, NVIDIA H100 80GB HBM3, P0, 27 %, 14 %, 81559 MiB, 56611 MiB, 24469 MiB, 46, 52, 247.66 W, 700.00 W, 700.00 W, 1980 MHz, 2619 MHz, [N/A]
2025/11/27 04:16:39.716, 2, NVIDIA H100 80GB HBM3, P0, 100 %, 12 %, 81559 MiB, 55243 MiB, 25837 MiB, 47, 52, 250.10 W, 700.00 W, 700.00 W, 1980 MHz, 2619 MHz, [N/A]
2025/11/27 04:16:39.718, 3, NVIDIA H100 80GB HBM3, P0, 100 %, 15 %, 81559 MiB, 56455 MiB, 24625 MiB, 42, 49, 249.46 W, 700.00 W, 700.00 W, 1980 MHz, 2619 MHz, [N/A]
2025/11/27 04:16:39.719, 4, NVIDIA H100 80GB HBM3, P0, 100 %, 21 %, 81559 MiB, 55391 MiB, 25689 MiB, 40, 45, 253.22 W, 700.00 W, 700.00 W, 1980 MHz, 2619 MHz, [N/A]
2025/11/27 04:16:39.720, 5, NVIDIA H100 80GB HBM3, P0, 100 %, 15 %, 81559 MiB, 54151 MiB, 26929 MiB, 46, 51, 252.94 W, 700.00 W, 700.00 W, 1980 MHz, 2619 MHz, [N/A]
2025/11/27 04:16:39.721, 6, NVIDIA H100 80GB HBM3, P0, 53 %, 12 %, 81559 MiB, 55103 MiB, 25977 MiB, 44, 50, 236.50 W, 700.00 W, 700.00 W, 1980 MHz, 2619 MHz, [N/A]
2025/11/27 04:16:39.722, 7, NVIDIA H100 80GB HBM3, P0, 100 %, 13 %, 81559 MiB, 55571 MiB, 25509 MiB, 42, 49, 225.90 W, 700.00 W, 700.00 W, 1980 MHz, 2619 MHz, [N/A]
2025/11/27 04:16:44.724, 0, NVIDIA H100 80GB HBM3, P0, 88 %, 4 %, 81559 MiB, 54827 MiB, 26253 MiB, 43, 50, 227.99 W, 700.00 W, 700.00 W, 1980 MHz, 2619 MHz, [N/A]
2025/11/27 04:16:44.733, 1, NVIDIA H100 80GB HBM3, P0, 97 %, 7 %, 81559 MiB, 56611 MiB, 24469 MiB, 45, 50, 217.64 W, 700.00 W, 700.00 W, 1980 MHz, 2619 MHz, [N/A]
2025/11/27 04:16:44.740, 2, NVIDIA H100 80GB HBM3, P0, 98 %, 3 %, 81559 MiB, 55243 MiB, 25837 MiB, 48, 52, 239.85 W, 700.00 W, 700.00 W, 1980 MHz, 2619 MHz, [N/A]
2025/11/27 04:16:44.745, 3, NVIDIA H100 80GB HBM3, P0, 100 %, 1 %, 81559 MiB, 56455 MiB, 24625 MiB, 42, 49, 241.70 W, 700.00 W, 700.00 W, 1980 MHz, 2619 MHz, [N/A]
2025/11/27 04:16:44.751, 4, NVIDIA H100 80GB HBM3, P0, 100 %, 5 %, 81559 MiB, 55391 MiB, 25689 MiB, 40, 46, 222.12 W, 700.00 W, 700.00 W, 1980 MHz, 2619 MHz, [N/A]
2025/11/27 04:16:44.753, 5, NVIDIA H100 80GB HBM3, P0, 100 %, 3 %, 81559 MiB, 54151 MiB, 26929 MiB, 45, 49, 241.90 W, 700.00 W, 700.00 W, 1980 MHz, 2619 MHz, [N/A]
2025/11/27 04:16:44.756, 6, NVIDIA H100 80GB HBM3, P0, 100 %, 1 %, 81559 MiB, 55103 MiB, 25977 MiB, 45, 50, 226.20 W, 700.00 W, 700.00 W, 1980 MHz, 2619 MHz, [N/A]
2025/11/27 04:16:44.759, 7, NVIDIA H100 80GB HBM3, P0, 73 %, 3 %, 81559 MiB, 55569 MiB, 25511 MiB, 42, 48, 235.33 W, 700.00 W, 700.00 W, 1980 MHz, 2619 MHz, [N/A]
2025/11/27 04:16:49.761, 0, NVIDIA H100 80GB HBM3, P0, 100 %, 7 %, 81559 MiB, 54827 MiB, 26253 MiB, 43, 49, 234.84 W, 700.00 W, 700.00 W, 1980 MHz, 2619 MHz, [N/A]
2025/11/27 04:16:49.762, 1, NVIDIA H100 80GB HBM3, P0, 17 %, 5 %, 81559 MiB, 56611 MiB, 24469 MiB, 46, 52, 239.53 W, 700.00 W, 700.00 W, 1980 MHz, 2619 MHz, [N/A]
2025/11/27 04:16:49.763, 2, NVIDIA H100 80GB HBM3, P0, 93 %, 13 %, 81559 MiB, 55243 MiB, 25837 MiB, 47, 52, 247.04 W, 700.00 W, 700.00 W, 1980 MHz, 2619 MHz, [N/A]
2025/11/27 04:16:49.764, 3, NVIDIA H100 80GB HBM3, P0, 88 %, 17 %, 81559 MiB, 56455 MiB, 24625 MiB, 41, 49, 231.74 W, 700.00 W, 700.00 W, 1980 MHz, 2619 MHz, [N/A]
2025/11/27 04:16:49.765, 4, NVIDIA H100 80GB HBM3, P0, 100 %, 11 %, 81559 MiB, 55391 MiB, 25689 MiB, 40, 45, 237.41 W, 700.00 W, 700.00 W, 1980 MHz, 2619 MHz, [N/A]
2025/11/27 04:16:49.765, 5, NVIDIA H100 80GB HBM3, P0, 89 %, 18 %, 81559 MiB, 54149 MiB, 26931 MiB, 45, 50, 258.37 W, 700.00 W, 700.00 W, 1980 MHz, 2619 MHz, [N/A]
2025/11/27 04:16:49.766, 6, NVIDIA H100 80GB HBM3, P0, 79 %, 20 %, 81559 MiB, 55103 MiB, 25977 MiB, 45, 49, 244.80 W, 700.00 W, 700.00 W, 1980 MHz, 2619 MHz, [N/A]
2025/11/27 04:16:49.767, 7, NVIDIA H100 80GB HBM3, P0, 78 %, 16 %, 81559 MiB, 55569 MiB, 25511 MiB, 42, 48, 255.13 W, 700.00 W, 700.00 W, 1980 MHz, 2619 MHz, [N/A]
2025/11/27 04:16:54.768, 0, NVIDIA H100 80GB HBM3, P0, 81 %, 15 %, 81559 MiB, 54827 MiB, 26253 MiB, 44, 49, 249.46 W, 700.00 W, 700.00 W, 1980 MHz, 2619 MHz, [N/A]
2025/11/27 04:16:54.769, 1, NVIDIA H100 80GB HBM3, P0, 14 %, 7 %, 81559 MiB, 56611 MiB, 24469 MiB, 46, 52, 235.90 W, 700.00 W, 700.00 W, 1980 MHz, 2619 MHz, [N/A]
2025/11/27 04:16:54.770, 2, NVIDIA H100 80GB HBM3, P0, 99 %, 10 %, 81559 MiB, 55243 MiB, 25837 MiB, 48, 52, 264.83 W, 700.00 W, 700.00 W, 1980 MHz, 2619 MHz, [N/A]
2025/11/27 04:16:54.771, 3, NVIDIA H100 80GB HBM3, P0, 100 %, 4 %, 81559 MiB, 56455 MiB, 24625 MiB, 42, 49, 234.37 W, 700.00 W, 700.00 W, 1980 MHz, 2619 MHz, [N/A]
2025/11/27 04:16:54.771, 4, NVIDIA H100 80GB HBM3, P0, 100 %, 4 %, 81559 MiB, 55389 MiB, 25691 MiB, 42, 45, 234.85 W, 700.00 W, 700.00 W, 1980 MHz, 2619 MHz, [N/A]
2025/11/27 04:16:54.772, 5, NVIDIA H100 80GB HBM3, P0, 98 %, 7 %, 81559 MiB, 54149 MiB, 26931 MiB, 45, 49, 238.14 W, 700.00 W, 700.00 W, 1980 MHz, 2619 MHz, [N/A]
2025/11/27 04:16:54.773, 6, NVIDIA H100 80GB HBM3, P0, 100 %, 5 %, 81559 MiB, 55103 MiB, 25977 MiB, 46, 51, 237.16 W, 700.00 W, 700.00 W, 1980 MHz, 2619 MHz, [N/A]
2025/11/27 04:16:54.773, 7, NVIDIA H100 80GB HBM3, P0, 100 %, 6 %, 81559 MiB, 55569 MiB, 25511 MiB, 43, 47, 243.62 W, 700.00 W, 700.00 W, 1980 MHz, 2619 MHz, [N/A]
2025/11/27 04:16:59.774, 0, NVIDIA H100 80GB HBM3, P0, 88 %, 16 %, 81559 MiB, 54825 MiB, 26255 MiB, 43, 50, 240.82 W, 700.00 W, 700.00 W, 1980 MHz, 2619 MHz, [N/A]
2025/11/27 04:16:59.775, 1, NVIDIA H100 80GB HBM3, P0, 85 %, 14 %, 81559 MiB, 56611 MiB, 24469 MiB, 46, 52, 249.72 W, 700.00 W, 700.00 W, 1980 MHz, 2619 MHz, [N/A]
2025/11/27 04:16:59.776, 2, NVIDIA H100 80GB HBM3, P0, 96 %, 11 %, 81559 MiB, 55241 MiB, 25839 MiB, 47, 55, 264.22 W, 700.00 W, 700.00 W, 1980 MHz, 2619 MHz, [N/A]
2025/11/27 04:16:59.777, 3, NVIDIA H100 80GB HBM3, P0, 100 %, 12 %, 81559 MiB, 56455 MiB, 24625 MiB, 41, 49, 244.58 W, 700.00 W, 700.00 W, 1980 MHz, 2619 MHz, [N/A]
2025/11/27 04:16:59.778, 4, NVIDIA H100 80GB HBM3, P0, 100 %, 13 %, 81559 MiB, 55389 MiB, 25691 MiB, 41, 49, 238.39 W, 700.00 W, 700.00 W, 1980 MHz, 2619 MHz, [N/A]
2025/11/27 04:16:59.778, 5, NVIDIA H100 80GB HBM3, P0, 100 %, 11 %, 81559 MiB, 54149 MiB, 26931 MiB, 45, 49, 261.52 W, 700.00 W, 700.00 W, 1980 MHz, 2619 MHz, [N/A]
2025/11/27 04:16:59.779, 6, NVIDIA H100 80GB HBM3, P0, 75 %, 15 %, 81559 MiB, 55103 MiB, 25977 MiB, 45, 51, 243.29 W, 700.00 W, 700.00 W, 1980 MHz, 2619 MHz, [N/A]
2025/11/27 04:16:59.779, 7, NVIDIA H100 80GB HBM3, P0, 100 %, 12 %, 81559 MiB, 55567 MiB, 25513 MiB, 42, 49, 241.86 W, 700.00 W, 700.00 W, 1980 MHz, 2619 MHz, [N/A]
2025/11/27 04:17:04.780, 0, NVIDIA H100 80GB HBM3, P0, 98 %, 14 %, 81559 MiB, 54823 MiB, 26257 MiB, 43, 51, 239.98 W, 700.00 W, 700.00 W, 1980 MHz, 2619 MHz, [N/A]
2025/11/27 04:17:04.782, 1, NVIDIA H100 80GB HBM3, P0, 72 %, 12 %, 81559 MiB, 56609 MiB, 24471 MiB, 47, 52, 234.47 W, 700.00 W, 700.00 W, 1980 MHz, 2619 MHz, [N/A]
2025/11/27 04:17:04.782, 2, NVIDIA H100 80GB HBM3, P0, 99 %, 7 %, 81559 MiB, 55241 MiB, 25839 MiB, 48, 52, 241.37 W, 700.00 W, 700.00 W, 1980 MHz, 2619 MHz, [N/A]
2025/11/27 04:17:04.783, 3, NVIDIA H100 80GB HBM3, P0, 100 %, 9 %, 81559 MiB, 56453 MiB, 24627 MiB, 43, 50, 240.24 W, 700.00 W, 700.00 W, 1980 MHz, 2619 MHz, [N/A]
2025/11/27 04:17:04.784, 4, NVIDIA H100 80GB HBM3, P0, 98 %, 18 %, 81559 MiB, 55387 MiB, 25693 MiB, 41, 47, 233.31 W, 700.00 W, 700.00 W, 1980 MHz, 2619 MHz, [N/A]
2025/11/27 04:17:04.784, 5, NVIDIA H100 80GB HBM3, P0, 93 %, 8 %, 81559 MiB, 54149 MiB, 26931 MiB, 45, 49, 241.11 W, 700.00 W, 700.00 W, 1980 MHz, 2619 MHz, [N/A]
2025/11/27 04:17:04.785, 6, NVIDIA H100 80GB HBM3, P0, 100 %, 8 %, 81559 MiB, 55101 MiB, 25979 MiB, 45, 51, 226.04 W, 700.00 W, 700.00 W, 1980 MHz, 2619 MHz, [N/A]
2025/11/27 04:17:04.785, 7, NVIDIA H100 80GB HBM3, P0, 52 %, 6 %, 81559 MiB, 55565 MiB, 25515 MiB, 43, 49, 248.60 W, 700.00 W, 700.00 W, 1980 MHz, 2619 MHz, [N/A]
2025/11/27 04:17:09.787, 0, NVIDIA H100 80GB HBM3, P0, 100 %, 8 %, 81559 MiB, 54823 MiB, 26257 MiB, 42, 49, 239.61 W, 700.00 W, 700.00 W, 1980 MHz, 2619 MHz, [N/A]
2025/11/27 04:17:09.789, 1, NVIDIA H100 80GB HBM3, P0, 13 %, 4 %, 81559 MiB, 56609 MiB, 24471 MiB, 46, 52, 234.40 W, 700.00 W, 700.00 W, 1980 MHz, 2619 MHz, [N/A]
2025/11/27 04:17:09.790, 2, NVIDIA H100 80GB HBM3, P0, 94 %, 12 %, 81559 MiB, 55239 MiB, 25841 MiB, 47, 52, 259.94 W, 700.00 W, 700.00 W, 1980 MHz, 2619 MHz, [N/A]
2025/11/27 04:17:09.791, 3, NVIDIA H100 80GB HBM3, P0, 88 %, 20 %, 81559 MiB, 56453 MiB, 24627 MiB, 42, 49, 251.84 W, 700.00 W, 700.00 W, 1980 MHz, 2619 MHz, [N/A]
2025/11/27 04:17:09.791, 4, NVIDIA H100 80GB HBM3, P0, 100 %, 8 %, 81559 MiB, 55387 MiB, 25693 MiB, 40, 45, 237.32 W, 700.00 W, 700.00 W, 1980 MHz, 2619 MHz, [N/A]
2025/11/27 04:17:09.792, 5, NVIDIA H100 80GB HBM3, P0, 89 %, 18 %, 81559 MiB, 54149 MiB, 26931 MiB, 46, 51, 269.25 W, 700.00 W, 700.00 W, 1980 MHz, 2619 MHz, [N/A]
2025/11/27 04:17:09.793, 6, NVIDIA H100 80GB HBM3, P0, 80 %, 21 %, 81559 MiB, 55099 MiB, 25981 MiB, 45, 51, 268.40 W, 700.00 W, 700.00 W, 1980 MHz, 2619 MHz, [N/A]
2025/11/27 04:17:09.793, 7, NVIDIA H100 80GB HBM3, P0, 69 %, 18 %, 81559 MiB, 55565 MiB, 25515 MiB, 42, 47, 243.47 W, 700.00 W, 700.00 W, 1980 MHz, 2619 MHz, [N/A]
2025/11/27 04:17:14.796, 0, NVIDIA H100 80GB HBM3, P0, 72 %, 8 %, 81559 MiB, 54823 MiB, 26257 MiB, 43, 50, 240.91 W, 700.00 W, 700.00 W, 1980 MHz, 2619 MHz, [N/A]
2025/11/27 04:17:14.797, 1, NVIDIA H100 80GB HBM3, P0, 15 %, 5 %, 81559 MiB, 56609 MiB, 24471 MiB, 46, 52, 230.76 W, 700.00 W, 700.00 W, 1980 MHz, 2619 MHz, [N/A]
2025/11/27 04:17:14.798, 2, NVIDIA H100 80GB HBM3, P0, 89 %, 17 %, 81559 MiB, 55237 MiB, 25843 MiB, 47, 53, 247.55 W, 700.00 W, 700.00 W, 1980 MHz, 2619 MHz, [N/A]
2025/11/27 04:17:14.799, 3, NVIDIA H100 80GB HBM3, P0, 96 %, 10 %, 81559 MiB, 56451 MiB, 24629 MiB, 41, 49, 243.21 W, 700.00 W, 700.00 W, 1980 MHz, 2619 MHz, [N/A]
2025/11/27 04:17:14.800, 4, NVIDIA H100 80GB HBM3, P0, 100 %, 6 %, 81559 MiB, 55387 MiB, 25693 MiB, 40, 46, 236.32 W, 700.00 W, 700.00 W, 1980 MHz, 2619 MHz, [N/A]
2025/11/27 04:17:14.801, 5, NVIDIA H100 80GB HBM3, P0, 100 %, 5 %, 81559 MiB, 54147 MiB, 26933 MiB, 46, 49, 233.86 W, 700.00 W, 700.00 W, 1980 MHz, 2619 MHz, [N/A]
2025/11/27 04:17:14.801, 6, NVIDIA H100 80GB HBM3, P0, 64 %, 14 %, 81559 MiB, 55099 MiB, 25981 MiB, 45, 50, 235.54 W, 700.00 W, 700.00 W, 1980 MHz, 2619 MHz, [N/A]
2025/11/27 04:17:14.802, 7, NVIDIA H100 80GB HBM3, P0, 100 %, 11 %, 81559 MiB, 55565 MiB, 25515 MiB, 42, 47, 227.53 W, 700.00 W, 700.00 W, 1980 MHz, 2619 MHz, [N/A]
2025/11/27 04:17:19.802, 0, NVIDIA H100 80GB HBM3, P0, 100 %, 4 %, 81559 MiB, 54823 MiB, 26257 MiB, 43, 49, 237.32 W, 700.00 W, 700.00 W, 1980 MHz, 2619 MHz, [N/A]
2025/11/27 04:17:19.804, 1, NVIDIA H100 80GB HBM3, P0, 34 %, 7 %, 81559 MiB, 56609 MiB, 24471 MiB, 46, 52, 222.12 W, 700.00 W, 700.00 W, 1980 MHz, 2619 MHz, [N/A]
2025/11/27 04:17:19.804, 2, NVIDIA H100 80GB HBM3, P0, 100 %, 6 %, 81559 MiB, 55237 MiB, 25843 MiB, 47, 52, 248.42 W, 700.00 W, 700.00 W, 1980 MHz, 2619 MHz, [N/A]
2025/11/27 04:17:19.805, 3, NVIDIA H100 80GB HBM3, P0, 89 %, 13 %, 81559 MiB, 56451 MiB, 24629 MiB, 42, 49, 240.71 W, 700.00 W, 700.00 W, 1980 MHz, 2619 MHz, [N/A]
2025/11/27 04:17:19.806, 4, NVIDIA H100 80GB HBM3, P0, 100 %, 4 %, 81559 MiB, 55387 MiB, 25693 MiB, 40, 45, 231.45 W, 700.00 W, 700.00 W, 1980 MHz, 2619 MHz, [N/A]
2025/11/27 04:17:19.807, 5, NVIDIA H100 80GB HBM3, P0, 98 %, 4 %, 81559 MiB, 54145 MiB, 26935 MiB, 46, 49, 235.82 W, 700.00 W, 700.00 W, 1980 MHz, 2619 MHz, [N/A]
2025/11/27 04:17:19.807, 6, NVIDIA H100 80GB HBM3, P0, 93 %, 14 %, 81559 MiB, 55099 MiB, 25981 MiB, 45, 50, 244.03 W, 700.00 W, 700.00 W, 1980 MHz, 2619 MHz, [N/A]
2025/11/27 04:17:19.808, 7, NVIDIA H100 80GB HBM3, P0, 30 %, 14 %, 81559 MiB, 55565 MiB, 25515 MiB, 42, 47, 231.29 W, 700.00 W, 700.00 W, 1980 MHz, 2619 MHz, [N/A]
2025/11/27 04:17:24.809, 0, NVIDIA H100 80GB HBM3, P0, 100 %, 5 %, 81559 MiB, 54823 MiB, 26257 MiB, 43, 49, 248.36 W, 700.00 W, 700.00 W, 1980 MHz, 2619 MHz, [N/A]
2025/11/27 04:17:24.810, 1, NVIDIA H100 80GB HBM3, P0, 100 %, 7 %, 81559 MiB, 56607 MiB, 24473 MiB, 46, 52, 229.91 W, 700.00 W, 700.00 W, 1980 MHz, 2619 MHz, [N/A]
2025/11/27 04:17:24.811, 2, NVIDIA H100 80GB HBM3, P0, 100 %, 6 %, 81559 MiB, 55237 MiB, 25843 MiB, 47, 54, 262.95 W, 700.00 W, 700.00 W, 1980 MHz, 2619 MHz, [N/A]
2025/11/27 04:17:24.811, 3, NVIDIA H100 80GB HBM3, P0, 92 %, 13 %, 81559 MiB, 56451 MiB, 24629 MiB, 41, 49, 246.26 W, 700.00 W, 700.00 W, 1980 MHz, 2619 MHz, [N/A]
2025/11/27 04:17:24.812, 4, NVIDIA H100 80GB HBM3, P0, 100 %, 9 %, 81559 MiB, 55387 MiB, 25693 MiB, 40, 45, 239.28 W, 700.00 W, 700.00 W, 1980 MHz, 2619 MHz, [N/A]
2025/11/27 04:17:24.813, 5, NVIDIA H100 80GB HBM3, P0, 98 %, 10 %, 81559 MiB, 54145 MiB, 26935 MiB, 46, 51, 263.88 W, 700.00 W, 700.00 W, 1980 MHz, 2619 MHz, [N/A]
2025/11/27 04:17:24.814, 6, NVIDIA H100 80GB HBM3, P0, 93 %, 13 %, 81559 MiB, 55099 MiB, 25981 MiB, 45, 51, 237.00 W, 700.00 W, 700.00 W, 1980 MHz, 2619 MHz, [N/A]
2025/11/27 04:17:24.814, 7, NVIDIA H100 80GB HBM3, P0, 27 %, 14 %, 81559 MiB, 55565 MiB, 25515 MiB, 42, 47, 202.94 W, 700.00 W, 700.00 W, 1980 MHz, 2619 MHz, [N/A]
2025/11/27 04:17:29.815, 0, NVIDIA H100 80GB HBM3, P0, 100 %, 7 %, 81559 MiB, 54823 MiB, 26257 MiB, 43, 49, 237.79 W, 700.00 W, 700.00 W, 1980 MHz, 2619 MHz, [N/A]
2025/11/27 04:17:29.816, 1, NVIDIA H100 80GB HBM3, P0, 63 %, 6 %, 81559 MiB, 56607 MiB, 24473 MiB, 46, 52, 253.89 W, 700.00 W, 700.00 W, 1980 MHz, 2619 MHz, [N/A]
2025/11/27 04:17:29.817, 2, NVIDIA H100 80GB HBM3, P0, 64 %, 14 %, 81559 MiB, 55237 MiB, 25843 MiB, 47, 52, 236.15 W, 700.00 W, 700.00 W, 1980 MHz, 2619 MHz, [N/A]
2025/11/27 04:17:29.818, 3, NVIDIA H100 80GB HBM3, P0, 89 %, 17 %, 81559 MiB, 56451 MiB, 24629 MiB, 41, 49, 234.25 W, 700.00 W, 700.00 W, 1980 MHz, 2619 MHz, [N/A]
2025/11/27 04:17:29.819, 4, NVIDIA H100 80GB HBM3, P0, 100 %, 8 %, 81559 MiB, 55387 MiB, 25693 MiB, 40, 46, 229.46 W, 700.00 W, 700.00 W, 1980 MHz, 2619 MHz, [N/A]
2025/11/27 04:17:29.820, 5, NVIDIA H100 80GB HBM3, P0, 97 %, 6 %, 81559 MiB, 54145 MiB, 26935 MiB, 46, 49, 241.14 W, 700.00 W, 700.00 W, 1980 MHz, 2619 MHz, [N/A]
2025/11/27 04:17:29.821, 6, NVIDIA H100 80GB HBM3, P0, 82 %, 20 %, 81559 MiB, 55099 MiB, 25981 MiB, 45, 49, 237.06 W, 700.00 W, 700.00 W, 1980 MHz, 2619 MHz, [N/A]
2025/11/27 04:17:29.821, 7, NVIDIA H100 80GB HBM3, P0, 78 %, 16 %, 81559 MiB, 55563 MiB, 25517 MiB, 42, 47, 235.09 W, 700.00 W, 700.00 W, 1980 MHz, 2619 MHz, [N/A]
2025/11/27 04:17:34.823, 0, NVIDIA H100 80GB HBM3, P0, 84 %, 16 %, 81559 MiB, 54823 MiB, 26257 MiB, 43, 50, 252.77 W, 700.00 W, 700.00 W, 1980 MHz, 2619 MHz, [N/A]
2025/11/27 04:17:34.824, 1, NVIDIA H100 80GB HBM3, P0, 80 %, 15 %, 81559 MiB, 54791 MiB, 26289 MiB, 46, 53, 250.72 W, 700.00 W, 700.00 W, 1980 MHz, 2619 MHz, [N/A]
2025/11/27 04:17:34.825, 2, NVIDIA H100 80GB HBM3, P0, 100 %, 9 %, 81559 MiB, 55237 MiB, 25843 MiB, 48, 52, 252.83 W, 700.00 W, 700.00 W, 1980 MHz, 2619 MHz, [N/A]
2025/11/27 04:17:34.825, 3, NVIDIA H100 80GB HBM3, P0, 100 %, 12 %, 81559 MiB, 56449 MiB, 24631 MiB, 41, 49, 257.60 W, 700.00 W, 700.00 W, 1980 MHz, 2619 MHz, [N/A]
2025/11/27 04:17:34.826, 4, NVIDIA H100 80GB HBM3, P0, 87 %, 16 %, 81559 MiB, 55387 MiB, 25693 MiB, 40, 47, 240.81 W, 700.00 W, 700.00 W, 1980 MHz, 2619 MHz, [N/A]
2025/11/27 04:17:34.827, 5, NVIDIA H100 80GB HBM3, P0, 100 %, 8 %, 81559 MiB, 54145 MiB, 26935 MiB, 45, 50, 247.96 W, 700.00 W, 700.00 W, 1980 MHz, 2619 MHz, [N/A]
2025/11/27 04:17:34.827, 6, NVIDIA H100 80GB HBM3, P0, 99 %, 9 %, 81559 MiB, 55099 MiB, 25981 MiB, 45, 49, 242.99 W, 700.00 W, 700.00 W, 1980 MHz, 2619 MHz, [N/A]
2025/11/27 04:17:34.828, 7, NVIDIA H100 80GB HBM3, P0, 100 %, 13 %, 81559 MiB, 55563 MiB, 25517 MiB, 42, 49, 239.03 W, 700.00 W, 700.00 W, 1980 MHz, 2619 MHz, [N/A]
2025/11/27 04:17:39.829, 0, NVIDIA H100 80GB HBM3, P0, 97 %, 8 %, 81559 MiB, 54823 MiB, 26257 MiB, 44, 49, 235.35 W, 700.00 W, 700.00 W, 1980 MHz, 2619 MHz, [N/A]
2025/11/27 04:17:39.830, 1, NVIDIA H100 80GB HBM3, P0, 74 %, 12 %, 81559 MiB, 54791 MiB, 26289 MiB, 47, 52, 233.74 W, 700.00 W, 700.00 W, 1980 MHz, 2619 MHz, [N/A]
2025/11/27 04:17:39.831, 2, NVIDIA H100 80GB HBM3, P0, 100 %, 7 %, 81559 MiB, 55235 MiB, 25845 MiB, 48, 52, 254.90 W, 700.00 W, 700.00 W, 1980 MHz, 2619 MHz, [N/A]
2025/11/27 04:17:39.832, 3, NVIDIA H100 80GB HBM3, P0, 100 %, 11 %, 81559 MiB, 56449 MiB, 24631 MiB, 43, 49, 251.47 W, 700.00 W, 700.00 W, 1980 MHz, 2619 MHz, [N/A]
2025/11/27 04:17:39.833, 4, NVIDIA H100 80GB HBM3, P0, 98 %, 9 %, 81559 MiB, 55385 MiB, 25695 MiB, 41, 47, 243.97 W, 700.00 W, 700.00 W, 1980 MHz, 2619 MHz, [N/A]
2025/11/27 04:17:39.834, 5, NVIDIA H100 80GB HBM3, P0, 44 %, 15 %, 81559 MiB, 54145 MiB, 26935 MiB, 45, 49, 247.01 W, 700.00 W, 700.00 W, 1980 MHz, 2619 MHz, [N/A]
2025/11/27 04:17:39.835, 6, NVIDIA H100 80GB HBM3, P0, 96 %, 13 %, 81559 MiB, 53247 MiB, 27833 MiB, 45, 51, 249.28 W, 700.00 W, 700.00 W, 1980 MHz, 2619 MHz, [N/A]
2025/11/27 04:17:39.836, 7, NVIDIA H100 80GB HBM3, P0, 93 %, 20 %, 81559 MiB, 55563 MiB, 25517 MiB, 44, 49, 277.89 W, 700.00 W, 700.00 W, 1980 MHz, 2619 MHz, [N/A]
2025/11/27 04:17:44.838, 0, NVIDIA H100 80GB HBM3, P0, 86 %, 17 %, 81559 MiB, 54821 MiB, 26259 MiB, 43, 51, 241.92 W, 700.00 W, 700.00 W, 1980 MHz, 2619 MHz, [N/A]
2025/11/27 04:17:44.839, 1, NVIDIA H100 80GB HBM3, P0, 78 %, 7 %, 81559 MiB, 54791 MiB, 26289 MiB, 46, 52, 249.56 W, 700.00 W, 700.00 W, 1980 MHz, 2619 MHz, [N/A]
2025/11/27 04:17:44.840, 2, NVIDIA H100 80GB HBM3, P0, 95 %, 12 %, 81559 MiB, 55235 MiB, 25845 MiB, 48, 52, 257.06 W, 700.00 W, 700.00 W, 1980 MHz, 2619 MHz, [N/A]
2025/11/27 04:17:44.841, 3, NVIDIA H100 80GB HBM3, P0, 100 %, 11 %, 81559 MiB, 56449 MiB, 24631 MiB, 41, 49, 244.45 W, 700.00 W, 700.00 W, 1980 MHz, 2619 MHz, [N/A]
2025/11/27 04:17:44.842, 4, NVIDIA H100 80GB HBM3, P0, 41 %, 15 %, 81559 MiB, 55385 MiB, 25695 MiB, 41, 45, 248.25 W, 700.00 W, 700.00 W, 1980 MHz, 2619 MHz, [N/A]
2025/11/27 04:17:44.842, 5, NVIDIA H100 80GB HBM3, P0, 100 %, 8 %, 81559 MiB, 54145 MiB, 26935 MiB, 46, 51, 261.97 W, 700.00 W, 700.00 W, 1980 MHz, 2619 MHz, [N/A]
2025/11/27 04:17:44.843, 6, NVIDIA H100 80GB HBM3, P0, 100 %, 8 %, 81559 MiB, 53245 MiB, 27835 MiB, 45, 50, 241.06 W, 700.00 W, 700.00 W, 1980 MHz, 2619 MHz, [N/A]
2025/11/27 04:17:44.844, 7, NVIDIA H100 80GB HBM3, P0, 95 %, 7 %, 81559 MiB, 55563 MiB, 25517 MiB, 42, 48, 237.06 W, 700.00 W, 700.00 W, 1980 MHz, 2619 MHz, [N/A]
2025/11/27 04:17:49.845, 0, NVIDIA H100 80GB HBM3, P0, 100 %, 16 %, 81559 MiB, 54821 MiB, 26259 MiB, 43, 49, 228.46 W, 700.00 W, 700.00 W, 1980 MHz, 2619 MHz, [N/A]
2025/11/27 04:17:49.846, 1, NVIDIA H100 80GB HBM3, P0, 15 %, 7 %, 81559 MiB, 54789 MiB, 26291 MiB, 46, 52, 237.79 W, 700.00 W, 700.00 W, 1980 MHz, 2619 MHz, [N/A]
2025/11/27 04:17:49.847, 2, NVIDIA H100 80GB HBM3, P0, 100 %, 18 %, 81559 MiB, 55235 MiB, 25845 MiB, 47, 52, 254.53 W, 700.00 W, 700.00 W, 1980 MHz, 2619 MHz, [N/A]
2025/11/27 04:17:49.847, 3, NVIDIA H100 80GB HBM3, P0, 55 %, 3 %, 81559 MiB, 56449 MiB, 24631 MiB, 42, 49, 240.49 W, 700.00 W, 700.00 W, 1980 MHz, 2619 MHz, [N/A]
2025/11/27 04:17:49.848, 4, NVIDIA H100 80GB HBM3, P0, 100 %, 11 %, 81559 MiB, 55385 MiB, 25695 MiB, 40, 45, 249.99 W, 700.00 W, 700.00 W, 1980 MHz, 2619 MHz, [N/A]
2025/11/27 04:17:49.848, 5, NVIDIA H100 80GB HBM3, P0, 100 %, 6 %, 81559 MiB, 54145 MiB, 26935 MiB, 46, 51, 255.40 W, 700.00 W, 700.00 W, 1980 MHz, 2619 MHz, [N/A]
2025/11/27 04:17:49.849, 6, NVIDIA H100 80GB HBM3, P0, 100 %, 10 %, 81559 MiB, 53245 MiB, 27835 MiB, 45, 51, 251.34 W, 700.00 W, 700.00 W, 1980 MHz, 2619 MHz, [N/A]
2025/11/27 04:17:49.849, 7, NVIDIA H100 80GB HBM3, P0, 100 %, 7 %, 81559 MiB, 55563 MiB, 25517 MiB, 42, 49, 243.33 W, 700.00 W, 700.00 W, 1980 MHz, 2619 MHz, [N/A]
2025/11/27 04:17:54.851, 0, NVIDIA H100 80GB HBM3, P0, 100 %, 8 %, 81559 MiB, 54821 MiB, 26259 MiB, 43, 49, 251.46 W, 700.00 W, 700.00 W, 1980 MHz, 2619 MHz, [N/A]
2025/11/27 04:17:54.852, 1, NVIDIA H100 80GB HBM3, P0, 17 %, 6 %, 81559 MiB, 54789 MiB, 26291 MiB, 46, 52, 234.10 W, 700.00 W, 700.00 W, 1980 MHz, 2619 MHz, [N/A]
2025/11/27 04:17:54.853, 2, NVIDIA H100 80GB HBM3, P0, 66 %, 8 %, 81559 MiB, 55235 MiB, 25845 MiB, 47, 53, 261.28 W, 700.00 W, 700.00 W, 1980 MHz, 2619 MHz, [N/A]
2025/11/27 04:17:54.854, 3, NVIDIA H100 80GB HBM3, P0, 89 %, 16 %, 81559 MiB, 56449 MiB, 24631 MiB, 41, 49, 241.64 W, 700.00 W, 700.00 W, 1980 MHz, 2619 MHz, [N/A]
2025/11/27 04:17:54.854, 4, NVIDIA H100 80GB HBM3, P0, 100 %, 8 %, 81559 MiB, 55385 MiB, 25695 MiB, 41, 48, 230.52 W, 700.00 W, 700.00 W, 1980 MHz, 2619 MHz, [N/A]
2025/11/27 04:17:54.855, 5, NVIDIA H100 80GB HBM3, P0, 100 %, 6 %, 81559 MiB, 54145 MiB, 26935 MiB, 46, 50, 239.67 W, 700.00 W, 700.00 W, 1980 MHz, 2619 MHz, [N/A]
2025/11/27 04:17:54.856, 6, NVIDIA H100 80GB HBM3, P0, 100 %, 6 %, 81559 MiB, 53245 MiB, 27835 MiB, 45, 49, 236.24 W, 700.00 W, 700.00 W, 1980 MHz, 2619 MHz, [N/A]
2025/11/27 04:17:54.856, 7, NVIDIA H100 80GB HBM3, P0, 100 %, 6 %, 81559 MiB, 55563 MiB, 25517 MiB, 42, 47, 224.79 W, 700.00 W, 700.00 W, 1980 MHz, 2619 MHz, [N/A]
2025/11/27 04:17:59.858, 0, NVIDIA H100 80GB HBM3, P0, 100 %, 9 %, 81559 MiB, 54821 MiB, 26259 MiB, 43, 52, 249.91 W, 700.00 W, 700.00 W, 1980 MHz, 2619 MHz, [N/A]
2025/11/27 04:17:59.859, 1, NVIDIA H100 80GB HBM3, P0, 35 %, 21 %, 81559 MiB, 54789 MiB, 26291 MiB, 46, 52, 245.81 W, 700.00 W, 700.00 W, 1980 MHz, 2619 MHz, [N/A]
2025/11/27 04:17:59.860, 2, NVIDIA H100 80GB HBM3, P0, 100 %, 13 %, 81559 MiB, 55235 MiB, 25845 MiB, 47, 53, 249.57 W, 700.00 W, 700.00 W, 1980 MHz, 2619 MHz, [N/A]
2025/11/27 04:17:59.860, 3, NVIDIA H100 80GB HBM3, P0, 89 %, 19 %, 81559 MiB, 56447 MiB, 24633 MiB, 41, 50, 256.49 W, 700.00 W, 700.00 W, 1980 MHz, 2619 MHz, [N/A]
2025/11/27 04:17:59.861, 4, NVIDIA H100 80GB HBM3, P0, 96 %, 11 %, 81559 MiB, 55385 MiB, 25695 MiB, 40, 47, 236.87 W, 700.00 W, 700.00 W, 1980 MHz, 2619 MHz, [N/A]
2025/11/27 04:17:59.862, 5, NVIDIA H100 80GB HBM3, P0, 88 %, 18 %, 81559 MiB, 54145 MiB, 26935 MiB, 46, 51, 261.49 W, 700.00 W, 700.00 W, 1980 MHz, 2619 MHz, [N/A]
2025/11/27 04:17:59.862, 6, NVIDIA H100 80GB HBM3, P0, 79 %, 21 %, 81559 MiB, 53245 MiB, 27835 MiB, 45, 51, 246.43 W, 700.00 W, 700.00 W, 1980 MHz, 2619 MHz, [N/A]
2025/11/27 04:17:59.863, 7, NVIDIA H100 80GB HBM3, P0, 72 %, 17 %, 81559 MiB, 55559 MiB, 25521 MiB, 42, 49, 231.33 W, 700.00 W, 700.00 W, 1980 MHz, 2619 MHz, [N/A]
2025/11/27 04:18:04.864, 0, NVIDIA H100 80GB HBM3, P0, 100 %, 8 %, 81559 MiB, 54821 MiB, 26259 MiB, 43, 49, 251.10 W, 700.00 W, 700.00 W, 1980 MHz, 2619 MHz, [N/A]
2025/11/27 04:18:04.865, 1, NVIDIA H100 80GB HBM3, P0, 28 %, 13 %, 81559 MiB, 54789 MiB, 26291 MiB, 46, 52, 237.19 W, 700.00 W, 700.00 W, 1980 MHz, 2619 MHz, [N/A]
2025/11/27 04:18:04.866, 2, NVIDIA H100 80GB HBM3, P0, 99 %, 9 %, 81559 MiB, 55235 MiB, 25845 MiB, 47, 54, 251.19 W, 700.00 W, 700.00 W, 1980 MHz, 2619 MHz, [N/A]
2025/11/27 04:18:04.866, 3, NVIDIA H100 80GB HBM3, P0, 100 %, 12 %, 81559 MiB, 56447 MiB, 24633 MiB, 42, 49, 248.80 W, 700.00 W, 700.00 W, 1980 MHz, 2619 MHz, [N/A]
2025/11/27 04:18:04.867, 4, NVIDIA H100 80GB HBM3, P0, 100 %, 11 %, 81559 MiB, 55385 MiB, 25695 MiB, 41, 45, 251.18 W, 700.00 W, 700.00 W, 1980 MHz, 2619 MHz, [N/A]
2025/11/27 04:18:04.868, 5, NVIDIA H100 80GB HBM3, P0, 100 %, 12 %, 81559 MiB, 54143 MiB, 26937 MiB, 47, 52, 242.73 W, 700.00 W, 700.00 W, 1980 MHz, 2619 MHz, [N/A]
2025/11/27 04:18:04.868, 6, NVIDIA H100 80GB HBM3, P0, 100 %, 12 %, 81559 MiB, 53245 MiB, 27835 MiB, 45, 49, 241.34 W, 700.00 W, 700.00 W, 1980 MHz, 2619 MHz, [N/A]
2025/11/27 04:18:04.869, 7, NVIDIA H100 80GB HBM3, P0, 100 %, 11 %, 81559 MiB, 55559 MiB, 25521 MiB, 43, 47, 256.05 W, 700.00 W, 700.00 W, 1980 MHz, 2619 MHz, [N/A]
2025/11/27 04:18:09.870, 0, NVIDIA H100 80GB HBM3, P0, 100 %, 6 %, 81559 MiB, 54821 MiB, 26259 MiB, 42, 49, 231.07 W, 700.00 W, 700.00 W, 1980 MHz, 2619 MHz, [N/A]
2025/11/27 04:18:09.871, 1, NVIDIA H100 80GB HBM3, P0, 100 %, 5 %, 81559 MiB, 54789 MiB, 26291 MiB, 46, 50, 235.46 W, 700.00 W, 700.00 W, 1980 MHz, 2619 MHz, [N/A]
2025/11/27 04:18:09.872, 2, NVIDIA H100 80GB HBM3, P0, 97 %, 7 %, 81559 MiB, 55235 MiB, 25845 MiB, 47, 52, 235.85 W, 700.00 W, 700.00 W, 1980 MHz, 2619 MHz, [N/A]
2025/11/27 04:18:09.873, 3, NVIDIA H100 80GB HBM3, P0, 100 %, 5 %, 81559 MiB, 54629 MiB, 26451 MiB, 41, 50, 237.67 W, 700.00 W, 700.00 W, 1980 MHz, 2619 MHz, [N/A]
2025/11/27 04:18:09.874, 4, NVIDIA H100 80GB HBM3, P0, 100 %, 5 %, 81559 MiB, 55385 MiB, 25695 MiB, 40, 45, 229.97 W, 700.00 W, 700.00 W, 1980 MHz, 2619 MHz, [N/A]
2025/11/27 04:18:09.875, 5, NVIDIA H100 80GB HBM3, P0, 100 %, 6 %, 81559 MiB, 54143 MiB, 26937 MiB, 46, 49, 245.74 W, 700.00 W, 700.00 W, 1980 MHz, 2619 MHz, [N/A]
2025/11/27 04:18:09.876, 6, NVIDIA H100 80GB HBM3, P0, 100 %, 5 %, 81559 MiB, 53245 MiB, 27835 MiB, 45, 51, 238.80 W, 700.00 W, 700.00 W, 1980 MHz, 2619 MHz, [N/A]
2025/11/27 04:18:09.876, 7, NVIDIA H100 80GB HBM3, P0, 16 %, 5 %, 81559 MiB, 55559 MiB, 25521 MiB, 42, 47, 238.97 W, 700.00 W, 700.00 W, 1980 MHz, 2619 MHz, [N/A]
2025/11/27 04:18:14.877, 0, NVIDIA H100 80GB HBM3, P0, 100 %, 13 %, 81559 MiB, 54821 MiB, 26259 MiB, 43, 49, 246.60 W, 700.00 W, 700.00 W, 1980 MHz, 2619 MHz, [N/A]
2025/11/27 04:18:14.878, 1, NVIDIA H100 80GB HBM3, P0, 100 %, 14 %, 81559 MiB, 54789 MiB, 26291 MiB, 46, 52, 250.76 W, 700.00 W, 700.00 W, 1980 MHz, 2619 MHz, [N/A]
2025/11/27 04:18:14.879, 2, NVIDIA H100 80GB HBM3, P0, 100 %, 19 %, 81559 MiB, 55233 MiB, 25847 MiB, 47, 52, 255.52 W, 700.00 W, 700.00 W, 1980 MHz, 2619 MHz, [N/A]
2025/11/27 04:18:14.880, 3, NVIDIA H100 80GB HBM3, P0, 100 %, 10 %, 81559 MiB, 54627 MiB, 26453 MiB, 42, 50, 272.27 W, 700.00 W, 700.00 W, 1980 MHz, 2619 MHz, [N/A]
2025/11/27 04:18:14.880, 4, NVIDIA H100 80GB HBM3, P0, 100 %, 15 %, 81559 MiB, 55385 MiB, 25695 MiB, 40, 45, 237.71 W, 700.00 W, 700.00 W, 1980 MHz, 2619 MHz, [N/A]
2025/11/27 04:18:14.881, 5, NVIDIA H100 80GB HBM3, P0, 97 %, 12 %, 81559 MiB, 54143 MiB, 26937 MiB, 46, 51, 240.88 W, 700.00 W, 700.00 W, 1980 MHz, 2619 MHz, [N/A]
2025/11/27 04:18:14.882, 6, NVIDIA H100 80GB HBM3, P0, 26 %, 15 %, 81559 MiB, 53245 MiB, 27835 MiB, 45, 52, 226.50 W, 700.00 W, 700.00 W, 1980 MHz, 2619 MHz, [N/A]
2025/11/27 04:18:14.882, 7, NVIDIA H100 80GB HBM3, P0, 100 %, 14 %, 81559 MiB, 55559 MiB, 25521 MiB, 42, 49, 243.17 W, 700.00 W, 700.00 W, 1980 MHz, 2619 MHz, [N/A]
2025/11/27 04:18:19.883, 0, NVIDIA H100 80GB HBM3, P0, 46 %, 18 %, 81559 MiB, 54819 MiB, 26261 MiB, 43, 51, 254.28 W, 700.00 W, 700.00 W, 1980 MHz, 2619 MHz, [N/A]
2025/11/27 04:18:19.884, 1, NVIDIA H100 80GB HBM3, P0, 54 %, 14 %, 81559 MiB, 54789 MiB, 26291 MiB, 46, 52, 237.94 W, 700.00 W, 700.00 W, 1980 MHz, 2619 MHz, [N/A]
2025/11/27 04:18:19.885, 2, NVIDIA H100 80GB HBM3, P0, 99 %, 9 %, 81559 MiB, 55233 MiB, 25847 MiB, 48, 52, 250.52 W, 700.00 W, 700.00 W, 1980 MHz, 2619 MHz, [N/A]
2025/11/27 04:18:19.886, 3, NVIDIA H100 80GB HBM3, P0, 100 %, 18 %, 81559 MiB, 54627 MiB, 26453 MiB, 42, 49, 259.05 W, 700.00 W, 700.00 W, 1980 MHz, 2619 MHz, [N/A]
2025/11/27 04:18:19.887, 4, NVIDIA H100 80GB HBM3, P0, 100 %, 18 %, 81559 MiB, 55385 MiB, 25695 MiB, 41, 47, 252.23 W, 700.00 W, 700.00 W, 1980 MHz, 2619 MHz, [N/A]
2025/11/27 04:18:19.888, 5, NVIDIA H100 80GB HBM3, P0, 100 %, 13 %, 81559 MiB, 54143 MiB, 26937 MiB, 46, 51, 255.77 W, 700.00 W, 700.00 W, 1980 MHz, 2619 MHz, [N/A]
2025/11/27 04:18:19.889, 6, NVIDIA H100 80GB HBM3, P0, 100 %, 14 %, 81559 MiB, 53245 MiB, 27835 MiB, 45, 51, 267.34 W, 700.00 W, 700.00 W, 1980 MHz, 2619 MHz, [N/A]
2025/11/27 04:18:19.890, 7, NVIDIA H100 80GB HBM3, P0, 100 %, 13 %, 81559 MiB, 55557 MiB, 25523 MiB, 42, 49, 227.21 W, 700.00 W, 700.00 W, 1980 MHz, 2619 MHz, [N/A]
2025/11/27 04:18:24.892, 0, NVIDIA H100 80GB HBM3, P0, 32 %, 13 %, 81559 MiB, 54817 MiB, 26263 MiB, 43, 51, 227.53 W, 700.00 W, 700.00 W, 1980 MHz, 2619 MHz, [N/A]
2025/11/27 04:18:24.893, 1, NVIDIA H100 80GB HBM3, P0, 93 %, 11 %, 81559 MiB, 54787 MiB, 26293 MiB, 47, 53, 230.55 W, 700.00 W, 700.00 W, 1980 MHz, 2619 MHz, [N/A]
2025/11/27 04:18:24.894, 2, NVIDIA H100 80GB HBM3, P0, 100 %, 2 %, 81559 MiB, 55233 MiB, 25847 MiB, 48, 53, 245.75 W, 700.00 W, 700.00 W, 1980 MHz, 2619 MHz, [N/A]
2025/11/27 04:18:24.894, 3, NVIDIA H100 80GB HBM3, P0, 99 %, 13 %, 81559 MiB, 54627 MiB, 26453 MiB, 42, 50, 234.23 W, 700.00 W, 700.00 W, 1980 MHz, 2619 MHz, [N/A]
2025/11/27 04:18:24.896, 4, NVIDIA H100 80GB HBM3, P0, 98 %, 9 %, 81559 MiB, 55383 MiB, 25697 MiB, 41, 45, 226.75 W, 700.00 W, 700.00 W, 1980 MHz, 2619 MHz, [N/A]
2025/11/27 04:18:24.896, 5, NVIDIA H100 80GB HBM3, P0, 98 %, 18 %, 81559 MiB, 54143 MiB, 26937 MiB, 47, 51, 242.77 W, 700.00 W, 700.00 W, 1980 MHz, 2619 MHz, [N/A]
2025/11/27 04:18:24.897, 6, NVIDIA H100 80GB HBM3, P0, 92 %, 10 %, 81559 MiB, 53245 MiB, 27835 MiB, 45, 51, 232.01 W, 700.00 W, 700.00 W, 1980 MHz, 2619 MHz, [N/A]
2025/11/27 04:18:24.897, 7, NVIDIA H100 80GB HBM3, P0, 98 %, 13 %, 81559 MiB, 55557 MiB, 25523 MiB, 43, 49, 229.73 W, 700.00 W, 700.00 W, 1980 MHz, 2619 MHz, [N/A]
2025/11/27 04:18:29.899, 0, NVIDIA H100 80GB HBM3, P0, 100 %, 8 %, 81559 MiB, 54817 MiB, 26263 MiB, 43, 51, 233.89 W, 700.00 W, 700.00 W, 1980 MHz, 2619 MHz, [N/A]
2025/11/27 04:18:29.900, 1, NVIDIA H100 80GB HBM3, P0, 16 %, 5 %, 81559 MiB, 54787 MiB, 26293 MiB, 46, 52, 226.98 W, 700.00 W, 700.00 W, 1980 MHz, 2619 MHz, [N/A]
2025/11/27 04:18:29.901, 2, NVIDIA H100 80GB HBM3, P0, 89 %, 18 %, 81559 MiB, 55233 MiB, 25847 MiB, 47, 52, 248.99 W, 700.00 W, 700.00 W, 1980 MHz, 2619 MHz, [N/A]
2025/11/27 04:18:29.902, 3, NVIDIA H100 80GB HBM3, P0, 99 %, 12 %, 81559 MiB, 54627 MiB, 26453 MiB, 41, 47, 240.70 W, 700.00 W, 700.00 W, 1980 MHz, 2619 MHz, [N/A]
2025/11/27 04:18:29.903, 4, NVIDIA H100 80GB HBM3, P0, 100 %, 6 %, 81559 MiB, 55383 MiB, 25697 MiB, 41, 47, 232.85 W, 700.00 W, 700.00 W, 1980 MHz, 2619 MHz, [N/A]
2025/11/27 04:18:29.904, 5, NVIDIA H100 80GB HBM3, P0, 100 %, 5 %, 81559 MiB, 54143 MiB, 26937 MiB, 45, 50, 239.55 W, 700.00 W, 700.00 W, 1980 MHz, 2619 MHz, [N/A]
2025/11/27 04:18:29.904, 6, NVIDIA H100 80GB HBM3, P0, 100 %, 6 %, 81559 MiB, 53245 MiB, 27835 MiB, 44, 49, 227.34 W, 700.00 W, 700.00 W, 1980 MHz, 2619 MHz, [N/A]
2025/11/27 04:18:29.905, 7, NVIDIA H100 80GB HBM3, P0, 17 %, 6 %, 81559 MiB, 55557 MiB, 25523 MiB, 42, 48, 231.04 W, 700.00 W, 700.00 W, 1980 MHz, 2619 MHz, [N/A]
2025/11/27 04:18:34.906, 0, NVIDIA H100 80GB HBM3, P0, 100 %, 11 %, 81559 MiB, 54817 MiB, 26263 MiB, 43, 50, 245.00 W, 700.00 W, 700.00 W, 1980 MHz, 2619 MHz, [N/A]
2025/11/27 04:18:34.907, 1, NVIDIA H100 80GB HBM3, P0, 27 %, 16 %, 81559 MiB, 54787 MiB, 26293 MiB, 46, 53, 236.93 W, 700.00 W, 700.00 W, 1980 MHz, 2619 MHz, [N/A]
2025/11/27 04:18:34.908, 2, NVIDIA H100 80GB HBM3, P0, 100 %, 13 %, 81559 MiB, 55231 MiB, 25849 MiB, 47, 54, 252.47 W, 700.00 W, 700.00 W, 1980 MHz, 2619 MHz, [N/A]
2025/11/27 04:18:34.908, 3, NVIDIA H100 80GB HBM3, P0, 97 %, 9 %, 81559 MiB, 54627 MiB, 26453 MiB, 41, 51, 238.53 W, 700.00 W, 700.00 W, 1980 MHz, 2619 MHz, [N/A]
2025/11/27 04:18:34.909, 4, NVIDIA H100 80GB HBM3, P0, 100 %, 10 %, 81559 MiB, 55383 MiB, 25697 MiB, 41, 45, 243.42 W, 700.00 W, 700.00 W, 1980 MHz, 2619 MHz, [N/A]
2025/11/27 04:18:34.910, 5, NVIDIA H100 80GB HBM3, P0, 89 %, 16 %, 81559 MiB, 54143 MiB, 26937 MiB, 46, 51, 255.57 W, 700.00 W, 700.00 W, 1980 MHz, 2619 MHz, [N/A]
2025/11/27 04:18:34.910, 6, NVIDIA H100 80GB HBM3, P0, 69 %, 19 %, 81559 MiB, 53243 MiB, 27837 MiB, 45, 51, 244.51 W, 700.00 W, 700.00 W, 1980 MHz, 2619 MHz, [N/A]
2025/11/27 04:18:34.911, 7, NVIDIA H100 80GB HBM3, P0, 87 %, 13 %, 81559 MiB, 55557 MiB, 25523 MiB, 42, 49, 249.89 W, 700.00 W, 700.00 W, 1980 MHz, 2619 MHz, [N/A]
2025/11/27 04:18:39.912, 0, NVIDIA H100 80GB HBM3, P0, 100 %, 13 %, 81559 MiB, 54817 MiB, 26263 MiB, 43, 49, 241.57 W, 700.00 W, 700.00 W, 1980 MHz, 2619 MHz, [N/A]
2025/11/27 04:18:39.913, 1, NVIDIA H100 80GB HBM3, P0, 26 %, 12 %, 81559 MiB, 54787 MiB, 26293 MiB, 46, 52, 242.64 W, 700.00 W, 700.00 W, 1980 MHz, 2619 MHz, [N/A]
2025/11/27 04:18:39.913, 2, NVIDIA H100 80GB HBM3, P0, 100 %, 16 %, 81559 MiB, 55231 MiB, 25849 MiB, 47, 52, 256.01 W, 700.00 W, 700.00 W, 1980 MHz, 2619 MHz, [N/A]
2025/11/27 04:18:39.914, 3, NVIDIA H100 80GB HBM3, P0, 89 %, 17 %, 81559 MiB, 54627 MiB, 26453 MiB, 41, 49, 242.33 W, 700.00 W, 700.00 W, 1980 MHz, 2619 MHz, [N/A]
2025/11/27 04:18:39.915, 4, NVIDIA H100 80GB HBM3, P0, 100 %, 13 %, 81559 MiB, 55383 MiB, 25697 MiB, 41, 47, 233.88 W, 700.00 W, 700.00 W, 1980 MHz, 2619 MHz, [N/A]
2025/11/27 04:18:39.915, 5, NVIDIA H100 80GB HBM3, P0, 100 %, 11 %, 81559 MiB, 54143 MiB, 26937 MiB, 46, 51, 258.00 W, 700.00 W, 700.00 W, 1980 MHz, 2619 MHz, [N/A]
2025/11/27 04:18:39.916, 6, NVIDIA H100 80GB HBM3, P0, 79 %, 17 %, 81559 MiB, 53243 MiB, 27837 MiB, 46, 51, 260.66 W, 700.00 W, 700.00 W, 1980 MHz, 2619 MHz, [N/A]
2025/11/27 04:18:39.917, 7, NVIDIA H100 80GB HBM3, P0, 100 %, 14 %, 81559 MiB, 55557 MiB, 25523 MiB, 42, 49, 244.15 W, 700.00 W, 700.00 W, 1980 MHz, 2619 MHz, [N/A]
2025/11/27 04:18:44.918, 0, NVIDIA H100 80GB HBM3, P0, 97 %, 14 %, 81559 MiB, 54817 MiB, 26263 MiB, 43, 51, 244.14 W, 700.00 W, 700.00 W, 1980 MHz, 2619 MHz, [N/A]
2025/11/27 04:18:44.919, 1, NVIDIA H100 80GB HBM3, P0, 28 %, 13 %, 81559 MiB, 54787 MiB, 26293 MiB, 46, 52, 237.56 W, 700.00 W, 700.00 W, 1980 MHz, 2619 MHz, [N/A]
2025/11/27 04:18:44.919, 2, NVIDIA H100 80GB HBM3, P0, 99 %, 7 %, 81559 MiB, 55231 MiB, 25849 MiB, 48, 52, 252.68 W, 700.00 W, 700.00 W, 1980 MHz, 2619 MHz, [N/A]
2025/11/27 04:18:44.920, 3, NVIDIA H100 80GB HBM3, P0, 100 %, 13 %, 81559 MiB, 52775 MiB, 28305 MiB, 43, 51, 261.19 W, 700.00 W, 700.00 W, 1980 MHz, 2619 MHz, [N/A]
2025/11/27 04:18:44.921, 4, NVIDIA H100 80GB HBM3, P0, 98 %, 22 %, 81559 MiB, 55383 MiB, 25697 MiB, 41, 47, 245.28 W, 700.00 W, 700.00 W, 1980 MHz, 2619 MHz, [N/A]
2025/11/27 04:18:44.922, 5, NVIDIA H100 80GB HBM3, P0, 100 %, 12 %, 81559 MiB, 54143 MiB, 26937 MiB, 46, 52, 257.47 W, 700.00 W, 700.00 W, 1980 MHz, 2619 MHz, [N/A]
2025/11/27 04:18:44.922, 6, NVIDIA H100 80GB HBM3, P0, 93 %, 13 %, 81559 MiB, 53243 MiB, 27837 MiB, 46, 51, 233.67 W, 700.00 W, 700.00 W, 1980 MHz, 2619 MHz, [N/A]
2025/11/27 04:18:44.923, 7, NVIDIA H100 80GB HBM3, P0, 100 %, 16 %, 81559 MiB, 55557 MiB, 25523 MiB, 43, 49, 235.45 W, 700.00 W, 700.00 W, 1980 MHz, 2619 MHz, [N/A]
2025/11/27 04:18:49.924, 0, NVIDIA H100 80GB HBM3, P0, 84 %, 17 %, 81559 MiB, 54817 MiB, 26263 MiB, 43, 50, 243.23 W, 700.00 W, 700.00 W, 1980 MHz, 2619 MHz, [N/A]
2025/11/27 04:18:49.926, 1, NVIDIA H100 80GB HBM3, P0, 70 %, 20 %, 81559 MiB, 54787 MiB, 26293 MiB, 46, 52, 221.71 W, 700.00 W, 700.00 W, 1980 MHz, 2619 MHz, [N/A]
2025/11/27 04:18:49.926, 2, NVIDIA H100 80GB HBM3, P0, 65 %, 13 %, 81559 MiB, 55231 MiB, 25849 MiB, 49, 54, 250.41 W, 700.00 W, 700.00 W, 1980 MHz, 2619 MHz, [N/A]
2025/11/27 04:18:49.927, 3, NVIDIA H100 80GB HBM3, P0, 100 %, 6 %, 81559 MiB, 52773 MiB, 28307 MiB, 41, 49, 237.28 W, 700.00 W, 700.00 W, 1980 MHz, 2619 MHz, [N/A]
2025/11/27 04:18:49.928, 4, NVIDIA H100 80GB HBM3, P0, 88 %, 18 %, 81559 MiB, 55383 MiB, 25697 MiB, 41, 46, 238.02 W, 700.00 W, 700.00 W, 1980 MHz, 2619 MHz, [N/A]
2025/11/27 04:18:49.929, 5, NVIDIA H100 80GB HBM3, P0, 94 %, 10 %, 81559 MiB, 54143 MiB, 26937 MiB, 45, 50, 243.97 W, 700.00 W, 700.00 W, 1980 MHz, 2619 MHz, [N/A]
2025/11/27 04:18:49.930, 6, NVIDIA H100 80GB HBM3, P0, 93 %, 15 %, 81559 MiB, 53241 MiB, 27839 MiB, 45, 51, 242.42 W, 700.00 W, 700.00 W, 1980 MHz, 2619 MHz, [N/A]
2025/11/27 04:18:49.930, 7, NVIDIA H100 80GB HBM3, P0, 75 %, 16 %, 81559 MiB, 55557 MiB, 25523 MiB, 42, 47, 233.47 W, 700.00 W, 700.00 W, 1980 MHz, 2619 MHz, [N/A]
2025/11/27 04:18:54.932, 0, NVIDIA H100 80GB HBM3, P0, 84 %, 19 %, 81559 MiB, 54817 MiB, 26263 MiB, 43, 50, 245.79 W, 700.00 W, 700.00 W, 1980 MHz, 2619 MHz, [N/A]
2025/11/27 04:18:54.933, 1, NVIDIA H100 80GB HBM3, P0, 69 %, 20 %, 81559 MiB, 54787 MiB, 26293 MiB, 46, 52, 247.95 W, 700.00 W, 700.00 W, 1980 MHz, 2619 MHz, [N/A]
2025/11/27 04:18:54.934, 2, NVIDIA H100 80GB HBM3, P0, 100 %, 8 %, 81559 MiB, 55231 MiB, 25849 MiB, 47, 52, 238.64 W, 700.00 W, 700.00 W, 1980 MHz, 2619 MHz, [N/A]
2025/11/27 04:18:54.935, 3, NVIDIA H100 80GB HBM3, P0, 100 %, 7 %, 81559 MiB, 52773 MiB, 28307 MiB, 42, 50, 243.68 W, 700.00 W, 700.00 W, 1980 MHz, 2619 MHz, [N/A]
2025/11/27 04:18:54.935, 4, NVIDIA H100 80GB HBM3, P0, 89 %, 18 %, 81559 MiB, 55383 MiB, 25697 MiB, 40, 45, 239.37 W, 700.00 W, 700.00 W, 1980 MHz, 2619 MHz, [N/A]
2025/11/27 04:18:54.936, 5, NVIDIA H100 80GB HBM3, P0, 94 %, 12 %, 81559 MiB, 54143 MiB, 26937 MiB, 45, 50, 246.68 W, 700.00 W, 700.00 W, 1980 MHz, 2619 MHz, [N/A]
2025/11/27 04:18:54.937, 6, NVIDIA H100 80GB HBM3, P0, 37 %, 15 %, 81559 MiB, 53241 MiB, 27839 MiB, 45, 49, 239.38 W, 700.00 W, 700.00 W, 1980 MHz, 2619 MHz, [N/A]
2025/11/27 04:18:54.937, 7, NVIDIA H100 80GB HBM3, P0, 59 %, 7 %, 81559 MiB, 55557 MiB, 25523 MiB, 42, 49, 241.76 W, 700.00 W, 700.00 W, 1980 MHz, 2619 MHz, [N/A]
2025/11/27 04:18:59.939, 0, NVIDIA H100 80GB HBM3, P0, 100 %, 9 %, 81559 MiB, 54817 MiB, 26263 MiB, 43, 49, 248.82 W, 700.00 W, 700.00 W, 1980 MHz, 2619 MHz, [N/A]
2025/11/27 04:18:59.940, 1, NVIDIA H100 80GB HBM3, P0, 20 %, 8 %, 81559 MiB, 54787 MiB, 26293 MiB, 46, 52, 213.90 W, 700.00 W, 700.00 W, 1980 MHz, 2619 MHz, [N/A]
2025/11/27 04:18:59.941, 2, NVIDIA H100 80GB HBM3, P0, 95 %, 16 %, 81559 MiB, 55231 MiB, 25849 MiB, 48, 52, 247.36 W, 700.00 W, 700.00 W, 1980 MHz, 2619 MHz, [N/A]
2025/11/27 04:18:59.942, 3, NVIDIA H100 80GB HBM3, P0, 100 %, 12 %, 81559 MiB, 52773 MiB, 28307 MiB, 42, 49, 244.36 W, 700.00 W, 700.00 W, 1980 MHz, 2619 MHz, [N/A]
2025/11/27 04:18:59.942, 4, NVIDIA H100 80GB HBM3, P0, 100 %, 9 %, 81559 MiB, 55383 MiB, 25697 MiB, 41, 45, 239.19 W, 700.00 W, 700.00 W, 1980 MHz, 2619 MHz, [N/A]
2025/11/27 04:18:59.943, 5, NVIDIA H100 80GB HBM3, P0, 100 %, 12 %, 81559 MiB, 54141 MiB, 26939 MiB, 46, 52, 249.62 W, 700.00 W, 700.00 W, 1980 MHz, 2619 MHz, [N/A]
2025/11/27 04:18:59.944, 6, NVIDIA H100 80GB HBM3, P0, 100 %, 12 %, 81559 MiB, 53241 MiB, 27839 MiB, 45, 52, 236.60 W, 700.00 W, 700.00 W, 1980 MHz, 2619 MHz, [N/A]
2025/11/27 04:18:59.945, 7, NVIDIA H100 80GB HBM3, P0, 100 %, 12 %, 81559 MiB, 55557 MiB, 25523 MiB, 43, 48, 239.75 W, 700.00 W, 700.00 W, 1980 MHz, 2619 MHz, [N/A]
2025/11/27 04:19:04.946, 0, NVIDIA H100 80GB HBM3, P0, 100 %, 8 %, 81559 MiB, 54817 MiB, 26263 MiB, 44, 50, 246.54 W, 700.00 W, 700.00 W, 1980 MHz, 2619 MHz, [N/A]
2025/11/27 04:19:04.947, 1, NVIDIA H100 80GB HBM3, P0, 53 %, 4 %, 81559 MiB, 54787 MiB, 26293 MiB, 46, 52, 244.46 W, 700.00 W, 700.00 W, 1980 MHz, 2619 MHz, [N/A]
2025/11/27 04:19:04.948, 2, NVIDIA H100 80GB HBM3, P0, 100 %, 18 %, 81559 MiB, 55231 MiB, 25849 MiB, 48, 52, 267.80 W, 700.00 W, 700.00 W, 1980 MHz, 2619 MHz, [N/A]
2025/11/27 04:19:04.949, 3, NVIDIA H100 80GB HBM3, P0, 100 %, 15 %, 81559 MiB, 52773 MiB, 28307 MiB, 43, 49, 276.04 W, 700.00 W, 700.00 W, 1980 MHz, 2619 MHz, [N/A]
2025/11/27 04:19:04.950, 4, NVIDIA H100 80GB HBM3, P0, 100 %, 8 %, 81559 MiB, 55381 MiB, 25699 MiB, 42, 47, 232.03 W, 700.00 W, 700.00 W, 1980 MHz, 2619 MHz, [N/A]
2025/11/27 04:19:04.950, 5, NVIDIA H100 80GB HBM3, P0, 84 %, 9 %, 81559 MiB, 54139 MiB, 26941 MiB, 47, 51, 255.65 W, 700.00 W, 700.00 W, 1980 MHz, 2619 MHz, [N/A]
2025/11/27 04:19:04.951, 6, NVIDIA H100 80GB HBM3, P0, 93 %, 8 %, 81559 MiB, 53241 MiB, 27839 MiB, 46, 51, 244.05 W, 700.00 W, 700.00 W, 1980 MHz, 2619 MHz, [N/A]
2025/11/27 04:19:04.951, 7, NVIDIA H100 80GB HBM3, P0, 99 %, 15 %, 81559 MiB, 55557 MiB, 25523 MiB, 43, 47, 233.58 W, 700.00 W, 700.00 W, 1980 MHz, 2619 MHz, [N/A]
2025/11/27 04:19:09.953, 0, NVIDIA H100 80GB HBM3, P0, 100 %, 6 %, 81559 MiB, 54817 MiB, 26263 MiB, 42, 49, 237.31 W, 700.00 W, 700.00 W, 1980 MHz, 2619 MHz, [N/A]
2025/11/27 04:19:09.955, 1, NVIDIA H100 80GB HBM3, P0, 100 %, 7 %, 81559 MiB, 54787 MiB, 26293 MiB, 47, 52, 239.35 W, 700.00 W, 700.00 W, 1980 MHz, 2619 MHz, [N/A]
2025/11/27 04:19:09.955, 2, NVIDIA H100 80GB HBM3, P0, 99 %, 15 %, 81559 MiB, 55231 MiB, 25849 MiB, 48, 52, 245.74 W, 700.00 W, 700.00 W, 1980 MHz, 2619 MHz, [N/A]
2025/11/27 04:19:09.957, 3, NVIDIA H100 80GB HBM3, P0, 99 %, 9 %, 81559 MiB, 52773 MiB, 28307 MiB, 42, 49, 235.74 W, 700.00 W, 700.00 W, 1980 MHz, 2619 MHz, [N/A]
2025/11/27 04:19:09.957, 4, NVIDIA H100 80GB HBM3, P0, 100 %, 7 %, 81559 MiB, 55381 MiB, 25699 MiB, 41, 46, 227.87 W, 700.00 W, 700.00 W, 1980 MHz, 2619 MHz, [N/A]
2025/11/27 04:19:09.958, 5, NVIDIA H100 80GB HBM3, P0, 100 %, 6 %, 81559 MiB, 54139 MiB, 26941 MiB, 47, 53, 247.23 W, 700.00 W, 700.00 W, 1980 MHz, 2619 MHz, [N/A]
2025/11/27 04:19:09.958, 6, NVIDIA H100 80GB HBM3, P0, 100 %, 5 %, 81559 MiB, 53241 MiB, 27839 MiB, 46, 50, 227.90 W, 700.00 W, 700.00 W, 1980 MHz, 2619 MHz, [N/A]
2025/11/27 04:19:09.959, 7, NVIDIA H100 80GB HBM3, P0, 26 %, 11 %, 81559 MiB, 55557 MiB, 25523 MiB, 42, 49, 229.36 W, 700.00 W, 700.00 W, 1980 MHz, 2619 MHz, [N/A]
2025/11/27 04:19:14.961, 0, NVIDIA H100 80GB HBM3, P0, 91 %, 17 %, 81559 MiB, 54817 MiB, 26263 MiB, 42, 49, 240.83 W, 700.00 W, 700.00 W, 1980 MHz, 2619 MHz, [N/A]
2025/11/27 04:19:14.962, 1, NVIDIA H100 80GB HBM3, P0, 17 %, 6 %, 81559 MiB, 54787 MiB, 26293 MiB, 46, 52, 230.36 W, 700.00 W, 700.00 W, 1980 MHz, 2619 MHz, [N/A]
2025/11/27 04:19:14.963, 2, NVIDIA H100 80GB HBM3, P0, 99 %, 15 %, 81559 MiB, 55231 MiB, 25849 MiB, 47, 53, 249.88 W, 700.00 W, 700.00 W, 1980 MHz, 2619 MHz, [N/A]
2025/11/27 04:19:14.963, 3, NVIDIA H100 80GB HBM3, P0, 99 %, 9 %, 81559 MiB, 52773 MiB, 28307 MiB, 41, 49, 227.71 W, 700.00 W, 700.00 W, 1980 MHz, 2619 MHz, [N/A]
2025/11/27 04:19:14.964, 4, NVIDIA H100 80GB HBM3, P0, 95 %, 11 %, 81559 MiB, 55381 MiB, 25699 MiB, 41, 47, 229.80 W, 700.00 W, 700.00 W, 1980 MHz, 2619 MHz, [N/A]
2025/11/27 04:19:14.965, 5, NVIDIA H100 80GB HBM3, P0, 100 %, 8 %, 81559 MiB, 54139 MiB, 26941 MiB, 47, 54, 254.76 W, 700.00 W, 700.00 W, 1980 MHz, 2619 MHz, [N/A]
2025/11/27 04:19:14.965, 6, NVIDIA H100 80GB HBM3, P0, 100 %, 6 %, 81559 MiB, 53241 MiB, 27839 MiB, 45, 51, 239.38 W, 700.00 W, 700.00 W, 1980 MHz, 2619 MHz, [N/A]
2025/11/27 04:19:14.966, 7, NVIDIA H100 80GB HBM3, P0, 27 %, 9 %, 81559 MiB, 55557 MiB, 25523 MiB, 42, 47, 237.01 W, 700.00 W, 700.00 W, 1980 MHz, 2619 MHz, [N/A]
2025/11/27 04:19:19.967, 0, NVIDIA H100 80GB HBM3, P0, 100 %, 6 %, 81559 MiB, 54817 MiB, 26263 MiB, 44, 50, 219.46 W, 700.00 W, 700.00 W, 1980 MHz, 2619 MHz, [N/A]
2025/11/27 04:19:19.968, 1, NVIDIA H100 80GB HBM3, P0, 20 %, 9 %, 81559 MiB, 54787 MiB, 26293 MiB, 46, 52, 221.22 W, 700.00 W, 700.00 W, 1980 MHz, 2619 MHz, [N/A]
2025/11/27 04:19:19.968, 2, NVIDIA H100 80GB HBM3, P0, 100 %, 14 %, 81559 MiB, 55229 MiB, 25851 MiB, 48, 52, 234.70 W, 700.00 W, 700.00 W, 1980 MHz, 2619 MHz, [N/A]
2025/11/27 04:19:19.969, 3, NVIDIA H100 80GB HBM3, P0, 100 %, 14 %, 81559 MiB, 52773 MiB, 28307 MiB, 42, 49, 224.97 W, 700.00 W, 700.00 W, 1980 MHz, 2619 MHz, [N/A]
2025/11/27 04:19:19.970, 4, NVIDIA H100 80GB HBM3, P0, 62 %, 8 %, 81559 MiB, 55381 MiB, 25699 MiB, 41, 47, 217.38 W, 700.00 W, 700.00 W, 1980 MHz, 2619 MHz, [N/A]
2025/11/27 04:19:19.970, 5, NVIDIA H100 80GB HBM3, P0, 97 %, 15 %, 81559 MiB, 54139 MiB, 26941 MiB, 47, 51, 228.66 W, 700.00 W, 700.00 W, 1980 MHz, 2619 MHz, [N/A]
2025/11/27 04:19:19.971, 6, NVIDIA H100 80GB HBM3, P0, 90 %, 10 %, 81559 MiB, 53241 MiB, 27839 MiB, 45, 52, 221.30 W, 700.00 W, 700.00 W, 1980 MHz, 2619 MHz, [N/A]
2025/11/27 04:19:19.972, 7, NVIDIA H100 80GB HBM3, P0, 100 %, 16 %, 81559 MiB, 55557 MiB, 25523 MiB, 43, 49, 228.67 W, 700.00 W, 700.00 W, 1980 MHz, 2619 MHz, [N/A]
2025/11/27 04:19:24.973, 0, NVIDIA H100 80GB HBM3, P0, 98 %, 12 %, 81559 MiB, 54817 MiB, 26263 MiB, 44, 52, 241.48 W, 700.00 W, 700.00 W, 1980 MHz, 2619 MHz, [N/A]
2025/11/27 04:19:24.974, 1, NVIDIA H100 80GB HBM3, P0, 25 %, 12 %, 81559 MiB, 54787 MiB, 26293 MiB, 46, 52, 216.38 W, 700.00 W, 700.00 W, 1980 MHz, 2619 MHz, [N/A]
2025/11/27 04:19:24.974, 2, NVIDIA H100 80GB HBM3, P0, 100 %, 14 %, 81559 MiB, 55229 MiB, 25851 MiB, 48, 52, 239.66 W, 700.00 W, 700.00 W, 1980 MHz, 2619 MHz, [N/A]
2025/11/27 04:19:24.975, 3, NVIDIA H100 80GB HBM3, P0, 99 %, 21 %, 81559 MiB, 52773 MiB, 28307 MiB, 42, 49, 238.26 W, 700.00 W, 700.00 W, 1980 MHz, 2619 MHz, [N/A]
2025/11/27 04:19:24.976, 4, NVIDIA H100 80GB HBM3, P0, 100 %, 6 %, 81559 MiB, 55381 MiB, 25699 MiB, 41, 47, 229.78 W, 700.00 W, 700.00 W, 1980 MHz, 2619 MHz, [N/A]
2025/11/27 04:19:24.978, 5, NVIDIA H100 80GB HBM3, P0, 98 %, 4 %, 81559 MiB, 54137 MiB, 26943 MiB, 46, 51, 233.07 W, 700.00 W, 700.00 W, 1980 MHz, 2619 MHz, [N/A]
2025/11/27 04:19:24.978, 6, NVIDIA H100 80GB HBM3, P0, 100 %, 5 %, 81559 MiB, 53241 MiB, 27839 MiB, 45, 51, 253.74 W, 700.00 W, 700.00 W, 1980 MHz, 2619 MHz, [N/A]
2025/11/27 04:19:24.979, 7, NVIDIA H100 80GB HBM3, P0, 84 %, 19 %, 81559 MiB, 55557 MiB, 25523 MiB, 43, 49, 235.63 W, 700.00 W, 700.00 W, 1980 MHz, 2619 MHz, [N/A]
2025/11/27 04:19:29.980, 0, NVIDIA H100 80GB HBM3, P0, 100 %, 12 %, 81559 MiB, 54817 MiB, 26263 MiB, 43, 49, 251.19 W, 700.00 W, 700.00 W, 1980 MHz, 2619 MHz, [N/A]
2025/11/27 04:19:29.981, 1, NVIDIA H100 80GB HBM3, P0, 67 %, 18 %, 81559 MiB, 54785 MiB, 26295 MiB, 46, 54, 254.05 W, 700.00 W, 700.00 W, 1980 MHz, 2619 MHz, [N/A]
2025/11/27 04:19:29.982, 2, NVIDIA H100 80GB HBM3, P0, 88 %, 16 %, 81559 MiB, 55229 MiB, 25851 MiB, 47, 52, 262.56 W, 700.00 W, 700.00 W, 1980 MHz, 2619 MHz, [N/A]
2025/11/27 04:19:29.983, 3, NVIDIA H100 80GB HBM3, P0, 96 %, 10 %, 81559 MiB, 52773 MiB, 28307 MiB, 41, 49, 245.52 W, 700.00 W, 700.00 W, 1980 MHz, 2619 MHz, [N/A]
2025/11/27 04:19:29.984, 4, NVIDIA H100 80GB HBM3, P0, 100 %, 15 %, 81559 MiB, 55381 MiB, 25699 MiB, 40, 45, 240.33 W, 700.00 W, 700.00 W, 1980 MHz, 2619 MHz, [N/A]
2025/11/27 04:19:29.985, 5, NVIDIA H100 80GB HBM3, P0, 100 %, 10 %, 81559 MiB, 54137 MiB, 26943 MiB, 46, 51, 250.98 W, 700.00 W, 700.00 W, 1980 MHz, 2619 MHz, [N/A]
2025/11/27 04:19:29.985, 6, NVIDIA H100 80GB HBM3, P0, 100 %, 13 %, 81559 MiB, 53241 MiB, 27839 MiB, 45, 51, 233.19 W, 700.00 W, 700.00 W, 1980 MHz, 2619 MHz, [N/A]
2025/11/27 04:19:29.986, 7, NVIDIA H100 80GB HBM3, P0, 100 %, 11 %, 81559 MiB, 55557 MiB, 25523 MiB, 43, 49, 248.65 W, 700.00 W, 700.00 W, 1980 MHz, 2619 MHz, [N/A]
2025/11/27 04:19:34.987, 0, NVIDIA H100 80GB HBM3, P0, 97 %, 14 %, 81559 MiB, 54817 MiB, 26263 MiB, 43, 50, 237.50 W, 700.00 W, 700.00 W, 1980 MHz, 2619 MHz, [N/A]
2025/11/27 04:19:34.988, 1, NVIDIA H100 80GB HBM3, P0, 25 %, 12 %, 81559 MiB, 54785 MiB, 26295 MiB, 46, 53, 222.34 W, 700.00 W, 700.00 W, 1980 MHz, 2619 MHz, [N/A]
2025/11/27 04:19:34.989, 2, NVIDIA H100 80GB HBM3, P0, 100 %, 11 %, 81559 MiB, 55229 MiB, 25851 MiB, 48, 53, 266.48 W, 700.00 W, 700.00 W, 1980 MHz, 2619 MHz, [N/A]
2025/11/27 04:19:34.990, 3, NVIDIA H100 80GB HBM3, P0, 100 %, 19 %, 81559 MiB, 52773 MiB, 28307 MiB, 43, 51, 259.97 W, 700.00 W, 700.00 W, 1980 MHz, 2619 MHz, [N/A]
2025/11/27 04:19:34.991, 4, NVIDIA H100 80GB HBM3, P0, 100 %, 5 %, 81559 MiB, 55381 MiB, 25699 MiB, 41, 47, 246.94 W, 700.00 W, 700.00 W, 1980 MHz, 2619 MHz, [N/A]
2025/11/27 04:19:34.992, 5, NVIDIA H100 80GB HBM3, P0, 98 %, 14 %, 81559 MiB, 54137 MiB, 26943 MiB, 46, 51, 246.92 W, 700.00 W, 700.00 W, 1980 MHz, 2619 MHz, [N/A]
2025/11/27 04:19:34.992, 6, NVIDIA H100 80GB HBM3, P0, 64 %, 9 %, 81559 MiB, 53239 MiB, 27841 MiB, 45, 51, 239.79 W, 700.00 W, 700.00 W, 1980 MHz, 2619 MHz, [N/A]
2025/11/27 04:19:34.994, 7, NVIDIA H100 80GB HBM3, P0, 100 %, 16 %, 81559 MiB, 55555 MiB, 25525 MiB, 43, 49, 235.58 W, 700.00 W, 700.00 W, 1980 MHz, 2619 MHz, [N/A]
2025/11/27 04:19:39.995, 0, NVIDIA H100 80GB HBM3, P0, 100 %, 11 %, 81559 MiB, 54817 MiB, 26263 MiB, 44, 50, 249.07 W, 700.00 W, 700.00 W, 1980 MHz, 2619 MHz, [N/A]
2025/11/27 04:19:39.996, 1, NVIDIA H100 80GB HBM3, P0, 24 %, 11 %, 81559 MiB, 54785 MiB, 26295 MiB, 45, 53, 220.82 W, 700.00 W, 700.00 W, 1980 MHz, 2619 MHz, [N/A]
2025/11/27 04:19:39.997, 2, NVIDIA H100 80GB HBM3, P0, 100 %, 9 %, 81559 MiB, 55227 MiB, 25853 MiB, 48, 52, 258.42 W, 700.00 W, 700.00 W, 1980 MHz, 2619 MHz, [N/A]
2025/11/27 04:19:39.997, 3, NVIDIA H100 80GB HBM3, P0, 100 %, 8 %, 81559 MiB, 52773 MiB, 28307 MiB, 42, 49, 242.24 W, 700.00 W, 700.00 W, 1980 MHz, 2619 MHz, [N/A]
2025/11/27 04:19:39.998, 4, NVIDIA H100 80GB HBM3, P0, 69 %, 10 %, 81559 MiB, 55381 MiB, 25699 MiB, 41, 46, 240.65 W, 700.00 W, 700.00 W, 1980 MHz, 2619 MHz, [N/A]
2025/11/27 04:19:39.999, 5, NVIDIA H100 80GB HBM3, P0, 97 %, 9 %, 81559 MiB, 54137 MiB, 26943 MiB, 46, 49, 243.88 W, 700.00 W, 700.00 W, 1980 MHz, 2619 MHz, [N/A]
2025/11/27 04:19:39.999, 6, NVIDIA H100 80GB HBM3, P0, 96 %, 8 %, 81559 MiB, 53239 MiB, 27841 MiB, 45, 50, 240.18 W, 700.00 W, 700.00 W, 1980 MHz, 2619 MHz, [N/A]
2025/11/27 04:19:40.000, 7, NVIDIA H100 80GB HBM3, P0, 100 %, 9 %, 81559 MiB, 55555 MiB, 25525 MiB, 43, 50, 243.19 W, 700.00 W, 700.00 W, 1980 MHz, 2619 MHz, [N/A]
2025/11/27 04:19:45.002, 0, NVIDIA H100 80GB HBM3, P0, 100 %, 18 %, 81559 MiB, 54817 MiB, 26263 MiB, 43, 49, 248.10 W, 700.00 W, 700.00 W, 1980 MHz, 2619 MHz, [N/A]
2025/11/27 04:19:45.002, 1, NVIDIA H100 80GB HBM3, P0, 26 %, 13 %, 81559 MiB, 54785 MiB, 26295 MiB, 46, 52, 225.21 W, 700.00 W, 700.00 W, 1980 MHz, 2619 MHz, [N/A]
2025/11/27 04:19:45.003, 2, NVIDIA H100 80GB HBM3, P0, 100 %, 11 %, 81559 MiB, 55227 MiB, 25853 MiB, 48, 52, 254.17 W, 700.00 W, 700.00 W, 1980 MHz, 2619 MHz, [N/A]
2025/11/27 04:19:45.004, 3, NVIDIA H100 80GB HBM3, P0, 100 %, 13 %, 81559 MiB, 52773 MiB, 28307 MiB, 42, 49, 241.68 W, 700.00 W, 700.00 W, 1980 MHz, 2619 MHz, [N/A]
2025/11/27 04:19:45.005, 4, NVIDIA H100 80GB HBM3, P0, 100 %, 20 %, 81559 MiB, 55381 MiB, 25699 MiB, 41, 48, 248.20 W, 700.00 W, 700.00 W, 1980 MHz, 2619 MHz, [N/A]
2025/11/27 04:19:45.005, 5, NVIDIA H100 80GB HBM3, P0, 98 %, 18 %, 81559 MiB, 54137 MiB, 26943 MiB, 46, 51, 251.14 W, 700.00 W, 700.00 W, 1980 MHz, 2619 MHz, [N/A]
2025/11/27 04:19:45.006, 6, NVIDIA H100 80GB HBM3, P0, 66 %, 11 %, 81559 MiB, 53239 MiB, 27841 MiB, 45, 49, 238.00 W, 700.00 W, 700.00 W, 1980 MHz, 2619 MHz, [N/A]
2025/11/27 04:19:45.006, 7, NVIDIA H100 80GB HBM3, P0, 100 %, 15 %, 81559 MiB, 55555 MiB, 25525 MiB, 43, 49, 255.20 W, 700.00 W, 700.00 W, 1980 MHz, 2619 MHz, [N/A]
2025/11/27 04:19:50.007, 0, NVIDIA H100 80GB HBM3, P0, 100 %, 5 %, 81559 MiB, 54817 MiB, 26263 MiB, 42, 49, 242.03 W, 700.00 W, 700.00 W, 1980 MHz, 2619 MHz, [N/A]
2025/11/27 04:19:50.008, 1, NVIDIA H100 80GB HBM3, P0, 31 %, 14 %, 81559 MiB, 54785 MiB, 26295 MiB, 46, 52, 234.69 W, 700.00 W, 700.00 W, 1980 MHz, 2619 MHz, [N/A]
2025/11/27 04:19:50.009, 2, NVIDIA H100 80GB HBM3, P0, 99 %, 21 %, 81559 MiB, 55227 MiB, 25853 MiB, 47, 52, 276.49 W, 700.00 W, 700.00 W, 1980 MHz, 2619 MHz, [N/A]
2025/11/27 04:19:50.010, 3, NVIDIA H100 80GB HBM3, P0, 99 %, 6 %, 81559 MiB, 52771 MiB, 28309 MiB, 42, 49, 249.82 W, 700.00 W, 700.00 W, 1980 MHz, 2619 MHz, [N/A]
2025/11/27 04:19:50.010, 4, NVIDIA H100 80GB HBM3, P0, 100 %, 6 %, 81559 MiB, 55381 MiB, 25699 MiB, 40, 46, 229.05 W, 700.00 W, 700.00 W, 1980 MHz, 2619 MHz, [N/A]
2025/11/27 04:19:50.011, 5, NVIDIA H100 80GB HBM3, P0, 100 %, 7 %, 81559 MiB, 54137 MiB, 26943 MiB, 46, 52, 253.95 W, 700.00 W, 700.00 W, 1980 MHz, 2619 MHz, [N/A]
2025/11/27 04:19:50.012, 6, NVIDIA H100 80GB HBM3, P0, 100 %, 7 %, 81559 MiB, 53239 MiB, 27841 MiB, 44, 51, 236.99 W, 700.00 W, 700.00 W, 1980 MHz, 2619 MHz, [N/A]
2025/11/27 04:19:50.012, 7, NVIDIA H100 80GB HBM3, P0, 13 %, 4 %, 81559 MiB, 55553 MiB, 25527 MiB, 42, 47, 227.63 W, 700.00 W, 700.00 W, 1980 MHz, 2619 MHz, [N/A]
2025/11/27 04:19:55.013, 0, NVIDIA H100 80GB HBM3, P0, 37 %, 14 %, 81559 MiB, 54817 MiB, 26263 MiB, 43, 50, 243.49 W, 700.00 W, 700.00 W, 1980 MHz, 2619 MHz, [N/A]
2025/11/27 04:19:55.014, 1, NVIDIA H100 80GB HBM3, P0, 19 %, 7 %, 81559 MiB, 54785 MiB, 26295 MiB, 45, 51, 226.54 W, 700.00 W, 700.00 W, 1980 MHz, 2619 MHz, [N/A]
2025/11/27 04:19:55.015, 2, NVIDIA H100 80GB HBM3, P0, 100 %, 6 %, 81559 MiB, 55227 MiB, 25853 MiB, 47, 53, 237.21 W, 700.00 W, 700.00 W, 1980 MHz, 2619 MHz, [N/A]
2025/11/27 04:19:55.016, 3, NVIDIA H100 80GB HBM3, P0, 100 %, 8 %, 81559 MiB, 52771 MiB, 28309 MiB, 41, 49, 236.72 W, 700.00 W, 700.00 W, 1980 MHz, 2619 MHz, [N/A]
2025/11/27 04:19:55.017, 4, NVIDIA H100 80GB HBM3, P0, 98 %, 10 %, 81559 MiB, 55381 MiB, 25699 MiB, 41, 46, 247.27 W, 700.00 W, 700.00 W, 1980 MHz, 2619 MHz, [N/A]
2025/11/27 04:19:55.017, 5, NVIDIA H100 80GB HBM3, P0, 89 %, 17 %, 81559 MiB, 54137 MiB, 26943 MiB, 45, 49, 239.45 W, 700.00 W, 700.00 W, 1980 MHz, 2619 MHz, [N/A]
2025/11/27 04:19:55.018, 6, NVIDIA H100 80GB HBM3, P0, 89 %, 18 %, 81559 MiB, 53239 MiB, 27841 MiB, 44, 49, 231.65 W, 700.00 W, 700.00 W, 1980 MHz, 2619 MHz, [N/A]
2025/11/27 04:19:55.018, 7, NVIDIA H100 80GB HBM3, P0, 57 %, 7 %, 81559 MiB, 55553 MiB, 25527 MiB, 42, 47, 232.59 W, 700.00 W, 700.00 W, 1980 MHz, 2619 MHz, [N/A]
2025/11/27 04:20:00.020, 0, NVIDIA H100 80GB HBM3, P0, 97 %, 11 %, 81559 MiB, 54815 MiB, 26265 MiB, 42, 49, 227.76 W, 700.00 W, 700.00 W, 1980 MHz, 2619 MHz, [N/A]
2025/11/27 04:20:00.020, 1, NVIDIA H100 80GB HBM3, P0, 11 %, 5 %, 81559 MiB, 54783 MiB, 26297 MiB, 45, 50, 223.72 W, 700.00 W, 700.00 W, 1980 MHz, 2619 MHz, [N/A]
2025/11/27 04:20:00.021, 2, NVIDIA H100 80GB HBM3, P0, 100 %, 6 %, 81559 MiB, 55227 MiB, 25853 MiB, 47, 52, 244.25 W, 700.00 W, 700.00 W, 1980 MHz, 2619 MHz, [N/A]
2025/11/27 04:20:00.022, 3, NVIDIA H100 80GB HBM3, P0, 100 %, 5 %, 81559 MiB, 52771 MiB, 28309 MiB, 42, 49, 244.38 W, 700.00 W, 700.00 W, 1980 MHz, 2619 MHz, [N/A]
2025/11/27 04:20:00.023, 4, NVIDIA H100 80GB HBM3, P0, 100 %, 10 %, 81559 MiB, 55381 MiB, 25699 MiB, 40, 45, 228.69 W, 700.00 W, 700.00 W, 1980 MHz, 2619 MHz, [N/A]
2025/11/27 04:20:00.023, 5, NVIDIA H100 80GB HBM3, P0, 100 %, 11 %, 81559 MiB, 54137 MiB, 26943 MiB, 46, 50, 230.10 W, 700.00 W, 700.00 W, 1980 MHz, 2619 MHz, [N/A]
2025/11/27 04:20:00.024, 6, NVIDIA H100 80GB HBM3, P0, 100 %, 13 %, 81559 MiB, 53239 MiB, 27841 MiB, 45, 49, 232.54 W, 700.00 W, 700.00 W, 1980 MHz, 2619 MHz, [N/A]
2025/11/27 04:20:00.025, 7, NVIDIA H100 80GB HBM3, P0, 100 %, 9 %, 81559 MiB, 55553 MiB, 25527 MiB, 42, 47, 237.28 W, 700.00 W, 700.00 W, 1980 MHz, 2619 MHz, [N/A]
2025/11/27 04:20:05.026, 0, NVIDIA H100 80GB HBM3, P0, 88 %, 17 %, 81559 MiB, 54815 MiB, 26265 MiB, 43, 51, 255.17 W, 700.00 W, 700.00 W, 1980 MHz, 2619 MHz, [N/A]
2025/11/27 04:20:05.027, 1, NVIDIA H100 80GB HBM3, P0, 76 %, 5 %, 81559 MiB, 54783 MiB, 26297 MiB, 45, 51, 236.30 W, 700.00 W, 700.00 W, 1980 MHz, 2619 MHz, [N/A]
2025/11/27 04:20:05.028, 2, NVIDIA H100 80GB HBM3, P0, 100 %, 6 %, 81559 MiB, 55227 MiB, 25853 MiB, 47, 52, 252.55 W, 700.00 W, 700.00 W, 1980 MHz, 2619 MHz, [N/A]
2025/11/27 04:20:05.029, 3, NVIDIA H100 80GB HBM3, P0, 93 %, 15 %, 81559 MiB, 52771 MiB, 28309 MiB, 41, 49, 247.28 W, 700.00 W, 700.00 W, 1980 MHz, 2619 MHz, [N/A]
2025/11/27 04:20:05.030, 4, NVIDIA H100 80GB HBM3, P0, 98 %, 7 %, 81559 MiB, 55381 MiB, 25699 MiB, 40, 47, 251.33 W, 700.00 W, 700.00 W, 1980 MHz, 2619 MHz, [N/A]
2025/11/27 04:20:05.030, 5, NVIDIA H100 80GB HBM3, P0, 95 %, 13 %, 81559 MiB, 54137 MiB, 26943 MiB, 46, 50, 263.27 W, 700.00 W, 700.00 W, 1980 MHz, 2619 MHz, [N/A]
2025/11/27 04:20:05.031, 6, NVIDIA H100 80GB HBM3, P0, 63 %, 14 %, 81559 MiB, 53239 MiB, 27841 MiB, 45, 49, 235.23 W, 700.00 W, 700.00 W, 1980 MHz, 2619 MHz, [N/A]
2025/11/27 04:20:05.031, 7, NVIDIA H100 80GB HBM3, P0, 32 %, 16 %, 81559 MiB, 55553 MiB, 25527 MiB, 42, 48, 235.68 W, 700.00 W, 700.00 W, 1980 MHz, 2619 MHz, [N/A]
2025/11/27 04:20:10.032, 0, NVIDIA H100 80GB HBM3, P0, 91 %, 10 %, 81559 MiB, 54815 MiB, 26265 MiB, 43, 51, 239.85 W, 700.00 W, 700.00 W, 1980 MHz, 2619 MHz, [N/A]
2025/11/27 04:20:10.034, 1, NVIDIA H100 80GB HBM3, P0, 38 %, 20 %, 81559 MiB, 54783 MiB, 26297 MiB, 45, 52, 240.60 W, 700.00 W, 700.00 W, 1980 MHz, 2619 MHz, [N/A]
2025/11/27 04:20:10.034, 2, NVIDIA H100 80GB HBM3, P0, 89 %, 18 %, 81559 MiB, 55227 MiB, 25853 MiB, 47, 52, 268.57 W, 700.00 W, 700.00 W, 1980 MHz, 2619 MHz, [N/A]
2025/11/27 04:20:10.035, 3, NVIDIA H100 80GB HBM3, P0, 100 %, 9 %, 81559 MiB, 52771 MiB, 28309 MiB, 42, 49, 254.19 W, 700.00 W, 700.00 W, 1980 MHz, 2619 MHz, [N/A]
2025/11/27 04:20:10.035, 4, NVIDIA H100 80GB HBM3, P0, 100 %, 10 %, 81559 MiB, 55381 MiB, 25699 MiB, 41, 47, 256.98 W, 700.00 W, 700.00 W, 1980 MHz, 2619 MHz, [N/A]
2025/11/27 04:20:10.036, 5, NVIDIA H100 80GB HBM3, P0, 92 %, 18 %, 81559 MiB, 54137 MiB, 26943 MiB, 46, 51, 257.41 W, 700.00 W, 700.00 W, 1980 MHz, 2619 MHz, [N/A]
2025/11/27 04:20:10.037, 6, NVIDIA H100 80GB HBM3, P0, 100 %, 13 %, 81559 MiB, 53239 MiB, 27841 MiB, 45, 52, 246.54 W, 700.00 W, 700.00 W, 1980 MHz, 2619 MHz, [N/A]
2025/11/27 04:20:10.037, 7, NVIDIA H100 80GB HBM3, P0, 100 %, 10 %, 81559 MiB, 55553 MiB, 25527 MiB, 42, 47, 251.23 W, 700.00 W, 700.00 W, 1980 MHz, 2619 MHz, [N/A]
2025/11/27 04:20:15.039, 0, NVIDIA H100 80GB HBM3, P0, 100 %, 8 %, 81559 MiB, 54815 MiB, 26265 MiB, 43, 51, 253.08 W, 700.00 W, 700.00 W, 1980 MHz, 2619 MHz, [N/A]
2025/11/27 04:20:15.040, 1, NVIDIA H100 80GB HBM3, P0, 32 %, 16 %, 81559 MiB, 54783 MiB, 26297 MiB, 46, 52, 239.15 W, 700.00 W, 700.00 W, 1980 MHz, 2619 MHz, [N/A]
2025/11/27 04:20:15.041, 2, NVIDIA H100 80GB HBM3, P0, 93 %, 17 %, 81559 MiB, 55227 MiB, 25853 MiB, 47, 54, 263.81 W, 700.00 W, 700.00 W, 1980 MHz, 2619 MHz, [N/A]
2025/11/27 04:20:15.041, 3, NVIDIA H100 80GB HBM3, P0, 89 %, 16 %, 81559 MiB, 52771 MiB, 28309 MiB, 42, 50, 248.05 W, 700.00 W, 700.00 W, 1980 MHz, 2619 MHz, [N/A]
2025/11/27 04:20:15.042, 4, NVIDIA H100 80GB HBM3, P0, 100 %, 7 %, 81559 MiB, 55379 MiB, 25701 MiB, 41, 46, 237.89 W, 700.00 W, 700.00 W, 1980 MHz, 2619 MHz, [N/A]
2025/11/27 04:20:15.043, 5, NVIDIA H100 80GB HBM3, P0, 100 %, 8 %, 81559 MiB, 54137 MiB, 26943 MiB, 46, 49, 251.27 W, 700.00 W, 700.00 W, 1980 MHz, 2619 MHz, [N/A]
2025/11/27 04:20:15.043, 6, NVIDIA H100 80GB HBM3, P0, 75 %, 14 %, 81559 MiB, 53239 MiB, 27841 MiB, 45, 51, 251.56 W, 700.00 W, 700.00 W, 1980 MHz, 2619 MHz, [N/A]
2025/11/27 04:20:15.044, 7, NVIDIA H100 80GB HBM3, P0, 82 %, 15 %, 81559 MiB, 55553 MiB, 25527 MiB, 42, 50, 242.02 W, 700.00 W, 700.00 W, 1980 MHz, 2619 MHz, [N/A]
2025/11/27 04:20:20.045, 0, NVIDIA H100 80GB HBM3, P0, 100 %, 7 %, 81559 MiB, 54815 MiB, 26265 MiB, 43, 50, 238.26 W, 700.00 W, 700.00 W, 1980 MHz, 2619 MHz, [N/A]
2025/11/27 04:20:20.046, 1, NVIDIA H100 80GB HBM3, P0, 19 %, 7 %, 81559 MiB, 54783 MiB, 26297 MiB, 45, 52, 228.27 W, 700.00 W, 700.00 W, 1980 MHz, 2619 MHz, [N/A]
2025/11/27 04:20:20.047, 2, NVIDIA H100 80GB HBM3, P0, 98 %, 10 %, 81559 MiB, 55227 MiB, 25853 MiB, 47, 54, 259.66 W, 700.00 W, 700.00 W, 1980 MHz, 2619 MHz, [N/A]
2025/11/27 04:20:20.048, 3, NVIDIA H100 80GB HBM3, P0, 89 %, 17 %, 81559 MiB, 52771 MiB, 28309 MiB, 42, 49, 241.41 W, 700.00 W, 700.00 W, 1980 MHz, 2619 MHz, [N/A]
2025/11/27 04:20:20.048, 4, NVIDIA H100 80GB HBM3, P0, 100 %, 8 %, 81559 MiB, 55379 MiB, 25701 MiB, 41, 46, 240.70 W, 700.00 W, 700.00 W, 1980 MHz, 2619 MHz, [N/A]
2025/11/27 04:20:20.049, 5, NVIDIA H100 80GB HBM3, P0, 100 %, 5 %, 81559 MiB, 54137 MiB, 26943 MiB, 45, 49, 248.34 W, 700.00 W, 700.00 W, 1980 MHz, 2619 MHz, [N/A]
2025/11/27 04:20:20.050, 6, NVIDIA H100 80GB HBM3, P0, 71 %, 11 %, 81559 MiB, 53239 MiB, 27841 MiB, 45, 51, 232.02 W, 700.00 W, 700.00 W, 1980 MHz, 2619 MHz, [N/A]
2025/11/27 04:20:20.050, 7, NVIDIA H100 80GB HBM3, P0, 63 %, 19 %, 81559 MiB, 55553 MiB, 25527 MiB, 42, 49, 228.69 W, 700.00 W, 700.00 W, 1980 MHz, 2619 MHz, [N/A]
2025/11/27 04:20:25.052, 0, NVIDIA H100 80GB HBM3, P0, 87 %, 19 %, 81559 MiB, 54815 MiB, 26265 MiB, 42, 51, 239.45 W, 700.00 W, 700.00 W, 1980 MHz, 2619 MHz, [N/A]
2025/11/27 04:20:25.053, 1, NVIDIA H100 80GB HBM3, P0, 50 %, 29 %, 81559 MiB, 54783 MiB, 26297 MiB, 46, 52, 249.08 W, 700.00 W, 700.00 W, 1980 MHz, 2619 MHz, [N/A]
2025/11/27 04:20:25.054, 2, NVIDIA H100 80GB HBM3, P0, 96 %, 14 %, 81559 MiB, 55227 MiB, 25853 MiB, 47, 54, 250.24 W, 700.00 W, 700.00 W, 1980 MHz, 2619 MHz, [N/A]
2025/11/27 04:20:25.055, 3, NVIDIA H100 80GB HBM3, P0, 100 %, 14 %, 81559 MiB, 52771 MiB, 28309 MiB, 42, 50, 262.34 W, 700.00 W, 700.00 W, 1980 MHz, 2619 MHz, [N/A]
2025/11/27 04:20:25.055, 4, NVIDIA H100 80GB HBM3, P0, 88 %, 17 %, 81559 MiB, 55379 MiB, 25701 MiB, 41, 47, 234.35 W, 700.00 W, 700.00 W, 1980 MHz, 2619 MHz, [N/A]
2025/11/27 04:20:25.056, 5, NVIDIA H100 80GB HBM3, P0, 88 %, 19 %, 81559 MiB, 54137 MiB, 26943 MiB, 46, 51, 254.49 W, 700.00 W, 700.00 W, 1980 MHz, 2619 MHz, [N/A]
2025/11/27 04:20:25.056, 6, NVIDIA H100 80GB HBM3, P0, 88 %, 19 %, 81559 MiB, 53239 MiB, 27841 MiB, 45, 51, 250.33 W, 700.00 W, 700.00 W, 1980 MHz, 2619 MHz, [N/A]
2025/11/27 04:20:25.057, 7, NVIDIA H100 80GB HBM3, P0, 100 %, 14 %, 81559 MiB, 55553 MiB, 25527 MiB, 42, 49, 245.99 W, 700.00 W, 700.00 W, 1980 MHz, 2619 MHz, [N/A]
2025/11/27 04:20:30.058, 0, NVIDIA H100 80GB HBM3, P0, 100 %, 9 %, 81559 MiB, 54815 MiB, 26265 MiB, 43, 51, 234.63 W, 700.00 W, 700.00 W, 1980 MHz, 2619 MHz, [N/A]
2025/11/27 04:20:30.059, 1, NVIDIA H100 80GB HBM3, P0, 64 %, 13 %, 81559 MiB, 54781 MiB, 26299 MiB, 47, 52, 243.01 W, 700.00 W, 700.00 W, 1980 MHz, 2619 MHz, [N/A]
2025/11/27 04:20:30.060, 2, NVIDIA H100 80GB HBM3, P0, 99 %, 16 %, 81559 MiB, 55225 MiB, 25855 MiB, 49, 52, 271.86 W, 700.00 W, 700.00 W, 1980 MHz, 2619 MHz, [N/A]
2025/11/27 04:20:30.061, 3, NVIDIA H100 80GB HBM3, P0, 100 %, 6 %, 81559 MiB, 52771 MiB, 28309 MiB, 42, 49, 242.76 W, 700.00 W, 700.00 W, 1980 MHz, 2619 MHz, [N/A]
2025/11/27 04:20:30.061, 4, NVIDIA H100 80GB HBM3, P0, 100 %, 13 %, 81559 MiB, 55379 MiB, 25701 MiB, 42, 46, 234.06 W, 700.00 W, 700.00 W, 1980 MHz, 2619 MHz, [N/A]
2025/11/27 04:20:30.062, 5, NVIDIA H100 80GB HBM3, P0, 97 %, 11 %, 81559 MiB, 54137 MiB, 26943 MiB, 46, 51, 247.53 W, 700.00 W, 700.00 W, 1980 MHz, 2619 MHz, [N/A]
2025/11/27 04:20:30.062, 6, NVIDIA H100 80GB HBM3, P0, 26 %, 5 %, 81559 MiB, 53239 MiB, 27841 MiB, 45, 49, 234.21 W, 700.00 W, 700.00 W, 1980 MHz, 2619 MHz, [N/A]
2025/11/27 04:20:30.063, 7, NVIDIA H100 80GB HBM3, P0, 15 %, 5 %, 81559 MiB, 55553 MiB, 25527 MiB, 43, 47, 231.71 W, 700.00 W, 700.00 W, 1980 MHz, 2619 MHz, [N/A]
2025/11/27 04:20:35.064, 0, NVIDIA H100 80GB HBM3, P0, 100 %, 7 %, 81559 MiB, 54815 MiB, 26265 MiB, 42, 49, 241.88 W, 700.00 W, 700.00 W, 1980 MHz, 2619 MHz, [N/A]
2025/11/27 04:20:35.065, 1, NVIDIA H100 80GB HBM3, P0, 17 %, 6 %, 81559 MiB, 54781 MiB, 26299 MiB, 45, 50, 227.63 W, 700.00 W, 700.00 W, 1980 MHz, 2619 MHz, [N/A]
2025/11/27 04:20:35.066, 2, NVIDIA H100 80GB HBM3, P0, 99 %, 11 %, 81559 MiB, 55225 MiB, 25855 MiB, 47, 53, 245.63 W, 700.00 W, 700.00 W, 1980 MHz, 2619 MHz, [N/A]
2025/11/27 04:20:35.067, 3, NVIDIA H100 80GB HBM3, P0, 89 %, 18 %, 81559 MiB, 52771 MiB, 28309 MiB, 41, 49, 249.69 W, 700.00 W, 700.00 W, 1980 MHz, 2619 MHz, [N/A]
2025/11/27 04:20:35.067, 4, NVIDIA H100 80GB HBM3, P0, 100 %, 5 %, 81559 MiB, 55379 MiB, 25701 MiB, 40, 45, 229.68 W, 700.00 W, 700.00 W, 1980 MHz, 2619 MHz, [N/A]
2025/11/27 04:20:35.068, 5, NVIDIA H100 80GB HBM3, P0, 100 %, 6 %, 81559 MiB, 54137 MiB, 26943 MiB, 45, 49, 247.86 W, 700.00 W, 700.00 W, 1980 MHz, 2619 MHz, [N/A]
2025/11/27 04:20:35.069, 6, NVIDIA H100 80GB HBM3, P0, 100 %, 6 %, 81559 MiB, 53239 MiB, 27841 MiB, 44, 49, 233.96 W, 700.00 W, 700.00 W, 1980 MHz, 2619 MHz, [N/A]
2025/11/27 04:20:35.069, 7, NVIDIA H100 80GB HBM3, P0, 60 %, 19 %, 81559 MiB, 55553 MiB, 25527 MiB, 42, 47, 232.88 W, 700.00 W, 700.00 W, 1980 MHz, 2619 MHz, [N/A]
2025/11/27 04:20:40.070, 0, NVIDIA H100 80GB HBM3, P0, 100 %, 10 %, 81559 MiB, 54815 MiB, 26265 MiB, 42, 49, 240.69 W, 700.00 W, 700.00 W, 1980 MHz, 2619 MHz, [N/A]
2025/11/27 04:20:40.072, 1, NVIDIA H100 80GB HBM3, P0, 25 %, 11 %, 81559 MiB, 54781 MiB, 26299 MiB, 46, 52, 234.19 W, 700.00 W, 700.00 W, 1980 MHz, 2619 MHz, [N/A]
2025/11/27 04:20:40.072, 2, NVIDIA H100 80GB HBM3, P0, 100 %, 12 %, 81559 MiB, 55225 MiB, 25855 MiB, 47, 53, 243.31 W, 700.00 W, 700.00 W, 1980 MHz, 2619 MHz, [N/A]
2025/11/27 04:20:40.073, 3, NVIDIA H100 80GB HBM3, P0, 100 %, 16 %, 81559 MiB, 52771 MiB, 28309 MiB, 41, 49, 241.28 W, 700.00 W, 700.00 W, 1980 MHz, 2619 MHz, [N/A]
2025/11/27 04:20:40.074, 4, NVIDIA H100 80GB HBM3, P0, 100 %, 9 %, 81559 MiB, 55377 MiB, 25703 MiB, 40, 47, 242.19 W, 700.00 W, 700.00 W, 1980 MHz, 2619 MHz, [N/A]
2025/11/27 04:20:40.075, 5, NVIDIA H100 80GB HBM3, P0, 100 %, 13 %, 81559 MiB, 54137 MiB, 26943 MiB, 45, 49, 265.34 W, 700.00 W, 700.00 W, 1980 MHz, 2619 MHz, [N/A]
2025/11/27 04:20:40.076, 6, NVIDIA H100 80GB HBM3, P0, 80 %, 12 %, 81559 MiB, 53239 MiB, 27841 MiB, 45, 50, 249.57 W, 700.00 W, 700.00 W, 1980 MHz, 2619 MHz, [N/A]
2025/11/27 04:20:40.076, 7, NVIDIA H100 80GB HBM3, P0, 51 %, 17 %, 81559 MiB, 55553 MiB, 25527 MiB, 42, 47, 239.51 W, 700.00 W, 700.00 W, 1980 MHz, 2619 MHz, [N/A]
2025/11/27 04:20:45.077, 0, NVIDIA H100 80GB HBM3, P0, 100 %, 13 %, 81559 MiB, 54815 MiB, 26265 MiB, 42, 49, 238.85 W, 700.00 W, 700.00 W, 1980 MHz, 2619 MHz, [N/A]
2025/11/27 04:20:45.078, 1, NVIDIA H100 80GB HBM3, P0, 34 %, 12 %, 81559 MiB, 54781 MiB, 26299 MiB, 45, 52, 255.78 W, 700.00 W, 700.00 W, 1980 MHz, 2619 MHz, [N/A]
2025/11/27 04:20:45.079, 2, NVIDIA H100 80GB HBM3, P0, 100 %, 15 %, 81559 MiB, 55223 MiB, 25857 MiB, 46, 52, 256.12 W, 700.00 W, 700.00 W, 1980 MHz, 2619 MHz, [N/A]
2025/11/27 04:20:45.080, 3, NVIDIA H100 80GB HBM3, P0, 41 %, 15 %, 81559 MiB, 52769 MiB, 28311 MiB, 41, 49, 268.87 W, 700.00 W, 700.00 W, 1980 MHz, 2619 MHz, [N/A]
2025/11/27 04:20:45.081, 4, NVIDIA H100 80GB HBM3, P0, 100 %, 13 %, 81559 MiB, 55377 MiB, 25703 MiB, 42, 47, 272.27 W, 700.00 W, 700.00 W, 1980 MHz, 2619 MHz, [N/A]
2025/11/27 04:20:45.081, 5, NVIDIA H100 80GB HBM3, P0, 100 %, 15 %, 81559 MiB, 54137 MiB, 26943 MiB, 45, 50, 273.10 W, 700.00 W, 700.00 W, 1980 MHz, 2619 MHz, [N/A]
2025/11/27 04:20:45.082, 6, NVIDIA H100 80GB HBM3, P0, 100 %, 13 %, 81559 MiB, 53239 MiB, 27841 MiB, 45, 49, 238.54 W, 700.00 W, 700.00 W, 1980 MHz, 2619 MHz, [N/A]
2025/11/27 04:20:45.083, 7, NVIDIA H100 80GB HBM3, P0, 92 %, 18 %, 81559 MiB, 55553 MiB, 25527 MiB, 42, 49, 246.50 W, 700.00 W, 700.00 W, 1980 MHz, 2619 MHz, [N/A]
2025/11/27 04:20:50.084, 0, NVIDIA H100 80GB HBM3, P0, 100 %, 11 %, 81559 MiB, 54815 MiB, 26265 MiB, 43, 50, 246.42 W, 700.00 W, 700.00 W, 1980 MHz, 2619 MHz, [N/A]
2025/11/27 04:20:50.086, 1, NVIDIA H100 80GB HBM3, P0, 25 %, 12 %, 81559 MiB, 54781 MiB, 26299 MiB, 45, 52, 228.68 W, 700.00 W, 700.00 W, 1980 MHz, 2619 MHz, [N/A]
2025/11/27 04:20:50.086, 2, NVIDIA H100 80GB HBM3, P0, 100 %, 13 %, 81559 MiB, 55223 MiB, 25857 MiB, 47, 53, 250.57 W, 700.00 W, 700.00 W, 1980 MHz, 2619 MHz, [N/A]
2025/11/27 04:20:50.088, 3, NVIDIA H100 80GB HBM3, P0, 100 %, 14 %, 81559 MiB, 52769 MiB, 28311 MiB, 41, 49, 234.33 W, 700.00 W, 700.00 W, 1980 MHz, 2619 MHz, [N/A]
2025/11/27 04:20:50.089, 4, NVIDIA H100 80GB HBM3, P0, 95 %, 10 %, 81559 MiB, 55377 MiB, 25703 MiB, 40, 45, 241.45 W, 700.00 W, 700.00 W, 1980 MHz, 2619 MHz, [N/A]
2025/11/27 04:20:50.090, 5, NVIDIA H100 80GB HBM3, P0, 100 %, 15 %, 81559 MiB, 54135 MiB, 26945 MiB, 45, 52, 254.64 W, 700.00 W, 700.00 W, 1980 MHz, 2619 MHz, [N/A]
2025/11/27 04:20:50.091, 6, NVIDIA H100 80GB HBM3, P0, 76 %, 16 %, 81559 MiB, 53239 MiB, 27841 MiB, 45, 51, 246.27 W, 700.00 W, 700.00 W, 1980 MHz, 2619 MHz, [N/A]
2025/11/27 04:20:50.091, 7, NVIDIA H100 80GB HBM3, P0, 100 %, 16 %, 81559 MiB, 55553 MiB, 25527 MiB, 41, 48, 230.30 W, 700.00 W, 700.00 W, 1980 MHz, 2619 MHz, [N/A]
2025/11/27 04:20:55.093, 0, NVIDIA H100 80GB HBM3, P0, 100 %, 9 %, 81559 MiB, 54815 MiB, 26265 MiB, 42, 49, 256.52 W, 700.00 W, 700.00 W, 1980 MHz, 2619 MHz, [N/A]
2025/11/27 04:20:55.094, 1, NVIDIA H100 80GB HBM3, P0, 25 %, 12 %, 81559 MiB, 54781 MiB, 26299 MiB, 45, 52, 226.05 W, 700.00 W, 700.00 W, 1980 MHz, 2619 MHz, [N/A]
2025/11/27 04:20:55.095, 2, NVIDIA H100 80GB HBM3, P0, 100 %, 11 %, 81559 MiB, 55223 MiB, 25857 MiB, 47, 53, 264.03 W, 700.00 W, 700.00 W, 1980 MHz, 2619 MHz, [N/A]
2025/11/27 04:20:55.096, 3, NVIDIA H100 80GB HBM3, P0, 100 %, 14 %, 81559 MiB, 52769 MiB, 28311 MiB, 40, 47, 237.02 W, 700.00 W, 700.00 W, 1980 MHz, 2619 MHz, [N/A]
2025/11/27 04:20:55.097, 4, NVIDIA H100 80GB HBM3, P0, 96 %, 10 %, 81559 MiB, 55377 MiB, 25703 MiB, 40, 45, 224.58 W, 700.00 W, 700.00 W, 1980 MHz, 2619 MHz, [N/A]
2025/11/27 04:20:55.098, 5, NVIDIA H100 80GB HBM3, P0, 100 %, 11 %, 81559 MiB, 54135 MiB, 26945 MiB, 45, 51, 243.39 W, 700.00 W, 700.00 W, 1980 MHz, 2619 MHz, [N/A]
2025/11/27 04:20:55.098, 6, NVIDIA H100 80GB HBM3, P0, 76 %, 13 %, 81559 MiB, 53239 MiB, 27841 MiB, 44, 51, 242.47 W, 700.00 W, 700.00 W, 1980 MHz, 2619 MHz, [N/A]
2025/11/27 04:20:55.099, 7, NVIDIA H100 80GB HBM3, P0, 100 %, 16 %, 81559 MiB, 55553 MiB, 25527 MiB, 41, 47, 228.71 W, 700.00 W, 700.00 W, 1980 MHz, 2619 MHz, [N/A]
2025/11/27 04:21:00.100, 0, NVIDIA H100 80GB HBM3, P0, 100 %, 16 %, 81559 MiB, 54815 MiB, 26265 MiB, 43, 50, 246.05 W, 700.00 W, 700.00 W, 1980 MHz, 2619 MHz, [N/A]
2025/11/27 04:21:00.101, 1, NVIDIA H100 80GB HBM3, P0, 32 %, 13 %, 81559 MiB, 54781 MiB, 26299 MiB, 45, 52, 227.41 W, 700.00 W, 700.00 W, 1980 MHz, 2619 MHz, [N/A]
2025/11/27 04:21:00.102, 2, NVIDIA H100 80GB HBM3, P0, 99 %, 20 %, 81559 MiB, 55223 MiB, 25857 MiB, 47, 52, 269.60 W, 700.00 W, 700.00 W, 1980 MHz, 2619 MHz, [N/A]
2025/11/27 04:21:00.103, 3, NVIDIA H100 80GB HBM3, P0, 99 %, 11 %, 81559 MiB, 52769 MiB, 28311 MiB, 42, 49, 271.69 W, 700.00 W, 700.00 W, 1980 MHz, 2619 MHz, [N/A]
2025/11/27 04:21:00.104, 4, NVIDIA H100 80GB HBM3, P0, 100 %, 14 %, 81559 MiB, 55377 MiB, 25703 MiB, 41, 47, 261.92 W, 700.00 W, 700.00 W, 1980 MHz, 2619 MHz, [N/A]
2025/11/27 04:21:00.104, 5, NVIDIA H100 80GB HBM3, P0, 100 %, 20 %, 81559 MiB, 54135 MiB, 26945 MiB, 46, 50, 250.23 W, 700.00 W, 700.00 W, 1980 MHz, 2619 MHz, [N/A]
2025/11/27 04:21:00.105, 6, NVIDIA H100 80GB HBM3, P0, 81 %, 13 %, 81559 MiB, 53239 MiB, 27841 MiB, 45, 49, 245.49 W, 700.00 W, 700.00 W, 1980 MHz, 2619 MHz, [N/A]
2025/11/27 04:21:00.106, 7, NVIDIA H100 80GB HBM3, P0, 14 %, 6 %, 81559 MiB, 55553 MiB, 25527 MiB, 42, 47, 233.79 W, 700.00 W, 700.00 W, 1980 MHz, 2619 MHz, [N/A]
2025/11/27 04:21:05.107, 0, NVIDIA H100 80GB HBM3, P0, 100 %, 17 %, 81559 MiB, 54815 MiB, 26265 MiB, 43, 49, 238.02 W, 700.00 W, 700.00 W, 1980 MHz, 2619 MHz, [N/A]
2025/11/27 04:21:05.109, 1, NVIDIA H100 80GB HBM3, P0, 23 %, 8 %, 81559 MiB, 54781 MiB, 26299 MiB, 45, 50, 231.79 W, 700.00 W, 700.00 W, 1980 MHz, 2619 MHz, [N/A]
2025/11/27 04:21:05.110, 2, NVIDIA H100 80GB HBM3, P0, 99 %, 9 %, 81559 MiB, 55223 MiB, 25857 MiB, 47, 56, 241.88 W, 700.00 W, 700.00 W, 1980 MHz, 2619 MHz, [N/A]
2025/11/27 04:21:05.111, 3, NVIDIA H100 80GB HBM3, P0, 100 %, 6 %, 81559 MiB, 52769 MiB, 28311 MiB, 41, 49, 239.91 W, 700.00 W, 700.00 W, 1980 MHz, 2619 MHz, [N/A]
2025/11/27 04:21:05.111, 4, NVIDIA H100 80GB HBM3, P0, 100 %, 19 %, 81559 MiB, 55377 MiB, 25703 MiB, 40, 45, 240.92 W, 700.00 W, 700.00 W, 1980 MHz, 2619 MHz, [N/A]
2025/11/27 04:21:05.112, 5, NVIDIA H100 80GB HBM3, P0, 98 %, 15 %, 81559 MiB, 54135 MiB, 26945 MiB, 46, 51, 246.35 W, 700.00 W, 700.00 W, 1980 MHz, 2619 MHz, [N/A]
2025/11/27 04:21:05.112, 6, NVIDIA H100 80GB HBM3, P0, 50 %, 10 %, 81559 MiB, 53237 MiB, 27843 MiB, 44, 51, 239.65 W, 700.00 W, 700.00 W, 1980 MHz, 2619 MHz, [N/A]
2025/11/27 04:21:05.113, 7, NVIDIA H100 80GB HBM3, P0, 100 %, 12 %, 81559 MiB, 55553 MiB, 25527 MiB, 42, 47, 232.39 W, 700.00 W, 700.00 W, 1980 MHz, 2619 MHz, [N/A]
2025/11/27 04:21:10.115, 0, NVIDIA H100 80GB HBM3, P0, 98 %, 8 %, 81559 MiB, 54815 MiB, 26265 MiB, 43, 48, 243.17 W, 700.00 W, 700.00 W, 1980 MHz, 2619 MHz, [N/A]
2025/11/27 04:21:10.116, 1, NVIDIA H100 80GB HBM3, P0, 21 %, 8 %, 81559 MiB, 54781 MiB, 26299 MiB, 46, 52, 241.96 W, 700.00 W, 700.00 W, 1980 MHz, 2619 MHz, [N/A]
2025/11/27 04:21:10.117, 2, NVIDIA H100 80GB HBM3, P0, 100 %, 4 %, 81559 MiB, 55223 MiB, 25857 MiB, 47, 52, 239.93 W, 700.00 W, 700.00 W, 1980 MHz, 2619 MHz, [N/A]
2025/11/27 04:21:10.118, 3, NVIDIA H100 80GB HBM3, P0, 100 %, 7 %, 81559 MiB, 52769 MiB, 28311 MiB, 42, 47, 243.44 W, 700.00 W, 700.00 W, 1980 MHz, 2619 MHz, [N/A]
2025/11/27 04:21:10.118, 4, NVIDIA H100 80GB HBM3, P0, 98 %, 11 %, 81559 MiB, 55377 MiB, 25703 MiB, 40, 46, 250.70 W, 700.00 W, 700.00 W, 1980 MHz, 2619 MHz, [N/A]
2025/11/27 04:21:10.119, 5, NVIDIA H100 80GB HBM3, P0, 98 %, 8 %, 81559 MiB, 54131 MiB, 26949 MiB, 46, 50, 234.34 W, 700.00 W, 700.00 W, 1980 MHz, 2619 MHz, [N/A]
2025/11/27 04:21:10.119, 6, NVIDIA H100 80GB HBM3, P0, 20 %, 9 %, 81559 MiB, 53237 MiB, 27843 MiB, 44, 50, 242.33 W, 700.00 W, 700.00 W, 1980 MHz, 2619 MHz, [N/A]
2025/11/27 04:21:10.120, 7, NVIDIA H100 80GB HBM3, P0, 100 %, 12 %, 81559 MiB, 55553 MiB, 25527 MiB, 42, 48, 245.49 W, 700.00 W, 700.00 W, 1980 MHz, 2619 MHz, [N/A]
2025/11/27 04:21:15.122, 0, NVIDIA H100 80GB HBM3, P0, 97 %, 21 %, 81559 MiB, 54815 MiB, 26265 MiB, 43, 51, 250.63 W, 700.00 W, 700.00 W, 1980 MHz, 2619 MHz, [N/A]
2025/11/27 04:21:15.123, 1, NVIDIA H100 80GB HBM3, P0, 93 %, 7 %, 81559 MiB, 54781 MiB, 26299 MiB, 45, 51, 230.89 W, 700.00 W, 700.00 W, 1980 MHz, 2619 MHz, [N/A]
2025/11/27 04:21:15.124, 2, NVIDIA H100 80GB HBM3, P0, 99 %, 5 %, 81559 MiB, 55223 MiB, 25857 MiB, 47, 52, 251.14 W, 700.00 W, 700.00 W, 1980 MHz, 2619 MHz, [N/A]
2025/11/27 04:21:15.125, 3, NVIDIA H100 80GB HBM3, P0, 100 %, 15 %, 81559 MiB, 52769 MiB, 28311 MiB, 41, 49, 238.62 W, 700.00 W, 700.00 W, 1980 MHz, 2619 MHz, [N/A]
2025/11/27 04:21:15.126, 4, NVIDIA H100 80GB HBM3, P0, 36 %, 14 %, 81559 MiB, 55377 MiB, 25703 MiB, 39, 45, 224.55 W, 700.00 W, 700.00 W, 1980 MHz, 2619 MHz, [N/A]
2025/11/27 04:21:15.127, 5, NVIDIA H100 80GB HBM3, P0, 76 %, 12 %, 81559 MiB, 54131 MiB, 26949 MiB, 46, 49, 248.90 W, 700.00 W, 700.00 W, 1980 MHz, 2619 MHz, [N/A]
2025/11/27 04:21:15.128, 6, NVIDIA H100 80GB HBM3, P0, 87 %, 15 %, 81559 MiB, 53235 MiB, 27845 MiB, 45, 51, 246.63 W, 700.00 W, 700.00 W, 1980 MHz, 2619 MHz, [N/A]
2025/11/27 04:21:15.128, 7, NVIDIA H100 80GB HBM3, P0, 100 %, 16 %, 81559 MiB, 55553 MiB, 25527 MiB, 42, 47, 246.49 W, 700.00 W, 700.00 W, 1980 MHz, 2619 MHz, [N/A]
2025/11/27 04:21:20.130, 0, NVIDIA H100 80GB HBM3, P0, 87 %, 15 %, 81559 MiB, 54815 MiB, 26265 MiB, 41, 50, 231.95 W, 700.00 W, 700.00 W, 1980 MHz, 2619 MHz, [N/A]
2025/11/27 04:21:20.131, 1, NVIDIA H100 80GB HBM3, P0, 31 %, 16 %, 81559 MiB, 54781 MiB, 26299 MiB, 44, 51, 224.53 W, 700.00 W, 700.00 W, 1980 MHz, 2619 MHz, [N/A]
2025/11/27 04:21:20.132, 2, NVIDIA H100 80GB HBM3, P0, 100 %, 11 %, 81559 MiB, 55223 MiB, 25857 MiB, 46, 52, 254.74 W, 700.00 W, 700.00 W, 1980 MHz, 2619 MHz, [N/A]
2025/11/27 04:21:20.133, 3, NVIDIA H100 80GB HBM3, P0, 99 %, 7 %, 81559 MiB, 52769 MiB, 28311 MiB, 40, 47, 241.62 W, 700.00 W, 700.00 W, 1980 MHz, 2619 MHz, [N/A]
2025/11/27 04:21:20.133, 4, NVIDIA H100 80GB HBM3, P0, 89 %, 16 %, 81559 MiB, 55377 MiB, 25703 MiB, 39, 45, 235.05 W, 700.00 W, 700.00 W, 1980 MHz, 2619 MHz, [N/A]
2025/11/27 04:21:20.134, 5, NVIDIA H100 80GB HBM3, P0, 88 %, 18 %, 81559 MiB, 54131 MiB, 26949 MiB, 45, 49, 246.75 W, 700.00 W, 700.00 W, 1980 MHz, 2619 MHz, [N/A]
2025/11/27 04:21:20.135, 6, NVIDIA H100 80GB HBM3, P0, 100 %, 6 %, 81559 MiB, 53235 MiB, 27845 MiB, 44, 49, 249.53 W, 700.00 W, 700.00 W, 1980 MHz, 2619 MHz, [N/A]
2025/11/27 04:21:20.135, 7, NVIDIA H100 80GB HBM3, P0, 87 %, 6 %, 81559 MiB, 55553 MiB, 25527 MiB, 41, 47, 232.22 W, 700.00 W, 700.00 W, 1980 MHz, 2619 MHz, [N/A]
2025/11/27 04:21:25.136, 0, NVIDIA H100 80GB HBM3, P0, 100 %, 14 %, 81559 MiB, 54815 MiB, 26265 MiB, 42, 49, 238.37 W, 700.00 W, 700.00 W, 1980 MHz, 2619 MHz, [N/A]
2025/11/27 04:21:25.137, 1, NVIDIA H100 80GB HBM3, P0, 26 %, 12 %, 81559 MiB, 54779 MiB, 26301 MiB, 45, 51, 233.20 W, 700.00 W, 700.00 W, 1980 MHz, 2619 MHz, [N/A]
2025/11/27 04:21:25.138, 2, NVIDIA H100 80GB HBM3, P0, 99 %, 18 %, 81559 MiB, 55221 MiB, 25859 MiB, 47, 52, 268.20 W, 700.00 W, 700.00 W, 1980 MHz, 2619 MHz, [N/A]
2025/11/27 04:21:25.139, 3, NVIDIA H100 80GB HBM3, P0, 100 %, 14 %, 81559 MiB, 52769 MiB, 28311 MiB, 40, 47, 244.37 W, 700.00 W, 700.00 W, 1980 MHz, 2619 MHz, [N/A]
2025/11/27 04:21:25.140, 4, NVIDIA H100 80GB HBM3, P0, 100 %, 12 %, 81559 MiB, 55375 MiB, 25705 MiB, 40, 45, 231.31 W, 700.00 W, 700.00 W, 1980 MHz, 2619 MHz, [N/A]
2025/11/27 04:21:25.140, 5, NVIDIA H100 80GB HBM3, P0, 100 %, 18 %, 81559 MiB, 54131 MiB, 26949 MiB, 46, 49, 251.26 W, 700.00 W, 700.00 W, 1980 MHz, 2619 MHz, [N/A]
2025/11/27 04:21:25.141, 6, NVIDIA H100 80GB HBM3, P0, 94 %, 13 %, 81559 MiB, 53235 MiB, 27845 MiB, 45, 49, 248.87 W, 700.00 W, 700.00 W, 1980 MHz, 2619 MHz, [N/A]
2025/11/27 04:21:25.141, 7, NVIDIA H100 80GB HBM3, P0, 100 %, 16 %, 81559 MiB, 55553 MiB, 25527 MiB, 41, 47, 240.50 W, 700.00 W, 700.00 W, 1980 MHz, 2619 MHz, [N/A]
2025/11/27 04:21:30.143, 0, NVIDIA H100 80GB HBM3, P0, 90 %, 11 %, 81559 MiB, 54813 MiB, 26267 MiB, 42, 49, 236.51 W, 700.00 W, 700.00 W, 1980 MHz, 2619 MHz, [N/A]
2025/11/27 04:21:30.144, 1, NVIDIA H100 80GB HBM3, P0, 57 %, 5 %, 81559 MiB, 54779 MiB, 26301 MiB, 46, 54, 248.05 W, 700.00 W, 700.00 W, 1980 MHz, 2619 MHz, [N/A]
2025/11/27 04:21:30.145, 2, NVIDIA H100 80GB HBM3, P0, 100 %, 6 %, 81559 MiB, 55221 MiB, 25859 MiB, 48, 52, 259.12 W, 700.00 W, 700.00 W, 1980 MHz, 2619 MHz, [N/A]
2025/11/27 04:21:30.146, 3, NVIDIA H100 80GB HBM3, P0, 100 %, 23 %, 81559 MiB, 52769 MiB, 28311 MiB, 41, 50, 250.21 W, 700.00 W, 700.00 W, 1980 MHz, 2619 MHz, [N/A]
2025/11/27 04:21:30.147, 4, NVIDIA H100 80GB HBM3, P0, 63 %, 19 %, 81559 MiB, 55375 MiB, 25705 MiB, 41, 47, 253.30 W, 700.00 W, 700.00 W, 1980 MHz, 2619 MHz, [N/A]
2025/11/27 04:21:30.149, 5, NVIDIA H100 80GB HBM3, P0, 96 %, 14 %, 81559 MiB, 54131 MiB, 26949 MiB, 47, 52, 289.21 W, 700.00 W, 700.00 W, 1980 MHz, 2619 MHz, [N/A]
2025/11/27 04:21:30.150, 6, NVIDIA H100 80GB HBM3, P0, 46 %, 23 %, 81559 MiB, 53235 MiB, 27845 MiB, 45, 50, 259.51 W, 700.00 W, 700.00 W, 1980 MHz, 2619 MHz, [N/A]
2025/11/27 04:21:30.152, 7, NVIDIA H100 80GB HBM3, P0, 63 %, 23 %, 81559 MiB, 55551 MiB, 25529 MiB, 42, 50, 249.41 W, 700.00 W, 700.00 W, 1980 MHz, 2619 MHz, [N/A]
2025/11/27 04:21:35.153, 0, NVIDIA H100 80GB HBM3, P0, 83 %, 21 %, 81559 MiB, 54813 MiB, 26267 MiB, 42, 49, 257.34 W, 700.00 W, 700.00 W, 1980 MHz, 2619 MHz, [N/A]
2025/11/27 04:21:35.154, 1, NVIDIA H100 80GB HBM3, P0, 73 %, 21 %, 81559 MiB, 54779 MiB, 26301 MiB, 45, 50, 247.63 W, 700.00 W, 700.00 W, 1980 MHz, 2619 MHz, [N/A]
2025/11/27 04:21:35.155, 2, NVIDIA H100 80GB HBM3, P0, 93 %, 20 %, 81559 MiB, 55221 MiB, 25859 MiB, 47, 52, 258.72 W, 700.00 W, 700.00 W, 1980 MHz, 2619 MHz, [N/A]
2025/11/27 04:21:35.156, 3, NVIDIA H100 80GB HBM3, P0, 98 %, 10 %, 81559 MiB, 52769 MiB, 28311 MiB, 41, 47, 262.04 W, 700.00 W, 700.00 W, 1980 MHz, 2619 MHz, [N/A]
2025/11/27 04:21:35.156, 4, NVIDIA H100 80GB HBM3, P0, 70 %, 19 %, 81559 MiB, 55375 MiB, 25705 MiB, 40, 46, 240.80 W, 700.00 W, 700.00 W, 1980 MHz, 2619 MHz, [N/A]
2025/11/27 04:21:35.157, 5, NVIDIA H100 80GB HBM3, P0, 74 %, 24 %, 81559 MiB, 54131 MiB, 26949 MiB, 45, 49, 257.14 W, 700.00 W, 700.00 W, 1980 MHz, 2619 MHz, [N/A]
2025/11/27 04:21:35.157, 6, NVIDIA H100 80GB HBM3, P0, 43 %, 9 %, 81559 MiB, 53235 MiB, 27845 MiB, 44, 50, 242.67 W, 700.00 W, 700.00 W, 1980 MHz, 2619 MHz, [N/A]
2025/11/27 04:21:35.158, 7, NVIDIA H100 80GB HBM3, P0, 94 %, 11 %, 81559 MiB, 55551 MiB, 25529 MiB, 42, 47, 249.99 W, 700.00 W, 700.00 W, 1980 MHz, 2619 MHz, [N/A]
2025/11/27 04:21:40.160, 0, NVIDIA H100 80GB HBM3, P0, 78 %, 21 %, 81559 MiB, 54813 MiB, 26267 MiB, 42, 49, 240.72 W, 700.00 W, 700.00 W, 1980 MHz, 2619 MHz, [N/A]
2025/11/27 04:21:40.161, 1, NVIDIA H100 80GB HBM3, P0, 70 %, 24 %, 81559 MiB, 54779 MiB, 26301 MiB, 45, 52, 256.89 W, 700.00 W, 700.00 W, 1980 MHz, 2619 MHz, [N/A]
2025/11/27 04:21:40.162, 2, NVIDIA H100 80GB HBM3, P0, 91 %, 27 %, 81559 MiB, 55221 MiB, 25859 MiB, 47, 53, 282.95 W, 700.00 W, 700.00 W, 1980 MHz, 2619 MHz, [N/A]
2025/11/27 04:21:40.162, 3, NVIDIA H100 80GB HBM3, P0, 99 %, 8 %, 81559 MiB, 52769 MiB, 28311 MiB, 41, 47, 243.10 W, 700.00 W, 700.00 W, 1980 MHz, 2619 MHz, [N/A]
2025/11/27 04:21:40.163, 4, NVIDIA H100 80GB HBM3, P0, 71 %, 19 %, 81559 MiB, 55375 MiB, 25705 MiB, 40, 46, 235.11 W, 700.00 W, 700.00 W, 1980 MHz, 2619 MHz, [N/A]
2025/11/27 04:21:40.163, 5, NVIDIA H100 80GB HBM3, P0, 71 %, 25 %, 81559 MiB, 54131 MiB, 26949 MiB, 45, 49, 253.99 W, 700.00 W, 700.00 W, 1980 MHz, 2619 MHz, [N/A]
2025/11/27 04:21:40.164, 6, NVIDIA H100 80GB HBM3, P0, 34 %, 9 %, 81559 MiB, 53235 MiB, 27845 MiB, 44, 49, 245.17 W, 700.00 W, 700.00 W, 1980 MHz, 2619 MHz, [N/A]
2025/11/27 04:21:40.164, 7, NVIDIA H100 80GB HBM3, P0, 95 %, 9 %, 81559 MiB, 55551 MiB, 25529 MiB, 42, 47, 257.16 W, 700.00 W, 700.00 W, 1980 MHz, 2619 MHz, [N/A]
2025/11/27 04:21:45.166, 0, NVIDIA H100 80GB HBM3, P0, 82 %, 23 %, 81559 MiB, 54813 MiB, 26267 MiB, 42, 49, 254.66 W, 700.00 W, 700.00 W, 1980 MHz, 2619 MHz, [N/A]
2025/11/27 04:21:45.167, 1, NVIDIA H100 80GB HBM3, P0, 91 %, 20 %, 81559 MiB, 54779 MiB, 26301 MiB, 45, 52, 253.64 W, 700.00 W, 700.00 W, 1980 MHz, 2619 MHz, [N/A]
2025/11/27 04:21:45.168, 2, NVIDIA H100 80GB HBM3, P0, 99 %, 19 %, 81559 MiB, 55221 MiB, 25859 MiB, 47, 54, 275.69 W, 700.00 W, 700.00 W, 1980 MHz, 2619 MHz, [N/A]
2025/11/27 04:21:45.169, 3, NVIDIA H100 80GB HBM3, P0, 70 %, 26 %, 81559 MiB, 52769 MiB, 28311 MiB, 41, 49, 267.07 W, 700.00 W, 700.00 W, 1980 MHz, 2619 MHz, [N/A]
2025/11/27 04:21:45.170, 4, NVIDIA H100 80GB HBM3, P0, 82 %, 23 %, 81559 MiB, 55375 MiB, 25705 MiB, 40, 48, 234.51 W, 700.00 W, 700.00 W, 1980 MHz, 2619 MHz, [N/A]
2025/11/27 04:21:45.171, 5, NVIDIA H100 80GB HBM3, P0, 99 %, 26 %, 81559 MiB, 54131 MiB, 26949 MiB, 45, 50, 265.06 W, 700.00 W, 700.00 W, 1980 MHz, 2619 MHz, [N/A]
2025/11/27 04:21:45.171, 6, NVIDIA H100 80GB HBM3, P0, 59 %, 25 %, 81559 MiB, 53235 MiB, 27845 MiB, 45, 50, 256.87 W, 700.00 W, 700.00 W, 1980 MHz, 2619 MHz, [N/A]
2025/11/27 04:21:45.172, 7, NVIDIA H100 80GB HBM3, P0, 66 %, 29 %, 81559 MiB, 55551 MiB, 25529 MiB, 42, 49, 265.13 W, 700.00 W, 700.00 W, 1980 MHz, 2619 MHz, [N/A]
2025/11/27 04:21:50.173, 0, NVIDIA H100 80GB HBM3, P0, 75 %, 23 %, 81559 MiB, 54811 MiB, 26269 MiB, 42, 49, 257.70 W, 700.00 W, 700.00 W, 1980 MHz, 2619 MHz, [N/A]
2025/11/27 04:21:50.174, 1, NVIDIA H100 80GB HBM3, P0, 100 %, 22 %, 81559 MiB, 54779 MiB, 26301 MiB, 45, 52, 254.69 W, 700.00 W, 700.00 W, 1980 MHz, 2619 MHz, [N/A]
2025/11/27 04:21:50.175, 2, NVIDIA H100 80GB HBM3, P0, 100 %, 25 %, 81559 MiB, 55219 MiB, 25861 MiB, 47, 52, 280.62 W, 700.00 W, 700.00 W, 1980 MHz, 2619 MHz, [N/A]
2025/11/27 04:21:50.176, 3, NVIDIA H100 80GB HBM3, P0, 82 %, 21 %, 81559 MiB, 52767 MiB, 28313 MiB, 40, 49, 253.29 W, 700.00 W, 700.00 W, 1980 MHz, 2619 MHz, [N/A]
2025/11/27 04:21:50.176, 4, NVIDIA H100 80GB HBM3, P0, 73 %, 23 %, 81559 MiB, 55375 MiB, 25705 MiB, 39, 46, 247.52 W, 700.00 W, 700.00 W, 1980 MHz, 2619 MHz, [N/A]
2025/11/27 04:21:50.177, 5, NVIDIA H100 80GB HBM3, P0, 86 %, 25 %, 81559 MiB, 54131 MiB, 26949 MiB, 45, 51, 255.24 W, 700.00 W, 700.00 W, 1980 MHz, 2619 MHz, [N/A]
2025/11/27 04:21:50.178, 6, NVIDIA H100 80GB HBM3, P0, 80 %, 20 %, 81559 MiB, 53235 MiB, 27845 MiB, 45, 51, 250.94 W, 700.00 W, 700.00 W, 1980 MHz, 2619 MHz, [N/A]
2025/11/27 04:21:50.178, 7, NVIDIA H100 80GB HBM3, P0, 77 %, 23 %, 81559 MiB, 55551 MiB, 25529 MiB, 41, 47, 244.01 W, 700.00 W, 700.00 W, 1980 MHz, 2619 MHz, [N/A]
2025/11/27 04:21:55.180, 0, NVIDIA H100 80GB HBM3, P0, 88 %, 20 %, 81559 MiB, 54811 MiB, 26269 MiB, 42, 49, 250.70 W, 700.00 W, 700.00 W, 1980 MHz, 2619 MHz, [N/A]
2025/11/27 04:21:55.181, 1, NVIDIA H100 80GB HBM3, P0, 40 %, 20 %, 81559 MiB, 54779 MiB, 26301 MiB, 45, 50, 236.07 W, 700.00 W, 700.00 W, 1980 MHz, 2619 MHz, [N/A]
2025/11/27 04:21:55.182, 2, NVIDIA H100 80GB HBM3, P0, 100 %, 16 %, 81559 MiB, 55219 MiB, 25861 MiB, 47, 53, 267.48 W, 700.00 W, 700.00 W, 1980 MHz, 2619 MHz, [N/A]
2025/11/27 04:21:55.183, 3, NVIDIA H100 80GB HBM3, P0, 99 %, 10 %, 81559 MiB, 52767 MiB, 28313 MiB, 41, 47, 254.02 W, 700.00 W, 700.00 W, 1980 MHz, 2619 MHz, [N/A]
2025/11/27 04:21:55.183, 4, NVIDIA H100 80GB HBM3, P0, 43 %, 17 %, 81559 MiB, 55375 MiB, 25705 MiB, 39, 45, 244.13 W, 700.00 W, 700.00 W, 1980 MHz, 2619 MHz, [N/A]
2025/11/27 04:21:55.184, 5, NVIDIA H100 80GB HBM3, P0, 88 %, 17 %, 81559 MiB, 54131 MiB, 26949 MiB, 45, 50, 257.17 W, 700.00 W, 700.00 W, 1980 MHz, 2619 MHz, [N/A]
2025/11/27 04:21:55.185, 6, NVIDIA H100 80GB HBM3, P0, 100 %, 10 %, 81559 MiB, 53235 MiB, 27845 MiB, 45, 50, 260.40 W, 700.00 W, 700.00 W, 1980 MHz, 2619 MHz, [N/A]
2025/11/27 04:21:55.185, 7, NVIDIA H100 80GB HBM3, P0, 94 %, 10 %, 81559 MiB, 55551 MiB, 25529 MiB, 42, 47, 261.23 W, 700.00 W, 700.00 W, 1980 MHz, 2619 MHz, [N/A]
2025/11/27 04:22:00.186, 0, NVIDIA H100 80GB HBM3, P0, 87 %, 19 %, 81559 MiB, 54811 MiB, 26269 MiB, 41, 49, 259.07 W, 700.00 W, 700.00 W, 1980 MHz, 2619 MHz, [N/A]
2025/11/27 04:22:00.187, 1, NVIDIA H100 80GB HBM3, P0, 84 %, 22 %, 81559 MiB, 54777 MiB, 26303 MiB, 45, 50, 256.39 W, 700.00 W, 700.00 W, 1980 MHz, 2619 MHz, [N/A]
2025/11/27 04:22:00.189, 2, NVIDIA H100 80GB HBM3, P0, 96 %, 18 %, 81559 MiB, 53367 MiB, 27713 MiB, 47, 52, 263.88 W, 700.00 W, 700.00 W, 1980 MHz, 2619 MHz, [N/A]
2025/11/27 04:22:00.190, 3, NVIDIA H100 80GB HBM3, P0, 100 %, 9 %, 81559 MiB, 52767 MiB, 28313 MiB, 40, 48, 257.33 W, 700.00 W, 700.00 W, 1980 MHz, 2619 MHz, [N/A]
2025/11/27 04:22:00.191, 4, NVIDIA H100 80GB HBM3, P0, 31 %, 15 %, 81559 MiB, 55375 MiB, 25705 MiB, 39, 45, 237.92 W, 700.00 W, 700.00 W, 1980 MHz, 2619 MHz, [N/A]
2025/11/27 04:22:00.191, 5, NVIDIA H100 80GB HBM3, P0, 88 %, 20 %, 81559 MiB, 54131 MiB, 26949 MiB, 45, 51, 280.03 W, 700.00 W, 700.00 W, 1980 MHz, 2619 MHz, [N/A]
2025/11/27 04:22:00.192, 6, NVIDIA H100 80GB HBM3, P0, 100 %, 8 %, 81559 MiB, 53233 MiB, 27847 MiB, 44, 49, 244.27 W, 700.00 W, 700.00 W, 1980 MHz, 2619 MHz, [N/A]
2025/11/27 04:22:00.193, 7, NVIDIA H100 80GB HBM3, P0, 100 %, 13 %, 81559 MiB, 55551 MiB, 25529 MiB, 42, 47, 260.94 W, 700.00 W, 700.00 W, 1980 MHz, 2619 MHz, [N/A]
2025/11/27 04:22:05.199, 0, NVIDIA H100 80GB HBM3, P0, 100 %, 5 %, 81559 MiB, 54811 MiB, 26269 MiB, 42, 50, 263.49 W, 700.00 W, 700.00 W, 1980 MHz, 2619 MHz, [N/A]
2025/11/27 04:22:05.201, 1, NVIDIA H100 80GB HBM3, P0, 16 %, 5 %, 81559 MiB, 54777 MiB, 26303 MiB, 46, 53, 260.95 W, 700.00 W, 700.00 W, 1980 MHz, 2619 MHz, [N/A]
2025/11/27 04:22:05.202, 2, NVIDIA H100 80GB HBM3, P0, 100 %, 23 %, 81559 MiB, 53367 MiB, 27713 MiB, 47, 52, 273.05 W, 700.00 W, 700.00 W, 1980 MHz, 2619 MHz, [N/A]
2025/11/27 04:22:05.203, 3, NVIDIA H100 80GB HBM3, P0, 99 %, 15 %, 81559 MiB, 52767 MiB, 28313 MiB, 41, 49, 269.96 W, 700.00 W, 700.00 W, 1980 MHz, 2619 MHz, [N/A]
2025/11/27 04:22:05.204, 4, NVIDIA H100 80GB HBM3, P0, 46 %, 11 %, 81559 MiB, 55375 MiB, 25705 MiB, 40, 46, 264.43 W, 700.00 W, 700.00 W, 1980 MHz, 2619 MHz, [N/A]
2025/11/27 04:22:05.205, 5, NVIDIA H100 80GB HBM3, P0, 100 %, 6 %, 81559 MiB, 54131 MiB, 26949 MiB, 46, 51, 266.36 W, 700.00 W, 700.00 W, 1980 MHz, 2619 MHz, [N/A]
2025/11/27 04:22:05.205, 6, NVIDIA H100 80GB HBM3, P0, 67 %, 16 %, 81559 MiB, 53233 MiB, 27847 MiB, 44, 51, 255.82 W, 700.00 W, 700.00 W, 1980 MHz, 2619 MHz, [N/A]
2025/11/27 04:22:05.206, 7, NVIDIA H100 80GB HBM3, P0, 75 %, 14 %, 81559 MiB, 55551 MiB, 25529 MiB, 42, 49, 266.09 W, 700.00 W, 700.00 W, 1980 MHz, 2619 MHz, [N/A]
2025/11/27 04:22:10.208, 0, NVIDIA H100 80GB HBM3, P0, 79 %, 24 %, 81559 MiB, 54811 MiB, 26269 MiB, 42, 49, 256.70 W, 700.00 W, 700.00 W, 1980 MHz, 2619 MHz, [N/A]
2025/11/27 04:22:10.209, 1, NVIDIA H100 80GB HBM3, P0, 100 %, 21 %, 81559 MiB, 54777 MiB, 26303 MiB, 45, 52, 249.56 W, 700.00 W, 700.00 W, 1980 MHz, 2619 MHz, [N/A]
2025/11/27 04:22:10.210, 2, NVIDIA H100 80GB HBM3, P0, 93 %, 11 %, 81559 MiB, 53367 MiB, 27713 MiB, 46, 52, 267.27 W, 700.00 W, 700.00 W, 1980 MHz, 2619 MHz, [N/A]
2025/11/27 04:22:10.210, 3, NVIDIA H100 80GB HBM3, P0, 79 %, 23 %, 81559 MiB, 52767 MiB, 28313 MiB, 40, 49, 257.36 W, 700.00 W, 700.00 W, 1980 MHz, 2619 MHz, [N/A]
2025/11/27 04:22:10.211, 4, NVIDIA H100 80GB HBM3, P0, 72 %, 22 %, 81559 MiB, 55375 MiB, 25705 MiB, 39, 46, 236.34 W, 700.00 W, 700.00 W, 1980 MHz, 2619 MHz, [N/A]
2025/11/27 04:22:10.211, 5, NVIDIA H100 80GB HBM3, P0, 88 %, 22 %, 81559 MiB, 54131 MiB, 26949 MiB, 45, 49, 259.87 W, 700.00 W, 700.00 W, 1980 MHz, 2619 MHz, [N/A]
2025/11/27 04:22:10.212, 6, NVIDIA H100 80GB HBM3, P0, 77 %, 25 %, 81559 MiB, 53233 MiB, 27847 MiB, 44, 49, 248.81 W, 700.00 W, 700.00 W, 1980 MHz, 2619 MHz, [N/A]
2025/11/27 04:22:10.212, 7, NVIDIA H100 80GB HBM3, P0, 66 %, 24 %, 81559 MiB, 55551 MiB, 25529 MiB, 42, 49, 249.76 W, 700.00 W, 700.00 W, 1980 MHz, 2619 MHz, [N/A]
2025/11/27 04:22:15.213, 0, NVIDIA H100 80GB HBM3, P0, 81 %, 22 %, 81559 MiB, 54811 MiB, 26269 MiB, 42, 49, 256.30 W, 700.00 W, 700.00 W, 1980 MHz, 2619 MHz, [N/A]
2025/11/27 04:22:15.214, 1, NVIDIA H100 80GB HBM3, P0, 95 %, 22 %, 81559 MiB, 54777 MiB, 26303 MiB, 45, 52, 260.86 W, 700.00 W, 700.00 W, 1980 MHz, 2619 MHz, [N/A]
2025/11/27 04:22:15.215, 2, NVIDIA H100 80GB HBM3, P0, 100 %, 10 %, 81559 MiB, 53367 MiB, 27713 MiB, 46, 53, 266.93 W, 700.00 W, 700.00 W, 1980 MHz, 2619 MHz, [N/A]
2025/11/27 04:22:15.216, 3, NVIDIA H100 80GB HBM3, P0, 86 %, 21 %, 81559 MiB, 52767 MiB, 28313 MiB, 41, 49, 272.31 W, 700.00 W, 700.00 W, 1980 MHz, 2619 MHz, [N/A]
2025/11/27 04:22:15.216, 4, NVIDIA H100 80GB HBM3, P0, 70 %, 27 %, 81559 MiB, 55373 MiB, 25707 MiB, 39, 46, 240.92 W, 700.00 W, 700.00 W, 1980 MHz, 2619 MHz, [N/A]
2025/11/27 04:22:15.217, 5, NVIDIA H100 80GB HBM3, P0, 88 %, 20 %, 81559 MiB, 54131 MiB, 26949 MiB, 45, 49, 257.64 W, 700.00 W, 700.00 W, 1980 MHz, 2619 MHz, [N/A]
2025/11/27 04:22:15.218, 6, NVIDIA H100 80GB HBM3, P0, 86 %, 22 %, 81559 MiB, 53233 MiB, 27847 MiB, 44, 50, 249.06 W, 700.00 W, 700.00 W, 1980 MHz, 2619 MHz, [N/A]
2025/11/27 04:22:15.218, 7, NVIDIA H100 80GB HBM3, P0, 82 %, 23 %, 81559 MiB, 55551 MiB, 25529 MiB, 42, 48, 261.38 W, 700.00 W, 700.00 W, 1980 MHz, 2619 MHz, [N/A]
2025/11/27 04:22:20.219, 0, NVIDIA H100 80GB HBM3, P0, 76 %, 25 %, 81559 MiB, 54811 MiB, 26269 MiB, 41, 49, 255.96 W, 700.00 W, 700.00 W, 1980 MHz, 2619 MHz, [N/A]
2025/11/27 04:22:20.221, 1, NVIDIA H100 80GB HBM3, P0, 20 %, 7 %, 81559 MiB, 54777 MiB, 26303 MiB, 45, 50, 259.57 W, 700.00 W, 700.00 W, 1980 MHz, 2619 MHz, [N/A]
2025/11/27 04:22:20.222, 2, NVIDIA H100 80GB HBM3, P0, 100 %, 6 %, 81559 MiB, 53367 MiB, 27713 MiB, 46, 52, 264.60 W, 700.00 W, 700.00 W, 1980 MHz, 2619 MHz, [N/A]
2025/11/27 04:22:20.222, 3, NVIDIA H100 80GB HBM3, P0, 99 %, 9 %, 81559 MiB, 52767 MiB, 28313 MiB, 40, 47, 258.81 W, 700.00 W, 700.00 W, 1980 MHz, 2619 MHz, [N/A]
2025/11/27 04:22:20.223, 4, NVIDIA H100 80GB HBM3, P0, 44 %, 18 %, 81559 MiB, 55373 MiB, 25707 MiB, 39, 45, 243.23 W, 700.00 W, 700.00 W, 1980 MHz, 2619 MHz, [N/A]
2025/11/27 04:22:20.224, 5, NVIDIA H100 80GB HBM3, P0, 89 %, 24 %, 81559 MiB, 54131 MiB, 26949 MiB, 45, 50, 260.26 W, 700.00 W, 700.00 W, 1980 MHz, 2619 MHz, [N/A]
2025/11/27 04:22:20.225, 6, NVIDIA H100 80GB HBM3, P0, 100 %, 10 %, 81559 MiB, 53233 MiB, 27847 MiB, 44, 50, 249.82 W, 700.00 W, 700.00 W, 1980 MHz, 2619 MHz, [N/A]
2025/11/27 04:22:20.225, 7, NVIDIA H100 80GB HBM3, P0, 94 %, 10 %, 81559 MiB, 55551 MiB, 25529 MiB, 42, 47, 254.19 W, 700.00 W, 700.00 W, 1980 MHz, 2619 MHz, [N/A]
2025/11/27 04:22:25.227, 0, NVIDIA H100 80GB HBM3, P0, 62 %, 27 %, 81559 MiB, 54811 MiB, 26269 MiB, 41, 47, 246.02 W, 700.00 W, 700.00 W, 1980 MHz, 2619 MHz, [N/A]
2025/11/27 04:22:25.228, 1, NVIDIA H100 80GB HBM3, P0, 55 %, 5 %, 81559 MiB, 54777 MiB, 26303 MiB, 45, 51, 244.54 W, 700.00 W, 700.00 W, 1980 MHz, 2619 MHz, [N/A]
2025/11/27 04:22:25.229, 2, NVIDIA H100 80GB HBM3, P0, 100 %, 6 %, 81559 MiB, 53367 MiB, 27713 MiB, 46, 52, 260.92 W, 700.00 W, 700.00 W, 1980 MHz, 2619 MHz, [N/A]
2025/11/27 04:22:25.230, 3, NVIDIA H100 80GB HBM3, P0, 93 %, 17 %, 81559 MiB, 52767 MiB, 28313 MiB, 41, 47, 250.74 W, 700.00 W, 700.00 W, 1980 MHz, 2619 MHz, [N/A]
2025/11/27 04:22:25.231, 4, NVIDIA H100 80GB HBM3, P0, 64 %, 21 %, 81559 MiB, 55373 MiB, 25707 MiB, 38, 45, 247.91 W, 700.00 W, 700.00 W, 1980 MHz, 2619 MHz, [N/A]
2025/11/27 04:22:25.232, 5, NVIDIA H100 80GB HBM3, P0, 95 %, 25 %, 81559 MiB, 54131 MiB, 26949 MiB, 45, 49, 250.75 W, 700.00 W, 700.00 W, 1980 MHz, 2619 MHz, [N/A]
2025/11/27 04:22:25.233, 6, NVIDIA H100 80GB HBM3, P0, 94 %, 15 %, 81559 MiB, 53233 MiB, 27847 MiB, 44, 51, 256.16 W, 700.00 W, 700.00 W, 1980 MHz, 2619 MHz, [N/A]
2025/11/27 04:22:25.233, 7, NVIDIA H100 80GB HBM3, P0, 91 %, 16 %, 81559 MiB, 55551 MiB, 25529 MiB, 42, 48, 272.96 W, 700.00 W, 700.00 W, 1980 MHz, 2619 MHz, [N/A]
2025/11/27 04:22:30.234, 0, NVIDIA H100 80GB HBM3, P0, 97 %, 6 %, 81559 MiB, 54811 MiB, 26269 MiB, 41, 51, 253.63 W, 700.00 W, 700.00 W, 1980 MHz, 2619 MHz, [N/A]
2025/11/27 04:22:30.235, 1, NVIDIA H100 80GB HBM3, P0, 91 %, 22 %, 81559 MiB, 54777 MiB, 26303 MiB, 45, 53, 250.68 W, 700.00 W, 700.00 W, 1980 MHz, 2619 MHz, [N/A]
2025/11/27 04:22:30.236, 2, NVIDIA H100 80GB HBM3, P0, 94 %, 23 %, 81559 MiB, 53367 MiB, 27713 MiB, 46, 53, 266.39 W, 700.00 W, 700.00 W, 1980 MHz, 2619 MHz, [N/A]
2025/11/27 04:22:30.237, 3, NVIDIA H100 80GB HBM3, P0, 99 %, 19 %, 81559 MiB, 52767 MiB, 28313 MiB, 41, 49, 265.15 W, 700.00 W, 700.00 W, 1980 MHz, 2619 MHz, [N/A]
2025/11/27 04:22:30.238, 4, NVIDIA H100 80GB HBM3, P0, 28 %, 11 %, 81559 MiB, 55373 MiB, 25707 MiB, 40, 45, 247.76 W, 700.00 W, 700.00 W, 1980 MHz, 2619 MHz, [N/A]
2025/11/27 04:22:30.238, 5, NVIDIA H100 80GB HBM3, P0, 100 %, 4 %, 81559 MiB, 54129 MiB, 26951 MiB, 45, 50, 270.60 W, 700.00 W, 700.00 W, 1980 MHz, 2619 MHz, [N/A]
2025/11/27 04:22:30.239, 6, NVIDIA H100 80GB HBM3, P0, 51 %, 16 %, 81559 MiB, 53233 MiB, 27847 MiB, 44, 50, 239.92 W, 700.00 W, 700.00 W, 1980 MHz, 2619 MHz, [N/A]
2025/11/27 04:22:30.239, 7, NVIDIA H100 80GB HBM3, P0, 86 %, 16 %, 81559 MiB, 55551 MiB, 25529 MiB, 42, 51, 253.17 W, 700.00 W, 700.00 W, 1980 MHz, 2619 MHz, [N/A]
2025/11/27 04:22:35.241, 0, NVIDIA H100 80GB HBM3, P0, 100 %, 24 %, 81559 MiB, 54811 MiB, 26269 MiB, 41, 49, 255.19 W, 700.00 W, 700.00 W, 1980 MHz, 2619 MHz, [N/A]
2025/11/27 04:22:35.242, 1, NVIDIA H100 80GB HBM3, P0, 36 %, 9 %, 81559 MiB, 54777 MiB, 26303 MiB, 45, 50, 266.01 W, 700.00 W, 700.00 W, 1980 MHz, 2619 MHz, [N/A]
2025/11/27 04:22:35.243, 2, NVIDIA H100 80GB HBM3, P0, 73 %, 15 %, 81559 MiB, 53367 MiB, 27713 MiB, 46, 52, 264.06 W, 700.00 W, 700.00 W, 1980 MHz, 2619 MHz, [N/A]
2025/11/27 04:22:35.244, 3, NVIDIA H100 80GB HBM3, P0, 78 %, 22 %, 81559 MiB, 52767 MiB, 28313 MiB, 40, 48, 239.43 W, 700.00 W, 700.00 W, 1980 MHz, 2619 MHz, [N/A]
2025/11/27 04:22:35.244, 4, NVIDIA H100 80GB HBM3, P0, 42 %, 22 %, 81559 MiB, 55373 MiB, 25707 MiB, 38, 45, 224.38 W, 700.00 W, 700.00 W, 1980 MHz, 2619 MHz, [N/A]
2025/11/27 04:22:35.245, 5, NVIDIA H100 80GB HBM3, P0, 100 %, 25 %, 81559 MiB, 54129 MiB, 26951 MiB, 45, 50, 253.16 W, 700.00 W, 700.00 W, 1980 MHz, 2619 MHz, [N/A]
2025/11/27 04:22:35.246, 6, NVIDIA H100 80GB HBM3, P0, 88 %, 21 %, 81559 MiB, 53233 MiB, 27847 MiB, 44, 50, 249.51 W, 700.00 W, 700.00 W, 1980 MHz, 2619 MHz, [N/A]
2025/11/27 04:22:35.246, 7, NVIDIA H100 80GB HBM3, P0, 90 %, 22 %, 81559 MiB, 55551 MiB, 25529 MiB, 41, 48, 248.23 W, 700.00 W, 700.00 W, 1980 MHz, 2619 MHz, [N/A]
2025/11/27 04:22:40.248, 0, NVIDIA H100 80GB HBM3, P0, 26 %, 12 %, 81559 MiB, 54811 MiB, 26269 MiB, 41, 49, 224.76 W, 700.00 W, 700.00 W, 1980 MHz, 2619 MHz, [N/A]
2025/11/27 04:22:40.249, 1, NVIDIA H100 80GB HBM3, P0, 57 %, 17 %, 81559 MiB, 54777 MiB, 26303 MiB, 45, 51, 255.07 W, 700.00 W, 700.00 W, 1980 MHz, 2619 MHz, [N/A]
2025/11/27 04:22:40.250, 2, NVIDIA H100 80GB HBM3, P0, 77 %, 18 %, 81559 MiB, 53367 MiB, 27713 MiB, 46, 52, 252.06 W, 700.00 W, 700.00 W, 1980 MHz, 2619 MHz, [N/A]
2025/11/27 04:22:40.251, 3, NVIDIA H100 80GB HBM3, P0, 94 %, 11 %, 81559 MiB, 52767 MiB, 28313 MiB, 40, 49, 246.56 W, 700.00 W, 700.00 W, 1980 MHz, 2619 MHz, [N/A]
2025/11/27 04:22:40.252, 4, NVIDIA H100 80GB HBM3, P0, 100 %, 13 %, 81559 MiB, 55371 MiB, 25709 MiB, 38, 45, 233.88 W, 700.00 W, 700.00 W, 1980 MHz, 2619 MHz, [N/A]
2025/11/27 04:22:40.252, 5, NVIDIA H100 80GB HBM3, P0, 100 %, 18 %, 81559 MiB, 54129 MiB, 26951 MiB, 45, 50, 257.49 W, 700.00 W, 700.00 W, 1980 MHz, 2619 MHz, [N/A]
2025/11/27 04:22:40.253, 6, NVIDIA H100 80GB HBM3, P0, 96 %, 11 %, 81559 MiB, 53233 MiB, 27847 MiB, 44, 49, 239.37 W, 700.00 W, 700.00 W, 1980 MHz, 2619 MHz, [N/A]
2025/11/27 04:22:40.253, 7, NVIDIA H100 80GB HBM3, P0, 100 %, 9 %, 81559 MiB, 55551 MiB, 25529 MiB, 42, 48, 245.21 W, 700.00 W, 700.00 W, 1980 MHz, 2619 MHz, [N/A]
2025/11/27 04:22:45.255, 0, NVIDIA H100 80GB HBM3, P0, 99 %, 10 %, 81559 MiB, 54811 MiB, 26269 MiB, 41, 49, 242.43 W, 700.00 W, 700.00 W, 1980 MHz, 2619 MHz, [N/A]
2025/11/27 04:22:45.256, 1, NVIDIA H100 80GB HBM3, P0, 44 %, 9 %, 81559 MiB, 54777 MiB, 26303 MiB, 45, 51, 247.23 W, 700.00 W, 700.00 W, 1980 MHz, 2619 MHz, [N/A]
2025/11/27 04:22:45.257, 2, NVIDIA H100 80GB HBM3, P0, 62 %, 6 %, 81559 MiB, 53367 MiB, 27713 MiB, 46, 52, 256.82 W, 700.00 W, 700.00 W, 1980 MHz, 2619 MHz, [N/A]
2025/11/27 04:22:45.258, 3, NVIDIA H100 80GB HBM3, P0, 16 %, 6 %, 81559 MiB, 52767 MiB, 28313 MiB, 40, 49, 237.05 W, 700.00 W, 700.00 W, 1980 MHz, 2619 MHz, [N/A]
2025/11/27 04:22:45.259, 4, NVIDIA H100 80GB HBM3, P0, 87 %, 9 %, 81559 MiB, 55371 MiB, 25709 MiB, 40, 45, 254.04 W, 700.00 W, 700.00 W, 1980 MHz, 2619 MHz, [N/A]
2025/11/27 04:22:45.259, 5, NVIDIA H100 80GB HBM3, P0, 93 %, 17 %, 81559 MiB, 54129 MiB, 26951 MiB, 44, 49, 255.12 W, 700.00 W, 700.00 W, 1980 MHz, 2619 MHz, [N/A]
2025/11/27 04:22:45.261, 6, NVIDIA H100 80GB HBM3, P0, 100 %, 6 %, 81559 MiB, 53233 MiB, 27847 MiB, 43, 49, 251.22 W, 700.00 W, 700.00 W, 1980 MHz, 2619 MHz, [N/A]
2025/11/27 04:22:45.262, 7, NVIDIA H100 80GB HBM3, P0, 100 %, 5 %, 81559 MiB, 55551 MiB, 25529 MiB, 41, 48, 243.88 W, 700.00 W, 700.00 W, 1980 MHz, 2619 MHz, [N/A]
2025/11/27 04:22:50.263, 0, NVIDIA H100 80GB HBM3, P0, 88 %, 17 %, 81559 MiB, 54811 MiB, 26269 MiB, 40, 47, 231.98 W, 700.00 W, 700.00 W, 1980 MHz, 2619 MHz, [N/A]
2025/11/27 04:22:50.264, 1, NVIDIA H100 80GB HBM3, P0, 100 %, 3 %, 81559 MiB, 52925 MiB, 28155 MiB, 44, 50, 251.98 W, 700.00 W, 700.00 W, 1980 MHz, 2619 MHz, [N/A]
2025/11/27 04:22:50.265, 2, NVIDIA H100 80GB HBM3, P0, 100 %, 4 %, 81559 MiB, 53367 MiB, 27713 MiB, 45, 50, 249.53 W, 700.00 W, 700.00 W, 1980 MHz, 2619 MHz, [N/A]
2025/11/27 04:22:50.266, 3, NVIDIA H100 80GB HBM3, P0, 50 %, 5 %, 81559 MiB, 52767 MiB, 28313 MiB, 39, 47, 232.13 W, 700.00 W, 700.00 W, 1980 MHz, 2619 MHz, [N/A]
2025/11/27 04:22:50.267, 4, NVIDIA H100 80GB HBM3, P0, 37 %, 15 %, 81559 MiB, 55371 MiB, 25709 MiB, 38, 43, 236.63 W, 700.00 W, 700.00 W, 1980 MHz, 2619 MHz, [N/A]
2025/11/27 04:22:50.267, 5, NVIDIA H100 80GB HBM3, P0, 88 %, 20 %, 81559 MiB, 54129 MiB, 26951 MiB, 44, 49, 263.07 W, 700.00 W, 700.00 W, 1980 MHz, 2619 MHz, [N/A]
2025/11/27 04:22:50.268, 6, NVIDIA H100 80GB HBM3, P0, 100 %, 6 %, 81559 MiB, 53233 MiB, 27847 MiB, 43, 49, 219.94 W, 700.00 W, 700.00 W, 1980 MHz, 2619 MHz, [N/A]
2025/11/27 04:22:50.269, 7, NVIDIA H100 80GB HBM3, P0, 100 %, 7 %, 81559 MiB, 55551 MiB, 25529 MiB, 41, 47, 245.92 W, 700.00 W, 700.00 W, 1980 MHz, 2619 MHz, [N/A]
2025/11/27 04:22:55.269, 0, NVIDIA H100 80GB HBM3, P0, 97 %, 15 %, 81559 MiB, 54811 MiB, 26269 MiB, 41, 51, 250.09 W, 700.00 W, 700.00 W, 1980 MHz, 2619 MHz, [N/A]
2025/11/27 04:22:55.270, 1, NVIDIA H100 80GB HBM3, P0, 62 %, 24 %, 81559 MiB, 52925 MiB, 28155 MiB, 45, 52, 253.69 W, 700.00 W, 700.00 W, 1980 MHz, 2619 MHz, [N/A]
2025/11/27 04:22:55.271, 2, NVIDIA H100 80GB HBM3, P0, 75 %, 28 %, 81559 MiB, 53367 MiB, 27713 MiB, 46, 52, 263.55 W, 700.00 W, 700.00 W, 1980 MHz, 2619 MHz, [N/A]
2025/11/27 04:22:55.272, 3, NVIDIA H100 80GB HBM3, P0, 69 %, 26 %, 81559 MiB, 52767 MiB, 28313 MiB, 40, 49, 267.83 W, 700.00 W, 700.00 W, 1980 MHz, 2619 MHz, [N/A]
2025/11/27 04:22:55.273, 4, NVIDIA H100 80GB HBM3, P0, 90 %, 25 %, 81559 MiB, 55371 MiB, 25709 MiB, 39, 46, 265.74 W, 700.00 W, 700.00 W, 1980 MHz, 2619 MHz, [N/A]
2025/11/27 04:22:55.273, 5, NVIDIA H100 80GB HBM3, P0, 93 %, 12 %, 81559 MiB, 54129 MiB, 26951 MiB, 45, 49, 265.90 W, 700.00 W, 700.00 W, 1980 MHz, 2619 MHz, [N/A]
2025/11/27 04:22:55.274, 6, NVIDIA H100 80GB HBM3, P0, 41 %, 21 %, 81559 MiB, 53233 MiB, 27847 MiB, 44, 50, 267.52 W, 700.00 W, 700.00 W, 1980 MHz, 2619 MHz, [N/A]
2025/11/27 04:22:55.275, 7, NVIDIA H100 80GB HBM3, P0, 72 %, 24 %, 81559 MiB, 55551 MiB, 25529 MiB, 41, 47, 266.73 W, 700.00 W, 700.00 W, 1980 MHz, 2619 MHz, [N/A]
2025/11/27 04:23:00.277, 0, NVIDIA H100 80GB HBM3, P0, 0 %, 0 %, 81559 MiB, 81080 MiB, 0 MiB, 36, 45, 72.36 W, 700.00 W, 700.00 W, 420 MHz, 2619 MHz, [N/A]
2025/11/27 04:23:00.278, 1, NVIDIA H100 80GB HBM3, P0, 0 %, 0 %, 81559 MiB, 81080 MiB, 0 MiB, 40, 48, 91.99 W, 700.00 W, 700.00 W, 720 MHz, 2619 MHz, [N/A]
2025/11/27 04:23:00.279, 2, NVIDIA H100 80GB HBM3, P0, 0 %, 0 %, 81559 MiB, 81080 MiB, 0 MiB, 41, 48, 105.03 W, 700.00 W, 700.00 W, 795 MHz, 2619 MHz, [N/A]
2025/11/27 04:23:00.280, 3, NVIDIA H100 80GB HBM3, P0, 0 %, 0 %, 81559 MiB, 81080 MiB, 0 MiB, 35, 44, 74.73 W, 700.00 W, 700.00 W, 630 MHz, 2619 MHz, [N/A]
2025/11/27 04:23:00.281, 4, NVIDIA H100 80GB HBM3, P0, 0 %, 0 %, 81559 MiB, 81080 MiB, 0 MiB, 34, 41, 73.96 W, 700.00 W, 700.00 W, 660 MHz, 2619 MHz, [N/A]
2025/11/27 04:23:00.282, 5, NVIDIA H100 80GB HBM3, P0, 0 %, 0 %, 81559 MiB, 81080 MiB, 0 MiB, 40, 46, 75.23 W, 700.00 W, 700.00 W, 525 MHz, 2619 MHz, [N/A]
2025/11/27 04:23:00.282, 6, NVIDIA H100 80GB HBM3, P0, 0 %, 0 %, 81559 MiB, 81080 MiB, 0 MiB, 39, 47, 73.71 W, 700.00 W, 700.00 W, 585 MHz, 2619 MHz, [N/A]
2025/11/27 04:23:00.283, 7, NVIDIA H100 80GB HBM3, P0, 0 %, 0 %, 81559 MiB, 81080 MiB, 0 MiB, 36, 43, 73.83 W, 700.00 W, 700.00 W, 570 MHz, 2619 MHz, [N/A]
2025/11/27 04:23:05.284, 0, NVIDIA H100 80GB HBM3, P0, 0 %, 0 %, 81559 MiB, 81080 MiB, 0 MiB, 35, 44, 70.94 W, 700.00 W, 700.00 W, 345 MHz, 2619 MHz, [N/A]
2025/11/27 04:23:05.285, 1, NVIDIA H100 80GB HBM3, P0, 0 %, 0 %, 81559 MiB, 81080 MiB, 0 MiB, 39, 46, 73.50 W, 700.00 W, 700.00 W, 345 MHz, 2619 MHz, [N/A]
2025/11/27 04:23:05.287, 2, NVIDIA H100 80GB HBM3, P0, 0 %, 0 %, 81559 MiB, 81080 MiB, 0 MiB, 40, 47, 76.97 W, 700.00 W, 700.00 W, 345 MHz, 2619 MHz, [N/A]
2025/11/27 04:23:05.288, 3, NVIDIA H100 80GB HBM3, P0, 0 %, 0 %, 81559 MiB, 81080 MiB, 0 MiB, 34, 43, 71.77 W, 700.00 W, 700.00 W, 345 MHz, 2619 MHz, [N/A]
2025/11/27 04:23:05.289, 4, NVIDIA H100 80GB HBM3, P0, 0 %, 0 %, 81559 MiB, 81080 MiB, 0 MiB, 33, 41, 70.31 W, 700.00 W, 700.00 W, 345 MHz, 2619 MHz, [N/A]
2025/11/27 04:23:05.290, 5, NVIDIA H100 80GB HBM3, P0, 0 %, 0 %, 81559 MiB, 81080 MiB, 0 MiB, 39, 45, 72.85 W, 700.00 W, 700.00 W, 345 MHz, 2619 MHz, [N/A]
2025/11/27 04:23:05.291, 6, NVIDIA H100 80GB HBM3, P0, 0 %, 0 %, 81559 MiB, 81080 MiB, 0 MiB, 38, 46, 70.98 W, 700.00 W, 700.00 W, 345 MHz, 2619 MHz, [N/A]
2025/11/27 04:23:05.292, 7, NVIDIA H100 80GB HBM3, P0, 0 %, 0 %, 81559 MiB, 81080 MiB, 0 MiB, 35, 43, 71.06 W, 700.00 W, 700.00 W, 345 MHz, 2619 MHz, [N/A]
2025/11/27 04:23:10.294, 0, NVIDIA H100 80GB HBM3, P0, 0 %, 0 %, 81559 MiB, 81080 MiB, 0 MiB, 34, 43, 70.74 W, 700.00 W, 700.00 W, 345 MHz, 2619 MHz, [N/A]
2025/11/27 04:23:10.295, 1, NVIDIA H100 80GB HBM3, P0, 0 %, 0 %, 81559 MiB, 81080 MiB, 0 MiB, 39, 46, 73.12 W, 700.00 W, 700.00 W, 345 MHz, 2619 MHz, [N/A]
2025/11/27 04:23:10.296, 2, NVIDIA H100 80GB HBM3, P0, 0 %, 0 %, 81559 MiB, 81080 MiB, 0 MiB, 39, 46, 76.53 W, 700.00 W, 700.00 W, 345 MHz, 2619 MHz, [N/A]
2025/11/27 04:23:10.297, 3, NVIDIA H100 80GB HBM3, P0, 0 %, 0 %, 81559 MiB, 81080 MiB, 0 MiB, 33, 43, 71.61 W, 700.00 W, 700.00 W, 345 MHz, 2619 MHz, [N/A]
2025/11/27 04:23:10.298, 4, NVIDIA H100 80GB HBM3, P0, 0 %, 0 %, 81559 MiB, 81080 MiB, 0 MiB, 32, 40, 70.19 W, 700.00 W, 700.00 W, 345 MHz, 2619 MHz, [N/A]
2025/11/27 04:23:10.299, 5, NVIDIA H100 80GB HBM3, P0, 0 %, 0 %, 81559 MiB, 81080 MiB, 0 MiB, 38, 44, 72.61 W, 700.00 W, 700.00 W, 345 MHz, 2619 MHz, [N/A]
2025/11/27 04:23:10.300, 6, NVIDIA H100 80GB HBM3, P0, 0 %, 0 %, 81559 MiB, 81080 MiB, 0 MiB, 37, 45, 70.71 W, 700.00 W, 700.00 W, 345 MHz, 2619 MHz, [N/A]
2025/11/27 04:23:10.301, 7, NVIDIA H100 80GB HBM3, P0, 0 %, 0 %, 81559 MiB, 81080 MiB, 0 MiB, 34, 43, 70.69 W, 700.00 W, 700.00 W, 345 MHz, 2619 MHz, [N/A]
2025/11/27 04:23:15.302, 0, NVIDIA H100 80GB HBM3, P0, 0 %, 0 %, 81559 MiB, 81080 MiB, 0 MiB, 33, 43, 70.55 W, 700.00 W, 700.00 W, 345 MHz, 2619 MHz, [N/A]
2025/11/27 04:23:15.304, 1, NVIDIA H100 80GB HBM3, P0, 0 %, 0 %, 81559 MiB, 81080 MiB, 0 MiB, 38, 46, 72.86 W, 700.00 W, 700.00 W, 345 MHz, 2619 MHz, [N/A]
2025/11/27 04:23:15.305, 2, NVIDIA H100 80GB HBM3, P0, 0 %, 0 %, 81559 MiB, 81080 MiB, 0 MiB, 38, 46, 76.15 W, 700.00 W, 700.00 W, 345 MHz, 2619 MHz, [N/A]
2025/11/27 04:23:15.306, 3, NVIDIA H100 80GB HBM3, P0, 0 %, 0 %, 81559 MiB, 81080 MiB, 0 MiB, 33, 42, 71.45 W, 700.00 W, 700.00 W, 345 MHz, 2619 MHz, [N/A]
2025/11/27 04:23:15.306, 4, NVIDIA H100 80GB HBM3, P0, 0 %, 0 %, 81559 MiB, 81080 MiB, 0 MiB, 32, 39, 70.03 W, 700.00 W, 700.00 W, 345 MHz, 2619 MHz, [N/A]
2025/11/27 04:23:15.307, 5, NVIDIA H100 80GB HBM3, P0, 0 %, 0 %, 81559 MiB, 81080 MiB, 0 MiB, 37, 43, 72.37 W, 700.00 W, 700.00 W, 345 MHz, 2619 MHz, [N/A]
2025/11/27 04:23:15.308, 6, NVIDIA H100 80GB HBM3, P0, 0 %, 0 %, 81559 MiB, 81080 MiB, 0 MiB, 36, 43, 70.52 W, 700.00 W, 700.00 W, 345 MHz, 2619 MHz, [N/A]
2025/11/27 04:23:15.309, 7, NVIDIA H100 80GB HBM3, P0, 0 %, 0 %, 81559 MiB, 81080 MiB, 0 MiB, 34, 41, 70.76 W, 700.00 W, 700.00 W, 345 MHz, 2619 MHz, [N/A]
