timestamp, index, name, pstate, utilization.gpu [%], utilization.memory [%], memory.total [MiB], memory.free [MiB], memory.used [MiB], temperature.gpu, temperature.memory, power.draw [W], power.limit [W], power.max_limit [W], clocks.current.graphics [MHz], clocks.current.memory [MHz], fan.speed [%]
2025/11/27 05:05:52.262, 0, NVIDIA H100 80GB HBM3, P0, 0 %, 0 %, 81559 MiB, 81080 MiB, 0 MiB, 30, 39, 69.73 W, 700.00 W, 700.00 W, 345 MHz, 2619 MHz, [N/A]
2025/11/27 05:05:52.269, 1, NVIDIA H100 80GB HBM3, P0, 0 %, 0 %, 81559 MiB, 81080 MiB, 0 MiB, 33, 41, 71.83 W, 700.00 W, 700.00 W, 345 MHz, 2619 MHz, [N/A]
2025/11/27 05:05:52.276, 2, NVIDIA H100 80GB HBM3, P0, 0 %, 0 %, 81559 MiB, 81080 MiB, 0 MiB, 33, 40, 74.26 W, 700.00 W, 700.00 W, 345 MHz, 2619 MHz, [N/A]
2025/11/27 05:05:52.283, 3, NVIDIA H100 80GB HBM3, P0, 0 %, 0 %, 81559 MiB, 81080 MiB, 0 MiB, 29, 39, 70.69 W, 700.00 W, 700.00 W, 345 MHz, 2619 MHz, [N/A]
2025/11/27 05:05:52.289, 4, NVIDIA H100 80GB HBM3, P0, 0 %, 0 %, 81559 MiB, 81080 MiB, 0 MiB, 29, 35, 69.35 W, 700.00 W, 700.00 W, 345 MHz, 2619 MHz, [N/A]
2025/11/27 05:05:52.296, 5, NVIDIA H100 80GB HBM3, P0, 0 %, 0 %, 81559 MiB, 81080 MiB, 0 MiB, 32, 39, 71.16 W, 700.00 W, 700.00 W, 345 MHz, 2619 MHz, [N/A]
2025/11/27 05:05:52.303, 6, NVIDIA H100 80GB HBM3, P0, 0 %, 0 %, 81559 MiB, 81080 MiB, 0 MiB, 32, 39, 69.12 W, 700.00 W, 700.00 W, 345 MHz, 2619 MHz, [N/A]
2025/11/27 05:05:52.309, 7, NVIDIA H100 80GB HBM3, P0, 0 %, 0 %, 81559 MiB, 81080 MiB, 0 MiB, 30, 38, 69.96 W, 700.00 W, 700.00 W, 345 MHz, 2619 MHz, [N/A]
2025/11/27 05:05:57.317, 0, NVIDIA H100 80GB HBM3, P0, 0 %, 0 %, 81559 MiB, 81076 MiB, 4 MiB, 29, 39, 69.72 W, 700.00 W, 700.00 W, 345 MHz, 2619 MHz, [N/A]
2025/11/27 05:05:57.333, 1, NVIDIA H100 80GB HBM3, P0, 0 %, 0 %, 81559 MiB, 81076 MiB, 4 MiB, 33, 41, 71.88 W, 700.00 W, 700.00 W, 345 MHz, 2619 MHz, [N/A]
2025/11/27 05:05:57.339, 2, NVIDIA H100 80GB HBM3, P0, 0 %, 0 %, 81559 MiB, 81076 MiB, 4 MiB, 32, 40, 77.67 W, 700.00 W, 700.00 W, 795 MHz, 2619 MHz, [N/A]
2025/11/27 05:05:57.362, 3, NVIDIA H100 80GB HBM3, P0, 0 %, 0 %, 81559 MiB, 81076 MiB, 4 MiB, 29, 38, 70.67 W, 700.00 W, 700.00 W, 345 MHz, 2619 MHz, [N/A]
2025/11/27 05:05:57.372, 4, NVIDIA H100 80GB HBM3, P0, 0 %, 0 %, 81559 MiB, 81076 MiB, 4 MiB, 28, 36, 69.54 W, 700.00 W, 700.00 W, 345 MHz, 2619 MHz, [N/A]
2025/11/27 05:05:57.397, 5, NVIDIA H100 80GB HBM3, P0, 0 %, 0 %, 81559 MiB, 81076 MiB, 4 MiB, 32, 39, 74.05 W, 700.00 W, 700.00 W, 810 MHz, 2619 MHz, [N/A]
2025/11/27 05:05:57.402, 6, NVIDIA H100 80GB HBM3, P0, 0 %, 0 %, 81559 MiB, 81076 MiB, 4 MiB, 31, 39, 69.48 W, 700.00 W, 700.00 W, 345 MHz, 2619 MHz, [N/A]
2025/11/27 05:05:57.402, 7, NVIDIA H100 80GB HBM3, P0, 0 %, 0 %, 81559 MiB, 81076 MiB, 4 MiB, 30, 37, 70.07 W, 700.00 W, 700.00 W, 345 MHz, 2619 MHz, [N/A]
2025/11/27 05:06:02.404, 0, NVIDIA H100 80GB HBM3, P0, 0 %, 0 %, 81559 MiB, 81076 MiB, 4 MiB, 29, 39, 69.67 W, 700.00 W, 700.00 W, 345 MHz, 2619 MHz, [N/A]
2025/11/27 05:06:02.405, 1, NVIDIA H100 80GB HBM3, P0, 0 %, 0 %, 81559 MiB, 81076 MiB, 4 MiB, 32, 40, 71.85 W, 700.00 W, 700.00 W, 345 MHz, 2619 MHz, [N/A]
2025/11/27 05:06:02.406, 2, NVIDIA H100 80GB HBM3, P0, 0 %, 0 %, 81559 MiB, 81076 MiB, 4 MiB, 32, 40, 74.11 W, 700.00 W, 700.00 W, 345 MHz, 2619 MHz, [N/A]
2025/11/27 05:06:02.407, 3, NVIDIA H100 80GB HBM3, P0, 0 %, 0 %, 81559 MiB, 81076 MiB, 4 MiB, 29, 38, 70.62 W, 700.00 W, 700.00 W, 345 MHz, 2619 MHz, [N/A]
2025/11/27 05:06:02.408, 4, NVIDIA H100 80GB HBM3, P0, 0 %, 0 %, 81559 MiB, 81076 MiB, 4 MiB, 28, 35, 69.48 W, 700.00 W, 700.00 W, 345 MHz, 2619 MHz, [N/A]
2025/11/27 05:06:02.409, 5, NVIDIA H100 80GB HBM3, P0, 0 %, 0 %, 81559 MiB, 81076 MiB, 4 MiB, 32, 39, 71.08 W, 700.00 W, 700.00 W, 345 MHz, 2619 MHz, [N/A]
2025/11/27 05:06:02.409, 6, NVIDIA H100 80GB HBM3, P0, 0 %, 0 %, 81559 MiB, 81076 MiB, 4 MiB, 31, 39, 69.40 W, 700.00 W, 700.00 W, 345 MHz, 2619 MHz, [N/A]
2025/11/27 05:06:02.410, 7, NVIDIA H100 80GB HBM3, P0, 0 %, 0 %, 81559 MiB, 81076 MiB, 4 MiB, 30, 37, 70.10 W, 700.00 W, 700.00 W, 345 MHz, 2619 MHz, [N/A]
2025/11/27 05:06:07.412, 0, NVIDIA H100 80GB HBM3, P0, 0 %, 0 %, 81559 MiB, 80351 MiB, 729 MiB, 30, 39, 114.39 W, 700.00 W, 700.00 W, 1980 MHz, 2619 MHz, [N/A]
2025/11/27 05:06:07.422, 1, NVIDIA H100 80GB HBM3, P0, 0 %, 0 %, 81559 MiB, 80351 MiB, 729 MiB, 33, 40, 119.76 W, 700.00 W, 700.00 W, 1980 MHz, 2619 MHz, [N/A]
2025/11/27 05:06:07.427, 2, NVIDIA H100 80GB HBM3, P0, 0 %, 0 %, 81559 MiB, 80353 MiB, 727 MiB, 33, 40, 120.25 W, 700.00 W, 700.00 W, 1980 MHz, 2619 MHz, [N/A]
2025/11/27 05:06:07.431, 3, NVIDIA H100 80GB HBM3, P0, 0 %, 0 %, 81559 MiB, 80351 MiB, 729 MiB, 30, 38, 117.98 W, 700.00 W, 700.00 W, 1980 MHz, 2619 MHz, [N/A]
2025/11/27 05:06:07.436, 4, NVIDIA H100 80GB HBM3, P0, 0 %, 0 %, 81559 MiB, 80351 MiB, 729 MiB, 29, 35, 112.77 W, 700.00 W, 700.00 W, 1980 MHz, 2619 MHz, [N/A]
2025/11/27 05:06:07.440, 5, NVIDIA H100 80GB HBM3, P0, 0 %, 0 %, 81559 MiB, 80351 MiB, 729 MiB, 33, 38, 118.92 W, 700.00 W, 700.00 W, 1980 MHz, 2619 MHz, [N/A]
2025/11/27 05:06:07.445, 6, NVIDIA H100 80GB HBM3, P0, 0 %, 0 %, 81559 MiB, 80351 MiB, 729 MiB, 32, 39, 114.10 W, 700.00 W, 700.00 W, 1980 MHz, 2619 MHz, [N/A]
2025/11/27 05:06:07.449, 7, NVIDIA H100 80GB HBM3, P0, 0 %, 0 %, 81559 MiB, 80351 MiB, 729 MiB, 31, 37, 114.92 W, 700.00 W, 700.00 W, 1980 MHz, 2619 MHz, [N/A]
2025/11/27 05:06:12.455, 0, NVIDIA H100 80GB HBM3, P0, 0 %, 0 %, 81559 MiB, 80035 MiB, 1045 MiB, 31, 39, 114.57 W, 700.00 W, 700.00 W, 1980 MHz, 2619 MHz, [N/A]
2025/11/27 05:06:12.456, 1, NVIDIA H100 80GB HBM3, P0, 0 %, 0 %, 81559 MiB, 80035 MiB, 1045 MiB, 34, 40, 119.46 W, 700.00 W, 700.00 W, 1980 MHz, 2619 MHz, [N/A]
2025/11/27 05:06:12.456, 2, NVIDIA H100 80GB HBM3, P0, 0 %, 0 %, 81559 MiB, 80035 MiB, 1045 MiB, 33, 40, 119.85 W, 700.00 W, 700.00 W, 1980 MHz, 2619 MHz, [N/A]
2025/11/27 05:06:12.457, 3, NVIDIA H100 80GB HBM3, P0, 0 %, 0 %, 81559 MiB, 80035 MiB, 1045 MiB, 30, 39, 117.91 W, 700.00 W, 700.00 W, 1980 MHz, 2619 MHz, [N/A]
2025/11/27 05:06:12.458, 4, NVIDIA H100 80GB HBM3, P0, 0 %, 0 %, 81559 MiB, 80035 MiB, 1045 MiB, 30, 36, 112.79 W, 700.00 W, 700.00 W, 1980 MHz, 2619 MHz, [N/A]
2025/11/27 05:06:12.458, 5, NVIDIA H100 80GB HBM3, P0, 0 %, 0 %, 81559 MiB, 80035 MiB, 1045 MiB, 33, 38, 118.93 W, 700.00 W, 700.00 W, 1980 MHz, 2619 MHz, [N/A]
2025/11/27 05:06:12.459, 6, NVIDIA H100 80GB HBM3, P0, 0 %, 0 %, 81559 MiB, 80035 MiB, 1045 MiB, 32, 39, 114.12 W, 700.00 W, 700.00 W, 1980 MHz, 2619 MHz, [N/A]
2025/11/27 05:06:12.459, 7, NVIDIA H100 80GB HBM3, P0, 0 %, 0 %, 81559 MiB, 80035 MiB, 1045 MiB, 31, 37, 114.82 W, 700.00 W, 700.00 W, 1980 MHz, 2619 MHz, [N/A]
2025/11/27 05:06:17.460, 0, NVIDIA H100 80GB HBM3, P0, 0 %, 0 %, 81559 MiB, 80035 MiB, 1045 MiB, 31, 39, 114.59 W, 700.00 W, 700.00 W, 1980 MHz, 2619 MHz, [N/A]
2025/11/27 05:06:17.461, 1, NVIDIA H100 80GB HBM3, P0, 0 %, 0 %, 81559 MiB, 80035 MiB, 1045 MiB, 34, 41, 119.46 W, 700.00 W, 700.00 W, 1980 MHz, 2619 MHz, [N/A]
2025/11/27 05:06:17.462, 2, NVIDIA H100 80GB HBM3, P0, 0 %, 0 %, 81559 MiB, 80035 MiB, 1045 MiB, 33, 40, 119.89 W, 700.00 W, 700.00 W, 1980 MHz, 2619 MHz, [N/A]
2025/11/27 05:06:17.462, 3, NVIDIA H100 80GB HBM3, P0, 0 %, 0 %, 81559 MiB, 80035 MiB, 1045 MiB, 31, 38, 117.92 W, 700.00 W, 700.00 W, 1980 MHz, 2619 MHz, [N/A]
2025/11/27 05:06:17.463, 4, NVIDIA H100 80GB HBM3, P0, 0 %, 0 %, 81559 MiB, 80035 MiB, 1045 MiB, 30, 35, 112.85 W, 700.00 W, 700.00 W, 1980 MHz, 2619 MHz, [N/A]
2025/11/27 05:06:17.463, 5, NVIDIA H100 80GB HBM3, P0, 0 %, 0 %, 81559 MiB, 80035 MiB, 1045 MiB, 33, 38, 118.94 W, 700.00 W, 700.00 W, 1980 MHz, 2619 MHz, [N/A]
2025/11/27 05:06:17.464, 6, NVIDIA H100 80GB HBM3, P0, 0 %, 0 %, 81559 MiB, 80035 MiB, 1045 MiB, 32, 39, 114.09 W, 700.00 W, 700.00 W, 1980 MHz, 2619 MHz, [N/A]
2025/11/27 05:06:17.464, 7, NVIDIA H100 80GB HBM3, P0, 0 %, 0 %, 81559 MiB, 80035 MiB, 1045 MiB, 31, 37, 114.79 W, 700.00 W, 700.00 W, 1980 MHz, 2619 MHz, [N/A]
2025/11/27 05:06:22.465, 0, NVIDIA H100 80GB HBM3, P0, 0 %, 0 %, 81559 MiB, 80035 MiB, 1045 MiB, 31, 39, 114.61 W, 700.00 W, 700.00 W, 1980 MHz, 2619 MHz, [N/A]
2025/11/27 05:06:22.468, 1, NVIDIA H100 80GB HBM3, P0, 0 %, 0 %, 81559 MiB, 80035 MiB, 1045 MiB, 34, 40, 119.43 W, 700.00 W, 700.00 W, 1980 MHz, 2619 MHz, [N/A]
2025/11/27 05:06:22.470, 2, NVIDIA H100 80GB HBM3, P0, 0 %, 0 %, 81559 MiB, 80035 MiB, 1045 MiB, 33, 40, 119.92 W, 700.00 W, 700.00 W, 1980 MHz, 2619 MHz, [N/A]
2025/11/27 05:06:22.471, 3, NVIDIA H100 80GB HBM3, P0, 0 %, 0 %, 81559 MiB, 80035 MiB, 1045 MiB, 31, 38, 117.95 W, 700.00 W, 700.00 W, 1980 MHz, 2619 MHz, [N/A]
2025/11/27 05:06:22.473, 4, NVIDIA H100 80GB HBM3, P0, 0 %, 0 %, 81559 MiB, 80035 MiB, 1045 MiB, 30, 35, 112.81 W, 700.00 W, 700.00 W, 1980 MHz, 2619 MHz, [N/A]
2025/11/27 05:06:22.473, 5, NVIDIA H100 80GB HBM3, P0, 0 %, 0 %, 81559 MiB, 80035 MiB, 1045 MiB, 33, 38, 118.90 W, 700.00 W, 700.00 W, 1980 MHz, 2619 MHz, [N/A]
2025/11/27 05:06:22.474, 6, NVIDIA H100 80GB HBM3, P0, 0 %, 0 %, 81559 MiB, 80035 MiB, 1045 MiB, 32, 39, 114.12 W, 700.00 W, 700.00 W, 1980 MHz, 2619 MHz, [N/A]
2025/11/27 05:06:22.474, 7, NVIDIA H100 80GB HBM3, P0, 0 %, 0 %, 81559 MiB, 80035 MiB, 1045 MiB, 31, 38, 114.79 W, 700.00 W, 700.00 W, 1980 MHz, 2619 MHz, [N/A]
2025/11/27 05:06:27.475, 0, NVIDIA H100 80GB HBM3, P0, 0 %, 0 %, 81559 MiB, 80035 MiB, 1045 MiB, 31, 39, 114.65 W, 700.00 W, 700.00 W, 1980 MHz, 2619 MHz, [N/A]
2025/11/27 05:06:27.476, 1, NVIDIA H100 80GB HBM3, P0, 0 %, 0 %, 81559 MiB, 80035 MiB, 1045 MiB, 34, 41, 119.43 W, 700.00 W, 700.00 W, 1980 MHz, 2619 MHz, [N/A]
2025/11/27 05:06:27.477, 2, NVIDIA H100 80GB HBM3, P0, 0 %, 0 %, 81559 MiB, 80035 MiB, 1045 MiB, 33, 40, 119.93 W, 700.00 W, 700.00 W, 1980 MHz, 2619 MHz, [N/A]
2025/11/27 05:06:27.477, 3, NVIDIA H100 80GB HBM3, P0, 0 %, 0 %, 81559 MiB, 80035 MiB, 1045 MiB, 31, 39, 117.98 W, 700.00 W, 700.00 W, 1980 MHz, 2619 MHz, [N/A]
2025/11/27 05:06:27.478, 4, NVIDIA H100 80GB HBM3, P0, 0 %, 0 %, 81559 MiB, 80035 MiB, 1045 MiB, 30, 35, 112.84 W, 700.00 W, 700.00 W, 1980 MHz, 2619 MHz, [N/A]
2025/11/27 05:06:27.479, 5, NVIDIA H100 80GB HBM3, P0, 0 %, 0 %, 81559 MiB, 80035 MiB, 1045 MiB, 33, 38, 118.97 W, 700.00 W, 700.00 W, 1980 MHz, 2619 MHz, [N/A]
2025/11/27 05:06:27.479, 6, NVIDIA H100 80GB HBM3, P0, 0 %, 0 %, 81559 MiB, 80035 MiB, 1045 MiB, 32, 39, 114.11 W, 700.00 W, 700.00 W, 1980 MHz, 2619 MHz, [N/A]
2025/11/27 05:06:27.479, 7, NVIDIA H100 80GB HBM3, P0, 0 %, 0 %, 81559 MiB, 80035 MiB, 1045 MiB, 31, 38, 114.81 W, 700.00 W, 700.00 W, 1980 MHz, 2619 MHz, [N/A]
2025/11/27 05:06:32.480, 0, NVIDIA H100 80GB HBM3, P0, 0 %, 0 %, 81559 MiB, 80035 MiB, 1045 MiB, 31, 39, 114.72 W, 700.00 W, 700.00 W, 1980 MHz, 2619 MHz, [N/A]
2025/11/27 05:06:32.481, 1, NVIDIA H100 80GB HBM3, P0, 0 %, 0 %, 81559 MiB, 80035 MiB, 1045 MiB, 34, 41, 119.47 W, 700.00 W, 700.00 W, 1980 MHz, 2619 MHz, [N/A]
2025/11/27 05:06:32.482, 2, NVIDIA H100 80GB HBM3, P0, 0 %, 0 %, 81559 MiB, 80035 MiB, 1045 MiB, 33, 40, 119.93 W, 700.00 W, 700.00 W, 1980 MHz, 2619 MHz, [N/A]
2025/11/27 05:06:32.483, 3, NVIDIA H100 80GB HBM3, P0, 0 %, 0 %, 81559 MiB, 80035 MiB, 1045 MiB, 31, 39, 117.97 W, 700.00 W, 700.00 W, 1980 MHz, 2619 MHz, [N/A]
2025/11/27 05:06:32.483, 4, NVIDIA H100 80GB HBM3, P0, 0 %, 0 %, 81559 MiB, 80035 MiB, 1045 MiB, 30, 35, 112.84 W, 700.00 W, 700.00 W, 1980 MHz, 2619 MHz, [N/A]
2025/11/27 05:06:32.484, 5, NVIDIA H100 80GB HBM3, P0, 0 %, 0 %, 81559 MiB, 80035 MiB, 1045 MiB, 33, 38, 119.05 W, 700.00 W, 700.00 W, 1980 MHz, 2619 MHz, [N/A]
2025/11/27 05:06:32.484, 6, NVIDIA H100 80GB HBM3, P0, 0 %, 0 %, 81559 MiB, 80035 MiB, 1045 MiB, 33, 39, 114.15 W, 700.00 W, 700.00 W, 1980 MHz, 2619 MHz, [N/A]
2025/11/27 05:06:32.485, 7, NVIDIA H100 80GB HBM3, P0, 0 %, 0 %, 81559 MiB, 80035 MiB, 1045 MiB, 31, 38, 114.80 W, 700.00 W, 700.00 W, 1980 MHz, 2619 MHz, [N/A]
2025/11/27 05:06:37.486, 0, NVIDIA H100 80GB HBM3, P0, 0 %, 0 %, 81559 MiB, 80035 MiB, 1045 MiB, 31, 39, 114.71 W, 700.00 W, 700.00 W, 1980 MHz, 2619 MHz, [N/A]
2025/11/27 05:06:37.487, 1, NVIDIA H100 80GB HBM3, P0, 0 %, 0 %, 81559 MiB, 80035 MiB, 1045 MiB, 34, 41, 119.47 W, 700.00 W, 700.00 W, 1980 MHz, 2619 MHz, [N/A]
2025/11/27 05:06:37.488, 2, NVIDIA H100 80GB HBM3, P0, 0 %, 0 %, 81559 MiB, 80035 MiB, 1045 MiB, 33, 40, 119.97 W, 700.00 W, 700.00 W, 1980 MHz, 2619 MHz, [N/A]
2025/11/27 05:06:37.488, 3, NVIDIA H100 80GB HBM3, P0, 0 %, 0 %, 81559 MiB, 80035 MiB, 1045 MiB, 31, 39, 117.99 W, 700.00 W, 700.00 W, 1980 MHz, 2619 MHz, [N/A]
2025/11/27 05:06:37.489, 4, NVIDIA H100 80GB HBM3, P0, 0 %, 0 %, 81559 MiB, 80035 MiB, 1045 MiB, 30, 35, 112.86 W, 700.00 W, 700.00 W, 1980 MHz, 2619 MHz, [N/A]
2025/11/27 05:06:37.490, 5, NVIDIA H100 80GB HBM3, P0, 0 %, 0 %, 81559 MiB, 80035 MiB, 1045 MiB, 33, 38, 118.98 W, 700.00 W, 700.00 W, 1980 MHz, 2619 MHz, [N/A]
2025/11/27 05:06:37.490, 6, NVIDIA H100 80GB HBM3, P0, 0 %, 0 %, 81559 MiB, 80035 MiB, 1045 MiB, 33, 39, 114.18 W, 700.00 W, 700.00 W, 1980 MHz, 2619 MHz, [N/A]
2025/11/27 05:06:37.491, 7, NVIDIA H100 80GB HBM3, P0, 0 %, 0 %, 81559 MiB, 80035 MiB, 1045 MiB, 31, 38, 114.84 W, 700.00 W, 700.00 W, 1980 MHz, 2619 MHz, [N/A]
2025/11/27 05:06:42.492, 0, NVIDIA H100 80GB HBM3, P0, 0 %, 0 %, 81559 MiB, 80035 MiB, 1045 MiB, 31, 39, 114.73 W, 700.00 W, 700.00 W, 1980 MHz, 2619 MHz, [N/A]
2025/11/27 05:06:42.493, 1, NVIDIA H100 80GB HBM3, P0, 0 %, 0 %, 81559 MiB, 79745 MiB, 1335 MiB, 34, 40, 119.45 W, 700.00 W, 700.00 W, 1980 MHz, 2619 MHz, [N/A]
2025/11/27 05:06:42.494, 2, NVIDIA H100 80GB HBM3, P0, 0 %, 0 %, 81559 MiB, 79745 MiB, 1335 MiB, 33, 40, 120.02 W, 700.00 W, 700.00 W, 1980 MHz, 2619 MHz, [N/A]
2025/11/27 05:06:42.494, 3, NVIDIA H100 80GB HBM3, P0, 0 %, 0 %, 81559 MiB, 80035 MiB, 1045 MiB, 31, 39, 118.01 W, 700.00 W, 700.00 W, 1980 MHz, 2619 MHz, [N/A]
2025/11/27 05:06:42.495, 4, NVIDIA H100 80GB HBM3, P0, 0 %, 0 %, 81559 MiB, 80035 MiB, 1045 MiB, 30, 35, 112.86 W, 700.00 W, 700.00 W, 1980 MHz, 2619 MHz, [N/A]
2025/11/27 05:06:42.495, 5, NVIDIA H100 80GB HBM3, P0, 0 %, 0 %, 81559 MiB, 80035 MiB, 1045 MiB, 33, 38, 119.06 W, 700.00 W, 700.00 W, 1980 MHz, 2619 MHz, [N/A]
2025/11/27 05:06:42.495, 6, NVIDIA H100 80GB HBM3, P0, 0 %, 0 %, 81559 MiB, 79745 MiB, 1335 MiB, 33, 39, 114.20 W, 700.00 W, 700.00 W, 1980 MHz, 2619 MHz, [N/A]
2025/11/27 05:06:42.496, 7, NVIDIA H100 80GB HBM3, P0, 0 %, 0 %, 81559 MiB, 80035 MiB, 1045 MiB, 31, 37, 114.85 W, 700.00 W, 700.00 W, 1980 MHz, 2619 MHz, [N/A]
2025/11/27 05:06:47.497, 0, NVIDIA H100 80GB HBM3, P0, 0 %, 0 %, 81559 MiB, 79745 MiB, 1335 MiB, 31, 39, 114.69 W, 700.00 W, 700.00 W, 1980 MHz, 2619 MHz, [N/A]
2025/11/27 05:06:47.498, 1, NVIDIA H100 80GB HBM3, P0, 0 %, 0 %, 81559 MiB, 79745 MiB, 1335 MiB, 34, 40, 119.52 W, 700.00 W, 700.00 W, 1980 MHz, 2619 MHz, [N/A]
2025/11/27 05:06:47.498, 2, NVIDIA H100 80GB HBM3, P0, 0 %, 0 %, 81559 MiB, 79745 MiB, 1335 MiB, 34, 40, 120.04 W, 700.00 W, 700.00 W, 1980 MHz, 2619 MHz, [N/A]
2025/11/27 05:06:47.499, 3, NVIDIA H100 80GB HBM3, P0, 0 %, 0 %, 81559 MiB, 80035 MiB, 1045 MiB, 31, 39, 118.04 W, 700.00 W, 700.00 W, 1980 MHz, 2619 MHz, [N/A]
2025/11/27 05:06:47.500, 4, NVIDIA H100 80GB HBM3, P0, 0 %, 0 %, 81559 MiB, 80035 MiB, 1045 MiB, 30, 35, 112.90 W, 700.00 W, 700.00 W, 1980 MHz, 2619 MHz, [N/A]
2025/11/27 05:06:47.500, 5, NVIDIA H100 80GB HBM3, P0, 0 %, 0 %, 81559 MiB, 79745 MiB, 1335 MiB, 33, 39, 118.39 W, 700.00 W, 700.00 W, 1980 MHz, 2619 MHz, [N/A]
2025/11/27 05:06:47.501, 6, NVIDIA H100 80GB HBM3, P0, 0 %, 0 %, 81559 MiB, 79745 MiB, 1335 MiB, 33, 39, 114.21 W, 700.00 W, 700.00 W, 1980 MHz, 2619 MHz, [N/A]
2025/11/27 05:06:47.502, 7, NVIDIA H100 80GB HBM3, P0, 0 %, 0 %, 81559 MiB, 79745 MiB, 1335 MiB, 31, 38, 114.94 W, 700.00 W, 700.00 W, 1980 MHz, 2619 MHz, [N/A]
2025/11/27 05:06:52.503, 0, NVIDIA H100 80GB HBM3, P0, 0 %, 0 %, 81559 MiB, 79559 MiB, 1521 MiB, 31, 39, 114.72 W, 700.00 W, 700.00 W, 1980 MHz, 2619 MHz, [N/A]
2025/11/27 05:06:52.504, 1, NVIDIA H100 80GB HBM3, P0, 0 %, 0 %, 81559 MiB, 79559 MiB, 1521 MiB, 34, 40, 119.47 W, 700.00 W, 700.00 W, 1980 MHz, 2619 MHz, [N/A]
2025/11/27 05:06:52.504, 2, NVIDIA H100 80GB HBM3, P0, 0 %, 0 %, 81559 MiB, 79559 MiB, 1521 MiB, 34, 40, 119.99 W, 700.00 W, 700.00 W, 1980 MHz, 2619 MHz, [N/A]
2025/11/27 05:06:52.505, 3, NVIDIA H100 80GB HBM3, P0, 0 %, 0 %, 81559 MiB, 79559 MiB, 1521 MiB, 31, 39, 118.01 W, 700.00 W, 700.00 W, 1980 MHz, 2619 MHz, [N/A]
2025/11/27 05:06:52.505, 4, NVIDIA H100 80GB HBM3, P0, 0 %, 0 %, 81559 MiB, 79559 MiB, 1521 MiB, 30, 36, 112.88 W, 700.00 W, 700.00 W, 1980 MHz, 2619 MHz, [N/A]
2025/11/27 05:06:52.506, 5, NVIDIA H100 80GB HBM3, P0, 0 %, 0 %, 81559 MiB, 79559 MiB, 1521 MiB, 33, 38, 118.40 W, 700.00 W, 700.00 W, 1980 MHz, 2619 MHz, [N/A]
2025/11/27 05:06:52.506, 6, NVIDIA H100 80GB HBM3, P0, 0 %, 0 %, 81559 MiB, 79559 MiB, 1521 MiB, 33, 39, 114.18 W, 700.00 W, 700.00 W, 1980 MHz, 2619 MHz, [N/A]
2025/11/27 05:06:52.507, 7, NVIDIA H100 80GB HBM3, P0, 0 %, 0 %, 81559 MiB, 79559 MiB, 1521 MiB, 31, 38, 114.95 W, 700.00 W, 700.00 W, 1980 MHz, 2619 MHz, [N/A]
2025/11/27 05:06:57.508, 0, NVIDIA H100 80GB HBM3, P0, 0 %, 0 %, 81559 MiB, 79559 MiB, 1521 MiB, 31, 39, 114.71 W, 700.00 W, 700.00 W, 1980 MHz, 2619 MHz, [N/A]
2025/11/27 05:06:57.509, 1, NVIDIA H100 80GB HBM3, P0, 0 %, 0 %, 81559 MiB, 79559 MiB, 1521 MiB, 34, 40, 119.53 W, 700.00 W, 700.00 W, 1980 MHz, 2619 MHz, [N/A]
2025/11/27 05:06:57.509, 2, NVIDIA H100 80GB HBM3, P0, 0 %, 0 %, 81559 MiB, 79559 MiB, 1521 MiB, 34, 40, 119.69 W, 700.00 W, 700.00 W, 1980 MHz, 2619 MHz, [N/A]
2025/11/27 05:06:57.510, 3, NVIDIA H100 80GB HBM3, P0, 0 %, 0 %, 81559 MiB, 79559 MiB, 1521 MiB, 31, 39, 118.04 W, 700.00 W, 700.00 W, 1980 MHz, 2619 MHz, [N/A]
2025/11/27 05:06:57.511, 4, NVIDIA H100 80GB HBM3, P0, 0 %, 0 %, 81559 MiB, 79559 MiB, 1521 MiB, 30, 35, 112.93 W, 700.00 W, 700.00 W, 1980 MHz, 2619 MHz, [N/A]
2025/11/27 05:06:57.511, 5, NVIDIA H100 80GB HBM3, P0, 0 %, 0 %, 81559 MiB, 79559 MiB, 1521 MiB, 33, 39, 118.44 W, 700.00 W, 700.00 W, 1980 MHz, 2619 MHz, [N/A]
2025/11/27 05:06:57.512, 6, NVIDIA H100 80GB HBM3, P0, 0 %, 0 %, 81559 MiB, 79559 MiB, 1521 MiB, 33, 39, 114.20 W, 700.00 W, 700.00 W, 1980 MHz, 2619 MHz, [N/A]
2025/11/27 05:06:57.513, 7, NVIDIA H100 80GB HBM3, P0, 0 %, 0 %, 81559 MiB, 79559 MiB, 1521 MiB, 31, 39, 114.91 W, 700.00 W, 700.00 W, 1980 MHz, 2619 MHz, [N/A]
2025/11/27 05:07:02.514, 0, NVIDIA H100 80GB HBM3, P0, 0 %, 0 %, 81559 MiB, 79559 MiB, 1521 MiB, 31, 39, 114.74 W, 700.00 W, 700.00 W, 1980 MHz, 2619 MHz, [N/A]
2025/11/27 05:07:02.514, 1, NVIDIA H100 80GB HBM3, P0, 0 %, 0 %, 81559 MiB, 79559 MiB, 1521 MiB, 34, 40, 119.51 W, 700.00 W, 700.00 W, 1980 MHz, 2619 MHz, [N/A]
2025/11/27 05:07:02.515, 2, NVIDIA H100 80GB HBM3, P0, 15 %, 0 %, 81559 MiB, 76149 MiB, 4931 MiB, 34, 40, 120.19 W, 700.00 W, 700.00 W, 1980 MHz, 2619 MHz, [N/A]
2025/11/27 05:07:02.516, 3, NVIDIA H100 80GB HBM3, P0, 0 %, 0 %, 81559 MiB, 79559 MiB, 1521 MiB, 31, 39, 118.05 W, 700.00 W, 700.00 W, 1980 MHz, 2619 MHz, [N/A]
2025/11/27 05:07:02.517, 4, NVIDIA H100 80GB HBM3, P0, 0 %, 0 %, 81559 MiB, 79559 MiB, 1521 MiB, 30, 35, 112.95 W, 700.00 W, 700.00 W, 1980 MHz, 2619 MHz, [N/A]
2025/11/27 05:07:02.517, 5, NVIDIA H100 80GB HBM3, P0, 0 %, 0 %, 81559 MiB, 79559 MiB, 1521 MiB, 33, 39, 118.42 W, 700.00 W, 700.00 W, 1980 MHz, 2619 MHz, [N/A]
2025/11/27 05:07:02.518, 6, NVIDIA H100 80GB HBM3, P0, 0 %, 0 %, 81559 MiB, 78557 MiB, 2523 MiB, 33, 39, 114.24 W, 700.00 W, 700.00 W, 1980 MHz, 2619 MHz, [N/A]
2025/11/27 05:07:02.518, 7, NVIDIA H100 80GB HBM3, P0, 0 %, 0 %, 81559 MiB, 79559 MiB, 1521 MiB, 31, 38, 114.94 W, 700.00 W, 700.00 W, 1980 MHz, 2619 MHz, [N/A]
2025/11/27 05:07:07.519, 0, NVIDIA H100 80GB HBM3, P0, 1 %, 0 %, 81559 MiB, 78557 MiB, 2523 MiB, 31, 39, 114.82 W, 700.00 W, 700.00 W, 1980 MHz, 2619 MHz, [N/A]
2025/11/27 05:07:07.524, 1, NVIDIA H100 80GB HBM3, P0, 15 %, 0 %, 81559 MiB, 70525 MiB, 10555 MiB, 34, 40, 120.68 W, 700.00 W, 700.00 W, 1980 MHz, 2619 MHz, [N/A]
2025/11/27 05:07:07.525, 2, NVIDIA H100 80GB HBM3, P0, 0 %, 0 %, 81559 MiB, 64115 MiB, 16965 MiB, 34, 40, 119.66 W, 700.00 W, 700.00 W, 1980 MHz, 2619 MHz, [N/A]
2025/11/27 05:07:07.526, 3, NVIDIA H100 80GB HBM3, P0, 0 %, 0 %, 81559 MiB, 64115 MiB, 16965 MiB, 31, 39, 118.07 W, 700.00 W, 700.00 W, 1980 MHz, 2619 MHz, [N/A]
2025/11/27 05:07:07.526, 4, NVIDIA H100 80GB HBM3, P0, 0 %, 0 %, 81559 MiB, 64115 MiB, 16965 MiB, 30, 36, 112.93 W, 700.00 W, 700.00 W, 1980 MHz, 2619 MHz, [N/A]
2025/11/27 05:07:07.527, 5, NVIDIA H100 80GB HBM3, P0, 6 %, 0 %, 81559 MiB, 76569 MiB, 4511 MiB, 33, 39, 118.88 W, 700.00 W, 700.00 W, 1980 MHz, 2619 MHz, [N/A]
2025/11/27 05:07:07.527, 6, NVIDIA H100 80GB HBM3, P0, 0 %, 0 %, 81559 MiB, 64115 MiB, 16965 MiB, 33, 39, 114.23 W, 700.00 W, 700.00 W, 1980 MHz, 2619 MHz, [N/A]
2025/11/27 05:07:07.528, 7, NVIDIA H100 80GB HBM3, P0, 6 %, 0 %, 81559 MiB, 78557 MiB, 2523 MiB, 31, 39, 115.01 W, 700.00 W, 700.00 W, 1980 MHz, 2619 MHz, [N/A]
2025/11/27 05:07:12.529, 0, NVIDIA H100 80GB HBM3, P0, 1 %, 0 %, 81559 MiB, 63581 MiB, 17499 MiB, 31, 39, 114.78 W, 700.00 W, 700.00 W, 1980 MHz, 2619 MHz, [N/A]
2025/11/27 05:07:12.533, 1, NVIDIA H100 80GB HBM3, P0, 1 %, 0 %, 81559 MiB, 63581 MiB, 17499 MiB, 34, 41, 119.58 W, 700.00 W, 700.00 W, 1980 MHz, 2619 MHz, [N/A]
2025/11/27 05:07:12.540, 2, NVIDIA H100 80GB HBM3, P0, 1 %, 0 %, 81559 MiB, 63581 MiB, 17499 MiB, 34, 40, 119.70 W, 700.00 W, 700.00 W, 1980 MHz, 2619 MHz, [N/A]
2025/11/27 05:07:12.545, 3, NVIDIA H100 80GB HBM3, P0, 1 %, 0 %, 81559 MiB, 63581 MiB, 17499 MiB, 31, 39, 118.05 W, 700.00 W, 700.00 W, 1980 MHz, 2619 MHz, [N/A]
2025/11/27 05:07:12.547, 4, NVIDIA H100 80GB HBM3, P0, 1 %, 0 %, 81559 MiB, 63581 MiB, 17499 MiB, 30, 35, 112.96 W, 700.00 W, 700.00 W, 1980 MHz, 2619 MHz, [N/A]
2025/11/27 05:07:12.552, 5, NVIDIA H100 80GB HBM3, P0, 0 %, 0 %, 81559 MiB, 63581 MiB, 17499 MiB, 33, 38, 118.47 W, 700.00 W, 700.00 W, 1980 MHz, 2619 MHz, [N/A]
2025/11/27 05:07:12.557, 6, NVIDIA H100 80GB HBM3, P0, 2 %, 0 %, 81559 MiB, 63581 MiB, 17499 MiB, 33, 39, 114.23 W, 700.00 W, 700.00 W, 1980 MHz, 2619 MHz, [N/A]
2025/11/27 05:07:12.558, 7, NVIDIA H100 80GB HBM3, P0, 1 %, 0 %, 81559 MiB, 63581 MiB, 17499 MiB, 31, 38, 115.13 W, 700.00 W, 700.00 W, 1980 MHz, 2619 MHz, [N/A]
2025/11/27 05:07:17.565, 0, NVIDIA H100 80GB HBM3, P0, 7 %, 0 %, 81559 MiB, 63577 MiB, 17503 MiB, 31, 39, 115.15 W, 700.00 W, 700.00 W, 1980 MHz, 2619 MHz, [N/A]
2025/11/27 05:07:17.566, 1, NVIDIA H100 80GB HBM3, P0, 7 %, 0 %, 81559 MiB, 63577 MiB, 17503 MiB, 34, 41, 120.08 W, 700.00 W, 700.00 W, 1980 MHz, 2619 MHz, [N/A]
2025/11/27 05:07:17.566, 2, NVIDIA H100 80GB HBM3, P0, 7 %, 0 %, 81559 MiB, 63577 MiB, 17503 MiB, 34, 40, 120.16 W, 700.00 W, 700.00 W, 1980 MHz, 2619 MHz, [N/A]
2025/11/27 05:07:17.567, 3, NVIDIA H100 80GB HBM3, P0, 5 %, 0 %, 81559 MiB, 63577 MiB, 17503 MiB, 31, 39, 118.40 W, 700.00 W, 700.00 W, 1980 MHz, 2619 MHz, [N/A]
2025/11/27 05:07:17.568, 4, NVIDIA H100 80GB HBM3, P0, 5 %, 0 %, 81559 MiB, 63577 MiB, 17503 MiB, 30, 35, 113.24 W, 700.00 W, 700.00 W, 1980 MHz, 2619 MHz, [N/A]
2025/11/27 05:07:17.568, 5, NVIDIA H100 80GB HBM3, P0, 7 %, 0 %, 81559 MiB, 63577 MiB, 17503 MiB, 33, 38, 118.91 W, 700.00 W, 700.00 W, 1980 MHz, 2619 MHz, [N/A]
2025/11/27 05:07:17.569, 6, NVIDIA H100 80GB HBM3, P0, 7 %, 0 %, 81559 MiB, 63577 MiB, 17503 MiB, 33, 39, 114.62 W, 700.00 W, 700.00 W, 1980 MHz, 2619 MHz, [N/A]
2025/11/27 05:07:17.570, 7, NVIDIA H100 80GB HBM3, P0, 7 %, 0 %, 81559 MiB, 63577 MiB, 17503 MiB, 31, 39, 115.37 W, 700.00 W, 700.00 W, 1980 MHz, 2619 MHz, [N/A]
2025/11/27 05:07:22.571, 0, NVIDIA H100 80GB HBM3, P0, 7 %, 0 %, 81559 MiB, 63577 MiB, 17503 MiB, 31, 39, 115.18 W, 700.00 W, 700.00 W, 1980 MHz, 2619 MHz, [N/A]
2025/11/27 05:07:22.572, 1, NVIDIA H100 80GB HBM3, P0, 0 %, 0 %, 81559 MiB, 79021 MiB, 2059 MiB, 34, 40, 121.04 W, 700.00 W, 700.00 W, 1980 MHz, 2619 MHz, [N/A]
2025/11/27 05:07:22.572, 2, NVIDIA H100 80GB HBM3, P0, 0 %, 0 %, 81559 MiB, 79021 MiB, 2059 MiB, 34, 40, 120.18 W, 700.00 W, 700.00 W, 1980 MHz, 2619 MHz, [N/A]
2025/11/27 05:07:22.573, 3, NVIDIA H100 80GB HBM3, P0, 5 %, 0 %, 81559 MiB, 63577 MiB, 17503 MiB, 31, 39, 118.41 W, 700.00 W, 700.00 W, 1980 MHz, 2619 MHz, [N/A]
2025/11/27 05:07:22.573, 4, NVIDIA H100 80GB HBM3, P0, 5 %, 0 %, 81559 MiB, 63577 MiB, 17503 MiB, 30, 35, 113.24 W, 700.00 W, 700.00 W, 1980 MHz, 2619 MHz, [N/A]
2025/11/27 05:07:22.574, 5, NVIDIA H100 80GB HBM3, P0, 0 %, 0 %, 81559 MiB, 79021 MiB, 2059 MiB, 33, 38, 119.49 W, 700.00 W, 700.00 W, 1980 MHz, 2619 MHz, [N/A]
2025/11/27 05:07:22.574, 6, NVIDIA H100 80GB HBM3, P0, 0 %, 0 %, 81559 MiB, 79021 MiB, 2059 MiB, 33, 39, 115.51 W, 700.00 W, 700.00 W, 1980 MHz, 2619 MHz, [N/A]
2025/11/27 05:07:22.575, 7, NVIDIA H100 80GB HBM3, P0, 0 %, 0 %, 81559 MiB, 79021 MiB, 2059 MiB, 31, 39, 116.02 W, 700.00 W, 700.00 W, 1980 MHz, 2619 MHz, [N/A]
2025/11/27 05:07:27.576, 0, NVIDIA H100 80GB HBM3, P0, 0 %, 0 %, 81559 MiB, 79021 MiB, 2059 MiB, 31, 39, 114.74 W, 700.00 W, 700.00 W, 1980 MHz, 2619 MHz, [N/A]
2025/11/27 05:07:27.577, 1, NVIDIA H100 80GB HBM3, P0, 0 %, 0 %, 81559 MiB, 79021 MiB, 2059 MiB, 34, 41, 119.53 W, 700.00 W, 700.00 W, 1980 MHz, 2619 MHz, [N/A]
2025/11/27 05:07:27.578, 2, NVIDIA H100 80GB HBM3, P0, 0 %, 0 %, 81559 MiB, 79021 MiB, 2059 MiB, 34, 40, 119.60 W, 700.00 W, 700.00 W, 1980 MHz, 2619 MHz, [N/A]
2025/11/27 05:07:27.578, 3, NVIDIA H100 80GB HBM3, P0, 0 %, 0 %, 81559 MiB, 79021 MiB, 2059 MiB, 31, 39, 118.05 W, 700.00 W, 700.00 W, 1980 MHz, 2619 MHz, [N/A]
2025/11/27 05:07:27.579, 4, NVIDIA H100 80GB HBM3, P0, 0 %, 0 %, 81559 MiB, 79021 MiB, 2059 MiB, 30, 35, 112.84 W, 700.00 W, 700.00 W, 1980 MHz, 2619 MHz, [N/A]
2025/11/27 05:07:27.579, 5, NVIDIA H100 80GB HBM3, P0, 0 %, 0 %, 81559 MiB, 79021 MiB, 2059 MiB, 33, 38, 118.34 W, 700.00 W, 700.00 W, 1980 MHz, 2619 MHz, [N/A]
2025/11/27 05:07:27.580, 6, NVIDIA H100 80GB HBM3, P0, 0 %, 0 %, 81559 MiB, 79021 MiB, 2059 MiB, 33, 39, 114.16 W, 700.00 W, 700.00 W, 1980 MHz, 2619 MHz, [N/A]
2025/11/27 05:07:27.581, 7, NVIDIA H100 80GB HBM3, P0, 0 %, 0 %, 81559 MiB, 79021 MiB, 2059 MiB, 31, 38, 114.85 W, 700.00 W, 700.00 W, 1980 MHz, 2619 MHz, [N/A]
2025/11/27 05:07:32.581, 0, NVIDIA H100 80GB HBM3, P0, 18 %, 0 %, 81559 MiB, 63705 MiB, 17375 MiB, 31, 39, 114.90 W, 700.00 W, 700.00 W, 1980 MHz, 2619 MHz, [N/A]
2025/11/27 05:07:32.582, 1, NVIDIA H100 80GB HBM3, P0, 22 %, 0 %, 81559 MiB, 63705 MiB, 17375 MiB, 34, 40, 120.81 W, 700.00 W, 700.00 W, 1980 MHz, 2619 MHz, [N/A]
2025/11/27 05:07:32.583, 2, NVIDIA H100 80GB HBM3, P0, 20 %, 0 %, 81559 MiB, 63705 MiB, 17375 MiB, 34, 40, 121.20 W, 700.00 W, 700.00 W, 1980 MHz, 2619 MHz, [N/A]
2025/11/27 05:07:32.584, 3, NVIDIA H100 80GB HBM3, P0, 0 %, 0 %, 81559 MiB, 79021 MiB, 2059 MiB, 31, 39, 118.07 W, 700.00 W, 700.00 W, 1980 MHz, 2619 MHz, [N/A]
2025/11/27 05:07:32.584, 4, NVIDIA H100 80GB HBM3, P0, 0 %, 0 %, 81559 MiB, 79021 MiB, 2059 MiB, 30, 35, 112.84 W, 700.00 W, 700.00 W, 1980 MHz, 2619 MHz, [N/A]
2025/11/27 05:07:32.585, 5, NVIDIA H100 80GB HBM3, P0, 20 %, 0 %, 81559 MiB, 63705 MiB, 17375 MiB, 33, 39, 120.07 W, 700.00 W, 700.00 W, 1980 MHz, 2619 MHz, [N/A]
2025/11/27 05:07:32.586, 6, NVIDIA H100 80GB HBM3, P0, 20 %, 0 %, 81559 MiB, 63705 MiB, 17375 MiB, 33, 39, 115.13 W, 700.00 W, 700.00 W, 1980 MHz, 2619 MHz, [N/A]
2025/11/27 05:07:32.586, 7, NVIDIA H100 80GB HBM3, P0, 22 %, 0 %, 81559 MiB, 63705 MiB, 17375 MiB, 31, 38, 116.59 W, 700.00 W, 700.00 W, 1980 MHz, 2619 MHz, [N/A]
2025/11/27 05:07:37.588, 0, NVIDIA H100 80GB HBM3, P0, 100 %, 0 %, 81559 MiB, 56045 MiB, 25035 MiB, 31, 39, 115.15 W, 700.00 W, 700.00 W, 1980 MHz, 2619 MHz, [N/A]
2025/11/27 05:07:37.589, 1, NVIDIA H100 80GB HBM3, P0, 100 %, 0 %, 81559 MiB, 56045 MiB, 25035 MiB, 34, 40, 120.07 W, 700.00 W, 700.00 W, 1980 MHz, 2619 MHz, [N/A]
2025/11/27 05:07:37.590, 2, NVIDIA H100 80GB HBM3, P0, 100 %, 0 %, 81559 MiB, 56045 MiB, 25035 MiB, 34, 40, 120.15 W, 700.00 W, 700.00 W, 1980 MHz, 2619 MHz, [N/A]
2025/11/27 05:07:37.590, 3, NVIDIA H100 80GB HBM3, P0, 12 %, 0 %, 81559 MiB, 63705 MiB, 17375 MiB, 31, 39, 119.09 W, 700.00 W, 700.00 W, 1980 MHz, 2619 MHz, [N/A]
2025/11/27 05:07:37.591, 4, NVIDIA H100 80GB HBM3, P0, 12 %, 0 %, 81559 MiB, 63705 MiB, 17375 MiB, 30, 35, 113.07 W, 700.00 W, 700.00 W, 1980 MHz, 2619 MHz, [N/A]
2025/11/27 05:07:37.592, 5, NVIDIA H100 80GB HBM3, P0, 100 %, 0 %, 81559 MiB, 56045 MiB, 25035 MiB, 33, 38, 118.87 W, 700.00 W, 700.00 W, 1980 MHz, 2619 MHz, [N/A]
2025/11/27 05:07:37.592, 6, NVIDIA H100 80GB HBM3, P0, 100 %, 0 %, 81559 MiB, 56045 MiB, 25035 MiB, 33, 39, 114.73 W, 700.00 W, 700.00 W, 1980 MHz, 2619 MHz, [N/A]
2025/11/27 05:07:37.593, 7, NVIDIA H100 80GB HBM3, P0, 100 %, 0 %, 81559 MiB, 56045 MiB, 25035 MiB, 31, 38, 115.42 W, 700.00 W, 700.00 W, 1980 MHz, 2619 MHz, [N/A]
2025/11/27 05:07:42.593, 0, NVIDIA H100 80GB HBM3, P0, 99 %, 62 %, 81559 MiB, 25101 MiB, 55979 MiB, 34, 44, 260.87 W, 700.00 W, 700.00 W, 1980 MHz, 2619 MHz, [N/A]
2025/11/27 05:07:42.594, 1, NVIDIA H100 80GB HBM3, P0, 64 %, 40 %, 81559 MiB, 23887 MiB, 57193 MiB, 38, 48, 282.39 W, 700.00 W, 700.00 W, 1980 MHz, 2619 MHz, [N/A]
2025/11/27 05:07:42.595, 2, NVIDIA H100 80GB HBM3, P0, 95 %, 58 %, 81559 MiB, 27421 MiB, 53659 MiB, 36, 44, 261.66 W, 700.00 W, 700.00 W, 1980 MHz, 2619 MHz, [N/A]
2025/11/27 05:07:42.620, 3, NVIDIA H100 80GB HBM3, P0, 68 %, 44 %, 81559 MiB, 23779 MiB, 57301 MiB, 33, 42, 256.21 W, 700.00 W, 700.00 W, 1980 MHz, 2619 MHz, [N/A]
2025/11/27 05:07:42.621, 4, NVIDIA H100 80GB HBM3, P0, 96 %, 52 %, 81559 MiB, 24149 MiB, 56931 MiB, 33, 41, 255.17 W, 700.00 W, 700.00 W, 1980 MHz, 2619 MHz, [N/A]
2025/11/27 05:07:42.622, 5, NVIDIA H100 80GB HBM3, P0, 33 %, 15 %, 81559 MiB, 28313 MiB, 52767 MiB, 38, 43, 249.41 W, 700.00 W, 700.00 W, 1980 MHz, 2619 MHz, [N/A]
2025/11/27 05:07:42.622, 6, NVIDIA H100 80GB HBM3, P0, 56 %, 25 %, 81559 MiB, 26721 MiB, 54359 MiB, 37, 46, 251.81 W, 700.00 W, 700.00 W, 1980 MHz, 2619 MHz, [N/A]
2025/11/27 05:07:42.623, 7, NVIDIA H100 80GB HBM3, P0, 100 %, 64 %, 81559 MiB, 26139 MiB, 54941 MiB, 36, 46, 254.17 W, 700.00 W, 700.00 W, 1980 MHz, 2619 MHz, [N/A]
2025/11/27 05:07:47.624, 0, NVIDIA H100 80GB HBM3, P0, 71 %, 12 %, 81559 MiB, 25097 MiB, 55983 MiB, 35, 43, 299.85 W, 700.00 W, 700.00 W, 1980 MHz, 2619 MHz, [N/A]
2025/11/27 05:07:47.626, 1, NVIDIA H100 80GB HBM3, P0, 38 %, 2 %, 81559 MiB, 23873 MiB, 57207 MiB, 39, 46, 340.27 W, 700.00 W, 700.00 W, 1980 MHz, 2619 MHz, [N/A]
2025/11/27 05:07:47.627, 2, NVIDIA H100 80GB HBM3, P0, 54 %, 12 %, 81559 MiB, 27411 MiB, 53669 MiB, 43, 48, 321.05 W, 700.00 W, 700.00 W, 1980 MHz, 2619 MHz, [N/A]
2025/11/27 05:07:47.630, 3, NVIDIA H100 80GB HBM3, P0, 29 %, 13 %, 81559 MiB, 23767 MiB, 57313 MiB, 38, 46, 321.87 W, 700.00 W, 700.00 W, 1980 MHz, 2619 MHz, [N/A]
2025/11/27 05:07:47.631, 4, NVIDIA H100 80GB HBM3, P0, 63 %, 38 %, 81559 MiB, 24125 MiB, 56955 MiB, 35, 41, 313.64 W, 700.00 W, 700.00 W, 1980 MHz, 2619 MHz, [N/A]
2025/11/27 05:07:47.632, 5, NVIDIA H100 80GB HBM3, P0, 58 %, 19 %, 81559 MiB, 24465 MiB, 56615 MiB, 37, 43, 313.84 W, 700.00 W, 700.00 W, 1980 MHz, 2619 MHz, [N/A]
2025/11/27 05:07:47.633, 6, NVIDIA H100 80GB HBM3, P0, 22 %, 5 %, 81559 MiB, 22869 MiB, 58211 MiB, 37, 43, 295.18 W, 700.00 W, 700.00 W, 1980 MHz, 2619 MHz, [N/A]
2025/11/27 05:07:47.634, 7, NVIDIA H100 80GB HBM3, P0, 61 %, 24 %, 81559 MiB, 22105 MiB, 58975 MiB, 37, 43, 332.84 W, 700.00 W, 700.00 W, 1980 MHz, 2619 MHz, [N/A]
2025/11/27 05:07:52.635, 0, NVIDIA H100 80GB HBM3, P0, 88 %, 55 %, 81559 MiB, 25089 MiB, 55991 MiB, 38, 48, 327.76 W, 700.00 W, 700.00 W, 1980 MHz, 2619 MHz, [N/A]
2025/11/27 05:07:52.637, 1, NVIDIA H100 80GB HBM3, P0, 56 %, 31 %, 81559 MiB, 23865 MiB, 57215 MiB, 41, 52, 394.03 W, 700.00 W, 700.00 W, 1980 MHz, 2619 MHz, [N/A]
2025/11/27 05:07:52.637, 2, NVIDIA H100 80GB HBM3, P0, 83 %, 50 %, 81559 MiB, 27403 MiB, 53677 MiB, 42, 48, 331.08 W, 700.00 W, 700.00 W, 1980 MHz, 2619 MHz, [N/A]
2025/11/27 05:07:52.638, 3, NVIDIA H100 80GB HBM3, P0, 93 %, 49 %, 81559 MiB, 23763 MiB, 57317 MiB, 38, 47, 367.71 W, 700.00 W, 700.00 W, 1980 MHz, 2619 MHz, [N/A]
2025/11/27 05:07:52.638, 4, NVIDIA H100 80GB HBM3, P0, 93 %, 59 %, 81559 MiB, 24121 MiB, 56959 MiB, 36, 45, 352.45 W, 700.00 W, 700.00 W, 1980 MHz, 2619 MHz, [N/A]
2025/11/27 05:07:52.639, 5, NVIDIA H100 80GB HBM3, P0, 61 %, 18 %, 81559 MiB, 24453 MiB, 56627 MiB, 39, 45, 324.02 W, 700.00 W, 700.00 W, 1980 MHz, 2619 MHz, [N/A]
2025/11/27 05:07:52.640, 6, NVIDIA H100 80GB HBM3, P0, 54 %, 23 %, 81559 MiB, 22865 MiB, 58215 MiB, 40, 49, 338.51 W, 700.00 W, 700.00 W, 1980 MHz, 2619 MHz, [N/A]
2025/11/27 05:07:52.640, 7, NVIDIA H100 80GB HBM3, P0, 99 %, 66 %, 81559 MiB, 22101 MiB, 58979 MiB, 39, 49, 318.34 W, 700.00 W, 700.00 W, 1980 MHz, 2619 MHz, [N/A]
2025/11/27 05:07:57.641, 0, NVIDIA H100 80GB HBM3, P0, 99 %, 68 %, 81559 MiB, 25065 MiB, 56015 MiB, 40, 51, 344.85 W, 700.00 W, 700.00 W, 1980 MHz, 2619 MHz, [N/A]
2025/11/27 05:07:57.642, 1, NVIDIA H100 80GB HBM3, P0, 93 %, 57 %, 81559 MiB, 23861 MiB, 57219 MiB, 41, 49, 379.70 W, 700.00 W, 700.00 W, 1980 MHz, 2619 MHz, [N/A]
2025/11/27 05:07:57.643, 2, NVIDIA H100 80GB HBM3, P0, 100 %, 66 %, 81559 MiB, 23565 MiB, 57515 MiB, 43, 51, 364.90 W, 700.00 W, 700.00 W, 1980 MHz, 2619 MHz, [N/A]
2025/11/27 05:07:57.644, 3, NVIDIA H100 80GB HBM3, P0, 97 %, 61 %, 81559 MiB, 23759 MiB, 57321 MiB, 43, 51, 334.60 W, 700.00 W, 700.00 W, 1950 MHz, 2619 MHz, [N/A]
2025/11/27 05:07:57.644, 4, NVIDIA H100 80GB HBM3, P0, 90 %, 49 %, 81559 MiB, 24113 MiB, 56967 MiB, 39, 47, 374.24 W, 700.00 W, 700.00 W, 1980 MHz, 2619 MHz, [N/A]
2025/11/27 05:07:57.646, 5, NVIDIA H100 80GB HBM3, P0, 63 %, 37 %, 81559 MiB, 24449 MiB, 56631 MiB, 42, 47, 375.32 W, 700.00 W, 700.00 W, 1980 MHz, 2619 MHz, [N/A]
2025/11/27 05:07:57.647, 6, NVIDIA H100 80GB HBM3, P0, 71 %, 44 %, 81559 MiB, 22861 MiB, 58219 MiB, 42, 52, 360.18 W, 700.00 W, 700.00 W, 1980 MHz, 2619 MHz, [N/A]
2025/11/27 05:07:57.647, 7, NVIDIA H100 80GB HBM3, P0, 100 %, 47 %, 81559 MiB, 22097 MiB, 58983 MiB, 40, 51, 350.77 W, 700.00 W, 700.00 W, 1980 MHz, 2619 MHz, [N/A]
2025/11/27 05:08:02.648, 0, NVIDIA H100 80GB HBM3, P0, 27 %, 2 %, 81559 MiB, 25061 MiB, 56019 MiB, 39, 46, 311.92 W, 700.00 W, 700.00 W, 1980 MHz, 2619 MHz, [N/A]
2025/11/27 05:08:02.649, 1, NVIDIA H100 80GB HBM3, P0, 86 %, 17 %, 81559 MiB, 23857 MiB, 57223 MiB, 41, 47, 327.05 W, 700.00 W, 700.00 W, 1980 MHz, 2619 MHz, [N/A]
2025/11/27 05:08:02.651, 2, NVIDIA H100 80GB HBM3, P0, 62 %, 30 %, 81559 MiB, 23561 MiB, 57519 MiB, 46, 50, 370.62 W, 700.00 W, 700.00 W, 1980 MHz, 2619 MHz, [N/A]
2025/11/27 05:08:02.652, 3, NVIDIA H100 80GB HBM3, P0, 38 %, 18 %, 81559 MiB, 23747 MiB, 57333 MiB, 45, 49, 352.82 W, 700.00 W, 700.00 W, 1965 MHz, 2619 MHz, [N/A]
2025/11/27 05:08:02.653, 4, NVIDIA H100 80GB HBM3, P0, 57 %, 22 %, 81559 MiB, 24109 MiB, 56971 MiB, 42, 46, 315.42 W, 700.00 W, 700.00 W, 1980 MHz, 2619 MHz, [N/A]
2025/11/27 05:08:02.654, 5, NVIDIA H100 80GB HBM3, P0, 100 %, 5 %, 81559 MiB, 24445 MiB, 56635 MiB, 41, 45, 359.44 W, 700.00 W, 700.00 W, 1980 MHz, 2619 MHz, [N/A]
2025/11/27 05:08:02.655, 6, NVIDIA H100 80GB HBM3, P0, 87 %, 10 %, 81559 MiB, 22857 MiB, 58223 MiB, 43, 49, 343.32 W, 700.00 W, 700.00 W, 1980 MHz, 2619 MHz, [N/A]
2025/11/27 05:08:02.656, 7, NVIDIA H100 80GB HBM3, P0, 98 %, 17 %, 81559 MiB, 22093 MiB, 58987 MiB, 44, 49, 356.60 W, 700.00 W, 700.00 W, 1965 MHz, 2619 MHz, [N/A]
2025/11/27 05:08:07.657, 0, NVIDIA H100 80GB HBM3, P0, 46 %, 9 %, 81559 MiB, 25059 MiB, 56021 MiB, 40, 47, 346.46 W, 700.00 W, 700.00 W, 1980 MHz, 2619 MHz, [N/A]
2025/11/27 05:08:07.660, 1, NVIDIA H100 80GB HBM3, P0, 93 %, 10 %, 81559 MiB, 23857 MiB, 57223 MiB, 46, 52, 322.41 W, 700.00 W, 700.00 W, 1980 MHz, 2619 MHz, [N/A]
2025/11/27 05:08:07.661, 2, NVIDIA H100 80GB HBM3, P0, 35 %, 16 %, 81559 MiB, 23551 MiB, 57529 MiB, 45, 50, 365.57 W, 700.00 W, 700.00 W, 1980 MHz, 2619 MHz, [N/A]
2025/11/27 05:08:07.662, 3, NVIDIA H100 80GB HBM3, P0, 62 %, 10 %, 81559 MiB, 23745 MiB, 57335 MiB, 38, 47, 297.48 W, 700.00 W, 700.00 W, 1980 MHz, 2619 MHz, [N/A]
2025/11/27 05:08:07.663, 4, NVIDIA H100 80GB HBM3, P0, 25 %, 6 %, 81559 MiB, 24107 MiB, 56973 MiB, 40, 45, 346.84 W, 700.00 W, 700.00 W, 1980 MHz, 2619 MHz, [N/A]
2025/11/27 05:08:07.665, 5, NVIDIA H100 80GB HBM3, P0, 47 %, 20 %, 81559 MiB, 24443 MiB, 56637 MiB, 44, 48, 317.73 W, 700.00 W, 700.00 W, 1980 MHz, 2619 MHz, [N/A]
2025/11/27 05:08:07.665, 6, NVIDIA H100 80GB HBM3, P0, 55 %, 9 %, 81559 MiB, 22855 MiB, 58225 MiB, 42, 49, 339.55 W, 700.00 W, 700.00 W, 1965 MHz, 2619 MHz, [N/A]
2025/11/27 05:08:07.666, 7, NVIDIA H100 80GB HBM3, P0, 25 %, 12 %, 81559 MiB, 22091 MiB, 58989 MiB, 39, 45, 338.49 W, 700.00 W, 700.00 W, 1980 MHz, 2619 MHz, [N/A]
2025/11/27 05:08:12.668, 0, NVIDIA H100 80GB HBM3, P0, 100 %, 53 %, 81559 MiB, 25057 MiB, 56023 MiB, 42, 54, 347.87 W, 700.00 W, 700.00 W, 1980 MHz, 2619 MHz, [N/A]
2025/11/27 05:08:12.669, 1, NVIDIA H100 80GB HBM3, P0, 99 %, 67 %, 81559 MiB, 23849 MiB, 57231 MiB, 45, 55, 370.96 W, 700.00 W, 700.00 W, 1980 MHz, 2619 MHz, [N/A]
2025/11/27 05:08:12.670, 2, NVIDIA H100 80GB HBM3, P0, 100 %, 58 %, 81559 MiB, 23547 MiB, 57533 MiB, 46, 57, 341.03 W, 700.00 W, 700.00 W, 1980 MHz, 2619 MHz, [N/A]
2025/11/27 05:08:12.670, 3, NVIDIA H100 80GB HBM3, P0, 100 %, 66 %, 81559 MiB, 23741 MiB, 57339 MiB, 41, 53, 363.83 W, 700.00 W, 700.00 W, 1980 MHz, 2619 MHz, [N/A]
2025/11/27 05:08:12.671, 4, NVIDIA H100 80GB HBM3, P0, 91 %, 56 %, 81559 MiB, 24103 MiB, 56977 MiB, 39, 48, 347.67 W, 700.00 W, 700.00 W, 1980 MHz, 2619 MHz, [N/A]
2025/11/27 05:08:12.671, 5, NVIDIA H100 80GB HBM3, P0, 99 %, 68 %, 81559 MiB, 24439 MiB, 56641 MiB, 43, 50, 347.05 W, 700.00 W, 700.00 W, 1980 MHz, 2619 MHz, [N/A]
2025/11/27 05:08:12.672, 6, NVIDIA H100 80GB HBM3, P0, 100 %, 70 %, 81559 MiB, 22851 MiB, 58229 MiB, 44, 53, 361.84 W, 700.00 W, 700.00 W, 1980 MHz, 2619 MHz, [N/A]
2025/11/27 05:08:12.673, 7, NVIDIA H100 80GB HBM3, P0, 61 %, 34 %, 81559 MiB, 22087 MiB, 58993 MiB, 42, 53, 341.41 W, 700.00 W, 700.00 W, 1980 MHz, 2619 MHz, [N/A]
2025/11/27 05:08:17.673, 0, NVIDIA H100 80GB HBM3, P0, 53 %, 22 %, 81559 MiB, 25055 MiB, 56025 MiB, 42, 49, 326.13 W, 700.00 W, 700.00 W, 1980 MHz, 2619 MHz, [N/A]
2025/11/27 05:08:17.675, 1, NVIDIA H100 80GB HBM3, P0, 89 %, 14 %, 81559 MiB, 23847 MiB, 57233 MiB, 47, 53, 351.82 W, 700.00 W, 700.00 W, 1980 MHz, 2619 MHz, [N/A]
2025/11/27 05:08:17.677, 2, NVIDIA H100 80GB HBM3, P0, 78 %, 26 %, 81559 MiB, 23547 MiB, 57533 MiB, 49, 52, 370.60 W, 700.00 W, 700.00 W, 1980 MHz, 2619 MHz, [N/A]
2025/11/27 05:08:17.677, 3, NVIDIA H100 80GB HBM3, P0, 89 %, 13 %, 81559 MiB, 23739 MiB, 57341 MiB, 43, 51, 322.07 W, 700.00 W, 700.00 W, 1980 MHz, 2619 MHz, [N/A]
2025/11/27 05:08:17.678, 4, NVIDIA H100 80GB HBM3, P0, 34 %, 5 %, 81559 MiB, 24103 MiB, 56977 MiB, 42, 48, 329.12 W, 700.00 W, 700.00 W, 1980 MHz, 2619 MHz, [N/A]
2025/11/27 05:08:17.679, 5, NVIDIA H100 80GB HBM3, P0, 30 %, 13 %, 81559 MiB, 24439 MiB, 56641 MiB, 48, 51, 358.36 W, 700.00 W, 700.00 W, 1980 MHz, 2619 MHz, [N/A]
2025/11/27 05:08:17.680, 6, NVIDIA H100 80GB HBM3, P0, 51 %, 13 %, 81559 MiB, 22849 MiB, 58231 MiB, 42, 49, 346.84 W, 700.00 W, 700.00 W, 1980 MHz, 2619 MHz, [N/A]
2025/11/27 05:08:17.681, 7, NVIDIA H100 80GB HBM3, P0, 27 %, 12 %, 81559 MiB, 22085 MiB, 58995 MiB, 40, 47, 317.20 W, 700.00 W, 700.00 W, 1980 MHz, 2619 MHz, [N/A]
2025/11/27 05:08:22.682, 0, NVIDIA H100 80GB HBM3, P0, 10 %, 5 %, 81559 MiB, 25051 MiB, 56029 MiB, 43, 51, 335.78 W, 700.00 W, 700.00 W, 1980 MHz, 2619 MHz, [N/A]
2025/11/27 05:08:22.684, 1, NVIDIA H100 80GB HBM3, P0, 100 %, 0 %, 81559 MiB, 23845 MiB, 57235 MiB, 45, 53, 365.87 W, 700.00 W, 700.00 W, 1980 MHz, 2619 MHz, [N/A]
2025/11/27 05:08:22.685, 2, NVIDIA H100 80GB HBM3, P0, 82 %, 8 %, 81559 MiB, 23543 MiB, 57537 MiB, 45, 51, 317.65 W, 700.00 W, 700.00 W, 1980 MHz, 2619 MHz, [N/A]
2025/11/27 05:08:22.686, 3, NVIDIA H100 80GB HBM3, P0, 97 %, 9 %, 81559 MiB, 23737 MiB, 57343 MiB, 39, 47, 298.86 W, 700.00 W, 700.00 W, 1980 MHz, 2619 MHz, [N/A]
2025/11/27 05:08:22.687, 4, NVIDIA H100 80GB HBM3, P0, 74 %, 17 %, 81559 MiB, 24099 MiB, 56981 MiB, 40, 45, 324.35 W, 700.00 W, 700.00 W, 1980 MHz, 2619 MHz, [N/A]
2025/11/27 05:08:22.688, 5, NVIDIA H100 80GB HBM3, P0, 98 %, 16 %, 81559 MiB, 24435 MiB, 56645 MiB, 45, 49, 340.06 W, 700.00 W, 700.00 W, 1980 MHz, 2619 MHz, [N/A]
2025/11/27 05:08:22.689, 6, NVIDIA H100 80GB HBM3, P0, 92 %, 7 %, 81559 MiB, 22847 MiB, 58233 MiB, 46, 51, 320.35 W, 700.00 W, 700.00 W, 1980 MHz, 2619 MHz, [N/A]
2025/11/27 05:08:22.690, 7, NVIDIA H100 80GB HBM3, P0, 81 %, 21 %, 81559 MiB, 22083 MiB, 58997 MiB, 43, 49, 318.03 W, 700.00 W, 700.00 W, 1980 MHz, 2619 MHz, [N/A]
2025/11/27 05:08:27.691, 0, NVIDIA H100 80GB HBM3, P0, 99 %, 66 %, 81559 MiB, 25049 MiB, 56031 MiB, 41, 49, 361.15 W, 700.00 W, 700.00 W, 1980 MHz, 2619 MHz, [N/A]
2025/11/27 05:08:27.692, 1, NVIDIA H100 80GB HBM3, P0, 100 %, 65 %, 81559 MiB, 23843 MiB, 57237 MiB, 45, 52, 361.07 W, 700.00 W, 700.00 W, 1980 MHz, 2619 MHz, [N/A]
2025/11/27 05:08:27.693, 2, NVIDIA H100 80GB HBM3, P0, 99 %, 71 %, 81559 MiB, 23541 MiB, 57539 MiB, 47, 54, 350.06 W, 700.00 W, 700.00 W, 1980 MHz, 2619 MHz, [N/A]
2025/11/27 05:08:27.693, 3, NVIDIA H100 80GB HBM3, P0, 100 %, 66 %, 81559 MiB, 23735 MiB, 57345 MiB, 41, 51, 360.66 W, 700.00 W, 700.00 W, 1980 MHz, 2619 MHz, [N/A]
2025/11/27 05:08:27.694, 4, NVIDIA H100 80GB HBM3, P0, 93 %, 38 %, 81559 MiB, 24097 MiB, 56983 MiB, 40, 47, 382.07 W, 700.00 W, 700.00 W, 1980 MHz, 2619 MHz, [N/A]
2025/11/27 05:08:27.694, 5, NVIDIA H100 80GB HBM3, P0, 83 %, 51 %, 81559 MiB, 24433 MiB, 56647 MiB, 47, 52, 386.39 W, 700.00 W, 700.00 W, 1965 MHz, 2619 MHz, [N/A]
2025/11/27 05:08:27.695, 6, NVIDIA H100 80GB HBM3, P0, 93 %, 59 %, 81559 MiB, 22845 MiB, 58235 MiB, 50, 54, 375.89 W, 700.00 W, 700.00 W, 1965 MHz, 2619 MHz, [N/A]
2025/11/27 05:08:27.696, 7, NVIDIA H100 80GB HBM3, P0, 94 %, 20 %, 81559 MiB, 22081 MiB, 58999 MiB, 44, 52, 349.04 W, 700.00 W, 700.00 W, 1980 MHz, 2619 MHz, [N/A]
2025/11/27 05:08:32.698, 0, NVIDIA H100 80GB HBM3, P0, 100 %, 19 %, 81559 MiB, 25047 MiB, 56033 MiB, 43, 55, 345.61 W, 700.00 W, 700.00 W, 1980 MHz, 2619 MHz, [N/A]
2025/11/27 05:08:32.699, 1, NVIDIA H100 80GB HBM3, P0, 97 %, 12 %, 81559 MiB, 23841 MiB, 57239 MiB, 47, 56, 343.77 W, 700.00 W, 700.00 W, 1980 MHz, 2619 MHz, [N/A]
2025/11/27 05:08:32.700, 2, NVIDIA H100 80GB HBM3, P0, 37 %, 18 %, 81559 MiB, 23541 MiB, 57539 MiB, 47, 56, 373.02 W, 700.00 W, 700.00 W, 1965 MHz, 2619 MHz, [N/A]
2025/11/27 05:08:32.701, 3, NVIDIA H100 80GB HBM3, P0, 100 %, 64 %, 81559 MiB, 23733 MiB, 57347 MiB, 42, 53, 334.11 W, 700.00 W, 700.00 W, 1980 MHz, 2619 MHz, [N/A]
2025/11/27 05:08:32.701, 4, NVIDIA H100 80GB HBM3, P0, 100 %, 61 %, 81559 MiB, 24097 MiB, 56983 MiB, 42, 52, 376.32 W, 700.00 W, 700.00 W, 1980 MHz, 2619 MHz, [N/A]
2025/11/27 05:08:32.702, 5, NVIDIA H100 80GB HBM3, P0, 100 %, 26 %, 81559 MiB, 24433 MiB, 56647 MiB, 45, 54, 369.97 W, 700.00 W, 700.00 W, 1980 MHz, 2619 MHz, [N/A]
2025/11/27 05:08:32.703, 6, NVIDIA H100 80GB HBM3, P0, 98 %, 21 %, 81559 MiB, 22841 MiB, 58239 MiB, 44, 54, 342.59 W, 700.00 W, 700.00 W, 1980 MHz, 2619 MHz, [N/A]
2025/11/27 05:08:32.703, 7, NVIDIA H100 80GB HBM3, P0, 100 %, 65 %, 81559 MiB, 22081 MiB, 58999 MiB, 42, 51, 344.48 W, 700.00 W, 700.00 W, 1965 MHz, 2619 MHz, [N/A]
2025/11/27 05:08:37.704, 0, NVIDIA H100 80GB HBM3, P0, 99 %, 65 %, 81559 MiB, 25045 MiB, 56035 MiB, 43, 51, 334.26 W, 700.00 W, 700.00 W, 1980 MHz, 2619 MHz, [N/A]
2025/11/27 05:08:37.705, 1, NVIDIA H100 80GB HBM3, P0, 78 %, 47 %, 81559 MiB, 23839 MiB, 57241 MiB, 44, 50, 315.09 W, 700.00 W, 700.00 W, 1980 MHz, 2619 MHz, [N/A]
2025/11/27 05:08:37.706, 2, NVIDIA H100 80GB HBM3, P0, 99 %, 63 %, 81559 MiB, 23539 MiB, 57541 MiB, 49, 54, 334.65 W, 700.00 W, 700.00 W, 1980 MHz, 2619 MHz, [N/A]
2025/11/27 05:08:37.707, 3, NVIDIA H100 80GB HBM3, P0, 52 %, 12 %, 81559 MiB, 23731 MiB, 57349 MiB, 43, 52, 349.17 W, 700.00 W, 700.00 W, 1980 MHz, 2619 MHz, [N/A]
2025/11/27 05:08:37.708, 4, NVIDIA H100 80GB HBM3, P0, 92 %, 16 %, 81559 MiB, 24093 MiB, 56987 MiB, 43, 48, 331.71 W, 700.00 W, 700.00 W, 1980 MHz, 2619 MHz, [N/A]
2025/11/27 05:08:37.709, 5, NVIDIA H100 80GB HBM3, P0, 45 %, 22 %, 81559 MiB, 24429 MiB, 56651 MiB, 47, 51, 334.01 W, 700.00 W, 700.00 W, 1980 MHz, 2619 MHz, [N/A]
2025/11/27 05:08:37.709, 6, NVIDIA H100 80GB HBM3, P0, 92 %, 41 %, 81559 MiB, 22839 MiB, 58241 MiB, 44, 51, 344.27 W, 700.00 W, 700.00 W, 1980 MHz, 2619 MHz, [N/A]
2025/11/27 05:08:37.710, 7, NVIDIA H100 80GB HBM3, P0, 47 %, 10 %, 81559 MiB, 22073 MiB, 59007 MiB, 44, 52, 310.84 W, 700.00 W, 700.00 W, 1980 MHz, 2619 MHz, [N/A]
2025/11/27 05:08:42.711, 0, NVIDIA H100 80GB HBM3, P0, 100 %, 44 %, 81559 MiB, 25043 MiB, 56037 MiB, 42, 53, 322.23 W, 700.00 W, 700.00 W, 1980 MHz, 2619 MHz, [N/A]
2025/11/27 05:08:42.712, 1, NVIDIA H100 80GB HBM3, P0, 100 %, 58 %, 81559 MiB, 23837 MiB, 57243 MiB, 47, 55, 369.60 W, 700.00 W, 700.00 W, 1980 MHz, 2619 MHz, [N/A]
2025/11/27 05:08:42.713, 2, NVIDIA H100 80GB HBM3, P0, 100 %, 40 %, 81559 MiB, 23539 MiB, 57541 MiB, 49, 57, 363.69 W, 700.00 W, 700.00 W, 1980 MHz, 2619 MHz, [N/A]
2025/11/27 05:08:42.713, 3, NVIDIA H100 80GB HBM3, P0, 88 %, 54 %, 81559 MiB, 23729 MiB, 57351 MiB, 43, 55, 371.01 W, 700.00 W, 700.00 W, 1980 MHz, 2619 MHz, [N/A]
2025/11/27 05:08:42.714, 4, NVIDIA H100 80GB HBM3, P0, 100 %, 68 %, 81559 MiB, 24091 MiB, 56989 MiB, 43, 51, 380.77 W, 700.00 W, 700.00 W, 1980 MHz, 2619 MHz, [N/A]
2025/11/27 05:08:42.715, 5, NVIDIA H100 80GB HBM3, P0, 99 %, 70 %, 81559 MiB, 24427 MiB, 56653 MiB, 46, 55, 358.17 W, 700.00 W, 700.00 W, 1980 MHz, 2619 MHz, [N/A]
2025/11/27 05:08:42.716, 6, NVIDIA H100 80GB HBM3, P0, 100 %, 66 %, 81559 MiB, 22839 MiB, 58241 MiB, 46, 56, 357.37 W, 700.00 W, 700.00 W, 1980 MHz, 2619 MHz, [N/A]
2025/11/27 05:08:42.716, 7, NVIDIA H100 80GB HBM3, P0, 86 %, 55 %, 81559 MiB, 22071 MiB, 59009 MiB, 45, 53, 364.28 W, 700.00 W, 700.00 W, 1980 MHz, 2619 MHz, [N/A]
2025/11/27 05:08:47.717, 0, NVIDIA H100 80GB HBM3, P0, 59 %, 14 %, 81559 MiB, 25039 MiB, 56041 MiB, 45, 52, 395.27 W, 700.00 W, 700.00 W, 1980 MHz, 2619 MHz, [N/A]
2025/11/27 05:08:47.718, 1, NVIDIA H100 80GB HBM3, P0, 98 %, 10 %, 81559 MiB, 23835 MiB, 57245 MiB, 46, 54, 352.22 W, 700.00 W, 700.00 W, 1980 MHz, 2619 MHz, [N/A]
2025/11/27 05:08:47.720, 2, NVIDIA H100 80GB HBM3, P0, 21 %, 8 %, 81559 MiB, 23535 MiB, 57545 MiB, 50, 54, 335.54 W, 700.00 W, 700.00 W, 1980 MHz, 2619 MHz, [N/A]
2025/11/27 05:08:47.721, 3, NVIDIA H100 80GB HBM3, P0, 90 %, 19 %, 81559 MiB, 23729 MiB, 57351 MiB, 45, 52, 325.17 W, 700.00 W, 700.00 W, 1980 MHz, 2619 MHz, [N/A]
2025/11/27 05:08:47.722, 4, NVIDIA H100 80GB HBM3, P0, 76 %, 21 %, 81559 MiB, 24091 MiB, 56989 MiB, 40, 47, 312.39 W, 700.00 W, 700.00 W, 1980 MHz, 2619 MHz, [N/A]
2025/11/27 05:08:47.730, 5, NVIDIA H100 80GB HBM3, P0, 66 %, 31 %, 81559 MiB, 24423 MiB, 56657 MiB, 48, 54, 387.00 W, 700.00 W, 700.00 W, 1965 MHz, 2619 MHz, [N/A]
2025/11/27 05:08:47.732, 6, NVIDIA H100 80GB HBM3, P0, 64 %, 6 %, 81559 MiB, 22839 MiB, 58241 MiB, 44, 53, 301.57 W, 700.00 W, 700.00 W, 1980 MHz, 2619 MHz, [N/A]
2025/11/27 05:08:47.732, 7, NVIDIA H100 80GB HBM3, P0, 82 %, 15 %, 81559 MiB, 22071 MiB, 59009 MiB, 42, 49, 311.60 W, 700.00 W, 700.00 W, 1980 MHz, 2619 MHz, [N/A]
2025/11/27 05:08:52.734, 0, NVIDIA H100 80GB HBM3, P0, 99 %, 25 %, 81559 MiB, 25039 MiB, 56041 MiB, 44, 55, 343.77 W, 700.00 W, 700.00 W, 1980 MHz, 2619 MHz, [N/A]
2025/11/27 05:08:52.736, 1, NVIDIA H100 80GB HBM3, P0, 91 %, 21 %, 81559 MiB, 23835 MiB, 57245 MiB, 48, 58, 383.98 W, 700.00 W, 700.00 W, 1980 MHz, 2619 MHz, [N/A]
2025/11/27 05:08:52.736, 2, NVIDIA H100 80GB HBM3, P0, 91 %, 25 %, 81559 MiB, 23535 MiB, 57545 MiB, 48, 58, 373.91 W, 700.00 W, 700.00 W, 1980 MHz, 2619 MHz, [N/A]
2025/11/27 05:08:52.737, 3, NVIDIA H100 80GB HBM3, P0, 98 %, 62 %, 81559 MiB, 23725 MiB, 57355 MiB, 43, 56, 342.42 W, 700.00 W, 700.00 W, 1980 MHz, 2619 MHz, [N/A]
2025/11/27 05:08:52.741, 4, NVIDIA H100 80GB HBM3, P0, 100 %, 28 %, 81559 MiB, 24089 MiB, 56991 MiB, 41, 51, 344.99 W, 700.00 W, 700.00 W, 1980 MHz, 2619 MHz, [N/A]
2025/11/27 05:08:52.742, 5, NVIDIA H100 80GB HBM3, P0, 97 %, 26 %, 81559 MiB, 24423 MiB, 56657 MiB, 47, 56, 337.01 W, 700.00 W, 700.00 W, 1980 MHz, 2619 MHz, [N/A]
2025/11/27 05:08:52.742, 6, NVIDIA H100 80GB HBM3, P0, 61 %, 26 %, 81559 MiB, 22835 MiB, 58245 MiB, 47, 58, 353.58 W, 700.00 W, 700.00 W, 1980 MHz, 2619 MHz, [N/A]
2025/11/27 05:08:52.743, 7, NVIDIA H100 80GB HBM3, P0, 100 %, 50 %, 81559 MiB, 22071 MiB, 59009 MiB, 43, 55, 324.46 W, 700.00 W, 700.00 W, 1980 MHz, 2619 MHz, [N/A]
2025/11/27 05:08:57.744, 0, NVIDIA H100 80GB HBM3, P0, 95 %, 21 %, 81559 MiB, 25037 MiB, 56043 MiB, 42, 49, 323.00 W, 700.00 W, 700.00 W, 1980 MHz, 2619 MHz, [N/A]
2025/11/27 05:08:57.745, 1, NVIDIA H100 80GB HBM3, P0, 63 %, 12 %, 81559 MiB, 23833 MiB, 57247 MiB, 48, 56, 352.37 W, 700.00 W, 700.00 W, 1980 MHz, 2619 MHz, [N/A]
2025/11/27 05:08:57.746, 2, NVIDIA H100 80GB HBM3, P0, 41 %, 19 %, 81559 MiB, 23533 MiB, 57547 MiB, 54, 57, 370.76 W, 700.00 W, 700.00 W, 1965 MHz, 2619 MHz, [N/A]
2025/11/27 05:08:57.747, 3, NVIDIA H100 80GB HBM3, P0, 91 %, 13 %, 81559 MiB, 23725 MiB, 57355 MiB, 42, 51, 336.02 W, 700.00 W, 700.00 W, 1980 MHz, 2619 MHz, [N/A]
2025/11/27 05:08:57.748, 4, NVIDIA H100 80GB HBM3, P0, 79 %, 22 %, 81559 MiB, 24089 MiB, 56991 MiB, 41, 47, 338.11 W, 700.00 W, 700.00 W, 1980 MHz, 2619 MHz, [N/A]
2025/11/27 05:08:57.749, 5, NVIDIA H100 80GB HBM3, P0, 99 %, 20 %, 81559 MiB, 24421 MiB, 56659 MiB, 46, 54, 320.45 W, 700.00 W, 700.00 W, 1980 MHz, 2619 MHz, [N/A]
2025/11/27 05:08:57.750, 6, NVIDIA H100 80GB HBM3, P0, 53 %, 9 %, 81559 MiB, 22833 MiB, 58247 MiB, 46, 55, 332.25 W, 700.00 W, 700.00 W, 1980 MHz, 2619 MHz, [N/A]
2025/11/27 05:08:57.751, 7, NVIDIA H100 80GB HBM3, P0, 88 %, 12 %, 81559 MiB, 22067 MiB, 59013 MiB, 43, 52, 325.45 W, 700.00 W, 700.00 W, 1980 MHz, 2619 MHz, [N/A]
2025/11/27 05:09:02.752, 0, NVIDIA H100 80GB HBM3, P0, 95 %, 60 %, 81559 MiB, 25037 MiB, 56043 MiB, 43, 51, 333.42 W, 700.00 W, 700.00 W, 1965 MHz, 2619 MHz, [N/A]
2025/11/27 05:09:02.754, 1, NVIDIA H100 80GB HBM3, P0, 99 %, 66 %, 81559 MiB, 23831 MiB, 57249 MiB, 48, 54, 393.98 W, 700.00 W, 700.00 W, 1980 MHz, 2619 MHz, [N/A]
2025/11/27 05:09:02.755, 2, NVIDIA H100 80GB HBM3, P0, 100 %, 54 %, 81559 MiB, 23531 MiB, 57549 MiB, 47, 54, 354.41 W, 700.00 W, 700.00 W, 1980 MHz, 2619 MHz, [N/A]
2025/11/27 05:09:02.755, 3, NVIDIA H100 80GB HBM3, P0, 93 %, 53 %, 81559 MiB, 23723 MiB, 57357 MiB, 42, 52, 348.77 W, 700.00 W, 700.00 W, 1980 MHz, 2619 MHz, [N/A]
2025/11/27 05:09:02.761, 4, NVIDIA H100 80GB HBM3, P0, 97 %, 61 %, 81559 MiB, 24087 MiB, 56993 MiB, 45, 51, 382.03 W, 700.00 W, 700.00 W, 1980 MHz, 2619 MHz, [N/A]
2025/11/27 05:09:02.762, 5, NVIDIA H100 80GB HBM3, P0, 99 %, 70 %, 81559 MiB, 24419 MiB, 56661 MiB, 49, 55, 369.72 W, 700.00 W, 700.00 W, 1980 MHz, 2619 MHz, [N/A]
2025/11/27 05:09:02.763, 6, NVIDIA H100 80GB HBM3, P0, 100 %, 72 %, 81559 MiB, 22833 MiB, 58247 MiB, 45, 55, 354.31 W, 700.00 W, 700.00 W, 1980 MHz, 2619 MHz, [N/A]
2025/11/27 05:09:02.763, 7, NVIDIA H100 80GB HBM3, P0, 92 %, 48 %, 81559 MiB, 22067 MiB, 59013 MiB, 43, 51, 359.94 W, 700.00 W, 700.00 W, 1980 MHz, 2619 MHz, [N/A]
2025/11/27 05:09:07.764, 0, NVIDIA H100 80GB HBM3, P0, 56 %, 21 %, 81559 MiB, 25033 MiB, 56047 MiB, 46, 53, 394.95 W, 700.00 W, 700.00 W, 1950 MHz, 2619 MHz, [N/A]
2025/11/27 05:09:07.766, 1, NVIDIA H100 80GB HBM3, P0, 94 %, 41 %, 81559 MiB, 23829 MiB, 57251 MiB, 48, 54, 357.92 W, 700.00 W, 700.00 W, 1980 MHz, 2619 MHz, [N/A]
2025/11/27 05:09:07.767, 2, NVIDIA H100 80GB HBM3, P0, 83 %, 51 %, 81559 MiB, 23531 MiB, 57549 MiB, 50, 55, 347.97 W, 700.00 W, 700.00 W, 1980 MHz, 2619 MHz, [N/A]
2025/11/27 05:09:07.769, 3, NVIDIA H100 80GB HBM3, P0, 54 %, 26 %, 81559 MiB, 23723 MiB, 57357 MiB, 46, 53, 382.98 W, 700.00 W, 700.00 W, 1935 MHz, 2619 MHz, [N/A]
2025/11/27 05:09:07.770, 4, NVIDIA H100 80GB HBM3, P0, 49 %, 10 %, 81559 MiB, 24085 MiB, 56995 MiB, 40, 48, 340.54 W, 700.00 W, 700.00 W, 1980 MHz, 2619 MHz, [N/A]
2025/11/27 05:09:07.779, 5, NVIDIA H100 80GB HBM3, P0, 69 %, 17 %, 81559 MiB, 24417 MiB, 56663 MiB, 46, 51, 342.76 W, 700.00 W, 700.00 W, 1980 MHz, 2619 MHz, [N/A]
2025/11/27 05:09:07.780, 6, NVIDIA H100 80GB HBM3, P0, 90 %, 21 %, 81559 MiB, 22825 MiB, 58255 MiB, 45, 51, 383.94 W, 700.00 W, 700.00 W, 1980 MHz, 2619 MHz, [N/A]
2025/11/27 05:09:07.781, 7, NVIDIA H100 80GB HBM3, P0, 86 %, 19 %, 81559 MiB, 22067 MiB, 59013 MiB, 43, 51, 340.79 W, 700.00 W, 700.00 W, 1980 MHz, 2619 MHz, [N/A]
2025/11/27 05:09:12.782, 0, NVIDIA H100 80GB HBM3, P0, 100 %, 63 %, 81559 MiB, 25033 MiB, 56047 MiB, 45, 58, 386.78 W, 700.00 W, 700.00 W, 1980 MHz, 2619 MHz, [N/A]
2025/11/27 05:09:12.783, 1, NVIDIA H100 80GB HBM3, P0, 100 %, 23 %, 81559 MiB, 23829 MiB, 57251 MiB, 48, 58, 376.73 W, 700.00 W, 700.00 W, 1980 MHz, 2619 MHz, [N/A]
2025/11/27 05:09:12.784, 2, NVIDIA H100 80GB HBM3, P0, 100 %, 65 %, 81559 MiB, 23529 MiB, 57551 MiB, 50, 60, 388.83 W, 700.00 W, 700.00 W, 1980 MHz, 2619 MHz, [N/A]
2025/11/27 05:09:12.785, 3, NVIDIA H100 80GB HBM3, P0, 100 %, 71 %, 81559 MiB, 23719 MiB, 57361 MiB, 43, 56, 375.45 W, 700.00 W, 700.00 W, 1980 MHz, 2619 MHz, [N/A]
2025/11/27 05:09:12.785, 4, NVIDIA H100 80GB HBM3, P0, 93 %, 54 %, 81559 MiB, 24085 MiB, 56995 MiB, 43, 54, 361.43 W, 700.00 W, 700.00 W, 1980 MHz, 2619 MHz, [N/A]
2025/11/27 05:09:12.786, 5, NVIDIA H100 80GB HBM3, P0, 100 %, 43 %, 81559 MiB, 24417 MiB, 56663 MiB, 46, 54, 362.93 W, 700.00 W, 700.00 W, 1980 MHz, 2619 MHz, [N/A]
2025/11/27 05:09:12.787, 6, NVIDIA H100 80GB HBM3, P0, 100 %, 58 %, 81559 MiB, 22825 MiB, 58255 MiB, 47, 55, 407.13 W, 700.00 W, 700.00 W, 1980 MHz, 2619 MHz, [N/A]
2025/11/27 05:09:12.787, 7, NVIDIA H100 80GB HBM3, P0, 99 %, 71 %, 81559 MiB, 22065 MiB, 59015 MiB, 43, 52, 358.11 W, 700.00 W, 700.00 W, 1980 MHz, 2619 MHz, [N/A]
2025/11/27 05:09:17.789, 0, NVIDIA H100 80GB HBM3, P0, 91 %, 56 %, 81559 MiB, 25033 MiB, 56047 MiB, 45, 53, 365.05 W, 700.00 W, 700.00 W, 1980 MHz, 2619 MHz, [N/A]
2025/11/27 05:09:17.790, 1, NVIDIA H100 80GB HBM3, P0, 100 %, 67 %, 81559 MiB, 23825 MiB, 57255 MiB, 49, 54, 392.52 W, 700.00 W, 700.00 W, 1950 MHz, 2619 MHz, [N/A]
2025/11/27 05:09:17.790, 2, NVIDIA H100 80GB HBM3, P0, 86 %, 53 %, 81559 MiB, 23529 MiB, 57551 MiB, 52, 56, 363.72 W, 700.00 W, 700.00 W, 1980 MHz, 2619 MHz, [N/A]
2025/11/27 05:09:17.791, 3, NVIDIA H100 80GB HBM3, P0, 62 %, 35 %, 81559 MiB, 23719 MiB, 57361 MiB, 44, 52, 316.74 W, 700.00 W, 700.00 W, 1980 MHz, 2619 MHz, [N/A]
2025/11/27 05:09:17.792, 4, NVIDIA H100 80GB HBM3, P0, 88 %, 14 %, 81559 MiB, 24085 MiB, 56995 MiB, 43, 50, 368.38 W, 700.00 W, 700.00 W, 1980 MHz, 2619 MHz, [N/A]
2025/11/27 05:09:17.792, 5, NVIDIA H100 80GB HBM3, P0, 99 %, 68 %, 81559 MiB, 24417 MiB, 56663 MiB, 47, 52, 331.25 W, 700.00 W, 700.00 W, 1980 MHz, 2619 MHz, [N/A]
2025/11/27 05:09:17.793, 6, NVIDIA H100 80GB HBM3, P0, 100 %, 70 %, 81559 MiB, 22825 MiB, 58255 MiB, 49, 54, 351.74 W, 700.00 W, 700.00 W, 1980 MHz, 2619 MHz, [N/A]
2025/11/27 05:09:17.794, 7, NVIDIA H100 80GB HBM3, P0, 90 %, 39 %, 81559 MiB, 22061 MiB, 59019 MiB, 43, 49, 376.01 W, 700.00 W, 700.00 W, 1980 MHz, 2619 MHz, [N/A]
2025/11/27 05:09:22.795, 0, NVIDIA H100 80GB HBM3, P0, 99 %, 69 %, 81559 MiB, 25031 MiB, 56049 MiB, 45, 57, 371.61 W, 700.00 W, 700.00 W, 1980 MHz, 2619 MHz, [N/A]
2025/11/27 05:09:22.796, 1, NVIDIA H100 80GB HBM3, P0, 100 %, 46 %, 81559 MiB, 23825 MiB, 57255 MiB, 47, 56, 360.40 W, 700.00 W, 700.00 W, 1980 MHz, 2619 MHz, [N/A]
2025/11/27 05:09:22.797, 2, NVIDIA H100 80GB HBM3, P0, 99 %, 68 %, 81559 MiB, 23527 MiB, 57553 MiB, 49, 58, 368.13 W, 700.00 W, 700.00 W, 1980 MHz, 2619 MHz, [N/A]
2025/11/27 05:09:22.798, 3, NVIDIA H100 80GB HBM3, P0, 100 %, 64 %, 81559 MiB, 23717 MiB, 57363 MiB, 42, 52, 342.15 W, 700.00 W, 700.00 W, 1980 MHz, 2619 MHz, [N/A]
2025/11/27 05:09:22.798, 4, NVIDIA H100 80GB HBM3, P0, 58 %, 25 %, 81559 MiB, 24081 MiB, 56999 MiB, 42, 53, 328.72 W, 700.00 W, 700.00 W, 1980 MHz, 2619 MHz, [N/A]
2025/11/27 05:09:22.799, 5, NVIDIA H100 80GB HBM3, P0, 100 %, 65 %, 81559 MiB, 24415 MiB, 56665 MiB, 47, 53, 338.99 W, 700.00 W, 700.00 W, 1980 MHz, 2619 MHz, [N/A]
2025/11/27 05:09:22.800, 6, NVIDIA H100 80GB HBM3, P0, 96 %, 63 %, 81559 MiB, 22823 MiB, 58257 MiB, 50, 55, 346.52 W, 700.00 W, 700.00 W, 1980 MHz, 2619 MHz, [N/A]
2025/11/27 05:09:22.800, 7, NVIDIA H100 80GB HBM3, P0, 100 %, 65 %, 81559 MiB, 22061 MiB, 59019 MiB, 47, 52, 395.90 W, 700.00 W, 700.00 W, 1980 MHz, 2619 MHz, [N/A]
2025/11/27 05:09:27.802, 0, NVIDIA H100 80GB HBM3, P0, 100 %, 45 %, 81559 MiB, 25031 MiB, 56049 MiB, 44, 57, 353.11 W, 700.00 W, 700.00 W, 1980 MHz, 2619 MHz, [N/A]
2025/11/27 05:09:27.803, 1, NVIDIA H100 80GB HBM3, P0, 93 %, 14 %, 81559 MiB, 23825 MiB, 57255 MiB, 49, 60, 376.97 W, 700.00 W, 700.00 W, 1980 MHz, 2619 MHz, [N/A]
2025/11/27 05:09:27.804, 2, NVIDIA H100 80GB HBM3, P0, 100 %, 50 %, 81559 MiB, 23525 MiB, 57555 MiB, 50, 60, 370.73 W, 700.00 W, 700.00 W, 1980 MHz, 2619 MHz, [N/A]
2025/11/27 05:09:27.805, 3, NVIDIA H100 80GB HBM3, P0, 100 %, 65 %, 81559 MiB, 23717 MiB, 57363 MiB, 45, 57, 397.45 W, 700.00 W, 700.00 W, 1980 MHz, 2619 MHz, [N/A]
2025/11/27 05:09:27.805, 4, NVIDIA H100 80GB HBM3, P0, 100 %, 64 %, 81559 MiB, 24081 MiB, 56999 MiB, 46, 51, 328.22 W, 700.00 W, 700.00 W, 1980 MHz, 2619 MHz, [N/A]
2025/11/27 05:09:27.807, 5, NVIDIA H100 80GB HBM3, P0, 100 %, 25 %, 81559 MiB, 24415 MiB, 56665 MiB, 48, 55, 333.25 W, 700.00 W, 700.00 W, 1980 MHz, 2619 MHz, [N/A]
2025/11/27 05:09:27.808, 6, NVIDIA H100 80GB HBM3, P0, 95 %, 23 %, 81559 MiB, 22823 MiB, 58257 MiB, 47, 58, 344.73 W, 700.00 W, 700.00 W, 1980 MHz, 2619 MHz, [N/A]
2025/11/27 05:09:27.808, 7, NVIDIA H100 80GB HBM3, P0, 100 %, 64 %, 81559 MiB, 22061 MiB, 59019 MiB, 44, 51, 379.84 W, 700.00 W, 700.00 W, 1980 MHz, 2619 MHz, [N/A]
2025/11/27 05:09:32.809, 0, NVIDIA H100 80GB HBM3, P0, 97 %, 25 %, 81559 MiB, 25031 MiB, 56049 MiB, 44, 55, 331.70 W, 700.00 W, 700.00 W, 1980 MHz, 2619 MHz, [N/A]
2025/11/27 05:09:32.811, 1, NVIDIA H100 80GB HBM3, P0, 100 %, 57 %, 81559 MiB, 23823 MiB, 57257 MiB, 49, 59, 389.75 W, 700.00 W, 700.00 W, 1980 MHz, 2619 MHz, [N/A]
2025/11/27 05:09:32.813, 2, NVIDIA H100 80GB HBM3, P0, 87 %, 31 %, 81559 MiB, 23525 MiB, 57555 MiB, 51, 56, 421.59 W, 700.00 W, 700.00 W, 1980 MHz, 2619 MHz, [N/A]
2025/11/27 05:09:32.814, 3, NVIDIA H100 80GB HBM3, P0, 39 %, 19 %, 81559 MiB, 23713 MiB, 57367 MiB, 48, 54, 385.29 W, 700.00 W, 700.00 W, 1965 MHz, 2619 MHz, [N/A]
2025/11/27 05:09:32.815, 4, NVIDIA H100 80GB HBM3, P0, 73 %, 22 %, 81559 MiB, 24081 MiB, 56999 MiB, 42, 51, 332.93 W, 700.00 W, 700.00 W, 1980 MHz, 2619 MHz, [N/A]
2025/11/27 05:09:32.816, 5, NVIDIA H100 80GB HBM3, P0, 65 %, 17 %, 81559 MiB, 24415 MiB, 56665 MiB, 47, 54, 344.90 W, 700.00 W, 700.00 W, 1980 MHz, 2619 MHz, [N/A]
2025/11/27 05:09:32.817, 6, NVIDIA H100 80GB HBM3, P0, 100 %, 43 %, 81559 MiB, 22823 MiB, 58257 MiB, 47, 57, 343.27 W, 700.00 W, 700.00 W, 1980 MHz, 2619 MHz, [N/A]
2025/11/27 05:09:32.819, 7, NVIDIA H100 80GB HBM3, P0, 99 %, 37 %, 81559 MiB, 22059 MiB, 59021 MiB, 45, 56, 370.79 W, 700.00 W, 700.00 W, 1965 MHz, 2619 MHz, [N/A]
2025/11/27 05:09:37.821, 0, NVIDIA H100 80GB HBM3, P0, 84 %, 16 %, 81559 MiB, 25029 MiB, 56051 MiB, 44, 55, 336.23 W, 700.00 W, 700.00 W, 1980 MHz, 2619 MHz, [N/A]
2025/11/27 05:09:37.822, 1, NVIDIA H100 80GB HBM3, P0, 97 %, 22 %, 81559 MiB, 23823 MiB, 57257 MiB, 48, 57, 378.91 W, 700.00 W, 700.00 W, 1980 MHz, 2619 MHz, [N/A]
2025/11/27 05:09:37.824, 2, NVIDIA H100 80GB HBM3, P0, 25 %, 11 %, 81559 MiB, 23525 MiB, 57555 MiB, 48, 54, 340.75 W, 700.00 W, 700.00 W, 1980 MHz, 2619 MHz, [N/A]
2025/11/27 05:09:37.824, 3, NVIDIA H100 80GB HBM3, P0, 53 %, 14 %, 81559 MiB, 23713 MiB, 57367 MiB, 43, 51, 352.60 W, 700.00 W, 700.00 W, 1980 MHz, 2619 MHz, [N/A]
2025/11/27 05:09:37.825, 4, NVIDIA H100 80GB HBM3, P0, 76 %, 18 %, 81559 MiB, 24079 MiB, 57001 MiB, 42, 49, 363.63 W, 700.00 W, 700.00 W, 1980 MHz, 2619 MHz, [N/A]
2025/11/27 05:09:37.826, 5, NVIDIA H100 80GB HBM3, P0, 72 %, 23 %, 81559 MiB, 24415 MiB, 56665 MiB, 47, 51, 338.14 W, 700.00 W, 700.00 W, 1980 MHz, 2619 MHz, [N/A]
2025/11/27 05:09:37.827, 6, NVIDIA H100 80GB HBM3, P0, 99 %, 30 %, 81559 MiB, 22819 MiB, 58261 MiB, 47, 57, 350.28 W, 700.00 W, 700.00 W, 1980 MHz, 2619 MHz, [N/A]
2025/11/27 05:09:37.828, 7, NVIDIA H100 80GB HBM3, P0, 90 %, 17 %, 81559 MiB, 22059 MiB, 59021 MiB, 44, 54, 375.12 W, 700.00 W, 700.00 W, 1980 MHz, 2619 MHz, [N/A]
2025/11/27 05:09:42.830, 0, NVIDIA H100 80GB HBM3, P0, 94 %, 36 %, 81559 MiB, 25027 MiB, 56053 MiB, 45, 58, 380.37 W, 700.00 W, 700.00 W, 1980 MHz, 2619 MHz, [N/A]
2025/11/27 05:09:42.831, 1, NVIDIA H100 80GB HBM3, P0, 100 %, 67 %, 81559 MiB, 23823 MiB, 57257 MiB, 49, 60, 361.23 W, 700.00 W, 700.00 W, 1980 MHz, 2619 MHz, [N/A]
2025/11/27 05:09:42.832, 2, NVIDIA H100 80GB HBM3, P0, 84 %, 52 %, 81559 MiB, 23523 MiB, 57557 MiB, 51, 60, 394.15 W, 700.00 W, 700.00 W, 1980 MHz, 2619 MHz, [N/A]
2025/11/27 05:09:42.832, 3, NVIDIA H100 80GB HBM3, P0, 79 %, 26 %, 81559 MiB, 23713 MiB, 57367 MiB, 43, 56, 368.05 W, 700.00 W, 700.00 W, 1980 MHz, 2619 MHz, [N/A]
2025/11/27 05:09:42.833, 4, NVIDIA H100 80GB HBM3, P0, 91 %, 58 %, 81559 MiB, 24079 MiB, 57001 MiB, 43, 53, 373.72 W, 700.00 W, 700.00 W, 1980 MHz, 2619 MHz, [N/A]
2025/11/27 05:09:42.834, 5, NVIDIA H100 80GB HBM3, P0, 74 %, 36 %, 81559 MiB, 24413 MiB, 56667 MiB, 49, 58, 383.80 W, 700.00 W, 700.00 W, 1980 MHz, 2619 MHz, [N/A]
2025/11/27 05:09:42.834, 6, NVIDIA H100 80GB HBM3, P0, 100 %, 71 %, 81559 MiB, 22819 MiB, 58261 MiB, 47, 57, 361.75 W, 700.00 W, 700.00 W, 1980 MHz, 2619 MHz, [N/A]
2025/11/27 05:09:42.835, 7, NVIDIA H100 80GB HBM3, P0, 84 %, 30 %, 81559 MiB, 22055 MiB, 59025 MiB, 45, 55, 373.68 W, 700.00 W, 700.00 W, 1980 MHz, 2619 MHz, [N/A]
2025/11/27 05:09:47.836, 0, NVIDIA H100 80GB HBM3, P0, 52 %, 23 %, 81559 MiB, 25027 MiB, 56053 MiB, 47, 53, 337.07 W, 700.00 W, 700.00 W, 1980 MHz, 2619 MHz, [N/A]
2025/11/27 05:09:47.838, 1, NVIDIA H100 80GB HBM3, P0, 92 %, 19 %, 81559 MiB, 23823 MiB, 57257 MiB, 48, 56, 344.98 W, 700.00 W, 700.00 W, 1980 MHz, 2619 MHz, [N/A]
2025/11/27 05:09:47.839, 2, NVIDIA H100 80GB HBM3, P0, 86 %, 52 %, 81559 MiB, 23523 MiB, 57557 MiB, 52, 57, 358.42 W, 700.00 W, 700.00 W, 1980 MHz, 2619 MHz, [N/A]
2025/11/27 05:09:47.840, 3, NVIDIA H100 80GB HBM3, P0, 90 %, 14 %, 81559 MiB, 23713 MiB, 57367 MiB, 45, 54, 356.22 W, 700.00 W, 700.00 W, 1980 MHz, 2619 MHz, [N/A]
2025/11/27 05:09:47.841, 4, NVIDIA H100 80GB HBM3, P0, 81 %, 25 %, 81559 MiB, 24079 MiB, 57001 MiB, 42, 48, 321.61 W, 700.00 W, 700.00 W, 1980 MHz, 2619 MHz, [N/A]
2025/11/27 05:09:47.841, 5, NVIDIA H100 80GB HBM3, P0, 81 %, 50 %, 81559 MiB, 24411 MiB, 56669 MiB, 49, 53, 363.08 W, 700.00 W, 700.00 W, 1980 MHz, 2619 MHz, [N/A]
2025/11/27 05:09:47.842, 6, NVIDIA H100 80GB HBM3, P0, 84 %, 17 %, 81559 MiB, 22819 MiB, 58261 MiB, 47, 57, 339.02 W, 700.00 W, 700.00 W, 1980 MHz, 2619 MHz, [N/A]
2025/11/27 05:09:47.843, 7, NVIDIA H100 80GB HBM3, P0, 91 %, 17 %, 81559 MiB, 22055 MiB, 59025 MiB, 44, 51, 388.26 W, 700.00 W, 700.00 W, 1980 MHz, 2619 MHz, [N/A]
2025/11/27 05:09:52.845, 0, NVIDIA H100 80GB HBM3, P0, 99 %, 25 %, 81559 MiB, 25027 MiB, 56053 MiB, 44, 55, 335.67 W, 700.00 W, 700.00 W, 1980 MHz, 2619 MHz, [N/A]
2025/11/27 05:09:52.846, 1, NVIDIA H100 80GB HBM3, P0, 100 %, 52 %, 81559 MiB, 23823 MiB, 57257 MiB, 49, 59, 332.71 W, 700.00 W, 700.00 W, 1980 MHz, 2619 MHz, [N/A]
2025/11/27 05:09:52.847, 2, NVIDIA H100 80GB HBM3, P0, 99 %, 66 %, 81559 MiB, 23523 MiB, 57557 MiB, 49, 60, 353.73 W, 700.00 W, 700.00 W, 1980 MHz, 2619 MHz, [N/A]
2025/11/27 05:09:52.848, 3, NVIDIA H100 80GB HBM3, P0, 96 %, 60 %, 81559 MiB, 23713 MiB, 57367 MiB, 44, 56, 363.54 W, 700.00 W, 700.00 W, 1980 MHz, 2619 MHz, [N/A]
2025/11/27 05:09:52.849, 4, NVIDIA H100 80GB HBM3, P0, 100 %, 27 %, 81559 MiB, 24079 MiB, 57001 MiB, 42, 53, 337.30 W, 700.00 W, 700.00 W, 1980 MHz, 2619 MHz, [N/A]
2025/11/27 05:09:52.850, 5, NVIDIA H100 80GB HBM3, P0, 99 %, 67 %, 81559 MiB, 24411 MiB, 56669 MiB, 48, 57, 344.83 W, 700.00 W, 700.00 W, 1980 MHz, 2619 MHz, [N/A]
2025/11/27 05:09:52.850, 6, NVIDIA H100 80GB HBM3, P0, 100 %, 65 %, 81559 MiB, 22819 MiB, 58261 MiB, 48, 57, 392.43 W, 700.00 W, 700.00 W, 1980 MHz, 2619 MHz, [N/A]
2025/11/27 05:09:52.851, 7, NVIDIA H100 80GB HBM3, P0, 44 %, 20 %, 81559 MiB, 22055 MiB, 59025 MiB, 45, 57, 365.07 W, 700.00 W, 700.00 W, 1980 MHz, 2619 MHz, [N/A]
2025/11/27 05:09:57.852, 0, NVIDIA H100 80GB HBM3, P0, 99 %, 66 %, 81559 MiB, 25025 MiB, 56055 MiB, 45, 53, 339.89 W, 700.00 W, 700.00 W, 1980 MHz, 2619 MHz, [N/A]
2025/11/27 05:09:57.853, 1, NVIDIA H100 80GB HBM3, P0, 86 %, 21 %, 81559 MiB, 23821 MiB, 57259 MiB, 51, 56, 355.96 W, 700.00 W, 700.00 W, 1980 MHz, 2619 MHz, [N/A]
2025/11/27 05:09:57.855, 2, NVIDIA H100 80GB HBM3, P0, 84 %, 20 %, 81559 MiB, 23523 MiB, 57557 MiB, 52, 57, 351.20 W, 700.00 W, 700.00 W, 1980 MHz, 2619 MHz, [N/A]
2025/11/27 05:09:57.856, 3, NVIDIA H100 80GB HBM3, P0, 95 %, 24 %, 81559 MiB, 23711 MiB, 57369 MiB, 48, 55, 367.58 W, 700.00 W, 700.00 W, 1980 MHz, 2619 MHz, [N/A]
2025/11/27 05:09:57.857, 4, NVIDIA H100 80GB HBM3, P0, 61 %, 31 %, 81559 MiB, 24075 MiB, 57005 MiB, 43, 49, 338.82 W, 700.00 W, 700.00 W, 1980 MHz, 2619 MHz, [N/A]
2025/11/27 05:09:57.858, 5, NVIDIA H100 80GB HBM3, P0, 84 %, 30 %, 81559 MiB, 24411 MiB, 56669 MiB, 48, 53, 374.92 W, 700.00 W, 700.00 W, 1980 MHz, 2619 MHz, [N/A]
2025/11/27 05:09:57.859, 6, NVIDIA H100 80GB HBM3, P0, 91 %, 28 %, 81559 MiB, 22817 MiB, 58263 MiB, 51, 55, 350.26 W, 700.00 W, 700.00 W, 1965 MHz, 2619 MHz, [N/A]
2025/11/27 05:09:57.860, 7, NVIDIA H100 80GB HBM3, P0, 100 %, 68 %, 81559 MiB, 22053 MiB, 59027 MiB, 47, 53, 411.96 W, 700.00 W, 700.00 W, 1980 MHz, 2619 MHz, [N/A]
2025/11/27 05:10:02.862, 0, NVIDIA H100 80GB HBM3, P0, 55 %, 11 %, 81559 MiB, 25025 MiB, 56055 MiB, 44, 52, 325.48 W, 700.00 W, 700.00 W, 1980 MHz, 2619 MHz, [N/A]
2025/11/27 05:10:02.863, 1, NVIDIA H100 80GB HBM3, P0, 93 %, 8 %, 81559 MiB, 23819 MiB, 57261 MiB, 48, 57, 340.74 W, 700.00 W, 700.00 W, 1980 MHz, 2619 MHz, [N/A]
2025/11/27 05:10:02.866, 2, NVIDIA H100 80GB HBM3, P0, 100 %, 60 %, 81559 MiB, 23517 MiB, 57563 MiB, 57, 59, 381.72 W, 700.00 W, 700.00 W, 1965 MHz, 2619 MHz, [N/A]
2025/11/27 05:10:02.867, 3, NVIDIA H100 80GB HBM3, P0, 100 %, 57 %, 81559 MiB, 23711 MiB, 57369 MiB, 43, 53, 367.54 W, 700.00 W, 700.00 W, 1980 MHz, 2619 MHz, [N/A]
2025/11/27 05:10:02.868, 4, NVIDIA H100 80GB HBM3, P0, 77 %, 23 %, 81559 MiB, 24075 MiB, 57005 MiB, 41, 47, 344.97 W, 700.00 W, 700.00 W, 1980 MHz, 2619 MHz, [N/A]
2025/11/27 05:10:02.869, 5, NVIDIA H100 80GB HBM3, P0, 100 %, 17 %, 81559 MiB, 24411 MiB, 56669 MiB, 48, 56, 363.26 W, 700.00 W, 700.00 W, 1980 MHz, 2619 MHz, [N/A]
2025/11/27 05:10:02.878, 6, NVIDIA H100 80GB HBM3, P0, 95 %, 15 %, 81559 MiB, 22817 MiB, 58263 MiB, 47, 57, 341.52 W, 700.00 W, 700.00 W, 1980 MHz, 2619 MHz, [N/A]
2025/11/27 05:10:02.879, 7, NVIDIA H100 80GB HBM3, P0, 91 %, 11 %, 81559 MiB, 22053 MiB, 59027 MiB, 44, 53, 343.47 W, 700.00 W, 700.00 W, 1980 MHz, 2619 MHz, [N/A]
2025/11/27 05:10:07.881, 0, NVIDIA H100 80GB HBM3, P0, 91 %, 36 %, 81559 MiB, 25025 MiB, 56055 MiB, 47, 54, 372.52 W, 700.00 W, 700.00 W, 1980 MHz, 2619 MHz, [N/A]
2025/11/27 05:10:07.882, 1, NVIDIA H100 80GB HBM3, P0, 93 %, 56 %, 81559 MiB, 23819 MiB, 57261 MiB, 50, 58, 415.01 W, 700.00 W, 700.00 W, 1980 MHz, 2619 MHz, [N/A]
2025/11/27 05:10:07.883, 2, NVIDIA H100 80GB HBM3, P0, 62 %, 28 %, 81559 MiB, 23515 MiB, 57565 MiB, 51, 58, 368.31 W, 700.00 W, 700.00 W, 1980 MHz, 2619 MHz, [N/A]
2025/11/27 05:10:07.884, 3, NVIDIA H100 80GB HBM3, P0, 75 %, 22 %, 81559 MiB, 23711 MiB, 57369 MiB, 44, 53, 402.07 W, 700.00 W, 700.00 W, 1980 MHz, 2619 MHz, [N/A]
2025/11/27 05:10:07.885, 4, NVIDIA H100 80GB HBM3, P0, 100 %, 66 %, 81559 MiB, 24075 MiB, 57005 MiB, 45, 53, 353.73 W, 700.00 W, 700.00 W, 1980 MHz, 2619 MHz, [N/A]
2025/11/27 05:10:07.885, 5, NVIDIA H100 80GB HBM3, P0, 70 %, 32 %, 81559 MiB, 24409 MiB, 56671 MiB, 53, 57, 382.39 W, 700.00 W, 700.00 W, 1980 MHz, 2619 MHz, [N/A]
2025/11/27 05:10:07.887, 6, NVIDIA H100 80GB HBM3, P0, 92 %, 40 %, 81559 MiB, 22817 MiB, 58263 MiB, 49, 55, 352.20 W, 700.00 W, 700.00 W, 1980 MHz, 2619 MHz, [N/A]
2025/11/27 05:10:07.888, 7, NVIDIA H100 80GB HBM3, P0, 100 %, 60 %, 81559 MiB, 22053 MiB, 59027 MiB, 45, 54, 380.25 W, 700.00 W, 700.00 W, 1980 MHz, 2619 MHz, [N/A]
2025/11/27 05:10:12.889, 0, NVIDIA H100 80GB HBM3, P0, 97 %, 19 %, 81559 MiB, 25025 MiB, 56055 MiB, 43, 53, 334.96 W, 700.00 W, 700.00 W, 1980 MHz, 2619 MHz, [N/A]
2025/11/27 05:10:12.891, 1, NVIDIA H100 80GB HBM3, P0, 98 %, 15 %, 81559 MiB, 23817 MiB, 57263 MiB, 51, 56, 420.09 W, 700.00 W, 700.00 W, 1980 MHz, 2619 MHz, [N/A]
2025/11/27 05:10:12.892, 2, NVIDIA H100 80GB HBM3, P0, 27 %, 12 %, 81559 MiB, 23515 MiB, 57565 MiB, 51, 58, 392.28 W, 700.00 W, 700.00 W, 1980 MHz, 2619 MHz, [N/A]
2025/11/27 05:10:12.893, 3, NVIDIA H100 80GB HBM3, P0, 93 %, 13 %, 81559 MiB, 23711 MiB, 57369 MiB, 45, 53, 356.25 W, 700.00 W, 700.00 W, 1980 MHz, 2619 MHz, [N/A]
2025/11/27 05:10:12.894, 4, NVIDIA H100 80GB HBM3, P0, 93 %, 9 %, 81559 MiB, 24075 MiB, 57005 MiB, 41, 50, 336.90 W, 700.00 W, 700.00 W, 1980 MHz, 2619 MHz, [N/A]
2025/11/27 05:10:12.895, 5, NVIDIA H100 80GB HBM3, P0, 39 %, 18 %, 81559 MiB, 24409 MiB, 56671 MiB, 48, 53, 361.92 W, 700.00 W, 700.00 W, 1980 MHz, 2619 MHz, [N/A]
2025/11/27 05:10:12.896, 6, NVIDIA H100 80GB HBM3, P0, 72 %, 13 %, 81559 MiB, 22817 MiB, 58263 MiB, 47, 53, 357.32 W, 700.00 W, 700.00 W, 1980 MHz, 2619 MHz, [N/A]
2025/11/27 05:10:12.897, 7, NVIDIA H100 80GB HBM3, P0, 91 %, 16 %, 81559 MiB, 22049 MiB, 59031 MiB, 44, 53, 366.07 W, 700.00 W, 700.00 W, 1980 MHz, 2619 MHz, [N/A]
2025/11/27 05:10:17.899, 0, NVIDIA H100 80GB HBM3, P0, 93 %, 55 %, 81559 MiB, 25023 MiB, 56057 MiB, 45, 53, 341.74 W, 700.00 W, 700.00 W, 1980 MHz, 2619 MHz, [N/A]
2025/11/27 05:10:17.900, 1, NVIDIA H100 80GB HBM3, P0, 100 %, 68 %, 81559 MiB, 23817 MiB, 57263 MiB, 49, 60, 395.86 W, 700.00 W, 700.00 W, 1980 MHz, 2619 MHz, [N/A]
2025/11/27 05:10:17.901, 2, NVIDIA H100 80GB HBM3, P0, 79 %, 49 %, 81559 MiB, 23515 MiB, 57565 MiB, 50, 56, 372.90 W, 700.00 W, 700.00 W, 1980 MHz, 2619 MHz, [N/A]
2025/11/27 05:10:17.901, 3, NVIDIA H100 80GB HBM3, P0, 92 %, 37 %, 81559 MiB, 23707 MiB, 57373 MiB, 44, 57, 355.51 W, 700.00 W, 700.00 W, 1980 MHz, 2619 MHz, [N/A]
2025/11/27 05:10:17.902, 4, NVIDIA H100 80GB HBM3, P0, 100 %, 58 %, 81559 MiB, 24075 MiB, 57005 MiB, 43, 50, 336.03 W, 700.00 W, 700.00 W, 1980 MHz, 2619 MHz, [N/A]
2025/11/27 05:10:17.903, 5, NVIDIA H100 80GB HBM3, P0, 99 %, 67 %, 81559 MiB, 24409 MiB, 56671 MiB, 50, 57, 419.46 W, 700.00 W, 700.00 W, 1980 MHz, 2619 MHz, [N/A]
2025/11/27 05:10:17.903, 6, NVIDIA H100 80GB HBM3, P0, 100 %, 70 %, 81559 MiB, 22817 MiB, 58263 MiB, 47, 55, 345.72 W, 700.00 W, 700.00 W, 1980 MHz, 2619 MHz, [N/A]
2025/11/27 05:10:17.904, 7, NVIDIA H100 80GB HBM3, P0, 64 %, 32 %, 81559 MiB, 22049 MiB, 59031 MiB, 47, 53, 340.40 W, 700.00 W, 700.00 W, 1980 MHz, 2619 MHz, [N/A]
2025/11/27 05:10:22.905, 0, NVIDIA H100 80GB HBM3, P0, 99 %, 67 %, 81559 MiB, 25021 MiB, 56059 MiB, 45, 57, 368.22 W, 700.00 W, 700.00 W, 1980 MHz, 2619 MHz, [N/A]
2025/11/27 05:10:22.906, 1, NVIDIA H100 80GB HBM3, P0, 96 %, 57 %, 81559 MiB, 23817 MiB, 57263 MiB, 49, 59, 361.67 W, 700.00 W, 700.00 W, 1980 MHz, 2619 MHz, [N/A]
2025/11/27 05:10:22.906, 2, NVIDIA H100 80GB HBM3, P0, 99 %, 69 %, 81559 MiB, 23513 MiB, 57567 MiB, 50, 60, 381.21 W, 700.00 W, 700.00 W, 1980 MHz, 2619 MHz, [N/A]
2025/11/27 05:10:22.907, 3, NVIDIA H100 80GB HBM3, P0, 99 %, 65 %, 81559 MiB, 23707 MiB, 57373 MiB, 43, 55, 362.95 W, 700.00 W, 700.00 W, 1980 MHz, 2619 MHz, [N/A]
2025/11/27 05:10:22.908, 4, NVIDIA H100 80GB HBM3, P0, 92 %, 24 %, 81559 MiB, 24073 MiB, 57007 MiB, 43, 53, 392.51 W, 700.00 W, 700.00 W, 1980 MHz, 2619 MHz, [N/A]
2025/11/27 05:10:22.908, 5, NVIDIA H100 80GB HBM3, P0, 100 %, 63 %, 81559 MiB, 24409 MiB, 56671 MiB, 49, 59, 377.05 W, 700.00 W, 700.00 W, 1980 MHz, 2619 MHz, [N/A]
2025/11/27 05:10:22.909, 6, NVIDIA H100 80GB HBM3, P0, 100 %, 54 %, 81559 MiB, 22813 MiB, 58267 MiB, 48, 59, 364.56 W, 700.00 W, 700.00 W, 1980 MHz, 2619 MHz, [N/A]
2025/11/27 05:10:22.909, 7, NVIDIA H100 80GB HBM3, P0, 100 %, 67 %, 81559 MiB, 22049 MiB, 59031 MiB, 46, 55, 375.68 W, 700.00 W, 700.00 W, 1965 MHz, 2619 MHz, [N/A]
2025/11/27 05:10:27.911, 0, NVIDIA H100 80GB HBM3, P0, 70 %, 31 %, 81559 MiB, 25021 MiB, 56059 MiB, 46, 56, 372.71 W, 700.00 W, 700.00 W, 1980 MHz, 2619 MHz, [N/A]
2025/11/27 05:10:27.912, 1, NVIDIA H100 80GB HBM3, P0, 96 %, 25 %, 81559 MiB, 23817 MiB, 57263 MiB, 50, 56, 381.37 W, 700.00 W, 700.00 W, 1980 MHz, 2619 MHz, [N/A]
2025/11/27 05:10:27.913, 2, NVIDIA H100 80GB HBM3, P0, 100 %, 18 %, 81559 MiB, 23513 MiB, 57567 MiB, 50, 58, 379.67 W, 700.00 W, 700.00 W, 1980 MHz, 2619 MHz, [N/A]
2025/11/27 05:10:27.914, 3, NVIDIA H100 80GB HBM3, P0, 77 %, 40 %, 81559 MiB, 23707 MiB, 57373 MiB, 45, 53, 385.63 W, 700.00 W, 700.00 W, 1980 MHz, 2619 MHz, [N/A]
2025/11/27 05:10:27.915, 4, NVIDIA H100 80GB HBM3, P0, 88 %, 17 %, 81559 MiB, 24073 MiB, 57007 MiB, 42, 51, 364.69 W, 700.00 W, 700.00 W, 1980 MHz, 2619 MHz, [N/A]
2025/11/27 05:10:27.916, 5, NVIDIA H100 80GB HBM3, P0, 98 %, 36 %, 81559 MiB, 24407 MiB, 56673 MiB, 50, 54, 421.75 W, 700.00 W, 700.00 W, 1980 MHz, 2619 MHz, [N/A]
2025/11/27 05:10:27.917, 6, NVIDIA H100 80GB HBM3, P0, 100 %, 31 %, 81559 MiB, 22813 MiB, 58267 MiB, 48, 53, 401.32 W, 700.00 W, 700.00 W, 1980 MHz, 2619 MHz, [N/A]
2025/11/27 05:10:27.918, 7, NVIDIA H100 80GB HBM3, P0, 93 %, 19 %, 81559 MiB, 22049 MiB, 59031 MiB, 44, 55, 333.72 W, 700.00 W, 700.00 W, 1980 MHz, 2619 MHz, [N/A]
2025/11/27 05:10:32.921, 0, NVIDIA H100 80GB HBM3, P0, 97 %, 39 %, 81559 MiB, 25021 MiB, 56059 MiB, 46, 56, 397.86 W, 700.00 W, 700.00 W, 1980 MHz, 2619 MHz, [N/A]
2025/11/27 05:10:32.922, 1, NVIDIA H100 80GB HBM3, P0, 99 %, 40 %, 81559 MiB, 23817 MiB, 57263 MiB, 53, 58, 387.82 W, 700.00 W, 700.00 W, 1965 MHz, 2619 MHz, [N/A]
2025/11/27 05:10:32.923, 2, NVIDIA H100 80GB HBM3, P0, 66 %, 31 %, 81559 MiB, 23513 MiB, 57567 MiB, 52, 59, 388.10 W, 700.00 W, 700.00 W, 1980 MHz, 2619 MHz, [N/A]
2025/11/27 05:10:32.924, 3, NVIDIA H100 80GB HBM3, P0, 77 %, 25 %, 81559 MiB, 23705 MiB, 57375 MiB, 45, 57, 373.29 W, 700.00 W, 700.00 W, 1980 MHz, 2619 MHz, [N/A]
2025/11/27 05:10:32.926, 4, NVIDIA H100 80GB HBM3, P0, 96 %, 60 %, 81559 MiB, 24073 MiB, 57007 MiB, 46, 51, 422.79 W, 700.00 W, 700.00 W, 1980 MHz, 2619 MHz, [N/A]
2025/11/27 05:10:32.926, 5, NVIDIA H100 80GB HBM3, P0, 74 %, 36 %, 81559 MiB, 24407 MiB, 56673 MiB, 55, 59, 403.68 W, 700.00 W, 700.00 W, 1980 MHz, 2619 MHz, [N/A]
2025/11/27 05:10:32.927, 6, NVIDIA H100 80GB HBM3, P0, 84 %, 46 %, 81559 MiB, 22813 MiB, 58267 MiB, 52, 58, 406.66 W, 700.00 W, 700.00 W, 1980 MHz, 2619 MHz, [N/A]
2025/11/27 05:10:32.928, 7, NVIDIA H100 80GB HBM3, P0, 79 %, 29 %, 81559 MiB, 22047 MiB, 59033 MiB, 45, 55, 389.70 W, 700.00 W, 700.00 W, 1980 MHz, 2619 MHz, [N/A]
2025/11/27 05:10:37.930, 0, NVIDIA H100 80GB HBM3, P0, 100 %, 65 %, 81559 MiB, 25021 MiB, 56059 MiB, 45, 57, 324.67 W, 700.00 W, 700.00 W, 1980 MHz, 2619 MHz, [N/A]
2025/11/27 05:10:37.931, 1, NVIDIA H100 80GB HBM3, P0, 99 %, 67 %, 81559 MiB, 23817 MiB, 57263 MiB, 49, 58, 349.47 W, 700.00 W, 700.00 W, 1980 MHz, 2619 MHz, [N/A]
2025/11/27 05:10:37.932, 2, NVIDIA H100 80GB HBM3, P0, 99 %, 67 %, 81559 MiB, 23513 MiB, 57567 MiB, 50, 60, 347.83 W, 700.00 W, 700.00 W, 1980 MHz, 2619 MHz, [N/A]
2025/11/27 05:10:37.933, 3, NVIDIA H100 80GB HBM3, P0, 100 %, 70 %, 81559 MiB, 23701 MiB, 57379 MiB, 43, 55, 339.54 W, 700.00 W, 700.00 W, 1980 MHz, 2619 MHz, [N/A]
2025/11/27 05:10:37.933, 4, NVIDIA H100 80GB HBM3, P0, 84 %, 15 %, 81559 MiB, 24073 MiB, 57007 MiB, 43, 54, 335.85 W, 700.00 W, 700.00 W, 1980 MHz, 2619 MHz, [N/A]
2025/11/27 05:10:37.934, 5, NVIDIA H100 80GB HBM3, P0, 100 %, 53 %, 81559 MiB, 24405 MiB, 56675 MiB, 49, 58, 384.58 W, 700.00 W, 700.00 W, 1980 MHz, 2619 MHz, [N/A]
2025/11/27 05:10:37.934, 6, NVIDIA H100 80GB HBM3, P0, 100 %, 66 %, 81559 MiB, 22813 MiB, 58267 MiB, 48, 57, 369.59 W, 700.00 W, 700.00 W, 1980 MHz, 2619 MHz, [N/A]
2025/11/27 05:10:37.935, 7, NVIDIA H100 80GB HBM3, P0, 100 %, 69 %, 81559 MiB, 22047 MiB, 59033 MiB, 45, 55, 405.91 W, 700.00 W, 700.00 W, 1980 MHz, 2619 MHz, [N/A]
2025/11/27 05:10:42.937, 0, NVIDIA H100 80GB HBM3, P0, 99 %, 37 %, 81559 MiB, 25021 MiB, 56059 MiB, 45, 57, 394.60 W, 700.00 W, 700.00 W, 1980 MHz, 2619 MHz, [N/A]
2025/11/27 05:10:42.939, 1, NVIDIA H100 80GB HBM3, P0, 100 %, 59 %, 81559 MiB, 23817 MiB, 57263 MiB, 56, 58, 427.07 W, 700.00 W, 700.00 W, 1965 MHz, 2619 MHz, [N/A]
2025/11/27 05:10:42.939, 2, NVIDIA H100 80GB HBM3, P0, 92 %, 45 %, 81559 MiB, 23513 MiB, 57567 MiB, 51, 61, 399.05 W, 700.00 W, 700.00 W, 1980 MHz, 2619 MHz, [N/A]
2025/11/27 05:10:42.940, 3, NVIDIA H100 80GB HBM3, P0, 91 %, 48 %, 81559 MiB, 23701 MiB, 57379 MiB, 46, 53, 382.75 W, 700.00 W, 700.00 W, 1980 MHz, 2619 MHz, [N/A]
2025/11/27 05:10:42.941, 4, NVIDIA H100 80GB HBM3, P0, 94 %, 41 %, 81559 MiB, 24073 MiB, 57007 MiB, 44, 53, 379.94 W, 700.00 W, 700.00 W, 1980 MHz, 2619 MHz, [N/A]
2025/11/27 05:10:42.942, 5, NVIDIA H100 80GB HBM3, P0, 89 %, 41 %, 81559 MiB, 24405 MiB, 56675 MiB, 51, 58, 421.92 W, 700.00 W, 700.00 W, 1980 MHz, 2619 MHz, [N/A]
2025/11/27 05:10:42.942, 6, NVIDIA H100 80GB HBM3, P0, 94 %, 59 %, 81559 MiB, 22813 MiB, 58267 MiB, 49, 58, 383.36 W, 700.00 W, 700.00 W, 1980 MHz, 2619 MHz, [N/A]
2025/11/27 05:10:42.943, 7, NVIDIA H100 80GB HBM3, P0, 90 %, 47 %, 81559 MiB, 22043 MiB, 59037 MiB, 45, 55, 377.39 W, 700.00 W, 700.00 W, 1980 MHz, 2619 MHz, [N/A]
2025/11/27 05:10:47.945, 0, NVIDIA H100 80GB HBM3, P0, 100 %, 56 %, 81559 MiB, 25019 MiB, 56061 MiB, 46, 58, 399.42 W, 700.00 W, 700.00 W, 1980 MHz, 2619 MHz, [N/A]
2025/11/27 05:10:47.946, 1, NVIDIA H100 80GB HBM3, P0, 100 %, 66 %, 81559 MiB, 23815 MiB, 57265 MiB, 50, 60, 404.23 W, 700.00 W, 700.00 W, 1980 MHz, 2619 MHz, [N/A]
2025/11/27 05:10:47.946, 2, NVIDIA H100 80GB HBM3, P0, 99 %, 59 %, 81559 MiB, 23513 MiB, 57567 MiB, 52, 62, 407.01 W, 700.00 W, 700.00 W, 1980 MHz, 2619 MHz, [N/A]
2025/11/27 05:10:47.947, 3, NVIDIA H100 80GB HBM3, P0, 100 %, 66 %, 81559 MiB, 23701 MiB, 57379 MiB, 44, 55, 404.69 W, 700.00 W, 700.00 W, 1980 MHz, 2619 MHz, [N/A]
2025/11/27 05:10:47.948, 4, NVIDIA H100 80GB HBM3, P0, 89 %, 35 %, 81559 MiB, 24073 MiB, 57007 MiB, 44, 53, 402.90 W, 700.00 W, 700.00 W, 1980 MHz, 2619 MHz, [N/A]
2025/11/27 05:10:47.948, 5, NVIDIA H100 80GB HBM3, P0, 100 %, 44 %, 81559 MiB, 24405 MiB, 56675 MiB, 50, 59, 410.18 W, 700.00 W, 700.00 W, 1980 MHz, 2619 MHz, [N/A]
2025/11/27 05:10:47.949, 6, NVIDIA H100 80GB HBM3, P0, 100 %, 71 %, 81559 MiB, 22813 MiB, 58267 MiB, 49, 57, 388.25 W, 700.00 W, 700.00 W, 1980 MHz, 2619 MHz, [N/A]
2025/11/27 05:10:47.949, 7, NVIDIA H100 80GB HBM3, P0, 99 %, 66 %, 81559 MiB, 22043 MiB, 59037 MiB, 46, 57, 393.94 W, 700.00 W, 700.00 W, 1980 MHz, 2619 MHz, [N/A]
2025/11/27 05:10:52.950, 0, NVIDIA H100 80GB HBM3, P0, 100 %, 64 %, 81559 MiB, 25019 MiB, 56061 MiB, 46, 59, 356.71 W, 700.00 W, 700.00 W, 1980 MHz, 2619 MHz, [N/A]
2025/11/27 05:10:52.952, 1, NVIDIA H100 80GB HBM3, P0, 100 %, 69 %, 81559 MiB, 23813 MiB, 57267 MiB, 50, 60, 385.40 W, 700.00 W, 700.00 W, 1980 MHz, 2619 MHz, [N/A]
2025/11/27 05:10:52.953, 2, NVIDIA H100 80GB HBM3, P0, 100 %, 65 %, 81559 MiB, 23511 MiB, 57569 MiB, 52, 62, 422.77 W, 700.00 W, 700.00 W, 1980 MHz, 2619 MHz, [N/A]
2025/11/27 05:10:52.953, 3, NVIDIA H100 80GB HBM3, P0, 100 %, 70 %, 81559 MiB, 23701 MiB, 57379 MiB, 44, 56, 355.51 W, 700.00 W, 700.00 W, 1980 MHz, 2619 MHz, [N/A]
2025/11/27 05:10:52.954, 4, NVIDIA H100 80GB HBM3, P0, 79 %, 27 %, 81559 MiB, 24073 MiB, 57007 MiB, 44, 55, 362.35 W, 700.00 W, 700.00 W, 1980 MHz, 2619 MHz, [N/A]
2025/11/27 05:10:52.955, 5, NVIDIA H100 80GB HBM3, P0, 100 %, 52 %, 81559 MiB, 24405 MiB, 56675 MiB, 50, 59, 371.85 W, 700.00 W, 700.00 W, 1980 MHz, 2619 MHz, [N/A]
2025/11/27 05:10:52.956, 6, NVIDIA H100 80GB HBM3, P0, 100 %, 68 %, 81559 MiB, 22811 MiB, 58269 MiB, 48, 59, 364.99 W, 700.00 W, 700.00 W, 1980 MHz, 2619 MHz, [N/A]
2025/11/27 05:10:52.957, 7, NVIDIA H100 80GB HBM3, P0, 100 %, 73 %, 81559 MiB, 22043 MiB, 59037 MiB, 46, 56, 380.62 W, 700.00 W, 700.00 W, 1965 MHz, 2619 MHz, [N/A]
2025/11/27 05:10:57.959, 0, NVIDIA H100 80GB HBM3, P0, 90 %, 20 %, 81559 MiB, 25019 MiB, 56061 MiB, 46, 53, 319.38 W, 700.00 W, 700.00 W, 1980 MHz, 2619 MHz, [N/A]
2025/11/27 05:10:57.960, 1, NVIDIA H100 80GB HBM3, P0, 90 %, 24 %, 81559 MiB, 23813 MiB, 57267 MiB, 50, 56, 359.29 W, 700.00 W, 700.00 W, 1980 MHz, 2619 MHz, [N/A]
2025/11/27 05:10:57.961, 2, NVIDIA H100 80GB HBM3, P0, 77 %, 26 %, 81559 MiB, 23511 MiB, 57569 MiB, 55, 59, 378.86 W, 700.00 W, 700.00 W, 1980 MHz, 2619 MHz, [N/A]
2025/11/27 05:10:57.962, 3, NVIDIA H100 80GB HBM3, P0, 46 %, 22 %, 81559 MiB, 23699 MiB, 57381 MiB, 47, 54, 427.79 W, 700.00 W, 700.00 W, 1965 MHz, 2619 MHz, [N/A]
2025/11/27 05:10:57.963, 4, NVIDIA H100 80GB HBM3, P0, 99 %, 63 %, 81559 MiB, 24073 MiB, 57007 MiB, 46, 52, 370.08 W, 700.00 W, 700.00 W, 1980 MHz, 2619 MHz, [N/A]
2025/11/27 05:10:57.965, 5, NVIDIA H100 80GB HBM3, P0, 68 %, 21 %, 81559 MiB, 24405 MiB, 56675 MiB, 48, 53, 316.75 W, 700.00 W, 700.00 W, 1980 MHz, 2619 MHz, [N/A]
2025/11/27 05:10:57.966, 6, NVIDIA H100 80GB HBM3, P0, 98 %, 41 %, 81559 MiB, 22811 MiB, 58269 MiB, 52, 57, 361.28 W, 700.00 W, 700.00 W, 1965 MHz, 2619 MHz, [N/A]
2025/11/27 05:10:57.980, 7, NVIDIA H100 80GB HBM3, P0, 91 %, 22 %, 81559 MiB, 22043 MiB, 59037 MiB, 46, 51, 320.92 W, 700.00 W, 700.00 W, 1980 MHz, 2619 MHz, [N/A]
2025/11/27 05:11:02.981, 0, NVIDIA H100 80GB HBM3, P0, 90 %, 31 %, 81559 MiB, 25019 MiB, 56061 MiB, 50, 57, 365.33 W, 700.00 W, 700.00 W, 1980 MHz, 2619 MHz, [N/A]
2025/11/27 05:11:02.983, 1, NVIDIA H100 80GB HBM3, P0, 96 %, 39 %, 81559 MiB, 23813 MiB, 57267 MiB, 53, 60, 402.15 W, 700.00 W, 700.00 W, 1980 MHz, 2619 MHz, [N/A]
2025/11/27 05:11:02.985, 2, NVIDIA H100 80GB HBM3, P0, 68 %, 31 %, 81559 MiB, 23511 MiB, 57569 MiB, 52, 62, 451.38 W, 700.00 W, 700.00 W, 1980 MHz, 2619 MHz, [N/A]
2025/11/27 05:11:02.987, 3, NVIDIA H100 80GB HBM3, P0, 93 %, 37 %, 81559 MiB, 23697 MiB, 57383 MiB, 45, 59, 434.59 W, 700.00 W, 700.00 W, 1980 MHz, 2619 MHz, [N/A]
2025/11/27 05:11:02.987, 4, NVIDIA H100 80GB HBM3, P0, 76 %, 43 %, 81559 MiB, 24073 MiB, 57007 MiB, 43, 55, 385.61 W, 700.00 W, 700.00 W, 1980 MHz, 2619 MHz, [N/A]
2025/11/27 05:11:02.988, 5, NVIDIA H100 80GB HBM3, P0, 76 %, 44 %, 81559 MiB, 24405 MiB, 56675 MiB, 50, 58, 424.51 W, 700.00 W, 700.00 W, 1980 MHz, 2619 MHz, [N/A]
2025/11/27 05:11:02.989, 6, NVIDIA H100 80GB HBM3, P0, 77 %, 27 %, 81559 MiB, 22811 MiB, 58269 MiB, 50, 59, 399.41 W, 700.00 W, 700.00 W, 1980 MHz, 2619 MHz, [N/A]
2025/11/27 05:11:02.989, 7, NVIDIA H100 80GB HBM3, P0, 73 %, 22 %, 81559 MiB, 22043 MiB, 59037 MiB, 46, 55, 393.02 W, 700.00 W, 700.00 W, 1980 MHz, 2619 MHz, [N/A]
2025/11/27 05:11:07.991, 0, NVIDIA H100 80GB HBM3, P0, 100 %, 59 %, 81559 MiB, 25019 MiB, 56061 MiB, 45, 56, 416.96 W, 700.00 W, 700.00 W, 1980 MHz, 2619 MHz, [N/A]
2025/11/27 05:11:07.992, 1, NVIDIA H100 80GB HBM3, P0, 63 %, 36 %, 81559 MiB, 23813 MiB, 57267 MiB, 50, 60, 370.74 W, 700.00 W, 700.00 W, 1980 MHz, 2619 MHz, [N/A]
2025/11/27 05:11:07.992, 2, NVIDIA H100 80GB HBM3, P0, 84 %, 12 %, 81559 MiB, 23509 MiB, 57571 MiB, 52, 62, 382.66 W, 700.00 W, 700.00 W, 1980 MHz, 2619 MHz, [N/A]
2025/11/27 05:11:07.993, 3, NVIDIA H100 80GB HBM3, P0, 95 %, 20 %, 81559 MiB, 23697 MiB, 57383 MiB, 44, 57, 397.79 W, 700.00 W, 700.00 W, 1980 MHz, 2619 MHz, [N/A]
2025/11/27 05:11:07.995, 4, NVIDIA H100 80GB HBM3, P0, 100 %, 59 %, 81559 MiB, 24073 MiB, 57007 MiB, 44, 55, 376.72 W, 700.00 W, 700.00 W, 1980 MHz, 2619 MHz, [N/A]
2025/11/27 05:11:07.995, 5, NVIDIA H100 80GB HBM3, P0, 98 %, 22 %, 81559 MiB, 24403 MiB, 56677 MiB, 49, 59, 393.38 W, 700.00 W, 700.00 W, 1980 MHz, 2619 MHz, [N/A]
2025/11/27 05:11:07.996, 6, NVIDIA H100 80GB HBM3, P0, 100 %, 32 %, 81559 MiB, 22811 MiB, 58269 MiB, 48, 59, 379.61 W, 700.00 W, 700.00 W, 1980 MHz, 2619 MHz, [N/A]
2025/11/27 05:11:08.002, 7, NVIDIA H100 80GB HBM3, P0, 100 %, 69 %, 81559 MiB, 22043 MiB, 59037 MiB, 45, 54, 376.92 W, 700.00 W, 700.00 W, 1980 MHz, 2619 MHz, [N/A]
2025/11/27 05:11:13.004, 0, NVIDIA H100 80GB HBM3, P0, 99 %, 66 %, 81559 MiB, 25019 MiB, 56061 MiB, 45, 55, 336.61 W, 700.00 W, 700.00 W, 1980 MHz, 2619 MHz, [N/A]
2025/11/27 05:11:13.005, 1, NVIDIA H100 80GB HBM3, P0, 100 %, 55 %, 81559 MiB, 23813 MiB, 57267 MiB, 50, 61, 364.46 W, 700.00 W, 700.00 W, 1980 MHz, 2619 MHz, [N/A]
2025/11/27 05:11:13.006, 2, NVIDIA H100 80GB HBM3, P0, 100 %, 38 %, 81559 MiB, 23509 MiB, 57571 MiB, 51, 59, 384.11 W, 700.00 W, 700.00 W, 1980 MHz, 2619 MHz, [N/A]
2025/11/27 05:11:13.007, 3, NVIDIA H100 80GB HBM3, P0, 92 %, 59 %, 81559 MiB, 23697 MiB, 57383 MiB, 46, 55, 385.90 W, 700.00 W, 700.00 W, 1980 MHz, 2619 MHz, [N/A]
2025/11/27 05:11:13.007, 4, NVIDIA H100 80GB HBM3, P0, 100 %, 70 %, 81559 MiB, 24069 MiB, 57011 MiB, 43, 53, 376.89 W, 700.00 W, 700.00 W, 1980 MHz, 2619 MHz, [N/A]
2025/11/27 05:11:13.008, 5, NVIDIA H100 80GB HBM3, P0, 100 %, 15 %, 81559 MiB, 24403 MiB, 56677 MiB, 50, 59, 377.55 W, 700.00 W, 700.00 W, 1980 MHz, 2619 MHz, [N/A]
2025/11/27 05:11:13.009, 6, NVIDIA H100 80GB HBM3, P0, 100 %, 66 %, 81559 MiB, 22811 MiB, 58269 MiB, 49, 59, 356.95 W, 700.00 W, 700.00 W, 1980 MHz, 2619 MHz, [N/A]
2025/11/27 05:11:13.009, 7, NVIDIA H100 80GB HBM3, P0, 94 %, 59 %, 81559 MiB, 22043 MiB, 59037 MiB, 45, 57, 348.64 W, 700.00 W, 700.00 W, 1980 MHz, 2619 MHz, [N/A]
2025/11/27 05:11:18.011, 0, NVIDIA H100 80GB HBM3, P0, 95 %, 16 %, 81559 MiB, 25019 MiB, 56061 MiB, 48, 55, 367.34 W, 700.00 W, 700.00 W, 1980 MHz, 2619 MHz, [N/A]
2025/11/27 05:11:18.012, 1, NVIDIA H100 80GB HBM3, P0, 91 %, 45 %, 81559 MiB, 23813 MiB, 57267 MiB, 49, 56, 378.44 W, 700.00 W, 700.00 W, 1980 MHz, 2619 MHz, [N/A]
2025/11/27 05:11:18.013, 2, NVIDIA H100 80GB HBM3, P0, 86 %, 54 %, 81559 MiB, 23509 MiB, 57571 MiB, 50, 56, 344.48 W, 700.00 W, 700.00 W, 1980 MHz, 2619 MHz, [N/A]
2025/11/27 05:11:18.013, 3, NVIDIA H100 80GB HBM3, P0, 90 %, 49 %, 81559 MiB, 23697 MiB, 57383 MiB, 44, 53, 360.79 W, 700.00 W, 700.00 W, 1980 MHz, 2619 MHz, [N/A]
2025/11/27 05:11:18.014, 4, NVIDIA H100 80GB HBM3, P0, 95 %, 17 %, 81559 MiB, 24069 MiB, 57011 MiB, 46, 52, 388.43 W, 700.00 W, 700.00 W, 1965 MHz, 2619 MHz, [N/A]
2025/11/27 05:11:18.015, 5, NVIDIA H100 80GB HBM3, P0, 99 %, 70 %, 81559 MiB, 24403 MiB, 56677 MiB, 51, 57, 395.79 W, 700.00 W, 700.00 W, 1980 MHz, 2619 MHz, [N/A]
2025/11/27 05:11:18.015, 6, NVIDIA H100 80GB HBM3, P0, 91 %, 25 %, 81559 MiB, 22811 MiB, 58269 MiB, 48, 57, 387.34 W, 700.00 W, 700.00 W, 1980 MHz, 2619 MHz, [N/A]
2025/11/27 05:11:18.016, 7, NVIDIA H100 80GB HBM3, P0, 94 %, 18 %, 81559 MiB, 22043 MiB, 59037 MiB, 45, 53, 383.05 W, 700.00 W, 700.00 W, 1980 MHz, 2619 MHz, [N/A]
2025/11/27 05:11:23.017, 0, NVIDIA H100 80GB HBM3, P0, 87 %, 49 %, 81559 MiB, 25019 MiB, 56061 MiB, 51, 58, 410.27 W, 700.00 W, 700.00 W, 1980 MHz, 2619 MHz, [N/A]
2025/11/27 05:11:23.018, 1, NVIDIA H100 80GB HBM3, P0, 100 %, 67 %, 81559 MiB, 23813 MiB, 57267 MiB, 55, 60, 412.69 W, 700.00 W, 700.00 W, 1980 MHz, 2619 MHz, [N/A]
2025/11/27 05:11:23.019, 2, NVIDIA H100 80GB HBM3, P0, 99 %, 67 %, 81559 MiB, 23507 MiB, 57573 MiB, 55, 59, 428.69 W, 700.00 W, 700.00 W, 1980 MHz, 2619 MHz, [N/A]
2025/11/27 05:11:23.021, 3, NVIDIA H100 80GB HBM3, P0, 100 %, 69 %, 81559 MiB, 23697 MiB, 57383 MiB, 51, 57, 419.41 W, 700.00 W, 700.00 W, 1965 MHz, 2619 MHz, [N/A]
2025/11/27 05:11:23.022, 4, NVIDIA H100 80GB HBM3, P0, 93 %, 52 %, 81559 MiB, 24069 MiB, 57011 MiB, 46, 53, 400.49 W, 700.00 W, 700.00 W, 1980 MHz, 2619 MHz, [N/A]
2025/11/27 05:11:23.023, 5, NVIDIA H100 80GB HBM3, P0, 100 %, 53 %, 81559 MiB, 24399 MiB, 56681 MiB, 51, 57, 401.23 W, 700.00 W, 700.00 W, 1980 MHz, 2619 MHz, [N/A]
2025/11/27 05:11:23.024, 6, NVIDIA H100 80GB HBM3, P0, 100 %, 65 %, 81559 MiB, 22809 MiB, 58271 MiB, 52, 57, 459.33 W, 700.00 W, 700.00 W, 1980 MHz, 2619 MHz, [N/A]
2025/11/27 05:11:23.025, 7, NVIDIA H100 80GB HBM3, P0, 91 %, 33 %, 81559 MiB, 22043 MiB, 59037 MiB, 45, 55, 408.30 W, 700.00 W, 700.00 W, 1980 MHz, 2619 MHz, [N/A]
2025/11/27 05:11:28.035, 0, NVIDIA H100 80GB HBM3, P0, 100 %, 42 %, 81559 MiB, 25019 MiB, 56061 MiB, 45, 57, 362.60 W, 700.00 W, 700.00 W, 1980 MHz, 2619 MHz, [N/A]
2025/11/27 05:11:28.037, 1, NVIDIA H100 80GB HBM3, P0, 95 %, 14 %, 81559 MiB, 23811 MiB, 57269 MiB, 51, 61, 363.53 W, 700.00 W, 700.00 W, 1980 MHz, 2619 MHz, [N/A]
2025/11/27 05:11:28.038, 2, NVIDIA H100 80GB HBM3, P0, 99 %, 36 %, 81559 MiB, 23507 MiB, 57573 MiB, 52, 62, 444.17 W, 700.00 W, 700.00 W, 1980 MHz, 2619 MHz, [N/A]
2025/11/27 05:11:28.038, 3, NVIDIA H100 80GB HBM3, P0, 100 %, 22 %, 81559 MiB, 23697 MiB, 57383 MiB, 45, 59, 356.82 W, 700.00 W, 700.00 W, 1980 MHz, 2619 MHz, [N/A]
2025/11/27 05:11:28.039, 4, NVIDIA H100 80GB HBM3, P0, 100 %, 42 %, 81559 MiB, 24069 MiB, 57011 MiB, 42, 53, 337.52 W, 700.00 W, 700.00 W, 1980 MHz, 2619 MHz, [N/A]
2025/11/27 05:11:28.040, 5, NVIDIA H100 80GB HBM3, P0, 100 %, 21 %, 81559 MiB, 24399 MiB, 56681 MiB, 49, 58, 369.46 W, 700.00 W, 700.00 W, 1980 MHz, 2619 MHz, [N/A]
2025/11/27 05:11:28.040, 6, NVIDIA H100 80GB HBM3, P0, 81 %, 42 %, 81559 MiB, 22807 MiB, 58273 MiB, 49, 60, 399.82 W, 700.00 W, 700.00 W, 1965 MHz, 2619 MHz, [N/A]
2025/11/27 05:11:28.041, 7, NVIDIA H100 80GB HBM3, P0, 100 %, 62 %, 81559 MiB, 22043 MiB, 59037 MiB, 45, 55, 357.40 W, 700.00 W, 700.00 W, 1980 MHz, 2619 MHz, [N/A]
2025/11/27 05:11:33.042, 0, NVIDIA H100 80GB HBM3, P0, 100 %, 65 %, 81559 MiB, 25019 MiB, 56061 MiB, 48, 58, 424.81 W, 700.00 W, 700.00 W, 1980 MHz, 2619 MHz, [N/A]
2025/11/27 05:11:33.045, 1, NVIDIA H100 80GB HBM3, P0, 100 %, 63 %, 81559 MiB, 23811 MiB, 57269 MiB, 52, 59, 404.68 W, 700.00 W, 700.00 W, 1980 MHz, 2619 MHz, [N/A]
2025/11/27 05:11:33.046, 2, NVIDIA H100 80GB HBM3, P0, 99 %, 63 %, 81559 MiB, 23507 MiB, 57573 MiB, 54, 60, 436.21 W, 700.00 W, 700.00 W, 1980 MHz, 2619 MHz, [N/A]
2025/11/27 05:11:33.046, 3, NVIDIA H100 80GB HBM3, P0, 100 %, 59 %, 81559 MiB, 23697 MiB, 57383 MiB, 45, 55, 403.83 W, 700.00 W, 700.00 W, 1980 MHz, 2619 MHz, [N/A]
2025/11/27 05:11:33.047, 4, NVIDIA H100 80GB HBM3, P0, 70 %, 22 %, 81559 MiB, 24069 MiB, 57011 MiB, 45, 54, 405.60 W, 700.00 W, 700.00 W, 1980 MHz, 2619 MHz, [N/A]
2025/11/27 05:11:33.048, 5, NVIDIA H100 80GB HBM3, P0, 99 %, 72 %, 81559 MiB, 24399 MiB, 56681 MiB, 50, 60, 412.44 W, 700.00 W, 700.00 W, 1980 MHz, 2619 MHz, [N/A]
2025/11/27 05:11:33.050, 6, NVIDIA H100 80GB HBM3, P0, 100 %, 69 %, 81559 MiB, 22807 MiB, 58273 MiB, 50, 58, 406.69 W, 700.00 W, 700.00 W, 1980 MHz, 2619 MHz, [N/A]
2025/11/27 05:11:33.050, 7, NVIDIA H100 80GB HBM3, P0, 92 %, 56 %, 81559 MiB, 22043 MiB, 59037 MiB, 47, 59, 415.72 W, 700.00 W, 700.00 W, 1980 MHz, 2619 MHz, [N/A]
2025/11/27 05:11:38.053, 0, NVIDIA H100 80GB HBM3, P0, 94 %, 43 %, 81559 MiB, 25019 MiB, 56061 MiB, 45, 53, 384.78 W, 700.00 W, 700.00 W, 1965 MHz, 2619 MHz, [N/A]
2025/11/27 05:11:38.054, 1, NVIDIA H100 80GB HBM3, P0, 99 %, 66 %, 81559 MiB, 23811 MiB, 57269 MiB, 52, 58, 407.20 W, 700.00 W, 700.00 W, 1980 MHz, 2619 MHz, [N/A]
2025/11/27 05:11:38.055, 2, NVIDIA H100 80GB HBM3, P0, 72 %, 34 %, 81559 MiB, 23507 MiB, 57573 MiB, 52, 58, 465.61 W, 700.00 W, 700.00 W, 1980 MHz, 2619 MHz, [N/A]
2025/11/27 05:11:38.057, 3, NVIDIA H100 80GB HBM3, P0, 99 %, 68 %, 81559 MiB, 23697 MiB, 57383 MiB, 46, 53, 435.53 W, 700.00 W, 700.00 W, 1980 MHz, 2619 MHz, [N/A]
2025/11/27 05:11:38.057, 4, NVIDIA H100 80GB HBM3, P0, 77 %, 11 %, 81559 MiB, 24069 MiB, 57011 MiB, 42, 50, 372.54 W, 700.00 W, 700.00 W, 1980 MHz, 2619 MHz, [N/A]
2025/11/27 05:11:38.059, 5, NVIDIA H100 80GB HBM3, P0, 85 %, 53 %, 81559 MiB, 24399 MiB, 56681 MiB, 49, 56, 426.32 W, 700.00 W, 700.00 W, 1980 MHz, 2619 MHz, [N/A]
2025/11/27 05:11:38.060, 6, NVIDIA H100 80GB HBM3, P0, 96 %, 63 %, 81559 MiB, 22807 MiB, 58273 MiB, 51, 55, 400.93 W, 700.00 W, 700.00 W, 1980 MHz, 2619 MHz, [N/A]
2025/11/27 05:11:38.060, 7, NVIDIA H100 80GB HBM3, P0, 94 %, 23 %, 81559 MiB, 22041 MiB, 59039 MiB, 46, 55, 409.03 W, 700.00 W, 700.00 W, 1980 MHz, 2619 MHz, [N/A]
2025/11/27 05:11:43.061, 0, NVIDIA H100 80GB HBM3, P0, 91 %, 33 %, 81559 MiB, 25017 MiB, 56063 MiB, 48, 55, 378.45 W, 700.00 W, 700.00 W, 1980 MHz, 2619 MHz, [N/A]
2025/11/27 05:11:43.063, 1, NVIDIA H100 80GB HBM3, P0, 94 %, 55 %, 81559 MiB, 23811 MiB, 57269 MiB, 51, 61, 432.73 W, 700.00 W, 700.00 W, 1980 MHz, 2619 MHz, [N/A]
2025/11/27 05:11:43.064, 2, NVIDIA H100 80GB HBM3, P0, 52 %, 24 %, 81559 MiB, 23507 MiB, 57573 MiB, 52, 59, 386.97 W, 700.00 W, 700.00 W, 1980 MHz, 2619 MHz, [N/A]
2025/11/27 05:11:43.065, 3, NVIDIA H100 80GB HBM3, P0, 94 %, 57 %, 81559 MiB, 23697 MiB, 57383 MiB, 45, 56, 402.88 W, 700.00 W, 700.00 W, 1980 MHz, 2619 MHz, [N/A]
2025/11/27 05:11:43.067, 4, NVIDIA H100 80GB HBM3, P0, 82 %, 50 %, 81559 MiB, 24069 MiB, 57011 MiB, 46, 52, 390.24 W, 700.00 W, 700.00 W, 1980 MHz, 2619 MHz, [N/A]
2025/11/27 05:11:43.068, 5, NVIDIA H100 80GB HBM3, P0, 67 %, 35 %, 81559 MiB, 24399 MiB, 56681 MiB, 53, 58, 388.19 W, 700.00 W, 700.00 W, 1980 MHz, 2619 MHz, [N/A]
2025/11/27 05:11:43.069, 6, NVIDIA H100 80GB HBM3, P0, 93 %, 46 %, 81559 MiB, 22807 MiB, 58273 MiB, 49, 59, 399.91 W, 700.00 W, 700.00 W, 1980 MHz, 2619 MHz, [N/A]
2025/11/27 05:11:43.070, 7, NVIDIA H100 80GB HBM3, P0, 89 %, 36 %, 81559 MiB, 22041 MiB, 59039 MiB, 46, 59, 408.47 W, 700.00 W, 700.00 W, 1980 MHz, 2619 MHz, [N/A]
2025/11/27 05:11:48.073, 0, NVIDIA H100 80GB HBM3, P0, 92 %, 54 %, 81559 MiB, 25015 MiB, 56065 MiB, 45, 56, 373.19 W, 700.00 W, 700.00 W, 1980 MHz, 2619 MHz, [N/A]
2025/11/27 05:11:48.075, 1, NVIDIA H100 80GB HBM3, P0, 99 %, 70 %, 81559 MiB, 23811 MiB, 57269 MiB, 54, 60, 410.11 W, 700.00 W, 700.00 W, 1980 MHz, 2619 MHz, [N/A]
2025/11/27 05:11:48.076, 2, NVIDIA H100 80GB HBM3, P0, 85 %, 51 %, 81559 MiB, 23507 MiB, 57573 MiB, 56, 61, 448.33 W, 700.00 W, 700.00 W, 1980 MHz, 2619 MHz, [N/A]
2025/11/27 05:11:48.077, 3, NVIDIA H100 80GB HBM3, P0, 99 %, 69 %, 81559 MiB, 23697 MiB, 57383 MiB, 47, 56, 413.20 W, 700.00 W, 700.00 W, 1980 MHz, 2619 MHz, [N/A]
2025/11/27 05:11:48.078, 4, NVIDIA H100 80GB HBM3, P0, 77 %, 23 %, 81559 MiB, 24069 MiB, 57011 MiB, 43, 51, 373.12 W, 700.00 W, 700.00 W, 1980 MHz, 2619 MHz, [N/A]
2025/11/27 05:11:48.078, 5, NVIDIA H100 80GB HBM3, P0, 100 %, 47 %, 81559 MiB, 24399 MiB, 56681 MiB, 51, 56, 397.78 W, 700.00 W, 700.00 W, 1980 MHz, 2619 MHz, [N/A]
2025/11/27 05:11:48.080, 6, NVIDIA H100 80GB HBM3, P0, 100 %, 68 %, 81559 MiB, 22807 MiB, 58273 MiB, 51, 56, 412.98 W, 700.00 W, 700.00 W, 1980 MHz, 2619 MHz, [N/A]
2025/11/27 05:11:48.081, 7, NVIDIA H100 80GB HBM3, P0, 93 %, 32 %, 81559 MiB, 22041 MiB, 59039 MiB, 46, 57, 404.65 W, 700.00 W, 700.00 W, 1980 MHz, 2619 MHz, [N/A]
2025/11/27 05:11:53.082, 0, NVIDIA H100 80GB HBM3, P0, 97 %, 34 %, 81559 MiB, 25015 MiB, 56065 MiB, 45, 57, 407.58 W, 700.00 W, 700.00 W, 1980 MHz, 2619 MHz, [N/A]
2025/11/27 05:11:53.083, 1, NVIDIA H100 80GB HBM3, P0, 94 %, 37 %, 81559 MiB, 23811 MiB, 57269 MiB, 51, 60, 443.24 W, 700.00 W, 700.00 W, 1980 MHz, 2619 MHz, [N/A]
2025/11/27 05:11:53.083, 2, NVIDIA H100 80GB HBM3, P0, 98 %, 47 %, 81559 MiB, 23507 MiB, 57573 MiB, 52, 62, 428.11 W, 700.00 W, 700.00 W, 1980 MHz, 2619 MHz, [N/A]
2025/11/27 05:11:53.084, 3, NVIDIA H100 80GB HBM3, P0, 93 %, 38 %, 81559 MiB, 23697 MiB, 57383 MiB, 46, 57, 457.67 W, 700.00 W, 700.00 W, 1980 MHz, 2619 MHz, [N/A]
2025/11/27 05:11:53.085, 4, NVIDIA H100 80GB HBM3, P0, 100 %, 73 %, 81559 MiB, 24067 MiB, 57013 MiB, 45, 56, 446.08 W, 700.00 W, 700.00 W, 1980 MHz, 2619 MHz, [N/A]
2025/11/27 05:11:53.087, 5, NVIDIA H100 80GB HBM3, P0, 79 %, 48 %, 81559 MiB, 24399 MiB, 56681 MiB, 51, 60, 409.92 W, 700.00 W, 700.00 W, 1980 MHz, 2619 MHz, [N/A]
2025/11/27 05:11:53.088, 6, NVIDIA H100 80GB HBM3, P0, 83 %, 33 %, 81559 MiB, 22807 MiB, 58273 MiB, 50, 61, 386.73 W, 700.00 W, 700.00 W, 1965 MHz, 2619 MHz, [N/A]
2025/11/27 05:11:53.088, 7, NVIDIA H100 80GB HBM3, P0, 98 %, 49 %, 81559 MiB, 22041 MiB, 59039 MiB, 48, 57, 418.75 W, 700.00 W, 700.00 W, 1980 MHz, 2619 MHz, [N/A]
2025/11/27 05:11:58.089, 0, NVIDIA H100 80GB HBM3, P0, 85 %, 16 %, 81559 MiB, 25015 MiB, 56065 MiB, 48, 54, 339.87 W, 700.00 W, 700.00 W, 1980 MHz, 2619 MHz, [N/A]
2025/11/27 05:11:58.090, 1, NVIDIA H100 80GB HBM3, P0, 83 %, 51 %, 81559 MiB, 23809 MiB, 57271 MiB, 49, 56, 368.11 W, 700.00 W, 700.00 W, 1980 MHz, 2619 MHz, [N/A]
2025/11/27 05:11:58.092, 2, NVIDIA H100 80GB HBM3, P0, 59 %, 13 %, 81559 MiB, 23507 MiB, 57573 MiB, 52, 58, 411.97 W, 700.00 W, 700.00 W, 1980 MHz, 2619 MHz, [N/A]
2025/11/27 05:11:58.093, 3, NVIDIA H100 80GB HBM3, P0, 92 %, 57 %, 81559 MiB, 23695 MiB, 57385 MiB, 51, 57, 409.39 W, 700.00 W, 700.00 W, 1950 MHz, 2619 MHz, [N/A]
2025/11/27 05:11:58.094, 4, NVIDIA H100 80GB HBM3, P0, 36 %, 15 %, 81559 MiB, 24067 MiB, 57013 MiB, 43, 49, 363.65 W, 700.00 W, 700.00 W, 1980 MHz, 2619 MHz, [N/A]
2025/11/27 05:11:58.095, 5, NVIDIA H100 80GB HBM3, P0, 100 %, 16 %, 81559 MiB, 24399 MiB, 56681 MiB, 49, 54, 371.56 W, 700.00 W, 700.00 W, 1980 MHz, 2619 MHz, [N/A]
2025/11/27 05:11:58.096, 6, NVIDIA H100 80GB HBM3, P0, 93 %, 46 %, 81559 MiB, 22807 MiB, 58273 MiB, 49, 55, 410.70 W, 700.00 W, 700.00 W, 1980 MHz, 2619 MHz, [N/A]
2025/11/27 05:11:58.097, 7, NVIDIA H100 80GB HBM3, P0, 89 %, 18 %, 81559 MiB, 22041 MiB, 59039 MiB, 44, 53, 363.96 W, 700.00 W, 700.00 W, 1980 MHz, 2619 MHz, [N/A]
2025/11/27 05:12:03.098, 0, NVIDIA H100 80GB HBM3, P0, 99 %, 39 %, 81559 MiB, 25015 MiB, 56065 MiB, 46, 57, 403.15 W, 700.00 W, 700.00 W, 1965 MHz, 2619 MHz, [N/A]
2025/11/27 05:12:03.099, 1, NVIDIA H100 80GB HBM3, P0, 100 %, 68 %, 81559 MiB, 23807 MiB, 57273 MiB, 50, 60, 414.26 W, 700.00 W, 700.00 W, 1980 MHz, 2619 MHz, [N/A]
2025/11/27 05:12:03.100, 2, NVIDIA H100 80GB HBM3, P0, 83 %, 39 %, 81559 MiB, 23503 MiB, 57577 MiB, 53, 62, 414.10 W, 700.00 W, 700.00 W, 1980 MHz, 2619 MHz, [N/A]
2025/11/27 05:12:03.100, 3, NVIDIA H100 80GB HBM3, P0, 89 %, 27 %, 81559 MiB, 23695 MiB, 57385 MiB, 45, 58, 400.17 W, 700.00 W, 700.00 W, 1980 MHz, 2619 MHz, [N/A]
2025/11/27 05:12:03.101, 4, NVIDIA H100 80GB HBM3, P0, 100 %, 65 %, 81559 MiB, 24067 MiB, 57013 MiB, 44, 53, 386.51 W, 700.00 W, 700.00 W, 1980 MHz, 2619 MHz, [N/A]
2025/11/27 05:12:03.102, 5, NVIDIA H100 80GB HBM3, P0, 97 %, 63 %, 81559 MiB, 24399 MiB, 56681 MiB, 51, 61, 455.46 W, 700.00 W, 700.00 W, 1965 MHz, 2619 MHz, [N/A]
2025/11/27 05:12:03.103, 6, NVIDIA H100 80GB HBM3, P0, 81 %, 23 %, 81559 MiB, 22807 MiB, 58273 MiB, 49, 59, 375.35 W, 700.00 W, 700.00 W, 1980 MHz, 2619 MHz, [N/A]
2025/11/27 05:12:03.103, 7, NVIDIA H100 80GB HBM3, P0, 87 %, 42 %, 81559 MiB, 22041 MiB, 59039 MiB, 46, 57, 409.93 W, 700.00 W, 700.00 W, 1980 MHz, 2619 MHz, [N/A]
2025/11/27 05:12:08.104, 0, NVIDIA H100 80GB HBM3, P0, 86 %, 23 %, 81559 MiB, 25015 MiB, 56065 MiB, 46, 59, 366.89 W, 700.00 W, 700.00 W, 1980 MHz, 2619 MHz, [N/A]
2025/11/27 05:12:08.105, 1, NVIDIA H100 80GB HBM3, P0, 99 %, 68 %, 81559 MiB, 23807 MiB, 57273 MiB, 50, 62, 398.76 W, 700.00 W, 700.00 W, 1980 MHz, 2619 MHz, [N/A]
2025/11/27 05:12:08.106, 2, NVIDIA H100 80GB HBM3, P0, 70 %, 30 %, 81559 MiB, 23503 MiB, 57577 MiB, 52, 62, 391.48 W, 700.00 W, 700.00 W, 1980 MHz, 2619 MHz, [N/A]
2025/11/27 05:12:08.107, 3, NVIDIA H100 80GB HBM3, P0, 100 %, 69 %, 81559 MiB, 23695 MiB, 57385 MiB, 45, 58, 398.98 W, 700.00 W, 700.00 W, 1965 MHz, 2619 MHz, [N/A]
2025/11/27 05:12:08.108, 4, NVIDIA H100 80GB HBM3, P0, 96 %, 63 %, 81559 MiB, 24067 MiB, 57013 MiB, 45, 53, 357.21 W, 700.00 W, 700.00 W, 1980 MHz, 2619 MHz, [N/A]
2025/11/27 05:12:08.109, 5, NVIDIA H100 80GB HBM3, P0, 99 %, 67 %, 81559 MiB, 24399 MiB, 56681 MiB, 50, 60, 387.30 W, 700.00 W, 700.00 W, 1980 MHz, 2619 MHz, [N/A]
2025/11/27 05:12:08.109, 6, NVIDIA H100 80GB HBM3, P0, 89 %, 34 %, 81559 MiB, 22807 MiB, 58273 MiB, 50, 60, 409.57 W, 700.00 W, 700.00 W, 1980 MHz, 2619 MHz, [N/A]
2025/11/27 05:12:08.110, 7, NVIDIA H100 80GB HBM3, P0, 83 %, 36 %, 81559 MiB, 22041 MiB, 59039 MiB, 46, 57, 362.74 W, 700.00 W, 700.00 W, 1980 MHz, 2619 MHz, [N/A]
2025/11/27 05:12:13.111, 0, NVIDIA H100 80GB HBM3, P0, 89 %, 54 %, 81559 MiB, 25015 MiB, 56065 MiB, 47, 53, 385.72 W, 700.00 W, 700.00 W, 1980 MHz, 2619 MHz, [N/A]
2025/11/27 05:12:13.113, 1, NVIDIA H100 80GB HBM3, P0, 91 %, 22 %, 81559 MiB, 23807 MiB, 57273 MiB, 50, 56, 422.14 W, 700.00 W, 700.00 W, 1980 MHz, 2619 MHz, [N/A]
2025/11/27 05:12:13.114, 2, NVIDIA H100 80GB HBM3, P0, 82 %, 49 %, 81559 MiB, 23503 MiB, 57577 MiB, 53, 58, 429.22 W, 700.00 W, 700.00 W, 1980 MHz, 2619 MHz, [N/A]
2025/11/27 05:12:13.115, 3, NVIDIA H100 80GB HBM3, P0, 83 %, 16 %, 81559 MiB, 23695 MiB, 57385 MiB, 44, 53, 380.06 W, 700.00 W, 700.00 W, 1980 MHz, 2619 MHz, [N/A]
2025/11/27 05:12:13.116, 4, NVIDIA H100 80GB HBM3, P0, 97 %, 18 %, 81559 MiB, 24067 MiB, 57013 MiB, 45, 53, 395.70 W, 700.00 W, 700.00 W, 1980 MHz, 2619 MHz, [N/A]
2025/11/27 05:12:13.117, 5, NVIDIA H100 80GB HBM3, P0, 63 %, 31 %, 81559 MiB, 24399 MiB, 56681 MiB, 51, 55, 414.70 W, 700.00 W, 700.00 W, 1965 MHz, 2619 MHz, [N/A]
2025/11/27 05:12:13.118, 6, NVIDIA H100 80GB HBM3, P0, 94 %, 33 %, 81559 MiB, 22807 MiB, 58273 MiB, 49, 57, 417.24 W, 700.00 W, 700.00 W, 1980 MHz, 2619 MHz, [N/A]
2025/11/27 05:12:13.119, 7, NVIDIA H100 80GB HBM3, P0, 92 %, 35 %, 81559 MiB, 22041 MiB, 59039 MiB, 45, 51, 389.03 W, 700.00 W, 700.00 W, 1980 MHz, 2619 MHz, [N/A]
2025/11/27 05:12:18.120, 0, NVIDIA H100 80GB HBM3, P0, 90 %, 30 %, 81559 MiB, 25015 MiB, 56065 MiB, 45, 58, 339.66 W, 700.00 W, 700.00 W, 1980 MHz, 2619 MHz, [N/A]
2025/11/27 05:12:18.121, 1, NVIDIA H100 80GB HBM3, P0, 100 %, 63 %, 81559 MiB, 23807 MiB, 57273 MiB, 51, 62, 390.32 W, 700.00 W, 700.00 W, 1980 MHz, 2619 MHz, [N/A]
2025/11/27 05:12:18.122, 2, NVIDIA H100 80GB HBM3, P0, 60 %, 27 %, 81559 MiB, 23503 MiB, 57577 MiB, 53, 60, 395.76 W, 700.00 W, 700.00 W, 1980 MHz, 2619 MHz, [N/A]
2025/11/27 05:12:18.123, 3, NVIDIA H100 80GB HBM3, P0, 100 %, 60 %, 81559 MiB, 23695 MiB, 57385 MiB, 45, 59, 420.57 W, 700.00 W, 700.00 W, 1980 MHz, 2619 MHz, [N/A]
2025/11/27 05:12:18.123, 4, NVIDIA H100 80GB HBM3, P0, 95 %, 56 %, 81559 MiB, 24067 MiB, 57013 MiB, 49, 55, 380.22 W, 700.00 W, 700.00 W, 1980 MHz, 2619 MHz, [N/A]
2025/11/27 05:12:18.124, 5, NVIDIA H100 80GB HBM3, P0, 99 %, 72 %, 81559 MiB, 24397 MiB, 56683 MiB, 50, 59, 397.84 W, 700.00 W, 700.00 W, 1980 MHz, 2619 MHz, [N/A]
2025/11/27 05:12:18.125, 6, NVIDIA H100 80GB HBM3, P0, 100 %, 70 %, 81559 MiB, 22807 MiB, 58273 MiB, 49, 59, 377.56 W, 700.00 W, 700.00 W, 1965 MHz, 2619 MHz, [N/A]
2025/11/27 05:12:18.125, 7, NVIDIA H100 80GB HBM3, P0, 74 %, 22 %, 81559 MiB, 22041 MiB, 59039 MiB, 46, 58, 361.11 W, 700.00 W, 700.00 W, 1980 MHz, 2619 MHz, [N/A]
2025/11/27 05:12:23.126, 0, NVIDIA H100 80GB HBM3, P0, 89 %, 53 %, 81559 MiB, 25015 MiB, 56065 MiB, 46, 57, 366.41 W, 700.00 W, 700.00 W, 1965 MHz, 2619 MHz, [N/A]
2025/11/27 05:12:23.128, 1, NVIDIA H100 80GB HBM3, P0, 86 %, 42 %, 81559 MiB, 23807 MiB, 57273 MiB, 50, 60, 366.42 W, 700.00 W, 700.00 W, 1980 MHz, 2619 MHz, [N/A]
2025/11/27 05:12:23.132, 2, NVIDIA H100 80GB HBM3, P0, 79 %, 46 %, 81559 MiB, 23503 MiB, 57577 MiB, 54, 59, 377.09 W, 700.00 W, 700.00 W, 1980 MHz, 2619 MHz, [N/A]
2025/11/27 05:12:23.136, 3, NVIDIA H100 80GB HBM3, P0, 82 %, 39 %, 81559 MiB, 23695 MiB, 57385 MiB, 45, 58, 330.81 W, 700.00 W, 700.00 W, 1980 MHz, 2619 MHz, [N/A]
2025/11/27 05:12:23.142, 4, NVIDIA H100 80GB HBM3, P0, 69 %, 21 %, 81559 MiB, 24067 MiB, 57013 MiB, 44, 53, 369.95 W, 700.00 W, 700.00 W, 1980 MHz, 2619 MHz, [N/A]
2025/11/27 05:12:23.145, 5, NVIDIA H100 80GB HBM3, P0, 100 %, 60 %, 81559 MiB, 24397 MiB, 56683 MiB, 55, 58, 436.13 W, 700.00 W, 700.00 W, 1980 MHz, 2619 MHz, [N/A]
2025/11/27 05:12:23.146, 6, NVIDIA H100 80GB HBM3, P0, 94 %, 55 %, 81559 MiB, 22807 MiB, 58273 MiB, 50, 59, 361.51 W, 700.00 W, 700.00 W, 1980 MHz, 2619 MHz, [N/A]
2025/11/27 05:12:23.148, 7, NVIDIA H100 80GB HBM3, P0, 93 %, 35 %, 81559 MiB, 22041 MiB, 59039 MiB, 46, 57, 361.13 W, 700.00 W, 700.00 W, 1980 MHz, 2619 MHz, [N/A]
2025/11/27 05:12:28.151, 0, NVIDIA H100 80GB HBM3, P0, 100 %, 47 %, 81559 MiB, 25015 MiB, 56065 MiB, 50, 57, 389.29 W, 700.00 W, 700.00 W, 1980 MHz, 2619 MHz, [N/A]
2025/11/27 05:12:28.155, 1, NVIDIA H100 80GB HBM3, P0, 94 %, 26 %, 81559 MiB, 23807 MiB, 57273 MiB, 53, 59, 385.66 W, 700.00 W, 700.00 W, 1980 MHz, 2619 MHz, [N/A]
2025/11/27 05:12:28.156, 2, NVIDIA H100 80GB HBM3, P0, 47 %, 21 %, 81559 MiB, 23503 MiB, 57577 MiB, 52, 60, 374.63 W, 700.00 W, 700.00 W, 1980 MHz, 2619 MHz, [N/A]
2025/11/27 05:12:28.162, 3, NVIDIA H100 80GB HBM3, P0, 94 %, 54 %, 81559 MiB, 23695 MiB, 57385 MiB, 47, 56, 366.80 W, 700.00 W, 700.00 W, 1980 MHz, 2619 MHz, [N/A]
2025/11/27 05:12:28.165, 4, NVIDIA H100 80GB HBM3, P0, 99 %, 63 %, 81559 MiB, 24067 MiB, 57013 MiB, 48, 54, 406.32 W, 700.00 W, 700.00 W, 1965 MHz, 2619 MHz, [N/A]
2025/11/27 05:12:28.170, 5, NVIDIA H100 80GB HBM3, P0, 66 %, 29 %, 81559 MiB, 24393 MiB, 56687 MiB, 49, 57, 378.52 W, 700.00 W, 700.00 W, 1980 MHz, 2619 MHz, [N/A]
2025/11/27 05:12:28.172, 6, NVIDIA H100 80GB HBM3, P0, 92 %, 34 %, 81559 MiB, 22805 MiB, 58275 MiB, 53, 58, 406.55 W, 700.00 W, 700.00 W, 1980 MHz, 2619 MHz, [N/A]
2025/11/27 05:12:28.174, 7, NVIDIA H100 80GB HBM3, P0, 100 %, 64 %, 81559 MiB, 22041 MiB, 59039 MiB, 46, 53, 380.11 W, 700.00 W, 700.00 W, 1980 MHz, 2619 MHz, [N/A]
2025/11/27 05:12:33.178, 0, NVIDIA H100 80GB HBM3, P0, 88 %, 23 %, 81559 MiB, 25015 MiB, 56065 MiB, 45, 54, 395.96 W, 700.00 W, 700.00 W, 1980 MHz, 2619 MHz, [N/A]
2025/11/27 05:12:33.179, 1, NVIDIA H100 80GB HBM3, P0, 98 %, 19 %, 81559 MiB, 23807 MiB, 57273 MiB, 55, 60, 394.80 W, 700.00 W, 700.00 W, 1965 MHz, 2619 MHz, [N/A]
2025/11/27 05:12:33.180, 2, NVIDIA H100 80GB HBM3, P0, 37 %, 16 %, 81559 MiB, 23503 MiB, 57577 MiB, 55, 59, 420.15 W, 700.00 W, 700.00 W, 1965 MHz, 2619 MHz, [N/A]
2025/11/27 05:12:33.180, 3, NVIDIA H100 80GB HBM3, P0, 95 %, 59 %, 81559 MiB, 23695 MiB, 57385 MiB, 46, 56, 392.05 W, 700.00 W, 700.00 W, 1980 MHz, 2619 MHz, [N/A]
2025/11/27 05:12:33.181, 4, NVIDIA H100 80GB HBM3, P0, 100 %, 70 %, 81559 MiB, 24063 MiB, 57017 MiB, 43, 53, 374.10 W, 700.00 W, 700.00 W, 1980 MHz, 2619 MHz, [N/A]
2025/11/27 05:12:33.181, 5, NVIDIA H100 80GB HBM3, P0, 73 %, 40 %, 81559 MiB, 24393 MiB, 56687 MiB, 50, 60, 406.17 W, 700.00 W, 700.00 W, 1980 MHz, 2619 MHz, [N/A]
2025/11/27 05:12:33.182, 6, NVIDIA H100 80GB HBM3, P0, 92 %, 51 %, 81559 MiB, 22805 MiB, 58275 MiB, 49, 55, 367.19 W, 700.00 W, 700.00 W, 1980 MHz, 2619 MHz, [N/A]
2025/11/27 05:12:33.183, 7, NVIDIA H100 80GB HBM3, P0, 100 %, 49 %, 81559 MiB, 22041 MiB, 59039 MiB, 47, 54, 382.01 W, 700.00 W, 700.00 W, 1980 MHz, 2619 MHz, [N/A]
2025/11/27 05:12:38.184, 0, NVIDIA H100 80GB HBM3, P0, 99 %, 41 %, 81559 MiB, 25015 MiB, 56065 MiB, 46, 59, 396.26 W, 700.00 W, 700.00 W, 1980 MHz, 2619 MHz, [N/A]
2025/11/27 05:12:38.189, 1, NVIDIA H100 80GB HBM3, P0, 94 %, 50 %, 81559 MiB, 23805 MiB, 57275 MiB, 53, 58, 415.40 W, 700.00 W, 700.00 W, 1980 MHz, 2619 MHz, [N/A]
2025/11/27 05:12:38.190, 2, NVIDIA H100 80GB HBM3, P0, 76 %, 38 %, 81559 MiB, 23503 MiB, 57577 MiB, 52, 62, 429.13 W, 700.00 W, 700.00 W, 1980 MHz, 2619 MHz, [N/A]
2025/11/27 05:12:38.190, 3, NVIDIA H100 80GB HBM3, P0, 83 %, 27 %, 81559 MiB, 23695 MiB, 57385 MiB, 47, 57, 409.25 W, 700.00 W, 700.00 W, 1980 MHz, 2619 MHz, [N/A]
2025/11/27 05:12:38.191, 4, NVIDIA H100 80GB HBM3, P0, 94 %, 49 %, 81559 MiB, 24063 MiB, 57017 MiB, 45, 55, 417.06 W, 700.00 W, 700.00 W, 1980 MHz, 2619 MHz, [N/A]
2025/11/27 05:12:38.192, 5, NVIDIA H100 80GB HBM3, P0, 83 %, 32 %, 81559 MiB, 24393 MiB, 56687 MiB, 51, 57, 422.94 W, 700.00 W, 700.00 W, 1980 MHz, 2619 MHz, [N/A]
2025/11/27 05:12:38.193, 6, NVIDIA H100 80GB HBM3, P0, 72 %, 23 %, 81559 MiB, 22805 MiB, 58275 MiB, 50, 59, 392.28 W, 700.00 W, 700.00 W, 1980 MHz, 2619 MHz, [N/A]
2025/11/27 05:12:38.194, 7, NVIDIA H100 80GB HBM3, P0, 100 %, 69 %, 81559 MiB, 22037 MiB, 59043 MiB, 52, 55, 441.32 W, 700.00 W, 700.00 W, 1980 MHz, 2619 MHz, [N/A]
2025/11/27 05:12:43.195, 0, NVIDIA H100 80GB HBM3, P0, 100 %, 63 %, 81559 MiB, 25015 MiB, 56065 MiB, 46, 58, 324.37 W, 700.00 W, 700.00 W, 1980 MHz, 2619 MHz, [N/A]
2025/11/27 05:12:43.196, 1, NVIDIA H100 80GB HBM3, P0, 99 %, 69 %, 81559 MiB, 23805 MiB, 57275 MiB, 50, 62, 358.34 W, 700.00 W, 700.00 W, 1980 MHz, 2619 MHz, [N/A]
2025/11/27 05:12:43.197, 2, NVIDIA H100 80GB HBM3, P0, 100 %, 65 %, 81559 MiB, 23501 MiB, 57579 MiB, 52, 62, 352.88 W, 700.00 W, 700.00 W, 1980 MHz, 2619 MHz, [N/A]
2025/11/27 05:12:43.198, 3, NVIDIA H100 80GB HBM3, P0, 100 %, 19 %, 81559 MiB, 23693 MiB, 57387 MiB, 44, 56, 349.67 W, 700.00 W, 700.00 W, 1980 MHz, 2619 MHz, [N/A]
2025/11/27 05:12:43.199, 4, NVIDIA H100 80GB HBM3, P0, 96 %, 49 %, 81559 MiB, 24063 MiB, 57017 MiB, 46, 57, 414.12 W, 700.00 W, 700.00 W, 1965 MHz, 2619 MHz, [N/A]
2025/11/27 05:12:43.199, 5, NVIDIA H100 80GB HBM3, P0, 100 %, 43 %, 81559 MiB, 24393 MiB, 56687 MiB, 50, 57, 339.99 W, 700.00 W, 700.00 W, 1980 MHz, 2619 MHz, [N/A]
2025/11/27 05:12:43.200, 6, NVIDIA H100 80GB HBM3, P0, 100 %, 37 %, 81559 MiB, 22805 MiB, 58275 MiB, 49, 59, 351.54 W, 700.00 W, 700.00 W, 1980 MHz, 2619 MHz, [N/A]
2025/11/27 05:12:43.201, 7, NVIDIA H100 80GB HBM3, P0, 84 %, 22 %, 81559 MiB, 22037 MiB, 59043 MiB, 45, 56, 379.37 W, 700.00 W, 700.00 W, 1980 MHz, 2619 MHz, [N/A]
2025/11/27 05:12:48.202, 0, NVIDIA H100 80GB HBM3, P0, 100 %, 62 %, 81559 MiB, 25013 MiB, 56067 MiB, 46, 59, 372.77 W, 700.00 W, 700.00 W, 1980 MHz, 2619 MHz, [N/A]
2025/11/27 05:12:48.203, 1, NVIDIA H100 80GB HBM3, P0, 99 %, 69 %, 81559 MiB, 23805 MiB, 57275 MiB, 50, 61, 360.29 W, 700.00 W, 700.00 W, 1980 MHz, 2619 MHz, [N/A]
2025/11/27 05:12:48.204, 2, NVIDIA H100 80GB HBM3, P0, 100 %, 64 %, 81559 MiB, 23501 MiB, 57579 MiB, 52, 62, 380.84 W, 700.00 W, 700.00 W, 1980 MHz, 2619 MHz, [N/A]
2025/11/27 05:12:48.205, 3, NVIDIA H100 80GB HBM3, P0, 100 %, 18 %, 81559 MiB, 23693 MiB, 57387 MiB, 44, 57, 387.32 W, 700.00 W, 700.00 W, 1980 MHz, 2619 MHz, [N/A]
2025/11/27 05:12:48.206, 4, NVIDIA H100 80GB HBM3, P0, 65 %, 31 %, 81559 MiB, 24063 MiB, 57017 MiB, 45, 57, 375.87 W, 700.00 W, 700.00 W, 1980 MHz, 2619 MHz, [N/A]
2025/11/27 05:12:48.206, 5, NVIDIA H100 80GB HBM3, P0, 100 %, 42 %, 81559 MiB, 24391 MiB, 56689 MiB, 50, 60, 402.59 W, 700.00 W, 700.00 W, 1980 MHz, 2619 MHz, [N/A]
2025/11/27 05:12:48.207, 6, NVIDIA H100 80GB HBM3, P0, 100 %, 36 %, 81559 MiB, 22803 MiB, 58277 MiB, 49, 59, 392.31 W, 700.00 W, 700.00 W, 1980 MHz, 2619 MHz, [N/A]
2025/11/27 05:12:48.207, 7, NVIDIA H100 80GB HBM3, P0, 100 %, 72 %, 81559 MiB, 22037 MiB, 59043 MiB, 47, 58, 438.30 W, 700.00 W, 700.00 W, 1980 MHz, 2619 MHz, [N/A]
2025/11/27 05:12:53.208, 0, NVIDIA H100 80GB HBM3, P0, 88 %, 53 %, 81559 MiB, 25013 MiB, 56067 MiB, 46, 55, 388.28 W, 700.00 W, 700.00 W, 1980 MHz, 2619 MHz, [N/A]
2025/11/27 05:12:53.209, 1, NVIDIA H100 80GB HBM3, P0, 93 %, 42 %, 81559 MiB, 23805 MiB, 57275 MiB, 51, 62, 429.88 W, 700.00 W, 700.00 W, 1890 MHz, 2619 MHz, [N/A]
2025/11/27 05:12:53.210, 2, NVIDIA H100 80GB HBM3, P0, 86 %, 51 %, 81559 MiB, 23501 MiB, 57579 MiB, 56, 62, 420.18 W, 700.00 W, 700.00 W, 1980 MHz, 2619 MHz, [N/A]
2025/11/27 05:12:53.211, 3, NVIDIA H100 80GB HBM3, P0, 94 %, 43 %, 81559 MiB, 23691 MiB, 57389 MiB, 45, 59, 383.31 W, 700.00 W, 700.00 W, 1980 MHz, 2619 MHz, [N/A]
2025/11/27 05:12:53.212, 4, NVIDIA H100 80GB HBM3, P0, 96 %, 63 %, 81559 MiB, 24063 MiB, 57017 MiB, 44, 53, 385.77 W, 700.00 W, 700.00 W, 1980 MHz, 2619 MHz, [N/A]
2025/11/27 05:12:53.212, 5, NVIDIA H100 80GB HBM3, P0, 99 %, 67 %, 81559 MiB, 24391 MiB, 56689 MiB, 52, 59, 425.11 W, 700.00 W, 700.00 W, 1980 MHz, 2619 MHz, [N/A]
2025/11/27 05:12:53.213, 6, NVIDIA H100 80GB HBM3, P0, 100 %, 69 %, 81559 MiB, 22803 MiB, 58277 MiB, 50, 60, 396.07 W, 700.00 W, 700.00 W, 1980 MHz, 2619 MHz, [N/A]
2025/11/27 05:12:53.213, 7, NVIDIA H100 80GB HBM3, P0, 94 %, 37 %, 81559 MiB, 22037 MiB, 59043 MiB, 50, 56, 421.27 W, 700.00 W, 700.00 W, 1980 MHz, 2619 MHz, [N/A]
2025/11/27 05:12:58.214, 0, NVIDIA H100 80GB HBM3, P0, 100 %, 68 %, 81559 MiB, 25013 MiB, 56067 MiB, 46, 57, 424.02 W, 700.00 W, 700.00 W, 1980 MHz, 2619 MHz, [N/A]
2025/11/27 05:12:58.215, 1, NVIDIA H100 80GB HBM3, P0, 96 %, 59 %, 81559 MiB, 23805 MiB, 57275 MiB, 51, 62, 418.95 W, 700.00 W, 700.00 W, 1965 MHz, 2619 MHz, [N/A]
2025/11/27 05:12:58.216, 2, NVIDIA H100 80GB HBM3, P0, 99 %, 67 %, 81559 MiB, 23501 MiB, 57579 MiB, 52, 60, 389.05 W, 700.00 W, 700.00 W, 1980 MHz, 2619 MHz, [N/A]
2025/11/27 05:12:58.216, 3, NVIDIA H100 80GB HBM3, P0, 100 %, 63 %, 81559 MiB, 23691 MiB, 57389 MiB, 45, 57, 381.72 W, 700.00 W, 700.00 W, 1980 MHz, 2619 MHz, [N/A]
2025/11/27 05:12:58.217, 4, NVIDIA H100 80GB HBM3, P0, 89 %, 35 %, 81559 MiB, 24063 MiB, 57017 MiB, 44, 55, 448.53 W, 700.00 W, 700.00 W, 1980 MHz, 2619 MHz, [N/A]
2025/11/27 05:12:58.217, 5, NVIDIA H100 80GB HBM3, P0, 100 %, 67 %, 81559 MiB, 24391 MiB, 56689 MiB, 52, 61, 417.50 W, 700.00 W, 700.00 W, 1965 MHz, 2619 MHz, [N/A]
2025/11/27 05:12:58.218, 6, NVIDIA H100 80GB HBM3, P0, 100 %, 65 %, 81559 MiB, 22801 MiB, 58279 MiB, 50, 61, 376.96 W, 700.00 W, 700.00 W, 1980 MHz, 2619 MHz, [N/A]
2025/11/27 05:12:58.218, 7, NVIDIA H100 80GB HBM3, P0, 99 %, 64 %, 81559 MiB, 22037 MiB, 59043 MiB, 50, 56, 363.08 W, 700.00 W, 700.00 W, 1980 MHz, 2619 MHz, [N/A]
2025/11/27 05:13:03.220, 0, NVIDIA H100 80GB HBM3, P0, 100 %, 17 %, 81559 MiB, 25013 MiB, 56067 MiB, 45, 53, 364.96 W, 700.00 W, 700.00 W, 1980 MHz, 2619 MHz, [N/A]
2025/11/27 05:13:03.221, 1, NVIDIA H100 80GB HBM3, P0, 100 %, 5 %, 81559 MiB, 23805 MiB, 57275 MiB, 52, 58, 388.99 W, 700.00 W, 700.00 W, 1980 MHz, 2619 MHz, [N/A]
2025/11/27 05:13:03.223, 2, NVIDIA H100 80GB HBM3, P0, 85 %, 11 %, 81559 MiB, 23501 MiB, 57579 MiB, 50, 56, 368.95 W, 700.00 W, 700.00 W, 1980 MHz, 2619 MHz, [N/A]
2025/11/27 05:13:03.224, 3, NVIDIA H100 80GB HBM3, P0, 100 %, 7 %, 81559 MiB, 23691 MiB, 57389 MiB, 47, 54, 386.05 W, 700.00 W, 700.00 W, 1980 MHz, 2619 MHz, [N/A]
2025/11/27 05:13:03.225, 4, NVIDIA H100 80GB HBM3, P0, 67 %, 17 %, 81559 MiB, 24063 MiB, 57017 MiB, 45, 51, 386.64 W, 700.00 W, 700.00 W, 1980 MHz, 2619 MHz, [N/A]
2025/11/27 05:13:03.226, 5, NVIDIA H100 80GB HBM3, P0, 98 %, 25 %, 81559 MiB, 24391 MiB, 56689 MiB, 50, 55, 387.09 W, 700.00 W, 700.00 W, 1980 MHz, 2619 MHz, [N/A]
2025/11/27 05:13:03.227, 6, NVIDIA H100 80GB HBM3, P0, 77 %, 22 %, 81559 MiB, 22801 MiB, 58279 MiB, 49, 55, 369.31 W, 700.00 W, 700.00 W, 1980 MHz, 2619 MHz, [N/A]
2025/11/27 05:13:03.228, 7, NVIDIA H100 80GB HBM3, P0, 79 %, 41 %, 81559 MiB, 22037 MiB, 59043 MiB, 52, 59, 493.04 W, 700.00 W, 700.00 W, 1965 MHz, 2619 MHz, [N/A]
2025/11/27 05:13:08.229, 0, NVIDIA H100 80GB HBM3, P0, 100 %, 64 %, 81559 MiB, 25013 MiB, 56067 MiB, 47, 59, 393.18 W, 700.00 W, 700.00 W, 1980 MHz, 2619 MHz, [N/A]
2025/11/27 05:13:08.230, 1, NVIDIA H100 80GB HBM3, P0, 100 %, 64 %, 81559 MiB, 23805 MiB, 57275 MiB, 52, 63, 406.30 W, 700.00 W, 700.00 W, 1965 MHz, 2619 MHz, [N/A]
2025/11/27 05:13:08.231, 2, NVIDIA H100 80GB HBM3, P0, 98 %, 52 %, 81559 MiB, 23501 MiB, 57579 MiB, 53, 64, 393.73 W, 700.00 W, 700.00 W, 1980 MHz, 2619 MHz, [N/A]
2025/11/27 05:13:08.232, 3, NVIDIA H100 80GB HBM3, P0, 100 %, 62 %, 81559 MiB, 23691 MiB, 57389 MiB, 47, 58, 398.41 W, 700.00 W, 700.00 W, 1980 MHz, 2619 MHz, [N/A]
2025/11/27 05:13:08.233, 4, NVIDIA H100 80GB HBM3, P0, 80 %, 26 %, 81559 MiB, 24063 MiB, 57017 MiB, 44, 56, 385.40 W, 700.00 W, 700.00 W, 1980 MHz, 2619 MHz, [N/A]
2025/11/27 05:13:08.234, 5, NVIDIA H100 80GB HBM3, P0, 100 %, 42 %, 81559 MiB, 24391 MiB, 56689 MiB, 51, 61, 393.27 W, 700.00 W, 700.00 W, 1980 MHz, 2619 MHz, [N/A]
2025/11/27 05:13:08.235, 6, NVIDIA H100 80GB HBM3, P0, 70 %, 37 %, 81559 MiB, 22801 MiB, 58279 MiB, 50, 60, 389.88 W, 700.00 W, 700.00 W, 1980 MHz, 2619 MHz, [N/A]
2025/11/27 05:13:08.235, 7, NVIDIA H100 80GB HBM3, P0, 100 %, 63 %, 81559 MiB, 22037 MiB, 59043 MiB, 48, 58, 410.23 W, 700.00 W, 700.00 W, 1965 MHz, 2619 MHz, [N/A]
2025/11/27 05:13:13.237, 0, NVIDIA H100 80GB HBM3, P0, 89 %, 31 %, 81559 MiB, 25013 MiB, 56067 MiB, 48, 57, 402.33 W, 700.00 W, 700.00 W, 1980 MHz, 2619 MHz, [N/A]
2025/11/27 05:13:13.238, 1, NVIDIA H100 80GB HBM3, P0, 94 %, 55 %, 81559 MiB, 23805 MiB, 57275 MiB, 55, 60, 405.58 W, 700.00 W, 700.00 W, 1980 MHz, 2619 MHz, [N/A]
2025/11/27 05:13:13.239, 2, NVIDIA H100 80GB HBM3, P0, 99 %, 65 %, 81559 MiB, 23501 MiB, 57579 MiB, 54, 61, 384.98 W, 700.00 W, 700.00 W, 1980 MHz, 2619 MHz, [N/A]
2025/11/27 05:13:13.240, 3, NVIDIA H100 80GB HBM3, P0, 93 %, 56 %, 81559 MiB, 23691 MiB, 57389 MiB, 46, 59, 393.03 W, 700.00 W, 700.00 W, 1980 MHz, 2619 MHz, [N/A]
2025/11/27 05:13:13.241, 4, NVIDIA H100 80GB HBM3, P0, 89 %, 50 %, 81559 MiB, 24061 MiB, 57019 MiB, 46, 55, 402.08 W, 700.00 W, 700.00 W, 1980 MHz, 2619 MHz, [N/A]
2025/11/27 05:13:13.242, 5, NVIDIA H100 80GB HBM3, P0, 99 %, 70 %, 81559 MiB, 24391 MiB, 56689 MiB, 56, 60, 413.30 W, 700.00 W, 700.00 W, 1980 MHz, 2619 MHz, [N/A]
2025/11/27 05:13:13.242, 6, NVIDIA H100 80GB HBM3, P0, 99 %, 67 %, 81559 MiB, 22801 MiB, 58279 MiB, 50, 61, 393.40 W, 700.00 W, 700.00 W, 1980 MHz, 2619 MHz, [N/A]
2025/11/27 05:13:13.243, 7, NVIDIA H100 80GB HBM3, P0, 94 %, 59 %, 81559 MiB, 22037 MiB, 59043 MiB, 47, 55, 396.08 W, 700.00 W, 700.00 W, 1980 MHz, 2619 MHz, [N/A]
2025/11/27 05:13:18.244, 0, NVIDIA H100 80GB HBM3, P0, 100 %, 61 %, 81559 MiB, 25013 MiB, 56067 MiB, 48, 57, 430.77 W, 700.00 W, 700.00 W, 1980 MHz, 2619 MHz, [N/A]
2025/11/27 05:13:18.245, 1, NVIDIA H100 80GB HBM3, P0, 99 %, 55 %, 81559 MiB, 23805 MiB, 57275 MiB, 52, 63, 454.43 W, 700.00 W, 700.00 W, 1965 MHz, 2619 MHz, [N/A]
2025/11/27 05:13:18.246, 2, NVIDIA H100 80GB HBM3, P0, 79 %, 31 %, 81559 MiB, 23501 MiB, 57579 MiB, 53, 62, 418.32 W, 700.00 W, 700.00 W, 1980 MHz, 2619 MHz, [N/A]
2025/11/27 05:13:18.247, 3, NVIDIA H100 80GB HBM3, P0, 93 %, 40 %, 81559 MiB, 23691 MiB, 57389 MiB, 50, 57, 430.62 W, 700.00 W, 700.00 W, 1980 MHz, 2619 MHz, [N/A]
2025/11/27 05:13:18.248, 4, NVIDIA H100 80GB HBM3, P0, 93 %, 56 %, 81559 MiB, 24061 MiB, 57019 MiB, 45, 55, 394.52 W, 700.00 W, 700.00 W, 1980 MHz, 2619 MHz, [N/A]
2025/11/27 05:13:18.249, 5, NVIDIA H100 80GB HBM3, P0, 70 %, 32 %, 81559 MiB, 24391 MiB, 56689 MiB, 51, 61, 402.05 W, 700.00 W, 700.00 W, 1980 MHz, 2619 MHz, [N/A]
2025/11/27 05:13:18.250, 6, NVIDIA H100 80GB HBM3, P0, 91 %, 36 %, 81559 MiB, 22801 MiB, 58279 MiB, 51, 61, 465.12 W, 700.00 W, 700.00 W, 1980 MHz, 2619 MHz, [N/A]
2025/11/27 05:13:18.251, 7, NVIDIA H100 80GB HBM3, P0, 96 %, 45 %, 81559 MiB, 22037 MiB, 59043 MiB, 47, 58, 418.64 W, 700.00 W, 700.00 W, 1980 MHz, 2619 MHz, [N/A]
2025/11/27 05:13:23.252, 0, NVIDIA H100 80GB HBM3, P0, 99 %, 67 %, 81559 MiB, 25013 MiB, 56067 MiB, 46, 59, 409.86 W, 700.00 W, 700.00 W, 1980 MHz, 2619 MHz, [N/A]
2025/11/27 05:13:23.253, 1, NVIDIA H100 80GB HBM3, P0, 100 %, 58 %, 81559 MiB, 23805 MiB, 57275 MiB, 53, 63, 439.30 W, 700.00 W, 700.00 W, 1965 MHz, 2619 MHz, [N/A]
2025/11/27 05:13:23.254, 2, NVIDIA H100 80GB HBM3, P0, 100 %, 59 %, 81559 MiB, 23501 MiB, 57579 MiB, 54, 64, 458.00 W, 700.00 W, 700.00 W, 1965 MHz, 2619 MHz, [N/A]
2025/11/27 05:13:23.254, 3, NVIDIA H100 80GB HBM3, P0, 100 %, 49 %, 81559 MiB, 23691 MiB, 57389 MiB, 45, 59, 421.96 W, 700.00 W, 700.00 W, 1980 MHz, 2619 MHz, [N/A]
2025/11/27 05:13:23.255, 4, NVIDIA H100 80GB HBM3, P0, 100 %, 70 %, 81559 MiB, 24061 MiB, 57019 MiB, 44, 54, 413.32 W, 700.00 W, 700.00 W, 1980 MHz, 2619 MHz, [N/A]
2025/11/27 05:13:23.256, 5, NVIDIA H100 80GB HBM3, P0, 98 %, 31 %, 81559 MiB, 24389 MiB, 56691 MiB, 51, 61, 396.76 W, 700.00 W, 700.00 W, 1980 MHz, 2619 MHz, [N/A]
2025/11/27 05:13:23.257, 6, NVIDIA H100 80GB HBM3, P0, 98 %, 39 %, 81559 MiB, 22801 MiB, 58279 MiB, 51, 62, 416.74 W, 700.00 W, 700.00 W, 1980 MHz, 2619 MHz, [N/A]
2025/11/27 05:13:23.257, 7, NVIDIA H100 80GB HBM3, P0, 100 %, 48 %, 81559 MiB, 22037 MiB, 59043 MiB, 47, 57, 405.20 W, 700.00 W, 700.00 W, 1980 MHz, 2619 MHz, [N/A]
2025/11/27 05:13:28.258, 0, NVIDIA H100 80GB HBM3, P0, 100 %, 65 %, 81559 MiB, 25011 MiB, 56069 MiB, 46, 57, 382.31 W, 700.00 W, 700.00 W, 1980 MHz, 2619 MHz, [N/A]
2025/11/27 05:13:28.259, 1, NVIDIA H100 80GB HBM3, P0, 100 %, 62 %, 81559 MiB, 23805 MiB, 57275 MiB, 52, 64, 422.81 W, 700.00 W, 700.00 W, 1980 MHz, 2619 MHz, [N/A]
2025/11/27 05:13:28.260, 2, NVIDIA H100 80GB HBM3, P0, 100 %, 57 %, 81559 MiB, 23501 MiB, 57579 MiB, 53, 62, 412.12 W, 700.00 W, 700.00 W, 1980 MHz, 2619 MHz, [N/A]
2025/11/27 05:13:28.261, 3, NVIDIA H100 80GB HBM3, P0, 100 %, 65 %, 81559 MiB, 23691 MiB, 57389 MiB, 47, 60, 430.87 W, 700.00 W, 700.00 W, 1965 MHz, 2619 MHz, [N/A]
2025/11/27 05:13:28.261, 4, NVIDIA H100 80GB HBM3, P0, 100 %, 66 %, 81559 MiB, 24061 MiB, 57019 MiB, 46, 54, 368.02 W, 700.00 W, 700.00 W, 1980 MHz, 2619 MHz, [N/A]
2025/11/27 05:13:28.262, 5, NVIDIA H100 80GB HBM3, P0, 97 %, 38 %, 81559 MiB, 24389 MiB, 56691 MiB, 51, 61, 394.25 W, 700.00 W, 700.00 W, 1980 MHz, 2619 MHz, [N/A]
2025/11/27 05:13:28.263, 6, NVIDIA H100 80GB HBM3, P0, 75 %, 35 %, 81559 MiB, 22801 MiB, 58279 MiB, 50, 61, 415.88 W, 700.00 W, 700.00 W, 1980 MHz, 2619 MHz, [N/A]
2025/11/27 05:13:28.263, 7, NVIDIA H100 80GB HBM3, P0, 100 %, 58 %, 81559 MiB, 22037 MiB, 59043 MiB, 47, 59, 421.50 W, 700.00 W, 700.00 W, 1980 MHz, 2619 MHz, [N/A]
2025/11/27 05:13:33.265, 0, NVIDIA H100 80GB HBM3, P0, 99 %, 45 %, 81559 MiB, 25011 MiB, 56069 MiB, 49, 58, 408.92 W, 700.00 W, 700.00 W, 1965 MHz, 2619 MHz, [N/A]
2025/11/27 05:13:33.266, 1, NVIDIA H100 80GB HBM3, P0, 92 %, 31 %, 81559 MiB, 23805 MiB, 57275 MiB, 55, 60, 456.08 W, 700.00 W, 700.00 W, 1965 MHz, 2619 MHz, [N/A]
2025/11/27 05:13:33.270, 2, NVIDIA H100 80GB HBM3, P0, 76 %, 47 %, 81559 MiB, 23501 MiB, 57579 MiB, 53, 62, 382.62 W, 700.00 W, 700.00 W, 1980 MHz, 2619 MHz, [N/A]
2025/11/27 05:13:33.272, 3, NVIDIA H100 80GB HBM3, P0, 94 %, 35 %, 81559 MiB, 23691 MiB, 57389 MiB, 50, 58, 379.91 W, 700.00 W, 700.00 W, 1980 MHz, 2619 MHz, [N/A]
2025/11/27 05:13:33.274, 4, NVIDIA H100 80GB HBM3, P0, 67 %, 21 %, 81559 MiB, 24061 MiB, 57019 MiB, 44, 54, 338.27 W, 700.00 W, 700.00 W, 1980 MHz, 2619 MHz, [N/A]
2025/11/27 05:13:33.275, 5, NVIDIA H100 80GB HBM3, P0, 99 %, 66 %, 81559 MiB, 24389 MiB, 56691 MiB, 53, 61, 422.66 W, 700.00 W, 700.00 W, 1980 MHz, 2619 MHz, [N/A]
2025/11/27 05:13:33.276, 6, NVIDIA H100 80GB HBM3, P0, 100 %, 68 %, 81559 MiB, 22801 MiB, 58279 MiB, 52, 59, 368.90 W, 700.00 W, 700.00 W, 1980 MHz, 2619 MHz, [N/A]
2025/11/27 05:13:33.277, 7, NVIDIA H100 80GB HBM3, P0, 93 %, 36 %, 81559 MiB, 22037 MiB, 59043 MiB, 49, 55, 371.08 W, 700.00 W, 700.00 W, 1980 MHz, 2619 MHz, [N/A]
2025/11/27 05:13:38.278, 0, NVIDIA H100 80GB HBM3, P0, 0 %, 0 %, 81559 MiB, 25011 MiB, 56069 MiB, 43, 51, 295.24 W, 700.00 W, 700.00 W, 1980 MHz, 2619 MHz, [N/A]
2025/11/27 05:13:38.279, 1, NVIDIA H100 80GB HBM3, P0, 0 %, 0 %, 81559 MiB, 23805 MiB, 57275 MiB, 48, 56, 370.80 W, 700.00 W, 700.00 W, 1980 MHz, 2619 MHz, [N/A]
2025/11/27 05:13:38.280, 2, NVIDIA H100 80GB HBM3, P0, 0 %, 0 %, 81559 MiB, 23501 MiB, 57579 MiB, 49, 56, 349.25 W, 700.00 W, 700.00 W, 1980 MHz, 2619 MHz, [N/A]
2025/11/27 05:13:38.280, 3, NVIDIA H100 80GB HBM3, P0, 0 %, 0 %, 81559 MiB, 23691 MiB, 57389 MiB, 42, 51, 357.43 W, 700.00 W, 700.00 W, 1980 MHz, 2619 MHz, [N/A]
2025/11/27 05:13:38.281, 4, NVIDIA H100 80GB HBM3, P0, 0 %, 0 %, 81559 MiB, 24061 MiB, 57019 MiB, 40, 47, 326.94 W, 700.00 W, 700.00 W, 1980 MHz, 2619 MHz, [N/A]
2025/11/27 05:13:38.282, 5, NVIDIA H100 80GB HBM3, P0, 10 %, 2 %, 81559 MiB, 24389 MiB, 56691 MiB, 47, 53, 334.02 W, 700.00 W, 700.00 W, 1980 MHz, 2619 MHz, [N/A]
2025/11/27 05:13:38.282, 6, NVIDIA H100 80GB HBM3, P0, 22 %, 7 %, 81559 MiB, 22801 MiB, 58279 MiB, 46, 53, 320.00 W, 700.00 W, 700.00 W, 1980 MHz, 2619 MHz, [N/A]
2025/11/27 05:13:38.283, 7, NVIDIA H100 80GB HBM3, P0, 0 %, 0 %, 81559 MiB, 22037 MiB, 59043 MiB, 43, 51, 316.40 W, 700.00 W, 700.00 W, 1980 MHz, 2619 MHz, [N/A]
2025/11/27 05:13:43.285, 0, NVIDIA H100 80GB HBM3, P0, 0 %, 0 %, 81559 MiB, 81080 MiB, 0 MiB, 38, 47, 71.78 W, 700.00 W, 700.00 W, 345 MHz, 2619 MHz, [N/A]
2025/11/27 05:13:43.286, 1, NVIDIA H100 80GB HBM3, P0, 0 %, 0 %, 81559 MiB, 81080 MiB, 0 MiB, 44, 52, 77.17 W, 700.00 W, 700.00 W, 525 MHz, 2619 MHz, [N/A]
2025/11/27 05:13:43.287, 2, NVIDIA H100 80GB HBM3, P0, 0 %, 0 %, 81559 MiB, 81080 MiB, 0 MiB, 44, 52, 80.11 W, 700.00 W, 700.00 W, 375 MHz, 2619 MHz, [N/A]
2025/11/27 05:13:43.288, 3, NVIDIA H100 80GB HBM3, P0, 0 %, 0 %, 81559 MiB, 81080 MiB, 0 MiB, 37, 47, 72.31 W, 700.00 W, 700.00 W, 345 MHz, 2619 MHz, [N/A]
2025/11/27 05:13:43.289, 4, NVIDIA H100 80GB HBM3, P0, 0 %, 0 %, 81559 MiB, 81080 MiB, 0 MiB, 36, 44, 71.90 W, 700.00 W, 700.00 W, 345 MHz, 2619 MHz, [N/A]
2025/11/27 05:13:43.290, 5, NVIDIA H100 80GB HBM3, P0, 0 %, 0 %, 81559 MiB, 81080 MiB, 0 MiB, 43, 50, 74.35 W, 700.00 W, 700.00 W, 345 MHz, 2619 MHz, [N/A]
2025/11/27 05:13:43.291, 6, NVIDIA H100 80GB HBM3, P0, 0 %, 0 %, 81559 MiB, 81080 MiB, 0 MiB, 42, 49, 72.15 W, 700.00 W, 700.00 W, 345 MHz, 2619 MHz, [N/A]
2025/11/27 05:13:43.291, 7, NVIDIA H100 80GB HBM3, P0, 0 %, 0 %, 81559 MiB, 81080 MiB, 0 MiB, 38, 47, 73.14 W, 700.00 W, 700.00 W, 465 MHz, 2619 MHz, [N/A]
2025/11/27 05:13:48.293, 0, NVIDIA H100 80GB HBM3, P0, 0 %, 0 %, 81559 MiB, 81080 MiB, 0 MiB, 37, 45, 71.67 W, 700.00 W, 700.00 W, 345 MHz, 2619 MHz, [N/A]
2025/11/27 05:13:48.294, 1, NVIDIA H100 80GB HBM3, P0, 0 %, 0 %, 81559 MiB, 81080 MiB, 0 MiB, 42, 51, 74.48 W, 700.00 W, 700.00 W, 345 MHz, 2619 MHz, [N/A]
2025/11/27 05:13:48.295, 2, NVIDIA H100 80GB HBM3, P0, 0 %, 0 %, 81559 MiB, 81080 MiB, 0 MiB, 43, 50, 78.20 W, 700.00 W, 700.00 W, 345 MHz, 2619 MHz, [N/A]
2025/11/27 05:13:48.296, 3, NVIDIA H100 80GB HBM3, P0, 0 %, 0 %, 81559 MiB, 81080 MiB, 0 MiB, 36, 45, 72.07 W, 700.00 W, 700.00 W, 345 MHz, 2619 MHz, [N/A]
2025/11/27 05:13:48.297, 4, NVIDIA H100 80GB HBM3, P0, 0 %, 0 %, 81559 MiB, 81080 MiB, 0 MiB, 35, 43, 71.04 W, 700.00 W, 700.00 W, 345 MHz, 2619 MHz, [N/A]
2025/11/27 05:13:48.298, 5, NVIDIA H100 80GB HBM3, P0, 0 %, 0 %, 81559 MiB, 81080 MiB, 0 MiB, 42, 49, 73.92 W, 700.00 W, 700.00 W, 345 MHz, 2619 MHz, [N/A]
2025/11/27 05:13:48.299, 6, NVIDIA H100 80GB HBM3, P0, 0 %, 0 %, 81559 MiB, 81080 MiB, 0 MiB, 41, 49, 71.89 W, 700.00 W, 700.00 W, 345 MHz, 2619 MHz, [N/A]
2025/11/27 05:13:48.299, 7, NVIDIA H100 80GB HBM3, P0, 0 %, 0 %, 81559 MiB, 81080 MiB, 0 MiB, 37, 46, 71.56 W, 700.00 W, 700.00 W, 345 MHz, 2619 MHz, [N/A]
2025/11/27 05:13:53.301, 0, NVIDIA H100 80GB HBM3, P0, 0 %, 0 %, 81559 MiB, 81080 MiB, 0 MiB, 36, 46, 71.33 W, 700.00 W, 700.00 W, 345 MHz, 2619 MHz, [N/A]
2025/11/27 05:13:53.302, 1, NVIDIA H100 80GB HBM3, P0, 0 %, 0 %, 81559 MiB, 81080 MiB, 0 MiB, 42, 50, 74.19 W, 700.00 W, 700.00 W, 345 MHz, 2619 MHz, [N/A]
2025/11/27 05:13:53.303, 2, NVIDIA H100 80GB HBM3, P0, 0 %, 0 %, 81559 MiB, 81080 MiB, 0 MiB, 42, 50, 77.90 W, 700.00 W, 700.00 W, 345 MHz, 2619 MHz, [N/A]
2025/11/27 05:13:53.304, 3, NVIDIA H100 80GB HBM3, P0, 0 %, 0 %, 81559 MiB, 81080 MiB, 0 MiB, 35, 45, 71.88 W, 700.00 W, 700.00 W, 345 MHz, 2619 MHz, [N/A]
2025/11/27 05:13:53.304, 4, NVIDIA H100 80GB HBM3, P0, 0 %, 0 %, 81559 MiB, 81080 MiB, 0 MiB, 34, 41, 70.79 W, 700.00 W, 700.00 W, 345 MHz, 2619 MHz, [N/A]
2025/11/27 05:13:53.305, 5, NVIDIA H100 80GB HBM3, P0, 0 %, 0 %, 81559 MiB, 81080 MiB, 0 MiB, 41, 47, 73.56 W, 700.00 W, 700.00 W, 345 MHz, 2619 MHz, [N/A]
2025/11/27 05:13:53.306, 6, NVIDIA H100 80GB HBM3, P0, 0 %, 0 %, 81559 MiB, 81080 MiB, 0 MiB, 40, 47, 71.57 W, 700.00 W, 700.00 W, 345 MHz, 2619 MHz, [N/A]
2025/11/27 05:13:53.307, 7, NVIDIA H100 80GB HBM3, P0, 0 %, 0 %, 81559 MiB, 81080 MiB, 0 MiB, 36, 45, 71.27 W, 700.00 W, 700.00 W, 345 MHz, 2619 MHz, [N/A]
2025/11/27 05:13:58.308, 0, NVIDIA H100 80GB HBM3, P0, 0 %, 0 %, 81559 MiB, 81080 MiB, 0 MiB, 35, 45, 71.16 W, 700.00 W, 700.00 W, 345 MHz, 2619 MHz, [N/A]
2025/11/27 05:13:58.309, 1, NVIDIA H100 80GB HBM3, P0, 0 %, 0 %, 81559 MiB, 81080 MiB, 0 MiB, 41, 48, 73.86 W, 700.00 W, 700.00 W, 345 MHz, 2619 MHz, [N/A]
2025/11/27 05:13:58.310, 2, NVIDIA H100 80GB HBM3, P0, 0 %, 0 %, 81559 MiB, 81080 MiB, 0 MiB, 41, 48, 77.44 W, 700.00 W, 700.00 W, 345 MHz, 2619 MHz, [N/A]
2025/11/27 05:13:58.311, 3, NVIDIA H100 80GB HBM3, P0, 0 %, 0 %, 81559 MiB, 81080 MiB, 0 MiB, 35, 44, 71.78 W, 700.00 W, 700.00 W, 345 MHz, 2619 MHz, [N/A]
2025/11/27 05:13:58.312, 4, NVIDIA H100 80GB HBM3, P0, 0 %, 0 %, 81559 MiB, 81080 MiB, 0 MiB, 34, 41, 70.61 W, 700.00 W, 700.00 W, 345 MHz, 2619 MHz, [N/A]
2025/11/27 05:13:58.314, 5, NVIDIA H100 80GB HBM3, P0, 0 %, 0 %, 81559 MiB, 81080 MiB, 0 MiB, 40, 47, 73.28 W, 700.00 W, 700.00 W, 345 MHz, 2619 MHz, [N/A]
2025/11/27 05:13:58.314, 6, NVIDIA H100 80GB HBM3, P0, 0 %, 0 %, 81559 MiB, 81080 MiB, 0 MiB, 39, 47, 71.36 W, 700.00 W, 700.00 W, 345 MHz, 2619 MHz, [N/A]
2025/11/27 05:13:58.315, 7, NVIDIA H100 80GB HBM3, P0, 0 %, 0 %, 81559 MiB, 81080 MiB, 0 MiB, 36, 43, 71.11 W, 700.00 W, 700.00 W, 345 MHz, 2619 MHz, [N/A]
