timestamp, index, name, pstate, utilization.gpu [%], utilization.memory [%], memory.total [MiB], memory.free [MiB], memory.used [MiB], temperature.gpu, temperature.memory, power.draw [W], power.limit [W], power.max_limit [W], clocks.current.graphics [MHz], clocks.current.memory [MHz], fan.speed [%]
2025/11/27 04:57:45.958, 0, NVIDIA H100 80GB HBM3, P0, 0 %, 0 %, 81559 MiB, 81080 MiB, 0 MiB, 31, 39, 69.86 W, 700.00 W, 700.00 W, 345 MHz, 2619 MHz, [N/A]
2025/11/27 04:57:45.966, 1, NVIDIA H100 80GB HBM3, P0, 0 %, 0 %, 81559 MiB, 81080 MiB, 0 MiB, 34, 42, 71.98 W, 700.00 W, 700.00 W, 345 MHz, 2619 MHz, [N/A]
2025/11/27 04:57:45.972, 2, NVIDIA H100 80GB HBM3, P0, 0 %, 0 %, 81559 MiB, 81080 MiB, 0 MiB, 34, 42, 74.95 W, 700.00 W, 700.00 W, 345 MHz, 2619 MHz, [N/A]
2025/11/27 04:57:45.979, 3, NVIDIA H100 80GB HBM3, P0, 0 %, 0 %, 81559 MiB, 81080 MiB, 0 MiB, 30, 40, 70.88 W, 700.00 W, 700.00 W, 345 MHz, 2619 MHz, [N/A]
2025/11/27 04:57:45.986, 4, NVIDIA H100 80GB HBM3, P0, 0 %, 0 %, 81559 MiB, 81080 MiB, 0 MiB, 30, 37, 69.75 W, 700.00 W, 700.00 W, 345 MHz, 2619 MHz, [N/A]
2025/11/27 04:57:45.993, 5, NVIDIA H100 80GB HBM3, P0, 0 %, 0 %, 81559 MiB, 81080 MiB, 0 MiB, 34, 40, 71.34 W, 700.00 W, 700.00 W, 345 MHz, 2619 MHz, [N/A]
2025/11/27 04:57:45.999, 6, NVIDIA H100 80GB HBM3, P0, 0 %, 0 %, 81559 MiB, 81080 MiB, 0 MiB, 33, 41, 69.68 W, 700.00 W, 700.00 W, 345 MHz, 2619 MHz, [N/A]
2025/11/27 04:57:46.007, 7, NVIDIA H100 80GB HBM3, P0, 0 %, 0 %, 81559 MiB, 81080 MiB, 0 MiB, 31, 39, 70.04 W, 700.00 W, 700.00 W, 345 MHz, 2619 MHz, [N/A]
2025/11/27 04:57:51.014, 0, NVIDIA H100 80GB HBM3, P0, 0 %, 0 %, 81559 MiB, 81076 MiB, 4 MiB, 30, 40, 70.15 W, 700.00 W, 700.00 W, 345 MHz, 2619 MHz, [N/A]
2025/11/27 04:57:51.022, 1, NVIDIA H100 80GB HBM3, P0, 0 %, 0 %, 81559 MiB, 81076 MiB, 4 MiB, 34, 42, 74.54 W, 700.00 W, 700.00 W, 345 MHz, 2619 MHz, [N/A]
2025/11/27 04:57:51.045, 2, NVIDIA H100 80GB HBM3, P0, 0 %, 0 %, 81559 MiB, 81076 MiB, 4 MiB, 34, 42, 74.87 W, 700.00 W, 700.00 W, 345 MHz, 2619 MHz, [N/A]
2025/11/27 04:57:51.054, 3, NVIDIA H100 80GB HBM3, P0, 0 %, 0 %, 81559 MiB, 81076 MiB, 4 MiB, 30, 39, 70.89 W, 700.00 W, 700.00 W, 345 MHz, 2619 MHz, [N/A]
2025/11/27 04:57:51.079, 4, NVIDIA H100 80GB HBM3, P0, 0 %, 0 %, 81559 MiB, 81076 MiB, 4 MiB, 29, 37, 69.76 W, 700.00 W, 700.00 W, 345 MHz, 2619 MHz, [N/A]
2025/11/27 04:57:51.088, 5, NVIDIA H100 80GB HBM3, P0, 0 %, 0 %, 81559 MiB, 81076 MiB, 4 MiB, 33, 39, 71.61 W, 700.00 W, 700.00 W, 345 MHz, 2619 MHz, [N/A]
2025/11/27 04:57:51.113, 6, NVIDIA H100 80GB HBM3, P0, 0 %, 0 %, 81559 MiB, 81076 MiB, 4 MiB, 33, 41, 71.13 W, 700.00 W, 700.00 W, 810 MHz, 2619 MHz, [N/A]
2025/11/27 04:57:51.117, 7, NVIDIA H100 80GB HBM3, P0, 0 %, 0 %, 81559 MiB, 81076 MiB, 4 MiB, 31, 38, 69.90 W, 700.00 W, 700.00 W, 345 MHz, 2619 MHz, [N/A]
2025/11/27 04:57:56.119, 0, NVIDIA H100 80GB HBM3, P0, 0 %, 0 %, 81559 MiB, 81076 MiB, 4 MiB, 30, 39, 70.14 W, 700.00 W, 700.00 W, 345 MHz, 2619 MHz, [N/A]
2025/11/27 04:57:56.120, 1, NVIDIA H100 80GB HBM3, P0, 0 %, 0 %, 81559 MiB, 81076 MiB, 4 MiB, 34, 42, 71.76 W, 700.00 W, 700.00 W, 345 MHz, 2619 MHz, [N/A]
2025/11/27 04:57:56.121, 2, NVIDIA H100 80GB HBM3, P0, 0 %, 0 %, 81559 MiB, 81076 MiB, 4 MiB, 34, 42, 74.77 W, 700.00 W, 700.00 W, 345 MHz, 2619 MHz, [N/A]
2025/11/27 04:57:56.122, 3, NVIDIA H100 80GB HBM3, P0, 0 %, 0 %, 81559 MiB, 81076 MiB, 4 MiB, 30, 39, 70.83 W, 700.00 W, 700.00 W, 345 MHz, 2619 MHz, [N/A]
2025/11/27 04:57:56.123, 4, NVIDIA H100 80GB HBM3, P0, 0 %, 0 %, 81559 MiB, 81076 MiB, 4 MiB, 29, 37, 69.73 W, 700.00 W, 700.00 W, 345 MHz, 2619 MHz, [N/A]
2025/11/27 04:57:56.123, 5, NVIDIA H100 80GB HBM3, P0, 0 %, 0 %, 81559 MiB, 81076 MiB, 4 MiB, 33, 39, 71.49 W, 700.00 W, 700.00 W, 345 MHz, 2619 MHz, [N/A]
2025/11/27 04:57:56.124, 6, NVIDIA H100 80GB HBM3, P0, 0 %, 0 %, 81559 MiB, 81076 MiB, 4 MiB, 33, 39, 69.59 W, 700.00 W, 700.00 W, 345 MHz, 2619 MHz, [N/A]
2025/11/27 04:57:56.125, 7, NVIDIA H100 80GB HBM3, P0, 0 %, 0 %, 81559 MiB, 81076 MiB, 4 MiB, 31, 39, 70.04 W, 700.00 W, 700.00 W, 345 MHz, 2619 MHz, [N/A]
2025/11/27 04:58:01.126, 0, NVIDIA H100 80GB HBM3, P0, 0 %, 0 %, 81559 MiB, 80549 MiB, 531 MiB, 32, 39, 114.98 W, 700.00 W, 700.00 W, 1980 MHz, 2619 MHz, [N/A]
2025/11/27 04:58:01.127, 1, NVIDIA H100 80GB HBM3, P0, 0 %, 0 %, 81559 MiB, 80549 MiB, 531 MiB, 35, 42, 120.21 W, 700.00 W, 700.00 W, 1980 MHz, 2619 MHz, [N/A]
2025/11/27 04:58:01.128, 2, NVIDIA H100 80GB HBM3, P0, 0 %, 0 %, 81559 MiB, 80549 MiB, 531 MiB, 35, 40, 120.45 W, 700.00 W, 700.00 W, 1980 MHz, 2619 MHz, [N/A]
2025/11/27 04:58:01.128, 3, NVIDIA H100 80GB HBM3, P0, 0 %, 0 %, 81559 MiB, 80549 MiB, 531 MiB, 31, 39, 118.22 W, 700.00 W, 700.00 W, 1980 MHz, 2619 MHz, [N/A]
2025/11/27 04:58:01.129, 4, NVIDIA H100 80GB HBM3, P0, 0 %, 0 %, 81559 MiB, 80549 MiB, 531 MiB, 30, 37, 113.67 W, 700.00 W, 700.00 W, 1980 MHz, 2619 MHz, [N/A]
2025/11/27 04:58:01.130, 5, NVIDIA H100 80GB HBM3, P0, 0 %, 0 %, 81559 MiB, 80549 MiB, 531 MiB, 34, 39, 118.99 W, 700.00 W, 700.00 W, 1980 MHz, 2619 MHz, [N/A]
2025/11/27 04:58:01.130, 6, NVIDIA H100 80GB HBM3, P0, 0 %, 0 %, 81559 MiB, 80549 MiB, 531 MiB, 34, 40, 115.59 W, 700.00 W, 700.00 W, 1980 MHz, 2619 MHz, [N/A]
2025/11/27 04:58:01.131, 7, NVIDIA H100 80GB HBM3, P0, 0 %, 0 %, 81559 MiB, 80549 MiB, 531 MiB, 32, 39, 115.12 W, 700.00 W, 700.00 W, 1980 MHz, 2619 MHz, [N/A]
2025/11/27 04:58:06.132, 0, NVIDIA H100 80GB HBM3, P0, 0 %, 0 %, 81559 MiB, 80549 MiB, 531 MiB, 32, 40, 115.04 W, 700.00 W, 700.00 W, 1980 MHz, 2619 MHz, [N/A]
2025/11/27 04:58:06.133, 1, NVIDIA H100 80GB HBM3, P0, 0 %, 0 %, 81559 MiB, 80549 MiB, 531 MiB, 35, 42, 120.15 W, 700.00 W, 700.00 W, 1980 MHz, 2619 MHz, [N/A]
2025/11/27 04:58:06.134, 2, NVIDIA H100 80GB HBM3, P0, 0 %, 0 %, 81559 MiB, 80549 MiB, 531 MiB, 35, 40, 120.47 W, 700.00 W, 700.00 W, 1980 MHz, 2619 MHz, [N/A]
2025/11/27 04:58:06.134, 3, NVIDIA H100 80GB HBM3, P0, 0 %, 0 %, 81559 MiB, 80549 MiB, 531 MiB, 31, 39, 118.26 W, 700.00 W, 700.00 W, 1980 MHz, 2619 MHz, [N/A]
2025/11/27 04:58:06.135, 4, NVIDIA H100 80GB HBM3, P0, 0 %, 0 %, 81559 MiB, 80549 MiB, 531 MiB, 31, 37, 113.71 W, 700.00 W, 700.00 W, 1980 MHz, 2619 MHz, [N/A]
2025/11/27 04:58:06.135, 5, NVIDIA H100 80GB HBM3, P0, 0 %, 0 %, 81559 MiB, 80549 MiB, 531 MiB, 34, 39, 118.99 W, 700.00 W, 700.00 W, 1980 MHz, 2619 MHz, [N/A]
2025/11/27 04:58:06.136, 6, NVIDIA H100 80GB HBM3, P0, 0 %, 0 %, 81559 MiB, 80549 MiB, 531 MiB, 34, 39, 115.65 W, 700.00 W, 700.00 W, 1980 MHz, 2619 MHz, [N/A]
2025/11/27 04:58:06.136, 7, NVIDIA H100 80GB HBM3, P0, 0 %, 0 %, 81559 MiB, 80549 MiB, 531 MiB, 32, 39, 115.20 W, 700.00 W, 700.00 W, 1980 MHz, 2619 MHz, [N/A]
2025/11/27 04:58:11.138, 0, NVIDIA H100 80GB HBM3, P0, 0 %, 0 %, 81559 MiB, 80549 MiB, 531 MiB, 32, 39, 115.06 W, 700.00 W, 700.00 W, 1980 MHz, 2619 MHz, [N/A]
2025/11/27 04:58:11.138, 1, NVIDIA H100 80GB HBM3, P0, 0 %, 0 %, 81559 MiB, 80549 MiB, 531 MiB, 35, 42, 120.28 W, 700.00 W, 700.00 W, 1980 MHz, 2619 MHz, [N/A]
2025/11/27 04:58:11.139, 2, NVIDIA H100 80GB HBM3, P0, 0 %, 0 %, 81559 MiB, 80549 MiB, 531 MiB, 35, 42, 120.46 W, 700.00 W, 700.00 W, 1980 MHz, 2619 MHz, [N/A]
2025/11/27 04:58:11.140, 3, NVIDIA H100 80GB HBM3, P0, 0 %, 0 %, 81559 MiB, 80549 MiB, 531 MiB, 31, 39, 118.28 W, 700.00 W, 700.00 W, 1980 MHz, 2619 MHz, [N/A]
2025/11/27 04:58:11.140, 4, NVIDIA H100 80GB HBM3, P0, 0 %, 0 %, 81559 MiB, 80549 MiB, 531 MiB, 31, 37, 113.74 W, 700.00 W, 700.00 W, 1980 MHz, 2619 MHz, [N/A]
2025/11/27 04:58:11.141, 5, NVIDIA H100 80GB HBM3, P0, 0 %, 0 %, 81559 MiB, 80549 MiB, 531 MiB, 34, 39, 118.97 W, 700.00 W, 700.00 W, 1980 MHz, 2619 MHz, [N/A]
2025/11/27 04:58:11.142, 6, NVIDIA H100 80GB HBM3, P0, 0 %, 0 %, 81559 MiB, 80549 MiB, 531 MiB, 34, 39, 115.63 W, 700.00 W, 700.00 W, 1980 MHz, 2619 MHz, [N/A]
2025/11/27 04:58:11.142, 7, NVIDIA H100 80GB HBM3, P0, 0 %, 0 %, 81559 MiB, 80549 MiB, 531 MiB, 32, 39, 115.27 W, 700.00 W, 700.00 W, 1980 MHz, 2619 MHz, [N/A]
2025/11/27 04:58:16.143, 0, NVIDIA H100 80GB HBM3, P0, 0 %, 0 %, 81559 MiB, 80549 MiB, 531 MiB, 32, 39, 115.10 W, 700.00 W, 700.00 W, 1980 MHz, 2619 MHz, [N/A]
2025/11/27 04:58:16.144, 1, NVIDIA H100 80GB HBM3, P0, 0 %, 0 %, 81559 MiB, 80549 MiB, 531 MiB, 35, 42, 120.16 W, 700.00 W, 700.00 W, 1980 MHz, 2619 MHz, [N/A]
2025/11/27 04:58:16.145, 2, NVIDIA H100 80GB HBM3, P0, 0 %, 0 %, 81559 MiB, 80549 MiB, 531 MiB, 35, 40, 120.47 W, 700.00 W, 700.00 W, 1980 MHz, 2619 MHz, [N/A]
2025/11/27 04:58:16.145, 3, NVIDIA H100 80GB HBM3, P0, 0 %, 0 %, 81559 MiB, 80549 MiB, 531 MiB, 32, 39, 118.30 W, 700.00 W, 700.00 W, 1980 MHz, 2619 MHz, [N/A]
2025/11/27 04:58:16.146, 4, NVIDIA H100 80GB HBM3, P0, 0 %, 0 %, 81559 MiB, 80549 MiB, 531 MiB, 31, 37, 113.79 W, 700.00 W, 700.00 W, 1980 MHz, 2619 MHz, [N/A]
2025/11/27 04:58:16.146, 5, NVIDIA H100 80GB HBM3, P0, 0 %, 0 %, 81559 MiB, 80549 MiB, 531 MiB, 34, 39, 118.99 W, 700.00 W, 700.00 W, 1980 MHz, 2619 MHz, [N/A]
2025/11/27 04:58:16.147, 6, NVIDIA H100 80GB HBM3, P0, 0 %, 0 %, 81559 MiB, 80549 MiB, 531 MiB, 34, 39, 115.63 W, 700.00 W, 700.00 W, 1980 MHz, 2619 MHz, [N/A]
2025/11/27 04:58:16.147, 7, NVIDIA H100 80GB HBM3, P0, 0 %, 0 %, 81559 MiB, 80549 MiB, 531 MiB, 32, 39, 115.14 W, 700.00 W, 700.00 W, 1980 MHz, 2619 MHz, [N/A]
2025/11/27 04:58:21.149, 0, NVIDIA H100 80GB HBM3, P0, 0 %, 0 %, 81559 MiB, 80549 MiB, 531 MiB, 32, 39, 115.07 W, 700.00 W, 700.00 W, 1980 MHz, 2619 MHz, [N/A]
2025/11/27 04:58:21.150, 1, NVIDIA H100 80GB HBM3, P0, 0 %, 0 %, 81559 MiB, 80455 MiB, 625 MiB, 35, 42, 120.11 W, 700.00 W, 700.00 W, 1980 MHz, 2619 MHz, [N/A]
2025/11/27 04:58:21.151, 2, NVIDIA H100 80GB HBM3, P0, 0 %, 0 %, 81559 MiB, 80455 MiB, 625 MiB, 35, 40, 120.43 W, 700.00 W, 700.00 W, 1980 MHz, 2619 MHz, [N/A]
2025/11/27 04:58:21.152, 3, NVIDIA H100 80GB HBM3, P0, 0 %, 0 %, 81559 MiB, 80455 MiB, 625 MiB, 32, 39, 118.29 W, 700.00 W, 700.00 W, 1980 MHz, 2619 MHz, [N/A]
2025/11/27 04:58:21.152, 4, NVIDIA H100 80GB HBM3, P0, 0 %, 0 %, 81559 MiB, 80549 MiB, 531 MiB, 31, 37, 113.81 W, 700.00 W, 700.00 W, 1980 MHz, 2619 MHz, [N/A]
2025/11/27 04:58:21.153, 5, NVIDIA H100 80GB HBM3, P0, 0 %, 0 %, 81559 MiB, 80455 MiB, 625 MiB, 34, 39, 119.00 W, 700.00 W, 700.00 W, 1980 MHz, 2619 MHz, [N/A]
2025/11/27 04:58:21.153, 6, NVIDIA H100 80GB HBM3, P0, 0 %, 0 %, 81559 MiB, 80455 MiB, 625 MiB, 34, 39, 115.68 W, 700.00 W, 700.00 W, 1980 MHz, 2619 MHz, [N/A]
2025/11/27 04:58:21.154, 7, NVIDIA H100 80GB HBM3, P0, 0 %, 0 %, 81559 MiB, 80549 MiB, 531 MiB, 32, 39, 115.27 W, 700.00 W, 700.00 W, 1980 MHz, 2619 MHz, [N/A]
2025/11/27 04:58:26.154, 0, NVIDIA H100 80GB HBM3, P0, 0 %, 0 %, 81559 MiB, 80549 MiB, 531 MiB, 32, 39, 115.13 W, 700.00 W, 700.00 W, 1980 MHz, 2619 MHz, [N/A]
2025/11/27 04:58:26.155, 1, NVIDIA H100 80GB HBM3, P0, 0 %, 0 %, 81559 MiB, 80455 MiB, 625 MiB, 35, 42, 120.19 W, 700.00 W, 700.00 W, 1980 MHz, 2619 MHz, [N/A]
2025/11/27 04:58:26.156, 2, NVIDIA H100 80GB HBM3, P0, 0 %, 0 %, 81559 MiB, 80455 MiB, 625 MiB, 35, 40, 120.39 W, 700.00 W, 700.00 W, 1980 MHz, 2619 MHz, [N/A]
2025/11/27 04:58:26.157, 3, NVIDIA H100 80GB HBM3, P0, 0 %, 0 %, 81559 MiB, 80455 MiB, 625 MiB, 32, 39, 118.28 W, 700.00 W, 700.00 W, 1980 MHz, 2619 MHz, [N/A]
2025/11/27 04:58:26.157, 4, NVIDIA H100 80GB HBM3, P0, 0 %, 0 %, 81559 MiB, 80455 MiB, 625 MiB, 31, 37, 113.79 W, 700.00 W, 700.00 W, 1980 MHz, 2619 MHz, [N/A]
2025/11/27 04:58:26.158, 5, NVIDIA H100 80GB HBM3, P0, 0 %, 0 %, 81559 MiB, 80455 MiB, 625 MiB, 34, 39, 119.02 W, 700.00 W, 700.00 W, 1980 MHz, 2619 MHz, [N/A]
2025/11/27 04:58:26.159, 6, NVIDIA H100 80GB HBM3, P0, 0 %, 0 %, 81559 MiB, 80455 MiB, 625 MiB, 34, 39, 115.62 W, 700.00 W, 700.00 W, 1980 MHz, 2619 MHz, [N/A]
2025/11/27 04:58:26.159, 7, NVIDIA H100 80GB HBM3, P0, 0 %, 0 %, 81559 MiB, 80455 MiB, 625 MiB, 32, 39, 115.30 W, 700.00 W, 700.00 W, 1980 MHz, 2619 MHz, [N/A]
2025/11/27 04:58:31.160, 0, NVIDIA H100 80GB HBM3, P0, 0 %, 0 %, 81559 MiB, 79559 MiB, 1521 MiB, 32, 39, 115.47 W, 700.00 W, 700.00 W, 1980 MHz, 2619 MHz, [N/A]
2025/11/27 04:58:31.161, 1, NVIDIA H100 80GB HBM3, P0, 0 %, 0 %, 81559 MiB, 79559 MiB, 1521 MiB, 35, 42, 120.62 W, 700.00 W, 700.00 W, 1980 MHz, 2619 MHz, [N/A]
2025/11/27 04:58:31.162, 2, NVIDIA H100 80GB HBM3, P0, 0 %, 0 %, 81559 MiB, 79559 MiB, 1521 MiB, 35, 40, 120.80 W, 700.00 W, 700.00 W, 1980 MHz, 2619 MHz, [N/A]
2025/11/27 04:58:31.163, 3, NVIDIA H100 80GB HBM3, P0, 0 %, 0 %, 81559 MiB, 79559 MiB, 1521 MiB, 32, 39, 118.68 W, 700.00 W, 700.00 W, 1980 MHz, 2619 MHz, [N/A]
2025/11/27 04:58:31.163, 4, NVIDIA H100 80GB HBM3, P0, 0 %, 0 %, 81559 MiB, 79559 MiB, 1521 MiB, 31, 37, 114.10 W, 700.00 W, 700.00 W, 1980 MHz, 2619 MHz, [N/A]
2025/11/27 04:58:31.164, 5, NVIDIA H100 80GB HBM3, P0, 0 %, 0 %, 81559 MiB, 79559 MiB, 1521 MiB, 34, 39, 119.35 W, 700.00 W, 700.00 W, 1980 MHz, 2619 MHz, [N/A]
2025/11/27 04:58:31.164, 6, NVIDIA H100 80GB HBM3, P0, 0 %, 0 %, 81559 MiB, 79559 MiB, 1521 MiB, 34, 39, 115.91 W, 700.00 W, 700.00 W, 1980 MHz, 2619 MHz, [N/A]
2025/11/27 04:58:31.165, 7, NVIDIA H100 80GB HBM3, P0, 0 %, 0 %, 81559 MiB, 79559 MiB, 1521 MiB, 32, 39, 115.46 W, 700.00 W, 700.00 W, 1980 MHz, 2619 MHz, [N/A]
2025/11/27 04:58:36.166, 0, NVIDIA H100 80GB HBM3, P0, 22 %, 1 %, 81559 MiB, 76793 MiB, 4287 MiB, 33, 41, 137.45 W, 700.00 W, 700.00 W, 1980 MHz, 2619 MHz, [N/A]
2025/11/27 04:58:36.167, 1, NVIDIA H100 80GB HBM3, P0, 100 %, 1 %, 81559 MiB, 72809 MiB, 8271 MiB, 36, 42, 143.93 W, 700.00 W, 700.00 W, 1980 MHz, 2619 MHz, [N/A]
2025/11/27 04:58:36.169, 2, NVIDIA H100 80GB HBM3, P0, 100 %, 1 %, 81559 MiB, 72809 MiB, 8271 MiB, 36, 42, 144.53 W, 700.00 W, 700.00 W, 1980 MHz, 2619 MHz, [N/A]
2025/11/27 04:58:36.170, 3, NVIDIA H100 80GB HBM3, P0, 100 %, 1 %, 81559 MiB, 72809 MiB, 8271 MiB, 33, 39, 143.67 W, 700.00 W, 700.00 W, 1980 MHz, 2619 MHz, [N/A]
2025/11/27 04:58:36.171, 4, NVIDIA H100 80GB HBM3, P0, 100 %, 1 %, 81559 MiB, 72809 MiB, 8271 MiB, 32, 38, 137.77 W, 700.00 W, 700.00 W, 1980 MHz, 2619 MHz, [N/A]
2025/11/27 04:58:36.171, 5, NVIDIA H100 80GB HBM3, P0, 100 %, 1 %, 81559 MiB, 72809 MiB, 8271 MiB, 35, 40, 144.83 W, 700.00 W, 700.00 W, 1980 MHz, 2619 MHz, [N/A]
2025/11/27 04:58:36.172, 6, NVIDIA H100 80GB HBM3, P0, 100 %, 1 %, 81559 MiB, 72809 MiB, 8271 MiB, 35, 41, 138.95 W, 700.00 W, 700.00 W, 1980 MHz, 2619 MHz, [N/A]
2025/11/27 04:58:36.172, 7, NVIDIA H100 80GB HBM3, P0, 100 %, 1 %, 81559 MiB, 72809 MiB, 8271 MiB, 33, 39, 139.18 W, 700.00 W, 700.00 W, 1980 MHz, 2619 MHz, [N/A]
2025/11/27 04:58:41.173, 0, NVIDIA H100 80GB HBM3, P0, 0 %, 0 %, 81559 MiB, 72857 MiB, 8223 MiB, 32, 40, 115.29 W, 700.00 W, 700.00 W, 1980 MHz, 2619 MHz, [N/A]
2025/11/27 04:58:41.174, 1, NVIDIA H100 80GB HBM3, P0, 100 %, 0 %, 81559 MiB, 72557 MiB, 8523 MiB, 35, 42, 120.71 W, 700.00 W, 700.00 W, 1980 MHz, 2619 MHz, [N/A]
2025/11/27 04:58:41.175, 2, NVIDIA H100 80GB HBM3, P0, 100 %, 0 %, 81559 MiB, 72557 MiB, 8523 MiB, 35, 41, 121.07 W, 700.00 W, 700.00 W, 1980 MHz, 2619 MHz, [N/A]
2025/11/27 04:58:41.175, 3, NVIDIA H100 80GB HBM3, P0, 100 %, 0 %, 81559 MiB, 72557 MiB, 8523 MiB, 32, 40, 118.90 W, 700.00 W, 700.00 W, 1980 MHz, 2619 MHz, [N/A]
2025/11/27 04:58:41.176, 4, NVIDIA H100 80GB HBM3, P0, 100 %, 0 %, 81559 MiB, 72557 MiB, 8523 MiB, 31, 37, 114.27 W, 700.00 W, 700.00 W, 1980 MHz, 2619 MHz, [N/A]
2025/11/27 04:58:41.176, 5, NVIDIA H100 80GB HBM3, P0, 100 %, 0 %, 81559 MiB, 72557 MiB, 8523 MiB, 34, 39, 119.53 W, 700.00 W, 700.00 W, 1980 MHz, 2619 MHz, [N/A]
2025/11/27 04:58:41.177, 6, NVIDIA H100 80GB HBM3, P0, 100 %, 0 %, 81559 MiB, 72557 MiB, 8523 MiB, 34, 41, 115.80 W, 700.00 W, 700.00 W, 1980 MHz, 2619 MHz, [N/A]
2025/11/27 04:58:41.177, 7, NVIDIA H100 80GB HBM3, P0, 100 %, 0 %, 81559 MiB, 72557 MiB, 8523 MiB, 32, 39, 115.45 W, 700.00 W, 700.00 W, 1980 MHz, 2619 MHz, [N/A]
2025/11/27 04:58:46.178, 0, NVIDIA H100 80GB HBM3, P0, 72 %, 29 %, 81559 MiB, 47545 MiB, 33535 MiB, 37, 49, 326.24 W, 700.00 W, 700.00 W, 1980 MHz, 2619 MHz, [N/A]
2025/11/27 04:58:46.180, 1, NVIDIA H100 80GB HBM3, P0, 98 %, 47 %, 81559 MiB, 45447 MiB, 35633 MiB, 39, 46, 347.23 W, 700.00 W, 700.00 W, 1980 MHz, 2619 MHz, [N/A]
2025/11/27 04:58:46.181, 2, NVIDIA H100 80GB HBM3, P0, 34 %, 17 %, 81559 MiB, 48247 MiB, 32833 MiB, 42, 48, 357.82 W, 700.00 W, 700.00 W, 1980 MHz, 2619 MHz, [N/A]
2025/11/27 04:58:46.182, 3, NVIDIA H100 80GB HBM3, P0, 87 %, 45 %, 81559 MiB, 47671 MiB, 33409 MiB, 36, 45, 341.88 W, 700.00 W, 700.00 W, 1980 MHz, 2619 MHz, [N/A]
2025/11/27 04:58:46.183, 4, NVIDIA H100 80GB HBM3, P0, 73 %, 29 %, 81559 MiB, 45449 MiB, 35631 MiB, 36, 45, 314.40 W, 700.00 W, 700.00 W, 1980 MHz, 2619 MHz, [N/A]
2025/11/27 04:58:46.184, 5, NVIDIA H100 80GB HBM3, P0, 62 %, 22 %, 81559 MiB, 47971 MiB, 33109 MiB, 39, 45, 375.96 W, 700.00 W, 700.00 W, 1980 MHz, 2619 MHz, [N/A]
2025/11/27 04:58:46.185, 6, NVIDIA H100 80GB HBM3, P0, 79 %, 39 %, 81559 MiB, 45561 MiB, 35519 MiB, 40, 47, 347.20 W, 700.00 W, 700.00 W, 1980 MHz, 2619 MHz, [N/A]
2025/11/27 04:58:46.185, 7, NVIDIA H100 80GB HBM3, P0, 98 %, 58 %, 81559 MiB, 39957 MiB, 41123 MiB, 38, 45, 362.57 W, 700.00 W, 700.00 W, 1980 MHz, 2619 MHz, [N/A]
2025/11/27 04:58:51.187, 0, NVIDIA H100 80GB HBM3, P0, 61 %, 31 %, 81559 MiB, 41721 MiB, 39359 MiB, 38, 47, 357.70 W, 700.00 W, 700.00 W, 1980 MHz, 2619 MHz, [N/A]
2025/11/27 04:58:51.188, 1, NVIDIA H100 80GB HBM3, P0, 71 %, 14 %, 81559 MiB, 42855 MiB, 38225 MiB, 42, 50, 369.84 W, 700.00 W, 700.00 W, 1980 MHz, 2619 MHz, [N/A]
2025/11/27 04:58:51.189, 2, NVIDIA H100 80GB HBM3, P0, 83 %, 42 %, 81559 MiB, 46235 MiB, 34845 MiB, 41, 50, 372.22 W, 700.00 W, 700.00 W, 1980 MHz, 2619 MHz, [N/A]
2025/11/27 04:58:51.190, 3, NVIDIA H100 80GB HBM3, P0, 60 %, 11 %, 81559 MiB, 45115 MiB, 35965 MiB, 38, 49, 355.97 W, 700.00 W, 700.00 W, 1980 MHz, 2619 MHz, [N/A]
2025/11/27 04:58:51.190, 4, NVIDIA H100 80GB HBM3, P0, 61 %, 32 %, 81559 MiB, 45427 MiB, 35653 MiB, 39, 47, 377.30 W, 700.00 W, 700.00 W, 1980 MHz, 2619 MHz, [N/A]
2025/11/27 04:58:51.191, 5, NVIDIA H100 80GB HBM3, P0, 92 %, 52 %, 81559 MiB, 47357 MiB, 33723 MiB, 42, 50, 368.24 W, 700.00 W, 700.00 W, 1980 MHz, 2619 MHz, [N/A]
2025/11/27 04:58:51.192, 6, NVIDIA H100 80GB HBM3, P0, 45 %, 15 %, 81559 MiB, 45549 MiB, 35531 MiB, 43, 51, 386.44 W, 700.00 W, 700.00 W, 1980 MHz, 2619 MHz, [N/A]
2025/11/27 04:58:51.193, 7, NVIDIA H100 80GB HBM3, P0, 57 %, 11 %, 81559 MiB, 39953 MiB, 41127 MiB, 39, 49, 350.49 W, 700.00 W, 700.00 W, 1980 MHz, 2619 MHz, [N/A]
2025/11/27 04:58:56.195, 0, NVIDIA H100 80GB HBM3, P0, 61 %, 40 %, 81559 MiB, 41697 MiB, 39383 MiB, 40, 49, 410.69 W, 700.00 W, 700.00 W, 1980 MHz, 2619 MHz, [N/A]
2025/11/27 04:58:56.197, 1, NVIDIA H100 80GB HBM3, P0, 100 %, 60 %, 81559 MiB, 42845 MiB, 38235 MiB, 43, 52, 379.91 W, 700.00 W, 700.00 W, 1980 MHz, 2619 MHz, [N/A]
2025/11/27 04:58:56.198, 2, NVIDIA H100 80GB HBM3, P0, 77 %, 41 %, 81559 MiB, 46225 MiB, 34855 MiB, 43, 50, 399.36 W, 700.00 W, 700.00 W, 1980 MHz, 2619 MHz, [N/A]
2025/11/27 04:58:56.200, 3, NVIDIA H100 80GB HBM3, P0, 72 %, 14 %, 81559 MiB, 45111 MiB, 35969 MiB, 41, 50, 378.97 W, 700.00 W, 700.00 W, 1980 MHz, 2619 MHz, [N/A]
2025/11/27 04:58:56.201, 4, NVIDIA H100 80GB HBM3, P0, 59 %, 26 %, 81559 MiB, 45423 MiB, 35657 MiB, 39, 49, 368.28 W, 700.00 W, 700.00 W, 1980 MHz, 2619 MHz, [N/A]
2025/11/27 04:58:56.201, 5, NVIDIA H100 80GB HBM3, P0, 82 %, 21 %, 81559 MiB, 47353 MiB, 33727 MiB, 43, 49, 361.83 W, 700.00 W, 700.00 W, 1980 MHz, 2619 MHz, [N/A]
2025/11/27 04:58:56.202, 6, NVIDIA H100 80GB HBM3, P0, 100 %, 16 %, 81559 MiB, 45547 MiB, 35533 MiB, 42, 51, 382.04 W, 700.00 W, 700.00 W, 1980 MHz, 2619 MHz, [N/A]
2025/11/27 04:58:56.203, 7, NVIDIA H100 80GB HBM3, P0, 71 %, 14 %, 81559 MiB, 39949 MiB, 41131 MiB, 42, 49, 395.78 W, 700.00 W, 700.00 W, 1980 MHz, 2619 MHz, [N/A]
2025/11/27 04:59:01.204, 0, NVIDIA H100 80GB HBM3, P0, 63 %, 39 %, 81559 MiB, 41695 MiB, 39385 MiB, 43, 55, 357.61 W, 700.00 W, 700.00 W, 1980 MHz, 2619 MHz, [N/A]
2025/11/27 04:59:01.206, 1, NVIDIA H100 80GB HBM3, P0, 61 %, 20 %, 81559 MiB, 42843 MiB, 38237 MiB, 43, 50, 379.32 W, 700.00 W, 700.00 W, 1980 MHz, 2619 MHz, [N/A]
2025/11/27 04:59:01.207, 2, NVIDIA H100 80GB HBM3, P0, 33 %, 15 %, 81559 MiB, 42129 MiB, 38951 MiB, 46, 52, 395.12 W, 700.00 W, 700.00 W, 1980 MHz, 2619 MHz, [N/A]
2025/11/27 04:59:01.208, 3, NVIDIA H100 80GB HBM3, P0, 94 %, 54 %, 81559 MiB, 45109 MiB, 35971 MiB, 41, 50, 385.38 W, 700.00 W, 700.00 W, 1980 MHz, 2619 MHz, [N/A]
2025/11/27 04:59:01.209, 4, NVIDIA H100 80GB HBM3, P0, 63 %, 41 %, 81559 MiB, 44061 MiB, 37019 MiB, 43, 49, 373.40 W, 700.00 W, 700.00 W, 1980 MHz, 2619 MHz, [N/A]
2025/11/27 04:59:01.210, 5, NVIDIA H100 80GB HBM3, P0, 72 %, 41 %, 81559 MiB, 46761 MiB, 34319 MiB, 43, 49, 396.50 W, 700.00 W, 700.00 W, 1980 MHz, 2619 MHz, [N/A]
2025/11/27 04:59:01.211, 6, NVIDIA H100 80GB HBM3, P0, 77 %, 42 %, 81559 MiB, 45543 MiB, 35537 MiB, 42, 49, 344.50 W, 700.00 W, 700.00 W, 1980 MHz, 2619 MHz, [N/A]
2025/11/27 04:59:01.212, 7, NVIDIA H100 80GB HBM3, P0, 88 %, 53 %, 81559 MiB, 39947 MiB, 41133 MiB, 41, 49, 367.89 W, 700.00 W, 700.00 W, 1980 MHz, 2619 MHz, [N/A]
2025/11/27 04:59:06.213, 0, NVIDIA H100 80GB HBM3, P0, 100 %, 55 %, 81559 MiB, 41691 MiB, 39389 MiB, 43, 53, 369.24 W, 700.00 W, 700.00 W, 1980 MHz, 2619 MHz, [N/A]
2025/11/27 04:59:06.214, 1, NVIDIA H100 80GB HBM3, P0, 67 %, 40 %, 81559 MiB, 42839 MiB, 38241 MiB, 45, 52, 386.70 W, 700.00 W, 700.00 W, 1980 MHz, 2619 MHz, [N/A]
2025/11/27 04:59:06.214, 2, NVIDIA H100 80GB HBM3, P0, 59 %, 39 %, 81559 MiB, 42125 MiB, 38955 MiB, 47, 57, 401.84 W, 700.00 W, 700.00 W, 1980 MHz, 2619 MHz, [N/A]
2025/11/27 04:59:06.215, 3, NVIDIA H100 80GB HBM3, P0, 93 %, 61 %, 81559 MiB, 40373 MiB, 40707 MiB, 41, 51, 391.26 W, 700.00 W, 700.00 W, 1980 MHz, 2619 MHz, [N/A]
2025/11/27 04:59:06.216, 4, NVIDIA H100 80GB HBM3, P0, 100 %, 56 %, 81559 MiB, 44057 MiB, 37023 MiB, 43, 52, 355.26 W, 700.00 W, 700.00 W, 1980 MHz, 2619 MHz, [N/A]
2025/11/27 04:59:06.216, 5, NVIDIA H100 80GB HBM3, P0, 69 %, 44 %, 81559 MiB, 41247 MiB, 39833 MiB, 46, 53, 391.36 W, 700.00 W, 700.00 W, 1980 MHz, 2619 MHz, [N/A]
2025/11/27 04:59:06.217, 6, NVIDIA H100 80GB HBM3, P0, 72 %, 50 %, 81559 MiB, 45539 MiB, 35541 MiB, 44, 52, 393.20 W, 700.00 W, 700.00 W, 1980 MHz, 2619 MHz, [N/A]
2025/11/27 04:59:06.217, 7, NVIDIA H100 80GB HBM3, P0, 92 %, 57 %, 81559 MiB, 39943 MiB, 41137 MiB, 42, 51, 433.52 W, 700.00 W, 700.00 W, 1980 MHz, 2619 MHz, [N/A]
2025/11/27 04:59:11.219, 0, NVIDIA H100 80GB HBM3, P0, 92 %, 65 %, 81559 MiB, 41689 MiB, 39391 MiB, 46, 55, 407.16 W, 700.00 W, 700.00 W, 1980 MHz, 2619 MHz, [N/A]
2025/11/27 04:59:11.220, 1, NVIDIA H100 80GB HBM3, P0, 86 %, 57 %, 81559 MiB, 42833 MiB, 38247 MiB, 48, 56, 439.95 W, 700.00 W, 700.00 W, 1980 MHz, 2619 MHz, [N/A]
2025/11/27 04:59:11.222, 2, NVIDIA H100 80GB HBM3, P0, 66 %, 34 %, 81559 MiB, 42109 MiB, 38971 MiB, 46, 54, 385.14 W, 700.00 W, 700.00 W, 1980 MHz, 2619 MHz, [N/A]
2025/11/27 04:59:11.223, 3, NVIDIA H100 80GB HBM3, P0, 67 %, 43 %, 81559 MiB, 40367 MiB, 40713 MiB, 43, 54, 386.58 W, 700.00 W, 700.00 W, 1980 MHz, 2619 MHz, [N/A]
2025/11/27 04:59:11.224, 4, NVIDIA H100 80GB HBM3, P0, 93 %, 71 %, 81559 MiB, 44053 MiB, 37027 MiB, 42, 51, 406.77 W, 700.00 W, 700.00 W, 1980 MHz, 2619 MHz, [N/A]
2025/11/27 04:59:11.225, 5, NVIDIA H100 80GB HBM3, P0, 91 %, 36 %, 81559 MiB, 41243 MiB, 39837 MiB, 46, 54, 371.03 W, 700.00 W, 700.00 W, 1980 MHz, 2619 MHz, [N/A]
2025/11/27 04:59:11.225, 6, NVIDIA H100 80GB HBM3, P0, 58 %, 37 %, 81559 MiB, 45535 MiB, 35545 MiB, 46, 53, 360.97 W, 700.00 W, 700.00 W, 1980 MHz, 2619 MHz, [N/A]
2025/11/27 04:59:11.226, 7, NVIDIA H100 80GB HBM3, P0, 64 %, 46 %, 81559 MiB, 39939 MiB, 41141 MiB, 44, 54, 412.28 W, 700.00 W, 700.00 W, 1980 MHz, 2619 MHz, [N/A]
2025/11/27 04:59:16.228, 0, NVIDIA H100 80GB HBM3, P0, 64 %, 42 %, 81559 MiB, 41685 MiB, 39395 MiB, 43, 51, 372.73 W, 700.00 W, 700.00 W, 1980 MHz, 2619 MHz, [N/A]
2025/11/27 04:59:16.229, 1, NVIDIA H100 80GB HBM3, P0, 98 %, 32 %, 81559 MiB, 42829 MiB, 38251 MiB, 48, 57, 409.62 W, 700.00 W, 700.00 W, 1980 MHz, 2619 MHz, [N/A]
2025/11/27 04:59:16.230, 2, NVIDIA H100 80GB HBM3, P0, 97 %, 57 %, 81559 MiB, 42109 MiB, 38971 MiB, 50, 58, 427.31 W, 700.00 W, 700.00 W, 1980 MHz, 2619 MHz, [N/A]
2025/11/27 04:59:16.231, 3, NVIDIA H100 80GB HBM3, P0, 91 %, 40 %, 81559 MiB, 40367 MiB, 40713 MiB, 44, 55, 361.26 W, 700.00 W, 700.00 W, 1980 MHz, 2619 MHz, [N/A]
2025/11/27 04:59:16.232, 4, NVIDIA H100 80GB HBM3, P0, 63 %, 44 %, 81559 MiB, 43337 MiB, 37743 MiB, 41, 49, 387.56 W, 700.00 W, 700.00 W, 1980 MHz, 2619 MHz, [N/A]
2025/11/27 04:59:16.233, 5, NVIDIA H100 80GB HBM3, P0, 67 %, 40 %, 81559 MiB, 41243 MiB, 39837 MiB, 47, 53, 407.27 W, 700.00 W, 700.00 W, 1980 MHz, 2619 MHz, [N/A]
2025/11/27 04:59:16.234, 6, NVIDIA H100 80GB HBM3, P0, 64 %, 40 %, 81559 MiB, 45531 MiB, 35549 MiB, 47, 54, 403.50 W, 700.00 W, 700.00 W, 1980 MHz, 2619 MHz, [N/A]
2025/11/27 04:59:16.234, 7, NVIDIA H100 80GB HBM3, P0, 57 %, 39 %, 81559 MiB, 39937 MiB, 41143 MiB, 44, 53, 372.51 W, 700.00 W, 700.00 W, 1980 MHz, 2619 MHz, [N/A]
2025/11/27 04:59:21.236, 0, NVIDIA H100 80GB HBM3, P0, 91 %, 59 %, 81559 MiB, 41681 MiB, 39399 MiB, 48, 57, 430.52 W, 700.00 W, 700.00 W, 1980 MHz, 2619 MHz, [N/A]
2025/11/27 04:59:21.237, 1, NVIDIA H100 80GB HBM3, P0, 100 %, 44 %, 81559 MiB, 42829 MiB, 38251 MiB, 47, 56, 412.65 W, 700.00 W, 700.00 W, 1980 MHz, 2619 MHz, [N/A]
2025/11/27 04:59:21.238, 2, NVIDIA H100 80GB HBM3, P0, 100 %, 27 %, 81559 MiB, 41199 MiB, 39881 MiB, 50, 59, 402.45 W, 700.00 W, 700.00 W, 1980 MHz, 2619 MHz, [N/A]
2025/11/27 04:59:21.239, 3, NVIDIA H100 80GB HBM3, P0, 98 %, 31 %, 81559 MiB, 40363 MiB, 40717 MiB, 42, 52, 378.58 W, 700.00 W, 700.00 W, 1980 MHz, 2619 MHz, [N/A]
2025/11/27 04:59:21.239, 4, NVIDIA H100 80GB HBM3, P0, 87 %, 53 %, 81559 MiB, 43333 MiB, 37747 MiB, 44, 52, 381.32 W, 700.00 W, 700.00 W, 1980 MHz, 2619 MHz, [N/A]
2025/11/27 04:59:21.240, 5, NVIDIA H100 80GB HBM3, P0, 98 %, 20 %, 81559 MiB, 41239 MiB, 39841 MiB, 48, 56, 422.21 W, 700.00 W, 700.00 W, 1980 MHz, 2619 MHz, [N/A]
2025/11/27 04:59:21.241, 6, NVIDIA H100 80GB HBM3, P0, 41 %, 21 %, 81559 MiB, 45529 MiB, 35551 MiB, 47, 56, 412.26 W, 700.00 W, 700.00 W, 1980 MHz, 2619 MHz, [N/A]
2025/11/27 04:59:21.241, 7, NVIDIA H100 80GB HBM3, P0, 63 %, 37 %, 81559 MiB, 39933 MiB, 41147 MiB, 46, 56, 396.73 W, 700.00 W, 700.00 W, 1980 MHz, 2619 MHz, [N/A]
2025/11/27 04:59:26.243, 0, NVIDIA H100 80GB HBM3, P0, 98 %, 20 %, 81559 MiB, 41679 MiB, 39401 MiB, 45, 57, 385.49 W, 700.00 W, 700.00 W, 1980 MHz, 2619 MHz, [N/A]
2025/11/27 04:59:26.244, 1, NVIDIA H100 80GB HBM3, P0, 95 %, 73 %, 81559 MiB, 42825 MiB, 38255 MiB, 52, 60, 453.17 W, 700.00 W, 700.00 W, 1980 MHz, 2619 MHz, [N/A]
2025/11/27 04:59:26.245, 2, NVIDIA H100 80GB HBM3, P0, 100 %, 60 %, 81559 MiB, 41197 MiB, 39883 MiB, 50, 60, 388.62 W, 700.00 W, 700.00 W, 1980 MHz, 2619 MHz, [N/A]
2025/11/27 04:59:26.246, 3, NVIDIA H100 80GB HBM3, P0, 100 %, 29 %, 81559 MiB, 40361 MiB, 40719 MiB, 45, 55, 405.93 W, 700.00 W, 700.00 W, 1980 MHz, 2619 MHz, [N/A]
2025/11/27 04:59:26.247, 4, NVIDIA H100 80GB HBM3, P0, 98 %, 21 %, 81559 MiB, 39551 MiB, 41529 MiB, 44, 54, 414.62 W, 700.00 W, 700.00 W, 1980 MHz, 2619 MHz, [N/A]
2025/11/27 04:59:26.248, 5, NVIDIA H100 80GB HBM3, P0, 100 %, 49 %, 81559 MiB, 41237 MiB, 39843 MiB, 49, 57, 389.14 W, 700.00 W, 700.00 W, 1980 MHz, 2619 MHz, [N/A]
2025/11/27 04:59:26.249, 6, NVIDIA H100 80GB HBM3, P0, 70 %, 46 %, 81559 MiB, 45527 MiB, 35553 MiB, 46, 53, 411.97 W, 700.00 W, 700.00 W, 1980 MHz, 2619 MHz, [N/A]
2025/11/27 04:59:26.250, 7, NVIDIA H100 80GB HBM3, P0, 77 %, 32 %, 81559 MiB, 39931 MiB, 41149 MiB, 45, 53, 390.43 W, 700.00 W, 700.00 W, 1980 MHz, 2619 MHz, [N/A]
2025/11/27 04:59:31.251, 0, NVIDIA H100 80GB HBM3, P0, 92 %, 52 %, 81559 MiB, 41677 MiB, 39403 MiB, 44, 53, 347.48 W, 700.00 W, 700.00 W, 1980 MHz, 2619 MHz, [N/A]
2025/11/27 04:59:31.252, 1, NVIDIA H100 80GB HBM3, P0, 100 %, 53 %, 81559 MiB, 42823 MiB, 38257 MiB, 50, 58, 378.32 W, 700.00 W, 700.00 W, 1980 MHz, 2619 MHz, [N/A]
2025/11/27 04:59:31.253, 2, NVIDIA H100 80GB HBM3, P0, 100 %, 45 %, 81559 MiB, 41195 MiB, 39885 MiB, 50, 58, 364.18 W, 700.00 W, 700.00 W, 1980 MHz, 2619 MHz, [N/A]
2025/11/27 04:59:31.255, 3, NVIDIA H100 80GB HBM3, P0, 99 %, 22 %, 81559 MiB, 40357 MiB, 40723 MiB, 45, 55, 443.89 W, 700.00 W, 700.00 W, 1980 MHz, 2619 MHz, [N/A]
2025/11/27 04:59:31.255, 4, NVIDIA H100 80GB HBM3, P0, 98 %, 25 %, 81559 MiB, 39551 MiB, 41529 MiB, 43, 53, 363.60 W, 700.00 W, 700.00 W, 1980 MHz, 2619 MHz, [N/A]
2025/11/27 04:59:31.256, 5, NVIDIA H100 80GB HBM3, P0, 85 %, 34 %, 81559 MiB, 41235 MiB, 39845 MiB, 50, 57, 400.93 W, 700.00 W, 700.00 W, 1980 MHz, 2619 MHz, [N/A]
2025/11/27 04:59:31.257, 6, NVIDIA H100 80GB HBM3, P0, 49 %, 35 %, 81559 MiB, 40813 MiB, 40267 MiB, 52, 59, 467.57 W, 700.00 W, 700.00 W, 1980 MHz, 2619 MHz, [N/A]
2025/11/27 04:59:31.258, 7, NVIDIA H100 80GB HBM3, P0, 98 %, 21 %, 81559 MiB, 39925 MiB, 41155 MiB, 46, 55, 417.61 W, 700.00 W, 700.00 W, 1980 MHz, 2619 MHz, [N/A]
2025/11/27 04:59:36.260, 0, NVIDIA H100 80GB HBM3, P0, 64 %, 43 %, 81559 MiB, 41675 MiB, 39405 MiB, 47, 55, 434.88 W, 700.00 W, 700.00 W, 1980 MHz, 2619 MHz, [N/A]
2025/11/27 04:59:36.261, 1, NVIDIA H100 80GB HBM3, P0, 71 %, 42 %, 81559 MiB, 42821 MiB, 38259 MiB, 49, 59, 386.95 W, 700.00 W, 700.00 W, 1980 MHz, 2619 MHz, [N/A]
2025/11/27 04:59:36.262, 2, NVIDIA H100 80GB HBM3, P0, 91 %, 68 %, 81559 MiB, 41193 MiB, 39887 MiB, 51, 58, 444.77 W, 700.00 W, 700.00 W, 1980 MHz, 2619 MHz, [N/A]
2025/11/27 04:59:36.263, 3, NVIDIA H100 80GB HBM3, P0, 100 %, 52 %, 81559 MiB, 40357 MiB, 40723 MiB, 45, 55, 375.88 W, 700.00 W, 700.00 W, 1980 MHz, 2619 MHz, [N/A]
2025/11/27 04:59:36.263, 4, NVIDIA H100 80GB HBM3, P0, 100 %, 40 %, 81559 MiB, 39547 MiB, 41533 MiB, 42, 51, 377.49 W, 700.00 W, 700.00 W, 1980 MHz, 2619 MHz, [N/A]
2025/11/27 04:59:36.264, 5, NVIDIA H100 80GB HBM3, P0, 100 %, 51 %, 81559 MiB, 41231 MiB, 39849 MiB, 49, 56, 401.68 W, 700.00 W, 700.00 W, 1980 MHz, 2619 MHz, [N/A]
2025/11/27 04:59:36.264, 6, NVIDIA H100 80GB HBM3, P0, 100 %, 55 %, 81559 MiB, 40811 MiB, 40269 MiB, 50, 58, 399.93 W, 700.00 W, 700.00 W, 1980 MHz, 2619 MHz, [N/A]
2025/11/27 04:59:36.265, 7, NVIDIA H100 80GB HBM3, P0, 100 %, 65 %, 81559 MiB, 39923 MiB, 41157 MiB, 46, 56, 438.59 W, 700.00 W, 700.00 W, 1980 MHz, 2619 MHz, [N/A]
2025/11/27 04:59:41.267, 0, NVIDIA H100 80GB HBM3, P0, 100 %, 53 %, 81559 MiB, 41673 MiB, 39407 MiB, 46, 57, 407.08 W, 700.00 W, 700.00 W, 1980 MHz, 2619 MHz, [N/A]
2025/11/27 04:59:41.268, 1, NVIDIA H100 80GB HBM3, P0, 100 %, 29 %, 81559 MiB, 42819 MiB, 38261 MiB, 51, 60, 402.21 W, 700.00 W, 700.00 W, 1980 MHz, 2619 MHz, [N/A]
2025/11/27 04:59:41.269, 2, NVIDIA H100 80GB HBM3, P0, 42 %, 29 %, 81559 MiB, 41191 MiB, 39889 MiB, 52, 60, 387.41 W, 700.00 W, 700.00 W, 1980 MHz, 2619 MHz, [N/A]
2025/11/27 04:59:41.269, 3, NVIDIA H100 80GB HBM3, P0, 100 %, 63 %, 81559 MiB, 40355 MiB, 40725 MiB, 46, 57, 374.49 W, 700.00 W, 700.00 W, 1980 MHz, 2619 MHz, [N/A]
2025/11/27 04:59:41.270, 4, NVIDIA H100 80GB HBM3, P0, 59 %, 41 %, 81559 MiB, 39545 MiB, 41535 MiB, 44, 53, 382.70 W, 700.00 W, 700.00 W, 1980 MHz, 2619 MHz, [N/A]
2025/11/27 04:59:41.271, 5, NVIDIA H100 80GB HBM3, P0, 77 %, 46 %, 81559 MiB, 41231 MiB, 39849 MiB, 50, 57, 392.73 W, 700.00 W, 700.00 W, 1980 MHz, 2619 MHz, [N/A]
2025/11/27 04:59:41.272, 6, NVIDIA H100 80GB HBM3, P0, 82 %, 57 %, 81559 MiB, 40811 MiB, 40269 MiB, 51, 58, 439.86 W, 700.00 W, 700.00 W, 1980 MHz, 2619 MHz, [N/A]
2025/11/27 04:59:41.273, 7, NVIDIA H100 80GB HBM3, P0, 98 %, 47 %, 81559 MiB, 39921 MiB, 41159 MiB, 47, 56, 361.94 W, 700.00 W, 700.00 W, 1980 MHz, 2619 MHz, [N/A]
2025/11/27 04:59:46.275, 0, NVIDIA H100 80GB HBM3, P0, 100 %, 66 %, 81559 MiB, 37847 MiB, 43233 MiB, 49, 59, 387.36 W, 700.00 W, 700.00 W, 1980 MHz, 2619 MHz, [N/A]
2025/11/27 04:59:46.276, 1, NVIDIA H100 80GB HBM3, P0, 98 %, 25 %, 81559 MiB, 42817 MiB, 38263 MiB, 50, 60, 363.60 W, 700.00 W, 700.00 W, 1980 MHz, 2619 MHz, [N/A]
2025/11/27 04:59:46.277, 2, NVIDIA H100 80GB HBM3, P0, 98 %, 21 %, 81559 MiB, 41189 MiB, 39891 MiB, 51, 58, 405.51 W, 700.00 W, 700.00 W, 1980 MHz, 2619 MHz, [N/A]
2025/11/27 04:59:46.278, 3, NVIDIA H100 80GB HBM3, P0, 100 %, 64 %, 81559 MiB, 40353 MiB, 40727 MiB, 46, 56, 384.27 W, 700.00 W, 700.00 W, 1980 MHz, 2619 MHz, [N/A]
2025/11/27 04:59:46.279, 4, NVIDIA H100 80GB HBM3, P0, 100 %, 27 %, 81559 MiB, 39545 MiB, 41535 MiB, 44, 52, 356.63 W, 700.00 W, 700.00 W, 1980 MHz, 2619 MHz, [N/A]
2025/11/27 04:59:46.280, 5, NVIDIA H100 80GB HBM3, P0, 84 %, 43 %, 81559 MiB, 41227 MiB, 39853 MiB, 52, 59, 393.20 W, 700.00 W, 700.00 W, 1980 MHz, 2619 MHz, [N/A]
2025/11/27 04:59:46.281, 6, NVIDIA H100 80GB HBM3, P0, 93 %, 48 %, 81559 MiB, 40807 MiB, 40273 MiB, 51, 59, 380.80 W, 700.00 W, 700.00 W, 1980 MHz, 2619 MHz, [N/A]
2025/11/27 04:59:46.282, 7, NVIDIA H100 80GB HBM3, P0, 100 %, 41 %, 81559 MiB, 39921 MiB, 41159 MiB, 47, 56, 373.55 W, 700.00 W, 700.00 W, 1980 MHz, 2619 MHz, [N/A]
2025/11/27 04:59:51.283, 0, NVIDIA H100 80GB HBM3, P0, 100 %, 30 %, 81559 MiB, 37845 MiB, 43235 MiB, 47, 58, 405.22 W, 700.00 W, 700.00 W, 1980 MHz, 2619 MHz, [N/A]
2025/11/27 04:59:51.284, 1, NVIDIA H100 80GB HBM3, P0, 71 %, 37 %, 81559 MiB, 42817 MiB, 38263 MiB, 51, 59, 381.88 W, 700.00 W, 700.00 W, 1980 MHz, 2619 MHz, [N/A]
2025/11/27 04:59:51.284, 2, NVIDIA H100 80GB HBM3, P0, 82 %, 45 %, 81559 MiB, 41187 MiB, 39893 MiB, 53, 60, 386.06 W, 700.00 W, 700.00 W, 1980 MHz, 2619 MHz, [N/A]
2025/11/27 04:59:51.285, 3, NVIDIA H100 80GB HBM3, P0, 99 %, 65 %, 81559 MiB, 40351 MiB, 40729 MiB, 49, 59, 445.74 W, 700.00 W, 700.00 W, 1980 MHz, 2619 MHz, [N/A]
2025/11/27 04:59:51.286, 4, NVIDIA H100 80GB HBM3, P0, 91 %, 34 %, 81559 MiB, 39545 MiB, 41535 MiB, 43, 50, 373.95 W, 700.00 W, 700.00 W, 1980 MHz, 2619 MHz, [N/A]
2025/11/27 04:59:51.287, 5, NVIDIA H100 80GB HBM3, P0, 100 %, 40 %, 81559 MiB, 41225 MiB, 39855 MiB, 51, 59, 404.07 W, 700.00 W, 700.00 W, 1980 MHz, 2619 MHz, [N/A]
2025/11/27 04:59:51.288, 6, NVIDIA H100 80GB HBM3, P0, 97 %, 37 %, 81559 MiB, 40807 MiB, 40273 MiB, 49, 57, 354.96 W, 700.00 W, 700.00 W, 1980 MHz, 2619 MHz, [N/A]
2025/11/27 04:59:51.288, 7, NVIDIA H100 80GB HBM3, P0, 100 %, 53 %, 81559 MiB, 39917 MiB, 41163 MiB, 47, 57, 448.98 W, 700.00 W, 700.00 W, 1980 MHz, 2619 MHz, [N/A]
2025/11/27 04:59:56.290, 0, NVIDIA H100 80GB HBM3, P0, 80 %, 38 %, 81559 MiB, 37845 MiB, 43235 MiB, 47, 58, 383.05 W, 700.00 W, 700.00 W, 1980 MHz, 2619 MHz, [N/A]
2025/11/27 04:59:56.291, 1, NVIDIA H100 80GB HBM3, P0, 95 %, 58 %, 81559 MiB, 42813 MiB, 38267 MiB, 50, 58, 425.94 W, 700.00 W, 700.00 W, 1980 MHz, 2619 MHz, [N/A]
2025/11/27 04:59:56.293, 2, NVIDIA H100 80GB HBM3, P0, 96 %, 50 %, 81559 MiB, 41185 MiB, 39895 MiB, 52, 60, 394.51 W, 700.00 W, 700.00 W, 1980 MHz, 2619 MHz, [N/A]
2025/11/27 04:59:56.294, 3, NVIDIA H100 80GB HBM3, P0, 69 %, 43 %, 81559 MiB, 40351 MiB, 40729 MiB, 44, 54, 364.49 W, 700.00 W, 700.00 W, 1980 MHz, 2619 MHz, [N/A]
2025/11/27 04:59:56.295, 4, NVIDIA H100 80GB HBM3, P0, 95 %, 39 %, 81559 MiB, 39541 MiB, 41539 MiB, 46, 55, 456.83 W, 700.00 W, 700.00 W, 1980 MHz, 2619 MHz, [N/A]
2025/11/27 04:59:56.296, 5, NVIDIA H100 80GB HBM3, P0, 100 %, 56 %, 81559 MiB, 41223 MiB, 39857 MiB, 51, 57, 429.43 W, 700.00 W, 700.00 W, 1980 MHz, 2619 MHz, [N/A]
2025/11/27 04:59:56.297, 6, NVIDIA H100 80GB HBM3, P0, 100 %, 58 %, 81559 MiB, 40805 MiB, 40275 MiB, 50, 58, 378.73 W, 700.00 W, 700.00 W, 1980 MHz, 2619 MHz, [N/A]
2025/11/27 04:59:56.298, 7, NVIDIA H100 80GB HBM3, P0, 98 %, 43 %, 81559 MiB, 39917 MiB, 41163 MiB, 46, 53, 394.11 W, 700.00 W, 700.00 W, 1980 MHz, 2619 MHz, [N/A]
2025/11/27 05:00:01.300, 0, NVIDIA H100 80GB HBM3, P0, 62 %, 33 %, 81559 MiB, 37845 MiB, 43235 MiB, 46, 56, 408.76 W, 700.00 W, 700.00 W, 1980 MHz, 2619 MHz, [N/A]
2025/11/27 05:00:01.301, 1, NVIDIA H100 80GB HBM3, P0, 100 %, 39 %, 81559 MiB, 39307 MiB, 41773 MiB, 51, 59, 377.43 W, 700.00 W, 700.00 W, 1980 MHz, 2619 MHz, [N/A]
2025/11/27 05:00:01.302, 2, NVIDIA H100 80GB HBM3, P0, 100 %, 21 %, 81559 MiB, 41185 MiB, 39895 MiB, 51, 59, 377.91 W, 700.00 W, 700.00 W, 1980 MHz, 2619 MHz, [N/A]
2025/11/27 05:00:01.303, 3, NVIDIA H100 80GB HBM3, P0, 62 %, 25 %, 81559 MiB, 40349 MiB, 40731 MiB, 48, 57, 400.27 W, 700.00 W, 700.00 W, 1980 MHz, 2619 MHz, [N/A]
2025/11/27 05:00:01.304, 4, NVIDIA H100 80GB HBM3, P0, 64 %, 26 %, 81559 MiB, 39541 MiB, 41539 MiB, 42, 51, 359.32 W, 700.00 W, 700.00 W, 1980 MHz, 2619 MHz, [N/A]
2025/11/27 05:00:01.305, 5, NVIDIA H100 80GB HBM3, P0, 97 %, 19 %, 81559 MiB, 41221 MiB, 39859 MiB, 49, 55, 395.00 W, 700.00 W, 700.00 W, 1980 MHz, 2619 MHz, [N/A]
2025/11/27 05:00:01.306, 6, NVIDIA H100 80GB HBM3, P0, 100 %, 20 %, 81559 MiB, 40801 MiB, 40279 MiB, 49, 57, 397.02 W, 700.00 W, 700.00 W, 1980 MHz, 2619 MHz, [N/A]
2025/11/27 05:00:01.306, 7, NVIDIA H100 80GB HBM3, P0, 98 %, 18 %, 81559 MiB, 39917 MiB, 41163 MiB, 46, 54, 375.18 W, 700.00 W, 700.00 W, 1980 MHz, 2619 MHz, [N/A]
2025/11/27 05:00:06.309, 0, NVIDIA H100 80GB HBM3, P0, 98 %, 49 %, 81559 MiB, 37841 MiB, 43239 MiB, 46, 56, 411.57 W, 700.00 W, 700.00 W, 1980 MHz, 2619 MHz, [N/A]
2025/11/27 05:00:06.310, 1, NVIDIA H100 80GB HBM3, P0, 98 %, 45 %, 81559 MiB, 39307 MiB, 41773 MiB, 53, 62, 394.00 W, 700.00 W, 700.00 W, 1980 MHz, 2619 MHz, [N/A]
2025/11/27 05:00:06.311, 2, NVIDIA H100 80GB HBM3, P0, 79 %, 45 %, 81559 MiB, 41183 MiB, 39897 MiB, 53, 62, 410.80 W, 700.00 W, 700.00 W, 1980 MHz, 2619 MHz, [N/A]
2025/11/27 05:00:06.311, 3, NVIDIA H100 80GB HBM3, P0, 100 %, 55 %, 81559 MiB, 40345 MiB, 40735 MiB, 48, 60, 430.62 W, 700.00 W, 700.00 W, 1980 MHz, 2619 MHz, [N/A]
2025/11/27 05:00:06.312, 4, NVIDIA H100 80GB HBM3, P0, 100 %, 28 %, 81559 MiB, 39539 MiB, 41541 MiB, 46, 55, 397.17 W, 700.00 W, 700.00 W, 1980 MHz, 2619 MHz, [N/A]
2025/11/27 05:00:06.313, 5, NVIDIA H100 80GB HBM3, P0, 96 %, 38 %, 81559 MiB, 41221 MiB, 39859 MiB, 51, 58, 390.10 W, 700.00 W, 700.00 W, 1980 MHz, 2619 MHz, [N/A]
2025/11/27 05:00:06.314, 6, NVIDIA H100 80GB HBM3, P0, 100 %, 65 %, 81559 MiB, 40797 MiB, 40283 MiB, 50, 57, 428.38 W, 700.00 W, 700.00 W, 1980 MHz, 2619 MHz, [N/A]
2025/11/27 05:00:06.315, 7, NVIDIA H100 80GB HBM3, P0, 100 %, 49 %, 81559 MiB, 39915 MiB, 41165 MiB, 48, 56, 363.51 W, 700.00 W, 700.00 W, 1980 MHz, 2619 MHz, [N/A]
2025/11/27 05:00:11.316, 0, NVIDIA H100 80GB HBM3, P0, 66 %, 40 %, 81559 MiB, 37841 MiB, 43239 MiB, 46, 55, 392.31 W, 700.00 W, 700.00 W, 1980 MHz, 2619 MHz, [N/A]
2025/11/27 05:00:11.318, 1, NVIDIA H100 80GB HBM3, P0, 100 %, 59 %, 81559 MiB, 39303 MiB, 41777 MiB, 53, 62, 450.44 W, 700.00 W, 700.00 W, 1980 MHz, 2619 MHz, [N/A]
2025/11/27 05:00:11.319, 2, NVIDIA H100 80GB HBM3, P0, 100 %, 56 %, 81559 MiB, 41183 MiB, 39897 MiB, 52, 60, 420.00 W, 700.00 W, 700.00 W, 1980 MHz, 2619 MHz, [N/A]
2025/11/27 05:00:11.320, 3, NVIDIA H100 80GB HBM3, P0, 90 %, 39 %, 81559 MiB, 40345 MiB, 40735 MiB, 46, 57, 383.50 W, 700.00 W, 700.00 W, 1980 MHz, 2619 MHz, [N/A]
2025/11/27 05:00:11.321, 4, NVIDIA H100 80GB HBM3, P0, 98 %, 41 %, 81559 MiB, 39539 MiB, 41541 MiB, 43, 51, 371.53 W, 700.00 W, 700.00 W, 1980 MHz, 2619 MHz, [N/A]
2025/11/27 05:00:11.321, 5, NVIDIA H100 80GB HBM3, P0, 92 %, 44 %, 81559 MiB, 41221 MiB, 39859 MiB, 54, 60, 423.08 W, 700.00 W, 700.00 W, 1980 MHz, 2619 MHz, [N/A]
2025/11/27 05:00:11.322, 6, NVIDIA H100 80GB HBM3, P0, 89 %, 39 %, 81559 MiB, 40797 MiB, 40283 MiB, 52, 60, 421.17 W, 700.00 W, 700.00 W, 1980 MHz, 2619 MHz, [N/A]
2025/11/27 05:00:11.323, 7, NVIDIA H100 80GB HBM3, P0, 88 %, 39 %, 81559 MiB, 39915 MiB, 41165 MiB, 47, 56, 385.51 W, 700.00 W, 700.00 W, 1980 MHz, 2619 MHz, [N/A]
2025/11/27 05:00:16.324, 0, NVIDIA H100 80GB HBM3, P0, 98 %, 26 %, 81559 MiB, 37839 MiB, 43241 MiB, 49, 58, 442.88 W, 700.00 W, 700.00 W, 1980 MHz, 2619 MHz, [N/A]
2025/11/27 05:00:16.325, 1, NVIDIA H100 80GB HBM3, P0, 92 %, 51 %, 81559 MiB, 39303 MiB, 41777 MiB, 51, 58, 417.37 W, 700.00 W, 700.00 W, 1980 MHz, 2619 MHz, [N/A]
2025/11/27 05:00:16.327, 2, NVIDIA H100 80GB HBM3, P0, 93 %, 65 %, 81559 MiB, 41181 MiB, 39899 MiB, 54, 62, 428.80 W, 700.00 W, 700.00 W, 1980 MHz, 2619 MHz, [N/A]
2025/11/27 05:00:16.327, 3, NVIDIA H100 80GB HBM3, P0, 79 %, 39 %, 81559 MiB, 40343 MiB, 40737 MiB, 45, 55, 441.72 W, 700.00 W, 700.00 W, 1980 MHz, 2619 MHz, [N/A]
2025/11/27 05:00:16.328, 4, NVIDIA H100 80GB HBM3, P0, 46 %, 31 %, 81559 MiB, 39535 MiB, 41545 MiB, 48, 55, 430.58 W, 700.00 W, 700.00 W, 1980 MHz, 2619 MHz, [N/A]
2025/11/27 05:00:16.329, 5, NVIDIA H100 80GB HBM3, P0, 98 %, 44 %, 81559 MiB, 41219 MiB, 39861 MiB, 50, 56, 434.31 W, 700.00 W, 700.00 W, 1980 MHz, 2619 MHz, [N/A]
2025/11/27 05:00:16.330, 6, NVIDIA H100 80GB HBM3, P0, 98 %, 54 %, 81559 MiB, 40795 MiB, 40285 MiB, 49, 55, 394.14 W, 700.00 W, 700.00 W, 1980 MHz, 2619 MHz, [N/A]
2025/11/27 05:00:16.331, 7, NVIDIA H100 80GB HBM3, P0, 76 %, 46 %, 81559 MiB, 39911 MiB, 41169 MiB, 46, 55, 398.78 W, 700.00 W, 700.00 W, 1980 MHz, 2619 MHz, [N/A]
2025/11/27 05:00:21.333, 0, NVIDIA H100 80GB HBM3, P0, 98 %, 39 %, 81559 MiB, 37839 MiB, 43241 MiB, 47, 55, 413.65 W, 700.00 W, 700.00 W, 1980 MHz, 2619 MHz, [N/A]
2025/11/27 05:00:21.334, 1, NVIDIA H100 80GB HBM3, P0, 100 %, 61 %, 81559 MiB, 39303 MiB, 41777 MiB, 54, 63, 435.79 W, 700.00 W, 700.00 W, 1980 MHz, 2619 MHz, [N/A]
2025/11/27 05:00:21.334, 2, NVIDIA H100 80GB HBM3, P0, 100 %, 45 %, 81559 MiB, 41181 MiB, 39899 MiB, 53, 60, 496.01 W, 700.00 W, 700.00 W, 1980 MHz, 2619 MHz, [N/A]
2025/11/27 05:00:21.335, 3, NVIDIA H100 80GB HBM3, P0, 91 %, 42 %, 81559 MiB, 40343 MiB, 40737 MiB, 47, 59, 411.42 W, 700.00 W, 700.00 W, 1980 MHz, 2619 MHz, [N/A]
2025/11/27 05:00:21.336, 4, NVIDIA H100 80GB HBM3, P0, 97 %, 43 %, 81559 MiB, 39535 MiB, 41545 MiB, 44, 53, 399.07 W, 700.00 W, 700.00 W, 1980 MHz, 2619 MHz, [N/A]
2025/11/27 05:00:21.336, 5, NVIDIA H100 80GB HBM3, P0, 91 %, 44 %, 81559 MiB, 41219 MiB, 39861 MiB, 54, 59, 432.46 W, 700.00 W, 700.00 W, 1980 MHz, 2619 MHz, [N/A]
2025/11/27 05:00:21.337, 6, NVIDIA H100 80GB HBM3, P0, 90 %, 41 %, 81559 MiB, 40795 MiB, 40285 MiB, 51, 59, 414.32 W, 700.00 W, 700.00 W, 1980 MHz, 2619 MHz, [N/A]
2025/11/27 05:00:21.337, 7, NVIDIA H100 80GB HBM3, P0, 88 %, 46 %, 81559 MiB, 39909 MiB, 41171 MiB, 49, 59, 435.30 W, 700.00 W, 700.00 W, 1980 MHz, 2619 MHz, [N/A]
2025/11/27 05:00:26.339, 0, NVIDIA H100 80GB HBM3, P0, 100 %, 44 %, 81559 MiB, 37839 MiB, 43241 MiB, 48, 59, 412.46 W, 700.00 W, 700.00 W, 1980 MHz, 2619 MHz, [N/A]
2025/11/27 05:00:26.340, 1, NVIDIA H100 80GB HBM3, P0, 98 %, 30 %, 81559 MiB, 39301 MiB, 41779 MiB, 53, 62, 380.43 W, 700.00 W, 700.00 W, 1980 MHz, 2619 MHz, [N/A]
2025/11/27 05:00:26.341, 2, NVIDIA H100 80GB HBM3, P0, 98 %, 42 %, 81559 MiB, 41179 MiB, 39901 MiB, 54, 62, 402.05 W, 700.00 W, 700.00 W, 1980 MHz, 2619 MHz, [N/A]
2025/11/27 05:00:26.342, 3, NVIDIA H100 80GB HBM3, P0, 100 %, 50 %, 81559 MiB, 40339 MiB, 40741 MiB, 47, 59, 394.70 W, 700.00 W, 700.00 W, 1980 MHz, 2619 MHz, [N/A]
2025/11/27 05:00:26.342, 4, NVIDIA H100 80GB HBM3, P0, 100 %, 45 %, 81559 MiB, 39533 MiB, 41547 MiB, 45, 53, 420.94 W, 700.00 W, 700.00 W, 1980 MHz, 2619 MHz, [N/A]
2025/11/27 05:00:26.343, 5, NVIDIA H100 80GB HBM3, P0, 99 %, 73 %, 81559 MiB, 41219 MiB, 39861 MiB, 55, 60, 464.98 W, 700.00 W, 700.00 W, 1965 MHz, 2619 MHz, [N/A]
2025/11/27 05:00:26.344, 6, NVIDIA H100 80GB HBM3, P0, 100 %, 41 %, 81559 MiB, 40793 MiB, 40287 MiB, 50, 57, 352.40 W, 700.00 W, 700.00 W, 1980 MHz, 2619 MHz, [N/A]
2025/11/27 05:00:26.345, 7, NVIDIA H100 80GB HBM3, P0, 100 %, 45 %, 81559 MiB, 39909 MiB, 41171 MiB, 48, 57, 388.08 W, 700.00 W, 700.00 W, 1980 MHz, 2619 MHz, [N/A]
2025/11/27 05:00:31.346, 0, NVIDIA H100 80GB HBM3, P0, 88 %, 41 %, 81559 MiB, 37835 MiB, 43245 MiB, 49, 60, 435.28 W, 700.00 W, 700.00 W, 1980 MHz, 2619 MHz, [N/A]
2025/11/27 05:00:31.348, 1, NVIDIA H100 80GB HBM3, P0, 98 %, 70 %, 81559 MiB, 39301 MiB, 41779 MiB, 54, 62, 474.33 W, 700.00 W, 700.00 W, 1980 MHz, 2619 MHz, [N/A]
2025/11/27 05:00:31.349, 2, NVIDIA H100 80GB HBM3, P0, 98 %, 56 %, 81559 MiB, 41177 MiB, 39903 MiB, 54, 62, 482.26 W, 700.00 W, 700.00 W, 1980 MHz, 2619 MHz, [N/A]
2025/11/27 05:00:31.350, 3, NVIDIA H100 80GB HBM3, P0, 98 %, 62 %, 81559 MiB, 40339 MiB, 40741 MiB, 47, 60, 442.04 W, 700.00 W, 700.00 W, 1980 MHz, 2619 MHz, [N/A]
2025/11/27 05:00:31.351, 4, NVIDIA H100 80GB HBM3, P0, 61 %, 43 %, 81559 MiB, 39533 MiB, 41547 MiB, 47, 57, 437.72 W, 700.00 W, 700.00 W, 1980 MHz, 2619 MHz, [N/A]
2025/11/27 05:00:31.352, 5, NVIDIA H100 80GB HBM3, P0, 93 %, 60 %, 81559 MiB, 41217 MiB, 39863 MiB, 51, 58, 446.03 W, 700.00 W, 700.00 W, 1980 MHz, 2619 MHz, [N/A]
2025/11/27 05:00:31.353, 6, NVIDIA H100 80GB HBM3, P0, 91 %, 59 %, 81559 MiB, 40791 MiB, 40289 MiB, 50, 57, 437.35 W, 700.00 W, 700.00 W, 1980 MHz, 2619 MHz, [N/A]
2025/11/27 05:00:31.354, 7, NVIDIA H100 80GB HBM3, P0, 97 %, 60 %, 81559 MiB, 39909 MiB, 41171 MiB, 47, 57, 403.34 W, 700.00 W, 700.00 W, 1980 MHz, 2619 MHz, [N/A]
2025/11/27 05:00:36.355, 0, NVIDIA H100 80GB HBM3, P0, 94 %, 54 %, 81559 MiB, 37835 MiB, 43245 MiB, 49, 59, 391.95 W, 700.00 W, 700.00 W, 1980 MHz, 2619 MHz, [N/A]
2025/11/27 05:00:36.356, 1, NVIDIA H100 80GB HBM3, P0, 98 %, 15 %, 81559 MiB, 39301 MiB, 41779 MiB, 53, 60, 409.64 W, 700.00 W, 700.00 W, 1980 MHz, 2619 MHz, [N/A]
2025/11/27 05:00:36.356, 2, NVIDIA H100 80GB HBM3, P0, 59 %, 32 %, 81559 MiB, 41177 MiB, 39903 MiB, 56, 64, 461.06 W, 700.00 W, 700.00 W, 1980 MHz, 2619 MHz, [N/A]
2025/11/27 05:00:36.357, 3, NVIDIA H100 80GB HBM3, P0, 100 %, 49 %, 81559 MiB, 40339 MiB, 40741 MiB, 47, 57, 426.49 W, 700.00 W, 700.00 W, 1980 MHz, 2619 MHz, [N/A]
2025/11/27 05:00:36.358, 4, NVIDIA H100 80GB HBM3, P0, 95 %, 46 %, 81559 MiB, 39533 MiB, 41547 MiB, 45, 54, 380.67 W, 700.00 W, 700.00 W, 1980 MHz, 2619 MHz, [N/A]
2025/11/27 05:00:36.358, 5, NVIDIA H100 80GB HBM3, P0, 100 %, 61 %, 81559 MiB, 41217 MiB, 39863 MiB, 53, 61, 471.69 W, 700.00 W, 700.00 W, 1980 MHz, 2619 MHz, [N/A]
2025/11/27 05:00:36.359, 6, NVIDIA H100 80GB HBM3, P0, 100 %, 60 %, 81559 MiB, 40791 MiB, 40289 MiB, 52, 59, 410.63 W, 700.00 W, 700.00 W, 1980 MHz, 2619 MHz, [N/A]
2025/11/27 05:00:36.359, 7, NVIDIA H100 80GB HBM3, P0, 99 %, 73 %, 81559 MiB, 39905 MiB, 41175 MiB, 52, 60, 450.45 W, 700.00 W, 700.00 W, 1980 MHz, 2619 MHz, [N/A]
2025/11/27 05:00:41.361, 0, NVIDIA H100 80GB HBM3, P0, 79 %, 44 %, 81559 MiB, 37835 MiB, 43245 MiB, 48, 59, 408.17 W, 700.00 W, 700.00 W, 1980 MHz, 2619 MHz, [N/A]
2025/11/27 05:00:41.362, 1, NVIDIA H100 80GB HBM3, P0, 100 %, 61 %, 81559 MiB, 39301 MiB, 41779 MiB, 53, 61, 399.64 W, 700.00 W, 700.00 W, 1980 MHz, 2619 MHz, [N/A]
2025/11/27 05:00:41.363, 2, NVIDIA H100 80GB HBM3, P0, 100 %, 61 %, 81559 MiB, 41177 MiB, 39903 MiB, 54, 63, 420.31 W, 700.00 W, 700.00 W, 1980 MHz, 2619 MHz, [N/A]
2025/11/27 05:00:41.364, 3, NVIDIA H100 80GB HBM3, P0, 92 %, 40 %, 81559 MiB, 40339 MiB, 40741 MiB, 47, 59, 415.56 W, 700.00 W, 700.00 W, 1980 MHz, 2619 MHz, [N/A]
2025/11/27 05:00:41.365, 4, NVIDIA H100 80GB HBM3, P0, 80 %, 56 %, 81559 MiB, 39533 MiB, 41547 MiB, 46, 56, 405.18 W, 700.00 W, 700.00 W, 1980 MHz, 2619 MHz, [N/A]
2025/11/27 05:00:41.366, 5, NVIDIA H100 80GB HBM3, P0, 98 %, 44 %, 81559 MiB, 41215 MiB, 39865 MiB, 53, 59, 403.14 W, 700.00 W, 700.00 W, 1980 MHz, 2619 MHz, [N/A]
2025/11/27 05:00:41.367, 6, NVIDIA H100 80GB HBM3, P0, 95 %, 45 %, 81559 MiB, 40791 MiB, 40289 MiB, 54, 62, 438.05 W, 700.00 W, 700.00 W, 1980 MHz, 2619 MHz, [N/A]
2025/11/27 05:00:41.368, 7, NVIDIA H100 80GB HBM3, P0, 89 %, 42 %, 81559 MiB, 39905 MiB, 41175 MiB, 48, 57, 428.47 W, 700.00 W, 700.00 W, 1980 MHz, 2619 MHz, [N/A]
2025/11/27 05:00:46.370, 0, NVIDIA H100 80GB HBM3, P0, 98 %, 57 %, 81559 MiB, 37833 MiB, 43247 MiB, 49, 60, 445.61 W, 700.00 W, 700.00 W, 1980 MHz, 2619 MHz, [N/A]
2025/11/27 05:00:46.371, 1, NVIDIA H100 80GB HBM3, P0, 93 %, 62 %, 81559 MiB, 39299 MiB, 41781 MiB, 55, 63, 430.33 W, 700.00 W, 700.00 W, 1980 MHz, 2619 MHz, [N/A]
2025/11/27 05:00:46.371, 2, NVIDIA H100 80GB HBM3, P0, 98 %, 55 %, 81559 MiB, 41177 MiB, 39903 MiB, 55, 63, 438.64 W, 700.00 W, 700.00 W, 1980 MHz, 2619 MHz, [N/A]
2025/11/27 05:00:46.372, 3, NVIDIA H100 80GB HBM3, P0, 97 %, 54 %, 81559 MiB, 40337 MiB, 40743 MiB, 48, 59, 417.11 W, 700.00 W, 700.00 W, 1980 MHz, 2619 MHz, [N/A]
2025/11/27 05:00:46.373, 4, NVIDIA H100 80GB HBM3, P0, 97 %, 72 %, 81559 MiB, 39531 MiB, 41549 MiB, 49, 57, 434.14 W, 700.00 W, 700.00 W, 1980 MHz, 2619 MHz, [N/A]
2025/11/27 05:00:46.375, 5, NVIDIA H100 80GB HBM3, P0, 98 %, 52 %, 81559 MiB, 41215 MiB, 39865 MiB, 53, 61, 411.91 W, 700.00 W, 700.00 W, 1980 MHz, 2619 MHz, [N/A]
2025/11/27 05:00:46.375, 6, NVIDIA H100 80GB HBM3, P0, 98 %, 57 %, 81559 MiB, 40789 MiB, 40291 MiB, 53, 62, 465.14 W, 700.00 W, 700.00 W, 1980 MHz, 2619 MHz, [N/A]
2025/11/27 05:00:46.376, 7, NVIDIA H100 80GB HBM3, P0, 95 %, 51 %, 81559 MiB, 39903 MiB, 41177 MiB, 48, 58, 400.28 W, 700.00 W, 700.00 W, 1980 MHz, 2619 MHz, [N/A]
2025/11/27 05:00:51.377, 0, NVIDIA H100 80GB HBM3, P0, 98 %, 26 %, 81559 MiB, 37833 MiB, 43247 MiB, 49, 58, 466.23 W, 700.00 W, 700.00 W, 1980 MHz, 2619 MHz, [N/A]
2025/11/27 05:00:51.379, 1, NVIDIA H100 80GB HBM3, P0, 76 %, 50 %, 81559 MiB, 39297 MiB, 41783 MiB, 52, 60, 387.36 W, 700.00 W, 700.00 W, 1980 MHz, 2619 MHz, [N/A]
2025/11/27 05:00:51.380, 2, NVIDIA H100 80GB HBM3, P0, 98 %, 23 %, 81559 MiB, 41171 MiB, 39909 MiB, 55, 63, 438.51 W, 700.00 W, 700.00 W, 1980 MHz, 2619 MHz, [N/A]
2025/11/27 05:00:51.381, 3, NVIDIA H100 80GB HBM3, P0, 82 %, 55 %, 81559 MiB, 40335 MiB, 40745 MiB, 47, 57, 421.43 W, 700.00 W, 700.00 W, 1980 MHz, 2619 MHz, [N/A]
2025/11/27 05:00:51.382, 4, NVIDIA H100 80GB HBM3, P0, 98 %, 24 %, 81559 MiB, 39531 MiB, 41549 MiB, 45, 54, 388.33 W, 700.00 W, 700.00 W, 1980 MHz, 2619 MHz, [N/A]
2025/11/27 05:00:51.383, 5, NVIDIA H100 80GB HBM3, P0, 98 %, 42 %, 81559 MiB, 41215 MiB, 39865 MiB, 51, 57, 406.17 W, 700.00 W, 700.00 W, 1980 MHz, 2619 MHz, [N/A]
2025/11/27 05:00:51.383, 6, NVIDIA H100 80GB HBM3, P0, 87 %, 56 %, 81559 MiB, 40789 MiB, 40291 MiB, 50, 57, 402.22 W, 700.00 W, 700.00 W, 1980 MHz, 2619 MHz, [N/A]
2025/11/27 05:00:51.384, 7, NVIDIA H100 80GB HBM3, P0, 82 %, 38 %, 81559 MiB, 39903 MiB, 41177 MiB, 46, 54, 392.58 W, 700.00 W, 700.00 W, 1980 MHz, 2619 MHz, [N/A]
2025/11/27 05:00:56.386, 0, NVIDIA H100 80GB HBM3, P0, 92 %, 63 %, 81559 MiB, 37833 MiB, 43247 MiB, 49, 61, 459.68 W, 700.00 W, 700.00 W, 1980 MHz, 2619 MHz, [N/A]
2025/11/27 05:00:56.388, 1, NVIDIA H100 80GB HBM3, P0, 98 %, 32 %, 81559 MiB, 39297 MiB, 41783 MiB, 54, 63, 427.68 W, 700.00 W, 700.00 W, 1980 MHz, 2619 MHz, [N/A]
2025/11/27 05:00:56.389, 2, NVIDIA H100 80GB HBM3, P0, 91 %, 60 %, 81559 MiB, 41169 MiB, 39911 MiB, 56, 64, 446.63 W, 700.00 W, 700.00 W, 1980 MHz, 2619 MHz, [N/A]
2025/11/27 05:00:56.390, 3, NVIDIA H100 80GB HBM3, P0, 100 %, 58 %, 81559 MiB, 40335 MiB, 40745 MiB, 48, 60, 422.02 W, 700.00 W, 700.00 W, 1980 MHz, 2619 MHz, [N/A]
2025/11/27 05:00:56.390, 4, NVIDIA H100 80GB HBM3, P0, 92 %, 68 %, 81559 MiB, 39529 MiB, 41551 MiB, 48, 56, 464.14 W, 700.00 W, 700.00 W, 1980 MHz, 2619 MHz, [N/A]
2025/11/27 05:00:56.391, 5, NVIDIA H100 80GB HBM3, P0, 100 %, 71 %, 81559 MiB, 41213 MiB, 39867 MiB, 53, 61, 482.83 W, 700.00 W, 700.00 W, 1980 MHz, 2619 MHz, [N/A]
2025/11/27 05:00:56.392, 6, NVIDIA H100 80GB HBM3, P0, 100 %, 63 %, 81559 MiB, 40789 MiB, 40291 MiB, 51, 61, 435.71 W, 700.00 W, 700.00 W, 1980 MHz, 2619 MHz, [N/A]
2025/11/27 05:00:56.393, 7, NVIDIA H100 80GB HBM3, P0, 100 %, 53 %, 81559 MiB, 39903 MiB, 41177 MiB, 47, 57, 390.86 W, 700.00 W, 700.00 W, 1980 MHz, 2619 MHz, [N/A]
2025/11/27 05:01:01.395, 0, NVIDIA H100 80GB HBM3, P0, 98 %, 26 %, 81559 MiB, 37833 MiB, 43247 MiB, 49, 59, 373.87 W, 700.00 W, 700.00 W, 1980 MHz, 2619 MHz, [N/A]
2025/11/27 05:01:01.396, 1, NVIDIA H100 80GB HBM3, P0, 90 %, 40 %, 81559 MiB, 39295 MiB, 41785 MiB, 51, 58, 427.95 W, 700.00 W, 700.00 W, 1980 MHz, 2619 MHz, [N/A]
2025/11/27 05:01:01.397, 2, NVIDIA H100 80GB HBM3, P0, 45 %, 29 %, 81559 MiB, 41169 MiB, 39911 MiB, 56, 64, 406.70 W, 700.00 W, 700.00 W, 1980 MHz, 2619 MHz, [N/A]
2025/11/27 05:01:01.398, 3, NVIDIA H100 80GB HBM3, P0, 91 %, 61 %, 81559 MiB, 40333 MiB, 40747 MiB, 47, 56, 398.28 W, 700.00 W, 700.00 W, 1980 MHz, 2619 MHz, [N/A]
2025/11/27 05:01:01.399, 4, NVIDIA H100 80GB HBM3, P0, 98 %, 22 %, 81559 MiB, 39529 MiB, 41551 MiB, 45, 55, 359.85 W, 700.00 W, 700.00 W, 1980 MHz, 2619 MHz, [N/A]
2025/11/27 05:01:01.400, 5, NVIDIA H100 80GB HBM3, P0, 98 %, 32 %, 81559 MiB, 41213 MiB, 39867 MiB, 51, 59, 349.39 W, 700.00 W, 700.00 W, 1980 MHz, 2619 MHz, [N/A]
2025/11/27 05:01:01.401, 6, NVIDIA H100 80GB HBM3, P0, 98 %, 39 %, 81559 MiB, 40789 MiB, 40291 MiB, 49, 57, 349.61 W, 700.00 W, 700.00 W, 1980 MHz, 2619 MHz, [N/A]
2025/11/27 05:01:01.402, 7, NVIDIA H100 80GB HBM3, P0, 98 %, 48 %, 81559 MiB, 39899 MiB, 41181 MiB, 46, 53, 346.74 W, 700.00 W, 700.00 W, 1980 MHz, 2619 MHz, [N/A]
2025/11/27 05:01:06.403, 0, NVIDIA H100 80GB HBM3, P0, 87 %, 63 %, 81559 MiB, 37831 MiB, 43249 MiB, 51, 61, 425.47 W, 700.00 W, 700.00 W, 1980 MHz, 2619 MHz, [N/A]
2025/11/27 05:01:06.404, 1, NVIDIA H100 80GB HBM3, P0, 96 %, 42 %, 81559 MiB, 39295 MiB, 41785 MiB, 56, 63, 463.73 W, 700.00 W, 700.00 W, 1980 MHz, 2619 MHz, [N/A]
2025/11/27 05:01:06.405, 2, NVIDIA H100 80GB HBM3, P0, 100 %, 58 %, 81559 MiB, 41167 MiB, 39913 MiB, 55, 64, 422.82 W, 700.00 W, 700.00 W, 1980 MHz, 2619 MHz, [N/A]
2025/11/27 05:01:06.406, 3, NVIDIA H100 80GB HBM3, P0, 98 %, 37 %, 81559 MiB, 40331 MiB, 40749 MiB, 47, 58, 418.60 W, 700.00 W, 700.00 W, 1980 MHz, 2619 MHz, [N/A]
2025/11/27 05:01:06.407, 4, NVIDIA H100 80GB HBM3, P0, 100 %, 53 %, 81559 MiB, 39529 MiB, 41551 MiB, 46, 55, 400.77 W, 700.00 W, 700.00 W, 1980 MHz, 2619 MHz, [N/A]
2025/11/27 05:01:06.407, 5, NVIDIA H100 80GB HBM3, P0, 100 %, 47 %, 81559 MiB, 41213 MiB, 39867 MiB, 54, 63, 431.73 W, 700.00 W, 700.00 W, 1980 MHz, 2619 MHz, [N/A]
2025/11/27 05:01:06.408, 6, NVIDIA H100 80GB HBM3, P0, 98 %, 39 %, 81559 MiB, 39861 MiB, 41219 MiB, 53, 61, 445.42 W, 700.00 W, 700.00 W, 1980 MHz, 2619 MHz, [N/A]
2025/11/27 05:01:06.408, 7, NVIDIA H100 80GB HBM3, P0, 98 %, 39 %, 81559 MiB, 39899 MiB, 41181 MiB, 48, 57, 436.50 W, 700.00 W, 700.00 W, 1980 MHz, 2619 MHz, [N/A]
2025/11/27 05:01:11.409, 0, NVIDIA H100 80GB HBM3, P0, 98 %, 36 %, 81559 MiB, 37829 MiB, 43251 MiB, 48, 59, 393.67 W, 700.00 W, 700.00 W, 1980 MHz, 2619 MHz, [N/A]
2025/11/27 05:01:11.410, 1, NVIDIA H100 80GB HBM3, P0, 93 %, 62 %, 81559 MiB, 39295 MiB, 41785 MiB, 54, 62, 432.42 W, 700.00 W, 700.00 W, 1980 MHz, 2619 MHz, [N/A]
2025/11/27 05:01:11.412, 2, NVIDIA H100 80GB HBM3, P0, 98 %, 36 %, 81559 MiB, 41167 MiB, 39913 MiB, 54, 64, 444.22 W, 700.00 W, 700.00 W, 1980 MHz, 2619 MHz, [N/A]
2025/11/27 05:01:11.413, 3, NVIDIA H100 80GB HBM3, P0, 98 %, 39 %, 81559 MiB, 40331 MiB, 40749 MiB, 48, 58, 430.18 W, 700.00 W, 700.00 W, 1980 MHz, 2619 MHz, [N/A]
2025/11/27 05:01:11.414, 4, NVIDIA H100 80GB HBM3, P0, 98 %, 42 %, 81559 MiB, 39527 MiB, 41553 MiB, 47, 55, 447.89 W, 700.00 W, 700.00 W, 1980 MHz, 2619 MHz, [N/A]
2025/11/27 05:01:11.415, 5, NVIDIA H100 80GB HBM3, P0, 98 %, 54 %, 81559 MiB, 41213 MiB, 39867 MiB, 52, 61, 500.31 W, 700.00 W, 700.00 W, 1980 MHz, 2619 MHz, [N/A]
2025/11/27 05:01:11.416, 6, NVIDIA H100 80GB HBM3, P0, 98 %, 53 %, 81559 MiB, 39859 MiB, 41221 MiB, 52, 59, 450.82 W, 700.00 W, 700.00 W, 1980 MHz, 2619 MHz, [N/A]
2025/11/27 05:01:11.417, 7, NVIDIA H100 80GB HBM3, P0, 70 %, 36 %, 81559 MiB, 39899 MiB, 41181 MiB, 47, 56, 437.47 W, 700.00 W, 700.00 W, 1980 MHz, 2619 MHz, [N/A]
2025/11/27 05:01:16.419, 0, NVIDIA H100 80GB HBM3, P0, 98 %, 26 %, 81559 MiB, 37829 MiB, 43251 MiB, 49, 59, 466.01 W, 700.00 W, 700.00 W, 1980 MHz, 2619 MHz, [N/A]
2025/11/27 05:01:16.420, 1, NVIDIA H100 80GB HBM3, P0, 100 %, 26 %, 81559 MiB, 39295 MiB, 41785 MiB, 53, 63, 448.37 W, 700.00 W, 700.00 W, 1980 MHz, 2619 MHz, [N/A]
2025/11/27 05:01:16.421, 2, NVIDIA H100 80GB HBM3, P0, 98 %, 24 %, 81559 MiB, 41167 MiB, 39913 MiB, 55, 64, 474.52 W, 700.00 W, 700.00 W, 1980 MHz, 2619 MHz, [N/A]
2025/11/27 05:01:16.422, 3, NVIDIA H100 80GB HBM3, P0, 98 %, 49 %, 81559 MiB, 40329 MiB, 40751 MiB, 46, 56, 421.05 W, 700.00 W, 700.00 W, 1980 MHz, 2619 MHz, [N/A]
2025/11/27 05:01:16.423, 4, NVIDIA H100 80GB HBM3, P0, 42 %, 25 %, 81559 MiB, 39527 MiB, 41553 MiB, 47, 55, 462.17 W, 700.00 W, 700.00 W, 1980 MHz, 2619 MHz, [N/A]
2025/11/27 05:01:16.424, 5, NVIDIA H100 80GB HBM3, P0, 98 %, 47 %, 81559 MiB, 41211 MiB, 39869 MiB, 52, 59, 478.79 W, 700.00 W, 700.00 W, 1980 MHz, 2619 MHz, [N/A]
2025/11/27 05:01:16.425, 6, NVIDIA H100 80GB HBM3, P0, 75 %, 41 %, 81559 MiB, 39859 MiB, 41221 MiB, 50, 56, 458.05 W, 700.00 W, 700.00 W, 1980 MHz, 2619 MHz, [N/A]
2025/11/27 05:01:16.425, 7, NVIDIA H100 80GB HBM3, P0, 100 %, 28 %, 81559 MiB, 39897 MiB, 41183 MiB, 47, 55, 441.86 W, 700.00 W, 700.00 W, 1980 MHz, 2619 MHz, [N/A]
2025/11/27 05:01:21.427, 0, NVIDIA H100 80GB HBM3, P0, 63 %, 44 %, 81559 MiB, 37829 MiB, 43251 MiB, 48, 61, 404.76 W, 700.00 W, 700.00 W, 1980 MHz, 2619 MHz, [N/A]
2025/11/27 05:01:21.428, 1, NVIDIA H100 80GB HBM3, P0, 63 %, 41 %, 81559 MiB, 39295 MiB, 41785 MiB, 56, 63, 427.42 W, 700.00 W, 700.00 W, 1980 MHz, 2619 MHz, [N/A]
2025/11/27 05:01:21.429, 2, NVIDIA H100 80GB HBM3, P0, 89 %, 40 %, 81559 MiB, 41167 MiB, 39913 MiB, 55, 63, 453.38 W, 700.00 W, 700.00 W, 1980 MHz, 2619 MHz, [N/A]
2025/11/27 05:01:21.429, 3, NVIDIA H100 80GB HBM3, P0, 100 %, 61 %, 81559 MiB, 40327 MiB, 40753 MiB, 47, 58, 423.10 W, 700.00 W, 700.00 W, 1980 MHz, 2619 MHz, [N/A]
2025/11/27 05:01:21.430, 4, NVIDIA H100 80GB HBM3, P0, 89 %, 43 %, 81559 MiB, 39527 MiB, 41553 MiB, 45, 54, 418.15 W, 700.00 W, 700.00 W, 1980 MHz, 2619 MHz, [N/A]
2025/11/27 05:01:21.431, 5, NVIDIA H100 80GB HBM3, P0, 94 %, 58 %, 81559 MiB, 41209 MiB, 39871 MiB, 51, 57, 422.19 W, 700.00 W, 700.00 W, 1980 MHz, 2619 MHz, [N/A]
2025/11/27 05:01:21.432, 6, NVIDIA H100 80GB HBM3, P0, 93 %, 73 %, 81559 MiB, 39859 MiB, 41221 MiB, 51, 59, 422.14 W, 700.00 W, 700.00 W, 1980 MHz, 2619 MHz, [N/A]
2025/11/27 05:01:21.432, 7, NVIDIA H100 80GB HBM3, P0, 89 %, 38 %, 81559 MiB, 39897 MiB, 41183 MiB, 49, 59, 449.56 W, 700.00 W, 700.00 W, 1980 MHz, 2619 MHz, [N/A]
2025/11/27 05:01:26.434, 0, NVIDIA H100 80GB HBM3, P0, 92 %, 44 %, 81559 MiB, 37829 MiB, 43251 MiB, 49, 61, 452.42 W, 700.00 W, 700.00 W, 1980 MHz, 2619 MHz, [N/A]
2025/11/27 05:01:26.435, 1, NVIDIA H100 80GB HBM3, P0, 98 %, 44 %, 81559 MiB, 39295 MiB, 41785 MiB, 52, 60, 407.14 W, 700.00 W, 700.00 W, 1980 MHz, 2619 MHz, [N/A]
2025/11/27 05:01:26.436, 2, NVIDIA H100 80GB HBM3, P0, 96 %, 42 %, 81559 MiB, 41167 MiB, 39913 MiB, 57, 64, 430.95 W, 700.00 W, 700.00 W, 1980 MHz, 2619 MHz, [N/A]
2025/11/27 05:01:26.437, 3, NVIDIA H100 80GB HBM3, P0, 91 %, 50 %, 81559 MiB, 40327 MiB, 40753 MiB, 45, 55, 398.88 W, 700.00 W, 700.00 W, 1980 MHz, 2619 MHz, [N/A]
2025/11/27 05:01:26.438, 4, NVIDIA H100 80GB HBM3, P0, 62 %, 43 %, 81559 MiB, 39527 MiB, 41553 MiB, 46, 57, 436.29 W, 700.00 W, 700.00 W, 1980 MHz, 2619 MHz, [N/A]
2025/11/27 05:01:26.439, 5, NVIDIA H100 80GB HBM3, P0, 60 %, 36 %, 81559 MiB, 41209 MiB, 39871 MiB, 53, 60, 402.78 W, 700.00 W, 700.00 W, 1980 MHz, 2619 MHz, [N/A]
2025/11/27 05:01:26.439, 6, NVIDIA H100 80GB HBM3, P0, 90 %, 40 %, 81559 MiB, 39859 MiB, 41221 MiB, 52, 60, 445.29 W, 700.00 W, 700.00 W, 1980 MHz, 2619 MHz, [N/A]
2025/11/27 05:01:26.440, 7, NVIDIA H100 80GB HBM3, P0, 98 %, 46 %, 81559 MiB, 39895 MiB, 41185 MiB, 47, 57, 407.35 W, 700.00 W, 700.00 W, 1980 MHz, 2619 MHz, [N/A]
2025/11/27 05:01:31.442, 0, NVIDIA H100 80GB HBM3, P0, 86 %, 43 %, 81559 MiB, 37827 MiB, 43253 MiB, 49, 59, 485.07 W, 700.00 W, 700.00 W, 1980 MHz, 2619 MHz, [N/A]
2025/11/27 05:01:31.443, 1, NVIDIA H100 80GB HBM3, P0, 64 %, 39 %, 81559 MiB, 39295 MiB, 41785 MiB, 54, 62, 444.38 W, 700.00 W, 700.00 W, 1980 MHz, 2619 MHz, [N/A]
2025/11/27 05:01:31.443, 2, NVIDIA H100 80GB HBM3, P0, 90 %, 37 %, 81559 MiB, 41167 MiB, 39913 MiB, 55, 63, 453.15 W, 700.00 W, 700.00 W, 1980 MHz, 2619 MHz, [N/A]
2025/11/27 05:01:31.444, 3, NVIDIA H100 80GB HBM3, P0, 97 %, 58 %, 81559 MiB, 40327 MiB, 40753 MiB, 48, 58, 424.21 W, 700.00 W, 700.00 W, 1980 MHz, 2619 MHz, [N/A]
2025/11/27 05:01:31.445, 4, NVIDIA H100 80GB HBM3, P0, 90 %, 38 %, 81559 MiB, 39527 MiB, 41553 MiB, 46, 54, 400.05 W, 700.00 W, 700.00 W, 1980 MHz, 2619 MHz, [N/A]
2025/11/27 05:01:31.446, 5, NVIDIA H100 80GB HBM3, P0, 93 %, 54 %, 81559 MiB, 41209 MiB, 39871 MiB, 51, 57, 431.56 W, 700.00 W, 700.00 W, 1980 MHz, 2619 MHz, [N/A]
2025/11/27 05:01:31.446, 6, NVIDIA H100 80GB HBM3, P0, 93 %, 61 %, 81559 MiB, 39859 MiB, 41221 MiB, 51, 59, 432.92 W, 700.00 W, 700.00 W, 1980 MHz, 2619 MHz, [N/A]
2025/11/27 05:01:31.447, 7, NVIDIA H100 80GB HBM3, P0, 94 %, 41 %, 81559 MiB, 39893 MiB, 41187 MiB, 48, 58, 447.66 W, 700.00 W, 700.00 W, 1980 MHz, 2619 MHz, [N/A]
2025/11/27 05:01:36.449, 0, NVIDIA H100 80GB HBM3, P0, 84 %, 57 %, 81559 MiB, 37827 MiB, 43253 MiB, 50, 61, 471.50 W, 700.00 W, 700.00 W, 1980 MHz, 2619 MHz, [N/A]
2025/11/27 05:01:36.450, 1, NVIDIA H100 80GB HBM3, P0, 94 %, 54 %, 81559 MiB, 39291 MiB, 41789 MiB, 52, 60, 430.74 W, 700.00 W, 700.00 W, 1980 MHz, 2619 MHz, [N/A]
2025/11/27 05:01:36.451, 2, NVIDIA H100 80GB HBM3, P0, 97 %, 44 %, 81559 MiB, 41167 MiB, 39913 MiB, 55, 64, 429.98 W, 700.00 W, 700.00 W, 1980 MHz, 2619 MHz, [N/A]
2025/11/27 05:01:36.452, 3, NVIDIA H100 80GB HBM3, P0, 94 %, 51 %, 81559 MiB, 40327 MiB, 40753 MiB, 45, 56, 403.32 W, 700.00 W, 700.00 W, 1980 MHz, 2619 MHz, [N/A]
2025/11/27 05:01:36.453, 4, NVIDIA H100 80GB HBM3, P0, 100 %, 46 %, 81559 MiB, 39527 MiB, 41553 MiB, 46, 56, 424.34 W, 700.00 W, 700.00 W, 1980 MHz, 2619 MHz, [N/A]
2025/11/27 05:01:36.454, 5, NVIDIA H100 80GB HBM3, P0, 100 %, 40 %, 81559 MiB, 41209 MiB, 39871 MiB, 53, 60, 450.76 W, 700.00 W, 700.00 W, 1980 MHz, 2619 MHz, [N/A]
2025/11/27 05:01:36.455, 6, NVIDIA H100 80GB HBM3, P0, 100 %, 39 %, 81559 MiB, 39859 MiB, 41221 MiB, 52, 59, 494.08 W, 700.00 W, 700.00 W, 1980 MHz, 2619 MHz, [N/A]
2025/11/27 05:01:36.455, 7, NVIDIA H100 80GB HBM3, P0, 91 %, 52 %, 81559 MiB, 39893 MiB, 41187 MiB, 47, 55, 443.95 W, 700.00 W, 700.00 W, 1980 MHz, 2619 MHz, [N/A]
2025/11/27 05:01:41.456, 0, NVIDIA H100 80GB HBM3, P0, 98 %, 54 %, 81559 MiB, 37827 MiB, 43253 MiB, 49, 60, 441.91 W, 700.00 W, 700.00 W, 1980 MHz, 2619 MHz, [N/A]
2025/11/27 05:01:41.458, 1, NVIDIA H100 80GB HBM3, P0, 98 %, 58 %, 81559 MiB, 39291 MiB, 41789 MiB, 55, 63, 444.89 W, 700.00 W, 700.00 W, 1980 MHz, 2619 MHz, [N/A]
2025/11/27 05:01:41.459, 2, NVIDIA H100 80GB HBM3, P0, 98 %, 69 %, 81559 MiB, 41165 MiB, 39915 MiB, 59, 66, 540.09 W, 700.00 W, 700.00 W, 1980 MHz, 2619 MHz, [N/A]
2025/11/27 05:01:41.460, 3, NVIDIA H100 80GB HBM3, P0, 97 %, 71 %, 81559 MiB, 39399 MiB, 41681 MiB, 52, 62, 459.86 W, 700.00 W, 700.00 W, 1980 MHz, 2619 MHz, [N/A]
2025/11/27 05:01:41.461, 4, NVIDIA H100 80GB HBM3, P0, 98 %, 59 %, 81559 MiB, 39527 MiB, 41553 MiB, 48, 57, 458.07 W, 700.00 W, 700.00 W, 1980 MHz, 2619 MHz, [N/A]
2025/11/27 05:01:41.462, 5, NVIDIA H100 80GB HBM3, P0, 96 %, 61 %, 81559 MiB, 41209 MiB, 39871 MiB, 56, 63, 450.47 W, 700.00 W, 700.00 W, 1980 MHz, 2619 MHz, [N/A]
2025/11/27 05:01:41.462, 6, NVIDIA H100 80GB HBM3, P0, 89 %, 56 %, 81559 MiB, 39857 MiB, 41223 MiB, 53, 62, 431.80 W, 700.00 W, 700.00 W, 1980 MHz, 2619 MHz, [N/A]
2025/11/27 05:01:41.463, 7, NVIDIA H100 80GB HBM3, P0, 98 %, 58 %, 81559 MiB, 39893 MiB, 41187 MiB, 50, 59, 442.89 W, 700.00 W, 700.00 W, 1980 MHz, 2619 MHz, [N/A]
2025/11/27 05:01:46.465, 0, NVIDIA H100 80GB HBM3, P0, 95 %, 33 %, 81559 MiB, 37827 MiB, 43253 MiB, 48, 58, 460.17 W, 700.00 W, 700.00 W, 1980 MHz, 2619 MHz, [N/A]
2025/11/27 05:01:46.466, 1, NVIDIA H100 80GB HBM3, P0, 87 %, 46 %, 81559 MiB, 39291 MiB, 41789 MiB, 53, 60, 430.64 W, 700.00 W, 700.00 W, 1980 MHz, 2619 MHz, [N/A]
2025/11/27 05:01:46.467, 2, NVIDIA H100 80GB HBM3, P0, 97 %, 34 %, 81559 MiB, 41163 MiB, 39917 MiB, 54, 64, 432.23 W, 700.00 W, 700.00 W, 1980 MHz, 2619 MHz, [N/A]
2025/11/27 05:01:46.468, 3, NVIDIA H100 80GB HBM3, P0, 98 %, 41 %, 81559 MiB, 39399 MiB, 41681 MiB, 47, 57, 450.44 W, 700.00 W, 700.00 W, 1980 MHz, 2619 MHz, [N/A]
2025/11/27 05:01:46.469, 4, NVIDIA H100 80GB HBM3, P0, 96 %, 35 %, 81559 MiB, 39527 MiB, 41553 MiB, 46, 55, 432.89 W, 700.00 W, 700.00 W, 1980 MHz, 2619 MHz, [N/A]
2025/11/27 05:01:46.470, 5, NVIDIA H100 80GB HBM3, P0, 63 %, 42 %, 81559 MiB, 41207 MiB, 39873 MiB, 56, 61, 484.57 W, 700.00 W, 700.00 W, 1980 MHz, 2619 MHz, [N/A]
2025/11/27 05:01:46.471, 6, NVIDIA H100 80GB HBM3, P0, 98 %, 45 %, 81559 MiB, 39857 MiB, 41223 MiB, 52, 61, 435.62 W, 700.00 W, 700.00 W, 1980 MHz, 2619 MHz, [N/A]
2025/11/27 05:01:46.472, 7, NVIDIA H100 80GB HBM3, P0, 98 %, 42 %, 81559 MiB, 39893 MiB, 41187 MiB, 48, 55, 431.01 W, 700.00 W, 700.00 W, 1980 MHz, 2619 MHz, [N/A]
2025/11/27 05:01:51.473, 0, NVIDIA H100 80GB HBM3, P0, 100 %, 58 %, 81559 MiB, 37827 MiB, 43253 MiB, 49, 60, 443.76 W, 700.00 W, 700.00 W, 1980 MHz, 2619 MHz, [N/A]
2025/11/27 05:01:51.474, 1, NVIDIA H100 80GB HBM3, P0, 99 %, 74 %, 81559 MiB, 39291 MiB, 41789 MiB, 55, 64, 520.09 W, 700.00 W, 700.00 W, 1980 MHz, 2619 MHz, [N/A]
2025/11/27 05:01:51.475, 2, NVIDIA H100 80GB HBM3, P0, 100 %, 61 %, 81559 MiB, 41163 MiB, 39917 MiB, 55, 64, 461.36 W, 700.00 W, 700.00 W, 1980 MHz, 2619 MHz, [N/A]
2025/11/27 05:01:51.476, 3, NVIDIA H100 80GB HBM3, P0, 100 %, 61 %, 81559 MiB, 39397 MiB, 41683 MiB, 48, 60, 491.02 W, 700.00 W, 700.00 W, 1980 MHz, 2619 MHz, [N/A]
2025/11/27 05:01:51.477, 4, NVIDIA H100 80GB HBM3, P0, 100 %, 60 %, 81559 MiB, 39525 MiB, 41555 MiB, 47, 57, 469.62 W, 700.00 W, 700.00 W, 1980 MHz, 2619 MHz, [N/A]
2025/11/27 05:01:51.478, 5, NVIDIA H100 80GB HBM3, P0, 98 %, 66 %, 81559 MiB, 41207 MiB, 39873 MiB, 56, 64, 509.58 W, 700.00 W, 700.00 W, 1980 MHz, 2619 MHz, [N/A]
2025/11/27 05:01:51.479, 6, NVIDIA H100 80GB HBM3, P0, 93 %, 61 %, 81559 MiB, 39857 MiB, 41223 MiB, 53, 63, 445.91 W, 700.00 W, 700.00 W, 1980 MHz, 2619 MHz, [N/A]
2025/11/27 05:01:51.480, 7, NVIDIA H100 80GB HBM3, P0, 100 %, 57 %, 81559 MiB, 39893 MiB, 41187 MiB, 48, 58, 484.23 W, 700.00 W, 700.00 W, 1980 MHz, 2619 MHz, [N/A]
2025/11/27 05:01:56.481, 0, NVIDIA H100 80GB HBM3, P0, 88 %, 61 %, 81559 MiB, 37827 MiB, 43253 MiB, 50, 61, 493.42 W, 700.00 W, 700.00 W, 1980 MHz, 2619 MHz, [N/A]
2025/11/27 05:01:56.482, 1, NVIDIA H100 80GB HBM3, P0, 100 %, 68 %, 81559 MiB, 39291 MiB, 41789 MiB, 56, 66, 507.29 W, 700.00 W, 700.00 W, 1980 MHz, 2619 MHz, [N/A]
2025/11/27 05:01:56.483, 2, NVIDIA H100 80GB HBM3, P0, 92 %, 60 %, 81559 MiB, 41163 MiB, 39917 MiB, 56, 66, 457.64 W, 700.00 W, 700.00 W, 1980 MHz, 2619 MHz, [N/A]
2025/11/27 05:01:56.485, 3, NVIDIA H100 80GB HBM3, P0, 96 %, 66 %, 81559 MiB, 39397 MiB, 41683 MiB, 50, 62, 454.74 W, 700.00 W, 700.00 W, 1980 MHz, 2619 MHz, [N/A]
2025/11/27 05:01:56.486, 4, NVIDIA H100 80GB HBM3, P0, 91 %, 65 %, 81559 MiB, 39523 MiB, 41557 MiB, 47, 55, 439.43 W, 700.00 W, 700.00 W, 1980 MHz, 2619 MHz, [N/A]
2025/11/27 05:01:56.487, 5, NVIDIA H100 80GB HBM3, P0, 92 %, 62 %, 81559 MiB, 41205 MiB, 39875 MiB, 55, 64, 479.05 W, 700.00 W, 700.00 W, 1980 MHz, 2619 MHz, [N/A]
2025/11/27 05:01:56.488, 6, NVIDIA H100 80GB HBM3, P0, 98 %, 69 %, 81559 MiB, 39857 MiB, 41223 MiB, 54, 63, 454.66 W, 700.00 W, 700.00 W, 1980 MHz, 2619 MHz, [N/A]
2025/11/27 05:01:56.489, 7, NVIDIA H100 80GB HBM3, P0, 95 %, 67 %, 81559 MiB, 39893 MiB, 41187 MiB, 51, 61, 465.99 W, 700.00 W, 700.00 W, 1980 MHz, 2619 MHz, [N/A]
2025/11/27 05:02:01.491, 0, NVIDIA H100 80GB HBM3, P0, 88 %, 56 %, 81559 MiB, 37827 MiB, 43253 MiB, 48, 57, 394.08 W, 700.00 W, 700.00 W, 1980 MHz, 2619 MHz, [N/A]
2025/11/27 05:02:01.492, 1, NVIDIA H100 80GB HBM3, P0, 98 %, 51 %, 81559 MiB, 39291 MiB, 41789 MiB, 55, 63, 404.26 W, 700.00 W, 700.00 W, 1980 MHz, 2619 MHz, [N/A]
2025/11/27 05:02:01.493, 2, NVIDIA H100 80GB HBM3, P0, 76 %, 50 %, 81559 MiB, 41161 MiB, 39919 MiB, 55, 62, 457.86 W, 700.00 W, 700.00 W, 1980 MHz, 2619 MHz, [N/A]
2025/11/27 05:02:01.494, 3, NVIDIA H100 80GB HBM3, P0, 93 %, 39 %, 81559 MiB, 39397 MiB, 41683 MiB, 48, 61, 413.85 W, 700.00 W, 700.00 W, 1980 MHz, 2619 MHz, [N/A]
2025/11/27 05:02:01.495, 4, NVIDIA H100 80GB HBM3, P0, 91 %, 56 %, 81559 MiB, 39523 MiB, 41557 MiB, 45, 53, 411.45 W, 700.00 W, 700.00 W, 1980 MHz, 2619 MHz, [N/A]
2025/11/27 05:02:01.496, 5, NVIDIA H100 80GB HBM3, P0, 96 %, 67 %, 81559 MiB, 41203 MiB, 39877 MiB, 53, 61, 400.80 W, 700.00 W, 700.00 W, 1980 MHz, 2619 MHz, [N/A]
2025/11/27 05:02:01.497, 6, NVIDIA H100 80GB HBM3, P0, 94 %, 45 %, 81559 MiB, 39855 MiB, 41225 MiB, 54, 61, 391.54 W, 700.00 W, 700.00 W, 1980 MHz, 2619 MHz, [N/A]
2025/11/27 05:02:01.498, 7, NVIDIA H100 80GB HBM3, P0, 91 %, 39 %, 81559 MiB, 39893 MiB, 41187 MiB, 49, 59, 390.27 W, 700.00 W, 700.00 W, 1980 MHz, 2619 MHz, [N/A]
2025/11/27 05:02:06.499, 0, NVIDIA H100 80GB HBM3, P0, 92 %, 60 %, 81559 MiB, 37827 MiB, 43253 MiB, 50, 62, 439.16 W, 700.00 W, 700.00 W, 1980 MHz, 2619 MHz, [N/A]
2025/11/27 05:02:06.501, 1, NVIDIA H100 80GB HBM3, P0, 98 %, 72 %, 81559 MiB, 39291 MiB, 41789 MiB, 56, 66, 425.25 W, 700.00 W, 700.00 W, 1980 MHz, 2619 MHz, [N/A]
2025/11/27 05:02:06.502, 2, NVIDIA H100 80GB HBM3, P0, 90 %, 57 %, 81559 MiB, 41161 MiB, 39919 MiB, 58, 66, 460.54 W, 700.00 W, 700.00 W, 1980 MHz, 2619 MHz, [N/A]
2025/11/27 05:02:06.503, 3, NVIDIA H100 80GB HBM3, P0, 92 %, 61 %, 81559 MiB, 39397 MiB, 41683 MiB, 49, 61, 440.88 W, 700.00 W, 700.00 W, 1980 MHz, 2619 MHz, [N/A]
2025/11/27 05:02:06.504, 4, NVIDIA H100 80GB HBM3, P0, 88 %, 64 %, 81559 MiB, 39523 MiB, 41557 MiB, 49, 59, 469.00 W, 700.00 W, 700.00 W, 1980 MHz, 2619 MHz, [N/A]
2025/11/27 05:02:06.505, 5, NVIDIA H100 80GB HBM3, P0, 100 %, 63 %, 81559 MiB, 41203 MiB, 39877 MiB, 55, 63, 438.50 W, 700.00 W, 700.00 W, 1980 MHz, 2619 MHz, [N/A]
2025/11/27 05:02:06.505, 6, NVIDIA H100 80GB HBM3, P0, 90 %, 60 %, 81559 MiB, 39853 MiB, 41227 MiB, 53, 62, 406.41 W, 700.00 W, 700.00 W, 1980 MHz, 2619 MHz, [N/A]
2025/11/27 05:02:06.507, 7, NVIDIA H100 80GB HBM3, P0, 89 %, 61 %, 81559 MiB, 39893 MiB, 41187 MiB, 50, 61, 403.30 W, 700.00 W, 700.00 W, 1980 MHz, 2619 MHz, [N/A]
2025/11/27 05:02:11.508, 0, NVIDIA H100 80GB HBM3, P0, 95 %, 52 %, 81559 MiB, 37827 MiB, 43253 MiB, 50, 61, 478.53 W, 700.00 W, 700.00 W, 1980 MHz, 2619 MHz, [N/A]
2025/11/27 05:02:11.510, 1, NVIDIA H100 80GB HBM3, P0, 98 %, 61 %, 81559 MiB, 39289 MiB, 41791 MiB, 55, 65, 485.54 W, 700.00 W, 700.00 W, 1980 MHz, 2619 MHz, [N/A]
2025/11/27 05:02:11.511, 2, NVIDIA H100 80GB HBM3, P0, 94 %, 60 %, 81559 MiB, 41161 MiB, 39919 MiB, 59, 67, 558.44 W, 700.00 W, 700.00 W, 1980 MHz, 2619 MHz, [N/A]
2025/11/27 05:02:11.512, 3, NVIDIA H100 80GB HBM3, P0, 92 %, 67 %, 81559 MiB, 39397 MiB, 41683 MiB, 50, 62, 513.18 W, 700.00 W, 700.00 W, 1980 MHz, 2619 MHz, [N/A]
2025/11/27 05:02:11.513, 4, NVIDIA H100 80GB HBM3, P0, 96 %, 55 %, 81559 MiB, 39523 MiB, 41557 MiB, 47, 57, 473.78 W, 700.00 W, 700.00 W, 1980 MHz, 2619 MHz, [N/A]
2025/11/27 05:02:11.514, 5, NVIDIA H100 80GB HBM3, P0, 100 %, 61 %, 81559 MiB, 41203 MiB, 39877 MiB, 56, 61, 502.06 W, 700.00 W, 700.00 W, 1980 MHz, 2619 MHz, [N/A]
2025/11/27 05:02:11.515, 6, NVIDIA H100 80GB HBM3, P0, 90 %, 62 %, 81559 MiB, 39853 MiB, 41227 MiB, 55, 64, 489.89 W, 700.00 W, 700.00 W, 1980 MHz, 2619 MHz, [N/A]
2025/11/27 05:02:11.515, 7, NVIDIA H100 80GB HBM3, P0, 89 %, 64 %, 81559 MiB, 39893 MiB, 41187 MiB, 50, 61, 505.51 W, 700.00 W, 700.00 W, 1980 MHz, 2619 MHz, [N/A]
2025/11/27 05:02:16.518, 0, NVIDIA H100 80GB HBM3, P0, 98 %, 61 %, 81559 MiB, 37825 MiB, 43255 MiB, 50, 61, 398.55 W, 700.00 W, 700.00 W, 1980 MHz, 2619 MHz, [N/A]
2025/11/27 05:02:16.519, 1, NVIDIA H100 80GB HBM3, P0, 92 %, 63 %, 81559 MiB, 39289 MiB, 41791 MiB, 54, 62, 449.77 W, 700.00 W, 700.00 W, 1980 MHz, 2619 MHz, [N/A]
2025/11/27 05:02:16.520, 2, NVIDIA H100 80GB HBM3, P0, 98 %, 64 %, 81559 MiB, 41161 MiB, 39919 MiB, 56, 66, 414.34 W, 700.00 W, 700.00 W, 1980 MHz, 2619 MHz, [N/A]
2025/11/27 05:02:16.521, 3, NVIDIA H100 80GB HBM3, P0, 100 %, 65 %, 81559 MiB, 39397 MiB, 41683 MiB, 47, 58, 421.20 W, 700.00 W, 700.00 W, 1980 MHz, 2619 MHz, [N/A]
2025/11/27 05:02:16.522, 4, NVIDIA H100 80GB HBM3, P0, 87 %, 61 %, 81559 MiB, 39523 MiB, 41557 MiB, 47, 58, 419.42 W, 700.00 W, 700.00 W, 1980 MHz, 2619 MHz, [N/A]
2025/11/27 05:02:16.523, 5, NVIDIA H100 80GB HBM3, P0, 96 %, 64 %, 81559 MiB, 41203 MiB, 39877 MiB, 53, 62, 421.57 W, 700.00 W, 700.00 W, 1980 MHz, 2619 MHz, [N/A]
2025/11/27 05:02:16.523, 6, NVIDIA H100 80GB HBM3, P0, 99 %, 73 %, 81559 MiB, 39853 MiB, 41227 MiB, 53, 62, 421.37 W, 700.00 W, 700.00 W, 1980 MHz, 2619 MHz, [N/A]
2025/11/27 05:02:16.524, 7, NVIDIA H100 80GB HBM3, P0, 100 %, 71 %, 81559 MiB, 39893 MiB, 41187 MiB, 49, 60, 405.01 W, 700.00 W, 700.00 W, 1980 MHz, 2619 MHz, [N/A]
2025/11/27 05:02:21.526, 0, NVIDIA H100 80GB HBM3, P0, 97 %, 59 %, 81559 MiB, 37823 MiB, 43257 MiB, 48, 59, 403.54 W, 700.00 W, 700.00 W, 1980 MHz, 2619 MHz, [N/A]
2025/11/27 05:02:21.527, 1, NVIDIA H100 80GB HBM3, P0, 98 %, 40 %, 81559 MiB, 39289 MiB, 41791 MiB, 53, 61, 480.64 W, 700.00 W, 700.00 W, 1980 MHz, 2619 MHz, [N/A]
2025/11/27 05:02:21.528, 2, NVIDIA H100 80GB HBM3, P0, 94 %, 62 %, 81559 MiB, 41161 MiB, 39919 MiB, 56, 65, 478.09 W, 700.00 W, 700.00 W, 1980 MHz, 2619 MHz, [N/A]
2025/11/27 05:02:21.529, 3, NVIDIA H100 80GB HBM3, P0, 92 %, 62 %, 81559 MiB, 39397 MiB, 41683 MiB, 46, 57, 455.78 W, 700.00 W, 700.00 W, 1980 MHz, 2619 MHz, [N/A]
2025/11/27 05:02:21.530, 4, NVIDIA H100 80GB HBM3, P0, 93 %, 41 %, 81559 MiB, 39523 MiB, 41557 MiB, 46, 57, 409.97 W, 700.00 W, 700.00 W, 1980 MHz, 2619 MHz, [N/A]
2025/11/27 05:02:21.531, 5, NVIDIA H100 80GB HBM3, P0, 92 %, 38 %, 81559 MiB, 41203 MiB, 39877 MiB, 55, 62, 464.20 W, 700.00 W, 700.00 W, 1980 MHz, 2619 MHz, [N/A]
2025/11/27 05:02:21.532, 6, NVIDIA H100 80GB HBM3, P0, 91 %, 43 %, 81559 MiB, 39853 MiB, 41227 MiB, 52, 62, 420.70 W, 700.00 W, 700.00 W, 1980 MHz, 2619 MHz, [N/A]
2025/11/27 05:02:21.532, 7, NVIDIA H100 80GB HBM3, P0, 91 %, 61 %, 81559 MiB, 39891 MiB, 41189 MiB, 48, 57, 446.10 W, 700.00 W, 700.00 W, 1980 MHz, 2619 MHz, [N/A]
2025/11/27 05:02:26.534, 0, NVIDIA H100 80GB HBM3, P0, 95 %, 58 %, 81559 MiB, 37823 MiB, 43257 MiB, 49, 60, 434.34 W, 700.00 W, 700.00 W, 1980 MHz, 2619 MHz, [N/A]
2025/11/27 05:02:26.536, 1, NVIDIA H100 80GB HBM3, P0, 98 %, 68 %, 81559 MiB, 39289 MiB, 41791 MiB, 57, 65, 479.66 W, 700.00 W, 700.00 W, 1980 MHz, 2619 MHz, [N/A]
2025/11/27 05:02:26.537, 2, NVIDIA H100 80GB HBM3, P0, 93 %, 72 %, 81559 MiB, 41161 MiB, 39919 MiB, 57, 64, 503.84 W, 700.00 W, 700.00 W, 1980 MHz, 2619 MHz, [N/A]
2025/11/27 05:02:26.538, 3, NVIDIA H100 80GB HBM3, P0, 92 %, 55 %, 81559 MiB, 39397 MiB, 41683 MiB, 48, 61, 420.00 W, 700.00 W, 700.00 W, 1980 MHz, 2619 MHz, [N/A]
2025/11/27 05:02:26.539, 4, NVIDIA H100 80GB HBM3, P0, 94 %, 61 %, 81559 MiB, 39523 MiB, 41557 MiB, 48, 58, 461.94 W, 700.00 W, 700.00 W, 1980 MHz, 2619 MHz, [N/A]
2025/11/27 05:02:26.540, 5, NVIDIA H100 80GB HBM3, P0, 92 %, 56 %, 81559 MiB, 41203 MiB, 39877 MiB, 54, 61, 453.66 W, 700.00 W, 700.00 W, 1980 MHz, 2619 MHz, [N/A]
2025/11/27 05:02:26.541, 6, NVIDIA H100 80GB HBM3, P0, 89 %, 59 %, 81559 MiB, 39853 MiB, 41227 MiB, 53, 63, 444.93 W, 700.00 W, 700.00 W, 1980 MHz, 2619 MHz, [N/A]
2025/11/27 05:02:26.542, 7, NVIDIA H100 80GB HBM3, P0, 89 %, 59 %, 81559 MiB, 39891 MiB, 41189 MiB, 50, 60, 436.69 W, 700.00 W, 700.00 W, 1980 MHz, 2619 MHz, [N/A]
2025/11/27 05:02:31.544, 0, NVIDIA H100 80GB HBM3, P0, 100 %, 28 %, 81559 MiB, 37823 MiB, 43257 MiB, 49, 60, 406.00 W, 700.00 W, 700.00 W, 1980 MHz, 2619 MHz, [N/A]
2025/11/27 05:02:31.545, 1, NVIDIA H100 80GB HBM3, P0, 93 %, 62 %, 81559 MiB, 39285 MiB, 41795 MiB, 56, 64, 468.04 W, 700.00 W, 700.00 W, 1980 MHz, 2619 MHz, [N/A]
2025/11/27 05:02:31.546, 2, NVIDIA H100 80GB HBM3, P0, 52 %, 38 %, 81559 MiB, 41161 MiB, 39919 MiB, 57, 64, 468.56 W, 700.00 W, 700.00 W, 1980 MHz, 2619 MHz, [N/A]
2025/11/27 05:02:31.547, 3, NVIDIA H100 80GB HBM3, P0, 100 %, 41 %, 81559 MiB, 39397 MiB, 41683 MiB, 48, 59, 436.74 W, 700.00 W, 700.00 W, 1980 MHz, 2619 MHz, [N/A]
2025/11/27 05:02:31.548, 4, NVIDIA H100 80GB HBM3, P0, 100 %, 50 %, 81559 MiB, 39521 MiB, 41559 MiB, 46, 57, 418.70 W, 700.00 W, 700.00 W, 1980 MHz, 2619 MHz, [N/A]
2025/11/27 05:02:31.549, 5, NVIDIA H100 80GB HBM3, P0, 100 %, 65 %, 81559 MiB, 41203 MiB, 39877 MiB, 55, 62, 464.05 W, 700.00 W, 700.00 W, 1980 MHz, 2619 MHz, [N/A]
2025/11/27 05:02:31.550, 6, NVIDIA H100 80GB HBM3, P0, 100 %, 51 %, 81559 MiB, 39853 MiB, 41227 MiB, 53, 60, 408.50 W, 700.00 W, 700.00 W, 1980 MHz, 2619 MHz, [N/A]
2025/11/27 05:02:31.551, 7, NVIDIA H100 80GB HBM3, P0, 100 %, 43 %, 81559 MiB, 39891 MiB, 41189 MiB, 47, 55, 404.77 W, 700.00 W, 700.00 W, 1980 MHz, 2619 MHz, [N/A]
2025/11/27 05:02:36.552, 0, NVIDIA H100 80GB HBM3, P0, 87 %, 38 %, 81559 MiB, 37823 MiB, 43257 MiB, 47, 56, 392.14 W, 700.00 W, 700.00 W, 1980 MHz, 2619 MHz, [N/A]
2025/11/27 05:02:36.553, 1, NVIDIA H100 80GB HBM3, P0, 98 %, 29 %, 81559 MiB, 39285 MiB, 41795 MiB, 53, 62, 459.38 W, 700.00 W, 700.00 W, 1980 MHz, 2619 MHz, [N/A]
2025/11/27 05:02:36.554, 2, NVIDIA H100 80GB HBM3, P0, 91 %, 36 %, 81559 MiB, 41157 MiB, 39923 MiB, 54, 62, 447.17 W, 700.00 W, 700.00 W, 1980 MHz, 2619 MHz, [N/A]
2025/11/27 05:02:36.555, 3, NVIDIA H100 80GB HBM3, P0, 96 %, 36 %, 81559 MiB, 39395 MiB, 41685 MiB, 48, 60, 443.98 W, 700.00 W, 700.00 W, 1980 MHz, 2619 MHz, [N/A]
2025/11/27 05:02:36.556, 4, NVIDIA H100 80GB HBM3, P0, 98 %, 64 %, 81559 MiB, 39521 MiB, 41559 MiB, 46, 53, 429.39 W, 700.00 W, 700.00 W, 1980 MHz, 2619 MHz, [N/A]
2025/11/27 05:02:36.557, 5, NVIDIA H100 80GB HBM3, P0, 100 %, 35 %, 81559 MiB, 41203 MiB, 39877 MiB, 54, 61, 455.39 W, 700.00 W, 700.00 W, 1980 MHz, 2619 MHz, [N/A]
2025/11/27 05:02:36.558, 6, NVIDIA H100 80GB HBM3, P0, 100 %, 36 %, 81559 MiB, 39853 MiB, 41227 MiB, 53, 61, 426.00 W, 700.00 W, 700.00 W, 1980 MHz, 2619 MHz, [N/A]
2025/11/27 05:02:36.558, 7, NVIDIA H100 80GB HBM3, P0, 96 %, 33 %, 81559 MiB, 39891 MiB, 41189 MiB, 47, 56, 424.43 W, 700.00 W, 700.00 W, 1980 MHz, 2619 MHz, [N/A]
2025/11/27 05:02:41.560, 0, NVIDIA H100 80GB HBM3, P0, 89 %, 60 %, 81559 MiB, 37823 MiB, 43257 MiB, 50, 61, 445.87 W, 700.00 W, 700.00 W, 1980 MHz, 2619 MHz, [N/A]
2025/11/27 05:02:41.561, 1, NVIDIA H100 80GB HBM3, P0, 98 %, 64 %, 81559 MiB, 39285 MiB, 41795 MiB, 55, 64, 421.24 W, 700.00 W, 700.00 W, 1980 MHz, 2619 MHz, [N/A]
2025/11/27 05:02:41.562, 2, NVIDIA H100 80GB HBM3, P0, 89 %, 61 %, 81559 MiB, 41157 MiB, 39923 MiB, 57, 66, 481.02 W, 700.00 W, 700.00 W, 1980 MHz, 2619 MHz, [N/A]
2025/11/27 05:02:41.563, 3, NVIDIA H100 80GB HBM3, P0, 91 %, 60 %, 81559 MiB, 39395 MiB, 41685 MiB, 49, 61, 453.15 W, 700.00 W, 700.00 W, 1980 MHz, 2619 MHz, [N/A]
2025/11/27 05:02:41.564, 4, NVIDIA H100 80GB HBM3, P0, 97 %, 69 %, 81559 MiB, 39521 MiB, 41559 MiB, 48, 57, 472.15 W, 700.00 W, 700.00 W, 1980 MHz, 2619 MHz, [N/A]
2025/11/27 05:02:41.565, 5, NVIDIA H100 80GB HBM3, P0, 95 %, 62 %, 81559 MiB, 41203 MiB, 39877 MiB, 55, 65, 446.88 W, 700.00 W, 700.00 W, 1980 MHz, 2619 MHz, [N/A]
2025/11/27 05:02:41.566, 6, NVIDIA H100 80GB HBM3, P0, 90 %, 63 %, 81559 MiB, 39853 MiB, 41227 MiB, 54, 64, 431.39 W, 700.00 W, 700.00 W, 1980 MHz, 2619 MHz, [N/A]
2025/11/27 05:02:41.567, 7, NVIDIA H100 80GB HBM3, P0, 88 %, 62 %, 81559 MiB, 39891 MiB, 41189 MiB, 50, 61, 449.27 W, 700.00 W, 700.00 W, 1980 MHz, 2619 MHz, [N/A]
2025/11/27 05:02:46.568, 0, NVIDIA H100 80GB HBM3, P0, 95 %, 38 %, 81559 MiB, 37823 MiB, 43257 MiB, 49, 61, 415.74 W, 700.00 W, 700.00 W, 1980 MHz, 2619 MHz, [N/A]
2025/11/27 05:02:46.570, 1, NVIDIA H100 80GB HBM3, P0, 76 %, 58 %, 81559 MiB, 39285 MiB, 41795 MiB, 57, 66, 453.26 W, 700.00 W, 700.00 W, 1980 MHz, 2619 MHz, [N/A]
2025/11/27 05:02:46.571, 2, NVIDIA H100 80GB HBM3, P0, 97 %, 42 %, 81559 MiB, 41157 MiB, 39923 MiB, 57, 66, 474.01 W, 700.00 W, 700.00 W, 1980 MHz, 2619 MHz, [N/A]
2025/11/27 05:02:46.572, 3, NVIDIA H100 80GB HBM3, P0, 91 %, 61 %, 81559 MiB, 39395 MiB, 41685 MiB, 49, 62, 510.04 W, 700.00 W, 700.00 W, 1980 MHz, 2619 MHz, [N/A]
2025/11/27 05:02:46.573, 4, NVIDIA H100 80GB HBM3, P0, 98 %, 44 %, 81559 MiB, 39521 MiB, 41559 MiB, 48, 57, 446.34 W, 700.00 W, 700.00 W, 1980 MHz, 2619 MHz, [N/A]
2025/11/27 05:02:46.573, 5, NVIDIA H100 80GB HBM3, P0, 98 %, 42 %, 81559 MiB, 41203 MiB, 39877 MiB, 55, 62, 494.79 W, 700.00 W, 700.00 W, 1980 MHz, 2619 MHz, [N/A]
2025/11/27 05:02:46.574, 6, NVIDIA H100 80GB HBM3, P0, 98 %, 39 %, 81559 MiB, 39853 MiB, 41227 MiB, 53, 62, 445.23 W, 700.00 W, 700.00 W, 1980 MHz, 2619 MHz, [N/A]
2025/11/27 05:02:46.575, 7, NVIDIA H100 80GB HBM3, P0, 98 %, 54 %, 81559 MiB, 39891 MiB, 41189 MiB, 50, 61, 452.09 W, 700.00 W, 700.00 W, 1980 MHz, 2619 MHz, [N/A]
2025/11/27 05:02:51.576, 0, NVIDIA H100 80GB HBM3, P0, 79 %, 57 %, 81559 MiB, 37823 MiB, 43257 MiB, 49, 59, 425.74 W, 700.00 W, 700.00 W, 1980 MHz, 2619 MHz, [N/A]
2025/11/27 05:02:51.577, 1, NVIDIA H100 80GB HBM3, P0, 93 %, 47 %, 81559 MiB, 39285 MiB, 41795 MiB, 54, 63, 431.60 W, 700.00 W, 700.00 W, 1980 MHz, 2619 MHz, [N/A]
2025/11/27 05:02:51.578, 2, NVIDIA H100 80GB HBM3, P0, 100 %, 65 %, 81559 MiB, 41157 MiB, 39923 MiB, 56, 64, 434.31 W, 700.00 W, 700.00 W, 1980 MHz, 2619 MHz, [N/A]
2025/11/27 05:02:51.579, 3, NVIDIA H100 80GB HBM3, P0, 99 %, 59 %, 81559 MiB, 39395 MiB, 41685 MiB, 47, 60, 402.73 W, 700.00 W, 700.00 W, 1980 MHz, 2619 MHz, [N/A]
2025/11/27 05:02:51.581, 4, NVIDIA H100 80GB HBM3, P0, 92 %, 53 %, 81559 MiB, 39521 MiB, 41559 MiB, 46, 55, 426.01 W, 700.00 W, 700.00 W, 1980 MHz, 2619 MHz, [N/A]
2025/11/27 05:02:51.581, 5, NVIDIA H100 80GB HBM3, P0, 96 %, 71 %, 81559 MiB, 41201 MiB, 39879 MiB, 54, 61, 492.18 W, 700.00 W, 700.00 W, 1980 MHz, 2619 MHz, [N/A]
2025/11/27 05:02:51.583, 6, NVIDIA H100 80GB HBM3, P0, 95 %, 66 %, 81559 MiB, 39853 MiB, 41227 MiB, 53, 61, 428.00 W, 700.00 W, 700.00 W, 1980 MHz, 2619 MHz, [N/A]
2025/11/27 05:02:51.583, 7, NVIDIA H100 80GB HBM3, P0, 100 %, 70 %, 81559 MiB, 39891 MiB, 41189 MiB, 48, 59, 424.05 W, 700.00 W, 700.00 W, 1980 MHz, 2619 MHz, [N/A]
2025/11/27 05:02:56.585, 0, NVIDIA H100 80GB HBM3, P0, 100 %, 68 %, 81559 MiB, 37823 MiB, 43257 MiB, 48, 61, 440.72 W, 700.00 W, 700.00 W, 1980 MHz, 2619 MHz, [N/A]
2025/11/27 05:02:56.586, 1, NVIDIA H100 80GB HBM3, P0, 96 %, 62 %, 81559 MiB, 39285 MiB, 41795 MiB, 53, 64, 444.79 W, 700.00 W, 700.00 W, 1980 MHz, 2619 MHz, [N/A]
2025/11/27 05:02:56.587, 2, NVIDIA H100 80GB HBM3, P0, 98 %, 45 %, 81559 MiB, 41157 MiB, 39923 MiB, 55, 65, 400.98 W, 700.00 W, 700.00 W, 1980 MHz, 2619 MHz, [N/A]
2025/11/27 05:02:56.588, 3, NVIDIA H100 80GB HBM3, P0, 97 %, 42 %, 81559 MiB, 39395 MiB, 41685 MiB, 47, 59, 433.26 W, 700.00 W, 700.00 W, 1980 MHz, 2619 MHz, [N/A]
2025/11/27 05:02:56.589, 4, NVIDIA H100 80GB HBM3, P0, 93 %, 67 %, 81559 MiB, 39521 MiB, 41559 MiB, 47, 57, 471.54 W, 700.00 W, 700.00 W, 1980 MHz, 2619 MHz, [N/A]
2025/11/27 05:02:56.589, 5, NVIDIA H100 80GB HBM3, P0, 98 %, 44 %, 81559 MiB, 41197 MiB, 39883 MiB, 52, 60, 404.94 W, 700.00 W, 700.00 W, 1980 MHz, 2619 MHz, [N/A]
2025/11/27 05:02:56.590, 6, NVIDIA H100 80GB HBM3, P0, 98 %, 63 %, 81559 MiB, 39851 MiB, 41229 MiB, 51, 59, 433.11 W, 700.00 W, 700.00 W, 1980 MHz, 2619 MHz, [N/A]
2025/11/27 05:02:56.591, 7, NVIDIA H100 80GB HBM3, P0, 66 %, 38 %, 81559 MiB, 39891 MiB, 41189 MiB, 48, 59, 387.86 W, 700.00 W, 700.00 W, 1980 MHz, 2619 MHz, [N/A]
2025/11/27 05:03:01.592, 0, NVIDIA H100 80GB HBM3, P0, 100 %, 61 %, 81559 MiB, 37823 MiB, 43257 MiB, 48, 61, 391.44 W, 700.00 W, 700.00 W, 1980 MHz, 2619 MHz, [N/A]
2025/11/27 05:03:01.593, 1, NVIDIA H100 80GB HBM3, P0, 95 %, 60 %, 81559 MiB, 39285 MiB, 41795 MiB, 52, 60, 438.63 W, 700.00 W, 700.00 W, 1980 MHz, 2619 MHz, [N/A]
2025/11/27 05:03:01.594, 2, NVIDIA H100 80GB HBM3, P0, 98 %, 64 %, 81559 MiB, 41157 MiB, 39923 MiB, 56, 65, 489.86 W, 700.00 W, 700.00 W, 1980 MHz, 2619 MHz, [N/A]
2025/11/27 05:03:01.595, 3, NVIDIA H100 80GB HBM3, P0, 98 %, 44 %, 81559 MiB, 39395 MiB, 41685 MiB, 46, 57, 437.53 W, 700.00 W, 700.00 W, 1980 MHz, 2619 MHz, [N/A]
2025/11/27 05:03:01.596, 4, NVIDIA H100 80GB HBM3, P0, 100 %, 64 %, 81559 MiB, 39519 MiB, 41561 MiB, 47, 55, 398.65 W, 700.00 W, 700.00 W, 1980 MHz, 2619 MHz, [N/A]
2025/11/27 05:03:01.597, 5, NVIDIA H100 80GB HBM3, P0, 98 %, 53 %, 81559 MiB, 41197 MiB, 39883 MiB, 54, 61, 422.94 W, 700.00 W, 700.00 W, 1980 MHz, 2619 MHz, [N/A]
2025/11/27 05:03:01.598, 6, NVIDIA H100 80GB HBM3, P0, 98 %, 46 %, 81559 MiB, 39851 MiB, 41229 MiB, 51, 60, 409.89 W, 700.00 W, 700.00 W, 1980 MHz, 2619 MHz, [N/A]
2025/11/27 05:03:01.599, 7, NVIDIA H100 80GB HBM3, P0, 98 %, 44 %, 81559 MiB, 39891 MiB, 41189 MiB, 48, 57, 410.29 W, 700.00 W, 700.00 W, 1980 MHz, 2619 MHz, [N/A]
2025/11/27 05:03:06.601, 0, NVIDIA H100 80GB HBM3, P0, 78 %, 52 %, 81559 MiB, 37823 MiB, 43257 MiB, 49, 59, 432.61 W, 700.00 W, 700.00 W, 1980 MHz, 2619 MHz, [N/A]
2025/11/27 05:03:06.602, 1, NVIDIA H100 80GB HBM3, P0, 93 %, 49 %, 81559 MiB, 39285 MiB, 41795 MiB, 54, 64, 446.98 W, 700.00 W, 700.00 W, 1980 MHz, 2619 MHz, [N/A]
2025/11/27 05:03:06.603, 2, NVIDIA H100 80GB HBM3, P0, 98 %, 49 %, 81559 MiB, 41157 MiB, 39923 MiB, 56, 64, 432.80 W, 700.00 W, 700.00 W, 1980 MHz, 2619 MHz, [N/A]
2025/11/27 05:03:06.604, 3, NVIDIA H100 80GB HBM3, P0, 98 %, 52 %, 81559 MiB, 39395 MiB, 41685 MiB, 48, 59, 450.33 W, 700.00 W, 700.00 W, 1980 MHz, 2619 MHz, [N/A]
2025/11/27 05:03:06.605, 4, NVIDIA H100 80GB HBM3, P0, 92 %, 52 %, 81559 MiB, 39519 MiB, 41561 MiB, 47, 56, 409.63 W, 700.00 W, 700.00 W, 1980 MHz, 2619 MHz, [N/A]
2025/11/27 05:03:06.606, 5, NVIDIA H100 80GB HBM3, P0, 98 %, 59 %, 81559 MiB, 41197 MiB, 39883 MiB, 54, 62, 424.33 W, 700.00 W, 700.00 W, 1980 MHz, 2619 MHz, [N/A]
2025/11/27 05:03:06.607, 6, NVIDIA H100 80GB HBM3, P0, 98 %, 60 %, 81559 MiB, 39851 MiB, 41229 MiB, 54, 62, 466.19 W, 700.00 W, 700.00 W, 1980 MHz, 2619 MHz, [N/A]
2025/11/27 05:03:06.608, 7, NVIDIA H100 80GB HBM3, P0, 98 %, 53 %, 81559 MiB, 39889 MiB, 41191 MiB, 49, 59, 447.93 W, 700.00 W, 700.00 W, 1980 MHz, 2619 MHz, [N/A]
2025/11/27 05:03:11.609, 0, NVIDIA H100 80GB HBM3, P0, 99 %, 75 %, 81559 MiB, 37823 MiB, 43257 MiB, 51, 60, 421.83 W, 700.00 W, 700.00 W, 1980 MHz, 2619 MHz, [N/A]
2025/11/27 05:03:11.610, 1, NVIDIA H100 80GB HBM3, P0, 97 %, 61 %, 81559 MiB, 39285 MiB, 41795 MiB, 53, 63, 406.13 W, 700.00 W, 700.00 W, 1980 MHz, 2619 MHz, [N/A]
2025/11/27 05:03:11.611, 2, NVIDIA H100 80GB HBM3, P0, 92 %, 35 %, 81559 MiB, 41157 MiB, 39923 MiB, 55, 64, 449.47 W, 700.00 W, 700.00 W, 1980 MHz, 2619 MHz, [N/A]
2025/11/27 05:03:11.611, 3, NVIDIA H100 80GB HBM3, P0, 96 %, 39 %, 81559 MiB, 39395 MiB, 41685 MiB, 48, 60, 391.05 W, 700.00 W, 700.00 W, 1980 MHz, 2619 MHz, [N/A]
2025/11/27 05:03:11.612, 4, NVIDIA H100 80GB HBM3, P0, 98 %, 67 %, 81559 MiB, 39517 MiB, 41563 MiB, 47, 56, 402.80 W, 700.00 W, 700.00 W, 1980 MHz, 2619 MHz, [N/A]
2025/11/27 05:03:11.613, 5, NVIDIA H100 80GB HBM3, P0, 69 %, 48 %, 81559 MiB, 41197 MiB, 39883 MiB, 52, 59, 427.95 W, 700.00 W, 700.00 W, 1980 MHz, 2619 MHz, [N/A]
2025/11/27 05:03:11.613, 6, NVIDIA H100 80GB HBM3, P0, 98 %, 42 %, 81559 MiB, 39851 MiB, 41229 MiB, 54, 61, 440.13 W, 700.00 W, 700.00 W, 1980 MHz, 2619 MHz, [N/A]
2025/11/27 05:03:11.614, 7, NVIDIA H100 80GB HBM3, P0, 95 %, 39 %, 81559 MiB, 39887 MiB, 41193 MiB, 49, 59, 398.61 W, 700.00 W, 700.00 W, 1980 MHz, 2619 MHz, [N/A]
2025/11/27 05:03:16.614, 0, NVIDIA H100 80GB HBM3, P0, 97 %, 51 %, 81559 MiB, 37821 MiB, 43259 MiB, 48, 61, 390.84 W, 700.00 W, 700.00 W, 1980 MHz, 2619 MHz, [N/A]
2025/11/27 05:03:16.616, 1, NVIDIA H100 80GB HBM3, P0, 100 %, 54 %, 81559 MiB, 39285 MiB, 41795 MiB, 53, 62, 398.61 W, 700.00 W, 700.00 W, 1980 MHz, 2619 MHz, [N/A]
2025/11/27 05:03:16.616, 2, NVIDIA H100 80GB HBM3, P0, 95 %, 53 %, 81559 MiB, 41155 MiB, 39925 MiB, 53, 62, 390.05 W, 700.00 W, 700.00 W, 1980 MHz, 2619 MHz, [N/A]
2025/11/27 05:03:16.617, 3, NVIDIA H100 80GB HBM3, P0, 93 %, 40 %, 81559 MiB, 39393 MiB, 41687 MiB, 45, 55, 369.26 W, 700.00 W, 700.00 W, 1980 MHz, 2619 MHz, [N/A]
2025/11/27 05:03:16.618, 4, NVIDIA H100 80GB HBM3, P0, 97 %, 71 %, 81559 MiB, 39517 MiB, 41563 MiB, 46, 55, 462.23 W, 700.00 W, 700.00 W, 1980 MHz, 2619 MHz, [N/A]
2025/11/27 05:03:16.619, 5, NVIDIA H100 80GB HBM3, P0, 93 %, 22 %, 81559 MiB, 41195 MiB, 39885 MiB, 53, 61, 397.75 W, 700.00 W, 700.00 W, 1980 MHz, 2619 MHz, [N/A]
2025/11/27 05:03:16.619, 6, NVIDIA H100 80GB HBM3, P0, 92 %, 28 %, 81559 MiB, 39849 MiB, 41231 MiB, 52, 59, 419.03 W, 700.00 W, 700.00 W, 1980 MHz, 2619 MHz, [N/A]
2025/11/27 05:03:16.620, 7, NVIDIA H100 80GB HBM3, P0, 92 %, 41 %, 81559 MiB, 39887 MiB, 41193 MiB, 46, 55, 402.97 W, 700.00 W, 700.00 W, 1980 MHz, 2619 MHz, [N/A]
2025/11/27 05:03:21.622, 0, NVIDIA H100 80GB HBM3, P0, 98 %, 20 %, 81559 MiB, 37821 MiB, 43259 MiB, 48, 57, 411.30 W, 700.00 W, 700.00 W, 1980 MHz, 2619 MHz, [N/A]
2025/11/27 05:03:21.623, 1, NVIDIA H100 80GB HBM3, P0, 94 %, 35 %, 81559 MiB, 39283 MiB, 41797 MiB, 54, 63, 408.82 W, 700.00 W, 700.00 W, 1980 MHz, 2619 MHz, [N/A]
2025/11/27 05:03:21.624, 2, NVIDIA H100 80GB HBM3, P0, 48 %, 34 %, 81559 MiB, 41155 MiB, 39925 MiB, 57, 62, 478.44 W, 700.00 W, 700.00 W, 1980 MHz, 2619 MHz, [N/A]
2025/11/27 05:03:21.625, 3, NVIDIA H100 80GB HBM3, P0, 98 %, 41 %, 81559 MiB, 39393 MiB, 41687 MiB, 45, 55, 433.18 W, 700.00 W, 700.00 W, 1980 MHz, 2619 MHz, [N/A]
2025/11/27 05:03:21.626, 4, NVIDIA H100 80GB HBM3, P0, 91 %, 42 %, 81559 MiB, 39517 MiB, 41563 MiB, 45, 53, 402.48 W, 700.00 W, 700.00 W, 1980 MHz, 2619 MHz, [N/A]
2025/11/27 05:03:21.627, 5, NVIDIA H100 80GB HBM3, P0, 98 %, 22 %, 81559 MiB, 41195 MiB, 39885 MiB, 53, 59, 417.63 W, 700.00 W, 700.00 W, 1980 MHz, 2619 MHz, [N/A]
2025/11/27 05:03:21.627, 6, NVIDIA H100 80GB HBM3, P0, 98 %, 27 %, 81559 MiB, 39849 MiB, 41231 MiB, 51, 58, 435.74 W, 700.00 W, 700.00 W, 1980 MHz, 2619 MHz, [N/A]
2025/11/27 05:03:21.628, 7, NVIDIA H100 80GB HBM3, P0, 98 %, 36 %, 81559 MiB, 39887 MiB, 41193 MiB, 46, 55, 431.15 W, 700.00 W, 700.00 W, 1980 MHz, 2619 MHz, [N/A]
2025/11/27 05:03:26.630, 0, NVIDIA H100 80GB HBM3, P0, 97 %, 53 %, 81559 MiB, 37821 MiB, 43259 MiB, 49, 60, 459.89 W, 700.00 W, 700.00 W, 1980 MHz, 2619 MHz, [N/A]
2025/11/27 05:03:26.631, 1, NVIDIA H100 80GB HBM3, P0, 93 %, 51 %, 81559 MiB, 39283 MiB, 41797 MiB, 54, 62, 453.18 W, 700.00 W, 700.00 W, 1980 MHz, 2619 MHz, [N/A]
2025/11/27 05:03:26.632, 2, NVIDIA H100 80GB HBM3, P0, 100 %, 53 %, 81559 MiB, 41155 MiB, 39925 MiB, 56, 64, 452.53 W, 700.00 W, 700.00 W, 1980 MHz, 2619 MHz, [N/A]
2025/11/27 05:03:26.633, 3, NVIDIA H100 80GB HBM3, P0, 98 %, 46 %, 81559 MiB, 39391 MiB, 41689 MiB, 47, 59, 437.36 W, 700.00 W, 700.00 W, 1980 MHz, 2619 MHz, [N/A]
2025/11/27 05:03:26.634, 4, NVIDIA H100 80GB HBM3, P0, 90 %, 58 %, 81559 MiB, 39517 MiB, 41563 MiB, 46, 56, 432.50 W, 700.00 W, 700.00 W, 1980 MHz, 2619 MHz, [N/A]
2025/11/27 05:03:26.635, 5, NVIDIA H100 80GB HBM3, P0, 98 %, 51 %, 81559 MiB, 41195 MiB, 39885 MiB, 54, 61, 456.97 W, 700.00 W, 700.00 W, 1980 MHz, 2619 MHz, [N/A]
2025/11/27 05:03:26.636, 6, NVIDIA H100 80GB HBM3, P0, 97 %, 66 %, 81559 MiB, 39849 MiB, 41231 MiB, 57, 64, 484.79 W, 700.00 W, 700.00 W, 1980 MHz, 2619 MHz, [N/A]
2025/11/27 05:03:26.637, 7, NVIDIA H100 80GB HBM3, P0, 98 %, 46 %, 81559 MiB, 39887 MiB, 41193 MiB, 49, 58, 468.44 W, 700.00 W, 700.00 W, 1980 MHz, 2619 MHz, [N/A]
2025/11/27 05:03:31.639, 0, NVIDIA H100 80GB HBM3, P0, 90 %, 54 %, 81559 MiB, 37821 MiB, 43259 MiB, 49, 59, 436.86 W, 700.00 W, 700.00 W, 1980 MHz, 2619 MHz, [N/A]
2025/11/27 05:03:31.640, 1, NVIDIA H100 80GB HBM3, P0, 96 %, 59 %, 81559 MiB, 39283 MiB, 41797 MiB, 53, 63, 426.86 W, 700.00 W, 700.00 W, 1980 MHz, 2619 MHz, [N/A]
2025/11/27 05:03:31.641, 2, NVIDIA H100 80GB HBM3, P0, 98 %, 61 %, 81559 MiB, 41155 MiB, 39925 MiB, 56, 64, 480.36 W, 700.00 W, 700.00 W, 1980 MHz, 2619 MHz, [N/A]
2025/11/27 05:03:31.642, 3, NVIDIA H100 80GB HBM3, P0, 96 %, 45 %, 81559 MiB, 39391 MiB, 41689 MiB, 47, 60, 433.73 W, 700.00 W, 700.00 W, 1980 MHz, 2619 MHz, [N/A]
2025/11/27 05:03:31.643, 4, NVIDIA H100 80GB HBM3, P0, 100 %, 62 %, 81559 MiB, 39517 MiB, 41563 MiB, 46, 56, 424.65 W, 700.00 W, 700.00 W, 1980 MHz, 2619 MHz, [N/A]
2025/11/27 05:03:31.644, 5, NVIDIA H100 80GB HBM3, P0, 98 %, 45 %, 81559 MiB, 41195 MiB, 39885 MiB, 53, 60, 442.18 W, 700.00 W, 700.00 W, 1980 MHz, 2619 MHz, [N/A]
2025/11/27 05:03:31.645, 6, NVIDIA H100 80GB HBM3, P0, 96 %, 42 %, 81559 MiB, 39849 MiB, 41231 MiB, 53, 61, 453.10 W, 700.00 W, 700.00 W, 1980 MHz, 2619 MHz, [N/A]
2025/11/27 05:03:31.645, 7, NVIDIA H100 80GB HBM3, P0, 95 %, 47 %, 81559 MiB, 39887 MiB, 41193 MiB, 50, 59, 475.81 W, 700.00 W, 700.00 W, 1980 MHz, 2619 MHz, [N/A]
2025/11/27 05:03:36.647, 0, NVIDIA H100 80GB HBM3, P0, 87 %, 61 %, 81559 MiB, 37821 MiB, 43259 MiB, 50, 61, 417.77 W, 700.00 W, 700.00 W, 1980 MHz, 2619 MHz, [N/A]
2025/11/27 05:03:36.648, 1, NVIDIA H100 80GB HBM3, P0, 98 %, 42 %, 81559 MiB, 39283 MiB, 41797 MiB, 54, 62, 415.71 W, 700.00 W, 700.00 W, 1980 MHz, 2619 MHz, [N/A]
2025/11/27 05:03:36.649, 2, NVIDIA H100 80GB HBM3, P0, 95 %, 58 %, 81559 MiB, 41155 MiB, 39925 MiB, 56, 66, 463.65 W, 700.00 W, 700.00 W, 1980 MHz, 2619 MHz, [N/A]
2025/11/27 05:03:36.650, 3, NVIDIA H100 80GB HBM3, P0, 99 %, 69 %, 81559 MiB, 39391 MiB, 41689 MiB, 50, 62, 464.21 W, 700.00 W, 700.00 W, 1980 MHz, 2619 MHz, [N/A]
2025/11/27 05:03:36.650, 4, NVIDIA H100 80GB HBM3, P0, 92 %, 46 %, 81559 MiB, 39517 MiB, 41563 MiB, 47, 57, 418.57 W, 700.00 W, 700.00 W, 1980 MHz, 2619 MHz, [N/A]
2025/11/27 05:03:36.651, 5, NVIDIA H100 80GB HBM3, P0, 100 %, 75 %, 81559 MiB, 41195 MiB, 39885 MiB, 56, 65, 509.43 W, 700.00 W, 700.00 W, 1980 MHz, 2619 MHz, [N/A]
2025/11/27 05:03:36.651, 6, NVIDIA H100 80GB HBM3, P0, 100 %, 68 %, 81559 MiB, 39847 MiB, 41233 MiB, 53, 63, 485.63 W, 700.00 W, 700.00 W, 1980 MHz, 2619 MHz, [N/A]
2025/11/27 05:03:36.652, 7, NVIDIA H100 80GB HBM3, P0, 98 %, 62 %, 81559 MiB, 39887 MiB, 41193 MiB, 50, 61, 484.94 W, 700.00 W, 700.00 W, 1980 MHz, 2619 MHz, [N/A]
2025/11/27 05:03:41.653, 0, NVIDIA H100 80GB HBM3, P0, 91 %, 61 %, 81559 MiB, 37821 MiB, 43259 MiB, 51, 61, 454.35 W, 700.00 W, 700.00 W, 1980 MHz, 2619 MHz, [N/A]
2025/11/27 05:03:41.654, 1, NVIDIA H100 80GB HBM3, P0, 97 %, 49 %, 81559 MiB, 39283 MiB, 41797 MiB, 54, 64, 422.33 W, 700.00 W, 700.00 W, 1980 MHz, 2619 MHz, [N/A]
2025/11/27 05:03:41.655, 2, NVIDIA H100 80GB HBM3, P0, 91 %, 55 %, 81559 MiB, 41155 MiB, 39925 MiB, 56, 65, 438.90 W, 700.00 W, 700.00 W, 1980 MHz, 2619 MHz, [N/A]
2025/11/27 05:03:41.656, 3, NVIDIA H100 80GB HBM3, P0, 100 %, 54 %, 81559 MiB, 39391 MiB, 41689 MiB, 47, 59, 456.11 W, 700.00 W, 700.00 W, 1980 MHz, 2619 MHz, [N/A]
2025/11/27 05:03:41.657, 4, NVIDIA H100 80GB HBM3, P0, 89 %, 58 %, 81559 MiB, 39517 MiB, 41563 MiB, 48, 58, 458.32 W, 700.00 W, 700.00 W, 1980 MHz, 2619 MHz, [N/A]
2025/11/27 05:03:41.658, 5, NVIDIA H100 80GB HBM3, P0, 100 %, 57 %, 81559 MiB, 41195 MiB, 39885 MiB, 53, 63, 449.86 W, 700.00 W, 700.00 W, 1980 MHz, 2619 MHz, [N/A]
2025/11/27 05:03:41.659, 6, NVIDIA H100 80GB HBM3, P0, 100 %, 63 %, 81559 MiB, 39847 MiB, 41233 MiB, 53, 62, 454.58 W, 700.00 W, 700.00 W, 1980 MHz, 2619 MHz, [N/A]
2025/11/27 05:03:41.660, 7, NVIDIA H100 80GB HBM3, P0, 99 %, 76 %, 81559 MiB, 39887 MiB, 41193 MiB, 52, 60, 497.70 W, 700.00 W, 700.00 W, 1980 MHz, 2619 MHz, [N/A]
2025/11/27 05:03:46.662, 0, NVIDIA H100 80GB HBM3, P0, 89 %, 63 %, 81559 MiB, 37821 MiB, 43259 MiB, 51, 61, 520.36 W, 700.00 W, 700.00 W, 1980 MHz, 2619 MHz, [N/A]
2025/11/27 05:03:46.663, 1, NVIDIA H100 80GB HBM3, P0, 98 %, 63 %, 81559 MiB, 39283 MiB, 41797 MiB, 55, 65, 544.44 W, 700.00 W, 700.00 W, 1980 MHz, 2619 MHz, [N/A]
2025/11/27 05:03:46.664, 2, NVIDIA H100 80GB HBM3, P0, 90 %, 60 %, 81559 MiB, 41155 MiB, 39925 MiB, 56, 67, 497.20 W, 700.00 W, 700.00 W, 1980 MHz, 2619 MHz, [N/A]
2025/11/27 05:03:46.665, 3, NVIDIA H100 80GB HBM3, P0, 96 %, 63 %, 81559 MiB, 39391 MiB, 41689 MiB, 48, 62, 476.57 W, 700.00 W, 700.00 W, 1980 MHz, 2619 MHz, [N/A]
2025/11/27 05:03:46.666, 4, NVIDIA H100 80GB HBM3, P0, 94 %, 64 %, 81559 MiB, 39517 MiB, 41563 MiB, 48, 57, 506.51 W, 700.00 W, 700.00 W, 1980 MHz, 2619 MHz, [N/A]
2025/11/27 05:03:46.667, 5, NVIDIA H100 80GB HBM3, P0, 92 %, 60 %, 81559 MiB, 41195 MiB, 39885 MiB, 55, 63, 476.69 W, 700.00 W, 700.00 W, 1980 MHz, 2619 MHz, [N/A]
2025/11/27 05:03:46.668, 6, NVIDIA H100 80GB HBM3, P0, 91 %, 63 %, 81559 MiB, 39847 MiB, 41233 MiB, 54, 63, 494.59 W, 700.00 W, 700.00 W, 1980 MHz, 2619 MHz, [N/A]
2025/11/27 05:03:46.669, 7, NVIDIA H100 80GB HBM3, P0, 95 %, 70 %, 81559 MiB, 39887 MiB, 41193 MiB, 50, 62, 515.22 W, 700.00 W, 700.00 W, 1980 MHz, 2619 MHz, [N/A]
2025/11/27 05:03:51.671, 0, NVIDIA H100 80GB HBM3, P0, 98 %, 65 %, 81559 MiB, 37821 MiB, 43259 MiB, 52, 64, 452.78 W, 700.00 W, 700.00 W, 1980 MHz, 2619 MHz, [N/A]
2025/11/27 05:03:51.672, 1, NVIDIA H100 80GB HBM3, P0, 94 %, 61 %, 81559 MiB, 39283 MiB, 41797 MiB, 56, 66, 472.56 W, 700.00 W, 700.00 W, 1980 MHz, 2619 MHz, [N/A]
2025/11/27 05:03:51.673, 2, NVIDIA H100 80GB HBM3, P0, 98 %, 69 %, 81559 MiB, 41155 MiB, 39925 MiB, 58, 67, 474.22 W, 700.00 W, 700.00 W, 1980 MHz, 2619 MHz, [N/A]
2025/11/27 05:03:51.675, 3, NVIDIA H100 80GB HBM3, P0, 95 %, 60 %, 81559 MiB, 39391 MiB, 41689 MiB, 51, 63, 487.68 W, 700.00 W, 700.00 W, 1980 MHz, 2619 MHz, [N/A]
2025/11/27 05:03:51.676, 4, NVIDIA H100 80GB HBM3, P0, 98 %, 62 %, 81559 MiB, 39515 MiB, 41565 MiB, 48, 59, 408.57 W, 700.00 W, 700.00 W, 1980 MHz, 2619 MHz, [N/A]
2025/11/27 05:03:51.677, 5, NVIDIA H100 80GB HBM3, P0, 98 %, 71 %, 81559 MiB, 41195 MiB, 39885 MiB, 57, 65, 461.55 W, 700.00 W, 700.00 W, 1980 MHz, 2619 MHz, [N/A]
2025/11/27 05:03:51.678, 6, NVIDIA H100 80GB HBM3, P0, 98 %, 68 %, 81559 MiB, 39847 MiB, 41233 MiB, 56, 65, 478.90 W, 700.00 W, 700.00 W, 1980 MHz, 2619 MHz, [N/A]
2025/11/27 05:03:51.680, 7, NVIDIA H100 80GB HBM3, P0, 95 %, 58 %, 81559 MiB, 39887 MiB, 41193 MiB, 51, 61, 488.30 W, 700.00 W, 700.00 W, 1980 MHz, 2619 MHz, [N/A]
2025/11/27 05:03:56.682, 0, NVIDIA H100 80GB HBM3, P0, 94 %, 64 %, 81559 MiB, 37821 MiB, 43259 MiB, 50, 63, 485.33 W, 700.00 W, 700.00 W, 1980 MHz, 2619 MHz, [N/A]
2025/11/27 05:03:56.683, 1, NVIDIA H100 80GB HBM3, P0, 92 %, 60 %, 81559 MiB, 39283 MiB, 41797 MiB, 56, 66, 508.35 W, 700.00 W, 700.00 W, 1980 MHz, 2619 MHz, [N/A]
2025/11/27 05:03:56.684, 2, NVIDIA H100 80GB HBM3, P0, 92 %, 66 %, 81559 MiB, 41155 MiB, 39925 MiB, 58, 68, 483.87 W, 700.00 W, 700.00 W, 1980 MHz, 2619 MHz, [N/A]
2025/11/27 05:03:56.685, 3, NVIDIA H100 80GB HBM3, P0, 98 %, 60 %, 81559 MiB, 39391 MiB, 41689 MiB, 49, 62, 482.71 W, 700.00 W, 700.00 W, 1980 MHz, 2619 MHz, [N/A]
2025/11/27 05:03:56.686, 4, NVIDIA H100 80GB HBM3, P0, 94 %, 70 %, 81559 MiB, 39515 MiB, 41565 MiB, 48, 58, 492.21 W, 700.00 W, 700.00 W, 1980 MHz, 2619 MHz, [N/A]
2025/11/27 05:03:56.686, 5, NVIDIA H100 80GB HBM3, P0, 100 %, 69 %, 81559 MiB, 41195 MiB, 39885 MiB, 56, 65, 550.64 W, 700.00 W, 700.00 W, 1980 MHz, 2619 MHz, [N/A]
2025/11/27 05:03:56.687, 6, NVIDIA H100 80GB HBM3, P0, 100 %, 65 %, 81559 MiB, 39847 MiB, 41233 MiB, 53, 63, 446.73 W, 700.00 W, 700.00 W, 1980 MHz, 2619 MHz, [N/A]
2025/11/27 05:03:56.688, 7, NVIDIA H100 80GB HBM3, P0, 98 %, 63 %, 81559 MiB, 39887 MiB, 41193 MiB, 51, 59, 491.09 W, 700.00 W, 700.00 W, 1980 MHz, 2619 MHz, [N/A]
2025/11/27 05:04:01.690, 0, NVIDIA H100 80GB HBM3, P0, 1 %, 0 %, 81559 MiB, 80900 MiB, 180 MiB, 43, 51, 129.98 W, 700.00 W, 700.00 W, 1980 MHz, 2619 MHz, [N/A]
2025/11/27 05:04:01.889, 1, NVIDIA H100 80GB HBM3, P0, 0 %, 0 %, 81559 MiB, 39283 MiB, 41797 MiB, 48, 54, 134.18 W, 700.00 W, 700.00 W, 1980 MHz, 2619 MHz, [N/A]
2025/11/27 05:04:01.890, 2, NVIDIA H100 80GB HBM3, P0, 0 %, 0 %, 81559 MiB, 80836 MiB, 244 MiB, 50, 57, 143.16 W, 700.00 W, 700.00 W, 1980 MHz, 2619 MHz, [N/A]
2025/11/27 05:04:01.891, 3, NVIDIA H100 80GB HBM3, P0, 0 %, 0 %, 81559 MiB, 81076 MiB, 4 MiB, 42, 51, 128.56 W, 700.00 W, 700.00 W, 1980 MHz, 2619 MHz, [N/A]
2025/11/27 05:04:01.892, 4, NVIDIA H100 80GB HBM3, P0, 62 %, 10 %, 81559 MiB, 81076 MiB, 4 MiB, 40, 47, 126.86 W, 700.00 W, 700.00 W, 1980 MHz, 2619 MHz, [N/A]
2025/11/27 05:04:01.892, 5, NVIDIA H100 80GB HBM3, P0, 0 %, 0 %, 81559 MiB, 81076 MiB, 4 MiB, 48, 54, 135.99 W, 700.00 W, 700.00 W, 1980 MHz, 2619 MHz, [N/A]
2025/11/27 05:04:01.893, 6, NVIDIA H100 80GB HBM3, P0, 0 %, 0 %, 81559 MiB, 81076 MiB, 4 MiB, 47, 54, 132.17 W, 700.00 W, 700.00 W, 1980 MHz, 2619 MHz, [N/A]
2025/11/27 05:04:01.894, 7, NVIDIA H100 80GB HBM3, P0, 0 %, 0 %, 81559 MiB, 81076 MiB, 4 MiB, 43, 49, 129.22 W, 700.00 W, 700.00 W, 1980 MHz, 2619 MHz, [N/A]
2025/11/27 05:04:06.896, 0, NVIDIA H100 80GB HBM3, P0, 0 %, 0 %, 81559 MiB, 81080 MiB, 0 MiB, 39, 48, 72.10 W, 700.00 W, 700.00 W, 345 MHz, 2619 MHz, [N/A]
2025/11/27 05:04:06.897, 1, NVIDIA H100 80GB HBM3, P0, 0 %, 0 %, 81559 MiB, 81080 MiB, 0 MiB, 45, 52, 75.19 W, 700.00 W, 700.00 W, 345 MHz, 2619 MHz, [N/A]
2025/11/27 05:04:06.898, 2, NVIDIA H100 80GB HBM3, P0, 0 %, 0 %, 81559 MiB, 81080 MiB, 0 MiB, 46, 54, 79.72 W, 700.00 W, 700.00 W, 345 MHz, 2619 MHz, [N/A]
2025/11/27 05:04:06.899, 3, NVIDIA H100 80GB HBM3, P0, 0 %, 0 %, 81559 MiB, 81080 MiB, 0 MiB, 38, 47, 72.57 W, 700.00 W, 700.00 W, 345 MHz, 2619 MHz, [N/A]
2025/11/27 05:04:06.900, 4, NVIDIA H100 80GB HBM3, P0, 0 %, 0 %, 81559 MiB, 81080 MiB, 0 MiB, 37, 45, 71.53 W, 700.00 W, 700.00 W, 345 MHz, 2619 MHz, [N/A]
2025/11/27 05:04:06.901, 5, NVIDIA H100 80GB HBM3, P0, 0 %, 0 %, 81559 MiB, 81080 MiB, 0 MiB, 44, 51, 74.57 W, 700.00 W, 700.00 W, 345 MHz, 2619 MHz, [N/A]
2025/11/27 05:04:06.902, 6, NVIDIA H100 80GB HBM3, P0, 0 %, 0 %, 81559 MiB, 81080 MiB, 0 MiB, 43, 51, 72.51 W, 700.00 W, 700.00 W, 345 MHz, 2619 MHz, [N/A]
2025/11/27 05:04:06.902, 7, NVIDIA H100 80GB HBM3, P0, 0 %, 0 %, 81559 MiB, 81080 MiB, 0 MiB, 39, 47, 71.99 W, 700.00 W, 700.00 W, 345 MHz, 2619 MHz, [N/A]
2025/11/27 05:04:11.903, 0, NVIDIA H100 80GB HBM3, P0, 0 %, 0 %, 81559 MiB, 81080 MiB, 0 MiB, 38, 47, 71.90 W, 700.00 W, 700.00 W, 345 MHz, 2619 MHz, [N/A]
2025/11/27 05:04:11.905, 1, NVIDIA H100 80GB HBM3, P0, 0 %, 0 %, 81559 MiB, 81080 MiB, 0 MiB, 44, 52, 74.97 W, 700.00 W, 700.00 W, 345 MHz, 2619 MHz, [N/A]
2025/11/27 05:04:11.906, 2, NVIDIA H100 80GB HBM3, P0, 0 %, 0 %, 81559 MiB, 81080 MiB, 0 MiB, 44, 52, 78.82 W, 700.00 W, 700.00 W, 345 MHz, 2619 MHz, [N/A]
2025/11/27 05:04:11.907, 3, NVIDIA H100 80GB HBM3, P0, 0 %, 0 %, 81559 MiB, 81080 MiB, 0 MiB, 37, 47, 72.21 W, 700.00 W, 700.00 W, 345 MHz, 2619 MHz, [N/A]
2025/11/27 05:04:11.908, 4, NVIDIA H100 80GB HBM3, P0, 0 %, 0 %, 81559 MiB, 81080 MiB, 0 MiB, 36, 43, 71.22 W, 700.00 W, 700.00 W, 345 MHz, 2619 MHz, [N/A]
2025/11/27 05:04:11.908, 5, NVIDIA H100 80GB HBM3, P0, 0 %, 0 %, 81559 MiB, 81080 MiB, 0 MiB, 43, 50, 74.08 W, 700.00 W, 700.00 W, 345 MHz, 2619 MHz, [N/A]
2025/11/27 05:04:11.909, 6, NVIDIA H100 80GB HBM3, P0, 0 %, 0 %, 81559 MiB, 81080 MiB, 0 MiB, 42, 50, 71.96 W, 700.00 W, 700.00 W, 345 MHz, 2619 MHz, [N/A]
2025/11/27 05:04:11.910, 7, NVIDIA H100 80GB HBM3, P0, 0 %, 0 %, 81559 MiB, 81080 MiB, 0 MiB, 38, 45, 71.63 W, 700.00 W, 700.00 W, 345 MHz, 2619 MHz, [N/A]
2025/11/27 05:04:16.911, 0, NVIDIA H100 80GB HBM3, P0, 0 %, 0 %, 81559 MiB, 81080 MiB, 0 MiB, 37, 45, 71.57 W, 700.00 W, 700.00 W, 345 MHz, 2619 MHz, [N/A]
2025/11/27 05:04:16.912, 1, NVIDIA H100 80GB HBM3, P0, 0 %, 0 %, 81559 MiB, 81080 MiB, 0 MiB, 42, 51, 74.36 W, 700.00 W, 700.00 W, 345 MHz, 2619 MHz, [N/A]
2025/11/27 05:04:16.914, 2, NVIDIA H100 80GB HBM3, P0, 0 %, 0 %, 81559 MiB, 81080 MiB, 0 MiB, 43, 50, 78.14 W, 700.00 W, 700.00 W, 345 MHz, 2619 MHz, [N/A]
2025/11/27 05:04:16.915, 3, NVIDIA H100 80GB HBM3, P0, 0 %, 0 %, 81559 MiB, 81080 MiB, 0 MiB, 36, 45, 71.96 W, 700.00 W, 700.00 W, 345 MHz, 2619 MHz, [N/A]
2025/11/27 05:04:16.916, 4, NVIDIA H100 80GB HBM3, P0, 0 %, 0 %, 81559 MiB, 81080 MiB, 0 MiB, 35, 43, 70.97 W, 700.00 W, 700.00 W, 345 MHz, 2619 MHz, [N/A]
2025/11/27 05:04:16.916, 5, NVIDIA H100 80GB HBM3, P0, 0 %, 0 %, 81559 MiB, 81080 MiB, 0 MiB, 42, 49, 73.86 W, 700.00 W, 700.00 W, 345 MHz, 2619 MHz, [N/A]
2025/11/27 05:04:16.917, 6, NVIDIA H100 80GB HBM3, P0, 0 %, 0 %, 81559 MiB, 81080 MiB, 0 MiB, 41, 49, 71.82 W, 700.00 W, 700.00 W, 345 MHz, 2619 MHz, [N/A]
2025/11/27 05:04:16.918, 7, NVIDIA H100 80GB HBM3, P0, 0 %, 0 %, 81559 MiB, 81080 MiB, 0 MiB, 37, 45, 71.35 W, 700.00 W, 700.00 W, 345 MHz, 2619 MHz, [N/A]
2025/11/27 05:04:21.920, 0, NVIDIA H100 80GB HBM3, P0, 0 %, 0 %, 81559 MiB, 81080 MiB, 0 MiB, 36, 45, 71.29 W, 700.00 W, 700.00 W, 345 MHz, 2619 MHz, [N/A]
2025/11/27 05:04:21.921, 1, NVIDIA H100 80GB HBM3, P0, 0 %, 0 %, 81559 MiB, 81080 MiB, 0 MiB, 41, 50, 74.01 W, 700.00 W, 700.00 W, 345 MHz, 2619 MHz, [N/A]
2025/11/27 05:04:21.922, 2, NVIDIA H100 80GB HBM3, P0, 0 %, 0 %, 81559 MiB, 81080 MiB, 0 MiB, 42, 50, 77.77 W, 700.00 W, 700.00 W, 345 MHz, 2619 MHz, [N/A]
2025/11/27 05:04:21.923, 3, NVIDIA H100 80GB HBM3, P0, 0 %, 0 %, 81559 MiB, 81080 MiB, 0 MiB, 35, 45, 71.84 W, 700.00 W, 700.00 W, 345 MHz, 2619 MHz, [N/A]
2025/11/27 05:04:21.924, 4, NVIDIA H100 80GB HBM3, P0, 0 %, 0 %, 81559 MiB, 81080 MiB, 0 MiB, 34, 41, 70.76 W, 700.00 W, 700.00 W, 345 MHz, 2619 MHz, [N/A]
2025/11/27 05:04:21.925, 5, NVIDIA H100 80GB HBM3, P0, 0 %, 0 %, 81559 MiB, 81080 MiB, 0 MiB, 41, 47, 73.42 W, 700.00 W, 700.00 W, 345 MHz, 2619 MHz, [N/A]
2025/11/27 05:04:21.925, 6, NVIDIA H100 80GB HBM3, P0, 0 %, 0 %, 81559 MiB, 81080 MiB, 0 MiB, 40, 48, 71.49 W, 700.00 W, 700.00 W, 345 MHz, 2619 MHz, [N/A]
2025/11/27 05:04:21.926, 7, NVIDIA H100 80GB HBM3, P0, 0 %, 0 %, 81559 MiB, 81080 MiB, 0 MiB, 36, 45, 71.06 W, 700.00 W, 700.00 W, 345 MHz, 2619 MHz, [N/A]
