/home/ubuntu/miniconda3/envs/distributed/lib/python3.10/site-packages/transformers/utils/hub.py:110: FutureWarning: Using `TRANSFORMERS_CACHE` is deprecated and will be removed in v5 of Transformers. Use `HF_HOME` instead.
  warnings.warn(
/home/ubuntu/miniconda3/envs/distributed/lib/python3.10/site-packages/transformers/utils/hub.py:110: FutureWarning: Using `TRANSFORMERS_CACHE` is deprecated and will be removed in v5 of Transformers. Use `HF_HOME` instead.
  warnings.warn(
/home/ubuntu/miniconda3/envs/distributed/lib/python3.10/site-packages/transformers/utils/hub.py:110: FutureWarning: Using `TRANSFORMERS_CACHE` is deprecated and will be removed in v5 of Transformers. Use `HF_HOME` instead.
  warnings.warn(
/home/ubuntu/miniconda3/envs/distributed/lib/python3.10/site-packages/transformers/utils/hub.py:110: FutureWarning: Using `TRANSFORMERS_CACHE` is deprecated and will be removed in v5 of Transformers. Use `HF_HOME` instead.
  warnings.warn(
/home/ubuntu/miniconda3/envs/distributed/lib/python3.10/site-packages/transformers/utils/hub.py:110: FutureWarning: Using `TRANSFORMERS_CACHE` is deprecated and will be removed in v5 of Transformers. Use `HF_HOME` instead.
  warnings.warn(
/home/ubuntu/miniconda3/envs/distributed/lib/python3.10/site-packages/transformers/utils/hub.py:110: FutureWarning: Using `TRANSFORMERS_CACHE` is deprecated and will be removed in v5 of Transformers. Use `HF_HOME` instead.
  warnings.warn(
/home/ubuntu/miniconda3/envs/distributed/lib/python3.10/site-packages/transformers/utils/hub.py:110: FutureWarning: Using `TRANSFORMERS_CACHE` is deprecated and will be removed in v5 of Transformers. Use `HF_HOME` instead.
  warnings.warn(
/home/ubuntu/miniconda3/envs/distributed/lib/python3.10/site-packages/transformers/utils/hub.py:110: FutureWarning: Using `TRANSFORMERS_CACHE` is deprecated and will be removed in v5 of Transformers. Use `HF_HOME` instead.
  warnings.warn(
/home/ubuntu/miniconda3/envs/distributed/lib/python3.10/site-packages/transformers/utils/hub.py:110: FutureWarning: Using `TRANSFORMERS_CACHE` is deprecated and will be removed in v5 of Transformers. Use `HF_HOME` instead.
  warnings.warn(
[Gloo] Rank 6 is connected to 7 peer ranks. Expected number of connected peer ranks is : 7
[Gloo] Rank 5 is connected to 7 peer ranks. Expected number of connected peer ranks is : 7
[Gloo] Rank 4 is connected to 7 peer ranks. Expected number of connected peer ranks is : 7
[Gloo] Rank 0 is connected to 7 peer ranks. Expected number of connected peer ranks is : 7
[Gloo] Rank 2 is connected to 7 peer ranks. Expected number of connected peer ranks is : 7
[Gloo] Rank 1 is connected to 7 peer ranks. Expected number of connected peer ranks is : 7
[Gloo] Rank 3 is connected to 7 peer ranks. Expected number of connected peer ranks is : 7
[Gloo] Rank 7 is connected to 7 peer ranks. Expected number of connected peer ranks is : 7
This prints only on the main process!
CUDA available: True
GPU count: 8
BF16 supported: True
CUDA_DEVICES: 0,1,2,3,4,5,6,7
CONFIG_FILE: examples/ALI/accelerate_configs/fsdp1.yaml
TRAIN_SCRIPT: examples/ALI/scripts/train_ft_sft_main10.py
PROJECT_NAME: phd_fsdp1_8_bs_4_3b
n_GPUs: 8
loading configuration file config.json from cache at /home/ubuntu/.cache/huggingface/transformers/models--meta-llama--Llama-3.2-3B-Instruct/snapshots/0cb88a4f764b7a12671c53f0838cd831a0843b95/config.json
Model config LlamaConfig {
  "architectures": [
    "LlamaForCausalLM"
  ],
  "attention_bias": false,
  "attention_dropout": 0.0,
  "bos_token_id": 128000,
  "dtype": "bfloat16",
  "eos_token_id": [
    128001,
    128008,
    128009
  ],
  "head_dim": 128,
  "hidden_act": "silu",
  "hidden_size": 3072,
  "initializer_range": 0.02,
  "intermediate_size": 8192,
  "max_position_embeddings": 131072,
  "mlp_bias": false,
  "model_type": "llama",
  "num_attention_heads": 24,
  "num_hidden_layers": 28,
  "num_key_value_heads": 8,
  "pretraining_tp": 1,
  "rms_norm_eps": 1e-05,
  "rope_scaling": {
    "factor": 32.0,
    "high_freq_factor": 4.0,
    "low_freq_factor": 1.0,
    "original_max_position_embeddings": 8192,
    "rope_type": "llama3"
  },
  "rope_theta": 500000.0,
  "tie_word_embeddings": true,
  "transformers_version": "4.57.3",
  "use_cache": true,
  "vocab_size": 128256
}

loading weights file model.safetensors from cache at /home/ubuntu/.cache/huggingface/transformers/models--meta-llama--Llama-3.2-3B-Instruct/snapshots/0cb88a4f764b7a12671c53f0838cd831a0843b95/model.safetensors.index.json
Generate config GenerationConfig {
  "bos_token_id": 128000,
  "eos_token_id": [
    128001,
    128008,
    128009
  ]
}

loading configuration file config.json from cache at /home/ubuntu/.cache/huggingface/transformers/models--meta-llama--Llama-3.2-3B-Instruct/snapshots/0cb88a4f764b7a12671c53f0838cd831a0843b95/config.json
loading configuration file config.json from cache at /home/ubuntu/.cache/huggingface/transformers/models--meta-llama--Llama-3.2-3B-Instruct/snapshots/0cb88a4f764b7a12671c53f0838cd831a0843b95/config.json
Model config LlamaConfig {
  "architectures": [
    "LlamaForCausalLM"
  ],
  "attention_bias": false,
  "attention_dropout": 0.0,
  "bos_token_id": 128000,
  "dtype": "bfloat16",
  "eos_token_id": [
    128001,
    128008,
    128009
  ],
  "head_dim": 128,
  "hidden_act": "silu",
  "hidden_size": 3072,
  "initializer_range": 0.02,
  "intermediate_size": 8192,
  "max_position_embeddings": 131072,
  "mlp_bias": false,
  "model_type": "llama",
  "num_attention_heads": 24,
  "num_hidden_layers": 28,
  "num_key_value_heads": 8,
  "pretraining_tp": 1,
  "rms_norm_eps": 1e-05,
  "rope_scaling": {
    "factor": 32.0,
    "high_freq_factor": 4.0,
    "low_freq_factor": 1.0,
    "original_max_position_embeddings": 8192,
    "rope_type": "llama3"
  },
  "rope_theta": 500000.0,
  "tie_word_embeddings": true,
  "transformers_version": "4.57.3",
  "use_cache": true,
  "vocab_size": 128256
}

Model config LlamaConfig {
  "architectures": [
    "LlamaForCausalLM"
  ],
  "attention_bias": false,
  "attention_dropout": 0.0,
  "bos_token_id": 128000,
  "dtype": "bfloat16",
  "eos_token_id": [
    128001,
    128008,
    128009
  ],
  "head_dim": 128,
  "hidden_act": "silu",
  "hidden_size": 3072,
  "initializer_range": 0.02,
  "intermediate_size": 8192,
  "max_position_embeddings": 131072,
  "mlp_bias": false,
  "model_type": "llama",
  "num_attention_heads": 24,
  "num_hidden_layers": 28,
  "num_key_value_heads": 8,
  "pretraining_tp": 1,
  "rms_norm_eps": 1e-05,
  "rope_scaling": {
    "factor": 32.0,
    "high_freq_factor": 4.0,
    "low_freq_factor": 1.0,
    "original_max_position_embeddings": 8192,
    "rope_type": "llama3"
  },
  "rope_theta": 500000.0,
  "tie_word_embeddings": true,
  "transformers_version": "4.57.3",
  "use_cache": true,
  "vocab_size": 128256
}

loading configuration file config.json from cache at /home/ubuntu/.cache/huggingface/transformers/models--meta-llama--Llama-3.2-3B-Instruct/snapshots/0cb88a4f764b7a12671c53f0838cd831a0843b95/config.json
loading weights file model.safetensors from cache at /home/ubuntu/.cache/huggingface/transformers/models--meta-llama--Llama-3.2-3B-Instruct/snapshots/0cb88a4f764b7a12671c53f0838cd831a0843b95/model.safetensors.index.json
Model config LlamaConfig {
  "architectures": [
    "LlamaForCausalLM"
  ],
  "attention_bias": false,
  "attention_dropout": 0.0,
  "bos_token_id": 128000,
  "dtype": "bfloat16",
  "eos_token_id": [
    128001,
    128008,
    128009
  ],
  "head_dim": 128,
  "hidden_act": "silu",
  "hidden_size": 3072,
  "initializer_range": 0.02,
  "intermediate_size": 8192,
  "max_position_embeddings": 131072,
  "mlp_bias": false,
  "model_type": "llama",
  "num_attention_heads": 24,
  "num_hidden_layers": 28,
  "num_key_value_heads": 8,
  "pretraining_tp": 1,
  "rms_norm_eps": 1e-05,
  "rope_scaling": {
    "factor": 32.0,
    "high_freq_factor": 4.0,
    "low_freq_factor": 1.0,
    "original_max_position_embeddings": 8192,
    "rope_type": "llama3"
  },
  "rope_theta": 500000.0,
  "tie_word_embeddings": true,
  "transformers_version": "4.57.3",
  "use_cache": true,
  "vocab_size": 128256
}

Generate config GenerationConfig {
  "bos_token_id": 128000,
  "eos_token_id": [
    128001,
    128008,
    128009
  ]
}

loading weights file model.safetensors from cache at /home/ubuntu/.cache/huggingface/transformers/models--meta-llama--Llama-3.2-3B-Instruct/snapshots/0cb88a4f764b7a12671c53f0838cd831a0843b95/model.safetensors.index.json
Generate config GenerationConfig {
  "bos_token_id": 128000,
  "eos_token_id": [
    128001,
    128008,
    128009
  ]
}

loading weights file model.safetensors from cache at /home/ubuntu/.cache/huggingface/transformers/models--meta-llama--Llama-3.2-3B-Instruct/snapshots/0cb88a4f764b7a12671c53f0838cd831a0843b95/model.safetensors.index.json
loading configuration file config.json from cache at /home/ubuntu/.cache/huggingface/transformers/models--meta-llama--Llama-3.2-3B-Instruct/snapshots/0cb88a4f764b7a12671c53f0838cd831a0843b95/config.json
Generate config GenerationConfig {
  "bos_token_id": 128000,
  "eos_token_id": [
    128001,
    128008,
    128009
  ]
}

Model config LlamaConfig {
  "architectures": [
    "LlamaForCausalLM"
  ],
  "attention_bias": false,
  "attention_dropout": 0.0,
  "bos_token_id": 128000,
  "dtype": "bfloat16",
  "eos_token_id": [
    128001,
    128008,
    128009
  ],
  "head_dim": 128,
  "hidden_act": "silu",
  "hidden_size": 3072,
  "initializer_range": 0.02,
  "intermediate_size": 8192,
  "max_position_embeddings": 131072,
  "mlp_bias": false,
  "model_type": "llama",
  "num_attention_heads": 24,
  "num_hidden_layers": 28,
  "num_key_value_heads": 8,
  "pretraining_tp": 1,
  "rms_norm_eps": 1e-05,
  "rope_scaling": {
    "factor": 32.0,
    "high_freq_factor": 4.0,
    "low_freq_factor": 1.0,
    "original_max_position_embeddings": 8192,
    "rope_type": "llama3"
  },
  "rope_theta": 500000.0,
  "tie_word_embeddings": true,
  "transformers_version": "4.57.3",
  "use_cache": true,
  "vocab_size": 128256
}

loading weights file model.safetensors from cache at /home/ubuntu/.cache/huggingface/transformers/models--meta-llama--Llama-3.2-3B-Instruct/snapshots/0cb88a4f764b7a12671c53f0838cd831a0843b95/model.safetensors.index.json
Generate config GenerationConfig {
  "bos_token_id": 128000,
  "eos_token_id": [
    128001,
    128008,
    128009
  ]
}

Loading checkpoint shards:   0%|          | 0/2 [00:00<?, ?it/s]loading configuration file config.json from cache at /home/ubuntu/.cache/huggingface/transformers/models--meta-llama--Llama-3.2-3B-Instruct/snapshots/0cb88a4f764b7a12671c53f0838cd831a0843b95/config.json
Model config LlamaConfig {
  "architectures": [
    "LlamaForCausalLM"
  ],
  "attention_bias": false,
  "attention_dropout": 0.0,
  "bos_token_id": 128000,
  "dtype": "bfloat16",
  "eos_token_id": [
    128001,
    128008,
    128009
  ],
  "head_dim": 128,
  "hidden_act": "silu",
  "hidden_size": 3072,
  "initializer_range": 0.02,
  "intermediate_size": 8192,
  "max_position_embeddings": 131072,
  "mlp_bias": false,
  "model_type": "llama",
  "num_attention_heads": 24,
  "num_hidden_layers": 28,
  "num_key_value_heads": 8,
  "pretraining_tp": 1,
  "rms_norm_eps": 1e-05,
  "rope_scaling": {
    "factor": 32.0,
    "high_freq_factor": 4.0,
    "low_freq_factor": 1.0,
    "original_max_position_embeddings": 8192,
    "rope_type": "llama3"
  },
  "rope_theta": 500000.0,
  "tie_word_embeddings": true,
  "transformers_version": "4.57.3",
  "use_cache": true,
  "vocab_size": 128256
}

loading weights file model.safetensors from cache at /home/ubuntu/.cache/huggingface/transformers/models--meta-llama--Llama-3.2-3B-Instruct/snapshots/0cb88a4f764b7a12671c53f0838cd831a0843b95/model.safetensors.index.json
Generate config GenerationConfig {
  "bos_token_id": 128000,
  "eos_token_id": [
    128001,
    128008,
    128009
  ]
}

loading configuration file config.json from cache at /home/ubuntu/.cache/huggingface/transformers/models--meta-llama--Llama-3.2-3B-Instruct/snapshots/0cb88a4f764b7a12671c53f0838cd831a0843b95/config.json
Loading checkpoint shards:   0%|          | 0/2 [00:00<?, ?it/s]Loading checkpoint shards: 100%|██████████| 2/2 [00:00<00:00, 1087.03it/s]
Model config LlamaConfig {
  "architectures": [
    "LlamaForCausalLM"
  ],
  "attention_bias": false,
  "attention_dropout": 0.0,
  "bos_token_id": 128000,
  "dtype": "bfloat16",
  "eos_token_id": [
    128001,
    128008,
    128009
  ],
  "head_dim": 128,
  "hidden_act": "silu",
  "hidden_size": 3072,
  "initializer_range": 0.02,
  "intermediate_size": 8192,
  "max_position_embeddings": 131072,
  "mlp_bias": false,
  "model_type": "llama",
  "num_attention_heads": 24,
  "num_hidden_layers": 28,
  "num_key_value_heads": 8,
  "pretraining_tp": 1,
  "rms_norm_eps": 1e-05,
  "rope_scaling": {
    "factor": 32.0,
    "high_freq_factor": 4.0,
    "low_freq_factor": 1.0,
    "original_max_position_embeddings": 8192,
    "rope_type": "llama3"
  },
  "rope_theta": 500000.0,
  "tie_word_embeddings": true,
  "transformers_version": "4.57.3",
  "use_cache": true,
  "vocab_size": 128256
}

loading configuration file config.json from cache at /home/ubuntu/.cache/huggingface/transformers/models--meta-llama--Llama-3.2-3B-Instruct/snapshots/0cb88a4f764b7a12671c53f0838cd831a0843b95/config.json
Model config LlamaConfig {
  "architectures": [
    "LlamaForCausalLM"
  ],
  "attention_bias": false,
  "attention_dropout": 0.0,
  "bos_token_id": 128000,
  "dtype": "bfloat16",
  "eos_token_id": [
    128001,
    128008,
    128009
  ],
  "head_dim": 128,
  "hidden_act": "silu",
  "hidden_size": 3072,
  "initializer_range": 0.02,
  "intermediate_size": 8192,
  "max_position_embeddings": 131072,
  "mlp_bias": false,
  "model_type": "llama",
  "num_attention_heads": 24,
  "num_hidden_layers": 28,
  "num_key_value_heads": 8,
  "pretraining_tp": 1,
  "rms_norm_eps": 1e-05,
  "rope_scaling": {
    "factor": 32.0,
    "high_freq_factor": 4.0,
    "low_freq_factor": 1.0,
    "original_max_position_embeddings": 8192,
    "rope_type": "llama3"
  },
  "rope_theta": 500000.0,
  "tie_word_embeddings": true,
  "transformers_version": "4.57.3",
  "use_cache": true,
  "vocab_size": 128256
}

loading weights file model.safetensors from cache at /home/ubuntu/.cache/huggingface/transformers/models--meta-llama--Llama-3.2-3B-Instruct/snapshots/0cb88a4f764b7a12671c53f0838cd831a0843b95/model.safetensors.index.json
loading weights file model.safetensors from cache at /home/ubuntu/.cache/huggingface/transformers/models--meta-llama--Llama-3.2-3B-Instruct/snapshots/0cb88a4f764b7a12671c53f0838cd831a0843b95/model.safetensors.index.json
Generate config GenerationConfig {
  "bos_token_id": 128000,
  "eos_token_id": [
    128001,
    128008,
    128009
  ]
}

Generate config GenerationConfig {
  "bos_token_id": 128000,
  "eos_token_id": [
    128001,
    128008,
    128009
  ]
}

Loading checkpoint shards:   0%|          | 0/2 [00:00<?, ?it/s]Loading checkpoint shards: 100%|██████████| 2/2 [00:00<00:00, 984.23it/s]
Loading checkpoint shards:   0%|          | 0/2 [00:00<?, ?it/s]Loading checkpoint shards: 100%|██████████| 2/2 [00:00<00:00, 1577.10it/s]
Loading checkpoint shards:   0%|          | 0/2 [00:00<?, ?it/s]Loading checkpoint shards: 100%|██████████| 2/2 [00:00<00:00, 1037.81it/s]
Loading checkpoint shards:   0%|          | 0/2 [00:00<?, ?it/s]Loading checkpoint shards: 100%|██████████| 2/2 [00:00<00:00, 630.39it/s]
Loading checkpoint shards:   0%|          | 0/2 [00:00<?, ?it/s]loading configuration file generation_config.json from cache at /home/ubuntu/.cache/huggingface/transformers/models--meta-llama--Llama-3.2-3B-Instruct/snapshots/0cb88a4f764b7a12671c53f0838cd831a0843b95/generation_config.json
Generate config GenerationConfig {
  "bos_token_id": 128000,
  "do_sample": true,
  "eos_token_id": [
    128001,
    128008,
    128009
  ],
  "temperature": 0.6,
  "top_p": 0.9
}

Loading checkpoint shards: 100%|██████████| 2/2 [00:00<00:00, 1112.10it/s]
loading configuration file generation_config.json from cache at /home/ubuntu/.cache/huggingface/transformers/models--meta-llama--Llama-3.2-3B-Instruct/snapshots/0cb88a4f764b7a12671c53f0838cd831a0843b95/generation_config.json
Generate config GenerationConfig {
  "bos_token_id": 128000,
  "do_sample": true,
  "eos_token_id": [
    128001,
    128008,
    128009
  ],
  "temperature": 0.6,
  "top_p": 0.9
}

loading configuration file generation_config.json from cache at /home/ubuntu/.cache/huggingface/transformers/models--meta-llama--Llama-3.2-3B-Instruct/snapshots/0cb88a4f764b7a12671c53f0838cd831a0843b95/generation_config.json
Generate config GenerationConfig {
  "bos_token_id": 128000,
  "do_sample": true,
  "eos_token_id": [
    128001,
    128008,
    128009
  ],
  "temperature": 0.6,
  "top_p": 0.9
}

Loading checkpoint shards:   0%|          | 0/2 [00:00<?, ?it/s]Loading checkpoint shards: 100%|██████████| 2/2 [00:00<00:00, 1068.48it/s]
loading configuration file generation_config.json from cache at /home/ubuntu/.cache/huggingface/transformers/models--meta-llama--Llama-3.2-3B-Instruct/snapshots/0cb88a4f764b7a12671c53f0838cd831a0843b95/generation_config.json
Generate config GenerationConfig {
  "bos_token_id": 128000,
  "do_sample": true,
  "eos_token_id": [
    128001,
    128008,
    128009
  ],
  "temperature": 0.6,
  "top_p": 0.9
}

loading configuration file generation_config.json from cache at /home/ubuntu/.cache/huggingface/transformers/models--meta-llama--Llama-3.2-3B-Instruct/snapshots/0cb88a4f764b7a12671c53f0838cd831a0843b95/generation_config.json
Generate config GenerationConfig {
  "bos_token_id": 128000,
  "do_sample": true,
  "eos_token_id": [
    128001,
    128008,
    128009
  ],
  "temperature": 0.6,
  "top_p": 0.9
}

Could not locate the custom_generate/generate.py inside meta-llama/Llama-3.2-3B-Instruct.
loading configuration file generation_config.json from cache at /home/ubuntu/.cache/huggingface/transformers/models--meta-llama--Llama-3.2-3B-Instruct/snapshots/0cb88a4f764b7a12671c53f0838cd831a0843b95/generation_config.json
Generate config GenerationConfig {
  "bos_token_id": 128000,
  "do_sample": true,
  "eos_token_id": [
    128001,
    128008,
    128009
  ],
  "temperature": 0.6,
  "top_p": 0.9
}

Could not locate the custom_generate/generate.py inside meta-llama/Llama-3.2-3B-Instruct.
Could not locate the custom_generate/generate.py inside meta-llama/Llama-3.2-3B-Instruct.
loading configuration file generation_config.json from cache at /home/ubuntu/.cache/huggingface/transformers/models--meta-llama--Llama-3.2-3B-Instruct/snapshots/0cb88a4f764b7a12671c53f0838cd831a0843b95/generation_config.json
Generate config GenerationConfig {
  "bos_token_id": 128000,
  "do_sample": true,
  "eos_token_id": [
    128001,
    128008,
    128009
  ],
  "temperature": 0.6,
  "top_p": 0.9
}

Could not locate the custom_generate/generate.py inside meta-llama/Llama-3.2-3B-Instruct.
Could not locate the custom_generate/generate.py inside meta-llama/Llama-3.2-3B-Instruct.
Could not locate the custom_generate/generate.py inside meta-llama/Llama-3.2-3B-Instruct.
Could not locate the custom_generate/generate.py inside meta-llama/Llama-3.2-3B-Instruct.
PyTorch: setting up devices
PyTorch: setting up devices
PyTorch: setting up devices
PyTorch: setting up devices
PyTorch: setting up devices
PyTorch: setting up devices
PyTorch: setting up devices
The default value for the training argument `--report_to` will change in v5 (from all installed integrations to none). In v5, you will need to use `--report_to all` to get the same behavior as now. You should start updating your code and make this info disappear :-).
The default value for the training argument `--report_to` will change in v5 (from all installed integrations to none). In v5, you will need to use `--report_to all` to get the same behavior as now. You should start updating your code and make this info disappear :-).
The default value for the training argument `--report_to` will change in v5 (from all installed integrations to none). In v5, you will need to use `--report_to all` to get the same behavior as now. You should start updating your code and make this info disappear :-).
The default value for the training argument `--report_to` will change in v5 (from all installed integrations to none). In v5, you will need to use `--report_to all` to get the same behavior as now. You should start updating your code and make this info disappear :-).
The default value for the training argument `--report_to` will change in v5 (from all installed integrations to none). In v5, you will need to use `--report_to all` to get the same behavior as now. You should start updating your code and make this info disappear :-).
The default value for the training argument `--report_to` will change in v5 (from all installed integrations to none). In v5, you will need to use `--report_to all` to get the same behavior as now. You should start updating your code and make this info disappear :-).
The default value for the training argument `--report_to` will change in v5 (from all installed integrations to none). In v5, you will need to use `--report_to all` to get the same behavior as now. You should start updating your code and make this info disappear :-).
loading configuration file config.json from cache at /home/ubuntu/.cache/huggingface/transformers/models--meta-llama--Llama-3.2-3B-Instruct/snapshots/0cb88a4f764b7a12671c53f0838cd831a0843b95/config.json
Model config LlamaConfig {
  "architectures": [
    "LlamaForCausalLM"
  ],
  "attention_bias": false,
  "attention_dropout": 0.0,
  "bos_token_id": 128000,
  "dtype": "bfloat16",
  "eos_token_id": [
    128001,
    128008,
    128009
  ],
  "head_dim": 128,
  "hidden_act": "silu",
  "hidden_size": 3072,
  "initializer_range": 0.02,
  "intermediate_size": 8192,
  "max_position_embeddings": 131072,
  "mlp_bias": false,
  "model_type": "llama",
  "num_attention_heads": 24,
  "num_hidden_layers": 28,
  "num_key_value_heads": 8,
  "pretraining_tp": 1,
  "rms_norm_eps": 1e-05,
  "rope_scaling": {
    "factor": 32.0,
    "high_freq_factor": 4.0,
    "low_freq_factor": 1.0,
    "original_max_position_embeddings": 8192,
    "rope_type": "llama3"
  },
  "rope_theta": 500000.0,
  "tie_word_embeddings": true,
  "transformers_version": "4.57.3",
  "use_cache": true,
  "vocab_size": 128256
}

loading configuration file config.json from cache at /home/ubuntu/.cache/huggingface/transformers/models--meta-llama--Llama-3.2-3B-Instruct/snapshots/0cb88a4f764b7a12671c53f0838cd831a0843b95/config.json
Model config LlamaConfig {
  "architectures": [
    "LlamaForCausalLM"
  ],
  "attention_bias": false,
  "attention_dropout": 0.0,
  "bos_token_id": 128000,
  "dtype": "bfloat16",
  "eos_token_id": [
    128001,
    128008,
    128009
  ],
  "head_dim": 128,
  "hidden_act": "silu",
  "hidden_size": 3072,
  "initializer_range": 0.02,
  "intermediate_size": 8192,
  "max_position_embeddings": 131072,
  "mlp_bias": false,
  "model_type": "llama",
  "num_attention_heads": 24,
  "num_hidden_layers": 28,
  "num_key_value_heads": 8,
  "pretraining_tp": 1,
  "rms_norm_eps": 1e-05,
  "rope_scaling": {
    "factor": 32.0,
    "high_freq_factor": 4.0,
    "low_freq_factor": 1.0,
    "original_max_position_embeddings": 8192,
    "rope_type": "llama3"
  },
  "rope_theta": 500000.0,
  "tie_word_embeddings": true,
  "transformers_version": "4.57.3",
  "use_cache": true,
  "vocab_size": 128256
}

loading configuration file config.json from cache at /home/ubuntu/.cache/huggingface/transformers/models--meta-llama--Llama-3.2-3B-Instruct/snapshots/0cb88a4f764b7a12671c53f0838cd831a0843b95/config.json
Model config LlamaConfig {
  "architectures": [
    "LlamaForCausalLM"
  ],
  "attention_bias": false,
  "attention_dropout": 0.0,
  "bos_token_id": 128000,
  "dtype": "bfloat16",
  "eos_token_id": [
    128001,
    128008,
    128009
  ],
  "head_dim": 128,
  "hidden_act": "silu",
  "hidden_size": 3072,
  "initializer_range": 0.02,
  "intermediate_size": 8192,
  "max_position_embeddings": 131072,
  "mlp_bias": false,
  "model_type": "llama",
  "num_attention_heads": 24,
  "num_hidden_layers": 28,
  "num_key_value_heads": 8,
  "pretraining_tp": 1,
  "rms_norm_eps": 1e-05,
  "rope_scaling": {
    "factor": 32.0,
    "high_freq_factor": 4.0,
    "low_freq_factor": 1.0,
    "original_max_position_embeddings": 8192,
    "rope_type": "llama3"
  },
  "rope_theta": 500000.0,
  "tie_word_embeddings": true,
  "transformers_version": "4.57.3",
  "use_cache": true,
  "vocab_size": 128256
}

loading configuration file config.json from cache at /home/ubuntu/.cache/huggingface/transformers/models--meta-llama--Llama-3.2-3B-Instruct/snapshots/0cb88a4f764b7a12671c53f0838cd831a0843b95/config.json
Model config LlamaConfig {
  "architectures": [
    "LlamaForCausalLM"
  ],
  "attention_bias": false,
  "attention_dropout": 0.0,
  "bos_token_id": 128000,
  "dtype": "bfloat16",
  "eos_token_id": [
    128001,
    128008,
    128009
  ],
  "head_dim": 128,
  "hidden_act": "silu",
  "hidden_size": 3072,
  "initializer_range": 0.02,
  "intermediate_size": 8192,
  "max_position_embeddings": 131072,
  "mlp_bias": false,
  "model_type": "llama",
  "num_attention_heads": 24,
  "num_hidden_layers": 28,
  "num_key_value_heads": 8,
  "pretraining_tp": 1,
  "rms_norm_eps": 1e-05,
  "rope_scaling": {
    "factor": 32.0,
    "high_freq_factor": 4.0,
    "low_freq_factor": 1.0,
    "original_max_position_embeddings": 8192,
    "rope_type": "llama3"
  },
  "rope_theta": 500000.0,
  "tie_word_embeddings": true,
  "transformers_version": "4.57.3",
  "use_cache": true,
  "vocab_size": 128256
}

loading configuration file config.json from cache at /home/ubuntu/.cache/huggingface/transformers/models--meta-llama--Llama-3.2-3B-Instruct/snapshots/0cb88a4f764b7a12671c53f0838cd831a0843b95/config.json
Model config LlamaConfig {
  "architectures": [
    "LlamaForCausalLM"
  ],
  "attention_bias": false,
  "attention_dropout": 0.0,
  "bos_token_id": 128000,
  "dtype": "bfloat16",
  "eos_token_id": [
    128001,
    128008,
    128009
  ],
  "head_dim": 128,
  "hidden_act": "silu",
  "hidden_size": 3072,
  "initializer_range": 0.02,
  "intermediate_size": 8192,
  "max_position_embeddings": 131072,
  "mlp_bias": false,
  "model_type": "llama",
  "num_attention_heads": 24,
  "num_hidden_layers": 28,
  "num_key_value_heads": 8,
  "pretraining_tp": 1,
  "rms_norm_eps": 1e-05,
  "rope_scaling": {
    "factor": 32.0,
    "high_freq_factor": 4.0,
    "low_freq_factor": 1.0,
    "original_max_position_embeddings": 8192,
    "rope_type": "llama3"
  },
  "rope_theta": 500000.0,
  "tie_word_embeddings": true,
  "transformers_version": "4.57.3",
  "use_cache": true,
  "vocab_size": 128256
}

loading configuration file config.json from cache at /home/ubuntu/.cache/huggingface/transformers/models--meta-llama--Llama-3.2-3B-Instruct/snapshots/0cb88a4f764b7a12671c53f0838cd831a0843b95/config.json
Model config LlamaConfig {
  "architectures": [
    "LlamaForCausalLM"
  ],
  "attention_bias": false,
  "attention_dropout": 0.0,
  "bos_token_id": 128000,
  "dtype": "bfloat16",
  "eos_token_id": [
    128001,
    128008,
    128009
  ],
  "head_dim": 128,
  "hidden_act": "silu",
  "hidden_size": 3072,
  "initializer_range": 0.02,
  "intermediate_size": 8192,
  "max_position_embeddings": 131072,
  "mlp_bias": false,
  "model_type": "llama",
  "num_attention_heads": 24,
  "num_hidden_layers": 28,
  "num_key_value_heads": 8,
  "pretraining_tp": 1,
  "rms_norm_eps": 1e-05,
  "rope_scaling": {
    "factor": 32.0,
    "high_freq_factor": 4.0,
    "low_freq_factor": 1.0,
    "original_max_position_embeddings": 8192,
    "rope_type": "llama3"
  },
  "rope_theta": 500000.0,
  "tie_word_embeddings": true,
  "transformers_version": "4.57.3",
  "use_cache": true,
  "vocab_size": 128256
}

loading configuration file config.json from cache at /home/ubuntu/.cache/huggingface/transformers/models--meta-llama--Llama-3.2-3B-Instruct/snapshots/0cb88a4f764b7a12671c53f0838cd831a0843b95/config.json
Model config LlamaConfig {
  "architectures": [
    "LlamaForCausalLM"
  ],
  "attention_bias": false,
  "attention_dropout": 0.0,
  "bos_token_id": 128000,
  "dtype": "bfloat16",
  "eos_token_id": [
    128001,
    128008,
    128009
  ],
  "head_dim": 128,
  "hidden_act": "silu",
  "hidden_size": 3072,
  "initializer_range": 0.02,
  "intermediate_size": 8192,
  "max_position_embeddings": 131072,
  "mlp_bias": false,
  "model_type": "llama",
  "num_attention_heads": 24,
  "num_hidden_layers": 28,
  "num_key_value_heads": 8,
  "pretraining_tp": 1,
  "rms_norm_eps": 1e-05,
  "rope_scaling": {
    "factor": 32.0,
    "high_freq_factor": 4.0,
    "low_freq_factor": 1.0,
    "original_max_position_embeddings": 8192,
    "rope_type": "llama3"
  },
  "rope_theta": 500000.0,
  "tie_word_embeddings": true,
  "transformers_version": "4.57.3",
  "use_cache": true,
  "vocab_size": 128256
}

loading file tokenizer.json from cache at /home/ubuntu/.cache/huggingface/transformers/models--meta-llama--Llama-3.2-3B-Instruct/snapshots/0cb88a4f764b7a12671c53f0838cd831a0843b95/tokenizer.json
loading file tokenizer.model from cache at None
loading file added_tokens.json from cache at None
loading file special_tokens_map.json from cache at /home/ubuntu/.cache/huggingface/transformers/models--meta-llama--Llama-3.2-3B-Instruct/snapshots/0cb88a4f764b7a12671c53f0838cd831a0843b95/special_tokens_map.json
loading file tokenizer_config.json from cache at /home/ubuntu/.cache/huggingface/transformers/models--meta-llama--Llama-3.2-3B-Instruct/snapshots/0cb88a4f764b7a12671c53f0838cd831a0843b95/tokenizer_config.json
loading file chat_template.jinja from cache at None
loading file tokenizer.json from cache at /home/ubuntu/.cache/huggingface/transformers/models--meta-llama--Llama-3.2-3B-Instruct/snapshots/0cb88a4f764b7a12671c53f0838cd831a0843b95/tokenizer.json
loading file tokenizer.model from cache at None
loading file added_tokens.json from cache at None
loading file special_tokens_map.json from cache at /home/ubuntu/.cache/huggingface/transformers/models--meta-llama--Llama-3.2-3B-Instruct/snapshots/0cb88a4f764b7a12671c53f0838cd831a0843b95/special_tokens_map.json
loading file tokenizer_config.json from cache at /home/ubuntu/.cache/huggingface/transformers/models--meta-llama--Llama-3.2-3B-Instruct/snapshots/0cb88a4f764b7a12671c53f0838cd831a0843b95/tokenizer_config.json
loading file chat_template.jinja from cache at None
loading file tokenizer.json from cache at /home/ubuntu/.cache/huggingface/transformers/models--meta-llama--Llama-3.2-3B-Instruct/snapshots/0cb88a4f764b7a12671c53f0838cd831a0843b95/tokenizer.json
loading file tokenizer.model from cache at None
loading file added_tokens.json from cache at None
loading file special_tokens_map.json from cache at /home/ubuntu/.cache/huggingface/transformers/models--meta-llama--Llama-3.2-3B-Instruct/snapshots/0cb88a4f764b7a12671c53f0838cd831a0843b95/special_tokens_map.json
loading file tokenizer_config.json from cache at /home/ubuntu/.cache/huggingface/transformers/models--meta-llama--Llama-3.2-3B-Instruct/snapshots/0cb88a4f764b7a12671c53f0838cd831a0843b95/tokenizer_config.json
loading file chat_template.jinja from cache at None
loading file tokenizer.json from cache at /home/ubuntu/.cache/huggingface/transformers/models--meta-llama--Llama-3.2-3B-Instruct/snapshots/0cb88a4f764b7a12671c53f0838cd831a0843b95/tokenizer.json
loading file tokenizer.model from cache at None
loading file added_tokens.json from cache at None
loading file special_tokens_map.json from cache at /home/ubuntu/.cache/huggingface/transformers/models--meta-llama--Llama-3.2-3B-Instruct/snapshots/0cb88a4f764b7a12671c53f0838cd831a0843b95/special_tokens_map.json
loading file tokenizer_config.json from cache at /home/ubuntu/.cache/huggingface/transformers/models--meta-llama--Llama-3.2-3B-Instruct/snapshots/0cb88a4f764b7a12671c53f0838cd831a0843b95/tokenizer_config.json
loading file chat_template.jinja from cache at None
loading file tokenizer.json from cache at /home/ubuntu/.cache/huggingface/transformers/models--meta-llama--Llama-3.2-3B-Instruct/snapshots/0cb88a4f764b7a12671c53f0838cd831a0843b95/tokenizer.json
loading file tokenizer.model from cache at None
loading file added_tokens.json from cache at None
loading file special_tokens_map.json from cache at /home/ubuntu/.cache/huggingface/transformers/models--meta-llama--Llama-3.2-3B-Instruct/snapshots/0cb88a4f764b7a12671c53f0838cd831a0843b95/special_tokens_map.json
loading file tokenizer_config.json from cache at /home/ubuntu/.cache/huggingface/transformers/models--meta-llama--Llama-3.2-3B-Instruct/snapshots/0cb88a4f764b7a12671c53f0838cd831a0843b95/tokenizer_config.json
loading file chat_template.jinja from cache at None
loading file tokenizer.json from cache at /home/ubuntu/.cache/huggingface/transformers/models--meta-llama--Llama-3.2-3B-Instruct/snapshots/0cb88a4f764b7a12671c53f0838cd831a0843b95/tokenizer.json
loading file tokenizer.model from cache at None
loading file added_tokens.json from cache at None
loading file special_tokens_map.json from cache at /home/ubuntu/.cache/huggingface/transformers/models--meta-llama--Llama-3.2-3B-Instruct/snapshots/0cb88a4f764b7a12671c53f0838cd831a0843b95/special_tokens_map.json
loading file tokenizer_config.json from cache at /home/ubuntu/.cache/huggingface/transformers/models--meta-llama--Llama-3.2-3B-Instruct/snapshots/0cb88a4f764b7a12671c53f0838cd831a0843b95/tokenizer_config.json
loading file chat_template.jinja from cache at None
loading file tokenizer.json from cache at /home/ubuntu/.cache/huggingface/transformers/models--meta-llama--Llama-3.2-3B-Instruct/snapshots/0cb88a4f764b7a12671c53f0838cd831a0843b95/tokenizer.json
loading file tokenizer.model from cache at None
loading file added_tokens.json from cache at None
loading file special_tokens_map.json from cache at /home/ubuntu/.cache/huggingface/transformers/models--meta-llama--Llama-3.2-3B-Instruct/snapshots/0cb88a4f764b7a12671c53f0838cd831a0843b95/special_tokens_map.json
loading file tokenizer_config.json from cache at /home/ubuntu/.cache/huggingface/transformers/models--meta-llama--Llama-3.2-3B-Instruct/snapshots/0cb88a4f764b7a12671c53f0838cd831a0843b95/tokenizer_config.json
loading file chat_template.jinja from cache at None
Special tokens have been added in the vocabulary, make sure the associated word embeddings are fine-tuned or trained.
Special tokens have been added in the vocabulary, make sure the associated word embeddings are fine-tuned or trained.
Special tokens have been added in the vocabulary, make sure the associated word embeddings are fine-tuned or trained.
Special tokens have been added in the vocabulary, make sure the associated word embeddings are fine-tuned or trained.
Special tokens have been added in the vocabulary, make sure the associated word embeddings are fine-tuned or trained.
Special tokens have been added in the vocabulary, make sure the associated word embeddings are fine-tuned or trained.
loading file tokenizer.json from cache at /home/ubuntu/.cache/huggingface/transformers/models--meta-llama--Llama-3.2-3B-Instruct/snapshots/0cb88a4f764b7a12671c53f0838cd831a0843b95/tokenizer.json
loading file tokenizer.model from cache at None
loading file added_tokens.json from cache at None
loading file special_tokens_map.json from cache at /home/ubuntu/.cache/huggingface/transformers/models--meta-llama--Llama-3.2-3B-Instruct/snapshots/0cb88a4f764b7a12671c53f0838cd831a0843b95/special_tokens_map.json
loading file tokenizer_config.json from cache at /home/ubuntu/.cache/huggingface/transformers/models--meta-llama--Llama-3.2-3B-Instruct/snapshots/0cb88a4f764b7a12671c53f0838cd831a0843b95/tokenizer_config.json
loading file chat_template.jinja from cache at None
Special tokens have been added in the vocabulary, make sure the associated word embeddings are fine-tuned or trained.
loading file tokenizer.json from cache at /home/ubuntu/.cache/huggingface/transformers/models--meta-llama--Llama-3.2-3B-Instruct/snapshots/0cb88a4f764b7a12671c53f0838cd831a0843b95/tokenizer.json
loading file tokenizer.model from cache at None
loading file added_tokens.json from cache at None
loading file special_tokens_map.json from cache at /home/ubuntu/.cache/huggingface/transformers/models--meta-llama--Llama-3.2-3B-Instruct/snapshots/0cb88a4f764b7a12671c53f0838cd831a0843b95/special_tokens_map.json
loading file tokenizer_config.json from cache at /home/ubuntu/.cache/huggingface/transformers/models--meta-llama--Llama-3.2-3B-Instruct/snapshots/0cb88a4f764b7a12671c53f0838cd831a0843b95/tokenizer_config.json
loading file chat_template.jinja from cache at None
loading file tokenizer.json from cache at /home/ubuntu/.cache/huggingface/transformers/models--meta-llama--Llama-3.2-3B-Instruct/snapshots/0cb88a4f764b7a12671c53f0838cd831a0843b95/tokenizer.json
loading file tokenizer.model from cache at None
loading file added_tokens.json from cache at None
loading file special_tokens_map.json from cache at /home/ubuntu/.cache/huggingface/transformers/models--meta-llama--Llama-3.2-3B-Instruct/snapshots/0cb88a4f764b7a12671c53f0838cd831a0843b95/special_tokens_map.json
loading file tokenizer_config.json from cache at /home/ubuntu/.cache/huggingface/transformers/models--meta-llama--Llama-3.2-3B-Instruct/snapshots/0cb88a4f764b7a12671c53f0838cd831a0843b95/tokenizer_config.json
loading file chat_template.jinja from cache at None
loading file tokenizer.json from cache at /home/ubuntu/.cache/huggingface/transformers/models--meta-llama--Llama-3.2-3B-Instruct/snapshots/0cb88a4f764b7a12671c53f0838cd831a0843b95/tokenizer.json
loading file tokenizer.model from cache at None
loading file added_tokens.json from cache at None
loading file special_tokens_map.json from cache at /home/ubuntu/.cache/huggingface/transformers/models--meta-llama--Llama-3.2-3B-Instruct/snapshots/0cb88a4f764b7a12671c53f0838cd831a0843b95/special_tokens_map.json
loading file tokenizer_config.json from cache at /home/ubuntu/.cache/huggingface/transformers/models--meta-llama--Llama-3.2-3B-Instruct/snapshots/0cb88a4f764b7a12671c53f0838cd831a0843b95/tokenizer_config.json
loading file chat_template.jinja from cache at None
loading file tokenizer.json from cache at /home/ubuntu/.cache/huggingface/transformers/models--meta-llama--Llama-3.2-3B-Instruct/snapshots/0cb88a4f764b7a12671c53f0838cd831a0843b95/tokenizer.json
loading file tokenizer.model from cache at None
loading file added_tokens.json from cache at None
loading file special_tokens_map.json from cache at /home/ubuntu/.cache/huggingface/transformers/models--meta-llama--Llama-3.2-3B-Instruct/snapshots/0cb88a4f764b7a12671c53f0838cd831a0843b95/special_tokens_map.json
loading file tokenizer_config.json from cache at /home/ubuntu/.cache/huggingface/transformers/models--meta-llama--Llama-3.2-3B-Instruct/snapshots/0cb88a4f764b7a12671c53f0838cd831a0843b95/tokenizer_config.json
loading file chat_template.jinja from cache at None
loading file tokenizer.json from cache at /home/ubuntu/.cache/huggingface/transformers/models--meta-llama--Llama-3.2-3B-Instruct/snapshots/0cb88a4f764b7a12671c53f0838cd831a0843b95/tokenizer.json
loading file tokenizer.model from cache at None
loading file added_tokens.json from cache at None
loading file special_tokens_map.json from cache at /home/ubuntu/.cache/huggingface/transformers/models--meta-llama--Llama-3.2-3B-Instruct/snapshots/0cb88a4f764b7a12671c53f0838cd831a0843b95/special_tokens_map.json
loading file tokenizer_config.json from cache at /home/ubuntu/.cache/huggingface/transformers/models--meta-llama--Llama-3.2-3B-Instruct/snapshots/0cb88a4f764b7a12671c53f0838cd831a0843b95/tokenizer_config.json
loading file chat_template.jinja from cache at None
Special tokens have been added in the vocabulary, make sure the associated word embeddings are fine-tuned or trained.
loading file tokenizer.json from cache at /home/ubuntu/.cache/huggingface/transformers/models--meta-llama--Llama-3.2-3B-Instruct/snapshots/0cb88a4f764b7a12671c53f0838cd831a0843b95/tokenizer.json
loading file tokenizer.model from cache at None
loading file added_tokens.json from cache at None
loading file special_tokens_map.json from cache at /home/ubuntu/.cache/huggingface/transformers/models--meta-llama--Llama-3.2-3B-Instruct/snapshots/0cb88a4f764b7a12671c53f0838cd831a0843b95/special_tokens_map.json
loading file tokenizer_config.json from cache at /home/ubuntu/.cache/huggingface/transformers/models--meta-llama--Llama-3.2-3B-Instruct/snapshots/0cb88a4f764b7a12671c53f0838cd831a0843b95/tokenizer_config.json
loading file chat_template.jinja from cache at None
Special tokens have been added in the vocabulary, make sure the associated word embeddings are fine-tuned or trained.
Special tokens have been added in the vocabulary, make sure the associated word embeddings are fine-tuned or trained.
Special tokens have been added in the vocabulary, make sure the associated word embeddings are fine-tuned or trained.
Special tokens have been added in the vocabulary, make sure the associated word embeddings are fine-tuned or trained.
Special tokens have been added in the vocabulary, make sure the associated word embeddings are fine-tuned or trained.
Special tokens have been added in the vocabulary, make sure the associated word embeddings are fine-tuned or trained.
Loading checkpoint shards:  50%|█████     | 1/2 [00:04<00:04,  4.13s/it]Loading checkpoint shards: 100%|██████████| 2/2 [00:05<00:00,  2.61s/it]Loading checkpoint shards: 100%|██████████| 2/2 [00:05<00:00,  2.84s/it]
loading configuration file generation_config.json from cache at /home/ubuntu/.cache/huggingface/transformers/models--meta-llama--Llama-3.2-3B-Instruct/snapshots/0cb88a4f764b7a12671c53f0838cd831a0843b95/generation_config.json
Generate config GenerationConfig {
  "bos_token_id": 128000,
  "do_sample": true,
  "eos_token_id": [
    128001,
    128008,
    128009
  ],
  "temperature": 0.6,
  "top_p": 0.9
}

Could not locate the custom_generate/generate.py inside meta-llama/Llama-3.2-3B-Instruct.
length of dataset: 3200
{'messages': [{'content': 'Give three tips for staying healthy.', 'role': 'user'}, {'content': '1.Eat a balanced diet and make sure to include plenty of fruits and vegetables. \n2. Exercise regularly to keep your body active and strong. \n3. Get enough sleep and maintain a consistent sleep schedule.', 'role': 'assistant'}]}
phd_fsdp1_8_bs_4_3b_nvitop.log has been deleted.

Time Start

2025-11-27 03:48:17.209676
PyTorch: setting up devices
The default value for the training argument `--report_to` will change in v5 (from all installed integrations to none). In v5, you will need to use `--report_to all` to get the same behavior as now. You should start updating your code and make this info disappear :-).
loading configuration file config.json from cache at /home/ubuntu/.cache/huggingface/transformers/models--meta-llama--Llama-3.2-3B-Instruct/snapshots/0cb88a4f764b7a12671c53f0838cd831a0843b95/config.json
Model config LlamaConfig {
  "architectures": [
    "LlamaForCausalLM"
  ],
  "attention_bias": false,
  "attention_dropout": 0.0,
  "bos_token_id": 128000,
  "dtype": "bfloat16",
  "eos_token_id": [
    128001,
    128008,
    128009
  ],
  "head_dim": 128,
  "hidden_act": "silu",
  "hidden_size": 3072,
  "initializer_range": 0.02,
  "intermediate_size": 8192,
  "max_position_embeddings": 131072,
  "mlp_bias": false,
  "model_type": "llama",
  "num_attention_heads": 24,
  "num_hidden_layers": 28,
  "num_key_value_heads": 8,
  "pretraining_tp": 1,
  "rms_norm_eps": 1e-05,
  "rope_scaling": {
    "factor": 32.0,
    "high_freq_factor": 4.0,
    "low_freq_factor": 1.0,
    "original_max_position_embeddings": 8192,
    "rope_type": "llama3"
  },
  "rope_theta": 500000.0,
  "tie_word_embeddings": true,
  "transformers_version": "4.57.3",
  "use_cache": true,
  "vocab_size": 128256
}

loading file tokenizer.json from cache at /home/ubuntu/.cache/huggingface/transformers/models--meta-llama--Llama-3.2-3B-Instruct/snapshots/0cb88a4f764b7a12671c53f0838cd831a0843b95/tokenizer.json
loading file tokenizer.model from cache at None
loading file added_tokens.json from cache at None
loading file special_tokens_map.json from cache at /home/ubuntu/.cache/huggingface/transformers/models--meta-llama--Llama-3.2-3B-Instruct/snapshots/0cb88a4f764b7a12671c53f0838cd831a0843b95/special_tokens_map.json
loading file tokenizer_config.json from cache at /home/ubuntu/.cache/huggingface/transformers/models--meta-llama--Llama-3.2-3B-Instruct/snapshots/0cb88a4f764b7a12671c53f0838cd831a0843b95/tokenizer_config.json
loading file chat_template.jinja from cache at None
Special tokens have been added in the vocabulary, make sure the associated word embeddings are fine-tuned or trained.
loading file tokenizer.json from cache at /home/ubuntu/.cache/huggingface/transformers/models--meta-llama--Llama-3.2-3B-Instruct/snapshots/0cb88a4f764b7a12671c53f0838cd831a0843b95/tokenizer.json
loading file tokenizer.model from cache at None
loading file added_tokens.json from cache at None
loading file special_tokens_map.json from cache at /home/ubuntu/.cache/huggingface/transformers/models--meta-llama--Llama-3.2-3B-Instruct/snapshots/0cb88a4f764b7a12671c53f0838cd831a0843b95/special_tokens_map.json
loading file tokenizer_config.json from cache at /home/ubuntu/.cache/huggingface/transformers/models--meta-llama--Llama-3.2-3B-Instruct/snapshots/0cb88a4f764b7a12671c53f0838cd831a0843b95/tokenizer_config.json
loading file chat_template.jinja from cache at None
Special tokens have been added in the vocabulary, make sure the associated word embeddings are fine-tuned or trained.
furious-puma-1:116996:116996 [0] NCCL INFO cudaDriverVersion 13000
furious-puma-1:117002:117002 [6] NCCL INFO cudaDriverVersion 13000
furious-puma-1:117000:117000 [4] NCCL INFO cudaDriverVersion 13000
furious-puma-1:116997:116997 [1] NCCL INFO cudaDriverVersion 13000
furious-puma-1:116998:116998 [2] NCCL INFO cudaDriverVersion 13000
furious-puma-1:117001:117001 [5] NCCL INFO cudaDriverVersion 13000
furious-puma-1:117003:117003 [7] NCCL INFO cudaDriverVersion 13000
furious-puma-1:116999:116999 [3] NCCL INFO cudaDriverVersion 13000
furious-puma-1:116996:116996 [0] NCCL INFO NCCL version 2.27.7+cuda13.0
furious-puma-1:117001:117001 [5] NCCL INFO NCCL version 2.27.7+cuda13.0
furious-puma-1:117002:117002 [6] NCCL INFO NCCL version 2.27.7+cuda13.0
furious-puma-1:116999:116999 [3] NCCL INFO NCCL version 2.27.7+cuda13.0
furious-puma-1:117003:117003 [7] NCCL INFO NCCL version 2.27.7+cuda13.0
furious-puma-1:117000:117000 [4] NCCL INFO NCCL version 2.27.7+cuda13.0
furious-puma-1:116997:116997 [1] NCCL INFO NCCL version 2.27.7+cuda13.0
furious-puma-1:116998:116998 [2] NCCL INFO NCCL version 2.27.7+cuda13.0
furious-puma-1:117000:117524 [4] NCCL INFO NET/Plugin: Could not find: libnccl-net.so. 
furious-puma-1:116998:117525 [2] NCCL INFO NET/Plugin: Could not find: libnccl-net.so. 
furious-puma-1:117000:117524 [4] NCCL INFO NET/IB : Using [0]mlx5_0:1/IB [1]mlx5_1:1/IB [2]mlx5_2:1/IB [3]mlx5_3:1/IB [4]mlx5_4:1/IB [5]mlx5_5:1/IB [6]mlx5_6:1/IB [7]mlx5_7:1/IB [RO]; OOB enp4s0:10.234.129.102<0>
furious-puma-1:117000:117524 [4] NCCL INFO Initialized NET plugin IB
furious-puma-1:117000:117524 [4] NCCL INFO Assigned NET plugin IB to comm
furious-puma-1:117000:117524 [4] NCCL INFO Using network IB
furious-puma-1:116998:117525 [2] NCCL INFO NET/IB : Using [0]mlx5_0:1/IB [1]mlx5_1:1/IB [2]mlx5_2:1/IB [3]mlx5_3:1/IB [4]mlx5_4:1/IB [5]mlx5_5:1/IB [6]mlx5_6:1/IB [7]mlx5_7:1/IB [RO]; OOB enp4s0:10.234.129.102<0>
furious-puma-1:116998:117525 [2] NCCL INFO Initialized NET plugin IB
furious-puma-1:116998:117525 [2] NCCL INFO Assigned NET plugin IB to comm
furious-puma-1:116998:117525 [2] NCCL INFO Using network IB
furious-puma-1:117001:117522 [5] NCCL INFO NET/Plugin: Could not find: libnccl-net.so. 
furious-puma-1:116997:117523 [1] NCCL INFO NET/Plugin: Could not find: libnccl-net.so. 
furious-puma-1:117003:117520 [7] NCCL INFO NET/Plugin: Could not find: libnccl-net.so. 
furious-puma-1:116999:117521 [3] NCCL INFO NET/Plugin: Could not find: libnccl-net.so. 
furious-puma-1:117001:117522 [5] NCCL INFO NET/IB : Using [0]mlx5_0:1/IB [1]mlx5_1:1/IB [2]mlx5_2:1/IB [3]mlx5_3:1/IB [4]mlx5_4:1/IB [5]mlx5_5:1/IB [6]mlx5_6:1/IB [7]mlx5_7:1/IB [RO]; OOB enp4s0:10.234.129.102<0>
furious-puma-1:117001:117522 [5] NCCL INFO Initialized NET plugin IB
furious-puma-1:116997:117523 [1] NCCL INFO NET/IB : Using [0]mlx5_0:1/IB [1]mlx5_1:1/IB [2]mlx5_2:1/IB [3]mlx5_3:1/IB [4]mlx5_4:1/IB [5]mlx5_5:1/IB [6]mlx5_6:1/IB [7]mlx5_7:1/IB [RO]; OOB enp4s0:10.234.129.102<0>
furious-puma-1:116997:117523 [1] NCCL INFO Initialized NET plugin IB
furious-puma-1:117001:117522 [5] NCCL INFO Assigned NET plugin IB to comm
furious-puma-1:117001:117522 [5] NCCL INFO Using network IB
furious-puma-1:116997:117523 [1] NCCL INFO Assigned NET plugin IB to comm
furious-puma-1:116997:117523 [1] NCCL INFO Using network IB
furious-puma-1:117003:117520 [7] NCCL INFO NET/IB : Using [0]mlx5_0:1/IB [1]mlx5_1:1/IB [2]mlx5_2:1/IB [3]mlx5_3:1/IB [4]mlx5_4:1/IB [5]mlx5_5:1/IB [6]mlx5_6:1/IB [7]mlx5_7:1/IB [RO]; OOB enp4s0:10.234.129.102<0>
furious-puma-1:117003:117520 [7] NCCL INFO Initialized NET plugin IB
furious-puma-1:117003:117520 [7] NCCL INFO Assigned NET plugin IB to comm
furious-puma-1:117003:117520 [7] NCCL INFO Using network IB
furious-puma-1:116999:117521 [3] NCCL INFO NET/IB : Using [0]mlx5_0:1/IB [1]mlx5_1:1/IB [2]mlx5_2:1/IB [3]mlx5_3:1/IB [4]mlx5_4:1/IB [5]mlx5_5:1/IB [6]mlx5_6:1/IB [7]mlx5_7:1/IB [RO]; OOB enp4s0:10.234.129.102<0>
furious-puma-1:116999:117521 [3] NCCL INFO Initialized NET plugin IB
furious-puma-1:116999:117521 [3] NCCL INFO Assigned NET plugin IB to comm
furious-puma-1:116999:117521 [3] NCCL INFO Using network IB
furious-puma-1:117000:117524 [4] NCCL INFO DMA-BUF is available on GPU device 4
furious-puma-1:117000:117524 [4] NCCL INFO ncclCommInitRankConfig comm 0x699509a0 rank 4 nranks 8 cudaDev 4 nvmlDev 4 busId bf000 commId 0x43ae194e7dc00ed5 - Init START
furious-puma-1:116998:117525 [2] NCCL INFO DMA-BUF is available on GPU device 2
furious-puma-1:116998:117525 [2] NCCL INFO ncclCommInitRankConfig comm 0x3bad5620 rank 2 nranks 8 cudaDev 2 nvmlDev 2 busId 9f000 commId 0x43ae194e7dc00ed5 - Init START
furious-puma-1:116997:117523 [1] NCCL INFO DMA-BUF is available on GPU device 1
furious-puma-1:116997:117523 [1] NCCL INFO ncclCommInitRankConfig comm 0x4b64b3d0 rank 1 nranks 8 cudaDev 1 nvmlDev 1 busId 8f000 commId 0x43ae194e7dc00ed5 - Init START
furious-puma-1:116996:117518 [0] NCCL INFO NET/Plugin: Could not find: libnccl-net.so. 
furious-puma-1:117002:117519 [6] NCCL INFO NET/Plugin: Could not find: libnccl-net.so. 
furious-puma-1:117001:117522 [5] NCCL INFO DMA-BUF is available on GPU device 5
furious-puma-1:116999:117521 [3] NCCL INFO DMA-BUF is available on GPU device 3
furious-puma-1:117001:117522 [5] NCCL INFO ncclCommInitRankConfig comm 0x6f1e5540 rank 5 nranks 8 cudaDev 5 nvmlDev 5 busId cf000 commId 0x43ae194e7dc00ed5 - Init START
furious-puma-1:116999:117521 [3] NCCL INFO ncclCommInitRankConfig comm 0x69d39bf0 rank 3 nranks 8 cudaDev 3 nvmlDev 3 busId af000 commId 0x43ae194e7dc00ed5 - Init START
furious-puma-1:117003:117520 [7] NCCL INFO DMA-BUF is available on GPU device 7
furious-puma-1:117003:117520 [7] NCCL INFO ncclCommInitRankConfig comm 0x40b266b0 rank 7 nranks 8 cudaDev 7 nvmlDev 7 busId ef000 commId 0x43ae194e7dc00ed5 - Init START
furious-puma-1:116999:117521 [3] NCCL INFO RAS client listening socket at 127.0.0.1<28028>
furious-puma-1:117000:117524 [4] NCCL INFO RAS client listening socket at 127.0.0.1<28028>
furious-puma-1:116998:117525 [2] NCCL INFO RAS client listening socket at 127.0.0.1<28028>
furious-puma-1:116996:117518 [0] NCCL INFO NET/IB : Using [0]mlx5_0:1/IB [1]mlx5_1:1/IB [2]mlx5_2:1/IB [3]mlx5_3:1/IB [4]mlx5_4:1/IB [5]mlx5_5:1/IB [6]mlx5_6:1/IB [7]mlx5_7:1/IB [RO]; OOB enp4s0:10.234.129.102<0>
furious-puma-1:116996:117518 [0] NCCL INFO Initialized NET plugin IB
furious-puma-1:116996:117518 [0] NCCL INFO Assigned NET plugin IB to comm
furious-puma-1:116996:117518 [0] NCCL INFO Using network IB
furious-puma-1:117002:117519 [6] NCCL INFO NET/IB : Using [0]mlx5_0:1/IB [1]mlx5_1:1/IB [2]mlx5_2:1/IB [3]mlx5_3:1/IB [4]mlx5_4:1/IB [5]mlx5_5:1/IB [6]mlx5_6:1/IB [7]mlx5_7:1/IB [RO]; OOB enp4s0:10.234.129.102<0>
furious-puma-1:117002:117519 [6] NCCL INFO Initialized NET plugin IB
furious-puma-1:117002:117519 [6] NCCL INFO Assigned NET plugin IB to comm
furious-puma-1:117002:117519 [6] NCCL INFO Using network IB
furious-puma-1:117002:117519 [6] NCCL INFO DMA-BUF is available on GPU device 6
furious-puma-1:116996:117518 [0] NCCL INFO DMA-BUF is available on GPU device 0
furious-puma-1:117002:117519 [6] NCCL INFO ncclCommInitRankConfig comm 0x40c7d630 rank 6 nranks 8 cudaDev 6 nvmlDev 6 busId df000 commId 0x43ae194e7dc00ed5 - Init START
furious-puma-1:116996:117518 [0] NCCL INFO ncclCommInitRankConfig comm 0x3d4c7180 rank 0 nranks 8 cudaDev 0 nvmlDev 0 busId 7f000 commId 0x43ae194e7dc00ed5 - Init START
furious-puma-1:117002:117519 [6] NCCL INFO RAS client listening socket at 127.0.0.1<28028>
furious-puma-1:117001:117522 [5] NCCL INFO RAS client listening socket at 127.0.0.1<28028>
furious-puma-1:116996:117518 [0] NCCL INFO RAS client listening socket at 127.0.0.1<28028>
furious-puma-1:117003:117520 [7] NCCL INFO RAS client listening socket at 127.0.0.1<28028>
furious-puma-1:116997:117523 [1] NCCL INFO RAS client listening socket at 127.0.0.1<28028>
furious-puma-1:117001:117522 [5] NCCL INFO MNNVL busId 0xcf000 fabric UUID 0.0 cliqueId 0x0 state 3 healthMask 0x0
furious-puma-1:117000:117524 [4] NCCL INFO MNNVL busId 0xbf000 fabric UUID 0.0 cliqueId 0x0 state 3 healthMask 0x0
furious-puma-1:116998:117525 [2] NCCL INFO MNNVL busId 0x9f000 fabric UUID 0.0 cliqueId 0x0 state 3 healthMask 0x0
furious-puma-1:117002:117519 [6] NCCL INFO MNNVL busId 0xdf000 fabric UUID 0.0 cliqueId 0x0 state 3 healthMask 0x0
furious-puma-1:116997:117523 [1] NCCL INFO MNNVL busId 0x8f000 fabric UUID 0.0 cliqueId 0x0 state 3 healthMask 0x0
furious-puma-1:116996:117518 [0] NCCL INFO MNNVL busId 0x7f000 fabric UUID 0.0 cliqueId 0x0 state 3 healthMask 0x0
furious-puma-1:116999:117521 [3] NCCL INFO MNNVL busId 0xaf000 fabric UUID 0.0 cliqueId 0x0 state 3 healthMask 0x0
furious-puma-1:117003:117520 [7] NCCL INFO MNNVL busId 0xef000 fabric UUID 0.0 cliqueId 0x0 state 3 healthMask 0x0
furious-puma-1:116998:117525 [2] NCCL INFO Loading topology file /var/run/nvidia-topologyd/virtualTopology.xml
furious-puma-1:117001:117522 [5] NCCL INFO Loading topology file /var/run/nvidia-topologyd/virtualTopology.xml
furious-puma-1:116999:117521 [3] NCCL INFO Loading topology file /var/run/nvidia-topologyd/virtualTopology.xml
furious-puma-1:117000:117524 [4] NCCL INFO Loading topology file /var/run/nvidia-topologyd/virtualTopology.xml
furious-puma-1:116997:117523 [1] NCCL INFO Loading topology file /var/run/nvidia-topologyd/virtualTopology.xml
furious-puma-1:116998:117525 [2] NCCL INFO Loading unnamed topology
furious-puma-1:117001:117522 [5] NCCL INFO Loading unnamed topology
furious-puma-1:116996:117518 [0] NCCL INFO Loading topology file /var/run/nvidia-topologyd/virtualTopology.xml
furious-puma-1:116999:117521 [3] NCCL INFO Loading unnamed topology
furious-puma-1:117000:117524 [4] NCCL INFO Loading unnamed topology
furious-puma-1:117002:117519 [6] NCCL INFO Loading topology file /var/run/nvidia-topologyd/virtualTopology.xml
furious-puma-1:117003:117520 [7] NCCL INFO Loading topology file /var/run/nvidia-topologyd/virtualTopology.xml
furious-puma-1:116997:117523 [1] NCCL INFO Loading unnamed topology
furious-puma-1:116996:117518 [0] NCCL INFO Loading unnamed topology
furious-puma-1:117003:117520 [7] NCCL INFO Loading unnamed topology
furious-puma-1:117002:117519 [6] NCCL INFO Loading unnamed topology
furious-puma-1:116998:117525 [2] NCCL INFO Could not find real path of /sys/class/pci_bus/ffff:ff/../../ffff:ff:03.0
furious-puma-1:117001:117522 [5] NCCL INFO Could not find real path of /sys/class/pci_bus/ffff:ff/../../ffff:ff:06.0
furious-puma-1:116997:117523 [1] NCCL INFO Could not find real path of /sys/class/pci_bus/ffff:ff/../../ffff:ff:02.0
furious-puma-1:116999:117521 [3] NCCL INFO Could not find real path of /sys/class/pci_bus/ffff:ff/../../ffff:ff:04.0
furious-puma-1:117000:117524 [4] NCCL INFO Could not find real path of /sys/class/pci_bus/ffff:ff/../../ffff:ff:05.0
furious-puma-1:117003:117520 [7] NCCL INFO Could not find real path of /sys/class/pci_bus/ffff:ff/../../ffff:ff:08.0
furious-puma-1:117002:117519 [6] NCCL INFO Could not find real path of /sys/class/pci_bus/ffff:ff/../../ffff:ff:07.0
furious-puma-1:116996:117518 [0] NCCL INFO Could not find real path of /sys/class/pci_bus/ffff:ff/../../ffff:ff:01.0
furious-puma-1:117001:117522 [5] NCCL INFO TOPO/NET : Importing network plugins to topology
furious-puma-1:117001:117522 [5] NCCL INFO Retrieving state for IB
furious-puma-1:117001:117522 [5] NCCL INFO Initialized state 0 for IB
furious-puma-1:117001:117522 [5] NCCL INFO ncclTopoPopulateNics : Filled mlx5_0 in topo with pciPath=/sys/devices/pci0000:7e/0000:7e:01.0/0000:80:00.0 keep=1 coll=(null)
furious-puma-1:117001:117522 [5] NCCL INFO ncclTopoPopulateNics : Filled mlx5_1 in topo with pciPath=/sys/devices/pci0000:8e/0000:8e:01.0/0000:90:00.0 keep=1 coll=(null)
furious-puma-1:117001:117522 [5] NCCL INFO ncclTopoPopulateNics : Filled mlx5_2 in topo with pciPath=/sys/devices/pci0000:9e/0000:9e:01.0/0000:a0:00.0 keep=1 coll=(null)
furious-puma-1:117001:117522 [5] NCCL INFO ncclTopoPopulateNics : Filled mlx5_3 in topo with pciPath=/sys/devices/pci0000:ae/0000:ae:01.0/0000:b0:00.0 keep=1 coll=(null)
furious-puma-1:117001:117522 [5] NCCL INFO ncclTopoPopulateNics : Filled mlx5_4 in topo with pciPath=/sys/devices/pci0000:be/0000:be:01.0/0000:c0:00.0 keep=1 coll=(null)
furious-puma-1:117001:117522 [5] NCCL INFO ncclTopoPopulateNics : Filled mlx5_5 in topo with pciPath=/sys/devices/pci0000:ce/0000:ce:01.0/0000:d0:00.0 keep=1 coll=(null)
furious-puma-1:117001:117522 [5] NCCL INFO ncclTopoPopulateNics : Filled mlx5_6 in topo with pciPath=/sys/devices/pci0000:de/0000:de:01.0/0000:e0:00.0 keep=1 coll=(null)
furious-puma-1:117001:117522 [5] NCCL INFO ncclTopoPopulateNics : Filled mlx5_7 in topo with pciPath=/sys/devices/pci0000:ee/0000:ee:01.0/0000:f0:00.0 keep=1 coll=(null)
furious-puma-1:117003:117520 [7] NCCL INFO TOPO/NET : Importing network plugins to topology
furious-puma-1:117003:117520 [7] NCCL INFO Retrieving state for IB
furious-puma-1:117003:117520 [7] NCCL INFO Initialized state 0 for IB
furious-puma-1:117003:117520 [7] NCCL INFO ncclTopoPopulateNics : Filled mlx5_0 in topo with pciPath=/sys/devices/pci0000:7e/0000:7e:01.0/0000:80:00.0 keep=1 coll=(null)
furious-puma-1:117003:117520 [7] NCCL INFO ncclTopoPopulateNics : Filled mlx5_1 in topo with pciPath=/sys/devices/pci0000:8e/0000:8e:01.0/0000:90:00.0 keep=1 coll=(null)
furious-puma-1:117003:117520 [7] NCCL INFO ncclTopoPopulateNics : Filled mlx5_2 in topo with pciPath=/sys/devices/pci0000:9e/0000:9e:01.0/0000:a0:00.0 keep=1 coll=(null)
furious-puma-1:117003:117520 [7] NCCL INFO ncclTopoPopulateNics : Filled mlx5_3 in topo with pciPath=/sys/devices/pci0000:ae/0000:ae:01.0/0000:b0:00.0 keep=1 coll=(null)
furious-puma-1:117003:117520 [7] NCCL INFO ncclTopoPopulateNics : Filled mlx5_4 in topo with pciPath=/sys/devices/pci0000:be/0000:be:01.0/0000:c0:00.0 keep=1 coll=(null)
furious-puma-1:117003:117520 [7] NCCL INFO ncclTopoPopulateNics : Filled mlx5_5 in topo with pciPath=/sys/devices/pci0000:ce/0000:ce:01.0/0000:d0:00.0 keep=1 coll=(null)
furious-puma-1:117003:117520 [7] NCCL INFO ncclTopoPopulateNics : Filled mlx5_6 in topo with pciPath=/sys/devices/pci0000:de/0000:de:01.0/0000:e0:00.0 keep=1 coll=(null)
furious-puma-1:116998:117525 [2] NCCL INFO TOPO/NET : Importing network plugins to topology
furious-puma-1:116998:117525 [2] NCCL INFO Retrieving state for IB
furious-puma-1:116998:117525 [2] NCCL INFO Initialized state 0 for IB
furious-puma-1:116998:117525 [2] NCCL INFO ncclTopoPopulateNics : Filled mlx5_0 in topo with pciPath=/sys/devices/pci0000:7e/0000:7e:01.0/0000:80:00.0 keep=1 coll=(null)
furious-puma-1:117003:117520 [7] NCCL INFO ncclTopoPopulateNics : Filled mlx5_7 in topo with pciPath=/sys/devices/pci0000:ee/0000:ee:01.0/0000:f0:00.0 keep=1 coll=(null)
furious-puma-1:116998:117525 [2] NCCL INFO ncclTopoPopulateNics : Filled mlx5_1 in topo with pciPath=/sys/devices/pci0000:8e/0000:8e:01.0/0000:90:00.0 keep=1 coll=(null)
furious-puma-1:116998:117525 [2] NCCL INFO ncclTopoPopulateNics : Filled mlx5_2 in topo with pciPath=/sys/devices/pci0000:9e/0000:9e:01.0/0000:a0:00.0 keep=1 coll=(null)
furious-puma-1:116998:117525 [2] NCCL INFO ncclTopoPopulateNics : Filled mlx5_3 in topo with pciPath=/sys/devices/pci0000:ae/0000:ae:01.0/0000:b0:00.0 keep=1 coll=(null)
furious-puma-1:117002:117519 [6] NCCL INFO TOPO/NET : Importing network plugins to topology
furious-puma-1:117002:117519 [6] NCCL INFO Retrieving state for IB
furious-puma-1:117002:117519 [6] NCCL INFO Initialized state 0 for IB
furious-puma-1:117002:117519 [6] NCCL INFO ncclTopoPopulateNics : Filled mlx5_0 in topo with pciPath=/sys/devices/pci0000:7e/0000:7e:01.0/0000:80:00.0 keep=1 coll=(null)
furious-puma-1:116998:117525 [2] NCCL INFO ncclTopoPopulateNics : Filled mlx5_4 in topo with pciPath=/sys/devices/pci0000:be/0000:be:01.0/0000:c0:00.0 keep=1 coll=(null)
furious-puma-1:117000:117524 [4] NCCL INFO TOPO/NET : Importing network plugins to topology
furious-puma-1:117000:117524 [4] NCCL INFO Retrieving state for IB
furious-puma-1:117000:117524 [4] NCCL INFO Initialized state 0 for IB
furious-puma-1:117000:117524 [4] NCCL INFO ncclTopoPopulateNics : Filled mlx5_0 in topo with pciPath=/sys/devices/pci0000:7e/0000:7e:01.0/0000:80:00.0 keep=1 coll=(null)
furious-puma-1:117002:117519 [6] NCCL INFO ncclTopoPopulateNics : Filled mlx5_1 in topo with pciPath=/sys/devices/pci0000:8e/0000:8e:01.0/0000:90:00.0 keep=1 coll=(null)
furious-puma-1:116998:117525 [2] NCCL INFO ncclTopoPopulateNics : Filled mlx5_5 in topo with pciPath=/sys/devices/pci0000:ce/0000:ce:01.0/0000:d0:00.0 keep=1 coll=(null)
furious-puma-1:117000:117524 [4] NCCL INFO ncclTopoPopulateNics : Filled mlx5_1 in topo with pciPath=/sys/devices/pci0000:8e/0000:8e:01.0/0000:90:00.0 keep=1 coll=(null)
furious-puma-1:117002:117519 [6] NCCL INFO ncclTopoPopulateNics : Filled mlx5_2 in topo with pciPath=/sys/devices/pci0000:9e/0000:9e:01.0/0000:a0:00.0 keep=1 coll=(null)
furious-puma-1:116998:117525 [2] NCCL INFO ncclTopoPopulateNics : Filled mlx5_6 in topo with pciPath=/sys/devices/pci0000:de/0000:de:01.0/0000:e0:00.0 keep=1 coll=(null)
furious-puma-1:117000:117524 [4] NCCL INFO ncclTopoPopulateNics : Filled mlx5_2 in topo with pciPath=/sys/devices/pci0000:9e/0000:9e:01.0/0000:a0:00.0 keep=1 coll=(null)
furious-puma-1:116999:117521 [3] NCCL INFO TOPO/NET : Importing network plugins to topology
furious-puma-1:116999:117521 [3] NCCL INFO Retrieving state for IB
furious-puma-1:116999:117521 [3] NCCL INFO Initialized state 0 for IB
furious-puma-1:116999:117521 [3] NCCL INFO ncclTopoPopulateNics : Filled mlx5_0 in topo with pciPath=/sys/devices/pci0000:7e/0000:7e:01.0/0000:80:00.0 keep=1 coll=(null)
furious-puma-1:117002:117519 [6] NCCL INFO ncclTopoPopulateNics : Filled mlx5_3 in topo with pciPath=/sys/devices/pci0000:ae/0000:ae:01.0/0000:b0:00.0 keep=1 coll=(null)
furious-puma-1:116998:117525 [2] NCCL INFO ncclTopoPopulateNics : Filled mlx5_7 in topo with pciPath=/sys/devices/pci0000:ee/0000:ee:01.0/0000:f0:00.0 keep=1 coll=(null)
furious-puma-1:117000:117524 [4] NCCL INFO ncclTopoPopulateNics : Filled mlx5_3 in topo with pciPath=/sys/devices/pci0000:ae/0000:ae:01.0/0000:b0:00.0 keep=1 coll=(null)
furious-puma-1:116999:117521 [3] NCCL INFO ncclTopoPopulateNics : Filled mlx5_1 in topo with pciPath=/sys/devices/pci0000:8e/0000:8e:01.0/0000:90:00.0 keep=1 coll=(null)
furious-puma-1:117002:117519 [6] NCCL INFO ncclTopoPopulateNics : Filled mlx5_4 in topo with pciPath=/sys/devices/pci0000:be/0000:be:01.0/0000:c0:00.0 keep=1 coll=(null)
furious-puma-1:117000:117524 [4] NCCL INFO ncclTopoPopulateNics : Filled mlx5_4 in topo with pciPath=/sys/devices/pci0000:be/0000:be:01.0/0000:c0:00.0 keep=1 coll=(null)
furious-puma-1:116999:117521 [3] NCCL INFO ncclTopoPopulateNics : Filled mlx5_2 in topo with pciPath=/sys/devices/pci0000:9e/0000:9e:01.0/0000:a0:00.0 keep=1 coll=(null)
furious-puma-1:117002:117519 [6] NCCL INFO ncclTopoPopulateNics : Filled mlx5_5 in topo with pciPath=/sys/devices/pci0000:ce/0000:ce:01.0/0000:d0:00.0 keep=1 coll=(null)
furious-puma-1:117000:117524 [4] NCCL INFO ncclTopoPopulateNics : Filled mlx5_5 in topo with pciPath=/sys/devices/pci0000:ce/0000:ce:01.0/0000:d0:00.0 keep=1 coll=(null)
furious-puma-1:116997:117523 [1] NCCL INFO TOPO/NET : Importing network plugins to topology
furious-puma-1:116997:117523 [1] NCCL INFO Retrieving state for IB
furious-puma-1:116997:117523 [1] NCCL INFO Initialized state 0 for IB
furious-puma-1:116997:117523 [1] NCCL INFO ncclTopoPopulateNics : Filled mlx5_0 in topo with pciPath=/sys/devices/pci0000:7e/0000:7e:01.0/0000:80:00.0 keep=1 coll=(null)
furious-puma-1:116999:117521 [3] NCCL INFO ncclTopoPopulateNics : Filled mlx5_3 in topo with pciPath=/sys/devices/pci0000:ae/0000:ae:01.0/0000:b0:00.0 keep=1 coll=(null)
furious-puma-1:117000:117524 [4] NCCL INFO ncclTopoPopulateNics : Filled mlx5_6 in topo with pciPath=/sys/devices/pci0000:de/0000:de:01.0/0000:e0:00.0 keep=1 coll=(null)
furious-puma-1:117002:117519 [6] NCCL INFO ncclTopoPopulateNics : Filled mlx5_6 in topo with pciPath=/sys/devices/pci0000:de/0000:de:01.0/0000:e0:00.0 keep=1 coll=(null)
furious-puma-1:116999:117521 [3] NCCL INFO ncclTopoPopulateNics : Filled mlx5_4 in topo with pciPath=/sys/devices/pci0000:be/0000:be:01.0/0000:c0:00.0 keep=1 coll=(null)
furious-puma-1:116997:117523 [1] NCCL INFO ncclTopoPopulateNics : Filled mlx5_1 in topo with pciPath=/sys/devices/pci0000:8e/0000:8e:01.0/0000:90:00.0 keep=1 coll=(null)
furious-puma-1:117000:117524 [4] NCCL INFO ncclTopoPopulateNics : Filled mlx5_7 in topo with pciPath=/sys/devices/pci0000:ee/0000:ee:01.0/0000:f0:00.0 keep=1 coll=(null)
furious-puma-1:117002:117519 [6] NCCL INFO ncclTopoPopulateNics : Filled mlx5_7 in topo with pciPath=/sys/devices/pci0000:ee/0000:ee:01.0/0000:f0:00.0 keep=1 coll=(null)
furious-puma-1:116999:117521 [3] NCCL INFO ncclTopoPopulateNics : Filled mlx5_5 in topo with pciPath=/sys/devices/pci0000:ce/0000:ce:01.0/0000:d0:00.0 keep=1 coll=(null)
furious-puma-1:116997:117523 [1] NCCL INFO ncclTopoPopulateNics : Filled mlx5_2 in topo with pciPath=/sys/devices/pci0000:9e/0000:9e:01.0/0000:a0:00.0 keep=1 coll=(null)
furious-puma-1:116999:117521 [3] NCCL INFO ncclTopoPopulateNics : Filled mlx5_6 in topo with pciPath=/sys/devices/pci0000:de/0000:de:01.0/0000:e0:00.0 keep=1 coll=(null)
furious-puma-1:116997:117523 [1] NCCL INFO ncclTopoPopulateNics : Filled mlx5_3 in topo with pciPath=/sys/devices/pci0000:ae/0000:ae:01.0/0000:b0:00.0 keep=1 coll=(null)
furious-puma-1:116999:117521 [3] NCCL INFO ncclTopoPopulateNics : Filled mlx5_7 in topo with pciPath=/sys/devices/pci0000:ee/0000:ee:01.0/0000:f0:00.0 keep=1 coll=(null)
furious-puma-1:116997:117523 [1] NCCL INFO ncclTopoPopulateNics : Filled mlx5_4 in topo with pciPath=/sys/devices/pci0000:be/0000:be:01.0/0000:c0:00.0 keep=1 coll=(null)
furious-puma-1:116997:117523 [1] NCCL INFO ncclTopoPopulateNics : Filled mlx5_5 in topo with pciPath=/sys/devices/pci0000:ce/0000:ce:01.0/0000:d0:00.0 keep=1 coll=(null)
furious-puma-1:116997:117523 [1] NCCL INFO ncclTopoPopulateNics : Filled mlx5_6 in topo with pciPath=/sys/devices/pci0000:de/0000:de:01.0/0000:e0:00.0 keep=1 coll=(null)
furious-puma-1:116997:117523 [1] NCCL INFO ncclTopoPopulateNics : Filled mlx5_7 in topo with pciPath=/sys/devices/pci0000:ee/0000:ee:01.0/0000:f0:00.0 keep=1 coll=(null)
furious-puma-1:116996:117518 [0] NCCL INFO TOPO/NET : Importing network plugins to topology
furious-puma-1:116996:117518 [0] NCCL INFO Retrieving state for IB
furious-puma-1:116996:117518 [0] NCCL INFO Initialized state 0 for IB
furious-puma-1:116996:117518 [0] NCCL INFO ncclTopoPopulateNics : Filled mlx5_0 in topo with pciPath=/sys/devices/pci0000:7e/0000:7e:01.0/0000:80:00.0 keep=1 coll=(null)
furious-puma-1:116996:117518 [0] NCCL INFO ncclTopoPopulateNics : Filled mlx5_1 in topo with pciPath=/sys/devices/pci0000:8e/0000:8e:01.0/0000:90:00.0 keep=1 coll=(null)
furious-puma-1:116996:117518 [0] NCCL INFO ncclTopoPopulateNics : Filled mlx5_2 in topo with pciPath=/sys/devices/pci0000:9e/0000:9e:01.0/0000:a0:00.0 keep=1 coll=(null)
furious-puma-1:116996:117518 [0] NCCL INFO ncclTopoPopulateNics : Filled mlx5_3 in topo with pciPath=/sys/devices/pci0000:ae/0000:ae:01.0/0000:b0:00.0 keep=1 coll=(null)
furious-puma-1:116996:117518 [0] NCCL INFO ncclTopoPopulateNics : Filled mlx5_4 in topo with pciPath=/sys/devices/pci0000:be/0000:be:01.0/0000:c0:00.0 keep=1 coll=(null)
furious-puma-1:116996:117518 [0] NCCL INFO ncclTopoPopulateNics : Filled mlx5_5 in topo with pciPath=/sys/devices/pci0000:ce/0000:ce:01.0/0000:d0:00.0 keep=1 coll=(null)
furious-puma-1:116996:117518 [0] NCCL INFO ncclTopoPopulateNics : Filled mlx5_6 in topo with pciPath=/sys/devices/pci0000:de/0000:de:01.0/0000:e0:00.0 keep=1 coll=(null)
furious-puma-1:116996:117518 [0] NCCL INFO ncclTopoPopulateNics : Filled mlx5_7 in topo with pciPath=/sys/devices/pci0000:ee/0000:ee:01.0/0000:f0:00.0 keep=1 coll=(null)
furious-puma-1:116998:117525 [2] NCCL INFO GPU Direct RDMA Enabled for GPU 0 / HCA 0 (distance 4 <= 5), read 0 mode Default
furious-puma-1:116998:117525 [2] NCCL INFO GPU Direct RDMA Enabled for GPU 1 / HCA 0 (distance 4 <= 5), read 0 mode Default
furious-puma-1:116998:117525 [2] NCCL INFO GPU Direct RDMA Enabled for GPU 2 / HCA 0 (distance 4 <= 5), read 0 mode Default
furious-puma-1:116998:117525 [2] NCCL INFO GPU Direct RDMA Enabled for GPU 3 / HCA 0 (distance 4 <= 5), read 0 mode Default
furious-puma-1:116998:117525 [2] NCCL INFO GPU Direct RDMA Enabled for GPU 4 / HCA 0 (distance 4 <= 5), read 0 mode Default
furious-puma-1:116998:117525 [2] NCCL INFO GPU Direct RDMA Enabled for GPU 5 / HCA 0 (distance 4 <= 5), read 0 mode Default
furious-puma-1:116998:117525 [2] NCCL INFO GPU Direct RDMA Enabled for GPU 6 / HCA 0 (distance 4 <= 5), read 0 mode Default
furious-puma-1:116998:117525 [2] NCCL INFO GPU Direct RDMA Enabled for GPU 7 / HCA 0 (distance 4 <= 5), read 0 mode Default
furious-puma-1:116998:117525 [2] NCCL INFO GPU Direct RDMA Enabled for GPU 0 / HCA 1 (distance 4 <= 5), read 0 mode Default
furious-puma-1:116998:117525 [2] NCCL INFO GPU Direct RDMA Enabled for GPU 1 / HCA 1 (distance 4 <= 5), read 0 mode Default
furious-puma-1:116998:117525 [2] NCCL INFO GPU Direct RDMA Enabled for GPU 2 / HCA 1 (distance 4 <= 5), read 0 mode Default
furious-puma-1:116998:117525 [2] NCCL INFO GPU Direct RDMA Enabled for GPU 3 / HCA 1 (distance 4 <= 5), read 0 mode Default
furious-puma-1:116998:117525 [2] NCCL INFO GPU Direct RDMA Enabled for GPU 4 / HCA 1 (distance 4 <= 5), read 0 mode Default
furious-puma-1:116998:117525 [2] NCCL INFO GPU Direct RDMA Enabled for GPU 5 / HCA 1 (distance 4 <= 5), read 0 mode Default
furious-puma-1:116998:117525 [2] NCCL INFO GPU Direct RDMA Enabled for GPU 6 / HCA 1 (distance 4 <= 5), read 0 mode Default
furious-puma-1:116998:117525 [2] NCCL INFO GPU Direct RDMA Enabled for GPU 7 / HCA 1 (distance 4 <= 5), read 0 mode Default
furious-puma-1:116998:117525 [2] NCCL INFO GPU Direct RDMA Enabled for GPU 0 / HCA 2 (distance 4 <= 5), read 0 mode Default
furious-puma-1:116998:117525 [2] NCCL INFO GPU Direct RDMA Enabled for GPU 1 / HCA 2 (distance 4 <= 5), read 0 mode Default
furious-puma-1:116998:117525 [2] NCCL INFO GPU Direct RDMA Enabled for GPU 2 / HCA 2 (distance 4 <= 5), read 0 mode Default
furious-puma-1:116998:117525 [2] NCCL INFO GPU Direct RDMA Enabled for GPU 3 / HCA 2 (distance 4 <= 5), read 0 mode Default
furious-puma-1:116998:117525 [2] NCCL INFO GPU Direct RDMA Enabled for GPU 4 / HCA 2 (distance 4 <= 5), read 0 mode Default
furious-puma-1:116998:117525 [2] NCCL INFO GPU Direct RDMA Enabled for GPU 5 / HCA 2 (distance 4 <= 5), read 0 mode Default
furious-puma-1:116998:117525 [2] NCCL INFO GPU Direct RDMA Enabled for GPU 6 / HCA 2 (distance 4 <= 5), read 0 mode Default
furious-puma-1:116998:117525 [2] NCCL INFO GPU Direct RDMA Enabled for GPU 7 / HCA 2 (distance 4 <= 5), read 0 mode Default
furious-puma-1:116998:117525 [2] NCCL INFO GPU Direct RDMA Enabled for GPU 0 / HCA 3 (distance 4 <= 5), read 0 mode Default
furious-puma-1:116998:117525 [2] NCCL INFO GPU Direct RDMA Enabled for GPU 1 / HCA 3 (distance 4 <= 5), read 0 mode Default
furious-puma-1:116998:117525 [2] NCCL INFO GPU Direct RDMA Enabled for GPU 2 / HCA 3 (distance 4 <= 5), read 0 mode Default
furious-puma-1:116998:117525 [2] NCCL INFO GPU Direct RDMA Enabled for GPU 3 / HCA 3 (distance 4 <= 5), read 0 mode Default
furious-puma-1:116998:117525 [2] NCCL INFO GPU Direct RDMA Enabled for GPU 4 / HCA 3 (distance 4 <= 5), read 0 mode Default
furious-puma-1:116998:117525 [2] NCCL INFO GPU Direct RDMA Enabled for GPU 5 / HCA 3 (distance 4 <= 5), read 0 mode Default
furious-puma-1:116998:117525 [2] NCCL INFO GPU Direct RDMA Enabled for GPU 6 / HCA 3 (distance 4 <= 5), read 0 mode Default
furious-puma-1:116998:117525 [2] NCCL INFO GPU Direct RDMA Enabled for GPU 7 / HCA 3 (distance 4 <= 5), read 0 mode Default
furious-puma-1:116998:117525 [2] NCCL INFO GPU Direct RDMA Enabled for GPU 0 / HCA 4 (distance 4 <= 5), read 0 mode Default
furious-puma-1:116998:117525 [2] NCCL INFO GPU Direct RDMA Enabled for GPU 1 / HCA 4 (distance 4 <= 5), read 0 mode Default
furious-puma-1:116998:117525 [2] NCCL INFO GPU Direct RDMA Enabled for GPU 2 / HCA 4 (distance 4 <= 5), read 0 mode Default
furious-puma-1:116998:117525 [2] NCCL INFO GPU Direct RDMA Enabled for GPU 3 / HCA 4 (distance 4 <= 5), read 0 mode Default
furious-puma-1:116998:117525 [2] NCCL INFO GPU Direct RDMA Enabled for GPU 4 / HCA 4 (distance 4 <= 5), read 0 mode Default
furious-puma-1:116998:117525 [2] NCCL INFO GPU Direct RDMA Enabled for GPU 5 / HCA 4 (distance 4 <= 5), read 0 mode Default
furious-puma-1:116998:117525 [2] NCCL INFO GPU Direct RDMA Enabled for GPU 6 / HCA 4 (distance 4 <= 5), read 0 mode Default
furious-puma-1:116998:117525 [2] NCCL INFO GPU Direct RDMA Enabled for GPU 7 / HCA 4 (distance 4 <= 5), read 0 mode Default
furious-puma-1:116998:117525 [2] NCCL INFO GPU Direct RDMA Enabled for GPU 0 / HCA 5 (distance 4 <= 5), read 0 mode Default
furious-puma-1:116998:117525 [2] NCCL INFO GPU Direct RDMA Enabled for GPU 1 / HCA 5 (distance 4 <= 5), read 0 mode Default
furious-puma-1:116998:117525 [2] NCCL INFO GPU Direct RDMA Enabled for GPU 2 / HCA 5 (distance 4 <= 5), read 0 mode Default
furious-puma-1:116998:117525 [2] NCCL INFO GPU Direct RDMA Enabled for GPU 3 / HCA 5 (distance 4 <= 5), read 0 mode Default
furious-puma-1:116998:117525 [2] NCCL INFO GPU Direct RDMA Enabled for GPU 4 / HCA 5 (distance 4 <= 5), read 0 mode Default
furious-puma-1:116998:117525 [2] NCCL INFO GPU Direct RDMA Enabled for GPU 5 / HCA 5 (distance 4 <= 5), read 0 mode Default
furious-puma-1:116998:117525 [2] NCCL INFO GPU Direct RDMA Enabled for GPU 6 / HCA 5 (distance 4 <= 5), read 0 mode Default
furious-puma-1:116998:117525 [2] NCCL INFO GPU Direct RDMA Enabled for GPU 7 / HCA 5 (distance 4 <= 5), read 0 mode Default
furious-puma-1:116998:117525 [2] NCCL INFO GPU Direct RDMA Enabled for GPU 0 / HCA 6 (distance 4 <= 5), read 0 mode Default
furious-puma-1:116998:117525 [2] NCCL INFO GPU Direct RDMA Enabled for GPU 1 / HCA 6 (distance 4 <= 5), read 0 mode Default
furious-puma-1:116998:117525 [2] NCCL INFO GPU Direct RDMA Enabled for GPU 2 / HCA 6 (distance 4 <= 5), read 0 mode Default
furious-puma-1:116998:117525 [2] NCCL INFO GPU Direct RDMA Enabled for GPU 3 / HCA 6 (distance 4 <= 5), read 0 mode Default
furious-puma-1:116998:117525 [2] NCCL INFO GPU Direct RDMA Enabled for GPU 4 / HCA 6 (distance 4 <= 5), read 0 mode Default
furious-puma-1:116998:117525 [2] NCCL INFO GPU Direct RDMA Enabled for GPU 5 / HCA 6 (distance 4 <= 5), read 0 mode Default
furious-puma-1:116998:117525 [2] NCCL INFO GPU Direct RDMA Enabled for GPU 6 / HCA 6 (distance 4 <= 5), read 0 mode Default
furious-puma-1:116998:117525 [2] NCCL INFO GPU Direct RDMA Enabled for GPU 7 / HCA 6 (distance 4 <= 5), read 0 mode Default
furious-puma-1:116998:117525 [2] NCCL INFO GPU Direct RDMA Enabled for GPU 0 / HCA 7 (distance 4 <= 5), read 0 mode Default
furious-puma-1:116998:117525 [2] NCCL INFO GPU Direct RDMA Enabled for GPU 1 / HCA 7 (distance 4 <= 5), read 0 mode Default
furious-puma-1:116998:117525 [2] NCCL INFO GPU Direct RDMA Enabled for GPU 2 / HCA 7 (distance 4 <= 5), read 0 mode Default
furious-puma-1:116998:117525 [2] NCCL INFO GPU Direct RDMA Enabled for GPU 3 / HCA 7 (distance 4 <= 5), read 0 mode Default
furious-puma-1:116998:117525 [2] NCCL INFO GPU Direct RDMA Enabled for GPU 4 / HCA 7 (distance 4 <= 5), read 0 mode Default
furious-puma-1:116998:117525 [2] NCCL INFO GPU Direct RDMA Enabled for GPU 5 / HCA 7 (distance 4 <= 5), read 0 mode Default
furious-puma-1:116998:117525 [2] NCCL INFO GPU Direct RDMA Enabled for GPU 6 / HCA 7 (distance 4 <= 5), read 0 mode Default
furious-puma-1:116998:117525 [2] NCCL INFO GPU Direct RDMA Enabled for GPU 7 / HCA 7 (distance 4 <= 5), read 0 mode Default
furious-puma-1:117002:117519 [6] NCCL INFO GPU Direct RDMA Enabled for GPU 0 / HCA 0 (distance 4 <= 5), read 0 mode Default
furious-puma-1:117002:117519 [6] NCCL INFO GPU Direct RDMA Enabled for GPU 1 / HCA 0 (distance 4 <= 5), read 0 mode Default
furious-puma-1:117002:117519 [6] NCCL INFO GPU Direct RDMA Enabled for GPU 2 / HCA 0 (distance 4 <= 5), read 0 mode Default
furious-puma-1:117002:117519 [6] NCCL INFO GPU Direct RDMA Enabled for GPU 3 / HCA 0 (distance 4 <= 5), read 0 mode Default
furious-puma-1:117002:117519 [6] NCCL INFO GPU Direct RDMA Enabled for GPU 4 / HCA 0 (distance 4 <= 5), read 0 mode Default
furious-puma-1:117002:117519 [6] NCCL INFO GPU Direct RDMA Enabled for GPU 5 / HCA 0 (distance 4 <= 5), read 0 mode Default
furious-puma-1:117002:117519 [6] NCCL INFO GPU Direct RDMA Enabled for GPU 6 / HCA 0 (distance 4 <= 5), read 0 mode Default
furious-puma-1:117002:117519 [6] NCCL INFO GPU Direct RDMA Enabled for GPU 7 / HCA 0 (distance 4 <= 5), read 0 mode Default
furious-puma-1:117002:117519 [6] NCCL INFO GPU Direct RDMA Enabled for GPU 0 / HCA 1 (distance 4 <= 5), read 0 mode Default
furious-puma-1:117002:117519 [6] NCCL INFO GPU Direct RDMA Enabled for GPU 1 / HCA 1 (distance 4 <= 5), read 0 mode Default
furious-puma-1:117002:117519 [6] NCCL INFO GPU Direct RDMA Enabled for GPU 2 / HCA 1 (distance 4 <= 5), read 0 mode Default
furious-puma-1:117002:117519 [6] NCCL INFO GPU Direct RDMA Enabled for GPU 3 / HCA 1 (distance 4 <= 5), read 0 mode Default
furious-puma-1:117002:117519 [6] NCCL INFO GPU Direct RDMA Enabled for GPU 4 / HCA 1 (distance 4 <= 5), read 0 mode Default
furious-puma-1:117002:117519 [6] NCCL INFO GPU Direct RDMA Enabled for GPU 5 / HCA 1 (distance 4 <= 5), read 0 mode Default
furious-puma-1:117002:117519 [6] NCCL INFO GPU Direct RDMA Enabled for GPU 6 / HCA 1 (distance 4 <= 5), read 0 mode Default
furious-puma-1:117002:117519 [6] NCCL INFO GPU Direct RDMA Enabled for GPU 7 / HCA 1 (distance 4 <= 5), read 0 mode Default
furious-puma-1:117002:117519 [6] NCCL INFO GPU Direct RDMA Enabled for GPU 0 / HCA 2 (distance 4 <= 5), read 0 mode Default
furious-puma-1:117002:117519 [6] NCCL INFO GPU Direct RDMA Enabled for GPU 1 / HCA 2 (distance 4 <= 5), read 0 mode Default
furious-puma-1:117002:117519 [6] NCCL INFO GPU Direct RDMA Enabled for GPU 2 / HCA 2 (distance 4 <= 5), read 0 mode Default
furious-puma-1:117002:117519 [6] NCCL INFO GPU Direct RDMA Enabled for GPU 3 / HCA 2 (distance 4 <= 5), read 0 mode Default
furious-puma-1:117002:117519 [6] NCCL INFO GPU Direct RDMA Enabled for GPU 4 / HCA 2 (distance 4 <= 5), read 0 mode Default
furious-puma-1:117002:117519 [6] NCCL INFO GPU Direct RDMA Enabled for GPU 5 / HCA 2 (distance 4 <= 5), read 0 mode Default
furious-puma-1:117002:117519 [6] NCCL INFO GPU Direct RDMA Enabled for GPU 6 / HCA 2 (distance 4 <= 5), read 0 mode Default
furious-puma-1:117002:117519 [6] NCCL INFO GPU Direct RDMA Enabled for GPU 7 / HCA 2 (distance 4 <= 5), read 0 mode Default
furious-puma-1:117002:117519 [6] NCCL INFO GPU Direct RDMA Enabled for GPU 0 / HCA 3 (distance 4 <= 5), read 0 mode Default
furious-puma-1:117002:117519 [6] NCCL INFO GPU Direct RDMA Enabled for GPU 1 / HCA 3 (distance 4 <= 5), read 0 mode Default
furious-puma-1:117002:117519 [6] NCCL INFO GPU Direct RDMA Enabled for GPU 2 / HCA 3 (distance 4 <= 5), read 0 mode Default
furious-puma-1:117002:117519 [6] NCCL INFO GPU Direct RDMA Enabled for GPU 3 / HCA 3 (distance 4 <= 5), read 0 mode Default
furious-puma-1:117002:117519 [6] NCCL INFO GPU Direct RDMA Enabled for GPU 4 / HCA 3 (distance 4 <= 5), read 0 mode Default
furious-puma-1:117002:117519 [6] NCCL INFO GPU Direct RDMA Enabled for GPU 5 / HCA 3 (distance 4 <= 5), read 0 mode Default
furious-puma-1:117002:117519 [6] NCCL INFO GPU Direct RDMA Enabled for GPU 6 / HCA 3 (distance 4 <= 5), read 0 mode Default
furious-puma-1:117002:117519 [6] NCCL INFO GPU Direct RDMA Enabled for GPU 7 / HCA 3 (distance 4 <= 5), read 0 mode Default
furious-puma-1:117002:117519 [6] NCCL INFO GPU Direct RDMA Enabled for GPU 0 / HCA 4 (distance 4 <= 5), read 0 mode Default
furious-puma-1:117002:117519 [6] NCCL INFO GPU Direct RDMA Enabled for GPU 1 / HCA 4 (distance 4 <= 5), read 0 mode Default
furious-puma-1:117002:117519 [6] NCCL INFO GPU Direct RDMA Enabled for GPU 2 / HCA 4 (distance 4 <= 5), read 0 mode Default
furious-puma-1:117002:117519 [6] NCCL INFO GPU Direct RDMA Enabled for GPU 3 / HCA 4 (distance 4 <= 5), read 0 mode Default
furious-puma-1:117002:117519 [6] NCCL INFO GPU Direct RDMA Enabled for GPU 4 / HCA 4 (distance 4 <= 5), read 0 mode Default
furious-puma-1:117002:117519 [6] NCCL INFO GPU Direct RDMA Enabled for GPU 5 / HCA 4 (distance 4 <= 5), read 0 mode Default
furious-puma-1:117002:117519 [6] NCCL INFO GPU Direct RDMA Enabled for GPU 6 / HCA 4 (distance 4 <= 5), read 0 mode Default
furious-puma-1:117002:117519 [6] NCCL INFO GPU Direct RDMA Enabled for GPU 7 / HCA 4 (distance 4 <= 5), read 0 mode Default
furious-puma-1:117002:117519 [6] NCCL INFO GPU Direct RDMA Enabled for GPU 0 / HCA 5 (distance 4 <= 5), read 0 mode Default
furious-puma-1:117002:117519 [6] NCCL INFO GPU Direct RDMA Enabled for GPU 1 / HCA 5 (distance 4 <= 5), read 0 mode Default
furious-puma-1:117002:117519 [6] NCCL INFO GPU Direct RDMA Enabled for GPU 2 / HCA 5 (distance 4 <= 5), read 0 mode Default
furious-puma-1:117002:117519 [6] NCCL INFO GPU Direct RDMA Enabled for GPU 3 / HCA 5 (distance 4 <= 5), read 0 mode Default
furious-puma-1:117002:117519 [6] NCCL INFO GPU Direct RDMA Enabled for GPU 4 / HCA 5 (distance 4 <= 5), read 0 mode Default
furious-puma-1:117002:117519 [6] NCCL INFO GPU Direct RDMA Enabled for GPU 5 / HCA 5 (distance 4 <= 5), read 0 mode Default
furious-puma-1:117002:117519 [6] NCCL INFO GPU Direct RDMA Enabled for GPU 6 / HCA 5 (distance 4 <= 5), read 0 mode Default
furious-puma-1:117002:117519 [6] NCCL INFO GPU Direct RDMA Enabled for GPU 7 / HCA 5 (distance 4 <= 5), read 0 mode Default
furious-puma-1:117002:117519 [6] NCCL INFO GPU Direct RDMA Enabled for GPU 0 / HCA 6 (distance 4 <= 5), read 0 mode Default
furious-puma-1:117002:117519 [6] NCCL INFO GPU Direct RDMA Enabled for GPU 1 / HCA 6 (distance 4 <= 5), read 0 mode Default
furious-puma-1:117002:117519 [6] NCCL INFO GPU Direct RDMA Enabled for GPU 2 / HCA 6 (distance 4 <= 5), read 0 mode Default
furious-puma-1:117002:117519 [6] NCCL INFO GPU Direct RDMA Enabled for GPU 3 / HCA 6 (distance 4 <= 5), read 0 mode Default
furious-puma-1:117002:117519 [6] NCCL INFO GPU Direct RDMA Enabled for GPU 4 / HCA 6 (distance 4 <= 5), read 0 mode Default
furious-puma-1:117002:117519 [6] NCCL INFO GPU Direct RDMA Enabled for GPU 5 / HCA 6 (distance 4 <= 5), read 0 mode Default
furious-puma-1:117002:117519 [6] NCCL INFO GPU Direct RDMA Enabled for GPU 6 / HCA 6 (distance 4 <= 5), read 0 mode Default
furious-puma-1:117002:117519 [6] NCCL INFO GPU Direct RDMA Enabled for GPU 7 / HCA 6 (distance 4 <= 5), read 0 mode Default
furious-puma-1:117002:117519 [6] NCCL INFO GPU Direct RDMA Enabled for GPU 0 / HCA 7 (distance 4 <= 5), read 0 mode Default
furious-puma-1:117002:117519 [6] NCCL INFO GPU Direct RDMA Enabled for GPU 1 / HCA 7 (distance 4 <= 5), read 0 mode Default
furious-puma-1:117002:117519 [6] NCCL INFO GPU Direct RDMA Enabled for GPU 2 / HCA 7 (distance 4 <= 5), read 0 mode Default
furious-puma-1:117002:117519 [6] NCCL INFO GPU Direct RDMA Enabled for GPU 3 / HCA 7 (distance 4 <= 5), read 0 mode Default
furious-puma-1:117002:117519 [6] NCCL INFO GPU Direct RDMA Enabled for GPU 4 / HCA 7 (distance 4 <= 5), read 0 mode Default
furious-puma-1:117002:117519 [6] NCCL INFO GPU Direct RDMA Enabled for GPU 5 / HCA 7 (distance 4 <= 5), read 0 mode Default
furious-puma-1:117002:117519 [6] NCCL INFO GPU Direct RDMA Enabled for GPU 6 / HCA 7 (distance 4 <= 5), read 0 mode Default
furious-puma-1:117002:117519 [6] NCCL INFO GPU Direct RDMA Enabled for GPU 7 / HCA 7 (distance 4 <= 5), read 0 mode Default
furious-puma-1:117000:117524 [4] NCCL INFO GPU Direct RDMA Enabled for GPU 0 / HCA 0 (distance 4 <= 5), read 0 mode Default
furious-puma-1:117000:117524 [4] NCCL INFO GPU Direct RDMA Enabled for GPU 1 / HCA 0 (distance 4 <= 5), read 0 mode Default
furious-puma-1:117000:117524 [4] NCCL INFO GPU Direct RDMA Enabled for GPU 2 / HCA 0 (distance 4 <= 5), read 0 mode Default
furious-puma-1:117000:117524 [4] NCCL INFO GPU Direct RDMA Enabled for GPU 3 / HCA 0 (distance 4 <= 5), read 0 mode Default
furious-puma-1:117000:117524 [4] NCCL INFO GPU Direct RDMA Enabled for GPU 4 / HCA 0 (distance 4 <= 5), read 0 mode Default
furious-puma-1:117000:117524 [4] NCCL INFO GPU Direct RDMA Enabled for GPU 5 / HCA 0 (distance 4 <= 5), read 0 mode Default
furious-puma-1:117000:117524 [4] NCCL INFO GPU Direct RDMA Enabled for GPU 6 / HCA 0 (distance 4 <= 5), read 0 mode Default
furious-puma-1:117000:117524 [4] NCCL INFO GPU Direct RDMA Enabled for GPU 7 / HCA 0 (distance 4 <= 5), read 0 mode Default
furious-puma-1:117000:117524 [4] NCCL INFO GPU Direct RDMA Enabled for GPU 0 / HCA 1 (distance 4 <= 5), read 0 mode Default
furious-puma-1:117000:117524 [4] NCCL INFO GPU Direct RDMA Enabled for GPU 1 / HCA 1 (distance 4 <= 5), read 0 mode Default
furious-puma-1:117000:117524 [4] NCCL INFO GPU Direct RDMA Enabled for GPU 2 / HCA 1 (distance 4 <= 5), read 0 mode Default
furious-puma-1:117000:117524 [4] NCCL INFO GPU Direct RDMA Enabled for GPU 3 / HCA 1 (distance 4 <= 5), read 0 mode Default
furious-puma-1:117000:117524 [4] NCCL INFO GPU Direct RDMA Enabled for GPU 4 / HCA 1 (distance 4 <= 5), read 0 mode Default
furious-puma-1:117000:117524 [4] NCCL INFO GPU Direct RDMA Enabled for GPU 5 / HCA 1 (distance 4 <= 5), read 0 mode Default
furious-puma-1:117000:117524 [4] NCCL INFO GPU Direct RDMA Enabled for GPU 6 / HCA 1 (distance 4 <= 5), read 0 mode Default
furious-puma-1:117000:117524 [4] NCCL INFO GPU Direct RDMA Enabled for GPU 7 / HCA 1 (distance 4 <= 5), read 0 mode Default
furious-puma-1:117000:117524 [4] NCCL INFO GPU Direct RDMA Enabled for GPU 0 / HCA 2 (distance 4 <= 5), read 0 mode Default
furious-puma-1:116997:117523 [1] NCCL INFO GPU Direct RDMA Enabled for GPU 0 / HCA 0 (distance 4 <= 5), read 0 mode Default
furious-puma-1:117000:117524 [4] NCCL INFO GPU Direct RDMA Enabled for GPU 1 / HCA 2 (distance 4 <= 5), read 0 mode Default
furious-puma-1:117000:117524 [4] NCCL INFO GPU Direct RDMA Enabled for GPU 2 / HCA 2 (distance 4 <= 5), read 0 mode Default
furious-puma-1:116997:117523 [1] NCCL INFO GPU Direct RDMA Enabled for GPU 1 / HCA 0 (distance 4 <= 5), read 0 mode Default
furious-puma-1:117000:117524 [4] NCCL INFO GPU Direct RDMA Enabled for GPU 3 / HCA 2 (distance 4 <= 5), read 0 mode Default
furious-puma-1:117000:117524 [4] NCCL INFO GPU Direct RDMA Enabled for GPU 4 / HCA 2 (distance 4 <= 5), read 0 mode Default
furious-puma-1:116997:117523 [1] NCCL INFO GPU Direct RDMA Enabled for GPU 2 / HCA 0 (distance 4 <= 5), read 0 mode Default
furious-puma-1:117000:117524 [4] NCCL INFO GPU Direct RDMA Enabled for GPU 5 / HCA 2 (distance 4 <= 5), read 0 mode Default
furious-puma-1:116997:117523 [1] NCCL INFO GPU Direct RDMA Enabled for GPU 3 / HCA 0 (distance 4 <= 5), read 0 mode Default
furious-puma-1:117000:117524 [4] NCCL INFO GPU Direct RDMA Enabled for GPU 6 / HCA 2 (distance 4 <= 5), read 0 mode Default
furious-puma-1:116997:117523 [1] NCCL INFO GPU Direct RDMA Enabled for GPU 4 / HCA 0 (distance 4 <= 5), read 0 mode Default
furious-puma-1:117000:117524 [4] NCCL INFO GPU Direct RDMA Enabled for GPU 7 / HCA 2 (distance 4 <= 5), read 0 mode Default
furious-puma-1:116997:117523 [1] NCCL INFO GPU Direct RDMA Enabled for GPU 5 / HCA 0 (distance 4 <= 5), read 0 mode Default
furious-puma-1:116997:117523 [1] NCCL INFO GPU Direct RDMA Enabled for GPU 6 / HCA 0 (distance 4 <= 5), read 0 mode Default
furious-puma-1:117000:117524 [4] NCCL INFO GPU Direct RDMA Enabled for GPU 0 / HCA 3 (distance 4 <= 5), read 0 mode Default
furious-puma-1:116997:117523 [1] NCCL INFO GPU Direct RDMA Enabled for GPU 7 / HCA 0 (distance 4 <= 5), read 0 mode Default
furious-puma-1:117000:117524 [4] NCCL INFO GPU Direct RDMA Enabled for GPU 1 / HCA 3 (distance 4 <= 5), read 0 mode Default
furious-puma-1:116997:117523 [1] NCCL INFO GPU Direct RDMA Enabled for GPU 0 / HCA 1 (distance 4 <= 5), read 0 mode Default
furious-puma-1:117000:117524 [4] NCCL INFO GPU Direct RDMA Enabled for GPU 2 / HCA 3 (distance 4 <= 5), read 0 mode Default
furious-puma-1:116997:117523 [1] NCCL INFO GPU Direct RDMA Enabled for GPU 1 / HCA 1 (distance 4 <= 5), read 0 mode Default
furious-puma-1:117000:117524 [4] NCCL INFO GPU Direct RDMA Enabled for GPU 3 / HCA 3 (distance 4 <= 5), read 0 mode Default
furious-puma-1:116997:117523 [1] NCCL INFO GPU Direct RDMA Enabled for GPU 2 / HCA 1 (distance 4 <= 5), read 0 mode Default
furious-puma-1:117000:117524 [4] NCCL INFO GPU Direct RDMA Enabled for GPU 4 / HCA 3 (distance 4 <= 5), read 0 mode Default
furious-puma-1:116997:117523 [1] NCCL INFO GPU Direct RDMA Enabled for GPU 3 / HCA 1 (distance 4 <= 5), read 0 mode Default
furious-puma-1:117000:117524 [4] NCCL INFO GPU Direct RDMA Enabled for GPU 5 / HCA 3 (distance 4 <= 5), read 0 mode Default
furious-puma-1:116997:117523 [1] NCCL INFO GPU Direct RDMA Enabled for GPU 4 / HCA 1 (distance 4 <= 5), read 0 mode Default
furious-puma-1:117000:117524 [4] NCCL INFO GPU Direct RDMA Enabled for GPU 6 / HCA 3 (distance 4 <= 5), read 0 mode Default
furious-puma-1:116997:117523 [1] NCCL INFO GPU Direct RDMA Enabled for GPU 5 / HCA 1 (distance 4 <= 5), read 0 mode Default
furious-puma-1:117000:117524 [4] NCCL INFO GPU Direct RDMA Enabled for GPU 7 / HCA 3 (distance 4 <= 5), read 0 mode Default
furious-puma-1:116997:117523 [1] NCCL INFO GPU Direct RDMA Enabled for GPU 6 / HCA 1 (distance 4 <= 5), read 0 mode Default
furious-puma-1:117000:117524 [4] NCCL INFO GPU Direct RDMA Enabled for GPU 0 / HCA 4 (distance 4 <= 5), read 0 mode Default
furious-puma-1:116997:117523 [1] NCCL INFO GPU Direct RDMA Enabled for GPU 7 / HCA 1 (distance 4 <= 5), read 0 mode Default
furious-puma-1:117000:117524 [4] NCCL INFO GPU Direct RDMA Enabled for GPU 1 / HCA 4 (distance 4 <= 5), read 0 mode Default
furious-puma-1:116997:117523 [1] NCCL INFO GPU Direct RDMA Enabled for GPU 0 / HCA 2 (distance 4 <= 5), read 0 mode Default
furious-puma-1:117000:117524 [4] NCCL INFO GPU Direct RDMA Enabled for GPU 2 / HCA 4 (distance 4 <= 5), read 0 mode Default
furious-puma-1:116997:117523 [1] NCCL INFO GPU Direct RDMA Enabled for GPU 1 / HCA 2 (distance 4 <= 5), read 0 mode Default
furious-puma-1:117000:117524 [4] NCCL INFO GPU Direct RDMA Enabled for GPU 3 / HCA 4 (distance 4 <= 5), read 0 mode Default
furious-puma-1:116997:117523 [1] NCCL INFO GPU Direct RDMA Enabled for GPU 2 / HCA 2 (distance 4 <= 5), read 0 mode Default
furious-puma-1:117000:117524 [4] NCCL INFO GPU Direct RDMA Enabled for GPU 4 / HCA 4 (distance 4 <= 5), read 0 mode Default
furious-puma-1:116997:117523 [1] NCCL INFO GPU Direct RDMA Enabled for GPU 3 / HCA 2 (distance 4 <= 5), read 0 mode Default
furious-puma-1:117000:117524 [4] NCCL INFO GPU Direct RDMA Enabled for GPU 5 / HCA 4 (distance 4 <= 5), read 0 mode Default
furious-puma-1:116997:117523 [1] NCCL INFO GPU Direct RDMA Enabled for GPU 4 / HCA 2 (distance 4 <= 5), read 0 mode Default
furious-puma-1:117000:117524 [4] NCCL INFO GPU Direct RDMA Enabled for GPU 6 / HCA 4 (distance 4 <= 5), read 0 mode Default
furious-puma-1:116997:117523 [1] NCCL INFO GPU Direct RDMA Enabled for GPU 5 / HCA 2 (distance 4 <= 5), read 0 mode Default
furious-puma-1:117000:117524 [4] NCCL INFO GPU Direct RDMA Enabled for GPU 7 / HCA 4 (distance 4 <= 5), read 0 mode Default
furious-puma-1:116997:117523 [1] NCCL INFO GPU Direct RDMA Enabled for GPU 6 / HCA 2 (distance 4 <= 5), read 0 mode Default
furious-puma-1:117000:117524 [4] NCCL INFO GPU Direct RDMA Enabled for GPU 0 / HCA 5 (distance 4 <= 5), read 0 mode Default
furious-puma-1:116997:117523 [1] NCCL INFO GPU Direct RDMA Enabled for GPU 7 / HCA 2 (distance 4 <= 5), read 0 mode Default
furious-puma-1:117000:117524 [4] NCCL INFO GPU Direct RDMA Enabled for GPU 1 / HCA 5 (distance 4 <= 5), read 0 mode Default
furious-puma-1:116997:117523 [1] NCCL INFO GPU Direct RDMA Enabled for GPU 0 / HCA 3 (distance 4 <= 5), read 0 mode Default
furious-puma-1:117000:117524 [4] NCCL INFO GPU Direct RDMA Enabled for GPU 2 / HCA 5 (distance 4 <= 5), read 0 mode Default
furious-puma-1:116997:117523 [1] NCCL INFO GPU Direct RDMA Enabled for GPU 1 / HCA 3 (distance 4 <= 5), read 0 mode Default
furious-puma-1:117000:117524 [4] NCCL INFO GPU Direct RDMA Enabled for GPU 3 / HCA 5 (distance 4 <= 5), read 0 mode Default
furious-puma-1:116997:117523 [1] NCCL INFO GPU Direct RDMA Enabled for GPU 2 / HCA 3 (distance 4 <= 5), read 0 mode Default
furious-puma-1:117000:117524 [4] NCCL INFO GPU Direct RDMA Enabled for GPU 4 / HCA 5 (distance 4 <= 5), read 0 mode Default
furious-puma-1:116997:117523 [1] NCCL INFO GPU Direct RDMA Enabled for GPU 3 / HCA 3 (distance 4 <= 5), read 0 mode Default
furious-puma-1:117000:117524 [4] NCCL INFO GPU Direct RDMA Enabled for GPU 5 / HCA 5 (distance 4 <= 5), read 0 mode Default
furious-puma-1:116997:117523 [1] NCCL INFO GPU Direct RDMA Enabled for GPU 4 / HCA 3 (distance 4 <= 5), read 0 mode Default
furious-puma-1:117000:117524 [4] NCCL INFO GPU Direct RDMA Enabled for GPU 6 / HCA 5 (distance 4 <= 5), read 0 mode Default
furious-puma-1:116997:117523 [1] NCCL INFO GPU Direct RDMA Enabled for GPU 5 / HCA 3 (distance 4 <= 5), read 0 mode Default
furious-puma-1:117000:117524 [4] NCCL INFO GPU Direct RDMA Enabled for GPU 7 / HCA 5 (distance 4 <= 5), read 0 mode Default
furious-puma-1:116997:117523 [1] NCCL INFO GPU Direct RDMA Enabled for GPU 6 / HCA 3 (distance 4 <= 5), read 0 mode Default
furious-puma-1:117000:117524 [4] NCCL INFO GPU Direct RDMA Enabled for GPU 0 / HCA 6 (distance 4 <= 5), read 0 mode Default
furious-puma-1:116997:117523 [1] NCCL INFO GPU Direct RDMA Enabled for GPU 7 / HCA 3 (distance 4 <= 5), read 0 mode Default
furious-puma-1:117000:117524 [4] NCCL INFO GPU Direct RDMA Enabled for GPU 1 / HCA 6 (distance 4 <= 5), read 0 mode Default
furious-puma-1:116998:117525 [2] NCCL INFO === System : maxBw 370.8 totalBw 370.8 ===
furious-puma-1:116997:117523 [1] NCCL INFO GPU Direct RDMA Enabled for GPU 0 / HCA 4 (distance 4 <= 5), read 0 mode Default
furious-puma-1:117000:117524 [4] NCCL INFO GPU Direct RDMA Enabled for GPU 2 / HCA 6 (distance 4 <= 5), read 0 mode Default
furious-puma-1:116998:117525 [2] NCCL INFO CPU/0-0 (1/1/3)
furious-puma-1:116997:117523 [1] NCCL INFO GPU Direct RDMA Enabled for GPU 1 / HCA 4 (distance 4 <= 5), read 0 mode Default
furious-puma-1:117000:117524 [4] NCCL INFO GPU Direct RDMA Enabled for GPU 3 / HCA 6 (distance 4 <= 5), read 0 mode Default
furious-puma-1:116998:117525 [2] NCCL INFO + PCI[48.0] - PCI/0-ffffff010 (0)
furious-puma-1:117000:117524 [4] NCCL INFO GPU Direct RDMA Enabled for GPU 4 / HCA 6 (distance 4 <= 5), read 0 mode Default
furious-puma-1:116997:117523 [1] NCCL INFO GPU Direct RDMA Enabled for GPU 2 / HCA 4 (distance 4 <= 5), read 0 mode Default
furious-puma-1:116998:117525 [2] NCCL INFO               + PCI[48.0] - GPU/0-7f000 (0)
furious-puma-1:117000:117524 [4] NCCL INFO GPU Direct RDMA Enabled for GPU 5 / HCA 6 (distance 4 <= 5), read 0 mode Default
furious-puma-1:116997:117523 [1] NCCL INFO GPU Direct RDMA Enabled for GPU 3 / HCA 4 (distance 4 <= 5), read 0 mode Default
furious-puma-1:116998:117525 [2] NCCL INFO                             + NVL[370.8] - NVS/0-0
furious-puma-1:117000:117524 [4] NCCL INFO GPU Direct RDMA Enabled for GPU 6 / HCA 6 (distance 4 <= 5), read 0 mode Default
furious-puma-1:116997:117523 [1] NCCL INFO GPU Direct RDMA Enabled for GPU 4 / HCA 4 (distance 4 <= 5), read 0 mode Default
furious-puma-1:116998:117525 [2] NCCL INFO               + PCI[48.0] - NIC/0-80000
furious-puma-1:117000:117524 [4] NCCL INFO GPU Direct RDMA Enabled for GPU 7 / HCA 6 (distance 4 <= 5), read 0 mode Default
furious-puma-1:116998:117525 [2] NCCL INFO + PCI[48.0] - PCI/0-ffffff020 (0)
furious-puma-1:116997:117523 [1] NCCL INFO GPU Direct RDMA Enabled for GPU 5 / HCA 4 (distance 4 <= 5), read 0 mode Default
furious-puma-1:117000:117524 [4] NCCL INFO GPU Direct RDMA Enabled for GPU 0 / HCA 7 (distance 4 <= 5), read 0 mode Default
furious-puma-1:116997:117523 [1] NCCL INFO GPU Direct RDMA Enabled for GPU 6 / HCA 4 (distance 4 <= 5), read 0 mode Default
furious-puma-1:116998:117525 [2] NCCL INFO               + PCI[48.0] - NIC/0-90000
furious-puma-1:117000:117524 [4] NCCL INFO GPU Direct RDMA Enabled for GPU 1 / HCA 7 (distance 4 <= 5), read 0 mode Default
furious-puma-1:116998:117525 [2] NCCL INFO               + PCI[48.0] - GPU/0-8f000 (1)
furious-puma-1:116997:117523 [1] NCCL INFO GPU Direct RDMA Enabled for GPU 7 / HCA 4 (distance 4 <= 5), read 0 mode Default
furious-puma-1:117000:117524 [4] NCCL INFO GPU Direct RDMA Enabled for GPU 2 / HCA 7 (distance 4 <= 5), read 0 mode Default
furious-puma-1:116998:117525 [2] NCCL INFO                             + NVL[370.8] - NVS/0-0
furious-puma-1:116997:117523 [1] NCCL INFO GPU Direct RDMA Enabled for GPU 0 / HCA 5 (distance 4 <= 5), read 0 mode Default
furious-puma-1:116998:117525 [2] NCCL INFO + PCI[48.0] - PCI/0-ffffff030 (0)
furious-puma-1:117000:117524 [4] NCCL INFO GPU Direct RDMA Enabled for GPU 3 / HCA 7 (distance 4 <= 5), read 0 mode Default
furious-puma-1:116997:117523 [1] NCCL INFO GPU Direct RDMA Enabled for GPU 1 / HCA 5 (distance 4 <= 5), read 0 mode Default
furious-puma-1:116998:117525 [2] NCCL INFO               + PCI[48.0] - NIC/0-a0000
furious-puma-1:116998:117525 [2] NCCL INFO               + PCI[48.0] - GPU/0-9f000 (2)
furious-puma-1:116997:117523 [1] NCCL INFO GPU Direct RDMA Enabled for GPU 2 / HCA 5 (distance 4 <= 5), read 0 mode Default
furious-puma-1:117000:117524 [4] NCCL INFO GPU Direct RDMA Enabled for GPU 4 / HCA 7 (distance 4 <= 5), read 0 mode Default
furious-puma-1:116998:117525 [2] NCCL INFO                             + NVL[370.8] - NVS/0-0
furious-puma-1:116997:117523 [1] NCCL INFO GPU Direct RDMA Enabled for GPU 3 / HCA 5 (distance 4 <= 5), read 0 mode Default
furious-puma-1:116998:117525 [2] NCCL INFO + PCI[48.0] - PCI/0-ffffff040 (0)
furious-puma-1:117000:117524 [4] NCCL INFO GPU Direct RDMA Enabled for GPU 5 / HCA 7 (distance 4 <= 5), read 0 mode Default
furious-puma-1:116999:117521 [3] NCCL INFO GPU Direct RDMA Enabled for GPU 0 / HCA 0 (distance 4 <= 5), read 0 mode Default
furious-puma-1:116998:117525 [2] NCCL INFO               + PCI[48.0] - NIC/0-b0000
furious-puma-1:116997:117523 [1] NCCL INFO GPU Direct RDMA Enabled for GPU 4 / HCA 5 (distance 4 <= 5), read 0 mode Default
furious-puma-1:117000:117524 [4] NCCL INFO GPU Direct RDMA Enabled for GPU 6 / HCA 7 (distance 4 <= 5), read 0 mode Default
furious-puma-1:116998:117525 [2] NCCL INFO               + PCI[48.0] - GPU/0-af000 (3)
furious-puma-1:116997:117523 [1] NCCL INFO GPU Direct RDMA Enabled for GPU 5 / HCA 5 (distance 4 <= 5), read 0 mode Default
furious-puma-1:117000:117524 [4] NCCL INFO GPU Direct RDMA Enabled for GPU 7 / HCA 7 (distance 4 <= 5), read 0 mode Default
furious-puma-1:116998:117525 [2] NCCL INFO                             + NVL[370.8] - NVS/0-0
furious-puma-1:116999:117521 [3] NCCL INFO GPU Direct RDMA Enabled for GPU 1 / HCA 0 (distance 4 <= 5), read 0 mode Default
furious-puma-1:116997:117523 [1] NCCL INFO GPU Direct RDMA Enabled for GPU 6 / HCA 5 (distance 4 <= 5), read 0 mode Default
furious-puma-1:116998:117525 [2] NCCL INFO + SYS[22.0] - CPU/0-1
furious-puma-1:116999:117521 [3] NCCL INFO GPU Direct RDMA Enabled for GPU 2 / HCA 0 (distance 4 <= 5), read 0 mode Default
furious-puma-1:116997:117523 [1] NCCL INFO GPU Direct RDMA Enabled for GPU 7 / HCA 5 (distance 4 <= 5), read 0 mode Default
furious-puma-1:116998:117525 [2] NCCL INFO CPU/0-1 (1/1/3)
furious-puma-1:116998:117525 [2] NCCL INFO + PCI[48.0] - PCI/0-ffffff050 (0)
furious-puma-1:116999:117521 [3] NCCL INFO GPU Direct RDMA Enabled for GPU 3 / HCA 0 (distance 4 <= 5), read 0 mode Default
furious-puma-1:116997:117523 [1] NCCL INFO GPU Direct RDMA Enabled for GPU 0 / HCA 6 (distance 4 <= 5), read 0 mode Default
furious-puma-1:116998:117525 [2] NCCL INFO               + PCI[48.0] - NIC/0-c0000
furious-puma-1:116999:117521 [3] NCCL INFO GPU Direct RDMA Enabled for GPU 4 / HCA 0 (distance 4 <= 5), read 0 mode Default
furious-puma-1:116998:117525 [2] NCCL INFO               + PCI[48.0] - GPU/0-bf000 (4)
furious-puma-1:116997:117523 [1] NCCL INFO GPU Direct RDMA Enabled for GPU 1 / HCA 6 (distance 4 <= 5), read 0 mode Default
furious-puma-1:116999:117521 [3] NCCL INFO GPU Direct RDMA Enabled for GPU 5 / HCA 0 (distance 4 <= 5), read 0 mode Default
furious-puma-1:116998:117525 [2] NCCL INFO                             + NVL[370.8] - NVS/0-0
furious-puma-1:116997:117523 [1] NCCL INFO GPU Direct RDMA Enabled for GPU 2 / HCA 6 (distance 4 <= 5), read 0 mode Default
furious-puma-1:116999:117521 [3] NCCL INFO GPU Direct RDMA Enabled for GPU 6 / HCA 0 (distance 4 <= 5), read 0 mode Default
furious-puma-1:116998:117525 [2] NCCL INFO + PCI[48.0] - PCI/0-ffffff060 (0)
furious-puma-1:116997:117523 [1] NCCL INFO GPU Direct RDMA Enabled for GPU 3 / HCA 6 (distance 4 <= 5), read 0 mode Default
furious-puma-1:116999:117521 [3] NCCL INFO GPU Direct RDMA Enabled for GPU 7 / HCA 0 (distance 4 <= 5), read 0 mode Default
furious-puma-1:116998:117525 [2] NCCL INFO               + PCI[48.0] - NIC/0-d0000
furious-puma-1:116997:117523 [1] NCCL INFO GPU Direct RDMA Enabled for GPU 4 / HCA 6 (distance 4 <= 5), read 0 mode Default
furious-puma-1:116998:117525 [2] NCCL INFO               + PCI[48.0] - GPU/0-cf000 (5)
furious-puma-1:116997:117523 [1] NCCL INFO GPU Direct RDMA Enabled for GPU 5 / HCA 6 (distance 4 <= 5), read 0 mode Default
furious-puma-1:116999:117521 [3] NCCL INFO GPU Direct RDMA Enabled for GPU 0 / HCA 1 (distance 4 <= 5), read 0 mode Default
furious-puma-1:116998:117525 [2] NCCL INFO                             + NVL[370.8] - NVS/0-0
furious-puma-1:116997:117523 [1] NCCL INFO GPU Direct RDMA Enabled for GPU 6 / HCA 6 (distance 4 <= 5), read 0 mode Default
furious-puma-1:116998:117525 [2] NCCL INFO + PCI[48.0] - PCI/0-ffffff070 (0)
furious-puma-1:116999:117521 [3] NCCL INFO GPU Direct RDMA Enabled for GPU 1 / HCA 1 (distance 4 <= 5), read 0 mode Default
furious-puma-1:116997:117523 [1] NCCL INFO GPU Direct RDMA Enabled for GPU 7 / HCA 6 (distance 4 <= 5), read 0 mode Default
furious-puma-1:116998:117525 [2] NCCL INFO               + PCI[48.0] - NIC/0-e0000
furious-puma-1:116999:117521 [3] NCCL INFO GPU Direct RDMA Enabled for GPU 2 / HCA 1 (distance 4 <= 5), read 0 mode Default
furious-puma-1:116998:117525 [2] NCCL INFO               + PCI[48.0] - GPU/0-df000 (6)
furious-puma-1:116997:117523 [1] NCCL INFO GPU Direct RDMA Enabled for GPU 0 / HCA 7 (distance 4 <= 5), read 0 mode Default
furious-puma-1:116999:117521 [3] NCCL INFO GPU Direct RDMA Enabled for GPU 3 / HCA 1 (distance 4 <= 5), read 0 mode Default
furious-puma-1:116998:117525 [2] NCCL INFO                             + NVL[370.8] - NVS/0-0
furious-puma-1:116997:117523 [1] NCCL INFO GPU Direct RDMA Enabled for GPU 1 / HCA 7 (distance 4 <= 5), read 0 mode Default
furious-puma-1:116999:117521 [3] NCCL INFO GPU Direct RDMA Enabled for GPU 4 / HCA 1 (distance 4 <= 5), read 0 mode Default
furious-puma-1:116998:117525 [2] NCCL INFO + PCI[48.0] - PCI/0-ffffff080 (0)
furious-puma-1:116997:117523 [1] NCCL INFO GPU Direct RDMA Enabled for GPU 2 / HCA 7 (distance 4 <= 5), read 0 mode Default
furious-puma-1:116999:117521 [3] NCCL INFO GPU Direct RDMA Enabled for GPU 5 / HCA 1 (distance 4 <= 5), read 0 mode Default
furious-puma-1:116998:117525 [2] NCCL INFO               + PCI[48.0] - NIC/0-f0000
furious-puma-1:116997:117523 [1] NCCL INFO GPU Direct RDMA Enabled for GPU 3 / HCA 7 (distance 4 <= 5), read 0 mode Default
furious-puma-1:116999:117521 [3] NCCL INFO GPU Direct RDMA Enabled for GPU 6 / HCA 1 (distance 4 <= 5), read 0 mode Default
furious-puma-1:116998:117525 [2] NCCL INFO               + PCI[48.0] - GPU/0-ef000 (7)
furious-puma-1:116997:117523 [1] NCCL INFO GPU Direct RDMA Enabled for GPU 4 / HCA 7 (distance 4 <= 5), read 0 mode Default
furious-puma-1:116998:117525 [2] NCCL INFO                             + NVL[370.8] - NVS/0-0
furious-puma-1:116999:117521 [3] NCCL INFO GPU Direct RDMA Enabled for GPU 7 / HCA 1 (distance 4 <= 5), read 0 mode Default
furious-puma-1:116997:117523 [1] NCCL INFO GPU Direct RDMA Enabled for GPU 5 / HCA 7 (distance 4 <= 5), read 0 mode Default
furious-puma-1:116998:117525 [2] NCCL INFO + SYS[22.0] - CPU/0-0
furious-puma-1:116999:117521 [3] NCCL INFO GPU Direct RDMA Enabled for GPU 0 / HCA 2 (distance 4 <= 5), read 0 mode Default
furious-puma-1:116998:117525 [2] NCCL INFO ==========================================
furious-puma-1:116997:117523 [1] NCCL INFO GPU Direct RDMA Enabled for GPU 6 / HCA 7 (distance 4 <= 5), read 0 mode Default
furious-puma-1:116999:117521 [3] NCCL INFO GPU Direct RDMA Enabled for GPU 1 / HCA 2 (distance 4 <= 5), read 0 mode Default
furious-puma-1:116997:117523 [1] NCCL INFO GPU Direct RDMA Enabled for GPU 7 / HCA 7 (distance 4 <= 5), read 0 mode Default
furious-puma-1:116999:117521 [3] NCCL INFO GPU Direct RDMA Enabled for GPU 2 / HCA 2 (distance 4 <= 5), read 0 mode Default
furious-puma-1:116999:117521 [3] NCCL INFO GPU Direct RDMA Enabled for GPU 3 / HCA 2 (distance 4 <= 5), read 0 mode Default
furious-puma-1:116999:117521 [3] NCCL INFO GPU Direct RDMA Enabled for GPU 4 / HCA 2 (distance 4 <= 5), read 0 mode Default
furious-puma-1:116998:117525 [2] NCCL INFO GPU/0-7f000 :GPU/0-7f000 (0/5000.0/LOC) GPU/0-8f000 (2/370.8/NVL) GPU/0-9f000 (2/370.8/NVL) GPU/0-af000 (2/370.8/NVL) GPU/0-bf000 (2/370.8/NVL) GPU/0-cf000 (2/370.8/NVL) GPU/0-df000 (2/370.8/NVL) GPU/0-ef000 (2/370.8/NVL) NVS/0-0 (1/370.8/NVL) CPU/0-0 (2/48.0/PHB) CPU/0-1 (3/22.0/SYS) 
furious-puma-1:116999:117521 [3] NCCL INFO GPU Direct RDMA Enabled for GPU 5 / HCA 2 (distance 4 <= 5), read 0 mode Default
furious-puma-1:116999:117521 [3] NCCL INFO GPU Direct RDMA Enabled for GPU 6 / HCA 2 (distance 4 <= 5), read 0 mode Default
furious-puma-1:116999:117521 [3] NCCL INFO GPU Direct RDMA Enabled for GPU 7 / HCA 2 (distance 4 <= 5), read 0 mode Default
furious-puma-1:116998:117525 [2] NCCL INFO GPU/0-8f000 :GPU/0-7f000 (2/370.8/NVL) GPU/0-8f000 (0/5000.0/LOC) GPU/0-9f000 (2/370.8/NVL) GPU/0-af000 (2/370.8/NVL) GPU/0-bf000 (2/370.8/NVL) GPU/0-cf000 (2/370.8/NVL) GPU/0-df000 (2/370.8/NVL) GPU/0-ef000 (2/370.8/NVL) NVS/0-0 (1/370.8/NVL) CPU/0-0 (2/48.0/PHB) CPU/0-1 (3/22.0/SYS) 
furious-puma-1:116999:117521 [3] NCCL INFO GPU Direct RDMA Enabled for GPU 0 / HCA 3 (distance 4 <= 5), read 0 mode Default
furious-puma-1:116999:117521 [3] NCCL INFO GPU Direct RDMA Enabled for GPU 1 / HCA 3 (distance 4 <= 5), read 0 mode Default
furious-puma-1:116999:117521 [3] NCCL INFO GPU Direct RDMA Enabled for GPU 2 / HCA 3 (distance 4 <= 5), read 0 mode Default
furious-puma-1:116999:117521 [3] NCCL INFO GPU Direct RDMA Enabled for GPU 3 / HCA 3 (distance 4 <= 5), read 0 mode Default
furious-puma-1:116998:117525 [2] NCCL INFO GPU/0-9f000 :GPU/0-7f000 (2/370.8/NVL) GPU/0-8f000 (2/370.8/NVL) GPU/0-9f000 (0/5000.0/LOC) GPU/0-af000 (2/370.8/NVL) GPU/0-bf000 (2/370.8/NVL) GPU/0-cf000 (2/370.8/NVL) GPU/0-df000 (2/370.8/NVL) GPU/0-ef000 (2/370.8/NVL) NVS/0-0 (1/370.8/NVL) CPU/0-0 (2/48.0/PHB) CPU/0-1 (3/22.0/SYS) 
furious-puma-1:116999:117521 [3] NCCL INFO GPU Direct RDMA Enabled for GPU 4 / HCA 3 (distance 4 <= 5), read 0 mode Default
furious-puma-1:116999:117521 [3] NCCL INFO GPU Direct RDMA Enabled for GPU 5 / HCA 3 (distance 4 <= 5), read 0 mode Default
furious-puma-1:116999:117521 [3] NCCL INFO GPU Direct RDMA Enabled for GPU 6 / HCA 3 (distance 4 <= 5), read 0 mode Default
furious-puma-1:116998:117525 [2] NCCL INFO GPU/0-af000 :GPU/0-7f000 (2/370.8/NVL) GPU/0-8f000 (2/370.8/NVL) GPU/0-9f000 (2/370.8/NVL) GPU/0-af000 (0/5000.0/LOC) GPU/0-bf000 (2/370.8/NVL) GPU/0-cf000 (2/370.8/NVL) GPU/0-df000 (2/370.8/NVL) GPU/0-ef000 (2/370.8/NVL) NVS/0-0 (1/370.8/NVL) CPU/0-0 (2/48.0/PHB) CPU/0-1 (3/22.0/SYS) 
furious-puma-1:116999:117521 [3] NCCL INFO GPU Direct RDMA Enabled for GPU 7 / HCA 3 (distance 4 <= 5), read 0 mode Default
furious-puma-1:116999:117521 [3] NCCL INFO GPU Direct RDMA Enabled for GPU 0 / HCA 4 (distance 4 <= 5), read 0 mode Default
furious-puma-1:116999:117521 [3] NCCL INFO GPU Direct RDMA Enabled for GPU 1 / HCA 4 (distance 4 <= 5), read 0 mode Default
furious-puma-1:116998:117525 [2] NCCL INFO GPU/0-bf000 :GPU/0-7f000 (2/370.8/NVL) GPU/0-8f000 (2/370.8/NVL) GPU/0-9f000 (2/370.8/NVL) GPU/0-af000 (2/370.8/NVL) GPU/0-bf000 (0/5000.0/LOC) GPU/0-cf000 (2/370.8/NVL) GPU/0-df000 (2/370.8/NVL) GPU/0-ef000 (2/370.8/NVL) NVS/0-0 (1/370.8/NVL) CPU/0-0 (3/22.0/SYS) CPU/0-1 (2/48.0/PHB) 
furious-puma-1:116999:117521 [3] NCCL INFO GPU Direct RDMA Enabled for GPU 2 / HCA 4 (distance 4 <= 5), read 0 mode Default
furious-puma-1:116999:117521 [3] NCCL INFO GPU Direct RDMA Enabled for GPU 3 / HCA 4 (distance 4 <= 5), read 0 mode Default
furious-puma-1:116999:117521 [3] NCCL INFO GPU Direct RDMA Enabled for GPU 4 / HCA 4 (distance 4 <= 5), read 0 mode Default
furious-puma-1:116998:117525 [2] NCCL INFO GPU/0-cf000 :GPU/0-7f000 (2/370.8/NVL) GPU/0-8f000 (2/370.8/NVL) GPU/0-9f000 (2/370.8/NVL) GPU/0-af000 (2/370.8/NVL) GPU/0-bf000 (2/370.8/NVL) GPU/0-cf000 (0/5000.0/LOC) GPU/0-df000 (2/370.8/NVL) GPU/0-ef000 (2/370.8/NVL) NVS/0-0 (1/370.8/NVL) CPU/0-0 (3/22.0/SYS) CPU/0-1 (2/48.0/PHB) 
furious-puma-1:116999:117521 [3] NCCL INFO GPU Direct RDMA Enabled for GPU 5 / HCA 4 (distance 4 <= 5), read 0 mode Default
furious-puma-1:116999:117521 [3] NCCL INFO GPU Direct RDMA Enabled for GPU 6 / HCA 4 (distance 4 <= 5), read 0 mode Default
furious-puma-1:116999:117521 [3] NCCL INFO GPU Direct RDMA Enabled for GPU 7 / HCA 4 (distance 4 <= 5), read 0 mode Default
furious-puma-1:116999:117521 [3] NCCL INFO GPU Direct RDMA Enabled for GPU 0 / HCA 5 (distance 4 <= 5), read 0 mode Default
furious-puma-1:116998:117525 [2] NCCL INFO GPU/0-df000 :GPU/0-7f000 (2/370.8/NVL) GPU/0-8f000 (2/370.8/NVL) GPU/0-9f000 (2/370.8/NVL) GPU/0-af000 (2/370.8/NVL) GPU/0-bf000 (2/370.8/NVL) GPU/0-cf000 (2/370.8/NVL) GPU/0-df000 (0/5000.0/LOC) GPU/0-ef000 (2/370.8/NVL) NVS/0-0 (1/370.8/NVL) CPU/0-0 (3/22.0/SYS) CPU/0-1 (2/48.0/PHB) 
furious-puma-1:116999:117521 [3] NCCL INFO GPU Direct RDMA Enabled for GPU 1 / HCA 5 (distance 4 <= 5), read 0 mode Default
furious-puma-1:116999:117521 [3] NCCL INFO GPU Direct RDMA Enabled for GPU 2 / HCA 5 (distance 4 <= 5), read 0 mode Default
furious-puma-1:116999:117521 [3] NCCL INFO GPU Direct RDMA Enabled for GPU 3 / HCA 5 (distance 4 <= 5), read 0 mode Default
furious-puma-1:116999:117521 [3] NCCL INFO GPU Direct RDMA Enabled for GPU 4 / HCA 5 (distance 4 <= 5), read 0 mode Default
furious-puma-1:116998:117525 [2] NCCL INFO GPU/0-ef000 :GPU/0-7f000 (2/370.8/NVL) GPU/0-8f000 (2/370.8/NVL) GPU/0-9f000 (2/370.8/NVL) GPU/0-af000 (2/370.8/NVL) GPU/0-bf000 (2/370.8/NVL) GPU/0-cf000 (2/370.8/NVL) GPU/0-df000 (2/370.8/NVL) GPU/0-ef000 (0/5000.0/LOC) NVS/0-0 (1/370.8/NVL) CPU/0-0 (3/22.0/SYS) CPU/0-1 (2/48.0/PHB) 
furious-puma-1:116999:117521 [3] NCCL INFO GPU Direct RDMA Enabled for GPU 5 / HCA 5 (distance 4 <= 5), read 0 mode Default
furious-puma-1:116999:117521 [3] NCCL INFO GPU Direct RDMA Enabled for GPU 6 / HCA 5 (distance 4 <= 5), read 0 mode Default
furious-puma-1:116999:117521 [3] NCCL INFO GPU Direct RDMA Enabled for GPU 7 / HCA 5 (distance 4 <= 5), read 0 mode Default
furious-puma-1:116999:117521 [3] NCCL INFO GPU Direct RDMA Enabled for GPU 0 / HCA 6 (distance 4 <= 5), read 0 mode Default
furious-puma-1:116998:117525 [2] NCCL INFO Setting affinity for GPU 2 to 0-79
furious-puma-1:116999:117521 [3] NCCL INFO GPU Direct RDMA Enabled for GPU 1 / HCA 6 (distance 4 <= 5), read 0 mode Default
furious-puma-1:116999:117521 [3] NCCL INFO GPU Direct RDMA Enabled for GPU 2 / HCA 6 (distance 4 <= 5), read 0 mode Default
furious-puma-1:116999:117521 [3] NCCL INFO GPU Direct RDMA Enabled for GPU 3 / HCA 6 (distance 4 <= 5), read 0 mode Default
furious-puma-1:116999:117521 [3] NCCL INFO GPU Direct RDMA Enabled for GPU 4 / HCA 6 (distance 4 <= 5), read 0 mode Default
furious-puma-1:116999:117521 [3] NCCL INFO GPU Direct RDMA Enabled for GPU 5 / HCA 6 (distance 4 <= 5), read 0 mode Default
furious-puma-1:116999:117521 [3] NCCL INFO GPU Direct RDMA Enabled for GPU 6 / HCA 6 (distance 4 <= 5), read 0 mode Default
furious-puma-1:116999:117521 [3] NCCL INFO GPU Direct RDMA Enabled for GPU 7 / HCA 6 (distance 4 <= 5), read 0 mode Default
furious-puma-1:116999:117521 [3] NCCL INFO GPU Direct RDMA Enabled for GPU 0 / HCA 7 (distance 4 <= 5), read 0 mode Default
furious-puma-1:116999:117521 [3] NCCL INFO GPU Direct RDMA Enabled for GPU 1 / HCA 7 (distance 4 <= 5), read 0 mode Default
furious-puma-1:116999:117521 [3] NCCL INFO GPU Direct RDMA Enabled for GPU 2 / HCA 7 (distance 4 <= 5), read 0 mode Default
furious-puma-1:116999:117521 [3] NCCL INFO GPU Direct RDMA Enabled for GPU 3 / HCA 7 (distance 4 <= 5), read 0 mode Default
furious-puma-1:116999:117521 [3] NCCL INFO GPU Direct RDMA Enabled for GPU 4 / HCA 7 (distance 4 <= 5), read 0 mode Default
furious-puma-1:116999:117521 [3] NCCL INFO GPU Direct RDMA Enabled for GPU 5 / HCA 7 (distance 4 <= 5), read 0 mode Default
furious-puma-1:116999:117521 [3] NCCL INFO GPU Direct RDMA Enabled for GPU 6 / HCA 7 (distance 4 <= 5), read 0 mode Default
furious-puma-1:116999:117521 [3] NCCL INFO GPU Direct RDMA Enabled for GPU 7 / HCA 7 (distance 4 <= 5), read 0 mode Default
furious-puma-1:117001:117522 [5] NCCL INFO GPU Direct RDMA Enabled for GPU 0 / HCA 0 (distance 4 <= 5), read 0 mode Default
furious-puma-1:117001:117522 [5] NCCL INFO GPU Direct RDMA Enabled for GPU 1 / HCA 0 (distance 4 <= 5), read 0 mode Default
furious-puma-1:117001:117522 [5] NCCL INFO GPU Direct RDMA Enabled for GPU 2 / HCA 0 (distance 4 <= 5), read 0 mode Default
furious-puma-1:117001:117522 [5] NCCL INFO GPU Direct RDMA Enabled for GPU 3 / HCA 0 (distance 4 <= 5), read 0 mode Default
furious-puma-1:117001:117522 [5] NCCL INFO GPU Direct RDMA Enabled for GPU 4 / HCA 0 (distance 4 <= 5), read 0 mode Default
furious-puma-1:117001:117522 [5] NCCL INFO GPU Direct RDMA Enabled for GPU 5 / HCA 0 (distance 4 <= 5), read 0 mode Default
furious-puma-1:117001:117522 [5] NCCL INFO GPU Direct RDMA Enabled for GPU 6 / HCA 0 (distance 4 <= 5), read 0 mode Default
furious-puma-1:117001:117522 [5] NCCL INFO GPU Direct RDMA Enabled for GPU 7 / HCA 0 (distance 4 <= 5), read 0 mode Default
furious-puma-1:117001:117522 [5] NCCL INFO GPU Direct RDMA Enabled for GPU 0 / HCA 1 (distance 4 <= 5), read 0 mode Default
furious-puma-1:117001:117522 [5] NCCL INFO GPU Direct RDMA Enabled for GPU 1 / HCA 1 (distance 4 <= 5), read 0 mode Default
furious-puma-1:117001:117522 [5] NCCL INFO GPU Direct RDMA Enabled for GPU 2 / HCA 1 (distance 4 <= 5), read 0 mode Default
furious-puma-1:117001:117522 [5] NCCL INFO GPU Direct RDMA Enabled for GPU 3 / HCA 1 (distance 4 <= 5), read 0 mode Default
furious-puma-1:117001:117522 [5] NCCL INFO GPU Direct RDMA Enabled for GPU 4 / HCA 1 (distance 4 <= 5), read 0 mode Default
furious-puma-1:117001:117522 [5] NCCL INFO GPU Direct RDMA Enabled for GPU 5 / HCA 1 (distance 4 <= 5), read 0 mode Default
furious-puma-1:116998:117525 [2] NCCL INFO NVLS multicast support is available on dev 2 (NVLS_NCHANNELS 16)
furious-puma-1:117001:117522 [5] NCCL INFO GPU Direct RDMA Enabled for GPU 6 / HCA 1 (distance 4 <= 5), read 0 mode Default
furious-puma-1:117001:117522 [5] NCCL INFO GPU Direct RDMA Enabled for GPU 7 / HCA 1 (distance 4 <= 5), read 0 mode Default
furious-puma-1:117001:117522 [5] NCCL INFO GPU Direct RDMA Enabled for GPU 0 / HCA 2 (distance 4 <= 5), read 0 mode Default
furious-puma-1:117001:117522 [5] NCCL INFO GPU Direct RDMA Enabled for GPU 1 / HCA 2 (distance 4 <= 5), read 0 mode Default
furious-puma-1:117001:117522 [5] NCCL INFO GPU Direct RDMA Enabled for GPU 2 / HCA 2 (distance 4 <= 5), read 0 mode Default
furious-puma-1:117001:117522 [5] NCCL INFO GPU Direct RDMA Enabled for GPU 3 / HCA 2 (distance 4 <= 5), read 0 mode Default
furious-puma-1:117001:117522 [5] NCCL INFO GPU Direct RDMA Enabled for GPU 4 / HCA 2 (distance 4 <= 5), read 0 mode Default
furious-puma-1:117001:117522 [5] NCCL INFO GPU Direct RDMA Enabled for GPU 5 / HCA 2 (distance 4 <= 5), read 0 mode Default
furious-puma-1:117001:117522 [5] NCCL INFO GPU Direct RDMA Enabled for GPU 6 / HCA 2 (distance 4 <= 5), read 0 mode Default
furious-puma-1:117003:117520 [7] NCCL INFO GPU Direct RDMA Enabled for GPU 0 / HCA 0 (distance 4 <= 5), read 0 mode Default
furious-puma-1:117001:117522 [5] NCCL INFO GPU Direct RDMA Enabled for GPU 7 / HCA 2 (distance 4 <= 5), read 0 mode Default
furious-puma-1:117001:117522 [5] NCCL INFO GPU Direct RDMA Enabled for GPU 0 / HCA 3 (distance 4 <= 5), read 0 mode Default
furious-puma-1:117003:117520 [7] NCCL INFO GPU Direct RDMA Enabled for GPU 1 / HCA 0 (distance 4 <= 5), read 0 mode Default
furious-puma-1:117001:117522 [5] NCCL INFO GPU Direct RDMA Enabled for GPU 1 / HCA 3 (distance 4 <= 5), read 0 mode Default
furious-puma-1:117003:117520 [7] NCCL INFO GPU Direct RDMA Enabled for GPU 2 / HCA 0 (distance 4 <= 5), read 0 mode Default
furious-puma-1:117001:117522 [5] NCCL INFO GPU Direct RDMA Enabled for GPU 2 / HCA 3 (distance 4 <= 5), read 0 mode Default
furious-puma-1:117003:117520 [7] NCCL INFO GPU Direct RDMA Enabled for GPU 3 / HCA 0 (distance 4 <= 5), read 0 mode Default
furious-puma-1:117001:117522 [5] NCCL INFO GPU Direct RDMA Enabled for GPU 3 / HCA 3 (distance 4 <= 5), read 0 mode Default
furious-puma-1:117003:117520 [7] NCCL INFO GPU Direct RDMA Enabled for GPU 4 / HCA 0 (distance 4 <= 5), read 0 mode Default
furious-puma-1:117001:117522 [5] NCCL INFO GPU Direct RDMA Enabled for GPU 4 / HCA 3 (distance 4 <= 5), read 0 mode Default
furious-puma-1:117003:117520 [7] NCCL INFO GPU Direct RDMA Enabled for GPU 5 / HCA 0 (distance 4 <= 5), read 0 mode Default
furious-puma-1:117001:117522 [5] NCCL INFO GPU Direct RDMA Enabled for GPU 5 / HCA 3 (distance 4 <= 5), read 0 mode Default
furious-puma-1:117003:117520 [7] NCCL INFO GPU Direct RDMA Enabled for GPU 6 / HCA 0 (distance 4 <= 5), read 0 mode Default
furious-puma-1:117001:117522 [5] NCCL INFO GPU Direct RDMA Enabled for GPU 6 / HCA 3 (distance 4 <= 5), read 0 mode Default
furious-puma-1:117003:117520 [7] NCCL INFO GPU Direct RDMA Enabled for GPU 7 / HCA 0 (distance 4 <= 5), read 0 mode Default
furious-puma-1:117001:117522 [5] NCCL INFO GPU Direct RDMA Enabled for GPU 7 / HCA 3 (distance 4 <= 5), read 0 mode Default
furious-puma-1:117003:117520 [7] NCCL INFO GPU Direct RDMA Enabled for GPU 0 / HCA 1 (distance 4 <= 5), read 0 mode Default
furious-puma-1:117001:117522 [5] NCCL INFO GPU Direct RDMA Enabled for GPU 0 / HCA 4 (distance 4 <= 5), read 0 mode Default
furious-puma-1:117003:117520 [7] NCCL INFO GPU Direct RDMA Enabled for GPU 1 / HCA 1 (distance 4 <= 5), read 0 mode Default
furious-puma-1:117001:117522 [5] NCCL INFO GPU Direct RDMA Enabled for GPU 1 / HCA 4 (distance 4 <= 5), read 0 mode Default
furious-puma-1:116996:117518 [0] NCCL INFO GPU Direct RDMA Enabled for GPU 0 / HCA 0 (distance 4 <= 5), read 0 mode Default
furious-puma-1:117001:117522 [5] NCCL INFO GPU Direct RDMA Enabled for GPU 2 / HCA 4 (distance 4 <= 5), read 0 mode Default
furious-puma-1:117003:117520 [7] NCCL INFO GPU Direct RDMA Enabled for GPU 2 / HCA 1 (distance 4 <= 5), read 0 mode Default
furious-puma-1:117001:117522 [5] NCCL INFO GPU Direct RDMA Enabled for GPU 3 / HCA 4 (distance 4 <= 5), read 0 mode Default
furious-puma-1:117003:117520 [7] NCCL INFO GPU Direct RDMA Enabled for GPU 3 / HCA 1 (distance 4 <= 5), read 0 mode Default
furious-puma-1:116996:117518 [0] NCCL INFO GPU Direct RDMA Enabled for GPU 1 / HCA 0 (distance 4 <= 5), read 0 mode Default
furious-puma-1:117001:117522 [5] NCCL INFO GPU Direct RDMA Enabled for GPU 4 / HCA 4 (distance 4 <= 5), read 0 mode Default
furious-puma-1:117003:117520 [7] NCCL INFO GPU Direct RDMA Enabled for GPU 4 / HCA 1 (distance 4 <= 5), read 0 mode Default
furious-puma-1:116996:117518 [0] NCCL INFO GPU Direct RDMA Enabled for GPU 2 / HCA 0 (distance 4 <= 5), read 0 mode Default
furious-puma-1:117001:117522 [5] NCCL INFO GPU Direct RDMA Enabled for GPU 5 / HCA 4 (distance 4 <= 5), read 0 mode Default
furious-puma-1:117003:117520 [7] NCCL INFO GPU Direct RDMA Enabled for GPU 5 / HCA 1 (distance 4 <= 5), read 0 mode Default
furious-puma-1:116996:117518 [0] NCCL INFO GPU Direct RDMA Enabled for GPU 3 / HCA 0 (distance 4 <= 5), read 0 mode Default
furious-puma-1:117001:117522 [5] NCCL INFO GPU Direct RDMA Enabled for GPU 6 / HCA 4 (distance 4 <= 5), read 0 mode Default
furious-puma-1:117003:117520 [7] NCCL INFO GPU Direct RDMA Enabled for GPU 6 / HCA 1 (distance 4 <= 5), read 0 mode Default
furious-puma-1:116996:117518 [0] NCCL INFO GPU Direct RDMA Enabled for GPU 4 / HCA 0 (distance 4 <= 5), read 0 mode Default
furious-puma-1:117001:117522 [5] NCCL INFO GPU Direct RDMA Enabled for GPU 7 / HCA 4 (distance 4 <= 5), read 0 mode Default
furious-puma-1:117003:117520 [7] NCCL INFO GPU Direct RDMA Enabled for GPU 7 / HCA 1 (distance 4 <= 5), read 0 mode Default
furious-puma-1:116996:117518 [0] NCCL INFO GPU Direct RDMA Enabled for GPU 5 / HCA 0 (distance 4 <= 5), read 0 mode Default
furious-puma-1:117001:117522 [5] NCCL INFO GPU Direct RDMA Enabled for GPU 0 / HCA 5 (distance 4 <= 5), read 0 mode Default
furious-puma-1:116996:117518 [0] NCCL INFO GPU Direct RDMA Enabled for GPU 6 / HCA 0 (distance 4 <= 5), read 0 mode Default
furious-puma-1:117003:117520 [7] NCCL INFO GPU Direct RDMA Enabled for GPU 0 / HCA 2 (distance 4 <= 5), read 0 mode Default
furious-puma-1:117001:117522 [5] NCCL INFO GPU Direct RDMA Enabled for GPU 1 / HCA 5 (distance 4 <= 5), read 0 mode Default
furious-puma-1:116996:117518 [0] NCCL INFO GPU Direct RDMA Enabled for GPU 7 / HCA 0 (distance 4 <= 5), read 0 mode Default
furious-puma-1:117003:117520 [7] NCCL INFO GPU Direct RDMA Enabled for GPU 1 / HCA 2 (distance 4 <= 5), read 0 mode Default
furious-puma-1:117001:117522 [5] NCCL INFO GPU Direct RDMA Enabled for GPU 2 / HCA 5 (distance 4 <= 5), read 0 mode Default
furious-puma-1:116996:117518 [0] NCCL INFO GPU Direct RDMA Enabled for GPU 0 / HCA 1 (distance 4 <= 5), read 0 mode Default
furious-puma-1:117003:117520 [7] NCCL INFO GPU Direct RDMA Enabled for GPU 2 / HCA 2 (distance 4 <= 5), read 0 mode Default
furious-puma-1:117001:117522 [5] NCCL INFO GPU Direct RDMA Enabled for GPU 3 / HCA 5 (distance 4 <= 5), read 0 mode Default
furious-puma-1:116996:117518 [0] NCCL INFO GPU Direct RDMA Enabled for GPU 1 / HCA 1 (distance 4 <= 5), read 0 mode Default
furious-puma-1:117003:117520 [7] NCCL INFO GPU Direct RDMA Enabled for GPU 3 / HCA 2 (distance 4 <= 5), read 0 mode Default
furious-puma-1:117001:117522 [5] NCCL INFO GPU Direct RDMA Enabled for GPU 4 / HCA 5 (distance 4 <= 5), read 0 mode Default
furious-puma-1:117003:117520 [7] NCCL INFO GPU Direct RDMA Enabled for GPU 4 / HCA 2 (distance 4 <= 5), read 0 mode Default
furious-puma-1:116996:117518 [0] NCCL INFO GPU Direct RDMA Enabled for GPU 2 / HCA 1 (distance 4 <= 5), read 0 mode Default
furious-puma-1:117001:117522 [5] NCCL INFO GPU Direct RDMA Enabled for GPU 5 / HCA 5 (distance 4 <= 5), read 0 mode Default
furious-puma-1:117003:117520 [7] NCCL INFO GPU Direct RDMA Enabled for GPU 5 / HCA 2 (distance 4 <= 5), read 0 mode Default
furious-puma-1:116996:117518 [0] NCCL INFO GPU Direct RDMA Enabled for GPU 3 / HCA 1 (distance 4 <= 5), read 0 mode Default
furious-puma-1:117001:117522 [5] NCCL INFO GPU Direct RDMA Enabled for GPU 6 / HCA 5 (distance 4 <= 5), read 0 mode Default
furious-puma-1:117003:117520 [7] NCCL INFO GPU Direct RDMA Enabled for GPU 6 / HCA 2 (distance 4 <= 5), read 0 mode Default
furious-puma-1:117001:117522 [5] NCCL INFO GPU Direct RDMA Enabled for GPU 7 / HCA 5 (distance 4 <= 5), read 0 mode Default
furious-puma-1:116996:117518 [0] NCCL INFO GPU Direct RDMA Enabled for GPU 4 / HCA 1 (distance 4 <= 5), read 0 mode Default
furious-puma-1:117003:117520 [7] NCCL INFO GPU Direct RDMA Enabled for GPU 7 / HCA 2 (distance 4 <= 5), read 0 mode Default
furious-puma-1:117001:117522 [5] NCCL INFO GPU Direct RDMA Enabled for GPU 0 / HCA 6 (distance 4 <= 5), read 0 mode Default
furious-puma-1:116996:117518 [0] NCCL INFO GPU Direct RDMA Enabled for GPU 5 / HCA 1 (distance 4 <= 5), read 0 mode Default
furious-puma-1:117003:117520 [7] NCCL INFO GPU Direct RDMA Enabled for GPU 0 / HCA 3 (distance 4 <= 5), read 0 mode Default
furious-puma-1:117001:117522 [5] NCCL INFO GPU Direct RDMA Enabled for GPU 1 / HCA 6 (distance 4 <= 5), read 0 mode Default
furious-puma-1:116996:117518 [0] NCCL INFO GPU Direct RDMA Enabled for GPU 6 / HCA 1 (distance 4 <= 5), read 0 mode Default
furious-puma-1:117003:117520 [7] NCCL INFO GPU Direct RDMA Enabled for GPU 1 / HCA 3 (distance 4 <= 5), read 0 mode Default
furious-puma-1:117001:117522 [5] NCCL INFO GPU Direct RDMA Enabled for GPU 2 / HCA 6 (distance 4 <= 5), read 0 mode Default
furious-puma-1:116996:117518 [0] NCCL INFO GPU Direct RDMA Enabled for GPU 7 / HCA 1 (distance 4 <= 5), read 0 mode Default
furious-puma-1:117003:117520 [7] NCCL INFO GPU Direct RDMA Enabled for GPU 2 / HCA 3 (distance 4 <= 5), read 0 mode Default
furious-puma-1:117001:117522 [5] NCCL INFO GPU Direct RDMA Enabled for GPU 3 / HCA 6 (distance 4 <= 5), read 0 mode Default
furious-puma-1:116996:117518 [0] NCCL INFO GPU Direct RDMA Enabled for GPU 0 / HCA 2 (distance 4 <= 5), read 0 mode Default
furious-puma-1:117003:117520 [7] NCCL INFO GPU Direct RDMA Enabled for GPU 3 / HCA 3 (distance 4 <= 5), read 0 mode Default
furious-puma-1:117001:117522 [5] NCCL INFO GPU Direct RDMA Enabled for GPU 4 / HCA 6 (distance 4 <= 5), read 0 mode Default
furious-puma-1:116996:117518 [0] NCCL INFO GPU Direct RDMA Enabled for GPU 1 / HCA 2 (distance 4 <= 5), read 0 mode Default
furious-puma-1:117003:117520 [7] NCCL INFO GPU Direct RDMA Enabled for GPU 4 / HCA 3 (distance 4 <= 5), read 0 mode Default
furious-puma-1:117001:117522 [5] NCCL INFO GPU Direct RDMA Enabled for GPU 5 / HCA 6 (distance 4 <= 5), read 0 mode Default
furious-puma-1:116996:117518 [0] NCCL INFO GPU Direct RDMA Enabled for GPU 2 / HCA 2 (distance 4 <= 5), read 0 mode Default
furious-puma-1:117003:117520 [7] NCCL INFO GPU Direct RDMA Enabled for GPU 5 / HCA 3 (distance 4 <= 5), read 0 mode Default
furious-puma-1:117001:117522 [5] NCCL INFO GPU Direct RDMA Enabled for GPU 6 / HCA 6 (distance 4 <= 5), read 0 mode Default
furious-puma-1:116996:117518 [0] NCCL INFO GPU Direct RDMA Enabled for GPU 3 / HCA 2 (distance 4 <= 5), read 0 mode Default
furious-puma-1:117003:117520 [7] NCCL INFO GPU Direct RDMA Enabled for GPU 6 / HCA 3 (distance 4 <= 5), read 0 mode Default
furious-puma-1:117001:117522 [5] NCCL INFO GPU Direct RDMA Enabled for GPU 7 / HCA 6 (distance 4 <= 5), read 0 mode Default
furious-puma-1:116996:117518 [0] NCCL INFO GPU Direct RDMA Enabled for GPU 4 / HCA 2 (distance 4 <= 5), read 0 mode Default
furious-puma-1:117003:117520 [7] NCCL INFO GPU Direct RDMA Enabled for GPU 7 / HCA 3 (distance 4 <= 5), read 0 mode Default
furious-puma-1:117001:117522 [5] NCCL INFO GPU Direct RDMA Enabled for GPU 0 / HCA 7 (distance 4 <= 5), read 0 mode Default
furious-puma-1:116996:117518 [0] NCCL INFO GPU Direct RDMA Enabled for GPU 5 / HCA 2 (distance 4 <= 5), read 0 mode Default
furious-puma-1:117003:117520 [7] NCCL INFO GPU Direct RDMA Enabled for GPU 0 / HCA 4 (distance 4 <= 5), read 0 mode Default
furious-puma-1:117001:117522 [5] NCCL INFO GPU Direct RDMA Enabled for GPU 1 / HCA 7 (distance 4 <= 5), read 0 mode Default
furious-puma-1:116996:117518 [0] NCCL INFO GPU Direct RDMA Enabled for GPU 6 / HCA 2 (distance 4 <= 5), read 0 mode Default
furious-puma-1:117003:117520 [7] NCCL INFO GPU Direct RDMA Enabled for GPU 1 / HCA 4 (distance 4 <= 5), read 0 mode Default
furious-puma-1:117001:117522 [5] NCCL INFO GPU Direct RDMA Enabled for GPU 2 / HCA 7 (distance 4 <= 5), read 0 mode Default
furious-puma-1:116996:117518 [0] NCCL INFO GPU Direct RDMA Enabled for GPU 7 / HCA 2 (distance 4 <= 5), read 0 mode Default
furious-puma-1:117003:117520 [7] NCCL INFO GPU Direct RDMA Enabled for GPU 2 / HCA 4 (distance 4 <= 5), read 0 mode Default
furious-puma-1:117001:117522 [5] NCCL INFO GPU Direct RDMA Enabled for GPU 3 / HCA 7 (distance 4 <= 5), read 0 mode Default
furious-puma-1:116996:117518 [0] NCCL INFO GPU Direct RDMA Enabled for GPU 0 / HCA 3 (distance 4 <= 5), read 0 mode Default
furious-puma-1:117003:117520 [7] NCCL INFO GPU Direct RDMA Enabled for GPU 3 / HCA 4 (distance 4 <= 5), read 0 mode Default
furious-puma-1:117001:117522 [5] NCCL INFO GPU Direct RDMA Enabled for GPU 4 / HCA 7 (distance 4 <= 5), read 0 mode Default
furious-puma-1:116996:117518 [0] NCCL INFO GPU Direct RDMA Enabled for GPU 1 / HCA 3 (distance 4 <= 5), read 0 mode Default
furious-puma-1:117003:117520 [7] NCCL INFO GPU Direct RDMA Enabled for GPU 4 / HCA 4 (distance 4 <= 5), read 0 mode Default
furious-puma-1:117001:117522 [5] NCCL INFO GPU Direct RDMA Enabled for GPU 5 / HCA 7 (distance 4 <= 5), read 0 mode Default
furious-puma-1:116996:117518 [0] NCCL INFO GPU Direct RDMA Enabled for GPU 2 / HCA 3 (distance 4 <= 5), read 0 mode Default
furious-puma-1:117003:117520 [7] NCCL INFO GPU Direct RDMA Enabled for GPU 5 / HCA 4 (distance 4 <= 5), read 0 mode Default
furious-puma-1:116996:117518 [0] NCCL INFO GPU Direct RDMA Enabled for GPU 3 / HCA 3 (distance 4 <= 5), read 0 mode Default
furious-puma-1:117001:117522 [5] NCCL INFO GPU Direct RDMA Enabled for GPU 6 / HCA 7 (distance 4 <= 5), read 0 mode Default
furious-puma-1:117003:117520 [7] NCCL INFO GPU Direct RDMA Enabled for GPU 6 / HCA 4 (distance 4 <= 5), read 0 mode Default
furious-puma-1:116996:117518 [0] NCCL INFO GPU Direct RDMA Enabled for GPU 4 / HCA 3 (distance 4 <= 5), read 0 mode Default
furious-puma-1:117001:117522 [5] NCCL INFO GPU Direct RDMA Enabled for GPU 7 / HCA 7 (distance 4 <= 5), read 0 mode Default
furious-puma-1:117003:117520 [7] NCCL INFO GPU Direct RDMA Enabled for GPU 7 / HCA 4 (distance 4 <= 5), read 0 mode Default
furious-puma-1:116996:117518 [0] NCCL INFO GPU Direct RDMA Enabled for GPU 5 / HCA 3 (distance 4 <= 5), read 0 mode Default
furious-puma-1:117003:117520 [7] NCCL INFO GPU Direct RDMA Enabled for GPU 0 / HCA 5 (distance 4 <= 5), read 0 mode Default
furious-puma-1:116996:117518 [0] NCCL INFO GPU Direct RDMA Enabled for GPU 6 / HCA 3 (distance 4 <= 5), read 0 mode Default
furious-puma-1:117003:117520 [7] NCCL INFO GPU Direct RDMA Enabled for GPU 1 / HCA 5 (distance 4 <= 5), read 0 mode Default
furious-puma-1:116996:117518 [0] NCCL INFO GPU Direct RDMA Enabled for GPU 7 / HCA 3 (distance 4 <= 5), read 0 mode Default
furious-puma-1:117003:117520 [7] NCCL INFO GPU Direct RDMA Enabled for GPU 2 / HCA 5 (distance 4 <= 5), read 0 mode Default
furious-puma-1:116996:117518 [0] NCCL INFO GPU Direct RDMA Enabled for GPU 0 / HCA 4 (distance 4 <= 5), read 0 mode Default
furious-puma-1:117003:117520 [7] NCCL INFO GPU Direct RDMA Enabled for GPU 3 / HCA 5 (distance 4 <= 5), read 0 mode Default
furious-puma-1:116996:117518 [0] NCCL INFO GPU Direct RDMA Enabled for GPU 1 / HCA 4 (distance 4 <= 5), read 0 mode Default
furious-puma-1:117003:117520 [7] NCCL INFO GPU Direct RDMA Enabled for GPU 4 / HCA 5 (distance 4 <= 5), read 0 mode Default
furious-puma-1:116996:117518 [0] NCCL INFO GPU Direct RDMA Enabled for GPU 2 / HCA 4 (distance 4 <= 5), read 0 mode Default
furious-puma-1:117003:117520 [7] NCCL INFO GPU Direct RDMA Enabled for GPU 5 / HCA 5 (distance 4 <= 5), read 0 mode Default
furious-puma-1:116996:117518 [0] NCCL INFO GPU Direct RDMA Enabled for GPU 3 / HCA 4 (distance 4 <= 5), read 0 mode Default
furious-puma-1:117003:117520 [7] NCCL INFO GPU Direct RDMA Enabled for GPU 6 / HCA 5 (distance 4 <= 5), read 0 mode Default
furious-puma-1:116996:117518 [0] NCCL INFO GPU Direct RDMA Enabled for GPU 4 / HCA 4 (distance 4 <= 5), read 0 mode Default
furious-puma-1:117003:117520 [7] NCCL INFO GPU Direct RDMA Enabled for GPU 7 / HCA 5 (distance 4 <= 5), read 0 mode Default
furious-puma-1:116996:117518 [0] NCCL INFO GPU Direct RDMA Enabled for GPU 5 / HCA 4 (distance 4 <= 5), read 0 mode Default
furious-puma-1:117003:117520 [7] NCCL INFO GPU Direct RDMA Enabled for GPU 0 / HCA 6 (distance 4 <= 5), read 0 mode Default
furious-puma-1:116996:117518 [0] NCCL INFO GPU Direct RDMA Enabled for GPU 6 / HCA 4 (distance 4 <= 5), read 0 mode Default
furious-puma-1:117003:117520 [7] NCCL INFO GPU Direct RDMA Enabled for GPU 1 / HCA 6 (distance 4 <= 5), read 0 mode Default
furious-puma-1:116996:117518 [0] NCCL INFO GPU Direct RDMA Enabled for GPU 7 / HCA 4 (distance 4 <= 5), read 0 mode Default
furious-puma-1:117003:117520 [7] NCCL INFO GPU Direct RDMA Enabled for GPU 2 / HCA 6 (distance 4 <= 5), read 0 mode Default
furious-puma-1:116996:117518 [0] NCCL INFO GPU Direct RDMA Enabled for GPU 0 / HCA 5 (distance 4 <= 5), read 0 mode Default
furious-puma-1:117003:117520 [7] NCCL INFO GPU Direct RDMA Enabled for GPU 3 / HCA 6 (distance 4 <= 5), read 0 mode Default
furious-puma-1:116996:117518 [0] NCCL INFO GPU Direct RDMA Enabled for GPU 1 / HCA 5 (distance 4 <= 5), read 0 mode Default
furious-puma-1:117003:117520 [7] NCCL INFO GPU Direct RDMA Enabled for GPU 4 / HCA 6 (distance 4 <= 5), read 0 mode Default
furious-puma-1:116996:117518 [0] NCCL INFO GPU Direct RDMA Enabled for GPU 2 / HCA 5 (distance 4 <= 5), read 0 mode Default
furious-puma-1:117003:117520 [7] NCCL INFO GPU Direct RDMA Enabled for GPU 5 / HCA 6 (distance 4 <= 5), read 0 mode Default
furious-puma-1:116996:117518 [0] NCCL INFO GPU Direct RDMA Enabled for GPU 3 / HCA 5 (distance 4 <= 5), read 0 mode Default
furious-puma-1:117003:117520 [7] NCCL INFO GPU Direct RDMA Enabled for GPU 6 / HCA 6 (distance 4 <= 5), read 0 mode Default
furious-puma-1:116996:117518 [0] NCCL INFO GPU Direct RDMA Enabled for GPU 4 / HCA 5 (distance 4 <= 5), read 0 mode Default
furious-puma-1:117003:117520 [7] NCCL INFO GPU Direct RDMA Enabled for GPU 7 / HCA 6 (distance 4 <= 5), read 0 mode Default
furious-puma-1:116996:117518 [0] NCCL INFO GPU Direct RDMA Enabled for GPU 5 / HCA 5 (distance 4 <= 5), read 0 mode Default
furious-puma-1:117003:117520 [7] NCCL INFO GPU Direct RDMA Enabled for GPU 0 / HCA 7 (distance 4 <= 5), read 0 mode Default
furious-puma-1:116996:117518 [0] NCCL INFO GPU Direct RDMA Enabled for GPU 6 / HCA 5 (distance 4 <= 5), read 0 mode Default
furious-puma-1:117003:117520 [7] NCCL INFO GPU Direct RDMA Enabled for GPU 1 / HCA 7 (distance 4 <= 5), read 0 mode Default
furious-puma-1:116996:117518 [0] NCCL INFO GPU Direct RDMA Enabled for GPU 7 / HCA 5 (distance 4 <= 5), read 0 mode Default
furious-puma-1:117003:117520 [7] NCCL INFO GPU Direct RDMA Enabled for GPU 2 / HCA 7 (distance 4 <= 5), read 0 mode Default
furious-puma-1:116996:117518 [0] NCCL INFO GPU Direct RDMA Enabled for GPU 0 / HCA 6 (distance 4 <= 5), read 0 mode Default
furious-puma-1:117003:117520 [7] NCCL INFO GPU Direct RDMA Enabled for GPU 3 / HCA 7 (distance 4 <= 5), read 0 mode Default
furious-puma-1:116996:117518 [0] NCCL INFO GPU Direct RDMA Enabled for GPU 1 / HCA 6 (distance 4 <= 5), read 0 mode Default
furious-puma-1:117003:117520 [7] NCCL INFO GPU Direct RDMA Enabled for GPU 4 / HCA 7 (distance 4 <= 5), read 0 mode Default
furious-puma-1:116996:117518 [0] NCCL INFO GPU Direct RDMA Enabled for GPU 2 / HCA 6 (distance 4 <= 5), read 0 mode Default
furious-puma-1:117003:117520 [7] NCCL INFO GPU Direct RDMA Enabled for GPU 5 / HCA 7 (distance 4 <= 5), read 0 mode Default
furious-puma-1:116996:117518 [0] NCCL INFO GPU Direct RDMA Enabled for GPU 3 / HCA 6 (distance 4 <= 5), read 0 mode Default
furious-puma-1:117003:117520 [7] NCCL INFO GPU Direct RDMA Enabled for GPU 6 / HCA 7 (distance 4 <= 5), read 0 mode Default
furious-puma-1:116996:117518 [0] NCCL INFO GPU Direct RDMA Enabled for GPU 4 / HCA 6 (distance 4 <= 5), read 0 mode Default
furious-puma-1:117003:117520 [7] NCCL INFO GPU Direct RDMA Enabled for GPU 7 / HCA 7 (distance 4 <= 5), read 0 mode Default
furious-puma-1:116996:117518 [0] NCCL INFO GPU Direct RDMA Enabled for GPU 5 / HCA 6 (distance 4 <= 5), read 0 mode Default
furious-puma-1:116996:117518 [0] NCCL INFO GPU Direct RDMA Enabled for GPU 6 / HCA 6 (distance 4 <= 5), read 0 mode Default
furious-puma-1:116996:117518 [0] NCCL INFO GPU Direct RDMA Enabled for GPU 7 / HCA 6 (distance 4 <= 5), read 0 mode Default
furious-puma-1:116996:117518 [0] NCCL INFO GPU Direct RDMA Enabled for GPU 0 / HCA 7 (distance 4 <= 5), read 0 mode Default
furious-puma-1:116996:117518 [0] NCCL INFO GPU Direct RDMA Enabled for GPU 1 / HCA 7 (distance 4 <= 5), read 0 mode Default
furious-puma-1:116996:117518 [0] NCCL INFO GPU Direct RDMA Enabled for GPU 2 / HCA 7 (distance 4 <= 5), read 0 mode Default
furious-puma-1:116996:117518 [0] NCCL INFO GPU Direct RDMA Enabled for GPU 3 / HCA 7 (distance 4 <= 5), read 0 mode Default
furious-puma-1:116996:117518 [0] NCCL INFO GPU Direct RDMA Enabled for GPU 4 / HCA 7 (distance 4 <= 5), read 0 mode Default
furious-puma-1:116996:117518 [0] NCCL INFO GPU Direct RDMA Enabled for GPU 5 / HCA 7 (distance 4 <= 5), read 0 mode Default
furious-puma-1:116996:117518 [0] NCCL INFO GPU Direct RDMA Enabled for GPU 6 / HCA 7 (distance 4 <= 5), read 0 mode Default
furious-puma-1:116996:117518 [0] NCCL INFO GPU Direct RDMA Enabled for GPU 7 / HCA 7 (distance 4 <= 5), read 0 mode Default
furious-puma-1:117002:117519 [6] NCCL INFO === System : maxBw 370.8 totalBw 370.8 ===
furious-puma-1:117002:117519 [6] NCCL INFO CPU/0-0 (1/1/3)
furious-puma-1:117002:117519 [6] NCCL INFO + PCI[48.0] - PCI/0-ffffff010 (0)
furious-puma-1:117002:117519 [6] NCCL INFO               + PCI[48.0] - GPU/0-7f000 (0)
furious-puma-1:117002:117519 [6] NCCL INFO                             + NVL[370.8] - NVS/0-0
furious-puma-1:117002:117519 [6] NCCL INFO               + PCI[48.0] - NIC/0-80000
furious-puma-1:117002:117519 [6] NCCL INFO + PCI[48.0] - PCI/0-ffffff020 (0)
furious-puma-1:117002:117519 [6] NCCL INFO               + PCI[48.0] - NIC/0-90000
furious-puma-1:117002:117519 [6] NCCL INFO               + PCI[48.0] - GPU/0-8f000 (1)
furious-puma-1:117002:117519 [6] NCCL INFO                             + NVL[370.8] - NVS/0-0
furious-puma-1:117002:117519 [6] NCCL INFO + PCI[48.0] - PCI/0-ffffff030 (0)
furious-puma-1:117002:117519 [6] NCCL INFO               + PCI[48.0] - NIC/0-a0000
furious-puma-1:117002:117519 [6] NCCL INFO               + PCI[48.0] - GPU/0-9f000 (2)
furious-puma-1:117002:117519 [6] NCCL INFO                             + NVL[370.8] - NVS/0-0
furious-puma-1:117002:117519 [6] NCCL INFO + PCI[48.0] - PCI/0-ffffff040 (0)
furious-puma-1:117002:117519 [6] NCCL INFO               + PCI[48.0] - NIC/0-b0000
furious-puma-1:117002:117519 [6] NCCL INFO               + PCI[48.0] - GPU/0-af000 (3)
furious-puma-1:117002:117519 [6] NCCL INFO                             + NVL[370.8] - NVS/0-0
furious-puma-1:117002:117519 [6] NCCL INFO + SYS[22.0] - CPU/0-1
furious-puma-1:117002:117519 [6] NCCL INFO CPU/0-1 (1/1/3)
furious-puma-1:117002:117519 [6] NCCL INFO + PCI[48.0] - PCI/0-ffffff050 (0)
furious-puma-1:117002:117519 [6] NCCL INFO               + PCI[48.0] - NIC/0-c0000
furious-puma-1:117002:117519 [6] NCCL INFO               + PCI[48.0] - GPU/0-bf000 (4)
furious-puma-1:117002:117519 [6] NCCL INFO                             + NVL[370.8] - NVS/0-0
furious-puma-1:117002:117519 [6] NCCL INFO + PCI[48.0] - PCI/0-ffffff060 (0)
furious-puma-1:117002:117519 [6] NCCL INFO               + PCI[48.0] - NIC/0-d0000
furious-puma-1:117002:117519 [6] NCCL INFO               + PCI[48.0] - GPU/0-cf000 (5)
furious-puma-1:117002:117519 [6] NCCL INFO                             + NVL[370.8] - NVS/0-0
furious-puma-1:117002:117519 [6] NCCL INFO + PCI[48.0] - PCI/0-ffffff070 (0)
furious-puma-1:117002:117519 [6] NCCL INFO               + PCI[48.0] - NIC/0-e0000
furious-puma-1:117002:117519 [6] NCCL INFO               + PCI[48.0] - GPU/0-df000 (6)
furious-puma-1:117002:117519 [6] NCCL INFO                             + NVL[370.8] - NVS/0-0
furious-puma-1:117002:117519 [6] NCCL INFO + PCI[48.0] - PCI/0-ffffff080 (0)
furious-puma-1:117002:117519 [6] NCCL INFO               + PCI[48.0] - NIC/0-f0000
furious-puma-1:117002:117519 [6] NCCL INFO               + PCI[48.0] - GPU/0-ef000 (7)
furious-puma-1:117002:117519 [6] NCCL INFO                             + NVL[370.8] - NVS/0-0
furious-puma-1:117002:117519 [6] NCCL INFO + SYS[22.0] - CPU/0-0
furious-puma-1:117002:117519 [6] NCCL INFO ==========================================
furious-puma-1:117002:117519 [6] NCCL INFO GPU/0-7f000 :GPU/0-7f000 (0/5000.0/LOC) GPU/0-8f000 (2/370.8/NVL) GPU/0-9f000 (2/370.8/NVL) GPU/0-af000 (2/370.8/NVL) GPU/0-bf000 (2/370.8/NVL) GPU/0-cf000 (2/370.8/NVL) GPU/0-df000 (2/370.8/NVL) GPU/0-ef000 (2/370.8/NVL) NVS/0-0 (1/370.8/NVL) CPU/0-0 (2/48.0/PHB) CPU/0-1 (3/22.0/SYS) 
furious-puma-1:117002:117519 [6] NCCL INFO GPU/0-8f000 :GPU/0-7f000 (2/370.8/NVL) GPU/0-8f000 (0/5000.0/LOC) GPU/0-9f000 (2/370.8/NVL) GPU/0-af000 (2/370.8/NVL) GPU/0-bf000 (2/370.8/NVL) GPU/0-cf000 (2/370.8/NVL) GPU/0-df000 (2/370.8/NVL) GPU/0-ef000 (2/370.8/NVL) NVS/0-0 (1/370.8/NVL) CPU/0-0 (2/48.0/PHB) CPU/0-1 (3/22.0/SYS) 
furious-puma-1:117002:117519 [6] NCCL INFO GPU/0-9f000 :GPU/0-7f000 (2/370.8/NVL) GPU/0-8f000 (2/370.8/NVL) GPU/0-9f000 (0/5000.0/LOC) GPU/0-af000 (2/370.8/NVL) GPU/0-bf000 (2/370.8/NVL) GPU/0-cf000 (2/370.8/NVL) GPU/0-df000 (2/370.8/NVL) GPU/0-ef000 (2/370.8/NVL) NVS/0-0 (1/370.8/NVL) CPU/0-0 (2/48.0/PHB) CPU/0-1 (3/22.0/SYS) 
furious-puma-1:117002:117519 [6] NCCL INFO GPU/0-af000 :GPU/0-7f000 (2/370.8/NVL) GPU/0-8f000 (2/370.8/NVL) GPU/0-9f000 (2/370.8/NVL) GPU/0-af000 (0/5000.0/LOC) GPU/0-bf000 (2/370.8/NVL) GPU/0-cf000 (2/370.8/NVL) GPU/0-df000 (2/370.8/NVL) GPU/0-ef000 (2/370.8/NVL) NVS/0-0 (1/370.8/NVL) CPU/0-0 (2/48.0/PHB) CPU/0-1 (3/22.0/SYS) 
furious-puma-1:117002:117519 [6] NCCL INFO GPU/0-bf000 :GPU/0-7f000 (2/370.8/NVL) GPU/0-8f000 (2/370.8/NVL) GPU/0-9f000 (2/370.8/NVL) GPU/0-af000 (2/370.8/NVL) GPU/0-bf000 (0/5000.0/LOC) GPU/0-cf000 (2/370.8/NVL) GPU/0-df000 (2/370.8/NVL) GPU/0-ef000 (2/370.8/NVL) NVS/0-0 (1/370.8/NVL) CPU/0-0 (3/22.0/SYS) CPU/0-1 (2/48.0/PHB) 
furious-puma-1:117002:117519 [6] NCCL INFO GPU/0-cf000 :GPU/0-7f000 (2/370.8/NVL) GPU/0-8f000 (2/370.8/NVL) GPU/0-9f000 (2/370.8/NVL) GPU/0-af000 (2/370.8/NVL) GPU/0-bf000 (2/370.8/NVL) GPU/0-cf000 (0/5000.0/LOC) GPU/0-df000 (2/370.8/NVL) GPU/0-ef000 (2/370.8/NVL) NVS/0-0 (1/370.8/NVL) CPU/0-0 (3/22.0/SYS) CPU/0-1 (2/48.0/PHB) 
furious-puma-1:117002:117519 [6] NCCL INFO GPU/0-df000 :GPU/0-7f000 (2/370.8/NVL) GPU/0-8f000 (2/370.8/NVL) GPU/0-9f000 (2/370.8/NVL) GPU/0-af000 (2/370.8/NVL) GPU/0-bf000 (2/370.8/NVL) GPU/0-cf000 (2/370.8/NVL) GPU/0-df000 (0/5000.0/LOC) GPU/0-ef000 (2/370.8/NVL) NVS/0-0 (1/370.8/NVL) CPU/0-0 (3/22.0/SYS) CPU/0-1 (2/48.0/PHB) 
furious-puma-1:117002:117519 [6] NCCL INFO GPU/0-ef000 :GPU/0-7f000 (2/370.8/NVL) GPU/0-8f000 (2/370.8/NVL) GPU/0-9f000 (2/370.8/NVL) GPU/0-af000 (2/370.8/NVL) GPU/0-bf000 (2/370.8/NVL) GPU/0-cf000 (2/370.8/NVL) GPU/0-df000 (2/370.8/NVL) GPU/0-ef000 (0/5000.0/LOC) NVS/0-0 (1/370.8/NVL) CPU/0-0 (3/22.0/SYS) CPU/0-1 (2/48.0/PHB) 
furious-puma-1:117002:117519 [6] NCCL INFO Setting affinity for GPU 6 to 80-159
furious-puma-1:117002:117519 [6] NCCL INFO NVLS multicast support is available on dev 6 (NVLS_NCHANNELS 16)
furious-puma-1:117000:117524 [4] NCCL INFO === System : maxBw 370.8 totalBw 370.8 ===
furious-puma-1:117000:117524 [4] NCCL INFO CPU/0-0 (1/1/3)
furious-puma-1:117000:117524 [4] NCCL INFO + PCI[48.0] - PCI/0-ffffff010 (0)
furious-puma-1:117000:117524 [4] NCCL INFO               + PCI[48.0] - GPU/0-7f000 (0)
furious-puma-1:117000:117524 [4] NCCL INFO                             + NVL[370.8] - NVS/0-0
furious-puma-1:117000:117524 [4] NCCL INFO               + PCI[48.0] - NIC/0-80000
furious-puma-1:117000:117524 [4] NCCL INFO + PCI[48.0] - PCI/0-ffffff020 (0)
furious-puma-1:117000:117524 [4] NCCL INFO               + PCI[48.0] - NIC/0-90000
furious-puma-1:117000:117524 [4] NCCL INFO               + PCI[48.0] - GPU/0-8f000 (1)
furious-puma-1:117000:117524 [4] NCCL INFO                             + NVL[370.8] - NVS/0-0
furious-puma-1:117000:117524 [4] NCCL INFO + PCI[48.0] - PCI/0-ffffff030 (0)
furious-puma-1:117000:117524 [4] NCCL INFO               + PCI[48.0] - NIC/0-a0000
furious-puma-1:117000:117524 [4] NCCL INFO               + PCI[48.0] - GPU/0-9f000 (2)
furious-puma-1:117000:117524 [4] NCCL INFO                             + NVL[370.8] - NVS/0-0
furious-puma-1:117000:117524 [4] NCCL INFO + PCI[48.0] - PCI/0-ffffff040 (0)
furious-puma-1:116999:117521 [3] NCCL INFO === System : maxBw 370.8 totalBw 370.8 ===
furious-puma-1:117000:117524 [4] NCCL INFO               + PCI[48.0] - NIC/0-b0000
furious-puma-1:117000:117524 [4] NCCL INFO               + PCI[48.0] - GPU/0-af000 (3)
furious-puma-1:116999:117521 [3] NCCL INFO CPU/0-0 (1/1/3)
furious-puma-1:117000:117524 [4] NCCL INFO                             + NVL[370.8] - NVS/0-0
furious-puma-1:117000:117524 [4] NCCL INFO + SYS[22.0] - CPU/0-1
furious-puma-1:116999:117521 [3] NCCL INFO + PCI[48.0] - PCI/0-ffffff010 (0)
furious-puma-1:117000:117524 [4] NCCL INFO CPU/0-1 (1/1/3)
furious-puma-1:116999:117521 [3] NCCL INFO               + PCI[48.0] - GPU/0-7f000 (0)
furious-puma-1:117000:117524 [4] NCCL INFO + PCI[48.0] - PCI/0-ffffff050 (0)
furious-puma-1:117000:117524 [4] NCCL INFO               + PCI[48.0] - NIC/0-c0000
furious-puma-1:116999:117521 [3] NCCL INFO                             + NVL[370.8] - NVS/0-0
furious-puma-1:117000:117524 [4] NCCL INFO               + PCI[48.0] - GPU/0-bf000 (4)
furious-puma-1:116999:117521 [3] NCCL INFO               + PCI[48.0] - NIC/0-80000
furious-puma-1:117000:117524 [4] NCCL INFO                             + NVL[370.8] - NVS/0-0
furious-puma-1:116999:117521 [3] NCCL INFO + PCI[48.0] - PCI/0-ffffff020 (0)
furious-puma-1:117000:117524 [4] NCCL INFO + PCI[48.0] - PCI/0-ffffff060 (0)
furious-puma-1:116999:117521 [3] NCCL INFO               + PCI[48.0] - NIC/0-90000
furious-puma-1:117000:117524 [4] NCCL INFO               + PCI[48.0] - NIC/0-d0000
furious-puma-1:116999:117521 [3] NCCL INFO               + PCI[48.0] - GPU/0-8f000 (1)
furious-puma-1:117000:117524 [4] NCCL INFO               + PCI[48.0] - GPU/0-cf000 (5)
furious-puma-1:116999:117521 [3] NCCL INFO                             + NVL[370.8] - NVS/0-0
furious-puma-1:117000:117524 [4] NCCL INFO                             + NVL[370.8] - NVS/0-0
furious-puma-1:116999:117521 [3] NCCL INFO + PCI[48.0] - PCI/0-ffffff030 (0)
furious-puma-1:116999:117521 [3] NCCL INFO               + PCI[48.0] - NIC/0-a0000
furious-puma-1:117000:117524 [4] NCCL INFO + PCI[48.0] - PCI/0-ffffff070 (0)
furious-puma-1:116999:117521 [3] NCCL INFO               + PCI[48.0] - GPU/0-9f000 (2)
furious-puma-1:117000:117524 [4] NCCL INFO               + PCI[48.0] - NIC/0-e0000
furious-puma-1:116999:117521 [3] NCCL INFO                             + NVL[370.8] - NVS/0-0
furious-puma-1:117000:117524 [4] NCCL INFO               + PCI[48.0] - GPU/0-df000 (6)
furious-puma-1:116999:117521 [3] NCCL INFO + PCI[48.0] - PCI/0-ffffff040 (0)
furious-puma-1:117000:117524 [4] NCCL INFO                             + NVL[370.8] - NVS/0-0
furious-puma-1:116999:117521 [3] NCCL INFO               + PCI[48.0] - NIC/0-b0000
furious-puma-1:117000:117524 [4] NCCL INFO + PCI[48.0] - PCI/0-ffffff080 (0)
furious-puma-1:116999:117521 [3] NCCL INFO               + PCI[48.0] - GPU/0-af000 (3)
furious-puma-1:117000:117524 [4] NCCL INFO               + PCI[48.0] - NIC/0-f0000
furious-puma-1:116999:117521 [3] NCCL INFO                             + NVL[370.8] - NVS/0-0
furious-puma-1:117000:117524 [4] NCCL INFO               + PCI[48.0] - GPU/0-ef000 (7)
furious-puma-1:116999:117521 [3] NCCL INFO + SYS[22.0] - CPU/0-1
furious-puma-1:117000:117524 [4] NCCL INFO                             + NVL[370.8] - NVS/0-0
furious-puma-1:116999:117521 [3] NCCL INFO CPU/0-1 (1/1/3)
furious-puma-1:117000:117524 [4] NCCL INFO + SYS[22.0] - CPU/0-0
furious-puma-1:117000:117524 [4] NCCL INFO ==========================================
furious-puma-1:116999:117521 [3] NCCL INFO + PCI[48.0] - PCI/0-ffffff050 (0)
furious-puma-1:116999:117521 [3] NCCL INFO               + PCI[48.0] - NIC/0-c0000
furious-puma-1:116999:117521 [3] NCCL INFO               + PCI[48.0] - GPU/0-bf000 (4)
furious-puma-1:116999:117521 [3] NCCL INFO                             + NVL[370.8] - NVS/0-0
furious-puma-1:116999:117521 [3] NCCL INFO + PCI[48.0] - PCI/0-ffffff060 (0)
furious-puma-1:116999:117521 [3] NCCL INFO               + PCI[48.0] - NIC/0-d0000
furious-puma-1:116999:117521 [3] NCCL INFO               + PCI[48.0] - GPU/0-cf000 (5)
furious-puma-1:117000:117524 [4] NCCL INFO GPU/0-7f000 :GPU/0-7f000 (0/5000.0/LOC) GPU/0-8f000 (2/370.8/NVL) GPU/0-9f000 (2/370.8/NVL) GPU/0-af000 (2/370.8/NVL) GPU/0-bf000 (2/370.8/NVL) GPU/0-cf000 (2/370.8/NVL) GPU/0-df000 (2/370.8/NVL) GPU/0-ef000 (2/370.8/NVL) NVS/0-0 (1/370.8/NVL) CPU/0-0 (2/48.0/PHB) CPU/0-1 (3/22.0/SYS) 
furious-puma-1:116999:117521 [3] NCCL INFO                             + NVL[370.8] - NVS/0-0
furious-puma-1:116999:117521 [3] NCCL INFO + PCI[48.0] - PCI/0-ffffff070 (0)
furious-puma-1:116999:117521 [3] NCCL INFO               + PCI[48.0] - NIC/0-e0000
furious-puma-1:116999:117521 [3] NCCL INFO               + PCI[48.0] - GPU/0-df000 (6)
furious-puma-1:116999:117521 [3] NCCL INFO                             + NVL[370.8] - NVS/0-0
furious-puma-1:117000:117524 [4] NCCL INFO GPU/0-8f000 :GPU/0-7f000 (2/370.8/NVL) GPU/0-8f000 (0/5000.0/LOC) GPU/0-9f000 (2/370.8/NVL) GPU/0-af000 (2/370.8/NVL) GPU/0-bf000 (2/370.8/NVL) GPU/0-cf000 (2/370.8/NVL) GPU/0-df000 (2/370.8/NVL) GPU/0-ef000 (2/370.8/NVL) NVS/0-0 (1/370.8/NVL) CPU/0-0 (2/48.0/PHB) CPU/0-1 (3/22.0/SYS) 
furious-puma-1:116999:117521 [3] NCCL INFO + PCI[48.0] - PCI/0-ffffff080 (0)
furious-puma-1:116999:117521 [3] NCCL INFO               + PCI[48.0] - NIC/0-f0000
furious-puma-1:116999:117521 [3] NCCL INFO               + PCI[48.0] - GPU/0-ef000 (7)
furious-puma-1:116999:117521 [3] NCCL INFO                             + NVL[370.8] - NVS/0-0
furious-puma-1:116999:117521 [3] NCCL INFO + SYS[22.0] - CPU/0-0
furious-puma-1:116999:117521 [3] NCCL INFO ==========================================
furious-puma-1:117000:117524 [4] NCCL INFO GPU/0-9f000 :GPU/0-7f000 (2/370.8/NVL) GPU/0-8f000 (2/370.8/NVL) GPU/0-9f000 (0/5000.0/LOC) GPU/0-af000 (2/370.8/NVL) GPU/0-bf000 (2/370.8/NVL) GPU/0-cf000 (2/370.8/NVL) GPU/0-df000 (2/370.8/NVL) GPU/0-ef000 (2/370.8/NVL) NVS/0-0 (1/370.8/NVL) CPU/0-0 (2/48.0/PHB) CPU/0-1 (3/22.0/SYS) 
furious-puma-1:117000:117524 [4] NCCL INFO GPU/0-af000 :GPU/0-7f000 (2/370.8/NVL) GPU/0-8f000 (2/370.8/NVL) GPU/0-9f000 (2/370.8/NVL) GPU/0-af000 (0/5000.0/LOC) GPU/0-bf000 (2/370.8/NVL) GPU/0-cf000 (2/370.8/NVL) GPU/0-df000 (2/370.8/NVL) GPU/0-ef000 (2/370.8/NVL) NVS/0-0 (1/370.8/NVL) CPU/0-0 (2/48.0/PHB) CPU/0-1 (3/22.0/SYS) 
furious-puma-1:116999:117521 [3] NCCL INFO GPU/0-7f000 :GPU/0-7f000 (0/5000.0/LOC) GPU/0-8f000 (2/370.8/NVL) GPU/0-9f000 (2/370.8/NVL) GPU/0-af000 (2/370.8/NVL) GPU/0-bf000 (2/370.8/NVL) GPU/0-cf000 (2/370.8/NVL) GPU/0-df000 (2/370.8/NVL) GPU/0-ef000 (2/370.8/NVL) NVS/0-0 (1/370.8/NVL) CPU/0-0 (2/48.0/PHB) CPU/0-1 (3/22.0/SYS) 
furious-puma-1:117000:117524 [4] NCCL INFO GPU/0-bf000 :GPU/0-7f000 (2/370.8/NVL) GPU/0-8f000 (2/370.8/NVL) GPU/0-9f000 (2/370.8/NVL) GPU/0-af000 (2/370.8/NVL) GPU/0-bf000 (0/5000.0/LOC) GPU/0-cf000 (2/370.8/NVL) GPU/0-df000 (2/370.8/NVL) GPU/0-ef000 (2/370.8/NVL) NVS/0-0 (1/370.8/NVL) CPU/0-0 (3/22.0/SYS) CPU/0-1 (2/48.0/PHB) 
furious-puma-1:116999:117521 [3] NCCL INFO GPU/0-8f000 :GPU/0-7f000 (2/370.8/NVL) GPU/0-8f000 (0/5000.0/LOC) GPU/0-9f000 (2/370.8/NVL) GPU/0-af000 (2/370.8/NVL) GPU/0-bf000 (2/370.8/NVL) GPU/0-cf000 (2/370.8/NVL) GPU/0-df000 (2/370.8/NVL) GPU/0-ef000 (2/370.8/NVL) NVS/0-0 (1/370.8/NVL) CPU/0-0 (2/48.0/PHB) CPU/0-1 (3/22.0/SYS) 
furious-puma-1:117000:117524 [4] NCCL INFO GPU/0-cf000 :GPU/0-7f000 (2/370.8/NVL) GPU/0-8f000 (2/370.8/NVL) GPU/0-9f000 (2/370.8/NVL) GPU/0-af000 (2/370.8/NVL) GPU/0-bf000 (2/370.8/NVL) GPU/0-cf000 (0/5000.0/LOC) GPU/0-df000 (2/370.8/NVL) GPU/0-ef000 (2/370.8/NVL) NVS/0-0 (1/370.8/NVL) CPU/0-0 (3/22.0/SYS) CPU/0-1 (2/48.0/PHB) 
furious-puma-1:116999:117521 [3] NCCL INFO GPU/0-9f000 :GPU/0-7f000 (2/370.8/NVL) GPU/0-8f000 (2/370.8/NVL) GPU/0-9f000 (0/5000.0/LOC) GPU/0-af000 (2/370.8/NVL) GPU/0-bf000 (2/370.8/NVL) GPU/0-cf000 (2/370.8/NVL) GPU/0-df000 (2/370.8/NVL) GPU/0-ef000 (2/370.8/NVL) NVS/0-0 (1/370.8/NVL) CPU/0-0 (2/48.0/PHB) CPU/0-1 (3/22.0/SYS) 
furious-puma-1:117000:117524 [4] NCCL INFO GPU/0-df000 :GPU/0-7f000 (2/370.8/NVL) GPU/0-8f000 (2/370.8/NVL) GPU/0-9f000 (2/370.8/NVL) GPU/0-af000 (2/370.8/NVL) GPU/0-bf000 (2/370.8/NVL) GPU/0-cf000 (2/370.8/NVL) GPU/0-df000 (0/5000.0/LOC) GPU/0-ef000 (2/370.8/NVL) NVS/0-0 (1/370.8/NVL) CPU/0-0 (3/22.0/SYS) CPU/0-1 (2/48.0/PHB) 
furious-puma-1:116999:117521 [3] NCCL INFO GPU/0-af000 :GPU/0-7f000 (2/370.8/NVL) GPU/0-8f000 (2/370.8/NVL) GPU/0-9f000 (2/370.8/NVL) GPU/0-af000 (0/5000.0/LOC) GPU/0-bf000 (2/370.8/NVL) GPU/0-cf000 (2/370.8/NVL) GPU/0-df000 (2/370.8/NVL) GPU/0-ef000 (2/370.8/NVL) NVS/0-0 (1/370.8/NVL) CPU/0-0 (2/48.0/PHB) CPU/0-1 (3/22.0/SYS) 
furious-puma-1:117000:117524 [4] NCCL INFO GPU/0-ef000 :GPU/0-7f000 (2/370.8/NVL) GPU/0-8f000 (2/370.8/NVL) GPU/0-9f000 (2/370.8/NVL) GPU/0-af000 (2/370.8/NVL) GPU/0-bf000 (2/370.8/NVL) GPU/0-cf000 (2/370.8/NVL) GPU/0-df000 (2/370.8/NVL) GPU/0-ef000 (0/5000.0/LOC) NVS/0-0 (1/370.8/NVL) CPU/0-0 (3/22.0/SYS) CPU/0-1 (2/48.0/PHB) 
furious-puma-1:116999:117521 [3] NCCL INFO GPU/0-bf000 :GPU/0-7f000 (2/370.8/NVL) GPU/0-8f000 (2/370.8/NVL) GPU/0-9f000 (2/370.8/NVL) GPU/0-af000 (2/370.8/NVL) GPU/0-bf000 (0/5000.0/LOC) GPU/0-cf000 (2/370.8/NVL) GPU/0-df000 (2/370.8/NVL) GPU/0-ef000 (2/370.8/NVL) NVS/0-0 (1/370.8/NVL) CPU/0-0 (3/22.0/SYS) CPU/0-1 (2/48.0/PHB) 
furious-puma-1:117000:117524 [4] NCCL INFO Setting affinity for GPU 4 to 80-159
furious-puma-1:116999:117521 [3] NCCL INFO GPU/0-cf000 :GPU/0-7f000 (2/370.8/NVL) GPU/0-8f000 (2/370.8/NVL) GPU/0-9f000 (2/370.8/NVL) GPU/0-af000 (2/370.8/NVL) GPU/0-bf000 (2/370.8/NVL) GPU/0-cf000 (0/5000.0/LOC) GPU/0-df000 (2/370.8/NVL) GPU/0-ef000 (2/370.8/NVL) NVS/0-0 (1/370.8/NVL) CPU/0-0 (3/22.0/SYS) CPU/0-1 (2/48.0/PHB) 
furious-puma-1:116999:117521 [3] NCCL INFO GPU/0-df000 :GPU/0-7f000 (2/370.8/NVL) GPU/0-8f000 (2/370.8/NVL) GPU/0-9f000 (2/370.8/NVL) GPU/0-af000 (2/370.8/NVL) GPU/0-bf000 (2/370.8/NVL) GPU/0-cf000 (2/370.8/NVL) GPU/0-df000 (0/5000.0/LOC) GPU/0-ef000 (2/370.8/NVL) NVS/0-0 (1/370.8/NVL) CPU/0-0 (3/22.0/SYS) CPU/0-1 (2/48.0/PHB) 
furious-puma-1:116999:117521 [3] NCCL INFO GPU/0-ef000 :GPU/0-7f000 (2/370.8/NVL) GPU/0-8f000 (2/370.8/NVL) GPU/0-9f000 (2/370.8/NVL) GPU/0-af000 (2/370.8/NVL) GPU/0-bf000 (2/370.8/NVL) GPU/0-cf000 (2/370.8/NVL) GPU/0-df000 (2/370.8/NVL) GPU/0-ef000 (0/5000.0/LOC) NVS/0-0 (1/370.8/NVL) CPU/0-0 (3/22.0/SYS) CPU/0-1 (2/48.0/PHB) 
furious-puma-1:116999:117521 [3] NCCL INFO Setting affinity for GPU 3 to 0-79
furious-puma-1:116999:117521 [3] NCCL INFO NVLS multicast support is available on dev 3 (NVLS_NCHANNELS 16)
furious-puma-1:116997:117523 [1] NCCL INFO === System : maxBw 370.8 totalBw 370.8 ===
furious-puma-1:116997:117523 [1] NCCL INFO CPU/0-0 (1/1/3)
furious-puma-1:116997:117523 [1] NCCL INFO + PCI[48.0] - PCI/0-ffffff010 (0)
furious-puma-1:116997:117523 [1] NCCL INFO               + PCI[48.0] - GPU/0-7f000 (0)
furious-puma-1:116997:117523 [1] NCCL INFO                             + NVL[370.8] - NVS/0-0
furious-puma-1:116997:117523 [1] NCCL INFO               + PCI[48.0] - NIC/0-80000
furious-puma-1:116997:117523 [1] NCCL INFO + PCI[48.0] - PCI/0-ffffff020 (0)
furious-puma-1:116997:117523 [1] NCCL INFO               + PCI[48.0] - NIC/0-90000
furious-puma-1:116997:117523 [1] NCCL INFO               + PCI[48.0] - GPU/0-8f000 (1)
furious-puma-1:116997:117523 [1] NCCL INFO                             + NVL[370.8] - NVS/0-0
furious-puma-1:116997:117523 [1] NCCL INFO + PCI[48.0] - PCI/0-ffffff030 (0)
furious-puma-1:116997:117523 [1] NCCL INFO               + PCI[48.0] - NIC/0-a0000
furious-puma-1:116997:117523 [1] NCCL INFO               + PCI[48.0] - GPU/0-9f000 (2)
furious-puma-1:116997:117523 [1] NCCL INFO                             + NVL[370.8] - NVS/0-0
furious-puma-1:116997:117523 [1] NCCL INFO + PCI[48.0] - PCI/0-ffffff040 (0)
furious-puma-1:116997:117523 [1] NCCL INFO               + PCI[48.0] - NIC/0-b0000
furious-puma-1:116997:117523 [1] NCCL INFO               + PCI[48.0] - GPU/0-af000 (3)
furious-puma-1:116997:117523 [1] NCCL INFO                             + NVL[370.8] - NVS/0-0
furious-puma-1:116997:117523 [1] NCCL INFO + SYS[22.0] - CPU/0-1
furious-puma-1:116997:117523 [1] NCCL INFO CPU/0-1 (1/1/3)
furious-puma-1:116997:117523 [1] NCCL INFO + PCI[48.0] - PCI/0-ffffff050 (0)
furious-puma-1:116997:117523 [1] NCCL INFO               + PCI[48.0] - NIC/0-c0000
furious-puma-1:116997:117523 [1] NCCL INFO               + PCI[48.0] - GPU/0-bf000 (4)
furious-puma-1:116997:117523 [1] NCCL INFO                             + NVL[370.8] - NVS/0-0
furious-puma-1:116997:117523 [1] NCCL INFO + PCI[48.0] - PCI/0-ffffff060 (0)
furious-puma-1:116997:117523 [1] NCCL INFO               + PCI[48.0] - NIC/0-d0000
furious-puma-1:116997:117523 [1] NCCL INFO               + PCI[48.0] - GPU/0-cf000 (5)
furious-puma-1:116997:117523 [1] NCCL INFO                             + NVL[370.8] - NVS/0-0
furious-puma-1:116997:117523 [1] NCCL INFO + PCI[48.0] - PCI/0-ffffff070 (0)
furious-puma-1:116997:117523 [1] NCCL INFO               + PCI[48.0] - NIC/0-e0000
furious-puma-1:116997:117523 [1] NCCL INFO               + PCI[48.0] - GPU/0-df000 (6)
furious-puma-1:116997:117523 [1] NCCL INFO                             + NVL[370.8] - NVS/0-0
furious-puma-1:116997:117523 [1] NCCL INFO + PCI[48.0] - PCI/0-ffffff080 (0)
furious-puma-1:116997:117523 [1] NCCL INFO               + PCI[48.0] - NIC/0-f0000
furious-puma-1:116997:117523 [1] NCCL INFO               + PCI[48.0] - GPU/0-ef000 (7)
furious-puma-1:116997:117523 [1] NCCL INFO                             + NVL[370.8] - NVS/0-0
furious-puma-1:116997:117523 [1] NCCL INFO + SYS[22.0] - CPU/0-0
furious-puma-1:116997:117523 [1] NCCL INFO ==========================================
furious-puma-1:116997:117523 [1] NCCL INFO GPU/0-7f000 :GPU/0-7f000 (0/5000.0/LOC) GPU/0-8f000 (2/370.8/NVL) GPU/0-9f000 (2/370.8/NVL) GPU/0-af000 (2/370.8/NVL) GPU/0-bf000 (2/370.8/NVL) GPU/0-cf000 (2/370.8/NVL) GPU/0-df000 (2/370.8/NVL) GPU/0-ef000 (2/370.8/NVL) NVS/0-0 (1/370.8/NVL) CPU/0-0 (2/48.0/PHB) CPU/0-1 (3/22.0/SYS) 
furious-puma-1:116997:117523 [1] NCCL INFO GPU/0-8f000 :GPU/0-7f000 (2/370.8/NVL) GPU/0-8f000 (0/5000.0/LOC) GPU/0-9f000 (2/370.8/NVL) GPU/0-af000 (2/370.8/NVL) GPU/0-bf000 (2/370.8/NVL) GPU/0-cf000 (2/370.8/NVL) GPU/0-df000 (2/370.8/NVL) GPU/0-ef000 (2/370.8/NVL) NVS/0-0 (1/370.8/NVL) CPU/0-0 (2/48.0/PHB) CPU/0-1 (3/22.0/SYS) 
furious-puma-1:116997:117523 [1] NCCL INFO GPU/0-9f000 :GPU/0-7f000 (2/370.8/NVL) GPU/0-8f000 (2/370.8/NVL) GPU/0-9f000 (0/5000.0/LOC) GPU/0-af000 (2/370.8/NVL) GPU/0-bf000 (2/370.8/NVL) GPU/0-cf000 (2/370.8/NVL) GPU/0-df000 (2/370.8/NVL) GPU/0-ef000 (2/370.8/NVL) NVS/0-0 (1/370.8/NVL) CPU/0-0 (2/48.0/PHB) CPU/0-1 (3/22.0/SYS) 
furious-puma-1:116997:117523 [1] NCCL INFO GPU/0-af000 :GPU/0-7f000 (2/370.8/NVL) GPU/0-8f000 (2/370.8/NVL) GPU/0-9f000 (2/370.8/NVL) GPU/0-af000 (0/5000.0/LOC) GPU/0-bf000 (2/370.8/NVL) GPU/0-cf000 (2/370.8/NVL) GPU/0-df000 (2/370.8/NVL) GPU/0-ef000 (2/370.8/NVL) NVS/0-0 (1/370.8/NVL) CPU/0-0 (2/48.0/PHB) CPU/0-1 (3/22.0/SYS) 
furious-puma-1:116997:117523 [1] NCCL INFO GPU/0-bf000 :GPU/0-7f000 (2/370.8/NVL) GPU/0-8f000 (2/370.8/NVL) GPU/0-9f000 (2/370.8/NVL) GPU/0-af000 (2/370.8/NVL) GPU/0-bf000 (0/5000.0/LOC) GPU/0-cf000 (2/370.8/NVL) GPU/0-df000 (2/370.8/NVL) GPU/0-ef000 (2/370.8/NVL) NVS/0-0 (1/370.8/NVL) CPU/0-0 (3/22.0/SYS) CPU/0-1 (2/48.0/PHB) 
furious-puma-1:116997:117523 [1] NCCL INFO GPU/0-cf000 :GPU/0-7f000 (2/370.8/NVL) GPU/0-8f000 (2/370.8/NVL) GPU/0-9f000 (2/370.8/NVL) GPU/0-af000 (2/370.8/NVL) GPU/0-bf000 (2/370.8/NVL) GPU/0-cf000 (0/5000.0/LOC) GPU/0-df000 (2/370.8/NVL) GPU/0-ef000 (2/370.8/NVL) NVS/0-0 (1/370.8/NVL) CPU/0-0 (3/22.0/SYS) CPU/0-1 (2/48.0/PHB) 
furious-puma-1:116997:117523 [1] NCCL INFO GPU/0-df000 :GPU/0-7f000 (2/370.8/NVL) GPU/0-8f000 (2/370.8/NVL) GPU/0-9f000 (2/370.8/NVL) GPU/0-af000 (2/370.8/NVL) GPU/0-bf000 (2/370.8/NVL) GPU/0-cf000 (2/370.8/NVL) GPU/0-df000 (0/5000.0/LOC) GPU/0-ef000 (2/370.8/NVL) NVS/0-0 (1/370.8/NVL) CPU/0-0 (3/22.0/SYS) CPU/0-1 (2/48.0/PHB) 
furious-puma-1:116997:117523 [1] NCCL INFO GPU/0-ef000 :GPU/0-7f000 (2/370.8/NVL) GPU/0-8f000 (2/370.8/NVL) GPU/0-9f000 (2/370.8/NVL) GPU/0-af000 (2/370.8/NVL) GPU/0-bf000 (2/370.8/NVL) GPU/0-cf000 (2/370.8/NVL) GPU/0-df000 (2/370.8/NVL) GPU/0-ef000 (0/5000.0/LOC) NVS/0-0 (1/370.8/NVL) CPU/0-0 (3/22.0/SYS) CPU/0-1 (2/48.0/PHB) 
furious-puma-1:116997:117523 [1] NCCL INFO Setting affinity for GPU 1 to 0-79
furious-puma-1:117000:117524 [4] NCCL INFO NVLS multicast support is available on dev 4 (NVLS_NCHANNELS 16)
furious-puma-1:117003:117520 [7] NCCL INFO === System : maxBw 370.8 totalBw 370.8 ===
furious-puma-1:117003:117520 [7] NCCL INFO CPU/0-0 (1/1/3)
furious-puma-1:117003:117520 [7] NCCL INFO + PCI[48.0] - PCI/0-ffffff010 (0)
furious-puma-1:117003:117520 [7] NCCL INFO               + PCI[48.0] - GPU/0-7f000 (0)
furious-puma-1:117003:117520 [7] NCCL INFO                             + NVL[370.8] - NVS/0-0
furious-puma-1:117003:117520 [7] NCCL INFO               + PCI[48.0] - NIC/0-80000
furious-puma-1:117003:117520 [7] NCCL INFO + PCI[48.0] - PCI/0-ffffff020 (0)
furious-puma-1:117003:117520 [7] NCCL INFO               + PCI[48.0] - NIC/0-90000
furious-puma-1:117003:117520 [7] NCCL INFO               + PCI[48.0] - GPU/0-8f000 (1)
furious-puma-1:117003:117520 [7] NCCL INFO                             + NVL[370.8] - NVS/0-0
furious-puma-1:117003:117520 [7] NCCL INFO + PCI[48.0] - PCI/0-ffffff030 (0)
furious-puma-1:117003:117520 [7] NCCL INFO               + PCI[48.0] - NIC/0-a0000
furious-puma-1:117003:117520 [7] NCCL INFO               + PCI[48.0] - GPU/0-9f000 (2)
furious-puma-1:117003:117520 [7] NCCL INFO                             + NVL[370.8] - NVS/0-0
furious-puma-1:117003:117520 [7] NCCL INFO + PCI[48.0] - PCI/0-ffffff040 (0)
furious-puma-1:117003:117520 [7] NCCL INFO               + PCI[48.0] - NIC/0-b0000
furious-puma-1:117003:117520 [7] NCCL INFO               + PCI[48.0] - GPU/0-af000 (3)
furious-puma-1:117003:117520 [7] NCCL INFO                             + NVL[370.8] - NVS/0-0
furious-puma-1:117003:117520 [7] NCCL INFO + SYS[22.0] - CPU/0-1
furious-puma-1:117003:117520 [7] NCCL INFO CPU/0-1 (1/1/3)
furious-puma-1:117003:117520 [7] NCCL INFO + PCI[48.0] - PCI/0-ffffff050 (0)
furious-puma-1:117003:117520 [7] NCCL INFO               + PCI[48.0] - NIC/0-c0000
furious-puma-1:117003:117520 [7] NCCL INFO               + PCI[48.0] - GPU/0-bf000 (4)
furious-puma-1:117003:117520 [7] NCCL INFO                             + NVL[370.8] - NVS/0-0
furious-puma-1:117003:117520 [7] NCCL INFO + PCI[48.0] - PCI/0-ffffff060 (0)
furious-puma-1:117003:117520 [7] NCCL INFO               + PCI[48.0] - NIC/0-d0000
furious-puma-1:117001:117522 [5] NCCL INFO === System : maxBw 370.8 totalBw 370.8 ===
furious-puma-1:117003:117520 [7] NCCL INFO               + PCI[48.0] - GPU/0-cf000 (5)
furious-puma-1:117003:117520 [7] NCCL INFO                             + NVL[370.8] - NVS/0-0
furious-puma-1:117001:117522 [5] NCCL INFO CPU/0-0 (1/1/3)
furious-puma-1:117003:117520 [7] NCCL INFO + PCI[48.0] - PCI/0-ffffff070 (0)
furious-puma-1:117003:117520 [7] NCCL INFO               + PCI[48.0] - NIC/0-e0000
furious-puma-1:117001:117522 [5] NCCL INFO + PCI[48.0] - PCI/0-ffffff010 (0)
furious-puma-1:117003:117520 [7] NCCL INFO               + PCI[48.0] - GPU/0-df000 (6)
furious-puma-1:117003:117520 [7] NCCL INFO                             + NVL[370.8] - NVS/0-0
furious-puma-1:117001:117522 [5] NCCL INFO               + PCI[48.0] - GPU/0-7f000 (0)
furious-puma-1:117003:117520 [7] NCCL INFO + PCI[48.0] - PCI/0-ffffff080 (0)
furious-puma-1:117001:117522 [5] NCCL INFO                             + NVL[370.8] - NVS/0-0
furious-puma-1:117003:117520 [7] NCCL INFO               + PCI[48.0] - NIC/0-f0000
furious-puma-1:117001:117522 [5] NCCL INFO               + PCI[48.0] - NIC/0-80000
furious-puma-1:117003:117520 [7] NCCL INFO               + PCI[48.0] - GPU/0-ef000 (7)
furious-puma-1:117001:117522 [5] NCCL INFO + PCI[48.0] - PCI/0-ffffff020 (0)
furious-puma-1:117003:117520 [7] NCCL INFO                             + NVL[370.8] - NVS/0-0
furious-puma-1:117001:117522 [5] NCCL INFO               + PCI[48.0] - NIC/0-90000
furious-puma-1:117003:117520 [7] NCCL INFO + SYS[22.0] - CPU/0-0
furious-puma-1:117003:117520 [7] NCCL INFO ==========================================
furious-puma-1:117001:117522 [5] NCCL INFO               + PCI[48.0] - GPU/0-8f000 (1)
furious-puma-1:117001:117522 [5] NCCL INFO                             + NVL[370.8] - NVS/0-0
furious-puma-1:117001:117522 [5] NCCL INFO + PCI[48.0] - PCI/0-ffffff030 (0)
furious-puma-1:117001:117522 [5] NCCL INFO               + PCI[48.0] - NIC/0-a0000
furious-puma-1:117001:117522 [5] NCCL INFO               + PCI[48.0] - GPU/0-9f000 (2)
furious-puma-1:117001:117522 [5] NCCL INFO                             + NVL[370.8] - NVS/0-0
furious-puma-1:117003:117520 [7] NCCL INFO GPU/0-7f000 :GPU/0-7f000 (0/5000.0/LOC) GPU/0-8f000 (2/370.8/NVL) GPU/0-9f000 (2/370.8/NVL) GPU/0-af000 (2/370.8/NVL) GPU/0-bf000 (2/370.8/NVL) GPU/0-cf000 (2/370.8/NVL) GPU/0-df000 (2/370.8/NVL) GPU/0-ef000 (2/370.8/NVL) NVS/0-0 (1/370.8/NVL) CPU/0-0 (2/48.0/PHB) CPU/0-1 (3/22.0/SYS) 
furious-puma-1:117001:117522 [5] NCCL INFO + PCI[48.0] - PCI/0-ffffff040 (0)
furious-puma-1:117001:117522 [5] NCCL INFO               + PCI[48.0] - NIC/0-b0000
furious-puma-1:117001:117522 [5] NCCL INFO               + PCI[48.0] - GPU/0-af000 (3)
furious-puma-1:117001:117522 [5] NCCL INFO                             + NVL[370.8] - NVS/0-0
furious-puma-1:117001:117522 [5] NCCL INFO + SYS[22.0] - CPU/0-1
furious-puma-1:117003:117520 [7] NCCL INFO GPU/0-8f000 :GPU/0-7f000 (2/370.8/NVL) GPU/0-8f000 (0/5000.0/LOC) GPU/0-9f000 (2/370.8/NVL) GPU/0-af000 (2/370.8/NVL) GPU/0-bf000 (2/370.8/NVL) GPU/0-cf000 (2/370.8/NVL) GPU/0-df000 (2/370.8/NVL) GPU/0-ef000 (2/370.8/NVL) NVS/0-0 (1/370.8/NVL) CPU/0-0 (2/48.0/PHB) CPU/0-1 (3/22.0/SYS) 
furious-puma-1:117001:117522 [5] NCCL INFO CPU/0-1 (1/1/3)
furious-puma-1:117001:117522 [5] NCCL INFO + PCI[48.0] - PCI/0-ffffff050 (0)
furious-puma-1:117001:117522 [5] NCCL INFO               + PCI[48.0] - NIC/0-c0000
furious-puma-1:117001:117522 [5] NCCL INFO               + PCI[48.0] - GPU/0-bf000 (4)
furious-puma-1:117001:117522 [5] NCCL INFO                             + NVL[370.8] - NVS/0-0
furious-puma-1:117003:117520 [7] NCCL INFO GPU/0-9f000 :GPU/0-7f000 (2/370.8/NVL) GPU/0-8f000 (2/370.8/NVL) GPU/0-9f000 (0/5000.0/LOC) GPU/0-af000 (2/370.8/NVL) GPU/0-bf000 (2/370.8/NVL) GPU/0-cf000 (2/370.8/NVL) GPU/0-df000 (2/370.8/NVL) GPU/0-ef000 (2/370.8/NVL) NVS/0-0 (1/370.8/NVL) CPU/0-0 (2/48.0/PHB) CPU/0-1 (3/22.0/SYS) 
furious-puma-1:117001:117522 [5] NCCL INFO + PCI[48.0] - PCI/0-ffffff060 (0)
furious-puma-1:117001:117522 [5] NCCL INFO               + PCI[48.0] - NIC/0-d0000
furious-puma-1:117001:117522 [5] NCCL INFO               + PCI[48.0] - GPU/0-cf000 (5)
furious-puma-1:117001:117522 [5] NCCL INFO                             + NVL[370.8] - NVS/0-0
furious-puma-1:117001:117522 [5] NCCL INFO + PCI[48.0] - PCI/0-ffffff070 (0)
furious-puma-1:117003:117520 [7] NCCL INFO GPU/0-af000 :GPU/0-7f000 (2/370.8/NVL) GPU/0-8f000 (2/370.8/NVL) GPU/0-9f000 (2/370.8/NVL) GPU/0-af000 (0/5000.0/LOC) GPU/0-bf000 (2/370.8/NVL) GPU/0-cf000 (2/370.8/NVL) GPU/0-df000 (2/370.8/NVL) GPU/0-ef000 (2/370.8/NVL) NVS/0-0 (1/370.8/NVL) CPU/0-0 (2/48.0/PHB) CPU/0-1 (3/22.0/SYS) 
furious-puma-1:117001:117522 [5] NCCL INFO               + PCI[48.0] - NIC/0-e0000
furious-puma-1:116997:117523 [1] NCCL INFO NVLS multicast support is available on dev 1 (NVLS_NCHANNELS 16)
furious-puma-1:117001:117522 [5] NCCL INFO               + PCI[48.0] - GPU/0-df000 (6)
furious-puma-1:117001:117522 [5] NCCL INFO                             + NVL[370.8] - NVS/0-0
furious-puma-1:117001:117522 [5] NCCL INFO + PCI[48.0] - PCI/0-ffffff080 (0)
furious-puma-1:117001:117522 [5] NCCL INFO               + PCI[48.0] - NIC/0-f0000
furious-puma-1:117003:117520 [7] NCCL INFO GPU/0-bf000 :GPU/0-7f000 (2/370.8/NVL) GPU/0-8f000 (2/370.8/NVL) GPU/0-9f000 (2/370.8/NVL) GPU/0-af000 (2/370.8/NVL) GPU/0-bf000 (0/5000.0/LOC) GPU/0-cf000 (2/370.8/NVL) GPU/0-df000 (2/370.8/NVL) GPU/0-ef000 (2/370.8/NVL) NVS/0-0 (1/370.8/NVL) CPU/0-0 (3/22.0/SYS) CPU/0-1 (2/48.0/PHB) 
furious-puma-1:117001:117522 [5] NCCL INFO               + PCI[48.0] - GPU/0-ef000 (7)
furious-puma-1:117001:117522 [5] NCCL INFO                             + NVL[370.8] - NVS/0-0
furious-puma-1:117001:117522 [5] NCCL INFO + SYS[22.0] - CPU/0-0
furious-puma-1:117001:117522 [5] NCCL INFO ==========================================
furious-puma-1:117003:117520 [7] NCCL INFO GPU/0-cf000 :GPU/0-7f000 (2/370.8/NVL) GPU/0-8f000 (2/370.8/NVL) GPU/0-9f000 (2/370.8/NVL) GPU/0-af000 (2/370.8/NVL) GPU/0-bf000 (2/370.8/NVL) GPU/0-cf000 (0/5000.0/LOC) GPU/0-df000 (2/370.8/NVL) GPU/0-ef000 (2/370.8/NVL) NVS/0-0 (1/370.8/NVL) CPU/0-0 (3/22.0/SYS) CPU/0-1 (2/48.0/PHB) 
furious-puma-1:117001:117522 [5] NCCL INFO GPU/0-7f000 :GPU/0-7f000 (0/5000.0/LOC) GPU/0-8f000 (2/370.8/NVL) GPU/0-9f000 (2/370.8/NVL) GPU/0-af000 (2/370.8/NVL) GPU/0-bf000 (2/370.8/NVL) GPU/0-cf000 (2/370.8/NVL) GPU/0-df000 (2/370.8/NVL) GPU/0-ef000 (2/370.8/NVL) NVS/0-0 (1/370.8/NVL) CPU/0-0 (2/48.0/PHB) CPU/0-1 (3/22.0/SYS) 
furious-puma-1:117003:117520 [7] NCCL INFO GPU/0-df000 :GPU/0-7f000 (2/370.8/NVL) GPU/0-8f000 (2/370.8/NVL) GPU/0-9f000 (2/370.8/NVL) GPU/0-af000 (2/370.8/NVL) GPU/0-bf000 (2/370.8/NVL) GPU/0-cf000 (2/370.8/NVL) GPU/0-df000 (0/5000.0/LOC) GPU/0-ef000 (2/370.8/NVL) NVS/0-0 (1/370.8/NVL) CPU/0-0 (3/22.0/SYS) CPU/0-1 (2/48.0/PHB) 
furious-puma-1:117001:117522 [5] NCCL INFO GPU/0-8f000 :GPU/0-7f000 (2/370.8/NVL) GPU/0-8f000 (0/5000.0/LOC) GPU/0-9f000 (2/370.8/NVL) GPU/0-af000 (2/370.8/NVL) GPU/0-bf000 (2/370.8/NVL) GPU/0-cf000 (2/370.8/NVL) GPU/0-df000 (2/370.8/NVL) GPU/0-ef000 (2/370.8/NVL) NVS/0-0 (1/370.8/NVL) CPU/0-0 (2/48.0/PHB) CPU/0-1 (3/22.0/SYS) 
furious-puma-1:117003:117520 [7] NCCL INFO GPU/0-ef000 :GPU/0-7f000 (2/370.8/NVL) GPU/0-8f000 (2/370.8/NVL) GPU/0-9f000 (2/370.8/NVL) GPU/0-af000 (2/370.8/NVL) GPU/0-bf000 (2/370.8/NVL) GPU/0-cf000 (2/370.8/NVL) GPU/0-df000 (2/370.8/NVL) GPU/0-ef000 (0/5000.0/LOC) NVS/0-0 (1/370.8/NVL) CPU/0-0 (3/22.0/SYS) CPU/0-1 (2/48.0/PHB) 
furious-puma-1:117001:117522 [5] NCCL INFO GPU/0-9f000 :GPU/0-7f000 (2/370.8/NVL) GPU/0-8f000 (2/370.8/NVL) GPU/0-9f000 (0/5000.0/LOC) GPU/0-af000 (2/370.8/NVL) GPU/0-bf000 (2/370.8/NVL) GPU/0-cf000 (2/370.8/NVL) GPU/0-df000 (2/370.8/NVL) GPU/0-ef000 (2/370.8/NVL) NVS/0-0 (1/370.8/NVL) CPU/0-0 (2/48.0/PHB) CPU/0-1 (3/22.0/SYS) 
furious-puma-1:117003:117520 [7] NCCL INFO Setting affinity for GPU 7 to 80-159
furious-puma-1:117001:117522 [5] NCCL INFO GPU/0-af000 :GPU/0-7f000 (2/370.8/NVL) GPU/0-8f000 (2/370.8/NVL) GPU/0-9f000 (2/370.8/NVL) GPU/0-af000 (0/5000.0/LOC) GPU/0-bf000 (2/370.8/NVL) GPU/0-cf000 (2/370.8/NVL) GPU/0-df000 (2/370.8/NVL) GPU/0-ef000 (2/370.8/NVL) NVS/0-0 (1/370.8/NVL) CPU/0-0 (2/48.0/PHB) CPU/0-1 (3/22.0/SYS) 
furious-puma-1:116996:117518 [0] NCCL INFO === System : maxBw 370.8 totalBw 370.8 ===
furious-puma-1:117001:117522 [5] NCCL INFO GPU/0-bf000 :GPU/0-7f000 (2/370.8/NVL) GPU/0-8f000 (2/370.8/NVL) GPU/0-9f000 (2/370.8/NVL) GPU/0-af000 (2/370.8/NVL) GPU/0-bf000 (0/5000.0/LOC) GPU/0-cf000 (2/370.8/NVL) GPU/0-df000 (2/370.8/NVL) GPU/0-ef000 (2/370.8/NVL) NVS/0-0 (1/370.8/NVL) CPU/0-0 (3/22.0/SYS) CPU/0-1 (2/48.0/PHB) 
furious-puma-1:116996:117518 [0] NCCL INFO CPU/0-0 (1/1/3)
furious-puma-1:116996:117518 [0] NCCL INFO + PCI[48.0] - PCI/0-ffffff010 (0)
furious-puma-1:117001:117522 [5] NCCL INFO GPU/0-cf000 :GPU/0-7f000 (2/370.8/NVL) GPU/0-8f000 (2/370.8/NVL) GPU/0-9f000 (2/370.8/NVL) GPU/0-af000 (2/370.8/NVL) GPU/0-bf000 (2/370.8/NVL) GPU/0-cf000 (0/5000.0/LOC) GPU/0-df000 (2/370.8/NVL) GPU/0-ef000 (2/370.8/NVL) NVS/0-0 (1/370.8/NVL) CPU/0-0 (3/22.0/SYS) CPU/0-1 (2/48.0/PHB) 
furious-puma-1:116996:117518 [0] NCCL INFO               + PCI[48.0] - GPU/0-7f000 (0)
furious-puma-1:116996:117518 [0] NCCL INFO                             + NVL[370.8] - NVS/0-0
furious-puma-1:116996:117518 [0] NCCL INFO               + PCI[48.0] - NIC/0-80000
furious-puma-1:116996:117518 [0] NCCL INFO + PCI[48.0] - PCI/0-ffffff020 (0)
furious-puma-1:117001:117522 [5] NCCL INFO GPU/0-df000 :GPU/0-7f000 (2/370.8/NVL) GPU/0-8f000 (2/370.8/NVL) GPU/0-9f000 (2/370.8/NVL) GPU/0-af000 (2/370.8/NVL) GPU/0-bf000 (2/370.8/NVL) GPU/0-cf000 (2/370.8/NVL) GPU/0-df000 (0/5000.0/LOC) GPU/0-ef000 (2/370.8/NVL) NVS/0-0 (1/370.8/NVL) CPU/0-0 (3/22.0/SYS) CPU/0-1 (2/48.0/PHB) 
furious-puma-1:116996:117518 [0] NCCL INFO               + PCI[48.0] - NIC/0-90000
furious-puma-1:116996:117518 [0] NCCL INFO               + PCI[48.0] - GPU/0-8f000 (1)
furious-puma-1:116996:117518 [0] NCCL INFO                             + NVL[370.8] - NVS/0-0
furious-puma-1:116996:117518 [0] NCCL INFO + PCI[48.0] - PCI/0-ffffff030 (0)
furious-puma-1:116996:117518 [0] NCCL INFO               + PCI[48.0] - NIC/0-a0000
furious-puma-1:117001:117522 [5] NCCL INFO GPU/0-ef000 :GPU/0-7f000 (2/370.8/NVL) GPU/0-8f000 (2/370.8/NVL) GPU/0-9f000 (2/370.8/NVL) GPU/0-af000 (2/370.8/NVL) GPU/0-bf000 (2/370.8/NVL) GPU/0-cf000 (2/370.8/NVL) GPU/0-df000 (2/370.8/NVL) GPU/0-ef000 (0/5000.0/LOC) NVS/0-0 (1/370.8/NVL) CPU/0-0 (3/22.0/SYS) CPU/0-1 (2/48.0/PHB) 
furious-puma-1:116996:117518 [0] NCCL INFO               + PCI[48.0] - GPU/0-9f000 (2)
furious-puma-1:116996:117518 [0] NCCL INFO                             + NVL[370.8] - NVS/0-0
furious-puma-1:116996:117518 [0] NCCL INFO + PCI[48.0] - PCI/0-ffffff040 (0)
furious-puma-1:116996:117518 [0] NCCL INFO               + PCI[48.0] - NIC/0-b0000
furious-puma-1:116996:117518 [0] NCCL INFO               + PCI[48.0] - GPU/0-af000 (3)
furious-puma-1:117001:117522 [5] NCCL INFO Setting affinity for GPU 5 to 80-159
furious-puma-1:116996:117518 [0] NCCL INFO                             + NVL[370.8] - NVS/0-0
furious-puma-1:116996:117518 [0] NCCL INFO + SYS[22.0] - CPU/0-1
furious-puma-1:116996:117518 [0] NCCL INFO CPU/0-1 (1/1/3)
furious-puma-1:116996:117518 [0] NCCL INFO + PCI[48.0] - PCI/0-ffffff050 (0)
furious-puma-1:116996:117518 [0] NCCL INFO               + PCI[48.0] - NIC/0-c0000
furious-puma-1:116996:117518 [0] NCCL INFO               + PCI[48.0] - GPU/0-bf000 (4)
furious-puma-1:116996:117518 [0] NCCL INFO                             + NVL[370.8] - NVS/0-0
furious-puma-1:116996:117518 [0] NCCL INFO + PCI[48.0] - PCI/0-ffffff060 (0)
furious-puma-1:116996:117518 [0] NCCL INFO               + PCI[48.0] - NIC/0-d0000
furious-puma-1:116996:117518 [0] NCCL INFO               + PCI[48.0] - GPU/0-cf000 (5)
furious-puma-1:116996:117518 [0] NCCL INFO                             + NVL[370.8] - NVS/0-0
furious-puma-1:116996:117518 [0] NCCL INFO + PCI[48.0] - PCI/0-ffffff070 (0)
furious-puma-1:116996:117518 [0] NCCL INFO               + PCI[48.0] - NIC/0-e0000
furious-puma-1:116996:117518 [0] NCCL INFO               + PCI[48.0] - GPU/0-df000 (6)
furious-puma-1:116996:117518 [0] NCCL INFO                             + NVL[370.8] - NVS/0-0
furious-puma-1:116996:117518 [0] NCCL INFO + PCI[48.0] - PCI/0-ffffff080 (0)
furious-puma-1:116996:117518 [0] NCCL INFO               + PCI[48.0] - NIC/0-f0000
furious-puma-1:117001:117522 [5] NCCL INFO NVLS multicast support is available on dev 5 (NVLS_NCHANNELS 16)
furious-puma-1:116996:117518 [0] NCCL INFO               + PCI[48.0] - GPU/0-ef000 (7)
furious-puma-1:116996:117518 [0] NCCL INFO                             + NVL[370.8] - NVS/0-0
furious-puma-1:116996:117518 [0] NCCL INFO + SYS[22.0] - CPU/0-0
furious-puma-1:116996:117518 [0] NCCL INFO ==========================================
furious-puma-1:116996:117518 [0] NCCL INFO GPU/0-7f000 :GPU/0-7f000 (0/5000.0/LOC) GPU/0-8f000 (2/370.8/NVL) GPU/0-9f000 (2/370.8/NVL) GPU/0-af000 (2/370.8/NVL) GPU/0-bf000 (2/370.8/NVL) GPU/0-cf000 (2/370.8/NVL) GPU/0-df000 (2/370.8/NVL) GPU/0-ef000 (2/370.8/NVL) NVS/0-0 (1/370.8/NVL) CPU/0-0 (2/48.0/PHB) CPU/0-1 (3/22.0/SYS) 
furious-puma-1:116996:117518 [0] NCCL INFO GPU/0-8f000 :GPU/0-7f000 (2/370.8/NVL) GPU/0-8f000 (0/5000.0/LOC) GPU/0-9f000 (2/370.8/NVL) GPU/0-af000 (2/370.8/NVL) GPU/0-bf000 (2/370.8/NVL) GPU/0-cf000 (2/370.8/NVL) GPU/0-df000 (2/370.8/NVL) GPU/0-ef000 (2/370.8/NVL) NVS/0-0 (1/370.8/NVL) CPU/0-0 (2/48.0/PHB) CPU/0-1 (3/22.0/SYS) 
furious-puma-1:116996:117518 [0] NCCL INFO GPU/0-9f000 :GPU/0-7f000 (2/370.8/NVL) GPU/0-8f000 (2/370.8/NVL) GPU/0-9f000 (0/5000.0/LOC) GPU/0-af000 (2/370.8/NVL) GPU/0-bf000 (2/370.8/NVL) GPU/0-cf000 (2/370.8/NVL) GPU/0-df000 (2/370.8/NVL) GPU/0-ef000 (2/370.8/NVL) NVS/0-0 (1/370.8/NVL) CPU/0-0 (2/48.0/PHB) CPU/0-1 (3/22.0/SYS) 
furious-puma-1:116996:117518 [0] NCCL INFO GPU/0-af000 :GPU/0-7f000 (2/370.8/NVL) GPU/0-8f000 (2/370.8/NVL) GPU/0-9f000 (2/370.8/NVL) GPU/0-af000 (0/5000.0/LOC) GPU/0-bf000 (2/370.8/NVL) GPU/0-cf000 (2/370.8/NVL) GPU/0-df000 (2/370.8/NVL) GPU/0-ef000 (2/370.8/NVL) NVS/0-0 (1/370.8/NVL) CPU/0-0 (2/48.0/PHB) CPU/0-1 (3/22.0/SYS) 
furious-puma-1:116996:117518 [0] NCCL INFO GPU/0-bf000 :GPU/0-7f000 (2/370.8/NVL) GPU/0-8f000 (2/370.8/NVL) GPU/0-9f000 (2/370.8/NVL) GPU/0-af000 (2/370.8/NVL) GPU/0-bf000 (0/5000.0/LOC) GPU/0-cf000 (2/370.8/NVL) GPU/0-df000 (2/370.8/NVL) GPU/0-ef000 (2/370.8/NVL) NVS/0-0 (1/370.8/NVL) CPU/0-0 (3/22.0/SYS) CPU/0-1 (2/48.0/PHB) 
furious-puma-1:116996:117518 [0] NCCL INFO GPU/0-cf000 :GPU/0-7f000 (2/370.8/NVL) GPU/0-8f000 (2/370.8/NVL) GPU/0-9f000 (2/370.8/NVL) GPU/0-af000 (2/370.8/NVL) GPU/0-bf000 (2/370.8/NVL) GPU/0-cf000 (0/5000.0/LOC) GPU/0-df000 (2/370.8/NVL) GPU/0-ef000 (2/370.8/NVL) NVS/0-0 (1/370.8/NVL) CPU/0-0 (3/22.0/SYS) CPU/0-1 (2/48.0/PHB) 
furious-puma-1:116996:117518 [0] NCCL INFO GPU/0-df000 :GPU/0-7f000 (2/370.8/NVL) GPU/0-8f000 (2/370.8/NVL) GPU/0-9f000 (2/370.8/NVL) GPU/0-af000 (2/370.8/NVL) GPU/0-bf000 (2/370.8/NVL) GPU/0-cf000 (2/370.8/NVL) GPU/0-df000 (0/5000.0/LOC) GPU/0-ef000 (2/370.8/NVL) NVS/0-0 (1/370.8/NVL) CPU/0-0 (3/22.0/SYS) CPU/0-1 (2/48.0/PHB) 
furious-puma-1:116996:117518 [0] NCCL INFO GPU/0-ef000 :GPU/0-7f000 (2/370.8/NVL) GPU/0-8f000 (2/370.8/NVL) GPU/0-9f000 (2/370.8/NVL) GPU/0-af000 (2/370.8/NVL) GPU/0-bf000 (2/370.8/NVL) GPU/0-cf000 (2/370.8/NVL) GPU/0-df000 (2/370.8/NVL) GPU/0-ef000 (0/5000.0/LOC) NVS/0-0 (1/370.8/NVL) CPU/0-0 (3/22.0/SYS) CPU/0-1 (2/48.0/PHB) 
furious-puma-1:116996:117518 [0] NCCL INFO Setting affinity for GPU 0 to 0-79
furious-puma-1:117003:117520 [7] NCCL INFO NVLS multicast support is available on dev 7 (NVLS_NCHANNELS 16)
furious-puma-1:116996:117518 [0] NCCL INFO NVLS multicast support is available on dev 0 (NVLS_NCHANNELS 16)
furious-puma-1:117002:117519 [6] NCCL INFO Pattern 4, crossNic 0, nChannels 12, bw 30.000000/30.000000, type NVL/PIX, sameChannels 1
furious-puma-1:117002:117519 [6] NCCL INFO  0 : GPU/0-7f000 GPU/0-8f000 GPU/0-9f000 GPU/0-af000 GPU/0-bf000 GPU/0-cf000 GPU/0-df000 GPU/0-ef000
furious-puma-1:117002:117519 [6] NCCL INFO  1 : GPU/0-7f000 GPU/0-8f000 GPU/0-9f000 GPU/0-af000 GPU/0-bf000 GPU/0-cf000 GPU/0-df000 GPU/0-ef000
furious-puma-1:117002:117519 [6] NCCL INFO  2 : GPU/0-7f000 GPU/0-8f000 GPU/0-9f000 GPU/0-af000 GPU/0-bf000 GPU/0-cf000 GPU/0-df000 GPU/0-ef000
furious-puma-1:117002:117519 [6] NCCL INFO  3 : GPU/0-7f000 GPU/0-8f000 GPU/0-9f000 GPU/0-af000 GPU/0-bf000 GPU/0-cf000 GPU/0-df000 GPU/0-ef000
furious-puma-1:117002:117519 [6] NCCL INFO  4 : GPU/0-7f000 GPU/0-8f000 GPU/0-9f000 GPU/0-af000 GPU/0-bf000 GPU/0-cf000 GPU/0-df000 GPU/0-ef000
furious-puma-1:117002:117519 [6] NCCL INFO  5 : GPU/0-7f000 GPU/0-8f000 GPU/0-9f000 GPU/0-af000 GPU/0-bf000 GPU/0-cf000 GPU/0-df000 GPU/0-ef000
furious-puma-1:117002:117519 [6] NCCL INFO  6 : GPU/0-7f000 GPU/0-8f000 GPU/0-9f000 GPU/0-af000 GPU/0-bf000 GPU/0-cf000 GPU/0-df000 GPU/0-ef000
furious-puma-1:117002:117519 [6] NCCL INFO  7 : GPU/0-7f000 GPU/0-8f000 GPU/0-9f000 GPU/0-af000 GPU/0-bf000 GPU/0-cf000 GPU/0-df000 GPU/0-ef000
furious-puma-1:117002:117519 [6] NCCL INFO  8 : GPU/0-7f000 GPU/0-8f000 GPU/0-9f000 GPU/0-af000 GPU/0-bf000 GPU/0-cf000 GPU/0-df000 GPU/0-ef000
furious-puma-1:117002:117519 [6] NCCL INFO  9 : GPU/0-7f000 GPU/0-8f000 GPU/0-9f000 GPU/0-af000 GPU/0-bf000 GPU/0-cf000 GPU/0-df000 GPU/0-ef000
furious-puma-1:117002:117519 [6] NCCL INFO 10 : GPU/0-7f000 GPU/0-8f000 GPU/0-9f000 GPU/0-af000 GPU/0-bf000 GPU/0-cf000 GPU/0-df000 GPU/0-ef000
furious-puma-1:117002:117519 [6] NCCL INFO 11 : GPU/0-7f000 GPU/0-8f000 GPU/0-9f000 GPU/0-af000 GPU/0-bf000 GPU/0-cf000 GPU/0-df000 GPU/0-ef000
furious-puma-1:117002:117519 [6] NCCL INFO Pattern 1, crossNic 0, nChannels 12, bw 30.000000/30.000000, type NVL/PIX, sameChannels 1
furious-puma-1:117002:117519 [6] NCCL INFO  0 : GPU/0-7f000 GPU/0-8f000 GPU/0-9f000 GPU/0-af000 GPU/0-bf000 GPU/0-cf000 GPU/0-df000 GPU/0-ef000
furious-puma-1:117002:117519 [6] NCCL INFO  1 : GPU/0-7f000 GPU/0-8f000 GPU/0-9f000 GPU/0-af000 GPU/0-bf000 GPU/0-cf000 GPU/0-df000 GPU/0-ef000
furious-puma-1:117002:117519 [6] NCCL INFO  2 : GPU/0-7f000 GPU/0-8f000 GPU/0-9f000 GPU/0-af000 GPU/0-bf000 GPU/0-cf000 GPU/0-df000 GPU/0-ef000
furious-puma-1:117002:117519 [6] NCCL INFO  3 : GPU/0-7f000 GPU/0-8f000 GPU/0-9f000 GPU/0-af000 GPU/0-bf000 GPU/0-cf000 GPU/0-df000 GPU/0-ef000
furious-puma-1:117002:117519 [6] NCCL INFO  4 : GPU/0-7f000 GPU/0-8f000 GPU/0-9f000 GPU/0-af000 GPU/0-bf000 GPU/0-cf000 GPU/0-df000 GPU/0-ef000
furious-puma-1:117002:117519 [6] NCCL INFO  5 : GPU/0-7f000 GPU/0-8f000 GPU/0-9f000 GPU/0-af000 GPU/0-bf000 GPU/0-cf000 GPU/0-df000 GPU/0-ef000
furious-puma-1:117002:117519 [6] NCCL INFO  6 : GPU/0-7f000 GPU/0-8f000 GPU/0-9f000 GPU/0-af000 GPU/0-bf000 GPU/0-cf000 GPU/0-df000 GPU/0-ef000
furious-puma-1:117002:117519 [6] NCCL INFO  7 : GPU/0-7f000 GPU/0-8f000 GPU/0-9f000 GPU/0-af000 GPU/0-bf000 GPU/0-cf000 GPU/0-df000 GPU/0-ef000
furious-puma-1:117002:117519 [6] NCCL INFO  8 : GPU/0-7f000 GPU/0-8f000 GPU/0-9f000 GPU/0-af000 GPU/0-bf000 GPU/0-cf000 GPU/0-df000 GPU/0-ef000
furious-puma-1:117002:117519 [6] NCCL INFO  9 : GPU/0-7f000 GPU/0-8f000 GPU/0-9f000 GPU/0-af000 GPU/0-bf000 GPU/0-cf000 GPU/0-df000 GPU/0-ef000
furious-puma-1:117002:117519 [6] NCCL INFO 10 : GPU/0-7f000 GPU/0-8f000 GPU/0-9f000 GPU/0-af000 GPU/0-bf000 GPU/0-cf000 GPU/0-df000 GPU/0-ef000
furious-puma-1:117002:117519 [6] NCCL INFO 11 : GPU/0-7f000 GPU/0-8f000 GPU/0-9f000 GPU/0-af000 GPU/0-bf000 GPU/0-cf000 GPU/0-df000 GPU/0-ef000
furious-puma-1:117002:117519 [6] NCCL INFO Pattern 5, crossNic 0, nChannels 8, bw 40.000000/60.000000, type NVL/PIX, sameChannels 0
furious-puma-1:117002:117519 [6] NCCL INFO  0 : GPU/0-7f000
furious-puma-1:117002:117519 [6] NCCL INFO  1 : GPU/0-8f000
furious-puma-1:117002:117519 [6] NCCL INFO  2 : GPU/0-9f000
furious-puma-1:117002:117519 [6] NCCL INFO  3 : GPU/0-af000
furious-puma-1:117002:117519 [6] NCCL INFO  4 : GPU/0-bf000
furious-puma-1:117002:117519 [6] NCCL INFO  5 : GPU/0-cf000
furious-puma-1:117002:117519 [6] NCCL INFO  6 : GPU/0-df000
furious-puma-1:117002:117519 [6] NCCL INFO  7 : GPU/0-ef000
furious-puma-1:116996:117518 [0] NCCL INFO Pattern 4, crossNic 0, nChannels 12, bw 30.000000/30.000000, type NVL/PIX, sameChannels 1
furious-puma-1:116996:117518 [0] NCCL INFO  0 : GPU/0-7f000 GPU/0-8f000 GPU/0-9f000 GPU/0-af000 GPU/0-bf000 GPU/0-cf000 GPU/0-df000 GPU/0-ef000
furious-puma-1:116996:117518 [0] NCCL INFO  1 : GPU/0-7f000 GPU/0-8f000 GPU/0-9f000 GPU/0-af000 GPU/0-bf000 GPU/0-cf000 GPU/0-df000 GPU/0-ef000
furious-puma-1:116996:117518 [0] NCCL INFO  2 : GPU/0-7f000 GPU/0-8f000 GPU/0-9f000 GPU/0-af000 GPU/0-bf000 GPU/0-cf000 GPU/0-df000 GPU/0-ef000
furious-puma-1:116996:117518 [0] NCCL INFO  3 : GPU/0-7f000 GPU/0-8f000 GPU/0-9f000 GPU/0-af000 GPU/0-bf000 GPU/0-cf000 GPU/0-df000 GPU/0-ef000
furious-puma-1:116996:117518 [0] NCCL INFO  4 : GPU/0-7f000 GPU/0-8f000 GPU/0-9f000 GPU/0-af000 GPU/0-bf000 GPU/0-cf000 GPU/0-df000 GPU/0-ef000
furious-puma-1:116996:117518 [0] NCCL INFO  5 : GPU/0-7f000 GPU/0-8f000 GPU/0-9f000 GPU/0-af000 GPU/0-bf000 GPU/0-cf000 GPU/0-df000 GPU/0-ef000
furious-puma-1:116996:117518 [0] NCCL INFO  6 : GPU/0-7f000 GPU/0-8f000 GPU/0-9f000 GPU/0-af000 GPU/0-bf000 GPU/0-cf000 GPU/0-df000 GPU/0-ef000
furious-puma-1:116996:117518 [0] NCCL INFO  7 : GPU/0-7f000 GPU/0-8f000 GPU/0-9f000 GPU/0-af000 GPU/0-bf000 GPU/0-cf000 GPU/0-df000 GPU/0-ef000
furious-puma-1:116996:117518 [0] NCCL INFO  8 : GPU/0-7f000 GPU/0-8f000 GPU/0-9f000 GPU/0-af000 GPU/0-bf000 GPU/0-cf000 GPU/0-df000 GPU/0-ef000
furious-puma-1:116996:117518 [0] NCCL INFO  9 : GPU/0-7f000 GPU/0-8f000 GPU/0-9f000 GPU/0-af000 GPU/0-bf000 GPU/0-cf000 GPU/0-df000 GPU/0-ef000
furious-puma-1:116996:117518 [0] NCCL INFO 10 : GPU/0-7f000 GPU/0-8f000 GPU/0-9f000 GPU/0-af000 GPU/0-bf000 GPU/0-cf000 GPU/0-df000 GPU/0-ef000
furious-puma-1:116996:117518 [0] NCCL INFO 11 : GPU/0-7f000 GPU/0-8f000 GPU/0-9f000 GPU/0-af000 GPU/0-bf000 GPU/0-cf000 GPU/0-df000 GPU/0-ef000
furious-puma-1:116996:117518 [0] NCCL INFO Pattern 1, crossNic 0, nChannels 12, bw 30.000000/30.000000, type NVL/PIX, sameChannels 1
furious-puma-1:116996:117518 [0] NCCL INFO  0 : GPU/0-7f000 GPU/0-8f000 GPU/0-9f000 GPU/0-af000 GPU/0-bf000 GPU/0-cf000 GPU/0-df000 GPU/0-ef000
furious-puma-1:116996:117518 [0] NCCL INFO  1 : GPU/0-7f000 GPU/0-8f000 GPU/0-9f000 GPU/0-af000 GPU/0-bf000 GPU/0-cf000 GPU/0-df000 GPU/0-ef000
furious-puma-1:116996:117518 [0] NCCL INFO  2 : GPU/0-7f000 GPU/0-8f000 GPU/0-9f000 GPU/0-af000 GPU/0-bf000 GPU/0-cf000 GPU/0-df000 GPU/0-ef000
furious-puma-1:116996:117518 [0] NCCL INFO  3 : GPU/0-7f000 GPU/0-8f000 GPU/0-9f000 GPU/0-af000 GPU/0-bf000 GPU/0-cf000 GPU/0-df000 GPU/0-ef000
furious-puma-1:116996:117518 [0] NCCL INFO  4 : GPU/0-7f000 GPU/0-8f000 GPU/0-9f000 GPU/0-af000 GPU/0-bf000 GPU/0-cf000 GPU/0-df000 GPU/0-ef000
furious-puma-1:116996:117518 [0] NCCL INFO  5 : GPU/0-7f000 GPU/0-8f000 GPU/0-9f000 GPU/0-af000 GPU/0-bf000 GPU/0-cf000 GPU/0-df000 GPU/0-ef000
furious-puma-1:116996:117518 [0] NCCL INFO  6 : GPU/0-7f000 GPU/0-8f000 GPU/0-9f000 GPU/0-af000 GPU/0-bf000 GPU/0-cf000 GPU/0-df000 GPU/0-ef000
furious-puma-1:116996:117518 [0] NCCL INFO  7 : GPU/0-7f000 GPU/0-8f000 GPU/0-9f000 GPU/0-af000 GPU/0-bf000 GPU/0-cf000 GPU/0-df000 GPU/0-ef000
furious-puma-1:116996:117518 [0] NCCL INFO  8 : GPU/0-7f000 GPU/0-8f000 GPU/0-9f000 GPU/0-af000 GPU/0-bf000 GPU/0-cf000 GPU/0-df000 GPU/0-ef000
furious-puma-1:116996:117518 [0] NCCL INFO  9 : GPU/0-7f000 GPU/0-8f000 GPU/0-9f000 GPU/0-af000 GPU/0-bf000 GPU/0-cf000 GPU/0-df000 GPU/0-ef000
furious-puma-1:116996:117518 [0] NCCL INFO 10 : GPU/0-7f000 GPU/0-8f000 GPU/0-9f000 GPU/0-af000 GPU/0-bf000 GPU/0-cf000 GPU/0-df000 GPU/0-ef000
furious-puma-1:116996:117518 [0] NCCL INFO 11 : GPU/0-7f000 GPU/0-8f000 GPU/0-9f000 GPU/0-af000 GPU/0-bf000 GPU/0-cf000 GPU/0-df000 GPU/0-ef000
furious-puma-1:116996:117518 [0] NCCL INFO Pattern 5, crossNic 0, nChannels 8, bw 40.000000/60.000000, type NVL/PIX, sameChannels 0
furious-puma-1:116996:117518 [0] NCCL INFO  0 : GPU/0-7f000
furious-puma-1:116996:117518 [0] NCCL INFO  1 : GPU/0-8f000
furious-puma-1:116996:117518 [0] NCCL INFO  2 : GPU/0-9f000
furious-puma-1:116996:117518 [0] NCCL INFO  3 : GPU/0-af000
furious-puma-1:116996:117518 [0] NCCL INFO  4 : GPU/0-bf000
furious-puma-1:116996:117518 [0] NCCL INFO  5 : GPU/0-cf000
furious-puma-1:116996:117518 [0] NCCL INFO  6 : GPU/0-df000
furious-puma-1:116996:117518 [0] NCCL INFO  7 : GPU/0-ef000
furious-puma-1:116997:117523 [1] NCCL INFO Pattern 4, crossNic 0, nChannels 12, bw 30.000000/30.000000, type NVL/PIX, sameChannels 1
furious-puma-1:116997:117523 [1] NCCL INFO  0 : GPU/0-7f000 GPU/0-8f000 GPU/0-9f000 GPU/0-af000 GPU/0-bf000 GPU/0-cf000 GPU/0-df000 GPU/0-ef000
furious-puma-1:116997:117523 [1] NCCL INFO  1 : GPU/0-7f000 GPU/0-8f000 GPU/0-9f000 GPU/0-af000 GPU/0-bf000 GPU/0-cf000 GPU/0-df000 GPU/0-ef000
furious-puma-1:116997:117523 [1] NCCL INFO  2 : GPU/0-7f000 GPU/0-8f000 GPU/0-9f000 GPU/0-af000 GPU/0-bf000 GPU/0-cf000 GPU/0-df000 GPU/0-ef000
furious-puma-1:116997:117523 [1] NCCL INFO  3 : GPU/0-7f000 GPU/0-8f000 GPU/0-9f000 GPU/0-af000 GPU/0-bf000 GPU/0-cf000 GPU/0-df000 GPU/0-ef000
furious-puma-1:116997:117523 [1] NCCL INFO  4 : GPU/0-7f000 GPU/0-8f000 GPU/0-9f000 GPU/0-af000 GPU/0-bf000 GPU/0-cf000 GPU/0-df000 GPU/0-ef000
furious-puma-1:116997:117523 [1] NCCL INFO  5 : GPU/0-7f000 GPU/0-8f000 GPU/0-9f000 GPU/0-af000 GPU/0-bf000 GPU/0-cf000 GPU/0-df000 GPU/0-ef000
furious-puma-1:116997:117523 [1] NCCL INFO  6 : GPU/0-7f000 GPU/0-8f000 GPU/0-9f000 GPU/0-af000 GPU/0-bf000 GPU/0-cf000 GPU/0-df000 GPU/0-ef000
furious-puma-1:116997:117523 [1] NCCL INFO  7 : GPU/0-7f000 GPU/0-8f000 GPU/0-9f000 GPU/0-af000 GPU/0-bf000 GPU/0-cf000 GPU/0-df000 GPU/0-ef000
furious-puma-1:116997:117523 [1] NCCL INFO  8 : GPU/0-7f000 GPU/0-8f000 GPU/0-9f000 GPU/0-af000 GPU/0-bf000 GPU/0-cf000 GPU/0-df000 GPU/0-ef000
furious-puma-1:116997:117523 [1] NCCL INFO  9 : GPU/0-7f000 GPU/0-8f000 GPU/0-9f000 GPU/0-af000 GPU/0-bf000 GPU/0-cf000 GPU/0-df000 GPU/0-ef000
furious-puma-1:116997:117523 [1] NCCL INFO 10 : GPU/0-7f000 GPU/0-8f000 GPU/0-9f000 GPU/0-af000 GPU/0-bf000 GPU/0-cf000 GPU/0-df000 GPU/0-ef000
furious-puma-1:116997:117523 [1] NCCL INFO 11 : GPU/0-7f000 GPU/0-8f000 GPU/0-9f000 GPU/0-af000 GPU/0-bf000 GPU/0-cf000 GPU/0-df000 GPU/0-ef000
furious-puma-1:116997:117523 [1] NCCL INFO Pattern 1, crossNic 0, nChannels 12, bw 30.000000/30.000000, type NVL/PIX, sameChannels 1
furious-puma-1:116997:117523 [1] NCCL INFO  0 : GPU/0-7f000 GPU/0-8f000 GPU/0-9f000 GPU/0-af000 GPU/0-bf000 GPU/0-cf000 GPU/0-df000 GPU/0-ef000
furious-puma-1:116997:117523 [1] NCCL INFO  1 : GPU/0-7f000 GPU/0-8f000 GPU/0-9f000 GPU/0-af000 GPU/0-bf000 GPU/0-cf000 GPU/0-df000 GPU/0-ef000
furious-puma-1:116997:117523 [1] NCCL INFO  2 : GPU/0-7f000 GPU/0-8f000 GPU/0-9f000 GPU/0-af000 GPU/0-bf000 GPU/0-cf000 GPU/0-df000 GPU/0-ef000
furious-puma-1:116997:117523 [1] NCCL INFO  3 : GPU/0-7f000 GPU/0-8f000 GPU/0-9f000 GPU/0-af000 GPU/0-bf000 GPU/0-cf000 GPU/0-df000 GPU/0-ef000
furious-puma-1:116997:117523 [1] NCCL INFO  4 : GPU/0-7f000 GPU/0-8f000 GPU/0-9f000 GPU/0-af000 GPU/0-bf000 GPU/0-cf000 GPU/0-df000 GPU/0-ef000
furious-puma-1:116997:117523 [1] NCCL INFO  5 : GPU/0-7f000 GPU/0-8f000 GPU/0-9f000 GPU/0-af000 GPU/0-bf000 GPU/0-cf000 GPU/0-df000 GPU/0-ef000
furious-puma-1:116997:117523 [1] NCCL INFO  6 : GPU/0-7f000 GPU/0-8f000 GPU/0-9f000 GPU/0-af000 GPU/0-bf000 GPU/0-cf000 GPU/0-df000 GPU/0-ef000
furious-puma-1:116997:117523 [1] NCCL INFO  7 : GPU/0-7f000 GPU/0-8f000 GPU/0-9f000 GPU/0-af000 GPU/0-bf000 GPU/0-cf000 GPU/0-df000 GPU/0-ef000
furious-puma-1:116997:117523 [1] NCCL INFO  8 : GPU/0-7f000 GPU/0-8f000 GPU/0-9f000 GPU/0-af000 GPU/0-bf000 GPU/0-cf000 GPU/0-df000 GPU/0-ef000
furious-puma-1:116997:117523 [1] NCCL INFO  9 : GPU/0-7f000 GPU/0-8f000 GPU/0-9f000 GPU/0-af000 GPU/0-bf000 GPU/0-cf000 GPU/0-df000 GPU/0-ef000
furious-puma-1:116997:117523 [1] NCCL INFO 10 : GPU/0-7f000 GPU/0-8f000 GPU/0-9f000 GPU/0-af000 GPU/0-bf000 GPU/0-cf000 GPU/0-df000 GPU/0-ef000
furious-puma-1:116997:117523 [1] NCCL INFO 11 : GPU/0-7f000 GPU/0-8f000 GPU/0-9f000 GPU/0-af000 GPU/0-bf000 GPU/0-cf000 GPU/0-df000 GPU/0-ef000
furious-puma-1:116997:117523 [1] NCCL INFO Pattern 5, crossNic 0, nChannels 8, bw 40.000000/60.000000, type NVL/PIX, sameChannels 0
furious-puma-1:116997:117523 [1] NCCL INFO  0 : GPU/0-7f000
furious-puma-1:116997:117523 [1] NCCL INFO  1 : GPU/0-8f000
furious-puma-1:116997:117523 [1] NCCL INFO  2 : GPU/0-9f000
furious-puma-1:116997:117523 [1] NCCL INFO  3 : GPU/0-af000
furious-puma-1:116997:117523 [1] NCCL INFO  4 : GPU/0-bf000
furious-puma-1:116997:117523 [1] NCCL INFO  5 : GPU/0-cf000
furious-puma-1:116997:117523 [1] NCCL INFO  6 : GPU/0-df000
furious-puma-1:116997:117523 [1] NCCL INFO  7 : GPU/0-ef000
furious-puma-1:116999:117521 [3] NCCL INFO Pattern 4, crossNic 0, nChannels 12, bw 30.000000/30.000000, type NVL/PIX, sameChannels 1
furious-puma-1:116999:117521 [3] NCCL INFO  0 : GPU/0-7f000 GPU/0-8f000 GPU/0-9f000 GPU/0-af000 GPU/0-bf000 GPU/0-cf000 GPU/0-df000 GPU/0-ef000
furious-puma-1:116999:117521 [3] NCCL INFO  1 : GPU/0-7f000 GPU/0-8f000 GPU/0-9f000 GPU/0-af000 GPU/0-bf000 GPU/0-cf000 GPU/0-df000 GPU/0-ef000
furious-puma-1:116999:117521 [3] NCCL INFO  2 : GPU/0-7f000 GPU/0-8f000 GPU/0-9f000 GPU/0-af000 GPU/0-bf000 GPU/0-cf000 GPU/0-df000 GPU/0-ef000
furious-puma-1:116999:117521 [3] NCCL INFO  3 : GPU/0-7f000 GPU/0-8f000 GPU/0-9f000 GPU/0-af000 GPU/0-bf000 GPU/0-cf000 GPU/0-df000 GPU/0-ef000
furious-puma-1:116999:117521 [3] NCCL INFO  4 : GPU/0-7f000 GPU/0-8f000 GPU/0-9f000 GPU/0-af000 GPU/0-bf000 GPU/0-cf000 GPU/0-df000 GPU/0-ef000
furious-puma-1:116999:117521 [3] NCCL INFO  5 : GPU/0-7f000 GPU/0-8f000 GPU/0-9f000 GPU/0-af000 GPU/0-bf000 GPU/0-cf000 GPU/0-df000 GPU/0-ef000
furious-puma-1:116999:117521 [3] NCCL INFO  6 : GPU/0-7f000 GPU/0-8f000 GPU/0-9f000 GPU/0-af000 GPU/0-bf000 GPU/0-cf000 GPU/0-df000 GPU/0-ef000
furious-puma-1:116999:117521 [3] NCCL INFO  7 : GPU/0-7f000 GPU/0-8f000 GPU/0-9f000 GPU/0-af000 GPU/0-bf000 GPU/0-cf000 GPU/0-df000 GPU/0-ef000
furious-puma-1:116999:117521 [3] NCCL INFO  8 : GPU/0-7f000 GPU/0-8f000 GPU/0-9f000 GPU/0-af000 GPU/0-bf000 GPU/0-cf000 GPU/0-df000 GPU/0-ef000
furious-puma-1:116999:117521 [3] NCCL INFO  9 : GPU/0-7f000 GPU/0-8f000 GPU/0-9f000 GPU/0-af000 GPU/0-bf000 GPU/0-cf000 GPU/0-df000 GPU/0-ef000
furious-puma-1:116999:117521 [3] NCCL INFO 10 : GPU/0-7f000 GPU/0-8f000 GPU/0-9f000 GPU/0-af000 GPU/0-bf000 GPU/0-cf000 GPU/0-df000 GPU/0-ef000
furious-puma-1:116999:117521 [3] NCCL INFO 11 : GPU/0-7f000 GPU/0-8f000 GPU/0-9f000 GPU/0-af000 GPU/0-bf000 GPU/0-cf000 GPU/0-df000 GPU/0-ef000
furious-puma-1:116999:117521 [3] NCCL INFO Pattern 1, crossNic 0, nChannels 12, bw 30.000000/30.000000, type NVL/PIX, sameChannels 1
furious-puma-1:116999:117521 [3] NCCL INFO  0 : GPU/0-7f000 GPU/0-8f000 GPU/0-9f000 GPU/0-af000 GPU/0-bf000 GPU/0-cf000 GPU/0-df000 GPU/0-ef000
furious-puma-1:116999:117521 [3] NCCL INFO  1 : GPU/0-7f000 GPU/0-8f000 GPU/0-9f000 GPU/0-af000 GPU/0-bf000 GPU/0-cf000 GPU/0-df000 GPU/0-ef000
furious-puma-1:116999:117521 [3] NCCL INFO  2 : GPU/0-7f000 GPU/0-8f000 GPU/0-9f000 GPU/0-af000 GPU/0-bf000 GPU/0-cf000 GPU/0-df000 GPU/0-ef000
furious-puma-1:116999:117521 [3] NCCL INFO  3 : GPU/0-7f000 GPU/0-8f000 GPU/0-9f000 GPU/0-af000 GPU/0-bf000 GPU/0-cf000 GPU/0-df000 GPU/0-ef000
furious-puma-1:116999:117521 [3] NCCL INFO  4 : GPU/0-7f000 GPU/0-8f000 GPU/0-9f000 GPU/0-af000 GPU/0-bf000 GPU/0-cf000 GPU/0-df000 GPU/0-ef000
furious-puma-1:116999:117521 [3] NCCL INFO  5 : GPU/0-7f000 GPU/0-8f000 GPU/0-9f000 GPU/0-af000 GPU/0-bf000 GPU/0-cf000 GPU/0-df000 GPU/0-ef000
furious-puma-1:116999:117521 [3] NCCL INFO  6 : GPU/0-7f000 GPU/0-8f000 GPU/0-9f000 GPU/0-af000 GPU/0-bf000 GPU/0-cf000 GPU/0-df000 GPU/0-ef000
furious-puma-1:116999:117521 [3] NCCL INFO  7 : GPU/0-7f000 GPU/0-8f000 GPU/0-9f000 GPU/0-af000 GPU/0-bf000 GPU/0-cf000 GPU/0-df000 GPU/0-ef000
furious-puma-1:116999:117521 [3] NCCL INFO  8 : GPU/0-7f000 GPU/0-8f000 GPU/0-9f000 GPU/0-af000 GPU/0-bf000 GPU/0-cf000 GPU/0-df000 GPU/0-ef000
furious-puma-1:116999:117521 [3] NCCL INFO  9 : GPU/0-7f000 GPU/0-8f000 GPU/0-9f000 GPU/0-af000 GPU/0-bf000 GPU/0-cf000 GPU/0-df000 GPU/0-ef000
furious-puma-1:116999:117521 [3] NCCL INFO 10 : GPU/0-7f000 GPU/0-8f000 GPU/0-9f000 GPU/0-af000 GPU/0-bf000 GPU/0-cf000 GPU/0-df000 GPU/0-ef000
furious-puma-1:116999:117521 [3] NCCL INFO 11 : GPU/0-7f000 GPU/0-8f000 GPU/0-9f000 GPU/0-af000 GPU/0-bf000 GPU/0-cf000 GPU/0-df000 GPU/0-ef000
furious-puma-1:116999:117521 [3] NCCL INFO Pattern 5, crossNic 0, nChannels 8, bw 40.000000/60.000000, type NVL/PIX, sameChannels 0
furious-puma-1:116999:117521 [3] NCCL INFO  0 : GPU/0-7f000
furious-puma-1:116999:117521 [3] NCCL INFO  1 : GPU/0-8f000
furious-puma-1:116999:117521 [3] NCCL INFO  2 : GPU/0-9f000
furious-puma-1:116999:117521 [3] NCCL INFO  3 : GPU/0-af000
furious-puma-1:116999:117521 [3] NCCL INFO  4 : GPU/0-bf000
furious-puma-1:116999:117521 [3] NCCL INFO  5 : GPU/0-cf000
furious-puma-1:116999:117521 [3] NCCL INFO  6 : GPU/0-df000
furious-puma-1:116999:117521 [3] NCCL INFO  7 : GPU/0-ef000
furious-puma-1:116998:117525 [2] NCCL INFO Pattern 4, crossNic 0, nChannels 12, bw 30.000000/30.000000, type NVL/PIX, sameChannels 1
furious-puma-1:116998:117525 [2] NCCL INFO  0 : GPU/0-7f000 GPU/0-8f000 GPU/0-9f000 GPU/0-af000 GPU/0-bf000 GPU/0-cf000 GPU/0-df000 GPU/0-ef000
furious-puma-1:116998:117525 [2] NCCL INFO  1 : GPU/0-7f000 GPU/0-8f000 GPU/0-9f000 GPU/0-af000 GPU/0-bf000 GPU/0-cf000 GPU/0-df000 GPU/0-ef000
furious-puma-1:116998:117525 [2] NCCL INFO  2 : GPU/0-7f000 GPU/0-8f000 GPU/0-9f000 GPU/0-af000 GPU/0-bf000 GPU/0-cf000 GPU/0-df000 GPU/0-ef000
furious-puma-1:116998:117525 [2] NCCL INFO  3 : GPU/0-7f000 GPU/0-8f000 GPU/0-9f000 GPU/0-af000 GPU/0-bf000 GPU/0-cf000 GPU/0-df000 GPU/0-ef000
furious-puma-1:116998:117525 [2] NCCL INFO  4 : GPU/0-7f000 GPU/0-8f000 GPU/0-9f000 GPU/0-af000 GPU/0-bf000 GPU/0-cf000 GPU/0-df000 GPU/0-ef000
furious-puma-1:116998:117525 [2] NCCL INFO  5 : GPU/0-7f000 GPU/0-8f000 GPU/0-9f000 GPU/0-af000 GPU/0-bf000 GPU/0-cf000 GPU/0-df000 GPU/0-ef000
furious-puma-1:116998:117525 [2] NCCL INFO  6 : GPU/0-7f000 GPU/0-8f000 GPU/0-9f000 GPU/0-af000 GPU/0-bf000 GPU/0-cf000 GPU/0-df000 GPU/0-ef000
furious-puma-1:116998:117525 [2] NCCL INFO  7 : GPU/0-7f000 GPU/0-8f000 GPU/0-9f000 GPU/0-af000 GPU/0-bf000 GPU/0-cf000 GPU/0-df000 GPU/0-ef000
furious-puma-1:116998:117525 [2] NCCL INFO  8 : GPU/0-7f000 GPU/0-8f000 GPU/0-9f000 GPU/0-af000 GPU/0-bf000 GPU/0-cf000 GPU/0-df000 GPU/0-ef000
furious-puma-1:116998:117525 [2] NCCL INFO  9 : GPU/0-7f000 GPU/0-8f000 GPU/0-9f000 GPU/0-af000 GPU/0-bf000 GPU/0-cf000 GPU/0-df000 GPU/0-ef000
furious-puma-1:116998:117525 [2] NCCL INFO 10 : GPU/0-7f000 GPU/0-8f000 GPU/0-9f000 GPU/0-af000 GPU/0-bf000 GPU/0-cf000 GPU/0-df000 GPU/0-ef000
furious-puma-1:116998:117525 [2] NCCL INFO 11 : GPU/0-7f000 GPU/0-8f000 GPU/0-9f000 GPU/0-af000 GPU/0-bf000 GPU/0-cf000 GPU/0-df000 GPU/0-ef000
furious-puma-1:116998:117525 [2] NCCL INFO Pattern 1, crossNic 0, nChannels 12, bw 30.000000/30.000000, type NVL/PIX, sameChannels 1
furious-puma-1:116998:117525 [2] NCCL INFO  0 : GPU/0-7f000 GPU/0-8f000 GPU/0-9f000 GPU/0-af000 GPU/0-bf000 GPU/0-cf000 GPU/0-df000 GPU/0-ef000
furious-puma-1:116998:117525 [2] NCCL INFO  1 : GPU/0-7f000 GPU/0-8f000 GPU/0-9f000 GPU/0-af000 GPU/0-bf000 GPU/0-cf000 GPU/0-df000 GPU/0-ef000
furious-puma-1:116998:117525 [2] NCCL INFO  2 : GPU/0-7f000 GPU/0-8f000 GPU/0-9f000 GPU/0-af000 GPU/0-bf000 GPU/0-cf000 GPU/0-df000 GPU/0-ef000
furious-puma-1:116998:117525 [2] NCCL INFO  3 : GPU/0-7f000 GPU/0-8f000 GPU/0-9f000 GPU/0-af000 GPU/0-bf000 GPU/0-cf000 GPU/0-df000 GPU/0-ef000
furious-puma-1:116998:117525 [2] NCCL INFO  4 : GPU/0-7f000 GPU/0-8f000 GPU/0-9f000 GPU/0-af000 GPU/0-bf000 GPU/0-cf000 GPU/0-df000 GPU/0-ef000
furious-puma-1:116998:117525 [2] NCCL INFO  5 : GPU/0-7f000 GPU/0-8f000 GPU/0-9f000 GPU/0-af000 GPU/0-bf000 GPU/0-cf000 GPU/0-df000 GPU/0-ef000
furious-puma-1:116998:117525 [2] NCCL INFO  6 : GPU/0-7f000 GPU/0-8f000 GPU/0-9f000 GPU/0-af000 GPU/0-bf000 GPU/0-cf000 GPU/0-df000 GPU/0-ef000
furious-puma-1:116998:117525 [2] NCCL INFO  7 : GPU/0-7f000 GPU/0-8f000 GPU/0-9f000 GPU/0-af000 GPU/0-bf000 GPU/0-cf000 GPU/0-df000 GPU/0-ef000
furious-puma-1:116998:117525 [2] NCCL INFO  8 : GPU/0-7f000 GPU/0-8f000 GPU/0-9f000 GPU/0-af000 GPU/0-bf000 GPU/0-cf000 GPU/0-df000 GPU/0-ef000
furious-puma-1:116998:117525 [2] NCCL INFO  9 : GPU/0-7f000 GPU/0-8f000 GPU/0-9f000 GPU/0-af000 GPU/0-bf000 GPU/0-cf000 GPU/0-df000 GPU/0-ef000
furious-puma-1:116998:117525 [2] NCCL INFO 10 : GPU/0-7f000 GPU/0-8f000 GPU/0-9f000 GPU/0-af000 GPU/0-bf000 GPU/0-cf000 GPU/0-df000 GPU/0-ef000
furious-puma-1:116998:117525 [2] NCCL INFO 11 : GPU/0-7f000 GPU/0-8f000 GPU/0-9f000 GPU/0-af000 GPU/0-bf000 GPU/0-cf000 GPU/0-df000 GPU/0-ef000
furious-puma-1:116998:117525 [2] NCCL INFO Pattern 5, crossNic 0, nChannels 8, bw 40.000000/60.000000, type NVL/PIX, sameChannels 0
furious-puma-1:116998:117525 [2] NCCL INFO  0 : GPU/0-7f000
furious-puma-1:116998:117525 [2] NCCL INFO  1 : GPU/0-8f000
furious-puma-1:116998:117525 [2] NCCL INFO  2 : GPU/0-9f000
furious-puma-1:116998:117525 [2] NCCL INFO  3 : GPU/0-af000
furious-puma-1:116998:117525 [2] NCCL INFO  4 : GPU/0-bf000
furious-puma-1:116998:117525 [2] NCCL INFO  5 : GPU/0-cf000
furious-puma-1:116998:117525 [2] NCCL INFO  6 : GPU/0-df000
furious-puma-1:116998:117525 [2] NCCL INFO  7 : GPU/0-ef000
furious-puma-1:117001:117522 [5] NCCL INFO Pattern 4, crossNic 0, nChannels 12, bw 30.000000/30.000000, type NVL/PIX, sameChannels 1
furious-puma-1:117001:117522 [5] NCCL INFO  0 : GPU/0-7f000 GPU/0-8f000 GPU/0-9f000 GPU/0-af000 GPU/0-bf000 GPU/0-cf000 GPU/0-df000 GPU/0-ef000
furious-puma-1:117001:117522 [5] NCCL INFO  1 : GPU/0-7f000 GPU/0-8f000 GPU/0-9f000 GPU/0-af000 GPU/0-bf000 GPU/0-cf000 GPU/0-df000 GPU/0-ef000
furious-puma-1:117001:117522 [5] NCCL INFO  2 : GPU/0-7f000 GPU/0-8f000 GPU/0-9f000 GPU/0-af000 GPU/0-bf000 GPU/0-cf000 GPU/0-df000 GPU/0-ef000
furious-puma-1:117001:117522 [5] NCCL INFO  3 : GPU/0-7f000 GPU/0-8f000 GPU/0-9f000 GPU/0-af000 GPU/0-bf000 GPU/0-cf000 GPU/0-df000 GPU/0-ef000
furious-puma-1:117001:117522 [5] NCCL INFO  4 : GPU/0-7f000 GPU/0-8f000 GPU/0-9f000 GPU/0-af000 GPU/0-bf000 GPU/0-cf000 GPU/0-df000 GPU/0-ef000
furious-puma-1:117001:117522 [5] NCCL INFO  5 : GPU/0-7f000 GPU/0-8f000 GPU/0-9f000 GPU/0-af000 GPU/0-bf000 GPU/0-cf000 GPU/0-df000 GPU/0-ef000
furious-puma-1:117001:117522 [5] NCCL INFO  6 : GPU/0-7f000 GPU/0-8f000 GPU/0-9f000 GPU/0-af000 GPU/0-bf000 GPU/0-cf000 GPU/0-df000 GPU/0-ef000
furious-puma-1:117001:117522 [5] NCCL INFO  7 : GPU/0-7f000 GPU/0-8f000 GPU/0-9f000 GPU/0-af000 GPU/0-bf000 GPU/0-cf000 GPU/0-df000 GPU/0-ef000
furious-puma-1:117001:117522 [5] NCCL INFO  8 : GPU/0-7f000 GPU/0-8f000 GPU/0-9f000 GPU/0-af000 GPU/0-bf000 GPU/0-cf000 GPU/0-df000 GPU/0-ef000
furious-puma-1:117001:117522 [5] NCCL INFO  9 : GPU/0-7f000 GPU/0-8f000 GPU/0-9f000 GPU/0-af000 GPU/0-bf000 GPU/0-cf000 GPU/0-df000 GPU/0-ef000
furious-puma-1:117001:117522 [5] NCCL INFO 10 : GPU/0-7f000 GPU/0-8f000 GPU/0-9f000 GPU/0-af000 GPU/0-bf000 GPU/0-cf000 GPU/0-df000 GPU/0-ef000
furious-puma-1:117001:117522 [5] NCCL INFO 11 : GPU/0-7f000 GPU/0-8f000 GPU/0-9f000 GPU/0-af000 GPU/0-bf000 GPU/0-cf000 GPU/0-df000 GPU/0-ef000
furious-puma-1:117001:117522 [5] NCCL INFO Pattern 1, crossNic 0, nChannels 12, bw 30.000000/30.000000, type NVL/PIX, sameChannels 1
furious-puma-1:117001:117522 [5] NCCL INFO  0 : GPU/0-7f000 GPU/0-8f000 GPU/0-9f000 GPU/0-af000 GPU/0-bf000 GPU/0-cf000 GPU/0-df000 GPU/0-ef000
furious-puma-1:117001:117522 [5] NCCL INFO  1 : GPU/0-7f000 GPU/0-8f000 GPU/0-9f000 GPU/0-af000 GPU/0-bf000 GPU/0-cf000 GPU/0-df000 GPU/0-ef000
furious-puma-1:117001:117522 [5] NCCL INFO  2 : GPU/0-7f000 GPU/0-8f000 GPU/0-9f000 GPU/0-af000 GPU/0-bf000 GPU/0-cf000 GPU/0-df000 GPU/0-ef000
furious-puma-1:117001:117522 [5] NCCL INFO  3 : GPU/0-7f000 GPU/0-8f000 GPU/0-9f000 GPU/0-af000 GPU/0-bf000 GPU/0-cf000 GPU/0-df000 GPU/0-ef000
furious-puma-1:117001:117522 [5] NCCL INFO  4 : GPU/0-7f000 GPU/0-8f000 GPU/0-9f000 GPU/0-af000 GPU/0-bf000 GPU/0-cf000 GPU/0-df000 GPU/0-ef000
furious-puma-1:117001:117522 [5] NCCL INFO  5 : GPU/0-7f000 GPU/0-8f000 GPU/0-9f000 GPU/0-af000 GPU/0-bf000 GPU/0-cf000 GPU/0-df000 GPU/0-ef000
furious-puma-1:117001:117522 [5] NCCL INFO  6 : GPU/0-7f000 GPU/0-8f000 GPU/0-9f000 GPU/0-af000 GPU/0-bf000 GPU/0-cf000 GPU/0-df000 GPU/0-ef000
furious-puma-1:117001:117522 [5] NCCL INFO  7 : GPU/0-7f000 GPU/0-8f000 GPU/0-9f000 GPU/0-af000 GPU/0-bf000 GPU/0-cf000 GPU/0-df000 GPU/0-ef000
furious-puma-1:117001:117522 [5] NCCL INFO  8 : GPU/0-7f000 GPU/0-8f000 GPU/0-9f000 GPU/0-af000 GPU/0-bf000 GPU/0-cf000 GPU/0-df000 GPU/0-ef000
furious-puma-1:117001:117522 [5] NCCL INFO  9 : GPU/0-7f000 GPU/0-8f000 GPU/0-9f000 GPU/0-af000 GPU/0-bf000 GPU/0-cf000 GPU/0-df000 GPU/0-ef000
furious-puma-1:117001:117522 [5] NCCL INFO 10 : GPU/0-7f000 GPU/0-8f000 GPU/0-9f000 GPU/0-af000 GPU/0-bf000 GPU/0-cf000 GPU/0-df000 GPU/0-ef000
furious-puma-1:117001:117522 [5] NCCL INFO 11 : GPU/0-7f000 GPU/0-8f000 GPU/0-9f000 GPU/0-af000 GPU/0-bf000 GPU/0-cf000 GPU/0-df000 GPU/0-ef000
furious-puma-1:117001:117522 [5] NCCL INFO Pattern 5, crossNic 0, nChannels 8, bw 40.000000/60.000000, type NVL/PIX, sameChannels 0
furious-puma-1:117001:117522 [5] NCCL INFO  0 : GPU/0-7f000
furious-puma-1:117001:117522 [5] NCCL INFO  1 : GPU/0-8f000
furious-puma-1:117001:117522 [5] NCCL INFO  2 : GPU/0-9f000
furious-puma-1:117001:117522 [5] NCCL INFO  3 : GPU/0-af000
furious-puma-1:117001:117522 [5] NCCL INFO  4 : GPU/0-bf000
furious-puma-1:117001:117522 [5] NCCL INFO  5 : GPU/0-cf000
furious-puma-1:117001:117522 [5] NCCL INFO  6 : GPU/0-df000
furious-puma-1:117001:117522 [5] NCCL INFO  7 : GPU/0-ef000
furious-puma-1:117000:117524 [4] NCCL INFO Pattern 4, crossNic 0, nChannels 12, bw 30.000000/30.000000, type NVL/PIX, sameChannels 1
furious-puma-1:117000:117524 [4] NCCL INFO  0 : GPU/0-7f000 GPU/0-8f000 GPU/0-9f000 GPU/0-af000 GPU/0-bf000 GPU/0-cf000 GPU/0-df000 GPU/0-ef000
furious-puma-1:117000:117524 [4] NCCL INFO  1 : GPU/0-7f000 GPU/0-8f000 GPU/0-9f000 GPU/0-af000 GPU/0-bf000 GPU/0-cf000 GPU/0-df000 GPU/0-ef000
furious-puma-1:117000:117524 [4] NCCL INFO  2 : GPU/0-7f000 GPU/0-8f000 GPU/0-9f000 GPU/0-af000 GPU/0-bf000 GPU/0-cf000 GPU/0-df000 GPU/0-ef000
furious-puma-1:117000:117524 [4] NCCL INFO  3 : GPU/0-7f000 GPU/0-8f000 GPU/0-9f000 GPU/0-af000 GPU/0-bf000 GPU/0-cf000 GPU/0-df000 GPU/0-ef000
furious-puma-1:117000:117524 [4] NCCL INFO  4 : GPU/0-7f000 GPU/0-8f000 GPU/0-9f000 GPU/0-af000 GPU/0-bf000 GPU/0-cf000 GPU/0-df000 GPU/0-ef000
furious-puma-1:117000:117524 [4] NCCL INFO  5 : GPU/0-7f000 GPU/0-8f000 GPU/0-9f000 GPU/0-af000 GPU/0-bf000 GPU/0-cf000 GPU/0-df000 GPU/0-ef000
furious-puma-1:117000:117524 [4] NCCL INFO  6 : GPU/0-7f000 GPU/0-8f000 GPU/0-9f000 GPU/0-af000 GPU/0-bf000 GPU/0-cf000 GPU/0-df000 GPU/0-ef000
furious-puma-1:117000:117524 [4] NCCL INFO  7 : GPU/0-7f000 GPU/0-8f000 GPU/0-9f000 GPU/0-af000 GPU/0-bf000 GPU/0-cf000 GPU/0-df000 GPU/0-ef000
furious-puma-1:117000:117524 [4] NCCL INFO  8 : GPU/0-7f000 GPU/0-8f000 GPU/0-9f000 GPU/0-af000 GPU/0-bf000 GPU/0-cf000 GPU/0-df000 GPU/0-ef000
furious-puma-1:117000:117524 [4] NCCL INFO  9 : GPU/0-7f000 GPU/0-8f000 GPU/0-9f000 GPU/0-af000 GPU/0-bf000 GPU/0-cf000 GPU/0-df000 GPU/0-ef000
furious-puma-1:117000:117524 [4] NCCL INFO 10 : GPU/0-7f000 GPU/0-8f000 GPU/0-9f000 GPU/0-af000 GPU/0-bf000 GPU/0-cf000 GPU/0-df000 GPU/0-ef000
furious-puma-1:117000:117524 [4] NCCL INFO 11 : GPU/0-7f000 GPU/0-8f000 GPU/0-9f000 GPU/0-af000 GPU/0-bf000 GPU/0-cf000 GPU/0-df000 GPU/0-ef000
furious-puma-1:117000:117524 [4] NCCL INFO Pattern 1, crossNic 0, nChannels 12, bw 30.000000/30.000000, type NVL/PIX, sameChannels 1
furious-puma-1:117000:117524 [4] NCCL INFO  0 : GPU/0-7f000 GPU/0-8f000 GPU/0-9f000 GPU/0-af000 GPU/0-bf000 GPU/0-cf000 GPU/0-df000 GPU/0-ef000
furious-puma-1:117000:117524 [4] NCCL INFO  1 : GPU/0-7f000 GPU/0-8f000 GPU/0-9f000 GPU/0-af000 GPU/0-bf000 GPU/0-cf000 GPU/0-df000 GPU/0-ef000
furious-puma-1:117003:117520 [7] NCCL INFO Pattern 4, crossNic 0, nChannels 12, bw 30.000000/30.000000, type NVL/PIX, sameChannels 1
furious-puma-1:117000:117524 [4] NCCL INFO  2 : GPU/0-7f000 GPU/0-8f000 GPU/0-9f000 GPU/0-af000 GPU/0-bf000 GPU/0-cf000 GPU/0-df000 GPU/0-ef000
furious-puma-1:117003:117520 [7] NCCL INFO  0 : GPU/0-7f000 GPU/0-8f000 GPU/0-9f000 GPU/0-af000 GPU/0-bf000 GPU/0-cf000 GPU/0-df000 GPU/0-ef000
furious-puma-1:117000:117524 [4] NCCL INFO  3 : GPU/0-7f000 GPU/0-8f000 GPU/0-9f000 GPU/0-af000 GPU/0-bf000 GPU/0-cf000 GPU/0-df000 GPU/0-ef000
furious-puma-1:117003:117520 [7] NCCL INFO  1 : GPU/0-7f000 GPU/0-8f000 GPU/0-9f000 GPU/0-af000 GPU/0-bf000 GPU/0-cf000 GPU/0-df000 GPU/0-ef000
furious-puma-1:117000:117524 [4] NCCL INFO  4 : GPU/0-7f000 GPU/0-8f000 GPU/0-9f000 GPU/0-af000 GPU/0-bf000 GPU/0-cf000 GPU/0-df000 GPU/0-ef000
furious-puma-1:117003:117520 [7] NCCL INFO  2 : GPU/0-7f000 GPU/0-8f000 GPU/0-9f000 GPU/0-af000 GPU/0-bf000 GPU/0-cf000 GPU/0-df000 GPU/0-ef000
furious-puma-1:117000:117524 [4] NCCL INFO  5 : GPU/0-7f000 GPU/0-8f000 GPU/0-9f000 GPU/0-af000 GPU/0-bf000 GPU/0-cf000 GPU/0-df000 GPU/0-ef000
furious-puma-1:117003:117520 [7] NCCL INFO  3 : GPU/0-7f000 GPU/0-8f000 GPU/0-9f000 GPU/0-af000 GPU/0-bf000 GPU/0-cf000 GPU/0-df000 GPU/0-ef000
furious-puma-1:117000:117524 [4] NCCL INFO  6 : GPU/0-7f000 GPU/0-8f000 GPU/0-9f000 GPU/0-af000 GPU/0-bf000 GPU/0-cf000 GPU/0-df000 GPU/0-ef000
furious-puma-1:117003:117520 [7] NCCL INFO  4 : GPU/0-7f000 GPU/0-8f000 GPU/0-9f000 GPU/0-af000 GPU/0-bf000 GPU/0-cf000 GPU/0-df000 GPU/0-ef000
furious-puma-1:117000:117524 [4] NCCL INFO  7 : GPU/0-7f000 GPU/0-8f000 GPU/0-9f000 GPU/0-af000 GPU/0-bf000 GPU/0-cf000 GPU/0-df000 GPU/0-ef000
furious-puma-1:117003:117520 [7] NCCL INFO  5 : GPU/0-7f000 GPU/0-8f000 GPU/0-9f000 GPU/0-af000 GPU/0-bf000 GPU/0-cf000 GPU/0-df000 GPU/0-ef000
furious-puma-1:117000:117524 [4] NCCL INFO  8 : GPU/0-7f000 GPU/0-8f000 GPU/0-9f000 GPU/0-af000 GPU/0-bf000 GPU/0-cf000 GPU/0-df000 GPU/0-ef000
furious-puma-1:117003:117520 [7] NCCL INFO  6 : GPU/0-7f000 GPU/0-8f000 GPU/0-9f000 GPU/0-af000 GPU/0-bf000 GPU/0-cf000 GPU/0-df000 GPU/0-ef000
furious-puma-1:117000:117524 [4] NCCL INFO  9 : GPU/0-7f000 GPU/0-8f000 GPU/0-9f000 GPU/0-af000 GPU/0-bf000 GPU/0-cf000 GPU/0-df000 GPU/0-ef000
furious-puma-1:117000:117524 [4] NCCL INFO 10 : GPU/0-7f000 GPU/0-8f000 GPU/0-9f000 GPU/0-af000 GPU/0-bf000 GPU/0-cf000 GPU/0-df000 GPU/0-ef000
furious-puma-1:117003:117520 [7] NCCL INFO  7 : GPU/0-7f000 GPU/0-8f000 GPU/0-9f000 GPU/0-af000 GPU/0-bf000 GPU/0-cf000 GPU/0-df000 GPU/0-ef000
furious-puma-1:117000:117524 [4] NCCL INFO 11 : GPU/0-7f000 GPU/0-8f000 GPU/0-9f000 GPU/0-af000 GPU/0-bf000 GPU/0-cf000 GPU/0-df000 GPU/0-ef000
furious-puma-1:117003:117520 [7] NCCL INFO  8 : GPU/0-7f000 GPU/0-8f000 GPU/0-9f000 GPU/0-af000 GPU/0-bf000 GPU/0-cf000 GPU/0-df000 GPU/0-ef000
furious-puma-1:117003:117520 [7] NCCL INFO  9 : GPU/0-7f000 GPU/0-8f000 GPU/0-9f000 GPU/0-af000 GPU/0-bf000 GPU/0-cf000 GPU/0-df000 GPU/0-ef000
furious-puma-1:117003:117520 [7] NCCL INFO 10 : GPU/0-7f000 GPU/0-8f000 GPU/0-9f000 GPU/0-af000 GPU/0-bf000 GPU/0-cf000 GPU/0-df000 GPU/0-ef000
furious-puma-1:117003:117520 [7] NCCL INFO 11 : GPU/0-7f000 GPU/0-8f000 GPU/0-9f000 GPU/0-af000 GPU/0-bf000 GPU/0-cf000 GPU/0-df000 GPU/0-ef000
furious-puma-1:117003:117520 [7] NCCL INFO Pattern 1, crossNic 0, nChannels 12, bw 30.000000/30.000000, type NVL/PIX, sameChannels 1
furious-puma-1:117003:117520 [7] NCCL INFO  0 : GPU/0-7f000 GPU/0-8f000 GPU/0-9f000 GPU/0-af000 GPU/0-bf000 GPU/0-cf000 GPU/0-df000 GPU/0-ef000
furious-puma-1:117000:117524 [4] NCCL INFO Pattern 5, crossNic 0, nChannels 8, bw 40.000000/60.000000, type NVL/PIX, sameChannels 0
furious-puma-1:117000:117524 [4] NCCL INFO  0 : GPU/0-7f000
furious-puma-1:117003:117520 [7] NCCL INFO  1 : GPU/0-7f000 GPU/0-8f000 GPU/0-9f000 GPU/0-af000 GPU/0-bf000 GPU/0-cf000 GPU/0-df000 GPU/0-ef000
furious-puma-1:117000:117524 [4] NCCL INFO  1 : GPU/0-8f000
furious-puma-1:117000:117524 [4] NCCL INFO  2 : GPU/0-9f000
furious-puma-1:117003:117520 [7] NCCL INFO  2 : GPU/0-7f000 GPU/0-8f000 GPU/0-9f000 GPU/0-af000 GPU/0-bf000 GPU/0-cf000 GPU/0-df000 GPU/0-ef000
furious-puma-1:117000:117524 [4] NCCL INFO  3 : GPU/0-af000
furious-puma-1:117000:117524 [4] NCCL INFO  4 : GPU/0-bf000
furious-puma-1:117003:117520 [7] NCCL INFO  3 : GPU/0-7f000 GPU/0-8f000 GPU/0-9f000 GPU/0-af000 GPU/0-bf000 GPU/0-cf000 GPU/0-df000 GPU/0-ef000
furious-puma-1:117000:117524 [4] NCCL INFO  5 : GPU/0-cf000
furious-puma-1:117000:117524 [4] NCCL INFO  6 : GPU/0-df000
furious-puma-1:117003:117520 [7] NCCL INFO  4 : GPU/0-7f000 GPU/0-8f000 GPU/0-9f000 GPU/0-af000 GPU/0-bf000 GPU/0-cf000 GPU/0-df000 GPU/0-ef000
furious-puma-1:117000:117524 [4] NCCL INFO  7 : GPU/0-ef000
furious-puma-1:117003:117520 [7] NCCL INFO  5 : GPU/0-7f000 GPU/0-8f000 GPU/0-9f000 GPU/0-af000 GPU/0-bf000 GPU/0-cf000 GPU/0-df000 GPU/0-ef000
furious-puma-1:117003:117520 [7] NCCL INFO  6 : GPU/0-7f000 GPU/0-8f000 GPU/0-9f000 GPU/0-af000 GPU/0-bf000 GPU/0-cf000 GPU/0-df000 GPU/0-ef000
furious-puma-1:117003:117520 [7] NCCL INFO  7 : GPU/0-7f000 GPU/0-8f000 GPU/0-9f000 GPU/0-af000 GPU/0-bf000 GPU/0-cf000 GPU/0-df000 GPU/0-ef000
furious-puma-1:117003:117520 [7] NCCL INFO  8 : GPU/0-7f000 GPU/0-8f000 GPU/0-9f000 GPU/0-af000 GPU/0-bf000 GPU/0-cf000 GPU/0-df000 GPU/0-ef000
furious-puma-1:117003:117520 [7] NCCL INFO  9 : GPU/0-7f000 GPU/0-8f000 GPU/0-9f000 GPU/0-af000 GPU/0-bf000 GPU/0-cf000 GPU/0-df000 GPU/0-ef000
furious-puma-1:117003:117520 [7] NCCL INFO 10 : GPU/0-7f000 GPU/0-8f000 GPU/0-9f000 GPU/0-af000 GPU/0-bf000 GPU/0-cf000 GPU/0-df000 GPU/0-ef000
furious-puma-1:117003:117520 [7] NCCL INFO 11 : GPU/0-7f000 GPU/0-8f000 GPU/0-9f000 GPU/0-af000 GPU/0-bf000 GPU/0-cf000 GPU/0-df000 GPU/0-ef000
furious-puma-1:117003:117520 [7] NCCL INFO Pattern 5, crossNic 0, nChannels 8, bw 40.000000/60.000000, type NVL/PIX, sameChannels 0
furious-puma-1:117003:117520 [7] NCCL INFO  0 : GPU/0-7f000
furious-puma-1:117003:117520 [7] NCCL INFO  1 : GPU/0-8f000
furious-puma-1:117003:117520 [7] NCCL INFO  2 : GPU/0-9f000
furious-puma-1:117003:117520 [7] NCCL INFO  3 : GPU/0-af000
furious-puma-1:117003:117520 [7] NCCL INFO  4 : GPU/0-bf000
furious-puma-1:117003:117520 [7] NCCL INFO  5 : GPU/0-cf000
furious-puma-1:117003:117520 [7] NCCL INFO  6 : GPU/0-df000
furious-puma-1:117003:117520 [7] NCCL INFO  7 : GPU/0-ef000
furious-puma-1:116999:117521 [3] NCCL INFO comm 0x69d39bf0 rank 3 nRanks 8 nNodes 1 localRanks 8 localRank 3 MNNVL 0
furious-puma-1:116998:117525 [2] NCCL INFO comm 0x3bad5620 rank 2 nRanks 8 nNodes 1 localRanks 8 localRank 2 MNNVL 0
furious-puma-1:116997:117523 [1] NCCL INFO comm 0x4b64b3d0 rank 1 nRanks 8 nNodes 1 localRanks 8 localRank 1 MNNVL 0
furious-puma-1:117002:117519 [6] NCCL INFO comm 0x40c7d630 rank 6 nRanks 8 nNodes 1 localRanks 8 localRank 6 MNNVL 0
furious-puma-1:117000:117524 [4] NCCL INFO comm 0x699509a0 rank 4 nRanks 8 nNodes 1 localRanks 8 localRank 4 MNNVL 0
furious-puma-1:116996:117518 [0] NCCL INFO comm 0x3d4c7180 rank 0 nRanks 8 nNodes 1 localRanks 8 localRank 0 MNNVL 0
furious-puma-1:117001:117522 [5] NCCL INFO comm 0x6f1e5540 rank 5 nRanks 8 nNodes 1 localRanks 8 localRank 5 MNNVL 0
furious-puma-1:116997:117523 [1] NCCL INFO Tree 0 : 0 -> 1 -> 2/-1/-1
furious-puma-1:117003:117520 [7] NCCL INFO comm 0x40b266b0 rank 7 nRanks 8 nNodes 1 localRanks 8 localRank 7 MNNVL 0
furious-puma-1:116997:117523 [1] NCCL INFO Tree 12 : 0 -> 1 -> 2/-1/-1
furious-puma-1:116997:117523 [1] NCCL INFO Tree 1 : 0 -> 1 -> 2/-1/-1
furious-puma-1:116999:117521 [3] NCCL INFO Ring 00 : 2 -> 3 -> 4
furious-puma-1:116997:117523 [1] NCCL INFO Tree 13 : 0 -> 1 -> 2/-1/-1
furious-puma-1:116997:117523 [1] NCCL INFO Tree 2 : 0 -> 1 -> 2/-1/-1
furious-puma-1:116999:117521 [3] NCCL INFO Ring 01 : 2 -> 3 -> 4
furious-puma-1:116997:117523 [1] NCCL INFO Tree 14 : 0 -> 1 -> 2/-1/-1
furious-puma-1:116996:117518 [0] NCCL INFO Tree 0 : -1 -> 0 -> 1/-1/-1
furious-puma-1:116997:117523 [1] NCCL INFO Tree 3 : 0 -> 1 -> 2/-1/-1
furious-puma-1:116999:117521 [3] NCCL INFO Ring 02 : 2 -> 3 -> 4
furious-puma-1:117002:117519 [6] NCCL INFO Ring 00 : 5 -> 6 -> 7
furious-puma-1:116997:117523 [1] NCCL INFO Tree 15 : 0 -> 1 -> 2/-1/-1
furious-puma-1:116999:117521 [3] NCCL INFO Ring 03 : 2 -> 3 -> 4
furious-puma-1:116996:117518 [0] NCCL INFO Tree 12 : -1 -> 0 -> 1/-1/-1
furious-puma-1:117002:117519 [6] NCCL INFO Ring 01 : 5 -> 6 -> 7
furious-puma-1:116997:117523 [1] NCCL INFO Tree 4 : 0 -> 1 -> 2/-1/-1
furious-puma-1:116996:117518 [0] NCCL INFO Tree 1 : -1 -> 0 -> 1/-1/-1
furious-puma-1:116999:117521 [3] NCCL INFO Ring 04 : 2 -> 3 -> 4
furious-puma-1:116996:117518 [0] NCCL INFO Tree 13 : -1 -> 0 -> 1/-1/-1
furious-puma-1:116997:117523 [1] NCCL INFO Tree 16 : 0 -> 1 -> 2/-1/-1
furious-puma-1:117002:117519 [6] NCCL INFO Ring 02 : 5 -> 6 -> 7
furious-puma-1:116998:117525 [2] NCCL INFO Ring 00 : 1 -> 2 -> 3
furious-puma-1:116996:117518 [0] NCCL INFO Tree 2 : -1 -> 0 -> 1/-1/-1
furious-puma-1:116999:117521 [3] NCCL INFO Ring 05 : 2 -> 3 -> 4
furious-puma-1:116997:117523 [1] NCCL INFO Tree 5 : 0 -> 1 -> 2/-1/-1
furious-puma-1:117002:117519 [6] NCCL INFO Ring 03 : 5 -> 6 -> 7
furious-puma-1:116999:117521 [3] NCCL INFO Ring 06 : 2 -> 3 -> 4
furious-puma-1:116996:117518 [0] NCCL INFO Tree 14 : -1 -> 0 -> 1/-1/-1
furious-puma-1:116998:117525 [2] NCCL INFO Ring 01 : 1 -> 2 -> 3
furious-puma-1:117002:117519 [6] NCCL INFO Ring 04 : 5 -> 6 -> 7
furious-puma-1:116997:117523 [1] NCCL INFO Tree 17 : 0 -> 1 -> 2/-1/-1
furious-puma-1:116996:117518 [0] NCCL INFO Tree 3 : -1 -> 0 -> 1/-1/-1
furious-puma-1:117002:117519 [6] NCCL INFO Ring 05 : 5 -> 6 -> 7
furious-puma-1:116997:117523 [1] NCCL INFO Tree 6 : 0 -> 1 -> 2/-1/-1
furious-puma-1:116999:117521 [3] NCCL INFO Ring 07 : 2 -> 3 -> 4
furious-puma-1:116997:117523 [1] NCCL INFO Tree 18 : 0 -> 1 -> 2/-1/-1
furious-puma-1:116998:117525 [2] NCCL INFO Ring 02 : 1 -> 2 -> 3
furious-puma-1:116997:117523 [1] NCCL INFO Tree 7 : 0 -> 1 -> 2/-1/-1
furious-puma-1:116996:117518 [0] NCCL INFO Tree 15 : -1 -> 0 -> 1/-1/-1
furious-puma-1:116999:117521 [3] NCCL INFO Ring 08 : 2 -> 3 -> 4
furious-puma-1:116997:117523 [1] NCCL INFO Tree 19 : 0 -> 1 -> 2/-1/-1
furious-puma-1:116998:117525 [2] NCCL INFO Ring 03 : 1 -> 2 -> 3
furious-puma-1:117002:117519 [6] NCCL INFO Ring 06 : 5 -> 6 -> 7
furious-puma-1:116997:117523 [1] NCCL INFO Tree 8 : 0 -> 1 -> 2/-1/-1
furious-puma-1:117000:117524 [4] NCCL INFO Ring 00 : 3 -> 4 -> 5
furious-puma-1:116997:117523 [1] NCCL INFO Tree 20 : 0 -> 1 -> 2/-1/-1
furious-puma-1:116998:117525 [2] NCCL INFO Ring 04 : 1 -> 2 -> 3
furious-puma-1:116997:117523 [1] NCCL INFO Tree 9 : 0 -> 1 -> 2/-1/-1
furious-puma-1:117000:117524 [4] NCCL INFO Ring 01 : 3 -> 4 -> 5
furious-puma-1:116998:117525 [2] NCCL INFO Ring 05 : 1 -> 2 -> 3
furious-puma-1:117000:117524 [4] NCCL INFO Ring 02 : 3 -> 4 -> 5
furious-puma-1:116998:117525 [2] NCCL INFO Ring 06 : 1 -> 2 -> 3
furious-puma-1:117000:117524 [4] NCCL INFO Ring 03 : 3 -> 4 -> 5
furious-puma-1:117003:117520 [7] NCCL INFO Ring 00 : 6 -> 7 -> 0
furious-puma-1:116998:117525 [2] NCCL INFO Ring 07 : 1 -> 2 -> 3
furious-puma-1:117000:117524 [4] NCCL INFO Ring 04 : 3 -> 4 -> 5
furious-puma-1:116998:117525 [2] NCCL INFO Ring 08 : 1 -> 2 -> 3
furious-puma-1:117003:117520 [7] NCCL INFO Ring 01 : 6 -> 7 -> 0
furious-puma-1:117000:117524 [4] NCCL INFO Ring 05 : 3 -> 4 -> 5
furious-puma-1:116998:117525 [2] NCCL INFO Ring 09 : 1 -> 2 -> 3
furious-puma-1:117001:117522 [5] NCCL INFO Ring 00 : 4 -> 5 -> 6
furious-puma-1:116996:117518 [0] NCCL INFO Tree 4 : -1 -> 0 -> 1/-1/-1
furious-puma-1:116999:117521 [3] NCCL INFO Ring 09 : 2 -> 3 -> 4
furious-puma-1:117002:117519 [6] NCCL INFO Ring 07 : 5 -> 6 -> 7
furious-puma-1:116997:117523 [1] NCCL INFO Tree 21 : 0 -> 1 -> 2/-1/-1
furious-puma-1:117003:117520 [7] NCCL INFO Ring 02 : 6 -> 7 -> 0
furious-puma-1:117000:117524 [4] NCCL INFO Ring 06 : 3 -> 4 -> 5
furious-puma-1:116998:117525 [2] NCCL INFO Ring 10 : 1 -> 2 -> 3
furious-puma-1:116997:117523 [1] NCCL INFO Tree 10 : 0 -> 1 -> 2/-1/-1
furious-puma-1:116996:117518 [0] NCCL INFO Tree 16 : -1 -> 0 -> 1/-1/-1
furious-puma-1:116999:117521 [3] NCCL INFO Ring 10 : 2 -> 3 -> 4
furious-puma-1:116996:117518 [0] NCCL INFO Tree 5 : -1 -> 0 -> 1/-1/-1
furious-puma-1:117002:117519 [6] NCCL INFO Ring 08 : 5 -> 6 -> 7
furious-puma-1:117001:117522 [5] NCCL INFO Ring 01 : 4 -> 5 -> 6
furious-puma-1:116997:117523 [1] NCCL INFO Tree 22 : 0 -> 1 -> 2/-1/-1
furious-puma-1:117002:117519 [6] NCCL INFO Ring 09 : 5 -> 6 -> 7
furious-puma-1:116997:117523 [1] NCCL INFO Tree 11 : 0 -> 1 -> 2/-1/-1
furious-puma-1:117003:117520 [7] NCCL INFO Ring 03 : 6 -> 7 -> 0
furious-puma-1:117000:117524 [4] NCCL INFO Ring 07 : 3 -> 4 -> 5
furious-puma-1:116997:117523 [1] NCCL INFO Tree 23 : 0 -> 1 -> 2/-1/-1
furious-puma-1:116998:117525 [2] NCCL INFO Ring 11 : 1 -> 2 -> 3
furious-puma-1:116996:117518 [0] NCCL INFO Tree 17 : -1 -> 0 -> 1/-1/-1
furious-puma-1:116999:117521 [3] NCCL INFO Ring 11 : 2 -> 3 -> 4
furious-puma-1:117003:117520 [7] NCCL INFO Ring 04 : 6 -> 7 -> 0
furious-puma-1:117000:117524 [4] NCCL INFO Ring 08 : 3 -> 4 -> 5
furious-puma-1:117002:117519 [6] NCCL INFO Ring 10 : 5 -> 6 -> 7
furious-puma-1:117001:117522 [5] NCCL INFO Ring 02 : 4 -> 5 -> 6
furious-puma-1:117003:117520 [7] NCCL INFO Ring 05 : 6 -> 7 -> 0
furious-puma-1:116996:117518 [0] NCCL INFO Tree 6 : -1 -> 0 -> 1/-1/-1
furious-puma-1:117000:117524 [4] NCCL INFO Ring 09 : 3 -> 4 -> 5
furious-puma-1:116998:117525 [2] NCCL INFO Ring 12 : 1 -> 2 -> 3
furious-puma-1:116999:117521 [3] NCCL INFO Ring 12 : 2 -> 3 -> 4
furious-puma-1:117001:117522 [5] NCCL INFO Ring 03 : 4 -> 5 -> 6
furious-puma-1:117003:117520 [7] NCCL INFO Ring 06 : 6 -> 7 -> 0
furious-puma-1:117002:117519 [6] NCCL INFO Ring 11 : 5 -> 6 -> 7
furious-puma-1:116998:117525 [2] NCCL INFO Ring 13 : 1 -> 2 -> 3
furious-puma-1:116996:117518 [0] NCCL INFO Tree 18 : -1 -> 0 -> 1/-1/-1
furious-puma-1:117000:117524 [4] NCCL INFO Ring 10 : 3 -> 4 -> 5
furious-puma-1:116999:117521 [3] NCCL INFO Ring 13 : 2 -> 3 -> 4
furious-puma-1:116998:117525 [2] NCCL INFO Ring 14 : 1 -> 2 -> 3
furious-puma-1:117002:117519 [6] NCCL INFO Ring 12 : 5 -> 6 -> 7
furious-puma-1:116999:117521 [3] NCCL INFO Ring 14 : 2 -> 3 -> 4
furious-puma-1:117001:117522 [5] NCCL INFO Ring 04 : 4 -> 5 -> 6
furious-puma-1:117003:117520 [7] NCCL INFO Ring 07 : 6 -> 7 -> 0
furious-puma-1:116996:117518 [0] NCCL INFO Tree 7 : -1 -> 0 -> 1/-1/-1
furious-puma-1:117000:117524 [4] NCCL INFO Ring 11 : 3 -> 4 -> 5
furious-puma-1:116998:117525 [2] NCCL INFO Ring 15 : 1 -> 2 -> 3
furious-puma-1:117002:117519 [6] NCCL INFO Ring 13 : 5 -> 6 -> 7
furious-puma-1:116999:117521 [3] NCCL INFO Ring 15 : 2 -> 3 -> 4
furious-puma-1:117000:117524 [4] NCCL INFO Ring 12 : 3 -> 4 -> 5
furious-puma-1:116996:117518 [0] NCCL INFO Tree 19 : -1 -> 0 -> 1/-1/-1
furious-puma-1:116998:117525 [2] NCCL INFO Ring 16 : 1 -> 2 -> 3
furious-puma-1:116999:117521 [3] NCCL INFO Ring 16 : 2 -> 3 -> 4
furious-puma-1:117001:117522 [5] NCCL INFO Ring 05 : 4 -> 5 -> 6
furious-puma-1:117003:117520 [7] NCCL INFO Ring 08 : 6 -> 7 -> 0
furious-puma-1:116999:117521 [3] NCCL INFO Ring 17 : 2 -> 3 -> 4
furious-puma-1:117002:117519 [6] NCCL INFO Ring 14 : 5 -> 6 -> 7
furious-puma-1:116997:117523 [1] NCCL INFO Ring 00 : 0 -> 1 -> 2
furious-puma-1:116996:117518 [0] NCCL INFO Tree 8 : -1 -> 0 -> 1/-1/-1
furious-puma-1:117001:117522 [5] NCCL INFO Ring 06 : 4 -> 5 -> 6
furious-puma-1:116996:117518 [0] NCCL INFO Tree 20 : -1 -> 0 -> 1/-1/-1
furious-puma-1:117000:117524 [4] NCCL INFO Ring 13 : 3 -> 4 -> 5
furious-puma-1:116998:117525 [2] NCCL INFO Ring 17 : 1 -> 2 -> 3
furious-puma-1:116999:117521 [3] NCCL INFO Ring 18 : 2 -> 3 -> 4
furious-puma-1:117003:117520 [7] NCCL INFO Ring 09 : 6 -> 7 -> 0
furious-puma-1:117000:117524 [4] NCCL INFO Ring 14 : 3 -> 4 -> 5
furious-puma-1:117002:117519 [6] NCCL INFO Ring 15 : 5 -> 6 -> 7
furious-puma-1:116997:117523 [1] NCCL INFO Ring 01 : 0 -> 1 -> 2
furious-puma-1:116996:117518 [0] NCCL INFO Tree 9 : -1 -> 0 -> 1/-1/-1
furious-puma-1:117001:117522 [5] NCCL INFO Ring 07 : 4 -> 5 -> 6
furious-puma-1:116997:117523 [1] NCCL INFO Ring 02 : 0 -> 1 -> 2
furious-puma-1:116999:117521 [3] NCCL INFO Ring 19 : 2 -> 3 -> 4
furious-puma-1:116998:117525 [2] NCCL INFO Ring 18 : 1 -> 2 -> 3
furious-puma-1:117003:117520 [7] NCCL INFO Ring 10 : 6 -> 7 -> 0
furious-puma-1:117000:117524 [4] NCCL INFO Ring 15 : 3 -> 4 -> 5
furious-puma-1:116997:117523 [1] NCCL INFO Ring 03 : 0 -> 1 -> 2
furious-puma-1:117002:117519 [6] NCCL INFO Ring 16 : 5 -> 6 -> 7
furious-puma-1:117001:117522 [5] NCCL INFO Ring 08 : 4 -> 5 -> 6
furious-puma-1:116996:117518 [0] NCCL INFO Tree 21 : -1 -> 0 -> 1/-1/-1
furious-puma-1:116997:117523 [1] NCCL INFO Ring 04 : 0 -> 1 -> 2
furious-puma-1:116999:117521 [3] NCCL INFO Ring 20 : 2 -> 3 -> 4
furious-puma-1:116998:117525 [2] NCCL INFO Ring 19 : 1 -> 2 -> 3
furious-puma-1:117001:117522 [5] NCCL INFO Ring 09 : 4 -> 5 -> 6
furious-puma-1:117003:117520 [7] NCCL INFO Ring 11 : 6 -> 7 -> 0
furious-puma-1:117002:117519 [6] NCCL INFO Ring 17 : 5 -> 6 -> 7
furious-puma-1:117000:117524 [4] NCCL INFO Ring 16 : 3 -> 4 -> 5
furious-puma-1:116996:117518 [0] NCCL INFO Tree 10 : -1 -> 0 -> 1/-1/-1
furious-puma-1:116997:117523 [1] NCCL INFO Ring 05 : 0 -> 1 -> 2
furious-puma-1:117003:117520 [7] NCCL INFO Ring 12 : 6 -> 7 -> 0
furious-puma-1:116999:117521 [3] NCCL INFO Ring 21 : 2 -> 3 -> 4
furious-puma-1:117000:117524 [4] NCCL INFO Ring 17 : 3 -> 4 -> 5
furious-puma-1:116998:117525 [2] NCCL INFO Ring 20 : 1 -> 2 -> 3
furious-puma-1:117001:117522 [5] NCCL INFO Ring 10 : 4 -> 5 -> 6
furious-puma-1:116999:117521 [3] NCCL INFO Ring 22 : 2 -> 3 -> 4
furious-puma-1:116998:117525 [2] NCCL INFO Ring 21 : 1 -> 2 -> 3
furious-puma-1:117002:117519 [6] NCCL INFO Ring 18 : 5 -> 6 -> 7
furious-puma-1:116996:117518 [0] NCCL INFO Tree 22 : -1 -> 0 -> 1/-1/-1
furious-puma-1:116997:117523 [1] NCCL INFO Ring 06 : 0 -> 1 -> 2
furious-puma-1:117003:117520 [7] NCCL INFO Ring 13 : 6 -> 7 -> 0
furious-puma-1:117000:117524 [4] NCCL INFO Ring 18 : 3 -> 4 -> 5
furious-puma-1:116996:117518 [0] NCCL INFO Tree 11 : -1 -> 0 -> 1/-1/-1
furious-puma-1:116997:117523 [1] NCCL INFO Ring 07 : 0 -> 1 -> 2
furious-puma-1:116999:117521 [3] NCCL INFO Ring 23 : 2 -> 3 -> 4
furious-puma-1:117001:117522 [5] NCCL INFO Ring 11 : 4 -> 5 -> 6
furious-puma-1:117002:117519 [6] NCCL INFO Ring 19 : 5 -> 6 -> 7
furious-puma-1:116998:117525 [2] NCCL INFO Ring 22 : 1 -> 2 -> 3
furious-puma-1:116996:117518 [0] NCCL INFO Tree 23 : -1 -> 0 -> 1/-1/-1
furious-puma-1:116997:117523 [1] NCCL INFO Ring 08 : 0 -> 1 -> 2
furious-puma-1:117003:117520 [7] NCCL INFO Ring 14 : 6 -> 7 -> 0
furious-puma-1:117000:117524 [4] NCCL INFO Ring 19 : 3 -> 4 -> 5
furious-puma-1:116999:117521 [3] NCCL INFO Trees [0] 4/-1/-1->3->2 [1] 4/-1/-1->3->2 [2] 4/-1/-1->3->2 [3] 4/-1/-1->3->2 [4] 4/-1/-1->3->2 [5] 4/-1/-1->3->2 [6] 4/-1/-1->3->2 [7] 4/-1/-1->3->2 [8] 4/-1/-1->3->2 [9] 4/-1/-1->3->2 [10] 4/-1/-1->3->2 [11] 4/-1/-1->3->2 [12] 4/-1/-1->3->2 [13] 4/-1/-1->3->2 [14] 4/-1/-1->3->2 [15] 4/-1/-1->3->2 [16] 4/-1/-1->3->2 [17] 4/-1/-1->3->2 [18] 4/-1/-1->3->2 [19] 4/-1/-1->3->2 [20] 4/-1/-1->3->2 [21] 4/-1/-1->3->2 [22] 4/-1/-1->3->2 [23] 4/-1/-1->3->2
furious-puma-1:116997:117523 [1] NCCL INFO Ring 09 : 0 -> 1 -> 2
furious-puma-1:117002:117519 [6] NCCL INFO Ring 20 : 5 -> 6 -> 7
furious-puma-1:117001:117522 [5] NCCL INFO Ring 12 : 4 -> 5 -> 6
furious-puma-1:116998:117525 [2] NCCL INFO Ring 23 : 1 -> 2 -> 3
furious-puma-1:116996:117518 [0] NCCL INFO Channel 00/24 : 0 1 2 3 4 5 6 7
furious-puma-1:117003:117520 [7] NCCL INFO Ring 15 : 6 -> 7 -> 0
furious-puma-1:116996:117518 [0] NCCL INFO Channel 01/24 : 0 1 2 3 4 5 6 7
furious-puma-1:116997:117523 [1] NCCL INFO Ring 10 : 0 -> 1 -> 2
furious-puma-1:117000:117524 [4] NCCL INFO Ring 20 : 3 -> 4 -> 5
furious-puma-1:116996:117518 [0] NCCL INFO Channel 02/24 : 0 1 2 3 4 5 6 7
furious-puma-1:117003:117520 [7] NCCL INFO Ring 16 : 6 -> 7 -> 0
furious-puma-1:116997:117523 [1] NCCL INFO Ring 11 : 0 -> 1 -> 2
furious-puma-1:117002:117519 [6] NCCL INFO Ring 21 : 5 -> 6 -> 7
furious-puma-1:116996:117518 [0] NCCL INFO Channel 03/24 : 0 1 2 3 4 5 6 7
furious-puma-1:117000:117524 [4] NCCL INFO Ring 21 : 3 -> 4 -> 5
furious-puma-1:117002:117519 [6] NCCL INFO Ring 22 : 5 -> 6 -> 7
furious-puma-1:116996:117518 [0] NCCL INFO Channel 04/24 : 0 1 2 3 4 5 6 7
furious-puma-1:116999:117521 [3] NCCL INFO P2P Chunksize set to 524288
furious-puma-1:117001:117522 [5] NCCL INFO Ring 13 : 4 -> 5 -> 6
furious-puma-1:116998:117525 [2] NCCL INFO Trees [0] 3/-1/-1->2->1 [1] 3/-1/-1->2->1 [2] 3/-1/-1->2->1 [3] 3/-1/-1->2->1 [4] 3/-1/-1->2->1 [5] 3/-1/-1->2->1 [6] 3/-1/-1->2->1 [7] 3/-1/-1->2->1 [8] 3/-1/-1->2->1 [9] 3/-1/-1->2->1 [10] 3/-1/-1->2->1 [11] 3/-1/-1->2->1 [12] 3/-1/-1->2->1 [13] 3/-1/-1->2->1 [14] 3/-1/-1->2->1 [15] 3/-1/-1->2->1 [16] 3/-1/-1->2->1 [17] 3/-1/-1->2->1 [18] 3/-1/-1->2->1 [19] 3/-1/-1->2->1 [20] 3/-1/-1->2->1 [21] 3/-1/-1->2->1 [22] 3/-1/-1->2->1 [23] 3/-1/-1->2->1
furious-puma-1:116997:117523 [1] NCCL INFO Ring 12 : 0 -> 1 -> 2
furious-puma-1:117003:117520 [7] NCCL INFO Ring 17 : 6 -> 7 -> 0
furious-puma-1:117002:117519 [6] NCCL INFO Ring 23 : 5 -> 6 -> 7
furious-puma-1:117001:117522 [5] NCCL INFO Ring 14 : 4 -> 5 -> 6
furious-puma-1:117003:117520 [7] NCCL INFO Ring 18 : 6 -> 7 -> 0
furious-puma-1:117000:117524 [4] NCCL INFO Ring 22 : 3 -> 4 -> 5
furious-puma-1:116996:117518 [0] NCCL INFO Channel 05/24 : 0 1 2 3 4 5 6 7
furious-puma-1:116997:117523 [1] NCCL INFO Ring 13 : 0 -> 1 -> 2
furious-puma-1:116998:117525 [2] NCCL INFO P2P Chunksize set to 524288
furious-puma-1:117002:117519 [6] NCCL INFO Trees [0] 7/-1/-1->6->5 [1] 7/-1/-1->6->5 [2] 7/-1/-1->6->5 [3] 7/-1/-1->6->5 [4] 7/-1/-1->6->5 [5] 7/-1/-1->6->5 [6] 7/-1/-1->6->5 [7] 7/-1/-1->6->5 [8] 7/-1/-1->6->5 [9] 7/-1/-1->6->5 [10] 7/-1/-1->6->5 [11] 7/-1/-1->6->5 [12] 7/-1/-1->6->5 [13] 7/-1/-1->6->5 [14] 7/-1/-1->6->5 [15] 7/-1/-1->6->5 [16] 7/-1/-1->6->5 [17] 7/-1/-1->6->5 [18] 7/-1/-1->6->5 [19] 7/-1/-1->6->5 [20] 7/-1/-1->6->5 [21] 7/-1/-1->6->5 [22] 7/-1/-1->6->5 [23] 7/-1/-1->6->5
furious-puma-1:117001:117522 [5] NCCL INFO Ring 15 : 4 -> 5 -> 6
furious-puma-1:116996:117518 [0] NCCL INFO Channel 06/24 : 0 1 2 3 4 5 6 7
furious-puma-1:116997:117523 [1] NCCL INFO Ring 14 : 0 -> 1 -> 2
furious-puma-1:117000:117524 [4] NCCL INFO Ring 23 : 3 -> 4 -> 5
furious-puma-1:117002:117519 [6] NCCL INFO P2P Chunksize set to 524288
furious-puma-1:116996:117518 [0] NCCL INFO Channel 07/24 : 0 1 2 3 4 5 6 7
furious-puma-1:116997:117523 [1] NCCL INFO Ring 15 : 0 -> 1 -> 2
furious-puma-1:117003:117520 [7] NCCL INFO Ring 19 : 6 -> 7 -> 0
furious-puma-1:117000:117524 [4] NCCL INFO Trees [0] 5/-1/-1->4->3 [1] 5/-1/-1->4->3 [2] 5/-1/-1->4->3 [3] 5/-1/-1->4->3 [4] 5/-1/-1->4->3 [5] 5/-1/-1->4->3 [6] 5/-1/-1->4->3 [7] 5/-1/-1->4->3 [8] 5/-1/-1->4->3 [9] 5/-1/-1->4->3 [10] 5/-1/-1->4->3 [11] 5/-1/-1->4->3 [12] 5/-1/-1->4->3 [13] 5/-1/-1->4->3 [14] 5/-1/-1->4->3 [15] 5/-1/-1->4->3 [16] 5/-1/-1->4->3 [17] 5/-1/-1->4->3 [18] 5/-1/-1->4->3 [19] 5/-1/-1->4->3 [20] 5/-1/-1->4->3 [21] 5/-1/-1->4->3 [22] 5/-1/-1->4->3 [23] 5/-1/-1->4->3
furious-puma-1:117001:117522 [5] NCCL INFO Ring 16 : 4 -> 5 -> 6
furious-puma-1:116997:117523 [1] NCCL INFO Ring 16 : 0 -> 1 -> 2
furious-puma-1:116996:117518 [0] NCCL INFO Channel 08/24 : 0 1 2 3 4 5 6 7
furious-puma-1:117003:117520 [7] NCCL INFO Ring 20 : 6 -> 7 -> 0
furious-puma-1:117000:117524 [4] NCCL INFO P2P Chunksize set to 524288
furious-puma-1:116997:117523 [1] NCCL INFO Ring 17 : 0 -> 1 -> 2
furious-puma-1:116996:117518 [0] NCCL INFO Channel 09/24 : 0 1 2 3 4 5 6 7
furious-puma-1:117001:117522 [5] NCCL INFO Ring 17 : 4 -> 5 -> 6
furious-puma-1:116997:117523 [1] NCCL INFO Ring 18 : 0 -> 1 -> 2
furious-puma-1:116996:117518 [0] NCCL INFO Channel 10/24 : 0 1 2 3 4 5 6 7
furious-puma-1:117003:117520 [7] NCCL INFO Ring 21 : 6 -> 7 -> 0
furious-puma-1:116996:117518 [0] NCCL INFO Channel 11/24 : 0 1 2 3 4 5 6 7
furious-puma-1:116997:117523 [1] NCCL INFO Ring 19 : 0 -> 1 -> 2
furious-puma-1:117001:117522 [5] NCCL INFO Ring 18 : 4 -> 5 -> 6
furious-puma-1:117003:117520 [7] NCCL INFO Ring 22 : 6 -> 7 -> 0
furious-puma-1:116996:117518 [0] NCCL INFO Channel 12/24 : 0 1 2 3 4 5 6 7
furious-puma-1:116997:117523 [1] NCCL INFO Ring 20 : 0 -> 1 -> 2
furious-puma-1:117001:117522 [5] NCCL INFO Ring 19 : 4 -> 5 -> 6
furious-puma-1:116996:117518 [0] NCCL INFO Channel 13/24 : 0 1 2 3 4 5 6 7
furious-puma-1:117003:117520 [7] NCCL INFO Ring 23 : 6 -> 7 -> 0
furious-puma-1:116997:117523 [1] NCCL INFO Ring 21 : 0 -> 1 -> 2
furious-puma-1:117001:117522 [5] NCCL INFO Ring 20 : 4 -> 5 -> 6
furious-puma-1:116996:117518 [0] NCCL INFO Channel 14/24 : 0 1 2 3 4 5 6 7
furious-puma-1:116997:117523 [1] NCCL INFO Ring 22 : 0 -> 1 -> 2
furious-puma-1:117003:117520 [7] NCCL INFO Trees [0] -1/-1/-1->7->6 [1] -1/-1/-1->7->6 [2] -1/-1/-1->7->6 [3] -1/-1/-1->7->6 [4] -1/-1/-1->7->6 [5] -1/-1/-1->7->6 [6] -1/-1/-1->7->6 [7] -1/-1/-1->7->6 [8] -1/-1/-1->7->6 [9] -1/-1/-1->7->6 [10] -1/-1/-1->7->6 [11] -1/-1/-1->7->6 [12] -1/-1/-1->7->6 [13] -1/-1/-1->7->6 [14] -1/-1/-1->7->6 [15] -1/-1/-1->7->6 [16] -1/-1/-1->7->6 [17] -1/-1/-1->7->6 [18] -1/-1/-1->7->6 [19] -1/-1/-1->7->6 [20] -1/-1/-1->7->6 [21] -1/-1/-1->7->6 [22] -1/-1/-1->7->6 [23] -1/-1/-1->7->6
furious-puma-1:116996:117518 [0] NCCL INFO Channel 15/24 : 0 1 2 3 4 5 6 7
furious-puma-1:117001:117522 [5] NCCL INFO Ring 21 : 4 -> 5 -> 6
furious-puma-1:116997:117523 [1] NCCL INFO Ring 23 : 0 -> 1 -> 2
furious-puma-1:116996:117518 [0] NCCL INFO Channel 16/24 : 0 1 2 3 4 5 6 7
furious-puma-1:117003:117520 [7] NCCL INFO P2P Chunksize set to 524288
furious-puma-1:116997:117523 [1] NCCL INFO Trees [0] 2/-1/-1->1->0 [1] 2/-1/-1->1->0 [2] 2/-1/-1->1->0 [3] 2/-1/-1->1->0 [4] 2/-1/-1->1->0 [5] 2/-1/-1->1->0 [6] 2/-1/-1->1->0 [7] 2/-1/-1->1->0 [8] 2/-1/-1->1->0 [9] 2/-1/-1->1->0 [10] 2/-1/-1->1->0 [11] 2/-1/-1->1->0 [12] 2/-1/-1->1->0 [13] 2/-1/-1->1->0 [14] 2/-1/-1->1->0 [15] 2/-1/-1->1->0 [16] 2/-1/-1->1->0 [17] 2/-1/-1->1->0 [18] 2/-1/-1->1->0 [19] 2/-1/-1->1->0 [20] 2/-1/-1->1->0 [21] 2/-1/-1->1->0 [22] 2/-1/-1->1->0 [23] 2/-1/-1->1->0
furious-puma-1:116996:117518 [0] NCCL INFO Channel 17/24 : 0 1 2 3 4 5 6 7
furious-puma-1:117001:117522 [5] NCCL INFO Ring 22 : 4 -> 5 -> 6
furious-puma-1:116996:117518 [0] NCCL INFO Channel 18/24 : 0 1 2 3 4 5 6 7
furious-puma-1:116997:117523 [1] NCCL INFO P2P Chunksize set to 524288
furious-puma-1:116996:117518 [0] NCCL INFO Channel 19/24 : 0 1 2 3 4 5 6 7
furious-puma-1:117001:117522 [5] NCCL INFO Ring 23 : 4 -> 5 -> 6
furious-puma-1:116996:117518 [0] NCCL INFO Channel 20/24 : 0 1 2 3 4 5 6 7
furious-puma-1:117001:117522 [5] NCCL INFO Trees [0] 6/-1/-1->5->4 [1] 6/-1/-1->5->4 [2] 6/-1/-1->5->4 [3] 6/-1/-1->5->4 [4] 6/-1/-1->5->4 [5] 6/-1/-1->5->4 [6] 6/-1/-1->5->4 [7] 6/-1/-1->5->4 [8] 6/-1/-1->5->4 [9] 6/-1/-1->5->4 [10] 6/-1/-1->5->4 [11] 6/-1/-1->5->4 [12] 6/-1/-1->5->4 [13] 6/-1/-1->5->4 [14] 6/-1/-1->5->4 [15] 6/-1/-1->5->4 [16] 6/-1/-1->5->4 [17] 6/-1/-1->5->4 [18] 6/-1/-1->5->4 [19] 6/-1/-1->5->4 [20] 6/-1/-1->5->4 [21] 6/-1/-1->5->4 [22] 6/-1/-1->5->4 [23] 6/-1/-1->5->4
furious-puma-1:116996:117518 [0] NCCL INFO Channel 21/24 : 0 1 2 3 4 5 6 7
furious-puma-1:116996:117518 [0] NCCL INFO Channel 22/24 : 0 1 2 3 4 5 6 7
furious-puma-1:116996:117518 [0] NCCL INFO Channel 23/24 : 0 1 2 3 4 5 6 7
furious-puma-1:117001:117522 [5] NCCL INFO P2P Chunksize set to 524288
furious-puma-1:116996:117518 [0] NCCL INFO Ring 00 : 7 -> 0 -> 1
furious-puma-1:116996:117518 [0] NCCL INFO Ring 01 : 7 -> 0 -> 1
furious-puma-1:116996:117518 [0] NCCL INFO Ring 02 : 7 -> 0 -> 1
furious-puma-1:116996:117518 [0] NCCL INFO Ring 03 : 7 -> 0 -> 1
furious-puma-1:116996:117518 [0] NCCL INFO Ring 04 : 7 -> 0 -> 1
furious-puma-1:116996:117518 [0] NCCL INFO Ring 05 : 7 -> 0 -> 1
furious-puma-1:116996:117518 [0] NCCL INFO Ring 06 : 7 -> 0 -> 1
furious-puma-1:116996:117518 [0] NCCL INFO Ring 07 : 7 -> 0 -> 1
furious-puma-1:116996:117518 [0] NCCL INFO Ring 08 : 7 -> 0 -> 1
furious-puma-1:116996:117518 [0] NCCL INFO Ring 09 : 7 -> 0 -> 1
furious-puma-1:116996:117518 [0] NCCL INFO Ring 10 : 7 -> 0 -> 1
furious-puma-1:116996:117518 [0] NCCL INFO Ring 11 : 7 -> 0 -> 1
furious-puma-1:116996:117518 [0] NCCL INFO Ring 12 : 7 -> 0 -> 1
furious-puma-1:116996:117518 [0] NCCL INFO Ring 13 : 7 -> 0 -> 1
furious-puma-1:116996:117518 [0] NCCL INFO Ring 14 : 7 -> 0 -> 1
furious-puma-1:116996:117518 [0] NCCL INFO Ring 15 : 7 -> 0 -> 1
furious-puma-1:116996:117518 [0] NCCL INFO Ring 16 : 7 -> 0 -> 1
furious-puma-1:116996:117518 [0] NCCL INFO Ring 17 : 7 -> 0 -> 1
furious-puma-1:116996:117518 [0] NCCL INFO Ring 18 : 7 -> 0 -> 1
furious-puma-1:116996:117518 [0] NCCL INFO Ring 19 : 7 -> 0 -> 1
furious-puma-1:116996:117518 [0] NCCL INFO Ring 20 : 7 -> 0 -> 1
furious-puma-1:116996:117518 [0] NCCL INFO Ring 21 : 7 -> 0 -> 1
furious-puma-1:116996:117518 [0] NCCL INFO Ring 22 : 7 -> 0 -> 1
furious-puma-1:116996:117518 [0] NCCL INFO Ring 23 : 7 -> 0 -> 1
furious-puma-1:116996:117518 [0] NCCL INFO Trees [0] 1/-1/-1->0->-1 [1] 1/-1/-1->0->-1 [2] 1/-1/-1->0->-1 [3] 1/-1/-1->0->-1 [4] 1/-1/-1->0->-1 [5] 1/-1/-1->0->-1 [6] 1/-1/-1->0->-1 [7] 1/-1/-1->0->-1 [8] 1/-1/-1->0->-1 [9] 1/-1/-1->0->-1 [10] 1/-1/-1->0->-1 [11] 1/-1/-1->0->-1 [12] 1/-1/-1->0->-1 [13] 1/-1/-1->0->-1 [14] 1/-1/-1->0->-1 [15] 1/-1/-1->0->-1 [16] 1/-1/-1->0->-1 [17] 1/-1/-1->0->-1 [18] 1/-1/-1->0->-1 [19] 1/-1/-1->0->-1 [20] 1/-1/-1->0->-1 [21] 1/-1/-1->0->-1 [22] 1/-1/-1->0->-1 [23] 1/-1/-1->0->-1
furious-puma-1:116996:117518 [0] NCCL INFO P2P Chunksize set to 524288
furious-puma-1:117002:117519 [6] NCCL INFO PROFILER/Plugin: Could not find: libnccl-profiler.so. 
furious-puma-1:117002:117622 [6] NCCL INFO [Proxy Service UDS] Device 6 CPU core 125
furious-puma-1:116997:117523 [1] NCCL INFO PROFILER/Plugin: Could not find: libnccl-profiler.so. 
furious-puma-1:117002:117621 [6] NCCL INFO [Proxy Service] Device 6 CPU core 124
furious-puma-1:116997:117623 [1] NCCL INFO [Proxy Service] Device 1 CPU core 11
furious-puma-1:116997:117624 [1] NCCL INFO [Proxy Service UDS] Device 1 CPU core 15
furious-puma-1:117000:117524 [4] NCCL INFO PROFILER/Plugin: Could not find: libnccl-profiler.so. 
furious-puma-1:117000:117626 [4] NCCL INFO [Proxy Service UDS] Device 4 CPU core 83
furious-puma-1:117000:117625 [4] NCCL INFO [Proxy Service] Device 4 CPU core 82
furious-puma-1:116996:117518 [0] NCCL INFO PROFILER/Plugin: Could not find: libnccl-profiler.so. 
furious-puma-1:116996:117518 [0] NCCL INFO Check P2P Type isAllDirectP2p 1 directMode 0
furious-puma-1:116996:117628 [0] NCCL INFO [Proxy Service UDS] Device 0 CPU core 19
furious-puma-1:116996:117627 [0] NCCL INFO [Proxy Service] Device 0 CPU core 4
furious-puma-1:116999:117521 [3] NCCL INFO PROFILER/Plugin: Could not find: libnccl-profiler.so. 
furious-puma-1:116999:117629 [3] NCCL INFO [Proxy Service] Device 3 CPU core 21
furious-puma-1:116999:117630 [3] NCCL INFO [Proxy Service UDS] Device 3 CPU core 22
furious-puma-1:117001:117522 [5] NCCL INFO PROFILER/Plugin: Could not find: libnccl-profiler.so. 
furious-puma-1:117001:117631 [5] NCCL INFO [Proxy Service] Device 5 CPU core 92
furious-puma-1:117001:117632 [5] NCCL INFO [Proxy Service UDS] Device 5 CPU core 98
furious-puma-1:117003:117520 [7] NCCL INFO PROFILER/Plugin: Could not find: libnccl-profiler.so. 
furious-puma-1:117003:117634 [7] NCCL INFO [Proxy Service UDS] Device 7 CPU core 83
furious-puma-1:116998:117525 [2] NCCL INFO PROFILER/Plugin: Could not find: libnccl-profiler.so. 
furious-puma-1:117003:117633 [7] NCCL INFO [Proxy Service] Device 7 CPU core 82
furious-puma-1:116998:117635 [2] NCCL INFO [Proxy Service] Device 2 CPU core 23
furious-puma-1:116998:117636 [2] NCCL INFO [Proxy Service UDS] Device 2 CPU core 26
furious-puma-1:116997:117523 [1] NCCL INFO threadThresholds 8/8/64 | 64/8/64 | 512 | 512
furious-puma-1:116997:117523 [1] NCCL INFO 24 coll channels, 24 collnet channels, 16 nvls channels, 32 p2p channels, 32 p2p channels per peer
furious-puma-1:116998:117525 [2] NCCL INFO threadThresholds 8/8/64 | 64/8/64 | 512 | 512
furious-puma-1:116998:117525 [2] NCCL INFO 24 coll channels, 24 collnet channels, 16 nvls channels, 32 p2p channels, 32 p2p channels per peer
furious-puma-1:117002:117519 [6] NCCL INFO threadThresholds 8/8/64 | 64/8/64 | 512 | 512
furious-puma-1:117002:117519 [6] NCCL INFO 24 coll channels, 24 collnet channels, 16 nvls channels, 32 p2p channels, 32 p2p channels per peer
furious-puma-1:117001:117522 [5] NCCL INFO threadThresholds 8/8/64 | 64/8/64 | 512 | 512
furious-puma-1:117001:117522 [5] NCCL INFO 24 coll channels, 24 collnet channels, 16 nvls channels, 32 p2p channels, 32 p2p channels per peer
furious-puma-1:116996:117518 [0] NCCL INFO threadThresholds 8/8/64 | 64/8/64 | 512 | 512
furious-puma-1:116996:117518 [0] NCCL INFO 24 coll channels, 24 collnet channels, 16 nvls channels, 32 p2p channels, 32 p2p channels per peer
furious-puma-1:116999:117521 [3] NCCL INFO threadThresholds 8/8/64 | 64/8/64 | 512 | 512
furious-puma-1:116999:117521 [3] NCCL INFO 24 coll channels, 24 collnet channels, 16 nvls channels, 32 p2p channels, 32 p2p channels per peer
furious-puma-1:117000:117524 [4] NCCL INFO threadThresholds 8/8/64 | 64/8/64 | 512 | 512
furious-puma-1:117000:117524 [4] NCCL INFO 24 coll channels, 24 collnet channels, 16 nvls channels, 32 p2p channels, 32 p2p channels per peer
furious-puma-1:117003:117520 [7] NCCL INFO threadThresholds 8/8/64 | 64/8/64 | 512 | 512
furious-puma-1:117003:117520 [7] NCCL INFO 24 coll channels, 24 collnet channels, 16 nvls channels, 32 p2p channels, 32 p2p channels per peer
furious-puma-1:116996:117518 [0] NCCL INFO CC Off, workFifoBytes 1048576
furious-puma-1:117002:117519 [6] NCCL INFO TUNER/Plugin: Could not find: libnccl-tuner.so. Using internal tuner plugin.
furious-puma-1:116996:117518 [0] NCCL INFO TUNER/Plugin: Could not find: libnccl-tuner.so. Using internal tuner plugin.
furious-puma-1:116996:117518 [0] NCCL INFO ncclCommInitRankConfig comm 0x3d4c7180 rank 0 nranks 8 cudaDev 0 nvmlDev 0 busId 7f000 commId 0x43ae194e7dc00ed5 - Init COMPLETE
furious-puma-1:117002:117519 [6] NCCL INFO ncclCommInitRankConfig comm 0x40c7d630 rank 6 nranks 8 cudaDev 6 nvmlDev 6 busId df000 commId 0x43ae194e7dc00ed5 - Init COMPLETE
furious-puma-1:116996:117518 [0] NCCL INFO Init timings - ncclCommInitRankConfig: rank 0 nranks 8 total 1.87 (kernels 1.11, alloc 0.29, bootstrap 0.03, allgathers 0.01, topo 0.06, graphs 0.01, connections 0.32, rest 0.04)
furious-puma-1:117002:117519 [6] NCCL INFO Init timings - ncclCommInitRankConfig: rank 6 nranks 8 total 1.87 (kernels 1.12, alloc 0.28, bootstrap 0.03, allgathers 0.02, topo 0.06, graphs 0.01, connections 0.33, rest 0.03)
furious-puma-1:116998:117525 [2] NCCL INFO TUNER/Plugin: Could not find: libnccl-tuner.so. Using internal tuner plugin.
furious-puma-1:117000:117524 [4] NCCL INFO TUNER/Plugin: Could not find: libnccl-tuner.so. Using internal tuner plugin.
furious-puma-1:116998:117525 [2] NCCL INFO ncclCommInitRankConfig comm 0x3bad5620 rank 2 nranks 8 cudaDev 2 nvmlDev 2 busId 9f000 commId 0x43ae194e7dc00ed5 - Init COMPLETE
furious-puma-1:117000:117524 [4] NCCL INFO ncclCommInitRankConfig comm 0x699509a0 rank 4 nranks 8 cudaDev 4 nvmlDev 4 busId bf000 commId 0x43ae194e7dc00ed5 - Init COMPLETE
furious-puma-1:116998:117525 [2] NCCL INFO Init timings - ncclCommInitRankConfig: rank 2 nranks 8 total 1.87 (kernels 0.38, alloc 0.49, bootstrap 0.56, allgathers 0.01, topo 0.06, graphs 0.02, connections 0.32, rest 0.04)
furious-puma-1:117000:117524 [4] NCCL INFO Init timings - ncclCommInitRankConfig: rank 4 nranks 8 total 1.87 (kernels 0.36, alloc 0.49, bootstrap 0.58, allgathers 0.00, topo 0.06, graphs 0.02, connections 0.32, rest 0.03)
furious-puma-1:116997:117523 [1] NCCL INFO TUNER/Plugin: Could not find: libnccl-tuner.so. Using internal tuner plugin.
furious-puma-1:116997:117523 [1] NCCL INFO ncclCommInitRankConfig comm 0x4b64b3d0 rank 1 nranks 8 cudaDev 1 nvmlDev 1 busId 8f000 commId 0x43ae194e7dc00ed5 - Init COMPLETE
furious-puma-1:116997:117523 [1] NCCL INFO Init timings - ncclCommInitRankConfig: rank 1 nranks 8 total 1.87 (kernels 0.51, alloc 0.60, bootstrap 0.32, allgathers 0.01, topo 0.06, graphs 0.01, connections 0.33, rest 0.03)
furious-puma-1:117003:117520 [7] NCCL INFO TUNER/Plugin: Could not find: libnccl-tuner.so. Using internal tuner plugin.
furious-puma-1:117003:117520 [7] NCCL INFO ncclCommInitRankConfig comm 0x40b266b0 rank 7 nranks 8 cudaDev 7 nvmlDev 7 busId ef000 commId 0x43ae194e7dc00ed5 - Init COMPLETE
furious-puma-1:117001:117522 [5] NCCL INFO TUNER/Plugin: Could not find: libnccl-tuner.so. Using internal tuner plugin.
furious-puma-1:117003:117520 [7] NCCL INFO Init timings - ncclCommInitRankConfig: rank 7 nranks 8 total 1.87 (kernels 0.53, alloc 0.60, bootstrap 0.29, allgathers 0.00, topo 0.06, graphs 0.02, connections 0.32, rest 0.04)
furious-puma-1:117001:117522 [5] NCCL INFO ncclCommInitRankConfig comm 0x6f1e5540 rank 5 nranks 8 cudaDev 5 nvmlDev 5 busId cf000 commId 0x43ae194e7dc00ed5 - Init COMPLETE
furious-puma-1:116999:117521 [3] NCCL INFO TUNER/Plugin: Could not find: libnccl-tuner.so. Using internal tuner plugin.
furious-puma-1:116999:117521 [3] NCCL INFO ncclCommInitRankConfig comm 0x69d39bf0 rank 3 nranks 8 cudaDev 3 nvmlDev 3 busId af000 commId 0x43ae194e7dc00ed5 - Init COMPLETE
furious-puma-1:117001:117522 [5] NCCL INFO Init timings - ncclCommInitRankConfig: rank 5 nranks 8 total 1.87 (kernels 0.51, alloc 0.62, bootstrap 0.30, allgathers 0.00, topo 0.06, graphs 0.02, connections 0.32, rest 0.04)
furious-puma-1:116999:117521 [3] NCCL INFO Init timings - ncclCommInitRankConfig: rank 3 nranks 8 total 1.87 (kernels 0.54, alloc 0.59, bootstrap 0.30, allgathers 0.01, topo 0.06, graphs 0.01, connections 0.32, rest 0.04)
furious-puma-1:117002:117621 [6] NCCL INFO Allocated shareable buffer 0x749baea00000 size 10485760 ipcDesc 0x74986c008b80
furious-puma-1:116998:117635 [2] NCCL INFO Allocated shareable buffer 0x7760daa00000 size 10485760 ipcDesc 0x775d94008b80
furious-puma-1:116996:117627 [0] NCCL INFO Allocated shareable buffer 0x716caaa00000 size 10485760 ipcDesc 0x716a5c008c40
furious-puma-1:117002:117621 [6] NCCL INFO Allocated shareable buffer 0x749baf400000 size 10485760 ipcDesc 0x74986c00a620
furious-puma-1:117002:117621 [6] NCCL INFO Allocated shareable buffer 0x749bb0600000 size 10485760 ipcDesc 0x74986c00be60
furious-puma-1:116998:117635 [2] NCCL INFO Allocated shareable buffer 0x7760db400000 size 10485760 ipcDesc 0x775d9400a620
furious-puma-1:116996:117627 [0] NCCL INFO Allocated shareable buffer 0x716cab400000 size 10485760 ipcDesc 0x716a5c00a680
furious-puma-1:117002:117621 [6] NCCL INFO Allocated shareable buffer 0x749bb1000000 size 10485760 ipcDesc 0x74986c00d900
furious-puma-1:117000:117625 [4] NCCL INFO Allocated shareable buffer 0x71570aa00000 size 10485760 ipcDesc 0x7153c4008b80
furious-puma-1:117002:117621 [6] NCCL INFO Allocated shareable buffer 0xa02000000 size 10485760 ipcDesc 0x74986c00f100
furious-puma-1:116998:117635 [2] NCCL INFO Allocated shareable buffer 0x7760dc600000 size 10485760 ipcDesc 0x775d9400be60
furious-puma-1:116996:117627 [0] NCCL INFO Allocated shareable buffer 0x716cac600000 size 10485760 ipcDesc 0x716a5c00be80
furious-puma-1:117003:117633 [7] NCCL INFO Allocated shareable buffer 0x7cd5f2a00000 size 10485760 ipcDesc 0x7cd2a4008b80
furious-puma-1:117002:117621 [6] NCCL INFO Allocated shareable buffer 0xa02a00000 size 10485760 ipcDesc 0x74986c010db0
furious-puma-1:117002:117621 [6] NCCL INFO Allocated shareable buffer 0xa03400000 size 10485760 ipcDesc 0x74986c0125b0
furious-puma-1:116996:117627 [0] NCCL INFO Allocated shareable buffer 0x716cad000000 size 10485760 ipcDesc 0x716a5c00d900
furious-puma-1:116998:117635 [2] NCCL INFO Allocated shareable buffer 0x7760dd000000 size 10485760 ipcDesc 0x775d9400d900
furious-puma-1:117003:117633 [7] NCCL INFO Allocated shareable buffer 0x7cd5f3400000 size 10485760 ipcDesc 0x7cd2a400a620
furious-puma-1:117000:117625 [4] NCCL INFO Allocated shareable buffer 0x71570b400000 size 10485760 ipcDesc 0x7153c400a620
furious-puma-1:116999:117629 [3] NCCL INFO Allocated shareable buffer 0x7b252ea00000 size 10485760 ipcDesc 0x7b21dc008b80
furious-puma-1:117002:117621 [6] NCCL INFO Allocated shareable buffer 0xa04000000 size 10485760 ipcDesc 0x74986c013db0
furious-puma-1:116997:117623 [1] NCCL INFO Allocated shareable buffer 0x7beebea00000 size 10485760 ipcDesc 0x7beb74008b80
furious-puma-1:117003:117633 [7] NCCL INFO Allocated shareable buffer 0x7cd5f4600000 size 10485760 ipcDesc 0x7cd2a400be60
furious-puma-1:117000:117625 [4] NCCL INFO Allocated shareable buffer 0x71570c600000 size 10485760 ipcDesc 0x7153c400be60
furious-puma-1:116999:117629 [3] NCCL INFO Allocated shareable buffer 0x7b252f400000 size 10485760 ipcDesc 0x7b21dc00a620
furious-puma-1:116996:117627 [0] NCCL INFO Allocated shareable buffer 0xa02000000 size 10485760 ipcDesc 0x716a5c00f100
furious-puma-1:117002:117621 [6] NCCL INFO Allocated shareable buffer 0xa04a00000 size 10485760 ipcDesc 0x74986c015a00
furious-puma-1:116998:117635 [2] NCCL INFO Allocated shareable buffer 0xa02000000 size 10485760 ipcDesc 0x775d9400f100
furious-puma-1:116996:117627 [0] NCCL INFO Allocated shareable buffer 0xa02a00000 size 10485760 ipcDesc 0x716a5c010db0
furious-puma-1:117000:117625 [4] NCCL INFO Allocated shareable buffer 0x71570d000000 size 10485760 ipcDesc 0x7153c400d900
furious-puma-1:117003:117633 [7] NCCL INFO Allocated shareable buffer 0x7cd5f5000000 size 10485760 ipcDesc 0x7cd2a400d900
furious-puma-1:116999:117629 [3] NCCL INFO Allocated shareable buffer 0x7b2530600000 size 10485760 ipcDesc 0x7b21dc00be60
furious-puma-1:116998:117635 [2] NCCL INFO Allocated shareable buffer 0xa02a00000 size 10485760 ipcDesc 0x775d94010db0
furious-puma-1:117002:117621 [6] NCCL INFO Allocated shareable buffer 0xa05400000 size 10485760 ipcDesc 0x74986c017200
furious-puma-1:116997:117623 [1] NCCL INFO Allocated shareable buffer 0x7beebf400000 size 10485760 ipcDesc 0x7beb7400a620
furious-puma-1:116999:117629 [3] NCCL INFO Allocated shareable buffer 0x7b2531000000 size 10485760 ipcDesc 0x7b21dc00d900
furious-puma-1:117000:117625 [4] NCCL INFO Allocated shareable buffer 0xa02000000 size 10485760 ipcDesc 0x7153c400f100
furious-puma-1:117003:117633 [7] NCCL INFO Allocated shareable buffer 0xa02000000 size 10485760 ipcDesc 0x7cd2a400f100
furious-puma-1:117003:117633 [7] NCCL INFO Allocated shareable buffer 0xa02a00000 size 10485760 ipcDesc 0x7cd2a4010db0
furious-puma-1:116998:117635 [2] NCCL INFO Allocated shareable buffer 0xa03400000 size 10485760 ipcDesc 0x775d940125b0
furious-puma-1:116996:117627 [0] NCCL INFO Allocated shareable buffer 0xa03400000 size 10485760 ipcDesc 0x716a5c0125b0
furious-puma-1:116997:117623 [1] NCCL INFO Allocated shareable buffer 0x7beec0600000 size 10485760 ipcDesc 0x7beb7400be60
furious-puma-1:116999:117629 [3] NCCL INFO Allocated shareable buffer 0xa02000000 size 10485760 ipcDesc 0x7b21dc00f100
furious-puma-1:117000:117625 [4] NCCL INFO Allocated shareable buffer 0xa02a00000 size 10485760 ipcDesc 0x7153c4010db0
furious-puma-1:117001:117631 [5] NCCL INFO Allocated shareable buffer 0x71963ea00000 size 10485760 ipcDesc 0x7192f4008b80
furious-puma-1:117000:117625 [4] NCCL INFO Allocated shareable buffer 0xa03400000 size 10485760 ipcDesc 0x7153c40125b0
furious-puma-1:117000:117625 [4] NCCL INFO Allocated shareable buffer 0xa04000000 size 10485760 ipcDesc 0x7153c4013db0
furious-puma-1:117002:117621 [6] NCCL INFO Allocated shareable buffer 0xa06000000 size 10485760 ipcDesc 0x74986c018a00
furious-puma-1:116999:117629 [3] NCCL INFO Allocated shareable buffer 0xa02a00000 size 10485760 ipcDesc 0x7b21dc010db0
furious-puma-1:116998:117635 [2] NCCL INFO Allocated shareable buffer 0xa04000000 size 10485760 ipcDesc 0x775d94013db0
furious-puma-1:117003:117633 [7] NCCL INFO Allocated shareable buffer 0xa03400000 size 10485760 ipcDesc 0x7cd2a40125b0
furious-puma-1:116998:117635 [2] NCCL INFO Allocated shareable buffer 0xa04a00000 size 10485760 ipcDesc 0x775d94015a00
furious-puma-1:117003:117633 [7] NCCL INFO Allocated shareable buffer 0xa04000000 size 10485760 ipcDesc 0x7cd2a4013db0
furious-puma-1:117003:117633 [7] NCCL INFO Allocated shareable buffer 0xa04a00000 size 10485760 ipcDesc 0x7cd2a4015a00
furious-puma-1:117002:117621 [6] NCCL INFO Allocated shareable buffer 0xa06a00000 size 10485760 ipcDesc 0x74986c01a600
furious-puma-1:116999:117629 [3] NCCL INFO Allocated shareable buffer 0xa03400000 size 10485760 ipcDesc 0x7b21dc0125b0
furious-puma-1:116998:117635 [2] NCCL INFO Allocated shareable buffer 0xa05400000 size 10485760 ipcDesc 0x775d94017200
furious-puma-1:116996:117627 [0] NCCL INFO Allocated shareable buffer 0xa04000000 size 10485760 ipcDesc 0x716a5c013db0
furious-puma-1:116997:117623 [1] NCCL INFO Allocated shareable buffer 0x7beec1000000 size 10485760 ipcDesc 0x7beb7400d900
furious-puma-1:117001:117631 [5] NCCL INFO Allocated shareable buffer 0x71963f400000 size 10485760 ipcDesc 0x7192f400a620
furious-puma-1:116996:117627 [0] NCCL INFO Allocated shareable buffer 0xa04a00000 size 10485760 ipcDesc 0x716a5c015a00
furious-puma-1:117000:117625 [4] NCCL INFO Allocated shareable buffer 0xa04a00000 size 10485760 ipcDesc 0x7153c4015a00
furious-puma-1:116999:117629 [3] NCCL INFO Allocated shareable buffer 0xa04000000 size 10485760 ipcDesc 0x7b21dc013db0
furious-puma-1:117002:117621 [6] NCCL INFO Allocated shareable buffer 0xa07400000 size 10485760 ipcDesc 0x74986c01be00
furious-puma-1:117002:117621 [6] NCCL INFO Allocated shareable buffer 0xa08000000 size 10485760 ipcDesc 0x74986c01d600
furious-puma-1:116996:117627 [0] NCCL INFO Allocated shareable buffer 0xa05400000 size 10485760 ipcDesc 0x716a5c017200
furious-puma-1:116999:117629 [3] NCCL INFO Allocated shareable buffer 0xa04a00000 size 10485760 ipcDesc 0x7b21dc015a00
furious-puma-1:117003:117633 [7] NCCL INFO Allocated shareable buffer 0xa05400000 size 10485760 ipcDesc 0x7cd2a4017200
furious-puma-1:117000:117625 [4] NCCL INFO Allocated shareable buffer 0xa05400000 size 10485760 ipcDesc 0x7153c4017200
furious-puma-1:117001:117631 [5] NCCL INFO Allocated shareable buffer 0x719640600000 size 10485760 ipcDesc 0x7192f400be60
furious-puma-1:116997:117623 [1] NCCL INFO Allocated shareable buffer 0xa02000000 size 10485760 ipcDesc 0x7beb7400f100
furious-puma-1:116996:117627 [0] NCCL INFO Allocated shareable buffer 0xa06000000 size 10485760 ipcDesc 0x716a5c018a00
furious-puma-1:116998:117635 [2] NCCL INFO Allocated shareable buffer 0xa06000000 size 10485760 ipcDesc 0x775d94018a00
furious-puma-1:116999:117629 [3] NCCL INFO Allocated shareable buffer 0xa05400000 size 10485760 ipcDesc 0x7b21dc017200
furious-puma-1:117002:117621 [6] NCCL INFO Allocated shareable buffer 0xa08a00000 size 10485760 ipcDesc 0x74986c01f250
furious-puma-1:116997:117623 [1] NCCL INFO Allocated shareable buffer 0xa02a00000 size 10485760 ipcDesc 0x7beb74010db0
furious-puma-1:117000:117625 [4] NCCL INFO Allocated shareable buffer 0xa06000000 size 10485760 ipcDesc 0x7153c4018a00
furious-puma-1:117001:117631 [5] NCCL INFO Allocated shareable buffer 0x719641000000 size 10485760 ipcDesc 0x7192f400d900
furious-puma-1:116998:117635 [2] NCCL INFO Allocated shareable buffer 0xa06a00000 size 10485760 ipcDesc 0x775d9401a600
furious-puma-1:116997:117623 [1] NCCL INFO Allocated shareable buffer 0xa03400000 size 10485760 ipcDesc 0x7beb740125b0
furious-puma-1:116996:117627 [0] NCCL INFO Allocated shareable buffer 0xa06a00000 size 10485760 ipcDesc 0x716a5c01a650
furious-puma-1:117003:117633 [7] NCCL INFO Allocated shareable buffer 0xa06000000 size 10485760 ipcDesc 0x7cd2a4018a00
furious-puma-1:117000:117625 [4] NCCL INFO Allocated shareable buffer 0xa06a00000 size 10485760 ipcDesc 0x7153c401a650
furious-puma-1:117001:117631 [5] NCCL INFO Allocated shareable buffer 0xa02000000 size 10485760 ipcDesc 0x7192f400f100
furious-puma-1:116999:117629 [3] NCCL INFO Allocated shareable buffer 0xa06000000 size 10485760 ipcDesc 0x7b21dc018a00
furious-puma-1:116999:117629 [3] NCCL INFO Allocated shareable buffer 0xa06a00000 size 10485760 ipcDesc 0x7b21dc01a600
furious-puma-1:117000:117625 [4] NCCL INFO Allocated shareable buffer 0xa07400000 size 10485760 ipcDesc 0x7153c401be50
furious-puma-1:116999:117629 [3] NCCL INFO Allocated shareable buffer 0xa07400000 size 10485760 ipcDesc 0x7b21dc01be00
furious-puma-1:116996:117627 [0] NCCL INFO Allocated shareable buffer 0xa07400000 size 10485760 ipcDesc 0x716a5c01be50
furious-puma-1:116997:117623 [1] NCCL INFO Allocated shareable buffer 0xa04000000 size 10485760 ipcDesc 0x7beb74013db0
furious-puma-1:116998:117635 [2] NCCL INFO Allocated shareable buffer 0xa07400000 size 10485760 ipcDesc 0x775d9401be00
furious-puma-1:117001:117631 [5] NCCL INFO Allocated shareable buffer 0xa02a00000 size 10485760 ipcDesc 0x7192f4010db0
furious-puma-1:117003:117633 [7] NCCL INFO Allocated shareable buffer 0xa06a00000 size 10485760 ipcDesc 0x7cd2a401a650
furious-puma-1:117002:117621 [6] NCCL INFO Allocated shareable buffer 0xa09400000 size 10485760 ipcDesc 0x74986c020a50
furious-puma-1:117003:117633 [7] NCCL INFO Allocated shareable buffer 0xa07400000 size 10485760 ipcDesc 0x7cd2a401be50
furious-puma-1:116997:117623 [1] NCCL INFO Allocated shareable buffer 0xa04a00000 size 10485760 ipcDesc 0x7beb74015a00
furious-puma-1:116997:117623 [1] NCCL INFO Allocated shareable buffer 0xa05400000 size 10485760 ipcDesc 0x7beb74017200
furious-puma-1:116999:117629 [3] NCCL INFO Allocated shareable buffer 0xa08000000 size 10485760 ipcDesc 0x7b21dc01d600
furious-puma-1:116996:117627 [0] NCCL INFO Allocated shareable buffer 0xa08000000 size 10485760 ipcDesc 0x716a5c01d650
furious-puma-1:117001:117631 [5] NCCL INFO Allocated shareable buffer 0xa03400000 size 10485760 ipcDesc 0x7192f40125b0
furious-puma-1:117000:117625 [4] NCCL INFO Allocated shareable buffer 0xa08000000 size 10485760 ipcDesc 0x7153c401d650
furious-puma-1:117003:117633 [7] NCCL INFO Allocated shareable buffer 0xa08000000 size 10485760 ipcDesc 0x7cd2a401d650
furious-puma-1:117002:117621 [6] NCCL INFO Allocated shareable buffer 0xa0a000000 size 10485760 ipcDesc 0x74986c022250
furious-puma-1:116998:117635 [2] NCCL INFO Allocated shareable buffer 0xa08000000 size 10485760 ipcDesc 0x775d9401d600
furious-puma-1:116998:117635 [2] NCCL INFO Allocated shareable buffer 0xa08a00000 size 10485760 ipcDesc 0x775d9401f250
furious-puma-1:117002:117621 [6] NCCL INFO Allocated shareable buffer 0xa0aa00000 size 10485760 ipcDesc 0x74986c023ea0
furious-puma-1:116997:117623 [1] NCCL INFO Allocated shareable buffer 0xa06000000 size 10485760 ipcDesc 0x7beb74018a00
furious-puma-1:117003:117633 [7] NCCL INFO Allocated shareable buffer 0xa08a00000 size 10485760 ipcDesc 0x7cd2a401f2a0
furious-puma-1:117000:117625 [4] NCCL INFO Allocated shareable buffer 0xa08a00000 size 10485760 ipcDesc 0x7153c401f2a0
furious-puma-1:116999:117629 [3] NCCL INFO Allocated shareable buffer 0xa08a00000 size 10485760 ipcDesc 0x7b21dc01f250
furious-puma-1:116998:117635 [2] NCCL INFO Allocated shareable buffer 0xa09400000 size 10485760 ipcDesc 0x775d94020a50
furious-puma-1:116996:117627 [0] NCCL INFO Allocated shareable buffer 0xa08a00000 size 10485760 ipcDesc 0x716a5c01f2a0
furious-puma-1:117002:117621 [6] NCCL INFO Allocated shareable buffer 0xa0b400000 size 10485760 ipcDesc 0x74986c0256a0
furious-puma-1:116999:117629 [3] NCCL INFO Allocated shareable buffer 0xa09400000 size 10485760 ipcDesc 0x7b21dc020a50
furious-puma-1:117003:117633 [7] NCCL INFO Allocated shareable buffer 0xa09400000 size 10485760 ipcDesc 0x7cd2a4020aa0
furious-puma-1:116996:117627 [0] NCCL INFO Allocated shareable buffer 0xa09400000 size 10485760 ipcDesc 0x716a5c020aa0
furious-puma-1:116997:117623 [1] NCCL INFO Allocated shareable buffer 0xa06a00000 size 10485760 ipcDesc 0x7beb7401a650
furious-puma-1:117001:117631 [5] NCCL INFO Allocated shareable buffer 0xa04000000 size 10485760 ipcDesc 0x7192f4013db0
furious-puma-1:117002:117621 [6] NCCL INFO Allocated shareable buffer 0xa0c000000 size 10485760 ipcDesc 0x74986c026ea0
furious-puma-1:117002:117621 [6] NCCL INFO Allocated shareable buffer 0xa0ca00000 size 10485760 ipcDesc 0x74986c028af0
furious-puma-1:116997:117623 [1] NCCL INFO Allocated shareable buffer 0xa07400000 size 10485760 ipcDesc 0x7beb7401be50
furious-puma-1:116998:117635 [2] NCCL INFO Allocated shareable buffer 0xa0a000000 size 10485760 ipcDesc 0x775d94022250
furious-puma-1:117000:117625 [4] NCCL INFO Allocated shareable buffer 0xa09400000 size 10485760 ipcDesc 0x7153c4020aa0
furious-puma-1:116996:117627 [0] NCCL INFO Allocated shareable buffer 0xa0a000000 size 10485760 ipcDesc 0x716a5c0222a0
furious-puma-1:117001:117631 [5] NCCL INFO Allocated shareable buffer 0xa04a00000 size 10485760 ipcDesc 0x7192f4015a00
furious-puma-1:116999:117629 [3] NCCL INFO Allocated shareable buffer 0xa0a000000 size 10485760 ipcDesc 0x7b21dc022250
furious-puma-1:116999:117629 [3] NCCL INFO Allocated shareable buffer 0xa0aa00000 size 10485760 ipcDesc 0x7b21dc023ea0
furious-puma-1:116999:117629 [3] NCCL INFO Allocated shareable buffer 0xa0b400000 size 10485760 ipcDesc 0x7b21dc0256a0
furious-puma-1:116999:117629 [3] NCCL INFO Allocated shareable buffer 0xa0c000000 size 10485760 ipcDesc 0x7b21dc026ea0
furious-puma-1:117003:117633 [7] NCCL INFO Allocated shareable buffer 0xa0a000000 size 10485760 ipcDesc 0x7cd2a40222a0
furious-puma-1:117002:117621 [6] NCCL INFO Allocated shareable buffer 0xa0d400000 size 10485760 ipcDesc 0x74986c02a2f0
furious-puma-1:116998:117635 [2] NCCL INFO Allocated shareable buffer 0xa0aa00000 size 10485760 ipcDesc 0x775d94023ea0
furious-puma-1:116997:117623 [1] NCCL INFO Allocated shareable buffer 0xa08000000 size 10485760 ipcDesc 0x7beb7401d650
furious-puma-1:116996:117627 [0] NCCL INFO Allocated shareable buffer 0xa0aa00000 size 10485760 ipcDesc 0x716a5c023ef0
furious-puma-1:117001:117631 [5] NCCL INFO Allocated shareable buffer 0xa05400000 size 10485760 ipcDesc 0x7192f4017200
furious-puma-1:117000:117625 [4] NCCL INFO Allocated shareable buffer 0xa0a000000 size 10485760 ipcDesc 0x7153c40222a0
furious-puma-1:116999:117629 [3] NCCL INFO Allocated shareable buffer 0xa0ca00000 size 10485760 ipcDesc 0x7b21dc028af0
furious-puma-1:116999:117629 [3] NCCL INFO Allocated shareable buffer 0xa0d400000 size 10485760 ipcDesc 0x7b21dc02a2f0
furious-puma-1:117002:117621 [6] NCCL INFO Allocated shareable buffer 0xa0e000000 size 10485760 ipcDesc 0x74986c02baf0
furious-puma-1:117003:117633 [7] NCCL INFO Allocated shareable buffer 0xa0aa00000 size 10485760 ipcDesc 0x7cd2a4023ef0
furious-puma-1:117000:117625 [4] NCCL INFO Allocated shareable buffer 0xa0aa00000 size 10485760 ipcDesc 0x7153c4023ef0
furious-puma-1:117001:117631 [5] NCCL INFO Allocated shareable buffer 0xa06000000 size 10485760 ipcDesc 0x7192f4018a00
furious-puma-1:116998:117635 [2] NCCL INFO Allocated shareable buffer 0xa0b400000 size 10485760 ipcDesc 0x775d940256a0
furious-puma-1:116996:117627 [0] NCCL INFO Allocated shareable buffer 0xa0b400000 size 10485760 ipcDesc 0x716a5c0256f0
furious-puma-1:117002:117621 [6] NCCL INFO Allocated shareable buffer 0xa0ea00000 size 10485760 ipcDesc 0x74986c02d740
furious-puma-1:117002:117640 [6] NCCL INFO Channel 00/0 : 6[6] -> 7[7] via P2P/CUMEM
furious-puma-1:116997:117623 [1] NCCL INFO Allocated shareable buffer 0xa08a00000 size 10485760 ipcDesc 0x7beb7401f2a0
furious-puma-1:116999:117629 [3] NCCL INFO Allocated shareable buffer 0xa0e000000 size 10485760 ipcDesc 0x7b21dc02baf0
furious-puma-1:117002:117621 [6] NCCL INFO Allocated shareable buffer 0xa0f400000 size 2097152 ipcDesc 0x74986c02ef40
furious-puma-1:117002:117640 [6] NCCL INFO Channel 01/0 : 6[6] -> 7[7] via P2P/CUMEM
furious-puma-1:117003:117633 [7] NCCL INFO Allocated shareable buffer 0xa0b400000 size 10485760 ipcDesc 0x7cd2a40256f0
furious-puma-1:117000:117625 [4] NCCL INFO Allocated shareable buffer 0xa0b400000 size 10485760 ipcDesc 0x7153c40256f0
furious-puma-1:117000:117625 [4] NCCL INFO Allocated shareable buffer 0xa0c000000 size 10485760 ipcDesc 0x7153c4026ef0
furious-puma-1:116998:117635 [2] NCCL INFO Allocated shareable buffer 0xa0c000000 size 10485760 ipcDesc 0x775d94026ea0
furious-puma-1:116996:117627 [0] NCCL INFO Allocated shareable buffer 0xa0c000000 size 10485760 ipcDesc 0x716a5c026ef0
furious-puma-1:117002:117621 [6] NCCL INFO Allocated shareable buffer 0xa0f600000 size 2097152 ipcDesc 0x74986c030740
furious-puma-1:117002:117640 [6] NCCL INFO Channel 02/0 : 6[6] -> 7[7] via P2P/CUMEM
furious-puma-1:116997:117623 [1] NCCL INFO Allocated shareable buffer 0xa09400000 size 10485760 ipcDesc 0x7beb74020aa0
furious-puma-1:117001:117631 [5] NCCL INFO Allocated shareable buffer 0xa06a00000 size 10485760 ipcDesc 0x7192f401a650
furious-puma-1:117003:117633 [7] NCCL INFO Allocated shareable buffer 0xa0c000000 size 10485760 ipcDesc 0x7cd2a4026ef0
furious-puma-1:117000:117625 [4] NCCL INFO Allocated shareable buffer 0xa0ca00000 size 10485760 ipcDesc 0x7153c4028b40
furious-puma-1:116999:117629 [3] NCCL INFO Allocated shareable buffer 0xa0ea00000 size 10485760 ipcDesc 0x7b21dc02d740
furious-puma-1:116999:117643 [3] NCCL INFO Channel 00/0 : 3[3] -> 4[4] via P2P/CUMEM
furious-puma-1:116998:117635 [2] NCCL INFO Allocated shareable buffer 0xa0ca00000 size 10485760 ipcDesc 0x775d94028af0
furious-puma-1:116997:117623 [1] NCCL INFO Allocated shareable buffer 0xa0a000000 size 10485760 ipcDesc 0x7beb740222a0
furious-puma-1:117001:117631 [5] NCCL INFO Allocated shareable buffer 0xa07400000 size 10485760 ipcDesc 0x7192f401be50
furious-puma-1:117000:117625 [4] NCCL INFO Allocated shareable buffer 0xa0d400000 size 10485760 ipcDesc 0x7153c402a340
furious-puma-1:116996:117627 [0] NCCL INFO Allocated shareable buffer 0xa0ca00000 size 10485760 ipcDesc 0x716a5c028b40
furious-puma-1:116996:117627 [0] NCCL INFO Allocated shareable buffer 0xa0d400000 size 10485760 ipcDesc 0x716a5c02a340
furious-puma-1:117002:117621 [6] NCCL INFO Allocated shareable buffer 0xa0f800000 size 2097152 ipcDesc 0x74986c031f40
furious-puma-1:117002:117640 [6] NCCL INFO Channel 03/0 : 6[6] -> 7[7] via P2P/CUMEM
furious-puma-1:116997:117623 [1] NCCL INFO Allocated shareable buffer 0xa0aa00000 size 10485760 ipcDesc 0x7beb74023ef0
furious-puma-1:116999:117629 [3] NCCL INFO Allocated shareable buffer 0xa0f400000 size 2097152 ipcDesc 0x7b21dc02ef40
furious-puma-1:116999:117643 [3] NCCL INFO Channel 01/0 : 3[3] -> 4[4] via P2P/CUMEM
furious-puma-1:117001:117631 [5] NCCL INFO Allocated shareable buffer 0xa08000000 size 10485760 ipcDesc 0x7192f401d650
furious-puma-1:117000:117625 [4] NCCL INFO Allocated shareable buffer 0xa0e000000 size 10485760 ipcDesc 0x7153c402bb40
furious-puma-1:117003:117633 [7] NCCL INFO Allocated shareable buffer 0xa0ca00000 size 10485760 ipcDesc 0x7cd2a4028b40
furious-puma-1:117002:117621 [6] NCCL INFO Allocated shareable buffer 0xa0fa00000 size 2097152 ipcDesc 0x74986c033740
furious-puma-1:117002:117640 [6] NCCL INFO Channel 04/0 : 6[6] -> 7[7] via P2P/CUMEM
furious-puma-1:116997:117623 [1] NCCL INFO Allocated shareable buffer 0xa0b400000 size 10485760 ipcDesc 0x7beb740256f0
furious-puma-1:116997:117623 [1] NCCL INFO Allocated shareable buffer 0xa0c000000 size 10485760 ipcDesc 0x7beb74026ef0
furious-puma-1:116998:117635 [2] NCCL INFO Allocated shareable buffer 0xa0d400000 size 10485760 ipcDesc 0x775d9402a2f0
furious-puma-1:116996:117627 [0] NCCL INFO Allocated shareable buffer 0xa0e000000 size 10485760 ipcDesc 0x716a5c02bb40
furious-puma-1:117001:117631 [5] NCCL INFO Allocated shareable buffer 0xa08a00000 size 10485760 ipcDesc 0x7192f401f2a0
furious-puma-1:117001:117631 [5] NCCL INFO Allocated shareable buffer 0xa09400000 size 10485760 ipcDesc 0x7192f4020aa0
furious-puma-1:117001:117631 [5] NCCL INFO Allocated shareable buffer 0xa0a000000 size 10485760 ipcDesc 0x7192f40222a0
furious-puma-1:117002:117621 [6] NCCL INFO Allocated shareable buffer 0xa0fc00000 size 2097152 ipcDesc 0x74986c034f40
furious-puma-1:117002:117640 [6] NCCL INFO Channel 05/0 : 6[6] -> 7[7] via P2P/CUMEM
furious-puma-1:116999:117629 [3] NCCL INFO Allocated shareable buffer 0xa0f600000 size 2097152 ipcDesc 0x7b21dc030740
furious-puma-1:116999:117643 [3] NCCL INFO Channel 02/0 : 3[3] -> 4[4] via P2P/CUMEM
furious-puma-1:116998:117635 [2] NCCL INFO Allocated shareable buffer 0xa0e000000 size 10485760 ipcDesc 0x775d9402baf0
furious-puma-1:117000:117625 [4] NCCL INFO Allocated shareable buffer 0xa0ea00000 size 10485760 ipcDesc 0x7153c402d790
furious-puma-1:117003:117633 [7] NCCL INFO Allocated shareable buffer 0xa0d400000 size 10485760 ipcDesc 0x7cd2a402a340
furious-puma-1:117000:117644 [4] NCCL INFO Channel 00/0 : 4[4] -> 5[5] via P2P/CUMEM
furious-puma-1:116996:117627 [0] NCCL INFO Allocated shareable buffer 0xa0ea00000 size 10485760 ipcDesc 0x716a5c02d790
furious-puma-1:116996:117641 [0] NCCL INFO Channel 00/0 : 0[0] -> 1[1] via P2P/CUMEM
furious-puma-1:117003:117633 [7] NCCL INFO Allocated shareable buffer 0xa0e000000 size 10485760 ipcDesc 0x7cd2a402bb40
furious-puma-1:117001:117631 [5] NCCL INFO Allocated shareable buffer 0xa0aa00000 size 10485760 ipcDesc 0x7192f4023ef0
furious-puma-1:116997:117623 [1] NCCL INFO Allocated shareable buffer 0xa0ca00000 size 10485760 ipcDesc 0x7beb74028b40
furious-puma-1:116996:117627 [0] NCCL INFO Allocated shareable buffer 0xa0f400000 size 2097152 ipcDesc 0x716a5c02ef90
furious-puma-1:116996:117641 [0] NCCL INFO Channel 01/0 : 0[0] -> 1[1] via P2P/CUMEM
furious-puma-1:117000:117625 [4] NCCL INFO Allocated shareable buffer 0xa0f400000 size 2097152 ipcDesc 0x7153c402ef90
furious-puma-1:117000:117644 [4] NCCL INFO Channel 01/0 : 4[4] -> 5[5] via P2P/CUMEM
furious-puma-1:117000:117625 [4] NCCL INFO Allocated shareable buffer 0xa0f600000 size 2097152 ipcDesc 0x7153c4030790
furious-puma-1:117000:117644 [4] NCCL INFO Channel 02/0 : 4[4] -> 5[5] via P2P/CUMEM
furious-puma-1:117002:117621 [6] NCCL INFO Allocated shareable buffer 0xa0fe00000 size 2097152 ipcDesc 0x74986c036740
furious-puma-1:117002:117640 [6] NCCL INFO Channel 06/0 : 6[6] -> 7[7] via P2P/CUMEM
furious-puma-1:116998:117635 [2] NCCL INFO Allocated shareable buffer 0xa0ea00000 size 10485760 ipcDesc 0x775d9402d740
furious-puma-1:116998:117639 [2] NCCL INFO Channel 00/0 : 2[2] -> 3[3] via P2P/CUMEM
furious-puma-1:116997:117623 [1] NCCL INFO Allocated shareable buffer 0xa0d400000 size 10485760 ipcDesc 0x7beb7402a340
furious-puma-1:116996:117627 [0] NCCL INFO Allocated shareable buffer 0xa0f600000 size 2097152 ipcDesc 0x716a5c030790
furious-puma-1:116996:117641 [0] NCCL INFO Channel 02/0 : 0[0] -> 1[1] via P2P/CUMEM
furious-puma-1:116999:117629 [3] NCCL INFO Allocated shareable buffer 0xa0f800000 size 2097152 ipcDesc 0x7b21dc031f40
furious-puma-1:116999:117643 [3] NCCL INFO Channel 03/0 : 3[3] -> 4[4] via P2P/CUMEM
furious-puma-1:116999:117629 [3] NCCL INFO Allocated shareable buffer 0xa0fa00000 size 2097152 ipcDesc 0x7b21dc033740
furious-puma-1:116999:117643 [3] NCCL INFO Channel 04/0 : 3[3] -> 4[4] via P2P/CUMEM
furious-puma-1:117003:117633 [7] NCCL INFO Allocated shareable buffer 0xa0ea00000 size 10485760 ipcDesc 0x7cd2a402d790
furious-puma-1:117003:117642 [7] NCCL INFO Channel 00/0 : 7[7] -> 0[0] via P2P/CUMEM
furious-puma-1:116999:117629 [3] NCCL INFO Allocated shareable buffer 0xa0fc00000 size 2097152 ipcDesc 0x7b21dc034f40
furious-puma-1:116999:117643 [3] NCCL INFO Channel 05/0 : 3[3] -> 4[4] via P2P/CUMEM
furious-puma-1:116998:117635 [2] NCCL INFO Allocated shareable buffer 0xa0f400000 size 2097152 ipcDesc 0x775d9402ef40
furious-puma-1:116998:117639 [2] NCCL INFO Channel 01/0 : 2[2] -> 3[3] via P2P/CUMEM
furious-puma-1:117001:117631 [5] NCCL INFO Allocated shareable buffer 0xa0b400000 size 10485760 ipcDesc 0x7192f40256f0
furious-puma-1:116997:117623 [1] NCCL INFO Allocated shareable buffer 0xa0e000000 size 10485760 ipcDesc 0x7beb7402bb40
furious-puma-1:116996:117627 [0] NCCL INFO Allocated shareable buffer 0xa0f800000 size 2097152 ipcDesc 0x716a5c031f90
furious-puma-1:116996:117641 [0] NCCL INFO Channel 03/0 : 0[0] -> 1[1] via P2P/CUMEM
furious-puma-1:116996:117627 [0] NCCL INFO Allocated shareable buffer 0xa0fa00000 size 2097152 ipcDesc 0x716a5c033790
furious-puma-1:116996:117641 [0] NCCL INFO Channel 04/0 : 0[0] -> 1[1] via P2P/CUMEM
furious-puma-1:117002:117621 [6] NCCL INFO Allocated shareable buffer 0xa0de00000 size 2097152 ipcDesc 0x74986c037ea0
furious-puma-1:117002:117640 [6] NCCL INFO Channel 07/0 : 6[6] -> 7[7] via P2P/CUMEM
furious-puma-1:117001:117631 [5] NCCL INFO Allocated shareable buffer 0xa0c000000 size 10485760 ipcDesc 0x7192f4026ef0
furious-puma-1:116997:117623 [1] NCCL INFO Allocated shareable buffer 0xa0ea00000 size 10485760 ipcDesc 0x7beb7402d790
furious-puma-1:116997:117645 [1] NCCL INFO Channel 00/0 : 1[1] -> 2[2] via P2P/CUMEM
furious-puma-1:116999:117629 [3] NCCL INFO Allocated shareable buffer 0xa0fe00000 size 2097152 ipcDesc 0x7b21dc036740
furious-puma-1:116999:117643 [3] NCCL INFO Channel 06/0 : 3[3] -> 4[4] via P2P/CUMEM
furious-puma-1:117003:117633 [7] NCCL INFO Allocated shareable buffer 0xa0f400000 size 2097152 ipcDesc 0x7cd2a402ef90
furious-puma-1:117003:117642 [7] NCCL INFO Channel 01/0 : 7[7] -> 0[0] via P2P/CUMEM
furious-puma-1:117000:117625 [4] NCCL INFO Allocated shareable buffer 0xa0f800000 size 2097152 ipcDesc 0x7153c4031f90
furious-puma-1:117000:117644 [4] NCCL INFO Channel 03/0 : 4[4] -> 5[5] via P2P/CUMEM
furious-puma-1:117000:117625 [4] NCCL INFO Allocated shareable buffer 0xa0fa00000 size 2097152 ipcDesc 0x7153c4033790
furious-puma-1:117000:117644 [4] NCCL INFO Channel 04/0 : 4[4] -> 5[5] via P2P/CUMEM
furious-puma-1:117001:117631 [5] NCCL INFO Allocated shareable buffer 0xa0ca00000 size 10485760 ipcDesc 0x7192f4028b40
furious-puma-1:117002:117621 [6] NCCL INFO Allocated shareable buffer 0xa0be00000 size 2097152 ipcDesc 0x74986c039380
furious-puma-1:117002:117640 [6] NCCL INFO Channel 08/0 : 6[6] -> 7[7] via P2P/CUMEM
furious-puma-1:116998:117635 [2] NCCL INFO Allocated shareable buffer 0xa0f600000 size 2097152 ipcDesc 0x775d94030740
furious-puma-1:116998:117639 [2] NCCL INFO Channel 02/0 : 2[2] -> 3[3] via P2P/CUMEM
furious-puma-1:116996:117627 [0] NCCL INFO Allocated shareable buffer 0xa0fc00000 size 2097152 ipcDesc 0x716a5c034f90
furious-puma-1:116996:117641 [0] NCCL INFO Channel 05/0 : 0[0] -> 1[1] via P2P/CUMEM
furious-puma-1:116999:117629 [3] NCCL INFO Allocated shareable buffer 0xa0de00000 size 2097152 ipcDesc 0x7b21dc037ea0
furious-puma-1:116999:117643 [3] NCCL INFO Channel 07/0 : 3[3] -> 4[4] via P2P/CUMEM
furious-puma-1:117003:117633 [7] NCCL INFO Allocated shareable buffer 0xa0f600000 size 2097152 ipcDesc 0x7cd2a4030790
furious-puma-1:117003:117642 [7] NCCL INFO Channel 02/0 : 7[7] -> 0[0] via P2P/CUMEM
furious-puma-1:116996:117627 [0] NCCL INFO Allocated shareable buffer 0xa0fe00000 size 2097152 ipcDesc 0x716a5c036790
furious-puma-1:116996:117641 [0] NCCL INFO Channel 06/0 : 0[0] -> 1[1] via P2P/CUMEM
furious-puma-1:116996:117627 [0] NCCL INFO Allocated shareable buffer 0xa0de00000 size 2097152 ipcDesc 0x716a5c037ef0
furious-puma-1:116996:117641 [0] NCCL INFO Channel 07/0 : 0[0] -> 1[1] via P2P/CUMEM
furious-puma-1:117002:117621 [6] NCCL INFO Allocated shareable buffer 0xa09e00000 size 2097152 ipcDesc 0x74986c03a860
furious-puma-1:117002:117640 [6] NCCL INFO Channel 09/0 : 6[6] -> 7[7] via P2P/CUMEM
furious-puma-1:117001:117631 [5] NCCL INFO Allocated shareable buffer 0xa0d400000 size 10485760 ipcDesc 0x7192f402a340
furious-puma-1:116997:117623 [1] NCCL INFO Allocated shareable buffer 0xa0f400000 size 2097152 ipcDesc 0x7beb7402ef90
furious-puma-1:116997:117645 [1] NCCL INFO Channel 01/0 : 1[1] -> 2[2] via P2P/CUMEM
furious-puma-1:117000:117625 [4] NCCL INFO Allocated shareable buffer 0xa0fc00000 size 2097152 ipcDesc 0x7153c4034f90
furious-puma-1:117000:117644 [4] NCCL INFO Channel 05/0 : 4[4] -> 5[5] via P2P/CUMEM
furious-puma-1:116997:117623 [1] NCCL INFO Allocated shareable buffer 0xa0f600000 size 2097152 ipcDesc 0x7beb74030790
furious-puma-1:116997:117645 [1] NCCL INFO Channel 02/0 : 1[1] -> 2[2] via P2P/CUMEM
furious-puma-1:116997:117623 [1] NCCL INFO Allocated shareable buffer 0xa0f800000 size 2097152 ipcDesc 0x7beb74031f90
furious-puma-1:116997:117645 [1] NCCL INFO Channel 03/0 : 1[1] -> 2[2] via P2P/CUMEM
furious-puma-1:116996:117627 [0] NCCL INFO Allocated shareable buffer 0xa0be00000 size 2097152 ipcDesc 0x716a5c0393d0
furious-puma-1:116996:117641 [0] NCCL INFO Channel 08/0 : 0[0] -> 1[1] via P2P/CUMEM
furious-puma-1:116998:117635 [2] NCCL INFO Allocated shareable buffer 0xa0f800000 size 2097152 ipcDesc 0x775d94031f40
furious-puma-1:116998:117639 [2] NCCL INFO Channel 03/0 : 2[2] -> 3[3] via P2P/CUMEM
furious-puma-1:117001:117631 [5] NCCL INFO Allocated shareable buffer 0xa0e000000 size 10485760 ipcDesc 0x7192f402bb40
furious-puma-1:117003:117633 [7] NCCL INFO Allocated shareable buffer 0xa0f800000 size 2097152 ipcDesc 0x7cd2a4031f90
furious-puma-1:117003:117642 [7] NCCL INFO Channel 03/0 : 7[7] -> 0[0] via P2P/CUMEM
furious-puma-1:116999:117629 [3] NCCL INFO Allocated shareable buffer 0xa0be00000 size 2097152 ipcDesc 0x7b21dc039380
furious-puma-1:116999:117643 [3] NCCL INFO Channel 08/0 : 3[3] -> 4[4] via P2P/CUMEM
furious-puma-1:117003:117633 [7] NCCL INFO Allocated shareable buffer 0xa0fa00000 size 2097152 ipcDesc 0x7cd2a4033790
furious-puma-1:117003:117642 [7] NCCL INFO Channel 04/0 : 7[7] -> 0[0] via P2P/CUMEM
furious-puma-1:117002:117621 [6] NCCL INFO Allocated shareable buffer 0xa07e00000 size 2097152 ipcDesc 0x74986c03bd40
furious-puma-1:117002:117640 [6] NCCL INFO Channel 10/0 : 6[6] -> 7[7] via P2P/CUMEM
furious-puma-1:117001:117631 [5] NCCL INFO Allocated shareable buffer 0xa0ea00000 size 10485760 ipcDesc 0x7192f402d790
furious-puma-1:117001:117646 [5] NCCL INFO Channel 00/0 : 5[5] -> 6[6] via P2P/CUMEM
furious-puma-1:116996:117627 [0] NCCL INFO Allocated shareable buffer 0xa09e00000 size 2097152 ipcDesc 0x716a5c03a8b0
furious-puma-1:116996:117641 [0] NCCL INFO Channel 09/0 : 0[0] -> 1[1] via P2P/CUMEM
furious-puma-1:116997:117623 [1] NCCL INFO Allocated shareable buffer 0xa0fa00000 size 2097152 ipcDesc 0x7beb74033790
furious-puma-1:116997:117645 [1] NCCL INFO Channel 04/0 : 1[1] -> 2[2] via P2P/CUMEM
furious-puma-1:116999:117629 [3] NCCL INFO Allocated shareable buffer 0xa09e00000 size 2097152 ipcDesc 0x7b21dc03a860
furious-puma-1:116999:117643 [3] NCCL INFO Channel 09/0 : 3[3] -> 4[4] via P2P/CUMEM
furious-puma-1:117000:117625 [4] NCCL INFO Allocated shareable buffer 0xa0fe00000 size 2097152 ipcDesc 0x7153c4036790
furious-puma-1:117000:117644 [4] NCCL INFO Channel 06/0 : 4[4] -> 5[5] via P2P/CUMEM
furious-puma-1:116996:117627 [0] NCCL INFO Allocated shareable buffer 0xa07e00000 size 2097152 ipcDesc 0x716a5c03bd90
furious-puma-1:116996:117641 [0] NCCL INFO Channel 10/0 : 0[0] -> 1[1] via P2P/CUMEM
furious-puma-1:116998:117635 [2] NCCL INFO Allocated shareable buffer 0xa0fa00000 size 2097152 ipcDesc 0x775d94033740
furious-puma-1:116998:117639 [2] NCCL INFO Channel 04/0 : 2[2] -> 3[3] via P2P/CUMEM
furious-puma-1:117003:117633 [7] NCCL INFO Allocated shareable buffer 0xa0fc00000 size 2097152 ipcDesc 0x7cd2a4034f90
furious-puma-1:117002:117621 [6] NCCL INFO Allocated shareable buffer 0xa05e00000 size 2097152 ipcDesc 0x74986c03d220
furious-puma-1:117003:117642 [7] NCCL INFO Channel 05/0 : 7[7] -> 0[0] via P2P/CUMEM
furious-puma-1:117002:117640 [6] NCCL INFO Channel 11/0 : 6[6] -> 7[7] via P2P/CUMEM
furious-puma-1:117003:117633 [7] NCCL INFO Allocated shareable buffer 0xa0fe00000 size 2097152 ipcDesc 0x7cd2a4036790
furious-puma-1:117003:117642 [7] NCCL INFO Channel 06/0 : 7[7] -> 0[0] via P2P/CUMEM
furious-puma-1:116998:117635 [2] NCCL INFO Allocated shareable buffer 0xa0fc00000 size 2097152 ipcDesc 0x775d94034f40
furious-puma-1:116998:117639 [2] NCCL INFO Channel 05/0 : 2[2] -> 3[3] via P2P/CUMEM
furious-puma-1:117002:117621 [6] NCCL INFO Allocated shareable buffer 0xa03e00000 size 2097152 ipcDesc 0x74986c03e700
furious-puma-1:117002:117640 [6] NCCL INFO Channel 12/0 : 6[6] -> 7[7] via P2P/CUMEM
furious-puma-1:116996:117627 [0] NCCL INFO Allocated shareable buffer 0xa05e00000 size 2097152 ipcDesc 0x716a5c03d270
furious-puma-1:116996:117641 [0] NCCL INFO Channel 11/0 : 0[0] -> 1[1] via P2P/CUMEM
furious-puma-1:116997:117623 [1] NCCL INFO Allocated shareable buffer 0xa0fc00000 size 2097152 ipcDesc 0x7beb74034f90
furious-puma-1:116997:117645 [1] NCCL INFO Channel 05/0 : 1[1] -> 2[2] via P2P/CUMEM
furious-puma-1:116999:117629 [3] NCCL INFO Allocated shareable buffer 0xa07e00000 size 2097152 ipcDesc 0x7b21dc03bd40
furious-puma-1:116999:117643 [3] NCCL INFO Channel 10/0 : 3[3] -> 4[4] via P2P/CUMEM
furious-puma-1:116996:117627 [0] NCCL INFO Allocated shareable buffer 0xa03e00000 size 2097152 ipcDesc 0x716a5c03e750
furious-puma-1:116996:117641 [0] NCCL INFO Channel 12/0 : 0[0] -> 1[1] via P2P/CUMEM
furious-puma-1:116998:117635 [2] NCCL INFO Allocated shareable buffer 0xa0fe00000 size 2097152 ipcDesc 0x775d94036740
furious-puma-1:116998:117639 [2] NCCL INFO Channel 06/0 : 2[2] -> 3[3] via P2P/CUMEM
furious-puma-1:117001:117631 [5] NCCL INFO Allocated shareable buffer 0xa0f400000 size 2097152 ipcDesc 0x7192f402ef90
furious-puma-1:117001:117646 [5] NCCL INFO Channel 01/0 : 5[5] -> 6[6] via P2P/CUMEM
furious-puma-1:116996:117627 [0] NCCL INFO Allocated shareable buffer 0x716cabe00000 size 2097152 ipcDesc 0x716a5c03fc30
furious-puma-1:116996:117641 [0] NCCL INFO Channel 13/0 : 0[0] -> 1[1] via P2P/CUMEM
furious-puma-1:117003:117633 [7] NCCL INFO Allocated shareable buffer 0xa0de00000 size 2097152 ipcDesc 0x7cd2a4037ef0
furious-puma-1:117003:117642 [7] NCCL INFO Channel 07/0 : 7[7] -> 0[0] via P2P/CUMEM
furious-puma-1:117000:117625 [4] NCCL INFO Allocated shareable buffer 0xa0de00000 size 2097152 ipcDesc 0x7153c4037ef0
furious-puma-1:117000:117644 [4] NCCL INFO Channel 07/0 : 4[4] -> 5[5] via P2P/CUMEM
furious-puma-1:117000:117625 [4] NCCL INFO Allocated shareable buffer 0xa0be00000 size 2097152 ipcDesc 0x7153c40393d0
furious-puma-1:117000:117644 [4] NCCL INFO Channel 08/0 : 4[4] -> 5[5] via P2P/CUMEM
furious-puma-1:117002:117621 [6] NCCL INFO Allocated shareable buffer 0x749bafe00000 size 2097152 ipcDesc 0x74986c03fbe0
furious-puma-1:117002:117640 [6] NCCL INFO Channel 13/0 : 6[6] -> 7[7] via P2P/CUMEM
furious-puma-1:116997:117623 [1] NCCL INFO Allocated shareable buffer 0xa0fe00000 size 2097152 ipcDesc 0x7beb74036790
furious-puma-1:116997:117645 [1] NCCL INFO Channel 06/0 : 1[1] -> 2[2] via P2P/CUMEM
furious-puma-1:117001:117631 [5] NCCL INFO Allocated shareable buffer 0xa0f600000 size 2097152 ipcDesc 0x7192f4030790
furious-puma-1:117001:117646 [5] NCCL INFO Channel 02/0 : 5[5] -> 6[6] via P2P/CUMEM
furious-puma-1:116996:117627 [0] NCCL INFO Allocated shareable buffer 0x716cada00000 size 2097152 ipcDesc 0x716a5c0412f0
furious-puma-1:116996:117641 [0] NCCL INFO Channel 14/0 : 0[0] -> 1[1] via P2P/CUMEM
furious-puma-1:116999:117629 [3] NCCL INFO Allocated shareable buffer 0xa05e00000 size 2097152 ipcDesc 0x7b21dc03d220
furious-puma-1:116999:117643 [3] NCCL INFO Channel 11/0 : 3[3] -> 4[4] via P2P/CUMEM
furious-puma-1:117003:117633 [7] NCCL INFO Allocated shareable buffer 0xa0be00000 size 2097152 ipcDesc 0x7cd2a40393d0
furious-puma-1:117003:117642 [7] NCCL INFO Channel 08/0 : 7[7] -> 0[0] via P2P/CUMEM
furious-puma-1:117003:117633 [7] NCCL INFO Allocated shareable buffer 0xa09e00000 size 2097152 ipcDesc 0x7cd2a403a8b0
furious-puma-1:117003:117642 [7] NCCL INFO Channel 09/0 : 7[7] -> 0[0] via P2P/CUMEM
furious-puma-1:117002:117621 [6] NCCL INFO Allocated shareable buffer 0x749bb1a00000 size 2097152 ipcDesc 0x74986c0412a0
furious-puma-1:117002:117640 [6] NCCL INFO Channel 14/0 : 6[6] -> 7[7] via P2P/CUMEM
furious-puma-1:116996:117627 [0] NCCL INFO Allocated shareable buffer 0x716cadc00000 size 2097152 ipcDesc 0x716a5c042af0
furious-puma-1:116996:117641 [0] NCCL INFO Channel 15/0 : 0[0] -> 1[1] via P2P/CUMEM
furious-puma-1:116998:117635 [2] NCCL INFO Allocated shareable buffer 0xa0de00000 size 2097152 ipcDesc 0x775d94037ea0
furious-puma-1:116998:117639 [2] NCCL INFO Channel 07/0 : 2[2] -> 3[3] via P2P/CUMEM
furious-puma-1:116999:117629 [3] NCCL INFO Allocated shareable buffer 0xa03e00000 size 2097152 ipcDesc 0x7b21dc03e700
furious-puma-1:116999:117643 [3] NCCL INFO Channel 12/0 : 3[3] -> 4[4] via P2P/CUMEM
furious-puma-1:117000:117625 [4] NCCL INFO Allocated shareable buffer 0xa09e00000 size 2097152 ipcDesc 0x7153c403a8b0
furious-puma-1:117000:117644 [4] NCCL INFO Channel 09/0 : 4[4] -> 5[5] via P2P/CUMEM
furious-puma-1:117000:117625 [4] NCCL INFO Allocated shareable buffer 0xa07e00000 size 2097152 ipcDesc 0x7153c403bd90
furious-puma-1:117000:117644 [4] NCCL INFO Channel 10/0 : 4[4] -> 5[5] via P2P/CUMEM
furious-puma-1:116997:117623 [1] NCCL INFO Allocated shareable buffer 0xa0de00000 size 2097152 ipcDesc 0x7beb74037ef0
furious-puma-1:116997:117645 [1] NCCL INFO Channel 07/0 : 1[1] -> 2[2] via P2P/CUMEM
furious-puma-1:116997:117623 [1] NCCL INFO Allocated shareable buffer 0xa0be00000 size 2097152 ipcDesc 0x7beb740393d0
furious-puma-1:116997:117645 [1] NCCL INFO Channel 08/0 : 1[1] -> 2[2] via P2P/CUMEM
furious-puma-1:116998:117635 [2] NCCL INFO Allocated shareable buffer 0xa0be00000 size 2097152 ipcDesc 0x775d94039380
furious-puma-1:116998:117639 [2] NCCL INFO Channel 08/0 : 2[2] -> 3[3] via P2P/CUMEM
furious-puma-1:117001:117631 [5] NCCL INFO Allocated shareable buffer 0xa0f800000 size 2097152 ipcDesc 0x7192f4031f90
furious-puma-1:117001:117646 [5] NCCL INFO Channel 03/0 : 5[5] -> 6[6] via P2P/CUMEM
furious-puma-1:117003:117633 [7] NCCL INFO Allocated shareable buffer 0xa07e00000 size 2097152 ipcDesc 0x7cd2a403bd90
furious-puma-1:117003:117642 [7] NCCL INFO Channel 10/0 : 7[7] -> 0[0] via P2P/CUMEM
furious-puma-1:116996:117627 [0] NCCL INFO Allocated shareable buffer 0x716cade00000 size 2097152 ipcDesc 0x716a5c0442f0
furious-puma-1:116996:117641 [0] NCCL INFO Channel 16/0 : 0[0] -> 1[1] via P2P/CUMEM
furious-puma-1:116999:117629 [3] NCCL INFO Allocated shareable buffer 0x7b252fe00000 size 2097152 ipcDesc 0x7b21dc03fbe0
furious-puma-1:116999:117643 [3] NCCL INFO Channel 13/0 : 3[3] -> 4[4] via P2P/CUMEM
furious-puma-1:117000:117625 [4] NCCL INFO Allocated shareable buffer 0xa05e00000 size 2097152 ipcDesc 0x7153c403d270
furious-puma-1:117000:117644 [4] NCCL INFO Channel 11/0 : 4[4] -> 5[5] via P2P/CUMEM
furious-puma-1:116999:117629 [3] NCCL INFO Allocated shareable buffer 0x7b2531a00000 size 2097152 ipcDesc 0x7b21dc0412a0
furious-puma-1:116999:117643 [3] NCCL INFO Channel 14/0 : 3[3] -> 4[4] via P2P/CUMEM
furious-puma-1:116998:117635 [2] NCCL INFO Allocated shareable buffer 0xa09e00000 size 2097152 ipcDesc 0x775d9403a860
furious-puma-1:116998:117639 [2] NCCL INFO Channel 09/0 : 2[2] -> 3[3] via P2P/CUMEM
furious-puma-1:117002:117621 [6] NCCL INFO Allocated shareable buffer 0x749bb1c00000 size 2097152 ipcDesc 0x74986c042aa0
furious-puma-1:117002:117640 [6] NCCL INFO Channel 15/0 : 6[6] -> 7[7] via P2P/CUMEM
furious-puma-1:116999:117629 [3] NCCL INFO Allocated shareable buffer 0x7b2531c00000 size 2097152 ipcDesc 0x7b21dc042aa0
furious-puma-1:116999:117643 [3] NCCL INFO Channel 15/0 : 3[3] -> 4[4] via P2P/CUMEM
furious-puma-1:116996:117627 [0] NCCL INFO Allocated shareable buffer 0x716cafe00000 size 2097152 ipcDesc 0x716a5c0459b0
furious-puma-1:116996:117641 [0] NCCL INFO Channel 17/0 : 0[0] -> 1[1] via P2P/CUMEM
furious-puma-1:117003:117633 [7] NCCL INFO Allocated shareable buffer 0xa05e00000 size 2097152 ipcDesc 0x7cd2a403d270
furious-puma-1:117003:117642 [7] NCCL INFO Channel 11/0 : 7[7] -> 0[0] via P2P/CUMEM
furious-puma-1:116997:117623 [1] NCCL INFO Allocated shareable buffer 0xa09e00000 size 2097152 ipcDesc 0x7beb7403a8b0
furious-puma-1:116997:117645 [1] NCCL INFO Channel 09/0 : 1[1] -> 2[2] via P2P/CUMEM
furious-puma-1:117000:117625 [4] NCCL INFO Allocated shareable buffer 0xa03e00000 size 2097152 ipcDesc 0x7153c403e750
furious-puma-1:117000:117644 [4] NCCL INFO Channel 12/0 : 4[4] -> 5[5] via P2P/CUMEM
furious-puma-1:117000:117625 [4] NCCL INFO Allocated shareable buffer 0x71570be00000 size 2097152 ipcDesc 0x7153c403fc30
furious-puma-1:117000:117644 [4] NCCL INFO Channel 13/0 : 4[4] -> 5[5] via P2P/CUMEM
furious-puma-1:117002:117621 [6] NCCL INFO Allocated shareable buffer 0x749bb1e00000 size 2097152 ipcDesc 0x74986c0442a0
furious-puma-1:117002:117640 [6] NCCL INFO Channel 16/0 : 6[6] -> 7[7] via P2P/CUMEM
furious-puma-1:116999:117629 [3] NCCL INFO Allocated shareable buffer 0x7b2531e00000 size 2097152 ipcDesc 0x7b21dc0442a0
furious-puma-1:116999:117643 [3] NCCL INFO Channel 16/0 : 3[3] -> 4[4] via P2P/CUMEM
furious-puma-1:117001:117631 [5] NCCL INFO Allocated shareable buffer 0xa0fa00000 size 2097152 ipcDesc 0x7192f4033790
furious-puma-1:117001:117646 [5] NCCL INFO Channel 04/0 : 5[5] -> 6[6] via P2P/CUMEM
furious-puma-1:116997:117623 [1] NCCL INFO Allocated shareable buffer 0xa07e00000 size 2097152 ipcDesc 0x7beb7403bd90
furious-puma-1:116997:117645 [1] NCCL INFO Channel 10/0 : 1[1] -> 2[2] via P2P/CUMEM
furious-puma-1:117003:117633 [7] NCCL INFO Allocated shareable buffer 0xa03e00000 size 2097152 ipcDesc 0x7cd2a403e750
furious-puma-1:117003:117642 [7] NCCL INFO Channel 12/0 : 7[7] -> 0[0] via P2P/CUMEM
furious-puma-1:117003:117633 [7] NCCL INFO Allocated shareable buffer 0x7cd5f3e00000 size 2097152 ipcDesc 0x7cd2a403fc30
furious-puma-1:117003:117642 [7] NCCL INFO Channel 13/0 : 7[7] -> 0[0] via P2P/CUMEM
furious-puma-1:116996:117627 [0] NCCL INFO Allocated shareable buffer 0xa10000000 size 2097152 ipcDesc 0x716a5c0472f0
furious-puma-1:116996:117641 [0] NCCL INFO Channel 18/0 : 0[0] -> 1[1] via P2P/CUMEM
furious-puma-1:116998:117635 [2] NCCL INFO Allocated shareable buffer 0xa07e00000 size 2097152 ipcDesc 0x775d9403bd40
furious-puma-1:116998:117639 [2] NCCL INFO Channel 10/0 : 2[2] -> 3[3] via P2P/CUMEM
furious-puma-1:117002:117621 [6] NCCL INFO Allocated shareable buffer 0x749bb3e00000 size 2097152 ipcDesc 0x74986c045960
furious-puma-1:117002:117640 [6] NCCL INFO Channel 17/0 : 6[6] -> 7[7] via P2P/CUMEM
furious-puma-1:117001:117631 [5] NCCL INFO Allocated shareable buffer 0xa0fc00000 size 2097152 ipcDesc 0x7192f4034f90
furious-puma-1:117001:117646 [5] NCCL INFO Channel 05/0 : 5[5] -> 6[6] via P2P/CUMEM
furious-puma-1:116997:117623 [1] NCCL INFO Allocated shareable buffer 0xa05e00000 size 2097152 ipcDesc 0x7beb7403d270
furious-puma-1:116997:117645 [1] NCCL INFO Channel 11/0 : 1[1] -> 2[2] via P2P/CUMEM
furious-puma-1:116997:117623 [1] NCCL INFO Allocated shareable buffer 0xa03e00000 size 2097152 ipcDesc 0x7beb7403e750
furious-puma-1:116997:117645 [1] NCCL INFO Channel 12/0 : 1[1] -> 2[2] via P2P/CUMEM
furious-puma-1:116997:117623 [1] NCCL INFO Allocated shareable buffer 0x7beebfe00000 size 2097152 ipcDesc 0x7beb7403fc30
furious-puma-1:116997:117645 [1] NCCL INFO Channel 13/0 : 1[1] -> 2[2] via P2P/CUMEM
furious-puma-1:116998:117635 [2] NCCL INFO Allocated shareable buffer 0xa05e00000 size 2097152 ipcDesc 0x775d9403d220
furious-puma-1:116998:117639 [2] NCCL INFO Channel 11/0 : 2[2] -> 3[3] via P2P/CUMEM
furious-puma-1:117002:117621 [6] NCCL INFO Allocated shareable buffer 0xa10000000 size 2097152 ipcDesc 0x74986c0472a0
furious-puma-1:117002:117640 [6] NCCL INFO Channel 18/0 : 6[6] -> 7[7] via P2P/CUMEM
furious-puma-1:117001:117631 [5] NCCL INFO Allocated shareable buffer 0xa0fe00000 size 2097152 ipcDesc 0x7192f4036790
furious-puma-1:117001:117646 [5] NCCL INFO Channel 06/0 : 5[5] -> 6[6] via P2P/CUMEM
furious-puma-1:116999:117629 [3] NCCL INFO Allocated shareable buffer 0x7b2533e00000 size 2097152 ipcDesc 0x7b21dc045960
furious-puma-1:116999:117643 [3] NCCL INFO Channel 17/0 : 3[3] -> 4[4] via P2P/CUMEM
furious-puma-1:117003:117633 [7] NCCL INFO Allocated shareable buffer 0x7cd5f5a00000 size 2097152 ipcDesc 0x7cd2a40412f0
furious-puma-1:117003:117642 [7] NCCL INFO Channel 14/0 : 7[7] -> 0[0] via P2P/CUMEM
furious-puma-1:117000:117625 [4] NCCL INFO Allocated shareable buffer 0x71570da00000 size 2097152 ipcDesc 0x7153c40412f0
furious-puma-1:117000:117644 [4] NCCL INFO Channel 14/0 : 4[4] -> 5[5] via P2P/CUMEM
furious-puma-1:116996:117627 [0] NCCL INFO Allocated shareable buffer 0xa10200000 size 2097152 ipcDesc 0x716a5c048cc0
furious-puma-1:116996:117641 [0] NCCL INFO Channel 19/0 : 0[0] -> 1[1] via P2P/CUMEM
furious-puma-1:117002:117621 [6] NCCL INFO Allocated shareable buffer 0xa10200000 size 2097152 ipcDesc 0x74986c048c70
furious-puma-1:117002:117640 [6] NCCL INFO Channel 19/0 : 6[6] -> 7[7] via P2P/CUMEM
furious-puma-1:116997:117623 [1] NCCL INFO Allocated shareable buffer 0x7beec1a00000 size 2097152 ipcDesc 0x7beb740412f0
furious-puma-1:116997:117645 [1] NCCL INFO Channel 14/0 : 1[1] -> 2[2] via P2P/CUMEM
furious-puma-1:116998:117635 [2] NCCL INFO Allocated shareable buffer 0xa03e00000 size 2097152 ipcDesc 0x775d9403e700
furious-puma-1:116998:117639 [2] NCCL INFO Channel 12/0 : 2[2] -> 3[3] via P2P/CUMEM
furious-puma-1:116999:117629 [3] NCCL INFO Allocated shareable buffer 0xa10000000 size 2097152 ipcDesc 0x7b21dc0472a0
furious-puma-1:116999:117643 [3] NCCL INFO Channel 18/0 : 3[3] -> 4[4] via P2P/CUMEM
furious-puma-1:117003:117633 [7] NCCL INFO Allocated shareable buffer 0x7cd5f5c00000 size 2097152 ipcDesc 0x7cd2a4042af0
furious-puma-1:117003:117642 [7] NCCL INFO Channel 15/0 : 7[7] -> 0[0] via P2P/CUMEM
furious-puma-1:117000:117625 [4] NCCL INFO Allocated shareable buffer 0x71570dc00000 size 2097152 ipcDesc 0x7153c4042af0
furious-puma-1:117000:117644 [4] NCCL INFO Channel 15/0 : 4[4] -> 5[5] via P2P/CUMEM
furious-puma-1:116999:117629 [3] NCCL INFO Allocated shareable buffer 0xa10200000 size 2097152 ipcDesc 0x7b21dc048c70
furious-puma-1:116999:117643 [3] NCCL INFO Channel 19/0 : 3[3] -> 4[4] via P2P/CUMEM
furious-puma-1:117002:117621 [6] NCCL INFO Allocated shareable buffer 0xa10400000 size 2097152 ipcDesc 0x74986c04a470
furious-puma-1:117002:117640 [6] NCCL INFO Channel 20/0 : 6[6] -> 7[7] via P2P/CUMEM
furious-puma-1:117001:117631 [5] NCCL INFO Allocated shareable buffer 0xa0de00000 size 2097152 ipcDesc 0x7192f4037ef0
furious-puma-1:117001:117646 [5] NCCL INFO Channel 07/0 : 5[5] -> 6[6] via P2P/CUMEM
furious-puma-1:117001:117631 [5] NCCL INFO Allocated shareable buffer 0xa0be00000 size 2097152 ipcDesc 0x7192f40393d0
furious-puma-1:117001:117646 [5] NCCL INFO Channel 08/0 : 5[5] -> 6[6] via P2P/CUMEM
furious-puma-1:117002:117621 [6] NCCL INFO Allocated shareable buffer 0xa10600000 size 2097152 ipcDesc 0x74986c04bc70
furious-puma-1:117002:117640 [6] NCCL INFO Channel 21/0 : 6[6] -> 7[7] via P2P/CUMEM
furious-puma-1:116996:117627 [0] NCCL INFO Allocated shareable buffer 0xa10400000 size 2097152 ipcDesc 0x716a5c04a4c0
furious-puma-1:116996:117641 [0] NCCL INFO Channel 20/0 : 0[0] -> 1[1] via P2P/CUMEM
furious-puma-1:116997:117623 [1] NCCL INFO Allocated shareable buffer 0x7beec1c00000 size 2097152 ipcDesc 0x7beb74042af0
furious-puma-1:116997:117645 [1] NCCL INFO Channel 15/0 : 1[1] -> 2[2] via P2P/CUMEM
furious-puma-1:117000:117625 [4] NCCL INFO Allocated shareable buffer 0x71570de00000 size 2097152 ipcDesc 0x7153c40442f0
furious-puma-1:117000:117644 [4] NCCL INFO Channel 16/0 : 4[4] -> 5[5] via P2P/CUMEM
furious-puma-1:116996:117627 [0] NCCL INFO Allocated shareable buffer 0xa10600000 size 2097152 ipcDesc 0x716a5c04bcc0
furious-puma-1:116996:117641 [0] NCCL INFO Channel 21/0 : 0[0] -> 1[1] via P2P/CUMEM
furious-puma-1:116999:117629 [3] NCCL INFO Allocated shareable buffer 0xa10400000 size 2097152 ipcDesc 0x7b21dc04a470
furious-puma-1:116999:117643 [3] NCCL INFO Channel 20/0 : 3[3] -> 4[4] via P2P/CUMEM
furious-puma-1:117003:117633 [7] NCCL INFO Allocated shareable buffer 0x7cd5f5e00000 size 2097152 ipcDesc 0x7cd2a40442f0
furious-puma-1:117003:117642 [7] NCCL INFO Channel 16/0 : 7[7] -> 0[0] via P2P/CUMEM
furious-puma-1:116998:117635 [2] NCCL INFO Allocated shareable buffer 0x7760dbe00000 size 2097152 ipcDesc 0x775d9403fbe0
furious-puma-1:116998:117639 [2] NCCL INFO Channel 13/0 : 2[2] -> 3[3] via P2P/CUMEM
furious-puma-1:116997:117623 [1] NCCL INFO Allocated shareable buffer 0x7beec1e00000 size 2097152 ipcDesc 0x7beb740442f0
furious-puma-1:116997:117645 [1] NCCL INFO Channel 16/0 : 1[1] -> 2[2] via P2P/CUMEM
furious-puma-1:116999:117629 [3] NCCL INFO Allocated shareable buffer 0xa10600000 size 2097152 ipcDesc 0x7b21dc04bc70
furious-puma-1:116999:117643 [3] NCCL INFO Channel 21/0 : 3[3] -> 4[4] via P2P/CUMEM
furious-puma-1:117002:117621 [6] NCCL INFO Allocated shareable buffer 0xa10800000 size 2097152 ipcDesc 0x74986c04d470
furious-puma-1:117002:117640 [6] NCCL INFO Channel 22/0 : 6[6] -> 7[7] via P2P/CUMEM
furious-puma-1:116996:117627 [0] NCCL INFO Allocated shareable buffer 0xa10800000 size 2097152 ipcDesc 0x716a5c04d4c0
furious-puma-1:116996:117641 [0] NCCL INFO Channel 22/0 : 0[0] -> 1[1] via P2P/CUMEM
furious-puma-1:117001:117631 [5] NCCL INFO Allocated shareable buffer 0xa09e00000 size 2097152 ipcDesc 0x7192f403a8b0
furious-puma-1:117001:117646 [5] NCCL INFO Channel 09/0 : 5[5] -> 6[6] via P2P/CUMEM
furious-puma-1:116997:117623 [1] NCCL INFO Allocated shareable buffer 0x7beec3e00000 size 2097152 ipcDesc 0x7beb740459b0
furious-puma-1:116997:117645 [1] NCCL INFO Channel 17/0 : 1[1] -> 2[2] via P2P/CUMEM
furious-puma-1:117003:117633 [7] NCCL INFO Allocated shareable buffer 0x7cd5f7e00000 size 2097152 ipcDesc 0x7cd2a40459b0
furious-puma-1:117003:117642 [7] NCCL INFO Channel 17/0 : 7[7] -> 0[0] via P2P/CUMEM
furious-puma-1:116998:117635 [2] NCCL INFO Allocated shareable buffer 0x7760dda00000 size 2097152 ipcDesc 0x775d940412a0
furious-puma-1:116998:117639 [2] NCCL INFO Channel 14/0 : 2[2] -> 3[3] via P2P/CUMEM
furious-puma-1:117001:117631 [5] NCCL INFO Allocated shareable buffer 0xa07e00000 size 2097152 ipcDesc 0x7192f403bd90
furious-puma-1:117001:117646 [5] NCCL INFO Channel 10/0 : 5[5] -> 6[6] via P2P/CUMEM
furious-puma-1:117002:117621 [6] NCCL INFO Allocated shareable buffer 0xa10a00000 size 2097152 ipcDesc 0x74986c04ec70
furious-puma-1:117002:117640 [6] NCCL INFO Channel 23/0 : 6[6] -> 7[7] via P2P/CUMEM
furious-puma-1:116997:117623 [1] NCCL INFO Allocated shareable buffer 0xa10000000 size 2097152 ipcDesc 0x7beb740472f0
furious-puma-1:116997:117645 [1] NCCL INFO Channel 18/0 : 1[1] -> 2[2] via P2P/CUMEM
furious-puma-1:117000:117625 [4] NCCL INFO Allocated shareable buffer 0x71570fe00000 size 2097152 ipcDesc 0x7153c40459b0
furious-puma-1:117000:117644 [4] NCCL INFO Channel 17/0 : 4[4] -> 5[5] via P2P/CUMEM
furious-puma-1:116999:117629 [3] NCCL INFO Allocated shareable buffer 0xa10800000 size 2097152 ipcDesc 0x7b21dc04d470
furious-puma-1:116999:117643 [3] NCCL INFO Channel 22/0 : 3[3] -> 4[4] via P2P/CUMEM
furious-puma-1:116998:117635 [2] NCCL INFO Allocated shareable buffer 0x7760ddc00000 size 2097152 ipcDesc 0x775d94042aa0
furious-puma-1:116998:117639 [2] NCCL INFO Channel 15/0 : 2[2] -> 3[3] via P2P/CUMEM
furious-puma-1:116996:117627 [0] NCCL INFO Allocated shareable buffer 0xa10a00000 size 2097152 ipcDesc 0x716a5c04ecc0
furious-puma-1:116996:117641 [0] NCCL INFO Channel 23/0 : 0[0] -> 1[1] via P2P/CUMEM
furious-puma-1:116996:117627 [0] NCCL INFO Allocated shareable buffer 0xa10c00000 size 2097152 ipcDesc 0x716a5c0504c0
furious-puma-1:116998:117635 [2] NCCL INFO Allocated shareable buffer 0x7760dde00000 size 2097152 ipcDesc 0x775d940442a0
furious-puma-1:116998:117639 [2] NCCL INFO Channel 16/0 : 2[2] -> 3[3] via P2P/CUMEM
furious-puma-1:117001:117631 [5] NCCL INFO Allocated shareable buffer 0xa05e00000 size 2097152 ipcDesc 0x7192f403d270
furious-puma-1:117001:117646 [5] NCCL INFO Channel 11/0 : 5[5] -> 6[6] via P2P/CUMEM
furious-puma-1:117002:117621 [6] NCCL INFO Allocated shareable buffer 0xa10c00000 size 2097152 ipcDesc 0x74986c050470
furious-puma-1:116999:117629 [3] NCCL INFO Allocated shareable buffer 0xa10a00000 size 2097152 ipcDesc 0x7b21dc04ec70
furious-puma-1:116999:117643 [3] NCCL INFO Channel 23/0 : 3[3] -> 4[4] via P2P/CUMEM
furious-puma-1:117000:117625 [4] NCCL INFO Allocated shareable buffer 0xa10000000 size 2097152 ipcDesc 0x7153c40472f0
furious-puma-1:117000:117644 [4] NCCL INFO Channel 18/0 : 4[4] -> 5[5] via P2P/CUMEM
furious-puma-1:117003:117633 [7] NCCL INFO Allocated shareable buffer 0xa10000000 size 2097152 ipcDesc 0x7cd2a40472f0
furious-puma-1:117003:117642 [7] NCCL INFO Channel 18/0 : 7[7] -> 0[0] via P2P/CUMEM
furious-puma-1:116997:117623 [1] NCCL INFO Allocated shareable buffer 0xa10200000 size 2097152 ipcDesc 0x7beb74048cc0
furious-puma-1:116997:117645 [1] NCCL INFO Channel 19/0 : 1[1] -> 2[2] via P2P/CUMEM
furious-puma-1:117000:117625 [4] NCCL INFO Allocated shareable buffer 0xa10200000 size 2097152 ipcDesc 0x7153c4048cc0
furious-puma-1:116998:117635 [2] NCCL INFO Allocated shareable buffer 0x7760dfe00000 size 2097152 ipcDesc 0x775d94045960
furious-puma-1:117000:117644 [4] NCCL INFO Channel 19/0 : 4[4] -> 5[5] via P2P/CUMEM
furious-puma-1:116998:117639 [2] NCCL INFO Channel 17/0 : 2[2] -> 3[3] via P2P/CUMEM
furious-puma-1:116997:117623 [1] NCCL INFO Allocated shareable buffer 0xa10400000 size 2097152 ipcDesc 0x7beb7404a4c0
furious-puma-1:116997:117645 [1] NCCL INFO Channel 20/0 : 1[1] -> 2[2] via P2P/CUMEM
furious-puma-1:116999:117629 [3] NCCL INFO Allocated shareable buffer 0xa10c00000 size 2097152 ipcDesc 0x7b21dc050470
furious-puma-1:117003:117633 [7] NCCL INFO Allocated shareable buffer 0xa10200000 size 2097152 ipcDesc 0x7cd2a4048cc0
furious-puma-1:117003:117642 [7] NCCL INFO Channel 19/0 : 7[7] -> 0[0] via P2P/CUMEM
furious-puma-1:117003:117633 [7] NCCL INFO Allocated shareable buffer 0xa10400000 size 2097152 ipcDesc 0x7cd2a404a4c0
furious-puma-1:117001:117631 [5] NCCL INFO Allocated shareable buffer 0xa03e00000 size 2097152 ipcDesc 0x7192f403e750
furious-puma-1:117003:117642 [7] NCCL INFO Channel 20/0 : 7[7] -> 0[0] via P2P/CUMEM
furious-puma-1:117001:117646 [5] NCCL INFO Channel 12/0 : 5[5] -> 6[6] via P2P/CUMEM
furious-puma-1:116997:117623 [1] NCCL INFO Allocated shareable buffer 0xa10600000 size 2097152 ipcDesc 0x7beb7404bcc0
furious-puma-1:116997:117645 [1] NCCL INFO Channel 21/0 : 1[1] -> 2[2] via P2P/CUMEM
furious-puma-1:117000:117625 [4] NCCL INFO Allocated shareable buffer 0xa10400000 size 2097152 ipcDesc 0x7153c404a4c0
furious-puma-1:117000:117644 [4] NCCL INFO Channel 20/0 : 4[4] -> 5[5] via P2P/CUMEM
furious-puma-1:116998:117635 [2] NCCL INFO Allocated shareable buffer 0xa10000000 size 2097152 ipcDesc 0x775d940472a0
furious-puma-1:116998:117639 [2] NCCL INFO Channel 18/0 : 2[2] -> 3[3] via P2P/CUMEM
furious-puma-1:116998:117635 [2] NCCL INFO Allocated shareable buffer 0xa10200000 size 2097152 ipcDesc 0x775d94048c70
furious-puma-1:116998:117639 [2] NCCL INFO Channel 19/0 : 2[2] -> 3[3] via P2P/CUMEM
furious-puma-1:116997:117623 [1] NCCL INFO Allocated shareable buffer 0xa10800000 size 2097152 ipcDesc 0x7beb7404d4c0
furious-puma-1:116997:117645 [1] NCCL INFO Channel 22/0 : 1[1] -> 2[2] via P2P/CUMEM
furious-puma-1:117000:117625 [4] NCCL INFO Allocated shareable buffer 0xa10600000 size 2097152 ipcDesc 0x7153c404bcc0
furious-puma-1:117000:117644 [4] NCCL INFO Channel 21/0 : 4[4] -> 5[5] via P2P/CUMEM
furious-puma-1:117001:117631 [5] NCCL INFO Allocated shareable buffer 0x71963fe00000 size 2097152 ipcDesc 0x7192f403fc30
furious-puma-1:117001:117646 [5] NCCL INFO Channel 13/0 : 5[5] -> 6[6] via P2P/CUMEM
furious-puma-1:116998:117635 [2] NCCL INFO Allocated shareable buffer 0xa10400000 size 2097152 ipcDesc 0x775d9404a470
furious-puma-1:116998:117639 [2] NCCL INFO Channel 20/0 : 2[2] -> 3[3] via P2P/CUMEM
furious-puma-1:116997:117623 [1] NCCL INFO Allocated shareable buffer 0xa10a00000 size 2097152 ipcDesc 0x7beb7404ecc0
furious-puma-1:116997:117645 [1] NCCL INFO Channel 23/0 : 1[1] -> 2[2] via P2P/CUMEM
furious-puma-1:117003:117633 [7] NCCL INFO Allocated shareable buffer 0xa10600000 size 2097152 ipcDesc 0x7cd2a404bcc0
furious-puma-1:117003:117642 [7] NCCL INFO Channel 21/0 : 7[7] -> 0[0] via P2P/CUMEM
furious-puma-1:116997:117623 [1] NCCL INFO Allocated shareable buffer 0xa10c00000 size 2097152 ipcDesc 0x7beb740504c0
furious-puma-1:117003:117633 [7] NCCL INFO Allocated shareable buffer 0xa10800000 size 2097152 ipcDesc 0x7cd2a404d4c0
furious-puma-1:117003:117642 [7] NCCL INFO Channel 22/0 : 7[7] -> 0[0] via P2P/CUMEM
furious-puma-1:117001:117631 [5] NCCL INFO Allocated shareable buffer 0x719641a00000 size 2097152 ipcDesc 0x7192f40412f0
furious-puma-1:117001:117646 [5] NCCL INFO Channel 14/0 : 5[5] -> 6[6] via P2P/CUMEM
furious-puma-1:117000:117625 [4] NCCL INFO Allocated shareable buffer 0xa10800000 size 2097152 ipcDesc 0x7153c404d4c0
furious-puma-1:117000:117644 [4] NCCL INFO Channel 22/0 : 4[4] -> 5[5] via P2P/CUMEM
furious-puma-1:116998:117635 [2] NCCL INFO Allocated shareable buffer 0xa10600000 size 2097152 ipcDesc 0x775d9404bc70
furious-puma-1:116998:117639 [2] NCCL INFO Channel 21/0 : 2[2] -> 3[3] via P2P/CUMEM
furious-puma-1:117003:117633 [7] NCCL INFO Allocated shareable buffer 0xa10a00000 size 2097152 ipcDesc 0x7cd2a404ecc0
furious-puma-1:117003:117642 [7] NCCL INFO Channel 23/0 : 7[7] -> 0[0] via P2P/CUMEM
furious-puma-1:117001:117631 [5] NCCL INFO Allocated shareable buffer 0x719641c00000 size 2097152 ipcDesc 0x7192f4042af0
furious-puma-1:117001:117646 [5] NCCL INFO Channel 15/0 : 5[5] -> 6[6] via P2P/CUMEM
furious-puma-1:117000:117625 [4] NCCL INFO Allocated shareable buffer 0xa10a00000 size 2097152 ipcDesc 0x7153c404ecc0
furious-puma-1:117000:117644 [4] NCCL INFO Channel 23/0 : 4[4] -> 5[5] via P2P/CUMEM
furious-puma-1:117003:117633 [7] NCCL INFO Allocated shareable buffer 0xa10c00000 size 2097152 ipcDesc 0x7cd2a40504c0
furious-puma-1:116998:117635 [2] NCCL INFO Allocated shareable buffer 0xa10800000 size 2097152 ipcDesc 0x775d9404d470
furious-puma-1:116998:117639 [2] NCCL INFO Channel 22/0 : 2[2] -> 3[3] via P2P/CUMEM
furious-puma-1:117001:117631 [5] NCCL INFO Allocated shareable buffer 0x719641e00000 size 2097152 ipcDesc 0x7192f40442f0
furious-puma-1:117001:117646 [5] NCCL INFO Channel 16/0 : 5[5] -> 6[6] via P2P/CUMEM
furious-puma-1:116998:117635 [2] NCCL INFO Allocated shareable buffer 0xa10a00000 size 2097152 ipcDesc 0x775d9404ec70
furious-puma-1:116998:117639 [2] NCCL INFO Channel 23/0 : 2[2] -> 3[3] via P2P/CUMEM
furious-puma-1:117000:117625 [4] NCCL INFO Allocated shareable buffer 0xa10c00000 size 2097152 ipcDesc 0x7153c40504c0
furious-puma-1:117001:117631 [5] NCCL INFO Allocated shareable buffer 0x719643e00000 size 2097152 ipcDesc 0x7192f40459b0
furious-puma-1:117001:117646 [5] NCCL INFO Channel 17/0 : 5[5] -> 6[6] via P2P/CUMEM
furious-puma-1:116998:117635 [2] NCCL INFO Allocated shareable buffer 0xa10c00000 size 2097152 ipcDesc 0x775d94050470
furious-puma-1:117001:117631 [5] NCCL INFO Allocated shareable buffer 0xa10000000 size 2097152 ipcDesc 0x7192f40472f0
furious-puma-1:117001:117646 [5] NCCL INFO Channel 18/0 : 5[5] -> 6[6] via P2P/CUMEM
furious-puma-1:117001:117631 [5] NCCL INFO Allocated shareable buffer 0xa10200000 size 2097152 ipcDesc 0x7192f4048cc0
furious-puma-1:117001:117646 [5] NCCL INFO Channel 19/0 : 5[5] -> 6[6] via P2P/CUMEM
furious-puma-1:116999:117643 [3] NCCL INFO UDS converted handle 0x7153c4008bd0 to fd 143 on remote peer 4
furious-puma-1:116997:117645 [1] NCCL INFO UDS converted handle 0x775d94008bd0 to fd 143 on remote peer 2
furious-puma-1:117001:117631 [5] NCCL INFO Allocated shareable buffer 0xa10400000 size 2097152 ipcDesc 0x7192f404a4c0
furious-puma-1:117001:117646 [5] NCCL INFO Channel 20/0 : 5[5] -> 6[6] via P2P/CUMEM
furious-puma-1:116998:117639 [2] NCCL INFO UDS converted handle 0x7b21dc008bd0 to fd 143 on remote peer 3
furious-puma-1:117003:117642 [7] NCCL INFO UDS converted handle 0x716a5c008c90 to fd 141 on remote peer 0
furious-puma-1:116997:117645 [1] NCCL INFO Imported shareable buffer device 1 size 10485760 ptr 0xa10e00000
furious-puma-1:117001:117631 [5] NCCL INFO Allocated shareable buffer 0xa10600000 size 2097152 ipcDesc 0x7192f404bcc0
furious-puma-1:117001:117646 [5] NCCL INFO Channel 21/0 : 5[5] -> 6[6] via P2P/CUMEM
furious-puma-1:116999:117643 [3] NCCL INFO Imported shareable buffer device 3 size 10485760 ptr 0xa10e00000
furious-puma-1:117001:117631 [5] NCCL INFO Allocated shareable buffer 0xa10800000 size 2097152 ipcDesc 0x7192f404d4c0
furious-puma-1:117001:117646 [5] NCCL INFO Channel 22/0 : 5[5] -> 6[6] via P2P/CUMEM
furious-puma-1:116996:117641 [0] NCCL INFO UDS converted handle 0x7beb74008bd0 to fd 149 on remote peer 1
furious-puma-1:116998:117639 [2] NCCL INFO Imported shareable buffer device 2 size 10485760 ptr 0xa10e00000
furious-puma-1:117003:117642 [7] NCCL INFO Imported shareable buffer device 7 size 10485760 ptr 0xa10e00000
furious-puma-1:117001:117631 [5] NCCL INFO Allocated shareable buffer 0xa10a00000 size 2097152 ipcDesc 0x7192f404ecc0
furious-puma-1:117001:117646 [5] NCCL INFO Channel 23/0 : 5[5] -> 6[6] via P2P/CUMEM
furious-puma-1:116999:117643 [3] NCCL INFO UDS converted handle 0x775d9402ef90 to fd 144 on remote peer 2
furious-puma-1:116996:117641 [0] NCCL INFO Imported shareable buffer device 0 size 10485760 ptr 0xa10e00000
furious-puma-1:116997:117645 [1] NCCL INFO UDS converted handle 0x716a5c02efe0 to fd 144 on remote peer 0
furious-puma-1:117001:117631 [5] NCCL INFO Allocated shareable buffer 0xa10c00000 size 2097152 ipcDesc 0x7192f40504c0
furious-puma-1:116998:117639 [2] NCCL INFO UDS converted handle 0x7beb7402efe0 to fd 145 on remote peer 1
furious-puma-1:116997:117645 [1] NCCL INFO Imported shareable buffer device 1 size 2097152 ptr 0xa11800000
furious-puma-1:116999:117643 [3] NCCL INFO Imported shareable buffer device 3 size 2097152 ptr 0xa11800000
furious-puma-1:117003:117642 [7] NCCL INFO UDS converted handle 0x74986c02ef90 to fd 144 on remote peer 6
furious-puma-1:116998:117639 [2] NCCL INFO Imported shareable buffer device 2 size 2097152 ptr 0xa11800000
furious-puma-1:117000:117644 [4] NCCL INFO UDS converted handle 0x7192f4008bd0 to fd 143 on remote peer 5
furious-puma-1:116996:117641 [0] NCCL INFO UDS converted handle 0x7cd2a402efe0 to fd 149 on remote peer 7
furious-puma-1:117003:117642 [7] NCCL INFO Imported shareable buffer device 7 size 2097152 ptr 0xa11800000
furious-puma-1:116997:117645 [1] NCCL INFO UDS converted handle 0x775d9400a670 to fd 144 on remote peer 2
furious-puma-1:116999:117643 [3] NCCL INFO UDS converted handle 0x7153c400a670 to fd 144 on remote peer 4
furious-puma-1:116997:117645 [1] NCCL INFO Imported shareable buffer device 1 size 10485760 ptr 0xa12000000
furious-puma-1:116996:117641 [0] NCCL INFO Imported shareable buffer device 0 size 2097152 ptr 0xa11800000
furious-puma-1:117000:117644 [4] NCCL INFO Imported shareable buffer device 4 size 10485760 ptr 0xa10e00000
furious-puma-1:117001:117646 [5] NCCL INFO UDS converted handle 0x74986c008bd0 to fd 143 on remote peer 6
furious-puma-1:117002:117640 [6] NCCL INFO UDS converted handle 0x7cd2a4008bd0 to fd 144 on remote peer 7
furious-puma-1:116998:117639 [2] NCCL INFO UDS converted handle 0x7b21dc00a670 to fd 145 on remote peer 3
furious-puma-1:116999:117643 [3] NCCL INFO Imported shareable buffer device 3 size 10485760 ptr 0xa12000000
furious-puma-1:117003:117642 [7] NCCL INFO UDS converted handle 0x716a5c00a6d0 to fd 144 on remote peer 0
furious-puma-1:117001:117646 [5] NCCL INFO Imported shareable buffer device 5 size 10485760 ptr 0xa10e00000
furious-puma-1:116996:117641 [0] NCCL INFO UDS converted handle 0x7beb7400a670 to fd 150 on remote peer 1
furious-puma-1:116998:117639 [2] NCCL INFO Imported shareable buffer device 2 size 10485760 ptr 0xa12000000
furious-puma-1:117002:117640 [6] NCCL INFO Imported shareable buffer device 6 size 10485760 ptr 0xa10e00000
furious-puma-1:117003:117642 [7] NCCL INFO Imported shareable buffer device 7 size 10485760 ptr 0xa12000000
furious-puma-1:117000:117644 [4] NCCL INFO UDS converted handle 0x7b21dc02ef90 to fd 145 on remote peer 3
furious-puma-1:116996:117641 [0] NCCL INFO Imported shareable buffer device 0 size 10485760 ptr 0xa12000000
furious-puma-1:116998:117639 [2] NCCL INFO UDS converted handle 0x7beb740307e0 to fd 145 on remote peer 1
furious-puma-1:117001:117646 [5] NCCL INFO UDS converted handle 0x7153c402efe0 to fd 145 on remote peer 4
furious-puma-1:117002:117640 [6] NCCL INFO UDS converted handle 0x7192f402efe0 to fd 146 on remote peer 5
furious-puma-1:116999:117643 [3] NCCL INFO UDS converted handle 0x775d94030790 to fd 145 on remote peer 2
furious-puma-1:117001:117646 [5] NCCL INFO Imported shareable buffer device 5 size 2097152 ptr 0xa11800000
furious-puma-1:116998:117639 [2] NCCL INFO Imported shareable buffer device 2 size 2097152 ptr 0xa12a00000
furious-puma-1:116997:117645 [1] NCCL INFO UDS converted handle 0x716a5c0307e0 to fd 144 on remote peer 0
furious-puma-1:117003:117642 [7] NCCL INFO UDS converted handle 0x74986c030790 to fd 144 on remote peer 6
furious-puma-1:117000:117644 [4] NCCL INFO Imported shareable buffer device 4 size 2097152 ptr 0xa11800000
furious-puma-1:116999:117643 [3] NCCL INFO Imported shareable buffer device 3 size 2097152 ptr 0xa12a00000
furious-puma-1:117002:117640 [6] NCCL INFO Imported shareable buffer device 6 size 2097152 ptr 0xa11800000
furious-puma-1:116997:117645 [1] NCCL INFO Imported shareable buffer device 1 size 2097152 ptr 0xa12a00000
furious-puma-1:116996:117641 [0] NCCL INFO UDS converted handle 0x7cd2a40307e0 to fd 150 on remote peer 7
furious-puma-1:117002:117640 [6] NCCL INFO UDS converted handle 0x7cd2a400a670 to fd 146 on remote peer 7
furious-puma-1:117003:117642 [7] NCCL INFO Imported shareable buffer device 7 size 2097152 ptr 0xa12a00000
furious-puma-1:116998:117639 [2] NCCL INFO UDS converted handle 0x7b21dc00beb0 to fd 145 on remote peer 3
furious-puma-1:117001:117646 [5] NCCL INFO UDS converted handle 0x74986c00a670 to fd 145 on remote peer 6
furious-puma-1:116996:117641 [0] NCCL INFO Imported shareable buffer device 0 size 2097152 ptr 0xa12a00000
furious-puma-1:117000:117644 [4] NCCL INFO UDS converted handle 0x7192f400a670 to fd 145 on remote peer 5
furious-puma-1:117002:117640 [6] NCCL INFO Imported shareable buffer device 6 size 10485760 ptr 0xa12000000
furious-puma-1:117001:117646 [5] NCCL INFO Imported shareable buffer device 5 size 10485760 ptr 0xa12000000
furious-puma-1:116998:117639 [2] NCCL INFO Imported shareable buffer device 2 size 10485760 ptr 0xa12c00000
furious-puma-1:116999:117643 [3] NCCL INFO UDS converted handle 0x7153c400beb0 to fd 145 on remote peer 4
furious-puma-1:116997:117645 [1] NCCL INFO UDS converted handle 0x775d9400beb0 to fd 144 on remote peer 2
furious-puma-1:117000:117644 [4] NCCL INFO Imported shareable buffer device 4 size 10485760 ptr 0xa12000000
furious-puma-1:117003:117642 [7] NCCL INFO UDS converted handle 0x716a5c00bed0 to fd 144 on remote peer 0
furious-puma-1:116996:117641 [0] NCCL INFO UDS converted handle 0x7beb7400beb0 to fd 150 on remote peer 1
furious-puma-1:116997:117645 [1] NCCL INFO Imported shareable buffer device 1 size 10485760 ptr 0xa12c00000
furious-puma-1:116999:117643 [3] NCCL INFO Imported shareable buffer device 3 size 10485760 ptr 0xa12c00000
furious-puma-1:117000:117644 [4] NCCL INFO UDS converted handle 0x7b21dc030790 to fd 145 on remote peer 3
furious-puma-1:117003:117642 [7] NCCL INFO Imported shareable buffer device 7 size 10485760 ptr 0xa12c00000
furious-puma-1:116996:117641 [0] NCCL INFO Imported shareable buffer device 0 size 10485760 ptr 0xa12c00000
furious-puma-1:117002:117640 [6] NCCL INFO UDS converted handle 0x7192f40307e0 to fd 145 on remote peer 5
furious-puma-1:117001:117646 [5] NCCL INFO UDS converted handle 0x7153c40307e0 to fd 145 on remote peer 4
furious-puma-1:117000:117644 [4] NCCL INFO Imported shareable buffer device 4 size 2097152 ptr 0xa12a00000
furious-puma-1:117003:117642 [7] NCCL INFO UDS converted handle 0x74986c031f90 to fd 144 on remote peer 6
furious-puma-1:116997:117645 [1] NCCL INFO UDS converted handle 0x716a5c031fe0 to fd 145 on remote peer 0
furious-puma-1:116998:117639 [2] NCCL INFO UDS converted handle 0x7beb74031fe0 to fd 146 on remote peer 1
furious-puma-1:116999:117643 [3] NCCL INFO UDS converted handle 0x775d94031f90 to fd 145 on remote peer 2
furious-puma-1:117001:117646 [5] NCCL INFO Imported shareable buffer device 5 size 2097152 ptr 0xa12a00000
furious-puma-1:117002:117640 [6] NCCL INFO Imported shareable buffer device 6 size 2097152 ptr 0xa12a00000
furious-puma-1:117003:117642 [7] NCCL INFO Imported shareable buffer device 7 size 2097152 ptr 0xa13600000
furious-puma-1:116998:117639 [2] NCCL INFO Imported shareable buffer device 2 size 2097152 ptr 0xa13600000
furious-puma-1:116997:117645 [1] NCCL INFO Imported shareable buffer device 1 size 2097152 ptr 0xa13600000
furious-puma-1:117001:117646 [5] NCCL INFO UDS converted handle 0x74986c00beb0 to fd 145 on remote peer 6
furious-puma-1:116999:117643 [3] NCCL INFO Imported shareable buffer device 3 size 2097152 ptr 0xa13600000
furious-puma-1:116996:117641 [0] NCCL INFO UDS converted handle 0x7cd2a4031fe0 to fd 150 on remote peer 7
furious-puma-1:117000:117644 [4] NCCL INFO UDS converted handle 0x7192f400beb0 to fd 145 on remote peer 5
furious-puma-1:117001:117646 [5] NCCL INFO Imported shareable buffer device 5 size 10485760 ptr 0xa12c00000
furious-puma-1:117003:117642 [7] NCCL INFO UDS converted handle 0x716a5c00d950 to fd 144 on remote peer 0
furious-puma-1:116997:117645 [1] NCCL INFO UDS converted handle 0x775d9400d950 to fd 144 on remote peer 2
furious-puma-1:116999:117643 [3] NCCL INFO UDS converted handle 0x7153c400d950 to fd 145 on remote peer 4
furious-puma-1:116996:117641 [0] NCCL INFO Imported shareable buffer device 0 size 2097152 ptr 0xa13600000
furious-puma-1:116998:117639 [2] NCCL INFO UDS converted handle 0x7b21dc00d950 to fd 145 on remote peer 3
furious-puma-1:116997:117645 [1] NCCL INFO Imported shareable buffer device 1 size 10485760 ptr 0xa14000000
furious-puma-1:117000:117644 [4] NCCL INFO Imported shareable buffer device 4 size 10485760 ptr 0xa12c00000
furious-puma-1:116999:117643 [3] NCCL INFO Imported shareable buffer device 3 size 10485760 ptr 0xa14000000
furious-puma-1:117002:117640 [6] NCCL INFO UDS converted handle 0x7cd2a400beb0 to fd 145 on remote peer 7
furious-puma-1:116998:117639 [2] NCCL INFO Imported shareable buffer device 2 size 10485760 ptr 0xa14000000
furious-puma-1:117003:117642 [7] NCCL INFO Imported shareable buffer device 7 size 10485760 ptr 0xa14000000
furious-puma-1:116996:117641 [0] NCCL INFO UDS converted handle 0x7beb7400d950 to fd 150 on remote peer 1
furious-puma-1:117001:117646 [5] NCCL INFO UDS converted handle 0x7153c4031fe0 to fd 145 on remote peer 4
furious-puma-1:117000:117644 [4] NCCL INFO UDS converted handle 0x7b21dc031f90 to fd 145 on remote peer 3
furious-puma-1:116999:117643 [3] NCCL INFO UDS converted handle 0x775d94033790 to fd 145 on remote peer 2
furious-puma-1:116996:117641 [0] NCCL INFO Imported shareable buffer device 0 size 10485760 ptr 0xa14000000
furious-puma-1:117002:117640 [6] NCCL INFO Imported shareable buffer device 6 size 10485760 ptr 0xa12c00000
furious-puma-1:116996:117641 [0] NCCL INFO UDS converted handle 0x7cd2a40337e0 to fd 150 on remote peer 7
furious-puma-1:116997:117645 [1] NCCL INFO UDS converted handle 0x716a5c0337e0 to fd 144 on remote peer 0
furious-puma-1:116996:117641 [0] NCCL INFO Imported shareable buffer device 0 size 2097152 ptr 0xa14a00000
furious-puma-1:117000:117644 [4] NCCL INFO Imported shareable buffer device 4 size 2097152 ptr 0xa13600000
furious-puma-1:116999:117643 [3] NCCL INFO Imported shareable buffer device 3 size 2097152 ptr 0xa14a00000
furious-puma-1:117002:117640 [6] NCCL INFO UDS converted handle 0x7192f4031fe0 to fd 145 on remote peer 5
furious-puma-1:117001:117646 [5] NCCL INFO Imported shareable buffer device 5 size 2097152 ptr 0xa13600000
furious-puma-1:116998:117639 [2] NCCL INFO UDS converted handle 0x7beb740337e0 to fd 145 on remote peer 1
furious-puma-1:116997:117645 [1] NCCL INFO Imported shareable buffer device 1 size 2097152 ptr 0xa14a00000
furious-puma-1:117003:117642 [7] NCCL INFO UDS converted handle 0x74986c033790 to fd 144 on remote peer 6
furious-puma-1:117002:117640 [6] NCCL INFO Imported shareable buffer device 6 size 2097152 ptr 0xa13600000
furious-puma-1:117000:117644 [4] NCCL INFO UDS converted handle 0x7192f400d950 to fd 146 on remote peer 5
furious-puma-1:116998:117639 [2] NCCL INFO Imported shareable buffer device 2 size 2097152 ptr 0xa14a00000
furious-puma-1:116999:117643 [3] NCCL INFO UDS converted handle 0x7153c400f150 to fd 145 on remote peer 4
furious-puma-1:117003:117642 [7] NCCL INFO Imported shareable buffer device 7 size 2097152 ptr 0xa14a00000
furious-puma-1:116997:117645 [1] NCCL INFO UDS converted handle 0x775d9400f150 to fd 144 on remote peer 2
furious-puma-1:116999:117643 [3] NCCL INFO Imported shareable buffer device 3 size 10485760 ptr 0xa14c00000
furious-puma-1:117000:117644 [4] NCCL INFO Imported shareable buffer device 4 size 10485760 ptr 0xa14000000
furious-puma-1:116996:117641 [0] NCCL INFO UDS converted handle 0x7beb7400f150 to fd 151 on remote peer 1
furious-puma-1:117001:117646 [5] NCCL INFO UDS converted handle 0x74986c00d950 to fd 145 on remote peer 6
furious-puma-1:117002:117640 [6] NCCL INFO UDS converted handle 0x7cd2a400d950 to fd 145 on remote peer 7
furious-puma-1:117003:117642 [7] NCCL INFO UDS converted handle 0x716a5c00f150 to fd 145 on remote peer 0
furious-puma-1:117001:117646 [5] NCCL INFO Imported shareable buffer device 5 size 10485760 ptr 0xa14000000
furious-puma-1:116996:117641 [0] NCCL INFO Imported shareable buffer device 0 size 10485760 ptr 0xa14c00000
furious-puma-1:116997:117645 [1] NCCL INFO Imported shareable buffer device 1 size 10485760 ptr 0xa14c00000
furious-puma-1:117003:117642 [7] NCCL INFO Imported shareable buffer device 7 size 10485760 ptr 0xa14c00000
furious-puma-1:116998:117639 [2] NCCL INFO UDS converted handle 0x7b21dc00f150 to fd 146 on remote peer 3
furious-puma-1:116999:117643 [3] NCCL INFO UDS converted handle 0x775d94034f90 to fd 145 on remote peer 2
furious-puma-1:117002:117640 [6] NCCL INFO Imported shareable buffer device 6 size 10485760 ptr 0xa14000000
furious-puma-1:116998:117639 [2] NCCL INFO Imported shareable buffer device 2 size 10485760 ptr 0xa14c00000
furious-puma-1:116999:117643 [3] NCCL INFO Imported shareable buffer device 3 size 2097152 ptr 0xa15600000
furious-puma-1:116997:117645 [1] NCCL INFO UDS converted handle 0x716a5c034fe0 to fd 144 on remote peer 0
furious-puma-1:117001:117646 [5] NCCL INFO UDS converted handle 0x7153c40337e0 to fd 145 on remote peer 4
furious-puma-1:116996:117641 [0] NCCL INFO UDS converted handle 0x7cd2a4034fe0 to fd 150 on remote peer 7
furious-puma-1:117003:117642 [7] NCCL INFO UDS converted handle 0x74986c034f90 to fd 144 on remote peer 6
furious-puma-1:117000:117644 [4] NCCL INFO UDS converted handle 0x7b21dc033790 to fd 145 on remote peer 3
furious-puma-1:117002:117640 [6] NCCL INFO UDS converted handle 0x7192f40337e0 to fd 145 on remote peer 5
furious-puma-1:117003:117642 [7] NCCL INFO Imported shareable buffer device 7 size 2097152 ptr 0xa15600000
furious-puma-1:117002:117640 [6] NCCL INFO Imported shareable buffer device 6 size 2097152 ptr 0xa14a00000
furious-puma-1:117001:117646 [5] NCCL INFO Imported shareable buffer device 5 size 2097152 ptr 0xa14a00000
furious-puma-1:116997:117645 [1] NCCL INFO Imported shareable buffer device 1 size 2097152 ptr 0xa15600000
furious-puma-1:117000:117644 [4] NCCL INFO Imported shareable buffer device 4 size 2097152 ptr 0xa14a00000
furious-puma-1:116998:117639 [2] NCCL INFO UDS converted handle 0x7beb74034fe0 to fd 145 on remote peer 1
furious-puma-1:116996:117641 [0] NCCL INFO Imported shareable buffer device 0 size 2097152 ptr 0xa15600000
furious-puma-1:116997:117645 [1] NCCL INFO UDS converted handle 0x775d94010e00 to fd 144 on remote peer 2
furious-puma-1:116999:117643 [3] NCCL INFO UDS converted handle 0x7153c4010e00 to fd 145 on remote peer 4
furious-puma-1:116997:117645 [1] NCCL INFO Imported shareable buffer device 1 size 10485760 ptr 0xa16000000
furious-puma-1:116998:117639 [2] NCCL INFO Imported shareable buffer device 2 size 2097152 ptr 0xa15600000
furious-puma-1:117002:117640 [6] NCCL INFO UDS converted handle 0x7cd2a400f150 to fd 146 on remote peer 7
furious-puma-1:117003:117642 [7] NCCL INFO UDS converted handle 0x716a5c010e00 to fd 144 on remote peer 0
furious-puma-1:117001:117646 [5] NCCL INFO UDS converted handle 0x74986c00f150 to fd 146 on remote peer 6
furious-puma-1:116996:117641 [0] NCCL INFO UDS converted handle 0x7beb74010e00 to fd 150 on remote peer 1
furious-puma-1:117000:117644 [4] NCCL INFO UDS converted handle 0x7192f400f150 to fd 145 on remote peer 5
furious-puma-1:117002:117640 [6] NCCL INFO Imported shareable buffer device 6 size 10485760 ptr 0xa14c00000
furious-puma-1:116999:117643 [3] NCCL INFO Imported shareable buffer device 3 size 10485760 ptr 0xa16000000
furious-puma-1:117001:117646 [5] NCCL INFO Imported shareable buffer device 5 size 10485760 ptr 0xa14c00000
furious-puma-1:117000:117644 [4] NCCL INFO Imported shareable buffer device 4 size 10485760 ptr 0xa14c00000
furious-puma-1:116996:117641 [0] NCCL INFO Imported shareable buffer device 0 size 10485760 ptr 0xa16000000
furious-puma-1:117003:117642 [7] NCCL INFO Imported shareable buffer device 7 size 10485760 ptr 0xa16000000
furious-puma-1:116997:117645 [1] NCCL INFO UDS converted handle 0x716a5c0367e0 to fd 144 on remote peer 0
furious-puma-1:116998:117639 [2] NCCL INFO UDS converted handle 0x7b21dc010e00 to fd 146 on remote peer 3
furious-puma-1:116999:117643 [3] NCCL INFO UDS converted handle 0x775d94036790 to fd 145 on remote peer 2
furious-puma-1:117003:117642 [7] NCCL INFO UDS converted handle 0x74986c036790 to fd 144 on remote peer 6
furious-puma-1:117002:117640 [6] NCCL INFO UDS converted handle 0x7192f4034fe0 to fd 145 on remote peer 5
furious-puma-1:116997:117645 [1] NCCL INFO Imported shareable buffer device 1 size 2097152 ptr 0xa16a00000
furious-puma-1:116999:117643 [3] NCCL INFO Imported shareable buffer device 3 size 2097152 ptr 0xa16a00000
furious-puma-1:117002:117640 [6] NCCL INFO Imported shareable buffer device 6 size 2097152 ptr 0xa15600000
furious-puma-1:117001:117646 [5] NCCL INFO UDS converted handle 0x7153c4034fe0 to fd 145 on remote peer 4
furious-puma-1:117003:117642 [7] NCCL INFO Imported shareable buffer device 7 size 2097152 ptr 0xa16a00000
furious-puma-1:116998:117639 [2] NCCL INFO Imported shareable buffer device 2 size 10485760 ptr 0xa16000000
furious-puma-1:116996:117641 [0] NCCL INFO UDS converted handle 0x7cd2a40367e0 to fd 150 on remote peer 7
furious-puma-1:117000:117644 [4] NCCL INFO UDS converted handle 0x7b21dc034f90 to fd 145 on remote peer 3
furious-puma-1:117001:117646 [5] NCCL INFO Imported shareable buffer device 5 size 2097152 ptr 0xa15600000
furious-puma-1:116998:117639 [2] NCCL INFO UDS converted handle 0x7beb740367e0 to fd 145 on remote peer 1
furious-puma-1:116996:117641 [0] NCCL INFO Imported shareable buffer device 0 size 2097152 ptr 0xa16a00000
furious-puma-1:116999:117643 [3] NCCL INFO UDS converted handle 0x7153c4012600 to fd 145 on remote peer 4
furious-puma-1:116997:117645 [1] NCCL INFO UDS converted handle 0x775d94012600 to fd 144 on remote peer 2
furious-puma-1:117000:117644 [4] NCCL INFO Imported shareable buffer device 4 size 2097152 ptr 0xa15600000
furious-puma-1:117003:117642 [7] NCCL INFO UDS converted handle 0x716a5c012600 to fd 144 on remote peer 0
furious-puma-1:116998:117639 [2] NCCL INFO Imported shareable buffer device 2 size 2097152 ptr 0xa16a00000
furious-puma-1:117002:117640 [6] NCCL INFO UDS converted handle 0x7cd2a4010e00 to fd 145 on remote peer 7
furious-puma-1:116997:117645 [1] NCCL INFO Imported shareable buffer device 1 size 10485760 ptr 0xa16c00000
furious-puma-1:117001:117646 [5] NCCL INFO UDS converted handle 0x74986c010e00 to fd 145 on remote peer 6
furious-puma-1:117003:117642 [7] NCCL INFO Imported shareable buffer device 7 size 10485760 ptr 0xa16c00000
furious-puma-1:116999:117643 [3] NCCL INFO Imported shareable buffer device 3 size 10485760 ptr 0xa16c00000
furious-puma-1:117002:117640 [6] NCCL INFO Imported shareable buffer device 6 size 10485760 ptr 0xa16000000
furious-puma-1:116996:117641 [0] NCCL INFO UDS converted handle 0x7beb74012600 to fd 150 on remote peer 1
furious-puma-1:117001:117646 [5] NCCL INFO Imported shareable buffer device 5 size 10485760 ptr 0xa16000000
furious-puma-1:117000:117644 [4] NCCL INFO UDS converted handle 0x7192f4010e00 to fd 145 on remote peer 5
furious-puma-1:116997:117645 [1] NCCL INFO UDS converted handle 0x716a5c037f40 to fd 144 on remote peer 0
furious-puma-1:116998:117639 [2] NCCL INFO UDS converted handle 0x7b21dc012600 to fd 145 on remote peer 3
furious-puma-1:117003:117642 [7] NCCL INFO UDS converted handle 0x74986c037ef0 to fd 144 on remote peer 6
furious-puma-1:116996:117641 [0] NCCL INFO Imported shareable buffer device 0 size 10485760 ptr 0xa16c00000
furious-puma-1:116999:117643 [3] NCCL INFO UDS converted handle 0x775d94037ef0 to fd 145 on remote peer 2
furious-puma-1:116997:117645 [1] NCCL INFO Imported shareable buffer device 1 size 2097152 ptr 0xa17600000
furious-puma-1:117000:117644 [4] NCCL INFO Imported shareable buffer device 4 size 10485760 ptr 0xa16000000
furious-puma-1:116998:117639 [2] NCCL INFO Imported shareable buffer device 2 size 10485760 ptr 0xa16c00000
furious-puma-1:117003:117642 [7] NCCL INFO Imported shareable buffer device 7 size 2097152 ptr 0xa17600000
furious-puma-1:116999:117643 [3] NCCL INFO Imported shareable buffer device 3 size 2097152 ptr 0xa17600000
furious-puma-1:116997:117645 [1] NCCL INFO UDS converted handle 0x775d94013e00 to fd 144 on remote peer 2
furious-puma-1:117002:117640 [6] NCCL INFO UDS converted handle 0x7192f40367e0 to fd 145 on remote peer 5
furious-puma-1:117001:117646 [5] NCCL INFO UDS converted handle 0x7153c40367e0 to fd 145 on remote peer 4
furious-puma-1:116996:117641 [0] NCCL INFO UDS converted handle 0x7cd2a4037f40 to fd 150 on remote peer 7
furious-puma-1:116998:117639 [2] NCCL INFO UDS converted handle 0x7beb74037f40 to fd 145 on remote peer 1
furious-puma-1:117000:117644 [4] NCCL INFO UDS converted handle 0x7b21dc036790 to fd 145 on remote peer 3
furious-puma-1:116997:117645 [1] NCCL INFO Imported shareable buffer device 1 size 10485760 ptr 0xa18000000
furious-puma-1:116996:117641 [0] NCCL INFO Imported shareable buffer device 0 size 2097152 ptr 0xa17600000
furious-puma-1:117002:117640 [6] NCCL INFO Imported shareable buffer device 6 size 2097152 ptr 0xa16a00000
furious-puma-1:117003:117642 [7] NCCL INFO UDS converted handle 0x716a5c013e00 to fd 144 on remote peer 0
furious-puma-1:116998:117639 [2] NCCL INFO Imported shareable buffer device 2 size 2097152 ptr 0xa17600000
furious-puma-1:117001:117646 [5] NCCL INFO Imported shareable buffer device 5 size 2097152 ptr 0xa16a00000
furious-puma-1:117000:117644 [4] NCCL INFO Imported shareable buffer device 4 size 2097152 ptr 0xa16a00000
furious-puma-1:117001:117646 [5] NCCL INFO UDS converted handle 0x74986c012600 to fd 145 on remote peer 6
furious-puma-1:116996:117641 [0] NCCL INFO UDS converted handle 0x7beb74013e00 to fd 150 on remote peer 1
furious-puma-1:116999:117643 [3] NCCL INFO UDS converted handle 0x7153c4013e00 to fd 145 on remote peer 4
furious-puma-1:117003:117642 [7] NCCL INFO Imported shareable buffer device 7 size 10485760 ptr 0xa18000000
furious-puma-1:116997:117645 [1] NCCL INFO UDS converted handle 0x716a5c039420 to fd 144 on remote peer 0
furious-puma-1:117001:117646 [5] NCCL INFO Imported shareable buffer device 5 size 10485760 ptr 0xa16c00000
furious-puma-1:116998:117639 [2] NCCL INFO UDS converted handle 0x7b21dc013e00 to fd 145 on remote peer 3
furious-puma-1:117002:117640 [6] NCCL INFO UDS converted handle 0x7cd2a4012600 to fd 145 on remote peer 7
furious-puma-1:116999:117643 [3] NCCL INFO Imported shareable buffer device 3 size 10485760 ptr 0xa18000000
furious-puma-1:116998:117639 [2] NCCL INFO Imported shareable buffer device 2 size 10485760 ptr 0xa18000000
furious-puma-1:116996:117641 [0] NCCL INFO Imported shareable buffer device 0 size 10485760 ptr 0xa18000000
furious-puma-1:116997:117645 [1] NCCL INFO Imported shareable buffer device 1 size 2097152 ptr 0xa18a00000
furious-puma-1:117000:117644 [4] NCCL INFO UDS converted handle 0x7192f4012600 to fd 145 on remote peer 5
furious-puma-1:117003:117642 [7] NCCL INFO UDS converted handle 0x74986c0393d0 to fd 144 on remote peer 6
furious-puma-1:117000:117644 [4] NCCL INFO Imported shareable buffer device 4 size 10485760 ptr 0xa16c00000
furious-puma-1:117002:117640 [6] NCCL INFO Imported shareable buffer device 6 size 10485760 ptr 0xa16c00000
furious-puma-1:117001:117646 [5] NCCL INFO UDS converted handle 0x7153c4037f40 to fd 145 on remote peer 4
furious-puma-1:116999:117643 [3] NCCL INFO UDS converted handle 0x775d940393d0 to fd 145 on remote peer 2
furious-puma-1:116999:117643 [3] NCCL INFO Imported shareable buffer device 3 size 2097152 ptr 0xa18a00000
furious-puma-1:117003:117642 [7] NCCL INFO Imported shareable buffer device 7 size 2097152 ptr 0xa18a00000
furious-puma-1:116996:117641 [0] NCCL INFO UDS converted handle 0x7cd2a4039420 to fd 150 on remote peer 7
furious-puma-1:116998:117639 [2] NCCL INFO UDS converted handle 0x7beb74039420 to fd 145 on remote peer 1
furious-puma-1:117000:117644 [4] NCCL INFO UDS converted handle 0x7b21dc037ef0 to fd 145 on remote peer 3
furious-puma-1:117001:117646 [5] NCCL INFO Imported shareable buffer device 5 size 2097152 ptr 0xa17600000
furious-puma-1:116996:117641 [0] NCCL INFO Imported shareable buffer device 0 size 2097152 ptr 0xa18a00000
furious-puma-1:117000:117644 [4] NCCL INFO Imported shareable buffer device 4 size 2097152 ptr 0xa17600000
furious-puma-1:116998:117639 [2] NCCL INFO Imported shareable buffer device 2 size 2097152 ptr 0xa18a00000
furious-puma-1:116997:117645 [1] NCCL INFO UDS converted handle 0x775d94015a50 to fd 144 on remote peer 2
furious-puma-1:117002:117640 [6] NCCL INFO UDS converted handle 0x7192f4037f40 to fd 145 on remote peer 5
furious-puma-1:116999:117643 [3] NCCL INFO UDS converted handle 0x7153c4015a50 to fd 145 on remote peer 4
furious-puma-1:117003:117642 [7] NCCL INFO UDS converted handle 0x716a5c015a50 to fd 144 on remote peer 0
furious-puma-1:116996:117641 [0] NCCL INFO UDS converted handle 0x7beb74015a50 to fd 150 on remote peer 1
furious-puma-1:116997:117645 [1] NCCL INFO Imported shareable buffer device 1 size 10485760 ptr 0xa18c00000
furious-puma-1:116999:117643 [3] NCCL INFO Imported shareable buffer device 3 size 10485760 ptr 0xa18c00000
furious-puma-1:117001:117646 [5] NCCL INFO UDS converted handle 0x74986c013e00 to fd 145 on remote peer 6
furious-puma-1:117003:117642 [7] NCCL INFO Imported shareable buffer device 7 size 10485760 ptr 0xa18c00000
furious-puma-1:116996:117641 [0] NCCL INFO Imported shareable buffer device 0 size 10485760 ptr 0xa18c00000
furious-puma-1:117001:117646 [5] NCCL INFO Imported shareable buffer device 5 size 10485760 ptr 0xa18000000
furious-puma-1:116998:117639 [2] NCCL INFO UDS converted handle 0x7b21dc015a50 to fd 145 on remote peer 3
furious-puma-1:117002:117640 [6] NCCL INFO Imported shareable buffer device 6 size 2097152 ptr 0xa17600000
furious-puma-1:117003:117642 [7] NCCL INFO UDS converted handle 0x74986c03a8b0 to fd 144 on remote peer 6
furious-puma-1:117000:117644 [4] NCCL INFO UDS converted handle 0x7192f4013e00 to fd 145 on remote peer 5
furious-puma-1:117001:117646 [5] NCCL INFO UDS converted handle 0x7153c4039420 to fd 145 on remote peer 4
furious-puma-1:116999:117643 [3] NCCL INFO UDS converted handle 0x775d9403a8b0 to fd 145 on remote peer 2
furious-puma-1:116997:117645 [1] NCCL INFO UDS converted handle 0x716a5c03a900 to fd 144 on remote peer 0
furious-puma-1:116998:117639 [2] NCCL INFO Imported shareable buffer device 2 size 10485760 ptr 0xa18c00000
furious-puma-1:117001:117646 [5] NCCL INFO Imported shareable buffer device 5 size 2097152 ptr 0xa18a00000
furious-puma-1:117003:117642 [7] NCCL INFO Imported shareable buffer device 7 size 2097152 ptr 0xa19600000
furious-puma-1:116996:117641 [0] NCCL INFO UDS converted handle 0x7cd2a403a900 to fd 150 on remote peer 7
furious-puma-1:116997:117645 [1] NCCL INFO Imported shareable buffer device 1 size 2097152 ptr 0xa19600000
furious-puma-1:117001:117646 [5] NCCL INFO UDS converted handle 0x74986c015a50 to fd 145 on remote peer 6
furious-puma-1:116999:117643 [3] NCCL INFO Imported shareable buffer device 3 size 2097152 ptr 0xa19600000
furious-puma-1:117000:117644 [4] NCCL INFO Imported shareable buffer device 4 size 10485760 ptr 0xa18000000
furious-puma-1:116997:117645 [1] NCCL INFO UDS converted handle 0x775d94017250 to fd 144 on remote peer 2
furious-puma-1:116996:117641 [0] NCCL INFO Imported shareable buffer device 0 size 2097152 ptr 0xa19600000
furious-puma-1:117002:117640 [6] NCCL INFO UDS converted handle 0x7cd2a4013e00 to fd 145 on remote peer 7
furious-puma-1:117001:117646 [5] NCCL INFO Imported shareable buffer device 5 size 10485760 ptr 0xa18c00000
furious-puma-1:116998:117639 [2] NCCL INFO UDS converted handle 0x7beb7403a900 to fd 145 on remote peer 1
furious-puma-1:117003:117642 [7] NCCL INFO UDS converted handle 0x716a5c017250 to fd 141 on remote peer 0
furious-puma-1:116999:117643 [3] NCCL INFO UDS converted handle 0x7153c4017250 to fd 145 on remote peer 4
furious-puma-1:116998:117639 [2] NCCL INFO Imported shareable buffer device 2 size 2097152 ptr 0xa19600000
furious-puma-1:116997:117645 [1] NCCL INFO Imported shareable buffer device 1 size 10485760 ptr 0xa1a000000
furious-puma-1:117000:117644 [4] NCCL INFO UDS converted handle 0x7b21dc0393d0 to fd 145 on remote peer 3
furious-puma-1:117002:117640 [6] NCCL INFO Imported shareable buffer device 6 size 10485760 ptr 0xa18000000
furious-puma-1:116999:117643 [3] NCCL INFO Imported shareable buffer device 3 size 10485760 ptr 0xa1a000000
furious-puma-1:116996:117641 [0] NCCL INFO UDS converted handle 0x7beb74017250 to fd 150 on remote peer 1
furious-puma-1:117003:117642 [7] NCCL INFO Imported shareable buffer device 7 size 10485760 ptr 0xa1a000000
furious-puma-1:117000:117644 [4] NCCL INFO Imported shareable buffer device 4 size 2097152 ptr 0xa18a00000
furious-puma-1:116997:117645 [1] NCCL INFO UDS converted handle 0x716a5c03bde0 to fd 144 on remote peer 0
furious-puma-1:117001:117646 [5] NCCL INFO UDS converted handle 0x7153c403a900 to fd 145 on remote peer 4
furious-puma-1:116998:117639 [2] NCCL INFO UDS converted handle 0x7b21dc017250 to fd 145 on remote peer 3
furious-puma-1:116996:117641 [0] NCCL INFO Imported shareable buffer device 0 size 10485760 ptr 0xa1a000000
furious-puma-1:117002:117640 [6] NCCL INFO UDS converted handle 0x7192f4039420 to fd 145 on remote peer 5
furious-puma-1:116997:117645 [1] NCCL INFO Imported shareable buffer device 1 size 2097152 ptr 0xa1aa00000
furious-puma-1:117001:117646 [5] NCCL INFO Imported shareable buffer device 5 size 2097152 ptr 0xa19600000
furious-puma-1:116999:117643 [3] NCCL INFO UDS converted handle 0x775d9403bd90 to fd 145 on remote peer 2
furious-puma-1:117002:117640 [6] NCCL INFO Imported shareable buffer device 6 size 2097152 ptr 0xa18a00000
furious-puma-1:116998:117639 [2] NCCL INFO Imported shareable buffer device 2 size 10485760 ptr 0xa1a000000
furious-puma-1:117003:117642 [7] NCCL INFO UDS converted handle 0x74986c03bd90 to fd 144 on remote peer 6
furious-puma-1:117003:117642 [7] NCCL INFO Imported shareable buffer device 7 size 2097152 ptr 0xa1aa00000
furious-puma-1:117001:117646 [5] NCCL INFO UDS converted handle 0x74986c017250 to fd 145 on remote peer 6
furious-puma-1:116999:117643 [3] NCCL INFO Imported shareable buffer device 3 size 2097152 ptr 0xa1aa00000
furious-puma-1:117000:117644 [4] NCCL INFO UDS converted handle 0x7192f4015a50 to fd 145 on remote peer 5
furious-puma-1:116996:117641 [0] NCCL INFO UDS converted handle 0x7cd2a403bde0 to fd 150 on remote peer 7
furious-puma-1:116998:117639 [2] NCCL INFO UDS converted handle 0x7beb7403bde0 to fd 145 on remote peer 1
furious-puma-1:117001:117646 [5] NCCL INFO Imported shareable buffer device 5 size 10485760 ptr 0xa1a000000
furious-puma-1:116997:117645 [1] NCCL INFO UDS converted handle 0x775d94018a50 to fd 144 on remote peer 2
furious-puma-1:117003:117642 [7] NCCL INFO UDS converted handle 0x716a5c018a50 to fd 144 on remote peer 0
furious-puma-1:117000:117644 [4] NCCL INFO Imported shareable buffer device 4 size 10485760 ptr 0xa18c00000
furious-puma-1:116998:117639 [2] NCCL INFO Imported shareable buffer device 2 size 2097152 ptr 0xa1aa00000
furious-puma-1:116999:117643 [3] NCCL INFO UDS converted handle 0x7153c4018a50 to fd 145 on remote peer 4
furious-puma-1:116996:117641 [0] NCCL INFO Imported shareable buffer device 0 size 2097152 ptr 0xa1aa00000
furious-puma-1:117002:117640 [6] NCCL INFO UDS converted handle 0x7cd2a4015a50 to fd 144 on remote peer 7
furious-puma-1:116997:117645 [1] NCCL INFO Imported shareable buffer device 1 size 10485760 ptr 0xa1ac00000
furious-puma-1:117003:117642 [7] NCCL INFO Imported shareable buffer device 7 size 10485760 ptr 0xa1ac00000
furious-puma-1:117000:117644 [4] NCCL INFO UDS converted handle 0x7b21dc03a8b0 to fd 145 on remote peer 3
furious-puma-1:117002:117640 [6] NCCL INFO Imported shareable buffer device 6 size 10485760 ptr 0xa18c00000
furious-puma-1:116999:117643 [3] NCCL INFO Imported shareable buffer device 3 size 10485760 ptr 0xa1ac00000
furious-puma-1:117000:117644 [4] NCCL INFO Imported shareable buffer device 4 size 2097152 ptr 0xa19600000
furious-puma-1:117001:117646 [5] NCCL INFO UDS converted handle 0x7153c403bde0 to fd 145 on remote peer 4
furious-puma-1:116996:117641 [0] NCCL INFO UDS converted handle 0x7beb74018a50 to fd 151 on remote peer 1
furious-puma-1:116997:117645 [1] NCCL INFO UDS converted handle 0x716a5c03d2c0 to fd 144 on remote peer 0
furious-puma-1:116996:117641 [0] NCCL INFO Imported shareable buffer device 0 size 10485760 ptr 0xa1ac00000
furious-puma-1:117003:117642 [7] NCCL INFO UDS converted handle 0x74986c03d270 to fd 144 on remote peer 6
furious-puma-1:116997:117645 [1] NCCL INFO Imported shareable buffer device 1 size 2097152 ptr 0xa1b600000
furious-puma-1:116999:117643 [3] NCCL INFO UDS converted handle 0x775d9403d270 to fd 146 on remote peer 2
furious-puma-1:116998:117639 [2] NCCL INFO UDS converted handle 0x7b21dc018a50 to fd 145 on remote peer 3
furious-puma-1:117002:117640 [6] NCCL INFO UDS converted handle 0x7192f403a900 to fd 145 on remote peer 5
furious-puma-1:117001:117646 [5] NCCL INFO Imported shareable buffer device 5 size 2097152 ptr 0xa1aa00000
furious-puma-1:117003:117642 [7] NCCL INFO Imported shareable buffer device 7 size 2097152 ptr 0xa1b600000
furious-puma-1:116996:117641 [0] NCCL INFO UDS converted handle 0x7cd2a403d2c0 to fd 150 on remote peer 7
furious-puma-1:116999:117643 [3] NCCL INFO Imported shareable buffer device 3 size 2097152 ptr 0xa1b600000
furious-puma-1:116997:117645 [1] NCCL INFO UDS converted handle 0x775d9401a650 to fd 144 on remote peer 2
furious-puma-1:117002:117640 [6] NCCL INFO Imported shareable buffer device 6 size 2097152 ptr 0xa19600000
furious-puma-1:116998:117639 [2] NCCL INFO Imported shareable buffer device 2 size 10485760 ptr 0xa1ac00000
furious-puma-1:116996:117641 [0] NCCL INFO Imported shareable buffer device 0 size 2097152 ptr 0xa1b600000
furious-puma-1:117001:117646 [5] NCCL INFO UDS converted handle 0x74986c018a50 to fd 146 on remote peer 6
furious-puma-1:117000:117644 [4] NCCL INFO UDS converted handle 0x7192f4017250 to fd 143 on remote peer 5
furious-puma-1:116997:117645 [1] NCCL INFO Imported shareable buffer device 1 size 10485760 ptr 0xa1c000000
furious-puma-1:117001:117646 [5] NCCL INFO Imported shareable buffer device 5 size 10485760 ptr 0xa1ac00000
furious-puma-1:117000:117644 [4] NCCL INFO Imported shareable buffer device 4 size 10485760 ptr 0xa1a000000
furious-puma-1:116999:117643 [3] NCCL INFO UDS converted handle 0x7153c401a6a0 to fd 145 on remote peer 4
furious-puma-1:117003:117642 [7] NCCL INFO UDS converted handle 0x716a5c01a6a0 to fd 144 on remote peer 0
furious-puma-1:117001:117646 [5] NCCL INFO UDS converted handle 0x7153c403d2c0 to fd 145 on remote peer 4
furious-puma-1:117002:117640 [6] NCCL INFO UDS converted handle 0x7cd2a4017250 to fd 145 on remote peer 7
furious-puma-1:117000:117644 [4] NCCL INFO UDS converted handle 0x7b21dc03bd90 to fd 143 on remote peer 3
furious-puma-1:116998:117639 [2] NCCL INFO UDS converted handle 0x7beb7403d2c0 to fd 145 on remote peer 1
furious-puma-1:117001:117646 [5] NCCL INFO Imported shareable buffer device 5 size 2097152 ptr 0xa1b600000
furious-puma-1:117001:117646 [5] NCCL INFO UDS converted handle 0x74986c01a650 to fd 145 on remote peer 6
furious-puma-1:117000:117644 [4] NCCL INFO Imported shareable buffer device 4 size 2097152 ptr 0xa1aa00000
furious-puma-1:116999:117643 [3] NCCL INFO Imported shareable buffer device 3 size 10485760 ptr 0xa1c000000
furious-puma-1:117003:117642 [7] NCCL INFO Imported shareable buffer device 7 size 10485760 ptr 0xa1c000000
furious-puma-1:117002:117640 [6] NCCL INFO Imported shareable buffer device 6 size 10485760 ptr 0xa1a000000
furious-puma-1:116998:117639 [2] NCCL INFO Imported shareable buffer device 2 size 2097152 ptr 0xa1b600000
furious-puma-1:116996:117641 [0] NCCL INFO UDS converted handle 0x7beb7401a6a0 to fd 151 on remote peer 1
furious-puma-1:117001:117646 [5] NCCL INFO Imported shareable buffer device 5 size 10485760 ptr 0xa1c000000
furious-puma-1:117000:117644 [4] NCCL INFO UDS converted handle 0x7192f4018a50 to fd 145 on remote peer 5
furious-puma-1:116997:117645 [1] NCCL INFO UDS converted handle 0x716a5c03e7a0 to fd 144 on remote peer 0
furious-puma-1:116997:117645 [1] NCCL INFO Imported shareable buffer device 1 size 2097152 ptr 0xa1ca00000
furious-puma-1:117000:117644 [4] NCCL INFO Imported shareable buffer device 4 size 10485760 ptr 0xa1ac00000
furious-puma-1:117003:117642 [7] NCCL INFO UDS converted handle 0x74986c03e750 to fd 144 on remote peer 6
furious-puma-1:116996:117641 [0] NCCL INFO Imported shareable buffer device 0 size 10485760 ptr 0xa1c000000
furious-puma-1:117002:117640 [6] NCCL INFO UDS converted handle 0x7192f403bde0 to fd 145 on remote peer 5
furious-puma-1:116999:117643 [3] NCCL INFO UDS converted handle 0x775d9403e750 to fd 145 on remote peer 2
furious-puma-1:116999:117643 [3] NCCL INFO Imported shareable buffer device 3 size 2097152 ptr 0xa1ca00000
furious-puma-1:117003:117642 [7] NCCL INFO Imported shareable buffer device 7 size 2097152 ptr 0xa1ca00000
furious-puma-1:117001:117646 [5] NCCL INFO UDS converted handle 0x7153c403e7a0 to fd 143 on remote peer 4
furious-puma-1:116998:117639 [2] NCCL INFO UDS converted handle 0x7b21dc01a650 to fd 145 on remote peer 3
furious-puma-1:116996:117641 [0] NCCL INFO UDS converted handle 0x7cd2a403e7a0 to fd 150 on remote peer 7
furious-puma-1:117001:117646 [5] NCCL INFO Imported shareable buffer device 5 size 2097152 ptr 0xa1ca00000
furious-puma-1:117002:117640 [6] NCCL INFO Imported shareable buffer device 6 size 2097152 ptr 0xa1aa00000
furious-puma-1:116996:117641 [0] NCCL INFO Imported shareable buffer device 0 size 2097152 ptr 0xa1ca00000
furious-puma-1:116998:117639 [2] NCCL INFO Imported shareable buffer device 2 size 10485760 ptr 0xa1c000000
furious-puma-1:116997:117645 [1] NCCL INFO UDS converted handle 0x775d9401be50 to fd 144 on remote peer 2
furious-puma-1:117003:117642 [7] NCCL INFO UDS converted handle 0x716a5c01bea0 to fd 144 on remote peer 0
furious-puma-1:117000:117644 [4] NCCL INFO UDS converted handle 0x7b21dc03d270 to fd 145 on remote peer 3
furious-puma-1:117001:117646 [5] NCCL INFO UDS converted handle 0x74986c01be50 to fd 145 on remote peer 6
furious-puma-1:117000:117644 [4] NCCL INFO Imported shareable buffer device 4 size 2097152 ptr 0xa1b600000
furious-puma-1:117003:117642 [7] NCCL INFO Imported shareable buffer device 7 size 10485760 ptr 0xa1cc00000
furious-puma-1:116999:117643 [3] NCCL INFO UDS converted handle 0x7153c401bea0 to fd 145 on remote peer 4
furious-puma-1:116997:117645 [1] NCCL INFO Imported shareable buffer device 1 size 10485760 ptr 0xa1cc00000
furious-puma-1:117001:117646 [5] NCCL INFO Imported shareable buffer device 5 size 10485760 ptr 0xa1cc00000
furious-puma-1:117001:117646 [5] NCCL INFO UDS converted handle 0x7153c403fc80 to fd 145 on remote peer 4
furious-puma-1:117002:117640 [6] NCCL INFO UDS converted handle 0x7cd2a4018a50 to fd 145 on remote peer 7
furious-puma-1:116996:117641 [0] NCCL INFO UDS converted handle 0x7beb7401bea0 to fd 150 on remote peer 1
furious-puma-1:117001:117646 [5] NCCL INFO Imported shareable buffer device 5 size 2097152 ptr 0xa1d600000
furious-puma-1:116999:117643 [3] NCCL INFO Imported shareable buffer device 3 size 10485760 ptr 0xa1cc00000
furious-puma-1:117002:117640 [6] NCCL INFO Imported shareable buffer device 6 size 10485760 ptr 0xa1ac00000
furious-puma-1:116996:117641 [0] NCCL INFO Imported shareable buffer device 0 size 10485760 ptr 0xa1cc00000
furious-puma-1:116997:117645 [1] NCCL INFO UDS converted handle 0x716a5c03fc80 to fd 144 on remote peer 0
furious-puma-1:117003:117642 [7] NCCL INFO UDS converted handle 0x74986c03fc30 to fd 144 on remote peer 6
furious-puma-1:117000:117644 [4] NCCL INFO UDS converted handle 0x7192f401a6a0 to fd 143 on remote peer 5
furious-puma-1:116998:117639 [2] NCCL INFO UDS converted handle 0x7beb7403e7a0 to fd 144 on remote peer 1
furious-puma-1:117003:117642 [7] NCCL INFO Imported shareable buffer device 7 size 2097152 ptr 0xa1d600000
furious-puma-1:116997:117645 [1] NCCL INFO Imported shareable buffer device 1 size 2097152 ptr 0xa1d600000
furious-puma-1:117000:117644 [4] NCCL INFO Imported shareable buffer device 4 size 10485760 ptr 0xa1c000000
furious-puma-1:116998:117639 [2] NCCL INFO Imported shareable buffer device 2 size 2097152 ptr 0xa1ca00000
furious-puma-1:117002:117640 [6] NCCL INFO UDS converted handle 0x7192f403d2c0 to fd 146 on remote peer 5
furious-puma-1:116996:117641 [0] NCCL INFO UDS converted handle 0x7cd2a403fc80 to fd 149 on remote peer 7
furious-puma-1:116999:117643 [3] NCCL INFO UDS converted handle 0x775d9403fc30 to fd 145 on remote peer 2
furious-puma-1:117001:117646 [5] NCCL INFO UDS converted handle 0x74986c01d650 to fd 145 on remote peer 6
furious-puma-1:116996:117641 [0] NCCL INFO Imported shareable buffer device 0 size 2097152 ptr 0xa1d600000
furious-puma-1:117002:117640 [6] NCCL INFO Imported shareable buffer device 6 size 2097152 ptr 0xa1b600000
furious-puma-1:117003:117642 [7] NCCL INFO UDS converted handle 0x716a5c01d6a0 to fd 144 on remote peer 0
furious-puma-1:116999:117643 [3] NCCL INFO Imported shareable buffer device 3 size 2097152 ptr 0xa1d600000
furious-puma-1:117000:117644 [4] NCCL INFO UDS converted handle 0x7b21dc03e750 to fd 145 on remote peer 3
furious-puma-1:117003:117642 [7] NCCL INFO Imported shareable buffer device 7 size 10485760 ptr 0xa1e000000
furious-puma-1:117001:117646 [5] NCCL INFO Imported shareable buffer device 5 size 10485760 ptr 0xa1e000000
furious-puma-1:116996:117641 [0] NCCL INFO UDS converted handle 0x7beb7401d6a0 to fd 150 on remote peer 1
furious-puma-1:117000:117644 [4] NCCL INFO Imported shareable buffer device 4 size 2097152 ptr 0xa1ca00000
furious-puma-1:116997:117645 [1] NCCL INFO UDS converted handle 0x775d9401d650 to fd 144 on remote peer 2
furious-puma-1:116998:117639 [2] NCCL INFO UDS converted handle 0x7b21dc01be50 to fd 145 on remote peer 3
furious-puma-1:116999:117643 [3] NCCL INFO UDS converted handle 0x7153c401d6a0 to fd 144 on remote peer 4
furious-puma-1:117002:117640 [6] NCCL INFO UDS converted handle 0x7cd2a401a6a0 to fd 145 on remote peer 7
furious-puma-1:116996:117641 [0] NCCL INFO Imported shareable buffer device 0 size 10485760 ptr 0xa1e000000
furious-puma-1:116997:117645 [1] NCCL INFO Imported shareable buffer device 1 size 10485760 ptr 0xa1e000000
furious-puma-1:117003:117642 [7] NCCL INFO UDS converted handle 0x74986c0412f0 to fd 144 on remote peer 6
furious-puma-1:116998:117639 [2] NCCL INFO Imported shareable buffer device 2 size 10485760 ptr 0xa1cc00000
furious-puma-1:116997:117645 [1] NCCL INFO UDS converted handle 0x716a5c041340 to fd 144 on remote peer 0
furious-puma-1:116999:117643 [3] NCCL INFO Imported shareable buffer device 3 size 10485760 ptr 0xa1e000000
furious-puma-1:117002:117640 [6] NCCL INFO Imported shareable buffer device 6 size 10485760 ptr 0xa1c000000
furious-puma-1:116997:117645 [1] NCCL INFO Imported shareable buffer device 1 size 2097152 ptr 0xa1ea00000
furious-puma-1:117001:117646 [5] NCCL INFO UDS converted handle 0x7153c4041340 to fd 146 on remote peer 4
furious-puma-1:117003:117642 [7] NCCL INFO Imported shareable buffer device 7 size 2097152 ptr 0xa1ea00000
furious-puma-1:117000:117644 [4] NCCL INFO UDS converted handle 0x7192f401bea0 to fd 145 on remote peer 5
furious-puma-1:116996:117641 [0] NCCL INFO UDS converted handle 0x7cd2a4041340 to fd 150 on remote peer 7
furious-puma-1:116999:117643 [3] NCCL INFO UDS converted handle 0x775d940412f0 to fd 145 on remote peer 2
furious-puma-1:117001:117646 [5] NCCL INFO Imported shareable buffer device 5 size 2097152 ptr 0xa1ea00000
furious-puma-1:116996:117641 [0] NCCL INFO Imported shareable buffer device 0 size 2097152 ptr 0xa1ea00000
furious-puma-1:117001:117646 [5] NCCL INFO UDS converted handle 0x74986c01f2a0 to fd 145 on remote peer 6
furious-puma-1:116998:117639 [2] NCCL INFO UDS converted handle 0x7beb7403fc80 to fd 145 on remote peer 1
furious-puma-1:116999:117643 [3] NCCL INFO Imported shareable buffer device 3 size 2097152 ptr 0xa1ea00000
furious-puma-1:116998:117639 [2] NCCL INFO Imported shareable buffer device 2 size 2097152 ptr 0xa1d600000
furious-puma-1:117000:117644 [4] NCCL INFO Imported shareable buffer device 4 size 10485760 ptr 0xa1cc00000
furious-puma-1:117002:117640 [6] NCCL INFO UDS converted handle 0x7192f403e7a0 to fd 145 on remote peer 5
furious-puma-1:117001:117646 [5] NCCL INFO Imported shareable buffer device 5 size 10485760 ptr 0xa1ec00000
furious-puma-1:116997:117645 [1] NCCL INFO UDS converted handle 0x775d9401f2a0 to fd 144 on remote peer 2
furious-puma-1:116998:117639 [2] NCCL INFO UDS converted handle 0x7b21dc01d650 to fd 145 on remote peer 3
furious-puma-1:117003:117642 [7] NCCL INFO UDS converted handle 0x716a5c01f2f0 to fd 144 on remote peer 0
furious-puma-1:116996:117641 [0] NCCL INFO UDS converted handle 0x7beb7401f2f0 to fd 150 on remote peer 1
furious-puma-1:117002:117640 [6] NCCL INFO Imported shareable buffer device 6 size 2097152 ptr 0xa1ca00000
furious-puma-1:116999:117643 [3] NCCL INFO UDS converted handle 0x7153c401f2f0 to fd 145 on remote peer 4
furious-puma-1:116997:117645 [1] NCCL INFO Imported shareable buffer device 1 size 10485760 ptr 0xa1ec00000
furious-puma-1:117003:117642 [7] NCCL INFO Imported shareable buffer device 7 size 10485760 ptr 0xa1ec00000
furious-puma-1:116996:117641 [0] NCCL INFO Imported shareable buffer device 0 size 10485760 ptr 0xa1ec00000
furious-puma-1:116998:117639 [2] NCCL INFO Imported shareable buffer device 2 size 10485760 ptr 0xa1e000000
furious-puma-1:116999:117643 [3] NCCL INFO Imported shareable buffer device 3 size 10485760 ptr 0xa1ec00000
furious-puma-1:117000:117644 [4] NCCL INFO UDS converted handle 0x7b21dc03fc30 to fd 146 on remote peer 3
furious-puma-1:117002:117640 [6] NCCL INFO UDS converted handle 0x7cd2a401bea0 to fd 146 on remote peer 7
furious-puma-1:117001:117646 [5] NCCL INFO UDS converted handle 0x7153c4042b40 to fd 145 on remote peer 4
furious-puma-1:116997:117645 [1] NCCL INFO UDS converted handle 0x716a5c042b40 to fd 144 on remote peer 0
furious-puma-1:117003:117642 [7] NCCL INFO UDS converted handle 0x74986c042af0 to fd 144 on remote peer 6
furious-puma-1:117001:117646 [5] NCCL INFO Imported shareable buffer device 5 size 2097152 ptr 0xa1f600000
furious-puma-1:116998:117639 [2] NCCL INFO UDS converted handle 0x7beb74041340 to fd 145 on remote peer 1
furious-puma-1:116998:117639 [2] NCCL INFO Imported shareable buffer device 2 size 2097152 ptr 0xa1ea00000
furious-puma-1:117000:117644 [4] NCCL INFO Imported shareable buffer device 4 size 2097152 ptr 0xa1d600000
furious-puma-1:116999:117643 [3] NCCL INFO UDS converted handle 0x775d94042af0 to fd 145 on remote peer 2
furious-puma-1:116997:117645 [1] NCCL INFO Imported shareable buffer device 1 size 2097152 ptr 0xa1f600000
furious-puma-1:117001:117646 [5] NCCL INFO UDS converted handle 0x74986c020aa0 to fd 145 on remote peer 6
furious-puma-1:117003:117642 [7] NCCL INFO Imported shareable buffer device 7 size 2097152 ptr 0xa1f600000
furious-puma-1:117002:117640 [6] NCCL INFO Imported shareable buffer device 6 size 10485760 ptr 0xa1cc00000
furious-puma-1:116996:117641 [0] NCCL INFO UDS converted handle 0x7cd2a4042b40 to fd 150 on remote peer 7
furious-puma-1:117001:117646 [5] NCCL INFO Imported shareable buffer device 5 size 10485760 ptr 0x31c0000000
furious-puma-1:116999:117643 [3] NCCL INFO Imported shareable buffer device 3 size 2097152 ptr 0xa1f600000
furious-puma-1:116998:117639 [2] NCCL INFO UDS converted handle 0x7b21dc01f2a0 to fd 145 on remote peer 3
furious-puma-1:116996:117641 [0] NCCL INFO Imported shareable buffer device 0 size 2097152 ptr 0xa1f600000
furious-puma-1:117000:117644 [4] NCCL INFO UDS converted handle 0x7192f401d6a0 to fd 145 on remote peer 5
furious-puma-1:116997:117645 [1] NCCL INFO UDS converted handle 0x775d94020aa0 to fd 144 on remote peer 2
furious-puma-1:116998:117639 [2] NCCL INFO Imported shareable buffer device 2 size 10485760 ptr 0xa1ec00000
furious-puma-1:117003:117642 [7] NCCL INFO UDS converted handle 0x716a5c020af0 to fd 144 on remote peer 0
furious-puma-1:116997:117645 [1] NCCL INFO Imported shareable buffer device 1 size 10485760 ptr 0x31c0000000
furious-puma-1:116996:117641 [0] NCCL INFO UDS converted handle 0x7beb74020af0 to fd 150 on remote peer 1
furious-puma-1:117001:117646 [5] NCCL INFO UDS converted handle 0x7153c4044340 to fd 145 on remote peer 4
furious-puma-1:117000:117644 [4] NCCL INFO Imported shareable buffer device 4 size 10485760 ptr 0xa1e000000
furious-puma-1:117001:117646 [5] NCCL INFO Imported shareable buffer device 5 size 2097152 ptr 0x31c0a00000
furious-puma-1:117002:117640 [6] NCCL INFO UDS converted handle 0x7192f403fc80 to fd 145 on remote peer 5
furious-puma-1:117003:117642 [7] NCCL INFO Imported shareable buffer device 7 size 10485760 ptr 0x31c0000000
furious-puma-1:116996:117641 [0] NCCL INFO Imported shareable buffer device 0 size 10485760 ptr 0x31c0000000
furious-puma-1:116998:117639 [2] NCCL INFO UDS converted handle 0x7beb74042b40 to fd 145 on remote peer 1
furious-puma-1:116997:117645 [1] NCCL INFO UDS converted handle 0x716a5c044340 to fd 144 on remote peer 0
furious-puma-1:117000:117644 [4] NCCL INFO UDS converted handle 0x7b21dc0412f0 to fd 145 on remote peer 3
furious-puma-1:116999:117643 [3] NCCL INFO UDS converted handle 0x7153c4020af0 to fd 144 on remote peer 4
furious-puma-1:117002:117640 [6] NCCL INFO Imported shareable buffer device 6 size 2097152 ptr 0xa1d600000
furious-puma-1:116997:117645 [1] NCCL INFO Imported shareable buffer device 1 size 2097152 ptr 0x31c0a00000
furious-puma-1:116998:117639 [2] NCCL INFO Imported shareable buffer device 2 size 2097152 ptr 0xa1f600000
furious-puma-1:117001:117646 [5] NCCL INFO UDS converted handle 0x74986c0222a0 to fd 143 on remote peer 6
furious-puma-1:117000:117644 [4] NCCL INFO Imported shareable buffer device 4 size 2097152 ptr 0xa1ea00000
furious-puma-1:116999:117643 [3] NCCL INFO Imported shareable buffer device 3 size 10485760 ptr 0x31c0000000
furious-puma-1:117001:117646 [5] NCCL INFO Imported shareable buffer device 5 size 10485760 ptr 0x31c0c00000
furious-puma-1:116996:117641 [0] NCCL INFO UDS converted handle 0x7cd2a4044340 to fd 149 on remote peer 7
furious-puma-1:116997:117645 [1] NCCL INFO UDS converted handle 0x775d940222a0 to fd 144 on remote peer 2
furious-puma-1:116999:117643 [3] NCCL INFO UDS converted handle 0x775d940442f0 to fd 145 on remote peer 2
furious-puma-1:116997:117645 [1] NCCL INFO Imported shareable buffer device 1 size 10485760 ptr 0x31c0c00000
furious-puma-1:116998:117639 [2] NCCL INFO UDS converted handle 0x7b21dc020aa0 to fd 145 on remote peer 3
furious-puma-1:117000:117644 [4] NCCL INFO UDS converted handle 0x7192f401f2f0 to fd 145 on remote peer 5
furious-puma-1:117003:117642 [7] NCCL INFO UDS converted handle 0x74986c0442f0 to fd 144 on remote peer 6
furious-puma-1:117000:117644 [4] NCCL INFO Imported shareable buffer device 4 size 10485760 ptr 0xa1ec00000
furious-puma-1:116996:117641 [0] NCCL INFO Imported shareable buffer device 0 size 2097152 ptr 0x31c0a00000
furious-puma-1:116999:117643 [3] NCCL INFO Imported shareable buffer device 3 size 2097152 ptr 0x31c0a00000
furious-puma-1:117002:117640 [6] NCCL INFO UDS converted handle 0x7cd2a401d6a0 to fd 145 on remote peer 7
furious-puma-1:117003:117642 [7] NCCL INFO Imported shareable buffer device 7 size 2097152 ptr 0x31c0a00000
furious-puma-1:116997:117645 [1] NCCL INFO UDS converted handle 0x716a5c045a00 to fd 144 on remote peer 0
furious-puma-1:117001:117646 [5] NCCL INFO UDS converted handle 0x7153c4045a00 to fd 145 on remote peer 4
furious-puma-1:116998:117639 [2] NCCL INFO Imported shareable buffer device 2 size 10485760 ptr 0x31c0000000
furious-puma-1:116997:117645 [1] NCCL INFO Imported shareable buffer device 1 size 2097152 ptr 0x31c1600000
furious-puma-1:117002:117640 [6] NCCL INFO Imported shareable buffer device 6 size 10485760 ptr 0xa1e000000
furious-puma-1:117000:117644 [4] NCCL INFO UDS converted handle 0x7b21dc042af0 to fd 145 on remote peer 3
furious-puma-1:116996:117641 [0] NCCL INFO UDS converted handle 0x7beb740222f0 to fd 150 on remote peer 1
furious-puma-1:117001:117646 [5] NCCL INFO Imported shareable buffer device 5 size 2097152 ptr 0x31c1600000
furious-puma-1:117000:117644 [4] NCCL INFO Imported shareable buffer device 4 size 2097152 ptr 0xa1f600000
furious-puma-1:116999:117643 [3] NCCL INFO UDS converted handle 0x7153c40222f0 to fd 145 on remote peer 4
furious-puma-1:116997:117645 [1] NCCL INFO UDS converted handle 0x775d94023ef0 to fd 144 on remote peer 2
furious-puma-1:117001:117646 [5] NCCL INFO UDS converted handle 0x74986c023ef0 to fd 145 on remote peer 6
furious-puma-1:116996:117641 [0] NCCL INFO Imported shareable buffer device 0 size 10485760 ptr 0x31c0c00000
furious-puma-1:117003:117642 [7] NCCL INFO UDS converted handle 0x716a5c0222f0 to fd 144 on remote peer 0
furious-puma-1:116998:117639 [2] NCCL INFO UDS converted handle 0x7beb74044340 to fd 145 on remote peer 1
furious-puma-1:116997:117645 [1] NCCL INFO Imported shareable buffer device 1 size 10485760 ptr 0x31c2000000
furious-puma-1:117001:117646 [5] NCCL INFO Imported shareable buffer device 5 size 10485760 ptr 0x31c2000000
furious-puma-1:116999:117643 [3] NCCL INFO Imported shareable buffer device 3 size 10485760 ptr 0x31c0c00000
furious-puma-1:117002:117640 [6] NCCL INFO UDS converted handle 0x7192f4041340 to fd 145 on remote peer 5
furious-puma-1:116996:117641 [0] NCCL INFO UDS converted handle 0x7cd2a4045a00 to fd 149 on remote peer 7
furious-puma-1:117003:117642 [7] NCCL INFO Imported shareable buffer device 7 size 10485760 ptr 0x31c0c00000
furious-puma-1:116998:117639 [2] NCCL INFO Imported shareable buffer device 2 size 2097152 ptr 0x31c0a00000
furious-puma-1:117002:117640 [6] NCCL INFO Imported shareable buffer device 6 size 2097152 ptr 0xa1ea00000
furious-puma-1:116997:117645 [1] NCCL INFO UDS converted handle 0x716a5c047340 to fd 144 on remote peer 0
furious-puma-1:117003:117642 [7] NCCL INFO UDS converted handle 0x74986c0459b0 to fd 144 on remote peer 6
furious-puma-1:116996:117641 [0] NCCL INFO Imported shareable buffer device 0 size 2097152 ptr 0x31c1600000
furious-puma-1:117001:117646 [5] NCCL INFO UDS converted handle 0x7153c4047340 to fd 145 on remote peer 4
furious-puma-1:116997:117645 [1] NCCL INFO Imported shareable buffer device 1 size 2097152 ptr 0x31c2a00000
furious-puma-1:117000:117644 [4] NCCL INFO UDS converted handle 0x7192f4020af0 to fd 145 on remote peer 5
furious-puma-1:116999:117643 [3] NCCL INFO UDS converted handle 0x775d940459b0 to fd 145 on remote peer 2
furious-puma-1:117001:117646 [5] NCCL INFO Imported shareable buffer device 5 size 2097152 ptr 0x31c2a00000
furious-puma-1:117003:117642 [7] NCCL INFO Imported shareable buffer device 7 size 2097152 ptr 0x31c1600000
furious-puma-1:117002:117640 [6] NCCL INFO UDS converted handle 0x7cd2a401f2f0 to fd 145 on remote peer 7
furious-puma-1:117000:117644 [4] NCCL INFO Imported shareable buffer device 4 size 10485760 ptr 0x31c0000000
furious-puma-1:116996:117641 [0] NCCL INFO UDS converted handle 0x7beb74023f40 to fd 150 on remote peer 1
furious-puma-1:116998:117639 [2] NCCL INFO UDS converted handle 0x7b21dc0222a0 to fd 145 on remote peer 3
furious-puma-1:116999:117643 [3] NCCL INFO Imported shareable buffer device 3 size 2097152 ptr 0x31c1600000
furious-puma-1:117001:117646 [5] NCCL INFO UDS converted handle 0x74986c0256f0 to fd 145 on remote peer 6
furious-puma-1:117001:117646 [5] NCCL INFO Imported shareable buffer device 5 size 10485760 ptr 0x31c2c00000
furious-puma-1:117002:117640 [6] NCCL INFO Imported shareable buffer device 6 size 10485760 ptr 0xa1ec00000
furious-puma-1:116997:117645 [1] NCCL INFO UDS converted handle 0x775d940256f0 to fd 144 on remote peer 2
furious-puma-1:116996:117641 [0] NCCL INFO Imported shareable buffer device 0 size 10485760 ptr 0x31c2000000
furious-puma-1:117000:117644 [4] NCCL INFO UDS converted handle 0x7b21dc0442f0 to fd 146 on remote peer 3
furious-puma-1:117003:117642 [7] NCCL INFO UDS converted handle 0x716a5c023f40 to fd 144 on remote peer 0
furious-puma-1:116998:117639 [2] NCCL INFO Imported shareable buffer device 2 size 10485760 ptr 0x31c0c00000
furious-puma-1:116997:117645 [1] NCCL INFO Imported shareable buffer device 1 size 10485760 ptr 0x31c2c00000
furious-puma-1:116999:117643 [3] NCCL INFO UDS converted handle 0x7153c4023f40 to fd 145 on remote peer 4
furious-puma-1:117000:117644 [4] NCCL INFO Imported shareable buffer device 4 size 2097152 ptr 0x31c0a00000
furious-puma-1:116999:117643 [3] NCCL INFO Imported shareable buffer device 3 size 10485760 ptr 0x31c2000000
furious-puma-1:117002:117640 [6] NCCL INFO UDS converted handle 0x7192f4042b40 to fd 145 on remote peer 5
furious-puma-1:116997:117645 [1] NCCL INFO UDS converted handle 0x716a5c048d10 to fd 144 on remote peer 0
furious-puma-1:116996:117641 [0] NCCL INFO UDS converted handle 0x7cd2a4047340 to fd 150 on remote peer 7
furious-puma-1:117003:117642 [7] NCCL INFO Imported shareable buffer device 7 size 10485760 ptr 0x31c2000000
furious-puma-1:117001:117646 [5] NCCL INFO UDS converted handle 0x7153c4048d10 to fd 145 on remote peer 4
furious-puma-1:116999:117643 [3] NCCL INFO UDS converted handle 0x775d940472f0 to fd 145 on remote peer 2
furious-puma-1:117002:117640 [6] NCCL INFO Imported shareable buffer device 6 size 2097152 ptr 0xa1f600000
furious-puma-1:116996:117641 [0] NCCL INFO Imported shareable buffer device 0 size 2097152 ptr 0x31c2a00000
furious-puma-1:116997:117645 [1] NCCL INFO Imported shareable buffer device 1 size 2097152 ptr 0x31c3600000
furious-puma-1:116998:117639 [2] NCCL INFO UDS converted handle 0x7beb74045a00 to fd 145 on remote peer 1
furious-puma-1:117001:117646 [5] NCCL INFO Imported shareable buffer device 5 size 2097152 ptr 0x31c3600000
furious-puma-1:116999:117643 [3] NCCL INFO Imported shareable buffer device 3 size 2097152 ptr 0x31c2a00000
furious-puma-1:117000:117644 [4] NCCL INFO UDS converted handle 0x7192f40222f0 to fd 145 on remote peer 5
furious-puma-1:116998:117639 [2] NCCL INFO Imported shareable buffer device 2 size 2097152 ptr 0x31c1600000
furious-puma-1:117003:117642 [7] NCCL INFO UDS converted handle 0x74986c0472f0 to fd 144 on remote peer 6
furious-puma-1:117002:117640 [6] NCCL INFO UDS converted handle 0x7cd2a4020af0 to fd 145 on remote peer 7
furious-puma-1:117001:117646 [5] NCCL INFO UDS converted handle 0x74986c026ef0 to fd 143 on remote peer 6
furious-puma-1:117000:117644 [4] NCCL INFO Imported shareable buffer device 4 size 10485760 ptr 0x31c0c00000
furious-puma-1:116996:117641 [0] NCCL INFO UDS converted handle 0x7beb74025740 to fd 150 on remote peer 1
furious-puma-1:116997:117645 [1] NCCL INFO UDS converted handle 0x775d94026ef0 to fd 143 on remote peer 2
furious-puma-1:116999:117643 [3] NCCL INFO UDS converted handle 0x7153c4025740 to fd 145 on remote peer 4
furious-puma-1:117003:117642 [7] NCCL INFO Imported shareable buffer device 7 size 2097152 ptr 0x31c2a00000
furious-puma-1:116998:117639 [2] NCCL INFO UDS converted handle 0x7b21dc023ef0 to fd 145 on remote peer 3
furious-puma-1:117002:117640 [6] NCCL INFO Imported shareable buffer device 6 size 10485760 ptr 0x31c0000000
furious-puma-1:117001:117646 [5] NCCL INFO Imported shareable buffer device 5 size 10485760 ptr 0x31c4000000
furious-puma-1:116996:117641 [0] NCCL INFO Imported shareable buffer device 0 size 10485760 ptr 0x31c2c00000
furious-puma-1:116997:117645 [1] NCCL INFO Imported shareable buffer device 1 size 10485760 ptr 0x31c4000000
furious-puma-1:117002:117640 [6] NCCL INFO UDS converted handle 0x7192f4044340 to fd 145 on remote peer 5
furious-puma-1:117003:117642 [7] NCCL INFO UDS converted handle 0x716a5c025740 to fd 144 on remote peer 0
furious-puma-1:117000:117644 [4] NCCL INFO UDS converted handle 0x7b21dc0459b0 to fd 145 on remote peer 3
furious-puma-1:116999:117643 [3] NCCL INFO Imported shareable buffer device 3 size 10485760 ptr 0x31c2c00000
furious-puma-1:117003:117642 [7] NCCL INFO Imported shareable buffer device 7 size 10485760 ptr 0x31c2c00000
furious-puma-1:116998:117639 [2] NCCL INFO Imported shareable buffer device 2 size 10485760 ptr 0x31c2000000
furious-puma-1:116997:117645 [1] NCCL INFO UDS converted handle 0x716a5c04a510 to fd 144 on remote peer 0
furious-puma-1:117000:117644 [4] NCCL INFO Imported shareable buffer device 4 size 2097152 ptr 0x31c1600000
furious-puma-1:116996:117641 [0] NCCL INFO UDS converted handle 0x7cd2a4048d10 to fd 150 on remote peer 7
furious-puma-1:116997:117645 [1] NCCL INFO Imported shareable buffer device 1 size 2097152 ptr 0x31c4a00000
furious-puma-1:117002:117640 [6] NCCL INFO Imported shareable buffer device 6 size 2097152 ptr 0x31c0a00000
furious-puma-1:117001:117646 [5] NCCL INFO UDS converted handle 0x7153c404a510 to fd 145 on remote peer 4
furious-puma-1:117003:117642 [7] NCCL INFO UDS converted handle 0x74986c048cc0 to fd 144 on remote peer 6
furious-puma-1:116998:117639 [2] NCCL INFO UDS converted handle 0x7beb74047340 to fd 146 on remote peer 1
furious-puma-1:116996:117641 [0] NCCL INFO Imported shareable buffer device 0 size 2097152 ptr 0x31c3600000
furious-puma-1:116999:117643 [3] NCCL INFO UDS converted handle 0x775d94048cc0 to fd 145 on remote peer 2
furious-puma-1:117002:117640 [6] NCCL INFO UDS converted handle 0x7cd2a40222f0 to fd 145 on remote peer 7
furious-puma-1:117001:117646 [5] NCCL INFO Imported shareable buffer device 5 size 2097152 ptr 0x31c4a00000
furious-puma-1:116998:117639 [2] NCCL INFO Imported shareable buffer device 2 size 2097152 ptr 0x31c2a00000
furious-puma-1:117003:117642 [7] NCCL INFO Imported shareable buffer device 7 size 2097152 ptr 0x31c3600000
furious-puma-1:117000:117644 [4] NCCL INFO UDS converted handle 0x7192f4023f40 to fd 145 on remote peer 5
furious-puma-1:117001:117646 [5] NCCL INFO UDS converted handle 0x74986c028b40 to fd 145 on remote peer 6
furious-puma-1:117000:117644 [4] NCCL INFO Imported shareable buffer device 4 size 10485760 ptr 0x31c2000000
furious-puma-1:116999:117643 [3] NCCL INFO Imported shareable buffer device 3 size 2097152 ptr 0x31c3600000
furious-puma-1:117002:117640 [6] NCCL INFO Imported shareable buffer device 6 size 10485760 ptr 0x31c0c00000
furious-puma-1:116996:117641 [0] NCCL INFO UDS converted handle 0x7beb74026f40 to fd 150 on remote peer 1
furious-puma-1:116998:117639 [2] NCCL INFO UDS converted handle 0x7b21dc0256f0 to fd 145 on remote peer 3
furious-puma-1:116997:117645 [1] NCCL INFO UDS converted handle 0x775d94028b40 to fd 144 on remote peer 2
furious-puma-1:116998:117639 [2] NCCL INFO Imported shareable buffer device 2 size 10485760 ptr 0x31c2c00000
furious-puma-1:117001:117646 [5] NCCL INFO Imported shareable buffer device 5 size 10485760 ptr 0x31c4c00000
furious-puma-1:117003:117642 [7] NCCL INFO UDS converted handle 0x716a5c026f40 to fd 144 on remote peer 0
furious-puma-1:116999:117643 [3] NCCL INFO UDS converted handle 0x7153c4026f40 to fd 145 on remote peer 4
furious-puma-1:116996:117641 [0] NCCL INFO Imported shareable buffer device 0 size 10485760 ptr 0x31c4000000
furious-puma-1:116997:117645 [1] NCCL INFO Imported shareable buffer device 1 size 10485760 ptr 0x31c4c00000
furious-puma-1:116999:117643 [3] NCCL INFO Imported shareable buffer device 3 size 10485760 ptr 0x31c4000000
furious-puma-1:117002:117640 [6] NCCL INFO UDS converted handle 0x7192f4045a00 to fd 145 on remote peer 5
furious-puma-1:117000:117644 [4] NCCL INFO UDS converted handle 0x7b21dc0472f0 to fd 145 on remote peer 3
furious-puma-1:117003:117642 [7] NCCL INFO Imported shareable buffer device 7 size 10485760 ptr 0x31c4000000
furious-puma-1:116998:117639 [2] NCCL INFO UDS converted handle 0x7beb74048d10 to fd 146 on remote peer 1
furious-puma-1:116998:117639 [2] NCCL INFO Imported shareable buffer device 2 size 2097152 ptr 0x31c3600000
furious-puma-1:116999:117643 [3] NCCL INFO UDS converted handle 0x775d9404a4c0 to fd 145 on remote peer 2
furious-puma-1:117002:117640 [6] NCCL INFO Imported shareable buffer device 6 size 2097152 ptr 0x31c1600000
furious-puma-1:117003:117642 [7] NCCL INFO UDS converted handle 0x74986c04a4c0 to fd 144 on remote peer 6
furious-puma-1:116996:117641 [0] NCCL INFO UDS converted handle 0x7cd2a404a510 to fd 150 on remote peer 7
furious-puma-1:117001:117646 [5] NCCL INFO UDS converted handle 0x7153c404bd10 to fd 145 on remote peer 4
furious-puma-1:116997:117645 [1] NCCL INFO UDS converted handle 0x716a5c04bd10 to fd 144 on remote peer 0
furious-puma-1:117000:117644 [4] NCCL INFO Imported shareable buffer device 4 size 2097152 ptr 0x31c2a00000
furious-puma-1:116999:117643 [3] NCCL INFO Imported shareable buffer device 3 size 2097152 ptr 0x31c4a00000
furious-puma-1:116998:117639 [2] NCCL INFO UDS converted handle 0x7b21dc026ef0 to fd 145 on remote peer 3
furious-puma-1:117001:117646 [5] NCCL INFO Imported shareable buffer device 5 size 2097152 ptr 0x31c5600000
furious-puma-1:117003:117642 [7] NCCL INFO Imported shareable buffer device 7 size 2097152 ptr 0x31c4a00000
furious-puma-1:116999:117643 [3] NCCL INFO UDS converted handle 0x7153c4028b90 to fd 144 on remote peer 4
furious-puma-1:116999:117643 [3] NCCL INFO Imported shareable buffer device 3 size 10485760 ptr 0x31c4c00000
furious-puma-1:117002:117640 [6] NCCL INFO UDS converted handle 0x7cd2a4023f40 to fd 144 on remote peer 7
furious-puma-1:116996:117641 [0] NCCL INFO Imported shareable buffer device 0 size 2097152 ptr 0x31c4a00000
furious-puma-1:116997:117645 [1] NCCL INFO Imported shareable buffer device 1 size 2097152 ptr 0x31c5600000
furious-puma-1:117002:117640 [6] NCCL INFO Imported shareable buffer device 6 size 10485760 ptr 0x31c2000000
furious-puma-1:116998:117639 [2] NCCL INFO Imported shareable buffer device 2 size 10485760 ptr 0x31c4000000
furious-puma-1:117001:117646 [5] NCCL INFO UDS converted handle 0x74986c02a340 to fd 146 on remote peer 6
furious-puma-1:116999:117643 [3] NCCL INFO UDS converted handle 0x775d9404bcc0 to fd 145 on remote peer 2
furious-puma-1:117000:117644 [4] NCCL INFO UDS converted handle 0x7192f4025740 to fd 145 on remote peer 5
furious-puma-1:116996:117641 [0] NCCL INFO UDS converted handle 0x7beb74028b90 to fd 151 on remote peer 1
furious-puma-1:117003:117642 [7] NCCL INFO UDS converted handle 0x716a5c028b90 to fd 141 on remote peer 0
furious-puma-1:116999:117643 [3] NCCL INFO Imported shareable buffer device 3 size 2097152 ptr 0x31c5600000
furious-puma-1:117000:117644 [4] NCCL INFO Imported shareable buffer device 4 size 10485760 ptr 0x31c2c00000
furious-puma-1:116997:117645 [1] NCCL INFO UDS converted handle 0x775d9402a340 to fd 144 on remote peer 2
furious-puma-1:117001:117646 [5] NCCL INFO Imported shareable buffer device 5 size 10485760 ptr 0x31c6000000
furious-puma-1:117003:117642 [7] NCCL INFO Imported shareable buffer device 7 size 10485760 ptr 0x31c4c00000
furious-puma-1:117000:117644 [4] NCCL INFO UDS converted handle 0x7b21dc048cc0 to fd 145 on remote peer 3
furious-puma-1:117002:117640 [6] NCCL INFO UDS converted handle 0x7192f4047340 to fd 145 on remote peer 5
furious-puma-1:117003:117642 [7] NCCL INFO UDS converted handle 0x74986c04bcc0 to fd 144 on remote peer 6
furious-puma-1:116997:117645 [1] NCCL INFO Imported shareable buffer device 1 size 10485760 ptr 0x31c6000000
furious-puma-1:116996:117641 [0] NCCL INFO Imported shareable buffer device 0 size 10485760 ptr 0x31c4c00000
furious-puma-1:117000:117644 [4] NCCL INFO Imported shareable buffer device 4 size 2097152 ptr 0x31c3600000
furious-puma-1:117003:117642 [7] NCCL INFO Imported shareable buffer device 7 size 2097152 ptr 0x31c5600000
furious-puma-1:116999:117643 [3] NCCL INFO UDS converted handle 0x7153c402a390 to fd 145 on remote peer 4
furious-puma-1:116998:117639 [2] NCCL INFO UDS converted handle 0x7beb7404a510 to fd 145 on remote peer 1
furious-puma-1:117002:117640 [6] NCCL INFO Imported shareable buffer device 6 size 2097152 ptr 0x31c2a00000
furious-puma-1:116998:117639 [2] NCCL INFO Imported shareable buffer device 2 size 2097152 ptr 0x31c4a00000
furious-puma-1:116996:117641 [0] NCCL INFO UDS converted handle 0x7cd2a404bd10 to fd 151 on remote peer 7
furious-puma-1:116997:117645 [1] NCCL INFO UDS converted handle 0x716a5c04d510 to fd 144 on remote peer 0
furious-puma-1:116999:117643 [3] NCCL INFO Imported shareable buffer device 3 size 10485760 ptr 0x31c6000000
furious-puma-1:116997:117645 [1] NCCL INFO Imported shareable buffer device 1 size 2097152 ptr 0x31c6a00000
furious-puma-1:116996:117641 [0] NCCL INFO Imported shareable buffer device 0 size 2097152 ptr 0x31c5600000
furious-puma-1:117000:117644 [4] NCCL INFO UDS converted handle 0x7192f4026f40 to fd 146 on remote peer 5
furious-puma-1:117001:117646 [5] NCCL INFO UDS converted handle 0x7153c404d510 to fd 145 on remote peer 4
furious-puma-1:117003:117642 [7] NCCL INFO UDS converted handle 0x716a5c02a390 to fd 144 on remote peer 0
furious-puma-1:116998:117639 [2] NCCL INFO UDS converted handle 0x7b21dc028b40 to fd 145 on remote peer 3
furious-puma-1:117001:117646 [5] NCCL INFO Imported shareable buffer device 5 size 2097152 ptr 0x31c6a00000
furious-puma-1:117002:117640 [6] NCCL INFO UDS converted handle 0x7cd2a4025740 to fd 145 on remote peer 7
furious-puma-1:116998:117639 [2] NCCL INFO Imported shareable buffer device 2 size 10485760 ptr 0x31c4c00000
furious-puma-1:117000:117644 [4] NCCL INFO Imported shareable buffer device 4 size 10485760 ptr 0x31c4000000
furious-puma-1:117003:117642 [7] NCCL INFO Imported shareable buffer device 7 size 10485760 ptr 0x31c6000000
furious-puma-1:117001:117646 [5] NCCL INFO UDS converted handle 0x74986c02bb40 to fd 145 on remote peer 6
furious-puma-1:116996:117641 [0] NCCL INFO UDS converted handle 0x7beb7402a390 to fd 150 on remote peer 1
furious-puma-1:117002:117640 [6] NCCL INFO Imported shareable buffer device 6 size 10485760 ptr 0x31c2c00000
furious-puma-1:117001:117646 [5] NCCL INFO Imported shareable buffer device 5 size 10485760 ptr 0x31c6c00000
furious-puma-1:117002:117640 [6] NCCL INFO UDS converted handle 0x7192f4048d10 to fd 145 on remote peer 5
furious-puma-1:116999:117643 [3] NCCL INFO UDS converted handle 0x775d9404d4c0 to fd 146 on remote peer 2
furious-puma-1:117000:117644 [4] NCCL INFO UDS converted handle 0x7b21dc04a4c0 to fd 145 on remote peer 3
furious-puma-1:116997:117645 [1] NCCL INFO UDS converted handle 0x775d9402bb40 to fd 144 on remote peer 2
furious-puma-1:117002:117640 [6] NCCL INFO Imported shareable buffer device 6 size 2097152 ptr 0x31c3600000
furious-puma-1:116996:117641 [0] NCCL INFO Imported shareable buffer device 0 size 10485760 ptr 0x31c6000000
furious-puma-1:117000:117644 [4] NCCL INFO Imported shareable buffer device 4 size 2097152 ptr 0x31c4a00000
furious-puma-1:116998:117639 [2] NCCL INFO UDS converted handle 0x7beb7404bd10 to fd 145 on remote peer 1
furious-puma-1:117001:117646 [5] NCCL INFO UDS converted handle 0x7153c404ed10 to fd 145 on remote peer 4
furious-puma-1:117003:117642 [7] NCCL INFO UDS converted handle 0x74986c04d4c0 to fd 144 on remote peer 6
furious-puma-1:116999:117643 [3] NCCL INFO Imported shareable buffer device 3 size 2097152 ptr 0x31c6a00000
furious-puma-1:116997:117645 [1] NCCL INFO Imported shareable buffer device 1 size 10485760 ptr 0x31c6c00000
furious-puma-1:117000:117644 [4] NCCL INFO UDS converted handle 0x7192f4028b90 to fd 145 on remote peer 5
furious-puma-1:116998:117639 [2] NCCL INFO Imported shareable buffer device 2 size 2097152 ptr 0x31c5600000
furious-puma-1:117001:117646 [5] NCCL INFO Imported shareable buffer device 5 size 2097152 ptr 0x31c7600000
furious-puma-1:117002:117640 [6] NCCL INFO UDS converted handle 0x7cd2a4026f40 to fd 145 on remote peer 7
furious-puma-1:117003:117642 [7] NCCL INFO Imported shareable buffer device 7 size 2097152 ptr 0x31c6a00000
furious-puma-1:116999:117643 [3] NCCL INFO UDS converted handle 0x7153c402bb90 to fd 145 on remote peer 4
furious-puma-1:117000:117644 [4] NCCL INFO Imported shareable buffer device 4 size 10485760 ptr 0x31c4c00000
furious-puma-1:116998:117639 [2] NCCL INFO UDS converted handle 0x7b21dc02a340 to fd 145 on remote peer 3
furious-puma-1:117002:117640 [6] NCCL INFO Imported shareable buffer device 6 size 10485760 ptr 0x31c4000000
furious-puma-1:116999:117643 [3] NCCL INFO Imported shareable buffer device 3 size 10485760 ptr 0x31c6c00000
furious-puma-1:116997:117645 [1] NCCL INFO UDS converted handle 0x716a5c04ed10 to fd 144 on remote peer 0
furious-puma-1:117000:117644 [4] NCCL INFO UDS converted handle 0x7b21dc04bcc0 to fd 145 on remote peer 3
furious-puma-1:116999:117643 [3] NCCL INFO UDS converted handle 0x775d9404ecc0 to fd 145 on remote peer 2
furious-puma-1:116998:117639 [2] NCCL INFO Imported shareable buffer device 2 size 10485760 ptr 0x31c6000000
furious-puma-1:117003:117642 [7] NCCL INFO UDS converted handle 0x716a5c02bb90 to fd 144 on remote peer 0
furious-puma-1:117001:117646 [5] NCCL INFO UDS converted handle 0x74986c02d790 to fd 145 on remote peer 6
furious-puma-1:116997:117645 [1] NCCL INFO Imported shareable buffer device 1 size 2097152 ptr 0x31c7600000
furious-puma-1:117000:117644 [4] NCCL INFO Imported shareable buffer device 4 size 2097152 ptr 0x31c5600000
furious-puma-1:116996:117641 [0] NCCL INFO UDS converted handle 0x7cd2a404d510 to fd 150 on remote peer 7
furious-puma-1:117002:117640 [6] NCCL INFO UDS converted handle 0x7192f404a510 to fd 145 on remote peer 5
furious-puma-1:116999:117643 [3] NCCL INFO Imported shareable buffer device 3 size 2097152 ptr 0x31c7600000
furious-puma-1:117001:117646 [5] NCCL INFO Imported shareable buffer device 5 size 10485760 ptr 0x31c8000000
furious-puma-1:117003:117642 [7] NCCL INFO Imported shareable buffer device 7 size 10485760 ptr 0x31c6c00000
furious-puma-1:117000:117644 [4] NCCL INFO UDS converted handle 0x7192f402a390 to fd 145 on remote peer 5
furious-puma-1:116998:117639 [2] NCCL INFO UDS converted handle 0x7beb7404d510 to fd 145 on remote peer 1
furious-puma-1:116996:117641 [0] NCCL INFO Imported shareable buffer device 0 size 2097152 ptr 0x31c6a00000
furious-puma-1:116997:117645 [1] NCCL INFO UDS converted handle 0x775d9402d790 to fd 144 on remote peer 2
furious-puma-1:117000:117644 [4] NCCL INFO Imported shareable buffer device 4 size 10485760 ptr 0x31c6000000
furious-puma-1:117002:117640 [6] NCCL INFO Imported shareable buffer device 6 size 2097152 ptr 0x31c4a00000
furious-puma-1:116998:117639 [2] NCCL INFO Imported shareable buffer device 2 size 2097152 ptr 0x31c6a00000
furious-puma-1:116999:117643 [3] NCCL INFO UDS converted handle 0x7153c402d7e0 to fd 145 on remote peer 4
furious-puma-1:116997:117645 [1] NCCL INFO Imported shareable buffer device 1 size 10485760 ptr 0x31c8000000
furious-puma-1:116996:117641 [0] NCCL INFO UDS converted handle 0x7beb7402bb90 to fd 150 on remote peer 1
furious-puma-1:117003:117642 [7] NCCL INFO UDS converted handle 0x74986c04ecc0 to fd 144 on remote peer 6
furious-puma-1:117003:117642 [7] NCCL INFO Imported shareable buffer device 7 size 2097152 ptr 0x31c7600000
furious-puma-1:116999:117643 [3] NCCL INFO Imported shareable buffer device 3 size 10485760 ptr 0x31c8000000
furious-puma-1:117000:117644 [4] NCCL INFO UDS converted handle 0x7b21dc04d4c0 to fd 145 on remote peer 3
furious-puma-1:117002:117640 [6] NCCL INFO UDS converted handle 0x7cd2a4028b90 to fd 145 on remote peer 7
furious-puma-1:116996:117641 [0] NCCL INFO Imported shareable buffer device 0 size 10485760 ptr 0x31c6c00000
furious-puma-1:116997:117645 [1] NCCL INFO UDS converted handle 0x716a5c050510 to fd 144 on remote peer 0
furious-puma-1:116997:117645 [1] NCCL INFO Imported shareable buffer device 1 size 2097152 ptr 0x31c8a00000
furious-puma-1:116999:117643 [3] NCCL INFO UDS converted handle 0x775d940504c0 to fd 145 on remote peer 2
furious-puma-1:117001:117646 [5] NCCL INFO UDS converted handle 0x7153c4050510 to fd 145 on remote peer 4
furious-puma-1:117002:117640 [6] NCCL INFO Imported shareable buffer device 6 size 10485760 ptr 0x31c4c00000
furious-puma-1:117001:117646 [5] NCCL INFO Imported shareable buffer device 5 size 2097152 ptr 0x31c8a00000
furious-puma-1:116999:117643 [3] NCCL INFO Imported shareable buffer device 3 size 2097152 ptr 0x31c8a00000
furious-puma-1:117000:117644 [4] NCCL INFO Imported shareable buffer device 4 size 2097152 ptr 0x31c6a00000
furious-puma-1:117003:117642 [7] NCCL INFO UDS converted handle 0x716a5c02d7e0 to fd 144 on remote peer 0
furious-puma-1:116998:117639 [2] NCCL INFO UDS converted handle 0x7b21dc02bb40 to fd 145 on remote peer 3
furious-puma-1:117002:117640 [6] NCCL INFO UDS converted handle 0x7192f404bd10 to fd 145 on remote peer 5
furious-puma-1:116996:117641 [0] NCCL INFO UDS converted handle 0x7cd2a404ed10 to fd 149 on remote peer 7
furious-puma-1:117003:117642 [7] NCCL INFO Imported shareable buffer device 7 size 10485760 ptr 0x31c8000000
furious-puma-1:117002:117640 [6] NCCL INFO Imported shareable buffer device 6 size 2097152 ptr 0x31c5600000
furious-puma-1:116996:117641 [0] NCCL INFO Imported shareable buffer device 0 size 2097152 ptr 0x31c7600000
furious-puma-1:117000:117644 [4] NCCL INFO UDS converted handle 0x7192f402bb90 to fd 145 on remote peer 5
furious-puma-1:116998:117639 [2] NCCL INFO Imported shareable buffer device 2 size 10485760 ptr 0x31c6c00000
furious-puma-1:117002:117640 [6] NCCL INFO UDS converted handle 0x7cd2a402a390 to fd 145 on remote peer 7
furious-puma-1:117000:117644 [4] NCCL INFO Imported shareable buffer device 4 size 10485760 ptr 0x31c6c00000
furious-puma-1:117003:117642 [7] NCCL INFO UDS converted handle 0x74986c0504c0 to fd 144 on remote peer 6
furious-puma-1:116996:117641 [0] NCCL INFO UDS converted handle 0x7beb7402d7e0 to fd 150 on remote peer 1
furious-puma-1:117003:117642 [7] NCCL INFO Imported shareable buffer device 7 size 2097152 ptr 0x31c8a00000
furious-puma-1:117002:117640 [6] NCCL INFO Imported shareable buffer device 6 size 10485760 ptr 0x31c6000000
furious-puma-1:117000:117644 [4] NCCL INFO UDS converted handle 0x7b21dc04ecc0 to fd 145 on remote peer 3
furious-puma-1:116996:117641 [0] NCCL INFO Imported shareable buffer device 0 size 10485760 ptr 0x31c8000000
furious-puma-1:116998:117639 [2] NCCL INFO UDS converted handle 0x7beb7404ed10 to fd 145 on remote peer 1
furious-puma-1:117002:117640 [6] NCCL INFO UDS converted handle 0x7192f404d510 to fd 145 on remote peer 5
furious-puma-1:117000:117644 [4] NCCL INFO Imported shareable buffer device 4 size 2097152 ptr 0x31c7600000
furious-puma-1:116998:117639 [2] NCCL INFO Imported shareable buffer device 2 size 2097152 ptr 0x31c7600000
furious-puma-1:117002:117640 [6] NCCL INFO Imported shareable buffer device 6 size 2097152 ptr 0x31c6a00000
furious-puma-1:116996:117641 [0] NCCL INFO UDS converted handle 0x7cd2a4050510 to fd 150 on remote peer 7
furious-puma-1:117000:117644 [4] NCCL INFO UDS converted handle 0x7192f402d7e0 to fd 145 on remote peer 5
furious-puma-1:116998:117639 [2] NCCL INFO UDS converted handle 0x7b21dc02d790 to fd 145 on remote peer 3
furious-puma-1:116996:117641 [0] NCCL INFO Imported shareable buffer device 0 size 2097152 ptr 0x31c8a00000
furious-puma-1:117000:117644 [4] NCCL INFO Imported shareable buffer device 4 size 10485760 ptr 0x31c8000000
furious-puma-1:117002:117640 [6] NCCL INFO UDS converted handle 0x7cd2a402bb90 to fd 145 on remote peer 7
furious-puma-1:116998:117639 [2] NCCL INFO Imported shareable buffer device 2 size 10485760 ptr 0x31c8000000
furious-puma-1:117000:117644 [4] NCCL INFO UDS converted handle 0x7b21dc0504c0 to fd 145 on remote peer 3
furious-puma-1:117002:117640 [6] NCCL INFO Imported shareable buffer device 6 size 10485760 ptr 0x31c6c00000
furious-puma-1:116998:117639 [2] NCCL INFO UDS converted handle 0x7beb74050510 to fd 145 on remote peer 1
furious-puma-1:117000:117644 [4] NCCL INFO Imported shareable buffer device 4 size 2097152 ptr 0x31c8a00000
furious-puma-1:116998:117639 [2] NCCL INFO Imported shareable buffer device 2 size 2097152 ptr 0x31c8a00000
furious-puma-1:117002:117640 [6] NCCL INFO UDS converted handle 0x7192f404ed10 to fd 145 on remote peer 5
furious-puma-1:117002:117640 [6] NCCL INFO Imported shareable buffer device 6 size 2097152 ptr 0x31c7600000
furious-puma-1:117002:117640 [6] NCCL INFO UDS converted handle 0x7cd2a402d7e0 to fd 145 on remote peer 7
furious-puma-1:117002:117640 [6] NCCL INFO Imported shareable buffer device 6 size 10485760 ptr 0x31c8000000
furious-puma-1:117002:117640 [6] NCCL INFO UDS converted handle 0x7192f4050510 to fd 145 on remote peer 5
furious-puma-1:117002:117640 [6] NCCL INFO Imported shareable buffer device 6 size 2097152 ptr 0x31c8a00000
furious-puma-1:116999:117643 [3] NCCL INFO Connected all rings, use ring PXN 0 GDR 1
furious-puma-1:116998:117639 [2] NCCL INFO Connected all rings, use ring PXN 0 GDR 1
furious-puma-1:116997:117645 [1] NCCL INFO Connected all rings, use ring PXN 0 GDR 1
furious-puma-1:116996:117641 [0] NCCL INFO Connected all rings, use ring PXN 0 GDR 1
furious-puma-1:117001:117646 [5] NCCL INFO Connected all rings, use ring PXN 0 GDR 1
furious-puma-1:117000:117644 [4] NCCL INFO Connected all rings, use ring PXN 0 GDR 1
furious-puma-1:117003:117642 [7] NCCL INFO Connected all rings, use ring PXN 0 GDR 1
furious-puma-1:117002:117640 [6] NCCL INFO Connected all rings, use ring PXN 0 GDR 1
Using auto half precision backend
The following columns in the Training set don't have a corresponding argument in `LlamaForCausalLM.forward` and have been ignored: messages. If messages are not expected by `LlamaForCausalLM.forward`,  you can safely ignore this message.
***** Running training *****
  Num examples = 3,200
  Num Epochs = 10
  Instantaneous batch size per device = 4
  Total train batch size (w. parallel, distributed & accumulation) = 32
  Gradient Accumulation steps = 1
  Total optimization steps = 1,000
  Number of trainable parameters = 401,593,728
Automatic Weights & Biases logging enabled, to disable set os.environ["WANDB_DISABLED"] = "true"
wandb: Currently logged in as: alishafique3 (alishafique3-kstate) to https://api.wandb.ai. Use `wandb login --relogin` to force relogin
wandb: setting up run q74x4443
wandb: Tracking run with wandb version 0.23.0
wandb: Run data is saved locally in /home/ubuntu/trl/wandb/run-20251127_034845-q74x4443
wandb: Run `wandb offline` to turn off syncing.
wandb: Syncing run phd_fsdp1_8_bs_4_3b_20251127_034817
wandb: ⭐️ View project at https://wandb.ai/alishafique3-kstate/phd_fsdp1_8_bs_4_3b
wandb: 🚀 View run at https://wandb.ai/alishafique3-kstate/phd_fsdp1_8_bs_4_3b/runs/q74x4443
  0%|          | 0/1000 [00:00<?, ?it/s]  0%|          | 1/1000 [00:01<16:51,  1.01s/it]  0%|          | 2/1000 [00:01<11:45,  1.41it/s]  0%|          | 3/1000 [00:01<09:11,  1.81it/s]  0%|          | 4/1000 [00:02<07:56,  2.09it/s]  0%|          | 5/1000 [00:02<07:11,  2.30it/s]  1%|          | 6/1000 [00:02<06:44,  2.46it/s]  1%|          | 7/1000 [00:03<06:27,  2.56it/s]  1%|          | 8/1000 [00:03<06:16,  2.63it/s]  1%|          | 9/1000 [00:04<06:10,  2.67it/s]  1%|          | 10/1000 [00:04<06:06,  2.70it/s]                                                 {'loss': 1.5537, 'grad_norm': 5.744335651397705, 'learning_rate': 1.982e-05, 'entropy': 1.3226651310920716, 'num_tokens': 34068.0, 'mean_token_accuracy': 0.6797173023223877, 'epoch': 0.1}
  1%|          | 10/1000 [00:04<06:06,  2.70it/s]  1%|          | 11/1000 [00:04<06:00,  2.75it/s]  1%|          | 12/1000 [00:05<05:57,  2.76it/s]  1%|▏         | 13/1000 [00:05<05:56,  2.77it/s]  1%|▏         | 14/1000 [00:05<05:54,  2.78it/s]  2%|▏         | 15/1000 [00:06<05:52,  2.79it/s]  2%|▏         | 16/1000 [00:06<05:49,  2.81it/s]  2%|▏         | 17/1000 [00:06<05:49,  2.81it/s]  2%|▏         | 18/1000 [00:07<05:47,  2.83it/s]  2%|▏         | 19/1000 [00:07<05:47,  2.82it/s]  2%|▏         | 20/1000 [00:07<05:47,  2.82it/s]                                                 {'loss': 1.1028, 'grad_norm': 5.690051078796387, 'learning_rate': 1.9620000000000002e-05, 'entropy': 1.1111122488975524, 'num_tokens': 66007.0, 'mean_token_accuracy': 0.7318529963493348, 'epoch': 0.2}
  2%|▏         | 20/1000 [00:07<05:47,  2.82it/s]  2%|▏         | 21/1000 [00:08<05:46,  2.83it/s]  2%|▏         | 22/1000 [00:08<05:41,  2.87it/s]  2%|▏         | 23/1000 [00:08<05:42,  2.85it/s]  2%|▏         | 24/1000 [00:09<05:41,  2.85it/s]  2%|▎         | 25/1000 [00:09<05:40,  2.87it/s]  3%|▎         | 26/1000 [00:10<05:40,  2.86it/s]  3%|▎         | 27/1000 [00:10<05:39,  2.87it/s]  3%|▎         | 28/1000 [00:10<05:38,  2.87it/s]  3%|▎         | 29/1000 [00:11<05:25,  2.98it/s]  3%|▎         | 30/1000 [00:11<05:28,  2.95it/s]                                                 {'loss': 1.042, 'grad_norm': 2.524390459060669, 'learning_rate': 1.942e-05, 'entropy': 1.0444583356380464, 'num_tokens': 98022.0, 'mean_token_accuracy': 0.7389697253704071, 'epoch': 0.3}
  3%|▎         | 30/1000 [00:11<05:28,  2.95it/s]  3%|▎         | 31/1000 [00:11<05:31,  2.92it/s]  3%|▎         | 32/1000 [00:12<05:29,  2.93it/s]  3%|▎         | 33/1000 [00:12<05:27,  2.95it/s]  3%|▎         | 34/1000 [00:12<05:26,  2.96it/s]  4%|▎         | 35/1000 [00:13<05:29,  2.93it/s]  4%|▎         | 36/1000 [00:13<05:29,  2.92it/s]  4%|▎         | 37/1000 [00:13<05:28,  2.93it/s]  4%|▍         | 38/1000 [00:14<05:24,  2.96it/s]  4%|▍         | 39/1000 [00:14<05:25,  2.95it/s]  4%|▍         | 40/1000 [00:14<05:29,  2.91it/s]                                                 {'loss': 1.0838, 'grad_norm': 2.653233289718628, 'learning_rate': 1.9220000000000002e-05, 'entropy': 1.0298932492733002, 'num_tokens': 132660.0, 'mean_token_accuracy': 0.7258093357086182, 'epoch': 0.4}
  4%|▍         | 40/1000 [00:14<05:29,  2.91it/s]  4%|▍         | 41/1000 [00:15<05:28,  2.92it/s]  4%|▍         | 42/1000 [00:15<05:28,  2.92it/s]  4%|▍         | 43/1000 [00:15<05:30,  2.90it/s]  4%|▍         | 44/1000 [00:16<05:29,  2.90it/s]  4%|▍         | 45/1000 [00:16<05:24,  2.94it/s]  5%|▍         | 46/1000 [00:16<05:27,  2.92it/s]  5%|▍         | 47/1000 [00:17<05:28,  2.91it/s]  5%|▍         | 48/1000 [00:17<05:25,  2.93it/s]  5%|▍         | 49/1000 [00:17<05:24,  2.93it/s]  5%|▌         | 50/1000 [00:18<05:24,  2.93it/s]                                                 {'loss': 1.0742, 'grad_norm': 2.579232931137085, 'learning_rate': 1.902e-05, 'entropy': 1.028651487827301, 'num_tokens': 166188.0, 'mean_token_accuracy': 0.7280860245227814, 'epoch': 0.5}
  5%|▌         | 50/1000 [00:18<05:24,  2.93it/s]  5%|▌         | 51/1000 [00:18<05:20,  2.96it/s]  5%|▌         | 52/1000 [00:18<05:17,  2.99it/s]  5%|▌         | 53/1000 [00:19<05:20,  2.96it/s]  5%|▌         | 54/1000 [00:19<05:18,  2.97it/s]  6%|▌         | 55/1000 [00:19<05:13,  3.01it/s]  6%|▌         | 56/1000 [00:20<05:14,  3.01it/s]  6%|▌         | 57/1000 [00:20<05:14,  3.00it/s]  6%|▌         | 58/1000 [00:20<05:17,  2.97it/s]  6%|▌         | 59/1000 [00:21<05:18,  2.96it/s]  6%|▌         | 60/1000 [00:21<05:16,  2.97it/s]                                                 {'loss': 1.0468, 'grad_norm': 2.5142736434936523, 'learning_rate': 1.882e-05, 'entropy': 0.9979387164115906, 'num_tokens': 199528.0, 'mean_token_accuracy': 0.7359349846839904, 'epoch': 0.6}
  6%|▌         | 60/1000 [00:21<05:16,  2.97it/s]  6%|▌         | 61/1000 [00:21<05:16,  2.96it/s]  6%|▌         | 62/1000 [00:22<05:17,  2.96it/s]  6%|▋         | 63/1000 [00:22<05:14,  2.98it/s]  6%|▋         | 64/1000 [00:22<05:14,  2.97it/s]  6%|▋         | 65/1000 [00:23<05:15,  2.96it/s]  7%|▋         | 66/1000 [00:23<05:17,  2.94it/s]  7%|▋         | 67/1000 [00:23<05:17,  2.94it/s]  7%|▋         | 68/1000 [00:24<05:14,  2.97it/s]  7%|▋         | 69/1000 [00:24<05:16,  2.94it/s]  7%|▋         | 70/1000 [00:24<05:13,  2.96it/s]                                                 {'loss': 1.0318, 'grad_norm': 2.2841646671295166, 'learning_rate': 1.862e-05, 'entropy': 0.9964308679103852, 'num_tokens': 232373.0, 'mean_token_accuracy': 0.7360799312591553, 'epoch': 0.7}
  7%|▋         | 70/1000 [00:24<05:13,  2.96it/s]  7%|▋         | 71/1000 [00:25<05:15,  2.95it/s]  7%|▋         | 72/1000 [00:25<05:16,  2.93it/s]  7%|▋         | 73/1000 [00:25<05:19,  2.90it/s]  7%|▋         | 74/1000 [00:26<05:17,  2.92it/s]  8%|▊         | 75/1000 [00:26<05:17,  2.91it/s]  8%|▊         | 76/1000 [00:27<05:19,  2.89it/s]  8%|▊         | 77/1000 [00:27<05:15,  2.93it/s]  8%|▊         | 78/1000 [00:27<05:09,  2.98it/s]  8%|▊         | 79/1000 [00:27<05:10,  2.97it/s]  8%|▊         | 80/1000 [00:28<05:08,  2.98it/s]                                                 {'loss': 1.0259, 'grad_norm': 2.3115978240966797, 'learning_rate': 1.8420000000000003e-05, 'entropy': 0.9836269915103912, 'num_tokens': 265204.0, 'mean_token_accuracy': 0.7389402508735656, 'epoch': 0.8}
  8%|▊         | 80/1000 [00:28<05:08,  2.98it/s]  8%|▊         | 81/1000 [00:28<05:06,  2.99it/s]  8%|▊         | 82/1000 [00:28<05:08,  2.98it/s]  8%|▊         | 83/1000 [00:29<05:03,  3.02it/s]  8%|▊         | 84/1000 [00:29<05:03,  3.02it/s]  8%|▊         | 85/1000 [00:29<05:07,  2.97it/s]  9%|▊         | 86/1000 [00:30<05:07,  2.97it/s]  9%|▊         | 87/1000 [00:30<05:04,  3.00it/s]  9%|▉         | 88/1000 [00:30<05:02,  3.02it/s]  9%|▉         | 89/1000 [00:31<04:59,  3.04it/s]  9%|▉         | 90/1000 [00:31<05:04,  2.99it/s]                                                 {'loss': 1.0972, 'grad_norm': 2.1572461128234863, 'learning_rate': 1.8220000000000002e-05, 'entropy': 1.055247187614441, 'num_tokens': 298785.0, 'mean_token_accuracy': 0.7256444334983826, 'epoch': 0.9}
  9%|▉         | 90/1000 [00:31<05:04,  2.99it/s]  9%|▉         | 91/1000 [00:31<04:54,  3.08it/s]  9%|▉         | 92/1000 [00:32<04:55,  3.08it/s]  9%|▉         | 93/1000 [00:32<05:00,  3.02it/s]  9%|▉         | 94/1000 [00:32<05:01,  3.00it/s] 10%|▉         | 95/1000 [00:33<05:02,  2.99it/s] 10%|▉         | 96/1000 [00:33<05:12,  2.90it/s] 10%|▉         | 97/1000 [00:34<05:11,  2.90it/s] 10%|▉         | 98/1000 [00:34<05:10,  2.90it/s] 10%|▉         | 99/1000 [00:34<05:02,  2.98it/s] 10%|█         | 100/1000 [00:35<05:06,  2.93it/s]                                                  {'loss': 1.0372, 'grad_norm': 2.2022452354431152, 'learning_rate': 1.802e-05, 'entropy': 0.9909525632858276, 'num_tokens': 332170.0, 'mean_token_accuracy': 0.7403958022594452, 'epoch': 1.0}
 10%|█         | 100/1000 [00:35<05:06,  2.93it/s] 10%|█         | 101/1000 [00:35<04:55,  3.05it/s] 10%|█         | 102/1000 [00:35<04:51,  3.08it/s] 10%|█         | 103/1000 [00:35<04:52,  3.07it/s] 10%|█         | 104/1000 [00:36<04:53,  3.05it/s] 10%|█         | 105/1000 [00:36<04:53,  3.05it/s] 11%|█         | 106/1000 [00:36<04:57,  3.00it/s] 11%|█         | 107/1000 [00:37<04:47,  3.11it/s] 11%|█         | 108/1000 [00:37<04:51,  3.06it/s] 11%|█         | 109/1000 [00:37<04:54,  3.03it/s] 11%|█         | 110/1000 [00:38<04:55,  3.01it/s]                                                  {'loss': 0.5634, 'grad_norm': 2.683602809906006, 'learning_rate': 1.7820000000000002e-05, 'entropy': 0.6293299287557602, 'num_tokens': 366103.0, 'mean_token_accuracy': 0.8459376096725464, 'epoch': 1.1}
 11%|█         | 110/1000 [00:38<04:55,  3.01it/s] 11%|█         | 111/1000 [00:38<04:57,  2.99it/s] 11%|█         | 112/1000 [00:38<04:57,  2.99it/s] 11%|█▏        | 113/1000 [00:39<04:56,  2.99it/s] 11%|█▏        | 114/1000 [00:39<04:54,  3.01it/s] 12%|█▏        | 115/1000 [00:39<04:54,  3.01it/s] 12%|█▏        | 116/1000 [00:40<04:50,  3.04it/s] 12%|█▏        | 117/1000 [00:40<04:47,  3.07it/s] 12%|█▏        | 118/1000 [00:40<04:48,  3.06it/s] 12%|█▏        | 119/1000 [00:41<04:50,  3.03it/s] 12%|█▏        | 120/1000 [00:41<04:48,  3.05it/s]                                                  {'loss': 0.5252, 'grad_norm': 2.0886058807373047, 'learning_rate': 1.762e-05, 'entropy': 0.5351606667041778, 'num_tokens': 399611.0, 'mean_token_accuracy': 0.8528860628604888, 'epoch': 1.2}
 12%|█▏        | 120/1000 [00:41<04:48,  3.05it/s] 12%|█▏        | 121/1000 [00:41<04:49,  3.04it/s] 12%|█▏        | 122/1000 [00:42<04:46,  3.06it/s] 12%|█▏        | 123/1000 [00:42<04:48,  3.04it/s] 12%|█▏        | 124/1000 [00:42<04:46,  3.06it/s] 12%|█▎        | 125/1000 [00:43<04:46,  3.05it/s] 13%|█▎        | 126/1000 [00:43<04:44,  3.07it/s] 13%|█▎        | 127/1000 [00:43<04:47,  3.04it/s] 13%|█▎        | 128/1000 [00:44<04:47,  3.03it/s] 13%|█▎        | 129/1000 [00:44<04:49,  3.01it/s] 13%|█▎        | 130/1000 [00:44<04:48,  3.02it/s]                                                  {'loss': 0.5312, 'grad_norm': 2.2011868953704834, 'learning_rate': 1.7420000000000003e-05, 'entropy': 0.562958711385727, 'num_tokens': 433049.0, 'mean_token_accuracy': 0.8515464842319489, 'epoch': 1.3}
 13%|█▎        | 130/1000 [00:44<04:48,  3.02it/s] 13%|█▎        | 131/1000 [00:45<04:40,  3.09it/s] 13%|█▎        | 132/1000 [00:45<04:44,  3.05it/s] 13%|█▎        | 133/1000 [00:45<04:48,  3.01it/s] 13%|█▎        | 134/1000 [00:46<04:47,  3.01it/s] 14%|█▎        | 135/1000 [00:46<04:35,  3.14it/s] 14%|█▎        | 136/1000 [00:46<04:35,  3.13it/s] 14%|█▎        | 137/1000 [00:47<04:38,  3.10it/s] 14%|█▍        | 138/1000 [00:47<04:40,  3.08it/s] 14%|█▍        | 139/1000 [00:47<04:40,  3.07it/s] 14%|█▍        | 140/1000 [00:48<04:35,  3.12it/s]                                                  {'loss': 0.546, 'grad_norm': 2.1257801055908203, 'learning_rate': 1.722e-05, 'entropy': 0.5588285207748414, 'num_tokens': 464570.0, 'mean_token_accuracy': 0.8475341677665711, 'epoch': 1.4}
 14%|█▍        | 140/1000 [00:48<04:35,  3.12it/s] 14%|█▍        | 141/1000 [00:48<04:37,  3.09it/s] 14%|█▍        | 142/1000 [00:48<04:39,  3.07it/s] 14%|█▍        | 143/1000 [00:49<04:32,  3.15it/s] 14%|█▍        | 144/1000 [00:49<04:32,  3.15it/s] 14%|█▍        | 145/1000 [00:49<04:21,  3.27it/s] 15%|█▍        | 146/1000 [00:50<04:30,  3.16it/s] 15%|█▍        | 147/1000 [00:50<04:34,  3.11it/s] 15%|█▍        | 148/1000 [00:50<04:36,  3.08it/s] 15%|█▍        | 149/1000 [00:50<04:23,  3.23it/s] 15%|█▌        | 150/1000 [00:51<04:22,  3.24it/s]                                                  {'loss': 0.5721, 'grad_norm': 2.4787940979003906, 'learning_rate': 1.702e-05, 'entropy': 0.5736665427684784, 'num_tokens': 498908.0, 'mean_token_accuracy': 0.8426496744155884, 'epoch': 1.5}
 15%|█▌        | 150/1000 [00:51<04:22,  3.24it/s] 15%|█▌        | 151/1000 [00:51<04:19,  3.27it/s] 15%|█▌        | 152/1000 [00:51<04:25,  3.20it/s] 15%|█▌        | 153/1000 [00:52<04:22,  3.22it/s] 15%|█▌        | 154/1000 [00:52<04:31,  3.12it/s] 16%|█▌        | 155/1000 [00:52<04:33,  3.09it/s] 16%|█▌        | 156/1000 [00:53<04:43,  2.98it/s] 16%|█▌        | 157/1000 [00:53<04:39,  3.02it/s] 16%|█▌        | 158/1000 [00:53<04:38,  3.02it/s] 16%|█▌        | 159/1000 [00:54<04:40,  3.00it/s] 16%|█▌        | 160/1000 [00:54<04:39,  3.00it/s]                                                  {'loss': 0.5525, 'grad_norm': 2.1815593242645264, 'learning_rate': 1.682e-05, 'entropy': 0.5783042669296264, 'num_tokens': 531914.0, 'mean_token_accuracy': 0.8474737644195557, 'epoch': 1.6}
 16%|█▌        | 160/1000 [00:54<04:39,  3.00it/s] 16%|█▌        | 161/1000 [00:54<04:39,  3.00it/s] 16%|█▌        | 162/1000 [00:55<04:37,  3.02it/s] 16%|█▋        | 163/1000 [00:55<04:38,  3.01it/s] 16%|█▋        | 164/1000 [00:55<04:37,  3.01it/s] 16%|█▋        | 165/1000 [00:56<04:35,  3.03it/s] 17%|█▋        | 166/1000 [00:56<04:35,  3.02it/s] 17%|█▋        | 167/1000 [00:56<04:21,  3.19it/s] 17%|█▋        | 168/1000 [00:57<03:57,  3.50it/s] 17%|█▋        | 169/1000 [00:57<04:11,  3.30it/s] 17%|█▋        | 170/1000 [00:57<04:18,  3.21it/s]                                                  {'loss': 0.5206, 'grad_norm': 2.4833638668060303, 'learning_rate': 1.662e-05, 'entropy': 0.5197984963655472, 'num_tokens': 564962.0, 'mean_token_accuracy': 0.851871520280838, 'epoch': 1.7}
 17%|█▋        | 170/1000 [00:57<04:18,  3.21it/s] 17%|█▋        | 171/1000 [00:58<04:23,  3.14it/s] 17%|█▋        | 172/1000 [00:58<03:57,  3.49it/s] 17%|█▋        | 173/1000 [00:58<04:07,  3.34it/s] 17%|█▋        | 174/1000 [00:58<04:12,  3.27it/s] 18%|█▊        | 175/1000 [00:59<04:18,  3.19it/s] 18%|█▊        | 176/1000 [00:59<04:23,  3.13it/s] 18%|█▊        | 177/1000 [00:59<04:15,  3.22it/s] 18%|█▊        | 178/1000 [01:00<04:20,  3.15it/s] 18%|█▊        | 179/1000 [01:00<04:08,  3.30it/s] 18%|█▊        | 180/1000 [01:00<04:10,  3.27it/s]                                                  {'loss': 0.5458, 'grad_norm': 1.875504493713379, 'learning_rate': 1.6420000000000002e-05, 'entropy': 0.5679248631000519, 'num_tokens': 598829.0, 'mean_token_accuracy': 0.8473147809505462, 'epoch': 1.8}
 18%|█▊        | 180/1000 [01:00<04:10,  3.27it/s] 18%|█▊        | 181/1000 [01:01<04:14,  3.21it/s] 18%|█▊        | 182/1000 [01:01<04:18,  3.16it/s] 18%|█▊        | 183/1000 [01:01<04:21,  3.12it/s] 18%|█▊        | 184/1000 [01:02<04:16,  3.18it/s] 18%|█▊        | 185/1000 [01:02<04:14,  3.21it/s] 19%|█▊        | 186/1000 [01:02<04:01,  3.37it/s] 19%|█▊        | 187/1000 [01:02<04:09,  3.25it/s] 19%|█▉        | 188/1000 [01:03<04:16,  3.17it/s] 19%|█▉        | 189/1000 [01:03<04:11,  3.23it/s] 19%|█▉        | 190/1000 [01:03<04:17,  3.15it/s]                                                  {'loss': 0.531, 'grad_norm': 2.2023284435272217, 'learning_rate': 1.6220000000000004e-05, 'entropy': 0.54825439453125, 'num_tokens': 631448.0, 'mean_token_accuracy': 0.8499552786350251, 'epoch': 1.9}
 19%|█▉        | 190/1000 [01:03<04:17,  3.15it/s] 19%|█▉        | 191/1000 [01:04<04:19,  3.11it/s] 19%|█▉        | 192/1000 [01:04<04:14,  3.18it/s] 19%|█▉        | 193/1000 [01:04<04:17,  3.14it/s] 19%|█▉        | 194/1000 [01:05<04:21,  3.08it/s] 20%|█▉        | 195/1000 [01:05<04:24,  3.05it/s] 20%|█▉        | 196/1000 [01:05<04:16,  3.13it/s] 20%|█▉        | 197/1000 [01:06<04:32,  2.94it/s] 20%|█▉        | 198/1000 [01:06<04:13,  3.16it/s] 20%|█▉        | 199/1000 [01:06<04:15,  3.13it/s] 20%|██        | 200/1000 [01:07<04:18,  3.10it/s]                                                  {'loss': 0.5221, 'grad_norm': 2.137566089630127, 'learning_rate': 1.6020000000000002e-05, 'entropy': 0.5330592662096023, 'num_tokens': 664340.0, 'mean_token_accuracy': 0.8540694534778595, 'epoch': 2.0}
 20%|██        | 200/1000 [01:07<04:18,  3.10it/s] 20%|██        | 201/1000 [01:07<04:04,  3.27it/s] 20%|██        | 202/1000 [01:07<03:54,  3.41it/s] 20%|██        | 203/1000 [01:08<04:05,  3.25it/s] 20%|██        | 204/1000 [01:08<04:01,  3.29it/s] 20%|██        | 205/1000 [01:08<04:10,  3.18it/s] 21%|██        | 206/1000 [01:08<04:14,  3.12it/s] 21%|██        | 207/1000 [01:09<04:16,  3.09it/s] 21%|██        | 208/1000 [01:09<04:02,  3.27it/s] 21%|██        | 209/1000 [01:09<04:08,  3.18it/s] 21%|██        | 210/1000 [01:10<03:44,  3.52it/s]                                                  {'loss': 0.2529, 'grad_norm': 2.4308366775512695, 'learning_rate': 1.582e-05, 'entropy': 0.3221693515777588, 'num_tokens': 699709.0, 'mean_token_accuracy': 0.9317806124687195, 'epoch': 2.1}
 21%|██        | 210/1000 [01:10<03:44,  3.52it/s] 21%|██        | 211/1000 [01:10<03:54,  3.36it/s] 21%|██        | 212/1000 [01:10<03:46,  3.48it/s] 21%|██▏       | 213/1000 [01:11<03:53,  3.37it/s] 21%|██▏       | 214/1000 [01:11<04:01,  3.26it/s] 22%|██▏       | 215/1000 [01:11<03:52,  3.38it/s] 22%|██▏       | 216/1000 [01:11<03:54,  3.34it/s] 22%|██▏       | 217/1000 [01:12<03:34,  3.65it/s] 22%|██▏       | 218/1000 [01:12<03:31,  3.70it/s] 22%|██▏       | 219/1000 [01:12<03:47,  3.44it/s] 22%|██▏       | 220/1000 [01:13<03:43,  3.50it/s]                                                  {'loss': 0.266, 'grad_norm': 1.8340015411376953, 'learning_rate': 1.5620000000000003e-05, 'entropy': 0.28323563039302824, 'num_tokens': 730609.0, 'mean_token_accuracy': 0.9269400000572204, 'epoch': 2.2}
 22%|██▏       | 220/1000 [01:13<03:43,  3.50it/s] 22%|██▏       | 221/1000 [01:13<03:50,  3.38it/s] 22%|██▏       | 222/1000 [01:13<03:43,  3.48it/s] 22%|██▏       | 223/1000 [01:13<03:53,  3.33it/s] 22%|██▏       | 224/1000 [01:14<03:59,  3.24it/s] 22%|██▎       | 225/1000 [01:14<04:07,  3.13it/s] 23%|██▎       | 226/1000 [01:14<04:09,  3.10it/s] 23%|██▎       | 227/1000 [01:15<03:43,  3.45it/s] 23%|██▎       | 228/1000 [01:15<03:39,  3.52it/s] 23%|██▎       | 229/1000 [01:15<03:52,  3.32it/s] 23%|██▎       | 230/1000 [01:16<03:49,  3.35it/s]                                                  {'loss': 0.26, 'grad_norm': 2.0780646800994873, 'learning_rate': 1.542e-05, 'entropy': 0.30258159041404725, 'num_tokens': 763891.0, 'mean_token_accuracy': 0.9307192027568817, 'epoch': 2.3}
 23%|██▎       | 230/1000 [01:16<03:49,  3.35it/s] 23%|██▎       | 231/1000 [01:16<03:54,  3.28it/s] 23%|██▎       | 232/1000 [01:16<03:59,  3.21it/s] 23%|██▎       | 233/1000 [01:17<03:56,  3.25it/s] 23%|██▎       | 234/1000 [01:17<03:44,  3.42it/s] 24%|██▎       | 235/1000 [01:17<03:52,  3.29it/s] 24%|██▎       | 236/1000 [01:17<03:58,  3.20it/s] 24%|██▎       | 237/1000 [01:18<03:53,  3.26it/s] 24%|██▍       | 238/1000 [01:18<03:58,  3.19it/s] 24%|██▍       | 239/1000 [01:18<04:01,  3.15it/s] 24%|██▍       | 240/1000 [01:19<04:09,  3.05it/s]                                                  {'loss': 0.2626, 'grad_norm': 2.0390970706939697, 'learning_rate': 1.5220000000000002e-05, 'entropy': 0.3023781478404999, 'num_tokens': 796694.0, 'mean_token_accuracy': 0.9273635983467102, 'epoch': 2.4}
 24%|██▍       | 240/1000 [01:19<04:09,  3.05it/s] 24%|██▍       | 241/1000 [01:19<04:02,  3.12it/s] 24%|██▍       | 242/1000 [01:19<04:05,  3.08it/s] 24%|██▍       | 243/1000 [01:20<03:58,  3.17it/s] 24%|██▍       | 244/1000 [01:20<03:59,  3.15it/s] 24%|██▍       | 245/1000 [01:20<03:57,  3.18it/s] 25%|██▍       | 246/1000 [01:21<04:04,  3.08it/s] 25%|██▍       | 247/1000 [01:21<03:57,  3.17it/s] 25%|██▍       | 248/1000 [01:21<03:59,  3.14it/s] 25%|██▍       | 249/1000 [01:22<04:01,  3.11it/s] 25%|██▌       | 250/1000 [01:22<04:01,  3.11it/s]                                                  {'loss': 0.2566, 'grad_norm': 2.0452911853790283, 'learning_rate': 1.5020000000000002e-05, 'entropy': 0.2900229424238205, 'num_tokens': 830324.0, 'mean_token_accuracy': 0.9299803376197815, 'epoch': 2.5}
 25%|██▌       | 250/1000 [01:22<04:01,  3.11it/s] 25%|██▌       | 251/1000 [01:22<04:00,  3.11it/s] 25%|██▌       | 252/1000 [01:23<04:01,  3.10it/s] 25%|██▌       | 253/1000 [01:23<03:48,  3.27it/s] 25%|██▌       | 254/1000 [01:23<03:57,  3.15it/s] 26%|██▌       | 255/1000 [01:24<04:00,  3.10it/s] 26%|██▌       | 256/1000 [01:24<04:04,  3.05it/s] 26%|██▌       | 257/1000 [01:24<03:40,  3.38it/s] 26%|██▌       | 258/1000 [01:24<03:47,  3.27it/s] 26%|██▌       | 259/1000 [01:25<03:50,  3.22it/s] 26%|██▌       | 260/1000 [01:25<03:30,  3.52it/s]                                                  {'loss': 0.2704, 'grad_norm': 1.8971352577209473, 'learning_rate': 1.482e-05, 'entropy': 0.30096304714679717, 'num_tokens': 865002.0, 'mean_token_accuracy': 0.9262286484241485, 'epoch': 2.6}
 26%|██▌       | 260/1000 [01:25<03:30,  3.52it/s] 26%|██▌       | 261/1000 [01:25<03:36,  3.41it/s] 26%|██▌       | 262/1000 [01:26<03:35,  3.42it/s] 26%|██▋       | 263/1000 [01:26<03:39,  3.36it/s] 26%|██▋       | 264/1000 [01:26<03:43,  3.29it/s] 26%|██▋       | 265/1000 [01:27<03:52,  3.17it/s] 27%|██▋       | 266/1000 [01:27<03:46,  3.25it/s] 27%|██▋       | 267/1000 [01:27<03:52,  3.16it/s] 27%|██▋       | 268/1000 [01:27<03:54,  3.12it/s] 27%|██▋       | 269/1000 [01:28<03:47,  3.21it/s] 27%|██▋       | 270/1000 [01:28<03:52,  3.14it/s]                                                  {'loss': 0.2832, 'grad_norm': 2.0694315433502197, 'learning_rate': 1.462e-05, 'entropy': 0.3197748690843582, 'num_tokens': 897186.0, 'mean_token_accuracy': 0.924715930223465, 'epoch': 2.7}
 27%|██▋       | 270/1000 [01:28<03:52,  3.14it/s] 27%|██▋       | 271/1000 [01:28<03:48,  3.19it/s] 27%|██▋       | 272/1000 [01:29<03:46,  3.22it/s] 27%|██▋       | 273/1000 [01:29<03:25,  3.54it/s] 27%|██▋       | 274/1000 [01:29<03:12,  3.78it/s] 28%|██▊       | 275/1000 [01:29<03:15,  3.71it/s] 28%|██▊       | 276/1000 [01:30<03:16,  3.68it/s] 28%|██▊       | 277/1000 [01:30<03:30,  3.44it/s] 28%|██▊       | 278/1000 [01:30<03:39,  3.28it/s] 28%|██▊       | 279/1000 [01:31<03:45,  3.19it/s] 28%|██▊       | 280/1000 [01:31<03:39,  3.28it/s]                                                  {'loss': 0.2749, 'grad_norm': 2.0554518699645996, 'learning_rate': 1.4420000000000001e-05, 'entropy': 0.303351554274559, 'num_tokens': 930327.0, 'mean_token_accuracy': 0.9248413145542145, 'epoch': 2.8}
 28%|██▊       | 280/1000 [01:31<03:39,  3.28it/s] 28%|██▊       | 281/1000 [01:31<03:47,  3.16it/s] 28%|██▊       | 282/1000 [01:32<03:51,  3.10it/s] 28%|██▊       | 283/1000 [01:32<03:54,  3.05it/s] 28%|██▊       | 284/1000 [01:32<03:47,  3.14it/s] 28%|██▊       | 285/1000 [01:33<03:49,  3.11it/s] 29%|██▊       | 286/1000 [01:33<03:43,  3.20it/s] 29%|██▊       | 287/1000 [01:33<03:48,  3.12it/s] 29%|██▉       | 288/1000 [01:34<03:48,  3.12it/s] 29%|██▉       | 289/1000 [01:34<03:51,  3.07it/s] 29%|██▉       | 290/1000 [01:34<03:44,  3.16it/s]                                                  {'loss': 0.2676, 'grad_norm': 1.9150997400283813, 'learning_rate': 1.4220000000000001e-05, 'entropy': 0.3111071437597275, 'num_tokens': 964165.0, 'mean_token_accuracy': 0.9266293585300446, 'epoch': 2.9}
 29%|██▉       | 290/1000 [01:34<03:44,  3.16it/s] 29%|██▉       | 291/1000 [01:35<03:38,  3.25it/s] 29%|██▉       | 292/1000 [01:35<03:35,  3.28it/s] 29%|██▉       | 293/1000 [01:35<03:16,  3.59it/s] 29%|██▉       | 294/1000 [01:35<03:29,  3.37it/s] 30%|██▉       | 295/1000 [01:36<03:37,  3.24it/s] 30%|██▉       | 296/1000 [01:36<03:40,  3.19it/s] 30%|██▉       | 297/1000 [01:36<03:41,  3.18it/s] 30%|██▉       | 298/1000 [01:37<03:21,  3.48it/s] 30%|██▉       | 299/1000 [01:37<03:24,  3.43it/s] 30%|███       | 300/1000 [01:37<03:26,  3.39it/s]                                                  {'loss': 0.2842, 'grad_norm': 2.1579697132110596, 'learning_rate': 1.402e-05, 'entropy': 0.3052011400461197, 'num_tokens': 996510.0, 'mean_token_accuracy': 0.9216856241226197, 'epoch': 3.0}
 30%|███       | 300/1000 [01:37<03:26,  3.39it/s] 30%|███       | 301/1000 [01:37<03:21,  3.47it/s] 30%|███       | 302/1000 [01:38<03:05,  3.76it/s] 30%|███       | 303/1000 [01:38<02:54,  4.00it/s] 30%|███       | 304/1000 [01:38<03:14,  3.58it/s] 30%|███       | 305/1000 [01:39<03:26,  3.36it/s] 31%|███       | 306/1000 [01:39<03:19,  3.48it/s] 31%|███       | 307/1000 [01:39<03:04,  3.76it/s] 31%|███       | 308/1000 [01:39<03:07,  3.70it/s] 31%|███       | 309/1000 [01:40<03:06,  3.70it/s] 31%|███       | 310/1000 [01:40<02:55,  3.94it/s]                                                  {'loss': 0.1691, 'grad_norm': 1.5441268682479858, 'learning_rate': 1.382e-05, 'entropy': 0.20433610826730728, 'num_tokens': 1029296.0, 'mean_token_accuracy': 0.957043343782425, 'epoch': 3.1}
 31%|███       | 310/1000 [01:40<02:55,  3.94it/s] 31%|███       | 311/1000 [01:40<03:07,  3.67it/s] 31%|███       | 312/1000 [01:40<03:09,  3.64it/s] 31%|███▏      | 313/1000 [01:41<03:21,  3.41it/s] 31%|███▏      | 314/1000 [01:41<03:14,  3.52it/s] 32%|███▏      | 315/1000 [01:41<02:59,  3.81it/s] 32%|███▏      | 316/1000 [01:41<03:02,  3.74it/s] 32%|███▏      | 317/1000 [01:42<03:15,  3.50it/s] 32%|███▏      | 318/1000 [01:42<03:11,  3.57it/s] 32%|███▏      | 319/1000 [01:42<02:56,  3.85it/s] 32%|███▏      | 320/1000 [01:43<03:04,  3.69it/s]                                                  {'loss': 0.18, 'grad_norm': 1.599125623703003, 'learning_rate': 1.3620000000000002e-05, 'entropy': 0.18967194408178328, 'num_tokens': 1062273.0, 'mean_token_accuracy': 0.9524490118026734, 'epoch': 3.2}
 32%|███▏      | 320/1000 [01:43<03:04,  3.69it/s] 32%|███▏      | 321/1000 [01:43<02:51,  3.95it/s] 32%|███▏      | 322/1000 [01:43<03:05,  3.66it/s] 32%|███▏      | 323/1000 [01:43<03:16,  3.44it/s] 32%|███▏      | 324/1000 [01:44<03:22,  3.34it/s] 32%|███▎      | 325/1000 [01:44<03:22,  3.34it/s] 33%|███▎      | 326/1000 [01:44<03:14,  3.46it/s] 33%|███▎      | 327/1000 [01:45<03:09,  3.55it/s] 33%|███▎      | 328/1000 [01:45<03:05,  3.63it/s] 33%|███▎      | 329/1000 [01:45<03:09,  3.54it/s] 33%|███▎      | 330/1000 [01:45<03:05,  3.62it/s]                                                  {'loss': 0.1569, 'grad_norm': 1.3683010339736938, 'learning_rate': 1.3420000000000002e-05, 'entropy': 0.19831787943840026, 'num_tokens': 1096147.0, 'mean_token_accuracy': 0.9589952528476715, 'epoch': 3.3}
 33%|███▎      | 330/1000 [01:45<03:05,  3.62it/s] 33%|███▎      | 331/1000 [01:46<03:15,  3.42it/s] 33%|███▎      | 332/1000 [01:46<03:13,  3.45it/s] 33%|███▎      | 333/1000 [01:46<03:21,  3.31it/s] 33%|███▎      | 334/1000 [01:47<03:20,  3.32it/s] 34%|███▎      | 335/1000 [01:47<03:19,  3.33it/s] 34%|███▎      | 336/1000 [01:47<03:16,  3.37it/s] 34%|███▎      | 337/1000 [01:48<03:13,  3.43it/s] 34%|███▍      | 338/1000 [01:48<03:12,  3.44it/s] 34%|███▍      | 339/1000 [01:48<03:17,  3.34it/s] 34%|███▍      | 340/1000 [01:48<03:14,  3.39it/s]                                                  {'loss': 0.1741, 'grad_norm': 1.5462133884429932, 'learning_rate': 1.3220000000000002e-05, 'entropy': 0.18955450356006623, 'num_tokens': 1130570.0, 'mean_token_accuracy': 0.954832124710083, 'epoch': 3.4}
 34%|███▍      | 340/1000 [01:48<03:14,  3.39it/s] 34%|███▍      | 341/1000 [01:49<03:20,  3.29it/s] 34%|███▍      | 342/1000 [01:49<03:16,  3.35it/s] 34%|███▍      | 343/1000 [01:49<03:19,  3.29it/s] 34%|███▍      | 344/1000 [01:50<03:25,  3.19it/s] 34%|███▍      | 345/1000 [01:50<03:27,  3.15it/s] 35%|███▍      | 346/1000 [01:50<03:19,  3.28it/s] 35%|███▍      | 347/1000 [01:51<03:02,  3.59it/s] 35%|███▍      | 348/1000 [01:51<03:10,  3.43it/s] 35%|███▍      | 349/1000 [01:51<03:16,  3.31it/s] 35%|███▌      | 350/1000 [01:51<03:10,  3.42it/s]                                                  {'loss': 0.1802, 'grad_norm': 1.750389814376831, 'learning_rate': 1.302e-05, 'entropy': 0.19879820942878723, 'num_tokens': 1162614.0, 'mean_token_accuracy': 0.9538712084293366, 'epoch': 3.5}
 35%|███▌      | 350/1000 [01:51<03:10,  3.42it/s] 35%|███▌      | 351/1000 [01:52<03:14,  3.33it/s] 35%|███▌      | 352/1000 [01:52<03:20,  3.23it/s] 35%|███▌      | 353/1000 [01:52<03:23,  3.19it/s] 35%|███▌      | 354/1000 [01:53<03:04,  3.50it/s] 36%|███▌      | 355/1000 [01:53<03:12,  3.35it/s] 36%|███▌      | 356/1000 [01:53<03:06,  3.46it/s] 36%|███▌      | 357/1000 [01:54<03:02,  3.53it/s] 36%|███▌      | 358/1000 [01:54<03:08,  3.40it/s] 36%|███▌      | 359/1000 [01:54<02:52,  3.72it/s] 36%|███▌      | 360/1000 [01:54<03:01,  3.53it/s]                                                  {'loss': 0.1701, 'grad_norm': 1.2879984378814697, 'learning_rate': 1.2820000000000001e-05, 'entropy': 0.1948847711086273, 'num_tokens': 1196787.0, 'mean_token_accuracy': 0.9554954588413238, 'epoch': 3.6}
 36%|███▌      | 360/1000 [01:54<03:01,  3.53it/s] 36%|███▌      | 361/1000 [01:55<03:10,  3.36it/s] 36%|███▌      | 362/1000 [01:55<03:23,  3.13it/s] 36%|███▋      | 363/1000 [01:55<03:20,  3.17it/s] 36%|███▋      | 364/1000 [01:56<03:22,  3.14it/s] 36%|███▋      | 365/1000 [01:56<03:12,  3.29it/s] 37%|███▋      | 366/1000 [01:56<02:54,  3.62it/s] 37%|███▋      | 367/1000 [01:56<03:02,  3.46it/s] 37%|███▋      | 368/1000 [01:57<03:11,  3.31it/s] 37%|███▋      | 369/1000 [01:57<02:54,  3.63it/s] 37%|███▋      | 370/1000 [01:57<03:04,  3.41it/s]                                                  {'loss': 0.1692, 'grad_norm': 1.7459981441497803, 'learning_rate': 1.2620000000000001e-05, 'entropy': 0.1966550573706627, 'num_tokens': 1229448.0, 'mean_token_accuracy': 0.9559981524944305, 'epoch': 3.7}
 37%|███▋      | 370/1000 [01:57<03:04,  3.41it/s] 37%|███▋      | 371/1000 [01:58<03:16,  3.20it/s] 37%|███▋      | 372/1000 [01:58<03:19,  3.15it/s] 37%|███▋      | 373/1000 [01:58<03:16,  3.20it/s] 37%|███▋      | 374/1000 [01:59<03:07,  3.34it/s] 38%|███▊      | 375/1000 [01:59<03:07,  3.34it/s] 38%|███▊      | 376/1000 [01:59<03:06,  3.34it/s] 38%|███▊      | 377/1000 [02:00<03:12,  3.24it/s] 38%|███▊      | 378/1000 [02:00<02:53,  3.58it/s] 38%|███▊      | 379/1000 [02:00<02:57,  3.50it/s] 38%|███▊      | 380/1000 [02:00<03:04,  3.35it/s]                                                  {'loss': 0.1706, 'grad_norm': 1.6011056900024414, 'learning_rate': 1.2420000000000001e-05, 'entropy': 0.18789510428905487, 'num_tokens': 1264880.0, 'mean_token_accuracy': 0.9553402006626129, 'epoch': 3.8}
 38%|███▊      | 380/1000 [02:00<03:04,  3.35it/s] 38%|███▊      | 381/1000 [02:01<03:10,  3.25it/s] 38%|███▊      | 382/1000 [02:01<02:52,  3.58it/s] 38%|███▊      | 383/1000 [02:01<03:01,  3.40it/s] 38%|███▊      | 384/1000 [02:02<02:56,  3.49it/s] 38%|███▊      | 385/1000 [02:02<02:42,  3.78it/s] 39%|███▊      | 386/1000 [02:02<02:43,  3.76it/s] 39%|███▊      | 387/1000 [02:02<02:42,  3.77it/s] 39%|███▉      | 388/1000 [02:02<02:32,  4.00it/s] 39%|███▉      | 389/1000 [02:03<02:26,  4.16it/s] 39%|███▉      | 390/1000 [02:03<02:21,  4.30it/s]                                                  {'loss': 0.1731, 'grad_norm': 1.5630652904510498, 'learning_rate': 1.2220000000000002e-05, 'entropy': 0.19520861506462098, 'num_tokens': 1296914.0, 'mean_token_accuracy': 0.9549813807010651, 'epoch': 3.9}
 39%|███▉      | 390/1000 [02:03<02:21,  4.30it/s] 39%|███▉      | 391/1000 [02:03<02:28,  4.11it/s] 39%|███▉      | 392/1000 [02:04<02:42,  3.74it/s] 39%|███▉      | 393/1000 [02:04<02:48,  3.60it/s] 39%|███▉      | 394/1000 [02:04<02:37,  3.86it/s] 40%|███▉      | 395/1000 [02:04<02:37,  3.83it/s] 40%|███▉      | 396/1000 [02:05<02:42,  3.72it/s] 40%|███▉      | 397/1000 [02:05<02:32,  3.96it/s] 40%|███▉      | 398/1000 [02:05<02:40,  3.76it/s] 40%|███▉      | 399/1000 [02:05<02:49,  3.54it/s] 40%|████      | 400/1000 [02:06<02:46,  3.61it/s]                                                  {'loss': 0.1772, 'grad_norm': 1.6154184341430664, 'learning_rate': 1.202e-05, 'entropy': 0.19835313260555268, 'num_tokens': 1328680.0, 'mean_token_accuracy': 0.9534291744232177, 'epoch': 4.0}
 40%|████      | 400/1000 [02:06<02:46,  3.61it/s] 40%|████      | 401/1000 [02:06<02:56,  3.39it/s] 40%|████      | 402/1000 [02:06<02:51,  3.48it/s] 40%|████      | 403/1000 [02:07<02:49,  3.51it/s] 40%|████      | 404/1000 [02:07<02:52,  3.45it/s] 40%|████      | 405/1000 [02:07<02:47,  3.54it/s] 41%|████      | 406/1000 [02:07<02:58,  3.33it/s] 41%|████      | 407/1000 [02:08<03:03,  3.24it/s] 41%|████      | 408/1000 [02:08<03:05,  3.19it/s] 41%|████      | 409/1000 [02:08<02:57,  3.33it/s] 41%|████      | 410/1000 [02:09<02:43,  3.61it/s]                                                  {'loss': 0.1223, 'grad_norm': 1.2769254446029663, 'learning_rate': 1.182e-05, 'entropy': 0.15016882121562958, 'num_tokens': 1363054.0, 'mean_token_accuracy': 0.968742698431015, 'epoch': 4.1}
 41%|████      | 410/1000 [02:09<02:43,  3.61it/s] 41%|████      | 411/1000 [02:09<02:32,  3.86it/s] 41%|████      | 412/1000 [02:09<02:24,  4.08it/s] 41%|████▏     | 413/1000 [02:09<02:37,  3.72it/s] 41%|████▏     | 414/1000 [02:10<02:46,  3.53it/s] 42%|████▏     | 415/1000 [02:10<02:48,  3.46it/s] 42%|████▏     | 416/1000 [02:10<02:52,  3.38it/s] 42%|████▏     | 417/1000 [02:11<02:55,  3.33it/s] 42%|████▏     | 418/1000 [02:11<02:48,  3.45it/s] 42%|████▏     | 419/1000 [02:11<02:49,  3.42it/s] 42%|████▏     | 420/1000 [02:11<02:50,  3.40it/s]                                                  {'loss': 0.1372, 'grad_norm': 1.3290694952011108, 'learning_rate': 1.162e-05, 'entropy': 0.13468817993998528, 'num_tokens': 1396341.0, 'mean_token_accuracy': 0.9645042598247529, 'epoch': 4.2}
 42%|████▏     | 420/1000 [02:11<02:50,  3.40it/s] 42%|████▏     | 421/1000 [02:12<02:52,  3.36it/s] 42%|████▏     | 422/1000 [02:12<02:52,  3.34it/s] 42%|████▏     | 423/1000 [02:12<02:56,  3.28it/s] 42%|████▏     | 424/1000 [02:13<02:58,  3.22it/s] 42%|████▎     | 425/1000 [02:13<02:56,  3.25it/s] 43%|████▎     | 426/1000 [02:13<02:55,  3.26it/s] 43%|████▎     | 427/1000 [02:14<02:55,  3.26it/s] 43%|████▎     | 428/1000 [02:14<02:53,  3.29it/s] 43%|████▎     | 429/1000 [02:14<02:53,  3.29it/s] 43%|████▎     | 430/1000 [02:15<02:48,  3.38it/s]                                                  {'loss': 0.1251, 'grad_norm': 0.936210036277771, 'learning_rate': 1.142e-05, 'entropy': 0.14631825983524321, 'num_tokens': 1430481.0, 'mean_token_accuracy': 0.967240059375763, 'epoch': 4.3}
 43%|████▎     | 430/1000 [02:15<02:48,  3.38it/s] 43%|████▎     | 431/1000 [02:15<02:34,  3.69it/s] 43%|████▎     | 432/1000 [02:15<02:34,  3.68it/s] 43%|████▎     | 433/1000 [02:15<02:40,  3.53it/s] 43%|████▎     | 434/1000 [02:16<02:38,  3.58it/s] 44%|████▎     | 435/1000 [02:16<02:46,  3.39it/s] 44%|████▎     | 436/1000 [02:16<02:47,  3.36it/s] 44%|████▎     | 437/1000 [02:16<02:33,  3.68it/s] 44%|████▍     | 438/1000 [02:17<02:32,  3.69it/s] 44%|████▍     | 439/1000 [02:17<02:22,  3.93it/s] 44%|████▍     | 440/1000 [02:17<02:34,  3.62it/s]                                                  {'loss': 0.1317, 'grad_norm': 1.233048677444458, 'learning_rate': 1.1220000000000003e-05, 'entropy': 0.14237685352563859, 'num_tokens': 1464218.0, 'mean_token_accuracy': 0.965730732679367, 'epoch': 4.4}
 44%|████▍     | 440/1000 [02:17<02:34,  3.62it/s] 44%|████▍     | 441/1000 [02:17<02:24,  3.88it/s] 44%|████▍     | 442/1000 [02:18<02:25,  3.84it/s] 44%|████▍     | 443/1000 [02:18<02:31,  3.68it/s] 44%|████▍     | 444/1000 [02:18<02:21,  3.94it/s] 44%|████▍     | 445/1000 [02:18<02:14,  4.13it/s] 45%|████▍     | 446/1000 [02:19<02:18,  3.99it/s] 45%|████▍     | 447/1000 [02:19<02:12,  4.17it/s] 45%|████▍     | 448/1000 [02:19<02:08,  4.31it/s] 45%|████▍     | 449/1000 [02:19<02:22,  3.88it/s] 45%|████▌     | 450/1000 [02:20<02:31,  3.63it/s]                                                  {'loss': 0.1344, 'grad_norm': 1.156376600265503, 'learning_rate': 1.1020000000000001e-05, 'entropy': 0.15061752498149872, 'num_tokens': 1497011.0, 'mean_token_accuracy': 0.9649780988693237, 'epoch': 4.5}
 45%|████▌     | 450/1000 [02:20<02:31,  3.63it/s] 45%|████▌     | 451/1000 [02:20<02:30,  3.64it/s] 45%|████▌     | 452/1000 [02:20<02:36,  3.50it/s] 45%|████▌     | 453/1000 [02:21<02:38,  3.44it/s] 45%|████▌     | 454/1000 [02:21<02:26,  3.73it/s] 46%|████▌     | 455/1000 [02:21<02:26,  3.73it/s] 46%|████▌     | 456/1000 [02:21<02:35,  3.51it/s] 46%|████▌     | 457/1000 [02:22<02:23,  3.78it/s] 46%|████▌     | 458/1000 [02:22<02:31,  3.58it/s] 46%|████▌     | 459/1000 [02:22<02:29,  3.61it/s] 46%|████▌     | 460/1000 [02:23<02:38,  3.41it/s]                                                  {'loss': 0.1404, 'grad_norm': 1.1654903888702393, 'learning_rate': 1.0820000000000001e-05, 'entropy': 0.1544477343559265, 'num_tokens': 1529104.0, 'mean_token_accuracy': 0.9631412148475647, 'epoch': 4.6}
 46%|████▌     | 460/1000 [02:23<02:38,  3.41it/s] 46%|████▌     | 461/1000 [02:23<02:33,  3.51it/s] 46%|████▌     | 462/1000 [02:23<02:29,  3.59it/s] 46%|████▋     | 463/1000 [02:23<02:28,  3.62it/s] 46%|████▋     | 464/1000 [02:24<02:37,  3.39it/s] 46%|████▋     | 465/1000 [02:24<02:44,  3.26it/s] 47%|████▋     | 466/1000 [02:24<02:46,  3.22it/s] 47%|████▋     | 467/1000 [02:25<02:31,  3.51it/s] 47%|████▋     | 468/1000 [02:25<02:27,  3.60it/s] 47%|████▋     | 469/1000 [02:25<02:36,  3.39it/s] 47%|████▋     | 470/1000 [02:26<02:40,  3.30it/s]                                                  {'loss': 0.1337, 'grad_norm': 1.122828722000122, 'learning_rate': 1.0620000000000002e-05, 'entropy': 0.15107993483543397, 'num_tokens': 1562780.0, 'mean_token_accuracy': 0.9651483476161957, 'epoch': 4.7}
 47%|████▋     | 470/1000 [02:26<02:40,  3.30it/s] 47%|████▋     | 471/1000 [02:26<02:34,  3.42it/s] 47%|████▋     | 472/1000 [02:26<02:21,  3.72it/s] 47%|████▋     | 473/1000 [02:26<02:26,  3.60it/s] 47%|████▋     | 474/1000 [02:27<02:17,  3.84it/s] 48%|████▊     | 475/1000 [02:27<02:09,  4.04it/s] 48%|████▊     | 476/1000 [02:27<02:12,  3.94it/s] 48%|████▊     | 477/1000 [02:27<02:06,  4.15it/s] 48%|████▊     | 478/1000 [02:28<02:15,  3.84it/s] 48%|████▊     | 479/1000 [02:28<02:17,  3.79it/s] 48%|████▊     | 480/1000 [02:28<02:22,  3.66it/s]                                                  {'loss': 0.1415, 'grad_norm': 1.2932283878326416, 'learning_rate': 1.0420000000000002e-05, 'entropy': 0.1586802124977112, 'num_tokens': 1595328.0, 'mean_token_accuracy': 0.9642651319503784, 'epoch': 4.8}
 48%|████▊     | 480/1000 [02:28<02:22,  3.66it/s] 48%|████▊     | 481/1000 [02:28<02:21,  3.67it/s] 48%|████▊     | 482/1000 [02:29<02:13,  3.89it/s] 48%|████▊     | 483/1000 [02:29<02:06,  4.10it/s] 48%|████▊     | 484/1000 [02:29<02:01,  4.25it/s] 48%|████▊     | 485/1000 [02:29<01:57,  4.38it/s] 49%|████▊     | 486/1000 [02:29<01:54,  4.48it/s] 49%|████▊     | 487/1000 [02:30<02:06,  4.04it/s] 49%|████▉     | 488/1000 [02:30<02:01,  4.21it/s] 49%|████▉     | 489/1000 [02:30<02:07,  4.01it/s] 49%|████▉     | 490/1000 [02:30<02:01,  4.19it/s]                                                  {'loss': 0.1385, 'grad_norm': 1.366705298423767, 'learning_rate': 1.022e-05, 'entropy': 0.15075279772281647, 'num_tokens': 1628587.0, 'mean_token_accuracy': 0.9639944672584534, 'epoch': 4.9}
 49%|████▉     | 490/1000 [02:30<02:01,  4.19it/s] 49%|████▉     | 491/1000 [02:31<01:58,  4.31it/s] 49%|████▉     | 492/1000 [02:31<02:03,  4.13it/s] 49%|████▉     | 493/1000 [02:31<02:15,  3.73it/s] 49%|████▉     | 494/1000 [02:32<02:22,  3.55it/s] 50%|████▉     | 495/1000 [02:32<02:11,  3.83it/s] 50%|████▉     | 496/1000 [02:32<02:04,  4.05it/s] 50%|████▉     | 497/1000 [02:32<01:58,  4.24it/s] 50%|████▉     | 498/1000 [02:33<02:12,  3.79it/s] 50%|████▉     | 499/1000 [02:33<02:21,  3.54it/s] 50%|█████     | 500/1000 [02:33<02:27,  3.40it/s]                                                  {'loss': 0.1376, 'grad_norm': 1.134777545928955, 'learning_rate': 1.002e-05, 'entropy': 0.14973122626543045, 'num_tokens': 1660850.0, 'mean_token_accuracy': 0.9637545049190521, 'epoch': 5.0}
 50%|█████     | 500/1000 [02:33<02:27,  3.40it/s] 50%|█████     | 501/1000 [02:33<02:23,  3.47it/s] 50%|█████     | 502/1000 [02:34<02:30,  3.31it/s] 50%|█████     | 503/1000 [02:34<02:33,  3.24it/s] 50%|█████     | 504/1000 [02:34<02:18,  3.58it/s] 50%|█████     | 505/1000 [02:35<02:09,  3.82it/s] 51%|█████     | 506/1000 [02:35<02:01,  4.06it/s] 51%|█████     | 507/1000 [02:35<01:56,  4.23it/s] 51%|█████     | 508/1000 [02:35<02:01,  4.05it/s] 51%|█████     | 509/1000 [02:35<01:56,  4.23it/s] 51%|█████     | 510/1000 [02:36<02:00,  4.07it/s]                                                  {'loss': 0.1032, 'grad_norm': 1.2391934394836426, 'learning_rate': 9.820000000000001e-06, 'entropy': 0.1263948269188404, 'num_tokens': 1694544.0, 'mean_token_accuracy': 0.9730731606483459, 'epoch': 5.1}
 51%|█████     | 510/1000 [02:36<02:00,  4.07it/s] 51%|█████     | 511/1000 [02:36<01:55,  4.23it/s] 51%|█████     | 512/1000 [02:36<01:59,  4.07it/s] 51%|█████▏    | 513/1000 [02:36<01:55,  4.22it/s] 51%|█████▏    | 514/1000 [02:37<02:05,  3.89it/s] 52%|█████▏    | 515/1000 [02:37<01:58,  4.09it/s] 52%|█████▏    | 516/1000 [02:37<02:06,  3.83it/s] 52%|█████▏    | 517/1000 [02:38<02:16,  3.55it/s] 52%|█████▏    | 518/1000 [02:38<02:14,  3.59it/s] 52%|█████▏    | 519/1000 [02:38<02:11,  3.66it/s] 52%|█████▏    | 520/1000 [02:38<02:02,  3.93it/s]                                                  {'loss': 0.1064, 'grad_norm': 0.9080700278282166, 'learning_rate': 9.620000000000001e-06, 'entropy': 0.11241749972105027, 'num_tokens': 1728133.0, 'mean_token_accuracy': 0.9718744456768036, 'epoch': 5.2}
 52%|█████▏    | 520/1000 [02:38<02:02,  3.93it/s] 52%|█████▏    | 521/1000 [02:39<02:05,  3.81it/s] 52%|█████▏    | 522/1000 [02:39<01:58,  4.05it/s] 52%|█████▏    | 523/1000 [02:39<01:53,  4.22it/s] 52%|█████▏    | 524/1000 [02:39<01:49,  4.36it/s] 52%|█████▎    | 525/1000 [02:40<02:04,  3.81it/s] 53%|█████▎    | 526/1000 [02:40<01:57,  4.04it/s] 53%|█████▎    | 527/1000 [02:40<02:07,  3.72it/s] 53%|█████▎    | 528/1000 [02:40<02:12,  3.56it/s] 53%|█████▎    | 529/1000 [02:41<02:03,  3.83it/s] 53%|█████▎    | 530/1000 [02:41<01:55,  4.06it/s]                                                  {'loss': 0.1103, 'grad_norm': 1.2968212366104126, 'learning_rate': 9.42e-06, 'entropy': 0.11924221590161324, 'num_tokens': 1761688.0, 'mean_token_accuracy': 0.9711985468864441, 'epoch': 5.3}
 53%|█████▎    | 530/1000 [02:41<01:55,  4.06it/s] 53%|█████▎    | 531/1000 [02:41<02:06,  3.70it/s] 53%|█████▎    | 532/1000 [02:41<01:58,  3.94it/s] 53%|█████▎    | 533/1000 [02:42<01:53,  4.10it/s] 53%|█████▎    | 534/1000 [02:42<01:49,  4.27it/s] 54%|█████▎    | 535/1000 [02:42<02:01,  3.84it/s] 54%|█████▎    | 536/1000 [02:42<01:53,  4.07it/s] 54%|█████▎    | 537/1000 [02:43<01:57,  3.95it/s] 54%|█████▍    | 538/1000 [02:43<02:13,  3.46it/s] 54%|█████▍    | 539/1000 [02:43<02:03,  3.73it/s] 54%|█████▍    | 540/1000 [02:44<02:10,  3.53it/s]                                                  {'loss': 0.1163, 'grad_norm': 0.7845119833946228, 'learning_rate': 9.220000000000002e-06, 'entropy': 0.13074942603707312, 'num_tokens': 1793756.0, 'mean_token_accuracy': 0.9701952278614044, 'epoch': 5.4}
 54%|█████▍    | 540/1000 [02:44<02:10,  3.53it/s] 54%|█████▍    | 541/1000 [02:44<02:00,  3.80it/s] 54%|█████▍    | 542/1000 [02:44<02:09,  3.53it/s] 54%|█████▍    | 543/1000 [02:44<01:59,  3.82it/s] 54%|█████▍    | 544/1000 [02:45<02:07,  3.57it/s] 55%|█████▍    | 545/1000 [02:45<02:13,  3.41it/s] 55%|█████▍    | 546/1000 [02:45<02:14,  3.38it/s] 55%|█████▍    | 547/1000 [02:45<02:02,  3.69it/s] 55%|█████▍    | 548/1000 [02:46<02:07,  3.55it/s] 55%|█████▍    | 549/1000 [02:46<02:09,  3.48it/s] 55%|█████▌    | 550/1000 [02:46<02:05,  3.58it/s]                                                  {'loss': 0.1157, 'grad_norm': 1.0192222595214844, 'learning_rate': 9.020000000000002e-06, 'entropy': 0.12300988584756851, 'num_tokens': 1826770.0, 'mean_token_accuracy': 0.9698544144630432, 'epoch': 5.5}
 55%|█████▌    | 550/1000 [02:46<02:05,  3.58it/s] 55%|█████▌    | 551/1000 [02:47<02:12,  3.39it/s] 55%|█████▌    | 552/1000 [02:47<02:16,  3.29it/s] 55%|█████▌    | 553/1000 [02:47<02:10,  3.43it/s] 55%|█████▌    | 554/1000 [02:48<02:15,  3.28it/s] 56%|█████▌    | 555/1000 [02:48<02:03,  3.61it/s] 56%|█████▌    | 556/1000 [02:48<02:02,  3.63it/s] 56%|█████▌    | 557/1000 [02:48<02:01,  3.65it/s] 56%|█████▌    | 558/1000 [02:49<02:08,  3.44it/s] 56%|█████▌    | 559/1000 [02:49<02:04,  3.54it/s] 56%|█████▌    | 560/1000 [02:49<02:01,  3.61it/s]                                                  {'loss': 0.1193, 'grad_norm': 0.8421469926834106, 'learning_rate': 8.82e-06, 'entropy': 0.1302856609225273, 'num_tokens': 1861015.0, 'mean_token_accuracy': 0.9689639508724213, 'epoch': 5.6}
 56%|█████▌    | 560/1000 [02:49<02:01,  3.61it/s] 56%|█████▌    | 561/1000 [02:50<02:05,  3.50it/s] 56%|█████▌    | 562/1000 [02:50<01:55,  3.79it/s] 56%|█████▋    | 563/1000 [02:50<01:54,  3.81it/s] 56%|█████▋    | 564/1000 [02:50<01:47,  4.04it/s] 56%|█████▋    | 565/1000 [02:50<01:43,  4.21it/s] 57%|█████▋    | 566/1000 [02:51<01:47,  4.05it/s] 57%|█████▋    | 567/1000 [02:51<01:42,  4.23it/s] 57%|█████▋    | 568/1000 [02:51<01:38,  4.39it/s] 57%|█████▋    | 569/1000 [02:51<01:35,  4.50it/s] 57%|█████▋    | 570/1000 [02:52<01:42,  4.21it/s]                                                  {'loss': 0.1165, 'grad_norm': 0.8908054232597351, 'learning_rate': 8.62e-06, 'entropy': 0.12810560911893845, 'num_tokens': 1893848.0, 'mean_token_accuracy': 0.9697884440422058, 'epoch': 5.7}
 57%|█████▋    | 570/1000 [02:52<01:42,  4.21it/s] 57%|█████▋    | 571/1000 [02:52<01:38,  4.34it/s] 57%|█████▋    | 572/1000 [02:52<01:36,  4.44it/s] 57%|█████▋    | 573/1000 [02:52<01:41,  4.22it/s] 57%|█████▋    | 574/1000 [02:52<01:37,  4.36it/s] 57%|█████▊    | 575/1000 [02:53<01:35,  4.44it/s] 58%|█████▊    | 576/1000 [02:53<01:47,  3.94it/s] 58%|█████▊    | 577/1000 [02:53<01:55,  3.65it/s] 58%|█████▊    | 578/1000 [02:54<01:55,  3.65it/s] 58%|█████▊    | 579/1000 [02:54<01:54,  3.67it/s] 58%|█████▊    | 580/1000 [02:54<02:01,  3.46it/s]                                                  {'loss': 0.1132, 'grad_norm': 0.7743566632270813, 'learning_rate': 8.42e-06, 'entropy': 0.11998429447412491, 'num_tokens': 1926894.0, 'mean_token_accuracy': 0.970477283000946, 'epoch': 5.8}
 58%|█████▊    | 580/1000 [02:54<02:01,  3.46it/s] 58%|█████▊    | 581/1000 [02:54<01:51,  3.76it/s] 58%|█████▊    | 582/1000 [02:55<01:45,  3.97it/s] 58%|█████▊    | 583/1000 [02:55<01:40,  4.17it/s] 58%|█████▊    | 584/1000 [02:55<01:43,  4.02it/s] 58%|█████▊    | 585/1000 [02:55<01:40,  4.13it/s] 59%|█████▊    | 586/1000 [02:56<01:36,  4.27it/s] 59%|█████▊    | 587/1000 [02:56<01:48,  3.82it/s] 59%|█████▉    | 588/1000 [02:56<01:42,  4.01it/s] 59%|█████▉    | 589/1000 [02:56<01:37,  4.20it/s] 59%|█████▉    | 590/1000 [02:57<01:34,  4.33it/s]                                                  {'loss': 0.1216, 'grad_norm': 1.3245348930358887, 'learning_rate': 8.220000000000001e-06, 'entropy': 0.12925179228186606, 'num_tokens': 1958996.0, 'mean_token_accuracy': 0.9685091733932495, 'epoch': 5.9}
 59%|█████▉    | 590/1000 [02:57<01:34,  4.33it/s] 59%|█████▉    | 591/1000 [02:57<01:32,  4.40it/s] 59%|█████▉    | 592/1000 [02:57<01:30,  4.49it/s] 59%|█████▉    | 593/1000 [02:57<01:29,  4.54it/s] 59%|█████▉    | 594/1000 [02:57<01:27,  4.62it/s] 60%|█████▉    | 595/1000 [02:58<01:38,  4.11it/s] 60%|█████▉    | 596/1000 [02:58<01:34,  4.26it/s] 60%|█████▉    | 597/1000 [02:58<01:38,  4.10it/s] 60%|█████▉    | 598/1000 [02:58<01:40,  3.99it/s] 60%|█████▉    | 599/1000 [02:59<01:48,  3.68it/s] 60%|██████    | 600/1000 [02:59<01:54,  3.49it/s]                                                  {'loss': 0.1108, 'grad_norm': 0.6618831753730774, 'learning_rate': 8.020000000000001e-06, 'entropy': 0.12375397011637687, 'num_tokens': 1993020.0, 'mean_token_accuracy': 0.971114844083786, 'epoch': 6.0}
 60%|██████    | 600/1000 [02:59<01:54,  3.49it/s] 60%|██████    | 601/1000 [02:59<01:52,  3.56it/s] 60%|██████    | 602/1000 [03:00<01:44,  3.81it/s] 60%|██████    | 603/1000 [03:00<01:37,  4.06it/s] 60%|██████    | 604/1000 [03:00<01:43,  3.82it/s] 60%|██████    | 605/1000 [03:00<01:50,  3.58it/s] 61%|██████    | 606/1000 [03:01<01:55,  3.42it/s] 61%|██████    | 607/1000 [03:01<01:45,  3.73it/s] 61%|██████    | 608/1000 [03:01<01:38,  3.99it/s] 61%|██████    | 609/1000 [03:01<01:33,  4.19it/s] 61%|██████    | 610/1000 [03:02<01:30,  4.30it/s]                                                  {'loss': 0.0942, 'grad_norm': 0.8549892902374268, 'learning_rate': 7.820000000000001e-06, 'entropy': 0.1139981284737587, 'num_tokens': 2025707.0, 'mean_token_accuracy': 0.9747343242168427, 'epoch': 6.1}
 61%|██████    | 610/1000 [03:02<01:30,  4.30it/s] 61%|██████    | 611/1000 [03:02<01:28,  4.42it/s] 61%|██████    | 612/1000 [03:02<01:32,  4.20it/s] 61%|██████▏   | 613/1000 [03:02<01:28,  4.36it/s] 61%|██████▏   | 614/1000 [03:03<01:43,  3.72it/s] 62%|██████▏   | 615/1000 [03:03<01:49,  3.53it/s] 62%|██████▏   | 616/1000 [03:03<01:40,  3.82it/s] 62%|██████▏   | 617/1000 [03:03<01:34,  4.06it/s] 62%|██████▏   | 618/1000 [03:04<01:41,  3.77it/s] 62%|██████▏   | 619/1000 [03:04<01:34,  4.02it/s] 62%|██████▏   | 620/1000 [03:04<01:30,  4.21it/s]                                                  {'loss': 0.0967, 'grad_norm': 0.9588683247566223, 'learning_rate': 7.620000000000001e-06, 'entropy': 0.10373551696538925, 'num_tokens': 2058217.0, 'mean_token_accuracy': 0.973746246099472, 'epoch': 6.2}
 62%|██████▏   | 620/1000 [03:04<01:30,  4.21it/s] 62%|██████▏   | 621/1000 [03:04<01:27,  4.34it/s] 62%|██████▏   | 622/1000 [03:05<01:24,  4.45it/s] 62%|██████▏   | 623/1000 [03:05<01:23,  4.52it/s] 62%|██████▏   | 624/1000 [03:05<01:21,  4.60it/s] 62%|██████▎   | 625/1000 [03:05<01:26,  4.33it/s] 63%|██████▎   | 626/1000 [03:05<01:24,  4.44it/s] 63%|██████▎   | 627/1000 [03:06<01:22,  4.51it/s] 63%|██████▎   | 628/1000 [03:06<01:22,  4.53it/s] 63%|██████▎   | 629/1000 [03:06<01:34,  3.94it/s] 63%|██████▎   | 630/1000 [03:06<01:35,  3.88it/s]                                                  {'loss': 0.0978, 'grad_norm': 0.5783901214599609, 'learning_rate': 7.420000000000001e-06, 'entropy': 0.10415112003684043, 'num_tokens': 2091124.0, 'mean_token_accuracy': 0.9744328320026397, 'epoch': 6.3}
 63%|██████▎   | 630/1000 [03:06<01:35,  3.88it/s] 63%|██████▎   | 631/1000 [03:07<01:35,  3.85it/s] 63%|██████▎   | 632/1000 [03:07<01:30,  4.06it/s] 63%|██████▎   | 633/1000 [03:07<01:26,  4.24it/s] 63%|██████▎   | 634/1000 [03:07<01:23,  4.37it/s] 64%|██████▎   | 635/1000 [03:08<01:22,  4.45it/s] 64%|██████▎   | 636/1000 [03:08<01:20,  4.53it/s] 64%|██████▎   | 637/1000 [03:08<01:25,  4.25it/s] 64%|██████▍   | 638/1000 [03:08<01:31,  3.95it/s] 64%|██████▍   | 639/1000 [03:09<01:38,  3.66it/s] 64%|██████▍   | 640/1000 [03:09<01:32,  3.90it/s]                                                  {'loss': 0.0977, 'grad_norm': 0.677684485912323, 'learning_rate': 7.22e-06, 'entropy': 0.1106486938893795, 'num_tokens': 2125253.0, 'mean_token_accuracy': 0.9735644638538361, 'epoch': 6.4}
 64%|██████▍   | 640/1000 [03:09<01:32,  3.90it/s] 64%|██████▍   | 641/1000 [03:09<01:29,  4.01it/s] 64%|██████▍   | 642/1000 [03:09<01:24,  4.21it/s] 64%|██████▍   | 643/1000 [03:10<01:21,  4.36it/s] 64%|██████▍   | 644/1000 [03:10<01:19,  4.47it/s] 64%|██████▍   | 645/1000 [03:10<01:30,  3.94it/s] 65%|██████▍   | 646/1000 [03:10<01:34,  3.73it/s] 65%|██████▍   | 647/1000 [03:11<01:39,  3.56it/s] 65%|██████▍   | 648/1000 [03:11<01:31,  3.83it/s] 65%|██████▍   | 649/1000 [03:11<01:35,  3.68it/s] 65%|██████▌   | 650/1000 [03:11<01:28,  3.95it/s]                                                  {'loss': 0.1044, 'grad_norm': 0.7260475158691406, 'learning_rate': 7.0200000000000006e-06, 'entropy': 0.11209172084927559, 'num_tokens': 2157017.0, 'mean_token_accuracy': 0.9726516127586364, 'epoch': 6.5}
 65%|██████▌   | 650/1000 [03:11<01:28,  3.95it/s] 65%|██████▌   | 651/1000 [03:12<01:25,  4.09it/s] 65%|██████▌   | 652/1000 [03:12<01:21,  4.27it/s] 65%|██████▌   | 653/1000 [03:12<01:27,  3.96it/s] 65%|██████▌   | 654/1000 [03:12<01:34,  3.67it/s] 66%|██████▌   | 655/1000 [03:13<01:36,  3.56it/s] 66%|██████▌   | 656/1000 [03:13<01:38,  3.51it/s] 66%|██████▌   | 657/1000 [03:13<01:35,  3.59it/s] 66%|██████▌   | 658/1000 [03:14<01:28,  3.88it/s] 66%|██████▌   | 659/1000 [03:14<01:32,  3.70it/s] 66%|██████▌   | 660/1000 [03:14<01:25,  3.95it/s]                                                  {'loss': 0.1023, 'grad_norm': 1.1884984970092773, 'learning_rate': 6.820000000000001e-06, 'entropy': 0.10716063529253006, 'num_tokens': 2189445.0, 'mean_token_accuracy': 0.9734805822372437, 'epoch': 6.6}
 66%|██████▌   | 660/1000 [03:14<01:25,  3.95it/s] 66%|██████▌   | 661/1000 [03:14<01:27,  3.89it/s] 66%|██████▌   | 662/1000 [03:14<01:21,  4.13it/s] 66%|██████▋   | 663/1000 [03:15<01:19,  4.26it/s] 66%|██████▋   | 664/1000 [03:15<01:17,  4.36it/s] 66%|██████▋   | 665/1000 [03:15<01:14,  4.47it/s] 67%|██████▋   | 666/1000 [03:15<01:19,  4.21it/s] 67%|██████▋   | 667/1000 [03:16<01:17,  4.32it/s] 67%|██████▋   | 668/1000 [03:16<01:24,  3.95it/s] 67%|██████▋   | 669/1000 [03:16<01:28,  3.74it/s] 67%|██████▋   | 670/1000 [03:17<01:44,  3.15it/s]                                                  {'loss': 0.103, 'grad_norm': 1.0248351097106934, 'learning_rate': 6.620000000000001e-06, 'entropy': 0.1118308238685131, 'num_tokens': 2222157.0, 'mean_token_accuracy': 0.972818809747696, 'epoch': 6.7}
 67%|██████▋   | 670/1000 [03:17<01:44,  3.15it/s] 67%|██████▋   | 671/1000 [03:17<01:34,  3.47it/s] 67%|██████▋   | 672/1000 [03:17<01:27,  3.75it/s] 67%|██████▋   | 673/1000 [03:17<01:22,  3.99it/s] 67%|██████▋   | 674/1000 [03:18<01:17,  4.18it/s] 68%|██████▊   | 675/1000 [03:18<01:27,  3.70it/s] 68%|██████▊   | 676/1000 [03:18<01:22,  3.93it/s] 68%|██████▊   | 677/1000 [03:18<01:17,  4.14it/s] 68%|██████▊   | 678/1000 [03:19<01:14,  4.31it/s] 68%|██████▊   | 679/1000 [03:19<01:19,  4.04it/s] 68%|██████▊   | 680/1000 [03:19<01:16,  4.16it/s]                                                  {'loss': 0.0947, 'grad_norm': 0.757590651512146, 'learning_rate': 6.42e-06, 'entropy': 0.10286899283528328, 'num_tokens': 2258276.0, 'mean_token_accuracy': 0.9751086413860321, 'epoch': 6.8}
 68%|██████▊   | 680/1000 [03:19<01:16,  4.16it/s] 68%|██████▊   | 681/1000 [03:19<01:14,  4.27it/s] 68%|██████▊   | 682/1000 [03:19<01:12,  4.36it/s] 68%|██████▊   | 683/1000 [03:20<01:12,  4.38it/s] 68%|██████▊   | 684/1000 [03:20<01:21,  3.90it/s] 68%|██████▊   | 685/1000 [03:20<01:16,  4.11it/s] 69%|██████▊   | 686/1000 [03:20<01:13,  4.26it/s] 69%|██████▊   | 687/1000 [03:21<01:11,  4.37it/s] 69%|██████▉   | 688/1000 [03:21<01:10,  4.45it/s] 69%|██████▉   | 689/1000 [03:21<01:08,  4.53it/s] 69%|██████▉   | 690/1000 [03:21<01:15,  4.11it/s]                                                  {'loss': 0.101, 'grad_norm': 0.9281368255615234, 'learning_rate': 6.220000000000001e-06, 'entropy': 0.10873173251748085, 'num_tokens': 2291640.0, 'mean_token_accuracy': 0.9731979072093964, 'epoch': 6.9}
 69%|██████▉   | 690/1000 [03:21<01:15,  4.11it/s] 69%|██████▉   | 691/1000 [03:22<01:18,  3.94it/s] 69%|██████▉   | 692/1000 [03:22<01:19,  3.87it/s] 69%|██████▉   | 693/1000 [03:22<01:15,  4.09it/s] 69%|██████▉   | 694/1000 [03:22<01:19,  3.86it/s] 70%|██████▉   | 695/1000 [03:23<01:15,  4.03it/s] 70%|██████▉   | 696/1000 [03:23<01:22,  3.70it/s] 70%|██████▉   | 697/1000 [03:23<01:27,  3.47it/s] 70%|██████▉   | 698/1000 [03:24<01:20,  3.77it/s] 70%|██████▉   | 699/1000 [03:24<01:15,  3.99it/s] 70%|███████   | 700/1000 [03:24<01:16,  3.92it/s]                                                  {'loss': 0.1033, 'grad_norm': 0.47193005681037903, 'learning_rate': 6.02e-06, 'entropy': 0.11249916329979896, 'num_tokens': 2325190.0, 'mean_token_accuracy': 0.9730471849441529, 'epoch': 7.0}
 70%|███████   | 700/1000 [03:24<01:16,  3.92it/s] 70%|███████   | 701/1000 [03:24<01:12,  4.13it/s] 70%|███████   | 702/1000 [03:25<01:20,  3.72it/s] 70%|███████   | 703/1000 [03:25<01:25,  3.46it/s] 70%|███████   | 704/1000 [03:25<01:28,  3.33it/s] 70%|███████   | 705/1000 [03:25<01:21,  3.64it/s] 71%|███████   | 706/1000 [03:26<01:25,  3.46it/s] 71%|███████   | 707/1000 [03:26<01:18,  3.75it/s] 71%|███████   | 708/1000 [03:26<01:22,  3.55it/s] 71%|███████   | 709/1000 [03:27<01:25,  3.42it/s] 71%|███████   | 710/1000 [03:27<01:18,  3.72it/s]                                                  {'loss': 0.0842, 'grad_norm': 0.5648341774940491, 'learning_rate': 5.82e-06, 'entropy': 0.100868871062994, 'num_tokens': 2359398.0, 'mean_token_accuracy': 0.9775009274482727, 'epoch': 7.1}
 71%|███████   | 710/1000 [03:27<01:18,  3.72it/s] 71%|███████   | 711/1000 [03:27<01:13,  3.93it/s] 71%|███████   | 712/1000 [03:27<01:09,  4.13it/s] 71%|███████▏  | 713/1000 [03:27<01:06,  4.31it/s] 71%|███████▏  | 714/1000 [03:28<01:05,  4.38it/s] 72%|███████▏  | 715/1000 [03:28<01:03,  4.47it/s] 72%|███████▏  | 716/1000 [03:28<01:02,  4.53it/s] 72%|███████▏  | 717/1000 [03:28<01:01,  4.59it/s] 72%|███████▏  | 718/1000 [03:29<01:13,  3.86it/s] 72%|███████▏  | 719/1000 [03:29<01:18,  3.57it/s] 72%|███████▏  | 720/1000 [03:29<01:12,  3.86it/s]                                                  {'loss': 0.0892, 'grad_norm': 0.5818769335746765, 'learning_rate': 5.620000000000001e-06, 'entropy': 0.09632920995354652, 'num_tokens': 2392152.0, 'mean_token_accuracy': 0.9760258793830872, 'epoch': 7.2}
 72%|███████▏  | 720/1000 [03:29<01:12,  3.86it/s] 72%|███████▏  | 721/1000 [03:29<01:13,  3.82it/s] 72%|███████▏  | 722/1000 [03:30<01:09,  3.99it/s] 72%|███████▏  | 723/1000 [03:30<01:10,  3.92it/s] 72%|███████▏  | 724/1000 [03:30<01:11,  3.85it/s] 72%|███████▎  | 725/1000 [03:31<01:17,  3.57it/s] 73%|███████▎  | 726/1000 [03:31<01:11,  3.83it/s] 73%|███████▎  | 727/1000 [03:31<01:14,  3.67it/s] 73%|███████▎  | 728/1000 [03:31<01:15,  3.62it/s] 73%|███████▎  | 729/1000 [03:32<01:09,  3.88it/s] 73%|███████▎  | 730/1000 [03:32<01:05,  4.10it/s]                                                  {'loss': 0.0937, 'grad_norm': 0.8497000336647034, 'learning_rate': 5.420000000000001e-06, 'entropy': 0.09781061708927155, 'num_tokens': 2424346.0, 'mean_token_accuracy': 0.9748849391937255, 'epoch': 7.3}
 73%|███████▎  | 730/1000 [03:32<01:05,  4.10it/s] 73%|███████▎  | 731/1000 [03:32<01:07,  3.97it/s] 73%|███████▎  | 732/1000 [03:32<01:08,  3.92it/s] 73%|███████▎  | 733/1000 [03:33<01:11,  3.75it/s] 73%|███████▎  | 734/1000 [03:33<01:06,  3.99it/s] 74%|███████▎  | 735/1000 [03:33<01:07,  3.93it/s] 74%|███████▎  | 736/1000 [03:33<01:07,  3.90it/s] 74%|███████▎  | 737/1000 [03:34<01:03,  4.12it/s] 74%|███████▍  | 738/1000 [03:34<01:01,  4.28it/s] 74%|███████▍  | 739/1000 [03:34<00:59,  4.39it/s] 74%|███████▍  | 740/1000 [03:34<00:57,  4.50it/s]                                                  {'loss': 0.0913, 'grad_norm': 0.4360617995262146, 'learning_rate': 5.220000000000001e-06, 'entropy': 0.10424423813819886, 'num_tokens': 2458000.0, 'mean_token_accuracy': 0.9752028286457062, 'epoch': 7.4}
 74%|███████▍  | 740/1000 [03:34<00:57,  4.50it/s] 74%|███████▍  | 741/1000 [03:34<01:00,  4.25it/s] 74%|███████▍  | 742/1000 [03:35<00:59,  4.33it/s] 74%|███████▍  | 743/1000 [03:35<00:58,  4.43it/s] 74%|███████▍  | 744/1000 [03:35<01:03,  4.06it/s] 74%|███████▍  | 745/1000 [03:35<01:00,  4.21it/s] 75%|███████▍  | 746/1000 [03:36<01:02,  4.05it/s] 75%|███████▍  | 747/1000 [03:36<00:59,  4.22it/s] 75%|███████▍  | 748/1000 [03:36<00:57,  4.36it/s] 75%|███████▍  | 749/1000 [03:36<00:56,  4.47it/s] 75%|███████▌  | 750/1000 [03:37<00:54,  4.55it/s]                                                  {'loss': 0.0899, 'grad_norm': 0.5546048879623413, 'learning_rate': 5.02e-06, 'entropy': 0.09747324138879776, 'num_tokens': 2491616.0, 'mean_token_accuracy': 0.9755470156669617, 'epoch': 7.5}
 75%|███████▌  | 750/1000 [03:37<00:54,  4.55it/s] 75%|███████▌  | 751/1000 [03:37<01:00,  4.09it/s] 75%|███████▌  | 752/1000 [03:37<00:58,  4.23it/s] 75%|███████▌  | 753/1000 [03:37<00:56,  4.38it/s] 75%|███████▌  | 754/1000 [03:37<00:54,  4.47it/s] 76%|███████▌  | 755/1000 [03:38<01:02,  3.90it/s] 76%|███████▌  | 756/1000 [03:38<00:59,  4.11it/s] 76%|███████▌  | 757/1000 [03:38<01:00,  4.03it/s] 76%|███████▌  | 758/1000 [03:39<01:03,  3.81it/s] 76%|███████▌  | 759/1000 [03:39<00:59,  4.03it/s] 76%|███████▌  | 760/1000 [03:39<00:56,  4.21it/s]                                                  {'loss': 0.0926, 'grad_norm': 0.6404767632484436, 'learning_rate': 4.8200000000000004e-06, 'entropy': 0.09845943376421928, 'num_tokens': 2524707.0, 'mean_token_accuracy': 0.9751354038715363, 'epoch': 7.6}
 76%|███████▌  | 760/1000 [03:39<00:56,  4.21it/s] 76%|███████▌  | 761/1000 [03:39<00:54,  4.35it/s] 76%|███████▌  | 762/1000 [03:39<00:53,  4.46it/s] 76%|███████▋  | 763/1000 [03:40<01:00,  3.91it/s] 76%|███████▋  | 764/1000 [03:40<00:57,  4.11it/s] 76%|███████▋  | 765/1000 [03:40<01:03,  3.70it/s] 77%|███████▋  | 766/1000 [03:41<01:04,  3.62it/s] 77%|███████▋  | 767/1000 [03:41<01:00,  3.88it/s] 77%|███████▋  | 768/1000 [03:41<00:56,  4.10it/s] 77%|███████▋  | 769/1000 [03:41<00:58,  3.98it/s] 77%|███████▋  | 770/1000 [03:42<01:04,  3.55it/s]                                                  {'loss': 0.0923, 'grad_norm': 0.6314232349395752, 'learning_rate': 4.620000000000001e-06, 'entropy': 0.09846167340874672, 'num_tokens': 2558274.0, 'mean_token_accuracy': 0.9750399947166443, 'epoch': 7.7}
 77%|███████▋  | 770/1000 [03:42<01:04,  3.55it/s] 77%|███████▋  | 771/1000 [03:42<00:59,  3.82it/s] 77%|███████▋  | 772/1000 [03:42<00:56,  4.06it/s] 77%|███████▋  | 773/1000 [03:42<00:53,  4.25it/s] 77%|███████▋  | 774/1000 [03:43<00:55,  4.08it/s] 78%|███████▊  | 775/1000 [03:43<00:56,  3.95it/s] 78%|███████▊  | 776/1000 [03:43<00:57,  3.89it/s] 78%|███████▊  | 777/1000 [03:43<01:01,  3.62it/s] 78%|███████▊  | 778/1000 [03:44<01:03,  3.49it/s] 78%|███████▊  | 779/1000 [03:44<00:58,  3.77it/s] 78%|███████▊  | 780/1000 [03:44<01:02,  3.53it/s]                                                  {'loss': 0.0949, 'grad_norm': 0.5282618403434753, 'learning_rate': 4.42e-06, 'entropy': 0.10253709852695465, 'num_tokens': 2591307.0, 'mean_token_accuracy': 0.9738834202289581, 'epoch': 7.8}
 78%|███████▊  | 780/1000 [03:44<01:02,  3.53it/s] 78%|███████▊  | 781/1000 [03:44<00:57,  3.83it/s] 78%|███████▊  | 782/1000 [03:45<00:54,  3.99it/s] 78%|███████▊  | 783/1000 [03:45<00:58,  3.69it/s] 78%|███████▊  | 784/1000 [03:45<00:58,  3.68it/s] 78%|███████▊  | 785/1000 [03:46<00:57,  3.72it/s] 79%|███████▊  | 786/1000 [03:46<00:54,  3.95it/s] 79%|███████▊  | 787/1000 [03:46<00:51,  4.15it/s] 79%|███████▉  | 788/1000 [03:46<00:52,  4.03it/s] 79%|███████▉  | 789/1000 [03:47<00:56,  3.71it/s] 79%|███████▉  | 790/1000 [03:47<00:57,  3.63it/s]                                                  {'loss': 0.0925, 'grad_norm': 0.4866929054260254, 'learning_rate': 4.22e-06, 'entropy': 0.10003921613097191, 'num_tokens': 2624754.0, 'mean_token_accuracy': 0.9754536271095275, 'epoch': 7.9}
 79%|███████▉  | 790/1000 [03:47<00:57,  3.63it/s] 79%|███████▉  | 791/1000 [03:47<00:58,  3.57it/s] 79%|███████▉  | 792/1000 [03:47<00:54,  3.84it/s] 79%|███████▉  | 793/1000 [03:48<00:50,  4.07it/s] 79%|███████▉  | 794/1000 [03:48<00:55,  3.70it/s] 80%|███████▉  | 795/1000 [03:48<00:53,  3.83it/s] 80%|███████▉  | 796/1000 [03:48<00:50,  4.07it/s] 80%|███████▉  | 797/1000 [03:49<00:53,  3.79it/s] 80%|███████▉  | 798/1000 [03:49<00:50,  4.03it/s] 80%|███████▉  | 799/1000 [03:49<00:47,  4.21it/s] 80%|████████  | 800/1000 [03:49<00:45,  4.37it/s]                                                  {'loss': 0.0952, 'grad_norm': 0.6122923493385315, 'learning_rate': 4.0200000000000005e-06, 'entropy': 0.1025344416499138, 'num_tokens': 2657360.0, 'mean_token_accuracy': 0.9734116315841674, 'epoch': 8.0}
 80%|████████  | 800/1000 [03:49<00:45,  4.37it/s] 80%|████████  | 801/1000 [03:50<00:49,  4.01it/s] 80%|████████  | 802/1000 [03:50<00:47,  4.21it/s] 80%|████████  | 803/1000 [03:50<00:45,  4.32it/s] 80%|████████  | 804/1000 [03:50<00:51,  3.82it/s] 80%|████████  | 805/1000 [03:51<00:51,  3.79it/s] 81%|████████  | 806/1000 [03:51<00:54,  3.54it/s] 81%|████████  | 807/1000 [03:51<00:50,  3.83it/s] 81%|████████  | 808/1000 [03:51<00:52,  3.68it/s] 81%|████████  | 809/1000 [03:52<00:48,  3.90it/s] 81%|████████  | 810/1000 [03:52<00:49,  3.87it/s]                                                  {'loss': 0.0871, 'grad_norm': 0.4579460322856903, 'learning_rate': 3.820000000000001e-06, 'entropy': 0.10318708792328835, 'num_tokens': 2689247.0, 'mean_token_accuracy': 0.9766158282756805, 'epoch': 8.1}
 81%|████████  | 810/1000 [03:52<00:49,  3.87it/s] 81%|████████  | 811/1000 [03:52<00:46,  4.08it/s] 81%|████████  | 812/1000 [03:52<00:44,  4.26it/s] 81%|████████▏ | 813/1000 [03:53<00:42,  4.40it/s] 81%|████████▏ | 814/1000 [03:53<00:41,  4.48it/s] 82%|████████▏ | 815/1000 [03:53<00:40,  4.55it/s] 82%|████████▏ | 816/1000 [03:53<00:39,  4.61it/s] 82%|████████▏ | 817/1000 [03:53<00:42,  4.35it/s] 82%|████████▏ | 818/1000 [03:54<00:41,  4.38it/s] 82%|████████▏ | 819/1000 [03:54<00:46,  3.91it/s] 82%|████████▏ | 820/1000 [03:54<00:43,  4.13it/s]                                                  {'loss': 0.0855, 'grad_norm': 0.5591402649879456, 'learning_rate': 3.62e-06, 'entropy': 0.09505927562713623, 'num_tokens': 2721724.0, 'mean_token_accuracy': 0.9756376445293427, 'epoch': 8.2}
 82%|████████▏ | 820/1000 [03:54<00:43,  4.13it/s] 82%|████████▏ | 821/1000 [03:54<00:41,  4.30it/s] 82%|████████▏ | 822/1000 [03:55<00:41,  4.30it/s] 82%|████████▏ | 823/1000 [03:55<00:45,  3.87it/s] 82%|████████▏ | 824/1000 [03:55<00:43,  4.08it/s] 82%|████████▎ | 825/1000 [03:55<00:44,  3.95it/s] 83%|████████▎ | 826/1000 [03:56<00:44,  3.89it/s] 83%|████████▎ | 827/1000 [03:56<00:46,  3.73it/s] 83%|████████▎ | 828/1000 [03:56<00:43,  3.99it/s] 83%|████████▎ | 829/1000 [03:56<00:43,  3.91it/s] 83%|████████▎ | 830/1000 [03:57<00:44,  3.84it/s]                                                  {'loss': 0.0846, 'grad_norm': 0.4952610433101654, 'learning_rate': 3.4200000000000007e-06, 'entropy': 0.08909135237336159, 'num_tokens': 2755242.0, 'mean_token_accuracy': 0.9768491446971893, 'epoch': 8.3}
 83%|████████▎ | 830/1000 [03:57<00:44,  3.84it/s] 83%|████████▎ | 831/1000 [03:57<00:41,  4.03it/s] 83%|████████▎ | 832/1000 [03:57<00:39,  4.22it/s] 83%|████████▎ | 833/1000 [03:57<00:38,  4.35it/s] 83%|████████▎ | 834/1000 [03:58<00:42,  3.87it/s] 84%|████████▎ | 835/1000 [03:58<00:43,  3.83it/s] 84%|████████▎ | 836/1000 [03:58<00:42,  3.82it/s] 84%|████████▎ | 837/1000 [03:59<00:44,  3.67it/s] 84%|████████▍ | 838/1000 [03:59<00:43,  3.70it/s] 84%|████████▍ | 839/1000 [03:59<00:40,  3.94it/s] 84%|████████▍ | 840/1000 [03:59<00:38,  4.16it/s]                                                  {'loss': 0.0853, 'grad_norm': 0.5987515449523926, 'learning_rate': 3.2200000000000005e-06, 'entropy': 0.09064187705516816, 'num_tokens': 2788718.0, 'mean_token_accuracy': 0.9766535103321076, 'epoch': 8.4}
 84%|████████▍ | 840/1000 [03:59<00:38,  4.16it/s] 84%|████████▍ | 841/1000 [03:59<00:36,  4.32it/s] 84%|████████▍ | 842/1000 [04:00<00:36,  4.38it/s] 84%|████████▍ | 843/1000 [04:00<00:40,  3.91it/s] 84%|████████▍ | 844/1000 [04:00<00:37,  4.13it/s] 84%|████████▍ | 845/1000 [04:00<00:38,  4.02it/s] 85%|████████▍ | 846/1000 [04:01<00:36,  4.20it/s] 85%|████████▍ | 847/1000 [04:01<00:35,  4.34it/s] 85%|████████▍ | 848/1000 [04:01<00:35,  4.30it/s] 85%|████████▍ | 849/1000 [04:01<00:36,  4.13it/s] 85%|████████▌ | 850/1000 [04:02<00:40,  3.73it/s]                                                  {'loss': 0.0888, 'grad_norm': 0.5468840003013611, 'learning_rate': 3.0200000000000003e-06, 'entropy': 0.09614749625325203, 'num_tokens': 2820967.0, 'mean_token_accuracy': 0.9752973914146423, 'epoch': 8.5}
 85%|████████▌ | 850/1000 [04:02<00:40,  3.73it/s] 85%|████████▌ | 851/1000 [04:02<00:37,  3.97it/s] 85%|████████▌ | 852/1000 [04:02<00:39,  3.75it/s] 85%|████████▌ | 853/1000 [04:02<00:36,  4.01it/s] 85%|████████▌ | 854/1000 [04:03<00:35,  4.14it/s] 86%|████████▌ | 855/1000 [04:03<00:33,  4.30it/s] 86%|████████▌ | 856/1000 [04:03<00:36,  3.97it/s] 86%|████████▌ | 857/1000 [04:03<00:34,  4.17it/s] 86%|████████▌ | 858/1000 [04:04<00:32,  4.32it/s] 86%|████████▌ | 859/1000 [04:04<00:31,  4.45it/s] 86%|████████▌ | 860/1000 [04:04<00:30,  4.53it/s]                                                  {'loss': 0.0854, 'grad_norm': 0.45155778527259827, 'learning_rate': 2.82e-06, 'entropy': 0.09131291657686233, 'num_tokens': 2854953.0, 'mean_token_accuracy': 0.9761919796466827, 'epoch': 8.6}
 86%|████████▌ | 860/1000 [04:04<00:30,  4.53it/s] 86%|████████▌ | 861/1000 [04:04<00:30,  4.57it/s] 86%|████████▌ | 862/1000 [04:04<00:32,  4.30it/s] 86%|████████▋ | 863/1000 [04:05<00:31,  4.36it/s] 86%|████████▋ | 864/1000 [04:05<00:30,  4.46it/s] 86%|████████▋ | 865/1000 [04:05<00:29,  4.52it/s] 87%|████████▋ | 866/1000 [04:05<00:33,  3.95it/s] 87%|████████▋ | 867/1000 [04:06<00:32,  4.12it/s] 87%|████████▋ | 868/1000 [04:06<00:34,  3.85it/s] 87%|████████▋ | 869/1000 [04:06<00:32,  4.09it/s] 87%|████████▋ | 870/1000 [04:06<00:30,  4.27it/s]                                                  {'loss': 0.085, 'grad_norm': 0.4985547661781311, 'learning_rate': 2.6200000000000003e-06, 'entropy': 0.0945508398115635, 'num_tokens': 2888992.0, 'mean_token_accuracy': 0.9764016807079315, 'epoch': 8.7}
 87%|████████▋ | 870/1000 [04:06<00:30,  4.27it/s] 87%|████████▋ | 871/1000 [04:07<00:34,  3.76it/s] 87%|████████▋ | 872/1000 [04:07<00:34,  3.75it/s] 87%|████████▋ | 873/1000 [04:07<00:31,  4.00it/s] 87%|████████▋ | 874/1000 [04:07<00:30,  4.18it/s] 88%|████████▊ | 875/1000 [04:08<00:29,  4.25it/s] 88%|████████▊ | 876/1000 [04:08<00:32,  3.81it/s] 88%|████████▊ | 877/1000 [04:08<00:34,  3.59it/s] 88%|████████▊ | 878/1000 [04:09<00:31,  3.86it/s] 88%|████████▊ | 879/1000 [04:09<00:29,  4.06it/s] 88%|████████▊ | 880/1000 [04:09<00:28,  4.23it/s]                                                  {'loss': 0.084, 'grad_norm': 0.4839610159397125, 'learning_rate': 2.42e-06, 'entropy': 0.0922899842262268, 'num_tokens': 2923452.0, 'mean_token_accuracy': 0.9769424855709076, 'epoch': 8.8}
 88%|████████▊ | 880/1000 [04:09<00:28,  4.23it/s] 88%|████████▊ | 881/1000 [04:09<00:27,  4.37it/s] 88%|████████▊ | 882/1000 [04:09<00:26,  4.48it/s] 88%|████████▊ | 883/1000 [04:10<00:25,  4.55it/s] 88%|████████▊ | 884/1000 [04:10<00:25,  4.57it/s] 88%|████████▊ | 885/1000 [04:10<00:24,  4.60it/s] 89%|████████▊ | 886/1000 [04:10<00:24,  4.62it/s] 89%|████████▊ | 887/1000 [04:10<00:24,  4.65it/s] 89%|████████▉ | 888/1000 [04:11<00:27,  4.12it/s] 89%|████████▉ | 889/1000 [04:11<00:25,  4.28it/s] 89%|████████▉ | 890/1000 [04:11<00:24,  4.41it/s]                                                  {'loss': 0.0875, 'grad_norm': 0.4004991054534912, 'learning_rate': 2.2200000000000003e-06, 'entropy': 0.09735741838812828, 'num_tokens': 2956817.0, 'mean_token_accuracy': 0.97478746175766, 'epoch': 8.9}
 89%|████████▉ | 890/1000 [04:11<00:24,  4.41it/s] 89%|████████▉ | 891/1000 [04:11<00:26,  4.19it/s] 89%|████████▉ | 892/1000 [04:12<00:25,  4.28it/s] 89%|████████▉ | 893/1000 [04:12<00:24,  4.40it/s] 89%|████████▉ | 894/1000 [04:12<00:23,  4.49it/s] 90%|████████▉ | 895/1000 [04:12<00:23,  4.56it/s] 90%|████████▉ | 896/1000 [04:12<00:22,  4.60it/s] 90%|████████▉ | 897/1000 [04:13<00:22,  4.59it/s] 90%|████████▉ | 898/1000 [04:13<00:22,  4.63it/s] 90%|████████▉ | 899/1000 [04:13<00:21,  4.65it/s] 90%|█████████ | 900/1000 [04:13<00:21,  4.67it/s]                                                  {'loss': 0.0905, 'grad_norm': 0.6159545183181763, 'learning_rate': 2.02e-06, 'entropy': 0.09674897342920304, 'num_tokens': 2989530.0, 'mean_token_accuracy': 0.9738351225852966, 'epoch': 9.0}
 90%|█████████ | 900/1000 [04:13<00:21,  4.67it/s] 90%|█████████ | 901/1000 [04:14<00:21,  4.66it/s] 90%|█████████ | 902/1000 [04:14<00:20,  4.67it/s] 90%|█████████ | 903/1000 [04:14<00:24,  3.98it/s] 90%|█████████ | 904/1000 [04:14<00:22,  4.18it/s] 90%|█████████ | 905/1000 [04:15<00:25,  3.72it/s] 91%|█████████ | 906/1000 [04:15<00:23,  3.98it/s] 91%|█████████ | 907/1000 [04:15<00:22,  4.15it/s] 91%|█████████ | 908/1000 [04:15<00:23,  3.85it/s] 91%|█████████ | 909/1000 [04:16<00:23,  3.80it/s] 91%|█████████ | 910/1000 [04:16<00:22,  4.03it/s]                                                  {'loss': 0.08, 'grad_norm': 0.3710363507270813, 'learning_rate': 1.8200000000000002e-06, 'entropy': 0.09023969024419784, 'num_tokens': 3023363.0, 'mean_token_accuracy': 0.9786717891693115, 'epoch': 9.1}
 91%|█████████ | 910/1000 [04:16<00:22,  4.03it/s] 91%|█████████ | 911/1000 [04:16<00:21,  4.20it/s] 91%|█████████ | 912/1000 [04:16<00:20,  4.36it/s] 91%|█████████▏| 913/1000 [04:17<00:19,  4.47it/s] 91%|█████████▏| 914/1000 [04:17<00:19,  4.50it/s] 92%|█████████▏| 915/1000 [04:17<00:18,  4.53it/s] 92%|█████████▏| 916/1000 [04:17<00:18,  4.56it/s] 92%|█████████▏| 917/1000 [04:17<00:18,  4.61it/s] 92%|█████████▏| 918/1000 [04:18<00:19,  4.25it/s] 92%|█████████▏| 919/1000 [04:18<00:21,  3.80it/s] 92%|█████████▏| 920/1000 [04:18<00:19,  4.04it/s]                                                  {'loss': 0.0797, 'grad_norm': 0.5082434415817261, 'learning_rate': 1.6200000000000002e-06, 'entropy': 0.09220226109027863, 'num_tokens': 3057409.0, 'mean_token_accuracy': 0.9771398305892944, 'epoch': 9.2}
 92%|█████████▏| 920/1000 [04:18<00:19,  4.04it/s] 92%|█████████▏| 921/1000 [04:18<00:19,  3.97it/s] 92%|█████████▏| 922/1000 [04:19<00:18,  4.11it/s] 92%|█████████▏| 923/1000 [04:19<00:18,  4.27it/s] 92%|█████████▏| 924/1000 [04:19<00:20,  3.79it/s] 92%|█████████▎| 925/1000 [04:19<00:18,  4.02it/s] 93%|█████████▎| 926/1000 [04:20<00:17,  4.15it/s] 93%|█████████▎| 927/1000 [04:20<00:16,  4.30it/s] 93%|█████████▎| 928/1000 [04:20<00:18,  3.82it/s] 93%|█████████▎| 929/1000 [04:21<00:20,  3.39it/s] 93%|█████████▎| 930/1000 [04:21<00:20,  3.34it/s]                                                  {'loss': 0.0808, 'grad_norm': 0.4757364094257355, 'learning_rate': 1.42e-06, 'entropy': 0.0890361487865448, 'num_tokens': 3091324.0, 'mean_token_accuracy': 0.9778365373611451, 'epoch': 9.3}
 93%|█████████▎| 930/1000 [04:21<00:20,  3.34it/s] 93%|█████████▎| 931/1000 [04:21<00:18,  3.65it/s] 93%|█████████▎| 932/1000 [04:21<00:19,  3.48it/s] 93%|█████████▎| 933/1000 [04:22<00:17,  3.74it/s] 93%|█████████▎| 934/1000 [04:22<00:16,  4.00it/s] 94%|█████████▎| 935/1000 [04:22<00:15,  4.18it/s] 94%|█████████▎| 936/1000 [04:22<00:14,  4.33it/s] 94%|█████████▎| 937/1000 [04:22<00:14,  4.44it/s] 94%|█████████▍| 938/1000 [04:23<00:13,  4.47it/s] 94%|█████████▍| 939/1000 [04:23<00:13,  4.53it/s] 94%|█████████▍| 940/1000 [04:23<00:13,  4.58it/s]                                                  {'loss': 0.0837, 'grad_norm': 0.4475025534629822, 'learning_rate': 1.2200000000000002e-06, 'entropy': 0.09307557344436646, 'num_tokens': 3123875.0, 'mean_token_accuracy': 0.9757280945777893, 'epoch': 9.4}
 94%|█████████▍| 940/1000 [04:23<00:13,  4.58it/s] 94%|█████████▍| 941/1000 [04:23<00:12,  4.59it/s] 94%|█████████▍| 942/1000 [04:24<00:13,  4.27it/s] 94%|█████████▍| 943/1000 [04:24<00:12,  4.40it/s] 94%|█████████▍| 944/1000 [04:24<00:12,  4.48it/s] 94%|█████████▍| 945/1000 [04:24<00:12,  4.57it/s] 95%|█████████▍| 946/1000 [04:24<00:11,  4.63it/s] 95%|█████████▍| 947/1000 [04:25<00:13,  4.05it/s] 95%|█████████▍| 948/1000 [04:25<00:12,  4.23it/s] 95%|█████████▍| 949/1000 [04:25<00:11,  4.34it/s] 95%|█████████▌| 950/1000 [04:25<00:11,  4.42it/s]                                                  {'loss': 0.0848, 'grad_norm': 0.40928739309310913, 'learning_rate': 1.02e-06, 'entropy': 0.09146938025951386, 'num_tokens': 3156220.0, 'mean_token_accuracy': 0.9767510652542114, 'epoch': 9.5}
 95%|█████████▌| 950/1000 [04:25<00:11,  4.42it/s] 95%|█████████▌| 951/1000 [04:26<00:11,  4.45it/s] 95%|█████████▌| 952/1000 [04:26<00:10,  4.48it/s] 95%|█████████▌| 953/1000 [04:26<00:10,  4.52it/s] 95%|█████████▌| 954/1000 [04:26<00:10,  4.57it/s] 96%|█████████▌| 955/1000 [04:27<00:09,  4.61it/s] 96%|█████████▌| 956/1000 [04:27<00:10,  4.24it/s] 96%|█████████▌| 957/1000 [04:27<00:10,  4.03it/s] 96%|█████████▌| 958/1000 [04:27<00:11,  3.66it/s] 96%|█████████▌| 959/1000 [04:28<00:10,  3.90it/s] 96%|█████████▌| 960/1000 [04:28<00:09,  4.05it/s]                                                  {'loss': 0.0826, 'grad_norm': 0.42874714732170105, 'learning_rate': 8.200000000000001e-07, 'entropy': 0.09057796522974967, 'num_tokens': 3189437.0, 'mean_token_accuracy': 0.9762118935585022, 'epoch': 9.6}
 96%|█████████▌| 960/1000 [04:28<00:09,  4.05it/s] 96%|█████████▌| 961/1000 [04:28<00:09,  3.93it/s] 96%|█████████▌| 962/1000 [04:28<00:09,  4.13it/s] 96%|█████████▋| 963/1000 [04:29<00:08,  4.29it/s] 96%|█████████▋| 964/1000 [04:29<00:08,  4.32it/s] 96%|█████████▋| 965/1000 [04:29<00:07,  4.41it/s] 97%|█████████▋| 966/1000 [04:29<00:07,  4.50it/s] 97%|█████████▋| 967/1000 [04:29<00:07,  4.56it/s] 97%|█████████▋| 968/1000 [04:30<00:07,  4.56it/s] 97%|█████████▋| 969/1000 [04:30<00:07,  4.28it/s] 97%|█████████▋| 970/1000 [04:30<00:06,  4.37it/s]                                                  {'loss': 0.0839, 'grad_norm': 0.4903082251548767, 'learning_rate': 6.200000000000001e-07, 'entropy': 0.08911895528435707, 'num_tokens': 3222334.0, 'mean_token_accuracy': 0.976141345500946, 'epoch': 9.7}
 97%|█████████▋| 970/1000 [04:30<00:06,  4.37it/s] 97%|█████████▋| 971/1000 [04:30<00:06,  4.44it/s] 97%|█████████▋| 972/1000 [04:31<00:06,  4.53it/s] 97%|█████████▋| 973/1000 [04:31<00:06,  4.47it/s] 97%|█████████▋| 974/1000 [04:31<00:05,  4.51it/s] 98%|█████████▊| 975/1000 [04:31<00:05,  4.26it/s] 98%|█████████▊| 976/1000 [04:31<00:05,  4.39it/s] 98%|█████████▊| 977/1000 [04:32<00:05,  3.99it/s] 98%|█████████▊| 978/1000 [04:32<00:05,  4.16it/s] 98%|█████████▊| 979/1000 [04:32<00:04,  4.30it/s] 98%|█████████▊| 980/1000 [04:32<00:04,  4.43it/s]                                                  {'loss': 0.0867, 'grad_norm': 0.4616621136665344, 'learning_rate': 4.2000000000000006e-07, 'entropy': 0.0937055841088295, 'num_tokens': 3254195.0, 'mean_token_accuracy': 0.975189459323883, 'epoch': 9.8}
 98%|█████████▊| 980/1000 [04:32<00:04,  4.43it/s] 98%|█████████▊| 981/1000 [04:33<00:04,  4.46it/s] 98%|█████████▊| 982/1000 [04:33<00:04,  4.46it/s] 98%|█████████▊| 983/1000 [04:33<00:03,  4.51it/s] 98%|█████████▊| 984/1000 [04:33<00:04,  3.88it/s] 98%|█████████▊| 985/1000 [04:34<00:03,  3.99it/s] 99%|█████████▊| 986/1000 [04:34<00:03,  4.12it/s] 99%|█████████▊| 987/1000 [04:34<00:03,  4.27it/s] 99%|█████████▉| 988/1000 [04:34<00:02,  4.40it/s] 99%|█████████▉| 989/1000 [04:35<00:02,  4.50it/s] 99%|█████████▉| 990/1000 [04:35<00:02,  4.47it/s]                                                  {'loss': 0.0833, 'grad_norm': 0.46229633688926697, 'learning_rate': 2.2e-07, 'entropy': 0.09048902094364167, 'num_tokens': 3287528.0, 'mean_token_accuracy': 0.9764387845993042, 'epoch': 9.9}
 99%|█████████▉| 990/1000 [04:35<00:02,  4.47it/s] 99%|█████████▉| 991/1000 [04:35<00:02,  4.50it/s] 99%|█████████▉| 992/1000 [04:35<00:01,  4.54it/s] 99%|█████████▉| 993/1000 [04:35<00:01,  4.59it/s] 99%|█████████▉| 994/1000 [04:36<00:01,  4.27it/s]100%|█████████▉| 995/1000 [04:36<00:01,  4.33it/s]100%|█████████▉| 996/1000 [04:36<00:01,  3.83it/s]100%|█████████▉| 997/1000 [04:36<00:00,  4.06it/s]100%|█████████▉| 998/1000 [04:37<00:00,  3.81it/s]100%|█████████▉| 999/1000 [04:37<00:00,  4.02it/s]100%|██████████| 1000/1000 [04:37<00:00,  4.19it/s]                                                   {'loss': 0.0817, 'grad_norm': 0.37817028164863586, 'learning_rate': 2e-08, 'entropy': 0.09050575569272042, 'num_tokens': 3321700.0, 'mean_token_accuracy': 0.9766946971416474, 'epoch': 10.0}
100%|██████████| 1000/1000 [04:37<00:00,  4.19it/s]

Training completed. Do not forget to share your model on huggingface.co/models =)


                                                   {'train_runtime': 278.9146, 'train_samples_per_second': 114.73, 'train_steps_per_second': 3.585, 'train_loss': 0.2698214508891106, 'epoch': 10.0}
100%|██████████| 1000/1000 [04:37<00:00,  4.19it/s]100%|██████████| 1000/1000 [04:37<00:00,  3.60it/s]

Time End

2025-11-27 03:53:24.218302
✅ Training finished. Cleaning up...
wandb: updating run metadata
wandb: uploading history steps 96-100, summary, console lines 97-111
wandb: 
wandb: Run history:
wandb:             train/entropy █▇▆▄▄▄▄▃▄▄▂▂▂▂▂▂▂▁▁▁▁▁▁▁▁▁▁▁▁▁▁▁▁▁▁▁▁▁▁▁
wandb:               train/epoch ▁▁▂▂▂▃▃▃▃▃▃▃▃▄▄▄▄▅▅▅▅▅▅▅▅▆▆▆▆▆▆▇▇▇▇▇▇▇██
wandb:         train/global_step ▁▁▁▁▂▂▂▂▂▃▃▃▃▃▄▄▄▄▄▄▅▅▅▅▅▆▆▆▆▆▆▇▇▇▇█████
wandb:           train/grad_norm ██▄▃▄▄▃▃▄▃▃▂▃▂▂▂▂▂▂▂▂▁▂▂▂▁▂▁▁▁▁▁▁▁▁▁▁▁▁▁
wandb:       train/learning_rate █████▇▇▇▇▇▇▆▆▆▆▆▅▅▅▅▅▅▄▄▄▄▄▄▄▃▃▃▃▃▂▂▂▂▁▁
wandb:                train/loss █▆▆▆▃▃▂▂▂▂▁▁▁▁▁▁▁▁▁▁▁▁▁▁▁▁▁▁▁▁▁▁▁▁▁▁▁▁▁▁
wandb: train/mean_token_accuracy ▁▁▁▅▄▄▅▇▇▇▇▇▇▇▇▇████████████████████████
wandb:          train/num_tokens ▁▁▁▁▂▂▂▂▃▃▃▃▄▄▄▄▅▅▅▅▅▅▆▆▆▆▆▆▆▆▆▇▇▇▇▇▇███
wandb: 
wandb: Run summary:
wandb:                total_flos 1.0870169672876032e+16
wandb:             train/entropy 0.09051
wandb:               train/epoch 10
wandb:         train/global_step 1000
wandb:           train/grad_norm 0.37817
wandb:       train/learning_rate 0.0
wandb:                train/loss 0.0817
wandb: train/mean_token_accuracy 0.97669
wandb:          train/num_tokens 3321700.0
wandb:                train_loss 0.26982
wandb:                        +3 ...
wandb: 
wandb: 🚀 View run phd_fsdp1_8_bs_4_3b_20251127_034817 at: https://wandb.ai/alishafique3-kstate/phd_fsdp1_8_bs_4_3b/runs/q74x4443
wandb: ⭐️ View project at: https://wandb.ai/alishafique3-kstate/phd_fsdp1_8_bs_4_3b
wandb: Synced 5 W&B file(s), 0 media file(s), 0 artifact file(s) and 0 other file(s)
wandb: Find logs at: ./wandb/run-20251127_034845-q74x4443/logs
furious-puma-1:117003:117633 [7] NCCL INFO [Service thread] Connection closed by localRank 0
furious-puma-1:116997:117623 [1] NCCL INFO [Service thread] Connection closed by localRank 0
furious-puma-1:117000:117625 [0] NCCL INFO [Service thread] Connection closed by localRank 5
furious-puma-1:117002:117621 [6] NCCL INFO [Service thread] Connection closed by localRank 5
furious-puma-1:116999:117629 [0] NCCL INFO [Service thread] Connection closed by localRank 4
furious-puma-1:117002:117621 [6] NCCL INFO [Service thread] Connection closed by localRank 7
furious-puma-1:116998:117635 [2] NCCL INFO [Service thread] Connection closed by localRank 3
furious-puma-1:116998:117635 [2] NCCL INFO [Service thread] Connection closed by localRank 1
