timestamp, index, name, pstate, utilization.gpu [%], utilization.memory [%], memory.total [MiB], memory.free [MiB], memory.used [MiB], temperature.gpu, temperature.memory, power.draw [W], power.limit [W], power.max_limit [W], clocks.current.graphics [MHz], clocks.current.memory [MHz], fan.speed [%]
2025/11/27 03:25:34.508, 0, NVIDIA H100 80GB HBM3, P0, 0 %, 0 %, 81559 MiB, 81080 MiB, 0 MiB, 31, 40, 70.08 W, 700.00 W, 700.00 W, 345 MHz, 2619 MHz, [N/A]
2025/11/27 03:25:34.515, 1, NVIDIA H100 80GB HBM3, P0, 0 %, 0 %, 81559 MiB, 81080 MiB, 0 MiB, 35, 42, 72.09 W, 700.00 W, 700.00 W, 345 MHz, 2619 MHz, [N/A]
2025/11/27 03:25:34.522, 2, NVIDIA H100 80GB HBM3, P0, 0 %, 0 %, 81559 MiB, 81080 MiB, 0 MiB, 34, 42, 74.80 W, 700.00 W, 700.00 W, 345 MHz, 2619 MHz, [N/A]
2025/11/27 03:25:34.529, 3, NVIDIA H100 80GB HBM3, P0, 0 %, 0 %, 81559 MiB, 81080 MiB, 0 MiB, 30, 39, 70.87 W, 700.00 W, 700.00 W, 345 MHz, 2619 MHz, [N/A]
2025/11/27 03:25:34.535, 4, NVIDIA H100 80GB HBM3, P0, 0 %, 0 %, 81559 MiB, 81080 MiB, 0 MiB, 29, 37, 69.74 W, 700.00 W, 700.00 W, 345 MHz, 2619 MHz, [N/A]
2025/11/27 03:25:34.542, 5, NVIDIA H100 80GB HBM3, P0, 0 %, 0 %, 81559 MiB, 81080 MiB, 0 MiB, 34, 40, 71.59 W, 700.00 W, 700.00 W, 345 MHz, 2619 MHz, [N/A]
2025/11/27 03:25:34.549, 6, NVIDIA H100 80GB HBM3, P0, 0 %, 0 %, 81559 MiB, 81080 MiB, 0 MiB, 33, 40, 69.58 W, 700.00 W, 700.00 W, 345 MHz, 2619 MHz, [N/A]
2025/11/27 03:25:34.556, 7, NVIDIA H100 80GB HBM3, P0, 0 %, 0 %, 81559 MiB, 81080 MiB, 0 MiB, 31, 39, 69.94 W, 700.00 W, 700.00 W, 345 MHz, 2619 MHz, [N/A]
2025/11/27 03:25:39.563, 0, NVIDIA H100 80GB HBM3, P0, 0 %, 0 %, 81559 MiB, 81080 MiB, 0 MiB, 31, 39, 69.93 W, 700.00 W, 700.00 W, 345 MHz, 2619 MHz, [N/A]
2025/11/27 03:25:39.564, 1, NVIDIA H100 80GB HBM3, P0, 0 %, 0 %, 81559 MiB, 81080 MiB, 0 MiB, 34, 42, 71.94 W, 700.00 W, 700.00 W, 345 MHz, 2619 MHz, [N/A]
2025/11/27 03:25:39.565, 2, NVIDIA H100 80GB HBM3, P0, 0 %, 0 %, 81559 MiB, 81080 MiB, 0 MiB, 34, 40, 74.59 W, 700.00 W, 700.00 W, 345 MHz, 2619 MHz, [N/A]
2025/11/27 03:25:39.566, 3, NVIDIA H100 80GB HBM3, P0, 0 %, 0 %, 81559 MiB, 81080 MiB, 0 MiB, 30, 39, 70.81 W, 700.00 W, 700.00 W, 345 MHz, 2619 MHz, [N/A]
2025/11/27 03:25:39.567, 4, NVIDIA H100 80GB HBM3, P0, 0 %, 0 %, 81559 MiB, 81080 MiB, 0 MiB, 29, 35, 69.62 W, 700.00 W, 700.00 W, 345 MHz, 2619 MHz, [N/A]
2025/11/27 03:25:39.568, 5, NVIDIA H100 80GB HBM3, P0, 0 %, 0 %, 81559 MiB, 81080 MiB, 0 MiB, 33, 39, 71.46 W, 700.00 W, 700.00 W, 345 MHz, 2619 MHz, [N/A]
2025/11/27 03:25:39.568, 6, NVIDIA H100 80GB HBM3, P0, 0 %, 0 %, 81559 MiB, 81080 MiB, 0 MiB, 33, 39, 69.44 W, 700.00 W, 700.00 W, 345 MHz, 2619 MHz, [N/A]
2025/11/27 03:25:39.569, 7, NVIDIA H100 80GB HBM3, P0, 0 %, 0 %, 81559 MiB, 81080 MiB, 0 MiB, 30, 39, 69.83 W, 700.00 W, 700.00 W, 345 MHz, 2619 MHz, [N/A]
2025/11/27 03:25:44.571, 0, NVIDIA H100 80GB HBM3, P0, 0 %, 0 %, 81559 MiB, 81076 MiB, 4 MiB, 30, 40, 69.85 W, 700.00 W, 700.00 W, 345 MHz, 2619 MHz, [N/A]
2025/11/27 03:25:44.572, 1, NVIDIA H100 80GB HBM3, P0, 0 %, 0 %, 81559 MiB, 81076 MiB, 4 MiB, 34, 42, 71.78 W, 700.00 W, 700.00 W, 345 MHz, 2619 MHz, [N/A]
2025/11/27 03:25:44.573, 2, NVIDIA H100 80GB HBM3, P0, 0 %, 0 %, 81559 MiB, 81076 MiB, 4 MiB, 33, 40, 74.40 W, 700.00 W, 700.00 W, 345 MHz, 2619 MHz, [N/A]
2025/11/27 03:25:44.575, 3, NVIDIA H100 80GB HBM3, P0, 0 %, 0 %, 81559 MiB, 81076 MiB, 4 MiB, 30, 39, 70.78 W, 700.00 W, 700.00 W, 345 MHz, 2619 MHz, [N/A]
2025/11/27 03:25:44.575, 4, NVIDIA H100 80GB HBM3, P0, 0 %, 0 %, 81559 MiB, 81076 MiB, 4 MiB, 29, 35, 69.58 W, 700.00 W, 700.00 W, 345 MHz, 2619 MHz, [N/A]
2025/11/27 03:25:44.576, 5, NVIDIA H100 80GB HBM3, P0, 0 %, 0 %, 81559 MiB, 81076 MiB, 4 MiB, 33, 39, 71.39 W, 700.00 W, 700.00 W, 345 MHz, 2619 MHz, [N/A]
2025/11/27 03:25:44.577, 6, NVIDIA H100 80GB HBM3, P0, 0 %, 0 %, 81559 MiB, 81076 MiB, 4 MiB, 32, 40, 69.33 W, 700.00 W, 700.00 W, 345 MHz, 2619 MHz, [N/A]
2025/11/27 03:25:44.578, 7, NVIDIA H100 80GB HBM3, P0, 0 %, 0 %, 81559 MiB, 81076 MiB, 4 MiB, 30, 38, 72.61 W, 700.00 W, 700.00 W, 345 MHz, 2619 MHz, [N/A]
2025/11/27 03:25:49.580, 0, NVIDIA H100 80GB HBM3, P0, 0 %, 0 %, 81559 MiB, 81076 MiB, 4 MiB, 30, 39, 69.78 W, 700.00 W, 700.00 W, 345 MHz, 2619 MHz, [N/A]
2025/11/27 03:25:49.581, 1, NVIDIA H100 80GB HBM3, P0, 0 %, 0 %, 81559 MiB, 81076 MiB, 4 MiB, 33, 41, 71.66 W, 700.00 W, 700.00 W, 345 MHz, 2619 MHz, [N/A]
2025/11/27 03:25:49.582, 2, NVIDIA H100 80GB HBM3, P0, 0 %, 0 %, 81559 MiB, 81076 MiB, 4 MiB, 33, 40, 74.24 W, 700.00 W, 700.00 W, 345 MHz, 2619 MHz, [N/A]
2025/11/27 03:25:49.583, 3, NVIDIA H100 80GB HBM3, P0, 0 %, 0 %, 81559 MiB, 81076 MiB, 4 MiB, 29, 38, 70.74 W, 700.00 W, 700.00 W, 345 MHz, 2619 MHz, [N/A]
2025/11/27 03:25:49.584, 4, NVIDIA H100 80GB HBM3, P0, 0 %, 0 %, 81559 MiB, 81076 MiB, 4 MiB, 28, 35, 69.51 W, 700.00 W, 700.00 W, 345 MHz, 2619 MHz, [N/A]
2025/11/27 03:25:49.585, 5, NVIDIA H100 80GB HBM3, P0, 0 %, 0 %, 81559 MiB, 81076 MiB, 4 MiB, 32, 39, 71.28 W, 700.00 W, 700.00 W, 345 MHz, 2619 MHz, [N/A]
2025/11/27 03:25:49.585, 6, NVIDIA H100 80GB HBM3, P0, 0 %, 0 %, 81559 MiB, 81076 MiB, 4 MiB, 32, 39, 69.77 W, 700.00 W, 700.00 W, 345 MHz, 2619 MHz, [N/A]
2025/11/27 03:25:49.586, 7, NVIDIA H100 80GB HBM3, P0, 0 %, 0 %, 81559 MiB, 81076 MiB, 4 MiB, 30, 37, 69.68 W, 700.00 W, 700.00 W, 345 MHz, 2619 MHz, [N/A]
2025/11/27 03:25:54.587, 0, NVIDIA H100 80GB HBM3, P0, 0 %, 0 %, 81559 MiB, 80549 MiB, 531 MiB, 31, 39, 114.79 W, 700.00 W, 700.00 W, 1980 MHz, 2619 MHz, [N/A]
2025/11/27 03:25:54.588, 1, NVIDIA H100 80GB HBM3, P0, 0 %, 0 %, 81559 MiB, 81076 MiB, 4 MiB, 33, 40, 71.57 W, 700.00 W, 700.00 W, 345 MHz, 2619 MHz, [N/A]
2025/11/27 03:25:54.589, 2, NVIDIA H100 80GB HBM3, P0, 0 %, 0 %, 81559 MiB, 81076 MiB, 4 MiB, 32, 40, 74.06 W, 700.00 W, 700.00 W, 345 MHz, 2619 MHz, [N/A]
2025/11/27 03:25:54.590, 3, NVIDIA H100 80GB HBM3, P0, 0 %, 0 %, 81559 MiB, 81076 MiB, 4 MiB, 29, 37, 70.62 W, 700.00 W, 700.00 W, 345 MHz, 2619 MHz, [N/A]
2025/11/27 03:25:54.591, 4, NVIDIA H100 80GB HBM3, P0, 0 %, 0 %, 81559 MiB, 81076 MiB, 4 MiB, 28, 35, 69.45 W, 700.00 W, 700.00 W, 345 MHz, 2619 MHz, [N/A]
2025/11/27 03:25:54.592, 5, NVIDIA H100 80GB HBM3, P0, 0 %, 0 %, 81559 MiB, 81076 MiB, 4 MiB, 32, 38, 71.15 W, 700.00 W, 700.00 W, 345 MHz, 2619 MHz, [N/A]
2025/11/27 03:25:54.593, 6, NVIDIA H100 80GB HBM3, P0, 0 %, 0 %, 81559 MiB, 81076 MiB, 4 MiB, 31, 39, 69.70 W, 700.00 W, 700.00 W, 345 MHz, 2619 MHz, [N/A]
2025/11/27 03:25:54.593, 7, NVIDIA H100 80GB HBM3, P0, 0 %, 0 %, 81559 MiB, 81076 MiB, 4 MiB, 30, 37, 69.64 W, 700.00 W, 700.00 W, 345 MHz, 2619 MHz, [N/A]
2025/11/27 03:25:59.595, 0, NVIDIA H100 80GB HBM3, P0, 0 %, 0 %, 81559 MiB, 80549 MiB, 531 MiB, 31, 39, 114.72 W, 700.00 W, 700.00 W, 1980 MHz, 2619 MHz, [N/A]
2025/11/27 03:25:59.596, 1, NVIDIA H100 80GB HBM3, P0, 0 %, 0 %, 81559 MiB, 81076 MiB, 4 MiB, 33, 40, 71.47 W, 700.00 W, 700.00 W, 345 MHz, 2619 MHz, [N/A]
2025/11/27 03:25:59.597, 2, NVIDIA H100 80GB HBM3, P0, 0 %, 0 %, 81559 MiB, 81076 MiB, 4 MiB, 32, 40, 73.92 W, 700.00 W, 700.00 W, 345 MHz, 2619 MHz, [N/A]
2025/11/27 03:25:59.598, 3, NVIDIA H100 80GB HBM3, P0, 0 %, 0 %, 81559 MiB, 81076 MiB, 4 MiB, 29, 37, 70.57 W, 700.00 W, 700.00 W, 345 MHz, 2619 MHz, [N/A]
2025/11/27 03:25:59.598, 4, NVIDIA H100 80GB HBM3, P0, 0 %, 0 %, 81559 MiB, 81076 MiB, 4 MiB, 28, 35, 69.41 W, 700.00 W, 700.00 W, 345 MHz, 2619 MHz, [N/A]
2025/11/27 03:25:59.599, 5, NVIDIA H100 80GB HBM3, P0, 0 %, 0 %, 81559 MiB, 81076 MiB, 4 MiB, 32, 38, 71.11 W, 700.00 W, 700.00 W, 345 MHz, 2619 MHz, [N/A]
2025/11/27 03:25:59.600, 6, NVIDIA H100 80GB HBM3, P0, 0 %, 0 %, 81559 MiB, 81076 MiB, 4 MiB, 31, 39, 69.65 W, 700.00 W, 700.00 W, 345 MHz, 2619 MHz, [N/A]
2025/11/27 03:25:59.601, 7, NVIDIA H100 80GB HBM3, P0, 0 %, 0 %, 81559 MiB, 81076 MiB, 4 MiB, 29, 37, 69.57 W, 700.00 W, 700.00 W, 345 MHz, 2619 MHz, [N/A]
2025/11/27 03:26:04.602, 0, NVIDIA H100 80GB HBM3, P0, 13 %, 0 %, 81559 MiB, 68291 MiB, 12789 MiB, 31, 39, 115.55 W, 700.00 W, 700.00 W, 1980 MHz, 2619 MHz, [N/A]
2025/11/27 03:26:04.603, 1, NVIDIA H100 80GB HBM3, P0, 0 %, 0 %, 81559 MiB, 81076 MiB, 4 MiB, 32, 40, 71.32 W, 700.00 W, 700.00 W, 345 MHz, 2619 MHz, [N/A]
2025/11/27 03:26:04.604, 2, NVIDIA H100 80GB HBM3, P0, 0 %, 0 %, 81559 MiB, 81076 MiB, 4 MiB, 32, 38, 73.84 W, 700.00 W, 700.00 W, 345 MHz, 2619 MHz, [N/A]
2025/11/27 03:26:04.605, 3, NVIDIA H100 80GB HBM3, P0, 0 %, 0 %, 81559 MiB, 81076 MiB, 4 MiB, 29, 37, 70.55 W, 700.00 W, 700.00 W, 345 MHz, 2619 MHz, [N/A]
2025/11/27 03:26:04.606, 4, NVIDIA H100 80GB HBM3, P0, 0 %, 0 %, 81559 MiB, 81076 MiB, 4 MiB, 28, 35, 69.39 W, 700.00 W, 700.00 W, 345 MHz, 2619 MHz, [N/A]
2025/11/27 03:26:04.607, 5, NVIDIA H100 80GB HBM3, P0, 0 %, 0 %, 81559 MiB, 81076 MiB, 4 MiB, 31, 37, 71.01 W, 700.00 W, 700.00 W, 345 MHz, 2619 MHz, [N/A]
2025/11/27 03:26:04.607, 6, NVIDIA H100 80GB HBM3, P0, 0 %, 0 %, 81559 MiB, 81076 MiB, 4 MiB, 31, 37, 69.54 W, 700.00 W, 700.00 W, 345 MHz, 2619 MHz, [N/A]
2025/11/27 03:26:04.608, 7, NVIDIA H100 80GB HBM3, P0, 0 %, 0 %, 81559 MiB, 81076 MiB, 4 MiB, 29, 37, 69.93 W, 700.00 W, 700.00 W, 345 MHz, 2619 MHz, [N/A]
2025/11/27 03:26:09.610, 0, NVIDIA H100 80GB HBM3, P0, 0 %, 0 %, 81559 MiB, 67921 MiB, 13159 MiB, 31, 39, 114.88 W, 700.00 W, 700.00 W, 1980 MHz, 2619 MHz, [N/A]
2025/11/27 03:26:09.611, 1, NVIDIA H100 80GB HBM3, P0, 0 %, 0 %, 81559 MiB, 78679 MiB, 2401 MiB, 33, 40, 119.38 W, 700.00 W, 700.00 W, 1980 MHz, 2619 MHz, [N/A]
2025/11/27 03:26:09.612, 2, NVIDIA H100 80GB HBM3, P0, 0 %, 0 %, 81559 MiB, 78691 MiB, 2389 MiB, 33, 38, 121.13 W, 700.00 W, 700.00 W, 1980 MHz, 2619 MHz, [N/A]
2025/11/27 03:26:09.613, 3, NVIDIA H100 80GB HBM3, P0, 0 %, 0 %, 81559 MiB, 78691 MiB, 2389 MiB, 30, 37, 118.27 W, 700.00 W, 700.00 W, 1980 MHz, 2619 MHz, [N/A]
2025/11/27 03:26:09.614, 4, NVIDIA H100 80GB HBM3, P0, 0 %, 0 %, 81559 MiB, 78661 MiB, 2419 MiB, 29, 35, 113.71 W, 700.00 W, 700.00 W, 1980 MHz, 2619 MHz, [N/A]
2025/11/27 03:26:09.615, 5, NVIDIA H100 80GB HBM3, P0, 0 %, 0 %, 81559 MiB, 78675 MiB, 2405 MiB, 32, 37, 119.22 W, 700.00 W, 700.00 W, 1980 MHz, 2619 MHz, [N/A]
2025/11/27 03:26:09.616, 6, NVIDIA H100 80GB HBM3, P0, 0 %, 0 %, 81559 MiB, 78665 MiB, 2415 MiB, 32, 37, 113.92 W, 700.00 W, 700.00 W, 1980 MHz, 2619 MHz, [N/A]
2025/11/27 03:26:09.616, 7, NVIDIA H100 80GB HBM3, P0, 0 %, 0 %, 81559 MiB, 78673 MiB, 2407 MiB, 30, 37, 115.53 W, 700.00 W, 700.00 W, 1980 MHz, 2619 MHz, [N/A]
2025/11/27 03:26:14.618, 0, NVIDIA H100 80GB HBM3, P0, 100 %, 12 %, 81559 MiB, 13779 MiB, 67301 MiB, 39, 44, 363.72 W, 700.00 W, 700.00 W, 1980 MHz, 2619 MHz, [N/A]
2025/11/27 03:26:14.619, 1, NVIDIA H100 80GB HBM3, P0, 11 %, 2 %, 81559 MiB, 54299 MiB, 26781 MiB, 38, 44, 350.68 W, 700.00 W, 700.00 W, 1980 MHz, 2619 MHz, [N/A]
2025/11/27 03:26:14.619, 2, NVIDIA H100 80GB HBM3, P0, 100 %, 12 %, 81559 MiB, 54299 MiB, 26781 MiB, 39, 42, 337.57 W, 700.00 W, 700.00 W, 1980 MHz, 2619 MHz, [N/A]
2025/11/27 03:26:14.620, 3, NVIDIA H100 80GB HBM3, P0, 100 %, 13 %, 81559 MiB, 54299 MiB, 26781 MiB, 35, 40, 333.87 W, 700.00 W, 700.00 W, 1980 MHz, 2619 MHz, [N/A]
2025/11/27 03:26:14.621, 4, NVIDIA H100 80GB HBM3, P0, 100 %, 13 %, 81559 MiB, 54299 MiB, 26781 MiB, 36, 39, 324.65 W, 700.00 W, 700.00 W, 1980 MHz, 2619 MHz, [N/A]
2025/11/27 03:26:14.622, 5, NVIDIA H100 80GB HBM3, P0, 100 %, 12 %, 81559 MiB, 54299 MiB, 26781 MiB, 37, 40, 327.14 W, 700.00 W, 700.00 W, 1980 MHz, 2619 MHz, [N/A]
2025/11/27 03:26:14.622, 6, NVIDIA H100 80GB HBM3, P0, 100 %, 12 %, 81559 MiB, 54299 MiB, 26781 MiB, 37, 41, 332.48 W, 700.00 W, 700.00 W, 1980 MHz, 2619 MHz, [N/A]
2025/11/27 03:26:14.623, 7, NVIDIA H100 80GB HBM3, P0, 85 %, 20 %, 81559 MiB, 54299 MiB, 26781 MiB, 36, 39, 326.63 W, 700.00 W, 700.00 W, 1980 MHz, 2619 MHz, [N/A]
2025/11/27 03:26:19.624, 0, NVIDIA H100 80GB HBM3, P0, 100 %, 13 %, 81559 MiB, 8335 MiB, 72745 MiB, 45, 45, 434.40 W, 700.00 W, 700.00 W, 1980 MHz, 2619 MHz, [N/A]
2025/11/27 03:26:19.625, 1, NVIDIA H100 80GB HBM3, P0, 67 %, 11 %, 81559 MiB, 45529 MiB, 35551 MiB, 39, 45, 396.94 W, 700.00 W, 700.00 W, 1980 MHz, 2619 MHz, [N/A]
2025/11/27 03:26:19.626, 2, NVIDIA H100 80GB HBM3, P0, 100 %, 13 %, 81559 MiB, 45529 MiB, 35551 MiB, 46, 44, 421.11 W, 700.00 W, 700.00 W, 1980 MHz, 2619 MHz, [N/A]
2025/11/27 03:26:19.626, 3, NVIDIA H100 80GB HBM3, P0, 100 %, 12 %, 81559 MiB, 45529 MiB, 35551 MiB, 38, 44, 397.80 W, 700.00 W, 700.00 W, 1980 MHz, 2619 MHz, [N/A]
2025/11/27 03:26:19.627, 4, NVIDIA H100 80GB HBM3, P0, 100 %, 13 %, 81559 MiB, 45529 MiB, 35551 MiB, 42, 39, 397.43 W, 700.00 W, 700.00 W, 1980 MHz, 2619 MHz, [N/A]
2025/11/27 03:26:19.627, 5, NVIDIA H100 80GB HBM3, P0, 100 %, 13 %, 81559 MiB, 45529 MiB, 35551 MiB, 41, 43, 412.27 W, 700.00 W, 700.00 W, 1980 MHz, 2619 MHz, [N/A]
2025/11/27 03:26:19.628, 6, NVIDIA H100 80GB HBM3, P0, 100 %, 13 %, 81559 MiB, 45529 MiB, 35551 MiB, 41, 44, 388.36 W, 700.00 W, 700.00 W, 1980 MHz, 2619 MHz, [N/A]
2025/11/27 03:26:19.628, 7, NVIDIA H100 80GB HBM3, P0, 100 %, 15 %, 81559 MiB, 45529 MiB, 35551 MiB, 40, 45, 403.13 W, 700.00 W, 700.00 W, 1980 MHz, 2619 MHz, [N/A]
2025/11/27 03:26:24.630, 0, NVIDIA H100 80GB HBM3, P0, 23 %, 24 %, 81559 MiB, 8327 MiB, 72753 MiB, 44, 47, 456.76 W, 700.00 W, 700.00 W, 1980 MHz, 2619 MHz, [N/A]
2025/11/27 03:26:24.631, 1, NVIDIA H100 80GB HBM3, P0, 100 %, 12 %, 81559 MiB, 45529 MiB, 35551 MiB, 47, 46, 431.12 W, 700.00 W, 700.00 W, 1980 MHz, 2619 MHz, [N/A]
2025/11/27 03:26:24.631, 2, NVIDIA H100 80GB HBM3, P0, 88 %, 13 %, 81559 MiB, 45529 MiB, 35551 MiB, 47, 46, 442.14 W, 700.00 W, 700.00 W, 1980 MHz, 2619 MHz, [N/A]
2025/11/27 03:26:24.632, 3, NVIDIA H100 80GB HBM3, P0, 36 %, 5 %, 81559 MiB, 45529 MiB, 35551 MiB, 44, 45, 431.81 W, 700.00 W, 700.00 W, 1980 MHz, 2619 MHz, [N/A]
2025/11/27 03:26:24.633, 4, NVIDIA H100 80GB HBM3, P0, 24 %, 3 %, 81559 MiB, 45529 MiB, 35551 MiB, 42, 41, 433.04 W, 700.00 W, 700.00 W, 1980 MHz, 2619 MHz, [N/A]
2025/11/27 03:26:24.634, 5, NVIDIA H100 80GB HBM3, P0, 100 %, 12 %, 81559 MiB, 45529 MiB, 35551 MiB, 46, 44, 438.25 W, 700.00 W, 700.00 W, 1980 MHz, 2619 MHz, [N/A]
2025/11/27 03:26:24.634, 6, NVIDIA H100 80GB HBM3, P0, 65 %, 7 %, 81559 MiB, 45529 MiB, 35551 MiB, 45, 44, 409.72 W, 700.00 W, 700.00 W, 1980 MHz, 2619 MHz, [N/A]
2025/11/27 03:26:24.635, 7, NVIDIA H100 80GB HBM3, P0, 65 %, 7 %, 81559 MiB, 45529 MiB, 35551 MiB, 45, 43, 401.77 W, 700.00 W, 700.00 W, 1980 MHz, 2619 MHz, [N/A]
2025/11/27 03:26:29.636, 0, NVIDIA H100 80GB HBM3, P0, 99 %, 25 %, 81559 MiB, 8325 MiB, 72755 MiB, 48, 48, 447.31 W, 700.00 W, 700.00 W, 1980 MHz, 2619 MHz, [N/A]
2025/11/27 03:26:29.638, 1, NVIDIA H100 80GB HBM3, P0, 100 %, 13 %, 81559 MiB, 45529 MiB, 35551 MiB, 47, 48, 435.24 W, 700.00 W, 700.00 W, 1980 MHz, 2619 MHz, [N/A]
2025/11/27 03:26:29.639, 2, NVIDIA H100 80GB HBM3, P0, 100 %, 13 %, 81559 MiB, 45529 MiB, 35551 MiB, 50, 48, 434.08 W, 700.00 W, 700.00 W, 1980 MHz, 2619 MHz, [N/A]
2025/11/27 03:26:29.639, 3, NVIDIA H100 80GB HBM3, P0, 95 %, 13 %, 81559 MiB, 45529 MiB, 35551 MiB, 46, 45, 424.45 W, 700.00 W, 700.00 W, 1980 MHz, 2619 MHz, [N/A]
2025/11/27 03:26:29.640, 4, NVIDIA H100 80GB HBM3, P0, 100 %, 13 %, 81559 MiB, 45529 MiB, 35551 MiB, 45, 43, 430.44 W, 700.00 W, 700.00 W, 1980 MHz, 2619 MHz, [N/A]
2025/11/27 03:26:29.640, 5, NVIDIA H100 80GB HBM3, P0, 100 %, 17 %, 81559 MiB, 45529 MiB, 35551 MiB, 44, 46, 425.43 W, 700.00 W, 700.00 W, 1980 MHz, 2619 MHz, [N/A]
2025/11/27 03:26:29.641, 6, NVIDIA H100 80GB HBM3, P0, 100 %, 13 %, 81559 MiB, 45529 MiB, 35551 MiB, 47, 45, 419.27 W, 700.00 W, 700.00 W, 1980 MHz, 2619 MHz, [N/A]
2025/11/27 03:26:29.641, 7, NVIDIA H100 80GB HBM3, P0, 100 %, 13 %, 81559 MiB, 45529 MiB, 35551 MiB, 47, 45, 418.29 W, 700.00 W, 700.00 W, 1980 MHz, 2619 MHz, [N/A]
2025/11/27 03:26:34.643, 0, NVIDIA H100 80GB HBM3, P0, 46 %, 7 %, 81559 MiB, 8325 MiB, 72755 MiB, 45, 49, 450.80 W, 700.00 W, 700.00 W, 1980 MHz, 2619 MHz, [N/A]
2025/11/27 03:26:34.644, 1, NVIDIA H100 80GB HBM3, P0, 59 %, 10 %, 81559 MiB, 45527 MiB, 35553 MiB, 47, 48, 465.09 W, 700.00 W, 700.00 W, 1980 MHz, 2619 MHz, [N/A]
2025/11/27 03:26:34.644, 2, NVIDIA H100 80GB HBM3, P0, 56 %, 15 %, 81559 MiB, 45527 MiB, 35553 MiB, 49, 49, 449.94 W, 700.00 W, 700.00 W, 1980 MHz, 2619 MHz, [N/A]
2025/11/27 03:26:34.645, 3, NVIDIA H100 80GB HBM3, P0, 40 %, 14 %, 81559 MiB, 45527 MiB, 35553 MiB, 44, 47, 437.10 W, 700.00 W, 700.00 W, 1980 MHz, 2619 MHz, [N/A]
2025/11/27 03:26:34.646, 4, NVIDIA H100 80GB HBM3, P0, 50 %, 15 %, 81559 MiB, 45527 MiB, 35553 MiB, 43, 43, 425.39 W, 700.00 W, 700.00 W, 1980 MHz, 2619 MHz, [N/A]
2025/11/27 03:26:34.647, 5, NVIDIA H100 80GB HBM3, P0, 59 %, 10 %, 81559 MiB, 45527 MiB, 35553 MiB, 43, 45, 434.80 W, 700.00 W, 700.00 W, 1980 MHz, 2619 MHz, [N/A]
2025/11/27 03:26:34.647, 6, NVIDIA H100 80GB HBM3, P0, 39 %, 6 %, 81559 MiB, 45527 MiB, 35553 MiB, 45, 48, 427.62 W, 700.00 W, 700.00 W, 1980 MHz, 2619 MHz, [N/A]
2025/11/27 03:26:34.648, 7, NVIDIA H100 80GB HBM3, P0, 37 %, 6 %, 81559 MiB, 45527 MiB, 35553 MiB, 44, 46, 437.55 W, 700.00 W, 700.00 W, 1980 MHz, 2619 MHz, [N/A]
2025/11/27 03:26:39.649, 0, NVIDIA H100 80GB HBM3, P0, 97 %, 67 %, 81559 MiB, 8323 MiB, 72757 MiB, 47, 51, 455.69 W, 700.00 W, 700.00 W, 1980 MHz, 2619 MHz, [N/A]
2025/11/27 03:26:39.654, 1, NVIDIA H100 80GB HBM3, P0, 100 %, 15 %, 81559 MiB, 45525 MiB, 35555 MiB, 45, 48, 421.81 W, 700.00 W, 700.00 W, 1980 MHz, 2619 MHz, [N/A]
2025/11/27 03:26:39.655, 2, NVIDIA H100 80GB HBM3, P0, 100 %, 13 %, 81559 MiB, 45525 MiB, 35555 MiB, 52, 49, 455.77 W, 700.00 W, 700.00 W, 1980 MHz, 2619 MHz, [N/A]
2025/11/27 03:26:39.656, 3, NVIDIA H100 80GB HBM3, P0, 100 %, 13 %, 81559 MiB, 45525 MiB, 35555 MiB, 45, 48, 434.35 W, 700.00 W, 700.00 W, 1980 MHz, 2619 MHz, [N/A]
2025/11/27 03:26:39.656, 4, NVIDIA H100 80GB HBM3, P0, 100 %, 13 %, 81559 MiB, 45525 MiB, 35555 MiB, 42, 45, 433.10 W, 700.00 W, 700.00 W, 1980 MHz, 2619 MHz, [N/A]
2025/11/27 03:26:39.657, 5, NVIDIA H100 80GB HBM3, P0, 74 %, 20 %, 81559 MiB, 45525 MiB, 35555 MiB, 44, 46, 413.58 W, 700.00 W, 700.00 W, 1980 MHz, 2619 MHz, [N/A]
2025/11/27 03:26:39.658, 6, NVIDIA H100 80GB HBM3, P0, 100 %, 13 %, 81559 MiB, 45525 MiB, 35555 MiB, 50, 48, 430.56 W, 700.00 W, 700.00 W, 1980 MHz, 2619 MHz, [N/A]
2025/11/27 03:26:39.658, 7, NVIDIA H100 80GB HBM3, P0, 100 %, 13 %, 81559 MiB, 45525 MiB, 35555 MiB, 48, 46, 435.89 W, 700.00 W, 700.00 W, 1980 MHz, 2619 MHz, [N/A]
2025/11/27 03:26:44.659, 0, NVIDIA H100 80GB HBM3, P0, 100 %, 13 %, 81559 MiB, 8323 MiB, 72757 MiB, 48, 51, 478.03 W, 700.00 W, 700.00 W, 1980 MHz, 2619 MHz, [N/A]
2025/11/27 03:26:44.660, 1, NVIDIA H100 80GB HBM3, P0, 100 %, 13 %, 81559 MiB, 45525 MiB, 35555 MiB, 52, 50, 450.40 W, 700.00 W, 700.00 W, 1980 MHz, 2619 MHz, [N/A]
2025/11/27 03:26:44.661, 2, NVIDIA H100 80GB HBM3, P0, 100 %, 18 %, 81559 MiB, 45525 MiB, 35555 MiB, 53, 50, 450.86 W, 700.00 W, 700.00 W, 1980 MHz, 2619 MHz, [N/A]
2025/11/27 03:26:44.662, 3, NVIDIA H100 80GB HBM3, P0, 100 %, 13 %, 81559 MiB, 45525 MiB, 35555 MiB, 46, 49, 435.96 W, 700.00 W, 700.00 W, 1980 MHz, 2619 MHz, [N/A]
2025/11/27 03:26:44.663, 4, NVIDIA H100 80GB HBM3, P0, 100 %, 12 %, 81559 MiB, 45525 MiB, 35555 MiB, 47, 45, 435.29 W, 700.00 W, 700.00 W, 1980 MHz, 2619 MHz, [N/A]
2025/11/27 03:26:44.663, 5, NVIDIA H100 80GB HBM3, P0, 100 %, 13 %, 81559 MiB, 45525 MiB, 35555 MiB, 52, 48, 451.15 W, 700.00 W, 700.00 W, 1980 MHz, 2619 MHz, [N/A]
2025/11/27 03:26:44.664, 6, NVIDIA H100 80GB HBM3, P0, 100 %, 13 %, 81559 MiB, 45525 MiB, 35555 MiB, 51, 47, 440.75 W, 700.00 W, 700.00 W, 1980 MHz, 2619 MHz, [N/A]
2025/11/27 03:26:44.665, 7, NVIDIA H100 80GB HBM3, P0, 100 %, 13 %, 81559 MiB, 45525 MiB, 35555 MiB, 49, 47, 440.64 W, 700.00 W, 700.00 W, 1980 MHz, 2619 MHz, [N/A]
2025/11/27 03:26:49.667, 0, NVIDIA H100 80GB HBM3, P0, 97 %, 68 %, 81559 MiB, 8323 MiB, 72757 MiB, 45, 54, 475.88 W, 700.00 W, 700.00 W, 1980 MHz, 2619 MHz, [N/A]
2025/11/27 03:26:49.668, 1, NVIDIA H100 80GB HBM3, P0, 100 %, 16 %, 81559 MiB, 45525 MiB, 35555 MiB, 47, 50, 459.05 W, 700.00 W, 700.00 W, 1980 MHz, 2619 MHz, [N/A]
2025/11/27 03:26:49.668, 2, NVIDIA H100 80GB HBM3, P0, 39 %, 14 %, 81559 MiB, 45525 MiB, 35555 MiB, 49, 52, 478.48 W, 700.00 W, 700.00 W, 1980 MHz, 2619 MHz, [N/A]
2025/11/27 03:26:49.669, 3, NVIDIA H100 80GB HBM3, P0, 54 %, 20 %, 81559 MiB, 45525 MiB, 35555 MiB, 42, 49, 458.80 W, 700.00 W, 700.00 W, 1980 MHz, 2619 MHz, [N/A]
2025/11/27 03:26:49.670, 4, NVIDIA H100 80GB HBM3, P0, 100 %, 14 %, 81559 MiB, 45525 MiB, 35555 MiB, 42, 45, 439.96 W, 700.00 W, 700.00 W, 1980 MHz, 2619 MHz, [N/A]
2025/11/27 03:26:49.671, 5, NVIDIA H100 80GB HBM3, P0, 72 %, 22 %, 81559 MiB, 45525 MiB, 35555 MiB, 45, 49, 460.89 W, 700.00 W, 700.00 W, 1980 MHz, 2619 MHz, [N/A]
2025/11/27 03:26:49.671, 6, NVIDIA H100 80GB HBM3, P0, 100 %, 14 %, 81559 MiB, 45525 MiB, 35555 MiB, 51, 50, 453.87 W, 700.00 W, 700.00 W, 1980 MHz, 2619 MHz, [N/A]
2025/11/27 03:26:49.672, 7, NVIDIA H100 80GB HBM3, P0, 100 %, 14 %, 81559 MiB, 45525 MiB, 35555 MiB, 43, 47, 441.12 W, 700.00 W, 700.00 W, 1980 MHz, 2619 MHz, [N/A]
2025/11/27 03:26:54.673, 0, NVIDIA H100 80GB HBM3, P0, 81 %, 41 %, 81559 MiB, 8323 MiB, 72757 MiB, 44, 51, 438.83 W, 700.00 W, 700.00 W, 1980 MHz, 2619 MHz, [N/A]
2025/11/27 03:26:54.674, 1, NVIDIA H100 80GB HBM3, P0, 43 %, 8 %, 81559 MiB, 45525 MiB, 35555 MiB, 47, 53, 409.19 W, 700.00 W, 700.00 W, 1980 MHz, 2619 MHz, [N/A]
2025/11/27 03:26:54.675, 2, NVIDIA H100 80GB HBM3, P0, 41 %, 14 %, 81559 MiB, 45525 MiB, 35555 MiB, 48, 53, 424.54 W, 700.00 W, 700.00 W, 1980 MHz, 2619 MHz, [N/A]
2025/11/27 03:26:54.676, 3, NVIDIA H100 80GB HBM3, P0, 40 %, 13 %, 81559 MiB, 45525 MiB, 35555 MiB, 41, 48, 406.67 W, 700.00 W, 700.00 W, 1980 MHz, 2619 MHz, [N/A]
2025/11/27 03:26:54.677, 4, NVIDIA H100 80GB HBM3, P0, 100 %, 13 %, 81559 MiB, 45525 MiB, 35555 MiB, 41, 46, 392.46 W, 700.00 W, 700.00 W, 1980 MHz, 2619 MHz, [N/A]
2025/11/27 03:26:54.677, 5, NVIDIA H100 80GB HBM3, P0, 36 %, 13 %, 81559 MiB, 45525 MiB, 35555 MiB, 46, 49, 416.18 W, 700.00 W, 700.00 W, 1980 MHz, 2619 MHz, [N/A]
2025/11/27 03:26:54.678, 6, NVIDIA H100 80GB HBM3, P0, 100 %, 22 %, 81559 MiB, 45525 MiB, 35555 MiB, 47, 49, 418.52 W, 700.00 W, 700.00 W, 1980 MHz, 2619 MHz, [N/A]
2025/11/27 03:26:54.679, 7, NVIDIA H100 80GB HBM3, P0, 100 %, 20 %, 81559 MiB, 45525 MiB, 35555 MiB, 42, 47, 400.77 W, 700.00 W, 700.00 W, 1980 MHz, 2619 MHz, [N/A]
2025/11/27 03:26:59.680, 0, NVIDIA H100 80GB HBM3, P0, 48 %, 8 %, 81559 MiB, 8323 MiB, 72757 MiB, 49, 51, 420.58 W, 700.00 W, 700.00 W, 1980 MHz, 2619 MHz, [N/A]
2025/11/27 03:26:59.681, 1, NVIDIA H100 80GB HBM3, P0, 36 %, 14 %, 81559 MiB, 45525 MiB, 35555 MiB, 48, 52, 378.23 W, 700.00 W, 700.00 W, 1980 MHz, 2619 MHz, [N/A]
2025/11/27 03:26:59.682, 2, NVIDIA H100 80GB HBM3, P0, 50 %, 8 %, 81559 MiB, 45525 MiB, 35555 MiB, 48, 52, 395.47 W, 700.00 W, 700.00 W, 1980 MHz, 2619 MHz, [N/A]
2025/11/27 03:26:59.682, 3, NVIDIA H100 80GB HBM3, P0, 53 %, 14 %, 81559 MiB, 45525 MiB, 35555 MiB, 47, 50, 397.86 W, 700.00 W, 700.00 W, 1980 MHz, 2619 MHz, [N/A]
2025/11/27 03:26:59.683, 4, NVIDIA H100 80GB HBM3, P0, 97 %, 23 %, 81559 MiB, 45525 MiB, 35555 MiB, 40, 46, 375.86 W, 700.00 W, 700.00 W, 1980 MHz, 2619 MHz, [N/A]
2025/11/27 03:26:59.684, 5, NVIDIA H100 80GB HBM3, P0, 48 %, 16 %, 81559 MiB, 45525 MiB, 35555 MiB, 50, 50, 392.02 W, 700.00 W, 700.00 W, 1980 MHz, 2619 MHz, [N/A]
2025/11/27 03:26:59.684, 6, NVIDIA H100 80GB HBM3, P0, 48 %, 19 %, 81559 MiB, 45525 MiB, 35555 MiB, 46, 51, 384.54 W, 700.00 W, 700.00 W, 1980 MHz, 2619 MHz, [N/A]
2025/11/27 03:26:59.685, 7, NVIDIA H100 80GB HBM3, P0, 46 %, 12 %, 81559 MiB, 45525 MiB, 35555 MiB, 43, 49, 378.29 W, 700.00 W, 700.00 W, 1980 MHz, 2619 MHz, [N/A]
2025/11/27 03:27:04.686, 0, NVIDIA H100 80GB HBM3, P0, 31 %, 5 %, 81559 MiB, 8323 MiB, 72757 MiB, 47, 50, 414.93 W, 700.00 W, 700.00 W, 1980 MHz, 2619 MHz, [N/A]
2025/11/27 03:27:04.687, 1, NVIDIA H100 80GB HBM3, P0, 2 %, 0 %, 81559 MiB, 45525 MiB, 35555 MiB, 47, 52, 371.04 W, 700.00 W, 700.00 W, 1980 MHz, 2619 MHz, [N/A]
2025/11/27 03:27:04.688, 2, NVIDIA H100 80GB HBM3, P0, 83 %, 13 %, 81559 MiB, 45525 MiB, 35555 MiB, 50, 52, 412.16 W, 700.00 W, 700.00 W, 1980 MHz, 2619 MHz, [N/A]
2025/11/27 03:27:04.688, 3, NVIDIA H100 80GB HBM3, P0, 37 %, 6 %, 81559 MiB, 45525 MiB, 35555 MiB, 46, 49, 366.79 W, 700.00 W, 700.00 W, 1980 MHz, 2619 MHz, [N/A]
2025/11/27 03:27:04.689, 4, NVIDIA H100 80GB HBM3, P0, 14 %, 5 %, 81559 MiB, 45525 MiB, 35555 MiB, 42, 45, 374.24 W, 700.00 W, 700.00 W, 1980 MHz, 2619 MHz, [N/A]
2025/11/27 03:27:04.690, 5, NVIDIA H100 80GB HBM3, P0, 23 %, 4 %, 81559 MiB, 45525 MiB, 35555 MiB, 50, 50, 396.34 W, 700.00 W, 700.00 W, 1980 MHz, 2619 MHz, [N/A]
2025/11/27 03:27:04.690, 6, NVIDIA H100 80GB HBM3, P0, 0 %, 0 %, 81559 MiB, 45525 MiB, 35555 MiB, 44, 49, 380.08 W, 700.00 W, 700.00 W, 1980 MHz, 2619 MHz, [N/A]
2025/11/27 03:27:04.691, 7, NVIDIA H100 80GB HBM3, P0, 25 %, 4 %, 81559 MiB, 45525 MiB, 35555 MiB, 41, 47, 403.25 W, 700.00 W, 700.00 W, 1980 MHz, 2619 MHz, [N/A]
2025/11/27 03:27:09.692, 0, NVIDIA H100 80GB HBM3, P0, 100 %, 12 %, 81559 MiB, 8323 MiB, 72757 MiB, 52, 52, 470.08 W, 700.00 W, 700.00 W, 1980 MHz, 2619 MHz, [N/A]
2025/11/27 03:27:09.693, 1, NVIDIA H100 80GB HBM3, P0, 100 %, 13 %, 81559 MiB, 45525 MiB, 35555 MiB, 54, 52, 444.08 W, 700.00 W, 700.00 W, 1980 MHz, 2619 MHz, [N/A]
2025/11/27 03:27:09.694, 2, NVIDIA H100 80GB HBM3, P0, 100 %, 13 %, 81559 MiB, 45525 MiB, 35555 MiB, 56, 54, 463.51 W, 700.00 W, 700.00 W, 1980 MHz, 2619 MHz, [N/A]
2025/11/27 03:27:09.695, 3, NVIDIA H100 80GB HBM3, P0, 100 %, 13 %, 81559 MiB, 45525 MiB, 35555 MiB, 50, 49, 453.32 W, 700.00 W, 700.00 W, 1980 MHz, 2619 MHz, [N/A]
2025/11/27 03:27:09.696, 4, NVIDIA H100 80GB HBM3, P0, 57 %, 8 %, 81559 MiB, 45525 MiB, 35555 MiB, 48, 47, 438.02 W, 700.00 W, 700.00 W, 1980 MHz, 2619 MHz, [N/A]
2025/11/27 03:27:09.697, 5, NVIDIA H100 80GB HBM3, P0, 100 %, 13 %, 81559 MiB, 45525 MiB, 35555 MiB, 54, 51, 444.34 W, 700.00 W, 700.00 W, 1980 MHz, 2619 MHz, [N/A]
2025/11/27 03:27:09.697, 6, NVIDIA H100 80GB HBM3, P0, 89 %, 12 %, 81559 MiB, 45525 MiB, 35555 MiB, 53, 50, 439.16 W, 700.00 W, 700.00 W, 1980 MHz, 2619 MHz, [N/A]
2025/11/27 03:27:09.698, 7, NVIDIA H100 80GB HBM3, P0, 100 %, 13 %, 81559 MiB, 45525 MiB, 35555 MiB, 50, 49, 449.39 W, 700.00 W, 700.00 W, 1980 MHz, 2619 MHz, [N/A]
2025/11/27 03:27:14.699, 0, NVIDIA H100 80GB HBM3, P0, 100 %, 21 %, 81559 MiB, 8323 MiB, 72757 MiB, 48, 56, 457.33 W, 700.00 W, 700.00 W, 1980 MHz, 2619 MHz, [N/A]
2025/11/27 03:27:14.700, 1, NVIDIA H100 80GB HBM3, P0, 100 %, 13 %, 81559 MiB, 45525 MiB, 35555 MiB, 54, 53, 435.41 W, 700.00 W, 700.00 W, 1980 MHz, 2619 MHz, [N/A]
2025/11/27 03:27:14.701, 2, NVIDIA H100 80GB HBM3, P0, 86 %, 24 %, 81559 MiB, 45525 MiB, 35555 MiB, 50, 52, 423.18 W, 700.00 W, 700.00 W, 1980 MHz, 2619 MHz, [N/A]
2025/11/27 03:27:14.702, 3, NVIDIA H100 80GB HBM3, P0, 100 %, 18 %, 81559 MiB, 45525 MiB, 35555 MiB, 45, 51, 422.27 W, 700.00 W, 700.00 W, 1980 MHz, 2619 MHz, [N/A]
2025/11/27 03:27:14.704, 4, NVIDIA H100 80GB HBM3, P0, 100 %, 13 %, 81559 MiB, 45525 MiB, 35555 MiB, 48, 46, 417.16 W, 700.00 W, 700.00 W, 1980 MHz, 2619 MHz, [N/A]
2025/11/27 03:27:14.704, 5, NVIDIA H100 80GB HBM3, P0, 100 %, 13 %, 81559 MiB, 45525 MiB, 35555 MiB, 50, 53, 428.22 W, 700.00 W, 700.00 W, 1980 MHz, 2619 MHz, [N/A]
2025/11/27 03:27:14.705, 6, NVIDIA H100 80GB HBM3, P0, 100 %, 13 %, 81559 MiB, 45525 MiB, 35555 MiB, 53, 51, 425.96 W, 700.00 W, 700.00 W, 1980 MHz, 2619 MHz, [N/A]
2025/11/27 03:27:14.706, 7, NVIDIA H100 80GB HBM3, P0, 100 %, 13 %, 81559 MiB, 45525 MiB, 35555 MiB, 47, 50, 407.65 W, 700.00 W, 700.00 W, 1980 MHz, 2619 MHz, [N/A]
2025/11/27 03:27:19.707, 0, NVIDIA H100 80GB HBM3, P0, 87 %, 14 %, 81559 MiB, 8323 MiB, 72757 MiB, 51, 51, 432.71 W, 700.00 W, 700.00 W, 1980 MHz, 2619 MHz, [N/A]
2025/11/27 03:27:19.708, 1, NVIDIA H100 80GB HBM3, P0, 24 %, 4 %, 81559 MiB, 45525 MiB, 35555 MiB, 50, 52, 378.75 W, 700.00 W, 700.00 W, 1980 MHz, 2619 MHz, [N/A]
2025/11/27 03:27:19.709, 2, NVIDIA H100 80GB HBM3, P0, 87 %, 14 %, 81559 MiB, 45525 MiB, 35555 MiB, 55, 54, 414.92 W, 700.00 W, 700.00 W, 1980 MHz, 2619 MHz, [N/A]
2025/11/27 03:27:19.709, 3, NVIDIA H100 80GB HBM3, P0, 67 %, 10 %, 81559 MiB, 45525 MiB, 35555 MiB, 47, 49, 384.12 W, 700.00 W, 700.00 W, 1980 MHz, 2619 MHz, [N/A]
2025/11/27 03:27:19.710, 4, NVIDIA H100 80GB HBM3, P0, 4 %, 1 %, 81559 MiB, 45525 MiB, 35555 MiB, 45, 45, 368.68 W, 700.00 W, 700.00 W, 1980 MHz, 2619 MHz, [N/A]
2025/11/27 03:27:19.711, 5, NVIDIA H100 80GB HBM3, P0, 47 %, 7 %, 81559 MiB, 45525 MiB, 35555 MiB, 51, 50, 389.57 W, 700.00 W, 700.00 W, 1980 MHz, 2619 MHz, [N/A]
2025/11/27 03:27:19.712, 6, NVIDIA H100 80GB HBM3, P0, 0 %, 0 %, 81559 MiB, 45525 MiB, 35555 MiB, 51, 51, 375.50 W, 700.00 W, 700.00 W, 1980 MHz, 2619 MHz, [N/A]
2025/11/27 03:27:19.712, 7, NVIDIA H100 80GB HBM3, P0, 65 %, 10 %, 81559 MiB, 45525 MiB, 35555 MiB, 49, 49, 406.51 W, 700.00 W, 700.00 W, 1980 MHz, 2619 MHz, [N/A]
2025/11/27 03:27:24.714, 0, NVIDIA H100 80GB HBM3, P0, 87 %, 25 %, 81559 MiB, 8323 MiB, 72757 MiB, 52, 53, 450.31 W, 700.00 W, 700.00 W, 1980 MHz, 2619 MHz, [N/A]
2025/11/27 03:27:24.715, 1, NVIDIA H100 80GB HBM3, P0, 100 %, 14 %, 81559 MiB, 45525 MiB, 35555 MiB, 53, 54, 429.31 W, 700.00 W, 700.00 W, 1980 MHz, 2619 MHz, [N/A]
2025/11/27 03:27:24.716, 2, NVIDIA H100 80GB HBM3, P0, 91 %, 12 %, 81559 MiB, 45525 MiB, 35555 MiB, 56, 54, 435.77 W, 700.00 W, 700.00 W, 1980 MHz, 2619 MHz, [N/A]
2025/11/27 03:27:24.716, 3, NVIDIA H100 80GB HBM3, P0, 61 %, 8 %, 81559 MiB, 45525 MiB, 35555 MiB, 49, 51, 422.40 W, 700.00 W, 700.00 W, 1980 MHz, 2619 MHz, [N/A]
2025/11/27 03:27:24.717, 4, NVIDIA H100 80GB HBM3, P0, 48 %, 8 %, 81559 MiB, 45525 MiB, 35555 MiB, 46, 46, 409.10 W, 700.00 W, 700.00 W, 1980 MHz, 2619 MHz, [N/A]
2025/11/27 03:27:24.718, 5, NVIDIA H100 80GB HBM3, P0, 53 %, 7 %, 81559 MiB, 45525 MiB, 35555 MiB, 54, 52, 429.43 W, 700.00 W, 700.00 W, 1980 MHz, 2619 MHz, [N/A]
2025/11/27 03:27:24.718, 6, NVIDIA H100 80GB HBM3, P0, 47 %, 9 %, 81559 MiB, 45525 MiB, 35555 MiB, 53, 51, 422.27 W, 700.00 W, 700.00 W, 1980 MHz, 2619 MHz, [N/A]
2025/11/27 03:27:24.719, 7, NVIDIA H100 80GB HBM3, P0, 42 %, 6 %, 81559 MiB, 45525 MiB, 35555 MiB, 49, 49, 416.46 W, 700.00 W, 700.00 W, 1980 MHz, 2619 MHz, [N/A]
2025/11/27 03:27:29.720, 0, NVIDIA H100 80GB HBM3, P0, 100 %, 14 %, 81559 MiB, 8323 MiB, 72757 MiB, 52, 52, 466.03 W, 700.00 W, 700.00 W, 1980 MHz, 2619 MHz, [N/A]
2025/11/27 03:27:29.722, 1, NVIDIA H100 80GB HBM3, P0, 100 %, 14 %, 81559 MiB, 45525 MiB, 35555 MiB, 54, 54, 432.64 W, 700.00 W, 700.00 W, 1980 MHz, 2619 MHz, [N/A]
2025/11/27 03:27:29.722, 2, NVIDIA H100 80GB HBM3, P0, 100 %, 14 %, 81559 MiB, 45525 MiB, 35555 MiB, 57, 54, 449.24 W, 700.00 W, 700.00 W, 1980 MHz, 2619 MHz, [N/A]
2025/11/27 03:27:29.723, 3, NVIDIA H100 80GB HBM3, P0, 100 %, 14 %, 81559 MiB, 45525 MiB, 35555 MiB, 49, 50, 431.48 W, 700.00 W, 700.00 W, 1980 MHz, 2619 MHz, [N/A]
2025/11/27 03:27:29.724, 4, NVIDIA H100 80GB HBM3, P0, 63 %, 8 %, 81559 MiB, 45525 MiB, 35555 MiB, 47, 47, 405.42 W, 700.00 W, 700.00 W, 1980 MHz, 2619 MHz, [N/A]
2025/11/27 03:27:29.725, 5, NVIDIA H100 80GB HBM3, P0, 100 %, 13 %, 81559 MiB, 45525 MiB, 35555 MiB, 54, 51, 445.44 W, 700.00 W, 700.00 W, 1980 MHz, 2619 MHz, [N/A]
2025/11/27 03:27:29.725, 6, NVIDIA H100 80GB HBM3, P0, 11 %, 2 %, 81559 MiB, 45525 MiB, 35555 MiB, 53, 51, 422.46 W, 700.00 W, 700.00 W, 1980 MHz, 2619 MHz, [N/A]
2025/11/27 03:27:29.726, 7, NVIDIA H100 80GB HBM3, P0, 100 %, 13 %, 81559 MiB, 45525 MiB, 35555 MiB, 50, 49, 429.24 W, 700.00 W, 700.00 W, 1980 MHz, 2619 MHz, [N/A]
2025/11/27 03:27:34.727, 0, NVIDIA H100 80GB HBM3, P0, 54 %, 26 %, 81559 MiB, 8323 MiB, 72757 MiB, 51, 53, 408.34 W, 700.00 W, 700.00 W, 1980 MHz, 2619 MHz, [N/A]
2025/11/27 03:27:34.728, 1, NVIDIA H100 80GB HBM3, P0, 64 %, 9 %, 81559 MiB, 45525 MiB, 35555 MiB, 53, 52, 386.07 W, 700.00 W, 700.00 W, 1980 MHz, 2619 MHz, [N/A]
2025/11/27 03:27:34.729, 2, NVIDIA H100 80GB HBM3, P0, 44 %, 6 %, 81559 MiB, 45525 MiB, 35555 MiB, 55, 54, 390.75 W, 700.00 W, 700.00 W, 1980 MHz, 2619 MHz, [N/A]
2025/11/27 03:27:34.730, 3, NVIDIA H100 80GB HBM3, P0, 42 %, 6 %, 81559 MiB, 45525 MiB, 35555 MiB, 47, 49, 380.12 W, 700.00 W, 700.00 W, 1980 MHz, 2619 MHz, [N/A]
2025/11/27 03:27:34.730, 4, NVIDIA H100 80GB HBM3, P0, 59 %, 10 %, 81559 MiB, 45525 MiB, 35555 MiB, 44, 45, 354.10 W, 700.00 W, 700.00 W, 1980 MHz, 2619 MHz, [N/A]
2025/11/27 03:27:34.731, 5, NVIDIA H100 80GB HBM3, P0, 60 %, 9 %, 81559 MiB, 45525 MiB, 35555 MiB, 50, 51, 373.36 W, 700.00 W, 700.00 W, 1980 MHz, 2619 MHz, [N/A]
2025/11/27 03:27:34.732, 6, NVIDIA H100 80GB HBM3, P0, 48 %, 8 %, 81559 MiB, 45525 MiB, 35555 MiB, 49, 51, 366.20 W, 700.00 W, 700.00 W, 1980 MHz, 2619 MHz, [N/A]
2025/11/27 03:27:34.732, 7, NVIDIA H100 80GB HBM3, P0, 27 %, 4 %, 81559 MiB, 45525 MiB, 35555 MiB, 49, 48, 379.65 W, 700.00 W, 700.00 W, 1980 MHz, 2619 MHz, [N/A]
2025/11/27 03:27:39.733, 0, NVIDIA H100 80GB HBM3, P0, 47 %, 9 %, 81559 MiB, 8323 MiB, 72757 MiB, 47, 55, 439.15 W, 700.00 W, 700.00 W, 1980 MHz, 2619 MHz, [N/A]
2025/11/27 03:27:39.735, 1, NVIDIA H100 80GB HBM3, P0, 38 %, 13 %, 81559 MiB, 45525 MiB, 35555 MiB, 50, 52, 416.65 W, 700.00 W, 700.00 W, 1980 MHz, 2619 MHz, [N/A]
2025/11/27 03:27:39.735, 2, NVIDIA H100 80GB HBM3, P0, 40 %, 14 %, 81559 MiB, 45525 MiB, 35555 MiB, 50, 54, 415.98 W, 700.00 W, 700.00 W, 1980 MHz, 2619 MHz, [N/A]
2025/11/27 03:27:39.736, 3, NVIDIA H100 80GB HBM3, P0, 55 %, 19 %, 81559 MiB, 45525 MiB, 35555 MiB, 43, 51, 403.10 W, 700.00 W, 700.00 W, 1980 MHz, 2619 MHz, [N/A]
2025/11/27 03:27:39.737, 4, NVIDIA H100 80GB HBM3, P0, 100 %, 18 %, 81559 MiB, 45525 MiB, 35555 MiB, 44, 48, 390.05 W, 700.00 W, 700.00 W, 1980 MHz, 2619 MHz, [N/A]
2025/11/27 03:27:39.737, 5, NVIDIA H100 80GB HBM3, P0, 71 %, 21 %, 81559 MiB, 45525 MiB, 35555 MiB, 48, 52, 404.02 W, 700.00 W, 700.00 W, 1980 MHz, 2619 MHz, [N/A]
2025/11/27 03:27:39.738, 6, NVIDIA H100 80GB HBM3, P0, 100 %, 12 %, 81559 MiB, 45525 MiB, 35555 MiB, 47, 51, 390.00 W, 700.00 W, 700.00 W, 1980 MHz, 2619 MHz, [N/A]
2025/11/27 03:27:39.739, 7, NVIDIA H100 80GB HBM3, P0, 76 %, 22 %, 81559 MiB, 45525 MiB, 35555 MiB, 43, 49, 392.26 W, 700.00 W, 700.00 W, 1980 MHz, 2619 MHz, [N/A]
2025/11/27 03:27:44.740, 0, NVIDIA H100 80GB HBM3, P0, 95 %, 24 %, 81559 MiB, 8323 MiB, 72757 MiB, 49, 54, 451.02 W, 700.00 W, 700.00 W, 1980 MHz, 2619 MHz, [N/A]
2025/11/27 03:27:44.741, 1, NVIDIA H100 80GB HBM3, P0, 25 %, 4 %, 81559 MiB, 45525 MiB, 35555 MiB, 52, 52, 429.09 W, 700.00 W, 700.00 W, 1980 MHz, 2619 MHz, [N/A]
2025/11/27 03:27:44.741, 2, NVIDIA H100 80GB HBM3, P0, 13 %, 2 %, 81559 MiB, 45525 MiB, 35555 MiB, 55, 54, 426.11 W, 700.00 W, 700.00 W, 1980 MHz, 2619 MHz, [N/A]
2025/11/27 03:27:44.742, 3, NVIDIA H100 80GB HBM3, P0, 37 %, 5 %, 81559 MiB, 45525 MiB, 35555 MiB, 44, 50, 426.64 W, 700.00 W, 700.00 W, 1980 MHz, 2619 MHz, [N/A]
2025/11/27 03:27:44.743, 4, NVIDIA H100 80GB HBM3, P0, 72 %, 11 %, 81559 MiB, 45525 MiB, 35555 MiB, 43, 45, 411.57 W, 700.00 W, 700.00 W, 1980 MHz, 2619 MHz, [N/A]
2025/11/27 03:27:44.744, 5, NVIDIA H100 80GB HBM3, P0, 48 %, 7 %, 81559 MiB, 45525 MiB, 35555 MiB, 49, 51, 454.52 W, 700.00 W, 700.00 W, 1980 MHz, 2619 MHz, [N/A]
2025/11/27 03:27:44.744, 6, NVIDIA H100 80GB HBM3, P0, 55 %, 6 %, 81559 MiB, 45525 MiB, 35555 MiB, 54, 52, 430.08 W, 700.00 W, 700.00 W, 1980 MHz, 2619 MHz, [N/A]
2025/11/27 03:27:44.745, 7, NVIDIA H100 80GB HBM3, P0, 98 %, 15 %, 81559 MiB, 45525 MiB, 35555 MiB, 50, 49, 409.52 W, 700.00 W, 700.00 W, 1980 MHz, 2619 MHz, [N/A]
2025/11/27 03:27:49.746, 0, NVIDIA H100 80GB HBM3, P0, 98 %, 60 %, 81559 MiB, 8323 MiB, 72757 MiB, 50, 54, 462.33 W, 700.00 W, 700.00 W, 1980 MHz, 2619 MHz, [N/A]
2025/11/27 03:27:49.747, 1, NVIDIA H100 80GB HBM3, P0, 100 %, 15 %, 81559 MiB, 45525 MiB, 35555 MiB, 50, 54, 441.62 W, 700.00 W, 700.00 W, 1980 MHz, 2619 MHz, [N/A]
2025/11/27 03:27:49.748, 2, NVIDIA H100 80GB HBM3, P0, 100 %, 19 %, 81559 MiB, 45525 MiB, 35555 MiB, 52, 56, 446.21 W, 700.00 W, 700.00 W, 1980 MHz, 2619 MHz, [N/A]
2025/11/27 03:27:49.749, 3, NVIDIA H100 80GB HBM3, P0, 100 %, 13 %, 81559 MiB, 45525 MiB, 35555 MiB, 48, 51, 440.66 W, 700.00 W, 700.00 W, 1980 MHz, 2619 MHz, [N/A]
2025/11/27 03:27:49.750, 4, NVIDIA H100 80GB HBM3, P0, 100 %, 13 %, 81559 MiB, 45525 MiB, 35555 MiB, 45, 48, 426.17 W, 700.00 W, 700.00 W, 1980 MHz, 2619 MHz, [N/A]
2025/11/27 03:27:49.750, 5, NVIDIA H100 80GB HBM3, P0, 100 %, 13 %, 81559 MiB, 45525 MiB, 35555 MiB, 55, 53, 452.95 W, 700.00 W, 700.00 W, 1980 MHz, 2619 MHz, [N/A]
2025/11/27 03:27:49.751, 6, NVIDIA H100 80GB HBM3, P0, 86 %, 23 %, 81559 MiB, 45525 MiB, 35555 MiB, 48, 52, 428.50 W, 700.00 W, 700.00 W, 1980 MHz, 2619 MHz, [N/A]
2025/11/27 03:27:49.752, 7, NVIDIA H100 80GB HBM3, P0, 100 %, 13 %, 81559 MiB, 45525 MiB, 35555 MiB, 51, 49, 446.94 W, 700.00 W, 700.00 W, 1980 MHz, 2619 MHz, [N/A]
2025/11/27 03:27:54.753, 0, NVIDIA H100 80GB HBM3, P0, 83 %, 13 %, 81559 MiB, 8323 MiB, 72757 MiB, 52, 54, 457.90 W, 700.00 W, 700.00 W, 1980 MHz, 2619 MHz, [N/A]
2025/11/27 03:27:54.754, 1, NVIDIA H100 80GB HBM3, P0, 99 %, 16 %, 81559 MiB, 45525 MiB, 35555 MiB, 57, 55, 423.56 W, 700.00 W, 700.00 W, 1980 MHz, 2619 MHz, [N/A]
2025/11/27 03:27:54.755, 2, NVIDIA H100 80GB HBM3, P0, 66 %, 10 %, 81559 MiB, 45525 MiB, 35555 MiB, 57, 54, 413.98 W, 700.00 W, 700.00 W, 1980 MHz, 2619 MHz, [N/A]
2025/11/27 03:27:54.755, 3, NVIDIA H100 80GB HBM3, P0, 53 %, 8 %, 81559 MiB, 45525 MiB, 35555 MiB, 49, 51, 394.19 W, 700.00 W, 700.00 W, 1980 MHz, 2619 MHz, [N/A]
2025/11/27 03:27:54.756, 4, NVIDIA H100 80GB HBM3, P0, 50 %, 15 %, 81559 MiB, 45525 MiB, 35555 MiB, 48, 47, 385.80 W, 700.00 W, 700.00 W, 1980 MHz, 2619 MHz, [N/A]
2025/11/27 03:27:54.757, 5, NVIDIA H100 80GB HBM3, P0, 47 %, 8 %, 81559 MiB, 45525 MiB, 35555 MiB, 54, 52, 428.35 W, 700.00 W, 700.00 W, 1980 MHz, 2619 MHz, [N/A]
2025/11/27 03:27:54.757, 6, NVIDIA H100 80GB HBM3, P0, 79 %, 13 %, 81559 MiB, 45525 MiB, 35555 MiB, 54, 53, 414.23 W, 700.00 W, 700.00 W, 1980 MHz, 2619 MHz, [N/A]
2025/11/27 03:27:54.758, 7, NVIDIA H100 80GB HBM3, P0, 49 %, 8 %, 81559 MiB, 45525 MiB, 35555 MiB, 52, 50, 419.77 W, 700.00 W, 700.00 W, 1980 MHz, 2619 MHz, [N/A]
2025/11/27 03:27:59.759, 0, NVIDIA H100 80GB HBM3, P0, 95 %, 13 %, 81559 MiB, 8323 MiB, 72757 MiB, 49, 54, 477.21 W, 700.00 W, 700.00 W, 1980 MHz, 2619 MHz, [N/A]
2025/11/27 03:27:59.760, 1, NVIDIA H100 80GB HBM3, P0, 55 %, 11 %, 81559 MiB, 45525 MiB, 35555 MiB, 55, 54, 445.36 W, 700.00 W, 700.00 W, 1980 MHz, 2619 MHz, [N/A]
2025/11/27 03:27:59.761, 2, NVIDIA H100 80GB HBM3, P0, 55 %, 12 %, 81559 MiB, 45525 MiB, 35555 MiB, 57, 54, 454.07 W, 700.00 W, 700.00 W, 1980 MHz, 2619 MHz, [N/A]
2025/11/27 03:27:59.762, 3, NVIDIA H100 80GB HBM3, P0, 41 %, 13 %, 81559 MiB, 45525 MiB, 35555 MiB, 47, 51, 447.73 W, 700.00 W, 700.00 W, 1980 MHz, 2619 MHz, [N/A]
2025/11/27 03:27:59.762, 4, NVIDIA H100 80GB HBM3, P0, 36 %, 12 %, 81559 MiB, 45525 MiB, 35555 MiB, 48, 47, 418.28 W, 700.00 W, 700.00 W, 1980 MHz, 2619 MHz, [N/A]
2025/11/27 03:27:59.763, 5, NVIDIA H100 80GB HBM3, P0, 39 %, 13 %, 81559 MiB, 45525 MiB, 35555 MiB, 56, 53, 473.67 W, 700.00 W, 700.00 W, 1980 MHz, 2619 MHz, [N/A]
2025/11/27 03:27:59.764, 6, NVIDIA H100 80GB HBM3, P0, 68 %, 10 %, 81559 MiB, 45525 MiB, 35555 MiB, 55, 53, 463.30 W, 700.00 W, 700.00 W, 1980 MHz, 2619 MHz, [N/A]
2025/11/27 03:27:59.764, 7, NVIDIA H100 80GB HBM3, P0, 42 %, 12 %, 81559 MiB, 45525 MiB, 35555 MiB, 51, 50, 473.04 W, 700.00 W, 700.00 W, 1980 MHz, 2619 MHz, [N/A]
2025/11/27 03:28:04.766, 0, NVIDIA H100 80GB HBM3, P0, 53 %, 14 %, 81559 MiB, 8323 MiB, 72757 MiB, 47, 52, 373.99 W, 700.00 W, 700.00 W, 1980 MHz, 2619 MHz, [N/A]
2025/11/27 03:28:04.767, 1, NVIDIA H100 80GB HBM3, P0, 56 %, 15 %, 81559 MiB, 45525 MiB, 35555 MiB, 52, 55, 353.18 W, 700.00 W, 700.00 W, 1980 MHz, 2619 MHz, [N/A]
2025/11/27 03:28:04.768, 2, NVIDIA H100 80GB HBM3, P0, 43 %, 11 %, 81559 MiB, 45525 MiB, 35555 MiB, 52, 54, 357.24 W, 700.00 W, 700.00 W, 1980 MHz, 2619 MHz, [N/A]
2025/11/27 03:28:04.769, 3, NVIDIA H100 80GB HBM3, P0, 20 %, 5 %, 81559 MiB, 45525 MiB, 35555 MiB, 45, 50, 337.35 W, 700.00 W, 700.00 W, 1980 MHz, 2619 MHz, [N/A]
2025/11/27 03:28:04.769, 4, NVIDIA H100 80GB HBM3, P0, 0 %, 0 %, 81559 MiB, 45525 MiB, 35555 MiB, 45, 48, 336.83 W, 700.00 W, 700.00 W, 1980 MHz, 2619 MHz, [N/A]
2025/11/27 03:28:04.770, 5, NVIDIA H100 80GB HBM3, P0, 13 %, 3 %, 81559 MiB, 45525 MiB, 35555 MiB, 51, 52, 358.71 W, 700.00 W, 700.00 W, 1980 MHz, 2619 MHz, [N/A]
2025/11/27 03:28:04.771, 6, NVIDIA H100 80GB HBM3, P0, 53 %, 14 %, 81559 MiB, 45525 MiB, 35555 MiB, 50, 53, 337.47 W, 700.00 W, 700.00 W, 1980 MHz, 2619 MHz, [N/A]
2025/11/27 03:28:04.771, 7, NVIDIA H100 80GB HBM3, P0, 13 %, 3 %, 81559 MiB, 45525 MiB, 35555 MiB, 48, 49, 364.08 W, 700.00 W, 700.00 W, 1980 MHz, 2619 MHz, [N/A]
2025/11/27 03:28:09.773, 0, NVIDIA H100 80GB HBM3, P0, 96 %, 15 %, 81559 MiB, 8323 MiB, 72757 MiB, 54, 54, 481.75 W, 700.00 W, 700.00 W, 1980 MHz, 2619 MHz, [N/A]
2025/11/27 03:28:09.774, 1, NVIDIA H100 80GB HBM3, P0, 90 %, 15 %, 81559 MiB, 45525 MiB, 35555 MiB, 56, 56, 427.04 W, 700.00 W, 700.00 W, 1980 MHz, 2619 MHz, [N/A]
2025/11/27 03:28:09.774, 2, NVIDIA H100 80GB HBM3, P0, 85 %, 14 %, 81559 MiB, 45525 MiB, 35555 MiB, 57, 56, 434.89 W, 700.00 W, 700.00 W, 1980 MHz, 2619 MHz, [N/A]
2025/11/27 03:28:09.775, 3, NVIDIA H100 80GB HBM3, P0, 90 %, 15 %, 81559 MiB, 45525 MiB, 35555 MiB, 51, 51, 438.78 W, 700.00 W, 700.00 W, 1980 MHz, 2619 MHz, [N/A]
2025/11/27 03:28:09.776, 4, NVIDIA H100 80GB HBM3, P0, 93 %, 14 %, 81559 MiB, 45525 MiB, 35555 MiB, 45, 47, 446.43 W, 700.00 W, 700.00 W, 1980 MHz, 2619 MHz, [N/A]
2025/11/27 03:28:09.777, 5, NVIDIA H100 80GB HBM3, P0, 60 %, 10 %, 81559 MiB, 45525 MiB, 35555 MiB, 57, 53, 449.60 W, 700.00 W, 700.00 W, 1980 MHz, 2619 MHz, [N/A]
2025/11/27 03:28:09.778, 6, NVIDIA H100 80GB HBM3, P0, 90 %, 15 %, 81559 MiB, 45525 MiB, 35555 MiB, 56, 53, 448.36 W, 700.00 W, 700.00 W, 1980 MHz, 2619 MHz, [N/A]
2025/11/27 03:28:09.778, 7, NVIDIA H100 80GB HBM3, P0, 66 %, 11 %, 81559 MiB, 45525 MiB, 35555 MiB, 54, 50, 447.91 W, 700.00 W, 700.00 W, 1980 MHz, 2619 MHz, [N/A]
2025/11/27 03:28:14.779, 0, NVIDIA H100 80GB HBM3, P0, 54 %, 9 %, 81559 MiB, 8323 MiB, 72757 MiB, 46, 53, 453.94 W, 700.00 W, 700.00 W, 1980 MHz, 2619 MHz, [N/A]
2025/11/27 03:28:14.780, 1, NVIDIA H100 80GB HBM3, P0, 53 %, 18 %, 81559 MiB, 45525 MiB, 35555 MiB, 53, 55, 409.89 W, 700.00 W, 700.00 W, 1980 MHz, 2619 MHz, [N/A]
2025/11/27 03:28:14.781, 2, NVIDIA H100 80GB HBM3, P0, 48 %, 14 %, 81559 MiB, 45525 MiB, 35555 MiB, 55, 56, 426.23 W, 700.00 W, 700.00 W, 1980 MHz, 2619 MHz, [N/A]
2025/11/27 03:28:14.782, 3, NVIDIA H100 80GB HBM3, P0, 40 %, 14 %, 81559 MiB, 45525 MiB, 35555 MiB, 49, 51, 434.62 W, 700.00 W, 700.00 W, 1980 MHz, 2619 MHz, [N/A]
2025/11/27 03:28:14.783, 4, NVIDIA H100 80GB HBM3, P0, 78 %, 13 %, 81559 MiB, 45525 MiB, 35555 MiB, 48, 47, 417.04 W, 700.00 W, 700.00 W, 1980 MHz, 2619 MHz, [N/A]
2025/11/27 03:28:14.783, 5, NVIDIA H100 80GB HBM3, P0, 39 %, 13 %, 81559 MiB, 45525 MiB, 35555 MiB, 54, 53, 421.09 W, 700.00 W, 700.00 W, 1980 MHz, 2619 MHz, [N/A]
2025/11/27 03:28:14.784, 6, NVIDIA H100 80GB HBM3, P0, 50 %, 11 %, 81559 MiB, 45525 MiB, 35555 MiB, 52, 53, 421.95 W, 700.00 W, 700.00 W, 1980 MHz, 2619 MHz, [N/A]
2025/11/27 03:28:14.785, 7, NVIDIA H100 80GB HBM3, P0, 39 %, 13 %, 81559 MiB, 45525 MiB, 35555 MiB, 50, 50, 424.17 W, 700.00 W, 700.00 W, 1980 MHz, 2619 MHz, [N/A]
2025/11/27 03:28:19.786, 0, NVIDIA H100 80GB HBM3, P0, 100 %, 16 %, 81559 MiB, 8323 MiB, 72757 MiB, 52, 53, 422.18 W, 700.00 W, 700.00 W, 1980 MHz, 2619 MHz, [N/A]
2025/11/27 03:28:19.787, 1, NVIDIA H100 80GB HBM3, P0, 100 %, 14 %, 81559 MiB, 45525 MiB, 35555 MiB, 55, 55, 402.97 W, 700.00 W, 700.00 W, 1980 MHz, 2619 MHz, [N/A]
2025/11/27 03:28:19.788, 2, NVIDIA H100 80GB HBM3, P0, 100 %, 14 %, 81559 MiB, 45525 MiB, 35555 MiB, 57, 54, 411.55 W, 700.00 W, 700.00 W, 1980 MHz, 2619 MHz, [N/A]
2025/11/27 03:28:19.789, 3, NVIDIA H100 80GB HBM3, P0, 100 %, 14 %, 81559 MiB, 45525 MiB, 35555 MiB, 47, 52, 389.80 W, 700.00 W, 700.00 W, 1980 MHz, 2619 MHz, [N/A]
2025/11/27 03:28:19.789, 4, NVIDIA H100 80GB HBM3, P0, 100 %, 22 %, 81559 MiB, 45525 MiB, 35555 MiB, 44, 47, 367.23 W, 700.00 W, 700.00 W, 1980 MHz, 2619 MHz, [N/A]
2025/11/27 03:28:19.790, 5, NVIDIA H100 80GB HBM3, P0, 100 %, 14 %, 81559 MiB, 45525 MiB, 35555 MiB, 53, 55, 399.69 W, 700.00 W, 700.00 W, 1980 MHz, 2619 MHz, [N/A]
2025/11/27 03:28:19.790, 6, NVIDIA H100 80GB HBM3, P0, 100 %, 14 %, 81559 MiB, 45525 MiB, 35555 MiB, 53, 54, 394.43 W, 700.00 W, 700.00 W, 1980 MHz, 2619 MHz, [N/A]
2025/11/27 03:28:19.791, 7, NVIDIA H100 80GB HBM3, P0, 100 %, 14 %, 81559 MiB, 45525 MiB, 35555 MiB, 49, 51, 385.62 W, 700.00 W, 700.00 W, 1980 MHz, 2619 MHz, [N/A]
2025/11/27 03:28:24.792, 0, NVIDIA H100 80GB HBM3, P0, 84 %, 47 %, 81559 MiB, 8323 MiB, 72757 MiB, 49, 59, 451.86 W, 700.00 W, 700.00 W, 1980 MHz, 2619 MHz, [N/A]
2025/11/27 03:28:24.793, 1, NVIDIA H100 80GB HBM3, P0, 47 %, 9 %, 81559 MiB, 45525 MiB, 35555 MiB, 50, 56, 429.59 W, 700.00 W, 700.00 W, 1980 MHz, 2619 MHz, [N/A]
2025/11/27 03:28:24.794, 2, NVIDIA H100 80GB HBM3, P0, 55 %, 19 %, 81559 MiB, 45525 MiB, 35555 MiB, 51, 56, 416.60 W, 700.00 W, 700.00 W, 1980 MHz, 2619 MHz, [N/A]
2025/11/27 03:28:24.794, 3, NVIDIA H100 80GB HBM3, P0, 96 %, 24 %, 81559 MiB, 45525 MiB, 35555 MiB, 43, 51, 408.37 W, 700.00 W, 700.00 W, 1980 MHz, 2619 MHz, [N/A]
2025/11/27 03:28:24.795, 4, NVIDIA H100 80GB HBM3, P0, 40 %, 14 %, 81559 MiB, 45525 MiB, 35555 MiB, 47, 48, 401.60 W, 700.00 W, 700.00 W, 1980 MHz, 2619 MHz, [N/A]
2025/11/27 03:28:24.796, 5, NVIDIA H100 80GB HBM3, P0, 100 %, 21 %, 81559 MiB, 45525 MiB, 35555 MiB, 49, 53, 425.29 W, 700.00 W, 700.00 W, 1980 MHz, 2619 MHz, [N/A]
2025/11/27 03:28:24.797, 6, NVIDIA H100 80GB HBM3, P0, 40 %, 14 %, 81559 MiB, 45525 MiB, 35555 MiB, 48, 53, 399.99 W, 700.00 W, 700.00 W, 1980 MHz, 2619 MHz, [N/A]
2025/11/27 03:28:24.797, 7, NVIDIA H100 80GB HBM3, P0, 42 %, 12 %, 81559 MiB, 45525 MiB, 35555 MiB, 46, 49, 410.80 W, 700.00 W, 700.00 W, 1980 MHz, 2619 MHz, [N/A]
2025/11/27 03:28:29.799, 0, NVIDIA H100 80GB HBM3, P0, 100 %, 14 %, 81559 MiB, 8323 MiB, 72757 MiB, 54, 54, 482.43 W, 700.00 W, 700.00 W, 1980 MHz, 2619 MHz, [N/A]
2025/11/27 03:28:29.800, 1, NVIDIA H100 80GB HBM3, P0, 100 %, 14 %, 81559 MiB, 45525 MiB, 35555 MiB, 57, 56, 442.87 W, 700.00 W, 700.00 W, 1980 MHz, 2619 MHz, [N/A]
2025/11/27 03:28:29.801, 2, NVIDIA H100 80GB HBM3, P0, 100 %, 15 %, 81559 MiB, 45525 MiB, 35555 MiB, 58, 56, 451.42 W, 700.00 W, 700.00 W, 1980 MHz, 2619 MHz, [N/A]
2025/11/27 03:28:29.802, 3, NVIDIA H100 80GB HBM3, P0, 100 %, 15 %, 81559 MiB, 45525 MiB, 35555 MiB, 51, 51, 444.60 W, 700.00 W, 700.00 W, 1980 MHz, 2619 MHz, [N/A]
2025/11/27 03:28:29.802, 4, NVIDIA H100 80GB HBM3, P0, 100 %, 14 %, 81559 MiB, 45525 MiB, 35555 MiB, 48, 48, 435.79 W, 700.00 W, 700.00 W, 1980 MHz, 2619 MHz, [N/A]
2025/11/27 03:28:29.803, 5, NVIDIA H100 80GB HBM3, P0, 77 %, 11 %, 81559 MiB, 45525 MiB, 35555 MiB, 56, 53, 453.85 W, 700.00 W, 700.00 W, 1980 MHz, 2619 MHz, [N/A]
2025/11/27 03:28:29.804, 6, NVIDIA H100 80GB HBM3, P0, 100 %, 15 %, 81559 MiB, 45525 MiB, 35555 MiB, 56, 54, 457.13 W, 700.00 W, 700.00 W, 1980 MHz, 2619 MHz, [N/A]
2025/11/27 03:28:29.804, 7, NVIDIA H100 80GB HBM3, P0, 100 %, 14 %, 81559 MiB, 45525 MiB, 35555 MiB, 52, 50, 448.35 W, 700.00 W, 700.00 W, 1980 MHz, 2619 MHz, [N/A]
2025/11/27 03:28:34.806, 0, NVIDIA H100 80GB HBM3, P0, 69 %, 26 %, 81559 MiB, 8323 MiB, 72757 MiB, 52, 54, 455.79 W, 700.00 W, 700.00 W, 1980 MHz, 2619 MHz, [N/A]
2025/11/27 03:28:34.807, 1, NVIDIA H100 80GB HBM3, P0, 69 %, 12 %, 81559 MiB, 45525 MiB, 35555 MiB, 51, 54, 430.21 W, 700.00 W, 700.00 W, 1980 MHz, 2619 MHz, [N/A]
2025/11/27 03:28:34.808, 2, NVIDIA H100 80GB HBM3, P0, 68 %, 12 %, 81559 MiB, 45525 MiB, 35555 MiB, 53, 54, 436.14 W, 700.00 W, 700.00 W, 1980 MHz, 2619 MHz, [N/A]
2025/11/27 03:28:34.808, 3, NVIDIA H100 80GB HBM3, P0, 49 %, 8 %, 81559 MiB, 45525 MiB, 35555 MiB, 48, 52, 429.56 W, 700.00 W, 700.00 W, 1980 MHz, 2619 MHz, [N/A]
2025/11/27 03:28:34.809, 4, NVIDIA H100 80GB HBM3, P0, 50 %, 7 %, 81559 MiB, 45525 MiB, 35555 MiB, 49, 48, 418.75 W, 700.00 W, 700.00 W, 1980 MHz, 2619 MHz, [N/A]
2025/11/27 03:28:34.810, 5, NVIDIA H100 80GB HBM3, P0, 69 %, 13 %, 81559 MiB, 45525 MiB, 35555 MiB, 55, 53, 455.09 W, 700.00 W, 700.00 W, 1980 MHz, 2619 MHz, [N/A]
2025/11/27 03:28:34.811, 6, NVIDIA H100 80GB HBM3, P0, 62 %, 11 %, 81559 MiB, 45525 MiB, 35555 MiB, 54, 53, 445.48 W, 700.00 W, 700.00 W, 1980 MHz, 2619 MHz, [N/A]
2025/11/27 03:28:34.811, 7, NVIDIA H100 80GB HBM3, P0, 61 %, 11 %, 81559 MiB, 45525 MiB, 35555 MiB, 50, 49, 424.17 W, 700.00 W, 700.00 W, 1980 MHz, 2619 MHz, [N/A]
2025/11/27 03:28:39.812, 0, NVIDIA H100 80GB HBM3, P0, 56 %, 8 %, 81559 MiB, 8323 MiB, 72757 MiB, 51, 53, 433.85 W, 700.00 W, 700.00 W, 1980 MHz, 2619 MHz, [N/A]
2025/11/27 03:28:39.813, 1, NVIDIA H100 80GB HBM3, P0, 45 %, 7 %, 81559 MiB, 45525 MiB, 35555 MiB, 51, 54, 404.20 W, 700.00 W, 700.00 W, 1980 MHz, 2619 MHz, [N/A]
2025/11/27 03:28:39.814, 2, NVIDIA H100 80GB HBM3, P0, 29 %, 4 %, 81559 MiB, 45525 MiB, 35555 MiB, 57, 56, 414.18 W, 700.00 W, 700.00 W, 1980 MHz, 2619 MHz, [N/A]
2025/11/27 03:28:39.815, 3, NVIDIA H100 80GB HBM3, P0, 54 %, 8 %, 81559 MiB, 45525 MiB, 35555 MiB, 47, 51, 391.06 W, 700.00 W, 700.00 W, 1980 MHz, 2619 MHz, [N/A]
2025/11/27 03:28:39.816, 4, NVIDIA H100 80GB HBM3, P0, 49 %, 7 %, 81559 MiB, 45525 MiB, 35555 MiB, 46, 47, 386.80 W, 700.00 W, 700.00 W, 1980 MHz, 2619 MHz, [N/A]
2025/11/27 03:28:39.817, 5, NVIDIA H100 80GB HBM3, P0, 42 %, 14 %, 81559 MiB, 45525 MiB, 35555 MiB, 52, 52, 390.61 W, 700.00 W, 700.00 W, 1980 MHz, 2619 MHz, [N/A]
2025/11/27 03:28:39.817, 6, NVIDIA H100 80GB HBM3, P0, 48 %, 7 %, 81559 MiB, 45525 MiB, 35555 MiB, 51, 53, 379.86 W, 700.00 W, 700.00 W, 1980 MHz, 2619 MHz, [N/A]
2025/11/27 03:28:39.818, 7, NVIDIA H100 80GB HBM3, P0, 52 %, 8 %, 81559 MiB, 45525 MiB, 35555 MiB, 47, 50, 382.02 W, 700.00 W, 700.00 W, 1980 MHz, 2619 MHz, [N/A]
2025/11/27 03:28:44.819, 0, NVIDIA H100 80GB HBM3, P0, 71 %, 30 %, 81559 MiB, 8323 MiB, 72757 MiB, 52, 53, 470.08 W, 700.00 W, 700.00 W, 1980 MHz, 2619 MHz, [N/A]
2025/11/27 03:28:44.820, 1, NVIDIA H100 80GB HBM3, P0, 13 %, 2 %, 81559 MiB, 45525 MiB, 35555 MiB, 56, 55, 438.71 W, 700.00 W, 700.00 W, 1980 MHz, 2619 MHz, [N/A]
2025/11/27 03:28:44.821, 2, NVIDIA H100 80GB HBM3, P0, 71 %, 10 %, 81559 MiB, 45525 MiB, 35555 MiB, 58, 56, 458.49 W, 700.00 W, 700.00 W, 1980 MHz, 2619 MHz, [N/A]
2025/11/27 03:28:44.822, 3, NVIDIA H100 80GB HBM3, P0, 39 %, 4 %, 81559 MiB, 45525 MiB, 35555 MiB, 50, 51, 446.63 W, 700.00 W, 700.00 W, 1980 MHz, 2619 MHz, [N/A]
2025/11/27 03:28:44.823, 4, NVIDIA H100 80GB HBM3, P0, 69 %, 8 %, 81559 MiB, 45525 MiB, 35555 MiB, 48, 47, 428.03 W, 700.00 W, 700.00 W, 1980 MHz, 2619 MHz, [N/A]
2025/11/27 03:28:44.824, 5, NVIDIA H100 80GB HBM3, P0, 50 %, 7 %, 81559 MiB, 45525 MiB, 35555 MiB, 54, 53, 450.92 W, 700.00 W, 700.00 W, 1980 MHz, 2619 MHz, [N/A]
2025/11/27 03:28:44.824, 6, NVIDIA H100 80GB HBM3, P0, 19 %, 3 %, 81559 MiB, 45525 MiB, 35555 MiB, 53, 53, 426.46 W, 700.00 W, 700.00 W, 1980 MHz, 2619 MHz, [N/A]
2025/11/27 03:28:44.825, 7, NVIDIA H100 80GB HBM3, P0, 60 %, 8 %, 81559 MiB, 45525 MiB, 35555 MiB, 51, 50, 450.35 W, 700.00 W, 700.00 W, 1980 MHz, 2619 MHz, [N/A]
2025/11/27 03:28:49.826, 0, NVIDIA H100 80GB HBM3, P0, 100 %, 13 %, 81559 MiB, 8323 MiB, 72757 MiB, 53, 54, 464.06 W, 700.00 W, 700.00 W, 1980 MHz, 2619 MHz, [N/A]
2025/11/27 03:28:49.827, 1, NVIDIA H100 80GB HBM3, P0, 100 %, 13 %, 81559 MiB, 45525 MiB, 35555 MiB, 57, 56, 445.30 W, 700.00 W, 700.00 W, 1980 MHz, 2619 MHz, [N/A]
2025/11/27 03:28:49.828, 2, NVIDIA H100 80GB HBM3, P0, 100 %, 13 %, 81559 MiB, 45525 MiB, 35555 MiB, 58, 56, 449.37 W, 700.00 W, 700.00 W, 1980 MHz, 2619 MHz, [N/A]
2025/11/27 03:28:49.829, 3, NVIDIA H100 80GB HBM3, P0, 100 %, 13 %, 81559 MiB, 45525 MiB, 35555 MiB, 51, 51, 445.95 W, 700.00 W, 700.00 W, 1980 MHz, 2619 MHz, [N/A]
2025/11/27 03:28:49.829, 4, NVIDIA H100 80GB HBM3, P0, 100 %, 13 %, 81559 MiB, 45525 MiB, 35555 MiB, 50, 48, 433.00 W, 700.00 W, 700.00 W, 1980 MHz, 2619 MHz, [N/A]
2025/11/27 03:28:49.830, 5, NVIDIA H100 80GB HBM3, P0, 100 %, 13 %, 81559 MiB, 45525 MiB, 35555 MiB, 56, 53, 447.56 W, 700.00 W, 700.00 W, 1980 MHz, 2619 MHz, [N/A]
2025/11/27 03:28:49.830, 6, NVIDIA H100 80GB HBM3, P0, 100 %, 14 %, 81559 MiB, 45525 MiB, 35555 MiB, 55, 53, 435.54 W, 700.00 W, 700.00 W, 1980 MHz, 2619 MHz, [N/A]
2025/11/27 03:28:49.831, 7, NVIDIA H100 80GB HBM3, P0, 100 %, 13 %, 81559 MiB, 45525 MiB, 35555 MiB, 52, 49, 438.41 W, 700.00 W, 700.00 W, 1980 MHz, 2619 MHz, [N/A]
2025/11/27 03:28:54.832, 0, NVIDIA H100 80GB HBM3, P0, 70 %, 12 %, 81559 MiB, 8323 MiB, 72757 MiB, 54, 55, 508.70 W, 700.00 W, 700.00 W, 1980 MHz, 2619 MHz, [N/A]
2025/11/27 03:28:54.833, 1, NVIDIA H100 80GB HBM3, P0, 52 %, 18 %, 81559 MiB, 45525 MiB, 35555 MiB, 58, 56, 492.48 W, 700.00 W, 700.00 W, 1980 MHz, 2619 MHz, [N/A]
2025/11/27 03:28:54.834, 2, NVIDIA H100 80GB HBM3, P0, 43 %, 14 %, 81559 MiB, 45525 MiB, 35555 MiB, 59, 56, 487.43 W, 700.00 W, 700.00 W, 1980 MHz, 2619 MHz, [N/A]
2025/11/27 03:28:54.835, 3, NVIDIA H100 80GB HBM3, P0, 64 %, 10 %, 81559 MiB, 45525 MiB, 35555 MiB, 51, 52, 488.68 W, 700.00 W, 700.00 W, 1980 MHz, 2619 MHz, [N/A]
2025/11/27 03:28:54.836, 4, NVIDIA H100 80GB HBM3, P0, 94 %, 15 %, 81559 MiB, 45525 MiB, 35555 MiB, 51, 49, 483.25 W, 700.00 W, 700.00 W, 1980 MHz, 2619 MHz, [N/A]
2025/11/27 03:28:54.836, 5, NVIDIA H100 80GB HBM3, P0, 58 %, 12 %, 81559 MiB, 45525 MiB, 35555 MiB, 56, 54, 510.25 W, 700.00 W, 700.00 W, 1980 MHz, 2619 MHz, [N/A]
2025/11/27 03:28:54.837, 6, NVIDIA H100 80GB HBM3, P0, 99 %, 16 %, 81559 MiB, 45525 MiB, 35555 MiB, 55, 53, 475.14 W, 700.00 W, 700.00 W, 1980 MHz, 2619 MHz, [N/A]
2025/11/27 03:28:54.838, 7, NVIDIA H100 80GB HBM3, P0, 59 %, 12 %, 81559 MiB, 45525 MiB, 35555 MiB, 51, 51, 479.63 W, 700.00 W, 700.00 W, 1980 MHz, 2619 MHz, [N/A]
2025/11/27 03:28:59.839, 0, NVIDIA H100 80GB HBM3, P0, 100 %, 12 %, 81559 MiB, 8323 MiB, 72757 MiB, 52, 54, 468.11 W, 700.00 W, 700.00 W, 1980 MHz, 2619 MHz, [N/A]
2025/11/27 03:28:59.840, 1, NVIDIA H100 80GB HBM3, P0, 100 %, 12 %, 81559 MiB, 45525 MiB, 35555 MiB, 52, 56, 420.91 W, 700.00 W, 700.00 W, 1980 MHz, 2619 MHz, [N/A]
2025/11/27 03:28:59.841, 2, NVIDIA H100 80GB HBM3, P0, 100 %, 12 %, 81559 MiB, 45525 MiB, 35555 MiB, 55, 57, 435.59 W, 700.00 W, 700.00 W, 1980 MHz, 2619 MHz, [N/A]
2025/11/27 03:28:59.842, 3, NVIDIA H100 80GB HBM3, P0, 100 %, 12 %, 81559 MiB, 45525 MiB, 35555 MiB, 51, 51, 426.64 W, 700.00 W, 700.00 W, 1980 MHz, 2619 MHz, [N/A]
2025/11/27 03:28:59.842, 4, NVIDIA H100 80GB HBM3, P0, 100 %, 14 %, 81559 MiB, 45525 MiB, 35555 MiB, 46, 49, 423.47 W, 700.00 W, 700.00 W, 1980 MHz, 2619 MHz, [N/A]
2025/11/27 03:28:59.843, 5, NVIDIA H100 80GB HBM3, P0, 100 %, 12 %, 81559 MiB, 45525 MiB, 35555 MiB, 51, 53, 438.40 W, 700.00 W, 700.00 W, 1980 MHz, 2619 MHz, [N/A]
2025/11/27 03:28:59.844, 6, NVIDIA H100 80GB HBM3, P0, 94 %, 24 %, 81559 MiB, 45525 MiB, 35555 MiB, 56, 53, 437.80 W, 700.00 W, 700.00 W, 1980 MHz, 2619 MHz, [N/A]
2025/11/27 03:28:59.844, 7, NVIDIA H100 80GB HBM3, P0, 100 %, 12 %, 81559 MiB, 45525 MiB, 35555 MiB, 52, 50, 452.49 W, 700.00 W, 700.00 W, 1980 MHz, 2619 MHz, [N/A]
2025/11/27 03:29:04.846, 0, NVIDIA H100 80GB HBM3, P0, 93 %, 64 %, 81559 MiB, 8323 MiB, 72757 MiB, 48, 56, 430.83 W, 700.00 W, 700.00 W, 1980 MHz, 2619 MHz, [N/A]
2025/11/27 03:29:04.847, 1, NVIDIA H100 80GB HBM3, P0, 95 %, 16 %, 81559 MiB, 45525 MiB, 35555 MiB, 50, 54, 380.89 W, 700.00 W, 700.00 W, 1980 MHz, 2619 MHz, [N/A]
2025/11/27 03:29:04.848, 2, NVIDIA H100 80GB HBM3, P0, 100 %, 26 %, 81559 MiB, 45525 MiB, 35555 MiB, 51, 56, 394.95 W, 700.00 W, 700.00 W, 1980 MHz, 2619 MHz, [N/A]
2025/11/27 03:29:04.849, 3, NVIDIA H100 80GB HBM3, P0, 44 %, 18 %, 81559 MiB, 45525 MiB, 35555 MiB, 45, 53, 389.77 W, 700.00 W, 700.00 W, 1980 MHz, 2619 MHz, [N/A]
2025/11/27 03:29:04.850, 4, NVIDIA H100 80GB HBM3, P0, 39 %, 13 %, 81559 MiB, 45525 MiB, 35555 MiB, 42, 47, 374.18 W, 700.00 W, 700.00 W, 1980 MHz, 2619 MHz, [N/A]
2025/11/27 03:29:04.850, 5, NVIDIA H100 80GB HBM3, P0, 59 %, 20 %, 81559 MiB, 45525 MiB, 35555 MiB, 51, 53, 386.68 W, 700.00 W, 700.00 W, 1980 MHz, 2619 MHz, [N/A]
2025/11/27 03:29:04.851, 6, NVIDIA H100 80GB HBM3, P0, 40 %, 13 %, 81559 MiB, 45525 MiB, 35555 MiB, 49, 54, 376.37 W, 700.00 W, 700.00 W, 1980 MHz, 2619 MHz, [N/A]
2025/11/27 03:29:04.851, 7, NVIDIA H100 80GB HBM3, P0, 65 %, 20 %, 81559 MiB, 45525 MiB, 35555 MiB, 47, 49, 369.42 W, 700.00 W, 700.00 W, 1980 MHz, 2619 MHz, [N/A]
2025/11/27 03:29:09.853, 0, NVIDIA H100 80GB HBM3, P0, 41 %, 11 %, 81559 MiB, 8323 MiB, 72757 MiB, 50, 53, 432.38 W, 700.00 W, 700.00 W, 1980 MHz, 2619 MHz, [N/A]
2025/11/27 03:29:09.854, 1, NVIDIA H100 80GB HBM3, P0, 37 %, 13 %, 81559 MiB, 45525 MiB, 35555 MiB, 54, 57, 412.58 W, 700.00 W, 700.00 W, 1980 MHz, 2619 MHz, [N/A]
2025/11/27 03:29:09.854, 2, NVIDIA H100 80GB HBM3, P0, 47 %, 15 %, 81559 MiB, 45525 MiB, 35555 MiB, 56, 57, 430.15 W, 700.00 W, 700.00 W, 1980 MHz, 2619 MHz, [N/A]
2025/11/27 03:29:09.855, 3, NVIDIA H100 80GB HBM3, P0, 33 %, 9 %, 81559 MiB, 45525 MiB, 35555 MiB, 46, 52, 407.79 W, 700.00 W, 700.00 W, 1980 MHz, 2619 MHz, [N/A]
2025/11/27 03:29:09.856, 4, NVIDIA H100 80GB HBM3, P0, 52 %, 14 %, 81559 MiB, 45525 MiB, 35555 MiB, 46, 47, 384.23 W, 700.00 W, 700.00 W, 1980 MHz, 2619 MHz, [N/A]
2025/11/27 03:29:09.856, 5, NVIDIA H100 80GB HBM3, P0, 29 %, 8 %, 81559 MiB, 45525 MiB, 35555 MiB, 54, 54, 410.77 W, 700.00 W, 700.00 W, 1980 MHz, 2619 MHz, [N/A]
2025/11/27 03:29:09.857, 6, NVIDIA H100 80GB HBM3, P0, 63 %, 17 %, 81559 MiB, 45525 MiB, 35555 MiB, 52, 54, 402.09 W, 700.00 W, 700.00 W, 1980 MHz, 2619 MHz, [N/A]
2025/11/27 03:29:09.857, 7, NVIDIA H100 80GB HBM3, P0, 30 %, 8 %, 81559 MiB, 45525 MiB, 35555 MiB, 51, 51, 409.80 W, 700.00 W, 700.00 W, 1980 MHz, 2619 MHz, [N/A]
2025/11/27 03:29:14.858, 0, NVIDIA H100 80GB HBM3, P0, 100 %, 13 %, 81559 MiB, 8323 MiB, 72757 MiB, 53, 54, 479.80 W, 700.00 W, 700.00 W, 1980 MHz, 2619 MHz, [N/A]
2025/11/27 03:29:14.859, 1, NVIDIA H100 80GB HBM3, P0, 46 %, 6 %, 81559 MiB, 45525 MiB, 35555 MiB, 56, 56, 471.09 W, 700.00 W, 700.00 W, 1980 MHz, 2619 MHz, [N/A]
2025/11/27 03:29:14.860, 2, NVIDIA H100 80GB HBM3, P0, 42 %, 6 %, 81559 MiB, 45525 MiB, 35555 MiB, 59, 56, 485.10 W, 700.00 W, 700.00 W, 1980 MHz, 2619 MHz, [N/A]
2025/11/27 03:29:14.861, 3, NVIDIA H100 80GB HBM3, P0, 96 %, 13 %, 81559 MiB, 45525 MiB, 35555 MiB, 51, 52, 474.17 W, 700.00 W, 700.00 W, 1980 MHz, 2619 MHz, [N/A]
2025/11/27 03:29:14.862, 4, NVIDIA H100 80GB HBM3, P0, 100 %, 14 %, 81559 MiB, 45525 MiB, 35555 MiB, 49, 47, 454.85 W, 700.00 W, 700.00 W, 1980 MHz, 2619 MHz, [N/A]
2025/11/27 03:29:14.862, 5, NVIDIA H100 80GB HBM3, P0, 80 %, 11 %, 81559 MiB, 45525 MiB, 35555 MiB, 56, 55, 470.83 W, 700.00 W, 700.00 W, 1980 MHz, 2619 MHz, [N/A]
2025/11/27 03:29:14.863, 6, NVIDIA H100 80GB HBM3, P0, 100 %, 14 %, 81559 MiB, 45525 MiB, 35555 MiB, 54, 53, 445.64 W, 700.00 W, 700.00 W, 1980 MHz, 2619 MHz, [N/A]
2025/11/27 03:29:14.864, 7, NVIDIA H100 80GB HBM3, P0, 75 %, 10 %, 81559 MiB, 45525 MiB, 35555 MiB, 51, 50, 448.41 W, 700.00 W, 700.00 W, 1980 MHz, 2619 MHz, [N/A]
2025/11/27 03:29:19.865, 0, NVIDIA H100 80GB HBM3, P0, 93 %, 61 %, 81559 MiB, 8323 MiB, 72757 MiB, 49, 53, 418.77 W, 700.00 W, 700.00 W, 1980 MHz, 2619 MHz, [N/A]
2025/11/27 03:29:19.866, 1, NVIDIA H100 80GB HBM3, P0, 39 %, 16 %, 81559 MiB, 45525 MiB, 35555 MiB, 51, 55, 385.89 W, 700.00 W, 700.00 W, 1980 MHz, 2619 MHz, [N/A]
2025/11/27 03:29:19.867, 2, NVIDIA H100 80GB HBM3, P0, 86 %, 24 %, 81559 MiB, 45525 MiB, 35555 MiB, 51, 56, 406.62 W, 700.00 W, 700.00 W, 1980 MHz, 2619 MHz, [N/A]
2025/11/27 03:29:19.867, 3, NVIDIA H100 80GB HBM3, P0, 38 %, 14 %, 81559 MiB, 45525 MiB, 35555 MiB, 45, 51, 390.16 W, 700.00 W, 700.00 W, 1980 MHz, 2619 MHz, [N/A]
2025/11/27 03:29:19.868, 4, NVIDIA H100 80GB HBM3, P0, 40 %, 14 %, 81559 MiB, 45525 MiB, 35555 MiB, 42, 47, 380.17 W, 700.00 W, 700.00 W, 1980 MHz, 2619 MHz, [N/A]
2025/11/27 03:29:19.869, 5, NVIDIA H100 80GB HBM3, P0, 43 %, 18 %, 81559 MiB, 45525 MiB, 35555 MiB, 51, 53, 396.19 W, 700.00 W, 700.00 W, 1980 MHz, 2619 MHz, [N/A]
2025/11/27 03:29:19.869, 6, NVIDIA H100 80GB HBM3, P0, 46 %, 15 %, 81559 MiB, 45525 MiB, 35555 MiB, 49, 54, 386.38 W, 700.00 W, 700.00 W, 1980 MHz, 2619 MHz, [N/A]
2025/11/27 03:29:19.870, 7, NVIDIA H100 80GB HBM3, P0, 48 %, 18 %, 81559 MiB, 45525 MiB, 35555 MiB, 46, 50, 371.45 W, 700.00 W, 700.00 W, 1980 MHz, 2619 MHz, [N/A]
2025/11/27 03:29:24.872, 0, NVIDIA H100 80GB HBM3, P0, 100 %, 12 %, 81559 MiB, 8323 MiB, 72757 MiB, 49, 59, 461.51 W, 700.00 W, 700.00 W, 1980 MHz, 2619 MHz, [N/A]
2025/11/27 03:29:24.873, 1, NVIDIA H100 80GB HBM3, P0, 100 %, 13 %, 81559 MiB, 45525 MiB, 35555 MiB, 57, 56, 443.06 W, 700.00 W, 700.00 W, 1980 MHz, 2619 MHz, [N/A]
2025/11/27 03:29:24.874, 2, NVIDIA H100 80GB HBM3, P0, 100 %, 13 %, 81559 MiB, 45525 MiB, 35555 MiB, 59, 56, 474.97 W, 700.00 W, 700.00 W, 1980 MHz, 2619 MHz, [N/A]
2025/11/27 03:29:24.874, 3, NVIDIA H100 80GB HBM3, P0, 100 %, 13 %, 81559 MiB, 45525 MiB, 35555 MiB, 47, 52, 448.12 W, 700.00 W, 700.00 W, 1980 MHz, 2619 MHz, [N/A]
2025/11/27 03:29:24.875, 4, NVIDIA H100 80GB HBM3, P0, 100 %, 13 %, 81559 MiB, 45525 MiB, 35555 MiB, 50, 47, 449.81 W, 700.00 W, 700.00 W, 1980 MHz, 2619 MHz, [N/A]
2025/11/27 03:29:24.876, 5, NVIDIA H100 80GB HBM3, P0, 100 %, 13 %, 81559 MiB, 45525 MiB, 35555 MiB, 53, 55, 457.00 W, 700.00 W, 700.00 W, 1980 MHz, 2619 MHz, [N/A]
2025/11/27 03:29:24.876, 6, NVIDIA H100 80GB HBM3, P0, 100 %, 13 %, 81559 MiB, 45525 MiB, 35555 MiB, 56, 53, 447.30 W, 700.00 W, 700.00 W, 1980 MHz, 2619 MHz, [N/A]
2025/11/27 03:29:24.877, 7, NVIDIA H100 80GB HBM3, P0, 100 %, 13 %, 81559 MiB, 45525 MiB, 35555 MiB, 49, 52, 441.79 W, 700.00 W, 700.00 W, 1980 MHz, 2619 MHz, [N/A]
2025/11/27 03:29:29.878, 0, NVIDIA H100 80GB HBM3, P0, 91 %, 60 %, 81559 MiB, 8323 MiB, 72757 MiB, 53, 53, 476.03 W, 700.00 W, 700.00 W, 1980 MHz, 2619 MHz, [N/A]
2025/11/27 03:29:29.879, 1, NVIDIA H100 80GB HBM3, P0, 39 %, 16 %, 81559 MiB, 45525 MiB, 35555 MiB, 53, 56, 458.75 W, 700.00 W, 700.00 W, 1980 MHz, 2619 MHz, [N/A]
2025/11/27 03:29:29.879, 2, NVIDIA H100 80GB HBM3, P0, 40 %, 13 %, 81559 MiB, 45525 MiB, 35555 MiB, 52, 56, 442.13 W, 700.00 W, 700.00 W, 1980 MHz, 2619 MHz, [N/A]
2025/11/27 03:29:29.880, 3, NVIDIA H100 80GB HBM3, P0, 40 %, 15 %, 81559 MiB, 45525 MiB, 35555 MiB, 50, 52, 430.83 W, 700.00 W, 700.00 W, 1980 MHz, 2619 MHz, [N/A]
2025/11/27 03:29:29.881, 4, NVIDIA H100 80GB HBM3, P0, 39 %, 13 %, 81559 MiB, 45525 MiB, 35555 MiB, 42, 49, 404.04 W, 700.00 W, 700.00 W, 1980 MHz, 2619 MHz, [N/A]
2025/11/27 03:29:29.881, 5, NVIDIA H100 80GB HBM3, P0, 39 %, 14 %, 81559 MiB, 45525 MiB, 35555 MiB, 53, 53, 424.45 W, 700.00 W, 700.00 W, 1980 MHz, 2619 MHz, [N/A]
2025/11/27 03:29:29.882, 6, NVIDIA H100 80GB HBM3, P0, 54 %, 16 %, 81559 MiB, 45525 MiB, 35555 MiB, 49, 54, 408.09 W, 700.00 W, 700.00 W, 1980 MHz, 2619 MHz, [N/A]
2025/11/27 03:29:29.883, 7, NVIDIA H100 80GB HBM3, P0, 45 %, 18 %, 81559 MiB, 45525 MiB, 35555 MiB, 49, 50, 428.95 W, 700.00 W, 700.00 W, 1980 MHz, 2619 MHz, [N/A]
2025/11/27 03:29:34.884, 0, NVIDIA H100 80GB HBM3, P0, 51 %, 8 %, 81559 MiB, 8323 MiB, 72757 MiB, 54, 55, 456.39 W, 700.00 W, 700.00 W, 1980 MHz, 2619 MHz, [N/A]
2025/11/27 03:29:34.885, 1, NVIDIA H100 80GB HBM3, P0, 56 %, 9 %, 81559 MiB, 45525 MiB, 35555 MiB, 56, 56, 440.33 W, 700.00 W, 700.00 W, 1980 MHz, 2619 MHz, [N/A]
2025/11/27 03:29:34.886, 2, NVIDIA H100 80GB HBM3, P0, 52 %, 9 %, 81559 MiB, 45525 MiB, 35555 MiB, 57, 57, 443.33 W, 700.00 W, 700.00 W, 1980 MHz, 2619 MHz, [N/A]
2025/11/27 03:29:34.887, 3, NVIDIA H100 80GB HBM3, P0, 45 %, 14 %, 81559 MiB, 45525 MiB, 35555 MiB, 49, 52, 398.95 W, 700.00 W, 700.00 W, 1980 MHz, 2619 MHz, [N/A]
2025/11/27 03:29:34.887, 4, NVIDIA H100 80GB HBM3, P0, 54 %, 12 %, 81559 MiB, 45525 MiB, 35555 MiB, 49, 47, 397.71 W, 700.00 W, 700.00 W, 1980 MHz, 2619 MHz, [N/A]
2025/11/27 03:29:34.888, 5, NVIDIA H100 80GB HBM3, P0, 40 %, 15 %, 81559 MiB, 45525 MiB, 35555 MiB, 55, 54, 423.83 W, 700.00 W, 700.00 W, 1980 MHz, 2619 MHz, [N/A]
2025/11/27 03:29:34.888, 6, NVIDIA H100 80GB HBM3, P0, 71 %, 12 %, 81559 MiB, 45525 MiB, 35555 MiB, 51, 53, 397.25 W, 700.00 W, 700.00 W, 1980 MHz, 2619 MHz, [N/A]
2025/11/27 03:29:34.889, 7, NVIDIA H100 80GB HBM3, P0, 40 %, 11 %, 81559 MiB, 45525 MiB, 35555 MiB, 50, 51, 411.25 W, 700.00 W, 700.00 W, 1980 MHz, 2619 MHz, [N/A]
2025/11/27 03:29:39.890, 0, NVIDIA H100 80GB HBM3, P0, 40 %, 8 %, 81559 MiB, 8323 MiB, 72757 MiB, 53, 55, 451.78 W, 700.00 W, 700.00 W, 1980 MHz, 2619 MHz, [N/A]
2025/11/27 03:29:39.891, 1, NVIDIA H100 80GB HBM3, P0, 31 %, 4 %, 81559 MiB, 45525 MiB, 35555 MiB, 56, 56, 419.65 W, 700.00 W, 700.00 W, 1980 MHz, 2619 MHz, [N/A]
2025/11/27 03:29:39.892, 2, NVIDIA H100 80GB HBM3, P0, 56 %, 9 %, 81559 MiB, 45525 MiB, 35555 MiB, 58, 57, 456.17 W, 700.00 W, 700.00 W, 1980 MHz, 2619 MHz, [N/A]
2025/11/27 03:29:39.893, 3, NVIDIA H100 80GB HBM3, P0, 68 %, 12 %, 81559 MiB, 45525 MiB, 35555 MiB, 46, 51, 442.28 W, 700.00 W, 700.00 W, 1980 MHz, 2619 MHz, [N/A]
2025/11/27 03:29:39.894, 4, NVIDIA H100 80GB HBM3, P0, 43 %, 8 %, 81559 MiB, 45525 MiB, 35555 MiB, 48, 48, 407.80 W, 700.00 W, 700.00 W, 1980 MHz, 2619 MHz, [N/A]
2025/11/27 03:29:39.894, 5, NVIDIA H100 80GB HBM3, P0, 64 %, 11 %, 81559 MiB, 45525 MiB, 35555 MiB, 56, 53, 412.21 W, 700.00 W, 700.00 W, 1980 MHz, 2619 MHz, [N/A]
2025/11/27 03:29:39.895, 6, NVIDIA H100 80GB HBM3, P0, 59 %, 8 %, 81559 MiB, 45525 MiB, 35555 MiB, 50, 52, 417.85 W, 700.00 W, 700.00 W, 1980 MHz, 2619 MHz, [N/A]
2025/11/27 03:29:39.896, 7, NVIDIA H100 80GB HBM3, P0, 68 %, 12 %, 81559 MiB, 45525 MiB, 35555 MiB, 51, 50, 426.61 W, 700.00 W, 700.00 W, 1980 MHz, 2619 MHz, [N/A]
2025/11/27 03:29:44.897, 0, NVIDIA H100 80GB HBM3, P0, 100 %, 13 %, 81559 MiB, 8323 MiB, 72757 MiB, 53, 53, 490.01 W, 700.00 W, 700.00 W, 1980 MHz, 2619 MHz, [N/A]
2025/11/27 03:29:44.898, 1, NVIDIA H100 80GB HBM3, P0, 100 %, 13 %, 81559 MiB, 45525 MiB, 35555 MiB, 56, 56, 455.50 W, 700.00 W, 700.00 W, 1980 MHz, 2619 MHz, [N/A]
2025/11/27 03:29:44.899, 2, NVIDIA H100 80GB HBM3, P0, 100 %, 13 %, 81559 MiB, 45525 MiB, 35555 MiB, 58, 56, 470.63 W, 700.00 W, 700.00 W, 1980 MHz, 2619 MHz, [N/A]
2025/11/27 03:29:44.899, 3, NVIDIA H100 80GB HBM3, P0, 100 %, 13 %, 81559 MiB, 45525 MiB, 35555 MiB, 51, 51, 469.21 W, 700.00 W, 700.00 W, 1980 MHz, 2619 MHz, [N/A]
2025/11/27 03:29:44.900, 4, NVIDIA H100 80GB HBM3, P0, 100 %, 13 %, 81559 MiB, 45525 MiB, 35555 MiB, 49, 47, 449.75 W, 700.00 W, 700.00 W, 1980 MHz, 2619 MHz, [N/A]
2025/11/27 03:29:44.901, 5, NVIDIA H100 80GB HBM3, P0, 100 %, 14 %, 81559 MiB, 45525 MiB, 35555 MiB, 56, 53, 471.84 W, 700.00 W, 700.00 W, 1980 MHz, 2619 MHz, [N/A]
2025/11/27 03:29:44.901, 6, NVIDIA H100 80GB HBM3, P0, 100 %, 13 %, 81559 MiB, 45525 MiB, 35555 MiB, 55, 53, 455.28 W, 700.00 W, 700.00 W, 1980 MHz, 2619 MHz, [N/A]
2025/11/27 03:29:44.902, 7, NVIDIA H100 80GB HBM3, P0, 100 %, 13 %, 81559 MiB, 45525 MiB, 35555 MiB, 51, 51, 446.92 W, 700.00 W, 700.00 W, 1980 MHz, 2619 MHz, [N/A]
2025/11/27 03:29:49.903, 0, NVIDIA H100 80GB HBM3, P0, 100 %, 12 %, 81559 MiB, 8323 MiB, 72757 MiB, 49, 58, 461.82 W, 700.00 W, 700.00 W, 1980 MHz, 2619 MHz, [N/A]
2025/11/27 03:29:49.904, 1, NVIDIA H100 80GB HBM3, P0, 100 %, 13 %, 81559 MiB, 45525 MiB, 35555 MiB, 57, 57, 425.67 W, 700.00 W, 700.00 W, 1980 MHz, 2619 MHz, [N/A]
2025/11/27 03:29:49.905, 2, NVIDIA H100 80GB HBM3, P0, 100 %, 13 %, 81559 MiB, 45525 MiB, 35555 MiB, 52, 56, 445.07 W, 700.00 W, 700.00 W, 1980 MHz, 2619 MHz, [N/A]
2025/11/27 03:29:49.906, 3, NVIDIA H100 80GB HBM3, P0, 100 %, 13 %, 81559 MiB, 45525 MiB, 35555 MiB, 46, 52, 447.79 W, 700.00 W, 700.00 W, 1980 MHz, 2619 MHz, [N/A]
2025/11/27 03:29:49.907, 4, NVIDIA H100 80GB HBM3, P0, 100 %, 13 %, 81559 MiB, 45525 MiB, 35555 MiB, 49, 48, 421.83 W, 700.00 W, 700.00 W, 1980 MHz, 2619 MHz, [N/A]
2025/11/27 03:29:49.908, 5, NVIDIA H100 80GB HBM3, P0, 100 %, 13 %, 81559 MiB, 45525 MiB, 35555 MiB, 53, 55, 439.75 W, 700.00 W, 700.00 W, 1980 MHz, 2619 MHz, [N/A]
2025/11/27 03:29:49.908, 6, NVIDIA H100 80GB HBM3, P0, 100 %, 13 %, 81559 MiB, 45525 MiB, 35555 MiB, 52, 55, 438.96 W, 700.00 W, 700.00 W, 1980 MHz, 2619 MHz, [N/A]
2025/11/27 03:29:49.909, 7, NVIDIA H100 80GB HBM3, P0, 100 %, 13 %, 81559 MiB, 45525 MiB, 35555 MiB, 48, 52, 425.36 W, 700.00 W, 700.00 W, 1980 MHz, 2619 MHz, [N/A]
2025/11/27 03:29:54.910, 0, NVIDIA H100 80GB HBM3, P0, 65 %, 10 %, 81559 MiB, 8323 MiB, 72757 MiB, 54, 53, 424.31 W, 700.00 W, 700.00 W, 1980 MHz, 2619 MHz, [N/A]
2025/11/27 03:29:54.911, 1, NVIDIA H100 80GB HBM3, P0, 75 %, 12 %, 81559 MiB, 45525 MiB, 35555 MiB, 55, 56, 409.43 W, 700.00 W, 700.00 W, 1980 MHz, 2619 MHz, [N/A]
2025/11/27 03:29:54.912, 2, NVIDIA H100 80GB HBM3, P0, 83 %, 13 %, 81559 MiB, 45525 MiB, 35555 MiB, 53, 55, 417.05 W, 700.00 W, 700.00 W, 1980 MHz, 2619 MHz, [N/A]
2025/11/27 03:29:54.913, 3, NVIDIA H100 80GB HBM3, P0, 47 %, 7 %, 81559 MiB, 45525 MiB, 35555 MiB, 49, 52, 394.82 W, 700.00 W, 700.00 W, 1980 MHz, 2619 MHz, [N/A]
2025/11/27 03:29:54.913, 4, NVIDIA H100 80GB HBM3, P0, 71 %, 11 %, 81559 MiB, 45525 MiB, 35555 MiB, 47, 47, 380.68 W, 700.00 W, 700.00 W, 1980 MHz, 2619 MHz, [N/A]
2025/11/27 03:29:54.914, 5, NVIDIA H100 80GB HBM3, P0, 43 %, 7 %, 81559 MiB, 45525 MiB, 35555 MiB, 55, 53, 410.04 W, 700.00 W, 700.00 W, 1980 MHz, 2619 MHz, [N/A]
2025/11/27 03:29:54.914, 6, NVIDIA H100 80GB HBM3, P0, 52 %, 8 %, 81559 MiB, 45525 MiB, 35555 MiB, 51, 52, 355.31 W, 700.00 W, 700.00 W, 1980 MHz, 2619 MHz, [N/A]
2025/11/27 03:29:54.915, 7, NVIDIA H100 80GB HBM3, P0, 52 %, 8 %, 81559 MiB, 45525 MiB, 35555 MiB, 47, 49, 380.59 W, 700.00 W, 700.00 W, 1980 MHz, 2619 MHz, [N/A]
2025/11/27 03:29:59.916, 0, NVIDIA H100 80GB HBM3, P0, 91 %, 54 %, 81559 MiB, 8323 MiB, 72757 MiB, 49, 54, 466.19 W, 700.00 W, 700.00 W, 1980 MHz, 2619 MHz, [N/A]
2025/11/27 03:29:59.917, 1, NVIDIA H100 80GB HBM3, P0, 41 %, 16 %, 81559 MiB, 45525 MiB, 35555 MiB, 52, 56, 428.89 W, 700.00 W, 700.00 W, 1980 MHz, 2619 MHz, [N/A]
2025/11/27 03:29:59.918, 2, NVIDIA H100 80GB HBM3, P0, 40 %, 13 %, 81559 MiB, 45525 MiB, 35555 MiB, 55, 56, 458.71 W, 700.00 W, 700.00 W, 1980 MHz, 2619 MHz, [N/A]
2025/11/27 03:29:59.919, 3, NVIDIA H100 80GB HBM3, P0, 39 %, 13 %, 81559 MiB, 45525 MiB, 35555 MiB, 48, 51, 436.73 W, 700.00 W, 700.00 W, 1980 MHz, 2619 MHz, [N/A]
2025/11/27 03:29:59.920, 4, NVIDIA H100 80GB HBM3, P0, 40 %, 14 %, 81559 MiB, 45525 MiB, 35555 MiB, 44, 47, 441.15 W, 700.00 W, 700.00 W, 1980 MHz, 2619 MHz, [N/A]
2025/11/27 03:29:59.920, 5, NVIDIA H100 80GB HBM3, P0, 41 %, 16 %, 81559 MiB, 45525 MiB, 35555 MiB, 51, 53, 441.74 W, 700.00 W, 700.00 W, 1980 MHz, 2619 MHz, [N/A]
2025/11/27 03:29:59.921, 6, NVIDIA H100 80GB HBM3, P0, 32 %, 9 %, 81559 MiB, 45525 MiB, 35555 MiB, 50, 53, 426.73 W, 700.00 W, 700.00 W, 1980 MHz, 2619 MHz, [N/A]
2025/11/27 03:29:59.921, 7, NVIDIA H100 80GB HBM3, P0, 40 %, 9 %, 81559 MiB, 45525 MiB, 35555 MiB, 48, 50, 430.12 W, 700.00 W, 700.00 W, 1980 MHz, 2619 MHz, [N/A]
2025/11/27 03:30:04.923, 0, NVIDIA H100 80GB HBM3, P0, 100 %, 13 %, 81559 MiB, 8323 MiB, 72757 MiB, 50, 56, 468.73 W, 700.00 W, 700.00 W, 1980 MHz, 2619 MHz, [N/A]
2025/11/27 03:30:04.924, 1, NVIDIA H100 80GB HBM3, P0, 100 %, 13 %, 81559 MiB, 45525 MiB, 35555 MiB, 57, 56, 437.05 W, 700.00 W, 700.00 W, 1980 MHz, 2619 MHz, [N/A]
2025/11/27 03:30:04.925, 2, NVIDIA H100 80GB HBM3, P0, 100 %, 13 %, 81559 MiB, 45525 MiB, 35555 MiB, 54, 56, 463.85 W, 700.00 W, 700.00 W, 1980 MHz, 2619 MHz, [N/A]
2025/11/27 03:30:04.926, 3, NVIDIA H100 80GB HBM3, P0, 100 %, 13 %, 81559 MiB, 45525 MiB, 35555 MiB, 48, 52, 440.89 W, 700.00 W, 700.00 W, 1980 MHz, 2619 MHz, [N/A]
2025/11/27 03:30:04.926, 4, NVIDIA H100 80GB HBM3, P0, 100 %, 13 %, 81559 MiB, 45525 MiB, 35555 MiB, 45, 49, 408.11 W, 700.00 W, 700.00 W, 1980 MHz, 2619 MHz, [N/A]
2025/11/27 03:30:04.927, 5, NVIDIA H100 80GB HBM3, P0, 100 %, 13 %, 81559 MiB, 45525 MiB, 35555 MiB, 56, 54, 452.88 W, 700.00 W, 700.00 W, 1980 MHz, 2619 MHz, [N/A]
2025/11/27 03:30:04.928, 6, NVIDIA H100 80GB HBM3, P0, 100 %, 13 %, 81559 MiB, 45525 MiB, 35555 MiB, 49, 52, 418.54 W, 700.00 W, 700.00 W, 1980 MHz, 2619 MHz, [N/A]
2025/11/27 03:30:04.929, 7, NVIDIA H100 80GB HBM3, P0, 100 %, 13 %, 81559 MiB, 45525 MiB, 35555 MiB, 51, 50, 427.10 W, 700.00 W, 700.00 W, 1980 MHz, 2619 MHz, [N/A]
2025/11/27 03:30:09.930, 0, NVIDIA H100 80GB HBM3, P0, 80 %, 33 %, 81559 MiB, 8323 MiB, 72757 MiB, 53, 54, 475.50 W, 700.00 W, 700.00 W, 1980 MHz, 2619 MHz, [N/A]
2025/11/27 03:30:09.931, 1, NVIDIA H100 80GB HBM3, P0, 54 %, 7 %, 81559 MiB, 45525 MiB, 35555 MiB, 56, 56, 456.91 W, 700.00 W, 700.00 W, 1980 MHz, 2619 MHz, [N/A]
2025/11/27 03:30:09.932, 2, NVIDIA H100 80GB HBM3, P0, 36 %, 5 %, 81559 MiB, 45525 MiB, 35555 MiB, 58, 57, 458.11 W, 700.00 W, 700.00 W, 1980 MHz, 2619 MHz, [N/A]
2025/11/27 03:30:09.932, 3, NVIDIA H100 80GB HBM3, P0, 55 %, 8 %, 81559 MiB, 45525 MiB, 35555 MiB, 51, 52, 441.86 W, 700.00 W, 700.00 W, 1980 MHz, 2619 MHz, [N/A]
2025/11/27 03:30:09.933, 4, NVIDIA H100 80GB HBM3, P0, 31 %, 5 %, 81559 MiB, 45525 MiB, 35555 MiB, 49, 47, 428.60 W, 700.00 W, 700.00 W, 1980 MHz, 2619 MHz, [N/A]
2025/11/27 03:30:09.934, 5, NVIDIA H100 80GB HBM3, P0, 46 %, 6 %, 81559 MiB, 45525 MiB, 35555 MiB, 56, 54, 459.62 W, 700.00 W, 700.00 W, 1980 MHz, 2619 MHz, [N/A]
2025/11/27 03:30:09.934, 6, NVIDIA H100 80GB HBM3, P0, 73 %, 10 %, 81559 MiB, 45525 MiB, 35555 MiB, 55, 53, 441.26 W, 700.00 W, 700.00 W, 1980 MHz, 2619 MHz, [N/A]
2025/11/27 03:30:09.935, 7, NVIDIA H100 80GB HBM3, P0, 72 %, 10 %, 81559 MiB, 45525 MiB, 35555 MiB, 51, 50, 441.40 W, 700.00 W, 700.00 W, 1980 MHz, 2619 MHz, [N/A]
2025/11/27 03:30:14.936, 0, NVIDIA H100 80GB HBM3, P0, 100 %, 13 %, 81559 MiB, 8323 MiB, 72757 MiB, 49, 59, 454.97 W, 700.00 W, 700.00 W, 1980 MHz, 2619 MHz, [N/A]
2025/11/27 03:30:14.937, 1, NVIDIA H100 80GB HBM3, P0, 100 %, 13 %, 81559 MiB, 45525 MiB, 35555 MiB, 54, 56, 417.31 W, 700.00 W, 700.00 W, 1980 MHz, 2619 MHz, [N/A]
2025/11/27 03:30:14.938, 2, NVIDIA H100 80GB HBM3, P0, 100 %, 13 %, 81559 MiB, 45525 MiB, 35555 MiB, 52, 56, 435.96 W, 700.00 W, 700.00 W, 1980 MHz, 2619 MHz, [N/A]
2025/11/27 03:30:14.938, 3, NVIDIA H100 80GB HBM3, P0, 100 %, 13 %, 81559 MiB, 45525 MiB, 35555 MiB, 45, 51, 420.27 W, 700.00 W, 700.00 W, 1980 MHz, 2619 MHz, [N/A]
2025/11/27 03:30:14.939, 4, NVIDIA H100 80GB HBM3, P0, 100 %, 13 %, 81559 MiB, 45525 MiB, 35555 MiB, 43, 47, 396.56 W, 700.00 W, 700.00 W, 1980 MHz, 2619 MHz, [N/A]
2025/11/27 03:30:14.940, 5, NVIDIA H100 80GB HBM3, P0, 100 %, 13 %, 81559 MiB, 45525 MiB, 35555 MiB, 52, 54, 446.62 W, 700.00 W, 700.00 W, 1980 MHz, 2619 MHz, [N/A]
2025/11/27 03:30:14.940, 6, NVIDIA H100 80GB HBM3, P0, 100 %, 17 %, 81559 MiB, 45525 MiB, 35555 MiB, 49, 53, 402.47 W, 700.00 W, 700.00 W, 1980 MHz, 2619 MHz, [N/A]
2025/11/27 03:30:14.941, 7, NVIDIA H100 80GB HBM3, P0, 100 %, 17 %, 81559 MiB, 45525 MiB, 35555 MiB, 47, 51, 408.28 W, 700.00 W, 700.00 W, 1980 MHz, 2619 MHz, [N/A]
2025/11/27 03:30:19.943, 0, NVIDIA H100 80GB HBM3, P0, 100 %, 14 %, 81559 MiB, 8323 MiB, 72757 MiB, 53, 54, 409.08 W, 700.00 W, 700.00 W, 1980 MHz, 2619 MHz, [N/A]
2025/11/27 03:30:19.944, 1, NVIDIA H100 80GB HBM3, P0, 100 %, 14 %, 81559 MiB, 45525 MiB, 35555 MiB, 56, 56, 381.93 W, 700.00 W, 700.00 W, 1980 MHz, 2619 MHz, [N/A]
2025/11/27 03:30:19.945, 2, NVIDIA H100 80GB HBM3, P0, 100 %, 14 %, 81559 MiB, 45525 MiB, 35555 MiB, 56, 58, 402.53 W, 700.00 W, 700.00 W, 1980 MHz, 2619 MHz, [N/A]
2025/11/27 03:30:19.945, 3, NVIDIA H100 80GB HBM3, P0, 100 %, 14 %, 81559 MiB, 45525 MiB, 35555 MiB, 51, 52, 383.40 W, 700.00 W, 700.00 W, 1980 MHz, 2619 MHz, [N/A]
2025/11/27 03:30:19.946, 4, NVIDIA H100 80GB HBM3, P0, 100 %, 14 %, 81559 MiB, 45525 MiB, 35555 MiB, 47, 49, 366.71 W, 700.00 W, 700.00 W, 1980 MHz, 2619 MHz, [N/A]
2025/11/27 03:30:19.947, 5, NVIDIA H100 80GB HBM3, P0, 100 %, 14 %, 81559 MiB, 45525 MiB, 35555 MiB, 56, 54, 393.63 W, 700.00 W, 700.00 W, 1980 MHz, 2619 MHz, [N/A]
2025/11/27 03:30:19.947, 6, NVIDIA H100 80GB HBM3, P0, 100 %, 14 %, 81559 MiB, 45525 MiB, 35555 MiB, 50, 53, 380.04 W, 700.00 W, 700.00 W, 1980 MHz, 2619 MHz, [N/A]
2025/11/27 03:30:19.948, 7, NVIDIA H100 80GB HBM3, P0, 100 %, 14 %, 81559 MiB, 45525 MiB, 35555 MiB, 50, 50, 372.25 W, 700.00 W, 700.00 W, 1980 MHz, 2619 MHz, [N/A]
2025/11/27 03:30:24.949, 0, NVIDIA H100 80GB HBM3, P0, 66 %, 28 %, 81559 MiB, 8323 MiB, 72757 MiB, 54, 53, 482.46 W, 700.00 W, 700.00 W, 1980 MHz, 2619 MHz, [N/A]
2025/11/27 03:30:24.950, 1, NVIDIA H100 80GB HBM3, P0, 48 %, 7 %, 81559 MiB, 45525 MiB, 35555 MiB, 57, 56, 429.20 W, 700.00 W, 700.00 W, 1980 MHz, 2619 MHz, [N/A]
2025/11/27 03:30:24.951, 2, NVIDIA H100 80GB HBM3, P0, 69 %, 12 %, 81559 MiB, 45525 MiB, 35555 MiB, 59, 56, 458.21 W, 700.00 W, 700.00 W, 1980 MHz, 2619 MHz, [N/A]
2025/11/27 03:30:24.952, 3, NVIDIA H100 80GB HBM3, P0, 41 %, 9 %, 81559 MiB, 45525 MiB, 35555 MiB, 51, 51, 462.01 W, 700.00 W, 700.00 W, 1980 MHz, 2619 MHz, [N/A]
2025/11/27 03:30:24.953, 4, NVIDIA H100 80GB HBM3, P0, 53 %, 8 %, 81559 MiB, 45525 MiB, 35555 MiB, 49, 47, 424.72 W, 700.00 W, 700.00 W, 1980 MHz, 2619 MHz, [N/A]
2025/11/27 03:30:24.953, 5, NVIDIA H100 80GB HBM3, P0, 41 %, 9 %, 81559 MiB, 45525 MiB, 35555 MiB, 57, 53, 450.06 W, 700.00 W, 700.00 W, 1980 MHz, 2619 MHz, [N/A]
2025/11/27 03:30:24.954, 6, NVIDIA H100 80GB HBM3, P0, 76 %, 11 %, 81559 MiB, 45525 MiB, 35555 MiB, 56, 54, 440.06 W, 700.00 W, 700.00 W, 1980 MHz, 2619 MHz, [N/A]
2025/11/27 03:30:24.955, 7, NVIDIA H100 80GB HBM3, P0, 75 %, 11 %, 81559 MiB, 45525 MiB, 35555 MiB, 51, 51, 447.69 W, 700.00 W, 700.00 W, 1980 MHz, 2619 MHz, [N/A]
2025/11/27 03:30:29.956, 0, NVIDIA H100 80GB HBM3, P0, 49 %, 8 %, 81559 MiB, 8323 MiB, 72757 MiB, 52, 54, 465.23 W, 700.00 W, 700.00 W, 1980 MHz, 2619 MHz, [N/A]
2025/11/27 03:30:29.957, 1, NVIDIA H100 80GB HBM3, P0, 38 %, 8 %, 81559 MiB, 45525 MiB, 35555 MiB, 55, 56, 427.05 W, 700.00 W, 700.00 W, 1980 MHz, 2619 MHz, [N/A]
2025/11/27 03:30:29.958, 2, NVIDIA H100 80GB HBM3, P0, 44 %, 10 %, 81559 MiB, 45525 MiB, 35555 MiB, 56, 56, 458.13 W, 700.00 W, 700.00 W, 1980 MHz, 2619 MHz, [N/A]
2025/11/27 03:30:29.958, 3, NVIDIA H100 80GB HBM3, P0, 41 %, 14 %, 81559 MiB, 45525 MiB, 35555 MiB, 48, 52, 431.18 W, 700.00 W, 700.00 W, 1980 MHz, 2619 MHz, [N/A]
2025/11/27 03:30:29.959, 4, NVIDIA H100 80GB HBM3, P0, 60 %, 10 %, 81559 MiB, 45525 MiB, 35555 MiB, 47, 48, 437.95 W, 700.00 W, 700.00 W, 1980 MHz, 2619 MHz, [N/A]
2025/11/27 03:30:29.959, 5, NVIDIA H100 80GB HBM3, P0, 40 %, 15 %, 81559 MiB, 45525 MiB, 35555 MiB, 53, 53, 444.83 W, 700.00 W, 700.00 W, 1980 MHz, 2619 MHz, [N/A]
2025/11/27 03:30:29.960, 6, NVIDIA H100 80GB HBM3, P0, 62 %, 10 %, 81559 MiB, 45525 MiB, 35555 MiB, 51, 53, 430.09 W, 700.00 W, 700.00 W, 1980 MHz, 2619 MHz, [N/A]
2025/11/27 03:30:29.961, 7, NVIDIA H100 80GB HBM3, P0, 38 %, 6 %, 81559 MiB, 45525 MiB, 35555 MiB, 48, 50, 415.33 W, 700.00 W, 700.00 W, 1980 MHz, 2619 MHz, [N/A]
2025/11/27 03:30:34.961, 0, NVIDIA H100 80GB HBM3, P0, 38 %, 6 %, 81559 MiB, 8323 MiB, 72757 MiB, 48, 53, 384.26 W, 700.00 W, 700.00 W, 1980 MHz, 2619 MHz, [N/A]
2025/11/27 03:30:34.962, 1, NVIDIA H100 80GB HBM3, P0, 39 %, 6 %, 81559 MiB, 45525 MiB, 35555 MiB, 51, 54, 369.23 W, 700.00 W, 700.00 W, 1980 MHz, 2619 MHz, [N/A]
2025/11/27 03:30:34.963, 2, NVIDIA H100 80GB HBM3, P0, 33 %, 5 %, 81559 MiB, 45525 MiB, 35555 MiB, 55, 56, 377.55 W, 700.00 W, 700.00 W, 1980 MHz, 2619 MHz, [N/A]
2025/11/27 03:30:34.964, 3, NVIDIA H100 80GB HBM3, P0, 30 %, 4 %, 81559 MiB, 45525 MiB, 35555 MiB, 46, 50, 355.57 W, 700.00 W, 700.00 W, 1980 MHz, 2619 MHz, [N/A]
2025/11/27 03:30:34.965, 4, NVIDIA H100 80GB HBM3, P0, 47 %, 7 %, 81559 MiB, 45525 MiB, 35555 MiB, 46, 47, 346.05 W, 700.00 W, 700.00 W, 1980 MHz, 2619 MHz, [N/A]
2025/11/27 03:30:34.966, 5, NVIDIA H100 80GB HBM3, P0, 26 %, 4 %, 81559 MiB, 45525 MiB, 35555 MiB, 52, 52, 374.55 W, 700.00 W, 700.00 W, 1980 MHz, 2619 MHz, [N/A]
2025/11/27 03:30:34.966, 6, NVIDIA H100 80GB HBM3, P0, 33 %, 5 %, 81559 MiB, 45525 MiB, 35555 MiB, 51, 51, 343.17 W, 700.00 W, 700.00 W, 1980 MHz, 2619 MHz, [N/A]
2025/11/27 03:30:34.967, 7, NVIDIA H100 80GB HBM3, P0, 38 %, 6 %, 81559 MiB, 45525 MiB, 35555 MiB, 47, 49, 355.07 W, 700.00 W, 700.00 W, 1980 MHz, 2619 MHz, [N/A]
2025/11/27 03:30:39.968, 0, NVIDIA H100 80GB HBM3, P0, 100 %, 13 %, 81559 MiB, 8323 MiB, 72757 MiB, 50, 59, 456.51 W, 700.00 W, 700.00 W, 1980 MHz, 2619 MHz, [N/A]
2025/11/27 03:30:39.969, 1, NVIDIA H100 80GB HBM3, P0, 100 %, 13 %, 81559 MiB, 45525 MiB, 35555 MiB, 51, 56, 412.35 W, 700.00 W, 700.00 W, 1980 MHz, 2619 MHz, [N/A]
2025/11/27 03:30:39.970, 2, NVIDIA H100 80GB HBM3, P0, 100 %, 13 %, 81559 MiB, 45525 MiB, 35555 MiB, 52, 56, 434.60 W, 700.00 W, 700.00 W, 1980 MHz, 2619 MHz, [N/A]
2025/11/27 03:30:39.971, 3, NVIDIA H100 80GB HBM3, P0, 100 %, 13 %, 81559 MiB, 45525 MiB, 35555 MiB, 46, 52, 428.99 W, 700.00 W, 700.00 W, 1980 MHz, 2619 MHz, [N/A]
2025/11/27 03:30:39.972, 4, NVIDIA H100 80GB HBM3, P0, 73 %, 20 %, 81559 MiB, 45525 MiB, 35555 MiB, 43, 48, 407.13 W, 700.00 W, 700.00 W, 1980 MHz, 2619 MHz, [N/A]
2025/11/27 03:30:39.972, 5, NVIDIA H100 80GB HBM3, P0, 100 %, 13 %, 81559 MiB, 45525 MiB, 35555 MiB, 52, 54, 425.14 W, 700.00 W, 700.00 W, 1980 MHz, 2619 MHz, [N/A]
2025/11/27 03:30:39.973, 6, NVIDIA H100 80GB HBM3, P0, 100 %, 19 %, 81559 MiB, 45525 MiB, 35555 MiB, 49, 53, 392.30 W, 700.00 W, 700.00 W, 1980 MHz, 2619 MHz, [N/A]
2025/11/27 03:30:39.973, 7, NVIDIA H100 80GB HBM3, P0, 100 %, 19 %, 81559 MiB, 45525 MiB, 35555 MiB, 45, 51, 416.17 W, 700.00 W, 700.00 W, 1980 MHz, 2619 MHz, [N/A]
2025/11/27 03:30:44.975, 0, NVIDIA H100 80GB HBM3, P0, 100 %, 12 %, 81559 MiB, 8323 MiB, 72757 MiB, 54, 54, 483.35 W, 700.00 W, 700.00 W, 1980 MHz, 2619 MHz, [N/A]
2025/11/27 03:30:44.986, 1, NVIDIA H100 80GB HBM3, P0, 100 %, 12 %, 81559 MiB, 45525 MiB, 35555 MiB, 51, 58, 430.10 W, 700.00 W, 700.00 W, 1980 MHz, 2619 MHz, [N/A]
2025/11/27 03:30:44.995, 2, NVIDIA H100 80GB HBM3, P0, 100 %, 12 %, 81559 MiB, 45525 MiB, 35555 MiB, 56, 58, 474.50 W, 700.00 W, 700.00 W, 1980 MHz, 2619 MHz, [N/A]
2025/11/27 03:30:45.003, 3, NVIDIA H100 80GB HBM3, P0, 91 %, 24 %, 81559 MiB, 45525 MiB, 35555 MiB, 45, 51, 430.61 W, 700.00 W, 700.00 W, 1980 MHz, 2619 MHz, [N/A]
2025/11/27 03:30:45.004, 4, NVIDIA H100 80GB HBM3, P0, 100 %, 12 %, 81559 MiB, 45525 MiB, 35555 MiB, 43, 49, 414.44 W, 700.00 W, 700.00 W, 1980 MHz, 2619 MHz, [N/A]
2025/11/27 03:30:45.004, 5, NVIDIA H100 80GB HBM3, P0, 100 %, 23 %, 81559 MiB, 45525 MiB, 35555 MiB, 52, 54, 448.53 W, 700.00 W, 700.00 W, 1980 MHz, 2619 MHz, [N/A]
2025/11/27 03:30:45.005, 6, NVIDIA H100 80GB HBM3, P0, 100 %, 12 %, 81559 MiB, 45525 MiB, 35555 MiB, 51, 53, 457.86 W, 700.00 W, 700.00 W, 1980 MHz, 2619 MHz, [N/A]
2025/11/27 03:30:45.005, 7, NVIDIA H100 80GB HBM3, P0, 100 %, 12 %, 81559 MiB, 45525 MiB, 35555 MiB, 47, 51, 465.80 W, 700.00 W, 700.00 W, 1980 MHz, 2619 MHz, [N/A]
2025/11/27 03:30:50.006, 0, NVIDIA H100 80GB HBM3, P0, 65 %, 12 %, 81559 MiB, 8323 MiB, 72757 MiB, 48, 56, 474.35 W, 700.00 W, 700.00 W, 1980 MHz, 2619 MHz, [N/A]
2025/11/27 03:30:50.007, 1, NVIDIA H100 80GB HBM3, P0, 49 %, 8 %, 81559 MiB, 45525 MiB, 35555 MiB, 56, 56, 442.05 W, 700.00 W, 700.00 W, 1980 MHz, 2619 MHz, [N/A]
2025/11/27 03:30:50.008, 2, NVIDIA H100 80GB HBM3, P0, 36 %, 8 %, 81559 MiB, 45525 MiB, 35555 MiB, 55, 57, 452.11 W, 700.00 W, 700.00 W, 1980 MHz, 2619 MHz, [N/A]
2025/11/27 03:30:50.009, 3, NVIDIA H100 80GB HBM3, P0, 68 %, 12 %, 81559 MiB, 45525 MiB, 35555 MiB, 45, 51, 443.71 W, 700.00 W, 700.00 W, 1980 MHz, 2619 MHz, [N/A]
2025/11/27 03:30:50.010, 4, NVIDIA H100 80GB HBM3, P0, 66 %, 13 %, 81559 MiB, 45525 MiB, 35555 MiB, 45, 48, 425.21 W, 700.00 W, 700.00 W, 1980 MHz, 2619 MHz, [N/A]
2025/11/27 03:30:50.011, 5, NVIDIA H100 80GB HBM3, P0, 76 %, 15 %, 81559 MiB, 45525 MiB, 35555 MiB, 53, 53, 439.92 W, 700.00 W, 700.00 W, 1980 MHz, 2619 MHz, [N/A]
2025/11/27 03:30:50.011, 6, NVIDIA H100 80GB HBM3, P0, 36 %, 7 %, 81559 MiB, 45525 MiB, 35555 MiB, 54, 54, 438.67 W, 700.00 W, 700.00 W, 1980 MHz, 2619 MHz, [N/A]
2025/11/27 03:30:50.012, 7, NVIDIA H100 80GB HBM3, P0, 59 %, 12 %, 81559 MiB, 45525 MiB, 35555 MiB, 47, 49, 436.92 W, 700.00 W, 700.00 W, 1980 MHz, 2619 MHz, [N/A]
2025/11/27 03:30:55.014, 0, NVIDIA H100 80GB HBM3, P0, 100 %, 15 %, 81559 MiB, 8323 MiB, 72757 MiB, 54, 55, 511.00 W, 700.00 W, 700.00 W, 1980 MHz, 2619 MHz, [N/A]
2025/11/27 03:30:55.015, 1, NVIDIA H100 80GB HBM3, P0, 100 %, 15 %, 81559 MiB, 45525 MiB, 35555 MiB, 57, 57, 482.80 W, 700.00 W, 700.00 W, 1980 MHz, 2619 MHz, [N/A]
2025/11/27 03:30:55.016, 2, NVIDIA H100 80GB HBM3, P0, 100 %, 15 %, 81559 MiB, 45525 MiB, 35555 MiB, 59, 56, 496.88 W, 700.00 W, 700.00 W, 1980 MHz, 2619 MHz, [N/A]
2025/11/27 03:30:55.016, 3, NVIDIA H100 80GB HBM3, P0, 100 %, 14 %, 81559 MiB, 45525 MiB, 35555 MiB, 51, 52, 489.75 W, 700.00 W, 700.00 W, 1980 MHz, 2619 MHz, [N/A]
2025/11/27 03:30:55.017, 4, NVIDIA H100 80GB HBM3, P0, 100 %, 14 %, 81559 MiB, 45525 MiB, 35555 MiB, 50, 49, 470.86 W, 700.00 W, 700.00 W, 1980 MHz, 2619 MHz, [N/A]
2025/11/27 03:30:55.018, 5, NVIDIA H100 80GB HBM3, P0, 100 %, 14 %, 81559 MiB, 45525 MiB, 35555 MiB, 57, 54, 501.40 W, 700.00 W, 700.00 W, 1980 MHz, 2619 MHz, [N/A]
2025/11/27 03:30:55.018, 6, NVIDIA H100 80GB HBM3, P0, 100 %, 14 %, 81559 MiB, 45525 MiB, 35555 MiB, 55, 53, 476.68 W, 700.00 W, 700.00 W, 1980 MHz, 2619 MHz, [N/A]
2025/11/27 03:30:55.019, 7, NVIDIA H100 80GB HBM3, P0, 100 %, 14 %, 81559 MiB, 45525 MiB, 35555 MiB, 52, 51, 488.76 W, 700.00 W, 700.00 W, 1980 MHz, 2619 MHz, [N/A]
2025/11/27 03:31:00.021, 0, NVIDIA H100 80GB HBM3, P0, 100 %, 12 %, 81559 MiB, 8323 MiB, 72757 MiB, 54, 54, 468.06 W, 700.00 W, 700.00 W, 1980 MHz, 2619 MHz, [N/A]
2025/11/27 03:31:00.022, 1, NVIDIA H100 80GB HBM3, P0, 100 %, 13 %, 81559 MiB, 45525 MiB, 35555 MiB, 58, 56, 452.58 W, 700.00 W, 700.00 W, 1980 MHz, 2619 MHz, [N/A]
2025/11/27 03:31:00.023, 2, NVIDIA H100 80GB HBM3, P0, 100 %, 13 %, 81559 MiB, 45525 MiB, 35555 MiB, 59, 56, 456.57 W, 700.00 W, 700.00 W, 1980 MHz, 2619 MHz, [N/A]
2025/11/27 03:31:00.023, 3, NVIDIA H100 80GB HBM3, P0, 100 %, 13 %, 81559 MiB, 45525 MiB, 35555 MiB, 52, 51, 433.84 W, 700.00 W, 700.00 W, 1980 MHz, 2619 MHz, [N/A]
2025/11/27 03:31:00.024, 4, NVIDIA H100 80GB HBM3, P0, 100 %, 13 %, 81559 MiB, 45525 MiB, 35555 MiB, 51, 49, 438.88 W, 700.00 W, 700.00 W, 1980 MHz, 2619 MHz, [N/A]
2025/11/27 03:31:00.025, 5, NVIDIA H100 80GB HBM3, P0, 100 %, 13 %, 81559 MiB, 45525 MiB, 35555 MiB, 57, 54, 451.30 W, 700.00 W, 700.00 W, 1980 MHz, 2619 MHz, [N/A]
2025/11/27 03:31:00.026, 6, NVIDIA H100 80GB HBM3, P0, 77 %, 9 %, 81559 MiB, 45525 MiB, 35555 MiB, 56, 54, 432.64 W, 700.00 W, 700.00 W, 1980 MHz, 2619 MHz, [N/A]
2025/11/27 03:31:00.026, 7, NVIDIA H100 80GB HBM3, P0, 75 %, 9 %, 81559 MiB, 45525 MiB, 35555 MiB, 51, 51, 434.44 W, 700.00 W, 700.00 W, 1980 MHz, 2619 MHz, [N/A]
2025/11/27 03:31:05.028, 0, NVIDIA H100 80GB HBM3, P0, 100 %, 14 %, 81559 MiB, 8323 MiB, 72757 MiB, 53, 55, 463.73 W, 700.00 W, 700.00 W, 1980 MHz, 2619 MHz, [N/A]
2025/11/27 03:31:05.029, 1, NVIDIA H100 80GB HBM3, P0, 100 %, 14 %, 81559 MiB, 45525 MiB, 35555 MiB, 57, 56, 440.50 W, 700.00 W, 700.00 W, 1980 MHz, 2619 MHz, [N/A]
2025/11/27 03:31:05.029, 2, NVIDIA H100 80GB HBM3, P0, 100 %, 14 %, 81559 MiB, 45525 MiB, 35555 MiB, 59, 57, 457.21 W, 700.00 W, 700.00 W, 1980 MHz, 2619 MHz, [N/A]
2025/11/27 03:31:05.030, 3, NVIDIA H100 80GB HBM3, P0, 100 %, 14 %, 81559 MiB, 45525 MiB, 35555 MiB, 52, 52, 445.73 W, 700.00 W, 700.00 W, 1980 MHz, 2619 MHz, [N/A]
2025/11/27 03:31:05.031, 4, NVIDIA H100 80GB HBM3, P0, 100 %, 14 %, 81559 MiB, 45525 MiB, 35555 MiB, 50, 49, 424.29 W, 700.00 W, 700.00 W, 1980 MHz, 2619 MHz, [N/A]
2025/11/27 03:31:05.032, 5, NVIDIA H100 80GB HBM3, P0, 100 %, 14 %, 81559 MiB, 45525 MiB, 35555 MiB, 57, 54, 447.31 W, 700.00 W, 700.00 W, 1980 MHz, 2619 MHz, [N/A]
2025/11/27 03:31:05.032, 6, NVIDIA H100 80GB HBM3, P0, 100 %, 14 %, 81559 MiB, 45525 MiB, 35555 MiB, 55, 53, 427.14 W, 700.00 W, 700.00 W, 1980 MHz, 2619 MHz, [N/A]
2025/11/27 03:31:05.033, 7, NVIDIA H100 80GB HBM3, P0, 100 %, 14 %, 81559 MiB, 45525 MiB, 35555 MiB, 51, 51, 429.53 W, 700.00 W, 700.00 W, 1980 MHz, 2619 MHz, [N/A]
2025/11/27 03:31:10.034, 0, NVIDIA H100 80GB HBM3, P0, 100 %, 14 %, 81559 MiB, 8323 MiB, 72757 MiB, 54, 55, 488.98 W, 700.00 W, 700.00 W, 1980 MHz, 2619 MHz, [N/A]
2025/11/27 03:31:10.035, 1, NVIDIA H100 80GB HBM3, P0, 65 %, 9 %, 81559 MiB, 45525 MiB, 35555 MiB, 56, 56, 449.63 W, 700.00 W, 700.00 W, 1980 MHz, 2619 MHz, [N/A]
2025/11/27 03:31:10.036, 2, NVIDIA H100 80GB HBM3, P0, 59 %, 8 %, 81559 MiB, 45525 MiB, 35555 MiB, 58, 57, 479.70 W, 700.00 W, 700.00 W, 1980 MHz, 2619 MHz, [N/A]
2025/11/27 03:31:10.037, 3, NVIDIA H100 80GB HBM3, P0, 16 %, 2 %, 81559 MiB, 45525 MiB, 35555 MiB, 50, 52, 446.30 W, 700.00 W, 700.00 W, 1980 MHz, 2619 MHz, [N/A]
2025/11/27 03:31:10.038, 4, NVIDIA H100 80GB HBM3, P0, 59 %, 8 %, 81559 MiB, 45525 MiB, 35555 MiB, 49, 47, 439.83 W, 700.00 W, 700.00 W, 1980 MHz, 2619 MHz, [N/A]
2025/11/27 03:31:10.039, 5, NVIDIA H100 80GB HBM3, P0, 100 %, 13 %, 81559 MiB, 45525 MiB, 35555 MiB, 56, 54, 457.51 W, 700.00 W, 700.00 W, 1980 MHz, 2619 MHz, [N/A]
2025/11/27 03:31:10.039, 6, NVIDIA H100 80GB HBM3, P0, 97 %, 13 %, 81559 MiB, 45525 MiB, 35555 MiB, 55, 54, 458.87 W, 700.00 W, 700.00 W, 1980 MHz, 2619 MHz, [N/A]
2025/11/27 03:31:10.040, 7, NVIDIA H100 80GB HBM3, P0, 96 %, 16 %, 81559 MiB, 45525 MiB, 35555 MiB, 50, 51, 446.92 W, 700.00 W, 700.00 W, 1980 MHz, 2619 MHz, [N/A]
2025/11/27 03:31:15.042, 0, NVIDIA H100 80GB HBM3, P0, 43 %, 8 %, 81559 MiB, 8323 MiB, 72757 MiB, 50, 54, 450.52 W, 700.00 W, 700.00 W, 1980 MHz, 2619 MHz, [N/A]
2025/11/27 03:31:15.043, 1, NVIDIA H100 80GB HBM3, P0, 44 %, 8 %, 81559 MiB, 45525 MiB, 35555 MiB, 51, 54, 400.43 W, 700.00 W, 700.00 W, 1980 MHz, 2619 MHz, [N/A]
2025/11/27 03:31:15.043, 2, NVIDIA H100 80GB HBM3, P0, 54 %, 10 %, 81559 MiB, 45525 MiB, 35555 MiB, 53, 56, 439.36 W, 700.00 W, 700.00 W, 1980 MHz, 2619 MHz, [N/A]
2025/11/27 03:31:15.044, 3, NVIDIA H100 80GB HBM3, P0, 43 %, 8 %, 81559 MiB, 45525 MiB, 35555 MiB, 50, 51, 426.23 W, 700.00 W, 700.00 W, 1980 MHz, 2619 MHz, [N/A]
2025/11/27 03:31:15.045, 4, NVIDIA H100 80GB HBM3, P0, 31 %, 6 %, 81559 MiB, 45525 MiB, 35555 MiB, 49, 49, 399.90 W, 700.00 W, 700.00 W, 1980 MHz, 2619 MHz, [N/A]
2025/11/27 03:31:15.045, 5, NVIDIA H100 80GB HBM3, P0, 52 %, 9 %, 81559 MiB, 45525 MiB, 35555 MiB, 52, 54, 395.76 W, 700.00 W, 700.00 W, 1980 MHz, 2619 MHz, [N/A]
2025/11/27 03:31:15.046, 6, NVIDIA H100 80GB HBM3, P0, 63 %, 11 %, 81559 MiB, 45525 MiB, 35555 MiB, 53, 53, 373.90 W, 700.00 W, 700.00 W, 1980 MHz, 2619 MHz, [N/A]
2025/11/27 03:31:15.047, 7, NVIDIA H100 80GB HBM3, P0, 29 %, 5 %, 81559 MiB, 45525 MiB, 35555 MiB, 47, 49, 382.20 W, 700.00 W, 700.00 W, 1980 MHz, 2619 MHz, [N/A]
2025/11/27 03:31:20.048, 0, NVIDIA H100 80GB HBM3, P0, 100 %, 12 %, 81559 MiB, 8323 MiB, 72757 MiB, 54, 53, 475.24 W, 700.00 W, 700.00 W, 1980 MHz, 2619 MHz, [N/A]
2025/11/27 03:31:20.049, 1, NVIDIA H100 80GB HBM3, P0, 100 %, 12 %, 81559 MiB, 45525 MiB, 35555 MiB, 57, 56, 449.86 W, 700.00 W, 700.00 W, 1980 MHz, 2619 MHz, [N/A]
2025/11/27 03:31:20.050, 2, NVIDIA H100 80GB HBM3, P0, 100 %, 13 %, 81559 MiB, 45525 MiB, 35555 MiB, 60, 56, 468.18 W, 700.00 W, 700.00 W, 1980 MHz, 2619 MHz, [N/A]
2025/11/27 03:31:20.051, 3, NVIDIA H100 80GB HBM3, P0, 100 %, 12 %, 81559 MiB, 45525 MiB, 35555 MiB, 51, 52, 455.43 W, 700.00 W, 700.00 W, 1980 MHz, 2619 MHz, [N/A]
2025/11/27 03:31:20.052, 4, NVIDIA H100 80GB HBM3, P0, 100 %, 10 %, 81559 MiB, 45525 MiB, 35555 MiB, 50, 48, 444.54 W, 700.00 W, 700.00 W, 1980 MHz, 2619 MHz, [N/A]
2025/11/27 03:31:20.052, 5, NVIDIA H100 80GB HBM3, P0, 100 %, 12 %, 81559 MiB, 45525 MiB, 35555 MiB, 57, 54, 455.70 W, 700.00 W, 700.00 W, 1980 MHz, 2619 MHz, [N/A]
2025/11/27 03:31:20.053, 6, NVIDIA H100 80GB HBM3, P0, 100 %, 13 %, 81559 MiB, 45525 MiB, 35555 MiB, 56, 53, 440.38 W, 700.00 W, 700.00 W, 1980 MHz, 2619 MHz, [N/A]
2025/11/27 03:31:20.053, 7, NVIDIA H100 80GB HBM3, P0, 100 %, 13 %, 81559 MiB, 45525 MiB, 35555 MiB, 52, 51, 438.10 W, 700.00 W, 700.00 W, 1980 MHz, 2619 MHz, [N/A]
2025/11/27 03:31:25.055, 0, NVIDIA H100 80GB HBM3, P0, 37 %, 10 %, 81559 MiB, 8323 MiB, 72757 MiB, 51, 56, 454.41 W, 700.00 W, 700.00 W, 1980 MHz, 2619 MHz, [N/A]
2025/11/27 03:31:25.056, 1, NVIDIA H100 80GB HBM3, P0, 42 %, 16 %, 81559 MiB, 45525 MiB, 35555 MiB, 53, 57, 419.62 W, 700.00 W, 700.00 W, 1980 MHz, 2619 MHz, [N/A]
2025/11/27 03:31:25.057, 2, NVIDIA H100 80GB HBM3, P0, 41 %, 15 %, 81559 MiB, 45525 MiB, 35555 MiB, 54, 56, 441.27 W, 700.00 W, 700.00 W, 1980 MHz, 2619 MHz, [N/A]
2025/11/27 03:31:25.057, 3, NVIDIA H100 80GB HBM3, P0, 40 %, 11 %, 81559 MiB, 45525 MiB, 35555 MiB, 48, 52, 430.02 W, 700.00 W, 700.00 W, 1980 MHz, 2619 MHz, [N/A]
2025/11/27 03:31:25.058, 4, NVIDIA H100 80GB HBM3, P0, 75 %, 20 %, 81559 MiB, 45525 MiB, 35555 MiB, 43, 47, 403.73 W, 700.00 W, 700.00 W, 1980 MHz, 2619 MHz, [N/A]
2025/11/27 03:31:25.058, 5, NVIDIA H100 80GB HBM3, P0, 30 %, 9 %, 81559 MiB, 45525 MiB, 35555 MiB, 50, 54, 424.38 W, 700.00 W, 700.00 W, 1980 MHz, 2619 MHz, [N/A]
2025/11/27 03:31:25.059, 6, NVIDIA H100 80GB HBM3, P0, 37 %, 11 %, 81559 MiB, 45525 MiB, 35555 MiB, 50, 53, 414.62 W, 700.00 W, 700.00 W, 1980 MHz, 2619 MHz, [N/A]
2025/11/27 03:31:25.060, 7, NVIDIA H100 80GB HBM3, P0, 49 %, 13 %, 81559 MiB, 45525 MiB, 35555 MiB, 48, 51, 437.96 W, 700.00 W, 700.00 W, 1980 MHz, 2619 MHz, [N/A]
2025/11/27 03:31:30.061, 0, NVIDIA H100 80GB HBM3, P0, 55 %, 6 %, 81559 MiB, 8323 MiB, 72757 MiB, 54, 54, 437.37 W, 700.00 W, 700.00 W, 1980 MHz, 2619 MHz, [N/A]
2025/11/27 03:31:30.063, 1, NVIDIA H100 80GB HBM3, P0, 92 %, 10 %, 81559 MiB, 45525 MiB, 35555 MiB, 55, 56, 419.50 W, 700.00 W, 700.00 W, 1980 MHz, 2619 MHz, [N/A]
2025/11/27 03:31:30.063, 2, NVIDIA H100 80GB HBM3, P0, 86 %, 10 %, 81559 MiB, 45525 MiB, 35555 MiB, 61, 56, 427.57 W, 700.00 W, 700.00 W, 1980 MHz, 2619 MHz, [N/A]
2025/11/27 03:31:30.064, 3, NVIDIA H100 80GB HBM3, P0, 73 %, 8 %, 81559 MiB, 45525 MiB, 35555 MiB, 46, 51, 408.40 W, 700.00 W, 700.00 W, 1980 MHz, 2619 MHz, [N/A]
2025/11/27 03:31:30.065, 4, NVIDIA H100 80GB HBM3, P0, 83 %, 9 %, 81559 MiB, 45525 MiB, 35555 MiB, 48, 47, 403.45 W, 700.00 W, 700.00 W, 1980 MHz, 2619 MHz, [N/A]
2025/11/27 03:31:30.065, 5, NVIDIA H100 80GB HBM3, P0, 62 %, 7 %, 81559 MiB, 45525 MiB, 35555 MiB, 58, 54, 421.39 W, 700.00 W, 700.00 W, 1980 MHz, 2619 MHz, [N/A]
2025/11/27 03:31:30.066, 6, NVIDIA H100 80GB HBM3, P0, 76 %, 8 %, 81559 MiB, 45525 MiB, 35555 MiB, 56, 53, 393.76 W, 700.00 W, 700.00 W, 1980 MHz, 2619 MHz, [N/A]
2025/11/27 03:31:30.066, 7, NVIDIA H100 80GB HBM3, P0, 75 %, 8 %, 81559 MiB, 45525 MiB, 35555 MiB, 53, 50, 402.58 W, 700.00 W, 700.00 W, 1980 MHz, 2619 MHz, [N/A]
2025/11/27 03:31:35.068, 0, NVIDIA H100 80GB HBM3, P0, 100 %, 15 %, 81559 MiB, 8323 MiB, 72757 MiB, 54, 55, 521.04 W, 700.00 W, 700.00 W, 1980 MHz, 2619 MHz, [N/A]
2025/11/27 03:31:35.069, 1, NVIDIA H100 80GB HBM3, P0, 100 %, 14 %, 81559 MiB, 45525 MiB, 35555 MiB, 58, 57, 504.38 W, 700.00 W, 700.00 W, 1980 MHz, 2619 MHz, [N/A]
2025/11/27 03:31:35.069, 2, NVIDIA H100 80GB HBM3, P0, 100 %, 15 %, 81559 MiB, 45525 MiB, 35555 MiB, 59, 56, 512.86 W, 700.00 W, 700.00 W, 1980 MHz, 2619 MHz, [N/A]
2025/11/27 03:31:35.070, 3, NVIDIA H100 80GB HBM3, P0, 100 %, 15 %, 81559 MiB, 45525 MiB, 35555 MiB, 52, 53, 500.23 W, 700.00 W, 700.00 W, 1980 MHz, 2619 MHz, [N/A]
2025/11/27 03:31:35.071, 4, NVIDIA H100 80GB HBM3, P0, 43 %, 5 %, 81559 MiB, 45525 MiB, 35555 MiB, 50, 49, 482.90 W, 700.00 W, 700.00 W, 1980 MHz, 2619 MHz, [N/A]
2025/11/27 03:31:35.071, 5, NVIDIA H100 80GB HBM3, P0, 100 %, 14 %, 81559 MiB, 45525 MiB, 35555 MiB, 57, 54, 500.18 W, 700.00 W, 700.00 W, 1980 MHz, 2619 MHz, [N/A]
2025/11/27 03:31:35.072, 6, NVIDIA H100 80GB HBM3, P0, 100 %, 15 %, 81559 MiB, 45525 MiB, 35555 MiB, 55, 54, 486.49 W, 700.00 W, 700.00 W, 1980 MHz, 2619 MHz, [N/A]
2025/11/27 03:31:35.072, 7, NVIDIA H100 80GB HBM3, P0, 100 %, 15 %, 81559 MiB, 45525 MiB, 35555 MiB, 51, 51, 484.17 W, 700.00 W, 700.00 W, 1980 MHz, 2619 MHz, [N/A]
2025/11/27 03:31:40.074, 0, NVIDIA H100 80GB HBM3, P0, 100 %, 10 %, 81559 MiB, 8323 MiB, 72757 MiB, 54, 55, 492.80 W, 700.00 W, 700.00 W, 1980 MHz, 2619 MHz, [N/A]
2025/11/27 03:31:40.075, 1, NVIDIA H100 80GB HBM3, P0, 51 %, 5 %, 81559 MiB, 45525 MiB, 35555 MiB, 57, 57, 465.08 W, 700.00 W, 700.00 W, 1980 MHz, 2619 MHz, [N/A]
2025/11/27 03:31:40.076, 2, NVIDIA H100 80GB HBM3, P0, 44 %, 4 %, 81559 MiB, 45525 MiB, 35555 MiB, 59, 57, 480.54 W, 700.00 W, 700.00 W, 1980 MHz, 2619 MHz, [N/A]
2025/11/27 03:31:40.077, 3, NVIDIA H100 80GB HBM3, P0, 99 %, 11 %, 81559 MiB, 45525 MiB, 35555 MiB, 51, 52, 462.06 W, 700.00 W, 700.00 W, 1980 MHz, 2619 MHz, [N/A]
2025/11/27 03:31:40.078, 4, NVIDIA H100 80GB HBM3, P0, 88 %, 13 %, 81559 MiB, 45525 MiB, 35555 MiB, 50, 49, 447.71 W, 700.00 W, 700.00 W, 1980 MHz, 2619 MHz, [N/A]
2025/11/27 03:31:40.079, 5, NVIDIA H100 80GB HBM3, P0, 86 %, 9 %, 81559 MiB, 45525 MiB, 35555 MiB, 56, 54, 474.53 W, 700.00 W, 700.00 W, 1980 MHz, 2619 MHz, [N/A]
2025/11/27 03:31:40.079, 6, NVIDIA H100 80GB HBM3, P0, 82 %, 9 %, 81559 MiB, 45525 MiB, 35555 MiB, 56, 54, 461.94 W, 700.00 W, 700.00 W, 1980 MHz, 2619 MHz, [N/A]
2025/11/27 03:31:40.080, 7, NVIDIA H100 80GB HBM3, P0, 80 %, 9 %, 81559 MiB, 45525 MiB, 35555 MiB, 51, 51, 439.77 W, 700.00 W, 700.00 W, 1980 MHz, 2619 MHz, [N/A]
2025/11/27 03:31:45.081, 0, NVIDIA H100 80GB HBM3, P0, 99 %, 25 %, 81559 MiB, 8323 MiB, 72757 MiB, 50, 59, 369.70 W, 700.00 W, 700.00 W, 1980 MHz, 2619 MHz, [N/A]
2025/11/27 03:31:45.082, 1, NVIDIA H100 80GB HBM3, P0, 100 %, 14 %, 81559 MiB, 45525 MiB, 35555 MiB, 57, 57, 358.67 W, 700.00 W, 700.00 W, 1980 MHz, 2619 MHz, [N/A]
2025/11/27 03:31:45.082, 2, NVIDIA H100 80GB HBM3, P0, 100 %, 14 %, 81559 MiB, 45525 MiB, 35555 MiB, 59, 58, 374.17 W, 700.00 W, 700.00 W, 1980 MHz, 2619 MHz, [N/A]
2025/11/27 03:31:45.083, 3, NVIDIA H100 80GB HBM3, P0, 100 %, 21 %, 81559 MiB, 45525 MiB, 35555 MiB, 47, 53, 354.96 W, 700.00 W, 700.00 W, 1980 MHz, 2619 MHz, [N/A]
2025/11/27 03:31:45.084, 4, NVIDIA H100 80GB HBM3, P0, 80 %, 11 %, 81559 MiB, 45525 MiB, 35555 MiB, 50, 49, 346.94 W, 700.00 W, 700.00 W, 1980 MHz, 2619 MHz, [N/A]
2025/11/27 03:31:45.084, 5, NVIDIA H100 80GB HBM3, P0, 100 %, 17 %, 81559 MiB, 45525 MiB, 35555 MiB, 53, 55, 372.84 W, 700.00 W, 700.00 W, 1980 MHz, 2619 MHz, [N/A]
2025/11/27 03:31:45.085, 6, NVIDIA H100 80GB HBM3, P0, 100 %, 17 %, 81559 MiB, 45525 MiB, 35555 MiB, 52, 56, 345.44 W, 700.00 W, 700.00 W, 1980 MHz, 2619 MHz, [N/A]
2025/11/27 03:31:45.085, 7, NVIDIA H100 80GB HBM3, P0, 100 %, 14 %, 81559 MiB, 45525 MiB, 35555 MiB, 52, 52, 371.12 W, 700.00 W, 700.00 W, 1980 MHz, 2619 MHz, [N/A]
2025/11/27 03:31:50.086, 0, NVIDIA H100 80GB HBM3, P0, 19 %, 4 %, 81559 MiB, 8323 MiB, 72757 MiB, 51, 54, 445.11 W, 700.00 W, 700.00 W, 1980 MHz, 2619 MHz, [N/A]
2025/11/27 03:31:50.091, 1, NVIDIA H100 80GB HBM3, P0, 0 %, 0 %, 81559 MiB, 45525 MiB, 35555 MiB, 49, 54, 403.18 W, 700.00 W, 700.00 W, 1980 MHz, 2619 MHz, [N/A]
2025/11/27 03:31:50.093, 2, NVIDIA H100 80GB HBM3, P0, 0 %, 0 %, 81559 MiB, 45525 MiB, 35555 MiB, 50, 56, 404.16 W, 700.00 W, 700.00 W, 1980 MHz, 2619 MHz, [N/A]
2025/11/27 03:31:50.094, 3, NVIDIA H100 80GB HBM3, P0, 9 %, 2 %, 81559 MiB, 45525 MiB, 35555 MiB, 46, 51, 390.81 W, 700.00 W, 700.00 W, 1980 MHz, 2619 MHz, [N/A]
2025/11/27 03:31:50.096, 4, NVIDIA H100 80GB HBM3, P0, 41 %, 14 %, 81559 MiB, 45525 MiB, 35555 MiB, 41, 47, 383.45 W, 700.00 W, 700.00 W, 1980 MHz, 2619 MHz, [N/A]
2025/11/27 03:31:50.096, 5, NVIDIA H100 80GB HBM3, P0, 2 %, 0 %, 81559 MiB, 45525 MiB, 35555 MiB, 52, 54, 404.23 W, 700.00 W, 700.00 W, 1980 MHz, 2619 MHz, [N/A]
2025/11/27 03:31:50.098, 6, NVIDIA H100 80GB HBM3, P0, 1 %, 0 %, 81559 MiB, 45525 MiB, 35555 MiB, 50, 53, 389.90 W, 700.00 W, 700.00 W, 1980 MHz, 2619 MHz, [N/A]
2025/11/27 03:31:50.100, 7, NVIDIA H100 80GB HBM3, P0, 52 %, 10 %, 81559 MiB, 45525 MiB, 35555 MiB, 45, 49, 391.95 W, 700.00 W, 700.00 W, 1980 MHz, 2619 MHz, [N/A]
2025/11/27 03:31:55.101, 0, NVIDIA H100 80GB HBM3, P0, 100 %, 12 %, 81559 MiB, 8323 MiB, 72757 MiB, 54, 55, 491.82 W, 700.00 W, 700.00 W, 1980 MHz, 2619 MHz, [N/A]
2025/11/27 03:31:55.104, 1, NVIDIA H100 80GB HBM3, P0, 100 %, 12 %, 81559 MiB, 45525 MiB, 35555 MiB, 58, 57, 473.56 W, 700.00 W, 700.00 W, 1980 MHz, 2619 MHz, [N/A]
2025/11/27 03:31:55.107, 2, NVIDIA H100 80GB HBM3, P0, 100 %, 11 %, 81559 MiB, 45525 MiB, 35555 MiB, 59, 58, 484.23 W, 700.00 W, 700.00 W, 1980 MHz, 2619 MHz, [N/A]
2025/11/27 03:31:55.109, 3, NVIDIA H100 80GB HBM3, P0, 100 %, 12 %, 81559 MiB, 45525 MiB, 35555 MiB, 51, 52, 456.19 W, 700.00 W, 700.00 W, 1980 MHz, 2619 MHz, [N/A]
2025/11/27 03:31:55.112, 4, NVIDIA H100 80GB HBM3, P0, 13 %, 2 %, 81559 MiB, 45525 MiB, 35555 MiB, 50, 49, 450.48 W, 700.00 W, 700.00 W, 1980 MHz, 2619 MHz, [N/A]
2025/11/27 03:31:55.113, 5, NVIDIA H100 80GB HBM3, P0, 100 %, 12 %, 81559 MiB, 45525 MiB, 35555 MiB, 57, 55, 460.89 W, 700.00 W, 700.00 W, 1980 MHz, 2619 MHz, [N/A]
2025/11/27 03:31:55.115, 6, NVIDIA H100 80GB HBM3, P0, 100 %, 12 %, 81559 MiB, 45525 MiB, 35555 MiB, 56, 53, 451.14 W, 700.00 W, 700.00 W, 1980 MHz, 2619 MHz, [N/A]
2025/11/27 03:31:55.118, 7, NVIDIA H100 80GB HBM3, P0, 100 %, 12 %, 81559 MiB, 45525 MiB, 35555 MiB, 52, 51, 455.69 W, 700.00 W, 700.00 W, 1980 MHz, 2619 MHz, [N/A]
2025/11/27 03:32:00.121, 0, NVIDIA H100 80GB HBM3, P0, 97 %, 28 %, 81559 MiB, 8323 MiB, 72757 MiB, 50, 60, 475.67 W, 700.00 W, 700.00 W, 1980 MHz, 2619 MHz, [N/A]
2025/11/27 03:32:00.122, 1, NVIDIA H100 80GB HBM3, P0, 59 %, 10 %, 81559 MiB, 45525 MiB, 35555 MiB, 56, 57, 442.55 W, 700.00 W, 700.00 W, 1980 MHz, 2619 MHz, [N/A]
2025/11/27 03:32:00.122, 2, NVIDIA H100 80GB HBM3, P0, 100 %, 14 %, 81559 MiB, 45525 MiB, 35555 MiB, 58, 59, 474.67 W, 700.00 W, 700.00 W, 1980 MHz, 2619 MHz, [N/A]
2025/11/27 03:32:00.123, 3, NVIDIA H100 80GB HBM3, P0, 100 %, 24 %, 81559 MiB, 45525 MiB, 35555 MiB, 47, 53, 451.25 W, 700.00 W, 700.00 W, 1980 MHz, 2619 MHz, [N/A]
2025/11/27 03:32:00.123, 4, NVIDIA H100 80GB HBM3, P0, 100 %, 14 %, 81559 MiB, 45525 MiB, 35555 MiB, 51, 49, 443.52 W, 700.00 W, 700.00 W, 1980 MHz, 2619 MHz, [N/A]
2025/11/27 03:32:00.124, 5, NVIDIA H100 80GB HBM3, P0, 100 %, 20 %, 81559 MiB, 45525 MiB, 35555 MiB, 53, 55, 479.80 W, 700.00 W, 700.00 W, 1980 MHz, 2619 MHz, [N/A]
2025/11/27 03:32:00.125, 6, NVIDIA H100 80GB HBM3, P0, 100 %, 19 %, 81559 MiB, 45525 MiB, 35555 MiB, 52, 55, 438.42 W, 700.00 W, 700.00 W, 1980 MHz, 2619 MHz, [N/A]
2025/11/27 03:32:00.126, 7, NVIDIA H100 80GB HBM3, P0, 41 %, 13 %, 81559 MiB, 45525 MiB, 35555 MiB, 48, 51, 441.92 W, 700.00 W, 700.00 W, 1980 MHz, 2619 MHz, [N/A]
2025/11/27 03:32:05.127, 0, NVIDIA H100 80GB HBM3, P0, 97 %, 20 %, 81559 MiB, 8323 MiB, 72757 MiB, 50, 58, 449.29 W, 700.00 W, 700.00 W, 1980 MHz, 2619 MHz, [N/A]
2025/11/27 03:32:05.128, 1, NVIDIA H100 80GB HBM3, P0, 84 %, 14 %, 81559 MiB, 45525 MiB, 35555 MiB, 58, 57, 415.19 W, 700.00 W, 700.00 W, 1980 MHz, 2619 MHz, [N/A]
2025/11/27 03:32:05.129, 2, NVIDIA H100 80GB HBM3, P0, 100 %, 13 %, 81559 MiB, 45525 MiB, 35555 MiB, 60, 58, 438.81 W, 700.00 W, 700.00 W, 1980 MHz, 2619 MHz, [N/A]
2025/11/27 03:32:05.130, 3, NVIDIA H100 80GB HBM3, P0, 100 %, 17 %, 81559 MiB, 45525 MiB, 35555 MiB, 48, 54, 407.91 W, 700.00 W, 700.00 W, 1980 MHz, 2619 MHz, [N/A]
2025/11/27 03:32:05.130, 4, NVIDIA H100 80GB HBM3, P0, 100 %, 23 %, 81559 MiB, 45525 MiB, 35555 MiB, 45, 49, 415.55 W, 700.00 W, 700.00 W, 1980 MHz, 2619 MHz, [N/A]
2025/11/27 03:32:05.131, 5, NVIDIA H100 80GB HBM3, P0, 100 %, 13 %, 81559 MiB, 45525 MiB, 35555 MiB, 51, 56, 427.97 W, 700.00 W, 700.00 W, 1980 MHz, 2619 MHz, [N/A]
2025/11/27 03:32:05.132, 6, NVIDIA H100 80GB HBM3, P0, 100 %, 13 %, 81559 MiB, 45525 MiB, 35555 MiB, 53, 55, 411.51 W, 700.00 W, 700.00 W, 1980 MHz, 2619 MHz, [N/A]
2025/11/27 03:32:05.132, 7, NVIDIA H100 80GB HBM3, P0, 55 %, 19 %, 81559 MiB, 45525 MiB, 35555 MiB, 50, 53, 412.61 W, 700.00 W, 700.00 W, 1980 MHz, 2619 MHz, [N/A]
2025/11/27 03:32:10.133, 0, NVIDIA H100 80GB HBM3, P0, 100 %, 14 %, 81559 MiB, 8323 MiB, 72757 MiB, 55, 55, 532.31 W, 700.00 W, 700.00 W, 1980 MHz, 2619 MHz, [N/A]
2025/11/27 03:32:10.134, 1, NVIDIA H100 80GB HBM3, P0, 100 %, 14 %, 81559 MiB, 45525 MiB, 35555 MiB, 58, 57, 509.33 W, 700.00 W, 700.00 W, 1980 MHz, 2619 MHz, [N/A]
2025/11/27 03:32:10.135, 2, NVIDIA H100 80GB HBM3, P0, 100 %, 14 %, 81559 MiB, 45525 MiB, 35555 MiB, 60, 58, 515.98 W, 700.00 W, 700.00 W, 1980 MHz, 2619 MHz, [N/A]
2025/11/27 03:32:10.136, 3, NVIDIA H100 80GB HBM3, P0, 100 %, 14 %, 81559 MiB, 45525 MiB, 35555 MiB, 53, 53, 527.37 W, 700.00 W, 700.00 W, 1980 MHz, 2619 MHz, [N/A]
2025/11/27 03:32:10.137, 4, NVIDIA H100 80GB HBM3, P0, 100 %, 14 %, 81559 MiB, 45525 MiB, 35555 MiB, 50, 49, 482.47 W, 700.00 W, 700.00 W, 1980 MHz, 2619 MHz, [N/A]
2025/11/27 03:32:10.138, 5, NVIDIA H100 80GB HBM3, P0, 100 %, 14 %, 81559 MiB, 45525 MiB, 35555 MiB, 58, 55, 518.40 W, 700.00 W, 700.00 W, 1980 MHz, 2619 MHz, [N/A]
2025/11/27 03:32:10.138, 6, NVIDIA H100 80GB HBM3, P0, 100 %, 14 %, 81559 MiB, 45525 MiB, 35555 MiB, 56, 54, 504.66 W, 700.00 W, 700.00 W, 1980 MHz, 2619 MHz, [N/A]
2025/11/27 03:32:10.139, 7, NVIDIA H100 80GB HBM3, P0, 100 %, 14 %, 81559 MiB, 45525 MiB, 35555 MiB, 52, 52, 498.82 W, 700.00 W, 700.00 W, 1980 MHz, 2619 MHz, [N/A]
2025/11/27 03:32:15.140, 0, NVIDIA H100 80GB HBM3, P0, 100 %, 13 %, 81559 MiB, 8323 MiB, 72757 MiB, 55, 55, 470.54 W, 700.00 W, 700.00 W, 1980 MHz, 2619 MHz, [N/A]
2025/11/27 03:32:15.144, 1, NVIDIA H100 80GB HBM3, P0, 100 %, 13 %, 81559 MiB, 45525 MiB, 35555 MiB, 58, 57, 448.22 W, 700.00 W, 700.00 W, 1980 MHz, 2619 MHz, [N/A]
2025/11/27 03:32:15.145, 2, NVIDIA H100 80GB HBM3, P0, 100 %, 13 %, 81559 MiB, 45525 MiB, 35555 MiB, 59, 57, 447.93 W, 700.00 W, 700.00 W, 1980 MHz, 2619 MHz, [N/A]
2025/11/27 03:32:15.147, 3, NVIDIA H100 80GB HBM3, P0, 100 %, 13 %, 81559 MiB, 45525 MiB, 35555 MiB, 51, 52, 428.32 W, 700.00 W, 700.00 W, 1980 MHz, 2619 MHz, [N/A]
2025/11/27 03:32:15.148, 4, NVIDIA H100 80GB HBM3, P0, 81 %, 20 %, 81559 MiB, 45525 MiB, 35555 MiB, 51, 49, 409.60 W, 700.00 W, 700.00 W, 1980 MHz, 2619 MHz, [N/A]
2025/11/27 03:32:15.148, 5, NVIDIA H100 80GB HBM3, P0, 100 %, 13 %, 81559 MiB, 45525 MiB, 35555 MiB, 53, 55, 436.93 W, 700.00 W, 700.00 W, 1980 MHz, 2619 MHz, [N/A]
2025/11/27 03:32:15.149, 6, NVIDIA H100 80GB HBM3, P0, 100 %, 13 %, 81559 MiB, 45525 MiB, 35555 MiB, 57, 55, 442.54 W, 700.00 W, 700.00 W, 1980 MHz, 2619 MHz, [N/A]
2025/11/27 03:32:15.149, 7, NVIDIA H100 80GB HBM3, P0, 100 %, 15 %, 81559 MiB, 45525 MiB, 35555 MiB, 48, 53, 423.60 W, 700.00 W, 700.00 W, 1980 MHz, 2619 MHz, [N/A]
2025/11/27 03:32:20.150, 0, NVIDIA H100 80GB HBM3, P0, 96 %, 62 %, 81559 MiB, 8323 MiB, 72757 MiB, 49, 58, 396.69 W, 700.00 W, 700.00 W, 1980 MHz, 2619 MHz, [N/A]
2025/11/27 03:32:20.151, 1, NVIDIA H100 80GB HBM3, P0, 39 %, 11 %, 81559 MiB, 45525 MiB, 35555 MiB, 53, 56, 357.77 W, 700.00 W, 700.00 W, 1980 MHz, 2619 MHz, [N/A]
2025/11/27 03:32:20.152, 2, NVIDIA H100 80GB HBM3, P0, 100 %, 19 %, 81559 MiB, 45525 MiB, 35555 MiB, 53, 58, 371.80 W, 700.00 W, 700.00 W, 1980 MHz, 2619 MHz, [N/A]
2025/11/27 03:32:20.153, 3, NVIDIA H100 80GB HBM3, P0, 66 %, 20 %, 81559 MiB, 45525 MiB, 35555 MiB, 45, 53, 349.28 W, 700.00 W, 700.00 W, 1980 MHz, 2619 MHz, [N/A]
2025/11/27 03:32:20.154, 4, NVIDIA H100 80GB HBM3, P0, 45 %, 13 %, 81559 MiB, 45525 MiB, 35555 MiB, 44, 50, 350.55 W, 700.00 W, 700.00 W, 1980 MHz, 2619 MHz, [N/A]
2025/11/27 03:32:20.154, 5, NVIDIA H100 80GB HBM3, P0, 81 %, 22 %, 81559 MiB, 45525 MiB, 35555 MiB, 50, 53, 368.40 W, 700.00 W, 700.00 W, 1980 MHz, 2619 MHz, [N/A]
2025/11/27 03:32:20.155, 6, NVIDIA H100 80GB HBM3, P0, 83 %, 23 %, 81559 MiB, 45525 MiB, 35555 MiB, 49, 53, 350.31 W, 700.00 W, 700.00 W, 1980 MHz, 2619 MHz, [N/A]
2025/11/27 03:32:20.156, 7, NVIDIA H100 80GB HBM3, P0, 40 %, 11 %, 81559 MiB, 45525 MiB, 35555 MiB, 45, 50, 348.68 W, 700.00 W, 700.00 W, 1980 MHz, 2619 MHz, [N/A]
2025/11/27 03:32:25.157, 0, NVIDIA H100 80GB HBM3, P0, 97 %, 25 %, 81559 MiB, 8323 MiB, 72757 MiB, 50, 60, 471.30 W, 700.00 W, 700.00 W, 1980 MHz, 2619 MHz, [N/A]
2025/11/27 03:32:25.158, 1, NVIDIA H100 80GB HBM3, P0, 62 %, 10 %, 81559 MiB, 45525 MiB, 35555 MiB, 56, 57, 440.36 W, 700.00 W, 700.00 W, 1980 MHz, 2619 MHz, [N/A]
2025/11/27 03:32:25.161, 2, NVIDIA H100 80GB HBM3, P0, 100 %, 13 %, 81559 MiB, 45525 MiB, 35555 MiB, 53, 56, 434.75 W, 700.00 W, 700.00 W, 1980 MHz, 2619 MHz, [N/A]
2025/11/27 03:32:25.162, 3, NVIDIA H100 80GB HBM3, P0, 100 %, 21 %, 81559 MiB, 45525 MiB, 35555 MiB, 47, 53, 419.58 W, 700.00 W, 700.00 W, 1980 MHz, 2619 MHz, [N/A]
2025/11/27 03:32:25.163, 4, NVIDIA H100 80GB HBM3, P0, 40 %, 13 %, 81559 MiB, 45525 MiB, 35555 MiB, 44, 47, 404.88 W, 700.00 W, 700.00 W, 1980 MHz, 2619 MHz, [N/A]
2025/11/27 03:32:25.164, 5, NVIDIA H100 80GB HBM3, P0, 100 %, 17 %, 81559 MiB, 45525 MiB, 35555 MiB, 51, 56, 428.20 W, 700.00 W, 700.00 W, 1980 MHz, 2619 MHz, [N/A]
2025/11/27 03:32:25.165, 6, NVIDIA H100 80GB HBM3, P0, 100 %, 17 %, 81559 MiB, 45525 MiB, 35555 MiB, 50, 55, 417.41 W, 700.00 W, 700.00 W, 1980 MHz, 2619 MHz, [N/A]
2025/11/27 03:32:25.167, 7, NVIDIA H100 80GB HBM3, P0, 38 %, 15 %, 81559 MiB, 45525 MiB, 35555 MiB, 46, 52, 415.79 W, 700.00 W, 700.00 W, 1980 MHz, 2619 MHz, [N/A]
2025/11/27 03:32:30.170, 0, NVIDIA H100 80GB HBM3, P0, 96 %, 40 %, 81559 MiB, 8323 MiB, 72757 MiB, 51, 61, 470.65 W, 700.00 W, 700.00 W, 1980 MHz, 2619 MHz, [N/A]
2025/11/27 03:32:30.171, 1, NVIDIA H100 80GB HBM3, P0, 42 %, 8 %, 81559 MiB, 45525 MiB, 35555 MiB, 54, 57, 441.90 W, 700.00 W, 700.00 W, 1980 MHz, 2619 MHz, [N/A]
2025/11/27 03:32:30.172, 2, NVIDIA H100 80GB HBM3, P0, 100 %, 13 %, 81559 MiB, 45525 MiB, 35555 MiB, 53, 58, 432.70 W, 700.00 W, 700.00 W, 1980 MHz, 2619 MHz, [N/A]
2025/11/27 03:32:30.172, 3, NVIDIA H100 80GB HBM3, P0, 92 %, 25 %, 81559 MiB, 45525 MiB, 35555 MiB, 45, 51, 420.68 W, 700.00 W, 700.00 W, 1980 MHz, 2619 MHz, [N/A]
2025/11/27 03:32:30.173, 4, NVIDIA H100 80GB HBM3, P0, 42 %, 14 %, 81559 MiB, 45525 MiB, 35555 MiB, 44, 49, 417.42 W, 700.00 W, 700.00 W, 1980 MHz, 2619 MHz, [N/A]
2025/11/27 03:32:30.174, 5, NVIDIA H100 80GB HBM3, P0, 100 %, 23 %, 81559 MiB, 45525 MiB, 35555 MiB, 51, 55, 437.32 W, 700.00 W, 700.00 W, 1980 MHz, 2619 MHz, [N/A]
2025/11/27 03:32:30.175, 6, NVIDIA H100 80GB HBM3, P0, 100 %, 22 %, 81559 MiB, 45525 MiB, 35555 MiB, 49, 53, 420.36 W, 700.00 W, 700.00 W, 1980 MHz, 2619 MHz, [N/A]
2025/11/27 03:32:30.176, 7, NVIDIA H100 80GB HBM3, P0, 40 %, 12 %, 81559 MiB, 45525 MiB, 35555 MiB, 45, 51, 421.87 W, 700.00 W, 700.00 W, 1980 MHz, 2619 MHz, [N/A]
2025/11/27 03:32:35.176, 0, NVIDIA H100 80GB HBM3, P0, 13 %, 2 %, 81559 MiB, 8323 MiB, 72757 MiB, 51, 54, 433.36 W, 700.00 W, 700.00 W, 1980 MHz, 2619 MHz, [N/A]
2025/11/27 03:32:35.218, 1, NVIDIA H100 80GB HBM3, P0, 54 %, 9 %, 81559 MiB, 45525 MiB, 35555 MiB, 57, 56, 420.33 W, 700.00 W, 700.00 W, 1980 MHz, 2619 MHz, [N/A]
2025/11/27 03:32:35.218, 2, NVIDIA H100 80GB HBM3, P0, 27 %, 4 %, 81559 MiB, 45525 MiB, 35555 MiB, 56, 57, 417.31 W, 700.00 W, 700.00 W, 1980 MHz, 2619 MHz, [N/A]
2025/11/27 03:32:35.219, 3, NVIDIA H100 80GB HBM3, P0, 2 %, 0 %, 81559 MiB, 45525 MiB, 35555 MiB, 50, 52, 405.07 W, 700.00 W, 700.00 W, 1980 MHz, 2619 MHz, [N/A]
2025/11/27 03:32:35.220, 4, NVIDIA H100 80GB HBM3, P0, 80 %, 13 %, 81559 MiB, 45525 MiB, 35555 MiB, 47, 49, 396.02 W, 700.00 W, 700.00 W, 1980 MHz, 2619 MHz, [N/A]
2025/11/27 03:32:35.243, 5, NVIDIA H100 80GB HBM3, P0, 90 %, 14 %, 81559 MiB, 45525 MiB, 35555 MiB, 58, 54, 425.20 W, 700.00 W, 700.00 W, 1980 MHz, 2619 MHz, [N/A]
2025/11/27 03:32:35.244, 6, NVIDIA H100 80GB HBM3, P0, 0 %, 0 %, 81559 MiB, 45525 MiB, 35555 MiB, 54, 54, 400.23 W, 700.00 W, 700.00 W, 1980 MHz, 2619 MHz, [N/A]
2025/11/27 03:32:35.245, 7, NVIDIA H100 80GB HBM3, P0, 52 %, 8 %, 81559 MiB, 45525 MiB, 35555 MiB, 51, 51, 400.09 W, 700.00 W, 700.00 W, 1980 MHz, 2619 MHz, [N/A]
2025/11/27 03:32:40.246, 0, NVIDIA H100 80GB HBM3, P0, 95 %, 26 %, 81559 MiB, 8323 MiB, 72757 MiB, 54, 55, 475.39 W, 700.00 W, 700.00 W, 1980 MHz, 2619 MHz, [N/A]
2025/11/27 03:32:40.247, 1, NVIDIA H100 80GB HBM3, P0, 54 %, 8 %, 81559 MiB, 45525 MiB, 35555 MiB, 58, 58, 434.56 W, 700.00 W, 700.00 W, 1980 MHz, 2619 MHz, [N/A]
2025/11/27 03:32:40.248, 2, NVIDIA H100 80GB HBM3, P0, 100 %, 13 %, 81559 MiB, 45525 MiB, 35555 MiB, 59, 56, 460.99 W, 700.00 W, 700.00 W, 1980 MHz, 2619 MHz, [N/A]
2025/11/27 03:32:40.252, 3, NVIDIA H100 80GB HBM3, P0, 47 %, 8 %, 81559 MiB, 45525 MiB, 35555 MiB, 51, 52, 420.48 W, 700.00 W, 700.00 W, 1980 MHz, 2619 MHz, [N/A]
2025/11/27 03:32:40.252, 4, NVIDIA H100 80GB HBM3, P0, 100 %, 13 %, 81559 MiB, 45525 MiB, 35555 MiB, 50, 50, 436.81 W, 700.00 W, 700.00 W, 1980 MHz, 2619 MHz, [N/A]
2025/11/27 03:32:40.253, 5, NVIDIA H100 80GB HBM3, P0, 100 %, 13 %, 81559 MiB, 45525 MiB, 35555 MiB, 57, 55, 447.70 W, 700.00 W, 700.00 W, 1980 MHz, 2619 MHz, [N/A]
2025/11/27 03:32:40.253, 6, NVIDIA H100 80GB HBM3, P0, 53 %, 9 %, 81559 MiB, 45525 MiB, 35555 MiB, 55, 53, 426.89 W, 700.00 W, 700.00 W, 1980 MHz, 2619 MHz, [N/A]
2025/11/27 03:32:40.254, 7, NVIDIA H100 80GB HBM3, P0, 69 %, 9 %, 81559 MiB, 45525 MiB, 35555 MiB, 53, 51, 438.03 W, 700.00 W, 700.00 W, 1980 MHz, 2619 MHz, [N/A]
2025/11/27 03:32:45.255, 0, NVIDIA H100 80GB HBM3, P0, 36 %, 5 %, 81559 MiB, 8323 MiB, 72757 MiB, 50, 54, 443.19 W, 700.00 W, 700.00 W, 1980 MHz, 2619 MHz, [N/A]
2025/11/27 03:32:45.256, 1, NVIDIA H100 80GB HBM3, P0, 46 %, 17 %, 81559 MiB, 45525 MiB, 35555 MiB, 52, 56, 407.22 W, 700.00 W, 700.00 W, 1980 MHz, 2619 MHz, [N/A]
2025/11/27 03:32:45.257, 2, NVIDIA H100 80GB HBM3, P0, 41 %, 6 %, 81559 MiB, 45525 MiB, 35555 MiB, 54, 56, 430.54 W, 700.00 W, 700.00 W, 1980 MHz, 2619 MHz, [N/A]
2025/11/27 03:32:45.257, 3, NVIDIA H100 80GB HBM3, P0, 38 %, 13 %, 81559 MiB, 45525 MiB, 35555 MiB, 46, 51, 408.84 W, 700.00 W, 700.00 W, 1980 MHz, 2619 MHz, [N/A]
2025/11/27 03:32:45.258, 4, NVIDIA H100 80GB HBM3, P0, 49 %, 7 %, 81559 MiB, 45525 MiB, 35555 MiB, 46, 49, 411.45 W, 700.00 W, 700.00 W, 1980 MHz, 2619 MHz, [N/A]
2025/11/27 03:32:45.259, 5, NVIDIA H100 80GB HBM3, P0, 33 %, 5 %, 81559 MiB, 45525 MiB, 35555 MiB, 52, 54, 420.28 W, 700.00 W, 700.00 W, 1980 MHz, 2619 MHz, [N/A]
2025/11/27 03:32:45.260, 6, NVIDIA H100 80GB HBM3, P0, 40 %, 14 %, 81559 MiB, 45525 MiB, 35555 MiB, 50, 53, 397.14 W, 700.00 W, 700.00 W, 1980 MHz, 2619 MHz, [N/A]
2025/11/27 03:32:45.260, 7, NVIDIA H100 80GB HBM3, P0, 27 %, 5 %, 81559 MiB, 45525 MiB, 35555 MiB, 46, 49, 403.40 W, 700.00 W, 700.00 W, 1980 MHz, 2619 MHz, [N/A]
2025/11/27 03:32:50.261, 0, NVIDIA H100 80GB HBM3, P0, 95 %, 16 %, 81559 MiB, 8323 MiB, 72757 MiB, 55, 55, 496.08 W, 700.00 W, 700.00 W, 1980 MHz, 2619 MHz, [N/A]
2025/11/27 03:32:50.262, 1, NVIDIA H100 80GB HBM3, P0, 33 %, 3 %, 81559 MiB, 45525 MiB, 35555 MiB, 57, 57, 456.90 W, 700.00 W, 700.00 W, 1980 MHz, 2619 MHz, [N/A]
2025/11/27 03:32:50.263, 2, NVIDIA H100 80GB HBM3, P0, 100 %, 12 %, 81559 MiB, 45525 MiB, 35555 MiB, 60, 57, 480.79 W, 700.00 W, 700.00 W, 1980 MHz, 2619 MHz, [N/A]
2025/11/27 03:32:50.264, 3, NVIDIA H100 80GB HBM3, P0, 52 %, 7 %, 81559 MiB, 45525 MiB, 35555 MiB, 51, 52, 440.41 W, 700.00 W, 700.00 W, 1980 MHz, 2619 MHz, [N/A]
2025/11/27 03:32:50.264, 4, NVIDIA H100 80GB HBM3, P0, 100 %, 11 %, 81559 MiB, 45525 MiB, 35555 MiB, 50, 49, 447.36 W, 700.00 W, 700.00 W, 1980 MHz, 2619 MHz, [N/A]
2025/11/27 03:32:50.265, 5, NVIDIA H100 80GB HBM3, P0, 100 %, 12 %, 81559 MiB, 45525 MiB, 35555 MiB, 57, 54, 481.70 W, 700.00 W, 700.00 W, 1980 MHz, 2619 MHz, [N/A]
2025/11/27 03:32:50.266, 6, NVIDIA H100 80GB HBM3, P0, 100 %, 12 %, 81559 MiB, 45525 MiB, 35555 MiB, 56, 53, 453.26 W, 700.00 W, 700.00 W, 1980 MHz, 2619 MHz, [N/A]
2025/11/27 03:32:50.266, 7, NVIDIA H100 80GB HBM3, P0, 62 %, 7 %, 81559 MiB, 45525 MiB, 35555 MiB, 52, 51, 454.56 W, 700.00 W, 700.00 W, 1980 MHz, 2619 MHz, [N/A]
2025/11/27 03:32:55.268, 0, NVIDIA H100 80GB HBM3, P0, 74 %, 12 %, 81559 MiB, 8323 MiB, 72757 MiB, 50, 58, 486.79 W, 700.00 W, 700.00 W, 1980 MHz, 2619 MHz, [N/A]
2025/11/27 03:32:55.269, 1, NVIDIA H100 80GB HBM3, P0, 49 %, 10 %, 81559 MiB, 45525 MiB, 35555 MiB, 58, 57, 460.81 W, 700.00 W, 700.00 W, 1980 MHz, 2619 MHz, [N/A]
2025/11/27 03:32:55.270, 2, NVIDIA H100 80GB HBM3, P0, 58 %, 9 %, 81559 MiB, 45525 MiB, 35555 MiB, 58, 57, 472.00 W, 700.00 W, 700.00 W, 1980 MHz, 2619 MHz, [N/A]
2025/11/27 03:32:55.277, 3, NVIDIA H100 80GB HBM3, P0, 41 %, 13 %, 81559 MiB, 45525 MiB, 35555 MiB, 49, 52, 459.28 W, 700.00 W, 700.00 W, 1980 MHz, 2619 MHz, [N/A]
2025/11/27 03:32:55.278, 4, NVIDIA H100 80GB HBM3, P0, 69 %, 11 %, 81559 MiB, 45525 MiB, 35555 MiB, 49, 49, 423.54 W, 700.00 W, 700.00 W, 1980 MHz, 2619 MHz, [N/A]
2025/11/27 03:32:55.279, 5, NVIDIA H100 80GB HBM3, P0, 77 %, 12 %, 81559 MiB, 45525 MiB, 35555 MiB, 54, 54, 467.00 W, 700.00 W, 700.00 W, 1980 MHz, 2619 MHz, [N/A]
2025/11/27 03:32:55.279, 6, NVIDIA H100 80GB HBM3, P0, 61 %, 10 %, 81559 MiB, 45525 MiB, 35555 MiB, 57, 54, 448.70 W, 700.00 W, 700.00 W, 1980 MHz, 2619 MHz, [N/A]
2025/11/27 03:32:55.280, 7, NVIDIA H100 80GB HBM3, P0, 47 %, 8 %, 81559 MiB, 45525 MiB, 35555 MiB, 53, 51, 451.51 W, 700.00 W, 700.00 W, 1980 MHz, 2619 MHz, [N/A]
2025/11/27 03:33:00.281, 0, NVIDIA H100 80GB HBM3, P0, 30 %, 4 %, 81559 MiB, 8323 MiB, 72757 MiB, 55, 55, 426.88 W, 700.00 W, 700.00 W, 1980 MHz, 2619 MHz, [N/A]
2025/11/27 03:33:00.282, 1, NVIDIA H100 80GB HBM3, P0, 34 %, 5 %, 81559 MiB, 45525 MiB, 35555 MiB, 56, 57, 399.65 W, 700.00 W, 700.00 W, 1980 MHz, 2619 MHz, [N/A]
2025/11/27 03:33:00.283, 2, NVIDIA H100 80GB HBM3, P0, 90 %, 12 %, 81559 MiB, 45525 MiB, 35555 MiB, 57, 57, 417.20 W, 700.00 W, 700.00 W, 1980 MHz, 2619 MHz, [N/A]
2025/11/27 03:33:00.283, 3, NVIDIA H100 80GB HBM3, P0, 43 %, 6 %, 81559 MiB, 45525 MiB, 35555 MiB, 45, 51, 393.09 W, 700.00 W, 700.00 W, 1980 MHz, 2619 MHz, [N/A]
2025/11/27 03:33:00.284, 4, NVIDIA H100 80GB HBM3, P0, 48 %, 7 %, 81559 MiB, 45525 MiB, 35555 MiB, 47, 49, 395.13 W, 700.00 W, 700.00 W, 1980 MHz, 2619 MHz, [N/A]
2025/11/27 03:33:00.285, 5, NVIDIA H100 80GB HBM3, P0, 65 %, 9 %, 81559 MiB, 45525 MiB, 35555 MiB, 57, 54, 414.69 W, 700.00 W, 700.00 W, 1980 MHz, 2619 MHz, [N/A]
2025/11/27 03:33:00.285, 6, NVIDIA H100 80GB HBM3, P0, 51 %, 7 %, 81559 MiB, 45525 MiB, 35555 MiB, 55, 54, 385.05 W, 700.00 W, 700.00 W, 1980 MHz, 2619 MHz, [N/A]
2025/11/27 03:33:00.286, 7, NVIDIA H100 80GB HBM3, P0, 37 %, 5 %, 81559 MiB, 45525 MiB, 35555 MiB, 51, 51, 394.55 W, 700.00 W, 700.00 W, 1980 MHz, 2619 MHz, [N/A]
2025/11/27 03:33:05.294, 0, NVIDIA H100 80GB HBM3, P0, 100 %, 12 %, 81559 MiB, 8323 MiB, 72757 MiB, 54, 55, 469.66 W, 700.00 W, 700.00 W, 1980 MHz, 2619 MHz, [N/A]
2025/11/27 03:33:05.295, 1, NVIDIA H100 80GB HBM3, P0, 100 %, 12 %, 81559 MiB, 45525 MiB, 35555 MiB, 58, 57, 438.79 W, 700.00 W, 700.00 W, 1980 MHz, 2619 MHz, [N/A]
2025/11/27 03:33:05.296, 2, NVIDIA H100 80GB HBM3, P0, 100 %, 12 %, 81559 MiB, 45525 MiB, 35555 MiB, 60, 58, 450.84 W, 700.00 W, 700.00 W, 1980 MHz, 2619 MHz, [N/A]
2025/11/27 03:33:05.297, 3, NVIDIA H100 80GB HBM3, P0, 100 %, 11 %, 81559 MiB, 45525 MiB, 35555 MiB, 52, 53, 446.35 W, 700.00 W, 700.00 W, 1980 MHz, 2619 MHz, [N/A]
2025/11/27 03:33:05.297, 4, NVIDIA H100 80GB HBM3, P0, 100 %, 12 %, 81559 MiB, 45525 MiB, 35555 MiB, 50, 49, 432.83 W, 700.00 W, 700.00 W, 1980 MHz, 2619 MHz, [N/A]
2025/11/27 03:33:05.298, 5, NVIDIA H100 80GB HBM3, P0, 29 %, 4 %, 81559 MiB, 45525 MiB, 35555 MiB, 57, 55, 441.35 W, 700.00 W, 700.00 W, 1980 MHz, 2619 MHz, [N/A]
2025/11/27 03:33:05.299, 6, NVIDIA H100 80GB HBM3, P0, 100 %, 12 %, 81559 MiB, 45525 MiB, 35555 MiB, 56, 54, 433.40 W, 700.00 W, 700.00 W, 1980 MHz, 2619 MHz, [N/A]
2025/11/27 03:33:05.300, 7, NVIDIA H100 80GB HBM3, P0, 100 %, 10 %, 81559 MiB, 45525 MiB, 35555 MiB, 53, 51, 442.95 W, 700.00 W, 700.00 W, 1980 MHz, 2619 MHz, [N/A]
2025/11/27 03:33:10.301, 0, NVIDIA H100 80GB HBM3, P0, 77 %, 11 %, 81559 MiB, 8323 MiB, 72757 MiB, 55, 56, 490.55 W, 700.00 W, 700.00 W, 1980 MHz, 2619 MHz, [N/A]
2025/11/27 03:33:10.302, 1, NVIDIA H100 80GB HBM3, P0, 78 %, 10 %, 81559 MiB, 45525 MiB, 35555 MiB, 58, 58, 463.71 W, 700.00 W, 700.00 W, 1980 MHz, 2619 MHz, [N/A]
2025/11/27 03:33:10.303, 2, NVIDIA H100 80GB HBM3, P0, 71 %, 10 %, 81559 MiB, 45525 MiB, 35555 MiB, 60, 58, 475.78 W, 700.00 W, 700.00 W, 1980 MHz, 2619 MHz, [N/A]
2025/11/27 03:33:10.303, 3, NVIDIA H100 80GB HBM3, P0, 79 %, 12 %, 81559 MiB, 45525 MiB, 35555 MiB, 51, 53, 452.95 W, 700.00 W, 700.00 W, 1980 MHz, 2619 MHz, [N/A]
2025/11/27 03:33:10.304, 4, NVIDIA H100 80GB HBM3, P0, 79 %, 12 %, 81559 MiB, 45525 MiB, 35555 MiB, 46, 49, 450.24 W, 700.00 W, 700.00 W, 1980 MHz, 2619 MHz, [N/A]
2025/11/27 03:33:10.305, 5, NVIDIA H100 80GB HBM3, P0, 82 %, 13 %, 81559 MiB, 45525 MiB, 35555 MiB, 60, 55, 450.91 W, 700.00 W, 700.00 W, 1980 MHz, 2619 MHz, [N/A]
2025/11/27 03:33:10.306, 6, NVIDIA H100 80GB HBM3, P0, 100 %, 13 %, 81559 MiB, 45525 MiB, 35555 MiB, 56, 54, 450.76 W, 700.00 W, 700.00 W, 1980 MHz, 2619 MHz, [N/A]
2025/11/27 03:33:10.306, 7, NVIDIA H100 80GB HBM3, P0, 88 %, 14 %, 81559 MiB, 45525 MiB, 35555 MiB, 51, 51, 461.57 W, 700.00 W, 700.00 W, 1980 MHz, 2619 MHz, [N/A]
2025/11/27 03:33:15.307, 0, NVIDIA H100 80GB HBM3, P0, 93 %, 62 %, 81559 MiB, 8323 MiB, 72757 MiB, 47, 54, 432.39 W, 700.00 W, 700.00 W, 1980 MHz, 2619 MHz, [N/A]
2025/11/27 03:33:15.308, 1, NVIDIA H100 80GB HBM3, P0, 6 %, 1 %, 81559 MiB, 45525 MiB, 35555 MiB, 53, 58, 416.09 W, 700.00 W, 700.00 W, 1980 MHz, 2619 MHz, [N/A]
2025/11/27 03:33:15.311, 2, NVIDIA H100 80GB HBM3, P0, 1 %, 0 %, 81559 MiB, 45525 MiB, 35555 MiB, 54, 56, 430.50 W, 700.00 W, 700.00 W, 1980 MHz, 2619 MHz, [N/A]
2025/11/27 03:33:15.312, 3, NVIDIA H100 80GB HBM3, P0, 44 %, 17 %, 81559 MiB, 45525 MiB, 35555 MiB, 44, 51, 427.73 W, 700.00 W, 700.00 W, 1980 MHz, 2619 MHz, [N/A]
2025/11/27 03:33:15.312, 4, NVIDIA H100 80GB HBM3, P0, 40 %, 14 %, 81559 MiB, 45525 MiB, 35555 MiB, 44, 49, 412.78 W, 700.00 W, 700.00 W, 1980 MHz, 2619 MHz, [N/A]
2025/11/27 03:33:15.313, 5, NVIDIA H100 80GB HBM3, P0, 17 %, 5 %, 81559 MiB, 45525 MiB, 35555 MiB, 50, 54, 417.75 W, 700.00 W, 700.00 W, 1980 MHz, 2619 MHz, [N/A]
2025/11/27 03:33:15.314, 6, NVIDIA H100 80GB HBM3, P0, 23 %, 6 %, 81559 MiB, 45525 MiB, 35555 MiB, 48, 53, 411.92 W, 700.00 W, 700.00 W, 1980 MHz, 2619 MHz, [N/A]
2025/11/27 03:33:15.315, 7, NVIDIA H100 80GB HBM3, P0, 54 %, 18 %, 81559 MiB, 45525 MiB, 35555 MiB, 45, 50, 402.92 W, 700.00 W, 700.00 W, 1980 MHz, 2619 MHz, [N/A]
2025/11/27 03:33:20.316, 0, NVIDIA H100 80GB HBM3, P0, 56 %, 11 %, 81559 MiB, 8323 MiB, 72757 MiB, 54, 56, 413.58 W, 700.00 W, 700.00 W, 1980 MHz, 2619 MHz, [N/A]
2025/11/27 03:33:20.320, 1, NVIDIA H100 80GB HBM3, P0, 60 %, 8 %, 81559 MiB, 45525 MiB, 35555 MiB, 58, 58, 402.77 W, 700.00 W, 700.00 W, 1980 MHz, 2619 MHz, [N/A]
2025/11/27 03:33:20.321, 2, NVIDIA H100 80GB HBM3, P0, 69 %, 9 %, 81559 MiB, 45525 MiB, 35555 MiB, 59, 58, 403.23 W, 700.00 W, 700.00 W, 1980 MHz, 2619 MHz, [N/A]
2025/11/27 03:33:20.322, 3, NVIDIA H100 80GB HBM3, P0, 64 %, 12 %, 81559 MiB, 45525 MiB, 35555 MiB, 51, 52, 388.06 W, 700.00 W, 700.00 W, 1980 MHz, 2619 MHz, [N/A]
2025/11/27 03:33:20.359, 4, NVIDIA H100 80GB HBM3, P0, 64 %, 12 %, 81559 MiB, 45525 MiB, 35555 MiB, 50, 49, 376.40 W, 700.00 W, 700.00 W, 1980 MHz, 2619 MHz, [N/A]
2025/11/27 03:33:20.360, 5, NVIDIA H100 80GB HBM3, P0, 94 %, 13 %, 81559 MiB, 45525 MiB, 35555 MiB, 57, 55, 403.64 W, 700.00 W, 700.00 W, 1980 MHz, 2619 MHz, [N/A]
2025/11/27 03:33:20.360, 6, NVIDIA H100 80GB HBM3, P0, 90 %, 12 %, 81559 MiB, 45525 MiB, 35555 MiB, 56, 54, 393.91 W, 700.00 W, 700.00 W, 1980 MHz, 2619 MHz, [N/A]
2025/11/27 03:33:20.361, 7, NVIDIA H100 80GB HBM3, P0, 88 %, 12 %, 81559 MiB, 45525 MiB, 35555 MiB, 52, 51, 385.96 W, 700.00 W, 700.00 W, 1980 MHz, 2619 MHz, [N/A]
2025/11/27 03:33:25.362, 0, NVIDIA H100 80GB HBM3, P0, 43 %, 8 %, 81559 MiB, 8323 MiB, 72757 MiB, 49, 55, 448.64 W, 700.00 W, 700.00 W, 1980 MHz, 2619 MHz, [N/A]
2025/11/27 03:33:25.363, 1, NVIDIA H100 80GB HBM3, P0, 41 %, 8 %, 81559 MiB, 45525 MiB, 35555 MiB, 54, 56, 421.47 W, 700.00 W, 700.00 W, 1980 MHz, 2619 MHz, [N/A]
2025/11/27 03:33:25.364, 2, NVIDIA H100 80GB HBM3, P0, 40 %, 8 %, 81559 MiB, 45525 MiB, 35555 MiB, 55, 57, 432.85 W, 700.00 W, 700.00 W, 1980 MHz, 2619 MHz, [N/A]
2025/11/27 03:33:25.365, 3, NVIDIA H100 80GB HBM3, P0, 43 %, 8 %, 81559 MiB, 45525 MiB, 35555 MiB, 49, 52, 418.43 W, 700.00 W, 700.00 W, 1980 MHz, 2619 MHz, [N/A]
2025/11/27 03:33:25.366, 4, NVIDIA H100 80GB HBM3, P0, 47 %, 14 %, 81559 MiB, 45525 MiB, 35555 MiB, 45, 49, 399.38 W, 700.00 W, 700.00 W, 1980 MHz, 2619 MHz, [N/A]
2025/11/27 03:33:25.367, 5, NVIDIA H100 80GB HBM3, P0, 46 %, 9 %, 81559 MiB, 45525 MiB, 35555 MiB, 53, 54, 439.25 W, 700.00 W, 700.00 W, 1980 MHz, 2619 MHz, [N/A]
2025/11/27 03:33:25.367, 6, NVIDIA H100 80GB HBM3, P0, 45 %, 9 %, 81559 MiB, 45525 MiB, 35555 MiB, 54, 53, 418.20 W, 700.00 W, 700.00 W, 1980 MHz, 2619 MHz, [N/A]
2025/11/27 03:33:25.368, 7, NVIDIA H100 80GB HBM3, P0, 24 %, 5 %, 81559 MiB, 45525 MiB, 35555 MiB, 47, 51, 406.44 W, 700.00 W, 700.00 W, 1980 MHz, 2619 MHz, [N/A]
2025/11/27 03:33:30.369, 0, NVIDIA H100 80GB HBM3, P0, 100 %, 15 %, 81559 MiB, 8323 MiB, 72757 MiB, 55, 55, 525.59 W, 700.00 W, 700.00 W, 1980 MHz, 2619 MHz, [N/A]
2025/11/27 03:33:30.370, 1, NVIDIA H100 80GB HBM3, P0, 100 %, 14 %, 81559 MiB, 45525 MiB, 35555 MiB, 58, 58, 492.24 W, 700.00 W, 700.00 W, 1980 MHz, 2619 MHz, [N/A]
2025/11/27 03:33:30.371, 2, NVIDIA H100 80GB HBM3, P0, 100 %, 15 %, 81559 MiB, 45525 MiB, 35555 MiB, 60, 58, 502.69 W, 700.00 W, 700.00 W, 1980 MHz, 2619 MHz, [N/A]
2025/11/27 03:33:30.372, 3, NVIDIA H100 80GB HBM3, P0, 100 %, 14 %, 81559 MiB, 45525 MiB, 35555 MiB, 52, 53, 486.25 W, 700.00 W, 700.00 W, 1980 MHz, 2619 MHz, [N/A]
2025/11/27 03:33:30.373, 4, NVIDIA H100 80GB HBM3, P0, 100 %, 14 %, 81559 MiB, 45525 MiB, 35555 MiB, 51, 49, 472.25 W, 700.00 W, 700.00 W, 1980 MHz, 2619 MHz, [N/A]
2025/11/27 03:33:30.373, 5, NVIDIA H100 80GB HBM3, P0, 100 %, 14 %, 81559 MiB, 45525 MiB, 35555 MiB, 59, 56, 509.08 W, 700.00 W, 700.00 W, 1980 MHz, 2619 MHz, [N/A]
2025/11/27 03:33:30.374, 6, NVIDIA H100 80GB HBM3, P0, 100 %, 14 %, 81559 MiB, 45525 MiB, 35555 MiB, 56, 55, 478.16 W, 700.00 W, 700.00 W, 1980 MHz, 2619 MHz, [N/A]
2025/11/27 03:33:30.375, 7, NVIDIA H100 80GB HBM3, P0, 100 %, 14 %, 81559 MiB, 45525 MiB, 35555 MiB, 52, 52, 475.68 W, 700.00 W, 700.00 W, 1980 MHz, 2619 MHz, [N/A]
2025/11/27 03:33:35.376, 0, NVIDIA H100 80GB HBM3, P0, 100 %, 17 %, 81559 MiB, 8323 MiB, 72757 MiB, 56, 56, 456.76 W, 700.00 W, 700.00 W, 1980 MHz, 2619 MHz, [N/A]
2025/11/27 03:33:35.377, 1, NVIDIA H100 80GB HBM3, P0, 69 %, 12 %, 81559 MiB, 45525 MiB, 35555 MiB, 59, 58, 408.69 W, 700.00 W, 700.00 W, 1980 MHz, 2619 MHz, [N/A]
2025/11/27 03:33:35.378, 2, NVIDIA H100 80GB HBM3, P0, 54 %, 10 %, 81559 MiB, 45525 MiB, 35555 MiB, 60, 58, 411.83 W, 700.00 W, 700.00 W, 1980 MHz, 2619 MHz, [N/A]
2025/11/27 03:33:35.379, 3, NVIDIA H100 80GB HBM3, P0, 100 %, 17 %, 81559 MiB, 45525 MiB, 35555 MiB, 53, 54, 411.63 W, 700.00 W, 700.00 W, 1980 MHz, 2619 MHz, [N/A]
2025/11/27 03:33:35.382, 4, NVIDIA H100 80GB HBM3, P0, 100 %, 17 %, 81559 MiB, 45525 MiB, 35555 MiB, 52, 49, 404.60 W, 700.00 W, 700.00 W, 1980 MHz, 2619 MHz, [N/A]
2025/11/27 03:33:35.383, 5, NVIDIA H100 80GB HBM3, P0, 100 %, 17 %, 81559 MiB, 45525 MiB, 35555 MiB, 59, 56, 422.18 W, 700.00 W, 700.00 W, 1980 MHz, 2619 MHz, [N/A]
2025/11/27 03:33:35.383, 6, NVIDIA H100 80GB HBM3, P0, 96 %, 16 %, 81559 MiB, 45525 MiB, 35555 MiB, 57, 55, 402.68 W, 700.00 W, 700.00 W, 1980 MHz, 2619 MHz, [N/A]
2025/11/27 03:33:35.384, 7, NVIDIA H100 80GB HBM3, P0, 40 %, 11 %, 81559 MiB, 45525 MiB, 35555 MiB, 49, 51, 397.17 W, 700.00 W, 700.00 W, 1980 MHz, 2619 MHz, [N/A]
2025/11/27 03:33:40.385, 0, NVIDIA H100 80GB HBM3, P0, 47 %, 9 %, 81559 MiB, 8323 MiB, 72757 MiB, 54, 55, 405.21 W, 700.00 W, 700.00 W, 1980 MHz, 2619 MHz, [N/A]
2025/11/27 03:33:40.386, 1, NVIDIA H100 80GB HBM3, P0, 66 %, 9 %, 81559 MiB, 45525 MiB, 35555 MiB, 58, 57, 386.23 W, 700.00 W, 700.00 W, 1980 MHz, 2619 MHz, [N/A]
2025/11/27 03:33:40.387, 2, NVIDIA H100 80GB HBM3, P0, 67 %, 9 %, 81559 MiB, 45525 MiB, 35555 MiB, 59, 58, 414.90 W, 700.00 W, 700.00 W, 1980 MHz, 2619 MHz, [N/A]
2025/11/27 03:33:40.388, 3, NVIDIA H100 80GB HBM3, P0, 100 %, 13 %, 81559 MiB, 45525 MiB, 35555 MiB, 52, 53, 404.36 W, 700.00 W, 700.00 W, 1980 MHz, 2619 MHz, [N/A]
2025/11/27 03:33:40.389, 4, NVIDIA H100 80GB HBM3, P0, 100 %, 13 %, 81559 MiB, 45525 MiB, 35555 MiB, 50, 49, 396.86 W, 700.00 W, 700.00 W, 1980 MHz, 2619 MHz, [N/A]
2025/11/27 03:33:40.389, 5, NVIDIA H100 80GB HBM3, P0, 100 %, 13 %, 81559 MiB, 45525 MiB, 35555 MiB, 57, 55, 408.12 W, 700.00 W, 700.00 W, 1980 MHz, 2619 MHz, [N/A]
2025/11/27 03:33:40.390, 6, NVIDIA H100 80GB HBM3, P0, 96 %, 13 %, 81559 MiB, 45525 MiB, 35555 MiB, 56, 55, 389.49 W, 700.00 W, 700.00 W, 1980 MHz, 2619 MHz, [N/A]
2025/11/27 03:33:40.391, 7, NVIDIA H100 80GB HBM3, P0, 53 %, 9 %, 81559 MiB, 45525 MiB, 35555 MiB, 51, 51, 364.39 W, 700.00 W, 700.00 W, 1980 MHz, 2619 MHz, [N/A]
2025/11/27 03:33:45.392, 0, NVIDIA H100 80GB HBM3, P0, 82 %, 27 %, 81559 MiB, 8323 MiB, 72757 MiB, 55, 56, 459.55 W, 700.00 W, 700.00 W, 1980 MHz, 2619 MHz, [N/A]
2025/11/27 03:33:45.393, 1, NVIDIA H100 80GB HBM3, P0, 46 %, 11 %, 81559 MiB, 45525 MiB, 35555 MiB, 58, 57, 438.42 W, 700.00 W, 700.00 W, 1980 MHz, 2619 MHz, [N/A]
2025/11/27 03:33:45.394, 2, NVIDIA H100 80GB HBM3, P0, 49 %, 11 %, 81559 MiB, 45525 MiB, 35555 MiB, 59, 58, 456.14 W, 700.00 W, 700.00 W, 1980 MHz, 2619 MHz, [N/A]
2025/11/27 03:33:45.394, 3, NVIDIA H100 80GB HBM3, P0, 70 %, 10 %, 81559 MiB, 45525 MiB, 35555 MiB, 52, 53, 431.10 W, 700.00 W, 700.00 W, 1980 MHz, 2619 MHz, [N/A]
2025/11/27 03:33:45.395, 4, NVIDIA H100 80GB HBM3, P0, 84 %, 12 %, 81559 MiB, 45525 MiB, 35555 MiB, 52, 50, 432.17 W, 700.00 W, 700.00 W, 1980 MHz, 2619 MHz, [N/A]
2025/11/27 03:33:45.395, 5, NVIDIA H100 80GB HBM3, P0, 62 %, 10 %, 81559 MiB, 45525 MiB, 35555 MiB, 58, 55, 434.62 W, 700.00 W, 700.00 W, 1980 MHz, 2619 MHz, [N/A]
2025/11/27 03:33:45.396, 6, NVIDIA H100 80GB HBM3, P0, 43 %, 6 %, 81559 MiB, 45525 MiB, 35555 MiB, 56, 55, 433.82 W, 700.00 W, 700.00 W, 1980 MHz, 2619 MHz, [N/A]
2025/11/27 03:33:45.397, 7, NVIDIA H100 80GB HBM3, P0, 100 %, 15 %, 81559 MiB, 45525 MiB, 35555 MiB, 52, 51, 421.00 W, 700.00 W, 700.00 W, 1980 MHz, 2619 MHz, [N/A]
2025/11/27 03:33:50.398, 0, NVIDIA H100 80GB HBM3, P0, 93 %, 65 %, 81559 MiB, 8323 MiB, 72757 MiB, 49, 57, 438.38 W, 700.00 W, 700.00 W, 1980 MHz, 2619 MHz, [N/A]
2025/11/27 03:33:50.399, 1, NVIDIA H100 80GB HBM3, P0, 39 %, 15 %, 81559 MiB, 45525 MiB, 35555 MiB, 51, 57, 395.31 W, 700.00 W, 700.00 W, 1980 MHz, 2619 MHz, [N/A]
2025/11/27 03:33:50.399, 2, NVIDIA H100 80GB HBM3, P0, 39 %, 13 %, 81559 MiB, 45525 MiB, 35555 MiB, 54, 58, 399.73 W, 700.00 W, 700.00 W, 1980 MHz, 2619 MHz, [N/A]
2025/11/27 03:33:50.400, 3, NVIDIA H100 80GB HBM3, P0, 45 %, 14 %, 81559 MiB, 45525 MiB, 35555 MiB, 46, 52, 384.89 W, 700.00 W, 700.00 W, 1980 MHz, 2619 MHz, [N/A]
2025/11/27 03:33:50.401, 4, NVIDIA H100 80GB HBM3, P0, 22 %, 6 %, 81559 MiB, 45525 MiB, 35555 MiB, 44, 49, 362.04 W, 700.00 W, 700.00 W, 1980 MHz, 2619 MHz, [N/A]
2025/11/27 03:33:50.402, 5, NVIDIA H100 80GB HBM3, P0, 41 %, 16 %, 81559 MiB, 45525 MiB, 35555 MiB, 51, 55, 389.43 W, 700.00 W, 700.00 W, 1980 MHz, 2619 MHz, [N/A]
2025/11/27 03:33:50.403, 6, NVIDIA H100 80GB HBM3, P0, 40 %, 14 %, 81559 MiB, 45525 MiB, 35555 MiB, 50, 54, 387.67 W, 700.00 W, 700.00 W, 1980 MHz, 2619 MHz, [N/A]
2025/11/27 03:33:50.403, 7, NVIDIA H100 80GB HBM3, P0, 26 %, 5 %, 81559 MiB, 45525 MiB, 35555 MiB, 46, 51, 370.24 W, 700.00 W, 700.00 W, 1980 MHz, 2619 MHz, [N/A]
2025/11/27 03:33:55.404, 0, NVIDIA H100 80GB HBM3, P0, 97 %, 56 %, 81559 MiB, 8323 MiB, 72757 MiB, 50, 59, 454.54 W, 700.00 W, 700.00 W, 1980 MHz, 2619 MHz, [N/A]
2025/11/27 03:33:55.405, 1, NVIDIA H100 80GB HBM3, P0, 39 %, 10 %, 81559 MiB, 45525 MiB, 35555 MiB, 52, 56, 419.13 W, 700.00 W, 700.00 W, 1980 MHz, 2619 MHz, [N/A]
2025/11/27 03:33:55.406, 2, NVIDIA H100 80GB HBM3, P0, 40 %, 15 %, 81559 MiB, 45525 MiB, 35555 MiB, 51, 56, 405.38 W, 700.00 W, 700.00 W, 1980 MHz, 2619 MHz, [N/A]
2025/11/27 03:33:55.407, 3, NVIDIA H100 80GB HBM3, P0, 40 %, 13 %, 81559 MiB, 45525 MiB, 35555 MiB, 44, 51, 384.72 W, 700.00 W, 700.00 W, 1980 MHz, 2619 MHz, [N/A]
2025/11/27 03:33:55.407, 4, NVIDIA H100 80GB HBM3, P0, 39 %, 14 %, 81559 MiB, 45525 MiB, 35555 MiB, 42, 47, 371.25 W, 700.00 W, 700.00 W, 1980 MHz, 2619 MHz, [N/A]
2025/11/27 03:33:55.408, 5, NVIDIA H100 80GB HBM3, P0, 40 %, 15 %, 81559 MiB, 45525 MiB, 35555 MiB, 50, 54, 417.10 W, 700.00 W, 700.00 W, 1980 MHz, 2619 MHz, [N/A]
2025/11/27 03:33:55.409, 6, NVIDIA H100 80GB HBM3, P0, 40 %, 14 %, 81559 MiB, 45525 MiB, 35555 MiB, 49, 53, 394.62 W, 700.00 W, 700.00 W, 1980 MHz, 2619 MHz, [N/A]
2025/11/27 03:33:55.409, 7, NVIDIA H100 80GB HBM3, P0, 0 %, 0 %, 81559 MiB, 45525 MiB, 35555 MiB, 45, 51, 373.19 W, 700.00 W, 700.00 W, 1980 MHz, 2619 MHz, [N/A]
2025/11/27 03:34:00.410, 0, NVIDIA H100 80GB HBM3, P0, 95 %, 32 %, 81559 MiB, 8323 MiB, 72757 MiB, 51, 61, 466.28 W, 700.00 W, 700.00 W, 1980 MHz, 2619 MHz, [N/A]
2025/11/27 03:34:00.411, 1, NVIDIA H100 80GB HBM3, P0, 49 %, 9 %, 81559 MiB, 45525 MiB, 35555 MiB, 52, 58, 430.27 W, 700.00 W, 700.00 W, 1980 MHz, 2619 MHz, [N/A]
2025/11/27 03:34:00.412, 2, NVIDIA H100 80GB HBM3, P0, 58 %, 20 %, 81559 MiB, 45525 MiB, 35555 MiB, 55, 56, 433.46 W, 700.00 W, 700.00 W, 1980 MHz, 2619 MHz, [N/A]
2025/11/27 03:34:00.412, 3, NVIDIA H100 80GB HBM3, P0, 37 %, 13 %, 81559 MiB, 45525 MiB, 35555 MiB, 45, 53, 409.86 W, 700.00 W, 700.00 W, 1980 MHz, 2619 MHz, [N/A]
2025/11/27 03:34:00.413, 4, NVIDIA H100 80GB HBM3, P0, 40 %, 13 %, 81559 MiB, 45525 MiB, 35555 MiB, 45, 49, 407.28 W, 700.00 W, 700.00 W, 1980 MHz, 2619 MHz, [N/A]
2025/11/27 03:34:00.414, 5, NVIDIA H100 80GB HBM3, P0, 39 %, 14 %, 81559 MiB, 45525 MiB, 35555 MiB, 51, 55, 429.87 W, 700.00 W, 700.00 W, 1980 MHz, 2619 MHz, [N/A]
2025/11/27 03:34:00.414, 6, NVIDIA H100 80GB HBM3, P0, 39 %, 14 %, 81559 MiB, 45525 MiB, 35555 MiB, 50, 55, 410.06 W, 700.00 W, 700.00 W, 1980 MHz, 2619 MHz, [N/A]
2025/11/27 03:34:00.415, 7, NVIDIA H100 80GB HBM3, P0, 36 %, 9 %, 81559 MiB, 45525 MiB, 35555 MiB, 47, 51, 410.13 W, 700.00 W, 700.00 W, 1980 MHz, 2619 MHz, [N/A]
2025/11/27 03:34:05.417, 0, NVIDIA H100 80GB HBM3, P0, 44 %, 9 %, 81559 MiB, 8323 MiB, 72757 MiB, 52, 56, 447.98 W, 700.00 W, 700.00 W, 1980 MHz, 2619 MHz, [N/A]
2025/11/27 03:34:05.418, 1, NVIDIA H100 80GB HBM3, P0, 35 %, 5 %, 81559 MiB, 45525 MiB, 35555 MiB, 57, 57, 415.22 W, 700.00 W, 700.00 W, 1980 MHz, 2619 MHz, [N/A]
2025/11/27 03:34:05.419, 2, NVIDIA H100 80GB HBM3, P0, 51 %, 7 %, 81559 MiB, 45525 MiB, 35555 MiB, 60, 58, 435.68 W, 700.00 W, 700.00 W, 1980 MHz, 2619 MHz, [N/A]
2025/11/27 03:34:05.419, 3, NVIDIA H100 80GB HBM3, P0, 74 %, 10 %, 81559 MiB, 45525 MiB, 35555 MiB, 52, 53, 415.52 W, 700.00 W, 700.00 W, 1980 MHz, 2619 MHz, [N/A]
2025/11/27 03:34:05.420, 4, NVIDIA H100 80GB HBM3, P0, 100 %, 13 %, 81559 MiB, 45525 MiB, 35555 MiB, 51, 49, 405.60 W, 700.00 W, 700.00 W, 1980 MHz, 2619 MHz, [N/A]
2025/11/27 03:34:05.421, 5, NVIDIA H100 80GB HBM3, P0, 64 %, 9 %, 81559 MiB, 45525 MiB, 35555 MiB, 57, 55, 423.71 W, 700.00 W, 700.00 W, 1980 MHz, 2619 MHz, [N/A]
2025/11/27 03:34:05.421, 6, NVIDIA H100 80GB HBM3, P0, 57 %, 8 %, 81559 MiB, 45525 MiB, 35555 MiB, 56, 54, 412.91 W, 700.00 W, 700.00 W, 1980 MHz, 2619 MHz, [N/A]
2025/11/27 03:34:05.422, 7, NVIDIA H100 80GB HBM3, P0, 100 %, 14 %, 81559 MiB, 45525 MiB, 35555 MiB, 53, 52, 434.30 W, 700.00 W, 700.00 W, 1980 MHz, 2619 MHz, [N/A]
2025/11/27 03:34:10.424, 0, NVIDIA H100 80GB HBM3, P0, 97 %, 26 %, 81559 MiB, 8323 MiB, 72757 MiB, 55, 55, 449.16 W, 700.00 W, 700.00 W, 1980 MHz, 2619 MHz, [N/A]
2025/11/27 03:34:10.426, 1, NVIDIA H100 80GB HBM3, P0, 100 %, 13 %, 81559 MiB, 45525 MiB, 35555 MiB, 58, 56, 423.84 W, 700.00 W, 700.00 W, 1980 MHz, 2619 MHz, [N/A]
2025/11/27 03:34:10.426, 2, NVIDIA H100 80GB HBM3, P0, 100 %, 13 %, 81559 MiB, 45525 MiB, 35555 MiB, 59, 58, 445.02 W, 700.00 W, 700.00 W, 1980 MHz, 2619 MHz, [N/A]
2025/11/27 03:34:10.427, 3, NVIDIA H100 80GB HBM3, P0, 100 %, 12 %, 81559 MiB, 45525 MiB, 35555 MiB, 52, 53, 420.26 W, 700.00 W, 700.00 W, 1980 MHz, 2619 MHz, [N/A]
2025/11/27 03:34:10.427, 4, NVIDIA H100 80GB HBM3, P0, 100 %, 12 %, 81559 MiB, 45525 MiB, 35555 MiB, 51, 50, 404.72 W, 700.00 W, 700.00 W, 1980 MHz, 2619 MHz, [N/A]
2025/11/27 03:34:10.428, 5, NVIDIA H100 80GB HBM3, P0, 100 %, 12 %, 81559 MiB, 45525 MiB, 35555 MiB, 58, 55, 433.53 W, 700.00 W, 700.00 W, 1980 MHz, 2619 MHz, [N/A]
2025/11/27 03:34:10.428, 6, NVIDIA H100 80GB HBM3, P0, 100 %, 12 %, 81559 MiB, 45525 MiB, 35555 MiB, 58, 55, 428.12 W, 700.00 W, 700.00 W, 1980 MHz, 2619 MHz, [N/A]
2025/11/27 03:34:10.429, 7, NVIDIA H100 80GB HBM3, P0, 100 %, 17 %, 81559 MiB, 45525 MiB, 35555 MiB, 49, 53, 416.89 W, 700.00 W, 700.00 W, 1980 MHz, 2619 MHz, [N/A]
2025/11/27 03:34:15.430, 0, NVIDIA H100 80GB HBM3, P0, 100 %, 13 %, 81559 MiB, 8323 MiB, 72757 MiB, 55, 55, 482.62 W, 700.00 W, 700.00 W, 1980 MHz, 2619 MHz, [N/A]
2025/11/27 03:34:15.431, 1, NVIDIA H100 80GB HBM3, P0, 100 %, 13 %, 81559 MiB, 45525 MiB, 35555 MiB, 58, 56, 448.85 W, 700.00 W, 700.00 W, 1980 MHz, 2619 MHz, [N/A]
2025/11/27 03:34:15.432, 2, NVIDIA H100 80GB HBM3, P0, 65 %, 8 %, 81559 MiB, 45525 MiB, 35555 MiB, 60, 58, 474.32 W, 700.00 W, 700.00 W, 1980 MHz, 2619 MHz, [N/A]
2025/11/27 03:34:15.432, 3, NVIDIA H100 80GB HBM3, P0, 100 %, 13 %, 81559 MiB, 45525 MiB, 35555 MiB, 52, 53, 450.12 W, 700.00 W, 700.00 W, 1980 MHz, 2619 MHz, [N/A]
2025/11/27 03:34:15.433, 4, NVIDIA H100 80GB HBM3, P0, 100 %, 13 %, 81559 MiB, 45525 MiB, 35555 MiB, 51, 50, 445.51 W, 700.00 W, 700.00 W, 1980 MHz, 2619 MHz, [N/A]
2025/11/27 03:34:15.434, 5, NVIDIA H100 80GB HBM3, P0, 100 %, 12 %, 81559 MiB, 45525 MiB, 35555 MiB, 57, 55, 454.84 W, 700.00 W, 700.00 W, 1980 MHz, 2619 MHz, [N/A]
2025/11/27 03:34:15.434, 6, NVIDIA H100 80GB HBM3, P0, 100 %, 12 %, 81559 MiB, 45525 MiB, 35555 MiB, 57, 54, 444.17 W, 700.00 W, 700.00 W, 1980 MHz, 2619 MHz, [N/A]
2025/11/27 03:34:15.436, 7, NVIDIA H100 80GB HBM3, P0, 100 %, 13 %, 81559 MiB, 45525 MiB, 35555 MiB, 53, 51, 453.03 W, 700.00 W, 700.00 W, 1980 MHz, 2619 MHz, [N/A]
2025/11/27 03:34:20.438, 0, NVIDIA H100 80GB HBM3, P0, 96 %, 52 %, 81559 MiB, 8323 MiB, 72757 MiB, 52, 57, 446.79 W, 700.00 W, 700.00 W, 1980 MHz, 2619 MHz, [N/A]
2025/11/27 03:34:20.439, 1, NVIDIA H100 80GB HBM3, P0, 45 %, 13 %, 81559 MiB, 45525 MiB, 35555 MiB, 52, 58, 408.62 W, 700.00 W, 700.00 W, 1980 MHz, 2619 MHz, [N/A]
2025/11/27 03:34:20.440, 2, NVIDIA H100 80GB HBM3, P0, 39 %, 16 %, 81559 MiB, 45525 MiB, 35555 MiB, 55, 57, 423.37 W, 700.00 W, 700.00 W, 1980 MHz, 2619 MHz, [N/A]
2025/11/27 03:34:20.441, 3, NVIDIA H100 80GB HBM3, P0, 76 %, 8 %, 81559 MiB, 45525 MiB, 35555 MiB, 47, 53, 422.17 W, 700.00 W, 700.00 W, 1980 MHz, 2619 MHz, [N/A]
2025/11/27 03:34:20.442, 4, NVIDIA H100 80GB HBM3, P0, 47 %, 15 %, 81559 MiB, 45525 MiB, 35555 MiB, 47, 49, 394.07 W, 700.00 W, 700.00 W, 1980 MHz, 2619 MHz, [N/A]
2025/11/27 03:34:20.442, 5, NVIDIA H100 80GB HBM3, P0, 40 %, 15 %, 81559 MiB, 45525 MiB, 35555 MiB, 51, 55, 411.67 W, 700.00 W, 700.00 W, 1980 MHz, 2619 MHz, [N/A]
2025/11/27 03:34:20.444, 6, NVIDIA H100 80GB HBM3, P0, 40 %, 14 %, 81559 MiB, 45525 MiB, 35555 MiB, 56, 54, 423.74 W, 700.00 W, 700.00 W, 1980 MHz, 2619 MHz, [N/A]
2025/11/27 03:34:20.444, 7, NVIDIA H100 80GB HBM3, P0, 36 %, 4 %, 81559 MiB, 45525 MiB, 35555 MiB, 49, 51, 398.88 W, 700.00 W, 700.00 W, 1980 MHz, 2619 MHz, [N/A]
2025/11/27 03:34:25.446, 0, NVIDIA H100 80GB HBM3, P0, 50 %, 8 %, 81559 MiB, 8323 MiB, 72757 MiB, 51, 56, 457.19 W, 700.00 W, 700.00 W, 1980 MHz, 2619 MHz, [N/A]
2025/11/27 03:34:25.447, 1, NVIDIA H100 80GB HBM3, P0, 69 %, 14 %, 81559 MiB, 45525 MiB, 35555 MiB, 56, 57, 461.65 W, 700.00 W, 700.00 W, 1980 MHz, 2619 MHz, [N/A]
2025/11/27 03:34:25.448, 2, NVIDIA H100 80GB HBM3, P0, 42 %, 9 %, 81559 MiB, 45525 MiB, 35555 MiB, 57, 58, 459.66 W, 700.00 W, 700.00 W, 1980 MHz, 2619 MHz, [N/A]
2025/11/27 03:34:25.449, 3, NVIDIA H100 80GB HBM3, P0, 61 %, 11 %, 81559 MiB, 45525 MiB, 35555 MiB, 49, 53, 453.73 W, 700.00 W, 700.00 W, 1980 MHz, 2619 MHz, [N/A]
2025/11/27 03:34:25.449, 4, NVIDIA H100 80GB HBM3, P0, 56 %, 11 %, 81559 MiB, 45525 MiB, 35555 MiB, 47, 50, 429.51 W, 700.00 W, 700.00 W, 1980 MHz, 2619 MHz, [N/A]
2025/11/27 03:34:25.450, 5, NVIDIA H100 80GB HBM3, P0, 60 %, 12 %, 81559 MiB, 45525 MiB, 35555 MiB, 55, 55, 461.87 W, 700.00 W, 700.00 W, 1980 MHz, 2619 MHz, [N/A]
2025/11/27 03:34:25.450, 6, NVIDIA H100 80GB HBM3, P0, 48 %, 9 %, 81559 MiB, 45525 MiB, 35555 MiB, 57, 54, 439.67 W, 700.00 W, 700.00 W, 1980 MHz, 2619 MHz, [N/A]
2025/11/27 03:34:25.451, 7, NVIDIA H100 80GB HBM3, P0, 60 %, 12 %, 81559 MiB, 45525 MiB, 35555 MiB, 48, 51, 443.92 W, 700.00 W, 700.00 W, 1980 MHz, 2619 MHz, [N/A]
2025/11/27 03:34:30.452, 0, NVIDIA H100 80GB HBM3, P0, 92 %, 62 %, 81559 MiB, 8323 MiB, 72757 MiB, 48, 55, 458.39 W, 700.00 W, 700.00 W, 1980 MHz, 2619 MHz, [N/A]
2025/11/27 03:34:30.460, 1, NVIDIA H100 80GB HBM3, P0, 79 %, 13 %, 81559 MiB, 45525 MiB, 35555 MiB, 52, 56, 426.17 W, 700.00 W, 700.00 W, 1980 MHz, 2619 MHz, [N/A]
2025/11/27 03:34:30.461, 2, NVIDIA H100 80GB HBM3, P0, 100 %, 14 %, 81559 MiB, 45525 MiB, 35555 MiB, 54, 58, 441.05 W, 700.00 W, 700.00 W, 1980 MHz, 2619 MHz, [N/A]
2025/11/27 03:34:30.461, 3, NVIDIA H100 80GB HBM3, P0, 39 %, 15 %, 81559 MiB, 45525 MiB, 35555 MiB, 48, 54, 413.47 W, 700.00 W, 700.00 W, 1980 MHz, 2619 MHz, [N/A]
2025/11/27 03:34:30.462, 4, NVIDIA H100 80GB HBM3, P0, 97 %, 25 %, 81559 MiB, 45525 MiB, 35555 MiB, 45, 49, 408.98 W, 700.00 W, 700.00 W, 1980 MHz, 2619 MHz, [N/A]
2025/11/27 03:34:30.463, 5, NVIDIA H100 80GB HBM3, P0, 100 %, 14 %, 81559 MiB, 45525 MiB, 35555 MiB, 52, 57, 414.45 W, 700.00 W, 700.00 W, 1980 MHz, 2619 MHz, [N/A]
2025/11/27 03:34:30.464, 6, NVIDIA H100 80GB HBM3, P0, 100 %, 14 %, 81559 MiB, 45525 MiB, 35555 MiB, 50, 56, 412.68 W, 700.00 W, 700.00 W, 1980 MHz, 2619 MHz, [N/A]
2025/11/27 03:34:30.464, 7, NVIDIA H100 80GB HBM3, P0, 51 %, 19 %, 81559 MiB, 45525 MiB, 35555 MiB, 46, 51, 400.95 W, 700.00 W, 700.00 W, 1980 MHz, 2619 MHz, [N/A]
2025/11/27 03:34:35.466, 0, NVIDIA H100 80GB HBM3, P0, 100 %, 14 %, 81559 MiB, 8323 MiB, 72757 MiB, 55, 56, 524.20 W, 700.00 W, 700.00 W, 1980 MHz, 2619 MHz, [N/A]
2025/11/27 03:34:35.467, 1, NVIDIA H100 80GB HBM3, P0, 100 %, 14 %, 81559 MiB, 45525 MiB, 35555 MiB, 58, 58, 496.85 W, 700.00 W, 700.00 W, 1980 MHz, 2619 MHz, [N/A]
2025/11/27 03:34:35.468, 2, NVIDIA H100 80GB HBM3, P0, 100 %, 14 %, 81559 MiB, 45525 MiB, 35555 MiB, 60, 58, 518.05 W, 700.00 W, 700.00 W, 1980 MHz, 2619 MHz, [N/A]
2025/11/27 03:34:35.469, 3, NVIDIA H100 80GB HBM3, P0, 100 %, 14 %, 81559 MiB, 45525 MiB, 35555 MiB, 52, 53, 488.09 W, 700.00 W, 700.00 W, 1980 MHz, 2619 MHz, [N/A]
2025/11/27 03:34:35.469, 4, NVIDIA H100 80GB HBM3, P0, 100 %, 14 %, 81559 MiB, 45525 MiB, 35555 MiB, 51, 50, 479.05 W, 700.00 W, 700.00 W, 1980 MHz, 2619 MHz, [N/A]
2025/11/27 03:34:35.470, 5, NVIDIA H100 80GB HBM3, P0, 100 %, 14 %, 81559 MiB, 45525 MiB, 35555 MiB, 58, 56, 503.85 W, 700.00 W, 700.00 W, 1980 MHz, 2619 MHz, [N/A]
2025/11/27 03:34:35.472, 6, NVIDIA H100 80GB HBM3, P0, 100 %, 14 %, 81559 MiB, 45525 MiB, 35555 MiB, 57, 55, 491.60 W, 700.00 W, 700.00 W, 1980 MHz, 2619 MHz, [N/A]
2025/11/27 03:34:35.472, 7, NVIDIA H100 80GB HBM3, P0, 100 %, 14 %, 81559 MiB, 45525 MiB, 35555 MiB, 53, 51, 499.61 W, 700.00 W, 700.00 W, 1980 MHz, 2619 MHz, [N/A]
2025/11/27 03:34:40.482, 0, NVIDIA H100 80GB HBM3, P0, 94 %, 15 %, 81559 MiB, 8323 MiB, 72757 MiB, 55, 57, 478.67 W, 700.00 W, 700.00 W, 1980 MHz, 2619 MHz, [N/A]
2025/11/27 03:34:40.483, 1, NVIDIA H100 80GB HBM3, P0, 56 %, 14 %, 81559 MiB, 45525 MiB, 35555 MiB, 57, 58, 426.96 W, 700.00 W, 700.00 W, 1980 MHz, 2619 MHz, [N/A]
2025/11/27 03:34:40.484, 2, NVIDIA H100 80GB HBM3, P0, 39 %, 15 %, 81559 MiB, 45525 MiB, 35555 MiB, 59, 58, 458.75 W, 700.00 W, 700.00 W, 1980 MHz, 2619 MHz, [N/A]
2025/11/27 03:34:40.484, 3, NVIDIA H100 80GB HBM3, P0, 66 %, 10 %, 81559 MiB, 45525 MiB, 35555 MiB, 48, 53, 424.52 W, 700.00 W, 700.00 W, 1980 MHz, 2619 MHz, [N/A]
2025/11/27 03:34:40.485, 4, NVIDIA H100 80GB HBM3, P0, 76 %, 12 %, 81559 MiB, 45525 MiB, 35555 MiB, 49, 51, 434.36 W, 700.00 W, 700.00 W, 1980 MHz, 2619 MHz, [N/A]
2025/11/27 03:34:40.486, 5, NVIDIA H100 80GB HBM3, P0, 40 %, 14 %, 81559 MiB, 45525 MiB, 35555 MiB, 58, 56, 463.44 W, 700.00 W, 700.00 W, 1980 MHz, 2619 MHz, [N/A]
2025/11/27 03:34:40.486, 6, NVIDIA H100 80GB HBM3, P0, 40 %, 13 %, 81559 MiB, 45525 MiB, 35555 MiB, 56, 55, 447.42 W, 700.00 W, 700.00 W, 1980 MHz, 2619 MHz, [N/A]
2025/11/27 03:34:40.487, 7, NVIDIA H100 80GB HBM3, P0, 61 %, 10 %, 81559 MiB, 45525 MiB, 35555 MiB, 52, 51, 432.27 W, 700.00 W, 700.00 W, 1980 MHz, 2619 MHz, [N/A]
2025/11/27 03:34:45.488, 0, NVIDIA H100 80GB HBM3, P0, 95 %, 16 %, 81559 MiB, 8323 MiB, 72757 MiB, 55, 56, 503.27 W, 700.00 W, 700.00 W, 1980 MHz, 2619 MHz, [N/A]
2025/11/27 03:34:45.489, 1, NVIDIA H100 80GB HBM3, P0, 33 %, 5 %, 81559 MiB, 45525 MiB, 35555 MiB, 58, 58, 450.80 W, 700.00 W, 700.00 W, 1980 MHz, 2619 MHz, [N/A]
2025/11/27 03:34:45.490, 2, NVIDIA H100 80GB HBM3, P0, 86 %, 14 %, 81559 MiB, 45525 MiB, 35555 MiB, 59, 58, 476.40 W, 700.00 W, 700.00 W, 1980 MHz, 2619 MHz, [N/A]
2025/11/27 03:34:45.490, 3, NVIDIA H100 80GB HBM3, P0, 77 %, 10 %, 81559 MiB, 45525 MiB, 35555 MiB, 52, 53, 468.18 W, 700.00 W, 700.00 W, 1980 MHz, 2619 MHz, [N/A]
2025/11/27 03:34:45.491, 4, NVIDIA H100 80GB HBM3, P0, 100 %, 13 %, 81559 MiB, 45525 MiB, 35555 MiB, 50, 50, 445.03 W, 700.00 W, 700.00 W, 1980 MHz, 2619 MHz, [N/A]
2025/11/27 03:34:45.492, 5, NVIDIA H100 80GB HBM3, P0, 73 %, 11 %, 81559 MiB, 45525 MiB, 35555 MiB, 58, 55, 476.97 W, 700.00 W, 700.00 W, 1980 MHz, 2619 MHz, [N/A]
2025/11/27 03:34:45.492, 6, NVIDIA H100 80GB HBM3, P0, 72 %, 11 %, 81559 MiB, 45525 MiB, 35555 MiB, 56, 55, 443.17 W, 700.00 W, 700.00 W, 1980 MHz, 2619 MHz, [N/A]
2025/11/27 03:34:45.508, 7, NVIDIA H100 80GB HBM3, P0, 60 %, 8 %, 81559 MiB, 45525 MiB, 35555 MiB, 53, 51, 460.26 W, 700.00 W, 700.00 W, 1980 MHz, 2619 MHz, [N/A]
2025/11/27 03:34:50.509, 0, NVIDIA H100 80GB HBM3, P0, 85 %, 14 %, 81559 MiB, 8323 MiB, 72757 MiB, 55, 55, 450.49 W, 700.00 W, 700.00 W, 1980 MHz, 2619 MHz, [N/A]
2025/11/27 03:34:50.510, 1, NVIDIA H100 80GB HBM3, P0, 49 %, 15 %, 81559 MiB, 45525 MiB, 35555 MiB, 56, 58, 408.39 W, 700.00 W, 700.00 W, 1980 MHz, 2619 MHz, [N/A]
2025/11/27 03:34:50.511, 2, NVIDIA H100 80GB HBM3, P0, 66 %, 11 %, 81559 MiB, 45525 MiB, 35555 MiB, 59, 58, 422.74 W, 700.00 W, 700.00 W, 1980 MHz, 2619 MHz, [N/A]
2025/11/27 03:34:50.512, 3, NVIDIA H100 80GB HBM3, P0, 56 %, 9 %, 81559 MiB, 45525 MiB, 35555 MiB, 51, 53, 396.54 W, 700.00 W, 700.00 W, 1980 MHz, 2619 MHz, [N/A]
2025/11/27 03:34:50.513, 4, NVIDIA H100 80GB HBM3, P0, 57 %, 9 %, 81559 MiB, 45525 MiB, 35555 MiB, 48, 49, 379.74 W, 700.00 W, 700.00 W, 1980 MHz, 2619 MHz, [N/A]
2025/11/27 03:34:50.514, 5, NVIDIA H100 80GB HBM3, P0, 40 %, 14 %, 81559 MiB, 45525 MiB, 35555 MiB, 56, 56, 412.75 W, 700.00 W, 700.00 W, 1980 MHz, 2619 MHz, [N/A]
2025/11/27 03:34:50.514, 6, NVIDIA H100 80GB HBM3, P0, 40 %, 13 %, 81559 MiB, 45525 MiB, 35555 MiB, 54, 55, 398.28 W, 700.00 W, 700.00 W, 1980 MHz, 2619 MHz, [N/A]
2025/11/27 03:34:50.515, 7, NVIDIA H100 80GB HBM3, P0, 30 %, 5 %, 81559 MiB, 45525 MiB, 35555 MiB, 50, 52, 387.85 W, 700.00 W, 700.00 W, 1980 MHz, 2619 MHz, [N/A]
2025/11/27 03:34:55.516, 0, NVIDIA H100 80GB HBM3, P0, 84 %, 59 %, 81559 MiB, 8323 MiB, 72757 MiB, 49, 57, 429.52 W, 700.00 W, 700.00 W, 1980 MHz, 2619 MHz, [N/A]
2025/11/27 03:34:55.517, 1, NVIDIA H100 80GB HBM3, P0, 80 %, 13 %, 81559 MiB, 45525 MiB, 35555 MiB, 51, 56, 380.74 W, 700.00 W, 700.00 W, 1980 MHz, 2619 MHz, [N/A]
2025/11/27 03:34:55.518, 2, NVIDIA H100 80GB HBM3, P0, 39 %, 13 %, 81559 MiB, 45525 MiB, 35555 MiB, 53, 58, 395.84 W, 700.00 W, 700.00 W, 1980 MHz, 2619 MHz, [N/A]
2025/11/27 03:34:55.519, 3, NVIDIA H100 80GB HBM3, P0, 31 %, 12 %, 81559 MiB, 45525 MiB, 35555 MiB, 46, 54, 395.37 W, 700.00 W, 700.00 W, 1980 MHz, 2619 MHz, [N/A]
2025/11/27 03:34:55.520, 4, NVIDIA H100 80GB HBM3, P0, 37 %, 12 %, 81559 MiB, 45525 MiB, 35555 MiB, 44, 49, 387.33 W, 700.00 W, 700.00 W, 1980 MHz, 2619 MHz, [N/A]
2025/11/27 03:34:55.521, 5, NVIDIA H100 80GB HBM3, P0, 45 %, 18 %, 81559 MiB, 45525 MiB, 35555 MiB, 52, 56, 390.05 W, 700.00 W, 700.00 W, 1980 MHz, 2619 MHz, [N/A]
2025/11/27 03:34:55.521, 6, NVIDIA H100 80GB HBM3, P0, 49 %, 19 %, 81559 MiB, 45525 MiB, 35555 MiB, 50, 56, 377.85 W, 700.00 W, 700.00 W, 1980 MHz, 2619 MHz, [N/A]
2025/11/27 03:34:55.522, 7, NVIDIA H100 80GB HBM3, P0, 52 %, 19 %, 81559 MiB, 45525 MiB, 35555 MiB, 46, 52, 397.00 W, 700.00 W, 700.00 W, 1980 MHz, 2619 MHz, [N/A]
2025/11/27 03:35:00.523, 0, NVIDIA H100 80GB HBM3, P0, 57 %, 9 %, 81559 MiB, 8323 MiB, 72757 MiB, 52, 55, 444.91 W, 700.00 W, 700.00 W, 1980 MHz, 2619 MHz, [N/A]
2025/11/27 03:35:00.525, 1, NVIDIA H100 80GB HBM3, P0, 76 %, 12 %, 81559 MiB, 45525 MiB, 35555 MiB, 55, 58, 413.05 W, 700.00 W, 700.00 W, 1980 MHz, 2619 MHz, [N/A]
2025/11/27 03:35:00.526, 2, NVIDIA H100 80GB HBM3, P0, 84 %, 14 %, 81559 MiB, 45525 MiB, 35555 MiB, 62, 58, 460.39 W, 700.00 W, 700.00 W, 1980 MHz, 2619 MHz, [N/A]
2025/11/27 03:35:00.526, 3, NVIDIA H100 80GB HBM3, P0, 78 %, 13 %, 81559 MiB, 45525 MiB, 35555 MiB, 52, 53, 447.57 W, 700.00 W, 700.00 W, 1980 MHz, 2619 MHz, [N/A]
2025/11/27 03:35:00.527, 4, NVIDIA H100 80GB HBM3, P0, 66 %, 11 %, 81559 MiB, 45525 MiB, 35555 MiB, 51, 50, 427.34 W, 700.00 W, 700.00 W, 1980 MHz, 2619 MHz, [N/A]
2025/11/27 03:35:00.528, 5, NVIDIA H100 80GB HBM3, P0, 97 %, 16 %, 81559 MiB, 45525 MiB, 35555 MiB, 59, 56, 463.16 W, 700.00 W, 700.00 W, 1980 MHz, 2619 MHz, [N/A]
2025/11/27 03:35:00.528, 6, NVIDIA H100 80GB HBM3, P0, 77 %, 13 %, 81559 MiB, 45525 MiB, 35555 MiB, 56, 55, 425.01 W, 700.00 W, 700.00 W, 1980 MHz, 2619 MHz, [N/A]
2025/11/27 03:35:00.529, 7, NVIDIA H100 80GB HBM3, P0, 78 %, 13 %, 81559 MiB, 45525 MiB, 35555 MiB, 53, 51, 423.14 W, 700.00 W, 700.00 W, 1980 MHz, 2619 MHz, [N/A]
2025/11/27 03:35:05.530, 0, NVIDIA H100 80GB HBM3, P0, 43 %, 8 %, 81559 MiB, 8323 MiB, 72757 MiB, 52, 55, 425.20 W, 700.00 W, 700.00 W, 1980 MHz, 2619 MHz, [N/A]
2025/11/27 03:35:05.531, 1, NVIDIA H100 80GB HBM3, P0, 57 %, 11 %, 81559 MiB, 45525 MiB, 35555 MiB, 55, 58, 393.60 W, 700.00 W, 700.00 W, 1980 MHz, 2619 MHz, [N/A]
2025/11/27 03:35:05.531, 2, NVIDIA H100 80GB HBM3, P0, 56 %, 11 %, 81559 MiB, 45525 MiB, 35555 MiB, 56, 59, 408.77 W, 700.00 W, 700.00 W, 1980 MHz, 2619 MHz, [N/A]
2025/11/27 03:35:05.532, 3, NVIDIA H100 80GB HBM3, P0, 34 %, 6 %, 81559 MiB, 45525 MiB, 35555 MiB, 48, 53, 379.46 W, 700.00 W, 700.00 W, 1980 MHz, 2619 MHz, [N/A]
2025/11/27 03:35:05.533, 4, NVIDIA H100 80GB HBM3, P0, 53 %, 10 %, 81559 MiB, 45525 MiB, 35555 MiB, 47, 50, 379.26 W, 700.00 W, 700.00 W, 1980 MHz, 2619 MHz, [N/A]
2025/11/27 03:35:05.534, 5, NVIDIA H100 80GB HBM3, P0, 41 %, 9 %, 81559 MiB, 45525 MiB, 35555 MiB, 55, 55, 417.06 W, 700.00 W, 700.00 W, 1980 MHz, 2619 MHz, [N/A]
2025/11/27 03:35:05.534, 6, NVIDIA H100 80GB HBM3, P0, 35 %, 8 %, 81559 MiB, 45525 MiB, 35555 MiB, 52, 54, 380.20 W, 700.00 W, 700.00 W, 1980 MHz, 2619 MHz, [N/A]
2025/11/27 03:35:05.535, 7, NVIDIA H100 80GB HBM3, P0, 36 %, 8 %, 81559 MiB, 45525 MiB, 35555 MiB, 48, 51, 387.10 W, 700.00 W, 700.00 W, 1980 MHz, 2619 MHz, [N/A]
2025/11/27 03:35:10.536, 0, NVIDIA H100 80GB HBM3, P0, 100 %, 14 %, 81559 MiB, 8323 MiB, 72757 MiB, 54, 56, 442.18 W, 700.00 W, 700.00 W, 1980 MHz, 2619 MHz, [N/A]
2025/11/27 03:35:10.537, 1, NVIDIA H100 80GB HBM3, P0, 100 %, 16 %, 81559 MiB, 45525 MiB, 35555 MiB, 58, 58, 429.65 W, 700.00 W, 700.00 W, 1980 MHz, 2619 MHz, [N/A]
2025/11/27 03:35:10.538, 2, NVIDIA H100 80GB HBM3, P0, 100 %, 16 %, 81559 MiB, 45525 MiB, 35555 MiB, 56, 60, 428.52 W, 700.00 W, 700.00 W, 1980 MHz, 2619 MHz, [N/A]
2025/11/27 03:35:10.538, 3, NVIDIA H100 80GB HBM3, P0, 100 %, 14 %, 81559 MiB, 45525 MiB, 35555 MiB, 52, 55, 408.51 W, 700.00 W, 700.00 W, 1980 MHz, 2619 MHz, [N/A]
2025/11/27 03:35:10.539, 4, NVIDIA H100 80GB HBM3, P0, 100 %, 14 %, 81559 MiB, 45525 MiB, 35555 MiB, 48, 51, 404.68 W, 700.00 W, 700.00 W, 1980 MHz, 2619 MHz, [N/A]
2025/11/27 03:35:10.540, 5, NVIDIA H100 80GB HBM3, P0, 100 %, 14 %, 81559 MiB, 45525 MiB, 35555 MiB, 59, 56, 407.69 W, 700.00 W, 700.00 W, 1980 MHz, 2619 MHz, [N/A]
2025/11/27 03:35:10.541, 6, NVIDIA H100 80GB HBM3, P0, 100 %, 14 %, 81559 MiB, 45525 MiB, 35555 MiB, 56, 55, 396.56 W, 700.00 W, 700.00 W, 1980 MHz, 2619 MHz, [N/A]
2025/11/27 03:35:10.541, 7, NVIDIA H100 80GB HBM3, P0, 100 %, 14 %, 81559 MiB, 45525 MiB, 35555 MiB, 53, 51, 416.28 W, 700.00 W, 700.00 W, 1980 MHz, 2619 MHz, [N/A]
2025/11/27 03:35:15.543, 0, NVIDIA H100 80GB HBM3, P0, 100 %, 15 %, 81559 MiB, 8323 MiB, 72757 MiB, 57, 56, 525.01 W, 700.00 W, 700.00 W, 1980 MHz, 2619 MHz, [N/A]
2025/11/27 03:35:15.544, 1, NVIDIA H100 80GB HBM3, P0, 100 %, 15 %, 81559 MiB, 45525 MiB, 35555 MiB, 59, 59, 495.98 W, 700.00 W, 700.00 W, 1980 MHz, 2619 MHz, [N/A]
2025/11/27 03:35:15.545, 2, NVIDIA H100 80GB HBM3, P0, 100 %, 15 %, 81559 MiB, 45525 MiB, 35555 MiB, 61, 58, 499.83 W, 700.00 W, 700.00 W, 1980 MHz, 2619 MHz, [N/A]
2025/11/27 03:35:15.546, 3, NVIDIA H100 80GB HBM3, P0, 100 %, 15 %, 81559 MiB, 45525 MiB, 35555 MiB, 53, 53, 486.98 W, 700.00 W, 700.00 W, 1980 MHz, 2619 MHz, [N/A]
2025/11/27 03:35:15.546, 4, NVIDIA H100 80GB HBM3, P0, 100 %, 15 %, 81559 MiB, 45525 MiB, 35555 MiB, 52, 50, 482.64 W, 700.00 W, 700.00 W, 1980 MHz, 2619 MHz, [N/A]
2025/11/27 03:35:15.547, 5, NVIDIA H100 80GB HBM3, P0, 100 %, 15 %, 81559 MiB, 45525 MiB, 35555 MiB, 59, 56, 501.48 W, 700.00 W, 700.00 W, 1980 MHz, 2619 MHz, [N/A]
2025/11/27 03:35:15.547, 6, NVIDIA H100 80GB HBM3, P0, 100 %, 15 %, 81559 MiB, 45525 MiB, 35555 MiB, 56, 56, 489.15 W, 700.00 W, 700.00 W, 1980 MHz, 2619 MHz, [N/A]
2025/11/27 03:35:15.548, 7, NVIDIA H100 80GB HBM3, P0, 100 %, 15 %, 81559 MiB, 45525 MiB, 35555 MiB, 54, 53, 486.66 W, 700.00 W, 700.00 W, 1980 MHz, 2619 MHz, [N/A]
2025/11/27 03:35:20.549, 0, NVIDIA H100 80GB HBM3, P0, 82 %, 13 %, 81559 MiB, 8323 MiB, 72757 MiB, 53, 57, 472.63 W, 700.00 W, 700.00 W, 1980 MHz, 2619 MHz, [N/A]
2025/11/27 03:35:20.557, 1, NVIDIA H100 80GB HBM3, P0, 76 %, 11 %, 81559 MiB, 45525 MiB, 35555 MiB, 58, 58, 444.40 W, 700.00 W, 700.00 W, 1980 MHz, 2619 MHz, [N/A]
2025/11/27 03:35:20.558, 2, NVIDIA H100 80GB HBM3, P0, 76 %, 11 %, 81559 MiB, 45525 MiB, 35555 MiB, 56, 58, 477.52 W, 700.00 W, 700.00 W, 1980 MHz, 2619 MHz, [N/A]
2025/11/27 03:35:20.558, 3, NVIDIA H100 80GB HBM3, P0, 97 %, 15 %, 81559 MiB, 45525 MiB, 35555 MiB, 50, 53, 451.12 W, 700.00 W, 700.00 W, 1980 MHz, 2619 MHz, [N/A]
2025/11/27 03:35:20.559, 4, NVIDIA H100 80GB HBM3, P0, 69 %, 10 %, 81559 MiB, 45525 MiB, 35555 MiB, 46, 49, 439.88 W, 700.00 W, 700.00 W, 1980 MHz, 2619 MHz, [N/A]
2025/11/27 03:35:20.560, 5, NVIDIA H100 80GB HBM3, P0, 100 %, 16 %, 81559 MiB, 45525 MiB, 35555 MiB, 58, 55, 467.96 W, 700.00 W, 700.00 W, 1980 MHz, 2619 MHz, [N/A]
2025/11/27 03:35:20.560, 6, NVIDIA H100 80GB HBM3, P0, 85 %, 14 %, 81559 MiB, 45525 MiB, 35555 MiB, 57, 55, 442.08 W, 700.00 W, 700.00 W, 1980 MHz, 2619 MHz, [N/A]
2025/11/27 03:35:20.564, 7, NVIDIA H100 80GB HBM3, P0, 92 %, 15 %, 81559 MiB, 45525 MiB, 35555 MiB, 55, 51, 434.41 W, 700.00 W, 700.00 W, 1980 MHz, 2619 MHz, [N/A]
2025/11/27 03:35:25.564, 0, NVIDIA H100 80GB HBM3, P0, 100 %, 13 %, 81559 MiB, 8323 MiB, 72757 MiB, 56, 55, 473.03 W, 700.00 W, 700.00 W, 1980 MHz, 2619 MHz, [N/A]
2025/11/27 03:35:25.566, 1, NVIDIA H100 80GB HBM3, P0, 100 %, 13 %, 81559 MiB, 45525 MiB, 35555 MiB, 59, 58, 449.26 W, 700.00 W, 700.00 W, 1980 MHz, 2619 MHz, [N/A]
2025/11/27 03:35:25.567, 2, NVIDIA H100 80GB HBM3, P0, 100 %, 13 %, 81559 MiB, 45525 MiB, 35555 MiB, 61, 58, 462.76 W, 700.00 W, 700.00 W, 1980 MHz, 2619 MHz, [N/A]
2025/11/27 03:35:25.568, 3, NVIDIA H100 80GB HBM3, P0, 100 %, 16 %, 81559 MiB, 45525 MiB, 35555 MiB, 53, 53, 440.45 W, 700.00 W, 700.00 W, 1980 MHz, 2619 MHz, [N/A]
2025/11/27 03:35:25.568, 4, NVIDIA H100 80GB HBM3, P0, 100 %, 13 %, 81559 MiB, 45525 MiB, 35555 MiB, 51, 49, 437.02 W, 700.00 W, 700.00 W, 1980 MHz, 2619 MHz, [N/A]
2025/11/27 03:35:25.569, 5, NVIDIA H100 80GB HBM3, P0, 100 %, 13 %, 81559 MiB, 45525 MiB, 35555 MiB, 55, 56, 449.63 W, 700.00 W, 700.00 W, 1980 MHz, 2619 MHz, [N/A]
2025/11/27 03:35:25.569, 6, NVIDIA H100 80GB HBM3, P0, 100 %, 13 %, 81559 MiB, 45525 MiB, 35555 MiB, 54, 57, 432.25 W, 700.00 W, 700.00 W, 1980 MHz, 2619 MHz, [N/A]
2025/11/27 03:35:25.569, 7, NVIDIA H100 80GB HBM3, P0, 100 %, 13 %, 81559 MiB, 45525 MiB, 35555 MiB, 50, 53, 408.49 W, 700.00 W, 700.00 W, 1980 MHz, 2619 MHz, [N/A]
2025/11/27 03:35:30.571, 0, NVIDIA H100 80GB HBM3, P0, 100 %, 12 %, 81559 MiB, 8323 MiB, 72757 MiB, 55, 56, 510.09 W, 700.00 W, 700.00 W, 1980 MHz, 2619 MHz, [N/A]
2025/11/27 03:35:30.572, 1, NVIDIA H100 80GB HBM3, P0, 100 %, 12 %, 81559 MiB, 45525 MiB, 35555 MiB, 57, 58, 484.97 W, 700.00 W, 700.00 W, 1980 MHz, 2619 MHz, [N/A]
2025/11/27 03:35:30.573, 2, NVIDIA H100 80GB HBM3, P0, 100 %, 12 %, 81559 MiB, 45525 MiB, 35555 MiB, 61, 58, 501.19 W, 700.00 W, 700.00 W, 1980 MHz, 2619 MHz, [N/A]
2025/11/27 03:35:30.573, 3, NVIDIA H100 80GB HBM3, P0, 100 %, 20 %, 81559 MiB, 45525 MiB, 35555 MiB, 52, 53, 469.80 W, 700.00 W, 700.00 W, 1980 MHz, 2619 MHz, [N/A]
2025/11/27 03:35:30.574, 4, NVIDIA H100 80GB HBM3, P0, 100 %, 12 %, 81559 MiB, 45525 MiB, 35555 MiB, 52, 49, 481.40 W, 700.00 W, 700.00 W, 1980 MHz, 2619 MHz, [N/A]
2025/11/27 03:35:30.575, 5, NVIDIA H100 80GB HBM3, P0, 100 %, 12 %, 81559 MiB, 45525 MiB, 35555 MiB, 55, 57, 485.26 W, 700.00 W, 700.00 W, 1980 MHz, 2619 MHz, [N/A]
2025/11/27 03:35:30.575, 6, NVIDIA H100 80GB HBM3, P0, 100 %, 12 %, 81559 MiB, 45525 MiB, 35555 MiB, 53, 57, 476.36 W, 700.00 W, 700.00 W, 1980 MHz, 2619 MHz, [N/A]
2025/11/27 03:35:30.576, 7, NVIDIA H100 80GB HBM3, P0, 100 %, 12 %, 81559 MiB, 45525 MiB, 35555 MiB, 50, 53, 450.86 W, 700.00 W, 700.00 W, 1980 MHz, 2619 MHz, [N/A]
2025/11/27 03:35:35.577, 0, NVIDIA H100 80GB HBM3, P0, 96 %, 68 %, 81559 MiB, 8323 MiB, 72757 MiB, 50, 58, 477.89 W, 700.00 W, 700.00 W, 1980 MHz, 2619 MHz, [N/A]
2025/11/27 03:35:35.578, 1, NVIDIA H100 80GB HBM3, P0, 36 %, 12 %, 81559 MiB, 45525 MiB, 35555 MiB, 52, 58, 437.51 W, 700.00 W, 700.00 W, 1980 MHz, 2619 MHz, [N/A]
2025/11/27 03:35:35.578, 2, NVIDIA H100 80GB HBM3, P0, 35 %, 13 %, 81559 MiB, 45525 MiB, 35555 MiB, 54, 58, 441.09 W, 700.00 W, 700.00 W, 1980 MHz, 2619 MHz, [N/A]
2025/11/27 03:35:35.579, 3, NVIDIA H100 80GB HBM3, P0, 40 %, 13 %, 81559 MiB, 45525 MiB, 35555 MiB, 46, 54, 418.20 W, 700.00 W, 700.00 W, 1980 MHz, 2619 MHz, [N/A]
2025/11/27 03:35:35.580, 4, NVIDIA H100 80GB HBM3, P0, 32 %, 11 %, 81559 MiB, 45525 MiB, 35555 MiB, 45, 49, 422.98 W, 700.00 W, 700.00 W, 1980 MHz, 2619 MHz, [N/A]
2025/11/27 03:35:35.580, 5, NVIDIA H100 80GB HBM3, P0, 72 %, 22 %, 81559 MiB, 45525 MiB, 35555 MiB, 52, 55, 428.46 W, 700.00 W, 700.00 W, 1980 MHz, 2619 MHz, [N/A]
2025/11/27 03:35:35.581, 6, NVIDIA H100 80GB HBM3, P0, 75 %, 22 %, 81559 MiB, 45525 MiB, 35555 MiB, 50, 54, 419.00 W, 700.00 W, 700.00 W, 1980 MHz, 2619 MHz, [N/A]
2025/11/27 03:35:35.581, 7, NVIDIA H100 80GB HBM3, P0, 80 %, 23 %, 81559 MiB, 45525 MiB, 35555 MiB, 46, 52, 414.57 W, 700.00 W, 700.00 W, 1980 MHz, 2619 MHz, [N/A]
2025/11/27 03:35:40.582, 0, NVIDIA H100 80GB HBM3, P0, 55 %, 13 %, 81559 MiB, 8323 MiB, 72757 MiB, 53, 57, 480.19 W, 700.00 W, 700.00 W, 1980 MHz, 2619 MHz, [N/A]
2025/11/27 03:35:40.583, 1, NVIDIA H100 80GB HBM3, P0, 55 %, 11 %, 81559 MiB, 45525 MiB, 35555 MiB, 59, 59, 456.05 W, 700.00 W, 700.00 W, 1980 MHz, 2619 MHz, [N/A]
2025/11/27 03:35:40.584, 2, NVIDIA H100 80GB HBM3, P0, 59 %, 13 %, 81559 MiB, 45525 MiB, 35555 MiB, 60, 59, 479.27 W, 700.00 W, 700.00 W, 1980 MHz, 2619 MHz, [N/A]
2025/11/27 03:35:40.585, 3, NVIDIA H100 80GB HBM3, P0, 88 %, 14 %, 81559 MiB, 45525 MiB, 35555 MiB, 50, 53, 447.74 W, 700.00 W, 700.00 W, 1980 MHz, 2619 MHz, [N/A]
2025/11/27 03:35:40.586, 4, NVIDIA H100 80GB HBM3, P0, 60 %, 15 %, 81559 MiB, 45525 MiB, 35555 MiB, 49, 49, 439.81 W, 700.00 W, 700.00 W, 1980 MHz, 2619 MHz, [N/A]
2025/11/27 03:35:40.587, 5, NVIDIA H100 80GB HBM3, P0, 40 %, 13 %, 81559 MiB, 45525 MiB, 35555 MiB, 57, 56, 456.51 W, 700.00 W, 700.00 W, 1980 MHz, 2619 MHz, [N/A]
2025/11/27 03:35:40.588, 6, NVIDIA H100 80GB HBM3, P0, 39 %, 13 %, 81559 MiB, 45525 MiB, 35555 MiB, 55, 55, 443.63 W, 700.00 W, 700.00 W, 1980 MHz, 2619 MHz, [N/A]
2025/11/27 03:35:40.588, 7, NVIDIA H100 80GB HBM3, P0, 41 %, 12 %, 81559 MiB, 45525 MiB, 35555 MiB, 53, 53, 467.00 W, 700.00 W, 700.00 W, 1980 MHz, 2619 MHz, [N/A]
2025/11/27 03:35:45.589, 0, NVIDIA H100 80GB HBM3, P0, 42 %, 11 %, 81559 MiB, 8323 MiB, 72757 MiB, 46, 53, 431.76 W, 700.00 W, 700.00 W, 1980 MHz, 2619 MHz, [N/A]
2025/11/27 03:35:45.590, 1, NVIDIA H100 80GB HBM3, P0, 4 %, 1 %, 81559 MiB, 45525 MiB, 35555 MiB, 54, 57, 411.90 W, 700.00 W, 700.00 W, 1980 MHz, 2619 MHz, [N/A]
2025/11/27 03:35:45.592, 2, NVIDIA H100 80GB HBM3, P0, 0 %, 0 %, 81559 MiB, 45525 MiB, 35555 MiB, 55, 58, 421.36 W, 700.00 W, 700.00 W, 1980 MHz, 2619 MHz, [N/A]
2025/11/27 03:35:45.593, 3, NVIDIA H100 80GB HBM3, P0, 35 %, 9 %, 81559 MiB, 45525 MiB, 35555 MiB, 44, 51, 391.77 W, 700.00 W, 700.00 W, 1980 MHz, 2619 MHz, [N/A]
2025/11/27 03:35:45.594, 4, NVIDIA H100 80GB HBM3, P0, 0 %, 0 %, 81559 MiB, 45525 MiB, 35555 MiB, 45, 49, 389.36 W, 700.00 W, 700.00 W, 1980 MHz, 2619 MHz, [N/A]
2025/11/27 03:35:45.594, 5, NVIDIA H100 80GB HBM3, P0, 14 %, 4 %, 81559 MiB, 45525 MiB, 35555 MiB, 54, 55, 418.69 W, 700.00 W, 700.00 W, 1980 MHz, 2619 MHz, [N/A]
2025/11/27 03:35:45.595, 6, NVIDIA H100 80GB HBM3, P0, 16 %, 4 %, 81559 MiB, 45525 MiB, 35555 MiB, 53, 54, 404.47 W, 700.00 W, 700.00 W, 1980 MHz, 2619 MHz, [N/A]
2025/11/27 03:35:45.600, 7, NVIDIA H100 80GB HBM3, P0, 20 %, 5 %, 81559 MiB, 45525 MiB, 35555 MiB, 45, 51, 370.03 W, 700.00 W, 700.00 W, 1980 MHz, 2619 MHz, [N/A]
2025/11/27 03:35:50.601, 0, NVIDIA H100 80GB HBM3, P0, 100 %, 13 %, 81559 MiB, 8323 MiB, 72757 MiB, 55, 55, 464.53 W, 700.00 W, 700.00 W, 1980 MHz, 2619 MHz, [N/A]
2025/11/27 03:35:50.602, 1, NVIDIA H100 80GB HBM3, P0, 100 %, 13 %, 81559 MiB, 45525 MiB, 35555 MiB, 57, 58, 439.65 W, 700.00 W, 700.00 W, 1980 MHz, 2619 MHz, [N/A]
2025/11/27 03:35:50.603, 2, NVIDIA H100 80GB HBM3, P0, 100 %, 13 %, 81559 MiB, 45525 MiB, 35555 MiB, 61, 58, 469.36 W, 700.00 W, 700.00 W, 1980 MHz, 2619 MHz, [N/A]
2025/11/27 03:35:50.604, 3, NVIDIA H100 80GB HBM3, P0, 100 %, 13 %, 81559 MiB, 45525 MiB, 35555 MiB, 52, 54, 439.11 W, 700.00 W, 700.00 W, 1980 MHz, 2619 MHz, [N/A]
2025/11/27 03:35:50.605, 4, NVIDIA H100 80GB HBM3, P0, 100 %, 13 %, 81559 MiB, 45525 MiB, 35555 MiB, 51, 49, 423.42 W, 700.00 W, 700.00 W, 1980 MHz, 2619 MHz, [N/A]
2025/11/27 03:35:50.606, 5, NVIDIA H100 80GB HBM3, P0, 100 %, 13 %, 81559 MiB, 45525 MiB, 35555 MiB, 58, 55, 457.90 W, 700.00 W, 700.00 W, 1980 MHz, 2619 MHz, [N/A]
2025/11/27 03:35:50.606, 6, NVIDIA H100 80GB HBM3, P0, 100 %, 13 %, 81559 MiB, 45525 MiB, 35555 MiB, 57, 55, 432.05 W, 700.00 W, 700.00 W, 1980 MHz, 2619 MHz, [N/A]
2025/11/27 03:35:50.607, 7, NVIDIA H100 80GB HBM3, P0, 100 %, 13 %, 81559 MiB, 45525 MiB, 35555 MiB, 53, 52, 432.67 W, 700.00 W, 700.00 W, 1980 MHz, 2619 MHz, [N/A]
2025/11/27 03:35:55.608, 0, NVIDIA H100 80GB HBM3, P0, 100 %, 13 %, 81559 MiB, 8323 MiB, 72757 MiB, 54, 56, 439.97 W, 700.00 W, 700.00 W, 1980 MHz, 2619 MHz, [N/A]
2025/11/27 03:35:55.609, 1, NVIDIA H100 80GB HBM3, P0, 55 %, 8 %, 81559 MiB, 45525 MiB, 35555 MiB, 59, 58, 435.48 W, 700.00 W, 700.00 W, 1980 MHz, 2619 MHz, [N/A]
2025/11/27 03:35:55.610, 2, NVIDIA H100 80GB HBM3, P0, 47 %, 7 %, 81559 MiB, 45525 MiB, 35555 MiB, 60, 58, 413.83 W, 700.00 W, 700.00 W, 1980 MHz, 2619 MHz, [N/A]
2025/11/27 03:35:55.611, 3, NVIDIA H100 80GB HBM3, P0, 100 %, 13 %, 81559 MiB, 45525 MiB, 35555 MiB, 52, 53, 425.23 W, 700.00 W, 700.00 W, 1980 MHz, 2619 MHz, [N/A]
2025/11/27 03:35:55.611, 4, NVIDIA H100 80GB HBM3, P0, 38 %, 6 %, 81559 MiB, 45525 MiB, 35555 MiB, 50, 51, 412.61 W, 700.00 W, 700.00 W, 1980 MHz, 2619 MHz, [N/A]
2025/11/27 03:35:55.612, 5, NVIDIA H100 80GB HBM3, P0, 71 %, 11 %, 81559 MiB, 45525 MiB, 35555 MiB, 58, 55, 414.29 W, 700.00 W, 700.00 W, 1980 MHz, 2619 MHz, [N/A]
2025/11/27 03:35:55.613, 6, NVIDIA H100 80GB HBM3, P0, 71 %, 11 %, 81559 MiB, 45525 MiB, 35555 MiB, 57, 55, 401.81 W, 700.00 W, 700.00 W, 1980 MHz, 2619 MHz, [N/A]
2025/11/27 03:35:55.613, 7, NVIDIA H100 80GB HBM3, P0, 83 %, 11 %, 81559 MiB, 45525 MiB, 35555 MiB, 52, 51, 410.60 W, 700.00 W, 700.00 W, 1980 MHz, 2619 MHz, [N/A]
2025/11/27 03:36:00.615, 0, NVIDIA H100 80GB HBM3, P0, 0 %, 0 %, 81559 MiB, 8323 MiB, 72757 MiB, 47, 55, 418.48 W, 700.00 W, 700.00 W, 1980 MHz, 2619 MHz, [N/A]
2025/11/27 03:36:00.616, 1, NVIDIA H100 80GB HBM3, P0, 19 %, 8 %, 81559 MiB, 45525 MiB, 35555 MiB, 56, 58, 420.61 W, 700.00 W, 700.00 W, 1980 MHz, 2619 MHz, [N/A]
2025/11/27 03:36:00.617, 2, NVIDIA H100 80GB HBM3, P0, 1 %, 0 %, 81559 MiB, 45525 MiB, 35555 MiB, 52, 56, 411.55 W, 700.00 W, 700.00 W, 1980 MHz, 2619 MHz, [N/A]
2025/11/27 03:36:00.617, 3, NVIDIA H100 80GB HBM3, P0, 0 %, 0 %, 81559 MiB, 45525 MiB, 35555 MiB, 43, 52, 403.42 W, 700.00 W, 700.00 W, 1980 MHz, 2619 MHz, [N/A]
2025/11/27 03:36:00.618, 4, NVIDIA H100 80GB HBM3, P0, 36 %, 12 %, 81559 MiB, 45525 MiB, 35555 MiB, 47, 49, 392.86 W, 700.00 W, 700.00 W, 1980 MHz, 2619 MHz, [N/A]
2025/11/27 03:36:00.619, 5, NVIDIA H100 80GB HBM3, P0, 40 %, 13 %, 81559 MiB, 45525 MiB, 35555 MiB, 49, 54, 405.32 W, 700.00 W, 700.00 W, 1980 MHz, 2619 MHz, [N/A]
2025/11/27 03:36:00.620, 6, NVIDIA H100 80GB HBM3, P0, 40 %, 13 %, 81559 MiB, 45525 MiB, 35555 MiB, 48, 53, 389.14 W, 700.00 W, 700.00 W, 1980 MHz, 2619 MHz, [N/A]
2025/11/27 03:36:00.620, 7, NVIDIA H100 80GB HBM3, P0, 0 %, 0 %, 81559 MiB, 45525 MiB, 35555 MiB, 44, 51, 388.22 W, 700.00 W, 700.00 W, 1980 MHz, 2619 MHz, [N/A]
2025/11/27 03:36:05.622, 0, NVIDIA H100 80GB HBM3, P0, 73 %, 12 %, 81559 MiB, 8323 MiB, 72757 MiB, 52, 57, 412.17 W, 700.00 W, 700.00 W, 1980 MHz, 2619 MHz, [N/A]
2025/11/27 03:36:05.623, 1, NVIDIA H100 80GB HBM3, P0, 56 %, 9 %, 81559 MiB, 45525 MiB, 35555 MiB, 56, 56, 362.53 W, 700.00 W, 700.00 W, 1980 MHz, 2619 MHz, [N/A]
2025/11/27 03:36:05.623, 2, NVIDIA H100 80GB HBM3, P0, 65 %, 10 %, 81559 MiB, 45525 MiB, 35555 MiB, 57, 58, 392.88 W, 700.00 W, 700.00 W, 1980 MHz, 2619 MHz, [N/A]
2025/11/27 03:36:05.624, 3, NVIDIA H100 80GB HBM3, P0, 39 %, 6 %, 81559 MiB, 45525 MiB, 35555 MiB, 47, 53, 344.21 W, 700.00 W, 700.00 W, 1980 MHz, 2619 MHz, [N/A]
2025/11/27 03:36:05.625, 4, NVIDIA H100 80GB HBM3, P0, 40 %, 6 %, 81559 MiB, 45525 MiB, 35555 MiB, 46, 49, 330.60 W, 700.00 W, 700.00 W, 1980 MHz, 2619 MHz, [N/A]
2025/11/27 03:36:05.625, 5, NVIDIA H100 80GB HBM3, P0, 37 %, 11 %, 81559 MiB, 45525 MiB, 35555 MiB, 55, 55, 373.28 W, 700.00 W, 700.00 W, 1980 MHz, 2619 MHz, [N/A]
2025/11/27 03:36:05.626, 6, NVIDIA H100 80GB HBM3, P0, 41 %, 12 %, 81559 MiB, 45525 MiB, 35555 MiB, 53, 55, 364.41 W, 700.00 W, 700.00 W, 1980 MHz, 2619 MHz, [N/A]
2025/11/27 03:36:05.626, 7, NVIDIA H100 80GB HBM3, P0, 67 %, 11 %, 81559 MiB, 45525 MiB, 35555 MiB, 51, 53, 360.20 W, 700.00 W, 700.00 W, 1980 MHz, 2619 MHz, [N/A]
2025/11/27 03:36:10.627, 0, NVIDIA H100 80GB HBM3, P0, 100 %, 14 %, 81559 MiB, 8323 MiB, 72757 MiB, 55, 56, 526.15 W, 700.00 W, 700.00 W, 1980 MHz, 2619 MHz, [N/A]
2025/11/27 03:36:10.628, 1, NVIDIA H100 80GB HBM3, P0, 100 %, 14 %, 81559 MiB, 45525 MiB, 35555 MiB, 59, 58, 505.46 W, 700.00 W, 700.00 W, 1980 MHz, 2619 MHz, [N/A]
2025/11/27 03:36:10.629, 2, NVIDIA H100 80GB HBM3, P0, 100 %, 14 %, 81559 MiB, 45525 MiB, 35555 MiB, 60, 58, 512.38 W, 700.00 W, 700.00 W, 1980 MHz, 2619 MHz, [N/A]
2025/11/27 03:36:10.630, 3, NVIDIA H100 80GB HBM3, P0, 100 %, 14 %, 81559 MiB, 45525 MiB, 35555 MiB, 53, 53, 495.19 W, 700.00 W, 700.00 W, 1980 MHz, 2619 MHz, [N/A]
2025/11/27 03:36:10.630, 4, NVIDIA H100 80GB HBM3, P0, 100 %, 14 %, 81559 MiB, 45525 MiB, 35555 MiB, 51, 49, 483.69 W, 700.00 W, 700.00 W, 1980 MHz, 2619 MHz, [N/A]
2025/11/27 03:36:10.631, 5, NVIDIA H100 80GB HBM3, P0, 100 %, 14 %, 81559 MiB, 45525 MiB, 35555 MiB, 58, 55, 503.62 W, 700.00 W, 700.00 W, 1980 MHz, 2619 MHz, [N/A]
2025/11/27 03:36:10.632, 6, NVIDIA H100 80GB HBM3, P0, 100 %, 14 %, 81559 MiB, 45525 MiB, 35555 MiB, 57, 55, 491.20 W, 700.00 W, 700.00 W, 1980 MHz, 2619 MHz, [N/A]
2025/11/27 03:36:10.632, 7, NVIDIA H100 80GB HBM3, P0, 100 %, 14 %, 81559 MiB, 45525 MiB, 35555 MiB, 53, 53, 483.69 W, 700.00 W, 700.00 W, 1980 MHz, 2619 MHz, [N/A]
2025/11/27 03:36:15.633, 0, NVIDIA H100 80GB HBM3, P0, 94 %, 68 %, 81559 MiB, 8323 MiB, 72757 MiB, 50, 59, 453.98 W, 700.00 W, 700.00 W, 1980 MHz, 2619 MHz, [N/A]
2025/11/27 03:36:15.634, 1, NVIDIA H100 80GB HBM3, P0, 100 %, 16 %, 81559 MiB, 45525 MiB, 35555 MiB, 52, 56, 382.29 W, 700.00 W, 700.00 W, 1980 MHz, 2619 MHz, [N/A]
2025/11/27 03:36:15.635, 2, NVIDIA H100 80GB HBM3, P0, 38 %, 13 %, 81559 MiB, 45525 MiB, 35555 MiB, 55, 58, 420.55 W, 700.00 W, 700.00 W, 1980 MHz, 2619 MHz, [N/A]
2025/11/27 03:36:15.636, 3, NVIDIA H100 80GB HBM3, P0, 54 %, 20 %, 81559 MiB, 45525 MiB, 35555 MiB, 46, 54, 397.33 W, 700.00 W, 700.00 W, 1980 MHz, 2619 MHz, [N/A]
2025/11/27 03:36:15.636, 4, NVIDIA H100 80GB HBM3, P0, 36 %, 12 %, 81559 MiB, 45525 MiB, 35555 MiB, 46, 51, 391.81 W, 700.00 W, 700.00 W, 1980 MHz, 2619 MHz, [N/A]
2025/11/27 03:36:15.637, 5, NVIDIA H100 80GB HBM3, P0, 100 %, 13 %, 81559 MiB, 45525 MiB, 35555 MiB, 52, 56, 428.54 W, 700.00 W, 700.00 W, 1980 MHz, 2619 MHz, [N/A]
2025/11/27 03:36:15.637, 6, NVIDIA H100 80GB HBM3, P0, 100 %, 14 %, 81559 MiB, 45525 MiB, 35555 MiB, 50, 54, 405.71 W, 700.00 W, 700.00 W, 1980 MHz, 2619 MHz, [N/A]
2025/11/27 03:36:15.638, 7, NVIDIA H100 80GB HBM3, P0, 74 %, 20 %, 81559 MiB, 45525 MiB, 35555 MiB, 47, 52, 406.99 W, 700.00 W, 700.00 W, 1980 MHz, 2619 MHz, [N/A]
2025/11/27 03:36:20.639, 0, NVIDIA H100 80GB HBM3, P0, 96 %, 31 %, 81559 MiB, 8323 MiB, 72757 MiB, 51, 62, 471.30 W, 700.00 W, 700.00 W, 1980 MHz, 2619 MHz, [N/A]
2025/11/27 03:36:20.640, 1, NVIDIA H100 80GB HBM3, P0, 100 %, 13 %, 81559 MiB, 45525 MiB, 35555 MiB, 53, 59, 415.99 W, 700.00 W, 700.00 W, 1980 MHz, 2619 MHz, [N/A]
2025/11/27 03:36:20.641, 2, NVIDIA H100 80GB HBM3, P0, 61 %, 20 %, 81559 MiB, 45525 MiB, 35555 MiB, 58, 59, 450.75 W, 700.00 W, 700.00 W, 1980 MHz, 2619 MHz, [N/A]
2025/11/27 03:36:20.641, 3, NVIDIA H100 80GB HBM3, P0, 100 %, 25 %, 81559 MiB, 45525 MiB, 35555 MiB, 47, 54, 430.73 W, 700.00 W, 700.00 W, 1980 MHz, 2619 MHz, [N/A]
2025/11/27 03:36:20.642, 4, NVIDIA H100 80GB HBM3, P0, 70 %, 22 %, 81559 MiB, 45525 MiB, 35555 MiB, 52, 51, 434.37 W, 700.00 W, 700.00 W, 1980 MHz, 2619 MHz, [N/A]
2025/11/27 03:36:20.643, 5, NVIDIA H100 80GB HBM3, P0, 100 %, 13 %, 81559 MiB, 45525 MiB, 35555 MiB, 54, 56, 462.92 W, 700.00 W, 700.00 W, 1980 MHz, 2619 MHz, [N/A]
2025/11/27 03:36:20.643, 6, NVIDIA H100 80GB HBM3, P0, 100 %, 13 %, 81559 MiB, 45525 MiB, 35555 MiB, 53, 55, 436.74 W, 700.00 W, 700.00 W, 1980 MHz, 2619 MHz, [N/A]
2025/11/27 03:36:20.644, 7, NVIDIA H100 80GB HBM3, P0, 100 %, 19 %, 81559 MiB, 45525 MiB, 35555 MiB, 46, 52, 397.78 W, 700.00 W, 700.00 W, 1980 MHz, 2619 MHz, [N/A]
2025/11/27 03:36:25.645, 0, NVIDIA H100 80GB HBM3, P0, 57 %, 27 %, 81559 MiB, 8323 MiB, 72757 MiB, 55, 56, 469.77 W, 700.00 W, 700.00 W, 1980 MHz, 2619 MHz, [N/A]
2025/11/27 03:36:25.646, 1, NVIDIA H100 80GB HBM3, P0, 76 %, 12 %, 81559 MiB, 45525 MiB, 35555 MiB, 58, 58, 453.26 W, 700.00 W, 700.00 W, 1980 MHz, 2619 MHz, [N/A]
2025/11/27 03:36:25.647, 2, NVIDIA H100 80GB HBM3, P0, 44 %, 6 %, 81559 MiB, 45525 MiB, 35555 MiB, 56, 58, 457.84 W, 700.00 W, 700.00 W, 1980 MHz, 2619 MHz, [N/A]
2025/11/27 03:36:25.648, 3, NVIDIA H100 80GB HBM3, P0, 42 %, 6 %, 81559 MiB, 45525 MiB, 35555 MiB, 51, 53, 447.28 W, 700.00 W, 700.00 W, 1980 MHz, 2619 MHz, [N/A]
2025/11/27 03:36:25.648, 4, NVIDIA H100 80GB HBM3, P0, 45 %, 5 %, 81559 MiB, 45525 MiB, 35555 MiB, 48, 50, 420.94 W, 700.00 W, 700.00 W, 1980 MHz, 2619 MHz, [N/A]
2025/11/27 03:36:25.649, 5, NVIDIA H100 80GB HBM3, P0, 63 %, 11 %, 81559 MiB, 45525 MiB, 35555 MiB, 57, 55, 447.17 W, 700.00 W, 700.00 W, 1980 MHz, 2619 MHz, [N/A]
2025/11/27 03:36:25.649, 6, NVIDIA H100 80GB HBM3, P0, 64 %, 11 %, 81559 MiB, 45525 MiB, 35555 MiB, 55, 55, 440.16 W, 700.00 W, 700.00 W, 1980 MHz, 2619 MHz, [N/A]
2025/11/27 03:36:25.650, 7, NVIDIA H100 80GB HBM3, P0, 51 %, 8 %, 81559 MiB, 45525 MiB, 35555 MiB, 53, 52, 448.68 W, 700.00 W, 700.00 W, 1980 MHz, 2619 MHz, [N/A]
2025/11/27 03:36:30.652, 0, NVIDIA H100 80GB HBM3, P0, 100 %, 14 %, 81559 MiB, 8323 MiB, 72757 MiB, 56, 56, 478.94 W, 700.00 W, 700.00 W, 1980 MHz, 2619 MHz, [N/A]
2025/11/27 03:36:30.653, 1, NVIDIA H100 80GB HBM3, P0, 100 %, 14 %, 81559 MiB, 45525 MiB, 35555 MiB, 59, 58, 468.76 W, 700.00 W, 700.00 W, 1980 MHz, 2619 MHz, [N/A]
2025/11/27 03:36:30.654, 2, NVIDIA H100 80GB HBM3, P0, 100 %, 14 %, 81559 MiB, 45525 MiB, 35555 MiB, 61, 58, 487.08 W, 700.00 W, 700.00 W, 1980 MHz, 2619 MHz, [N/A]
2025/11/27 03:36:30.655, 3, NVIDIA H100 80GB HBM3, P0, 100 %, 14 %, 81559 MiB, 45525 MiB, 35555 MiB, 53, 54, 450.92 W, 700.00 W, 700.00 W, 1980 MHz, 2619 MHz, [N/A]
2025/11/27 03:36:30.655, 4, NVIDIA H100 80GB HBM3, P0, 100 %, 14 %, 81559 MiB, 45525 MiB, 35555 MiB, 51, 49, 454.29 W, 700.00 W, 700.00 W, 1980 MHz, 2619 MHz, [N/A]
2025/11/27 03:36:30.656, 5, NVIDIA H100 80GB HBM3, P0, 100 %, 14 %, 81559 MiB, 45525 MiB, 35555 MiB, 59, 56, 478.01 W, 700.00 W, 700.00 W, 1980 MHz, 2619 MHz, [N/A]
2025/11/27 03:36:30.657, 6, NVIDIA H100 80GB HBM3, P0, 100 %, 14 %, 81559 MiB, 45525 MiB, 35555 MiB, 57, 57, 446.15 W, 700.00 W, 700.00 W, 1980 MHz, 2619 MHz, [N/A]
2025/11/27 03:36:30.657, 7, NVIDIA H100 80GB HBM3, P0, 100 %, 14 %, 81559 MiB, 45525 MiB, 35555 MiB, 50, 54, 461.89 W, 700.00 W, 700.00 W, 1980 MHz, 2619 MHz, [N/A]
2025/11/27 03:36:35.658, 0, NVIDIA H100 80GB HBM3, P0, 87 %, 16 %, 81559 MiB, 8323 MiB, 72757 MiB, 52, 58, 454.75 W, 700.00 W, 700.00 W, 1980 MHz, 2619 MHz, [N/A]
2025/11/27 03:36:35.659, 1, NVIDIA H100 80GB HBM3, P0, 66 %, 10 %, 81559 MiB, 45525 MiB, 35555 MiB, 58, 58, 435.83 W, 700.00 W, 700.00 W, 1980 MHz, 2619 MHz, [N/A]
2025/11/27 03:36:35.660, 2, NVIDIA H100 80GB HBM3, P0, 60 %, 9 %, 81559 MiB, 45525 MiB, 35555 MiB, 59, 58, 442.57 W, 700.00 W, 700.00 W, 1980 MHz, 2619 MHz, [N/A]
2025/11/27 03:36:35.661, 3, NVIDIA H100 80GB HBM3, P0, 92 %, 13 %, 81559 MiB, 45525 MiB, 35555 MiB, 49, 53, 428.21 W, 700.00 W, 700.00 W, 1980 MHz, 2619 MHz, [N/A]
2025/11/27 03:36:35.661, 4, NVIDIA H100 80GB HBM3, P0, 2 %, 0 %, 81559 MiB, 45525 MiB, 35555 MiB, 49, 49, 434.56 W, 700.00 W, 700.00 W, 1980 MHz, 2619 MHz, [N/A]
2025/11/27 03:36:35.662, 5, NVIDIA H100 80GB HBM3, P0, 81 %, 13 %, 81559 MiB, 45525 MiB, 35555 MiB, 52, 54, 429.88 W, 700.00 W, 700.00 W, 1980 MHz, 2619 MHz, [N/A]
2025/11/27 03:36:35.663, 6, NVIDIA H100 80GB HBM3, P0, 36 %, 5 %, 81559 MiB, 45525 MiB, 35555 MiB, 50, 53, 422.12 W, 700.00 W, 700.00 W, 1980 MHz, 2619 MHz, [N/A]
2025/11/27 03:36:35.663, 7, NVIDIA H100 80GB HBM3, P0, 46 %, 6 %, 81559 MiB, 45525 MiB, 35555 MiB, 52, 51, 425.22 W, 700.00 W, 700.00 W, 1980 MHz, 2619 MHz, [N/A]
2025/11/27 03:36:40.664, 0, NVIDIA H100 80GB HBM3, P0, 74 %, 27 %, 81559 MiB, 8323 MiB, 72757 MiB, 55, 56, 443.92 W, 700.00 W, 700.00 W, 1980 MHz, 2619 MHz, [N/A]
2025/11/27 03:36:40.665, 1, NVIDIA H100 80GB HBM3, P0, 73 %, 13 %, 81559 MiB, 45525 MiB, 35555 MiB, 59, 58, 418.63 W, 700.00 W, 700.00 W, 1980 MHz, 2619 MHz, [N/A]
2025/11/27 03:36:40.666, 2, NVIDIA H100 80GB HBM3, P0, 68 %, 9 %, 81559 MiB, 45525 MiB, 35555 MiB, 60, 58, 425.36 W, 700.00 W, 700.00 W, 1980 MHz, 2619 MHz, [N/A]
2025/11/27 03:36:40.667, 3, NVIDIA H100 80GB HBM3, P0, 23 %, 4 %, 81559 MiB, 45525 MiB, 35555 MiB, 51, 53, 403.30 W, 700.00 W, 700.00 W, 1980 MHz, 2619 MHz, [N/A]
2025/11/27 03:36:40.668, 4, NVIDIA H100 80GB HBM3, P0, 55 %, 8 %, 81559 MiB, 45525 MiB, 35555 MiB, 51, 50, 420.44 W, 700.00 W, 700.00 W, 1980 MHz, 2619 MHz, [N/A]
2025/11/27 03:36:40.669, 5, NVIDIA H100 80GB HBM3, P0, 54 %, 11 %, 81559 MiB, 45525 MiB, 35555 MiB, 57, 55, 414.41 W, 700.00 W, 700.00 W, 1980 MHz, 2619 MHz, [N/A]
2025/11/27 03:36:40.670, 6, NVIDIA H100 80GB HBM3, P0, 23 %, 3 %, 81559 MiB, 45525 MiB, 35555 MiB, 55, 55, 400.77 W, 700.00 W, 700.00 W, 1980 MHz, 2619 MHz, [N/A]
2025/11/27 03:36:40.670, 7, NVIDIA H100 80GB HBM3, P0, 49 %, 8 %, 81559 MiB, 45525 MiB, 35555 MiB, 53, 51, 417.25 W, 700.00 W, 700.00 W, 1980 MHz, 2619 MHz, [N/A]
2025/11/27 03:36:45.672, 0, NVIDIA H100 80GB HBM3, P0, 98 %, 19 %, 81559 MiB, 8323 MiB, 72757 MiB, 51, 59, 400.59 W, 700.00 W, 700.00 W, 1980 MHz, 2619 MHz, [N/A]
2025/11/27 03:36:45.673, 1, NVIDIA H100 80GB HBM3, P0, 85 %, 14 %, 81559 MiB, 45525 MiB, 35555 MiB, 53, 56, 352.47 W, 700.00 W, 700.00 W, 1980 MHz, 2619 MHz, [N/A]
2025/11/27 03:36:45.674, 2, NVIDIA H100 80GB HBM3, P0, 95 %, 25 %, 81559 MiB, 45525 MiB, 35555 MiB, 54, 58, 381.35 W, 700.00 W, 700.00 W, 1980 MHz, 2619 MHz, [N/A]
2025/11/27 03:36:45.674, 3, NVIDIA H100 80GB HBM3, P0, 100 %, 16 %, 81559 MiB, 45525 MiB, 35555 MiB, 49, 55, 378.22 W, 700.00 W, 700.00 W, 1980 MHz, 2619 MHz, [N/A]
2025/11/27 03:36:45.675, 4, NVIDIA H100 80GB HBM3, P0, 100 %, 23 %, 81559 MiB, 45525 MiB, 35555 MiB, 46, 49, 345.25 W, 700.00 W, 700.00 W, 1980 MHz, 2619 MHz, [N/A]
2025/11/27 03:36:45.676, 5, NVIDIA H100 80GB HBM3, P0, 49 %, 19 %, 81559 MiB, 45525 MiB, 35555 MiB, 52, 56, 359.72 W, 700.00 W, 700.00 W, 1980 MHz, 2619 MHz, [N/A]
2025/11/27 03:36:45.676, 6, NVIDIA H100 80GB HBM3, P0, 100 %, 13 %, 81559 MiB, 45525 MiB, 35555 MiB, 55, 56, 364.43 W, 700.00 W, 700.00 W, 1980 MHz, 2619 MHz, [N/A]
2025/11/27 03:36:45.677, 7, NVIDIA H100 80GB HBM3, P0, 100 %, 13 %, 81559 MiB, 45525 MiB, 35555 MiB, 47, 53, 341.39 W, 700.00 W, 700.00 W, 1980 MHz, 2619 MHz, [N/A]
2025/11/27 03:36:50.678, 0, NVIDIA H100 80GB HBM3, P0, 100 %, 13 %, 81559 MiB, 8323 MiB, 72757 MiB, 55, 56, 491.58 W, 700.00 W, 700.00 W, 1980 MHz, 2619 MHz, [N/A]
2025/11/27 03:36:50.679, 1, NVIDIA H100 80GB HBM3, P0, 100 %, 13 %, 81559 MiB, 45525 MiB, 35555 MiB, 59, 58, 478.99 W, 700.00 W, 700.00 W, 1980 MHz, 2619 MHz, [N/A]
2025/11/27 03:36:50.680, 2, NVIDIA H100 80GB HBM3, P0, 100 %, 13 %, 81559 MiB, 45525 MiB, 35555 MiB, 60, 58, 496.74 W, 700.00 W, 700.00 W, 1980 MHz, 2619 MHz, [N/A]
2025/11/27 03:36:50.681, 3, NVIDIA H100 80GB HBM3, P0, 100 %, 12 %, 81559 MiB, 45525 MiB, 35555 MiB, 53, 53, 464.70 W, 700.00 W, 700.00 W, 1980 MHz, 2619 MHz, [N/A]
2025/11/27 03:36:50.681, 4, NVIDIA H100 80GB HBM3, P0, 100 %, 12 %, 81559 MiB, 45525 MiB, 35555 MiB, 51, 50, 457.83 W, 700.00 W, 700.00 W, 1980 MHz, 2619 MHz, [N/A]
2025/11/27 03:36:50.682, 5, NVIDIA H100 80GB HBM3, P0, 100 %, 12 %, 81559 MiB, 45525 MiB, 35555 MiB, 59, 55, 480.09 W, 700.00 W, 700.00 W, 1980 MHz, 2619 MHz, [N/A]
2025/11/27 03:36:50.683, 6, NVIDIA H100 80GB HBM3, P0, 100 %, 13 %, 81559 MiB, 45525 MiB, 35555 MiB, 57, 56, 457.20 W, 700.00 W, 700.00 W, 1980 MHz, 2619 MHz, [N/A]
2025/11/27 03:36:50.683, 7, NVIDIA H100 80GB HBM3, P0, 100 %, 13 %, 81559 MiB, 45525 MiB, 35555 MiB, 54, 52, 472.93 W, 700.00 W, 700.00 W, 1980 MHz, 2619 MHz, [N/A]
2025/11/27 03:36:55.685, 0, NVIDIA H100 80GB HBM3, P0, 100 %, 14 %, 81559 MiB, 8323 MiB, 72757 MiB, 55, 56, 459.84 W, 700.00 W, 700.00 W, 1980 MHz, 2619 MHz, [N/A]
2025/11/27 03:36:55.686, 1, NVIDIA H100 80GB HBM3, P0, 100 %, 14 %, 81559 MiB, 45525 MiB, 35555 MiB, 59, 58, 429.72 W, 700.00 W, 700.00 W, 1980 MHz, 2619 MHz, [N/A]
2025/11/27 03:36:55.687, 2, NVIDIA H100 80GB HBM3, P0, 100 %, 14 %, 81559 MiB, 45525 MiB, 35555 MiB, 61, 59, 459.54 W, 700.00 W, 700.00 W, 1980 MHz, 2619 MHz, [N/A]
2025/11/27 03:36:55.688, 3, NVIDIA H100 80GB HBM3, P0, 100 %, 14 %, 81559 MiB, 45525 MiB, 35555 MiB, 52, 54, 429.42 W, 700.00 W, 700.00 W, 1980 MHz, 2619 MHz, [N/A]
2025/11/27 03:36:55.688, 4, NVIDIA H100 80GB HBM3, P0, 100 %, 14 %, 81559 MiB, 45525 MiB, 35555 MiB, 50, 49, 410.78 W, 700.00 W, 700.00 W, 1980 MHz, 2619 MHz, [N/A]
2025/11/27 03:36:55.689, 5, NVIDIA H100 80GB HBM3, P0, 100 %, 14 %, 81559 MiB, 45525 MiB, 35555 MiB, 58, 55, 450.59 W, 700.00 W, 700.00 W, 1980 MHz, 2619 MHz, [N/A]
2025/11/27 03:36:55.690, 6, NVIDIA H100 80GB HBM3, P0, 100 %, 14 %, 81559 MiB, 45525 MiB, 35555 MiB, 56, 55, 424.83 W, 700.00 W, 700.00 W, 1980 MHz, 2619 MHz, [N/A]
2025/11/27 03:36:55.690, 7, NVIDIA H100 80GB HBM3, P0, 100 %, 14 %, 81559 MiB, 45525 MiB, 35555 MiB, 53, 52, 425.40 W, 700.00 W, 700.00 W, 1980 MHz, 2619 MHz, [N/A]
2025/11/27 03:37:00.691, 0, NVIDIA H100 80GB HBM3, P0, 53 %, 12 %, 81559 MiB, 8323 MiB, 72757 MiB, 52, 57, 475.18 W, 700.00 W, 700.00 W, 1980 MHz, 2619 MHz, [N/A]
2025/11/27 03:37:00.692, 1, NVIDIA H100 80GB HBM3, P0, 37 %, 9 %, 81559 MiB, 45525 MiB, 35555 MiB, 55, 57, 420.27 W, 700.00 W, 700.00 W, 1980 MHz, 2619 MHz, [N/A]
2025/11/27 03:37:00.693, 2, NVIDIA H100 80GB HBM3, P0, 39 %, 10 %, 81559 MiB, 45525 MiB, 35555 MiB, 56, 58, 415.17 W, 700.00 W, 700.00 W, 1980 MHz, 2619 MHz, [N/A]
2025/11/27 03:37:00.694, 3, NVIDIA H100 80GB HBM3, P0, 40 %, 13 %, 81559 MiB, 45525 MiB, 35555 MiB, 50, 53, 427.67 W, 700.00 W, 700.00 W, 1980 MHz, 2619 MHz, [N/A]
2025/11/27 03:37:00.695, 4, NVIDIA H100 80GB HBM3, P0, 46 %, 13 %, 81559 MiB, 45525 MiB, 35555 MiB, 48, 50, 426.67 W, 700.00 W, 700.00 W, 1980 MHz, 2619 MHz, [N/A]
2025/11/27 03:37:00.696, 5, NVIDIA H100 80GB HBM3, P0, 40 %, 15 %, 81559 MiB, 45525 MiB, 35555 MiB, 52, 56, 419.15 W, 700.00 W, 700.00 W, 1980 MHz, 2619 MHz, [N/A]
2025/11/27 03:37:00.696, 6, NVIDIA H100 80GB HBM3, P0, 40 %, 14 %, 81559 MiB, 45525 MiB, 35555 MiB, 51, 55, 402.12 W, 700.00 W, 700.00 W, 1980 MHz, 2619 MHz, [N/A]
2025/11/27 03:37:00.697, 7, NVIDIA H100 80GB HBM3, P0, 40 %, 11 %, 81559 MiB, 45525 MiB, 35555 MiB, 50, 52, 416.52 W, 700.00 W, 700.00 W, 1980 MHz, 2619 MHz, [N/A]
2025/11/27 03:37:05.698, 0, NVIDIA H100 80GB HBM3, P0, 99 %, 19 %, 81559 MiB, 8323 MiB, 72757 MiB, 55, 55, 454.21 W, 700.00 W, 700.00 W, 1980 MHz, 2619 MHz, [N/A]
2025/11/27 03:37:05.699, 1, NVIDIA H100 80GB HBM3, P0, 100 %, 14 %, 81559 MiB, 45525 MiB, 35555 MiB, 59, 58, 424.23 W, 700.00 W, 700.00 W, 1980 MHz, 2619 MHz, [N/A]
2025/11/27 03:37:05.700, 2, NVIDIA H100 80GB HBM3, P0, 100 %, 14 %, 81559 MiB, 45525 MiB, 35555 MiB, 60, 58, 456.71 W, 700.00 W, 700.00 W, 1980 MHz, 2619 MHz, [N/A]
2025/11/27 03:37:05.701, 3, NVIDIA H100 80GB HBM3, P0, 100 %, 14 %, 81559 MiB, 45525 MiB, 35555 MiB, 52, 53, 407.45 W, 700.00 W, 700.00 W, 1980 MHz, 2619 MHz, [N/A]
2025/11/27 03:37:05.701, 4, NVIDIA H100 80GB HBM3, P0, 100 %, 14 %, 81559 MiB, 45525 MiB, 35555 MiB, 46, 49, 423.05 W, 700.00 W, 700.00 W, 1980 MHz, 2619 MHz, [N/A]
2025/11/27 03:37:05.702, 5, NVIDIA H100 80GB HBM3, P0, 100 %, 14 %, 81559 MiB, 45525 MiB, 35555 MiB, 58, 56, 434.97 W, 700.00 W, 700.00 W, 1980 MHz, 2619 MHz, [N/A]
2025/11/27 03:37:05.702, 6, NVIDIA H100 80GB HBM3, P0, 100 %, 14 %, 81559 MiB, 45525 MiB, 35555 MiB, 56, 55, 393.80 W, 700.00 W, 700.00 W, 1980 MHz, 2619 MHz, [N/A]
2025/11/27 03:37:05.703, 7, NVIDIA H100 80GB HBM3, P0, 100 %, 13 %, 81559 MiB, 45525 MiB, 35555 MiB, 51, 53, 409.69 W, 700.00 W, 700.00 W, 1980 MHz, 2619 MHz, [N/A]
2025/11/27 03:37:10.704, 0, NVIDIA H100 80GB HBM3, P0, 96 %, 54 %, 81559 MiB, 8323 MiB, 72757 MiB, 54, 57, 470.81 W, 700.00 W, 700.00 W, 1980 MHz, 2619 MHz, [N/A]
2025/11/27 03:37:10.705, 1, NVIDIA H100 80GB HBM3, P0, 100 %, 15 %, 81559 MiB, 45525 MiB, 35555 MiB, 54, 58, 418.70 W, 700.00 W, 700.00 W, 1980 MHz, 2619 MHz, [N/A]
2025/11/27 03:37:10.706, 2, NVIDIA H100 80GB HBM3, P0, 100 %, 16 %, 81559 MiB, 45525 MiB, 35555 MiB, 56, 59, 461.77 W, 700.00 W, 700.00 W, 1980 MHz, 2619 MHz, [N/A]
2025/11/27 03:37:10.707, 3, NVIDIA H100 80GB HBM3, P0, 77 %, 23 %, 81559 MiB, 45525 MiB, 35555 MiB, 53, 53, 439.69 W, 700.00 W, 700.00 W, 1980 MHz, 2619 MHz, [N/A]
2025/11/27 03:37:10.707, 4, NVIDIA H100 80GB HBM3, P0, 100 %, 13 %, 81559 MiB, 45525 MiB, 35555 MiB, 45, 51, 403.23 W, 700.00 W, 700.00 W, 1980 MHz, 2619 MHz, [N/A]
2025/11/27 03:37:10.708, 5, NVIDIA H100 80GB HBM3, P0, 100 %, 13 %, 81559 MiB, 45525 MiB, 35555 MiB, 59, 56, 446.90 W, 700.00 W, 700.00 W, 1980 MHz, 2619 MHz, [N/A]
2025/11/27 03:37:10.708, 6, NVIDIA H100 80GB HBM3, P0, 100 %, 13 %, 81559 MiB, 45525 MiB, 35555 MiB, 51, 55, 428.05 W, 700.00 W, 700.00 W, 1980 MHz, 2619 MHz, [N/A]
2025/11/27 03:37:10.709, 7, NVIDIA H100 80GB HBM3, P0, 100 %, 13 %, 81559 MiB, 45525 MiB, 35555 MiB, 47, 51, 412.21 W, 700.00 W, 700.00 W, 1980 MHz, 2619 MHz, [N/A]
2025/11/27 03:37:15.710, 0, NVIDIA H100 80GB HBM3, P0, 92 %, 56 %, 81559 MiB, 8323 MiB, 72757 MiB, 51, 61, 458.31 W, 700.00 W, 700.00 W, 1980 MHz, 2619 MHz, [N/A]
2025/11/27 03:37:15.711, 1, NVIDIA H100 80GB HBM3, P0, 62 %, 10 %, 81559 MiB, 45525 MiB, 35555 MiB, 53, 58, 419.50 W, 700.00 W, 700.00 W, 1980 MHz, 2619 MHz, [N/A]
2025/11/27 03:37:15.712, 2, NVIDIA H100 80GB HBM3, P0, 71 %, 22 %, 81559 MiB, 45525 MiB, 35555 MiB, 55, 58, 432.93 W, 700.00 W, 700.00 W, 1980 MHz, 2619 MHz, [N/A]
2025/11/27 03:37:15.713, 3, NVIDIA H100 80GB HBM3, P0, 40 %, 14 %, 81559 MiB, 45525 MiB, 35555 MiB, 48, 53, 416.90 W, 700.00 W, 700.00 W, 1980 MHz, 2619 MHz, [N/A]
2025/11/27 03:37:15.714, 4, NVIDIA H100 80GB HBM3, P0, 81 %, 22 %, 81559 MiB, 45525 MiB, 35555 MiB, 46, 50, 414.16 W, 700.00 W, 700.00 W, 1980 MHz, 2619 MHz, [N/A]
2025/11/27 03:37:15.714, 5, NVIDIA H100 80GB HBM3, P0, 100 %, 18 %, 81559 MiB, 45525 MiB, 35555 MiB, 54, 56, 420.58 W, 700.00 W, 700.00 W, 1980 MHz, 2619 MHz, [N/A]
2025/11/27 03:37:15.715, 6, NVIDIA H100 80GB HBM3, P0, 100 %, 16 %, 81559 MiB, 45525 MiB, 35555 MiB, 51, 55, 402.66 W, 700.00 W, 700.00 W, 1980 MHz, 2619 MHz, [N/A]
2025/11/27 03:37:15.716, 7, NVIDIA H100 80GB HBM3, P0, 100 %, 16 %, 81559 MiB, 45525 MiB, 35555 MiB, 47, 53, 403.61 W, 700.00 W, 700.00 W, 1980 MHz, 2619 MHz, [N/A]
2025/11/27 03:37:20.717, 0, NVIDIA H100 80GB HBM3, P0, 100 %, 13 %, 81559 MiB, 8323 MiB, 72757 MiB, 54, 56, 451.19 W, 700.00 W, 700.00 W, 1980 MHz, 2619 MHz, [N/A]
2025/11/27 03:37:20.718, 1, NVIDIA H100 80GB HBM3, P0, 51 %, 7 %, 81559 MiB, 45525 MiB, 35555 MiB, 58, 58, 426.62 W, 700.00 W, 700.00 W, 1980 MHz, 2619 MHz, [N/A]
2025/11/27 03:37:20.719, 2, NVIDIA H100 80GB HBM3, P0, 42 %, 6 %, 81559 MiB, 45525 MiB, 35555 MiB, 60, 59, 454.68 W, 700.00 W, 700.00 W, 1980 MHz, 2619 MHz, [N/A]
2025/11/27 03:37:20.720, 3, NVIDIA H100 80GB HBM3, P0, 97 %, 13 %, 81559 MiB, 45525 MiB, 35555 MiB, 52, 53, 426.58 W, 700.00 W, 700.00 W, 1980 MHz, 2619 MHz, [N/A]
2025/11/27 03:37:20.721, 4, NVIDIA H100 80GB HBM3, P0, 31 %, 4 %, 81559 MiB, 45525 MiB, 35555 MiB, 51, 49, 412.84 W, 700.00 W, 700.00 W, 1980 MHz, 2619 MHz, [N/A]
2025/11/27 03:37:20.722, 5, NVIDIA H100 80GB HBM3, P0, 100 %, 14 %, 81559 MiB, 45525 MiB, 35555 MiB, 58, 56, 441.04 W, 700.00 W, 700.00 W, 1980 MHz, 2619 MHz, [N/A]
2025/11/27 03:37:20.722, 6, NVIDIA H100 80GB HBM3, P0, 63 %, 11 %, 81559 MiB, 45525 MiB, 35555 MiB, 57, 55, 406.73 W, 700.00 W, 700.00 W, 1980 MHz, 2619 MHz, [N/A]
2025/11/27 03:37:20.723, 7, NVIDIA H100 80GB HBM3, P0, 63 %, 11 %, 81559 MiB, 45525 MiB, 35555 MiB, 53, 51, 412.31 W, 700.00 W, 700.00 W, 1980 MHz, 2619 MHz, [N/A]
2025/11/27 03:37:25.724, 0, NVIDIA H100 80GB HBM3, P0, 100 %, 13 %, 81559 MiB, 8323 MiB, 72757 MiB, 55, 56, 483.43 W, 700.00 W, 700.00 W, 1980 MHz, 2619 MHz, [N/A]
2025/11/27 03:37:25.725, 1, NVIDIA H100 80GB HBM3, P0, 100 %, 13 %, 81559 MiB, 45525 MiB, 35555 MiB, 54, 56, 444.56 W, 700.00 W, 700.00 W, 1980 MHz, 2619 MHz, [N/A]
2025/11/27 03:37:25.726, 2, NVIDIA H100 80GB HBM3, P0, 100 %, 13 %, 81559 MiB, 45525 MiB, 35555 MiB, 56, 58, 455.67 W, 700.00 W, 700.00 W, 1980 MHz, 2619 MHz, [N/A]
2025/11/27 03:37:25.727, 3, NVIDIA H100 80GB HBM3, P0, 100 %, 13 %, 81559 MiB, 45525 MiB, 35555 MiB, 51, 54, 454.38 W, 700.00 W, 700.00 W, 1980 MHz, 2619 MHz, [N/A]
2025/11/27 03:37:25.727, 4, NVIDIA H100 80GB HBM3, P0, 100 %, 13 %, 81559 MiB, 45525 MiB, 35555 MiB, 48, 51, 438.53 W, 700.00 W, 700.00 W, 1980 MHz, 2619 MHz, [N/A]
2025/11/27 03:37:25.728, 5, NVIDIA H100 80GB HBM3, P0, 100 %, 13 %, 81559 MiB, 45525 MiB, 35555 MiB, 59, 55, 476.17 W, 700.00 W, 700.00 W, 1980 MHz, 2619 MHz, [N/A]
2025/11/27 03:37:25.729, 6, NVIDIA H100 80GB HBM3, P0, 100 %, 13 %, 81559 MiB, 45525 MiB, 35555 MiB, 58, 56, 460.45 W, 700.00 W, 700.00 W, 1980 MHz, 2619 MHz, [N/A]
2025/11/27 03:37:25.730, 7, NVIDIA H100 80GB HBM3, P0, 100 %, 13 %, 81559 MiB, 45525 MiB, 35555 MiB, 54, 52, 455.56 W, 700.00 W, 700.00 W, 1980 MHz, 2619 MHz, [N/A]
2025/11/27 03:37:30.731, 0, NVIDIA H100 80GB HBM3, P0, 100 %, 15 %, 81559 MiB, 8323 MiB, 72757 MiB, 53, 55, 461.99 W, 700.00 W, 700.00 W, 1980 MHz, 2619 MHz, [N/A]
2025/11/27 03:37:30.733, 1, NVIDIA H100 80GB HBM3, P0, 65 %, 11 %, 81559 MiB, 45525 MiB, 35555 MiB, 61, 58, 467.01 W, 700.00 W, 700.00 W, 1980 MHz, 2619 MHz, [N/A]
2025/11/27 03:37:30.734, 2, NVIDIA H100 80GB HBM3, P0, 67 %, 11 %, 81559 MiB, 45525 MiB, 35555 MiB, 63, 59, 486.62 W, 700.00 W, 700.00 W, 1980 MHz, 2619 MHz, [N/A]
2025/11/27 03:37:30.734, 3, NVIDIA H100 80GB HBM3, P0, 100 %, 17 %, 81559 MiB, 45525 MiB, 35555 MiB, 46, 52, 442.91 W, 700.00 W, 700.00 W, 1980 MHz, 2619 MHz, [N/A]
2025/11/27 03:37:30.735, 4, NVIDIA H100 80GB HBM3, P0, 100 %, 17 %, 81559 MiB, 45525 MiB, 35555 MiB, 47, 49, 442.66 W, 700.00 W, 700.00 W, 1980 MHz, 2619 MHz, [N/A]
2025/11/27 03:37:30.735, 5, NVIDIA H100 80GB HBM3, P0, 100 %, 17 %, 81559 MiB, 45525 MiB, 35555 MiB, 61, 56, 483.88 W, 700.00 W, 700.00 W, 1980 MHz, 2619 MHz, [N/A]
2025/11/27 03:37:30.736, 6, NVIDIA H100 80GB HBM3, P0, 43 %, 6 %, 81559 MiB, 45525 MiB, 35555 MiB, 51, 53, 428.79 W, 700.00 W, 700.00 W, 1980 MHz, 2619 MHz, [N/A]
2025/11/27 03:37:30.736, 7, NVIDIA H100 80GB HBM3, P0, 100 %, 17 %, 81559 MiB, 45525 MiB, 35555 MiB, 56, 53, 445.36 W, 700.00 W, 700.00 W, 1980 MHz, 2619 MHz, [N/A]
2025/11/27 03:37:35.737, 0, NVIDIA H100 80GB HBM3, P0, 100 %, 13 %, 81559 MiB, 8323 MiB, 72757 MiB, 55, 56, 469.58 W, 700.00 W, 700.00 W, 1980 MHz, 2619 MHz, [N/A]
2025/11/27 03:37:35.739, 1, NVIDIA H100 80GB HBM3, P0, 100 %, 13 %, 81559 MiB, 45525 MiB, 35555 MiB, 56, 58, 458.40 W, 700.00 W, 700.00 W, 1980 MHz, 2619 MHz, [N/A]
2025/11/27 03:37:35.740, 2, NVIDIA H100 80GB HBM3, P0, 100 %, 13 %, 81559 MiB, 45525 MiB, 35555 MiB, 58, 60, 462.63 W, 700.00 W, 700.00 W, 1980 MHz, 2619 MHz, [N/A]
2025/11/27 03:37:35.741, 3, NVIDIA H100 80GB HBM3, P0, 100 %, 13 %, 81559 MiB, 45525 MiB, 35555 MiB, 52, 53, 451.12 W, 700.00 W, 700.00 W, 1980 MHz, 2619 MHz, [N/A]
2025/11/27 03:37:35.741, 4, NVIDIA H100 80GB HBM3, P0, 100 %, 13 %, 81559 MiB, 45525 MiB, 35555 MiB, 52, 49, 437.12 W, 700.00 W, 700.00 W, 1980 MHz, 2619 MHz, [N/A]
2025/11/27 03:37:35.742, 5, NVIDIA H100 80GB HBM3, P0, 100 %, 13 %, 81559 MiB, 45525 MiB, 35555 MiB, 58, 55, 476.18 W, 700.00 W, 700.00 W, 1980 MHz, 2619 MHz, [N/A]
2025/11/27 03:37:35.742, 6, NVIDIA H100 80GB HBM3, P0, 100 %, 19 %, 81559 MiB, 45525 MiB, 35555 MiB, 53, 55, 439.62 W, 700.00 W, 700.00 W, 1980 MHz, 2619 MHz, [N/A]
2025/11/27 03:37:35.743, 7, NVIDIA H100 80GB HBM3, P0, 100 %, 13 %, 81559 MiB, 45525 MiB, 35555 MiB, 53, 51, 449.36 W, 700.00 W, 700.00 W, 1980 MHz, 2619 MHz, [N/A]
2025/11/27 03:37:40.744, 0, NVIDIA H100 80GB HBM3, P0, 95 %, 26 %, 81559 MiB, 8323 MiB, 72757 MiB, 55, 55, 480.46 W, 700.00 W, 700.00 W, 1980 MHz, 2619 MHz, [N/A]
2025/11/27 03:37:40.745, 1, NVIDIA H100 80GB HBM3, P0, 24 %, 3 %, 81559 MiB, 45525 MiB, 35555 MiB, 58, 58, 443.94 W, 700.00 W, 700.00 W, 1980 MHz, 2619 MHz, [N/A]
2025/11/27 03:37:40.746, 2, NVIDIA H100 80GB HBM3, P0, 9 %, 2 %, 81559 MiB, 45525 MiB, 35555 MiB, 60, 58, 452.99 W, 700.00 W, 700.00 W, 1980 MHz, 2619 MHz, [N/A]
2025/11/27 03:37:40.747, 3, NVIDIA H100 80GB HBM3, P0, 64 %, 7 %, 81559 MiB, 45525 MiB, 35555 MiB, 52, 55, 441.74 W, 700.00 W, 700.00 W, 1980 MHz, 2619 MHz, [N/A]
2025/11/27 03:37:40.748, 4, NVIDIA H100 80GB HBM3, P0, 98 %, 11 %, 81559 MiB, 45525 MiB, 35555 MiB, 51, 49, 438.68 W, 700.00 W, 700.00 W, 1980 MHz, 2619 MHz, [N/A]
2025/11/27 03:37:40.748, 5, NVIDIA H100 80GB HBM3, P0, 29 %, 4 %, 81559 MiB, 45525 MiB, 35555 MiB, 57, 55, 446.10 W, 700.00 W, 700.00 W, 1980 MHz, 2619 MHz, [N/A]
2025/11/27 03:37:40.749, 6, NVIDIA H100 80GB HBM3, P0, 100 %, 13 %, 81559 MiB, 45525 MiB, 35555 MiB, 57, 55, 436.74 W, 700.00 W, 700.00 W, 1980 MHz, 2619 MHz, [N/A]
2025/11/27 03:37:40.749, 7, NVIDIA H100 80GB HBM3, P0, 56 %, 6 %, 81559 MiB, 45525 MiB, 35555 MiB, 53, 52, 452.90 W, 700.00 W, 700.00 W, 1980 MHz, 2619 MHz, [N/A]
2025/11/27 03:37:45.750, 0, NVIDIA H100 80GB HBM3, P0, 95 %, 44 %, 81559 MiB, 8323 MiB, 72757 MiB, 50, 56, 406.19 W, 700.00 W, 700.00 W, 1980 MHz, 2619 MHz, [N/A]
2025/11/27 03:37:45.751, 1, NVIDIA H100 80GB HBM3, P0, 100 %, 16 %, 81559 MiB, 45525 MiB, 35555 MiB, 53, 59, 392.14 W, 700.00 W, 700.00 W, 1980 MHz, 2619 MHz, [N/A]
2025/11/27 03:37:45.752, 2, NVIDIA H100 80GB HBM3, P0, 100 %, 14 %, 81559 MiB, 45525 MiB, 35555 MiB, 54, 59, 396.64 W, 700.00 W, 700.00 W, 1980 MHz, 2619 MHz, [N/A]
2025/11/27 03:37:45.753, 3, NVIDIA H100 80GB HBM3, P0, 91 %, 25 %, 81559 MiB, 45525 MiB, 35555 MiB, 47, 53, 377.75 W, 700.00 W, 700.00 W, 1980 MHz, 2619 MHz, [N/A]
2025/11/27 03:37:45.754, 4, NVIDIA H100 80GB HBM3, P0, 57 %, 17 %, 81559 MiB, 45525 MiB, 35555 MiB, 45, 50, 371.97 W, 700.00 W, 700.00 W, 1980 MHz, 2619 MHz, [N/A]
2025/11/27 03:37:45.754, 5, NVIDIA H100 80GB HBM3, P0, 40 %, 15 %, 81559 MiB, 45525 MiB, 35555 MiB, 51, 55, 392.67 W, 700.00 W, 700.00 W, 1980 MHz, 2619 MHz, [N/A]
2025/11/27 03:37:45.755, 6, NVIDIA H100 80GB HBM3, P0, 42 %, 14 %, 81559 MiB, 45525 MiB, 35555 MiB, 50, 55, 378.25 W, 700.00 W, 700.00 W, 1980 MHz, 2619 MHz, [N/A]
2025/11/27 03:37:45.756, 7, NVIDIA H100 80GB HBM3, P0, 100 %, 23 %, 81559 MiB, 45525 MiB, 35555 MiB, 48, 51, 387.05 W, 700.00 W, 700.00 W, 1980 MHz, 2619 MHz, [N/A]
2025/11/27 03:37:50.757, 0, NVIDIA H100 80GB HBM3, P0, 96 %, 39 %, 81559 MiB, 8323 MiB, 72757 MiB, 50, 57, 437.75 W, 700.00 W, 700.00 W, 1980 MHz, 2619 MHz, [N/A]
2025/11/27 03:37:50.758, 1, NVIDIA H100 80GB HBM3, P0, 100 %, 12 %, 81559 MiB, 45525 MiB, 35555 MiB, 53, 59, 410.94 W, 700.00 W, 700.00 W, 1980 MHz, 2619 MHz, [N/A]
2025/11/27 03:37:50.759, 2, NVIDIA H100 80GB HBM3, P0, 100 %, 13 %, 81559 MiB, 45525 MiB, 35555 MiB, 54, 60, 426.47 W, 700.00 W, 700.00 W, 1980 MHz, 2619 MHz, [N/A]
2025/11/27 03:37:50.760, 3, NVIDIA H100 80GB HBM3, P0, 96 %, 24 %, 81559 MiB, 45525 MiB, 35555 MiB, 47, 53, 428.44 W, 700.00 W, 700.00 W, 1980 MHz, 2619 MHz, [N/A]
2025/11/27 03:37:50.760, 4, NVIDIA H100 80GB HBM3, P0, 61 %, 18 %, 81559 MiB, 45525 MiB, 35555 MiB, 45, 49, 381.84 W, 700.00 W, 700.00 W, 1980 MHz, 2619 MHz, [N/A]
2025/11/27 03:37:50.761, 5, NVIDIA H100 80GB HBM3, P0, 40 %, 14 %, 81559 MiB, 45525 MiB, 35555 MiB, 51, 55, 418.81 W, 700.00 W, 700.00 W, 1980 MHz, 2619 MHz, [N/A]
2025/11/27 03:37:50.762, 6, NVIDIA H100 80GB HBM3, P0, 40 %, 15 %, 81559 MiB, 45525 MiB, 35555 MiB, 50, 55, 397.74 W, 700.00 W, 700.00 W, 1980 MHz, 2619 MHz, [N/A]
2025/11/27 03:37:50.762, 7, NVIDIA H100 80GB HBM3, P0, 100 %, 20 %, 81559 MiB, 45525 MiB, 35555 MiB, 49, 52, 418.68 W, 700.00 W, 700.00 W, 1980 MHz, 2619 MHz, [N/A]
2025/11/27 03:37:55.763, 0, NVIDIA H100 80GB HBM3, P0, 100 %, 13 %, 81559 MiB, 8323 MiB, 72757 MiB, 55, 56, 492.52 W, 700.00 W, 700.00 W, 1980 MHz, 2619 MHz, [N/A]
2025/11/27 03:37:55.764, 1, NVIDIA H100 80GB HBM3, P0, 100 %, 13 %, 81559 MiB, 45525 MiB, 35555 MiB, 59, 58, 465.87 W, 700.00 W, 700.00 W, 1980 MHz, 2619 MHz, [N/A]
2025/11/27 03:37:55.765, 2, NVIDIA H100 80GB HBM3, P0, 100 %, 13 %, 81559 MiB, 45525 MiB, 35555 MiB, 60, 58, 470.82 W, 700.00 W, 700.00 W, 1980 MHz, 2619 MHz, [N/A]
2025/11/27 03:37:55.766, 3, NVIDIA H100 80GB HBM3, P0, 100 %, 13 %, 81559 MiB, 45525 MiB, 35555 MiB, 52, 54, 453.82 W, 700.00 W, 700.00 W, 1980 MHz, 2619 MHz, [N/A]
2025/11/27 03:37:55.767, 4, NVIDIA H100 80GB HBM3, P0, 100 %, 13 %, 81559 MiB, 45525 MiB, 35555 MiB, 51, 49, 447.88 W, 700.00 W, 700.00 W, 1980 MHz, 2619 MHz, [N/A]
2025/11/27 03:37:55.768, 5, NVIDIA H100 80GB HBM3, P0, 100 %, 13 %, 81559 MiB, 45525 MiB, 35555 MiB, 59, 56, 471.68 W, 700.00 W, 700.00 W, 1980 MHz, 2619 MHz, [N/A]
2025/11/27 03:37:55.768, 6, NVIDIA H100 80GB HBM3, P0, 100 %, 13 %, 81559 MiB, 45525 MiB, 35555 MiB, 57, 55, 450.25 W, 700.00 W, 700.00 W, 1980 MHz, 2619 MHz, [N/A]
2025/11/27 03:37:55.769, 7, NVIDIA H100 80GB HBM3, P0, 100 %, 13 %, 81559 MiB, 45525 MiB, 35555 MiB, 53, 51, 453.46 W, 700.00 W, 700.00 W, 1980 MHz, 2619 MHz, [N/A]
2025/11/27 03:38:00.771, 0, NVIDIA H100 80GB HBM3, P0, 37 %, 5 %, 81559 MiB, 8323 MiB, 72757 MiB, 54, 56, 427.85 W, 700.00 W, 700.00 W, 1980 MHz, 2619 MHz, [N/A]
2025/11/27 03:38:00.772, 1, NVIDIA H100 80GB HBM3, P0, 76 %, 12 %, 81559 MiB, 45525 MiB, 35555 MiB, 56, 56, 400.05 W, 700.00 W, 700.00 W, 1980 MHz, 2619 MHz, [N/A]
2025/11/27 03:38:00.772, 2, NVIDIA H100 80GB HBM3, P0, 76 %, 12 %, 81559 MiB, 45525 MiB, 35555 MiB, 56, 57, 407.14 W, 700.00 W, 700.00 W, 1980 MHz, 2619 MHz, [N/A]
2025/11/27 03:38:00.773, 3, NVIDIA H100 80GB HBM3, P0, 38 %, 5 %, 81559 MiB, 45525 MiB, 35555 MiB, 51, 53, 391.27 W, 700.00 W, 700.00 W, 1980 MHz, 2619 MHz, [N/A]
2025/11/27 03:38:00.774, 4, NVIDIA H100 80GB HBM3, P0, 36 %, 5 %, 81559 MiB, 45525 MiB, 35555 MiB, 45, 49, 373.01 W, 700.00 W, 700.00 W, 1980 MHz, 2619 MHz, [N/A]
2025/11/27 03:38:00.774, 5, NVIDIA H100 80GB HBM3, P0, 27 %, 4 %, 81559 MiB, 45525 MiB, 35555 MiB, 56, 55, 408.45 W, 700.00 W, 700.00 W, 1980 MHz, 2619 MHz, [N/A]
2025/11/27 03:38:00.775, 6, NVIDIA H100 80GB HBM3, P0, 50 %, 6 %, 81559 MiB, 45525 MiB, 35555 MiB, 56, 55, 400.82 W, 700.00 W, 700.00 W, 1980 MHz, 2619 MHz, [N/A]
2025/11/27 03:38:00.776, 7, NVIDIA H100 80GB HBM3, P0, 61 %, 10 %, 81559 MiB, 45525 MiB, 35555 MiB, 53, 51, 396.52 W, 700.00 W, 700.00 W, 1980 MHz, 2619 MHz, [N/A]
2025/11/27 03:38:05.777, 0, NVIDIA H100 80GB HBM3, P0, 97 %, 33 %, 81559 MiB, 8323 MiB, 72757 MiB, 49, 57, 456.92 W, 700.00 W, 700.00 W, 1980 MHz, 2619 MHz, [N/A]
2025/11/27 03:38:05.778, 1, NVIDIA H100 80GB HBM3, P0, 100 %, 14 %, 81559 MiB, 45525 MiB, 35555 MiB, 53, 59, 428.14 W, 700.00 W, 700.00 W, 1980 MHz, 2619 MHz, [N/A]
2025/11/27 03:38:05.779, 2, NVIDIA H100 80GB HBM3, P0, 59 %, 20 %, 81559 MiB, 45525 MiB, 35555 MiB, 54, 58, 428.37 W, 700.00 W, 700.00 W, 1980 MHz, 2619 MHz, [N/A]
2025/11/27 03:38:05.780, 3, NVIDIA H100 80GB HBM3, P0, 39 %, 15 %, 81559 MiB, 45525 MiB, 35555 MiB, 46, 53, 418.13 W, 700.00 W, 700.00 W, 1980 MHz, 2619 MHz, [N/A]
2025/11/27 03:38:05.781, 4, NVIDIA H100 80GB HBM3, P0, 67 %, 19 %, 81559 MiB, 45525 MiB, 35555 MiB, 48, 50, 408.47 W, 700.00 W, 700.00 W, 1980 MHz, 2619 MHz, [N/A]
2025/11/27 03:38:05.782, 5, NVIDIA H100 80GB HBM3, P0, 42 %, 15 %, 81559 MiB, 45525 MiB, 35555 MiB, 51, 55, 421.52 W, 700.00 W, 700.00 W, 1980 MHz, 2619 MHz, [N/A]
2025/11/27 03:38:05.782, 6, NVIDIA H100 80GB HBM3, P0, 40 %, 15 %, 81559 MiB, 45525 MiB, 35555 MiB, 50, 56, 419.34 W, 700.00 W, 700.00 W, 1980 MHz, 2619 MHz, [N/A]
2025/11/27 03:38:05.783, 7, NVIDIA H100 80GB HBM3, P0, 100 %, 20 %, 81559 MiB, 45525 MiB, 35555 MiB, 47, 53, 426.15 W, 700.00 W, 700.00 W, 1980 MHz, 2619 MHz, [N/A]
2025/11/27 03:38:10.783, 0, NVIDIA H100 80GB HBM3, P0, 100 %, 12 %, 81559 MiB, 8323 MiB, 72757 MiB, 56, 56, 496.67 W, 700.00 W, 700.00 W, 1980 MHz, 2619 MHz, [N/A]
2025/11/27 03:38:10.784, 1, NVIDIA H100 80GB HBM3, P0, 100 %, 11 %, 81559 MiB, 45525 MiB, 35555 MiB, 59, 58, 484.00 W, 700.00 W, 700.00 W, 1980 MHz, 2619 MHz, [N/A]
2025/11/27 03:38:10.785, 2, NVIDIA H100 80GB HBM3, P0, 100 %, 13 %, 81559 MiB, 45525 MiB, 35555 MiB, 61, 58, 487.93 W, 700.00 W, 700.00 W, 1980 MHz, 2619 MHz, [N/A]
2025/11/27 03:38:10.786, 3, NVIDIA H100 80GB HBM3, P0, 100 %, 12 %, 81559 MiB, 45525 MiB, 35555 MiB, 53, 53, 464.49 W, 700.00 W, 700.00 W, 1980 MHz, 2619 MHz, [N/A]
2025/11/27 03:38:10.787, 4, NVIDIA H100 80GB HBM3, P0, 100 %, 13 %, 81559 MiB, 45525 MiB, 35555 MiB, 52, 51, 452.68 W, 700.00 W, 700.00 W, 1980 MHz, 2619 MHz, [N/A]
2025/11/27 03:38:10.788, 5, NVIDIA H100 80GB HBM3, P0, 100 %, 12 %, 81559 MiB, 45525 MiB, 35555 MiB, 59, 56, 485.74 W, 700.00 W, 700.00 W, 1980 MHz, 2619 MHz, [N/A]
2025/11/27 03:38:10.789, 6, NVIDIA H100 80GB HBM3, P0, 100 %, 12 %, 81559 MiB, 45525 MiB, 35555 MiB, 57, 55, 459.57 W, 700.00 W, 700.00 W, 1980 MHz, 2619 MHz, [N/A]
2025/11/27 03:38:10.790, 7, NVIDIA H100 80GB HBM3, P0, 100 %, 13 %, 81559 MiB, 45525 MiB, 35555 MiB, 54, 53, 481.89 W, 700.00 W, 700.00 W, 1980 MHz, 2619 MHz, [N/A]
2025/11/27 03:38:15.791, 0, NVIDIA H100 80GB HBM3, P0, 61 %, 25 %, 81559 MiB, 8323 MiB, 72757 MiB, 54, 55, 381.41 W, 700.00 W, 700.00 W, 1980 MHz, 2619 MHz, [N/A]
2025/11/27 03:38:15.792, 1, NVIDIA H100 80GB HBM3, P0, 45 %, 11 %, 81559 MiB, 45525 MiB, 35555 MiB, 53, 57, 334.91 W, 700.00 W, 700.00 W, 1980 MHz, 2619 MHz, [N/A]
2025/11/27 03:38:15.793, 2, NVIDIA H100 80GB HBM3, P0, 43 %, 12 %, 81559 MiB, 45525 MiB, 35555 MiB, 55, 58, 352.36 W, 700.00 W, 700.00 W, 1980 MHz, 2619 MHz, [N/A]
2025/11/27 03:38:15.794, 3, NVIDIA H100 80GB HBM3, P0, 54 %, 9 %, 81559 MiB, 45525 MiB, 35555 MiB, 51, 54, 356.03 W, 700.00 W, 700.00 W, 1980 MHz, 2619 MHz, [N/A]
2025/11/27 03:38:15.795, 4, NVIDIA H100 80GB HBM3, P0, 73 %, 12 %, 81559 MiB, 45525 MiB, 35555 MiB, 48, 49, 336.88 W, 700.00 W, 700.00 W, 1980 MHz, 2619 MHz, [N/A]
2025/11/27 03:38:15.795, 5, NVIDIA H100 80GB HBM3, P0, 51 %, 9 %, 81559 MiB, 45525 MiB, 35555 MiB, 56, 55, 370.27 W, 700.00 W, 700.00 W, 1980 MHz, 2619 MHz, [N/A]
2025/11/27 03:38:15.796, 6, NVIDIA H100 80GB HBM3, P0, 42 %, 7 %, 81559 MiB, 45525 MiB, 35555 MiB, 55, 55, 346.28 W, 700.00 W, 700.00 W, 1980 MHz, 2619 MHz, [N/A]
2025/11/27 03:38:15.797, 7, NVIDIA H100 80GB HBM3, P0, 40 %, 11 %, 81559 MiB, 45525 MiB, 35555 MiB, 51, 52, 347.56 W, 700.00 W, 700.00 W, 1980 MHz, 2619 MHz, [N/A]
2025/11/27 03:38:20.798, 0, NVIDIA H100 80GB HBM3, P0, 100 %, 14 %, 81559 MiB, 8323 MiB, 72757 MiB, 49, 57, 439.57 W, 700.00 W, 700.00 W, 1980 MHz, 2619 MHz, [N/A]
2025/11/27 03:38:20.799, 1, NVIDIA H100 80GB HBM3, P0, 100 %, 14 %, 81559 MiB, 45525 MiB, 35555 MiB, 53, 56, 409.57 W, 700.00 W, 700.00 W, 1980 MHz, 2619 MHz, [N/A]
2025/11/27 03:38:20.800, 2, NVIDIA H100 80GB HBM3, P0, 100 %, 21 %, 81559 MiB, 45525 MiB, 35555 MiB, 55, 58, 416.22 W, 700.00 W, 700.00 W, 1980 MHz, 2619 MHz, [N/A]
2025/11/27 03:38:20.800, 3, NVIDIA H100 80GB HBM3, P0, 61 %, 21 %, 81559 MiB, 45525 MiB, 35555 MiB, 46, 53, 406.46 W, 700.00 W, 700.00 W, 1980 MHz, 2619 MHz, [N/A]
2025/11/27 03:38:20.801, 4, NVIDIA H100 80GB HBM3, P0, 40 %, 13 %, 81559 MiB, 45525 MiB, 35555 MiB, 47, 51, 404.89 W, 700.00 W, 700.00 W, 1980 MHz, 2619 MHz, [N/A]
2025/11/27 03:38:20.802, 5, NVIDIA H100 80GB HBM3, P0, 73 %, 21 %, 81559 MiB, 45525 MiB, 35555 MiB, 52, 54, 416.64 W, 700.00 W, 700.00 W, 1980 MHz, 2619 MHz, [N/A]
2025/11/27 03:38:20.802, 6, NVIDIA H100 80GB HBM3, P0, 77 %, 23 %, 81559 MiB, 45525 MiB, 35555 MiB, 50, 53, 395.06 W, 700.00 W, 700.00 W, 1980 MHz, 2619 MHz, [N/A]
2025/11/27 03:38:20.803, 7, NVIDIA H100 80GB HBM3, P0, 100 %, 14 %, 81559 MiB, 45525 MiB, 35555 MiB, 47, 52, 410.34 W, 700.00 W, 700.00 W, 1980 MHz, 2619 MHz, [N/A]
2025/11/27 03:38:25.804, 0, NVIDIA H100 80GB HBM3, P0, 97 %, 15 %, 81559 MiB, 8323 MiB, 72757 MiB, 49, 57, 456.47 W, 700.00 W, 700.00 W, 1980 MHz, 2619 MHz, [N/A]
2025/11/27 03:38:25.805, 1, NVIDIA H100 80GB HBM3, P0, 100 %, 12 %, 81559 MiB, 45525 MiB, 35555 MiB, 53, 57, 423.33 W, 700.00 W, 700.00 W, 1980 MHz, 2619 MHz, [N/A]
2025/11/27 03:38:25.806, 2, NVIDIA H100 80GB HBM3, P0, 100 %, 24 %, 81559 MiB, 45525 MiB, 35555 MiB, 55, 58, 436.68 W, 700.00 W, 700.00 W, 1980 MHz, 2619 MHz, [N/A]
2025/11/27 03:38:25.807, 3, NVIDIA H100 80GB HBM3, P0, 46 %, 18 %, 81559 MiB, 45525 MiB, 35555 MiB, 46, 55, 414.72 W, 700.00 W, 700.00 W, 1980 MHz, 2619 MHz, [N/A]
2025/11/27 03:38:25.807, 4, NVIDIA H100 80GB HBM3, P0, 39 %, 13 %, 81559 MiB, 45525 MiB, 35555 MiB, 46, 49, 412.02 W, 700.00 W, 700.00 W, 1980 MHz, 2619 MHz, [N/A]
2025/11/27 03:38:25.808, 5, NVIDIA H100 80GB HBM3, P0, 58 %, 19 %, 81559 MiB, 45525 MiB, 35555 MiB, 52, 56, 429.90 W, 700.00 W, 700.00 W, 1980 MHz, 2619 MHz, [N/A]
2025/11/27 03:38:25.809, 6, NVIDIA H100 80GB HBM3, P0, 63 %, 20 %, 81559 MiB, 45525 MiB, 35555 MiB, 51, 54, 410.70 W, 700.00 W, 700.00 W, 1980 MHz, 2619 MHz, [N/A]
2025/11/27 03:38:25.809, 7, NVIDIA H100 80GB HBM3, P0, 100 %, 12 %, 81559 MiB, 45525 MiB, 35555 MiB, 47, 52, 403.79 W, 700.00 W, 700.00 W, 1980 MHz, 2619 MHz, [N/A]
2025/11/27 03:38:30.810, 0, NVIDIA H100 80GB HBM3, P0, 78 %, 30 %, 81559 MiB, 8323 MiB, 72757 MiB, 54, 55, 408.37 W, 700.00 W, 700.00 W, 1980 MHz, 2619 MHz, [N/A]
2025/11/27 03:38:30.811, 1, NVIDIA H100 80GB HBM3, P0, 98 %, 13 %, 81559 MiB, 45525 MiB, 35555 MiB, 58, 58, 385.56 W, 700.00 W, 700.00 W, 1980 MHz, 2619 MHz, [N/A]
2025/11/27 03:38:30.812, 2, NVIDIA H100 80GB HBM3, P0, 88 %, 12 %, 81559 MiB, 45525 MiB, 35555 MiB, 60, 58, 403.73 W, 700.00 W, 700.00 W, 1980 MHz, 2619 MHz, [N/A]
2025/11/27 03:38:30.813, 3, NVIDIA H100 80GB HBM3, P0, 100 %, 13 %, 81559 MiB, 45525 MiB, 35555 MiB, 52, 54, 387.48 W, 700.00 W, 700.00 W, 1980 MHz, 2619 MHz, [N/A]
2025/11/27 03:38:30.813, 4, NVIDIA H100 80GB HBM3, P0, 100 %, 14 %, 81559 MiB, 45525 MiB, 35555 MiB, 51, 49, 374.47 W, 700.00 W, 700.00 W, 1980 MHz, 2619 MHz, [N/A]
2025/11/27 03:38:30.814, 5, NVIDIA H100 80GB HBM3, P0, 100 %, 13 %, 81559 MiB, 45525 MiB, 35555 MiB, 58, 55, 397.68 W, 700.00 W, 700.00 W, 1980 MHz, 2619 MHz, [N/A]
2025/11/27 03:38:30.814, 6, NVIDIA H100 80GB HBM3, P0, 100 %, 14 %, 81559 MiB, 45525 MiB, 35555 MiB, 57, 55, 387.18 W, 700.00 W, 700.00 W, 1980 MHz, 2619 MHz, [N/A]
2025/11/27 03:38:30.815, 7, NVIDIA H100 80GB HBM3, P0, 26 %, 4 %, 81559 MiB, 45525 MiB, 35555 MiB, 52, 51, 375.98 W, 700.00 W, 700.00 W, 1980 MHz, 2619 MHz, [N/A]
2025/11/27 03:38:35.817, 0, NVIDIA H100 80GB HBM3, P0, 100 %, 14 %, 81559 MiB, 8323 MiB, 72757 MiB, 56, 56, 525.44 W, 700.00 W, 700.00 W, 1980 MHz, 2619 MHz, [N/A]
2025/11/27 03:38:35.818, 1, NVIDIA H100 80GB HBM3, P0, 100 %, 14 %, 81559 MiB, 45525 MiB, 35555 MiB, 59, 58, 496.81 W, 700.00 W, 700.00 W, 1980 MHz, 2619 MHz, [N/A]
2025/11/27 03:38:35.818, 2, NVIDIA H100 80GB HBM3, P0, 100 %, 15 %, 81559 MiB, 45525 MiB, 35555 MiB, 60, 59, 504.80 W, 700.00 W, 700.00 W, 1980 MHz, 2619 MHz, [N/A]
2025/11/27 03:38:35.819, 3, NVIDIA H100 80GB HBM3, P0, 100 %, 14 %, 81559 MiB, 45525 MiB, 35555 MiB, 53, 54, 490.76 W, 700.00 W, 700.00 W, 1980 MHz, 2619 MHz, [N/A]
2025/11/27 03:38:35.820, 4, NVIDIA H100 80GB HBM3, P0, 100 %, 14 %, 81559 MiB, 45525 MiB, 35555 MiB, 51, 49, 474.17 W, 700.00 W, 700.00 W, 1980 MHz, 2619 MHz, [N/A]
2025/11/27 03:38:35.820, 5, NVIDIA H100 80GB HBM3, P0, 100 %, 14 %, 81559 MiB, 45525 MiB, 35555 MiB, 58, 55, 494.49 W, 700.00 W, 700.00 W, 1980 MHz, 2619 MHz, [N/A]
2025/11/27 03:38:35.821, 6, NVIDIA H100 80GB HBM3, P0, 100 %, 14 %, 81559 MiB, 45525 MiB, 35555 MiB, 57, 55, 482.85 W, 700.00 W, 700.00 W, 1980 MHz, 2619 MHz, [N/A]
2025/11/27 03:38:35.822, 7, NVIDIA H100 80GB HBM3, P0, 100 %, 14 %, 81559 MiB, 45525 MiB, 35555 MiB, 53, 53, 491.01 W, 700.00 W, 700.00 W, 1980 MHz, 2619 MHz, [N/A]
2025/11/27 03:38:40.823, 0, NVIDIA H100 80GB HBM3, P0, 43 %, 10 %, 81559 MiB, 8323 MiB, 72757 MiB, 55, 55, 458.37 W, 700.00 W, 700.00 W, 1980 MHz, 2619 MHz, [N/A]
2025/11/27 03:38:40.825, 1, NVIDIA H100 80GB HBM3, P0, 62 %, 14 %, 81559 MiB, 45525 MiB, 35555 MiB, 58, 58, 430.37 W, 700.00 W, 700.00 W, 1980 MHz, 2619 MHz, [N/A]
2025/11/27 03:38:40.825, 2, NVIDIA H100 80GB HBM3, P0, 57 %, 13 %, 81559 MiB, 45525 MiB, 35555 MiB, 59, 58, 448.08 W, 700.00 W, 700.00 W, 1980 MHz, 2619 MHz, [N/A]
2025/11/27 03:38:40.826, 3, NVIDIA H100 80GB HBM3, P0, 45 %, 6 %, 81559 MiB, 45525 MiB, 35555 MiB, 52, 53, 407.93 W, 700.00 W, 700.00 W, 1980 MHz, 2619 MHz, [N/A]
2025/11/27 03:38:40.827, 4, NVIDIA H100 80GB HBM3, P0, 78 %, 11 %, 81559 MiB, 45525 MiB, 35555 MiB, 47, 49, 402.21 W, 700.00 W, 700.00 W, 1980 MHz, 2619 MHz, [N/A]
2025/11/27 03:38:40.828, 5, NVIDIA H100 80GB HBM3, P0, 100 %, 15 %, 81559 MiB, 45525 MiB, 35555 MiB, 58, 55, 445.20 W, 700.00 W, 700.00 W, 1980 MHz, 2619 MHz, [N/A]
2025/11/27 03:38:40.828, 6, NVIDIA H100 80GB HBM3, P0, 31 %, 4 %, 81559 MiB, 45525 MiB, 35555 MiB, 56, 55, 415.60 W, 700.00 W, 700.00 W, 1980 MHz, 2619 MHz, [N/A]
2025/11/27 03:38:40.829, 7, NVIDIA H100 80GB HBM3, P0, 30 %, 4 %, 81559 MiB, 45525 MiB, 35555 MiB, 52, 51, 419.52 W, 700.00 W, 700.00 W, 1980 MHz, 2619 MHz, [N/A]
2025/11/27 03:38:45.830, 0, NVIDIA H100 80GB HBM3, P0, 0 %, 0 %, 81559 MiB, 8323 MiB, 72757 MiB, 54, 57, 441.02 W, 700.00 W, 700.00 W, 1980 MHz, 2619 MHz, [N/A]
2025/11/27 03:38:45.831, 1, NVIDIA H100 80GB HBM3, P0, 0 %, 0 %, 81559 MiB, 45525 MiB, 35555 MiB, 52, 56, 404.43 W, 700.00 W, 700.00 W, 1980 MHz, 2619 MHz, [N/A]
2025/11/27 03:38:45.832, 2, NVIDIA H100 80GB HBM3, P0, 0 %, 0 %, 81559 MiB, 45525 MiB, 35555 MiB, 52, 56, 410.14 W, 700.00 W, 700.00 W, 1980 MHz, 2619 MHz, [N/A]
2025/11/27 03:38:45.832, 3, NVIDIA H100 80GB HBM3, P0, 26 %, 4 %, 81559 MiB, 45525 MiB, 35555 MiB, 50, 53, 401.08 W, 700.00 W, 700.00 W, 1980 MHz, 2619 MHz, [N/A]
2025/11/27 03:38:45.833, 4, NVIDIA H100 80GB HBM3, P0, 45 %, 7 %, 81559 MiB, 45525 MiB, 35555 MiB, 42, 49, 385.28 W, 700.00 W, 700.00 W, 1980 MHz, 2619 MHz, [N/A]
2025/11/27 03:38:45.834, 5, NVIDIA H100 80GB HBM3, P0, 75 %, 12 %, 81559 MiB, 45525 MiB, 35555 MiB, 56, 55, 426.61 W, 700.00 W, 700.00 W, 1980 MHz, 2619 MHz, [N/A]
2025/11/27 03:38:45.834, 6, NVIDIA H100 80GB HBM3, P0, 12 %, 2 %, 81559 MiB, 45525 MiB, 35555 MiB, 53, 56, 415.44 W, 700.00 W, 700.00 W, 1980 MHz, 2619 MHz, [N/A]
2025/11/27 03:38:45.835, 7, NVIDIA H100 80GB HBM3, P0, 7 %, 1 %, 81559 MiB, 45525 MiB, 35555 MiB, 49, 51, 414.96 W, 700.00 W, 700.00 W, 1980 MHz, 2619 MHz, [N/A]
2025/11/27 03:38:50.836, 0, NVIDIA H100 80GB HBM3, P0, 95 %, 33 %, 81559 MiB, 8323 MiB, 72757 MiB, 51, 61, 454.88 W, 700.00 W, 700.00 W, 1980 MHz, 2619 MHz, [N/A]
2025/11/27 03:38:50.837, 1, NVIDIA H100 80GB HBM3, P0, 100 %, 12 %, 81559 MiB, 45525 MiB, 35555 MiB, 56, 58, 419.74 W, 700.00 W, 700.00 W, 1980 MHz, 2619 MHz, [N/A]
2025/11/27 03:38:50.838, 2, NVIDIA H100 80GB HBM3, P0, 100 %, 12 %, 81559 MiB, 45525 MiB, 35555 MiB, 58, 59, 440.56 W, 700.00 W, 700.00 W, 1980 MHz, 2619 MHz, [N/A]
2025/11/27 03:38:50.838, 3, NVIDIA H100 80GB HBM3, P0, 100 %, 25 %, 81559 MiB, 45525 MiB, 35555 MiB, 47, 53, 417.62 W, 700.00 W, 700.00 W, 1980 MHz, 2619 MHz, [N/A]
2025/11/27 03:38:50.839, 4, NVIDIA H100 80GB HBM3, P0, 68 %, 20 %, 81559 MiB, 45525 MiB, 35555 MiB, 50, 51, 417.38 W, 700.00 W, 700.00 W, 1980 MHz, 2619 MHz, [N/A]
2025/11/27 03:38:50.840, 5, NVIDIA H100 80GB HBM3, P0, 39 %, 15 %, 81559 MiB, 45525 MiB, 35555 MiB, 52, 55, 429.29 W, 700.00 W, 700.00 W, 1980 MHz, 2619 MHz, [N/A]
2025/11/27 03:38:50.840, 6, NVIDIA H100 80GB HBM3, P0, 42 %, 15 %, 81559 MiB, 45525 MiB, 35555 MiB, 52, 55, 415.37 W, 700.00 W, 700.00 W, 1980 MHz, 2619 MHz, [N/A]
2025/11/27 03:38:50.841, 7, NVIDIA H100 80GB HBM3, P0, 100 %, 18 %, 81559 MiB, 45525 MiB, 35555 MiB, 49, 53, 405.60 W, 700.00 W, 700.00 W, 1980 MHz, 2619 MHz, [N/A]
2025/11/27 03:38:55.842, 0, NVIDIA H100 80GB HBM3, P0, 40 %, 9 %, 81559 MiB, 8323 MiB, 72757 MiB, 48, 58, 440.36 W, 700.00 W, 700.00 W, 1980 MHz, 2619 MHz, [N/A]
2025/11/27 03:38:55.843, 1, NVIDIA H100 80GB HBM3, P0, 32 %, 8 %, 81559 MiB, 45525 MiB, 35555 MiB, 56, 58, 413.10 W, 700.00 W, 700.00 W, 1980 MHz, 2619 MHz, [N/A]
2025/11/27 03:38:55.844, 2, NVIDIA H100 80GB HBM3, P0, 34 %, 9 %, 81559 MiB, 45525 MiB, 35555 MiB, 58, 58, 422.78 W, 700.00 W, 700.00 W, 1980 MHz, 2619 MHz, [N/A]
2025/11/27 03:38:55.845, 3, NVIDIA H100 80GB HBM3, P0, 51 %, 12 %, 81559 MiB, 45525 MiB, 35555 MiB, 46, 52, 400.90 W, 700.00 W, 700.00 W, 1980 MHz, 2619 MHz, [N/A]
2025/11/27 03:38:55.846, 4, NVIDIA H100 80GB HBM3, P0, 37 %, 8 %, 81559 MiB, 45525 MiB, 35555 MiB, 48, 50, 393.72 W, 700.00 W, 700.00 W, 1980 MHz, 2619 MHz, [N/A]
2025/11/27 03:38:55.847, 5, NVIDIA H100 80GB HBM3, P0, 31 %, 4 %, 81559 MiB, 45525 MiB, 35555 MiB, 57, 55, 416.32 W, 700.00 W, 700.00 W, 1980 MHz, 2619 MHz, [N/A]
2025/11/27 03:38:55.847, 6, NVIDIA H100 80GB HBM3, P0, 27 %, 4 %, 81559 MiB, 45525 MiB, 35555 MiB, 51, 53, 394.56 W, 700.00 W, 700.00 W, 1980 MHz, 2619 MHz, [N/A]
2025/11/27 03:38:55.848, 7, NVIDIA H100 80GB HBM3, P0, 49 %, 11 %, 81559 MiB, 45525 MiB, 35555 MiB, 46, 51, 405.42 W, 700.00 W, 700.00 W, 1980 MHz, 2619 MHz, [N/A]
2025/11/27 03:39:00.849, 0, NVIDIA H100 80GB HBM3, P0, 100 %, 13 %, 81559 MiB, 8323 MiB, 72757 MiB, 51, 60, 463.52 W, 700.00 W, 700.00 W, 1980 MHz, 2619 MHz, [N/A]
2025/11/27 03:39:00.851, 1, NVIDIA H100 80GB HBM3, P0, 100 %, 13 %, 81559 MiB, 45525 MiB, 35555 MiB, 59, 58, 454.80 W, 700.00 W, 700.00 W, 1980 MHz, 2619 MHz, [N/A]
2025/11/27 03:39:00.852, 2, NVIDIA H100 80GB HBM3, P0, 100 %, 13 %, 81559 MiB, 45525 MiB, 35555 MiB, 61, 58, 468.05 W, 700.00 W, 700.00 W, 1980 MHz, 2619 MHz, [N/A]
2025/11/27 03:39:00.852, 3, NVIDIA H100 80GB HBM3, P0, 100 %, 13 %, 81559 MiB, 45525 MiB, 35555 MiB, 52, 53, 436.40 W, 700.00 W, 700.00 W, 1980 MHz, 2619 MHz, [N/A]
2025/11/27 03:39:00.853, 4, NVIDIA H100 80GB HBM3, P0, 100 %, 13 %, 81559 MiB, 45525 MiB, 35555 MiB, 52, 50, 431.00 W, 700.00 W, 700.00 W, 1980 MHz, 2619 MHz, [N/A]
2025/11/27 03:39:00.853, 5, NVIDIA H100 80GB HBM3, P0, 100 %, 13 %, 81559 MiB, 45525 MiB, 35555 MiB, 55, 57, 443.55 W, 700.00 W, 700.00 W, 1980 MHz, 2619 MHz, [N/A]
2025/11/27 03:39:00.854, 6, NVIDIA H100 80GB HBM3, P0, 100 %, 13 %, 81559 MiB, 45525 MiB, 35555 MiB, 57, 55, 438.80 W, 700.00 W, 700.00 W, 1980 MHz, 2619 MHz, [N/A]
2025/11/27 03:39:00.855, 7, NVIDIA H100 80GB HBM3, P0, 100 %, 13 %, 81559 MiB, 45525 MiB, 35555 MiB, 53, 51, 443.83 W, 700.00 W, 700.00 W, 1980 MHz, 2619 MHz, [N/A]
2025/11/27 03:39:05.855, 0, NVIDIA H100 80GB HBM3, P0, 93 %, 60 %, 81559 MiB, 8323 MiB, 72757 MiB, 49, 57, 466.09 W, 700.00 W, 700.00 W, 1980 MHz, 2619 MHz, [N/A]
2025/11/27 03:39:05.857, 1, NVIDIA H100 80GB HBM3, P0, 77 %, 12 %, 81559 MiB, 45525 MiB, 35555 MiB, 53, 57, 418.13 W, 700.00 W, 700.00 W, 1980 MHz, 2619 MHz, [N/A]
2025/11/27 03:39:05.857, 2, NVIDIA H100 80GB HBM3, P0, 86 %, 23 %, 81559 MiB, 45525 MiB, 35555 MiB, 54, 58, 426.66 W, 700.00 W, 700.00 W, 1980 MHz, 2619 MHz, [N/A]
2025/11/27 03:39:05.858, 3, NVIDIA H100 80GB HBM3, P0, 40 %, 15 %, 81559 MiB, 45525 MiB, 35555 MiB, 46, 53, 415.28 W, 700.00 W, 700.00 W, 1980 MHz, 2619 MHz, [N/A]
2025/11/27 03:39:05.859, 4, NVIDIA H100 80GB HBM3, P0, 40 %, 14 %, 81559 MiB, 45525 MiB, 35555 MiB, 44, 49, 410.41 W, 700.00 W, 700.00 W, 1980 MHz, 2619 MHz, [N/A]
2025/11/27 03:39:05.860, 5, NVIDIA H100 80GB HBM3, P0, 58 %, 18 %, 81559 MiB, 45525 MiB, 35555 MiB, 56, 56, 446.50 W, 700.00 W, 700.00 W, 1980 MHz, 2619 MHz, [N/A]
2025/11/27 03:39:05.860, 6, NVIDIA H100 80GB HBM3, P0, 49 %, 16 %, 81559 MiB, 45525 MiB, 35555 MiB, 51, 55, 407.76 W, 700.00 W, 700.00 W, 1980 MHz, 2619 MHz, [N/A]
2025/11/27 03:39:05.861, 7, NVIDIA H100 80GB HBM3, P0, 50 %, 19 %, 81559 MiB, 45525 MiB, 35555 MiB, 47, 53, 413.28 W, 700.00 W, 700.00 W, 1980 MHz, 2619 MHz, [N/A]
2025/11/27 03:39:10.862, 0, NVIDIA H100 80GB HBM3, P0, 100 %, 12 %, 81559 MiB, 8323 MiB, 72757 MiB, 55, 56, 502.08 W, 700.00 W, 700.00 W, 1980 MHz, 2619 MHz, [N/A]
2025/11/27 03:39:10.863, 1, NVIDIA H100 80GB HBM3, P0, 100 %, 12 %, 81559 MiB, 45525 MiB, 35555 MiB, 58, 58, 479.21 W, 700.00 W, 700.00 W, 1980 MHz, 2619 MHz, [N/A]
2025/11/27 03:39:10.864, 2, NVIDIA H100 80GB HBM3, P0, 100 %, 11 %, 81559 MiB, 45525 MiB, 35555 MiB, 60, 58, 484.79 W, 700.00 W, 700.00 W, 1980 MHz, 2619 MHz, [N/A]
2025/11/27 03:39:10.864, 3, NVIDIA H100 80GB HBM3, P0, 100 %, 12 %, 81559 MiB, 45525 MiB, 35555 MiB, 53, 53, 471.65 W, 700.00 W, 700.00 W, 1980 MHz, 2619 MHz, [N/A]
2025/11/27 03:39:10.865, 4, NVIDIA H100 80GB HBM3, P0, 100 %, 12 %, 81559 MiB, 45525 MiB, 35555 MiB, 51, 49, 457.52 W, 700.00 W, 700.00 W, 1980 MHz, 2619 MHz, [N/A]
2025/11/27 03:39:10.866, 5, NVIDIA H100 80GB HBM3, P0, 100 %, 12 %, 81559 MiB, 45525 MiB, 35555 MiB, 58, 55, 498.44 W, 700.00 W, 700.00 W, 1980 MHz, 2619 MHz, [N/A]
2025/11/27 03:39:10.866, 6, NVIDIA H100 80GB HBM3, P0, 100 %, 12 %, 81559 MiB, 45525 MiB, 35555 MiB, 57, 55, 468.12 W, 700.00 W, 700.00 W, 1980 MHz, 2619 MHz, [N/A]
2025/11/27 03:39:10.867, 7, NVIDIA H100 80GB HBM3, P0, 100 %, 12 %, 81559 MiB, 45525 MiB, 35555 MiB, 53, 51, 473.29 W, 700.00 W, 700.00 W, 1980 MHz, 2619 MHz, [N/A]
2025/11/27 03:39:15.868, 0, NVIDIA H100 80GB HBM3, P0, 69 %, 11 %, 81559 MiB, 8323 MiB, 72757 MiB, 54, 56, 421.48 W, 700.00 W, 700.00 W, 1980 MHz, 2619 MHz, [N/A]
2025/11/27 03:39:15.869, 1, NVIDIA H100 80GB HBM3, P0, 39 %, 6 %, 81559 MiB, 45525 MiB, 35555 MiB, 58, 58, 395.16 W, 700.00 W, 700.00 W, 1980 MHz, 2619 MHz, [N/A]
2025/11/27 03:39:15.870, 2, NVIDIA H100 80GB HBM3, P0, 33 %, 6 %, 81559 MiB, 45525 MiB, 35555 MiB, 58, 58, 409.81 W, 700.00 W, 700.00 W, 1980 MHz, 2619 MHz, [N/A]
2025/11/27 03:39:15.871, 3, NVIDIA H100 80GB HBM3, P0, 67 %, 11 %, 81559 MiB, 45525 MiB, 35555 MiB, 51, 53, 409.11 W, 700.00 W, 700.00 W, 1980 MHz, 2619 MHz, [N/A]
2025/11/27 03:39:15.872, 4, NVIDIA H100 80GB HBM3, P0, 75 %, 12 %, 81559 MiB, 45525 MiB, 35555 MiB, 49, 50, 411.56 W, 700.00 W, 700.00 W, 1980 MHz, 2619 MHz, [N/A]
2025/11/27 03:39:15.873, 5, NVIDIA H100 80GB HBM3, P0, 74 %, 11 %, 81559 MiB, 45525 MiB, 35555 MiB, 54, 54, 419.17 W, 700.00 W, 700.00 W, 1980 MHz, 2619 MHz, [N/A]
2025/11/27 03:39:15.873, 6, NVIDIA H100 80GB HBM3, P0, 68 %, 11 %, 81559 MiB, 45525 MiB, 35555 MiB, 55, 53, 401.64 W, 700.00 W, 700.00 W, 1980 MHz, 2619 MHz, [N/A]
2025/11/27 03:39:15.874, 7, NVIDIA H100 80GB HBM3, P0, 51 %, 9 %, 81559 MiB, 45525 MiB, 35555 MiB, 53, 51, 410.61 W, 700.00 W, 700.00 W, 1980 MHz, 2619 MHz, [N/A]
2025/11/27 03:39:20.875, 0, NVIDIA H100 80GB HBM3, P0, 100 %, 14 %, 81559 MiB, 8323 MiB, 72757 MiB, 56, 56, 479.74 W, 700.00 W, 700.00 W, 1980 MHz, 2619 MHz, [N/A]
2025/11/27 03:39:20.876, 1, NVIDIA H100 80GB HBM3, P0, 66 %, 9 %, 81559 MiB, 45525 MiB, 35555 MiB, 59, 58, 451.27 W, 700.00 W, 700.00 W, 1980 MHz, 2619 MHz, [N/A]
2025/11/27 03:39:20.877, 2, NVIDIA H100 80GB HBM3, P0, 49 %, 7 %, 81559 MiB, 45525 MiB, 35555 MiB, 61, 59, 458.58 W, 700.00 W, 700.00 W, 1980 MHz, 2619 MHz, [N/A]
2025/11/27 03:39:20.878, 3, NVIDIA H100 80GB HBM3, P0, 100 %, 14 %, 81559 MiB, 45525 MiB, 35555 MiB, 53, 54, 456.35 W, 700.00 W, 700.00 W, 1980 MHz, 2619 MHz, [N/A]
2025/11/27 03:39:20.879, 4, NVIDIA H100 80GB HBM3, P0, 100 %, 14 %, 81559 MiB, 45525 MiB, 35555 MiB, 49, 52, 448.88 W, 700.00 W, 700.00 W, 1980 MHz, 2619 MHz, [N/A]
2025/11/27 03:39:20.880, 5, NVIDIA H100 80GB HBM3, P0, 100 %, 14 %, 81559 MiB, 45525 MiB, 35555 MiB, 60, 57, 478.99 W, 700.00 W, 700.00 W, 1980 MHz, 2619 MHz, [N/A]
2025/11/27 03:39:20.880, 6, NVIDIA H100 80GB HBM3, P0, 100 %, 15 %, 81559 MiB, 45525 MiB, 35555 MiB, 58, 55, 444.39 W, 700.00 W, 700.00 W, 1980 MHz, 2619 MHz, [N/A]
2025/11/27 03:39:20.881, 7, NVIDIA H100 80GB HBM3, P0, 85 %, 12 %, 81559 MiB, 45525 MiB, 35555 MiB, 54, 53, 451.18 W, 700.00 W, 700.00 W, 1980 MHz, 2619 MHz, [N/A]
2025/11/27 03:39:25.882, 0, NVIDIA H100 80GB HBM3, P0, 72 %, 11 %, 81559 MiB, 8323 MiB, 72757 MiB, 50, 57, 459.60 W, 700.00 W, 700.00 W, 1980 MHz, 2619 MHz, [N/A]
2025/11/27 03:39:25.883, 1, NVIDIA H100 80GB HBM3, P0, 56 %, 9 %, 81559 MiB, 45525 MiB, 35555 MiB, 57, 58, 433.02 W, 700.00 W, 700.00 W, 1980 MHz, 2619 MHz, [N/A]
2025/11/27 03:39:25.884, 2, NVIDIA H100 80GB HBM3, P0, 52 %, 8 %, 81559 MiB, 45525 MiB, 35555 MiB, 58, 58, 447.20 W, 700.00 W, 700.00 W, 1980 MHz, 2619 MHz, [N/A]
2025/11/27 03:39:25.885, 3, NVIDIA H100 80GB HBM3, P0, 74 %, 11 %, 81559 MiB, 45525 MiB, 35555 MiB, 50, 54, 438.17 W, 700.00 W, 700.00 W, 1980 MHz, 2619 MHz, [N/A]
2025/11/27 03:39:25.886, 4, NVIDIA H100 80GB HBM3, P0, 75 %, 12 %, 81559 MiB, 45525 MiB, 35555 MiB, 45, 49, 415.51 W, 700.00 W, 700.00 W, 1980 MHz, 2619 MHz, [N/A]
2025/11/27 03:39:25.886, 5, NVIDIA H100 80GB HBM3, P0, 69 %, 11 %, 81559 MiB, 45525 MiB, 35555 MiB, 57, 55, 445.68 W, 700.00 W, 700.00 W, 1980 MHz, 2619 MHz, [N/A]
2025/11/27 03:39:25.887, 6, NVIDIA H100 80GB HBM3, P0, 62 %, 10 %, 81559 MiB, 45525 MiB, 35555 MiB, 56, 55, 424.20 W, 700.00 W, 700.00 W, 1980 MHz, 2619 MHz, [N/A]
2025/11/27 03:39:25.888, 7, NVIDIA H100 80GB HBM3, P0, 63 %, 10 %, 81559 MiB, 45525 MiB, 35555 MiB, 53, 52, 421.11 W, 700.00 W, 700.00 W, 1980 MHz, 2619 MHz, [N/A]
2025/11/27 03:39:30.889, 0, NVIDIA H100 80GB HBM3, P0, 100 %, 13 %, 81559 MiB, 8323 MiB, 72757 MiB, 49, 58, 408.55 W, 700.00 W, 700.00 W, 1980 MHz, 2619 MHz, [N/A]
2025/11/27 03:39:30.890, 1, NVIDIA H100 80GB HBM3, P0, 100 %, 13 %, 81559 MiB, 45525 MiB, 35555 MiB, 53, 57, 390.62 W, 700.00 W, 700.00 W, 1980 MHz, 2619 MHz, [N/A]
2025/11/27 03:39:30.891, 2, NVIDIA H100 80GB HBM3, P0, 100 %, 13 %, 81559 MiB, 45525 MiB, 35555 MiB, 55, 58, 403.24 W, 700.00 W, 700.00 W, 1980 MHz, 2619 MHz, [N/A]
2025/11/27 03:39:30.891, 3, NVIDIA H100 80GB HBM3, P0, 61 %, 20 %, 81559 MiB, 45525 MiB, 35555 MiB, 50, 55, 380.72 W, 700.00 W, 700.00 W, 1980 MHz, 2619 MHz, [N/A]
2025/11/27 03:39:30.892, 4, NVIDIA H100 80GB HBM3, P0, 100 %, 18 %, 81559 MiB, 45525 MiB, 35555 MiB, 45, 51, 371.23 W, 700.00 W, 700.00 W, 1980 MHz, 2619 MHz, [N/A]
2025/11/27 03:39:30.893, 5, NVIDIA H100 80GB HBM3, P0, 72 %, 21 %, 81559 MiB, 45525 MiB, 35555 MiB, 51, 55, 390.89 W, 700.00 W, 700.00 W, 1980 MHz, 2619 MHz, [N/A]
2025/11/27 03:39:30.893, 6, NVIDIA H100 80GB HBM3, P0, 76 %, 22 %, 81559 MiB, 45525 MiB, 35555 MiB, 50, 53, 377.45 W, 700.00 W, 700.00 W, 1980 MHz, 2619 MHz, [N/A]
2025/11/27 03:39:30.894, 7, NVIDIA H100 80GB HBM3, P0, 100 %, 13 %, 81559 MiB, 45525 MiB, 35555 MiB, 47, 51, 385.92 W, 700.00 W, 700.00 W, 1980 MHz, 2619 MHz, [N/A]
2025/11/27 03:39:35.895, 0, NVIDIA H100 80GB HBM3, P0, 95 %, 17 %, 81559 MiB, 8323 MiB, 72757 MiB, 55, 56, 481.10 W, 700.00 W, 700.00 W, 1980 MHz, 2619 MHz, [N/A]
2025/11/27 03:39:35.896, 1, NVIDIA H100 80GB HBM3, P0, 31 %, 4 %, 81559 MiB, 45525 MiB, 35555 MiB, 58, 59, 460.16 W, 700.00 W, 700.00 W, 1980 MHz, 2619 MHz, [N/A]
2025/11/27 03:39:35.898, 2, NVIDIA H100 80GB HBM3, P0, 42 %, 5 %, 81559 MiB, 45525 MiB, 35555 MiB, 61, 60, 484.33 W, 700.00 W, 700.00 W, 1980 MHz, 2619 MHz, [N/A]
2025/11/27 03:39:35.899, 3, NVIDIA H100 80GB HBM3, P0, 100 %, 14 %, 81559 MiB, 45525 MiB, 35555 MiB, 53, 53, 455.38 W, 700.00 W, 700.00 W, 1980 MHz, 2619 MHz, [N/A]
2025/11/27 03:39:35.899, 4, NVIDIA H100 80GB HBM3, P0, 100 %, 13 %, 81559 MiB, 45525 MiB, 35555 MiB, 52, 50, 460.03 W, 700.00 W, 700.00 W, 1980 MHz, 2619 MHz, [N/A]
2025/11/27 03:39:35.900, 5, NVIDIA H100 80GB HBM3, P0, 100 %, 14 %, 81559 MiB, 45525 MiB, 35555 MiB, 58, 56, 471.38 W, 700.00 W, 700.00 W, 1980 MHz, 2619 MHz, [N/A]
2025/11/27 03:39:35.901, 6, NVIDIA H100 80GB HBM3, P0, 100 %, 14 %, 81559 MiB, 45525 MiB, 35555 MiB, 57, 56, 455.69 W, 700.00 W, 700.00 W, 1980 MHz, 2619 MHz, [N/A]
2025/11/27 03:39:35.901, 7, NVIDIA H100 80GB HBM3, P0, 59 %, 8 %, 81559 MiB, 45525 MiB, 35555 MiB, 53, 53, 464.55 W, 700.00 W, 700.00 W, 1980 MHz, 2619 MHz, [N/A]
2025/11/27 03:39:40.902, 0, NVIDIA H100 80GB HBM3, P0, 0 %, 0 %, 81559 MiB, 81080 MiB, 0 MiB, 42, 49, 127.86 W, 700.00 W, 700.00 W, 1980 MHz, 2619 MHz, [N/A]
2025/11/27 03:39:40.903, 1, NVIDIA H100 80GB HBM3, P0, 0 %, 0 %, 81559 MiB, 81080 MiB, 0 MiB, 47, 52, 134.10 W, 700.00 W, 700.00 W, 1980 MHz, 2619 MHz, [N/A]
2025/11/27 03:39:40.904, 2, NVIDIA H100 80GB HBM3, P0, 0 %, 0 %, 81559 MiB, 81080 MiB, 0 MiB, 47, 54, 138.35 W, 700.00 W, 700.00 W, 1980 MHz, 2619 MHz, [N/A]
2025/11/27 03:39:40.904, 3, NVIDIA H100 80GB HBM3, P0, 0 %, 0 %, 81559 MiB, 81080 MiB, 0 MiB, 40, 49, 128.15 W, 700.00 W, 700.00 W, 1980 MHz, 2619 MHz, [N/A]
2025/11/27 03:39:40.905, 4, NVIDIA H100 80GB HBM3, P0, 0 %, 0 %, 81559 MiB, 81080 MiB, 0 MiB, 39, 45, 123.31 W, 700.00 W, 700.00 W, 990 MHz, 2619 MHz, [N/A]
2025/11/27 03:39:40.906, 5, NVIDIA H100 80GB HBM3, P0, 0 %, 0 %, 81559 MiB, 81080 MiB, 0 MiB, 46, 51, 132.90 W, 700.00 W, 700.00 W, 1980 MHz, 2619 MHz, [N/A]
2025/11/27 03:39:40.906, 6, NVIDIA H100 80GB HBM3, P0, 0 %, 0 %, 81559 MiB, 81080 MiB, 0 MiB, 44, 51, 116.74 W, 700.00 W, 700.00 W, 930 MHz, 2619 MHz, [N/A]
2025/11/27 03:39:40.907, 7, NVIDIA H100 80GB HBM3, P0, 0 %, 0 %, 81559 MiB, 81080 MiB, 0 MiB, 41, 47, 127.53 W, 700.00 W, 700.00 W, 1980 MHz, 2619 MHz, [N/A]
2025/11/27 03:39:45.908, 0, NVIDIA H100 80GB HBM3, P0, 0 %, 0 %, 81559 MiB, 81080 MiB, 0 MiB, 39, 49, 72.17 W, 700.00 W, 700.00 W, 345 MHz, 2619 MHz, [N/A]
2025/11/27 03:39:45.909, 1, NVIDIA H100 80GB HBM3, P0, 0 %, 0 %, 81559 MiB, 81080 MiB, 0 MiB, 44, 52, 75.16 W, 700.00 W, 700.00 W, 345 MHz, 2619 MHz, [N/A]
2025/11/27 03:39:45.910, 2, NVIDIA H100 80GB HBM3, P0, 0 %, 0 %, 81559 MiB, 81080 MiB, 0 MiB, 44, 52, 78.85 W, 700.00 W, 700.00 W, 345 MHz, 2619 MHz, [N/A]
2025/11/27 03:39:45.912, 3, NVIDIA H100 80GB HBM3, P0, 0 %, 0 %, 81559 MiB, 81080 MiB, 0 MiB, 37, 47, 72.44 W, 700.00 W, 700.00 W, 345 MHz, 2619 MHz, [N/A]
2025/11/27 03:39:45.912, 4, NVIDIA H100 80GB HBM3, P0, 0 %, 0 %, 81559 MiB, 81080 MiB, 0 MiB, 37, 43, 71.42 W, 700.00 W, 700.00 W, 345 MHz, 2619 MHz, [N/A]
2025/11/27 03:39:45.913, 5, NVIDIA H100 80GB HBM3, P0, 0 %, 0 %, 81559 MiB, 81080 MiB, 0 MiB, 43, 49, 74.07 W, 700.00 W, 700.00 W, 345 MHz, 2619 MHz, [N/A]
2025/11/27 03:39:45.914, 6, NVIDIA H100 80GB HBM3, P0, 0 %, 0 %, 81559 MiB, 81080 MiB, 0 MiB, 42, 49, 71.95 W, 700.00 W, 700.00 W, 345 MHz, 2619 MHz, [N/A]
2025/11/27 03:39:45.915, 7, NVIDIA H100 80GB HBM3, P0, 0 %, 0 %, 81559 MiB, 81080 MiB, 0 MiB, 38, 47, 71.81 W, 700.00 W, 700.00 W, 345 MHz, 2619 MHz, [N/A]
2025/11/27 03:39:50.917, 0, NVIDIA H100 80GB HBM3, P0, 0 %, 0 %, 81559 MiB, 81080 MiB, 0 MiB, 38, 48, 71.82 W, 700.00 W, 700.00 W, 345 MHz, 2619 MHz, [N/A]
2025/11/27 03:39:50.918, 1, NVIDIA H100 80GB HBM3, P0, 0 %, 0 %, 81559 MiB, 81080 MiB, 0 MiB, 43, 50, 74.76 W, 700.00 W, 700.00 W, 345 MHz, 2619 MHz, [N/A]
2025/11/27 03:39:50.919, 2, NVIDIA H100 80GB HBM3, P0, 0 %, 0 %, 81559 MiB, 81080 MiB, 0 MiB, 43, 50, 78.29 W, 700.00 W, 700.00 W, 345 MHz, 2619 MHz, [N/A]
2025/11/27 03:39:50.920, 3, NVIDIA H100 80GB HBM3, P0, 0 %, 0 %, 81559 MiB, 81080 MiB, 0 MiB, 37, 46, 72.19 W, 700.00 W, 700.00 W, 345 MHz, 2619 MHz, [N/A]
2025/11/27 03:39:50.921, 4, NVIDIA H100 80GB HBM3, P0, 0 %, 0 %, 81559 MiB, 81080 MiB, 0 MiB, 36, 43, 71.13 W, 700.00 W, 700.00 W, 345 MHz, 2619 MHz, [N/A]
2025/11/27 03:39:50.922, 5, NVIDIA H100 80GB HBM3, P0, 0 %, 0 %, 81559 MiB, 81080 MiB, 0 MiB, 42, 49, 73.70 W, 700.00 W, 700.00 W, 345 MHz, 2619 MHz, [N/A]
2025/11/27 03:39:50.922, 6, NVIDIA H100 80GB HBM3, P0, 0 %, 0 %, 81559 MiB, 81080 MiB, 0 MiB, 41, 48, 71.62 W, 700.00 W, 700.00 W, 345 MHz, 2619 MHz, [N/A]
2025/11/27 03:39:50.923, 7, NVIDIA H100 80GB HBM3, P0, 0 %, 0 %, 81559 MiB, 81080 MiB, 0 MiB, 38, 45, 71.54 W, 700.00 W, 700.00 W, 345 MHz, 2619 MHz, [N/A]
2025/11/27 03:39:55.924, 0, NVIDIA H100 80GB HBM3, P0, 0 %, 0 %, 81559 MiB, 81080 MiB, 0 MiB, 38, 47, 71.54 W, 700.00 W, 700.00 W, 345 MHz, 2619 MHz, [N/A]
2025/11/27 03:39:55.926, 1, NVIDIA H100 80GB HBM3, P0, 0 %, 0 %, 81559 MiB, 81080 MiB, 0 MiB, 42, 50, 74.38 W, 700.00 W, 700.00 W, 345 MHz, 2619 MHz, [N/A]
2025/11/27 03:39:55.927, 2, NVIDIA H100 80GB HBM3, P0, 0 %, 0 %, 81559 MiB, 81080 MiB, 0 MiB, 42, 50, 77.81 W, 700.00 W, 700.00 W, 345 MHz, 2619 MHz, [N/A]
2025/11/27 03:39:55.928, 3, NVIDIA H100 80GB HBM3, P0, 0 %, 0 %, 81559 MiB, 81080 MiB, 0 MiB, 36, 45, 71.99 W, 700.00 W, 700.00 W, 345 MHz, 2619 MHz, [N/A]
2025/11/27 03:39:55.928, 4, NVIDIA H100 80GB HBM3, P0, 0 %, 0 %, 81559 MiB, 81080 MiB, 0 MiB, 35, 43, 70.98 W, 700.00 W, 700.00 W, 345 MHz, 2619 MHz, [N/A]
2025/11/27 03:39:55.929, 5, NVIDIA H100 80GB HBM3, P0, 0 %, 0 %, 81559 MiB, 81080 MiB, 0 MiB, 41, 48, 73.39 W, 700.00 W, 700.00 W, 345 MHz, 2619 MHz, [N/A]
2025/11/27 03:39:55.930, 6, NVIDIA H100 80GB HBM3, P0, 0 %, 0 %, 81559 MiB, 81080 MiB, 0 MiB, 40, 47, 71.38 W, 700.00 W, 700.00 W, 345 MHz, 2619 MHz, [N/A]
2025/11/27 03:39:55.931, 7, NVIDIA H100 80GB HBM3, P0, 0 %, 0 %, 81559 MiB, 81080 MiB, 0 MiB, 37, 45, 71.26 W, 700.00 W, 700.00 W, 345 MHz, 2619 MHz, [N/A]
