/home/ubuntu/miniconda3/envs/distributed/lib/python3.10/site-packages/transformers/utils/hub.py:110: FutureWarning: Using `TRANSFORMERS_CACHE` is deprecated and will be removed in v5 of Transformers. Use `HF_HOME` instead.
  warnings.warn(
W1127 04:01:14.199000 127765 site-packages/torch/distributed/run.py:803] 
W1127 04:01:14.199000 127765 site-packages/torch/distributed/run.py:803] *****************************************
W1127 04:01:14.199000 127765 site-packages/torch/distributed/run.py:803] Setting OMP_NUM_THREADS environment variable for each process to be 1 in default, to avoid your system being overloaded, please further tune the variable for optimal performance in your application as needed. 
W1127 04:01:14.199000 127765 site-packages/torch/distributed/run.py:803] *****************************************
/home/ubuntu/miniconda3/envs/distributed/lib/python3.10/site-packages/transformers/utils/hub.py:110: FutureWarning: Using `TRANSFORMERS_CACHE` is deprecated and will be removed in v5 of Transformers. Use `HF_HOME` instead.
  warnings.warn(
/home/ubuntu/miniconda3/envs/distributed/lib/python3.10/site-packages/transformers/utils/hub.py:110: FutureWarning: Using `TRANSFORMERS_CACHE` is deprecated and will be removed in v5 of Transformers. Use `HF_HOME` instead.
  warnings.warn(
/home/ubuntu/miniconda3/envs/distributed/lib/python3.10/site-packages/transformers/utils/hub.py:110: FutureWarning: Using `TRANSFORMERS_CACHE` is deprecated and will be removed in v5 of Transformers. Use `HF_HOME` instead.
  warnings.warn(
/home/ubuntu/miniconda3/envs/distributed/lib/python3.10/site-packages/transformers/utils/hub.py:110: FutureWarning: Using `TRANSFORMERS_CACHE` is deprecated and will be removed in v5 of Transformers. Use `HF_HOME` instead.
  warnings.warn(
/home/ubuntu/miniconda3/envs/distributed/lib/python3.10/site-packages/transformers/utils/hub.py:110: FutureWarning: Using `TRANSFORMERS_CACHE` is deprecated and will be removed in v5 of Transformers. Use `HF_HOME` instead.
  warnings.warn(
/home/ubuntu/miniconda3/envs/distributed/lib/python3.10/site-packages/transformers/utils/hub.py:110: FutureWarning: Using `TRANSFORMERS_CACHE` is deprecated and will be removed in v5 of Transformers. Use `HF_HOME` instead.
  warnings.warn(
/home/ubuntu/miniconda3/envs/distributed/lib/python3.10/site-packages/transformers/utils/hub.py:110: FutureWarning: Using `TRANSFORMERS_CACHE` is deprecated and will be removed in v5 of Transformers. Use `HF_HOME` instead.
  warnings.warn(
/home/ubuntu/miniconda3/envs/distributed/lib/python3.10/site-packages/transformers/utils/hub.py:110: FutureWarning: Using `TRANSFORMERS_CACHE` is deprecated and will be removed in v5 of Transformers. Use `HF_HOME` instead.
  warnings.warn(
furious-puma-1:127996:127996 [0] NCCL INFO cudaDriverVersion 13000
furious-puma-1:127996:127996 [0] NCCL INFO NCCL version 2.27.7+cuda13.0
furious-puma-1:128000:128000 [4] NCCL INFO cudaDriverVersion 13000
furious-puma-1:128001:128001 [5] NCCL INFO cudaDriverVersion 13000
furious-puma-1:127999:127999 [3] NCCL INFO cudaDriverVersion 13000
furious-puma-1:128003:128003 [7] NCCL INFO cudaDriverVersion 13000
furious-puma-1:128002:128002 [6] NCCL INFO cudaDriverVersion 13000
furious-puma-1:127998:127998 [2] NCCL INFO cudaDriverVersion 13000
furious-puma-1:127999:127999 [3] NCCL INFO NCCL version 2.27.7+cuda13.0
furious-puma-1:128000:128000 [4] NCCL INFO NCCL version 2.27.7+cuda13.0
furious-puma-1:128003:128003 [7] NCCL INFO NCCL version 2.27.7+cuda13.0
furious-puma-1:128002:128002 [6] NCCL INFO NCCL version 2.27.7+cuda13.0
furious-puma-1:128001:128001 [5] NCCL INFO NCCL version 2.27.7+cuda13.0
furious-puma-1:127998:127998 [2] NCCL INFO NCCL version 2.27.7+cuda13.0
furious-puma-1:127997:127997 [1] NCCL INFO cudaDriverVersion 13000
furious-puma-1:127997:127997 [1] NCCL INFO NCCL version 2.27.7+cuda13.0
furious-puma-1:128003:128336 [7] NCCL INFO NET/Plugin: Could not find: libnccl-net.so. 
furious-puma-1:128002:128335 [6] NCCL INFO NET/Plugin: Could not find: libnccl-net.so. 
furious-puma-1:127999:128332 [3] NCCL INFO NET/Plugin: Could not find: libnccl-net.so. 
furious-puma-1:128000:128333 [4] NCCL INFO NET/Plugin: Could not find: libnccl-net.so. 
furious-puma-1:128001:128334 [5] NCCL INFO NET/Plugin: Could not find: libnccl-net.so. 
furious-puma-1:128003:128336 [7] NCCL INFO NET/IB : Using [0]mlx5_0:1/IB [1]mlx5_1:1/IB [2]mlx5_2:1/IB [3]mlx5_3:1/IB [4]mlx5_4:1/IB [5]mlx5_5:1/IB [6]mlx5_6:1/IB [7]mlx5_7:1/IB [RO]; OOB enp4s0:10.234.129.102<0>
furious-puma-1:128003:128336 [7] NCCL INFO Initialized NET plugin IB
furious-puma-1:128003:128336 [7] NCCL INFO Assigned NET plugin IB to comm
furious-puma-1:128003:128336 [7] NCCL INFO Using network IB
furious-puma-1:128002:128335 [6] NCCL INFO NET/IB : Using [0]mlx5_0:1/IB [1]mlx5_1:1/IB [2]mlx5_2:1/IB [3]mlx5_3:1/IB [4]mlx5_4:1/IB [5]mlx5_5:1/IB [6]mlx5_6:1/IB [7]mlx5_7:1/IB [RO]; OOB enp4s0:10.234.129.102<0>
furious-puma-1:128002:128335 [6] NCCL INFO Initialized NET plugin IB
furious-puma-1:128002:128335 [6] NCCL INFO Assigned NET plugin IB to comm
furious-puma-1:128002:128335 [6] NCCL INFO Using network IB
furious-puma-1:127999:128332 [3] NCCL INFO NET/IB : Using [0]mlx5_0:1/IB [1]mlx5_1:1/IB [2]mlx5_2:1/IB [3]mlx5_3:1/IB [4]mlx5_4:1/IB [5]mlx5_5:1/IB [6]mlx5_6:1/IB [7]mlx5_7:1/IB [RO]; OOB enp4s0:10.234.129.102<0>
furious-puma-1:127999:128332 [3] NCCL INFO Initialized NET plugin IB
furious-puma-1:127999:128332 [3] NCCL INFO Assigned NET plugin IB to comm
furious-puma-1:127999:128332 [3] NCCL INFO Using network IB
furious-puma-1:128000:128333 [4] NCCL INFO NET/IB : Using [0]mlx5_0:1/IB [1]mlx5_1:1/IB [2]mlx5_2:1/IB [3]mlx5_3:1/IB [4]mlx5_4:1/IB [5]mlx5_5:1/IB [6]mlx5_6:1/IB [7]mlx5_7:1/IB [RO]; OOB enp4s0:10.234.129.102<0>
furious-puma-1:128000:128333 [4] NCCL INFO Initialized NET plugin IB
furious-puma-1:128000:128333 [4] NCCL INFO Assigned NET plugin IB to comm
furious-puma-1:128000:128333 [4] NCCL INFO Using network IB
furious-puma-1:128001:128334 [5] NCCL INFO NET/IB : Using [0]mlx5_0:1/IB [1]mlx5_1:1/IB [2]mlx5_2:1/IB [3]mlx5_3:1/IB [4]mlx5_4:1/IB [5]mlx5_5:1/IB [6]mlx5_6:1/IB [7]mlx5_7:1/IB [RO]; OOB enp4s0:10.234.129.102<0>
furious-puma-1:128001:128334 [5] NCCL INFO Initialized NET plugin IB
furious-puma-1:128001:128334 [5] NCCL INFO Assigned NET plugin IB to comm
furious-puma-1:128001:128334 [5] NCCL INFO Using network IB
furious-puma-1:127998:128337 [2] NCCL INFO NET/Plugin: Could not find: libnccl-net.so. 
furious-puma-1:127998:128337 [2] NCCL INFO NET/IB : Using [0]mlx5_0:1/IB [1]mlx5_1:1/IB [2]mlx5_2:1/IB [3]mlx5_3:1/IB [4]mlx5_4:1/IB [5]mlx5_5:1/IB [6]mlx5_6:1/IB [7]mlx5_7:1/IB [RO]; OOB enp4s0:10.234.129.102<0>
furious-puma-1:127998:128337 [2] NCCL INFO Initialized NET plugin IB
furious-puma-1:127998:128337 [2] NCCL INFO Assigned NET plugin IB to comm
furious-puma-1:127998:128337 [2] NCCL INFO Using network IB
furious-puma-1:127996:128347 [0] NCCL INFO NET/Plugin: Could not find: libnccl-net.so. 
furious-puma-1:127996:128347 [0] NCCL INFO NET/IB : Using [0]mlx5_0:1/IB [1]mlx5_1:1/IB [2]mlx5_2:1/IB [3]mlx5_3:1/IB [4]mlx5_4:1/IB [5]mlx5_5:1/IB [6]mlx5_6:1/IB [7]mlx5_7:1/IB [RO]; OOB enp4s0:10.234.129.102<0>
furious-puma-1:127996:128347 [0] NCCL INFO Initialized NET plugin IB
furious-puma-1:127996:128347 [0] NCCL INFO Assigned NET plugin IB to comm
furious-puma-1:127996:128347 [0] NCCL INFO Using network IB
furious-puma-1:128003:128336 [7] NCCL INFO DMA-BUF is available on GPU device 7
furious-puma-1:128003:128336 [7] NCCL INFO ncclCommInitRankConfig comm 0x2e45e2a0 rank 7 nranks 8 cudaDev 7 nvmlDev 7 busId ef000 commId 0x8da0e17d29f65147 - Init START
furious-puma-1:128002:128335 [6] NCCL INFO DMA-BUF is available on GPU device 6
furious-puma-1:128000:128333 [4] NCCL INFO DMA-BUF is available on GPU device 4
furious-puma-1:128001:128334 [5] NCCL INFO DMA-BUF is available on GPU device 5
furious-puma-1:128002:128335 [6] NCCL INFO ncclCommInitRankConfig comm 0x3aa2e620 rank 6 nranks 8 cudaDev 6 nvmlDev 6 busId df000 commId 0x8da0e17d29f65147 - Init START
furious-puma-1:127999:128332 [3] NCCL INFO DMA-BUF is available on GPU device 3
furious-puma-1:128000:128333 [4] NCCL INFO ncclCommInitRankConfig comm 0x440258c0 rank 4 nranks 8 cudaDev 4 nvmlDev 4 busId bf000 commId 0x8da0e17d29f65147 - Init START
furious-puma-1:127999:128332 [3] NCCL INFO ncclCommInitRankConfig comm 0x3a5a4e00 rank 3 nranks 8 cudaDev 3 nvmlDev 3 busId af000 commId 0x8da0e17d29f65147 - Init START
furious-puma-1:128001:128334 [5] NCCL INFO ncclCommInitRankConfig comm 0x3549c790 rank 5 nranks 8 cudaDev 5 nvmlDev 5 busId cf000 commId 0x8da0e17d29f65147 - Init START
furious-puma-1:128002:128335 [6] NCCL INFO RAS client listening socket at 127.0.0.1<28028>
furious-puma-1:128001:128334 [5] NCCL INFO RAS client listening socket at 127.0.0.1<28028>
furious-puma-1:128000:128333 [4] NCCL INFO RAS client listening socket at 127.0.0.1<28028>
furious-puma-1:127998:128337 [2] NCCL INFO DMA-BUF is available on GPU device 2
furious-puma-1:127998:128337 [2] NCCL INFO ncclCommInitRankConfig comm 0x44248c40 rank 2 nranks 8 cudaDev 2 nvmlDev 2 busId 9f000 commId 0x8da0e17d29f65147 - Init START
furious-puma-1:127999:128332 [3] NCCL INFO RAS client listening socket at 127.0.0.1<28028>
furious-puma-1:127997:128346 [1] NCCL INFO NET/Plugin: Could not find: libnccl-net.so. 
furious-puma-1:127996:128347 [0] NCCL INFO DMA-BUF is available on GPU device 0
furious-puma-1:127996:128347 [0] NCCL INFO ncclCommInitRankConfig comm 0x3a728530 rank 0 nranks 8 cudaDev 0 nvmlDev 0 busId 7f000 commId 0x8da0e17d29f65147 - Init START
furious-puma-1:128003:128336 [7] NCCL INFO RAS client listening socket at 127.0.0.1<28028>
furious-puma-1:127997:128346 [1] NCCL INFO NET/IB : Using [0]mlx5_0:1/IB [1]mlx5_1:1/IB [2]mlx5_2:1/IB [3]mlx5_3:1/IB [4]mlx5_4:1/IB [5]mlx5_5:1/IB [6]mlx5_6:1/IB [7]mlx5_7:1/IB [RO]; OOB enp4s0:10.234.129.102<0>
furious-puma-1:127997:128346 [1] NCCL INFO Initialized NET plugin IB
furious-puma-1:127997:128346 [1] NCCL INFO Assigned NET plugin IB to comm
furious-puma-1:127997:128346 [1] NCCL INFO Using network IB
furious-puma-1:127997:128346 [1] NCCL INFO DMA-BUF is available on GPU device 1
furious-puma-1:127997:128346 [1] NCCL INFO ncclCommInitRankConfig comm 0x3b9c0280 rank 1 nranks 8 cudaDev 1 nvmlDev 1 busId 8f000 commId 0x8da0e17d29f65147 - Init START
furious-puma-1:127997:128346 [1] NCCL INFO RAS client listening socket at 127.0.0.1<28028>
furious-puma-1:127996:128347 [0] NCCL INFO RAS client listening socket at 127.0.0.1<28028>
furious-puma-1:127998:128337 [2] NCCL INFO RAS client listening socket at 127.0.0.1<28028>
furious-puma-1:127997:128346 [1] NCCL INFO MNNVL busId 0x8f000 fabric UUID 0.0 cliqueId 0x0 state 3 healthMask 0x0
furious-puma-1:127996:128347 [0] NCCL INFO MNNVL busId 0x7f000 fabric UUID 0.0 cliqueId 0x0 state 3 healthMask 0x0
furious-puma-1:128000:128333 [4] NCCL INFO MNNVL busId 0xbf000 fabric UUID 0.0 cliqueId 0x0 state 3 healthMask 0x0
furious-puma-1:127998:128337 [2] NCCL INFO MNNVL busId 0x9f000 fabric UUID 0.0 cliqueId 0x0 state 3 healthMask 0x0
furious-puma-1:128003:128336 [7] NCCL INFO MNNVL busId 0xef000 fabric UUID 0.0 cliqueId 0x0 state 3 healthMask 0x0
furious-puma-1:128002:128335 [6] NCCL INFO MNNVL busId 0xdf000 fabric UUID 0.0 cliqueId 0x0 state 3 healthMask 0x0
furious-puma-1:127999:128332 [3] NCCL INFO MNNVL busId 0xaf000 fabric UUID 0.0 cliqueId 0x0 state 3 healthMask 0x0
furious-puma-1:128001:128334 [5] NCCL INFO MNNVL busId 0xcf000 fabric UUID 0.0 cliqueId 0x0 state 3 healthMask 0x0
furious-puma-1:127997:128346 [1] NCCL INFO Loading topology file /var/run/nvidia-topologyd/virtualTopology.xml
furious-puma-1:128000:128333 [4] NCCL INFO Loading topology file /var/run/nvidia-topologyd/virtualTopology.xml
furious-puma-1:127996:128347 [0] NCCL INFO Loading topology file /var/run/nvidia-topologyd/virtualTopology.xml
furious-puma-1:127998:128337 [2] NCCL INFO Loading topology file /var/run/nvidia-topologyd/virtualTopology.xml
furious-puma-1:128001:128334 [5] NCCL INFO Loading topology file /var/run/nvidia-topologyd/virtualTopology.xml
furious-puma-1:127999:128332 [3] NCCL INFO Loading topology file /var/run/nvidia-topologyd/virtualTopology.xml
furious-puma-1:127997:128346 [1] NCCL INFO Loading unnamed topology
furious-puma-1:127996:128347 [0] NCCL INFO Loading unnamed topology
furious-puma-1:128001:128334 [5] NCCL INFO Loading unnamed topology
furious-puma-1:127998:128337 [2] NCCL INFO Loading unnamed topology
furious-puma-1:127999:128332 [3] NCCL INFO Loading unnamed topology
furious-puma-1:128002:128335 [6] NCCL INFO Loading topology file /var/run/nvidia-topologyd/virtualTopology.xml
furious-puma-1:128000:128333 [4] NCCL INFO Loading unnamed topology
furious-puma-1:128002:128335 [6] NCCL INFO Loading unnamed topology
furious-puma-1:128003:128336 [7] NCCL INFO Loading topology file /var/run/nvidia-topologyd/virtualTopology.xml
furious-puma-1:128003:128336 [7] NCCL INFO Loading unnamed topology
furious-puma-1:128002:128335 [6] NCCL INFO Could not find real path of /sys/class/pci_bus/ffff:ff/../../ffff:ff:07.0
furious-puma-1:127997:128346 [1] NCCL INFO Could not find real path of /sys/class/pci_bus/ffff:ff/../../ffff:ff:02.0
furious-puma-1:127996:128347 [0] NCCL INFO Could not find real path of /sys/class/pci_bus/ffff:ff/../../ffff:ff:01.0
furious-puma-1:127999:128332 [3] NCCL INFO Could not find real path of /sys/class/pci_bus/ffff:ff/../../ffff:ff:04.0
furious-puma-1:128001:128334 [5] NCCL INFO Could not find real path of /sys/class/pci_bus/ffff:ff/../../ffff:ff:06.0
furious-puma-1:128000:128333 [4] NCCL INFO Could not find real path of /sys/class/pci_bus/ffff:ff/../../ffff:ff:05.0
furious-puma-1:127998:128337 [2] NCCL INFO Could not find real path of /sys/class/pci_bus/ffff:ff/../../ffff:ff:03.0
furious-puma-1:128003:128336 [7] NCCL INFO Could not find real path of /sys/class/pci_bus/ffff:ff/../../ffff:ff:08.0
furious-puma-1:128002:128335 [6] NCCL INFO TOPO/NET : Importing network plugins to topology
furious-puma-1:128002:128335 [6] NCCL INFO Retrieving state for IB
furious-puma-1:128002:128335 [6] NCCL INFO Initialized state 0 for IB
furious-puma-1:128002:128335 [6] NCCL INFO ncclTopoPopulateNics : Filled mlx5_0 in topo with pciPath=/sys/devices/pci0000:7e/0000:7e:01.0/0000:80:00.0 keep=1 coll=(null)
furious-puma-1:128002:128335 [6] NCCL INFO ncclTopoPopulateNics : Filled mlx5_1 in topo with pciPath=/sys/devices/pci0000:8e/0000:8e:01.0/0000:90:00.0 keep=1 coll=(null)
furious-puma-1:128002:128335 [6] NCCL INFO ncclTopoPopulateNics : Filled mlx5_2 in topo with pciPath=/sys/devices/pci0000:9e/0000:9e:01.0/0000:a0:00.0 keep=1 coll=(null)
furious-puma-1:128002:128335 [6] NCCL INFO ncclTopoPopulateNics : Filled mlx5_3 in topo with pciPath=/sys/devices/pci0000:ae/0000:ae:01.0/0000:b0:00.0 keep=1 coll=(null)
furious-puma-1:128002:128335 [6] NCCL INFO ncclTopoPopulateNics : Filled mlx5_4 in topo with pciPath=/sys/devices/pci0000:be/0000:be:01.0/0000:c0:00.0 keep=1 coll=(null)
furious-puma-1:128002:128335 [6] NCCL INFO ncclTopoPopulateNics : Filled mlx5_5 in topo with pciPath=/sys/devices/pci0000:ce/0000:ce:01.0/0000:d0:00.0 keep=1 coll=(null)
furious-puma-1:128002:128335 [6] NCCL INFO ncclTopoPopulateNics : Filled mlx5_6 in topo with pciPath=/sys/devices/pci0000:de/0000:de:01.0/0000:e0:00.0 keep=1 coll=(null)
furious-puma-1:128002:128335 [6] NCCL INFO ncclTopoPopulateNics : Filled mlx5_7 in topo with pciPath=/sys/devices/pci0000:ee/0000:ee:01.0/0000:f0:00.0 keep=1 coll=(null)
furious-puma-1:128001:128334 [5] NCCL INFO TOPO/NET : Importing network plugins to topology
furious-puma-1:128001:128334 [5] NCCL INFO Retrieving state for IB
furious-puma-1:128001:128334 [5] NCCL INFO Initialized state 0 for IB
furious-puma-1:128001:128334 [5] NCCL INFO ncclTopoPopulateNics : Filled mlx5_0 in topo with pciPath=/sys/devices/pci0000:7e/0000:7e:01.0/0000:80:00.0 keep=1 coll=(null)
furious-puma-1:128001:128334 [5] NCCL INFO ncclTopoPopulateNics : Filled mlx5_1 in topo with pciPath=/sys/devices/pci0000:8e/0000:8e:01.0/0000:90:00.0 keep=1 coll=(null)
furious-puma-1:128001:128334 [5] NCCL INFO ncclTopoPopulateNics : Filled mlx5_2 in topo with pciPath=/sys/devices/pci0000:9e/0000:9e:01.0/0000:a0:00.0 keep=1 coll=(null)
furious-puma-1:128001:128334 [5] NCCL INFO ncclTopoPopulateNics : Filled mlx5_3 in topo with pciPath=/sys/devices/pci0000:ae/0000:ae:01.0/0000:b0:00.0 keep=1 coll=(null)
furious-puma-1:128001:128334 [5] NCCL INFO ncclTopoPopulateNics : Filled mlx5_4 in topo with pciPath=/sys/devices/pci0000:be/0000:be:01.0/0000:c0:00.0 keep=1 coll=(null)
furious-puma-1:128001:128334 [5] NCCL INFO ncclTopoPopulateNics : Filled mlx5_5 in topo with pciPath=/sys/devices/pci0000:ce/0000:ce:01.0/0000:d0:00.0 keep=1 coll=(null)
furious-puma-1:128001:128334 [5] NCCL INFO ncclTopoPopulateNics : Filled mlx5_6 in topo with pciPath=/sys/devices/pci0000:de/0000:de:01.0/0000:e0:00.0 keep=1 coll=(null)
furious-puma-1:128001:128334 [5] NCCL INFO ncclTopoPopulateNics : Filled mlx5_7 in topo with pciPath=/sys/devices/pci0000:ee/0000:ee:01.0/0000:f0:00.0 keep=1 coll=(null)
furious-puma-1:127999:128332 [3] NCCL INFO TOPO/NET : Importing network plugins to topology
furious-puma-1:127999:128332 [3] NCCL INFO Retrieving state for IB
furious-puma-1:127999:128332 [3] NCCL INFO Initialized state 0 for IB
furious-puma-1:127999:128332 [3] NCCL INFO ncclTopoPopulateNics : Filled mlx5_0 in topo with pciPath=/sys/devices/pci0000:7e/0000:7e:01.0/0000:80:00.0 keep=1 coll=(null)
furious-puma-1:127999:128332 [3] NCCL INFO ncclTopoPopulateNics : Filled mlx5_1 in topo with pciPath=/sys/devices/pci0000:8e/0000:8e:01.0/0000:90:00.0 keep=1 coll=(null)
furious-puma-1:127999:128332 [3] NCCL INFO ncclTopoPopulateNics : Filled mlx5_2 in topo with pciPath=/sys/devices/pci0000:9e/0000:9e:01.0/0000:a0:00.0 keep=1 coll=(null)
furious-puma-1:127999:128332 [3] NCCL INFO ncclTopoPopulateNics : Filled mlx5_3 in topo with pciPath=/sys/devices/pci0000:ae/0000:ae:01.0/0000:b0:00.0 keep=1 coll=(null)
furious-puma-1:128003:128336 [7] NCCL INFO TOPO/NET : Importing network plugins to topology
furious-puma-1:128003:128336 [7] NCCL INFO Retrieving state for IB
furious-puma-1:128003:128336 [7] NCCL INFO Initialized state 0 for IB
furious-puma-1:128003:128336 [7] NCCL INFO ncclTopoPopulateNics : Filled mlx5_0 in topo with pciPath=/sys/devices/pci0000:7e/0000:7e:01.0/0000:80:00.0 keep=1 coll=(null)
furious-puma-1:127999:128332 [3] NCCL INFO ncclTopoPopulateNics : Filled mlx5_4 in topo with pciPath=/sys/devices/pci0000:be/0000:be:01.0/0000:c0:00.0 keep=1 coll=(null)
furious-puma-1:128003:128336 [7] NCCL INFO ncclTopoPopulateNics : Filled mlx5_1 in topo with pciPath=/sys/devices/pci0000:8e/0000:8e:01.0/0000:90:00.0 keep=1 coll=(null)
furious-puma-1:127997:128346 [1] NCCL INFO TOPO/NET : Importing network plugins to topology
furious-puma-1:127997:128346 [1] NCCL INFO Retrieving state for IB
furious-puma-1:127997:128346 [1] NCCL INFO Initialized state 0 for IB
furious-puma-1:127997:128346 [1] NCCL INFO ncclTopoPopulateNics : Filled mlx5_0 in topo with pciPath=/sys/devices/pci0000:7e/0000:7e:01.0/0000:80:00.0 keep=1 coll=(null)
furious-puma-1:128000:128333 [4] NCCL INFO TOPO/NET : Importing network plugins to topology
furious-puma-1:127999:128332 [3] NCCL INFO ncclTopoPopulateNics : Filled mlx5_5 in topo with pciPath=/sys/devices/pci0000:ce/0000:ce:01.0/0000:d0:00.0 keep=1 coll=(null)
furious-puma-1:128000:128333 [4] NCCL INFO Retrieving state for IB
furious-puma-1:128000:128333 [4] NCCL INFO Initialized state 0 for IB
furious-puma-1:128000:128333 [4] NCCL INFO ncclTopoPopulateNics : Filled mlx5_0 in topo with pciPath=/sys/devices/pci0000:7e/0000:7e:01.0/0000:80:00.0 keep=1 coll=(null)
furious-puma-1:128003:128336 [7] NCCL INFO ncclTopoPopulateNics : Filled mlx5_2 in topo with pciPath=/sys/devices/pci0000:9e/0000:9e:01.0/0000:a0:00.0 keep=1 coll=(null)
furious-puma-1:127997:128346 [1] NCCL INFO ncclTopoPopulateNics : Filled mlx5_1 in topo with pciPath=/sys/devices/pci0000:8e/0000:8e:01.0/0000:90:00.0 keep=1 coll=(null)
furious-puma-1:127999:128332 [3] NCCL INFO ncclTopoPopulateNics : Filled mlx5_6 in topo with pciPath=/sys/devices/pci0000:de/0000:de:01.0/0000:e0:00.0 keep=1 coll=(null)
furious-puma-1:128003:128336 [7] NCCL INFO ncclTopoPopulateNics : Filled mlx5_3 in topo with pciPath=/sys/devices/pci0000:ae/0000:ae:01.0/0000:b0:00.0 keep=1 coll=(null)
furious-puma-1:128000:128333 [4] NCCL INFO ncclTopoPopulateNics : Filled mlx5_1 in topo with pciPath=/sys/devices/pci0000:8e/0000:8e:01.0/0000:90:00.0 keep=1 coll=(null)
furious-puma-1:127999:128332 [3] NCCL INFO ncclTopoPopulateNics : Filled mlx5_7 in topo with pciPath=/sys/devices/pci0000:ee/0000:ee:01.0/0000:f0:00.0 keep=1 coll=(null)
furious-puma-1:127997:128346 [1] NCCL INFO ncclTopoPopulateNics : Filled mlx5_2 in topo with pciPath=/sys/devices/pci0000:9e/0000:9e:01.0/0000:a0:00.0 keep=1 coll=(null)
furious-puma-1:128003:128336 [7] NCCL INFO ncclTopoPopulateNics : Filled mlx5_4 in topo with pciPath=/sys/devices/pci0000:be/0000:be:01.0/0000:c0:00.0 keep=1 coll=(null)
furious-puma-1:128000:128333 [4] NCCL INFO ncclTopoPopulateNics : Filled mlx5_2 in topo with pciPath=/sys/devices/pci0000:9e/0000:9e:01.0/0000:a0:00.0 keep=1 coll=(null)
furious-puma-1:127997:128346 [1] NCCL INFO ncclTopoPopulateNics : Filled mlx5_3 in topo with pciPath=/sys/devices/pci0000:ae/0000:ae:01.0/0000:b0:00.0 keep=1 coll=(null)
furious-puma-1:128003:128336 [7] NCCL INFO ncclTopoPopulateNics : Filled mlx5_5 in topo with pciPath=/sys/devices/pci0000:ce/0000:ce:01.0/0000:d0:00.0 keep=1 coll=(null)
furious-puma-1:128000:128333 [4] NCCL INFO ncclTopoPopulateNics : Filled mlx5_3 in topo with pciPath=/sys/devices/pci0000:ae/0000:ae:01.0/0000:b0:00.0 keep=1 coll=(null)
furious-puma-1:128003:128336 [7] NCCL INFO ncclTopoPopulateNics : Filled mlx5_6 in topo with pciPath=/sys/devices/pci0000:de/0000:de:01.0/0000:e0:00.0 keep=1 coll=(null)
furious-puma-1:127997:128346 [1] NCCL INFO ncclTopoPopulateNics : Filled mlx5_4 in topo with pciPath=/sys/devices/pci0000:be/0000:be:01.0/0000:c0:00.0 keep=1 coll=(null)
furious-puma-1:128000:128333 [4] NCCL INFO ncclTopoPopulateNics : Filled mlx5_4 in topo with pciPath=/sys/devices/pci0000:be/0000:be:01.0/0000:c0:00.0 keep=1 coll=(null)
furious-puma-1:128003:128336 [7] NCCL INFO ncclTopoPopulateNics : Filled mlx5_7 in topo with pciPath=/sys/devices/pci0000:ee/0000:ee:01.0/0000:f0:00.0 keep=1 coll=(null)
furious-puma-1:127997:128346 [1] NCCL INFO ncclTopoPopulateNics : Filled mlx5_5 in topo with pciPath=/sys/devices/pci0000:ce/0000:ce:01.0/0000:d0:00.0 keep=1 coll=(null)
furious-puma-1:128000:128333 [4] NCCL INFO ncclTopoPopulateNics : Filled mlx5_5 in topo with pciPath=/sys/devices/pci0000:ce/0000:ce:01.0/0000:d0:00.0 keep=1 coll=(null)
furious-puma-1:127997:128346 [1] NCCL INFO ncclTopoPopulateNics : Filled mlx5_6 in topo with pciPath=/sys/devices/pci0000:de/0000:de:01.0/0000:e0:00.0 keep=1 coll=(null)
furious-puma-1:128000:128333 [4] NCCL INFO ncclTopoPopulateNics : Filled mlx5_6 in topo with pciPath=/sys/devices/pci0000:de/0000:de:01.0/0000:e0:00.0 keep=1 coll=(null)
furious-puma-1:127998:128337 [2] NCCL INFO TOPO/NET : Importing network plugins to topology
furious-puma-1:127998:128337 [2] NCCL INFO Retrieving state for IB
furious-puma-1:127998:128337 [2] NCCL INFO Initialized state 0 for IB
furious-puma-1:127998:128337 [2] NCCL INFO ncclTopoPopulateNics : Filled mlx5_0 in topo with pciPath=/sys/devices/pci0000:7e/0000:7e:01.0/0000:80:00.0 keep=1 coll=(null)
furious-puma-1:127997:128346 [1] NCCL INFO ncclTopoPopulateNics : Filled mlx5_7 in topo with pciPath=/sys/devices/pci0000:ee/0000:ee:01.0/0000:f0:00.0 keep=1 coll=(null)
furious-puma-1:128000:128333 [4] NCCL INFO ncclTopoPopulateNics : Filled mlx5_7 in topo with pciPath=/sys/devices/pci0000:ee/0000:ee:01.0/0000:f0:00.0 keep=1 coll=(null)
furious-puma-1:127998:128337 [2] NCCL INFO ncclTopoPopulateNics : Filled mlx5_1 in topo with pciPath=/sys/devices/pci0000:8e/0000:8e:01.0/0000:90:00.0 keep=1 coll=(null)
furious-puma-1:127998:128337 [2] NCCL INFO ncclTopoPopulateNics : Filled mlx5_2 in topo with pciPath=/sys/devices/pci0000:9e/0000:9e:01.0/0000:a0:00.0 keep=1 coll=(null)
furious-puma-1:127998:128337 [2] NCCL INFO ncclTopoPopulateNics : Filled mlx5_3 in topo with pciPath=/sys/devices/pci0000:ae/0000:ae:01.0/0000:b0:00.0 keep=1 coll=(null)
furious-puma-1:127998:128337 [2] NCCL INFO ncclTopoPopulateNics : Filled mlx5_4 in topo with pciPath=/sys/devices/pci0000:be/0000:be:01.0/0000:c0:00.0 keep=1 coll=(null)
furious-puma-1:127996:128347 [0] NCCL INFO TOPO/NET : Importing network plugins to topology
furious-puma-1:127996:128347 [0] NCCL INFO Retrieving state for IB
furious-puma-1:127996:128347 [0] NCCL INFO Initialized state 0 for IB
furious-puma-1:127996:128347 [0] NCCL INFO ncclTopoPopulateNics : Filled mlx5_0 in topo with pciPath=/sys/devices/pci0000:7e/0000:7e:01.0/0000:80:00.0 keep=1 coll=(null)
furious-puma-1:127998:128337 [2] NCCL INFO ncclTopoPopulateNics : Filled mlx5_5 in topo with pciPath=/sys/devices/pci0000:ce/0000:ce:01.0/0000:d0:00.0 keep=1 coll=(null)
furious-puma-1:127996:128347 [0] NCCL INFO ncclTopoPopulateNics : Filled mlx5_1 in topo with pciPath=/sys/devices/pci0000:8e/0000:8e:01.0/0000:90:00.0 keep=1 coll=(null)
furious-puma-1:127998:128337 [2] NCCL INFO ncclTopoPopulateNics : Filled mlx5_6 in topo with pciPath=/sys/devices/pci0000:de/0000:de:01.0/0000:e0:00.0 keep=1 coll=(null)
furious-puma-1:127996:128347 [0] NCCL INFO ncclTopoPopulateNics : Filled mlx5_2 in topo with pciPath=/sys/devices/pci0000:9e/0000:9e:01.0/0000:a0:00.0 keep=1 coll=(null)
furious-puma-1:127998:128337 [2] NCCL INFO ncclTopoPopulateNics : Filled mlx5_7 in topo with pciPath=/sys/devices/pci0000:ee/0000:ee:01.0/0000:f0:00.0 keep=1 coll=(null)
furious-puma-1:127996:128347 [0] NCCL INFO ncclTopoPopulateNics : Filled mlx5_3 in topo with pciPath=/sys/devices/pci0000:ae/0000:ae:01.0/0000:b0:00.0 keep=1 coll=(null)
furious-puma-1:127996:128347 [0] NCCL INFO ncclTopoPopulateNics : Filled mlx5_4 in topo with pciPath=/sys/devices/pci0000:be/0000:be:01.0/0000:c0:00.0 keep=1 coll=(null)
furious-puma-1:127996:128347 [0] NCCL INFO ncclTopoPopulateNics : Filled mlx5_5 in topo with pciPath=/sys/devices/pci0000:ce/0000:ce:01.0/0000:d0:00.0 keep=1 coll=(null)
furious-puma-1:127996:128347 [0] NCCL INFO ncclTopoPopulateNics : Filled mlx5_6 in topo with pciPath=/sys/devices/pci0000:de/0000:de:01.0/0000:e0:00.0 keep=1 coll=(null)
furious-puma-1:127996:128347 [0] NCCL INFO ncclTopoPopulateNics : Filled mlx5_7 in topo with pciPath=/sys/devices/pci0000:ee/0000:ee:01.0/0000:f0:00.0 keep=1 coll=(null)
furious-puma-1:128002:128335 [6] NCCL INFO GPU Direct RDMA Enabled for GPU 0 / HCA 0 (distance 4 <= 5), read 0 mode Default
furious-puma-1:128002:128335 [6] NCCL INFO GPU Direct RDMA Enabled for GPU 1 / HCA 0 (distance 4 <= 5), read 0 mode Default
furious-puma-1:128002:128335 [6] NCCL INFO GPU Direct RDMA Enabled for GPU 2 / HCA 0 (distance 4 <= 5), read 0 mode Default
furious-puma-1:128002:128335 [6] NCCL INFO GPU Direct RDMA Enabled for GPU 3 / HCA 0 (distance 4 <= 5), read 0 mode Default
furious-puma-1:128002:128335 [6] NCCL INFO GPU Direct RDMA Enabled for GPU 4 / HCA 0 (distance 4 <= 5), read 0 mode Default
furious-puma-1:128002:128335 [6] NCCL INFO GPU Direct RDMA Enabled for GPU 5 / HCA 0 (distance 4 <= 5), read 0 mode Default
furious-puma-1:128002:128335 [6] NCCL INFO GPU Direct RDMA Enabled for GPU 6 / HCA 0 (distance 4 <= 5), read 0 mode Default
furious-puma-1:128002:128335 [6] NCCL INFO GPU Direct RDMA Enabled for GPU 7 / HCA 0 (distance 4 <= 5), read 0 mode Default
furious-puma-1:128002:128335 [6] NCCL INFO GPU Direct RDMA Enabled for GPU 0 / HCA 1 (distance 4 <= 5), read 0 mode Default
furious-puma-1:128002:128335 [6] NCCL INFO GPU Direct RDMA Enabled for GPU 1 / HCA 1 (distance 4 <= 5), read 0 mode Default
furious-puma-1:128002:128335 [6] NCCL INFO GPU Direct RDMA Enabled for GPU 2 / HCA 1 (distance 4 <= 5), read 0 mode Default
furious-puma-1:128002:128335 [6] NCCL INFO GPU Direct RDMA Enabled for GPU 3 / HCA 1 (distance 4 <= 5), read 0 mode Default
furious-puma-1:128002:128335 [6] NCCL INFO GPU Direct RDMA Enabled for GPU 4 / HCA 1 (distance 4 <= 5), read 0 mode Default
furious-puma-1:128002:128335 [6] NCCL INFO GPU Direct RDMA Enabled for GPU 5 / HCA 1 (distance 4 <= 5), read 0 mode Default
furious-puma-1:128002:128335 [6] NCCL INFO GPU Direct RDMA Enabled for GPU 6 / HCA 1 (distance 4 <= 5), read 0 mode Default
furious-puma-1:128002:128335 [6] NCCL INFO GPU Direct RDMA Enabled for GPU 7 / HCA 1 (distance 4 <= 5), read 0 mode Default
furious-puma-1:128002:128335 [6] NCCL INFO GPU Direct RDMA Enabled for GPU 0 / HCA 2 (distance 4 <= 5), read 0 mode Default
furious-puma-1:128002:128335 [6] NCCL INFO GPU Direct RDMA Enabled for GPU 1 / HCA 2 (distance 4 <= 5), read 0 mode Default
furious-puma-1:128002:128335 [6] NCCL INFO GPU Direct RDMA Enabled for GPU 2 / HCA 2 (distance 4 <= 5), read 0 mode Default
furious-puma-1:128002:128335 [6] NCCL INFO GPU Direct RDMA Enabled for GPU 3 / HCA 2 (distance 4 <= 5), read 0 mode Default
furious-puma-1:128002:128335 [6] NCCL INFO GPU Direct RDMA Enabled for GPU 4 / HCA 2 (distance 4 <= 5), read 0 mode Default
furious-puma-1:128002:128335 [6] NCCL INFO GPU Direct RDMA Enabled for GPU 5 / HCA 2 (distance 4 <= 5), read 0 mode Default
furious-puma-1:128002:128335 [6] NCCL INFO GPU Direct RDMA Enabled for GPU 6 / HCA 2 (distance 4 <= 5), read 0 mode Default
furious-puma-1:128002:128335 [6] NCCL INFO GPU Direct RDMA Enabled for GPU 7 / HCA 2 (distance 4 <= 5), read 0 mode Default
furious-puma-1:128002:128335 [6] NCCL INFO GPU Direct RDMA Enabled for GPU 0 / HCA 3 (distance 4 <= 5), read 0 mode Default
furious-puma-1:128002:128335 [6] NCCL INFO GPU Direct RDMA Enabled for GPU 1 / HCA 3 (distance 4 <= 5), read 0 mode Default
furious-puma-1:128002:128335 [6] NCCL INFO GPU Direct RDMA Enabled for GPU 2 / HCA 3 (distance 4 <= 5), read 0 mode Default
furious-puma-1:128002:128335 [6] NCCL INFO GPU Direct RDMA Enabled for GPU 3 / HCA 3 (distance 4 <= 5), read 0 mode Default
furious-puma-1:128002:128335 [6] NCCL INFO GPU Direct RDMA Enabled for GPU 4 / HCA 3 (distance 4 <= 5), read 0 mode Default
furious-puma-1:128002:128335 [6] NCCL INFO GPU Direct RDMA Enabled for GPU 5 / HCA 3 (distance 4 <= 5), read 0 mode Default
furious-puma-1:128002:128335 [6] NCCL INFO GPU Direct RDMA Enabled for GPU 6 / HCA 3 (distance 4 <= 5), read 0 mode Default
furious-puma-1:128002:128335 [6] NCCL INFO GPU Direct RDMA Enabled for GPU 7 / HCA 3 (distance 4 <= 5), read 0 mode Default
furious-puma-1:128002:128335 [6] NCCL INFO GPU Direct RDMA Enabled for GPU 0 / HCA 4 (distance 4 <= 5), read 0 mode Default
furious-puma-1:128002:128335 [6] NCCL INFO GPU Direct RDMA Enabled for GPU 1 / HCA 4 (distance 4 <= 5), read 0 mode Default
furious-puma-1:128002:128335 [6] NCCL INFO GPU Direct RDMA Enabled for GPU 2 / HCA 4 (distance 4 <= 5), read 0 mode Default
furious-puma-1:128002:128335 [6] NCCL INFO GPU Direct RDMA Enabled for GPU 3 / HCA 4 (distance 4 <= 5), read 0 mode Default
furious-puma-1:128002:128335 [6] NCCL INFO GPU Direct RDMA Enabled for GPU 4 / HCA 4 (distance 4 <= 5), read 0 mode Default
furious-puma-1:128002:128335 [6] NCCL INFO GPU Direct RDMA Enabled for GPU 5 / HCA 4 (distance 4 <= 5), read 0 mode Default
furious-puma-1:128002:128335 [6] NCCL INFO GPU Direct RDMA Enabled for GPU 6 / HCA 4 (distance 4 <= 5), read 0 mode Default
furious-puma-1:128002:128335 [6] NCCL INFO GPU Direct RDMA Enabled for GPU 7 / HCA 4 (distance 4 <= 5), read 0 mode Default
furious-puma-1:128002:128335 [6] NCCL INFO GPU Direct RDMA Enabled for GPU 0 / HCA 5 (distance 4 <= 5), read 0 mode Default
furious-puma-1:128002:128335 [6] NCCL INFO GPU Direct RDMA Enabled for GPU 1 / HCA 5 (distance 4 <= 5), read 0 mode Default
furious-puma-1:128002:128335 [6] NCCL INFO GPU Direct RDMA Enabled for GPU 2 / HCA 5 (distance 4 <= 5), read 0 mode Default
furious-puma-1:128002:128335 [6] NCCL INFO GPU Direct RDMA Enabled for GPU 3 / HCA 5 (distance 4 <= 5), read 0 mode Default
furious-puma-1:128002:128335 [6] NCCL INFO GPU Direct RDMA Enabled for GPU 4 / HCA 5 (distance 4 <= 5), read 0 mode Default
furious-puma-1:128002:128335 [6] NCCL INFO GPU Direct RDMA Enabled for GPU 5 / HCA 5 (distance 4 <= 5), read 0 mode Default
furious-puma-1:128002:128335 [6] NCCL INFO GPU Direct RDMA Enabled for GPU 6 / HCA 5 (distance 4 <= 5), read 0 mode Default
furious-puma-1:128002:128335 [6] NCCL INFO GPU Direct RDMA Enabled for GPU 7 / HCA 5 (distance 4 <= 5), read 0 mode Default
furious-puma-1:128002:128335 [6] NCCL INFO GPU Direct RDMA Enabled for GPU 0 / HCA 6 (distance 4 <= 5), read 0 mode Default
furious-puma-1:128002:128335 [6] NCCL INFO GPU Direct RDMA Enabled for GPU 1 / HCA 6 (distance 4 <= 5), read 0 mode Default
furious-puma-1:128002:128335 [6] NCCL INFO GPU Direct RDMA Enabled for GPU 2 / HCA 6 (distance 4 <= 5), read 0 mode Default
furious-puma-1:128002:128335 [6] NCCL INFO GPU Direct RDMA Enabled for GPU 3 / HCA 6 (distance 4 <= 5), read 0 mode Default
furious-puma-1:128002:128335 [6] NCCL INFO GPU Direct RDMA Enabled for GPU 4 / HCA 6 (distance 4 <= 5), read 0 mode Default
furious-puma-1:128002:128335 [6] NCCL INFO GPU Direct RDMA Enabled for GPU 5 / HCA 6 (distance 4 <= 5), read 0 mode Default
furious-puma-1:128002:128335 [6] NCCL INFO GPU Direct RDMA Enabled for GPU 6 / HCA 6 (distance 4 <= 5), read 0 mode Default
furious-puma-1:128002:128335 [6] NCCL INFO GPU Direct RDMA Enabled for GPU 7 / HCA 6 (distance 4 <= 5), read 0 mode Default
furious-puma-1:128002:128335 [6] NCCL INFO GPU Direct RDMA Enabled for GPU 0 / HCA 7 (distance 4 <= 5), read 0 mode Default
furious-puma-1:128002:128335 [6] NCCL INFO GPU Direct RDMA Enabled for GPU 1 / HCA 7 (distance 4 <= 5), read 0 mode Default
furious-puma-1:128002:128335 [6] NCCL INFO GPU Direct RDMA Enabled for GPU 2 / HCA 7 (distance 4 <= 5), read 0 mode Default
furious-puma-1:128002:128335 [6] NCCL INFO GPU Direct RDMA Enabled for GPU 3 / HCA 7 (distance 4 <= 5), read 0 mode Default
furious-puma-1:128002:128335 [6] NCCL INFO GPU Direct RDMA Enabled for GPU 4 / HCA 7 (distance 4 <= 5), read 0 mode Default
furious-puma-1:128002:128335 [6] NCCL INFO GPU Direct RDMA Enabled for GPU 5 / HCA 7 (distance 4 <= 5), read 0 mode Default
furious-puma-1:128002:128335 [6] NCCL INFO GPU Direct RDMA Enabled for GPU 6 / HCA 7 (distance 4 <= 5), read 0 mode Default
furious-puma-1:128002:128335 [6] NCCL INFO GPU Direct RDMA Enabled for GPU 7 / HCA 7 (distance 4 <= 5), read 0 mode Default
furious-puma-1:127998:128337 [2] NCCL INFO GPU Direct RDMA Enabled for GPU 0 / HCA 0 (distance 4 <= 5), read 0 mode Default
furious-puma-1:127998:128337 [2] NCCL INFO GPU Direct RDMA Enabled for GPU 1 / HCA 0 (distance 4 <= 5), read 0 mode Default
furious-puma-1:127998:128337 [2] NCCL INFO GPU Direct RDMA Enabled for GPU 2 / HCA 0 (distance 4 <= 5), read 0 mode Default
furious-puma-1:127998:128337 [2] NCCL INFO GPU Direct RDMA Enabled for GPU 3 / HCA 0 (distance 4 <= 5), read 0 mode Default
furious-puma-1:127998:128337 [2] NCCL INFO GPU Direct RDMA Enabled for GPU 4 / HCA 0 (distance 4 <= 5), read 0 mode Default
furious-puma-1:127998:128337 [2] NCCL INFO GPU Direct RDMA Enabled for GPU 5 / HCA 0 (distance 4 <= 5), read 0 mode Default
furious-puma-1:127998:128337 [2] NCCL INFO GPU Direct RDMA Enabled for GPU 6 / HCA 0 (distance 4 <= 5), read 0 mode Default
furious-puma-1:127998:128337 [2] NCCL INFO GPU Direct RDMA Enabled for GPU 7 / HCA 0 (distance 4 <= 5), read 0 mode Default
furious-puma-1:127998:128337 [2] NCCL INFO GPU Direct RDMA Enabled for GPU 0 / HCA 1 (distance 4 <= 5), read 0 mode Default
furious-puma-1:127998:128337 [2] NCCL INFO GPU Direct RDMA Enabled for GPU 1 / HCA 1 (distance 4 <= 5), read 0 mode Default
furious-puma-1:127998:128337 [2] NCCL INFO GPU Direct RDMA Enabled for GPU 2 / HCA 1 (distance 4 <= 5), read 0 mode Default
furious-puma-1:127998:128337 [2] NCCL INFO GPU Direct RDMA Enabled for GPU 3 / HCA 1 (distance 4 <= 5), read 0 mode Default
furious-puma-1:127998:128337 [2] NCCL INFO GPU Direct RDMA Enabled for GPU 4 / HCA 1 (distance 4 <= 5), read 0 mode Default
furious-puma-1:127998:128337 [2] NCCL INFO GPU Direct RDMA Enabled for GPU 5 / HCA 1 (distance 4 <= 5), read 0 mode Default
furious-puma-1:127998:128337 [2] NCCL INFO GPU Direct RDMA Enabled for GPU 6 / HCA 1 (distance 4 <= 5), read 0 mode Default
furious-puma-1:127998:128337 [2] NCCL INFO GPU Direct RDMA Enabled for GPU 7 / HCA 1 (distance 4 <= 5), read 0 mode Default
furious-puma-1:127998:128337 [2] NCCL INFO GPU Direct RDMA Enabled for GPU 0 / HCA 2 (distance 4 <= 5), read 0 mode Default
furious-puma-1:127998:128337 [2] NCCL INFO GPU Direct RDMA Enabled for GPU 1 / HCA 2 (distance 4 <= 5), read 0 mode Default
furious-puma-1:127998:128337 [2] NCCL INFO GPU Direct RDMA Enabled for GPU 2 / HCA 2 (distance 4 <= 5), read 0 mode Default
furious-puma-1:127998:128337 [2] NCCL INFO GPU Direct RDMA Enabled for GPU 3 / HCA 2 (distance 4 <= 5), read 0 mode Default
furious-puma-1:127998:128337 [2] NCCL INFO GPU Direct RDMA Enabled for GPU 4 / HCA 2 (distance 4 <= 5), read 0 mode Default
furious-puma-1:127998:128337 [2] NCCL INFO GPU Direct RDMA Enabled for GPU 5 / HCA 2 (distance 4 <= 5), read 0 mode Default
furious-puma-1:127998:128337 [2] NCCL INFO GPU Direct RDMA Enabled for GPU 6 / HCA 2 (distance 4 <= 5), read 0 mode Default
furious-puma-1:127998:128337 [2] NCCL INFO GPU Direct RDMA Enabled for GPU 7 / HCA 2 (distance 4 <= 5), read 0 mode Default
furious-puma-1:127998:128337 [2] NCCL INFO GPU Direct RDMA Enabled for GPU 0 / HCA 3 (distance 4 <= 5), read 0 mode Default
furious-puma-1:127998:128337 [2] NCCL INFO GPU Direct RDMA Enabled for GPU 1 / HCA 3 (distance 4 <= 5), read 0 mode Default
furious-puma-1:127998:128337 [2] NCCL INFO GPU Direct RDMA Enabled for GPU 2 / HCA 3 (distance 4 <= 5), read 0 mode Default
furious-puma-1:127998:128337 [2] NCCL INFO GPU Direct RDMA Enabled for GPU 3 / HCA 3 (distance 4 <= 5), read 0 mode Default
furious-puma-1:127998:128337 [2] NCCL INFO GPU Direct RDMA Enabled for GPU 4 / HCA 3 (distance 4 <= 5), read 0 mode Default
furious-puma-1:127998:128337 [2] NCCL INFO GPU Direct RDMA Enabled for GPU 5 / HCA 3 (distance 4 <= 5), read 0 mode Default
furious-puma-1:127998:128337 [2] NCCL INFO GPU Direct RDMA Enabled for GPU 6 / HCA 3 (distance 4 <= 5), read 0 mode Default
furious-puma-1:127998:128337 [2] NCCL INFO GPU Direct RDMA Enabled for GPU 7 / HCA 3 (distance 4 <= 5), read 0 mode Default
furious-puma-1:127998:128337 [2] NCCL INFO GPU Direct RDMA Enabled for GPU 0 / HCA 4 (distance 4 <= 5), read 0 mode Default
furious-puma-1:127998:128337 [2] NCCL INFO GPU Direct RDMA Enabled for GPU 1 / HCA 4 (distance 4 <= 5), read 0 mode Default
furious-puma-1:127998:128337 [2] NCCL INFO GPU Direct RDMA Enabled for GPU 2 / HCA 4 (distance 4 <= 5), read 0 mode Default
furious-puma-1:127998:128337 [2] NCCL INFO GPU Direct RDMA Enabled for GPU 3 / HCA 4 (distance 4 <= 5), read 0 mode Default
furious-puma-1:127998:128337 [2] NCCL INFO GPU Direct RDMA Enabled for GPU 4 / HCA 4 (distance 4 <= 5), read 0 mode Default
furious-puma-1:127998:128337 [2] NCCL INFO GPU Direct RDMA Enabled for GPU 5 / HCA 4 (distance 4 <= 5), read 0 mode Default
furious-puma-1:127998:128337 [2] NCCL INFO GPU Direct RDMA Enabled for GPU 6 / HCA 4 (distance 4 <= 5), read 0 mode Default
furious-puma-1:127998:128337 [2] NCCL INFO GPU Direct RDMA Enabled for GPU 7 / HCA 4 (distance 4 <= 5), read 0 mode Default
furious-puma-1:127998:128337 [2] NCCL INFO GPU Direct RDMA Enabled for GPU 0 / HCA 5 (distance 4 <= 5), read 0 mode Default
furious-puma-1:127998:128337 [2] NCCL INFO GPU Direct RDMA Enabled for GPU 1 / HCA 5 (distance 4 <= 5), read 0 mode Default
furious-puma-1:127998:128337 [2] NCCL INFO GPU Direct RDMA Enabled for GPU 2 / HCA 5 (distance 4 <= 5), read 0 mode Default
furious-puma-1:127998:128337 [2] NCCL INFO GPU Direct RDMA Enabled for GPU 3 / HCA 5 (distance 4 <= 5), read 0 mode Default
furious-puma-1:127998:128337 [2] NCCL INFO GPU Direct RDMA Enabled for GPU 4 / HCA 5 (distance 4 <= 5), read 0 mode Default
furious-puma-1:127998:128337 [2] NCCL INFO GPU Direct RDMA Enabled for GPU 5 / HCA 5 (distance 4 <= 5), read 0 mode Default
furious-puma-1:127998:128337 [2] NCCL INFO GPU Direct RDMA Enabled for GPU 6 / HCA 5 (distance 4 <= 5), read 0 mode Default
furious-puma-1:127998:128337 [2] NCCL INFO GPU Direct RDMA Enabled for GPU 7 / HCA 5 (distance 4 <= 5), read 0 mode Default
furious-puma-1:127998:128337 [2] NCCL INFO GPU Direct RDMA Enabled for GPU 0 / HCA 6 (distance 4 <= 5), read 0 mode Default
furious-puma-1:127998:128337 [2] NCCL INFO GPU Direct RDMA Enabled for GPU 1 / HCA 6 (distance 4 <= 5), read 0 mode Default
furious-puma-1:127998:128337 [2] NCCL INFO GPU Direct RDMA Enabled for GPU 2 / HCA 6 (distance 4 <= 5), read 0 mode Default
furious-puma-1:127998:128337 [2] NCCL INFO GPU Direct RDMA Enabled for GPU 3 / HCA 6 (distance 4 <= 5), read 0 mode Default
furious-puma-1:127998:128337 [2] NCCL INFO GPU Direct RDMA Enabled for GPU 4 / HCA 6 (distance 4 <= 5), read 0 mode Default
furious-puma-1:127998:128337 [2] NCCL INFO GPU Direct RDMA Enabled for GPU 5 / HCA 6 (distance 4 <= 5), read 0 mode Default
furious-puma-1:127998:128337 [2] NCCL INFO GPU Direct RDMA Enabled for GPU 6 / HCA 6 (distance 4 <= 5), read 0 mode Default
furious-puma-1:127998:128337 [2] NCCL INFO GPU Direct RDMA Enabled for GPU 7 / HCA 6 (distance 4 <= 5), read 0 mode Default
furious-puma-1:127998:128337 [2] NCCL INFO GPU Direct RDMA Enabled for GPU 0 / HCA 7 (distance 4 <= 5), read 0 mode Default
furious-puma-1:127998:128337 [2] NCCL INFO GPU Direct RDMA Enabled for GPU 1 / HCA 7 (distance 4 <= 5), read 0 mode Default
furious-puma-1:127998:128337 [2] NCCL INFO GPU Direct RDMA Enabled for GPU 2 / HCA 7 (distance 4 <= 5), read 0 mode Default
furious-puma-1:127998:128337 [2] NCCL INFO GPU Direct RDMA Enabled for GPU 3 / HCA 7 (distance 4 <= 5), read 0 mode Default
furious-puma-1:127998:128337 [2] NCCL INFO GPU Direct RDMA Enabled for GPU 4 / HCA 7 (distance 4 <= 5), read 0 mode Default
furious-puma-1:127998:128337 [2] NCCL INFO GPU Direct RDMA Enabled for GPU 5 / HCA 7 (distance 4 <= 5), read 0 mode Default
furious-puma-1:127998:128337 [2] NCCL INFO GPU Direct RDMA Enabled for GPU 6 / HCA 7 (distance 4 <= 5), read 0 mode Default
furious-puma-1:127998:128337 [2] NCCL INFO GPU Direct RDMA Enabled for GPU 7 / HCA 7 (distance 4 <= 5), read 0 mode Default
furious-puma-1:128003:128336 [7] NCCL INFO GPU Direct RDMA Enabled for GPU 0 / HCA 0 (distance 4 <= 5), read 0 mode Default
furious-puma-1:128003:128336 [7] NCCL INFO GPU Direct RDMA Enabled for GPU 1 / HCA 0 (distance 4 <= 5), read 0 mode Default
furious-puma-1:128003:128336 [7] NCCL INFO GPU Direct RDMA Enabled for GPU 2 / HCA 0 (distance 4 <= 5), read 0 mode Default
furious-puma-1:128003:128336 [7] NCCL INFO GPU Direct RDMA Enabled for GPU 3 / HCA 0 (distance 4 <= 5), read 0 mode Default
furious-puma-1:128003:128336 [7] NCCL INFO GPU Direct RDMA Enabled for GPU 4 / HCA 0 (distance 4 <= 5), read 0 mode Default
furious-puma-1:128003:128336 [7] NCCL INFO GPU Direct RDMA Enabled for GPU 5 / HCA 0 (distance 4 <= 5), read 0 mode Default
furious-puma-1:128003:128336 [7] NCCL INFO GPU Direct RDMA Enabled for GPU 6 / HCA 0 (distance 4 <= 5), read 0 mode Default
furious-puma-1:128003:128336 [7] NCCL INFO GPU Direct RDMA Enabled for GPU 7 / HCA 0 (distance 4 <= 5), read 0 mode Default
furious-puma-1:128003:128336 [7] NCCL INFO GPU Direct RDMA Enabled for GPU 0 / HCA 1 (distance 4 <= 5), read 0 mode Default
furious-puma-1:128003:128336 [7] NCCL INFO GPU Direct RDMA Enabled for GPU 1 / HCA 1 (distance 4 <= 5), read 0 mode Default
furious-puma-1:128003:128336 [7] NCCL INFO GPU Direct RDMA Enabled for GPU 2 / HCA 1 (distance 4 <= 5), read 0 mode Default
furious-puma-1:128003:128336 [7] NCCL INFO GPU Direct RDMA Enabled for GPU 3 / HCA 1 (distance 4 <= 5), read 0 mode Default
furious-puma-1:128003:128336 [7] NCCL INFO GPU Direct RDMA Enabled for GPU 4 / HCA 1 (distance 4 <= 5), read 0 mode Default
furious-puma-1:128003:128336 [7] NCCL INFO GPU Direct RDMA Enabled for GPU 5 / HCA 1 (distance 4 <= 5), read 0 mode Default
furious-puma-1:128003:128336 [7] NCCL INFO GPU Direct RDMA Enabled for GPU 6 / HCA 1 (distance 4 <= 5), read 0 mode Default
furious-puma-1:128003:128336 [7] NCCL INFO GPU Direct RDMA Enabled for GPU 7 / HCA 1 (distance 4 <= 5), read 0 mode Default
furious-puma-1:128003:128336 [7] NCCL INFO GPU Direct RDMA Enabled for GPU 0 / HCA 2 (distance 4 <= 5), read 0 mode Default
furious-puma-1:128003:128336 [7] NCCL INFO GPU Direct RDMA Enabled for GPU 1 / HCA 2 (distance 4 <= 5), read 0 mode Default
furious-puma-1:128003:128336 [7] NCCL INFO GPU Direct RDMA Enabled for GPU 2 / HCA 2 (distance 4 <= 5), read 0 mode Default
furious-puma-1:128003:128336 [7] NCCL INFO GPU Direct RDMA Enabled for GPU 3 / HCA 2 (distance 4 <= 5), read 0 mode Default
furious-puma-1:128003:128336 [7] NCCL INFO GPU Direct RDMA Enabled for GPU 4 / HCA 2 (distance 4 <= 5), read 0 mode Default
furious-puma-1:128003:128336 [7] NCCL INFO GPU Direct RDMA Enabled for GPU 5 / HCA 2 (distance 4 <= 5), read 0 mode Default
furious-puma-1:128003:128336 [7] NCCL INFO GPU Direct RDMA Enabled for GPU 6 / HCA 2 (distance 4 <= 5), read 0 mode Default
furious-puma-1:128003:128336 [7] NCCL INFO GPU Direct RDMA Enabled for GPU 7 / HCA 2 (distance 4 <= 5), read 0 mode Default
furious-puma-1:128003:128336 [7] NCCL INFO GPU Direct RDMA Enabled for GPU 0 / HCA 3 (distance 4 <= 5), read 0 mode Default
furious-puma-1:128003:128336 [7] NCCL INFO GPU Direct RDMA Enabled for GPU 1 / HCA 3 (distance 4 <= 5), read 0 mode Default
furious-puma-1:128003:128336 [7] NCCL INFO GPU Direct RDMA Enabled for GPU 2 / HCA 3 (distance 4 <= 5), read 0 mode Default
furious-puma-1:128003:128336 [7] NCCL INFO GPU Direct RDMA Enabled for GPU 3 / HCA 3 (distance 4 <= 5), read 0 mode Default
furious-puma-1:128003:128336 [7] NCCL INFO GPU Direct RDMA Enabled for GPU 4 / HCA 3 (distance 4 <= 5), read 0 mode Default
furious-puma-1:128003:128336 [7] NCCL INFO GPU Direct RDMA Enabled for GPU 5 / HCA 3 (distance 4 <= 5), read 0 mode Default
furious-puma-1:128003:128336 [7] NCCL INFO GPU Direct RDMA Enabled for GPU 6 / HCA 3 (distance 4 <= 5), read 0 mode Default
furious-puma-1:128003:128336 [7] NCCL INFO GPU Direct RDMA Enabled for GPU 7 / HCA 3 (distance 4 <= 5), read 0 mode Default
furious-puma-1:128003:128336 [7] NCCL INFO GPU Direct RDMA Enabled for GPU 0 / HCA 4 (distance 4 <= 5), read 0 mode Default
furious-puma-1:128003:128336 [7] NCCL INFO GPU Direct RDMA Enabled for GPU 1 / HCA 4 (distance 4 <= 5), read 0 mode Default
furious-puma-1:128003:128336 [7] NCCL INFO GPU Direct RDMA Enabled for GPU 2 / HCA 4 (distance 4 <= 5), read 0 mode Default
furious-puma-1:128003:128336 [7] NCCL INFO GPU Direct RDMA Enabled for GPU 3 / HCA 4 (distance 4 <= 5), read 0 mode Default
furious-puma-1:128003:128336 [7] NCCL INFO GPU Direct RDMA Enabled for GPU 4 / HCA 4 (distance 4 <= 5), read 0 mode Default
furious-puma-1:128003:128336 [7] NCCL INFO GPU Direct RDMA Enabled for GPU 5 / HCA 4 (distance 4 <= 5), read 0 mode Default
furious-puma-1:128003:128336 [7] NCCL INFO GPU Direct RDMA Enabled for GPU 6 / HCA 4 (distance 4 <= 5), read 0 mode Default
furious-puma-1:128003:128336 [7] NCCL INFO GPU Direct RDMA Enabled for GPU 7 / HCA 4 (distance 4 <= 5), read 0 mode Default
furious-puma-1:128003:128336 [7] NCCL INFO GPU Direct RDMA Enabled for GPU 0 / HCA 5 (distance 4 <= 5), read 0 mode Default
furious-puma-1:128003:128336 [7] NCCL INFO GPU Direct RDMA Enabled for GPU 1 / HCA 5 (distance 4 <= 5), read 0 mode Default
furious-puma-1:128003:128336 [7] NCCL INFO GPU Direct RDMA Enabled for GPU 2 / HCA 5 (distance 4 <= 5), read 0 mode Default
furious-puma-1:128003:128336 [7] NCCL INFO GPU Direct RDMA Enabled for GPU 3 / HCA 5 (distance 4 <= 5), read 0 mode Default
furious-puma-1:128003:128336 [7] NCCL INFO GPU Direct RDMA Enabled for GPU 4 / HCA 5 (distance 4 <= 5), read 0 mode Default
furious-puma-1:128003:128336 [7] NCCL INFO GPU Direct RDMA Enabled for GPU 5 / HCA 5 (distance 4 <= 5), read 0 mode Default
furious-puma-1:128003:128336 [7] NCCL INFO GPU Direct RDMA Enabled for GPU 6 / HCA 5 (distance 4 <= 5), read 0 mode Default
furious-puma-1:128003:128336 [7] NCCL INFO GPU Direct RDMA Enabled for GPU 7 / HCA 5 (distance 4 <= 5), read 0 mode Default
furious-puma-1:128003:128336 [7] NCCL INFO GPU Direct RDMA Enabled for GPU 0 / HCA 6 (distance 4 <= 5), read 0 mode Default
furious-puma-1:128003:128336 [7] NCCL INFO GPU Direct RDMA Enabled for GPU 1 / HCA 6 (distance 4 <= 5), read 0 mode Default
furious-puma-1:128003:128336 [7] NCCL INFO GPU Direct RDMA Enabled for GPU 2 / HCA 6 (distance 4 <= 5), read 0 mode Default
furious-puma-1:128003:128336 [7] NCCL INFO GPU Direct RDMA Enabled for GPU 3 / HCA 6 (distance 4 <= 5), read 0 mode Default
furious-puma-1:128003:128336 [7] NCCL INFO GPU Direct RDMA Enabled for GPU 4 / HCA 6 (distance 4 <= 5), read 0 mode Default
furious-puma-1:128003:128336 [7] NCCL INFO GPU Direct RDMA Enabled for GPU 5 / HCA 6 (distance 4 <= 5), read 0 mode Default
furious-puma-1:128003:128336 [7] NCCL INFO GPU Direct RDMA Enabled for GPU 6 / HCA 6 (distance 4 <= 5), read 0 mode Default
furious-puma-1:128003:128336 [7] NCCL INFO GPU Direct RDMA Enabled for GPU 7 / HCA 6 (distance 4 <= 5), read 0 mode Default
furious-puma-1:128003:128336 [7] NCCL INFO GPU Direct RDMA Enabled for GPU 0 / HCA 7 (distance 4 <= 5), read 0 mode Default
furious-puma-1:128003:128336 [7] NCCL INFO GPU Direct RDMA Enabled for GPU 1 / HCA 7 (distance 4 <= 5), read 0 mode Default
furious-puma-1:128003:128336 [7] NCCL INFO GPU Direct RDMA Enabled for GPU 2 / HCA 7 (distance 4 <= 5), read 0 mode Default
furious-puma-1:128003:128336 [7] NCCL INFO GPU Direct RDMA Enabled for GPU 3 / HCA 7 (distance 4 <= 5), read 0 mode Default
furious-puma-1:128003:128336 [7] NCCL INFO GPU Direct RDMA Enabled for GPU 4 / HCA 7 (distance 4 <= 5), read 0 mode Default
furious-puma-1:128003:128336 [7] NCCL INFO GPU Direct RDMA Enabled for GPU 5 / HCA 7 (distance 4 <= 5), read 0 mode Default
furious-puma-1:128003:128336 [7] NCCL INFO GPU Direct RDMA Enabled for GPU 6 / HCA 7 (distance 4 <= 5), read 0 mode Default
furious-puma-1:128003:128336 [7] NCCL INFO GPU Direct RDMA Enabled for GPU 7 / HCA 7 (distance 4 <= 5), read 0 mode Default
furious-puma-1:127996:128347 [0] NCCL INFO GPU Direct RDMA Enabled for GPU 0 / HCA 0 (distance 4 <= 5), read 0 mode Default
furious-puma-1:127996:128347 [0] NCCL INFO GPU Direct RDMA Enabled for GPU 1 / HCA 0 (distance 4 <= 5), read 0 mode Default
furious-puma-1:127996:128347 [0] NCCL INFO GPU Direct RDMA Enabled for GPU 2 / HCA 0 (distance 4 <= 5), read 0 mode Default
furious-puma-1:127996:128347 [0] NCCL INFO GPU Direct RDMA Enabled for GPU 3 / HCA 0 (distance 4 <= 5), read 0 mode Default
furious-puma-1:127996:128347 [0] NCCL INFO GPU Direct RDMA Enabled for GPU 4 / HCA 0 (distance 4 <= 5), read 0 mode Default
furious-puma-1:127996:128347 [0] NCCL INFO GPU Direct RDMA Enabled for GPU 5 / HCA 0 (distance 4 <= 5), read 0 mode Default
furious-puma-1:127996:128347 [0] NCCL INFO GPU Direct RDMA Enabled for GPU 6 / HCA 0 (distance 4 <= 5), read 0 mode Default
furious-puma-1:127996:128347 [0] NCCL INFO GPU Direct RDMA Enabled for GPU 7 / HCA 0 (distance 4 <= 5), read 0 mode Default
furious-puma-1:127996:128347 [0] NCCL INFO GPU Direct RDMA Enabled for GPU 0 / HCA 1 (distance 4 <= 5), read 0 mode Default
furious-puma-1:127996:128347 [0] NCCL INFO GPU Direct RDMA Enabled for GPU 1 / HCA 1 (distance 4 <= 5), read 0 mode Default
furious-puma-1:127996:128347 [0] NCCL INFO GPU Direct RDMA Enabled for GPU 2 / HCA 1 (distance 4 <= 5), read 0 mode Default
furious-puma-1:127996:128347 [0] NCCL INFO GPU Direct RDMA Enabled for GPU 3 / HCA 1 (distance 4 <= 5), read 0 mode Default
furious-puma-1:127996:128347 [0] NCCL INFO GPU Direct RDMA Enabled for GPU 4 / HCA 1 (distance 4 <= 5), read 0 mode Default
furious-puma-1:127996:128347 [0] NCCL INFO GPU Direct RDMA Enabled for GPU 5 / HCA 1 (distance 4 <= 5), read 0 mode Default
furious-puma-1:127996:128347 [0] NCCL INFO GPU Direct RDMA Enabled for GPU 6 / HCA 1 (distance 4 <= 5), read 0 mode Default
furious-puma-1:127996:128347 [0] NCCL INFO GPU Direct RDMA Enabled for GPU 7 / HCA 1 (distance 4 <= 5), read 0 mode Default
furious-puma-1:127996:128347 [0] NCCL INFO GPU Direct RDMA Enabled for GPU 0 / HCA 2 (distance 4 <= 5), read 0 mode Default
furious-puma-1:127996:128347 [0] NCCL INFO GPU Direct RDMA Enabled for GPU 1 / HCA 2 (distance 4 <= 5), read 0 mode Default
furious-puma-1:127996:128347 [0] NCCL INFO GPU Direct RDMA Enabled for GPU 2 / HCA 2 (distance 4 <= 5), read 0 mode Default
furious-puma-1:127996:128347 [0] NCCL INFO GPU Direct RDMA Enabled for GPU 3 / HCA 2 (distance 4 <= 5), read 0 mode Default
furious-puma-1:127996:128347 [0] NCCL INFO GPU Direct RDMA Enabled for GPU 4 / HCA 2 (distance 4 <= 5), read 0 mode Default
furious-puma-1:127996:128347 [0] NCCL INFO GPU Direct RDMA Enabled for GPU 5 / HCA 2 (distance 4 <= 5), read 0 mode Default
furious-puma-1:127996:128347 [0] NCCL INFO GPU Direct RDMA Enabled for GPU 6 / HCA 2 (distance 4 <= 5), read 0 mode Default
furious-puma-1:127996:128347 [0] NCCL INFO GPU Direct RDMA Enabled for GPU 7 / HCA 2 (distance 4 <= 5), read 0 mode Default
furious-puma-1:127996:128347 [0] NCCL INFO GPU Direct RDMA Enabled for GPU 0 / HCA 3 (distance 4 <= 5), read 0 mode Default
furious-puma-1:127996:128347 [0] NCCL INFO GPU Direct RDMA Enabled for GPU 1 / HCA 3 (distance 4 <= 5), read 0 mode Default
furious-puma-1:127996:128347 [0] NCCL INFO GPU Direct RDMA Enabled for GPU 2 / HCA 3 (distance 4 <= 5), read 0 mode Default
furious-puma-1:127996:128347 [0] NCCL INFO GPU Direct RDMA Enabled for GPU 3 / HCA 3 (distance 4 <= 5), read 0 mode Default
furious-puma-1:127996:128347 [0] NCCL INFO GPU Direct RDMA Enabled for GPU 4 / HCA 3 (distance 4 <= 5), read 0 mode Default
furious-puma-1:127996:128347 [0] NCCL INFO GPU Direct RDMA Enabled for GPU 5 / HCA 3 (distance 4 <= 5), read 0 mode Default
furious-puma-1:127996:128347 [0] NCCL INFO GPU Direct RDMA Enabled for GPU 6 / HCA 3 (distance 4 <= 5), read 0 mode Default
furious-puma-1:127996:128347 [0] NCCL INFO GPU Direct RDMA Enabled for GPU 7 / HCA 3 (distance 4 <= 5), read 0 mode Default
furious-puma-1:127996:128347 [0] NCCL INFO GPU Direct RDMA Enabled for GPU 0 / HCA 4 (distance 4 <= 5), read 0 mode Default
furious-puma-1:127996:128347 [0] NCCL INFO GPU Direct RDMA Enabled for GPU 1 / HCA 4 (distance 4 <= 5), read 0 mode Default
furious-puma-1:127996:128347 [0] NCCL INFO GPU Direct RDMA Enabled for GPU 2 / HCA 4 (distance 4 <= 5), read 0 mode Default
furious-puma-1:127996:128347 [0] NCCL INFO GPU Direct RDMA Enabled for GPU 3 / HCA 4 (distance 4 <= 5), read 0 mode Default
furious-puma-1:127996:128347 [0] NCCL INFO GPU Direct RDMA Enabled for GPU 4 / HCA 4 (distance 4 <= 5), read 0 mode Default
furious-puma-1:127996:128347 [0] NCCL INFO GPU Direct RDMA Enabled for GPU 5 / HCA 4 (distance 4 <= 5), read 0 mode Default
furious-puma-1:127996:128347 [0] NCCL INFO GPU Direct RDMA Enabled for GPU 6 / HCA 4 (distance 4 <= 5), read 0 mode Default
furious-puma-1:127996:128347 [0] NCCL INFO GPU Direct RDMA Enabled for GPU 7 / HCA 4 (distance 4 <= 5), read 0 mode Default
furious-puma-1:127996:128347 [0] NCCL INFO GPU Direct RDMA Enabled for GPU 0 / HCA 5 (distance 4 <= 5), read 0 mode Default
furious-puma-1:127996:128347 [0] NCCL INFO GPU Direct RDMA Enabled for GPU 1 / HCA 5 (distance 4 <= 5), read 0 mode Default
furious-puma-1:127996:128347 [0] NCCL INFO GPU Direct RDMA Enabled for GPU 2 / HCA 5 (distance 4 <= 5), read 0 mode Default
furious-puma-1:127996:128347 [0] NCCL INFO GPU Direct RDMA Enabled for GPU 3 / HCA 5 (distance 4 <= 5), read 0 mode Default
furious-puma-1:127996:128347 [0] NCCL INFO GPU Direct RDMA Enabled for GPU 4 / HCA 5 (distance 4 <= 5), read 0 mode Default
furious-puma-1:127996:128347 [0] NCCL INFO GPU Direct RDMA Enabled for GPU 5 / HCA 5 (distance 4 <= 5), read 0 mode Default
furious-puma-1:127996:128347 [0] NCCL INFO GPU Direct RDMA Enabled for GPU 6 / HCA 5 (distance 4 <= 5), read 0 mode Default
furious-puma-1:127996:128347 [0] NCCL INFO GPU Direct RDMA Enabled for GPU 7 / HCA 5 (distance 4 <= 5), read 0 mode Default
furious-puma-1:127996:128347 [0] NCCL INFO GPU Direct RDMA Enabled for GPU 0 / HCA 6 (distance 4 <= 5), read 0 mode Default
furious-puma-1:127996:128347 [0] NCCL INFO GPU Direct RDMA Enabled for GPU 1 / HCA 6 (distance 4 <= 5), read 0 mode Default
furious-puma-1:127996:128347 [0] NCCL INFO GPU Direct RDMA Enabled for GPU 2 / HCA 6 (distance 4 <= 5), read 0 mode Default
furious-puma-1:127996:128347 [0] NCCL INFO GPU Direct RDMA Enabled for GPU 3 / HCA 6 (distance 4 <= 5), read 0 mode Default
furious-puma-1:127996:128347 [0] NCCL INFO GPU Direct RDMA Enabled for GPU 4 / HCA 6 (distance 4 <= 5), read 0 mode Default
furious-puma-1:127996:128347 [0] NCCL INFO GPU Direct RDMA Enabled for GPU 5 / HCA 6 (distance 4 <= 5), read 0 mode Default
furious-puma-1:127996:128347 [0] NCCL INFO GPU Direct RDMA Enabled for GPU 6 / HCA 6 (distance 4 <= 5), read 0 mode Default
furious-puma-1:127996:128347 [0] NCCL INFO GPU Direct RDMA Enabled for GPU 7 / HCA 6 (distance 4 <= 5), read 0 mode Default
furious-puma-1:127996:128347 [0] NCCL INFO GPU Direct RDMA Enabled for GPU 0 / HCA 7 (distance 4 <= 5), read 0 mode Default
furious-puma-1:127996:128347 [0] NCCL INFO GPU Direct RDMA Enabled for GPU 1 / HCA 7 (distance 4 <= 5), read 0 mode Default
furious-puma-1:127996:128347 [0] NCCL INFO GPU Direct RDMA Enabled for GPU 2 / HCA 7 (distance 4 <= 5), read 0 mode Default
furious-puma-1:127996:128347 [0] NCCL INFO GPU Direct RDMA Enabled for GPU 3 / HCA 7 (distance 4 <= 5), read 0 mode Default
furious-puma-1:127996:128347 [0] NCCL INFO GPU Direct RDMA Enabled for GPU 4 / HCA 7 (distance 4 <= 5), read 0 mode Default
furious-puma-1:127996:128347 [0] NCCL INFO GPU Direct RDMA Enabled for GPU 5 / HCA 7 (distance 4 <= 5), read 0 mode Default
furious-puma-1:127996:128347 [0] NCCL INFO GPU Direct RDMA Enabled for GPU 6 / HCA 7 (distance 4 <= 5), read 0 mode Default
furious-puma-1:127996:128347 [0] NCCL INFO GPU Direct RDMA Enabled for GPU 7 / HCA 7 (distance 4 <= 5), read 0 mode Default
furious-puma-1:127999:128332 [3] NCCL INFO GPU Direct RDMA Enabled for GPU 0 / HCA 0 (distance 4 <= 5), read 0 mode Default
furious-puma-1:127999:128332 [3] NCCL INFO GPU Direct RDMA Enabled for GPU 1 / HCA 0 (distance 4 <= 5), read 0 mode Default
furious-puma-1:127999:128332 [3] NCCL INFO GPU Direct RDMA Enabled for GPU 2 / HCA 0 (distance 4 <= 5), read 0 mode Default
furious-puma-1:127999:128332 [3] NCCL INFO GPU Direct RDMA Enabled for GPU 3 / HCA 0 (distance 4 <= 5), read 0 mode Default
furious-puma-1:127999:128332 [3] NCCL INFO GPU Direct RDMA Enabled for GPU 4 / HCA 0 (distance 4 <= 5), read 0 mode Default
furious-puma-1:127999:128332 [3] NCCL INFO GPU Direct RDMA Enabled for GPU 5 / HCA 0 (distance 4 <= 5), read 0 mode Default
furious-puma-1:127999:128332 [3] NCCL INFO GPU Direct RDMA Enabled for GPU 6 / HCA 0 (distance 4 <= 5), read 0 mode Default
furious-puma-1:127999:128332 [3] NCCL INFO GPU Direct RDMA Enabled for GPU 7 / HCA 0 (distance 4 <= 5), read 0 mode Default
furious-puma-1:127999:128332 [3] NCCL INFO GPU Direct RDMA Enabled for GPU 0 / HCA 1 (distance 4 <= 5), read 0 mode Default
furious-puma-1:127999:128332 [3] NCCL INFO GPU Direct RDMA Enabled for GPU 1 / HCA 1 (distance 4 <= 5), read 0 mode Default
furious-puma-1:127999:128332 [3] NCCL INFO GPU Direct RDMA Enabled for GPU 2 / HCA 1 (distance 4 <= 5), read 0 mode Default
furious-puma-1:127999:128332 [3] NCCL INFO GPU Direct RDMA Enabled for GPU 3 / HCA 1 (distance 4 <= 5), read 0 mode Default
furious-puma-1:127999:128332 [3] NCCL INFO GPU Direct RDMA Enabled for GPU 4 / HCA 1 (distance 4 <= 5), read 0 mode Default
furious-puma-1:127999:128332 [3] NCCL INFO GPU Direct RDMA Enabled for GPU 5 / HCA 1 (distance 4 <= 5), read 0 mode Default
furious-puma-1:127999:128332 [3] NCCL INFO GPU Direct RDMA Enabled for GPU 6 / HCA 1 (distance 4 <= 5), read 0 mode Default
furious-puma-1:127999:128332 [3] NCCL INFO GPU Direct RDMA Enabled for GPU 7 / HCA 1 (distance 4 <= 5), read 0 mode Default
furious-puma-1:127999:128332 [3] NCCL INFO GPU Direct RDMA Enabled for GPU 0 / HCA 2 (distance 4 <= 5), read 0 mode Default
furious-puma-1:127999:128332 [3] NCCL INFO GPU Direct RDMA Enabled for GPU 1 / HCA 2 (distance 4 <= 5), read 0 mode Default
furious-puma-1:127999:128332 [3] NCCL INFO GPU Direct RDMA Enabled for GPU 2 / HCA 2 (distance 4 <= 5), read 0 mode Default
furious-puma-1:127999:128332 [3] NCCL INFO GPU Direct RDMA Enabled for GPU 3 / HCA 2 (distance 4 <= 5), read 0 mode Default
furious-puma-1:127999:128332 [3] NCCL INFO GPU Direct RDMA Enabled for GPU 4 / HCA 2 (distance 4 <= 5), read 0 mode Default
furious-puma-1:127999:128332 [3] NCCL INFO GPU Direct RDMA Enabled for GPU 5 / HCA 2 (distance 4 <= 5), read 0 mode Default
furious-puma-1:127999:128332 [3] NCCL INFO GPU Direct RDMA Enabled for GPU 6 / HCA 2 (distance 4 <= 5), read 0 mode Default
furious-puma-1:127999:128332 [3] NCCL INFO GPU Direct RDMA Enabled for GPU 7 / HCA 2 (distance 4 <= 5), read 0 mode Default
furious-puma-1:127999:128332 [3] NCCL INFO GPU Direct RDMA Enabled for GPU 0 / HCA 3 (distance 4 <= 5), read 0 mode Default
furious-puma-1:127999:128332 [3] NCCL INFO GPU Direct RDMA Enabled for GPU 1 / HCA 3 (distance 4 <= 5), read 0 mode Default
furious-puma-1:127999:128332 [3] NCCL INFO GPU Direct RDMA Enabled for GPU 2 / HCA 3 (distance 4 <= 5), read 0 mode Default
furious-puma-1:127999:128332 [3] NCCL INFO GPU Direct RDMA Enabled for GPU 3 / HCA 3 (distance 4 <= 5), read 0 mode Default
furious-puma-1:127999:128332 [3] NCCL INFO GPU Direct RDMA Enabled for GPU 4 / HCA 3 (distance 4 <= 5), read 0 mode Default
furious-puma-1:127999:128332 [3] NCCL INFO GPU Direct RDMA Enabled for GPU 5 / HCA 3 (distance 4 <= 5), read 0 mode Default
furious-puma-1:127999:128332 [3] NCCL INFO GPU Direct RDMA Enabled for GPU 6 / HCA 3 (distance 4 <= 5), read 0 mode Default
furious-puma-1:127999:128332 [3] NCCL INFO GPU Direct RDMA Enabled for GPU 7 / HCA 3 (distance 4 <= 5), read 0 mode Default
furious-puma-1:127999:128332 [3] NCCL INFO GPU Direct RDMA Enabled for GPU 0 / HCA 4 (distance 4 <= 5), read 0 mode Default
furious-puma-1:127999:128332 [3] NCCL INFO GPU Direct RDMA Enabled for GPU 1 / HCA 4 (distance 4 <= 5), read 0 mode Default
furious-puma-1:127999:128332 [3] NCCL INFO GPU Direct RDMA Enabled for GPU 2 / HCA 4 (distance 4 <= 5), read 0 mode Default
furious-puma-1:127999:128332 [3] NCCL INFO GPU Direct RDMA Enabled for GPU 3 / HCA 4 (distance 4 <= 5), read 0 mode Default
furious-puma-1:127999:128332 [3] NCCL INFO GPU Direct RDMA Enabled for GPU 4 / HCA 4 (distance 4 <= 5), read 0 mode Default
furious-puma-1:127999:128332 [3] NCCL INFO GPU Direct RDMA Enabled for GPU 5 / HCA 4 (distance 4 <= 5), read 0 mode Default
furious-puma-1:127999:128332 [3] NCCL INFO GPU Direct RDMA Enabled for GPU 6 / HCA 4 (distance 4 <= 5), read 0 mode Default
furious-puma-1:127999:128332 [3] NCCL INFO GPU Direct RDMA Enabled for GPU 7 / HCA 4 (distance 4 <= 5), read 0 mode Default
furious-puma-1:127999:128332 [3] NCCL INFO GPU Direct RDMA Enabled for GPU 0 / HCA 5 (distance 4 <= 5), read 0 mode Default
furious-puma-1:127999:128332 [3] NCCL INFO GPU Direct RDMA Enabled for GPU 1 / HCA 5 (distance 4 <= 5), read 0 mode Default
furious-puma-1:127999:128332 [3] NCCL INFO GPU Direct RDMA Enabled for GPU 2 / HCA 5 (distance 4 <= 5), read 0 mode Default
furious-puma-1:127999:128332 [3] NCCL INFO GPU Direct RDMA Enabled for GPU 3 / HCA 5 (distance 4 <= 5), read 0 mode Default
furious-puma-1:127999:128332 [3] NCCL INFO GPU Direct RDMA Enabled for GPU 4 / HCA 5 (distance 4 <= 5), read 0 mode Default
furious-puma-1:127999:128332 [3] NCCL INFO GPU Direct RDMA Enabled for GPU 5 / HCA 5 (distance 4 <= 5), read 0 mode Default
furious-puma-1:127999:128332 [3] NCCL INFO GPU Direct RDMA Enabled for GPU 6 / HCA 5 (distance 4 <= 5), read 0 mode Default
furious-puma-1:127999:128332 [3] NCCL INFO GPU Direct RDMA Enabled for GPU 7 / HCA 5 (distance 4 <= 5), read 0 mode Default
furious-puma-1:127999:128332 [3] NCCL INFO GPU Direct RDMA Enabled for GPU 0 / HCA 6 (distance 4 <= 5), read 0 mode Default
furious-puma-1:127999:128332 [3] NCCL INFO GPU Direct RDMA Enabled for GPU 1 / HCA 6 (distance 4 <= 5), read 0 mode Default
furious-puma-1:127999:128332 [3] NCCL INFO GPU Direct RDMA Enabled for GPU 2 / HCA 6 (distance 4 <= 5), read 0 mode Default
furious-puma-1:127999:128332 [3] NCCL INFO GPU Direct RDMA Enabled for GPU 3 / HCA 6 (distance 4 <= 5), read 0 mode Default
furious-puma-1:127999:128332 [3] NCCL INFO GPU Direct RDMA Enabled for GPU 4 / HCA 6 (distance 4 <= 5), read 0 mode Default
furious-puma-1:127999:128332 [3] NCCL INFO GPU Direct RDMA Enabled for GPU 5 / HCA 6 (distance 4 <= 5), read 0 mode Default
furious-puma-1:127999:128332 [3] NCCL INFO GPU Direct RDMA Enabled for GPU 6 / HCA 6 (distance 4 <= 5), read 0 mode Default
furious-puma-1:127999:128332 [3] NCCL INFO GPU Direct RDMA Enabled for GPU 7 / HCA 6 (distance 4 <= 5), read 0 mode Default
furious-puma-1:127999:128332 [3] NCCL INFO GPU Direct RDMA Enabled for GPU 0 / HCA 7 (distance 4 <= 5), read 0 mode Default
furious-puma-1:127999:128332 [3] NCCL INFO GPU Direct RDMA Enabled for GPU 1 / HCA 7 (distance 4 <= 5), read 0 mode Default
furious-puma-1:127999:128332 [3] NCCL INFO GPU Direct RDMA Enabled for GPU 2 / HCA 7 (distance 4 <= 5), read 0 mode Default
furious-puma-1:127999:128332 [3] NCCL INFO GPU Direct RDMA Enabled for GPU 3 / HCA 7 (distance 4 <= 5), read 0 mode Default
furious-puma-1:127999:128332 [3] NCCL INFO GPU Direct RDMA Enabled for GPU 4 / HCA 7 (distance 4 <= 5), read 0 mode Default
furious-puma-1:127999:128332 [3] NCCL INFO GPU Direct RDMA Enabled for GPU 5 / HCA 7 (distance 4 <= 5), read 0 mode Default
furious-puma-1:127999:128332 [3] NCCL INFO GPU Direct RDMA Enabled for GPU 6 / HCA 7 (distance 4 <= 5), read 0 mode Default
furious-puma-1:127999:128332 [3] NCCL INFO GPU Direct RDMA Enabled for GPU 7 / HCA 7 (distance 4 <= 5), read 0 mode Default
furious-puma-1:127997:128346 [1] NCCL INFO GPU Direct RDMA Enabled for GPU 0 / HCA 0 (distance 4 <= 5), read 0 mode Default
furious-puma-1:127997:128346 [1] NCCL INFO GPU Direct RDMA Enabled for GPU 1 / HCA 0 (distance 4 <= 5), read 0 mode Default
furious-puma-1:127997:128346 [1] NCCL INFO GPU Direct RDMA Enabled for GPU 2 / HCA 0 (distance 4 <= 5), read 0 mode Default
furious-puma-1:127997:128346 [1] NCCL INFO GPU Direct RDMA Enabled for GPU 3 / HCA 0 (distance 4 <= 5), read 0 mode Default
furious-puma-1:127997:128346 [1] NCCL INFO GPU Direct RDMA Enabled for GPU 4 / HCA 0 (distance 4 <= 5), read 0 mode Default
furious-puma-1:127997:128346 [1] NCCL INFO GPU Direct RDMA Enabled for GPU 5 / HCA 0 (distance 4 <= 5), read 0 mode Default
furious-puma-1:127997:128346 [1] NCCL INFO GPU Direct RDMA Enabled for GPU 6 / HCA 0 (distance 4 <= 5), read 0 mode Default
furious-puma-1:127997:128346 [1] NCCL INFO GPU Direct RDMA Enabled for GPU 7 / HCA 0 (distance 4 <= 5), read 0 mode Default
furious-puma-1:127997:128346 [1] NCCL INFO GPU Direct RDMA Enabled for GPU 0 / HCA 1 (distance 4 <= 5), read 0 mode Default
furious-puma-1:127997:128346 [1] NCCL INFO GPU Direct RDMA Enabled for GPU 1 / HCA 1 (distance 4 <= 5), read 0 mode Default
furious-puma-1:127997:128346 [1] NCCL INFO GPU Direct RDMA Enabled for GPU 2 / HCA 1 (distance 4 <= 5), read 0 mode Default
furious-puma-1:127997:128346 [1] NCCL INFO GPU Direct RDMA Enabled for GPU 3 / HCA 1 (distance 4 <= 5), read 0 mode Default
furious-puma-1:127997:128346 [1] NCCL INFO GPU Direct RDMA Enabled for GPU 4 / HCA 1 (distance 4 <= 5), read 0 mode Default
furious-puma-1:127997:128346 [1] NCCL INFO GPU Direct RDMA Enabled for GPU 5 / HCA 1 (distance 4 <= 5), read 0 mode Default
furious-puma-1:127997:128346 [1] NCCL INFO GPU Direct RDMA Enabled for GPU 6 / HCA 1 (distance 4 <= 5), read 0 mode Default
furious-puma-1:127997:128346 [1] NCCL INFO GPU Direct RDMA Enabled for GPU 7 / HCA 1 (distance 4 <= 5), read 0 mode Default
furious-puma-1:127997:128346 [1] NCCL INFO GPU Direct RDMA Enabled for GPU 0 / HCA 2 (distance 4 <= 5), read 0 mode Default
furious-puma-1:127997:128346 [1] NCCL INFO GPU Direct RDMA Enabled for GPU 1 / HCA 2 (distance 4 <= 5), read 0 mode Default
furious-puma-1:127997:128346 [1] NCCL INFO GPU Direct RDMA Enabled for GPU 2 / HCA 2 (distance 4 <= 5), read 0 mode Default
furious-puma-1:127997:128346 [1] NCCL INFO GPU Direct RDMA Enabled for GPU 3 / HCA 2 (distance 4 <= 5), read 0 mode Default
furious-puma-1:127997:128346 [1] NCCL INFO GPU Direct RDMA Enabled for GPU 4 / HCA 2 (distance 4 <= 5), read 0 mode Default
furious-puma-1:127997:128346 [1] NCCL INFO GPU Direct RDMA Enabled for GPU 5 / HCA 2 (distance 4 <= 5), read 0 mode Default
furious-puma-1:127997:128346 [1] NCCL INFO GPU Direct RDMA Enabled for GPU 6 / HCA 2 (distance 4 <= 5), read 0 mode Default
furious-puma-1:127997:128346 [1] NCCL INFO GPU Direct RDMA Enabled for GPU 7 / HCA 2 (distance 4 <= 5), read 0 mode Default
furious-puma-1:127997:128346 [1] NCCL INFO GPU Direct RDMA Enabled for GPU 0 / HCA 3 (distance 4 <= 5), read 0 mode Default
furious-puma-1:127997:128346 [1] NCCL INFO GPU Direct RDMA Enabled for GPU 1 / HCA 3 (distance 4 <= 5), read 0 mode Default
furious-puma-1:127997:128346 [1] NCCL INFO GPU Direct RDMA Enabled for GPU 2 / HCA 3 (distance 4 <= 5), read 0 mode Default
furious-puma-1:127997:128346 [1] NCCL INFO GPU Direct RDMA Enabled for GPU 3 / HCA 3 (distance 4 <= 5), read 0 mode Default
furious-puma-1:127997:128346 [1] NCCL INFO GPU Direct RDMA Enabled for GPU 4 / HCA 3 (distance 4 <= 5), read 0 mode Default
furious-puma-1:127997:128346 [1] NCCL INFO GPU Direct RDMA Enabled for GPU 5 / HCA 3 (distance 4 <= 5), read 0 mode Default
furious-puma-1:127997:128346 [1] NCCL INFO GPU Direct RDMA Enabled for GPU 6 / HCA 3 (distance 4 <= 5), read 0 mode Default
furious-puma-1:127997:128346 [1] NCCL INFO GPU Direct RDMA Enabled for GPU 7 / HCA 3 (distance 4 <= 5), read 0 mode Default
furious-puma-1:127997:128346 [1] NCCL INFO GPU Direct RDMA Enabled for GPU 0 / HCA 4 (distance 4 <= 5), read 0 mode Default
furious-puma-1:127997:128346 [1] NCCL INFO GPU Direct RDMA Enabled for GPU 1 / HCA 4 (distance 4 <= 5), read 0 mode Default
furious-puma-1:127997:128346 [1] NCCL INFO GPU Direct RDMA Enabled for GPU 2 / HCA 4 (distance 4 <= 5), read 0 mode Default
furious-puma-1:127997:128346 [1] NCCL INFO GPU Direct RDMA Enabled for GPU 3 / HCA 4 (distance 4 <= 5), read 0 mode Default
furious-puma-1:127997:128346 [1] NCCL INFO GPU Direct RDMA Enabled for GPU 4 / HCA 4 (distance 4 <= 5), read 0 mode Default
furious-puma-1:127997:128346 [1] NCCL INFO GPU Direct RDMA Enabled for GPU 5 / HCA 4 (distance 4 <= 5), read 0 mode Default
furious-puma-1:127997:128346 [1] NCCL INFO GPU Direct RDMA Enabled for GPU 6 / HCA 4 (distance 4 <= 5), read 0 mode Default
furious-puma-1:127997:128346 [1] NCCL INFO GPU Direct RDMA Enabled for GPU 7 / HCA 4 (distance 4 <= 5), read 0 mode Default
furious-puma-1:127997:128346 [1] NCCL INFO GPU Direct RDMA Enabled for GPU 0 / HCA 5 (distance 4 <= 5), read 0 mode Default
furious-puma-1:128000:128333 [4] NCCL INFO GPU Direct RDMA Enabled for GPU 0 / HCA 0 (distance 4 <= 5), read 0 mode Default
furious-puma-1:127997:128346 [1] NCCL INFO GPU Direct RDMA Enabled for GPU 1 / HCA 5 (distance 4 <= 5), read 0 mode Default
furious-puma-1:127997:128346 [1] NCCL INFO GPU Direct RDMA Enabled for GPU 2 / HCA 5 (distance 4 <= 5), read 0 mode Default
furious-puma-1:128000:128333 [4] NCCL INFO GPU Direct RDMA Enabled for GPU 1 / HCA 0 (distance 4 <= 5), read 0 mode Default
furious-puma-1:127997:128346 [1] NCCL INFO GPU Direct RDMA Enabled for GPU 3 / HCA 5 (distance 4 <= 5), read 0 mode Default
furious-puma-1:127997:128346 [1] NCCL INFO GPU Direct RDMA Enabled for GPU 4 / HCA 5 (distance 4 <= 5), read 0 mode Default
furious-puma-1:128000:128333 [4] NCCL INFO GPU Direct RDMA Enabled for GPU 2 / HCA 0 (distance 4 <= 5), read 0 mode Default
furious-puma-1:127997:128346 [1] NCCL INFO GPU Direct RDMA Enabled for GPU 5 / HCA 5 (distance 4 <= 5), read 0 mode Default
furious-puma-1:128000:128333 [4] NCCL INFO GPU Direct RDMA Enabled for GPU 3 / HCA 0 (distance 4 <= 5), read 0 mode Default
furious-puma-1:127997:128346 [1] NCCL INFO GPU Direct RDMA Enabled for GPU 6 / HCA 5 (distance 4 <= 5), read 0 mode Default
furious-puma-1:128000:128333 [4] NCCL INFO GPU Direct RDMA Enabled for GPU 4 / HCA 0 (distance 4 <= 5), read 0 mode Default
furious-puma-1:127997:128346 [1] NCCL INFO GPU Direct RDMA Enabled for GPU 7 / HCA 5 (distance 4 <= 5), read 0 mode Default
furious-puma-1:127997:128346 [1] NCCL INFO GPU Direct RDMA Enabled for GPU 0 / HCA 6 (distance 4 <= 5), read 0 mode Default
furious-puma-1:128000:128333 [4] NCCL INFO GPU Direct RDMA Enabled for GPU 5 / HCA 0 (distance 4 <= 5), read 0 mode Default
furious-puma-1:127997:128346 [1] NCCL INFO GPU Direct RDMA Enabled for GPU 1 / HCA 6 (distance 4 <= 5), read 0 mode Default
furious-puma-1:128000:128333 [4] NCCL INFO GPU Direct RDMA Enabled for GPU 6 / HCA 0 (distance 4 <= 5), read 0 mode Default
furious-puma-1:127997:128346 [1] NCCL INFO GPU Direct RDMA Enabled for GPU 2 / HCA 6 (distance 4 <= 5), read 0 mode Default
furious-puma-1:128000:128333 [4] NCCL INFO GPU Direct RDMA Enabled for GPU 7 / HCA 0 (distance 4 <= 5), read 0 mode Default
furious-puma-1:127997:128346 [1] NCCL INFO GPU Direct RDMA Enabled for GPU 3 / HCA 6 (distance 4 <= 5), read 0 mode Default
furious-puma-1:127997:128346 [1] NCCL INFO GPU Direct RDMA Enabled for GPU 4 / HCA 6 (distance 4 <= 5), read 0 mode Default
furious-puma-1:128000:128333 [4] NCCL INFO GPU Direct RDMA Enabled for GPU 0 / HCA 1 (distance 4 <= 5), read 0 mode Default
furious-puma-1:127997:128346 [1] NCCL INFO GPU Direct RDMA Enabled for GPU 5 / HCA 6 (distance 4 <= 5), read 0 mode Default
furious-puma-1:128000:128333 [4] NCCL INFO GPU Direct RDMA Enabled for GPU 1 / HCA 1 (distance 4 <= 5), read 0 mode Default
furious-puma-1:127997:128346 [1] NCCL INFO GPU Direct RDMA Enabled for GPU 6 / HCA 6 (distance 4 <= 5), read 0 mode Default
furious-puma-1:128000:128333 [4] NCCL INFO GPU Direct RDMA Enabled for GPU 2 / HCA 1 (distance 4 <= 5), read 0 mode Default
furious-puma-1:127997:128346 [1] NCCL INFO GPU Direct RDMA Enabled for GPU 7 / HCA 6 (distance 4 <= 5), read 0 mode Default
furious-puma-1:128000:128333 [4] NCCL INFO GPU Direct RDMA Enabled for GPU 3 / HCA 1 (distance 4 <= 5), read 0 mode Default
furious-puma-1:127997:128346 [1] NCCL INFO GPU Direct RDMA Enabled for GPU 0 / HCA 7 (distance 4 <= 5), read 0 mode Default
furious-puma-1:128000:128333 [4] NCCL INFO GPU Direct RDMA Enabled for GPU 4 / HCA 1 (distance 4 <= 5), read 0 mode Default
furious-puma-1:127997:128346 [1] NCCL INFO GPU Direct RDMA Enabled for GPU 1 / HCA 7 (distance 4 <= 5), read 0 mode Default
furious-puma-1:127997:128346 [1] NCCL INFO GPU Direct RDMA Enabled for GPU 2 / HCA 7 (distance 4 <= 5), read 0 mode Default
furious-puma-1:128000:128333 [4] NCCL INFO GPU Direct RDMA Enabled for GPU 5 / HCA 1 (distance 4 <= 5), read 0 mode Default
furious-puma-1:127997:128346 [1] NCCL INFO GPU Direct RDMA Enabled for GPU 3 / HCA 7 (distance 4 <= 5), read 0 mode Default
furious-puma-1:128000:128333 [4] NCCL INFO GPU Direct RDMA Enabled for GPU 6 / HCA 1 (distance 4 <= 5), read 0 mode Default
furious-puma-1:127997:128346 [1] NCCL INFO GPU Direct RDMA Enabled for GPU 4 / HCA 7 (distance 4 <= 5), read 0 mode Default
furious-puma-1:127997:128346 [1] NCCL INFO GPU Direct RDMA Enabled for GPU 5 / HCA 7 (distance 4 <= 5), read 0 mode Default
furious-puma-1:128000:128333 [4] NCCL INFO GPU Direct RDMA Enabled for GPU 7 / HCA 1 (distance 4 <= 5), read 0 mode Default
furious-puma-1:127997:128346 [1] NCCL INFO GPU Direct RDMA Enabled for GPU 6 / HCA 7 (distance 4 <= 5), read 0 mode Default
furious-puma-1:128000:128333 [4] NCCL INFO GPU Direct RDMA Enabled for GPU 0 / HCA 2 (distance 4 <= 5), read 0 mode Default
furious-puma-1:127997:128346 [1] NCCL INFO GPU Direct RDMA Enabled for GPU 7 / HCA 7 (distance 4 <= 5), read 0 mode Default
furious-puma-1:128000:128333 [4] NCCL INFO GPU Direct RDMA Enabled for GPU 1 / HCA 2 (distance 4 <= 5), read 0 mode Default
furious-puma-1:128000:128333 [4] NCCL INFO GPU Direct RDMA Enabled for GPU 2 / HCA 2 (distance 4 <= 5), read 0 mode Default
furious-puma-1:128000:128333 [4] NCCL INFO GPU Direct RDMA Enabled for GPU 3 / HCA 2 (distance 4 <= 5), read 0 mode Default
furious-puma-1:128000:128333 [4] NCCL INFO GPU Direct RDMA Enabled for GPU 4 / HCA 2 (distance 4 <= 5), read 0 mode Default
furious-puma-1:128000:128333 [4] NCCL INFO GPU Direct RDMA Enabled for GPU 5 / HCA 2 (distance 4 <= 5), read 0 mode Default
furious-puma-1:128000:128333 [4] NCCL INFO GPU Direct RDMA Enabled for GPU 6 / HCA 2 (distance 4 <= 5), read 0 mode Default
furious-puma-1:128000:128333 [4] NCCL INFO GPU Direct RDMA Enabled for GPU 7 / HCA 2 (distance 4 <= 5), read 0 mode Default
furious-puma-1:128000:128333 [4] NCCL INFO GPU Direct RDMA Enabled for GPU 0 / HCA 3 (distance 4 <= 5), read 0 mode Default
furious-puma-1:128000:128333 [4] NCCL INFO GPU Direct RDMA Enabled for GPU 1 / HCA 3 (distance 4 <= 5), read 0 mode Default
furious-puma-1:128000:128333 [4] NCCL INFO GPU Direct RDMA Enabled for GPU 2 / HCA 3 (distance 4 <= 5), read 0 mode Default
furious-puma-1:128000:128333 [4] NCCL INFO GPU Direct RDMA Enabled for GPU 3 / HCA 3 (distance 4 <= 5), read 0 mode Default
furious-puma-1:128000:128333 [4] NCCL INFO GPU Direct RDMA Enabled for GPU 4 / HCA 3 (distance 4 <= 5), read 0 mode Default
furious-puma-1:128000:128333 [4] NCCL INFO GPU Direct RDMA Enabled for GPU 5 / HCA 3 (distance 4 <= 5), read 0 mode Default
furious-puma-1:128000:128333 [4] NCCL INFO GPU Direct RDMA Enabled for GPU 6 / HCA 3 (distance 4 <= 5), read 0 mode Default
furious-puma-1:128000:128333 [4] NCCL INFO GPU Direct RDMA Enabled for GPU 7 / HCA 3 (distance 4 <= 5), read 0 mode Default
furious-puma-1:128000:128333 [4] NCCL INFO GPU Direct RDMA Enabled for GPU 0 / HCA 4 (distance 4 <= 5), read 0 mode Default
furious-puma-1:128000:128333 [4] NCCL INFO GPU Direct RDMA Enabled for GPU 1 / HCA 4 (distance 4 <= 5), read 0 mode Default
furious-puma-1:128000:128333 [4] NCCL INFO GPU Direct RDMA Enabled for GPU 2 / HCA 4 (distance 4 <= 5), read 0 mode Default
furious-puma-1:128000:128333 [4] NCCL INFO GPU Direct RDMA Enabled for GPU 3 / HCA 4 (distance 4 <= 5), read 0 mode Default
furious-puma-1:128000:128333 [4] NCCL INFO GPU Direct RDMA Enabled for GPU 4 / HCA 4 (distance 4 <= 5), read 0 mode Default
furious-puma-1:128000:128333 [4] NCCL INFO GPU Direct RDMA Enabled for GPU 5 / HCA 4 (distance 4 <= 5), read 0 mode Default
furious-puma-1:128000:128333 [4] NCCL INFO GPU Direct RDMA Enabled for GPU 6 / HCA 4 (distance 4 <= 5), read 0 mode Default
furious-puma-1:128000:128333 [4] NCCL INFO GPU Direct RDMA Enabled for GPU 7 / HCA 4 (distance 4 <= 5), read 0 mode Default
furious-puma-1:128000:128333 [4] NCCL INFO GPU Direct RDMA Enabled for GPU 0 / HCA 5 (distance 4 <= 5), read 0 mode Default
furious-puma-1:128000:128333 [4] NCCL INFO GPU Direct RDMA Enabled for GPU 1 / HCA 5 (distance 4 <= 5), read 0 mode Default
furious-puma-1:128000:128333 [4] NCCL INFO GPU Direct RDMA Enabled for GPU 2 / HCA 5 (distance 4 <= 5), read 0 mode Default
furious-puma-1:128000:128333 [4] NCCL INFO GPU Direct RDMA Enabled for GPU 3 / HCA 5 (distance 4 <= 5), read 0 mode Default
furious-puma-1:128000:128333 [4] NCCL INFO GPU Direct RDMA Enabled for GPU 4 / HCA 5 (distance 4 <= 5), read 0 mode Default
furious-puma-1:128000:128333 [4] NCCL INFO GPU Direct RDMA Enabled for GPU 5 / HCA 5 (distance 4 <= 5), read 0 mode Default
furious-puma-1:128000:128333 [4] NCCL INFO GPU Direct RDMA Enabled for GPU 6 / HCA 5 (distance 4 <= 5), read 0 mode Default
furious-puma-1:128000:128333 [4] NCCL INFO GPU Direct RDMA Enabled for GPU 7 / HCA 5 (distance 4 <= 5), read 0 mode Default
furious-puma-1:128000:128333 [4] NCCL INFO GPU Direct RDMA Enabled for GPU 0 / HCA 6 (distance 4 <= 5), read 0 mode Default
furious-puma-1:128000:128333 [4] NCCL INFO GPU Direct RDMA Enabled for GPU 1 / HCA 6 (distance 4 <= 5), read 0 mode Default
furious-puma-1:128000:128333 [4] NCCL INFO GPU Direct RDMA Enabled for GPU 2 / HCA 6 (distance 4 <= 5), read 0 mode Default
furious-puma-1:128000:128333 [4] NCCL INFO GPU Direct RDMA Enabled for GPU 3 / HCA 6 (distance 4 <= 5), read 0 mode Default
furious-puma-1:128000:128333 [4] NCCL INFO GPU Direct RDMA Enabled for GPU 4 / HCA 6 (distance 4 <= 5), read 0 mode Default
furious-puma-1:128000:128333 [4] NCCL INFO GPU Direct RDMA Enabled for GPU 5 / HCA 6 (distance 4 <= 5), read 0 mode Default
furious-puma-1:128000:128333 [4] NCCL INFO GPU Direct RDMA Enabled for GPU 6 / HCA 6 (distance 4 <= 5), read 0 mode Default
furious-puma-1:128000:128333 [4] NCCL INFO GPU Direct RDMA Enabled for GPU 7 / HCA 6 (distance 4 <= 5), read 0 mode Default
furious-puma-1:128000:128333 [4] NCCL INFO GPU Direct RDMA Enabled for GPU 0 / HCA 7 (distance 4 <= 5), read 0 mode Default
furious-puma-1:128000:128333 [4] NCCL INFO GPU Direct RDMA Enabled for GPU 1 / HCA 7 (distance 4 <= 5), read 0 mode Default
furious-puma-1:128000:128333 [4] NCCL INFO GPU Direct RDMA Enabled for GPU 2 / HCA 7 (distance 4 <= 5), read 0 mode Default
furious-puma-1:128000:128333 [4] NCCL INFO GPU Direct RDMA Enabled for GPU 3 / HCA 7 (distance 4 <= 5), read 0 mode Default
furious-puma-1:128000:128333 [4] NCCL INFO GPU Direct RDMA Enabled for GPU 4 / HCA 7 (distance 4 <= 5), read 0 mode Default
furious-puma-1:128000:128333 [4] NCCL INFO GPU Direct RDMA Enabled for GPU 5 / HCA 7 (distance 4 <= 5), read 0 mode Default
furious-puma-1:128000:128333 [4] NCCL INFO GPU Direct RDMA Enabled for GPU 6 / HCA 7 (distance 4 <= 5), read 0 mode Default
furious-puma-1:128000:128333 [4] NCCL INFO GPU Direct RDMA Enabled for GPU 7 / HCA 7 (distance 4 <= 5), read 0 mode Default
furious-puma-1:128002:128335 [6] NCCL INFO === System : maxBw 370.8 totalBw 370.8 ===
furious-puma-1:128002:128335 [6] NCCL INFO CPU/0-0 (1/1/3)
furious-puma-1:128002:128335 [6] NCCL INFO + PCI[48.0] - PCI/0-ffffff010 (0)
furious-puma-1:128002:128335 [6] NCCL INFO               + PCI[48.0] - GPU/0-7f000 (0)
furious-puma-1:128002:128335 [6] NCCL INFO                             + NVL[370.8] - NVS/0-0
furious-puma-1:128002:128335 [6] NCCL INFO               + PCI[48.0] - NIC/0-80000
furious-puma-1:128002:128335 [6] NCCL INFO + PCI[48.0] - PCI/0-ffffff020 (0)
furious-puma-1:128002:128335 [6] NCCL INFO               + PCI[48.0] - NIC/0-90000
furious-puma-1:128002:128335 [6] NCCL INFO               + PCI[48.0] - GPU/0-8f000 (1)
furious-puma-1:128002:128335 [6] NCCL INFO                             + NVL[370.8] - NVS/0-0
furious-puma-1:128002:128335 [6] NCCL INFO + PCI[48.0] - PCI/0-ffffff030 (0)
furious-puma-1:128002:128335 [6] NCCL INFO               + PCI[48.0] - NIC/0-a0000
furious-puma-1:128002:128335 [6] NCCL INFO               + PCI[48.0] - GPU/0-9f000 (2)
furious-puma-1:128002:128335 [6] NCCL INFO                             + NVL[370.8] - NVS/0-0
furious-puma-1:128002:128335 [6] NCCL INFO + PCI[48.0] - PCI/0-ffffff040 (0)
furious-puma-1:128002:128335 [6] NCCL INFO               + PCI[48.0] - NIC/0-b0000
furious-puma-1:128002:128335 [6] NCCL INFO               + PCI[48.0] - GPU/0-af000 (3)
furious-puma-1:128002:128335 [6] NCCL INFO                             + NVL[370.8] - NVS/0-0
furious-puma-1:128002:128335 [6] NCCL INFO + SYS[22.0] - CPU/0-1
furious-puma-1:128002:128335 [6] NCCL INFO CPU/0-1 (1/1/3)
furious-puma-1:128002:128335 [6] NCCL INFO + PCI[48.0] - PCI/0-ffffff050 (0)
furious-puma-1:128002:128335 [6] NCCL INFO               + PCI[48.0] - NIC/0-c0000
furious-puma-1:128002:128335 [6] NCCL INFO               + PCI[48.0] - GPU/0-bf000 (4)
furious-puma-1:128002:128335 [6] NCCL INFO                             + NVL[370.8] - NVS/0-0
furious-puma-1:128002:128335 [6] NCCL INFO + PCI[48.0] - PCI/0-ffffff060 (0)
furious-puma-1:128002:128335 [6] NCCL INFO               + PCI[48.0] - NIC/0-d0000
furious-puma-1:128002:128335 [6] NCCL INFO               + PCI[48.0] - GPU/0-cf000 (5)
furious-puma-1:128002:128335 [6] NCCL INFO                             + NVL[370.8] - NVS/0-0
furious-puma-1:128002:128335 [6] NCCL INFO + PCI[48.0] - PCI/0-ffffff070 (0)
furious-puma-1:128002:128335 [6] NCCL INFO               + PCI[48.0] - NIC/0-e0000
furious-puma-1:128002:128335 [6] NCCL INFO               + PCI[48.0] - GPU/0-df000 (6)
furious-puma-1:128002:128335 [6] NCCL INFO                             + NVL[370.8] - NVS/0-0
furious-puma-1:128002:128335 [6] NCCL INFO + PCI[48.0] - PCI/0-ffffff080 (0)
furious-puma-1:128002:128335 [6] NCCL INFO               + PCI[48.0] - NIC/0-f0000
furious-puma-1:128002:128335 [6] NCCL INFO               + PCI[48.0] - GPU/0-ef000 (7)
furious-puma-1:128002:128335 [6] NCCL INFO                             + NVL[370.8] - NVS/0-0
furious-puma-1:128002:128335 [6] NCCL INFO + SYS[22.0] - CPU/0-0
furious-puma-1:128002:128335 [6] NCCL INFO ==========================================
furious-puma-1:128002:128335 [6] NCCL INFO GPU/0-7f000 :GPU/0-7f000 (0/5000.0/LOC) GPU/0-8f000 (2/370.8/NVL) GPU/0-9f000 (2/370.8/NVL) GPU/0-af000 (2/370.8/NVL) GPU/0-bf000 (2/370.8/NVL) GPU/0-cf000 (2/370.8/NVL) GPU/0-df000 (2/370.8/NVL) GPU/0-ef000 (2/370.8/NVL) NVS/0-0 (1/370.8/NVL) CPU/0-0 (2/48.0/PHB) CPU/0-1 (3/22.0/SYS) 
furious-puma-1:128002:128335 [6] NCCL INFO GPU/0-8f000 :GPU/0-7f000 (2/370.8/NVL) GPU/0-8f000 (0/5000.0/LOC) GPU/0-9f000 (2/370.8/NVL) GPU/0-af000 (2/370.8/NVL) GPU/0-bf000 (2/370.8/NVL) GPU/0-cf000 (2/370.8/NVL) GPU/0-df000 (2/370.8/NVL) GPU/0-ef000 (2/370.8/NVL) NVS/0-0 (1/370.8/NVL) CPU/0-0 (2/48.0/PHB) CPU/0-1 (3/22.0/SYS) 
furious-puma-1:128002:128335 [6] NCCL INFO GPU/0-9f000 :GPU/0-7f000 (2/370.8/NVL) GPU/0-8f000 (2/370.8/NVL) GPU/0-9f000 (0/5000.0/LOC) GPU/0-af000 (2/370.8/NVL) GPU/0-bf000 (2/370.8/NVL) GPU/0-cf000 (2/370.8/NVL) GPU/0-df000 (2/370.8/NVL) GPU/0-ef000 (2/370.8/NVL) NVS/0-0 (1/370.8/NVL) CPU/0-0 (2/48.0/PHB) CPU/0-1 (3/22.0/SYS) 
furious-puma-1:128002:128335 [6] NCCL INFO GPU/0-af000 :GPU/0-7f000 (2/370.8/NVL) GPU/0-8f000 (2/370.8/NVL) GPU/0-9f000 (2/370.8/NVL) GPU/0-af000 (0/5000.0/LOC) GPU/0-bf000 (2/370.8/NVL) GPU/0-cf000 (2/370.8/NVL) GPU/0-df000 (2/370.8/NVL) GPU/0-ef000 (2/370.8/NVL) NVS/0-0 (1/370.8/NVL) CPU/0-0 (2/48.0/PHB) CPU/0-1 (3/22.0/SYS) 
furious-puma-1:128002:128335 [6] NCCL INFO GPU/0-bf000 :GPU/0-7f000 (2/370.8/NVL) GPU/0-8f000 (2/370.8/NVL) GPU/0-9f000 (2/370.8/NVL) GPU/0-af000 (2/370.8/NVL) GPU/0-bf000 (0/5000.0/LOC) GPU/0-cf000 (2/370.8/NVL) GPU/0-df000 (2/370.8/NVL) GPU/0-ef000 (2/370.8/NVL) NVS/0-0 (1/370.8/NVL) CPU/0-0 (3/22.0/SYS) CPU/0-1 (2/48.0/PHB) 
furious-puma-1:128002:128335 [6] NCCL INFO GPU/0-cf000 :GPU/0-7f000 (2/370.8/NVL) GPU/0-8f000 (2/370.8/NVL) GPU/0-9f000 (2/370.8/NVL) GPU/0-af000 (2/370.8/NVL) GPU/0-bf000 (2/370.8/NVL) GPU/0-cf000 (0/5000.0/LOC) GPU/0-df000 (2/370.8/NVL) GPU/0-ef000 (2/370.8/NVL) NVS/0-0 (1/370.8/NVL) CPU/0-0 (3/22.0/SYS) CPU/0-1 (2/48.0/PHB) 
furious-puma-1:128002:128335 [6] NCCL INFO GPU/0-df000 :GPU/0-7f000 (2/370.8/NVL) GPU/0-8f000 (2/370.8/NVL) GPU/0-9f000 (2/370.8/NVL) GPU/0-af000 (2/370.8/NVL) GPU/0-bf000 (2/370.8/NVL) GPU/0-cf000 (2/370.8/NVL) GPU/0-df000 (0/5000.0/LOC) GPU/0-ef000 (2/370.8/NVL) NVS/0-0 (1/370.8/NVL) CPU/0-0 (3/22.0/SYS) CPU/0-1 (2/48.0/PHB) 
furious-puma-1:128002:128335 [6] NCCL INFO GPU/0-ef000 :GPU/0-7f000 (2/370.8/NVL) GPU/0-8f000 (2/370.8/NVL) GPU/0-9f000 (2/370.8/NVL) GPU/0-af000 (2/370.8/NVL) GPU/0-bf000 (2/370.8/NVL) GPU/0-cf000 (2/370.8/NVL) GPU/0-df000 (2/370.8/NVL) GPU/0-ef000 (0/5000.0/LOC) NVS/0-0 (1/370.8/NVL) CPU/0-0 (3/22.0/SYS) CPU/0-1 (2/48.0/PHB) 
furious-puma-1:128002:128335 [6] NCCL INFO Setting affinity for GPU 6 to 80-159
furious-puma-1:128002:128335 [6] NCCL INFO NVLS multicast support is available on dev 6 (NVLS_NCHANNELS 16)
furious-puma-1:128001:128334 [5] NCCL INFO GPU Direct RDMA Enabled for GPU 0 / HCA 0 (distance 4 <= 5), read 0 mode Default
furious-puma-1:128001:128334 [5] NCCL INFO GPU Direct RDMA Enabled for GPU 1 / HCA 0 (distance 4 <= 5), read 0 mode Default
furious-puma-1:128001:128334 [5] NCCL INFO GPU Direct RDMA Enabled for GPU 2 / HCA 0 (distance 4 <= 5), read 0 mode Default
furious-puma-1:128001:128334 [5] NCCL INFO GPU Direct RDMA Enabled for GPU 3 / HCA 0 (distance 4 <= 5), read 0 mode Default
furious-puma-1:128001:128334 [5] NCCL INFO GPU Direct RDMA Enabled for GPU 4 / HCA 0 (distance 4 <= 5), read 0 mode Default
furious-puma-1:128001:128334 [5] NCCL INFO GPU Direct RDMA Enabled for GPU 5 / HCA 0 (distance 4 <= 5), read 0 mode Default
furious-puma-1:128001:128334 [5] NCCL INFO GPU Direct RDMA Enabled for GPU 6 / HCA 0 (distance 4 <= 5), read 0 mode Default
furious-puma-1:128001:128334 [5] NCCL INFO GPU Direct RDMA Enabled for GPU 7 / HCA 0 (distance 4 <= 5), read 0 mode Default
furious-puma-1:128001:128334 [5] NCCL INFO GPU Direct RDMA Enabled for GPU 0 / HCA 1 (distance 4 <= 5), read 0 mode Default
furious-puma-1:128001:128334 [5] NCCL INFO GPU Direct RDMA Enabled for GPU 1 / HCA 1 (distance 4 <= 5), read 0 mode Default
furious-puma-1:128001:128334 [5] NCCL INFO GPU Direct RDMA Enabled for GPU 2 / HCA 1 (distance 4 <= 5), read 0 mode Default
furious-puma-1:128001:128334 [5] NCCL INFO GPU Direct RDMA Enabled for GPU 3 / HCA 1 (distance 4 <= 5), read 0 mode Default
furious-puma-1:128001:128334 [5] NCCL INFO GPU Direct RDMA Enabled for GPU 4 / HCA 1 (distance 4 <= 5), read 0 mode Default
furious-puma-1:128001:128334 [5] NCCL INFO GPU Direct RDMA Enabled for GPU 5 / HCA 1 (distance 4 <= 5), read 0 mode Default
furious-puma-1:128001:128334 [5] NCCL INFO GPU Direct RDMA Enabled for GPU 6 / HCA 1 (distance 4 <= 5), read 0 mode Default
furious-puma-1:128001:128334 [5] NCCL INFO GPU Direct RDMA Enabled for GPU 7 / HCA 1 (distance 4 <= 5), read 0 mode Default
furious-puma-1:128001:128334 [5] NCCL INFO GPU Direct RDMA Enabled for GPU 0 / HCA 2 (distance 4 <= 5), read 0 mode Default
furious-puma-1:128001:128334 [5] NCCL INFO GPU Direct RDMA Enabled for GPU 1 / HCA 2 (distance 4 <= 5), read 0 mode Default
furious-puma-1:128001:128334 [5] NCCL INFO GPU Direct RDMA Enabled for GPU 2 / HCA 2 (distance 4 <= 5), read 0 mode Default
furious-puma-1:128001:128334 [5] NCCL INFO GPU Direct RDMA Enabled for GPU 3 / HCA 2 (distance 4 <= 5), read 0 mode Default
furious-puma-1:128001:128334 [5] NCCL INFO GPU Direct RDMA Enabled for GPU 4 / HCA 2 (distance 4 <= 5), read 0 mode Default
furious-puma-1:128001:128334 [5] NCCL INFO GPU Direct RDMA Enabled for GPU 5 / HCA 2 (distance 4 <= 5), read 0 mode Default
furious-puma-1:128001:128334 [5] NCCL INFO GPU Direct RDMA Enabled for GPU 6 / HCA 2 (distance 4 <= 5), read 0 mode Default
furious-puma-1:128001:128334 [5] NCCL INFO GPU Direct RDMA Enabled for GPU 7 / HCA 2 (distance 4 <= 5), read 0 mode Default
furious-puma-1:128001:128334 [5] NCCL INFO GPU Direct RDMA Enabled for GPU 0 / HCA 3 (distance 4 <= 5), read 0 mode Default
furious-puma-1:128001:128334 [5] NCCL INFO GPU Direct RDMA Enabled for GPU 1 / HCA 3 (distance 4 <= 5), read 0 mode Default
furious-puma-1:128001:128334 [5] NCCL INFO GPU Direct RDMA Enabled for GPU 2 / HCA 3 (distance 4 <= 5), read 0 mode Default
furious-puma-1:128001:128334 [5] NCCL INFO GPU Direct RDMA Enabled for GPU 3 / HCA 3 (distance 4 <= 5), read 0 mode Default
furious-puma-1:128001:128334 [5] NCCL INFO GPU Direct RDMA Enabled for GPU 4 / HCA 3 (distance 4 <= 5), read 0 mode Default
furious-puma-1:128001:128334 [5] NCCL INFO GPU Direct RDMA Enabled for GPU 5 / HCA 3 (distance 4 <= 5), read 0 mode Default
furious-puma-1:128001:128334 [5] NCCL INFO GPU Direct RDMA Enabled for GPU 6 / HCA 3 (distance 4 <= 5), read 0 mode Default
furious-puma-1:128001:128334 [5] NCCL INFO GPU Direct RDMA Enabled for GPU 7 / HCA 3 (distance 4 <= 5), read 0 mode Default
furious-puma-1:128001:128334 [5] NCCL INFO GPU Direct RDMA Enabled for GPU 0 / HCA 4 (distance 4 <= 5), read 0 mode Default
furious-puma-1:128001:128334 [5] NCCL INFO GPU Direct RDMA Enabled for GPU 1 / HCA 4 (distance 4 <= 5), read 0 mode Default
furious-puma-1:128001:128334 [5] NCCL INFO GPU Direct RDMA Enabled for GPU 2 / HCA 4 (distance 4 <= 5), read 0 mode Default
furious-puma-1:128001:128334 [5] NCCL INFO GPU Direct RDMA Enabled for GPU 3 / HCA 4 (distance 4 <= 5), read 0 mode Default
furious-puma-1:128001:128334 [5] NCCL INFO GPU Direct RDMA Enabled for GPU 4 / HCA 4 (distance 4 <= 5), read 0 mode Default
furious-puma-1:128001:128334 [5] NCCL INFO GPU Direct RDMA Enabled for GPU 5 / HCA 4 (distance 4 <= 5), read 0 mode Default
furious-puma-1:128001:128334 [5] NCCL INFO GPU Direct RDMA Enabled for GPU 6 / HCA 4 (distance 4 <= 5), read 0 mode Default
furious-puma-1:128001:128334 [5] NCCL INFO GPU Direct RDMA Enabled for GPU 7 / HCA 4 (distance 4 <= 5), read 0 mode Default
furious-puma-1:128001:128334 [5] NCCL INFO GPU Direct RDMA Enabled for GPU 0 / HCA 5 (distance 4 <= 5), read 0 mode Default
furious-puma-1:128001:128334 [5] NCCL INFO GPU Direct RDMA Enabled for GPU 1 / HCA 5 (distance 4 <= 5), read 0 mode Default
furious-puma-1:128001:128334 [5] NCCL INFO GPU Direct RDMA Enabled for GPU 2 / HCA 5 (distance 4 <= 5), read 0 mode Default
furious-puma-1:128001:128334 [5] NCCL INFO GPU Direct RDMA Enabled for GPU 3 / HCA 5 (distance 4 <= 5), read 0 mode Default
furious-puma-1:128001:128334 [5] NCCL INFO GPU Direct RDMA Enabled for GPU 4 / HCA 5 (distance 4 <= 5), read 0 mode Default
furious-puma-1:128001:128334 [5] NCCL INFO GPU Direct RDMA Enabled for GPU 5 / HCA 5 (distance 4 <= 5), read 0 mode Default
furious-puma-1:128001:128334 [5] NCCL INFO GPU Direct RDMA Enabled for GPU 6 / HCA 5 (distance 4 <= 5), read 0 mode Default
furious-puma-1:128001:128334 [5] NCCL INFO GPU Direct RDMA Enabled for GPU 7 / HCA 5 (distance 4 <= 5), read 0 mode Default
furious-puma-1:128001:128334 [5] NCCL INFO GPU Direct RDMA Enabled for GPU 0 / HCA 6 (distance 4 <= 5), read 0 mode Default
furious-puma-1:128001:128334 [5] NCCL INFO GPU Direct RDMA Enabled for GPU 1 / HCA 6 (distance 4 <= 5), read 0 mode Default
furious-puma-1:128001:128334 [5] NCCL INFO GPU Direct RDMA Enabled for GPU 2 / HCA 6 (distance 4 <= 5), read 0 mode Default
furious-puma-1:128001:128334 [5] NCCL INFO GPU Direct RDMA Enabled for GPU 3 / HCA 6 (distance 4 <= 5), read 0 mode Default
furious-puma-1:128001:128334 [5] NCCL INFO GPU Direct RDMA Enabled for GPU 4 / HCA 6 (distance 4 <= 5), read 0 mode Default
furious-puma-1:128001:128334 [5] NCCL INFO GPU Direct RDMA Enabled for GPU 5 / HCA 6 (distance 4 <= 5), read 0 mode Default
furious-puma-1:128001:128334 [5] NCCL INFO GPU Direct RDMA Enabled for GPU 6 / HCA 6 (distance 4 <= 5), read 0 mode Default
furious-puma-1:128001:128334 [5] NCCL INFO GPU Direct RDMA Enabled for GPU 7 / HCA 6 (distance 4 <= 5), read 0 mode Default
furious-puma-1:128001:128334 [5] NCCL INFO GPU Direct RDMA Enabled for GPU 0 / HCA 7 (distance 4 <= 5), read 0 mode Default
furious-puma-1:128001:128334 [5] NCCL INFO GPU Direct RDMA Enabled for GPU 1 / HCA 7 (distance 4 <= 5), read 0 mode Default
furious-puma-1:128001:128334 [5] NCCL INFO GPU Direct RDMA Enabled for GPU 2 / HCA 7 (distance 4 <= 5), read 0 mode Default
furious-puma-1:128001:128334 [5] NCCL INFO GPU Direct RDMA Enabled for GPU 3 / HCA 7 (distance 4 <= 5), read 0 mode Default
furious-puma-1:128001:128334 [5] NCCL INFO GPU Direct RDMA Enabled for GPU 4 / HCA 7 (distance 4 <= 5), read 0 mode Default
furious-puma-1:128001:128334 [5] NCCL INFO GPU Direct RDMA Enabled for GPU 5 / HCA 7 (distance 4 <= 5), read 0 mode Default
furious-puma-1:128001:128334 [5] NCCL INFO GPU Direct RDMA Enabled for GPU 6 / HCA 7 (distance 4 <= 5), read 0 mode Default
furious-puma-1:128001:128334 [5] NCCL INFO GPU Direct RDMA Enabled for GPU 7 / HCA 7 (distance 4 <= 5), read 0 mode Default
furious-puma-1:127998:128337 [2] NCCL INFO === System : maxBw 370.8 totalBw 370.8 ===
furious-puma-1:127998:128337 [2] NCCL INFO CPU/0-0 (1/1/3)
furious-puma-1:127998:128337 [2] NCCL INFO + PCI[48.0] - PCI/0-ffffff010 (0)
furious-puma-1:127998:128337 [2] NCCL INFO               + PCI[48.0] - GPU/0-7f000 (0)
furious-puma-1:127998:128337 [2] NCCL INFO                             + NVL[370.8] - NVS/0-0
furious-puma-1:127998:128337 [2] NCCL INFO               + PCI[48.0] - NIC/0-80000
furious-puma-1:127998:128337 [2] NCCL INFO + PCI[48.0] - PCI/0-ffffff020 (0)
furious-puma-1:127998:128337 [2] NCCL INFO               + PCI[48.0] - NIC/0-90000
furious-puma-1:127998:128337 [2] NCCL INFO               + PCI[48.0] - GPU/0-8f000 (1)
furious-puma-1:127998:128337 [2] NCCL INFO                             + NVL[370.8] - NVS/0-0
furious-puma-1:127998:128337 [2] NCCL INFO + PCI[48.0] - PCI/0-ffffff030 (0)
furious-puma-1:127998:128337 [2] NCCL INFO               + PCI[48.0] - NIC/0-a0000
furious-puma-1:127998:128337 [2] NCCL INFO               + PCI[48.0] - GPU/0-9f000 (2)
furious-puma-1:127998:128337 [2] NCCL INFO                             + NVL[370.8] - NVS/0-0
furious-puma-1:127998:128337 [2] NCCL INFO + PCI[48.0] - PCI/0-ffffff040 (0)
furious-puma-1:127998:128337 [2] NCCL INFO               + PCI[48.0] - NIC/0-b0000
furious-puma-1:127998:128337 [2] NCCL INFO               + PCI[48.0] - GPU/0-af000 (3)
furious-puma-1:127998:128337 [2] NCCL INFO                             + NVL[370.8] - NVS/0-0
furious-puma-1:127998:128337 [2] NCCL INFO + SYS[22.0] - CPU/0-1
furious-puma-1:127998:128337 [2] NCCL INFO CPU/0-1 (1/1/3)
furious-puma-1:127998:128337 [2] NCCL INFO + PCI[48.0] - PCI/0-ffffff050 (0)
furious-puma-1:127998:128337 [2] NCCL INFO               + PCI[48.0] - NIC/0-c0000
furious-puma-1:127998:128337 [2] NCCL INFO               + PCI[48.0] - GPU/0-bf000 (4)
furious-puma-1:127998:128337 [2] NCCL INFO                             + NVL[370.8] - NVS/0-0
furious-puma-1:127998:128337 [2] NCCL INFO + PCI[48.0] - PCI/0-ffffff060 (0)
furious-puma-1:127998:128337 [2] NCCL INFO               + PCI[48.0] - NIC/0-d0000
furious-puma-1:127998:128337 [2] NCCL INFO               + PCI[48.0] - GPU/0-cf000 (5)
furious-puma-1:127998:128337 [2] NCCL INFO                             + NVL[370.8] - NVS/0-0
furious-puma-1:127998:128337 [2] NCCL INFO + PCI[48.0] - PCI/0-ffffff070 (0)
furious-puma-1:127998:128337 [2] NCCL INFO               + PCI[48.0] - NIC/0-e0000
furious-puma-1:127998:128337 [2] NCCL INFO               + PCI[48.0] - GPU/0-df000 (6)
furious-puma-1:127998:128337 [2] NCCL INFO                             + NVL[370.8] - NVS/0-0
furious-puma-1:127998:128337 [2] NCCL INFO + PCI[48.0] - PCI/0-ffffff080 (0)
furious-puma-1:127998:128337 [2] NCCL INFO               + PCI[48.0] - NIC/0-f0000
furious-puma-1:127998:128337 [2] NCCL INFO               + PCI[48.0] - GPU/0-ef000 (7)
furious-puma-1:127998:128337 [2] NCCL INFO                             + NVL[370.8] - NVS/0-0
furious-puma-1:127998:128337 [2] NCCL INFO + SYS[22.0] - CPU/0-0
furious-puma-1:127998:128337 [2] NCCL INFO ==========================================
furious-puma-1:127998:128337 [2] NCCL INFO GPU/0-7f000 :GPU/0-7f000 (0/5000.0/LOC) GPU/0-8f000 (2/370.8/NVL) GPU/0-9f000 (2/370.8/NVL) GPU/0-af000 (2/370.8/NVL) GPU/0-bf000 (2/370.8/NVL) GPU/0-cf000 (2/370.8/NVL) GPU/0-df000 (2/370.8/NVL) GPU/0-ef000 (2/370.8/NVL) NVS/0-0 (1/370.8/NVL) CPU/0-0 (2/48.0/PHB) CPU/0-1 (3/22.0/SYS) 
furious-puma-1:127998:128337 [2] NCCL INFO GPU/0-8f000 :GPU/0-7f000 (2/370.8/NVL) GPU/0-8f000 (0/5000.0/LOC) GPU/0-9f000 (2/370.8/NVL) GPU/0-af000 (2/370.8/NVL) GPU/0-bf000 (2/370.8/NVL) GPU/0-cf000 (2/370.8/NVL) GPU/0-df000 (2/370.8/NVL) GPU/0-ef000 (2/370.8/NVL) NVS/0-0 (1/370.8/NVL) CPU/0-0 (2/48.0/PHB) CPU/0-1 (3/22.0/SYS) 
furious-puma-1:127998:128337 [2] NCCL INFO GPU/0-9f000 :GPU/0-7f000 (2/370.8/NVL) GPU/0-8f000 (2/370.8/NVL) GPU/0-9f000 (0/5000.0/LOC) GPU/0-af000 (2/370.8/NVL) GPU/0-bf000 (2/370.8/NVL) GPU/0-cf000 (2/370.8/NVL) GPU/0-df000 (2/370.8/NVL) GPU/0-ef000 (2/370.8/NVL) NVS/0-0 (1/370.8/NVL) CPU/0-0 (2/48.0/PHB) CPU/0-1 (3/22.0/SYS) 
furious-puma-1:127998:128337 [2] NCCL INFO GPU/0-af000 :GPU/0-7f000 (2/370.8/NVL) GPU/0-8f000 (2/370.8/NVL) GPU/0-9f000 (2/370.8/NVL) GPU/0-af000 (0/5000.0/LOC) GPU/0-bf000 (2/370.8/NVL) GPU/0-cf000 (2/370.8/NVL) GPU/0-df000 (2/370.8/NVL) GPU/0-ef000 (2/370.8/NVL) NVS/0-0 (1/370.8/NVL) CPU/0-0 (2/48.0/PHB) CPU/0-1 (3/22.0/SYS) 
furious-puma-1:127998:128337 [2] NCCL INFO GPU/0-bf000 :GPU/0-7f000 (2/370.8/NVL) GPU/0-8f000 (2/370.8/NVL) GPU/0-9f000 (2/370.8/NVL) GPU/0-af000 (2/370.8/NVL) GPU/0-bf000 (0/5000.0/LOC) GPU/0-cf000 (2/370.8/NVL) GPU/0-df000 (2/370.8/NVL) GPU/0-ef000 (2/370.8/NVL) NVS/0-0 (1/370.8/NVL) CPU/0-0 (3/22.0/SYS) CPU/0-1 (2/48.0/PHB) 
furious-puma-1:127998:128337 [2] NCCL INFO GPU/0-cf000 :GPU/0-7f000 (2/370.8/NVL) GPU/0-8f000 (2/370.8/NVL) GPU/0-9f000 (2/370.8/NVL) GPU/0-af000 (2/370.8/NVL) GPU/0-bf000 (2/370.8/NVL) GPU/0-cf000 (0/5000.0/LOC) GPU/0-df000 (2/370.8/NVL) GPU/0-ef000 (2/370.8/NVL) NVS/0-0 (1/370.8/NVL) CPU/0-0 (3/22.0/SYS) CPU/0-1 (2/48.0/PHB) 
furious-puma-1:127998:128337 [2] NCCL INFO GPU/0-df000 :GPU/0-7f000 (2/370.8/NVL) GPU/0-8f000 (2/370.8/NVL) GPU/0-9f000 (2/370.8/NVL) GPU/0-af000 (2/370.8/NVL) GPU/0-bf000 (2/370.8/NVL) GPU/0-cf000 (2/370.8/NVL) GPU/0-df000 (0/5000.0/LOC) GPU/0-ef000 (2/370.8/NVL) NVS/0-0 (1/370.8/NVL) CPU/0-0 (3/22.0/SYS) CPU/0-1 (2/48.0/PHB) 
furious-puma-1:127998:128337 [2] NCCL INFO GPU/0-ef000 :GPU/0-7f000 (2/370.8/NVL) GPU/0-8f000 (2/370.8/NVL) GPU/0-9f000 (2/370.8/NVL) GPU/0-af000 (2/370.8/NVL) GPU/0-bf000 (2/370.8/NVL) GPU/0-cf000 (2/370.8/NVL) GPU/0-df000 (2/370.8/NVL) GPU/0-ef000 (0/5000.0/LOC) NVS/0-0 (1/370.8/NVL) CPU/0-0 (3/22.0/SYS) CPU/0-1 (2/48.0/PHB) 
furious-puma-1:127998:128337 [2] NCCL INFO Setting affinity for GPU 2 to 0-79
furious-puma-1:127998:128337 [2] NCCL INFO NVLS multicast support is available on dev 2 (NVLS_NCHANNELS 16)
furious-puma-1:127996:128347 [0] NCCL INFO === System : maxBw 370.8 totalBw 370.8 ===
furious-puma-1:127996:128347 [0] NCCL INFO CPU/0-0 (1/1/3)
furious-puma-1:127996:128347 [0] NCCL INFO + PCI[48.0] - PCI/0-ffffff010 (0)
furious-puma-1:127996:128347 [0] NCCL INFO               + PCI[48.0] - GPU/0-7f000 (0)
furious-puma-1:127996:128347 [0] NCCL INFO                             + NVL[370.8] - NVS/0-0
furious-puma-1:127996:128347 [0] NCCL INFO               + PCI[48.0] - NIC/0-80000
furious-puma-1:127996:128347 [0] NCCL INFO + PCI[48.0] - PCI/0-ffffff020 (0)
furious-puma-1:127996:128347 [0] NCCL INFO               + PCI[48.0] - NIC/0-90000
furious-puma-1:127996:128347 [0] NCCL INFO               + PCI[48.0] - GPU/0-8f000 (1)
furious-puma-1:127996:128347 [0] NCCL INFO                             + NVL[370.8] - NVS/0-0
furious-puma-1:127996:128347 [0] NCCL INFO + PCI[48.0] - PCI/0-ffffff030 (0)
furious-puma-1:127996:128347 [0] NCCL INFO               + PCI[48.0] - NIC/0-a0000
furious-puma-1:127996:128347 [0] NCCL INFO               + PCI[48.0] - GPU/0-9f000 (2)
furious-puma-1:127996:128347 [0] NCCL INFO                             + NVL[370.8] - NVS/0-0
furious-puma-1:127996:128347 [0] NCCL INFO + PCI[48.0] - PCI/0-ffffff040 (0)
furious-puma-1:127996:128347 [0] NCCL INFO               + PCI[48.0] - NIC/0-b0000
furious-puma-1:127996:128347 [0] NCCL INFO               + PCI[48.0] - GPU/0-af000 (3)
furious-puma-1:127996:128347 [0] NCCL INFO                             + NVL[370.8] - NVS/0-0
furious-puma-1:127996:128347 [0] NCCL INFO + SYS[22.0] - CPU/0-1
furious-puma-1:127996:128347 [0] NCCL INFO CPU/0-1 (1/1/3)
furious-puma-1:127996:128347 [0] NCCL INFO + PCI[48.0] - PCI/0-ffffff050 (0)
furious-puma-1:127996:128347 [0] NCCL INFO               + PCI[48.0] - NIC/0-c0000
furious-puma-1:127996:128347 [0] NCCL INFO               + PCI[48.0] - GPU/0-bf000 (4)
furious-puma-1:127996:128347 [0] NCCL INFO                             + NVL[370.8] - NVS/0-0
furious-puma-1:127996:128347 [0] NCCL INFO + PCI[48.0] - PCI/0-ffffff060 (0)
furious-puma-1:127996:128347 [0] NCCL INFO               + PCI[48.0] - NIC/0-d0000
furious-puma-1:127996:128347 [0] NCCL INFO               + PCI[48.0] - GPU/0-cf000 (5)
furious-puma-1:127996:128347 [0] NCCL INFO                             + NVL[370.8] - NVS/0-0
furious-puma-1:127996:128347 [0] NCCL INFO + PCI[48.0] - PCI/0-ffffff070 (0)
furious-puma-1:127996:128347 [0] NCCL INFO               + PCI[48.0] - NIC/0-e0000
furious-puma-1:127996:128347 [0] NCCL INFO               + PCI[48.0] - GPU/0-df000 (6)
furious-puma-1:127996:128347 [0] NCCL INFO                             + NVL[370.8] - NVS/0-0
furious-puma-1:127996:128347 [0] NCCL INFO + PCI[48.0] - PCI/0-ffffff080 (0)
furious-puma-1:127996:128347 [0] NCCL INFO               + PCI[48.0] - NIC/0-f0000
furious-puma-1:127996:128347 [0] NCCL INFO               + PCI[48.0] - GPU/0-ef000 (7)
furious-puma-1:127996:128347 [0] NCCL INFO                             + NVL[370.8] - NVS/0-0
furious-puma-1:127996:128347 [0] NCCL INFO + SYS[22.0] - CPU/0-0
furious-puma-1:127996:128347 [0] NCCL INFO ==========================================
furious-puma-1:128003:128336 [7] NCCL INFO === System : maxBw 370.8 totalBw 370.8 ===
furious-puma-1:128003:128336 [7] NCCL INFO CPU/0-0 (1/1/3)
furious-puma-1:128003:128336 [7] NCCL INFO + PCI[48.0] - PCI/0-ffffff010 (0)
furious-puma-1:128003:128336 [7] NCCL INFO               + PCI[48.0] - GPU/0-7f000 (0)
furious-puma-1:127996:128347 [0] NCCL INFO GPU/0-7f000 :GPU/0-7f000 (0/5000.0/LOC) GPU/0-8f000 (2/370.8/NVL) GPU/0-9f000 (2/370.8/NVL) GPU/0-af000 (2/370.8/NVL) GPU/0-bf000 (2/370.8/NVL) GPU/0-cf000 (2/370.8/NVL) GPU/0-df000 (2/370.8/NVL) GPU/0-ef000 (2/370.8/NVL) NVS/0-0 (1/370.8/NVL) CPU/0-0 (2/48.0/PHB) CPU/0-1 (3/22.0/SYS) 
furious-puma-1:128003:128336 [7] NCCL INFO                             + NVL[370.8] - NVS/0-0
furious-puma-1:128003:128336 [7] NCCL INFO               + PCI[48.0] - NIC/0-80000
furious-puma-1:128003:128336 [7] NCCL INFO + PCI[48.0] - PCI/0-ffffff020 (0)
furious-puma-1:128003:128336 [7] NCCL INFO               + PCI[48.0] - NIC/0-90000
furious-puma-1:128003:128336 [7] NCCL INFO               + PCI[48.0] - GPU/0-8f000 (1)
furious-puma-1:127996:128347 [0] NCCL INFO GPU/0-8f000 :GPU/0-7f000 (2/370.8/NVL) GPU/0-8f000 (0/5000.0/LOC) GPU/0-9f000 (2/370.8/NVL) GPU/0-af000 (2/370.8/NVL) GPU/0-bf000 (2/370.8/NVL) GPU/0-cf000 (2/370.8/NVL) GPU/0-df000 (2/370.8/NVL) GPU/0-ef000 (2/370.8/NVL) NVS/0-0 (1/370.8/NVL) CPU/0-0 (2/48.0/PHB) CPU/0-1 (3/22.0/SYS) 
furious-puma-1:128003:128336 [7] NCCL INFO                             + NVL[370.8] - NVS/0-0
furious-puma-1:128003:128336 [7] NCCL INFO + PCI[48.0] - PCI/0-ffffff030 (0)
furious-puma-1:128003:128336 [7] NCCL INFO               + PCI[48.0] - NIC/0-a0000
furious-puma-1:128003:128336 [7] NCCL INFO               + PCI[48.0] - GPU/0-9f000 (2)
furious-puma-1:128003:128336 [7] NCCL INFO                             + NVL[370.8] - NVS/0-0
furious-puma-1:127996:128347 [0] NCCL INFO GPU/0-9f000 :GPU/0-7f000 (2/370.8/NVL) GPU/0-8f000 (2/370.8/NVL) GPU/0-9f000 (0/5000.0/LOC) GPU/0-af000 (2/370.8/NVL) GPU/0-bf000 (2/370.8/NVL) GPU/0-cf000 (2/370.8/NVL) GPU/0-df000 (2/370.8/NVL) GPU/0-ef000 (2/370.8/NVL) NVS/0-0 (1/370.8/NVL) CPU/0-0 (2/48.0/PHB) CPU/0-1 (3/22.0/SYS) 
furious-puma-1:128003:128336 [7] NCCL INFO + PCI[48.0] - PCI/0-ffffff040 (0)
furious-puma-1:128003:128336 [7] NCCL INFO               + PCI[48.0] - NIC/0-b0000
furious-puma-1:128003:128336 [7] NCCL INFO               + PCI[48.0] - GPU/0-af000 (3)
furious-puma-1:128003:128336 [7] NCCL INFO                             + NVL[370.8] - NVS/0-0
furious-puma-1:128003:128336 [7] NCCL INFO + SYS[22.0] - CPU/0-1
furious-puma-1:127996:128347 [0] NCCL INFO GPU/0-af000 :GPU/0-7f000 (2/370.8/NVL) GPU/0-8f000 (2/370.8/NVL) GPU/0-9f000 (2/370.8/NVL) GPU/0-af000 (0/5000.0/LOC) GPU/0-bf000 (2/370.8/NVL) GPU/0-cf000 (2/370.8/NVL) GPU/0-df000 (2/370.8/NVL) GPU/0-ef000 (2/370.8/NVL) NVS/0-0 (1/370.8/NVL) CPU/0-0 (2/48.0/PHB) CPU/0-1 (3/22.0/SYS) 
furious-puma-1:128003:128336 [7] NCCL INFO CPU/0-1 (1/1/3)
furious-puma-1:128003:128336 [7] NCCL INFO + PCI[48.0] - PCI/0-ffffff050 (0)
furious-puma-1:128003:128336 [7] NCCL INFO               + PCI[48.0] - NIC/0-c0000
furious-puma-1:128003:128336 [7] NCCL INFO               + PCI[48.0] - GPU/0-bf000 (4)
furious-puma-1:128003:128336 [7] NCCL INFO                             + NVL[370.8] - NVS/0-0
furious-puma-1:128003:128336 [7] NCCL INFO + PCI[48.0] - PCI/0-ffffff060 (0)
furious-puma-1:127996:128347 [0] NCCL INFO GPU/0-bf000 :GPU/0-7f000 (2/370.8/NVL) GPU/0-8f000 (2/370.8/NVL) GPU/0-9f000 (2/370.8/NVL) GPU/0-af000 (2/370.8/NVL) GPU/0-bf000 (0/5000.0/LOC) GPU/0-cf000 (2/370.8/NVL) GPU/0-df000 (2/370.8/NVL) GPU/0-ef000 (2/370.8/NVL) NVS/0-0 (1/370.8/NVL) CPU/0-0 (3/22.0/SYS) CPU/0-1 (2/48.0/PHB) 
furious-puma-1:128003:128336 [7] NCCL INFO               + PCI[48.0] - NIC/0-d0000
furious-puma-1:128003:128336 [7] NCCL INFO               + PCI[48.0] - GPU/0-cf000 (5)
furious-puma-1:128003:128336 [7] NCCL INFO                             + NVL[370.8] - NVS/0-0
furious-puma-1:128003:128336 [7] NCCL INFO + PCI[48.0] - PCI/0-ffffff070 (0)
furious-puma-1:128003:128336 [7] NCCL INFO               + PCI[48.0] - NIC/0-e0000
furious-puma-1:128003:128336 [7] NCCL INFO               + PCI[48.0] - GPU/0-df000 (6)
furious-puma-1:127996:128347 [0] NCCL INFO GPU/0-cf000 :GPU/0-7f000 (2/370.8/NVL) GPU/0-8f000 (2/370.8/NVL) GPU/0-9f000 (2/370.8/NVL) GPU/0-af000 (2/370.8/NVL) GPU/0-bf000 (2/370.8/NVL) GPU/0-cf000 (0/5000.0/LOC) GPU/0-df000 (2/370.8/NVL) GPU/0-ef000 (2/370.8/NVL) NVS/0-0 (1/370.8/NVL) CPU/0-0 (3/22.0/SYS) CPU/0-1 (2/48.0/PHB) 
furious-puma-1:128003:128336 [7] NCCL INFO                             + NVL[370.8] - NVS/0-0
furious-puma-1:128003:128336 [7] NCCL INFO + PCI[48.0] - PCI/0-ffffff080 (0)
furious-puma-1:128003:128336 [7] NCCL INFO               + PCI[48.0] - NIC/0-f0000
furious-puma-1:128003:128336 [7] NCCL INFO               + PCI[48.0] - GPU/0-ef000 (7)
furious-puma-1:128003:128336 [7] NCCL INFO                             + NVL[370.8] - NVS/0-0
furious-puma-1:128003:128336 [7] NCCL INFO + SYS[22.0] - CPU/0-0
furious-puma-1:127996:128347 [0] NCCL INFO GPU/0-df000 :GPU/0-7f000 (2/370.8/NVL) GPU/0-8f000 (2/370.8/NVL) GPU/0-9f000 (2/370.8/NVL) GPU/0-af000 (2/370.8/NVL) GPU/0-bf000 (2/370.8/NVL) GPU/0-cf000 (2/370.8/NVL) GPU/0-df000 (0/5000.0/LOC) GPU/0-ef000 (2/370.8/NVL) NVS/0-0 (1/370.8/NVL) CPU/0-0 (3/22.0/SYS) CPU/0-1 (2/48.0/PHB) 
furious-puma-1:128003:128336 [7] NCCL INFO ==========================================
furious-puma-1:127996:128347 [0] NCCL INFO GPU/0-ef000 :GPU/0-7f000 (2/370.8/NVL) GPU/0-8f000 (2/370.8/NVL) GPU/0-9f000 (2/370.8/NVL) GPU/0-af000 (2/370.8/NVL) GPU/0-bf000 (2/370.8/NVL) GPU/0-cf000 (2/370.8/NVL) GPU/0-df000 (2/370.8/NVL) GPU/0-ef000 (0/5000.0/LOC) NVS/0-0 (1/370.8/NVL) CPU/0-0 (3/22.0/SYS) CPU/0-1 (2/48.0/PHB) 
furious-puma-1:128003:128336 [7] NCCL INFO GPU/0-7f000 :GPU/0-7f000 (0/5000.0/LOC) GPU/0-8f000 (2/370.8/NVL) GPU/0-9f000 (2/370.8/NVL) GPU/0-af000 (2/370.8/NVL) GPU/0-bf000 (2/370.8/NVL) GPU/0-cf000 (2/370.8/NVL) GPU/0-df000 (2/370.8/NVL) GPU/0-ef000 (2/370.8/NVL) NVS/0-0 (1/370.8/NVL) CPU/0-0 (2/48.0/PHB) CPU/0-1 (3/22.0/SYS) 
furious-puma-1:128003:128336 [7] NCCL INFO GPU/0-8f000 :GPU/0-7f000 (2/370.8/NVL) GPU/0-8f000 (0/5000.0/LOC) GPU/0-9f000 (2/370.8/NVL) GPU/0-af000 (2/370.8/NVL) GPU/0-bf000 (2/370.8/NVL) GPU/0-cf000 (2/370.8/NVL) GPU/0-df000 (2/370.8/NVL) GPU/0-ef000 (2/370.8/NVL) NVS/0-0 (1/370.8/NVL) CPU/0-0 (2/48.0/PHB) CPU/0-1 (3/22.0/SYS) 
furious-puma-1:127996:128347 [0] NCCL INFO Setting affinity for GPU 0 to 0-79
furious-puma-1:128003:128336 [7] NCCL INFO GPU/0-9f000 :GPU/0-7f000 (2/370.8/NVL) GPU/0-8f000 (2/370.8/NVL) GPU/0-9f000 (0/5000.0/LOC) GPU/0-af000 (2/370.8/NVL) GPU/0-bf000 (2/370.8/NVL) GPU/0-cf000 (2/370.8/NVL) GPU/0-df000 (2/370.8/NVL) GPU/0-ef000 (2/370.8/NVL) NVS/0-0 (1/370.8/NVL) CPU/0-0 (2/48.0/PHB) CPU/0-1 (3/22.0/SYS) 
furious-puma-1:128003:128336 [7] NCCL INFO GPU/0-af000 :GPU/0-7f000 (2/370.8/NVL) GPU/0-8f000 (2/370.8/NVL) GPU/0-9f000 (2/370.8/NVL) GPU/0-af000 (0/5000.0/LOC) GPU/0-bf000 (2/370.8/NVL) GPU/0-cf000 (2/370.8/NVL) GPU/0-df000 (2/370.8/NVL) GPU/0-ef000 (2/370.8/NVL) NVS/0-0 (1/370.8/NVL) CPU/0-0 (2/48.0/PHB) CPU/0-1 (3/22.0/SYS) 
furious-puma-1:128003:128336 [7] NCCL INFO GPU/0-bf000 :GPU/0-7f000 (2/370.8/NVL) GPU/0-8f000 (2/370.8/NVL) GPU/0-9f000 (2/370.8/NVL) GPU/0-af000 (2/370.8/NVL) GPU/0-bf000 (0/5000.0/LOC) GPU/0-cf000 (2/370.8/NVL) GPU/0-df000 (2/370.8/NVL) GPU/0-ef000 (2/370.8/NVL) NVS/0-0 (1/370.8/NVL) CPU/0-0 (3/22.0/SYS) CPU/0-1 (2/48.0/PHB) 
furious-puma-1:128003:128336 [7] NCCL INFO GPU/0-cf000 :GPU/0-7f000 (2/370.8/NVL) GPU/0-8f000 (2/370.8/NVL) GPU/0-9f000 (2/370.8/NVL) GPU/0-af000 (2/370.8/NVL) GPU/0-bf000 (2/370.8/NVL) GPU/0-cf000 (0/5000.0/LOC) GPU/0-df000 (2/370.8/NVL) GPU/0-ef000 (2/370.8/NVL) NVS/0-0 (1/370.8/NVL) CPU/0-0 (3/22.0/SYS) CPU/0-1 (2/48.0/PHB) 
furious-puma-1:128003:128336 [7] NCCL INFO GPU/0-df000 :GPU/0-7f000 (2/370.8/NVL) GPU/0-8f000 (2/370.8/NVL) GPU/0-9f000 (2/370.8/NVL) GPU/0-af000 (2/370.8/NVL) GPU/0-bf000 (2/370.8/NVL) GPU/0-cf000 (2/370.8/NVL) GPU/0-df000 (0/5000.0/LOC) GPU/0-ef000 (2/370.8/NVL) NVS/0-0 (1/370.8/NVL) CPU/0-0 (3/22.0/SYS) CPU/0-1 (2/48.0/PHB) 
furious-puma-1:128003:128336 [7] NCCL INFO GPU/0-ef000 :GPU/0-7f000 (2/370.8/NVL) GPU/0-8f000 (2/370.8/NVL) GPU/0-9f000 (2/370.8/NVL) GPU/0-af000 (2/370.8/NVL) GPU/0-bf000 (2/370.8/NVL) GPU/0-cf000 (2/370.8/NVL) GPU/0-df000 (2/370.8/NVL) GPU/0-ef000 (0/5000.0/LOC) NVS/0-0 (1/370.8/NVL) CPU/0-0 (3/22.0/SYS) CPU/0-1 (2/48.0/PHB) 
furious-puma-1:128003:128336 [7] NCCL INFO Setting affinity for GPU 7 to 80-159
furious-puma-1:128003:128336 [7] NCCL INFO NVLS multicast support is available on dev 7 (NVLS_NCHANNELS 16)
furious-puma-1:127996:128347 [0] NCCL INFO NVLS multicast support is available on dev 0 (NVLS_NCHANNELS 16)
furious-puma-1:127999:128332 [3] NCCL INFO === System : maxBw 370.8 totalBw 370.8 ===
furious-puma-1:127999:128332 [3] NCCL INFO CPU/0-0 (1/1/3)
furious-puma-1:127999:128332 [3] NCCL INFO + PCI[48.0] - PCI/0-ffffff010 (0)
furious-puma-1:127999:128332 [3] NCCL INFO               + PCI[48.0] - GPU/0-7f000 (0)
furious-puma-1:127999:128332 [3] NCCL INFO                             + NVL[370.8] - NVS/0-0
furious-puma-1:127999:128332 [3] NCCL INFO               + PCI[48.0] - NIC/0-80000
furious-puma-1:127999:128332 [3] NCCL INFO + PCI[48.0] - PCI/0-ffffff020 (0)
furious-puma-1:127999:128332 [3] NCCL INFO               + PCI[48.0] - NIC/0-90000
furious-puma-1:127999:128332 [3] NCCL INFO               + PCI[48.0] - GPU/0-8f000 (1)
furious-puma-1:127999:128332 [3] NCCL INFO                             + NVL[370.8] - NVS/0-0
furious-puma-1:127999:128332 [3] NCCL INFO + PCI[48.0] - PCI/0-ffffff030 (0)
furious-puma-1:127999:128332 [3] NCCL INFO               + PCI[48.0] - NIC/0-a0000
furious-puma-1:127999:128332 [3] NCCL INFO               + PCI[48.0] - GPU/0-9f000 (2)
furious-puma-1:127999:128332 [3] NCCL INFO                             + NVL[370.8] - NVS/0-0
furious-puma-1:127999:128332 [3] NCCL INFO + PCI[48.0] - PCI/0-ffffff040 (0)
furious-puma-1:127999:128332 [3] NCCL INFO               + PCI[48.0] - NIC/0-b0000
furious-puma-1:127999:128332 [3] NCCL INFO               + PCI[48.0] - GPU/0-af000 (3)
furious-puma-1:127999:128332 [3] NCCL INFO                             + NVL[370.8] - NVS/0-0
furious-puma-1:127999:128332 [3] NCCL INFO + SYS[22.0] - CPU/0-1
furious-puma-1:127999:128332 [3] NCCL INFO CPU/0-1 (1/1/3)
furious-puma-1:127999:128332 [3] NCCL INFO + PCI[48.0] - PCI/0-ffffff050 (0)
furious-puma-1:127999:128332 [3] NCCL INFO               + PCI[48.0] - NIC/0-c0000
furious-puma-1:127999:128332 [3] NCCL INFO               + PCI[48.0] - GPU/0-bf000 (4)
furious-puma-1:127999:128332 [3] NCCL INFO                             + NVL[370.8] - NVS/0-0
furious-puma-1:127999:128332 [3] NCCL INFO + PCI[48.0] - PCI/0-ffffff060 (0)
furious-puma-1:127999:128332 [3] NCCL INFO               + PCI[48.0] - NIC/0-d0000
furious-puma-1:127999:128332 [3] NCCL INFO               + PCI[48.0] - GPU/0-cf000 (5)
furious-puma-1:127999:128332 [3] NCCL INFO                             + NVL[370.8] - NVS/0-0
furious-puma-1:127999:128332 [3] NCCL INFO + PCI[48.0] - PCI/0-ffffff070 (0)
furious-puma-1:127999:128332 [3] NCCL INFO               + PCI[48.0] - NIC/0-e0000
furious-puma-1:127999:128332 [3] NCCL INFO               + PCI[48.0] - GPU/0-df000 (6)
furious-puma-1:127999:128332 [3] NCCL INFO                             + NVL[370.8] - NVS/0-0
furious-puma-1:127999:128332 [3] NCCL INFO + PCI[48.0] - PCI/0-ffffff080 (0)
furious-puma-1:127999:128332 [3] NCCL INFO               + PCI[48.0] - NIC/0-f0000
furious-puma-1:127999:128332 [3] NCCL INFO               + PCI[48.0] - GPU/0-ef000 (7)
furious-puma-1:127999:128332 [3] NCCL INFO                             + NVL[370.8] - NVS/0-0
furious-puma-1:127999:128332 [3] NCCL INFO + SYS[22.0] - CPU/0-0
furious-puma-1:127999:128332 [3] NCCL INFO ==========================================
furious-puma-1:127999:128332 [3] NCCL INFO GPU/0-7f000 :GPU/0-7f000 (0/5000.0/LOC) GPU/0-8f000 (2/370.8/NVL) GPU/0-9f000 (2/370.8/NVL) GPU/0-af000 (2/370.8/NVL) GPU/0-bf000 (2/370.8/NVL) GPU/0-cf000 (2/370.8/NVL) GPU/0-df000 (2/370.8/NVL) GPU/0-ef000 (2/370.8/NVL) NVS/0-0 (1/370.8/NVL) CPU/0-0 (2/48.0/PHB) CPU/0-1 (3/22.0/SYS) 
furious-puma-1:127999:128332 [3] NCCL INFO GPU/0-8f000 :GPU/0-7f000 (2/370.8/NVL) GPU/0-8f000 (0/5000.0/LOC) GPU/0-9f000 (2/370.8/NVL) GPU/0-af000 (2/370.8/NVL) GPU/0-bf000 (2/370.8/NVL) GPU/0-cf000 (2/370.8/NVL) GPU/0-df000 (2/370.8/NVL) GPU/0-ef000 (2/370.8/NVL) NVS/0-0 (1/370.8/NVL) CPU/0-0 (2/48.0/PHB) CPU/0-1 (3/22.0/SYS) 
furious-puma-1:127999:128332 [3] NCCL INFO GPU/0-9f000 :GPU/0-7f000 (2/370.8/NVL) GPU/0-8f000 (2/370.8/NVL) GPU/0-9f000 (0/5000.0/LOC) GPU/0-af000 (2/370.8/NVL) GPU/0-bf000 (2/370.8/NVL) GPU/0-cf000 (2/370.8/NVL) GPU/0-df000 (2/370.8/NVL) GPU/0-ef000 (2/370.8/NVL) NVS/0-0 (1/370.8/NVL) CPU/0-0 (2/48.0/PHB) CPU/0-1 (3/22.0/SYS) 
furious-puma-1:127999:128332 [3] NCCL INFO GPU/0-af000 :GPU/0-7f000 (2/370.8/NVL) GPU/0-8f000 (2/370.8/NVL) GPU/0-9f000 (2/370.8/NVL) GPU/0-af000 (0/5000.0/LOC) GPU/0-bf000 (2/370.8/NVL) GPU/0-cf000 (2/370.8/NVL) GPU/0-df000 (2/370.8/NVL) GPU/0-ef000 (2/370.8/NVL) NVS/0-0 (1/370.8/NVL) CPU/0-0 (2/48.0/PHB) CPU/0-1 (3/22.0/SYS) 
furious-puma-1:127999:128332 [3] NCCL INFO GPU/0-bf000 :GPU/0-7f000 (2/370.8/NVL) GPU/0-8f000 (2/370.8/NVL) GPU/0-9f000 (2/370.8/NVL) GPU/0-af000 (2/370.8/NVL) GPU/0-bf000 (0/5000.0/LOC) GPU/0-cf000 (2/370.8/NVL) GPU/0-df000 (2/370.8/NVL) GPU/0-ef000 (2/370.8/NVL) NVS/0-0 (1/370.8/NVL) CPU/0-0 (3/22.0/SYS) CPU/0-1 (2/48.0/PHB) 
furious-puma-1:127999:128332 [3] NCCL INFO GPU/0-cf000 :GPU/0-7f000 (2/370.8/NVL) GPU/0-8f000 (2/370.8/NVL) GPU/0-9f000 (2/370.8/NVL) GPU/0-af000 (2/370.8/NVL) GPU/0-bf000 (2/370.8/NVL) GPU/0-cf000 (0/5000.0/LOC) GPU/0-df000 (2/370.8/NVL) GPU/0-ef000 (2/370.8/NVL) NVS/0-0 (1/370.8/NVL) CPU/0-0 (3/22.0/SYS) CPU/0-1 (2/48.0/PHB) 
furious-puma-1:127999:128332 [3] NCCL INFO GPU/0-df000 :GPU/0-7f000 (2/370.8/NVL) GPU/0-8f000 (2/370.8/NVL) GPU/0-9f000 (2/370.8/NVL) GPU/0-af000 (2/370.8/NVL) GPU/0-bf000 (2/370.8/NVL) GPU/0-cf000 (2/370.8/NVL) GPU/0-df000 (0/5000.0/LOC) GPU/0-ef000 (2/370.8/NVL) NVS/0-0 (1/370.8/NVL) CPU/0-0 (3/22.0/SYS) CPU/0-1 (2/48.0/PHB) 
furious-puma-1:127999:128332 [3] NCCL INFO GPU/0-ef000 :GPU/0-7f000 (2/370.8/NVL) GPU/0-8f000 (2/370.8/NVL) GPU/0-9f000 (2/370.8/NVL) GPU/0-af000 (2/370.8/NVL) GPU/0-bf000 (2/370.8/NVL) GPU/0-cf000 (2/370.8/NVL) GPU/0-df000 (2/370.8/NVL) GPU/0-ef000 (0/5000.0/LOC) NVS/0-0 (1/370.8/NVL) CPU/0-0 (3/22.0/SYS) CPU/0-1 (2/48.0/PHB) 
furious-puma-1:127997:128346 [1] NCCL INFO === System : maxBw 370.8 totalBw 370.8 ===
furious-puma-1:127997:128346 [1] NCCL INFO CPU/0-0 (1/1/3)
furious-puma-1:127997:128346 [1] NCCL INFO + PCI[48.0] - PCI/0-ffffff010 (0)
furious-puma-1:127999:128332 [3] NCCL INFO Setting affinity for GPU 3 to 0-79
furious-puma-1:127997:128346 [1] NCCL INFO               + PCI[48.0] - GPU/0-7f000 (0)
furious-puma-1:127997:128346 [1] NCCL INFO                             + NVL[370.8] - NVS/0-0
furious-puma-1:127997:128346 [1] NCCL INFO               + PCI[48.0] - NIC/0-80000
furious-puma-1:127997:128346 [1] NCCL INFO + PCI[48.0] - PCI/0-ffffff020 (0)
furious-puma-1:127997:128346 [1] NCCL INFO               + PCI[48.0] - NIC/0-90000
furious-puma-1:127997:128346 [1] NCCL INFO               + PCI[48.0] - GPU/0-8f000 (1)
furious-puma-1:127997:128346 [1] NCCL INFO                             + NVL[370.8] - NVS/0-0
furious-puma-1:127997:128346 [1] NCCL INFO + PCI[48.0] - PCI/0-ffffff030 (0)
furious-puma-1:127997:128346 [1] NCCL INFO               + PCI[48.0] - NIC/0-a0000
furious-puma-1:127997:128346 [1] NCCL INFO               + PCI[48.0] - GPU/0-9f000 (2)
furious-puma-1:127997:128346 [1] NCCL INFO                             + NVL[370.8] - NVS/0-0
furious-puma-1:127997:128346 [1] NCCL INFO + PCI[48.0] - PCI/0-ffffff040 (0)
furious-puma-1:127997:128346 [1] NCCL INFO               + PCI[48.0] - NIC/0-b0000
furious-puma-1:127997:128346 [1] NCCL INFO               + PCI[48.0] - GPU/0-af000 (3)
furious-puma-1:127997:128346 [1] NCCL INFO                             + NVL[370.8] - NVS/0-0
furious-puma-1:127997:128346 [1] NCCL INFO + SYS[22.0] - CPU/0-1
furious-puma-1:127997:128346 [1] NCCL INFO CPU/0-1 (1/1/3)
furious-puma-1:127997:128346 [1] NCCL INFO + PCI[48.0] - PCI/0-ffffff050 (0)
furious-puma-1:127997:128346 [1] NCCL INFO               + PCI[48.0] - NIC/0-c0000
furious-puma-1:127997:128346 [1] NCCL INFO               + PCI[48.0] - GPU/0-bf000 (4)
furious-puma-1:127997:128346 [1] NCCL INFO                             + NVL[370.8] - NVS/0-0
furious-puma-1:127997:128346 [1] NCCL INFO + PCI[48.0] - PCI/0-ffffff060 (0)
furious-puma-1:127997:128346 [1] NCCL INFO               + PCI[48.0] - NIC/0-d0000
furious-puma-1:127997:128346 [1] NCCL INFO               + PCI[48.0] - GPU/0-cf000 (5)
furious-puma-1:127997:128346 [1] NCCL INFO                             + NVL[370.8] - NVS/0-0
furious-puma-1:127997:128346 [1] NCCL INFO + PCI[48.0] - PCI/0-ffffff070 (0)
furious-puma-1:127997:128346 [1] NCCL INFO               + PCI[48.0] - NIC/0-e0000
furious-puma-1:127997:128346 [1] NCCL INFO               + PCI[48.0] - GPU/0-df000 (6)
furious-puma-1:127997:128346 [1] NCCL INFO                             + NVL[370.8] - NVS/0-0
furious-puma-1:127997:128346 [1] NCCL INFO + PCI[48.0] - PCI/0-ffffff080 (0)
furious-puma-1:127997:128346 [1] NCCL INFO               + PCI[48.0] - NIC/0-f0000
furious-puma-1:127997:128346 [1] NCCL INFO               + PCI[48.0] - GPU/0-ef000 (7)
furious-puma-1:127997:128346 [1] NCCL INFO                             + NVL[370.8] - NVS/0-0
furious-puma-1:127997:128346 [1] NCCL INFO + SYS[22.0] - CPU/0-0
furious-puma-1:127997:128346 [1] NCCL INFO ==========================================
furious-puma-1:127997:128346 [1] NCCL INFO GPU/0-7f000 :GPU/0-7f000 (0/5000.0/LOC) GPU/0-8f000 (2/370.8/NVL) GPU/0-9f000 (2/370.8/NVL) GPU/0-af000 (2/370.8/NVL) GPU/0-bf000 (2/370.8/NVL) GPU/0-cf000 (2/370.8/NVL) GPU/0-df000 (2/370.8/NVL) GPU/0-ef000 (2/370.8/NVL) NVS/0-0 (1/370.8/NVL) CPU/0-0 (2/48.0/PHB) CPU/0-1 (3/22.0/SYS) 
furious-puma-1:127997:128346 [1] NCCL INFO GPU/0-8f000 :GPU/0-7f000 (2/370.8/NVL) GPU/0-8f000 (0/5000.0/LOC) GPU/0-9f000 (2/370.8/NVL) GPU/0-af000 (2/370.8/NVL) GPU/0-bf000 (2/370.8/NVL) GPU/0-cf000 (2/370.8/NVL) GPU/0-df000 (2/370.8/NVL) GPU/0-ef000 (2/370.8/NVL) NVS/0-0 (1/370.8/NVL) CPU/0-0 (2/48.0/PHB) CPU/0-1 (3/22.0/SYS) 
furious-puma-1:127997:128346 [1] NCCL INFO GPU/0-9f000 :GPU/0-7f000 (2/370.8/NVL) GPU/0-8f000 (2/370.8/NVL) GPU/0-9f000 (0/5000.0/LOC) GPU/0-af000 (2/370.8/NVL) GPU/0-bf000 (2/370.8/NVL) GPU/0-cf000 (2/370.8/NVL) GPU/0-df000 (2/370.8/NVL) GPU/0-ef000 (2/370.8/NVL) NVS/0-0 (1/370.8/NVL) CPU/0-0 (2/48.0/PHB) CPU/0-1 (3/22.0/SYS) 
furious-puma-1:127997:128346 [1] NCCL INFO GPU/0-af000 :GPU/0-7f000 (2/370.8/NVL) GPU/0-8f000 (2/370.8/NVL) GPU/0-9f000 (2/370.8/NVL) GPU/0-af000 (0/5000.0/LOC) GPU/0-bf000 (2/370.8/NVL) GPU/0-cf000 (2/370.8/NVL) GPU/0-df000 (2/370.8/NVL) GPU/0-ef000 (2/370.8/NVL) NVS/0-0 (1/370.8/NVL) CPU/0-0 (2/48.0/PHB) CPU/0-1 (3/22.0/SYS) 
furious-puma-1:127997:128346 [1] NCCL INFO GPU/0-bf000 :GPU/0-7f000 (2/370.8/NVL) GPU/0-8f000 (2/370.8/NVL) GPU/0-9f000 (2/370.8/NVL) GPU/0-af000 (2/370.8/NVL) GPU/0-bf000 (0/5000.0/LOC) GPU/0-cf000 (2/370.8/NVL) GPU/0-df000 (2/370.8/NVL) GPU/0-ef000 (2/370.8/NVL) NVS/0-0 (1/370.8/NVL) CPU/0-0 (3/22.0/SYS) CPU/0-1 (2/48.0/PHB) 
furious-puma-1:127997:128346 [1] NCCL INFO GPU/0-cf000 :GPU/0-7f000 (2/370.8/NVL) GPU/0-8f000 (2/370.8/NVL) GPU/0-9f000 (2/370.8/NVL) GPU/0-af000 (2/370.8/NVL) GPU/0-bf000 (2/370.8/NVL) GPU/0-cf000 (0/5000.0/LOC) GPU/0-df000 (2/370.8/NVL) GPU/0-ef000 (2/370.8/NVL) NVS/0-0 (1/370.8/NVL) CPU/0-0 (3/22.0/SYS) CPU/0-1 (2/48.0/PHB) 
furious-puma-1:127997:128346 [1] NCCL INFO GPU/0-df000 :GPU/0-7f000 (2/370.8/NVL) GPU/0-8f000 (2/370.8/NVL) GPU/0-9f000 (2/370.8/NVL) GPU/0-af000 (2/370.8/NVL) GPU/0-bf000 (2/370.8/NVL) GPU/0-cf000 (2/370.8/NVL) GPU/0-df000 (0/5000.0/LOC) GPU/0-ef000 (2/370.8/NVL) NVS/0-0 (1/370.8/NVL) CPU/0-0 (3/22.0/SYS) CPU/0-1 (2/48.0/PHB) 
furious-puma-1:127997:128346 [1] NCCL INFO GPU/0-ef000 :GPU/0-7f000 (2/370.8/NVL) GPU/0-8f000 (2/370.8/NVL) GPU/0-9f000 (2/370.8/NVL) GPU/0-af000 (2/370.8/NVL) GPU/0-bf000 (2/370.8/NVL) GPU/0-cf000 (2/370.8/NVL) GPU/0-df000 (2/370.8/NVL) GPU/0-ef000 (0/5000.0/LOC) NVS/0-0 (1/370.8/NVL) CPU/0-0 (3/22.0/SYS) CPU/0-1 (2/48.0/PHB) 
furious-puma-1:127997:128346 [1] NCCL INFO Setting affinity for GPU 1 to 0-79
furious-puma-1:127997:128346 [1] NCCL INFO NVLS multicast support is available on dev 1 (NVLS_NCHANNELS 16)
furious-puma-1:128000:128333 [4] NCCL INFO === System : maxBw 370.8 totalBw 370.8 ===
furious-puma-1:128000:128333 [4] NCCL INFO CPU/0-0 (1/1/3)
furious-puma-1:128000:128333 [4] NCCL INFO + PCI[48.0] - PCI/0-ffffff010 (0)
furious-puma-1:128000:128333 [4] NCCL INFO               + PCI[48.0] - GPU/0-7f000 (0)
furious-puma-1:128000:128333 [4] NCCL INFO                             + NVL[370.8] - NVS/0-0
furious-puma-1:128000:128333 [4] NCCL INFO               + PCI[48.0] - NIC/0-80000
furious-puma-1:128000:128333 [4] NCCL INFO + PCI[48.0] - PCI/0-ffffff020 (0)
furious-puma-1:128000:128333 [4] NCCL INFO               + PCI[48.0] - NIC/0-90000
furious-puma-1:128000:128333 [4] NCCL INFO               + PCI[48.0] - GPU/0-8f000 (1)
furious-puma-1:128000:128333 [4] NCCL INFO                             + NVL[370.8] - NVS/0-0
furious-puma-1:128000:128333 [4] NCCL INFO + PCI[48.0] - PCI/0-ffffff030 (0)
furious-puma-1:128000:128333 [4] NCCL INFO               + PCI[48.0] - NIC/0-a0000
furious-puma-1:128000:128333 [4] NCCL INFO               + PCI[48.0] - GPU/0-9f000 (2)
furious-puma-1:128000:128333 [4] NCCL INFO                             + NVL[370.8] - NVS/0-0
furious-puma-1:128000:128333 [4] NCCL INFO + PCI[48.0] - PCI/0-ffffff040 (0)
furious-puma-1:128000:128333 [4] NCCL INFO               + PCI[48.0] - NIC/0-b0000
furious-puma-1:128000:128333 [4] NCCL INFO               + PCI[48.0] - GPU/0-af000 (3)
furious-puma-1:128000:128333 [4] NCCL INFO                             + NVL[370.8] - NVS/0-0
furious-puma-1:128000:128333 [4] NCCL INFO + SYS[22.0] - CPU/0-1
furious-puma-1:128000:128333 [4] NCCL INFO CPU/0-1 (1/1/3)
furious-puma-1:128000:128333 [4] NCCL INFO + PCI[48.0] - PCI/0-ffffff050 (0)
furious-puma-1:128000:128333 [4] NCCL INFO               + PCI[48.0] - NIC/0-c0000
furious-puma-1:128000:128333 [4] NCCL INFO               + PCI[48.0] - GPU/0-bf000 (4)
furious-puma-1:128000:128333 [4] NCCL INFO                             + NVL[370.8] - NVS/0-0
furious-puma-1:128000:128333 [4] NCCL INFO + PCI[48.0] - PCI/0-ffffff060 (0)
furious-puma-1:128000:128333 [4] NCCL INFO               + PCI[48.0] - NIC/0-d0000
furious-puma-1:128000:128333 [4] NCCL INFO               + PCI[48.0] - GPU/0-cf000 (5)
furious-puma-1:128000:128333 [4] NCCL INFO                             + NVL[370.8] - NVS/0-0
furious-puma-1:128000:128333 [4] NCCL INFO + PCI[48.0] - PCI/0-ffffff070 (0)
furious-puma-1:128000:128333 [4] NCCL INFO               + PCI[48.0] - NIC/0-e0000
furious-puma-1:128000:128333 [4] NCCL INFO               + PCI[48.0] - GPU/0-df000 (6)
furious-puma-1:128000:128333 [4] NCCL INFO                             + NVL[370.8] - NVS/0-0
furious-puma-1:128000:128333 [4] NCCL INFO + PCI[48.0] - PCI/0-ffffff080 (0)
furious-puma-1:128000:128333 [4] NCCL INFO               + PCI[48.0] - NIC/0-f0000
furious-puma-1:128000:128333 [4] NCCL INFO               + PCI[48.0] - GPU/0-ef000 (7)
furious-puma-1:128000:128333 [4] NCCL INFO                             + NVL[370.8] - NVS/0-0
furious-puma-1:128000:128333 [4] NCCL INFO + SYS[22.0] - CPU/0-0
furious-puma-1:128000:128333 [4] NCCL INFO ==========================================
furious-puma-1:128000:128333 [4] NCCL INFO GPU/0-7f000 :GPU/0-7f000 (0/5000.0/LOC) GPU/0-8f000 (2/370.8/NVL) GPU/0-9f000 (2/370.8/NVL) GPU/0-af000 (2/370.8/NVL) GPU/0-bf000 (2/370.8/NVL) GPU/0-cf000 (2/370.8/NVL) GPU/0-df000 (2/370.8/NVL) GPU/0-ef000 (2/370.8/NVL) NVS/0-0 (1/370.8/NVL) CPU/0-0 (2/48.0/PHB) CPU/0-1 (3/22.0/SYS) 
furious-puma-1:128000:128333 [4] NCCL INFO GPU/0-8f000 :GPU/0-7f000 (2/370.8/NVL) GPU/0-8f000 (0/5000.0/LOC) GPU/0-9f000 (2/370.8/NVL) GPU/0-af000 (2/370.8/NVL) GPU/0-bf000 (2/370.8/NVL) GPU/0-cf000 (2/370.8/NVL) GPU/0-df000 (2/370.8/NVL) GPU/0-ef000 (2/370.8/NVL) NVS/0-0 (1/370.8/NVL) CPU/0-0 (2/48.0/PHB) CPU/0-1 (3/22.0/SYS) 
furious-puma-1:128000:128333 [4] NCCL INFO GPU/0-9f000 :GPU/0-7f000 (2/370.8/NVL) GPU/0-8f000 (2/370.8/NVL) GPU/0-9f000 (0/5000.0/LOC) GPU/0-af000 (2/370.8/NVL) GPU/0-bf000 (2/370.8/NVL) GPU/0-cf000 (2/370.8/NVL) GPU/0-df000 (2/370.8/NVL) GPU/0-ef000 (2/370.8/NVL) NVS/0-0 (1/370.8/NVL) CPU/0-0 (2/48.0/PHB) CPU/0-1 (3/22.0/SYS) 
furious-puma-1:128000:128333 [4] NCCL INFO GPU/0-af000 :GPU/0-7f000 (2/370.8/NVL) GPU/0-8f000 (2/370.8/NVL) GPU/0-9f000 (2/370.8/NVL) GPU/0-af000 (0/5000.0/LOC) GPU/0-bf000 (2/370.8/NVL) GPU/0-cf000 (2/370.8/NVL) GPU/0-df000 (2/370.8/NVL) GPU/0-ef000 (2/370.8/NVL) NVS/0-0 (1/370.8/NVL) CPU/0-0 (2/48.0/PHB) CPU/0-1 (3/22.0/SYS) 
furious-puma-1:128000:128333 [4] NCCL INFO GPU/0-bf000 :GPU/0-7f000 (2/370.8/NVL) GPU/0-8f000 (2/370.8/NVL) GPU/0-9f000 (2/370.8/NVL) GPU/0-af000 (2/370.8/NVL) GPU/0-bf000 (0/5000.0/LOC) GPU/0-cf000 (2/370.8/NVL) GPU/0-df000 (2/370.8/NVL) GPU/0-ef000 (2/370.8/NVL) NVS/0-0 (1/370.8/NVL) CPU/0-0 (3/22.0/SYS) CPU/0-1 (2/48.0/PHB) 
furious-puma-1:128000:128333 [4] NCCL INFO GPU/0-cf000 :GPU/0-7f000 (2/370.8/NVL) GPU/0-8f000 (2/370.8/NVL) GPU/0-9f000 (2/370.8/NVL) GPU/0-af000 (2/370.8/NVL) GPU/0-bf000 (2/370.8/NVL) GPU/0-cf000 (0/5000.0/LOC) GPU/0-df000 (2/370.8/NVL) GPU/0-ef000 (2/370.8/NVL) NVS/0-0 (1/370.8/NVL) CPU/0-0 (3/22.0/SYS) CPU/0-1 (2/48.0/PHB) 
furious-puma-1:128000:128333 [4] NCCL INFO GPU/0-df000 :GPU/0-7f000 (2/370.8/NVL) GPU/0-8f000 (2/370.8/NVL) GPU/0-9f000 (2/370.8/NVL) GPU/0-af000 (2/370.8/NVL) GPU/0-bf000 (2/370.8/NVL) GPU/0-cf000 (2/370.8/NVL) GPU/0-df000 (0/5000.0/LOC) GPU/0-ef000 (2/370.8/NVL) NVS/0-0 (1/370.8/NVL) CPU/0-0 (3/22.0/SYS) CPU/0-1 (2/48.0/PHB) 
furious-puma-1:128000:128333 [4] NCCL INFO GPU/0-ef000 :GPU/0-7f000 (2/370.8/NVL) GPU/0-8f000 (2/370.8/NVL) GPU/0-9f000 (2/370.8/NVL) GPU/0-af000 (2/370.8/NVL) GPU/0-bf000 (2/370.8/NVL) GPU/0-cf000 (2/370.8/NVL) GPU/0-df000 (2/370.8/NVL) GPU/0-ef000 (0/5000.0/LOC) NVS/0-0 (1/370.8/NVL) CPU/0-0 (3/22.0/SYS) CPU/0-1 (2/48.0/PHB) 
furious-puma-1:128000:128333 [4] NCCL INFO Setting affinity for GPU 4 to 80-159
furious-puma-1:128000:128333 [4] NCCL INFO NVLS multicast support is available on dev 4 (NVLS_NCHANNELS 16)
furious-puma-1:127999:128332 [3] NCCL INFO NVLS multicast support is available on dev 3 (NVLS_NCHANNELS 16)
furious-puma-1:128001:128334 [5] NCCL INFO === System : maxBw 370.8 totalBw 370.8 ===
furious-puma-1:128001:128334 [5] NCCL INFO CPU/0-0 (1/1/3)
furious-puma-1:128001:128334 [5] NCCL INFO + PCI[48.0] - PCI/0-ffffff010 (0)
furious-puma-1:128001:128334 [5] NCCL INFO               + PCI[48.0] - GPU/0-7f000 (0)
furious-puma-1:128001:128334 [5] NCCL INFO                             + NVL[370.8] - NVS/0-0
furious-puma-1:128001:128334 [5] NCCL INFO               + PCI[48.0] - NIC/0-80000
furious-puma-1:128001:128334 [5] NCCL INFO + PCI[48.0] - PCI/0-ffffff020 (0)
furious-puma-1:128001:128334 [5] NCCL INFO               + PCI[48.0] - NIC/0-90000
furious-puma-1:128001:128334 [5] NCCL INFO               + PCI[48.0] - GPU/0-8f000 (1)
furious-puma-1:128001:128334 [5] NCCL INFO                             + NVL[370.8] - NVS/0-0
furious-puma-1:128001:128334 [5] NCCL INFO + PCI[48.0] - PCI/0-ffffff030 (0)
furious-puma-1:128001:128334 [5] NCCL INFO               + PCI[48.0] - NIC/0-a0000
furious-puma-1:128001:128334 [5] NCCL INFO               + PCI[48.0] - GPU/0-9f000 (2)
furious-puma-1:128001:128334 [5] NCCL INFO                             + NVL[370.8] - NVS/0-0
furious-puma-1:128001:128334 [5] NCCL INFO + PCI[48.0] - PCI/0-ffffff040 (0)
furious-puma-1:128001:128334 [5] NCCL INFO               + PCI[48.0] - NIC/0-b0000
furious-puma-1:128001:128334 [5] NCCL INFO               + PCI[48.0] - GPU/0-af000 (3)
furious-puma-1:128001:128334 [5] NCCL INFO                             + NVL[370.8] - NVS/0-0
furious-puma-1:128001:128334 [5] NCCL INFO + SYS[22.0] - CPU/0-1
furious-puma-1:128001:128334 [5] NCCL INFO CPU/0-1 (1/1/3)
furious-puma-1:128001:128334 [5] NCCL INFO + PCI[48.0] - PCI/0-ffffff050 (0)
furious-puma-1:128001:128334 [5] NCCL INFO               + PCI[48.0] - NIC/0-c0000
furious-puma-1:128001:128334 [5] NCCL INFO               + PCI[48.0] - GPU/0-bf000 (4)
furious-puma-1:128001:128334 [5] NCCL INFO                             + NVL[370.8] - NVS/0-0
furious-puma-1:128001:128334 [5] NCCL INFO + PCI[48.0] - PCI/0-ffffff060 (0)
furious-puma-1:128001:128334 [5] NCCL INFO               + PCI[48.0] - NIC/0-d0000
furious-puma-1:128001:128334 [5] NCCL INFO               + PCI[48.0] - GPU/0-cf000 (5)
furious-puma-1:128001:128334 [5] NCCL INFO                             + NVL[370.8] - NVS/0-0
furious-puma-1:128001:128334 [5] NCCL INFO + PCI[48.0] - PCI/0-ffffff070 (0)
furious-puma-1:128001:128334 [5] NCCL INFO               + PCI[48.0] - NIC/0-e0000
furious-puma-1:128001:128334 [5] NCCL INFO               + PCI[48.0] - GPU/0-df000 (6)
furious-puma-1:128001:128334 [5] NCCL INFO                             + NVL[370.8] - NVS/0-0
furious-puma-1:128001:128334 [5] NCCL INFO + PCI[48.0] - PCI/0-ffffff080 (0)
furious-puma-1:128001:128334 [5] NCCL INFO               + PCI[48.0] - NIC/0-f0000
furious-puma-1:128001:128334 [5] NCCL INFO               + PCI[48.0] - GPU/0-ef000 (7)
furious-puma-1:128001:128334 [5] NCCL INFO                             + NVL[370.8] - NVS/0-0
furious-puma-1:128001:128334 [5] NCCL INFO + SYS[22.0] - CPU/0-0
furious-puma-1:128001:128334 [5] NCCL INFO ==========================================
furious-puma-1:128001:128334 [5] NCCL INFO GPU/0-7f000 :GPU/0-7f000 (0/5000.0/LOC) GPU/0-8f000 (2/370.8/NVL) GPU/0-9f000 (2/370.8/NVL) GPU/0-af000 (2/370.8/NVL) GPU/0-bf000 (2/370.8/NVL) GPU/0-cf000 (2/370.8/NVL) GPU/0-df000 (2/370.8/NVL) GPU/0-ef000 (2/370.8/NVL) NVS/0-0 (1/370.8/NVL) CPU/0-0 (2/48.0/PHB) CPU/0-1 (3/22.0/SYS) 
furious-puma-1:128001:128334 [5] NCCL INFO GPU/0-8f000 :GPU/0-7f000 (2/370.8/NVL) GPU/0-8f000 (0/5000.0/LOC) GPU/0-9f000 (2/370.8/NVL) GPU/0-af000 (2/370.8/NVL) GPU/0-bf000 (2/370.8/NVL) GPU/0-cf000 (2/370.8/NVL) GPU/0-df000 (2/370.8/NVL) GPU/0-ef000 (2/370.8/NVL) NVS/0-0 (1/370.8/NVL) CPU/0-0 (2/48.0/PHB) CPU/0-1 (3/22.0/SYS) 
furious-puma-1:128001:128334 [5] NCCL INFO GPU/0-9f000 :GPU/0-7f000 (2/370.8/NVL) GPU/0-8f000 (2/370.8/NVL) GPU/0-9f000 (0/5000.0/LOC) GPU/0-af000 (2/370.8/NVL) GPU/0-bf000 (2/370.8/NVL) GPU/0-cf000 (2/370.8/NVL) GPU/0-df000 (2/370.8/NVL) GPU/0-ef000 (2/370.8/NVL) NVS/0-0 (1/370.8/NVL) CPU/0-0 (2/48.0/PHB) CPU/0-1 (3/22.0/SYS) 
furious-puma-1:128001:128334 [5] NCCL INFO GPU/0-af000 :GPU/0-7f000 (2/370.8/NVL) GPU/0-8f000 (2/370.8/NVL) GPU/0-9f000 (2/370.8/NVL) GPU/0-af000 (0/5000.0/LOC) GPU/0-bf000 (2/370.8/NVL) GPU/0-cf000 (2/370.8/NVL) GPU/0-df000 (2/370.8/NVL) GPU/0-ef000 (2/370.8/NVL) NVS/0-0 (1/370.8/NVL) CPU/0-0 (2/48.0/PHB) CPU/0-1 (3/22.0/SYS) 
furious-puma-1:128001:128334 [5] NCCL INFO GPU/0-bf000 :GPU/0-7f000 (2/370.8/NVL) GPU/0-8f000 (2/370.8/NVL) GPU/0-9f000 (2/370.8/NVL) GPU/0-af000 (2/370.8/NVL) GPU/0-bf000 (0/5000.0/LOC) GPU/0-cf000 (2/370.8/NVL) GPU/0-df000 (2/370.8/NVL) GPU/0-ef000 (2/370.8/NVL) NVS/0-0 (1/370.8/NVL) CPU/0-0 (3/22.0/SYS) CPU/0-1 (2/48.0/PHB) 
furious-puma-1:128001:128334 [5] NCCL INFO GPU/0-cf000 :GPU/0-7f000 (2/370.8/NVL) GPU/0-8f000 (2/370.8/NVL) GPU/0-9f000 (2/370.8/NVL) GPU/0-af000 (2/370.8/NVL) GPU/0-bf000 (2/370.8/NVL) GPU/0-cf000 (0/5000.0/LOC) GPU/0-df000 (2/370.8/NVL) GPU/0-ef000 (2/370.8/NVL) NVS/0-0 (1/370.8/NVL) CPU/0-0 (3/22.0/SYS) CPU/0-1 (2/48.0/PHB) 
furious-puma-1:128001:128334 [5] NCCL INFO GPU/0-df000 :GPU/0-7f000 (2/370.8/NVL) GPU/0-8f000 (2/370.8/NVL) GPU/0-9f000 (2/370.8/NVL) GPU/0-af000 (2/370.8/NVL) GPU/0-bf000 (2/370.8/NVL) GPU/0-cf000 (2/370.8/NVL) GPU/0-df000 (0/5000.0/LOC) GPU/0-ef000 (2/370.8/NVL) NVS/0-0 (1/370.8/NVL) CPU/0-0 (3/22.0/SYS) CPU/0-1 (2/48.0/PHB) 
furious-puma-1:128001:128334 [5] NCCL INFO GPU/0-ef000 :GPU/0-7f000 (2/370.8/NVL) GPU/0-8f000 (2/370.8/NVL) GPU/0-9f000 (2/370.8/NVL) GPU/0-af000 (2/370.8/NVL) GPU/0-bf000 (2/370.8/NVL) GPU/0-cf000 (2/370.8/NVL) GPU/0-df000 (2/370.8/NVL) GPU/0-ef000 (0/5000.0/LOC) NVS/0-0 (1/370.8/NVL) CPU/0-0 (3/22.0/SYS) CPU/0-1 (2/48.0/PHB) 
furious-puma-1:128001:128334 [5] NCCL INFO Setting affinity for GPU 5 to 80-159
furious-puma-1:128001:128334 [5] NCCL INFO NVLS multicast support is available on dev 5 (NVLS_NCHANNELS 16)
furious-puma-1:127998:128337 [2] NCCL INFO Pattern 4, crossNic 0, nChannels 12, bw 30.000000/30.000000, type NVL/PIX, sameChannels 1
furious-puma-1:127998:128337 [2] NCCL INFO  0 : GPU/0-7f000 GPU/0-8f000 GPU/0-9f000 GPU/0-af000 GPU/0-bf000 GPU/0-cf000 GPU/0-df000 GPU/0-ef000
furious-puma-1:127998:128337 [2] NCCL INFO  1 : GPU/0-7f000 GPU/0-8f000 GPU/0-9f000 GPU/0-af000 GPU/0-bf000 GPU/0-cf000 GPU/0-df000 GPU/0-ef000
furious-puma-1:127998:128337 [2] NCCL INFO  2 : GPU/0-7f000 GPU/0-8f000 GPU/0-9f000 GPU/0-af000 GPU/0-bf000 GPU/0-cf000 GPU/0-df000 GPU/0-ef000
furious-puma-1:127998:128337 [2] NCCL INFO  3 : GPU/0-7f000 GPU/0-8f000 GPU/0-9f000 GPU/0-af000 GPU/0-bf000 GPU/0-cf000 GPU/0-df000 GPU/0-ef000
furious-puma-1:127998:128337 [2] NCCL INFO  4 : GPU/0-7f000 GPU/0-8f000 GPU/0-9f000 GPU/0-af000 GPU/0-bf000 GPU/0-cf000 GPU/0-df000 GPU/0-ef000
furious-puma-1:127998:128337 [2] NCCL INFO  5 : GPU/0-7f000 GPU/0-8f000 GPU/0-9f000 GPU/0-af000 GPU/0-bf000 GPU/0-cf000 GPU/0-df000 GPU/0-ef000
furious-puma-1:127998:128337 [2] NCCL INFO  6 : GPU/0-7f000 GPU/0-8f000 GPU/0-9f000 GPU/0-af000 GPU/0-bf000 GPU/0-cf000 GPU/0-df000 GPU/0-ef000
furious-puma-1:127998:128337 [2] NCCL INFO  7 : GPU/0-7f000 GPU/0-8f000 GPU/0-9f000 GPU/0-af000 GPU/0-bf000 GPU/0-cf000 GPU/0-df000 GPU/0-ef000
furious-puma-1:127998:128337 [2] NCCL INFO  8 : GPU/0-7f000 GPU/0-8f000 GPU/0-9f000 GPU/0-af000 GPU/0-bf000 GPU/0-cf000 GPU/0-df000 GPU/0-ef000
furious-puma-1:127998:128337 [2] NCCL INFO  9 : GPU/0-7f000 GPU/0-8f000 GPU/0-9f000 GPU/0-af000 GPU/0-bf000 GPU/0-cf000 GPU/0-df000 GPU/0-ef000
furious-puma-1:127998:128337 [2] NCCL INFO 10 : GPU/0-7f000 GPU/0-8f000 GPU/0-9f000 GPU/0-af000 GPU/0-bf000 GPU/0-cf000 GPU/0-df000 GPU/0-ef000
furious-puma-1:127998:128337 [2] NCCL INFO 11 : GPU/0-7f000 GPU/0-8f000 GPU/0-9f000 GPU/0-af000 GPU/0-bf000 GPU/0-cf000 GPU/0-df000 GPU/0-ef000
furious-puma-1:127998:128337 [2] NCCL INFO Pattern 1, crossNic 0, nChannels 12, bw 30.000000/30.000000, type NVL/PIX, sameChannels 1
furious-puma-1:127998:128337 [2] NCCL INFO  0 : GPU/0-7f000 GPU/0-8f000 GPU/0-9f000 GPU/0-af000 GPU/0-bf000 GPU/0-cf000 GPU/0-df000 GPU/0-ef000
furious-puma-1:127998:128337 [2] NCCL INFO  1 : GPU/0-7f000 GPU/0-8f000 GPU/0-9f000 GPU/0-af000 GPU/0-bf000 GPU/0-cf000 GPU/0-df000 GPU/0-ef000
furious-puma-1:127998:128337 [2] NCCL INFO  2 : GPU/0-7f000 GPU/0-8f000 GPU/0-9f000 GPU/0-af000 GPU/0-bf000 GPU/0-cf000 GPU/0-df000 GPU/0-ef000
furious-puma-1:127998:128337 [2] NCCL INFO  3 : GPU/0-7f000 GPU/0-8f000 GPU/0-9f000 GPU/0-af000 GPU/0-bf000 GPU/0-cf000 GPU/0-df000 GPU/0-ef000
furious-puma-1:127998:128337 [2] NCCL INFO  4 : GPU/0-7f000 GPU/0-8f000 GPU/0-9f000 GPU/0-af000 GPU/0-bf000 GPU/0-cf000 GPU/0-df000 GPU/0-ef000
furious-puma-1:127998:128337 [2] NCCL INFO  5 : GPU/0-7f000 GPU/0-8f000 GPU/0-9f000 GPU/0-af000 GPU/0-bf000 GPU/0-cf000 GPU/0-df000 GPU/0-ef000
furious-puma-1:127998:128337 [2] NCCL INFO  6 : GPU/0-7f000 GPU/0-8f000 GPU/0-9f000 GPU/0-af000 GPU/0-bf000 GPU/0-cf000 GPU/0-df000 GPU/0-ef000
furious-puma-1:127998:128337 [2] NCCL INFO  7 : GPU/0-7f000 GPU/0-8f000 GPU/0-9f000 GPU/0-af000 GPU/0-bf000 GPU/0-cf000 GPU/0-df000 GPU/0-ef000
furious-puma-1:127998:128337 [2] NCCL INFO  8 : GPU/0-7f000 GPU/0-8f000 GPU/0-9f000 GPU/0-af000 GPU/0-bf000 GPU/0-cf000 GPU/0-df000 GPU/0-ef000
furious-puma-1:127998:128337 [2] NCCL INFO  9 : GPU/0-7f000 GPU/0-8f000 GPU/0-9f000 GPU/0-af000 GPU/0-bf000 GPU/0-cf000 GPU/0-df000 GPU/0-ef000
furious-puma-1:127998:128337 [2] NCCL INFO 10 : GPU/0-7f000 GPU/0-8f000 GPU/0-9f000 GPU/0-af000 GPU/0-bf000 GPU/0-cf000 GPU/0-df000 GPU/0-ef000
furious-puma-1:127998:128337 [2] NCCL INFO 11 : GPU/0-7f000 GPU/0-8f000 GPU/0-9f000 GPU/0-af000 GPU/0-bf000 GPU/0-cf000 GPU/0-df000 GPU/0-ef000
furious-puma-1:127998:128337 [2] NCCL INFO Pattern 5, crossNic 0, nChannels 8, bw 40.000000/60.000000, type NVL/PIX, sameChannels 0
furious-puma-1:127998:128337 [2] NCCL INFO  0 : GPU/0-7f000
furious-puma-1:127998:128337 [2] NCCL INFO  1 : GPU/0-8f000
furious-puma-1:127998:128337 [2] NCCL INFO  2 : GPU/0-9f000
furious-puma-1:127998:128337 [2] NCCL INFO  3 : GPU/0-af000
furious-puma-1:127998:128337 [2] NCCL INFO  4 : GPU/0-bf000
furious-puma-1:127998:128337 [2] NCCL INFO  5 : GPU/0-cf000
furious-puma-1:127998:128337 [2] NCCL INFO  6 : GPU/0-df000
furious-puma-1:127998:128337 [2] NCCL INFO  7 : GPU/0-ef000
furious-puma-1:128001:128334 [5] NCCL INFO Pattern 4, crossNic 0, nChannels 12, bw 30.000000/30.000000, type NVL/PIX, sameChannels 1
furious-puma-1:128001:128334 [5] NCCL INFO  0 : GPU/0-7f000 GPU/0-8f000 GPU/0-9f000 GPU/0-af000 GPU/0-bf000 GPU/0-cf000 GPU/0-df000 GPU/0-ef000
furious-puma-1:128001:128334 [5] NCCL INFO  1 : GPU/0-7f000 GPU/0-8f000 GPU/0-9f000 GPU/0-af000 GPU/0-bf000 GPU/0-cf000 GPU/0-df000 GPU/0-ef000
furious-puma-1:128001:128334 [5] NCCL INFO  2 : GPU/0-7f000 GPU/0-8f000 GPU/0-9f000 GPU/0-af000 GPU/0-bf000 GPU/0-cf000 GPU/0-df000 GPU/0-ef000
furious-puma-1:128001:128334 [5] NCCL INFO  3 : GPU/0-7f000 GPU/0-8f000 GPU/0-9f000 GPU/0-af000 GPU/0-bf000 GPU/0-cf000 GPU/0-df000 GPU/0-ef000
furious-puma-1:128001:128334 [5] NCCL INFO  4 : GPU/0-7f000 GPU/0-8f000 GPU/0-9f000 GPU/0-af000 GPU/0-bf000 GPU/0-cf000 GPU/0-df000 GPU/0-ef000
furious-puma-1:128001:128334 [5] NCCL INFO  5 : GPU/0-7f000 GPU/0-8f000 GPU/0-9f000 GPU/0-af000 GPU/0-bf000 GPU/0-cf000 GPU/0-df000 GPU/0-ef000
furious-puma-1:128001:128334 [5] NCCL INFO  6 : GPU/0-7f000 GPU/0-8f000 GPU/0-9f000 GPU/0-af000 GPU/0-bf000 GPU/0-cf000 GPU/0-df000 GPU/0-ef000
furious-puma-1:128001:128334 [5] NCCL INFO  7 : GPU/0-7f000 GPU/0-8f000 GPU/0-9f000 GPU/0-af000 GPU/0-bf000 GPU/0-cf000 GPU/0-df000 GPU/0-ef000
furious-puma-1:128001:128334 [5] NCCL INFO  8 : GPU/0-7f000 GPU/0-8f000 GPU/0-9f000 GPU/0-af000 GPU/0-bf000 GPU/0-cf000 GPU/0-df000 GPU/0-ef000
furious-puma-1:128001:128334 [5] NCCL INFO  9 : GPU/0-7f000 GPU/0-8f000 GPU/0-9f000 GPU/0-af000 GPU/0-bf000 GPU/0-cf000 GPU/0-df000 GPU/0-ef000
furious-puma-1:128001:128334 [5] NCCL INFO 10 : GPU/0-7f000 GPU/0-8f000 GPU/0-9f000 GPU/0-af000 GPU/0-bf000 GPU/0-cf000 GPU/0-df000 GPU/0-ef000
furious-puma-1:128001:128334 [5] NCCL INFO 11 : GPU/0-7f000 GPU/0-8f000 GPU/0-9f000 GPU/0-af000 GPU/0-bf000 GPU/0-cf000 GPU/0-df000 GPU/0-ef000
furious-puma-1:128001:128334 [5] NCCL INFO Pattern 1, crossNic 0, nChannels 12, bw 30.000000/30.000000, type NVL/PIX, sameChannels 1
furious-puma-1:128001:128334 [5] NCCL INFO  0 : GPU/0-7f000 GPU/0-8f000 GPU/0-9f000 GPU/0-af000 GPU/0-bf000 GPU/0-cf000 GPU/0-df000 GPU/0-ef000
furious-puma-1:128001:128334 [5] NCCL INFO  1 : GPU/0-7f000 GPU/0-8f000 GPU/0-9f000 GPU/0-af000 GPU/0-bf000 GPU/0-cf000 GPU/0-df000 GPU/0-ef000
furious-puma-1:128001:128334 [5] NCCL INFO  2 : GPU/0-7f000 GPU/0-8f000 GPU/0-9f000 GPU/0-af000 GPU/0-bf000 GPU/0-cf000 GPU/0-df000 GPU/0-ef000
furious-puma-1:128001:128334 [5] NCCL INFO  3 : GPU/0-7f000 GPU/0-8f000 GPU/0-9f000 GPU/0-af000 GPU/0-bf000 GPU/0-cf000 GPU/0-df000 GPU/0-ef000
furious-puma-1:128001:128334 [5] NCCL INFO  4 : GPU/0-7f000 GPU/0-8f000 GPU/0-9f000 GPU/0-af000 GPU/0-bf000 GPU/0-cf000 GPU/0-df000 GPU/0-ef000
furious-puma-1:128001:128334 [5] NCCL INFO  5 : GPU/0-7f000 GPU/0-8f000 GPU/0-9f000 GPU/0-af000 GPU/0-bf000 GPU/0-cf000 GPU/0-df000 GPU/0-ef000
furious-puma-1:128001:128334 [5] NCCL INFO  6 : GPU/0-7f000 GPU/0-8f000 GPU/0-9f000 GPU/0-af000 GPU/0-bf000 GPU/0-cf000 GPU/0-df000 GPU/0-ef000
furious-puma-1:128001:128334 [5] NCCL INFO  7 : GPU/0-7f000 GPU/0-8f000 GPU/0-9f000 GPU/0-af000 GPU/0-bf000 GPU/0-cf000 GPU/0-df000 GPU/0-ef000
furious-puma-1:128001:128334 [5] NCCL INFO  8 : GPU/0-7f000 GPU/0-8f000 GPU/0-9f000 GPU/0-af000 GPU/0-bf000 GPU/0-cf000 GPU/0-df000 GPU/0-ef000
furious-puma-1:128001:128334 [5] NCCL INFO  9 : GPU/0-7f000 GPU/0-8f000 GPU/0-9f000 GPU/0-af000 GPU/0-bf000 GPU/0-cf000 GPU/0-df000 GPU/0-ef000
furious-puma-1:128001:128334 [5] NCCL INFO 10 : GPU/0-7f000 GPU/0-8f000 GPU/0-9f000 GPU/0-af000 GPU/0-bf000 GPU/0-cf000 GPU/0-df000 GPU/0-ef000
furious-puma-1:128001:128334 [5] NCCL INFO 11 : GPU/0-7f000 GPU/0-8f000 GPU/0-9f000 GPU/0-af000 GPU/0-bf000 GPU/0-cf000 GPU/0-df000 GPU/0-ef000
furious-puma-1:128001:128334 [5] NCCL INFO Pattern 5, crossNic 0, nChannels 8, bw 40.000000/60.000000, type NVL/PIX, sameChannels 0
furious-puma-1:128001:128334 [5] NCCL INFO  0 : GPU/0-7f000
furious-puma-1:128001:128334 [5] NCCL INFO  1 : GPU/0-8f000
furious-puma-1:128001:128334 [5] NCCL INFO  2 : GPU/0-9f000
furious-puma-1:128001:128334 [5] NCCL INFO  3 : GPU/0-af000
furious-puma-1:128001:128334 [5] NCCL INFO  4 : GPU/0-bf000
furious-puma-1:128001:128334 [5] NCCL INFO  5 : GPU/0-cf000
furious-puma-1:128001:128334 [5] NCCL INFO  6 : GPU/0-df000
furious-puma-1:128001:128334 [5] NCCL INFO  7 : GPU/0-ef000
furious-puma-1:128000:128333 [4] NCCL INFO Pattern 4, crossNic 0, nChannels 12, bw 30.000000/30.000000, type NVL/PIX, sameChannels 1
furious-puma-1:128000:128333 [4] NCCL INFO  0 : GPU/0-7f000 GPU/0-8f000 GPU/0-9f000 GPU/0-af000 GPU/0-bf000 GPU/0-cf000 GPU/0-df000 GPU/0-ef000
furious-puma-1:128000:128333 [4] NCCL INFO  1 : GPU/0-7f000 GPU/0-8f000 GPU/0-9f000 GPU/0-af000 GPU/0-bf000 GPU/0-cf000 GPU/0-df000 GPU/0-ef000
furious-puma-1:128000:128333 [4] NCCL INFO  2 : GPU/0-7f000 GPU/0-8f000 GPU/0-9f000 GPU/0-af000 GPU/0-bf000 GPU/0-cf000 GPU/0-df000 GPU/0-ef000
furious-puma-1:128000:128333 [4] NCCL INFO  3 : GPU/0-7f000 GPU/0-8f000 GPU/0-9f000 GPU/0-af000 GPU/0-bf000 GPU/0-cf000 GPU/0-df000 GPU/0-ef000
furious-puma-1:128000:128333 [4] NCCL INFO  4 : GPU/0-7f000 GPU/0-8f000 GPU/0-9f000 GPU/0-af000 GPU/0-bf000 GPU/0-cf000 GPU/0-df000 GPU/0-ef000
furious-puma-1:128000:128333 [4] NCCL INFO  5 : GPU/0-7f000 GPU/0-8f000 GPU/0-9f000 GPU/0-af000 GPU/0-bf000 GPU/0-cf000 GPU/0-df000 GPU/0-ef000
furious-puma-1:128000:128333 [4] NCCL INFO  6 : GPU/0-7f000 GPU/0-8f000 GPU/0-9f000 GPU/0-af000 GPU/0-bf000 GPU/0-cf000 GPU/0-df000 GPU/0-ef000
furious-puma-1:128000:128333 [4] NCCL INFO  7 : GPU/0-7f000 GPU/0-8f000 GPU/0-9f000 GPU/0-af000 GPU/0-bf000 GPU/0-cf000 GPU/0-df000 GPU/0-ef000
furious-puma-1:128000:128333 [4] NCCL INFO  8 : GPU/0-7f000 GPU/0-8f000 GPU/0-9f000 GPU/0-af000 GPU/0-bf000 GPU/0-cf000 GPU/0-df000 GPU/0-ef000
furious-puma-1:128000:128333 [4] NCCL INFO  9 : GPU/0-7f000 GPU/0-8f000 GPU/0-9f000 GPU/0-af000 GPU/0-bf000 GPU/0-cf000 GPU/0-df000 GPU/0-ef000
furious-puma-1:128000:128333 [4] NCCL INFO 10 : GPU/0-7f000 GPU/0-8f000 GPU/0-9f000 GPU/0-af000 GPU/0-bf000 GPU/0-cf000 GPU/0-df000 GPU/0-ef000
furious-puma-1:128000:128333 [4] NCCL INFO 11 : GPU/0-7f000 GPU/0-8f000 GPU/0-9f000 GPU/0-af000 GPU/0-bf000 GPU/0-cf000 GPU/0-df000 GPU/0-ef000
furious-puma-1:128000:128333 [4] NCCL INFO Pattern 1, crossNic 0, nChannels 12, bw 30.000000/30.000000, type NVL/PIX, sameChannels 1
furious-puma-1:128000:128333 [4] NCCL INFO  0 : GPU/0-7f000 GPU/0-8f000 GPU/0-9f000 GPU/0-af000 GPU/0-bf000 GPU/0-cf000 GPU/0-df000 GPU/0-ef000
furious-puma-1:128000:128333 [4] NCCL INFO  1 : GPU/0-7f000 GPU/0-8f000 GPU/0-9f000 GPU/0-af000 GPU/0-bf000 GPU/0-cf000 GPU/0-df000 GPU/0-ef000
furious-puma-1:128000:128333 [4] NCCL INFO  2 : GPU/0-7f000 GPU/0-8f000 GPU/0-9f000 GPU/0-af000 GPU/0-bf000 GPU/0-cf000 GPU/0-df000 GPU/0-ef000
furious-puma-1:128000:128333 [4] NCCL INFO  3 : GPU/0-7f000 GPU/0-8f000 GPU/0-9f000 GPU/0-af000 GPU/0-bf000 GPU/0-cf000 GPU/0-df000 GPU/0-ef000
furious-puma-1:128000:128333 [4] NCCL INFO  4 : GPU/0-7f000 GPU/0-8f000 GPU/0-9f000 GPU/0-af000 GPU/0-bf000 GPU/0-cf000 GPU/0-df000 GPU/0-ef000
furious-puma-1:128000:128333 [4] NCCL INFO  5 : GPU/0-7f000 GPU/0-8f000 GPU/0-9f000 GPU/0-af000 GPU/0-bf000 GPU/0-cf000 GPU/0-df000 GPU/0-ef000
furious-puma-1:128000:128333 [4] NCCL INFO  6 : GPU/0-7f000 GPU/0-8f000 GPU/0-9f000 GPU/0-af000 GPU/0-bf000 GPU/0-cf000 GPU/0-df000 GPU/0-ef000
furious-puma-1:128000:128333 [4] NCCL INFO  7 : GPU/0-7f000 GPU/0-8f000 GPU/0-9f000 GPU/0-af000 GPU/0-bf000 GPU/0-cf000 GPU/0-df000 GPU/0-ef000
furious-puma-1:128000:128333 [4] NCCL INFO  8 : GPU/0-7f000 GPU/0-8f000 GPU/0-9f000 GPU/0-af000 GPU/0-bf000 GPU/0-cf000 GPU/0-df000 GPU/0-ef000
furious-puma-1:128000:128333 [4] NCCL INFO  9 : GPU/0-7f000 GPU/0-8f000 GPU/0-9f000 GPU/0-af000 GPU/0-bf000 GPU/0-cf000 GPU/0-df000 GPU/0-ef000
furious-puma-1:128000:128333 [4] NCCL INFO 10 : GPU/0-7f000 GPU/0-8f000 GPU/0-9f000 GPU/0-af000 GPU/0-bf000 GPU/0-cf000 GPU/0-df000 GPU/0-ef000
furious-puma-1:128000:128333 [4] NCCL INFO 11 : GPU/0-7f000 GPU/0-8f000 GPU/0-9f000 GPU/0-af000 GPU/0-bf000 GPU/0-cf000 GPU/0-df000 GPU/0-ef000
furious-puma-1:128000:128333 [4] NCCL INFO Pattern 5, crossNic 0, nChannels 8, bw 40.000000/60.000000, type NVL/PIX, sameChannels 0
furious-puma-1:128000:128333 [4] NCCL INFO  0 : GPU/0-7f000
furious-puma-1:128000:128333 [4] NCCL INFO  1 : GPU/0-8f000
furious-puma-1:128000:128333 [4] NCCL INFO  2 : GPU/0-9f000
furious-puma-1:128000:128333 [4] NCCL INFO  3 : GPU/0-af000
furious-puma-1:128000:128333 [4] NCCL INFO  4 : GPU/0-bf000
furious-puma-1:128000:128333 [4] NCCL INFO  5 : GPU/0-cf000
furious-puma-1:128000:128333 [4] NCCL INFO  6 : GPU/0-df000
furious-puma-1:128000:128333 [4] NCCL INFO  7 : GPU/0-ef000
furious-puma-1:127997:128346 [1] NCCL INFO Pattern 4, crossNic 0, nChannels 12, bw 30.000000/30.000000, type NVL/PIX, sameChannels 1
furious-puma-1:127997:128346 [1] NCCL INFO  0 : GPU/0-7f000 GPU/0-8f000 GPU/0-9f000 GPU/0-af000 GPU/0-bf000 GPU/0-cf000 GPU/0-df000 GPU/0-ef000
furious-puma-1:127997:128346 [1] NCCL INFO  1 : GPU/0-7f000 GPU/0-8f000 GPU/0-9f000 GPU/0-af000 GPU/0-bf000 GPU/0-cf000 GPU/0-df000 GPU/0-ef000
furious-puma-1:127997:128346 [1] NCCL INFO  2 : GPU/0-7f000 GPU/0-8f000 GPU/0-9f000 GPU/0-af000 GPU/0-bf000 GPU/0-cf000 GPU/0-df000 GPU/0-ef000
furious-puma-1:127997:128346 [1] NCCL INFO  3 : GPU/0-7f000 GPU/0-8f000 GPU/0-9f000 GPU/0-af000 GPU/0-bf000 GPU/0-cf000 GPU/0-df000 GPU/0-ef000
furious-puma-1:127997:128346 [1] NCCL INFO  4 : GPU/0-7f000 GPU/0-8f000 GPU/0-9f000 GPU/0-af000 GPU/0-bf000 GPU/0-cf000 GPU/0-df000 GPU/0-ef000
furious-puma-1:127997:128346 [1] NCCL INFO  5 : GPU/0-7f000 GPU/0-8f000 GPU/0-9f000 GPU/0-af000 GPU/0-bf000 GPU/0-cf000 GPU/0-df000 GPU/0-ef000
furious-puma-1:127997:128346 [1] NCCL INFO  6 : GPU/0-7f000 GPU/0-8f000 GPU/0-9f000 GPU/0-af000 GPU/0-bf000 GPU/0-cf000 GPU/0-df000 GPU/0-ef000
furious-puma-1:127997:128346 [1] NCCL INFO  7 : GPU/0-7f000 GPU/0-8f000 GPU/0-9f000 GPU/0-af000 GPU/0-bf000 GPU/0-cf000 GPU/0-df000 GPU/0-ef000
furious-puma-1:127997:128346 [1] NCCL INFO  8 : GPU/0-7f000 GPU/0-8f000 GPU/0-9f000 GPU/0-af000 GPU/0-bf000 GPU/0-cf000 GPU/0-df000 GPU/0-ef000
furious-puma-1:127997:128346 [1] NCCL INFO  9 : GPU/0-7f000 GPU/0-8f000 GPU/0-9f000 GPU/0-af000 GPU/0-bf000 GPU/0-cf000 GPU/0-df000 GPU/0-ef000
furious-puma-1:127997:128346 [1] NCCL INFO 10 : GPU/0-7f000 GPU/0-8f000 GPU/0-9f000 GPU/0-af000 GPU/0-bf000 GPU/0-cf000 GPU/0-df000 GPU/0-ef000
furious-puma-1:127997:128346 [1] NCCL INFO 11 : GPU/0-7f000 GPU/0-8f000 GPU/0-9f000 GPU/0-af000 GPU/0-bf000 GPU/0-cf000 GPU/0-df000 GPU/0-ef000
furious-puma-1:127997:128346 [1] NCCL INFO Pattern 1, crossNic 0, nChannels 12, bw 30.000000/30.000000, type NVL/PIX, sameChannels 1
furious-puma-1:127997:128346 [1] NCCL INFO  0 : GPU/0-7f000 GPU/0-8f000 GPU/0-9f000 GPU/0-af000 GPU/0-bf000 GPU/0-cf000 GPU/0-df000 GPU/0-ef000
furious-puma-1:127997:128346 [1] NCCL INFO  1 : GPU/0-7f000 GPU/0-8f000 GPU/0-9f000 GPU/0-af000 GPU/0-bf000 GPU/0-cf000 GPU/0-df000 GPU/0-ef000
furious-puma-1:127997:128346 [1] NCCL INFO  2 : GPU/0-7f000 GPU/0-8f000 GPU/0-9f000 GPU/0-af000 GPU/0-bf000 GPU/0-cf000 GPU/0-df000 GPU/0-ef000
furious-puma-1:127997:128346 [1] NCCL INFO  3 : GPU/0-7f000 GPU/0-8f000 GPU/0-9f000 GPU/0-af000 GPU/0-bf000 GPU/0-cf000 GPU/0-df000 GPU/0-ef000
furious-puma-1:127997:128346 [1] NCCL INFO  4 : GPU/0-7f000 GPU/0-8f000 GPU/0-9f000 GPU/0-af000 GPU/0-bf000 GPU/0-cf000 GPU/0-df000 GPU/0-ef000
furious-puma-1:127997:128346 [1] NCCL INFO  5 : GPU/0-7f000 GPU/0-8f000 GPU/0-9f000 GPU/0-af000 GPU/0-bf000 GPU/0-cf000 GPU/0-df000 GPU/0-ef000
furious-puma-1:127997:128346 [1] NCCL INFO  6 : GPU/0-7f000 GPU/0-8f000 GPU/0-9f000 GPU/0-af000 GPU/0-bf000 GPU/0-cf000 GPU/0-df000 GPU/0-ef000
furious-puma-1:127997:128346 [1] NCCL INFO  7 : GPU/0-7f000 GPU/0-8f000 GPU/0-9f000 GPU/0-af000 GPU/0-bf000 GPU/0-cf000 GPU/0-df000 GPU/0-ef000
furious-puma-1:127997:128346 [1] NCCL INFO  8 : GPU/0-7f000 GPU/0-8f000 GPU/0-9f000 GPU/0-af000 GPU/0-bf000 GPU/0-cf000 GPU/0-df000 GPU/0-ef000
furious-puma-1:127997:128346 [1] NCCL INFO  9 : GPU/0-7f000 GPU/0-8f000 GPU/0-9f000 GPU/0-af000 GPU/0-bf000 GPU/0-cf000 GPU/0-df000 GPU/0-ef000
furious-puma-1:127997:128346 [1] NCCL INFO 10 : GPU/0-7f000 GPU/0-8f000 GPU/0-9f000 GPU/0-af000 GPU/0-bf000 GPU/0-cf000 GPU/0-df000 GPU/0-ef000
furious-puma-1:127997:128346 [1] NCCL INFO 11 : GPU/0-7f000 GPU/0-8f000 GPU/0-9f000 GPU/0-af000 GPU/0-bf000 GPU/0-cf000 GPU/0-df000 GPU/0-ef000
furious-puma-1:127997:128346 [1] NCCL INFO Pattern 5, crossNic 0, nChannels 8, bw 40.000000/60.000000, type NVL/PIX, sameChannels 0
furious-puma-1:127997:128346 [1] NCCL INFO  0 : GPU/0-7f000
furious-puma-1:127997:128346 [1] NCCL INFO  1 : GPU/0-8f000
furious-puma-1:127997:128346 [1] NCCL INFO  2 : GPU/0-9f000
furious-puma-1:127997:128346 [1] NCCL INFO  3 : GPU/0-af000
furious-puma-1:127997:128346 [1] NCCL INFO  4 : GPU/0-bf000
furious-puma-1:127997:128346 [1] NCCL INFO  5 : GPU/0-cf000
furious-puma-1:127997:128346 [1] NCCL INFO  6 : GPU/0-df000
furious-puma-1:127997:128346 [1] NCCL INFO  7 : GPU/0-ef000
furious-puma-1:128002:128335 [6] NCCL INFO Pattern 4, crossNic 0, nChannels 12, bw 30.000000/30.000000, type NVL/PIX, sameChannels 1
furious-puma-1:128002:128335 [6] NCCL INFO  0 : GPU/0-7f000 GPU/0-8f000 GPU/0-9f000 GPU/0-af000 GPU/0-bf000 GPU/0-cf000 GPU/0-df000 GPU/0-ef000
furious-puma-1:128002:128335 [6] NCCL INFO  1 : GPU/0-7f000 GPU/0-8f000 GPU/0-9f000 GPU/0-af000 GPU/0-bf000 GPU/0-cf000 GPU/0-df000 GPU/0-ef000
furious-puma-1:128002:128335 [6] NCCL INFO  2 : GPU/0-7f000 GPU/0-8f000 GPU/0-9f000 GPU/0-af000 GPU/0-bf000 GPU/0-cf000 GPU/0-df000 GPU/0-ef000
furious-puma-1:128002:128335 [6] NCCL INFO  3 : GPU/0-7f000 GPU/0-8f000 GPU/0-9f000 GPU/0-af000 GPU/0-bf000 GPU/0-cf000 GPU/0-df000 GPU/0-ef000
furious-puma-1:128002:128335 [6] NCCL INFO  4 : GPU/0-7f000 GPU/0-8f000 GPU/0-9f000 GPU/0-af000 GPU/0-bf000 GPU/0-cf000 GPU/0-df000 GPU/0-ef000
furious-puma-1:128002:128335 [6] NCCL INFO  5 : GPU/0-7f000 GPU/0-8f000 GPU/0-9f000 GPU/0-af000 GPU/0-bf000 GPU/0-cf000 GPU/0-df000 GPU/0-ef000
furious-puma-1:128002:128335 [6] NCCL INFO  6 : GPU/0-7f000 GPU/0-8f000 GPU/0-9f000 GPU/0-af000 GPU/0-bf000 GPU/0-cf000 GPU/0-df000 GPU/0-ef000
furious-puma-1:128002:128335 [6] NCCL INFO  7 : GPU/0-7f000 GPU/0-8f000 GPU/0-9f000 GPU/0-af000 GPU/0-bf000 GPU/0-cf000 GPU/0-df000 GPU/0-ef000
furious-puma-1:128002:128335 [6] NCCL INFO  8 : GPU/0-7f000 GPU/0-8f000 GPU/0-9f000 GPU/0-af000 GPU/0-bf000 GPU/0-cf000 GPU/0-df000 GPU/0-ef000
furious-puma-1:128002:128335 [6] NCCL INFO  9 : GPU/0-7f000 GPU/0-8f000 GPU/0-9f000 GPU/0-af000 GPU/0-bf000 GPU/0-cf000 GPU/0-df000 GPU/0-ef000
furious-puma-1:128002:128335 [6] NCCL INFO 10 : GPU/0-7f000 GPU/0-8f000 GPU/0-9f000 GPU/0-af000 GPU/0-bf000 GPU/0-cf000 GPU/0-df000 GPU/0-ef000
furious-puma-1:128002:128335 [6] NCCL INFO 11 : GPU/0-7f000 GPU/0-8f000 GPU/0-9f000 GPU/0-af000 GPU/0-bf000 GPU/0-cf000 GPU/0-df000 GPU/0-ef000
furious-puma-1:128002:128335 [6] NCCL INFO Pattern 1, crossNic 0, nChannels 12, bw 30.000000/30.000000, type NVL/PIX, sameChannels 1
furious-puma-1:128002:128335 [6] NCCL INFO  0 : GPU/0-7f000 GPU/0-8f000 GPU/0-9f000 GPU/0-af000 GPU/0-bf000 GPU/0-cf000 GPU/0-df000 GPU/0-ef000
furious-puma-1:127996:128347 [0] NCCL INFO Pattern 4, crossNic 0, nChannels 12, bw 30.000000/30.000000, type NVL/PIX, sameChannels 1
furious-puma-1:128002:128335 [6] NCCL INFO  1 : GPU/0-7f000 GPU/0-8f000 GPU/0-9f000 GPU/0-af000 GPU/0-bf000 GPU/0-cf000 GPU/0-df000 GPU/0-ef000
furious-puma-1:128002:128335 [6] NCCL INFO  2 : GPU/0-7f000 GPU/0-8f000 GPU/0-9f000 GPU/0-af000 GPU/0-bf000 GPU/0-cf000 GPU/0-df000 GPU/0-ef000
furious-puma-1:128002:128335 [6] NCCL INFO  3 : GPU/0-7f000 GPU/0-8f000 GPU/0-9f000 GPU/0-af000 GPU/0-bf000 GPU/0-cf000 GPU/0-df000 GPU/0-ef000
furious-puma-1:127996:128347 [0] NCCL INFO  0 : GPU/0-7f000 GPU/0-8f000 GPU/0-9f000 GPU/0-af000 GPU/0-bf000 GPU/0-cf000 GPU/0-df000 GPU/0-ef000
furious-puma-1:128002:128335 [6] NCCL INFO  4 : GPU/0-7f000 GPU/0-8f000 GPU/0-9f000 GPU/0-af000 GPU/0-bf000 GPU/0-cf000 GPU/0-df000 GPU/0-ef000
furious-puma-1:128002:128335 [6] NCCL INFO  5 : GPU/0-7f000 GPU/0-8f000 GPU/0-9f000 GPU/0-af000 GPU/0-bf000 GPU/0-cf000 GPU/0-df000 GPU/0-ef000
furious-puma-1:127996:128347 [0] NCCL INFO  1 : GPU/0-7f000 GPU/0-8f000 GPU/0-9f000 GPU/0-af000 GPU/0-bf000 GPU/0-cf000 GPU/0-df000 GPU/0-ef000
furious-puma-1:128002:128335 [6] NCCL INFO  6 : GPU/0-7f000 GPU/0-8f000 GPU/0-9f000 GPU/0-af000 GPU/0-bf000 GPU/0-cf000 GPU/0-df000 GPU/0-ef000
furious-puma-1:128002:128335 [6] NCCL INFO  7 : GPU/0-7f000 GPU/0-8f000 GPU/0-9f000 GPU/0-af000 GPU/0-bf000 GPU/0-cf000 GPU/0-df000 GPU/0-ef000
furious-puma-1:127996:128347 [0] NCCL INFO  2 : GPU/0-7f000 GPU/0-8f000 GPU/0-9f000 GPU/0-af000 GPU/0-bf000 GPU/0-cf000 GPU/0-df000 GPU/0-ef000
furious-puma-1:128002:128335 [6] NCCL INFO  8 : GPU/0-7f000 GPU/0-8f000 GPU/0-9f000 GPU/0-af000 GPU/0-bf000 GPU/0-cf000 GPU/0-df000 GPU/0-ef000
furious-puma-1:127996:128347 [0] NCCL INFO  3 : GPU/0-7f000 GPU/0-8f000 GPU/0-9f000 GPU/0-af000 GPU/0-bf000 GPU/0-cf000 GPU/0-df000 GPU/0-ef000
furious-puma-1:128002:128335 [6] NCCL INFO  9 : GPU/0-7f000 GPU/0-8f000 GPU/0-9f000 GPU/0-af000 GPU/0-bf000 GPU/0-cf000 GPU/0-df000 GPU/0-ef000
furious-puma-1:128002:128335 [6] NCCL INFO 10 : GPU/0-7f000 GPU/0-8f000 GPU/0-9f000 GPU/0-af000 GPU/0-bf000 GPU/0-cf000 GPU/0-df000 GPU/0-ef000
furious-puma-1:127996:128347 [0] NCCL INFO  4 : GPU/0-7f000 GPU/0-8f000 GPU/0-9f000 GPU/0-af000 GPU/0-bf000 GPU/0-cf000 GPU/0-df000 GPU/0-ef000
furious-puma-1:128002:128335 [6] NCCL INFO 11 : GPU/0-7f000 GPU/0-8f000 GPU/0-9f000 GPU/0-af000 GPU/0-bf000 GPU/0-cf000 GPU/0-df000 GPU/0-ef000
furious-puma-1:127996:128347 [0] NCCL INFO  5 : GPU/0-7f000 GPU/0-8f000 GPU/0-9f000 GPU/0-af000 GPU/0-bf000 GPU/0-cf000 GPU/0-df000 GPU/0-ef000
furious-puma-1:127996:128347 [0] NCCL INFO  6 : GPU/0-7f000 GPU/0-8f000 GPU/0-9f000 GPU/0-af000 GPU/0-bf000 GPU/0-cf000 GPU/0-df000 GPU/0-ef000
furious-puma-1:127996:128347 [0] NCCL INFO  7 : GPU/0-7f000 GPU/0-8f000 GPU/0-9f000 GPU/0-af000 GPU/0-bf000 GPU/0-cf000 GPU/0-df000 GPU/0-ef000
furious-puma-1:127996:128347 [0] NCCL INFO  8 : GPU/0-7f000 GPU/0-8f000 GPU/0-9f000 GPU/0-af000 GPU/0-bf000 GPU/0-cf000 GPU/0-df000 GPU/0-ef000
furious-puma-1:127996:128347 [0] NCCL INFO  9 : GPU/0-7f000 GPU/0-8f000 GPU/0-9f000 GPU/0-af000 GPU/0-bf000 GPU/0-cf000 GPU/0-df000 GPU/0-ef000
furious-puma-1:127996:128347 [0] NCCL INFO 10 : GPU/0-7f000 GPU/0-8f000 GPU/0-9f000 GPU/0-af000 GPU/0-bf000 GPU/0-cf000 GPU/0-df000 GPU/0-ef000
furious-puma-1:127996:128347 [0] NCCL INFO 11 : GPU/0-7f000 GPU/0-8f000 GPU/0-9f000 GPU/0-af000 GPU/0-bf000 GPU/0-cf000 GPU/0-df000 GPU/0-ef000
furious-puma-1:127996:128347 [0] NCCL INFO Pattern 1, crossNic 0, nChannels 12, bw 30.000000/30.000000, type NVL/PIX, sameChannels 1
furious-puma-1:127996:128347 [0] NCCL INFO  0 : GPU/0-7f000 GPU/0-8f000 GPU/0-9f000 GPU/0-af000 GPU/0-bf000 GPU/0-cf000 GPU/0-df000 GPU/0-ef000
furious-puma-1:127996:128347 [0] NCCL INFO  1 : GPU/0-7f000 GPU/0-8f000 GPU/0-9f000 GPU/0-af000 GPU/0-bf000 GPU/0-cf000 GPU/0-df000 GPU/0-ef000
furious-puma-1:127996:128347 [0] NCCL INFO  2 : GPU/0-7f000 GPU/0-8f000 GPU/0-9f000 GPU/0-af000 GPU/0-bf000 GPU/0-cf000 GPU/0-df000 GPU/0-ef000
furious-puma-1:127996:128347 [0] NCCL INFO  3 : GPU/0-7f000 GPU/0-8f000 GPU/0-9f000 GPU/0-af000 GPU/0-bf000 GPU/0-cf000 GPU/0-df000 GPU/0-ef000
furious-puma-1:127996:128347 [0] NCCL INFO  4 : GPU/0-7f000 GPU/0-8f000 GPU/0-9f000 GPU/0-af000 GPU/0-bf000 GPU/0-cf000 GPU/0-df000 GPU/0-ef000
furious-puma-1:127996:128347 [0] NCCL INFO  5 : GPU/0-7f000 GPU/0-8f000 GPU/0-9f000 GPU/0-af000 GPU/0-bf000 GPU/0-cf000 GPU/0-df000 GPU/0-ef000
furious-puma-1:127996:128347 [0] NCCL INFO  6 : GPU/0-7f000 GPU/0-8f000 GPU/0-9f000 GPU/0-af000 GPU/0-bf000 GPU/0-cf000 GPU/0-df000 GPU/0-ef000
furious-puma-1:127996:128347 [0] NCCL INFO  7 : GPU/0-7f000 GPU/0-8f000 GPU/0-9f000 GPU/0-af000 GPU/0-bf000 GPU/0-cf000 GPU/0-df000 GPU/0-ef000
furious-puma-1:127996:128347 [0] NCCL INFO  8 : GPU/0-7f000 GPU/0-8f000 GPU/0-9f000 GPU/0-af000 GPU/0-bf000 GPU/0-cf000 GPU/0-df000 GPU/0-ef000
furious-puma-1:127996:128347 [0] NCCL INFO  9 : GPU/0-7f000 GPU/0-8f000 GPU/0-9f000 GPU/0-af000 GPU/0-bf000 GPU/0-cf000 GPU/0-df000 GPU/0-ef000
furious-puma-1:127996:128347 [0] NCCL INFO 10 : GPU/0-7f000 GPU/0-8f000 GPU/0-9f000 GPU/0-af000 GPU/0-bf000 GPU/0-cf000 GPU/0-df000 GPU/0-ef000
furious-puma-1:127996:128347 [0] NCCL INFO 11 : GPU/0-7f000 GPU/0-8f000 GPU/0-9f000 GPU/0-af000 GPU/0-bf000 GPU/0-cf000 GPU/0-df000 GPU/0-ef000
furious-puma-1:128002:128335 [6] NCCL INFO Pattern 5, crossNic 0, nChannels 8, bw 40.000000/60.000000, type NVL/PIX, sameChannels 0
furious-puma-1:128002:128335 [6] NCCL INFO  0 : GPU/0-7f000
furious-puma-1:128002:128335 [6] NCCL INFO  1 : GPU/0-8f000
furious-puma-1:128002:128335 [6] NCCL INFO  2 : GPU/0-9f000
furious-puma-1:128002:128335 [6] NCCL INFO  3 : GPU/0-af000
furious-puma-1:128002:128335 [6] NCCL INFO  4 : GPU/0-bf000
furious-puma-1:128002:128335 [6] NCCL INFO  5 : GPU/0-cf000
furious-puma-1:128002:128335 [6] NCCL INFO  6 : GPU/0-df000
furious-puma-1:128002:128335 [6] NCCL INFO  7 : GPU/0-ef000
furious-puma-1:127996:128347 [0] NCCL INFO Pattern 5, crossNic 0, nChannels 8, bw 40.000000/60.000000, type NVL/PIX, sameChannels 0
furious-puma-1:127996:128347 [0] NCCL INFO  0 : GPU/0-7f000
furious-puma-1:127996:128347 [0] NCCL INFO  1 : GPU/0-8f000
furious-puma-1:127996:128347 [0] NCCL INFO  2 : GPU/0-9f000
furious-puma-1:127996:128347 [0] NCCL INFO  3 : GPU/0-af000
furious-puma-1:127996:128347 [0] NCCL INFO  4 : GPU/0-bf000
furious-puma-1:127996:128347 [0] NCCL INFO  5 : GPU/0-cf000
furious-puma-1:127996:128347 [0] NCCL INFO  6 : GPU/0-df000
furious-puma-1:127996:128347 [0] NCCL INFO  7 : GPU/0-ef000
furious-puma-1:127999:128332 [3] NCCL INFO Pattern 4, crossNic 0, nChannels 12, bw 30.000000/30.000000, type NVL/PIX, sameChannels 1
furious-puma-1:127999:128332 [3] NCCL INFO  0 : GPU/0-7f000 GPU/0-8f000 GPU/0-9f000 GPU/0-af000 GPU/0-bf000 GPU/0-cf000 GPU/0-df000 GPU/0-ef000
furious-puma-1:127999:128332 [3] NCCL INFO  1 : GPU/0-7f000 GPU/0-8f000 GPU/0-9f000 GPU/0-af000 GPU/0-bf000 GPU/0-cf000 GPU/0-df000 GPU/0-ef000
furious-puma-1:127999:128332 [3] NCCL INFO  2 : GPU/0-7f000 GPU/0-8f000 GPU/0-9f000 GPU/0-af000 GPU/0-bf000 GPU/0-cf000 GPU/0-df000 GPU/0-ef000
furious-puma-1:127999:128332 [3] NCCL INFO  3 : GPU/0-7f000 GPU/0-8f000 GPU/0-9f000 GPU/0-af000 GPU/0-bf000 GPU/0-cf000 GPU/0-df000 GPU/0-ef000
furious-puma-1:127999:128332 [3] NCCL INFO  4 : GPU/0-7f000 GPU/0-8f000 GPU/0-9f000 GPU/0-af000 GPU/0-bf000 GPU/0-cf000 GPU/0-df000 GPU/0-ef000
furious-puma-1:127999:128332 [3] NCCL INFO  5 : GPU/0-7f000 GPU/0-8f000 GPU/0-9f000 GPU/0-af000 GPU/0-bf000 GPU/0-cf000 GPU/0-df000 GPU/0-ef000
furious-puma-1:127999:128332 [3] NCCL INFO  6 : GPU/0-7f000 GPU/0-8f000 GPU/0-9f000 GPU/0-af000 GPU/0-bf000 GPU/0-cf000 GPU/0-df000 GPU/0-ef000
furious-puma-1:127999:128332 [3] NCCL INFO  7 : GPU/0-7f000 GPU/0-8f000 GPU/0-9f000 GPU/0-af000 GPU/0-bf000 GPU/0-cf000 GPU/0-df000 GPU/0-ef000
furious-puma-1:127999:128332 [3] NCCL INFO  8 : GPU/0-7f000 GPU/0-8f000 GPU/0-9f000 GPU/0-af000 GPU/0-bf000 GPU/0-cf000 GPU/0-df000 GPU/0-ef000
furious-puma-1:127999:128332 [3] NCCL INFO  9 : GPU/0-7f000 GPU/0-8f000 GPU/0-9f000 GPU/0-af000 GPU/0-bf000 GPU/0-cf000 GPU/0-df000 GPU/0-ef000
furious-puma-1:127999:128332 [3] NCCL INFO 10 : GPU/0-7f000 GPU/0-8f000 GPU/0-9f000 GPU/0-af000 GPU/0-bf000 GPU/0-cf000 GPU/0-df000 GPU/0-ef000
furious-puma-1:127999:128332 [3] NCCL INFO 11 : GPU/0-7f000 GPU/0-8f000 GPU/0-9f000 GPU/0-af000 GPU/0-bf000 GPU/0-cf000 GPU/0-df000 GPU/0-ef000
furious-puma-1:127999:128332 [3] NCCL INFO Pattern 1, crossNic 0, nChannels 12, bw 30.000000/30.000000, type NVL/PIX, sameChannels 1
furious-puma-1:127999:128332 [3] NCCL INFO  0 : GPU/0-7f000 GPU/0-8f000 GPU/0-9f000 GPU/0-af000 GPU/0-bf000 GPU/0-cf000 GPU/0-df000 GPU/0-ef000
furious-puma-1:127999:128332 [3] NCCL INFO  1 : GPU/0-7f000 GPU/0-8f000 GPU/0-9f000 GPU/0-af000 GPU/0-bf000 GPU/0-cf000 GPU/0-df000 GPU/0-ef000
furious-puma-1:127999:128332 [3] NCCL INFO  2 : GPU/0-7f000 GPU/0-8f000 GPU/0-9f000 GPU/0-af000 GPU/0-bf000 GPU/0-cf000 GPU/0-df000 GPU/0-ef000
furious-puma-1:127999:128332 [3] NCCL INFO  3 : GPU/0-7f000 GPU/0-8f000 GPU/0-9f000 GPU/0-af000 GPU/0-bf000 GPU/0-cf000 GPU/0-df000 GPU/0-ef000
furious-puma-1:127999:128332 [3] NCCL INFO  4 : GPU/0-7f000 GPU/0-8f000 GPU/0-9f000 GPU/0-af000 GPU/0-bf000 GPU/0-cf000 GPU/0-df000 GPU/0-ef000
furious-puma-1:127999:128332 [3] NCCL INFO  5 : GPU/0-7f000 GPU/0-8f000 GPU/0-9f000 GPU/0-af000 GPU/0-bf000 GPU/0-cf000 GPU/0-df000 GPU/0-ef000
furious-puma-1:127999:128332 [3] NCCL INFO  6 : GPU/0-7f000 GPU/0-8f000 GPU/0-9f000 GPU/0-af000 GPU/0-bf000 GPU/0-cf000 GPU/0-df000 GPU/0-ef000
furious-puma-1:127999:128332 [3] NCCL INFO  7 : GPU/0-7f000 GPU/0-8f000 GPU/0-9f000 GPU/0-af000 GPU/0-bf000 GPU/0-cf000 GPU/0-df000 GPU/0-ef000
furious-puma-1:127999:128332 [3] NCCL INFO  8 : GPU/0-7f000 GPU/0-8f000 GPU/0-9f000 GPU/0-af000 GPU/0-bf000 GPU/0-cf000 GPU/0-df000 GPU/0-ef000
furious-puma-1:127999:128332 [3] NCCL INFO  9 : GPU/0-7f000 GPU/0-8f000 GPU/0-9f000 GPU/0-af000 GPU/0-bf000 GPU/0-cf000 GPU/0-df000 GPU/0-ef000
furious-puma-1:127999:128332 [3] NCCL INFO 10 : GPU/0-7f000 GPU/0-8f000 GPU/0-9f000 GPU/0-af000 GPU/0-bf000 GPU/0-cf000 GPU/0-df000 GPU/0-ef000
furious-puma-1:127999:128332 [3] NCCL INFO 11 : GPU/0-7f000 GPU/0-8f000 GPU/0-9f000 GPU/0-af000 GPU/0-bf000 GPU/0-cf000 GPU/0-df000 GPU/0-ef000
furious-puma-1:127999:128332 [3] NCCL INFO Pattern 5, crossNic 0, nChannels 8, bw 40.000000/60.000000, type NVL/PIX, sameChannels 0
furious-puma-1:127999:128332 [3] NCCL INFO  0 : GPU/0-7f000
furious-puma-1:127999:128332 [3] NCCL INFO  1 : GPU/0-8f000
furious-puma-1:127999:128332 [3] NCCL INFO  2 : GPU/0-9f000
furious-puma-1:127999:128332 [3] NCCL INFO  3 : GPU/0-af000
furious-puma-1:127999:128332 [3] NCCL INFO  4 : GPU/0-bf000
furious-puma-1:127999:128332 [3] NCCL INFO  5 : GPU/0-cf000
furious-puma-1:127999:128332 [3] NCCL INFO  6 : GPU/0-df000
furious-puma-1:127999:128332 [3] NCCL INFO  7 : GPU/0-ef000
furious-puma-1:128003:128336 [7] NCCL INFO Pattern 4, crossNic 0, nChannels 12, bw 30.000000/30.000000, type NVL/PIX, sameChannels 1
furious-puma-1:128003:128336 [7] NCCL INFO  0 : GPU/0-7f000 GPU/0-8f000 GPU/0-9f000 GPU/0-af000 GPU/0-bf000 GPU/0-cf000 GPU/0-df000 GPU/0-ef000
furious-puma-1:128003:128336 [7] NCCL INFO  1 : GPU/0-7f000 GPU/0-8f000 GPU/0-9f000 GPU/0-af000 GPU/0-bf000 GPU/0-cf000 GPU/0-df000 GPU/0-ef000
furious-puma-1:128003:128336 [7] NCCL INFO  2 : GPU/0-7f000 GPU/0-8f000 GPU/0-9f000 GPU/0-af000 GPU/0-bf000 GPU/0-cf000 GPU/0-df000 GPU/0-ef000
furious-puma-1:128003:128336 [7] NCCL INFO  3 : GPU/0-7f000 GPU/0-8f000 GPU/0-9f000 GPU/0-af000 GPU/0-bf000 GPU/0-cf000 GPU/0-df000 GPU/0-ef000
furious-puma-1:128003:128336 [7] NCCL INFO  4 : GPU/0-7f000 GPU/0-8f000 GPU/0-9f000 GPU/0-af000 GPU/0-bf000 GPU/0-cf000 GPU/0-df000 GPU/0-ef000
furious-puma-1:128003:128336 [7] NCCL INFO  5 : GPU/0-7f000 GPU/0-8f000 GPU/0-9f000 GPU/0-af000 GPU/0-bf000 GPU/0-cf000 GPU/0-df000 GPU/0-ef000
furious-puma-1:128003:128336 [7] NCCL INFO  6 : GPU/0-7f000 GPU/0-8f000 GPU/0-9f000 GPU/0-af000 GPU/0-bf000 GPU/0-cf000 GPU/0-df000 GPU/0-ef000
furious-puma-1:128003:128336 [7] NCCL INFO  7 : GPU/0-7f000 GPU/0-8f000 GPU/0-9f000 GPU/0-af000 GPU/0-bf000 GPU/0-cf000 GPU/0-df000 GPU/0-ef000
furious-puma-1:128003:128336 [7] NCCL INFO  8 : GPU/0-7f000 GPU/0-8f000 GPU/0-9f000 GPU/0-af000 GPU/0-bf000 GPU/0-cf000 GPU/0-df000 GPU/0-ef000
furious-puma-1:128003:128336 [7] NCCL INFO  9 : GPU/0-7f000 GPU/0-8f000 GPU/0-9f000 GPU/0-af000 GPU/0-bf000 GPU/0-cf000 GPU/0-df000 GPU/0-ef000
furious-puma-1:128003:128336 [7] NCCL INFO 10 : GPU/0-7f000 GPU/0-8f000 GPU/0-9f000 GPU/0-af000 GPU/0-bf000 GPU/0-cf000 GPU/0-df000 GPU/0-ef000
furious-puma-1:128003:128336 [7] NCCL INFO 11 : GPU/0-7f000 GPU/0-8f000 GPU/0-9f000 GPU/0-af000 GPU/0-bf000 GPU/0-cf000 GPU/0-df000 GPU/0-ef000
furious-puma-1:128003:128336 [7] NCCL INFO Pattern 1, crossNic 0, nChannels 12, bw 30.000000/30.000000, type NVL/PIX, sameChannels 1
furious-puma-1:128003:128336 [7] NCCL INFO  0 : GPU/0-7f000 GPU/0-8f000 GPU/0-9f000 GPU/0-af000 GPU/0-bf000 GPU/0-cf000 GPU/0-df000 GPU/0-ef000
furious-puma-1:128003:128336 [7] NCCL INFO  1 : GPU/0-7f000 GPU/0-8f000 GPU/0-9f000 GPU/0-af000 GPU/0-bf000 GPU/0-cf000 GPU/0-df000 GPU/0-ef000
furious-puma-1:128003:128336 [7] NCCL INFO  2 : GPU/0-7f000 GPU/0-8f000 GPU/0-9f000 GPU/0-af000 GPU/0-bf000 GPU/0-cf000 GPU/0-df000 GPU/0-ef000
furious-puma-1:128003:128336 [7] NCCL INFO  3 : GPU/0-7f000 GPU/0-8f000 GPU/0-9f000 GPU/0-af000 GPU/0-bf000 GPU/0-cf000 GPU/0-df000 GPU/0-ef000
furious-puma-1:128003:128336 [7] NCCL INFO  4 : GPU/0-7f000 GPU/0-8f000 GPU/0-9f000 GPU/0-af000 GPU/0-bf000 GPU/0-cf000 GPU/0-df000 GPU/0-ef000
furious-puma-1:128003:128336 [7] NCCL INFO  5 : GPU/0-7f000 GPU/0-8f000 GPU/0-9f000 GPU/0-af000 GPU/0-bf000 GPU/0-cf000 GPU/0-df000 GPU/0-ef000
furious-puma-1:128003:128336 [7] NCCL INFO  6 : GPU/0-7f000 GPU/0-8f000 GPU/0-9f000 GPU/0-af000 GPU/0-bf000 GPU/0-cf000 GPU/0-df000 GPU/0-ef000
furious-puma-1:128003:128336 [7] NCCL INFO  7 : GPU/0-7f000 GPU/0-8f000 GPU/0-9f000 GPU/0-af000 GPU/0-bf000 GPU/0-cf000 GPU/0-df000 GPU/0-ef000
furious-puma-1:128003:128336 [7] NCCL INFO  8 : GPU/0-7f000 GPU/0-8f000 GPU/0-9f000 GPU/0-af000 GPU/0-bf000 GPU/0-cf000 GPU/0-df000 GPU/0-ef000
furious-puma-1:128003:128336 [7] NCCL INFO  9 : GPU/0-7f000 GPU/0-8f000 GPU/0-9f000 GPU/0-af000 GPU/0-bf000 GPU/0-cf000 GPU/0-df000 GPU/0-ef000
furious-puma-1:128003:128336 [7] NCCL INFO 10 : GPU/0-7f000 GPU/0-8f000 GPU/0-9f000 GPU/0-af000 GPU/0-bf000 GPU/0-cf000 GPU/0-df000 GPU/0-ef000
furious-puma-1:128003:128336 [7] NCCL INFO 11 : GPU/0-7f000 GPU/0-8f000 GPU/0-9f000 GPU/0-af000 GPU/0-bf000 GPU/0-cf000 GPU/0-df000 GPU/0-ef000
furious-puma-1:128003:128336 [7] NCCL INFO Pattern 5, crossNic 0, nChannels 8, bw 40.000000/60.000000, type NVL/PIX, sameChannels 0
furious-puma-1:128003:128336 [7] NCCL INFO  0 : GPU/0-7f000
furious-puma-1:128003:128336 [7] NCCL INFO  1 : GPU/0-8f000
furious-puma-1:128003:128336 [7] NCCL INFO  2 : GPU/0-9f000
furious-puma-1:128003:128336 [7] NCCL INFO  3 : GPU/0-af000
furious-puma-1:128003:128336 [7] NCCL INFO  4 : GPU/0-bf000
furious-puma-1:128003:128336 [7] NCCL INFO  5 : GPU/0-cf000
furious-puma-1:128003:128336 [7] NCCL INFO  6 : GPU/0-df000
furious-puma-1:128003:128336 [7] NCCL INFO  7 : GPU/0-ef000
furious-puma-1:128002:128335 [6] NCCL INFO comm 0x3aa2e620 rank 6 nRanks 8 nNodes 1 localRanks 8 localRank 6 MNNVL 0
furious-puma-1:128002:128335 [6] NCCL INFO Ring 00 : 5 -> 6 -> 7
furious-puma-1:128002:128335 [6] NCCL INFO Ring 01 : 5 -> 6 -> 7
furious-puma-1:128002:128335 [6] NCCL INFO Ring 02 : 5 -> 6 -> 7
furious-puma-1:128002:128335 [6] NCCL INFO Ring 03 : 5 -> 6 -> 7
furious-puma-1:128002:128335 [6] NCCL INFO Ring 04 : 5 -> 6 -> 7
furious-puma-1:128002:128335 [6] NCCL INFO Ring 05 : 5 -> 6 -> 7
furious-puma-1:128002:128335 [6] NCCL INFO Ring 06 : 5 -> 6 -> 7
furious-puma-1:128002:128335 [6] NCCL INFO Ring 07 : 5 -> 6 -> 7
furious-puma-1:128002:128335 [6] NCCL INFO Ring 08 : 5 -> 6 -> 7
furious-puma-1:128002:128335 [6] NCCL INFO Ring 09 : 5 -> 6 -> 7
furious-puma-1:128002:128335 [6] NCCL INFO Ring 10 : 5 -> 6 -> 7
furious-puma-1:128002:128335 [6] NCCL INFO Ring 11 : 5 -> 6 -> 7
furious-puma-1:128002:128335 [6] NCCL INFO Ring 12 : 5 -> 6 -> 7
furious-puma-1:128002:128335 [6] NCCL INFO Ring 13 : 5 -> 6 -> 7
furious-puma-1:128002:128335 [6] NCCL INFO Ring 14 : 5 -> 6 -> 7
furious-puma-1:128002:128335 [6] NCCL INFO Ring 15 : 5 -> 6 -> 7
furious-puma-1:128002:128335 [6] NCCL INFO Ring 16 : 5 -> 6 -> 7
furious-puma-1:128002:128335 [6] NCCL INFO Ring 17 : 5 -> 6 -> 7
furious-puma-1:128002:128335 [6] NCCL INFO Ring 18 : 5 -> 6 -> 7
furious-puma-1:128002:128335 [6] NCCL INFO Ring 19 : 5 -> 6 -> 7
furious-puma-1:128002:128335 [6] NCCL INFO Ring 20 : 5 -> 6 -> 7
furious-puma-1:128002:128335 [6] NCCL INFO Ring 21 : 5 -> 6 -> 7
furious-puma-1:128002:128335 [6] NCCL INFO Ring 22 : 5 -> 6 -> 7
furious-puma-1:128002:128335 [6] NCCL INFO Ring 23 : 5 -> 6 -> 7
furious-puma-1:128002:128335 [6] NCCL INFO Trees [0] 7/-1/-1->6->5 [1] 7/-1/-1->6->5 [2] 7/-1/-1->6->5 [3] 7/-1/-1->6->5 [4] 7/-1/-1->6->5 [5] 7/-1/-1->6->5 [6] 7/-1/-1->6->5 [7] 7/-1/-1->6->5 [8] 7/-1/-1->6->5 [9] 7/-1/-1->6->5 [10] 7/-1/-1->6->5 [11] 7/-1/-1->6->5 [12] 7/-1/-1->6->5 [13] 7/-1/-1->6->5 [14] 7/-1/-1->6->5 [15] 7/-1/-1->6->5 [16] 7/-1/-1->6->5 [17] 7/-1/-1->6->5 [18] 7/-1/-1->6->5 [19] 7/-1/-1->6->5 [20] 7/-1/-1->6->5 [21] 7/-1/-1->6->5 [22] 7/-1/-1->6->5 [23] 7/-1/-1->6->5
furious-puma-1:128002:128335 [6] NCCL INFO P2P Chunksize set to 524288
furious-puma-1:128003:128336 [7] NCCL INFO comm 0x2e45e2a0 rank 7 nRanks 8 nNodes 1 localRanks 8 localRank 7 MNNVL 0
furious-puma-1:128001:128334 [5] NCCL INFO comm 0x3549c790 rank 5 nRanks 8 nNodes 1 localRanks 8 localRank 5 MNNVL 0
furious-puma-1:127998:128337 [2] NCCL INFO comm 0x44248c40 rank 2 nRanks 8 nNodes 1 localRanks 8 localRank 2 MNNVL 0
furious-puma-1:127997:128346 [1] NCCL INFO comm 0x3b9c0280 rank 1 nRanks 8 nNodes 1 localRanks 8 localRank 1 MNNVL 0
furious-puma-1:128000:128333 [4] NCCL INFO comm 0x440258c0 rank 4 nRanks 8 nNodes 1 localRanks 8 localRank 4 MNNVL 0
furious-puma-1:127999:128332 [3] NCCL INFO comm 0x3a5a4e00 rank 3 nRanks 8 nNodes 1 localRanks 8 localRank 3 MNNVL 0
furious-puma-1:127996:128347 [0] NCCL INFO comm 0x3a728530 rank 0 nRanks 8 nNodes 1 localRanks 8 localRank 0 MNNVL 0
furious-puma-1:128001:128334 [5] NCCL INFO Ring 00 : 4 -> 5 -> 6
furious-puma-1:127998:128337 [2] NCCL INFO Ring 00 : 1 -> 2 -> 3
furious-puma-1:128003:128336 [7] NCCL INFO Ring 00 : 6 -> 7 -> 0
furious-puma-1:128001:128334 [5] NCCL INFO Ring 01 : 4 -> 5 -> 6
furious-puma-1:127998:128337 [2] NCCL INFO Ring 01 : 1 -> 2 -> 3
furious-puma-1:128001:128334 [5] NCCL INFO Ring 02 : 4 -> 5 -> 6
furious-puma-1:127998:128337 [2] NCCL INFO Ring 02 : 1 -> 2 -> 3
furious-puma-1:128003:128336 [7] NCCL INFO Ring 01 : 6 -> 7 -> 0
furious-puma-1:128001:128334 [5] NCCL INFO Ring 03 : 4 -> 5 -> 6
furious-puma-1:127998:128337 [2] NCCL INFO Ring 03 : 1 -> 2 -> 3
furious-puma-1:128003:128336 [7] NCCL INFO Ring 02 : 6 -> 7 -> 0
furious-puma-1:127998:128337 [2] NCCL INFO Ring 04 : 1 -> 2 -> 3
furious-puma-1:128001:128334 [5] NCCL INFO Ring 04 : 4 -> 5 -> 6
furious-puma-1:128001:128334 [5] NCCL INFO Ring 05 : 4 -> 5 -> 6
furious-puma-1:128003:128336 [7] NCCL INFO Ring 03 : 6 -> 7 -> 0
furious-puma-1:127998:128337 [2] NCCL INFO Ring 05 : 1 -> 2 -> 3
furious-puma-1:128003:128336 [7] NCCL INFO Ring 04 : 6 -> 7 -> 0
furious-puma-1:127998:128337 [2] NCCL INFO Ring 06 : 1 -> 2 -> 3
furious-puma-1:127996:128347 [0] NCCL INFO Tree 0 : -1 -> 0 -> 1/-1/-1
furious-puma-1:127998:128337 [2] NCCL INFO Ring 07 : 1 -> 2 -> 3
furious-puma-1:127998:128337 [2] NCCL INFO Ring 08 : 1 -> 2 -> 3
furious-puma-1:127998:128337 [2] NCCL INFO Ring 09 : 1 -> 2 -> 3
furious-puma-1:127996:128347 [0] NCCL INFO Tree 12 : -1 -> 0 -> 1/-1/-1
furious-puma-1:127998:128337 [2] NCCL INFO Ring 10 : 1 -> 2 -> 3
furious-puma-1:127998:128337 [2] NCCL INFO Ring 11 : 1 -> 2 -> 3
furious-puma-1:127998:128337 [2] NCCL INFO Ring 12 : 1 -> 2 -> 3
furious-puma-1:127996:128347 [0] NCCL INFO Tree 1 : -1 -> 0 -> 1/-1/-1
furious-puma-1:127998:128337 [2] NCCL INFO Ring 13 : 1 -> 2 -> 3
furious-puma-1:127998:128337 [2] NCCL INFO Ring 14 : 1 -> 2 -> 3
furious-puma-1:127998:128337 [2] NCCL INFO Ring 15 : 1 -> 2 -> 3
furious-puma-1:127996:128347 [0] NCCL INFO Tree 13 : -1 -> 0 -> 1/-1/-1
furious-puma-1:128001:128334 [5] NCCL INFO Ring 06 : 4 -> 5 -> 6
furious-puma-1:128000:128333 [4] NCCL INFO Ring 00 : 3 -> 4 -> 5
furious-puma-1:128003:128336 [7] NCCL INFO Ring 05 : 6 -> 7 -> 0
furious-puma-1:127998:128337 [2] NCCL INFO Ring 16 : 1 -> 2 -> 3
furious-puma-1:127996:128347 [0] NCCL INFO Tree 2 : -1 -> 0 -> 1/-1/-1
furious-puma-1:128000:128333 [4] NCCL INFO Ring 01 : 3 -> 4 -> 5
furious-puma-1:127997:128346 [1] NCCL INFO Tree 0 : 0 -> 1 -> 2/-1/-1
furious-puma-1:128001:128334 [5] NCCL INFO Ring 07 : 4 -> 5 -> 6
furious-puma-1:128000:128333 [4] NCCL INFO Ring 02 : 3 -> 4 -> 5
furious-puma-1:128003:128336 [7] NCCL INFO Ring 06 : 6 -> 7 -> 0
furious-puma-1:127998:128337 [2] NCCL INFO Ring 17 : 1 -> 2 -> 3
furious-puma-1:127997:128346 [1] NCCL INFO Tree 12 : 0 -> 1 -> 2/-1/-1
furious-puma-1:128003:128336 [7] NCCL INFO Ring 07 : 6 -> 7 -> 0
furious-puma-1:127996:128347 [0] NCCL INFO Tree 14 : -1 -> 0 -> 1/-1/-1
furious-puma-1:127997:128346 [1] NCCL INFO Tree 1 : 0 -> 1 -> 2/-1/-1
furious-puma-1:128003:128336 [7] NCCL INFO Ring 08 : 6 -> 7 -> 0
furious-puma-1:128001:128334 [5] NCCL INFO Ring 08 : 4 -> 5 -> 6
furious-puma-1:128000:128333 [4] NCCL INFO Ring 03 : 3 -> 4 -> 5
furious-puma-1:127997:128346 [1] NCCL INFO Tree 13 : 0 -> 1 -> 2/-1/-1
furious-puma-1:128001:128334 [5] NCCL INFO Ring 09 : 4 -> 5 -> 6
furious-puma-1:128000:128333 [4] NCCL INFO Ring 04 : 3 -> 4 -> 5
furious-puma-1:127997:128346 [1] NCCL INFO Tree 2 : 0 -> 1 -> 2/-1/-1
furious-puma-1:128001:128334 [5] NCCL INFO Ring 10 : 4 -> 5 -> 6
furious-puma-1:127997:128346 [1] NCCL INFO Tree 14 : 0 -> 1 -> 2/-1/-1
furious-puma-1:128000:128333 [4] NCCL INFO Ring 05 : 3 -> 4 -> 5
furious-puma-1:127998:128337 [2] NCCL INFO Ring 18 : 1 -> 2 -> 3
furious-puma-1:128003:128336 [7] NCCL INFO Ring 09 : 6 -> 7 -> 0
furious-puma-1:128000:128333 [4] NCCL INFO Ring 06 : 3 -> 4 -> 5
furious-puma-1:127997:128346 [1] NCCL INFO Tree 3 : 0 -> 1 -> 2/-1/-1
furious-puma-1:127998:128337 [2] NCCL INFO Ring 19 : 1 -> 2 -> 3
furious-puma-1:128000:128333 [4] NCCL INFO Ring 07 : 3 -> 4 -> 5
furious-puma-1:127997:128346 [1] NCCL INFO Tree 15 : 0 -> 1 -> 2/-1/-1
furious-puma-1:128000:128333 [4] NCCL INFO Ring 08 : 3 -> 4 -> 5
furious-puma-1:127999:128332 [3] NCCL INFO Ring 00 : 2 -> 3 -> 4
furious-puma-1:128000:128333 [4] NCCL INFO Ring 09 : 3 -> 4 -> 5
furious-puma-1:127996:128347 [0] NCCL INFO Tree 3 : -1 -> 0 -> 1/-1/-1
furious-puma-1:127999:128332 [3] NCCL INFO Ring 01 : 2 -> 3 -> 4
furious-puma-1:128001:128334 [5] NCCL INFO Ring 11 : 4 -> 5 -> 6
furious-puma-1:128003:128336 [7] NCCL INFO Ring 10 : 6 -> 7 -> 0
furious-puma-1:128001:128334 [5] NCCL INFO Ring 12 : 4 -> 5 -> 6
furious-puma-1:127998:128337 [2] NCCL INFO Ring 20 : 1 -> 2 -> 3
furious-puma-1:127997:128346 [1] NCCL INFO Tree 4 : 0 -> 1 -> 2/-1/-1
furious-puma-1:128000:128333 [4] NCCL INFO Ring 10 : 3 -> 4 -> 5
furious-puma-1:128003:128336 [7] NCCL INFO Ring 11 : 6 -> 7 -> 0
furious-puma-1:127996:128347 [0] NCCL INFO Tree 15 : -1 -> 0 -> 1/-1/-1
furious-puma-1:127999:128332 [3] NCCL INFO Ring 02 : 2 -> 3 -> 4
furious-puma-1:128001:128334 [5] NCCL INFO Ring 13 : 4 -> 5 -> 6
furious-puma-1:127998:128337 [2] NCCL INFO Ring 21 : 1 -> 2 -> 3
furious-puma-1:127997:128346 [1] NCCL INFO Tree 16 : 0 -> 1 -> 2/-1/-1
furious-puma-1:128000:128333 [4] NCCL INFO Ring 11 : 3 -> 4 -> 5
furious-puma-1:128003:128336 [7] NCCL INFO Ring 12 : 6 -> 7 -> 0
furious-puma-1:127996:128347 [0] NCCL INFO Tree 4 : -1 -> 0 -> 1/-1/-1
furious-puma-1:128001:128334 [5] NCCL INFO Ring 14 : 4 -> 5 -> 6
furious-puma-1:127998:128337 [2] NCCL INFO Ring 22 : 1 -> 2 -> 3
furious-puma-1:127999:128332 [3] NCCL INFO Ring 03 : 2 -> 3 -> 4
furious-puma-1:127997:128346 [1] NCCL INFO Tree 5 : 0 -> 1 -> 2/-1/-1
furious-puma-1:128000:128333 [4] NCCL INFO Ring 12 : 3 -> 4 -> 5
furious-puma-1:128003:128336 [7] NCCL INFO Ring 13 : 6 -> 7 -> 0
furious-puma-1:128001:128334 [5] NCCL INFO Ring 15 : 4 -> 5 -> 6
furious-puma-1:127996:128347 [0] NCCL INFO Tree 16 : -1 -> 0 -> 1/-1/-1
furious-puma-1:127998:128337 [2] NCCL INFO Ring 23 : 1 -> 2 -> 3
furious-puma-1:127999:128332 [3] NCCL INFO Ring 04 : 2 -> 3 -> 4
furious-puma-1:127997:128346 [1] NCCL INFO Tree 17 : 0 -> 1 -> 2/-1/-1
furious-puma-1:128000:128333 [4] NCCL INFO Ring 13 : 3 -> 4 -> 5
furious-puma-1:128003:128336 [7] NCCL INFO Ring 14 : 6 -> 7 -> 0
furious-puma-1:127999:128332 [3] NCCL INFO Ring 05 : 2 -> 3 -> 4
furious-puma-1:128000:128333 [4] NCCL INFO Ring 14 : 3 -> 4 -> 5
furious-puma-1:128001:128334 [5] NCCL INFO Ring 16 : 4 -> 5 -> 6
furious-puma-1:128003:128336 [7] NCCL INFO Ring 15 : 6 -> 7 -> 0
furious-puma-1:127998:128337 [2] NCCL INFO Trees [0] 3/-1/-1->2->1 [1] 3/-1/-1->2->1 [2] 3/-1/-1->2->1 [3] 3/-1/-1->2->1 [4] 3/-1/-1->2->1 [5] 3/-1/-1->2->1 [6] 3/-1/-1->2->1 [7] 3/-1/-1->2->1 [8] 3/-1/-1->2->1 [9] 3/-1/-1->2->1 [10] 3/-1/-1->2->1 [11] 3/-1/-1->2->1 [12] 3/-1/-1->2->1 [13] 3/-1/-1->2->1 [14] 3/-1/-1->2->1 [15] 3/-1/-1->2->1 [16] 3/-1/-1->2->1 [17] 3/-1/-1->2->1 [18] 3/-1/-1->2->1 [19] 3/-1/-1->2->1 [20] 3/-1/-1->2->1 [21] 3/-1/-1->2->1 [22] 3/-1/-1->2->1 [23] 3/-1/-1->2->1
furious-puma-1:128000:128333 [4] NCCL INFO Ring 15 : 3 -> 4 -> 5
furious-puma-1:127999:128332 [3] NCCL INFO Ring 06 : 2 -> 3 -> 4
furious-puma-1:127996:128347 [0] NCCL INFO Tree 5 : -1 -> 0 -> 1/-1/-1
furious-puma-1:127997:128346 [1] NCCL INFO Tree 6 : 0 -> 1 -> 2/-1/-1
furious-puma-1:128001:128334 [5] NCCL INFO Ring 17 : 4 -> 5 -> 6
furious-puma-1:128003:128336 [7] NCCL INFO Ring 16 : 6 -> 7 -> 0
furious-puma-1:127998:128337 [2] NCCL INFO P2P Chunksize set to 524288
furious-puma-1:128000:128333 [4] NCCL INFO Ring 16 : 3 -> 4 -> 5
furious-puma-1:128003:128336 [7] NCCL INFO Ring 17 : 6 -> 7 -> 0
furious-puma-1:127999:128332 [3] NCCL INFO Ring 07 : 2 -> 3 -> 4
furious-puma-1:127996:128347 [0] NCCL INFO Tree 17 : -1 -> 0 -> 1/-1/-1
furious-puma-1:128000:128333 [4] NCCL INFO Ring 17 : 3 -> 4 -> 5
furious-puma-1:127997:128346 [1] NCCL INFO Tree 18 : 0 -> 1 -> 2/-1/-1
furious-puma-1:127996:128347 [0] NCCL INFO Tree 6 : -1 -> 0 -> 1/-1/-1
furious-puma-1:128001:128334 [5] NCCL INFO Ring 18 : 4 -> 5 -> 6
furious-puma-1:128003:128336 [7] NCCL INFO Ring 18 : 6 -> 7 -> 0
furious-puma-1:127999:128332 [3] NCCL INFO Ring 08 : 2 -> 3 -> 4
furious-puma-1:128000:128333 [4] NCCL INFO Ring 18 : 3 -> 4 -> 5
furious-puma-1:128003:128336 [7] NCCL INFO Ring 19 : 6 -> 7 -> 0
furious-puma-1:127997:128346 [1] NCCL INFO Tree 7 : 0 -> 1 -> 2/-1/-1
furious-puma-1:127996:128347 [0] NCCL INFO Tree 18 : -1 -> 0 -> 1/-1/-1
furious-puma-1:128001:128334 [5] NCCL INFO Ring 19 : 4 -> 5 -> 6
furious-puma-1:128000:128333 [4] NCCL INFO Ring 19 : 3 -> 4 -> 5
furious-puma-1:127997:128346 [1] NCCL INFO Tree 19 : 0 -> 1 -> 2/-1/-1
furious-puma-1:127999:128332 [3] NCCL INFO Ring 09 : 2 -> 3 -> 4
furious-puma-1:128003:128336 [7] NCCL INFO Ring 20 : 6 -> 7 -> 0
furious-puma-1:128001:128334 [5] NCCL INFO Ring 20 : 4 -> 5 -> 6
furious-puma-1:127996:128347 [0] NCCL INFO Tree 7 : -1 -> 0 -> 1/-1/-1
furious-puma-1:128003:128336 [7] NCCL INFO Ring 21 : 6 -> 7 -> 0
furious-puma-1:128000:128333 [4] NCCL INFO Ring 20 : 3 -> 4 -> 5
furious-puma-1:127997:128346 [1] NCCL INFO Tree 8 : 0 -> 1 -> 2/-1/-1
furious-puma-1:128000:128333 [4] NCCL INFO Ring 21 : 3 -> 4 -> 5
furious-puma-1:128001:128334 [5] NCCL INFO Ring 21 : 4 -> 5 -> 6
furious-puma-1:127997:128346 [1] NCCL INFO Tree 20 : 0 -> 1 -> 2/-1/-1
furious-puma-1:127999:128332 [3] NCCL INFO Ring 10 : 2 -> 3 -> 4
furious-puma-1:127996:128347 [0] NCCL INFO Tree 19 : -1 -> 0 -> 1/-1/-1
furious-puma-1:128003:128336 [7] NCCL INFO Ring 22 : 6 -> 7 -> 0
furious-puma-1:128001:128334 [5] NCCL INFO Ring 22 : 4 -> 5 -> 6
furious-puma-1:128000:128333 [4] NCCL INFO Ring 22 : 3 -> 4 -> 5
furious-puma-1:128003:128336 [7] NCCL INFO Ring 23 : 6 -> 7 -> 0
furious-puma-1:127997:128346 [1] NCCL INFO Tree 9 : 0 -> 1 -> 2/-1/-1
furious-puma-1:128003:128336 [7] NCCL INFO Trees [0] -1/-1/-1->7->6 [1] -1/-1/-1->7->6 [2] -1/-1/-1->7->6 [3] -1/-1/-1->7->6 [4] -1/-1/-1->7->6 [5] -1/-1/-1->7->6 [6] -1/-1/-1->7->6 [7] -1/-1/-1->7->6 [8] -1/-1/-1->7->6 [9] -1/-1/-1->7->6 [10] -1/-1/-1->7->6 [11] -1/-1/-1->7->6 [12] -1/-1/-1->7->6 [13] -1/-1/-1->7->6 [14] -1/-1/-1->7->6 [15] -1/-1/-1->7->6 [16] -1/-1/-1->7->6 [17] -1/-1/-1->7->6 [18] -1/-1/-1->7->6 [19] -1/-1/-1->7->6 [20] -1/-1/-1->7->6 [21] -1/-1/-1->7->6 [22] -1/-1/-1->7->6 [23] -1/-1/-1->7->6
furious-puma-1:128000:128333 [4] NCCL INFO Ring 23 : 3 -> 4 -> 5
furious-puma-1:127999:128332 [3] NCCL INFO Ring 11 : 2 -> 3 -> 4
furious-puma-1:128001:128334 [5] NCCL INFO Ring 23 : 4 -> 5 -> 6
furious-puma-1:128003:128336 [7] NCCL INFO P2P Chunksize set to 524288
furious-puma-1:127996:128347 [0] NCCL INFO Tree 8 : -1 -> 0 -> 1/-1/-1
furious-puma-1:127997:128346 [1] NCCL INFO Tree 21 : 0 -> 1 -> 2/-1/-1
furious-puma-1:128000:128333 [4] NCCL INFO Trees [0] 5/-1/-1->4->3 [1] 5/-1/-1->4->3 [2] 5/-1/-1->4->3 [3] 5/-1/-1->4->3 [4] 5/-1/-1->4->3 [5] 5/-1/-1->4->3 [6] 5/-1/-1->4->3 [7] 5/-1/-1->4->3 [8] 5/-1/-1->4->3 [9] 5/-1/-1->4->3 [10] 5/-1/-1->4->3 [11] 5/-1/-1->4->3 [12] 5/-1/-1->4->3 [13] 5/-1/-1->4->3 [14] 5/-1/-1->4->3 [15] 5/-1/-1->4->3 [16] 5/-1/-1->4->3 [17] 5/-1/-1->4->3 [18] 5/-1/-1->4->3 [19] 5/-1/-1->4->3 [20] 5/-1/-1->4->3 [21] 5/-1/-1->4->3 [22] 5/-1/-1->4->3 [23] 5/-1/-1->4->3
furious-puma-1:128001:128334 [5] NCCL INFO Trees [0] 6/-1/-1->5->4 [1] 6/-1/-1->5->4 [2] 6/-1/-1->5->4 [3] 6/-1/-1->5->4 [4] 6/-1/-1->5->4 [5] 6/-1/-1->5->4 [6] 6/-1/-1->5->4 [7] 6/-1/-1->5->4 [8] 6/-1/-1->5->4 [9] 6/-1/-1->5->4 [10] 6/-1/-1->5->4 [11] 6/-1/-1->5->4 [12] 6/-1/-1->5->4 [13] 6/-1/-1->5->4 [14] 6/-1/-1->5->4 [15] 6/-1/-1->5->4 [16] 6/-1/-1->5->4 [17] 6/-1/-1->5->4 [18] 6/-1/-1->5->4 [19] 6/-1/-1->5->4 [20] 6/-1/-1->5->4 [21] 6/-1/-1->5->4 [22] 6/-1/-1->5->4 [23] 6/-1/-1->5->4
furious-puma-1:127999:128332 [3] NCCL INFO Ring 12 : 2 -> 3 -> 4
furious-puma-1:127996:128347 [0] NCCL INFO Tree 20 : -1 -> 0 -> 1/-1/-1
furious-puma-1:128000:128333 [4] NCCL INFO P2P Chunksize set to 524288
furious-puma-1:127997:128346 [1] NCCL INFO Tree 10 : 0 -> 1 -> 2/-1/-1
furious-puma-1:127999:128332 [3] NCCL INFO Ring 13 : 2 -> 3 -> 4
furious-puma-1:127996:128347 [0] NCCL INFO Tree 9 : -1 -> 0 -> 1/-1/-1
furious-puma-1:128001:128334 [5] NCCL INFO P2P Chunksize set to 524288
furious-puma-1:127997:128346 [1] NCCL INFO Tree 22 : 0 -> 1 -> 2/-1/-1
furious-puma-1:127999:128332 [3] NCCL INFO Ring 14 : 2 -> 3 -> 4
furious-puma-1:127996:128347 [0] NCCL INFO Tree 21 : -1 -> 0 -> 1/-1/-1
furious-puma-1:127997:128346 [1] NCCL INFO Tree 11 : 0 -> 1 -> 2/-1/-1
furious-puma-1:127999:128332 [3] NCCL INFO Ring 15 : 2 -> 3 -> 4
furious-puma-1:127997:128346 [1] NCCL INFO Tree 23 : 0 -> 1 -> 2/-1/-1
furious-puma-1:127996:128347 [0] NCCL INFO Tree 10 : -1 -> 0 -> 1/-1/-1
furious-puma-1:127999:128332 [3] NCCL INFO Ring 16 : 2 -> 3 -> 4
furious-puma-1:127996:128347 [0] NCCL INFO Tree 22 : -1 -> 0 -> 1/-1/-1
furious-puma-1:127996:128347 [0] NCCL INFO Tree 11 : -1 -> 0 -> 1/-1/-1
furious-puma-1:127999:128332 [3] NCCL INFO Ring 17 : 2 -> 3 -> 4
furious-puma-1:127996:128347 [0] NCCL INFO Tree 23 : -1 -> 0 -> 1/-1/-1
furious-puma-1:127999:128332 [3] NCCL INFO Ring 18 : 2 -> 3 -> 4
furious-puma-1:127999:128332 [3] NCCL INFO Ring 19 : 2 -> 3 -> 4
furious-puma-1:127997:128346 [1] NCCL INFO Ring 00 : 0 -> 1 -> 2
furious-puma-1:127999:128332 [3] NCCL INFO Ring 20 : 2 -> 3 -> 4
furious-puma-1:127997:128346 [1] NCCL INFO Ring 01 : 0 -> 1 -> 2
furious-puma-1:127999:128332 [3] NCCL INFO Ring 21 : 2 -> 3 -> 4
furious-puma-1:127997:128346 [1] NCCL INFO Ring 02 : 0 -> 1 -> 2
furious-puma-1:127996:128347 [0] NCCL INFO Channel 00/24 : 0 1 2 3 4 5 6 7
furious-puma-1:127997:128346 [1] NCCL INFO Ring 03 : 0 -> 1 -> 2
furious-puma-1:127999:128332 [3] NCCL INFO Ring 22 : 2 -> 3 -> 4
furious-puma-1:127997:128346 [1] NCCL INFO Ring 04 : 0 -> 1 -> 2
furious-puma-1:127996:128347 [0] NCCL INFO Channel 01/24 : 0 1 2 3 4 5 6 7
furious-puma-1:127997:128346 [1] NCCL INFO Ring 05 : 0 -> 1 -> 2
furious-puma-1:127999:128332 [3] NCCL INFO Ring 23 : 2 -> 3 -> 4
furious-puma-1:127997:128346 [1] NCCL INFO Ring 06 : 0 -> 1 -> 2
furious-puma-1:127999:128332 [3] NCCL INFO Trees [0] 4/-1/-1->3->2 [1] 4/-1/-1->3->2 [2] 4/-1/-1->3->2 [3] 4/-1/-1->3->2 [4] 4/-1/-1->3->2 [5] 4/-1/-1->3->2 [6] 4/-1/-1->3->2 [7] 4/-1/-1->3->2 [8] 4/-1/-1->3->2 [9] 4/-1/-1->3->2 [10] 4/-1/-1->3->2 [11] 4/-1/-1->3->2 [12] 4/-1/-1->3->2 [13] 4/-1/-1->3->2 [14] 4/-1/-1->3->2 [15] 4/-1/-1->3->2 [16] 4/-1/-1->3->2 [17] 4/-1/-1->3->2 [18] 4/-1/-1->3->2 [19] 4/-1/-1->3->2 [20] 4/-1/-1->3->2 [21] 4/-1/-1->3->2 [22] 4/-1/-1->3->2 [23] 4/-1/-1->3->2
furious-puma-1:127996:128347 [0] NCCL INFO Channel 02/24 : 0 1 2 3 4 5 6 7
furious-puma-1:127997:128346 [1] NCCL INFO Ring 07 : 0 -> 1 -> 2
furious-puma-1:127997:128346 [1] NCCL INFO Ring 08 : 0 -> 1 -> 2
furious-puma-1:127999:128332 [3] NCCL INFO P2P Chunksize set to 524288
furious-puma-1:127997:128346 [1] NCCL INFO Ring 09 : 0 -> 1 -> 2
furious-puma-1:127996:128347 [0] NCCL INFO Channel 03/24 : 0 1 2 3 4 5 6 7
furious-puma-1:127997:128346 [1] NCCL INFO Ring 10 : 0 -> 1 -> 2
furious-puma-1:127997:128346 [1] NCCL INFO Ring 11 : 0 -> 1 -> 2
furious-puma-1:127996:128347 [0] NCCL INFO Channel 04/24 : 0 1 2 3 4 5 6 7
furious-puma-1:127997:128346 [1] NCCL INFO Ring 12 : 0 -> 1 -> 2
furious-puma-1:127997:128346 [1] NCCL INFO Ring 13 : 0 -> 1 -> 2
furious-puma-1:127997:128346 [1] NCCL INFO Ring 14 : 0 -> 1 -> 2
furious-puma-1:127996:128347 [0] NCCL INFO Channel 05/24 : 0 1 2 3 4 5 6 7
furious-puma-1:127997:128346 [1] NCCL INFO Ring 15 : 0 -> 1 -> 2
furious-puma-1:127997:128346 [1] NCCL INFO Ring 16 : 0 -> 1 -> 2
furious-puma-1:127996:128347 [0] NCCL INFO Channel 06/24 : 0 1 2 3 4 5 6 7
furious-puma-1:127997:128346 [1] NCCL INFO Ring 17 : 0 -> 1 -> 2
furious-puma-1:127997:128346 [1] NCCL INFO Ring 18 : 0 -> 1 -> 2
furious-puma-1:127997:128346 [1] NCCL INFO Ring 19 : 0 -> 1 -> 2
furious-puma-1:127996:128347 [0] NCCL INFO Channel 07/24 : 0 1 2 3 4 5 6 7
furious-puma-1:127997:128346 [1] NCCL INFO Ring 20 : 0 -> 1 -> 2
furious-puma-1:127997:128346 [1] NCCL INFO Ring 21 : 0 -> 1 -> 2
furious-puma-1:127996:128347 [0] NCCL INFO Channel 08/24 : 0 1 2 3 4 5 6 7
furious-puma-1:127997:128346 [1] NCCL INFO Ring 22 : 0 -> 1 -> 2
furious-puma-1:127997:128346 [1] NCCL INFO Ring 23 : 0 -> 1 -> 2
furious-puma-1:127997:128346 [1] NCCL INFO Trees [0] 2/-1/-1->1->0 [1] 2/-1/-1->1->0 [2] 2/-1/-1->1->0 [3] 2/-1/-1->1->0 [4] 2/-1/-1->1->0 [5] 2/-1/-1->1->0 [6] 2/-1/-1->1->0 [7] 2/-1/-1->1->0 [8] 2/-1/-1->1->0 [9] 2/-1/-1->1->0 [10] 2/-1/-1->1->0 [11] 2/-1/-1->1->0 [12] 2/-1/-1->1->0 [13] 2/-1/-1->1->0 [14] 2/-1/-1->1->0 [15] 2/-1/-1->1->0 [16] 2/-1/-1->1->0 [17] 2/-1/-1->1->0 [18] 2/-1/-1->1->0 [19] 2/-1/-1->1->0 [20] 2/-1/-1->1->0 [21] 2/-1/-1->1->0 [22] 2/-1/-1->1->0 [23] 2/-1/-1->1->0
furious-puma-1:127996:128347 [0] NCCL INFO Channel 09/24 : 0 1 2 3 4 5 6 7
furious-puma-1:127997:128346 [1] NCCL INFO P2P Chunksize set to 524288
furious-puma-1:127996:128347 [0] NCCL INFO Channel 10/24 : 0 1 2 3 4 5 6 7
furious-puma-1:127996:128347 [0] NCCL INFO Channel 11/24 : 0 1 2 3 4 5 6 7
furious-puma-1:127996:128347 [0] NCCL INFO Channel 12/24 : 0 1 2 3 4 5 6 7
furious-puma-1:127996:128347 [0] NCCL INFO Channel 13/24 : 0 1 2 3 4 5 6 7
furious-puma-1:127996:128347 [0] NCCL INFO Channel 14/24 : 0 1 2 3 4 5 6 7
furious-puma-1:127996:128347 [0] NCCL INFO Channel 15/24 : 0 1 2 3 4 5 6 7
furious-puma-1:127996:128347 [0] NCCL INFO Channel 16/24 : 0 1 2 3 4 5 6 7
furious-puma-1:127996:128347 [0] NCCL INFO Channel 17/24 : 0 1 2 3 4 5 6 7
furious-puma-1:127996:128347 [0] NCCL INFO Channel 18/24 : 0 1 2 3 4 5 6 7
furious-puma-1:127996:128347 [0] NCCL INFO Channel 19/24 : 0 1 2 3 4 5 6 7
furious-puma-1:127996:128347 [0] NCCL INFO Channel 20/24 : 0 1 2 3 4 5 6 7
furious-puma-1:127996:128347 [0] NCCL INFO Channel 21/24 : 0 1 2 3 4 5 6 7
furious-puma-1:127996:128347 [0] NCCL INFO Channel 22/24 : 0 1 2 3 4 5 6 7
furious-puma-1:127996:128347 [0] NCCL INFO Channel 23/24 : 0 1 2 3 4 5 6 7
furious-puma-1:127996:128347 [0] NCCL INFO Ring 00 : 7 -> 0 -> 1
furious-puma-1:127996:128347 [0] NCCL INFO Ring 01 : 7 -> 0 -> 1
furious-puma-1:127996:128347 [0] NCCL INFO Ring 02 : 7 -> 0 -> 1
furious-puma-1:127996:128347 [0] NCCL INFO Ring 03 : 7 -> 0 -> 1
furious-puma-1:127996:128347 [0] NCCL INFO Ring 04 : 7 -> 0 -> 1
furious-puma-1:127996:128347 [0] NCCL INFO Ring 05 : 7 -> 0 -> 1
furious-puma-1:127996:128347 [0] NCCL INFO Ring 06 : 7 -> 0 -> 1
furious-puma-1:127996:128347 [0] NCCL INFO Ring 07 : 7 -> 0 -> 1
furious-puma-1:127996:128347 [0] NCCL INFO Ring 08 : 7 -> 0 -> 1
furious-puma-1:127996:128347 [0] NCCL INFO Ring 09 : 7 -> 0 -> 1
furious-puma-1:127996:128347 [0] NCCL INFO Ring 10 : 7 -> 0 -> 1
furious-puma-1:127996:128347 [0] NCCL INFO Ring 11 : 7 -> 0 -> 1
furious-puma-1:127996:128347 [0] NCCL INFO Ring 12 : 7 -> 0 -> 1
furious-puma-1:127996:128347 [0] NCCL INFO Ring 13 : 7 -> 0 -> 1
furious-puma-1:127996:128347 [0] NCCL INFO Ring 14 : 7 -> 0 -> 1
furious-puma-1:127996:128347 [0] NCCL INFO Ring 15 : 7 -> 0 -> 1
furious-puma-1:127996:128347 [0] NCCL INFO Ring 16 : 7 -> 0 -> 1
furious-puma-1:127996:128347 [0] NCCL INFO Ring 17 : 7 -> 0 -> 1
furious-puma-1:127996:128347 [0] NCCL INFO Ring 18 : 7 -> 0 -> 1
furious-puma-1:127996:128347 [0] NCCL INFO Ring 19 : 7 -> 0 -> 1
furious-puma-1:127996:128347 [0] NCCL INFO Ring 20 : 7 -> 0 -> 1
furious-puma-1:127996:128347 [0] NCCL INFO Ring 21 : 7 -> 0 -> 1
furious-puma-1:127996:128347 [0] NCCL INFO Ring 22 : 7 -> 0 -> 1
furious-puma-1:127996:128347 [0] NCCL INFO Ring 23 : 7 -> 0 -> 1
furious-puma-1:127996:128347 [0] NCCL INFO Trees [0] 1/-1/-1->0->-1 [1] 1/-1/-1->0->-1 [2] 1/-1/-1->0->-1 [3] 1/-1/-1->0->-1 [4] 1/-1/-1->0->-1 [5] 1/-1/-1->0->-1 [6] 1/-1/-1->0->-1 [7] 1/-1/-1->0->-1 [8] 1/-1/-1->0->-1 [9] 1/-1/-1->0->-1 [10] 1/-1/-1->0->-1 [11] 1/-1/-1->0->-1 [12] 1/-1/-1->0->-1 [13] 1/-1/-1->0->-1 [14] 1/-1/-1->0->-1 [15] 1/-1/-1->0->-1 [16] 1/-1/-1->0->-1 [17] 1/-1/-1->0->-1 [18] 1/-1/-1->0->-1 [19] 1/-1/-1->0->-1 [20] 1/-1/-1->0->-1 [21] 1/-1/-1->0->-1 [22] 1/-1/-1->0->-1 [23] 1/-1/-1->0->-1
furious-puma-1:127996:128347 [0] NCCL INFO P2P Chunksize set to 524288
furious-puma-1:128002:128335 [6] NCCL INFO PROFILER/Plugin: Could not find: libnccl-profiler.so. 
furious-puma-1:128002:128431 [6] NCCL INFO [Proxy Service UDS] Device 6 CPU core 83
furious-puma-1:128002:128430 [6] NCCL INFO [Proxy Service] Device 6 CPU core 82
furious-puma-1:127998:128337 [2] NCCL INFO PROFILER/Plugin: Could not find: libnccl-profiler.so. 
furious-puma-1:127998:128432 [2] NCCL INFO [Proxy Service] Device 2 CPU core 11
furious-puma-1:127998:128433 [2] NCCL INFO [Proxy Service UDS] Device 2 CPU core 14
furious-puma-1:128001:128334 [5] NCCL INFO PROFILER/Plugin: Could not find: libnccl-profiler.so. 
furious-puma-1:128001:128434 [5] NCCL INFO [Proxy Service] Device 5 CPU core 87
furious-puma-1:128001:128435 [5] NCCL INFO [Proxy Service UDS] Device 5 CPU core 96
furious-puma-1:127997:128346 [1] NCCL INFO PROFILER/Plugin: Could not find: libnccl-profiler.so. 
furious-puma-1:127997:128436 [1] NCCL INFO [Proxy Service] Device 1 CPU core 16
furious-puma-1:127997:128437 [1] NCCL INFO [Proxy Service UDS] Device 1 CPU core 17
furious-puma-1:128003:128336 [7] NCCL INFO PROFILER/Plugin: Could not find: libnccl-profiler.so. 
furious-puma-1:128003:128438 [7] NCCL INFO [Proxy Service] Device 7 CPU core 83
furious-puma-1:128003:128439 [7] NCCL INFO [Proxy Service UDS] Device 7 CPU core 82
furious-puma-1:128000:128333 [4] NCCL INFO PROFILER/Plugin: Could not find: libnccl-profiler.so. 
furious-puma-1:128000:128441 [4] NCCL INFO [Proxy Service UDS] Device 4 CPU core 103
furious-puma-1:128000:128440 [4] NCCL INFO [Proxy Service] Device 4 CPU core 102
furious-puma-1:127996:128347 [0] NCCL INFO PROFILER/Plugin: Could not find: libnccl-profiler.so. 
furious-puma-1:127996:128347 [0] NCCL INFO Check P2P Type isAllDirectP2p 1 directMode 0
furious-puma-1:127996:128443 [0] NCCL INFO [Proxy Service UDS] Device 0 CPU core 67
furious-puma-1:127996:128442 [0] NCCL INFO [Proxy Service] Device 0 CPU core 66
furious-puma-1:127999:128332 [3] NCCL INFO PROFILER/Plugin: Could not find: libnccl-profiler.so. 
furious-puma-1:127999:128444 [3] NCCL INFO [Proxy Service] Device 3 CPU core 68
furious-puma-1:127999:128445 [3] NCCL INFO [Proxy Service UDS] Device 3 CPU core 69
furious-puma-1:127997:128346 [1] NCCL INFO threadThresholds 8/8/64 | 64/8/64 | 512 | 512
furious-puma-1:127997:128346 [1] NCCL INFO 24 coll channels, 24 collnet channels, 16 nvls channels, 32 p2p channels, 32 p2p channels per peer
furious-puma-1:127998:128337 [2] NCCL INFO threadThresholds 8/8/64 | 64/8/64 | 512 | 512
furious-puma-1:127998:128337 [2] NCCL INFO 24 coll channels, 24 collnet channels, 16 nvls channels, 32 p2p channels, 32 p2p channels per peer
furious-puma-1:128000:128333 [4] NCCL INFO threadThresholds 8/8/64 | 64/8/64 | 512 | 512
furious-puma-1:128000:128333 [4] NCCL INFO 24 coll channels, 24 collnet channels, 16 nvls channels, 32 p2p channels, 32 p2p channels per peer
furious-puma-1:128002:128335 [6] NCCL INFO threadThresholds 8/8/64 | 64/8/64 | 512 | 512
furious-puma-1:128002:128335 [6] NCCL INFO 24 coll channels, 24 collnet channels, 16 nvls channels, 32 p2p channels, 32 p2p channels per peer
furious-puma-1:127996:128347 [0] NCCL INFO threadThresholds 8/8/64 | 64/8/64 | 512 | 512
furious-puma-1:127996:128347 [0] NCCL INFO 24 coll channels, 24 collnet channels, 16 nvls channels, 32 p2p channels, 32 p2p channels per peer
furious-puma-1:128001:128334 [5] NCCL INFO threadThresholds 8/8/64 | 64/8/64 | 512 | 512
furious-puma-1:128001:128334 [5] NCCL INFO 24 coll channels, 24 collnet channels, 16 nvls channels, 32 p2p channels, 32 p2p channels per peer
furious-puma-1:127996:128347 [0] NCCL INFO CC Off, workFifoBytes 1048576
furious-puma-1:128003:128336 [7] NCCL INFO threadThresholds 8/8/64 | 64/8/64 | 512 | 512
furious-puma-1:128003:128336 [7] NCCL INFO 24 coll channels, 24 collnet channels, 16 nvls channels, 32 p2p channels, 32 p2p channels per peer
furious-puma-1:127999:128332 [3] NCCL INFO threadThresholds 8/8/64 | 64/8/64 | 512 | 512
furious-puma-1:127999:128332 [3] NCCL INFO 24 coll channels, 24 collnet channels, 16 nvls channels, 32 p2p channels, 32 p2p channels per peer
furious-puma-1:128003:128336 [7] NCCL INFO TUNER/Plugin: Could not find: libnccl-tuner.so. Using internal tuner plugin.
furious-puma-1:128003:128336 [7] NCCL INFO ncclCommInitRankConfig comm 0x2e45e2a0 rank 7 nranks 8 cudaDev 7 nvmlDev 7 busId ef000 commId 0x8da0e17d29f65147 - Init COMPLETE
furious-puma-1:128003:128336 [7] NCCL INFO Init timings - ncclCommInitRankConfig: rank 7 nranks 8 total 1.79 (kernels 0.38, alloc 0.67, bootstrap 0.29, allgathers 0.01, topo 0.06, graphs 0.02, connections 0.33, rest 0.03)
furious-puma-1:127999:128332 [3] NCCL INFO TUNER/Plugin: Could not find: libnccl-tuner.so. Using internal tuner plugin.
furious-puma-1:127999:128332 [3] NCCL INFO ncclCommInitRankConfig comm 0x3a5a4e00 rank 3 nranks 8 cudaDev 3 nvmlDev 3 busId af000 commId 0x8da0e17d29f65147 - Init COMPLETE
furious-puma-1:127999:128332 [3] NCCL INFO Init timings - ncclCommInitRankConfig: rank 3 nranks 8 total 1.80 (kernels 0.40, alloc 0.69, bootstrap 0.26, allgathers 0.01, topo 0.06, graphs 0.02, connections 0.33, rest 0.03)
furious-puma-1:127996:128347 [0] NCCL INFO TUNER/Plugin: Could not find: libnccl-tuner.so. Using internal tuner plugin.
furious-puma-1:127996:128347 [0] NCCL INFO ncclCommInitRankConfig comm 0x3a728530 rank 0 nranks 8 cudaDev 0 nvmlDev 0 busId 7f000 commId 0x8da0e17d29f65147 - Init COMPLETE
furious-puma-1:127996:128347 [0] NCCL INFO Init timings - ncclCommInitRankConfig: rank 0 nranks 8 total 1.59 (kernels 0.79, alloc 0.23, bootstrap 0.13, allgathers 0.01, topo 0.06, graphs 0.02, connections 0.32, rest 0.04)
furious-puma-1:128000:128333 [4] NCCL INFO TUNER/Plugin: Could not find: libnccl-tuner.so. Using internal tuner plugin.
furious-puma-1:128000:128333 [4] NCCL INFO ncclCommInitRankConfig comm 0x440258c0 rank 4 nranks 8 cudaDev 4 nvmlDev 4 busId bf000 commId 0x8da0e17d29f65147 - Init COMPLETE
furious-puma-1:128000:128333 [4] NCCL INFO Init timings - ncclCommInitRankConfig: rank 4 nranks 8 total 1.80 (kernels 0.41, alloc 0.69, bootstrap 0.26, allgathers 0.02, topo 0.06, graphs 0.01, connections 0.33, rest 0.04)
furious-puma-1:128001:128334 [5] NCCL INFO TUNER/Plugin: Could not find: libnccl-tuner.so. Using internal tuner plugin.
furious-puma-1:128001:128334 [5] NCCL INFO ncclCommInitRankConfig comm 0x3549c790 rank 5 nranks 8 cudaDev 5 nvmlDev 5 busId cf000 commId 0x8da0e17d29f65147 - Init COMPLETE
furious-puma-1:128001:128334 [5] NCCL INFO Init timings - ncclCommInitRankConfig: rank 5 nranks 8 total 1.80 (kernels 0.41, alloc 0.69, bootstrap 0.26, allgathers 0.02, topo 0.06, graphs 0.01, connections 0.33, rest 0.03)
furious-puma-1:127998:128337 [2] NCCL INFO TUNER/Plugin: Could not find: libnccl-tuner.so. Using internal tuner plugin.
furious-puma-1:127998:128337 [2] NCCL INFO ncclCommInitRankConfig comm 0x44248c40 rank 2 nranks 8 cudaDev 2 nvmlDev 2 busId 9f000 commId 0x8da0e17d29f65147 - Init COMPLETE
furious-puma-1:127998:128337 [2] NCCL INFO Init timings - ncclCommInitRankConfig: rank 2 nranks 8 total 1.80 (kernels 0.58, alloc 0.56, bootstrap 0.21, allgathers 0.02, topo 0.06, graphs 0.01, connections 0.33, rest 0.03)
furious-puma-1:128002:128335 [6] NCCL INFO TUNER/Plugin: Could not find: libnccl-tuner.so. Using internal tuner plugin.
furious-puma-1:128002:128335 [6] NCCL INFO ncclCommInitRankConfig comm 0x3aa2e620 rank 6 nranks 8 cudaDev 6 nvmlDev 6 busId df000 commId 0x8da0e17d29f65147 - Init COMPLETE
furious-puma-1:128002:128335 [6] NCCL INFO Init timings - ncclCommInitRankConfig: rank 6 nranks 8 total 1.80 (kernels 0.39, alloc 0.69, bootstrap 0.26, allgathers 0.01, topo 0.06, graphs 0.02, connections 0.35, rest 0.02)
furious-puma-1:127997:128346 [1] NCCL INFO TUNER/Plugin: Could not find: libnccl-tuner.so. Using internal tuner plugin.
furious-puma-1:127997:128346 [1] NCCL INFO ncclCommInitRankConfig comm 0x3b9c0280 rank 1 nranks 8 cudaDev 1 nvmlDev 1 busId 8f000 commId 0x8da0e17d29f65147 - Init COMPLETE
furious-puma-1:127997:128346 [1] NCCL INFO Init timings - ncclCommInitRankConfig: rank 1 nranks 8 total 1.60 (kernels 1.00, alloc 0.15, bootstrap 0.00, allgathers 0.01, topo 0.06, graphs 0.01, connections 0.33, rest 0.04)
This prints only on the main process!
CUDA available: True
GPU count: 8
BF16 supported: True
CUDA_DEVICES: 0,1,2,3,4,5,6,7
CONFIG_FILE: examples/ALI/accelerate_configs/deepspeed_zero1.yaml
TRAIN_SCRIPT: examples/ALI/scripts/train_ft_sft_main10.py
PROJECT_NAME: phd_deepspeed_zero1_8_bs_4_3b
n_GPUs: 8
loading configuration file config.json from cache at /home/ubuntu/.cache/huggingface/transformers/models--meta-llama--Llama-3.2-3B-Instruct/snapshots/0cb88a4f764b7a12671c53f0838cd831a0843b95/config.json
Model config LlamaConfig {
  "architectures": [
    "LlamaForCausalLM"
  ],
  "attention_bias": false,
  "attention_dropout": 0.0,
  "bos_token_id": 128000,
  "dtype": "bfloat16",
  "eos_token_id": [
    128001,
    128008,
    128009
  ],
  "head_dim": 128,
  "hidden_act": "silu",
  "hidden_size": 3072,
  "initializer_range": 0.02,
  "intermediate_size": 8192,
  "max_position_embeddings": 131072,
  "mlp_bias": false,
  "model_type": "llama",
  "num_attention_heads": 24,
  "num_hidden_layers": 28,
  "num_key_value_heads": 8,
  "pretraining_tp": 1,
  "rms_norm_eps": 1e-05,
  "rope_scaling": {
    "factor": 32.0,
    "high_freq_factor": 4.0,
    "low_freq_factor": 1.0,
    "original_max_position_embeddings": 8192,
    "rope_type": "llama3"
  },
  "rope_theta": 500000.0,
  "tie_word_embeddings": true,
  "transformers_version": "4.57.3",
  "use_cache": true,
  "vocab_size": 128256
}

loading weights file model.safetensors from cache at /home/ubuntu/.cache/huggingface/transformers/models--meta-llama--Llama-3.2-3B-Instruct/snapshots/0cb88a4f764b7a12671c53f0838cd831a0843b95/model.safetensors.index.json
loading configuration file config.json from cache at /home/ubuntu/.cache/huggingface/transformers/models--meta-llama--Llama-3.2-3B-Instruct/snapshots/0cb88a4f764b7a12671c53f0838cd831a0843b95/config.json
loading configuration file config.json from cache at /home/ubuntu/.cache/huggingface/transformers/models--meta-llama--Llama-3.2-3B-Instruct/snapshots/0cb88a4f764b7a12671c53f0838cd831a0843b95/config.json
Generate config GenerationConfig {
  "bos_token_id": 128000,
  "eos_token_id": [
    128001,
    128008,
    128009
  ]
}

loading configuration file config.json from cache at /home/ubuntu/.cache/huggingface/transformers/models--meta-llama--Llama-3.2-3B-Instruct/snapshots/0cb88a4f764b7a12671c53f0838cd831a0843b95/config.json
Model config LlamaConfig {
  "architectures": [
    "LlamaForCausalLM"
  ],
  "attention_bias": false,
  "attention_dropout": 0.0,
  "bos_token_id": 128000,
  "dtype": "bfloat16",
  "eos_token_id": [
    128001,
    128008,
    128009
  ],
  "head_dim": 128,
  "hidden_act": "silu",
  "hidden_size": 3072,
  "initializer_range": 0.02,
  "intermediate_size": 8192,
  "max_position_embeddings": 131072,
  "mlp_bias": false,
  "model_type": "llama",
  "num_attention_heads": 24,
  "num_hidden_layers": 28,
  "num_key_value_heads": 8,
  "pretraining_tp": 1,
  "rms_norm_eps": 1e-05,
  "rope_scaling": {
    "factor": 32.0,
    "high_freq_factor": 4.0,
    "low_freq_factor": 1.0,
    "original_max_position_embeddings": 8192,
    "rope_type": "llama3"
  },
  "rope_theta": 500000.0,
  "tie_word_embeddings": true,
  "transformers_version": "4.57.3",
  "use_cache": true,
  "vocab_size": 128256
}

Model config LlamaConfig {
  "architectures": [
    "LlamaForCausalLM"
  ],
  "attention_bias": false,
  "attention_dropout": 0.0,
  "bos_token_id": 128000,
  "dtype": "bfloat16",
  "eos_token_id": [
    128001,
    128008,
    128009
  ],
  "head_dim": 128,
  "hidden_act": "silu",
  "hidden_size": 3072,
  "initializer_range": 0.02,
  "intermediate_size": 8192,
  "max_position_embeddings": 131072,
  "mlp_bias": false,
  "model_type": "llama",
  "num_attention_heads": 24,
  "num_hidden_layers": 28,
  "num_key_value_heads": 8,
  "pretraining_tp": 1,
  "rms_norm_eps": 1e-05,
  "rope_scaling": {
    "factor": 32.0,
    "high_freq_factor": 4.0,
    "low_freq_factor": 1.0,
    "original_max_position_embeddings": 8192,
    "rope_type": "llama3"
  },
  "rope_theta": 500000.0,
  "tie_word_embeddings": true,
  "transformers_version": "4.57.3",
  "use_cache": true,
  "vocab_size": 128256
}

loading configuration file config.json from cache at /home/ubuntu/.cache/huggingface/transformers/models--meta-llama--Llama-3.2-3B-Instruct/snapshots/0cb88a4f764b7a12671c53f0838cd831a0843b95/config.json
Model config LlamaConfig {
  "architectures": [
    "LlamaForCausalLM"
  ],
  "attention_bias": false,
  "attention_dropout": 0.0,
  "bos_token_id": 128000,
  "dtype": "bfloat16",
  "eos_token_id": [
    128001,
    128008,
    128009
  ],
  "head_dim": 128,
  "hidden_act": "silu",
  "hidden_size": 3072,
  "initializer_range": 0.02,
  "intermediate_size": 8192,
  "max_position_embeddings": 131072,
  "mlp_bias": false,
  "model_type": "llama",
  "num_attention_heads": 24,
  "num_hidden_layers": 28,
  "num_key_value_heads": 8,
  "pretraining_tp": 1,
  "rms_norm_eps": 1e-05,
  "rope_scaling": {
    "factor": 32.0,
    "high_freq_factor": 4.0,
    "low_freq_factor": 1.0,
    "original_max_position_embeddings": 8192,
    "rope_type": "llama3"
  },
  "rope_theta": 500000.0,
  "tie_word_embeddings": true,
  "transformers_version": "4.57.3",
  "use_cache": true,
  "vocab_size": 128256
}

Model config LlamaConfig {
  "architectures": [
    "LlamaForCausalLM"
  ],
  "attention_bias": false,
  "attention_dropout": 0.0,
  "bos_token_id": 128000,
  "dtype": "bfloat16",
  "eos_token_id": [
    128001,
    128008,
    128009
  ],
  "head_dim": 128,
  "hidden_act": "silu",
  "hidden_size": 3072,
  "initializer_range": 0.02,
  "intermediate_size": 8192,
  "max_position_embeddings": 131072,
  "mlp_bias": false,
  "model_type": "llama",
  "num_attention_heads": 24,
  "num_hidden_layers": 28,
  "num_key_value_heads": 8,
  "pretraining_tp": 1,
  "rms_norm_eps": 1e-05,
  "rope_scaling": {
    "factor": 32.0,
    "high_freq_factor": 4.0,
    "low_freq_factor": 1.0,
    "original_max_position_embeddings": 8192,
    "rope_type": "llama3"
  },
  "rope_theta": 500000.0,
  "tie_word_embeddings": true,
  "transformers_version": "4.57.3",
  "use_cache": true,
  "vocab_size": 128256
}

loading weights file model.safetensors from cache at /home/ubuntu/.cache/huggingface/transformers/models--meta-llama--Llama-3.2-3B-Instruct/snapshots/0cb88a4f764b7a12671c53f0838cd831a0843b95/model.safetensors.index.json
loading configuration file config.json from cache at /home/ubuntu/.cache/huggingface/transformers/models--meta-llama--Llama-3.2-3B-Instruct/snapshots/0cb88a4f764b7a12671c53f0838cd831a0843b95/config.json
Generate config GenerationConfig {
  "bos_token_id": 128000,
  "eos_token_id": [
    128001,
    128008,
    128009
  ]
}

loading weights file model.safetensors from cache at /home/ubuntu/.cache/huggingface/transformers/models--meta-llama--Llama-3.2-3B-Instruct/snapshots/0cb88a4f764b7a12671c53f0838cd831a0843b95/model.safetensors.index.json
Model config LlamaConfig {
  "architectures": [
    "LlamaForCausalLM"
  ],
  "attention_bias": false,
  "attention_dropout": 0.0,
  "bos_token_id": 128000,
  "dtype": "bfloat16",
  "eos_token_id": [
    128001,
    128008,
    128009
  ],
  "head_dim": 128,
  "hidden_act": "silu",
  "hidden_size": 3072,
  "initializer_range": 0.02,
  "intermediate_size": 8192,
  "max_position_embeddings": 131072,
  "mlp_bias": false,
  "model_type": "llama",
  "num_attention_heads": 24,
  "num_hidden_layers": 28,
  "num_key_value_heads": 8,
  "pretraining_tp": 1,
  "rms_norm_eps": 1e-05,
  "rope_scaling": {
    "factor": 32.0,
    "high_freq_factor": 4.0,
    "low_freq_factor": 1.0,
    "original_max_position_embeddings": 8192,
    "rope_type": "llama3"
  },
  "rope_theta": 500000.0,
  "tie_word_embeddings": true,
  "transformers_version": "4.57.3",
  "use_cache": true,
  "vocab_size": 128256
}

loading weights file model.safetensors from cache at /home/ubuntu/.cache/huggingface/transformers/models--meta-llama--Llama-3.2-3B-Instruct/snapshots/0cb88a4f764b7a12671c53f0838cd831a0843b95/model.safetensors.index.json
Generate config GenerationConfig {
  "bos_token_id": 128000,
  "eos_token_id": [
    128001,
    128008,
    128009
  ]
}

Generate config GenerationConfig {
  "bos_token_id": 128000,
  "eos_token_id": [
    128001,
    128008,
    128009
  ]
}

loading configuration file config.json from cache at /home/ubuntu/.cache/huggingface/transformers/models--meta-llama--Llama-3.2-3B-Instruct/snapshots/0cb88a4f764b7a12671c53f0838cd831a0843b95/config.json
loading weights file model.safetensors from cache at /home/ubuntu/.cache/huggingface/transformers/models--meta-llama--Llama-3.2-3B-Instruct/snapshots/0cb88a4f764b7a12671c53f0838cd831a0843b95/model.safetensors.index.json
loading weights file model.safetensors from cache at /home/ubuntu/.cache/huggingface/transformers/models--meta-llama--Llama-3.2-3B-Instruct/snapshots/0cb88a4f764b7a12671c53f0838cd831a0843b95/model.safetensors.index.json
Generate config GenerationConfig {
  "bos_token_id": 128000,
  "eos_token_id": [
    128001,
    128008,
    128009
  ]
}

Model config LlamaConfig {
  "architectures": [
    "LlamaForCausalLM"
  ],
  "attention_bias": false,
  "attention_dropout": 0.0,
  "bos_token_id": 128000,
  "dtype": "bfloat16",
  "eos_token_id": [
    128001,
    128008,
    128009
  ],
  "head_dim": 128,
  "hidden_act": "silu",
  "hidden_size": 3072,
  "initializer_range": 0.02,
  "intermediate_size": 8192,
  "max_position_embeddings": 131072,
  "mlp_bias": false,
  "model_type": "llama",
  "num_attention_heads": 24,
  "num_hidden_layers": 28,
  "num_key_value_heads": 8,
  "pretraining_tp": 1,
  "rms_norm_eps": 1e-05,
  "rope_scaling": {
    "factor": 32.0,
    "high_freq_factor": 4.0,
    "low_freq_factor": 1.0,
    "original_max_position_embeddings": 8192,
    "rope_type": "llama3"
  },
  "rope_theta": 500000.0,
  "tie_word_embeddings": true,
  "transformers_version": "4.57.3",
  "use_cache": true,
  "vocab_size": 128256
}

Generate config GenerationConfig {
  "bos_token_id": 128000,
  "eos_token_id": [
    128001,
    128008,
    128009
  ]
}

loading configuration file config.json from cache at /home/ubuntu/.cache/huggingface/transformers/models--meta-llama--Llama-3.2-3B-Instruct/snapshots/0cb88a4f764b7a12671c53f0838cd831a0843b95/config.json
Loading checkpoint shards:   0%|          | 0/2 [00:00<?, ?it/s]Model config LlamaConfig {
  "architectures": [
    "LlamaForCausalLM"
  ],
  "attention_bias": false,
  "attention_dropout": 0.0,
  "bos_token_id": 128000,
  "dtype": "bfloat16",
  "eos_token_id": [
    128001,
    128008,
    128009
  ],
  "head_dim": 128,
  "hidden_act": "silu",
  "hidden_size": 3072,
  "initializer_range": 0.02,
  "intermediate_size": 8192,
  "max_position_embeddings": 131072,
  "mlp_bias": false,
  "model_type": "llama",
  "num_attention_heads": 24,
  "num_hidden_layers": 28,
  "num_key_value_heads": 8,
  "pretraining_tp": 1,
  "rms_norm_eps": 1e-05,
  "rope_scaling": {
    "factor": 32.0,
    "high_freq_factor": 4.0,
    "low_freq_factor": 1.0,
    "original_max_position_embeddings": 8192,
    "rope_type": "llama3"
  },
  "rope_theta": 500000.0,
  "tie_word_embeddings": true,
  "transformers_version": "4.57.3",
  "use_cache": true,
  "vocab_size": 128256
}

loading weights file model.safetensors from cache at /home/ubuntu/.cache/huggingface/transformers/models--meta-llama--Llama-3.2-3B-Instruct/snapshots/0cb88a4f764b7a12671c53f0838cd831a0843b95/model.safetensors.index.json
Generate config GenerationConfig {
  "bos_token_id": 128000,
  "eos_token_id": [
    128001,
    128008,
    128009
  ]
}

loading weights file model.safetensors from cache at /home/ubuntu/.cache/huggingface/transformers/models--meta-llama--Llama-3.2-3B-Instruct/snapshots/0cb88a4f764b7a12671c53f0838cd831a0843b95/model.safetensors.index.json
Generate config GenerationConfig {
  "bos_token_id": 128000,
  "eos_token_id": [
    128001,
    128008,
    128009
  ]
}

Loading checkpoint shards:   0%|          | 0/2 [00:00<?, ?it/s]Loading checkpoint shards:   0%|          | 0/2 [00:00<?, ?it/s]Loading checkpoint shards:   0%|          | 0/2 [00:00<?, ?it/s]Loading checkpoint shards:   0%|          | 0/2 [00:00<?, ?it/s]Loading checkpoint shards:   0%|          | 0/2 [00:00<?, ?it/s]Loading checkpoint shards:   0%|          | 0/2 [00:00<?, ?it/s]Loading checkpoint shards:   0%|          | 0/2 [00:00<?, ?it/s]Loading checkpoint shards:  50%|█████     | 1/2 [00:04<00:04,  4.03s/it]Loading checkpoint shards:  50%|█████     | 1/2 [00:04<00:04,  4.11s/it]Loading checkpoint shards:  50%|█████     | 1/2 [00:04<00:04,  4.15s/it]Loading checkpoint shards:  50%|█████     | 1/2 [00:04<00:04,  4.13s/it]Loading checkpoint shards:  50%|█████     | 1/2 [00:04<00:04,  4.21s/it]Loading checkpoint shards:  50%|█████     | 1/2 [00:04<00:04,  4.38s/it]Loading checkpoint shards: 100%|██████████| 2/2 [00:05<00:00,  2.33s/it]Loading checkpoint shards: 100%|██████████| 2/2 [00:05<00:00,  2.58s/it]
loading configuration file generation_config.json from cache at /home/ubuntu/.cache/huggingface/transformers/models--meta-llama--Llama-3.2-3B-Instruct/snapshots/0cb88a4f764b7a12671c53f0838cd831a0843b95/generation_config.json
Generate config GenerationConfig {
  "bos_token_id": 128000,
  "do_sample": true,
  "eos_token_id": [
    128001,
    128008,
    128009
  ],
  "temperature": 0.6,
  "top_p": 0.9
}

Loading checkpoint shards: 100%|██████████| 2/2 [00:05<00:00,  2.39s/it]Loading checkpoint shards: 100%|██████████| 2/2 [00:05<00:00,  2.65s/it]
Loading checkpoint shards: 100%|██████████| 2/2 [00:05<00:00,  2.39s/it]Loading checkpoint shards: 100%|██████████| 2/2 [00:05<00:00,  2.65s/it]
Loading checkpoint shards: 100%|██████████| 2/2 [00:05<00:00,  2.39s/it]Loading checkpoint shards: 100%|██████████| 2/2 [00:05<00:00,  2.65s/it]
Could not locate the custom_generate/generate.py inside meta-llama/Llama-3.2-3B-Instruct.
loading configuration file generation_config.json from cache at /home/ubuntu/.cache/huggingface/transformers/models--meta-llama--Llama-3.2-3B-Instruct/snapshots/0cb88a4f764b7a12671c53f0838cd831a0843b95/generation_config.json
Generate config GenerationConfig {
  "bos_token_id": 128000,
  "do_sample": true,
  "eos_token_id": [
    128001,
    128008,
    128009
  ],
  "temperature": 0.6,
  "top_p": 0.9
}

loading configuration file generation_config.json from cache at /home/ubuntu/.cache/huggingface/transformers/models--meta-llama--Llama-3.2-3B-Instruct/snapshots/0cb88a4f764b7a12671c53f0838cd831a0843b95/generation_config.json
Generate config GenerationConfig {
  "bos_token_id": 128000,
  "do_sample": true,
  "eos_token_id": [
    128001,
    128008,
    128009
  ],
  "temperature": 0.6,
  "top_p": 0.9
}

loading configuration file generation_config.json from cache at /home/ubuntu/.cache/huggingface/transformers/models--meta-llama--Llama-3.2-3B-Instruct/snapshots/0cb88a4f764b7a12671c53f0838cd831a0843b95/generation_config.json
Generate config GenerationConfig {
  "bos_token_id": 128000,
  "do_sample": true,
  "eos_token_id": [
    128001,
    128008,
    128009
  ],
  "temperature": 0.6,
  "top_p": 0.9
}

Loading checkpoint shards: 100%|██████████| 2/2 [00:05<00:00,  2.41s/it]Loading checkpoint shards: 100%|██████████| 2/2 [00:05<00:00,  2.68s/it]
Could not locate the custom_generate/generate.py inside meta-llama/Llama-3.2-3B-Instruct.
Could not locate the custom_generate/generate.py inside meta-llama/Llama-3.2-3B-Instruct.
Could not locate the custom_generate/generate.py inside meta-llama/Llama-3.2-3B-Instruct.
loading configuration file generation_config.json from cache at /home/ubuntu/.cache/huggingface/transformers/models--meta-llama--Llama-3.2-3B-Instruct/snapshots/0cb88a4f764b7a12671c53f0838cd831a0843b95/generation_config.json
Generate config GenerationConfig {
  "bos_token_id": 128000,
  "do_sample": true,
  "eos_token_id": [
    128001,
    128008,
    128009
  ],
  "temperature": 0.6,
  "top_p": 0.9
}

Loading checkpoint shards:  50%|█████     | 1/2 [00:05<00:05,  5.50s/it]Loading checkpoint shards: 100%|██████████| 2/2 [00:05<00:00,  2.46s/it]Loading checkpoint shards: 100%|██████████| 2/2 [00:05<00:00,  2.75s/it]
Could not locate the custom_generate/generate.py inside meta-llama/Llama-3.2-3B-Instruct.
loading configuration file generation_config.json from cache at /home/ubuntu/.cache/huggingface/transformers/models--meta-llama--Llama-3.2-3B-Instruct/snapshots/0cb88a4f764b7a12671c53f0838cd831a0843b95/generation_config.json
Generate config GenerationConfig {
  "bos_token_id": 128000,
  "do_sample": true,
  "eos_token_id": [
    128001,
    128008,
    128009
  ],
  "temperature": 0.6,
  "top_p": 0.9
}

Could not locate the custom_generate/generate.py inside meta-llama/Llama-3.2-3B-Instruct.
Loading checkpoint shards:  50%|█████     | 1/2 [00:05<00:05,  5.94s/it]PyTorch: setting up devices
PyTorch: setting up devices
The default value for the training argument `--report_to` will change in v5 (from all installed integrations to none). In v5, you will need to use `--report_to all` to get the same behavior as now. You should start updating your code and make this info disappear :-).
PyTorch: setting up devices
PyTorch: setting up devices
The default value for the training argument `--report_to` will change in v5 (from all installed integrations to none). In v5, you will need to use `--report_to all` to get the same behavior as now. You should start updating your code and make this info disappear :-).
The default value for the training argument `--report_to` will change in v5 (from all installed integrations to none). In v5, you will need to use `--report_to all` to get the same behavior as now. You should start updating your code and make this info disappear :-).
The default value for the training argument `--report_to` will change in v5 (from all installed integrations to none). In v5, you will need to use `--report_to all` to get the same behavior as now. You should start updating your code and make this info disappear :-).
PyTorch: setting up devices
The default value for the training argument `--report_to` will change in v5 (from all installed integrations to none). In v5, you will need to use `--report_to all` to get the same behavior as now. You should start updating your code and make this info disappear :-).
loading configuration file config.json from cache at /home/ubuntu/.cache/huggingface/transformers/models--meta-llama--Llama-3.2-3B-Instruct/snapshots/0cb88a4f764b7a12671c53f0838cd831a0843b95/config.json
Model config LlamaConfig {
  "architectures": [
    "LlamaForCausalLM"
  ],
  "attention_bias": false,
  "attention_dropout": 0.0,
  "bos_token_id": 128000,
  "dtype": "bfloat16",
  "eos_token_id": [
    128001,
    128008,
    128009
  ],
  "head_dim": 128,
  "hidden_act": "silu",
  "hidden_size": 3072,
  "initializer_range": 0.02,
  "intermediate_size": 8192,
  "max_position_embeddings": 131072,
  "mlp_bias": false,
  "model_type": "llama",
  "num_attention_heads": 24,
  "num_hidden_layers": 28,
  "num_key_value_heads": 8,
  "pretraining_tp": 1,
  "rms_norm_eps": 1e-05,
  "rope_scaling": {
    "factor": 32.0,
    "high_freq_factor": 4.0,
    "low_freq_factor": 1.0,
    "original_max_position_embeddings": 8192,
    "rope_type": "llama3"
  },
  "rope_theta": 500000.0,
  "tie_word_embeddings": true,
  "transformers_version": "4.57.3",
  "use_cache": true,
  "vocab_size": 128256
}

loading configuration file config.json from cache at /home/ubuntu/.cache/huggingface/transformers/models--meta-llama--Llama-3.2-3B-Instruct/snapshots/0cb88a4f764b7a12671c53f0838cd831a0843b95/config.json
Model config LlamaConfig {
  "architectures": [
    "LlamaForCausalLM"
  ],
  "attention_bias": false,
  "attention_dropout": 0.0,
  "bos_token_id": 128000,
  "dtype": "bfloat16",
  "eos_token_id": [
    128001,
    128008,
    128009
  ],
  "head_dim": 128,
  "hidden_act": "silu",
  "hidden_size": 3072,
  "initializer_range": 0.02,
  "intermediate_size": 8192,
  "max_position_embeddings": 131072,
  "mlp_bias": false,
  "model_type": "llama",
  "num_attention_heads": 24,
  "num_hidden_layers": 28,
  "num_key_value_heads": 8,
  "pretraining_tp": 1,
  "rms_norm_eps": 1e-05,
  "rope_scaling": {
    "factor": 32.0,
    "high_freq_factor": 4.0,
    "low_freq_factor": 1.0,
    "original_max_position_embeddings": 8192,
    "rope_type": "llama3"
  },
  "rope_theta": 500000.0,
  "tie_word_embeddings": true,
  "transformers_version": "4.57.3",
  "use_cache": true,
  "vocab_size": 128256
}

loading configuration file config.json from cache at /home/ubuntu/.cache/huggingface/transformers/models--meta-llama--Llama-3.2-3B-Instruct/snapshots/0cb88a4f764b7a12671c53f0838cd831a0843b95/config.json
Model config LlamaConfig {
  "architectures": [
    "LlamaForCausalLM"
  ],
  "attention_bias": false,
  "attention_dropout": 0.0,
  "bos_token_id": 128000,
  "dtype": "bfloat16",
  "eos_token_id": [
    128001,
    128008,
    128009
  ],
  "head_dim": 128,
  "hidden_act": "silu",
  "hidden_size": 3072,
  "initializer_range": 0.02,
  "intermediate_size": 8192,
  "max_position_embeddings": 131072,
  "mlp_bias": false,
  "model_type": "llama",
  "num_attention_heads": 24,
  "num_hidden_layers": 28,
  "num_key_value_heads": 8,
  "pretraining_tp": 1,
  "rms_norm_eps": 1e-05,
  "rope_scaling": {
    "factor": 32.0,
    "high_freq_factor": 4.0,
    "low_freq_factor": 1.0,
    "original_max_position_embeddings": 8192,
    "rope_type": "llama3"
  },
  "rope_theta": 500000.0,
  "tie_word_embeddings": true,
  "transformers_version": "4.57.3",
  "use_cache": true,
  "vocab_size": 128256
}

loading configuration file config.json from cache at /home/ubuntu/.cache/huggingface/transformers/models--meta-llama--Llama-3.2-3B-Instruct/snapshots/0cb88a4f764b7a12671c53f0838cd831a0843b95/config.json
Model config LlamaConfig {
  "architectures": [
    "LlamaForCausalLM"
  ],
  "attention_bias": false,
  "attention_dropout": 0.0,
  "bos_token_id": 128000,
  "dtype": "bfloat16",
  "eos_token_id": [
    128001,
    128008,
    128009
  ],
  "head_dim": 128,
  "hidden_act": "silu",
  "hidden_size": 3072,
  "initializer_range": 0.02,
  "intermediate_size": 8192,
  "max_position_embeddings": 131072,
  "mlp_bias": false,
  "model_type": "llama",
  "num_attention_heads": 24,
  "num_hidden_layers": 28,
  "num_key_value_heads": 8,
  "pretraining_tp": 1,
  "rms_norm_eps": 1e-05,
  "rope_scaling": {
    "factor": 32.0,
    "high_freq_factor": 4.0,
    "low_freq_factor": 1.0,
    "original_max_position_embeddings": 8192,
    "rope_type": "llama3"
  },
  "rope_theta": 500000.0,
  "tie_word_embeddings": true,
  "transformers_version": "4.57.3",
  "use_cache": true,
  "vocab_size": 128256
}

loading file tokenizer.json from cache at /home/ubuntu/.cache/huggingface/transformers/models--meta-llama--Llama-3.2-3B-Instruct/snapshots/0cb88a4f764b7a12671c53f0838cd831a0843b95/tokenizer.json
loading file tokenizer.model from cache at None
loading file added_tokens.json from cache at None
loading file special_tokens_map.json from cache at /home/ubuntu/.cache/huggingface/transformers/models--meta-llama--Llama-3.2-3B-Instruct/snapshots/0cb88a4f764b7a12671c53f0838cd831a0843b95/special_tokens_map.json
loading file tokenizer_config.json from cache at /home/ubuntu/.cache/huggingface/transformers/models--meta-llama--Llama-3.2-3B-Instruct/snapshots/0cb88a4f764b7a12671c53f0838cd831a0843b95/tokenizer_config.json
loading file chat_template.jinja from cache at None
loading file tokenizer.json from cache at /home/ubuntu/.cache/huggingface/transformers/models--meta-llama--Llama-3.2-3B-Instruct/snapshots/0cb88a4f764b7a12671c53f0838cd831a0843b95/tokenizer.json
loading file tokenizer.model from cache at None
loading file added_tokens.json from cache at None
loading file special_tokens_map.json from cache at /home/ubuntu/.cache/huggingface/transformers/models--meta-llama--Llama-3.2-3B-Instruct/snapshots/0cb88a4f764b7a12671c53f0838cd831a0843b95/special_tokens_map.json
loading file tokenizer_config.json from cache at /home/ubuntu/.cache/huggingface/transformers/models--meta-llama--Llama-3.2-3B-Instruct/snapshots/0cb88a4f764b7a12671c53f0838cd831a0843b95/tokenizer_config.json
loading file chat_template.jinja from cache at None
loading file tokenizer.json from cache at /home/ubuntu/.cache/huggingface/transformers/models--meta-llama--Llama-3.2-3B-Instruct/snapshots/0cb88a4f764b7a12671c53f0838cd831a0843b95/tokenizer.json
loading file tokenizer.model from cache at None
loading file added_tokens.json from cache at None
loading file special_tokens_map.json from cache at /home/ubuntu/.cache/huggingface/transformers/models--meta-llama--Llama-3.2-3B-Instruct/snapshots/0cb88a4f764b7a12671c53f0838cd831a0843b95/special_tokens_map.json
loading file tokenizer_config.json from cache at /home/ubuntu/.cache/huggingface/transformers/models--meta-llama--Llama-3.2-3B-Instruct/snapshots/0cb88a4f764b7a12671c53f0838cd831a0843b95/tokenizer_config.json
loading file chat_template.jinja from cache at None
PyTorch: setting up devices
loading configuration file config.json from cache at /home/ubuntu/.cache/huggingface/transformers/models--meta-llama--Llama-3.2-3B-Instruct/snapshots/0cb88a4f764b7a12671c53f0838cd831a0843b95/config.json
Model config LlamaConfig {
  "architectures": [
    "LlamaForCausalLM"
  ],
  "attention_bias": false,
  "attention_dropout": 0.0,
  "bos_token_id": 128000,
  "dtype": "bfloat16",
  "eos_token_id": [
    128001,
    128008,
    128009
  ],
  "head_dim": 128,
  "hidden_act": "silu",
  "hidden_size": 3072,
  "initializer_range": 0.02,
  "intermediate_size": 8192,
  "max_position_embeddings": 131072,
  "mlp_bias": false,
  "model_type": "llama",
  "num_attention_heads": 24,
  "num_hidden_layers": 28,
  "num_key_value_heads": 8,
  "pretraining_tp": 1,
  "rms_norm_eps": 1e-05,
  "rope_scaling": {
    "factor": 32.0,
    "high_freq_factor": 4.0,
    "low_freq_factor": 1.0,
    "original_max_position_embeddings": 8192,
    "rope_type": "llama3"
  },
  "rope_theta": 500000.0,
  "tie_word_embeddings": true,
  "transformers_version": "4.57.3",
  "use_cache": true,
  "vocab_size": 128256
}

loading file tokenizer.json from cache at /home/ubuntu/.cache/huggingface/transformers/models--meta-llama--Llama-3.2-3B-Instruct/snapshots/0cb88a4f764b7a12671c53f0838cd831a0843b95/tokenizer.json
loading file tokenizer.model from cache at None
loading file added_tokens.json from cache at None
loading file special_tokens_map.json from cache at /home/ubuntu/.cache/huggingface/transformers/models--meta-llama--Llama-3.2-3B-Instruct/snapshots/0cb88a4f764b7a12671c53f0838cd831a0843b95/special_tokens_map.json
loading file tokenizer_config.json from cache at /home/ubuntu/.cache/huggingface/transformers/models--meta-llama--Llama-3.2-3B-Instruct/snapshots/0cb88a4f764b7a12671c53f0838cd831a0843b95/tokenizer_config.json
loading file chat_template.jinja from cache at None
The default value for the training argument `--report_to` will change in v5 (from all installed integrations to none). In v5, you will need to use `--report_to all` to get the same behavior as now. You should start updating your code and make this info disappear :-).
Loading checkpoint shards: 100%|██████████| 2/2 [00:07<00:00,  3.19s/it]Loading checkpoint shards: 100%|██████████| 2/2 [00:07<00:00,  3.54s/it]
Special tokens have been added in the vocabulary, make sure the associated word embeddings are fine-tuned or trained.
Special tokens have been added in the vocabulary, make sure the associated word embeddings are fine-tuned or trained.
loading configuration file generation_config.json from cache at /home/ubuntu/.cache/huggingface/transformers/models--meta-llama--Llama-3.2-3B-Instruct/snapshots/0cb88a4f764b7a12671c53f0838cd831a0843b95/generation_config.json
Generate config GenerationConfig {
  "bos_token_id": 128000,
  "do_sample": true,
  "eos_token_id": [
    128001,
    128008,
    128009
  ],
  "temperature": 0.6,
  "top_p": 0.9
}

loading file tokenizer.json from cache at /home/ubuntu/.cache/huggingface/transformers/models--meta-llama--Llama-3.2-3B-Instruct/snapshots/0cb88a4f764b7a12671c53f0838cd831a0843b95/tokenizer.json
loading file tokenizer.model from cache at None
loading file added_tokens.json from cache at None
loading file special_tokens_map.json from cache at /home/ubuntu/.cache/huggingface/transformers/models--meta-llama--Llama-3.2-3B-Instruct/snapshots/0cb88a4f764b7a12671c53f0838cd831a0843b95/special_tokens_map.json
loading file tokenizer_config.json from cache at /home/ubuntu/.cache/huggingface/transformers/models--meta-llama--Llama-3.2-3B-Instruct/snapshots/0cb88a4f764b7a12671c53f0838cd831a0843b95/tokenizer_config.json
loading file chat_template.jinja from cache at None
Could not locate the custom_generate/generate.py inside meta-llama/Llama-3.2-3B-Instruct.
Special tokens have been added in the vocabulary, make sure the associated word embeddings are fine-tuned or trained.
Special tokens have been added in the vocabulary, make sure the associated word embeddings are fine-tuned or trained.
loading file tokenizer.json from cache at /home/ubuntu/.cache/huggingface/transformers/models--meta-llama--Llama-3.2-3B-Instruct/snapshots/0cb88a4f764b7a12671c53f0838cd831a0843b95/tokenizer.json
loading file tokenizer.model from cache at None
loading file added_tokens.json from cache at None
loading file special_tokens_map.json from cache at /home/ubuntu/.cache/huggingface/transformers/models--meta-llama--Llama-3.2-3B-Instruct/snapshots/0cb88a4f764b7a12671c53f0838cd831a0843b95/special_tokens_map.json
loading file tokenizer_config.json from cache at /home/ubuntu/.cache/huggingface/transformers/models--meta-llama--Llama-3.2-3B-Instruct/snapshots/0cb88a4f764b7a12671c53f0838cd831a0843b95/tokenizer_config.json
loading file chat_template.jinja from cache at None
loading file tokenizer.json from cache at /home/ubuntu/.cache/huggingface/transformers/models--meta-llama--Llama-3.2-3B-Instruct/snapshots/0cb88a4f764b7a12671c53f0838cd831a0843b95/tokenizer.json
loading file tokenizer.model from cache at None
loading file added_tokens.json from cache at None
loading file special_tokens_map.json from cache at /home/ubuntu/.cache/huggingface/transformers/models--meta-llama--Llama-3.2-3B-Instruct/snapshots/0cb88a4f764b7a12671c53f0838cd831a0843b95/special_tokens_map.json
loading file tokenizer_config.json from cache at /home/ubuntu/.cache/huggingface/transformers/models--meta-llama--Llama-3.2-3B-Instruct/snapshots/0cb88a4f764b7a12671c53f0838cd831a0843b95/tokenizer_config.json
loading file chat_template.jinja from cache at None
Loading checkpoint shards: 100%|██████████| 2/2 [00:07<00:00,  3.34s/it]Loading checkpoint shards: 100%|██████████| 2/2 [00:07<00:00,  3.73s/it]
loading file tokenizer.json from cache at /home/ubuntu/.cache/huggingface/transformers/models--meta-llama--Llama-3.2-3B-Instruct/snapshots/0cb88a4f764b7a12671c53f0838cd831a0843b95/tokenizer.json
loading file tokenizer.model from cache at None
loading file added_tokens.json from cache at None
loading file special_tokens_map.json from cache at /home/ubuntu/.cache/huggingface/transformers/models--meta-llama--Llama-3.2-3B-Instruct/snapshots/0cb88a4f764b7a12671c53f0838cd831a0843b95/special_tokens_map.json
loading file tokenizer_config.json from cache at /home/ubuntu/.cache/huggingface/transformers/models--meta-llama--Llama-3.2-3B-Instruct/snapshots/0cb88a4f764b7a12671c53f0838cd831a0843b95/tokenizer_config.json
loading file chat_template.jinja from cache at None
loading file tokenizer.json from cache at /home/ubuntu/.cache/huggingface/transformers/models--meta-llama--Llama-3.2-3B-Instruct/snapshots/0cb88a4f764b7a12671c53f0838cd831a0843b95/tokenizer.json
loading file tokenizer.model from cache at None
loading file added_tokens.json from cache at None
loading file special_tokens_map.json from cache at /home/ubuntu/.cache/huggingface/transformers/models--meta-llama--Llama-3.2-3B-Instruct/snapshots/0cb88a4f764b7a12671c53f0838cd831a0843b95/special_tokens_map.json
loading file tokenizer_config.json from cache at /home/ubuntu/.cache/huggingface/transformers/models--meta-llama--Llama-3.2-3B-Instruct/snapshots/0cb88a4f764b7a12671c53f0838cd831a0843b95/tokenizer_config.json
loading file chat_template.jinja from cache at None
loading configuration file generation_config.json from cache at /home/ubuntu/.cache/huggingface/transformers/models--meta-llama--Llama-3.2-3B-Instruct/snapshots/0cb88a4f764b7a12671c53f0838cd831a0843b95/generation_config.json
Generate config GenerationConfig {
  "bos_token_id": 128000,
  "do_sample": true,
  "eos_token_id": [
    128001,
    128008,
    128009
  ],
  "temperature": 0.6,
  "top_p": 0.9
}

loading configuration file config.json from cache at /home/ubuntu/.cache/huggingface/transformers/models--meta-llama--Llama-3.2-3B-Instruct/snapshots/0cb88a4f764b7a12671c53f0838cd831a0843b95/config.json
Model config LlamaConfig {
  "architectures": [
    "LlamaForCausalLM"
  ],
  "attention_bias": false,
  "attention_dropout": 0.0,
  "bos_token_id": 128000,
  "dtype": "bfloat16",
  "eos_token_id": [
    128001,
    128008,
    128009
  ],
  "head_dim": 128,
  "hidden_act": "silu",
  "hidden_size": 3072,
  "initializer_range": 0.02,
  "intermediate_size": 8192,
  "max_position_embeddings": 131072,
  "mlp_bias": false,
  "model_type": "llama",
  "num_attention_heads": 24,
  "num_hidden_layers": 28,
  "num_key_value_heads": 8,
  "pretraining_tp": 1,
  "rms_norm_eps": 1e-05,
  "rope_scaling": {
    "factor": 32.0,
    "high_freq_factor": 4.0,
    "low_freq_factor": 1.0,
    "original_max_position_embeddings": 8192,
    "rope_type": "llama3"
  },
  "rope_theta": 500000.0,
  "tie_word_embeddings": true,
  "transformers_version": "4.57.3",
  "use_cache": true,
  "vocab_size": 128256
}

Special tokens have been added in the vocabulary, make sure the associated word embeddings are fine-tuned or trained.
Could not locate the custom_generate/generate.py inside meta-llama/Llama-3.2-3B-Instruct.
Special tokens have been added in the vocabulary, make sure the associated word embeddings are fine-tuned or trained.
Special tokens have been added in the vocabulary, make sure the associated word embeddings are fine-tuned or trained.
loading file tokenizer.json from cache at /home/ubuntu/.cache/huggingface/transformers/models--meta-llama--Llama-3.2-3B-Instruct/snapshots/0cb88a4f764b7a12671c53f0838cd831a0843b95/tokenizer.json
loading file tokenizer.model from cache at None
loading file added_tokens.json from cache at None
loading file special_tokens_map.json from cache at /home/ubuntu/.cache/huggingface/transformers/models--meta-llama--Llama-3.2-3B-Instruct/snapshots/0cb88a4f764b7a12671c53f0838cd831a0843b95/special_tokens_map.json
loading file tokenizer_config.json from cache at /home/ubuntu/.cache/huggingface/transformers/models--meta-llama--Llama-3.2-3B-Instruct/snapshots/0cb88a4f764b7a12671c53f0838cd831a0843b95/tokenizer_config.json
loading file chat_template.jinja from cache at None
Special tokens have been added in the vocabulary, make sure the associated word embeddings are fine-tuned or trained.
Special tokens have been added in the vocabulary, make sure the associated word embeddings are fine-tuned or trained.
loading file tokenizer.json from cache at /home/ubuntu/.cache/huggingface/transformers/models--meta-llama--Llama-3.2-3B-Instruct/snapshots/0cb88a4f764b7a12671c53f0838cd831a0843b95/tokenizer.json
loading file tokenizer.model from cache at None
loading file added_tokens.json from cache at None
loading file special_tokens_map.json from cache at /home/ubuntu/.cache/huggingface/transformers/models--meta-llama--Llama-3.2-3B-Instruct/snapshots/0cb88a4f764b7a12671c53f0838cd831a0843b95/special_tokens_map.json
loading file tokenizer_config.json from cache at /home/ubuntu/.cache/huggingface/transformers/models--meta-llama--Llama-3.2-3B-Instruct/snapshots/0cb88a4f764b7a12671c53f0838cd831a0843b95/tokenizer_config.json
loading file chat_template.jinja from cache at None
Special tokens have been added in the vocabulary, make sure the associated word embeddings are fine-tuned or trained.
PyTorch: setting up devices
The default value for the training argument `--report_to` will change in v5 (from all installed integrations to none). In v5, you will need to use `--report_to all` to get the same behavior as now. You should start updating your code and make this info disappear :-).
loading file tokenizer.json from cache at /home/ubuntu/.cache/huggingface/transformers/models--meta-llama--Llama-3.2-3B-Instruct/snapshots/0cb88a4f764b7a12671c53f0838cd831a0843b95/tokenizer.json
loading file tokenizer.model from cache at None
loading file added_tokens.json from cache at None
loading file special_tokens_map.json from cache at /home/ubuntu/.cache/huggingface/transformers/models--meta-llama--Llama-3.2-3B-Instruct/snapshots/0cb88a4f764b7a12671c53f0838cd831a0843b95/special_tokens_map.json
loading file tokenizer_config.json from cache at /home/ubuntu/.cache/huggingface/transformers/models--meta-llama--Llama-3.2-3B-Instruct/snapshots/0cb88a4f764b7a12671c53f0838cd831a0843b95/tokenizer_config.json
loading file chat_template.jinja from cache at None
Special tokens have been added in the vocabulary, make sure the associated word embeddings are fine-tuned or trained.
length of dataset: 3200
{'messages': [{'content': 'Give three tips for staying healthy.', 'role': 'user'}, {'content': '1.Eat a balanced diet and make sure to include plenty of fruits and vegetables. \n2. Exercise regularly to keep your body active and strong. \n3. Get enough sleep and maintain a consistent sleep schedule.', 'role': 'assistant'}]}
phd_deepspeed_zero1_8_bs_4_3b_nvitop.log does not exist.
Special tokens have been added in the vocabulary, make sure the associated word embeddings are fine-tuned or trained.
loading configuration file config.json from cache at /home/ubuntu/.cache/huggingface/transformers/models--meta-llama--Llama-3.2-3B-Instruct/snapshots/0cb88a4f764b7a12671c53f0838cd831a0843b95/config.json
Model config LlamaConfig {
  "architectures": [
    "LlamaForCausalLM"
  ],
  "attention_bias": false,
  "attention_dropout": 0.0,
  "bos_token_id": 128000,
  "dtype": "bfloat16",
  "eos_token_id": [
    128001,
    128008,
    128009
  ],
  "head_dim": 128,
  "hidden_act": "silu",
  "hidden_size": 3072,
  "initializer_range": 0.02,
  "intermediate_size": 8192,
  "max_position_embeddings": 131072,
  "mlp_bias": false,
  "model_type": "llama",
  "num_attention_heads": 24,
  "num_hidden_layers": 28,
  "num_key_value_heads": 8,
  "pretraining_tp": 1,
  "rms_norm_eps": 1e-05,
  "rope_scaling": {
    "factor": 32.0,
    "high_freq_factor": 4.0,
    "low_freq_factor": 1.0,
    "original_max_position_embeddings": 8192,
    "rope_type": "llama3"
  },
  "rope_theta": 500000.0,
  "tie_word_embeddings": true,
  "transformers_version": "4.57.3",
  "use_cache": true,
  "vocab_size": 128256
}

loading file tokenizer.json from cache at /home/ubuntu/.cache/huggingface/transformers/models--meta-llama--Llama-3.2-3B-Instruct/snapshots/0cb88a4f764b7a12671c53f0838cd831a0843b95/tokenizer.json
loading file tokenizer.model from cache at None
loading file added_tokens.json from cache at None
loading file special_tokens_map.json from cache at /home/ubuntu/.cache/huggingface/transformers/models--meta-llama--Llama-3.2-3B-Instruct/snapshots/0cb88a4f764b7a12671c53f0838cd831a0843b95/special_tokens_map.json
loading file tokenizer_config.json from cache at /home/ubuntu/.cache/huggingface/transformers/models--meta-llama--Llama-3.2-3B-Instruct/snapshots/0cb88a4f764b7a12671c53f0838cd831a0843b95/tokenizer_config.json
loading file chat_template.jinja from cache at None

Time Start

2025-11-27 04:01:33.002490
PyTorch: setting up devices
The default value for the training argument `--report_to` will change in v5 (from all installed integrations to none). In v5, you will need to use `--report_to all` to get the same behavior as now. You should start updating your code and make this info disappear :-).
Special tokens have been added in the vocabulary, make sure the associated word embeddings are fine-tuned or trained.
loading configuration file config.json from cache at /home/ubuntu/.cache/huggingface/transformers/models--meta-llama--Llama-3.2-3B-Instruct/snapshots/0cb88a4f764b7a12671c53f0838cd831a0843b95/config.json
Model config LlamaConfig {
  "architectures": [
    "LlamaForCausalLM"
  ],
  "attention_bias": false,
  "attention_dropout": 0.0,
  "bos_token_id": 128000,
  "dtype": "bfloat16",
  "eos_token_id": [
    128001,
    128008,
    128009
  ],
  "head_dim": 128,
  "hidden_act": "silu",
  "hidden_size": 3072,
  "initializer_range": 0.02,
  "intermediate_size": 8192,
  "max_position_embeddings": 131072,
  "mlp_bias": false,
  "model_type": "llama",
  "num_attention_heads": 24,
  "num_hidden_layers": 28,
  "num_key_value_heads": 8,
  "pretraining_tp": 1,
  "rms_norm_eps": 1e-05,
  "rope_scaling": {
    "factor": 32.0,
    "high_freq_factor": 4.0,
    "low_freq_factor": 1.0,
    "original_max_position_embeddings": 8192,
    "rope_type": "llama3"
  },
  "rope_theta": 500000.0,
  "tie_word_embeddings": true,
  "transformers_version": "4.57.3",
  "use_cache": true,
  "vocab_size": 128256
}

loading file tokenizer.json from cache at /home/ubuntu/.cache/huggingface/transformers/models--meta-llama--Llama-3.2-3B-Instruct/snapshots/0cb88a4f764b7a12671c53f0838cd831a0843b95/tokenizer.json
loading file tokenizer.model from cache at None
loading file added_tokens.json from cache at None
loading file special_tokens_map.json from cache at /home/ubuntu/.cache/huggingface/transformers/models--meta-llama--Llama-3.2-3B-Instruct/snapshots/0cb88a4f764b7a12671c53f0838cd831a0843b95/special_tokens_map.json
loading file tokenizer_config.json from cache at /home/ubuntu/.cache/huggingface/transformers/models--meta-llama--Llama-3.2-3B-Instruct/snapshots/0cb88a4f764b7a12671c53f0838cd831a0843b95/tokenizer_config.json
loading file chat_template.jinja from cache at None
loading file tokenizer.json from cache at /home/ubuntu/.cache/huggingface/transformers/models--meta-llama--Llama-3.2-3B-Instruct/snapshots/0cb88a4f764b7a12671c53f0838cd831a0843b95/tokenizer.json
loading file tokenizer.model from cache at None
loading file added_tokens.json from cache at None
loading file special_tokens_map.json from cache at /home/ubuntu/.cache/huggingface/transformers/models--meta-llama--Llama-3.2-3B-Instruct/snapshots/0cb88a4f764b7a12671c53f0838cd831a0843b95/special_tokens_map.json
loading file tokenizer_config.json from cache at /home/ubuntu/.cache/huggingface/transformers/models--meta-llama--Llama-3.2-3B-Instruct/snapshots/0cb88a4f764b7a12671c53f0838cd831a0843b95/tokenizer_config.json
loading file chat_template.jinja from cache at None
Special tokens have been added in the vocabulary, make sure the associated word embeddings are fine-tuned or trained.
Special tokens have been added in the vocabulary, make sure the associated word embeddings are fine-tuned or trained.
loading file tokenizer.json from cache at /home/ubuntu/.cache/huggingface/transformers/models--meta-llama--Llama-3.2-3B-Instruct/snapshots/0cb88a4f764b7a12671c53f0838cd831a0843b95/tokenizer.json
loading file tokenizer.model from cache at None
loading file added_tokens.json from cache at None
loading file special_tokens_map.json from cache at /home/ubuntu/.cache/huggingface/transformers/models--meta-llama--Llama-3.2-3B-Instruct/snapshots/0cb88a4f764b7a12671c53f0838cd831a0843b95/special_tokens_map.json
loading file tokenizer_config.json from cache at /home/ubuntu/.cache/huggingface/transformers/models--meta-llama--Llama-3.2-3B-Instruct/snapshots/0cb88a4f764b7a12671c53f0838cd831a0843b95/tokenizer_config.json
loading file chat_template.jinja from cache at None
Special tokens have been added in the vocabulary, make sure the associated word embeddings are fine-tuned or trained.
furious-puma-1:127998:128432 [2] NCCL INFO Allocated shareable buffer 0x7c7d9ac00000 size 10485760 ipcDesc 0x7c7d3c008b80
furious-puma-1:127998:128432 [2] NCCL INFO Allocated shareable buffer 0x7c7d9b600000 size 10485760 ipcDesc 0x7c7d3c00a620
furious-puma-1:127998:128432 [2] NCCL INFO Allocated shareable buffer 0x7c7d9c000000 size 10485760 ipcDesc 0x7c7d3c00be60
furious-puma-1:127998:128432 [2] NCCL INFO Allocated shareable buffer 0x7c7d9ca00000 size 10485760 ipcDesc 0x7c7d3c00d680
furious-puma-1:127998:128432 [2] NCCL INFO Allocated shareable buffer 0x7c7d9d400000 size 10485760 ipcDesc 0x7c7d3c00ee80
furious-puma-1:127998:128432 [2] NCCL INFO Allocated shareable buffer 0x7c7d9de00000 size 10485760 ipcDesc 0x7c7d3c010680
furious-puma-1:127998:128432 [2] NCCL INFO Allocated shareable buffer 0x7c7d9e800000 size 10485760 ipcDesc 0x7c7d3c011e80
furious-puma-1:127998:128432 [2] NCCL INFO Allocated shareable buffer 0x7c7d9f200000 size 10485760 ipcDesc 0x7c7d3c013680
furious-puma-1:127998:128432 [2] NCCL INFO Allocated shareable buffer 0x7c7d9fc00000 size 10485760 ipcDesc 0x7c7d3c014e80
furious-puma-1:127998:128432 [2] NCCL INFO Allocated shareable buffer 0x7c7da0600000 size 10485760 ipcDesc 0x7c7d3c016680
furious-puma-1:127998:128432 [2] NCCL INFO Allocated shareable buffer 0x7c7da1000000 size 10485760 ipcDesc 0x7c7d3c017e80
furious-puma-1:127998:128432 [2] NCCL INFO Allocated shareable buffer 0xa02000000 size 10485760 ipcDesc 0x7c7d3c019680
furious-puma-1:127998:128432 [2] NCCL INFO Allocated shareable buffer 0xa02a00000 size 10485760 ipcDesc 0x7c7d3c01b320
furious-puma-1:127998:128432 [2] NCCL INFO Allocated shareable buffer 0xa03400000 size 10485760 ipcDesc 0x7c7d3c01cb20
furious-puma-1:127998:128432 [2] NCCL INFO Allocated shareable buffer 0xa04000000 size 10485760 ipcDesc 0x7c7d3c01e320
furious-puma-1:127998:128432 [2] NCCL INFO Allocated shareable buffer 0xa04a00000 size 10485760 ipcDesc 0x7c7d3c01ff70
furious-puma-1:127998:128432 [2] NCCL INFO Allocated shareable buffer 0xa05400000 size 10485760 ipcDesc 0x7c7d3c021770
furious-puma-1:127998:128432 [2] NCCL INFO Allocated shareable buffer 0xa06000000 size 10485760 ipcDesc 0x7c7d3c022f70
furious-puma-1:127998:128432 [2] NCCL INFO Allocated shareable buffer 0xa06a00000 size 10485760 ipcDesc 0x7c7d3c024b70
furious-puma-1:127998:128432 [2] NCCL INFO Allocated shareable buffer 0xa07400000 size 10485760 ipcDesc 0x7c7d3c026370
furious-puma-1:127998:128432 [2] NCCL INFO Allocated shareable buffer 0xa08000000 size 10485760 ipcDesc 0x7c7d3c027b70
furious-puma-1:127998:128432 [2] NCCL INFO Allocated shareable buffer 0xa08a00000 size 10485760 ipcDesc 0x7c7d3c0297c0
furious-puma-1:127998:128432 [2] NCCL INFO Allocated shareable buffer 0xa09400000 size 10485760 ipcDesc 0x7c7d3c02afc0
furious-puma-1:127998:128432 [2] NCCL INFO Allocated shareable buffer 0xa0a000000 size 10485760 ipcDesc 0x7c7d3c02c7c0
furious-puma-1:127998:128738 [2] NCCL INFO Channel 00/0 : 2[2] -> 3[3] via P2P/CUMEM
furious-puma-1:127998:128432 [2] NCCL INFO Allocated shareable buffer 0xa0aa00000 size 2097152 ipcDesc 0x7c7d3c02e410
furious-puma-1:127998:128738 [2] NCCL INFO Channel 01/0 : 2[2] -> 3[3] via P2P/CUMEM
furious-puma-1:127998:128432 [2] NCCL INFO Allocated shareable buffer 0xa0ac00000 size 2097152 ipcDesc 0x7c7d3c02fc10
furious-puma-1:127998:128738 [2] NCCL INFO Channel 02/0 : 2[2] -> 3[3] via P2P/CUMEM
furious-puma-1:127998:128432 [2] NCCL INFO Allocated shareable buffer 0xa0ae00000 size 2097152 ipcDesc 0x7c7d3c031410
furious-puma-1:127998:128738 [2] NCCL INFO Channel 03/0 : 2[2] -> 3[3] via P2P/CUMEM
furious-puma-1:127998:128432 [2] NCCL INFO Allocated shareable buffer 0xa0b000000 size 2097152 ipcDesc 0x7c7d3c032c10
furious-puma-1:127998:128738 [2] NCCL INFO Channel 04/0 : 2[2] -> 3[3] via P2P/CUMEM
furious-puma-1:127998:128432 [2] NCCL INFO Allocated shareable buffer 0xa0b200000 size 2097152 ipcDesc 0x7c7d3c034410
furious-puma-1:127998:128738 [2] NCCL INFO Channel 05/0 : 2[2] -> 3[3] via P2P/CUMEM
furious-puma-1:127998:128432 [2] NCCL INFO Allocated shareable buffer 0xa0b400000 size 2097152 ipcDesc 0x7c7d3c035c10
furious-puma-1:127998:128738 [2] NCCL INFO Channel 06/0 : 2[2] -> 3[3] via P2P/CUMEM
furious-puma-1:127998:128432 [2] NCCL INFO Allocated shareable buffer 0xa0b600000 size 2097152 ipcDesc 0x7c7d3c037410
furious-puma-1:127998:128738 [2] NCCL INFO Channel 07/0 : 2[2] -> 3[3] via P2P/CUMEM
furious-puma-1:127998:128432 [2] NCCL INFO Allocated shareable buffer 0xa0b800000 size 2097152 ipcDesc 0x7c7d3c038c10
furious-puma-1:127998:128738 [2] NCCL INFO Channel 08/0 : 2[2] -> 3[3] via P2P/CUMEM
furious-puma-1:127998:128432 [2] NCCL INFO Allocated shareable buffer 0xa0ba00000 size 2097152 ipcDesc 0x7c7d3c03a410
furious-puma-1:127998:128738 [2] NCCL INFO Channel 09/0 : 2[2] -> 3[3] via P2P/CUMEM
furious-puma-1:127998:128432 [2] NCCL INFO Allocated shareable buffer 0xa0bc00000 size 2097152 ipcDesc 0x7c7d3c03bc10
furious-puma-1:127998:128738 [2] NCCL INFO Channel 10/0 : 2[2] -> 3[3] via P2P/CUMEM
furious-puma-1:127998:128432 [2] NCCL INFO Allocated shareable buffer 0xa0be00000 size 2097152 ipcDesc 0x7c7d3c03d410
furious-puma-1:127998:128738 [2] NCCL INFO Channel 11/0 : 2[2] -> 3[3] via P2P/CUMEM
furious-puma-1:127998:128432 [2] NCCL INFO Allocated shareable buffer 0xa09e00000 size 2097152 ipcDesc 0x7c7d3c03eb70
furious-puma-1:127998:128738 [2] NCCL INFO Channel 12/0 : 2[2] -> 3[3] via P2P/CUMEM
furious-puma-1:127998:128432 [2] NCCL INFO Allocated shareable buffer 0xa07e00000 size 2097152 ipcDesc 0x7c7d3c040050
furious-puma-1:127998:128738 [2] NCCL INFO Channel 13/0 : 2[2] -> 3[3] via P2P/CUMEM
furious-puma-1:127998:128432 [2] NCCL INFO Allocated shareable buffer 0xa05e00000 size 2097152 ipcDesc 0x7c7d3c041530
furious-puma-1:127998:128738 [2] NCCL INFO Channel 14/0 : 2[2] -> 3[3] via P2P/CUMEM
furious-puma-1:127998:128432 [2] NCCL INFO Allocated shareable buffer 0xa03e00000 size 2097152 ipcDesc 0x7c7d3c042a10
furious-puma-1:127998:128738 [2] NCCL INFO Channel 15/0 : 2[2] -> 3[3] via P2P/CUMEM
furious-puma-1:127998:128432 [2] NCCL INFO Allocated shareable buffer 0x7c7da1a00000 size 2097152 ipcDesc 0x7c7d3c043ef0
furious-puma-1:127998:128738 [2] NCCL INFO Channel 16/0 : 2[2] -> 3[3] via P2P/CUMEM
furious-puma-1:127998:128432 [2] NCCL INFO Allocated shareable buffer 0x7c7da1c00000 size 2097152 ipcDesc 0x7c7d3c0456f0
furious-puma-1:127998:128738 [2] NCCL INFO Channel 17/0 : 2[2] -> 3[3] via P2P/CUMEM
furious-puma-1:127998:128432 [2] NCCL INFO Allocated shareable buffer 0xa0c000000 size 2097152 ipcDesc 0x7c7d3c046db0
furious-puma-1:127998:128738 [2] NCCL INFO Channel 18/0 : 2[2] -> 3[3] via P2P/CUMEM
furious-puma-1:127998:128432 [2] NCCL INFO Allocated shareable buffer 0xa0c200000 size 2097152 ipcDesc 0x7c7d3c048780
furious-puma-1:127998:128738 [2] NCCL INFO Channel 19/0 : 2[2] -> 3[3] via P2P/CUMEM
furious-puma-1:127998:128432 [2] NCCL INFO Allocated shareable buffer 0xa0c400000 size 2097152 ipcDesc 0x7c7d3c049f80
furious-puma-1:127998:128738 [2] NCCL INFO Channel 20/0 : 2[2] -> 3[3] via P2P/CUMEM
furious-puma-1:127998:128432 [2] NCCL INFO Allocated shareable buffer 0xa0c600000 size 2097152 ipcDesc 0x7c7d3c04b780
furious-puma-1:127998:128738 [2] NCCL INFO Channel 21/0 : 2[2] -> 3[3] via P2P/CUMEM
furious-puma-1:127998:128432 [2] NCCL INFO Allocated shareable buffer 0xa0c800000 size 2097152 ipcDesc 0x7c7d3c04cf80
furious-puma-1:127998:128738 [2] NCCL INFO Channel 22/0 : 2[2] -> 3[3] via P2P/CUMEM
furious-puma-1:127998:128432 [2] NCCL INFO Allocated shareable buffer 0xa0ca00000 size 2097152 ipcDesc 0x7c7d3c04e780
furious-puma-1:127998:128738 [2] NCCL INFO Channel 23/0 : 2[2] -> 3[3] via P2P/CUMEM
furious-puma-1:127998:128432 [2] NCCL INFO Allocated shareable buffer 0xa0cc00000 size 2097152 ipcDesc 0x7c7d3c04ff80
furious-puma-1:128003:128438 [7] NCCL INFO Allocated shareable buffer 0x78f484c00000 size 10485760 ipcDesc 0x78f41c008b80
furious-puma-1:128003:128438 [7] NCCL INFO Allocated shareable buffer 0x78f485600000 size 10485760 ipcDesc 0x78f41c00a620
furious-puma-1:128003:128438 [7] NCCL INFO Allocated shareable buffer 0x78f486000000 size 10485760 ipcDesc 0x78f41c00be60
furious-puma-1:128003:128438 [7] NCCL INFO Allocated shareable buffer 0x78f486a00000 size 10485760 ipcDesc 0x78f41c00d680
furious-puma-1:128003:128438 [7] NCCL INFO Allocated shareable buffer 0x78f487400000 size 10485760 ipcDesc 0x78f41c00ee80
furious-puma-1:128003:128438 [7] NCCL INFO Allocated shareable buffer 0x78f487e00000 size 10485760 ipcDesc 0x78f41c010680
furious-puma-1:128003:128438 [7] NCCL INFO Allocated shareable buffer 0x78f488800000 size 10485760 ipcDesc 0x78f41c011e80
furious-puma-1:128003:128438 [7] NCCL INFO Allocated shareable buffer 0x78f489200000 size 10485760 ipcDesc 0x78f41c013680
furious-puma-1:128003:128438 [7] NCCL INFO Allocated shareable buffer 0x78f489c00000 size 10485760 ipcDesc 0x78f41c014e80
furious-puma-1:128003:128438 [7] NCCL INFO Allocated shareable buffer 0x78f48a600000 size 10485760 ipcDesc 0x78f41c016680
furious-puma-1:128003:128438 [7] NCCL INFO Allocated shareable buffer 0x78f48b000000 size 10485760 ipcDesc 0x78f41c017e80
furious-puma-1:128003:128438 [7] NCCL INFO Allocated shareable buffer 0xa02000000 size 10485760 ipcDesc 0x78f41c019680
furious-puma-1:128003:128438 [7] NCCL INFO Allocated shareable buffer 0xa02a00000 size 10485760 ipcDesc 0x78f41c01b320
furious-puma-1:128003:128438 [7] NCCL INFO Allocated shareable buffer 0xa03400000 size 10485760 ipcDesc 0x78f41c01cb20
furious-puma-1:128003:128438 [7] NCCL INFO Allocated shareable buffer 0xa04000000 size 10485760 ipcDesc 0x78f41c01e320
furious-puma-1:128003:128438 [7] NCCL INFO Allocated shareable buffer 0xa04a00000 size 10485760 ipcDesc 0x78f41c01ff70
furious-puma-1:128003:128438 [7] NCCL INFO Allocated shareable buffer 0xa05400000 size 10485760 ipcDesc 0x78f41c021770
furious-puma-1:128003:128438 [7] NCCL INFO Allocated shareable buffer 0xa06000000 size 10485760 ipcDesc 0x78f41c022f70
furious-puma-1:128003:128438 [7] NCCL INFO Allocated shareable buffer 0xa06a00000 size 10485760 ipcDesc 0x78f41c024b70
furious-puma-1:128003:128438 [7] NCCL INFO Allocated shareable buffer 0xa07400000 size 10485760 ipcDesc 0x78f41c026370
furious-puma-1:128003:128438 [7] NCCL INFO Allocated shareable buffer 0xa08000000 size 10485760 ipcDesc 0x78f41c027b70
furious-puma-1:128003:128438 [7] NCCL INFO Allocated shareable buffer 0xa08a00000 size 10485760 ipcDesc 0x78f41c0297c0
furious-puma-1:128003:128438 [7] NCCL INFO Allocated shareable buffer 0xa09400000 size 10485760 ipcDesc 0x78f41c02afc0
furious-puma-1:128003:128438 [7] NCCL INFO Allocated shareable buffer 0xa0a000000 size 10485760 ipcDesc 0x78f41c02c7c0
furious-puma-1:128003:128740 [7] NCCL INFO Channel 00/0 : 7[7] -> 0[0] via P2P/CUMEM
furious-puma-1:128003:128438 [7] NCCL INFO Allocated shareable buffer 0xa0aa00000 size 2097152 ipcDesc 0x78f41c02e410
furious-puma-1:128003:128740 [7] NCCL INFO Channel 01/0 : 7[7] -> 0[0] via P2P/CUMEM
furious-puma-1:128003:128438 [7] NCCL INFO Allocated shareable buffer 0xa0ac00000 size 2097152 ipcDesc 0x78f41c02fc10
furious-puma-1:128003:128740 [7] NCCL INFO Channel 02/0 : 7[7] -> 0[0] via P2P/CUMEM
furious-puma-1:128003:128438 [7] NCCL INFO Allocated shareable buffer 0xa0ae00000 size 2097152 ipcDesc 0x78f41c031410
furious-puma-1:128003:128740 [7] NCCL INFO Channel 03/0 : 7[7] -> 0[0] via P2P/CUMEM
furious-puma-1:128003:128438 [7] NCCL INFO Allocated shareable buffer 0xa0b000000 size 2097152 ipcDesc 0x78f41c032c10
furious-puma-1:128003:128740 [7] NCCL INFO Channel 04/0 : 7[7] -> 0[0] via P2P/CUMEM
furious-puma-1:128003:128438 [7] NCCL INFO Allocated shareable buffer 0xa0b200000 size 2097152 ipcDesc 0x78f41c034410
furious-puma-1:128003:128740 [7] NCCL INFO Channel 05/0 : 7[7] -> 0[0] via P2P/CUMEM
furious-puma-1:128003:128438 [7] NCCL INFO Allocated shareable buffer 0xa0b400000 size 2097152 ipcDesc 0x78f41c035c10
furious-puma-1:128003:128740 [7] NCCL INFO Channel 06/0 : 7[7] -> 0[0] via P2P/CUMEM
furious-puma-1:128003:128438 [7] NCCL INFO Allocated shareable buffer 0xa0b600000 size 2097152 ipcDesc 0x78f41c037410
furious-puma-1:128003:128740 [7] NCCL INFO Channel 07/0 : 7[7] -> 0[0] via P2P/CUMEM
furious-puma-1:128003:128438 [7] NCCL INFO Allocated shareable buffer 0xa0b800000 size 2097152 ipcDesc 0x78f41c038c10
furious-puma-1:128003:128740 [7] NCCL INFO Channel 08/0 : 7[7] -> 0[0] via P2P/CUMEM
furious-puma-1:128003:128438 [7] NCCL INFO Allocated shareable buffer 0xa0ba00000 size 2097152 ipcDesc 0x78f41c03a410
furious-puma-1:128003:128740 [7] NCCL INFO Channel 09/0 : 7[7] -> 0[0] via P2P/CUMEM
furious-puma-1:128003:128438 [7] NCCL INFO Allocated shareable buffer 0xa0bc00000 size 2097152 ipcDesc 0x78f41c03bc10
furious-puma-1:128003:128740 [7] NCCL INFO Channel 10/0 : 7[7] -> 0[0] via P2P/CUMEM
furious-puma-1:128003:128438 [7] NCCL INFO Allocated shareable buffer 0xa0be00000 size 2097152 ipcDesc 0x78f41c03d410
furious-puma-1:128003:128740 [7] NCCL INFO Channel 11/0 : 7[7] -> 0[0] via P2P/CUMEM
furious-puma-1:128003:128438 [7] NCCL INFO Allocated shareable buffer 0xa09e00000 size 2097152 ipcDesc 0x78f41c03eb70
furious-puma-1:128003:128740 [7] NCCL INFO Channel 12/0 : 7[7] -> 0[0] via P2P/CUMEM
furious-puma-1:128003:128438 [7] NCCL INFO Allocated shareable buffer 0xa07e00000 size 2097152 ipcDesc 0x78f41c040050
furious-puma-1:128003:128740 [7] NCCL INFO Channel 13/0 : 7[7] -> 0[0] via P2P/CUMEM
furious-puma-1:128003:128438 [7] NCCL INFO Allocated shareable buffer 0xa05e00000 size 2097152 ipcDesc 0x78f41c041530
furious-puma-1:128003:128740 [7] NCCL INFO Channel 14/0 : 7[7] -> 0[0] via P2P/CUMEM
furious-puma-1:128003:128438 [7] NCCL INFO Allocated shareable buffer 0xa03e00000 size 2097152 ipcDesc 0x78f41c042a10
furious-puma-1:128003:128740 [7] NCCL INFO Channel 15/0 : 7[7] -> 0[0] via P2P/CUMEM
furious-puma-1:128003:128438 [7] NCCL INFO Allocated shareable buffer 0x78f48ba00000 size 2097152 ipcDesc 0x78f41c043ef0
furious-puma-1:128003:128740 [7] NCCL INFO Channel 16/0 : 7[7] -> 0[0] via P2P/CUMEM
furious-puma-1:128003:128438 [7] NCCL INFO Allocated shareable buffer 0x78f48bc00000 size 2097152 ipcDesc 0x78f41c0456f0
furious-puma-1:128003:128740 [7] NCCL INFO Channel 17/0 : 7[7] -> 0[0] via P2P/CUMEM
furious-puma-1:128003:128438 [7] NCCL INFO Allocated shareable buffer 0xa0c000000 size 2097152 ipcDesc 0x78f41c046db0
furious-puma-1:128003:128740 [7] NCCL INFO Channel 18/0 : 7[7] -> 0[0] via P2P/CUMEM
furious-puma-1:128003:128438 [7] NCCL INFO Allocated shareable buffer 0xa0c200000 size 2097152 ipcDesc 0x78f41c048780
furious-puma-1:128003:128740 [7] NCCL INFO Channel 19/0 : 7[7] -> 0[0] via P2P/CUMEM
furious-puma-1:128003:128438 [7] NCCL INFO Allocated shareable buffer 0xa0c400000 size 2097152 ipcDesc 0x78f41c049f80
furious-puma-1:128003:128740 [7] NCCL INFO Channel 20/0 : 7[7] -> 0[0] via P2P/CUMEM
furious-puma-1:128003:128438 [7] NCCL INFO Allocated shareable buffer 0xa0c600000 size 2097152 ipcDesc 0x78f41c04b780
furious-puma-1:128003:128740 [7] NCCL INFO Channel 21/0 : 7[7] -> 0[0] via P2P/CUMEM
furious-puma-1:128003:128438 [7] NCCL INFO Allocated shareable buffer 0xa0c800000 size 2097152 ipcDesc 0x78f41c04cf80
furious-puma-1:128003:128740 [7] NCCL INFO Channel 22/0 : 7[7] -> 0[0] via P2P/CUMEM
furious-puma-1:128003:128438 [7] NCCL INFO Allocated shareable buffer 0xa0ca00000 size 2097152 ipcDesc 0x78f41c04e780
furious-puma-1:128003:128740 [7] NCCL INFO Channel 23/0 : 7[7] -> 0[0] via P2P/CUMEM
furious-puma-1:128003:128438 [7] NCCL INFO Allocated shareable buffer 0xa0cc00000 size 2097152 ipcDesc 0x78f41c04ff80
furious-puma-1:128001:128434 [5] NCCL INFO Allocated shareable buffer 0x704922c00000 size 10485760 ipcDesc 0x7048b8008b80
furious-puma-1:128001:128434 [5] NCCL INFO Allocated shareable buffer 0x704923600000 size 10485760 ipcDesc 0x7048b800a620
furious-puma-1:128001:128434 [5] NCCL INFO Allocated shareable buffer 0x704924000000 size 10485760 ipcDesc 0x7048b800be60
furious-puma-1:128001:128434 [5] NCCL INFO Allocated shareable buffer 0x704924a00000 size 10485760 ipcDesc 0x7048b800d680
furious-puma-1:128001:128434 [5] NCCL INFO Allocated shareable buffer 0x704925400000 size 10485760 ipcDesc 0x7048b800ee80
furious-puma-1:128001:128434 [5] NCCL INFO Allocated shareable buffer 0x704925e00000 size 10485760 ipcDesc 0x7048b8010680
furious-puma-1:128001:128434 [5] NCCL INFO Allocated shareable buffer 0x704926800000 size 10485760 ipcDesc 0x7048b8011e80
furious-puma-1:128001:128434 [5] NCCL INFO Allocated shareable buffer 0x704927200000 size 10485760 ipcDesc 0x7048b8013680
furious-puma-1:128001:128434 [5] NCCL INFO Allocated shareable buffer 0x704927c00000 size 10485760 ipcDesc 0x7048b8014e80
furious-puma-1:128001:128434 [5] NCCL INFO Allocated shareable buffer 0x704928600000 size 10485760 ipcDesc 0x7048b8016680
furious-puma-1:128001:128434 [5] NCCL INFO Allocated shareable buffer 0x704929000000 size 10485760 ipcDesc 0x7048b8017e80
furious-puma-1:128001:128434 [5] NCCL INFO Allocated shareable buffer 0xa02000000 size 10485760 ipcDesc 0x7048b8019680
furious-puma-1:128001:128434 [5] NCCL INFO Allocated shareable buffer 0xa02a00000 size 10485760 ipcDesc 0x7048b801b320
furious-puma-1:128001:128434 [5] NCCL INFO Allocated shareable buffer 0xa03400000 size 10485760 ipcDesc 0x7048b801cb20
furious-puma-1:128001:128434 [5] NCCL INFO Allocated shareable buffer 0xa04000000 size 10485760 ipcDesc 0x7048b801e320
furious-puma-1:128001:128434 [5] NCCL INFO Allocated shareable buffer 0xa04a00000 size 10485760 ipcDesc 0x7048b801ff70
furious-puma-1:128001:128434 [5] NCCL INFO Allocated shareable buffer 0xa05400000 size 10485760 ipcDesc 0x7048b8021770
furious-puma-1:128001:128434 [5] NCCL INFO Allocated shareable buffer 0xa06000000 size 10485760 ipcDesc 0x7048b8022f70
furious-puma-1:128001:128434 [5] NCCL INFO Allocated shareable buffer 0xa06a00000 size 10485760 ipcDesc 0x7048b8024b70
furious-puma-1:128001:128434 [5] NCCL INFO Allocated shareable buffer 0xa07400000 size 10485760 ipcDesc 0x7048b8026370
furious-puma-1:128001:128434 [5] NCCL INFO Allocated shareable buffer 0xa08000000 size 10485760 ipcDesc 0x7048b8027b70
furious-puma-1:128001:128434 [5] NCCL INFO Allocated shareable buffer 0xa08a00000 size 10485760 ipcDesc 0x7048b80297c0
furious-puma-1:128001:128434 [5] NCCL INFO Allocated shareable buffer 0xa09400000 size 10485760 ipcDesc 0x7048b802afc0
furious-puma-1:128001:128434 [5] NCCL INFO Allocated shareable buffer 0xa0a000000 size 10485760 ipcDesc 0x7048b802c7c0
furious-puma-1:128001:128741 [5] NCCL INFO Channel 00/0 : 5[5] -> 6[6] via P2P/CUMEM
furious-puma-1:128001:128434 [5] NCCL INFO Allocated shareable buffer 0xa0aa00000 size 2097152 ipcDesc 0x7048b802e410
furious-puma-1:128001:128741 [5] NCCL INFO Channel 01/0 : 5[5] -> 6[6] via P2P/CUMEM
furious-puma-1:128001:128434 [5] NCCL INFO Allocated shareable buffer 0xa0ac00000 size 2097152 ipcDesc 0x7048b802fc10
furious-puma-1:128001:128741 [5] NCCL INFO Channel 02/0 : 5[5] -> 6[6] via P2P/CUMEM
furious-puma-1:128001:128434 [5] NCCL INFO Allocated shareable buffer 0xa0ae00000 size 2097152 ipcDesc 0x7048b8031410
furious-puma-1:128001:128741 [5] NCCL INFO Channel 03/0 : 5[5] -> 6[6] via P2P/CUMEM
furious-puma-1:128001:128434 [5] NCCL INFO Allocated shareable buffer 0xa0b000000 size 2097152 ipcDesc 0x7048b8032c10
furious-puma-1:128001:128741 [5] NCCL INFO Channel 04/0 : 5[5] -> 6[6] via P2P/CUMEM
furious-puma-1:128001:128434 [5] NCCL INFO Allocated shareable buffer 0xa0b200000 size 2097152 ipcDesc 0x7048b8034410
furious-puma-1:128001:128741 [5] NCCL INFO Channel 05/0 : 5[5] -> 6[6] via P2P/CUMEM
furious-puma-1:128001:128434 [5] NCCL INFO Allocated shareable buffer 0xa0b400000 size 2097152 ipcDesc 0x7048b8035c10
furious-puma-1:128001:128741 [5] NCCL INFO Channel 06/0 : 5[5] -> 6[6] via P2P/CUMEM
furious-puma-1:128001:128434 [5] NCCL INFO Allocated shareable buffer 0xa0b600000 size 2097152 ipcDesc 0x7048b8037410
furious-puma-1:128001:128741 [5] NCCL INFO Channel 07/0 : 5[5] -> 6[6] via P2P/CUMEM
furious-puma-1:128001:128434 [5] NCCL INFO Allocated shareable buffer 0xa0b800000 size 2097152 ipcDesc 0x7048b8038c10
furious-puma-1:128001:128741 [5] NCCL INFO Channel 08/0 : 5[5] -> 6[6] via P2P/CUMEM
furious-puma-1:128001:128434 [5] NCCL INFO Allocated shareable buffer 0xa0ba00000 size 2097152 ipcDesc 0x7048b803a410
furious-puma-1:128001:128741 [5] NCCL INFO Channel 09/0 : 5[5] -> 6[6] via P2P/CUMEM
furious-puma-1:128001:128434 [5] NCCL INFO Allocated shareable buffer 0xa0bc00000 size 2097152 ipcDesc 0x7048b803bc10
furious-puma-1:128001:128741 [5] NCCL INFO Channel 10/0 : 5[5] -> 6[6] via P2P/CUMEM
furious-puma-1:128001:128434 [5] NCCL INFO Allocated shareable buffer 0xa0be00000 size 2097152 ipcDesc 0x7048b803d410
furious-puma-1:128001:128741 [5] NCCL INFO Channel 11/0 : 5[5] -> 6[6] via P2P/CUMEM
furious-puma-1:128001:128434 [5] NCCL INFO Allocated shareable buffer 0xa09e00000 size 2097152 ipcDesc 0x7048b803eb70
furious-puma-1:128001:128741 [5] NCCL INFO Channel 12/0 : 5[5] -> 6[6] via P2P/CUMEM
furious-puma-1:128001:128434 [5] NCCL INFO Allocated shareable buffer 0xa07e00000 size 2097152 ipcDesc 0x7048b8040050
furious-puma-1:128001:128741 [5] NCCL INFO Channel 13/0 : 5[5] -> 6[6] via P2P/CUMEM
furious-puma-1:128001:128434 [5] NCCL INFO Allocated shareable buffer 0xa05e00000 size 2097152 ipcDesc 0x7048b8041530
furious-puma-1:128001:128741 [5] NCCL INFO Channel 14/0 : 5[5] -> 6[6] via P2P/CUMEM
furious-puma-1:128001:128434 [5] NCCL INFO Allocated shareable buffer 0xa03e00000 size 2097152 ipcDesc 0x7048b8042a10
furious-puma-1:128001:128741 [5] NCCL INFO Channel 15/0 : 5[5] -> 6[6] via P2P/CUMEM
furious-puma-1:128001:128434 [5] NCCL INFO Allocated shareable buffer 0x704929a00000 size 2097152 ipcDesc 0x7048b8043ef0
furious-puma-1:128001:128741 [5] NCCL INFO Channel 16/0 : 5[5] -> 6[6] via P2P/CUMEM
furious-puma-1:128001:128434 [5] NCCL INFO Allocated shareable buffer 0x704929c00000 size 2097152 ipcDesc 0x7048b80456f0
furious-puma-1:128001:128741 [5] NCCL INFO Channel 17/0 : 5[5] -> 6[6] via P2P/CUMEM
furious-puma-1:128001:128434 [5] NCCL INFO Allocated shareable buffer 0xa0c000000 size 2097152 ipcDesc 0x7048b8046db0
furious-puma-1:128001:128741 [5] NCCL INFO Channel 18/0 : 5[5] -> 6[6] via P2P/CUMEM
furious-puma-1:128001:128434 [5] NCCL INFO Allocated shareable buffer 0xa0c200000 size 2097152 ipcDesc 0x7048b8048780
furious-puma-1:128001:128741 [5] NCCL INFO Channel 19/0 : 5[5] -> 6[6] via P2P/CUMEM
furious-puma-1:128001:128434 [5] NCCL INFO Allocated shareable buffer 0xa0c400000 size 2097152 ipcDesc 0x7048b8049f80
furious-puma-1:128001:128741 [5] NCCL INFO Channel 20/0 : 5[5] -> 6[6] via P2P/CUMEM
furious-puma-1:128001:128434 [5] NCCL INFO Allocated shareable buffer 0xa0c600000 size 2097152 ipcDesc 0x7048b804b780
furious-puma-1:128001:128741 [5] NCCL INFO Channel 21/0 : 5[5] -> 6[6] via P2P/CUMEM
furious-puma-1:128001:128434 [5] NCCL INFO Allocated shareable buffer 0xa0c800000 size 2097152 ipcDesc 0x7048b804cf80
furious-puma-1:128001:128741 [5] NCCL INFO Channel 22/0 : 5[5] -> 6[6] via P2P/CUMEM
furious-puma-1:128001:128434 [5] NCCL INFO Allocated shareable buffer 0xa0ca00000 size 2097152 ipcDesc 0x7048b804e780
furious-puma-1:128001:128741 [5] NCCL INFO Channel 23/0 : 5[5] -> 6[6] via P2P/CUMEM
furious-puma-1:128001:128434 [5] NCCL INFO Allocated shareable buffer 0xa0cc00000 size 2097152 ipcDesc 0x7048b804ff80
furious-puma-1:127997:128436 [1] NCCL INFO Allocated shareable buffer 0x7920cac00000 size 10485760 ipcDesc 0x792060008b80
furious-puma-1:127997:128436 [1] NCCL INFO Allocated shareable buffer 0x7920cb600000 size 10485760 ipcDesc 0x79206000a620
furious-puma-1:127997:128436 [1] NCCL INFO Allocated shareable buffer 0x7920cc000000 size 10485760 ipcDesc 0x79206000be60
furious-puma-1:127997:128436 [1] NCCL INFO Allocated shareable buffer 0x7920cca00000 size 10485760 ipcDesc 0x79206000d680
furious-puma-1:127997:128436 [1] NCCL INFO Allocated shareable buffer 0x7920cd400000 size 10485760 ipcDesc 0x79206000ee80
furious-puma-1:127997:128436 [1] NCCL INFO Allocated shareable buffer 0x7920cde00000 size 10485760 ipcDesc 0x792060010680
furious-puma-1:127997:128436 [1] NCCL INFO Allocated shareable buffer 0x7920ce800000 size 10485760 ipcDesc 0x792060011e80
furious-puma-1:127997:128436 [1] NCCL INFO Allocated shareable buffer 0x7920cf200000 size 10485760 ipcDesc 0x792060013680
furious-puma-1:127997:128436 [1] NCCL INFO Allocated shareable buffer 0x7920cfc00000 size 10485760 ipcDesc 0x792060014e80
furious-puma-1:127997:128436 [1] NCCL INFO Allocated shareable buffer 0x7920d0600000 size 10485760 ipcDesc 0x792060016680
furious-puma-1:127997:128436 [1] NCCL INFO Allocated shareable buffer 0x7920d1000000 size 10485760 ipcDesc 0x792060017e80
furious-puma-1:127997:128436 [1] NCCL INFO Allocated shareable buffer 0xa02000000 size 10485760 ipcDesc 0x792060019680
furious-puma-1:127997:128436 [1] NCCL INFO Allocated shareable buffer 0xa02a00000 size 10485760 ipcDesc 0x79206001b320
furious-puma-1:127997:128436 [1] NCCL INFO Allocated shareable buffer 0xa03400000 size 10485760 ipcDesc 0x79206001cb20
furious-puma-1:127997:128436 [1] NCCL INFO Allocated shareable buffer 0xa04000000 size 10485760 ipcDesc 0x79206001e320
furious-puma-1:127997:128436 [1] NCCL INFO Allocated shareable buffer 0xa04a00000 size 10485760 ipcDesc 0x79206001ff70
furious-puma-1:127997:128436 [1] NCCL INFO Allocated shareable buffer 0xa05400000 size 10485760 ipcDesc 0x792060021770
furious-puma-1:127997:128436 [1] NCCL INFO Allocated shareable buffer 0xa06000000 size 10485760 ipcDesc 0x792060022f70
furious-puma-1:127997:128436 [1] NCCL INFO Allocated shareable buffer 0xa06a00000 size 10485760 ipcDesc 0x792060024bc0
furious-puma-1:127997:128436 [1] NCCL INFO Allocated shareable buffer 0xa07400000 size 10485760 ipcDesc 0x7920600263c0
furious-puma-1:127997:128436 [1] NCCL INFO Allocated shareable buffer 0xa08000000 size 10485760 ipcDesc 0x792060027bc0
furious-puma-1:127997:128436 [1] NCCL INFO Allocated shareable buffer 0xa08a00000 size 10485760 ipcDesc 0x792060029810
furious-puma-1:127997:128436 [1] NCCL INFO Allocated shareable buffer 0xa09400000 size 10485760 ipcDesc 0x79206002b010
furious-puma-1:127997:128436 [1] NCCL INFO Allocated shareable buffer 0xa0a000000 size 10485760 ipcDesc 0x79206002c810
furious-puma-1:127997:128742 [1] NCCL INFO Channel 00/0 : 1[1] -> 2[2] via P2P/CUMEM
furious-puma-1:127997:128436 [1] NCCL INFO Allocated shareable buffer 0xa0aa00000 size 2097152 ipcDesc 0x79206002e420
furious-puma-1:127997:128742 [1] NCCL INFO Channel 01/0 : 1[1] -> 2[2] via P2P/CUMEM
furious-puma-1:127997:128436 [1] NCCL INFO Allocated shareable buffer 0xa0ac00000 size 2097152 ipcDesc 0x79206002fc20
furious-puma-1:127997:128742 [1] NCCL INFO Channel 02/0 : 1[1] -> 2[2] via P2P/CUMEM
furious-puma-1:127997:128436 [1] NCCL INFO Allocated shareable buffer 0xa0ae00000 size 2097152 ipcDesc 0x792060031420
furious-puma-1:127997:128742 [1] NCCL INFO Channel 03/0 : 1[1] -> 2[2] via P2P/CUMEM
furious-puma-1:127997:128436 [1] NCCL INFO Allocated shareable buffer 0xa0b000000 size 2097152 ipcDesc 0x792060032c20
furious-puma-1:127997:128742 [1] NCCL INFO Channel 04/0 : 1[1] -> 2[2] via P2P/CUMEM
furious-puma-1:127997:128436 [1] NCCL INFO Allocated shareable buffer 0xa0b200000 size 2097152 ipcDesc 0x792060034420
furious-puma-1:127997:128742 [1] NCCL INFO Channel 05/0 : 1[1] -> 2[2] via P2P/CUMEM
furious-puma-1:127997:128436 [1] NCCL INFO Allocated shareable buffer 0xa0b400000 size 2097152 ipcDesc 0x792060035c20
furious-puma-1:127997:128742 [1] NCCL INFO Channel 06/0 : 1[1] -> 2[2] via P2P/CUMEM
furious-puma-1:127997:128436 [1] NCCL INFO Allocated shareable buffer 0xa0b600000 size 2097152 ipcDesc 0x792060037420
furious-puma-1:127997:128742 [1] NCCL INFO Channel 07/0 : 1[1] -> 2[2] via P2P/CUMEM
furious-puma-1:127997:128436 [1] NCCL INFO Allocated shareable buffer 0xa0b800000 size 2097152 ipcDesc 0x792060038c20
furious-puma-1:127997:128742 [1] NCCL INFO Channel 08/0 : 1[1] -> 2[2] via P2P/CUMEM
furious-puma-1:127997:128436 [1] NCCL INFO Allocated shareable buffer 0xa0ba00000 size 2097152 ipcDesc 0x79206003a420
furious-puma-1:127997:128742 [1] NCCL INFO Channel 09/0 : 1[1] -> 2[2] via P2P/CUMEM
furious-puma-1:127997:128436 [1] NCCL INFO Allocated shareable buffer 0xa0bc00000 size 2097152 ipcDesc 0x79206003bc20
furious-puma-1:127997:128742 [1] NCCL INFO Channel 10/0 : 1[1] -> 2[2] via P2P/CUMEM
furious-puma-1:127997:128436 [1] NCCL INFO Allocated shareable buffer 0xa0be00000 size 2097152 ipcDesc 0x79206003d420
furious-puma-1:127997:128742 [1] NCCL INFO Channel 11/0 : 1[1] -> 2[2] via P2P/CUMEM
furious-puma-1:127997:128436 [1] NCCL INFO Allocated shareable buffer 0xa09e00000 size 2097152 ipcDesc 0x79206003eb80
furious-puma-1:127997:128742 [1] NCCL INFO Channel 12/0 : 1[1] -> 2[2] via P2P/CUMEM
furious-puma-1:127997:128436 [1] NCCL INFO Allocated shareable buffer 0xa07e00000 size 2097152 ipcDesc 0x792060040060
furious-puma-1:127997:128742 [1] NCCL INFO Channel 13/0 : 1[1] -> 2[2] via P2P/CUMEM
furious-puma-1:127997:128436 [1] NCCL INFO Allocated shareable buffer 0xa05e00000 size 2097152 ipcDesc 0x792060041540
furious-puma-1:127997:128742 [1] NCCL INFO Channel 14/0 : 1[1] -> 2[2] via P2P/CUMEM
furious-puma-1:127997:128436 [1] NCCL INFO Allocated shareable buffer 0xa03e00000 size 2097152 ipcDesc 0x792060042a20
furious-puma-1:127997:128742 [1] NCCL INFO Channel 15/0 : 1[1] -> 2[2] via P2P/CUMEM
furious-puma-1:127997:128436 [1] NCCL INFO Allocated shareable buffer 0x7920d1a00000 size 2097152 ipcDesc 0x792060043f00
furious-puma-1:127997:128742 [1] NCCL INFO Channel 16/0 : 1[1] -> 2[2] via P2P/CUMEM
furious-puma-1:127997:128436 [1] NCCL INFO Allocated shareable buffer 0x7920d1c00000 size 2097152 ipcDesc 0x792060045700
furious-puma-1:127997:128742 [1] NCCL INFO Channel 17/0 : 1[1] -> 2[2] via P2P/CUMEM
furious-puma-1:127997:128436 [1] NCCL INFO Allocated shareable buffer 0xa0c000000 size 2097152 ipcDesc 0x792060046dc0
furious-puma-1:127997:128742 [1] NCCL INFO Channel 18/0 : 1[1] -> 2[2] via P2P/CUMEM
furious-puma-1:127997:128436 [1] NCCL INFO Allocated shareable buffer 0xa0c200000 size 2097152 ipcDesc 0x792060048790
furious-puma-1:127997:128742 [1] NCCL INFO Channel 19/0 : 1[1] -> 2[2] via P2P/CUMEM
furious-puma-1:127997:128436 [1] NCCL INFO Allocated shareable buffer 0xa0c400000 size 2097152 ipcDesc 0x792060049f90
furious-puma-1:127997:128742 [1] NCCL INFO Channel 20/0 : 1[1] -> 2[2] via P2P/CUMEM
furious-puma-1:127997:128436 [1] NCCL INFO Allocated shareable buffer 0xa0c600000 size 2097152 ipcDesc 0x79206004b790
furious-puma-1:127997:128742 [1] NCCL INFO Channel 21/0 : 1[1] -> 2[2] via P2P/CUMEM
furious-puma-1:127997:128436 [1] NCCL INFO Allocated shareable buffer 0xa0c800000 size 2097152 ipcDesc 0x79206004cf90
furious-puma-1:127997:128742 [1] NCCL INFO Channel 22/0 : 1[1] -> 2[2] via P2P/CUMEM
furious-puma-1:127997:128436 [1] NCCL INFO Allocated shareable buffer 0xa0ca00000 size 2097152 ipcDesc 0x79206004e790
furious-puma-1:127997:128742 [1] NCCL INFO Channel 23/0 : 1[1] -> 2[2] via P2P/CUMEM
furious-puma-1:127997:128436 [1] NCCL INFO Allocated shareable buffer 0xa0cc00000 size 2097152 ipcDesc 0x79206004ff90
furious-puma-1:128002:128430 [6] NCCL INFO Allocated shareable buffer 0x7521f8c00000 size 10485760 ipcDesc 0x752188008b80
furious-puma-1:128002:128430 [6] NCCL INFO Allocated shareable buffer 0x7521f9600000 size 10485760 ipcDesc 0x75218800a620
furious-puma-1:128002:128430 [6] NCCL INFO Allocated shareable buffer 0x7521fa000000 size 10485760 ipcDesc 0x75218800be60
furious-puma-1:128002:128430 [6] NCCL INFO Allocated shareable buffer 0x7521faa00000 size 10485760 ipcDesc 0x75218800d680
furious-puma-1:128002:128430 [6] NCCL INFO Allocated shareable buffer 0x7521fb400000 size 10485760 ipcDesc 0x75218800ee80
furious-puma-1:128002:128430 [6] NCCL INFO Allocated shareable buffer 0x7521fbe00000 size 10485760 ipcDesc 0x752188010680
furious-puma-1:128002:128430 [6] NCCL INFO Allocated shareable buffer 0x7521fc800000 size 10485760 ipcDesc 0x752188011e80
furious-puma-1:128002:128430 [6] NCCL INFO Allocated shareable buffer 0x7521fd200000 size 10485760 ipcDesc 0x752188013680
furious-puma-1:128002:128430 [6] NCCL INFO Allocated shareable buffer 0x7521fdc00000 size 10485760 ipcDesc 0x752188014e80
furious-puma-1:128002:128430 [6] NCCL INFO Allocated shareable buffer 0x7521fe600000 size 10485760 ipcDesc 0x752188016680
furious-puma-1:128002:128430 [6] NCCL INFO Allocated shareable buffer 0x7521ff000000 size 10485760 ipcDesc 0x752188017e80
furious-puma-1:128002:128430 [6] NCCL INFO Allocated shareable buffer 0xa02000000 size 10485760 ipcDesc 0x752188019680
furious-puma-1:128002:128430 [6] NCCL INFO Allocated shareable buffer 0xa02a00000 size 10485760 ipcDesc 0x75218801b320
furious-puma-1:128002:128430 [6] NCCL INFO Allocated shareable buffer 0xa03400000 size 10485760 ipcDesc 0x75218801cb20
furious-puma-1:128002:128430 [6] NCCL INFO Allocated shareable buffer 0xa04000000 size 10485760 ipcDesc 0x75218801e320
furious-puma-1:128002:128430 [6] NCCL INFO Allocated shareable buffer 0xa04a00000 size 10485760 ipcDesc 0x75218801ff70
furious-puma-1:128002:128430 [6] NCCL INFO Allocated shareable buffer 0xa05400000 size 10485760 ipcDesc 0x752188021770
furious-puma-1:128002:128430 [6] NCCL INFO Allocated shareable buffer 0xa06000000 size 10485760 ipcDesc 0x752188022f70
furious-puma-1:128002:128430 [6] NCCL INFO Allocated shareable buffer 0xa06a00000 size 10485760 ipcDesc 0x752188024b70
furious-puma-1:128002:128430 [6] NCCL INFO Allocated shareable buffer 0xa07400000 size 10485760 ipcDesc 0x752188026370
furious-puma-1:128002:128430 [6] NCCL INFO Allocated shareable buffer 0xa08000000 size 10485760 ipcDesc 0x752188027b70
furious-puma-1:128002:128430 [6] NCCL INFO Allocated shareable buffer 0xa08a00000 size 10485760 ipcDesc 0x7521880297c0
furious-puma-1:128002:128430 [6] NCCL INFO Allocated shareable buffer 0xa09400000 size 10485760 ipcDesc 0x75218802afc0
furious-puma-1:128002:128430 [6] NCCL INFO Allocated shareable buffer 0xa0a000000 size 10485760 ipcDesc 0x75218802c7c0
furious-puma-1:128002:128743 [6] NCCL INFO Channel 00/0 : 6[6] -> 7[7] via P2P/CUMEM
furious-puma-1:128002:128430 [6] NCCL INFO Allocated shareable buffer 0xa0aa00000 size 2097152 ipcDesc 0x75218802e410
furious-puma-1:128002:128743 [6] NCCL INFO Channel 01/0 : 6[6] -> 7[7] via P2P/CUMEM
furious-puma-1:128002:128430 [6] NCCL INFO Allocated shareable buffer 0xa0ac00000 size 2097152 ipcDesc 0x75218802fc10
furious-puma-1:128002:128743 [6] NCCL INFO Channel 02/0 : 6[6] -> 7[7] via P2P/CUMEM
furious-puma-1:128002:128430 [6] NCCL INFO Allocated shareable buffer 0xa0ae00000 size 2097152 ipcDesc 0x752188031410
furious-puma-1:128002:128743 [6] NCCL INFO Channel 03/0 : 6[6] -> 7[7] via P2P/CUMEM
furious-puma-1:128002:128430 [6] NCCL INFO Allocated shareable buffer 0xa0b000000 size 2097152 ipcDesc 0x752188032c10
furious-puma-1:128002:128743 [6] NCCL INFO Channel 04/0 : 6[6] -> 7[7] via P2P/CUMEM
furious-puma-1:128002:128430 [6] NCCL INFO Allocated shareable buffer 0xa0b200000 size 2097152 ipcDesc 0x752188034410
furious-puma-1:128002:128743 [6] NCCL INFO Channel 05/0 : 6[6] -> 7[7] via P2P/CUMEM
furious-puma-1:128002:128430 [6] NCCL INFO Allocated shareable buffer 0xa0b400000 size 2097152 ipcDesc 0x752188035c10
furious-puma-1:128002:128743 [6] NCCL INFO Channel 06/0 : 6[6] -> 7[7] via P2P/CUMEM
furious-puma-1:128002:128430 [6] NCCL INFO Allocated shareable buffer 0xa0b600000 size 2097152 ipcDesc 0x752188037410
furious-puma-1:128002:128743 [6] NCCL INFO Channel 07/0 : 6[6] -> 7[7] via P2P/CUMEM
furious-puma-1:128002:128430 [6] NCCL INFO Allocated shareable buffer 0xa0b800000 size 2097152 ipcDesc 0x752188038c10
furious-puma-1:128002:128743 [6] NCCL INFO Channel 08/0 : 6[6] -> 7[7] via P2P/CUMEM
furious-puma-1:128002:128430 [6] NCCL INFO Allocated shareable buffer 0xa0ba00000 size 2097152 ipcDesc 0x75218803a410
furious-puma-1:128002:128743 [6] NCCL INFO Channel 09/0 : 6[6] -> 7[7] via P2P/CUMEM
furious-puma-1:128002:128430 [6] NCCL INFO Allocated shareable buffer 0xa0bc00000 size 2097152 ipcDesc 0x75218803bc10
furious-puma-1:128002:128743 [6] NCCL INFO Channel 10/0 : 6[6] -> 7[7] via P2P/CUMEM
furious-puma-1:128002:128430 [6] NCCL INFO Allocated shareable buffer 0xa0be00000 size 2097152 ipcDesc 0x75218803d410
furious-puma-1:128002:128743 [6] NCCL INFO Channel 11/0 : 6[6] -> 7[7] via P2P/CUMEM
furious-puma-1:128002:128430 [6] NCCL INFO Allocated shareable buffer 0xa09e00000 size 2097152 ipcDesc 0x75218803eb70
furious-puma-1:128002:128743 [6] NCCL INFO Channel 12/0 : 6[6] -> 7[7] via P2P/CUMEM
furious-puma-1:128002:128430 [6] NCCL INFO Allocated shareable buffer 0xa07e00000 size 2097152 ipcDesc 0x752188040050
furious-puma-1:128002:128743 [6] NCCL INFO Channel 13/0 : 6[6] -> 7[7] via P2P/CUMEM
furious-puma-1:128002:128430 [6] NCCL INFO Allocated shareable buffer 0xa05e00000 size 2097152 ipcDesc 0x752188041530
furious-puma-1:128002:128743 [6] NCCL INFO Channel 14/0 : 6[6] -> 7[7] via P2P/CUMEM
furious-puma-1:128002:128430 [6] NCCL INFO Allocated shareable buffer 0xa03e00000 size 2097152 ipcDesc 0x752188042a10
furious-puma-1:128002:128743 [6] NCCL INFO Channel 15/0 : 6[6] -> 7[7] via P2P/CUMEM
furious-puma-1:128002:128430 [6] NCCL INFO Allocated shareable buffer 0x7521ffa00000 size 2097152 ipcDesc 0x752188043ef0
furious-puma-1:128002:128743 [6] NCCL INFO Channel 16/0 : 6[6] -> 7[7] via P2P/CUMEM
furious-puma-1:128002:128430 [6] NCCL INFO Allocated shareable buffer 0x7521ffc00000 size 2097152 ipcDesc 0x7521880456f0
furious-puma-1:128002:128743 [6] NCCL INFO Channel 17/0 : 6[6] -> 7[7] via P2P/CUMEM
furious-puma-1:128002:128430 [6] NCCL INFO Allocated shareable buffer 0xa0c000000 size 2097152 ipcDesc 0x752188046db0
furious-puma-1:128002:128743 [6] NCCL INFO Channel 18/0 : 6[6] -> 7[7] via P2P/CUMEM
furious-puma-1:128002:128430 [6] NCCL INFO Allocated shareable buffer 0xa0c200000 size 2097152 ipcDesc 0x752188048780
furious-puma-1:128002:128743 [6] NCCL INFO Channel 19/0 : 6[6] -> 7[7] via P2P/CUMEM
furious-puma-1:128002:128430 [6] NCCL INFO Allocated shareable buffer 0xa0c400000 size 2097152 ipcDesc 0x752188049f80
furious-puma-1:128002:128743 [6] NCCL INFO Channel 20/0 : 6[6] -> 7[7] via P2P/CUMEM
furious-puma-1:128002:128430 [6] NCCL INFO Allocated shareable buffer 0xa0c600000 size 2097152 ipcDesc 0x75218804b780
furious-puma-1:128002:128743 [6] NCCL INFO Channel 21/0 : 6[6] -> 7[7] via P2P/CUMEM
furious-puma-1:128002:128430 [6] NCCL INFO Allocated shareable buffer 0xa0c800000 size 2097152 ipcDesc 0x75218804cf80
furious-puma-1:128002:128743 [6] NCCL INFO Channel 22/0 : 6[6] -> 7[7] via P2P/CUMEM
furious-puma-1:128002:128430 [6] NCCL INFO Allocated shareable buffer 0xa0ca00000 size 2097152 ipcDesc 0x75218804e780
furious-puma-1:128002:128743 [6] NCCL INFO Channel 23/0 : 6[6] -> 7[7] via P2P/CUMEM
furious-puma-1:128002:128430 [6] NCCL INFO Allocated shareable buffer 0xa0cc00000 size 2097152 ipcDesc 0x75218804ff80
furious-puma-1:128002:128743 [6] NCCL INFO UDS converted handle 0x78f41c008bd0 to fd 134 on remote peer 7
furious-puma-1:128002:128743 [6] NCCL INFO Imported shareable buffer device 6 size 10485760 ptr 0xa0ce00000
furious-puma-1:128002:128743 [6] NCCL INFO UDS converted handle 0x7048b802e460 to fd 135 on remote peer 5
furious-puma-1:128002:128743 [6] NCCL INFO Imported shareable buffer device 6 size 2097152 ptr 0xa0d800000
furious-puma-1:128002:128743 [6] NCCL INFO UDS converted handle 0x78f41c00a670 to fd 135 on remote peer 7
furious-puma-1:128002:128743 [6] NCCL INFO Imported shareable buffer device 6 size 10485760 ptr 0xa0e000000
furious-puma-1:128002:128743 [6] NCCL INFO UDS converted handle 0x7048b802fc60 to fd 135 on remote peer 5
furious-puma-1:128002:128743 [6] NCCL INFO Imported shareable buffer device 6 size 2097152 ptr 0xa0ea00000
furious-puma-1:128002:128743 [6] NCCL INFO UDS converted handle 0x78f41c00beb0 to fd 135 on remote peer 7
furious-puma-1:128002:128743 [6] NCCL INFO Imported shareable buffer device 6 size 10485760 ptr 0xa0ec00000
furious-puma-1:128002:128743 [6] NCCL INFO UDS converted handle 0x7048b8031460 to fd 135 on remote peer 5
furious-puma-1:128002:128743 [6] NCCL INFO Imported shareable buffer device 6 size 2097152 ptr 0xa0f600000
furious-puma-1:128002:128743 [6] NCCL INFO UDS converted handle 0x78f41c00d6d0 to fd 135 on remote peer 7
furious-puma-1:128002:128743 [6] NCCL INFO Imported shareable buffer device 6 size 10485760 ptr 0xa10000000
furious-puma-1:128002:128743 [6] NCCL INFO UDS converted handle 0x7048b8032c60 to fd 135 on remote peer 5
furious-puma-1:128002:128743 [6] NCCL INFO Imported shareable buffer device 6 size 2097152 ptr 0xa10a00000
furious-puma-1:128002:128743 [6] NCCL INFO UDS converted handle 0x78f41c00eed0 to fd 135 on remote peer 7
furious-puma-1:128002:128743 [6] NCCL INFO Imported shareable buffer device 6 size 10485760 ptr 0xa10c00000
furious-puma-1:128002:128743 [6] NCCL INFO UDS converted handle 0x7048b8034460 to fd 135 on remote peer 5
furious-puma-1:128002:128743 [6] NCCL INFO Imported shareable buffer device 6 size 2097152 ptr 0xa11600000
furious-puma-1:128002:128743 [6] NCCL INFO UDS converted handle 0x78f41c0106d0 to fd 135 on remote peer 7
furious-puma-1:128002:128743 [6] NCCL INFO Imported shareable buffer device 6 size 10485760 ptr 0xa12000000
furious-puma-1:128002:128743 [6] NCCL INFO UDS converted handle 0x7048b8035c60 to fd 135 on remote peer 5
furious-puma-1:128002:128743 [6] NCCL INFO Imported shareable buffer device 6 size 2097152 ptr 0xa12a00000
furious-puma-1:128002:128743 [6] NCCL INFO UDS converted handle 0x78f41c011ed0 to fd 135 on remote peer 7
furious-puma-1:128002:128743 [6] NCCL INFO Imported shareable buffer device 6 size 10485760 ptr 0xa12c00000
furious-puma-1:128002:128743 [6] NCCL INFO UDS converted handle 0x7048b8037460 to fd 135 on remote peer 5
furious-puma-1:128002:128743 [6] NCCL INFO Imported shareable buffer device 6 size 2097152 ptr 0xa13600000
furious-puma-1:128002:128743 [6] NCCL INFO UDS converted handle 0x78f41c0136d0 to fd 135 on remote peer 7
furious-puma-1:128002:128743 [6] NCCL INFO Imported shareable buffer device 6 size 10485760 ptr 0xa14000000
furious-puma-1:128002:128743 [6] NCCL INFO UDS converted handle 0x7048b8038c60 to fd 135 on remote peer 5
furious-puma-1:128002:128743 [6] NCCL INFO Imported shareable buffer device 6 size 2097152 ptr 0xa14a00000
furious-puma-1:128002:128743 [6] NCCL INFO UDS converted handle 0x78f41c014ed0 to fd 135 on remote peer 7
furious-puma-1:128002:128743 [6] NCCL INFO Imported shareable buffer device 6 size 10485760 ptr 0xa14c00000
furious-puma-1:128002:128743 [6] NCCL INFO UDS converted handle 0x7048b803a460 to fd 135 on remote peer 5
furious-puma-1:128002:128743 [6] NCCL INFO Imported shareable buffer device 6 size 2097152 ptr 0xa15600000
furious-puma-1:128002:128743 [6] NCCL INFO UDS converted handle 0x78f41c0166d0 to fd 135 on remote peer 7
furious-puma-1:128002:128743 [6] NCCL INFO Imported shareable buffer device 6 size 10485760 ptr 0xa16000000
furious-puma-1:128002:128743 [6] NCCL INFO UDS converted handle 0x7048b803bc60 to fd 135 on remote peer 5
furious-puma-1:128002:128743 [6] NCCL INFO Imported shareable buffer device 6 size 2097152 ptr 0xa16a00000
furious-puma-1:128002:128743 [6] NCCL INFO UDS converted handle 0x78f41c017ed0 to fd 135 on remote peer 7
furious-puma-1:128002:128743 [6] NCCL INFO Imported shareable buffer device 6 size 10485760 ptr 0xa16c00000
furious-puma-1:128002:128743 [6] NCCL INFO UDS converted handle 0x7048b803d460 to fd 135 on remote peer 5
furious-puma-1:128002:128743 [6] NCCL INFO Imported shareable buffer device 6 size 2097152 ptr 0xa17600000
furious-puma-1:128002:128743 [6] NCCL INFO UDS converted handle 0x78f41c0196d0 to fd 135 on remote peer 7
furious-puma-1:128002:128743 [6] NCCL INFO Imported shareable buffer device 6 size 10485760 ptr 0xa18000000
furious-puma-1:128002:128743 [6] NCCL INFO UDS converted handle 0x7048b803ebc0 to fd 135 on remote peer 5
furious-puma-1:128002:128743 [6] NCCL INFO Imported shareable buffer device 6 size 2097152 ptr 0xa18a00000
furious-puma-1:128002:128743 [6] NCCL INFO UDS converted handle 0x78f41c01b370 to fd 135 on remote peer 7
furious-puma-1:128002:128743 [6] NCCL INFO Imported shareable buffer device 6 size 10485760 ptr 0xa18c00000
furious-puma-1:128002:128743 [6] NCCL INFO UDS converted handle 0x7048b80400a0 to fd 135 on remote peer 5
furious-puma-1:128002:128743 [6] NCCL INFO Imported shareable buffer device 6 size 2097152 ptr 0xa19600000
furious-puma-1:128002:128743 [6] NCCL INFO UDS converted handle 0x78f41c01cb70 to fd 135 on remote peer 7
furious-puma-1:128002:128743 [6] NCCL INFO Imported shareable buffer device 6 size 10485760 ptr 0xa1a000000
furious-puma-1:128002:128743 [6] NCCL INFO UDS converted handle 0x7048b8041580 to fd 135 on remote peer 5
furious-puma-1:128002:128743 [6] NCCL INFO Imported shareable buffer device 6 size 2097152 ptr 0xa1aa00000
furious-puma-1:128002:128743 [6] NCCL INFO UDS converted handle 0x78f41c01e370 to fd 135 on remote peer 7
furious-puma-1:128002:128743 [6] NCCL INFO Imported shareable buffer device 6 size 10485760 ptr 0xa1ac00000
furious-puma-1:128002:128743 [6] NCCL INFO UDS converted handle 0x7048b8042a60 to fd 135 on remote peer 5
furious-puma-1:128002:128743 [6] NCCL INFO Imported shareable buffer device 6 size 2097152 ptr 0xa1b600000
furious-puma-1:128002:128743 [6] NCCL INFO UDS converted handle 0x78f41c01ffc0 to fd 135 on remote peer 7
furious-puma-1:128002:128743 [6] NCCL INFO Imported shareable buffer device 6 size 10485760 ptr 0xa1c000000
furious-puma-1:128002:128743 [6] NCCL INFO UDS converted handle 0x7048b8043f40 to fd 135 on remote peer 5
furious-puma-1:128002:128743 [6] NCCL INFO Imported shareable buffer device 6 size 2097152 ptr 0xa1ca00000
furious-puma-1:128002:128743 [6] NCCL INFO UDS converted handle 0x78f41c0217c0 to fd 135 on remote peer 7
furious-puma-1:128002:128743 [6] NCCL INFO Imported shareable buffer device 6 size 10485760 ptr 0xa1cc00000
furious-puma-1:128002:128743 [6] NCCL INFO UDS converted handle 0x7048b8045740 to fd 135 on remote peer 5
furious-puma-1:128002:128743 [6] NCCL INFO Imported shareable buffer device 6 size 2097152 ptr 0xa1d600000
furious-puma-1:128002:128743 [6] NCCL INFO UDS converted handle 0x78f41c022fc0 to fd 135 on remote peer 7
furious-puma-1:128002:128743 [6] NCCL INFO Imported shareable buffer device 6 size 10485760 ptr 0xa1e000000
furious-puma-1:128002:128743 [6] NCCL INFO UDS converted handle 0x7048b8046e00 to fd 135 on remote peer 5
furious-puma-1:128002:128743 [6] NCCL INFO Imported shareable buffer device 6 size 2097152 ptr 0xa1ea00000
furious-puma-1:128002:128743 [6] NCCL INFO UDS converted handle 0x78f41c024bc0 to fd 135 on remote peer 7
furious-puma-1:128002:128743 [6] NCCL INFO Imported shareable buffer device 6 size 10485760 ptr 0xa1ec00000
furious-puma-1:128002:128743 [6] NCCL INFO UDS converted handle 0x7048b80487d0 to fd 135 on remote peer 5
furious-puma-1:128002:128743 [6] NCCL INFO Imported shareable buffer device 6 size 2097152 ptr 0xa1f600000
furious-puma-1:128002:128743 [6] NCCL INFO UDS converted handle 0x78f41c0263c0 to fd 135 on remote peer 7
furious-puma-1:128002:128743 [6] NCCL INFO Imported shareable buffer device 6 size 10485760 ptr 0x31c0000000
furious-puma-1:127999:128444 [3] NCCL INFO Allocated shareable buffer 0x7cbeaac00000 size 10485760 ipcDesc 0x7cbe38008b80
furious-puma-1:128002:128743 [6] NCCL INFO UDS converted handle 0x7048b8049fd0 to fd 135 on remote peer 5
furious-puma-1:127999:128444 [3] NCCL INFO Allocated shareable buffer 0x7cbeab600000 size 10485760 ipcDesc 0x7cbe3800a620
furious-puma-1:128002:128743 [6] NCCL INFO Imported shareable buffer device 6 size 2097152 ptr 0x31c0a00000
furious-puma-1:127999:128444 [3] NCCL INFO Allocated shareable buffer 0x7cbeac000000 size 10485760 ipcDesc 0x7cbe3800be60
furious-puma-1:128002:128743 [6] NCCL INFO UDS converted handle 0x78f41c027bc0 to fd 135 on remote peer 7
furious-puma-1:127999:128444 [3] NCCL INFO Allocated shareable buffer 0x7cbeaca00000 size 10485760 ipcDesc 0x7cbe3800d680
furious-puma-1:127999:128444 [3] NCCL INFO Allocated shareable buffer 0x7cbead400000 size 10485760 ipcDesc 0x7cbe3800ee80
furious-puma-1:128002:128743 [6] NCCL INFO Imported shareable buffer device 6 size 10485760 ptr 0x31c0c00000
furious-puma-1:127999:128444 [3] NCCL INFO Allocated shareable buffer 0x7cbeade00000 size 10485760 ipcDesc 0x7cbe38010680
furious-puma-1:128002:128743 [6] NCCL INFO UDS converted handle 0x7048b804b7d0 to fd 135 on remote peer 5
furious-puma-1:127999:128444 [3] NCCL INFO Allocated shareable buffer 0x7cbeae800000 size 10485760 ipcDesc 0x7cbe38011e80
furious-puma-1:127999:128444 [3] NCCL INFO Allocated shareable buffer 0x7cbeaf200000 size 10485760 ipcDesc 0x7cbe38013680
furious-puma-1:128002:128743 [6] NCCL INFO Imported shareable buffer device 6 size 2097152 ptr 0x31c1600000
furious-puma-1:127999:128444 [3] NCCL INFO Allocated shareable buffer 0x7cbeafc00000 size 10485760 ipcDesc 0x7cbe38014e80
furious-puma-1:128002:128743 [6] NCCL INFO UDS converted handle 0x78f41c029810 to fd 135 on remote peer 7
furious-puma-1:127999:128444 [3] NCCL INFO Allocated shareable buffer 0x7cbeb0600000 size 10485760 ipcDesc 0x7cbe38016680
furious-puma-1:127999:128444 [3] NCCL INFO Allocated shareable buffer 0x7cbeb1000000 size 10485760 ipcDesc 0x7cbe38017e80
furious-puma-1:128002:128743 [6] NCCL INFO Imported shareable buffer device 6 size 10485760 ptr 0x31c2000000
furious-puma-1:128002:128743 [6] NCCL INFO UDS converted handle 0x7048b804cfd0 to fd 135 on remote peer 5
furious-puma-1:127999:128444 [3] NCCL INFO Allocated shareable buffer 0xa02000000 size 10485760 ipcDesc 0x7cbe38019680
furious-puma-1:128002:128743 [6] NCCL INFO Imported shareable buffer device 6 size 2097152 ptr 0x31c2a00000
furious-puma-1:127999:128444 [3] NCCL INFO Allocated shareable buffer 0xa02a00000 size 10485760 ipcDesc 0x7cbe3801b320
furious-puma-1:128002:128743 [6] NCCL INFO UDS converted handle 0x78f41c02b010 to fd 135 on remote peer 7
furious-puma-1:127999:128444 [3] NCCL INFO Allocated shareable buffer 0xa03400000 size 10485760 ipcDesc 0x7cbe3801cb20
furious-puma-1:128002:128743 [6] NCCL INFO Imported shareable buffer device 6 size 10485760 ptr 0x31c2c00000
furious-puma-1:127999:128444 [3] NCCL INFO Allocated shareable buffer 0xa04000000 size 10485760 ipcDesc 0x7cbe3801e320
furious-puma-1:128002:128743 [6] NCCL INFO UDS converted handle 0x7048b804e7d0 to fd 135 on remote peer 5
furious-puma-1:127999:128444 [3] NCCL INFO Allocated shareable buffer 0xa04a00000 size 10485760 ipcDesc 0x7cbe3801ff70
furious-puma-1:128002:128743 [6] NCCL INFO Imported shareable buffer device 6 size 2097152 ptr 0x31c3600000
furious-puma-1:127999:128444 [3] NCCL INFO Allocated shareable buffer 0xa05400000 size 10485760 ipcDesc 0x7cbe38021770
furious-puma-1:128002:128743 [6] NCCL INFO UDS converted handle 0x78f41c02c810 to fd 135 on remote peer 7
furious-puma-1:127999:128444 [3] NCCL INFO Allocated shareable buffer 0xa06000000 size 10485760 ipcDesc 0x7cbe38022f70
furious-puma-1:127999:128444 [3] NCCL INFO Allocated shareable buffer 0xa06a00000 size 10485760 ipcDesc 0x7cbe38024b70
furious-puma-1:128002:128743 [6] NCCL INFO Imported shareable buffer device 6 size 10485760 ptr 0x31c4000000
furious-puma-1:127999:128444 [3] NCCL INFO Allocated shareable buffer 0xa07400000 size 10485760 ipcDesc 0x7cbe38026370
furious-puma-1:128002:128743 [6] NCCL INFO UDS converted handle 0x7048b804ffd0 to fd 135 on remote peer 5
furious-puma-1:127999:128444 [3] NCCL INFO Allocated shareable buffer 0xa08000000 size 10485760 ipcDesc 0x7cbe38027b70
furious-puma-1:127999:128444 [3] NCCL INFO Allocated shareable buffer 0xa08a00000 size 10485760 ipcDesc 0x7cbe380297c0
furious-puma-1:128002:128743 [6] NCCL INFO Imported shareable buffer device 6 size 2097152 ptr 0x31c4a00000
furious-puma-1:127999:128444 [3] NCCL INFO Allocated shareable buffer 0xa09400000 size 10485760 ipcDesc 0x7cbe3802afc0
furious-puma-1:127999:128444 [3] NCCL INFO Allocated shareable buffer 0xa0a000000 size 10485760 ipcDesc 0x7cbe3802c7c0
furious-puma-1:127999:128744 [3] NCCL INFO Channel 00/0 : 3[3] -> 4[4] via P2P/CUMEM
furious-puma-1:127999:128444 [3] NCCL INFO Allocated shareable buffer 0xa0aa00000 size 2097152 ipcDesc 0x7cbe3802e410
furious-puma-1:127999:128744 [3] NCCL INFO Channel 01/0 : 3[3] -> 4[4] via P2P/CUMEM
furious-puma-1:127999:128444 [3] NCCL INFO Allocated shareable buffer 0xa0ac00000 size 2097152 ipcDesc 0x7cbe3802fc10
furious-puma-1:127999:128744 [3] NCCL INFO Channel 02/0 : 3[3] -> 4[4] via P2P/CUMEM
furious-puma-1:127999:128444 [3] NCCL INFO Allocated shareable buffer 0xa0ae00000 size 2097152 ipcDesc 0x7cbe38031410
furious-puma-1:127999:128744 [3] NCCL INFO Channel 03/0 : 3[3] -> 4[4] via P2P/CUMEM
furious-puma-1:127999:128444 [3] NCCL INFO Allocated shareable buffer 0xa0b000000 size 2097152 ipcDesc 0x7cbe38032c10
furious-puma-1:127999:128744 [3] NCCL INFO Channel 04/0 : 3[3] -> 4[4] via P2P/CUMEM
furious-puma-1:127999:128444 [3] NCCL INFO Allocated shareable buffer 0xa0b200000 size 2097152 ipcDesc 0x7cbe38034410
furious-puma-1:127999:128744 [3] NCCL INFO Channel 05/0 : 3[3] -> 4[4] via P2P/CUMEM
furious-puma-1:127999:128444 [3] NCCL INFO Allocated shareable buffer 0xa0b400000 size 2097152 ipcDesc 0x7cbe38035c10
furious-puma-1:127999:128744 [3] NCCL INFO Channel 06/0 : 3[3] -> 4[4] via P2P/CUMEM
furious-puma-1:127999:128444 [3] NCCL INFO Allocated shareable buffer 0xa0b600000 size 2097152 ipcDesc 0x7cbe38037410
furious-puma-1:127999:128744 [3] NCCL INFO Channel 07/0 : 3[3] -> 4[4] via P2P/CUMEM
furious-puma-1:127999:128444 [3] NCCL INFO Allocated shareable buffer 0xa0b800000 size 2097152 ipcDesc 0x7cbe38038c10
furious-puma-1:127999:128744 [3] NCCL INFO Channel 08/0 : 3[3] -> 4[4] via P2P/CUMEM
furious-puma-1:127999:128444 [3] NCCL INFO Allocated shareable buffer 0xa0ba00000 size 2097152 ipcDesc 0x7cbe3803a410
furious-puma-1:127999:128744 [3] NCCL INFO Channel 09/0 : 3[3] -> 4[4] via P2P/CUMEM
furious-puma-1:127999:128444 [3] NCCL INFO Allocated shareable buffer 0xa0bc00000 size 2097152 ipcDesc 0x7cbe3803bc10
furious-puma-1:127999:128744 [3] NCCL INFO Channel 10/0 : 3[3] -> 4[4] via P2P/CUMEM
furious-puma-1:127999:128444 [3] NCCL INFO Allocated shareable buffer 0xa0be00000 size 2097152 ipcDesc 0x7cbe3803d410
furious-puma-1:127999:128744 [3] NCCL INFO Channel 11/0 : 3[3] -> 4[4] via P2P/CUMEM
furious-puma-1:127999:128444 [3] NCCL INFO Allocated shareable buffer 0xa09e00000 size 2097152 ipcDesc 0x7cbe3803eb70
furious-puma-1:127999:128744 [3] NCCL INFO Channel 12/0 : 3[3] -> 4[4] via P2P/CUMEM
furious-puma-1:127999:128444 [3] NCCL INFO Allocated shareable buffer 0xa07e00000 size 2097152 ipcDesc 0x7cbe38040050
furious-puma-1:127999:128744 [3] NCCL INFO Channel 13/0 : 3[3] -> 4[4] via P2P/CUMEM
furious-puma-1:127999:128444 [3] NCCL INFO Allocated shareable buffer 0xa05e00000 size 2097152 ipcDesc 0x7cbe38041530
furious-puma-1:127999:128744 [3] NCCL INFO Channel 14/0 : 3[3] -> 4[4] via P2P/CUMEM
furious-puma-1:127999:128444 [3] NCCL INFO Allocated shareable buffer 0xa03e00000 size 2097152 ipcDesc 0x7cbe38042a10
furious-puma-1:127999:128744 [3] NCCL INFO Channel 15/0 : 3[3] -> 4[4] via P2P/CUMEM
furious-puma-1:127999:128444 [3] NCCL INFO Allocated shareable buffer 0x7cbeb1a00000 size 2097152 ipcDesc 0x7cbe38043ef0
furious-puma-1:127999:128744 [3] NCCL INFO Channel 16/0 : 3[3] -> 4[4] via P2P/CUMEM
furious-puma-1:127999:128444 [3] NCCL INFO Allocated shareable buffer 0x7cbeb1c00000 size 2097152 ipcDesc 0x7cbe380456f0
furious-puma-1:127999:128744 [3] NCCL INFO Channel 17/0 : 3[3] -> 4[4] via P2P/CUMEM
furious-puma-1:127999:128444 [3] NCCL INFO Allocated shareable buffer 0xa0c000000 size 2097152 ipcDesc 0x7cbe38046db0
furious-puma-1:127999:128744 [3] NCCL INFO Channel 18/0 : 3[3] -> 4[4] via P2P/CUMEM
furious-puma-1:127999:128444 [3] NCCL INFO Allocated shareable buffer 0xa0c200000 size 2097152 ipcDesc 0x7cbe38048780
furious-puma-1:127999:128744 [3] NCCL INFO Channel 19/0 : 3[3] -> 4[4] via P2P/CUMEM
furious-puma-1:127999:128444 [3] NCCL INFO Allocated shareable buffer 0xa0c400000 size 2097152 ipcDesc 0x7cbe38049f80
furious-puma-1:127999:128744 [3] NCCL INFO Channel 20/0 : 3[3] -> 4[4] via P2P/CUMEM
furious-puma-1:127999:128444 [3] NCCL INFO Allocated shareable buffer 0xa0c600000 size 2097152 ipcDesc 0x7cbe3804b780
furious-puma-1:127999:128744 [3] NCCL INFO Channel 21/0 : 3[3] -> 4[4] via P2P/CUMEM
furious-puma-1:127999:128444 [3] NCCL INFO Allocated shareable buffer 0xa0c800000 size 2097152 ipcDesc 0x7cbe3804cf80
furious-puma-1:127999:128744 [3] NCCL INFO Channel 22/0 : 3[3] -> 4[4] via P2P/CUMEM
furious-puma-1:127999:128444 [3] NCCL INFO Allocated shareable buffer 0xa0ca00000 size 2097152 ipcDesc 0x7cbe3804e780
furious-puma-1:127999:128744 [3] NCCL INFO Channel 23/0 : 3[3] -> 4[4] via P2P/CUMEM
furious-puma-1:127999:128444 [3] NCCL INFO Allocated shareable buffer 0xa0cc00000 size 2097152 ipcDesc 0x7cbe3804ff80
furious-puma-1:127998:128738 [2] NCCL INFO UDS converted handle 0x7cbe38008bd0 to fd 134 on remote peer 3
furious-puma-1:127998:128738 [2] NCCL INFO Imported shareable buffer device 2 size 10485760 ptr 0xa0ce00000
furious-puma-1:127998:128738 [2] NCCL INFO UDS converted handle 0x79206002e470 to fd 135 on remote peer 1
furious-puma-1:127998:128738 [2] NCCL INFO Imported shareable buffer device 2 size 2097152 ptr 0xa0d800000
furious-puma-1:127998:128738 [2] NCCL INFO UDS converted handle 0x7cbe3800a670 to fd 135 on remote peer 3
furious-puma-1:127998:128738 [2] NCCL INFO Imported shareable buffer device 2 size 10485760 ptr 0xa0e000000
furious-puma-1:127998:128738 [2] NCCL INFO UDS converted handle 0x79206002fc70 to fd 135 on remote peer 1
furious-puma-1:127998:128738 [2] NCCL INFO Imported shareable buffer device 2 size 2097152 ptr 0xa0ea00000
furious-puma-1:127998:128738 [2] NCCL INFO UDS converted handle 0x7cbe3800beb0 to fd 135 on remote peer 3
furious-puma-1:127998:128738 [2] NCCL INFO Imported shareable buffer device 2 size 10485760 ptr 0xa0ec00000
furious-puma-1:127998:128738 [2] NCCL INFO UDS converted handle 0x792060031470 to fd 135 on remote peer 1
furious-puma-1:127998:128738 [2] NCCL INFO Imported shareable buffer device 2 size 2097152 ptr 0xa0f600000
furious-puma-1:127998:128738 [2] NCCL INFO UDS converted handle 0x7cbe3800d6d0 to fd 135 on remote peer 3
furious-puma-1:127998:128738 [2] NCCL INFO Imported shareable buffer device 2 size 10485760 ptr 0xa10000000
furious-puma-1:127998:128738 [2] NCCL INFO UDS converted handle 0x792060032c70 to fd 135 on remote peer 1
furious-puma-1:127998:128738 [2] NCCL INFO Imported shareable buffer device 2 size 2097152 ptr 0xa10a00000
furious-puma-1:127998:128738 [2] NCCL INFO UDS converted handle 0x7cbe3800eed0 to fd 135 on remote peer 3
furious-puma-1:127998:128738 [2] NCCL INFO Imported shareable buffer device 2 size 10485760 ptr 0xa10c00000
furious-puma-1:127998:128738 [2] NCCL INFO UDS converted handle 0x792060034470 to fd 135 on remote peer 1
furious-puma-1:127998:128738 [2] NCCL INFO Imported shareable buffer device 2 size 2097152 ptr 0xa11600000
furious-puma-1:127998:128738 [2] NCCL INFO UDS converted handle 0x7cbe380106d0 to fd 135 on remote peer 3
furious-puma-1:127998:128738 [2] NCCL INFO Imported shareable buffer device 2 size 10485760 ptr 0xa12000000
furious-puma-1:127998:128738 [2] NCCL INFO UDS converted handle 0x792060035c70 to fd 135 on remote peer 1
furious-puma-1:127998:128738 [2] NCCL INFO Imported shareable buffer device 2 size 2097152 ptr 0xa12a00000
furious-puma-1:127998:128738 [2] NCCL INFO UDS converted handle 0x7cbe38011ed0 to fd 135 on remote peer 3
furious-puma-1:127998:128738 [2] NCCL INFO Imported shareable buffer device 2 size 10485760 ptr 0xa12c00000
furious-puma-1:127998:128738 [2] NCCL INFO UDS converted handle 0x792060037470 to fd 135 on remote peer 1
furious-puma-1:127998:128738 [2] NCCL INFO Imported shareable buffer device 2 size 2097152 ptr 0xa13600000
furious-puma-1:127998:128738 [2] NCCL INFO UDS converted handle 0x7cbe380136d0 to fd 135 on remote peer 3
furious-puma-1:127998:128738 [2] NCCL INFO Imported shareable buffer device 2 size 10485760 ptr 0xa14000000
furious-puma-1:127998:128738 [2] NCCL INFO UDS converted handle 0x792060038c70 to fd 135 on remote peer 1
furious-puma-1:127998:128738 [2] NCCL INFO Imported shareable buffer device 2 size 2097152 ptr 0xa14a00000
furious-puma-1:127998:128738 [2] NCCL INFO UDS converted handle 0x7cbe38014ed0 to fd 135 on remote peer 3
furious-puma-1:127998:128738 [2] NCCL INFO Imported shareable buffer device 2 size 10485760 ptr 0xa14c00000
furious-puma-1:127998:128738 [2] NCCL INFO UDS converted handle 0x79206003a470 to fd 135 on remote peer 1
furious-puma-1:127998:128738 [2] NCCL INFO Imported shareable buffer device 2 size 2097152 ptr 0xa15600000
furious-puma-1:127998:128738 [2] NCCL INFO UDS converted handle 0x7cbe380166d0 to fd 135 on remote peer 3
furious-puma-1:127998:128738 [2] NCCL INFO Imported shareable buffer device 2 size 10485760 ptr 0xa16000000
furious-puma-1:127998:128738 [2] NCCL INFO UDS converted handle 0x79206003bc70 to fd 135 on remote peer 1
furious-puma-1:127998:128738 [2] NCCL INFO Imported shareable buffer device 2 size 2097152 ptr 0xa16a00000
furious-puma-1:127998:128738 [2] NCCL INFO UDS converted handle 0x7cbe38017ed0 to fd 135 on remote peer 3
furious-puma-1:127998:128738 [2] NCCL INFO Imported shareable buffer device 2 size 10485760 ptr 0xa16c00000
furious-puma-1:127998:128738 [2] NCCL INFO UDS converted handle 0x79206003d470 to fd 135 on remote peer 1
furious-puma-1:127998:128738 [2] NCCL INFO Imported shareable buffer device 2 size 2097152 ptr 0xa17600000
furious-puma-1:127998:128738 [2] NCCL INFO UDS converted handle 0x7cbe380196d0 to fd 135 on remote peer 3
furious-puma-1:127998:128738 [2] NCCL INFO Imported shareable buffer device 2 size 10485760 ptr 0xa18000000
furious-puma-1:127998:128738 [2] NCCL INFO UDS converted handle 0x79206003ebd0 to fd 135 on remote peer 1
furious-puma-1:127998:128738 [2] NCCL INFO Imported shareable buffer device 2 size 2097152 ptr 0xa18a00000
furious-puma-1:127998:128738 [2] NCCL INFO UDS converted handle 0x7cbe3801b370 to fd 135 on remote peer 3
furious-puma-1:127998:128738 [2] NCCL INFO Imported shareable buffer device 2 size 10485760 ptr 0xa18c00000
furious-puma-1:127998:128738 [2] NCCL INFO UDS converted handle 0x7920600400b0 to fd 135 on remote peer 1
furious-puma-1:127998:128738 [2] NCCL INFO Imported shareable buffer device 2 size 2097152 ptr 0xa19600000
furious-puma-1:127998:128738 [2] NCCL INFO UDS converted handle 0x7cbe3801cb70 to fd 135 on remote peer 3
furious-puma-1:127998:128738 [2] NCCL INFO Imported shareable buffer device 2 size 10485760 ptr 0xa1a000000
furious-puma-1:127998:128738 [2] NCCL INFO UDS converted handle 0x792060041590 to fd 135 on remote peer 1
furious-puma-1:127998:128738 [2] NCCL INFO Imported shareable buffer device 2 size 2097152 ptr 0xa1aa00000
furious-puma-1:127998:128738 [2] NCCL INFO UDS converted handle 0x7cbe3801e370 to fd 135 on remote peer 3
furious-puma-1:127998:128738 [2] NCCL INFO Imported shareable buffer device 2 size 10485760 ptr 0xa1ac00000
furious-puma-1:127998:128738 [2] NCCL INFO UDS converted handle 0x792060042a70 to fd 135 on remote peer 1
furious-puma-1:127998:128738 [2] NCCL INFO Imported shareable buffer device 2 size 2097152 ptr 0xa1b600000
furious-puma-1:127998:128738 [2] NCCL INFO UDS converted handle 0x7cbe3801ffc0 to fd 135 on remote peer 3
furious-puma-1:127998:128738 [2] NCCL INFO Imported shareable buffer device 2 size 10485760 ptr 0xa1c000000
furious-puma-1:127998:128738 [2] NCCL INFO UDS converted handle 0x792060043f50 to fd 135 on remote peer 1
furious-puma-1:127998:128738 [2] NCCL INFO Imported shareable buffer device 2 size 2097152 ptr 0xa1ca00000
furious-puma-1:127998:128738 [2] NCCL INFO UDS converted handle 0x7cbe380217c0 to fd 135 on remote peer 3
furious-puma-1:127998:128738 [2] NCCL INFO Imported shareable buffer device 2 size 10485760 ptr 0xa1cc00000
furious-puma-1:127998:128738 [2] NCCL INFO UDS converted handle 0x792060045750 to fd 135 on remote peer 1
furious-puma-1:127998:128738 [2] NCCL INFO Imported shareable buffer device 2 size 2097152 ptr 0xa1d600000
furious-puma-1:127998:128738 [2] NCCL INFO UDS converted handle 0x7cbe38022fc0 to fd 135 on remote peer 3
furious-puma-1:127998:128738 [2] NCCL INFO Imported shareable buffer device 2 size 10485760 ptr 0xa1e000000
furious-puma-1:127998:128738 [2] NCCL INFO UDS converted handle 0x792060046e10 to fd 135 on remote peer 1
furious-puma-1:127998:128738 [2] NCCL INFO Imported shareable buffer device 2 size 2097152 ptr 0xa1ea00000
furious-puma-1:127998:128738 [2] NCCL INFO UDS converted handle 0x7cbe38024bc0 to fd 135 on remote peer 3
furious-puma-1:127998:128738 [2] NCCL INFO Imported shareable buffer device 2 size 10485760 ptr 0xa1ec00000
furious-puma-1:127998:128738 [2] NCCL INFO UDS converted handle 0x7920600487e0 to fd 135 on remote peer 1
furious-puma-1:127998:128738 [2] NCCL INFO Imported shareable buffer device 2 size 2097152 ptr 0xa1f600000
furious-puma-1:127998:128738 [2] NCCL INFO UDS converted handle 0x7cbe380263c0 to fd 135 on remote peer 3
furious-puma-1:127998:128738 [2] NCCL INFO Imported shareable buffer device 2 size 10485760 ptr 0x31c0000000
furious-puma-1:127998:128738 [2] NCCL INFO UDS converted handle 0x792060049fe0 to fd 135 on remote peer 1
furious-puma-1:127998:128738 [2] NCCL INFO Imported shareable buffer device 2 size 2097152 ptr 0x31c0a00000
furious-puma-1:127998:128738 [2] NCCL INFO UDS converted handle 0x7cbe38027bc0 to fd 135 on remote peer 3
furious-puma-1:127998:128738 [2] NCCL INFO Imported shareable buffer device 2 size 10485760 ptr 0x31c0c00000
furious-puma-1:127998:128738 [2] NCCL INFO UDS converted handle 0x79206004b7e0 to fd 135 on remote peer 1
furious-puma-1:127998:128738 [2] NCCL INFO Imported shareable buffer device 2 size 2097152 ptr 0x31c1600000
furious-puma-1:127998:128738 [2] NCCL INFO UDS converted handle 0x7cbe38029810 to fd 135 on remote peer 3
furious-puma-1:127998:128738 [2] NCCL INFO Imported shareable buffer device 2 size 10485760 ptr 0x31c2000000
furious-puma-1:127998:128738 [2] NCCL INFO UDS converted handle 0x79206004cfe0 to fd 135 on remote peer 1
furious-puma-1:127998:128738 [2] NCCL INFO Imported shareable buffer device 2 size 2097152 ptr 0x31c2a00000
furious-puma-1:127998:128738 [2] NCCL INFO UDS converted handle 0x7cbe3802b010 to fd 135 on remote peer 3
furious-puma-1:127998:128738 [2] NCCL INFO Imported shareable buffer device 2 size 10485760 ptr 0x31c2c00000
furious-puma-1:127998:128738 [2] NCCL INFO UDS converted handle 0x79206004e7e0 to fd 135 on remote peer 1
furious-puma-1:127998:128738 [2] NCCL INFO Imported shareable buffer device 2 size 2097152 ptr 0x31c3600000
furious-puma-1:127998:128738 [2] NCCL INFO UDS converted handle 0x7cbe3802c810 to fd 135 on remote peer 3
furious-puma-1:127998:128738 [2] NCCL INFO Imported shareable buffer device 2 size 10485760 ptr 0x31c4000000
furious-puma-1:127998:128738 [2] NCCL INFO UDS converted handle 0x79206004ffe0 to fd 135 on remote peer 1
furious-puma-1:127998:128738 [2] NCCL INFO Imported shareable buffer device 2 size 2097152 ptr 0x31c4a00000
furious-puma-1:128000:128440 [4] NCCL INFO Allocated shareable buffer 0x72e740c00000 size 10485760 ipcDesc 0x72e6d8008b80
furious-puma-1:128000:128440 [4] NCCL INFO Allocated shareable buffer 0x72e741600000 size 10485760 ipcDesc 0x72e6d800a620
furious-puma-1:128000:128440 [4] NCCL INFO Allocated shareable buffer 0x72e742000000 size 10485760 ipcDesc 0x72e6d800be60
furious-puma-1:128000:128440 [4] NCCL INFO Allocated shareable buffer 0x72e742a00000 size 10485760 ipcDesc 0x72e6d800d680
furious-puma-1:128000:128440 [4] NCCL INFO Allocated shareable buffer 0x72e743400000 size 10485760 ipcDesc 0x72e6d800ee80
furious-puma-1:128000:128440 [4] NCCL INFO Allocated shareable buffer 0x72e743e00000 size 10485760 ipcDesc 0x72e6d8010680
furious-puma-1:128000:128440 [4] NCCL INFO Allocated shareable buffer 0x72e744800000 size 10485760 ipcDesc 0x72e6d8011e80
furious-puma-1:128000:128440 [4] NCCL INFO Allocated shareable buffer 0x72e745200000 size 10485760 ipcDesc 0x72e6d8013680
furious-puma-1:128000:128440 [4] NCCL INFO Allocated shareable buffer 0x72e745c00000 size 10485760 ipcDesc 0x72e6d8014e80
furious-puma-1:128000:128440 [4] NCCL INFO Allocated shareable buffer 0x72e746600000 size 10485760 ipcDesc 0x72e6d8016680
furious-puma-1:128000:128440 [4] NCCL INFO Allocated shareable buffer 0x72e747000000 size 10485760 ipcDesc 0x72e6d8017e80
furious-puma-1:128000:128440 [4] NCCL INFO Allocated shareable buffer 0xa02000000 size 10485760 ipcDesc 0x72e6d8019680
furious-puma-1:128000:128440 [4] NCCL INFO Allocated shareable buffer 0xa02a00000 size 10485760 ipcDesc 0x72e6d801b320
furious-puma-1:128000:128440 [4] NCCL INFO Allocated shareable buffer 0xa03400000 size 10485760 ipcDesc 0x72e6d801cb20
furious-puma-1:128000:128440 [4] NCCL INFO Allocated shareable buffer 0xa04000000 size 10485760 ipcDesc 0x72e6d801e320
furious-puma-1:128000:128440 [4] NCCL INFO Allocated shareable buffer 0xa04a00000 size 10485760 ipcDesc 0x72e6d801ff70
furious-puma-1:128000:128440 [4] NCCL INFO Allocated shareable buffer 0xa05400000 size 10485760 ipcDesc 0x72e6d8021770
furious-puma-1:128000:128440 [4] NCCL INFO Allocated shareable buffer 0xa06000000 size 10485760 ipcDesc 0x72e6d8022f70
furious-puma-1:128000:128440 [4] NCCL INFO Allocated shareable buffer 0xa06a00000 size 10485760 ipcDesc 0x72e6d8024b70
furious-puma-1:128000:128440 [4] NCCL INFO Allocated shareable buffer 0xa07400000 size 10485760 ipcDesc 0x72e6d8026370
furious-puma-1:128000:128440 [4] NCCL INFO Allocated shareable buffer 0xa08000000 size 10485760 ipcDesc 0x72e6d8027b70
furious-puma-1:128000:128440 [4] NCCL INFO Allocated shareable buffer 0xa08a00000 size 10485760 ipcDesc 0x72e6d80297c0
furious-puma-1:128000:128440 [4] NCCL INFO Allocated shareable buffer 0xa09400000 size 10485760 ipcDesc 0x72e6d802afc0
furious-puma-1:128000:128440 [4] NCCL INFO Allocated shareable buffer 0xa0a000000 size 10485760 ipcDesc 0x72e6d802c7c0
furious-puma-1:128000:128875 [4] NCCL INFO Channel 00/0 : 4[4] -> 5[5] via P2P/CUMEM
furious-puma-1:128000:128440 [4] NCCL INFO Allocated shareable buffer 0xa0aa00000 size 2097152 ipcDesc 0x72e6d802e410
furious-puma-1:128000:128875 [4] NCCL INFO Channel 01/0 : 4[4] -> 5[5] via P2P/CUMEM
furious-puma-1:128000:128440 [4] NCCL INFO Allocated shareable buffer 0xa0ac00000 size 2097152 ipcDesc 0x72e6d802fc10
furious-puma-1:128000:128875 [4] NCCL INFO Channel 02/0 : 4[4] -> 5[5] via P2P/CUMEM
furious-puma-1:128000:128440 [4] NCCL INFO Allocated shareable buffer 0xa0ae00000 size 2097152 ipcDesc 0x72e6d8031410
furious-puma-1:128000:128875 [4] NCCL INFO Channel 03/0 : 4[4] -> 5[5] via P2P/CUMEM
furious-puma-1:128000:128440 [4] NCCL INFO Allocated shareable buffer 0xa0b000000 size 2097152 ipcDesc 0x72e6d8032c10
furious-puma-1:128000:128875 [4] NCCL INFO Channel 04/0 : 4[4] -> 5[5] via P2P/CUMEM
furious-puma-1:128000:128440 [4] NCCL INFO Allocated shareable buffer 0xa0b200000 size 2097152 ipcDesc 0x72e6d8034410
furious-puma-1:128000:128875 [4] NCCL INFO Channel 05/0 : 4[4] -> 5[5] via P2P/CUMEM
furious-puma-1:128000:128440 [4] NCCL INFO Allocated shareable buffer 0xa0b400000 size 2097152 ipcDesc 0x72e6d8035c10
furious-puma-1:128000:128875 [4] NCCL INFO Channel 06/0 : 4[4] -> 5[5] via P2P/CUMEM
furious-puma-1:128000:128440 [4] NCCL INFO Allocated shareable buffer 0xa0b600000 size 2097152 ipcDesc 0x72e6d8037410
furious-puma-1:128000:128875 [4] NCCL INFO Channel 07/0 : 4[4] -> 5[5] via P2P/CUMEM
furious-puma-1:128000:128440 [4] NCCL INFO Allocated shareable buffer 0xa0b800000 size 2097152 ipcDesc 0x72e6d8038c10
furious-puma-1:128000:128875 [4] NCCL INFO Channel 08/0 : 4[4] -> 5[5] via P2P/CUMEM
furious-puma-1:128000:128440 [4] NCCL INFO Allocated shareable buffer 0xa0ba00000 size 2097152 ipcDesc 0x72e6d803a410
furious-puma-1:128000:128875 [4] NCCL INFO Channel 09/0 : 4[4] -> 5[5] via P2P/CUMEM
furious-puma-1:128000:128440 [4] NCCL INFO Allocated shareable buffer 0xa0bc00000 size 2097152 ipcDesc 0x72e6d803bc10
furious-puma-1:128000:128875 [4] NCCL INFO Channel 10/0 : 4[4] -> 5[5] via P2P/CUMEM
furious-puma-1:128000:128440 [4] NCCL INFO Allocated shareable buffer 0xa0be00000 size 2097152 ipcDesc 0x72e6d803d410
furious-puma-1:128000:128875 [4] NCCL INFO Channel 11/0 : 4[4] -> 5[5] via P2P/CUMEM
furious-puma-1:128000:128440 [4] NCCL INFO Allocated shareable buffer 0xa09e00000 size 2097152 ipcDesc 0x72e6d803eb70
furious-puma-1:128000:128875 [4] NCCL INFO Channel 12/0 : 4[4] -> 5[5] via P2P/CUMEM
furious-puma-1:128000:128440 [4] NCCL INFO Allocated shareable buffer 0xa07e00000 size 2097152 ipcDesc 0x72e6d8040050
furious-puma-1:128000:128875 [4] NCCL INFO Channel 13/0 : 4[4] -> 5[5] via P2P/CUMEM
furious-puma-1:128000:128440 [4] NCCL INFO Allocated shareable buffer 0xa05e00000 size 2097152 ipcDesc 0x72e6d8041530
furious-puma-1:128000:128875 [4] NCCL INFO Channel 14/0 : 4[4] -> 5[5] via P2P/CUMEM
furious-puma-1:128000:128440 [4] NCCL INFO Allocated shareable buffer 0xa03e00000 size 2097152 ipcDesc 0x72e6d8042a10
furious-puma-1:128000:128875 [4] NCCL INFO Channel 15/0 : 4[4] -> 5[5] via P2P/CUMEM
furious-puma-1:128000:128440 [4] NCCL INFO Allocated shareable buffer 0x72e747a00000 size 2097152 ipcDesc 0x72e6d8043ef0
furious-puma-1:128000:128875 [4] NCCL INFO Channel 16/0 : 4[4] -> 5[5] via P2P/CUMEM
furious-puma-1:128000:128440 [4] NCCL INFO Allocated shareable buffer 0x72e747c00000 size 2097152 ipcDesc 0x72e6d80456f0
furious-puma-1:128000:128875 [4] NCCL INFO Channel 17/0 : 4[4] -> 5[5] via P2P/CUMEM
furious-puma-1:128000:128440 [4] NCCL INFO Allocated shareable buffer 0xa0c000000 size 2097152 ipcDesc 0x72e6d8046db0
furious-puma-1:128000:128875 [4] NCCL INFO Channel 18/0 : 4[4] -> 5[5] via P2P/CUMEM
furious-puma-1:128000:128440 [4] NCCL INFO Allocated shareable buffer 0xa0c200000 size 2097152 ipcDesc 0x72e6d8048780
furious-puma-1:128000:128875 [4] NCCL INFO Channel 19/0 : 4[4] -> 5[5] via P2P/CUMEM
furious-puma-1:128000:128440 [4] NCCL INFO Allocated shareable buffer 0xa0c400000 size 2097152 ipcDesc 0x72e6d8049f80
furious-puma-1:128000:128875 [4] NCCL INFO Channel 20/0 : 4[4] -> 5[5] via P2P/CUMEM
furious-puma-1:128000:128440 [4] NCCL INFO Allocated shareable buffer 0xa0c600000 size 2097152 ipcDesc 0x72e6d804b780
furious-puma-1:128000:128875 [4] NCCL INFO Channel 21/0 : 4[4] -> 5[5] via P2P/CUMEM
furious-puma-1:128000:128440 [4] NCCL INFO Allocated shareable buffer 0xa0c800000 size 2097152 ipcDesc 0x72e6d804cf80
furious-puma-1:128000:128875 [4] NCCL INFO Channel 22/0 : 4[4] -> 5[5] via P2P/CUMEM
furious-puma-1:128000:128440 [4] NCCL INFO Allocated shareable buffer 0xa0ca00000 size 2097152 ipcDesc 0x72e6d804e780
furious-puma-1:128000:128875 [4] NCCL INFO Channel 23/0 : 4[4] -> 5[5] via P2P/CUMEM
furious-puma-1:128000:128440 [4] NCCL INFO Allocated shareable buffer 0xa0cc00000 size 2097152 ipcDesc 0x72e6d804ff80
furious-puma-1:128000:128875 [4] NCCL INFO UDS converted handle 0x7048b8008bd0 to fd 135 on remote peer 5
furious-puma-1:128001:128741 [5] NCCL INFO UDS converted handle 0x752188008bd0 to fd 137 on remote peer 6
furious-puma-1:128000:128875 [4] NCCL INFO Imported shareable buffer device 4 size 10485760 ptr 0xa0ce00000
furious-puma-1:128001:128741 [5] NCCL INFO Imported shareable buffer device 5 size 10485760 ptr 0xa0ce00000
furious-puma-1:128000:128875 [4] NCCL INFO UDS converted handle 0x7cbe3802e460 to fd 138 on remote peer 3
furious-puma-1:127999:128744 [3] NCCL INFO UDS converted handle 0x72e6d8008bd0 to fd 137 on remote peer 4
furious-puma-1:127999:128744 [3] NCCL INFO Imported shareable buffer device 3 size 10485760 ptr 0xa0ce00000
furious-puma-1:128001:128741 [5] NCCL INFO UDS converted handle 0x72e6d802e460 to fd 138 on remote peer 4
furious-puma-1:128000:128875 [4] NCCL INFO Imported shareable buffer device 4 size 2097152 ptr 0xa0d800000
furious-puma-1:128000:128875 [4] NCCL INFO UDS converted handle 0x7048b800a670 to fd 136 on remote peer 5
furious-puma-1:128001:128741 [5] NCCL INFO Imported shareable buffer device 5 size 2097152 ptr 0xa0d800000
furious-puma-1:127999:128744 [3] NCCL INFO UDS converted handle 0x7c7d3c02e460 to fd 138 on remote peer 2
furious-puma-1:128000:128875 [4] NCCL INFO Imported shareable buffer device 4 size 10485760 ptr 0xa0e000000
furious-puma-1:128001:128741 [5] NCCL INFO UDS converted handle 0x75218800a670 to fd 138 on remote peer 6
furious-puma-1:127999:128744 [3] NCCL INFO Imported shareable buffer device 3 size 2097152 ptr 0xa0d800000
furious-puma-1:128000:128875 [4] NCCL INFO UDS converted handle 0x7cbe3802fc60 to fd 136 on remote peer 3
furious-puma-1:128001:128741 [5] NCCL INFO Imported shareable buffer device 5 size 10485760 ptr 0xa0e000000
furious-puma-1:127999:128744 [3] NCCL INFO UDS converted handle 0x72e6d800a670 to fd 138 on remote peer 4
furious-puma-1:128000:128875 [4] NCCL INFO Imported shareable buffer device 4 size 2097152 ptr 0xa0ea00000
furious-puma-1:128000:128875 [4] NCCL INFO UDS converted handle 0x7048b800beb0 to fd 136 on remote peer 5
furious-puma-1:127999:128744 [3] NCCL INFO Imported shareable buffer device 3 size 10485760 ptr 0xa0e000000
furious-puma-1:128001:128741 [5] NCCL INFO UDS converted handle 0x72e6d802fc60 to fd 138 on remote peer 4
furious-puma-1:128000:128875 [4] NCCL INFO Imported shareable buffer device 4 size 10485760 ptr 0xa0ec00000
furious-puma-1:128001:128741 [5] NCCL INFO Imported shareable buffer device 5 size 2097152 ptr 0xa0ea00000
furious-puma-1:127999:128744 [3] NCCL INFO UDS converted handle 0x7c7d3c02fc60 to fd 138 on remote peer 2
furious-puma-1:127999:128744 [3] NCCL INFO Imported shareable buffer device 3 size 2097152 ptr 0xa0ea00000
furious-puma-1:128000:128875 [4] NCCL INFO UDS converted handle 0x7cbe38031460 to fd 136 on remote peer 3
furious-puma-1:128001:128741 [5] NCCL INFO UDS converted handle 0x75218800beb0 to fd 138 on remote peer 6
furious-puma-1:127999:128744 [3] NCCL INFO UDS converted handle 0x72e6d800beb0 to fd 137 on remote peer 4
furious-puma-1:128001:128741 [5] NCCL INFO Imported shareable buffer device 5 size 10485760 ptr 0xa0ec00000
furious-puma-1:128000:128875 [4] NCCL INFO Imported shareable buffer device 4 size 2097152 ptr 0xa0f600000
furious-puma-1:128001:128741 [5] NCCL INFO UDS converted handle 0x72e6d8031460 to fd 138 on remote peer 4
furious-puma-1:128000:128875 [4] NCCL INFO UDS converted handle 0x7048b800d6d0 to fd 136 on remote peer 5
furious-puma-1:127999:128744 [3] NCCL INFO Imported shareable buffer device 3 size 10485760 ptr 0xa0ec00000
furious-puma-1:128001:128741 [5] NCCL INFO Imported shareable buffer device 5 size 2097152 ptr 0xa0f600000
furious-puma-1:128000:128875 [4] NCCL INFO Imported shareable buffer device 4 size 10485760 ptr 0xa10000000
furious-puma-1:128001:128741 [5] NCCL INFO UDS converted handle 0x75218800d6d0 to fd 138 on remote peer 6
furious-puma-1:127999:128744 [3] NCCL INFO UDS converted handle 0x7c7d3c031460 to fd 138 on remote peer 2
furious-puma-1:128000:128875 [4] NCCL INFO UDS converted handle 0x7cbe38032c60 to fd 136 on remote peer 3
furious-puma-1:127999:128744 [3] NCCL INFO Imported shareable buffer device 3 size 2097152 ptr 0xa0f600000
furious-puma-1:128001:128741 [5] NCCL INFO Imported shareable buffer device 5 size 10485760 ptr 0xa10000000
furious-puma-1:128000:128875 [4] NCCL INFO Imported shareable buffer device 4 size 2097152 ptr 0xa10a00000
furious-puma-1:127999:128744 [3] NCCL INFO UDS converted handle 0x72e6d800d6d0 to fd 138 on remote peer 4
furious-puma-1:128000:128875 [4] NCCL INFO UDS converted handle 0x7048b800eed0 to fd 135 on remote peer 5
furious-puma-1:127999:128744 [3] NCCL INFO Imported shareable buffer device 3 size 10485760 ptr 0xa10000000
furious-puma-1:128001:128741 [5] NCCL INFO UDS converted handle 0x72e6d8032c60 to fd 138 on remote peer 4
furious-puma-1:128001:128741 [5] NCCL INFO Imported shareable buffer device 5 size 2097152 ptr 0xa10a00000
furious-puma-1:128000:128875 [4] NCCL INFO Imported shareable buffer device 4 size 10485760 ptr 0xa10c00000
furious-puma-1:127999:128744 [3] NCCL INFO UDS converted handle 0x7c7d3c032c60 to fd 138 on remote peer 2
furious-puma-1:128001:128741 [5] NCCL INFO UDS converted handle 0x75218800eed0 to fd 138 on remote peer 6
furious-puma-1:127999:128744 [3] NCCL INFO Imported shareable buffer device 3 size 2097152 ptr 0xa10a00000
furious-puma-1:128000:128875 [4] NCCL INFO UDS converted handle 0x7cbe38034460 to fd 136 on remote peer 3
furious-puma-1:128000:128875 [4] NCCL INFO Imported shareable buffer device 4 size 2097152 ptr 0xa11600000
furious-puma-1:127999:128744 [3] NCCL INFO UDS converted handle 0x72e6d800eed0 to fd 137 on remote peer 4
furious-puma-1:128001:128741 [5] NCCL INFO Imported shareable buffer device 5 size 10485760 ptr 0xa10c00000
furious-puma-1:128000:128875 [4] NCCL INFO UDS converted handle 0x7048b80106d0 to fd 135 on remote peer 5
furious-puma-1:127999:128744 [3] NCCL INFO Imported shareable buffer device 3 size 10485760 ptr 0xa10c00000
furious-puma-1:128000:128875 [4] NCCL INFO Imported shareable buffer device 4 size 10485760 ptr 0xa12000000
furious-puma-1:128001:128741 [5] NCCL INFO UDS converted handle 0x72e6d8034460 to fd 138 on remote peer 4
furious-puma-1:127999:128744 [3] NCCL INFO UDS converted handle 0x7c7d3c034460 to fd 138 on remote peer 2
furious-puma-1:128001:128741 [5] NCCL INFO Imported shareable buffer device 5 size 2097152 ptr 0xa11600000
furious-puma-1:127999:128744 [3] NCCL INFO Imported shareable buffer device 3 size 2097152 ptr 0xa11600000
furious-puma-1:128000:128875 [4] NCCL INFO UDS converted handle 0x7cbe38035c60 to fd 135 on remote peer 3
furious-puma-1:128001:128741 [5] NCCL INFO UDS converted handle 0x7521880106d0 to fd 138 on remote peer 6
furious-puma-1:128000:128875 [4] NCCL INFO Imported shareable buffer device 4 size 2097152 ptr 0xa12a00000
furious-puma-1:127999:128744 [3] NCCL INFO UDS converted handle 0x72e6d80106d0 to fd 137 on remote peer 4
furious-puma-1:128001:128741 [5] NCCL INFO Imported shareable buffer device 5 size 10485760 ptr 0xa12000000
furious-puma-1:128000:128875 [4] NCCL INFO UDS converted handle 0x7048b8011ed0 to fd 135 on remote peer 5
furious-puma-1:127999:128744 [3] NCCL INFO Imported shareable buffer device 3 size 10485760 ptr 0xa12000000
furious-puma-1:128000:128875 [4] NCCL INFO Imported shareable buffer device 4 size 10485760 ptr 0xa12c00000
furious-puma-1:128001:128741 [5] NCCL INFO UDS converted handle 0x72e6d8035c60 to fd 138 on remote peer 4
furious-puma-1:127999:128744 [3] NCCL INFO UDS converted handle 0x7c7d3c035c60 to fd 138 on remote peer 2
furious-puma-1:128000:128875 [4] NCCL INFO UDS converted handle 0x7cbe38037460 to fd 135 on remote peer 3
furious-puma-1:128001:128741 [5] NCCL INFO Imported shareable buffer device 5 size 2097152 ptr 0xa12a00000
furious-puma-1:127999:128744 [3] NCCL INFO Imported shareable buffer device 3 size 2097152 ptr 0xa12a00000
furious-puma-1:128001:128741 [5] NCCL INFO UDS converted handle 0x752188011ed0 to fd 138 on remote peer 6
furious-puma-1:128000:128875 [4] NCCL INFO Imported shareable buffer device 4 size 2097152 ptr 0xa13600000
furious-puma-1:128001:128741 [5] NCCL INFO Imported shareable buffer device 5 size 10485760 ptr 0xa12c00000
furious-puma-1:127999:128744 [3] NCCL INFO UDS converted handle 0x72e6d8011ed0 to fd 138 on remote peer 4
furious-puma-1:128000:128875 [4] NCCL INFO UDS converted handle 0x7048b80136d0 to fd 135 on remote peer 5
furious-puma-1:127999:128744 [3] NCCL INFO Imported shareable buffer device 3 size 10485760 ptr 0xa12c00000
furious-puma-1:128001:128741 [5] NCCL INFO UDS converted handle 0x72e6d8037460 to fd 138 on remote peer 4
furious-puma-1:128000:128875 [4] NCCL INFO Imported shareable buffer device 4 size 10485760 ptr 0xa14000000
furious-puma-1:128001:128741 [5] NCCL INFO Imported shareable buffer device 5 size 2097152 ptr 0xa13600000
furious-puma-1:127999:128744 [3] NCCL INFO UDS converted handle 0x7c7d3c037460 to fd 138 on remote peer 2
furious-puma-1:128001:128741 [5] NCCL INFO UDS converted handle 0x7521880136d0 to fd 138 on remote peer 6
furious-puma-1:127999:128744 [3] NCCL INFO Imported shareable buffer device 3 size 2097152 ptr 0xa13600000
furious-puma-1:127999:128744 [3] NCCL INFO UDS converted handle 0x72e6d80136d0 to fd 139 on remote peer 4
furious-puma-1:128000:128875 [4] NCCL INFO UDS converted handle 0x7cbe38038c60 to fd 136 on remote peer 3
furious-puma-1:128000:128875 [4] NCCL INFO Imported shareable buffer device 4 size 2097152 ptr 0xa14a00000
furious-puma-1:128001:128741 [5] NCCL INFO Imported shareable buffer device 5 size 10485760 ptr 0xa14000000
furious-puma-1:127999:128744 [3] NCCL INFO Imported shareable buffer device 3 size 10485760 ptr 0xa14000000
furious-puma-1:128001:128741 [5] NCCL INFO UDS converted handle 0x72e6d8038c60 to fd 138 on remote peer 4
furious-puma-1:128000:128875 [4] NCCL INFO UDS converted handle 0x7048b8014ed0 to fd 136 on remote peer 5
furious-puma-1:127999:128744 [3] NCCL INFO UDS converted handle 0x7c7d3c038c60 to fd 138 on remote peer 2
furious-puma-1:128001:128741 [5] NCCL INFO Imported shareable buffer device 5 size 2097152 ptr 0xa14a00000
furious-puma-1:128001:128741 [5] NCCL INFO UDS converted handle 0x752188014ed0 to fd 138 on remote peer 6
furious-puma-1:127999:128744 [3] NCCL INFO Imported shareable buffer device 3 size 2097152 ptr 0xa14a00000
furious-puma-1:128000:128875 [4] NCCL INFO Imported shareable buffer device 4 size 10485760 ptr 0xa14c00000
furious-puma-1:127999:128744 [3] NCCL INFO UDS converted handle 0x72e6d8014ed0 to fd 138 on remote peer 4
furious-puma-1:128001:128741 [5] NCCL INFO Imported shareable buffer device 5 size 10485760 ptr 0xa14c00000
furious-puma-1:128000:128875 [4] NCCL INFO UDS converted handle 0x7cbe3803a460 to fd 136 on remote peer 3
furious-puma-1:127999:128744 [3] NCCL INFO Imported shareable buffer device 3 size 10485760 ptr 0xa14c00000
furious-puma-1:128001:128741 [5] NCCL INFO UDS converted handle 0x72e6d803a460 to fd 138 on remote peer 4
furious-puma-1:128000:128875 [4] NCCL INFO Imported shareable buffer device 4 size 2097152 ptr 0xa15600000
furious-puma-1:127999:128744 [3] NCCL INFO UDS converted handle 0x7c7d3c03a460 to fd 138 on remote peer 2
furious-puma-1:128001:128741 [5] NCCL INFO Imported shareable buffer device 5 size 2097152 ptr 0xa15600000
furious-puma-1:128000:128875 [4] NCCL INFO UDS converted handle 0x7048b80166d0 to fd 136 on remote peer 5
furious-puma-1:128001:128741 [5] NCCL INFO UDS converted handle 0x7521880166d0 to fd 137 on remote peer 6
furious-puma-1:127999:128744 [3] NCCL INFO Imported shareable buffer device 3 size 2097152 ptr 0xa15600000
furious-puma-1:128000:128875 [4] NCCL INFO Imported shareable buffer device 4 size 10485760 ptr 0xa16000000
furious-puma-1:128001:128741 [5] NCCL INFO Imported shareable buffer device 5 size 10485760 ptr 0xa16000000
furious-puma-1:127999:128744 [3] NCCL INFO UDS converted handle 0x72e6d80166d0 to fd 138 on remote peer 4
furious-puma-1:128000:128875 [4] NCCL INFO UDS converted handle 0x7cbe3803bc60 to fd 136 on remote peer 3
furious-puma-1:128001:128741 [5] NCCL INFO UDS converted handle 0x72e6d803bc60 to fd 138 on remote peer 4
furious-puma-1:128000:128875 [4] NCCL INFO Imported shareable buffer device 4 size 2097152 ptr 0xa16a00000
furious-puma-1:127999:128744 [3] NCCL INFO Imported shareable buffer device 3 size 10485760 ptr 0xa16000000
furious-puma-1:128001:128741 [5] NCCL INFO Imported shareable buffer device 5 size 2097152 ptr 0xa16a00000
furious-puma-1:128000:128875 [4] NCCL INFO UDS converted handle 0x7048b8017ed0 to fd 136 on remote peer 5
furious-puma-1:127999:128744 [3] NCCL INFO UDS converted handle 0x7c7d3c03bc60 to fd 138 on remote peer 2
furious-puma-1:128001:128741 [5] NCCL INFO UDS converted handle 0x752188017ed0 to fd 138 on remote peer 6
furious-puma-1:128001:128741 [5] NCCL INFO Imported shareable buffer device 5 size 10485760 ptr 0xa16c00000
furious-puma-1:127999:128744 [3] NCCL INFO Imported shareable buffer device 3 size 2097152 ptr 0xa16a00000
furious-puma-1:128000:128875 [4] NCCL INFO Imported shareable buffer device 4 size 10485760 ptr 0xa16c00000
furious-puma-1:128001:128741 [5] NCCL INFO UDS converted handle 0x72e6d803d460 to fd 138 on remote peer 4
furious-puma-1:128000:128875 [4] NCCL INFO UDS converted handle 0x7cbe3803d460 to fd 135 on remote peer 3
furious-puma-1:128000:128875 [4] NCCL INFO Imported shareable buffer device 4 size 2097152 ptr 0xa17600000
furious-puma-1:127999:128744 [3] NCCL INFO UDS converted handle 0x72e6d8017ed0 to fd 138 on remote peer 4
furious-puma-1:128001:128741 [5] NCCL INFO Imported shareable buffer device 5 size 2097152 ptr 0xa17600000
furious-puma-1:128000:128875 [4] NCCL INFO UDS converted handle 0x7048b80196d0 to fd 136 on remote peer 5
furious-puma-1:127999:128744 [3] NCCL INFO Imported shareable buffer device 3 size 10485760 ptr 0xa16c00000
furious-puma-1:128000:128875 [4] NCCL INFO Imported shareable buffer device 4 size 10485760 ptr 0xa18000000
furious-puma-1:128001:128741 [5] NCCL INFO UDS converted handle 0x7521880196d0 to fd 138 on remote peer 6
furious-puma-1:127999:128744 [3] NCCL INFO UDS converted handle 0x7c7d3c03d460 to fd 138 on remote peer 2
furious-puma-1:128001:128741 [5] NCCL INFO Imported shareable buffer device 5 size 10485760 ptr 0xa18000000
furious-puma-1:127999:128744 [3] NCCL INFO Imported shareable buffer device 3 size 2097152 ptr 0xa17600000
furious-puma-1:128000:128875 [4] NCCL INFO UDS converted handle 0x7cbe3803ebc0 to fd 136 on remote peer 3
furious-puma-1:128001:128741 [5] NCCL INFO UDS converted handle 0x72e6d803ebc0 to fd 138 on remote peer 4
furious-puma-1:128000:128875 [4] NCCL INFO Imported shareable buffer device 4 size 2097152 ptr 0xa18a00000
furious-puma-1:128001:128741 [5] NCCL INFO Imported shareable buffer device 5 size 2097152 ptr 0xa18a00000
furious-puma-1:127999:128744 [3] NCCL INFO UDS converted handle 0x72e6d80196d0 to fd 137 on remote peer 4
furious-puma-1:128000:128875 [4] NCCL INFO UDS converted handle 0x7048b801b370 to fd 136 on remote peer 5
furious-puma-1:128001:128741 [5] NCCL INFO UDS converted handle 0x75218801b370 to fd 138 on remote peer 6
furious-puma-1:127999:128744 [3] NCCL INFO Imported shareable buffer device 3 size 10485760 ptr 0xa18000000
furious-puma-1:128001:128741 [5] NCCL INFO Imported shareable buffer device 5 size 10485760 ptr 0xa18c00000
furious-puma-1:128000:128875 [4] NCCL INFO Imported shareable buffer device 4 size 10485760 ptr 0xa18c00000
furious-puma-1:127999:128744 [3] NCCL INFO UDS converted handle 0x7c7d3c03ebc0 to fd 138 on remote peer 2
furious-puma-1:128001:128741 [5] NCCL INFO UDS converted handle 0x72e6d80400a0 to fd 138 on remote peer 4
furious-puma-1:128000:128875 [4] NCCL INFO UDS converted handle 0x7cbe380400a0 to fd 136 on remote peer 3
furious-puma-1:127999:128744 [3] NCCL INFO Imported shareable buffer device 3 size 2097152 ptr 0xa18a00000
furious-puma-1:128001:128741 [5] NCCL INFO Imported shareable buffer device 5 size 2097152 ptr 0xa19600000
furious-puma-1:127999:128744 [3] NCCL INFO UDS converted handle 0x72e6d801b370 to fd 138 on remote peer 4
furious-puma-1:128000:128875 [4] NCCL INFO Imported shareable buffer device 4 size 2097152 ptr 0xa19600000
furious-puma-1:128001:128741 [5] NCCL INFO UDS converted handle 0x75218801cb70 to fd 139 on remote peer 6
furious-puma-1:127999:128744 [3] NCCL INFO Imported shareable buffer device 3 size 10485760 ptr 0xa18c00000
furious-puma-1:128000:128875 [4] NCCL INFO UDS converted handle 0x7048b801cb70 to fd 136 on remote peer 5
furious-puma-1:127999:128744 [3] NCCL INFO UDS converted handle 0x7c7d3c0400a0 to fd 138 on remote peer 2
furious-puma-1:128001:128741 [5] NCCL INFO Imported shareable buffer device 5 size 10485760 ptr 0xa1a000000
furious-puma-1:128000:128875 [4] NCCL INFO Imported shareable buffer device 4 size 10485760 ptr 0xa1a000000
furious-puma-1:127999:128744 [3] NCCL INFO Imported shareable buffer device 3 size 2097152 ptr 0xa19600000
furious-puma-1:128000:128875 [4] NCCL INFO UDS converted handle 0x7cbe38041580 to fd 138 on remote peer 3
furious-puma-1:128001:128741 [5] NCCL INFO UDS converted handle 0x72e6d8041580 to fd 138 on remote peer 4
furious-puma-1:127999:128744 [3] NCCL INFO UDS converted handle 0x72e6d801cb70 to fd 137 on remote peer 4
furious-puma-1:128001:128741 [5] NCCL INFO Imported shareable buffer device 5 size 2097152 ptr 0xa1aa00000
furious-puma-1:128000:128875 [4] NCCL INFO Imported shareable buffer device 4 size 2097152 ptr 0xa1aa00000
furious-puma-1:127999:128744 [3] NCCL INFO Imported shareable buffer device 3 size 10485760 ptr 0xa1a000000
furious-puma-1:128001:128741 [5] NCCL INFO UDS converted handle 0x75218801e370 to fd 139 on remote peer 6
furious-puma-1:128000:128875 [4] NCCL INFO UDS converted handle 0x7048b801e370 to fd 136 on remote peer 5
furious-puma-1:127999:128744 [3] NCCL INFO UDS converted handle 0x7c7d3c041580 to fd 138 on remote peer 2
furious-puma-1:128001:128741 [5] NCCL INFO Imported shareable buffer device 5 size 10485760 ptr 0xa1ac00000
furious-puma-1:128000:128875 [4] NCCL INFO Imported shareable buffer device 4 size 10485760 ptr 0xa1ac00000
furious-puma-1:127999:128744 [3] NCCL INFO Imported shareable buffer device 3 size 2097152 ptr 0xa1aa00000
furious-puma-1:128001:128741 [5] NCCL INFO UDS converted handle 0x72e6d8042a60 to fd 138 on remote peer 4
furious-puma-1:128001:128741 [5] NCCL INFO Imported shareable buffer device 5 size 2097152 ptr 0xa1b600000
furious-puma-1:127999:128744 [3] NCCL INFO UDS converted handle 0x72e6d801e370 to fd 138 on remote peer 4
furious-puma-1:128000:128875 [4] NCCL INFO UDS converted handle 0x7cbe38042a60 to fd 136 on remote peer 3
furious-puma-1:127999:128744 [3] NCCL INFO Imported shareable buffer device 3 size 10485760 ptr 0xa1ac00000
furious-puma-1:128001:128741 [5] NCCL INFO UDS converted handle 0x75218801ffc0 to fd 138 on remote peer 6
furious-puma-1:128000:128875 [4] NCCL INFO Imported shareable buffer device 4 size 2097152 ptr 0xa1b600000
furious-puma-1:127999:128744 [3] NCCL INFO UDS converted handle 0x7c7d3c042a60 to fd 138 on remote peer 2
furious-puma-1:128001:128741 [5] NCCL INFO Imported shareable buffer device 5 size 10485760 ptr 0xa1c000000
furious-puma-1:128000:128875 [4] NCCL INFO UDS converted handle 0x7048b801ffc0 to fd 136 on remote peer 5
furious-puma-1:127999:128744 [3] NCCL INFO Imported shareable buffer device 3 size 2097152 ptr 0xa1b600000
furious-puma-1:128001:128741 [5] NCCL INFO UDS converted handle 0x72e6d8043f40 to fd 138 on remote peer 4
furious-puma-1:128000:128875 [4] NCCL INFO Imported shareable buffer device 4 size 10485760 ptr 0xa1c000000
furious-puma-1:127999:128744 [3] NCCL INFO UDS converted handle 0x72e6d801ffc0 to fd 138 on remote peer 4
furious-puma-1:128001:128741 [5] NCCL INFO Imported shareable buffer device 5 size 2097152 ptr 0xa1ca00000
furious-puma-1:127999:128744 [3] NCCL INFO Imported shareable buffer device 3 size 10485760 ptr 0xa1c000000
furious-puma-1:128000:128875 [4] NCCL INFO UDS converted handle 0x7cbe38043f40 to fd 136 on remote peer 3
furious-puma-1:128001:128741 [5] NCCL INFO UDS converted handle 0x7521880217c0 to fd 138 on remote peer 6
furious-puma-1:127999:128744 [3] NCCL INFO UDS converted handle 0x7c7d3c043f40 to fd 138 on remote peer 2
furious-puma-1:128000:128875 [4] NCCL INFO Imported shareable buffer device 4 size 2097152 ptr 0xa1ca00000
furious-puma-1:128001:128741 [5] NCCL INFO Imported shareable buffer device 5 size 10485760 ptr 0xa1cc00000
furious-puma-1:127999:128744 [3] NCCL INFO Imported shareable buffer device 3 size 2097152 ptr 0xa1ca00000
furious-puma-1:128001:128741 [5] NCCL INFO UDS converted handle 0x72e6d8045740 to fd 138 on remote peer 4
furious-puma-1:128000:128875 [4] NCCL INFO UDS converted handle 0x7048b80217c0 to fd 136 on remote peer 5
furious-puma-1:128001:128741 [5] NCCL INFO Imported shareable buffer device 5 size 2097152 ptr 0xa1d600000
furious-puma-1:127999:128744 [3] NCCL INFO UDS converted handle 0x72e6d80217c0 to fd 138 on remote peer 4
furious-puma-1:128000:128875 [4] NCCL INFO Imported shareable buffer device 4 size 10485760 ptr 0xa1cc00000
furious-puma-1:128000:128875 [4] NCCL INFO UDS converted handle 0x7cbe38045740 to fd 136 on remote peer 3
furious-puma-1:128001:128741 [5] NCCL INFO UDS converted handle 0x752188022fc0 to fd 138 on remote peer 6
furious-puma-1:127999:128744 [3] NCCL INFO Imported shareable buffer device 3 size 10485760 ptr 0xa1cc00000
furious-puma-1:128001:128741 [5] NCCL INFO Imported shareable buffer device 5 size 10485760 ptr 0xa1e000000
furious-puma-1:127999:128744 [3] NCCL INFO UDS converted handle 0x7c7d3c045740 to fd 138 on remote peer 2
furious-puma-1:128000:128875 [4] NCCL INFO Imported shareable buffer device 4 size 2097152 ptr 0xa1d600000
furious-puma-1:127999:128744 [3] NCCL INFO Imported shareable buffer device 3 size 2097152 ptr 0xa1d600000
furious-puma-1:128001:128741 [5] NCCL INFO UDS converted handle 0x72e6d8046e00 to fd 138 on remote peer 4
furious-puma-1:128001:128741 [5] NCCL INFO Imported shareable buffer device 5 size 2097152 ptr 0xa1ea00000
furious-puma-1:128000:128875 [4] NCCL INFO UDS converted handle 0x7048b8022fc0 to fd 138 on remote peer 5
furious-puma-1:127999:128744 [3] NCCL INFO UDS converted handle 0x72e6d8022fc0 to fd 138 on remote peer 4
furious-puma-1:127999:128744 [3] NCCL INFO Imported shareable buffer device 3 size 10485760 ptr 0xa1e000000
furious-puma-1:128001:128741 [5] NCCL INFO UDS converted handle 0x752188024bc0 to fd 137 on remote peer 6
furious-puma-1:128000:128875 [4] NCCL INFO Imported shareable buffer device 4 size 10485760 ptr 0xa1e000000
furious-puma-1:127999:128744 [3] NCCL INFO UDS converted handle 0x7c7d3c046e00 to fd 138 on remote peer 2
furious-puma-1:128001:128741 [5] NCCL INFO Imported shareable buffer device 5 size 10485760 ptr 0xa1ec00000
furious-puma-1:127999:128744 [3] NCCL INFO Imported shareable buffer device 3 size 2097152 ptr 0xa1ea00000
furious-puma-1:128000:128875 [4] NCCL INFO UDS converted handle 0x7cbe38046e00 to fd 138 on remote peer 3
furious-puma-1:128001:128741 [5] NCCL INFO UDS converted handle 0x72e6d80487d0 to fd 138 on remote peer 4
furious-puma-1:127999:128744 [3] NCCL INFO UDS converted handle 0x72e6d8024bc0 to fd 137 on remote peer 4
furious-puma-1:127999:128744 [3] NCCL INFO Imported shareable buffer device 3 size 10485760 ptr 0xa1ec00000
furious-puma-1:128000:128875 [4] NCCL INFO Imported shareable buffer device 4 size 2097152 ptr 0xa1ea00000
furious-puma-1:128001:128741 [5] NCCL INFO Imported shareable buffer device 5 size 2097152 ptr 0xa1f600000
furious-puma-1:127999:128744 [3] NCCL INFO UDS converted handle 0x7c7d3c0487d0 to fd 138 on remote peer 2
furious-puma-1:128000:128875 [4] NCCL INFO UDS converted handle 0x7048b8024bc0 to fd 136 on remote peer 5
furious-puma-1:128000:128875 [4] NCCL INFO Imported shareable buffer device 4 size 10485760 ptr 0xa1ec00000
furious-puma-1:127999:128744 [3] NCCL INFO Imported shareable buffer device 3 size 2097152 ptr 0xa1f600000
furious-puma-1:128001:128741 [5] NCCL INFO UDS converted handle 0x7521880263c0 to fd 138 on remote peer 6
furious-puma-1:128000:128875 [4] NCCL INFO UDS converted handle 0x7cbe380487d0 to fd 136 on remote peer 3
furious-puma-1:127999:128744 [3] NCCL INFO UDS converted handle 0x72e6d80263c0 to fd 138 on remote peer 4
furious-puma-1:128000:128875 [4] NCCL INFO Imported shareable buffer device 4 size 2097152 ptr 0xa1f600000
furious-puma-1:128001:128741 [5] NCCL INFO Imported shareable buffer device 5 size 10485760 ptr 0x31c0000000
furious-puma-1:127999:128744 [3] NCCL INFO Imported shareable buffer device 3 size 10485760 ptr 0x31c0000000
furious-puma-1:128001:128741 [5] NCCL INFO UDS converted handle 0x72e6d8049fd0 to fd 139 on remote peer 4
furious-puma-1:128000:128875 [4] NCCL INFO UDS converted handle 0x7048b80263c0 to fd 136 on remote peer 5
furious-puma-1:127999:128744 [3] NCCL INFO UDS converted handle 0x7c7d3c049fd0 to fd 138 on remote peer 2
furious-puma-1:128001:128741 [5] NCCL INFO Imported shareable buffer device 5 size 2097152 ptr 0x31c0a00000
furious-puma-1:128000:128875 [4] NCCL INFO Imported shareable buffer device 4 size 10485760 ptr 0x31c0000000
furious-puma-1:127999:128744 [3] NCCL INFO Imported shareable buffer device 3 size 2097152 ptr 0x31c0a00000
furious-puma-1:128001:128741 [5] NCCL INFO UDS converted handle 0x752188027bc0 to fd 138 on remote peer 6
furious-puma-1:128001:128741 [5] NCCL INFO Imported shareable buffer device 5 size 10485760 ptr 0x31c0c00000
furious-puma-1:128000:128875 [4] NCCL INFO UDS converted handle 0x7cbe38049fd0 to fd 138 on remote peer 3
furious-puma-1:127999:128744 [3] NCCL INFO UDS converted handle 0x72e6d8027bc0 to fd 138 on remote peer 4
furious-puma-1:127999:128744 [3] NCCL INFO Imported shareable buffer device 3 size 10485760 ptr 0x31c0c00000
furious-puma-1:128000:128875 [4] NCCL INFO Imported shareable buffer device 4 size 2097152 ptr 0x31c0a00000
furious-puma-1:128001:128741 [5] NCCL INFO UDS converted handle 0x72e6d804b7d0 to fd 138 on remote peer 4
furious-puma-1:127999:128744 [3] NCCL INFO UDS converted handle 0x7c7d3c04b7d0 to fd 138 on remote peer 2
furious-puma-1:128000:128875 [4] NCCL INFO UDS converted handle 0x7048b8027bc0 to fd 135 on remote peer 5
furious-puma-1:128001:128741 [5] NCCL INFO Imported shareable buffer device 5 size 2097152 ptr 0x31c1600000
furious-puma-1:128000:128875 [4] NCCL INFO Imported shareable buffer device 4 size 10485760 ptr 0x31c0c00000
furious-puma-1:127999:128744 [3] NCCL INFO Imported shareable buffer device 3 size 2097152 ptr 0x31c1600000
furious-puma-1:128001:128741 [5] NCCL INFO UDS converted handle 0x752188029810 to fd 138 on remote peer 6
furious-puma-1:128000:128875 [4] NCCL INFO UDS converted handle 0x7cbe3804b7d0 to fd 138 on remote peer 3
furious-puma-1:127999:128744 [3] NCCL INFO UDS converted handle 0x72e6d8029810 to fd 138 on remote peer 4
furious-puma-1:128001:128741 [5] NCCL INFO Imported shareable buffer device 5 size 10485760 ptr 0x31c2000000
furious-puma-1:128000:128875 [4] NCCL INFO Imported shareable buffer device 4 size 2097152 ptr 0x31c1600000
furious-puma-1:128001:128741 [5] NCCL INFO UDS converted handle 0x72e6d804cfd0 to fd 138 on remote peer 4
furious-puma-1:127999:128744 [3] NCCL INFO Imported shareable buffer device 3 size 10485760 ptr 0x31c2000000
furious-puma-1:128001:128741 [5] NCCL INFO Imported shareable buffer device 5 size 2097152 ptr 0x31c2a00000
furious-puma-1:128000:128875 [4] NCCL INFO UDS converted handle 0x7048b8029810 to fd 135 on remote peer 5
furious-puma-1:127999:128744 [3] NCCL INFO UDS converted handle 0x7c7d3c04cfd0 to fd 138 on remote peer 2
furious-puma-1:128001:128741 [5] NCCL INFO UDS converted handle 0x75218802b010 to fd 138 on remote peer 6
furious-puma-1:127999:128744 [3] NCCL INFO Imported shareable buffer device 3 size 2097152 ptr 0x31c2a00000
furious-puma-1:128000:128875 [4] NCCL INFO Imported shareable buffer device 4 size 10485760 ptr 0x31c2000000
furious-puma-1:128001:128741 [5] NCCL INFO Imported shareable buffer device 5 size 10485760 ptr 0x31c2c00000
furious-puma-1:128000:128875 [4] NCCL INFO UDS converted handle 0x7cbe3804cfd0 to fd 138 on remote peer 3
furious-puma-1:127999:128744 [3] NCCL INFO UDS converted handle 0x72e6d802b010 to fd 138 on remote peer 4
furious-puma-1:127999:128744 [3] NCCL INFO Imported shareable buffer device 3 size 10485760 ptr 0x31c2c00000
furious-puma-1:128001:128741 [5] NCCL INFO UDS converted handle 0x72e6d804e7d0 to fd 138 on remote peer 4
furious-puma-1:128000:128875 [4] NCCL INFO Imported shareable buffer device 4 size 2097152 ptr 0x31c2a00000
furious-puma-1:127999:128744 [3] NCCL INFO UDS converted handle 0x7c7d3c04e7d0 to fd 138 on remote peer 2
furious-puma-1:128001:128741 [5] NCCL INFO Imported shareable buffer device 5 size 2097152 ptr 0x31c3600000
furious-puma-1:128000:128875 [4] NCCL INFO UDS converted handle 0x7048b802b010 to fd 136 on remote peer 5
furious-puma-1:127999:128744 [3] NCCL INFO Imported shareable buffer device 3 size 2097152 ptr 0x31c3600000
furious-puma-1:128001:128741 [5] NCCL INFO UDS converted handle 0x75218802c810 to fd 138 on remote peer 6
furious-puma-1:128000:128875 [4] NCCL INFO Imported shareable buffer device 4 size 10485760 ptr 0x31c2c00000
furious-puma-1:127999:128744 [3] NCCL INFO UDS converted handle 0x72e6d802c810 to fd 138 on remote peer 4
furious-puma-1:128001:128741 [5] NCCL INFO Imported shareable buffer device 5 size 10485760 ptr 0x31c4000000
furious-puma-1:128000:128875 [4] NCCL INFO UDS converted handle 0x7cbe3804e7d0 to fd 135 on remote peer 3
furious-puma-1:127999:128744 [3] NCCL INFO Imported shareable buffer device 3 size 10485760 ptr 0x31c4000000
furious-puma-1:128000:128875 [4] NCCL INFO Imported shareable buffer device 4 size 2097152 ptr 0x31c3600000
furious-puma-1:128001:128741 [5] NCCL INFO UDS converted handle 0x72e6d804ffd0 to fd 138 on remote peer 4
furious-puma-1:127999:128744 [3] NCCL INFO UDS converted handle 0x7c7d3c04ffd0 to fd 138 on remote peer 2
furious-puma-1:127999:128744 [3] NCCL INFO Imported shareable buffer device 3 size 2097152 ptr 0x31c4a00000
furious-puma-1:128001:128741 [5] NCCL INFO Imported shareable buffer device 5 size 2097152 ptr 0x31c4a00000
furious-puma-1:128000:128875 [4] NCCL INFO UDS converted handle 0x7048b802c810 to fd 135 on remote peer 5
furious-puma-1:128000:128875 [4] NCCL INFO Imported shareable buffer device 4 size 10485760 ptr 0x31c4000000
furious-puma-1:128000:128875 [4] NCCL INFO UDS converted handle 0x7cbe3804ffd0 to fd 136 on remote peer 3
furious-puma-1:128000:128875 [4] NCCL INFO Imported shareable buffer device 4 size 2097152 ptr 0x31c4a00000
furious-puma-1:127996:128442 [0] NCCL INFO Allocated shareable buffer 0x75f16ac00000 size 10485760 ipcDesc 0x75f104008c40
furious-puma-1:127996:128442 [0] NCCL INFO Allocated shareable buffer 0x75f16b600000 size 10485760 ipcDesc 0x75f10400a680
furious-puma-1:127996:128442 [0] NCCL INFO Allocated shareable buffer 0x75f16c000000 size 10485760 ipcDesc 0x75f10400be80
furious-puma-1:127996:128442 [0] NCCL INFO Allocated shareable buffer 0x75f16ca00000 size 10485760 ipcDesc 0x75f10400d680
furious-puma-1:127996:128442 [0] NCCL INFO Allocated shareable buffer 0x75f16d400000 size 10485760 ipcDesc 0x75f10400ee80
furious-puma-1:127996:128442 [0] NCCL INFO Allocated shareable buffer 0x75f16de00000 size 10485760 ipcDesc 0x75f104010680
furious-puma-1:127996:128442 [0] NCCL INFO Allocated shareable buffer 0x75f16e800000 size 10485760 ipcDesc 0x75f104011e80
furious-puma-1:127996:128442 [0] NCCL INFO Allocated shareable buffer 0x75f16f200000 size 10485760 ipcDesc 0x75f104013680
furious-puma-1:127996:128442 [0] NCCL INFO Allocated shareable buffer 0x75f16fc00000 size 10485760 ipcDesc 0x75f104014e80
furious-puma-1:127996:128442 [0] NCCL INFO Allocated shareable buffer 0x75f170600000 size 10485760 ipcDesc 0x75f104016680
furious-puma-1:127996:128442 [0] NCCL INFO Allocated shareable buffer 0x75f171000000 size 10485760 ipcDesc 0x75f104017e80
furious-puma-1:127996:128442 [0] NCCL INFO Allocated shareable buffer 0xa02000000 size 10485760 ipcDesc 0x75f104019680
furious-puma-1:127996:128442 [0] NCCL INFO Allocated shareable buffer 0xa02a00000 size 10485760 ipcDesc 0x75f10401b320
furious-puma-1:127996:128442 [0] NCCL INFO Allocated shareable buffer 0xa03400000 size 10485760 ipcDesc 0x75f10401cb20
furious-puma-1:127996:128442 [0] NCCL INFO Allocated shareable buffer 0xa04000000 size 10485760 ipcDesc 0x75f10401e320
furious-puma-1:127996:128442 [0] NCCL INFO Allocated shareable buffer 0xa04a00000 size 10485760 ipcDesc 0x75f10401ff70
furious-puma-1:127996:128442 [0] NCCL INFO Allocated shareable buffer 0xa05400000 size 10485760 ipcDesc 0x75f104021770
furious-puma-1:127996:128442 [0] NCCL INFO Allocated shareable buffer 0xa06000000 size 10485760 ipcDesc 0x75f104022f70
furious-puma-1:127996:128442 [0] NCCL INFO Allocated shareable buffer 0xa06a00000 size 10485760 ipcDesc 0x75f104024b70
furious-puma-1:127996:128442 [0] NCCL INFO Allocated shareable buffer 0xa07400000 size 10485760 ipcDesc 0x75f104026370
furious-puma-1:127996:128442 [0] NCCL INFO Allocated shareable buffer 0xa08000000 size 10485760 ipcDesc 0x75f104027b70
furious-puma-1:127996:128442 [0] NCCL INFO Allocated shareable buffer 0xa08a00000 size 10485760 ipcDesc 0x75f1040297c0
furious-puma-1:127996:128442 [0] NCCL INFO Allocated shareable buffer 0xa09400000 size 10485760 ipcDesc 0x75f10402afc0
furious-puma-1:127996:128442 [0] NCCL INFO Allocated shareable buffer 0xa0a000000 size 10485760 ipcDesc 0x75f10402c7c0
furious-puma-1:127996:128877 [0] NCCL INFO Channel 00/0 : 0[0] -> 1[1] via P2P/CUMEM
furious-puma-1:127996:128442 [0] NCCL INFO Allocated shareable buffer 0xa0aa00000 size 2097152 ipcDesc 0x75f10402e410
furious-puma-1:127996:128877 [0] NCCL INFO Channel 01/0 : 0[0] -> 1[1] via P2P/CUMEM
furious-puma-1:127996:128442 [0] NCCL INFO Allocated shareable buffer 0xa0ac00000 size 2097152 ipcDesc 0x75f10402fc10
furious-puma-1:127996:128877 [0] NCCL INFO Channel 02/0 : 0[0] -> 1[1] via P2P/CUMEM
furious-puma-1:127996:128442 [0] NCCL INFO Allocated shareable buffer 0xa0ae00000 size 2097152 ipcDesc 0x75f104031410
furious-puma-1:127996:128877 [0] NCCL INFO Channel 03/0 : 0[0] -> 1[1] via P2P/CUMEM
furious-puma-1:127996:128442 [0] NCCL INFO Allocated shareable buffer 0xa0b000000 size 2097152 ipcDesc 0x75f104032c10
furious-puma-1:127996:128877 [0] NCCL INFO Channel 04/0 : 0[0] -> 1[1] via P2P/CUMEM
furious-puma-1:127996:128442 [0] NCCL INFO Allocated shareable buffer 0xa0b200000 size 2097152 ipcDesc 0x75f104034410
furious-puma-1:127996:128877 [0] NCCL INFO Channel 05/0 : 0[0] -> 1[1] via P2P/CUMEM
furious-puma-1:127996:128442 [0] NCCL INFO Allocated shareable buffer 0xa0b400000 size 2097152 ipcDesc 0x75f104035c10
furious-puma-1:127996:128877 [0] NCCL INFO Channel 06/0 : 0[0] -> 1[1] via P2P/CUMEM
furious-puma-1:127996:128442 [0] NCCL INFO Allocated shareable buffer 0xa0b600000 size 2097152 ipcDesc 0x75f104037410
furious-puma-1:127996:128877 [0] NCCL INFO Channel 07/0 : 0[0] -> 1[1] via P2P/CUMEM
furious-puma-1:127996:128442 [0] NCCL INFO Allocated shareable buffer 0xa0b800000 size 2097152 ipcDesc 0x75f104038c10
furious-puma-1:127996:128877 [0] NCCL INFO Channel 08/0 : 0[0] -> 1[1] via P2P/CUMEM
furious-puma-1:127996:128442 [0] NCCL INFO Allocated shareable buffer 0xa0ba00000 size 2097152 ipcDesc 0x75f10403a410
furious-puma-1:127996:128877 [0] NCCL INFO Channel 09/0 : 0[0] -> 1[1] via P2P/CUMEM
furious-puma-1:127996:128442 [0] NCCL INFO Allocated shareable buffer 0xa0bc00000 size 2097152 ipcDesc 0x75f10403bc10
furious-puma-1:127996:128877 [0] NCCL INFO Channel 10/0 : 0[0] -> 1[1] via P2P/CUMEM
furious-puma-1:127996:128442 [0] NCCL INFO Allocated shareable buffer 0xa0be00000 size 2097152 ipcDesc 0x75f10403d410
furious-puma-1:127996:128877 [0] NCCL INFO Channel 11/0 : 0[0] -> 1[1] via P2P/CUMEM
furious-puma-1:127996:128442 [0] NCCL INFO Allocated shareable buffer 0xa09e00000 size 2097152 ipcDesc 0x75f10403eb70
furious-puma-1:127996:128877 [0] NCCL INFO Channel 12/0 : 0[0] -> 1[1] via P2P/CUMEM
furious-puma-1:127996:128442 [0] NCCL INFO Allocated shareable buffer 0xa07e00000 size 2097152 ipcDesc 0x75f104040050
furious-puma-1:127996:128877 [0] NCCL INFO Channel 13/0 : 0[0] -> 1[1] via P2P/CUMEM
furious-puma-1:127996:128442 [0] NCCL INFO Allocated shareable buffer 0xa05e00000 size 2097152 ipcDesc 0x75f104041530
furious-puma-1:127996:128877 [0] NCCL INFO Channel 14/0 : 0[0] -> 1[1] via P2P/CUMEM
furious-puma-1:127996:128442 [0] NCCL INFO Allocated shareable buffer 0xa03e00000 size 2097152 ipcDesc 0x75f104042a10
furious-puma-1:127996:128877 [0] NCCL INFO Channel 15/0 : 0[0] -> 1[1] via P2P/CUMEM
furious-puma-1:127996:128442 [0] NCCL INFO Allocated shareable buffer 0x75f171a00000 size 2097152 ipcDesc 0x75f104043ef0
furious-puma-1:127996:128877 [0] NCCL INFO Channel 16/0 : 0[0] -> 1[1] via P2P/CUMEM
furious-puma-1:127996:128442 [0] NCCL INFO Allocated shareable buffer 0x75f171c00000 size 2097152 ipcDesc 0x75f1040456f0
furious-puma-1:127996:128877 [0] NCCL INFO Channel 17/0 : 0[0] -> 1[1] via P2P/CUMEM
furious-puma-1:127996:128442 [0] NCCL INFO Allocated shareable buffer 0xa0c000000 size 2097152 ipcDesc 0x75f104046db0
furious-puma-1:127996:128877 [0] NCCL INFO Channel 18/0 : 0[0] -> 1[1] via P2P/CUMEM
furious-puma-1:127996:128442 [0] NCCL INFO Allocated shareable buffer 0xa0c200000 size 2097152 ipcDesc 0x75f104048780
furious-puma-1:127996:128877 [0] NCCL INFO Channel 19/0 : 0[0] -> 1[1] via P2P/CUMEM
furious-puma-1:127996:128442 [0] NCCL INFO Allocated shareable buffer 0xa0c400000 size 2097152 ipcDesc 0x75f104049f80
furious-puma-1:127996:128877 [0] NCCL INFO Channel 20/0 : 0[0] -> 1[1] via P2P/CUMEM
furious-puma-1:127996:128442 [0] NCCL INFO Allocated shareable buffer 0xa0c600000 size 2097152 ipcDesc 0x75f10404b780
furious-puma-1:127996:128877 [0] NCCL INFO Channel 21/0 : 0[0] -> 1[1] via P2P/CUMEM
furious-puma-1:127996:128442 [0] NCCL INFO Allocated shareable buffer 0xa0c800000 size 2097152 ipcDesc 0x75f10404cf80
furious-puma-1:127996:128877 [0] NCCL INFO Channel 22/0 : 0[0] -> 1[1] via P2P/CUMEM
furious-puma-1:127996:128442 [0] NCCL INFO Allocated shareable buffer 0xa0ca00000 size 2097152 ipcDesc 0x75f10404e780
furious-puma-1:127996:128877 [0] NCCL INFO Channel 23/0 : 0[0] -> 1[1] via P2P/CUMEM
furious-puma-1:127996:128442 [0] NCCL INFO Allocated shareable buffer 0xa0cc00000 size 2097152 ipcDesc 0x75f10404ff80
furious-puma-1:128003:128740 [7] NCCL INFO UDS converted handle 0x75f104008c90 to fd 135 on remote peer 0
furious-puma-1:127996:128877 [0] NCCL INFO UDS converted handle 0x792060008bd0 to fd 142 on remote peer 1
furious-puma-1:128003:128740 [7] NCCL INFO Imported shareable buffer device 7 size 10485760 ptr 0xa0ce00000
furious-puma-1:127997:128742 [1] NCCL INFO UDS converted handle 0x7c7d3c008bd0 to fd 137 on remote peer 2
furious-puma-1:127996:128877 [0] NCCL INFO Imported shareable buffer device 0 size 10485760 ptr 0xa0ce00000
furious-puma-1:128003:128740 [7] NCCL INFO UDS converted handle 0x75218802e460 to fd 137 on remote peer 6
furious-puma-1:127996:128877 [0] NCCL INFO UDS converted handle 0x78f41c02e460 to fd 144 on remote peer 7
furious-puma-1:127997:128742 [1] NCCL INFO Imported shareable buffer device 1 size 10485760 ptr 0xa0ce00000
furious-puma-1:128003:128740 [7] NCCL INFO Imported shareable buffer device 7 size 2097152 ptr 0xa0d800000
furious-puma-1:127996:128877 [0] NCCL INFO Imported shareable buffer device 0 size 2097152 ptr 0xa0d800000
furious-puma-1:127997:128742 [1] NCCL INFO UDS converted handle 0x75f10402e460 to fd 137 on remote peer 0
furious-puma-1:128003:128740 [7] NCCL INFO UDS converted handle 0x75f10400a6d0 to fd 137 on remote peer 0
furious-puma-1:127997:128742 [1] NCCL INFO Imported shareable buffer device 1 size 2097152 ptr 0xa0d800000
furious-puma-1:127996:128877 [0] NCCL INFO UDS converted handle 0x79206000a670 to fd 141 on remote peer 1
furious-puma-1:128003:128740 [7] NCCL INFO Imported shareable buffer device 7 size 10485760 ptr 0xa0e000000
furious-puma-1:127996:128877 [0] NCCL INFO Imported shareable buffer device 0 size 10485760 ptr 0xa0e000000
furious-puma-1:127997:128742 [1] NCCL INFO UDS converted handle 0x7c7d3c00a670 to fd 136 on remote peer 2
furious-puma-1:128003:128740 [7] NCCL INFO UDS converted handle 0x75218802fc60 to fd 137 on remote peer 6
furious-puma-1:127997:128742 [1] NCCL INFO Imported shareable buffer device 1 size 10485760 ptr 0xa0e000000
furious-puma-1:128003:128740 [7] NCCL INFO Imported shareable buffer device 7 size 2097152 ptr 0xa0ea00000
furious-puma-1:127996:128877 [0] NCCL INFO UDS converted handle 0x78f41c02fc60 to fd 144 on remote peer 7
furious-puma-1:127997:128742 [1] NCCL INFO UDS converted handle 0x75f10402fc60 to fd 137 on remote peer 0
furious-puma-1:127996:128877 [0] NCCL INFO Imported shareable buffer device 0 size 2097152 ptr 0xa0ea00000
furious-puma-1:128003:128740 [7] NCCL INFO UDS converted handle 0x75f10400bed0 to fd 135 on remote peer 0
furious-puma-1:127996:128877 [0] NCCL INFO UDS converted handle 0x79206000beb0 to fd 141 on remote peer 1
furious-puma-1:127997:128742 [1] NCCL INFO Imported shareable buffer device 1 size 2097152 ptr 0xa0ea00000
furious-puma-1:128003:128740 [7] NCCL INFO Imported shareable buffer device 7 size 10485760 ptr 0xa0ec00000
furious-puma-1:127996:128877 [0] NCCL INFO Imported shareable buffer device 0 size 10485760 ptr 0xa0ec00000
furious-puma-1:127997:128742 [1] NCCL INFO UDS converted handle 0x7c7d3c00beb0 to fd 137 on remote peer 2
furious-puma-1:128003:128740 [7] NCCL INFO UDS converted handle 0x752188031460 to fd 137 on remote peer 6
furious-puma-1:127996:128877 [0] NCCL INFO UDS converted handle 0x78f41c031460 to fd 141 on remote peer 7
furious-puma-1:127997:128742 [1] NCCL INFO Imported shareable buffer device 1 size 10485760 ptr 0xa0ec00000
furious-puma-1:128003:128740 [7] NCCL INFO Imported shareable buffer device 7 size 2097152 ptr 0xa0f600000
furious-puma-1:127997:128742 [1] NCCL INFO UDS converted handle 0x75f104031460 to fd 137 on remote peer 0
furious-puma-1:127996:128877 [0] NCCL INFO Imported shareable buffer device 0 size 2097152 ptr 0xa0f600000
furious-puma-1:127997:128742 [1] NCCL INFO Imported shareable buffer device 1 size 2097152 ptr 0xa0f600000
furious-puma-1:128003:128740 [7] NCCL INFO UDS converted handle 0x75f10400d6d0 to fd 137 on remote peer 0
furious-puma-1:128003:128740 [7] NCCL INFO Imported shareable buffer device 7 size 10485760 ptr 0xa10000000
furious-puma-1:127996:128877 [0] NCCL INFO UDS converted handle 0x79206000d6d0 to fd 141 on remote peer 1
furious-puma-1:127997:128742 [1] NCCL INFO UDS converted handle 0x7c7d3c00d6d0 to fd 137 on remote peer 2
furious-puma-1:127996:128877 [0] NCCL INFO Imported shareable buffer device 0 size 10485760 ptr 0xa10000000
furious-puma-1:128003:128740 [7] NCCL INFO UDS converted handle 0x752188032c60 to fd 137 on remote peer 6
furious-puma-1:127997:128742 [1] NCCL INFO Imported shareable buffer device 1 size 10485760 ptr 0xa10000000
furious-puma-1:128003:128740 [7] NCCL INFO Imported shareable buffer device 7 size 2097152 ptr 0xa10a00000
furious-puma-1:127997:128742 [1] NCCL INFO UDS converted handle 0x75f104032c60 to fd 137 on remote peer 0
furious-puma-1:127996:128877 [0] NCCL INFO UDS converted handle 0x78f41c032c60 to fd 141 on remote peer 7
furious-puma-1:127997:128742 [1] NCCL INFO Imported shareable buffer device 1 size 2097152 ptr 0xa10a00000
furious-puma-1:128003:128740 [7] NCCL INFO UDS converted handle 0x75f10400eed0 to fd 137 on remote peer 0
furious-puma-1:127996:128877 [0] NCCL INFO Imported shareable buffer device 0 size 2097152 ptr 0xa10a00000
furious-puma-1:128003:128740 [7] NCCL INFO Imported shareable buffer device 7 size 10485760 ptr 0xa10c00000
furious-puma-1:127997:128742 [1] NCCL INFO UDS converted handle 0x7c7d3c00eed0 to fd 137 on remote peer 2
furious-puma-1:127996:128877 [0] NCCL INFO UDS converted handle 0x79206000eed0 to fd 141 on remote peer 1
furious-puma-1:127997:128742 [1] NCCL INFO Imported shareable buffer device 1 size 10485760 ptr 0xa10c00000
furious-puma-1:128003:128740 [7] NCCL INFO UDS converted handle 0x752188034460 to fd 137 on remote peer 6
furious-puma-1:127996:128877 [0] NCCL INFO Imported shareable buffer device 0 size 10485760 ptr 0xa10c00000
furious-puma-1:127997:128742 [1] NCCL INFO UDS converted handle 0x75f104034460 to fd 137 on remote peer 0
furious-puma-1:128003:128740 [7] NCCL INFO Imported shareable buffer device 7 size 2097152 ptr 0xa11600000
furious-puma-1:127996:128877 [0] NCCL INFO UDS converted handle 0x78f41c034460 to fd 141 on remote peer 7
furious-puma-1:127997:128742 [1] NCCL INFO Imported shareable buffer device 1 size 2097152 ptr 0xa11600000
furious-puma-1:128003:128740 [7] NCCL INFO UDS converted handle 0x75f1040106d0 to fd 137 on remote peer 0
furious-puma-1:127997:128742 [1] NCCL INFO UDS converted handle 0x7c7d3c0106d0 to fd 137 on remote peer 2
furious-puma-1:127996:128877 [0] NCCL INFO Imported shareable buffer device 0 size 2097152 ptr 0xa11600000
furious-puma-1:127996:128877 [0] NCCL INFO UDS converted handle 0x7920600106d0 to fd 141 on remote peer 1
furious-puma-1:128003:128740 [7] NCCL INFO Imported shareable buffer device 7 size 10485760 ptr 0xa12000000
furious-puma-1:127997:128742 [1] NCCL INFO Imported shareable buffer device 1 size 10485760 ptr 0xa12000000
furious-puma-1:127996:128877 [0] NCCL INFO Imported shareable buffer device 0 size 10485760 ptr 0xa12000000
furious-puma-1:128003:128740 [7] NCCL INFO UDS converted handle 0x752188035c60 to fd 137 on remote peer 6
furious-puma-1:127997:128742 [1] NCCL INFO UDS converted handle 0x75f104035c60 to fd 137 on remote peer 0
furious-puma-1:128003:128740 [7] NCCL INFO Imported shareable buffer device 7 size 2097152 ptr 0xa12a00000
furious-puma-1:127996:128877 [0] NCCL INFO UDS converted handle 0x78f41c035c60 to fd 141 on remote peer 7
furious-puma-1:127997:128742 [1] NCCL INFO Imported shareable buffer device 1 size 2097152 ptr 0xa12a00000
furious-puma-1:127996:128877 [0] NCCL INFO Imported shareable buffer device 0 size 2097152 ptr 0xa12a00000
furious-puma-1:128003:128740 [7] NCCL INFO UDS converted handle 0x75f104011ed0 to fd 135 on remote peer 0
furious-puma-1:128003:128740 [7] NCCL INFO Imported shareable buffer device 7 size 10485760 ptr 0xa12c00000
furious-puma-1:127996:128877 [0] NCCL INFO UDS converted handle 0x792060011ed0 to fd 138 on remote peer 1
furious-puma-1:127997:128742 [1] NCCL INFO UDS converted handle 0x7c7d3c011ed0 to fd 137 on remote peer 2
furious-puma-1:128003:128740 [7] NCCL INFO UDS converted handle 0x752188037460 to fd 137 on remote peer 6
furious-puma-1:127997:128742 [1] NCCL INFO Imported shareable buffer device 1 size 10485760 ptr 0xa12c00000
furious-puma-1:127996:128877 [0] NCCL INFO Imported shareable buffer device 0 size 10485760 ptr 0xa12c00000
furious-puma-1:128003:128740 [7] NCCL INFO Imported shareable buffer device 7 size 2097152 ptr 0xa13600000
furious-puma-1:127996:128877 [0] NCCL INFO UDS converted handle 0x78f41c037460 to fd 143 on remote peer 7
furious-puma-1:127997:128742 [1] NCCL INFO UDS converted handle 0x75f104037460 to fd 137 on remote peer 0
furious-puma-1:127996:128877 [0] NCCL INFO Imported shareable buffer device 0 size 2097152 ptr 0xa13600000
furious-puma-1:127997:128742 [1] NCCL INFO Imported shareable buffer device 1 size 2097152 ptr 0xa13600000
furious-puma-1:128003:128740 [7] NCCL INFO UDS converted handle 0x75f1040136d0 to fd 137 on remote peer 0
furious-puma-1:127997:128742 [1] NCCL INFO UDS converted handle 0x7c7d3c0136d0 to fd 138 on remote peer 2
furious-puma-1:127996:128877 [0] NCCL INFO UDS converted handle 0x7920600136d0 to fd 141 on remote peer 1
furious-puma-1:127997:128742 [1] NCCL INFO Imported shareable buffer device 1 size 10485760 ptr 0xa14000000
furious-puma-1:128003:128740 [7] NCCL INFO Imported shareable buffer device 7 size 10485760 ptr 0xa14000000
furious-puma-1:127996:128877 [0] NCCL INFO Imported shareable buffer device 0 size 10485760 ptr 0xa14000000
furious-puma-1:127997:128742 [1] NCCL INFO UDS converted handle 0x75f104038c60 to fd 137 on remote peer 0
furious-puma-1:128003:128740 [7] NCCL INFO UDS converted handle 0x752188038c60 to fd 137 on remote peer 6
furious-puma-1:127996:128877 [0] NCCL INFO UDS converted handle 0x78f41c038c60 to fd 138 on remote peer 7
furious-puma-1:127997:128742 [1] NCCL INFO Imported shareable buffer device 1 size 2097152 ptr 0xa14a00000
furious-puma-1:128003:128740 [7] NCCL INFO Imported shareable buffer device 7 size 2097152 ptr 0xa14a00000
furious-puma-1:127996:128877 [0] NCCL INFO Imported shareable buffer device 0 size 2097152 ptr 0xa14a00000
furious-puma-1:128003:128740 [7] NCCL INFO UDS converted handle 0x75f104014ed0 to fd 137 on remote peer 0
furious-puma-1:127997:128742 [1] NCCL INFO UDS converted handle 0x7c7d3c014ed0 to fd 137 on remote peer 2
furious-puma-1:128003:128740 [7] NCCL INFO Imported shareable buffer device 7 size 10485760 ptr 0xa14c00000
furious-puma-1:127996:128877 [0] NCCL INFO UDS converted handle 0x792060014ed0 to fd 141 on remote peer 1
furious-puma-1:127997:128742 [1] NCCL INFO Imported shareable buffer device 1 size 10485760 ptr 0xa14c00000
furious-puma-1:127996:128877 [0] NCCL INFO Imported shareable buffer device 0 size 10485760 ptr 0xa14c00000
furious-puma-1:128003:128740 [7] NCCL INFO UDS converted handle 0x75218803a460 to fd 137 on remote peer 6
furious-puma-1:127996:128877 [0] NCCL INFO UDS converted handle 0x78f41c03a460 to fd 143 on remote peer 7
furious-puma-1:127997:128742 [1] NCCL INFO UDS converted handle 0x75f10403a460 to fd 137 on remote peer 0
furious-puma-1:128003:128740 [7] NCCL INFO Imported shareable buffer device 7 size 2097152 ptr 0xa15600000
furious-puma-1:127997:128742 [1] NCCL INFO Imported shareable buffer device 1 size 2097152 ptr 0xa15600000
furious-puma-1:127996:128877 [0] NCCL INFO Imported shareable buffer device 0 size 2097152 ptr 0xa15600000
furious-puma-1:128003:128740 [7] NCCL INFO UDS converted handle 0x75f1040166d0 to fd 137 on remote peer 0
furious-puma-1:127997:128742 [1] NCCL INFO UDS converted handle 0x7c7d3c0166d0 to fd 137 on remote peer 2
furious-puma-1:128003:128740 [7] NCCL INFO Imported shareable buffer device 7 size 10485760 ptr 0xa16000000
furious-puma-1:127996:128877 [0] NCCL INFO UDS converted handle 0x7920600166d0 to fd 138 on remote peer 1
furious-puma-1:128003:128740 [7] NCCL INFO UDS converted handle 0x75218803bc60 to fd 137 on remote peer 6
furious-puma-1:127996:128877 [0] NCCL INFO Imported shareable buffer device 0 size 10485760 ptr 0xa16000000
furious-puma-1:127997:128742 [1] NCCL INFO Imported shareable buffer device 1 size 10485760 ptr 0xa16000000
furious-puma-1:128003:128740 [7] NCCL INFO Imported shareable buffer device 7 size 2097152 ptr 0xa16a00000
furious-puma-1:127997:128742 [1] NCCL INFO UDS converted handle 0x75f10403bc60 to fd 137 on remote peer 0
furious-puma-1:127996:128877 [0] NCCL INFO UDS converted handle 0x78f41c03bc60 to fd 141 on remote peer 7
furious-puma-1:127997:128742 [1] NCCL INFO Imported shareable buffer device 1 size 2097152 ptr 0xa16a00000
furious-puma-1:127996:128877 [0] NCCL INFO Imported shareable buffer device 0 size 2097152 ptr 0xa16a00000
furious-puma-1:128003:128740 [7] NCCL INFO UDS converted handle 0x75f104017ed0 to fd 137 on remote peer 0
furious-puma-1:127997:128742 [1] NCCL INFO UDS converted handle 0x7c7d3c017ed0 to fd 137 on remote peer 2
furious-puma-1:128003:128740 [7] NCCL INFO Imported shareable buffer device 7 size 10485760 ptr 0xa16c00000
furious-puma-1:127997:128742 [1] NCCL INFO Imported shareable buffer device 1 size 10485760 ptr 0xa16c00000
furious-puma-1:127996:128877 [0] NCCL INFO UDS converted handle 0x792060017ed0 to fd 138 on remote peer 1
furious-puma-1:128003:128740 [7] NCCL INFO UDS converted handle 0x75218803d460 to fd 137 on remote peer 6
furious-puma-1:127996:128877 [0] NCCL INFO Imported shareable buffer device 0 size 10485760 ptr 0xa16c00000
furious-puma-1:128003:128740 [7] NCCL INFO Imported shareable buffer device 7 size 2097152 ptr 0xa17600000
furious-puma-1:127997:128742 [1] NCCL INFO UDS converted handle 0x75f10403d460 to fd 136 on remote peer 0
furious-puma-1:127996:128877 [0] NCCL INFO UDS converted handle 0x78f41c03d460 to fd 141 on remote peer 7
furious-puma-1:127997:128742 [1] NCCL INFO Imported shareable buffer device 1 size 2097152 ptr 0xa17600000
furious-puma-1:128003:128740 [7] NCCL INFO UDS converted handle 0x75f1040196d0 to fd 137 on remote peer 0
furious-puma-1:127996:128877 [0] NCCL INFO Imported shareable buffer device 0 size 2097152 ptr 0xa17600000
furious-puma-1:128003:128740 [7] NCCL INFO Imported shareable buffer device 7 size 10485760 ptr 0xa18000000
furious-puma-1:127997:128742 [1] NCCL INFO UDS converted handle 0x7c7d3c0196d0 to fd 137 on remote peer 2
furious-puma-1:127996:128877 [0] NCCL INFO UDS converted handle 0x7920600196d0 to fd 138 on remote peer 1
furious-puma-1:127997:128742 [1] NCCL INFO Imported shareable buffer device 1 size 10485760 ptr 0xa18000000
furious-puma-1:128003:128740 [7] NCCL INFO UDS converted handle 0x75218803ebc0 to fd 137 on remote peer 6
furious-puma-1:127996:128877 [0] NCCL INFO Imported shareable buffer device 0 size 10485760 ptr 0xa18000000
furious-puma-1:128003:128740 [7] NCCL INFO Imported shareable buffer device 7 size 2097152 ptr 0xa18a00000
furious-puma-1:127996:128877 [0] NCCL INFO UDS converted handle 0x78f41c03ebc0 to fd 141 on remote peer 7
furious-puma-1:127997:128742 [1] NCCL INFO UDS converted handle 0x75f10403ebc0 to fd 137 on remote peer 0
furious-puma-1:127996:128877 [0] NCCL INFO Imported shareable buffer device 0 size 2097152 ptr 0xa18a00000
furious-puma-1:127997:128742 [1] NCCL INFO Imported shareable buffer device 1 size 2097152 ptr 0xa18a00000
furious-puma-1:128003:128740 [7] NCCL INFO UDS converted handle 0x75f10401b370 to fd 135 on remote peer 0
furious-puma-1:128003:128740 [7] NCCL INFO Imported shareable buffer device 7 size 10485760 ptr 0xa18c00000
furious-puma-1:127996:128877 [0] NCCL INFO UDS converted handle 0x79206001b370 to fd 141 on remote peer 1
furious-puma-1:127997:128742 [1] NCCL INFO UDS converted handle 0x7c7d3c01b370 to fd 137 on remote peer 2
furious-puma-1:128003:128740 [7] NCCL INFO UDS converted handle 0x7521880400a0 to fd 137 on remote peer 6
furious-puma-1:127996:128877 [0] NCCL INFO Imported shareable buffer device 0 size 10485760 ptr 0xa18c00000
furious-puma-1:127997:128742 [1] NCCL INFO Imported shareable buffer device 1 size 10485760 ptr 0xa18c00000
furious-puma-1:127997:128742 [1] NCCL INFO UDS converted handle 0x75f1040400a0 to fd 137 on remote peer 0
furious-puma-1:128003:128740 [7] NCCL INFO Imported shareable buffer device 7 size 2097152 ptr 0xa19600000
furious-puma-1:127997:128742 [1] NCCL INFO Imported shareable buffer device 1 size 2097152 ptr 0xa19600000
furious-puma-1:127996:128877 [0] NCCL INFO UDS converted handle 0x78f41c0400a0 to fd 141 on remote peer 7
furious-puma-1:128003:128740 [7] NCCL INFO UDS converted handle 0x75f10401cb70 to fd 137 on remote peer 0
furious-puma-1:127997:128742 [1] NCCL INFO UDS converted handle 0x7c7d3c01cb70 to fd 137 on remote peer 2
furious-puma-1:127996:128877 [0] NCCL INFO Imported shareable buffer device 0 size 2097152 ptr 0xa19600000
furious-puma-1:127997:128742 [1] NCCL INFO Imported shareable buffer device 1 size 10485760 ptr 0xa1a000000
furious-puma-1:128003:128740 [7] NCCL INFO Imported shareable buffer device 7 size 10485760 ptr 0xa1a000000
furious-puma-1:127997:128742 [1] NCCL INFO UDS converted handle 0x75f104041580 to fd 137 on remote peer 0
furious-puma-1:127996:128877 [0] NCCL INFO UDS converted handle 0x79206001cb70 to fd 141 on remote peer 1
furious-puma-1:128003:128740 [7] NCCL INFO UDS converted handle 0x752188041580 to fd 137 on remote peer 6
furious-puma-1:127996:128877 [0] NCCL INFO Imported shareable buffer device 0 size 10485760 ptr 0xa1a000000
furious-puma-1:127997:128742 [1] NCCL INFO Imported shareable buffer device 1 size 2097152 ptr 0xa1aa00000
furious-puma-1:127996:128877 [0] NCCL INFO UDS converted handle 0x78f41c041580 to fd 141 on remote peer 7
furious-puma-1:128003:128740 [7] NCCL INFO Imported shareable buffer device 7 size 2097152 ptr 0xa1aa00000
furious-puma-1:127997:128742 [1] NCCL INFO UDS converted handle 0x7c7d3c01e370 to fd 137 on remote peer 2
furious-puma-1:128003:128740 [7] NCCL INFO UDS converted handle 0x75f10401e370 to fd 137 on remote peer 0
furious-puma-1:127996:128877 [0] NCCL INFO Imported shareable buffer device 0 size 2097152 ptr 0xa1aa00000
furious-puma-1:127997:128742 [1] NCCL INFO Imported shareable buffer device 1 size 10485760 ptr 0xa1ac00000
furious-puma-1:128003:128740 [7] NCCL INFO Imported shareable buffer device 7 size 10485760 ptr 0xa1ac00000
furious-puma-1:127996:128877 [0] NCCL INFO UDS converted handle 0x79206001e370 to fd 143 on remote peer 1
furious-puma-1:127997:128742 [1] NCCL INFO UDS converted handle 0x75f104042a60 to fd 137 on remote peer 0
furious-puma-1:128003:128740 [7] NCCL INFO UDS converted handle 0x752188042a60 to fd 137 on remote peer 6
furious-puma-1:127996:128877 [0] NCCL INFO Imported shareable buffer device 0 size 10485760 ptr 0xa1ac00000
furious-puma-1:127997:128742 [1] NCCL INFO Imported shareable buffer device 1 size 2097152 ptr 0xa1b600000
furious-puma-1:128003:128740 [7] NCCL INFO Imported shareable buffer device 7 size 2097152 ptr 0xa1b600000
furious-puma-1:127996:128877 [0] NCCL INFO UDS converted handle 0x78f41c042a60 to fd 141 on remote peer 7
furious-puma-1:128003:128740 [7] NCCL INFO UDS converted handle 0x75f10401ffc0 to fd 137 on remote peer 0
furious-puma-1:127996:128877 [0] NCCL INFO Imported shareable buffer device 0 size 2097152 ptr 0xa1b600000
furious-puma-1:128003:128740 [7] NCCL INFO Imported shareable buffer device 7 size 10485760 ptr 0xa1c000000
furious-puma-1:127997:128742 [1] NCCL INFO UDS converted handle 0x7c7d3c01ffc0 to fd 137 on remote peer 2
furious-puma-1:127996:128877 [0] NCCL INFO UDS converted handle 0x79206001ffc0 to fd 141 on remote peer 1
furious-puma-1:128003:128740 [7] NCCL INFO UDS converted handle 0x752188043f40 to fd 137 on remote peer 6
furious-puma-1:127997:128742 [1] NCCL INFO Imported shareable buffer device 1 size 10485760 ptr 0xa1c000000
furious-puma-1:128003:128740 [7] NCCL INFO Imported shareable buffer device 7 size 2097152 ptr 0xa1ca00000
furious-puma-1:127996:128877 [0] NCCL INFO Imported shareable buffer device 0 size 10485760 ptr 0xa1c000000
furious-puma-1:127997:128742 [1] NCCL INFO UDS converted handle 0x75f104043f40 to fd 137 on remote peer 0
furious-puma-1:127996:128877 [0] NCCL INFO UDS converted handle 0x78f41c043f40 to fd 141 on remote peer 7
furious-puma-1:127997:128742 [1] NCCL INFO Imported shareable buffer device 1 size 2097152 ptr 0xa1ca00000
furious-puma-1:127996:128877 [0] NCCL INFO Imported shareable buffer device 0 size 2097152 ptr 0xa1ca00000
furious-puma-1:128003:128740 [7] NCCL INFO UDS converted handle 0x75f1040217c0 to fd 137 on remote peer 0
furious-puma-1:128003:128740 [7] NCCL INFO Imported shareable buffer device 7 size 10485760 ptr 0xa1cc00000
furious-puma-1:127997:128742 [1] NCCL INFO UDS converted handle 0x7c7d3c0217c0 to fd 137 on remote peer 2
furious-puma-1:127996:128877 [0] NCCL INFO UDS converted handle 0x7920600217c0 to fd 138 on remote peer 1
furious-puma-1:128003:128740 [7] NCCL INFO UDS converted handle 0x752188045740 to fd 137 on remote peer 6
furious-puma-1:128003:128740 [7] NCCL INFO Imported shareable buffer device 7 size 2097152 ptr 0xa1d600000
furious-puma-1:127997:128742 [1] NCCL INFO Imported shareable buffer device 1 size 10485760 ptr 0xa1cc00000
furious-puma-1:127996:128877 [0] NCCL INFO Imported shareable buffer device 0 size 10485760 ptr 0xa1cc00000
furious-puma-1:128003:128740 [7] NCCL INFO UDS converted handle 0x75f104022fc0 to fd 137 on remote peer 0
furious-puma-1:127997:128742 [1] NCCL INFO UDS converted handle 0x75f104045740 to fd 137 on remote peer 0
furious-puma-1:127996:128877 [0] NCCL INFO UDS converted handle 0x78f41c045740 to fd 138 on remote peer 7
furious-puma-1:127997:128742 [1] NCCL INFO Imported shareable buffer device 1 size 2097152 ptr 0xa1d600000
furious-puma-1:128003:128740 [7] NCCL INFO Imported shareable buffer device 7 size 10485760 ptr 0xa1e000000
furious-puma-1:127996:128877 [0] NCCL INFO Imported shareable buffer device 0 size 2097152 ptr 0xa1d600000
furious-puma-1:128003:128740 [7] NCCL INFO UDS converted handle 0x752188046e00 to fd 137 on remote peer 6
furious-puma-1:128003:128740 [7] NCCL INFO Imported shareable buffer device 7 size 2097152 ptr 0xa1ea00000
furious-puma-1:127997:128742 [1] NCCL INFO UDS converted handle 0x7c7d3c022fc0 to fd 138 on remote peer 2
furious-puma-1:127996:128877 [0] NCCL INFO UDS converted handle 0x792060022fc0 to fd 141 on remote peer 1
furious-puma-1:127997:128742 [1] NCCL INFO Imported shareable buffer device 1 size 10485760 ptr 0xa1e000000
furious-puma-1:128003:128740 [7] NCCL INFO UDS converted handle 0x75f104024bc0 to fd 137 on remote peer 0
furious-puma-1:127996:128877 [0] NCCL INFO Imported shareable buffer device 0 size 10485760 ptr 0xa1e000000
furious-puma-1:127997:128742 [1] NCCL INFO UDS converted handle 0x75f104046e00 to fd 137 on remote peer 0
furious-puma-1:128003:128740 [7] NCCL INFO Imported shareable buffer device 7 size 10485760 ptr 0xa1ec00000
furious-puma-1:127996:128877 [0] NCCL INFO UDS converted handle 0x78f41c046e00 to fd 141 on remote peer 7
furious-puma-1:127997:128742 [1] NCCL INFO Imported shareable buffer device 1 size 2097152 ptr 0xa1ea00000
furious-puma-1:127996:128877 [0] NCCL INFO Imported shareable buffer device 0 size 2097152 ptr 0xa1ea00000
furious-puma-1:127997:128742 [1] NCCL INFO UDS converted handle 0x7c7d3c024bc0 to fd 137 on remote peer 2
furious-puma-1:128003:128740 [7] NCCL INFO UDS converted handle 0x7521880487d0 to fd 135 on remote peer 6
furious-puma-1:127997:128742 [1] NCCL INFO Imported shareable buffer device 1 size 10485760 ptr 0xa1ec00000
furious-puma-1:127996:128877 [0] NCCL INFO UDS converted handle 0x792060024c10 to fd 141 on remote peer 1
furious-puma-1:128003:128740 [7] NCCL INFO Imported shareable buffer device 7 size 2097152 ptr 0xa1f600000
furious-puma-1:127997:128742 [1] NCCL INFO UDS converted handle 0x75f1040487d0 to fd 136 on remote peer 0
furious-puma-1:127996:128877 [0] NCCL INFO Imported shareable buffer device 0 size 10485760 ptr 0xa1ec00000
furious-puma-1:128003:128740 [7] NCCL INFO UDS converted handle 0x75f1040263c0 to fd 137 on remote peer 0
furious-puma-1:127997:128742 [1] NCCL INFO Imported shareable buffer device 1 size 2097152 ptr 0xa1f600000
furious-puma-1:127996:128877 [0] NCCL INFO UDS converted handle 0x78f41c0487d0 to fd 141 on remote peer 7
furious-puma-1:128003:128740 [7] NCCL INFO Imported shareable buffer device 7 size 10485760 ptr 0x31c0000000
furious-puma-1:127997:128742 [1] NCCL INFO UDS converted handle 0x7c7d3c0263c0 to fd 137 on remote peer 2
furious-puma-1:127996:128877 [0] NCCL INFO Imported shareable buffer device 0 size 2097152 ptr 0xa1f600000
furious-puma-1:128003:128740 [7] NCCL INFO UDS converted handle 0x752188049fd0 to fd 137 on remote peer 6
furious-puma-1:127997:128742 [1] NCCL INFO Imported shareable buffer device 1 size 10485760 ptr 0x31c0000000
furious-puma-1:127996:128877 [0] NCCL INFO UDS converted handle 0x792060026410 to fd 141 on remote peer 1
furious-puma-1:128003:128740 [7] NCCL INFO Imported shareable buffer device 7 size 2097152 ptr 0x31c0a00000
furious-puma-1:127997:128742 [1] NCCL INFO UDS converted handle 0x75f104049fd0 to fd 136 on remote peer 0
furious-puma-1:127996:128877 [0] NCCL INFO Imported shareable buffer device 0 size 10485760 ptr 0x31c0000000
furious-puma-1:127997:128742 [1] NCCL INFO Imported shareable buffer device 1 size 2097152 ptr 0x31c0a00000
furious-puma-1:128003:128740 [7] NCCL INFO UDS converted handle 0x75f104027bc0 to fd 137 on remote peer 0
furious-puma-1:127996:128877 [0] NCCL INFO UDS converted handle 0x78f41c049fd0 to fd 141 on remote peer 7
furious-puma-1:128003:128740 [7] NCCL INFO Imported shareable buffer device 7 size 10485760 ptr 0x31c0c00000
furious-puma-1:127996:128877 [0] NCCL INFO Imported shareable buffer device 0 size 2097152 ptr 0x31c0a00000
furious-puma-1:128003:128740 [7] NCCL INFO UDS converted handle 0x75218804b7d0 to fd 137 on remote peer 6
furious-puma-1:127997:128742 [1] NCCL INFO UDS converted handle 0x7c7d3c027bc0 to fd 137 on remote peer 2
furious-puma-1:128003:128740 [7] NCCL INFO Imported shareable buffer device 7 size 2097152 ptr 0x31c1600000
furious-puma-1:127997:128742 [1] NCCL INFO Imported shareable buffer device 1 size 10485760 ptr 0x31c0c00000
furious-puma-1:127996:128877 [0] NCCL INFO UDS converted handle 0x792060027c10 to fd 141 on remote peer 1
furious-puma-1:128003:128740 [7] NCCL INFO UDS converted handle 0x75f104029810 to fd 137 on remote peer 0
furious-puma-1:127996:128877 [0] NCCL INFO Imported shareable buffer device 0 size 10485760 ptr 0x31c0c00000
furious-puma-1:128003:128740 [7] NCCL INFO Imported shareable buffer device 7 size 10485760 ptr 0x31c2000000
furious-puma-1:127997:128742 [1] NCCL INFO UDS converted handle 0x75f10404b7d0 to fd 136 on remote peer 0
furious-puma-1:127996:128877 [0] NCCL INFO UDS converted handle 0x78f41c04b7d0 to fd 141 on remote peer 7
furious-puma-1:127997:128742 [1] NCCL INFO Imported shareable buffer device 1 size 2097152 ptr 0x31c1600000
furious-puma-1:127996:128877 [0] NCCL INFO Imported shareable buffer device 0 size 2097152 ptr 0x31c1600000
furious-puma-1:128003:128740 [7] NCCL INFO UDS converted handle 0x75218804cfd0 to fd 135 on remote peer 6
furious-puma-1:128003:128740 [7] NCCL INFO Imported shareable buffer device 7 size 2097152 ptr 0x31c2a00000
furious-puma-1:127996:128877 [0] NCCL INFO UDS converted handle 0x792060029860 to fd 141 on remote peer 1
furious-puma-1:127997:128742 [1] NCCL INFO UDS converted handle 0x7c7d3c029810 to fd 137 on remote peer 2
furious-puma-1:128003:128740 [7] NCCL INFO UDS converted handle 0x75f10402b010 to fd 137 on remote peer 0
furious-puma-1:127997:128742 [1] NCCL INFO Imported shareable buffer device 1 size 10485760 ptr 0x31c2000000
furious-puma-1:127996:128877 [0] NCCL INFO Imported shareable buffer device 0 size 10485760 ptr 0x31c2000000
furious-puma-1:128003:128740 [7] NCCL INFO Imported shareable buffer device 7 size 10485760 ptr 0x31c2c00000
furious-puma-1:127997:128742 [1] NCCL INFO UDS converted handle 0x75f10404cfd0 to fd 137 on remote peer 0
furious-puma-1:127996:128877 [0] NCCL INFO UDS converted handle 0x78f41c04cfd0 to fd 141 on remote peer 7
furious-puma-1:128003:128740 [7] NCCL INFO UDS converted handle 0x75218804e7d0 to fd 135 on remote peer 6
furious-puma-1:127997:128742 [1] NCCL INFO Imported shareable buffer device 1 size 2097152 ptr 0x31c2a00000
furious-puma-1:127996:128877 [0] NCCL INFO Imported shareable buffer device 0 size 2097152 ptr 0x31c2a00000
furious-puma-1:128003:128740 [7] NCCL INFO Imported shareable buffer device 7 size 2097152 ptr 0x31c3600000
furious-puma-1:127997:128742 [1] NCCL INFO UDS converted handle 0x7c7d3c02b010 to fd 137 on remote peer 2
furious-puma-1:127996:128877 [0] NCCL INFO UDS converted handle 0x79206002b060 to fd 143 on remote peer 1
furious-puma-1:127997:128742 [1] NCCL INFO Imported shareable buffer device 1 size 10485760 ptr 0x31c2c00000
furious-puma-1:128003:128740 [7] NCCL INFO UDS converted handle 0x75f10402c810 to fd 137 on remote peer 0
furious-puma-1:127996:128877 [0] NCCL INFO Imported shareable buffer device 0 size 10485760 ptr 0x31c2c00000
furious-puma-1:127997:128742 [1] NCCL INFO UDS converted handle 0x75f10404e7d0 to fd 137 on remote peer 0
furious-puma-1:128003:128740 [7] NCCL INFO Imported shareable buffer device 7 size 10485760 ptr 0x31c4000000
furious-puma-1:127997:128742 [1] NCCL INFO Imported shareable buffer device 1 size 2097152 ptr 0x31c3600000
furious-puma-1:127996:128877 [0] NCCL INFO UDS converted handle 0x78f41c04e7d0 to fd 141 on remote peer 7
furious-puma-1:128003:128740 [7] NCCL INFO UDS converted handle 0x75218804ffd0 to fd 137 on remote peer 6
furious-puma-1:127997:128742 [1] NCCL INFO UDS converted handle 0x7c7d3c02c810 to fd 137 on remote peer 2
furious-puma-1:127996:128877 [0] NCCL INFO Imported shareable buffer device 0 size 2097152 ptr 0x31c3600000
furious-puma-1:127996:128877 [0] NCCL INFO UDS converted handle 0x79206002c860 to fd 141 on remote peer 1
furious-puma-1:128003:128740 [7] NCCL INFO Imported shareable buffer device 7 size 2097152 ptr 0x31c4a00000
furious-puma-1:127997:128742 [1] NCCL INFO Imported shareable buffer device 1 size 10485760 ptr 0x31c4000000
furious-puma-1:127996:128877 [0] NCCL INFO Imported shareable buffer device 0 size 10485760 ptr 0x31c4000000
furious-puma-1:127997:128742 [1] NCCL INFO UDS converted handle 0x75f10404ffd0 to fd 137 on remote peer 0
furious-puma-1:127997:128742 [1] NCCL INFO Imported shareable buffer device 1 size 2097152 ptr 0x31c4a00000
furious-puma-1:127996:128877 [0] NCCL INFO UDS converted handle 0x78f41c04ffd0 to fd 138 on remote peer 7
furious-puma-1:127996:128877 [0] NCCL INFO Imported shareable buffer device 0 size 2097152 ptr 0x31c4a00000
furious-puma-1:127997:128742 [1] NCCL INFO Connected all rings, use ring PXN 0 GDR 1
furious-puma-1:127996:128877 [0] NCCL INFO Connected all rings, use ring PXN 0 GDR 1
furious-puma-1:127999:128744 [3] NCCL INFO Connected all rings, use ring PXN 0 GDR 1
furious-puma-1:127998:128738 [2] NCCL INFO Connected all rings, use ring PXN 0 GDR 1
furious-puma-1:128001:128741 [5] NCCL INFO Connected all rings, use ring PXN 0 GDR 1
furious-puma-1:128000:128875 [4] NCCL INFO Connected all rings, use ring PXN 0 GDR 1
furious-puma-1:128003:128740 [7] NCCL INFO Connected all rings, use ring PXN 0 GDR 1
furious-puma-1:128002:128743 [6] NCCL INFO Connected all rings, use ring PXN 0 GDR 1
Using auto half precision backend
The following columns in the Training set don't have a corresponding argument in `LlamaForCausalLM.forward` and have been ignored: messages. If messages are not expected by `LlamaForCausalLM.forward`,  you can safely ignore this message.
furious-puma-1:127996:129022 [0] NCCL INFO Assigned NET plugin IB to comm
furious-puma-1:127996:129022 [0] NCCL INFO Using network IB
furious-puma-1:128003:129010 [7] NCCL INFO Assigned NET plugin IB to comm
furious-puma-1:128003:129010 [7] NCCL INFO Using network IB
furious-puma-1:128002:129019 [6] NCCL INFO Assigned NET plugin IB to comm
furious-puma-1:128002:129019 [6] NCCL INFO Using network IB
furious-puma-1:127996:129022 [0] NCCL INFO DMA-BUF is available on GPU device 0
furious-puma-1:128001:128978 [5] NCCL INFO Assigned NET plugin IB to comm
furious-puma-1:128001:128978 [5] NCCL INFO Using network IB
furious-puma-1:128000:129030 [4] NCCL INFO Assigned NET plugin IB to comm
furious-puma-1:128000:129030 [4] NCCL INFO Using network IB
furious-puma-1:128003:129010 [7] NCCL INFO DMA-BUF is available on GPU device 7
furious-puma-1:128002:129019 [6] NCCL INFO DMA-BUF is available on GPU device 6
furious-puma-1:127999:128974 [3] NCCL INFO Assigned NET plugin IB to comm
furious-puma-1:127999:128974 [3] NCCL INFO Using network IB
furious-puma-1:128001:128978 [5] NCCL INFO DMA-BUF is available on GPU device 5
furious-puma-1:128000:129030 [4] NCCL INFO DMA-BUF is available on GPU device 4
furious-puma-1:127997:129033 [1] NCCL INFO Assigned NET plugin IB to comm
furious-puma-1:127998:129013 [2] NCCL INFO Assigned NET plugin IB to comm
furious-puma-1:127997:129033 [1] NCCL INFO Using network IB
furious-puma-1:127998:129013 [2] NCCL INFO Using network IB
furious-puma-1:127999:128974 [3] NCCL INFO DMA-BUF is available on GPU device 3
furious-puma-1:127997:129033 [1] NCCL INFO DMA-BUF is available on GPU device 1
furious-puma-1:127998:129013 [2] NCCL INFO DMA-BUF is available on GPU device 2
furious-puma-1:127996:129022 [0] NCCL INFO ncclCommSplit comm 0x67251640 rank 0 nranks 8 cudaDev 0 nvmlDev 0 busId 7f000 parent 0x3a728530 splitCount 1 color 1266629538 key 0- Init START
furious-puma-1:128002:129019 [6] NCCL INFO ncclCommSplit comm 0x673b2890 rank 6 nranks 8 cudaDev 6 nvmlDev 6 busId df000 parent 0x3aa2e620 splitCount 1 color 1266629538 key 6- Init START
furious-puma-1:128000:129030 [4] NCCL INFO ncclCommSplit comm 0x709d6a90 rank 4 nranks 8 cudaDev 4 nvmlDev 4 busId bf000 parent 0x440258c0 splitCount 1 color 1266629538 key 4- Init START
furious-puma-1:128001:128978 [5] NCCL INFO ncclCommSplit comm 0x61e20c30 rank 5 nranks 8 cudaDev 5 nvmlDev 5 busId cf000 parent 0x3549c790 splitCount 1 color 1266629538 key 5- Init START
furious-puma-1:128003:129010 [7] NCCL INFO ncclCommSplit comm 0x5ade3c50 rank 7 nranks 8 cudaDev 7 nvmlDev 7 busId ef000 parent 0x2e45e2a0 splitCount 1 color 1266629538 key 7- Init START
furious-puma-1:127999:128974 [3] NCCL INFO ncclCommSplit comm 0x670cd9a0 rank 3 nranks 8 cudaDev 3 nvmlDev 3 busId af000 parent 0x3a5a4e00 splitCount 1 color 1266629538 key 3- Init START
furious-puma-1:127998:129013 [2] NCCL INFO ncclCommSplit comm 0x70ed71c0 rank 2 nranks 8 cudaDev 2 nvmlDev 2 busId 9f000 parent 0x44248c40 splitCount 1 color 1266629538 key 2- Init START
furious-puma-1:127997:129033 [1] NCCL INFO ncclCommSplit comm 0x683451f0 rank 1 nranks 8 cudaDev 1 nvmlDev 1 busId 8f000 parent 0x3b9c0280 splitCount 1 color 1266629538 key 1- Init START
furious-puma-1:128001:128978 [5] NCCL INFO MNNVL busId 0xcf000 fabric UUID 0.0 cliqueId 0x0 state 3 healthMask 0x0
furious-puma-1:128000:129030 [4] NCCL INFO MNNVL busId 0xbf000 fabric UUID 0.0 cliqueId 0x0 state 3 healthMask 0x0
furious-puma-1:127996:129022 [0] NCCL INFO MNNVL busId 0x7f000 fabric UUID 0.0 cliqueId 0x0 state 3 healthMask 0x0
furious-puma-1:127999:128974 [3] NCCL INFO MNNVL busId 0xaf000 fabric UUID 0.0 cliqueId 0x0 state 3 healthMask 0x0
furious-puma-1:128003:129010 [7] NCCL INFO MNNVL busId 0xef000 fabric UUID 0.0 cliqueId 0x0 state 3 healthMask 0x0
furious-puma-1:128002:129019 [6] NCCL INFO MNNVL busId 0xdf000 fabric UUID 0.0 cliqueId 0x0 state 3 healthMask 0x0
furious-puma-1:127998:129013 [2] NCCL INFO MNNVL busId 0x9f000 fabric UUID 0.0 cliqueId 0x0 state 3 healthMask 0x0
furious-puma-1:127997:129033 [1] NCCL INFO MNNVL busId 0x8f000 fabric UUID 0.0 cliqueId 0x0 state 3 healthMask 0x0
furious-puma-1:127996:129022 [0] NCCL INFO Loading topology file /var/run/nvidia-topologyd/virtualTopology.xml
furious-puma-1:127996:129022 [0] NCCL INFO Loading unnamed topology
furious-puma-1:128002:129019 [6] NCCL INFO Loading topology file /var/run/nvidia-topologyd/virtualTopology.xml
furious-puma-1:128001:128978 [5] NCCL INFO Loading topology file /var/run/nvidia-topologyd/virtualTopology.xml
furious-puma-1:128000:129030 [4] NCCL INFO Loading topology file /var/run/nvidia-topologyd/virtualTopology.xml
furious-puma-1:127999:128974 [3] NCCL INFO Loading topology file /var/run/nvidia-topologyd/virtualTopology.xml
furious-puma-1:127998:129013 [2] NCCL INFO Loading topology file /var/run/nvidia-topologyd/virtualTopology.xml
furious-puma-1:128002:129019 [6] NCCL INFO Loading unnamed topology
furious-puma-1:128001:128978 [5] NCCL INFO Loading unnamed topology
furious-puma-1:128000:129030 [4] NCCL INFO Loading unnamed topology
furious-puma-1:127998:129013 [2] NCCL INFO Loading unnamed topology
furious-puma-1:127999:128974 [3] NCCL INFO Loading unnamed topology
furious-puma-1:128003:129010 [7] NCCL INFO Loading topology file /var/run/nvidia-topologyd/virtualTopology.xml
furious-puma-1:127997:129033 [1] NCCL INFO Loading topology file /var/run/nvidia-topologyd/virtualTopology.xml
furious-puma-1:128003:129010 [7] NCCL INFO Loading unnamed topology
furious-puma-1:127997:129033 [1] NCCL INFO Loading unnamed topology
furious-puma-1:128002:129019 [6] NCCL INFO Could not find real path of /sys/class/pci_bus/ffff:ff/../../ffff:ff:07.0
furious-puma-1:127998:129013 [2] NCCL INFO Could not find real path of /sys/class/pci_bus/ffff:ff/../../ffff:ff:03.0
furious-puma-1:127996:129022 [0] NCCL INFO Could not find real path of /sys/class/pci_bus/ffff:ff/../../ffff:ff:01.0
furious-puma-1:128003:129010 [7] NCCL INFO Could not find real path of /sys/class/pci_bus/ffff:ff/../../ffff:ff:08.0
furious-puma-1:127999:128974 [3] NCCL INFO Could not find real path of /sys/class/pci_bus/ffff:ff/../../ffff:ff:04.0
furious-puma-1:128001:128978 [5] NCCL INFO Could not find real path of /sys/class/pci_bus/ffff:ff/../../ffff:ff:06.0
furious-puma-1:128000:129030 [4] NCCL INFO Could not find real path of /sys/class/pci_bus/ffff:ff/../../ffff:ff:05.0
furious-puma-1:127997:129033 [1] NCCL INFO Could not find real path of /sys/class/pci_bus/ffff:ff/../../ffff:ff:02.0
furious-puma-1:127998:129013 [2] NCCL INFO TOPO/NET : Importing network plugins to topology
furious-puma-1:127998:129013 [2] NCCL INFO Retrieving state for IB
furious-puma-1:127998:129013 [2] NCCL INFO ncclTopoPopulateNics : Filled mlx5_0 in topo with pciPath=/sys/devices/pci0000:7e/0000:7e:01.0/0000:80:00.0 keep=1 coll=(null)
furious-puma-1:127998:129013 [2] NCCL INFO ncclTopoPopulateNics : Filled mlx5_1 in topo with pciPath=/sys/devices/pci0000:8e/0000:8e:01.0/0000:90:00.0 keep=1 coll=(null)
furious-puma-1:127998:129013 [2] NCCL INFO ncclTopoPopulateNics : Filled mlx5_2 in topo with pciPath=/sys/devices/pci0000:9e/0000:9e:01.0/0000:a0:00.0 keep=1 coll=(null)
furious-puma-1:127998:129013 [2] NCCL INFO ncclTopoPopulateNics : Filled mlx5_3 in topo with pciPath=/sys/devices/pci0000:ae/0000:ae:01.0/0000:b0:00.0 keep=1 coll=(null)
furious-puma-1:127998:129013 [2] NCCL INFO ncclTopoPopulateNics : Filled mlx5_4 in topo with pciPath=/sys/devices/pci0000:be/0000:be:01.0/0000:c0:00.0 keep=1 coll=(null)
furious-puma-1:127998:129013 [2] NCCL INFO ncclTopoPopulateNics : Filled mlx5_5 in topo with pciPath=/sys/devices/pci0000:ce/0000:ce:01.0/0000:d0:00.0 keep=1 coll=(null)
furious-puma-1:127998:129013 [2] NCCL INFO ncclTopoPopulateNics : Filled mlx5_6 in topo with pciPath=/sys/devices/pci0000:de/0000:de:01.0/0000:e0:00.0 keep=1 coll=(null)
furious-puma-1:127998:129013 [2] NCCL INFO ncclTopoPopulateNics : Filled mlx5_7 in topo with pciPath=/sys/devices/pci0000:ee/0000:ee:01.0/0000:f0:00.0 keep=1 coll=(null)
furious-puma-1:128003:129010 [7] NCCL INFO TOPO/NET : Importing network plugins to topology
furious-puma-1:128003:129010 [7] NCCL INFO Retrieving state for IB
furious-puma-1:128003:129010 [7] NCCL INFO ncclTopoPopulateNics : Filled mlx5_0 in topo with pciPath=/sys/devices/pci0000:7e/0000:7e:01.0/0000:80:00.0 keep=1 coll=(null)
furious-puma-1:128003:129010 [7] NCCL INFO ncclTopoPopulateNics : Filled mlx5_1 in topo with pciPath=/sys/devices/pci0000:8e/0000:8e:01.0/0000:90:00.0 keep=1 coll=(null)
furious-puma-1:128003:129010 [7] NCCL INFO ncclTopoPopulateNics : Filled mlx5_2 in topo with pciPath=/sys/devices/pci0000:9e/0000:9e:01.0/0000:a0:00.0 keep=1 coll=(null)
furious-puma-1:128003:129010 [7] NCCL INFO ncclTopoPopulateNics : Filled mlx5_3 in topo with pciPath=/sys/devices/pci0000:ae/0000:ae:01.0/0000:b0:00.0 keep=1 coll=(null)
furious-puma-1:128003:129010 [7] NCCL INFO ncclTopoPopulateNics : Filled mlx5_4 in topo with pciPath=/sys/devices/pci0000:be/0000:be:01.0/0000:c0:00.0 keep=1 coll=(null)
furious-puma-1:128003:129010 [7] NCCL INFO ncclTopoPopulateNics : Filled mlx5_5 in topo with pciPath=/sys/devices/pci0000:ce/0000:ce:01.0/0000:d0:00.0 keep=1 coll=(null)
furious-puma-1:128003:129010 [7] NCCL INFO ncclTopoPopulateNics : Filled mlx5_6 in topo with pciPath=/sys/devices/pci0000:de/0000:de:01.0/0000:e0:00.0 keep=1 coll=(null)
furious-puma-1:128003:129010 [7] NCCL INFO ncclTopoPopulateNics : Filled mlx5_7 in topo with pciPath=/sys/devices/pci0000:ee/0000:ee:01.0/0000:f0:00.0 keep=1 coll=(null)
furious-puma-1:128001:128978 [5] NCCL INFO TOPO/NET : Importing network plugins to topology
furious-puma-1:128001:128978 [5] NCCL INFO Retrieving state for IB
furious-puma-1:128001:128978 [5] NCCL INFO ncclTopoPopulateNics : Filled mlx5_0 in topo with pciPath=/sys/devices/pci0000:7e/0000:7e:01.0/0000:80:00.0 keep=1 coll=(null)
furious-puma-1:128001:128978 [5] NCCL INFO ncclTopoPopulateNics : Filled mlx5_1 in topo with pciPath=/sys/devices/pci0000:8e/0000:8e:01.0/0000:90:00.0 keep=1 coll=(null)
furious-puma-1:128001:128978 [5] NCCL INFO ncclTopoPopulateNics : Filled mlx5_2 in topo with pciPath=/sys/devices/pci0000:9e/0000:9e:01.0/0000:a0:00.0 keep=1 coll=(null)
furious-puma-1:128001:128978 [5] NCCL INFO ncclTopoPopulateNics : Filled mlx5_3 in topo with pciPath=/sys/devices/pci0000:ae/0000:ae:01.0/0000:b0:00.0 keep=1 coll=(null)
furious-puma-1:128001:128978 [5] NCCL INFO ncclTopoPopulateNics : Filled mlx5_4 in topo with pciPath=/sys/devices/pci0000:be/0000:be:01.0/0000:c0:00.0 keep=1 coll=(null)
furious-puma-1:128001:128978 [5] NCCL INFO ncclTopoPopulateNics : Filled mlx5_5 in topo with pciPath=/sys/devices/pci0000:ce/0000:ce:01.0/0000:d0:00.0 keep=1 coll=(null)
furious-puma-1:128001:128978 [5] NCCL INFO ncclTopoPopulateNics : Filled mlx5_6 in topo with pciPath=/sys/devices/pci0000:de/0000:de:01.0/0000:e0:00.0 keep=1 coll=(null)
furious-puma-1:128001:128978 [5] NCCL INFO ncclTopoPopulateNics : Filled mlx5_7 in topo with pciPath=/sys/devices/pci0000:ee/0000:ee:01.0/0000:f0:00.0 keep=1 coll=(null)
furious-puma-1:128002:129019 [6] NCCL INFO TOPO/NET : Importing network plugins to topology
furious-puma-1:128002:129019 [6] NCCL INFO Retrieving state for IB
furious-puma-1:128002:129019 [6] NCCL INFO ncclTopoPopulateNics : Filled mlx5_0 in topo with pciPath=/sys/devices/pci0000:7e/0000:7e:01.0/0000:80:00.0 keep=1 coll=(null)
furious-puma-1:128002:129019 [6] NCCL INFO ncclTopoPopulateNics : Filled mlx5_1 in topo with pciPath=/sys/devices/pci0000:8e/0000:8e:01.0/0000:90:00.0 keep=1 coll=(null)
furious-puma-1:128002:129019 [6] NCCL INFO ncclTopoPopulateNics : Filled mlx5_2 in topo with pciPath=/sys/devices/pci0000:9e/0000:9e:01.0/0000:a0:00.0 keep=1 coll=(null)
furious-puma-1:128002:129019 [6] NCCL INFO ncclTopoPopulateNics : Filled mlx5_3 in topo with pciPath=/sys/devices/pci0000:ae/0000:ae:01.0/0000:b0:00.0 keep=1 coll=(null)
furious-puma-1:128002:129019 [6] NCCL INFO ncclTopoPopulateNics : Filled mlx5_4 in topo with pciPath=/sys/devices/pci0000:be/0000:be:01.0/0000:c0:00.0 keep=1 coll=(null)
furious-puma-1:128002:129019 [6] NCCL INFO ncclTopoPopulateNics : Filled mlx5_5 in topo with pciPath=/sys/devices/pci0000:ce/0000:ce:01.0/0000:d0:00.0 keep=1 coll=(null)
furious-puma-1:128002:129019 [6] NCCL INFO ncclTopoPopulateNics : Filled mlx5_6 in topo with pciPath=/sys/devices/pci0000:de/0000:de:01.0/0000:e0:00.0 keep=1 coll=(null)
furious-puma-1:128002:129019 [6] NCCL INFO ncclTopoPopulateNics : Filled mlx5_7 in topo with pciPath=/sys/devices/pci0000:ee/0000:ee:01.0/0000:f0:00.0 keep=1 coll=(null)
furious-puma-1:128000:129030 [4] NCCL INFO TOPO/NET : Importing network plugins to topology
furious-puma-1:128000:129030 [4] NCCL INFO Retrieving state for IB
furious-puma-1:128000:129030 [4] NCCL INFO ncclTopoPopulateNics : Filled mlx5_0 in topo with pciPath=/sys/devices/pci0000:7e/0000:7e:01.0/0000:80:00.0 keep=1 coll=(null)
furious-puma-1:128000:129030 [4] NCCL INFO ncclTopoPopulateNics : Filled mlx5_1 in topo with pciPath=/sys/devices/pci0000:8e/0000:8e:01.0/0000:90:00.0 keep=1 coll=(null)
furious-puma-1:128000:129030 [4] NCCL INFO ncclTopoPopulateNics : Filled mlx5_2 in topo with pciPath=/sys/devices/pci0000:9e/0000:9e:01.0/0000:a0:00.0 keep=1 coll=(null)
furious-puma-1:128000:129030 [4] NCCL INFO ncclTopoPopulateNics : Filled mlx5_3 in topo with pciPath=/sys/devices/pci0000:ae/0000:ae:01.0/0000:b0:00.0 keep=1 coll=(null)
furious-puma-1:128000:129030 [4] NCCL INFO ncclTopoPopulateNics : Filled mlx5_4 in topo with pciPath=/sys/devices/pci0000:be/0000:be:01.0/0000:c0:00.0 keep=1 coll=(null)
furious-puma-1:128000:129030 [4] NCCL INFO ncclTopoPopulateNics : Filled mlx5_5 in topo with pciPath=/sys/devices/pci0000:ce/0000:ce:01.0/0000:d0:00.0 keep=1 coll=(null)
furious-puma-1:128000:129030 [4] NCCL INFO ncclTopoPopulateNics : Filled mlx5_6 in topo with pciPath=/sys/devices/pci0000:de/0000:de:01.0/0000:e0:00.0 keep=1 coll=(null)
furious-puma-1:128000:129030 [4] NCCL INFO ncclTopoPopulateNics : Filled mlx5_7 in topo with pciPath=/sys/devices/pci0000:ee/0000:ee:01.0/0000:f0:00.0 keep=1 coll=(null)
furious-puma-1:127999:128974 [3] NCCL INFO TOPO/NET : Importing network plugins to topology
furious-puma-1:127999:128974 [3] NCCL INFO Retrieving state for IB
furious-puma-1:127999:128974 [3] NCCL INFO ncclTopoPopulateNics : Filled mlx5_0 in topo with pciPath=/sys/devices/pci0000:7e/0000:7e:01.0/0000:80:00.0 keep=1 coll=(null)
furious-puma-1:127999:128974 [3] NCCL INFO ncclTopoPopulateNics : Filled mlx5_1 in topo with pciPath=/sys/devices/pci0000:8e/0000:8e:01.0/0000:90:00.0 keep=1 coll=(null)
furious-puma-1:127999:128974 [3] NCCL INFO ncclTopoPopulateNics : Filled mlx5_2 in topo with pciPath=/sys/devices/pci0000:9e/0000:9e:01.0/0000:a0:00.0 keep=1 coll=(null)
furious-puma-1:127999:128974 [3] NCCL INFO ncclTopoPopulateNics : Filled mlx5_3 in topo with pciPath=/sys/devices/pci0000:ae/0000:ae:01.0/0000:b0:00.0 keep=1 coll=(null)
furious-puma-1:127999:128974 [3] NCCL INFO ncclTopoPopulateNics : Filled mlx5_4 in topo with pciPath=/sys/devices/pci0000:be/0000:be:01.0/0000:c0:00.0 keep=1 coll=(null)
furious-puma-1:127999:128974 [3] NCCL INFO ncclTopoPopulateNics : Filled mlx5_5 in topo with pciPath=/sys/devices/pci0000:ce/0000:ce:01.0/0000:d0:00.0 keep=1 coll=(null)
furious-puma-1:127999:128974 [3] NCCL INFO ncclTopoPopulateNics : Filled mlx5_6 in topo with pciPath=/sys/devices/pci0000:de/0000:de:01.0/0000:e0:00.0 keep=1 coll=(null)
furious-puma-1:127999:128974 [3] NCCL INFO ncclTopoPopulateNics : Filled mlx5_7 in topo with pciPath=/sys/devices/pci0000:ee/0000:ee:01.0/0000:f0:00.0 keep=1 coll=(null)
furious-puma-1:127996:129022 [0] NCCL INFO TOPO/NET : Importing network plugins to topology
furious-puma-1:127996:129022 [0] NCCL INFO Retrieving state for IB
furious-puma-1:127996:129022 [0] NCCL INFO ncclTopoPopulateNics : Filled mlx5_0 in topo with pciPath=/sys/devices/pci0000:7e/0000:7e:01.0/0000:80:00.0 keep=1 coll=(null)
furious-puma-1:127996:129022 [0] NCCL INFO ncclTopoPopulateNics : Filled mlx5_1 in topo with pciPath=/sys/devices/pci0000:8e/0000:8e:01.0/0000:90:00.0 keep=1 coll=(null)
furious-puma-1:127996:129022 [0] NCCL INFO ncclTopoPopulateNics : Filled mlx5_2 in topo with pciPath=/sys/devices/pci0000:9e/0000:9e:01.0/0000:a0:00.0 keep=1 coll=(null)
furious-puma-1:127996:129022 [0] NCCL INFO ncclTopoPopulateNics : Filled mlx5_3 in topo with pciPath=/sys/devices/pci0000:ae/0000:ae:01.0/0000:b0:00.0 keep=1 coll=(null)
furious-puma-1:127996:129022 [0] NCCL INFO ncclTopoPopulateNics : Filled mlx5_4 in topo with pciPath=/sys/devices/pci0000:be/0000:be:01.0/0000:c0:00.0 keep=1 coll=(null)
furious-puma-1:127996:129022 [0] NCCL INFO ncclTopoPopulateNics : Filled mlx5_5 in topo with pciPath=/sys/devices/pci0000:ce/0000:ce:01.0/0000:d0:00.0 keep=1 coll=(null)
furious-puma-1:127996:129022 [0] NCCL INFO ncclTopoPopulateNics : Filled mlx5_6 in topo with pciPath=/sys/devices/pci0000:de/0000:de:01.0/0000:e0:00.0 keep=1 coll=(null)
furious-puma-1:127996:129022 [0] NCCL INFO ncclTopoPopulateNics : Filled mlx5_7 in topo with pciPath=/sys/devices/pci0000:ee/0000:ee:01.0/0000:f0:00.0 keep=1 coll=(null)
furious-puma-1:127997:129033 [1] NCCL INFO TOPO/NET : Importing network plugins to topology
furious-puma-1:127997:129033 [1] NCCL INFO Retrieving state for IB
furious-puma-1:127997:129033 [1] NCCL INFO ncclTopoPopulateNics : Filled mlx5_0 in topo with pciPath=/sys/devices/pci0000:7e/0000:7e:01.0/0000:80:00.0 keep=1 coll=(null)
furious-puma-1:127997:129033 [1] NCCL INFO ncclTopoPopulateNics : Filled mlx5_1 in topo with pciPath=/sys/devices/pci0000:8e/0000:8e:01.0/0000:90:00.0 keep=1 coll=(null)
furious-puma-1:127997:129033 [1] NCCL INFO ncclTopoPopulateNics : Filled mlx5_2 in topo with pciPath=/sys/devices/pci0000:9e/0000:9e:01.0/0000:a0:00.0 keep=1 coll=(null)
furious-puma-1:127997:129033 [1] NCCL INFO ncclTopoPopulateNics : Filled mlx5_3 in topo with pciPath=/sys/devices/pci0000:ae/0000:ae:01.0/0000:b0:00.0 keep=1 coll=(null)
furious-puma-1:127997:129033 [1] NCCL INFO ncclTopoPopulateNics : Filled mlx5_4 in topo with pciPath=/sys/devices/pci0000:be/0000:be:01.0/0000:c0:00.0 keep=1 coll=(null)
furious-puma-1:127997:129033 [1] NCCL INFO ncclTopoPopulateNics : Filled mlx5_5 in topo with pciPath=/sys/devices/pci0000:ce/0000:ce:01.0/0000:d0:00.0 keep=1 coll=(null)
furious-puma-1:127997:129033 [1] NCCL INFO ncclTopoPopulateNics : Filled mlx5_6 in topo with pciPath=/sys/devices/pci0000:de/0000:de:01.0/0000:e0:00.0 keep=1 coll=(null)
furious-puma-1:127997:129033 [1] NCCL INFO ncclTopoPopulateNics : Filled mlx5_7 in topo with pciPath=/sys/devices/pci0000:ee/0000:ee:01.0/0000:f0:00.0 keep=1 coll=(null)
furious-puma-1:128003:129010 [7] NCCL INFO GPU Direct RDMA Enabled for GPU 0 / HCA 0 (distance 4 <= 5), read 0 mode Default
furious-puma-1:128003:129010 [7] NCCL INFO GPU Direct RDMA Enabled for GPU 1 / HCA 0 (distance 4 <= 5), read 0 mode Default
furious-puma-1:128003:129010 [7] NCCL INFO GPU Direct RDMA Enabled for GPU 2 / HCA 0 (distance 4 <= 5), read 0 mode Default
furious-puma-1:127996:129022 [0] NCCL INFO GPU Direct RDMA Enabled for GPU 0 / HCA 0 (distance 4 <= 5), read 0 mode Default
furious-puma-1:128003:129010 [7] NCCL INFO GPU Direct RDMA Enabled for GPU 3 / HCA 0 (distance 4 <= 5), read 0 mode Default
furious-puma-1:128003:129010 [7] NCCL INFO GPU Direct RDMA Enabled for GPU 4 / HCA 0 (distance 4 <= 5), read 0 mode Default
furious-puma-1:127996:129022 [0] NCCL INFO GPU Direct RDMA Enabled for GPU 1 / HCA 0 (distance 4 <= 5), read 0 mode Default
furious-puma-1:128003:129010 [7] NCCL INFO GPU Direct RDMA Enabled for GPU 5 / HCA 0 (distance 4 <= 5), read 0 mode Default
furious-puma-1:127996:129022 [0] NCCL INFO GPU Direct RDMA Enabled for GPU 2 / HCA 0 (distance 4 <= 5), read 0 mode Default
furious-puma-1:128003:129010 [7] NCCL INFO GPU Direct RDMA Enabled for GPU 6 / HCA 0 (distance 4 <= 5), read 0 mode Default
furious-puma-1:128003:129010 [7] NCCL INFO GPU Direct RDMA Enabled for GPU 7 / HCA 0 (distance 4 <= 5), read 0 mode Default
furious-puma-1:127996:129022 [0] NCCL INFO GPU Direct RDMA Enabled for GPU 3 / HCA 0 (distance 4 <= 5), read 0 mode Default
furious-puma-1:127996:129022 [0] NCCL INFO GPU Direct RDMA Enabled for GPU 4 / HCA 0 (distance 4 <= 5), read 0 mode Default
furious-puma-1:128003:129010 [7] NCCL INFO GPU Direct RDMA Enabled for GPU 0 / HCA 1 (distance 4 <= 5), read 0 mode Default
furious-puma-1:127996:129022 [0] NCCL INFO GPU Direct RDMA Enabled for GPU 5 / HCA 0 (distance 4 <= 5), read 0 mode Default
furious-puma-1:128003:129010 [7] NCCL INFO GPU Direct RDMA Enabled for GPU 1 / HCA 1 (distance 4 <= 5), read 0 mode Default
furious-puma-1:127996:129022 [0] NCCL INFO GPU Direct RDMA Enabled for GPU 6 / HCA 0 (distance 4 <= 5), read 0 mode Default
furious-puma-1:128003:129010 [7] NCCL INFO GPU Direct RDMA Enabled for GPU 2 / HCA 1 (distance 4 <= 5), read 0 mode Default
furious-puma-1:127996:129022 [0] NCCL INFO GPU Direct RDMA Enabled for GPU 7 / HCA 0 (distance 4 <= 5), read 0 mode Default
furious-puma-1:128003:129010 [7] NCCL INFO GPU Direct RDMA Enabled for GPU 3 / HCA 1 (distance 4 <= 5), read 0 mode Default
furious-puma-1:127996:129022 [0] NCCL INFO GPU Direct RDMA Enabled for GPU 0 / HCA 1 (distance 4 <= 5), read 0 mode Default
furious-puma-1:128003:129010 [7] NCCL INFO GPU Direct RDMA Enabled for GPU 4 / HCA 1 (distance 4 <= 5), read 0 mode Default
furious-puma-1:127996:129022 [0] NCCL INFO GPU Direct RDMA Enabled for GPU 1 / HCA 1 (distance 4 <= 5), read 0 mode Default
furious-puma-1:128003:129010 [7] NCCL INFO GPU Direct RDMA Enabled for GPU 5 / HCA 1 (distance 4 <= 5), read 0 mode Default
furious-puma-1:127996:129022 [0] NCCL INFO GPU Direct RDMA Enabled for GPU 2 / HCA 1 (distance 4 <= 5), read 0 mode Default
furious-puma-1:128003:129010 [7] NCCL INFO GPU Direct RDMA Enabled for GPU 6 / HCA 1 (distance 4 <= 5), read 0 mode Default
furious-puma-1:127996:129022 [0] NCCL INFO GPU Direct RDMA Enabled for GPU 3 / HCA 1 (distance 4 <= 5), read 0 mode Default
furious-puma-1:128003:129010 [7] NCCL INFO GPU Direct RDMA Enabled for GPU 7 / HCA 1 (distance 4 <= 5), read 0 mode Default
furious-puma-1:127996:129022 [0] NCCL INFO GPU Direct RDMA Enabled for GPU 4 / HCA 1 (distance 4 <= 5), read 0 mode Default
furious-puma-1:128003:129010 [7] NCCL INFO GPU Direct RDMA Enabled for GPU 0 / HCA 2 (distance 4 <= 5), read 0 mode Default
furious-puma-1:127996:129022 [0] NCCL INFO GPU Direct RDMA Enabled for GPU 5 / HCA 1 (distance 4 <= 5), read 0 mode Default
furious-puma-1:128003:129010 [7] NCCL INFO GPU Direct RDMA Enabled for GPU 1 / HCA 2 (distance 4 <= 5), read 0 mode Default
furious-puma-1:127996:129022 [0] NCCL INFO GPU Direct RDMA Enabled for GPU 6 / HCA 1 (distance 4 <= 5), read 0 mode Default
furious-puma-1:128003:129010 [7] NCCL INFO GPU Direct RDMA Enabled for GPU 2 / HCA 2 (distance 4 <= 5), read 0 mode Default
furious-puma-1:127996:129022 [0] NCCL INFO GPU Direct RDMA Enabled for GPU 7 / HCA 1 (distance 4 <= 5), read 0 mode Default
furious-puma-1:128003:129010 [7] NCCL INFO GPU Direct RDMA Enabled for GPU 3 / HCA 2 (distance 4 <= 5), read 0 mode Default
furious-puma-1:127996:129022 [0] NCCL INFO GPU Direct RDMA Enabled for GPU 0 / HCA 2 (distance 4 <= 5), read 0 mode Default
furious-puma-1:128003:129010 [7] NCCL INFO GPU Direct RDMA Enabled for GPU 4 / HCA 2 (distance 4 <= 5), read 0 mode Default
furious-puma-1:128003:129010 [7] NCCL INFO GPU Direct RDMA Enabled for GPU 5 / HCA 2 (distance 4 <= 5), read 0 mode Default
furious-puma-1:127996:129022 [0] NCCL INFO GPU Direct RDMA Enabled for GPU 1 / HCA 2 (distance 4 <= 5), read 0 mode Default
furious-puma-1:128003:129010 [7] NCCL INFO GPU Direct RDMA Enabled for GPU 6 / HCA 2 (distance 4 <= 5), read 0 mode Default
furious-puma-1:127996:129022 [0] NCCL INFO GPU Direct RDMA Enabled for GPU 2 / HCA 2 (distance 4 <= 5), read 0 mode Default
furious-puma-1:128003:129010 [7] NCCL INFO GPU Direct RDMA Enabled for GPU 7 / HCA 2 (distance 4 <= 5), read 0 mode Default
furious-puma-1:127996:129022 [0] NCCL INFO GPU Direct RDMA Enabled for GPU 3 / HCA 2 (distance 4 <= 5), read 0 mode Default
furious-puma-1:128003:129010 [7] NCCL INFO GPU Direct RDMA Enabled for GPU 0 / HCA 3 (distance 4 <= 5), read 0 mode Default
furious-puma-1:127996:129022 [0] NCCL INFO GPU Direct RDMA Enabled for GPU 4 / HCA 2 (distance 4 <= 5), read 0 mode Default
furious-puma-1:128003:129010 [7] NCCL INFO GPU Direct RDMA Enabled for GPU 1 / HCA 3 (distance 4 <= 5), read 0 mode Default
furious-puma-1:127996:129022 [0] NCCL INFO GPU Direct RDMA Enabled for GPU 5 / HCA 2 (distance 4 <= 5), read 0 mode Default
furious-puma-1:128003:129010 [7] NCCL INFO GPU Direct RDMA Enabled for GPU 2 / HCA 3 (distance 4 <= 5), read 0 mode Default
furious-puma-1:127996:129022 [0] NCCL INFO GPU Direct RDMA Enabled for GPU 6 / HCA 2 (distance 4 <= 5), read 0 mode Default
furious-puma-1:128003:129010 [7] NCCL INFO GPU Direct RDMA Enabled for GPU 3 / HCA 3 (distance 4 <= 5), read 0 mode Default
furious-puma-1:127996:129022 [0] NCCL INFO GPU Direct RDMA Enabled for GPU 7 / HCA 2 (distance 4 <= 5), read 0 mode Default
furious-puma-1:128003:129010 [7] NCCL INFO GPU Direct RDMA Enabled for GPU 4 / HCA 3 (distance 4 <= 5), read 0 mode Default
furious-puma-1:127996:129022 [0] NCCL INFO GPU Direct RDMA Enabled for GPU 0 / HCA 3 (distance 4 <= 5), read 0 mode Default
furious-puma-1:128003:129010 [7] NCCL INFO GPU Direct RDMA Enabled for GPU 5 / HCA 3 (distance 4 <= 5), read 0 mode Default
furious-puma-1:127996:129022 [0] NCCL INFO GPU Direct RDMA Enabled for GPU 1 / HCA 3 (distance 4 <= 5), read 0 mode Default
furious-puma-1:128003:129010 [7] NCCL INFO GPU Direct RDMA Enabled for GPU 6 / HCA 3 (distance 4 <= 5), read 0 mode Default
furious-puma-1:127996:129022 [0] NCCL INFO GPU Direct RDMA Enabled for GPU 2 / HCA 3 (distance 4 <= 5), read 0 mode Default
furious-puma-1:128003:129010 [7] NCCL INFO GPU Direct RDMA Enabled for GPU 7 / HCA 3 (distance 4 <= 5), read 0 mode Default
furious-puma-1:127996:129022 [0] NCCL INFO GPU Direct RDMA Enabled for GPU 3 / HCA 3 (distance 4 <= 5), read 0 mode Default
furious-puma-1:128003:129010 [7] NCCL INFO GPU Direct RDMA Enabled for GPU 0 / HCA 4 (distance 4 <= 5), read 0 mode Default
furious-puma-1:127996:129022 [0] NCCL INFO GPU Direct RDMA Enabled for GPU 4 / HCA 3 (distance 4 <= 5), read 0 mode Default
furious-puma-1:128003:129010 [7] NCCL INFO GPU Direct RDMA Enabled for GPU 1 / HCA 4 (distance 4 <= 5), read 0 mode Default
furious-puma-1:127996:129022 [0] NCCL INFO GPU Direct RDMA Enabled for GPU 5 / HCA 3 (distance 4 <= 5), read 0 mode Default
furious-puma-1:128003:129010 [7] NCCL INFO GPU Direct RDMA Enabled for GPU 2 / HCA 4 (distance 4 <= 5), read 0 mode Default
furious-puma-1:127996:129022 [0] NCCL INFO GPU Direct RDMA Enabled for GPU 6 / HCA 3 (distance 4 <= 5), read 0 mode Default
furious-puma-1:128003:129010 [7] NCCL INFO GPU Direct RDMA Enabled for GPU 3 / HCA 4 (distance 4 <= 5), read 0 mode Default
furious-puma-1:127996:129022 [0] NCCL INFO GPU Direct RDMA Enabled for GPU 7 / HCA 3 (distance 4 <= 5), read 0 mode Default
furious-puma-1:128003:129010 [7] NCCL INFO GPU Direct RDMA Enabled for GPU 4 / HCA 4 (distance 4 <= 5), read 0 mode Default
furious-puma-1:127996:129022 [0] NCCL INFO GPU Direct RDMA Enabled for GPU 0 / HCA 4 (distance 4 <= 5), read 0 mode Default
furious-puma-1:128003:129010 [7] NCCL INFO GPU Direct RDMA Enabled for GPU 5 / HCA 4 (distance 4 <= 5), read 0 mode Default
furious-puma-1:128003:129010 [7] NCCL INFO GPU Direct RDMA Enabled for GPU 6 / HCA 4 (distance 4 <= 5), read 0 mode Default
furious-puma-1:127996:129022 [0] NCCL INFO GPU Direct RDMA Enabled for GPU 1 / HCA 4 (distance 4 <= 5), read 0 mode Default
furious-puma-1:127996:129022 [0] NCCL INFO GPU Direct RDMA Enabled for GPU 2 / HCA 4 (distance 4 <= 5), read 0 mode Default
furious-puma-1:128003:129010 [7] NCCL INFO GPU Direct RDMA Enabled for GPU 7 / HCA 4 (distance 4 <= 5), read 0 mode Default
furious-puma-1:127996:129022 [0] NCCL INFO GPU Direct RDMA Enabled for GPU 3 / HCA 4 (distance 4 <= 5), read 0 mode Default
furious-puma-1:128003:129010 [7] NCCL INFO GPU Direct RDMA Enabled for GPU 0 / HCA 5 (distance 4 <= 5), read 0 mode Default
furious-puma-1:127996:129022 [0] NCCL INFO GPU Direct RDMA Enabled for GPU 4 / HCA 4 (distance 4 <= 5), read 0 mode Default
furious-puma-1:128003:129010 [7] NCCL INFO GPU Direct RDMA Enabled for GPU 1 / HCA 5 (distance 4 <= 5), read 0 mode Default
furious-puma-1:128003:129010 [7] NCCL INFO GPU Direct RDMA Enabled for GPU 2 / HCA 5 (distance 4 <= 5), read 0 mode Default
furious-puma-1:127996:129022 [0] NCCL INFO GPU Direct RDMA Enabled for GPU 5 / HCA 4 (distance 4 <= 5), read 0 mode Default
furious-puma-1:127996:129022 [0] NCCL INFO GPU Direct RDMA Enabled for GPU 6 / HCA 4 (distance 4 <= 5), read 0 mode Default
furious-puma-1:128003:129010 [7] NCCL INFO GPU Direct RDMA Enabled for GPU 3 / HCA 5 (distance 4 <= 5), read 0 mode Default
furious-puma-1:127996:129022 [0] NCCL INFO GPU Direct RDMA Enabled for GPU 7 / HCA 4 (distance 4 <= 5), read 0 mode Default
furious-puma-1:128003:129010 [7] NCCL INFO GPU Direct RDMA Enabled for GPU 4 / HCA 5 (distance 4 <= 5), read 0 mode Default
furious-puma-1:127996:129022 [0] NCCL INFO GPU Direct RDMA Enabled for GPU 0 / HCA 5 (distance 4 <= 5), read 0 mode Default
furious-puma-1:128003:129010 [7] NCCL INFO GPU Direct RDMA Enabled for GPU 5 / HCA 5 (distance 4 <= 5), read 0 mode Default
furious-puma-1:127996:129022 [0] NCCL INFO GPU Direct RDMA Enabled for GPU 1 / HCA 5 (distance 4 <= 5), read 0 mode Default
furious-puma-1:128003:129010 [7] NCCL INFO GPU Direct RDMA Enabled for GPU 6 / HCA 5 (distance 4 <= 5), read 0 mode Default
furious-puma-1:127996:129022 [0] NCCL INFO GPU Direct RDMA Enabled for GPU 2 / HCA 5 (distance 4 <= 5), read 0 mode Default
furious-puma-1:128003:129010 [7] NCCL INFO GPU Direct RDMA Enabled for GPU 7 / HCA 5 (distance 4 <= 5), read 0 mode Default
furious-puma-1:127996:129022 [0] NCCL INFO GPU Direct RDMA Enabled for GPU 3 / HCA 5 (distance 4 <= 5), read 0 mode Default
furious-puma-1:128003:129010 [7] NCCL INFO GPU Direct RDMA Enabled for GPU 0 / HCA 6 (distance 4 <= 5), read 0 mode Default
furious-puma-1:127996:129022 [0] NCCL INFO GPU Direct RDMA Enabled for GPU 4 / HCA 5 (distance 4 <= 5), read 0 mode Default
furious-puma-1:128003:129010 [7] NCCL INFO GPU Direct RDMA Enabled for GPU 1 / HCA 6 (distance 4 <= 5), read 0 mode Default
furious-puma-1:127996:129022 [0] NCCL INFO GPU Direct RDMA Enabled for GPU 5 / HCA 5 (distance 4 <= 5), read 0 mode Default
furious-puma-1:128003:129010 [7] NCCL INFO GPU Direct RDMA Enabled for GPU 2 / HCA 6 (distance 4 <= 5), read 0 mode Default
furious-puma-1:127996:129022 [0] NCCL INFO GPU Direct RDMA Enabled for GPU 6 / HCA 5 (distance 4 <= 5), read 0 mode Default
furious-puma-1:128003:129010 [7] NCCL INFO GPU Direct RDMA Enabled for GPU 3 / HCA 6 (distance 4 <= 5), read 0 mode Default
furious-puma-1:127996:129022 [0] NCCL INFO GPU Direct RDMA Enabled for GPU 7 / HCA 5 (distance 4 <= 5), read 0 mode Default
furious-puma-1:128003:129010 [7] NCCL INFO GPU Direct RDMA Enabled for GPU 4 / HCA 6 (distance 4 <= 5), read 0 mode Default
furious-puma-1:127996:129022 [0] NCCL INFO GPU Direct RDMA Enabled for GPU 0 / HCA 6 (distance 4 <= 5), read 0 mode Default
furious-puma-1:128003:129010 [7] NCCL INFO GPU Direct RDMA Enabled for GPU 5 / HCA 6 (distance 4 <= 5), read 0 mode Default
furious-puma-1:127996:129022 [0] NCCL INFO GPU Direct RDMA Enabled for GPU 1 / HCA 6 (distance 4 <= 5), read 0 mode Default
furious-puma-1:128003:129010 [7] NCCL INFO GPU Direct RDMA Enabled for GPU 6 / HCA 6 (distance 4 <= 5), read 0 mode Default
furious-puma-1:127996:129022 [0] NCCL INFO GPU Direct RDMA Enabled for GPU 2 / HCA 6 (distance 4 <= 5), read 0 mode Default
furious-puma-1:128003:129010 [7] NCCL INFO GPU Direct RDMA Enabled for GPU 7 / HCA 6 (distance 4 <= 5), read 0 mode Default
furious-puma-1:127996:129022 [0] NCCL INFO GPU Direct RDMA Enabled for GPU 3 / HCA 6 (distance 4 <= 5), read 0 mode Default
furious-puma-1:128003:129010 [7] NCCL INFO GPU Direct RDMA Enabled for GPU 0 / HCA 7 (distance 4 <= 5), read 0 mode Default
furious-puma-1:127996:129022 [0] NCCL INFO GPU Direct RDMA Enabled for GPU 4 / HCA 6 (distance 4 <= 5), read 0 mode Default
furious-puma-1:128003:129010 [7] NCCL INFO GPU Direct RDMA Enabled for GPU 1 / HCA 7 (distance 4 <= 5), read 0 mode Default
furious-puma-1:127996:129022 [0] NCCL INFO GPU Direct RDMA Enabled for GPU 5 / HCA 6 (distance 4 <= 5), read 0 mode Default
furious-puma-1:128003:129010 [7] NCCL INFO GPU Direct RDMA Enabled for GPU 2 / HCA 7 (distance 4 <= 5), read 0 mode Default
furious-puma-1:127996:129022 [0] NCCL INFO GPU Direct RDMA Enabled for GPU 6 / HCA 6 (distance 4 <= 5), read 0 mode Default
furious-puma-1:128003:129010 [7] NCCL INFO GPU Direct RDMA Enabled for GPU 3 / HCA 7 (distance 4 <= 5), read 0 mode Default
furious-puma-1:127996:129022 [0] NCCL INFO GPU Direct RDMA Enabled for GPU 7 / HCA 6 (distance 4 <= 5), read 0 mode Default
furious-puma-1:128003:129010 [7] NCCL INFO GPU Direct RDMA Enabled for GPU 4 / HCA 7 (distance 4 <= 5), read 0 mode Default
furious-puma-1:128003:129010 [7] NCCL INFO GPU Direct RDMA Enabled for GPU 5 / HCA 7 (distance 4 <= 5), read 0 mode Default
furious-puma-1:128003:129010 [7] NCCL INFO GPU Direct RDMA Enabled for GPU 6 / HCA 7 (distance 4 <= 5), read 0 mode Default
furious-puma-1:128003:129010 [7] NCCL INFO GPU Direct RDMA Enabled for GPU 7 / HCA 7 (distance 4 <= 5), read 0 mode Default
furious-puma-1:127996:129022 [0] NCCL INFO GPU Direct RDMA Enabled for GPU 0 / HCA 7 (distance 4 <= 5), read 0 mode Default
furious-puma-1:127996:129022 [0] NCCL INFO GPU Direct RDMA Enabled for GPU 1 / HCA 7 (distance 4 <= 5), read 0 mode Default
furious-puma-1:127996:129022 [0] NCCL INFO GPU Direct RDMA Enabled for GPU 2 / HCA 7 (distance 4 <= 5), read 0 mode Default
furious-puma-1:127996:129022 [0] NCCL INFO GPU Direct RDMA Enabled for GPU 3 / HCA 7 (distance 4 <= 5), read 0 mode Default
furious-puma-1:127996:129022 [0] NCCL INFO GPU Direct RDMA Enabled for GPU 4 / HCA 7 (distance 4 <= 5), read 0 mode Default
furious-puma-1:127996:129022 [0] NCCL INFO GPU Direct RDMA Enabled for GPU 5 / HCA 7 (distance 4 <= 5), read 0 mode Default
furious-puma-1:127996:129022 [0] NCCL INFO GPU Direct RDMA Enabled for GPU 6 / HCA 7 (distance 4 <= 5), read 0 mode Default
furious-puma-1:127996:129022 [0] NCCL INFO GPU Direct RDMA Enabled for GPU 7 / HCA 7 (distance 4 <= 5), read 0 mode Default
furious-puma-1:127997:129033 [1] NCCL INFO GPU Direct RDMA Enabled for GPU 0 / HCA 0 (distance 4 <= 5), read 0 mode Default
furious-puma-1:127997:129033 [1] NCCL INFO GPU Direct RDMA Enabled for GPU 1 / HCA 0 (distance 4 <= 5), read 0 mode Default
furious-puma-1:127997:129033 [1] NCCL INFO GPU Direct RDMA Enabled for GPU 2 / HCA 0 (distance 4 <= 5), read 0 mode Default
furious-puma-1:127997:129033 [1] NCCL INFO GPU Direct RDMA Enabled for GPU 3 / HCA 0 (distance 4 <= 5), read 0 mode Default
furious-puma-1:127997:129033 [1] NCCL INFO GPU Direct RDMA Enabled for GPU 4 / HCA 0 (distance 4 <= 5), read 0 mode Default
furious-puma-1:127997:129033 [1] NCCL INFO GPU Direct RDMA Enabled for GPU 5 / HCA 0 (distance 4 <= 5), read 0 mode Default
furious-puma-1:127997:129033 [1] NCCL INFO GPU Direct RDMA Enabled for GPU 6 / HCA 0 (distance 4 <= 5), read 0 mode Default
furious-puma-1:127997:129033 [1] NCCL INFO GPU Direct RDMA Enabled for GPU 7 / HCA 0 (distance 4 <= 5), read 0 mode Default
furious-puma-1:127997:129033 [1] NCCL INFO GPU Direct RDMA Enabled for GPU 0 / HCA 1 (distance 4 <= 5), read 0 mode Default
furious-puma-1:127997:129033 [1] NCCL INFO GPU Direct RDMA Enabled for GPU 1 / HCA 1 (distance 4 <= 5), read 0 mode Default
furious-puma-1:127997:129033 [1] NCCL INFO GPU Direct RDMA Enabled for GPU 2 / HCA 1 (distance 4 <= 5), read 0 mode Default
furious-puma-1:127997:129033 [1] NCCL INFO GPU Direct RDMA Enabled for GPU 3 / HCA 1 (distance 4 <= 5), read 0 mode Default
furious-puma-1:127997:129033 [1] NCCL INFO GPU Direct RDMA Enabled for GPU 4 / HCA 1 (distance 4 <= 5), read 0 mode Default
furious-puma-1:127997:129033 [1] NCCL INFO GPU Direct RDMA Enabled for GPU 5 / HCA 1 (distance 4 <= 5), read 0 mode Default
furious-puma-1:127997:129033 [1] NCCL INFO GPU Direct RDMA Enabled for GPU 6 / HCA 1 (distance 4 <= 5), read 0 mode Default
furious-puma-1:127997:129033 [1] NCCL INFO GPU Direct RDMA Enabled for GPU 7 / HCA 1 (distance 4 <= 5), read 0 mode Default
furious-puma-1:127997:129033 [1] NCCL INFO GPU Direct RDMA Enabled for GPU 0 / HCA 2 (distance 4 <= 5), read 0 mode Default
furious-puma-1:127997:129033 [1] NCCL INFO GPU Direct RDMA Enabled for GPU 1 / HCA 2 (distance 4 <= 5), read 0 mode Default
furious-puma-1:127997:129033 [1] NCCL INFO GPU Direct RDMA Enabled for GPU 2 / HCA 2 (distance 4 <= 5), read 0 mode Default
furious-puma-1:127997:129033 [1] NCCL INFO GPU Direct RDMA Enabled for GPU 3 / HCA 2 (distance 4 <= 5), read 0 mode Default
furious-puma-1:127997:129033 [1] NCCL INFO GPU Direct RDMA Enabled for GPU 4 / HCA 2 (distance 4 <= 5), read 0 mode Default
furious-puma-1:127997:129033 [1] NCCL INFO GPU Direct RDMA Enabled for GPU 5 / HCA 2 (distance 4 <= 5), read 0 mode Default
furious-puma-1:127997:129033 [1] NCCL INFO GPU Direct RDMA Enabled for GPU 6 / HCA 2 (distance 4 <= 5), read 0 mode Default
furious-puma-1:128003:129010 [7] NCCL INFO === System : maxBw 370.8 totalBw 370.8 ===
furious-puma-1:127997:129033 [1] NCCL INFO GPU Direct RDMA Enabled for GPU 7 / HCA 2 (distance 4 <= 5), read 0 mode Default
furious-puma-1:128003:129010 [7] NCCL INFO CPU/0-0 (1/1/3)
furious-puma-1:127997:129033 [1] NCCL INFO GPU Direct RDMA Enabled for GPU 0 / HCA 3 (distance 4 <= 5), read 0 mode Default
furious-puma-1:127997:129033 [1] NCCL INFO GPU Direct RDMA Enabled for GPU 1 / HCA 3 (distance 4 <= 5), read 0 mode Default
furious-puma-1:128003:129010 [7] NCCL INFO + PCI[48.0] - PCI/0-ffffff010 (0)
furious-puma-1:127997:129033 [1] NCCL INFO GPU Direct RDMA Enabled for GPU 2 / HCA 3 (distance 4 <= 5), read 0 mode Default
furious-puma-1:128003:129010 [7] NCCL INFO               + PCI[48.0] - GPU/0-7f000 (0)
furious-puma-1:127997:129033 [1] NCCL INFO GPU Direct RDMA Enabled for GPU 3 / HCA 3 (distance 4 <= 5), read 0 mode Default
furious-puma-1:128003:129010 [7] NCCL INFO                             + NVL[370.8] - NVS/0-0
furious-puma-1:128003:129010 [7] NCCL INFO               + PCI[48.0] - NIC/0-80000
furious-puma-1:127997:129033 [1] NCCL INFO GPU Direct RDMA Enabled for GPU 4 / HCA 3 (distance 4 <= 5), read 0 mode Default
furious-puma-1:128003:129010 [7] NCCL INFO + PCI[48.0] - PCI/0-ffffff020 (0)
furious-puma-1:127997:129033 [1] NCCL INFO GPU Direct RDMA Enabled for GPU 5 / HCA 3 (distance 4 <= 5), read 0 mode Default
furious-puma-1:128003:129010 [7] NCCL INFO               + PCI[48.0] - NIC/0-90000
furious-puma-1:128003:129010 [7] NCCL INFO               + PCI[48.0] - GPU/0-8f000 (1)
furious-puma-1:127997:129033 [1] NCCL INFO GPU Direct RDMA Enabled for GPU 6 / HCA 3 (distance 4 <= 5), read 0 mode Default
furious-puma-1:128003:129010 [7] NCCL INFO                             + NVL[370.8] - NVS/0-0
furious-puma-1:127997:129033 [1] NCCL INFO GPU Direct RDMA Enabled for GPU 7 / HCA 3 (distance 4 <= 5), read 0 mode Default
furious-puma-1:128003:129010 [7] NCCL INFO + PCI[48.0] - PCI/0-ffffff030 (0)
furious-puma-1:128003:129010 [7] NCCL INFO               + PCI[48.0] - NIC/0-a0000
furious-puma-1:127997:129033 [1] NCCL INFO GPU Direct RDMA Enabled for GPU 0 / HCA 4 (distance 4 <= 5), read 0 mode Default
furious-puma-1:128003:129010 [7] NCCL INFO               + PCI[48.0] - GPU/0-9f000 (2)
furious-puma-1:128003:129010 [7] NCCL INFO                             + NVL[370.8] - NVS/0-0
furious-puma-1:127997:129033 [1] NCCL INFO GPU Direct RDMA Enabled for GPU 1 / HCA 4 (distance 4 <= 5), read 0 mode Default
furious-puma-1:128003:129010 [7] NCCL INFO + PCI[48.0] - PCI/0-ffffff040 (0)
furious-puma-1:128003:129010 [7] NCCL INFO               + PCI[48.0] - NIC/0-b0000
furious-puma-1:127997:129033 [1] NCCL INFO GPU Direct RDMA Enabled for GPU 2 / HCA 4 (distance 4 <= 5), read 0 mode Default
furious-puma-1:128003:129010 [7] NCCL INFO               + PCI[48.0] - GPU/0-af000 (3)
furious-puma-1:127997:129033 [1] NCCL INFO GPU Direct RDMA Enabled for GPU 3 / HCA 4 (distance 4 <= 5), read 0 mode Default
furious-puma-1:128003:129010 [7] NCCL INFO                             + NVL[370.8] - NVS/0-0
furious-puma-1:128003:129010 [7] NCCL INFO + SYS[22.0] - CPU/0-1
furious-puma-1:127997:129033 [1] NCCL INFO GPU Direct RDMA Enabled for GPU 4 / HCA 4 (distance 4 <= 5), read 0 mode Default
furious-puma-1:128003:129010 [7] NCCL INFO CPU/0-1 (1/1/3)
furious-puma-1:127997:129033 [1] NCCL INFO GPU Direct RDMA Enabled for GPU 5 / HCA 4 (distance 4 <= 5), read 0 mode Default
furious-puma-1:128003:129010 [7] NCCL INFO + PCI[48.0] - PCI/0-ffffff050 (0)
furious-puma-1:128003:129010 [7] NCCL INFO               + PCI[48.0] - NIC/0-c0000
furious-puma-1:127997:129033 [1] NCCL INFO GPU Direct RDMA Enabled for GPU 6 / HCA 4 (distance 4 <= 5), read 0 mode Default
furious-puma-1:128003:129010 [7] NCCL INFO               + PCI[48.0] - GPU/0-bf000 (4)
furious-puma-1:128003:129010 [7] NCCL INFO                             + NVL[370.8] - NVS/0-0
furious-puma-1:127997:129033 [1] NCCL INFO GPU Direct RDMA Enabled for GPU 7 / HCA 4 (distance 4 <= 5), read 0 mode Default
furious-puma-1:128003:129010 [7] NCCL INFO + PCI[48.0] - PCI/0-ffffff060 (0)
furious-puma-1:128003:129010 [7] NCCL INFO               + PCI[48.0] - NIC/0-d0000
furious-puma-1:127997:129033 [1] NCCL INFO GPU Direct RDMA Enabled for GPU 0 / HCA 5 (distance 4 <= 5), read 0 mode Default
furious-puma-1:128003:129010 [7] NCCL INFO               + PCI[48.0] - GPU/0-cf000 (5)
furious-puma-1:127997:129033 [1] NCCL INFO GPU Direct RDMA Enabled for GPU 1 / HCA 5 (distance 4 <= 5), read 0 mode Default
furious-puma-1:128003:129010 [7] NCCL INFO                             + NVL[370.8] - NVS/0-0
furious-puma-1:128003:129010 [7] NCCL INFO + PCI[48.0] - PCI/0-ffffff070 (0)
furious-puma-1:127997:129033 [1] NCCL INFO GPU Direct RDMA Enabled for GPU 2 / HCA 5 (distance 4 <= 5), read 0 mode Default
furious-puma-1:128003:129010 [7] NCCL INFO               + PCI[48.0] - NIC/0-e0000
furious-puma-1:128003:129010 [7] NCCL INFO               + PCI[48.0] - GPU/0-df000 (6)
furious-puma-1:127997:129033 [1] NCCL INFO GPU Direct RDMA Enabled for GPU 3 / HCA 5 (distance 4 <= 5), read 0 mode Default
furious-puma-1:128003:129010 [7] NCCL INFO                             + NVL[370.8] - NVS/0-0
furious-puma-1:128003:129010 [7] NCCL INFO + PCI[48.0] - PCI/0-ffffff080 (0)
furious-puma-1:127997:129033 [1] NCCL INFO GPU Direct RDMA Enabled for GPU 4 / HCA 5 (distance 4 <= 5), read 0 mode Default
furious-puma-1:128003:129010 [7] NCCL INFO               + PCI[48.0] - NIC/0-f0000
furious-puma-1:127997:129033 [1] NCCL INFO GPU Direct RDMA Enabled for GPU 5 / HCA 5 (distance 4 <= 5), read 0 mode Default
furious-puma-1:128003:129010 [7] NCCL INFO               + PCI[48.0] - GPU/0-ef000 (7)
furious-puma-1:128003:129010 [7] NCCL INFO                             + NVL[370.8] - NVS/0-0
furious-puma-1:127997:129033 [1] NCCL INFO GPU Direct RDMA Enabled for GPU 6 / HCA 5 (distance 4 <= 5), read 0 mode Default
furious-puma-1:128003:129010 [7] NCCL INFO + SYS[22.0] - CPU/0-0
furious-puma-1:128003:129010 [7] NCCL INFO ==========================================
furious-puma-1:127997:129033 [1] NCCL INFO GPU Direct RDMA Enabled for GPU 7 / HCA 5 (distance 4 <= 5), read 0 mode Default
furious-puma-1:127997:129033 [1] NCCL INFO GPU Direct RDMA Enabled for GPU 0 / HCA 6 (distance 4 <= 5), read 0 mode Default
furious-puma-1:127997:129033 [1] NCCL INFO GPU Direct RDMA Enabled for GPU 1 / HCA 6 (distance 4 <= 5), read 0 mode Default
furious-puma-1:127997:129033 [1] NCCL INFO GPU Direct RDMA Enabled for GPU 2 / HCA 6 (distance 4 <= 5), read 0 mode Default
furious-puma-1:128003:129010 [7] NCCL INFO GPU/0-7f000 :GPU/0-7f000 (0/5000.0/LOC) GPU/0-8f000 (2/370.8/NVL) GPU/0-9f000 (2/370.8/NVL) GPU/0-af000 (2/370.8/NVL) GPU/0-bf000 (2/370.8/NVL) GPU/0-cf000 (2/370.8/NVL) GPU/0-df000 (2/370.8/NVL) GPU/0-ef000 (2/370.8/NVL) NVS/0-0 (1/370.8/NVL) CPU/0-0 (2/48.0/PHB) CPU/0-1 (3/22.0/SYS) 
furious-puma-1:127997:129033 [1] NCCL INFO GPU Direct RDMA Enabled for GPU 3 / HCA 6 (distance 4 <= 5), read 0 mode Default
furious-puma-1:127997:129033 [1] NCCL INFO GPU Direct RDMA Enabled for GPU 4 / HCA 6 (distance 4 <= 5), read 0 mode Default
furious-puma-1:127997:129033 [1] NCCL INFO GPU Direct RDMA Enabled for GPU 5 / HCA 6 (distance 4 <= 5), read 0 mode Default
furious-puma-1:128003:129010 [7] NCCL INFO GPU/0-8f000 :GPU/0-7f000 (2/370.8/NVL) GPU/0-8f000 (0/5000.0/LOC) GPU/0-9f000 (2/370.8/NVL) GPU/0-af000 (2/370.8/NVL) GPU/0-bf000 (2/370.8/NVL) GPU/0-cf000 (2/370.8/NVL) GPU/0-df000 (2/370.8/NVL) GPU/0-ef000 (2/370.8/NVL) NVS/0-0 (1/370.8/NVL) CPU/0-0 (2/48.0/PHB) CPU/0-1 (3/22.0/SYS) 
furious-puma-1:127997:129033 [1] NCCL INFO GPU Direct RDMA Enabled for GPU 6 / HCA 6 (distance 4 <= 5), read 0 mode Default
furious-puma-1:127997:129033 [1] NCCL INFO GPU Direct RDMA Enabled for GPU 7 / HCA 6 (distance 4 <= 5), read 0 mode Default
furious-puma-1:127997:129033 [1] NCCL INFO GPU Direct RDMA Enabled for GPU 0 / HCA 7 (distance 4 <= 5), read 0 mode Default
furious-puma-1:128003:129010 [7] NCCL INFO GPU/0-9f000 :GPU/0-7f000 (2/370.8/NVL) GPU/0-8f000 (2/370.8/NVL) GPU/0-9f000 (0/5000.0/LOC) GPU/0-af000 (2/370.8/NVL) GPU/0-bf000 (2/370.8/NVL) GPU/0-cf000 (2/370.8/NVL) GPU/0-df000 (2/370.8/NVL) GPU/0-ef000 (2/370.8/NVL) NVS/0-0 (1/370.8/NVL) CPU/0-0 (2/48.0/PHB) CPU/0-1 (3/22.0/SYS) 
furious-puma-1:127997:129033 [1] NCCL INFO GPU Direct RDMA Enabled for GPU 1 / HCA 7 (distance 4 <= 5), read 0 mode Default
furious-puma-1:127997:129033 [1] NCCL INFO GPU Direct RDMA Enabled for GPU 2 / HCA 7 (distance 4 <= 5), read 0 mode Default
furious-puma-1:127997:129033 [1] NCCL INFO GPU Direct RDMA Enabled for GPU 3 / HCA 7 (distance 4 <= 5), read 0 mode Default
furious-puma-1:128003:129010 [7] NCCL INFO GPU/0-af000 :GPU/0-7f000 (2/370.8/NVL) GPU/0-8f000 (2/370.8/NVL) GPU/0-9f000 (2/370.8/NVL) GPU/0-af000 (0/5000.0/LOC) GPU/0-bf000 (2/370.8/NVL) GPU/0-cf000 (2/370.8/NVL) GPU/0-df000 (2/370.8/NVL) GPU/0-ef000 (2/370.8/NVL) NVS/0-0 (1/370.8/NVL) CPU/0-0 (2/48.0/PHB) CPU/0-1 (3/22.0/SYS) 
furious-puma-1:127997:129033 [1] NCCL INFO GPU Direct RDMA Enabled for GPU 4 / HCA 7 (distance 4 <= 5), read 0 mode Default
furious-puma-1:127997:129033 [1] NCCL INFO GPU Direct RDMA Enabled for GPU 5 / HCA 7 (distance 4 <= 5), read 0 mode Default
furious-puma-1:127997:129033 [1] NCCL INFO GPU Direct RDMA Enabled for GPU 6 / HCA 7 (distance 4 <= 5), read 0 mode Default
furious-puma-1:128003:129010 [7] NCCL INFO GPU/0-bf000 :GPU/0-7f000 (2/370.8/NVL) GPU/0-8f000 (2/370.8/NVL) GPU/0-9f000 (2/370.8/NVL) GPU/0-af000 (2/370.8/NVL) GPU/0-bf000 (0/5000.0/LOC) GPU/0-cf000 (2/370.8/NVL) GPU/0-df000 (2/370.8/NVL) GPU/0-ef000 (2/370.8/NVL) NVS/0-0 (1/370.8/NVL) CPU/0-0 (3/22.0/SYS) CPU/0-1 (2/48.0/PHB) 
furious-puma-1:127996:129022 [0] NCCL INFO === System : maxBw 370.8 totalBw 370.8 ===
furious-puma-1:127997:129033 [1] NCCL INFO GPU Direct RDMA Enabled for GPU 7 / HCA 7 (distance 4 <= 5), read 0 mode Default
furious-puma-1:127996:129022 [0] NCCL INFO CPU/0-0 (1/1/3)
furious-puma-1:128003:129010 [7] NCCL INFO GPU/0-cf000 :GPU/0-7f000 (2/370.8/NVL) GPU/0-8f000 (2/370.8/NVL) GPU/0-9f000 (2/370.8/NVL) GPU/0-af000 (2/370.8/NVL) GPU/0-bf000 (2/370.8/NVL) GPU/0-cf000 (0/5000.0/LOC) GPU/0-df000 (2/370.8/NVL) GPU/0-ef000 (2/370.8/NVL) NVS/0-0 (1/370.8/NVL) CPU/0-0 (3/22.0/SYS) CPU/0-1 (2/48.0/PHB) 
furious-puma-1:127996:129022 [0] NCCL INFO + PCI[48.0] - PCI/0-ffffff010 (0)
furious-puma-1:127996:129022 [0] NCCL INFO               + PCI[48.0] - GPU/0-7f000 (0)
furious-puma-1:127996:129022 [0] NCCL INFO                             + NVL[370.8] - NVS/0-0
furious-puma-1:127996:129022 [0] NCCL INFO               + PCI[48.0] - NIC/0-80000
furious-puma-1:128003:129010 [7] NCCL INFO GPU/0-df000 :GPU/0-7f000 (2/370.8/NVL) GPU/0-8f000 (2/370.8/NVL) GPU/0-9f000 (2/370.8/NVL) GPU/0-af000 (2/370.8/NVL) GPU/0-bf000 (2/370.8/NVL) GPU/0-cf000 (2/370.8/NVL) GPU/0-df000 (0/5000.0/LOC) GPU/0-ef000 (2/370.8/NVL) NVS/0-0 (1/370.8/NVL) CPU/0-0 (3/22.0/SYS) CPU/0-1 (2/48.0/PHB) 
furious-puma-1:127996:129022 [0] NCCL INFO + PCI[48.0] - PCI/0-ffffff020 (0)
furious-puma-1:127996:129022 [0] NCCL INFO               + PCI[48.0] - NIC/0-90000
furious-puma-1:127996:129022 [0] NCCL INFO               + PCI[48.0] - GPU/0-8f000 (1)
furious-puma-1:127996:129022 [0] NCCL INFO                             + NVL[370.8] - NVS/0-0
furious-puma-1:127996:129022 [0] NCCL INFO + PCI[48.0] - PCI/0-ffffff030 (0)
furious-puma-1:128003:129010 [7] NCCL INFO GPU/0-ef000 :GPU/0-7f000 (2/370.8/NVL) GPU/0-8f000 (2/370.8/NVL) GPU/0-9f000 (2/370.8/NVL) GPU/0-af000 (2/370.8/NVL) GPU/0-bf000 (2/370.8/NVL) GPU/0-cf000 (2/370.8/NVL) GPU/0-df000 (2/370.8/NVL) GPU/0-ef000 (0/5000.0/LOC) NVS/0-0 (1/370.8/NVL) CPU/0-0 (3/22.0/SYS) CPU/0-1 (2/48.0/PHB) 
furious-puma-1:127996:129022 [0] NCCL INFO               + PCI[48.0] - NIC/0-a0000
furious-puma-1:127996:129022 [0] NCCL INFO               + PCI[48.0] - GPU/0-9f000 (2)
furious-puma-1:127996:129022 [0] NCCL INFO                             + NVL[370.8] - NVS/0-0
furious-puma-1:127996:129022 [0] NCCL INFO + PCI[48.0] - PCI/0-ffffff040 (0)
furious-puma-1:127996:129022 [0] NCCL INFO               + PCI[48.0] - NIC/0-b0000
furious-puma-1:128003:129010 [7] NCCL INFO Setting affinity for GPU 7 to 80-159
furious-puma-1:127996:129022 [0] NCCL INFO               + PCI[48.0] - GPU/0-af000 (3)
furious-puma-1:127996:129022 [0] NCCL INFO                             + NVL[370.8] - NVS/0-0
furious-puma-1:127996:129022 [0] NCCL INFO + SYS[22.0] - CPU/0-1
furious-puma-1:127996:129022 [0] NCCL INFO CPU/0-1 (1/1/3)
furious-puma-1:127996:129022 [0] NCCL INFO + PCI[48.0] - PCI/0-ffffff050 (0)
furious-puma-1:127996:129022 [0] NCCL INFO               + PCI[48.0] - NIC/0-c0000
furious-puma-1:127996:129022 [0] NCCL INFO               + PCI[48.0] - GPU/0-bf000 (4)
furious-puma-1:127996:129022 [0] NCCL INFO                             + NVL[370.8] - NVS/0-0
furious-puma-1:127996:129022 [0] NCCL INFO + PCI[48.0] - PCI/0-ffffff060 (0)
furious-puma-1:127996:129022 [0] NCCL INFO               + PCI[48.0] - NIC/0-d0000
furious-puma-1:127996:129022 [0] NCCL INFO               + PCI[48.0] - GPU/0-cf000 (5)
furious-puma-1:127996:129022 [0] NCCL INFO                             + NVL[370.8] - NVS/0-0
furious-puma-1:127996:129022 [0] NCCL INFO + PCI[48.0] - PCI/0-ffffff070 (0)
furious-puma-1:127996:129022 [0] NCCL INFO               + PCI[48.0] - NIC/0-e0000
furious-puma-1:127996:129022 [0] NCCL INFO               + PCI[48.0] - GPU/0-df000 (6)
furious-puma-1:127996:129022 [0] NCCL INFO                             + NVL[370.8] - NVS/0-0
furious-puma-1:127996:129022 [0] NCCL INFO + PCI[48.0] - PCI/0-ffffff080 (0)
furious-puma-1:127996:129022 [0] NCCL INFO               + PCI[48.0] - NIC/0-f0000
furious-puma-1:127996:129022 [0] NCCL INFO               + PCI[48.0] - GPU/0-ef000 (7)
furious-puma-1:127996:129022 [0] NCCL INFO                             + NVL[370.8] - NVS/0-0
furious-puma-1:127996:129022 [0] NCCL INFO + SYS[22.0] - CPU/0-0
furious-puma-1:127996:129022 [0] NCCL INFO ==========================================
furious-puma-1:127996:129022 [0] NCCL INFO GPU/0-7f000 :GPU/0-7f000 (0/5000.0/LOC) GPU/0-8f000 (2/370.8/NVL) GPU/0-9f000 (2/370.8/NVL) GPU/0-af000 (2/370.8/NVL) GPU/0-bf000 (2/370.8/NVL) GPU/0-cf000 (2/370.8/NVL) GPU/0-df000 (2/370.8/NVL) GPU/0-ef000 (2/370.8/NVL) NVS/0-0 (1/370.8/NVL) CPU/0-0 (2/48.0/PHB) CPU/0-1 (3/22.0/SYS) 
furious-puma-1:127996:129022 [0] NCCL INFO GPU/0-8f000 :GPU/0-7f000 (2/370.8/NVL) GPU/0-8f000 (0/5000.0/LOC) GPU/0-9f000 (2/370.8/NVL) GPU/0-af000 (2/370.8/NVL) GPU/0-bf000 (2/370.8/NVL) GPU/0-cf000 (2/370.8/NVL) GPU/0-df000 (2/370.8/NVL) GPU/0-ef000 (2/370.8/NVL) NVS/0-0 (1/370.8/NVL) CPU/0-0 (2/48.0/PHB) CPU/0-1 (3/22.0/SYS) 
furious-puma-1:127996:129022 [0] NCCL INFO GPU/0-9f000 :GPU/0-7f000 (2/370.8/NVL) GPU/0-8f000 (2/370.8/NVL) GPU/0-9f000 (0/5000.0/LOC) GPU/0-af000 (2/370.8/NVL) GPU/0-bf000 (2/370.8/NVL) GPU/0-cf000 (2/370.8/NVL) GPU/0-df000 (2/370.8/NVL) GPU/0-ef000 (2/370.8/NVL) NVS/0-0 (1/370.8/NVL) CPU/0-0 (2/48.0/PHB) CPU/0-1 (3/22.0/SYS) 
furious-puma-1:127996:129022 [0] NCCL INFO GPU/0-af000 :GPU/0-7f000 (2/370.8/NVL) GPU/0-8f000 (2/370.8/NVL) GPU/0-9f000 (2/370.8/NVL) GPU/0-af000 (0/5000.0/LOC) GPU/0-bf000 (2/370.8/NVL) GPU/0-cf000 (2/370.8/NVL) GPU/0-df000 (2/370.8/NVL) GPU/0-ef000 (2/370.8/NVL) NVS/0-0 (1/370.8/NVL) CPU/0-0 (2/48.0/PHB) CPU/0-1 (3/22.0/SYS) 
furious-puma-1:127996:129022 [0] NCCL INFO GPU/0-bf000 :GPU/0-7f000 (2/370.8/NVL) GPU/0-8f000 (2/370.8/NVL) GPU/0-9f000 (2/370.8/NVL) GPU/0-af000 (2/370.8/NVL) GPU/0-bf000 (0/5000.0/LOC) GPU/0-cf000 (2/370.8/NVL) GPU/0-df000 (2/370.8/NVL) GPU/0-ef000 (2/370.8/NVL) NVS/0-0 (1/370.8/NVL) CPU/0-0 (3/22.0/SYS) CPU/0-1 (2/48.0/PHB) 
furious-puma-1:127996:129022 [0] NCCL INFO GPU/0-cf000 :GPU/0-7f000 (2/370.8/NVL) GPU/0-8f000 (2/370.8/NVL) GPU/0-9f000 (2/370.8/NVL) GPU/0-af000 (2/370.8/NVL) GPU/0-bf000 (2/370.8/NVL) GPU/0-cf000 (0/5000.0/LOC) GPU/0-df000 (2/370.8/NVL) GPU/0-ef000 (2/370.8/NVL) NVS/0-0 (1/370.8/NVL) CPU/0-0 (3/22.0/SYS) CPU/0-1 (2/48.0/PHB) 
furious-puma-1:127996:129022 [0] NCCL INFO GPU/0-df000 :GPU/0-7f000 (2/370.8/NVL) GPU/0-8f000 (2/370.8/NVL) GPU/0-9f000 (2/370.8/NVL) GPU/0-af000 (2/370.8/NVL) GPU/0-bf000 (2/370.8/NVL) GPU/0-cf000 (2/370.8/NVL) GPU/0-df000 (0/5000.0/LOC) GPU/0-ef000 (2/370.8/NVL) NVS/0-0 (1/370.8/NVL) CPU/0-0 (3/22.0/SYS) CPU/0-1 (2/48.0/PHB) 
furious-puma-1:127996:129022 [0] NCCL INFO GPU/0-ef000 :GPU/0-7f000 (2/370.8/NVL) GPU/0-8f000 (2/370.8/NVL) GPU/0-9f000 (2/370.8/NVL) GPU/0-af000 (2/370.8/NVL) GPU/0-bf000 (2/370.8/NVL) GPU/0-cf000 (2/370.8/NVL) GPU/0-df000 (2/370.8/NVL) GPU/0-ef000 (0/5000.0/LOC) NVS/0-0 (1/370.8/NVL) CPU/0-0 (3/22.0/SYS) CPU/0-1 (2/48.0/PHB) 
furious-puma-1:127996:129022 [0] NCCL INFO Setting affinity for GPU 0 to 0-79
furious-puma-1:127996:129022 [0] NCCL INFO NVLS multicast support is available on dev 0 (NVLS_NCHANNELS 16)
furious-puma-1:128003:129010 [7] NCCL INFO NVLS multicast support is available on dev 7 (NVLS_NCHANNELS 16)
furious-puma-1:128002:129019 [6] NCCL INFO GPU Direct RDMA Enabled for GPU 0 / HCA 0 (distance 4 <= 5), read 0 mode Default
furious-puma-1:128002:129019 [6] NCCL INFO GPU Direct RDMA Enabled for GPU 1 / HCA 0 (distance 4 <= 5), read 0 mode Default
furious-puma-1:128002:129019 [6] NCCL INFO GPU Direct RDMA Enabled for GPU 2 / HCA 0 (distance 4 <= 5), read 0 mode Default
furious-puma-1:128002:129019 [6] NCCL INFO GPU Direct RDMA Enabled for GPU 3 / HCA 0 (distance 4 <= 5), read 0 mode Default
furious-puma-1:128002:129019 [6] NCCL INFO GPU Direct RDMA Enabled for GPU 4 / HCA 0 (distance 4 <= 5), read 0 mode Default
furious-puma-1:128002:129019 [6] NCCL INFO GPU Direct RDMA Enabled for GPU 5 / HCA 0 (distance 4 <= 5), read 0 mode Default
furious-puma-1:128002:129019 [6] NCCL INFO GPU Direct RDMA Enabled for GPU 6 / HCA 0 (distance 4 <= 5), read 0 mode Default
furious-puma-1:128002:129019 [6] NCCL INFO GPU Direct RDMA Enabled for GPU 7 / HCA 0 (distance 4 <= 5), read 0 mode Default
furious-puma-1:128002:129019 [6] NCCL INFO GPU Direct RDMA Enabled for GPU 0 / HCA 1 (distance 4 <= 5), read 0 mode Default
furious-puma-1:128002:129019 [6] NCCL INFO GPU Direct RDMA Enabled for GPU 1 / HCA 1 (distance 4 <= 5), read 0 mode Default
furious-puma-1:128002:129019 [6] NCCL INFO GPU Direct RDMA Enabled for GPU 2 / HCA 1 (distance 4 <= 5), read 0 mode Default
furious-puma-1:128002:129019 [6] NCCL INFO GPU Direct RDMA Enabled for GPU 3 / HCA 1 (distance 4 <= 5), read 0 mode Default
furious-puma-1:128002:129019 [6] NCCL INFO GPU Direct RDMA Enabled for GPU 4 / HCA 1 (distance 4 <= 5), read 0 mode Default
furious-puma-1:128002:129019 [6] NCCL INFO GPU Direct RDMA Enabled for GPU 5 / HCA 1 (distance 4 <= 5), read 0 mode Default
furious-puma-1:128002:129019 [6] NCCL INFO GPU Direct RDMA Enabled for GPU 6 / HCA 1 (distance 4 <= 5), read 0 mode Default
furious-puma-1:128002:129019 [6] NCCL INFO GPU Direct RDMA Enabled for GPU 7 / HCA 1 (distance 4 <= 5), read 0 mode Default
furious-puma-1:128002:129019 [6] NCCL INFO GPU Direct RDMA Enabled for GPU 0 / HCA 2 (distance 4 <= 5), read 0 mode Default
furious-puma-1:128002:129019 [6] NCCL INFO GPU Direct RDMA Enabled for GPU 1 / HCA 2 (distance 4 <= 5), read 0 mode Default
furious-puma-1:128002:129019 [6] NCCL INFO GPU Direct RDMA Enabled for GPU 2 / HCA 2 (distance 4 <= 5), read 0 mode Default
furious-puma-1:128002:129019 [6] NCCL INFO GPU Direct RDMA Enabled for GPU 3 / HCA 2 (distance 4 <= 5), read 0 mode Default
furious-puma-1:128002:129019 [6] NCCL INFO GPU Direct RDMA Enabled for GPU 4 / HCA 2 (distance 4 <= 5), read 0 mode Default
furious-puma-1:128002:129019 [6] NCCL INFO GPU Direct RDMA Enabled for GPU 5 / HCA 2 (distance 4 <= 5), read 0 mode Default
furious-puma-1:128002:129019 [6] NCCL INFO GPU Direct RDMA Enabled for GPU 6 / HCA 2 (distance 4 <= 5), read 0 mode Default
furious-puma-1:128002:129019 [6] NCCL INFO GPU Direct RDMA Enabled for GPU 7 / HCA 2 (distance 4 <= 5), read 0 mode Default
furious-puma-1:128002:129019 [6] NCCL INFO GPU Direct RDMA Enabled for GPU 0 / HCA 3 (distance 4 <= 5), read 0 mode Default
furious-puma-1:128002:129019 [6] NCCL INFO GPU Direct RDMA Enabled for GPU 1 / HCA 3 (distance 4 <= 5), read 0 mode Default
furious-puma-1:128002:129019 [6] NCCL INFO GPU Direct RDMA Enabled for GPU 2 / HCA 3 (distance 4 <= 5), read 0 mode Default
furious-puma-1:128002:129019 [6] NCCL INFO GPU Direct RDMA Enabled for GPU 3 / HCA 3 (distance 4 <= 5), read 0 mode Default
furious-puma-1:128002:129019 [6] NCCL INFO GPU Direct RDMA Enabled for GPU 4 / HCA 3 (distance 4 <= 5), read 0 mode Default
furious-puma-1:128002:129019 [6] NCCL INFO GPU Direct RDMA Enabled for GPU 5 / HCA 3 (distance 4 <= 5), read 0 mode Default
furious-puma-1:128002:129019 [6] NCCL INFO GPU Direct RDMA Enabled for GPU 6 / HCA 3 (distance 4 <= 5), read 0 mode Default
furious-puma-1:128002:129019 [6] NCCL INFO GPU Direct RDMA Enabled for GPU 7 / HCA 3 (distance 4 <= 5), read 0 mode Default
furious-puma-1:128002:129019 [6] NCCL INFO GPU Direct RDMA Enabled for GPU 0 / HCA 4 (distance 4 <= 5), read 0 mode Default
furious-puma-1:128002:129019 [6] NCCL INFO GPU Direct RDMA Enabled for GPU 1 / HCA 4 (distance 4 <= 5), read 0 mode Default
furious-puma-1:128002:129019 [6] NCCL INFO GPU Direct RDMA Enabled for GPU 2 / HCA 4 (distance 4 <= 5), read 0 mode Default
furious-puma-1:128002:129019 [6] NCCL INFO GPU Direct RDMA Enabled for GPU 3 / HCA 4 (distance 4 <= 5), read 0 mode Default
furious-puma-1:128002:129019 [6] NCCL INFO GPU Direct RDMA Enabled for GPU 4 / HCA 4 (distance 4 <= 5), read 0 mode Default
furious-puma-1:128002:129019 [6] NCCL INFO GPU Direct RDMA Enabled for GPU 5 / HCA 4 (distance 4 <= 5), read 0 mode Default
furious-puma-1:128002:129019 [6] NCCL INFO GPU Direct RDMA Enabled for GPU 6 / HCA 4 (distance 4 <= 5), read 0 mode Default
furious-puma-1:128002:129019 [6] NCCL INFO GPU Direct RDMA Enabled for GPU 7 / HCA 4 (distance 4 <= 5), read 0 mode Default
furious-puma-1:128002:129019 [6] NCCL INFO GPU Direct RDMA Enabled for GPU 0 / HCA 5 (distance 4 <= 5), read 0 mode Default
furious-puma-1:128002:129019 [6] NCCL INFO GPU Direct RDMA Enabled for GPU 1 / HCA 5 (distance 4 <= 5), read 0 mode Default
furious-puma-1:128002:129019 [6] NCCL INFO GPU Direct RDMA Enabled for GPU 2 / HCA 5 (distance 4 <= 5), read 0 mode Default
furious-puma-1:128002:129019 [6] NCCL INFO GPU Direct RDMA Enabled for GPU 3 / HCA 5 (distance 4 <= 5), read 0 mode Default
furious-puma-1:128002:129019 [6] NCCL INFO GPU Direct RDMA Enabled for GPU 4 / HCA 5 (distance 4 <= 5), read 0 mode Default
furious-puma-1:128002:129019 [6] NCCL INFO GPU Direct RDMA Enabled for GPU 5 / HCA 5 (distance 4 <= 5), read 0 mode Default
furious-puma-1:128002:129019 [6] NCCL INFO GPU Direct RDMA Enabled for GPU 6 / HCA 5 (distance 4 <= 5), read 0 mode Default
furious-puma-1:128002:129019 [6] NCCL INFO GPU Direct RDMA Enabled for GPU 7 / HCA 5 (distance 4 <= 5), read 0 mode Default
furious-puma-1:128002:129019 [6] NCCL INFO GPU Direct RDMA Enabled for GPU 0 / HCA 6 (distance 4 <= 5), read 0 mode Default
furious-puma-1:128002:129019 [6] NCCL INFO GPU Direct RDMA Enabled for GPU 1 / HCA 6 (distance 4 <= 5), read 0 mode Default
furious-puma-1:128002:129019 [6] NCCL INFO GPU Direct RDMA Enabled for GPU 2 / HCA 6 (distance 4 <= 5), read 0 mode Default
furious-puma-1:128002:129019 [6] NCCL INFO GPU Direct RDMA Enabled for GPU 3 / HCA 6 (distance 4 <= 5), read 0 mode Default
furious-puma-1:128002:129019 [6] NCCL INFO GPU Direct RDMA Enabled for GPU 4 / HCA 6 (distance 4 <= 5), read 0 mode Default
furious-puma-1:128002:129019 [6] NCCL INFO GPU Direct RDMA Enabled for GPU 5 / HCA 6 (distance 4 <= 5), read 0 mode Default
furious-puma-1:128002:129019 [6] NCCL INFO GPU Direct RDMA Enabled for GPU 6 / HCA 6 (distance 4 <= 5), read 0 mode Default
furious-puma-1:128002:129019 [6] NCCL INFO GPU Direct RDMA Enabled for GPU 7 / HCA 6 (distance 4 <= 5), read 0 mode Default
furious-puma-1:128002:129019 [6] NCCL INFO GPU Direct RDMA Enabled for GPU 0 / HCA 7 (distance 4 <= 5), read 0 mode Default
furious-puma-1:128002:129019 [6] NCCL INFO GPU Direct RDMA Enabled for GPU 1 / HCA 7 (distance 4 <= 5), read 0 mode Default
furious-puma-1:128002:129019 [6] NCCL INFO GPU Direct RDMA Enabled for GPU 2 / HCA 7 (distance 4 <= 5), read 0 mode Default
furious-puma-1:128002:129019 [6] NCCL INFO GPU Direct RDMA Enabled for GPU 3 / HCA 7 (distance 4 <= 5), read 0 mode Default
furious-puma-1:128002:129019 [6] NCCL INFO GPU Direct RDMA Enabled for GPU 4 / HCA 7 (distance 4 <= 5), read 0 mode Default
furious-puma-1:128002:129019 [6] NCCL INFO GPU Direct RDMA Enabled for GPU 5 / HCA 7 (distance 4 <= 5), read 0 mode Default
furious-puma-1:128002:129019 [6] NCCL INFO GPU Direct RDMA Enabled for GPU 6 / HCA 7 (distance 4 <= 5), read 0 mode Default
furious-puma-1:128002:129019 [6] NCCL INFO GPU Direct RDMA Enabled for GPU 7 / HCA 7 (distance 4 <= 5), read 0 mode Default
furious-puma-1:127997:129033 [1] NCCL INFO === System : maxBw 370.8 totalBw 370.8 ===
furious-puma-1:127997:129033 [1] NCCL INFO CPU/0-0 (1/1/3)
furious-puma-1:127997:129033 [1] NCCL INFO + PCI[48.0] - PCI/0-ffffff010 (0)
furious-puma-1:127997:129033 [1] NCCL INFO               + PCI[48.0] - GPU/0-7f000 (0)
furious-puma-1:127997:129033 [1] NCCL INFO                             + NVL[370.8] - NVS/0-0
furious-puma-1:127997:129033 [1] NCCL INFO               + PCI[48.0] - NIC/0-80000
furious-puma-1:127997:129033 [1] NCCL INFO + PCI[48.0] - PCI/0-ffffff020 (0)
furious-puma-1:127997:129033 [1] NCCL INFO               + PCI[48.0] - NIC/0-90000
furious-puma-1:127997:129033 [1] NCCL INFO               + PCI[48.0] - GPU/0-8f000 (1)
furious-puma-1:127997:129033 [1] NCCL INFO                             + NVL[370.8] - NVS/0-0
furious-puma-1:127997:129033 [1] NCCL INFO + PCI[48.0] - PCI/0-ffffff030 (0)
furious-puma-1:127997:129033 [1] NCCL INFO               + PCI[48.0] - NIC/0-a0000
furious-puma-1:127997:129033 [1] NCCL INFO               + PCI[48.0] - GPU/0-9f000 (2)
furious-puma-1:127997:129033 [1] NCCL INFO                             + NVL[370.8] - NVS/0-0
furious-puma-1:127997:129033 [1] NCCL INFO + PCI[48.0] - PCI/0-ffffff040 (0)
furious-puma-1:127997:129033 [1] NCCL INFO               + PCI[48.0] - NIC/0-b0000
furious-puma-1:127997:129033 [1] NCCL INFO               + PCI[48.0] - GPU/0-af000 (3)
furious-puma-1:127997:129033 [1] NCCL INFO                             + NVL[370.8] - NVS/0-0
furious-puma-1:127997:129033 [1] NCCL INFO + SYS[22.0] - CPU/0-1
furious-puma-1:127997:129033 [1] NCCL INFO CPU/0-1 (1/1/3)
furious-puma-1:127997:129033 [1] NCCL INFO + PCI[48.0] - PCI/0-ffffff050 (0)
furious-puma-1:127997:129033 [1] NCCL INFO               + PCI[48.0] - NIC/0-c0000
furious-puma-1:127997:129033 [1] NCCL INFO               + PCI[48.0] - GPU/0-bf000 (4)
furious-puma-1:127997:129033 [1] NCCL INFO                             + NVL[370.8] - NVS/0-0
furious-puma-1:127997:129033 [1] NCCL INFO + PCI[48.0] - PCI/0-ffffff060 (0)
furious-puma-1:127997:129033 [1] NCCL INFO               + PCI[48.0] - NIC/0-d0000
furious-puma-1:127997:129033 [1] NCCL INFO               + PCI[48.0] - GPU/0-cf000 (5)
furious-puma-1:127997:129033 [1] NCCL INFO                             + NVL[370.8] - NVS/0-0
furious-puma-1:127997:129033 [1] NCCL INFO + PCI[48.0] - PCI/0-ffffff070 (0)
furious-puma-1:127997:129033 [1] NCCL INFO               + PCI[48.0] - NIC/0-e0000
furious-puma-1:127997:129033 [1] NCCL INFO               + PCI[48.0] - GPU/0-df000 (6)
furious-puma-1:127997:129033 [1] NCCL INFO                             + NVL[370.8] - NVS/0-0
furious-puma-1:127997:129033 [1] NCCL INFO + PCI[48.0] - PCI/0-ffffff080 (0)
furious-puma-1:127997:129033 [1] NCCL INFO               + PCI[48.0] - NIC/0-f0000
furious-puma-1:127997:129033 [1] NCCL INFO               + PCI[48.0] - GPU/0-ef000 (7)
furious-puma-1:127997:129033 [1] NCCL INFO                             + NVL[370.8] - NVS/0-0
furious-puma-1:127997:129033 [1] NCCL INFO + SYS[22.0] - CPU/0-0
furious-puma-1:127997:129033 [1] NCCL INFO ==========================================
furious-puma-1:127997:129033 [1] NCCL INFO GPU/0-7f000 :GPU/0-7f000 (0/5000.0/LOC) GPU/0-8f000 (2/370.8/NVL) GPU/0-9f000 (2/370.8/NVL) GPU/0-af000 (2/370.8/NVL) GPU/0-bf000 (2/370.8/NVL) GPU/0-cf000 (2/370.8/NVL) GPU/0-df000 (2/370.8/NVL) GPU/0-ef000 (2/370.8/NVL) NVS/0-0 (1/370.8/NVL) CPU/0-0 (2/48.0/PHB) CPU/0-1 (3/22.0/SYS) 
furious-puma-1:127997:129033 [1] NCCL INFO GPU/0-8f000 :GPU/0-7f000 (2/370.8/NVL) GPU/0-8f000 (0/5000.0/LOC) GPU/0-9f000 (2/370.8/NVL) GPU/0-af000 (2/370.8/NVL) GPU/0-bf000 (2/370.8/NVL) GPU/0-cf000 (2/370.8/NVL) GPU/0-df000 (2/370.8/NVL) GPU/0-ef000 (2/370.8/NVL) NVS/0-0 (1/370.8/NVL) CPU/0-0 (2/48.0/PHB) CPU/0-1 (3/22.0/SYS) 
furious-puma-1:127997:129033 [1] NCCL INFO GPU/0-9f000 :GPU/0-7f000 (2/370.8/NVL) GPU/0-8f000 (2/370.8/NVL) GPU/0-9f000 (0/5000.0/LOC) GPU/0-af000 (2/370.8/NVL) GPU/0-bf000 (2/370.8/NVL) GPU/0-cf000 (2/370.8/NVL) GPU/0-df000 (2/370.8/NVL) GPU/0-ef000 (2/370.8/NVL) NVS/0-0 (1/370.8/NVL) CPU/0-0 (2/48.0/PHB) CPU/0-1 (3/22.0/SYS) 
furious-puma-1:127997:129033 [1] NCCL INFO GPU/0-af000 :GPU/0-7f000 (2/370.8/NVL) GPU/0-8f000 (2/370.8/NVL) GPU/0-9f000 (2/370.8/NVL) GPU/0-af000 (0/5000.0/LOC) GPU/0-bf000 (2/370.8/NVL) GPU/0-cf000 (2/370.8/NVL) GPU/0-df000 (2/370.8/NVL) GPU/0-ef000 (2/370.8/NVL) NVS/0-0 (1/370.8/NVL) CPU/0-0 (2/48.0/PHB) CPU/0-1 (3/22.0/SYS) 
furious-puma-1:127997:129033 [1] NCCL INFO GPU/0-bf000 :GPU/0-7f000 (2/370.8/NVL) GPU/0-8f000 (2/370.8/NVL) GPU/0-9f000 (2/370.8/NVL) GPU/0-af000 (2/370.8/NVL) GPU/0-bf000 (0/5000.0/LOC) GPU/0-cf000 (2/370.8/NVL) GPU/0-df000 (2/370.8/NVL) GPU/0-ef000 (2/370.8/NVL) NVS/0-0 (1/370.8/NVL) CPU/0-0 (3/22.0/SYS) CPU/0-1 (2/48.0/PHB) 
furious-puma-1:127997:129033 [1] NCCL INFO GPU/0-cf000 :GPU/0-7f000 (2/370.8/NVL) GPU/0-8f000 (2/370.8/NVL) GPU/0-9f000 (2/370.8/NVL) GPU/0-af000 (2/370.8/NVL) GPU/0-bf000 (2/370.8/NVL) GPU/0-cf000 (0/5000.0/LOC) GPU/0-df000 (2/370.8/NVL) GPU/0-ef000 (2/370.8/NVL) NVS/0-0 (1/370.8/NVL) CPU/0-0 (3/22.0/SYS) CPU/0-1 (2/48.0/PHB) 
furious-puma-1:127997:129033 [1] NCCL INFO GPU/0-df000 :GPU/0-7f000 (2/370.8/NVL) GPU/0-8f000 (2/370.8/NVL) GPU/0-9f000 (2/370.8/NVL) GPU/0-af000 (2/370.8/NVL) GPU/0-bf000 (2/370.8/NVL) GPU/0-cf000 (2/370.8/NVL) GPU/0-df000 (0/5000.0/LOC) GPU/0-ef000 (2/370.8/NVL) NVS/0-0 (1/370.8/NVL) CPU/0-0 (3/22.0/SYS) CPU/0-1 (2/48.0/PHB) 
furious-puma-1:127997:129033 [1] NCCL INFO GPU/0-ef000 :GPU/0-7f000 (2/370.8/NVL) GPU/0-8f000 (2/370.8/NVL) GPU/0-9f000 (2/370.8/NVL) GPU/0-af000 (2/370.8/NVL) GPU/0-bf000 (2/370.8/NVL) GPU/0-cf000 (2/370.8/NVL) GPU/0-df000 (2/370.8/NVL) GPU/0-ef000 (0/5000.0/LOC) NVS/0-0 (1/370.8/NVL) CPU/0-0 (3/22.0/SYS) CPU/0-1 (2/48.0/PHB) 
furious-puma-1:127997:129033 [1] NCCL INFO Setting affinity for GPU 1 to 0-79
furious-puma-1:128002:129019 [6] NCCL INFO === System : maxBw 370.8 totalBw 370.8 ===
furious-puma-1:128002:129019 [6] NCCL INFO CPU/0-0 (1/1/3)
furious-puma-1:128002:129019 [6] NCCL INFO + PCI[48.0] - PCI/0-ffffff010 (0)
furious-puma-1:128002:129019 [6] NCCL INFO               + PCI[48.0] - GPU/0-7f000 (0)
furious-puma-1:128002:129019 [6] NCCL INFO                             + NVL[370.8] - NVS/0-0
furious-puma-1:128002:129019 [6] NCCL INFO               + PCI[48.0] - NIC/0-80000
furious-puma-1:128002:129019 [6] NCCL INFO + PCI[48.0] - PCI/0-ffffff020 (0)
furious-puma-1:128002:129019 [6] NCCL INFO               + PCI[48.0] - NIC/0-90000
furious-puma-1:128002:129019 [6] NCCL INFO               + PCI[48.0] - GPU/0-8f000 (1)
furious-puma-1:128002:129019 [6] NCCL INFO                             + NVL[370.8] - NVS/0-0
furious-puma-1:128002:129019 [6] NCCL INFO + PCI[48.0] - PCI/0-ffffff030 (0)
furious-puma-1:128002:129019 [6] NCCL INFO               + PCI[48.0] - NIC/0-a0000
furious-puma-1:128002:129019 [6] NCCL INFO               + PCI[48.0] - GPU/0-9f000 (2)
furious-puma-1:128002:129019 [6] NCCL INFO                             + NVL[370.8] - NVS/0-0
furious-puma-1:128002:129019 [6] NCCL INFO + PCI[48.0] - PCI/0-ffffff040 (0)
furious-puma-1:128002:129019 [6] NCCL INFO               + PCI[48.0] - NIC/0-b0000
furious-puma-1:128002:129019 [6] NCCL INFO               + PCI[48.0] - GPU/0-af000 (3)
furious-puma-1:128002:129019 [6] NCCL INFO                             + NVL[370.8] - NVS/0-0
furious-puma-1:128002:129019 [6] NCCL INFO + SYS[22.0] - CPU/0-1
furious-puma-1:128002:129019 [6] NCCL INFO CPU/0-1 (1/1/3)
furious-puma-1:128002:129019 [6] NCCL INFO + PCI[48.0] - PCI/0-ffffff050 (0)
furious-puma-1:128002:129019 [6] NCCL INFO               + PCI[48.0] - NIC/0-c0000
furious-puma-1:128002:129019 [6] NCCL INFO               + PCI[48.0] - GPU/0-bf000 (4)
furious-puma-1:128002:129019 [6] NCCL INFO                             + NVL[370.8] - NVS/0-0
furious-puma-1:128002:129019 [6] NCCL INFO + PCI[48.0] - PCI/0-ffffff060 (0)
furious-puma-1:128002:129019 [6] NCCL INFO               + PCI[48.0] - NIC/0-d0000
furious-puma-1:128002:129019 [6] NCCL INFO               + PCI[48.0] - GPU/0-cf000 (5)
furious-puma-1:128002:129019 [6] NCCL INFO                             + NVL[370.8] - NVS/0-0
furious-puma-1:128002:129019 [6] NCCL INFO + PCI[48.0] - PCI/0-ffffff070 (0)
furious-puma-1:128002:129019 [6] NCCL INFO               + PCI[48.0] - NIC/0-e0000
furious-puma-1:128002:129019 [6] NCCL INFO               + PCI[48.0] - GPU/0-df000 (6)
furious-puma-1:128002:129019 [6] NCCL INFO                             + NVL[370.8] - NVS/0-0
furious-puma-1:128002:129019 [6] NCCL INFO + PCI[48.0] - PCI/0-ffffff080 (0)
furious-puma-1:128002:129019 [6] NCCL INFO               + PCI[48.0] - NIC/0-f0000
furious-puma-1:128002:129019 [6] NCCL INFO               + PCI[48.0] - GPU/0-ef000 (7)
furious-puma-1:128002:129019 [6] NCCL INFO                             + NVL[370.8] - NVS/0-0
furious-puma-1:128002:129019 [6] NCCL INFO + SYS[22.0] - CPU/0-0
furious-puma-1:128002:129019 [6] NCCL INFO ==========================================
furious-puma-1:128002:129019 [6] NCCL INFO GPU/0-7f000 :GPU/0-7f000 (0/5000.0/LOC) GPU/0-8f000 (2/370.8/NVL) GPU/0-9f000 (2/370.8/NVL) GPU/0-af000 (2/370.8/NVL) GPU/0-bf000 (2/370.8/NVL) GPU/0-cf000 (2/370.8/NVL) GPU/0-df000 (2/370.8/NVL) GPU/0-ef000 (2/370.8/NVL) NVS/0-0 (1/370.8/NVL) CPU/0-0 (2/48.0/PHB) CPU/0-1 (3/22.0/SYS) 
furious-puma-1:128002:129019 [6] NCCL INFO GPU/0-8f000 :GPU/0-7f000 (2/370.8/NVL) GPU/0-8f000 (0/5000.0/LOC) GPU/0-9f000 (2/370.8/NVL) GPU/0-af000 (2/370.8/NVL) GPU/0-bf000 (2/370.8/NVL) GPU/0-cf000 (2/370.8/NVL) GPU/0-df000 (2/370.8/NVL) GPU/0-ef000 (2/370.8/NVL) NVS/0-0 (1/370.8/NVL) CPU/0-0 (2/48.0/PHB) CPU/0-1 (3/22.0/SYS) 
furious-puma-1:128002:129019 [6] NCCL INFO GPU/0-9f000 :GPU/0-7f000 (2/370.8/NVL) GPU/0-8f000 (2/370.8/NVL) GPU/0-9f000 (0/5000.0/LOC) GPU/0-af000 (2/370.8/NVL) GPU/0-bf000 (2/370.8/NVL) GPU/0-cf000 (2/370.8/NVL) GPU/0-df000 (2/370.8/NVL) GPU/0-ef000 (2/370.8/NVL) NVS/0-0 (1/370.8/NVL) CPU/0-0 (2/48.0/PHB) CPU/0-1 (3/22.0/SYS) 
furious-puma-1:128002:129019 [6] NCCL INFO GPU/0-af000 :GPU/0-7f000 (2/370.8/NVL) GPU/0-8f000 (2/370.8/NVL) GPU/0-9f000 (2/370.8/NVL) GPU/0-af000 (0/5000.0/LOC) GPU/0-bf000 (2/370.8/NVL) GPU/0-cf000 (2/370.8/NVL) GPU/0-df000 (2/370.8/NVL) GPU/0-ef000 (2/370.8/NVL) NVS/0-0 (1/370.8/NVL) CPU/0-0 (2/48.0/PHB) CPU/0-1 (3/22.0/SYS) 
furious-puma-1:128002:129019 [6] NCCL INFO GPU/0-bf000 :GPU/0-7f000 (2/370.8/NVL) GPU/0-8f000 (2/370.8/NVL) GPU/0-9f000 (2/370.8/NVL) GPU/0-af000 (2/370.8/NVL) GPU/0-bf000 (0/5000.0/LOC) GPU/0-cf000 (2/370.8/NVL) GPU/0-df000 (2/370.8/NVL) GPU/0-ef000 (2/370.8/NVL) NVS/0-0 (1/370.8/NVL) CPU/0-0 (3/22.0/SYS) CPU/0-1 (2/48.0/PHB) 
furious-puma-1:127997:129033 [1] NCCL INFO NVLS multicast support is available on dev 1 (NVLS_NCHANNELS 16)
furious-puma-1:128002:129019 [6] NCCL INFO GPU/0-cf000 :GPU/0-7f000 (2/370.8/NVL) GPU/0-8f000 (2/370.8/NVL) GPU/0-9f000 (2/370.8/NVL) GPU/0-af000 (2/370.8/NVL) GPU/0-bf000 (2/370.8/NVL) GPU/0-cf000 (0/5000.0/LOC) GPU/0-df000 (2/370.8/NVL) GPU/0-ef000 (2/370.8/NVL) NVS/0-0 (1/370.8/NVL) CPU/0-0 (3/22.0/SYS) CPU/0-1 (2/48.0/PHB) 
furious-puma-1:127998:129013 [2] NCCL INFO GPU Direct RDMA Enabled for GPU 0 / HCA 0 (distance 4 <= 5), read 0 mode Default
furious-puma-1:128002:129019 [6] NCCL INFO GPU/0-df000 :GPU/0-7f000 (2/370.8/NVL) GPU/0-8f000 (2/370.8/NVL) GPU/0-9f000 (2/370.8/NVL) GPU/0-af000 (2/370.8/NVL) GPU/0-bf000 (2/370.8/NVL) GPU/0-cf000 (2/370.8/NVL) GPU/0-df000 (0/5000.0/LOC) GPU/0-ef000 (2/370.8/NVL) NVS/0-0 (1/370.8/NVL) CPU/0-0 (3/22.0/SYS) CPU/0-1 (2/48.0/PHB) 
furious-puma-1:127998:129013 [2] NCCL INFO GPU Direct RDMA Enabled for GPU 1 / HCA 0 (distance 4 <= 5), read 0 mode Default
furious-puma-1:127998:129013 [2] NCCL INFO GPU Direct RDMA Enabled for GPU 2 / HCA 0 (distance 4 <= 5), read 0 mode Default
furious-puma-1:128002:129019 [6] NCCL INFO GPU/0-ef000 :GPU/0-7f000 (2/370.8/NVL) GPU/0-8f000 (2/370.8/NVL) GPU/0-9f000 (2/370.8/NVL) GPU/0-af000 (2/370.8/NVL) GPU/0-bf000 (2/370.8/NVL) GPU/0-cf000 (2/370.8/NVL) GPU/0-df000 (2/370.8/NVL) GPU/0-ef000 (0/5000.0/LOC) NVS/0-0 (1/370.8/NVL) CPU/0-0 (3/22.0/SYS) CPU/0-1 (2/48.0/PHB) 
furious-puma-1:127998:129013 [2] NCCL INFO GPU Direct RDMA Enabled for GPU 3 / HCA 0 (distance 4 <= 5), read 0 mode Default
furious-puma-1:127998:129013 [2] NCCL INFO GPU Direct RDMA Enabled for GPU 4 / HCA 0 (distance 4 <= 5), read 0 mode Default
furious-puma-1:127998:129013 [2] NCCL INFO GPU Direct RDMA Enabled for GPU 5 / HCA 0 (distance 4 <= 5), read 0 mode Default
furious-puma-1:128002:129019 [6] NCCL INFO Setting affinity for GPU 6 to 80-159
furious-puma-1:127998:129013 [2] NCCL INFO GPU Direct RDMA Enabled for GPU 6 / HCA 0 (distance 4 <= 5), read 0 mode Default
furious-puma-1:127998:129013 [2] NCCL INFO GPU Direct RDMA Enabled for GPU 7 / HCA 0 (distance 4 <= 5), read 0 mode Default
furious-puma-1:127998:129013 [2] NCCL INFO GPU Direct RDMA Enabled for GPU 0 / HCA 1 (distance 4 <= 5), read 0 mode Default
furious-puma-1:127998:129013 [2] NCCL INFO GPU Direct RDMA Enabled for GPU 1 / HCA 1 (distance 4 <= 5), read 0 mode Default
furious-puma-1:127998:129013 [2] NCCL INFO GPU Direct RDMA Enabled for GPU 2 / HCA 1 (distance 4 <= 5), read 0 mode Default
furious-puma-1:127998:129013 [2] NCCL INFO GPU Direct RDMA Enabled for GPU 3 / HCA 1 (distance 4 <= 5), read 0 mode Default
furious-puma-1:127998:129013 [2] NCCL INFO GPU Direct RDMA Enabled for GPU 4 / HCA 1 (distance 4 <= 5), read 0 mode Default
furious-puma-1:127998:129013 [2] NCCL INFO GPU Direct RDMA Enabled for GPU 5 / HCA 1 (distance 4 <= 5), read 0 mode Default
furious-puma-1:127998:129013 [2] NCCL INFO GPU Direct RDMA Enabled for GPU 6 / HCA 1 (distance 4 <= 5), read 0 mode Default
furious-puma-1:127998:129013 [2] NCCL INFO GPU Direct RDMA Enabled for GPU 7 / HCA 1 (distance 4 <= 5), read 0 mode Default
furious-puma-1:127998:129013 [2] NCCL INFO GPU Direct RDMA Enabled for GPU 0 / HCA 2 (distance 4 <= 5), read 0 mode Default
furious-puma-1:127998:129013 [2] NCCL INFO GPU Direct RDMA Enabled for GPU 1 / HCA 2 (distance 4 <= 5), read 0 mode Default
furious-puma-1:127998:129013 [2] NCCL INFO GPU Direct RDMA Enabled for GPU 2 / HCA 2 (distance 4 <= 5), read 0 mode Default
furious-puma-1:127998:129013 [2] NCCL INFO GPU Direct RDMA Enabled for GPU 3 / HCA 2 (distance 4 <= 5), read 0 mode Default
furious-puma-1:127998:129013 [2] NCCL INFO GPU Direct RDMA Enabled for GPU 4 / HCA 2 (distance 4 <= 5), read 0 mode Default
furious-puma-1:127998:129013 [2] NCCL INFO GPU Direct RDMA Enabled for GPU 5 / HCA 2 (distance 4 <= 5), read 0 mode Default
furious-puma-1:127998:129013 [2] NCCL INFO GPU Direct RDMA Enabled for GPU 6 / HCA 2 (distance 4 <= 5), read 0 mode Default
furious-puma-1:127998:129013 [2] NCCL INFO GPU Direct RDMA Enabled for GPU 7 / HCA 2 (distance 4 <= 5), read 0 mode Default
furious-puma-1:127998:129013 [2] NCCL INFO GPU Direct RDMA Enabled for GPU 0 / HCA 3 (distance 4 <= 5), read 0 mode Default
furious-puma-1:127998:129013 [2] NCCL INFO GPU Direct RDMA Enabled for GPU 1 / HCA 3 (distance 4 <= 5), read 0 mode Default
furious-puma-1:127998:129013 [2] NCCL INFO GPU Direct RDMA Enabled for GPU 2 / HCA 3 (distance 4 <= 5), read 0 mode Default
furious-puma-1:127998:129013 [2] NCCL INFO GPU Direct RDMA Enabled for GPU 3 / HCA 3 (distance 4 <= 5), read 0 mode Default
furious-puma-1:127998:129013 [2] NCCL INFO GPU Direct RDMA Enabled for GPU 4 / HCA 3 (distance 4 <= 5), read 0 mode Default
furious-puma-1:127998:129013 [2] NCCL INFO GPU Direct RDMA Enabled for GPU 5 / HCA 3 (distance 4 <= 5), read 0 mode Default
furious-puma-1:127998:129013 [2] NCCL INFO GPU Direct RDMA Enabled for GPU 6 / HCA 3 (distance 4 <= 5), read 0 mode Default
furious-puma-1:127998:129013 [2] NCCL INFO GPU Direct RDMA Enabled for GPU 7 / HCA 3 (distance 4 <= 5), read 0 mode Default
furious-puma-1:127998:129013 [2] NCCL INFO GPU Direct RDMA Enabled for GPU 0 / HCA 4 (distance 4 <= 5), read 0 mode Default
furious-puma-1:127998:129013 [2] NCCL INFO GPU Direct RDMA Enabled for GPU 1 / HCA 4 (distance 4 <= 5), read 0 mode Default
furious-puma-1:127998:129013 [2] NCCL INFO GPU Direct RDMA Enabled for GPU 2 / HCA 4 (distance 4 <= 5), read 0 mode Default
furious-puma-1:127998:129013 [2] NCCL INFO GPU Direct RDMA Enabled for GPU 3 / HCA 4 (distance 4 <= 5), read 0 mode Default
furious-puma-1:127998:129013 [2] NCCL INFO GPU Direct RDMA Enabled for GPU 4 / HCA 4 (distance 4 <= 5), read 0 mode Default
furious-puma-1:127998:129013 [2] NCCL INFO GPU Direct RDMA Enabled for GPU 5 / HCA 4 (distance 4 <= 5), read 0 mode Default
furious-puma-1:127998:129013 [2] NCCL INFO GPU Direct RDMA Enabled for GPU 6 / HCA 4 (distance 4 <= 5), read 0 mode Default
furious-puma-1:127998:129013 [2] NCCL INFO GPU Direct RDMA Enabled for GPU 7 / HCA 4 (distance 4 <= 5), read 0 mode Default
furious-puma-1:127998:129013 [2] NCCL INFO GPU Direct RDMA Enabled for GPU 0 / HCA 5 (distance 4 <= 5), read 0 mode Default
furious-puma-1:127998:129013 [2] NCCL INFO GPU Direct RDMA Enabled for GPU 1 / HCA 5 (distance 4 <= 5), read 0 mode Default
furious-puma-1:127998:129013 [2] NCCL INFO GPU Direct RDMA Enabled for GPU 2 / HCA 5 (distance 4 <= 5), read 0 mode Default
furious-puma-1:127998:129013 [2] NCCL INFO GPU Direct RDMA Enabled for GPU 3 / HCA 5 (distance 4 <= 5), read 0 mode Default
furious-puma-1:127998:129013 [2] NCCL INFO GPU Direct RDMA Enabled for GPU 4 / HCA 5 (distance 4 <= 5), read 0 mode Default
furious-puma-1:127998:129013 [2] NCCL INFO GPU Direct RDMA Enabled for GPU 5 / HCA 5 (distance 4 <= 5), read 0 mode Default
furious-puma-1:127998:129013 [2] NCCL INFO GPU Direct RDMA Enabled for GPU 6 / HCA 5 (distance 4 <= 5), read 0 mode Default
furious-puma-1:127998:129013 [2] NCCL INFO GPU Direct RDMA Enabled for GPU 7 / HCA 5 (distance 4 <= 5), read 0 mode Default
furious-puma-1:127998:129013 [2] NCCL INFO GPU Direct RDMA Enabled for GPU 0 / HCA 6 (distance 4 <= 5), read 0 mode Default
furious-puma-1:127998:129013 [2] NCCL INFO GPU Direct RDMA Enabled for GPU 1 / HCA 6 (distance 4 <= 5), read 0 mode Default
furious-puma-1:127998:129013 [2] NCCL INFO GPU Direct RDMA Enabled for GPU 2 / HCA 6 (distance 4 <= 5), read 0 mode Default
furious-puma-1:127998:129013 [2] NCCL INFO GPU Direct RDMA Enabled for GPU 3 / HCA 6 (distance 4 <= 5), read 0 mode Default
furious-puma-1:127998:129013 [2] NCCL INFO GPU Direct RDMA Enabled for GPU 4 / HCA 6 (distance 4 <= 5), read 0 mode Default
furious-puma-1:127998:129013 [2] NCCL INFO GPU Direct RDMA Enabled for GPU 5 / HCA 6 (distance 4 <= 5), read 0 mode Default
furious-puma-1:127998:129013 [2] NCCL INFO GPU Direct RDMA Enabled for GPU 6 / HCA 6 (distance 4 <= 5), read 0 mode Default
furious-puma-1:127998:129013 [2] NCCL INFO GPU Direct RDMA Enabled for GPU 7 / HCA 6 (distance 4 <= 5), read 0 mode Default
furious-puma-1:127998:129013 [2] NCCL INFO GPU Direct RDMA Enabled for GPU 0 / HCA 7 (distance 4 <= 5), read 0 mode Default
furious-puma-1:127998:129013 [2] NCCL INFO GPU Direct RDMA Enabled for GPU 1 / HCA 7 (distance 4 <= 5), read 0 mode Default
furious-puma-1:127998:129013 [2] NCCL INFO GPU Direct RDMA Enabled for GPU 2 / HCA 7 (distance 4 <= 5), read 0 mode Default
furious-puma-1:127998:129013 [2] NCCL INFO GPU Direct RDMA Enabled for GPU 3 / HCA 7 (distance 4 <= 5), read 0 mode Default
furious-puma-1:127998:129013 [2] NCCL INFO GPU Direct RDMA Enabled for GPU 4 / HCA 7 (distance 4 <= 5), read 0 mode Default
furious-puma-1:127998:129013 [2] NCCL INFO GPU Direct RDMA Enabled for GPU 5 / HCA 7 (distance 4 <= 5), read 0 mode Default
furious-puma-1:127998:129013 [2] NCCL INFO GPU Direct RDMA Enabled for GPU 6 / HCA 7 (distance 4 <= 5), read 0 mode Default
furious-puma-1:127998:129013 [2] NCCL INFO GPU Direct RDMA Enabled for GPU 7 / HCA 7 (distance 4 <= 5), read 0 mode Default
furious-puma-1:128002:129019 [6] NCCL INFO NVLS multicast support is available on dev 6 (NVLS_NCHANNELS 16)
furious-puma-1:127999:128974 [3] NCCL INFO GPU Direct RDMA Enabled for GPU 0 / HCA 0 (distance 4 <= 5), read 0 mode Default
furious-puma-1:127999:128974 [3] NCCL INFO GPU Direct RDMA Enabled for GPU 1 / HCA 0 (distance 4 <= 5), read 0 mode Default
furious-puma-1:127999:128974 [3] NCCL INFO GPU Direct RDMA Enabled for GPU 2 / HCA 0 (distance 4 <= 5), read 0 mode Default
furious-puma-1:127999:128974 [3] NCCL INFO GPU Direct RDMA Enabled for GPU 3 / HCA 0 (distance 4 <= 5), read 0 mode Default
furious-puma-1:127999:128974 [3] NCCL INFO GPU Direct RDMA Enabled for GPU 4 / HCA 0 (distance 4 <= 5), read 0 mode Default
furious-puma-1:127999:128974 [3] NCCL INFO GPU Direct RDMA Enabled for GPU 5 / HCA 0 (distance 4 <= 5), read 0 mode Default
furious-puma-1:127999:128974 [3] NCCL INFO GPU Direct RDMA Enabled for GPU 6 / HCA 0 (distance 4 <= 5), read 0 mode Default
furious-puma-1:127999:128974 [3] NCCL INFO GPU Direct RDMA Enabled for GPU 7 / HCA 0 (distance 4 <= 5), read 0 mode Default
furious-puma-1:127999:128974 [3] NCCL INFO GPU Direct RDMA Enabled for GPU 0 / HCA 1 (distance 4 <= 5), read 0 mode Default
furious-puma-1:127999:128974 [3] NCCL INFO GPU Direct RDMA Enabled for GPU 1 / HCA 1 (distance 4 <= 5), read 0 mode Default
furious-puma-1:127999:128974 [3] NCCL INFO GPU Direct RDMA Enabled for GPU 2 / HCA 1 (distance 4 <= 5), read 0 mode Default
furious-puma-1:127999:128974 [3] NCCL INFO GPU Direct RDMA Enabled for GPU 3 / HCA 1 (distance 4 <= 5), read 0 mode Default
furious-puma-1:127999:128974 [3] NCCL INFO GPU Direct RDMA Enabled for GPU 4 / HCA 1 (distance 4 <= 5), read 0 mode Default
furious-puma-1:127999:128974 [3] NCCL INFO GPU Direct RDMA Enabled for GPU 5 / HCA 1 (distance 4 <= 5), read 0 mode Default
furious-puma-1:127999:128974 [3] NCCL INFO GPU Direct RDMA Enabled for GPU 6 / HCA 1 (distance 4 <= 5), read 0 mode Default
furious-puma-1:127999:128974 [3] NCCL INFO GPU Direct RDMA Enabled for GPU 7 / HCA 1 (distance 4 <= 5), read 0 mode Default
furious-puma-1:127999:128974 [3] NCCL INFO GPU Direct RDMA Enabled for GPU 0 / HCA 2 (distance 4 <= 5), read 0 mode Default
furious-puma-1:127999:128974 [3] NCCL INFO GPU Direct RDMA Enabled for GPU 1 / HCA 2 (distance 4 <= 5), read 0 mode Default
furious-puma-1:127999:128974 [3] NCCL INFO GPU Direct RDMA Enabled for GPU 2 / HCA 2 (distance 4 <= 5), read 0 mode Default
furious-puma-1:127999:128974 [3] NCCL INFO GPU Direct RDMA Enabled for GPU 3 / HCA 2 (distance 4 <= 5), read 0 mode Default
furious-puma-1:127999:128974 [3] NCCL INFO GPU Direct RDMA Enabled for GPU 4 / HCA 2 (distance 4 <= 5), read 0 mode Default
furious-puma-1:127999:128974 [3] NCCL INFO GPU Direct RDMA Enabled for GPU 5 / HCA 2 (distance 4 <= 5), read 0 mode Default
furious-puma-1:127999:128974 [3] NCCL INFO GPU Direct RDMA Enabled for GPU 6 / HCA 2 (distance 4 <= 5), read 0 mode Default
furious-puma-1:127999:128974 [3] NCCL INFO GPU Direct RDMA Enabled for GPU 7 / HCA 2 (distance 4 <= 5), read 0 mode Default
furious-puma-1:127999:128974 [3] NCCL INFO GPU Direct RDMA Enabled for GPU 0 / HCA 3 (distance 4 <= 5), read 0 mode Default
furious-puma-1:127999:128974 [3] NCCL INFO GPU Direct RDMA Enabled for GPU 1 / HCA 3 (distance 4 <= 5), read 0 mode Default
furious-puma-1:127999:128974 [3] NCCL INFO GPU Direct RDMA Enabled for GPU 2 / HCA 3 (distance 4 <= 5), read 0 mode Default
furious-puma-1:127999:128974 [3] NCCL INFO GPU Direct RDMA Enabled for GPU 3 / HCA 3 (distance 4 <= 5), read 0 mode Default
furious-puma-1:127999:128974 [3] NCCL INFO GPU Direct RDMA Enabled for GPU 4 / HCA 3 (distance 4 <= 5), read 0 mode Default
furious-puma-1:127999:128974 [3] NCCL INFO GPU Direct RDMA Enabled for GPU 5 / HCA 3 (distance 4 <= 5), read 0 mode Default
furious-puma-1:127999:128974 [3] NCCL INFO GPU Direct RDMA Enabled for GPU 6 / HCA 3 (distance 4 <= 5), read 0 mode Default
furious-puma-1:127999:128974 [3] NCCL INFO GPU Direct RDMA Enabled for GPU 7 / HCA 3 (distance 4 <= 5), read 0 mode Default
furious-puma-1:127999:128974 [3] NCCL INFO GPU Direct RDMA Enabled for GPU 0 / HCA 4 (distance 4 <= 5), read 0 mode Default
furious-puma-1:127999:128974 [3] NCCL INFO GPU Direct RDMA Enabled for GPU 1 / HCA 4 (distance 4 <= 5), read 0 mode Default
furious-puma-1:127999:128974 [3] NCCL INFO GPU Direct RDMA Enabled for GPU 2 / HCA 4 (distance 4 <= 5), read 0 mode Default
furious-puma-1:127999:128974 [3] NCCL INFO GPU Direct RDMA Enabled for GPU 3 / HCA 4 (distance 4 <= 5), read 0 mode Default
furious-puma-1:127999:128974 [3] NCCL INFO GPU Direct RDMA Enabled for GPU 4 / HCA 4 (distance 4 <= 5), read 0 mode Default
furious-puma-1:127999:128974 [3] NCCL INFO GPU Direct RDMA Enabled for GPU 5 / HCA 4 (distance 4 <= 5), read 0 mode Default
furious-puma-1:127999:128974 [3] NCCL INFO GPU Direct RDMA Enabled for GPU 6 / HCA 4 (distance 4 <= 5), read 0 mode Default
furious-puma-1:127999:128974 [3] NCCL INFO GPU Direct RDMA Enabled for GPU 7 / HCA 4 (distance 4 <= 5), read 0 mode Default
furious-puma-1:127999:128974 [3] NCCL INFO GPU Direct RDMA Enabled for GPU 0 / HCA 5 (distance 4 <= 5), read 0 mode Default
furious-puma-1:127999:128974 [3] NCCL INFO GPU Direct RDMA Enabled for GPU 1 / HCA 5 (distance 4 <= 5), read 0 mode Default
furious-puma-1:127999:128974 [3] NCCL INFO GPU Direct RDMA Enabled for GPU 2 / HCA 5 (distance 4 <= 5), read 0 mode Default
furious-puma-1:127999:128974 [3] NCCL INFO GPU Direct RDMA Enabled for GPU 3 / HCA 5 (distance 4 <= 5), read 0 mode Default
furious-puma-1:127999:128974 [3] NCCL INFO GPU Direct RDMA Enabled for GPU 4 / HCA 5 (distance 4 <= 5), read 0 mode Default
furious-puma-1:127999:128974 [3] NCCL INFO GPU Direct RDMA Enabled for GPU 5 / HCA 5 (distance 4 <= 5), read 0 mode Default
furious-puma-1:127999:128974 [3] NCCL INFO GPU Direct RDMA Enabled for GPU 6 / HCA 5 (distance 4 <= 5), read 0 mode Default
furious-puma-1:127999:128974 [3] NCCL INFO GPU Direct RDMA Enabled for GPU 7 / HCA 5 (distance 4 <= 5), read 0 mode Default
furious-puma-1:127999:128974 [3] NCCL INFO GPU Direct RDMA Enabled for GPU 0 / HCA 6 (distance 4 <= 5), read 0 mode Default
furious-puma-1:127999:128974 [3] NCCL INFO GPU Direct RDMA Enabled for GPU 1 / HCA 6 (distance 4 <= 5), read 0 mode Default
furious-puma-1:127999:128974 [3] NCCL INFO GPU Direct RDMA Enabled for GPU 2 / HCA 6 (distance 4 <= 5), read 0 mode Default
furious-puma-1:127999:128974 [3] NCCL INFO GPU Direct RDMA Enabled for GPU 3 / HCA 6 (distance 4 <= 5), read 0 mode Default
furious-puma-1:127999:128974 [3] NCCL INFO GPU Direct RDMA Enabled for GPU 4 / HCA 6 (distance 4 <= 5), read 0 mode Default
furious-puma-1:127999:128974 [3] NCCL INFO GPU Direct RDMA Enabled for GPU 5 / HCA 6 (distance 4 <= 5), read 0 mode Default
furious-puma-1:127999:128974 [3] NCCL INFO GPU Direct RDMA Enabled for GPU 6 / HCA 6 (distance 4 <= 5), read 0 mode Default
furious-puma-1:127999:128974 [3] NCCL INFO GPU Direct RDMA Enabled for GPU 7 / HCA 6 (distance 4 <= 5), read 0 mode Default
furious-puma-1:127999:128974 [3] NCCL INFO GPU Direct RDMA Enabled for GPU 0 / HCA 7 (distance 4 <= 5), read 0 mode Default
furious-puma-1:127999:128974 [3] NCCL INFO GPU Direct RDMA Enabled for GPU 1 / HCA 7 (distance 4 <= 5), read 0 mode Default
furious-puma-1:127999:128974 [3] NCCL INFO GPU Direct RDMA Enabled for GPU 2 / HCA 7 (distance 4 <= 5), read 0 mode Default
furious-puma-1:127999:128974 [3] NCCL INFO GPU Direct RDMA Enabled for GPU 3 / HCA 7 (distance 4 <= 5), read 0 mode Default
furious-puma-1:127999:128974 [3] NCCL INFO GPU Direct RDMA Enabled for GPU 4 / HCA 7 (distance 4 <= 5), read 0 mode Default
furious-puma-1:127999:128974 [3] NCCL INFO GPU Direct RDMA Enabled for GPU 5 / HCA 7 (distance 4 <= 5), read 0 mode Default
furious-puma-1:127999:128974 [3] NCCL INFO GPU Direct RDMA Enabled for GPU 6 / HCA 7 (distance 4 <= 5), read 0 mode Default
furious-puma-1:127999:128974 [3] NCCL INFO GPU Direct RDMA Enabled for GPU 7 / HCA 7 (distance 4 <= 5), read 0 mode Default
furious-puma-1:127998:129013 [2] NCCL INFO === System : maxBw 370.8 totalBw 370.8 ===
furious-puma-1:127998:129013 [2] NCCL INFO CPU/0-0 (1/1/3)
furious-puma-1:127998:129013 [2] NCCL INFO + PCI[48.0] - PCI/0-ffffff010 (0)
furious-puma-1:127998:129013 [2] NCCL INFO               + PCI[48.0] - GPU/0-7f000 (0)
furious-puma-1:127998:129013 [2] NCCL INFO                             + NVL[370.8] - NVS/0-0
furious-puma-1:127998:129013 [2] NCCL INFO               + PCI[48.0] - NIC/0-80000
furious-puma-1:127998:129013 [2] NCCL INFO + PCI[48.0] - PCI/0-ffffff020 (0)
furious-puma-1:127998:129013 [2] NCCL INFO               + PCI[48.0] - NIC/0-90000
furious-puma-1:127998:129013 [2] NCCL INFO               + PCI[48.0] - GPU/0-8f000 (1)
furious-puma-1:127998:129013 [2] NCCL INFO                             + NVL[370.8] - NVS/0-0
furious-puma-1:127998:129013 [2] NCCL INFO + PCI[48.0] - PCI/0-ffffff030 (0)
furious-puma-1:127998:129013 [2] NCCL INFO               + PCI[48.0] - NIC/0-a0000
furious-puma-1:127998:129013 [2] NCCL INFO               + PCI[48.0] - GPU/0-9f000 (2)
furious-puma-1:127998:129013 [2] NCCL INFO                             + NVL[370.8] - NVS/0-0
furious-puma-1:127998:129013 [2] NCCL INFO + PCI[48.0] - PCI/0-ffffff040 (0)
furious-puma-1:127998:129013 [2] NCCL INFO               + PCI[48.0] - NIC/0-b0000
furious-puma-1:127998:129013 [2] NCCL INFO               + PCI[48.0] - GPU/0-af000 (3)
furious-puma-1:127998:129013 [2] NCCL INFO                             + NVL[370.8] - NVS/0-0
furious-puma-1:127998:129013 [2] NCCL INFO + SYS[22.0] - CPU/0-1
furious-puma-1:127998:129013 [2] NCCL INFO CPU/0-1 (1/1/3)
furious-puma-1:127998:129013 [2] NCCL INFO + PCI[48.0] - PCI/0-ffffff050 (0)
furious-puma-1:127998:129013 [2] NCCL INFO               + PCI[48.0] - NIC/0-c0000
furious-puma-1:127998:129013 [2] NCCL INFO               + PCI[48.0] - GPU/0-bf000 (4)
furious-puma-1:127998:129013 [2] NCCL INFO                             + NVL[370.8] - NVS/0-0
furious-puma-1:127998:129013 [2] NCCL INFO + PCI[48.0] - PCI/0-ffffff060 (0)
furious-puma-1:127998:129013 [2] NCCL INFO               + PCI[48.0] - NIC/0-d0000
furious-puma-1:127998:129013 [2] NCCL INFO               + PCI[48.0] - GPU/0-cf000 (5)
furious-puma-1:127998:129013 [2] NCCL INFO                             + NVL[370.8] - NVS/0-0
furious-puma-1:127998:129013 [2] NCCL INFO + PCI[48.0] - PCI/0-ffffff070 (0)
furious-puma-1:127998:129013 [2] NCCL INFO               + PCI[48.0] - NIC/0-e0000
furious-puma-1:127998:129013 [2] NCCL INFO               + PCI[48.0] - GPU/0-df000 (6)
furious-puma-1:127998:129013 [2] NCCL INFO                             + NVL[370.8] - NVS/0-0
furious-puma-1:127998:129013 [2] NCCL INFO + PCI[48.0] - PCI/0-ffffff080 (0)
furious-puma-1:127998:129013 [2] NCCL INFO               + PCI[48.0] - NIC/0-f0000
furious-puma-1:127998:129013 [2] NCCL INFO               + PCI[48.0] - GPU/0-ef000 (7)
furious-puma-1:127998:129013 [2] NCCL INFO                             + NVL[370.8] - NVS/0-0
furious-puma-1:127998:129013 [2] NCCL INFO + SYS[22.0] - CPU/0-0
furious-puma-1:127998:129013 [2] NCCL INFO ==========================================
furious-puma-1:127998:129013 [2] NCCL INFO GPU/0-7f000 :GPU/0-7f000 (0/5000.0/LOC) GPU/0-8f000 (2/370.8/NVL) GPU/0-9f000 (2/370.8/NVL) GPU/0-af000 (2/370.8/NVL) GPU/0-bf000 (2/370.8/NVL) GPU/0-cf000 (2/370.8/NVL) GPU/0-df000 (2/370.8/NVL) GPU/0-ef000 (2/370.8/NVL) NVS/0-0 (1/370.8/NVL) CPU/0-0 (2/48.0/PHB) CPU/0-1 (3/22.0/SYS) 
furious-puma-1:127998:129013 [2] NCCL INFO GPU/0-8f000 :GPU/0-7f000 (2/370.8/NVL) GPU/0-8f000 (0/5000.0/LOC) GPU/0-9f000 (2/370.8/NVL) GPU/0-af000 (2/370.8/NVL) GPU/0-bf000 (2/370.8/NVL) GPU/0-cf000 (2/370.8/NVL) GPU/0-df000 (2/370.8/NVL) GPU/0-ef000 (2/370.8/NVL) NVS/0-0 (1/370.8/NVL) CPU/0-0 (2/48.0/PHB) CPU/0-1 (3/22.0/SYS) 
furious-puma-1:127998:129013 [2] NCCL INFO GPU/0-9f000 :GPU/0-7f000 (2/370.8/NVL) GPU/0-8f000 (2/370.8/NVL) GPU/0-9f000 (0/5000.0/LOC) GPU/0-af000 (2/370.8/NVL) GPU/0-bf000 (2/370.8/NVL) GPU/0-cf000 (2/370.8/NVL) GPU/0-df000 (2/370.8/NVL) GPU/0-ef000 (2/370.8/NVL) NVS/0-0 (1/370.8/NVL) CPU/0-0 (2/48.0/PHB) CPU/0-1 (3/22.0/SYS) 
furious-puma-1:127998:129013 [2] NCCL INFO GPU/0-af000 :GPU/0-7f000 (2/370.8/NVL) GPU/0-8f000 (2/370.8/NVL) GPU/0-9f000 (2/370.8/NVL) GPU/0-af000 (0/5000.0/LOC) GPU/0-bf000 (2/370.8/NVL) GPU/0-cf000 (2/370.8/NVL) GPU/0-df000 (2/370.8/NVL) GPU/0-ef000 (2/370.8/NVL) NVS/0-0 (1/370.8/NVL) CPU/0-0 (2/48.0/PHB) CPU/0-1 (3/22.0/SYS) 
furious-puma-1:127998:129013 [2] NCCL INFO GPU/0-bf000 :GPU/0-7f000 (2/370.8/NVL) GPU/0-8f000 (2/370.8/NVL) GPU/0-9f000 (2/370.8/NVL) GPU/0-af000 (2/370.8/NVL) GPU/0-bf000 (0/5000.0/LOC) GPU/0-cf000 (2/370.8/NVL) GPU/0-df000 (2/370.8/NVL) GPU/0-ef000 (2/370.8/NVL) NVS/0-0 (1/370.8/NVL) CPU/0-0 (3/22.0/SYS) CPU/0-1 (2/48.0/PHB) 
furious-puma-1:127998:129013 [2] NCCL INFO GPU/0-cf000 :GPU/0-7f000 (2/370.8/NVL) GPU/0-8f000 (2/370.8/NVL) GPU/0-9f000 (2/370.8/NVL) GPU/0-af000 (2/370.8/NVL) GPU/0-bf000 (2/370.8/NVL) GPU/0-cf000 (0/5000.0/LOC) GPU/0-df000 (2/370.8/NVL) GPU/0-ef000 (2/370.8/NVL) NVS/0-0 (1/370.8/NVL) CPU/0-0 (3/22.0/SYS) CPU/0-1 (2/48.0/PHB) 
furious-puma-1:127998:129013 [2] NCCL INFO GPU/0-df000 :GPU/0-7f000 (2/370.8/NVL) GPU/0-8f000 (2/370.8/NVL) GPU/0-9f000 (2/370.8/NVL) GPU/0-af000 (2/370.8/NVL) GPU/0-bf000 (2/370.8/NVL) GPU/0-cf000 (2/370.8/NVL) GPU/0-df000 (0/5000.0/LOC) GPU/0-ef000 (2/370.8/NVL) NVS/0-0 (1/370.8/NVL) CPU/0-0 (3/22.0/SYS) CPU/0-1 (2/48.0/PHB) 
furious-puma-1:127998:129013 [2] NCCL INFO GPU/0-ef000 :GPU/0-7f000 (2/370.8/NVL) GPU/0-8f000 (2/370.8/NVL) GPU/0-9f000 (2/370.8/NVL) GPU/0-af000 (2/370.8/NVL) GPU/0-bf000 (2/370.8/NVL) GPU/0-cf000 (2/370.8/NVL) GPU/0-df000 (2/370.8/NVL) GPU/0-ef000 (0/5000.0/LOC) NVS/0-0 (1/370.8/NVL) CPU/0-0 (3/22.0/SYS) CPU/0-1 (2/48.0/PHB) 
furious-puma-1:127998:129013 [2] NCCL INFO Setting affinity for GPU 2 to 0-79
furious-puma-1:127998:129013 [2] NCCL INFO NVLS multicast support is available on dev 2 (NVLS_NCHANNELS 16)
furious-puma-1:127999:128974 [3] NCCL INFO === System : maxBw 370.8 totalBw 370.8 ===
furious-puma-1:127999:128974 [3] NCCL INFO CPU/0-0 (1/1/3)
furious-puma-1:127999:128974 [3] NCCL INFO + PCI[48.0] - PCI/0-ffffff010 (0)
furious-puma-1:127999:128974 [3] NCCL INFO               + PCI[48.0] - GPU/0-7f000 (0)
furious-puma-1:127999:128974 [3] NCCL INFO                             + NVL[370.8] - NVS/0-0
furious-puma-1:127999:128974 [3] NCCL INFO               + PCI[48.0] - NIC/0-80000
furious-puma-1:127999:128974 [3] NCCL INFO + PCI[48.0] - PCI/0-ffffff020 (0)
furious-puma-1:127999:128974 [3] NCCL INFO               + PCI[48.0] - NIC/0-90000
furious-puma-1:127999:128974 [3] NCCL INFO               + PCI[48.0] - GPU/0-8f000 (1)
furious-puma-1:127999:128974 [3] NCCL INFO                             + NVL[370.8] - NVS/0-0
furious-puma-1:127999:128974 [3] NCCL INFO + PCI[48.0] - PCI/0-ffffff030 (0)
furious-puma-1:127999:128974 [3] NCCL INFO               + PCI[48.0] - NIC/0-a0000
furious-puma-1:127999:128974 [3] NCCL INFO               + PCI[48.0] - GPU/0-9f000 (2)
furious-puma-1:127999:128974 [3] NCCL INFO                             + NVL[370.8] - NVS/0-0
furious-puma-1:127999:128974 [3] NCCL INFO + PCI[48.0] - PCI/0-ffffff040 (0)
furious-puma-1:127999:128974 [3] NCCL INFO               + PCI[48.0] - NIC/0-b0000
furious-puma-1:127999:128974 [3] NCCL INFO               + PCI[48.0] - GPU/0-af000 (3)
furious-puma-1:127999:128974 [3] NCCL INFO                             + NVL[370.8] - NVS/0-0
furious-puma-1:127999:128974 [3] NCCL INFO + SYS[22.0] - CPU/0-1
furious-puma-1:127999:128974 [3] NCCL INFO CPU/0-1 (1/1/3)
furious-puma-1:127999:128974 [3] NCCL INFO + PCI[48.0] - PCI/0-ffffff050 (0)
furious-puma-1:127999:128974 [3] NCCL INFO               + PCI[48.0] - NIC/0-c0000
furious-puma-1:127999:128974 [3] NCCL INFO               + PCI[48.0] - GPU/0-bf000 (4)
furious-puma-1:127999:128974 [3] NCCL INFO                             + NVL[370.8] - NVS/0-0
furious-puma-1:127999:128974 [3] NCCL INFO + PCI[48.0] - PCI/0-ffffff060 (0)
furious-puma-1:127999:128974 [3] NCCL INFO               + PCI[48.0] - NIC/0-d0000
furious-puma-1:127999:128974 [3] NCCL INFO               + PCI[48.0] - GPU/0-cf000 (5)
furious-puma-1:127999:128974 [3] NCCL INFO                             + NVL[370.8] - NVS/0-0
furious-puma-1:127999:128974 [3] NCCL INFO + PCI[48.0] - PCI/0-ffffff070 (0)
furious-puma-1:127999:128974 [3] NCCL INFO               + PCI[48.0] - NIC/0-e0000
furious-puma-1:127999:128974 [3] NCCL INFO               + PCI[48.0] - GPU/0-df000 (6)
furious-puma-1:127999:128974 [3] NCCL INFO                             + NVL[370.8] - NVS/0-0
furious-puma-1:127999:128974 [3] NCCL INFO + PCI[48.0] - PCI/0-ffffff080 (0)
furious-puma-1:127999:128974 [3] NCCL INFO               + PCI[48.0] - NIC/0-f0000
furious-puma-1:127999:128974 [3] NCCL INFO               + PCI[48.0] - GPU/0-ef000 (7)
furious-puma-1:127999:128974 [3] NCCL INFO                             + NVL[370.8] - NVS/0-0
furious-puma-1:127999:128974 [3] NCCL INFO + SYS[22.0] - CPU/0-0
furious-puma-1:127999:128974 [3] NCCL INFO ==========================================
furious-puma-1:127999:128974 [3] NCCL INFO GPU/0-7f000 :GPU/0-7f000 (0/5000.0/LOC) GPU/0-8f000 (2/370.8/NVL) GPU/0-9f000 (2/370.8/NVL) GPU/0-af000 (2/370.8/NVL) GPU/0-bf000 (2/370.8/NVL) GPU/0-cf000 (2/370.8/NVL) GPU/0-df000 (2/370.8/NVL) GPU/0-ef000 (2/370.8/NVL) NVS/0-0 (1/370.8/NVL) CPU/0-0 (2/48.0/PHB) CPU/0-1 (3/22.0/SYS) 
furious-puma-1:127999:128974 [3] NCCL INFO GPU/0-8f000 :GPU/0-7f000 (2/370.8/NVL) GPU/0-8f000 (0/5000.0/LOC) GPU/0-9f000 (2/370.8/NVL) GPU/0-af000 (2/370.8/NVL) GPU/0-bf000 (2/370.8/NVL) GPU/0-cf000 (2/370.8/NVL) GPU/0-df000 (2/370.8/NVL) GPU/0-ef000 (2/370.8/NVL) NVS/0-0 (1/370.8/NVL) CPU/0-0 (2/48.0/PHB) CPU/0-1 (3/22.0/SYS) 
furious-puma-1:127999:128974 [3] NCCL INFO GPU/0-9f000 :GPU/0-7f000 (2/370.8/NVL) GPU/0-8f000 (2/370.8/NVL) GPU/0-9f000 (0/5000.0/LOC) GPU/0-af000 (2/370.8/NVL) GPU/0-bf000 (2/370.8/NVL) GPU/0-cf000 (2/370.8/NVL) GPU/0-df000 (2/370.8/NVL) GPU/0-ef000 (2/370.8/NVL) NVS/0-0 (1/370.8/NVL) CPU/0-0 (2/48.0/PHB) CPU/0-1 (3/22.0/SYS) 
furious-puma-1:127999:128974 [3] NCCL INFO GPU/0-af000 :GPU/0-7f000 (2/370.8/NVL) GPU/0-8f000 (2/370.8/NVL) GPU/0-9f000 (2/370.8/NVL) GPU/0-af000 (0/5000.0/LOC) GPU/0-bf000 (2/370.8/NVL) GPU/0-cf000 (2/370.8/NVL) GPU/0-df000 (2/370.8/NVL) GPU/0-ef000 (2/370.8/NVL) NVS/0-0 (1/370.8/NVL) CPU/0-0 (2/48.0/PHB) CPU/0-1 (3/22.0/SYS) 
furious-puma-1:127999:128974 [3] NCCL INFO GPU/0-bf000 :GPU/0-7f000 (2/370.8/NVL) GPU/0-8f000 (2/370.8/NVL) GPU/0-9f000 (2/370.8/NVL) GPU/0-af000 (2/370.8/NVL) GPU/0-bf000 (0/5000.0/LOC) GPU/0-cf000 (2/370.8/NVL) GPU/0-df000 (2/370.8/NVL) GPU/0-ef000 (2/370.8/NVL) NVS/0-0 (1/370.8/NVL) CPU/0-0 (3/22.0/SYS) CPU/0-1 (2/48.0/PHB) 
furious-puma-1:128000:129030 [4] NCCL INFO GPU Direct RDMA Enabled for GPU 0 / HCA 0 (distance 4 <= 5), read 0 mode Default
furious-puma-1:127999:128974 [3] NCCL INFO GPU/0-cf000 :GPU/0-7f000 (2/370.8/NVL) GPU/0-8f000 (2/370.8/NVL) GPU/0-9f000 (2/370.8/NVL) GPU/0-af000 (2/370.8/NVL) GPU/0-bf000 (2/370.8/NVL) GPU/0-cf000 (0/5000.0/LOC) GPU/0-df000 (2/370.8/NVL) GPU/0-ef000 (2/370.8/NVL) NVS/0-0 (1/370.8/NVL) CPU/0-0 (3/22.0/SYS) CPU/0-1 (2/48.0/PHB) 
furious-puma-1:128000:129030 [4] NCCL INFO GPU Direct RDMA Enabled for GPU 1 / HCA 0 (distance 4 <= 5), read 0 mode Default
furious-puma-1:128000:129030 [4] NCCL INFO GPU Direct RDMA Enabled for GPU 2 / HCA 0 (distance 4 <= 5), read 0 mode Default
furious-puma-1:128000:129030 [4] NCCL INFO GPU Direct RDMA Enabled for GPU 3 / HCA 0 (distance 4 <= 5), read 0 mode Default
furious-puma-1:128000:129030 [4] NCCL INFO GPU Direct RDMA Enabled for GPU 4 / HCA 0 (distance 4 <= 5), read 0 mode Default
furious-puma-1:127999:128974 [3] NCCL INFO GPU/0-df000 :GPU/0-7f000 (2/370.8/NVL) GPU/0-8f000 (2/370.8/NVL) GPU/0-9f000 (2/370.8/NVL) GPU/0-af000 (2/370.8/NVL) GPU/0-bf000 (2/370.8/NVL) GPU/0-cf000 (2/370.8/NVL) GPU/0-df000 (0/5000.0/LOC) GPU/0-ef000 (2/370.8/NVL) NVS/0-0 (1/370.8/NVL) CPU/0-0 (3/22.0/SYS) CPU/0-1 (2/48.0/PHB) 
furious-puma-1:128000:129030 [4] NCCL INFO GPU Direct RDMA Enabled for GPU 5 / HCA 0 (distance 4 <= 5), read 0 mode Default
furious-puma-1:128000:129030 [4] NCCL INFO GPU Direct RDMA Enabled for GPU 6 / HCA 0 (distance 4 <= 5), read 0 mode Default
furious-puma-1:128000:129030 [4] NCCL INFO GPU Direct RDMA Enabled for GPU 7 / HCA 0 (distance 4 <= 5), read 0 mode Default
furious-puma-1:128000:129030 [4] NCCL INFO GPU Direct RDMA Enabled for GPU 0 / HCA 1 (distance 4 <= 5), read 0 mode Default
furious-puma-1:128000:129030 [4] NCCL INFO GPU Direct RDMA Enabled for GPU 1 / HCA 1 (distance 4 <= 5), read 0 mode Default
furious-puma-1:127999:128974 [3] NCCL INFO GPU/0-ef000 :GPU/0-7f000 (2/370.8/NVL) GPU/0-8f000 (2/370.8/NVL) GPU/0-9f000 (2/370.8/NVL) GPU/0-af000 (2/370.8/NVL) GPU/0-bf000 (2/370.8/NVL) GPU/0-cf000 (2/370.8/NVL) GPU/0-df000 (2/370.8/NVL) GPU/0-ef000 (0/5000.0/LOC) NVS/0-0 (1/370.8/NVL) CPU/0-0 (3/22.0/SYS) CPU/0-1 (2/48.0/PHB) 
furious-puma-1:128000:129030 [4] NCCL INFO GPU Direct RDMA Enabled for GPU 2 / HCA 1 (distance 4 <= 5), read 0 mode Default
furious-puma-1:128000:129030 [4] NCCL INFO GPU Direct RDMA Enabled for GPU 3 / HCA 1 (distance 4 <= 5), read 0 mode Default
furious-puma-1:128000:129030 [4] NCCL INFO GPU Direct RDMA Enabled for GPU 4 / HCA 1 (distance 4 <= 5), read 0 mode Default
furious-puma-1:128000:129030 [4] NCCL INFO GPU Direct RDMA Enabled for GPU 5 / HCA 1 (distance 4 <= 5), read 0 mode Default
furious-puma-1:127999:128974 [3] NCCL INFO Setting affinity for GPU 3 to 0-79
furious-puma-1:128000:129030 [4] NCCL INFO GPU Direct RDMA Enabled for GPU 6 / HCA 1 (distance 4 <= 5), read 0 mode Default
furious-puma-1:128000:129030 [4] NCCL INFO GPU Direct RDMA Enabled for GPU 7 / HCA 1 (distance 4 <= 5), read 0 mode Default
furious-puma-1:128001:128978 [5] NCCL INFO GPU Direct RDMA Enabled for GPU 0 / HCA 0 (distance 4 <= 5), read 0 mode Default
furious-puma-1:128000:129030 [4] NCCL INFO GPU Direct RDMA Enabled for GPU 0 / HCA 2 (distance 4 <= 5), read 0 mode Default
furious-puma-1:128001:128978 [5] NCCL INFO GPU Direct RDMA Enabled for GPU 1 / HCA 0 (distance 4 <= 5), read 0 mode Default
furious-puma-1:128000:129030 [4] NCCL INFO GPU Direct RDMA Enabled for GPU 1 / HCA 2 (distance 4 <= 5), read 0 mode Default
furious-puma-1:128001:128978 [5] NCCL INFO GPU Direct RDMA Enabled for GPU 2 / HCA 0 (distance 4 <= 5), read 0 mode Default
furious-puma-1:128000:129030 [4] NCCL INFO GPU Direct RDMA Enabled for GPU 2 / HCA 2 (distance 4 <= 5), read 0 mode Default
furious-puma-1:128001:128978 [5] NCCL INFO GPU Direct RDMA Enabled for GPU 3 / HCA 0 (distance 4 <= 5), read 0 mode Default
furious-puma-1:128000:129030 [4] NCCL INFO GPU Direct RDMA Enabled for GPU 3 / HCA 2 (distance 4 <= 5), read 0 mode Default
furious-puma-1:128001:128978 [5] NCCL INFO GPU Direct RDMA Enabled for GPU 4 / HCA 0 (distance 4 <= 5), read 0 mode Default
furious-puma-1:128000:129030 [4] NCCL INFO GPU Direct RDMA Enabled for GPU 4 / HCA 2 (distance 4 <= 5), read 0 mode Default
furious-puma-1:128001:128978 [5] NCCL INFO GPU Direct RDMA Enabled for GPU 5 / HCA 0 (distance 4 <= 5), read 0 mode Default
furious-puma-1:128000:129030 [4] NCCL INFO GPU Direct RDMA Enabled for GPU 5 / HCA 2 (distance 4 <= 5), read 0 mode Default
furious-puma-1:128000:129030 [4] NCCL INFO GPU Direct RDMA Enabled for GPU 6 / HCA 2 (distance 4 <= 5), read 0 mode Default
furious-puma-1:128001:128978 [5] NCCL INFO GPU Direct RDMA Enabled for GPU 6 / HCA 0 (distance 4 <= 5), read 0 mode Default
furious-puma-1:128000:129030 [4] NCCL INFO GPU Direct RDMA Enabled for GPU 7 / HCA 2 (distance 4 <= 5), read 0 mode Default
furious-puma-1:128001:128978 [5] NCCL INFO GPU Direct RDMA Enabled for GPU 7 / HCA 0 (distance 4 <= 5), read 0 mode Default
furious-puma-1:128000:129030 [4] NCCL INFO GPU Direct RDMA Enabled for GPU 0 / HCA 3 (distance 4 <= 5), read 0 mode Default
furious-puma-1:128001:128978 [5] NCCL INFO GPU Direct RDMA Enabled for GPU 0 / HCA 1 (distance 4 <= 5), read 0 mode Default
furious-puma-1:128000:129030 [4] NCCL INFO GPU Direct RDMA Enabled for GPU 1 / HCA 3 (distance 4 <= 5), read 0 mode Default
furious-puma-1:128001:128978 [5] NCCL INFO GPU Direct RDMA Enabled for GPU 1 / HCA 1 (distance 4 <= 5), read 0 mode Default
furious-puma-1:128000:129030 [4] NCCL INFO GPU Direct RDMA Enabled for GPU 2 / HCA 3 (distance 4 <= 5), read 0 mode Default
furious-puma-1:128001:128978 [5] NCCL INFO GPU Direct RDMA Enabled for GPU 2 / HCA 1 (distance 4 <= 5), read 0 mode Default
furious-puma-1:128000:129030 [4] NCCL INFO GPU Direct RDMA Enabled for GPU 3 / HCA 3 (distance 4 <= 5), read 0 mode Default
furious-puma-1:128001:128978 [5] NCCL INFO GPU Direct RDMA Enabled for GPU 3 / HCA 1 (distance 4 <= 5), read 0 mode Default
furious-puma-1:128000:129030 [4] NCCL INFO GPU Direct RDMA Enabled for GPU 4 / HCA 3 (distance 4 <= 5), read 0 mode Default
furious-puma-1:128001:128978 [5] NCCL INFO GPU Direct RDMA Enabled for GPU 4 / HCA 1 (distance 4 <= 5), read 0 mode Default
furious-puma-1:128000:129030 [4] NCCL INFO GPU Direct RDMA Enabled for GPU 5 / HCA 3 (distance 4 <= 5), read 0 mode Default
furious-puma-1:128001:128978 [5] NCCL INFO GPU Direct RDMA Enabled for GPU 5 / HCA 1 (distance 4 <= 5), read 0 mode Default
furious-puma-1:128000:129030 [4] NCCL INFO GPU Direct RDMA Enabled for GPU 6 / HCA 3 (distance 4 <= 5), read 0 mode Default
furious-puma-1:128001:128978 [5] NCCL INFO GPU Direct RDMA Enabled for GPU 6 / HCA 1 (distance 4 <= 5), read 0 mode Default
furious-puma-1:128000:129030 [4] NCCL INFO GPU Direct RDMA Enabled for GPU 7 / HCA 3 (distance 4 <= 5), read 0 mode Default
furious-puma-1:128001:128978 [5] NCCL INFO GPU Direct RDMA Enabled for GPU 7 / HCA 1 (distance 4 <= 5), read 0 mode Default
furious-puma-1:128000:129030 [4] NCCL INFO GPU Direct RDMA Enabled for GPU 0 / HCA 4 (distance 4 <= 5), read 0 mode Default
furious-puma-1:128001:128978 [5] NCCL INFO GPU Direct RDMA Enabled for GPU 0 / HCA 2 (distance 4 <= 5), read 0 mode Default
furious-puma-1:128000:129030 [4] NCCL INFO GPU Direct RDMA Enabled for GPU 1 / HCA 4 (distance 4 <= 5), read 0 mode Default
furious-puma-1:128001:128978 [5] NCCL INFO GPU Direct RDMA Enabled for GPU 1 / HCA 2 (distance 4 <= 5), read 0 mode Default
furious-puma-1:128000:129030 [4] NCCL INFO GPU Direct RDMA Enabled for GPU 2 / HCA 4 (distance 4 <= 5), read 0 mode Default
furious-puma-1:128001:128978 [5] NCCL INFO GPU Direct RDMA Enabled for GPU 2 / HCA 2 (distance 4 <= 5), read 0 mode Default
furious-puma-1:128000:129030 [4] NCCL INFO GPU Direct RDMA Enabled for GPU 3 / HCA 4 (distance 4 <= 5), read 0 mode Default
furious-puma-1:128001:128978 [5] NCCL INFO GPU Direct RDMA Enabled for GPU 3 / HCA 2 (distance 4 <= 5), read 0 mode Default
furious-puma-1:128000:129030 [4] NCCL INFO GPU Direct RDMA Enabled for GPU 4 / HCA 4 (distance 4 <= 5), read 0 mode Default
furious-puma-1:128001:128978 [5] NCCL INFO GPU Direct RDMA Enabled for GPU 4 / HCA 2 (distance 4 <= 5), read 0 mode Default
furious-puma-1:128000:129030 [4] NCCL INFO GPU Direct RDMA Enabled for GPU 5 / HCA 4 (distance 4 <= 5), read 0 mode Default
furious-puma-1:128001:128978 [5] NCCL INFO GPU Direct RDMA Enabled for GPU 5 / HCA 2 (distance 4 <= 5), read 0 mode Default
furious-puma-1:128000:129030 [4] NCCL INFO GPU Direct RDMA Enabled for GPU 6 / HCA 4 (distance 4 <= 5), read 0 mode Default
furious-puma-1:128001:128978 [5] NCCL INFO GPU Direct RDMA Enabled for GPU 6 / HCA 2 (distance 4 <= 5), read 0 mode Default
furious-puma-1:128000:129030 [4] NCCL INFO GPU Direct RDMA Enabled for GPU 7 / HCA 4 (distance 4 <= 5), read 0 mode Default
furious-puma-1:128001:128978 [5] NCCL INFO GPU Direct RDMA Enabled for GPU 7 / HCA 2 (distance 4 <= 5), read 0 mode Default
furious-puma-1:128000:129030 [4] NCCL INFO GPU Direct RDMA Enabled for GPU 0 / HCA 5 (distance 4 <= 5), read 0 mode Default
furious-puma-1:128001:128978 [5] NCCL INFO GPU Direct RDMA Enabled for GPU 0 / HCA 3 (distance 4 <= 5), read 0 mode Default
furious-puma-1:128000:129030 [4] NCCL INFO GPU Direct RDMA Enabled for GPU 1 / HCA 5 (distance 4 <= 5), read 0 mode Default
furious-puma-1:128001:128978 [5] NCCL INFO GPU Direct RDMA Enabled for GPU 1 / HCA 3 (distance 4 <= 5), read 0 mode Default
furious-puma-1:128000:129030 [4] NCCL INFO GPU Direct RDMA Enabled for GPU 2 / HCA 5 (distance 4 <= 5), read 0 mode Default
furious-puma-1:128001:128978 [5] NCCL INFO GPU Direct RDMA Enabled for GPU 2 / HCA 3 (distance 4 <= 5), read 0 mode Default
furious-puma-1:128000:129030 [4] NCCL INFO GPU Direct RDMA Enabled for GPU 3 / HCA 5 (distance 4 <= 5), read 0 mode Default
furious-puma-1:128001:128978 [5] NCCL INFO GPU Direct RDMA Enabled for GPU 3 / HCA 3 (distance 4 <= 5), read 0 mode Default
furious-puma-1:128000:129030 [4] NCCL INFO GPU Direct RDMA Enabled for GPU 4 / HCA 5 (distance 4 <= 5), read 0 mode Default
furious-puma-1:128001:128978 [5] NCCL INFO GPU Direct RDMA Enabled for GPU 4 / HCA 3 (distance 4 <= 5), read 0 mode Default
furious-puma-1:128000:129030 [4] NCCL INFO GPU Direct RDMA Enabled for GPU 5 / HCA 5 (distance 4 <= 5), read 0 mode Default
furious-puma-1:128001:128978 [5] NCCL INFO GPU Direct RDMA Enabled for GPU 5 / HCA 3 (distance 4 <= 5), read 0 mode Default
furious-puma-1:128000:129030 [4] NCCL INFO GPU Direct RDMA Enabled for GPU 6 / HCA 5 (distance 4 <= 5), read 0 mode Default
furious-puma-1:128001:128978 [5] NCCL INFO GPU Direct RDMA Enabled for GPU 6 / HCA 3 (distance 4 <= 5), read 0 mode Default
furious-puma-1:128000:129030 [4] NCCL INFO GPU Direct RDMA Enabled for GPU 7 / HCA 5 (distance 4 <= 5), read 0 mode Default
furious-puma-1:128001:128978 [5] NCCL INFO GPU Direct RDMA Enabled for GPU 7 / HCA 3 (distance 4 <= 5), read 0 mode Default
furious-puma-1:128000:129030 [4] NCCL INFO GPU Direct RDMA Enabled for GPU 0 / HCA 6 (distance 4 <= 5), read 0 mode Default
furious-puma-1:128001:128978 [5] NCCL INFO GPU Direct RDMA Enabled for GPU 0 / HCA 4 (distance 4 <= 5), read 0 mode Default
furious-puma-1:128000:129030 [4] NCCL INFO GPU Direct RDMA Enabled for GPU 1 / HCA 6 (distance 4 <= 5), read 0 mode Default
furious-puma-1:128001:128978 [5] NCCL INFO GPU Direct RDMA Enabled for GPU 1 / HCA 4 (distance 4 <= 5), read 0 mode Default
furious-puma-1:128000:129030 [4] NCCL INFO GPU Direct RDMA Enabled for GPU 2 / HCA 6 (distance 4 <= 5), read 0 mode Default
furious-puma-1:128001:128978 [5] NCCL INFO GPU Direct RDMA Enabled for GPU 2 / HCA 4 (distance 4 <= 5), read 0 mode Default
furious-puma-1:128000:129030 [4] NCCL INFO GPU Direct RDMA Enabled for GPU 3 / HCA 6 (distance 4 <= 5), read 0 mode Default
furious-puma-1:128001:128978 [5] NCCL INFO GPU Direct RDMA Enabled for GPU 3 / HCA 4 (distance 4 <= 5), read 0 mode Default
furious-puma-1:128000:129030 [4] NCCL INFO GPU Direct RDMA Enabled for GPU 4 / HCA 6 (distance 4 <= 5), read 0 mode Default
furious-puma-1:128001:128978 [5] NCCL INFO GPU Direct RDMA Enabled for GPU 4 / HCA 4 (distance 4 <= 5), read 0 mode Default
furious-puma-1:128000:129030 [4] NCCL INFO GPU Direct RDMA Enabled for GPU 5 / HCA 6 (distance 4 <= 5), read 0 mode Default
furious-puma-1:128001:128978 [5] NCCL INFO GPU Direct RDMA Enabled for GPU 5 / HCA 4 (distance 4 <= 5), read 0 mode Default
furious-puma-1:128000:129030 [4] NCCL INFO GPU Direct RDMA Enabled for GPU 6 / HCA 6 (distance 4 <= 5), read 0 mode Default
furious-puma-1:128001:128978 [5] NCCL INFO GPU Direct RDMA Enabled for GPU 6 / HCA 4 (distance 4 <= 5), read 0 mode Default
furious-puma-1:128000:129030 [4] NCCL INFO GPU Direct RDMA Enabled for GPU 7 / HCA 6 (distance 4 <= 5), read 0 mode Default
furious-puma-1:128001:128978 [5] NCCL INFO GPU Direct RDMA Enabled for GPU 7 / HCA 4 (distance 4 <= 5), read 0 mode Default
furious-puma-1:128000:129030 [4] NCCL INFO GPU Direct RDMA Enabled for GPU 0 / HCA 7 (distance 4 <= 5), read 0 mode Default
furious-puma-1:128001:128978 [5] NCCL INFO GPU Direct RDMA Enabled for GPU 0 / HCA 5 (distance 4 <= 5), read 0 mode Default
furious-puma-1:128000:129030 [4] NCCL INFO GPU Direct RDMA Enabled for GPU 1 / HCA 7 (distance 4 <= 5), read 0 mode Default
furious-puma-1:128001:128978 [5] NCCL INFO GPU Direct RDMA Enabled for GPU 1 / HCA 5 (distance 4 <= 5), read 0 mode Default
furious-puma-1:128000:129030 [4] NCCL INFO GPU Direct RDMA Enabled for GPU 2 / HCA 7 (distance 4 <= 5), read 0 mode Default
furious-puma-1:128001:128978 [5] NCCL INFO GPU Direct RDMA Enabled for GPU 2 / HCA 5 (distance 4 <= 5), read 0 mode Default
furious-puma-1:128000:129030 [4] NCCL INFO GPU Direct RDMA Enabled for GPU 3 / HCA 7 (distance 4 <= 5), read 0 mode Default
furious-puma-1:128001:128978 [5] NCCL INFO GPU Direct RDMA Enabled for GPU 3 / HCA 5 (distance 4 <= 5), read 0 mode Default
furious-puma-1:128000:129030 [4] NCCL INFO GPU Direct RDMA Enabled for GPU 4 / HCA 7 (distance 4 <= 5), read 0 mode Default
furious-puma-1:128001:128978 [5] NCCL INFO GPU Direct RDMA Enabled for GPU 4 / HCA 5 (distance 4 <= 5), read 0 mode Default
furious-puma-1:128000:129030 [4] NCCL INFO GPU Direct RDMA Enabled for GPU 5 / HCA 7 (distance 4 <= 5), read 0 mode Default
furious-puma-1:128001:128978 [5] NCCL INFO GPU Direct RDMA Enabled for GPU 5 / HCA 5 (distance 4 <= 5), read 0 mode Default
furious-puma-1:128000:129030 [4] NCCL INFO GPU Direct RDMA Enabled for GPU 6 / HCA 7 (distance 4 <= 5), read 0 mode Default
furious-puma-1:128001:128978 [5] NCCL INFO GPU Direct RDMA Enabled for GPU 6 / HCA 5 (distance 4 <= 5), read 0 mode Default
furious-puma-1:128000:129030 [4] NCCL INFO GPU Direct RDMA Enabled for GPU 7 / HCA 7 (distance 4 <= 5), read 0 mode Default
furious-puma-1:128001:128978 [5] NCCL INFO GPU Direct RDMA Enabled for GPU 7 / HCA 5 (distance 4 <= 5), read 0 mode Default
furious-puma-1:128001:128978 [5] NCCL INFO GPU Direct RDMA Enabled for GPU 0 / HCA 6 (distance 4 <= 5), read 0 mode Default
furious-puma-1:128001:128978 [5] NCCL INFO GPU Direct RDMA Enabled for GPU 1 / HCA 6 (distance 4 <= 5), read 0 mode Default
furious-puma-1:128001:128978 [5] NCCL INFO GPU Direct RDMA Enabled for GPU 2 / HCA 6 (distance 4 <= 5), read 0 mode Default
furious-puma-1:128001:128978 [5] NCCL INFO GPU Direct RDMA Enabled for GPU 3 / HCA 6 (distance 4 <= 5), read 0 mode Default
furious-puma-1:128001:128978 [5] NCCL INFO GPU Direct RDMA Enabled for GPU 4 / HCA 6 (distance 4 <= 5), read 0 mode Default
furious-puma-1:128001:128978 [5] NCCL INFO GPU Direct RDMA Enabled for GPU 5 / HCA 6 (distance 4 <= 5), read 0 mode Default
furious-puma-1:128001:128978 [5] NCCL INFO GPU Direct RDMA Enabled for GPU 6 / HCA 6 (distance 4 <= 5), read 0 mode Default
furious-puma-1:128001:128978 [5] NCCL INFO GPU Direct RDMA Enabled for GPU 7 / HCA 6 (distance 4 <= 5), read 0 mode Default
furious-puma-1:128001:128978 [5] NCCL INFO GPU Direct RDMA Enabled for GPU 0 / HCA 7 (distance 4 <= 5), read 0 mode Default
furious-puma-1:128001:128978 [5] NCCL INFO GPU Direct RDMA Enabled for GPU 1 / HCA 7 (distance 4 <= 5), read 0 mode Default
furious-puma-1:128001:128978 [5] NCCL INFO GPU Direct RDMA Enabled for GPU 2 / HCA 7 (distance 4 <= 5), read 0 mode Default
furious-puma-1:128001:128978 [5] NCCL INFO GPU Direct RDMA Enabled for GPU 3 / HCA 7 (distance 4 <= 5), read 0 mode Default
furious-puma-1:127999:128974 [3] NCCL INFO NVLS multicast support is available on dev 3 (NVLS_NCHANNELS 16)
furious-puma-1:128001:128978 [5] NCCL INFO GPU Direct RDMA Enabled for GPU 4 / HCA 7 (distance 4 <= 5), read 0 mode Default
furious-puma-1:128001:128978 [5] NCCL INFO GPU Direct RDMA Enabled for GPU 5 / HCA 7 (distance 4 <= 5), read 0 mode Default
furious-puma-1:128001:128978 [5] NCCL INFO GPU Direct RDMA Enabled for GPU 6 / HCA 7 (distance 4 <= 5), read 0 mode Default
furious-puma-1:128001:128978 [5] NCCL INFO GPU Direct RDMA Enabled for GPU 7 / HCA 7 (distance 4 <= 5), read 0 mode Default
furious-puma-1:128000:129030 [4] NCCL INFO === System : maxBw 370.8 totalBw 370.8 ===
furious-puma-1:128000:129030 [4] NCCL INFO CPU/0-0 (1/1/3)
furious-puma-1:128000:129030 [4] NCCL INFO + PCI[48.0] - PCI/0-ffffff010 (0)
furious-puma-1:128000:129030 [4] NCCL INFO               + PCI[48.0] - GPU/0-7f000 (0)
furious-puma-1:128000:129030 [4] NCCL INFO                             + NVL[370.8] - NVS/0-0
furious-puma-1:128000:129030 [4] NCCL INFO               + PCI[48.0] - NIC/0-80000
furious-puma-1:128000:129030 [4] NCCL INFO + PCI[48.0] - PCI/0-ffffff020 (0)
furious-puma-1:128000:129030 [4] NCCL INFO               + PCI[48.0] - NIC/0-90000
furious-puma-1:128000:129030 [4] NCCL INFO               + PCI[48.0] - GPU/0-8f000 (1)
furious-puma-1:128000:129030 [4] NCCL INFO                             + NVL[370.8] - NVS/0-0
furious-puma-1:128001:128978 [5] NCCL INFO === System : maxBw 370.8 totalBw 370.8 ===
furious-puma-1:128000:129030 [4] NCCL INFO + PCI[48.0] - PCI/0-ffffff030 (0)
furious-puma-1:128000:129030 [4] NCCL INFO               + PCI[48.0] - NIC/0-a0000
furious-puma-1:128001:128978 [5] NCCL INFO CPU/0-0 (1/1/3)
furious-puma-1:128000:129030 [4] NCCL INFO               + PCI[48.0] - GPU/0-9f000 (2)
furious-puma-1:128001:128978 [5] NCCL INFO + PCI[48.0] - PCI/0-ffffff010 (0)
furious-puma-1:128000:129030 [4] NCCL INFO                             + NVL[370.8] - NVS/0-0
furious-puma-1:128001:128978 [5] NCCL INFO               + PCI[48.0] - GPU/0-7f000 (0)
furious-puma-1:128000:129030 [4] NCCL INFO + PCI[48.0] - PCI/0-ffffff040 (0)
furious-puma-1:128001:128978 [5] NCCL INFO                             + NVL[370.8] - NVS/0-0
furious-puma-1:128000:129030 [4] NCCL INFO               + PCI[48.0] - NIC/0-b0000
furious-puma-1:128001:128978 [5] NCCL INFO               + PCI[48.0] - NIC/0-80000
furious-puma-1:128000:129030 [4] NCCL INFO               + PCI[48.0] - GPU/0-af000 (3)
furious-puma-1:128001:128978 [5] NCCL INFO + PCI[48.0] - PCI/0-ffffff020 (0)
furious-puma-1:128000:129030 [4] NCCL INFO                             + NVL[370.8] - NVS/0-0
furious-puma-1:128001:128978 [5] NCCL INFO               + PCI[48.0] - NIC/0-90000
furious-puma-1:128000:129030 [4] NCCL INFO + SYS[22.0] - CPU/0-1
furious-puma-1:128001:128978 [5] NCCL INFO               + PCI[48.0] - GPU/0-8f000 (1)
furious-puma-1:128000:129030 [4] NCCL INFO CPU/0-1 (1/1/3)
furious-puma-1:128000:129030 [4] NCCL INFO + PCI[48.0] - PCI/0-ffffff050 (0)
furious-puma-1:128001:128978 [5] NCCL INFO                             + NVL[370.8] - NVS/0-0
furious-puma-1:128000:129030 [4] NCCL INFO               + PCI[48.0] - NIC/0-c0000
furious-puma-1:128001:128978 [5] NCCL INFO + PCI[48.0] - PCI/0-ffffff030 (0)
furious-puma-1:128000:129030 [4] NCCL INFO               + PCI[48.0] - GPU/0-bf000 (4)
furious-puma-1:128001:128978 [5] NCCL INFO               + PCI[48.0] - NIC/0-a0000
furious-puma-1:128000:129030 [4] NCCL INFO                             + NVL[370.8] - NVS/0-0
furious-puma-1:128001:128978 [5] NCCL INFO               + PCI[48.0] - GPU/0-9f000 (2)
furious-puma-1:128000:129030 [4] NCCL INFO + PCI[48.0] - PCI/0-ffffff060 (0)
furious-puma-1:128001:128978 [5] NCCL INFO                             + NVL[370.8] - NVS/0-0
furious-puma-1:128000:129030 [4] NCCL INFO               + PCI[48.0] - NIC/0-d0000
furious-puma-1:128001:128978 [5] NCCL INFO + PCI[48.0] - PCI/0-ffffff040 (0)
furious-puma-1:128000:129030 [4] NCCL INFO               + PCI[48.0] - GPU/0-cf000 (5)
furious-puma-1:128001:128978 [5] NCCL INFO               + PCI[48.0] - NIC/0-b0000
furious-puma-1:128000:129030 [4] NCCL INFO                             + NVL[370.8] - NVS/0-0
furious-puma-1:128001:128978 [5] NCCL INFO               + PCI[48.0] - GPU/0-af000 (3)
furious-puma-1:128000:129030 [4] NCCL INFO + PCI[48.0] - PCI/0-ffffff070 (0)
furious-puma-1:128001:128978 [5] NCCL INFO                             + NVL[370.8] - NVS/0-0
furious-puma-1:128000:129030 [4] NCCL INFO               + PCI[48.0] - NIC/0-e0000
furious-puma-1:128001:128978 [5] NCCL INFO + SYS[22.0] - CPU/0-1
furious-puma-1:128000:129030 [4] NCCL INFO               + PCI[48.0] - GPU/0-df000 (6)
furious-puma-1:128001:128978 [5] NCCL INFO CPU/0-1 (1/1/3)
furious-puma-1:128000:129030 [4] NCCL INFO                             + NVL[370.8] - NVS/0-0
furious-puma-1:128001:128978 [5] NCCL INFO + PCI[48.0] - PCI/0-ffffff050 (0)
furious-puma-1:128000:129030 [4] NCCL INFO + PCI[48.0] - PCI/0-ffffff080 (0)
furious-puma-1:128001:128978 [5] NCCL INFO               + PCI[48.0] - NIC/0-c0000
furious-puma-1:128000:129030 [4] NCCL INFO               + PCI[48.0] - NIC/0-f0000
furious-puma-1:128001:128978 [5] NCCL INFO               + PCI[48.0] - GPU/0-bf000 (4)
furious-puma-1:128000:129030 [4] NCCL INFO               + PCI[48.0] - GPU/0-ef000 (7)
furious-puma-1:128001:128978 [5] NCCL INFO                             + NVL[370.8] - NVS/0-0
furious-puma-1:128000:129030 [4] NCCL INFO                             + NVL[370.8] - NVS/0-0
furious-puma-1:128001:128978 [5] NCCL INFO + PCI[48.0] - PCI/0-ffffff060 (0)
furious-puma-1:128000:129030 [4] NCCL INFO + SYS[22.0] - CPU/0-0
furious-puma-1:128001:128978 [5] NCCL INFO               + PCI[48.0] - NIC/0-d0000
furious-puma-1:128000:129030 [4] NCCL INFO ==========================================
furious-puma-1:128001:128978 [5] NCCL INFO               + PCI[48.0] - GPU/0-cf000 (5)
furious-puma-1:128001:128978 [5] NCCL INFO                             + NVL[370.8] - NVS/0-0
furious-puma-1:128001:128978 [5] NCCL INFO + PCI[48.0] - PCI/0-ffffff070 (0)
furious-puma-1:128001:128978 [5] NCCL INFO               + PCI[48.0] - NIC/0-e0000
furious-puma-1:128001:128978 [5] NCCL INFO               + PCI[48.0] - GPU/0-df000 (6)
furious-puma-1:128001:128978 [5] NCCL INFO                             + NVL[370.8] - NVS/0-0
furious-puma-1:128000:129030 [4] NCCL INFO GPU/0-7f000 :GPU/0-7f000 (0/5000.0/LOC) GPU/0-8f000 (2/370.8/NVL) GPU/0-9f000 (2/370.8/NVL) GPU/0-af000 (2/370.8/NVL) GPU/0-bf000 (2/370.8/NVL) GPU/0-cf000 (2/370.8/NVL) GPU/0-df000 (2/370.8/NVL) GPU/0-ef000 (2/370.8/NVL) NVS/0-0 (1/370.8/NVL) CPU/0-0 (2/48.0/PHB) CPU/0-1 (3/22.0/SYS) 
furious-puma-1:128001:128978 [5] NCCL INFO + PCI[48.0] - PCI/0-ffffff080 (0)
furious-puma-1:128001:128978 [5] NCCL INFO               + PCI[48.0] - NIC/0-f0000
furious-puma-1:128001:128978 [5] NCCL INFO               + PCI[48.0] - GPU/0-ef000 (7)
furious-puma-1:128001:128978 [5] NCCL INFO                             + NVL[370.8] - NVS/0-0
furious-puma-1:128001:128978 [5] NCCL INFO + SYS[22.0] - CPU/0-0
furious-puma-1:128000:129030 [4] NCCL INFO GPU/0-8f000 :GPU/0-7f000 (2/370.8/NVL) GPU/0-8f000 (0/5000.0/LOC) GPU/0-9f000 (2/370.8/NVL) GPU/0-af000 (2/370.8/NVL) GPU/0-bf000 (2/370.8/NVL) GPU/0-cf000 (2/370.8/NVL) GPU/0-df000 (2/370.8/NVL) GPU/0-ef000 (2/370.8/NVL) NVS/0-0 (1/370.8/NVL) CPU/0-0 (2/48.0/PHB) CPU/0-1 (3/22.0/SYS) 
furious-puma-1:128001:128978 [5] NCCL INFO ==========================================
furious-puma-1:128000:129030 [4] NCCL INFO GPU/0-9f000 :GPU/0-7f000 (2/370.8/NVL) GPU/0-8f000 (2/370.8/NVL) GPU/0-9f000 (0/5000.0/LOC) GPU/0-af000 (2/370.8/NVL) GPU/0-bf000 (2/370.8/NVL) GPU/0-cf000 (2/370.8/NVL) GPU/0-df000 (2/370.8/NVL) GPU/0-ef000 (2/370.8/NVL) NVS/0-0 (1/370.8/NVL) CPU/0-0 (2/48.0/PHB) CPU/0-1 (3/22.0/SYS) 
furious-puma-1:128001:128978 [5] NCCL INFO GPU/0-7f000 :GPU/0-7f000 (0/5000.0/LOC) GPU/0-8f000 (2/370.8/NVL) GPU/0-9f000 (2/370.8/NVL) GPU/0-af000 (2/370.8/NVL) GPU/0-bf000 (2/370.8/NVL) GPU/0-cf000 (2/370.8/NVL) GPU/0-df000 (2/370.8/NVL) GPU/0-ef000 (2/370.8/NVL) NVS/0-0 (1/370.8/NVL) CPU/0-0 (2/48.0/PHB) CPU/0-1 (3/22.0/SYS) 
furious-puma-1:128000:129030 [4] NCCL INFO GPU/0-af000 :GPU/0-7f000 (2/370.8/NVL) GPU/0-8f000 (2/370.8/NVL) GPU/0-9f000 (2/370.8/NVL) GPU/0-af000 (0/5000.0/LOC) GPU/0-bf000 (2/370.8/NVL) GPU/0-cf000 (2/370.8/NVL) GPU/0-df000 (2/370.8/NVL) GPU/0-ef000 (2/370.8/NVL) NVS/0-0 (1/370.8/NVL) CPU/0-0 (2/48.0/PHB) CPU/0-1 (3/22.0/SYS) 
furious-puma-1:128001:128978 [5] NCCL INFO GPU/0-8f000 :GPU/0-7f000 (2/370.8/NVL) GPU/0-8f000 (0/5000.0/LOC) GPU/0-9f000 (2/370.8/NVL) GPU/0-af000 (2/370.8/NVL) GPU/0-bf000 (2/370.8/NVL) GPU/0-cf000 (2/370.8/NVL) GPU/0-df000 (2/370.8/NVL) GPU/0-ef000 (2/370.8/NVL) NVS/0-0 (1/370.8/NVL) CPU/0-0 (2/48.0/PHB) CPU/0-1 (3/22.0/SYS) 
furious-puma-1:128000:129030 [4] NCCL INFO GPU/0-bf000 :GPU/0-7f000 (2/370.8/NVL) GPU/0-8f000 (2/370.8/NVL) GPU/0-9f000 (2/370.8/NVL) GPU/0-af000 (2/370.8/NVL) GPU/0-bf000 (0/5000.0/LOC) GPU/0-cf000 (2/370.8/NVL) GPU/0-df000 (2/370.8/NVL) GPU/0-ef000 (2/370.8/NVL) NVS/0-0 (1/370.8/NVL) CPU/0-0 (3/22.0/SYS) CPU/0-1 (2/48.0/PHB) 
furious-puma-1:128001:128978 [5] NCCL INFO GPU/0-9f000 :GPU/0-7f000 (2/370.8/NVL) GPU/0-8f000 (2/370.8/NVL) GPU/0-9f000 (0/5000.0/LOC) GPU/0-af000 (2/370.8/NVL) GPU/0-bf000 (2/370.8/NVL) GPU/0-cf000 (2/370.8/NVL) GPU/0-df000 (2/370.8/NVL) GPU/0-ef000 (2/370.8/NVL) NVS/0-0 (1/370.8/NVL) CPU/0-0 (2/48.0/PHB) CPU/0-1 (3/22.0/SYS) 
furious-puma-1:128001:128978 [5] NCCL INFO GPU/0-af000 :GPU/0-7f000 (2/370.8/NVL) GPU/0-8f000 (2/370.8/NVL) GPU/0-9f000 (2/370.8/NVL) GPU/0-af000 (0/5000.0/LOC) GPU/0-bf000 (2/370.8/NVL) GPU/0-cf000 (2/370.8/NVL) GPU/0-df000 (2/370.8/NVL) GPU/0-ef000 (2/370.8/NVL) NVS/0-0 (1/370.8/NVL) CPU/0-0 (2/48.0/PHB) CPU/0-1 (3/22.0/SYS) 
furious-puma-1:128000:129030 [4] NCCL INFO GPU/0-cf000 :GPU/0-7f000 (2/370.8/NVL) GPU/0-8f000 (2/370.8/NVL) GPU/0-9f000 (2/370.8/NVL) GPU/0-af000 (2/370.8/NVL) GPU/0-bf000 (2/370.8/NVL) GPU/0-cf000 (0/5000.0/LOC) GPU/0-df000 (2/370.8/NVL) GPU/0-ef000 (2/370.8/NVL) NVS/0-0 (1/370.8/NVL) CPU/0-0 (3/22.0/SYS) CPU/0-1 (2/48.0/PHB) 
furious-puma-1:128001:128978 [5] NCCL INFO GPU/0-bf000 :GPU/0-7f000 (2/370.8/NVL) GPU/0-8f000 (2/370.8/NVL) GPU/0-9f000 (2/370.8/NVL) GPU/0-af000 (2/370.8/NVL) GPU/0-bf000 (0/5000.0/LOC) GPU/0-cf000 (2/370.8/NVL) GPU/0-df000 (2/370.8/NVL) GPU/0-ef000 (2/370.8/NVL) NVS/0-0 (1/370.8/NVL) CPU/0-0 (3/22.0/SYS) CPU/0-1 (2/48.0/PHB) 
furious-puma-1:128000:129030 [4] NCCL INFO GPU/0-df000 :GPU/0-7f000 (2/370.8/NVL) GPU/0-8f000 (2/370.8/NVL) GPU/0-9f000 (2/370.8/NVL) GPU/0-af000 (2/370.8/NVL) GPU/0-bf000 (2/370.8/NVL) GPU/0-cf000 (2/370.8/NVL) GPU/0-df000 (0/5000.0/LOC) GPU/0-ef000 (2/370.8/NVL) NVS/0-0 (1/370.8/NVL) CPU/0-0 (3/22.0/SYS) CPU/0-1 (2/48.0/PHB) 
furious-puma-1:128001:128978 [5] NCCL INFO GPU/0-cf000 :GPU/0-7f000 (2/370.8/NVL) GPU/0-8f000 (2/370.8/NVL) GPU/0-9f000 (2/370.8/NVL) GPU/0-af000 (2/370.8/NVL) GPU/0-bf000 (2/370.8/NVL) GPU/0-cf000 (0/5000.0/LOC) GPU/0-df000 (2/370.8/NVL) GPU/0-ef000 (2/370.8/NVL) NVS/0-0 (1/370.8/NVL) CPU/0-0 (3/22.0/SYS) CPU/0-1 (2/48.0/PHB) 
furious-puma-1:128000:129030 [4] NCCL INFO GPU/0-ef000 :GPU/0-7f000 (2/370.8/NVL) GPU/0-8f000 (2/370.8/NVL) GPU/0-9f000 (2/370.8/NVL) GPU/0-af000 (2/370.8/NVL) GPU/0-bf000 (2/370.8/NVL) GPU/0-cf000 (2/370.8/NVL) GPU/0-df000 (2/370.8/NVL) GPU/0-ef000 (0/5000.0/LOC) NVS/0-0 (1/370.8/NVL) CPU/0-0 (3/22.0/SYS) CPU/0-1 (2/48.0/PHB) 
furious-puma-1:128000:129030 [4] NCCL INFO Setting affinity for GPU 4 to 80-159
furious-puma-1:128001:128978 [5] NCCL INFO GPU/0-df000 :GPU/0-7f000 (2/370.8/NVL) GPU/0-8f000 (2/370.8/NVL) GPU/0-9f000 (2/370.8/NVL) GPU/0-af000 (2/370.8/NVL) GPU/0-bf000 (2/370.8/NVL) GPU/0-cf000 (2/370.8/NVL) GPU/0-df000 (0/5000.0/LOC) GPU/0-ef000 (2/370.8/NVL) NVS/0-0 (1/370.8/NVL) CPU/0-0 (3/22.0/SYS) CPU/0-1 (2/48.0/PHB) 
furious-puma-1:128001:128978 [5] NCCL INFO GPU/0-ef000 :GPU/0-7f000 (2/370.8/NVL) GPU/0-8f000 (2/370.8/NVL) GPU/0-9f000 (2/370.8/NVL) GPU/0-af000 (2/370.8/NVL) GPU/0-bf000 (2/370.8/NVL) GPU/0-cf000 (2/370.8/NVL) GPU/0-df000 (2/370.8/NVL) GPU/0-ef000 (0/5000.0/LOC) NVS/0-0 (1/370.8/NVL) CPU/0-0 (3/22.0/SYS) CPU/0-1 (2/48.0/PHB) 
furious-puma-1:128001:128978 [5] NCCL INFO Setting affinity for GPU 5 to 80-159
furious-puma-1:128000:129030 [4] NCCL INFO NVLS multicast support is available on dev 4 (NVLS_NCHANNELS 16)
furious-puma-1:128001:128978 [5] NCCL INFO NVLS multicast support is available on dev 5 (NVLS_NCHANNELS 16)
furious-puma-1:127997:129033 [1] NCCL INFO Pattern 4, crossNic 0, nChannels 12, bw 30.000000/30.000000, type NVL/PIX, sameChannels 1
furious-puma-1:127997:129033 [1] NCCL INFO  0 : GPU/0-7f000 GPU/0-8f000 GPU/0-9f000 GPU/0-af000 GPU/0-bf000 GPU/0-cf000 GPU/0-df000 GPU/0-ef000
furious-puma-1:127997:129033 [1] NCCL INFO  1 : GPU/0-7f000 GPU/0-8f000 GPU/0-9f000 GPU/0-af000 GPU/0-bf000 GPU/0-cf000 GPU/0-df000 GPU/0-ef000
furious-puma-1:127997:129033 [1] NCCL INFO  2 : GPU/0-7f000 GPU/0-8f000 GPU/0-9f000 GPU/0-af000 GPU/0-bf000 GPU/0-cf000 GPU/0-df000 GPU/0-ef000
furious-puma-1:127997:129033 [1] NCCL INFO  3 : GPU/0-7f000 GPU/0-8f000 GPU/0-9f000 GPU/0-af000 GPU/0-bf000 GPU/0-cf000 GPU/0-df000 GPU/0-ef000
furious-puma-1:127997:129033 [1] NCCL INFO  4 : GPU/0-7f000 GPU/0-8f000 GPU/0-9f000 GPU/0-af000 GPU/0-bf000 GPU/0-cf000 GPU/0-df000 GPU/0-ef000
furious-puma-1:127997:129033 [1] NCCL INFO  5 : GPU/0-7f000 GPU/0-8f000 GPU/0-9f000 GPU/0-af000 GPU/0-bf000 GPU/0-cf000 GPU/0-df000 GPU/0-ef000
furious-puma-1:127997:129033 [1] NCCL INFO  6 : GPU/0-7f000 GPU/0-8f000 GPU/0-9f000 GPU/0-af000 GPU/0-bf000 GPU/0-cf000 GPU/0-df000 GPU/0-ef000
furious-puma-1:127997:129033 [1] NCCL INFO  7 : GPU/0-7f000 GPU/0-8f000 GPU/0-9f000 GPU/0-af000 GPU/0-bf000 GPU/0-cf000 GPU/0-df000 GPU/0-ef000
furious-puma-1:127997:129033 [1] NCCL INFO  8 : GPU/0-7f000 GPU/0-8f000 GPU/0-9f000 GPU/0-af000 GPU/0-bf000 GPU/0-cf000 GPU/0-df000 GPU/0-ef000
furious-puma-1:127997:129033 [1] NCCL INFO  9 : GPU/0-7f000 GPU/0-8f000 GPU/0-9f000 GPU/0-af000 GPU/0-bf000 GPU/0-cf000 GPU/0-df000 GPU/0-ef000
furious-puma-1:127997:129033 [1] NCCL INFO 10 : GPU/0-7f000 GPU/0-8f000 GPU/0-9f000 GPU/0-af000 GPU/0-bf000 GPU/0-cf000 GPU/0-df000 GPU/0-ef000
furious-puma-1:127997:129033 [1] NCCL INFO 11 : GPU/0-7f000 GPU/0-8f000 GPU/0-9f000 GPU/0-af000 GPU/0-bf000 GPU/0-cf000 GPU/0-df000 GPU/0-ef000
furious-puma-1:127997:129033 [1] NCCL INFO Pattern 1, crossNic 0, nChannels 12, bw 30.000000/30.000000, type NVL/PIX, sameChannels 1
furious-puma-1:127997:129033 [1] NCCL INFO  0 : GPU/0-7f000 GPU/0-8f000 GPU/0-9f000 GPU/0-af000 GPU/0-bf000 GPU/0-cf000 GPU/0-df000 GPU/0-ef000
furious-puma-1:127997:129033 [1] NCCL INFO  1 : GPU/0-7f000 GPU/0-8f000 GPU/0-9f000 GPU/0-af000 GPU/0-bf000 GPU/0-cf000 GPU/0-df000 GPU/0-ef000
furious-puma-1:127997:129033 [1] NCCL INFO  2 : GPU/0-7f000 GPU/0-8f000 GPU/0-9f000 GPU/0-af000 GPU/0-bf000 GPU/0-cf000 GPU/0-df000 GPU/0-ef000
furious-puma-1:127997:129033 [1] NCCL INFO  3 : GPU/0-7f000 GPU/0-8f000 GPU/0-9f000 GPU/0-af000 GPU/0-bf000 GPU/0-cf000 GPU/0-df000 GPU/0-ef000
furious-puma-1:127997:129033 [1] NCCL INFO  4 : GPU/0-7f000 GPU/0-8f000 GPU/0-9f000 GPU/0-af000 GPU/0-bf000 GPU/0-cf000 GPU/0-df000 GPU/0-ef000
furious-puma-1:127997:129033 [1] NCCL INFO  5 : GPU/0-7f000 GPU/0-8f000 GPU/0-9f000 GPU/0-af000 GPU/0-bf000 GPU/0-cf000 GPU/0-df000 GPU/0-ef000
furious-puma-1:127997:129033 [1] NCCL INFO  6 : GPU/0-7f000 GPU/0-8f000 GPU/0-9f000 GPU/0-af000 GPU/0-bf000 GPU/0-cf000 GPU/0-df000 GPU/0-ef000
furious-puma-1:127997:129033 [1] NCCL INFO  7 : GPU/0-7f000 GPU/0-8f000 GPU/0-9f000 GPU/0-af000 GPU/0-bf000 GPU/0-cf000 GPU/0-df000 GPU/0-ef000
furious-puma-1:127997:129033 [1] NCCL INFO  8 : GPU/0-7f000 GPU/0-8f000 GPU/0-9f000 GPU/0-af000 GPU/0-bf000 GPU/0-cf000 GPU/0-df000 GPU/0-ef000
furious-puma-1:127997:129033 [1] NCCL INFO  9 : GPU/0-7f000 GPU/0-8f000 GPU/0-9f000 GPU/0-af000 GPU/0-bf000 GPU/0-cf000 GPU/0-df000 GPU/0-ef000
furious-puma-1:127997:129033 [1] NCCL INFO 10 : GPU/0-7f000 GPU/0-8f000 GPU/0-9f000 GPU/0-af000 GPU/0-bf000 GPU/0-cf000 GPU/0-df000 GPU/0-ef000
furious-puma-1:127997:129033 [1] NCCL INFO 11 : GPU/0-7f000 GPU/0-8f000 GPU/0-9f000 GPU/0-af000 GPU/0-bf000 GPU/0-cf000 GPU/0-df000 GPU/0-ef000
furious-puma-1:127997:129033 [1] NCCL INFO Pattern 5, crossNic 0, nChannels 8, bw 40.000000/60.000000, type NVL/PIX, sameChannels 0
furious-puma-1:127997:129033 [1] NCCL INFO  0 : GPU/0-7f000
furious-puma-1:127997:129033 [1] NCCL INFO  1 : GPU/0-8f000
furious-puma-1:127997:129033 [1] NCCL INFO  2 : GPU/0-9f000
furious-puma-1:127997:129033 [1] NCCL INFO  3 : GPU/0-af000
furious-puma-1:127997:129033 [1] NCCL INFO  4 : GPU/0-bf000
furious-puma-1:127997:129033 [1] NCCL INFO  5 : GPU/0-cf000
furious-puma-1:127997:129033 [1] NCCL INFO  6 : GPU/0-df000
furious-puma-1:127997:129033 [1] NCCL INFO  7 : GPU/0-ef000
furious-puma-1:127998:129013 [2] NCCL INFO Pattern 4, crossNic 0, nChannels 12, bw 30.000000/30.000000, type NVL/PIX, sameChannels 1
furious-puma-1:127998:129013 [2] NCCL INFO  0 : GPU/0-7f000 GPU/0-8f000 GPU/0-9f000 GPU/0-af000 GPU/0-bf000 GPU/0-cf000 GPU/0-df000 GPU/0-ef000
furious-puma-1:127998:129013 [2] NCCL INFO  1 : GPU/0-7f000 GPU/0-8f000 GPU/0-9f000 GPU/0-af000 GPU/0-bf000 GPU/0-cf000 GPU/0-df000 GPU/0-ef000
furious-puma-1:127998:129013 [2] NCCL INFO  2 : GPU/0-7f000 GPU/0-8f000 GPU/0-9f000 GPU/0-af000 GPU/0-bf000 GPU/0-cf000 GPU/0-df000 GPU/0-ef000
furious-puma-1:127998:129013 [2] NCCL INFO  3 : GPU/0-7f000 GPU/0-8f000 GPU/0-9f000 GPU/0-af000 GPU/0-bf000 GPU/0-cf000 GPU/0-df000 GPU/0-ef000
furious-puma-1:127998:129013 [2] NCCL INFO  4 : GPU/0-7f000 GPU/0-8f000 GPU/0-9f000 GPU/0-af000 GPU/0-bf000 GPU/0-cf000 GPU/0-df000 GPU/0-ef000
furious-puma-1:127998:129013 [2] NCCL INFO  5 : GPU/0-7f000 GPU/0-8f000 GPU/0-9f000 GPU/0-af000 GPU/0-bf000 GPU/0-cf000 GPU/0-df000 GPU/0-ef000
furious-puma-1:127998:129013 [2] NCCL INFO  6 : GPU/0-7f000 GPU/0-8f000 GPU/0-9f000 GPU/0-af000 GPU/0-bf000 GPU/0-cf000 GPU/0-df000 GPU/0-ef000
furious-puma-1:127998:129013 [2] NCCL INFO  7 : GPU/0-7f000 GPU/0-8f000 GPU/0-9f000 GPU/0-af000 GPU/0-bf000 GPU/0-cf000 GPU/0-df000 GPU/0-ef000
furious-puma-1:127998:129013 [2] NCCL INFO  8 : GPU/0-7f000 GPU/0-8f000 GPU/0-9f000 GPU/0-af000 GPU/0-bf000 GPU/0-cf000 GPU/0-df000 GPU/0-ef000
furious-puma-1:127998:129013 [2] NCCL INFO  9 : GPU/0-7f000 GPU/0-8f000 GPU/0-9f000 GPU/0-af000 GPU/0-bf000 GPU/0-cf000 GPU/0-df000 GPU/0-ef000
furious-puma-1:127998:129013 [2] NCCL INFO 10 : GPU/0-7f000 GPU/0-8f000 GPU/0-9f000 GPU/0-af000 GPU/0-bf000 GPU/0-cf000 GPU/0-df000 GPU/0-ef000
furious-puma-1:127998:129013 [2] NCCL INFO 11 : GPU/0-7f000 GPU/0-8f000 GPU/0-9f000 GPU/0-af000 GPU/0-bf000 GPU/0-cf000 GPU/0-df000 GPU/0-ef000
furious-puma-1:127998:129013 [2] NCCL INFO Pattern 1, crossNic 0, nChannels 12, bw 30.000000/30.000000, type NVL/PIX, sameChannels 1
furious-puma-1:127998:129013 [2] NCCL INFO  0 : GPU/0-7f000 GPU/0-8f000 GPU/0-9f000 GPU/0-af000 GPU/0-bf000 GPU/0-cf000 GPU/0-df000 GPU/0-ef000
furious-puma-1:127998:129013 [2] NCCL INFO  1 : GPU/0-7f000 GPU/0-8f000 GPU/0-9f000 GPU/0-af000 GPU/0-bf000 GPU/0-cf000 GPU/0-df000 GPU/0-ef000
furious-puma-1:127998:129013 [2] NCCL INFO  2 : GPU/0-7f000 GPU/0-8f000 GPU/0-9f000 GPU/0-af000 GPU/0-bf000 GPU/0-cf000 GPU/0-df000 GPU/0-ef000
furious-puma-1:127998:129013 [2] NCCL INFO  3 : GPU/0-7f000 GPU/0-8f000 GPU/0-9f000 GPU/0-af000 GPU/0-bf000 GPU/0-cf000 GPU/0-df000 GPU/0-ef000
furious-puma-1:127998:129013 [2] NCCL INFO  4 : GPU/0-7f000 GPU/0-8f000 GPU/0-9f000 GPU/0-af000 GPU/0-bf000 GPU/0-cf000 GPU/0-df000 GPU/0-ef000
furious-puma-1:127998:129013 [2] NCCL INFO  5 : GPU/0-7f000 GPU/0-8f000 GPU/0-9f000 GPU/0-af000 GPU/0-bf000 GPU/0-cf000 GPU/0-df000 GPU/0-ef000
furious-puma-1:127998:129013 [2] NCCL INFO  6 : GPU/0-7f000 GPU/0-8f000 GPU/0-9f000 GPU/0-af000 GPU/0-bf000 GPU/0-cf000 GPU/0-df000 GPU/0-ef000
furious-puma-1:127998:129013 [2] NCCL INFO  7 : GPU/0-7f000 GPU/0-8f000 GPU/0-9f000 GPU/0-af000 GPU/0-bf000 GPU/0-cf000 GPU/0-df000 GPU/0-ef000
furious-puma-1:127998:129013 [2] NCCL INFO  8 : GPU/0-7f000 GPU/0-8f000 GPU/0-9f000 GPU/0-af000 GPU/0-bf000 GPU/0-cf000 GPU/0-df000 GPU/0-ef000
furious-puma-1:127998:129013 [2] NCCL INFO  9 : GPU/0-7f000 GPU/0-8f000 GPU/0-9f000 GPU/0-af000 GPU/0-bf000 GPU/0-cf000 GPU/0-df000 GPU/0-ef000
furious-puma-1:127998:129013 [2] NCCL INFO 10 : GPU/0-7f000 GPU/0-8f000 GPU/0-9f000 GPU/0-af000 GPU/0-bf000 GPU/0-cf000 GPU/0-df000 GPU/0-ef000
furious-puma-1:127998:129013 [2] NCCL INFO 11 : GPU/0-7f000 GPU/0-8f000 GPU/0-9f000 GPU/0-af000 GPU/0-bf000 GPU/0-cf000 GPU/0-df000 GPU/0-ef000
furious-puma-1:127998:129013 [2] NCCL INFO Pattern 5, crossNic 0, nChannels 8, bw 40.000000/60.000000, type NVL/PIX, sameChannels 0
furious-puma-1:127998:129013 [2] NCCL INFO  0 : GPU/0-7f000
furious-puma-1:127998:129013 [2] NCCL INFO  1 : GPU/0-8f000
furious-puma-1:127998:129013 [2] NCCL INFO  2 : GPU/0-9f000
furious-puma-1:127998:129013 [2] NCCL INFO  3 : GPU/0-af000
furious-puma-1:127998:129013 [2] NCCL INFO  4 : GPU/0-bf000
furious-puma-1:127998:129013 [2] NCCL INFO  5 : GPU/0-cf000
furious-puma-1:127998:129013 [2] NCCL INFO  6 : GPU/0-df000
furious-puma-1:127998:129013 [2] NCCL INFO  7 : GPU/0-ef000
furious-puma-1:128003:129010 [7] NCCL INFO Pattern 4, crossNic 0, nChannels 12, bw 30.000000/30.000000, type NVL/PIX, sameChannels 1
furious-puma-1:128003:129010 [7] NCCL INFO  0 : GPU/0-7f000 GPU/0-8f000 GPU/0-9f000 GPU/0-af000 GPU/0-bf000 GPU/0-cf000 GPU/0-df000 GPU/0-ef000
furious-puma-1:128003:129010 [7] NCCL INFO  1 : GPU/0-7f000 GPU/0-8f000 GPU/0-9f000 GPU/0-af000 GPU/0-bf000 GPU/0-cf000 GPU/0-df000 GPU/0-ef000
furious-puma-1:128003:129010 [7] NCCL INFO  2 : GPU/0-7f000 GPU/0-8f000 GPU/0-9f000 GPU/0-af000 GPU/0-bf000 GPU/0-cf000 GPU/0-df000 GPU/0-ef000
furious-puma-1:128003:129010 [7] NCCL INFO  3 : GPU/0-7f000 GPU/0-8f000 GPU/0-9f000 GPU/0-af000 GPU/0-bf000 GPU/0-cf000 GPU/0-df000 GPU/0-ef000
furious-puma-1:128003:129010 [7] NCCL INFO  4 : GPU/0-7f000 GPU/0-8f000 GPU/0-9f000 GPU/0-af000 GPU/0-bf000 GPU/0-cf000 GPU/0-df000 GPU/0-ef000
furious-puma-1:128003:129010 [7] NCCL INFO  5 : GPU/0-7f000 GPU/0-8f000 GPU/0-9f000 GPU/0-af000 GPU/0-bf000 GPU/0-cf000 GPU/0-df000 GPU/0-ef000
furious-puma-1:128003:129010 [7] NCCL INFO  6 : GPU/0-7f000 GPU/0-8f000 GPU/0-9f000 GPU/0-af000 GPU/0-bf000 GPU/0-cf000 GPU/0-df000 GPU/0-ef000
furious-puma-1:128003:129010 [7] NCCL INFO  7 : GPU/0-7f000 GPU/0-8f000 GPU/0-9f000 GPU/0-af000 GPU/0-bf000 GPU/0-cf000 GPU/0-df000 GPU/0-ef000
furious-puma-1:128003:129010 [7] NCCL INFO  8 : GPU/0-7f000 GPU/0-8f000 GPU/0-9f000 GPU/0-af000 GPU/0-bf000 GPU/0-cf000 GPU/0-df000 GPU/0-ef000
furious-puma-1:128003:129010 [7] NCCL INFO  9 : GPU/0-7f000 GPU/0-8f000 GPU/0-9f000 GPU/0-af000 GPU/0-bf000 GPU/0-cf000 GPU/0-df000 GPU/0-ef000
furious-puma-1:128003:129010 [7] NCCL INFO 10 : GPU/0-7f000 GPU/0-8f000 GPU/0-9f000 GPU/0-af000 GPU/0-bf000 GPU/0-cf000 GPU/0-df000 GPU/0-ef000
furious-puma-1:128003:129010 [7] NCCL INFO 11 : GPU/0-7f000 GPU/0-8f000 GPU/0-9f000 GPU/0-af000 GPU/0-bf000 GPU/0-cf000 GPU/0-df000 GPU/0-ef000
furious-puma-1:128003:129010 [7] NCCL INFO Pattern 1, crossNic 0, nChannels 12, bw 30.000000/30.000000, type NVL/PIX, sameChannels 1
furious-puma-1:128003:129010 [7] NCCL INFO  0 : GPU/0-7f000 GPU/0-8f000 GPU/0-9f000 GPU/0-af000 GPU/0-bf000 GPU/0-cf000 GPU/0-df000 GPU/0-ef000
furious-puma-1:128003:129010 [7] NCCL INFO  1 : GPU/0-7f000 GPU/0-8f000 GPU/0-9f000 GPU/0-af000 GPU/0-bf000 GPU/0-cf000 GPU/0-df000 GPU/0-ef000
furious-puma-1:128003:129010 [7] NCCL INFO  2 : GPU/0-7f000 GPU/0-8f000 GPU/0-9f000 GPU/0-af000 GPU/0-bf000 GPU/0-cf000 GPU/0-df000 GPU/0-ef000
furious-puma-1:128003:129010 [7] NCCL INFO  3 : GPU/0-7f000 GPU/0-8f000 GPU/0-9f000 GPU/0-af000 GPU/0-bf000 GPU/0-cf000 GPU/0-df000 GPU/0-ef000
furious-puma-1:128003:129010 [7] NCCL INFO  4 : GPU/0-7f000 GPU/0-8f000 GPU/0-9f000 GPU/0-af000 GPU/0-bf000 GPU/0-cf000 GPU/0-df000 GPU/0-ef000
furious-puma-1:128003:129010 [7] NCCL INFO  5 : GPU/0-7f000 GPU/0-8f000 GPU/0-9f000 GPU/0-af000 GPU/0-bf000 GPU/0-cf000 GPU/0-df000 GPU/0-ef000
furious-puma-1:128003:129010 [7] NCCL INFO  6 : GPU/0-7f000 GPU/0-8f000 GPU/0-9f000 GPU/0-af000 GPU/0-bf000 GPU/0-cf000 GPU/0-df000 GPU/0-ef000
furious-puma-1:128003:129010 [7] NCCL INFO  7 : GPU/0-7f000 GPU/0-8f000 GPU/0-9f000 GPU/0-af000 GPU/0-bf000 GPU/0-cf000 GPU/0-df000 GPU/0-ef000
furious-puma-1:128003:129010 [7] NCCL INFO  8 : GPU/0-7f000 GPU/0-8f000 GPU/0-9f000 GPU/0-af000 GPU/0-bf000 GPU/0-cf000 GPU/0-df000 GPU/0-ef000
furious-puma-1:128003:129010 [7] NCCL INFO  9 : GPU/0-7f000 GPU/0-8f000 GPU/0-9f000 GPU/0-af000 GPU/0-bf000 GPU/0-cf000 GPU/0-df000 GPU/0-ef000
furious-puma-1:128003:129010 [7] NCCL INFO 10 : GPU/0-7f000 GPU/0-8f000 GPU/0-9f000 GPU/0-af000 GPU/0-bf000 GPU/0-cf000 GPU/0-df000 GPU/0-ef000
furious-puma-1:128003:129010 [7] NCCL INFO 11 : GPU/0-7f000 GPU/0-8f000 GPU/0-9f000 GPU/0-af000 GPU/0-bf000 GPU/0-cf000 GPU/0-df000 GPU/0-ef000
furious-puma-1:128003:129010 [7] NCCL INFO Pattern 5, crossNic 0, nChannels 8, bw 40.000000/60.000000, type NVL/PIX, sameChannels 0
furious-puma-1:128003:129010 [7] NCCL INFO  0 : GPU/0-7f000
furious-puma-1:128003:129010 [7] NCCL INFO  1 : GPU/0-8f000
furious-puma-1:128003:129010 [7] NCCL INFO  2 : GPU/0-9f000
furious-puma-1:128003:129010 [7] NCCL INFO  3 : GPU/0-af000
furious-puma-1:128003:129010 [7] NCCL INFO  4 : GPU/0-bf000
furious-puma-1:128003:129010 [7] NCCL INFO  5 : GPU/0-cf000
furious-puma-1:128003:129010 [7] NCCL INFO  6 : GPU/0-df000
furious-puma-1:128003:129010 [7] NCCL INFO  7 : GPU/0-ef000
furious-puma-1:127999:128974 [3] NCCL INFO Pattern 4, crossNic 0, nChannels 12, bw 30.000000/30.000000, type NVL/PIX, sameChannels 1
furious-puma-1:127999:128974 [3] NCCL INFO  0 : GPU/0-7f000 GPU/0-8f000 GPU/0-9f000 GPU/0-af000 GPU/0-bf000 GPU/0-cf000 GPU/0-df000 GPU/0-ef000
furious-puma-1:127999:128974 [3] NCCL INFO  1 : GPU/0-7f000 GPU/0-8f000 GPU/0-9f000 GPU/0-af000 GPU/0-bf000 GPU/0-cf000 GPU/0-df000 GPU/0-ef000
furious-puma-1:128000:129030 [4] NCCL INFO Pattern 4, crossNic 0, nChannels 12, bw 30.000000/30.000000, type NVL/PIX, sameChannels 1
furious-puma-1:127999:128974 [3] NCCL INFO  2 : GPU/0-7f000 GPU/0-8f000 GPU/0-9f000 GPU/0-af000 GPU/0-bf000 GPU/0-cf000 GPU/0-df000 GPU/0-ef000
furious-puma-1:128000:129030 [4] NCCL INFO  0 : GPU/0-7f000 GPU/0-8f000 GPU/0-9f000 GPU/0-af000 GPU/0-bf000 GPU/0-cf000 GPU/0-df000 GPU/0-ef000
furious-puma-1:127999:128974 [3] NCCL INFO  3 : GPU/0-7f000 GPU/0-8f000 GPU/0-9f000 GPU/0-af000 GPU/0-bf000 GPU/0-cf000 GPU/0-df000 GPU/0-ef000
furious-puma-1:127999:128974 [3] NCCL INFO  4 : GPU/0-7f000 GPU/0-8f000 GPU/0-9f000 GPU/0-af000 GPU/0-bf000 GPU/0-cf000 GPU/0-df000 GPU/0-ef000
furious-puma-1:128000:129030 [4] NCCL INFO  1 : GPU/0-7f000 GPU/0-8f000 GPU/0-9f000 GPU/0-af000 GPU/0-bf000 GPU/0-cf000 GPU/0-df000 GPU/0-ef000
furious-puma-1:127999:128974 [3] NCCL INFO  5 : GPU/0-7f000 GPU/0-8f000 GPU/0-9f000 GPU/0-af000 GPU/0-bf000 GPU/0-cf000 GPU/0-df000 GPU/0-ef000
furious-puma-1:128000:129030 [4] NCCL INFO  2 : GPU/0-7f000 GPU/0-8f000 GPU/0-9f000 GPU/0-af000 GPU/0-bf000 GPU/0-cf000 GPU/0-df000 GPU/0-ef000
furious-puma-1:127999:128974 [3] NCCL INFO  6 : GPU/0-7f000 GPU/0-8f000 GPU/0-9f000 GPU/0-af000 GPU/0-bf000 GPU/0-cf000 GPU/0-df000 GPU/0-ef000
furious-puma-1:128000:129030 [4] NCCL INFO  3 : GPU/0-7f000 GPU/0-8f000 GPU/0-9f000 GPU/0-af000 GPU/0-bf000 GPU/0-cf000 GPU/0-df000 GPU/0-ef000
furious-puma-1:127999:128974 [3] NCCL INFO  7 : GPU/0-7f000 GPU/0-8f000 GPU/0-9f000 GPU/0-af000 GPU/0-bf000 GPU/0-cf000 GPU/0-df000 GPU/0-ef000
furious-puma-1:128000:129030 [4] NCCL INFO  4 : GPU/0-7f000 GPU/0-8f000 GPU/0-9f000 GPU/0-af000 GPU/0-bf000 GPU/0-cf000 GPU/0-df000 GPU/0-ef000
furious-puma-1:127999:128974 [3] NCCL INFO  8 : GPU/0-7f000 GPU/0-8f000 GPU/0-9f000 GPU/0-af000 GPU/0-bf000 GPU/0-cf000 GPU/0-df000 GPU/0-ef000
furious-puma-1:128000:129030 [4] NCCL INFO  5 : GPU/0-7f000 GPU/0-8f000 GPU/0-9f000 GPU/0-af000 GPU/0-bf000 GPU/0-cf000 GPU/0-df000 GPU/0-ef000
furious-puma-1:127999:128974 [3] NCCL INFO  9 : GPU/0-7f000 GPU/0-8f000 GPU/0-9f000 GPU/0-af000 GPU/0-bf000 GPU/0-cf000 GPU/0-df000 GPU/0-ef000
furious-puma-1:128000:129030 [4] NCCL INFO  6 : GPU/0-7f000 GPU/0-8f000 GPU/0-9f000 GPU/0-af000 GPU/0-bf000 GPU/0-cf000 GPU/0-df000 GPU/0-ef000
furious-puma-1:127999:128974 [3] NCCL INFO 10 : GPU/0-7f000 GPU/0-8f000 GPU/0-9f000 GPU/0-af000 GPU/0-bf000 GPU/0-cf000 GPU/0-df000 GPU/0-ef000
furious-puma-1:128000:129030 [4] NCCL INFO  7 : GPU/0-7f000 GPU/0-8f000 GPU/0-9f000 GPU/0-af000 GPU/0-bf000 GPU/0-cf000 GPU/0-df000 GPU/0-ef000
furious-puma-1:127999:128974 [3] NCCL INFO 11 : GPU/0-7f000 GPU/0-8f000 GPU/0-9f000 GPU/0-af000 GPU/0-bf000 GPU/0-cf000 GPU/0-df000 GPU/0-ef000
furious-puma-1:128000:129030 [4] NCCL INFO  8 : GPU/0-7f000 GPU/0-8f000 GPU/0-9f000 GPU/0-af000 GPU/0-bf000 GPU/0-cf000 GPU/0-df000 GPU/0-ef000
furious-puma-1:128000:129030 [4] NCCL INFO  9 : GPU/0-7f000 GPU/0-8f000 GPU/0-9f000 GPU/0-af000 GPU/0-bf000 GPU/0-cf000 GPU/0-df000 GPU/0-ef000
furious-puma-1:128000:129030 [4] NCCL INFO 10 : GPU/0-7f000 GPU/0-8f000 GPU/0-9f000 GPU/0-af000 GPU/0-bf000 GPU/0-cf000 GPU/0-df000 GPU/0-ef000
furious-puma-1:128000:129030 [4] NCCL INFO 11 : GPU/0-7f000 GPU/0-8f000 GPU/0-9f000 GPU/0-af000 GPU/0-bf000 GPU/0-cf000 GPU/0-df000 GPU/0-ef000
furious-puma-1:127999:128974 [3] NCCL INFO Pattern 1, crossNic 0, nChannels 12, bw 30.000000/30.000000, type NVL/PIX, sameChannels 1
furious-puma-1:128000:129030 [4] NCCL INFO Pattern 1, crossNic 0, nChannels 12, bw 30.000000/30.000000, type NVL/PIX, sameChannels 1
furious-puma-1:127999:128974 [3] NCCL INFO  0 : GPU/0-7f000 GPU/0-8f000 GPU/0-9f000 GPU/0-af000 GPU/0-bf000 GPU/0-cf000 GPU/0-df000 GPU/0-ef000
furious-puma-1:128000:129030 [4] NCCL INFO  0 : GPU/0-7f000 GPU/0-8f000 GPU/0-9f000 GPU/0-af000 GPU/0-bf000 GPU/0-cf000 GPU/0-df000 GPU/0-ef000
furious-puma-1:127999:128974 [3] NCCL INFO  1 : GPU/0-7f000 GPU/0-8f000 GPU/0-9f000 GPU/0-af000 GPU/0-bf000 GPU/0-cf000 GPU/0-df000 GPU/0-ef000
furious-puma-1:128000:129030 [4] NCCL INFO  1 : GPU/0-7f000 GPU/0-8f000 GPU/0-9f000 GPU/0-af000 GPU/0-bf000 GPU/0-cf000 GPU/0-df000 GPU/0-ef000
furious-puma-1:127999:128974 [3] NCCL INFO  2 : GPU/0-7f000 GPU/0-8f000 GPU/0-9f000 GPU/0-af000 GPU/0-bf000 GPU/0-cf000 GPU/0-df000 GPU/0-ef000
furious-puma-1:128000:129030 [4] NCCL INFO  2 : GPU/0-7f000 GPU/0-8f000 GPU/0-9f000 GPU/0-af000 GPU/0-bf000 GPU/0-cf000 GPU/0-df000 GPU/0-ef000
furious-puma-1:127999:128974 [3] NCCL INFO  3 : GPU/0-7f000 GPU/0-8f000 GPU/0-9f000 GPU/0-af000 GPU/0-bf000 GPU/0-cf000 GPU/0-df000 GPU/0-ef000
furious-puma-1:128000:129030 [4] NCCL INFO  3 : GPU/0-7f000 GPU/0-8f000 GPU/0-9f000 GPU/0-af000 GPU/0-bf000 GPU/0-cf000 GPU/0-df000 GPU/0-ef000
furious-puma-1:127999:128974 [3] NCCL INFO  4 : GPU/0-7f000 GPU/0-8f000 GPU/0-9f000 GPU/0-af000 GPU/0-bf000 GPU/0-cf000 GPU/0-df000 GPU/0-ef000
furious-puma-1:128000:129030 [4] NCCL INFO  4 : GPU/0-7f000 GPU/0-8f000 GPU/0-9f000 GPU/0-af000 GPU/0-bf000 GPU/0-cf000 GPU/0-df000 GPU/0-ef000
furious-puma-1:127999:128974 [3] NCCL INFO  5 : GPU/0-7f000 GPU/0-8f000 GPU/0-9f000 GPU/0-af000 GPU/0-bf000 GPU/0-cf000 GPU/0-df000 GPU/0-ef000
furious-puma-1:128000:129030 [4] NCCL INFO  5 : GPU/0-7f000 GPU/0-8f000 GPU/0-9f000 GPU/0-af000 GPU/0-bf000 GPU/0-cf000 GPU/0-df000 GPU/0-ef000
furious-puma-1:127999:128974 [3] NCCL INFO  6 : GPU/0-7f000 GPU/0-8f000 GPU/0-9f000 GPU/0-af000 GPU/0-bf000 GPU/0-cf000 GPU/0-df000 GPU/0-ef000
furious-puma-1:128000:129030 [4] NCCL INFO  6 : GPU/0-7f000 GPU/0-8f000 GPU/0-9f000 GPU/0-af000 GPU/0-bf000 GPU/0-cf000 GPU/0-df000 GPU/0-ef000
furious-puma-1:127999:128974 [3] NCCL INFO  7 : GPU/0-7f000 GPU/0-8f000 GPU/0-9f000 GPU/0-af000 GPU/0-bf000 GPU/0-cf000 GPU/0-df000 GPU/0-ef000
furious-puma-1:128000:129030 [4] NCCL INFO  7 : GPU/0-7f000 GPU/0-8f000 GPU/0-9f000 GPU/0-af000 GPU/0-bf000 GPU/0-cf000 GPU/0-df000 GPU/0-ef000
furious-puma-1:127999:128974 [3] NCCL INFO  8 : GPU/0-7f000 GPU/0-8f000 GPU/0-9f000 GPU/0-af000 GPU/0-bf000 GPU/0-cf000 GPU/0-df000 GPU/0-ef000
furious-puma-1:128000:129030 [4] NCCL INFO  8 : GPU/0-7f000 GPU/0-8f000 GPU/0-9f000 GPU/0-af000 GPU/0-bf000 GPU/0-cf000 GPU/0-df000 GPU/0-ef000
furious-puma-1:127999:128974 [3] NCCL INFO  9 : GPU/0-7f000 GPU/0-8f000 GPU/0-9f000 GPU/0-af000 GPU/0-bf000 GPU/0-cf000 GPU/0-df000 GPU/0-ef000
furious-puma-1:128000:129030 [4] NCCL INFO  9 : GPU/0-7f000 GPU/0-8f000 GPU/0-9f000 GPU/0-af000 GPU/0-bf000 GPU/0-cf000 GPU/0-df000 GPU/0-ef000
furious-puma-1:127999:128974 [3] NCCL INFO 10 : GPU/0-7f000 GPU/0-8f000 GPU/0-9f000 GPU/0-af000 GPU/0-bf000 GPU/0-cf000 GPU/0-df000 GPU/0-ef000
furious-puma-1:128000:129030 [4] NCCL INFO 10 : GPU/0-7f000 GPU/0-8f000 GPU/0-9f000 GPU/0-af000 GPU/0-bf000 GPU/0-cf000 GPU/0-df000 GPU/0-ef000
furious-puma-1:127999:128974 [3] NCCL INFO 11 : GPU/0-7f000 GPU/0-8f000 GPU/0-9f000 GPU/0-af000 GPU/0-bf000 GPU/0-cf000 GPU/0-df000 GPU/0-ef000
furious-puma-1:128000:129030 [4] NCCL INFO 11 : GPU/0-7f000 GPU/0-8f000 GPU/0-9f000 GPU/0-af000 GPU/0-bf000 GPU/0-cf000 GPU/0-df000 GPU/0-ef000
furious-puma-1:128000:129030 [4] NCCL INFO Pattern 5, crossNic 0, nChannels 8, bw 40.000000/60.000000, type NVL/PIX, sameChannels 0
furious-puma-1:128000:129030 [4] NCCL INFO  0 : GPU/0-7f000
furious-puma-1:128000:129030 [4] NCCL INFO  1 : GPU/0-8f000
furious-puma-1:128000:129030 [4] NCCL INFO  2 : GPU/0-9f000
furious-puma-1:128000:129030 [4] NCCL INFO  3 : GPU/0-af000
furious-puma-1:128000:129030 [4] NCCL INFO  4 : GPU/0-bf000
furious-puma-1:128000:129030 [4] NCCL INFO  5 : GPU/0-cf000
furious-puma-1:128000:129030 [4] NCCL INFO  6 : GPU/0-df000
furious-puma-1:128000:129030 [4] NCCL INFO  7 : GPU/0-ef000
furious-puma-1:127999:128974 [3] NCCL INFO Pattern 5, crossNic 0, nChannels 8, bw 40.000000/60.000000, type NVL/PIX, sameChannels 0
furious-puma-1:127999:128974 [3] NCCL INFO  0 : GPU/0-7f000
furious-puma-1:127999:128974 [3] NCCL INFO  1 : GPU/0-8f000
furious-puma-1:127999:128974 [3] NCCL INFO  2 : GPU/0-9f000
furious-puma-1:127999:128974 [3] NCCL INFO  3 : GPU/0-af000
furious-puma-1:127999:128974 [3] NCCL INFO  4 : GPU/0-bf000
furious-puma-1:127999:128974 [3] NCCL INFO  5 : GPU/0-cf000
furious-puma-1:127999:128974 [3] NCCL INFO  6 : GPU/0-df000
furious-puma-1:127999:128974 [3] NCCL INFO  7 : GPU/0-ef000
furious-puma-1:128002:129019 [6] NCCL INFO Pattern 4, crossNic 0, nChannels 12, bw 30.000000/30.000000, type NVL/PIX, sameChannels 1
furious-puma-1:128002:129019 [6] NCCL INFO  0 : GPU/0-7f000 GPU/0-8f000 GPU/0-9f000 GPU/0-af000 GPU/0-bf000 GPU/0-cf000 GPU/0-df000 GPU/0-ef000
furious-puma-1:128002:129019 [6] NCCL INFO  1 : GPU/0-7f000 GPU/0-8f000 GPU/0-9f000 GPU/0-af000 GPU/0-bf000 GPU/0-cf000 GPU/0-df000 GPU/0-ef000
furious-puma-1:128002:129019 [6] NCCL INFO  2 : GPU/0-7f000 GPU/0-8f000 GPU/0-9f000 GPU/0-af000 GPU/0-bf000 GPU/0-cf000 GPU/0-df000 GPU/0-ef000
furious-puma-1:128002:129019 [6] NCCL INFO  3 : GPU/0-7f000 GPU/0-8f000 GPU/0-9f000 GPU/0-af000 GPU/0-bf000 GPU/0-cf000 GPU/0-df000 GPU/0-ef000
furious-puma-1:128002:129019 [6] NCCL INFO  4 : GPU/0-7f000 GPU/0-8f000 GPU/0-9f000 GPU/0-af000 GPU/0-bf000 GPU/0-cf000 GPU/0-df000 GPU/0-ef000
furious-puma-1:128002:129019 [6] NCCL INFO  5 : GPU/0-7f000 GPU/0-8f000 GPU/0-9f000 GPU/0-af000 GPU/0-bf000 GPU/0-cf000 GPU/0-df000 GPU/0-ef000
furious-puma-1:128002:129019 [6] NCCL INFO  6 : GPU/0-7f000 GPU/0-8f000 GPU/0-9f000 GPU/0-af000 GPU/0-bf000 GPU/0-cf000 GPU/0-df000 GPU/0-ef000
furious-puma-1:128002:129019 [6] NCCL INFO  7 : GPU/0-7f000 GPU/0-8f000 GPU/0-9f000 GPU/0-af000 GPU/0-bf000 GPU/0-cf000 GPU/0-df000 GPU/0-ef000
furious-puma-1:128002:129019 [6] NCCL INFO  8 : GPU/0-7f000 GPU/0-8f000 GPU/0-9f000 GPU/0-af000 GPU/0-bf000 GPU/0-cf000 GPU/0-df000 GPU/0-ef000
furious-puma-1:128002:129019 [6] NCCL INFO  9 : GPU/0-7f000 GPU/0-8f000 GPU/0-9f000 GPU/0-af000 GPU/0-bf000 GPU/0-cf000 GPU/0-df000 GPU/0-ef000
furious-puma-1:128002:129019 [6] NCCL INFO 10 : GPU/0-7f000 GPU/0-8f000 GPU/0-9f000 GPU/0-af000 GPU/0-bf000 GPU/0-cf000 GPU/0-df000 GPU/0-ef000
furious-puma-1:128002:129019 [6] NCCL INFO 11 : GPU/0-7f000 GPU/0-8f000 GPU/0-9f000 GPU/0-af000 GPU/0-bf000 GPU/0-cf000 GPU/0-df000 GPU/0-ef000
furious-puma-1:128001:128978 [5] NCCL INFO Pattern 4, crossNic 0, nChannels 12, bw 30.000000/30.000000, type NVL/PIX, sameChannels 1
furious-puma-1:128001:128978 [5] NCCL INFO  0 : GPU/0-7f000 GPU/0-8f000 GPU/0-9f000 GPU/0-af000 GPU/0-bf000 GPU/0-cf000 GPU/0-df000 GPU/0-ef000
furious-puma-1:128001:128978 [5] NCCL INFO  1 : GPU/0-7f000 GPU/0-8f000 GPU/0-9f000 GPU/0-af000 GPU/0-bf000 GPU/0-cf000 GPU/0-df000 GPU/0-ef000
furious-puma-1:128001:128978 [5] NCCL INFO  2 : GPU/0-7f000 GPU/0-8f000 GPU/0-9f000 GPU/0-af000 GPU/0-bf000 GPU/0-cf000 GPU/0-df000 GPU/0-ef000
furious-puma-1:128001:128978 [5] NCCL INFO  3 : GPU/0-7f000 GPU/0-8f000 GPU/0-9f000 GPU/0-af000 GPU/0-bf000 GPU/0-cf000 GPU/0-df000 GPU/0-ef000
furious-puma-1:128001:128978 [5] NCCL INFO  4 : GPU/0-7f000 GPU/0-8f000 GPU/0-9f000 GPU/0-af000 GPU/0-bf000 GPU/0-cf000 GPU/0-df000 GPU/0-ef000
furious-puma-1:128001:128978 [5] NCCL INFO  5 : GPU/0-7f000 GPU/0-8f000 GPU/0-9f000 GPU/0-af000 GPU/0-bf000 GPU/0-cf000 GPU/0-df000 GPU/0-ef000
furious-puma-1:128001:128978 [5] NCCL INFO  6 : GPU/0-7f000 GPU/0-8f000 GPU/0-9f000 GPU/0-af000 GPU/0-bf000 GPU/0-cf000 GPU/0-df000 GPU/0-ef000
furious-puma-1:128001:128978 [5] NCCL INFO  7 : GPU/0-7f000 GPU/0-8f000 GPU/0-9f000 GPU/0-af000 GPU/0-bf000 GPU/0-cf000 GPU/0-df000 GPU/0-ef000
furious-puma-1:128001:128978 [5] NCCL INFO  8 : GPU/0-7f000 GPU/0-8f000 GPU/0-9f000 GPU/0-af000 GPU/0-bf000 GPU/0-cf000 GPU/0-df000 GPU/0-ef000
furious-puma-1:128001:128978 [5] NCCL INFO  9 : GPU/0-7f000 GPU/0-8f000 GPU/0-9f000 GPU/0-af000 GPU/0-bf000 GPU/0-cf000 GPU/0-df000 GPU/0-ef000
furious-puma-1:128001:128978 [5] NCCL INFO 10 : GPU/0-7f000 GPU/0-8f000 GPU/0-9f000 GPU/0-af000 GPU/0-bf000 GPU/0-cf000 GPU/0-df000 GPU/0-ef000
furious-puma-1:128001:128978 [5] NCCL INFO 11 : GPU/0-7f000 GPU/0-8f000 GPU/0-9f000 GPU/0-af000 GPU/0-bf000 GPU/0-cf000 GPU/0-df000 GPU/0-ef000
furious-puma-1:128002:129019 [6] NCCL INFO Pattern 1, crossNic 0, nChannels 12, bw 30.000000/30.000000, type NVL/PIX, sameChannels 1
furious-puma-1:128002:129019 [6] NCCL INFO  0 : GPU/0-7f000 GPU/0-8f000 GPU/0-9f000 GPU/0-af000 GPU/0-bf000 GPU/0-cf000 GPU/0-df000 GPU/0-ef000
furious-puma-1:128002:129019 [6] NCCL INFO  1 : GPU/0-7f000 GPU/0-8f000 GPU/0-9f000 GPU/0-af000 GPU/0-bf000 GPU/0-cf000 GPU/0-df000 GPU/0-ef000
furious-puma-1:128002:129019 [6] NCCL INFO  2 : GPU/0-7f000 GPU/0-8f000 GPU/0-9f000 GPU/0-af000 GPU/0-bf000 GPU/0-cf000 GPU/0-df000 GPU/0-ef000
furious-puma-1:128002:129019 [6] NCCL INFO  3 : GPU/0-7f000 GPU/0-8f000 GPU/0-9f000 GPU/0-af000 GPU/0-bf000 GPU/0-cf000 GPU/0-df000 GPU/0-ef000
furious-puma-1:128002:129019 [6] NCCL INFO  4 : GPU/0-7f000 GPU/0-8f000 GPU/0-9f000 GPU/0-af000 GPU/0-bf000 GPU/0-cf000 GPU/0-df000 GPU/0-ef000
furious-puma-1:128002:129019 [6] NCCL INFO  5 : GPU/0-7f000 GPU/0-8f000 GPU/0-9f000 GPU/0-af000 GPU/0-bf000 GPU/0-cf000 GPU/0-df000 GPU/0-ef000
furious-puma-1:128002:129019 [6] NCCL INFO  6 : GPU/0-7f000 GPU/0-8f000 GPU/0-9f000 GPU/0-af000 GPU/0-bf000 GPU/0-cf000 GPU/0-df000 GPU/0-ef000
furious-puma-1:128002:129019 [6] NCCL INFO  7 : GPU/0-7f000 GPU/0-8f000 GPU/0-9f000 GPU/0-af000 GPU/0-bf000 GPU/0-cf000 GPU/0-df000 GPU/0-ef000
furious-puma-1:128002:129019 [6] NCCL INFO  8 : GPU/0-7f000 GPU/0-8f000 GPU/0-9f000 GPU/0-af000 GPU/0-bf000 GPU/0-cf000 GPU/0-df000 GPU/0-ef000
furious-puma-1:128002:129019 [6] NCCL INFO  9 : GPU/0-7f000 GPU/0-8f000 GPU/0-9f000 GPU/0-af000 GPU/0-bf000 GPU/0-cf000 GPU/0-df000 GPU/0-ef000
furious-puma-1:128002:129019 [6] NCCL INFO 10 : GPU/0-7f000 GPU/0-8f000 GPU/0-9f000 GPU/0-af000 GPU/0-bf000 GPU/0-cf000 GPU/0-df000 GPU/0-ef000
furious-puma-1:128002:129019 [6] NCCL INFO 11 : GPU/0-7f000 GPU/0-8f000 GPU/0-9f000 GPU/0-af000 GPU/0-bf000 GPU/0-cf000 GPU/0-df000 GPU/0-ef000
furious-puma-1:128001:128978 [5] NCCL INFO Pattern 1, crossNic 0, nChannels 12, bw 30.000000/30.000000, type NVL/PIX, sameChannels 1
furious-puma-1:128001:128978 [5] NCCL INFO  0 : GPU/0-7f000 GPU/0-8f000 GPU/0-9f000 GPU/0-af000 GPU/0-bf000 GPU/0-cf000 GPU/0-df000 GPU/0-ef000
furious-puma-1:128001:128978 [5] NCCL INFO  1 : GPU/0-7f000 GPU/0-8f000 GPU/0-9f000 GPU/0-af000 GPU/0-bf000 GPU/0-cf000 GPU/0-df000 GPU/0-ef000
furious-puma-1:128001:128978 [5] NCCL INFO  2 : GPU/0-7f000 GPU/0-8f000 GPU/0-9f000 GPU/0-af000 GPU/0-bf000 GPU/0-cf000 GPU/0-df000 GPU/0-ef000
furious-puma-1:128001:128978 [5] NCCL INFO  3 : GPU/0-7f000 GPU/0-8f000 GPU/0-9f000 GPU/0-af000 GPU/0-bf000 GPU/0-cf000 GPU/0-df000 GPU/0-ef000
furious-puma-1:128001:128978 [5] NCCL INFO  4 : GPU/0-7f000 GPU/0-8f000 GPU/0-9f000 GPU/0-af000 GPU/0-bf000 GPU/0-cf000 GPU/0-df000 GPU/0-ef000
furious-puma-1:128001:128978 [5] NCCL INFO  5 : GPU/0-7f000 GPU/0-8f000 GPU/0-9f000 GPU/0-af000 GPU/0-bf000 GPU/0-cf000 GPU/0-df000 GPU/0-ef000
furious-puma-1:128001:128978 [5] NCCL INFO  6 : GPU/0-7f000 GPU/0-8f000 GPU/0-9f000 GPU/0-af000 GPU/0-bf000 GPU/0-cf000 GPU/0-df000 GPU/0-ef000
furious-puma-1:128001:128978 [5] NCCL INFO  7 : GPU/0-7f000 GPU/0-8f000 GPU/0-9f000 GPU/0-af000 GPU/0-bf000 GPU/0-cf000 GPU/0-df000 GPU/0-ef000
furious-puma-1:128001:128978 [5] NCCL INFO  8 : GPU/0-7f000 GPU/0-8f000 GPU/0-9f000 GPU/0-af000 GPU/0-bf000 GPU/0-cf000 GPU/0-df000 GPU/0-ef000
furious-puma-1:128001:128978 [5] NCCL INFO  9 : GPU/0-7f000 GPU/0-8f000 GPU/0-9f000 GPU/0-af000 GPU/0-bf000 GPU/0-cf000 GPU/0-df000 GPU/0-ef000
furious-puma-1:128001:128978 [5] NCCL INFO 10 : GPU/0-7f000 GPU/0-8f000 GPU/0-9f000 GPU/0-af000 GPU/0-bf000 GPU/0-cf000 GPU/0-df000 GPU/0-ef000
furious-puma-1:128001:128978 [5] NCCL INFO 11 : GPU/0-7f000 GPU/0-8f000 GPU/0-9f000 GPU/0-af000 GPU/0-bf000 GPU/0-cf000 GPU/0-df000 GPU/0-ef000
furious-puma-1:128002:129019 [6] NCCL INFO Pattern 5, crossNic 0, nChannels 8, bw 40.000000/60.000000, type NVL/PIX, sameChannels 0
furious-puma-1:128002:129019 [6] NCCL INFO  0 : GPU/0-7f000
furious-puma-1:128002:129019 [6] NCCL INFO  1 : GPU/0-8f000
furious-puma-1:128002:129019 [6] NCCL INFO  2 : GPU/0-9f000
furious-puma-1:128002:129019 [6] NCCL INFO  3 : GPU/0-af000
furious-puma-1:128002:129019 [6] NCCL INFO  4 : GPU/0-bf000
furious-puma-1:128002:129019 [6] NCCL INFO  5 : GPU/0-cf000
furious-puma-1:128002:129019 [6] NCCL INFO  6 : GPU/0-df000
furious-puma-1:128002:129019 [6] NCCL INFO  7 : GPU/0-ef000
furious-puma-1:128001:128978 [5] NCCL INFO Pattern 5, crossNic 0, nChannels 8, bw 40.000000/60.000000, type NVL/PIX, sameChannels 0
furious-puma-1:128001:128978 [5] NCCL INFO  0 : GPU/0-7f000
furious-puma-1:128001:128978 [5] NCCL INFO  1 : GPU/0-8f000
furious-puma-1:128001:128978 [5] NCCL INFO  2 : GPU/0-9f000
furious-puma-1:128001:128978 [5] NCCL INFO  3 : GPU/0-af000
furious-puma-1:128001:128978 [5] NCCL INFO  4 : GPU/0-bf000
furious-puma-1:128001:128978 [5] NCCL INFO  5 : GPU/0-cf000
furious-puma-1:128001:128978 [5] NCCL INFO  6 : GPU/0-df000
furious-puma-1:128001:128978 [5] NCCL INFO  7 : GPU/0-ef000
furious-puma-1:127996:129022 [0] NCCL INFO Pattern 4, crossNic 0, nChannels 12, bw 30.000000/30.000000, type NVL/PIX, sameChannels 1
furious-puma-1:127996:129022 [0] NCCL INFO  0 : GPU/0-7f000 GPU/0-8f000 GPU/0-9f000 GPU/0-af000 GPU/0-bf000 GPU/0-cf000 GPU/0-df000 GPU/0-ef000
furious-puma-1:127996:129022 [0] NCCL INFO  1 : GPU/0-7f000 GPU/0-8f000 GPU/0-9f000 GPU/0-af000 GPU/0-bf000 GPU/0-cf000 GPU/0-df000 GPU/0-ef000
furious-puma-1:127996:129022 [0] NCCL INFO  2 : GPU/0-7f000 GPU/0-8f000 GPU/0-9f000 GPU/0-af000 GPU/0-bf000 GPU/0-cf000 GPU/0-df000 GPU/0-ef000
furious-puma-1:127996:129022 [0] NCCL INFO  3 : GPU/0-7f000 GPU/0-8f000 GPU/0-9f000 GPU/0-af000 GPU/0-bf000 GPU/0-cf000 GPU/0-df000 GPU/0-ef000
furious-puma-1:127996:129022 [0] NCCL INFO  4 : GPU/0-7f000 GPU/0-8f000 GPU/0-9f000 GPU/0-af000 GPU/0-bf000 GPU/0-cf000 GPU/0-df000 GPU/0-ef000
furious-puma-1:127996:129022 [0] NCCL INFO  5 : GPU/0-7f000 GPU/0-8f000 GPU/0-9f000 GPU/0-af000 GPU/0-bf000 GPU/0-cf000 GPU/0-df000 GPU/0-ef000
furious-puma-1:127996:129022 [0] NCCL INFO  6 : GPU/0-7f000 GPU/0-8f000 GPU/0-9f000 GPU/0-af000 GPU/0-bf000 GPU/0-cf000 GPU/0-df000 GPU/0-ef000
furious-puma-1:127996:129022 [0] NCCL INFO  7 : GPU/0-7f000 GPU/0-8f000 GPU/0-9f000 GPU/0-af000 GPU/0-bf000 GPU/0-cf000 GPU/0-df000 GPU/0-ef000
furious-puma-1:127996:129022 [0] NCCL INFO  8 : GPU/0-7f000 GPU/0-8f000 GPU/0-9f000 GPU/0-af000 GPU/0-bf000 GPU/0-cf000 GPU/0-df000 GPU/0-ef000
furious-puma-1:127996:129022 [0] NCCL INFO  9 : GPU/0-7f000 GPU/0-8f000 GPU/0-9f000 GPU/0-af000 GPU/0-bf000 GPU/0-cf000 GPU/0-df000 GPU/0-ef000
furious-puma-1:127996:129022 [0] NCCL INFO 10 : GPU/0-7f000 GPU/0-8f000 GPU/0-9f000 GPU/0-af000 GPU/0-bf000 GPU/0-cf000 GPU/0-df000 GPU/0-ef000
furious-puma-1:127996:129022 [0] NCCL INFO 11 : GPU/0-7f000 GPU/0-8f000 GPU/0-9f000 GPU/0-af000 GPU/0-bf000 GPU/0-cf000 GPU/0-df000 GPU/0-ef000
furious-puma-1:127996:129022 [0] NCCL INFO Pattern 1, crossNic 0, nChannels 12, bw 30.000000/30.000000, type NVL/PIX, sameChannels 1
furious-puma-1:127996:129022 [0] NCCL INFO  0 : GPU/0-7f000 GPU/0-8f000 GPU/0-9f000 GPU/0-af000 GPU/0-bf000 GPU/0-cf000 GPU/0-df000 GPU/0-ef000
furious-puma-1:127996:129022 [0] NCCL INFO  1 : GPU/0-7f000 GPU/0-8f000 GPU/0-9f000 GPU/0-af000 GPU/0-bf000 GPU/0-cf000 GPU/0-df000 GPU/0-ef000
furious-puma-1:127996:129022 [0] NCCL INFO  2 : GPU/0-7f000 GPU/0-8f000 GPU/0-9f000 GPU/0-af000 GPU/0-bf000 GPU/0-cf000 GPU/0-df000 GPU/0-ef000
furious-puma-1:127996:129022 [0] NCCL INFO  3 : GPU/0-7f000 GPU/0-8f000 GPU/0-9f000 GPU/0-af000 GPU/0-bf000 GPU/0-cf000 GPU/0-df000 GPU/0-ef000
furious-puma-1:127996:129022 [0] NCCL INFO  4 : GPU/0-7f000 GPU/0-8f000 GPU/0-9f000 GPU/0-af000 GPU/0-bf000 GPU/0-cf000 GPU/0-df000 GPU/0-ef000
furious-puma-1:127996:129022 [0] NCCL INFO  5 : GPU/0-7f000 GPU/0-8f000 GPU/0-9f000 GPU/0-af000 GPU/0-bf000 GPU/0-cf000 GPU/0-df000 GPU/0-ef000
furious-puma-1:127996:129022 [0] NCCL INFO  6 : GPU/0-7f000 GPU/0-8f000 GPU/0-9f000 GPU/0-af000 GPU/0-bf000 GPU/0-cf000 GPU/0-df000 GPU/0-ef000
furious-puma-1:127996:129022 [0] NCCL INFO  7 : GPU/0-7f000 GPU/0-8f000 GPU/0-9f000 GPU/0-af000 GPU/0-bf000 GPU/0-cf000 GPU/0-df000 GPU/0-ef000
furious-puma-1:127996:129022 [0] NCCL INFO  8 : GPU/0-7f000 GPU/0-8f000 GPU/0-9f000 GPU/0-af000 GPU/0-bf000 GPU/0-cf000 GPU/0-df000 GPU/0-ef000
furious-puma-1:127996:129022 [0] NCCL INFO  9 : GPU/0-7f000 GPU/0-8f000 GPU/0-9f000 GPU/0-af000 GPU/0-bf000 GPU/0-cf000 GPU/0-df000 GPU/0-ef000
furious-puma-1:127996:129022 [0] NCCL INFO 10 : GPU/0-7f000 GPU/0-8f000 GPU/0-9f000 GPU/0-af000 GPU/0-bf000 GPU/0-cf000 GPU/0-df000 GPU/0-ef000
furious-puma-1:127996:129022 [0] NCCL INFO 11 : GPU/0-7f000 GPU/0-8f000 GPU/0-9f000 GPU/0-af000 GPU/0-bf000 GPU/0-cf000 GPU/0-df000 GPU/0-ef000
furious-puma-1:127996:129022 [0] NCCL INFO Pattern 5, crossNic 0, nChannels 8, bw 40.000000/60.000000, type NVL/PIX, sameChannels 0
furious-puma-1:127996:129022 [0] NCCL INFO  0 : GPU/0-7f000
furious-puma-1:127996:129022 [0] NCCL INFO  1 : GPU/0-8f000
furious-puma-1:127996:129022 [0] NCCL INFO  2 : GPU/0-9f000
furious-puma-1:127996:129022 [0] NCCL INFO  3 : GPU/0-af000
furious-puma-1:127996:129022 [0] NCCL INFO  4 : GPU/0-bf000
furious-puma-1:127996:129022 [0] NCCL INFO  5 : GPU/0-cf000
furious-puma-1:127996:129022 [0] NCCL INFO  6 : GPU/0-df000
furious-puma-1:127996:129022 [0] NCCL INFO  7 : GPU/0-ef000
furious-puma-1:127998:129013 [2] NCCL INFO comm 0x70ed71c0 rank 2 nRanks 8 nNodes 1 localRanks 8 localRank 2 MNNVL 0
furious-puma-1:127997:129033 [1] NCCL INFO comm 0x683451f0 rank 1 nRanks 8 nNodes 1 localRanks 8 localRank 1 MNNVL 0
furious-puma-1:127996:129022 [0] NCCL INFO comm 0x67251640 rank 0 nRanks 8 nNodes 1 localRanks 8 localRank 0 MNNVL 0
furious-puma-1:128003:129010 [7] NCCL INFO comm 0x5ade3c50 rank 7 nRanks 8 nNodes 1 localRanks 8 localRank 7 MNNVL 0
furious-puma-1:128000:129030 [4] NCCL INFO comm 0x709d6a90 rank 4 nRanks 8 nNodes 1 localRanks 8 localRank 4 MNNVL 0
furious-puma-1:127998:129013 [2] NCCL INFO Ring 00 : 1 -> 2 -> 3
furious-puma-1:127999:128974 [3] NCCL INFO comm 0x670cd9a0 rank 3 nRanks 8 nNodes 1 localRanks 8 localRank 3 MNNVL 0
furious-puma-1:127997:129033 [1] NCCL INFO Tree 0 : 0 -> 1 -> 2/-1/-1
furious-puma-1:127998:129013 [2] NCCL INFO Ring 01 : 1 -> 2 -> 3
furious-puma-1:128002:129019 [6] NCCL INFO comm 0x673b2890 rank 6 nRanks 8 nNodes 1 localRanks 8 localRank 6 MNNVL 0
furious-puma-1:127997:129033 [1] NCCL INFO Tree 12 : 0 -> 1 -> 2/-1/-1
furious-puma-1:128001:128978 [5] NCCL INFO comm 0x61e20c30 rank 5 nRanks 8 nNodes 1 localRanks 8 localRank 5 MNNVL 0
furious-puma-1:127997:129033 [1] NCCL INFO Tree 1 : 0 -> 1 -> 2/-1/-1
furious-puma-1:127997:129033 [1] NCCL INFO Tree 13 : 0 -> 1 -> 2/-1/-1
furious-puma-1:127997:129033 [1] NCCL INFO Tree 2 : 0 -> 1 -> 2/-1/-1
furious-puma-1:127998:129013 [2] NCCL INFO Ring 02 : 1 -> 2 -> 3
furious-puma-1:127997:129033 [1] NCCL INFO Tree 14 : 0 -> 1 -> 2/-1/-1
furious-puma-1:127998:129013 [2] NCCL INFO Ring 03 : 1 -> 2 -> 3
furious-puma-1:127997:129033 [1] NCCL INFO Tree 3 : 0 -> 1 -> 2/-1/-1
furious-puma-1:127998:129013 [2] NCCL INFO Ring 04 : 1 -> 2 -> 3
furious-puma-1:127997:129033 [1] NCCL INFO Tree 15 : 0 -> 1 -> 2/-1/-1
furious-puma-1:127998:129013 [2] NCCL INFO Ring 05 : 1 -> 2 -> 3
furious-puma-1:127997:129033 [1] NCCL INFO Tree 4 : 0 -> 1 -> 2/-1/-1
furious-puma-1:127996:129022 [0] NCCL INFO Tree 0 : -1 -> 0 -> 1/-1/-1
furious-puma-1:127997:129033 [1] NCCL INFO Tree 16 : 0 -> 1 -> 2/-1/-1
furious-puma-1:127998:129013 [2] NCCL INFO Ring 06 : 1 -> 2 -> 3
furious-puma-1:127996:129022 [0] NCCL INFO Tree 12 : -1 -> 0 -> 1/-1/-1
furious-puma-1:127997:129033 [1] NCCL INFO Tree 5 : 0 -> 1 -> 2/-1/-1
furious-puma-1:127998:129013 [2] NCCL INFO Ring 07 : 1 -> 2 -> 3
furious-puma-1:127996:129022 [0] NCCL INFO Tree 1 : -1 -> 0 -> 1/-1/-1
furious-puma-1:127997:129033 [1] NCCL INFO Tree 17 : 0 -> 1 -> 2/-1/-1
furious-puma-1:127998:129013 [2] NCCL INFO Ring 08 : 1 -> 2 -> 3
furious-puma-1:127996:129022 [0] NCCL INFO Tree 13 : -1 -> 0 -> 1/-1/-1
furious-puma-1:127997:129033 [1] NCCL INFO Tree 6 : 0 -> 1 -> 2/-1/-1
furious-puma-1:127998:129013 [2] NCCL INFO Ring 09 : 1 -> 2 -> 3
furious-puma-1:127997:129033 [1] NCCL INFO Tree 18 : 0 -> 1 -> 2/-1/-1
furious-puma-1:127996:129022 [0] NCCL INFO Tree 2 : -1 -> 0 -> 1/-1/-1
furious-puma-1:127998:129013 [2] NCCL INFO Ring 10 : 1 -> 2 -> 3
furious-puma-1:127997:129033 [1] NCCL INFO Tree 7 : 0 -> 1 -> 2/-1/-1
furious-puma-1:127996:129022 [0] NCCL INFO Tree 14 : -1 -> 0 -> 1/-1/-1
furious-puma-1:127997:129033 [1] NCCL INFO Tree 19 : 0 -> 1 -> 2/-1/-1
furious-puma-1:127998:129013 [2] NCCL INFO Ring 11 : 1 -> 2 -> 3
furious-puma-1:127996:129022 [0] NCCL INFO Tree 3 : -1 -> 0 -> 1/-1/-1
furious-puma-1:127997:129033 [1] NCCL INFO Tree 8 : 0 -> 1 -> 2/-1/-1
furious-puma-1:127998:129013 [2] NCCL INFO Ring 12 : 1 -> 2 -> 3
furious-puma-1:128002:129019 [6] NCCL INFO Ring 00 : 5 -> 6 -> 7
furious-puma-1:127996:129022 [0] NCCL INFO Tree 15 : -1 -> 0 -> 1/-1/-1
furious-puma-1:128003:129010 [7] NCCL INFO Ring 00 : 6 -> 7 -> 0
furious-puma-1:127997:129033 [1] NCCL INFO Tree 20 : 0 -> 1 -> 2/-1/-1
furious-puma-1:128001:128978 [5] NCCL INFO Ring 00 : 4 -> 5 -> 6
furious-puma-1:127998:129013 [2] NCCL INFO Ring 13 : 1 -> 2 -> 3
furious-puma-1:128001:128978 [5] NCCL INFO Ring 01 : 4 -> 5 -> 6
furious-puma-1:128000:129030 [4] NCCL INFO Ring 00 : 3 -> 4 -> 5
furious-puma-1:127998:129013 [2] NCCL INFO Ring 14 : 1 -> 2 -> 3
furious-puma-1:128001:128978 [5] NCCL INFO Ring 02 : 4 -> 5 -> 6
furious-puma-1:127996:129022 [0] NCCL INFO Tree 4 : -1 -> 0 -> 1/-1/-1
furious-puma-1:128002:129019 [6] NCCL INFO Ring 01 : 5 -> 6 -> 7
furious-puma-1:128001:128978 [5] NCCL INFO Ring 03 : 4 -> 5 -> 6
furious-puma-1:127996:129022 [0] NCCL INFO Tree 16 : -1 -> 0 -> 1/-1/-1
furious-puma-1:128001:128978 [5] NCCL INFO Ring 04 : 4 -> 5 -> 6
furious-puma-1:127996:129022 [0] NCCL INFO Tree 5 : -1 -> 0 -> 1/-1/-1
furious-puma-1:128001:128978 [5] NCCL INFO Ring 05 : 4 -> 5 -> 6
furious-puma-1:127996:129022 [0] NCCL INFO Tree 17 : -1 -> 0 -> 1/-1/-1
furious-puma-1:127997:129033 [1] NCCL INFO Tree 9 : 0 -> 1 -> 2/-1/-1
furious-puma-1:128001:128978 [5] NCCL INFO Ring 06 : 4 -> 5 -> 6
furious-puma-1:127996:129022 [0] NCCL INFO Tree 6 : -1 -> 0 -> 1/-1/-1
furious-puma-1:127997:129033 [1] NCCL INFO Tree 21 : 0 -> 1 -> 2/-1/-1
furious-puma-1:128001:128978 [5] NCCL INFO Ring 07 : 4 -> 5 -> 6
furious-puma-1:127996:129022 [0] NCCL INFO Tree 18 : -1 -> 0 -> 1/-1/-1
furious-puma-1:128003:129010 [7] NCCL INFO Ring 01 : 6 -> 7 -> 0
furious-puma-1:127999:128974 [3] NCCL INFO Ring 00 : 2 -> 3 -> 4
furious-puma-1:127998:129013 [2] NCCL INFO Ring 15 : 1 -> 2 -> 3
furious-puma-1:128000:129030 [4] NCCL INFO Ring 01 : 3 -> 4 -> 5
furious-puma-1:128002:129019 [6] NCCL INFO Ring 02 : 5 -> 6 -> 7
furious-puma-1:127997:129033 [1] NCCL INFO Tree 10 : 0 -> 1 -> 2/-1/-1
furious-puma-1:128001:128978 [5] NCCL INFO Ring 08 : 4 -> 5 -> 6
furious-puma-1:127997:129033 [1] NCCL INFO Tree 22 : 0 -> 1 -> 2/-1/-1
furious-puma-1:128002:129019 [6] NCCL INFO Ring 03 : 5 -> 6 -> 7
furious-puma-1:127996:129022 [0] NCCL INFO Tree 7 : -1 -> 0 -> 1/-1/-1
furious-puma-1:128003:129010 [7] NCCL INFO Ring 02 : 6 -> 7 -> 0
furious-puma-1:127998:129013 [2] NCCL INFO Ring 16 : 1 -> 2 -> 3
furious-puma-1:128001:128978 [5] NCCL INFO Ring 09 : 4 -> 5 -> 6
furious-puma-1:127999:128974 [3] NCCL INFO Ring 01 : 2 -> 3 -> 4
furious-puma-1:128000:129030 [4] NCCL INFO Ring 02 : 3 -> 4 -> 5
furious-puma-1:127997:129033 [1] NCCL INFO Tree 11 : 0 -> 1 -> 2/-1/-1
furious-puma-1:127999:128974 [3] NCCL INFO Ring 02 : 2 -> 3 -> 4
furious-puma-1:127996:129022 [0] NCCL INFO Tree 19 : -1 -> 0 -> 1/-1/-1
furious-puma-1:127999:128974 [3] NCCL INFO Ring 03 : 2 -> 3 -> 4
furious-puma-1:128002:129019 [6] NCCL INFO Ring 04 : 5 -> 6 -> 7
furious-puma-1:128003:129010 [7] NCCL INFO Ring 03 : 6 -> 7 -> 0
furious-puma-1:127998:129013 [2] NCCL INFO Ring 17 : 1 -> 2 -> 3
furious-puma-1:128001:128978 [5] NCCL INFO Ring 10 : 4 -> 5 -> 6
furious-puma-1:127997:129033 [1] NCCL INFO Tree 23 : 0 -> 1 -> 2/-1/-1
furious-puma-1:128000:129030 [4] NCCL INFO Ring 03 : 3 -> 4 -> 5
furious-puma-1:127996:129022 [0] NCCL INFO Tree 8 : -1 -> 0 -> 1/-1/-1
furious-puma-1:127999:128974 [3] NCCL INFO Ring 04 : 2 -> 3 -> 4
furious-puma-1:128002:129019 [6] NCCL INFO Ring 05 : 5 -> 6 -> 7
furious-puma-1:128000:129030 [4] NCCL INFO Ring 04 : 3 -> 4 -> 5
furious-puma-1:128003:129010 [7] NCCL INFO Ring 04 : 6 -> 7 -> 0
furious-puma-1:127999:128974 [3] NCCL INFO Ring 05 : 2 -> 3 -> 4
furious-puma-1:127998:129013 [2] NCCL INFO Ring 18 : 1 -> 2 -> 3
furious-puma-1:128000:129030 [4] NCCL INFO Ring 05 : 3 -> 4 -> 5
furious-puma-1:128001:128978 [5] NCCL INFO Ring 11 : 4 -> 5 -> 6
furious-puma-1:127996:129022 [0] NCCL INFO Tree 20 : -1 -> 0 -> 1/-1/-1
furious-puma-1:127997:129033 [1] NCCL INFO Ring 00 : 0 -> 1 -> 2
furious-puma-1:128002:129019 [6] NCCL INFO Ring 06 : 5 -> 6 -> 7
furious-puma-1:127999:128974 [3] NCCL INFO Ring 06 : 2 -> 3 -> 4
furious-puma-1:128001:128978 [5] NCCL INFO Ring 12 : 4 -> 5 -> 6
furious-puma-1:128003:129010 [7] NCCL INFO Ring 05 : 6 -> 7 -> 0
furious-puma-1:127998:129013 [2] NCCL INFO Ring 19 : 1 -> 2 -> 3
furious-puma-1:128000:129030 [4] NCCL INFO Ring 06 : 3 -> 4 -> 5
furious-puma-1:127998:129013 [2] NCCL INFO Ring 20 : 1 -> 2 -> 3
furious-puma-1:127997:129033 [1] NCCL INFO Ring 01 : 0 -> 1 -> 2
furious-puma-1:127996:129022 [0] NCCL INFO Tree 9 : -1 -> 0 -> 1/-1/-1
furious-puma-1:128002:129019 [6] NCCL INFO Ring 07 : 5 -> 6 -> 7
furious-puma-1:128001:128978 [5] NCCL INFO Ring 13 : 4 -> 5 -> 6
furious-puma-1:127999:128974 [3] NCCL INFO Ring 07 : 2 -> 3 -> 4
furious-puma-1:128003:129010 [7] NCCL INFO Ring 06 : 6 -> 7 -> 0
furious-puma-1:128000:129030 [4] NCCL INFO Ring 07 : 3 -> 4 -> 5
furious-puma-1:127998:129013 [2] NCCL INFO Ring 21 : 1 -> 2 -> 3
furious-puma-1:127998:129013 [2] NCCL INFO Ring 22 : 1 -> 2 -> 3
furious-puma-1:128000:129030 [4] NCCL INFO Ring 08 : 3 -> 4 -> 5
furious-puma-1:127998:129013 [2] NCCL INFO Ring 23 : 1 -> 2 -> 3
furious-puma-1:127998:129013 [2] NCCL INFO Trees [0] 3/-1/-1->2->1 [1] 3/-1/-1->2->1 [2] 3/-1/-1->2->1 [3] 3/-1/-1->2->1 [4] 3/-1/-1->2->1 [5] 3/-1/-1->2->1 [6] 3/-1/-1->2->1 [7] 3/-1/-1->2->1 [8] 3/-1/-1->2->1 [9] 3/-1/-1->2->1 [10] 3/-1/-1->2->1 [11] 3/-1/-1->2->1 [12] 3/-1/-1->2->1 [13] 3/-1/-1->2->1 [14] 3/-1/-1->2->1 [15] 3/-1/-1->2->1 [16] 3/-1/-1->2->1 [17] 3/-1/-1->2->1 [18] 3/-1/-1->2->1 [19] 3/-1/-1->2->1 [20] 3/-1/-1->2->1 [21] 3/-1/-1->2->1 [22] 3/-1/-1->2->1 [23] 3/-1/-1->2->1
furious-puma-1:127997:129033 [1] NCCL INFO Ring 02 : 0 -> 1 -> 2
furious-puma-1:127996:129022 [0] NCCL INFO Tree 21 : -1 -> 0 -> 1/-1/-1
furious-puma-1:127998:129013 [2] NCCL INFO P2P Chunksize set to 524288
furious-puma-1:128002:129019 [6] NCCL INFO Ring 08 : 5 -> 6 -> 7
furious-puma-1:127999:128974 [3] NCCL INFO Ring 08 : 2 -> 3 -> 4
furious-puma-1:128003:129010 [7] NCCL INFO Ring 07 : 6 -> 7 -> 0
furious-puma-1:128000:129030 [4] NCCL INFO Ring 09 : 3 -> 4 -> 5
furious-puma-1:128002:129019 [6] NCCL INFO Ring 09 : 5 -> 6 -> 7
furious-puma-1:128003:129010 [7] NCCL INFO Ring 08 : 6 -> 7 -> 0
furious-puma-1:128001:128978 [5] NCCL INFO Ring 14 : 4 -> 5 -> 6
furious-puma-1:127997:129033 [1] NCCL INFO Ring 03 : 0 -> 1 -> 2
furious-puma-1:127996:129022 [0] NCCL INFO Tree 10 : -1 -> 0 -> 1/-1/-1
furious-puma-1:127999:128974 [3] NCCL INFO Ring 09 : 2 -> 3 -> 4
furious-puma-1:128003:129010 [7] NCCL INFO Ring 09 : 6 -> 7 -> 0
furious-puma-1:128002:129019 [6] NCCL INFO Ring 10 : 5 -> 6 -> 7
furious-puma-1:128000:129030 [4] NCCL INFO Ring 10 : 3 -> 4 -> 5
furious-puma-1:127999:128974 [3] NCCL INFO Ring 10 : 2 -> 3 -> 4
furious-puma-1:128001:128978 [5] NCCL INFO Ring 15 : 4 -> 5 -> 6
furious-puma-1:127997:129033 [1] NCCL INFO Ring 04 : 0 -> 1 -> 2
furious-puma-1:127996:129022 [0] NCCL INFO Tree 22 : -1 -> 0 -> 1/-1/-1
furious-puma-1:128003:129010 [7] NCCL INFO Ring 10 : 6 -> 7 -> 0
furious-puma-1:128002:129019 [6] NCCL INFO Ring 11 : 5 -> 6 -> 7
furious-puma-1:128000:129030 [4] NCCL INFO Ring 11 : 3 -> 4 -> 5
furious-puma-1:127999:128974 [3] NCCL INFO Ring 11 : 2 -> 3 -> 4
furious-puma-1:128002:129019 [6] NCCL INFO Ring 12 : 5 -> 6 -> 7
furious-puma-1:128000:129030 [4] NCCL INFO Ring 12 : 3 -> 4 -> 5
furious-puma-1:128001:128978 [5] NCCL INFO Ring 16 : 4 -> 5 -> 6
furious-puma-1:127999:128974 [3] NCCL INFO Ring 12 : 2 -> 3 -> 4
furious-puma-1:127997:129033 [1] NCCL INFO Ring 05 : 0 -> 1 -> 2
furious-puma-1:127996:129022 [0] NCCL INFO Tree 11 : -1 -> 0 -> 1/-1/-1
furious-puma-1:128003:129010 [7] NCCL INFO Ring 11 : 6 -> 7 -> 0
furious-puma-1:128002:129019 [6] NCCL INFO Ring 13 : 5 -> 6 -> 7
furious-puma-1:128000:129030 [4] NCCL INFO Ring 13 : 3 -> 4 -> 5
furious-puma-1:128001:128978 [5] NCCL INFO Ring 17 : 4 -> 5 -> 6
furious-puma-1:127997:129033 [1] NCCL INFO Ring 06 : 0 -> 1 -> 2
furious-puma-1:128003:129010 [7] NCCL INFO Ring 12 : 6 -> 7 -> 0
furious-puma-1:127999:128974 [3] NCCL INFO Ring 13 : 2 -> 3 -> 4
furious-puma-1:127996:129022 [0] NCCL INFO Tree 23 : -1 -> 0 -> 1/-1/-1
furious-puma-1:128002:129019 [6] NCCL INFO Ring 14 : 5 -> 6 -> 7
furious-puma-1:128003:129010 [7] NCCL INFO Ring 13 : 6 -> 7 -> 0
furious-puma-1:127999:128974 [3] NCCL INFO Ring 14 : 2 -> 3 -> 4
furious-puma-1:128000:129030 [4] NCCL INFO Ring 14 : 3 -> 4 -> 5
furious-puma-1:127997:129033 [1] NCCL INFO Ring 07 : 0 -> 1 -> 2
furious-puma-1:127999:128974 [3] NCCL INFO Ring 15 : 2 -> 3 -> 4
furious-puma-1:128000:129030 [4] NCCL INFO Ring 15 : 3 -> 4 -> 5
furious-puma-1:128001:128978 [5] NCCL INFO Ring 18 : 4 -> 5 -> 6
furious-puma-1:127997:129033 [1] NCCL INFO Ring 08 : 0 -> 1 -> 2
furious-puma-1:128002:129019 [6] NCCL INFO Ring 15 : 5 -> 6 -> 7
furious-puma-1:128000:129030 [4] NCCL INFO Ring 16 : 3 -> 4 -> 5
furious-puma-1:128003:129010 [7] NCCL INFO Ring 14 : 6 -> 7 -> 0
furious-puma-1:127996:129022 [0] NCCL INFO Channel 00/24 : 0 1 2 3 4 5 6 7
furious-puma-1:127999:128974 [3] NCCL INFO Ring 16 : 2 -> 3 -> 4
furious-puma-1:127997:129033 [1] NCCL INFO Ring 09 : 0 -> 1 -> 2
furious-puma-1:128002:129019 [6] NCCL INFO Ring 16 : 5 -> 6 -> 7
furious-puma-1:128001:128978 [5] NCCL INFO Ring 19 : 4 -> 5 -> 6
furious-puma-1:128000:129030 [4] NCCL INFO Ring 17 : 3 -> 4 -> 5
furious-puma-1:127997:129033 [1] NCCL INFO Ring 10 : 0 -> 1 -> 2
furious-puma-1:128002:129019 [6] NCCL INFO Ring 17 : 5 -> 6 -> 7
furious-puma-1:128003:129010 [7] NCCL INFO Ring 15 : 6 -> 7 -> 0
furious-puma-1:128001:128978 [5] NCCL INFO Ring 20 : 4 -> 5 -> 6
furious-puma-1:127999:128974 [3] NCCL INFO Ring 17 : 2 -> 3 -> 4
furious-puma-1:127996:129022 [0] NCCL INFO Channel 01/24 : 0 1 2 3 4 5 6 7
furious-puma-1:128000:129030 [4] NCCL INFO Ring 18 : 3 -> 4 -> 5
furious-puma-1:127997:129033 [1] NCCL INFO Ring 11 : 0 -> 1 -> 2
furious-puma-1:127999:128974 [3] NCCL INFO Ring 18 : 2 -> 3 -> 4
furious-puma-1:128002:129019 [6] NCCL INFO Ring 18 : 5 -> 6 -> 7
furious-puma-1:128000:129030 [4] NCCL INFO Ring 19 : 3 -> 4 -> 5
furious-puma-1:127996:129022 [0] NCCL INFO Channel 02/24 : 0 1 2 3 4 5 6 7
furious-puma-1:128003:129010 [7] NCCL INFO Ring 16 : 6 -> 7 -> 0
furious-puma-1:127999:128974 [3] NCCL INFO Ring 19 : 2 -> 3 -> 4
furious-puma-1:128001:128978 [5] NCCL INFO Ring 21 : 4 -> 5 -> 6
furious-puma-1:127997:129033 [1] NCCL INFO Ring 12 : 0 -> 1 -> 2
furious-puma-1:128002:129019 [6] NCCL INFO Ring 19 : 5 -> 6 -> 7
furious-puma-1:128000:129030 [4] NCCL INFO Ring 20 : 3 -> 4 -> 5
furious-puma-1:127996:129022 [0] NCCL INFO Channel 03/24 : 0 1 2 3 4 5 6 7
furious-puma-1:128002:129019 [6] NCCL INFO Ring 20 : 5 -> 6 -> 7
furious-puma-1:128003:129010 [7] NCCL INFO Ring 17 : 6 -> 7 -> 0
furious-puma-1:127999:128974 [3] NCCL INFO Ring 20 : 2 -> 3 -> 4
furious-puma-1:128002:129019 [6] NCCL INFO Ring 21 : 5 -> 6 -> 7
furious-puma-1:128003:129010 [7] NCCL INFO Ring 18 : 6 -> 7 -> 0
furious-puma-1:128002:129019 [6] NCCL INFO Ring 22 : 5 -> 6 -> 7
furious-puma-1:128001:128978 [5] NCCL INFO Ring 22 : 4 -> 5 -> 6
furious-puma-1:127997:129033 [1] NCCL INFO Ring 13 : 0 -> 1 -> 2
furious-puma-1:128000:129030 [4] NCCL INFO Ring 21 : 3 -> 4 -> 5
furious-puma-1:128001:128978 [5] NCCL INFO Ring 23 : 4 -> 5 -> 6
furious-puma-1:127996:129022 [0] NCCL INFO Channel 04/24 : 0 1 2 3 4 5 6 7
furious-puma-1:127999:128974 [3] NCCL INFO Ring 21 : 2 -> 3 -> 4
furious-puma-1:128003:129010 [7] NCCL INFO Ring 19 : 6 -> 7 -> 0
furious-puma-1:128002:129019 [6] NCCL INFO Ring 23 : 5 -> 6 -> 7
furious-puma-1:127997:129033 [1] NCCL INFO Ring 14 : 0 -> 1 -> 2
furious-puma-1:127999:128974 [3] NCCL INFO Ring 22 : 2 -> 3 -> 4
furious-puma-1:128002:129019 [6] NCCL INFO Trees [0] 7/-1/-1->6->5 [1] 7/-1/-1->6->5 [2] 7/-1/-1->6->5 [3] 7/-1/-1->6->5 [4] 7/-1/-1->6->5 [5] 7/-1/-1->6->5 [6] 7/-1/-1->6->5 [7] 7/-1/-1->6->5 [8] 7/-1/-1->6->5 [9] 7/-1/-1->6->5 [10] 7/-1/-1->6->5 [11] 7/-1/-1->6->5 [12] 7/-1/-1->6->5 [13] 7/-1/-1->6->5 [14] 7/-1/-1->6->5 [15] 7/-1/-1->6->5 [16] 7/-1/-1->6->5 [17] 7/-1/-1->6->5 [18] 7/-1/-1->6->5 [19] 7/-1/-1->6->5 [20] 7/-1/-1->6->5 [21] 7/-1/-1->6->5 [22] 7/-1/-1->6->5 [23] 7/-1/-1->6->5
furious-puma-1:128000:129030 [4] NCCL INFO Ring 22 : 3 -> 4 -> 5
furious-puma-1:128001:128978 [5] NCCL INFO Trees [0] 6/-1/-1->5->4 [1] 6/-1/-1->5->4 [2] 6/-1/-1->5->4 [3] 6/-1/-1->5->4 [4] 6/-1/-1->5->4 [5] 6/-1/-1->5->4 [6] 6/-1/-1->5->4 [7] 6/-1/-1->5->4 [8] 6/-1/-1->5->4 [9] 6/-1/-1->5->4 [10] 6/-1/-1->5->4 [11] 6/-1/-1->5->4 [12] 6/-1/-1->5->4 [13] 6/-1/-1->5->4 [14] 6/-1/-1->5->4 [15] 6/-1/-1->5->4 [16] 6/-1/-1->5->4 [17] 6/-1/-1->5->4 [18] 6/-1/-1->5->4 [19] 6/-1/-1->5->4 [20] 6/-1/-1->5->4 [21] 6/-1/-1->5->4 [22] 6/-1/-1->5->4 [23] 6/-1/-1->5->4
furious-puma-1:127999:128974 [3] NCCL INFO Ring 23 : 2 -> 3 -> 4
furious-puma-1:127996:129022 [0] NCCL INFO Channel 05/24 : 0 1 2 3 4 5 6 7
furious-puma-1:128003:129010 [7] NCCL INFO Ring 20 : 6 -> 7 -> 0
furious-puma-1:127997:129033 [1] NCCL INFO Ring 15 : 0 -> 1 -> 2
furious-puma-1:128002:129019 [6] NCCL INFO P2P Chunksize set to 524288
furious-puma-1:128003:129010 [7] NCCL INFO Ring 21 : 6 -> 7 -> 0
furious-puma-1:128000:129030 [4] NCCL INFO Ring 23 : 3 -> 4 -> 5
furious-puma-1:128001:128978 [5] NCCL INFO P2P Chunksize set to 524288
furious-puma-1:127999:128974 [3] NCCL INFO Trees [0] 4/-1/-1->3->2 [1] 4/-1/-1->3->2 [2] 4/-1/-1->3->2 [3] 4/-1/-1->3->2 [4] 4/-1/-1->3->2 [5] 4/-1/-1->3->2 [6] 4/-1/-1->3->2 [7] 4/-1/-1->3->2 [8] 4/-1/-1->3->2 [9] 4/-1/-1->3->2 [10] 4/-1/-1->3->2 [11] 4/-1/-1->3->2 [12] 4/-1/-1->3->2 [13] 4/-1/-1->3->2 [14] 4/-1/-1->3->2 [15] 4/-1/-1->3->2 [16] 4/-1/-1->3->2 [17] 4/-1/-1->3->2 [18] 4/-1/-1->3->2 [19] 4/-1/-1->3->2 [20] 4/-1/-1->3->2 [21] 4/-1/-1->3->2 [22] 4/-1/-1->3->2 [23] 4/-1/-1->3->2
furious-puma-1:128000:129030 [4] NCCL INFO Trees [0] 5/-1/-1->4->3 [1] 5/-1/-1->4->3 [2] 5/-1/-1->4->3 [3] 5/-1/-1->4->3 [4] 5/-1/-1->4->3 [5] 5/-1/-1->4->3 [6] 5/-1/-1->4->3 [7] 5/-1/-1->4->3 [8] 5/-1/-1->4->3 [9] 5/-1/-1->4->3 [10] 5/-1/-1->4->3 [11] 5/-1/-1->4->3 [12] 5/-1/-1->4->3 [13] 5/-1/-1->4->3 [14] 5/-1/-1->4->3 [15] 5/-1/-1->4->3 [16] 5/-1/-1->4->3 [17] 5/-1/-1->4->3 [18] 5/-1/-1->4->3 [19] 5/-1/-1->4->3 [20] 5/-1/-1->4->3 [21] 5/-1/-1->4->3 [22] 5/-1/-1->4->3 [23] 5/-1/-1->4->3
furious-puma-1:127996:129022 [0] NCCL INFO Channel 06/24 : 0 1 2 3 4 5 6 7
furious-puma-1:127999:128974 [3] NCCL INFO P2P Chunksize set to 524288
furious-puma-1:127997:129033 [1] NCCL INFO Ring 16 : 0 -> 1 -> 2
furious-puma-1:128003:129010 [7] NCCL INFO Ring 22 : 6 -> 7 -> 0
furious-puma-1:128000:129030 [4] NCCL INFO P2P Chunksize set to 524288
furious-puma-1:127997:129033 [1] NCCL INFO Ring 17 : 0 -> 1 -> 2
furious-puma-1:127996:129022 [0] NCCL INFO Channel 07/24 : 0 1 2 3 4 5 6 7
furious-puma-1:128003:129010 [7] NCCL INFO Ring 23 : 6 -> 7 -> 0
furious-puma-1:127997:129033 [1] NCCL INFO Ring 18 : 0 -> 1 -> 2
furious-puma-1:128003:129010 [7] NCCL INFO Trees [0] -1/-1/-1->7->6 [1] -1/-1/-1->7->6 [2] -1/-1/-1->7->6 [3] -1/-1/-1->7->6 [4] -1/-1/-1->7->6 [5] -1/-1/-1->7->6 [6] -1/-1/-1->7->6 [7] -1/-1/-1->7->6 [8] -1/-1/-1->7->6 [9] -1/-1/-1->7->6 [10] -1/-1/-1->7->6 [11] -1/-1/-1->7->6 [12] -1/-1/-1->7->6 [13] -1/-1/-1->7->6 [14] -1/-1/-1->7->6 [15] -1/-1/-1->7->6 [16] -1/-1/-1->7->6 [17] -1/-1/-1->7->6 [18] -1/-1/-1->7->6 [19] -1/-1/-1->7->6 [20] -1/-1/-1->7->6 [21] -1/-1/-1->7->6 [22] -1/-1/-1->7->6 [23] -1/-1/-1->7->6
furious-puma-1:127997:129033 [1] NCCL INFO Ring 19 : 0 -> 1 -> 2
furious-puma-1:127996:129022 [0] NCCL INFO Channel 08/24 : 0 1 2 3 4 5 6 7
furious-puma-1:128003:129010 [7] NCCL INFO P2P Chunksize set to 524288
furious-puma-1:127997:129033 [1] NCCL INFO Ring 20 : 0 -> 1 -> 2
furious-puma-1:127997:129033 [1] NCCL INFO Ring 21 : 0 -> 1 -> 2
furious-puma-1:127996:129022 [0] NCCL INFO Channel 09/24 : 0 1 2 3 4 5 6 7
furious-puma-1:127997:129033 [1] NCCL INFO Ring 22 : 0 -> 1 -> 2
furious-puma-1:127997:129033 [1] NCCL INFO Ring 23 : 0 -> 1 -> 2
furious-puma-1:127996:129022 [0] NCCL INFO Channel 10/24 : 0 1 2 3 4 5 6 7
furious-puma-1:127997:129033 [1] NCCL INFO Trees [0] 2/-1/-1->1->0 [1] 2/-1/-1->1->0 [2] 2/-1/-1->1->0 [3] 2/-1/-1->1->0 [4] 2/-1/-1->1->0 [5] 2/-1/-1->1->0 [6] 2/-1/-1->1->0 [7] 2/-1/-1->1->0 [8] 2/-1/-1->1->0 [9] 2/-1/-1->1->0 [10] 2/-1/-1->1->0 [11] 2/-1/-1->1->0 [12] 2/-1/-1->1->0 [13] 2/-1/-1->1->0 [14] 2/-1/-1->1->0 [15] 2/-1/-1->1->0 [16] 2/-1/-1->1->0 [17] 2/-1/-1->1->0 [18] 2/-1/-1->1->0 [19] 2/-1/-1->1->0 [20] 2/-1/-1->1->0 [21] 2/-1/-1->1->0 [22] 2/-1/-1->1->0 [23] 2/-1/-1->1->0
furious-puma-1:127997:129033 [1] NCCL INFO P2P Chunksize set to 524288
furious-puma-1:127996:129022 [0] NCCL INFO Channel 11/24 : 0 1 2 3 4 5 6 7
furious-puma-1:127996:129022 [0] NCCL INFO Channel 12/24 : 0 1 2 3 4 5 6 7
furious-puma-1:127996:129022 [0] NCCL INFO Channel 13/24 : 0 1 2 3 4 5 6 7
furious-puma-1:127996:129022 [0] NCCL INFO Channel 14/24 : 0 1 2 3 4 5 6 7
furious-puma-1:127996:129022 [0] NCCL INFO Channel 15/24 : 0 1 2 3 4 5 6 7
furious-puma-1:127996:129022 [0] NCCL INFO Channel 16/24 : 0 1 2 3 4 5 6 7
furious-puma-1:127996:129022 [0] NCCL INFO Channel 17/24 : 0 1 2 3 4 5 6 7
furious-puma-1:127996:129022 [0] NCCL INFO Channel 18/24 : 0 1 2 3 4 5 6 7
furious-puma-1:127996:129022 [0] NCCL INFO Channel 19/24 : 0 1 2 3 4 5 6 7
furious-puma-1:127996:129022 [0] NCCL INFO Channel 20/24 : 0 1 2 3 4 5 6 7
furious-puma-1:127996:129022 [0] NCCL INFO Channel 21/24 : 0 1 2 3 4 5 6 7
furious-puma-1:127996:129022 [0] NCCL INFO Channel 22/24 : 0 1 2 3 4 5 6 7
furious-puma-1:127996:129022 [0] NCCL INFO Channel 23/24 : 0 1 2 3 4 5 6 7
furious-puma-1:127996:129022 [0] NCCL INFO Ring 00 : 7 -> 0 -> 1
furious-puma-1:127996:129022 [0] NCCL INFO Ring 01 : 7 -> 0 -> 1
furious-puma-1:127996:129022 [0] NCCL INFO Ring 02 : 7 -> 0 -> 1
furious-puma-1:127996:129022 [0] NCCL INFO Ring 03 : 7 -> 0 -> 1
furious-puma-1:127996:129022 [0] NCCL INFO Ring 04 : 7 -> 0 -> 1
furious-puma-1:127996:129022 [0] NCCL INFO Ring 05 : 7 -> 0 -> 1
furious-puma-1:127996:129022 [0] NCCL INFO Ring 06 : 7 -> 0 -> 1
furious-puma-1:127996:129022 [0] NCCL INFO Ring 07 : 7 -> 0 -> 1
furious-puma-1:127996:129022 [0] NCCL INFO Ring 08 : 7 -> 0 -> 1
furious-puma-1:127996:129022 [0] NCCL INFO Ring 09 : 7 -> 0 -> 1
furious-puma-1:127996:129022 [0] NCCL INFO Ring 10 : 7 -> 0 -> 1
furious-puma-1:127996:129022 [0] NCCL INFO Ring 11 : 7 -> 0 -> 1
furious-puma-1:127996:129022 [0] NCCL INFO Ring 12 : 7 -> 0 -> 1
furious-puma-1:127996:129022 [0] NCCL INFO Ring 13 : 7 -> 0 -> 1
furious-puma-1:127996:129022 [0] NCCL INFO Ring 14 : 7 -> 0 -> 1
furious-puma-1:127996:129022 [0] NCCL INFO Ring 15 : 7 -> 0 -> 1
furious-puma-1:127996:129022 [0] NCCL INFO Ring 16 : 7 -> 0 -> 1
furious-puma-1:127996:129022 [0] NCCL INFO Ring 17 : 7 -> 0 -> 1
furious-puma-1:127996:129022 [0] NCCL INFO Ring 18 : 7 -> 0 -> 1
furious-puma-1:127996:129022 [0] NCCL INFO Ring 19 : 7 -> 0 -> 1
furious-puma-1:127996:129022 [0] NCCL INFO Ring 20 : 7 -> 0 -> 1
furious-puma-1:127996:129022 [0] NCCL INFO Ring 21 : 7 -> 0 -> 1
furious-puma-1:127996:129022 [0] NCCL INFO Ring 22 : 7 -> 0 -> 1
furious-puma-1:127996:129022 [0] NCCL INFO Ring 23 : 7 -> 0 -> 1
furious-puma-1:127996:129022 [0] NCCL INFO Trees [0] 1/-1/-1->0->-1 [1] 1/-1/-1->0->-1 [2] 1/-1/-1->0->-1 [3] 1/-1/-1->0->-1 [4] 1/-1/-1->0->-1 [5] 1/-1/-1->0->-1 [6] 1/-1/-1->0->-1 [7] 1/-1/-1->0->-1 [8] 1/-1/-1->0->-1 [9] 1/-1/-1->0->-1 [10] 1/-1/-1->0->-1 [11] 1/-1/-1->0->-1 [12] 1/-1/-1->0->-1 [13] 1/-1/-1->0->-1 [14] 1/-1/-1->0->-1 [15] 1/-1/-1->0->-1 [16] 1/-1/-1->0->-1 [17] 1/-1/-1->0->-1 [18] 1/-1/-1->0->-1 [19] 1/-1/-1->0->-1 [20] 1/-1/-1->0->-1 [21] 1/-1/-1->0->-1 [22] 1/-1/-1->0->-1 [23] 1/-1/-1->0->-1
furious-puma-1:127996:129022 [0] NCCL INFO P2P Chunksize set to 524288
furious-puma-1:128002:129035 [6] NCCL INFO [Proxy Service UDS] Device 6 CPU core 83
furious-puma-1:128002:129034 [6] NCCL INFO [Proxy Service] Device 6 CPU core 82
furious-puma-1:128003:129037 [7] NCCL INFO [Proxy Service UDS] Device 7 CPU core 83
furious-puma-1:128003:129036 [7] NCCL INFO [Proxy Service] Device 7 CPU core 82
furious-puma-1:127998:129038 [2] NCCL INFO [Proxy Service] Device 2 CPU core 9
furious-puma-1:127998:129039 [2] NCCL INFO [Proxy Service UDS] Device 2 CPU core 10
furious-puma-1:127997:129040 [1] NCCL INFO [Proxy Service] Device 1 CPU core 24
furious-puma-1:127997:129041 [1] NCCL INFO [Proxy Service UDS] Device 1 CPU core 26
furious-puma-1:128001:129042 [5] NCCL INFO [Proxy Service] Device 5 CPU core 105
furious-puma-1:128001:129043 [5] NCCL INFO [Proxy Service UDS] Device 5 CPU core 106
furious-puma-1:128000:129044 [4] NCCL INFO [Proxy Service] Device 4 CPU core 107
furious-puma-1:128000:129045 [4] NCCL INFO [Proxy Service UDS] Device 4 CPU core 108
furious-puma-1:127996:129022 [0] NCCL INFO Check P2P Type isAllDirectP2p 1 directMode 0
furious-puma-1:127996:129046 [0] NCCL INFO [Proxy Service] Device 0 CPU core 13
furious-puma-1:127996:129047 [0] NCCL INFO [Proxy Service UDS] Device 0 CPU core 15
furious-puma-1:127999:129048 [3] NCCL INFO [Proxy Service] Device 3 CPU core 12
furious-puma-1:127999:129049 [3] NCCL INFO [Proxy Service UDS] Device 3 CPU core 17
furious-puma-1:127997:129033 [1] NCCL INFO threadThresholds 8/8/64 | 64/8/64 | 512 | 512
furious-puma-1:127997:129033 [1] NCCL INFO 24 coll channels, 24 collnet channels, 16 nvls channels, 32 p2p channels, 32 p2p channels per peer
furious-puma-1:127998:129013 [2] NCCL INFO threadThresholds 8/8/64 | 64/8/64 | 512 | 512
furious-puma-1:127998:129013 [2] NCCL INFO 24 coll channels, 24 collnet channels, 16 nvls channels, 32 p2p channels, 32 p2p channels per peer
furious-puma-1:127999:128974 [3] NCCL INFO threadThresholds 8/8/64 | 64/8/64 | 512 | 512
furious-puma-1:127999:128974 [3] NCCL INFO 24 coll channels, 24 collnet channels, 16 nvls channels, 32 p2p channels, 32 p2p channels per peer
furious-puma-1:128000:129030 [4] NCCL INFO threadThresholds 8/8/64 | 64/8/64 | 512 | 512
furious-puma-1:128000:129030 [4] NCCL INFO 24 coll channels, 24 collnet channels, 16 nvls channels, 32 p2p channels, 32 p2p channels per peer
furious-puma-1:128001:128978 [5] NCCL INFO threadThresholds 8/8/64 | 64/8/64 | 512 | 512
furious-puma-1:128001:128978 [5] NCCL INFO 24 coll channels, 24 collnet channels, 16 nvls channels, 32 p2p channels, 32 p2p channels per peer
furious-puma-1:128002:129019 [6] NCCL INFO threadThresholds 8/8/64 | 64/8/64 | 512 | 512
furious-puma-1:128002:129019 [6] NCCL INFO 24 coll channels, 24 collnet channels, 16 nvls channels, 32 p2p channels, 32 p2p channels per peer
furious-puma-1:128003:129010 [7] NCCL INFO threadThresholds 8/8/64 | 64/8/64 | 512 | 512
furious-puma-1:128003:129010 [7] NCCL INFO 24 coll channels, 24 collnet channels, 16 nvls channels, 32 p2p channels, 32 p2p channels per peer
furious-puma-1:127996:129022 [0] NCCL INFO threadThresholds 8/8/64 | 64/8/64 | 512 | 512
furious-puma-1:127996:129022 [0] NCCL INFO 24 coll channels, 24 collnet channels, 16 nvls channels, 32 p2p channels, 32 p2p channels per peer
furious-puma-1:127996:129022 [0] NCCL INFO CC Off, workFifoBytes 1048576
furious-puma-1:127998:129013 [2] NCCL INFO ncclCommSplit comm 0x70ed71c0 rank 2 nranks 8 cudaDev 2 nvmlDev 2 busId 9f000 parent 0x44248c40 splitCount 1 color 1266629538 key 2 - Init COMPLETE
furious-puma-1:127998:129013 [2] NCCL INFO Init timings - ncclCommSplit: rank 2 nranks 8 total 1.60 (kernels 0.00, alloc 0.00, bootstrap 0.00, allgathers 0.01, topo 0.07, graphs 0.01, connections 0.21, rest 1.30)
furious-puma-1:128002:129019 [6] NCCL INFO ncclCommSplit comm 0x673b2890 rank 6 nranks 8 cudaDev 6 nvmlDev 6 busId df000 parent 0x3aa2e620 splitCount 1 color 1266629538 key 6 - Init COMPLETE
furious-puma-1:128002:129019 [6] NCCL INFO Init timings - ncclCommSplit: rank 6 nranks 8 total 1.23 (kernels 0.00, alloc 0.00, bootstrap 0.00, allgathers 0.00, topo 0.07, graphs 0.01, connections 0.22, rest 0.93)
furious-puma-1:128000:129030 [4] NCCL INFO ncclCommSplit comm 0x709d6a90 rank 4 nranks 8 cudaDev 4 nvmlDev 4 busId bf000 parent 0x440258c0 splitCount 1 color 1266629538 key 4 - Init COMPLETE
furious-puma-1:128003:129010 [7] NCCL INFO ncclCommSplit comm 0x5ade3c50 rank 7 nranks 8 cudaDev 7 nvmlDev 7 busId ef000 parent 0x2e45e2a0 splitCount 1 color 1266629538 key 7 - Init COMPLETE
furious-puma-1:128003:129010 [7] NCCL INFO Init timings - ncclCommSplit: rank 7 nranks 8 total 1.61 (kernels 0.00, alloc 0.00, bootstrap 0.00, allgathers 0.00, topo 0.07, graphs 0.01, connections 0.22, rest 1.30)
furious-puma-1:128000:129030 [4] NCCL INFO Init timings - ncclCommSplit: rank 4 nranks 8 total 0.67 (kernels 0.00, alloc 0.00, bootstrap 0.00, allgathers 0.00, topo 0.07, graphs 0.01, connections 0.21, rest 0.37)
furious-puma-1:127996:129022 [0] NCCL INFO ncclCommSplit comm 0x67251640 rank 0 nranks 8 cudaDev 0 nvmlDev 0 busId 7f000 parent 0x3a728530 splitCount 1 color 1266629538 key 0 - Init COMPLETE
furious-puma-1:127999:128974 [3] NCCL INFO ncclCommSplit comm 0x670cd9a0 rank 3 nranks 8 cudaDev 3 nvmlDev 3 busId af000 parent 0x3a5a4e00 splitCount 1 color 1266629538 key 3 - Init COMPLETE
furious-puma-1:127996:129022 [0] NCCL INFO Init timings - ncclCommSplit: rank 0 nranks 8 total 1.21 (kernels 0.00, alloc 0.00, bootstrap 0.00, allgathers 0.00, topo 0.07, graphs 0.02, connections 0.21, rest 0.92)
furious-puma-1:127999:128974 [3] NCCL INFO Init timings - ncclCommSplit: rank 3 nranks 8 total 2.85 (kernels 0.00, alloc 0.00, bootstrap 0.00, allgathers 0.00, topo 0.07, graphs 0.01, connections 0.21, rest 2.56)
furious-puma-1:127997:129033 [1] NCCL INFO ncclCommSplit comm 0x683451f0 rank 1 nranks 8 cudaDev 1 nvmlDev 1 busId 8f000 parent 0x3b9c0280 splitCount 1 color 1266629538 key 1 - Init COMPLETE
furious-puma-1:128001:128978 [5] NCCL INFO ncclCommSplit comm 0x61e20c30 rank 5 nranks 8 cudaDev 5 nvmlDev 5 busId cf000 parent 0x3549c790 splitCount 1 color 1266629538 key 5 - Init COMPLETE
furious-puma-1:127997:129033 [1] NCCL INFO Init timings - ncclCommSplit: rank 1 nranks 8 total 0.32 (kernels 0.00, alloc 0.00, bootstrap 0.00, allgathers 0.01, topo 0.07, graphs 0.01, connections 0.21, rest 0.02)
furious-puma-1:128001:128978 [5] NCCL INFO Init timings - ncclCommSplit: rank 5 nranks 8 total 2.74 (kernels 0.00, alloc 0.00, bootstrap 0.00, allgathers 0.00, topo 0.07, graphs 0.01, connections 0.21, rest 2.44)
furious-puma-1:127996:129046 [0] NCCL INFO Allocated shareable buffer 0x75f029000000 size 10485760 ipcDesc 0x75eecc008c40
furious-puma-1:127997:129040 [1] NCCL INFO Allocated shareable buffer 0x791f89000000 size 10485760 ipcDesc 0x791e38008b80
furious-puma-1:128002:129034 [6] NCCL INFO Allocated shareable buffer 0x751f85000000 size 10485760 ipcDesc 0x751f5c008b80
furious-puma-1:127997:129040 [1] NCCL INFO Allocated shareable buffer 0x791e5b000000 size 10485760 ipcDesc 0x791e3800a620
furious-puma-1:127997:129040 [1] NCCL INFO Allocated shareable buffer 0x791e5f000000 size 10485760 ipcDesc 0x791e3800c040
furious-puma-1:127999:129048 [3] NCCL INFO Allocated shareable buffer 0x7cbd67000000 size 10485760 ipcDesc 0x7cbc0c008b80
furious-puma-1:127998:129038 [2] NCCL INFO Allocated shareable buffer 0x7c7c59000000 size 10485760 ipcDesc 0x7c7b08008b80
furious-puma-1:127997:129040 [1] NCCL INFO Allocated shareable buffer 0x791f8b200000 size 10485760 ipcDesc 0x791e3800da40
furious-puma-1:128001:129042 [5] NCCL INFO Allocated shareable buffer 0x7047e1000000 size 10485760 ipcDesc 0x704690008b80
furious-puma-1:128000:129044 [4] NCCL INFO Allocated shareable buffer 0x72e4cd000000 size 10485760 ipcDesc 0x72e4a4008b80
furious-puma-1:128002:129034 [6] NCCL INFO Allocated shareable buffer 0x7520b5000000 size 10485760 ipcDesc 0x751f5c00a620
furious-puma-1:128002:129034 [6] NCCL INFO Allocated shareable buffer 0x751f89000000 size 10485760 ipcDesc 0x751f5c00c040
furious-puma-1:128002:129034 [6] NCCL INFO Allocated shareable buffer 0x751f8b200000 size 10485760 ipcDesc 0x751f5c00da40
furious-puma-1:128003:129036 [7] NCCL INFO Allocated shareable buffer 0x78f345000000 size 10485760 ipcDesc 0x78f1ec008b80
furious-puma-1:127996:129046 [0] NCCL INFO Allocated shareable buffer 0x75eeef000000 size 10485760 ipcDesc 0x75eecc00a680
furious-puma-1:127997:129040 [1] NCCL INFO Allocated shareable buffer 0x791f8d400000 size 10485760 ipcDesc 0x791e3800f420
furious-puma-1:127999:129048 [3] NCCL INFO Allocated shareable buffer 0x7cbc37000000 size 10485760 ipcDesc 0x7cbc0c00a620
furious-puma-1:128001:129042 [5] NCCL INFO Allocated shareable buffer 0x7046b3000000 size 10485760 ipcDesc 0x70469000a620
furious-puma-1:128001:129042 [5] NCCL INFO Allocated shareable buffer 0x7046b7000000 size 10485760 ipcDesc 0x70469000c040
furious-puma-1:128001:129042 [5] NCCL INFO Allocated shareable buffer 0x7047e3200000 size 10485760 ipcDesc 0x70469000da40
furious-puma-1:128003:129036 [7] NCCL INFO Allocated shareable buffer 0x78f211000000 size 10485760 ipcDesc 0x78f1ec00a620
furious-puma-1:127996:129046 [0] NCCL INFO Allocated shareable buffer 0x75eef3000000 size 10485760 ipcDesc 0x75eecc00c060
furious-puma-1:128000:129044 [4] NCCL INFO Allocated shareable buffer 0x72e5fd000000 size 10485760 ipcDesc 0x72e4a400a620
furious-puma-1:128002:129034 [6] NCCL INFO Allocated shareable buffer 0x751f8d400000 size 10485760 ipcDesc 0x751f5c00f420
furious-puma-1:127999:129048 [3] NCCL INFO Allocated shareable buffer 0x7cbc3b000000 size 10485760 ipcDesc 0x7cbc0c00c040
furious-puma-1:127998:129038 [2] NCCL INFO Allocated shareable buffer 0x7c7b2b000000 size 10485760 ipcDesc 0x7c7b0800a620
furious-puma-1:127998:129038 [2] NCCL INFO Allocated shareable buffer 0x7c7b2f000000 size 10485760 ipcDesc 0x7c7b0800c040
furious-puma-1:128002:129034 [6] NCCL INFO Allocated shareable buffer 0x7520b7200000 size 10485760 ipcDesc 0x751f5c010e00
furious-puma-1:128003:129036 [7] NCCL INFO Allocated shareable buffer 0x78f215000000 size 10485760 ipcDesc 0x78f1ec00c040
furious-puma-1:127997:129040 [1] NCCL INFO Allocated shareable buffer 0x791f8f200000 size 10485760 ipcDesc 0x791e38010e00
furious-puma-1:127999:129048 [3] NCCL INFO Allocated shareable buffer 0x7cbd69200000 size 10485760 ipcDesc 0x7cbc0c00da40
furious-puma-1:128001:129042 [5] NCCL INFO Allocated shareable buffer 0x7047e5400000 size 10485760 ipcDesc 0x70469000f420
furious-puma-1:127996:129046 [0] NCCL INFO Allocated shareable buffer 0x75f02b200000 size 10485760 ipcDesc 0x75eecc00da40
furious-puma-1:127996:129046 [0] NCCL INFO Allocated shareable buffer 0x75f02d400000 size 10485760 ipcDesc 0x75eecc00f420
furious-puma-1:128002:129034 [6] NCCL INFO Allocated shareable buffer 0x7520bb000000 size 10485760 ipcDesc 0x751f5c0127e0
furious-puma-1:127999:129048 [3] NCCL INFO Allocated shareable buffer 0x7cbd6b400000 size 10485760 ipcDesc 0x7cbc0c00f420
furious-puma-1:128000:129044 [4] NCCL INFO Allocated shareable buffer 0x72e4d1000000 size 10485760 ipcDesc 0x72e4a400c040
furious-puma-1:128001:129042 [5] NCCL INFO Allocated shareable buffer 0x7047e7200000 size 10485760 ipcDesc 0x704690010e00
furious-puma-1:127998:129038 [2] NCCL INFO Allocated shareable buffer 0x7c7c5b200000 size 10485760 ipcDesc 0x7c7b0800da40
furious-puma-1:127997:129040 [1] NCCL INFO Allocated shareable buffer 0x791e63000000 size 10485760 ipcDesc 0x791e380127e0
furious-puma-1:127996:129046 [0] NCCL INFO Allocated shareable buffer 0x75f02f200000 size 10485760 ipcDesc 0x75eecc010e00
furious-puma-1:128003:129036 [7] NCCL INFO Allocated shareable buffer 0x78f347200000 size 10485760 ipcDesc 0x78f1ec00da40
furious-puma-1:128002:129034 [6] NCCL INFO Allocated shareable buffer 0x7520bf000000 size 10485760 ipcDesc 0x751f5c0141c0
furious-puma-1:127997:129040 [1] NCCL INFO Allocated shareable buffer 0x791f93000000 size 10485760 ipcDesc 0x791e380141c0
furious-puma-1:128000:129044 [4] NCCL INFO Allocated shareable buffer 0x72e4d3200000 size 10485760 ipcDesc 0x72e4a400da40
furious-puma-1:128001:129042 [5] NCCL INFO Allocated shareable buffer 0x7046bb000000 size 10485760 ipcDesc 0x7046900127e0
furious-puma-1:127998:129038 [2] NCCL INFO Allocated shareable buffer 0x7c7c5d400000 size 10485760 ipcDesc 0x7c7b0800f420
furious-puma-1:127996:129046 [0] NCCL INFO Allocated shareable buffer 0x75eef7000000 size 10485760 ipcDesc 0x75eecc0127e0
furious-puma-1:127997:129040 [1] NCCL INFO Allocated shareable buffer 0x791e67000000 size 10485760 ipcDesc 0x791e38015ba0
furious-puma-1:127999:129048 [3] NCCL INFO Allocated shareable buffer 0x7cbd6d200000 size 10485760 ipcDesc 0x7cbc0c010e00
furious-puma-1:128003:129036 [7] NCCL INFO Allocated shareable buffer 0x78f349400000 size 10485760 ipcDesc 0x78f1ec00f420
furious-puma-1:128001:129042 [5] NCCL INFO Allocated shareable buffer 0x7047eb000000 size 10485760 ipcDesc 0x7046900141c0
furious-puma-1:128002:129034 [6] NCCL INFO Allocated shareable buffer 0x751f91000000 size 10485760 ipcDesc 0x751f5c015ba0
furious-puma-1:127998:129038 [2] NCCL INFO Allocated shareable buffer 0x7c7c5f200000 size 10485760 ipcDesc 0x7c7b08010e00
furious-puma-1:127997:129040 [1] NCCL INFO Allocated shareable buffer 0x791f95200000 size 10485760 ipcDesc 0x791e38017580
furious-puma-1:127996:129046 [0] NCCL INFO Allocated shareable buffer 0x75f033000000 size 10485760 ipcDesc 0x75eecc0141c0
furious-puma-1:128002:129034 [6] NCCL INFO Allocated shareable buffer 0x7520c1200000 size 10485760 ipcDesc 0x751f5c017580
furious-puma-1:128000:129044 [4] NCCL INFO Allocated shareable buffer 0x72e4d5400000 size 10485760 ipcDesc 0x72e4a400f420
furious-puma-1:128001:129042 [5] NCCL INFO Allocated shareable buffer 0x7046bf000000 size 10485760 ipcDesc 0x704690015ba0
furious-puma-1:127998:129038 [2] NCCL INFO Allocated shareable buffer 0x7c7b33000000 size 10485760 ipcDesc 0x7c7b080127e0
furious-puma-1:127997:129040 [1] NCCL INFO Allocated shareable buffer 0x791f97200000 size 10485760 ipcDesc 0x791e38018f60
furious-puma-1:127997:129040 [1] NCCL INFO Allocated shareable buffer 0x791f9b000000 size 10485760 ipcDesc 0x791e3801a940
furious-puma-1:128002:129034 [6] NCCL INFO Allocated shareable buffer 0x7520c3200000 size 10485760 ipcDesc 0x751f5c018f60
furious-puma-1:128003:129036 [7] NCCL INFO Allocated shareable buffer 0x78f34b200000 size 10485760 ipcDesc 0x78f1ec010e00
furious-puma-1:127999:129048 [3] NCCL INFO Allocated shareable buffer 0x7cbc3f000000 size 10485760 ipcDesc 0x7cbc0c0127e0
furious-puma-1:127996:129046 [0] NCCL INFO Allocated shareable buffer 0x75eefb000000 size 10485760 ipcDesc 0x75eecc015ba0
furious-puma-1:128000:129044 [4] NCCL INFO Allocated shareable buffer 0x72e5ff200000 size 10485760 ipcDesc 0x72e4a4010e00
furious-puma-1:128001:129042 [5] NCCL INFO Allocated shareable buffer 0x7047ed200000 size 10485760 ipcDesc 0x704690017580
furious-puma-1:127998:129038 [2] NCCL INFO Allocated shareable buffer 0x7c7c63000000 size 10485760 ipcDesc 0x7c7b080141c0
furious-puma-1:127997:129040 [1] NCCL INFO Allocated shareable buffer 0x791e6b000000 size 10485760 ipcDesc 0x791e3801c320
furious-puma-1:128003:129036 [7] NCCL INFO Allocated shareable buffer 0x78f219000000 size 10485760 ipcDesc 0x78f1ec0127e0
furious-puma-1:128002:129034 [6] NCCL INFO Allocated shareable buffer 0x751f95000000 size 10485760 ipcDesc 0x751f5c01a940
furious-puma-1:128000:129044 [4] NCCL INFO Allocated shareable buffer 0x72e603000000 size 10485760 ipcDesc 0x72e4a40127e0
furious-puma-1:128001:129042 [5] NCCL INFO Allocated shareable buffer 0x7047ef200000 size 10485760 ipcDesc 0x704690018f60
furious-puma-1:127998:129038 [2] NCCL INFO Allocated shareable buffer 0x7c7b37000000 size 10485760 ipcDesc 0x7c7b08015ba0
furious-puma-1:127996:129046 [0] NCCL INFO Allocated shareable buffer 0x75f035200000 size 10485760 ipcDesc 0x75eecc017580
furious-puma-1:128003:129036 [7] NCCL INFO Allocated shareable buffer 0x78f34f000000 size 10485760 ipcDesc 0x78f1ec0141c0
furious-puma-1:127997:129040 [1] NCCL INFO Allocated shareable buffer 0x791e6f000000 size 10485760 ipcDesc 0x791e3801dd00
furious-puma-1:127999:129048 [3] NCCL INFO Allocated shareable buffer 0x7cbd71000000 size 10485760 ipcDesc 0x7cbc0c0141c0
furious-puma-1:128000:129044 [4] NCCL INFO Allocated shareable buffer 0x72e607000000 size 10485760 ipcDesc 0x72e4a40141c0
furious-puma-1:128001:129042 [5] NCCL INFO Allocated shareable buffer 0x7047f3000000 size 10485760 ipcDesc 0x70469001a940
furious-puma-1:127998:129038 [2] NCCL INFO Allocated shareable buffer 0x7c7c65200000 size 10485760 ipcDesc 0x7c7b08017580
furious-puma-1:127998:129038 [2] NCCL INFO Allocated shareable buffer 0x7c7c67200000 size 10485760 ipcDesc 0x7c7b08018f60
furious-puma-1:128002:129034 [6] NCCL INFO Allocated shareable buffer 0x7520c7000000 size 10485760 ipcDesc 0x751f5c01c320
furious-puma-1:127997:129040 [1] NCCL INFO Allocated shareable buffer 0x791f9d200000 size 10485760 ipcDesc 0x791e3801f6e0
furious-puma-1:127996:129046 [0] NCCL INFO Allocated shareable buffer 0x75f037200000 size 10485760 ipcDesc 0x75eecc018f60
furious-puma-1:128000:129044 [4] NCCL INFO Allocated shareable buffer 0x72e4d9000000 size 10485760 ipcDesc 0x72e4a4015ba0
furious-puma-1:128001:129042 [5] NCCL INFO Allocated shareable buffer 0x7046c3000000 size 10485760 ipcDesc 0x70469001c320
furious-puma-1:128001:129042 [5] NCCL INFO Allocated shareable buffer 0x7046c7000000 size 10485760 ipcDesc 0x70469001dd00
furious-puma-1:128003:129036 [7] NCCL INFO Allocated shareable buffer 0x78f21d000000 size 10485760 ipcDesc 0x78f1ec015ba0
furious-puma-1:127996:129046 [0] NCCL INFO Allocated shareable buffer 0x75f03b000000 size 10485760 ipcDesc 0x75eecc01a940
furious-puma-1:127999:129048 [3] NCCL INFO Allocated shareable buffer 0x7cbc43000000 size 10485760 ipcDesc 0x7cbc0c015ba0
furious-puma-1:128000:129044 [4] NCCL INFO Allocated shareable buffer 0x72e609200000 size 10485760 ipcDesc 0x72e4a4017580
furious-puma-1:128001:129042 [5] NCCL INFO Allocated shareable buffer 0x7047f5200000 size 10485760 ipcDesc 0x70469001f6e0
furious-puma-1:127998:129038 [2] NCCL INFO Allocated shareable buffer 0x7c7c6b000000 size 10485760 ipcDesc 0x7c7b0801a940
furious-puma-1:127997:129040 [1] NCCL INFO Allocated shareable buffer 0x791f9f400000 size 10485760 ipcDesc 0x791e380210c0
furious-puma-1:127997:129040 [1] NCCL INFO Allocated shareable buffer 0x791fa1200000 size 10485760 ipcDesc 0x791e38022aa0
furious-puma-1:128002:129034 [6] NCCL INFO Allocated shareable buffer 0x751f99000000 size 10485760 ipcDesc 0x751f5c01dd00
furious-puma-1:128003:129036 [7] NCCL INFO Allocated shareable buffer 0x78f351200000 size 10485760 ipcDesc 0x78f1ec017580
furious-puma-1:127996:129046 [0] NCCL INFO Allocated shareable buffer 0x75eeff000000 size 10485760 ipcDesc 0x75eecc01c320
furious-puma-1:128000:129044 [4] NCCL INFO Allocated shareable buffer 0x72e60b200000 size 10485760 ipcDesc 0x72e4a4018f60
furious-puma-1:128001:129042 [5] NCCL INFO Allocated shareable buffer 0x7047f7400000 size 10485760 ipcDesc 0x7046900210c0
furious-puma-1:127998:129038 [2] NCCL INFO Allocated shareable buffer 0x7c7b3b000000 size 10485760 ipcDesc 0x7c7b0801c320
furious-puma-1:128003:129036 [7] NCCL INFO Allocated shareable buffer 0x78f353200000 size 10485760 ipcDesc 0x78f1ec018f60
furious-puma-1:127999:129048 [3] NCCL INFO Allocated shareable buffer 0x7cbd73200000 size 10485760 ipcDesc 0x7cbc0c017580
furious-puma-1:127997:129040 [1] NCCL INFO Allocated shareable buffer 0x791e73000000 size 10485760 ipcDesc 0x791e38024480
furious-puma-1:128002:129034 [6] NCCL INFO Allocated shareable buffer 0x751f9b200000 size 10485760 ipcDesc 0x751f5c01f6e0
furious-puma-1:128000:129044 [4] NCCL INFO Allocated shareable buffer 0x72e4dd000000 size 10485760 ipcDesc 0x72e4a401a940
furious-puma-1:128001:129042 [5] NCCL INFO Allocated shareable buffer 0x7047f9200000 size 10485760 ipcDesc 0x704690022aa0
furious-puma-1:127998:129038 [2] NCCL INFO Allocated shareable buffer 0x7c7b3f000000 size 10485760 ipcDesc 0x7c7b0801dd00
furious-puma-1:127998:129038 [2] NCCL INFO Allocated shareable buffer 0x7c7c6d200000 size 10485760 ipcDesc 0x7c7b0801f6e0
furious-puma-1:127997:129040 [1] NCCL INFO Allocated shareable buffer 0x791fa5000000 size 10485760 ipcDesc 0x791e38025e60
furious-puma-1:127998:129038 [2] NCCL INFO Allocated shareable buffer 0x7c7c6f400000 size 10485760 ipcDesc 0x7c7b080210c0
furious-puma-1:128003:129036 [7] NCCL INFO Allocated shareable buffer 0x78f357000000 size 10485760 ipcDesc 0x78f1ec01a940
furious-puma-1:127999:129048 [3] NCCL INFO Allocated shareable buffer 0x7cbd75200000 size 10485760 ipcDesc 0x7cbc0c018f60
furious-puma-1:127996:129046 [0] NCCL INFO Allocated shareable buffer 0x75ef03000000 size 10485760 ipcDesc 0x75eecc01dd00
furious-puma-1:128000:129044 [4] NCCL INFO Allocated shareable buffer 0x72e60f000000 size 10485760 ipcDesc 0x72e4a401c320
furious-puma-1:128001:129042 [5] NCCL INFO Allocated shareable buffer 0x7046cb000000 size 10485760 ipcDesc 0x704690024480
furious-puma-1:128001:129042 [5] NCCL INFO Allocated shareable buffer 0x7047fd000000 size 10485760 ipcDesc 0x704690025e60
furious-puma-1:128001:129042 [5] NCCL INFO Allocated shareable buffer 0x7046cf000000 size 10485760 ipcDesc 0x704690027840
furious-puma-1:127997:129040 [1] NCCL INFO Allocated shareable buffer 0x791e77000000 size 10485760 ipcDesc 0x791e38027840
furious-puma-1:128002:129034 [6] NCCL INFO Allocated shareable buffer 0x7520c9400000 size 10485760 ipcDesc 0x751f5c0210c0
furious-puma-1:128003:129036 [7] NCCL INFO Allocated shareable buffer 0x78f221000000 size 10485760 ipcDesc 0x78f1ec01c320
furious-puma-1:127996:129046 [0] NCCL INFO Allocated shareable buffer 0x75f03d200000 size 10485760 ipcDesc 0x75eecc01f6e0
furious-puma-1:127998:129038 [2] NCCL INFO Allocated shareable buffer 0x7c7c71200000 size 10485760 ipcDesc 0x7c7b08022aa0
furious-puma-1:128000:129044 [4] NCCL INFO Allocated shareable buffer 0x72e4e1000000 size 10485760 ipcDesc 0x72e4a401dd00
furious-puma-1:128000:129044 [4] NCCL INFO Allocated shareable buffer 0x72e4e3200000 size 10485760 ipcDesc 0x72e4a401f6e0
furious-puma-1:127999:129048 [3] NCCL INFO Allocated shareable buffer 0x7cbd79000000 size 10485760 ipcDesc 0x7cbc0c01a940
furious-puma-1:127997:129040 [1] NCCL INFO Allocated shareable buffer 0x791e79200000 size 10485760 ipcDesc 0x791e38029220
furious-puma-1:128002:129034 [6] NCCL INFO Allocated shareable buffer 0x7520cb200000 size 10485760 ipcDesc 0x751f5c022aa0
furious-puma-1:128000:129044 [4] NCCL INFO Allocated shareable buffer 0x72e611400000 size 10485760 ipcDesc 0x72e4a40210c0
furious-puma-1:127996:129046 [0] NCCL INFO Allocated shareable buffer 0x75f03f400000 size 10485760 ipcDesc 0x75eecc0210c0
furious-puma-1:128001:129042 [5] NCCL INFO Allocated shareable buffer 0x7046d1200000 size 10485760 ipcDesc 0x704690029220
furious-puma-1:127998:129038 [2] NCCL INFO Allocated shareable buffer 0x7c7b43000000 size 10485760 ipcDesc 0x7c7b08024480
furious-puma-1:128003:129036 [7] NCCL INFO Allocated shareable buffer 0x78f225000000 size 10485760 ipcDesc 0x78f1ec01dd00
furious-puma-1:128003:129036 [7] NCCL INFO Allocated shareable buffer 0x78f359200000 size 10485760 ipcDesc 0x78f1ec01f6e0
furious-puma-1:128003:129036 [7] NCCL INFO Allocated shareable buffer 0x78f35b400000 size 10485760 ipcDesc 0x78f1ec0210c0
furious-puma-1:127997:129040 [1] NCCL INFO Allocated shareable buffer 0x791e7b400000 size 10485760 ipcDesc 0x791e3802ac00
furious-puma-1:128002:129034 [6] NCCL INFO Allocated shareable buffer 0x7520cf000000 size 10485760 ipcDesc 0x751f5c024480
furious-puma-1:127999:129048 [3] NCCL INFO Allocated shareable buffer 0x7cbc47000000 size 10485760 ipcDesc 0x7cbc0c01c320
furious-puma-1:128000:129044 [4] NCCL INFO Allocated shareable buffer 0x72e613200000 size 10485760 ipcDesc 0x72e4a4022aa0
furious-puma-1:127998:129038 [2] NCCL INFO Allocated shareable buffer 0x7c7c75000000 size 10485760 ipcDesc 0x7c7b08025e60
furious-puma-1:128001:129042 [5] NCCL INFO Allocated shareable buffer 0x7046d3400000 size 10485760 ipcDesc 0x70469002ac00
furious-puma-1:127997:129040 [1] NCCL INFO Allocated shareable buffer 0x791fa7200000 size 10485760 ipcDesc 0x791e3802c5e0
furious-puma-1:127996:129046 [0] NCCL INFO Allocated shareable buffer 0x75f041200000 size 10485760 ipcDesc 0x75eecc022aa0
furious-puma-1:128003:129036 [7] NCCL INFO Allocated shareable buffer 0x78f35d200000 size 10485760 ipcDesc 0x78f1ec022aa0
furious-puma-1:127999:129048 [3] NCCL INFO Allocated shareable buffer 0x7cbc4b000000 size 10485760 ipcDesc 0x7cbc0c01dd00
furious-puma-1:128000:129044 [4] NCCL INFO Allocated shareable buffer 0x72e617000000 size 10485760 ipcDesc 0x72e4a4024480
furious-puma-1:127998:129038 [2] NCCL INFO Allocated shareable buffer 0x7c7b47000000 size 10485760 ipcDesc 0x7c7b08027840
furious-puma-1:127997:129040 [1] NCCL INFO Allocated shareable buffer 0x791fab000000 size 10485760 ipcDesc 0x791e3802dfc0
furious-puma-1:127997:129054 [1] NCCL INFO Channel 00/0 : 1[1] -> 2[2] via P2P/CUMEM
furious-puma-1:128003:129036 [7] NCCL INFO Allocated shareable buffer 0x78f229000000 size 10485760 ipcDesc 0x78f1ec024480
furious-puma-1:128002:129034 [6] NCCL INFO Allocated shareable buffer 0x751f9f000000 size 10485760 ipcDesc 0x751f5c025e60
furious-puma-1:127996:129046 [0] NCCL INFO Allocated shareable buffer 0x75ef07000000 size 10485760 ipcDesc 0x75eecc024480
furious-puma-1:128000:129044 [4] NCCL INFO Allocated shareable buffer 0x72e4e7000000 size 10485760 ipcDesc 0x72e4a4025e60
furious-puma-1:128001:129042 [5] NCCL INFO Allocated shareable buffer 0x7047ff200000 size 10485760 ipcDesc 0x70469002c5e0
furious-puma-1:127998:129038 [2] NCCL INFO Allocated shareable buffer 0x7c7b49200000 size 10485760 ipcDesc 0x7c7b08029220
furious-puma-1:127999:129048 [3] NCCL INFO Allocated shareable buffer 0x7cbd7b200000 size 10485760 ipcDesc 0x7cbc0c01f6e0
furious-puma-1:127999:129048 [3] NCCL INFO Allocated shareable buffer 0x7cbd7d400000 size 10485760 ipcDesc 0x7cbc0c0210c0
furious-puma-1:127997:129040 [1] NCCL INFO Allocated shareable buffer 0x791f85e00000 size 2097152 ipcDesc 0x791e3802f9a0
furious-puma-1:127997:129054 [1] NCCL INFO Channel 01/0 : 1[1] -> 2[2] via P2P/CUMEM
furious-puma-1:128003:129036 [7] NCCL INFO Allocated shareable buffer 0x78f361000000 size 10485760 ipcDesc 0x78f1ec025e60
furious-puma-1:128000:129044 [4] NCCL INFO Allocated shareable buffer 0x72e4eb000000 size 10485760 ipcDesc 0x72e4a4027840
furious-puma-1:128001:129042 [5] NCCL INFO Allocated shareable buffer 0x704803000000 size 10485760 ipcDesc 0x70469002dfc0
furious-puma-1:128001:129052 [5] NCCL INFO Channel 00/0 : 5[5] -> 6[6] via P2P/CUMEM
furious-puma-1:128002:129034 [6] NCCL INFO Allocated shareable buffer 0x751fa3000000 size 10485760 ipcDesc 0x751f5c027840
furious-puma-1:127998:129038 [2] NCCL INFO Allocated shareable buffer 0x7c7b4b400000 size 10485760 ipcDesc 0x7c7b0802ac00
furious-puma-1:127996:129046 [0] NCCL INFO Allocated shareable buffer 0x75f045000000 size 10485760 ipcDesc 0x75eecc025e60
furious-puma-1:128001:129042 [5] NCCL INFO Allocated shareable buffer 0x7047dde00000 size 2097152 ipcDesc 0x70469002f9a0
furious-puma-1:128001:129052 [5] NCCL INFO Channel 01/0 : 5[5] -> 6[6] via P2P/CUMEM
furious-puma-1:127997:129040 [1] NCCL INFO Allocated shareable buffer 0x791f89a00000 size 2097152 ipcDesc 0x791e38031240
furious-puma-1:127997:129054 [1] NCCL INFO Channel 02/0 : 1[1] -> 2[2] via P2P/CUMEM
furious-puma-1:127999:129048 [3] NCCL INFO Allocated shareable buffer 0x7cbd7f200000 size 10485760 ipcDesc 0x7cbc0c022aa0
furious-puma-1:128002:129034 [6] NCCL INFO Allocated shareable buffer 0x7520d1200000 size 10485760 ipcDesc 0x751f5c029220
furious-puma-1:127998:129038 [2] NCCL INFO Allocated shareable buffer 0x7c7c77200000 size 10485760 ipcDesc 0x7c7b0802c5e0
furious-puma-1:128000:129044 [4] NCCL INFO Allocated shareable buffer 0x72e619200000 size 10485760 ipcDesc 0x72e4a4029220
furious-puma-1:127999:129048 [3] NCCL INFO Allocated shareable buffer 0x7cbc4f000000 size 10485760 ipcDesc 0x7cbc0c024480
furious-puma-1:128002:129034 [6] NCCL INFO Allocated shareable buffer 0x7520d3400000 size 10485760 ipcDesc 0x751f5c02ac00
furious-puma-1:127996:129046 [0] NCCL INFO Allocated shareable buffer 0x75ef0b000000 size 10485760 ipcDesc 0x75eecc027840
furious-puma-1:128001:129042 [5] NCCL INFO Allocated shareable buffer 0x7047e1a00000 size 2097152 ipcDesc 0x704690031240
furious-puma-1:128001:129052 [5] NCCL INFO Channel 02/0 : 5[5] -> 6[6] via P2P/CUMEM
furious-puma-1:128003:129036 [7] NCCL INFO Allocated shareable buffer 0x78f22d000000 size 10485760 ipcDesc 0x78f1ec027840
furious-puma-1:127998:129038 [2] NCCL INFO Allocated shareable buffer 0x7c7c7b000000 size 10485760 ipcDesc 0x7c7b0802dfc0
furious-puma-1:127998:129058 [2] NCCL INFO Channel 00/0 : 2[2] -> 3[3] via P2P/CUMEM
furious-puma-1:127997:129040 [1] NCCL INFO Allocated shareable buffer 0x791f89c00000 size 2097152 ipcDesc 0x791e38032a40
furious-puma-1:127997:129054 [1] NCCL INFO Channel 03/0 : 1[1] -> 2[2] via P2P/CUMEM
furious-puma-1:127997:129040 [1] NCCL INFO Allocated shareable buffer 0x791f89e00000 size 2097152 ipcDesc 0x791e38034240
furious-puma-1:127997:129054 [1] NCCL INFO Channel 04/0 : 1[1] -> 2[2] via P2P/CUMEM
furious-puma-1:127999:129048 [3] NCCL INFO Allocated shareable buffer 0x7cbd83000000 size 10485760 ipcDesc 0x7cbc0c025e60
furious-puma-1:128002:129034 [6] NCCL INFO Allocated shareable buffer 0x7520d5200000 size 10485760 ipcDesc 0x751f5c02c5e0
furious-puma-1:128003:129036 [7] NCCL INFO Allocated shareable buffer 0x78f22f200000 size 10485760 ipcDesc 0x78f1ec029220
furious-puma-1:128000:129044 [4] NCCL INFO Allocated shareable buffer 0x72e61b400000 size 10485760 ipcDesc 0x72e4a402ac00
furious-puma-1:128001:129042 [5] NCCL INFO Allocated shareable buffer 0x7047e1c00000 size 2097152 ipcDesc 0x704690032a40
furious-puma-1:128001:129052 [5] NCCL INFO Channel 03/0 : 5[5] -> 6[6] via P2P/CUMEM
furious-puma-1:127998:129038 [2] NCCL INFO Allocated shareable buffer 0x7c7c55e00000 size 2097152 ipcDesc 0x7c7b0802f9a0
furious-puma-1:127998:129058 [2] NCCL INFO Channel 01/0 : 2[2] -> 3[3] via P2P/CUMEM
furious-puma-1:127999:129048 [3] NCCL INFO Allocated shareable buffer 0x7cbc53000000 size 10485760 ipcDesc 0x7cbc0c027840
furious-puma-1:127996:129046 [0] NCCL INFO Allocated shareable buffer 0x75ef0d200000 size 10485760 ipcDesc 0x75eecc029220
furious-puma-1:127997:129040 [1] NCCL INFO Allocated shareable buffer 0x791e5ba00000 size 2097152 ipcDesc 0x791e38035900
furious-puma-1:127997:129054 [1] NCCL INFO Channel 05/0 : 1[1] -> 2[2] via P2P/CUMEM
furious-puma-1:127998:129038 [2] NCCL INFO Allocated shareable buffer 0x7c7c59a00000 size 2097152 ipcDesc 0x7c7b08031240
furious-puma-1:127998:129058 [2] NCCL INFO Channel 02/0 : 2[2] -> 3[3] via P2P/CUMEM
furious-puma-1:128000:129044 [4] NCCL INFO Allocated shareable buffer 0x72e61d200000 size 10485760 ipcDesc 0x72e4a402c5e0
furious-puma-1:128001:129042 [5] NCCL INFO Allocated shareable buffer 0x7047e1e00000 size 2097152 ipcDesc 0x704690034240
furious-puma-1:128001:129052 [5] NCCL INFO Channel 04/0 : 5[5] -> 6[6] via P2P/CUMEM
furious-puma-1:128001:129042 [5] NCCL INFO Allocated shareable buffer 0x7046b3a00000 size 2097152 ipcDesc 0x704690035900
furious-puma-1:128001:129052 [5] NCCL INFO Channel 05/0 : 5[5] -> 6[6] via P2P/CUMEM
furious-puma-1:128003:129036 [7] NCCL INFO Allocated shareable buffer 0x78f231400000 size 10485760 ipcDesc 0x78f1ec02ac00
furious-puma-1:128002:129034 [6] NCCL INFO Allocated shareable buffer 0x751fa7000000 size 10485760 ipcDesc 0x751f5c02dfc0
furious-puma-1:127999:129048 [3] NCCL INFO Allocated shareable buffer 0x7cbc55200000 size 10485760 ipcDesc 0x7cbc0c029220
furious-puma-1:128002:129055 [6] NCCL INFO Channel 00/0 : 6[6] -> 7[7] via P2P/CUMEM
furious-puma-1:128000:129044 [4] NCCL INFO Allocated shareable buffer 0x72e4ef000000 size 10485760 ipcDesc 0x72e4a402dfc0
furious-puma-1:128000:129053 [4] NCCL INFO Channel 00/0 : 4[4] -> 5[5] via P2P/CUMEM
furious-puma-1:127998:129038 [2] NCCL INFO Allocated shareable buffer 0x7c7c59c00000 size 2097152 ipcDesc 0x7c7b08032a40
furious-puma-1:127998:129058 [2] NCCL INFO Channel 03/0 : 2[2] -> 3[3] via P2P/CUMEM
furious-puma-1:127998:129038 [2] NCCL INFO Allocated shareable buffer 0x7c7c59e00000 size 2097152 ipcDesc 0x7c7b08034240
furious-puma-1:127998:129058 [2] NCCL INFO Channel 04/0 : 2[2] -> 3[3] via P2P/CUMEM
furious-puma-1:127998:129038 [2] NCCL INFO Allocated shareable buffer 0x7c7b2ba00000 size 2097152 ipcDesc 0x7c7b08035900
furious-puma-1:127998:129058 [2] NCCL INFO Channel 05/0 : 2[2] -> 3[3] via P2P/CUMEM
furious-puma-1:127996:129046 [0] NCCL INFO Allocated shareable buffer 0x75ef0f400000 size 10485760 ipcDesc 0x75eecc02ac00
furious-puma-1:127997:129040 [1] NCCL INFO Allocated shareable buffer 0x791e5bc00000 size 2097152 ipcDesc 0x791e38037100
furious-puma-1:127997:129054 [1] NCCL INFO Channel 06/0 : 1[1] -> 2[2] via P2P/CUMEM
furious-puma-1:128002:129034 [6] NCCL INFO Allocated shareable buffer 0x7520b1e00000 size 2097152 ipcDesc 0x751f5c02f9a0
furious-puma-1:128002:129055 [6] NCCL INFO Channel 01/0 : 6[6] -> 7[7] via P2P/CUMEM
furious-puma-1:128003:129036 [7] NCCL INFO Allocated shareable buffer 0x78f363200000 size 10485760 ipcDesc 0x78f1ec02c5e0
furious-puma-1:128000:129044 [4] NCCL INFO Allocated shareable buffer 0x72e5f9e00000 size 2097152 ipcDesc 0x72e4a402f9a0
furious-puma-1:128000:129053 [4] NCCL INFO Channel 01/0 : 4[4] -> 5[5] via P2P/CUMEM
furious-puma-1:128001:129042 [5] NCCL INFO Allocated shareable buffer 0x7046b3c00000 size 2097152 ipcDesc 0x704690037100
furious-puma-1:128001:129052 [5] NCCL INFO Channel 06/0 : 5[5] -> 6[6] via P2P/CUMEM
furious-puma-1:128001:129042 [5] NCCL INFO Allocated shareable buffer 0x7046b3e00000 size 2097152 ipcDesc 0x704690038900
furious-puma-1:128001:129052 [5] NCCL INFO Channel 07/0 : 5[5] -> 6[6] via P2P/CUMEM
furious-puma-1:128001:129042 [5] NCCL INFO Allocated shareable buffer 0x7046b7a00000 size 2097152 ipcDesc 0x704690039fc0
furious-puma-1:128001:129052 [5] NCCL INFO Channel 08/0 : 5[5] -> 6[6] via P2P/CUMEM
furious-puma-1:127999:129048 [3] NCCL INFO Allocated shareable buffer 0x7cbc57400000 size 10485760 ipcDesc 0x7cbc0c02ac00
furious-puma-1:128002:129034 [6] NCCL INFO Allocated shareable buffer 0x751f85a00000 size 2097152 ipcDesc 0x751f5c031240
furious-puma-1:128002:129055 [6] NCCL INFO Channel 02/0 : 6[6] -> 7[7] via P2P/CUMEM
furious-puma-1:127996:129046 [0] NCCL INFO Allocated shareable buffer 0x75f047200000 size 10485760 ipcDesc 0x75eecc02c5e0
furious-puma-1:127998:129038 [2] NCCL INFO Allocated shareable buffer 0x7c7b2bc00000 size 2097152 ipcDesc 0x7c7b08037100
furious-puma-1:127998:129058 [2] NCCL INFO Channel 06/0 : 2[2] -> 3[3] via P2P/CUMEM
furious-puma-1:128003:129036 [7] NCCL INFO Allocated shareable buffer 0x78f367000000 size 10485760 ipcDesc 0x78f1ec02dfc0
furious-puma-1:128003:129056 [7] NCCL INFO Channel 00/0 : 7[7] -> 0[0] via P2P/CUMEM
furious-puma-1:128000:129044 [4] NCCL INFO Allocated shareable buffer 0x72e4cda00000 size 2097152 ipcDesc 0x72e4a4031240
furious-puma-1:128000:129053 [4] NCCL INFO Channel 02/0 : 4[4] -> 5[5] via P2P/CUMEM
furious-puma-1:128000:129044 [4] NCCL INFO Allocated shareable buffer 0x72e4cdc00000 size 2097152 ipcDesc 0x72e4a4032a40
furious-puma-1:128000:129053 [4] NCCL INFO Channel 03/0 : 4[4] -> 5[5] via P2P/CUMEM
furious-puma-1:128001:129042 [5] NCCL INFO Allocated shareable buffer 0x7046b7c00000 size 2097152 ipcDesc 0x70469003b7c0
furious-puma-1:128001:129052 [5] NCCL INFO Channel 09/0 : 5[5] -> 6[6] via P2P/CUMEM
furious-puma-1:128002:129034 [6] NCCL INFO Allocated shareable buffer 0x751f85c00000 size 2097152 ipcDesc 0x751f5c032a40
furious-puma-1:128002:129055 [6] NCCL INFO Channel 03/0 : 6[6] -> 7[7] via P2P/CUMEM
furious-puma-1:127997:129040 [1] NCCL INFO Allocated shareable buffer 0x791e5be00000 size 2097152 ipcDesc 0x791e38038900
furious-puma-1:127997:129054 [1] NCCL INFO Channel 07/0 : 1[1] -> 2[2] via P2P/CUMEM
furious-puma-1:127999:129048 [3] NCCL INFO Allocated shareable buffer 0x7cbd85200000 size 10485760 ipcDesc 0x7cbc0c02c5e0
furious-puma-1:128003:129036 [7] NCCL INFO Allocated shareable buffer 0x78f341e00000 size 2097152 ipcDesc 0x78f1ec02f9a0
furious-puma-1:128003:129056 [7] NCCL INFO Channel 01/0 : 7[7] -> 0[0] via P2P/CUMEM
furious-puma-1:127998:129038 [2] NCCL INFO Allocated shareable buffer 0x7c7b2be00000 size 2097152 ipcDesc 0x7c7b08038900
furious-puma-1:127998:129058 [2] NCCL INFO Channel 07/0 : 2[2] -> 3[3] via P2P/CUMEM
furious-puma-1:128001:129042 [5] NCCL INFO Allocated shareable buffer 0x7046b7e00000 size 2097152 ipcDesc 0x70469003cfc0
furious-puma-1:128001:129052 [5] NCCL INFO Channel 10/0 : 5[5] -> 6[6] via P2P/CUMEM
furious-puma-1:127999:129048 [3] NCCL INFO Allocated shareable buffer 0x7cbd89000000 size 10485760 ipcDesc 0x7cbc0c02dfc0
furious-puma-1:127999:129051 [3] NCCL INFO Channel 00/0 : 3[3] -> 4[4] via P2P/CUMEM
furious-puma-1:127996:129046 [0] NCCL INFO Allocated shareable buffer 0x75f04b000000 size 10485760 ipcDesc 0x75eecc02dfc0
furious-puma-1:127996:129057 [0] NCCL INFO Channel 00/0 : 0[0] -> 1[1] via P2P/CUMEM
furious-puma-1:128003:129036 [7] NCCL INFO Allocated shareable buffer 0x78f345a00000 size 2097152 ipcDesc 0x78f1ec031240
furious-puma-1:128003:129056 [7] NCCL INFO Channel 02/0 : 7[7] -> 0[0] via P2P/CUMEM
furious-puma-1:128000:129044 [4] NCCL INFO Allocated shareable buffer 0x72e4cde00000 size 2097152 ipcDesc 0x72e4a4034240
furious-puma-1:128000:129053 [4] NCCL INFO Channel 04/0 : 4[4] -> 5[5] via P2P/CUMEM
furious-puma-1:127998:129038 [2] NCCL INFO Allocated shareable buffer 0x7c7b2fa00000 size 2097152 ipcDesc 0x7c7b08039fc0
furious-puma-1:127998:129058 [2] NCCL INFO Channel 08/0 : 2[2] -> 3[3] via P2P/CUMEM
furious-puma-1:128002:129034 [6] NCCL INFO Allocated shareable buffer 0x751f85e00000 size 2097152 ipcDesc 0x751f5c034240
furious-puma-1:128002:129055 [6] NCCL INFO Channel 04/0 : 6[6] -> 7[7] via P2P/CUMEM
furious-puma-1:128002:129034 [6] NCCL INFO Allocated shareable buffer 0x7520b5a00000 size 2097152 ipcDesc 0x751f5c035900
furious-puma-1:128002:129055 [6] NCCL INFO Channel 05/0 : 6[6] -> 7[7] via P2P/CUMEM
furious-puma-1:128002:129034 [6] NCCL INFO Allocated shareable buffer 0x7520b5c00000 size 2097152 ipcDesc 0x751f5c037100
furious-puma-1:128002:129055 [6] NCCL INFO Channel 06/0 : 6[6] -> 7[7] via P2P/CUMEM
furious-puma-1:128003:129036 [7] NCCL INFO Allocated shareable buffer 0x78f345c00000 size 2097152 ipcDesc 0x78f1ec032a40
furious-puma-1:128003:129056 [7] NCCL INFO Channel 03/0 : 7[7] -> 0[0] via P2P/CUMEM
furious-puma-1:127997:129040 [1] NCCL INFO Allocated shareable buffer 0x791e5fa00000 size 2097152 ipcDesc 0x791e38039fc0
furious-puma-1:127997:129054 [1] NCCL INFO Channel 08/0 : 1[1] -> 2[2] via P2P/CUMEM
furious-puma-1:127999:129048 [3] NCCL INFO Allocated shareable buffer 0x7cbd63e00000 size 2097152 ipcDesc 0x7cbc0c02f9a0
furious-puma-1:127999:129051 [3] NCCL INFO Channel 01/0 : 3[3] -> 4[4] via P2P/CUMEM
furious-puma-1:127996:129046 [0] NCCL INFO Allocated shareable buffer 0x75f025e00000 size 2097152 ipcDesc 0x75eecc02f9a0
furious-puma-1:127996:129057 [0] NCCL INFO Channel 01/0 : 0[0] -> 1[1] via P2P/CUMEM
furious-puma-1:128001:129042 [5] NCCL INFO Allocated shareable buffer 0x7047e3c00000 size 2097152 ipcDesc 0x70469003e680
furious-puma-1:128001:129052 [5] NCCL INFO Channel 11/0 : 5[5] -> 6[6] via P2P/CUMEM
furious-puma-1:127998:129038 [2] NCCL INFO Allocated shareable buffer 0x7c7b2fc00000 size 2097152 ipcDesc 0x7c7b0803b7c0
furious-puma-1:127998:129058 [2] NCCL INFO Channel 09/0 : 2[2] -> 3[3] via P2P/CUMEM
furious-puma-1:127997:129040 [1] NCCL INFO Allocated shareable buffer 0x791e5fc00000 size 2097152 ipcDesc 0x791e3803b7c0
furious-puma-1:127997:129054 [1] NCCL INFO Channel 09/0 : 1[1] -> 2[2] via P2P/CUMEM
furious-puma-1:128002:129034 [6] NCCL INFO Allocated shareable buffer 0x7520b5e00000 size 2097152 ipcDesc 0x751f5c038900
furious-puma-1:128002:129055 [6] NCCL INFO Channel 07/0 : 6[6] -> 7[7] via P2P/CUMEM
furious-puma-1:128003:129036 [7] NCCL INFO Allocated shareable buffer 0x78f345e00000 size 2097152 ipcDesc 0x78f1ec034240
furious-puma-1:128003:129056 [7] NCCL INFO Channel 04/0 : 7[7] -> 0[0] via P2P/CUMEM
furious-puma-1:128000:129044 [4] NCCL INFO Allocated shareable buffer 0x72e5fda00000 size 2097152 ipcDesc 0x72e4a4035900
furious-puma-1:128000:129053 [4] NCCL INFO Channel 05/0 : 4[4] -> 5[5] via P2P/CUMEM
furious-puma-1:128001:129042 [5] NCCL INFO Allocated shareable buffer 0x7047e3e00000 size 2097152 ipcDesc 0x70469003fe80
furious-puma-1:128001:129052 [5] NCCL INFO Channel 12/0 : 5[5] -> 6[6] via P2P/CUMEM
furious-puma-1:127998:129038 [2] NCCL INFO Allocated shareable buffer 0x7c7b2fe00000 size 2097152 ipcDesc 0x7c7b0803cfc0
furious-puma-1:127998:129058 [2] NCCL INFO Channel 10/0 : 2[2] -> 3[3] via P2P/CUMEM
furious-puma-1:127996:129046 [0] NCCL INFO Allocated shareable buffer 0x75f029a00000 size 2097152 ipcDesc 0x75eecc031240
furious-puma-1:127996:129057 [0] NCCL INFO Channel 02/0 : 0[0] -> 1[1] via P2P/CUMEM
furious-puma-1:127996:129046 [0] NCCL INFO Allocated shareable buffer 0x75f029c00000 size 2097152 ipcDesc 0x75eecc032a40
furious-puma-1:127996:129057 [0] NCCL INFO Channel 03/0 : 0[0] -> 1[1] via P2P/CUMEM
furious-puma-1:127999:129048 [3] NCCL INFO Allocated shareable buffer 0x7cbd67a00000 size 2097152 ipcDesc 0x7cbc0c031240
furious-puma-1:127999:129051 [3] NCCL INFO Channel 02/0 : 3[3] -> 4[4] via P2P/CUMEM
furious-puma-1:127997:129040 [1] NCCL INFO Allocated shareable buffer 0x791e5fe00000 size 2097152 ipcDesc 0x791e3803cfc0
furious-puma-1:127997:129054 [1] NCCL INFO Channel 10/0 : 1[1] -> 2[2] via P2P/CUMEM
furious-puma-1:128002:129034 [6] NCCL INFO Allocated shareable buffer 0x751f89a00000 size 2097152 ipcDesc 0x751f5c039fc0
furious-puma-1:128002:129055 [6] NCCL INFO Channel 08/0 : 6[6] -> 7[7] via P2P/CUMEM
furious-puma-1:128000:129044 [4] NCCL INFO Allocated shareable buffer 0x72e5fdc00000 size 2097152 ipcDesc 0x72e4a4037100
furious-puma-1:128000:129053 [4] NCCL INFO Channel 06/0 : 4[4] -> 5[5] via P2P/CUMEM
furious-puma-1:128001:129042 [5] NCCL INFO Allocated shareable buffer 0x7047e5e00000 size 2097152 ipcDesc 0x704690041540
furious-puma-1:128001:129052 [5] NCCL INFO Channel 13/0 : 5[5] -> 6[6] via P2P/CUMEM
furious-puma-1:127998:129038 [2] NCCL INFO Allocated shareable buffer 0x7c7c5bc00000 size 2097152 ipcDesc 0x7c7b0803e680
furious-puma-1:127998:129058 [2] NCCL INFO Channel 11/0 : 2[2] -> 3[3] via P2P/CUMEM
furious-puma-1:128003:129036 [7] NCCL INFO Allocated shareable buffer 0x78f211a00000 size 2097152 ipcDesc 0x78f1ec035900
furious-puma-1:127999:129048 [3] NCCL INFO Allocated shareable buffer 0x7cbd67c00000 size 2097152 ipcDesc 0x7cbc0c032a40
furious-puma-1:128003:129056 [7] NCCL INFO Channel 05/0 : 7[7] -> 0[0] via P2P/CUMEM
furious-puma-1:127999:129051 [3] NCCL INFO Channel 03/0 : 3[3] -> 4[4] via P2P/CUMEM
furious-puma-1:127996:129046 [0] NCCL INFO Allocated shareable buffer 0x75f029e00000 size 2097152 ipcDesc 0x75eecc034240
furious-puma-1:127996:129057 [0] NCCL INFO Channel 04/0 : 0[0] -> 1[1] via P2P/CUMEM
furious-puma-1:127998:129038 [2] NCCL INFO Allocated shareable buffer 0x7c7c5be00000 size 2097152 ipcDesc 0x7c7b0803fe80
furious-puma-1:127998:129058 [2] NCCL INFO Channel 12/0 : 2[2] -> 3[3] via P2P/CUMEM
furious-puma-1:128000:129044 [4] NCCL INFO Allocated shareable buffer 0x72e5fde00000 size 2097152 ipcDesc 0x72e4a4038900
furious-puma-1:128000:129053 [4] NCCL INFO Channel 07/0 : 4[4] -> 5[5] via P2P/CUMEM
furious-puma-1:128001:129042 [5] NCCL INFO Allocated shareable buffer 0x7047e7c00000 size 2097152 ipcDesc 0x704690042c00
furious-puma-1:128001:129052 [5] NCCL INFO Channel 14/0 : 5[5] -> 6[6] via P2P/CUMEM
furious-puma-1:128003:129036 [7] NCCL INFO Allocated shareable buffer 0x78f211c00000 size 2097152 ipcDesc 0x78f1ec037100
furious-puma-1:128003:129056 [7] NCCL INFO Channel 06/0 : 7[7] -> 0[0] via P2P/CUMEM
furious-puma-1:127997:129040 [1] NCCL INFO Allocated shareable buffer 0x791f8bc00000 size 2097152 ipcDesc 0x791e3803e680
furious-puma-1:127997:129054 [1] NCCL INFO Channel 11/0 : 1[1] -> 2[2] via P2P/CUMEM
furious-puma-1:127999:129048 [3] NCCL INFO Allocated shareable buffer 0x7cbd67e00000 size 2097152 ipcDesc 0x7cbc0c034240
furious-puma-1:127999:129051 [3] NCCL INFO Channel 04/0 : 3[3] -> 4[4] via P2P/CUMEM
furious-puma-1:128002:129034 [6] NCCL INFO Allocated shareable buffer 0x751f89c00000 size 2097152 ipcDesc 0x751f5c03b7c0
furious-puma-1:128002:129055 [6] NCCL INFO Channel 09/0 : 6[6] -> 7[7] via P2P/CUMEM
furious-puma-1:128000:129044 [4] NCCL INFO Allocated shareable buffer 0x72e4d1a00000 size 2097152 ipcDesc 0x72e4a4039fc0
furious-puma-1:128000:129053 [4] NCCL INFO Channel 08/0 : 4[4] -> 5[5] via P2P/CUMEM
furious-puma-1:128001:129042 [5] NCCL INFO Allocated shareable buffer 0x7047e7e00000 size 2097152 ipcDesc 0x704690044400
furious-puma-1:128001:129052 [5] NCCL INFO Channel 15/0 : 5[5] -> 6[6] via P2P/CUMEM
furious-puma-1:127998:129038 [2] NCCL INFO Allocated shareable buffer 0x7c7c5de00000 size 2097152 ipcDesc 0x7c7b08041540
furious-puma-1:127998:129058 [2] NCCL INFO Channel 13/0 : 2[2] -> 3[3] via P2P/CUMEM
furious-puma-1:127998:129038 [2] NCCL INFO Allocated shareable buffer 0x7c7c5fc00000 size 2097152 ipcDesc 0x7c7b08042c00
furious-puma-1:127998:129058 [2] NCCL INFO Channel 14/0 : 2[2] -> 3[3] via P2P/CUMEM
furious-puma-1:128002:129034 [6] NCCL INFO Allocated shareable buffer 0x751f89e00000 size 2097152 ipcDesc 0x751f5c03cfc0
furious-puma-1:128002:129055 [6] NCCL INFO Channel 10/0 : 6[6] -> 7[7] via P2P/CUMEM
furious-puma-1:127996:129046 [0] NCCL INFO Allocated shareable buffer 0x75eeefa00000 size 2097152 ipcDesc 0x75eecc035900
furious-puma-1:127996:129057 [0] NCCL INFO Channel 05/0 : 0[0] -> 1[1] via P2P/CUMEM
furious-puma-1:127997:129040 [1] NCCL INFO Allocated shareable buffer 0x791f8be00000 size 2097152 ipcDesc 0x791e3803fe80
furious-puma-1:127997:129054 [1] NCCL INFO Channel 12/0 : 1[1] -> 2[2] via P2P/CUMEM
furious-puma-1:127999:129048 [3] NCCL INFO Allocated shareable buffer 0x7cbc37a00000 size 2097152 ipcDesc 0x7cbc0c035900
furious-puma-1:127999:129051 [3] NCCL INFO Channel 05/0 : 3[3] -> 4[4] via P2P/CUMEM
furious-puma-1:128003:129036 [7] NCCL INFO Allocated shareable buffer 0x78f211e00000 size 2097152 ipcDesc 0x78f1ec038900
furious-puma-1:128003:129056 [7] NCCL INFO Channel 07/0 : 7[7] -> 0[0] via P2P/CUMEM
furious-puma-1:128000:129044 [4] NCCL INFO Allocated shareable buffer 0x72e4d1c00000 size 2097152 ipcDesc 0x72e4a403b7c0
furious-puma-1:128000:129053 [4] NCCL INFO Channel 09/0 : 4[4] -> 5[5] via P2P/CUMEM
furious-puma-1:128001:129042 [5] NCCL INFO Allocated shareable buffer 0x7046bba00000 size 2097152 ipcDesc 0x704690045ac0
furious-puma-1:128001:129052 [5] NCCL INFO Channel 16/0 : 5[5] -> 6[6] via P2P/CUMEM
furious-puma-1:128001:129042 [5] NCCL INFO Allocated shareable buffer 0x7046bbc00000 size 2097152 ipcDesc 0x7046900472c0
furious-puma-1:128001:129052 [5] NCCL INFO Channel 17/0 : 5[5] -> 6[6] via P2P/CUMEM
furious-puma-1:128002:129034 [6] NCCL INFO Allocated shareable buffer 0x751f8bc00000 size 2097152 ipcDesc 0x751f5c03e680
furious-puma-1:128002:129055 [6] NCCL INFO Channel 11/0 : 6[6] -> 7[7] via P2P/CUMEM
furious-puma-1:127997:129040 [1] NCCL INFO Allocated shareable buffer 0x791f8de00000 size 2097152 ipcDesc 0x791e38041540
furious-puma-1:127997:129054 [1] NCCL INFO Channel 13/0 : 1[1] -> 2[2] via P2P/CUMEM
furious-puma-1:128003:129036 [7] NCCL INFO Allocated shareable buffer 0x78f215a00000 size 2097152 ipcDesc 0x78f1ec039fc0
furious-puma-1:128003:129056 [7] NCCL INFO Channel 08/0 : 7[7] -> 0[0] via P2P/CUMEM
furious-puma-1:128000:129044 [4] NCCL INFO Allocated shareable buffer 0x72e4d1e00000 size 2097152 ipcDesc 0x72e4a403cfc0
furious-puma-1:128000:129053 [4] NCCL INFO Channel 10/0 : 4[4] -> 5[5] via P2P/CUMEM
furious-puma-1:127998:129038 [2] NCCL INFO Allocated shareable buffer 0x7c7c5fe00000 size 2097152 ipcDesc 0x7c7b08044400
furious-puma-1:127998:129058 [2] NCCL INFO Channel 15/0 : 2[2] -> 3[3] via P2P/CUMEM
furious-puma-1:128003:129036 [7] NCCL INFO Allocated shareable buffer 0x78f215c00000 size 2097152 ipcDesc 0x78f1ec03b7c0
furious-puma-1:128003:129056 [7] NCCL INFO Channel 09/0 : 7[7] -> 0[0] via P2P/CUMEM
furious-puma-1:128003:129036 [7] NCCL INFO Allocated shareable buffer 0x78f215e00000 size 2097152 ipcDesc 0x78f1ec03cfc0
furious-puma-1:128003:129056 [7] NCCL INFO Channel 10/0 : 7[7] -> 0[0] via P2P/CUMEM
furious-puma-1:127999:129048 [3] NCCL INFO Allocated shareable buffer 0x7cbc37c00000 size 2097152 ipcDesc 0x7cbc0c037100
furious-puma-1:127999:129051 [3] NCCL INFO Channel 06/0 : 3[3] -> 4[4] via P2P/CUMEM
furious-puma-1:127999:129048 [3] NCCL INFO Allocated shareable buffer 0x7cbc37e00000 size 2097152 ipcDesc 0x7cbc0c038900
furious-puma-1:127999:129051 [3] NCCL INFO Channel 07/0 : 3[3] -> 4[4] via P2P/CUMEM
furious-puma-1:127997:129040 [1] NCCL INFO Allocated shareable buffer 0x791f8fc00000 size 2097152 ipcDesc 0x791e38042c00
furious-puma-1:127997:129054 [1] NCCL INFO Channel 14/0 : 1[1] -> 2[2] via P2P/CUMEM
furious-puma-1:127996:129046 [0] NCCL INFO Allocated shareable buffer 0x75eeefc00000 size 2097152 ipcDesc 0x75eecc037100
furious-puma-1:127996:129057 [0] NCCL INFO Channel 06/0 : 0[0] -> 1[1] via P2P/CUMEM
furious-puma-1:128002:129034 [6] NCCL INFO Allocated shareable buffer 0x751f8be00000 size 2097152 ipcDesc 0x751f5c03fe80
furious-puma-1:128002:129055 [6] NCCL INFO Channel 12/0 : 6[6] -> 7[7] via P2P/CUMEM
furious-puma-1:128003:129036 [7] NCCL INFO Allocated shareable buffer 0x78f347c00000 size 2097152 ipcDesc 0x78f1ec03e680
furious-puma-1:128003:129056 [7] NCCL INFO Channel 11/0 : 7[7] -> 0[0] via P2P/CUMEM
furious-puma-1:128001:129042 [5] NCCL INFO Allocated shareable buffer 0x7046bbe00000 size 2097152 ipcDesc 0x704690048ac0
furious-puma-1:128001:129052 [5] NCCL INFO Channel 18/0 : 5[5] -> 6[6] via P2P/CUMEM
furious-puma-1:128000:129044 [4] NCCL INFO Allocated shareable buffer 0x72e4d3c00000 size 2097152 ipcDesc 0x72e4a403e680
furious-puma-1:128000:129053 [4] NCCL INFO Channel 11/0 : 4[4] -> 5[5] via P2P/CUMEM
furious-puma-1:128000:129044 [4] NCCL INFO Allocated shareable buffer 0x72e4d3e00000 size 2097152 ipcDesc 0x72e4a403fe80
furious-puma-1:128000:129053 [4] NCCL INFO Channel 12/0 : 4[4] -> 5[5] via P2P/CUMEM
furious-puma-1:127999:129048 [3] NCCL INFO Allocated shareable buffer 0x7cbc3ba00000 size 2097152 ipcDesc 0x7cbc0c039fc0
furious-puma-1:127999:129051 [3] NCCL INFO Channel 08/0 : 3[3] -> 4[4] via P2P/CUMEM
furious-puma-1:127999:129048 [3] NCCL INFO Allocated shareable buffer 0x7cbc3bc00000 size 2097152 ipcDesc 0x7cbc0c03b7c0
furious-puma-1:127999:129051 [3] NCCL INFO Channel 09/0 : 3[3] -> 4[4] via P2P/CUMEM
furious-puma-1:127997:129040 [1] NCCL INFO Allocated shareable buffer 0x791f8fe00000 size 2097152 ipcDesc 0x791e38044400
furious-puma-1:127997:129054 [1] NCCL INFO Channel 15/0 : 1[1] -> 2[2] via P2P/CUMEM
furious-puma-1:128003:129036 [7] NCCL INFO Allocated shareable buffer 0x78f347e00000 size 2097152 ipcDesc 0x78f1ec03fe80
furious-puma-1:128003:129056 [7] NCCL INFO Channel 12/0 : 7[7] -> 0[0] via P2P/CUMEM
furious-puma-1:128001:129042 [5] NCCL INFO Allocated shareable buffer 0x7047eba00000 size 2097152 ipcDesc 0x70469004a180
furious-puma-1:128001:129052 [5] NCCL INFO Channel 19/0 : 5[5] -> 6[6] via P2P/CUMEM
furious-puma-1:128000:129044 [4] NCCL INFO Allocated shareable buffer 0x72e4d5e00000 size 2097152 ipcDesc 0x72e4a4041540
furious-puma-1:128000:129053 [4] NCCL INFO Channel 13/0 : 4[4] -> 5[5] via P2P/CUMEM
furious-puma-1:127998:129038 [2] NCCL INFO Allocated shareable buffer 0x7c7b33a00000 size 2097152 ipcDesc 0x7c7b08045ac0
furious-puma-1:127998:129058 [2] NCCL INFO Channel 16/0 : 2[2] -> 3[3] via P2P/CUMEM
furious-puma-1:127999:129048 [3] NCCL INFO Allocated shareable buffer 0x7cbc3be00000 size 2097152 ipcDesc 0x7cbc0c03cfc0
furious-puma-1:127999:129051 [3] NCCL INFO Channel 10/0 : 3[3] -> 4[4] via P2P/CUMEM
furious-puma-1:127996:129046 [0] NCCL INFO Allocated shareable buffer 0x75eeefe00000 size 2097152 ipcDesc 0x75eecc038900
furious-puma-1:127996:129057 [0] NCCL INFO Channel 07/0 : 0[0] -> 1[1] via P2P/CUMEM
furious-puma-1:127996:129046 [0] NCCL INFO Allocated shareable buffer 0x75eef3a00000 size 2097152 ipcDesc 0x75eecc039fc0
furious-puma-1:127996:129057 [0] NCCL INFO Channel 08/0 : 0[0] -> 1[1] via P2P/CUMEM
furious-puma-1:128002:129034 [6] NCCL INFO Allocated shareable buffer 0x751f8de00000 size 2097152 ipcDesc 0x751f5c041540
furious-puma-1:128002:129055 [6] NCCL INFO Channel 13/0 : 6[6] -> 7[7] via P2P/CUMEM
furious-puma-1:127997:129040 [1] NCCL INFO Allocated shareable buffer 0x791e63a00000 size 2097152 ipcDesc 0x791e38045ac0
furious-puma-1:127997:129054 [1] NCCL INFO Channel 16/0 : 1[1] -> 2[2] via P2P/CUMEM
furious-puma-1:127999:129048 [3] NCCL INFO Allocated shareable buffer 0x7cbd69c00000 size 2097152 ipcDesc 0x7cbc0c03e680
furious-puma-1:127999:129051 [3] NCCL INFO Channel 11/0 : 3[3] -> 4[4] via P2P/CUMEM
furious-puma-1:128001:129042 [5] NCCL INFO Allocated shareable buffer 0x7047ebc00000 size 2097152 ipcDesc 0x70469004b980
furious-puma-1:128001:129052 [5] NCCL INFO Channel 20/0 : 5[5] -> 6[6] via P2P/CUMEM
furious-puma-1:128000:129044 [4] NCCL INFO Allocated shareable buffer 0x72e5ffc00000 size 2097152 ipcDesc 0x72e4a4042c00
furious-puma-1:128000:129053 [4] NCCL INFO Channel 14/0 : 4[4] -> 5[5] via P2P/CUMEM
furious-puma-1:127998:129038 [2] NCCL INFO Allocated shareable buffer 0x7c7b33c00000 size 2097152 ipcDesc 0x7c7b080472c0
furious-puma-1:127998:129058 [2] NCCL INFO Channel 17/0 : 2[2] -> 3[3] via P2P/CUMEM
furious-puma-1:127997:129040 [1] NCCL INFO Allocated shareable buffer 0x791e63c00000 size 2097152 ipcDesc 0x791e380472c0
furious-puma-1:127997:129054 [1] NCCL INFO Channel 17/0 : 1[1] -> 2[2] via P2P/CUMEM
furious-puma-1:128003:129036 [7] NCCL INFO Allocated shareable buffer 0x78f349e00000 size 2097152 ipcDesc 0x78f1ec041540
furious-puma-1:128003:129056 [7] NCCL INFO Channel 13/0 : 7[7] -> 0[0] via P2P/CUMEM
furious-puma-1:127996:129046 [0] NCCL INFO Allocated shareable buffer 0x75eef3c00000 size 2097152 ipcDesc 0x75eecc03b7c0
furious-puma-1:127996:129057 [0] NCCL INFO Channel 09/0 : 0[0] -> 1[1] via P2P/CUMEM
furious-puma-1:128001:129042 [5] NCCL INFO Allocated shareable buffer 0x7047ebe00000 size 2097152 ipcDesc 0x70469004d180
furious-puma-1:128001:129052 [5] NCCL INFO Channel 21/0 : 5[5] -> 6[6] via P2P/CUMEM
furious-puma-1:128000:129044 [4] NCCL INFO Allocated shareable buffer 0x72e5ffe00000 size 2097152 ipcDesc 0x72e4a4044400
furious-puma-1:128000:129053 [4] NCCL INFO Channel 15/0 : 4[4] -> 5[5] via P2P/CUMEM
furious-puma-1:127998:129038 [2] NCCL INFO Allocated shareable buffer 0x7c7b33e00000 size 2097152 ipcDesc 0x7c7b08048ac0
furious-puma-1:127998:129058 [2] NCCL INFO Channel 18/0 : 2[2] -> 3[3] via P2P/CUMEM
furious-puma-1:128000:129044 [4] NCCL INFO Allocated shareable buffer 0x72e603a00000 size 2097152 ipcDesc 0x72e4a4045ac0
furious-puma-1:128000:129053 [4] NCCL INFO Channel 16/0 : 4[4] -> 5[5] via P2P/CUMEM
furious-puma-1:127998:129038 [2] NCCL INFO Allocated shareable buffer 0x7c7c63a00000 size 2097152 ipcDesc 0x7c7b0804a180
furious-puma-1:127998:129058 [2] NCCL INFO Channel 19/0 : 2[2] -> 3[3] via P2P/CUMEM
furious-puma-1:127997:129040 [1] NCCL INFO Allocated shareable buffer 0x791e63e00000 size 2097152 ipcDesc 0x791e38048ac0
furious-puma-1:127997:129054 [1] NCCL INFO Channel 18/0 : 1[1] -> 2[2] via P2P/CUMEM
furious-puma-1:127999:129048 [3] NCCL INFO Allocated shareable buffer 0x7cbd69e00000 size 2097152 ipcDesc 0x7cbc0c03fe80
furious-puma-1:127999:129051 [3] NCCL INFO Channel 12/0 : 3[3] -> 4[4] via P2P/CUMEM
furious-puma-1:128002:129034 [6] NCCL INFO Allocated shareable buffer 0x7520b7c00000 size 2097152 ipcDesc 0x751f5c042c00
furious-puma-1:128002:129055 [6] NCCL INFO Channel 14/0 : 6[6] -> 7[7] via P2P/CUMEM
furious-puma-1:127998:129038 [2] NCCL INFO Allocated shareable buffer 0x7c7c63c00000 size 2097152 ipcDesc 0x7c7b0804b980
furious-puma-1:127998:129058 [2] NCCL INFO Channel 20/0 : 2[2] -> 3[3] via P2P/CUMEM
furious-puma-1:128001:129042 [5] NCCL INFO Allocated shareable buffer 0x7046bfa00000 size 2097152 ipcDesc 0x70469004e840
furious-puma-1:128001:129052 [5] NCCL INFO Channel 22/0 : 5[5] -> 6[6] via P2P/CUMEM
furious-puma-1:128000:129044 [4] NCCL INFO Allocated shareable buffer 0x72e603c00000 size 2097152 ipcDesc 0x72e4a40472c0
furious-puma-1:128000:129053 [4] NCCL INFO Channel 17/0 : 4[4] -> 5[5] via P2P/CUMEM
furious-puma-1:128000:129044 [4] NCCL INFO Allocated shareable buffer 0x72e603e00000 size 2097152 ipcDesc 0x72e4a4048ac0
furious-puma-1:128000:129053 [4] NCCL INFO Channel 18/0 : 4[4] -> 5[5] via P2P/CUMEM
furious-puma-1:127999:129048 [3] NCCL INFO Allocated shareable buffer 0x7cbd6be00000 size 2097152 ipcDesc 0x7cbc0c041540
furious-puma-1:127999:129051 [3] NCCL INFO Channel 13/0 : 3[3] -> 4[4] via P2P/CUMEM
furious-puma-1:127997:129040 [1] NCCL INFO Allocated shareable buffer 0x791f93a00000 size 2097152 ipcDesc 0x791e3804a180
furious-puma-1:127997:129054 [1] NCCL INFO Channel 19/0 : 1[1] -> 2[2] via P2P/CUMEM
furious-puma-1:128000:129044 [4] NCCL INFO Allocated shareable buffer 0x72e607a00000 size 2097152 ipcDesc 0x72e4a404a180
furious-puma-1:128000:129053 [4] NCCL INFO Channel 19/0 : 4[4] -> 5[5] via P2P/CUMEM
furious-puma-1:128003:129036 [7] NCCL INFO Allocated shareable buffer 0x78f34bc00000 size 2097152 ipcDesc 0x78f1ec042c00
furious-puma-1:128003:129056 [7] NCCL INFO Channel 14/0 : 7[7] -> 0[0] via P2P/CUMEM
furious-puma-1:127996:129046 [0] NCCL INFO Allocated shareable buffer 0x75eef3e00000 size 2097152 ipcDesc 0x75eecc03cfc0
furious-puma-1:127996:129057 [0] NCCL INFO Channel 10/0 : 0[0] -> 1[1] via P2P/CUMEM
furious-puma-1:128001:129042 [5] NCCL INFO Allocated shareable buffer 0x7046bfc00000 size 2097152 ipcDesc 0x704690050040
furious-puma-1:128001:129052 [5] NCCL INFO Channel 23/0 : 5[5] -> 6[6] via P2P/CUMEM
furious-puma-1:127998:129038 [2] NCCL INFO Allocated shareable buffer 0x7c7c63e00000 size 2097152 ipcDesc 0x7c7b0804d180
furious-puma-1:127998:129058 [2] NCCL INFO Channel 21/0 : 2[2] -> 3[3] via P2P/CUMEM
furious-puma-1:127997:129040 [1] NCCL INFO Allocated shareable buffer 0x791f93c00000 size 2097152 ipcDesc 0x791e3804b980
furious-puma-1:127997:129054 [1] NCCL INFO Channel 20/0 : 1[1] -> 2[2] via P2P/CUMEM
furious-puma-1:128002:129034 [6] NCCL INFO Allocated shareable buffer 0x7520b7e00000 size 2097152 ipcDesc 0x751f5c044400
furious-puma-1:128002:129055 [6] NCCL INFO Channel 15/0 : 6[6] -> 7[7] via P2P/CUMEM
furious-puma-1:127999:129048 [3] NCCL INFO Allocated shareable buffer 0x7cbd6dc00000 size 2097152 ipcDesc 0x7cbc0c042c00
furious-puma-1:127999:129051 [3] NCCL INFO Channel 14/0 : 3[3] -> 4[4] via P2P/CUMEM
furious-puma-1:128003:129036 [7] NCCL INFO Allocated shareable buffer 0x78f34be00000 size 2097152 ipcDesc 0x78f1ec044400
furious-puma-1:128003:129056 [7] NCCL INFO Channel 15/0 : 7[7] -> 0[0] via P2P/CUMEM
furious-puma-1:128001:129042 [5] NCCL INFO Allocated shareable buffer 0x7046bfe00000 size 2097152 ipcDesc 0x704690051840
furious-puma-1:127998:129038 [2] NCCL INFO Allocated shareable buffer 0x7c7b37a00000 size 2097152 ipcDesc 0x7c7b0804e840
furious-puma-1:127998:129058 [2] NCCL INFO Channel 22/0 : 2[2] -> 3[3] via P2P/CUMEM
furious-puma-1:128000:129044 [4] NCCL INFO Allocated shareable buffer 0x72e607c00000 size 2097152 ipcDesc 0x72e4a404b980
furious-puma-1:128000:129053 [4] NCCL INFO Channel 20/0 : 4[4] -> 5[5] via P2P/CUMEM
furious-puma-1:127997:129040 [1] NCCL INFO Allocated shareable buffer 0x791f93e00000 size 2097152 ipcDesc 0x791e3804d180
furious-puma-1:127997:129054 [1] NCCL INFO Channel 21/0 : 1[1] -> 2[2] via P2P/CUMEM
furious-puma-1:127997:129040 [1] NCCL INFO Allocated shareable buffer 0x791e67a00000 size 2097152 ipcDesc 0x791e3804e840
furious-puma-1:127997:129054 [1] NCCL INFO Channel 22/0 : 1[1] -> 2[2] via P2P/CUMEM
furious-puma-1:128002:129034 [6] NCCL INFO Allocated shareable buffer 0x7520bba00000 size 2097152 ipcDesc 0x751f5c045ac0
furious-puma-1:128002:129055 [6] NCCL INFO Channel 16/0 : 6[6] -> 7[7] via P2P/CUMEM
furious-puma-1:127996:129046 [0] NCCL INFO Allocated shareable buffer 0x75f02bc00000 size 2097152 ipcDesc 0x75eecc03e680
furious-puma-1:127996:129057 [0] NCCL INFO Channel 11/0 : 0[0] -> 1[1] via P2P/CUMEM
furious-puma-1:127999:129048 [3] NCCL INFO Allocated shareable buffer 0x7cbd6de00000 size 2097152 ipcDesc 0x7cbc0c044400
furious-puma-1:127999:129051 [3] NCCL INFO Channel 15/0 : 3[3] -> 4[4] via P2P/CUMEM
furious-puma-1:128000:129044 [4] NCCL INFO Allocated shareable buffer 0x72e607e00000 size 2097152 ipcDesc 0x72e4a404d180
furious-puma-1:128000:129053 [4] NCCL INFO Channel 21/0 : 4[4] -> 5[5] via P2P/CUMEM
furious-puma-1:128000:129044 [4] NCCL INFO Allocated shareable buffer 0x72e4d9a00000 size 2097152 ipcDesc 0x72e4a404e840
furious-puma-1:128000:129053 [4] NCCL INFO Channel 22/0 : 4[4] -> 5[5] via P2P/CUMEM
furious-puma-1:127997:129040 [1] NCCL INFO Allocated shareable buffer 0x791e67c00000 size 2097152 ipcDesc 0x791e38050040
furious-puma-1:127997:129054 [1] NCCL INFO Channel 23/0 : 1[1] -> 2[2] via P2P/CUMEM
furious-puma-1:128000:129044 [4] NCCL INFO Allocated shareable buffer 0x72e4d9c00000 size 2097152 ipcDesc 0x72e4a4050040
furious-puma-1:128000:129053 [4] NCCL INFO Channel 23/0 : 4[4] -> 5[5] via P2P/CUMEM
furious-puma-1:127996:129046 [0] NCCL INFO Allocated shareable buffer 0x75f02be00000 size 2097152 ipcDesc 0x75eecc03fe80
furious-puma-1:127996:129057 [0] NCCL INFO Channel 12/0 : 0[0] -> 1[1] via P2P/CUMEM
furious-puma-1:127999:129048 [3] NCCL INFO Allocated shareable buffer 0x7cbc3fa00000 size 2097152 ipcDesc 0x7cbc0c045ac0
furious-puma-1:127999:129051 [3] NCCL INFO Channel 16/0 : 3[3] -> 4[4] via P2P/CUMEM
furious-puma-1:128003:129036 [7] NCCL INFO Allocated shareable buffer 0x78f219a00000 size 2097152 ipcDesc 0x78f1ec045ac0
furious-puma-1:128003:129056 [7] NCCL INFO Channel 16/0 : 7[7] -> 0[0] via P2P/CUMEM
furious-puma-1:128003:129036 [7] NCCL INFO Allocated shareable buffer 0x78f219c00000 size 2097152 ipcDesc 0x78f1ec0472c0
furious-puma-1:128003:129056 [7] NCCL INFO Channel 17/0 : 7[7] -> 0[0] via P2P/CUMEM
furious-puma-1:127998:129038 [2] NCCL INFO Allocated shareable buffer 0x7c7b37c00000 size 2097152 ipcDesc 0x7c7b08050040
furious-puma-1:127998:129058 [2] NCCL INFO Channel 23/0 : 2[2] -> 3[3] via P2P/CUMEM
furious-puma-1:128003:129036 [7] NCCL INFO Allocated shareable buffer 0x78f219e00000 size 2097152 ipcDesc 0x78f1ec048ac0
furious-puma-1:128003:129056 [7] NCCL INFO Channel 18/0 : 7[7] -> 0[0] via P2P/CUMEM
furious-puma-1:128002:129034 [6] NCCL INFO Allocated shareable buffer 0x7520bbc00000 size 2097152 ipcDesc 0x751f5c0472c0
furious-puma-1:128002:129055 [6] NCCL INFO Channel 17/0 : 6[6] -> 7[7] via P2P/CUMEM
furious-puma-1:127996:129046 [0] NCCL INFO Allocated shareable buffer 0x75f02de00000 size 2097152 ipcDesc 0x75eecc041540
furious-puma-1:127996:129057 [0] NCCL INFO Channel 13/0 : 0[0] -> 1[1] via P2P/CUMEM
furious-puma-1:127997:129040 [1] NCCL INFO Allocated shareable buffer 0x791e67e00000 size 2097152 ipcDesc 0x791e38051840
furious-puma-1:127999:129048 [3] NCCL INFO Allocated shareable buffer 0x7cbc3fc00000 size 2097152 ipcDesc 0x7cbc0c0472c0
furious-puma-1:127999:129051 [3] NCCL INFO Channel 17/0 : 3[3] -> 4[4] via P2P/CUMEM
furious-puma-1:128000:129044 [4] NCCL INFO Allocated shareable buffer 0x72e4d9e00000 size 2097152 ipcDesc 0x72e4a4051840
furious-puma-1:128002:129034 [6] NCCL INFO Allocated shareable buffer 0x7520bbe00000 size 2097152 ipcDesc 0x751f5c048ac0
furious-puma-1:128002:129055 [6] NCCL INFO Channel 18/0 : 6[6] -> 7[7] via P2P/CUMEM
furious-puma-1:127996:129046 [0] NCCL INFO Allocated shareable buffer 0x75f02fc00000 size 2097152 ipcDesc 0x75eecc042c00
furious-puma-1:127996:129057 [0] NCCL INFO Channel 14/0 : 0[0] -> 1[1] via P2P/CUMEM
furious-puma-1:127999:129048 [3] NCCL INFO Allocated shareable buffer 0x7cbc3fe00000 size 2097152 ipcDesc 0x7cbc0c048ac0
furious-puma-1:127999:129051 [3] NCCL INFO Channel 18/0 : 3[3] -> 4[4] via P2P/CUMEM
furious-puma-1:127998:129038 [2] NCCL INFO Allocated shareable buffer 0x7c7b37e00000 size 2097152 ipcDesc 0x7c7b08051840
furious-puma-1:127999:129048 [3] NCCL INFO Allocated shareable buffer 0x7cbd71a00000 size 2097152 ipcDesc 0x7cbc0c04a180
furious-puma-1:127999:129051 [3] NCCL INFO Channel 19/0 : 3[3] -> 4[4] via P2P/CUMEM
furious-puma-1:127996:129046 [0] NCCL INFO Allocated shareable buffer 0x75f02fe00000 size 2097152 ipcDesc 0x75eecc044400
furious-puma-1:127996:129057 [0] NCCL INFO Channel 15/0 : 0[0] -> 1[1] via P2P/CUMEM
furious-puma-1:128003:129036 [7] NCCL INFO Allocated shareable buffer 0x78f34fa00000 size 2097152 ipcDesc 0x78f1ec04a180
furious-puma-1:128003:129056 [7] NCCL INFO Channel 19/0 : 7[7] -> 0[0] via P2P/CUMEM
furious-puma-1:128002:129034 [6] NCCL INFO Allocated shareable buffer 0x7520bfa00000 size 2097152 ipcDesc 0x751f5c04a180
furious-puma-1:128002:129055 [6] NCCL INFO Channel 19/0 : 6[6] -> 7[7] via P2P/CUMEM
furious-puma-1:127996:129046 [0] NCCL INFO Allocated shareable buffer 0x75eef7a00000 size 2097152 ipcDesc 0x75eecc045ac0
furious-puma-1:127996:129057 [0] NCCL INFO Channel 16/0 : 0[0] -> 1[1] via P2P/CUMEM
furious-puma-1:127999:129048 [3] NCCL INFO Allocated shareable buffer 0x7cbd71c00000 size 2097152 ipcDesc 0x7cbc0c04b980
furious-puma-1:127999:129051 [3] NCCL INFO Channel 20/0 : 3[3] -> 4[4] via P2P/CUMEM
furious-puma-1:128003:129036 [7] NCCL INFO Allocated shareable buffer 0x78f34fc00000 size 2097152 ipcDesc 0x78f1ec04b980
furious-puma-1:128003:129056 [7] NCCL INFO Channel 20/0 : 7[7] -> 0[0] via P2P/CUMEM
furious-puma-1:128002:129034 [6] NCCL INFO Allocated shareable buffer 0x7520bfc00000 size 2097152 ipcDesc 0x751f5c04b980
furious-puma-1:128002:129055 [6] NCCL INFO Channel 20/0 : 6[6] -> 7[7] via P2P/CUMEM
furious-puma-1:127999:129048 [3] NCCL INFO Allocated shareable buffer 0x7cbd71e00000 size 2097152 ipcDesc 0x7cbc0c04d180
furious-puma-1:127999:129051 [3] NCCL INFO Channel 21/0 : 3[3] -> 4[4] via P2P/CUMEM
furious-puma-1:127996:129046 [0] NCCL INFO Allocated shareable buffer 0x75eef7c00000 size 2097152 ipcDesc 0x75eecc0472c0
furious-puma-1:127996:129057 [0] NCCL INFO Channel 17/0 : 0[0] -> 1[1] via P2P/CUMEM
furious-puma-1:128003:129036 [7] NCCL INFO Allocated shareable buffer 0x78f34fe00000 size 2097152 ipcDesc 0x78f1ec04d180
furious-puma-1:128003:129056 [7] NCCL INFO Channel 21/0 : 7[7] -> 0[0] via P2P/CUMEM
furious-puma-1:128003:129036 [7] NCCL INFO Allocated shareable buffer 0x78f21da00000 size 2097152 ipcDesc 0x78f1ec04e840
furious-puma-1:128003:129056 [7] NCCL INFO Channel 22/0 : 7[7] -> 0[0] via P2P/CUMEM
furious-puma-1:127996:129046 [0] NCCL INFO Allocated shareable buffer 0x75eef7e00000 size 2097152 ipcDesc 0x75eecc048ac0
furious-puma-1:127996:129057 [0] NCCL INFO Channel 18/0 : 0[0] -> 1[1] via P2P/CUMEM
furious-puma-1:128002:129034 [6] NCCL INFO Allocated shareable buffer 0x7520bfe00000 size 2097152 ipcDesc 0x751f5c04d180
furious-puma-1:128002:129055 [6] NCCL INFO Channel 21/0 : 6[6] -> 7[7] via P2P/CUMEM
furious-puma-1:127999:129048 [3] NCCL INFO Allocated shareable buffer 0x7cbc43a00000 size 2097152 ipcDesc 0x7cbc0c04e840
furious-puma-1:127999:129051 [3] NCCL INFO Channel 22/0 : 3[3] -> 4[4] via P2P/CUMEM
furious-puma-1:127996:129046 [0] NCCL INFO Allocated shareable buffer 0x75f033a00000 size 2097152 ipcDesc 0x75eecc04a180
furious-puma-1:127996:129057 [0] NCCL INFO Channel 19/0 : 0[0] -> 1[1] via P2P/CUMEM
furious-puma-1:128003:129036 [7] NCCL INFO Allocated shareable buffer 0x78f21dc00000 size 2097152 ipcDesc 0x78f1ec050040
furious-puma-1:128003:129056 [7] NCCL INFO Channel 23/0 : 7[7] -> 0[0] via P2P/CUMEM
furious-puma-1:128002:129034 [6] NCCL INFO Allocated shareable buffer 0x751f91a00000 size 2097152 ipcDesc 0x751f5c04e840
furious-puma-1:128002:129055 [6] NCCL INFO Channel 22/0 : 6[6] -> 7[7] via P2P/CUMEM
furious-puma-1:127999:129048 [3] NCCL INFO Allocated shareable buffer 0x7cbc43c00000 size 2097152 ipcDesc 0x7cbc0c050040
furious-puma-1:127999:129051 [3] NCCL INFO Channel 23/0 : 3[3] -> 4[4] via P2P/CUMEM
furious-puma-1:127999:129048 [3] NCCL INFO Allocated shareable buffer 0x7cbc43e00000 size 2097152 ipcDesc 0x7cbc0c051840
furious-puma-1:128002:129034 [6] NCCL INFO Allocated shareable buffer 0x751f91c00000 size 2097152 ipcDesc 0x751f5c050040
furious-puma-1:128002:129055 [6] NCCL INFO Channel 23/0 : 6[6] -> 7[7] via P2P/CUMEM
furious-puma-1:128003:129036 [7] NCCL INFO Allocated shareable buffer 0x78f21de00000 size 2097152 ipcDesc 0x78f1ec051840
furious-puma-1:127996:129046 [0] NCCL INFO Allocated shareable buffer 0x75f033c00000 size 2097152 ipcDesc 0x75eecc04b980
furious-puma-1:127996:129057 [0] NCCL INFO Channel 20/0 : 0[0] -> 1[1] via P2P/CUMEM
furious-puma-1:128002:129034 [6] NCCL INFO Allocated shareable buffer 0x751f91e00000 size 2097152 ipcDesc 0x751f5c051840
furious-puma-1:127996:129046 [0] NCCL INFO Allocated shareable buffer 0x75f033e00000 size 2097152 ipcDesc 0x75eecc04d180
furious-puma-1:127996:129057 [0] NCCL INFO Channel 21/0 : 0[0] -> 1[1] via P2P/CUMEM
furious-puma-1:127996:129046 [0] NCCL INFO Allocated shareable buffer 0x75eefba00000 size 2097152 ipcDesc 0x75eecc04e840
furious-puma-1:127996:129057 [0] NCCL INFO Channel 22/0 : 0[0] -> 1[1] via P2P/CUMEM
furious-puma-1:127999:129051 [3] NCCL INFO UDS converted handle 0x72e4a4008bd0 to fd 149 on remote peer 4
furious-puma-1:127996:129046 [0] NCCL INFO Allocated shareable buffer 0x75eefbc00000 size 2097152 ipcDesc 0x75eecc050040
furious-puma-1:127996:129057 [0] NCCL INFO Channel 23/0 : 0[0] -> 1[1] via P2P/CUMEM
furious-puma-1:128000:129053 [4] NCCL INFO UDS converted handle 0x704690008bd0 to fd 149 on remote peer 5
furious-puma-1:127998:129058 [2] NCCL INFO UDS converted handle 0x7cbc0c008bd0 to fd 148 on remote peer 3
furious-puma-1:127999:129051 [3] NCCL INFO Imported shareable buffer device 3 size 10485760 ptr 0x7cbd8d000000
furious-puma-1:128001:129052 [5] NCCL INFO UDS converted handle 0x751f5c008bd0 to fd 149 on remote peer 6
furious-puma-1:128002:129055 [6] NCCL INFO UDS converted handle 0x78f1ec008bd0 to fd 149 on remote peer 7
furious-puma-1:127996:129046 [0] NCCL INFO Allocated shareable buffer 0x75eefbe00000 size 2097152 ipcDesc 0x75eecc051840
furious-puma-1:128002:129055 [6] NCCL INFO Imported shareable buffer device 6 size 10485760 ptr 0x7520d9000000
furious-puma-1:128000:129053 [4] NCCL INFO Imported shareable buffer device 4 size 10485760 ptr 0x72e621000000
furious-puma-1:128001:129052 [5] NCCL INFO Imported shareable buffer device 5 size 10485760 ptr 0x704807000000
furious-puma-1:127998:129058 [2] NCCL INFO Imported shareable buffer device 2 size 10485760 ptr 0x7c7c7f000000
furious-puma-1:127999:129051 [3] NCCL INFO UDS converted handle 0x7c7b0802f9f0 to fd 151 on remote peer 2
furious-puma-1:128002:129055 [6] NCCL INFO UDS converted handle 0x70469002f9f0 to fd 150 on remote peer 5
furious-puma-1:128000:129053 [4] NCCL INFO UDS converted handle 0x7cbc0c02f9f0 to fd 151 on remote peer 3
furious-puma-1:127996:129057 [0] NCCL INFO UDS converted handle 0x791e38008bd0 to fd 160 on remote peer 1
furious-puma-1:128000:129053 [4] NCCL INFO Imported shareable buffer device 4 size 2097152 ptr 0x72e609c00000
furious-puma-1:128003:129056 [7] NCCL INFO UDS converted handle 0x75eecc008c90 to fd 146 on remote peer 0
furious-puma-1:127999:129051 [3] NCCL INFO Imported shareable buffer device 3 size 2097152 ptr 0x7cbd73c00000
furious-puma-1:128002:129055 [6] NCCL INFO Imported shareable buffer device 6 size 2097152 ptr 0x7520c1c00000
furious-puma-1:128001:129052 [5] NCCL INFO UDS converted handle 0x72e4a402f9f0 to fd 151 on remote peer 4
furious-puma-1:127999:129051 [3] NCCL INFO UDS converted handle 0x72e4a400a670 to fd 151 on remote peer 4
furious-puma-1:127996:129057 [0] NCCL INFO Imported shareable buffer device 0 size 10485760 ptr 0x75f04f000000
furious-puma-1:128001:129052 [5] NCCL INFO Imported shareable buffer device 5 size 2097152 ptr 0x7047edc00000
furious-puma-1:128003:129056 [7] NCCL INFO Imported shareable buffer device 7 size 10485760 ptr 0x78f36b000000
furious-puma-1:127998:129058 [2] NCCL INFO UDS converted handle 0x791e3802f9f0 to fd 151 on remote peer 1
furious-puma-1:127997:129054 [1] NCCL INFO UDS converted handle 0x7c7b08008bd0 to fd 149 on remote peer 2
furious-puma-1:128002:129055 [6] NCCL INFO UDS converted handle 0x78f1ec00a670 to fd 150 on remote peer 7
furious-puma-1:128000:129053 [4] NCCL INFO UDS converted handle 0x70469000a670 to fd 151 on remote peer 5
furious-puma-1:127999:129051 [3] NCCL INFO Imported shareable buffer device 3 size 10485760 ptr 0x7cbc5b000000
furious-puma-1:127998:129058 [2] NCCL INFO Imported shareable buffer device 2 size 2097152 ptr 0x7c7c65c00000
furious-puma-1:128002:129055 [6] NCCL INFO Imported shareable buffer device 6 size 10485760 ptr 0x751fab000000
furious-puma-1:127997:129054 [1] NCCL INFO Imported shareable buffer device 1 size 10485760 ptr 0x791faf000000
furious-puma-1:128001:129052 [5] NCCL INFO UDS converted handle 0x751f5c00a670 to fd 151 on remote peer 6
furious-puma-1:127998:129058 [2] NCCL INFO UDS converted handle 0x7cbc0c00a670 to fd 151 on remote peer 3
furious-puma-1:128000:129053 [4] NCCL INFO Imported shareable buffer device 4 size 10485760 ptr 0x72e4f3000000
furious-puma-1:127999:129051 [3] NCCL INFO UDS converted handle 0x7c7b08031290 to fd 151 on remote peer 2
furious-puma-1:127999:129051 [3] NCCL INFO Imported shareable buffer device 3 size 2097152 ptr 0x7cbd73e00000
furious-puma-1:127998:129058 [2] NCCL INFO Imported shareable buffer device 2 size 10485760 ptr 0x7c7b4f000000
furious-puma-1:127996:129057 [0] NCCL INFO UDS converted handle 0x78f1ec02f9f0 to fd 160 on remote peer 7
furious-puma-1:128001:129052 [5] NCCL INFO Imported shareable buffer device 5 size 10485760 ptr 0x7046d7000000
furious-puma-1:128002:129055 [6] NCCL INFO UDS converted handle 0x704690031290 to fd 152 on remote peer 5
furious-puma-1:128003:129056 [7] NCCL INFO UDS converted handle 0x751f5c02f9f0 to fd 149 on remote peer 6
furious-puma-1:127997:129054 [1] NCCL INFO UDS converted handle 0x75eecc02f9f0 to fd 149 on remote peer 0
furious-puma-1:127996:129057 [0] NCCL INFO Imported shareable buffer device 0 size 2097152 ptr 0x75f035c00000
furious-puma-1:128003:129056 [7] NCCL INFO Imported shareable buffer device 7 size 2097152 ptr 0x78f351c00000
furious-puma-1:128002:129055 [6] NCCL INFO Imported shareable buffer device 6 size 2097152 ptr 0x7520c1e00000
furious-puma-1:127999:129051 [3] NCCL INFO UDS converted handle 0x72e4a400c090 to fd 151 on remote peer 4
furious-puma-1:127997:129054 [1] NCCL INFO Imported shareable buffer device 1 size 2097152 ptr 0x791f95c00000
furious-puma-1:128000:129053 [4] NCCL INFO UDS converted handle 0x7cbc0c031290 to fd 151 on remote peer 3
furious-puma-1:127998:129058 [2] NCCL INFO UDS converted handle 0x791e38031290 to fd 152 on remote peer 1
furious-puma-1:127997:129054 [1] NCCL INFO UDS converted handle 0x7c7b0800a670 to fd 149 on remote peer 2
furious-puma-1:128003:129056 [7] NCCL INFO UDS converted handle 0x75eecc00a6d0 to fd 149 on remote peer 0
furious-puma-1:127997:129054 [1] NCCL INFO Imported shareable buffer device 1 size 10485760 ptr 0x791e7f000000
furious-puma-1:128003:129056 [7] NCCL INFO Imported shareable buffer device 7 size 10485760 ptr 0x78f235000000
furious-puma-1:127999:129051 [3] NCCL INFO Imported shareable buffer device 3 size 10485760 ptr 0x7cbd8f200000
furious-puma-1:128000:129053 [4] NCCL INFO Imported shareable buffer device 4 size 2097152 ptr 0x72e609e00000
furious-puma-1:128001:129052 [5] NCCL INFO UDS converted handle 0x72e4a4031290 to fd 150 on remote peer 4
furious-puma-1:127998:129058 [2] NCCL INFO Imported shareable buffer device 2 size 2097152 ptr 0x7c7c65e00000
furious-puma-1:128002:129055 [6] NCCL INFO UDS converted handle 0x78f1ec00c090 to fd 151 on remote peer 7
furious-puma-1:128001:129052 [5] NCCL INFO Imported shareable buffer device 5 size 2097152 ptr 0x7047ede00000
furious-puma-1:127997:129054 [1] NCCL INFO UDS converted handle 0x75eecc031290 to fd 150 on remote peer 0
furious-puma-1:127996:129057 [0] NCCL INFO UDS converted handle 0x791e3800a670 to fd 160 on remote peer 1
furious-puma-1:127999:129051 [3] NCCL INFO UDS converted handle 0x7c7b08032a90 to fd 151 on remote peer 2
furious-puma-1:128003:129056 [7] NCCL INFO UDS converted handle 0x751f5c031290 to fd 149 on remote peer 6
furious-puma-1:128002:129055 [6] NCCL INFO Imported shareable buffer device 6 size 10485760 ptr 0x7520db200000
furious-puma-1:128000:129053 [4] NCCL INFO UDS converted handle 0x70469000c090 to fd 149 on remote peer 5
furious-puma-1:127999:129051 [3] NCCL INFO Imported shareable buffer device 3 size 2097152 ptr 0x7cbd75c00000
furious-puma-1:127996:129057 [0] NCCL INFO Imported shareable buffer device 0 size 10485760 ptr 0x75ef13000000
furious-puma-1:127998:129058 [2] NCCL INFO UDS converted handle 0x7cbc0c00c090 to fd 151 on remote peer 3
furious-puma-1:128003:129056 [7] NCCL INFO Imported shareable buffer device 7 size 2097152 ptr 0x78f351e00000
furious-puma-1:127997:129054 [1] NCCL INFO Imported shareable buffer device 1 size 2097152 ptr 0x791f95e00000
furious-puma-1:127999:129051 [3] NCCL INFO UDS converted handle 0x72e4a400da90 to fd 151 on remote peer 4
furious-puma-1:128000:129053 [4] NCCL INFO Imported shareable buffer device 4 size 10485760 ptr 0x72e623200000
furious-puma-1:127998:129058 [2] NCCL INFO Imported shareable buffer device 2 size 10485760 ptr 0x7c7c81200000
furious-puma-1:128002:129055 [6] NCCL INFO UDS converted handle 0x704690032a90 to fd 151 on remote peer 5
furious-puma-1:128001:129052 [5] NCCL INFO UDS converted handle 0x751f5c00c090 to fd 151 on remote peer 6
furious-puma-1:127996:129057 [0] NCCL INFO UDS converted handle 0x78f1ec031290 to fd 160 on remote peer 7
furious-puma-1:127999:129051 [3] NCCL INFO Imported shareable buffer device 3 size 10485760 ptr 0x7cbd91200000
furious-puma-1:128002:129055 [6] NCCL INFO Imported shareable buffer device 6 size 2097152 ptr 0x7520c3c00000
furious-puma-1:127996:129057 [0] NCCL INFO Imported shareable buffer device 0 size 2097152 ptr 0x75f035e00000
furious-puma-1:127997:129054 [1] NCCL INFO UDS converted handle 0x7c7b0800c090 to fd 149 on remote peer 2
furious-puma-1:128003:129056 [7] NCCL INFO UDS converted handle 0x75eecc00c0b0 to fd 149 on remote peer 0
furious-puma-1:128000:129053 [4] NCCL INFO UDS converted handle 0x7cbc0c032a90 to fd 151 on remote peer 3
furious-puma-1:127997:129054 [1] NCCL INFO Imported shareable buffer device 1 size 10485760 ptr 0x791fb1200000
furious-puma-1:128001:129052 [5] NCCL INFO Imported shareable buffer device 5 size 10485760 ptr 0x704809200000
furious-puma-1:128003:129056 [7] NCCL INFO Imported shareable buffer device 7 size 10485760 ptr 0x78f36d200000
furious-puma-1:127998:129058 [2] NCCL INFO UDS converted handle 0x791e38032a90 to fd 151 on remote peer 1
furious-puma-1:127999:129051 [3] NCCL INFO UDS converted handle 0x7c7b08034290 to fd 151 on remote peer 2
furious-puma-1:128000:129053 [4] NCCL INFO Imported shareable buffer device 4 size 2097152 ptr 0x72e60bc00000
furious-puma-1:127998:129058 [2] NCCL INFO Imported shareable buffer device 2 size 2097152 ptr 0x7c7c67c00000
furious-puma-1:128002:129055 [6] NCCL INFO UDS converted handle 0x78f1ec00da90 to fd 151 on remote peer 7
furious-puma-1:127999:129051 [3] NCCL INFO Imported shareable buffer device 3 size 2097152 ptr 0x7cbd75e00000
furious-puma-1:127996:129057 [0] NCCL INFO UDS converted handle 0x791e3800c090 to fd 159 on remote peer 1
furious-puma-1:128001:129052 [5] NCCL INFO UDS converted handle 0x72e4a4032a90 to fd 151 on remote peer 4
furious-puma-1:128003:129056 [7] NCCL INFO UDS converted handle 0x751f5c032a90 to fd 149 on remote peer 6
furious-puma-1:127997:129054 [1] NCCL INFO UDS converted handle 0x75eecc032a90 to fd 149 on remote peer 0
furious-puma-1:128003:129056 [7] NCCL INFO Imported shareable buffer device 7 size 2097152 ptr 0x78f353c00000
furious-puma-1:128002:129055 [6] NCCL INFO Imported shareable buffer device 6 size 10485760 ptr 0x7520dd200000
furious-puma-1:128001:129052 [5] NCCL INFO Imported shareable buffer device 5 size 2097152 ptr 0x7047efc00000
furious-puma-1:127998:129058 [2] NCCL INFO UDS converted handle 0x7cbc0c00da90 to fd 151 on remote peer 3
furious-puma-1:127996:129057 [0] NCCL INFO Imported shareable buffer device 0 size 10485760 ptr 0x75f051200000
furious-puma-1:128000:129053 [4] NCCL INFO UDS converted handle 0x70469000da90 to fd 151 on remote peer 5
furious-puma-1:127997:129054 [1] NCCL INFO Imported shareable buffer device 1 size 2097152 ptr 0x791f97c00000
furious-puma-1:127999:129051 [3] NCCL INFO UDS converted handle 0x72e4a400f470 to fd 151 on remote peer 4
furious-puma-1:127998:129058 [2] NCCL INFO Imported shareable buffer device 2 size 10485760 ptr 0x7c7c83200000
furious-puma-1:127996:129057 [0] NCCL INFO UDS converted handle 0x78f1ec032a90 to fd 160 on remote peer 7
furious-puma-1:128000:129053 [4] NCCL INFO Imported shareable buffer device 4 size 10485760 ptr 0x72e625200000
furious-puma-1:128003:129056 [7] NCCL INFO UDS converted handle 0x75eecc00da90 to fd 149 on remote peer 0
furious-puma-1:128002:129055 [6] NCCL INFO UDS converted handle 0x704690034290 to fd 152 on remote peer 5
furious-puma-1:128001:129052 [5] NCCL INFO UDS converted handle 0x751f5c00da90 to fd 150 on remote peer 6
furious-puma-1:127996:129057 [0] NCCL INFO Imported shareable buffer device 0 size 2097152 ptr 0x75f037c00000
furious-puma-1:127999:129051 [3] NCCL INFO Imported shareable buffer device 3 size 10485760 ptr 0x7cbc5f000000
furious-puma-1:128002:129055 [6] NCCL INFO Imported shareable buffer device 6 size 2097152 ptr 0x7520c3e00000
furious-puma-1:128003:129056 [7] NCCL INFO Imported shareable buffer device 7 size 10485760 ptr 0x78f36f200000
furious-puma-1:127998:129058 [2] NCCL INFO UDS converted handle 0x791e38034290 to fd 152 on remote peer 1
furious-puma-1:127997:129054 [1] NCCL INFO UDS converted handle 0x7c7b0800da90 to fd 149 on remote peer 2
furious-puma-1:128001:129052 [5] NCCL INFO Imported shareable buffer device 5 size 10485760 ptr 0x70480b200000
furious-puma-1:127997:129054 [1] NCCL INFO Imported shareable buffer device 1 size 10485760 ptr 0x791fb3200000
furious-puma-1:127998:129058 [2] NCCL INFO Imported shareable buffer device 2 size 2097152 ptr 0x7c7c67e00000
furious-puma-1:128000:129053 [4] NCCL INFO UDS converted handle 0x7cbc0c034290 to fd 152 on remote peer 3
furious-puma-1:128001:129052 [5] NCCL INFO UDS converted handle 0x72e4a4034290 to fd 151 on remote peer 4
furious-puma-1:128002:129055 [6] NCCL INFO UDS converted handle 0x78f1ec00f470 to fd 151 on remote peer 7
furious-puma-1:127997:129054 [1] NCCL INFO UDS converted handle 0x75eecc034290 to fd 150 on remote peer 0
furious-puma-1:127996:129057 [0] NCCL INFO UDS converted handle 0x791e3800da90 to fd 160 on remote peer 1
furious-puma-1:128003:129056 [7] NCCL INFO UDS converted handle 0x751f5c034290 to fd 149 on remote peer 6
furious-puma-1:128001:129052 [5] NCCL INFO Imported shareable buffer device 5 size 2097152 ptr 0x7047efe00000
furious-puma-1:128000:129053 [4] NCCL INFO Imported shareable buffer device 4 size 2097152 ptr 0x72e60be00000
furious-puma-1:127999:129051 [3] NCCL INFO UDS converted handle 0x7c7b08035950 to fd 151 on remote peer 2
furious-puma-1:128002:129055 [6] NCCL INFO Imported shareable buffer device 6 size 10485760 ptr 0x7520e1000000
furious-puma-1:127996:129057 [0] NCCL INFO Imported shareable buffer device 0 size 10485760 ptr 0x75f053200000
furious-puma-1:128003:129056 [7] NCCL INFO Imported shareable buffer device 7 size 2097152 ptr 0x78f353e00000
furious-puma-1:127999:129051 [3] NCCL INFO Imported shareable buffer device 3 size 2097152 ptr 0x7cbd79a00000
furious-puma-1:127997:129054 [1] NCCL INFO Imported shareable buffer device 1 size 2097152 ptr 0x791f97e00000
furious-puma-1:127998:129058 [2] NCCL INFO UDS converted handle 0x7cbc0c00f470 to fd 151 on remote peer 3
furious-puma-1:128001:129052 [5] NCCL INFO UDS converted handle 0x751f5c00f470 to fd 152 on remote peer 6
furious-puma-1:128000:129053 [4] NCCL INFO UDS converted handle 0x70469000f470 to fd 151 on remote peer 5
furious-puma-1:127999:129051 [3] NCCL INFO UDS converted handle 0x72e4a4010e50 to fd 149 on remote peer 4
furious-puma-1:127998:129058 [2] NCCL INFO Imported shareable buffer device 2 size 10485760 ptr 0x7c7b53000000
furious-puma-1:127997:129054 [1] NCCL INFO UDS converted handle 0x7c7b0800f470 to fd 149 on remote peer 2
furious-puma-1:128001:129052 [5] NCCL INFO Imported shareable buffer device 5 size 10485760 ptr 0x7046db000000
furious-puma-1:127997:129054 [1] NCCL INFO Imported shareable buffer device 1 size 10485760 ptr 0x791e83000000
furious-puma-1:127999:129051 [3] NCCL INFO Imported shareable buffer device 3 size 10485760 ptr 0x7cbd95000000
furious-puma-1:127996:129057 [0] NCCL INFO UDS converted handle 0x78f1ec034290 to fd 161 on remote peer 7
furious-puma-1:128003:129056 [7] NCCL INFO UDS converted handle 0x75eecc00f470 to fd 149 on remote peer 0
furious-puma-1:128001:129052 [5] NCCL INFO UDS converted handle 0x72e4a4035950 to fd 151 on remote peer 4
furious-puma-1:127996:129057 [0] NCCL INFO Imported shareable buffer device 0 size 2097152 ptr 0x75f037e00000
furious-puma-1:128000:129053 [4] NCCL INFO Imported shareable buffer device 4 size 10485760 ptr 0x72e629000000
furious-puma-1:128002:129055 [6] NCCL INFO UDS converted handle 0x704690035950 to fd 151 on remote peer 5
furious-puma-1:127998:129058 [2] NCCL INFO UDS converted handle 0x791e38035950 to fd 151 on remote peer 1
furious-puma-1:128003:129056 [7] NCCL INFO Imported shareable buffer device 7 size 10485760 ptr 0x78f239000000
furious-puma-1:128001:129052 [5] NCCL INFO Imported shareable buffer device 5 size 2097152 ptr 0x7047f3a00000
furious-puma-1:127999:129051 [3] NCCL INFO UDS converted handle 0x7c7b08037150 to fd 151 on remote peer 2
furious-puma-1:127997:129054 [1] NCCL INFO UDS converted handle 0x75eecc035950 to fd 149 on remote peer 0
furious-puma-1:128002:129055 [6] NCCL INFO Imported shareable buffer device 6 size 2097152 ptr 0x751f95a00000
furious-puma-1:127998:129058 [2] NCCL INFO Imported shareable buffer device 2 size 2097152 ptr 0x7c7c6ba00000
furious-puma-1:128000:129053 [4] NCCL INFO UDS converted handle 0x7cbc0c035950 to fd 151 on remote peer 3
furious-puma-1:127999:129051 [3] NCCL INFO Imported shareable buffer device 3 size 2097152 ptr 0x7cbd79c00000
furious-puma-1:127999:129051 [3] NCCL INFO UDS converted handle 0x72e4a4012830 to fd 151 on remote peer 4
furious-puma-1:127997:129054 [1] NCCL INFO Imported shareable buffer device 1 size 2097152 ptr 0x791f9ba00000
furious-puma-1:128000:129053 [4] NCCL INFO Imported shareable buffer device 4 size 2097152 ptr 0x72e4dda00000
furious-puma-1:127996:129057 [0] NCCL INFO UDS converted handle 0x791e3800f470 to fd 160 on remote peer 1
furious-puma-1:128002:129055 [6] NCCL INFO UDS converted handle 0x78f1ec010e50 to fd 152 on remote peer 7
furious-puma-1:127998:129058 [2] NCCL INFO UDS converted handle 0x7cbc0c010e50 to fd 151 on remote peer 3
furious-puma-1:128003:129056 [7] NCCL INFO UDS converted handle 0x751f5c035950 to fd 149 on remote peer 6
furious-puma-1:127999:129051 [3] NCCL INFO Imported shareable buffer device 3 size 10485760 ptr 0x7cbc63000000
furious-puma-1:127998:129058 [2] NCCL INFO Imported shareable buffer device 2 size 10485760 ptr 0x7c7c87000000
furious-puma-1:128002:129055 [6] NCCL INFO Imported shareable buffer device 6 size 10485760 ptr 0x751faf000000
furious-puma-1:127996:129057 [0] NCCL INFO Imported shareable buffer device 0 size 10485760 ptr 0x75ef17000000
furious-puma-1:127997:129054 [1] NCCL INFO UDS converted handle 0x7c7b08010e50 to fd 149 on remote peer 2
furious-puma-1:128001:129052 [5] NCCL INFO UDS converted handle 0x751f5c010e50 to fd 152 on remote peer 6
furious-puma-1:128003:129056 [7] NCCL INFO Imported shareable buffer device 7 size 2097152 ptr 0x78f357a00000
furious-puma-1:128000:129053 [4] NCCL INFO UDS converted handle 0x704690010e50 to fd 151 on remote peer 5
furious-puma-1:128000:129053 [4] NCCL INFO Imported shareable buffer device 4 size 10485760 ptr 0x72e4f7000000
furious-puma-1:127997:129054 [1] NCCL INFO Imported shareable buffer device 1 size 10485760 ptr 0x791fb7000000
furious-puma-1:127998:129058 [2] NCCL INFO UDS converted handle 0x791e38037150 to fd 151 on remote peer 1
furious-puma-1:127996:129057 [0] NCCL INFO UDS converted handle 0x78f1ec035950 to fd 160 on remote peer 7
furious-puma-1:128001:129052 [5] NCCL INFO Imported shareable buffer device 5 size 10485760 ptr 0x70480f000000
furious-puma-1:127999:129051 [3] NCCL INFO UDS converted handle 0x7c7b08038950 to fd 151 on remote peer 2
furious-puma-1:127998:129058 [2] NCCL INFO Imported shareable buffer device 2 size 2097152 ptr 0x7c7c6bc00000
furious-puma-1:128003:129056 [7] NCCL INFO UDS converted handle 0x75eecc010e50 to fd 149 on remote peer 0
furious-puma-1:128002:129055 [6] NCCL INFO UDS converted handle 0x704690037150 to fd 151 on remote peer 5
furious-puma-1:127999:129051 [3] NCCL INFO Imported shareable buffer device 3 size 2097152 ptr 0x7cbd79e00000
furious-puma-1:128000:129053 [4] NCCL INFO UDS converted handle 0x7cbc0c037150 to fd 151 on remote peer 3
furious-puma-1:127996:129057 [0] NCCL INFO Imported shareable buffer device 0 size 2097152 ptr 0x75f03ba00000
furious-puma-1:128003:129056 [7] NCCL INFO Imported shareable buffer device 7 size 10485760 ptr 0x78f373000000
furious-puma-1:128002:129055 [6] NCCL INFO Imported shareable buffer device 6 size 2097152 ptr 0x751f95c00000
furious-puma-1:127997:129054 [1] NCCL INFO UDS converted handle 0x75eecc037150 to fd 149 on remote peer 0
furious-puma-1:128000:129053 [4] NCCL INFO Imported shareable buffer device 4 size 2097152 ptr 0x72e4ddc00000
furious-puma-1:128001:129052 [5] NCCL INFO UDS converted handle 0x72e4a4037150 to fd 151 on remote peer 4
furious-puma-1:127998:129058 [2] NCCL INFO UDS converted handle 0x7cbc0c012830 to fd 151 on remote peer 3
furious-puma-1:127996:129057 [0] NCCL INFO UDS converted handle 0x791e38010e50 to fd 160 on remote peer 1
furious-puma-1:127997:129054 [1] NCCL INFO Imported shareable buffer device 1 size 2097152 ptr 0x791f9bc00000
furious-puma-1:128001:129052 [5] NCCL INFO Imported shareable buffer device 5 size 2097152 ptr 0x7047f3c00000
furious-puma-1:128000:129053 [4] NCCL INFO UDS converted handle 0x704690012830 to fd 152 on remote peer 5
furious-puma-1:127999:129051 [3] NCCL INFO UDS converted handle 0x72e4a4014210 to fd 151 on remote peer 4
furious-puma-1:127996:129057 [0] NCCL INFO Imported shareable buffer device 0 size 10485760 ptr 0x75f057000000
furious-puma-1:127998:129058 [2] NCCL INFO Imported shareable buffer device 2 size 10485760 ptr 0x7c7b57000000
furious-puma-1:128002:129055 [6] NCCL INFO UDS converted handle 0x78f1ec012830 to fd 152 on remote peer 7
furious-puma-1:128003:129056 [7] NCCL INFO UDS converted handle 0x751f5c037150 to fd 149 on remote peer 6
furious-puma-1:127999:129051 [3] NCCL INFO Imported shareable buffer device 3 size 10485760 ptr 0x7cbc65200000
furious-puma-1:128000:129053 [4] NCCL INFO Imported shareable buffer device 4 size 10485760 ptr 0x72e4fb000000
furious-puma-1:127997:129054 [1] NCCL INFO UDS converted handle 0x7c7b08012830 to fd 149 on remote peer 2
furious-puma-1:128002:129055 [6] NCCL INFO Imported shareable buffer device 6 size 10485760 ptr 0x751fb3000000
furious-puma-1:128003:129056 [7] NCCL INFO Imported shareable buffer device 7 size 2097152 ptr 0x78f357c00000
furious-puma-1:127996:129057 [0] NCCL INFO UDS converted handle 0x78f1ec037150 to fd 160 on remote peer 7
furious-puma-1:128001:129052 [5] NCCL INFO UDS converted handle 0x751f5c012830 to fd 150 on remote peer 6
furious-puma-1:127998:129058 [2] NCCL INFO UDS converted handle 0x791e38038950 to fd 151 on remote peer 1
furious-puma-1:127996:129057 [0] NCCL INFO Imported shareable buffer device 0 size 2097152 ptr 0x75f03bc00000
furious-puma-1:127997:129054 [1] NCCL INFO Imported shareable buffer device 1 size 10485760 ptr 0x791e87000000
furious-puma-1:128000:129053 [4] NCCL INFO UDS converted handle 0x7cbc0c038950 to fd 151 on remote peer 3
furious-puma-1:128003:129056 [7] NCCL INFO UDS converted handle 0x75eecc012830 to fd 148 on remote peer 0
furious-puma-1:127998:129058 [2] NCCL INFO Imported shareable buffer device 2 size 2097152 ptr 0x7c7c6be00000
furious-puma-1:128002:129055 [6] NCCL INFO UDS converted handle 0x704690038950 to fd 151 on remote peer 5
furious-puma-1:128001:129052 [5] NCCL INFO Imported shareable buffer device 5 size 10485760 ptr 0x7046df000000
furious-puma-1:127998:129058 [2] NCCL INFO UDS converted handle 0x7cbc0c014210 to fd 151 on remote peer 3
furious-puma-1:127999:129051 [3] NCCL INFO UDS converted handle 0x7c7b0803a010 to fd 151 on remote peer 2
furious-puma-1:128000:129053 [4] NCCL INFO Imported shareable buffer device 4 size 2097152 ptr 0x72e4dde00000
furious-puma-1:128003:129056 [7] NCCL INFO Imported shareable buffer device 7 size 10485760 ptr 0x78f23d000000
furious-puma-1:128002:129055 [6] NCCL INFO Imported shareable buffer device 6 size 2097152 ptr 0x751f95e00000
furious-puma-1:128001:129052 [5] NCCL INFO UDS converted handle 0x72e4a4038950 to fd 151 on remote peer 4
furious-puma-1:127998:129058 [2] NCCL INFO Imported shareable buffer device 2 size 10485760 ptr 0x7c7b59200000
furious-puma-1:127999:129051 [3] NCCL INFO Imported shareable buffer device 3 size 2097152 ptr 0x7cbc47a00000
furious-puma-1:127996:129057 [0] NCCL INFO UDS converted handle 0x791e38012830 to fd 161 on remote peer 1
furious-puma-1:127997:129054 [1] NCCL INFO UDS converted handle 0x75eecc038950 to fd 149 on remote peer 0
furious-puma-1:128001:129052 [5] NCCL INFO Imported shareable buffer device 5 size 2097152 ptr 0x7047f3e00000
furious-puma-1:128000:129053 [4] NCCL INFO UDS converted handle 0x704690014210 to fd 151 on remote peer 5
furious-puma-1:128000:129053 [4] NCCL INFO Imported shareable buffer device 4 size 10485760 ptr 0x72e62b200000
furious-puma-1:127996:129057 [0] NCCL INFO Imported shareable buffer device 0 size 10485760 ptr 0x75ef1b000000
furious-puma-1:128002:129055 [6] NCCL INFO UDS converted handle 0x78f1ec014210 to fd 152 on remote peer 7
furious-puma-1:128003:129056 [7] NCCL INFO UDS converted handle 0x751f5c038950 to fd 149 on remote peer 6
furious-puma-1:127997:129054 [1] NCCL INFO Imported shareable buffer device 1 size 2097152 ptr 0x791f9be00000
furious-puma-1:127999:129051 [3] NCCL INFO UDS converted handle 0x72e4a4015bf0 to fd 151 on remote peer 4
furious-puma-1:127996:129057 [0] NCCL INFO UDS converted handle 0x78f1ec038950 to fd 160 on remote peer 7
furious-puma-1:127998:129058 [2] NCCL INFO UDS converted handle 0x791e3803a010 to fd 151 on remote peer 1
furious-puma-1:128002:129055 [6] NCCL INFO Imported shareable buffer device 6 size 10485760 ptr 0x7520e3200000
furious-puma-1:127999:129051 [3] NCCL INFO Imported shareable buffer device 3 size 10485760 ptr 0x7cbd97400000
furious-puma-1:127998:129058 [2] NCCL INFO Imported shareable buffer device 2 size 2097152 ptr 0x7c7b3ba00000
furious-puma-1:128003:129056 [7] NCCL INFO Imported shareable buffer device 7 size 2097152 ptr 0x78f357e00000
furious-puma-1:127996:129057 [0] NCCL INFO Imported shareable buffer device 0 size 2097152 ptr 0x75f03be00000
furious-puma-1:128001:129052 [5] NCCL INFO UDS converted handle 0x751f5c014210 to fd 151 on remote peer 6
furious-puma-1:127997:129054 [1] NCCL INFO UDS converted handle 0x7c7b08014210 to fd 149 on remote peer 2
furious-puma-1:128000:129053 [4] NCCL INFO UDS converted handle 0x7cbc0c03a010 to fd 151 on remote peer 3
furious-puma-1:128002:129055 [6] NCCL INFO UDS converted handle 0x70469003a010 to fd 151 on remote peer 5
furious-puma-1:127996:129057 [0] NCCL INFO UDS converted handle 0x791e38014210 to fd 160 on remote peer 1
furious-puma-1:127997:129054 [1] NCCL INFO Imported shareable buffer device 1 size 10485760 ptr 0x791e89200000
furious-puma-1:128003:129056 [7] NCCL INFO UDS converted handle 0x75eecc014210 to fd 149 on remote peer 0
furious-puma-1:128001:129052 [5] NCCL INFO Imported shareable buffer device 5 size 10485760 ptr 0x7046e1200000
furious-puma-1:128000:129053 [4] NCCL INFO Imported shareable buffer device 4 size 2097152 ptr 0x72e60fa00000
furious-puma-1:128002:129055 [6] NCCL INFO Imported shareable buffer device 6 size 2097152 ptr 0x7520c7a00000
furious-puma-1:127996:129057 [0] NCCL INFO Imported shareable buffer device 0 size 10485760 ptr 0x75ef1d200000
furious-puma-1:127998:129058 [2] NCCL INFO UDS converted handle 0x7cbc0c015bf0 to fd 151 on remote peer 3
furious-puma-1:128003:129056 [7] NCCL INFO Imported shareable buffer device 7 size 10485760 ptr 0x78f23f200000
furious-puma-1:127999:129051 [3] NCCL INFO UDS converted handle 0x7c7b0803b810 to fd 151 on remote peer 2
furious-puma-1:127999:129051 [3] NCCL INFO Imported shareable buffer device 3 size 2097152 ptr 0x7cbc47c00000
furious-puma-1:127997:129054 [1] NCCL INFO UDS converted handle 0x75eecc03a010 to fd 149 on remote peer 0
furious-puma-1:128001:129052 [5] NCCL INFO UDS converted handle 0x72e4a403a010 to fd 151 on remote peer 4
furious-puma-1:128003:129056 [7] NCCL INFO UDS converted handle 0x751f5c03a010 to fd 149 on remote peer 6
furious-puma-1:128001:129052 [5] NCCL INFO Imported shareable buffer device 5 size 2097152 ptr 0x7046c3a00000
furious-puma-1:127998:129058 [2] NCCL INFO Imported shareable buffer device 2 size 10485760 ptr 0x7c7c89400000
furious-puma-1:128000:129053 [4] NCCL INFO UDS converted handle 0x704690015bf0 to fd 151 on remote peer 5
furious-puma-1:128002:129055 [6] NCCL INFO UDS converted handle 0x78f1ec015bf0 to fd 151 on remote peer 7
furious-puma-1:128003:129056 [7] NCCL INFO Imported shareable buffer device 7 size 2097152 ptr 0x78f221a00000
furious-puma-1:127997:129054 [1] NCCL INFO Imported shareable buffer device 1 size 2097152 ptr 0x791e6ba00000
furious-puma-1:128000:129053 [4] NCCL INFO Imported shareable buffer device 4 size 10485760 ptr 0x72e62d400000
furious-puma-1:128002:129055 [6] NCCL INFO Imported shareable buffer device 6 size 10485760 ptr 0x7520e5400000
furious-puma-1:128001:129052 [5] NCCL INFO UDS converted handle 0x751f5c015bf0 to fd 151 on remote peer 6
furious-puma-1:128003:129056 [7] NCCL INFO UDS converted handle 0x75eecc015bf0 to fd 149 on remote peer 0
furious-puma-1:127999:129051 [3] NCCL INFO UDS converted handle 0x72e4a40175d0 to fd 151 on remote peer 4
furious-puma-1:127996:129057 [0] NCCL INFO UDS converted handle 0x78f1ec03a010 to fd 160 on remote peer 7
furious-puma-1:127997:129054 [1] NCCL INFO UDS converted handle 0x7c7b08015bf0 to fd 149 on remote peer 2
furious-puma-1:128003:129056 [7] NCCL INFO Imported shareable buffer device 7 size 10485760 ptr 0x78f375400000
furious-puma-1:128001:129052 [5] NCCL INFO Imported shareable buffer device 5 size 10485760 ptr 0x704811400000
furious-puma-1:127999:129051 [3] NCCL INFO Imported shareable buffer device 3 size 10485760 ptr 0x7cbd99200000
furious-puma-1:127998:129058 [2] NCCL INFO UDS converted handle 0x791e3803b810 to fd 151 on remote peer 1
furious-puma-1:127996:129057 [0] NCCL INFO Imported shareable buffer device 0 size 2097152 ptr 0x75eeffa00000
furious-puma-1:128002:129055 [6] NCCL INFO UDS converted handle 0x70469003b810 to fd 150 on remote peer 5
furious-puma-1:128000:129053 [4] NCCL INFO UDS converted handle 0x7cbc0c03b810 to fd 151 on remote peer 3
furious-puma-1:128002:129055 [6] NCCL INFO Imported shareable buffer device 6 size 2097152 ptr 0x7520c7c00000
furious-puma-1:127997:129054 [1] NCCL INFO Imported shareable buffer device 1 size 10485760 ptr 0x791fb9400000
furious-puma-1:128001:129052 [5] NCCL INFO UDS converted handle 0x72e4a403b810 to fd 151 on remote peer 4
furious-puma-1:128001:129052 [5] NCCL INFO Imported shareable buffer device 5 size 2097152 ptr 0x7046c3c00000
furious-puma-1:127998:129058 [2] NCCL INFO Imported shareable buffer device 2 size 2097152 ptr 0x7c7b3bc00000
furious-puma-1:128000:129053 [4] NCCL INFO Imported shareable buffer device 4 size 2097152 ptr 0x72e60fc00000
furious-puma-1:128002:129055 [6] NCCL INFO UDS converted handle 0x78f1ec0175d0 to fd 152 on remote peer 7
furious-puma-1:127996:129057 [0] NCCL INFO UDS converted handle 0x791e38015bf0 to fd 161 on remote peer 1
furious-puma-1:127997:129054 [1] NCCL INFO UDS converted handle 0x75eecc03b810 to fd 149 on remote peer 0
furious-puma-1:128003:129056 [7] NCCL INFO UDS converted handle 0x751f5c03b810 to fd 149 on remote peer 6
furious-puma-1:127999:129051 [3] NCCL INFO UDS converted handle 0x7c7b0803d010 to fd 151 on remote peer 2
furious-puma-1:128000:129053 [4] NCCL INFO UDS converted handle 0x7046900175d0 to fd 151 on remote peer 5
furious-puma-1:128002:129055 [6] NCCL INFO Imported shareable buffer device 6 size 10485760 ptr 0x7520e7200000
furious-puma-1:127996:129057 [0] NCCL INFO Imported shareable buffer device 0 size 10485760 ptr 0x75f059400000
furious-puma-1:128003:129056 [7] NCCL INFO Imported shareable buffer device 7 size 2097152 ptr 0x78f221c00000
furious-puma-1:127999:129051 [3] NCCL INFO Imported shareable buffer device 3 size 2097152 ptr 0x7cbc47e00000
furious-puma-1:127997:129054 [1] NCCL INFO Imported shareable buffer device 1 size 2097152 ptr 0x791e6bc00000
furious-puma-1:127998:129058 [2] NCCL INFO UDS converted handle 0x7cbc0c0175d0 to fd 151 on remote peer 3
furious-puma-1:128000:129053 [4] NCCL INFO Imported shareable buffer device 4 size 10485760 ptr 0x72e62f200000
furious-puma-1:128002:129055 [6] NCCL INFO UDS converted handle 0x70469003d010 to fd 152 on remote peer 5
furious-puma-1:128001:129052 [5] NCCL INFO UDS converted handle 0x751f5c0175d0 to fd 151 on remote peer 6
furious-puma-1:128003:129056 [7] NCCL INFO UDS converted handle 0x75eecc0175d0 to fd 149 on remote peer 0
furious-puma-1:127998:129058 [2] NCCL INFO Imported shareable buffer device 2 size 10485760 ptr 0x7c7c8b200000
furious-puma-1:127996:129057 [0] NCCL INFO UDS converted handle 0x78f1ec03b810 to fd 160 on remote peer 7
furious-puma-1:127999:129051 [3] NCCL INFO UDS converted handle 0x72e4a4018fb0 to fd 151 on remote peer 4
furious-puma-1:127997:129054 [1] NCCL INFO UDS converted handle 0x7c7b080175d0 to fd 149 on remote peer 2
furious-puma-1:128002:129055 [6] NCCL INFO Imported shareable buffer device 6 size 2097152 ptr 0x7520c7e00000
furious-puma-1:127999:129051 [3] NCCL INFO Imported shareable buffer device 3 size 10485760 ptr 0x7cbd9d000000
furious-puma-1:128003:129056 [7] NCCL INFO Imported shareable buffer device 7 size 10485760 ptr 0x78f377200000
furious-puma-1:128000:129053 [4] NCCL INFO UDS converted handle 0x7cbc0c03d010 to fd 151 on remote peer 3
furious-puma-1:128001:129052 [5] NCCL INFO Imported shareable buffer device 5 size 10485760 ptr 0x704813200000
furious-puma-1:127997:129054 [1] NCCL INFO Imported shareable buffer device 1 size 10485760 ptr 0x791fbb200000
furious-puma-1:127996:129057 [0] NCCL INFO Imported shareable buffer device 0 size 2097152 ptr 0x75eeffc00000
furious-puma-1:127998:129058 [2] NCCL INFO UDS converted handle 0x791e3803d010 to fd 150 on remote peer 1
furious-puma-1:128000:129053 [4] NCCL INFO Imported shareable buffer device 4 size 2097152 ptr 0x72e60fe00000
furious-puma-1:127997:129054 [1] NCCL INFO UDS converted handle 0x75eecc03d010 to fd 149 on remote peer 0
furious-puma-1:128001:129052 [5] NCCL INFO UDS converted handle 0x72e4a403d010 to fd 151 on remote peer 4
furious-puma-1:128002:129055 [6] NCCL INFO UDS converted handle 0x78f1ec018fb0 to fd 152 on remote peer 7
furious-puma-1:127999:129051 [3] NCCL INFO UDS converted handle 0x7c7b0803e6d0 to fd 151 on remote peer 2
furious-puma-1:128003:129056 [7] NCCL INFO UDS converted handle 0x751f5c03d010 to fd 149 on remote peer 6
furious-puma-1:127999:129051 [3] NCCL INFO Imported shareable buffer device 3 size 2097152 ptr 0x7cbc4ba00000
furious-puma-1:127999:129051 [3] NCCL INFO UDS converted handle 0x72e4a401a990 to fd 151 on remote peer 4
furious-puma-1:128003:129056 [7] NCCL INFO Imported shareable buffer device 7 size 2097152 ptr 0x78f221e00000
furious-puma-1:127997:129054 [1] NCCL INFO Imported shareable buffer device 1 size 2097152 ptr 0x791e6be00000
furious-puma-1:128001:129052 [5] NCCL INFO Imported shareable buffer device 5 size 2097152 ptr 0x7046c3e00000
furious-puma-1:127998:129058 [2] NCCL INFO Imported shareable buffer device 2 size 2097152 ptr 0x7c7b3be00000
furious-puma-1:127999:129051 [3] NCCL INFO Imported shareable buffer device 3 size 10485760 ptr 0x7cbc69000000
furious-puma-1:127996:129057 [0] NCCL INFO UDS converted handle 0x791e380175d0 to fd 160 on remote peer 1
furious-puma-1:128000:129053 [4] NCCL INFO UDS converted handle 0x704690018fb0 to fd 151 on remote peer 5
furious-puma-1:128002:129055 [6] NCCL INFO Imported shareable buffer device 6 size 10485760 ptr 0x751fb7000000
furious-puma-1:127997:129054 [1] NCCL INFO UDS converted handle 0x7c7b08018fb0 to fd 149 on remote peer 2
furious-puma-1:128001:129052 [5] NCCL INFO UDS converted handle 0x751f5c018fb0 to fd 151 on remote peer 6
furious-puma-1:128001:129052 [5] NCCL INFO Imported shareable buffer device 5 size 10485760 ptr 0x704817000000
furious-puma-1:127997:129054 [1] NCCL INFO Imported shareable buffer device 1 size 10485760 ptr 0x791fbf000000
furious-puma-1:127996:129057 [0] NCCL INFO Imported shareable buffer device 0 size 10485760 ptr 0x75f05b200000
furious-puma-1:128003:129056 [7] NCCL INFO UDS converted handle 0x75eecc018fb0 to fd 149 on remote peer 0
furious-puma-1:127997:129054 [1] NCCL INFO UDS converted handle 0x75eecc03e6d0 to fd 149 on remote peer 0
furious-puma-1:128003:129056 [7] NCCL INFO Imported shareable buffer device 7 size 10485760 ptr 0x78f37b000000
furious-puma-1:128000:129053 [4] NCCL INFO Imported shareable buffer device 4 size 10485760 ptr 0x72e4ff000000
furious-puma-1:127999:129051 [3] NCCL INFO UDS converted handle 0x7c7b0803fed0 to fd 152 on remote peer 2
furious-puma-1:127998:129058 [2] NCCL INFO UDS converted handle 0x7cbc0c018fb0 to fd 151 on remote peer 3
furious-puma-1:128001:129052 [5] NCCL INFO UDS converted handle 0x72e4a403e6d0 to fd 152 on remote peer 4
furious-puma-1:128002:129055 [6] NCCL INFO UDS converted handle 0x70469003e6d0 to fd 151 on remote peer 5
furious-puma-1:127997:129054 [1] NCCL INFO Imported shareable buffer device 1 size 2097152 ptr 0x791e6fa00000
furious-puma-1:128003:129056 [7] NCCL INFO UDS converted handle 0x751f5c03e6d0 to fd 149 on remote peer 6
furious-puma-1:128002:129055 [6] NCCL INFO Imported shareable buffer device 6 size 2097152 ptr 0x751f99a00000
furious-puma-1:127996:129057 [0] NCCL INFO UDS converted handle 0x78f1ec03d010 to fd 160 on remote peer 7
furious-puma-1:128000:129053 [4] NCCL INFO UDS converted handle 0x7cbc0c03e6d0 to fd 151 on remote peer 3
furious-puma-1:128001:129052 [5] NCCL INFO Imported shareable buffer device 5 size 2097152 ptr 0x7046c7a00000
furious-puma-1:127999:129051 [3] NCCL INFO Imported shareable buffer device 3 size 2097152 ptr 0x7cbc4bc00000
furious-puma-1:127998:129058 [2] NCCL INFO Imported shareable buffer device 2 size 10485760 ptr 0x7c7c8f000000
furious-puma-1:127997:129054 [1] NCCL INFO UDS converted handle 0x7c7b0801a990 to fd 149 on remote peer 2
furious-puma-1:127996:129057 [0] NCCL INFO Imported shareable buffer device 0 size 2097152 ptr 0x75eeffe00000
furious-puma-1:128000:129053 [4] NCCL INFO Imported shareable buffer device 4 size 2097152 ptr 0x72e4e1a00000
furious-puma-1:128003:129056 [7] NCCL INFO Imported shareable buffer device 7 size 2097152 ptr 0x78f225a00000
furious-puma-1:127997:129054 [1] NCCL INFO Imported shareable buffer device 1 size 10485760 ptr 0x791e8d000000
furious-puma-1:128003:129056 [7] NCCL INFO UDS converted handle 0x75eecc01a990 to fd 149 on remote peer 0
furious-puma-1:127998:129058 [2] NCCL INFO UDS converted handle 0x791e3803e6d0 to fd 151 on remote peer 1
furious-puma-1:127997:129054 [1] NCCL INFO UDS converted handle 0x75eecc03fed0 to fd 149 on remote peer 0
furious-puma-1:128002:129055 [6] NCCL INFO UDS converted handle 0x78f1ec01a990 to fd 151 on remote peer 7
furious-puma-1:127999:129051 [3] NCCL INFO UDS converted handle 0x72e4a401c370 to fd 151 on remote peer 4
furious-puma-1:128001:129052 [5] NCCL INFO UDS converted handle 0x751f5c01a990 to fd 152 on remote peer 6
furious-puma-1:128000:129053 [4] NCCL INFO UDS converted handle 0x70469001a990 to fd 151 on remote peer 5
furious-puma-1:127999:129051 [3] NCCL INFO Imported shareable buffer device 3 size 10485760 ptr 0x7cbc6d000000
furious-puma-1:127997:129054 [1] NCCL INFO Imported shareable buffer device 1 size 2097152 ptr 0x791e6fc00000
furious-puma-1:127998:129058 [2] NCCL INFO Imported shareable buffer device 2 size 2097152 ptr 0x7c7b3fa00000
furious-puma-1:128003:129056 [7] NCCL INFO Imported shareable buffer device 7 size 10485760 ptr 0x78f243000000
furious-puma-1:128000:129053 [4] NCCL INFO Imported shareable buffer device 4 size 10485760 ptr 0x72e633000000
furious-puma-1:128002:129055 [6] NCCL INFO Imported shareable buffer device 6 size 10485760 ptr 0x7520eb000000
furious-puma-1:128001:129052 [5] NCCL INFO Imported shareable buffer device 5 size 10485760 ptr 0x7046e5000000
furious-puma-1:127996:129057 [0] NCCL INFO UDS converted handle 0x791e38018fb0 to fd 160 on remote peer 1
furious-puma-1:127998:129058 [2] NCCL INFO UDS converted handle 0x7cbc0c01a990 to fd 151 on remote peer 3
furious-puma-1:128001:129052 [5] NCCL INFO UDS converted handle 0x72e4a403fed0 to fd 151 on remote peer 4
furious-puma-1:128003:129056 [7] NCCL INFO UDS converted handle 0x751f5c03fed0 to fd 149 on remote peer 6
furious-puma-1:127999:129051 [3] NCCL INFO UDS converted handle 0x7c7b08041590 to fd 151 on remote peer 2
furious-puma-1:127996:129057 [0] NCCL INFO Imported shareable buffer device 0 size 10485760 ptr 0x75f05f000000
furious-puma-1:127999:129051 [3] NCCL INFO Imported shareable buffer device 3 size 2097152 ptr 0x7cbc4be00000
furious-puma-1:127998:129058 [2] NCCL INFO Imported shareable buffer device 2 size 10485760 ptr 0x7c7b5d000000
furious-puma-1:128002:129055 [6] NCCL INFO UDS converted handle 0x70469003fed0 to fd 151 on remote peer 5
furious-puma-1:128001:129052 [5] NCCL INFO Imported shareable buffer device 5 size 2097152 ptr 0x7046c7c00000
furious-puma-1:128003:129056 [7] NCCL INFO Imported shareable buffer device 7 size 2097152 ptr 0x78f225c00000
furious-puma-1:128001:129052 [5] NCCL INFO UDS converted handle 0x751f5c01c370 to fd 151 on remote peer 6
furious-puma-1:128000:129053 [4] NCCL INFO UDS converted handle 0x7cbc0c03fed0 to fd 151 on remote peer 3
furious-puma-1:127996:129057 [0] NCCL INFO UDS converted handle 0x78f1ec03e6d0 to fd 160 on remote peer 7
furious-puma-1:128002:129055 [6] NCCL INFO Imported shareable buffer device 6 size 2097152 ptr 0x751f99c00000
furious-puma-1:128001:129052 [5] NCCL INFO Imported shareable buffer device 5 size 10485760 ptr 0x7046e9000000
furious-puma-1:127997:129054 [1] NCCL INFO UDS converted handle 0x7c7b0801c370 to fd 149 on remote peer 2
furious-puma-1:128003:129056 [7] NCCL INFO UDS converted handle 0x75eecc01c370 to fd 149 on remote peer 0
furious-puma-1:127999:129051 [3] NCCL INFO UDS converted handle 0x72e4a401dd50 to fd 151 on remote peer 4
furious-puma-1:128000:129053 [4] NCCL INFO Imported shareable buffer device 4 size 2097152 ptr 0x72e4e1c00000
furious-puma-1:127997:129054 [1] NCCL INFO Imported shareable buffer device 1 size 10485760 ptr 0x791e91000000
furious-puma-1:127998:129058 [2] NCCL INFO UDS converted handle 0x791e3803fed0 to fd 151 on remote peer 1
furious-puma-1:127996:129057 [0] NCCL INFO Imported shareable buffer device 0 size 2097152 ptr 0x75ef03a00000
furious-puma-1:128003:129056 [7] NCCL INFO Imported shareable buffer device 7 size 10485760 ptr 0x78f247000000
furious-puma-1:128002:129055 [6] NCCL INFO UDS converted handle 0x78f1ec01c370 to fd 151 on remote peer 7
furious-puma-1:128000:129053 [4] NCCL INFO UDS converted handle 0x70469001c370 to fd 151 on remote peer 5
furious-puma-1:127998:129058 [2] NCCL INFO Imported shareable buffer device 2 size 2097152 ptr 0x7c7b3fc00000
furious-puma-1:127999:129051 [3] NCCL INFO Imported shareable buffer device 3 size 10485760 ptr 0x7cbd9f200000
furious-puma-1:128000:129053 [4] NCCL INFO Imported shareable buffer device 4 size 10485760 ptr 0x72e503000000
furious-puma-1:128002:129055 [6] NCCL INFO Imported shareable buffer device 6 size 10485760 ptr 0x751fbb000000
furious-puma-1:127997:129054 [1] NCCL INFO UDS converted handle 0x75eecc041590 to fd 147 on remote peer 0
furious-puma-1:128001:129052 [5] NCCL INFO UDS converted handle 0x72e4a4041590 to fd 151 on remote peer 4
furious-puma-1:127996:129057 [0] NCCL INFO UDS converted handle 0x791e3801a990 to fd 160 on remote peer 1
furious-puma-1:128002:129055 [6] NCCL INFO UDS converted handle 0x704690041590 to fd 152 on remote peer 5
furious-puma-1:128003:129056 [7] NCCL INFO UDS converted handle 0x751f5c041590 to fd 148 on remote peer 6
furious-puma-1:128001:129052 [5] NCCL INFO Imported shareable buffer device 5 size 2097152 ptr 0x7046c7e00000
furious-puma-1:128002:129055 [6] NCCL INFO Imported shareable buffer device 6 size 2097152 ptr 0x751f99e00000
furious-puma-1:127999:129051 [3] NCCL INFO UDS converted handle 0x7c7b08042c50 to fd 152 on remote peer 2
furious-puma-1:127996:129057 [0] NCCL INFO Imported shareable buffer device 0 size 10485760 ptr 0x75ef21000000
furious-puma-1:128003:129056 [7] NCCL INFO Imported shareable buffer device 7 size 2097152 ptr 0x78f225e00000
furious-puma-1:127998:129058 [2] NCCL INFO UDS converted handle 0x7cbc0c01c370 to fd 151 on remote peer 3
furious-puma-1:127997:129054 [1] NCCL INFO Imported shareable buffer device 1 size 2097152 ptr 0x791e6fe00000
furious-puma-1:127999:129051 [3] NCCL INFO Imported shareable buffer device 3 size 2097152 ptr 0x7cbd7bc00000
furious-puma-1:128002:129055 [6] NCCL INFO UDS converted handle 0x78f1ec01dd50 to fd 152 on remote peer 7
furious-puma-1:128001:129052 [5] NCCL INFO UDS converted handle 0x751f5c01dd50 to fd 151 on remote peer 6
furious-puma-1:127998:129058 [2] NCCL INFO Imported shareable buffer device 2 size 10485760 ptr 0x7c7b61000000
furious-puma-1:128001:129052 [5] NCCL INFO Imported shareable buffer device 5 size 10485760 ptr 0x704819200000
furious-puma-1:128000:129053 [4] NCCL INFO UDS converted handle 0x7cbc0c041590 to fd 149 on remote peer 3
furious-puma-1:127998:129058 [2] NCCL INFO UDS converted handle 0x791e38041590 to fd 152 on remote peer 1
furious-puma-1:128002:129055 [6] NCCL INFO Imported shareable buffer device 6 size 10485760 ptr 0x751fbd200000
furious-puma-1:128003:129056 [7] NCCL INFO UDS converted handle 0x75eecc01dd50 to fd 149 on remote peer 0
furious-puma-1:127997:129054 [1] NCCL INFO UDS converted handle 0x7c7b0801dd50 to fd 149 on remote peer 2
furious-puma-1:128002:129055 [6] NCCL INFO UDS converted handle 0x704690042c50 to fd 151 on remote peer 5
furious-puma-1:127996:129057 [0] NCCL INFO UDS converted handle 0x78f1ec03fed0 to fd 160 on remote peer 7
furious-puma-1:127999:129051 [3] NCCL INFO UDS converted handle 0x72e4a401f730 to fd 151 on remote peer 4
furious-puma-1:128000:129053 [4] NCCL INFO Imported shareable buffer device 4 size 2097152 ptr 0x72e4e1e00000
furious-puma-1:127997:129054 [1] NCCL INFO Imported shareable buffer device 1 size 10485760 ptr 0x791fc1200000
furious-puma-1:128003:129056 [7] NCCL INFO Imported shareable buffer device 7 size 10485760 ptr 0x78f37d200000
furious-puma-1:127998:129058 [2] NCCL INFO Imported shareable buffer device 2 size 2097152 ptr 0x7c7b3fe00000
furious-puma-1:127996:129057 [0] NCCL INFO Imported shareable buffer device 0 size 2097152 ptr 0x75ef03c00000
furious-puma-1:127999:129051 [3] NCCL INFO Imported shareable buffer device 3 size 10485760 ptr 0x7cbda1400000
furious-puma-1:128002:129055 [6] NCCL INFO Imported shareable buffer device 6 size 2097152 ptr 0x751f9bc00000
furious-puma-1:128001:129052 [5] NCCL INFO UDS converted handle 0x72e4a4042c50 to fd 151 on remote peer 4
furious-puma-1:127996:129057 [0] NCCL INFO UDS converted handle 0x791e3801c370 to fd 160 on remote peer 1
furious-puma-1:128000:129053 [4] NCCL INFO UDS converted handle 0x70469001dd50 to fd 151 on remote peer 5
furious-puma-1:127998:129058 [2] NCCL INFO UDS converted handle 0x7cbc0c01dd50 to fd 151 on remote peer 3
furious-puma-1:127997:129054 [1] NCCL INFO UDS converted handle 0x75eecc042c50 to fd 149 on remote peer 0
furious-puma-1:128003:129056 [7] NCCL INFO UDS converted handle 0x751f5c042c50 to fd 149 on remote peer 6
furious-puma-1:127996:129057 [0] NCCL INFO Imported shareable buffer device 0 size 10485760 ptr 0x75ef25000000
furious-puma-1:127998:129058 [2] NCCL INFO Imported shareable buffer device 2 size 10485760 ptr 0x7c7c91200000
furious-puma-1:128001:129052 [5] NCCL INFO Imported shareable buffer device 5 size 2097152 ptr 0x7047f5c00000
furious-puma-1:127999:129051 [3] NCCL INFO UDS converted handle 0x7c7b08044450 to fd 151 on remote peer 2
furious-puma-1:128003:129056 [7] NCCL INFO Imported shareable buffer device 7 size 2097152 ptr 0x78f359c00000
furious-puma-1:128000:129053 [4] NCCL INFO Imported shareable buffer device 4 size 10485760 ptr 0x72e505200000
furious-puma-1:127997:129054 [1] NCCL INFO Imported shareable buffer device 1 size 2097152 ptr 0x791f9dc00000
furious-puma-1:128002:129055 [6] NCCL INFO UDS converted handle 0x78f1ec01f730 to fd 151 on remote peer 7
furious-puma-1:127998:129058 [2] NCCL INFO UDS converted handle 0x791e38042c50 to fd 150 on remote peer 1
furious-puma-1:127999:129051 [3] NCCL INFO Imported shareable buffer device 3 size 2097152 ptr 0x7cbd7be00000
furious-puma-1:127996:129057 [0] NCCL INFO UDS converted handle 0x78f1ec041590 to fd 160 on remote peer 7
furious-puma-1:128001:129052 [5] NCCL INFO UDS converted handle 0x751f5c01f730 to fd 151 on remote peer 6
furious-puma-1:128002:129055 [6] NCCL INFO Imported shareable buffer device 6 size 10485760 ptr 0x751fbf400000
furious-puma-1:128000:129053 [4] NCCL INFO UDS converted handle 0x7cbc0c042c50 to fd 151 on remote peer 3
furious-puma-1:128003:129056 [7] NCCL INFO UDS converted handle 0x75eecc01f730 to fd 149 on remote peer 0
furious-puma-1:127996:129057 [0] NCCL INFO Imported shareable buffer device 0 size 2097152 ptr 0x75ef03e00000
furious-puma-1:127998:129058 [2] NCCL INFO Imported shareable buffer device 2 size 2097152 ptr 0x7c7c6dc00000
furious-puma-1:127997:129054 [1] NCCL INFO UDS converted handle 0x7c7b0801f730 to fd 149 on remote peer 2
furious-puma-1:128001:129052 [5] NCCL INFO Imported shareable buffer device 5 size 10485760 ptr 0x70481b400000
furious-puma-1:127997:129054 [1] NCCL INFO Imported shareable buffer device 1 size 10485760 ptr 0x791fc3400000
furious-puma-1:128000:129053 [4] NCCL INFO Imported shareable buffer device 4 size 2097152 ptr 0x72e4e3c00000
furious-puma-1:127999:129051 [3] NCCL INFO UDS converted handle 0x72e4a4021110 to fd 151 on remote peer 4
furious-puma-1:128003:129056 [7] NCCL INFO Imported shareable buffer device 7 size 10485760 ptr 0x78f37f400000
furious-puma-1:127999:129051 [3] NCCL INFO Imported shareable buffer device 3 size 10485760 ptr 0x7cbda3200000
furious-puma-1:127997:129054 [1] NCCL INFO UDS converted handle 0x75eecc044450 to fd 150 on remote peer 0
furious-puma-1:127998:129058 [2] NCCL INFO UDS converted handle 0x7cbc0c01f730 to fd 151 on remote peer 3
furious-puma-1:127996:129057 [0] NCCL INFO UDS converted handle 0x791e3801dd50 to fd 160 on remote peer 1
furious-puma-1:128002:129055 [6] NCCL INFO UDS converted handle 0x704690044450 to fd 151 on remote peer 5
furious-puma-1:128001:129052 [5] NCCL INFO UDS converted handle 0x72e4a4044450 to fd 151 on remote peer 4
furious-puma-1:127997:129054 [1] NCCL INFO Imported shareable buffer device 1 size 2097152 ptr 0x791f9de00000
furious-puma-1:128003:129056 [7] NCCL INFO UDS converted handle 0x751f5c044450 to fd 149 on remote peer 6
furious-puma-1:128002:129055 [6] NCCL INFO Imported shareable buffer device 6 size 2097152 ptr 0x751f9be00000
furious-puma-1:127996:129057 [0] NCCL INFO Imported shareable buffer device 0 size 10485760 ptr 0x75f061200000
furious-puma-1:128001:129052 [5] NCCL INFO Imported shareable buffer device 5 size 2097152 ptr 0x7047f5e00000
furious-puma-1:128003:129056 [7] NCCL INFO Imported shareable buffer device 7 size 2097152 ptr 0x78f359e00000
furious-puma-1:127998:129058 [2] NCCL INFO Imported shareable buffer device 2 size 10485760 ptr 0x7c7c93400000
furious-puma-1:128000:129053 [4] NCCL INFO UDS converted handle 0x70469001f730 to fd 149 on remote peer 5
furious-puma-1:127999:129051 [3] NCCL INFO UDS converted handle 0x7c7b08045b10 to fd 149 on remote peer 2
furious-puma-1:128002:129055 [6] NCCL INFO UDS converted handle 0x78f1ec021110 to fd 151 on remote peer 7
furious-puma-1:127999:129051 [3] NCCL INFO Imported shareable buffer device 3 size 2097152 ptr 0x7cbd7de00000
furious-puma-1:128001:129052 [5] NCCL INFO UDS converted handle 0x751f5c021110 to fd 151 on remote peer 6
furious-puma-1:128000:129053 [4] NCCL INFO Imported shareable buffer device 4 size 10485760 ptr 0x72e507400000
furious-puma-1:127996:129057 [0] NCCL INFO UDS converted handle 0x78f1ec042c50 to fd 161 on remote peer 7
furious-puma-1:128003:129056 [7] NCCL INFO UDS converted handle 0x75eecc021110 to fd 149 on remote peer 0
furious-puma-1:127998:129058 [2] NCCL INFO UDS converted handle 0x791e38044450 to fd 150 on remote peer 1
furious-puma-1:128002:129055 [6] NCCL INFO Imported shareable buffer device 6 size 10485760 ptr 0x7520ed200000
furious-puma-1:128001:129052 [5] NCCL INFO Imported shareable buffer device 5 size 10485760 ptr 0x70481d200000
furious-puma-1:127997:129054 [1] NCCL INFO UDS converted handle 0x7c7b08021110 to fd 149 on remote peer 2
furious-puma-1:127996:129057 [0] NCCL INFO Imported shareable buffer device 0 size 2097152 ptr 0x75f03dc00000
furious-puma-1:128003:129056 [7] NCCL INFO Imported shareable buffer device 7 size 10485760 ptr 0x78f381200000
furious-puma-1:127997:129054 [1] NCCL INFO Imported shareable buffer device 1 size 10485760 ptr 0x791fc5200000
furious-puma-1:127999:129051 [3] NCCL INFO UDS converted handle 0x72e4a4022af0 to fd 151 on remote peer 4
furious-puma-1:127998:129058 [2] NCCL INFO Imported shareable buffer device 2 size 2097152 ptr 0x7c7c6de00000
furious-puma-1:128003:129056 [7] NCCL INFO UDS converted handle 0x751f5c045b10 to fd 149 on remote peer 6
furious-puma-1:128000:129053 [4] NCCL INFO UDS converted handle 0x7cbc0c044450 to fd 151 on remote peer 3
furious-puma-1:127999:129051 [3] NCCL INFO Imported shareable buffer device 3 size 10485760 ptr 0x7cbc71000000
furious-puma-1:127998:129058 [2] NCCL INFO UDS converted handle 0x7cbc0c021110 to fd 151 on remote peer 3
furious-puma-1:128002:129055 [6] NCCL INFO UDS converted handle 0x704690045b10 to fd 151 on remote peer 5
furious-puma-1:128000:129053 [4] NCCL INFO Imported shareable buffer device 4 size 2097152 ptr 0x72e4e3e00000
furious-puma-1:127996:129057 [0] NCCL INFO UDS converted handle 0x791e3801f730 to fd 160 on remote peer 1
furious-puma-1:127997:129054 [1] NCCL INFO UDS converted handle 0x75eecc045b10 to fd 149 on remote peer 0
furious-puma-1:127998:129058 [2] NCCL INFO Imported shareable buffer device 2 size 10485760 ptr 0x7c7c95200000
furious-puma-1:128001:129052 [5] NCCL INFO UDS converted handle 0x72e4a4045b10 to fd 151 on remote peer 4
furious-puma-1:127997:129054 [1] NCCL INFO Imported shareable buffer device 1 size 2097152 ptr 0x791f9fe00000
furious-puma-1:127996:129057 [0] NCCL INFO Imported shareable buffer device 0 size 10485760 ptr 0x75f063400000
furious-puma-1:128003:129056 [7] NCCL INFO Imported shareable buffer device 7 size 2097152 ptr 0x78f35be00000
furious-puma-1:128000:129053 [4] NCCL INFO UDS converted handle 0x704690021110 to fd 151 on remote peer 5
furious-puma-1:128002:129055 [6] NCCL INFO Imported shareable buffer device 6 size 2097152 ptr 0x7520c9e00000
furious-puma-1:127999:129051 [3] NCCL INFO UDS converted handle 0x7c7b08047310 to fd 151 on remote peer 2
furious-puma-1:128001:129052 [5] NCCL INFO Imported shareable buffer device 5 size 2097152 ptr 0x7047f7e00000
furious-puma-1:128003:129056 [7] NCCL INFO UDS converted handle 0x75eecc022af0 to fd 149 on remote peer 0
furious-puma-1:127998:129058 [2] NCCL INFO UDS converted handle 0x791e38045b10 to fd 151 on remote peer 1
furious-puma-1:128001:129052 [5] NCCL INFO UDS converted handle 0x751f5c022af0 to fd 151 on remote peer 6
furious-puma-1:128000:129053 [4] NCCL INFO Imported shareable buffer device 4 size 10485760 ptr 0x72e635200000
furious-puma-1:127999:129051 [3] NCCL INFO Imported shareable buffer device 3 size 2097152 ptr 0x7cbd7fc00000
furious-puma-1:127996:129057 [0] NCCL INFO UDS converted handle 0x78f1ec044450 to fd 160 on remote peer 7
furious-puma-1:128003:129056 [7] NCCL INFO Imported shareable buffer device 7 size 10485760 ptr 0x78f24b000000
furious-puma-1:127998:129058 [2] NCCL INFO Imported shareable buffer device 2 size 2097152 ptr 0x7c7c6fe00000
furious-puma-1:128001:129052 [5] NCCL INFO Imported shareable buffer device 5 size 10485760 ptr 0x7046ed000000
furious-puma-1:127996:129057 [0] NCCL INFO Imported shareable buffer device 0 size 2097152 ptr 0x75f03de00000
furious-puma-1:128000:129053 [4] NCCL INFO UDS converted handle 0x7cbc0c045b10 to fd 151 on remote peer 3
furious-puma-1:128002:129055 [6] NCCL INFO UDS converted handle 0x78f1ec022af0 to fd 151 on remote peer 7
furious-puma-1:127997:129054 [1] NCCL INFO UDS converted handle 0x7c7b08022af0 to fd 149 on remote peer 2
furious-puma-1:127999:129051 [3] NCCL INFO UDS converted handle 0x72e4a40244d0 to fd 151 on remote peer 4
furious-puma-1:127997:129054 [1] NCCL INFO Imported shareable buffer device 1 size 10485760 ptr 0x791e95000000
furious-puma-1:128002:129055 [6] NCCL INFO Imported shareable buffer device 6 size 10485760 ptr 0x7520f1000000
furious-puma-1:128003:129056 [7] NCCL INFO UDS converted handle 0x751f5c047310 to fd 149 on remote peer 6
furious-puma-1:127999:129051 [3] NCCL INFO Imported shareable buffer device 3 size 10485760 ptr 0x7cbda7000000
furious-puma-1:128000:129053 [4] NCCL INFO Imported shareable buffer device 4 size 2097152 ptr 0x72e611e00000
furious-puma-1:128002:129055 [6] NCCL INFO UDS converted handle 0x704690047310 to fd 151 on remote peer 5
furious-puma-1:127996:129057 [0] NCCL INFO UDS converted handle 0x791e38021110 to fd 160 on remote peer 1
furious-puma-1:128003:129056 [7] NCCL INFO Imported shareable buffer device 7 size 2097152 ptr 0x78f35dc00000
furious-puma-1:127998:129058 [2] NCCL INFO UDS converted handle 0x7cbc0c022af0 to fd 151 on remote peer 3
furious-puma-1:128001:129052 [5] NCCL INFO UDS converted handle 0x72e4a4047310 to fd 151 on remote peer 4
furious-puma-1:127997:129054 [1] NCCL INFO UDS converted handle 0x75eecc047310 to fd 149 on remote peer 0
furious-puma-1:127996:129057 [0] NCCL INFO Imported shareable buffer device 0 size 10485760 ptr 0x75f065200000
furious-puma-1:128002:129055 [6] NCCL INFO Imported shareable buffer device 6 size 2097152 ptr 0x7520cbc00000
furious-puma-1:127999:129051 [3] NCCL INFO UDS converted handle 0x7c7b08048b10 to fd 149 on remote peer 2
furious-puma-1:127998:129058 [2] NCCL INFO Imported shareable buffer device 2 size 10485760 ptr 0x7c7b65000000
furious-puma-1:128000:129053 [4] NCCL INFO UDS converted handle 0x704690022af0 to fd 151 on remote peer 5
furious-puma-1:128001:129052 [5] NCCL INFO Imported shareable buffer device 5 size 2097152 ptr 0x7047f9c00000
furious-puma-1:127997:129054 [1] NCCL INFO Imported shareable buffer device 1 size 2097152 ptr 0x791fa1c00000
furious-puma-1:127996:129057 [0] NCCL INFO UDS converted handle 0x78f1ec045b10 to fd 160 on remote peer 7
furious-puma-1:127998:129058 [2] NCCL INFO UDS converted handle 0x791e38047310 to fd 151 on remote peer 1
furious-puma-1:127996:129057 [0] NCCL INFO Imported shareable buffer device 0 size 2097152 ptr 0x75f03fe00000
furious-puma-1:128003:129056 [7] NCCL INFO UDS converted handle 0x75eecc0244d0 to fd 149 on remote peer 0
furious-puma-1:127999:129051 [3] NCCL INFO Imported shareable buffer device 3 size 2097152 ptr 0x7cbd7fe00000
furious-puma-1:128000:129053 [4] NCCL INFO Imported shareable buffer device 4 size 10485760 ptr 0x72e639000000
furious-puma-1:128001:129052 [5] NCCL INFO UDS converted handle 0x751f5c0244d0 to fd 151 on remote peer 6
furious-puma-1:128000:129053 [4] NCCL INFO UDS converted handle 0x7cbc0c047310 to fd 151 on remote peer 3
furious-puma-1:127997:129054 [1] NCCL INFO UDS converted handle 0x7c7b080244d0 to fd 149 on remote peer 2
furious-puma-1:127998:129058 [2] NCCL INFO Imported shareable buffer device 2 size 2097152 ptr 0x7c7c71c00000
furious-puma-1:128000:129053 [4] NCCL INFO Imported shareable buffer device 4 size 2097152 ptr 0x72e613c00000
furious-puma-1:128003:129056 [7] NCCL INFO Imported shareable buffer device 7 size 10485760 ptr 0x78f385000000
furious-puma-1:128002:129055 [6] NCCL INFO UDS converted handle 0x78f1ec0244d0 to fd 151 on remote peer 7
furious-puma-1:127997:129054 [1] NCCL INFO Imported shareable buffer device 1 size 10485760 ptr 0x791fc9000000
furious-puma-1:128001:129052 [5] NCCL INFO Imported shareable buffer device 5 size 10485760 ptr 0x704821000000
furious-puma-1:127996:129057 [0] NCCL INFO UDS converted handle 0x791e38022af0 to fd 161 on remote peer 1
furious-puma-1:127999:129051 [3] NCCL INFO UDS converted handle 0x72e4a4025eb0 to fd 151 on remote peer 4
furious-puma-1:128002:129055 [6] NCCL INFO Imported shareable buffer device 6 size 10485760 ptr 0x7520f5000000
furious-puma-1:128003:129056 [7] NCCL INFO UDS converted handle 0x751f5c048b10 to fd 149 on remote peer 6
furious-puma-1:127997:129054 [1] NCCL INFO UDS converted handle 0x75eecc048b10 to fd 149 on remote peer 0
furious-puma-1:127999:129051 [3] NCCL INFO Imported shareable buffer device 3 size 10485760 ptr 0x7cbc75000000
furious-puma-1:128000:129053 [4] NCCL INFO UDS converted handle 0x7046900244d0 to fd 151 on remote peer 5
furious-puma-1:127996:129057 [0] NCCL INFO Imported shareable buffer device 0 size 10485760 ptr 0x75ef29000000
furious-puma-1:127998:129058 [2] NCCL INFO UDS converted handle 0x7cbc0c0244d0 to fd 151 on remote peer 3
furious-puma-1:127997:129054 [1] NCCL INFO Imported shareable buffer device 1 size 2097152 ptr 0x791fa1e00000
furious-puma-1:128003:129056 [7] NCCL INFO Imported shareable buffer device 7 size 2097152 ptr 0x78f35de00000
furious-puma-1:128001:129052 [5] NCCL INFO UDS converted handle 0x72e4a4048b10 to fd 151 on remote peer 4
furious-puma-1:128000:129053 [4] NCCL INFO Imported shareable buffer device 4 size 10485760 ptr 0x72e63d000000
furious-puma-1:128001:129052 [5] NCCL INFO Imported shareable buffer device 5 size 2097152 ptr 0x7047f9e00000
furious-puma-1:127998:129058 [2] NCCL INFO Imported shareable buffer device 2 size 10485760 ptr 0x7c7c99000000
furious-puma-1:128002:129055 [6] NCCL INFO UDS converted handle 0x704690048b10 to fd 150 on remote peer 5
furious-puma-1:127999:129051 [3] NCCL INFO UDS converted handle 0x7c7b0804a1d0 to fd 151 on remote peer 2
furious-puma-1:127996:129057 [0] NCCL INFO UDS converted handle 0x78f1ec047310 to fd 161 on remote peer 7
furious-puma-1:128003:129056 [7] NCCL INFO UDS converted handle 0x75eecc025eb0 to fd 149 on remote peer 0
furious-puma-1:128002:129055 [6] NCCL INFO Imported shareable buffer device 6 size 2097152 ptr 0x7520cbe00000
furious-puma-1:128000:129053 [4] NCCL INFO UDS converted handle 0x7cbc0c048b10 to fd 151 on remote peer 3
furious-puma-1:128001:129052 [5] NCCL INFO UDS converted handle 0x751f5c025eb0 to fd 151 on remote peer 6
furious-puma-1:127999:129051 [3] NCCL INFO Imported shareable buffer device 3 size 2097152 ptr 0x7cbc4fa00000
furious-puma-1:128003:129056 [7] NCCL INFO Imported shareable buffer device 7 size 10485760 ptr 0x78f24f000000
furious-puma-1:127998:129058 [2] NCCL INFO UDS converted handle 0x791e38048b10 to fd 150 on remote peer 1
furious-puma-1:127996:129057 [0] NCCL INFO Imported shareable buffer device 0 size 2097152 ptr 0x75f041c00000
furious-puma-1:128001:129052 [5] NCCL INFO Imported shareable buffer device 5 size 10485760 ptr 0x7046f1000000
furious-puma-1:127997:129054 [1] NCCL INFO UDS converted handle 0x7c7b08025eb0 to fd 149 on remote peer 2
furious-puma-1:128000:129053 [4] NCCL INFO Imported shareable buffer device 4 size 2097152 ptr 0x72e613e00000
furious-puma-1:128002:129055 [6] NCCL INFO UDS converted handle 0x78f1ec025eb0 to fd 152 on remote peer 7
furious-puma-1:128003:129056 [7] NCCL INFO UDS converted handle 0x751f5c04a1d0 to fd 149 on remote peer 6
furious-puma-1:127998:129058 [2] NCCL INFO Imported shareable buffer device 2 size 2097152 ptr 0x7c7c71e00000
furious-puma-1:127999:129051 [3] NCCL INFO UDS converted handle 0x72e4a4027890 to fd 151 on remote peer 4
furious-puma-1:128002:129055 [6] NCCL INFO Imported shareable buffer device 6 size 10485760 ptr 0x751fc3000000
furious-puma-1:127996:129057 [0] NCCL INFO UDS converted handle 0x791e380244d0 to fd 160 on remote peer 1
furious-puma-1:127997:129054 [1] NCCL INFO Imported shareable buffer device 1 size 10485760 ptr 0x791e99000000
furious-puma-1:128000:129053 [4] NCCL INFO UDS converted handle 0x704690025eb0 to fd 151 on remote peer 5
furious-puma-1:127996:129057 [0] NCCL INFO Imported shareable buffer device 0 size 10485760 ptr 0x75f069000000
furious-puma-1:128003:129056 [7] NCCL INFO Imported shareable buffer device 7 size 2097152 ptr 0x78f229a00000
furious-puma-1:127999:129051 [3] NCCL INFO Imported shareable buffer device 3 size 10485760 ptr 0x7cbda9200000
furious-puma-1:128001:129052 [5] NCCL INFO UDS converted handle 0x72e4a404a1d0 to fd 152 on remote peer 4
furious-puma-1:127997:129054 [1] NCCL INFO UDS converted handle 0x75eecc04a1d0 to fd 149 on remote peer 0
furious-puma-1:127998:129058 [2] NCCL INFO UDS converted handle 0x7cbc0c025eb0 to fd 151 on remote peer 3
furious-puma-1:128002:129055 [6] NCCL INFO UDS converted handle 0x70469004a1d0 to fd 151 on remote peer 5
furious-puma-1:128000:129053 [4] NCCL INFO Imported shareable buffer device 4 size 10485760 ptr 0x72e50b000000
furious-puma-1:128001:129052 [5] NCCL INFO Imported shareable buffer device 5 size 2097152 ptr 0x7046cba00000
furious-puma-1:127998:129058 [2] NCCL INFO Imported shareable buffer device 2 size 10485760 ptr 0x7c7b69000000
furious-puma-1:128003:129056 [7] NCCL INFO UDS converted handle 0x75eecc027890 to fd 150 on remote peer 0
furious-puma-1:127996:129057 [0] NCCL INFO UDS converted handle 0x78f1ec048b10 to fd 160 on remote peer 7
furious-puma-1:127997:129054 [1] NCCL INFO Imported shareable buffer device 1 size 2097152 ptr 0x791e73a00000
furious-puma-1:128001:129052 [5] NCCL INFO UDS converted handle 0x751f5c027890 to fd 151 on remote peer 6
furious-puma-1:128002:129055 [6] NCCL INFO Imported shareable buffer device 6 size 2097152 ptr 0x7520cfa00000
furious-puma-1:127999:129051 [3] NCCL INFO UDS converted handle 0x7c7b0804b9d0 to fd 151 on remote peer 2
furious-puma-1:128003:129056 [7] NCCL INFO Imported shareable buffer device 7 size 10485760 ptr 0x78f387200000
furious-puma-1:127996:129057 [0] NCCL INFO Imported shareable buffer device 0 size 2097152 ptr 0x75f041e00000
furious-puma-1:128001:129052 [5] NCCL INFO Imported shareable buffer device 5 size 10485760 ptr 0x704823200000
furious-puma-1:127998:129058 [2] NCCL INFO UDS converted handle 0x791e3804a1d0 to fd 151 on remote peer 1
furious-puma-1:128000:129053 [4] NCCL INFO UDS converted handle 0x7cbc0c04a1d0 to fd 151 on remote peer 3
furious-puma-1:127999:129051 [3] NCCL INFO Imported shareable buffer device 3 size 2097152 ptr 0x7cbc4fc00000
furious-puma-1:127998:129058 [2] NCCL INFO Imported shareable buffer device 2 size 2097152 ptr 0x7c7b43a00000
furious-puma-1:128000:129053 [4] NCCL INFO Imported shareable buffer device 4 size 2097152 ptr 0x72e617a00000
furious-puma-1:127997:129054 [1] NCCL INFO UDS converted handle 0x7c7b08027890 to fd 150 on remote peer 2
furious-puma-1:127996:129057 [0] NCCL INFO UDS converted handle 0x791e38025eb0 to fd 160 on remote peer 1
furious-puma-1:128002:129055 [6] NCCL INFO UDS converted handle 0x78f1ec027890 to fd 152 on remote peer 7
furious-puma-1:128003:129056 [7] NCCL INFO UDS converted handle 0x751f5c04b9d0 to fd 149 on remote peer 6
furious-puma-1:128001:129052 [5] NCCL INFO UDS converted handle 0x72e4a404b9d0 to fd 151 on remote peer 4
furious-puma-1:127997:129054 [1] NCCL INFO Imported shareable buffer device 1 size 10485760 ptr 0x791fcb200000
furious-puma-1:127996:129057 [0] NCCL INFO Imported shareable buffer device 0 size 10485760 ptr 0x75ef2d000000
furious-puma-1:128003:129056 [7] NCCL INFO Imported shareable buffer device 7 size 2097152 ptr 0x78f229c00000
furious-puma-1:128002:129055 [6] NCCL INFO Imported shareable buffer device 6 size 10485760 ptr 0x7520f7200000
furious-puma-1:128000:129053 [4] NCCL INFO UDS converted handle 0x704690027890 to fd 151 on remote peer 5
furious-puma-1:127997:129054 [1] NCCL INFO UDS converted handle 0x75eecc04b9d0 to fd 149 on remote peer 0
furious-puma-1:127998:129058 [2] NCCL INFO UDS converted handle 0x7cbc0c027890 to fd 151 on remote peer 3
furious-puma-1:128001:129052 [5] NCCL INFO Imported shareable buffer device 5 size 2097152 ptr 0x7046cbc00000
furious-puma-1:127996:129057 [0] NCCL INFO UDS converted handle 0x78f1ec04a1d0 to fd 160 on remote peer 7
furious-puma-1:127997:129054 [1] NCCL INFO Imported shareable buffer device 1 size 2097152 ptr 0x791e73c00000
furious-puma-1:128000:129053 [4] NCCL INFO Imported shareable buffer device 4 size 10485760 ptr 0x72e63f200000
furious-puma-1:127999:129051 [3] NCCL INFO UDS converted handle 0x72e4a4029270 to fd 151 on remote peer 4
furious-puma-1:127998:129058 [2] NCCL INFO Imported shareable buffer device 2 size 10485760 ptr 0x7c7c9b200000
furious-puma-1:127996:129057 [0] NCCL INFO Imported shareable buffer device 0 size 2097152 ptr 0x75ef07a00000
furious-puma-1:128003:129056 [7] NCCL INFO UDS converted handle 0x75eecc029270 to fd 149 on remote peer 0
furious-puma-1:128001:129052 [5] NCCL INFO UDS converted handle 0x751f5c029270 to fd 151 on remote peer 6
furious-puma-1:128002:129055 [6] NCCL INFO UDS converted handle 0x70469004b9d0 to fd 151 on remote peer 5
furious-puma-1:127999:129051 [3] NCCL INFO Imported shareable buffer device 3 size 10485760 ptr 0x7cbdab200000
furious-puma-1:128000:129053 [4] NCCL INFO UDS converted handle 0x7cbc0c04b9d0 to fd 151 on remote peer 3
furious-puma-1:127997:129054 [1] NCCL INFO UDS converted handle 0x7c7b08029270 to fd 149 on remote peer 2
furious-puma-1:128001:129052 [5] NCCL INFO Imported shareable buffer device 5 size 10485760 ptr 0x704825200000
furious-puma-1:128003:129056 [7] NCCL INFO Imported shareable buffer device 7 size 10485760 ptr 0x78f389200000
furious-puma-1:128000:129053 [4] NCCL INFO Imported shareable buffer device 4 size 2097152 ptr 0x72e617c00000
furious-puma-1:128001:129052 [5] NCCL INFO UDS converted handle 0x72e4a404d1d0 to fd 151 on remote peer 4
furious-puma-1:128001:129052 [5] NCCL INFO Imported shareable buffer device 5 size 2097152 ptr 0x7046cbe00000
furious-puma-1:128002:129055 [6] NCCL INFO Imported shareable buffer device 6 size 2097152 ptr 0x7520cfc00000
furious-puma-1:128003:129056 [7] NCCL INFO UDS converted handle 0x751f5c04d1d0 to fd 149 on remote peer 6
furious-puma-1:127998:129058 [2] NCCL INFO UDS converted handle 0x791e3804b9d0 to fd 151 on remote peer 1
furious-puma-1:127997:129054 [1] NCCL INFO Imported shareable buffer device 1 size 10485760 ptr 0x791fcd200000
furious-puma-1:127999:129051 [3] NCCL INFO UDS converted handle 0x7c7b0804d1d0 to fd 151 on remote peer 2
furious-puma-1:127996:129057 [0] NCCL INFO UDS converted handle 0x791e38027890 to fd 159 on remote peer 1
furious-puma-1:128000:129053 [4] NCCL INFO UDS converted handle 0x704690029270 to fd 151 on remote peer 5
furious-puma-1:128003:129056 [7] NCCL INFO Imported shareable buffer device 7 size 2097152 ptr 0x78f229e00000
furious-puma-1:127998:129058 [2] NCCL INFO Imported shareable buffer device 2 size 2097152 ptr 0x7c7b43c00000
furious-puma-1:128002:129055 [6] NCCL INFO UDS converted handle 0x78f1ec029270 to fd 152 on remote peer 7
furious-puma-1:127996:129057 [0] NCCL INFO Imported shareable buffer device 0 size 10485760 ptr 0x75f06b200000
furious-puma-1:128001:129052 [5] NCCL INFO UDS converted handle 0x751f5c02ac50 to fd 151 on remote peer 6
furious-puma-1:127998:129058 [2] NCCL INFO UDS converted handle 0x7cbc0c029270 to fd 151 on remote peer 3
furious-puma-1:128000:129053 [4] NCCL INFO Imported shareable buffer device 4 size 10485760 ptr 0x72e641200000
furious-puma-1:127999:129051 [3] NCCL INFO Imported shareable buffer device 3 size 2097152 ptr 0x7cbc4fe00000
furious-puma-1:128002:129055 [6] NCCL INFO Imported shareable buffer device 6 size 10485760 ptr 0x7520f9200000
furious-puma-1:127998:129058 [2] NCCL INFO Imported shareable buffer device 2 size 10485760 ptr 0x7c7c9d200000
furious-puma-1:127997:129054 [1] NCCL INFO UDS converted handle 0x75eecc04d1d0 to fd 149 on remote peer 0
furious-puma-1:128001:129052 [5] NCCL INFO Imported shareable buffer device 5 size 10485760 ptr 0x704829000000
furious-puma-1:127996:129057 [0] NCCL INFO UDS converted handle 0x78f1ec04b9d0 to fd 160 on remote peer 7
furious-puma-1:127996:129057 [0] NCCL INFO Imported shareable buffer device 0 size 2097152 ptr 0x75ef07c00000
furious-puma-1:127997:129054 [1] NCCL INFO Imported shareable buffer device 1 size 2097152 ptr 0x791e73e00000
furious-puma-1:128003:129056 [7] NCCL INFO UDS converted handle 0x75eecc02ac50 to fd 149 on remote peer 0
furious-puma-1:128000:129053 [4] NCCL INFO UDS converted handle 0x7cbc0c04d1d0 to fd 151 on remote peer 3
furious-puma-1:127999:129051 [3] NCCL INFO UDS converted handle 0x72e4a402ac50 to fd 151 on remote peer 4
furious-puma-1:128002:129055 [6] NCCL INFO UDS converted handle 0x70469004d1d0 to fd 151 on remote peer 5
furious-puma-1:128000:129053 [4] NCCL INFO Imported shareable buffer device 4 size 2097152 ptr 0x72e617e00000
furious-puma-1:127998:129058 [2] NCCL INFO UDS converted handle 0x791e3804d1d0 to fd 151 on remote peer 1
furious-puma-1:128003:129056 [7] NCCL INFO Imported shareable buffer device 7 size 10485760 ptr 0x78f38d000000
furious-puma-1:128002:129055 [6] NCCL INFO Imported shareable buffer device 6 size 2097152 ptr 0x7520cfe00000
furious-puma-1:127999:129051 [3] NCCL INFO Imported shareable buffer device 3 size 10485760 ptr 0x7cbdaf000000
furious-puma-1:127997:129054 [1] NCCL INFO UDS converted handle 0x7c7b0802ac50 to fd 149 on remote peer 2
furious-puma-1:127998:129058 [2] NCCL INFO Imported shareable buffer device 2 size 2097152 ptr 0x7c7b43e00000
furious-puma-1:128001:129052 [5] NCCL INFO UDS converted handle 0x72e4a404e890 to fd 151 on remote peer 4
furious-puma-1:128000:129053 [4] NCCL INFO UDS converted handle 0x70469002ac50 to fd 151 on remote peer 5
furious-puma-1:127996:129057 [0] NCCL INFO UDS converted handle 0x791e38029270 to fd 160 on remote peer 1
furious-puma-1:128003:129056 [7] NCCL INFO UDS converted handle 0x751f5c04e890 to fd 149 on remote peer 6
furious-puma-1:128001:129052 [5] NCCL INFO Imported shareable buffer device 5 size 2097152 ptr 0x7047fda00000
furious-puma-1:127997:129054 [1] NCCL INFO Imported shareable buffer device 1 size 10485760 ptr 0x791fd1000000
furious-puma-1:128002:129055 [6] NCCL INFO UDS converted handle 0x78f1ec02ac50 to fd 151 on remote peer 7
furious-puma-1:127999:129051 [3] NCCL INFO UDS converted handle 0x7c7b0804e890 to fd 151 on remote peer 2
furious-puma-1:128003:129056 [7] NCCL INFO Imported shareable buffer device 7 size 2097152 ptr 0x78f361a00000
furious-puma-1:128000:129053 [4] NCCL INFO Imported shareable buffer device 4 size 10485760 ptr 0x72e50f000000
furious-puma-1:127996:129057 [0] NCCL INFO Imported shareable buffer device 0 size 10485760 ptr 0x75f06d200000
furious-puma-1:127998:129058 [2] NCCL INFO UDS converted handle 0x7cbc0c02ac50 to fd 151 on remote peer 3
furious-puma-1:127999:129051 [3] NCCL INFO Imported shareable buffer device 3 size 2097152 ptr 0x7cbd83a00000
furious-puma-1:128002:129055 [6] NCCL INFO Imported shareable buffer device 6 size 10485760 ptr 0x751fc7000000
furious-puma-1:127997:129054 [1] NCCL INFO UDS converted handle 0x75eecc04e890 to fd 149 on remote peer 0
furious-puma-1:128000:129053 [4] NCCL INFO UDS converted handle 0x7cbc0c04e890 to fd 151 on remote peer 3
furious-puma-1:128002:129055 [6] NCCL INFO UDS converted handle 0x70469004e890 to fd 152 on remote peer 5
furious-puma-1:127998:129058 [2] NCCL INFO Imported shareable buffer device 2 size 10485760 ptr 0x7c7ca1000000
furious-puma-1:128001:129052 [5] NCCL INFO UDS converted handle 0x751f5c02c630 to fd 151 on remote peer 6
furious-puma-1:128003:129056 [7] NCCL INFO UDS converted handle 0x75eecc02c630 to fd 149 on remote peer 0
furious-puma-1:127997:129054 [1] NCCL INFO Imported shareable buffer device 1 size 2097152 ptr 0x791fa5a00000
furious-puma-1:128000:129053 [4] NCCL INFO Imported shareable buffer device 4 size 2097152 ptr 0x72e4e7a00000
furious-puma-1:127998:129058 [2] NCCL INFO UDS converted handle 0x791e3804e890 to fd 151 on remote peer 1
furious-puma-1:127999:129051 [3] NCCL INFO UDS converted handle 0x72e4a402c630 to fd 151 on remote peer 4
furious-puma-1:128003:129056 [7] NCCL INFO Imported shareable buffer device 7 size 10485760 ptr 0x78f253000000
furious-puma-1:128001:129052 [5] NCCL INFO Imported shareable buffer device 5 size 10485760 ptr 0x7046f5000000
furious-puma-1:127996:129057 [0] NCCL INFO UDS converted handle 0x78f1ec04d1d0 to fd 160 on remote peer 7
furious-puma-1:128002:129055 [6] NCCL INFO Imported shareable buffer device 6 size 2097152 ptr 0x751f9fa00000
furious-puma-1:127997:129054 [1] NCCL INFO UDS converted handle 0x7c7b0802c630 to fd 149 on remote peer 2
furious-puma-1:127999:129051 [3] NCCL INFO Imported shareable buffer device 3 size 10485760 ptr 0x7cbc79000000
furious-puma-1:128000:129053 [4] NCCL INFO UDS converted handle 0x70469002c630 to fd 149 on remote peer 5
furious-puma-1:128000:129053 [4] NCCL INFO Imported shareable buffer device 4 size 10485760 ptr 0x72e645000000
furious-puma-1:127996:129057 [0] NCCL INFO Imported shareable buffer device 0 size 2097152 ptr 0x75ef07e00000
furious-puma-1:127998:129058 [2] NCCL INFO Imported shareable buffer device 2 size 2097152 ptr 0x7c7c75a00000
furious-puma-1:127997:129054 [1] NCCL INFO Imported shareable buffer device 1 size 10485760 ptr 0x791e9d000000
furious-puma-1:127999:129051 [3] NCCL INFO UDS converted handle 0x7c7b08050090 to fd 151 on remote peer 2
furious-puma-1:128001:129052 [5] NCCL INFO UDS converted handle 0x72e4a4050090 to fd 151 on remote peer 4
furious-puma-1:128003:129056 [7] NCCL INFO UDS converted handle 0x751f5c050090 to fd 149 on remote peer 6
furious-puma-1:127997:129054 [1] NCCL INFO UDS converted handle 0x75eecc050090 to fd 149 on remote peer 0
furious-puma-1:128002:129055 [6] NCCL INFO UDS converted handle 0x78f1ec02c630 to fd 151 on remote peer 7
furious-puma-1:128003:129056 [7] NCCL INFO Imported shareable buffer device 7 size 2097152 ptr 0x78f361c00000
furious-puma-1:128001:129052 [5] NCCL INFO Imported shareable buffer device 5 size 2097152 ptr 0x7047fdc00000
furious-puma-1:127996:129057 [0] NCCL INFO UDS converted handle 0x791e3802ac50 to fd 160 on remote peer 1
furious-puma-1:127999:129051 [3] NCCL INFO Imported shareable buffer device 3 size 2097152 ptr 0x7cbd83c00000
furious-puma-1:128002:129055 [6] NCCL INFO Imported shareable buffer device 6 size 10485760 ptr 0x7520fd000000
furious-puma-1:128000:129053 [4] NCCL INFO UDS converted handle 0x7cbc0c050090 to fd 151 on remote peer 3
furious-puma-1:127996:129057 [0] NCCL INFO Imported shareable buffer device 0 size 10485760 ptr 0x75f071000000
furious-puma-1:127997:129054 [1] NCCL INFO Imported shareable buffer device 1 size 2097152 ptr 0x791fa5c00000
furious-puma-1:128003:129056 [7] NCCL INFO UDS converted handle 0x75eecc02e010 to fd 149 on remote peer 0
furious-puma-1:128003:129056 [7] NCCL INFO Imported shareable buffer device 7 size 10485760 ptr 0x78f257000000
furious-puma-1:127999:129051 [3] NCCL INFO UDS converted handle 0x72e4a402e010 to fd 151 on remote peer 4
furious-puma-1:128001:129052 [5] NCCL INFO UDS converted handle 0x751f5c02e010 to fd 151 on remote peer 6
furious-puma-1:128000:129053 [4] NCCL INFO Imported shareable buffer device 4 size 2097152 ptr 0x72e4e7c00000
furious-puma-1:128002:129055 [6] NCCL INFO UDS converted handle 0x704690050090 to fd 151 on remote peer 5
furious-puma-1:128001:129052 [5] NCCL INFO Imported shareable buffer device 5 size 10485760 ptr 0x7046f9000000
furious-puma-1:127999:129051 [3] NCCL INFO Imported shareable buffer device 3 size 10485760 ptr 0x7cbc7d000000
furious-puma-1:127998:129058 [2] NCCL INFO UDS converted handle 0x7cbc0c02c630 to fd 151 on remote peer 3
furious-puma-1:127997:129054 [1] NCCL INFO UDS converted handle 0x7c7b0802e010 to fd 149 on remote peer 2
furious-puma-1:128002:129055 [6] NCCL INFO Imported shareable buffer device 6 size 2097152 ptr 0x751f9fc00000
furious-puma-1:128003:129056 [7] NCCL INFO UDS converted handle 0x751f5c051890 to fd 150 on remote peer 6
furious-puma-1:127996:129057 [0] NCCL INFO UDS converted handle 0x78f1ec04e890 to fd 160 on remote peer 7
furious-puma-1:127998:129058 [2] NCCL INFO Imported shareable buffer device 2 size 10485760 ptr 0x7c7b6d000000
furious-puma-1:128000:129053 [4] NCCL INFO UDS converted handle 0x70469002e010 to fd 151 on remote peer 5
furious-puma-1:128003:129056 [7] NCCL INFO Imported shareable buffer device 7 size 2097152 ptr 0x78f361e00000
furious-puma-1:127996:129057 [0] NCCL INFO Imported shareable buffer device 0 size 2097152 ptr 0x75f045a00000
furious-puma-1:127997:129054 [1] NCCL INFO Imported shareable buffer device 1 size 10485760 ptr 0x791ea1000000
furious-puma-1:128001:129052 [5] NCCL INFO UDS converted handle 0x72e4a4051890 to fd 151 on remote peer 4
furious-puma-1:128000:129053 [4] NCCL INFO Imported shareable buffer device 4 size 10485760 ptr 0x72e513000000
furious-puma-1:127999:129051 [3] NCCL INFO UDS converted handle 0x7c7b08051890 to fd 149 on remote peer 2
furious-puma-1:128000:129053 [4] NCCL INFO UDS converted handle 0x7cbc0c051890 to fd 151 on remote peer 3
furious-puma-1:128001:129052 [5] NCCL INFO Imported shareable buffer device 5 size 2097152 ptr 0x7047fde00000
furious-puma-1:128002:129055 [6] NCCL INFO UDS converted handle 0x78f1ec02e010 to fd 150 on remote peer 7
furious-puma-1:127999:129051 [3] NCCL INFO Imported shareable buffer device 3 size 2097152 ptr 0x7cbd83e00000
furious-puma-1:128000:129053 [4] NCCL INFO Imported shareable buffer device 4 size 2097152 ptr 0x72e4e7e00000
furious-puma-1:127997:129054 [1] NCCL INFO UDS converted handle 0x75eecc051890 to fd 150 on remote peer 0
furious-puma-1:128002:129055 [6] NCCL INFO Imported shareable buffer device 6 size 10485760 ptr 0x751fcb000000
furious-puma-1:127998:129058 [2] NCCL INFO UDS converted handle 0x791e38050090 to fd 151 on remote peer 1
furious-puma-1:128002:129055 [6] NCCL INFO UDS converted handle 0x704690051890 to fd 151 on remote peer 5
furious-puma-1:128002:129055 [6] NCCL INFO Imported shareable buffer device 6 size 2097152 ptr 0x751f9fe00000
furious-puma-1:127997:129054 [1] NCCL INFO Imported shareable buffer device 1 size 2097152 ptr 0x791fa5e00000
furious-puma-1:127998:129058 [2] NCCL INFO Imported shareable buffer device 2 size 2097152 ptr 0x7c7c75c00000
furious-puma-1:127996:129057 [0] NCCL INFO UDS converted handle 0x791e3802c630 to fd 160 on remote peer 1
furious-puma-1:127998:129058 [2] NCCL INFO UDS converted handle 0x7cbc0c02e010 to fd 151 on remote peer 3
furious-puma-1:127996:129057 [0] NCCL INFO Imported shareable buffer device 0 size 10485760 ptr 0x75ef31000000
furious-puma-1:127998:129058 [2] NCCL INFO Imported shareable buffer device 2 size 10485760 ptr 0x7c7b71000000
furious-puma-1:127996:129057 [0] NCCL INFO UDS converted handle 0x78f1ec050090 to fd 160 on remote peer 7
furious-puma-1:127998:129058 [2] NCCL INFO UDS converted handle 0x791e38051890 to fd 151 on remote peer 1
furious-puma-1:127996:129057 [0] NCCL INFO Imported shareable buffer device 0 size 2097152 ptr 0x75f045c00000
furious-puma-1:127998:129058 [2] NCCL INFO Imported shareable buffer device 2 size 2097152 ptr 0x7c7c75e00000
furious-puma-1:127996:129057 [0] NCCL INFO UDS converted handle 0x791e3802e010 to fd 160 on remote peer 1
furious-puma-1:127996:129057 [0] NCCL INFO Imported shareable buffer device 0 size 10485760 ptr 0x75ef35000000
furious-puma-1:127996:129057 [0] NCCL INFO UDS converted handle 0x78f1ec051890 to fd 160 on remote peer 7
furious-puma-1:127996:129057 [0] NCCL INFO Imported shareable buffer device 0 size 2097152 ptr 0x75f045e00000
furious-puma-1:127999:129051 [3] NCCL INFO Connected all rings, use ring PXN 0 GDR 1
furious-puma-1:127998:129058 [2] NCCL INFO Connected all rings, use ring PXN 0 GDR 1
furious-puma-1:128002:129055 [6] NCCL INFO Connected all rings, use ring PXN 0 GDR 1
furious-puma-1:127997:129054 [1] NCCL INFO Connected all rings, use ring PXN 0 GDR 1
furious-puma-1:127996:129057 [0] NCCL INFO Connected all rings, use ring PXN 0 GDR 1
furious-puma-1:128001:129052 [5] NCCL INFO Connected all rings, use ring PXN 0 GDR 1
furious-puma-1:128003:129056 [7] NCCL INFO Connected all rings, use ring PXN 0 GDR 1
furious-puma-1:128000:129053 [4] NCCL INFO Connected all rings, use ring PXN 0 GDR 1
***** Running training *****
  Num examples = 3,200
  Num Epochs = 10
  Instantaneous batch size per device = 4
  Total train batch size (w. parallel, distributed & accumulation) = 32
  Gradient Accumulation steps = 1
  Total optimization steps = 1,000
  Number of trainable parameters = 3,212,749,824
Automatic Weights & Biases logging enabled, to disable set os.environ["WANDB_DISABLED"] = "true"
wandb: Currently logged in as: alishafique3 (alishafique3-kstate) to https://api.wandb.ai. Use `wandb login --relogin` to force relogin
wandb: setting up run om4ivsuk
wandb: Tracking run with wandb version 0.23.0
wandb: Run data is saved locally in /home/ubuntu/trl/wandb/run-20251127_040214-om4ivsuk
wandb: Run `wandb offline` to turn off syncing.
wandb: Syncing run phd_deepspeed_zero1_8_bs_4_3b_20251127_040133
wandb: ⭐️ View project at https://wandb.ai/alishafique3-kstate/phd_deepspeed_zero1_8_bs_4_3b
wandb: 🚀 View run at https://wandb.ai/alishafique3-kstate/phd_deepspeed_zero1_8_bs_4_3b/runs/om4ivsuk
  0%|          | 0/1000 [00:00<?, ?it/s]furious-puma-1:127998:129520 [2] NCCL INFO NVLS comm 0x70ed71c0 headRank 2 nHeads 8 nvlsRanks 8 buffSize 1048576 nvlsPerRankSize 33554432 nvlsTotalSize 268435456
furious-puma-1:128001:129521 [5] NCCL INFO NVLS comm 0x61e20c30 headRank 5 nHeads 8 nvlsRanks 8 buffSize 1048576 nvlsPerRankSize 33554432 nvlsTotalSize 268435456
furious-puma-1:128002:129522 [6] NCCL INFO NVLS comm 0x673b2890 headRank 6 nHeads 8 nvlsRanks 8 buffSize 1048576 nvlsPerRankSize 33554432 nvlsTotalSize 268435456
furious-puma-1:128003:129523 [7] NCCL INFO NVLS comm 0x5ade3c50 headRank 7 nHeads 8 nvlsRanks 8 buffSize 1048576 nvlsPerRankSize 33554432 nvlsTotalSize 268435456
furious-puma-1:127999:129524 [3] NCCL INFO NVLS comm 0x670cd9a0 headRank 3 nHeads 8 nvlsRanks 8 buffSize 1048576 nvlsPerRankSize 33554432 nvlsTotalSize 268435456
furious-puma-1:127997:129525 [1] NCCL INFO NVLS comm 0x683451f0 headRank 1 nHeads 8 nvlsRanks 8 buffSize 1048576 nvlsPerRankSize 33554432 nvlsTotalSize 268435456
furious-puma-1:128000:129526 [4] NCCL INFO NVLS comm 0x709d6a90 headRank 4 nHeads 8 nvlsRanks 8 buffSize 1048576 nvlsPerRankSize 33554432 nvlsTotalSize 268435456
furious-puma-1:127996:129527 [0] NCCL INFO NVLS comm 0x67251640 headRank 0 nHeads 8 nvlsRanks 8 buffSize 1048576 nvlsPerRankSize 33554432 nvlsTotalSize 268435456
  0%|          | 1/1000 [00:00<14:38,  1.14it/s]  0%|          | 2/1000 [00:01<09:07,  1.82it/s]  0%|          | 3/1000 [00:01<07:19,  2.27it/s]  0%|          | 4/1000 [00:01<06:29,  2.56it/s]  0%|          | 5/1000 [00:02<05:57,  2.78it/s]  1%|          | 6/1000 [00:02<05:35,  2.96it/s]  1%|          | 7/1000 [00:02<05:25,  3.05it/s]  1%|          | 8/1000 [00:03<05:18,  3.11it/s]  1%|          | 9/1000 [00:03<05:08,  3.22it/s]  1%|          | 10/1000 [00:03<04:53,  3.37it/s]                                                 {'loss': 1.5556, 'grad_norm': 59.936004638671875, 'learning_rate': 1.982e-05, 'entropy': 1.32265625, 'num_tokens': 34068.0, 'mean_token_accuracy': 0.6784899353981018, 'epoch': 0.1}
  1%|          | 10/1000 [00:03<04:53,  3.37it/s]  1%|          | 11/1000 [00:03<04:45,  3.47it/s]  1%|          | 12/1000 [00:04<04:38,  3.55it/s]  1%|▏         | 13/1000 [00:04<04:32,  3.62it/s]  1%|▏         | 14/1000 [00:04<04:39,  3.52it/s]  2%|▏         | 15/1000 [00:04<04:36,  3.57it/s]  2%|▏         | 16/1000 [00:05<04:29,  3.65it/s]  2%|▏         | 17/1000 [00:05<04:26,  3.69it/s]  2%|▏         | 18/1000 [00:05<04:24,  3.71it/s]  2%|▏         | 19/1000 [00:06<04:22,  3.73it/s]  2%|▏         | 20/1000 [00:06<04:21,  3.74it/s]                                                 {'loss': 1.1101, 'grad_norm': 7.344086170196533, 'learning_rate': 1.9620000000000002e-05, 'entropy': 1.11796875, 'num_tokens': 66007.0, 'mean_token_accuracy': 0.7299968898296356, 'epoch': 0.2}
  2%|▏         | 20/1000 [00:06<04:21,  3.74it/s]  2%|▏         | 21/1000 [00:06<04:20,  3.76it/s]  2%|▏         | 22/1000 [00:06<04:19,  3.77it/s]  2%|▏         | 23/1000 [00:07<04:18,  3.77it/s]  2%|▏         | 24/1000 [00:07<04:23,  3.71it/s]  2%|▎         | 25/1000 [00:07<04:20,  3.74it/s]  3%|▎         | 26/1000 [00:07<04:19,  3.75it/s]  3%|▎         | 27/1000 [00:08<04:18,  3.77it/s]  3%|▎         | 28/1000 [00:08<04:17,  3.78it/s]  3%|▎         | 29/1000 [00:08<04:13,  3.83it/s]  3%|▎         | 30/1000 [00:08<04:13,  3.83it/s]                                                 {'loss': 1.0426, 'grad_norm': 2.498424530029297, 'learning_rate': 1.942e-05, 'entropy': 1.05, 'num_tokens': 98022.0, 'mean_token_accuracy': 0.7394185781478881, 'epoch': 0.3}
  3%|▎         | 30/1000 [00:08<04:13,  3.83it/s]  3%|▎         | 31/1000 [00:09<04:15,  3.79it/s]  3%|▎         | 32/1000 [00:09<04:15,  3.79it/s]  3%|▎         | 33/1000 [00:09<04:14,  3.80it/s]  3%|▎         | 34/1000 [00:09<04:13,  3.82it/s]  4%|▎         | 35/1000 [00:10<04:14,  3.79it/s]  4%|▎         | 36/1000 [00:10<04:13,  3.81it/s]  4%|▎         | 37/1000 [00:10<04:15,  3.77it/s]  4%|▍         | 38/1000 [00:11<04:13,  3.80it/s]  4%|▍         | 39/1000 [00:11<04:11,  3.81it/s]  4%|▍         | 40/1000 [00:11<04:11,  3.82it/s]                                                 {'loss': 1.0838, 'grad_norm': 2.6764450073242188, 'learning_rate': 1.9220000000000002e-05, 'entropy': 1.0296875, 'num_tokens': 132660.0, 'mean_token_accuracy': 0.7270321130752564, 'epoch': 0.4}
  4%|▍         | 40/1000 [00:11<04:11,  3.82it/s]  4%|▍         | 41/1000 [00:11<04:11,  3.81it/s]  4%|▍         | 42/1000 [00:12<04:12,  3.80it/s]  4%|▍         | 43/1000 [00:12<04:12,  3.79it/s]  4%|▍         | 44/1000 [00:12<04:12,  3.79it/s]  4%|▍         | 45/1000 [00:12<04:09,  3.82it/s]  5%|▍         | 46/1000 [00:13<04:11,  3.80it/s]  5%|▍         | 47/1000 [00:13<04:12,  3.77it/s]  5%|▍         | 48/1000 [00:13<04:15,  3.72it/s]  5%|▍         | 49/1000 [00:13<04:15,  3.72it/s]  5%|▌         | 50/1000 [00:14<04:12,  3.77it/s]                                                 {'loss': 1.0747, 'grad_norm': 2.5927281379699707, 'learning_rate': 1.902e-05, 'entropy': 1.02734375, 'num_tokens': 166188.0, 'mean_token_accuracy': 0.7289454579353333, 'epoch': 0.5}
  5%|▌         | 50/1000 [00:14<04:12,  3.77it/s]  5%|▌         | 51/1000 [00:14<04:10,  3.78it/s]  5%|▌         | 52/1000 [00:14<04:10,  3.79it/s]  5%|▌         | 53/1000 [00:15<04:19,  3.65it/s]  5%|▌         | 54/1000 [00:15<04:14,  3.72it/s]  6%|▌         | 55/1000 [00:15<04:09,  3.79it/s]  6%|▌         | 56/1000 [00:15<04:05,  3.85it/s]  6%|▌         | 57/1000 [00:16<04:05,  3.84it/s]  6%|▌         | 58/1000 [00:16<04:07,  3.81it/s]  6%|▌         | 59/1000 [00:16<04:07,  3.81it/s]  6%|▌         | 60/1000 [00:16<04:06,  3.82it/s]                                                 {'loss': 1.0467, 'grad_norm': 2.499906539916992, 'learning_rate': 1.882e-05, 'entropy': 1.0, 'num_tokens': 199528.0, 'mean_token_accuracy': 0.73602254986763, 'epoch': 0.6}
  6%|▌         | 60/1000 [00:16<04:06,  3.82it/s]  6%|▌         | 61/1000 [00:17<04:05,  3.82it/s]  6%|▌         | 62/1000 [00:17<04:06,  3.80it/s]  6%|▋         | 63/1000 [00:17<04:13,  3.70it/s]  6%|▋         | 64/1000 [00:17<04:09,  3.75it/s]  6%|▋         | 65/1000 [00:18<04:04,  3.82it/s]  7%|▋         | 66/1000 [00:18<04:03,  3.83it/s]  7%|▋         | 67/1000 [00:18<04:00,  3.88it/s]  7%|▋         | 68/1000 [00:18<04:00,  3.88it/s]  7%|▋         | 69/1000 [00:19<03:59,  3.88it/s]  7%|▋         | 70/1000 [00:19<03:58,  3.90it/s]                                                 {'loss': 1.0319, 'grad_norm': 2.2962265014648438, 'learning_rate': 1.862e-05, 'entropy': 0.996875, 'num_tokens': 232373.0, 'mean_token_accuracy': 0.7351620912551879, 'epoch': 0.7}
  7%|▋         | 70/1000 [00:19<03:58,  3.90it/s]  7%|▋         | 71/1000 [00:19<04:00,  3.87it/s]  7%|▋         | 72/1000 [00:19<04:07,  3.75it/s]  7%|▋         | 73/1000 [00:20<04:06,  3.77it/s]  7%|▋         | 74/1000 [00:20<04:05,  3.78it/s]  8%|▊         | 75/1000 [00:20<04:04,  3.79it/s]  8%|▊         | 76/1000 [00:21<04:01,  3.83it/s]  8%|▊         | 77/1000 [00:21<03:58,  3.87it/s]  8%|▊         | 78/1000 [00:21<03:58,  3.87it/s]  8%|▊         | 79/1000 [00:21<03:55,  3.91it/s]  8%|▊         | 80/1000 [00:22<03:54,  3.92it/s]                                                 {'loss': 1.0264, 'grad_norm': 2.317176103591919, 'learning_rate': 1.8420000000000003e-05, 'entropy': 0.98359375, 'num_tokens': 265204.0, 'mean_token_accuracy': 0.7382939517498016, 'epoch': 0.8}
  8%|▊         | 80/1000 [00:22<03:54,  3.92it/s]  8%|▊         | 81/1000 [00:22<03:54,  3.92it/s]  8%|▊         | 82/1000 [00:22<03:53,  3.92it/s]  8%|▊         | 83/1000 [00:22<03:55,  3.90it/s]  8%|▊         | 84/1000 [00:23<03:54,  3.91it/s]  8%|▊         | 85/1000 [00:23<03:53,  3.92it/s]  9%|▊         | 86/1000 [00:23<03:52,  3.93it/s]  9%|▊         | 87/1000 [00:23<03:53,  3.91it/s]  9%|▉         | 88/1000 [00:24<03:53,  3.91it/s]  9%|▉         | 89/1000 [00:24<03:52,  3.91it/s]  9%|▉         | 90/1000 [00:24<03:55,  3.86it/s]                                                 {'loss': 1.0979, 'grad_norm': 2.1684365272521973, 'learning_rate': 1.8220000000000002e-05, 'entropy': 1.0546875, 'num_tokens': 298785.0, 'mean_token_accuracy': 0.7251946747303009, 'epoch': 0.9}
  9%|▉         | 90/1000 [00:24<03:55,  3.86it/s]  9%|▉         | 91/1000 [00:24<03:54,  3.88it/s]  9%|▉         | 92/1000 [00:25<03:55,  3.86it/s]  9%|▉         | 93/1000 [00:25<03:53,  3.88it/s]  9%|▉         | 94/1000 [00:25<03:52,  3.90it/s] 10%|▉         | 95/1000 [00:25<03:51,  3.91it/s] 10%|▉         | 96/1000 [00:26<03:50,  3.92it/s] 10%|▉         | 97/1000 [00:26<03:52,  3.88it/s] 10%|▉         | 98/1000 [00:26<03:51,  3.90it/s] 10%|▉         | 99/1000 [00:26<03:50,  3.92it/s] 10%|█         | 100/1000 [00:27<03:50,  3.91it/s]                                                  {'loss': 1.0381, 'grad_norm': 2.206331253051758, 'learning_rate': 1.802e-05, 'entropy': 0.9921875, 'num_tokens': 332170.0, 'mean_token_accuracy': 0.7404620349407196, 'epoch': 1.0}
 10%|█         | 100/1000 [00:27<03:50,  3.91it/s] 10%|█         | 101/1000 [00:27<03:49,  3.92it/s] 10%|█         | 102/1000 [00:27<03:49,  3.91it/s] 10%|█         | 103/1000 [00:27<03:48,  3.93it/s] 10%|█         | 104/1000 [00:28<03:48,  3.92it/s] 10%|█         | 105/1000 [00:28<03:47,  3.93it/s] 11%|█         | 106/1000 [00:28<03:46,  3.94it/s] 11%|█         | 107/1000 [00:28<03:47,  3.93it/s] 11%|█         | 108/1000 [00:29<03:46,  3.93it/s] 11%|█         | 109/1000 [00:29<03:46,  3.93it/s] 11%|█         | 110/1000 [00:29<03:54,  3.79it/s]                                                  {'loss': 0.5632, 'grad_norm': 2.652881145477295, 'learning_rate': 1.7820000000000002e-05, 'entropy': 0.6291015625, 'num_tokens': 366103.0, 'mean_token_accuracy': 0.8460335731506348, 'epoch': 1.1}
 11%|█         | 110/1000 [00:29<03:54,  3.79it/s] 11%|█         | 111/1000 [00:30<03:54,  3.80it/s] 11%|█         | 112/1000 [00:30<03:42,  3.99it/s] 11%|█▏        | 113/1000 [00:30<03:42,  3.98it/s] 11%|█▏        | 114/1000 [00:30<03:45,  3.93it/s] 12%|█▏        | 115/1000 [00:31<03:46,  3.91it/s] 12%|█▏        | 116/1000 [00:31<03:45,  3.93it/s] 12%|█▏        | 117/1000 [00:31<03:42,  3.97it/s] 12%|█▏        | 118/1000 [00:31<03:41,  3.98it/s] 12%|█▏        | 119/1000 [00:32<03:41,  3.97it/s] 12%|█▏        | 120/1000 [00:32<03:41,  3.97it/s]                                                  {'loss': 0.5257, 'grad_norm': 2.086846351623535, 'learning_rate': 1.762e-05, 'entropy': 0.5359375, 'num_tokens': 399611.0, 'mean_token_accuracy': 0.8528257131576538, 'epoch': 1.2}
 12%|█▏        | 120/1000 [00:32<03:41,  3.97it/s] 12%|█▏        | 121/1000 [00:32<03:41,  3.96it/s] 12%|█▏        | 122/1000 [00:32<03:42,  3.94it/s] 12%|█▏        | 123/1000 [00:33<03:42,  3.94it/s] 12%|█▏        | 124/1000 [00:33<03:30,  4.16it/s] 12%|█▎        | 125/1000 [00:33<03:33,  4.11it/s] 13%|█▎        | 126/1000 [00:33<03:36,  4.04it/s] 13%|█▎        | 127/1000 [00:33<03:37,  4.02it/s] 13%|█▎        | 128/1000 [00:34<03:39,  3.97it/s] 13%|█▎        | 129/1000 [00:34<03:40,  3.95it/s] 13%|█▎        | 130/1000 [00:34<03:40,  3.95it/s]                                                  {'loss': 0.5351, 'grad_norm': 2.1677393913269043, 'learning_rate': 1.7420000000000003e-05, 'entropy': 0.5640625, 'num_tokens': 433049.0, 'mean_token_accuracy': 0.8512012302875519, 'epoch': 1.3}
 13%|█▎        | 130/1000 [00:34<03:40,  3.95it/s] 13%|█▎        | 131/1000 [00:35<03:45,  3.86it/s] 13%|█▎        | 132/1000 [00:35<03:43,  3.88it/s] 13%|█▎        | 133/1000 [00:35<03:42,  3.89it/s] 13%|█▎        | 134/1000 [00:35<03:41,  3.90it/s] 14%|█▎        | 135/1000 [00:36<03:40,  3.92it/s] 14%|█▎        | 136/1000 [00:36<03:40,  3.92it/s] 14%|█▎        | 137/1000 [00:36<03:38,  3.94it/s] 14%|█▍        | 138/1000 [00:36<03:36,  3.97it/s] 14%|█▍        | 139/1000 [00:37<03:37,  3.97it/s] 14%|█▍        | 140/1000 [00:37<03:37,  3.96it/s]                                                  {'loss': 0.5503, 'grad_norm': 2.100212574005127, 'learning_rate': 1.722e-05, 'entropy': 0.563671875, 'num_tokens': 464570.0, 'mean_token_accuracy': 0.8473295748233796, 'epoch': 1.4}
 14%|█▍        | 140/1000 [00:37<03:37,  3.96it/s] 14%|█▍        | 141/1000 [00:37<03:27,  4.14it/s] 14%|█▍        | 142/1000 [00:37<03:31,  4.06it/s] 14%|█▍        | 143/1000 [00:38<03:32,  4.04it/s] 14%|█▍        | 144/1000 [00:38<03:34,  4.00it/s] 14%|█▍        | 145/1000 [00:38<03:34,  3.99it/s] 15%|█▍        | 146/1000 [00:38<03:36,  3.95it/s] 15%|█▍        | 147/1000 [00:39<03:35,  3.95it/s] 15%|█▍        | 148/1000 [00:39<03:35,  3.95it/s] 15%|█▍        | 149/1000 [00:39<03:34,  3.96it/s] 15%|█▌        | 150/1000 [00:39<03:33,  3.98it/s]                                                  {'loss': 0.5778, 'grad_norm': 2.5351877212524414, 'learning_rate': 1.702e-05, 'entropy': 0.576171875, 'num_tokens': 498908.0, 'mean_token_accuracy': 0.8419428288936615, 'epoch': 1.5}
 15%|█▌        | 150/1000 [00:39<03:33,  3.98it/s] 15%|█▌        | 151/1000 [00:40<03:34,  3.96it/s] 15%|█▌        | 152/1000 [00:40<03:33,  3.97it/s] 15%|█▌        | 153/1000 [00:40<03:33,  3.98it/s] 15%|█▌        | 154/1000 [00:40<03:33,  3.97it/s] 16%|█▌        | 155/1000 [00:41<03:23,  4.15it/s] 16%|█▌        | 156/1000 [00:41<03:25,  4.11it/s] 16%|█▌        | 157/1000 [00:41<03:28,  4.04it/s] 16%|█▌        | 158/1000 [00:41<03:31,  3.99it/s] 16%|█▌        | 159/1000 [00:42<03:35,  3.90it/s] 16%|█▌        | 160/1000 [00:42<03:34,  3.92it/s]                                                  {'loss': 0.5602, 'grad_norm': 2.1608264446258545, 'learning_rate': 1.682e-05, 'entropy': 0.584765625, 'num_tokens': 531914.0, 'mean_token_accuracy': 0.8465354084968567, 'epoch': 1.6}
 16%|█▌        | 160/1000 [00:42<03:34,  3.92it/s] 16%|█▌        | 161/1000 [00:42<03:35,  3.89it/s] 16%|█▌        | 162/1000 [00:42<03:24,  4.10it/s] 16%|█▋        | 163/1000 [00:43<03:30,  3.98it/s] 16%|█▋        | 164/1000 [00:43<03:31,  3.95it/s] 16%|█▋        | 165/1000 [00:43<03:31,  3.94it/s] 17%|█▋        | 166/1000 [00:43<03:30,  3.96it/s] 17%|█▋        | 167/1000 [00:44<03:32,  3.91it/s] 17%|█▋        | 168/1000 [00:44<03:07,  4.43it/s] 17%|█▋        | 169/1000 [00:44<03:14,  4.28it/s] 17%|█▋        | 170/1000 [00:44<03:19,  4.16it/s]                                                  {'loss': 0.519, 'grad_norm': 2.506232976913452, 'learning_rate': 1.662e-05, 'entropy': 0.5197265625, 'num_tokens': 564962.0, 'mean_token_accuracy': 0.8528093457221985, 'epoch': 1.7}
 17%|█▋        | 170/1000 [00:44<03:19,  4.16it/s] 17%|█▋        | 171/1000 [00:45<03:22,  4.09it/s] 17%|█▋        | 172/1000 [00:45<03:02,  4.55it/s] 17%|█▋        | 173/1000 [00:45<03:09,  4.35it/s] 17%|█▋        | 174/1000 [00:45<03:14,  4.26it/s] 18%|█▊        | 175/1000 [00:45<03:16,  4.19it/s] 18%|█▊        | 176/1000 [00:46<03:09,  4.35it/s] 18%|█▊        | 177/1000 [00:46<03:14,  4.23it/s] 18%|█▊        | 178/1000 [00:46<03:17,  4.16it/s] 18%|█▊        | 179/1000 [00:46<03:11,  4.28it/s] 18%|█▊        | 180/1000 [00:47<03:18,  4.12it/s]                                                  {'loss': 0.5493, 'grad_norm': 1.871588945388794, 'learning_rate': 1.6420000000000002e-05, 'entropy': 0.569921875, 'num_tokens': 598829.0, 'mean_token_accuracy': 0.8475533485412597, 'epoch': 1.8}
 18%|█▊        | 180/1000 [00:47<03:18,  4.12it/s] 18%|█▊        | 181/1000 [00:47<03:12,  4.25it/s] 18%|█▊        | 182/1000 [00:47<03:08,  4.35it/s] 18%|█▊        | 183/1000 [00:47<03:17,  4.15it/s] 18%|█▊        | 184/1000 [00:48<03:18,  4.12it/s] 18%|█▊        | 185/1000 [00:48<03:21,  4.05it/s] 19%|█▊        | 186/1000 [00:48<03:19,  4.07it/s] 19%|█▊        | 187/1000 [00:48<03:22,  4.01it/s] 19%|█▉        | 188/1000 [00:49<03:15,  4.16it/s] 19%|█▉        | 189/1000 [00:49<03:19,  4.07it/s] 19%|█▉        | 190/1000 [00:49<03:20,  4.05it/s]                                                  {'loss': 0.539, 'grad_norm': 2.2007763385772705, 'learning_rate': 1.6220000000000004e-05, 'entropy': 0.5548828125, 'num_tokens': 631448.0, 'mean_token_accuracy': 0.8485123872756958, 'epoch': 1.9}
 19%|█▉        | 190/1000 [00:49<03:20,  4.05it/s] 19%|█▉        | 191/1000 [00:49<03:23,  3.98it/s] 19%|█▉        | 192/1000 [00:50<03:24,  3.95it/s] 19%|█▉        | 193/1000 [00:50<03:25,  3.93it/s] 19%|█▉        | 194/1000 [00:50<03:26,  3.91it/s] 20%|█▉        | 195/1000 [00:50<03:24,  3.94it/s] 20%|█▉        | 196/1000 [00:51<03:24,  3.94it/s] 20%|█▉        | 197/1000 [00:51<03:22,  3.97it/s] 20%|█▉        | 198/1000 [00:51<03:22,  3.96it/s] 20%|█▉        | 199/1000 [00:51<03:22,  3.96it/s] 20%|██        | 200/1000 [00:52<03:25,  3.89it/s]                                                  {'loss': 0.5253, 'grad_norm': 2.133443593978882, 'learning_rate': 1.6020000000000002e-05, 'entropy': 0.5359375, 'num_tokens': 664340.0, 'mean_token_accuracy': 0.8536815881729126, 'epoch': 2.0}
 20%|██        | 200/1000 [00:52<03:25,  3.89it/s] 20%|██        | 201/1000 [00:52<03:27,  3.85it/s] 20%|██        | 202/1000 [00:52<03:32,  3.75it/s] 20%|██        | 203/1000 [00:52<03:23,  3.91it/s] 20%|██        | 204/1000 [00:53<03:29,  3.79it/s] 20%|██        | 205/1000 [00:53<03:33,  3.73it/s] 21%|██        | 206/1000 [00:53<03:29,  3.80it/s] 21%|██        | 207/1000 [00:53<03:34,  3.70it/s] 21%|██        | 208/1000 [00:54<03:21,  3.92it/s] 21%|██        | 209/1000 [00:54<03:28,  3.79it/s] 21%|██        | 210/1000 [00:54<03:05,  4.27it/s]                                                  {'loss': 0.253, 'grad_norm': 2.6118884086608887, 'learning_rate': 1.582e-05, 'entropy': 0.31982421875, 'num_tokens': 699709.0, 'mean_token_accuracy': 0.9311946213245392, 'epoch': 2.1}
 21%|██        | 210/1000 [00:54<03:05,  4.27it/s] 21%|██        | 211/1000 [00:54<03:08,  4.19it/s] 21%|██        | 212/1000 [00:55<03:19,  3.96it/s] 21%|██▏       | 213/1000 [00:55<03:25,  3.82it/s] 21%|██▏       | 214/1000 [00:55<03:12,  4.08it/s] 22%|██▏       | 215/1000 [00:55<03:04,  4.25it/s] 22%|██▏       | 216/1000 [00:56<03:19,  3.93it/s] 22%|██▏       | 217/1000 [00:56<02:58,  4.38it/s] 22%|██▏       | 218/1000 [00:56<03:12,  4.07it/s] 22%|██▏       | 219/1000 [00:56<03:21,  3.87it/s] 22%|██▏       | 220/1000 [00:57<03:19,  3.91it/s]                                                  {'loss': 0.2659, 'grad_norm': 1.8070013523101807, 'learning_rate': 1.5620000000000003e-05, 'entropy': 0.2876953125, 'num_tokens': 730609.0, 'mean_token_accuracy': 0.9263877153396607, 'epoch': 2.2}
 22%|██▏       | 220/1000 [00:57<03:19,  3.91it/s] 22%|██▏       | 221/1000 [00:57<03:27,  3.76it/s] 22%|██▏       | 222/1000 [00:57<03:24,  3.81it/s] 22%|██▏       | 223/1000 [00:58<03:29,  3.70it/s] 22%|██▏       | 224/1000 [00:58<03:32,  3.65it/s] 22%|██▎       | 225/1000 [00:58<03:27,  3.74it/s] 23%|██▎       | 226/1000 [00:58<03:22,  3.81it/s] 23%|██▎       | 227/1000 [00:58<03:00,  4.28it/s] 23%|██▎       | 228/1000 [00:59<02:56,  4.38it/s] 23%|██▎       | 229/1000 [00:59<03:09,  4.07it/s] 23%|██▎       | 230/1000 [00:59<03:10,  4.03it/s]                                                  {'loss': 0.2593, 'grad_norm': 2.0528616905212402, 'learning_rate': 1.542e-05, 'entropy': 0.3, 'num_tokens': 763891.0, 'mean_token_accuracy': 0.9303735733032227, 'epoch': 2.3}
 23%|██▎       | 230/1000 [00:59<03:10,  4.03it/s] 23%|██▎       | 231/1000 [00:59<03:10,  4.04it/s] 23%|██▎       | 232/1000 [01:00<03:09,  4.06it/s] 23%|██▎       | 233/1000 [01:00<03:09,  4.04it/s] 23%|██▎       | 234/1000 [01:00<03:09,  4.05it/s] 24%|██▎       | 235/1000 [01:00<03:04,  4.15it/s] 24%|██▎       | 236/1000 [01:01<03:13,  3.94it/s] 24%|██▎       | 237/1000 [01:01<03:20,  3.80it/s] 24%|██▍       | 238/1000 [01:01<03:17,  3.86it/s] 24%|██▍       | 239/1000 [01:01<03:14,  3.92it/s] 24%|██▍       | 240/1000 [01:02<03:21,  3.77it/s]                                                  {'loss': 0.2625, 'grad_norm': 2.0300705432891846, 'learning_rate': 1.5220000000000002e-05, 'entropy': 0.3025390625, 'num_tokens': 796694.0, 'mean_token_accuracy': 0.9269634902477264, 'epoch': 2.4}
 24%|██▍       | 240/1000 [01:02<03:21,  3.77it/s] 24%|██▍       | 241/1000 [01:02<03:19,  3.81it/s] 24%|██▍       | 242/1000 [01:02<03:17,  3.84it/s] 24%|██▍       | 243/1000 [01:03<03:22,  3.73it/s] 24%|██▍       | 244/1000 [01:03<03:20,  3.76it/s] 24%|██▍       | 245/1000 [01:03<03:18,  3.79it/s] 25%|██▍       | 246/1000 [01:03<03:07,  4.01it/s] 25%|██▍       | 247/1000 [01:04<03:14,  3.87it/s] 25%|██▍       | 248/1000 [01:04<03:20,  3.74it/s] 25%|██▍       | 249/1000 [01:04<03:24,  3.67it/s] 25%|██▌       | 250/1000 [01:04<03:26,  3.63it/s]                                                  {'loss': 0.2557, 'grad_norm': 2.0325100421905518, 'learning_rate': 1.5020000000000002e-05, 'entropy': 0.2892578125, 'num_tokens': 830324.0, 'mean_token_accuracy': 0.9300252139568329, 'epoch': 2.5}
 25%|██▌       | 250/1000 [01:04<03:26,  3.63it/s] 25%|██▌       | 251/1000 [01:05<03:28,  3.59it/s] 25%|██▌       | 252/1000 [01:05<03:20,  3.74it/s] 25%|██▌       | 253/1000 [01:05<03:15,  3.82it/s] 25%|██▌       | 254/1000 [01:06<03:22,  3.68it/s] 26%|██▌       | 255/1000 [01:06<03:17,  3.77it/s] 26%|██▌       | 256/1000 [01:06<03:23,  3.66it/s] 26%|██▌       | 257/1000 [01:06<02:59,  4.14it/s] 26%|██▌       | 258/1000 [01:07<03:08,  3.94it/s] 26%|██▌       | 259/1000 [01:07<03:06,  3.97it/s] 26%|██▌       | 260/1000 [01:07<02:47,  4.41it/s]                                                  {'loss': 0.2728, 'grad_norm': 1.8933933973312378, 'learning_rate': 1.482e-05, 'entropy': 0.3029296875, 'num_tokens': 865002.0, 'mean_token_accuracy': 0.9247460484504699, 'epoch': 2.6}
 26%|██▌       | 260/1000 [01:07<02:47,  4.41it/s] 26%|██▌       | 261/1000 [01:07<02:59,  4.11it/s] 26%|██▌       | 262/1000 [01:07<03:00,  4.09it/s] 26%|██▋       | 263/1000 [01:08<02:56,  4.17it/s] 26%|██▋       | 264/1000 [01:08<03:00,  4.09it/s] 26%|██▋       | 265/1000 [01:08<02:52,  4.27it/s] 27%|██▋       | 266/1000 [01:08<03:02,  4.01it/s] 27%|██▋       | 267/1000 [01:09<02:56,  4.15it/s] 27%|██▋       | 268/1000 [01:09<03:06,  3.93it/s] 27%|██▋       | 269/1000 [01:09<03:12,  3.80it/s] 27%|██▋       | 270/1000 [01:09<03:09,  3.86it/s]                                                  {'loss': 0.2829, 'grad_norm': 2.0837631225585938, 'learning_rate': 1.462e-05, 'entropy': 0.319921875, 'num_tokens': 897186.0, 'mean_token_accuracy': 0.9251785635948181, 'epoch': 2.7}
 27%|██▋       | 270/1000 [01:09<03:09,  3.86it/s] 27%|██▋       | 271/1000 [01:10<03:17,  3.69it/s] 27%|██▋       | 272/1000 [01:10<03:14,  3.74it/s] 27%|██▋       | 273/1000 [01:10<02:52,  4.22it/s] 27%|██▋       | 274/1000 [01:10<02:38,  4.59it/s] 28%|██▊       | 275/1000 [01:11<02:38,  4.57it/s] 28%|██▊       | 276/1000 [01:11<02:46,  4.36it/s] 28%|██▊       | 277/1000 [01:11<02:41,  4.47it/s] 28%|██▊       | 278/1000 [01:11<02:37,  4.57it/s] 28%|██▊       | 279/1000 [01:12<02:52,  4.18it/s] 28%|██▊       | 280/1000 [01:12<02:57,  4.07it/s]                                                  {'loss': 0.2771, 'grad_norm': 1.9786479473114014, 'learning_rate': 1.4420000000000001e-05, 'entropy': 0.303515625, 'num_tokens': 930327.0, 'mean_token_accuracy': 0.9242742121219635, 'epoch': 2.8}
 28%|██▊       | 280/1000 [01:12<02:57,  4.07it/s] 28%|██▊       | 281/1000 [01:12<03:06,  3.86it/s] 28%|██▊       | 282/1000 [01:12<03:11,  3.74it/s] 28%|██▊       | 283/1000 [01:13<03:15,  3.66it/s] 28%|██▊       | 284/1000 [01:13<03:11,  3.74it/s] 28%|██▊       | 285/1000 [01:13<03:15,  3.66it/s] 29%|██▊       | 286/1000 [01:13<03:09,  3.76it/s] 29%|██▊       | 287/1000 [01:14<03:07,  3.80it/s] 29%|██▉       | 288/1000 [01:14<02:55,  4.05it/s] 29%|██▉       | 289/1000 [01:14<02:58,  3.98it/s] 29%|██▉       | 290/1000 [01:14<02:53,  4.10it/s]                                                  {'loss': 0.2676, 'grad_norm': 1.921606183052063, 'learning_rate': 1.4220000000000001e-05, 'entropy': 0.310546875, 'num_tokens': 964165.0, 'mean_token_accuracy': 0.9267899453639984, 'epoch': 2.9}
 29%|██▉       | 290/1000 [01:14<02:53,  4.10it/s] 29%|██▉       | 291/1000 [01:15<02:56,  4.01it/s] 29%|██▉       | 292/1000 [01:15<02:52,  4.10it/s] 29%|██▉       | 293/1000 [01:15<02:36,  4.53it/s] 29%|██▉       | 294/1000 [01:15<02:41,  4.36it/s] 30%|██▉       | 295/1000 [01:16<02:45,  4.26it/s] 30%|██▉       | 296/1000 [01:16<02:56,  4.00it/s] 30%|██▉       | 297/1000 [01:16<02:46,  4.22it/s] 30%|██▉       | 298/1000 [01:16<02:31,  4.64it/s] 30%|██▉       | 299/1000 [01:16<02:33,  4.55it/s] 30%|███       | 300/1000 [01:17<02:39,  4.39it/s]                                                  {'loss': 0.284, 'grad_norm': 2.076848030090332, 'learning_rate': 1.402e-05, 'entropy': 0.30546875, 'num_tokens': 996510.0, 'mean_token_accuracy': 0.9216037571430207, 'epoch': 3.0}
 30%|███       | 300/1000 [01:17<02:39,  4.39it/s] 30%|███       | 301/1000 [01:17<02:45,  4.23it/s] 30%|███       | 302/1000 [01:17<02:32,  4.58it/s] 30%|███       | 303/1000 [01:17<02:23,  4.86it/s] 30%|███       | 304/1000 [01:18<02:31,  4.58it/s] 30%|███       | 305/1000 [01:18<02:39,  4.37it/s] 31%|███       | 306/1000 [01:18<02:41,  4.28it/s] 31%|███       | 307/1000 [01:18<02:29,  4.65it/s] 31%|███       | 308/1000 [01:19<02:41,  4.28it/s] 31%|███       | 309/1000 [01:19<02:43,  4.22it/s] 31%|███       | 310/1000 [01:19<02:30,  4.59it/s]                                                  {'loss': 0.1703, 'grad_norm': 1.5584756135940552, 'learning_rate': 1.382e-05, 'entropy': 0.2068359375, 'num_tokens': 1029296.0, 'mean_token_accuracy': 0.9570051312446595, 'epoch': 3.1}
 31%|███       | 310/1000 [01:19<02:30,  4.59it/s] 31%|███       | 311/1000 [01:19<02:42,  4.24it/s] 31%|███       | 312/1000 [01:19<02:49,  4.05it/s] 31%|███▏      | 313/1000 [01:20<02:56,  3.90it/s] 31%|███▏      | 314/1000 [01:20<02:53,  3.96it/s] 32%|███▏      | 315/1000 [01:20<02:36,  4.37it/s] 32%|███▏      | 316/1000 [01:20<02:39,  4.28it/s] 32%|███▏      | 317/1000 [01:21<02:41,  4.22it/s] 32%|███▏      | 318/1000 [01:21<02:37,  4.32it/s] 32%|███▏      | 319/1000 [01:21<02:25,  4.67it/s] 32%|███▏      | 320/1000 [01:21<02:38,  4.29it/s]                                                  {'loss': 0.1784, 'grad_norm': 1.6261558532714844, 'learning_rate': 1.3620000000000002e-05, 'entropy': 0.18759765625, 'num_tokens': 1062273.0, 'mean_token_accuracy': 0.9531379044055939, 'epoch': 3.2}
 32%|███▏      | 320/1000 [01:21<02:38,  4.29it/s] 32%|███▏      | 321/1000 [01:22<02:27,  4.61it/s] 32%|███▏      | 322/1000 [01:22<02:40,  4.23it/s] 32%|███▏      | 323/1000 [01:22<02:46,  4.07it/s] 32%|███▏      | 324/1000 [01:22<02:45,  4.08it/s] 32%|███▎      | 325/1000 [01:23<02:41,  4.18it/s] 33%|███▎      | 326/1000 [01:23<02:42,  4.15it/s] 33%|███▎      | 327/1000 [01:23<02:28,  4.53it/s] 33%|███▎      | 328/1000 [01:23<02:33,  4.38it/s] 33%|███▎      | 329/1000 [01:23<02:36,  4.29it/s] 33%|███▎      | 330/1000 [01:24<02:38,  4.23it/s]                                                  {'loss': 0.158, 'grad_norm': 1.4523491859436035, 'learning_rate': 1.3420000000000002e-05, 'entropy': 0.198828125, 'num_tokens': 1096147.0, 'mean_token_accuracy': 0.9581319987773895, 'epoch': 3.3}
 33%|███▎      | 330/1000 [01:24<02:38,  4.23it/s] 33%|███▎      | 331/1000 [01:24<02:36,  4.28it/s] 33%|███▎      | 332/1000 [01:24<02:44,  4.05it/s] 33%|███▎      | 333/1000 [01:24<02:47,  3.98it/s] 33%|███▎      | 334/1000 [01:25<02:54,  3.82it/s] 34%|███▎      | 335/1000 [01:25<02:58,  3.73it/s] 34%|███▎      | 336/1000 [01:25<02:54,  3.81it/s] 34%|███▎      | 337/1000 [01:26<02:51,  3.86it/s] 34%|███▍      | 338/1000 [01:26<02:49,  3.90it/s] 34%|███▍      | 339/1000 [01:26<02:56,  3.74it/s] 34%|███▍      | 340/1000 [01:26<02:53,  3.81it/s]                                                  {'loss': 0.174, 'grad_norm': 1.5250704288482666, 'learning_rate': 1.3220000000000002e-05, 'entropy': 0.1912109375, 'num_tokens': 1130570.0, 'mean_token_accuracy': 0.9548988103866577, 'epoch': 3.4}
 34%|███▍      | 340/1000 [01:26<02:53,  3.81it/s] 34%|███▍      | 341/1000 [01:27<02:44,  4.01it/s] 34%|███▍      | 342/1000 [01:27<02:50,  3.87it/s] 34%|███▍      | 343/1000 [01:27<02:52,  3.80it/s] 34%|███▍      | 344/1000 [01:27<02:55,  3.73it/s] 34%|███▍      | 345/1000 [01:28<02:57,  3.68it/s] 35%|███▍      | 346/1000 [01:28<02:47,  3.91it/s] 35%|███▍      | 347/1000 [01:28<02:30,  4.33it/s] 35%|███▍      | 348/1000 [01:28<02:39,  4.08it/s] 35%|███▍      | 349/1000 [01:29<02:45,  3.93it/s] 35%|███▌      | 350/1000 [01:29<02:38,  4.10it/s]                                                  {'loss': 0.1798, 'grad_norm': 1.7179322242736816, 'learning_rate': 1.302e-05, 'entropy': 0.19736328125, 'num_tokens': 1162614.0, 'mean_token_accuracy': 0.9530363380908966, 'epoch': 3.5}
 35%|███▌      | 350/1000 [01:29<02:38,  4.10it/s] 35%|███▌      | 351/1000 [01:29<02:48,  3.86it/s] 35%|███▌      | 352/1000 [01:29<02:47,  3.86it/s] 35%|███▌      | 353/1000 [01:30<02:47,  3.86it/s] 35%|███▌      | 354/1000 [01:30<02:31,  4.27it/s] 36%|███▌      | 355/1000 [01:30<02:34,  4.16it/s] 36%|███▌      | 356/1000 [01:30<02:29,  4.30it/s] 36%|███▌      | 357/1000 [01:31<02:33,  4.19it/s] 36%|███▌      | 358/1000 [01:31<02:27,  4.35it/s] 36%|███▌      | 359/1000 [01:31<02:16,  4.68it/s] 36%|███▌      | 360/1000 [01:31<02:29,  4.27it/s]                                                  {'loss': 0.1667, 'grad_norm': 1.2590258121490479, 'learning_rate': 1.2820000000000001e-05, 'entropy': 0.1935546875, 'num_tokens': 1196787.0, 'mean_token_accuracy': 0.9559794425964355, 'epoch': 3.6}
 36%|███▌      | 360/1000 [01:31<02:29,  4.27it/s] 36%|███▌      | 361/1000 [01:31<02:36,  4.10it/s] 36%|███▌      | 362/1000 [01:32<02:37,  4.06it/s] 36%|███▋      | 363/1000 [01:32<02:42,  3.91it/s] 36%|███▋      | 364/1000 [01:32<02:40,  3.96it/s] 36%|███▋      | 365/1000 [01:32<02:34,  4.12it/s] 37%|███▋      | 366/1000 [01:33<02:20,  4.50it/s] 37%|███▋      | 367/1000 [01:33<02:26,  4.33it/s] 37%|███▋      | 368/1000 [01:33<02:28,  4.25it/s] 37%|███▋      | 369/1000 [01:33<02:16,  4.61it/s] 37%|███▋      | 370/1000 [01:34<02:24,  4.35it/s]                                                  {'loss': 0.1697, 'grad_norm': 1.7438973188400269, 'learning_rate': 1.2620000000000001e-05, 'entropy': 0.19404296875, 'num_tokens': 1229448.0, 'mean_token_accuracy': 0.9558311939239502, 'epoch': 3.7}
 37%|███▋      | 370/1000 [01:34<02:24,  4.35it/s] 37%|███▋      | 371/1000 [01:34<02:28,  4.24it/s] 37%|███▋      | 372/1000 [01:34<02:31,  4.14it/s] 37%|███▋      | 373/1000 [01:34<02:38,  3.96it/s] 37%|███▋      | 374/1000 [01:35<02:42,  3.86it/s] 38%|███▊      | 375/1000 [01:35<02:33,  4.07it/s] 38%|███▊      | 376/1000 [01:35<02:35,  4.01it/s] 38%|███▊      | 377/1000 [01:35<02:36,  3.98it/s] 38%|███▊      | 378/1000 [01:36<02:24,  4.31it/s] 38%|███▊      | 379/1000 [01:36<02:33,  4.05it/s] 38%|███▊      | 380/1000 [01:36<02:28,  4.17it/s]                                                  {'loss': 0.17, 'grad_norm': 1.5187551975250244, 'learning_rate': 1.2420000000000001e-05, 'entropy': 0.18779296875, 'num_tokens': 1264880.0, 'mean_token_accuracy': 0.9560944378376007, 'epoch': 3.8}
 38%|███▊      | 380/1000 [01:36<02:28,  4.17it/s] 38%|███▊      | 381/1000 [01:36<02:30,  4.12it/s] 38%|███▊      | 382/1000 [01:36<02:18,  4.46it/s] 38%|███▊      | 383/1000 [01:37<02:17,  4.49it/s] 38%|███▊      | 384/1000 [01:37<02:27,  4.16it/s] 38%|███▊      | 385/1000 [01:37<02:15,  4.54it/s] 39%|███▊      | 386/1000 [01:37<02:20,  4.37it/s] 39%|███▊      | 387/1000 [01:38<02:23,  4.29it/s] 39%|███▉      | 388/1000 [01:38<02:11,  4.64it/s] 39%|███▉      | 389/1000 [01:38<02:04,  4.93it/s] 39%|███▉      | 390/1000 [01:38<01:58,  5.17it/s]                                                  {'loss': 0.1732, 'grad_norm': 1.569015622138977, 'learning_rate': 1.2220000000000002e-05, 'entropy': 0.193359375, 'num_tokens': 1296914.0, 'mean_token_accuracy': 0.9537972390651703, 'epoch': 3.9}
 39%|███▉      | 390/1000 [01:38<01:58,  5.17it/s] 39%|███▉      | 391/1000 [01:38<02:08,  4.75it/s] 39%|███▉      | 392/1000 [01:39<02:09,  4.68it/s] 39%|███▉      | 393/1000 [01:39<02:17,  4.43it/s] 39%|███▉      | 394/1000 [01:39<02:07,  4.76it/s] 40%|███▉      | 395/1000 [01:39<02:14,  4.50it/s] 40%|███▉      | 396/1000 [01:40<02:15,  4.46it/s] 40%|███▉      | 397/1000 [01:40<02:06,  4.77it/s] 40%|███▉      | 398/1000 [01:40<02:13,  4.50it/s] 40%|███▉      | 399/1000 [01:40<02:21,  4.23it/s] 40%|████      | 400/1000 [01:41<02:28,  4.03it/s]                                                  {'loss': 0.1765, 'grad_norm': 1.5141295194625854, 'learning_rate': 1.202e-05, 'entropy': 0.19853515625, 'num_tokens': 1328680.0, 'mean_token_accuracy': 0.9542492151260376, 'epoch': 4.0}
 40%|████      | 400/1000 [01:41<02:28,  4.03it/s] 40%|████      | 401/1000 [01:41<02:30,  3.97it/s] 40%|████      | 402/1000 [01:41<02:34,  3.87it/s] 40%|████      | 403/1000 [01:41<02:27,  4.05it/s] 40%|████      | 404/1000 [01:41<02:22,  4.17it/s] 40%|████      | 405/1000 [01:42<02:24,  4.13it/s] 41%|████      | 406/1000 [01:42<02:32,  3.89it/s] 41%|████      | 407/1000 [01:42<02:35,  3.81it/s] 41%|████      | 408/1000 [01:43<02:26,  4.05it/s] 41%|████      | 409/1000 [01:43<02:20,  4.20it/s] 41%|████      | 410/1000 [01:43<02:09,  4.57it/s]                                                  {'loss': 0.1228, 'grad_norm': 1.166521668434143, 'learning_rate': 1.182e-05, 'entropy': 0.147509765625, 'num_tokens': 1363054.0, 'mean_token_accuracy': 0.9684566676616668, 'epoch': 4.1}
 41%|████      | 410/1000 [01:43<02:09,  4.57it/s] 41%|████      | 411/1000 [01:43<02:01,  4.86it/s] 41%|████      | 412/1000 [01:43<01:54,  5.12it/s] 41%|████▏     | 413/1000 [01:44<02:04,  4.70it/s] 41%|████▏     | 414/1000 [01:44<02:10,  4.48it/s] 42%|████▏     | 415/1000 [01:44<02:15,  4.31it/s] 42%|████▏     | 416/1000 [01:44<02:18,  4.23it/s] 42%|████▏     | 417/1000 [01:44<02:18,  4.20it/s] 42%|████▏     | 418/1000 [01:45<02:25,  4.01it/s] 42%|████▏     | 419/1000 [01:45<02:17,  4.22it/s] 42%|████▏     | 420/1000 [01:45<02:20,  4.12it/s]                                                  {'loss': 0.1349, 'grad_norm': 1.0002903938293457, 'learning_rate': 1.162e-05, 'entropy': 0.1361328125, 'num_tokens': 1396341.0, 'mean_token_accuracy': 0.9654199481010437, 'epoch': 4.2}
 42%|████▏     | 420/1000 [01:45<02:20,  4.12it/s] 42%|████▏     | 421/1000 [01:46<02:28,  3.89it/s] 42%|████▏     | 422/1000 [01:46<02:22,  4.05it/s] 42%|████▏     | 423/1000 [01:46<02:23,  4.03it/s] 42%|████▏     | 424/1000 [01:46<02:22,  4.03it/s] 42%|████▎     | 425/1000 [01:46<02:22,  4.05it/s] 43%|████▎     | 426/1000 [01:47<02:27,  3.88it/s] 43%|████▎     | 427/1000 [01:47<02:21,  4.04it/s] 43%|████▎     | 428/1000 [01:47<02:22,  4.02it/s] 43%|████▎     | 429/1000 [01:47<02:22,  3.99it/s] 43%|████▎     | 430/1000 [01:48<02:19,  4.09it/s]                                                  {'loss': 0.1264, 'grad_norm': 0.900275707244873, 'learning_rate': 1.142e-05, 'entropy': 0.14580078125, 'num_tokens': 1430481.0, 'mean_token_accuracy': 0.9669005155563355, 'epoch': 4.3}
 43%|████▎     | 430/1000 [01:48<02:19,  4.09it/s] 43%|████▎     | 431/1000 [01:48<02:07,  4.47it/s] 43%|████▎     | 432/1000 [01:48<02:12,  4.30it/s] 43%|████▎     | 433/1000 [01:48<02:19,  4.05it/s] 43%|████▎     | 434/1000 [01:49<02:19,  4.06it/s] 44%|████▎     | 435/1000 [01:49<02:13,  4.25it/s] 44%|████▎     | 436/1000 [01:49<02:16,  4.14it/s] 44%|████▎     | 437/1000 [01:49<02:04,  4.52it/s] 44%|████▍     | 438/1000 [01:50<02:08,  4.37it/s] 44%|████▍     | 439/1000 [01:50<01:59,  4.71it/s] 44%|████▍     | 440/1000 [01:50<02:04,  4.50it/s]                                                  {'loss': 0.1309, 'grad_norm': 1.1692591905593872, 'learning_rate': 1.1220000000000003e-05, 'entropy': 0.14072265625, 'num_tokens': 1464218.0, 'mean_token_accuracy': 0.9660968124866486, 'epoch': 4.4}
 44%|████▍     | 440/1000 [01:50<02:04,  4.50it/s] 44%|████▍     | 441/1000 [01:50<01:56,  4.81it/s] 44%|████▍     | 442/1000 [01:50<02:02,  4.56it/s] 44%|████▍     | 443/1000 [01:51<02:07,  4.36it/s] 44%|████▍     | 444/1000 [01:51<01:58,  4.69it/s] 44%|████▍     | 445/1000 [01:51<01:52,  4.93it/s] 45%|████▍     | 446/1000 [01:51<01:54,  4.83it/s] 45%|████▍     | 447/1000 [01:51<01:49,  5.06it/s] 45%|████▍     | 448/1000 [01:52<01:45,  5.25it/s] 45%|████▍     | 449/1000 [01:52<02:00,  4.59it/s] 45%|████▌     | 450/1000 [01:52<02:05,  4.40it/s]                                                  {'loss': 0.1345, 'grad_norm': 1.076770305633545, 'learning_rate': 1.1020000000000001e-05, 'entropy': 0.1513671875, 'num_tokens': 1497011.0, 'mean_token_accuracy': 0.9646063208580017, 'epoch': 4.5}
 45%|████▌     | 450/1000 [01:52<02:05,  4.40it/s] 45%|████▌     | 451/1000 [01:52<02:08,  4.27it/s] 45%|████▌     | 452/1000 [01:53<02:09,  4.22it/s] 45%|████▌     | 453/1000 [01:53<02:12,  4.14it/s] 45%|████▌     | 454/1000 [01:53<01:57,  4.66it/s] 46%|████▌     | 455/1000 [01:53<02:02,  4.45it/s] 46%|████▌     | 456/1000 [01:53<02:00,  4.51it/s] 46%|████▌     | 457/1000 [01:54<01:49,  4.97it/s] 46%|████▌     | 458/1000 [01:54<02:02,  4.43it/s] 46%|████▌     | 459/1000 [01:54<02:05,  4.31it/s] 46%|████▌     | 460/1000 [01:54<02:08,  4.20it/s]                                                  {'loss': 0.1383, 'grad_norm': 1.24045991897583, 'learning_rate': 1.0820000000000001e-05, 'entropy': 0.151953125, 'num_tokens': 1529104.0, 'mean_token_accuracy': 0.9637861728668213, 'epoch': 4.6}
 46%|████▌     | 460/1000 [01:54<02:08,  4.20it/s] 46%|████▌     | 461/1000 [01:55<02:09,  4.16it/s] 46%|████▌     | 462/1000 [01:55<02:12,  4.07it/s] 46%|████▋     | 463/1000 [01:55<02:06,  4.23it/s] 46%|████▋     | 464/1000 [01:55<02:09,  4.15it/s] 46%|████▋     | 465/1000 [01:56<02:12,  4.03it/s] 47%|████▋     | 466/1000 [01:56<02:13,  4.00it/s] 47%|████▋     | 467/1000 [01:56<01:59,  4.47it/s] 47%|████▋     | 468/1000 [01:56<02:03,  4.31it/s] 47%|████▋     | 469/1000 [01:57<02:07,  4.18it/s] 47%|████▋     | 470/1000 [01:57<02:02,  4.33it/s]                                                  {'loss': 0.1347, 'grad_norm': 1.1847714185714722, 'learning_rate': 1.0620000000000002e-05, 'entropy': 0.151953125, 'num_tokens': 1562780.0, 'mean_token_accuracy': 0.9645092964172364, 'epoch': 4.7}
 47%|████▋     | 470/1000 [01:57<02:02,  4.33it/s] 47%|████▋     | 471/1000 [01:57<02:04,  4.24it/s] 47%|████▋     | 472/1000 [01:57<01:51,  4.74it/s] 47%|████▋     | 473/1000 [01:57<01:53,  4.65it/s] 47%|████▋     | 474/1000 [01:58<01:44,  5.05it/s] 48%|████▊     | 475/1000 [01:58<01:36,  5.41it/s] 48%|████▊     | 476/1000 [01:58<01:47,  4.88it/s] 48%|████▊     | 477/1000 [01:58<01:39,  5.26it/s] 48%|████▊     | 478/1000 [01:58<01:43,  5.03it/s] 48%|████▊     | 479/1000 [01:59<01:52,  4.62it/s] 48%|████▊     | 480/1000 [01:59<01:57,  4.42it/s]                                                  {'loss': 0.1404, 'grad_norm': 1.4086686372756958, 'learning_rate': 1.0420000000000002e-05, 'entropy': 0.1572265625, 'num_tokens': 1595328.0, 'mean_token_accuracy': 0.964478200674057, 'epoch': 4.8}
 48%|████▊     | 480/1000 [01:59<01:57,  4.42it/s] 48%|████▊     | 481/1000 [01:59<02:01,  4.26it/s] 48%|████▊     | 482/1000 [01:59<01:48,  4.76it/s] 48%|████▊     | 483/1000 [01:59<01:40,  5.14it/s] 48%|████▊     | 484/1000 [02:00<01:33,  5.50it/s] 48%|████▊     | 485/1000 [02:00<01:29,  5.75it/s] 49%|████▊     | 486/1000 [02:00<01:25,  5.98it/s] 49%|████▊     | 487/1000 [02:00<01:31,  5.59it/s] 49%|████▉     | 488/1000 [02:00<01:27,  5.83it/s] 49%|████▉     | 489/1000 [02:00<01:39,  5.12it/s] 49%|████▉     | 490/1000 [02:01<01:33,  5.44it/s]                                                  {'loss': 0.1388, 'grad_norm': 1.2937105894088745, 'learning_rate': 1.022e-05, 'entropy': 0.15, 'num_tokens': 1628587.0, 'mean_token_accuracy': 0.9645813941955567, 'epoch': 4.9}
 49%|████▉     | 490/1000 [02:01<01:33,  5.44it/s] 49%|████▉     | 491/1000 [02:01<01:29,  5.68it/s] 49%|████▉     | 492/1000 [02:01<01:40,  5.04it/s] 49%|████▉     | 493/1000 [02:01<01:49,  4.64it/s] 49%|████▉     | 494/1000 [02:02<01:59,  4.24it/s] 50%|████▉     | 495/1000 [02:02<01:46,  4.73it/s] 50%|████▉     | 496/1000 [02:02<01:37,  5.15it/s] 50%|████▉     | 497/1000 [02:02<01:31,  5.49it/s] 50%|████▉     | 498/1000 [02:02<01:43,  4.84it/s] 50%|████▉     | 499/1000 [02:03<01:49,  4.56it/s] 50%|█████     | 500/1000 [02:03<01:53,  4.39it/s]                                                  {'loss': 0.1362, 'grad_norm': 1.0649536848068237, 'learning_rate': 1.002e-05, 'entropy': 0.15078125, 'num_tokens': 1660850.0, 'mean_token_accuracy': 0.9642418920993805, 'epoch': 5.0}
 50%|█████     | 500/1000 [02:03<01:53,  4.39it/s] 50%|█████     | 501/1000 [02:03<01:58,  4.21it/s] 50%|█████     | 502/1000 [02:03<02:01,  4.11it/s] 50%|█████     | 503/1000 [02:04<01:56,  4.26it/s] 50%|█████     | 504/1000 [02:04<01:44,  4.76it/s] 50%|█████     | 505/1000 [02:04<01:35,  5.19it/s] 51%|█████     | 506/1000 [02:04<01:29,  5.52it/s] 51%|█████     | 507/1000 [02:04<01:24,  5.80it/s] 51%|█████     | 508/1000 [02:04<01:36,  5.08it/s] 51%|█████     | 509/1000 [02:05<01:30,  5.44it/s] 51%|█████     | 510/1000 [02:05<01:38,  4.96it/s]                                                  {'loss': 0.1009, 'grad_norm': 0.8827223777770996, 'learning_rate': 9.820000000000001e-06, 'entropy': 0.123193359375, 'num_tokens': 1694544.0, 'mean_token_accuracy': 0.9737772822380066, 'epoch': 5.1}
 51%|█████     | 510/1000 [02:05<01:38,  4.96it/s] 51%|█████     | 511/1000 [02:05<01:32,  5.31it/s] 51%|█████     | 512/1000 [02:05<01:41,  4.82it/s] 51%|█████▏    | 513/1000 [02:05<01:33,  5.21it/s] 51%|█████▏    | 514/1000 [02:06<01:41,  4.80it/s] 52%|█████▏    | 515/1000 [02:06<01:33,  5.17it/s] 52%|█████▏    | 516/1000 [02:06<01:36,  5.02it/s] 52%|█████▏    | 517/1000 [02:06<01:43,  4.67it/s] 52%|█████▏    | 518/1000 [02:07<01:52,  4.28it/s] 52%|█████▏    | 519/1000 [02:07<01:54,  4.19it/s] 52%|█████▏    | 520/1000 [02:07<01:42,  4.70it/s]                                                  {'loss': 0.1067, 'grad_norm': 1.042339563369751, 'learning_rate': 9.620000000000001e-06, 'entropy': 0.110009765625, 'num_tokens': 1728133.0, 'mean_token_accuracy': 0.9719236314296722, 'epoch': 5.2}
 52%|█████▏    | 520/1000 [02:07<01:42,  4.70it/s] 52%|█████▏    | 521/1000 [02:07<01:48,  4.43it/s] 52%|█████▏    | 522/1000 [02:07<01:38,  4.86it/s] 52%|█████▏    | 523/1000 [02:08<01:34,  5.06it/s] 52%|█████▏    | 524/1000 [02:08<01:28,  5.40it/s] 52%|█████▎    | 525/1000 [02:08<01:37,  4.87it/s] 53%|█████▎    | 526/1000 [02:08<01:29,  5.28it/s] 53%|█████▎    | 527/1000 [02:08<01:37,  4.84it/s] 53%|█████▎    | 528/1000 [02:09<01:44,  4.53it/s] 53%|█████▎    | 529/1000 [02:09<01:35,  4.95it/s] 53%|█████▎    | 530/1000 [02:09<01:28,  5.32it/s]                                                  {'loss': 0.1098, 'grad_norm': 1.1808509826660156, 'learning_rate': 9.42e-06, 'entropy': 0.12060546875, 'num_tokens': 1761688.0, 'mean_token_accuracy': 0.971496331691742, 'epoch': 5.3}
 53%|█████▎    | 530/1000 [02:09<01:28,  5.32it/s] 53%|█████▎    | 531/1000 [02:09<01:34,  4.95it/s] 53%|█████▎    | 532/1000 [02:09<01:28,  5.31it/s] 53%|█████▎    | 533/1000 [02:09<01:25,  5.47it/s] 53%|█████▎    | 534/1000 [02:10<01:21,  5.72it/s] 54%|█████▎    | 535/1000 [02:10<01:26,  5.35it/s] 54%|█████▎    | 536/1000 [02:10<01:21,  5.67it/s] 54%|█████▎    | 537/1000 [02:10<01:31,  5.06it/s] 54%|█████▍    | 538/1000 [02:10<01:33,  4.96it/s] 54%|█████▍    | 539/1000 [02:11<01:26,  5.33it/s] 54%|█████▍    | 540/1000 [02:11<01:34,  4.87it/s]                                                  {'loss': 0.1138, 'grad_norm': 0.9443987607955933, 'learning_rate': 9.220000000000002e-06, 'entropy': 0.1279296875, 'num_tokens': 1793756.0, 'mean_token_accuracy': 0.9705439269542694, 'epoch': 5.4}
 54%|█████▍    | 540/1000 [02:11<01:34,  4.87it/s] 54%|█████▍    | 541/1000 [02:11<01:27,  5.25it/s] 54%|█████▍    | 542/1000 [02:11<01:38,  4.64it/s] 54%|█████▍    | 543/1000 [02:11<01:31,  5.01it/s] 54%|█████▍    | 544/1000 [02:12<01:39,  4.57it/s] 55%|█████▍    | 545/1000 [02:12<01:43,  4.39it/s] 55%|█████▍    | 546/1000 [02:12<01:40,  4.50it/s] 55%|█████▍    | 547/1000 [02:12<01:31,  4.94it/s] 55%|█████▍    | 548/1000 [02:13<01:37,  4.63it/s] 55%|█████▍    | 549/1000 [02:13<01:44,  4.31it/s] 55%|█████▌    | 550/1000 [02:13<01:46,  4.22it/s]                                                  {'loss': 0.1172, 'grad_norm': 1.1219727993011475, 'learning_rate': 9.020000000000002e-06, 'entropy': 0.12080078125, 'num_tokens': 1826770.0, 'mean_token_accuracy': 0.9696105718612671, 'epoch': 5.5}
 55%|█████▌    | 550/1000 [02:13<01:46,  4.22it/s] 55%|█████▌    | 551/1000 [02:13<01:43,  4.33it/s] 55%|█████▌    | 552/1000 [02:14<01:50,  4.05it/s] 55%|█████▌    | 553/1000 [02:14<01:50,  4.03it/s] 55%|█████▌    | 554/1000 [02:14<01:46,  4.19it/s] 56%|█████▌    | 555/1000 [02:14<01:36,  4.62it/s] 56%|█████▌    | 556/1000 [02:14<01:43,  4.29it/s] 56%|█████▌    | 557/1000 [02:15<01:45,  4.20it/s] 56%|█████▌    | 558/1000 [02:15<01:48,  4.08it/s] 56%|█████▌    | 559/1000 [02:15<01:48,  4.05it/s] 56%|█████▌    | 560/1000 [02:15<01:49,  4.03it/s]                                                  {'loss': 0.119, 'grad_norm': 0.8988312482833862, 'learning_rate': 8.82e-06, 'entropy': 0.13154296875, 'num_tokens': 1861015.0, 'mean_token_accuracy': 0.9689540386199951, 'epoch': 5.6}
 56%|█████▌    | 560/1000 [02:15<01:49,  4.03it/s] 56%|█████▌    | 561/1000 [02:16<01:49,  4.01it/s] 56%|█████▌    | 562/1000 [02:16<01:38,  4.47it/s] 56%|█████▋    | 563/1000 [02:16<01:41,  4.31it/s] 56%|█████▋    | 564/1000 [02:16<01:32,  4.71it/s] 56%|█████▋    | 565/1000 [02:16<01:27,  4.95it/s] 57%|█████▋    | 566/1000 [02:17<01:34,  4.61it/s] 57%|█████▋    | 567/1000 [02:17<01:27,  4.97it/s] 57%|█████▋    | 568/1000 [02:17<01:22,  5.26it/s] 57%|█████▋    | 569/1000 [02:17<01:18,  5.47it/s] 57%|█████▋    | 570/1000 [02:17<01:27,  4.92it/s]                                                  {'loss': 0.1169, 'grad_norm': 0.8560616970062256, 'learning_rate': 8.62e-06, 'entropy': 0.1283203125, 'num_tokens': 1893848.0, 'mean_token_accuracy': 0.9690204560756683, 'epoch': 5.7}
 57%|█████▋    | 570/1000 [02:17<01:27,  4.92it/s] 57%|█████▋    | 571/1000 [02:18<01:22,  5.21it/s] 57%|█████▋    | 572/1000 [02:18<01:18,  5.44it/s] 57%|█████▋    | 573/1000 [02:18<01:26,  4.95it/s] 57%|█████▋    | 574/1000 [02:18<01:21,  5.23it/s] 57%|█████▊    | 575/1000 [02:18<01:17,  5.46it/s] 58%|█████▊    | 576/1000 [02:19<01:31,  4.66it/s] 58%|█████▊    | 577/1000 [02:19<01:30,  4.69it/s] 58%|█████▊    | 578/1000 [02:19<01:34,  4.47it/s] 58%|█████▊    | 579/1000 [02:19<01:37,  4.32it/s] 58%|█████▊    | 580/1000 [02:20<01:43,  4.05it/s]                                                  {'loss': 0.1129, 'grad_norm': 0.7288720011711121, 'learning_rate': 8.42e-06, 'entropy': 0.121533203125, 'num_tokens': 1926894.0, 'mean_token_accuracy': 0.97080899477005, 'epoch': 5.8}
 58%|█████▊    | 580/1000 [02:20<01:43,  4.05it/s] 58%|█████▊    | 581/1000 [02:20<01:33,  4.49it/s] 58%|█████▊    | 582/1000 [02:20<01:26,  4.86it/s] 58%|█████▊    | 583/1000 [02:20<01:20,  5.16it/s] 58%|█████▊    | 584/1000 [02:20<01:28,  4.70it/s] 58%|█████▊    | 585/1000 [02:21<01:25,  4.83it/s] 59%|█████▊    | 586/1000 [02:21<01:20,  5.14it/s] 59%|█████▊    | 587/1000 [02:21<01:27,  4.73it/s] 59%|█████▉    | 588/1000 [02:21<01:21,  5.06it/s] 59%|█████▉    | 589/1000 [02:21<01:17,  5.32it/s] 59%|█████▉    | 590/1000 [02:22<01:14,  5.51it/s]                                                  {'loss': 0.1208, 'grad_norm': 1.3199383020401, 'learning_rate': 8.220000000000001e-06, 'entropy': 0.12900390625, 'num_tokens': 1958996.0, 'mean_token_accuracy': 0.9684197723865509, 'epoch': 5.9}
 59%|█████▉    | 590/1000 [02:22<01:14,  5.51it/s] 59%|█████▉    | 591/1000 [02:22<01:13,  5.54it/s] 59%|█████▉    | 592/1000 [02:22<01:11,  5.69it/s] 59%|█████▉    | 593/1000 [02:22<01:10,  5.76it/s] 59%|█████▉    | 594/1000 [02:22<01:09,  5.86it/s] 60%|█████▉    | 595/1000 [02:22<01:18,  5.13it/s] 60%|█████▉    | 596/1000 [02:23<01:15,  5.38it/s] 60%|█████▉    | 597/1000 [02:23<01:22,  4.89it/s] 60%|█████▉    | 598/1000 [02:23<01:27,  4.58it/s] 60%|█████▉    | 599/1000 [02:23<01:35,  4.21it/s] 60%|██████    | 600/1000 [02:24<01:31,  4.35it/s]                                                  {'loss': 0.1131, 'grad_norm': 0.9677841663360596, 'learning_rate': 8.020000000000001e-06, 'entropy': 0.12373046875, 'num_tokens': 1993020.0, 'mean_token_accuracy': 0.9700984179973602, 'epoch': 6.0}
 60%|██████    | 600/1000 [02:24<01:31,  4.35it/s] 60%|██████    | 601/1000 [02:24<01:35,  4.18it/s] 60%|██████    | 602/1000 [02:24<01:26,  4.61it/s] 60%|██████    | 603/1000 [02:24<01:19,  4.98it/s] 60%|██████    | 604/1000 [02:24<01:21,  4.88it/s] 60%|██████    | 605/1000 [02:25<01:30,  4.38it/s] 61%|██████    | 606/1000 [02:25<01:36,  4.07it/s] 61%|██████    | 607/1000 [02:25<01:26,  4.52it/s] 61%|██████    | 608/1000 [02:25<01:20,  4.88it/s] 61%|██████    | 609/1000 [02:26<01:16,  5.08it/s] 61%|██████    | 610/1000 [02:26<01:12,  5.35it/s]                                                  {'loss': 0.0955, 'grad_norm': 0.7036017179489136, 'learning_rate': 7.820000000000001e-06, 'entropy': 0.11552734375, 'num_tokens': 2025707.0, 'mean_token_accuracy': 0.9746064841747284, 'epoch': 6.1}
 61%|██████    | 610/1000 [02:26<01:12,  5.35it/s] 61%|██████    | 611/1000 [02:26<01:10,  5.54it/s] 61%|██████    | 612/1000 [02:26<01:18,  4.93it/s] 61%|██████▏   | 613/1000 [02:26<01:13,  5.23it/s] 61%|██████▏   | 614/1000 [02:27<01:20,  4.82it/s] 62%|██████▏   | 615/1000 [02:27<01:25,  4.49it/s] 62%|██████▏   | 616/1000 [02:27<01:18,  4.88it/s] 62%|██████▏   | 617/1000 [02:27<01:13,  5.18it/s] 62%|██████▏   | 618/1000 [02:27<01:20,  4.76it/s] 62%|██████▏   | 619/1000 [02:28<01:16,  4.96it/s] 62%|██████▏   | 620/1000 [02:28<01:12,  5.25it/s]                                                  {'loss': 0.0981, 'grad_norm': 1.066542148590088, 'learning_rate': 7.620000000000001e-06, 'entropy': 0.10439453125, 'num_tokens': 2058217.0, 'mean_token_accuracy': 0.9740287959575653, 'epoch': 6.2}
 62%|██████▏   | 620/1000 [02:28<01:12,  5.25it/s] 62%|██████▏   | 621/1000 [02:28<01:09,  5.46it/s] 62%|██████▏   | 622/1000 [02:28<01:07,  5.63it/s] 62%|██████▏   | 623/1000 [02:28<01:05,  5.74it/s] 62%|██████▏   | 624/1000 [02:28<01:04,  5.83it/s] 62%|██████▎   | 625/1000 [02:29<01:13,  5.14it/s] 63%|██████▎   | 626/1000 [02:29<01:10,  5.34it/s] 63%|██████▎   | 627/1000 [02:29<01:07,  5.55it/s] 63%|██████▎   | 628/1000 [02:29<01:06,  5.62it/s] 63%|██████▎   | 629/1000 [02:29<01:17,  4.76it/s] 63%|██████▎   | 630/1000 [02:30<01:23,  4.44it/s]                                                  {'loss': 0.0996, 'grad_norm': 0.704127848148346, 'learning_rate': 7.420000000000001e-06, 'entropy': 0.104931640625, 'num_tokens': 2091124.0, 'mean_token_accuracy': 0.9737656474113464, 'epoch': 6.3}
 63%|██████▎   | 630/1000 [02:30<01:23,  4.44it/s] 63%|██████▎   | 631/1000 [02:30<01:26,  4.27it/s] 63%|██████▎   | 632/1000 [02:30<01:18,  4.69it/s] 63%|██████▎   | 633/1000 [02:30<01:12,  5.03it/s] 63%|██████▎   | 634/1000 [02:30<01:09,  5.29it/s] 64%|██████▎   | 635/1000 [02:31<01:06,  5.48it/s] 64%|██████▎   | 636/1000 [02:31<01:04,  5.65it/s] 64%|██████▎   | 637/1000 [02:31<01:12,  5.04it/s] 64%|██████▍   | 638/1000 [02:31<01:12,  4.96it/s] 64%|██████▍   | 639/1000 [02:31<01:14,  4.86it/s] 64%|██████▍   | 640/1000 [02:32<01:10,  5.14it/s]                                                  {'loss': 0.0999, 'grad_norm': 0.7173444628715515, 'learning_rate': 7.22e-06, 'entropy': 0.11162109375, 'num_tokens': 2125253.0, 'mean_token_accuracy': 0.9738735914230346, 'epoch': 6.4}
 64%|██████▍   | 640/1000 [02:32<01:10,  5.14it/s] 64%|██████▍   | 641/1000 [02:32<01:06,  5.37it/s] 64%|██████▍   | 642/1000 [02:32<01:04,  5.55it/s] 64%|██████▍   | 643/1000 [02:32<01:02,  5.71it/s] 64%|██████▍   | 644/1000 [02:32<01:01,  5.82it/s] 64%|██████▍   | 645/1000 [02:32<01:05,  5.38it/s] 65%|██████▍   | 646/1000 [02:33<01:12,  4.86it/s] 65%|██████▍   | 647/1000 [02:33<01:17,  4.55it/s] 65%|██████▍   | 648/1000 [02:33<01:12,  4.88it/s] 65%|██████▍   | 649/1000 [02:33<01:16,  4.56it/s] 65%|██████▌   | 650/1000 [02:34<01:11,  4.92it/s]                                                  {'loss': 0.1059, 'grad_norm': 0.8799159526824951, 'learning_rate': 7.0200000000000006e-06, 'entropy': 0.113623046875, 'num_tokens': 2157017.0, 'mean_token_accuracy': 0.9728032886981964, 'epoch': 6.5}
 65%|██████▌   | 650/1000 [02:34<01:11,  4.92it/s] 65%|██████▌   | 651/1000 [02:34<01:07,  5.20it/s] 65%|██████▌   | 652/1000 [02:34<01:04,  5.43it/s] 65%|██████▌   | 653/1000 [02:34<01:10,  4.89it/s] 65%|██████▌   | 654/1000 [02:34<01:18,  4.39it/s] 66%|██████▌   | 655/1000 [02:35<01:21,  4.26it/s] 66%|██████▌   | 656/1000 [02:35<01:22,  4.19it/s] 66%|██████▌   | 657/1000 [02:35<01:22,  4.16it/s] 66%|██████▌   | 658/1000 [02:35<01:14,  4.60it/s] 66%|██████▌   | 659/1000 [02:36<01:17,  4.43it/s] 66%|██████▌   | 660/1000 [02:36<01:10,  4.82it/s]                                                  {'loss': 0.1026, 'grad_norm': 0.8473327159881592, 'learning_rate': 6.820000000000001e-06, 'entropy': 0.1091796875, 'num_tokens': 2189445.0, 'mean_token_accuracy': 0.9733571529388427, 'epoch': 6.6}
 66%|██████▌   | 660/1000 [02:36<01:10,  4.82it/s] 66%|██████▌   | 661/1000 [02:36<01:16,  4.41it/s] 66%|██████▌   | 662/1000 [02:36<01:10,  4.79it/s] 66%|██████▋   | 663/1000 [02:36<01:06,  5.10it/s] 66%|██████▋   | 664/1000 [02:37<01:04,  5.22it/s] 66%|██████▋   | 665/1000 [02:37<01:01,  5.43it/s] 67%|██████▋   | 666/1000 [02:37<01:08,  4.91it/s] 67%|██████▋   | 667/1000 [02:37<01:03,  5.21it/s] 67%|██████▋   | 668/1000 [02:37<01:09,  4.76it/s] 67%|██████▋   | 669/1000 [02:38<01:11,  4.62it/s] 67%|██████▋   | 670/1000 [02:38<01:14,  4.41it/s]                                                  {'loss': 0.1007, 'grad_norm': 0.7434030175209045, 'learning_rate': 6.620000000000001e-06, 'entropy': 0.11103515625, 'num_tokens': 2222157.0, 'mean_token_accuracy': 0.9731461822986602, 'epoch': 6.7}
 67%|██████▋   | 670/1000 [02:38<01:14,  4.41it/s] 67%|██████▋   | 671/1000 [02:38<01:08,  4.78it/s] 67%|██████▋   | 672/1000 [02:38<01:04,  5.10it/s] 67%|██████▋   | 673/1000 [02:38<01:01,  5.33it/s] 67%|██████▋   | 674/1000 [02:39<01:00,  5.40it/s] 68%|██████▊   | 675/1000 [02:39<01:04,  5.01it/s] 68%|██████▊   | 676/1000 [02:39<01:01,  5.28it/s] 68%|██████▊   | 677/1000 [02:39<00:58,  5.51it/s] 68%|██████▊   | 678/1000 [02:39<00:56,  5.67it/s] 68%|██████▊   | 679/1000 [02:39<01:03,  5.02it/s] 68%|██████▊   | 680/1000 [02:40<01:00,  5.30it/s]                                                  {'loss': 0.0933, 'grad_norm': 0.8390434384346008, 'learning_rate': 6.42e-06, 'entropy': 0.1015625, 'num_tokens': 2258276.0, 'mean_token_accuracy': 0.9752011120319366, 'epoch': 6.8}
 68%|██████▊   | 680/1000 [02:40<01:00,  5.30it/s] 68%|██████▊   | 681/1000 [02:40<00:57,  5.51it/s] 68%|██████▊   | 682/1000 [02:40<00:56,  5.66it/s] 68%|██████▊   | 683/1000 [02:40<00:54,  5.79it/s] 68%|██████▊   | 684/1000 [02:40<00:58,  5.42it/s] 68%|██████▊   | 685/1000 [02:41<00:57,  5.50it/s] 69%|██████▊   | 686/1000 [02:41<00:55,  5.65it/s] 69%|██████▊   | 687/1000 [02:41<00:54,  5.77it/s] 69%|██████▉   | 688/1000 [02:41<00:53,  5.87it/s] 69%|██████▉   | 689/1000 [02:41<00:52,  5.93it/s] 69%|██████▉   | 690/1000 [02:41<01:00,  5.10it/s]                                                  {'loss': 0.1016, 'grad_norm': 0.5014532804489136, 'learning_rate': 6.220000000000001e-06, 'entropy': 0.108154296875, 'num_tokens': 2291640.0, 'mean_token_accuracy': 0.9731065571308136, 'epoch': 6.9}
 69%|██████▉   | 690/1000 [02:41<01:00,  5.10it/s] 69%|██████▉   | 691/1000 [02:42<01:05,  4.69it/s] 69%|██████▉   | 692/1000 [02:42<01:11,  4.31it/s] 69%|██████▉   | 693/1000 [02:42<01:05,  4.72it/s] 69%|██████▉   | 694/1000 [02:42<01:08,  4.46it/s] 70%|██████▉   | 695/1000 [02:43<01:03,  4.84it/s] 70%|██████▉   | 696/1000 [02:43<01:09,  4.36it/s] 70%|██████▉   | 697/1000 [02:43<01:11,  4.22it/s] 70%|██████▉   | 698/1000 [02:43<01:05,  4.64it/s] 70%|██████▉   | 699/1000 [02:43<01:00,  4.99it/s] 70%|███████   | 700/1000 [02:44<01:04,  4.63it/s]                                                  {'loss': 0.1024, 'grad_norm': 0.653376579284668, 'learning_rate': 6.02e-06, 'entropy': 0.11337890625, 'num_tokens': 2325190.0, 'mean_token_accuracy': 0.973132997751236, 'epoch': 7.0}
 70%|███████   | 700/1000 [02:44<01:04,  4.63it/s] 70%|███████   | 701/1000 [02:44<01:00,  4.97it/s] 70%|███████   | 702/1000 [02:44<01:04,  4.61it/s] 70%|███████   | 703/1000 [02:44<01:07,  4.37it/s] 70%|███████   | 704/1000 [02:45<01:12,  4.10it/s] 70%|███████   | 705/1000 [02:45<01:04,  4.54it/s] 71%|███████   | 706/1000 [02:45<01:10,  4.18it/s] 71%|███████   | 707/1000 [02:45<01:03,  4.61it/s] 71%|███████   | 708/1000 [02:46<01:09,  4.21it/s] 71%|███████   | 709/1000 [02:46<01:12,  4.00it/s] 71%|███████   | 710/1000 [02:46<01:05,  4.45it/s]                                                  {'loss': 0.0849, 'grad_norm': 0.47770828008651733, 'learning_rate': 5.82e-06, 'entropy': 0.101171875, 'num_tokens': 2359398.0, 'mean_token_accuracy': 0.9777866780757904, 'epoch': 7.1}
 71%|███████   | 710/1000 [02:46<01:05,  4.45it/s] 71%|███████   | 711/1000 [02:46<00:59,  4.84it/s] 71%|███████   | 712/1000 [02:46<00:56,  5.13it/s] 71%|███████▏  | 713/1000 [02:46<00:54,  5.26it/s] 71%|███████▏  | 714/1000 [02:47<00:52,  5.48it/s] 72%|███████▏  | 715/1000 [02:47<00:50,  5.66it/s] 72%|███████▏  | 716/1000 [02:47<00:49,  5.77it/s] 72%|███████▏  | 717/1000 [02:47<00:48,  5.84it/s] 72%|███████▏  | 718/1000 [02:47<00:55,  5.08it/s] 72%|███████▏  | 719/1000 [02:48<00:59,  4.71it/s] 72%|███████▏  | 720/1000 [02:48<00:55,  5.04it/s]                                                  {'loss': 0.0905, 'grad_norm': 0.5091778039932251, 'learning_rate': 5.620000000000001e-06, 'entropy': 0.09658203125, 'num_tokens': 2392152.0, 'mean_token_accuracy': 0.9760409832000733, 'epoch': 7.2}
 72%|███████▏  | 720/1000 [02:48<00:55,  5.04it/s] 72%|███████▏  | 721/1000 [02:48<01:05,  4.29it/s] 72%|███████▏  | 722/1000 [02:48<00:59,  4.68it/s] 72%|███████▏  | 723/1000 [02:49<01:02,  4.46it/s] 72%|███████▏  | 724/1000 [02:49<01:04,  4.28it/s] 72%|███████▎  | 725/1000 [02:49<01:05,  4.19it/s] 73%|███████▎  | 726/1000 [02:49<00:59,  4.61it/s] 73%|███████▎  | 727/1000 [02:49<01:00,  4.52it/s] 73%|███████▎  | 728/1000 [02:50<00:58,  4.62it/s] 73%|███████▎  | 729/1000 [02:50<00:54,  4.98it/s] 73%|███████▎  | 730/1000 [02:50<00:51,  5.26it/s]                                                  {'loss': 0.0935, 'grad_norm': 0.607154130935669, 'learning_rate': 5.420000000000001e-06, 'entropy': 0.09697265625, 'num_tokens': 2424346.0, 'mean_token_accuracy': 0.9748509407043457, 'epoch': 7.3}
 73%|███████▎  | 730/1000 [02:50<00:51,  5.26it/s] 73%|███████▎  | 731/1000 [02:50<00:56,  4.78it/s] 73%|███████▎  | 732/1000 [02:51<00:59,  4.52it/s] 73%|███████▎  | 733/1000 [02:51<00:58,  4.59it/s] 73%|███████▎  | 734/1000 [02:51<00:53,  4.94it/s] 74%|███████▎  | 735/1000 [02:51<00:57,  4.59it/s] 74%|███████▎  | 736/1000 [02:51<01:00,  4.38it/s] 74%|███████▎  | 737/1000 [02:52<00:55,  4.77it/s] 74%|███████▍  | 738/1000 [02:52<00:51,  5.09it/s] 74%|███████▍  | 739/1000 [02:52<00:48,  5.34it/s] 74%|███████▍  | 740/1000 [02:52<00:46,  5.55it/s]                                                  {'loss': 0.0896, 'grad_norm': 0.43968456983566284, 'learning_rate': 5.220000000000001e-06, 'entropy': 0.102197265625, 'num_tokens': 2458000.0, 'mean_token_accuracy': 0.9751446127891541, 'epoch': 7.4}
 74%|███████▍  | 740/1000 [02:52<00:46,  5.55it/s] 74%|███████▍  | 741/1000 [02:52<00:52,  4.95it/s] 74%|███████▍  | 742/1000 [02:52<00:49,  5.22it/s] 74%|███████▍  | 743/1000 [02:53<00:47,  5.45it/s] 74%|███████▍  | 744/1000 [02:53<00:51,  4.95it/s] 74%|███████▍  | 745/1000 [02:53<00:48,  5.22it/s] 75%|███████▍  | 746/1000 [02:53<00:53,  4.74it/s] 75%|███████▍  | 747/1000 [02:53<00:50,  5.04it/s] 75%|███████▍  | 748/1000 [02:54<00:47,  5.30it/s] 75%|███████▍  | 749/1000 [02:54<00:45,  5.51it/s] 75%|███████▌  | 750/1000 [02:54<00:44,  5.67it/s]                                                  {'loss': 0.0901, 'grad_norm': 0.6030542850494385, 'learning_rate': 5.02e-06, 'entropy': 0.097314453125, 'num_tokens': 2491616.0, 'mean_token_accuracy': 0.9753496408462524, 'epoch': 7.5}
 75%|███████▌  | 750/1000 [02:54<00:44,  5.67it/s] 75%|███████▌  | 751/1000 [02:54<00:50,  4.96it/s] 75%|███████▌  | 752/1000 [02:54<00:47,  5.24it/s] 75%|███████▌  | 753/1000 [02:55<00:45,  5.46it/s] 75%|███████▌  | 754/1000 [02:55<00:44,  5.48it/s] 76%|███████▌  | 755/1000 [02:55<00:50,  4.89it/s] 76%|███████▌  | 756/1000 [02:55<00:47,  5.18it/s] 76%|███████▌  | 757/1000 [02:55<00:51,  4.76it/s] 76%|███████▌  | 758/1000 [02:56<00:51,  4.73it/s] 76%|███████▌  | 759/1000 [02:56<00:47,  5.05it/s] 76%|███████▌  | 760/1000 [02:56<00:45,  5.32it/s]                                                  {'loss': 0.0923, 'grad_norm': 0.8238570690155029, 'learning_rate': 4.8200000000000004e-06, 'entropy': 0.099072265625, 'num_tokens': 2524707.0, 'mean_token_accuracy': 0.9750973224639893, 'epoch': 7.6}
 76%|███████▌  | 760/1000 [02:56<00:45,  5.32it/s] 76%|███████▌  | 761/1000 [02:56<00:43,  5.50it/s] 76%|███████▌  | 762/1000 [02:56<00:42,  5.65it/s] 76%|███████▋  | 763/1000 [02:57<00:47,  5.03it/s] 76%|███████▋  | 764/1000 [02:57<00:44,  5.29it/s] 76%|███████▋  | 765/1000 [02:57<00:51,  4.54it/s] 77%|███████▋  | 766/1000 [02:57<00:51,  4.56it/s] 77%|███████▋  | 767/1000 [02:57<00:47,  4.91it/s] 77%|███████▋  | 768/1000 [02:58<00:45,  5.11it/s] 77%|███████▋  | 769/1000 [02:58<00:50,  4.60it/s] 77%|███████▋  | 770/1000 [02:58<00:52,  4.41it/s]                                                  {'loss': 0.0936, 'grad_norm': 0.6005687117576599, 'learning_rate': 4.620000000000001e-06, 'entropy': 0.09853515625, 'num_tokens': 2558274.0, 'mean_token_accuracy': 0.9749022543430328, 'epoch': 7.7}
 77%|███████▋  | 770/1000 [02:58<00:52,  4.41it/s] 77%|███████▋  | 771/1000 [02:58<00:47,  4.78it/s] 77%|███████▋  | 772/1000 [02:58<00:44,  5.10it/s] 77%|███████▋  | 773/1000 [02:59<00:42,  5.36it/s] 77%|███████▋  | 774/1000 [02:59<00:46,  4.84it/s] 78%|███████▊  | 775/1000 [02:59<00:49,  4.52it/s] 78%|███████▊  | 776/1000 [02:59<00:51,  4.37it/s] 78%|███████▊  | 777/1000 [03:00<00:54,  4.08it/s] 78%|███████▊  | 778/1000 [03:00<00:53,  4.18it/s] 78%|███████▊  | 779/1000 [03:00<00:49,  4.49it/s] 78%|███████▊  | 780/1000 [03:00<00:50,  4.35it/s]                                                  {'loss': 0.0945, 'grad_norm': 0.6854366660118103, 'learning_rate': 4.42e-06, 'entropy': 0.102490234375, 'num_tokens': 2591307.0, 'mean_token_accuracy': 0.974055540561676, 'epoch': 7.8}
 78%|███████▊  | 780/1000 [03:00<00:50,  4.35it/s] 78%|███████▊  | 781/1000 [03:00<00:46,  4.74it/s] 78%|███████▊  | 782/1000 [03:01<00:42,  5.08it/s] 78%|███████▊  | 783/1000 [03:01<00:48,  4.51it/s] 78%|███████▊  | 784/1000 [03:01<00:49,  4.33it/s] 78%|███████▊  | 785/1000 [03:01<00:50,  4.22it/s] 79%|███████▊  | 786/1000 [03:02<00:46,  4.57it/s] 79%|███████▊  | 787/1000 [03:02<00:43,  4.93it/s] 79%|███████▉  | 788/1000 [03:02<00:45,  4.62it/s] 79%|███████▉  | 789/1000 [03:02<00:49,  4.24it/s] 79%|███████▉  | 790/1000 [03:02<00:48,  4.34it/s]                                                  {'loss': 0.093, 'grad_norm': 0.43412744998931885, 'learning_rate': 4.22e-06, 'entropy': 0.100048828125, 'num_tokens': 2624754.0, 'mean_token_accuracy': 0.9752766788005829, 'epoch': 7.9}
 79%|███████▉  | 790/1000 [03:02<00:48,  4.34it/s] 79%|███████▉  | 791/1000 [03:03<00:47,  4.37it/s] 79%|███████▉  | 792/1000 [03:03<00:44,  4.71it/s] 79%|███████▉  | 793/1000 [03:03<00:41,  4.99it/s] 79%|███████▉  | 794/1000 [03:03<00:44,  4.65it/s] 80%|███████▉  | 795/1000 [03:03<00:41,  4.92it/s] 80%|███████▉  | 796/1000 [03:04<00:39,  5.14it/s] 80%|███████▉  | 797/1000 [03:04<00:41,  4.85it/s] 80%|███████▉  | 798/1000 [03:04<00:39,  5.09it/s] 80%|███████▉  | 799/1000 [03:04<00:38,  5.28it/s] 80%|████████  | 800/1000 [03:04<00:36,  5.43it/s]                                                  {'loss': 0.095, 'grad_norm': 0.6534795761108398, 'learning_rate': 4.0200000000000005e-06, 'entropy': 0.101904296875, 'num_tokens': 2657360.0, 'mean_token_accuracy': 0.9738004565238952, 'epoch': 8.0}
 80%|████████  | 800/1000 [03:04<00:36,  5.43it/s] 80%|████████  | 801/1000 [03:05<00:42,  4.69it/s] 80%|████████  | 802/1000 [03:05<00:40,  4.91it/s] 80%|████████  | 803/1000 [03:05<00:38,  5.07it/s] 80%|████████  | 804/1000 [03:05<00:41,  4.70it/s] 80%|████████  | 805/1000 [03:06<00:45,  4.25it/s] 81%|████████  | 806/1000 [03:06<00:47,  4.09it/s] 81%|████████  | 807/1000 [03:06<00:43,  4.42it/s] 81%|████████  | 808/1000 [03:06<00:44,  4.32it/s] 81%|████████  | 809/1000 [03:06<00:41,  4.60it/s] 81%|████████  | 810/1000 [03:07<00:43,  4.36it/s]                                                  {'loss': 0.0863, 'grad_norm': 0.38144993782043457, 'learning_rate': 3.820000000000001e-06, 'entropy': 0.10234375, 'num_tokens': 2689247.0, 'mean_token_accuracy': 0.9768705010414124, 'epoch': 8.1}
 81%|████████  | 810/1000 [03:07<00:43,  4.36it/s] 81%|████████  | 811/1000 [03:07<00:40,  4.62it/s] 81%|████████  | 812/1000 [03:07<00:38,  4.86it/s] 81%|████████▏ | 813/1000 [03:07<00:37,  5.04it/s] 81%|████████▏ | 814/1000 [03:07<00:35,  5.18it/s] 82%|████████▏ | 815/1000 [03:08<00:35,  5.27it/s] 82%|████████▏ | 816/1000 [03:08<00:34,  5.33it/s] 82%|████████▏ | 817/1000 [03:08<00:37,  4.84it/s] 82%|████████▏ | 818/1000 [03:08<00:36,  5.02it/s] 82%|████████▏ | 819/1000 [03:08<00:39,  4.57it/s] 82%|████████▏ | 820/1000 [03:09<00:37,  4.80it/s]                                                  {'loss': 0.0854, 'grad_norm': 0.7812379598617554, 'learning_rate': 3.62e-06, 'entropy': 0.094873046875, 'num_tokens': 2721724.0, 'mean_token_accuracy': 0.9757877826690674, 'epoch': 8.2}
 82%|████████▏ | 820/1000 [03:09<00:37,  4.80it/s] 82%|████████▏ | 821/1000 [03:09<00:36,  4.96it/s] 82%|████████▏ | 822/1000 [03:09<00:34,  5.10it/s] 82%|████████▏ | 823/1000 [03:09<00:38,  4.58it/s] 82%|████████▏ | 824/1000 [03:10<00:36,  4.80it/s] 82%|████████▎ | 825/1000 [03:10<00:38,  4.51it/s] 83%|████████▎ | 826/1000 [03:10<00:39,  4.36it/s] 83%|████████▎ | 827/1000 [03:10<00:42,  4.06it/s] 83%|████████▎ | 828/1000 [03:10<00:39,  4.39it/s] 83%|████████▎ | 829/1000 [03:11<00:41,  4.07it/s] 83%|████████▎ | 830/1000 [03:11<00:44,  3.84it/s]                                                  {'loss': 0.0845, 'grad_norm': 0.4337811768054962, 'learning_rate': 3.4200000000000007e-06, 'entropy': 0.089111328125, 'num_tokens': 2755242.0, 'mean_token_accuracy': 0.9765461504459381, 'epoch': 8.3}
 83%|████████▎ | 830/1000 [03:11<00:44,  3.84it/s] 83%|████████▎ | 831/1000 [03:11<00:40,  4.20it/s] 83%|████████▎ | 832/1000 [03:11<00:37,  4.53it/s] 83%|████████▎ | 833/1000 [03:12<00:34,  4.78it/s] 83%|████████▎ | 834/1000 [03:12<00:37,  4.40it/s] 84%|████████▎ | 835/1000 [03:12<00:39,  4.13it/s] 84%|████████▎ | 836/1000 [03:12<00:40,  4.09it/s] 84%|████████▎ | 837/1000 [03:13<00:39,  4.10it/s] 84%|████████▍ | 838/1000 [03:13<00:41,  3.92it/s] 84%|████████▍ | 839/1000 [03:13<00:37,  4.29it/s] 84%|████████▍ | 840/1000 [03:13<00:34,  4.59it/s]                                                  {'loss': 0.0852, 'grad_norm': 0.6314253211021423, 'learning_rate': 3.2200000000000005e-06, 'entropy': 0.090576171875, 'num_tokens': 2788718.0, 'mean_token_accuracy': 0.9767607808113098, 'epoch': 8.4}
 84%|████████▍ | 840/1000 [03:13<00:34,  4.59it/s] 84%|████████▍ | 841/1000 [03:13<00:33,  4.81it/s] 84%|████████▍ | 842/1000 [03:14<00:31,  5.00it/s] 84%|████████▍ | 843/1000 [03:14<00:34,  4.50it/s] 84%|████████▍ | 844/1000 [03:14<00:32,  4.75it/s] 84%|████████▍ | 845/1000 [03:14<00:35,  4.33it/s] 85%|████████▍ | 846/1000 [03:15<00:33,  4.60it/s] 85%|████████▍ | 847/1000 [03:15<00:31,  4.84it/s] 85%|████████▍ | 848/1000 [03:15<00:30,  5.01it/s] 85%|████████▍ | 849/1000 [03:15<00:33,  4.46it/s] 85%|████████▌ | 850/1000 [03:16<00:36,  4.10it/s]                                                  {'loss': 0.0898, 'grad_norm': 0.5032578110694885, 'learning_rate': 3.0200000000000003e-06, 'entropy': 0.09677734375, 'num_tokens': 2820967.0, 'mean_token_accuracy': 0.9750777661800385, 'epoch': 8.5}
 85%|████████▌ | 850/1000 [03:16<00:36,  4.10it/s] 85%|████████▌ | 851/1000 [03:16<00:34,  4.37it/s] 85%|████████▌ | 852/1000 [03:16<00:35,  4.14it/s] 85%|████████▌ | 853/1000 [03:16<00:32,  4.48it/s] 85%|████████▌ | 854/1000 [03:16<00:30,  4.73it/s] 86%|████████▌ | 855/1000 [03:17<00:29,  4.88it/s] 86%|████████▌ | 856/1000 [03:17<00:33,  4.28it/s] 86%|████████▌ | 857/1000 [03:17<00:31,  4.57it/s] 86%|████████▌ | 858/1000 [03:17<00:29,  4.81it/s] 86%|████████▌ | 859/1000 [03:17<00:28,  5.00it/s] 86%|████████▌ | 860/1000 [03:18<00:27,  5.14it/s]                                                  {'loss': 0.0859, 'grad_norm': 0.44781723618507385, 'learning_rate': 2.82e-06, 'entropy': 0.092041015625, 'num_tokens': 2854953.0, 'mean_token_accuracy': 0.9760677754878998, 'epoch': 8.6}
 86%|████████▌ | 860/1000 [03:18<00:27,  5.14it/s] 86%|████████▌ | 861/1000 [03:18<00:26,  5.20it/s] 86%|████████▌ | 862/1000 [03:18<00:28,  4.76it/s] 86%|████████▋ | 863/1000 [03:18<00:27,  4.96it/s] 86%|████████▋ | 864/1000 [03:18<00:26,  5.11it/s] 86%|████████▋ | 865/1000 [03:19<00:26,  5.17it/s] 87%|████████▋ | 866/1000 [03:19<00:28,  4.74it/s] 87%|████████▋ | 867/1000 [03:19<00:26,  4.93it/s] 87%|████████▋ | 868/1000 [03:19<00:29,  4.46it/s] 87%|████████▋ | 869/1000 [03:19<00:27,  4.73it/s] 87%|████████▋ | 870/1000 [03:20<00:26,  4.93it/s]                                                  {'loss': 0.0848, 'grad_norm': 0.4998762011528015, 'learning_rate': 2.6200000000000003e-06, 'entropy': 0.094384765625, 'num_tokens': 2888992.0, 'mean_token_accuracy': 0.9762118816375732, 'epoch': 8.7}
 87%|████████▋ | 870/1000 [03:20<00:26,  4.93it/s] 87%|████████▋ | 871/1000 [03:20<00:29,  4.33it/s] 87%|████████▋ | 872/1000 [03:20<00:30,  4.19it/s] 87%|████████▋ | 873/1000 [03:20<00:28,  4.50it/s] 87%|████████▋ | 874/1000 [03:21<00:26,  4.71it/s] 88%|████████▊ | 875/1000 [03:21<00:25,  4.90it/s] 88%|████████▊ | 876/1000 [03:21<00:28,  4.41it/s] 88%|████████▊ | 877/1000 [03:21<00:29,  4.22it/s] 88%|████████▊ | 878/1000 [03:21<00:26,  4.53it/s] 88%|████████▊ | 879/1000 [03:22<00:25,  4.77it/s] 88%|████████▊ | 880/1000 [03:22<00:23,  5.02it/s]                                                  {'loss': 0.084, 'grad_norm': 0.44121888279914856, 'learning_rate': 2.42e-06, 'entropy': 0.091748046875, 'num_tokens': 2923452.0, 'mean_token_accuracy': 0.9771131038665771, 'epoch': 8.8}
 88%|████████▊ | 880/1000 [03:22<00:23,  5.02it/s] 88%|████████▊ | 881/1000 [03:22<00:23,  5.09it/s] 88%|████████▊ | 882/1000 [03:22<00:22,  5.27it/s] 88%|████████▊ | 883/1000 [03:22<00:21,  5.41it/s] 88%|████████▊ | 884/1000 [03:23<00:21,  5.40it/s] 88%|████████▊ | 885/1000 [03:23<00:20,  5.49it/s] 89%|████████▊ | 886/1000 [03:23<00:20,  5.57it/s] 89%|████████▊ | 887/1000 [03:23<00:20,  5.62it/s] 89%|████████▉ | 888/1000 [03:23<00:21,  5.21it/s] 89%|████████▉ | 889/1000 [03:23<00:20,  5.35it/s] 89%|████████▉ | 890/1000 [03:24<00:20,  5.47it/s]                                                  {'loss': 0.0873, 'grad_norm': 0.5030619502067566, 'learning_rate': 2.2200000000000003e-06, 'entropy': 0.097314453125, 'num_tokens': 2956817.0, 'mean_token_accuracy': 0.9747076153755188, 'epoch': 8.9}
 89%|████████▉ | 890/1000 [03:24<00:20,  5.47it/s] 89%|████████▉ | 891/1000 [03:24<00:23,  4.56it/s] 89%|████████▉ | 892/1000 [03:24<00:22,  4.86it/s] 89%|████████▉ | 893/1000 [03:24<00:21,  5.09it/s] 89%|████████▉ | 894/1000 [03:24<00:20,  5.25it/s] 90%|████████▉ | 895/1000 [03:25<00:19,  5.33it/s] 90%|████████▉ | 896/1000 [03:25<00:19,  5.36it/s] 90%|████████▉ | 897/1000 [03:25<00:19,  5.40it/s] 90%|████████▉ | 898/1000 [03:25<00:18,  5.42it/s] 90%|████████▉ | 899/1000 [03:25<00:18,  5.43it/s] 90%|█████████ | 900/1000 [03:26<00:18,  5.43it/s]                                                  {'loss': 0.0897, 'grad_norm': 0.4558800160884857, 'learning_rate': 2.02e-06, 'entropy': 0.096533203125, 'num_tokens': 2989530.0, 'mean_token_accuracy': 0.9739917993545533, 'epoch': 9.0}
 90%|█████████ | 900/1000 [03:26<00:18,  5.43it/s] 90%|█████████ | 901/1000 [03:26<00:18,  5.41it/s] 90%|█████████ | 902/1000 [03:26<00:18,  5.43it/s] 90%|█████████ | 903/1000 [03:26<00:19,  4.90it/s] 90%|█████████ | 904/1000 [03:26<00:18,  5.07it/s] 90%|█████████ | 905/1000 [03:27<00:20,  4.54it/s] 91%|█████████ | 906/1000 [03:27<00:19,  4.79it/s] 91%|█████████ | 907/1000 [03:27<00:18,  4.97it/s] 91%|█████████ | 908/1000 [03:27<00:19,  4.67it/s] 91%|█████████ | 909/1000 [03:28<00:21,  4.28it/s] 91%|█████████ | 910/1000 [03:28<00:19,  4.58it/s]                                                  {'loss': 0.08, 'grad_norm': 0.3731691539287567, 'learning_rate': 1.8200000000000002e-06, 'entropy': 0.090576171875, 'num_tokens': 3023363.0, 'mean_token_accuracy': 0.9783603549003601, 'epoch': 9.1}
 91%|█████████ | 910/1000 [03:28<00:19,  4.58it/s] 91%|█████████ | 911/1000 [03:28<00:18,  4.78it/s] 91%|█████████ | 912/1000 [03:28<00:17,  4.96it/s] 91%|█████████▏| 913/1000 [03:28<00:17,  5.11it/s] 91%|█████████▏| 914/1000 [03:28<00:16,  5.22it/s] 92%|█████████▏| 915/1000 [03:29<00:16,  5.29it/s] 92%|█████████▏| 916/1000 [03:29<00:15,  5.34it/s] 92%|█████████▏| 917/1000 [03:29<00:15,  5.39it/s] 92%|█████████▏| 918/1000 [03:29<00:17,  4.66it/s] 92%|█████████▏| 919/1000 [03:30<00:19,  4.23it/s] 92%|█████████▏| 920/1000 [03:30<00:17,  4.54it/s]                                                  {'loss': 0.0797, 'grad_norm': 0.5065258741378784, 'learning_rate': 1.6200000000000002e-06, 'entropy': 0.092236328125, 'num_tokens': 3057409.0, 'mean_token_accuracy': 0.9772302985191346, 'epoch': 9.2}
 92%|█████████▏| 920/1000 [03:30<00:17,  4.54it/s] 92%|█████████▏| 921/1000 [03:30<00:18,  4.21it/s] 92%|█████████▏| 922/1000 [03:30<00:17,  4.51it/s] 92%|█████████▏| 923/1000 [03:30<00:16,  4.77it/s] 92%|█████████▏| 924/1000 [03:31<00:17,  4.37it/s] 92%|█████████▎| 925/1000 [03:31<00:16,  4.65it/s] 93%|█████████▎| 926/1000 [03:31<00:15,  4.86it/s] 93%|█████████▎| 927/1000 [03:31<00:14,  5.03it/s] 93%|█████████▎| 928/1000 [03:31<00:15,  4.65it/s] 93%|█████████▎| 929/1000 [03:32<00:15,  4.44it/s] 93%|█████████▎| 930/1000 [03:32<00:16,  4.24it/s]                                                  {'loss': 0.0806, 'grad_norm': 0.4773729741573334, 'learning_rate': 1.42e-06, 'entropy': 0.0890625, 'num_tokens': 3091324.0, 'mean_token_accuracy': 0.9779400646686554, 'epoch': 9.3}
 93%|█████████▎| 930/1000 [03:32<00:16,  4.24it/s] 93%|█████████▎| 931/1000 [03:32<00:15,  4.54it/s] 93%|█████████▎| 932/1000 [03:32<00:15,  4.29it/s] 93%|█████████▎| 933/1000 [03:33<00:14,  4.59it/s] 93%|█████████▎| 934/1000 [03:33<00:13,  4.82it/s] 94%|█████████▎| 935/1000 [03:33<00:12,  5.00it/s] 94%|█████████▎| 936/1000 [03:33<00:12,  5.14it/s] 94%|█████████▎| 937/1000 [03:33<00:12,  5.24it/s] 94%|█████████▍| 938/1000 [03:34<00:11,  5.27it/s] 94%|█████████▍| 939/1000 [03:34<00:11,  5.32it/s] 94%|█████████▍| 940/1000 [03:34<00:11,  5.36it/s]                                                  {'loss': 0.0838, 'grad_norm': 0.45353055000305176, 'learning_rate': 1.2200000000000002e-06, 'entropy': 0.09287109375, 'num_tokens': 3123875.0, 'mean_token_accuracy': 0.9756079494953156, 'epoch': 9.4}
 94%|█████████▍| 940/1000 [03:34<00:11,  5.36it/s] 94%|█████████▍| 941/1000 [03:34<00:10,  5.39it/s] 94%|█████████▍| 942/1000 [03:34<00:12,  4.83it/s] 94%|█████████▍| 943/1000 [03:35<00:11,  4.97it/s] 94%|█████████▍| 944/1000 [03:35<00:10,  5.11it/s] 94%|█████████▍| 945/1000 [03:35<00:10,  5.22it/s] 95%|█████████▍| 946/1000 [03:35<00:10,  5.29it/s] 95%|█████████▍| 947/1000 [03:35<00:11,  4.75it/s] 95%|█████████▍| 948/1000 [03:36<00:10,  4.91it/s] 95%|█████████▍| 949/1000 [03:36<00:10,  5.07it/s] 95%|█████████▌| 950/1000 [03:36<00:09,  5.18it/s]                                                  {'loss': 0.0849, 'grad_norm': 0.4119163751602173, 'learning_rate': 1.02e-06, 'entropy': 0.091357421875, 'num_tokens': 3156220.0, 'mean_token_accuracy': 0.9765820384025574, 'epoch': 9.5}
 95%|█████████▌| 950/1000 [03:36<00:09,  5.18it/s] 95%|█████████▌| 951/1000 [03:36<00:09,  5.24it/s] 95%|█████████▌| 952/1000 [03:36<00:09,  5.30it/s] 95%|█████████▌| 953/1000 [03:36<00:08,  5.36it/s] 95%|█████████▌| 954/1000 [03:37<00:08,  5.39it/s] 96%|█████████▌| 955/1000 [03:37<00:08,  5.42it/s] 96%|█████████▌| 956/1000 [03:37<00:09,  4.72it/s] 96%|█████████▌| 957/1000 [03:37<00:08,  4.93it/s] 96%|█████████▌| 958/1000 [03:38<00:09,  4.57it/s] 96%|█████████▌| 959/1000 [03:38<00:08,  4.81it/s] 96%|█████████▌| 960/1000 [03:38<00:08,  4.99it/s]                                                  {'loss': 0.0825, 'grad_norm': 0.42822179198265076, 'learning_rate': 8.200000000000001e-07, 'entropy': 0.090283203125, 'num_tokens': 3189437.0, 'mean_token_accuracy': 0.9762905240058899, 'epoch': 9.6}
 96%|█████████▌| 960/1000 [03:38<00:08,  4.99it/s] 96%|█████████▌| 961/1000 [03:38<00:08,  4.46it/s] 96%|█████████▌| 962/1000 [03:38<00:08,  4.72it/s] 96%|█████████▋| 963/1000 [03:39<00:07,  4.70it/s] 96%|█████████▋| 964/1000 [03:39<00:07,  4.88it/s] 96%|█████████▋| 965/1000 [03:39<00:06,  5.04it/s] 97%|█████████▋| 966/1000 [03:39<00:06,  5.18it/s] 97%|█████████▋| 967/1000 [03:39<00:06,  5.28it/s] 97%|█████████▋| 968/1000 [03:39<00:05,  5.36it/s] 97%|█████████▋| 969/1000 [03:40<00:06,  4.69it/s] 97%|█████████▋| 970/1000 [03:40<00:06,  4.89it/s]                                                  {'loss': 0.084, 'grad_norm': 0.4847871959209442, 'learning_rate': 6.200000000000001e-07, 'entropy': 0.089111328125, 'num_tokens': 3222334.0, 'mean_token_accuracy': 0.9762531518936157, 'epoch': 9.7}
 97%|█████████▋| 970/1000 [03:40<00:06,  4.89it/s] 97%|█████████▋| 971/1000 [03:40<00:05,  5.04it/s] 97%|█████████▋| 972/1000 [03:40<00:05,  5.18it/s] 97%|█████████▋| 973/1000 [03:40<00:05,  5.27it/s] 97%|█████████▋| 974/1000 [03:41<00:04,  5.34it/s] 98%|█████████▊| 975/1000 [03:41<00:05,  4.68it/s] 98%|█████████▊| 976/1000 [03:41<00:04,  4.87it/s] 98%|█████████▊| 977/1000 [03:41<00:04,  4.67it/s] 98%|█████████▊| 978/1000 [03:42<00:04,  4.84it/s] 98%|█████████▊| 979/1000 [03:42<00:04,  4.95it/s] 98%|█████████▊| 980/1000 [03:42<00:03,  5.11it/s]                                                  {'loss': 0.0866, 'grad_norm': 0.4685414135456085, 'learning_rate': 4.2000000000000006e-07, 'entropy': 0.0935546875, 'num_tokens': 3254195.0, 'mean_token_accuracy': 0.9751345872879028, 'epoch': 9.8}
 98%|█████████▊| 980/1000 [03:42<00:03,  5.11it/s] 98%|█████████▊| 981/1000 [03:42<00:03,  5.19it/s] 98%|█████████▊| 982/1000 [03:42<00:03,  5.27it/s] 98%|█████████▊| 983/1000 [03:42<00:03,  5.32it/s] 98%|█████████▊| 984/1000 [03:43<00:03,  4.63it/s] 98%|█████████▊| 985/1000 [03:43<00:03,  4.83it/s] 99%|█████████▊| 986/1000 [03:43<00:02,  5.00it/s] 99%|█████████▊| 987/1000 [03:43<00:02,  5.14it/s] 99%|█████████▉| 988/1000 [03:43<00:02,  5.24it/s] 99%|█████████▉| 989/1000 [03:44<00:02,  5.31it/s] 99%|█████████▉| 990/1000 [03:44<00:01,  5.36it/s]                                                  {'loss': 0.0831, 'grad_norm': 0.45778942108154297, 'learning_rate': 2.2e-07, 'entropy': 0.09052734375, 'num_tokens': 3287528.0, 'mean_token_accuracy': 0.9764342784881592, 'epoch': 9.9}
 99%|█████████▉| 990/1000 [03:44<00:01,  5.36it/s] 99%|█████████▉| 991/1000 [03:44<00:01,  5.39it/s] 99%|█████████▉| 992/1000 [03:44<00:01,  5.42it/s] 99%|█████████▉| 993/1000 [03:44<00:01,  5.45it/s] 99%|█████████▉| 994/1000 [03:45<00:01,  4.79it/s]100%|█████████▉| 995/1000 [03:45<00:01,  4.95it/s]100%|█████████▉| 996/1000 [03:45<00:01,  3.93it/s]100%|█████████▉| 997/1000 [03:45<00:00,  4.28it/s]100%|█████████▉| 998/1000 [03:46<00:00,  4.26it/s]100%|█████████▉| 999/1000 [03:46<00:00,  4.57it/s]100%|██████████| 1000/1000 [03:46<00:00,  4.81it/s]                                                   {'loss': 0.0822, 'grad_norm': 0.3787117302417755, 'learning_rate': 2e-08, 'entropy': 0.090380859375, 'num_tokens': 3321700.0, 'mean_token_accuracy': 0.9763600885868072, 'epoch': 10.0}
100%|██████████| 1000/1000 [03:46<00:00,  4.81it/s]

Training completed. Do not forget to share your model on huggingface.co/models =)


                                                   {'train_runtime': 227.732, 'train_samples_per_second': 140.516, 'train_steps_per_second': 4.391, 'train_loss': 0.27026616394519803, 'epoch': 10.0}
100%|██████████| 1000/1000 [03:46<00:00,  4.81it/s]100%|██████████| 1000/1000 [03:46<00:00,  4.41it/s]

Time End

2025-11-27 04:06:02.204813
✅ Training finished. Cleaning up...
wandb: updating run metadata
wandb: uploading history steps 99-100, summary, console lines 100-111
wandb: 
wandb: Run history:
wandb:             train/entropy ██▇▇▄▄▃▂▂▂▃▂▂▂▂▂▂▁▁▁▁▁▁▁▁▁▁▁▁▁▁▁▁▁▁▁▁▁▁▁
wandb:               train/epoch ▁▁▁▂▂▂▂▂▂▂▃▃▃▄▄▄▄▄▄▄▅▅▅▅▅▆▆▆▆▆▇▇▇▇▇▇▇▇██
wandb:         train/global_step ▁▁▁▁▁▂▂▂▂▂▃▃▃▃▃▃▄▄▄▄▄▅▅▅▅▅▅▆▆▆▇▇▇▇▇▇▇███
wandb:           train/grad_norm █▁▁▁▁▁▁▁▁▁▁▁▁▁▁▁▁▁▁▁▁▁▁▁▁▁▁▁▁▁▁▁▁▁▁▁▁▁▁▁
wandb:       train/learning_rate ████▇▇▇▇▇▆▆▆▆▆▆▅▅▅▄▄▄▄▄▃▃▃▃▃▃▃▃▃▂▂▂▂▁▁▁▁
wandb:                train/loss █▆▆▆▆▆▃▃▃▃▂▂▂▂▂▁▁▁▁▁▁▁▁▁▁▁▁▁▁▁▁▁▁▁▁▁▁▁▁▁
wandb: train/mean_token_accuracy ▁▂▂▂▂▅▅▅▅▅▇▇▇▇▇▇▇▇██████████████████████
wandb:          train/num_tokens ▁▁▁▁▁▂▂▂▂▂▃▃▃▃▃▃▄▄▄▄▅▅▅▅▅▅▆▆▆▆▇▇▇▇▇▇▇███
wandb: 
wandb: Run summary:
wandb:                total_flos 8.696135630926643e+16
wandb:             train/entropy 0.09038
wandb:               train/epoch 10
wandb:         train/global_step 1000
wandb:           train/grad_norm 0.37871
wandb:       train/learning_rate 0.0
wandb:                train/loss 0.0822
wandb: train/mean_token_accuracy 0.97636
wandb:          train/num_tokens 3321700.0
wandb:                train_loss 0.27027
wandb:                        +3 ...
wandb: 
wandb: 🚀 View run phd_deepspeed_zero1_8_bs_4_3b_20251127_040133 at: https://wandb.ai/alishafique3-kstate/phd_deepspeed_zero1_8_bs_4_3b/runs/om4ivsuk
wandb: ⭐️ View project at: https://wandb.ai/alishafique3-kstate/phd_deepspeed_zero1_8_bs_4_3b
wandb: Synced 5 W&B file(s), 0 media file(s), 0 artifact file(s) and 0 other file(s)
wandb: Find logs at: ./wandb/run-20251127_040214-om4ivsuk/logs
furious-puma-1:127997:129040 [1] NCCL INFO [Service thread] Connection closed by localRank 0
furious-puma-1:128003:129036 [7] NCCL INFO [Service thread] Connection closed by localRank 0
furious-puma-1:127997:128436 [1] NCCL INFO [Service thread] Connection closed by localRank 0
furious-puma-1:128003:128438 [7] NCCL INFO [Service thread] Connection closed by localRank 0
furious-puma-1:127997:129040 [1] NCCL INFO [Service thread] Connection closed by localRank 2
furious-puma-1:127999:129048 [0] NCCL INFO [Service thread] Connection closed by localRank 2
furious-puma-1:127997:128436 [1] NCCL INFO [Service thread] Connection closed by localRank 2
furious-puma-1:127999:128444 [0] NCCL INFO [Service thread] Connection closed by localRank 2
furious-puma-1:127999:129048 [0] NCCL INFO [Service thread] Connection closed by localRank 4
furious-puma-1:127999:128444 [0] NCCL INFO [Service thread] Connection closed by localRank 4
furious-puma-1:128001:129042 [0] NCCL INFO [Service thread] Connection closed by localRank 4
furious-puma-1:128001:128434 [0] NCCL INFO [Service thread] Connection closed by localRank 4
furious-puma-1:128002:129034 [6] NCCL INFO [Service thread] Connection closed by localRank 5
furious-puma-1:128002:128430 [6] NCCL INFO [Service thread] Connection closed by localRank 5
furious-puma-1:128003:129036 [0] NCCL INFO [Service thread] Connection closed by localRank 6
furious-puma-1:128003:128438 [0] NCCL INFO [Service thread] Connection closed by localRank 6
