timestamp, index, name, pstate, utilization.gpu [%], utilization.memory [%], memory.total [MiB], memory.free [MiB], memory.used [MiB], temperature.gpu, temperature.memory, power.draw [W], power.limit [W], power.max_limit [W], clocks.current.graphics [MHz], clocks.current.memory [MHz], fan.speed [%]
2025/11/27 05:23:38.828, 0, NVIDIA H100 80GB HBM3, P0, 0 %, 0 %, 81559 MiB, 81080 MiB, 0 MiB, 34, 43, 70.57 W, 700.00 W, 700.00 W, 345 MHz, 2619 MHz, [N/A]
2025/11/27 05:23:38.836, 1, NVIDIA H100 80GB HBM3, P0, 0 %, 0 %, 81559 MiB, 81080 MiB, 0 MiB, 37, 44, 72.80 W, 700.00 W, 700.00 W, 345 MHz, 2619 MHz, [N/A]
2025/11/27 05:23:38.842, 2, NVIDIA H100 80GB HBM3, P0, 0 %, 0 %, 81559 MiB, 81080 MiB, 0 MiB, 37, 45, 75.87 W, 700.00 W, 700.00 W, 345 MHz, 2619 MHz, [N/A]
2025/11/27 05:23:38.849, 3, NVIDIA H100 80GB HBM3, P0, 0 %, 0 %, 81559 MiB, 81080 MiB, 0 MiB, 33, 42, 71.23 W, 700.00 W, 700.00 W, 345 MHz, 2619 MHz, [N/A]
2025/11/27 05:23:38.856, 4, NVIDIA H100 80GB HBM3, P0, 0 %, 0 %, 81559 MiB, 81080 MiB, 0 MiB, 32, 39, 70.19 W, 700.00 W, 700.00 W, 345 MHz, 2619 MHz, [N/A]
2025/11/27 05:23:38.862, 5, NVIDIA H100 80GB HBM3, P0, 0 %, 0 %, 81559 MiB, 81080 MiB, 0 MiB, 37, 43, 72.42 W, 700.00 W, 700.00 W, 345 MHz, 2619 MHz, [N/A]
2025/11/27 05:23:38.869, 6, NVIDIA H100 80GB HBM3, P0, 0 %, 0 %, 81559 MiB, 81080 MiB, 0 MiB, 36, 44, 70.27 W, 700.00 W, 700.00 W, 345 MHz, 2619 MHz, [N/A]
2025/11/27 05:23:38.876, 7, NVIDIA H100 80GB HBM3, P0, 0 %, 0 %, 81559 MiB, 81080 MiB, 0 MiB, 34, 41, 70.65 W, 700.00 W, 700.00 W, 345 MHz, 2619 MHz, [N/A]
2025/11/27 05:23:43.883, 0, NVIDIA H100 80GB HBM3, P0, 0 %, 0 %, 81559 MiB, 81076 MiB, 4 MiB, 34, 43, 70.82 W, 700.00 W, 700.00 W, 345 MHz, 2619 MHz, [N/A]
2025/11/27 05:23:43.884, 1, NVIDIA H100 80GB HBM3, P0, 0 %, 0 %, 81559 MiB, 81076 MiB, 4 MiB, 37, 44, 75.65 W, 700.00 W, 700.00 W, 345 MHz, 2619 MHz, [N/A]
2025/11/27 05:23:43.885, 2, NVIDIA H100 80GB HBM3, P0, 0 %, 0 %, 81559 MiB, 81076 MiB, 4 MiB, 37, 45, 75.76 W, 700.00 W, 700.00 W, 345 MHz, 2619 MHz, [N/A]
2025/11/27 05:23:43.886, 3, NVIDIA H100 80GB HBM3, P0, 0 %, 0 %, 81559 MiB, 81076 MiB, 4 MiB, 33, 41, 71.32 W, 700.00 W, 700.00 W, 345 MHz, 2619 MHz, [N/A]
2025/11/27 05:23:43.887, 4, NVIDIA H100 80GB HBM3, P0, 0 %, 0 %, 81559 MiB, 81076 MiB, 4 MiB, 32, 40, 70.17 W, 700.00 W, 700.00 W, 345 MHz, 2619 MHz, [N/A]
2025/11/27 05:23:43.887, 5, NVIDIA H100 80GB HBM3, P0, 0 %, 0 %, 81559 MiB, 81076 MiB, 4 MiB, 36, 43, 72.34 W, 700.00 W, 700.00 W, 345 MHz, 2619 MHz, [N/A]
2025/11/27 05:23:43.888, 6, NVIDIA H100 80GB HBM3, P0, 0 %, 0 %, 81559 MiB, 81076 MiB, 4 MiB, 36, 43, 70.23 W, 700.00 W, 700.00 W, 345 MHz, 2619 MHz, [N/A]
2025/11/27 05:23:43.889, 7, NVIDIA H100 80GB HBM3, P0, 0 %, 0 %, 81559 MiB, 81076 MiB, 4 MiB, 34, 41, 70.71 W, 700.00 W, 700.00 W, 345 MHz, 2619 MHz, [N/A]
2025/11/27 05:23:48.890, 0, NVIDIA H100 80GB HBM3, P0, 0 %, 0 %, 81559 MiB, 81076 MiB, 4 MiB, 33, 43, 70.76 W, 700.00 W, 700.00 W, 345 MHz, 2619 MHz, [N/A]
2025/11/27 05:23:48.894, 1, NVIDIA H100 80GB HBM3, P0, 0 %, 0 %, 81559 MiB, 81076 MiB, 4 MiB, 37, 44, 72.65 W, 700.00 W, 700.00 W, 345 MHz, 2619 MHz, [N/A]
2025/11/27 05:23:48.895, 2, NVIDIA H100 80GB HBM3, P0, 0 %, 0 %, 81559 MiB, 81076 MiB, 4 MiB, 37, 44, 75.61 W, 700.00 W, 700.00 W, 345 MHz, 2619 MHz, [N/A]
2025/11/27 05:23:48.896, 3, NVIDIA H100 80GB HBM3, P0, 0 %, 0 %, 81559 MiB, 81076 MiB, 4 MiB, 33, 41, 71.21 W, 700.00 W, 700.00 W, 345 MHz, 2619 MHz, [N/A]
2025/11/27 05:23:48.900, 4, NVIDIA H100 80GB HBM3, P0, 0 %, 0 %, 81559 MiB, 81076 MiB, 4 MiB, 32, 39, 70.13 W, 700.00 W, 700.00 W, 345 MHz, 2619 MHz, [N/A]
2025/11/27 05:23:48.902, 5, NVIDIA H100 80GB HBM3, P0, 0 %, 0 %, 81559 MiB, 81076 MiB, 4 MiB, 36, 43, 72.26 W, 700.00 W, 700.00 W, 345 MHz, 2619 MHz, [N/A]
2025/11/27 05:23:48.904, 6, NVIDIA H100 80GB HBM3, P0, 0 %, 0 %, 81559 MiB, 81076 MiB, 4 MiB, 35, 43, 70.14 W, 700.00 W, 700.00 W, 345 MHz, 2619 MHz, [N/A]
2025/11/27 05:23:48.905, 7, NVIDIA H100 80GB HBM3, P0, 0 %, 0 %, 81559 MiB, 81076 MiB, 4 MiB, 34, 42, 70.72 W, 700.00 W, 700.00 W, 345 MHz, 2619 MHz, [N/A]
2025/11/27 05:23:53.906, 0, NVIDIA H100 80GB HBM3, P0, 1 %, 0 %, 81559 MiB, 80109 MiB, 971 MiB, 35, 43, 116.11 W, 700.00 W, 700.00 W, 1980 MHz, 2619 MHz, [N/A]
2025/11/27 05:23:53.916, 1, NVIDIA H100 80GB HBM3, P0, 0 %, 0 %, 81559 MiB, 80109 MiB, 971 MiB, 38, 44, 122.14 W, 700.00 W, 700.00 W, 1980 MHz, 2619 MHz, [N/A]
2025/11/27 05:23:53.917, 2, NVIDIA H100 80GB HBM3, P0, 1 %, 0 %, 81559 MiB, 80109 MiB, 971 MiB, 38, 44, 123.82 W, 700.00 W, 700.00 W, 1980 MHz, 2619 MHz, [N/A]
2025/11/27 05:23:53.918, 3, NVIDIA H100 80GB HBM3, P0, 0 %, 0 %, 81559 MiB, 80109 MiB, 971 MiB, 34, 41, 119.49 W, 700.00 W, 700.00 W, 1980 MHz, 2619 MHz, [N/A]
2025/11/27 05:23:53.919, 4, NVIDIA H100 80GB HBM3, P0, 1 %, 0 %, 81559 MiB, 80109 MiB, 971 MiB, 33, 39, 116.29 W, 700.00 W, 700.00 W, 1980 MHz, 2619 MHz, [N/A]
2025/11/27 05:23:53.920, 5, NVIDIA H100 80GB HBM3, P0, 1 %, 0 %, 81559 MiB, 80109 MiB, 971 MiB, 37, 43, 120.59 W, 700.00 W, 700.00 W, 1980 MHz, 2619 MHz, [N/A]
2025/11/27 05:23:53.921, 6, NVIDIA H100 80GB HBM3, P0, 0 %, 0 %, 81559 MiB, 80109 MiB, 971 MiB, 36, 43, 117.18 W, 700.00 W, 700.00 W, 1980 MHz, 2619 MHz, [N/A]
2025/11/27 05:23:53.922, 7, NVIDIA H100 80GB HBM3, P0, 0 %, 0 %, 81559 MiB, 80109 MiB, 971 MiB, 35, 41, 116.63 W, 700.00 W, 700.00 W, 1980 MHz, 2619 MHz, [N/A]
2025/11/27 05:23:58.923, 0, NVIDIA H100 80GB HBM3, P0, 4 %, 0 %, 81559 MiB, 74481 MiB, 6599 MiB, 36, 43, 148.95 W, 700.00 W, 700.00 W, 1980 MHz, 2619 MHz, [N/A]
2025/11/27 05:23:58.924, 1, NVIDIA H100 80GB HBM3, P0, 100 %, 2 %, 81559 MiB, 74481 MiB, 6599 MiB, 39, 44, 157.55 W, 700.00 W, 700.00 W, 1980 MHz, 2619 MHz, [N/A]
2025/11/27 05:23:58.925, 2, NVIDIA H100 80GB HBM3, P0, 100 %, 0 %, 81559 MiB, 74481 MiB, 6599 MiB, 39, 46, 158.96 W, 700.00 W, 700.00 W, 1980 MHz, 2619 MHz, [N/A]
2025/11/27 05:23:58.926, 3, NVIDIA H100 80GB HBM3, P0, 100 %, 2 %, 81559 MiB, 74481 MiB, 6599 MiB, 35, 43, 154.90 W, 700.00 W, 700.00 W, 1980 MHz, 2619 MHz, [N/A]
2025/11/27 05:23:58.927, 4, NVIDIA H100 80GB HBM3, P0, 100 %, 2 %, 81559 MiB, 74481 MiB, 6599 MiB, 35, 41, 151.84 W, 700.00 W, 700.00 W, 1980 MHz, 2619 MHz, [N/A]
2025/11/27 05:23:58.927, 5, NVIDIA H100 80GB HBM3, P0, 100 %, 2 %, 81559 MiB, 74481 MiB, 6599 MiB, 38, 43, 156.40 W, 700.00 W, 700.00 W, 1980 MHz, 2619 MHz, [N/A]
2025/11/27 05:23:58.928, 6, NVIDIA H100 80GB HBM3, P0, 100 %, 2 %, 81559 MiB, 74481 MiB, 6599 MiB, 37, 43, 151.47 W, 700.00 W, 700.00 W, 1980 MHz, 2619 MHz, [N/A]
2025/11/27 05:23:58.928, 7, NVIDIA H100 80GB HBM3, P0, 100 %, 2 %, 81559 MiB, 74481 MiB, 6599 MiB, 36, 43, 150.99 W, 700.00 W, 700.00 W, 1980 MHz, 2619 MHz, [N/A]
2025/11/27 05:24:03.929, 0, NVIDIA H100 80GB HBM3, P0, 0 %, 0 %, 81559 MiB, 74481 MiB, 6599 MiB, 35, 43, 116.40 W, 700.00 W, 700.00 W, 1980 MHz, 2619 MHz, [N/A]
2025/11/27 05:24:03.930, 1, NVIDIA H100 80GB HBM3, P0, 0 %, 0 %, 81559 MiB, 74481 MiB, 6599 MiB, 38, 44, 122.24 W, 700.00 W, 700.00 W, 1980 MHz, 2619 MHz, [N/A]
2025/11/27 05:24:03.931, 2, NVIDIA H100 80GB HBM3, P0, 0 %, 0 %, 81559 MiB, 74481 MiB, 6599 MiB, 38, 44, 123.43 W, 700.00 W, 700.00 W, 1980 MHz, 2619 MHz, [N/A]
2025/11/27 05:24:03.932, 3, NVIDIA H100 80GB HBM3, P0, 0 %, 0 %, 81559 MiB, 74481 MiB, 6599 MiB, 34, 42, 119.70 W, 700.00 W, 700.00 W, 1980 MHz, 2619 MHz, [N/A]
2025/11/27 05:24:03.932, 4, NVIDIA H100 80GB HBM3, P0, 0 %, 0 %, 81559 MiB, 74481 MiB, 6599 MiB, 34, 40, 115.78 W, 700.00 W, 700.00 W, 1980 MHz, 2619 MHz, [N/A]
2025/11/27 05:24:03.933, 5, NVIDIA H100 80GB HBM3, P0, 0 %, 0 %, 81559 MiB, 74481 MiB, 6599 MiB, 37, 43, 120.76 W, 700.00 W, 700.00 W, 1980 MHz, 2619 MHz, [N/A]
2025/11/27 05:24:03.933, 6, NVIDIA H100 80GB HBM3, P0, 0 %, 0 %, 81559 MiB, 74481 MiB, 6599 MiB, 37, 43, 116.93 W, 700.00 W, 700.00 W, 1980 MHz, 2619 MHz, [N/A]
2025/11/27 05:24:03.934, 7, NVIDIA H100 80GB HBM3, P0, 0 %, 0 %, 81559 MiB, 74481 MiB, 6599 MiB, 35, 41, 116.32 W, 700.00 W, 700.00 W, 1980 MHz, 2619 MHz, [N/A]
2025/11/27 05:24:08.935, 0, NVIDIA H100 80GB HBM3, P0, 0 %, 0 %, 81559 MiB, 74481 MiB, 6599 MiB, 35, 43, 116.39 W, 700.00 W, 700.00 W, 1980 MHz, 2619 MHz, [N/A]
2025/11/27 05:24:08.936, 1, NVIDIA H100 80GB HBM3, P0, 0 %, 0 %, 81559 MiB, 74481 MiB, 6599 MiB, 38, 44, 122.12 W, 700.00 W, 700.00 W, 1980 MHz, 2619 MHz, [N/A]
2025/11/27 05:24:08.937, 2, NVIDIA H100 80GB HBM3, P0, 0 %, 0 %, 81559 MiB, 74481 MiB, 6599 MiB, 38, 44, 123.38 W, 700.00 W, 700.00 W, 1980 MHz, 2619 MHz, [N/A]
2025/11/27 05:24:08.937, 3, NVIDIA H100 80GB HBM3, P0, 0 %, 0 %, 81559 MiB, 74481 MiB, 6599 MiB, 34, 42, 119.68 W, 700.00 W, 700.00 W, 1980 MHz, 2619 MHz, [N/A]
2025/11/27 05:24:08.938, 4, NVIDIA H100 80GB HBM3, P0, 0 %, 0 %, 81559 MiB, 74481 MiB, 6599 MiB, 34, 39, 115.78 W, 700.00 W, 700.00 W, 1980 MHz, 2619 MHz, [N/A]
2025/11/27 05:24:08.939, 5, NVIDIA H100 80GB HBM3, P0, 0 %, 0 %, 81559 MiB, 74481 MiB, 6599 MiB, 37, 43, 120.72 W, 700.00 W, 700.00 W, 1980 MHz, 2619 MHz, [N/A]
2025/11/27 05:24:08.939, 6, NVIDIA H100 80GB HBM3, P0, 0 %, 0 %, 81559 MiB, 74481 MiB, 6599 MiB, 37, 43, 116.87 W, 700.00 W, 700.00 W, 1980 MHz, 2619 MHz, [N/A]
2025/11/27 05:24:08.939, 7, NVIDIA H100 80GB HBM3, P0, 0 %, 0 %, 81559 MiB, 74481 MiB, 6599 MiB, 35, 41, 116.26 W, 700.00 W, 700.00 W, 1980 MHz, 2619 MHz, [N/A]
2025/11/27 05:24:13.940, 0, NVIDIA H100 80GB HBM3, P0, 0 %, 0 %, 81559 MiB, 74481 MiB, 6599 MiB, 35, 43, 116.37 W, 700.00 W, 700.00 W, 1980 MHz, 2619 MHz, [N/A]
2025/11/27 05:24:13.942, 1, NVIDIA H100 80GB HBM3, P0, 0 %, 0 %, 81559 MiB, 74481 MiB, 6599 MiB, 38, 44, 122.04 W, 700.00 W, 700.00 W, 1980 MHz, 2619 MHz, [N/A]
2025/11/27 05:24:13.942, 2, NVIDIA H100 80GB HBM3, P0, 0 %, 0 %, 81559 MiB, 74481 MiB, 6599 MiB, 38, 44, 123.34 W, 700.00 W, 700.00 W, 1980 MHz, 2619 MHz, [N/A]
2025/11/27 05:24:13.943, 3, NVIDIA H100 80GB HBM3, P0, 0 %, 0 %, 81559 MiB, 74481 MiB, 6599 MiB, 34, 42, 119.69 W, 700.00 W, 700.00 W, 1980 MHz, 2619 MHz, [N/A]
2025/11/27 05:24:13.944, 4, NVIDIA H100 80GB HBM3, P0, 0 %, 0 %, 81559 MiB, 74481 MiB, 6599 MiB, 34, 39, 115.76 W, 700.00 W, 700.00 W, 1980 MHz, 2619 MHz, [N/A]
2025/11/27 05:24:13.944, 5, NVIDIA H100 80GB HBM3, P0, 0 %, 0 %, 81559 MiB, 74481 MiB, 6599 MiB, 37, 43, 121.54 W, 700.00 W, 700.00 W, 1980 MHz, 2619 MHz, [N/A]
2025/11/27 05:24:13.945, 6, NVIDIA H100 80GB HBM3, P0, 100 %, 0 %, 81559 MiB, 74481 MiB, 6599 MiB, 37, 43, 119.11 W, 700.00 W, 700.00 W, 1980 MHz, 2619 MHz, [N/A]
2025/11/27 05:24:13.945, 7, NVIDIA H100 80GB HBM3, P0, 0 %, 0 %, 81559 MiB, 74481 MiB, 6599 MiB, 35, 41, 117.73 W, 700.00 W, 700.00 W, 1980 MHz, 2619 MHz, [N/A]
2025/11/27 05:24:18.946, 0, NVIDIA H100 80GB HBM3, P0, 0 %, 0 %, 81559 MiB, 74481 MiB, 6599 MiB, 35, 43, 116.37 W, 700.00 W, 700.00 W, 1980 MHz, 2619 MHz, [N/A]
2025/11/27 05:24:18.947, 1, NVIDIA H100 80GB HBM3, P0, 0 %, 0 %, 81559 MiB, 74481 MiB, 6599 MiB, 38, 44, 122.13 W, 700.00 W, 700.00 W, 1980 MHz, 2619 MHz, [N/A]
2025/11/27 05:24:18.948, 2, NVIDIA H100 80GB HBM3, P0, 100 %, 0 %, 81559 MiB, 74481 MiB, 6599 MiB, 38, 44, 125.57 W, 700.00 W, 700.00 W, 1980 MHz, 2619 MHz, [N/A]
2025/11/27 05:24:18.949, 3, NVIDIA H100 80GB HBM3, P0, 100 %, 0 %, 81559 MiB, 74481 MiB, 6599 MiB, 34, 42, 122.49 W, 700.00 W, 700.00 W, 1980 MHz, 2619 MHz, [N/A]
2025/11/27 05:24:18.950, 4, NVIDIA H100 80GB HBM3, P0, 0 %, 0 %, 81559 MiB, 74481 MiB, 6599 MiB, 34, 39, 115.70 W, 700.00 W, 700.00 W, 1980 MHz, 2619 MHz, [N/A]
2025/11/27 05:24:18.950, 5, NVIDIA H100 80GB HBM3, P0, 100 %, 0 %, 81559 MiB, 74481 MiB, 6599 MiB, 37, 43, 122.93 W, 700.00 W, 700.00 W, 1980 MHz, 2619 MHz, [N/A]
2025/11/27 05:24:18.951, 6, NVIDIA H100 80GB HBM3, P0, 100 %, 0 %, 81559 MiB, 74481 MiB, 6599 MiB, 37, 43, 119.59 W, 700.00 W, 700.00 W, 1980 MHz, 2619 MHz, [N/A]
2025/11/27 05:24:18.951, 7, NVIDIA H100 80GB HBM3, P0, 0 %, 0 %, 81559 MiB, 74481 MiB, 6599 MiB, 35, 41, 116.33 W, 700.00 W, 700.00 W, 1980 MHz, 2619 MHz, [N/A]
2025/11/27 05:24:23.952, 0, NVIDIA H100 80GB HBM3, P0, 100 %, 10 %, 81559 MiB, 73479 MiB, 7601 MiB, 35, 43, 122.28 W, 700.00 W, 700.00 W, 1980 MHz, 2619 MHz, [N/A]
2025/11/27 05:24:23.953, 1, NVIDIA H100 80GB HBM3, P0, 0 %, 0 %, 81559 MiB, 73479 MiB, 7601 MiB, 38, 44, 129.04 W, 700.00 W, 700.00 W, 1980 MHz, 2619 MHz, [N/A]
2025/11/27 05:24:23.954, 2, NVIDIA H100 80GB HBM3, P0, 100 %, 0 %, 81559 MiB, 73479 MiB, 7601 MiB, 38, 44, 125.53 W, 700.00 W, 700.00 W, 1980 MHz, 2619 MHz, [N/A]
2025/11/27 05:24:23.955, 3, NVIDIA H100 80GB HBM3, P0, 87 %, 16 %, 81559 MiB, 73479 MiB, 7601 MiB, 34, 42, 128.77 W, 700.00 W, 700.00 W, 1980 MHz, 2619 MHz, [N/A]
2025/11/27 05:24:23.955, 4, NVIDIA H100 80GB HBM3, P0, 100 %, 9 %, 81559 MiB, 73479 MiB, 7601 MiB, 34, 39, 123.40 W, 700.00 W, 700.00 W, 1980 MHz, 2619 MHz, [N/A]
2025/11/27 05:24:23.956, 5, NVIDIA H100 80GB HBM3, P0, 100 %, 0 %, 81559 MiB, 73479 MiB, 7601 MiB, 38, 45, 127.49 W, 700.00 W, 700.00 W, 1980 MHz, 2619 MHz, [N/A]
2025/11/27 05:24:23.956, 6, NVIDIA H100 80GB HBM3, P0, 100 %, 0 %, 81559 MiB, 73479 MiB, 7601 MiB, 37, 45, 128.95 W, 700.00 W, 700.00 W, 1980 MHz, 2619 MHz, [N/A]
2025/11/27 05:24:23.957, 7, NVIDIA H100 80GB HBM3, P0, 100 %, 0 %, 81559 MiB, 73479 MiB, 7601 MiB, 35, 41, 122.31 W, 700.00 W, 700.00 W, 1980 MHz, 2619 MHz, [N/A]
2025/11/27 05:24:28.958, 0, NVIDIA H100 80GB HBM3, P0, 0 %, 0 %, 81559 MiB, 66815 MiB, 14265 MiB, 35, 43, 136.94 W, 700.00 W, 700.00 W, 1980 MHz, 2619 MHz, [N/A]
2025/11/27 05:24:28.959, 1, NVIDIA H100 80GB HBM3, P0, 100 %, 0 %, 81559 MiB, 66815 MiB, 14265 MiB, 38, 45, 142.02 W, 700.00 W, 700.00 W, 1980 MHz, 2619 MHz, [N/A]
2025/11/27 05:24:28.960, 2, NVIDIA H100 80GB HBM3, P0, 100 %, 0 %, 81559 MiB, 66815 MiB, 14265 MiB, 38, 45, 144.21 W, 700.00 W, 700.00 W, 1980 MHz, 2619 MHz, [N/A]
2025/11/27 05:24:28.961, 3, NVIDIA H100 80GB HBM3, P0, 100 %, 0 %, 81559 MiB, 66815 MiB, 14265 MiB, 35, 43, 140.53 W, 700.00 W, 700.00 W, 1980 MHz, 2619 MHz, [N/A]
2025/11/27 05:24:28.961, 4, NVIDIA H100 80GB HBM3, P0, 100 %, 0 %, 81559 MiB, 66815 MiB, 14265 MiB, 34, 39, 136.11 W, 700.00 W, 700.00 W, 1980 MHz, 2619 MHz, [N/A]
2025/11/27 05:24:28.962, 5, NVIDIA H100 80GB HBM3, P0, 100 %, 0 %, 81559 MiB, 66815 MiB, 14265 MiB, 37, 43, 142.86 W, 700.00 W, 700.00 W, 1980 MHz, 2619 MHz, [N/A]
2025/11/27 05:24:28.962, 6, NVIDIA H100 80GB HBM3, P0, 100 %, 0 %, 81559 MiB, 66815 MiB, 14265 MiB, 37, 43, 137.39 W, 700.00 W, 700.00 W, 1980 MHz, 2619 MHz, [N/A]
2025/11/27 05:24:28.963, 7, NVIDIA H100 80GB HBM3, P0, 100 %, 0 %, 81559 MiB, 66815 MiB, 14265 MiB, 35, 41, 136.83 W, 700.00 W, 700.00 W, 1980 MHz, 2619 MHz, [N/A]
2025/11/27 05:24:33.967, 0, NVIDIA H100 80GB HBM3, P0, 100 %, 26 %, 81559 MiB, 47649 MiB, 33431 MiB, 39, 47, 253.90 W, 700.00 W, 700.00 W, 1980 MHz, 2619 MHz, [N/A]
2025/11/27 05:24:33.968, 1, NVIDIA H100 80GB HBM3, P0, 41 %, 25 %, 81559 MiB, 46921 MiB, 34159 MiB, 42, 48, 263.80 W, 700.00 W, 700.00 W, 1980 MHz, 2619 MHz, [N/A]
2025/11/27 05:24:33.969, 2, NVIDIA H100 80GB HBM3, P0, 100 %, 25 %, 81559 MiB, 47519 MiB, 33561 MiB, 42, 48, 258.53 W, 700.00 W, 700.00 W, 1980 MHz, 2619 MHz, [N/A]
2025/11/27 05:24:33.970, 3, NVIDIA H100 80GB HBM3, P0, 95 %, 26 %, 81559 MiB, 44819 MiB, 36261 MiB, 39, 47, 255.00 W, 700.00 W, 700.00 W, 1980 MHz, 2619 MHz, [N/A]
2025/11/27 05:24:33.970, 4, NVIDIA H100 80GB HBM3, P0, 100 %, 28 %, 81559 MiB, 46853 MiB, 34227 MiB, 37, 44, 268.37 W, 700.00 W, 700.00 W, 1980 MHz, 2619 MHz, [N/A]
2025/11/27 05:24:33.971, 5, NVIDIA H100 80GB HBM3, P0, 100 %, 25 %, 81559 MiB, 47349 MiB, 33731 MiB, 41, 47, 255.97 W, 700.00 W, 700.00 W, 1980 MHz, 2619 MHz, [N/A]
2025/11/27 05:24:33.972, 6, NVIDIA H100 80GB HBM3, P0, 100 %, 25 %, 81559 MiB, 45469 MiB, 35611 MiB, 40, 47, 250.08 W, 700.00 W, 700.00 W, 1980 MHz, 2619 MHz, [N/A]
2025/11/27 05:24:33.972, 7, NVIDIA H100 80GB HBM3, P0, 100 %, 26 %, 81559 MiB, 47449 MiB, 33631 MiB, 39, 46, 251.36 W, 700.00 W, 700.00 W, 1980 MHz, 2619 MHz, [N/A]
2025/11/27 05:24:38.974, 0, NVIDIA H100 80GB HBM3, P0, 92 %, 26 %, 81559 MiB, 43315 MiB, 37765 MiB, 40, 51, 270.43 W, 700.00 W, 700.00 W, 1980 MHz, 2619 MHz, [N/A]
2025/11/27 05:24:38.975, 1, NVIDIA H100 80GB HBM3, P0, 41 %, 24 %, 81559 MiB, 46919 MiB, 34161 MiB, 43, 50, 258.33 W, 700.00 W, 700.00 W, 1980 MHz, 2619 MHz, [N/A]
2025/11/27 05:24:38.976, 2, NVIDIA H100 80GB HBM3, P0, 100 %, 27 %, 81559 MiB, 47511 MiB, 33569 MiB, 43, 50, 290.06 W, 700.00 W, 700.00 W, 1980 MHz, 2619 MHz, [N/A]
2025/11/27 05:24:38.976, 3, NVIDIA H100 80GB HBM3, P0, 94 %, 38 %, 81559 MiB, 44809 MiB, 36271 MiB, 39, 47, 279.89 W, 700.00 W, 700.00 W, 1980 MHz, 2619 MHz, [N/A]
2025/11/27 05:24:38.977, 4, NVIDIA H100 80GB HBM3, P0, 91 %, 27 %, 81559 MiB, 46209 MiB, 34871 MiB, 40, 47, 297.09 W, 700.00 W, 700.00 W, 1980 MHz, 2619 MHz, [N/A]
2025/11/27 05:24:38.977, 5, NVIDIA H100 80GB HBM3, P0, 100 %, 27 %, 81559 MiB, 47335 MiB, 33745 MiB, 42, 47, 262.32 W, 700.00 W, 700.00 W, 1980 MHz, 2619 MHz, [N/A]
2025/11/27 05:24:38.978, 6, NVIDIA H100 80GB HBM3, P0, 100 %, 28 %, 81559 MiB, 45449 MiB, 35631 MiB, 41, 47, 273.10 W, 700.00 W, 700.00 W, 1980 MHz, 2619 MHz, [N/A]
2025/11/27 05:24:38.979, 7, NVIDIA H100 80GB HBM3, P0, 100 %, 26 %, 81559 MiB, 40357 MiB, 40723 MiB, 40, 47, 265.34 W, 700.00 W, 700.00 W, 1980 MHz, 2619 MHz, [N/A]
2025/11/27 05:24:43.980, 0, NVIDIA H100 80GB HBM3, P0, 100 %, 12 %, 81559 MiB, 43311 MiB, 37769 MiB, 40, 48, 273.39 W, 700.00 W, 700.00 W, 1980 MHz, 2619 MHz, [N/A]
2025/11/27 05:24:43.981, 1, NVIDIA H100 80GB HBM3, P0, 63 %, 7 %, 81559 MiB, 46905 MiB, 34175 MiB, 43, 49, 259.71 W, 700.00 W, 700.00 W, 1980 MHz, 2619 MHz, [N/A]
2025/11/27 05:24:43.982, 2, NVIDIA H100 80GB HBM3, P0, 61 %, 15 %, 81559 MiB, 47507 MiB, 33573 MiB, 43, 50, 275.19 W, 700.00 W, 700.00 W, 1980 MHz, 2619 MHz, [N/A]
2025/11/27 05:24:43.983, 3, NVIDIA H100 80GB HBM3, P0, 100 %, 13 %, 81559 MiB, 44805 MiB, 36275 MiB, 39, 49, 253.20 W, 700.00 W, 700.00 W, 1980 MHz, 2619 MHz, [N/A]
2025/11/27 05:24:43.984, 4, NVIDIA H100 80GB HBM3, P0, 26 %, 12 %, 81559 MiB, 46205 MiB, 34875 MiB, 39, 45, 250.90 W, 700.00 W, 700.00 W, 1980 MHz, 2619 MHz, [N/A]
2025/11/27 05:24:43.984, 5, NVIDIA H100 80GB HBM3, P0, 99 %, 12 %, 81559 MiB, 46723 MiB, 34357 MiB, 42, 47, 303.44 W, 700.00 W, 700.00 W, 1980 MHz, 2619 MHz, [N/A]
2025/11/27 05:24:43.985, 6, NVIDIA H100 80GB HBM3, P0, 57 %, 8 %, 81559 MiB, 45445 MiB, 35635 MiB, 41, 49, 257.55 W, 700.00 W, 700.00 W, 1980 MHz, 2619 MHz, [N/A]
2025/11/27 05:24:43.986, 7, NVIDIA H100 80GB HBM3, P0, 88 %, 40 %, 81559 MiB, 40353 MiB, 40727 MiB, 40, 47, 255.74 W, 700.00 W, 700.00 W, 1980 MHz, 2619 MHz, [N/A]
2025/11/27 05:24:48.987, 0, NVIDIA H100 80GB HBM3, P0, 57 %, 15 %, 81559 MiB, 43305 MiB, 37775 MiB, 41, 47, 238.62 W, 700.00 W, 700.00 W, 1980 MHz, 2619 MHz, [N/A]
2025/11/27 05:24:48.988, 1, NVIDIA H100 80GB HBM3, P0, 96 %, 17 %, 81559 MiB, 46905 MiB, 34175 MiB, 43, 50, 258.68 W, 700.00 W, 700.00 W, 1980 MHz, 2619 MHz, [N/A]
2025/11/27 05:24:48.989, 2, NVIDIA H100 80GB HBM3, P0, 97 %, 11 %, 81559 MiB, 47505 MiB, 33575 MiB, 43, 50, 257.82 W, 700.00 W, 700.00 W, 1980 MHz, 2619 MHz, [N/A]
2025/11/27 05:24:48.990, 3, NVIDIA H100 80GB HBM3, P0, 70 %, 17 %, 81559 MiB, 44805 MiB, 36275 MiB, 39, 49, 263.45 W, 700.00 W, 700.00 W, 1980 MHz, 2619 MHz, [N/A]
2025/11/27 05:24:48.991, 4, NVIDIA H100 80GB HBM3, P0, 52 %, 14 %, 81559 MiB, 46203 MiB, 34877 MiB, 39, 47, 258.48 W, 700.00 W, 700.00 W, 1980 MHz, 2619 MHz, [N/A]
2025/11/27 05:24:48.991, 5, NVIDIA H100 80GB HBM3, P0, 48 %, 12 %, 81559 MiB, 46721 MiB, 34359 MiB, 43, 47, 273.89 W, 700.00 W, 700.00 W, 1980 MHz, 2619 MHz, [N/A]
2025/11/27 05:24:48.992, 6, NVIDIA H100 80GB HBM3, P0, 52 %, 14 %, 81559 MiB, 45443 MiB, 35637 MiB, 42, 47, 253.33 W, 700.00 W, 700.00 W, 1980 MHz, 2619 MHz, [N/A]
2025/11/27 05:24:48.994, 7, NVIDIA H100 80GB HBM3, P0, 100 %, 11 %, 81559 MiB, 40353 MiB, 40727 MiB, 40, 47, 266.24 W, 700.00 W, 700.00 W, 1980 MHz, 2619 MHz, [N/A]
2025/11/27 05:24:53.995, 0, NVIDIA H100 80GB HBM3, P0, 94 %, 18 %, 81559 MiB, 43303 MiB, 37777 MiB, 42, 49, 278.85 W, 700.00 W, 700.00 W, 1980 MHz, 2619 MHz, [N/A]
2025/11/27 05:24:53.996, 1, NVIDIA H100 80GB HBM3, P0, 33 %, 20 %, 81559 MiB, 46271 MiB, 34809 MiB, 44, 51, 263.86 W, 700.00 W, 700.00 W, 1980 MHz, 2619 MHz, [N/A]
2025/11/27 05:24:53.997, 2, NVIDIA H100 80GB HBM3, P0, 100 %, 26 %, 81559 MiB, 47499 MiB, 33581 MiB, 45, 50, 283.21 W, 700.00 W, 700.00 W, 1980 MHz, 2619 MHz, [N/A]
2025/11/27 05:24:53.998, 3, NVIDIA H100 80GB HBM3, P0, 89 %, 32 %, 81559 MiB, 44803 MiB, 36277 MiB, 40, 49, 273.03 W, 700.00 W, 700.00 W, 1980 MHz, 2619 MHz, [N/A]
2025/11/27 05:24:53.998, 4, NVIDIA H100 80GB HBM3, P0, 89 %, 13 %, 81559 MiB, 46201 MiB, 34879 MiB, 40, 49, 277.37 W, 700.00 W, 700.00 W, 1980 MHz, 2619 MHz, [N/A]
2025/11/27 05:24:53.999, 5, NVIDIA H100 80GB HBM3, P0, 100 %, 13 %, 81559 MiB, 46719 MiB, 34361 MiB, 44, 51, 274.82 W, 700.00 W, 700.00 W, 1980 MHz, 2619 MHz, [N/A]
2025/11/27 05:24:54.000, 6, NVIDIA H100 80GB HBM3, P0, 100 %, 17 %, 81559 MiB, 45441 MiB, 35639 MiB, 43, 49, 268.29 W, 700.00 W, 700.00 W, 1980 MHz, 2619 MHz, [N/A]
2025/11/27 05:24:54.000, 7, NVIDIA H100 80GB HBM3, P0, 100 %, 24 %, 81559 MiB, 40349 MiB, 40731 MiB, 41, 47, 252.88 W, 700.00 W, 700.00 W, 1980 MHz, 2619 MHz, [N/A]
2025/11/27 05:24:59.001, 0, NVIDIA H100 80GB HBM3, P0, 69 %, 13 %, 81559 MiB, 43281 MiB, 37799 MiB, 43, 49, 282.13 W, 700.00 W, 700.00 W, 1980 MHz, 2619 MHz, [N/A]
2025/11/27 05:24:59.002, 1, NVIDIA H100 80GB HBM3, P0, 25 %, 10 %, 81559 MiB, 46271 MiB, 34809 MiB, 45, 51, 261.89 W, 700.00 W, 700.00 W, 1980 MHz, 2619 MHz, [N/A]
2025/11/27 05:24:59.004, 2, NVIDIA H100 80GB HBM3, P0, 62 %, 11 %, 81559 MiB, 47493 MiB, 33587 MiB, 45, 50, 275.03 W, 700.00 W, 700.00 W, 1980 MHz, 2619 MHz, [N/A]
2025/11/27 05:24:59.005, 3, NVIDIA H100 80GB HBM3, P0, 55 %, 11 %, 81559 MiB, 44799 MiB, 36281 MiB, 41, 49, 245.27 W, 700.00 W, 700.00 W, 1980 MHz, 2619 MHz, [N/A]
2025/11/27 05:24:59.005, 4, NVIDIA H100 80GB HBM3, P0, 40 %, 16 %, 81559 MiB, 45517 MiB, 35563 MiB, 40, 45, 285.70 W, 700.00 W, 700.00 W, 1980 MHz, 2619 MHz, [N/A]
2025/11/27 05:24:59.006, 5, NVIDIA H100 80GB HBM3, P0, 97 %, 17 %, 81559 MiB, 46717 MiB, 34363 MiB, 43, 49, 262.38 W, 700.00 W, 700.00 W, 1980 MHz, 2619 MHz, [N/A]
2025/11/27 05:24:59.007, 6, NVIDIA H100 80GB HBM3, P0, 100 %, 14 %, 81559 MiB, 45441 MiB, 35639 MiB, 44, 49, 257.56 W, 700.00 W, 700.00 W, 1980 MHz, 2619 MHz, [N/A]
2025/11/27 05:24:59.009, 7, NVIDIA H100 80GB HBM3, P0, 100 %, 12 %, 81559 MiB, 40349 MiB, 40731 MiB, 42, 49, 246.78 W, 700.00 W, 700.00 W, 1980 MHz, 2619 MHz, [N/A]
2025/11/27 05:25:04.010, 0, NVIDIA H100 80GB HBM3, P0, 28 %, 13 %, 81559 MiB, 43281 MiB, 37799 MiB, 43, 50, 266.69 W, 700.00 W, 700.00 W, 1980 MHz, 2619 MHz, [N/A]
2025/11/27 05:25:04.011, 1, NVIDIA H100 80GB HBM3, P0, 100 %, 24 %, 81559 MiB, 46269 MiB, 34811 MiB, 46, 54, 295.56 W, 700.00 W, 700.00 W, 1980 MHz, 2619 MHz, [N/A]
2025/11/27 05:25:04.012, 2, NVIDIA H100 80GB HBM3, P0, 76 %, 14 %, 81559 MiB, 47493 MiB, 33587 MiB, 46, 53, 298.31 W, 700.00 W, 700.00 W, 1980 MHz, 2619 MHz, [N/A]
2025/11/27 05:25:04.013, 3, NVIDIA H100 80GB HBM3, P0, 94 %, 17 %, 81559 MiB, 44799 MiB, 36281 MiB, 42, 51, 307.02 W, 700.00 W, 700.00 W, 1980 MHz, 2619 MHz, [N/A]
2025/11/27 05:25:04.013, 4, NVIDIA H100 80GB HBM3, P0, 100 %, 15 %, 81559 MiB, 45517 MiB, 35563 MiB, 41, 48, 278.97 W, 700.00 W, 700.00 W, 1980 MHz, 2619 MHz, [N/A]
2025/11/27 05:25:04.014, 5, NVIDIA H100 80GB HBM3, P0, 64 %, 21 %, 81559 MiB, 46717 MiB, 34363 MiB, 45, 51, 318.43 W, 700.00 W, 700.00 W, 1980 MHz, 2619 MHz, [N/A]
2025/11/27 05:25:04.014, 6, NVIDIA H100 80GB HBM3, P0, 100 %, 21 %, 81559 MiB, 45439 MiB, 35641 MiB, 44, 51, 272.96 W, 700.00 W, 700.00 W, 1980 MHz, 2619 MHz, [N/A]
2025/11/27 05:25:04.015, 7, NVIDIA H100 80GB HBM3, P0, 99 %, 21 %, 81559 MiB, 40347 MiB, 40733 MiB, 43, 51, 324.86 W, 700.00 W, 700.00 W, 1980 MHz, 2619 MHz, [N/A]
2025/11/27 05:25:09.016, 0, NVIDIA H100 80GB HBM3, P0, 57 %, 32 %, 81559 MiB, 43277 MiB, 37803 MiB, 44, 53, 291.49 W, 700.00 W, 700.00 W, 1980 MHz, 2619 MHz, [N/A]
2025/11/27 05:25:09.018, 1, NVIDIA H100 80GB HBM3, P0, 93 %, 24 %, 81559 MiB, 46265 MiB, 34815 MiB, 47, 55, 295.93 W, 700.00 W, 700.00 W, 1980 MHz, 2619 MHz, [N/A]
2025/11/27 05:25:09.018, 2, NVIDIA H100 80GB HBM3, P0, 56 %, 33 %, 81559 MiB, 42477 MiB, 38603 MiB, 47, 54, 317.67 W, 700.00 W, 700.00 W, 1980 MHz, 2619 MHz, [N/A]
2025/11/27 05:25:09.019, 3, NVIDIA H100 80GB HBM3, P0, 56 %, 29 %, 81559 MiB, 44787 MiB, 36293 MiB, 44, 54, 335.42 W, 700.00 W, 700.00 W, 1980 MHz, 2619 MHz, [N/A]
2025/11/27 05:25:09.020, 4, NVIDIA H100 80GB HBM3, P0, 88 %, 36 %, 81559 MiB, 45513 MiB, 35567 MiB, 42, 48, 302.55 W, 700.00 W, 700.00 W, 1980 MHz, 2619 MHz, [N/A]
2025/11/27 05:25:09.021, 5, NVIDIA H100 80GB HBM3, P0, 83 %, 57 %, 81559 MiB, 40987 MiB, 40093 MiB, 47, 53, 356.34 W, 700.00 W, 700.00 W, 1980 MHz, 2619 MHz, [N/A]
2025/11/27 05:25:09.021, 6, NVIDIA H100 80GB HBM3, P0, 47 %, 21 %, 81559 MiB, 45435 MiB, 35645 MiB, 44, 51, 290.72 W, 700.00 W, 700.00 W, 1980 MHz, 2619 MHz, [N/A]
2025/11/27 05:25:09.022, 7, NVIDIA H100 80GB HBM3, P0, 64 %, 29 %, 81559 MiB, 40343 MiB, 40737 MiB, 43, 50, 291.17 W, 700.00 W, 700.00 W, 1980 MHz, 2619 MHz, [N/A]
2025/11/27 05:25:14.023, 0, NVIDIA H100 80GB HBM3, P0, 80 %, 45 %, 81559 MiB, 43277 MiB, 37803 MiB, 44, 53, 324.39 W, 700.00 W, 700.00 W, 1980 MHz, 2619 MHz, [N/A]
2025/11/27 05:25:14.024, 1, NVIDIA H100 80GB HBM3, P0, 57 %, 32 %, 81559 MiB, 46265 MiB, 34815 MiB, 48, 57, 332.06 W, 700.00 W, 700.00 W, 1980 MHz, 2619 MHz, [N/A]
2025/11/27 05:25:14.025, 2, NVIDIA H100 80GB HBM3, P0, 78 %, 44 %, 81559 MiB, 42475 MiB, 38605 MiB, 48, 55, 346.59 W, 700.00 W, 700.00 W, 1980 MHz, 2619 MHz, [N/A]
2025/11/27 05:25:14.026, 3, NVIDIA H100 80GB HBM3, P0, 87 %, 36 %, 81559 MiB, 40863 MiB, 40217 MiB, 44, 55, 334.81 W, 700.00 W, 700.00 W, 1980 MHz, 2619 MHz, [N/A]
2025/11/27 05:25:14.027, 4, NVIDIA H100 80GB HBM3, P0, 85 %, 45 %, 81559 MiB, 45513 MiB, 35567 MiB, 41, 49, 313.05 W, 700.00 W, 700.00 W, 1980 MHz, 2619 MHz, [N/A]
2025/11/27 05:25:14.027, 5, NVIDIA H100 80GB HBM3, P0, 100 %, 48 %, 81559 MiB, 40985 MiB, 40095 MiB, 47, 53, 337.48 W, 700.00 W, 700.00 W, 1980 MHz, 2619 MHz, [N/A]
2025/11/27 05:25:14.028, 6, NVIDIA H100 80GB HBM3, P0, 65 %, 27 %, 81559 MiB, 45435 MiB, 35645 MiB, 47, 56, 340.67 W, 700.00 W, 700.00 W, 1980 MHz, 2619 MHz, [N/A]
2025/11/27 05:25:14.029, 7, NVIDIA H100 80GB HBM3, P0, 56 %, 37 %, 81559 MiB, 40341 MiB, 40739 MiB, 45, 51, 378.92 W, 700.00 W, 700.00 W, 1980 MHz, 2619 MHz, [N/A]
2025/11/27 05:25:19.030, 0, NVIDIA H100 80GB HBM3, P0, 95 %, 39 %, 81559 MiB, 43273 MiB, 37807 MiB, 46, 55, 294.60 W, 700.00 W, 700.00 W, 1980 MHz, 2619 MHz, [N/A]
2025/11/27 05:25:19.031, 1, NVIDIA H100 80GB HBM3, P0, 74 %, 54 %, 81559 MiB, 46263 MiB, 34817 MiB, 49, 56, 332.91 W, 700.00 W, 700.00 W, 1980 MHz, 2619 MHz, [N/A]
2025/11/27 05:25:19.032, 2, NVIDIA H100 80GB HBM3, P0, 95 %, 40 %, 81559 MiB, 42465 MiB, 38615 MiB, 50, 57, 351.64 W, 700.00 W, 700.00 W, 1980 MHz, 2619 MHz, [N/A]
2025/11/27 05:25:19.033, 3, NVIDIA H100 80GB HBM3, P0, 94 %, 44 %, 81559 MiB, 40861 MiB, 40219 MiB, 45, 53, 338.24 W, 700.00 W, 700.00 W, 1980 MHz, 2619 MHz, [N/A]
2025/11/27 05:25:19.033, 4, NVIDIA H100 80GB HBM3, P0, 98 %, 46 %, 81559 MiB, 45509 MiB, 35571 MiB, 44, 54, 329.54 W, 700.00 W, 700.00 W, 1980 MHz, 2619 MHz, [N/A]
2025/11/27 05:25:19.034, 5, NVIDIA H100 80GB HBM3, P0, 87 %, 37 %, 81559 MiB, 40983 MiB, 40097 MiB, 47, 53, 330.36 W, 700.00 W, 700.00 W, 1980 MHz, 2619 MHz, [N/A]
2025/11/27 05:25:19.034, 6, NVIDIA H100 80GB HBM3, P0, 88 %, 43 %, 81559 MiB, 45431 MiB, 35649 MiB, 47, 55, 320.48 W, 700.00 W, 700.00 W, 1980 MHz, 2619 MHz, [N/A]
2025/11/27 05:25:19.035, 7, NVIDIA H100 80GB HBM3, P0, 94 %, 48 %, 81559 MiB, 40339 MiB, 40741 MiB, 45, 53, 308.28 W, 700.00 W, 700.00 W, 1980 MHz, 2619 MHz, [N/A]
2025/11/27 05:25:24.036, 0, NVIDIA H100 80GB HBM3, P0, 98 %, 28 %, 81559 MiB, 43271 MiB, 37809 MiB, 45, 52, 343.93 W, 700.00 W, 700.00 W, 1980 MHz, 2619 MHz, [N/A]
2025/11/27 05:25:24.037, 1, NVIDIA H100 80GB HBM3, P0, 45 %, 23 %, 81559 MiB, 45577 MiB, 35503 MiB, 49, 55, 325.94 W, 700.00 W, 700.00 W, 1980 MHz, 2619 MHz, [N/A]
2025/11/27 05:25:24.039, 2, NVIDIA H100 80GB HBM3, P0, 79 %, 29 %, 81559 MiB, 42463 MiB, 38617 MiB, 50, 56, 345.01 W, 700.00 W, 700.00 W, 1980 MHz, 2619 MHz, [N/A]
2025/11/27 05:25:24.040, 3, NVIDIA H100 80GB HBM3, P0, 99 %, 23 %, 81559 MiB, 40859 MiB, 40221 MiB, 44, 55, 359.76 W, 700.00 W, 700.00 W, 1980 MHz, 2619 MHz, [N/A]
2025/11/27 05:25:24.041, 4, NVIDIA H100 80GB HBM3, P0, 99 %, 25 %, 81559 MiB, 45507 MiB, 35573 MiB, 42, 49, 326.21 W, 700.00 W, 700.00 W, 1980 MHz, 2619 MHz, [N/A]
2025/11/27 05:25:24.042, 5, NVIDIA H100 80GB HBM3, P0, 98 %, 30 %, 81559 MiB, 40981 MiB, 40099 MiB, 48, 54, 333.60 W, 700.00 W, 700.00 W, 1980 MHz, 2619 MHz, [N/A]
2025/11/27 05:25:24.043, 6, NVIDIA H100 80GB HBM3, P0, 55 %, 23 %, 81559 MiB, 45429 MiB, 35651 MiB, 47, 53, 320.29 W, 700.00 W, 700.00 W, 1980 MHz, 2619 MHz, [N/A]
2025/11/27 05:25:24.044, 7, NVIDIA H100 80GB HBM3, P0, 50 %, 19 %, 81559 MiB, 40337 MiB, 40743 MiB, 45, 53, 321.43 W, 700.00 W, 700.00 W, 1980 MHz, 2619 MHz, [N/A]
2025/11/27 05:25:29.046, 0, NVIDIA H100 80GB HBM3, P0, 55 %, 23 %, 81559 MiB, 43271 MiB, 37809 MiB, 44, 53, 322.85 W, 700.00 W, 700.00 W, 1980 MHz, 2619 MHz, [N/A]
2025/11/27 05:25:29.047, 1, NVIDIA H100 80GB HBM3, P0, 99 %, 22 %, 81559 MiB, 45577 MiB, 35503 MiB, 48, 54, 339.16 W, 700.00 W, 700.00 W, 1980 MHz, 2619 MHz, [N/A]
2025/11/27 05:25:29.048, 2, NVIDIA H100 80GB HBM3, P0, 98 %, 28 %, 81559 MiB, 42461 MiB, 38619 MiB, 50, 56, 360.87 W, 700.00 W, 700.00 W, 1980 MHz, 2619 MHz, [N/A]
2025/11/27 05:25:29.049, 3, NVIDIA H100 80GB HBM3, P0, 99 %, 25 %, 81559 MiB, 40855 MiB, 40225 MiB, 44, 54, 317.11 W, 700.00 W, 700.00 W, 1980 MHz, 2619 MHz, [N/A]
2025/11/27 05:25:29.050, 4, NVIDIA H100 80GB HBM3, P0, 95 %, 22 %, 81559 MiB, 44793 MiB, 36287 MiB, 42, 49, 334.64 W, 700.00 W, 700.00 W, 1980 MHz, 2619 MHz, [N/A]
2025/11/27 05:25:29.051, 5, NVIDIA H100 80GB HBM3, P0, 46 %, 24 %, 81559 MiB, 40979 MiB, 40101 MiB, 48, 55, 342.97 W, 700.00 W, 700.00 W, 1980 MHz, 2619 MHz, [N/A]
2025/11/27 05:25:29.052, 6, NVIDIA H100 80GB HBM3, P0, 65 %, 22 %, 81559 MiB, 45425 MiB, 35655 MiB, 47, 53, 338.28 W, 700.00 W, 700.00 W, 1980 MHz, 2619 MHz, [N/A]
2025/11/27 05:25:29.053, 7, NVIDIA H100 80GB HBM3, P0, 47 %, 20 %, 81559 MiB, 40333 MiB, 40747 MiB, 45, 53, 317.07 W, 700.00 W, 700.00 W, 1980 MHz, 2619 MHz, [N/A]
2025/11/27 05:25:34.054, 0, NVIDIA H100 80GB HBM3, P0, 85 %, 34 %, 81559 MiB, 43267 MiB, 37813 MiB, 45, 53, 340.01 W, 700.00 W, 700.00 W, 1980 MHz, 2619 MHz, [N/A]
2025/11/27 05:25:34.055, 1, NVIDIA H100 80GB HBM3, P0, 93 %, 31 %, 81559 MiB, 45575 MiB, 35505 MiB, 50, 58, 363.84 W, 700.00 W, 700.00 W, 1980 MHz, 2619 MHz, [N/A]
2025/11/27 05:25:34.056, 2, NVIDIA H100 80GB HBM3, P0, 55 %, 32 %, 81559 MiB, 41551 MiB, 39529 MiB, 50, 56, 360.75 W, 700.00 W, 700.00 W, 1980 MHz, 2619 MHz, [N/A]
2025/11/27 05:25:34.057, 3, NVIDIA H100 80GB HBM3, P0, 62 %, 32 %, 81559 MiB, 40855 MiB, 40225 MiB, 44, 52, 316.82 W, 700.00 W, 700.00 W, 1980 MHz, 2619 MHz, [N/A]
2025/11/27 05:25:34.058, 4, NVIDIA H100 80GB HBM3, P0, 85 %, 39 %, 81559 MiB, 44789 MiB, 36291 MiB, 43, 50, 344.78 W, 700.00 W, 700.00 W, 1980 MHz, 2619 MHz, [N/A]
2025/11/27 05:25:34.058, 5, NVIDIA H100 80GB HBM3, P0, 59 %, 15 %, 81559 MiB, 40977 MiB, 40103 MiB, 48, 53, 326.53 W, 700.00 W, 700.00 W, 1980 MHz, 2619 MHz, [N/A]
2025/11/27 05:25:34.059, 6, NVIDIA H100 80GB HBM3, P0, 97 %, 16 %, 81559 MiB, 45425 MiB, 35655 MiB, 47, 54, 317.95 W, 700.00 W, 700.00 W, 1980 MHz, 2619 MHz, [N/A]
2025/11/27 05:25:34.060, 7, NVIDIA H100 80GB HBM3, P0, 47 %, 25 %, 81559 MiB, 40333 MiB, 40747 MiB, 45, 53, 326.01 W, 700.00 W, 700.00 W, 1980 MHz, 2619 MHz, [N/A]
2025/11/27 05:25:39.061, 0, NVIDIA H100 80GB HBM3, P0, 49 %, 32 %, 81559 MiB, 43265 MiB, 37815 MiB, 46, 54, 324.43 W, 700.00 W, 700.00 W, 1980 MHz, 2619 MHz, [N/A]
2025/11/27 05:25:39.062, 1, NVIDIA H100 80GB HBM3, P0, 96 %, 20 %, 81559 MiB, 45573 MiB, 35507 MiB, 50, 57, 389.69 W, 700.00 W, 700.00 W, 1980 MHz, 2619 MHz, [N/A]
2025/11/27 05:25:39.063, 2, NVIDIA H100 80GB HBM3, P0, 54 %, 29 %, 81559 MiB, 41549 MiB, 39531 MiB, 50, 57, 360.64 W, 700.00 W, 700.00 W, 1980 MHz, 2619 MHz, [N/A]
2025/11/27 05:25:39.064, 3, NVIDIA H100 80GB HBM3, P0, 92 %, 21 %, 81559 MiB, 40853 MiB, 40227 MiB, 44, 52, 335.27 W, 700.00 W, 700.00 W, 1980 MHz, 2619 MHz, [N/A]
2025/11/27 05:25:39.064, 4, NVIDIA H100 80GB HBM3, P0, 90 %, 34 %, 81559 MiB, 44787 MiB, 36293 MiB, 43, 50, 316.26 W, 700.00 W, 700.00 W, 1980 MHz, 2619 MHz, [N/A]
2025/11/27 05:25:39.065, 5, NVIDIA H100 80GB HBM3, P0, 100 %, 22 %, 81559 MiB, 40977 MiB, 40103 MiB, 49, 55, 332.82 W, 700.00 W, 700.00 W, 1980 MHz, 2619 MHz, [N/A]
2025/11/27 05:25:39.066, 6, NVIDIA H100 80GB HBM3, P0, 80 %, 16 %, 81559 MiB, 45423 MiB, 35657 MiB, 47, 53, 332.73 W, 700.00 W, 700.00 W, 1980 MHz, 2619 MHz, [N/A]
2025/11/27 05:25:39.066, 7, NVIDIA H100 80GB HBM3, P0, 99 %, 26 %, 81559 MiB, 40331 MiB, 40749 MiB, 46, 54, 344.55 W, 700.00 W, 700.00 W, 1980 MHz, 2619 MHz, [N/A]
2025/11/27 05:25:44.067, 0, NVIDIA H100 80GB HBM3, P0, 94 %, 47 %, 81559 MiB, 43265 MiB, 37815 MiB, 46, 56, 331.96 W, 700.00 W, 700.00 W, 1980 MHz, 2619 MHz, [N/A]
2025/11/27 05:25:44.068, 1, NVIDIA H100 80GB HBM3, P0, 78 %, 47 %, 81559 MiB, 45571 MiB, 35509 MiB, 49, 56, 350.31 W, 700.00 W, 700.00 W, 1980 MHz, 2619 MHz, [N/A]
2025/11/27 05:25:44.069, 2, NVIDIA H100 80GB HBM3, P0, 94 %, 47 %, 81559 MiB, 41549 MiB, 39531 MiB, 50, 56, 331.51 W, 700.00 W, 700.00 W, 1980 MHz, 2619 MHz, [N/A]
2025/11/27 05:25:44.070, 3, NVIDIA H100 80GB HBM3, P0, 87 %, 45 %, 81559 MiB, 40851 MiB, 40229 MiB, 44, 53, 329.53 W, 700.00 W, 700.00 W, 1980 MHz, 2619 MHz, [N/A]
2025/11/27 05:25:44.071, 4, NVIDIA H100 80GB HBM3, P0, 94 %, 43 %, 81559 MiB, 39101 MiB, 41979 MiB, 43, 49, 310.00 W, 700.00 W, 700.00 W, 1980 MHz, 2619 MHz, [N/A]
2025/11/27 05:25:44.072, 5, NVIDIA H100 80GB HBM3, P0, 49 %, 32 %, 81559 MiB, 40975 MiB, 40105 MiB, 49, 55, 330.92 W, 700.00 W, 700.00 W, 1980 MHz, 2619 MHz, [N/A]
2025/11/27 05:25:44.072, 6, NVIDIA H100 80GB HBM3, P0, 57 %, 32 %, 81559 MiB, 45423 MiB, 35657 MiB, 49, 57, 350.47 W, 700.00 W, 700.00 W, 1980 MHz, 2619 MHz, [N/A]
2025/11/27 05:25:44.073, 7, NVIDIA H100 80GB HBM3, P0, 49 %, 14 %, 81559 MiB, 40331 MiB, 40749 MiB, 44, 53, 315.33 W, 700.00 W, 700.00 W, 1980 MHz, 2619 MHz, [N/A]
2025/11/27 05:25:49.075, 0, NVIDIA H100 80GB HBM3, P0, 53 %, 36 %, 81559 MiB, 43261 MiB, 37819 MiB, 45, 54, 295.40 W, 700.00 W, 700.00 W, 1980 MHz, 2619 MHz, [N/A]
2025/11/27 05:25:49.076, 1, NVIDIA H100 80GB HBM3, P0, 93 %, 27 %, 81559 MiB, 45571 MiB, 35509 MiB, 50, 57, 338.41 W, 700.00 W, 700.00 W, 1980 MHz, 2619 MHz, [N/A]
2025/11/27 05:25:49.077, 2, NVIDIA H100 80GB HBM3, P0, 57 %, 33 %, 81559 MiB, 41549 MiB, 39531 MiB, 50, 57, 334.21 W, 700.00 W, 700.00 W, 1980 MHz, 2619 MHz, [N/A]
2025/11/27 05:25:49.077, 3, NVIDIA H100 80GB HBM3, P0, 62 %, 32 %, 81559 MiB, 40849 MiB, 40231 MiB, 45, 54, 371.87 W, 700.00 W, 700.00 W, 1980 MHz, 2619 MHz, [N/A]
2025/11/27 05:25:49.078, 4, NVIDIA H100 80GB HBM3, P0, 87 %, 36 %, 81559 MiB, 39101 MiB, 41979 MiB, 43, 49, 323.37 W, 700.00 W, 700.00 W, 1980 MHz, 2619 MHz, [N/A]
2025/11/27 05:25:49.078, 5, NVIDIA H100 80GB HBM3, P0, 35 %, 18 %, 81559 MiB, 40971 MiB, 40109 MiB, 50, 55, 336.04 W, 700.00 W, 700.00 W, 1980 MHz, 2619 MHz, [N/A]
2025/11/27 05:25:49.079, 6, NVIDIA H100 80GB HBM3, P0, 69 %, 19 %, 81559 MiB, 45419 MiB, 35661 MiB, 50, 56, 355.94 W, 700.00 W, 700.00 W, 1980 MHz, 2619 MHz, [N/A]
2025/11/27 05:25:49.080, 7, NVIDIA H100 80GB HBM3, P0, 100 %, 21 %, 81559 MiB, 40323 MiB, 40757 MiB, 46, 53, 356.41 W, 700.00 W, 700.00 W, 1980 MHz, 2619 MHz, [N/A]
2025/11/27 05:25:54.080, 0, NVIDIA H100 80GB HBM3, P0, 98 %, 22 %, 81559 MiB, 43261 MiB, 37819 MiB, 46, 54, 330.67 W, 700.00 W, 700.00 W, 1980 MHz, 2619 MHz, [N/A]
2025/11/27 05:25:54.082, 1, NVIDIA H100 80GB HBM3, P0, 62 %, 20 %, 81559 MiB, 45567 MiB, 35513 MiB, 49, 58, 320.21 W, 700.00 W, 700.00 W, 1980 MHz, 2619 MHz, [N/A]
2025/11/27 05:25:54.083, 2, NVIDIA H100 80GB HBM3, P0, 85 %, 25 %, 81559 MiB, 41547 MiB, 39533 MiB, 49, 56, 335.31 W, 700.00 W, 700.00 W, 1980 MHz, 2619 MHz, [N/A]
2025/11/27 05:25:54.084, 3, NVIDIA H100 80GB HBM3, P0, 98 %, 25 %, 81559 MiB, 40849 MiB, 40231 MiB, 44, 53, 335.90 W, 700.00 W, 700.00 W, 1980 MHz, 2619 MHz, [N/A]
2025/11/27 05:25:54.085, 4, NVIDIA H100 80GB HBM3, P0, 100 %, 20 %, 81559 MiB, 39097 MiB, 41983 MiB, 44, 51, 335.28 W, 700.00 W, 700.00 W, 1980 MHz, 2619 MHz, [N/A]
2025/11/27 05:25:54.086, 5, NVIDIA H100 80GB HBM3, P0, 97 %, 26 %, 81559 MiB, 40971 MiB, 40109 MiB, 49, 55, 326.39 W, 700.00 W, 700.00 W, 1980 MHz, 2619 MHz, [N/A]
2025/11/27 05:25:54.087, 6, NVIDIA H100 80GB HBM3, P0, 55 %, 22 %, 81559 MiB, 41419 MiB, 39661 MiB, 49, 56, 340.24 W, 700.00 W, 700.00 W, 1980 MHz, 2619 MHz, [N/A]
2025/11/27 05:25:54.087, 7, NVIDIA H100 80GB HBM3, P0, 86 %, 37 %, 81559 MiB, 40323 MiB, 40757 MiB, 45, 52, 310.23 W, 700.00 W, 700.00 W, 1980 MHz, 2619 MHz, [N/A]
2025/11/27 05:25:59.088, 0, NVIDIA H100 80GB HBM3, P0, 76 %, 21 %, 81559 MiB, 43259 MiB, 37821 MiB, 45, 53, 345.30 W, 700.00 W, 700.00 W, 1980 MHz, 2619 MHz, [N/A]
2025/11/27 05:25:59.089, 1, NVIDIA H100 80GB HBM3, P0, 61 %, 19 %, 81559 MiB, 45567 MiB, 35513 MiB, 49, 55, 341.04 W, 700.00 W, 700.00 W, 1980 MHz, 2619 MHz, [N/A]
2025/11/27 05:25:59.091, 2, NVIDIA H100 80GB HBM3, P0, 98 %, 23 %, 81559 MiB, 41545 MiB, 39535 MiB, 50, 56, 346.48 W, 700.00 W, 700.00 W, 1980 MHz, 2619 MHz, [N/A]
2025/11/27 05:25:59.092, 3, NVIDIA H100 80GB HBM3, P0, 69 %, 17 %, 81559 MiB, 40847 MiB, 40233 MiB, 44, 53, 306.20 W, 700.00 W, 700.00 W, 1980 MHz, 2619 MHz, [N/A]
2025/11/27 05:25:59.093, 4, NVIDIA H100 80GB HBM3, P0, 97 %, 25 %, 81559 MiB, 39097 MiB, 41983 MiB, 44, 51, 316.01 W, 700.00 W, 700.00 W, 1980 MHz, 2619 MHz, [N/A]
2025/11/27 05:25:59.093, 5, NVIDIA H100 80GB HBM3, P0, 88 %, 16 %, 81559 MiB, 40969 MiB, 40111 MiB, 49, 56, 330.85 W, 700.00 W, 700.00 W, 1980 MHz, 2619 MHz, [N/A]
2025/11/27 05:25:59.094, 6, NVIDIA H100 80GB HBM3, P0, 69 %, 20 %, 81559 MiB, 41419 MiB, 39661 MiB, 49, 55, 333.63 W, 700.00 W, 700.00 W, 1980 MHz, 2619 MHz, [N/A]
2025/11/27 05:25:59.096, 7, NVIDIA H100 80GB HBM3, P0, 100 %, 22 %, 81559 MiB, 40321 MiB, 40759 MiB, 44, 51, 312.52 W, 700.00 W, 700.00 W, 1980 MHz, 2619 MHz, [N/A]
2025/11/27 05:26:04.097, 0, NVIDIA H100 80GB HBM3, P0, 100 %, 24 %, 81559 MiB, 43259 MiB, 37821 MiB, 47, 56, 338.07 W, 700.00 W, 700.00 W, 1980 MHz, 2619 MHz, [N/A]
2025/11/27 05:26:04.099, 1, NVIDIA H100 80GB HBM3, P0, 100 %, 23 %, 81559 MiB, 45565 MiB, 35515 MiB, 50, 56, 330.48 W, 700.00 W, 700.00 W, 1980 MHz, 2619 MHz, [N/A]
2025/11/27 05:26:04.100, 2, NVIDIA H100 80GB HBM3, P0, 100 %, 18 %, 81559 MiB, 41545 MiB, 39535 MiB, 50, 57, 321.10 W, 700.00 W, 700.00 W, 1980 MHz, 2619 MHz, [N/A]
2025/11/27 05:26:04.101, 3, NVIDIA H100 80GB HBM3, P0, 100 %, 19 %, 81559 MiB, 40845 MiB, 40235 MiB, 44, 53, 320.42 W, 700.00 W, 700.00 W, 1980 MHz, 2619 MHz, [N/A]
2025/11/27 05:26:04.102, 4, NVIDIA H100 80GB HBM3, P0, 100 %, 25 %, 81559 MiB, 39095 MiB, 41985 MiB, 45, 52, 340.05 W, 700.00 W, 700.00 W, 1980 MHz, 2619 MHz, [N/A]
2025/11/27 05:26:04.103, 5, NVIDIA H100 80GB HBM3, P0, 51 %, 28 %, 81559 MiB, 40967 MiB, 40113 MiB, 48, 53, 309.66 W, 700.00 W, 700.00 W, 1980 MHz, 2619 MHz, [N/A]
2025/11/27 05:26:04.104, 6, NVIDIA H100 80GB HBM3, P0, 98 %, 18 %, 81559 MiB, 41417 MiB, 39663 MiB, 49, 55, 323.18 W, 700.00 W, 700.00 W, 1980 MHz, 2619 MHz, [N/A]
2025/11/27 05:26:04.105, 7, NVIDIA H100 80GB HBM3, P0, 99 %, 19 %, 81559 MiB, 40321 MiB, 40759 MiB, 46, 53, 324.35 W, 700.00 W, 700.00 W, 1980 MHz, 2619 MHz, [N/A]
2025/11/27 05:26:09.107, 0, NVIDIA H100 80GB HBM3, P0, 86 %, 22 %, 81559 MiB, 41439 MiB, 39641 MiB, 47, 54, 359.71 W, 700.00 W, 700.00 W, 1980 MHz, 2619 MHz, [N/A]
2025/11/27 05:26:09.108, 1, NVIDIA H100 80GB HBM3, P0, 96 %, 22 %, 81559 MiB, 44515 MiB, 36565 MiB, 51, 58, 359.20 W, 700.00 W, 700.00 W, 1980 MHz, 2619 MHz, [N/A]
2025/11/27 05:26:09.109, 2, NVIDIA H100 80GB HBM3, P0, 92 %, 19 %, 81559 MiB, 41543 MiB, 39537 MiB, 51, 59, 345.25 W, 700.00 W, 700.00 W, 1980 MHz, 2619 MHz, [N/A]
2025/11/27 05:26:09.110, 3, NVIDIA H100 80GB HBM3, P0, 84 %, 22 %, 81559 MiB, 40843 MiB, 40237 MiB, 45, 55, 352.67 W, 700.00 W, 700.00 W, 1980 MHz, 2619 MHz, [N/A]
2025/11/27 05:26:09.111, 4, NVIDIA H100 80GB HBM3, P0, 100 %, 20 %, 81559 MiB, 39093 MiB, 41987 MiB, 44, 52, 331.20 W, 700.00 W, 700.00 W, 1980 MHz, 2619 MHz, [N/A]
2025/11/27 05:26:09.111, 5, NVIDIA H100 80GB HBM3, P0, 58 %, 29 %, 81559 MiB, 40965 MiB, 40115 MiB, 50, 57, 341.90 W, 700.00 W, 700.00 W, 1980 MHz, 2619 MHz, [N/A]
2025/11/27 05:26:09.112, 6, NVIDIA H100 80GB HBM3, P0, 98 %, 29 %, 81559 MiB, 40527 MiB, 40553 MiB, 50, 57, 362.34 W, 700.00 W, 700.00 W, 1980 MHz, 2619 MHz, [N/A]
2025/11/27 05:26:09.113, 7, NVIDIA H100 80GB HBM3, P0, 99 %, 47 %, 81559 MiB, 40321 MiB, 40759 MiB, 47, 55, 370.52 W, 700.00 W, 700.00 W, 1980 MHz, 2619 MHz, [N/A]
2025/11/27 05:26:14.114, 0, NVIDIA H100 80GB HBM3, P0, 98 %, 22 %, 81559 MiB, 41437 MiB, 39643 MiB, 47, 54, 343.48 W, 700.00 W, 700.00 W, 1980 MHz, 2619 MHz, [N/A]
2025/11/27 05:26:14.116, 1, NVIDIA H100 80GB HBM3, P0, 73 %, 17 %, 81559 MiB, 44513 MiB, 36567 MiB, 50, 56, 327.02 W, 700.00 W, 700.00 W, 1980 MHz, 2619 MHz, [N/A]
2025/11/27 05:26:14.117, 2, NVIDIA H100 80GB HBM3, P0, 97 %, 23 %, 81559 MiB, 41543 MiB, 39537 MiB, 51, 60, 345.78 W, 700.00 W, 700.00 W, 1980 MHz, 2619 MHz, [N/A]
2025/11/27 05:26:14.118, 3, NVIDIA H100 80GB HBM3, P0, 70 %, 23 %, 81559 MiB, 40843 MiB, 40237 MiB, 44, 54, 324.85 W, 700.00 W, 700.00 W, 1980 MHz, 2619 MHz, [N/A]
2025/11/27 05:26:14.118, 4, NVIDIA H100 80GB HBM3, P0, 100 %, 18 %, 81559 MiB, 39091 MiB, 41989 MiB, 44, 53, 316.90 W, 700.00 W, 700.00 W, 1980 MHz, 2619 MHz, [N/A]
2025/11/27 05:26:14.119, 5, NVIDIA H100 80GB HBM3, P0, 50 %, 27 %, 81559 MiB, 40965 MiB, 40115 MiB, 51, 57, 330.60 W, 700.00 W, 700.00 W, 1980 MHz, 2619 MHz, [N/A]
2025/11/27 05:26:14.120, 6, NVIDIA H100 80GB HBM3, P0, 66 %, 19 %, 81559 MiB, 40527 MiB, 40553 MiB, 49, 55, 319.99 W, 700.00 W, 700.00 W, 1980 MHz, 2619 MHz, [N/A]
2025/11/27 05:26:14.120, 7, NVIDIA H100 80GB HBM3, P0, 100 %, 34 %, 81559 MiB, 40317 MiB, 40763 MiB, 45, 54, 316.20 W, 700.00 W, 700.00 W, 1980 MHz, 2619 MHz, [N/A]
2025/11/27 05:26:19.121, 0, NVIDIA H100 80GB HBM3, P0, 100 %, 21 %, 81559 MiB, 41437 MiB, 39643 MiB, 46, 53, 349.98 W, 700.00 W, 700.00 W, 1980 MHz, 2619 MHz, [N/A]
2025/11/27 05:26:19.123, 1, NVIDIA H100 80GB HBM3, P0, 48 %, 27 %, 81559 MiB, 44511 MiB, 36569 MiB, 51, 59, 308.33 W, 700.00 W, 700.00 W, 1980 MHz, 2619 MHz, [N/A]
2025/11/27 05:26:19.124, 2, NVIDIA H100 80GB HBM3, P0, 85 %, 22 %, 81559 MiB, 41539 MiB, 39541 MiB, 52, 58, 317.06 W, 700.00 W, 700.00 W, 1980 MHz, 2619 MHz, [N/A]
2025/11/27 05:26:19.126, 3, NVIDIA H100 80GB HBM3, P0, 98 %, 33 %, 81559 MiB, 40843 MiB, 40237 MiB, 46, 53, 360.42 W, 700.00 W, 700.00 W, 1980 MHz, 2619 MHz, [N/A]
2025/11/27 05:26:19.127, 4, NVIDIA H100 80GB HBM3, P0, 100 %, 26 %, 81559 MiB, 39091 MiB, 41989 MiB, 45, 52, 308.14 W, 700.00 W, 700.00 W, 1980 MHz, 2619 MHz, [N/A]
2025/11/27 05:26:19.128, 5, NVIDIA H100 80GB HBM3, P0, 97 %, 24 %, 81559 MiB, 40963 MiB, 40117 MiB, 50, 57, 336.67 W, 700.00 W, 700.00 W, 1980 MHz, 2619 MHz, [N/A]
2025/11/27 05:26:19.128, 6, NVIDIA H100 80GB HBM3, P0, 98 %, 20 %, 81559 MiB, 40525 MiB, 40555 MiB, 49, 55, 299.07 W, 700.00 W, 700.00 W, 1980 MHz, 2619 MHz, [N/A]
2025/11/27 05:26:19.129, 7, NVIDIA H100 80GB HBM3, P0, 100 %, 30 %, 81559 MiB, 40317 MiB, 40763 MiB, 46, 53, 378.84 W, 700.00 W, 700.00 W, 1980 MHz, 2619 MHz, [N/A]
2025/11/27 05:26:24.130, 0, NVIDIA H100 80GB HBM3, P0, 94 %, 50 %, 81559 MiB, 41435 MiB, 39645 MiB, 48, 58, 351.37 W, 700.00 W, 700.00 W, 1980 MHz, 2619 MHz, [N/A]
2025/11/27 05:26:24.131, 1, NVIDIA H100 80GB HBM3, P0, 100 %, 39 %, 81559 MiB, 44511 MiB, 36569 MiB, 51, 59, 353.68 W, 700.00 W, 700.00 W, 1980 MHz, 2619 MHz, [N/A]
2025/11/27 05:26:24.132, 2, NVIDIA H100 80GB HBM3, P0, 98 %, 30 %, 81559 MiB, 41539 MiB, 39541 MiB, 52, 60, 349.72 W, 700.00 W, 700.00 W, 1980 MHz, 2619 MHz, [N/A]
2025/11/27 05:26:24.133, 3, NVIDIA H100 80GB HBM3, P0, 98 %, 35 %, 81559 MiB, 40841 MiB, 40239 MiB, 46, 55, 357.29 W, 700.00 W, 700.00 W, 1980 MHz, 2619 MHz, [N/A]
2025/11/27 05:26:24.133, 4, NVIDIA H100 80GB HBM3, P0, 48 %, 29 %, 81559 MiB, 39091 MiB, 41989 MiB, 47, 54, 359.50 W, 700.00 W, 700.00 W, 1980 MHz, 2619 MHz, [N/A]
2025/11/27 05:26:24.134, 5, NVIDIA H100 80GB HBM3, P0, 100 %, 46 %, 81559 MiB, 40961 MiB, 40119 MiB, 51, 58, 361.07 W, 700.00 W, 700.00 W, 1980 MHz, 2619 MHz, [N/A]
2025/11/27 05:26:24.135, 6, NVIDIA H100 80GB HBM3, P0, 100 %, 39 %, 81559 MiB, 40523 MiB, 40557 MiB, 50, 57, 353.20 W, 700.00 W, 700.00 W, 1980 MHz, 2619 MHz, [N/A]
2025/11/27 05:26:24.135, 7, NVIDIA H100 80GB HBM3, P0, 100 %, 50 %, 81559 MiB, 40317 MiB, 40763 MiB, 47, 55, 355.30 W, 700.00 W, 700.00 W, 1980 MHz, 2619 MHz, [N/A]
2025/11/27 05:26:29.137, 0, NVIDIA H100 80GB HBM3, P0, 100 %, 46 %, 81559 MiB, 41435 MiB, 39645 MiB, 47, 56, 361.34 W, 700.00 W, 700.00 W, 1980 MHz, 2619 MHz, [N/A]
2025/11/27 05:26:29.138, 1, NVIDIA H100 80GB HBM3, P0, 99 %, 27 %, 81559 MiB, 40587 MiB, 40493 MiB, 52, 59, 345.23 W, 700.00 W, 700.00 W, 1980 MHz, 2619 MHz, [N/A]
2025/11/27 05:26:29.139, 2, NVIDIA H100 80GB HBM3, P0, 100 %, 21 %, 81559 MiB, 41539 MiB, 39541 MiB, 51, 60, 324.09 W, 700.00 W, 700.00 W, 1980 MHz, 2619 MHz, [N/A]
2025/11/27 05:26:29.139, 3, NVIDIA H100 80GB HBM3, P0, 97 %, 19 %, 81559 MiB, 40841 MiB, 40239 MiB, 45, 54, 353.63 W, 700.00 W, 700.00 W, 1980 MHz, 2619 MHz, [N/A]
2025/11/27 05:26:29.140, 4, NVIDIA H100 80GB HBM3, P0, 100 %, 22 %, 81559 MiB, 39089 MiB, 41991 MiB, 45, 52, 327.29 W, 700.00 W, 700.00 W, 1980 MHz, 2619 MHz, [N/A]
2025/11/27 05:26:29.142, 5, NVIDIA H100 80GB HBM3, P0, 35 %, 18 %, 81559 MiB, 40959 MiB, 40121 MiB, 50, 57, 343.00 W, 700.00 W, 700.00 W, 1980 MHz, 2619 MHz, [N/A]
2025/11/27 05:26:29.142, 6, NVIDIA H100 80GB HBM3, P0, 98 %, 23 %, 81559 MiB, 40517 MiB, 40563 MiB, 50, 59, 384.81 W, 700.00 W, 700.00 W, 1980 MHz, 2619 MHz, [N/A]
2025/11/27 05:26:29.143, 7, NVIDIA H100 80GB HBM3, P0, 100 %, 35 %, 81559 MiB, 40315 MiB, 40765 MiB, 47, 56, 328.41 W, 700.00 W, 700.00 W, 1980 MHz, 2619 MHz, [N/A]
2025/11/27 05:26:34.144, 0, NVIDIA H100 80GB HBM3, P0, 86 %, 47 %, 81559 MiB, 41433 MiB, 39647 MiB, 47, 55, 366.83 W, 700.00 W, 700.00 W, 1980 MHz, 2619 MHz, [N/A]
2025/11/27 05:26:34.146, 1, NVIDIA H100 80GB HBM3, P0, 100 %, 38 %, 81559 MiB, 40587 MiB, 40493 MiB, 51, 60, 337.19 W, 700.00 W, 700.00 W, 1980 MHz, 2619 MHz, [N/A]
2025/11/27 05:26:34.146, 2, NVIDIA H100 80GB HBM3, P0, 100 %, 32 %, 81559 MiB, 41537 MiB, 39543 MiB, 51, 58, 342.66 W, 700.00 W, 700.00 W, 1980 MHz, 2619 MHz, [N/A]
2025/11/27 05:26:34.147, 3, NVIDIA H100 80GB HBM3, P0, 56 %, 36 %, 81559 MiB, 40837 MiB, 40243 MiB, 47, 55, 377.27 W, 700.00 W, 700.00 W, 1980 MHz, 2619 MHz, [N/A]
2025/11/27 05:26:34.148, 4, NVIDIA H100 80GB HBM3, P0, 98 %, 30 %, 81559 MiB, 39089 MiB, 41991 MiB, 44, 53, 316.69 W, 700.00 W, 700.00 W, 1980 MHz, 2619 MHz, [N/A]
2025/11/27 05:26:34.148, 5, NVIDIA H100 80GB HBM3, P0, 100 %, 45 %, 81559 MiB, 40959 MiB, 40121 MiB, 51, 59, 347.33 W, 700.00 W, 700.00 W, 1980 MHz, 2619 MHz, [N/A]
2025/11/27 05:26:34.149, 6, NVIDIA H100 80GB HBM3, P0, 100 %, 42 %, 81559 MiB, 40517 MiB, 40563 MiB, 49, 58, 327.51 W, 700.00 W, 700.00 W, 1980 MHz, 2619 MHz, [N/A]
2025/11/27 05:26:34.150, 7, NVIDIA H100 80GB HBM3, P0, 100 %, 44 %, 81559 MiB, 40315 MiB, 40765 MiB, 46, 53, 321.86 W, 700.00 W, 700.00 W, 1980 MHz, 2619 MHz, [N/A]
2025/11/27 05:26:39.151, 0, NVIDIA H100 80GB HBM3, P0, 85 %, 48 %, 81559 MiB, 41433 MiB, 39647 MiB, 48, 58, 344.85 W, 700.00 W, 700.00 W, 1980 MHz, 2619 MHz, [N/A]
2025/11/27 05:26:39.152, 1, NVIDIA H100 80GB HBM3, P0, 100 %, 35 %, 81559 MiB, 40585 MiB, 40495 MiB, 51, 60, 361.66 W, 700.00 W, 700.00 W, 1980 MHz, 2619 MHz, [N/A]
2025/11/27 05:26:39.153, 2, NVIDIA H100 80GB HBM3, P0, 98 %, 34 %, 81559 MiB, 41537 MiB, 39543 MiB, 52, 58, 348.60 W, 700.00 W, 700.00 W, 1980 MHz, 2619 MHz, [N/A]
2025/11/27 05:26:39.154, 3, NVIDIA H100 80GB HBM3, P0, 72 %, 41 %, 81559 MiB, 40837 MiB, 40243 MiB, 45, 55, 327.33 W, 700.00 W, 700.00 W, 1980 MHz, 2619 MHz, [N/A]
2025/11/27 05:26:39.154, 4, NVIDIA H100 80GB HBM3, P0, 98 %, 27 %, 81559 MiB, 39089 MiB, 41991 MiB, 44, 53, 337.58 W, 700.00 W, 700.00 W, 1980 MHz, 2619 MHz, [N/A]
2025/11/27 05:26:39.155, 5, NVIDIA H100 80GB HBM3, P0, 76 %, 47 %, 81559 MiB, 40959 MiB, 40121 MiB, 50, 58, 320.30 W, 700.00 W, 700.00 W, 1980 MHz, 2619 MHz, [N/A]
2025/11/27 05:26:39.156, 6, NVIDIA H100 80GB HBM3, P0, 100 %, 44 %, 81559 MiB, 40517 MiB, 40563 MiB, 50, 57, 352.68 W, 700.00 W, 700.00 W, 1980 MHz, 2619 MHz, [N/A]
2025/11/27 05:26:39.156, 7, NVIDIA H100 80GB HBM3, P0, 100 %, 52 %, 81559 MiB, 40315 MiB, 40765 MiB, 46, 55, 363.66 W, 700.00 W, 700.00 W, 1980 MHz, 2619 MHz, [N/A]
2025/11/27 05:26:44.157, 0, NVIDIA H100 80GB HBM3, P0, 86 %, 42 %, 81559 MiB, 41433 MiB, 39647 MiB, 45, 53, 322.23 W, 700.00 W, 700.00 W, 1980 MHz, 2619 MHz, [N/A]
2025/11/27 05:26:44.159, 1, NVIDIA H100 80GB HBM3, P0, 73 %, 45 %, 81559 MiB, 40583 MiB, 40497 MiB, 51, 60, 351.45 W, 700.00 W, 700.00 W, 1980 MHz, 2619 MHz, [N/A]
2025/11/27 05:26:44.160, 2, NVIDIA H100 80GB HBM3, P0, 87 %, 45 %, 81559 MiB, 41537 MiB, 39543 MiB, 52, 60, 346.20 W, 700.00 W, 700.00 W, 1980 MHz, 2619 MHz, [N/A]
2025/11/27 05:26:44.161, 3, NVIDIA H100 80GB HBM3, P0, 86 %, 36 %, 81559 MiB, 40837 MiB, 40243 MiB, 45, 56, 320.88 W, 700.00 W, 700.00 W, 1980 MHz, 2619 MHz, [N/A]
2025/11/27 05:26:44.161, 4, NVIDIA H100 80GB HBM3, P0, 100 %, 33 %, 81559 MiB, 39089 MiB, 41991 MiB, 44, 52, 358.63 W, 700.00 W, 700.00 W, 1980 MHz, 2619 MHz, [N/A]
2025/11/27 05:26:44.162, 5, NVIDIA H100 80GB HBM3, P0, 100 %, 45 %, 81559 MiB, 40959 MiB, 40121 MiB, 51, 58, 347.10 W, 700.00 W, 700.00 W, 1980 MHz, 2619 MHz, [N/A]
2025/11/27 05:26:44.163, 6, NVIDIA H100 80GB HBM3, P0, 100 %, 46 %, 81559 MiB, 40517 MiB, 40563 MiB, 50, 57, 318.93 W, 700.00 W, 700.00 W, 1980 MHz, 2619 MHz, [N/A]
2025/11/27 05:26:44.163, 7, NVIDIA H100 80GB HBM3, P0, 100 %, 47 %, 81559 MiB, 40313 MiB, 40767 MiB, 46, 55, 357.85 W, 700.00 W, 700.00 W, 1980 MHz, 2619 MHz, [N/A]
2025/11/27 05:26:49.164, 0, NVIDIA H100 80GB HBM3, P0, 100 %, 53 %, 81559 MiB, 41433 MiB, 39647 MiB, 48, 58, 352.08 W, 700.00 W, 700.00 W, 1980 MHz, 2619 MHz, [N/A]
2025/11/27 05:26:49.166, 1, NVIDIA H100 80GB HBM3, P0, 99 %, 21 %, 81559 MiB, 40583 MiB, 40497 MiB, 51, 59, 337.80 W, 700.00 W, 700.00 W, 1980 MHz, 2619 MHz, [N/A]
2025/11/27 05:26:49.167, 2, NVIDIA H100 80GB HBM3, P0, 85 %, 53 %, 81559 MiB, 41537 MiB, 39543 MiB, 53, 61, 358.53 W, 700.00 W, 700.00 W, 1980 MHz, 2619 MHz, [N/A]
2025/11/27 05:26:49.168, 3, NVIDIA H100 80GB HBM3, P0, 85 %, 59 %, 81559 MiB, 40837 MiB, 40243 MiB, 47, 57, 379.24 W, 700.00 W, 700.00 W, 1980 MHz, 2619 MHz, [N/A]
2025/11/27 05:26:49.168, 4, NVIDIA H100 80GB HBM3, P0, 99 %, 26 %, 81559 MiB, 39085 MiB, 41995 MiB, 44, 52, 343.77 W, 700.00 W, 700.00 W, 1980 MHz, 2619 MHz, [N/A]
2025/11/27 05:26:49.169, 5, NVIDIA H100 80GB HBM3, P0, 33 %, 17 %, 81559 MiB, 40957 MiB, 40123 MiB, 50, 57, 318.95 W, 700.00 W, 700.00 W, 1980 MHz, 2619 MHz, [N/A]
2025/11/27 05:26:49.169, 6, NVIDIA H100 80GB HBM3, P0, 98 %, 22 %, 81559 MiB, 40515 MiB, 40565 MiB, 49, 57, 306.33 W, 700.00 W, 700.00 W, 1980 MHz, 2619 MHz, [N/A]
2025/11/27 05:26:49.170, 7, NVIDIA H100 80GB HBM3, P0, 67 %, 31 %, 81559 MiB, 40311 MiB, 40769 MiB, 47, 56, 328.18 W, 700.00 W, 700.00 W, 1980 MHz, 2619 MHz, [N/A]
2025/11/27 05:26:54.171, 0, NVIDIA H100 80GB HBM3, P0, 81 %, 50 %, 81559 MiB, 41431 MiB, 39649 MiB, 48, 58, 338.48 W, 700.00 W, 700.00 W, 1980 MHz, 2619 MHz, [N/A]
2025/11/27 05:26:54.172, 1, NVIDIA H100 80GB HBM3, P0, 100 %, 19 %, 81559 MiB, 40583 MiB, 40497 MiB, 51, 60, 354.49 W, 700.00 W, 700.00 W, 1980 MHz, 2619 MHz, [N/A]
2025/11/27 05:26:54.174, 2, NVIDIA H100 80GB HBM3, P0, 100 %, 46 %, 81559 MiB, 41533 MiB, 39547 MiB, 52, 61, 344.10 W, 700.00 W, 700.00 W, 1980 MHz, 2619 MHz, [N/A]
2025/11/27 05:26:54.175, 3, NVIDIA H100 80GB HBM3, P0, 84 %, 46 %, 81559 MiB, 40835 MiB, 40245 MiB, 45, 56, 342.70 W, 700.00 W, 700.00 W, 1980 MHz, 2619 MHz, [N/A]
2025/11/27 05:26:54.175, 4, NVIDIA H100 80GB HBM3, P0, 60 %, 26 %, 81559 MiB, 39085 MiB, 41995 MiB, 46, 51, 344.26 W, 700.00 W, 700.00 W, 1980 MHz, 2619 MHz, [N/A]
2025/11/27 05:26:54.176, 5, NVIDIA H100 80GB HBM3, P0, 100 %, 41 %, 81559 MiB, 40957 MiB, 40123 MiB, 51, 57, 360.27 W, 700.00 W, 700.00 W, 1980 MHz, 2619 MHz, [N/A]
2025/11/27 05:26:54.177, 6, NVIDIA H100 80GB HBM3, P0, 89 %, 24 %, 81559 MiB, 40513 MiB, 40567 MiB, 50, 57, 345.36 W, 700.00 W, 700.00 W, 1980 MHz, 2619 MHz, [N/A]
2025/11/27 05:26:54.177, 7, NVIDIA H100 80GB HBM3, P0, 99 %, 31 %, 81559 MiB, 40311 MiB, 40769 MiB, 47, 54, 322.22 W, 700.00 W, 700.00 W, 1980 MHz, 2619 MHz, [N/A]
2025/11/27 05:26:59.179, 0, NVIDIA H100 80GB HBM3, P0, 100 %, 45 %, 81559 MiB, 41429 MiB, 39651 MiB, 47, 58, 333.50 W, 700.00 W, 700.00 W, 1980 MHz, 2619 MHz, [N/A]
2025/11/27 05:26:59.180, 1, NVIDIA H100 80GB HBM3, P0, 99 %, 31 %, 81559 MiB, 40583 MiB, 40497 MiB, 52, 60, 360.69 W, 700.00 W, 700.00 W, 1980 MHz, 2619 MHz, [N/A]
2025/11/27 05:26:59.181, 2, NVIDIA H100 80GB HBM3, P0, 100 %, 51 %, 81559 MiB, 41533 MiB, 39547 MiB, 53, 62, 357.76 W, 700.00 W, 700.00 W, 1980 MHz, 2619 MHz, [N/A]
2025/11/27 05:26:59.181, 3, NVIDIA H100 80GB HBM3, P0, 80 %, 53 %, 81559 MiB, 40833 MiB, 40247 MiB, 46, 57, 370.49 W, 700.00 W, 700.00 W, 1980 MHz, 2619 MHz, [N/A]
2025/11/27 05:26:59.182, 4, NVIDIA H100 80GB HBM3, P0, 84 %, 37 %, 81559 MiB, 39085 MiB, 41995 MiB, 44, 52, 328.18 W, 700.00 W, 700.00 W, 1980 MHz, 2619 MHz, [N/A]
2025/11/27 05:26:59.182, 5, NVIDIA H100 80GB HBM3, P0, 100 %, 45 %, 81559 MiB, 40957 MiB, 40123 MiB, 49, 57, 335.10 W, 700.00 W, 700.00 W, 1980 MHz, 2619 MHz, [N/A]
2025/11/27 05:26:59.183, 6, NVIDIA H100 80GB HBM3, P0, 98 %, 31 %, 81559 MiB, 40513 MiB, 40567 MiB, 49, 58, 317.10 W, 700.00 W, 700.00 W, 1980 MHz, 2619 MHz, [N/A]
2025/11/27 05:26:59.184, 7, NVIDIA H100 80GB HBM3, P0, 100 %, 55 %, 81559 MiB, 40309 MiB, 40771 MiB, 48, 56, 336.24 W, 700.00 W, 700.00 W, 1980 MHz, 2619 MHz, [N/A]
2025/11/27 05:27:04.185, 0, NVIDIA H100 80GB HBM3, P0, 58 %, 32 %, 81559 MiB, 41429 MiB, 39651 MiB, 45, 54, 309.22 W, 700.00 W, 700.00 W, 1980 MHz, 2619 MHz, [N/A]
2025/11/27 05:27:04.186, 1, NVIDIA H100 80GB HBM3, P0, 29 %, 17 %, 81559 MiB, 40581 MiB, 40499 MiB, 49, 56, 338.02 W, 700.00 W, 700.00 W, 1980 MHz, 2619 MHz, [N/A]
2025/11/27 05:27:04.187, 2, NVIDIA H100 80GB HBM3, P0, 92 %, 33 %, 81559 MiB, 41533 MiB, 39547 MiB, 51, 57, 325.32 W, 700.00 W, 700.00 W, 1980 MHz, 2619 MHz, [N/A]
2025/11/27 05:27:04.188, 3, NVIDIA H100 80GB HBM3, P0, 44 %, 24 %, 81559 MiB, 40831 MiB, 40249 MiB, 45, 54, 316.57 W, 700.00 W, 700.00 W, 1980 MHz, 2619 MHz, [N/A]
2025/11/27 05:27:04.188, 4, NVIDIA H100 80GB HBM3, P0, 100 %, 13 %, 81559 MiB, 39085 MiB, 41995 MiB, 44, 53, 296.24 W, 700.00 W, 700.00 W, 1980 MHz, 2619 MHz, [N/A]
2025/11/27 05:27:04.189, 5, NVIDIA H100 80GB HBM3, P0, 80 %, 33 %, 81559 MiB, 40957 MiB, 40123 MiB, 49, 55, 340.14 W, 700.00 W, 700.00 W, 1980 MHz, 2619 MHz, [N/A]
2025/11/27 05:27:04.190, 6, NVIDIA H100 80GB HBM3, P0, 100 %, 17 %, 81559 MiB, 40513 MiB, 40567 MiB, 48, 57, 317.16 W, 700.00 W, 700.00 W, 1980 MHz, 2619 MHz, [N/A]
2025/11/27 05:27:04.190, 7, NVIDIA H100 80GB HBM3, P0, 94 %, 26 %, 81559 MiB, 40309 MiB, 40771 MiB, 46, 53, 350.06 W, 700.00 W, 700.00 W, 1980 MHz, 2619 MHz, [N/A]
2025/11/27 05:27:09.191, 0, NVIDIA H100 80GB HBM3, P0, 100 %, 12 %, 81559 MiB, 41429 MiB, 39651 MiB, 45, 52, 285.66 W, 700.00 W, 700.00 W, 1980 MHz, 2619 MHz, [N/A]
2025/11/27 05:27:09.192, 1, NVIDIA H100 80GB HBM3, P0, 100 %, 11 %, 81559 MiB, 40581 MiB, 40499 MiB, 49, 57, 269.70 W, 700.00 W, 700.00 W, 1980 MHz, 2619 MHz, [N/A]
2025/11/27 05:27:09.193, 2, NVIDIA H100 80GB HBM3, P0, 100 %, 18 %, 81559 MiB, 41533 MiB, 39547 MiB, 51, 57, 294.61 W, 700.00 W, 700.00 W, 1980 MHz, 2619 MHz, [N/A]
2025/11/27 05:27:09.194, 3, NVIDIA H100 80GB HBM3, P0, 100 %, 12 %, 81559 MiB, 40831 MiB, 40249 MiB, 43, 51, 268.12 W, 700.00 W, 700.00 W, 1980 MHz, 2619 MHz, [N/A]
2025/11/27 05:27:09.195, 4, NVIDIA H100 80GB HBM3, P0, 45 %, 12 %, 81559 MiB, 39083 MiB, 41997 MiB, 42, 50, 258.29 W, 700.00 W, 700.00 W, 1980 MHz, 2619 MHz, [N/A]
2025/11/27 05:27:09.195, 5, NVIDIA H100 80GB HBM3, P0, 39 %, 14 %, 81559 MiB, 40955 MiB, 40125 MiB, 48, 53, 275.77 W, 700.00 W, 700.00 W, 1980 MHz, 2619 MHz, [N/A]
2025/11/27 05:27:09.196, 6, NVIDIA H100 80GB HBM3, P0, 93 %, 31 %, 81559 MiB, 40511 MiB, 40569 MiB, 47, 53, 254.65 W, 700.00 W, 700.00 W, 1980 MHz, 2619 MHz, [N/A]
2025/11/27 05:27:09.197, 7, NVIDIA H100 80GB HBM3, P0, 68 %, 12 %, 81559 MiB, 40309 MiB, 40771 MiB, 45, 52, 279.91 W, 700.00 W, 700.00 W, 1980 MHz, 2619 MHz, [N/A]
2025/11/27 05:27:14.198, 0, NVIDIA H100 80GB HBM3, P0, 100 %, 43 %, 81559 MiB, 41427 MiB, 39653 MiB, 47, 56, 313.84 W, 700.00 W, 700.00 W, 1980 MHz, 2619 MHz, [N/A]
2025/11/27 05:27:14.199, 1, NVIDIA H100 80GB HBM3, P0, 68 %, 41 %, 81559 MiB, 40579 MiB, 40501 MiB, 50, 59, 311.35 W, 700.00 W, 700.00 W, 1980 MHz, 2619 MHz, [N/A]
2025/11/27 05:27:14.201, 2, NVIDIA H100 80GB HBM3, P0, 100 %, 40 %, 81559 MiB, 41533 MiB, 39547 MiB, 51, 58, 305.74 W, 700.00 W, 700.00 W, 1980 MHz, 2619 MHz, [N/A]
2025/11/27 05:27:14.202, 3, NVIDIA H100 80GB HBM3, P0, 100 %, 39 %, 81559 MiB, 40831 MiB, 40249 MiB, 44, 54, 300.54 W, 700.00 W, 700.00 W, 1980 MHz, 2619 MHz, [N/A]
2025/11/27 05:27:14.203, 4, NVIDIA H100 80GB HBM3, P0, 98 %, 36 %, 81559 MiB, 39083 MiB, 41997 MiB, 45, 52, 321.63 W, 700.00 W, 700.00 W, 1980 MHz, 2619 MHz, [N/A]
2025/11/27 05:27:14.205, 5, NVIDIA H100 80GB HBM3, P0, 100 %, 40 %, 81559 MiB, 40955 MiB, 40125 MiB, 49, 56, 295.05 W, 700.00 W, 700.00 W, 1980 MHz, 2619 MHz, [N/A]
2025/11/27 05:27:14.206, 6, NVIDIA H100 80GB HBM3, P0, 98 %, 20 %, 81559 MiB, 40511 MiB, 40569 MiB, 49, 57, 292.83 W, 700.00 W, 700.00 W, 1980 MHz, 2619 MHz, [N/A]
2025/11/27 05:27:14.207, 7, NVIDIA H100 80GB HBM3, P0, 76 %, 35 %, 81559 MiB, 40307 MiB, 40773 MiB, 47, 55, 317.41 W, 700.00 W, 700.00 W, 1980 MHz, 2619 MHz, [N/A]
2025/11/27 05:27:19.209, 0, NVIDIA H100 80GB HBM3, P0, 100 %, 12 %, 81559 MiB, 41427 MiB, 39653 MiB, 46, 54, 304.80 W, 700.00 W, 700.00 W, 1980 MHz, 2619 MHz, [N/A]
2025/11/27 05:27:19.211, 1, NVIDIA H100 80GB HBM3, P0, 98 %, 22 %, 81559 MiB, 40579 MiB, 40501 MiB, 50, 57, 310.90 W, 700.00 W, 700.00 W, 1980 MHz, 2619 MHz, [N/A]
2025/11/27 05:27:19.212, 2, NVIDIA H100 80GB HBM3, P0, 100 %, 11 %, 81559 MiB, 41531 MiB, 39549 MiB, 49, 56, 285.92 W, 700.00 W, 700.00 W, 1980 MHz, 2619 MHz, [N/A]
2025/11/27 05:27:19.213, 3, NVIDIA H100 80GB HBM3, P0, 98 %, 18 %, 81559 MiB, 40831 MiB, 40249 MiB, 43, 51, 297.77 W, 700.00 W, 700.00 W, 1980 MHz, 2619 MHz, [N/A]
2025/11/27 05:27:19.214, 4, NVIDIA H100 80GB HBM3, P0, 98 %, 26 %, 81559 MiB, 39083 MiB, 41997 MiB, 43, 49, 285.76 W, 700.00 W, 700.00 W, 1980 MHz, 2619 MHz, [N/A]
2025/11/27 05:27:19.215, 5, NVIDIA H100 80GB HBM3, P0, 100 %, 13 %, 81559 MiB, 40955 MiB, 40125 MiB, 48, 53, 336.30 W, 700.00 W, 700.00 W, 1980 MHz, 2619 MHz, [N/A]
2025/11/27 05:27:19.215, 6, NVIDIA H100 80GB HBM3, P0, 100 %, 12 %, 81559 MiB, 40511 MiB, 40569 MiB, 47, 53, 274.77 W, 700.00 W, 700.00 W, 1980 MHz, 2619 MHz, [N/A]
2025/11/27 05:27:19.216, 7, NVIDIA H100 80GB HBM3, P0, 28 %, 14 %, 81559 MiB, 40307 MiB, 40773 MiB, 45, 51, 296.19 W, 700.00 W, 700.00 W, 1980 MHz, 2619 MHz, [N/A]
2025/11/27 05:27:24.218, 0, NVIDIA H100 80GB HBM3, P0, 100 %, 12 %, 81559 MiB, 41427 MiB, 39653 MiB, 45, 53, 305.73 W, 700.00 W, 700.00 W, 1980 MHz, 2619 MHz, [N/A]
2025/11/27 05:27:24.219, 1, NVIDIA H100 80GB HBM3, P0, 100 %, 15 %, 81559 MiB, 40579 MiB, 40501 MiB, 51, 58, 321.99 W, 700.00 W, 700.00 W, 1980 MHz, 2619 MHz, [N/A]
2025/11/27 05:27:24.220, 2, NVIDIA H100 80GB HBM3, P0, 100 %, 11 %, 81559 MiB, 41531 MiB, 39549 MiB, 50, 57, 303.06 W, 700.00 W, 700.00 W, 1980 MHz, 2619 MHz, [N/A]
2025/11/27 05:27:24.221, 3, NVIDIA H100 80GB HBM3, P0, 100 %, 11 %, 81559 MiB, 40831 MiB, 40249 MiB, 43, 51, 299.73 W, 700.00 W, 700.00 W, 1980 MHz, 2619 MHz, [N/A]
2025/11/27 05:27:24.222, 4, NVIDIA H100 80GB HBM3, P0, 98 %, 19 %, 81559 MiB, 39083 MiB, 41997 MiB, 42, 49, 275.67 W, 700.00 W, 700.00 W, 1980 MHz, 2619 MHz, [N/A]
2025/11/27 05:27:24.222, 5, NVIDIA H100 80GB HBM3, P0, 100 %, 16 %, 81559 MiB, 40955 MiB, 40125 MiB, 49, 56, 315.31 W, 700.00 W, 700.00 W, 1980 MHz, 2619 MHz, [N/A]
2025/11/27 05:27:24.223, 6, NVIDIA H100 80GB HBM3, P0, 100 %, 14 %, 81559 MiB, 40511 MiB, 40569 MiB, 48, 54, 315.70 W, 700.00 W, 700.00 W, 1980 MHz, 2619 MHz, [N/A]
2025/11/27 05:27:24.224, 7, NVIDIA H100 80GB HBM3, P0, 26 %, 13 %, 81559 MiB, 40305 MiB, 40775 MiB, 44, 51, 302.26 W, 700.00 W, 700.00 W, 1980 MHz, 2619 MHz, [N/A]
2025/11/27 05:27:29.225, 0, NVIDIA H100 80GB HBM3, P0, 70 %, 15 %, 81559 MiB, 41427 MiB, 39653 MiB, 44, 53, 303.10 W, 700.00 W, 700.00 W, 1980 MHz, 2619 MHz, [N/A]
2025/11/27 05:27:29.226, 1, NVIDIA H100 80GB HBM3, P0, 100 %, 13 %, 81559 MiB, 40579 MiB, 40501 MiB, 49, 56, 307.23 W, 700.00 W, 700.00 W, 1980 MHz, 2619 MHz, [N/A]
2025/11/27 05:27:29.227, 2, NVIDIA H100 80GB HBM3, P0, 100 %, 16 %, 81559 MiB, 41531 MiB, 39549 MiB, 50, 56, 333.82 W, 700.00 W, 700.00 W, 1980 MHz, 2619 MHz, [N/A]
2025/11/27 05:27:29.228, 3, NVIDIA H100 80GB HBM3, P0, 92 %, 22 %, 81559 MiB, 40831 MiB, 40249 MiB, 45, 54, 334.96 W, 700.00 W, 700.00 W, 1980 MHz, 2619 MHz, [N/A]
2025/11/27 05:27:29.229, 4, NVIDIA H100 80GB HBM3, P0, 100 %, 15 %, 81559 MiB, 39083 MiB, 41997 MiB, 43, 49, 317.44 W, 700.00 W, 700.00 W, 1980 MHz, 2619 MHz, [N/A]
2025/11/27 05:27:29.230, 5, NVIDIA H100 80GB HBM3, P0, 76 %, 13 %, 81559 MiB, 40953 MiB, 40127 MiB, 49, 54, 353.98 W, 700.00 W, 700.00 W, 1980 MHz, 2619 MHz, [N/A]
2025/11/27 05:27:29.231, 6, NVIDIA H100 80GB HBM3, P0, 100 %, 11 %, 81559 MiB, 40511 MiB, 40569 MiB, 47, 53, 311.11 W, 700.00 W, 700.00 W, 1980 MHz, 2619 MHz, [N/A]
2025/11/27 05:27:29.232, 7, NVIDIA H100 80GB HBM3, P0, 82 %, 32 %, 81559 MiB, 40305 MiB, 40775 MiB, 45, 51, 309.80 W, 700.00 W, 700.00 W, 1980 MHz, 2619 MHz, [N/A]
2025/11/27 05:27:34.233, 0, NVIDIA H100 80GB HBM3, P0, 98 %, 19 %, 81559 MiB, 41427 MiB, 39653 MiB, 46, 55, 286.53 W, 700.00 W, 700.00 W, 1980 MHz, 2619 MHz, [N/A]
2025/11/27 05:27:34.235, 1, NVIDIA H100 80GB HBM3, P0, 98 %, 27 %, 81559 MiB, 40579 MiB, 40501 MiB, 50, 57, 301.98 W, 700.00 W, 700.00 W, 1980 MHz, 2619 MHz, [N/A]
2025/11/27 05:27:34.236, 2, NVIDIA H100 80GB HBM3, P0, 98 %, 22 %, 81559 MiB, 41531 MiB, 39549 MiB, 51, 58, 299.32 W, 700.00 W, 700.00 W, 1980 MHz, 2619 MHz, [N/A]
2025/11/27 05:27:34.236, 3, NVIDIA H100 80GB HBM3, P0, 98 %, 26 %, 81559 MiB, 40831 MiB, 40249 MiB, 45, 56, 313.06 W, 700.00 W, 700.00 W, 1980 MHz, 2619 MHz, [N/A]
2025/11/27 05:27:34.237, 4, NVIDIA H100 80GB HBM3, P0, 100 %, 47 %, 81559 MiB, 39083 MiB, 41997 MiB, 43, 50, 321.44 W, 700.00 W, 700.00 W, 1980 MHz, 2619 MHz, [N/A]
2025/11/27 05:27:34.238, 5, NVIDIA H100 80GB HBM3, P0, 97 %, 19 %, 81559 MiB, 40953 MiB, 40127 MiB, 48, 54, 298.73 W, 700.00 W, 700.00 W, 1980 MHz, 2619 MHz, [N/A]
2025/11/27 05:27:34.239, 6, NVIDIA H100 80GB HBM3, P0, 100 %, 35 %, 81559 MiB, 40511 MiB, 40569 MiB, 49, 57, 284.31 W, 700.00 W, 700.00 W, 1980 MHz, 2619 MHz, [N/A]
2025/11/27 05:27:34.239, 7, NVIDIA H100 80GB HBM3, P0, 30 %, 15 %, 81559 MiB, 40305 MiB, 40775 MiB, 46, 51, 283.18 W, 700.00 W, 700.00 W, 1980 MHz, 2619 MHz, [N/A]
2025/11/27 05:27:39.241, 0, NVIDIA H100 80GB HBM3, P0, 55 %, 29 %, 81559 MiB, 41425 MiB, 39655 MiB, 45, 54, 319.96 W, 700.00 W, 700.00 W, 1980 MHz, 2619 MHz, [N/A]
2025/11/27 05:27:39.242, 1, NVIDIA H100 80GB HBM3, P0, 93 %, 17 %, 81559 MiB, 40577 MiB, 40503 MiB, 49, 56, 312.55 W, 700.00 W, 700.00 W, 1980 MHz, 2619 MHz, [N/A]
2025/11/27 05:27:39.243, 2, NVIDIA H100 80GB HBM3, P0, 92 %, 31 %, 81559 MiB, 41531 MiB, 39549 MiB, 50, 57, 316.34 W, 700.00 W, 700.00 W, 1980 MHz, 2619 MHz, [N/A]
2025/11/27 05:27:39.244, 3, NVIDIA H100 80GB HBM3, P0, 93 %, 27 %, 81559 MiB, 40831 MiB, 40249 MiB, 43, 52, 327.50 W, 700.00 W, 700.00 W, 1980 MHz, 2619 MHz, [N/A]
2025/11/27 05:27:39.245, 4, NVIDIA H100 80GB HBM3, P0, 99 %, 21 %, 81559 MiB, 39081 MiB, 41999 MiB, 43, 50, 316.30 W, 700.00 W, 700.00 W, 1980 MHz, 2619 MHz, [N/A]
2025/11/27 05:27:39.246, 5, NVIDIA H100 80GB HBM3, P0, 73 %, 42 %, 81559 MiB, 40953 MiB, 40127 MiB, 48, 54, 305.16 W, 700.00 W, 700.00 W, 1980 MHz, 2619 MHz, [N/A]
2025/11/27 05:27:39.246, 6, NVIDIA H100 80GB HBM3, P0, 100 %, 18 %, 81559 MiB, 40511 MiB, 40569 MiB, 48, 55, 324.48 W, 700.00 W, 700.00 W, 1980 MHz, 2619 MHz, [N/A]
2025/11/27 05:27:39.247, 7, NVIDIA H100 80GB HBM3, P0, 54 %, 12 %, 81559 MiB, 40303 MiB, 40777 MiB, 44, 51, 311.27 W, 700.00 W, 700.00 W, 1980 MHz, 2619 MHz, [N/A]
2025/11/27 05:27:44.248, 0, NVIDIA H100 80GB HBM3, P0, 98 %, 32 %, 81559 MiB, 41425 MiB, 39655 MiB, 45, 56, 306.15 W, 700.00 W, 700.00 W, 1980 MHz, 2619 MHz, [N/A]
2025/11/27 05:27:44.249, 1, NVIDIA H100 80GB HBM3, P0, 77 %, 47 %, 81559 MiB, 40577 MiB, 40503 MiB, 50, 59, 291.84 W, 700.00 W, 700.00 W, 1980 MHz, 2619 MHz, [N/A]
2025/11/27 05:27:44.250, 2, NVIDIA H100 80GB HBM3, P0, 97 %, 33 %, 81559 MiB, 41531 MiB, 39549 MiB, 50, 58, 291.54 W, 700.00 W, 700.00 W, 1980 MHz, 2619 MHz, [N/A]
2025/11/27 05:27:44.251, 3, NVIDIA H100 80GB HBM3, P0, 97 %, 42 %, 81559 MiB, 40829 MiB, 40251 MiB, 45, 55, 304.21 W, 700.00 W, 700.00 W, 1980 MHz, 2619 MHz, [N/A]
2025/11/27 05:27:44.251, 4, NVIDIA H100 80GB HBM3, P0, 100 %, 48 %, 81559 MiB, 39079 MiB, 42001 MiB, 44, 51, 307.99 W, 700.00 W, 700.00 W, 1980 MHz, 2619 MHz, [N/A]
2025/11/27 05:27:44.252, 5, NVIDIA H100 80GB HBM3, P0, 54 %, 31 %, 81559 MiB, 40953 MiB, 40127 MiB, 51, 56, 329.91 W, 700.00 W, 700.00 W, 1980 MHz, 2619 MHz, [N/A]
2025/11/27 05:27:44.253, 6, NVIDIA H100 80GB HBM3, P0, 100 %, 43 %, 81559 MiB, 40509 MiB, 40571 MiB, 49, 55, 287.77 W, 700.00 W, 700.00 W, 1980 MHz, 2619 MHz, [N/A]
2025/11/27 05:27:44.254, 7, NVIDIA H100 80GB HBM3, P0, 100 %, 44 %, 81559 MiB, 40303 MiB, 40777 MiB, 46, 54, 320.15 W, 700.00 W, 700.00 W, 1980 MHz, 2619 MHz, [N/A]
2025/11/27 05:27:49.255, 0, NVIDIA H100 80GB HBM3, P0, 100 %, 14 %, 81559 MiB, 41425 MiB, 39655 MiB, 45, 52, 303.40 W, 700.00 W, 700.00 W, 1980 MHz, 2619 MHz, [N/A]
2025/11/27 05:27:49.256, 1, NVIDIA H100 80GB HBM3, P0, 100 %, 13 %, 81559 MiB, 40577 MiB, 40503 MiB, 48, 55, 314.64 W, 700.00 W, 700.00 W, 1980 MHz, 2619 MHz, [N/A]
2025/11/27 05:27:49.257, 2, NVIDIA H100 80GB HBM3, P0, 100 %, 13 %, 81559 MiB, 41527 MiB, 39553 MiB, 49, 56, 299.66 W, 700.00 W, 700.00 W, 1980 MHz, 2619 MHz, [N/A]
2025/11/27 05:27:49.258, 3, NVIDIA H100 80GB HBM3, P0, 100 %, 13 %, 81559 MiB, 40829 MiB, 40251 MiB, 43, 52, 301.48 W, 700.00 W, 700.00 W, 1980 MHz, 2619 MHz, [N/A]
2025/11/27 05:27:49.259, 4, NVIDIA H100 80GB HBM3, P0, 100 %, 13 %, 81559 MiB, 39079 MiB, 42001 MiB, 42, 49, 318.46 W, 700.00 W, 700.00 W, 1980 MHz, 2619 MHz, [N/A]
2025/11/27 05:27:49.260, 5, NVIDIA H100 80GB HBM3, P0, 23 %, 11 %, 81559 MiB, 40953 MiB, 40127 MiB, 48, 53, 297.19 W, 700.00 W, 700.00 W, 1980 MHz, 2619 MHz, [N/A]
2025/11/27 05:27:49.260, 6, NVIDIA H100 80GB HBM3, P0, 100 %, 12 %, 81559 MiB, 40509 MiB, 40571 MiB, 47, 53, 282.54 W, 700.00 W, 700.00 W, 1980 MHz, 2619 MHz, [N/A]
2025/11/27 05:27:49.261, 7, NVIDIA H100 80GB HBM3, P0, 97 %, 18 %, 81559 MiB, 40303 MiB, 40777 MiB, 44, 51, 292.83 W, 700.00 W, 700.00 W, 1980 MHz, 2619 MHz, [N/A]
2025/11/27 05:27:54.262, 0, NVIDIA H100 80GB HBM3, P0, 75 %, 49 %, 81559 MiB, 41423 MiB, 39657 MiB, 45, 54, 297.14 W, 700.00 W, 700.00 W, 1980 MHz, 2619 MHz, [N/A]
2025/11/27 05:27:54.263, 1, NVIDIA H100 80GB HBM3, P0, 88 %, 34 %, 81559 MiB, 40577 MiB, 40503 MiB, 48, 55, 298.46 W, 700.00 W, 700.00 W, 1980 MHz, 2619 MHz, [N/A]
2025/11/27 05:27:54.264, 2, NVIDIA H100 80GB HBM3, P0, 88 %, 50 %, 81559 MiB, 41523 MiB, 39557 MiB, 50, 57, 357.37 W, 700.00 W, 700.00 W, 1980 MHz, 2619 MHz, [N/A]
2025/11/27 05:27:54.265, 3, NVIDIA H100 80GB HBM3, P0, 87 %, 39 %, 81559 MiB, 40827 MiB, 40253 MiB, 43, 53, 340.44 W, 700.00 W, 700.00 W, 1980 MHz, 2619 MHz, [N/A]
2025/11/27 05:27:54.266, 4, NVIDIA H100 80GB HBM3, P0, 97 %, 10 %, 81559 MiB, 39079 MiB, 42001 MiB, 43, 51, 313.95 W, 700.00 W, 700.00 W, 1980 MHz, 2619 MHz, [N/A]
2025/11/27 05:27:54.266, 5, NVIDIA H100 80GB HBM3, P0, 88 %, 41 %, 81559 MiB, 40951 MiB, 40129 MiB, 49, 57, 318.35 W, 700.00 W, 700.00 W, 1980 MHz, 2619 MHz, [N/A]
2025/11/27 05:27:54.267, 6, NVIDIA H100 80GB HBM3, P0, 93 %, 26 %, 81559 MiB, 40509 MiB, 40571 MiB, 47, 55, 313.37 W, 700.00 W, 700.00 W, 1980 MHz, 2619 MHz, [N/A]
2025/11/27 05:27:54.268, 7, NVIDIA H100 80GB HBM3, P0, 100 %, 8 %, 81559 MiB, 40303 MiB, 40777 MiB, 44, 51, 309.30 W, 700.00 W, 700.00 W, 1980 MHz, 2619 MHz, [N/A]
2025/11/27 05:27:59.269, 0, NVIDIA H100 80GB HBM3, P0, 100 %, 33 %, 81559 MiB, 41423 MiB, 39657 MiB, 46, 54, 291.91 W, 700.00 W, 700.00 W, 1980 MHz, 2619 MHz, [N/A]
2025/11/27 05:27:59.271, 1, NVIDIA H100 80GB HBM3, P0, 77 %, 48 %, 81559 MiB, 40577 MiB, 40503 MiB, 51, 59, 332.97 W, 700.00 W, 700.00 W, 1980 MHz, 2619 MHz, [N/A]
2025/11/27 05:27:59.272, 2, NVIDIA H100 80GB HBM3, P0, 100 %, 33 %, 81559 MiB, 41523 MiB, 39557 MiB, 51, 58, 325.88 W, 700.00 W, 700.00 W, 1980 MHz, 2619 MHz, [N/A]
2025/11/27 05:27:59.273, 3, NVIDIA H100 80GB HBM3, P0, 100 %, 40 %, 81559 MiB, 40827 MiB, 40253 MiB, 44, 53, 336.72 W, 700.00 W, 700.00 W, 1980 MHz, 2619 MHz, [N/A]
2025/11/27 05:27:59.275, 4, NVIDIA H100 80GB HBM3, P0, 100 %, 56 %, 81559 MiB, 39079 MiB, 42001 MiB, 46, 54, 327.34 W, 700.00 W, 700.00 W, 1980 MHz, 2619 MHz, [N/A]
2025/11/27 05:27:59.276, 5, NVIDIA H100 80GB HBM3, P0, 100 %, 32 %, 81559 MiB, 40951 MiB, 40129 MiB, 49, 55, 346.74 W, 700.00 W, 700.00 W, 1980 MHz, 2619 MHz, [N/A]
2025/11/27 05:27:59.277, 6, NVIDIA H100 80GB HBM3, P0, 100 %, 41 %, 81559 MiB, 40507 MiB, 40573 MiB, 49, 58, 352.19 W, 700.00 W, 700.00 W, 1980 MHz, 2619 MHz, [N/A]
2025/11/27 05:27:59.278, 7, NVIDIA H100 80GB HBM3, P0, 100 %, 42 %, 81559 MiB, 40301 MiB, 40779 MiB, 46, 57, 323.41 W, 700.00 W, 700.00 W, 1980 MHz, 2619 MHz, [N/A]
2025/11/27 05:28:04.280, 0, NVIDIA H100 80GB HBM3, P0, 100 %, 12 %, 81559 MiB, 41423 MiB, 39657 MiB, 46, 55, 325.37 W, 700.00 W, 700.00 W, 1980 MHz, 2619 MHz, [N/A]
2025/11/27 05:28:04.281, 1, NVIDIA H100 80GB HBM3, P0, 100 %, 11 %, 81559 MiB, 40575 MiB, 40505 MiB, 49, 57, 319.64 W, 700.00 W, 700.00 W, 1980 MHz, 2619 MHz, [N/A]
2025/11/27 05:28:04.282, 2, NVIDIA H100 80GB HBM3, P0, 100 %, 10 %, 81559 MiB, 41523 MiB, 39557 MiB, 49, 56, 327.75 W, 700.00 W, 700.00 W, 1980 MHz, 2619 MHz, [N/A]
2025/11/27 05:28:04.283, 3, NVIDIA H100 80GB HBM3, P0, 100 %, 12 %, 81559 MiB, 40825 MiB, 40255 MiB, 45, 53, 303.23 W, 700.00 W, 700.00 W, 1980 MHz, 2619 MHz, [N/A]
2025/11/27 05:28:04.285, 4, NVIDIA H100 80GB HBM3, P0, 98 %, 32 %, 81559 MiB, 39079 MiB, 42001 MiB, 43, 49, 320.45 W, 700.00 W, 700.00 W, 1980 MHz, 2619 MHz, [N/A]
2025/11/27 05:28:04.286, 5, NVIDIA H100 80GB HBM3, P0, 28 %, 14 %, 81559 MiB, 40951 MiB, 40129 MiB, 48, 53, 315.78 W, 700.00 W, 700.00 W, 1980 MHz, 2619 MHz, [N/A]
2025/11/27 05:28:04.287, 6, NVIDIA H100 80GB HBM3, P0, 98 %, 16 %, 81559 MiB, 40507 MiB, 40573 MiB, 49, 57, 311.75 W, 700.00 W, 700.00 W, 1980 MHz, 2619 MHz, [N/A]
2025/11/27 05:28:04.288, 7, NVIDIA H100 80GB HBM3, P0, 81 %, 40 %, 81559 MiB, 40301 MiB, 40779 MiB, 45, 52, 304.35 W, 700.00 W, 700.00 W, 1980 MHz, 2619 MHz, [N/A]
2025/11/27 05:28:09.289, 0, NVIDIA H100 80GB HBM3, P0, 90 %, 24 %, 81559 MiB, 41423 MiB, 39657 MiB, 44, 52, 281.30 W, 700.00 W, 700.00 W, 1980 MHz, 2619 MHz, [N/A]
2025/11/27 05:28:09.290, 1, NVIDIA H100 80GB HBM3, P0, 97 %, 12 %, 81559 MiB, 40575 MiB, 40505 MiB, 49, 58, 318.83 W, 700.00 W, 700.00 W, 1980 MHz, 2619 MHz, [N/A]
2025/11/27 05:28:09.291, 2, NVIDIA H100 80GB HBM3, P0, 100 %, 15 %, 81559 MiB, 41523 MiB, 39557 MiB, 50, 56, 335.28 W, 700.00 W, 700.00 W, 1980 MHz, 2619 MHz, [N/A]
2025/11/27 05:28:09.291, 3, NVIDIA H100 80GB HBM3, P0, 92 %, 13 %, 81559 MiB, 40825 MiB, 40255 MiB, 43, 51, 280.36 W, 700.00 W, 700.00 W, 1980 MHz, 2619 MHz, [N/A]
2025/11/27 05:28:09.292, 4, NVIDIA H100 80GB HBM3, P0, 100 %, 13 %, 81559 MiB, 39079 MiB, 42001 MiB, 42, 49, 286.52 W, 700.00 W, 700.00 W, 1980 MHz, 2619 MHz, [N/A]
2025/11/27 05:28:09.293, 5, NVIDIA H100 80GB HBM3, P0, 73 %, 32 %, 81559 MiB, 40951 MiB, 40129 MiB, 48, 53, 301.85 W, 700.00 W, 700.00 W, 1980 MHz, 2619 MHz, [N/A]
2025/11/27 05:28:09.293, 6, NVIDIA H100 80GB HBM3, P0, 100 %, 10 %, 81559 MiB, 40507 MiB, 40573 MiB, 47, 53, 320.87 W, 700.00 W, 700.00 W, 1980 MHz, 2619 MHz, [N/A]
2025/11/27 05:28:09.294, 7, NVIDIA H100 80GB HBM3, P0, 31 %, 16 %, 81559 MiB, 40299 MiB, 40781 MiB, 44, 51, 281.60 W, 700.00 W, 700.00 W, 1980 MHz, 2619 MHz, [N/A]
2025/11/27 05:28:14.295, 0, NVIDIA H100 80GB HBM3, P0, 91 %, 28 %, 81559 MiB, 41421 MiB, 39659 MiB, 44, 52, 289.11 W, 700.00 W, 700.00 W, 1980 MHz, 2619 MHz, [N/A]
2025/11/27 05:28:14.296, 1, NVIDIA H100 80GB HBM3, P0, 65 %, 14 %, 81559 MiB, 40575 MiB, 40505 MiB, 50, 56, 300.27 W, 700.00 W, 700.00 W, 1980 MHz, 2619 MHz, [N/A]
2025/11/27 05:28:14.297, 2, NVIDIA H100 80GB HBM3, P0, 100 %, 12 %, 81559 MiB, 41523 MiB, 39557 MiB, 50, 56, 318.15 W, 700.00 W, 700.00 W, 1980 MHz, 2619 MHz, [N/A]
2025/11/27 05:28:14.297, 3, NVIDIA H100 80GB HBM3, P0, 94 %, 20 %, 81559 MiB, 40825 MiB, 40255 MiB, 43, 52, 319.64 W, 700.00 W, 700.00 W, 1980 MHz, 2619 MHz, [N/A]
2025/11/27 05:28:14.298, 4, NVIDIA H100 80GB HBM3, P0, 100 %, 12 %, 81559 MiB, 39079 MiB, 42001 MiB, 42, 49, 302.00 W, 700.00 W, 700.00 W, 1980 MHz, 2619 MHz, [N/A]
2025/11/27 05:28:14.299, 5, NVIDIA H100 80GB HBM3, P0, 74 %, 33 %, 81559 MiB, 40949 MiB, 40131 MiB, 47, 53, 304.00 W, 700.00 W, 700.00 W, 1980 MHz, 2619 MHz, [N/A]
2025/11/27 05:28:14.299, 6, NVIDIA H100 80GB HBM3, P0, 100 %, 9 %, 81559 MiB, 40507 MiB, 40573 MiB, 47, 53, 296.88 W, 700.00 W, 700.00 W, 1980 MHz, 2619 MHz, [N/A]
2025/11/27 05:28:14.300, 7, NVIDIA H100 80GB HBM3, P0, 23 %, 11 %, 81559 MiB, 40299 MiB, 40781 MiB, 44, 51, 300.38 W, 700.00 W, 700.00 W, 1980 MHz, 2619 MHz, [N/A]
2025/11/27 05:28:19.301, 0, NVIDIA H100 80GB HBM3, P0, 100 %, 45 %, 81559 MiB, 41421 MiB, 39659 MiB, 46, 58, 307.10 W, 700.00 W, 700.00 W, 1980 MHz, 2619 MHz, [N/A]
2025/11/27 05:28:19.302, 1, NVIDIA H100 80GB HBM3, P0, 100 %, 47 %, 81559 MiB, 39667 MiB, 41413 MiB, 50, 58, 333.27 W, 700.00 W, 700.00 W, 1980 MHz, 2619 MHz, [N/A]
2025/11/27 05:28:19.303, 2, NVIDIA H100 80GB HBM3, P0, 82 %, 52 %, 81559 MiB, 41521 MiB, 39559 MiB, 52, 58, 315.25 W, 700.00 W, 700.00 W, 1980 MHz, 2619 MHz, [N/A]
2025/11/27 05:28:19.304, 3, NVIDIA H100 80GB HBM3, P0, 100 %, 47 %, 81559 MiB, 40825 MiB, 40255 MiB, 44, 54, 314.60 W, 700.00 W, 700.00 W, 1980 MHz, 2619 MHz, [N/A]
2025/11/27 05:28:19.305, 4, NVIDIA H100 80GB HBM3, P0, 79 %, 53 %, 81559 MiB, 39077 MiB, 42003 MiB, 45, 54, 312.74 W, 700.00 W, 700.00 W, 1980 MHz, 2619 MHz, [N/A]
2025/11/27 05:28:19.306, 5, NVIDIA H100 80GB HBM3, P0, 100 %, 37 %, 81559 MiB, 40949 MiB, 40131 MiB, 49, 56, 324.59 W, 700.00 W, 700.00 W, 1980 MHz, 2619 MHz, [N/A]
2025/11/27 05:28:19.306, 6, NVIDIA H100 80GB HBM3, P0, 100 %, 57 %, 81559 MiB, 40505 MiB, 40575 MiB, 50, 58, 405.81 W, 700.00 W, 700.00 W, 1980 MHz, 2619 MHz, [N/A]
2025/11/27 05:28:19.307, 7, NVIDIA H100 80GB HBM3, P0, 89 %, 46 %, 81559 MiB, 40299 MiB, 40781 MiB, 47, 54, 346.84 W, 700.00 W, 700.00 W, 1980 MHz, 2619 MHz, [N/A]
2025/11/27 05:28:24.308, 0, NVIDIA H100 80GB HBM3, P0, 100 %, 14 %, 81559 MiB, 41421 MiB, 39659 MiB, 47, 56, 307.61 W, 700.00 W, 700.00 W, 1980 MHz, 2619 MHz, [N/A]
2025/11/27 05:28:24.310, 1, NVIDIA H100 80GB HBM3, P0, 98 %, 24 %, 81559 MiB, 39667 MiB, 41413 MiB, 51, 57, 330.51 W, 700.00 W, 700.00 W, 1980 MHz, 2619 MHz, [N/A]
2025/11/27 05:28:24.311, 2, NVIDIA H100 80GB HBM3, P0, 100 %, 34 %, 81559 MiB, 41521 MiB, 39559 MiB, 50, 56, 292.75 W, 700.00 W, 700.00 W, 1980 MHz, 2619 MHz, [N/A]
2025/11/27 05:28:24.312, 3, NVIDIA H100 80GB HBM3, P0, 98 %, 18 %, 81559 MiB, 40825 MiB, 40255 MiB, 45, 54, 309.35 W, 700.00 W, 700.00 W, 1980 MHz, 2619 MHz, [N/A]
2025/11/27 05:28:24.314, 4, NVIDIA H100 80GB HBM3, P0, 98 %, 33 %, 81559 MiB, 39077 MiB, 42003 MiB, 44, 51, 286.34 W, 700.00 W, 700.00 W, 1980 MHz, 2619 MHz, [N/A]
2025/11/27 05:28:24.315, 5, NVIDIA H100 80GB HBM3, P0, 100 %, 51 %, 81559 MiB, 40949 MiB, 40131 MiB, 51, 58, 321.60 W, 700.00 W, 700.00 W, 1980 MHz, 2619 MHz, [N/A]
2025/11/27 05:28:24.316, 6, NVIDIA H100 80GB HBM3, P0, 98 %, 19 %, 81559 MiB, 40505 MiB, 40575 MiB, 48, 56, 291.95 W, 700.00 W, 700.00 W, 1980 MHz, 2619 MHz, [N/A]
2025/11/27 05:28:24.316, 7, NVIDIA H100 80GB HBM3, P0, 100 %, 37 %, 81559 MiB, 39249 MiB, 41831 MiB, 45, 53, 312.82 W, 700.00 W, 700.00 W, 1980 MHz, 2619 MHz, [N/A]
2025/11/27 05:28:29.318, 0, NVIDIA H100 80GB HBM3, P0, 80 %, 41 %, 81559 MiB, 41421 MiB, 39659 MiB, 44, 52, 296.49 W, 700.00 W, 700.00 W, 1980 MHz, 2619 MHz, [N/A]
2025/11/27 05:28:29.320, 1, NVIDIA H100 80GB HBM3, P0, 93 %, 32 %, 81559 MiB, 39667 MiB, 41413 MiB, 49, 57, 315.23 W, 700.00 W, 700.00 W, 1980 MHz, 2619 MHz, [N/A]
2025/11/27 05:28:29.321, 2, NVIDIA H100 80GB HBM3, P0, 100 %, 14 %, 81559 MiB, 41521 MiB, 39559 MiB, 50, 58, 308.55 W, 700.00 W, 700.00 W, 1980 MHz, 2619 MHz, [N/A]
2025/11/27 05:28:29.321, 3, NVIDIA H100 80GB HBM3, P0, 87 %, 34 %, 81559 MiB, 40825 MiB, 40255 MiB, 43, 51, 301.39 W, 700.00 W, 700.00 W, 1980 MHz, 2619 MHz, [N/A]
2025/11/27 05:28:29.322, 4, NVIDIA H100 80GB HBM3, P0, 100 %, 16 %, 81559 MiB, 39077 MiB, 42003 MiB, 42, 49, 307.38 W, 700.00 W, 700.00 W, 1980 MHz, 2619 MHz, [N/A]
2025/11/27 05:28:29.323, 5, NVIDIA H100 80GB HBM3, P0, 25 %, 13 %, 81559 MiB, 40949 MiB, 40131 MiB, 48, 54, 279.61 W, 700.00 W, 700.00 W, 1980 MHz, 2619 MHz, [N/A]
2025/11/27 05:28:29.324, 6, NVIDIA H100 80GB HBM3, P0, 94 %, 26 %, 81559 MiB, 40505 MiB, 40575 MiB, 48, 55, 345.24 W, 700.00 W, 700.00 W, 1980 MHz, 2619 MHz, [N/A]
2025/11/27 05:28:29.325, 7, NVIDIA H100 80GB HBM3, P0, 86 %, 13 %, 81559 MiB, 39249 MiB, 41831 MiB, 45, 52, 350.27 W, 700.00 W, 700.00 W, 1980 MHz, 2619 MHz, [N/A]
2025/11/27 05:28:34.326, 0, NVIDIA H100 80GB HBM3, P0, 92 %, 55 %, 81559 MiB, 41421 MiB, 39659 MiB, 45, 53, 325.33 W, 700.00 W, 700.00 W, 1980 MHz, 2619 MHz, [N/A]
2025/11/27 05:28:34.327, 1, NVIDIA H100 80GB HBM3, P0, 95 %, 46 %, 81559 MiB, 39667 MiB, 41413 MiB, 51, 59, 321.44 W, 700.00 W, 700.00 W, 1980 MHz, 2619 MHz, [N/A]
2025/11/27 05:28:34.328, 2, NVIDIA H100 80GB HBM3, P0, 88 %, 38 %, 81559 MiB, 41521 MiB, 39559 MiB, 50, 56, 337.28 W, 700.00 W, 700.00 W, 1980 MHz, 2619 MHz, [N/A]
2025/11/27 05:28:34.328, 3, NVIDIA H100 80GB HBM3, P0, 79 %, 54 %, 81559 MiB, 40823 MiB, 40257 MiB, 44, 53, 325.51 W, 700.00 W, 700.00 W, 1980 MHz, 2619 MHz, [N/A]
2025/11/27 05:28:34.329, 4, NVIDIA H100 80GB HBM3, P0, 88 %, 42 %, 81559 MiB, 39077 MiB, 42003 MiB, 42, 49, 311.00 W, 700.00 W, 700.00 W, 1980 MHz, 2619 MHz, [N/A]
2025/11/27 05:28:34.329, 5, NVIDIA H100 80GB HBM3, P0, 85 %, 9 %, 81559 MiB, 40949 MiB, 40131 MiB, 49, 55, 359.21 W, 700.00 W, 700.00 W, 1980 MHz, 2619 MHz, [N/A]
2025/11/27 05:28:34.330, 6, NVIDIA H100 80GB HBM3, P0, 95 %, 44 %, 81559 MiB, 40505 MiB, 40575 MiB, 48, 56, 337.50 W, 700.00 W, 700.00 W, 1980 MHz, 2619 MHz, [N/A]
2025/11/27 05:28:34.331, 7, NVIDIA H100 80GB HBM3, P0, 39 %, 28 %, 81559 MiB, 39247 MiB, 41833 MiB, 45, 55, 279.97 W, 700.00 W, 700.00 W, 1980 MHz, 2619 MHz, [N/A]
2025/11/27 05:28:39.332, 0, NVIDIA H100 80GB HBM3, P0, 100 %, 38 %, 81559 MiB, 41421 MiB, 39659 MiB, 46, 55, 316.06 W, 700.00 W, 700.00 W, 1980 MHz, 2619 MHz, [N/A]
2025/11/27 05:28:39.333, 1, NVIDIA H100 80GB HBM3, P0, 100 %, 46 %, 81559 MiB, 39665 MiB, 41415 MiB, 50, 58, 306.87 W, 700.00 W, 700.00 W, 1980 MHz, 2619 MHz, [N/A]
2025/11/27 05:28:39.334, 2, NVIDIA H100 80GB HBM3, P0, 100 %, 44 %, 81559 MiB, 41521 MiB, 39559 MiB, 50, 58, 303.80 W, 700.00 W, 700.00 W, 1980 MHz, 2619 MHz, [N/A]
2025/11/27 05:28:39.335, 3, NVIDIA H100 80GB HBM3, P0, 100 %, 60 %, 81559 MiB, 40823 MiB, 40257 MiB, 46, 57, 364.63 W, 700.00 W, 700.00 W, 1980 MHz, 2619 MHz, [N/A]
2025/11/27 05:28:39.335, 4, NVIDIA H100 80GB HBM3, P0, 100 %, 46 %, 81559 MiB, 39077 MiB, 42003 MiB, 43, 52, 291.74 W, 700.00 W, 700.00 W, 1980 MHz, 2619 MHz, [N/A]
2025/11/27 05:28:39.336, 5, NVIDIA H100 80GB HBM3, P0, 80 %, 46 %, 81559 MiB, 40949 MiB, 40131 MiB, 49, 55, 325.56 W, 700.00 W, 700.00 W, 1980 MHz, 2619 MHz, [N/A]
2025/11/27 05:28:39.337, 6, NVIDIA H100 80GB HBM3, P0, 100 %, 48 %, 81559 MiB, 40505 MiB, 40575 MiB, 49, 57, 318.00 W, 700.00 W, 700.00 W, 1980 MHz, 2619 MHz, [N/A]
2025/11/27 05:28:39.337, 7, NVIDIA H100 80GB HBM3, P0, 68 %, 44 %, 81559 MiB, 39247 MiB, 41833 MiB, 45, 53, 304.65 W, 700.00 W, 700.00 W, 1980 MHz, 2619 MHz, [N/A]
2025/11/27 05:28:44.339, 0, NVIDIA H100 80GB HBM3, P0, 100 %, 12 %, 81559 MiB, 41421 MiB, 39659 MiB, 46, 55, 286.38 W, 700.00 W, 700.00 W, 1980 MHz, 2619 MHz, [N/A]
2025/11/27 05:28:44.340, 1, NVIDIA H100 80GB HBM3, P0, 100 %, 13 %, 81559 MiB, 39665 MiB, 41415 MiB, 50, 59, 310.65 W, 700.00 W, 700.00 W, 1980 MHz, 2619 MHz, [N/A]
2025/11/27 05:28:44.341, 2, NVIDIA H100 80GB HBM3, P0, 98 %, 19 %, 81559 MiB, 41521 MiB, 39559 MiB, 51, 58, 308.02 W, 700.00 W, 700.00 W, 1980 MHz, 2619 MHz, [N/A]
2025/11/27 05:28:44.342, 3, NVIDIA H100 80GB HBM3, P0, 100 %, 12 %, 81559 MiB, 40823 MiB, 40257 MiB, 44, 54, 285.96 W, 700.00 W, 700.00 W, 1980 MHz, 2619 MHz, [N/A]
2025/11/27 05:28:44.342, 4, NVIDIA H100 80GB HBM3, P0, 98 %, 19 %, 81559 MiB, 39077 MiB, 42003 MiB, 44, 52, 293.66 W, 700.00 W, 700.00 W, 1980 MHz, 2619 MHz, [N/A]
2025/11/27 05:28:44.343, 5, NVIDIA H100 80GB HBM3, P0, 100 %, 33 %, 81559 MiB, 40947 MiB, 40133 MiB, 49, 56, 307.40 W, 700.00 W, 700.00 W, 1980 MHz, 2619 MHz, [N/A]
2025/11/27 05:28:44.344, 6, NVIDIA H100 80GB HBM3, P0, 98 %, 18 %, 81559 MiB, 40505 MiB, 40575 MiB, 48, 53, 292.47 W, 700.00 W, 700.00 W, 1980 MHz, 2619 MHz, [N/A]
2025/11/27 05:28:44.344, 7, NVIDIA H100 80GB HBM3, P0, 44 %, 27 %, 81559 MiB, 39245 MiB, 41835 MiB, 46, 53, 295.12 W, 700.00 W, 700.00 W, 1980 MHz, 2619 MHz, [N/A]
2025/11/27 05:28:49.345, 0, NVIDIA H100 80GB HBM3, P0, 100 %, 13 %, 81559 MiB, 41421 MiB, 39659 MiB, 44, 52, 274.79 W, 700.00 W, 700.00 W, 1980 MHz, 2619 MHz, [N/A]
2025/11/27 05:28:49.346, 1, NVIDIA H100 80GB HBM3, P0, 100 %, 15 %, 81559 MiB, 39665 MiB, 41415 MiB, 49, 56, 290.21 W, 700.00 W, 700.00 W, 1980 MHz, 2619 MHz, [N/A]
2025/11/27 05:28:49.347, 2, NVIDIA H100 80GB HBM3, P0, 100 %, 12 %, 81559 MiB, 41521 MiB, 39559 MiB, 49, 56, 300.68 W, 700.00 W, 700.00 W, 1980 MHz, 2619 MHz, [N/A]
2025/11/27 05:28:49.348, 3, NVIDIA H100 80GB HBM3, P0, 100 %, 15 %, 81559 MiB, 39915 MiB, 41165 MiB, 43, 53, 308.40 W, 700.00 W, 700.00 W, 1980 MHz, 2619 MHz, [N/A]
2025/11/27 05:28:49.349, 4, NVIDIA H100 80GB HBM3, P0, 100 %, 14 %, 81559 MiB, 39077 MiB, 42003 MiB, 43, 51, 283.96 W, 700.00 W, 700.00 W, 1980 MHz, 2619 MHz, [N/A]
2025/11/27 05:28:49.350, 5, NVIDIA H100 80GB HBM3, P0, 38 %, 21 %, 81559 MiB, 40947 MiB, 40133 MiB, 49, 54, 314.86 W, 700.00 W, 700.00 W, 1980 MHz, 2619 MHz, [N/A]
2025/11/27 05:28:49.351, 6, NVIDIA H100 80GB HBM3, P0, 96 %, 21 %, 81559 MiB, 40505 MiB, 40575 MiB, 48, 54, 298.62 W, 700.00 W, 700.00 W, 1980 MHz, 2619 MHz, [N/A]
2025/11/27 05:28:49.351, 7, NVIDIA H100 80GB HBM3, P0, 62 %, 17 %, 81559 MiB, 39245 MiB, 41835 MiB, 45, 52, 331.54 W, 700.00 W, 700.00 W, 1980 MHz, 2619 MHz, [N/A]
2025/11/27 05:28:54.353, 0, NVIDIA H100 80GB HBM3, P0, 100 %, 44 %, 81559 MiB, 41421 MiB, 39659 MiB, 44, 53, 306.08 W, 700.00 W, 700.00 W, 1980 MHz, 2619 MHz, [N/A]
2025/11/27 05:28:54.354, 1, NVIDIA H100 80GB HBM3, P0, 94 %, 15 %, 81559 MiB, 39663 MiB, 41417 MiB, 49, 56, 323.25 W, 700.00 W, 700.00 W, 1980 MHz, 2619 MHz, [N/A]
2025/11/27 05:28:54.355, 2, NVIDIA H100 80GB HBM3, P0, 60 %, 29 %, 81559 MiB, 41521 MiB, 39559 MiB, 50, 57, 307.92 W, 700.00 W, 700.00 W, 1980 MHz, 2619 MHz, [N/A]
2025/11/27 05:28:54.355, 3, NVIDIA H100 80GB HBM3, P0, 94 %, 43 %, 81559 MiB, 39909 MiB, 41171 MiB, 44, 54, 341.26 W, 700.00 W, 700.00 W, 1980 MHz, 2619 MHz, [N/A]
2025/11/27 05:28:54.356, 4, NVIDIA H100 80GB HBM3, P0, 59 %, 32 %, 81559 MiB, 39077 MiB, 42003 MiB, 43, 50, 344.90 W, 700.00 W, 700.00 W, 1980 MHz, 2619 MHz, [N/A]
2025/11/27 05:28:54.356, 5, NVIDIA H100 80GB HBM3, P0, 100 %, 8 %, 81559 MiB, 40947 MiB, 40133 MiB, 48, 53, 307.45 W, 700.00 W, 700.00 W, 1980 MHz, 2619 MHz, [N/A]
2025/11/27 05:28:54.357, 6, NVIDIA H100 80GB HBM3, P0, 90 %, 45 %, 81559 MiB, 40505 MiB, 40575 MiB, 47, 53, 315.75 W, 700.00 W, 700.00 W, 1980 MHz, 2619 MHz, [N/A]
2025/11/27 05:28:54.358, 7, NVIDIA H100 80GB HBM3, P0, 30 %, 20 %, 81559 MiB, 39243 MiB, 41837 MiB, 44, 52, 299.20 W, 700.00 W, 700.00 W, 1980 MHz, 2619 MHz, [N/A]
2025/11/27 05:28:59.359, 0, NVIDIA H100 80GB HBM3, P0, 100 %, 50 %, 81559 MiB, 41419 MiB, 39661 MiB, 45, 53, 324.69 W, 700.00 W, 700.00 W, 1980 MHz, 2619 MHz, [N/A]
2025/11/27 05:28:59.360, 1, NVIDIA H100 80GB HBM3, P0, 82 %, 41 %, 81559 MiB, 39663 MiB, 41417 MiB, 50, 57, 328.85 W, 700.00 W, 700.00 W, 1980 MHz, 2619 MHz, [N/A]
2025/11/27 05:28:59.361, 2, NVIDIA H100 80GB HBM3, P0, 92 %, 46 %, 81559 MiB, 41521 MiB, 39559 MiB, 50, 58, 311.38 W, 700.00 W, 700.00 W, 1980 MHz, 2619 MHz, [N/A]
2025/11/27 05:28:59.362, 3, NVIDIA H100 80GB HBM3, P0, 100 %, 45 %, 81559 MiB, 39909 MiB, 41171 MiB, 44, 53, 308.27 W, 700.00 W, 700.00 W, 1980 MHz, 2619 MHz, [N/A]
2025/11/27 05:28:59.363, 4, NVIDIA H100 80GB HBM3, P0, 94 %, 45 %, 81559 MiB, 39077 MiB, 42003 MiB, 43, 49, 304.87 W, 700.00 W, 700.00 W, 1980 MHz, 2619 MHz, [N/A]
2025/11/27 05:28:59.364, 5, NVIDIA H100 80GB HBM3, P0, 81 %, 31 %, 81559 MiB, 40947 MiB, 40133 MiB, 48, 55, 322.11 W, 700.00 W, 700.00 W, 1980 MHz, 2619 MHz, [N/A]
2025/11/27 05:28:59.364, 6, NVIDIA H100 80GB HBM3, P0, 89 %, 32 %, 81559 MiB, 40505 MiB, 40575 MiB, 48, 55, 352.67 W, 700.00 W, 700.00 W, 1980 MHz, 2619 MHz, [N/A]
2025/11/27 05:28:59.365, 7, NVIDIA H100 80GB HBM3, P0, 74 %, 40 %, 81559 MiB, 39243 MiB, 41837 MiB, 44, 51, 299.77 W, 700.00 W, 700.00 W, 1980 MHz, 2619 MHz, [N/A]
2025/11/27 05:29:04.366, 0, NVIDIA H100 80GB HBM3, P0, 100 %, 12 %, 81559 MiB, 41419 MiB, 39661 MiB, 46, 55, 308.05 W, 700.00 W, 700.00 W, 1980 MHz, 2619 MHz, [N/A]
2025/11/27 05:29:04.367, 1, NVIDIA H100 80GB HBM3, P0, 72 %, 43 %, 81559 MiB, 39663 MiB, 41417 MiB, 50, 58, 324.24 W, 700.00 W, 700.00 W, 1980 MHz, 2619 MHz, [N/A]
2025/11/27 05:29:04.368, 2, NVIDIA H100 80GB HBM3, P0, 97 %, 35 %, 81559 MiB, 41521 MiB, 39559 MiB, 51, 60, 350.87 W, 700.00 W, 700.00 W, 1980 MHz, 2619 MHz, [N/A]
2025/11/27 05:29:04.369, 3, NVIDIA H100 80GB HBM3, P0, 100 %, 12 %, 81559 MiB, 39909 MiB, 41171 MiB, 44, 53, 310.11 W, 700.00 W, 700.00 W, 1980 MHz, 2619 MHz, [N/A]
2025/11/27 05:29:04.370, 4, NVIDIA H100 80GB HBM3, P0, 97 %, 32 %, 81559 MiB, 39077 MiB, 42003 MiB, 43, 53, 296.61 W, 700.00 W, 700.00 W, 1980 MHz, 2619 MHz, [N/A]
2025/11/27 05:29:04.371, 5, NVIDIA H100 80GB HBM3, P0, 100 %, 46 %, 81559 MiB, 40947 MiB, 40133 MiB, 50, 56, 324.04 W, 700.00 W, 700.00 W, 1980 MHz, 2619 MHz, [N/A]
2025/11/27 05:29:04.371, 6, NVIDIA H100 80GB HBM3, P0, 100 %, 44 %, 81559 MiB, 40505 MiB, 40575 MiB, 49, 56, 337.41 W, 700.00 W, 700.00 W, 1980 MHz, 2619 MHz, [N/A]
2025/11/27 05:29:04.372, 7, NVIDIA H100 80GB HBM3, P0, 96 %, 47 %, 81559 MiB, 39243 MiB, 41837 MiB, 46, 53, 294.98 W, 700.00 W, 700.00 W, 1980 MHz, 2619 MHz, [N/A]
2025/11/27 05:29:09.373, 0, NVIDIA H100 80GB HBM3, P0, 93 %, 15 %, 81559 MiB, 41419 MiB, 39661 MiB, 45, 53, 323.90 W, 700.00 W, 700.00 W, 1980 MHz, 2619 MHz, [N/A]
2025/11/27 05:29:09.375, 1, NVIDIA H100 80GB HBM3, P0, 100 %, 15 %, 81559 MiB, 39663 MiB, 41417 MiB, 49, 56, 297.39 W, 700.00 W, 700.00 W, 1980 MHz, 2619 MHz, [N/A]
2025/11/27 05:29:09.376, 2, NVIDIA H100 80GB HBM3, P0, 95 %, 16 %, 81559 MiB, 41521 MiB, 39559 MiB, 50, 56, 313.26 W, 700.00 W, 700.00 W, 1980 MHz, 2619 MHz, [N/A]
2025/11/27 05:29:09.377, 3, NVIDIA H100 80GB HBM3, P0, 86 %, 42 %, 81559 MiB, 39909 MiB, 41171 MiB, 43, 51, 290.06 W, 700.00 W, 700.00 W, 1980 MHz, 2619 MHz, [N/A]
2025/11/27 05:29:09.378, 4, NVIDIA H100 80GB HBM3, P0, 94 %, 21 %, 81559 MiB, 39077 MiB, 42003 MiB, 42, 49, 294.46 W, 700.00 W, 700.00 W, 1980 MHz, 2619 MHz, [N/A]
2025/11/27 05:29:09.379, 5, NVIDIA H100 80GB HBM3, P0, 25 %, 12 %, 81559 MiB, 40947 MiB, 40133 MiB, 48, 53, 280.53 W, 700.00 W, 700.00 W, 1980 MHz, 2619 MHz, [N/A]
2025/11/27 05:29:09.380, 6, NVIDIA H100 80GB HBM3, P0, 100 %, 12 %, 81559 MiB, 40505 MiB, 40575 MiB, 47, 53, 298.01 W, 700.00 W, 700.00 W, 1980 MHz, 2619 MHz, [N/A]
2025/11/27 05:29:09.380, 7, NVIDIA H100 80GB HBM3, P0, 68 %, 12 %, 81559 MiB, 39243 MiB, 41837 MiB, 44, 51, 282.48 W, 700.00 W, 700.00 W, 1980 MHz, 2619 MHz, [N/A]
2025/11/27 05:29:14.382, 0, NVIDIA H100 80GB HBM3, P0, 94 %, 45 %, 81559 MiB, 41419 MiB, 39661 MiB, 45, 55, 315.77 W, 700.00 W, 700.00 W, 1980 MHz, 2619 MHz, [N/A]
2025/11/27 05:29:14.383, 1, NVIDIA H100 80GB HBM3, P0, 88 %, 45 %, 81559 MiB, 39663 MiB, 41417 MiB, 49, 57, 309.85 W, 700.00 W, 700.00 W, 1980 MHz, 2619 MHz, [N/A]
2025/11/27 05:29:14.384, 2, NVIDIA H100 80GB HBM3, P0, 82 %, 54 %, 81559 MiB, 41517 MiB, 39563 MiB, 50, 56, 382.78 W, 700.00 W, 700.00 W, 1980 MHz, 2619 MHz, [N/A]
2025/11/27 05:29:14.384, 3, NVIDIA H100 80GB HBM3, P0, 100 %, 44 %, 81559 MiB, 39909 MiB, 41171 MiB, 44, 55, 318.37 W, 700.00 W, 700.00 W, 1980 MHz, 2619 MHz, [N/A]
2025/11/27 05:29:14.385, 4, NVIDIA H100 80GB HBM3, P0, 94 %, 42 %, 81559 MiB, 39075 MiB, 42005 MiB, 42, 51, 318.58 W, 700.00 W, 700.00 W, 1980 MHz, 2619 MHz, [N/A]
2025/11/27 05:29:14.386, 5, NVIDIA H100 80GB HBM3, P0, 54 %, 34 %, 81559 MiB, 40947 MiB, 40133 MiB, 49, 54, 323.19 W, 700.00 W, 700.00 W, 1980 MHz, 2619 MHz, [N/A]
2025/11/27 05:29:14.387, 6, NVIDIA H100 80GB HBM3, P0, 89 %, 36 %, 81559 MiB, 40503 MiB, 40577 MiB, 48, 55, 330.92 W, 700.00 W, 700.00 W, 1980 MHz, 2619 MHz, [N/A]
2025/11/27 05:29:14.388, 7, NVIDIA H100 80GB HBM3, P0, 79 %, 45 %, 81559 MiB, 39243 MiB, 41837 MiB, 45, 51, 320.66 W, 700.00 W, 700.00 W, 1980 MHz, 2619 MHz, [N/A]
2025/11/27 05:29:19.389, 0, NVIDIA H100 80GB HBM3, P0, 91 %, 35 %, 81559 MiB, 41419 MiB, 39661 MiB, 44, 53, 306.32 W, 700.00 W, 700.00 W, 1980 MHz, 2619 MHz, [N/A]
2025/11/27 05:29:19.390, 1, NVIDIA H100 80GB HBM3, P0, 72 %, 13 %, 81559 MiB, 39663 MiB, 41417 MiB, 48, 54, 295.41 W, 700.00 W, 700.00 W, 1980 MHz, 2619 MHz, [N/A]
2025/11/27 05:29:19.391, 2, NVIDIA H100 80GB HBM3, P0, 93 %, 34 %, 81559 MiB, 41517 MiB, 39563 MiB, 48, 54, 307.11 W, 700.00 W, 700.00 W, 1980 MHz, 2619 MHz, [N/A]
2025/11/27 05:29:19.392, 3, NVIDIA H100 80GB HBM3, P0, 100 %, 0 %, 81559 MiB, 39909 MiB, 41171 MiB, 42, 51, 285.88 W, 700.00 W, 700.00 W, 1980 MHz, 2619 MHz, [N/A]
2025/11/27 05:29:19.393, 4, NVIDIA H100 80GB HBM3, P0, 89 %, 36 %, 81559 MiB, 39075 MiB, 42005 MiB, 41, 47, 299.80 W, 700.00 W, 700.00 W, 1980 MHz, 2619 MHz, [N/A]
2025/11/27 05:29:19.393, 5, NVIDIA H100 80GB HBM3, P0, 63 %, 9 %, 81559 MiB, 40947 MiB, 40133 MiB, 47, 53, 340.31 W, 700.00 W, 700.00 W, 1980 MHz, 2619 MHz, [N/A]
2025/11/27 05:29:19.394, 6, NVIDIA H100 80GB HBM3, P0, 100 %, 14 %, 81559 MiB, 40503 MiB, 40577 MiB, 46, 53, 291.89 W, 700.00 W, 700.00 W, 1980 MHz, 2619 MHz, [N/A]
2025/11/27 05:29:19.395, 7, NVIDIA H100 80GB HBM3, P0, 46 %, 24 %, 81559 MiB, 39243 MiB, 41837 MiB, 43, 51, 303.60 W, 700.00 W, 700.00 W, 1980 MHz, 2619 MHz, [N/A]
2025/11/27 05:29:24.396, 0, NVIDIA H100 80GB HBM3, P0, 100 %, 44 %, 81559 MiB, 41417 MiB, 39663 MiB, 46, 56, 294.50 W, 700.00 W, 700.00 W, 1980 MHz, 2619 MHz, [N/A]
2025/11/27 05:29:24.397, 1, NVIDIA H100 80GB HBM3, P0, 94 %, 45 %, 81559 MiB, 39663 MiB, 41417 MiB, 49, 59, 315.71 W, 700.00 W, 700.00 W, 1980 MHz, 2619 MHz, [N/A]
2025/11/27 05:29:24.398, 2, NVIDIA H100 80GB HBM3, P0, 100 %, 44 %, 81559 MiB, 41517 MiB, 39563 MiB, 50, 58, 316.51 W, 700.00 W, 700.00 W, 1980 MHz, 2619 MHz, [N/A]
2025/11/27 05:29:24.399, 3, NVIDIA H100 80GB HBM3, P0, 92 %, 37 %, 81559 MiB, 39907 MiB, 41173 MiB, 45, 54, 316.03 W, 700.00 W, 700.00 W, 1980 MHz, 2619 MHz, [N/A]
2025/11/27 05:29:24.399, 4, NVIDIA H100 80GB HBM3, P0, 100 %, 47 %, 81559 MiB, 39075 MiB, 42005 MiB, 44, 51, 304.62 W, 700.00 W, 700.00 W, 1980 MHz, 2619 MHz, [N/A]
2025/11/27 05:29:24.400, 5, NVIDIA H100 80GB HBM3, P0, 75 %, 42 %, 81559 MiB, 40947 MiB, 40133 MiB, 49, 55, 325.86 W, 700.00 W, 700.00 W, 1980 MHz, 2619 MHz, [N/A]
2025/11/27 05:29:24.401, 6, NVIDIA H100 80GB HBM3, P0, 91 %, 46 %, 81559 MiB, 40503 MiB, 40577 MiB, 48, 56, 325.63 W, 700.00 W, 700.00 W, 1980 MHz, 2619 MHz, [N/A]
2025/11/27 05:29:24.402, 7, NVIDIA H100 80GB HBM3, P0, 73 %, 48 %, 81559 MiB, 39243 MiB, 41837 MiB, 44, 51, 315.87 W, 700.00 W, 700.00 W, 1980 MHz, 2619 MHz, [N/A]
2025/11/27 05:29:29.404, 0, NVIDIA H100 80GB HBM3, P0, 100 %, 14 %, 81559 MiB, 41417 MiB, 39663 MiB, 45, 53, 306.40 W, 700.00 W, 700.00 W, 1980 MHz, 2619 MHz, [N/A]
2025/11/27 05:29:29.405, 1, NVIDIA H100 80GB HBM3, P0, 75 %, 45 %, 81559 MiB, 39663 MiB, 41417 MiB, 49, 57, 315.53 W, 700.00 W, 700.00 W, 1980 MHz, 2619 MHz, [N/A]
2025/11/27 05:29:29.405, 2, NVIDIA H100 80GB HBM3, P0, 95 %, 40 %, 81559 MiB, 41517 MiB, 39563 MiB, 52, 57, 340.58 W, 700.00 W, 700.00 W, 1980 MHz, 2619 MHz, [N/A]
2025/11/27 05:29:29.406, 3, NVIDIA H100 80GB HBM3, P0, 97 %, 14 %, 81559 MiB, 39907 MiB, 41173 MiB, 43, 52, 309.97 W, 700.00 W, 700.00 W, 1980 MHz, 2619 MHz, [N/A]
2025/11/27 05:29:29.407, 4, NVIDIA H100 80GB HBM3, P0, 94 %, 36 %, 81559 MiB, 39075 MiB, 42005 MiB, 43, 51, 321.36 W, 700.00 W, 700.00 W, 1980 MHz, 2619 MHz, [N/A]
2025/11/27 05:29:29.408, 5, NVIDIA H100 80GB HBM3, P0, 74 %, 32 %, 81559 MiB, 40947 MiB, 40133 MiB, 48, 54, 308.31 W, 700.00 W, 700.00 W, 1980 MHz, 2619 MHz, [N/A]
2025/11/27 05:29:29.408, 6, NVIDIA H100 80GB HBM3, P0, 89 %, 34 %, 81559 MiB, 40503 MiB, 40577 MiB, 48, 55, 311.95 W, 700.00 W, 700.00 W, 1980 MHz, 2619 MHz, [N/A]
2025/11/27 05:29:29.409, 7, NVIDIA H100 80GB HBM3, P0, 80 %, 40 %, 81559 MiB, 39243 MiB, 41837 MiB, 44, 51, 314.43 W, 700.00 W, 700.00 W, 1980 MHz, 2619 MHz, [N/A]
2025/11/27 05:29:34.411, 0, NVIDIA H100 80GB HBM3, P0, 100 %, 11 %, 81559 MiB, 41417 MiB, 39663 MiB, 44, 53, 303.26 W, 700.00 W, 700.00 W, 1980 MHz, 2619 MHz, [N/A]
2025/11/27 05:29:34.412, 1, NVIDIA H100 80GB HBM3, P0, 81 %, 48 %, 81559 MiB, 39663 MiB, 41417 MiB, 49, 57, 342.75 W, 700.00 W, 700.00 W, 1980 MHz, 2619 MHz, [N/A]
2025/11/27 05:29:34.413, 2, NVIDIA H100 80GB HBM3, P0, 94 %, 44 %, 81559 MiB, 41517 MiB, 39563 MiB, 50, 57, 305.38 W, 700.00 W, 700.00 W, 1980 MHz, 2619 MHz, [N/A]
2025/11/27 05:29:34.413, 3, NVIDIA H100 80GB HBM3, P0, 98 %, 18 %, 81559 MiB, 39907 MiB, 41173 MiB, 43, 53, 318.77 W, 700.00 W, 700.00 W, 1980 MHz, 2619 MHz, [N/A]
2025/11/27 05:29:34.414, 4, NVIDIA H100 80GB HBM3, P0, 94 %, 40 %, 81559 MiB, 39075 MiB, 42005 MiB, 42, 49, 307.26 W, 700.00 W, 700.00 W, 1980 MHz, 2619 MHz, [N/A]
2025/11/27 05:29:34.415, 5, NVIDIA H100 80GB HBM3, P0, 73 %, 32 %, 81559 MiB, 40947 MiB, 40133 MiB, 48, 55, 325.41 W, 700.00 W, 700.00 W, 1980 MHz, 2619 MHz, [N/A]
2025/11/27 05:29:34.415, 6, NVIDIA H100 80GB HBM3, P0, 68 %, 32 %, 81559 MiB, 40503 MiB, 40577 MiB, 48, 56, 302.35 W, 700.00 W, 700.00 W, 1980 MHz, 2619 MHz, [N/A]
2025/11/27 05:29:34.416, 7, NVIDIA H100 80GB HBM3, P0, 79 %, 43 %, 81559 MiB, 39243 MiB, 41837 MiB, 44, 51, 301.62 W, 700.00 W, 700.00 W, 1980 MHz, 2619 MHz, [N/A]
2025/11/27 05:29:39.418, 0, NVIDIA H100 80GB HBM3, P0, 100 %, 8 %, 81559 MiB, 41417 MiB, 39663 MiB, 44, 53, 321.98 W, 700.00 W, 700.00 W, 1980 MHz, 2619 MHz, [N/A]
2025/11/27 05:29:39.419, 1, NVIDIA H100 80GB HBM3, P0, 63 %, 40 %, 81559 MiB, 39663 MiB, 41417 MiB, 50, 60, 306.07 W, 700.00 W, 700.00 W, 1980 MHz, 2619 MHz, [N/A]
2025/11/27 05:29:39.419, 2, NVIDIA H100 80GB HBM3, P0, 100 %, 38 %, 81559 MiB, 41517 MiB, 39563 MiB, 49, 56, 319.13 W, 700.00 W, 700.00 W, 1980 MHz, 2619 MHz, [N/A]
2025/11/27 05:29:39.420, 3, NVIDIA H100 80GB HBM3, P0, 88 %, 33 %, 81559 MiB, 39907 MiB, 41173 MiB, 43, 53, 312.12 W, 700.00 W, 700.00 W, 1980 MHz, 2619 MHz, [N/A]
2025/11/27 05:29:39.421, 4, NVIDIA H100 80GB HBM3, P0, 100 %, 41 %, 81559 MiB, 39073 MiB, 42007 MiB, 42, 49, 306.02 W, 700.00 W, 700.00 W, 1980 MHz, 2619 MHz, [N/A]
2025/11/27 05:29:39.421, 5, NVIDIA H100 80GB HBM3, P0, 89 %, 43 %, 81559 MiB, 40945 MiB, 40135 MiB, 48, 55, 306.62 W, 700.00 W, 700.00 W, 1980 MHz, 2619 MHz, [N/A]
2025/11/27 05:29:39.422, 6, NVIDIA H100 80GB HBM3, P0, 94 %, 39 %, 81559 MiB, 40501 MiB, 40579 MiB, 48, 57, 309.31 W, 700.00 W, 700.00 W, 1980 MHz, 2619 MHz, [N/A]
2025/11/27 05:29:39.423, 7, NVIDIA H100 80GB HBM3, P0, 100 %, 39 %, 81559 MiB, 39243 MiB, 41837 MiB, 44, 51, 306.29 W, 700.00 W, 700.00 W, 1980 MHz, 2619 MHz, [N/A]
2025/11/27 05:29:44.424, 0, NVIDIA H100 80GB HBM3, P0, 94 %, 50 %, 81559 MiB, 41417 MiB, 39663 MiB, 46, 57, 309.95 W, 700.00 W, 700.00 W, 1980 MHz, 2619 MHz, [N/A]
2025/11/27 05:29:44.425, 1, NVIDIA H100 80GB HBM3, P0, 100 %, 29 %, 81559 MiB, 39661 MiB, 41419 MiB, 49, 57, 300.21 W, 700.00 W, 700.00 W, 1980 MHz, 2619 MHz, [N/A]
2025/11/27 05:29:44.426, 2, NVIDIA H100 80GB HBM3, P0, 98 %, 30 %, 81559 MiB, 41517 MiB, 39563 MiB, 52, 58, 331.46 W, 700.00 W, 700.00 W, 1980 MHz, 2619 MHz, [N/A]
2025/11/27 05:29:44.427, 3, NVIDIA H100 80GB HBM3, P0, 100 %, 47 %, 81559 MiB, 39907 MiB, 41173 MiB, 44, 56, 351.67 W, 700.00 W, 700.00 W, 1980 MHz, 2619 MHz, [N/A]
2025/11/27 05:29:44.428, 4, NVIDIA H100 80GB HBM3, P0, 98 %, 27 %, 81559 MiB, 39073 MiB, 42007 MiB, 45, 51, 299.47 W, 700.00 W, 700.00 W, 1980 MHz, 2619 MHz, [N/A]
2025/11/27 05:29:44.428, 5, NVIDIA H100 80GB HBM3, P0, 80 %, 51 %, 81559 MiB, 40945 MiB, 40135 MiB, 51, 57, 327.62 W, 700.00 W, 700.00 W, 1980 MHz, 2619 MHz, [N/A]
2025/11/27 05:29:44.429, 6, NVIDIA H100 80GB HBM3, P0, 100 %, 44 %, 81559 MiB, 40501 MiB, 40579 MiB, 50, 57, 319.83 W, 700.00 W, 700.00 W, 1980 MHz, 2619 MHz, [N/A]
2025/11/27 05:29:44.430, 7, NVIDIA H100 80GB HBM3, P0, 100 %, 32 %, 81559 MiB, 39243 MiB, 41837 MiB, 45, 53, 297.42 W, 700.00 W, 700.00 W, 1980 MHz, 2619 MHz, [N/A]
2025/11/27 05:29:49.431, 0, NVIDIA H100 80GB HBM3, P0, 100 %, 10 %, 81559 MiB, 41417 MiB, 39663 MiB, 44, 53, 303.76 W, 700.00 W, 700.00 W, 1980 MHz, 2619 MHz, [N/A]
2025/11/27 05:29:49.432, 1, NVIDIA H100 80GB HBM3, P0, 68 %, 44 %, 81559 MiB, 39661 MiB, 41419 MiB, 51, 60, 350.98 W, 700.00 W, 700.00 W, 1980 MHz, 2619 MHz, [N/A]
2025/11/27 05:29:49.432, 2, NVIDIA H100 80GB HBM3, P0, 100 %, 45 %, 81559 MiB, 41517 MiB, 39563 MiB, 49, 56, 320.39 W, 700.00 W, 700.00 W, 1980 MHz, 2619 MHz, [N/A]
2025/11/27 05:29:49.433, 3, NVIDIA H100 80GB HBM3, P0, 88 %, 34 %, 81559 MiB, 39907 MiB, 41173 MiB, 43, 52, 310.48 W, 700.00 W, 700.00 W, 1980 MHz, 2619 MHz, [N/A]
2025/11/27 05:29:49.434, 4, NVIDIA H100 80GB HBM3, P0, 100 %, 39 %, 81559 MiB, 39073 MiB, 42007 MiB, 42, 49, 289.74 W, 700.00 W, 700.00 W, 1980 MHz, 2619 MHz, [N/A]
2025/11/27 05:29:49.434, 5, NVIDIA H100 80GB HBM3, P0, 89 %, 46 %, 81559 MiB, 40943 MiB, 40137 MiB, 49, 55, 355.30 W, 700.00 W, 700.00 W, 1980 MHz, 2619 MHz, [N/A]
2025/11/27 05:29:49.435, 6, NVIDIA H100 80GB HBM3, P0, 95 %, 38 %, 81559 MiB, 40501 MiB, 40579 MiB, 48, 55, 303.69 W, 700.00 W, 700.00 W, 1980 MHz, 2619 MHz, [N/A]
2025/11/27 05:29:49.436, 7, NVIDIA H100 80GB HBM3, P0, 100 %, 42 %, 81559 MiB, 39243 MiB, 41837 MiB, 44, 51, 304.27 W, 700.00 W, 700.00 W, 1980 MHz, 2619 MHz, [N/A]
2025/11/27 05:29:54.437, 0, NVIDIA H100 80GB HBM3, P0, 87 %, 37 %, 81559 MiB, 41417 MiB, 39663 MiB, 45, 54, 323.66 W, 700.00 W, 700.00 W, 1980 MHz, 2619 MHz, [N/A]
2025/11/27 05:29:54.438, 1, NVIDIA H100 80GB HBM3, P0, 70 %, 44 %, 81559 MiB, 39661 MiB, 41419 MiB, 50, 58, 335.85 W, 700.00 W, 700.00 W, 1980 MHz, 2619 MHz, [N/A]
2025/11/27 05:29:54.439, 2, NVIDIA H100 80GB HBM3, P0, 100 %, 49 %, 81559 MiB, 41517 MiB, 39563 MiB, 50, 58, 345.13 W, 700.00 W, 700.00 W, 1980 MHz, 2619 MHz, [N/A]
2025/11/27 05:29:54.439, 3, NVIDIA H100 80GB HBM3, P0, 96 %, 36 %, 81559 MiB, 39907 MiB, 41173 MiB, 45, 56, 297.84 W, 700.00 W, 700.00 W, 1980 MHz, 2619 MHz, [N/A]
2025/11/27 05:29:54.440, 4, NVIDIA H100 80GB HBM3, P0, 100 %, 43 %, 81559 MiB, 39073 MiB, 42007 MiB, 42, 52, 311.07 W, 700.00 W, 700.00 W, 1980 MHz, 2619 MHz, [N/A]
2025/11/27 05:29:54.441, 5, NVIDIA H100 80GB HBM3, P0, 100 %, 44 %, 81559 MiB, 40943 MiB, 40137 MiB, 49, 55, 317.42 W, 700.00 W, 700.00 W, 1980 MHz, 2619 MHz, [N/A]
2025/11/27 05:29:54.441, 6, NVIDIA H100 80GB HBM3, P0, 100 %, 44 %, 81559 MiB, 40501 MiB, 40579 MiB, 49, 55, 325.11 W, 700.00 W, 700.00 W, 1980 MHz, 2619 MHz, [N/A]
2025/11/27 05:29:54.442, 7, NVIDIA H100 80GB HBM3, P0, 100 %, 47 %, 81559 MiB, 39243 MiB, 41837 MiB, 46, 55, 321.38 W, 700.00 W, 700.00 W, 1980 MHz, 2619 MHz, [N/A]
2025/11/27 05:29:59.443, 0, NVIDIA H100 80GB HBM3, P0, 100 %, 31 %, 81559 MiB, 41417 MiB, 39663 MiB, 45, 56, 291.55 W, 700.00 W, 700.00 W, 1980 MHz, 2619 MHz, [N/A]
2025/11/27 05:29:59.444, 1, NVIDIA H100 80GB HBM3, P0, 100 %, 14 %, 81559 MiB, 39661 MiB, 41419 MiB, 49, 56, 314.99 W, 700.00 W, 700.00 W, 1980 MHz, 2619 MHz, [N/A]
2025/11/27 05:29:59.445, 2, NVIDIA H100 80GB HBM3, P0, 100 %, 12 %, 81559 MiB, 41515 MiB, 39565 MiB, 51, 58, 309.82 W, 700.00 W, 700.00 W, 1980 MHz, 2619 MHz, [N/A]
2025/11/27 05:29:59.446, 3, NVIDIA H100 80GB HBM3, P0, 97 %, 33 %, 81559 MiB, 39907 MiB, 41173 MiB, 45, 54, 313.72 W, 700.00 W, 700.00 W, 1980 MHz, 2619 MHz, [N/A]
2025/11/27 05:29:59.447, 4, NVIDIA H100 80GB HBM3, P0, 100 %, 12 %, 81559 MiB, 39073 MiB, 42007 MiB, 43, 49, 292.83 W, 700.00 W, 700.00 W, 1980 MHz, 2619 MHz, [N/A]
2025/11/27 05:29:59.447, 5, NVIDIA H100 80GB HBM3, P0, 32 %, 16 %, 81559 MiB, 40941 MiB, 40139 MiB, 49, 53, 310.32 W, 700.00 W, 700.00 W, 1980 MHz, 2619 MHz, [N/A]
2025/11/27 05:29:59.448, 6, NVIDIA H100 80GB HBM3, P0, 100 %, 11 %, 81559 MiB, 40501 MiB, 40579 MiB, 48, 57, 304.49 W, 700.00 W, 700.00 W, 1980 MHz, 2619 MHz, [N/A]
2025/11/27 05:29:59.448, 7, NVIDIA H100 80GB HBM3, P0, 51 %, 13 %, 81559 MiB, 39243 MiB, 41837 MiB, 46, 53, 307.76 W, 700.00 W, 700.00 W, 1980 MHz, 2619 MHz, [N/A]
2025/11/27 05:30:04.449, 0, NVIDIA H100 80GB HBM3, P0, 93 %, 26 %, 81559 MiB, 41417 MiB, 39663 MiB, 45, 55, 308.21 W, 700.00 W, 700.00 W, 1980 MHz, 2619 MHz, [N/A]
2025/11/27 05:30:04.450, 1, NVIDIA H100 80GB HBM3, P0, 73 %, 44 %, 81559 MiB, 39661 MiB, 41419 MiB, 49, 57, 331.31 W, 700.00 W, 700.00 W, 1980 MHz, 2619 MHz, [N/A]
2025/11/27 05:30:04.451, 2, NVIDIA H100 80GB HBM3, P0, 100 %, 42 %, 81559 MiB, 41515 MiB, 39565 MiB, 50, 58, 322.78 W, 700.00 W, 700.00 W, 1980 MHz, 2619 MHz, [N/A]
2025/11/27 05:30:04.452, 3, NVIDIA H100 80GB HBM3, P0, 89 %, 43 %, 81559 MiB, 39907 MiB, 41173 MiB, 44, 55, 322.92 W, 700.00 W, 700.00 W, 1980 MHz, 2619 MHz, [N/A]
2025/11/27 05:30:04.453, 4, NVIDIA H100 80GB HBM3, P0, 100 %, 47 %, 81559 MiB, 39073 MiB, 42007 MiB, 43, 51, 322.05 W, 700.00 W, 700.00 W, 1980 MHz, 2619 MHz, [N/A]
2025/11/27 05:30:04.454, 5, NVIDIA H100 80GB HBM3, P0, 98 %, 39 %, 81559 MiB, 40941 MiB, 40139 MiB, 48, 53, 310.50 W, 700.00 W, 700.00 W, 1980 MHz, 2619 MHz, [N/A]
2025/11/27 05:30:04.455, 6, NVIDIA H100 80GB HBM3, P0, 100 %, 58 %, 81559 MiB, 40501 MiB, 40579 MiB, 49, 57, 383.04 W, 700.00 W, 700.00 W, 1980 MHz, 2619 MHz, [N/A]
2025/11/27 05:30:04.455, 7, NVIDIA H100 80GB HBM3, P0, 100 %, 48 %, 81559 MiB, 39243 MiB, 41837 MiB, 45, 53, 322.89 W, 700.00 W, 700.00 W, 1980 MHz, 2619 MHz, [N/A]
2025/11/27 05:30:09.456, 0, NVIDIA H100 80GB HBM3, P0, 89 %, 19 %, 81559 MiB, 41417 MiB, 39663 MiB, 45, 55, 302.15 W, 700.00 W, 700.00 W, 1980 MHz, 2619 MHz, [N/A]
2025/11/27 05:30:09.457, 1, NVIDIA H100 80GB HBM3, P0, 100 %, 49 %, 81559 MiB, 39661 MiB, 41419 MiB, 49, 56, 323.70 W, 700.00 W, 700.00 W, 1980 MHz, 2619 MHz, [N/A]
2025/11/27 05:30:09.458, 2, NVIDIA H100 80GB HBM3, P0, 81 %, 52 %, 81559 MiB, 41515 MiB, 39565 MiB, 51, 59, 347.81 W, 700.00 W, 700.00 W, 1980 MHz, 2619 MHz, [N/A]
2025/11/27 05:30:09.459, 3, NVIDIA H100 80GB HBM3, P0, 90 %, 47 %, 81559 MiB, 39907 MiB, 41173 MiB, 44, 53, 310.47 W, 700.00 W, 700.00 W, 1980 MHz, 2619 MHz, [N/A]
2025/11/27 05:30:09.460, 4, NVIDIA H100 80GB HBM3, P0, 100 %, 45 %, 81559 MiB, 39073 MiB, 42007 MiB, 43, 51, 304.72 W, 700.00 W, 700.00 W, 1980 MHz, 2619 MHz, [N/A]
2025/11/27 05:30:09.461, 5, NVIDIA H100 80GB HBM3, P0, 100 %, 41 %, 81559 MiB, 40941 MiB, 40139 MiB, 48, 54, 313.85 W, 700.00 W, 700.00 W, 1980 MHz, 2619 MHz, [N/A]
2025/11/27 05:30:09.461, 6, NVIDIA H100 80GB HBM3, P0, 100 %, 50 %, 81559 MiB, 40499 MiB, 40581 MiB, 48, 55, 313.60 W, 700.00 W, 700.00 W, 1980 MHz, 2619 MHz, [N/A]
2025/11/27 05:30:09.462, 7, NVIDIA H100 80GB HBM3, P0, 100 %, 45 %, 81559 MiB, 39241 MiB, 41839 MiB, 44, 51, 314.02 W, 700.00 W, 700.00 W, 1980 MHz, 2619 MHz, [N/A]
2025/11/27 05:30:14.463, 0, NVIDIA H100 80GB HBM3, P0, 93 %, 23 %, 81559 MiB, 41417 MiB, 39663 MiB, 45, 56, 306.06 W, 700.00 W, 700.00 W, 1980 MHz, 2619 MHz, [N/A]
2025/11/27 05:30:14.464, 1, NVIDIA H100 80GB HBM3, P0, 67 %, 41 %, 81559 MiB, 39661 MiB, 41419 MiB, 50, 57, 316.24 W, 700.00 W, 700.00 W, 1980 MHz, 2619 MHz, [N/A]
2025/11/27 05:30:14.465, 2, NVIDIA H100 80GB HBM3, P0, 100 %, 45 %, 81559 MiB, 41515 MiB, 39565 MiB, 51, 59, 348.71 W, 700.00 W, 700.00 W, 1980 MHz, 2619 MHz, [N/A]
2025/11/27 05:30:14.466, 3, NVIDIA H100 80GB HBM3, P0, 90 %, 47 %, 81559 MiB, 39907 MiB, 41173 MiB, 45, 54, 350.07 W, 700.00 W, 700.00 W, 1980 MHz, 2619 MHz, [N/A]
2025/11/27 05:30:14.467, 4, NVIDIA H100 80GB HBM3, P0, 100 %, 47 %, 81559 MiB, 39073 MiB, 42007 MiB, 43, 51, 315.86 W, 700.00 W, 700.00 W, 1980 MHz, 2619 MHz, [N/A]
2025/11/27 05:30:14.467, 5, NVIDIA H100 80GB HBM3, P0, 100 %, 41 %, 81559 MiB, 40941 MiB, 40139 MiB, 49, 55, 315.39 W, 700.00 W, 700.00 W, 1980 MHz, 2619 MHz, [N/A]
2025/11/27 05:30:14.468, 6, NVIDIA H100 80GB HBM3, P0, 100 %, 43 %, 81559 MiB, 40499 MiB, 40581 MiB, 48, 55, 327.17 W, 700.00 W, 700.00 W, 1980 MHz, 2619 MHz, [N/A]
2025/11/27 05:30:14.469, 7, NVIDIA H100 80GB HBM3, P0, 100 %, 46 %, 81559 MiB, 39241 MiB, 41839 MiB, 45, 53, 324.64 W, 700.00 W, 700.00 W, 1980 MHz, 2619 MHz, [N/A]
2025/11/27 05:30:19.470, 0, NVIDIA H100 80GB HBM3, P0, 100 %, 12 %, 81559 MiB, 41417 MiB, 39663 MiB, 45, 53, 320.03 W, 700.00 W, 700.00 W, 1980 MHz, 2619 MHz, [N/A]
2025/11/27 05:30:19.471, 1, NVIDIA H100 80GB HBM3, P0, 69 %, 42 %, 81559 MiB, 39661 MiB, 41419 MiB, 49, 56, 311.10 W, 700.00 W, 700.00 W, 1980 MHz, 2619 MHz, [N/A]
2025/11/27 05:30:19.471, 2, NVIDIA H100 80GB HBM3, P0, 100 %, 40 %, 81559 MiB, 41515 MiB, 39565 MiB, 50, 58, 329.56 W, 700.00 W, 700.00 W, 1980 MHz, 2619 MHz, [N/A]
2025/11/27 05:30:19.472, 3, NVIDIA H100 80GB HBM3, P0, 92 %, 32 %, 81559 MiB, 39907 MiB, 41173 MiB, 44, 53, 310.72 W, 700.00 W, 700.00 W, 1980 MHz, 2619 MHz, [N/A]
2025/11/27 05:30:19.473, 4, NVIDIA H100 80GB HBM3, P0, 100 %, 42 %, 81559 MiB, 39073 MiB, 42007 MiB, 43, 49, 335.85 W, 700.00 W, 700.00 W, 1980 MHz, 2619 MHz, [N/A]
2025/11/27 05:30:19.473, 5, NVIDIA H100 80GB HBM3, P0, 75 %, 41 %, 81559 MiB, 40941 MiB, 40139 MiB, 48, 54, 303.57 W, 700.00 W, 700.00 W, 1980 MHz, 2619 MHz, [N/A]
2025/11/27 05:30:19.474, 6, NVIDIA H100 80GB HBM3, P0, 90 %, 44 %, 81559 MiB, 40499 MiB, 40581 MiB, 48, 55, 310.21 W, 700.00 W, 700.00 W, 1980 MHz, 2619 MHz, [N/A]
2025/11/27 05:30:19.475, 7, NVIDIA H100 80GB HBM3, P0, 89 %, 36 %, 81559 MiB, 39241 MiB, 41839 MiB, 44, 51, 309.18 W, 700.00 W, 700.00 W, 1980 MHz, 2619 MHz, [N/A]
2025/11/27 05:30:24.476, 0, NVIDIA H100 80GB HBM3, P0, 98 %, 46 %, 81559 MiB, 41417 MiB, 39663 MiB, 46, 54, 312.54 W, 700.00 W, 700.00 W, 1980 MHz, 2619 MHz, [N/A]
2025/11/27 05:30:24.478, 1, NVIDIA H100 80GB HBM3, P0, 100 %, 11 %, 81559 MiB, 39661 MiB, 41419 MiB, 49, 58, 317.89 W, 700.00 W, 700.00 W, 1980 MHz, 2619 MHz, [N/A]
2025/11/27 05:30:24.479, 2, NVIDIA H100 80GB HBM3, P0, 100 %, 19 %, 81559 MiB, 41515 MiB, 39565 MiB, 54, 60, 355.39 W, 700.00 W, 700.00 W, 1980 MHz, 2619 MHz, [N/A]
2025/11/27 05:30:24.480, 3, NVIDIA H100 80GB HBM3, P0, 98 %, 23 %, 81559 MiB, 39905 MiB, 41175 MiB, 46, 55, 343.21 W, 700.00 W, 700.00 W, 1980 MHz, 2619 MHz, [N/A]
2025/11/27 05:30:24.481, 4, NVIDIA H100 80GB HBM3, P0, 100 %, 12 %, 81559 MiB, 39073 MiB, 42007 MiB, 43, 50, 332.49 W, 700.00 W, 700.00 W, 1980 MHz, 2619 MHz, [N/A]
2025/11/27 05:30:24.482, 5, NVIDIA H100 80GB HBM3, P0, 27 %, 12 %, 81559 MiB, 40941 MiB, 40139 MiB, 50, 56, 332.52 W, 700.00 W, 700.00 W, 1980 MHz, 2619 MHz, [N/A]
2025/11/27 05:30:24.483, 6, NVIDIA H100 80GB HBM3, P0, 100 %, 13 %, 81559 MiB, 40499 MiB, 40581 MiB, 47, 54, 304.68 W, 700.00 W, 700.00 W, 1980 MHz, 2619 MHz, [N/A]
2025/11/27 05:30:24.483, 7, NVIDIA H100 80GB HBM3, P0, 85 %, 14 %, 81559 MiB, 39241 MiB, 41839 MiB, 46, 56, 340.07 W, 700.00 W, 700.00 W, 1980 MHz, 2619 MHz, [N/A]
2025/11/27 05:30:29.485, 0, NVIDIA H100 80GB HBM3, P0, 100 %, 35 %, 81559 MiB, 41417 MiB, 39663 MiB, 45, 51, 293.98 W, 700.00 W, 700.00 W, 1980 MHz, 2619 MHz, [N/A]
2025/11/27 05:30:29.486, 1, NVIDIA H100 80GB HBM3, P0, 100 %, 11 %, 81559 MiB, 39661 MiB, 41419 MiB, 50, 57, 314.34 W, 700.00 W, 700.00 W, 1980 MHz, 2619 MHz, [N/A]
2025/11/27 05:30:29.487, 2, NVIDIA H100 80GB HBM3, P0, 98 %, 19 %, 81559 MiB, 41515 MiB, 39565 MiB, 50, 57, 338.00 W, 700.00 W, 700.00 W, 1980 MHz, 2619 MHz, [N/A]
2025/11/27 05:30:29.488, 3, NVIDIA H100 80GB HBM3, P0, 98 %, 21 %, 81559 MiB, 39905 MiB, 41175 MiB, 45, 53, 301.50 W, 700.00 W, 700.00 W, 1980 MHz, 2619 MHz, [N/A]
2025/11/27 05:30:29.488, 4, NVIDIA H100 80GB HBM3, P0, 100 %, 30 %, 81559 MiB, 39073 MiB, 42007 MiB, 43, 53, 281.42 W, 700.00 W, 700.00 W, 1980 MHz, 2619 MHz, [N/A]
2025/11/27 05:30:29.489, 5, NVIDIA H100 80GB HBM3, P0, 30 %, 14 %, 81559 MiB, 40941 MiB, 40139 MiB, 51, 56, 322.05 W, 700.00 W, 700.00 W, 1980 MHz, 2619 MHz, [N/A]
2025/11/27 05:30:29.490, 6, NVIDIA H100 80GB HBM3, P0, 100 %, 11 %, 81559 MiB, 40499 MiB, 40581 MiB, 48, 56, 288.22 W, 700.00 W, 700.00 W, 1980 MHz, 2619 MHz, [N/A]
2025/11/27 05:30:29.491, 7, NVIDIA H100 80GB HBM3, P0, 100 %, 45 %, 81559 MiB, 39241 MiB, 41839 MiB, 46, 55, 298.73 W, 700.00 W, 700.00 W, 1980 MHz, 2619 MHz, [N/A]
2025/11/27 05:30:34.492, 0, NVIDIA H100 80GB HBM3, P0, 100 %, 39 %, 81559 MiB, 41415 MiB, 39665 MiB, 45, 55, 328.51 W, 700.00 W, 700.00 W, 1980 MHz, 2619 MHz, [N/A]
2025/11/27 05:30:34.493, 1, NVIDIA H100 80GB HBM3, P0, 53 %, 15 %, 81559 MiB, 39661 MiB, 41419 MiB, 49, 58, 294.85 W, 700.00 W, 700.00 W, 1980 MHz, 2619 MHz, [N/A]
2025/11/27 05:30:34.494, 2, NVIDIA H100 80GB HBM3, P0, 100 %, 32 %, 81559 MiB, 41513 MiB, 39567 MiB, 51, 58, 301.96 W, 700.00 W, 700.00 W, 1980 MHz, 2619 MHz, [N/A]
2025/11/27 05:30:34.495, 3, NVIDIA H100 80GB HBM3, P0, 100 %, 40 %, 81559 MiB, 39905 MiB, 41175 MiB, 45, 54, 310.51 W, 700.00 W, 700.00 W, 1980 MHz, 2619 MHz, [N/A]
2025/11/27 05:30:34.496, 4, NVIDIA H100 80GB HBM3, P0, 100 %, 41 %, 81559 MiB, 39073 MiB, 42007 MiB, 43, 51, 295.28 W, 700.00 W, 700.00 W, 1980 MHz, 2619 MHz, [N/A]
2025/11/27 05:30:34.496, 5, NVIDIA H100 80GB HBM3, P0, 100 %, 31 %, 81559 MiB, 40941 MiB, 40139 MiB, 49, 57, 313.06 W, 700.00 W, 700.00 W, 1980 MHz, 2619 MHz, [N/A]
2025/11/27 05:30:34.497, 6, NVIDIA H100 80GB HBM3, P0, 95 %, 39 %, 81559 MiB, 40499 MiB, 40581 MiB, 48, 55, 299.12 W, 700.00 W, 700.00 W, 1980 MHz, 2619 MHz, [N/A]
2025/11/27 05:30:34.498, 7, NVIDIA H100 80GB HBM3, P0, 100 %, 39 %, 81559 MiB, 39241 MiB, 41839 MiB, 45, 55, 312.56 W, 700.00 W, 700.00 W, 1980 MHz, 2619 MHz, [N/A]
2025/11/27 05:30:39.499, 0, NVIDIA H100 80GB HBM3, P0, 100 %, 14 %, 81559 MiB, 41415 MiB, 39665 MiB, 45, 53, 301.32 W, 700.00 W, 700.00 W, 1980 MHz, 2619 MHz, [N/A]
2025/11/27 05:30:39.500, 1, NVIDIA H100 80GB HBM3, P0, 77 %, 48 %, 81559 MiB, 39659 MiB, 41421 MiB, 50, 56, 317.63 W, 700.00 W, 700.00 W, 1980 MHz, 2619 MHz, [N/A]
2025/11/27 05:30:39.502, 2, NVIDIA H100 80GB HBM3, P0, 94 %, 27 %, 81559 MiB, 41513 MiB, 39567 MiB, 50, 56, 345.72 W, 700.00 W, 700.00 W, 1980 MHz, 2619 MHz, [N/A]
2025/11/27 05:30:39.503, 3, NVIDIA H100 80GB HBM3, P0, 94 %, 16 %, 81559 MiB, 39905 MiB, 41175 MiB, 43, 52, 290.92 W, 700.00 W, 700.00 W, 1980 MHz, 2619 MHz, [N/A]
2025/11/27 05:30:39.503, 4, NVIDIA H100 80GB HBM3, P0, 100 %, 15 %, 81559 MiB, 39073 MiB, 42007 MiB, 42, 49, 287.59 W, 700.00 W, 700.00 W, 1980 MHz, 2619 MHz, [N/A]
2025/11/27 05:30:39.504, 5, NVIDIA H100 80GB HBM3, P0, 73 %, 33 %, 81559 MiB, 40941 MiB, 40139 MiB, 48, 53, 301.67 W, 700.00 W, 700.00 W, 1980 MHz, 2619 MHz, [N/A]
2025/11/27 05:30:39.505, 6, NVIDIA H100 80GB HBM3, P0, 100 %, 12 %, 81559 MiB, 40499 MiB, 40581 MiB, 47, 53, 314.52 W, 700.00 W, 700.00 W, 1980 MHz, 2619 MHz, [N/A]
2025/11/27 05:30:39.506, 7, NVIDIA H100 80GB HBM3, P0, 28 %, 14 %, 81559 MiB, 39241 MiB, 41839 MiB, 44, 52, 302.80 W, 700.00 W, 700.00 W, 1980 MHz, 2619 MHz, [N/A]
2025/11/27 05:30:44.508, 0, NVIDIA H100 80GB HBM3, P0, 100 %, 47 %, 81559 MiB, 41415 MiB, 39665 MiB, 46, 56, 300.09 W, 700.00 W, 700.00 W, 1980 MHz, 2619 MHz, [N/A]
2025/11/27 05:30:44.509, 1, NVIDIA H100 80GB HBM3, P0, 97 %, 10 %, 81559 MiB, 39659 MiB, 41421 MiB, 49, 57, 297.94 W, 700.00 W, 700.00 W, 1980 MHz, 2619 MHz, [N/A]
2025/11/27 05:30:44.510, 2, NVIDIA H100 80GB HBM3, P0, 97 %, 38 %, 81559 MiB, 41513 MiB, 39567 MiB, 51, 58, 321.62 W, 700.00 W, 700.00 W, 1980 MHz, 2619 MHz, [N/A]
2025/11/27 05:30:44.511, 3, NVIDIA H100 80GB HBM3, P0, 97 %, 44 %, 81559 MiB, 39905 MiB, 41175 MiB, 44, 55, 313.36 W, 700.00 W, 700.00 W, 1980 MHz, 2619 MHz, [N/A]
2025/11/27 05:30:44.511, 4, NVIDIA H100 80GB HBM3, P0, 94 %, 40 %, 81559 MiB, 39073 MiB, 42007 MiB, 44, 52, 304.21 W, 700.00 W, 700.00 W, 1980 MHz, 2619 MHz, [N/A]
2025/11/27 05:30:44.512, 5, NVIDIA H100 80GB HBM3, P0, 67 %, 26 %, 81559 MiB, 40941 MiB, 40139 MiB, 50, 57, 336.09 W, 700.00 W, 700.00 W, 1980 MHz, 2619 MHz, [N/A]
2025/11/27 05:30:44.513, 6, NVIDIA H100 80GB HBM3, P0, 100 %, 41 %, 81559 MiB, 40499 MiB, 40581 MiB, 49, 58, 320.79 W, 700.00 W, 700.00 W, 1980 MHz, 2619 MHz, [N/A]
2025/11/27 05:30:44.513, 7, NVIDIA H100 80GB HBM3, P0, 100 %, 42 %, 81559 MiB, 39241 MiB, 41839 MiB, 45, 53, 310.46 W, 700.00 W, 700.00 W, 1980 MHz, 2619 MHz, [N/A]
2025/11/27 05:30:49.515, 0, NVIDIA H100 80GB HBM3, P0, 100 %, 45 %, 81559 MiB, 41415 MiB, 39665 MiB, 46, 54, 323.94 W, 700.00 W, 700.00 W, 1980 MHz, 2619 MHz, [N/A]
2025/11/27 05:30:49.517, 1, NVIDIA H100 80GB HBM3, P0, 77 %, 48 %, 81559 MiB, 39659 MiB, 41421 MiB, 52, 60, 327.88 W, 700.00 W, 700.00 W, 1980 MHz, 2619 MHz, [N/A]
2025/11/27 05:30:49.518, 2, NVIDIA H100 80GB HBM3, P0, 98 %, 32 %, 81559 MiB, 41513 MiB, 39567 MiB, 52, 59, 352.00 W, 700.00 W, 700.00 W, 1980 MHz, 2619 MHz, [N/A]
2025/11/27 05:30:49.519, 3, NVIDIA H100 80GB HBM3, P0, 98 %, 42 %, 81559 MiB, 39905 MiB, 41175 MiB, 48, 58, 352.89 W, 700.00 W, 700.00 W, 1980 MHz, 2619 MHz, [N/A]
2025/11/27 05:30:49.520, 4, NVIDIA H100 80GB HBM3, P0, 95 %, 39 %, 81559 MiB, 39071 MiB, 42009 MiB, 43, 51, 312.72 W, 700.00 W, 700.00 W, 1980 MHz, 2619 MHz, [N/A]
2025/11/27 05:30:49.520, 5, NVIDIA H100 80GB HBM3, P0, 28 %, 15 %, 81559 MiB, 40941 MiB, 40139 MiB, 50, 57, 326.70 W, 700.00 W, 700.00 W, 1980 MHz, 2619 MHz, [N/A]
2025/11/27 05:30:49.521, 6, NVIDIA H100 80GB HBM3, P0, 100 %, 47 %, 81559 MiB, 40499 MiB, 40581 MiB, 49, 55, 354.40 W, 700.00 W, 700.00 W, 1980 MHz, 2619 MHz, [N/A]
2025/11/27 05:30:49.522, 7, NVIDIA H100 80GB HBM3, P0, 100 %, 47 %, 81559 MiB, 39241 MiB, 41839 MiB, 46, 56, 315.76 W, 700.00 W, 700.00 W, 1980 MHz, 2619 MHz, [N/A]
2025/11/27 05:30:54.523, 0, NVIDIA H100 80GB HBM3, P0, 87 %, 42 %, 81559 MiB, 41415 MiB, 39665 MiB, 45, 53, 332.29 W, 700.00 W, 700.00 W, 1980 MHz, 2619 MHz, [N/A]
2025/11/27 05:30:54.524, 1, NVIDIA H100 80GB HBM3, P0, 92 %, 37 %, 81559 MiB, 39659 MiB, 41421 MiB, 50, 58, 349.32 W, 700.00 W, 700.00 W, 1980 MHz, 2619 MHz, [N/A]
2025/11/27 05:30:54.525, 2, NVIDIA H100 80GB HBM3, P0, 100 %, 16 %, 81559 MiB, 41513 MiB, 39567 MiB, 51, 58, 328.00 W, 700.00 W, 700.00 W, 1980 MHz, 2619 MHz, [N/A]
2025/11/27 05:30:54.526, 3, NVIDIA H100 80GB HBM3, P0, 100 %, 45 %, 81559 MiB, 39905 MiB, 41175 MiB, 45, 53, 343.34 W, 700.00 W, 700.00 W, 1980 MHz, 2619 MHz, [N/A]
2025/11/27 05:30:54.526, 4, NVIDIA H100 80GB HBM3, P0, 100 %, 21 %, 81559 MiB, 39071 MiB, 42009 MiB, 44, 51, 344.25 W, 700.00 W, 700.00 W, 1980 MHz, 2619 MHz, [N/A]
2025/11/27 05:30:54.527, 5, NVIDIA H100 80GB HBM3, P0, 89 %, 44 %, 81559 MiB, 40941 MiB, 40139 MiB, 49, 56, 326.23 W, 700.00 W, 700.00 W, 1980 MHz, 2619 MHz, [N/A]
2025/11/27 05:30:54.527, 6, NVIDIA H100 80GB HBM3, P0, 94 %, 31 %, 81559 MiB, 40499 MiB, 40581 MiB, 48, 55, 304.64 W, 700.00 W, 700.00 W, 1980 MHz, 2619 MHz, [N/A]
2025/11/27 05:30:54.528, 7, NVIDIA H100 80GB HBM3, P0, 55 %, 36 %, 81559 MiB, 39241 MiB, 41839 MiB, 45, 51, 321.15 W, 700.00 W, 700.00 W, 1980 MHz, 2619 MHz, [N/A]
2025/11/27 05:30:59.529, 0, NVIDIA H100 80GB HBM3, P0, 90 %, 15 %, 81559 MiB, 41415 MiB, 39665 MiB, 45, 55, 344.08 W, 700.00 W, 700.00 W, 1980 MHz, 2619 MHz, [N/A]
2025/11/27 05:30:59.530, 1, NVIDIA H100 80GB HBM3, P0, 100 %, 9 %, 81559 MiB, 39659 MiB, 41421 MiB, 49, 56, 321.01 W, 700.00 W, 700.00 W, 1980 MHz, 2619 MHz, [N/A]
2025/11/27 05:30:59.531, 2, NVIDIA H100 80GB HBM3, P0, 100 %, 13 %, 81559 MiB, 41513 MiB, 39567 MiB, 50, 56, 316.95 W, 700.00 W, 700.00 W, 1980 MHz, 2619 MHz, [N/A]
2025/11/27 05:30:59.532, 3, NVIDIA H100 80GB HBM3, P0, 79 %, 52 %, 81559 MiB, 39905 MiB, 41175 MiB, 44, 53, 344.07 W, 700.00 W, 700.00 W, 1980 MHz, 2619 MHz, [N/A]
2025/11/27 05:30:59.533, 4, NVIDIA H100 80GB HBM3, P0, 100 %, 15 %, 81559 MiB, 39071 MiB, 42009 MiB, 43, 49, 328.07 W, 700.00 W, 700.00 W, 1980 MHz, 2619 MHz, [N/A]
2025/11/27 05:30:59.533, 5, NVIDIA H100 80GB HBM3, P0, 41 %, 29 %, 81559 MiB, 40941 MiB, 40139 MiB, 48, 54, 322.60 W, 700.00 W, 700.00 W, 1980 MHz, 2619 MHz, [N/A]
2025/11/27 05:30:59.534, 6, NVIDIA H100 80GB HBM3, P0, 100 %, 13 %, 81559 MiB, 40499 MiB, 40581 MiB, 48, 54, 318.90 W, 700.00 W, 700.00 W, 1980 MHz, 2619 MHz, [N/A]
2025/11/27 05:30:59.535, 7, NVIDIA H100 80GB HBM3, P0, 97 %, 8 %, 81559 MiB, 39241 MiB, 41839 MiB, 44, 52, 319.79 W, 700.00 W, 700.00 W, 1980 MHz, 2619 MHz, [N/A]
2025/11/27 05:31:04.536, 0, NVIDIA H100 80GB HBM3, P0, 100 %, 10 %, 81559 MiB, 41415 MiB, 39665 MiB, 44, 51, 295.53 W, 700.00 W, 700.00 W, 1980 MHz, 2619 MHz, [N/A]
2025/11/27 05:31:04.537, 1, NVIDIA H100 80GB HBM3, P0, 100 %, 12 %, 81559 MiB, 39657 MiB, 41423 MiB, 49, 55, 326.21 W, 700.00 W, 700.00 W, 1980 MHz, 2619 MHz, [N/A]
2025/11/27 05:31:04.538, 2, NVIDIA H100 80GB HBM3, P0, 100 %, 11 %, 81559 MiB, 41511 MiB, 39569 MiB, 50, 58, 335.01 W, 700.00 W, 700.00 W, 1980 MHz, 2619 MHz, [N/A]
2025/11/27 05:31:04.539, 3, NVIDIA H100 80GB HBM3, P0, 93 %, 26 %, 81559 MiB, 39905 MiB, 41175 MiB, 43, 53, 323.82 W, 700.00 W, 700.00 W, 1980 MHz, 2619 MHz, [N/A]
2025/11/27 05:31:04.539, 4, NVIDIA H100 80GB HBM3, P0, 100 %, 13 %, 81559 MiB, 39071 MiB, 42009 MiB, 42, 49, 303.41 W, 700.00 W, 700.00 W, 1980 MHz, 2619 MHz, [N/A]
2025/11/27 05:31:04.540, 5, NVIDIA H100 80GB HBM3, P0, 98 %, 9 %, 81559 MiB, 40941 MiB, 40139 MiB, 48, 53, 341.12 W, 700.00 W, 700.00 W, 1980 MHz, 2619 MHz, [N/A]
2025/11/27 05:31:04.541, 6, NVIDIA H100 80GB HBM3, P0, 100 %, 14 %, 81559 MiB, 40499 MiB, 40581 MiB, 48, 56, 326.50 W, 700.00 W, 700.00 W, 1980 MHz, 2619 MHz, [N/A]
2025/11/27 05:31:04.541, 7, NVIDIA H100 80GB HBM3, P0, 32 %, 16 %, 81559 MiB, 39241 MiB, 41839 MiB, 45, 53, 318.41 W, 700.00 W, 700.00 W, 1980 MHz, 2619 MHz, [N/A]
2025/11/27 05:31:09.543, 0, NVIDIA H100 80GB HBM3, P0, 100 %, 17 %, 81559 MiB, 41415 MiB, 39665 MiB, 45, 54, 317.33 W, 700.00 W, 700.00 W, 1980 MHz, 2619 MHz, [N/A]
2025/11/27 05:31:09.544, 1, NVIDIA H100 80GB HBM3, P0, 100 %, 12 %, 81559 MiB, 39657 MiB, 41423 MiB, 49, 56, 311.43 W, 700.00 W, 700.00 W, 1980 MHz, 2619 MHz, [N/A]
2025/11/27 05:31:09.545, 2, NVIDIA H100 80GB HBM3, P0, 100 %, 12 %, 81559 MiB, 41511 MiB, 39569 MiB, 50, 57, 318.01 W, 700.00 W, 700.00 W, 1980 MHz, 2619 MHz, [N/A]
2025/11/27 05:31:09.546, 3, NVIDIA H100 80GB HBM3, P0, 93 %, 29 %, 81559 MiB, 39905 MiB, 41175 MiB, 44, 53, 383.28 W, 700.00 W, 700.00 W, 1980 MHz, 2619 MHz, [N/A]
2025/11/27 05:31:09.546, 4, NVIDIA H100 80GB HBM3, P0, 100 %, 13 %, 81559 MiB, 39071 MiB, 42009 MiB, 42, 50, 312.89 W, 700.00 W, 700.00 W, 1980 MHz, 2619 MHz, [N/A]
2025/11/27 05:31:09.547, 5, NVIDIA H100 80GB HBM3, P0, 64 %, 14 %, 81559 MiB, 40941 MiB, 40139 MiB, 48, 53, 310.59 W, 700.00 W, 700.00 W, 1980 MHz, 2619 MHz, [N/A]
2025/11/27 05:31:09.548, 6, NVIDIA H100 80GB HBM3, P0, 100 %, 11 %, 81559 MiB, 40499 MiB, 40581 MiB, 47, 53, 317.10 W, 700.00 W, 700.00 W, 1980 MHz, 2619 MHz, [N/A]
2025/11/27 05:31:09.548, 7, NVIDIA H100 80GB HBM3, P0, 85 %, 13 %, 81559 MiB, 39241 MiB, 41839 MiB, 45, 51, 317.82 W, 700.00 W, 700.00 W, 1980 MHz, 2619 MHz, [N/A]
2025/11/27 05:31:14.549, 0, NVIDIA H100 80GB HBM3, P0, 62 %, 10 %, 81559 MiB, 41415 MiB, 39665 MiB, 44, 53, 312.45 W, 700.00 W, 700.00 W, 1980 MHz, 2619 MHz, [N/A]
2025/11/27 05:31:14.551, 1, NVIDIA H100 80GB HBM3, P0, 55 %, 27 %, 81559 MiB, 39657 MiB, 41423 MiB, 51, 58, 330.35 W, 700.00 W, 700.00 W, 1980 MHz, 2619 MHz, [N/A]
2025/11/27 05:31:14.552, 2, NVIDIA H100 80GB HBM3, P0, 100 %, 41 %, 81559 MiB, 41511 MiB, 39569 MiB, 51, 58, 319.82 W, 700.00 W, 700.00 W, 1980 MHz, 2619 MHz, [N/A]
2025/11/27 05:31:14.553, 3, NVIDIA H100 80GB HBM3, P0, 100 %, 15 %, 81559 MiB, 39905 MiB, 41175 MiB, 45, 55, 344.59 W, 700.00 W, 700.00 W, 1980 MHz, 2619 MHz, [N/A]
2025/11/27 05:31:14.555, 4, NVIDIA H100 80GB HBM3, P0, 100 %, 39 %, 81559 MiB, 39071 MiB, 42009 MiB, 43, 50, 279.02 W, 700.00 W, 700.00 W, 1980 MHz, 2619 MHz, [N/A]
2025/11/27 05:31:14.555, 5, NVIDIA H100 80GB HBM3, P0, 44 %, 24 %, 81559 MiB, 40941 MiB, 40139 MiB, 49, 55, 326.54 W, 700.00 W, 700.00 W, 1980 MHz, 2619 MHz, [N/A]
2025/11/27 05:31:14.556, 6, NVIDIA H100 80GB HBM3, P0, 100 %, 30 %, 81559 MiB, 40497 MiB, 40583 MiB, 49, 57, 309.00 W, 700.00 W, 700.00 W, 1980 MHz, 2619 MHz, [N/A]
2025/11/27 05:31:14.557, 7, NVIDIA H100 80GB HBM3, P0, 97 %, 23 %, 81559 MiB, 39241 MiB, 41839 MiB, 45, 54, 294.59 W, 700.00 W, 700.00 W, 1980 MHz, 2619 MHz, [N/A]
2025/11/27 05:31:19.558, 0, NVIDIA H100 80GB HBM3, P0, 100 %, 11 %, 81559 MiB, 41415 MiB, 39665 MiB, 45, 55, 280.93 W, 700.00 W, 700.00 W, 1980 MHz, 2619 MHz, [N/A]
2025/11/27 05:31:19.560, 1, NVIDIA H100 80GB HBM3, P0, 98 %, 15 %, 81559 MiB, 39657 MiB, 41423 MiB, 49, 56, 314.14 W, 700.00 W, 700.00 W, 1980 MHz, 2619 MHz, [N/A]
2025/11/27 05:31:19.560, 2, NVIDIA H100 80GB HBM3, P0, 61 %, 26 %, 81559 MiB, 41511 MiB, 39569 MiB, 52, 58, 332.38 W, 700.00 W, 700.00 W, 1980 MHz, 2619 MHz, [N/A]
2025/11/27 05:31:19.561, 3, NVIDIA H100 80GB HBM3, P0, 100 %, 16 %, 81559 MiB, 39905 MiB, 41175 MiB, 44, 53, 314.07 W, 700.00 W, 700.00 W, 1980 MHz, 2619 MHz, [N/A]
2025/11/27 05:31:19.562, 4, NVIDIA H100 80GB HBM3, P0, 98 %, 23 %, 81559 MiB, 39069 MiB, 42011 MiB, 42, 49, 305.11 W, 700.00 W, 700.00 W, 1980 MHz, 2619 MHz, [N/A]
2025/11/27 05:31:19.562, 5, NVIDIA H100 80GB HBM3, P0, 31 %, 14 %, 81559 MiB, 40941 MiB, 40139 MiB, 49, 53, 309.77 W, 700.00 W, 700.00 W, 1980 MHz, 2619 MHz, [N/A]
2025/11/27 05:31:19.563, 6, NVIDIA H100 80GB HBM3, P0, 98 %, 21 %, 81559 MiB, 40497 MiB, 40583 MiB, 48, 56, 320.38 W, 700.00 W, 700.00 W, 1980 MHz, 2619 MHz, [N/A]
2025/11/27 05:31:19.564, 7, NVIDIA H100 80GB HBM3, P0, 77 %, 12 %, 81559 MiB, 39239 MiB, 41841 MiB, 45, 52, 295.09 W, 700.00 W, 700.00 W, 1980 MHz, 2619 MHz, [N/A]
2025/11/27 05:31:24.565, 0, NVIDIA H100 80GB HBM3, P0, 100 %, 12 %, 81559 MiB, 41415 MiB, 39665 MiB, 45, 58, 282.29 W, 700.00 W, 700.00 W, 1980 MHz, 2619 MHz, [N/A]
2025/11/27 05:31:24.566, 1, NVIDIA H100 80GB HBM3, P0, 100 %, 13 %, 81559 MiB, 39657 MiB, 41423 MiB, 49, 57, 279.29 W, 700.00 W, 700.00 W, 1980 MHz, 2619 MHz, [N/A]
2025/11/27 05:31:24.567, 2, NVIDIA H100 80GB HBM3, P0, 98 %, 21 %, 81559 MiB, 41511 MiB, 39569 MiB, 50, 58, 316.70 W, 700.00 W, 700.00 W, 1980 MHz, 2619 MHz, [N/A]
2025/11/27 05:31:24.568, 3, NVIDIA H100 80GB HBM3, P0, 100 %, 15 %, 81559 MiB, 39903 MiB, 41177 MiB, 43, 51, 301.26 W, 700.00 W, 700.00 W, 1980 MHz, 2619 MHz, [N/A]
2025/11/27 05:31:24.568, 4, NVIDIA H100 80GB HBM3, P0, 80 %, 19 %, 81559 MiB, 39069 MiB, 42011 MiB, 43, 51, 290.87 W, 700.00 W, 700.00 W, 1980 MHz, 2619 MHz, [N/A]
2025/11/27 05:31:24.570, 5, NVIDIA H100 80GB HBM3, P0, 30 %, 12 %, 81559 MiB, 40939 MiB, 40141 MiB, 48, 53, 285.86 W, 700.00 W, 700.00 W, 1980 MHz, 2619 MHz, [N/A]
2025/11/27 05:31:24.570, 6, NVIDIA H100 80GB HBM3, P0, 100 %, 10 %, 81559 MiB, 40497 MiB, 40583 MiB, 48, 53, 266.63 W, 700.00 W, 700.00 W, 1980 MHz, 2619 MHz, [N/A]
2025/11/27 05:31:24.571, 7, NVIDIA H100 80GB HBM3, P0, 27 %, 12 %, 81559 MiB, 39239 MiB, 41841 MiB, 44, 52, 295.07 W, 700.00 W, 700.00 W, 1980 MHz, 2619 MHz, [N/A]
2025/11/27 05:31:29.572, 0, NVIDIA H100 80GB HBM3, P0, 98 %, 18 %, 81559 MiB, 41415 MiB, 39665 MiB, 46, 55, 300.17 W, 700.00 W, 700.00 W, 1980 MHz, 2619 MHz, [N/A]
2025/11/27 05:31:29.574, 1, NVIDIA H100 80GB HBM3, P0, 88 %, 27 %, 81559 MiB, 39657 MiB, 41423 MiB, 50, 59, 360.77 W, 700.00 W, 700.00 W, 1980 MHz, 2619 MHz, [N/A]
2025/11/27 05:31:29.575, 2, NVIDIA H100 80GB HBM3, P0, 100 %, 52 %, 81559 MiB, 41511 MiB, 39569 MiB, 52, 59, 333.77 W, 700.00 W, 700.00 W, 1980 MHz, 2619 MHz, [N/A]
2025/11/27 05:31:29.575, 3, NVIDIA H100 80GB HBM3, P0, 97 %, 26 %, 81559 MiB, 39903 MiB, 41177 MiB, 44, 54, 302.11 W, 700.00 W, 700.00 W, 1980 MHz, 2619 MHz, [N/A]
2025/11/27 05:31:29.576, 4, NVIDIA H100 80GB HBM3, P0, 100 %, 43 %, 81559 MiB, 39069 MiB, 42011 MiB, 43, 52, 306.44 W, 700.00 W, 700.00 W, 1980 MHz, 2619 MHz, [N/A]
2025/11/27 05:31:29.577, 5, NVIDIA H100 80GB HBM3, P0, 31 %, 15 %, 81559 MiB, 40939 MiB, 40141 MiB, 51, 56, 313.34 W, 700.00 W, 700.00 W, 1980 MHz, 2619 MHz, [N/A]
2025/11/27 05:31:29.578, 6, NVIDIA H100 80GB HBM3, P0, 98 %, 40 %, 81559 MiB, 40497 MiB, 40583 MiB, 49, 56, 306.34 W, 700.00 W, 700.00 W, 1980 MHz, 2619 MHz, [N/A]
2025/11/27 05:31:29.580, 7, NVIDIA H100 80GB HBM3, P0, 82 %, 29 %, 81559 MiB, 39239 MiB, 41841 MiB, 45, 54, 283.11 W, 700.00 W, 700.00 W, 1980 MHz, 2619 MHz, [N/A]
2025/11/27 05:31:34.582, 0, NVIDIA H100 80GB HBM3, P0, 97 %, 24 %, 81559 MiB, 41415 MiB, 39665 MiB, 45, 55, 294.20 W, 700.00 W, 700.00 W, 1980 MHz, 2619 MHz, [N/A]
2025/11/27 05:31:34.583, 1, NVIDIA H100 80GB HBM3, P0, 81 %, 32 %, 81559 MiB, 39657 MiB, 41423 MiB, 49, 57, 290.54 W, 700.00 W, 700.00 W, 1980 MHz, 2619 MHz, [N/A]
2025/11/27 05:31:34.583, 2, NVIDIA H100 80GB HBM3, P0, 100 %, 47 %, 81559 MiB, 41511 MiB, 39569 MiB, 52, 58, 331.21 W, 700.00 W, 700.00 W, 1980 MHz, 2619 MHz, [N/A]
2025/11/27 05:31:34.584, 3, NVIDIA H100 80GB HBM3, P0, 98 %, 50 %, 81559 MiB, 39903 MiB, 41177 MiB, 48, 57, 378.20 W, 700.00 W, 700.00 W, 1980 MHz, 2619 MHz, [N/A]
2025/11/27 05:31:34.585, 4, NVIDIA H100 80GB HBM3, P0, 100 %, 44 %, 81559 MiB, 39069 MiB, 42011 MiB, 44, 51, 310.84 W, 700.00 W, 700.00 W, 1980 MHz, 2619 MHz, [N/A]
2025/11/27 05:31:34.585, 5, NVIDIA H100 80GB HBM3, P0, 100 %, 45 %, 81559 MiB, 40939 MiB, 40141 MiB, 50, 57, 347.15 W, 700.00 W, 700.00 W, 1980 MHz, 2619 MHz, [N/A]
2025/11/27 05:31:34.586, 6, NVIDIA H100 80GB HBM3, P0, 98 %, 48 %, 81559 MiB, 40497 MiB, 40583 MiB, 49, 57, 320.95 W, 700.00 W, 700.00 W, 1980 MHz, 2619 MHz, [N/A]
2025/11/27 05:31:34.587, 7, NVIDIA H100 80GB HBM3, P0, 75 %, 37 %, 81559 MiB, 39239 MiB, 41841 MiB, 46, 55, 304.61 W, 700.00 W, 700.00 W, 1980 MHz, 2619 MHz, [N/A]
2025/11/27 05:31:39.588, 0, NVIDIA H100 80GB HBM3, P0, 97 %, 16 %, 81559 MiB, 41415 MiB, 39665 MiB, 45, 54, 269.54 W, 700.00 W, 700.00 W, 1980 MHz, 2619 MHz, [N/A]
2025/11/27 05:31:39.589, 1, NVIDIA H100 80GB HBM3, P0, 51 %, 22 %, 81559 MiB, 39657 MiB, 41423 MiB, 50, 57, 302.69 W, 700.00 W, 700.00 W, 1980 MHz, 2619 MHz, [N/A]
2025/11/27 05:31:39.590, 2, NVIDIA H100 80GB HBM3, P0, 100 %, 45 %, 81559 MiB, 41511 MiB, 39569 MiB, 52, 58, 324.59 W, 700.00 W, 700.00 W, 1980 MHz, 2619 MHz, [N/A]
2025/11/27 05:31:39.592, 3, NVIDIA H100 80GB HBM3, P0, 98 %, 23 %, 81559 MiB, 39903 MiB, 41177 MiB, 45, 54, 297.05 W, 700.00 W, 700.00 W, 1980 MHz, 2619 MHz, [N/A]
2025/11/27 05:31:39.593, 4, NVIDIA H100 80GB HBM3, P0, 100 %, 37 %, 81559 MiB, 39069 MiB, 42011 MiB, 43, 50, 272.01 W, 700.00 W, 700.00 W, 1980 MHz, 2619 MHz, [N/A]
2025/11/27 05:31:39.593, 5, NVIDIA H100 80GB HBM3, P0, 100 %, 43 %, 81559 MiB, 40939 MiB, 40141 MiB, 50, 57, 309.87 W, 700.00 W, 700.00 W, 1980 MHz, 2619 MHz, [N/A]
2025/11/27 05:31:39.594, 6, NVIDIA H100 80GB HBM3, P0, 100 %, 34 %, 81559 MiB, 40497 MiB, 40583 MiB, 49, 56, 317.68 W, 700.00 W, 700.00 W, 1980 MHz, 2619 MHz, [N/A]
2025/11/27 05:31:39.595, 7, NVIDIA H100 80GB HBM3, P0, 82 %, 30 %, 81559 MiB, 39239 MiB, 41841 MiB, 46, 53, 311.91 W, 700.00 W, 700.00 W, 1980 MHz, 2619 MHz, [N/A]
2025/11/27 05:31:44.596, 0, NVIDIA H100 80GB HBM3, P0, 93 %, 30 %, 81559 MiB, 41415 MiB, 39665 MiB, 44, 52, 295.98 W, 700.00 W, 700.00 W, 1980 MHz, 2619 MHz, [N/A]
2025/11/27 05:31:44.597, 1, NVIDIA H100 80GB HBM3, P0, 100 %, 15 %, 81559 MiB, 39657 MiB, 41423 MiB, 49, 54, 299.51 W, 700.00 W, 700.00 W, 1980 MHz, 2619 MHz, [N/A]
2025/11/27 05:31:44.598, 2, NVIDIA H100 80GB HBM3, P0, 100 %, 11 %, 81559 MiB, 41511 MiB, 39569 MiB, 50, 56, 304.82 W, 700.00 W, 700.00 W, 1980 MHz, 2619 MHz, [N/A]
2025/11/27 05:31:44.599, 3, NVIDIA H100 80GB HBM3, P0, 94 %, 17 %, 81559 MiB, 39903 MiB, 41177 MiB, 43, 52, 280.48 W, 700.00 W, 700.00 W, 1980 MHz, 2619 MHz, [N/A]
2025/11/27 05:31:44.600, 4, NVIDIA H100 80GB HBM3, P0, 100 %, 13 %, 81559 MiB, 39069 MiB, 42011 MiB, 42, 51, 284.95 W, 700.00 W, 700.00 W, 1980 MHz, 2619 MHz, [N/A]
2025/11/27 05:31:44.600, 5, NVIDIA H100 80GB HBM3, P0, 27 %, 13 %, 81559 MiB, 40939 MiB, 40141 MiB, 48, 54, 320.51 W, 700.00 W, 700.00 W, 1980 MHz, 2619 MHz, [N/A]
2025/11/27 05:31:44.601, 6, NVIDIA H100 80GB HBM3, P0, 100 %, 13 %, 81559 MiB, 40497 MiB, 40583 MiB, 47, 53, 306.58 W, 700.00 W, 700.00 W, 1980 MHz, 2619 MHz, [N/A]
2025/11/27 05:31:44.602, 7, NVIDIA H100 80GB HBM3, P0, 30 %, 15 %, 81559 MiB, 39239 MiB, 41841 MiB, 44, 51, 302.35 W, 700.00 W, 700.00 W, 1980 MHz, 2619 MHz, [N/A]
2025/11/27 05:31:49.603, 0, NVIDIA H100 80GB HBM3, P0, 85 %, 36 %, 81559 MiB, 41413 MiB, 39667 MiB, 44, 51, 308.96 W, 700.00 W, 700.00 W, 1980 MHz, 2619 MHz, [N/A]
2025/11/27 05:31:49.604, 1, NVIDIA H100 80GB HBM3, P0, 93 %, 19 %, 81559 MiB, 39655 MiB, 41425 MiB, 48, 55, 295.62 W, 700.00 W, 700.00 W, 1980 MHz, 2619 MHz, [N/A]
2025/11/27 05:31:49.605, 2, NVIDIA H100 80GB HBM3, P0, 100 %, 12 %, 81559 MiB, 41511 MiB, 39569 MiB, 50, 56, 313.32 W, 700.00 W, 700.00 W, 1980 MHz, 2619 MHz, [N/A]
2025/11/27 05:31:49.606, 3, NVIDIA H100 80GB HBM3, P0, 93 %, 33 %, 81559 MiB, 39903 MiB, 41177 MiB, 43, 52, 300.39 W, 700.00 W, 700.00 W, 1980 MHz, 2619 MHz, [N/A]
2025/11/27 05:31:49.607, 4, NVIDIA H100 80GB HBM3, P0, 100 %, 13 %, 81559 MiB, 39069 MiB, 42011 MiB, 43, 49, 345.46 W, 700.00 W, 700.00 W, 1980 MHz, 2619 MHz, [N/A]
2025/11/27 05:31:49.607, 5, NVIDIA H100 80GB HBM3, P0, 26 %, 12 %, 81559 MiB, 40933 MiB, 40147 MiB, 48, 54, 287.24 W, 700.00 W, 700.00 W, 1980 MHz, 2619 MHz, [N/A]
2025/11/27 05:31:49.608, 6, NVIDIA H100 80GB HBM3, P0, 99 %, 15 %, 81559 MiB, 40497 MiB, 40583 MiB, 47, 54, 305.45 W, 700.00 W, 700.00 W, 1980 MHz, 2619 MHz, [N/A]
2025/11/27 05:31:49.609, 7, NVIDIA H100 80GB HBM3, P0, 43 %, 27 %, 81559 MiB, 39239 MiB, 41841 MiB, 44, 51, 333.23 W, 700.00 W, 700.00 W, 1980 MHz, 2619 MHz, [N/A]
2025/11/27 05:31:54.610, 0, NVIDIA H100 80GB HBM3, P0, 87 %, 32 %, 81559 MiB, 41413 MiB, 39667 MiB, 44, 51, 301.64 W, 700.00 W, 700.00 W, 1980 MHz, 2619 MHz, [N/A]
2025/11/27 05:31:54.611, 1, NVIDIA H100 80GB HBM3, P0, 100 %, 12 %, 81559 MiB, 39655 MiB, 41425 MiB, 49, 56, 323.92 W, 700.00 W, 700.00 W, 1980 MHz, 2619 MHz, [N/A]
2025/11/27 05:31:54.612, 2, NVIDIA H100 80GB HBM3, P0, 84 %, 18 %, 81559 MiB, 41511 MiB, 39569 MiB, 50, 56, 322.51 W, 700.00 W, 700.00 W, 1980 MHz, 2619 MHz, [N/A]
2025/11/27 05:31:54.613, 3, NVIDIA H100 80GB HBM3, P0, 93 %, 31 %, 81559 MiB, 39903 MiB, 41177 MiB, 44, 53, 314.09 W, 700.00 W, 700.00 W, 1980 MHz, 2619 MHz, [N/A]
2025/11/27 05:31:54.614, 4, NVIDIA H100 80GB HBM3, P0, 100 %, 20 %, 81559 MiB, 39067 MiB, 42013 MiB, 44, 52, 321.69 W, 700.00 W, 700.00 W, 1980 MHz, 2619 MHz, [N/A]
2025/11/27 05:31:54.614, 5, NVIDIA H100 80GB HBM3, P0, 25 %, 12 %, 81559 MiB, 40933 MiB, 40147 MiB, 48, 54, 314.72 W, 700.00 W, 700.00 W, 1980 MHz, 2619 MHz, [N/A]
2025/11/27 05:31:54.615, 6, NVIDIA H100 80GB HBM3, P0, 99 %, 14 %, 81559 MiB, 40497 MiB, 40583 MiB, 48, 53, 328.82 W, 700.00 W, 700.00 W, 1980 MHz, 2619 MHz, [N/A]
2025/11/27 05:31:54.616, 7, NVIDIA H100 80GB HBM3, P0, 85 %, 29 %, 81559 MiB, 39237 MiB, 41843 MiB, 45, 51, 338.74 W, 700.00 W, 700.00 W, 1980 MHz, 2619 MHz, [N/A]
2025/11/27 05:31:59.617, 0, NVIDIA H100 80GB HBM3, P0, 92 %, 36 %, 81559 MiB, 41413 MiB, 39667 MiB, 44, 52, 314.48 W, 700.00 W, 700.00 W, 1980 MHz, 2619 MHz, [N/A]
2025/11/27 05:31:59.618, 1, NVIDIA H100 80GB HBM3, P0, 100 %, 11 %, 81559 MiB, 39655 MiB, 41425 MiB, 49, 56, 347.81 W, 700.00 W, 700.00 W, 1980 MHz, 2619 MHz, [N/A]
2025/11/27 05:31:59.620, 2, NVIDIA H100 80GB HBM3, P0, 100 %, 14 %, 81559 MiB, 41509 MiB, 39571 MiB, 50, 56, 319.50 W, 700.00 W, 700.00 W, 1980 MHz, 2619 MHz, [N/A]
2025/11/27 05:31:59.620, 3, NVIDIA H100 80GB HBM3, P0, 94 %, 30 %, 81559 MiB, 39903 MiB, 41177 MiB, 43, 53, 318.58 W, 700.00 W, 700.00 W, 1980 MHz, 2619 MHz, [N/A]
2025/11/27 05:31:59.621, 4, NVIDIA H100 80GB HBM3, P0, 100 %, 13 %, 81559 MiB, 39067 MiB, 42013 MiB, 42, 49, 329.21 W, 700.00 W, 700.00 W, 1980 MHz, 2619 MHz, [N/A]
2025/11/27 05:31:59.622, 5, NVIDIA H100 80GB HBM3, P0, 49 %, 15 %, 81559 MiB, 40933 MiB, 40147 MiB, 48, 55, 316.58 W, 700.00 W, 700.00 W, 1980 MHz, 2619 MHz, [N/A]
2025/11/27 05:31:59.623, 6, NVIDIA H100 80GB HBM3, P0, 100 %, 13 %, 81559 MiB, 40497 MiB, 40583 MiB, 47, 53, 328.60 W, 700.00 W, 700.00 W, 1980 MHz, 2619 MHz, [N/A]
2025/11/27 05:31:59.624, 7, NVIDIA H100 80GB HBM3, P0, 37 %, 22 %, 81559 MiB, 39237 MiB, 41843 MiB, 44, 51, 298.58 W, 700.00 W, 700.00 W, 1980 MHz, 2619 MHz, [N/A]
2025/11/27 05:32:04.625, 0, NVIDIA H100 80GB HBM3, P0, 94 %, 46 %, 81559 MiB, 41413 MiB, 39667 MiB, 45, 53, 344.50 W, 700.00 W, 700.00 W, 1980 MHz, 2619 MHz, [N/A]
2025/11/27 05:32:04.626, 1, NVIDIA H100 80GB HBM3, P0, 100 %, 14 %, 81559 MiB, 39655 MiB, 41425 MiB, 49, 57, 317.71 W, 700.00 W, 700.00 W, 1980 MHz, 2619 MHz, [N/A]
2025/11/27 05:32:04.627, 2, NVIDIA H100 80GB HBM3, P0, 94 %, 20 %, 81559 MiB, 41509 MiB, 39571 MiB, 50, 57, 326.89 W, 700.00 W, 700.00 W, 1980 MHz, 2619 MHz, [N/A]
2025/11/27 05:32:04.628, 3, NVIDIA H100 80GB HBM3, P0, 89 %, 41 %, 81559 MiB, 39903 MiB, 41177 MiB, 43, 53, 308.00 W, 700.00 W, 700.00 W, 1980 MHz, 2619 MHz, [N/A]
2025/11/27 05:32:04.628, 4, NVIDIA H100 80GB HBM3, P0, 94 %, 27 %, 81559 MiB, 39067 MiB, 42013 MiB, 43, 50, 320.70 W, 700.00 W, 700.00 W, 1980 MHz, 2619 MHz, [N/A]
2025/11/27 05:32:04.629, 5, NVIDIA H100 80GB HBM3, P0, 45 %, 15 %, 81559 MiB, 40933 MiB, 40147 MiB, 49, 55, 349.79 W, 700.00 W, 700.00 W, 1980 MHz, 2619 MHz, [N/A]
2025/11/27 05:32:04.630, 6, NVIDIA H100 80GB HBM3, P0, 89 %, 34 %, 81559 MiB, 40495 MiB, 40585 MiB, 48, 55, 305.27 W, 700.00 W, 700.00 W, 1980 MHz, 2619 MHz, [N/A]
2025/11/27 05:32:04.630, 7, NVIDIA H100 80GB HBM3, P0, 77 %, 41 %, 81559 MiB, 39237 MiB, 41843 MiB, 44, 51, 296.96 W, 700.00 W, 700.00 W, 1980 MHz, 2619 MHz, [N/A]
2025/11/27 05:32:09.631, 0, NVIDIA H100 80GB HBM3, P0, 92 %, 27 %, 81559 MiB, 41413 MiB, 39667 MiB, 44, 53, 309.69 W, 700.00 W, 700.00 W, 1980 MHz, 2619 MHz, [N/A]
2025/11/27 05:32:09.633, 1, NVIDIA H100 80GB HBM3, P0, 100 %, 11 %, 81559 MiB, 39655 MiB, 41425 MiB, 48, 56, 307.45 W, 700.00 W, 700.00 W, 1980 MHz, 2619 MHz, [N/A]
2025/11/27 05:32:09.634, 2, NVIDIA H100 80GB HBM3, P0, 100 %, 13 %, 81559 MiB, 41509 MiB, 39571 MiB, 49, 56, 313.70 W, 700.00 W, 700.00 W, 1980 MHz, 2619 MHz, [N/A]
2025/11/27 05:32:09.635, 3, NVIDIA H100 80GB HBM3, P0, 43 %, 21 %, 81559 MiB, 39903 MiB, 41177 MiB, 43, 53, 301.79 W, 700.00 W, 700.00 W, 1980 MHz, 2619 MHz, [N/A]
2025/11/27 05:32:09.636, 4, NVIDIA H100 80GB HBM3, P0, 100 %, 14 %, 81559 MiB, 39067 MiB, 42013 MiB, 41, 48, 305.64 W, 700.00 W, 700.00 W, 1980 MHz, 2619 MHz, [N/A]
2025/11/27 05:32:09.636, 5, NVIDIA H100 80GB HBM3, P0, 23 %, 11 %, 81559 MiB, 40933 MiB, 40147 MiB, 48, 54, 295.67 W, 700.00 W, 700.00 W, 1980 MHz, 2619 MHz, [N/A]
2025/11/27 05:32:09.637, 6, NVIDIA H100 80GB HBM3, P0, 100 %, 13 %, 81559 MiB, 40495 MiB, 40585 MiB, 47, 53, 283.46 W, 700.00 W, 700.00 W, 1980 MHz, 2619 MHz, [N/A]
2025/11/27 05:32:09.638, 7, NVIDIA H100 80GB HBM3, P0, 82 %, 18 %, 81559 MiB, 39237 MiB, 41843 MiB, 44, 51, 318.87 W, 700.00 W, 700.00 W, 1980 MHz, 2619 MHz, [N/A]
2025/11/27 05:32:14.639, 0, NVIDIA H100 80GB HBM3, P0, 100 %, 10 %, 81559 MiB, 41413 MiB, 39667 MiB, 44, 52, 316.04 W, 700.00 W, 700.00 W, 1980 MHz, 2619 MHz, [N/A]
2025/11/27 05:32:14.641, 1, NVIDIA H100 80GB HBM3, P0, 100 %, 12 %, 81559 MiB, 39655 MiB, 41425 MiB, 48, 54, 302.03 W, 700.00 W, 700.00 W, 1980 MHz, 2619 MHz, [N/A]
2025/11/27 05:32:14.642, 2, NVIDIA H100 80GB HBM3, P0, 100 %, 11 %, 81559 MiB, 41509 MiB, 39571 MiB, 49, 56, 296.53 W, 700.00 W, 700.00 W, 1980 MHz, 2619 MHz, [N/A]
2025/11/27 05:32:14.643, 3, NVIDIA H100 80GB HBM3, P0, 100 %, 11 %, 81559 MiB, 39903 MiB, 41177 MiB, 43, 51, 300.01 W, 700.00 W, 700.00 W, 1980 MHz, 2619 MHz, [N/A]
2025/11/27 05:32:14.644, 4, NVIDIA H100 80GB HBM3, P0, 100 %, 16 %, 81559 MiB, 39067 MiB, 42013 MiB, 43, 49, 291.80 W, 700.00 W, 700.00 W, 1980 MHz, 2619 MHz, [N/A]
2025/11/27 05:32:14.645, 5, NVIDIA H100 80GB HBM3, P0, 25 %, 12 %, 81559 MiB, 40933 MiB, 40147 MiB, 48, 53, 309.14 W, 700.00 W, 700.00 W, 1980 MHz, 2619 MHz, [N/A]
2025/11/27 05:32:14.646, 6, NVIDIA H100 80GB HBM3, P0, 100 %, 11 %, 81559 MiB, 40495 MiB, 40585 MiB, 47, 54, 290.65 W, 700.00 W, 700.00 W, 1980 MHz, 2619 MHz, [N/A]
2025/11/27 05:32:14.646, 7, NVIDIA H100 80GB HBM3, P0, 100 %, 11 %, 81559 MiB, 39237 MiB, 41843 MiB, 44, 51, 299.06 W, 700.00 W, 700.00 W, 1980 MHz, 2619 MHz, [N/A]
2025/11/27 05:32:19.648, 0, NVIDIA H100 80GB HBM3, P0, 86 %, 47 %, 81559 MiB, 41413 MiB, 39667 MiB, 45, 53, 314.47 W, 700.00 W, 700.00 W, 1980 MHz, 2619 MHz, [N/A]
2025/11/27 05:32:19.649, 1, NVIDIA H100 80GB HBM3, P0, 100 %, 15 %, 81559 MiB, 39655 MiB, 41425 MiB, 48, 56, 292.89 W, 700.00 W, 700.00 W, 1980 MHz, 2619 MHz, [N/A]
2025/11/27 05:32:19.649, 2, NVIDIA H100 80GB HBM3, P0, 83 %, 14 %, 81559 MiB, 41509 MiB, 39571 MiB, 50, 57, 362.00 W, 700.00 W, 700.00 W, 1980 MHz, 2619 MHz, [N/A]
2025/11/27 05:32:19.650, 3, NVIDIA H100 80GB HBM3, P0, 51 %, 4 %, 81559 MiB, 39901 MiB, 41179 MiB, 43, 51, 292.45 W, 700.00 W, 700.00 W, 1980 MHz, 2619 MHz, [N/A]
2025/11/27 05:32:19.651, 4, NVIDIA H100 80GB HBM3, P0, 46 %, 15 %, 81559 MiB, 39067 MiB, 42013 MiB, 42, 49, 305.71 W, 700.00 W, 700.00 W, 1980 MHz, 2619 MHz, [N/A]
2025/11/27 05:32:19.651, 5, NVIDIA H100 80GB HBM3, P0, 35 %, 15 %, 81559 MiB, 40933 MiB, 40147 MiB, 48, 53, 318.26 W, 700.00 W, 700.00 W, 1980 MHz, 2619 MHz, [N/A]
2025/11/27 05:32:19.652, 6, NVIDIA H100 80GB HBM3, P0, 93 %, 32 %, 81559 MiB, 40495 MiB, 40585 MiB, 47, 54, 321.38 W, 700.00 W, 700.00 W, 1980 MHz, 2619 MHz, [N/A]
2025/11/27 05:32:19.652, 7, NVIDIA H100 80GB HBM3, P0, 64 %, 13 %, 81559 MiB, 39237 MiB, 41843 MiB, 44, 51, 312.18 W, 700.00 W, 700.00 W, 1980 MHz, 2619 MHz, [N/A]
2025/11/27 05:32:24.653, 0, NVIDIA H100 80GB HBM3, P0, 98 %, 18 %, 81559 MiB, 41413 MiB, 39667 MiB, 46, 57, 314.82 W, 700.00 W, 700.00 W, 1980 MHz, 2619 MHz, [N/A]
2025/11/27 05:32:24.655, 1, NVIDIA H100 80GB HBM3, P0, 100 %, 48 %, 81559 MiB, 39655 MiB, 41425 MiB, 50, 58, 319.48 W, 700.00 W, 700.00 W, 1980 MHz, 2619 MHz, [N/A]
2025/11/27 05:32:24.656, 2, NVIDIA H100 80GB HBM3, P0, 100 %, 48 %, 81559 MiB, 41509 MiB, 39571 MiB, 51, 59, 323.90 W, 700.00 W, 700.00 W, 1980 MHz, 2619 MHz, [N/A]
2025/11/27 05:32:24.656, 3, NVIDIA H100 80GB HBM3, P0, 94 %, 51 %, 81559 MiB, 39901 MiB, 41179 MiB, 46, 55, 332.26 W, 700.00 W, 700.00 W, 1980 MHz, 2619 MHz, [N/A]
2025/11/27 05:32:24.657, 4, NVIDIA H100 80GB HBM3, P0, 100 %, 44 %, 81559 MiB, 39067 MiB, 42013 MiB, 44, 53, 326.12 W, 700.00 W, 700.00 W, 1980 MHz, 2619 MHz, [N/A]
2025/11/27 05:32:24.658, 5, NVIDIA H100 80GB HBM3, P0, 100 %, 52 %, 81559 MiB, 40933 MiB, 40147 MiB, 49, 58, 310.97 W, 700.00 W, 700.00 W, 1980 MHz, 2619 MHz, [N/A]
2025/11/27 05:32:24.658, 6, NVIDIA H100 80GB HBM3, P0, 56 %, 37 %, 81559 MiB, 40495 MiB, 40585 MiB, 50, 58, 341.96 W, 700.00 W, 700.00 W, 1980 MHz, 2619 MHz, [N/A]
2025/11/27 05:32:24.659, 7, NVIDIA H100 80GB HBM3, P0, 100 %, 50 %, 81559 MiB, 39237 MiB, 41843 MiB, 46, 55, 313.14 W, 700.00 W, 700.00 W, 1980 MHz, 2619 MHz, [N/A]
2025/11/27 05:32:29.660, 0, NVIDIA H100 80GB HBM3, P0, 93 %, 28 %, 81559 MiB, 41413 MiB, 39667 MiB, 46, 53, 308.77 W, 700.00 W, 700.00 W, 1980 MHz, 2619 MHz, [N/A]
2025/11/27 05:32:29.662, 1, NVIDIA H100 80GB HBM3, P0, 98 %, 17 %, 81559 MiB, 39655 MiB, 41425 MiB, 48, 56, 285.90 W, 700.00 W, 700.00 W, 1980 MHz, 2619 MHz, [N/A]
2025/11/27 05:32:29.663, 2, NVIDIA H100 80GB HBM3, P0, 100 %, 9 %, 81559 MiB, 41509 MiB, 39571 MiB, 50, 60, 292.08 W, 700.00 W, 700.00 W, 1980 MHz, 2619 MHz, [N/A]
2025/11/27 05:32:29.664, 3, NVIDIA H100 80GB HBM3, P0, 100 %, 35 %, 81559 MiB, 39901 MiB, 41179 MiB, 43, 51, 291.04 W, 700.00 W, 700.00 W, 1980 MHz, 2619 MHz, [N/A]
2025/11/27 05:32:29.665, 4, NVIDIA H100 80GB HBM3, P0, 100 %, 12 %, 81559 MiB, 39067 MiB, 42013 MiB, 44, 52, 328.90 W, 700.00 W, 700.00 W, 1980 MHz, 2619 MHz, [N/A]
2025/11/27 05:32:29.667, 5, NVIDIA H100 80GB HBM3, P0, 72 %, 21 %, 81559 MiB, 40933 MiB, 40147 MiB, 49, 56, 304.25 W, 700.00 W, 700.00 W, 1980 MHz, 2619 MHz, [N/A]
2025/11/27 05:32:29.668, 6, NVIDIA H100 80GB HBM3, P0, 100 %, 12 %, 81559 MiB, 40493 MiB, 40587 MiB, 49, 56, 328.53 W, 700.00 W, 700.00 W, 1980 MHz, 2619 MHz, [N/A]
2025/11/27 05:32:29.668, 7, NVIDIA H100 80GB HBM3, P0, 46 %, 27 %, 81559 MiB, 39237 MiB, 41843 MiB, 45, 53, 307.77 W, 700.00 W, 700.00 W, 1980 MHz, 2619 MHz, [N/A]
2025/11/27 05:32:34.670, 0, NVIDIA H100 80GB HBM3, P0, 98 %, 27 %, 81559 MiB, 41413 MiB, 39667 MiB, 46, 56, 304.98 W, 700.00 W, 700.00 W, 1980 MHz, 2619 MHz, [N/A]
2025/11/27 05:32:34.670, 1, NVIDIA H100 80GB HBM3, P0, 81 %, 52 %, 81559 MiB, 39655 MiB, 41425 MiB, 52, 58, 365.19 W, 700.00 W, 700.00 W, 1980 MHz, 2619 MHz, [N/A]
2025/11/27 05:32:34.671, 2, NVIDIA H100 80GB HBM3, P0, 100 %, 48 %, 81559 MiB, 41509 MiB, 39571 MiB, 51, 58, 345.24 W, 700.00 W, 700.00 W, 1980 MHz, 2619 MHz, [N/A]
2025/11/27 05:32:34.672, 3, NVIDIA H100 80GB HBM3, P0, 94 %, 47 %, 81559 MiB, 39901 MiB, 41179 MiB, 46, 55, 324.04 W, 700.00 W, 700.00 W, 1980 MHz, 2619 MHz, [N/A]
2025/11/27 05:32:34.672, 4, NVIDIA H100 80GB HBM3, P0, 100 %, 41 %, 81559 MiB, 39067 MiB, 42013 MiB, 44, 52, 312.18 W, 700.00 W, 700.00 W, 1980 MHz, 2619 MHz, [N/A]
2025/11/27 05:32:34.673, 5, NVIDIA H100 80GB HBM3, P0, 100 %, 45 %, 81559 MiB, 40933 MiB, 40147 MiB, 49, 55, 315.66 W, 700.00 W, 700.00 W, 1980 MHz, 2619 MHz, [N/A]
2025/11/27 05:32:34.674, 6, NVIDIA H100 80GB HBM3, P0, 98 %, 50 %, 81559 MiB, 40493 MiB, 40587 MiB, 48, 57, 334.00 W, 700.00 W, 700.00 W, 1980 MHz, 2619 MHz, [N/A]
2025/11/27 05:32:34.674, 7, NVIDIA H100 80GB HBM3, P0, 100 %, 49 %, 81559 MiB, 39237 MiB, 41843 MiB, 46, 53, 324.61 W, 700.00 W, 700.00 W, 1980 MHz, 2619 MHz, [N/A]
2025/11/27 05:32:39.676, 0, NVIDIA H100 80GB HBM3, P0, 100 %, 43 %, 81559 MiB, 41413 MiB, 39667 MiB, 45, 55, 315.16 W, 700.00 W, 700.00 W, 1980 MHz, 2619 MHz, [N/A]
2025/11/27 05:32:39.677, 1, NVIDIA H100 80GB HBM3, P0, 75 %, 47 %, 81559 MiB, 39655 MiB, 41425 MiB, 49, 57, 343.03 W, 700.00 W, 700.00 W, 1980 MHz, 2619 MHz, [N/A]
2025/11/27 05:32:39.677, 2, NVIDIA H100 80GB HBM3, P0, 94 %, 38 %, 81559 MiB, 40583 MiB, 40497 MiB, 50, 58, 339.21 W, 700.00 W, 700.00 W, 1980 MHz, 2619 MHz, [N/A]
2025/11/27 05:32:39.678, 3, NVIDIA H100 80GB HBM3, P0, 93 %, 19 %, 81559 MiB, 39901 MiB, 41179 MiB, 43, 54, 322.33 W, 700.00 W, 700.00 W, 1980 MHz, 2619 MHz, [N/A]
2025/11/27 05:32:39.679, 4, NVIDIA H100 80GB HBM3, P0, 95 %, 38 %, 81559 MiB, 39067 MiB, 42013 MiB, 43, 50, 311.88 W, 700.00 W, 700.00 W, 1980 MHz, 2619 MHz, [N/A]
2025/11/27 05:32:39.680, 5, NVIDIA H100 80GB HBM3, P0, 74 %, 33 %, 81559 MiB, 40933 MiB, 40147 MiB, 48, 55, 327.27 W, 700.00 W, 700.00 W, 1980 MHz, 2619 MHz, [N/A]
2025/11/27 05:32:39.680, 6, NVIDIA H100 80GB HBM3, P0, 100 %, 45 %, 81559 MiB, 40493 MiB, 40587 MiB, 48, 55, 313.73 W, 700.00 W, 700.00 W, 1980 MHz, 2619 MHz, [N/A]
2025/11/27 05:32:39.681, 7, NVIDIA H100 80GB HBM3, P0, 89 %, 47 %, 81559 MiB, 39237 MiB, 41843 MiB, 45, 53, 314.65 W, 700.00 W, 700.00 W, 1980 MHz, 2619 MHz, [N/A]
2025/11/27 05:32:44.683, 0, NVIDIA H100 80GB HBM3, P0, 100 %, 47 %, 81559 MiB, 41413 MiB, 39667 MiB, 45, 53, 312.53 W, 700.00 W, 700.00 W, 1980 MHz, 2619 MHz, [N/A]
2025/11/27 05:32:44.684, 1, NVIDIA H100 80GB HBM3, P0, 93 %, 33 %, 81559 MiB, 39655 MiB, 41425 MiB, 49, 57, 338.56 W, 700.00 W, 700.00 W, 1980 MHz, 2619 MHz, [N/A]
2025/11/27 05:32:44.685, 2, NVIDIA H100 80GB HBM3, P0, 89 %, 37 %, 81559 MiB, 40583 MiB, 40497 MiB, 50, 56, 333.96 W, 700.00 W, 700.00 W, 1980 MHz, 2619 MHz, [N/A]
2025/11/27 05:32:44.686, 3, NVIDIA H100 80GB HBM3, P0, 100 %, 11 %, 81559 MiB, 39901 MiB, 41179 MiB, 43, 51, 314.94 W, 700.00 W, 700.00 W, 1980 MHz, 2619 MHz, [N/A]
2025/11/27 05:32:44.687, 4, NVIDIA H100 80GB HBM3, P0, 89 %, 39 %, 81559 MiB, 39067 MiB, 42013 MiB, 42, 49, 318.42 W, 700.00 W, 700.00 W, 1980 MHz, 2619 MHz, [N/A]
2025/11/27 05:32:44.687, 5, NVIDIA H100 80GB HBM3, P0, 61 %, 17 %, 81559 MiB, 40931 MiB, 40149 MiB, 49, 55, 342.13 W, 700.00 W, 700.00 W, 1980 MHz, 2619 MHz, [N/A]
2025/11/27 05:32:44.688, 6, NVIDIA H100 80GB HBM3, P0, 95 %, 45 %, 81559 MiB, 40493 MiB, 40587 MiB, 47, 53, 326.95 W, 700.00 W, 700.00 W, 1980 MHz, 2619 MHz, [N/A]
2025/11/27 05:32:44.689, 7, NVIDIA H100 80GB HBM3, P0, 53 %, 35 %, 81559 MiB, 39237 MiB, 41843 MiB, 45, 51, 369.27 W, 700.00 W, 700.00 W, 1980 MHz, 2619 MHz, [N/A]
2025/11/27 05:32:49.690, 0, NVIDIA H100 80GB HBM3, P0, 100 %, 11 %, 81559 MiB, 41411 MiB, 39669 MiB, 44, 51, 329.07 W, 700.00 W, 700.00 W, 1980 MHz, 2619 MHz, [N/A]
2025/11/27 05:32:49.691, 1, NVIDIA H100 80GB HBM3, P0, 100 %, 12 %, 81559 MiB, 39655 MiB, 41425 MiB, 49, 56, 304.72 W, 700.00 W, 700.00 W, 1980 MHz, 2619 MHz, [N/A]
2025/11/27 05:32:49.692, 2, NVIDIA H100 80GB HBM3, P0, 100 %, 12 %, 81559 MiB, 40583 MiB, 40497 MiB, 50, 59, 308.46 W, 700.00 W, 700.00 W, 1980 MHz, 2619 MHz, [N/A]
2025/11/27 05:32:49.693, 3, NVIDIA H100 80GB HBM3, P0, 97 %, 34 %, 81559 MiB, 39901 MiB, 41179 MiB, 44, 55, 298.56 W, 700.00 W, 700.00 W, 1980 MHz, 2619 MHz, [N/A]
2025/11/27 05:32:49.693, 4, NVIDIA H100 80GB HBM3, P0, 100 %, 15 %, 81559 MiB, 39067 MiB, 42013 MiB, 44, 53, 310.43 W, 700.00 W, 700.00 W, 1980 MHz, 2619 MHz, [N/A]
2025/11/27 05:32:49.694, 5, NVIDIA H100 80GB HBM3, P0, 40 %, 22 %, 81559 MiB, 40931 MiB, 40149 MiB, 50, 56, 306.74 W, 700.00 W, 700.00 W, 1980 MHz, 2619 MHz, [N/A]
2025/11/27 05:32:49.699, 6, NVIDIA H100 80GB HBM3, P0, 100 %, 11 %, 81559 MiB, 40493 MiB, 40587 MiB, 48, 57, 296.09 W, 700.00 W, 700.00 W, 1980 MHz, 2619 MHz, [N/A]
2025/11/27 05:32:49.701, 7, NVIDIA H100 80GB HBM3, P0, 32 %, 16 %, 81559 MiB, 39237 MiB, 41843 MiB, 46, 53, 318.67 W, 700.00 W, 700.00 W, 1980 MHz, 2619 MHz, [N/A]
2025/11/27 05:32:54.705, 0, NVIDIA H100 80GB HBM3, P0, 100 %, 47 %, 81559 MiB, 41411 MiB, 39669 MiB, 46, 55, 311.13 W, 700.00 W, 700.00 W, 1980 MHz, 2619 MHz, [N/A]
2025/11/27 05:32:54.706, 1, NVIDIA H100 80GB HBM3, P0, 67 %, 39 %, 81559 MiB, 39655 MiB, 41425 MiB, 49, 59, 314.49 W, 700.00 W, 700.00 W, 1980 MHz, 2619 MHz, [N/A]
2025/11/27 05:32:54.709, 2, NVIDIA H100 80GB HBM3, P0, 100 %, 45 %, 81559 MiB, 40583 MiB, 40497 MiB, 51, 60, 320.97 W, 700.00 W, 700.00 W, 1980 MHz, 2619 MHz, [N/A]
2025/11/27 05:32:54.711, 3, NVIDIA H100 80GB HBM3, P0, 95 %, 39 %, 81559 MiB, 39901 MiB, 41179 MiB, 45, 55, 307.10 W, 700.00 W, 700.00 W, 1980 MHz, 2619 MHz, [N/A]
2025/11/27 05:32:54.713, 4, NVIDIA H100 80GB HBM3, P0, 100 %, 46 %, 81559 MiB, 39065 MiB, 42015 MiB, 43, 51, 308.68 W, 700.00 W, 700.00 W, 1980 MHz, 2619 MHz, [N/A]
2025/11/27 05:32:54.715, 5, NVIDIA H100 80GB HBM3, P0, 100 %, 42 %, 81559 MiB, 40931 MiB, 40149 MiB, 49, 55, 312.49 W, 700.00 W, 700.00 W, 1980 MHz, 2619 MHz, [N/A]
2025/11/27 05:32:54.717, 6, NVIDIA H100 80GB HBM3, P0, 98 %, 36 %, 81559 MiB, 40493 MiB, 40587 MiB, 48, 55, 310.70 W, 700.00 W, 700.00 W, 1980 MHz, 2619 MHz, [N/A]
2025/11/27 05:32:54.717, 7, NVIDIA H100 80GB HBM3, P0, 100 %, 54 %, 81559 MiB, 39237 MiB, 41843 MiB, 48, 58, 374.35 W, 700.00 W, 700.00 W, 1980 MHz, 2619 MHz, [N/A]
2025/11/27 05:32:59.720, 0, NVIDIA H100 80GB HBM3, P0, 79 %, 21 %, 81559 MiB, 41411 MiB, 39669 MiB, 45, 53, 328.14 W, 700.00 W, 700.00 W, 1980 MHz, 2619 MHz, [N/A]
2025/11/27 05:32:59.724, 1, NVIDIA H100 80GB HBM3, P0, 78 %, 48 %, 81559 MiB, 39655 MiB, 41425 MiB, 49, 56, 344.42 W, 700.00 W, 700.00 W, 1980 MHz, 2619 MHz, [N/A]
2025/11/27 05:32:59.727, 2, NVIDIA H100 80GB HBM3, P0, 100 %, 39 %, 81559 MiB, 40583 MiB, 40497 MiB, 50, 57, 326.25 W, 700.00 W, 700.00 W, 1980 MHz, 2619 MHz, [N/A]
2025/11/27 05:32:59.729, 3, NVIDIA H100 80GB HBM3, P0, 93 %, 31 %, 81559 MiB, 39901 MiB, 41179 MiB, 44, 55, 343.96 W, 700.00 W, 700.00 W, 1980 MHz, 2619 MHz, [N/A]
2025/11/27 05:32:59.729, 4, NVIDIA H100 80GB HBM3, P0, 100 %, 43 %, 81559 MiB, 39065 MiB, 42015 MiB, 42, 51, 315.81 W, 700.00 W, 700.00 W, 1980 MHz, 2619 MHz, [N/A]
2025/11/27 05:32:59.731, 5, NVIDIA H100 80GB HBM3, P0, 76 %, 41 %, 81559 MiB, 40931 MiB, 40149 MiB, 48, 54, 332.59 W, 700.00 W, 700.00 W, 1980 MHz, 2619 MHz, [N/A]
2025/11/27 05:32:59.734, 6, NVIDIA H100 80GB HBM3, P0, 100 %, 42 %, 81559 MiB, 40493 MiB, 40587 MiB, 48, 55, 311.68 W, 700.00 W, 700.00 W, 1980 MHz, 2619 MHz, [N/A]
2025/11/27 05:32:59.735, 7, NVIDIA H100 80GB HBM3, P0, 91 %, 41 %, 81559 MiB, 39237 MiB, 41843 MiB, 46, 54, 324.98 W, 700.00 W, 700.00 W, 1980 MHz, 2619 MHz, [N/A]
2025/11/27 05:33:04.737, 0, NVIDIA H100 80GB HBM3, P0, 100 %, 11 %, 81559 MiB, 41411 MiB, 39669 MiB, 44, 53, 303.77 W, 700.00 W, 700.00 W, 1980 MHz, 2619 MHz, [N/A]
2025/11/27 05:33:04.739, 1, NVIDIA H100 80GB HBM3, P0, 74 %, 49 %, 81559 MiB, 39655 MiB, 41425 MiB, 48, 54, 309.09 W, 700.00 W, 700.00 W, 1980 MHz, 2619 MHz, [N/A]
2025/11/27 05:33:04.742, 2, NVIDIA H100 80GB HBM3, P0, 95 %, 42 %, 81559 MiB, 40583 MiB, 40497 MiB, 50, 58, 337.11 W, 700.00 W, 700.00 W, 1980 MHz, 2619 MHz, [N/A]
2025/11/27 05:33:04.742, 3, NVIDIA H100 80GB HBM3, P0, 94 %, 27 %, 81559 MiB, 39901 MiB, 41179 MiB, 43, 53, 321.76 W, 700.00 W, 700.00 W, 1980 MHz, 2619 MHz, [N/A]
2025/11/27 05:33:04.743, 4, NVIDIA H100 80GB HBM3, P0, 95 %, 39 %, 81559 MiB, 39065 MiB, 42015 MiB, 42, 49, 315.62 W, 700.00 W, 700.00 W, 1980 MHz, 2619 MHz, [N/A]
2025/11/27 05:33:04.744, 5, NVIDIA H100 80GB HBM3, P0, 65 %, 38 %, 81559 MiB, 40931 MiB, 40149 MiB, 48, 54, 365.81 W, 700.00 W, 700.00 W, 1980 MHz, 2619 MHz, [N/A]
2025/11/27 05:33:04.744, 6, NVIDIA H100 80GB HBM3, P0, 89 %, 42 %, 81559 MiB, 40493 MiB, 40587 MiB, 48, 56, 366.27 W, 700.00 W, 700.00 W, 1980 MHz, 2619 MHz, [N/A]
2025/11/27 05:33:04.745, 7, NVIDIA H100 80GB HBM3, P0, 24 %, 11 %, 81559 MiB, 39237 MiB, 41843 MiB, 45, 52, 367.66 W, 700.00 W, 700.00 W, 1980 MHz, 2619 MHz, [N/A]
2025/11/27 05:33:09.746, 0, NVIDIA H100 80GB HBM3, P0, 100 %, 14 %, 81559 MiB, 41411 MiB, 39669 MiB, 45, 54, 345.30 W, 700.00 W, 700.00 W, 1980 MHz, 2619 MHz, [N/A]
2025/11/27 05:33:09.747, 1, NVIDIA H100 80GB HBM3, P0, 93 %, 31 %, 81559 MiB, 39653 MiB, 41427 MiB, 48, 55, 347.59 W, 700.00 W, 700.00 W, 1980 MHz, 2619 MHz, [N/A]
2025/11/27 05:33:09.748, 2, NVIDIA H100 80GB HBM3, P0, 88 %, 39 %, 81559 MiB, 40583 MiB, 40497 MiB, 50, 56, 340.93 W, 700.00 W, 700.00 W, 1980 MHz, 2619 MHz, [N/A]
2025/11/27 05:33:09.750, 3, NVIDIA H100 80GB HBM3, P0, 100 %, 13 %, 81559 MiB, 39901 MiB, 41179 MiB, 43, 51, 319.88 W, 700.00 W, 700.00 W, 1980 MHz, 2619 MHz, [N/A]
2025/11/27 05:33:09.750, 4, NVIDIA H100 80GB HBM3, P0, 89 %, 41 %, 81559 MiB, 39065 MiB, 42015 MiB, 42, 49, 310.56 W, 700.00 W, 700.00 W, 1980 MHz, 2619 MHz, [N/A]
2025/11/27 05:33:09.751, 5, NVIDIA H100 80GB HBM3, P0, 30 %, 15 %, 81559 MiB, 40931 MiB, 40149 MiB, 48, 54, 305.66 W, 700.00 W, 700.00 W, 1980 MHz, 2619 MHz, [N/A]
2025/11/27 05:33:09.752, 6, NVIDIA H100 80GB HBM3, P0, 94 %, 23 %, 81559 MiB, 40493 MiB, 40587 MiB, 48, 55, 320.25 W, 700.00 W, 700.00 W, 1980 MHz, 2619 MHz, [N/A]
2025/11/27 05:33:09.752, 7, NVIDIA H100 80GB HBM3, P0, 24 %, 11 %, 81559 MiB, 39237 MiB, 41843 MiB, 44, 51, 309.63 W, 700.00 W, 700.00 W, 1980 MHz, 2619 MHz, [N/A]
2025/11/27 05:33:14.754, 0, NVIDIA H100 80GB HBM3, P0, 98 %, 30 %, 81559 MiB, 41411 MiB, 39669 MiB, 43, 52, 304.06 W, 700.00 W, 700.00 W, 1980 MHz, 2619 MHz, [N/A]
2025/11/27 05:33:14.755, 1, NVIDIA H100 80GB HBM3, P0, 100 %, 11 %, 81559 MiB, 39653 MiB, 41427 MiB, 49, 56, 296.67 W, 700.00 W, 700.00 W, 1980 MHz, 2619 MHz, [N/A]
2025/11/27 05:33:14.756, 2, NVIDIA H100 80GB HBM3, P0, 100 %, 12 %, 81559 MiB, 40583 MiB, 40497 MiB, 49, 54, 310.36 W, 700.00 W, 700.00 W, 1980 MHz, 2619 MHz, [N/A]
2025/11/27 05:33:14.757, 3, NVIDIA H100 80GB HBM3, P0, 100 %, 16 %, 81559 MiB, 39901 MiB, 41179 MiB, 44, 53, 325.08 W, 700.00 W, 700.00 W, 1980 MHz, 2619 MHz, [N/A]
2025/11/27 05:33:14.758, 4, NVIDIA H100 80GB HBM3, P0, 98 %, 30 %, 81559 MiB, 39065 MiB, 42015 MiB, 43, 49, 298.63 W, 700.00 W, 700.00 W, 1980 MHz, 2619 MHz, [N/A]
2025/11/27 05:33:14.759, 5, NVIDIA H100 80GB HBM3, P0, 83 %, 12 %, 81559 MiB, 40931 MiB, 40149 MiB, 49, 57, 309.63 W, 700.00 W, 700.00 W, 1980 MHz, 2619 MHz, [N/A]
2025/11/27 05:33:14.759, 6, NVIDIA H100 80GB HBM3, P0, 100 %, 14 %, 81559 MiB, 40493 MiB, 40587 MiB, 47, 53, 311.60 W, 700.00 W, 700.00 W, 1980 MHz, 2619 MHz, [N/A]
2025/11/27 05:33:14.760, 7, NVIDIA H100 80GB HBM3, P0, 88 %, 46 %, 81559 MiB, 39237 MiB, 41843 MiB, 46, 53, 310.34 W, 700.00 W, 700.00 W, 1980 MHz, 2619 MHz, [N/A]
2025/11/27 05:33:19.761, 0, NVIDIA H100 80GB HBM3, P0, 100 %, 45 %, 81559 MiB, 41411 MiB, 39669 MiB, 46, 55, 314.08 W, 700.00 W, 700.00 W, 1980 MHz, 2619 MHz, [N/A]
2025/11/27 05:33:19.765, 1, NVIDIA H100 80GB HBM3, P0, 91 %, 27 %, 81559 MiB, 39653 MiB, 41427 MiB, 50, 56, 301.38 W, 700.00 W, 700.00 W, 1980 MHz, 2619 MHz, [N/A]
2025/11/27 05:33:19.775, 2, NVIDIA H100 80GB HBM3, P0, 100 %, 45 %, 81559 MiB, 40583 MiB, 40497 MiB, 50, 58, 333.87 W, 700.00 W, 700.00 W, 1980 MHz, 2619 MHz, [N/A]
2025/11/27 05:33:19.780, 3, NVIDIA H100 80GB HBM3, P0, 100 %, 47 %, 81559 MiB, 39901 MiB, 41179 MiB, 45, 56, 340.44 W, 700.00 W, 700.00 W, 1980 MHz, 2619 MHz, [N/A]
2025/11/27 05:33:19.787, 4, NVIDIA H100 80GB HBM3, P0, 100 %, 46 %, 81559 MiB, 39065 MiB, 42015 MiB, 43, 52, 319.33 W, 700.00 W, 700.00 W, 1980 MHz, 2619 MHz, [N/A]
2025/11/27 05:33:19.788, 5, NVIDIA H100 80GB HBM3, P0, 83 %, 44 %, 81559 MiB, 40931 MiB, 40149 MiB, 50, 56, 350.25 W, 700.00 W, 700.00 W, 1980 MHz, 2619 MHz, [N/A]
2025/11/27 05:33:19.789, 6, NVIDIA H100 80GB HBM3, P0, 95 %, 45 %, 81559 MiB, 39443 MiB, 41637 MiB, 48, 58, 318.81 W, 700.00 W, 700.00 W, 1980 MHz, 2619 MHz, [N/A]
2025/11/27 05:33:19.789, 7, NVIDIA H100 80GB HBM3, P0, 92 %, 37 %, 81559 MiB, 39237 MiB, 41843 MiB, 46, 54, 321.79 W, 700.00 W, 700.00 W, 1980 MHz, 2619 MHz, [N/A]
2025/11/27 05:33:24.790, 0, NVIDIA H100 80GB HBM3, P0, 92 %, 25 %, 81559 MiB, 41411 MiB, 39669 MiB, 45, 55, 325.31 W, 700.00 W, 700.00 W, 1980 MHz, 2619 MHz, [N/A]
2025/11/27 05:33:24.792, 1, NVIDIA H100 80GB HBM3, P0, 100 %, 19 %, 81559 MiB, 39653 MiB, 41427 MiB, 49, 56, 328.24 W, 700.00 W, 700.00 W, 1980 MHz, 2619 MHz, [N/A]
2025/11/27 05:33:24.792, 2, NVIDIA H100 80GB HBM3, P0, 94 %, 28 %, 81559 MiB, 40583 MiB, 40497 MiB, 50, 56, 339.89 W, 700.00 W, 700.00 W, 1980 MHz, 2619 MHz, [N/A]
2025/11/27 05:33:24.793, 3, NVIDIA H100 80GB HBM3, P0, 90 %, 49 %, 81559 MiB, 39901 MiB, 41179 MiB, 43, 52, 343.79 W, 700.00 W, 700.00 W, 1980 MHz, 2619 MHz, [N/A]
2025/11/27 05:33:24.793, 4, NVIDIA H100 80GB HBM3, P0, 94 %, 31 %, 81559 MiB, 39065 MiB, 42015 MiB, 42, 50, 314.14 W, 700.00 W, 700.00 W, 1980 MHz, 2619 MHz, [N/A]
2025/11/27 05:33:24.794, 5, NVIDIA H100 80GB HBM3, P0, 100 %, 40 %, 81559 MiB, 40931 MiB, 40149 MiB, 48, 54, 303.12 W, 700.00 W, 700.00 W, 1980 MHz, 2619 MHz, [N/A]
2025/11/27 05:33:24.795, 6, NVIDIA H100 80GB HBM3, P0, 100 %, 16 %, 81559 MiB, 39443 MiB, 41637 MiB, 48, 55, 310.43 W, 700.00 W, 700.00 W, 1980 MHz, 2619 MHz, [N/A]
2025/11/27 05:33:24.796, 7, NVIDIA H100 80GB HBM3, P0, 51 %, 13 %, 81559 MiB, 39237 MiB, 41843 MiB, 44, 53, 314.87 W, 700.00 W, 700.00 W, 1980 MHz, 2619 MHz, [N/A]
2025/11/27 05:33:29.797, 0, NVIDIA H100 80GB HBM3, P0, 100 %, 11 %, 81559 MiB, 41411 MiB, 39669 MiB, 44, 53, 333.04 W, 700.00 W, 700.00 W, 1980 MHz, 2619 MHz, [N/A]
2025/11/27 05:33:29.798, 1, NVIDIA H100 80GB HBM3, P0, 100 %, 14 %, 81559 MiB, 39653 MiB, 41427 MiB, 48, 56, 328.10 W, 700.00 W, 700.00 W, 1980 MHz, 2619 MHz, [N/A]
2025/11/27 05:33:29.799, 2, NVIDIA H100 80GB HBM3, P0, 100 %, 12 %, 81559 MiB, 40583 MiB, 40497 MiB, 49, 56, 326.59 W, 700.00 W, 700.00 W, 1980 MHz, 2619 MHz, [N/A]
2025/11/27 05:33:29.800, 3, NVIDIA H100 80GB HBM3, P0, 94 %, 33 %, 81559 MiB, 39901 MiB, 41179 MiB, 43, 51, 319.53 W, 700.00 W, 700.00 W, 1980 MHz, 2619 MHz, [N/A]
2025/11/27 05:33:29.800, 4, NVIDIA H100 80GB HBM3, P0, 100 %, 13 %, 81559 MiB, 39065 MiB, 42015 MiB, 42, 49, 332.39 W, 700.00 W, 700.00 W, 1980 MHz, 2619 MHz, [N/A]
2025/11/27 05:33:29.801, 5, NVIDIA H100 80GB HBM3, P0, 70 %, 39 %, 81559 MiB, 40931 MiB, 40149 MiB, 48, 54, 358.04 W, 700.00 W, 700.00 W, 1980 MHz, 2619 MHz, [N/A]
2025/11/27 05:33:29.802, 6, NVIDIA H100 80GB HBM3, P0, 100 %, 13 %, 81559 MiB, 39443 MiB, 41637 MiB, 47, 53, 329.99 W, 700.00 W, 700.00 W, 1980 MHz, 2619 MHz, [N/A]
2025/11/27 05:33:29.803, 7, NVIDIA H100 80GB HBM3, P0, 26 %, 12 %, 81559 MiB, 39237 MiB, 41843 MiB, 44, 51, 313.03 W, 700.00 W, 700.00 W, 1980 MHz, 2619 MHz, [N/A]
2025/11/27 05:33:34.806, 0, NVIDIA H100 80GB HBM3, P0, 100 %, 45 %, 81559 MiB, 41411 MiB, 39669 MiB, 45, 53, 303.78 W, 700.00 W, 700.00 W, 1980 MHz, 2619 MHz, [N/A]
2025/11/27 05:33:34.807, 1, NVIDIA H100 80GB HBM3, P0, 72 %, 44 %, 81559 MiB, 39653 MiB, 41427 MiB, 50, 59, 322.30 W, 700.00 W, 700.00 W, 1980 MHz, 2619 MHz, [N/A]
2025/11/27 05:33:34.808, 2, NVIDIA H100 80GB HBM3, P0, 100 %, 48 %, 81559 MiB, 40583 MiB, 40497 MiB, 51, 58, 337.75 W, 700.00 W, 700.00 W, 1980 MHz, 2619 MHz, [N/A]
2025/11/27 05:33:34.809, 3, NVIDIA H100 80GB HBM3, P0, 98 %, 25 %, 81559 MiB, 39901 MiB, 41179 MiB, 45, 55, 333.13 W, 700.00 W, 700.00 W, 1980 MHz, 2619 MHz, [N/A]
2025/11/27 05:33:34.809, 4, NVIDIA H100 80GB HBM3, P0, 98 %, 45 %, 81559 MiB, 39063 MiB, 42017 MiB, 43, 52, 294.85 W, 700.00 W, 700.00 W, 1980 MHz, 2619 MHz, [N/A]
2025/11/27 05:33:34.811, 5, NVIDIA H100 80GB HBM3, P0, 68 %, 17 %, 81559 MiB, 40931 MiB, 40149 MiB, 52, 57, 356.04 W, 700.00 W, 700.00 W, 1980 MHz, 2619 MHz, [N/A]
2025/11/27 05:33:34.811, 6, NVIDIA H100 80GB HBM3, P0, 100 %, 44 %, 81559 MiB, 39443 MiB, 41637 MiB, 48, 56, 319.30 W, 700.00 W, 700.00 W, 1980 MHz, 2619 MHz, [N/A]
2025/11/27 05:33:34.812, 7, NVIDIA H100 80GB HBM3, P0, 100 %, 43 %, 81559 MiB, 39237 MiB, 41843 MiB, 46, 53, 305.27 W, 700.00 W, 700.00 W, 1980 MHz, 2619 MHz, [N/A]
2025/11/27 05:33:39.814, 0, NVIDIA H100 80GB HBM3, P0, 97 %, 41 %, 81559 MiB, 41411 MiB, 39669 MiB, 45, 54, 282.57 W, 700.00 W, 700.00 W, 1980 MHz, 2619 MHz, [N/A]
2025/11/27 05:33:39.815, 1, NVIDIA H100 80GB HBM3, P0, 74 %, 44 %, 81559 MiB, 39653 MiB, 41427 MiB, 49, 57, 303.71 W, 700.00 W, 700.00 W, 1980 MHz, 2619 MHz, [N/A]
2025/11/27 05:33:39.816, 2, NVIDIA H100 80GB HBM3, P0, 96 %, 41 %, 81559 MiB, 40581 MiB, 40499 MiB, 50, 58, 299.09 W, 700.00 W, 700.00 W, 1980 MHz, 2619 MHz, [N/A]
2025/11/27 05:33:39.817, 3, NVIDIA H100 80GB HBM3, P0, 100 %, 5 %, 81559 MiB, 39901 MiB, 41179 MiB, 44, 53, 293.98 W, 700.00 W, 700.00 W, 1980 MHz, 2619 MHz, [N/A]
2025/11/27 05:33:39.818, 4, NVIDIA H100 80GB HBM3, P0, 97 %, 36 %, 81559 MiB, 39063 MiB, 42017 MiB, 43, 52, 286.85 W, 700.00 W, 700.00 W, 1980 MHz, 2619 MHz, [N/A]
2025/11/27 05:33:39.819, 5, NVIDIA H100 80GB HBM3, P0, 95 %, 7 %, 81559 MiB, 40931 MiB, 40149 MiB, 50, 57, 316.16 W, 700.00 W, 700.00 W, 1980 MHz, 2619 MHz, [N/A]
2025/11/27 05:33:39.819, 6, NVIDIA H100 80GB HBM3, P0, 100 %, 44 %, 81559 MiB, 39443 MiB, 41637 MiB, 48, 55, 286.61 W, 700.00 W, 700.00 W, 1980 MHz, 2619 MHz, [N/A]
2025/11/27 05:33:39.820, 7, NVIDIA H100 80GB HBM3, P0, 98 %, 49 %, 81559 MiB, 39237 MiB, 41843 MiB, 45, 54, 288.33 W, 700.00 W, 700.00 W, 1980 MHz, 2619 MHz, [N/A]
2025/11/27 05:33:44.822, 0, NVIDIA H100 80GB HBM3, P0, 98 %, 19 %, 81559 MiB, 41411 MiB, 39669 MiB, 45, 55, 261.90 W, 700.00 W, 700.00 W, 1980 MHz, 2619 MHz, [N/A]
2025/11/27 05:33:44.823, 1, NVIDIA H100 80GB HBM3, P0, 89 %, 29 %, 81559 MiB, 39653 MiB, 41427 MiB, 49, 57, 266.38 W, 700.00 W, 700.00 W, 1980 MHz, 2619 MHz, [N/A]
2025/11/27 05:33:44.824, 2, NVIDIA H100 80GB HBM3, P0, 98 %, 18 %, 81559 MiB, 40581 MiB, 40499 MiB, 50, 58, 280.88 W, 700.00 W, 700.00 W, 1980 MHz, 2619 MHz, [N/A]
2025/11/27 05:33:44.825, 3, NVIDIA H100 80GB HBM3, P0, 100 %, 13 %, 81559 MiB, 39901 MiB, 41179 MiB, 44, 54, 262.64 W, 700.00 W, 700.00 W, 1980 MHz, 2619 MHz, [N/A]
2025/11/27 05:33:44.826, 4, NVIDIA H100 80GB HBM3, P0, 98 %, 16 %, 81559 MiB, 39063 MiB, 42017 MiB, 43, 50, 276.86 W, 700.00 W, 700.00 W, 1980 MHz, 2619 MHz, [N/A]
2025/11/27 05:33:44.827, 5, NVIDIA H100 80GB HBM3, P0, 26 %, 12 %, 81559 MiB, 40931 MiB, 40149 MiB, 49, 55, 273.41 W, 700.00 W, 700.00 W, 1980 MHz, 2619 MHz, [N/A]
2025/11/27 05:33:44.828, 6, NVIDIA H100 80GB HBM3, P0, 99 %, 45 %, 81559 MiB, 39443 MiB, 41637 MiB, 49, 55, 275.82 W, 700.00 W, 700.00 W, 1980 MHz, 2619 MHz, [N/A]
2025/11/27 05:33:44.829, 7, NVIDIA H100 80GB HBM3, P0, 60 %, 34 %, 81559 MiB, 39237 MiB, 41843 MiB, 46, 53, 267.92 W, 700.00 W, 700.00 W, 1980 MHz, 2619 MHz, [N/A]
2025/11/27 05:33:49.831, 0, NVIDIA H100 80GB HBM3, P0, 96 %, 33 %, 81559 MiB, 41409 MiB, 39671 MiB, 45, 53, 292.78 W, 700.00 W, 700.00 W, 1980 MHz, 2619 MHz, [N/A]
2025/11/27 05:33:49.832, 1, NVIDIA H100 80GB HBM3, P0, 75 %, 44 %, 81559 MiB, 39653 MiB, 41427 MiB, 49, 56, 305.60 W, 700.00 W, 700.00 W, 1980 MHz, 2619 MHz, [N/A]
2025/11/27 05:33:49.833, 2, NVIDIA H100 80GB HBM3, P0, 98 %, 42 %, 81559 MiB, 40581 MiB, 40499 MiB, 52, 59, 359.25 W, 700.00 W, 700.00 W, 1980 MHz, 2619 MHz, [N/A]
2025/11/27 05:33:49.835, 3, NVIDIA H100 80GB HBM3, P0, 100 %, 17 %, 81559 MiB, 39901 MiB, 41179 MiB, 46, 55, 347.35 W, 700.00 W, 700.00 W, 1980 MHz, 2619 MHz, [N/A]
2025/11/27 05:33:49.836, 4, NVIDIA H100 80GB HBM3, P0, 98 %, 37 %, 81559 MiB, 39063 MiB, 42017 MiB, 44, 52, 352.36 W, 700.00 W, 700.00 W, 1980 MHz, 2619 MHz, [N/A]
2025/11/27 05:33:49.836, 5, NVIDIA H100 80GB HBM3, P0, 27 %, 13 %, 81559 MiB, 40931 MiB, 40149 MiB, 49, 55, 325.89 W, 700.00 W, 700.00 W, 1980 MHz, 2619 MHz, [N/A]
2025/11/27 05:33:49.837, 6, NVIDIA H100 80GB HBM3, P0, 100 %, 43 %, 81559 MiB, 39443 MiB, 41637 MiB, 48, 56, 341.79 W, 700.00 W, 700.00 W, 1980 MHz, 2619 MHz, [N/A]
2025/11/27 05:33:49.838, 7, NVIDIA H100 80GB HBM3, P0, 96 %, 47 %, 81559 MiB, 39237 MiB, 41843 MiB, 45, 54, 350.05 W, 700.00 W, 700.00 W, 1980 MHz, 2619 MHz, [N/A]
2025/11/27 05:33:54.839, 0, NVIDIA H100 80GB HBM3, P0, 0 %, 0 %, 81559 MiB, 81080 MiB, 0 MiB, 38, 47, 71.89 W, 700.00 W, 700.00 W, 345 MHz, 2619 MHz, [N/A]
2025/11/27 05:33:54.841, 1, NVIDIA H100 80GB HBM3, P0, 0 %, 0 %, 81559 MiB, 81080 MiB, 0 MiB, 43, 50, 74.82 W, 700.00 W, 700.00 W, 345 MHz, 2619 MHz, [N/A]
2025/11/27 05:33:54.842, 2, NVIDIA H100 80GB HBM3, P0, 0 %, 0 %, 81559 MiB, 81080 MiB, 0 MiB, 44, 52, 92.27 W, 700.00 W, 700.00 W, 345 MHz, 2619 MHz, [N/A]
2025/11/27 05:33:54.842, 3, NVIDIA H100 80GB HBM3, P0, 0 %, 0 %, 81559 MiB, 81080 MiB, 0 MiB, 37, 47, 97.66 W, 700.00 W, 700.00 W, 345 MHz, 2619 MHz, [N/A]
2025/11/27 05:33:54.843, 4, NVIDIA H100 80GB HBM3, P0, 0 %, 0 %, 81559 MiB, 81080 MiB, 0 MiB, 37, 43, 94.51 W, 700.00 W, 700.00 W, 345 MHz, 2619 MHz, [N/A]
2025/11/27 05:33:54.844, 5, NVIDIA H100 80GB HBM3, P0, 0 %, 0 %, 81559 MiB, 81080 MiB, 0 MiB, 43, 49, 110.18 W, 700.00 W, 700.00 W, 375 MHz, 2619 MHz, [N/A]
2025/11/27 05:33:54.845, 6, NVIDIA H100 80GB HBM3, P0, 0 %, 0 %, 81559 MiB, 81080 MiB, 0 MiB, 42, 49, 74.42 W, 700.00 W, 700.00 W, 630 MHz, 2619 MHz, [N/A]
2025/11/27 05:33:54.846, 7, NVIDIA H100 80GB HBM3, P0, 0 %, 0 %, 81559 MiB, 81080 MiB, 0 MiB, 38, 47, 104.85 W, 700.00 W, 700.00 W, 825 MHz, 2619 MHz, [N/A]
2025/11/27 05:33:59.847, 0, NVIDIA H100 80GB HBM3, P0, 0 %, 0 %, 81559 MiB, 81080 MiB, 0 MiB, 37, 45, 71.47 W, 700.00 W, 700.00 W, 345 MHz, 2619 MHz, [N/A]
2025/11/27 05:33:59.848, 1, NVIDIA H100 80GB HBM3, P0, 0 %, 0 %, 81559 MiB, 81080 MiB, 0 MiB, 42, 50, 74.20 W, 700.00 W, 700.00 W, 345 MHz, 2619 MHz, [N/A]
2025/11/27 05:33:59.849, 2, NVIDIA H100 80GB HBM3, P0, 0 %, 0 %, 81559 MiB, 81080 MiB, 0 MiB, 42, 50, 77.79 W, 700.00 W, 700.00 W, 345 MHz, 2619 MHz, [N/A]
2025/11/27 05:33:59.850, 3, NVIDIA H100 80GB HBM3, P0, 0 %, 0 %, 81559 MiB, 81080 MiB, 0 MiB, 36, 46, 72.06 W, 700.00 W, 700.00 W, 345 MHz, 2619 MHz, [N/A]
2025/11/27 05:33:59.851, 4, NVIDIA H100 80GB HBM3, P0, 0 %, 0 %, 81559 MiB, 81080 MiB, 0 MiB, 35, 43, 70.99 W, 700.00 W, 700.00 W, 345 MHz, 2619 MHz, [N/A]
2025/11/27 05:33:59.852, 5, NVIDIA H100 80GB HBM3, P0, 0 %, 0 %, 81559 MiB, 81080 MiB, 0 MiB, 41, 47, 73.67 W, 700.00 W, 700.00 W, 345 MHz, 2619 MHz, [N/A]
2025/11/27 05:33:59.853, 6, NVIDIA H100 80GB HBM3, P0, 0 %, 0 %, 81559 MiB, 81080 MiB, 0 MiB, 40, 48, 71.57 W, 700.00 W, 700.00 W, 345 MHz, 2619 MHz, [N/A]
2025/11/27 05:33:59.854, 7, NVIDIA H100 80GB HBM3, P0, 0 %, 0 %, 81559 MiB, 81080 MiB, 0 MiB, 37, 45, 71.46 W, 700.00 W, 700.00 W, 345 MHz, 2619 MHz, [N/A]
2025/11/27 05:34:04.855, 0, NVIDIA H100 80GB HBM3, P0, 0 %, 0 %, 81559 MiB, 81080 MiB, 0 MiB, 36, 45, 71.32 W, 700.00 W, 700.00 W, 345 MHz, 2619 MHz, [N/A]
2025/11/27 05:34:04.856, 1, NVIDIA H100 80GB HBM3, P0, 0 %, 0 %, 81559 MiB, 81080 MiB, 0 MiB, 41, 48, 73.92 W, 700.00 W, 700.00 W, 345 MHz, 2619 MHz, [N/A]
2025/11/27 05:34:04.857, 2, NVIDIA H100 80GB HBM3, P0, 0 %, 0 %, 81559 MiB, 81080 MiB, 0 MiB, 41, 49, 77.29 W, 700.00 W, 700.00 W, 345 MHz, 2619 MHz, [N/A]
2025/11/27 05:34:04.859, 3, NVIDIA H100 80GB HBM3, P0, 0 %, 0 %, 81559 MiB, 81080 MiB, 0 MiB, 35, 45, 71.82 W, 700.00 W, 700.00 W, 345 MHz, 2619 MHz, [N/A]
2025/11/27 05:34:04.860, 4, NVIDIA H100 80GB HBM3, P0, 0 %, 0 %, 81559 MiB, 81080 MiB, 0 MiB, 35, 41, 70.88 W, 700.00 W, 700.00 W, 345 MHz, 2619 MHz, [N/A]
2025/11/27 05:34:04.861, 5, NVIDIA H100 80GB HBM3, P0, 0 %, 0 %, 81559 MiB, 81080 MiB, 0 MiB, 40, 47, 73.31 W, 700.00 W, 700.00 W, 345 MHz, 2619 MHz, [N/A]
2025/11/27 05:34:04.862, 6, NVIDIA H100 80GB HBM3, P0, 0 %, 0 %, 81559 MiB, 81080 MiB, 0 MiB, 39, 47, 71.25 W, 700.00 W, 700.00 W, 345 MHz, 2619 MHz, [N/A]
2025/11/27 05:34:04.862, 7, NVIDIA H100 80GB HBM3, P0, 0 %, 0 %, 81559 MiB, 81080 MiB, 0 MiB, 36, 45, 71.20 W, 700.00 W, 700.00 W, 345 MHz, 2619 MHz, [N/A]
2025/11/27 05:34:09.864, 0, NVIDIA H100 80GB HBM3, P0, 0 %, 0 %, 81559 MiB, 81080 MiB, 0 MiB, 35, 45, 71.12 W, 700.00 W, 700.00 W, 345 MHz, 2619 MHz, [N/A]
2025/11/27 05:34:09.865, 1, NVIDIA H100 80GB HBM3, P0, 0 %, 0 %, 81559 MiB, 81080 MiB, 0 MiB, 40, 48, 73.81 W, 700.00 W, 700.00 W, 345 MHz, 2619 MHz, [N/A]
2025/11/27 05:34:09.866, 2, NVIDIA H100 80GB HBM3, P0, 0 %, 0 %, 81559 MiB, 81080 MiB, 0 MiB, 40, 48, 76.83 W, 700.00 W, 700.00 W, 345 MHz, 2619 MHz, [N/A]
2025/11/27 05:34:09.867, 3, NVIDIA H100 80GB HBM3, P0, 0 %, 0 %, 81559 MiB, 81080 MiB, 0 MiB, 35, 44, 71.62 W, 700.00 W, 700.00 W, 345 MHz, 2619 MHz, [N/A]
2025/11/27 05:34:09.868, 4, NVIDIA H100 80GB HBM3, P0, 0 %, 0 %, 81559 MiB, 81080 MiB, 0 MiB, 34, 41, 70.69 W, 700.00 W, 700.00 W, 345 MHz, 2619 MHz, [N/A]
2025/11/27 05:34:09.869, 5, NVIDIA H100 80GB HBM3, P0, 0 %, 0 %, 81559 MiB, 81080 MiB, 0 MiB, 39, 46, 73.05 W, 700.00 W, 700.00 W, 345 MHz, 2619 MHz, [N/A]
2025/11/27 05:34:09.870, 6, NVIDIA H100 80GB HBM3, P0, 0 %, 0 %, 81559 MiB, 81080 MiB, 0 MiB, 39, 47, 71.00 W, 700.00 W, 700.00 W, 345 MHz, 2619 MHz, [N/A]
2025/11/27 05:34:09.870, 7, NVIDIA H100 80GB HBM3, P0, 0 %, 0 %, 81559 MiB, 81080 MiB, 0 MiB, 36, 43, 71.13 W, 700.00 W, 700.00 W, 345 MHz, 2619 MHz, [N/A]
