timestamp, index, name, pstate, utilization.gpu [%], utilization.memory [%], memory.total [MiB], memory.free [MiB], memory.used [MiB], temperature.gpu, temperature.memory, power.draw [W], power.limit [W], power.max_limit [W], clocks.current.graphics [MHz], clocks.current.memory [MHz], fan.speed [%]
2025/11/27 04:49:47.193, 0, NVIDIA H100 80GB HBM3, P0, 0 %, 0 %, 81559 MiB, 81080 MiB, 0 MiB, 28, 37, 69.39 W, 700.00 W, 700.00 W, 345 MHz, 2619 MHz, [N/A]
2025/11/27 04:49:47.201, 1, NVIDIA H100 80GB HBM3, P0, 0 %, 0 %, 81559 MiB, 81080 MiB, 0 MiB, 30, 38, 71.09 W, 700.00 W, 700.00 W, 345 MHz, 2619 MHz, [N/A]
2025/11/27 04:49:47.208, 2, NVIDIA H100 80GB HBM3, P0, 0 %, 0 %, 81559 MiB, 81080 MiB, 0 MiB, 29, 36, 72.97 W, 700.00 W, 700.00 W, 345 MHz, 2619 MHz, [N/A]
2025/11/27 04:49:47.215, 3, NVIDIA H100 80GB HBM3, P0, 0 %, 0 %, 81559 MiB, 81080 MiB, 0 MiB, 28, 36, 70.29 W, 700.00 W, 700.00 W, 345 MHz, 2619 MHz, [N/A]
2025/11/27 04:49:47.221, 4, NVIDIA H100 80GB HBM3, P0, 0 %, 0 %, 81559 MiB, 81080 MiB, 0 MiB, 27, 33, 69.05 W, 700.00 W, 700.00 W, 345 MHz, 2619 MHz, [N/A]
2025/11/27 04:49:47.228, 5, NVIDIA H100 80GB HBM3, P0, 0 %, 0 %, 81559 MiB, 81080 MiB, 0 MiB, 29, 35, 70.43 W, 700.00 W, 700.00 W, 345 MHz, 2619 MHz, [N/A]
2025/11/27 04:49:47.235, 6, NVIDIA H100 80GB HBM3, P0, 0 %, 0 %, 81559 MiB, 81080 MiB, 0 MiB, 29, 35, 69.10 W, 700.00 W, 700.00 W, 345 MHz, 2619 MHz, [N/A]
2025/11/27 04:49:47.242, 7, NVIDIA H100 80GB HBM3, P0, 0 %, 0 %, 81559 MiB, 81080 MiB, 0 MiB, 28, 35, 69.57 W, 700.00 W, 700.00 W, 345 MHz, 2619 MHz, [N/A]
2025/11/27 04:49:52.248, 0, NVIDIA H100 80GB HBM3, P0, 0 %, 0 %, 81559 MiB, 81076 MiB, 4 MiB, 28, 37, 69.43 W, 700.00 W, 700.00 W, 345 MHz, 2619 MHz, [N/A]
2025/11/27 04:49:52.258, 1, NVIDIA H100 80GB HBM3, P0, 0 %, 0 %, 81559 MiB, 81076 MiB, 4 MiB, 30, 38, 71.12 W, 700.00 W, 700.00 W, 345 MHz, 2619 MHz, [N/A]
2025/11/27 04:49:52.283, 2, NVIDIA H100 80GB HBM3, P0, 0 %, 0 %, 81559 MiB, 81076 MiB, 4 MiB, 29, 36, 76.75 W, 700.00 W, 700.00 W, 825 MHz, 2619 MHz, [N/A]
2025/11/27 04:49:52.292, 3, NVIDIA H100 80GB HBM3, P0, 0 %, 0 %, 81559 MiB, 81076 MiB, 4 MiB, 28, 37, 73.68 W, 700.00 W, 700.00 W, 825 MHz, 2619 MHz, [N/A]
2025/11/27 04:49:52.317, 4, NVIDIA H100 80GB HBM3, P0, 0 %, 0 %, 81559 MiB, 81076 MiB, 4 MiB, 27, 33, 69.12 W, 700.00 W, 700.00 W, 345 MHz, 2619 MHz, [N/A]
2025/11/27 04:49:52.326, 5, NVIDIA H100 80GB HBM3, P0, 0 %, 0 %, 81559 MiB, 81076 MiB, 4 MiB, 29, 35, 70.54 W, 700.00 W, 700.00 W, 345 MHz, 2619 MHz, [N/A]
2025/11/27 04:49:52.348, 6, NVIDIA H100 80GB HBM3, P0, 0 %, 0 %, 81559 MiB, 81076 MiB, 4 MiB, 29, 35, 70.62 W, 700.00 W, 700.00 W, 795 MHz, 2619 MHz, [N/A]
2025/11/27 04:49:52.349, 7, NVIDIA H100 80GB HBM3, P0, 0 %, 0 %, 81559 MiB, 81076 MiB, 4 MiB, 28, 35, 69.66 W, 700.00 W, 700.00 W, 345 MHz, 2619 MHz, [N/A]
2025/11/27 04:49:57.351, 0, NVIDIA H100 80GB HBM3, P0, 0 %, 0 %, 81559 MiB, 81076 MiB, 4 MiB, 28, 37, 69.42 W, 700.00 W, 700.00 W, 345 MHz, 2619 MHz, [N/A]
2025/11/27 04:49:57.376, 1, NVIDIA H100 80GB HBM3, P0, 0 %, 0 %, 81559 MiB, 81076 MiB, 4 MiB, 30, 38, 71.10 W, 700.00 W, 700.00 W, 345 MHz, 2619 MHz, [N/A]
2025/11/27 04:49:57.377, 2, NVIDIA H100 80GB HBM3, P0, 0 %, 0 %, 81559 MiB, 81076 MiB, 4 MiB, 29, 36, 73.05 W, 700.00 W, 700.00 W, 345 MHz, 2619 MHz, [N/A]
2025/11/27 04:49:57.378, 3, NVIDIA H100 80GB HBM3, P0, 0 %, 0 %, 81559 MiB, 81076 MiB, 4 MiB, 28, 36, 70.31 W, 700.00 W, 700.00 W, 345 MHz, 2619 MHz, [N/A]
2025/11/27 04:49:57.379, 4, NVIDIA H100 80GB HBM3, P0, 0 %, 0 %, 81559 MiB, 81076 MiB, 4 MiB, 27, 33, 69.12 W, 700.00 W, 700.00 W, 345 MHz, 2619 MHz, [N/A]
2025/11/27 04:49:57.391, 5, NVIDIA H100 80GB HBM3, P0, 0 %, 0 %, 81559 MiB, 81076 MiB, 4 MiB, 29, 35, 70.55 W, 700.00 W, 700.00 W, 345 MHz, 2619 MHz, [N/A]
2025/11/27 04:49:57.398, 6, NVIDIA H100 80GB HBM3, P0, 0 %, 0 %, 81559 MiB, 81076 MiB, 4 MiB, 29, 36, 69.11 W, 700.00 W, 700.00 W, 345 MHz, 2619 MHz, [N/A]
2025/11/27 04:49:57.403, 7, NVIDIA H100 80GB HBM3, P0, 0 %, 0 %, 81559 MiB, 81076 MiB, 4 MiB, 28, 35, 69.45 W, 700.00 W, 700.00 W, 345 MHz, 2619 MHz, [N/A]
2025/11/27 04:50:02.408, 0, NVIDIA H100 80GB HBM3, P0, 0 %, 0 %, 81559 MiB, 80549 MiB, 531 MiB, 29, 37, 113.88 W, 700.00 W, 700.00 W, 1980 MHz, 2619 MHz, [N/A]
2025/11/27 04:50:02.409, 1, NVIDIA H100 80GB HBM3, P0, 0 %, 0 %, 81559 MiB, 80549 MiB, 531 MiB, 31, 38, 117.65 W, 700.00 W, 700.00 W, 1980 MHz, 2619 MHz, [N/A]
2025/11/27 04:50:02.410, 2, NVIDIA H100 80GB HBM3, P0, 0 %, 0 %, 81559 MiB, 80549 MiB, 531 MiB, 30, 37, 119.55 W, 700.00 W, 700.00 W, 1980 MHz, 2619 MHz, [N/A]
2025/11/27 04:50:02.410, 3, NVIDIA H100 80GB HBM3, P0, 0 %, 0 %, 81559 MiB, 80549 MiB, 531 MiB, 29, 37, 118.46 W, 700.00 W, 700.00 W, 1980 MHz, 2619 MHz, [N/A]
2025/11/27 04:50:02.411, 4, NVIDIA H100 80GB HBM3, P0, 0 %, 0 %, 81559 MiB, 80549 MiB, 531 MiB, 28, 33, 113.42 W, 700.00 W, 700.00 W, 1980 MHz, 2619 MHz, [N/A]
2025/11/27 04:50:02.411, 5, NVIDIA H100 80GB HBM3, P0, 0 %, 0 %, 81559 MiB, 80549 MiB, 531 MiB, 30, 35, 119.05 W, 700.00 W, 700.00 W, 1980 MHz, 2619 MHz, [N/A]
2025/11/27 04:50:02.412, 6, NVIDIA H100 80GB HBM3, P0, 0 %, 0 %, 81559 MiB, 80549 MiB, 531 MiB, 30, 35, 113.30 W, 700.00 W, 700.00 W, 1980 MHz, 2619 MHz, [N/A]
2025/11/27 04:50:02.412, 7, NVIDIA H100 80GB HBM3, P0, 0 %, 0 %, 81559 MiB, 80549 MiB, 531 MiB, 29, 36, 114.26 W, 700.00 W, 700.00 W, 1980 MHz, 2619 MHz, [N/A]
2025/11/27 04:50:07.414, 0, NVIDIA H100 80GB HBM3, P0, 0 %, 0 %, 81559 MiB, 80549 MiB, 531 MiB, 30, 38, 113.72 W, 700.00 W, 700.00 W, 1980 MHz, 2619 MHz, [N/A]
2025/11/27 04:50:07.415, 1, NVIDIA H100 80GB HBM3, P0, 0 %, 0 %, 81559 MiB, 80549 MiB, 531 MiB, 32, 38, 117.78 W, 700.00 W, 700.00 W, 1980 MHz, 2619 MHz, [N/A]
2025/11/27 04:50:07.415, 2, NVIDIA H100 80GB HBM3, P0, 0 %, 0 %, 81559 MiB, 80549 MiB, 531 MiB, 31, 36, 119.68 W, 700.00 W, 700.00 W, 1980 MHz, 2619 MHz, [N/A]
2025/11/27 04:50:07.416, 3, NVIDIA H100 80GB HBM3, P0, 0 %, 0 %, 81559 MiB, 80549 MiB, 531 MiB, 30, 37, 118.57 W, 700.00 W, 700.00 W, 1980 MHz, 2619 MHz, [N/A]
2025/11/27 04:50:07.417, 4, NVIDIA H100 80GB HBM3, P0, 0 %, 0 %, 81559 MiB, 80549 MiB, 531 MiB, 29, 34, 113.50 W, 700.00 W, 700.00 W, 1980 MHz, 2619 MHz, [N/A]
2025/11/27 04:50:07.417, 5, NVIDIA H100 80GB HBM3, P0, 0 %, 0 %, 81559 MiB, 80549 MiB, 531 MiB, 31, 35, 119.19 W, 700.00 W, 700.00 W, 1980 MHz, 2619 MHz, [N/A]
2025/11/27 04:50:07.418, 6, NVIDIA H100 80GB HBM3, P0, 0 %, 0 %, 81559 MiB, 80549 MiB, 531 MiB, 30, 35, 113.42 W, 700.00 W, 700.00 W, 1980 MHz, 2619 MHz, [N/A]
2025/11/27 04:50:07.418, 7, NVIDIA H100 80GB HBM3, P0, 0 %, 0 %, 81559 MiB, 80549 MiB, 531 MiB, 30, 36, 114.57 W, 700.00 W, 700.00 W, 1980 MHz, 2619 MHz, [N/A]
2025/11/27 04:50:12.420, 0, NVIDIA H100 80GB HBM3, P0, 0 %, 0 %, 81559 MiB, 80549 MiB, 531 MiB, 30, 37, 114.05 W, 700.00 W, 700.00 W, 1980 MHz, 2619 MHz, [N/A]
2025/11/27 04:50:12.421, 1, NVIDIA H100 80GB HBM3, P0, 0 %, 0 %, 81559 MiB, 80549 MiB, 531 MiB, 32, 38, 117.87 W, 700.00 W, 700.00 W, 1980 MHz, 2619 MHz, [N/A]
2025/11/27 04:50:12.421, 2, NVIDIA H100 80GB HBM3, P0, 0 %, 0 %, 81559 MiB, 80549 MiB, 531 MiB, 31, 37, 118.99 W, 700.00 W, 700.00 W, 1980 MHz, 2619 MHz, [N/A]
2025/11/27 04:50:12.422, 3, NVIDIA H100 80GB HBM3, P0, 0 %, 0 %, 81559 MiB, 80549 MiB, 531 MiB, 30, 37, 118.63 W, 700.00 W, 700.00 W, 1980 MHz, 2619 MHz, [N/A]
2025/11/27 04:50:12.423, 4, NVIDIA H100 80GB HBM3, P0, 0 %, 0 %, 81559 MiB, 80549 MiB, 531 MiB, 29, 35, 113.55 W, 700.00 W, 700.00 W, 1980 MHz, 2619 MHz, [N/A]
2025/11/27 04:50:12.423, 5, NVIDIA H100 80GB HBM3, P0, 0 %, 0 %, 81559 MiB, 80549 MiB, 531 MiB, 31, 35, 118.46 W, 700.00 W, 700.00 W, 1980 MHz, 2619 MHz, [N/A]
2025/11/27 04:50:12.424, 6, NVIDIA H100 80GB HBM3, P0, 0 %, 0 %, 81559 MiB, 80549 MiB, 531 MiB, 30, 36, 113.43 W, 700.00 W, 700.00 W, 1980 MHz, 2619 MHz, [N/A]
2025/11/27 04:50:12.425, 7, NVIDIA H100 80GB HBM3, P0, 0 %, 0 %, 81559 MiB, 80549 MiB, 531 MiB, 30, 37, 114.25 W, 700.00 W, 700.00 W, 1980 MHz, 2619 MHz, [N/A]
2025/11/27 04:50:17.426, 0, NVIDIA H100 80GB HBM3, P0, 0 %, 0 %, 81559 MiB, 80549 MiB, 531 MiB, 30, 38, 114.13 W, 700.00 W, 700.00 W, 1980 MHz, 2619 MHz, [N/A]
2025/11/27 04:50:17.427, 1, NVIDIA H100 80GB HBM3, P0, 0 %, 0 %, 81559 MiB, 80549 MiB, 531 MiB, 32, 39, 117.90 W, 700.00 W, 700.00 W, 1980 MHz, 2619 MHz, [N/A]
2025/11/27 04:50:17.427, 2, NVIDIA H100 80GB HBM3, P0, 0 %, 0 %, 81559 MiB, 80549 MiB, 531 MiB, 31, 36, 118.72 W, 700.00 W, 700.00 W, 1980 MHz, 2619 MHz, [N/A]
2025/11/27 04:50:17.428, 3, NVIDIA H100 80GB HBM3, P0, 0 %, 0 %, 81559 MiB, 80549 MiB, 531 MiB, 30, 37, 118.64 W, 700.00 W, 700.00 W, 1980 MHz, 2619 MHz, [N/A]
2025/11/27 04:50:17.429, 4, NVIDIA H100 80GB HBM3, P0, 0 %, 0 %, 81559 MiB, 80549 MiB, 531 MiB, 29, 35, 113.59 W, 700.00 W, 700.00 W, 1980 MHz, 2619 MHz, [N/A]
2025/11/27 04:50:17.429, 5, NVIDIA H100 80GB HBM3, P0, 0 %, 0 %, 81559 MiB, 80549 MiB, 531 MiB, 31, 35, 118.53 W, 700.00 W, 700.00 W, 1980 MHz, 2619 MHz, [N/A]
2025/11/27 04:50:17.430, 6, NVIDIA H100 80GB HBM3, P0, 0 %, 0 %, 81559 MiB, 80549 MiB, 531 MiB, 30, 37, 113.50 W, 700.00 W, 700.00 W, 1980 MHz, 2619 MHz, [N/A]
2025/11/27 04:50:17.430, 7, NVIDIA H100 80GB HBM3, P0, 0 %, 0 %, 81559 MiB, 80549 MiB, 531 MiB, 30, 37, 114.27 W, 700.00 W, 700.00 W, 1980 MHz, 2619 MHz, [N/A]
2025/11/27 04:50:22.431, 0, NVIDIA H100 80GB HBM3, P0, 0 %, 0 %, 81559 MiB, 80549 MiB, 531 MiB, 30, 37, 114.17 W, 700.00 W, 700.00 W, 1980 MHz, 2619 MHz, [N/A]
2025/11/27 04:50:22.432, 1, NVIDIA H100 80GB HBM3, P0, 0 %, 0 %, 81559 MiB, 80549 MiB, 531 MiB, 32, 38, 117.94 W, 700.00 W, 700.00 W, 1980 MHz, 2619 MHz, [N/A]
2025/11/27 04:50:22.433, 2, NVIDIA H100 80GB HBM3, P0, 0 %, 0 %, 81559 MiB, 80549 MiB, 531 MiB, 31, 36, 118.77 W, 700.00 W, 700.00 W, 1980 MHz, 2619 MHz, [N/A]
2025/11/27 04:50:22.433, 3, NVIDIA H100 80GB HBM3, P0, 0 %, 0 %, 81559 MiB, 80549 MiB, 531 MiB, 30, 37, 118.77 W, 700.00 W, 700.00 W, 1980 MHz, 2619 MHz, [N/A]
2025/11/27 04:50:22.434, 4, NVIDIA H100 80GB HBM3, P0, 0 %, 0 %, 81559 MiB, 80549 MiB, 531 MiB, 29, 35, 113.67 W, 700.00 W, 700.00 W, 1980 MHz, 2619 MHz, [N/A]
2025/11/27 04:50:22.434, 5, NVIDIA H100 80GB HBM3, P0, 0 %, 0 %, 81559 MiB, 80549 MiB, 531 MiB, 31, 36, 118.59 W, 700.00 W, 700.00 W, 1980 MHz, 2619 MHz, [N/A]
2025/11/27 04:50:22.435, 6, NVIDIA H100 80GB HBM3, P0, 0 %, 0 %, 81559 MiB, 80549 MiB, 531 MiB, 31, 37, 113.58 W, 700.00 W, 700.00 W, 1980 MHz, 2619 MHz, [N/A]
2025/11/27 04:50:22.435, 7, NVIDIA H100 80GB HBM3, P0, 0 %, 0 %, 81559 MiB, 80549 MiB, 531 MiB, 30, 37, 114.27 W, 700.00 W, 700.00 W, 1980 MHz, 2619 MHz, [N/A]
2025/11/27 04:50:27.436, 0, NVIDIA H100 80GB HBM3, P0, 0 %, 0 %, 81559 MiB, 80549 MiB, 531 MiB, 30, 37, 114.21 W, 700.00 W, 700.00 W, 1980 MHz, 2619 MHz, [N/A]
2025/11/27 04:50:27.437, 1, NVIDIA H100 80GB HBM3, P0, 0 %, 0 %, 81559 MiB, 80549 MiB, 531 MiB, 32, 38, 118.00 W, 700.00 W, 700.00 W, 1980 MHz, 2619 MHz, [N/A]
2025/11/27 04:50:27.438, 2, NVIDIA H100 80GB HBM3, P0, 0 %, 0 %, 81559 MiB, 80549 MiB, 531 MiB, 31, 37, 118.86 W, 700.00 W, 700.00 W, 1980 MHz, 2619 MHz, [N/A]
2025/11/27 04:50:27.439, 3, NVIDIA H100 80GB HBM3, P0, 0 %, 0 %, 81559 MiB, 80549 MiB, 531 MiB, 30, 37, 118.74 W, 700.00 W, 700.00 W, 1980 MHz, 2619 MHz, [N/A]
2025/11/27 04:50:27.439, 4, NVIDIA H100 80GB HBM3, P0, 0 %, 0 %, 81559 MiB, 80549 MiB, 531 MiB, 29, 35, 113.71 W, 700.00 W, 700.00 W, 1980 MHz, 2619 MHz, [N/A]
2025/11/27 04:50:27.440, 5, NVIDIA H100 80GB HBM3, P0, 0 %, 0 %, 81559 MiB, 80549 MiB, 531 MiB, 31, 36, 118.71 W, 700.00 W, 700.00 W, 1980 MHz, 2619 MHz, [N/A]
2025/11/27 04:50:27.440, 6, NVIDIA H100 80GB HBM3, P0, 0 %, 0 %, 81559 MiB, 80549 MiB, 531 MiB, 31, 37, 113.62 W, 700.00 W, 700.00 W, 1980 MHz, 2619 MHz, [N/A]
2025/11/27 04:50:27.441, 7, NVIDIA H100 80GB HBM3, P0, 0 %, 0 %, 81559 MiB, 80549 MiB, 531 MiB, 30, 37, 114.67 W, 700.00 W, 700.00 W, 1980 MHz, 2619 MHz, [N/A]
2025/11/27 04:50:32.442, 0, NVIDIA H100 80GB HBM3, P0, 0 %, 0 %, 81559 MiB, 80549 MiB, 531 MiB, 30, 37, 114.24 W, 700.00 W, 700.00 W, 1980 MHz, 2619 MHz, [N/A]
2025/11/27 04:50:32.443, 1, NVIDIA H100 80GB HBM3, P0, 0 %, 0 %, 81559 MiB, 80549 MiB, 531 MiB, 32, 38, 118.10 W, 700.00 W, 700.00 W, 1980 MHz, 2619 MHz, [N/A]
2025/11/27 04:50:32.444, 2, NVIDIA H100 80GB HBM3, P0, 0 %, 0 %, 81559 MiB, 80549 MiB, 531 MiB, 32, 38, 118.97 W, 700.00 W, 700.00 W, 1980 MHz, 2619 MHz, [N/A]
2025/11/27 04:50:32.444, 3, NVIDIA H100 80GB HBM3, P0, 0 %, 0 %, 81559 MiB, 80549 MiB, 531 MiB, 30, 38, 118.78 W, 700.00 W, 700.00 W, 1980 MHz, 2619 MHz, [N/A]
2025/11/27 04:50:32.445, 4, NVIDIA H100 80GB HBM3, P0, 0 %, 0 %, 81559 MiB, 80549 MiB, 531 MiB, 29, 35, 113.68 W, 700.00 W, 700.00 W, 1980 MHz, 2619 MHz, [N/A]
2025/11/27 04:50:32.445, 5, NVIDIA H100 80GB HBM3, P0, 0 %, 0 %, 81559 MiB, 80549 MiB, 531 MiB, 31, 36, 118.77 W, 700.00 W, 700.00 W, 1980 MHz, 2619 MHz, [N/A]
2025/11/27 04:50:32.446, 6, NVIDIA H100 80GB HBM3, P0, 0 %, 0 %, 81559 MiB, 80549 MiB, 531 MiB, 31, 37, 113.67 W, 700.00 W, 700.00 W, 1980 MHz, 2619 MHz, [N/A]
2025/11/27 04:50:32.447, 7, NVIDIA H100 80GB HBM3, P0, 0 %, 0 %, 81559 MiB, 80549 MiB, 531 MiB, 30, 37, 114.33 W, 700.00 W, 700.00 W, 1980 MHz, 2619 MHz, [N/A]
2025/11/27 04:50:37.448, 0, NVIDIA H100 80GB HBM3, P0, 0 %, 0 %, 81559 MiB, 80549 MiB, 531 MiB, 30, 37, 114.25 W, 700.00 W, 700.00 W, 1980 MHz, 2619 MHz, [N/A]
2025/11/27 04:50:37.449, 1, NVIDIA H100 80GB HBM3, P0, 0 %, 0 %, 81559 MiB, 80549 MiB, 531 MiB, 32, 39, 118.12 W, 700.00 W, 700.00 W, 1980 MHz, 2619 MHz, [N/A]
2025/11/27 04:50:37.450, 2, NVIDIA H100 80GB HBM3, P0, 0 %, 0 %, 81559 MiB, 80549 MiB, 531 MiB, 32, 38, 118.99 W, 700.00 W, 700.00 W, 1980 MHz, 2619 MHz, [N/A]
2025/11/27 04:50:37.451, 3, NVIDIA H100 80GB HBM3, P0, 0 %, 0 %, 81559 MiB, 80549 MiB, 531 MiB, 30, 38, 118.81 W, 700.00 W, 700.00 W, 1980 MHz, 2619 MHz, [N/A]
2025/11/27 04:50:37.451, 4, NVIDIA H100 80GB HBM3, P0, 0 %, 0 %, 81559 MiB, 80549 MiB, 531 MiB, 29, 35, 113.73 W, 700.00 W, 700.00 W, 1980 MHz, 2619 MHz, [N/A]
2025/11/27 04:50:37.452, 5, NVIDIA H100 80GB HBM3, P0, 0 %, 0 %, 81559 MiB, 80549 MiB, 531 MiB, 31, 36, 118.78 W, 700.00 W, 700.00 W, 1980 MHz, 2619 MHz, [N/A]
2025/11/27 04:50:37.452, 6, NVIDIA H100 80GB HBM3, P0, 0 %, 0 %, 81559 MiB, 80549 MiB, 531 MiB, 31, 37, 113.71 W, 700.00 W, 700.00 W, 1980 MHz, 2619 MHz, [N/A]
2025/11/27 04:50:37.453, 7, NVIDIA H100 80GB HBM3, P0, 0 %, 0 %, 81559 MiB, 80549 MiB, 531 MiB, 30, 37, 114.51 W, 700.00 W, 700.00 W, 1980 MHz, 2619 MHz, [N/A]
2025/11/27 04:50:42.454, 0, NVIDIA H100 80GB HBM3, P0, 0 %, 0 %, 81559 MiB, 80549 MiB, 531 MiB, 30, 37, 114.21 W, 700.00 W, 700.00 W, 1980 MHz, 2619 MHz, [N/A]
2025/11/27 04:50:42.454, 1, NVIDIA H100 80GB HBM3, P0, 0 %, 0 %, 81559 MiB, 80455 MiB, 625 MiB, 33, 38, 118.22 W, 700.00 W, 700.00 W, 1980 MHz, 2619 MHz, [N/A]
2025/11/27 04:50:42.455, 2, NVIDIA H100 80GB HBM3, P0, 0 %, 0 %, 81559 MiB, 80455 MiB, 625 MiB, 32, 38, 119.14 W, 700.00 W, 700.00 W, 1980 MHz, 2619 MHz, [N/A]
2025/11/27 04:50:42.456, 3, NVIDIA H100 80GB HBM3, P0, 0 %, 0 %, 81559 MiB, 80549 MiB, 531 MiB, 30, 37, 118.80 W, 700.00 W, 700.00 W, 1980 MHz, 2619 MHz, [N/A]
2025/11/27 04:50:42.457, 4, NVIDIA H100 80GB HBM3, P0, 0 %, 0 %, 81559 MiB, 80549 MiB, 531 MiB, 29, 35, 113.72 W, 700.00 W, 700.00 W, 1980 MHz, 2619 MHz, [N/A]
2025/11/27 04:50:42.457, 5, NVIDIA H100 80GB HBM3, P0, 0 %, 0 %, 81559 MiB, 80549 MiB, 531 MiB, 31, 36, 118.83 W, 700.00 W, 700.00 W, 1980 MHz, 2619 MHz, [N/A]
2025/11/27 04:50:42.458, 6, NVIDIA H100 80GB HBM3, P0, 0 %, 0 %, 81559 MiB, 80549 MiB, 531 MiB, 31, 37, 113.74 W, 700.00 W, 700.00 W, 1980 MHz, 2619 MHz, [N/A]
2025/11/27 04:50:42.458, 7, NVIDIA H100 80GB HBM3, P0, 0 %, 0 %, 81559 MiB, 80549 MiB, 531 MiB, 30, 37, 114.62 W, 700.00 W, 700.00 W, 1980 MHz, 2619 MHz, [N/A]
2025/11/27 04:50:47.459, 0, NVIDIA H100 80GB HBM3, P0, 0 %, 0 %, 81559 MiB, 80549 MiB, 531 MiB, 30, 37, 114.21 W, 700.00 W, 700.00 W, 1980 MHz, 2619 MHz, [N/A]
2025/11/27 04:50:47.460, 1, NVIDIA H100 80GB HBM3, P0, 0 %, 0 %, 81559 MiB, 80455 MiB, 625 MiB, 33, 39, 118.20 W, 700.00 W, 700.00 W, 1980 MHz, 2619 MHz, [N/A]
2025/11/27 04:50:47.461, 2, NVIDIA H100 80GB HBM3, P0, 0 %, 0 %, 81559 MiB, 80455 MiB, 625 MiB, 32, 38, 119.20 W, 700.00 W, 700.00 W, 1980 MHz, 2619 MHz, [N/A]
2025/11/27 04:50:47.461, 3, NVIDIA H100 80GB HBM3, P0, 0 %, 0 %, 81559 MiB, 80549 MiB, 531 MiB, 30, 37, 118.84 W, 700.00 W, 700.00 W, 1980 MHz, 2619 MHz, [N/A]
2025/11/27 04:50:47.462, 4, NVIDIA H100 80GB HBM3, P0, 0 %, 0 %, 81559 MiB, 80549 MiB, 531 MiB, 29, 35, 113.75 W, 700.00 W, 700.00 W, 1980 MHz, 2619 MHz, [N/A]
2025/11/27 04:50:47.463, 5, NVIDIA H100 80GB HBM3, P0, 0 %, 0 %, 81559 MiB, 80455 MiB, 625 MiB, 32, 37, 118.86 W, 700.00 W, 700.00 W, 1980 MHz, 2619 MHz, [N/A]
2025/11/27 04:50:47.463, 6, NVIDIA H100 80GB HBM3, P0, 0 %, 0 %, 81559 MiB, 80549 MiB, 531 MiB, 31, 37, 113.77 W, 700.00 W, 700.00 W, 1980 MHz, 2619 MHz, [N/A]
2025/11/27 04:50:47.464, 7, NVIDIA H100 80GB HBM3, P0, 0 %, 0 %, 81559 MiB, 80549 MiB, 531 MiB, 30, 37, 114.37 W, 700.00 W, 700.00 W, 1980 MHz, 2619 MHz, [N/A]
2025/11/27 04:50:52.466, 0, NVIDIA H100 80GB HBM3, P0, 0 %, 0 %, 81559 MiB, 80549 MiB, 531 MiB, 30, 37, 114.25 W, 700.00 W, 700.00 W, 1980 MHz, 2619 MHz, [N/A]
2025/11/27 04:50:52.466, 1, NVIDIA H100 80GB HBM3, P0, 0 %, 0 %, 81559 MiB, 80455 MiB, 625 MiB, 33, 38, 118.23 W, 700.00 W, 700.00 W, 1980 MHz, 2619 MHz, [N/A]
2025/11/27 04:50:52.467, 2, NVIDIA H100 80GB HBM3, P0, 0 %, 0 %, 81559 MiB, 80455 MiB, 625 MiB, 32, 38, 119.21 W, 700.00 W, 700.00 W, 1980 MHz, 2619 MHz, [N/A]
2025/11/27 04:50:52.468, 3, NVIDIA H100 80GB HBM3, P0, 0 %, 0 %, 81559 MiB, 80455 MiB, 625 MiB, 30, 37, 118.86 W, 700.00 W, 700.00 W, 1980 MHz, 2619 MHz, [N/A]
2025/11/27 04:50:52.468, 4, NVIDIA H100 80GB HBM3, P0, 0 %, 0 %, 81559 MiB, 80455 MiB, 625 MiB, 29, 35, 113.77 W, 700.00 W, 700.00 W, 1980 MHz, 2619 MHz, [N/A]
2025/11/27 04:50:52.469, 5, NVIDIA H100 80GB HBM3, P0, 0 %, 0 %, 81559 MiB, 80455 MiB, 625 MiB, 32, 37, 118.88 W, 700.00 W, 700.00 W, 1980 MHz, 2619 MHz, [N/A]
2025/11/27 04:50:52.470, 6, NVIDIA H100 80GB HBM3, P0, 0 %, 0 %, 81559 MiB, 80455 MiB, 625 MiB, 31, 37, 113.86 W, 700.00 W, 700.00 W, 1980 MHz, 2619 MHz, [N/A]
2025/11/27 04:50:52.470, 7, NVIDIA H100 80GB HBM3, P0, 0 %, 0 %, 81559 MiB, 80455 MiB, 625 MiB, 30, 37, 114.50 W, 700.00 W, 700.00 W, 1980 MHz, 2619 MHz, [N/A]
2025/11/27 04:50:57.471, 0, NVIDIA H100 80GB HBM3, P0, 13 %, 0 %, 81559 MiB, 77057 MiB, 4023 MiB, 30, 37, 115.32 W, 700.00 W, 700.00 W, 1980 MHz, 2619 MHz, [N/A]
2025/11/27 04:50:57.474, 1, NVIDIA H100 80GB HBM3, P0, 0 %, 0 %, 81559 MiB, 79559 MiB, 1521 MiB, 33, 38, 118.59 W, 700.00 W, 700.00 W, 1980 MHz, 2619 MHz, [N/A]
2025/11/27 04:50:57.476, 2, NVIDIA H100 80GB HBM3, P0, 0 %, 0 %, 81559 MiB, 79399 MiB, 1681 MiB, 32, 38, 119.58 W, 700.00 W, 700.00 W, 1980 MHz, 2619 MHz, [N/A]
2025/11/27 04:50:57.477, 3, NVIDIA H100 80GB HBM3, P0, 0 %, 0 %, 81559 MiB, 79559 MiB, 1521 MiB, 30, 37, 119.25 W, 700.00 W, 700.00 W, 1980 MHz, 2619 MHz, [N/A]
2025/11/27 04:50:57.480, 4, NVIDIA H100 80GB HBM3, P0, 0 %, 0 %, 81559 MiB, 79559 MiB, 1521 MiB, 29, 35, 114.06 W, 700.00 W, 700.00 W, 1980 MHz, 2619 MHz, [N/A]
2025/11/27 04:50:57.480, 5, NVIDIA H100 80GB HBM3, P0, 0 %, 0 %, 81559 MiB, 79479 MiB, 1601 MiB, 32, 37, 119.26 W, 700.00 W, 700.00 W, 1980 MHz, 2619 MHz, [N/A]
2025/11/27 04:50:57.483, 6, NVIDIA H100 80GB HBM3, P0, 0 %, 0 %, 81559 MiB, 79559 MiB, 1521 MiB, 31, 37, 114.11 W, 700.00 W, 700.00 W, 1980 MHz, 2619 MHz, [N/A]
2025/11/27 04:50:57.484, 7, NVIDIA H100 80GB HBM3, P0, 0 %, 0 %, 81559 MiB, 79559 MiB, 1521 MiB, 30, 37, 115.09 W, 700.00 W, 700.00 W, 1980 MHz, 2619 MHz, [N/A]
2025/11/27 04:51:02.486, 0, NVIDIA H100 80GB HBM3, P0, 17 %, 0 %, 81559 MiB, 75785 MiB, 5295 MiB, 31, 39, 135.53 W, 700.00 W, 700.00 W, 1980 MHz, 2619 MHz, [N/A]
2025/11/27 04:51:02.487, 1, NVIDIA H100 80GB HBM3, P0, 53 %, 3 %, 81559 MiB, 75891 MiB, 5189 MiB, 33, 38, 138.51 W, 700.00 W, 700.00 W, 1980 MHz, 2619 MHz, [N/A]
2025/11/27 04:51:02.489, 2, NVIDIA H100 80GB HBM3, P0, 9 %, 0 %, 81559 MiB, 75891 MiB, 5189 MiB, 32, 38, 135.58 W, 700.00 W, 700.00 W, 1980 MHz, 2619 MHz, [N/A]
2025/11/27 04:51:02.491, 3, NVIDIA H100 80GB HBM3, P0, 8 %, 0 %, 81559 MiB, 75891 MiB, 5189 MiB, 31, 37, 134.62 W, 700.00 W, 700.00 W, 1980 MHz, 2619 MHz, [N/A]
2025/11/27 04:51:02.492, 4, NVIDIA H100 80GB HBM3, P0, 9 %, 0 %, 81559 MiB, 75891 MiB, 5189 MiB, 29, 35, 127.04 W, 700.00 W, 700.00 W, 1980 MHz, 2619 MHz, [N/A]
2025/11/27 04:51:02.495, 5, NVIDIA H100 80GB HBM3, P0, 23 %, 1 %, 81559 MiB, 75891 MiB, 5189 MiB, 32, 37, 132.47 W, 700.00 W, 700.00 W, 1980 MHz, 2619 MHz, [N/A]
2025/11/27 04:51:02.496, 6, NVIDIA H100 80GB HBM3, P0, 8 %, 0 %, 81559 MiB, 75891 MiB, 5189 MiB, 32, 37, 126.96 W, 700.00 W, 700.00 W, 1980 MHz, 2619 MHz, [N/A]
2025/11/27 04:51:02.500, 7, NVIDIA H100 80GB HBM3, P0, 9 %, 0 %, 81559 MiB, 75891 MiB, 5189 MiB, 31, 37, 129.70 W, 700.00 W, 700.00 W, 1980 MHz, 2619 MHz, [N/A]
2025/11/27 04:51:07.501, 0, NVIDIA H100 80GB HBM3, P0, 7 %, 0 %, 81559 MiB, 70399 MiB, 10681 MiB, 30, 38, 115.37 W, 700.00 W, 700.00 W, 1980 MHz, 2619 MHz, [N/A]
2025/11/27 04:51:07.502, 1, NVIDIA H100 80GB HBM3, P0, 100 %, 0 %, 81559 MiB, 62377 MiB, 18703 MiB, 33, 40, 121.63 W, 700.00 W, 700.00 W, 1980 MHz, 2619 MHz, [N/A]
2025/11/27 04:51:07.505, 2, NVIDIA H100 80GB HBM3, P0, 100 %, 0 %, 81559 MiB, 62377 MiB, 18703 MiB, 32, 38, 122.50 W, 700.00 W, 700.00 W, 1980 MHz, 2619 MHz, [N/A]
2025/11/27 04:51:07.505, 3, NVIDIA H100 80GB HBM3, P0, 8 %, 0 %, 81559 MiB, 62377 MiB, 18703 MiB, 30, 37, 121.76 W, 700.00 W, 700.00 W, 1980 MHz, 2619 MHz, [N/A]
2025/11/27 04:51:07.506, 4, NVIDIA H100 80GB HBM3, P0, 100 %, 0 %, 81559 MiB, 62377 MiB, 18703 MiB, 29, 35, 117.20 W, 700.00 W, 700.00 W, 1980 MHz, 2619 MHz, [N/A]
2025/11/27 04:51:07.506, 5, NVIDIA H100 80GB HBM3, P0, 100 %, 0 %, 81559 MiB, 62377 MiB, 18703 MiB, 32, 37, 122.23 W, 700.00 W, 700.00 W, 1980 MHz, 2619 MHz, [N/A]
2025/11/27 04:51:07.507, 6, NVIDIA H100 80GB HBM3, P0, 8 %, 0 %, 81559 MiB, 62377 MiB, 18703 MiB, 31, 38, 116.92 W, 700.00 W, 700.00 W, 1980 MHz, 2619 MHz, [N/A]
2025/11/27 04:51:07.507, 7, NVIDIA H100 80GB HBM3, P0, 100 %, 0 %, 81559 MiB, 62377 MiB, 18703 MiB, 31, 38, 117.12 W, 700.00 W, 700.00 W, 1980 MHz, 2619 MHz, [N/A]
2025/11/27 04:51:12.509, 0, NVIDIA H100 80GB HBM3, P0, 96 %, 28 %, 81559 MiB, 48329 MiB, 32751 MiB, 35, 43, 308.33 W, 700.00 W, 700.00 W, 1980 MHz, 2619 MHz, [N/A]
2025/11/27 04:51:12.514, 1, NVIDIA H100 80GB HBM3, P0, 20 %, 10 %, 81559 MiB, 45947 MiB, 35133 MiB, 38, 45, 321.86 W, 700.00 W, 700.00 W, 1980 MHz, 2619 MHz, [N/A]
2025/11/27 04:51:12.515, 2, NVIDIA H100 80GB HBM3, P0, 91 %, 38 %, 81559 MiB, 47423 MiB, 33657 MiB, 37, 42, 325.30 W, 700.00 W, 700.00 W, 1980 MHz, 2619 MHz, [N/A]
2025/11/27 04:51:12.517, 3, NVIDIA H100 80GB HBM3, P0, 60 %, 20 %, 81559 MiB, 48593 MiB, 32487 MiB, 34, 42, 320.13 W, 700.00 W, 700.00 W, 1980 MHz, 2619 MHz, [N/A]
2025/11/27 04:51:12.520, 4, NVIDIA H100 80GB HBM3, P0, 97 %, 29 %, 81559 MiB, 46895 MiB, 34185 MiB, 33, 39, 293.87 W, 700.00 W, 700.00 W, 1980 MHz, 2619 MHz, [N/A]
2025/11/27 04:51:12.522, 5, NVIDIA H100 80GB HBM3, P0, 92 %, 26 %, 81559 MiB, 44907 MiB, 36173 MiB, 38, 45, 352.48 W, 700.00 W, 700.00 W, 1980 MHz, 2619 MHz, [N/A]
2025/11/27 04:51:12.523, 6, NVIDIA H100 80GB HBM3, P0, 69 %, 50 %, 81559 MiB, 44933 MiB, 36147 MiB, 37, 43, 337.33 W, 700.00 W, 700.00 W, 1980 MHz, 2619 MHz, [N/A]
2025/11/27 04:51:12.527, 7, NVIDIA H100 80GB HBM3, P0, 67 %, 33 %, 81559 MiB, 37361 MiB, 43719 MiB, 36, 41, 334.31 W, 700.00 W, 700.00 W, 1980 MHz, 2619 MHz, [N/A]
2025/11/27 04:51:17.529, 0, NVIDIA H100 80GB HBM3, P0, 32 %, 14 %, 81559 MiB, 40725 MiB, 40355 MiB, 39, 47, 341.67 W, 700.00 W, 700.00 W, 1980 MHz, 2619 MHz, [N/A]
2025/11/27 04:51:17.531, 1, NVIDIA H100 80GB HBM3, P0, 92 %, 33 %, 81559 MiB, 44785 MiB, 36295 MiB, 38, 44, 337.44 W, 700.00 W, 700.00 W, 1980 MHz, 2619 MHz, [N/A]
2025/11/27 04:51:17.532, 2, NVIDIA H100 80GB HBM3, P0, 38 %, 10 %, 81559 MiB, 47417 MiB, 33663 MiB, 40, 48, 359.96 W, 700.00 W, 700.00 W, 1980 MHz, 2619 MHz, [N/A]
2025/11/27 04:51:17.533, 3, NVIDIA H100 80GB HBM3, P0, 44 %, 21 %, 81559 MiB, 44429 MiB, 36651 MiB, 38, 49, 332.60 W, 700.00 W, 700.00 W, 1980 MHz, 2619 MHz, [N/A]
2025/11/27 04:51:17.534, 4, NVIDIA H100 80GB HBM3, P0, 29 %, 11 %, 81559 MiB, 42829 MiB, 38251 MiB, 36, 44, 341.10 W, 700.00 W, 700.00 W, 1980 MHz, 2619 MHz, [N/A]
2025/11/27 04:51:17.535, 5, NVIDIA H100 80GB HBM3, P0, 58 %, 20 %, 81559 MiB, 44893 MiB, 36187 MiB, 37, 41, 352.77 W, 700.00 W, 700.00 W, 1980 MHz, 2619 MHz, [N/A]
2025/11/27 04:51:17.536, 6, NVIDIA H100 80GB HBM3, P0, 46 %, 31 %, 81559 MiB, 43737 MiB, 37343 MiB, 38, 45, 345.32 W, 700.00 W, 700.00 W, 1980 MHz, 2619 MHz, [N/A]
2025/11/27 04:51:17.537, 7, NVIDIA H100 80GB HBM3, P0, 75 %, 22 %, 81559 MiB, 37359 MiB, 43721 MiB, 40, 48, 344.37 W, 700.00 W, 700.00 W, 1980 MHz, 2619 MHz, [N/A]
2025/11/27 04:51:22.538, 0, NVIDIA H100 80GB HBM3, P0, 93 %, 25 %, 81559 MiB, 40719 MiB, 40361 MiB, 39, 47, 347.17 W, 700.00 W, 700.00 W, 1980 MHz, 2619 MHz, [N/A]
2025/11/27 04:51:22.540, 1, NVIDIA H100 80GB HBM3, P0, 91 %, 60 %, 81559 MiB, 43527 MiB, 37553 MiB, 39, 47, 319.06 W, 700.00 W, 700.00 W, 1980 MHz, 2619 MHz, [N/A]
2025/11/27 04:51:22.540, 2, NVIDIA H100 80GB HBM3, P0, 38 %, 21 %, 81559 MiB, 46413 MiB, 34667 MiB, 41, 48, 372.51 W, 700.00 W, 700.00 W, 1980 MHz, 2619 MHz, [N/A]
2025/11/27 04:51:22.541, 3, NVIDIA H100 80GB HBM3, P0, 46 %, 16 %, 81559 MiB, 44425 MiB, 36655 MiB, 39, 48, 353.28 W, 700.00 W, 700.00 W, 1980 MHz, 2619 MHz, [N/A]
2025/11/27 04:51:22.542, 4, NVIDIA H100 80GB HBM3, P0, 62 %, 24 %, 81559 MiB, 42827 MiB, 38253 MiB, 38, 45, 356.09 W, 700.00 W, 700.00 W, 1980 MHz, 2619 MHz, [N/A]
2025/11/27 04:51:22.542, 5, NVIDIA H100 80GB HBM3, P0, 69 %, 43 %, 81559 MiB, 44889 MiB, 36191 MiB, 38, 43, 343.02 W, 700.00 W, 700.00 W, 1980 MHz, 2619 MHz, [N/A]
2025/11/27 04:51:22.543, 6, NVIDIA H100 80GB HBM3, P0, 62 %, 20 %, 81559 MiB, 43735 MiB, 37345 MiB, 39, 45, 332.10 W, 700.00 W, 700.00 W, 1980 MHz, 2619 MHz, [N/A]
2025/11/27 04:51:22.543, 7, NVIDIA H100 80GB HBM3, P0, 99 %, 13 %, 81559 MiB, 37355 MiB, 43725 MiB, 39, 47, 372.16 W, 700.00 W, 700.00 W, 1980 MHz, 2619 MHz, [N/A]
2025/11/27 04:51:27.545, 0, NVIDIA H100 80GB HBM3, P0, 89 %, 32 %, 81559 MiB, 40701 MiB, 40379 MiB, 41, 49, 356.66 W, 700.00 W, 700.00 W, 1980 MHz, 2619 MHz, [N/A]
2025/11/27 04:51:27.550, 1, NVIDIA H100 80GB HBM3, P0, 87 %, 51 %, 81559 MiB, 43523 MiB, 37557 MiB, 43, 51, 370.56 W, 700.00 W, 700.00 W, 1980 MHz, 2619 MHz, [N/A]
2025/11/27 04:51:27.554, 2, NVIDIA H100 80GB HBM3, P0, 98 %, 53 %, 81559 MiB, 39973 MiB, 41107 MiB, 46, 53, 391.62 W, 700.00 W, 700.00 W, 1980 MHz, 2619 MHz, [N/A]
2025/11/27 04:51:27.554, 3, NVIDIA H100 80GB HBM3, P0, 99 %, 52 %, 81559 MiB, 44421 MiB, 36659 MiB, 40, 51, 341.42 W, 700.00 W, 700.00 W, 1980 MHz, 2619 MHz, [N/A]
2025/11/27 04:51:27.558, 4, NVIDIA H100 80GB HBM3, P0, 63 %, 32 %, 81559 MiB, 42821 MiB, 38259 MiB, 38, 46, 317.77 W, 700.00 W, 700.00 W, 1980 MHz, 2619 MHz, [N/A]
2025/11/27 04:51:27.562, 5, NVIDIA H100 80GB HBM3, P0, 61 %, 21 %, 81559 MiB, 44887 MiB, 36193 MiB, 41, 49, 363.15 W, 700.00 W, 700.00 W, 1980 MHz, 2619 MHz, [N/A]
2025/11/27 04:51:27.564, 6, NVIDIA H100 80GB HBM3, P0, 100 %, 59 %, 81559 MiB, 43731 MiB, 37349 MiB, 41, 50, 359.03 W, 700.00 W, 700.00 W, 1980 MHz, 2619 MHz, [N/A]
2025/11/27 04:51:27.566, 7, NVIDIA H100 80GB HBM3, P0, 100 %, 54 %, 81559 MiB, 37351 MiB, 43729 MiB, 41, 49, 361.60 W, 700.00 W, 700.00 W, 1980 MHz, 2619 MHz, [N/A]
2025/11/27 04:51:32.567, 0, NVIDIA H100 80GB HBM3, P0, 94 %, 30 %, 81559 MiB, 40697 MiB, 40383 MiB, 40, 49, 363.79 W, 700.00 W, 700.00 W, 1980 MHz, 2619 MHz, [N/A]
2025/11/27 04:51:32.568, 1, NVIDIA H100 80GB HBM3, P0, 96 %, 26 %, 81559 MiB, 43519 MiB, 37561 MiB, 42, 51, 316.06 W, 700.00 W, 700.00 W, 1980 MHz, 2619 MHz, [N/A]
2025/11/27 04:51:32.569, 2, NVIDIA H100 80GB HBM3, P0, 89 %, 23 %, 81559 MiB, 39969 MiB, 41111 MiB, 43, 50, 357.16 W, 700.00 W, 700.00 W, 1980 MHz, 2619 MHz, [N/A]
2025/11/27 04:51:32.569, 3, NVIDIA H100 80GB HBM3, P0, 43 %, 18 %, 81559 MiB, 38877 MiB, 42203 MiB, 42, 50, 361.95 W, 700.00 W, 700.00 W, 1980 MHz, 2619 MHz, [N/A]
2025/11/27 04:51:32.570, 4, NVIDIA H100 80GB HBM3, P0, 63 %, 29 %, 81559 MiB, 42817 MiB, 38263 MiB, 39, 46, 334.07 W, 700.00 W, 700.00 W, 1980 MHz, 2619 MHz, [N/A]
2025/11/27 04:51:32.570, 5, NVIDIA H100 80GB HBM3, P0, 93 %, 49 %, 81559 MiB, 38241 MiB, 42839 MiB, 40, 46, 353.72 W, 700.00 W, 700.00 W, 1980 MHz, 2619 MHz, [N/A]
2025/11/27 04:51:32.571, 6, NVIDIA H100 80GB HBM3, P0, 33 %, 18 %, 81559 MiB, 43727 MiB, 37353 MiB, 42, 50, 350.47 W, 700.00 W, 700.00 W, 1980 MHz, 2619 MHz, [N/A]
2025/11/27 04:51:32.572, 7, NVIDIA H100 80GB HBM3, P0, 68 %, 14 %, 81559 MiB, 37347 MiB, 43733 MiB, 40, 47, 339.93 W, 700.00 W, 700.00 W, 1980 MHz, 2619 MHz, [N/A]
2025/11/27 04:51:37.573, 0, NVIDIA H100 80GB HBM3, P0, 62 %, 38 %, 81559 MiB, 40695 MiB, 40385 MiB, 40, 49, 337.23 W, 700.00 W, 700.00 W, 1980 MHz, 2619 MHz, [N/A]
2025/11/27 04:51:37.574, 1, NVIDIA H100 80GB HBM3, P0, 54 %, 30 %, 81559 MiB, 43517 MiB, 37563 MiB, 43, 51, 361.37 W, 700.00 W, 700.00 W, 1980 MHz, 2619 MHz, [N/A]
2025/11/27 04:51:37.576, 2, NVIDIA H100 80GB HBM3, P0, 46 %, 33 %, 81559 MiB, 39957 MiB, 41123 MiB, 44, 51, 377.34 W, 700.00 W, 700.00 W, 1980 MHz, 2619 MHz, [N/A]
2025/11/27 04:51:37.576, 3, NVIDIA H100 80GB HBM3, P0, 47 %, 20 %, 81559 MiB, 38875 MiB, 42205 MiB, 40, 49, 377.95 W, 700.00 W, 700.00 W, 1980 MHz, 2619 MHz, [N/A]
2025/11/27 04:51:37.577, 4, NVIDIA H100 80GB HBM3, P0, 95 %, 40 %, 81559 MiB, 42815 MiB, 38265 MiB, 39, 46, 378.91 W, 700.00 W, 700.00 W, 1980 MHz, 2619 MHz, [N/A]
2025/11/27 04:51:37.578, 5, NVIDIA H100 80GB HBM3, P0, 94 %, 59 %, 81559 MiB, 38239 MiB, 42841 MiB, 42, 47, 371.51 W, 700.00 W, 700.00 W, 1980 MHz, 2619 MHz, [N/A]
2025/11/27 04:51:37.579, 6, NVIDIA H100 80GB HBM3, P0, 96 %, 14 %, 81559 MiB, 43725 MiB, 37355 MiB, 42, 50, 354.24 W, 700.00 W, 700.00 W, 1980 MHz, 2619 MHz, [N/A]
2025/11/27 04:51:37.580, 7, NVIDIA H100 80GB HBM3, P0, 97 %, 23 %, 81559 MiB, 37345 MiB, 43735 MiB, 42, 49, 354.44 W, 700.00 W, 700.00 W, 1980 MHz, 2619 MHz, [N/A]
2025/11/27 04:51:42.581, 0, NVIDIA H100 80GB HBM3, P0, 97 %, 31 %, 81559 MiB, 40691 MiB, 40389 MiB, 41, 49, 338.24 W, 700.00 W, 700.00 W, 1980 MHz, 2619 MHz, [N/A]
2025/11/27 04:51:42.583, 1, NVIDIA H100 80GB HBM3, P0, 100 %, 37 %, 81559 MiB, 42161 MiB, 38919 MiB, 42, 48, 352.88 W, 700.00 W, 700.00 W, 1980 MHz, 2619 MHz, [N/A]
2025/11/27 04:51:42.584, 2, NVIDIA H100 80GB HBM3, P0, 97 %, 35 %, 81559 MiB, 39953 MiB, 41127 MiB, 44, 50, 348.16 W, 700.00 W, 700.00 W, 1980 MHz, 2619 MHz, [N/A]
2025/11/27 04:51:42.584, 3, NVIDIA H100 80GB HBM3, P0, 41 %, 20 %, 81559 MiB, 38871 MiB, 42209 MiB, 39, 48, 334.37 W, 700.00 W, 700.00 W, 1980 MHz, 2619 MHz, [N/A]
2025/11/27 04:51:42.585, 4, NVIDIA H100 80GB HBM3, P0, 96 %, 46 %, 81559 MiB, 42811 MiB, 38269 MiB, 40, 47, 381.16 W, 700.00 W, 700.00 W, 1980 MHz, 2619 MHz, [N/A]
2025/11/27 04:51:42.586, 5, NVIDIA H100 80GB HBM3, P0, 100 %, 58 %, 81559 MiB, 38235 MiB, 42845 MiB, 44, 50, 401.49 W, 700.00 W, 700.00 W, 1980 MHz, 2619 MHz, [N/A]
2025/11/27 04:51:42.587, 6, NVIDIA H100 80GB HBM3, P0, 60 %, 21 %, 81559 MiB, 43721 MiB, 37359 MiB, 44, 51, 360.85 W, 700.00 W, 700.00 W, 1980 MHz, 2619 MHz, [N/A]
2025/11/27 04:51:42.588, 7, NVIDIA H100 80GB HBM3, P0, 66 %, 22 %, 81559 MiB, 37341 MiB, 43739 MiB, 40, 48, 336.36 W, 700.00 W, 700.00 W, 1980 MHz, 2619 MHz, [N/A]
2025/11/27 04:51:47.589, 0, NVIDIA H100 80GB HBM3, P0, 63 %, 14 %, 81559 MiB, 40689 MiB, 40391 MiB, 44, 54, 354.61 W, 700.00 W, 700.00 W, 1980 MHz, 2619 MHz, [N/A]
2025/11/27 04:51:47.591, 1, NVIDIA H100 80GB HBM3, P0, 95 %, 72 %, 81559 MiB, 42157 MiB, 38923 MiB, 48, 56, 415.37 W, 700.00 W, 700.00 W, 1980 MHz, 2619 MHz, [N/A]
2025/11/27 04:51:47.592, 2, NVIDIA H100 80GB HBM3, P0, 96 %, 14 %, 81559 MiB, 38137 MiB, 42943 MiB, 46, 53, 379.27 W, 700.00 W, 700.00 W, 1980 MHz, 2619 MHz, [N/A]
2025/11/27 04:51:47.593, 3, NVIDIA H100 80GB HBM3, P0, 100 %, 28 %, 81559 MiB, 38867 MiB, 42213 MiB, 42, 52, 352.86 W, 700.00 W, 700.00 W, 1980 MHz, 2619 MHz, [N/A]
2025/11/27 04:51:47.594, 4, NVIDIA H100 80GB HBM3, P0, 32 %, 14 %, 81559 MiB, 42809 MiB, 38271 MiB, 41, 49, 347.69 W, 700.00 W, 700.00 W, 1980 MHz, 2619 MHz, [N/A]
2025/11/27 04:51:47.594, 5, NVIDIA H100 80GB HBM3, P0, 94 %, 59 %, 81559 MiB, 38233 MiB, 42847 MiB, 46, 52, 355.15 W, 700.00 W, 700.00 W, 1980 MHz, 2619 MHz, [N/A]
2025/11/27 04:51:47.595, 6, NVIDIA H100 80GB HBM3, P0, 100 %, 38 %, 81559 MiB, 43719 MiB, 37361 MiB, 44, 53, 340.23 W, 700.00 W, 700.00 W, 1980 MHz, 2619 MHz, [N/A]
2025/11/27 04:51:47.595, 7, NVIDIA H100 80GB HBM3, P0, 74 %, 28 %, 81559 MiB, 37339 MiB, 43741 MiB, 43, 50, 343.74 W, 700.00 W, 700.00 W, 1980 MHz, 2619 MHz, [N/A]
2025/11/27 04:51:52.597, 0, NVIDIA H100 80GB HBM3, P0, 91 %, 64 %, 81559 MiB, 40685 MiB, 40395 MiB, 42, 51, 354.45 W, 700.00 W, 700.00 W, 1980 MHz, 2619 MHz, [N/A]
2025/11/27 04:51:52.598, 1, NVIDIA H100 80GB HBM3, P0, 47 %, 23 %, 81559 MiB, 42155 MiB, 38925 MiB, 45, 52, 426.95 W, 700.00 W, 700.00 W, 1980 MHz, 2619 MHz, [N/A]
2025/11/27 04:51:52.598, 2, NVIDIA H100 80GB HBM3, P0, 100 %, 21 %, 81559 MiB, 38137 MiB, 42943 MiB, 45, 52, 392.49 W, 700.00 W, 700.00 W, 1980 MHz, 2619 MHz, [N/A]
2025/11/27 04:51:52.599, 3, NVIDIA H100 80GB HBM3, P0, 55 %, 38 %, 81559 MiB, 38865 MiB, 42215 MiB, 41, 50, 362.72 W, 700.00 W, 700.00 W, 1980 MHz, 2619 MHz, [N/A]
2025/11/27 04:51:52.600, 4, NVIDIA H100 80GB HBM3, P0, 96 %, 63 %, 81559 MiB, 37295 MiB, 43785 MiB, 45, 50, 379.50 W, 700.00 W, 700.00 W, 1980 MHz, 2619 MHz, [N/A]
2025/11/27 04:51:52.600, 5, NVIDIA H100 80GB HBM3, P0, 96 %, 37 %, 81559 MiB, 38233 MiB, 42847 MiB, 45, 51, 373.12 W, 700.00 W, 700.00 W, 1980 MHz, 2619 MHz, [N/A]
2025/11/27 04:51:52.601, 6, NVIDIA H100 80GB HBM3, P0, 37 %, 25 %, 81559 MiB, 43715 MiB, 37365 MiB, 44, 52, 359.48 W, 700.00 W, 700.00 W, 1980 MHz, 2619 MHz, [N/A]
2025/11/27 04:51:52.601, 7, NVIDIA H100 80GB HBM3, P0, 94 %, 41 %, 81559 MiB, 37337 MiB, 43743 MiB, 42, 50, 388.90 W, 700.00 W, 700.00 W, 1980 MHz, 2619 MHz, [N/A]
2025/11/27 04:51:57.603, 0, NVIDIA H100 80GB HBM3, P0, 51 %, 26 %, 81559 MiB, 40685 MiB, 40395 MiB, 44, 52, 343.71 W, 700.00 W, 700.00 W, 1980 MHz, 2619 MHz, [N/A]
2025/11/27 04:51:57.609, 1, NVIDIA H100 80GB HBM3, P0, 100 %, 36 %, 81559 MiB, 42151 MiB, 38929 MiB, 44, 50, 355.70 W, 700.00 W, 700.00 W, 1980 MHz, 2619 MHz, [N/A]
2025/11/27 04:51:57.610, 2, NVIDIA H100 80GB HBM3, P0, 67 %, 22 %, 81559 MiB, 38133 MiB, 42947 MiB, 45, 52, 339.90 W, 700.00 W, 700.00 W, 1980 MHz, 2619 MHz, [N/A]
2025/11/27 04:51:57.610, 3, NVIDIA H100 80GB HBM3, P0, 95 %, 24 %, 81559 MiB, 38865 MiB, 42215 MiB, 40, 48, 328.93 W, 700.00 W, 700.00 W, 1980 MHz, 2619 MHz, [N/A]
2025/11/27 04:51:57.611, 4, NVIDIA H100 80GB HBM3, P0, 31 %, 19 %, 81559 MiB, 37293 MiB, 43787 MiB, 40, 47, 383.09 W, 700.00 W, 700.00 W, 1980 MHz, 2619 MHz, [N/A]
2025/11/27 04:51:57.611, 5, NVIDIA H100 80GB HBM3, P0, 100 %, 58 %, 81559 MiB, 38229 MiB, 42851 MiB, 45, 53, 371.78 W, 700.00 W, 700.00 W, 1980 MHz, 2619 MHz, [N/A]
2025/11/27 04:51:57.612, 6, NVIDIA H100 80GB HBM3, P0, 62 %, 27 %, 81559 MiB, 43715 MiB, 37365 MiB, 45, 51, 363.68 W, 700.00 W, 700.00 W, 1980 MHz, 2619 MHz, [N/A]
2025/11/27 04:51:57.613, 7, NVIDIA H100 80GB HBM3, P0, 98 %, 29 %, 81559 MiB, 37335 MiB, 43745 MiB, 44, 51, 359.99 W, 700.00 W, 700.00 W, 1980 MHz, 2619 MHz, [N/A]
2025/11/27 04:52:02.614, 0, NVIDIA H100 80GB HBM3, P0, 100 %, 67 %, 81559 MiB, 40683 MiB, 40397 MiB, 43, 53, 372.37 W, 700.00 W, 700.00 W, 1980 MHz, 2619 MHz, [N/A]
2025/11/27 04:52:02.615, 1, NVIDIA H100 80GB HBM3, P0, 67 %, 29 %, 81559 MiB, 42151 MiB, 38929 MiB, 46, 54, 373.43 W, 700.00 W, 700.00 W, 1980 MHz, 2619 MHz, [N/A]
2025/11/27 04:52:02.615, 2, NVIDIA H100 80GB HBM3, P0, 65 %, 35 %, 81559 MiB, 38133 MiB, 42947 MiB, 48, 58, 374.21 W, 700.00 W, 700.00 W, 1980 MHz, 2619 MHz, [N/A]
2025/11/27 04:52:02.616, 3, NVIDIA H100 80GB HBM3, P0, 95 %, 63 %, 81559 MiB, 38861 MiB, 42219 MiB, 41, 51, 348.73 W, 700.00 W, 700.00 W, 1980 MHz, 2619 MHz, [N/A]
2025/11/27 04:52:02.617, 4, NVIDIA H100 80GB HBM3, P0, 62 %, 39 %, 81559 MiB, 37291 MiB, 43789 MiB, 42, 51, 366.63 W, 700.00 W, 700.00 W, 1980 MHz, 2619 MHz, [N/A]
2025/11/27 04:52:02.617, 5, NVIDIA H100 80GB HBM3, P0, 75 %, 29 %, 81559 MiB, 38227 MiB, 42853 MiB, 45, 51, 388.61 W, 700.00 W, 700.00 W, 1980 MHz, 2619 MHz, [N/A]
2025/11/27 04:52:02.618, 6, NVIDIA H100 80GB HBM3, P0, 88 %, 59 %, 81559 MiB, 38833 MiB, 42247 MiB, 44, 51, 353.72 W, 700.00 W, 700.00 W, 1980 MHz, 2619 MHz, [N/A]
2025/11/27 04:52:02.618, 7, NVIDIA H100 80GB HBM3, P0, 97 %, 67 %, 81559 MiB, 37333 MiB, 43747 MiB, 43, 51, 375.40 W, 700.00 W, 700.00 W, 1980 MHz, 2619 MHz, [N/A]
2025/11/27 04:52:07.619, 0, NVIDIA H100 80GB HBM3, P0, 97 %, 57 %, 81559 MiB, 40679 MiB, 40401 MiB, 43, 54, 339.28 W, 700.00 W, 700.00 W, 1980 MHz, 2619 MHz, [N/A]
2025/11/27 04:52:07.621, 1, NVIDIA H100 80GB HBM3, P0, 96 %, 29 %, 81559 MiB, 42149 MiB, 38931 MiB, 47, 56, 443.22 W, 700.00 W, 700.00 W, 1980 MHz, 2619 MHz, [N/A]
2025/11/27 04:52:07.622, 2, NVIDIA H100 80GB HBM3, P0, 99 %, 28 %, 81559 MiB, 38131 MiB, 42949 MiB, 50, 54, 367.86 W, 700.00 W, 700.00 W, 1980 MHz, 2619 MHz, [N/A]
2025/11/27 04:52:07.623, 3, NVIDIA H100 80GB HBM3, P0, 89 %, 44 %, 81559 MiB, 38859 MiB, 42221 MiB, 43, 52, 373.50 W, 700.00 W, 700.00 W, 1980 MHz, 2619 MHz, [N/A]
2025/11/27 04:52:07.625, 4, NVIDIA H100 80GB HBM3, P0, 66 %, 25 %, 81559 MiB, 37289 MiB, 43791 MiB, 42, 50, 390.03 W, 700.00 W, 700.00 W, 1980 MHz, 2619 MHz, [N/A]
2025/11/27 04:52:07.626, 5, NVIDIA H100 80GB HBM3, P0, 63 %, 22 %, 81559 MiB, 38223 MiB, 42857 MiB, 46, 52, 371.98 W, 700.00 W, 700.00 W, 1980 MHz, 2619 MHz, [N/A]
2025/11/27 04:52:07.626, 6, NVIDIA H100 80GB HBM3, P0, 89 %, 36 %, 81559 MiB, 38831 MiB, 42249 MiB, 46, 53, 424.86 W, 700.00 W, 700.00 W, 1980 MHz, 2619 MHz, [N/A]
2025/11/27 04:52:07.627, 7, NVIDIA H100 80GB HBM3, P0, 95 %, 48 %, 81559 MiB, 37331 MiB, 43749 MiB, 43, 49, 382.13 W, 700.00 W, 700.00 W, 1980 MHz, 2619 MHz, [N/A]
2025/11/27 04:52:12.628, 0, NVIDIA H100 80GB HBM3, P0, 65 %, 25 %, 81559 MiB, 37955 MiB, 43125 MiB, 44, 53, 432.39 W, 700.00 W, 700.00 W, 1980 MHz, 2619 MHz, [N/A]
2025/11/27 04:52:12.630, 1, NVIDIA H100 80GB HBM3, P0, 99 %, 16 %, 81559 MiB, 42147 MiB, 38933 MiB, 46, 54, 382.92 W, 700.00 W, 700.00 W, 1980 MHz, 2619 MHz, [N/A]
2025/11/27 04:52:12.631, 2, NVIDIA H100 80GB HBM3, P0, 97 %, 24 %, 81559 MiB, 38127 MiB, 42953 MiB, 47, 54, 364.54 W, 700.00 W, 700.00 W, 1980 MHz, 2619 MHz, [N/A]
2025/11/27 04:52:12.632, 3, NVIDIA H100 80GB HBM3, P0, 88 %, 54 %, 81559 MiB, 38859 MiB, 42221 MiB, 44, 52, 363.54 W, 700.00 W, 700.00 W, 1980 MHz, 2619 MHz, [N/A]
2025/11/27 04:52:12.633, 4, NVIDIA H100 80GB HBM3, P0, 95 %, 24 %, 81559 MiB, 37287 MiB, 43793 MiB, 41, 49, 341.28 W, 700.00 W, 700.00 W, 1980 MHz, 2619 MHz, [N/A]
2025/11/27 04:52:12.634, 5, NVIDIA H100 80GB HBM3, P0, 98 %, 29 %, 81559 MiB, 38221 MiB, 42859 MiB, 47, 52, 435.55 W, 700.00 W, 700.00 W, 1980 MHz, 2619 MHz, [N/A]
2025/11/27 04:52:12.635, 6, NVIDIA H100 80GB HBM3, P0, 71 %, 43 %, 81559 MiB, 38831 MiB, 42249 MiB, 44, 51, 337.85 W, 700.00 W, 700.00 W, 1980 MHz, 2619 MHz, [N/A]
2025/11/27 04:52:12.635, 7, NVIDIA H100 80GB HBM3, P0, 94 %, 53 %, 81559 MiB, 37329 MiB, 43751 MiB, 43, 52, 339.85 W, 700.00 W, 700.00 W, 1980 MHz, 2619 MHz, [N/A]
2025/11/27 04:52:17.637, 0, NVIDIA H100 80GB HBM3, P0, 65 %, 42 %, 81559 MiB, 37951 MiB, 43129 MiB, 47, 56, 436.27 W, 700.00 W, 700.00 W, 1980 MHz, 2619 MHz, [N/A]
2025/11/27 04:52:17.639, 1, NVIDIA H100 80GB HBM3, P0, 97 %, 35 %, 81559 MiB, 42145 MiB, 38935 MiB, 47, 56, 370.63 W, 700.00 W, 700.00 W, 1980 MHz, 2619 MHz, [N/A]
2025/11/27 04:52:17.640, 2, NVIDIA H100 80GB HBM3, P0, 94 %, 39 %, 81559 MiB, 38127 MiB, 42953 MiB, 50, 57, 390.38 W, 700.00 W, 700.00 W, 1980 MHz, 2619 MHz, [N/A]
2025/11/27 04:52:17.641, 3, NVIDIA H100 80GB HBM3, P0, 95 %, 68 %, 81559 MiB, 38857 MiB, 42223 MiB, 43, 52, 402.02 W, 700.00 W, 700.00 W, 1980 MHz, 2619 MHz, [N/A]
2025/11/27 04:52:17.642, 4, NVIDIA H100 80GB HBM3, P0, 94 %, 40 %, 81559 MiB, 37287 MiB, 43793 MiB, 43, 51, 388.86 W, 700.00 W, 700.00 W, 1980 MHz, 2619 MHz, [N/A]
2025/11/27 04:52:17.643, 5, NVIDIA H100 80GB HBM3, P0, 100 %, 36 %, 81559 MiB, 38219 MiB, 42861 MiB, 48, 55, 417.89 W, 700.00 W, 700.00 W, 1980 MHz, 2619 MHz, [N/A]
2025/11/27 04:52:17.644, 6, NVIDIA H100 80GB HBM3, P0, 80 %, 24 %, 81559 MiB, 38827 MiB, 42253 MiB, 45, 52, 366.86 W, 700.00 W, 700.00 W, 1980 MHz, 2619 MHz, [N/A]
2025/11/27 04:52:17.644, 7, NVIDIA H100 80GB HBM3, P0, 97 %, 65 %, 81559 MiB, 37329 MiB, 43751 MiB, 43, 51, 369.91 W, 700.00 W, 700.00 W, 1980 MHz, 2619 MHz, [N/A]
2025/11/27 04:52:22.646, 0, NVIDIA H100 80GB HBM3, P0, 75 %, 34 %, 81559 MiB, 37949 MiB, 43131 MiB, 45, 54, 375.68 W, 700.00 W, 700.00 W, 1980 MHz, 2619 MHz, [N/A]
2025/11/27 04:52:22.648, 1, NVIDIA H100 80GB HBM3, P0, 96 %, 30 %, 81559 MiB, 42143 MiB, 38937 MiB, 48, 56, 342.52 W, 700.00 W, 700.00 W, 1980 MHz, 2619 MHz, [N/A]
2025/11/27 04:52:22.648, 2, NVIDIA H100 80GB HBM3, P0, 65 %, 21 %, 81559 MiB, 38125 MiB, 42955 MiB, 48, 56, 369.87 W, 700.00 W, 700.00 W, 1980 MHz, 2619 MHz, [N/A]
2025/11/27 04:52:22.649, 3, NVIDIA H100 80GB HBM3, P0, 99 %, 19 %, 81559 MiB, 38855 MiB, 42225 MiB, 44, 54, 382.02 W, 700.00 W, 700.00 W, 1980 MHz, 2619 MHz, [N/A]
2025/11/27 04:52:22.650, 4, NVIDIA H100 80GB HBM3, P0, 96 %, 29 %, 81559 MiB, 37285 MiB, 43795 MiB, 42, 51, 407.40 W, 700.00 W, 700.00 W, 1980 MHz, 2619 MHz, [N/A]
2025/11/27 04:52:22.650, 5, NVIDIA H100 80GB HBM3, P0, 58 %, 37 %, 81559 MiB, 38217 MiB, 42863 MiB, 45, 51, 335.42 W, 700.00 W, 700.00 W, 1980 MHz, 2619 MHz, [N/A]
2025/11/27 04:52:22.651, 6, NVIDIA H100 80GB HBM3, P0, 57 %, 35 %, 81559 MiB, 38825 MiB, 42255 MiB, 45, 51, 356.92 W, 700.00 W, 700.00 W, 1980 MHz, 2619 MHz, [N/A]
2025/11/27 04:52:22.652, 7, NVIDIA H100 80GB HBM3, P0, 99 %, 22 %, 81559 MiB, 37325 MiB, 43755 MiB, 45, 54, 340.17 W, 700.00 W, 700.00 W, 1980 MHz, 2619 MHz, [N/A]
2025/11/27 04:52:27.654, 0, NVIDIA H100 80GB HBM3, P0, 100 %, 27 %, 81559 MiB, 37949 MiB, 43131 MiB, 44, 51, 391.21 W, 700.00 W, 700.00 W, 1980 MHz, 2619 MHz, [N/A]
2025/11/27 04:52:27.655, 1, NVIDIA H100 80GB HBM3, P0, 96 %, 37 %, 81559 MiB, 39641 MiB, 41439 MiB, 48, 56, 374.54 W, 700.00 W, 700.00 W, 1980 MHz, 2619 MHz, [N/A]
2025/11/27 04:52:27.656, 2, NVIDIA H100 80GB HBM3, P0, 97 %, 30 %, 81559 MiB, 38123 MiB, 42957 MiB, 47, 54, 358.19 W, 700.00 W, 700.00 W, 1980 MHz, 2619 MHz, [N/A]
2025/11/27 04:52:27.657, 3, NVIDIA H100 80GB HBM3, P0, 88 %, 36 %, 81559 MiB, 38853 MiB, 42227 MiB, 43, 52, 379.68 W, 700.00 W, 700.00 W, 1980 MHz, 2619 MHz, [N/A]
2025/11/27 04:52:27.658, 4, NVIDIA H100 80GB HBM3, P0, 100 %, 31 %, 81559 MiB, 37283 MiB, 43797 MiB, 41, 49, 358.94 W, 700.00 W, 700.00 W, 1980 MHz, 2619 MHz, [N/A]
2025/11/27 04:52:27.659, 5, NVIDIA H100 80GB HBM3, P0, 60 %, 31 %, 81559 MiB, 38217 MiB, 42863 MiB, 49, 53, 385.20 W, 700.00 W, 700.00 W, 1980 MHz, 2619 MHz, [N/A]
2025/11/27 04:52:27.659, 6, NVIDIA H100 80GB HBM3, P0, 82 %, 26 %, 81559 MiB, 38823 MiB, 42257 MiB, 48, 53, 428.15 W, 700.00 W, 700.00 W, 1980 MHz, 2619 MHz, [N/A]
2025/11/27 04:52:27.661, 7, NVIDIA H100 80GB HBM3, P0, 94 %, 36 %, 81559 MiB, 37325 MiB, 43755 MiB, 44, 53, 386.79 W, 700.00 W, 700.00 W, 1980 MHz, 2619 MHz, [N/A]
2025/11/27 04:52:32.662, 0, NVIDIA H100 80GB HBM3, P0, 82 %, 50 %, 81559 MiB, 37949 MiB, 43131 MiB, 43, 51, 377.16 W, 700.00 W, 700.00 W, 1980 MHz, 2619 MHz, [N/A]
2025/11/27 04:52:32.663, 1, NVIDIA H100 80GB HBM3, P0, 64 %, 29 %, 81559 MiB, 39639 MiB, 41441 MiB, 48, 59, 370.94 W, 700.00 W, 700.00 W, 1980 MHz, 2619 MHz, [N/A]
2025/11/27 04:52:32.664, 2, NVIDIA H100 80GB HBM3, P0, 72 %, 43 %, 81559 MiB, 38121 MiB, 42959 MiB, 48, 56, 380.68 W, 700.00 W, 700.00 W, 1980 MHz, 2619 MHz, [N/A]
2025/11/27 04:52:32.665, 3, NVIDIA H100 80GB HBM3, P0, 100 %, 60 %, 81559 MiB, 38851 MiB, 42229 MiB, 43, 52, 391.24 W, 700.00 W, 700.00 W, 1980 MHz, 2619 MHz, [N/A]
2025/11/27 04:52:32.665, 4, NVIDIA H100 80GB HBM3, P0, 81 %, 51 %, 81559 MiB, 37281 MiB, 43799 MiB, 41, 49, 396.65 W, 700.00 W, 700.00 W, 1980 MHz, 2619 MHz, [N/A]
2025/11/27 04:52:32.666, 5, NVIDIA H100 80GB HBM3, P0, 96 %, 22 %, 81559 MiB, 38213 MiB, 42867 MiB, 48, 54, 417.43 W, 700.00 W, 700.00 W, 1980 MHz, 2619 MHz, [N/A]
2025/11/27 04:52:32.666, 6, NVIDIA H100 80GB HBM3, P0, 93 %, 25 %, 81559 MiB, 38823 MiB, 42257 MiB, 46, 55, 366.63 W, 700.00 W, 700.00 W, 1980 MHz, 2619 MHz, [N/A]
2025/11/27 04:52:32.667, 7, NVIDIA H100 80GB HBM3, P0, 100 %, 66 %, 81559 MiB, 37323 MiB, 43757 MiB, 43, 51, 384.90 W, 700.00 W, 700.00 W, 1980 MHz, 2619 MHz, [N/A]
2025/11/27 04:52:37.668, 0, NVIDIA H100 80GB HBM3, P0, 97 %, 25 %, 81559 MiB, 37945 MiB, 43135 MiB, 45, 55, 359.68 W, 700.00 W, 700.00 W, 1980 MHz, 2619 MHz, [N/A]
2025/11/27 04:52:37.674, 1, NVIDIA H100 80GB HBM3, P0, 97 %, 37 %, 81559 MiB, 39639 MiB, 41441 MiB, 50, 58, 430.83 W, 700.00 W, 700.00 W, 1980 MHz, 2619 MHz, [N/A]
2025/11/27 04:52:37.675, 2, NVIDIA H100 80GB HBM3, P0, 97 %, 22 %, 81559 MiB, 38121 MiB, 42959 MiB, 49, 56, 369.57 W, 700.00 W, 700.00 W, 1980 MHz, 2619 MHz, [N/A]
2025/11/27 04:52:37.675, 3, NVIDIA H100 80GB HBM3, P0, 51 %, 25 %, 81559 MiB, 38849 MiB, 42231 MiB, 43, 54, 346.72 W, 700.00 W, 700.00 W, 1980 MHz, 2619 MHz, [N/A]
2025/11/27 04:52:37.676, 4, NVIDIA H100 80GB HBM3, P0, 96 %, 31 %, 81559 MiB, 37281 MiB, 43799 MiB, 44, 52, 370.24 W, 700.00 W, 700.00 W, 1980 MHz, 2619 MHz, [N/A]
2025/11/27 04:52:37.677, 5, NVIDIA H100 80GB HBM3, P0, 100 %, 47 %, 81559 MiB, 38213 MiB, 42867 MiB, 47, 55, 372.80 W, 700.00 W, 700.00 W, 1980 MHz, 2619 MHz, [N/A]
2025/11/27 04:52:37.677, 6, NVIDIA H100 80GB HBM3, P0, 66 %, 37 %, 81559 MiB, 38819 MiB, 42261 MiB, 47, 56, 379.78 W, 700.00 W, 700.00 W, 1980 MHz, 2619 MHz, [N/A]
2025/11/27 04:52:37.678, 7, NVIDIA H100 80GB HBM3, P0, 100 %, 33 %, 81559 MiB, 37323 MiB, 43757 MiB, 47, 54, 415.91 W, 700.00 W, 700.00 W, 1980 MHz, 2619 MHz, [N/A]
2025/11/27 04:52:42.679, 0, NVIDIA H100 80GB HBM3, P0, 49 %, 35 %, 81559 MiB, 37945 MiB, 43135 MiB, 47, 57, 398.88 W, 700.00 W, 700.00 W, 1980 MHz, 2619 MHz, [N/A]
2025/11/27 04:52:42.682, 1, NVIDIA H100 80GB HBM3, P0, 100 %, 55 %, 81559 MiB, 39637 MiB, 41443 MiB, 50, 57, 391.59 W, 700.00 W, 700.00 W, 1980 MHz, 2619 MHz, [N/A]
2025/11/27 04:52:42.683, 2, NVIDIA H100 80GB HBM3, P0, 100 %, 34 %, 81559 MiB, 38121 MiB, 42959 MiB, 50, 57, 385.57 W, 700.00 W, 700.00 W, 1980 MHz, 2619 MHz, [N/A]
2025/11/27 04:52:42.683, 3, NVIDIA H100 80GB HBM3, P0, 51 %, 23 %, 81559 MiB, 38849 MiB, 42231 MiB, 46, 56, 383.56 W, 700.00 W, 700.00 W, 1980 MHz, 2619 MHz, [N/A]
2025/11/27 04:52:42.684, 4, NVIDIA H100 80GB HBM3, P0, 100 %, 34 %, 81559 MiB, 37281 MiB, 43799 MiB, 44, 53, 387.35 W, 700.00 W, 700.00 W, 1980 MHz, 2619 MHz, [N/A]
2025/11/27 04:52:42.685, 5, NVIDIA H100 80GB HBM3, P0, 100 %, 64 %, 81559 MiB, 38213 MiB, 42867 MiB, 48, 55, 382.90 W, 700.00 W, 700.00 W, 1980 MHz, 2619 MHz, [N/A]
2025/11/27 04:52:42.685, 6, NVIDIA H100 80GB HBM3, P0, 100 %, 66 %, 81559 MiB, 38817 MiB, 42263 MiB, 47, 57, 376.70 W, 700.00 W, 700.00 W, 1980 MHz, 2619 MHz, [N/A]
2025/11/27 04:52:42.686, 7, NVIDIA H100 80GB HBM3, P0, 98 %, 28 %, 81559 MiB, 37321 MiB, 43759 MiB, 48, 56, 441.88 W, 700.00 W, 700.00 W, 1980 MHz, 2619 MHz, [N/A]
2025/11/27 04:52:47.688, 0, NVIDIA H100 80GB HBM3, P0, 94 %, 43 %, 81559 MiB, 37943 MiB, 43137 MiB, 44, 54, 360.01 W, 700.00 W, 700.00 W, 1980 MHz, 2619 MHz, [N/A]
2025/11/27 04:52:47.689, 1, NVIDIA H100 80GB HBM3, P0, 94 %, 27 %, 81559 MiB, 39635 MiB, 41445 MiB, 48, 55, 355.46 W, 700.00 W, 700.00 W, 1980 MHz, 2619 MHz, [N/A]
2025/11/27 04:52:47.691, 2, NVIDIA H100 80GB HBM3, P0, 94 %, 36 %, 81559 MiB, 38119 MiB, 42961 MiB, 48, 56, 377.16 W, 700.00 W, 700.00 W, 1980 MHz, 2619 MHz, [N/A]
2025/11/27 04:52:47.691, 3, NVIDIA H100 80GB HBM3, P0, 96 %, 64 %, 81559 MiB, 38847 MiB, 42233 MiB, 43, 52, 379.48 W, 700.00 W, 700.00 W, 1980 MHz, 2619 MHz, [N/A]
2025/11/27 04:52:47.692, 4, NVIDIA H100 80GB HBM3, P0, 95 %, 42 %, 81559 MiB, 37277 MiB, 43803 MiB, 41, 48, 353.48 W, 700.00 W, 700.00 W, 1980 MHz, 2619 MHz, [N/A]
2025/11/27 04:52:47.693, 5, NVIDIA H100 80GB HBM3, P0, 100 %, 19 %, 81559 MiB, 38213 MiB, 42867 MiB, 47, 53, 412.20 W, 700.00 W, 700.00 W, 1980 MHz, 2619 MHz, [N/A]
2025/11/27 04:52:47.694, 6, NVIDIA H100 80GB HBM3, P0, 94 %, 21 %, 81559 MiB, 38817 MiB, 42263 MiB, 48, 55, 410.89 W, 700.00 W, 700.00 W, 1980 MHz, 2619 MHz, [N/A]
2025/11/27 04:52:47.695, 7, NVIDIA H100 80GB HBM3, P0, 98 %, 60 %, 81559 MiB, 37319 MiB, 43761 MiB, 44, 53, 404.75 W, 700.00 W, 700.00 W, 1980 MHz, 2619 MHz, [N/A]
2025/11/27 04:52:52.697, 0, NVIDIA H100 80GB HBM3, P0, 92 %, 44 %, 81559 MiB, 37943 MiB, 43137 MiB, 43, 53, 373.54 W, 700.00 W, 700.00 W, 1980 MHz, 2619 MHz, [N/A]
2025/11/27 04:52:52.698, 1, NVIDIA H100 80GB HBM3, P0, 67 %, 27 %, 81559 MiB, 39635 MiB, 41445 MiB, 49, 56, 350.11 W, 700.00 W, 700.00 W, 1980 MHz, 2619 MHz, [N/A]
2025/11/27 04:52:52.699, 2, NVIDIA H100 80GB HBM3, P0, 67 %, 39 %, 81559 MiB, 38119 MiB, 42961 MiB, 50, 58, 411.31 W, 700.00 W, 700.00 W, 1980 MHz, 2619 MHz, [N/A]
2025/11/27 04:52:52.700, 3, NVIDIA H100 80GB HBM3, P0, 100 %, 63 %, 81559 MiB, 38847 MiB, 42233 MiB, 44, 54, 386.74 W, 700.00 W, 700.00 W, 1980 MHz, 2619 MHz, [N/A]
2025/11/27 04:52:52.701, 4, NVIDIA H100 80GB HBM3, P0, 95 %, 49 %, 81559 MiB, 37277 MiB, 43803 MiB, 42, 49, 386.32 W, 700.00 W, 700.00 W, 1980 MHz, 2619 MHz, [N/A]
2025/11/27 04:52:52.702, 5, NVIDIA H100 80GB HBM3, P0, 99 %, 21 %, 81559 MiB, 38211 MiB, 42869 MiB, 48, 55, 371.33 W, 700.00 W, 700.00 W, 1980 MHz, 2619 MHz, [N/A]
2025/11/27 04:52:52.703, 6, NVIDIA H100 80GB HBM3, P0, 94 %, 19 %, 81559 MiB, 38817 MiB, 42263 MiB, 47, 55, 366.95 W, 700.00 W, 700.00 W, 1980 MHz, 2619 MHz, [N/A]
2025/11/27 04:52:52.703, 7, NVIDIA H100 80GB HBM3, P0, 100 %, 57 %, 81559 MiB, 37317 MiB, 43763 MiB, 44, 51, 372.58 W, 700.00 W, 700.00 W, 1980 MHz, 2619 MHz, [N/A]
2025/11/27 04:52:57.705, 0, NVIDIA H100 80GB HBM3, P0, 94 %, 37 %, 81559 MiB, 37943 MiB, 43137 MiB, 46, 55, 429.66 W, 700.00 W, 700.00 W, 1980 MHz, 2619 MHz, [N/A]
2025/11/27 04:52:57.707, 1, NVIDIA H100 80GB HBM3, P0, 71 %, 26 %, 81559 MiB, 39633 MiB, 41447 MiB, 50, 58, 416.45 W, 700.00 W, 700.00 W, 1980 MHz, 2619 MHz, [N/A]
2025/11/27 04:52:57.708, 2, NVIDIA H100 80GB HBM3, P0, 95 %, 33 %, 81559 MiB, 38117 MiB, 42963 MiB, 50, 57, 392.08 W, 700.00 W, 700.00 W, 1980 MHz, 2619 MHz, [N/A]
2025/11/27 04:52:57.709, 3, NVIDIA H100 80GB HBM3, P0, 91 %, 65 %, 81559 MiB, 38845 MiB, 42235 MiB, 44, 53, 388.09 W, 700.00 W, 700.00 W, 1980 MHz, 2619 MHz, [N/A]
2025/11/27 04:52:57.710, 4, NVIDIA H100 80GB HBM3, P0, 95 %, 38 %, 81559 MiB, 37277 MiB, 43803 MiB, 44, 52, 396.73 W, 700.00 W, 700.00 W, 1980 MHz, 2619 MHz, [N/A]
2025/11/27 04:52:57.711, 5, NVIDIA H100 80GB HBM3, P0, 79 %, 29 %, 81559 MiB, 38211 MiB, 42869 MiB, 46, 51, 409.24 W, 700.00 W, 700.00 W, 1980 MHz, 2619 MHz, [N/A]
2025/11/27 04:52:57.712, 6, NVIDIA H100 80GB HBM3, P0, 82 %, 34 %, 81559 MiB, 38815 MiB, 42265 MiB, 46, 53, 391.56 W, 700.00 W, 700.00 W, 1980 MHz, 2619 MHz, [N/A]
2025/11/27 04:52:57.712, 7, NVIDIA H100 80GB HBM3, P0, 67 %, 31 %, 81559 MiB, 37317 MiB, 43763 MiB, 45, 53, 434.08 W, 700.00 W, 700.00 W, 1980 MHz, 2619 MHz, [N/A]
2025/11/27 04:53:02.713, 0, NVIDIA H100 80GB HBM3, P0, 91 %, 58 %, 81559 MiB, 37941 MiB, 43139 MiB, 45, 55, 414.20 W, 700.00 W, 700.00 W, 1980 MHz, 2619 MHz, [N/A]
2025/11/27 04:53:02.715, 1, NVIDIA H100 80GB HBM3, P0, 95 %, 39 %, 81559 MiB, 39633 MiB, 41447 MiB, 49, 56, 381.22 W, 700.00 W, 700.00 W, 1980 MHz, 2619 MHz, [N/A]
2025/11/27 04:53:02.716, 2, NVIDIA H100 80GB HBM3, P0, 78 %, 49 %, 81559 MiB, 38115 MiB, 42965 MiB, 50, 57, 412.53 W, 700.00 W, 700.00 W, 1980 MHz, 2619 MHz, [N/A]
2025/11/27 04:53:02.717, 3, NVIDIA H100 80GB HBM3, P0, 100 %, 62 %, 81559 MiB, 38843 MiB, 42237 MiB, 43, 53, 389.35 W, 700.00 W, 700.00 W, 1980 MHz, 2619 MHz, [N/A]
2025/11/27 04:53:02.717, 4, NVIDIA H100 80GB HBM3, P0, 85 %, 53 %, 81559 MiB, 37275 MiB, 43805 MiB, 41, 49, 383.83 W, 700.00 W, 700.00 W, 1980 MHz, 2619 MHz, [N/A]
2025/11/27 04:53:02.718, 5, NVIDIA H100 80GB HBM3, P0, 77 %, 24 %, 81559 MiB, 38211 MiB, 42869 MiB, 48, 55, 403.42 W, 700.00 W, 700.00 W, 1980 MHz, 2619 MHz, [N/A]
2025/11/27 04:53:02.719, 6, NVIDIA H100 80GB HBM3, P0, 94 %, 30 %, 81559 MiB, 38813 MiB, 42267 MiB, 47, 53, 378.21 W, 700.00 W, 700.00 W, 1980 MHz, 2619 MHz, [N/A]
2025/11/27 04:53:02.719, 7, NVIDIA H100 80GB HBM3, P0, 95 %, 37 %, 81559 MiB, 37317 MiB, 43763 MiB, 44, 51, 386.32 W, 700.00 W, 700.00 W, 1980 MHz, 2619 MHz, [N/A]
2025/11/27 04:53:07.721, 0, NVIDIA H100 80GB HBM3, P0, 100 %, 48 %, 81559 MiB, 37939 MiB, 43141 MiB, 46, 55, 378.64 W, 700.00 W, 700.00 W, 1980 MHz, 2619 MHz, [N/A]
2025/11/27 04:53:07.722, 1, NVIDIA H100 80GB HBM3, P0, 100 %, 77 %, 81559 MiB, 39633 MiB, 41447 MiB, 49, 56, 395.90 W, 700.00 W, 700.00 W, 1980 MHz, 2619 MHz, [N/A]
2025/11/27 04:53:07.723, 2, NVIDIA H100 80GB HBM3, P0, 100 %, 55 %, 81559 MiB, 38115 MiB, 42965 MiB, 51, 59, 381.46 W, 700.00 W, 700.00 W, 1980 MHz, 2619 MHz, [N/A]
2025/11/27 04:53:07.724, 3, NVIDIA H100 80GB HBM3, P0, 96 %, 32 %, 81559 MiB, 38843 MiB, 42237 MiB, 44, 57, 366.61 W, 700.00 W, 700.00 W, 1980 MHz, 2619 MHz, [N/A]
2025/11/27 04:53:07.725, 4, NVIDIA H100 80GB HBM3, P0, 100 %, 53 %, 81559 MiB, 37275 MiB, 43805 MiB, 41, 49, 371.93 W, 700.00 W, 700.00 W, 1980 MHz, 2619 MHz, [N/A]
2025/11/27 04:53:07.726, 5, NVIDIA H100 80GB HBM3, P0, 97 %, 57 %, 81559 MiB, 38211 MiB, 42869 MiB, 48, 55, 386.69 W, 700.00 W, 700.00 W, 1980 MHz, 2619 MHz, [N/A]
2025/11/27 04:53:07.726, 6, NVIDIA H100 80GB HBM3, P0, 99 %, 65 %, 81559 MiB, 38813 MiB, 42267 MiB, 48, 55, 397.77 W, 700.00 W, 700.00 W, 1980 MHz, 2619 MHz, [N/A]
2025/11/27 04:53:07.727, 7, NVIDIA H100 80GB HBM3, P0, 100 %, 59 %, 81559 MiB, 37313 MiB, 43767 MiB, 44, 55, 393.64 W, 700.00 W, 700.00 W, 1980 MHz, 2619 MHz, [N/A]
2025/11/27 04:53:12.729, 0, NVIDIA H100 80GB HBM3, P0, 95 %, 22 %, 81559 MiB, 37939 MiB, 43141 MiB, 44, 54, 363.10 W, 700.00 W, 700.00 W, 1980 MHz, 2619 MHz, [N/A]
2025/11/27 04:53:12.731, 1, NVIDIA H100 80GB HBM3, P0, 92 %, 62 %, 81559 MiB, 39633 MiB, 41447 MiB, 50, 56, 369.26 W, 700.00 W, 700.00 W, 1980 MHz, 2619 MHz, [N/A]
2025/11/27 04:53:12.732, 2, NVIDIA H100 80GB HBM3, P0, 97 %, 60 %, 81559 MiB, 38115 MiB, 42965 MiB, 50, 58, 359.94 W, 700.00 W, 700.00 W, 1980 MHz, 2619 MHz, [N/A]
2025/11/27 04:53:12.733, 3, NVIDIA H100 80GB HBM3, P0, 100 %, 39 %, 81559 MiB, 38843 MiB, 42237 MiB, 42, 53, 379.02 W, 700.00 W, 700.00 W, 1980 MHz, 2619 MHz, [N/A]
2025/11/27 04:53:12.734, 4, NVIDIA H100 80GB HBM3, P0, 100 %, 72 %, 81559 MiB, 37275 MiB, 43805 MiB, 42, 49, 396.59 W, 700.00 W, 700.00 W, 1980 MHz, 2619 MHz, [N/A]
2025/11/27 04:53:12.735, 5, NVIDIA H100 80GB HBM3, P0, 94 %, 44 %, 81559 MiB, 38207 MiB, 42873 MiB, 49, 55, 381.61 W, 700.00 W, 700.00 W, 1980 MHz, 2619 MHz, [N/A]
2025/11/27 04:53:12.735, 6, NVIDIA H100 80GB HBM3, P0, 88 %, 52 %, 81559 MiB, 38813 MiB, 42267 MiB, 47, 53, 408.66 W, 700.00 W, 700.00 W, 1980 MHz, 2619 MHz, [N/A]
2025/11/27 04:53:12.737, 7, NVIDIA H100 80GB HBM3, P0, 91 %, 63 %, 81559 MiB, 37313 MiB, 43767 MiB, 43, 51, 389.83 W, 700.00 W, 700.00 W, 1980 MHz, 2619 MHz, [N/A]
2025/11/27 04:53:17.738, 0, NVIDIA H100 80GB HBM3, P0, 93 %, 28 %, 81559 MiB, 37937 MiB, 43143 MiB, 45, 57, 420.86 W, 700.00 W, 700.00 W, 1980 MHz, 2619 MHz, [N/A]
2025/11/27 04:53:17.739, 1, NVIDIA H100 80GB HBM3, P0, 95 %, 59 %, 81559 MiB, 39631 MiB, 41449 MiB, 49, 56, 402.77 W, 700.00 W, 700.00 W, 1980 MHz, 2619 MHz, [N/A]
2025/11/27 04:53:17.744, 2, NVIDIA H100 80GB HBM3, P0, 96 %, 40 %, 81559 MiB, 38115 MiB, 42965 MiB, 50, 59, 421.17 W, 700.00 W, 700.00 W, 1980 MHz, 2619 MHz, [N/A]
2025/11/27 04:53:17.745, 3, NVIDIA H100 80GB HBM3, P0, 97 %, 52 %, 81559 MiB, 38841 MiB, 42239 MiB, 45, 57, 381.73 W, 700.00 W, 700.00 W, 1980 MHz, 2619 MHz, [N/A]
2025/11/27 04:53:17.745, 4, NVIDIA H100 80GB HBM3, P0, 97 %, 55 %, 81559 MiB, 37273 MiB, 43807 MiB, 44, 55, 421.18 W, 700.00 W, 700.00 W, 1980 MHz, 2619 MHz, [N/A]
2025/11/27 04:53:17.746, 5, NVIDIA H100 80GB HBM3, P0, 99 %, 57 %, 81559 MiB, 38207 MiB, 42873 MiB, 47, 53, 376.66 W, 700.00 W, 700.00 W, 1980 MHz, 2619 MHz, [N/A]
2025/11/27 04:53:17.747, 6, NVIDIA H100 80GB HBM3, P0, 94 %, 62 %, 81559 MiB, 38811 MiB, 42269 MiB, 47, 53, 436.62 W, 700.00 W, 700.00 W, 1980 MHz, 2619 MHz, [N/A]
2025/11/27 04:53:17.747, 7, NVIDIA H100 80GB HBM3, P0, 89 %, 49 %, 81559 MiB, 37311 MiB, 43769 MiB, 46, 55, 379.16 W, 700.00 W, 700.00 W, 1980 MHz, 2619 MHz, [N/A]
2025/11/27 04:53:22.748, 0, NVIDIA H100 80GB HBM3, P0, 96 %, 37 %, 81559 MiB, 37937 MiB, 43143 MiB, 44, 53, 452.80 W, 700.00 W, 700.00 W, 1980 MHz, 2619 MHz, [N/A]
2025/11/27 04:53:22.750, 1, NVIDIA H100 80GB HBM3, P0, 35 %, 23 %, 81559 MiB, 39629 MiB, 41451 MiB, 49, 56, 365.58 W, 700.00 W, 700.00 W, 1980 MHz, 2619 MHz, [N/A]
2025/11/27 04:53:22.750, 2, NVIDIA H100 80GB HBM3, P0, 100 %, 39 %, 81559 MiB, 38111 MiB, 42969 MiB, 51, 59, 417.14 W, 700.00 W, 700.00 W, 1980 MHz, 2619 MHz, [N/A]
2025/11/27 04:53:22.752, 3, NVIDIA H100 80GB HBM3, P0, 89 %, 69 %, 81559 MiB, 38841 MiB, 42239 MiB, 46, 55, 417.20 W, 700.00 W, 700.00 W, 1980 MHz, 2619 MHz, [N/A]
2025/11/27 04:53:22.753, 4, NVIDIA H100 80GB HBM3, P0, 94 %, 37 %, 81559 MiB, 37273 MiB, 43807 MiB, 41, 49, 375.29 W, 700.00 W, 700.00 W, 1980 MHz, 2619 MHz, [N/A]
2025/11/27 04:53:22.753, 5, NVIDIA H100 80GB HBM3, P0, 100 %, 19 %, 81559 MiB, 38207 MiB, 42873 MiB, 50, 56, 397.25 W, 700.00 W, 700.00 W, 1980 MHz, 2619 MHz, [N/A]
2025/11/27 04:53:22.754, 6, NVIDIA H100 80GB HBM3, P0, 36 %, 19 %, 81559 MiB, 38811 MiB, 42269 MiB, 50, 58, 388.84 W, 700.00 W, 700.00 W, 1980 MHz, 2619 MHz, [N/A]
2025/11/27 04:53:22.755, 7, NVIDIA H100 80GB HBM3, P0, 34 %, 20 %, 81559 MiB, 37311 MiB, 43769 MiB, 44, 52, 368.88 W, 700.00 W, 700.00 W, 1980 MHz, 2619 MHz, [N/A]
2025/11/27 04:53:27.757, 0, NVIDIA H100 80GB HBM3, P0, 75 %, 49 %, 81559 MiB, 37937 MiB, 43143 MiB, 45, 57, 407.43 W, 700.00 W, 700.00 W, 1980 MHz, 2619 MHz, [N/A]
2025/11/27 04:53:27.758, 1, NVIDIA H100 80GB HBM3, P0, 100 %, 25 %, 81559 MiB, 39629 MiB, 41451 MiB, 49, 58, 384.09 W, 700.00 W, 700.00 W, 1980 MHz, 2619 MHz, [N/A]
2025/11/27 04:53:27.759, 2, NVIDIA H100 80GB HBM3, P0, 95 %, 48 %, 81559 MiB, 38111 MiB, 42969 MiB, 51, 58, 409.46 W, 700.00 W, 700.00 W, 1980 MHz, 2619 MHz, [N/A]
2025/11/27 04:53:27.759, 3, NVIDIA H100 80GB HBM3, P0, 98 %, 37 %, 81559 MiB, 38841 MiB, 42239 MiB, 44, 54, 376.98 W, 700.00 W, 700.00 W, 1980 MHz, 2619 MHz, [N/A]
2025/11/27 04:53:27.760, 4, NVIDIA H100 80GB HBM3, P0, 95 %, 50 %, 81559 MiB, 37271 MiB, 43809 MiB, 43, 51, 414.09 W, 700.00 W, 700.00 W, 1980 MHz, 2619 MHz, [N/A]
2025/11/27 04:53:27.761, 5, NVIDIA H100 80GB HBM3, P0, 100 %, 50 %, 81559 MiB, 38205 MiB, 42875 MiB, 49, 57, 451.08 W, 700.00 W, 700.00 W, 1980 MHz, 2619 MHz, [N/A]
2025/11/27 04:53:27.762, 6, NVIDIA H100 80GB HBM3, P0, 100 %, 38 %, 81559 MiB, 38811 MiB, 42269 MiB, 48, 57, 389.32 W, 700.00 W, 700.00 W, 1980 MHz, 2619 MHz, [N/A]
2025/11/27 04:53:27.763, 7, NVIDIA H100 80GB HBM3, P0, 69 %, 24 %, 81559 MiB, 37311 MiB, 43769 MiB, 45, 55, 359.99 W, 700.00 W, 700.00 W, 1980 MHz, 2619 MHz, [N/A]
2025/11/27 04:53:32.764, 0, NVIDIA H100 80GB HBM3, P0, 100 %, 56 %, 81559 MiB, 37937 MiB, 43143 MiB, 46, 57, 352.66 W, 700.00 W, 700.00 W, 1980 MHz, 2619 MHz, [N/A]
2025/11/27 04:53:32.766, 1, NVIDIA H100 80GB HBM3, P0, 97 %, 26 %, 81559 MiB, 37813 MiB, 43267 MiB, 50, 58, 409.21 W, 700.00 W, 700.00 W, 1980 MHz, 2619 MHz, [N/A]
2025/11/27 04:53:32.766, 2, NVIDIA H100 80GB HBM3, P0, 100 %, 60 %, 81559 MiB, 38109 MiB, 42971 MiB, 51, 59, 376.90 W, 700.00 W, 700.00 W, 1980 MHz, 2619 MHz, [N/A]
2025/11/27 04:53:32.767, 3, NVIDIA H100 80GB HBM3, P0, 100 %, 70 %, 81559 MiB, 38841 MiB, 42239 MiB, 45, 55, 398.79 W, 700.00 W, 700.00 W, 1980 MHz, 2619 MHz, [N/A]
2025/11/27 04:53:32.768, 4, NVIDIA H100 80GB HBM3, P0, 84 %, 58 %, 81559 MiB, 37271 MiB, 43809 MiB, 43, 53, 365.25 W, 700.00 W, 700.00 W, 1980 MHz, 2619 MHz, [N/A]
2025/11/27 04:53:32.769, 5, NVIDIA H100 80GB HBM3, P0, 96 %, 28 %, 81559 MiB, 38205 MiB, 42875 MiB, 49, 56, 343.42 W, 700.00 W, 700.00 W, 1980 MHz, 2619 MHz, [N/A]
2025/11/27 04:53:32.769, 6, NVIDIA H100 80GB HBM3, P0, 74 %, 30 %, 81559 MiB, 38811 MiB, 42269 MiB, 48, 56, 344.48 W, 700.00 W, 700.00 W, 1980 MHz, 2619 MHz, [N/A]
2025/11/27 04:53:32.770, 7, NVIDIA H100 80GB HBM3, P0, 79 %, 27 %, 81559 MiB, 37307 MiB, 43773 MiB, 43, 51, 335.73 W, 700.00 W, 700.00 W, 1980 MHz, 2619 MHz, [N/A]
2025/11/27 04:53:37.771, 0, NVIDIA H100 80GB HBM3, P0, 81 %, 21 %, 81559 MiB, 37937 MiB, 43143 MiB, 44, 53, 360.30 W, 700.00 W, 700.00 W, 1980 MHz, 2619 MHz, [N/A]
2025/11/27 04:53:37.773, 1, NVIDIA H100 80GB HBM3, P0, 100 %, 72 %, 81559 MiB, 37813 MiB, 43267 MiB, 49, 56, 410.17 W, 700.00 W, 700.00 W, 1980 MHz, 2619 MHz, [N/A]
2025/11/27 04:53:37.774, 2, NVIDIA H100 80GB HBM3, P0, 100 %, 26 %, 81559 MiB, 38107 MiB, 42973 MiB, 49, 56, 391.37 W, 700.00 W, 700.00 W, 1980 MHz, 2619 MHz, [N/A]
2025/11/27 04:53:37.775, 3, NVIDIA H100 80GB HBM3, P0, 83 %, 34 %, 81559 MiB, 38839 MiB, 42241 MiB, 44, 54, 376.54 W, 700.00 W, 700.00 W, 1980 MHz, 2619 MHz, [N/A]
2025/11/27 04:53:37.776, 4, NVIDIA H100 80GB HBM3, P0, 100 %, 24 %, 81559 MiB, 37271 MiB, 43809 MiB, 42, 49, 346.66 W, 700.00 W, 700.00 W, 1980 MHz, 2619 MHz, [N/A]
2025/11/27 04:53:37.776, 5, NVIDIA H100 80GB HBM3, P0, 96 %, 66 %, 81559 MiB, 38205 MiB, 42875 MiB, 48, 53, 396.25 W, 700.00 W, 700.00 W, 1980 MHz, 2619 MHz, [N/A]
2025/11/27 04:53:37.777, 6, NVIDIA H100 80GB HBM3, P0, 95 %, 72 %, 81559 MiB, 38811 MiB, 42269 MiB, 48, 55, 426.84 W, 700.00 W, 700.00 W, 1980 MHz, 2619 MHz, [N/A]
2025/11/27 04:53:37.778, 7, NVIDIA H100 80GB HBM3, P0, 77 %, 36 %, 81559 MiB, 37307 MiB, 43773 MiB, 45, 53, 391.56 W, 700.00 W, 700.00 W, 1980 MHz, 2619 MHz, [N/A]
2025/11/27 04:53:42.780, 0, NVIDIA H100 80GB HBM3, P0, 97 %, 61 %, 81559 MiB, 37933 MiB, 43147 MiB, 44, 53, 390.40 W, 700.00 W, 700.00 W, 1980 MHz, 2619 MHz, [N/A]
2025/11/27 04:53:42.782, 1, NVIDIA H100 80GB HBM3, P0, 97 %, 29 %, 81559 MiB, 37813 MiB, 43267 MiB, 51, 60, 423.27 W, 700.00 W, 700.00 W, 1980 MHz, 2619 MHz, [N/A]
2025/11/27 04:53:42.782, 2, NVIDIA H100 80GB HBM3, P0, 95 %, 59 %, 81559 MiB, 38107 MiB, 42973 MiB, 49, 56, 406.90 W, 700.00 W, 700.00 W, 1980 MHz, 2619 MHz, [N/A]
2025/11/27 04:53:42.783, 3, NVIDIA H100 80GB HBM3, P0, 94 %, 47 %, 81559 MiB, 38837 MiB, 42243 MiB, 46, 55, 411.95 W, 700.00 W, 700.00 W, 1980 MHz, 2619 MHz, [N/A]
2025/11/27 04:53:42.784, 4, NVIDIA H100 80GB HBM3, P0, 97 %, 66 %, 81559 MiB, 37269 MiB, 43811 MiB, 42, 51, 379.48 W, 700.00 W, 700.00 W, 1980 MHz, 2619 MHz, [N/A]
2025/11/27 04:53:42.785, 5, NVIDIA H100 80GB HBM3, P0, 97 %, 33 %, 81559 MiB, 38205 MiB, 42875 MiB, 50, 58, 418.74 W, 700.00 W, 700.00 W, 1980 MHz, 2619 MHz, [N/A]
2025/11/27 04:53:42.785, 6, NVIDIA H100 80GB HBM3, P0, 96 %, 25 %, 81559 MiB, 38809 MiB, 42271 MiB, 48, 58, 380.21 W, 700.00 W, 700.00 W, 1980 MHz, 2619 MHz, [N/A]
2025/11/27 04:53:42.786, 7, NVIDIA H100 80GB HBM3, P0, 88 %, 51 %, 81559 MiB, 37307 MiB, 43773 MiB, 46, 54, 429.36 W, 700.00 W, 700.00 W, 1980 MHz, 2619 MHz, [N/A]
2025/11/27 04:53:47.788, 0, NVIDIA H100 80GB HBM3, P0, 100 %, 50 %, 81559 MiB, 37933 MiB, 43147 MiB, 45, 56, 425.02 W, 700.00 W, 700.00 W, 1980 MHz, 2619 MHz, [N/A]
2025/11/27 04:53:47.789, 1, NVIDIA H100 80GB HBM3, P0, 82 %, 31 %, 81559 MiB, 37813 MiB, 43267 MiB, 50, 58, 414.00 W, 700.00 W, 700.00 W, 1980 MHz, 2619 MHz, [N/A]
2025/11/27 04:53:47.790, 2, NVIDIA H100 80GB HBM3, P0, 97 %, 51 %, 81559 MiB, 38107 MiB, 42973 MiB, 50, 59, 401.19 W, 700.00 W, 700.00 W, 1980 MHz, 2619 MHz, [N/A]
2025/11/27 04:53:47.791, 3, NVIDIA H100 80GB HBM3, P0, 95 %, 53 %, 81559 MiB, 38835 MiB, 42245 MiB, 45, 57, 425.00 W, 700.00 W, 700.00 W, 1980 MHz, 2619 MHz, [N/A]
2025/11/27 04:53:47.792, 4, NVIDIA H100 80GB HBM3, P0, 98 %, 74 %, 81559 MiB, 37269 MiB, 43811 MiB, 44, 54, 435.40 W, 700.00 W, 700.00 W, 1980 MHz, 2619 MHz, [N/A]
2025/11/27 04:53:47.792, 5, NVIDIA H100 80GB HBM3, P0, 97 %, 43 %, 81559 MiB, 38205 MiB, 42875 MiB, 50, 57, 451.05 W, 700.00 W, 700.00 W, 1980 MHz, 2619 MHz, [N/A]
2025/11/27 04:53:47.793, 6, NVIDIA H100 80GB HBM3, P0, 100 %, 57 %, 81559 MiB, 38809 MiB, 42271 MiB, 49, 57, 400.75 W, 700.00 W, 700.00 W, 1980 MHz, 2619 MHz, [N/A]
2025/11/27 04:53:47.794, 7, NVIDIA H100 80GB HBM3, P0, 88 %, 53 %, 81559 MiB, 37305 MiB, 43775 MiB, 44, 54, 428.76 W, 700.00 W, 700.00 W, 1980 MHz, 2619 MHz, [N/A]
2025/11/27 04:53:52.795, 0, NVIDIA H100 80GB HBM3, P0, 92 %, 25 %, 81559 MiB, 37933 MiB, 43147 MiB, 44, 54, 340.82 W, 700.00 W, 700.00 W, 1980 MHz, 2619 MHz, [N/A]
2025/11/27 04:53:52.796, 1, NVIDIA H100 80GB HBM3, P0, 100 %, 49 %, 81559 MiB, 37813 MiB, 43267 MiB, 48, 56, 374.20 W, 700.00 W, 700.00 W, 1980 MHz, 2619 MHz, [N/A]
2025/11/27 04:53:52.797, 2, NVIDIA H100 80GB HBM3, P0, 97 %, 18 %, 81559 MiB, 38107 MiB, 42973 MiB, 50, 57, 374.78 W, 700.00 W, 700.00 W, 1980 MHz, 2619 MHz, [N/A]
2025/11/27 04:53:52.798, 3, NVIDIA H100 80GB HBM3, P0, 100 %, 19 %, 81559 MiB, 38835 MiB, 42245 MiB, 42, 52, 398.45 W, 700.00 W, 700.00 W, 1980 MHz, 2619 MHz, [N/A]
2025/11/27 04:53:52.798, 4, NVIDIA H100 80GB HBM3, P0, 97 %, 23 %, 81559 MiB, 37269 MiB, 43811 MiB, 42, 52, 356.54 W, 700.00 W, 700.00 W, 1980 MHz, 2619 MHz, [N/A]
2025/11/27 04:53:52.799, 5, NVIDIA H100 80GB HBM3, P0, 100 %, 65 %, 81559 MiB, 38205 MiB, 42875 MiB, 49, 55, 399.46 W, 700.00 W, 700.00 W, 1980 MHz, 2619 MHz, [N/A]
2025/11/27 04:53:52.800, 6, NVIDIA H100 80GB HBM3, P0, 90 %, 44 %, 81559 MiB, 38807 MiB, 42273 MiB, 48, 56, 383.54 W, 700.00 W, 700.00 W, 1980 MHz, 2619 MHz, [N/A]
2025/11/27 04:53:52.800, 7, NVIDIA H100 80GB HBM3, P0, 36 %, 18 %, 81559 MiB, 37305 MiB, 43775 MiB, 45, 53, 432.58 W, 700.00 W, 700.00 W, 1980 MHz, 2619 MHz, [N/A]
2025/11/27 04:53:57.801, 0, NVIDIA H100 80GB HBM3, P0, 96 %, 27 %, 81559 MiB, 37933 MiB, 43147 MiB, 45, 55, 426.24 W, 700.00 W, 700.00 W, 1980 MHz, 2619 MHz, [N/A]
2025/11/27 04:53:57.802, 1, NVIDIA H100 80GB HBM3, P0, 95 %, 74 %, 81559 MiB, 37813 MiB, 43267 MiB, 51, 60, 452.58 W, 700.00 W, 700.00 W, 1980 MHz, 2619 MHz, [N/A]
2025/11/27 04:53:57.803, 2, NVIDIA H100 80GB HBM3, P0, 97 %, 22 %, 81559 MiB, 38107 MiB, 42973 MiB, 51, 58, 420.06 W, 700.00 W, 700.00 W, 1980 MHz, 2619 MHz, [N/A]
2025/11/27 04:53:57.804, 3, NVIDIA H100 80GB HBM3, P0, 55 %, 23 %, 81559 MiB, 38833 MiB, 42247 MiB, 43, 53, 408.36 W, 700.00 W, 700.00 W, 1980 MHz, 2619 MHz, [N/A]
2025/11/27 04:53:57.805, 4, NVIDIA H100 80GB HBM3, P0, 96 %, 34 %, 81559 MiB, 37269 MiB, 43811 MiB, 43, 52, 414.27 W, 700.00 W, 700.00 W, 1980 MHz, 2619 MHz, [N/A]
2025/11/27 04:53:57.806, 5, NVIDIA H100 80GB HBM3, P0, 94 %, 52 %, 81559 MiB, 38201 MiB, 42879 MiB, 49, 55, 438.44 W, 700.00 W, 700.00 W, 1980 MHz, 2619 MHz, [N/A]
2025/11/27 04:53:57.807, 6, NVIDIA H100 80GB HBM3, P0, 80 %, 25 %, 81559 MiB, 38807 MiB, 42273 MiB, 48, 55, 413.85 W, 700.00 W, 700.00 W, 1980 MHz, 2619 MHz, [N/A]
2025/11/27 04:53:57.808, 7, NVIDIA H100 80GB HBM3, P0, 87 %, 27 %, 81559 MiB, 37305 MiB, 43775 MiB, 46, 55, 393.42 W, 700.00 W, 700.00 W, 1980 MHz, 2619 MHz, [N/A]
2025/11/27 04:54:02.810, 0, NVIDIA H100 80GB HBM3, P0, 85 %, 40 %, 81559 MiB, 37931 MiB, 43149 MiB, 44, 54, 413.41 W, 700.00 W, 700.00 W, 1980 MHz, 2619 MHz, [N/A]
2025/11/27 04:54:02.811, 1, NVIDIA H100 80GB HBM3, P0, 96 %, 37 %, 81559 MiB, 37813 MiB, 43267 MiB, 50, 58, 416.41 W, 700.00 W, 700.00 W, 1980 MHz, 2619 MHz, [N/A]
2025/11/27 04:54:02.812, 2, NVIDIA H100 80GB HBM3, P0, 91 %, 34 %, 81559 MiB, 38107 MiB, 42973 MiB, 51, 58, 414.37 W, 700.00 W, 700.00 W, 1980 MHz, 2619 MHz, [N/A]
2025/11/27 04:54:02.813, 3, NVIDIA H100 80GB HBM3, P0, 98 %, 25 %, 81559 MiB, 38833 MiB, 42247 MiB, 44, 56, 403.42 W, 700.00 W, 700.00 W, 1980 MHz, 2619 MHz, [N/A]
2025/11/27 04:54:02.814, 4, NVIDIA H100 80GB HBM3, P0, 95 %, 39 %, 81559 MiB, 37269 MiB, 43811 MiB, 42, 50, 404.21 W, 700.00 W, 700.00 W, 1980 MHz, 2619 MHz, [N/A]
2025/11/27 04:54:02.815, 5, NVIDIA H100 80GB HBM3, P0, 100 %, 52 %, 81559 MiB, 38201 MiB, 42879 MiB, 49, 55, 454.87 W, 700.00 W, 700.00 W, 1980 MHz, 2619 MHz, [N/A]
2025/11/27 04:54:02.815, 6, NVIDIA H100 80GB HBM3, P0, 92 %, 61 %, 81559 MiB, 38807 MiB, 42273 MiB, 48, 55, 409.08 W, 700.00 W, 700.00 W, 1980 MHz, 2619 MHz, [N/A]
2025/11/27 04:54:02.816, 7, NVIDIA H100 80GB HBM3, P0, 94 %, 26 %, 81559 MiB, 37301 MiB, 43779 MiB, 45, 54, 436.21 W, 700.00 W, 700.00 W, 1980 MHz, 2619 MHz, [N/A]
2025/11/27 04:54:07.818, 0, NVIDIA H100 80GB HBM3, P0, 94 %, 61 %, 81559 MiB, 37931 MiB, 43149 MiB, 45, 56, 423.26 W, 700.00 W, 700.00 W, 1980 MHz, 2619 MHz, [N/A]
2025/11/27 04:54:07.819, 1, NVIDIA H100 80GB HBM3, P0, 90 %, 53 %, 81559 MiB, 37811 MiB, 43269 MiB, 50, 58, 443.64 W, 700.00 W, 700.00 W, 1980 MHz, 2619 MHz, [N/A]
2025/11/27 04:54:07.820, 2, NVIDIA H100 80GB HBM3, P0, 96 %, 58 %, 81559 MiB, 38107 MiB, 42973 MiB, 51, 60, 423.13 W, 700.00 W, 700.00 W, 1980 MHz, 2619 MHz, [N/A]
2025/11/27 04:54:07.821, 3, NVIDIA H100 80GB HBM3, P0, 95 %, 55 %, 81559 MiB, 38833 MiB, 42247 MiB, 48, 58, 423.20 W, 700.00 W, 700.00 W, 1980 MHz, 2619 MHz, [N/A]
2025/11/27 04:54:07.822, 4, NVIDIA H100 80GB HBM3, P0, 97 %, 72 %, 81559 MiB, 37269 MiB, 43811 MiB, 45, 53, 449.43 W, 700.00 W, 700.00 W, 1980 MHz, 2619 MHz, [N/A]
2025/11/27 04:54:07.823, 5, NVIDIA H100 80GB HBM3, P0, 94 %, 44 %, 81559 MiB, 38201 MiB, 42879 MiB, 50, 57, 436.41 W, 700.00 W, 700.00 W, 1980 MHz, 2619 MHz, [N/A]
2025/11/27 04:54:07.824, 6, NVIDIA H100 80GB HBM3, P0, 100 %, 69 %, 81559 MiB, 38807 MiB, 42273 MiB, 49, 59, 445.55 W, 700.00 W, 700.00 W, 1980 MHz, 2619 MHz, [N/A]
2025/11/27 04:54:07.825, 7, NVIDIA H100 80GB HBM3, P0, 88 %, 53 %, 81559 MiB, 37301 MiB, 43779 MiB, 46, 55, 453.09 W, 700.00 W, 700.00 W, 1980 MHz, 2619 MHz, [N/A]
2025/11/27 04:54:12.826, 0, NVIDIA H100 80GB HBM3, P0, 97 %, 46 %, 81559 MiB, 37931 MiB, 43149 MiB, 49, 59, 442.66 W, 700.00 W, 700.00 W, 1980 MHz, 2619 MHz, [N/A]
2025/11/27 04:54:12.828, 1, NVIDIA H100 80GB HBM3, P0, 80 %, 48 %, 81559 MiB, 37811 MiB, 43269 MiB, 52, 61, 468.34 W, 700.00 W, 700.00 W, 1980 MHz, 2619 MHz, [N/A]
2025/11/27 04:54:12.828, 2, NVIDIA H100 80GB HBM3, P0, 97 %, 40 %, 81559 MiB, 38107 MiB, 42973 MiB, 53, 61, 442.43 W, 700.00 W, 700.00 W, 1980 MHz, 2619 MHz, [N/A]
2025/11/27 04:54:12.829, 3, NVIDIA H100 80GB HBM3, P0, 96 %, 41 %, 81559 MiB, 38833 MiB, 42247 MiB, 44, 55, 462.16 W, 700.00 W, 700.00 W, 1980 MHz, 2619 MHz, [N/A]
2025/11/27 04:54:12.830, 4, NVIDIA H100 80GB HBM3, P0, 96 %, 42 %, 81559 MiB, 37269 MiB, 43811 MiB, 46, 54, 457.66 W, 700.00 W, 700.00 W, 1980 MHz, 2619 MHz, [N/A]
2025/11/27 04:54:12.831, 5, NVIDIA H100 80GB HBM3, P0, 96 %, 58 %, 81559 MiB, 38201 MiB, 42879 MiB, 52, 58, 443.76 W, 700.00 W, 700.00 W, 1980 MHz, 2619 MHz, [N/A]
2025/11/27 04:54:12.832, 6, NVIDIA H100 80GB HBM3, P0, 72 %, 41 %, 81559 MiB, 38807 MiB, 42273 MiB, 50, 57, 426.32 W, 700.00 W, 700.00 W, 1980 MHz, 2619 MHz, [N/A]
2025/11/27 04:54:12.833, 7, NVIDIA H100 80GB HBM3, P0, 82 %, 48 %, 81559 MiB, 37301 MiB, 43779 MiB, 48, 57, 458.20 W, 700.00 W, 700.00 W, 1980 MHz, 2619 MHz, [N/A]
2025/11/27 04:54:17.834, 0, NVIDIA H100 80GB HBM3, P0, 92 %, 60 %, 81559 MiB, 37931 MiB, 43149 MiB, 45, 56, 397.27 W, 700.00 W, 700.00 W, 1980 MHz, 2619 MHz, [N/A]
2025/11/27 04:54:17.836, 1, NVIDIA H100 80GB HBM3, P0, 83 %, 50 %, 81559 MiB, 37809 MiB, 43271 MiB, 51, 59, 448.08 W, 700.00 W, 700.00 W, 1980 MHz, 2619 MHz, [N/A]
2025/11/27 04:54:17.837, 2, NVIDIA H100 80GB HBM3, P0, 95 %, 58 %, 81559 MiB, 38105 MiB, 42975 MiB, 52, 60, 386.38 W, 700.00 W, 700.00 W, 1980 MHz, 2619 MHz, [N/A]
2025/11/27 04:54:17.838, 3, NVIDIA H100 80GB HBM3, P0, 94 %, 52 %, 81559 MiB, 38833 MiB, 42247 MiB, 45, 58, 431.25 W, 700.00 W, 700.00 W, 1980 MHz, 2619 MHz, [N/A]
2025/11/27 04:54:17.839, 4, NVIDIA H100 80GB HBM3, P0, 94 %, 60 %, 81559 MiB, 37269 MiB, 43811 MiB, 43, 53, 389.14 W, 700.00 W, 700.00 W, 1980 MHz, 2619 MHz, [N/A]
2025/11/27 04:54:17.839, 5, NVIDIA H100 80GB HBM3, P0, 96 %, 43 %, 81559 MiB, 38201 MiB, 42879 MiB, 51, 59, 427.06 W, 700.00 W, 700.00 W, 1980 MHz, 2619 MHz, [N/A]
2025/11/27 04:54:17.840, 6, NVIDIA H100 80GB HBM3, P0, 100 %, 77 %, 81559 MiB, 38805 MiB, 42275 MiB, 50, 59, 405.55 W, 700.00 W, 700.00 W, 1980 MHz, 2619 MHz, [N/A]
2025/11/27 04:54:17.841, 7, NVIDIA H100 80GB HBM3, P0, 74 %, 47 %, 81559 MiB, 37301 MiB, 43779 MiB, 46, 53, 404.73 W, 700.00 W, 700.00 W, 1980 MHz, 2619 MHz, [N/A]
2025/11/27 04:54:22.843, 0, NVIDIA H100 80GB HBM3, P0, 100 %, 30 %, 81559 MiB, 37931 MiB, 43149 MiB, 46, 53, 395.08 W, 700.00 W, 700.00 W, 1980 MHz, 2619 MHz, [N/A]
2025/11/27 04:54:22.844, 1, NVIDIA H100 80GB HBM3, P0, 94 %, 32 %, 81559 MiB, 37809 MiB, 43271 MiB, 48, 56, 388.69 W, 700.00 W, 700.00 W, 1980 MHz, 2619 MHz, [N/A]
2025/11/27 04:54:22.846, 2, NVIDIA H100 80GB HBM3, P0, 100 %, 34 %, 81559 MiB, 38103 MiB, 42977 MiB, 50, 58, 388.64 W, 700.00 W, 700.00 W, 1980 MHz, 2619 MHz, [N/A]
2025/11/27 04:54:22.846, 3, NVIDIA H100 80GB HBM3, P0, 87 %, 54 %, 81559 MiB, 38829 MiB, 42251 MiB, 48, 57, 458.56 W, 700.00 W, 700.00 W, 1965 MHz, 2619 MHz, [N/A]
2025/11/27 04:54:22.847, 4, NVIDIA H100 80GB HBM3, P0, 70 %, 24 %, 81559 MiB, 37269 MiB, 43811 MiB, 42, 49, 369.80 W, 700.00 W, 700.00 W, 1980 MHz, 2619 MHz, [N/A]
2025/11/27 04:54:22.848, 5, NVIDIA H100 80GB HBM3, P0, 96 %, 22 %, 81559 MiB, 38199 MiB, 42881 MiB, 49, 56, 396.11 W, 700.00 W, 700.00 W, 1980 MHz, 2619 MHz, [N/A]
2025/11/27 04:54:22.849, 6, NVIDIA H100 80GB HBM3, P0, 85 %, 32 %, 81559 MiB, 38805 MiB, 42275 MiB, 49, 57, 392.80 W, 700.00 W, 700.00 W, 1980 MHz, 2619 MHz, [N/A]
2025/11/27 04:54:22.850, 7, NVIDIA H100 80GB HBM3, P0, 78 %, 33 %, 81559 MiB, 37301 MiB, 43779 MiB, 44, 52, 382.03 W, 700.00 W, 700.00 W, 1980 MHz, 2619 MHz, [N/A]
2025/11/27 04:54:27.851, 0, NVIDIA H100 80GB HBM3, P0, 97 %, 68 %, 81559 MiB, 37931 MiB, 43149 MiB, 45, 55, 448.00 W, 700.00 W, 700.00 W, 1980 MHz, 2619 MHz, [N/A]
2025/11/27 04:54:27.852, 1, NVIDIA H100 80GB HBM3, P0, 89 %, 51 %, 81559 MiB, 37809 MiB, 43271 MiB, 49, 58, 431.05 W, 700.00 W, 700.00 W, 1980 MHz, 2619 MHz, [N/A]
2025/11/27 04:54:27.853, 2, NVIDIA H100 80GB HBM3, P0, 96 %, 62 %, 81559 MiB, 38103 MiB, 42977 MiB, 50, 58, 404.45 W, 700.00 W, 700.00 W, 1980 MHz, 2619 MHz, [N/A]
2025/11/27 04:54:27.854, 3, NVIDIA H100 80GB HBM3, P0, 95 %, 50 %, 81559 MiB, 38829 MiB, 42251 MiB, 47, 59, 450.76 W, 700.00 W, 700.00 W, 1980 MHz, 2619 MHz, [N/A]
2025/11/27 04:54:27.854, 4, NVIDIA H100 80GB HBM3, P0, 97 %, 71 %, 81559 MiB, 37269 MiB, 43811 MiB, 43, 52, 418.04 W, 700.00 W, 700.00 W, 1980 MHz, 2619 MHz, [N/A]
2025/11/27 04:54:27.855, 5, NVIDIA H100 80GB HBM3, P0, 94 %, 29 %, 81559 MiB, 38199 MiB, 42881 MiB, 50, 57, 425.93 W, 700.00 W, 700.00 W, 1980 MHz, 2619 MHz, [N/A]
2025/11/27 04:54:27.856, 6, NVIDIA H100 80GB HBM3, P0, 100 %, 73 %, 81559 MiB, 38805 MiB, 42275 MiB, 50, 59, 426.39 W, 700.00 W, 700.00 W, 1980 MHz, 2619 MHz, [N/A]
2025/11/27 04:54:27.856, 7, NVIDIA H100 80GB HBM3, P0, 71 %, 49 %, 81559 MiB, 37301 MiB, 43779 MiB, 44, 53, 395.29 W, 700.00 W, 700.00 W, 1980 MHz, 2619 MHz, [N/A]
2025/11/27 04:54:32.858, 0, NVIDIA H100 80GB HBM3, P0, 96 %, 43 %, 81559 MiB, 37931 MiB, 43149 MiB, 48, 59, 436.02 W, 700.00 W, 700.00 W, 1980 MHz, 2619 MHz, [N/A]
2025/11/27 04:54:32.860, 1, NVIDIA H100 80GB HBM3, P0, 95 %, 51 %, 81559 MiB, 37809 MiB, 43271 MiB, 51, 60, 417.26 W, 700.00 W, 700.00 W, 1980 MHz, 2619 MHz, [N/A]
2025/11/27 04:54:32.860, 2, NVIDIA H100 80GB HBM3, P0, 96 %, 56 %, 81559 MiB, 38101 MiB, 42979 MiB, 55, 63, 452.07 W, 700.00 W, 700.00 W, 1980 MHz, 2619 MHz, [N/A]
2025/11/27 04:54:32.861, 3, NVIDIA H100 80GB HBM3, P0, 96 %, 52 %, 81559 MiB, 38829 MiB, 42251 MiB, 46, 57, 438.17 W, 700.00 W, 700.00 W, 1980 MHz, 2619 MHz, [N/A]
2025/11/27 04:54:32.862, 4, NVIDIA H100 80GB HBM3, P0, 96 %, 49 %, 81559 MiB, 37267 MiB, 43813 MiB, 45, 55, 403.73 W, 700.00 W, 700.00 W, 1980 MHz, 2619 MHz, [N/A]
2025/11/27 04:54:32.863, 5, NVIDIA H100 80GB HBM3, P0, 100 %, 64 %, 81559 MiB, 38195 MiB, 42885 MiB, 51, 58, 428.30 W, 700.00 W, 700.00 W, 1980 MHz, 2619 MHz, [N/A]
2025/11/27 04:54:32.863, 6, NVIDIA H100 80GB HBM3, P0, 62 %, 32 %, 81559 MiB, 38805 MiB, 42275 MiB, 50, 58, 430.41 W, 700.00 W, 700.00 W, 1980 MHz, 2619 MHz, [N/A]
2025/11/27 04:54:32.864, 7, NVIDIA H100 80GB HBM3, P0, 90 %, 58 %, 81559 MiB, 37301 MiB, 43779 MiB, 48, 57, 462.62 W, 700.00 W, 700.00 W, 1980 MHz, 2619 MHz, [N/A]
2025/11/27 04:54:37.866, 0, NVIDIA H100 80GB HBM3, P0, 100 %, 58 %, 81559 MiB, 37931 MiB, 43149 MiB, 45, 54, 394.35 W, 700.00 W, 700.00 W, 1980 MHz, 2619 MHz, [N/A]
2025/11/27 04:54:37.867, 1, NVIDIA H100 80GB HBM3, P0, 96 %, 59 %, 81559 MiB, 37809 MiB, 43271 MiB, 49, 58, 380.70 W, 700.00 W, 700.00 W, 1980 MHz, 2619 MHz, [N/A]
2025/11/27 04:54:37.868, 2, NVIDIA H100 80GB HBM3, P0, 100 %, 77 %, 81559 MiB, 38101 MiB, 42979 MiB, 54, 62, 469.70 W, 700.00 W, 700.00 W, 1980 MHz, 2619 MHz, [N/A]
2025/11/27 04:54:37.869, 3, NVIDIA H100 80GB HBM3, P0, 95 %, 57 %, 81559 MiB, 38829 MiB, 42251 MiB, 44, 54, 397.51 W, 700.00 W, 700.00 W, 1980 MHz, 2619 MHz, [N/A]
2025/11/27 04:54:37.869, 4, NVIDIA H100 80GB HBM3, P0, 100 %, 58 %, 81559 MiB, 37265 MiB, 43815 MiB, 44, 55, 375.58 W, 700.00 W, 700.00 W, 1980 MHz, 2619 MHz, [N/A]
2025/11/27 04:54:37.870, 5, NVIDIA H100 80GB HBM3, P0, 93 %, 45 %, 81559 MiB, 38195 MiB, 42885 MiB, 49, 56, 409.10 W, 700.00 W, 700.00 W, 1980 MHz, 2619 MHz, [N/A]
2025/11/27 04:54:37.871, 6, NVIDIA H100 80GB HBM3, P0, 90 %, 62 %, 81559 MiB, 38803 MiB, 42277 MiB, 52, 59, 401.66 W, 700.00 W, 700.00 W, 1980 MHz, 2619 MHz, [N/A]
2025/11/27 04:54:37.872, 7, NVIDIA H100 80GB HBM3, P0, 92 %, 57 %, 81559 MiB, 37301 MiB, 43779 MiB, 44, 53, 372.71 W, 700.00 W, 700.00 W, 1980 MHz, 2619 MHz, [N/A]
2025/11/27 04:54:42.873, 0, NVIDIA H100 80GB HBM3, P0, 97 %, 66 %, 81559 MiB, 37931 MiB, 43149 MiB, 46, 58, 455.41 W, 700.00 W, 700.00 W, 1980 MHz, 2619 MHz, [N/A]
2025/11/27 04:54:42.874, 1, NVIDIA H100 80GB HBM3, P0, 84 %, 57 %, 81559 MiB, 37807 MiB, 43273 MiB, 50, 58, 432.28 W, 700.00 W, 700.00 W, 1980 MHz, 2619 MHz, [N/A]
2025/11/27 04:54:42.875, 2, NVIDIA H100 80GB HBM3, P0, 96 %, 67 %, 81559 MiB, 38101 MiB, 42979 MiB, 54, 62, 481.60 W, 700.00 W, 700.00 W, 1980 MHz, 2619 MHz, [N/A]
2025/11/27 04:54:42.876, 3, NVIDIA H100 80GB HBM3, P0, 94 %, 57 %, 81559 MiB, 38829 MiB, 42251 MiB, 45, 57, 443.01 W, 700.00 W, 700.00 W, 1980 MHz, 2619 MHz, [N/A]
2025/11/27 04:54:42.877, 4, NVIDIA H100 80GB HBM3, P0, 90 %, 63 %, 81559 MiB, 37265 MiB, 43815 MiB, 43, 53, 446.30 W, 700.00 W, 700.00 W, 1980 MHz, 2619 MHz, [N/A]
2025/11/27 04:54:42.878, 5, NVIDIA H100 80GB HBM3, P0, 93 %, 46 %, 81559 MiB, 38195 MiB, 42885 MiB, 50, 58, 438.21 W, 700.00 W, 700.00 W, 1980 MHz, 2619 MHz, [N/A]
2025/11/27 04:54:42.878, 6, NVIDIA H100 80GB HBM3, P0, 100 %, 63 %, 81559 MiB, 38801 MiB, 42279 MiB, 49, 60, 444.98 W, 700.00 W, 700.00 W, 1980 MHz, 2619 MHz, [N/A]
2025/11/27 04:54:42.879, 7, NVIDIA H100 80GB HBM3, P0, 83 %, 55 %, 81559 MiB, 37301 MiB, 43779 MiB, 46, 55, 456.43 W, 700.00 W, 700.00 W, 1980 MHz, 2619 MHz, [N/A]
2025/11/27 04:54:47.881, 0, NVIDIA H100 80GB HBM3, P0, 96 %, 27 %, 81559 MiB, 37931 MiB, 43149 MiB, 46, 59, 394.85 W, 700.00 W, 700.00 W, 1980 MHz, 2619 MHz, [N/A]
2025/11/27 04:54:47.883, 1, NVIDIA H100 80GB HBM3, P0, 96 %, 35 %, 81559 MiB, 37807 MiB, 43273 MiB, 52, 61, 418.89 W, 700.00 W, 700.00 W, 1980 MHz, 2619 MHz, [N/A]
2025/11/27 04:54:47.884, 2, NVIDIA H100 80GB HBM3, P0, 59 %, 23 %, 81559 MiB, 38101 MiB, 42979 MiB, 53, 62, 426.25 W, 700.00 W, 700.00 W, 1980 MHz, 2619 MHz, [N/A]
2025/11/27 04:54:47.885, 3, NVIDIA H100 80GB HBM3, P0, 96 %, 42 %, 81559 MiB, 38829 MiB, 42251 MiB, 47, 58, 417.13 W, 700.00 W, 700.00 W, 1980 MHz, 2619 MHz, [N/A]
2025/11/27 04:54:47.885, 4, NVIDIA H100 80GB HBM3, P0, 96 %, 22 %, 81559 MiB, 37265 MiB, 43815 MiB, 44, 52, 374.88 W, 700.00 W, 700.00 W, 1980 MHz, 2619 MHz, [N/A]
2025/11/27 04:54:47.886, 5, NVIDIA H100 80GB HBM3, P0, 100 %, 47 %, 81559 MiB, 38195 MiB, 42885 MiB, 52, 61, 441.50 W, 700.00 W, 700.00 W, 1980 MHz, 2619 MHz, [N/A]
2025/11/27 04:54:47.887, 6, NVIDIA H100 80GB HBM3, P0, 76 %, 37 %, 81559 MiB, 38801 MiB, 42279 MiB, 52, 60, 405.64 W, 700.00 W, 700.00 W, 1980 MHz, 2619 MHz, [N/A]
2025/11/27 04:54:47.888, 7, NVIDIA H100 80GB HBM3, P0, 94 %, 40 %, 81559 MiB, 37301 MiB, 43779 MiB, 48, 57, 420.69 W, 700.00 W, 700.00 W, 1980 MHz, 2619 MHz, [N/A]
2025/11/27 04:54:52.889, 0, NVIDIA H100 80GB HBM3, P0, 97 %, 65 %, 81559 MiB, 37931 MiB, 43149 MiB, 46, 55, 375.65 W, 700.00 W, 700.00 W, 1980 MHz, 2619 MHz, [N/A]
2025/11/27 04:54:52.890, 1, NVIDIA H100 80GB HBM3, P0, 78 %, 58 %, 81559 MiB, 37807 MiB, 43273 MiB, 49, 57, 398.96 W, 700.00 W, 700.00 W, 1980 MHz, 2619 MHz, [N/A]
2025/11/27 04:54:52.891, 2, NVIDIA H100 80GB HBM3, P0, 97 %, 65 %, 81559 MiB, 38101 MiB, 42979 MiB, 53, 59, 425.18 W, 700.00 W, 700.00 W, 1980 MHz, 2619 MHz, [N/A]
2025/11/27 04:54:52.892, 3, NVIDIA H100 80GB HBM3, P0, 94 %, 51 %, 81559 MiB, 38829 MiB, 42251 MiB, 43, 53, 372.54 W, 700.00 W, 700.00 W, 1980 MHz, 2619 MHz, [N/A]
2025/11/27 04:54:52.892, 4, NVIDIA H100 80GB HBM3, P0, 97 %, 73 %, 81559 MiB, 37265 MiB, 43815 MiB, 45, 53, 393.39 W, 700.00 W, 700.00 W, 1980 MHz, 2619 MHz, [N/A]
2025/11/27 04:54:52.893, 5, NVIDIA H100 80GB HBM3, P0, 93 %, 32 %, 81559 MiB, 38195 MiB, 42885 MiB, 49, 56, 364.77 W, 700.00 W, 700.00 W, 1980 MHz, 2619 MHz, [N/A]
2025/11/27 04:54:52.894, 6, NVIDIA H100 80GB HBM3, P0, 100 %, 66 %, 81559 MiB, 38801 MiB, 42279 MiB, 49, 56, 387.49 W, 700.00 W, 700.00 W, 1980 MHz, 2619 MHz, [N/A]
2025/11/27 04:54:52.894, 7, NVIDIA H100 80GB HBM3, P0, 88 %, 55 %, 81559 MiB, 37299 MiB, 43781 MiB, 45, 53, 398.89 W, 700.00 W, 700.00 W, 1980 MHz, 2619 MHz, [N/A]
2025/11/27 04:54:57.896, 0, NVIDIA H100 80GB HBM3, P0, 98 %, 39 %, 81559 MiB, 37927 MiB, 43153 MiB, 48, 59, 398.93 W, 700.00 W, 700.00 W, 1980 MHz, 2619 MHz, [N/A]
2025/11/27 04:54:57.897, 1, NVIDIA H100 80GB HBM3, P0, 91 %, 42 %, 81559 MiB, 37807 MiB, 43273 MiB, 51, 61, 411.39 W, 700.00 W, 700.00 W, 1980 MHz, 2619 MHz, [N/A]
2025/11/27 04:54:57.898, 2, NVIDIA H100 80GB HBM3, P0, 96 %, 39 %, 81559 MiB, 38101 MiB, 42979 MiB, 54, 62, 439.29 W, 700.00 W, 700.00 W, 1980 MHz, 2619 MHz, [N/A]
2025/11/27 04:54:57.899, 3, NVIDIA H100 80GB HBM3, P0, 96 %, 39 %, 81559 MiB, 38829 MiB, 42251 MiB, 46, 58, 402.15 W, 700.00 W, 700.00 W, 1980 MHz, 2619 MHz, [N/A]
2025/11/27 04:54:57.899, 4, NVIDIA H100 80GB HBM3, P0, 97 %, 39 %, 81559 MiB, 37265 MiB, 43815 MiB, 46, 56, 431.39 W, 700.00 W, 700.00 W, 1980 MHz, 2619 MHz, [N/A]
2025/11/27 04:54:57.900, 5, NVIDIA H100 80GB HBM3, P0, 96 %, 54 %, 81559 MiB, 38195 MiB, 42885 MiB, 52, 60, 425.97 W, 700.00 W, 700.00 W, 1980 MHz, 2619 MHz, [N/A]
2025/11/27 04:54:57.901, 6, NVIDIA H100 80GB HBM3, P0, 95 %, 72 %, 81559 MiB, 38801 MiB, 42279 MiB, 51, 61, 437.54 W, 700.00 W, 700.00 W, 1980 MHz, 2619 MHz, [N/A]
2025/11/27 04:54:57.901, 7, NVIDIA H100 80GB HBM3, P0, 79 %, 43 %, 81559 MiB, 37299 MiB, 43781 MiB, 48, 55, 409.22 W, 700.00 W, 700.00 W, 1980 MHz, 2619 MHz, [N/A]
2025/11/27 04:55:02.902, 0, NVIDIA H100 80GB HBM3, P0, 94 %, 57 %, 81559 MiB, 37927 MiB, 43153 MiB, 48, 59, 438.82 W, 700.00 W, 700.00 W, 1980 MHz, 2619 MHz, [N/A]
2025/11/27 04:55:02.904, 1, NVIDIA H100 80GB HBM3, P0, 82 %, 43 %, 81559 MiB, 37807 MiB, 43273 MiB, 52, 58, 487.77 W, 700.00 W, 700.00 W, 1980 MHz, 2619 MHz, [N/A]
2025/11/27 04:55:02.904, 2, NVIDIA H100 80GB HBM3, P0, 95 %, 54 %, 81559 MiB, 38101 MiB, 42979 MiB, 54, 64, 499.18 W, 700.00 W, 700.00 W, 1980 MHz, 2619 MHz, [N/A]
2025/11/27 04:55:02.905, 3, NVIDIA H100 80GB HBM3, P0, 94 %, 46 %, 81559 MiB, 38829 MiB, 42251 MiB, 46, 59, 435.39 W, 700.00 W, 700.00 W, 1980 MHz, 2619 MHz, [N/A]
2025/11/27 04:55:02.906, 4, NVIDIA H100 80GB HBM3, P0, 95 %, 56 %, 81559 MiB, 37265 MiB, 43815 MiB, 47, 57, 480.23 W, 700.00 W, 700.00 W, 1980 MHz, 2619 MHz, [N/A]
2025/11/27 04:55:02.907, 5, NVIDIA H100 80GB HBM3, P0, 94 %, 30 %, 81559 MiB, 38195 MiB, 42885 MiB, 51, 59, 432.30 W, 700.00 W, 700.00 W, 1980 MHz, 2619 MHz, [N/A]
2025/11/27 04:55:02.908, 6, NVIDIA H100 80GB HBM3, P0, 94 %, 60 %, 81559 MiB, 38801 MiB, 42279 MiB, 51, 61, 417.17 W, 700.00 W, 700.00 W, 1980 MHz, 2619 MHz, [N/A]
2025/11/27 04:55:02.909, 7, NVIDIA H100 80GB HBM3, P0, 70 %, 42 %, 81559 MiB, 37299 MiB, 43781 MiB, 46, 55, 424.26 W, 700.00 W, 700.00 W, 1980 MHz, 2619 MHz, [N/A]
2025/11/27 04:55:07.910, 0, NVIDIA H100 80GB HBM3, P0, 96 %, 33 %, 81559 MiB, 37927 MiB, 43153 MiB, 46, 58, 394.00 W, 700.00 W, 700.00 W, 1980 MHz, 2619 MHz, [N/A]
2025/11/27 04:55:07.911, 1, NVIDIA H100 80GB HBM3, P0, 92 %, 63 %, 81559 MiB, 37805 MiB, 43275 MiB, 52, 61, 428.77 W, 700.00 W, 700.00 W, 1980 MHz, 2619 MHz, [N/A]
2025/11/27 04:55:07.912, 2, NVIDIA H100 80GB HBM3, P0, 63 %, 38 %, 81559 MiB, 38099 MiB, 42981 MiB, 54, 63, 455.29 W, 700.00 W, 700.00 W, 1980 MHz, 2619 MHz, [N/A]
2025/11/27 04:55:07.913, 3, NVIDIA H100 80GB HBM3, P0, 100 %, 44 %, 81559 MiB, 38829 MiB, 42251 MiB, 47, 58, 411.30 W, 700.00 W, 700.00 W, 1980 MHz, 2619 MHz, [N/A]
2025/11/27 04:55:07.914, 4, NVIDIA H100 80GB HBM3, P0, 96 %, 33 %, 81559 MiB, 37263 MiB, 43817 MiB, 44, 54, 367.49 W, 700.00 W, 700.00 W, 1980 MHz, 2619 MHz, [N/A]
2025/11/27 04:55:07.915, 5, NVIDIA H100 80GB HBM3, P0, 100 %, 59 %, 81559 MiB, 38195 MiB, 42885 MiB, 51, 59, 415.92 W, 700.00 W, 700.00 W, 1980 MHz, 2619 MHz, [N/A]
2025/11/27 04:55:07.915, 6, NVIDIA H100 80GB HBM3, P0, 81 %, 54 %, 81559 MiB, 38801 MiB, 42279 MiB, 49, 58, 364.89 W, 700.00 W, 700.00 W, 1980 MHz, 2619 MHz, [N/A]
2025/11/27 04:55:07.916, 7, NVIDIA H100 80GB HBM3, P0, 100 %, 40 %, 81559 MiB, 37299 MiB, 43781 MiB, 46, 55, 377.96 W, 700.00 W, 700.00 W, 1980 MHz, 2619 MHz, [N/A]
2025/11/27 04:55:12.917, 0, NVIDIA H100 80GB HBM3, P0, 100 %, 22 %, 81559 MiB, 37927 MiB, 43153 MiB, 46, 56, 357.43 W, 700.00 W, 700.00 W, 1980 MHz, 2619 MHz, [N/A]
2025/11/27 04:55:12.918, 1, NVIDIA H100 80GB HBM3, P0, 100 %, 26 %, 81559 MiB, 37803 MiB, 43277 MiB, 49, 56, 401.52 W, 700.00 W, 700.00 W, 1980 MHz, 2619 MHz, [N/A]
2025/11/27 04:55:12.919, 2, NVIDIA H100 80GB HBM3, P0, 100 %, 21 %, 81559 MiB, 38099 MiB, 42981 MiB, 52, 60, 405.25 W, 700.00 W, 700.00 W, 1980 MHz, 2619 MHz, [N/A]
2025/11/27 04:55:12.920, 3, NVIDIA H100 80GB HBM3, P0, 96 %, 22 %, 81559 MiB, 38827 MiB, 42253 MiB, 43, 53, 374.84 W, 700.00 W, 700.00 W, 1980 MHz, 2619 MHz, [N/A]
2025/11/27 04:55:12.921, 4, NVIDIA H100 80GB HBM3, P0, 100 %, 37 %, 81559 MiB, 37263 MiB, 43817 MiB, 47, 53, 400.70 W, 700.00 W, 700.00 W, 1980 MHz, 2619 MHz, [N/A]
2025/11/27 04:55:12.922, 5, NVIDIA H100 80GB HBM3, P0, 83 %, 13 %, 81559 MiB, 38195 MiB, 42885 MiB, 50, 56, 408.69 W, 700.00 W, 700.00 W, 1980 MHz, 2619 MHz, [N/A]
2025/11/27 04:55:12.923, 6, NVIDIA H100 80GB HBM3, P0, 100 %, 40 %, 81559 MiB, 38801 MiB, 42279 MiB, 50, 60, 388.70 W, 700.00 W, 700.00 W, 1980 MHz, 2619 MHz, [N/A]
2025/11/27 04:55:12.923, 7, NVIDIA H100 80GB HBM3, P0, 98 %, 20 %, 81559 MiB, 37299 MiB, 43781 MiB, 46, 54, 373.88 W, 700.00 W, 700.00 W, 1980 MHz, 2619 MHz, [N/A]
2025/11/27 04:55:17.925, 0, NVIDIA H100 80GB HBM3, P0, 97 %, 63 %, 81559 MiB, 37927 MiB, 43153 MiB, 47, 57, 414.52 W, 700.00 W, 700.00 W, 1980 MHz, 2619 MHz, [N/A]
2025/11/27 04:55:17.926, 1, NVIDIA H100 80GB HBM3, P0, 89 %, 40 %, 81559 MiB, 37803 MiB, 43277 MiB, 51, 59, 405.25 W, 700.00 W, 700.00 W, 1980 MHz, 2619 MHz, [N/A]
2025/11/27 04:55:17.927, 2, NVIDIA H100 80GB HBM3, P0, 96 %, 63 %, 81559 MiB, 38097 MiB, 42983 MiB, 53, 60, 443.73 W, 700.00 W, 700.00 W, 1980 MHz, 2619 MHz, [N/A]
2025/11/27 04:55:17.929, 3, NVIDIA H100 80GB HBM3, P0, 94 %, 53 %, 81559 MiB, 38827 MiB, 42253 MiB, 46, 56, 435.87 W, 700.00 W, 700.00 W, 1980 MHz, 2619 MHz, [N/A]
2025/11/27 04:55:17.930, 4, NVIDIA H100 80GB HBM3, P0, 97 %, 74 %, 81559 MiB, 37263 MiB, 43817 MiB, 45, 55, 452.51 W, 700.00 W, 700.00 W, 1980 MHz, 2619 MHz, [N/A]
2025/11/27 04:55:17.932, 5, NVIDIA H100 80GB HBM3, P0, 93 %, 42 %, 81559 MiB, 38195 MiB, 42885 MiB, 51, 57, 392.63 W, 700.00 W, 700.00 W, 1980 MHz, 2619 MHz, [N/A]
2025/11/27 04:55:17.933, 6, NVIDIA H100 80GB HBM3, P0, 80 %, 50 %, 81559 MiB, 38801 MiB, 42279 MiB, 51, 60, 399.78 W, 700.00 W, 700.00 W, 1980 MHz, 2619 MHz, [N/A]
2025/11/27 04:55:17.933, 7, NVIDIA H100 80GB HBM3, P0, 82 %, 52 %, 81559 MiB, 37299 MiB, 43781 MiB, 48, 57, 420.95 W, 700.00 W, 700.00 W, 1980 MHz, 2619 MHz, [N/A]
2025/11/27 04:55:22.936, 0, NVIDIA H100 80GB HBM3, P0, 96 %, 28 %, 81559 MiB, 37927 MiB, 43153 MiB, 46, 57, 419.72 W, 700.00 W, 700.00 W, 1980 MHz, 2619 MHz, [N/A]
2025/11/27 04:55:22.937, 1, NVIDIA H100 80GB HBM3, P0, 100 %, 46 %, 81559 MiB, 37803 MiB, 43277 MiB, 51, 60, 421.17 W, 700.00 W, 700.00 W, 1980 MHz, 2619 MHz, [N/A]
2025/11/27 04:55:22.938, 2, NVIDIA H100 80GB HBM3, P0, 96 %, 38 %, 81559 MiB, 38097 MiB, 42983 MiB, 55, 64, 471.87 W, 700.00 W, 700.00 W, 1980 MHz, 2619 MHz, [N/A]
2025/11/27 04:55:22.938, 3, NVIDIA H100 80GB HBM3, P0, 96 %, 66 %, 81559 MiB, 38827 MiB, 42253 MiB, 51, 60, 514.21 W, 700.00 W, 700.00 W, 1980 MHz, 2619 MHz, [N/A]
2025/11/27 04:55:22.939, 4, NVIDIA H100 80GB HBM3, P0, 97 %, 34 %, 81559 MiB, 37263 MiB, 43817 MiB, 45, 53, 442.97 W, 700.00 W, 700.00 W, 1980 MHz, 2619 MHz, [N/A]
2025/11/27 04:55:22.939, 5, NVIDIA H100 80GB HBM3, P0, 97 %, 45 %, 81559 MiB, 38195 MiB, 42885 MiB, 52, 59, 465.65 W, 700.00 W, 700.00 W, 1980 MHz, 2619 MHz, [N/A]
2025/11/27 04:55:22.940, 6, NVIDIA H100 80GB HBM3, P0, 100 %, 52 %, 81559 MiB, 38801 MiB, 42279 MiB, 50, 61, 455.79 W, 700.00 W, 700.00 W, 1980 MHz, 2619 MHz, [N/A]
2025/11/27 04:55:22.940, 7, NVIDIA H100 80GB HBM3, P0, 82 %, 38 %, 81559 MiB, 37299 MiB, 43781 MiB, 46, 55, 433.73 W, 700.00 W, 700.00 W, 1980 MHz, 2619 MHz, [N/A]
2025/11/27 04:55:27.942, 0, NVIDIA H100 80GB HBM3, P0, 97 %, 39 %, 81559 MiB, 37927 MiB, 43153 MiB, 47, 57, 393.17 W, 700.00 W, 700.00 W, 1980 MHz, 2619 MHz, [N/A]
2025/11/27 04:55:27.943, 1, NVIDIA H100 80GB HBM3, P0, 83 %, 53 %, 81559 MiB, 37803 MiB, 43277 MiB, 53, 62, 402.89 W, 700.00 W, 700.00 W, 1980 MHz, 2619 MHz, [N/A]
2025/11/27 04:55:27.944, 2, NVIDIA H100 80GB HBM3, P0, 100 %, 39 %, 81559 MiB, 38097 MiB, 42983 MiB, 53, 61, 416.13 W, 700.00 W, 700.00 W, 1980 MHz, 2619 MHz, [N/A]
2025/11/27 04:55:27.945, 3, NVIDIA H100 80GB HBM3, P0, 100 %, 55 %, 81559 MiB, 38827 MiB, 42253 MiB, 45, 57, 364.93 W, 700.00 W, 700.00 W, 1980 MHz, 2619 MHz, [N/A]
2025/11/27 04:55:27.946, 4, NVIDIA H100 80GB HBM3, P0, 96 %, 71 %, 81559 MiB, 37263 MiB, 43817 MiB, 45, 54, 417.71 W, 700.00 W, 700.00 W, 1980 MHz, 2619 MHz, [N/A]
2025/11/27 04:55:27.947, 5, NVIDIA H100 80GB HBM3, P0, 100 %, 64 %, 81559 MiB, 38193 MiB, 42887 MiB, 53, 57, 465.59 W, 700.00 W, 700.00 W, 1980 MHz, 2619 MHz, [N/A]
2025/11/27 04:55:27.948, 6, NVIDIA H100 80GB HBM3, P0, 75 %, 47 %, 81559 MiB, 38801 MiB, 42279 MiB, 51, 58, 387.67 W, 700.00 W, 700.00 W, 1980 MHz, 2619 MHz, [N/A]
2025/11/27 04:55:27.949, 7, NVIDIA H100 80GB HBM3, P0, 100 %, 61 %, 81559 MiB, 37299 MiB, 43781 MiB, 47, 55, 386.74 W, 700.00 W, 700.00 W, 1980 MHz, 2619 MHz, [N/A]
2025/11/27 04:55:32.950, 0, NVIDIA H100 80GB HBM3, P0, 100 %, 62 %, 81559 MiB, 37927 MiB, 43153 MiB, 47, 57, 436.37 W, 700.00 W, 700.00 W, 1980 MHz, 2619 MHz, [N/A]
2025/11/27 04:55:32.951, 1, NVIDIA H100 80GB HBM3, P0, 71 %, 41 %, 81559 MiB, 37803 MiB, 43277 MiB, 51, 61, 415.52 W, 700.00 W, 700.00 W, 1980 MHz, 2619 MHz, [N/A]
2025/11/27 04:55:32.953, 2, NVIDIA H100 80GB HBM3, P0, 94 %, 42 %, 81559 MiB, 38097 MiB, 42983 MiB, 52, 60, 403.95 W, 700.00 W, 700.00 W, 1980 MHz, 2619 MHz, [N/A]
2025/11/27 04:55:32.954, 3, NVIDIA H100 80GB HBM3, P0, 97 %, 57 %, 81559 MiB, 38827 MiB, 42253 MiB, 47, 57, 396.05 W, 700.00 W, 700.00 W, 1980 MHz, 2619 MHz, [N/A]
2025/11/27 04:55:32.955, 4, NVIDIA H100 80GB HBM3, P0, 94 %, 50 %, 81559 MiB, 37263 MiB, 43817 MiB, 45, 54, 461.48 W, 700.00 W, 700.00 W, 1980 MHz, 2619 MHz, [N/A]
2025/11/27 04:55:32.955, 5, NVIDIA H100 80GB HBM3, P0, 97 %, 36 %, 81559 MiB, 38191 MiB, 42889 MiB, 52, 59, 400.90 W, 700.00 W, 700.00 W, 1980 MHz, 2619 MHz, [N/A]
2025/11/27 04:55:32.956, 6, NVIDIA H100 80GB HBM3, P0, 66 %, 34 %, 81559 MiB, 38799 MiB, 42281 MiB, 52, 60, 441.27 W, 700.00 W, 700.00 W, 1980 MHz, 2619 MHz, [N/A]
2025/11/27 04:55:32.957, 7, NVIDIA H100 80GB HBM3, P0, 95 %, 52 %, 81559 MiB, 37299 MiB, 43781 MiB, 46, 54, 408.19 W, 700.00 W, 700.00 W, 1980 MHz, 2619 MHz, [N/A]
2025/11/27 04:55:37.959, 0, NVIDIA H100 80GB HBM3, P0, 97 %, 54 %, 81559 MiB, 37927 MiB, 43153 MiB, 45, 55, 383.22 W, 700.00 W, 700.00 W, 1980 MHz, 2619 MHz, [N/A]
2025/11/27 04:55:37.960, 1, NVIDIA H100 80GB HBM3, P0, 57 %, 38 %, 81559 MiB, 37803 MiB, 43277 MiB, 51, 58, 417.20 W, 700.00 W, 700.00 W, 1980 MHz, 2619 MHz, [N/A]
2025/11/27 04:55:37.961, 2, NVIDIA H100 80GB HBM3, P0, 94 %, 62 %, 81559 MiB, 38097 MiB, 42983 MiB, 53, 60, 476.76 W, 700.00 W, 700.00 W, 1980 MHz, 2619 MHz, [N/A]
2025/11/27 04:55:37.962, 3, NVIDIA H100 80GB HBM3, P0, 100 %, 63 %, 81559 MiB, 38827 MiB, 42253 MiB, 44, 55, 400.71 W, 700.00 W, 700.00 W, 1980 MHz, 2619 MHz, [N/A]
2025/11/27 04:55:37.963, 4, NVIDIA H100 80GB HBM3, P0, 95 %, 59 %, 81559 MiB, 37263 MiB, 43817 MiB, 43, 51, 386.49 W, 700.00 W, 700.00 W, 1980 MHz, 2619 MHz, [N/A]
2025/11/27 04:55:37.963, 5, NVIDIA H100 80GB HBM3, P0, 97 %, 24 %, 81559 MiB, 38191 MiB, 42889 MiB, 51, 58, 411.10 W, 700.00 W, 700.00 W, 1980 MHz, 2619 MHz, [N/A]
2025/11/27 04:55:37.964, 6, NVIDIA H100 80GB HBM3, P0, 87 %, 25 %, 81559 MiB, 38799 MiB, 42281 MiB, 49, 58, 391.47 W, 700.00 W, 700.00 W, 1980 MHz, 2619 MHz, [N/A]
2025/11/27 04:55:37.965, 7, NVIDIA H100 80GB HBM3, P0, 100 %, 59 %, 81559 MiB, 37299 MiB, 43781 MiB, 45, 54, 392.03 W, 700.00 W, 700.00 W, 1980 MHz, 2619 MHz, [N/A]
2025/11/27 04:55:42.965, 0, NVIDIA H100 80GB HBM3, P0, 95 %, 38 %, 81559 MiB, 37927 MiB, 43153 MiB, 48, 59, 448.45 W, 700.00 W, 700.00 W, 1980 MHz, 2619 MHz, [N/A]
2025/11/27 04:55:42.967, 1, NVIDIA H100 80GB HBM3, P0, 99 %, 68 %, 81559 MiB, 37803 MiB, 43277 MiB, 52, 60, 436.19 W, 700.00 W, 700.00 W, 1980 MHz, 2619 MHz, [N/A]
2025/11/27 04:55:42.968, 2, NVIDIA H100 80GB HBM3, P0, 100 %, 66 %, 81559 MiB, 38097 MiB, 42983 MiB, 53, 62, 413.97 W, 700.00 W, 700.00 W, 1980 MHz, 2619 MHz, [N/A]
2025/11/27 04:55:42.969, 3, NVIDIA H100 80GB HBM3, P0, 96 %, 41 %, 81559 MiB, 38827 MiB, 42253 MiB, 45, 58, 444.10 W, 700.00 W, 700.00 W, 1980 MHz, 2619 MHz, [N/A]
2025/11/27 04:55:42.970, 4, NVIDIA H100 80GB HBM3, P0, 100 %, 76 %, 81559 MiB, 37263 MiB, 43817 MiB, 47, 57, 419.21 W, 700.00 W, 700.00 W, 1980 MHz, 2619 MHz, [N/A]
2025/11/27 04:55:42.971, 5, NVIDIA H100 80GB HBM3, P0, 95 %, 59 %, 81559 MiB, 38191 MiB, 42889 MiB, 52, 58, 412.46 W, 700.00 W, 700.00 W, 1980 MHz, 2619 MHz, [N/A]
2025/11/27 04:55:42.972, 6, NVIDIA H100 80GB HBM3, P0, 93 %, 64 %, 81559 MiB, 38799 MiB, 42281 MiB, 50, 60, 456.42 W, 700.00 W, 700.00 W, 1980 MHz, 2619 MHz, [N/A]
2025/11/27 04:55:42.973, 7, NVIDIA H100 80GB HBM3, P0, 76 %, 43 %, 81559 MiB, 37299 MiB, 43781 MiB, 46, 57, 410.79 W, 700.00 W, 700.00 W, 1980 MHz, 2619 MHz, [N/A]
2025/11/27 04:55:47.975, 0, NVIDIA H100 80GB HBM3, P0, 100 %, 29 %, 81559 MiB, 37927 MiB, 43153 MiB, 48, 57, 410.56 W, 700.00 W, 700.00 W, 1980 MHz, 2619 MHz, [N/A]
2025/11/27 04:55:47.983, 1, NVIDIA H100 80GB HBM3, P0, 100 %, 59 %, 81559 MiB, 37803 MiB, 43277 MiB, 53, 64, 390.95 W, 700.00 W, 700.00 W, 1980 MHz, 2619 MHz, [N/A]
2025/11/27 04:55:47.983, 2, NVIDIA H100 80GB HBM3, P0, 100 %, 39 %, 81559 MiB, 38097 MiB, 42983 MiB, 54, 62, 402.17 W, 700.00 W, 700.00 W, 1980 MHz, 2619 MHz, [N/A]
2025/11/27 04:55:47.984, 3, NVIDIA H100 80GB HBM3, P0, 95 %, 46 %, 81559 MiB, 38827 MiB, 42253 MiB, 46, 56, 391.86 W, 700.00 W, 700.00 W, 1980 MHz, 2619 MHz, [N/A]
2025/11/27 04:55:47.985, 4, NVIDIA H100 80GB HBM3, P0, 97 %, 44 %, 81559 MiB, 37259 MiB, 43821 MiB, 47, 55, 393.62 W, 700.00 W, 700.00 W, 1980 MHz, 2619 MHz, [N/A]
2025/11/27 04:55:47.986, 5, NVIDIA H100 80GB HBM3, P0, 100 %, 77 %, 81559 MiB, 38191 MiB, 42889 MiB, 52, 60, 419.46 W, 700.00 W, 700.00 W, 1980 MHz, 2619 MHz, [N/A]
2025/11/27 04:55:47.986, 6, NVIDIA H100 80GB HBM3, P0, 100 %, 69 %, 81559 MiB, 38799 MiB, 42281 MiB, 51, 61, 422.33 W, 700.00 W, 700.00 W, 1980 MHz, 2619 MHz, [N/A]
2025/11/27 04:55:47.987, 7, NVIDIA H100 80GB HBM3, P0, 100 %, 58 %, 81559 MiB, 37295 MiB, 43785 MiB, 47, 57, 387.31 W, 700.00 W, 700.00 W, 1980 MHz, 2619 MHz, [N/A]
2025/11/27 04:55:52.989, 0, NVIDIA H100 80GB HBM3, P0, 100 %, 76 %, 81559 MiB, 37925 MiB, 43155 MiB, 48, 57, 441.79 W, 700.00 W, 700.00 W, 1980 MHz, 2619 MHz, [N/A]
2025/11/27 04:55:52.990, 1, NVIDIA H100 80GB HBM3, P0, 80 %, 43 %, 81559 MiB, 37803 MiB, 43277 MiB, 52, 62, 405.61 W, 700.00 W, 700.00 W, 1980 MHz, 2619 MHz, [N/A]
2025/11/27 04:55:52.991, 2, NVIDIA H100 80GB HBM3, P0, 94 %, 48 %, 81559 MiB, 38095 MiB, 42985 MiB, 53, 60, 400.00 W, 700.00 W, 700.00 W, 1980 MHz, 2619 MHz, [N/A]
2025/11/27 04:55:52.992, 3, NVIDIA H100 80GB HBM3, P0, 96 %, 57 %, 81559 MiB, 38827 MiB, 42253 MiB, 48, 58, 400.65 W, 700.00 W, 700.00 W, 1980 MHz, 2619 MHz, [N/A]
2025/11/27 04:55:52.993, 4, NVIDIA H100 80GB HBM3, P0, 95 %, 49 %, 81559 MiB, 37259 MiB, 43821 MiB, 45, 53, 437.82 W, 700.00 W, 700.00 W, 1980 MHz, 2619 MHz, [N/A]
2025/11/27 04:55:52.994, 5, NVIDIA H100 80GB HBM3, P0, 97 %, 38 %, 81559 MiB, 38191 MiB, 42889 MiB, 52, 59, 410.99 W, 700.00 W, 700.00 W, 1980 MHz, 2619 MHz, [N/A]
2025/11/27 04:55:52.995, 6, NVIDIA H100 80GB HBM3, P0, 65 %, 39 %, 81559 MiB, 38799 MiB, 42281 MiB, 50, 57, 412.00 W, 700.00 W, 700.00 W, 1980 MHz, 2619 MHz, [N/A]
2025/11/27 04:55:52.996, 7, NVIDIA H100 80GB HBM3, P0, 75 %, 45 %, 81559 MiB, 37293 MiB, 43787 MiB, 48, 56, 430.70 W, 700.00 W, 700.00 W, 1980 MHz, 2619 MHz, [N/A]
2025/11/27 04:55:57.998, 0, NVIDIA H100 80GB HBM3, P0, 91 %, 62 %, 81559 MiB, 37925 MiB, 43155 MiB, 46, 56, 406.23 W, 700.00 W, 700.00 W, 1980 MHz, 2619 MHz, [N/A]
2025/11/27 04:55:57.999, 1, NVIDIA H100 80GB HBM3, P0, 100 %, 73 %, 81559 MiB, 37801 MiB, 43279 MiB, 52, 60, 437.13 W, 700.00 W, 700.00 W, 1980 MHz, 2619 MHz, [N/A]
2025/11/27 04:55:58.000, 2, NVIDIA H100 80GB HBM3, P0, 98 %, 57 %, 81559 MiB, 38095 MiB, 42985 MiB, 56, 64, 511.49 W, 700.00 W, 700.00 W, 1980 MHz, 2619 MHz, [N/A]
2025/11/27 04:55:58.001, 3, NVIDIA H100 80GB HBM3, P0, 95 %, 40 %, 81559 MiB, 38827 MiB, 42253 MiB, 45, 55, 417.08 W, 700.00 W, 700.00 W, 1980 MHz, 2619 MHz, [N/A]
2025/11/27 04:55:58.001, 4, NVIDIA H100 80GB HBM3, P0, 92 %, 51 %, 81559 MiB, 37259 MiB, 43821 MiB, 46, 55, 397.29 W, 700.00 W, 700.00 W, 1980 MHz, 2619 MHz, [N/A]
2025/11/27 04:55:58.002, 5, NVIDIA H100 80GB HBM3, P0, 99 %, 63 %, 81559 MiB, 38191 MiB, 42889 MiB, 51, 59, 409.83 W, 700.00 W, 700.00 W, 1980 MHz, 2619 MHz, [N/A]
2025/11/27 04:55:58.003, 6, NVIDIA H100 80GB HBM3, P0, 100 %, 67 %, 81559 MiB, 38799 MiB, 42281 MiB, 51, 59, 406.68 W, 700.00 W, 700.00 W, 1980 MHz, 2619 MHz, [N/A]
2025/11/27 04:55:58.004, 7, NVIDIA H100 80GB HBM3, P0, 100 %, 61 %, 81559 MiB, 37293 MiB, 43787 MiB, 47, 57, 403.38 W, 700.00 W, 700.00 W, 1980 MHz, 2619 MHz, [N/A]
2025/11/27 04:56:03.005, 0, NVIDIA H100 80GB HBM3, P0, 91 %, 64 %, 81559 MiB, 37925 MiB, 43155 MiB, 46, 55, 407.70 W, 700.00 W, 700.00 W, 1980 MHz, 2619 MHz, [N/A]
2025/11/27 04:56:03.006, 1, NVIDIA H100 80GB HBM3, P0, 97 %, 57 %, 81559 MiB, 37801 MiB, 43279 MiB, 50, 58, 464.92 W, 700.00 W, 700.00 W, 1980 MHz, 2619 MHz, [N/A]
2025/11/27 04:56:03.007, 2, NVIDIA H100 80GB HBM3, P0, 97 %, 52 %, 81559 MiB, 38095 MiB, 42985 MiB, 54, 64, 452.88 W, 700.00 W, 700.00 W, 1980 MHz, 2619 MHz, [N/A]
2025/11/27 04:56:03.007, 3, NVIDIA H100 80GB HBM3, P0, 95 %, 43 %, 81559 MiB, 38825 MiB, 42255 MiB, 44, 55, 427.91 W, 700.00 W, 700.00 W, 1980 MHz, 2619 MHz, [N/A]
2025/11/27 04:56:03.008, 4, NVIDIA H100 80GB HBM3, P0, 96 %, 60 %, 81559 MiB, 37259 MiB, 43821 MiB, 48, 57, 440.34 W, 700.00 W, 700.00 W, 1980 MHz, 2619 MHz, [N/A]
2025/11/27 04:56:03.009, 5, NVIDIA H100 80GB HBM3, P0, 100 %, 65 %, 81559 MiB, 38191 MiB, 42889 MiB, 52, 60, 438.71 W, 700.00 W, 700.00 W, 1980 MHz, 2619 MHz, [N/A]
2025/11/27 04:56:03.010, 6, NVIDIA H100 80GB HBM3, P0, 100 %, 70 %, 81559 MiB, 38799 MiB, 42281 MiB, 52, 62, 457.92 W, 700.00 W, 700.00 W, 1980 MHz, 2619 MHz, [N/A]
2025/11/27 04:56:03.010, 7, NVIDIA H100 80GB HBM3, P0, 99 %, 67 %, 81559 MiB, 37293 MiB, 43787 MiB, 48, 58, 447.69 W, 700.00 W, 700.00 W, 1980 MHz, 2619 MHz, [N/A]
2025/11/27 04:56:08.011, 0, NVIDIA H100 80GB HBM3, P0, 96 %, 16 %, 81559 MiB, 37925 MiB, 43155 MiB, 46, 56, 382.17 W, 700.00 W, 700.00 W, 1980 MHz, 2619 MHz, [N/A]
2025/11/27 04:56:08.012, 1, NVIDIA H100 80GB HBM3, P0, 89 %, 47 %, 81559 MiB, 37801 MiB, 43279 MiB, 51, 59, 401.16 W, 700.00 W, 700.00 W, 1980 MHz, 2619 MHz, [N/A]
2025/11/27 04:56:08.014, 2, NVIDIA H100 80GB HBM3, P0, 95 %, 64 %, 81559 MiB, 38095 MiB, 42985 MiB, 52, 60, 445.15 W, 700.00 W, 700.00 W, 1980 MHz, 2619 MHz, [N/A]
2025/11/27 04:56:08.015, 3, NVIDIA H100 80GB HBM3, P0, 100 %, 24 %, 81559 MiB, 38825 MiB, 42255 MiB, 45, 55, 406.64 W, 700.00 W, 700.00 W, 1980 MHz, 2619 MHz, [N/A]
2025/11/27 04:56:08.015, 4, NVIDIA H100 80GB HBM3, P0, 92 %, 65 %, 81559 MiB, 37259 MiB, 43821 MiB, 44, 53, 375.65 W, 700.00 W, 700.00 W, 1980 MHz, 2619 MHz, [N/A]
2025/11/27 04:56:08.016, 5, NVIDIA H100 80GB HBM3, P0, 94 %, 25 %, 81559 MiB, 38191 MiB, 42889 MiB, 51, 57, 392.68 W, 700.00 W, 700.00 W, 1980 MHz, 2619 MHz, [N/A]
2025/11/27 04:56:08.017, 6, NVIDIA H100 80GB HBM3, P0, 42 %, 30 %, 81559 MiB, 38795 MiB, 42285 MiB, 51, 58, 424.95 W, 700.00 W, 700.00 W, 1980 MHz, 2619 MHz, [N/A]
2025/11/27 04:56:08.018, 7, NVIDIA H100 80GB HBM3, P0, 89 %, 44 %, 81559 MiB, 37293 MiB, 43787 MiB, 46, 53, 420.50 W, 700.00 W, 700.00 W, 1980 MHz, 2619 MHz, [N/A]
2025/11/27 04:56:13.020, 0, NVIDIA H100 80GB HBM3, P0, 95 %, 69 %, 81559 MiB, 37925 MiB, 43155 MiB, 48, 57, 387.92 W, 700.00 W, 700.00 W, 1980 MHz, 2619 MHz, [N/A]
2025/11/27 04:56:13.021, 1, NVIDIA H100 80GB HBM3, P0, 93 %, 24 %, 81559 MiB, 37801 MiB, 43279 MiB, 53, 62, 392.29 W, 700.00 W, 700.00 W, 1980 MHz, 2619 MHz, [N/A]
2025/11/27 04:56:13.022, 2, NVIDIA H100 80GB HBM3, P0, 96 %, 38 %, 81559 MiB, 38095 MiB, 42985 MiB, 51, 58, 393.83 W, 700.00 W, 700.00 W, 1980 MHz, 2619 MHz, [N/A]
2025/11/27 04:56:13.023, 3, NVIDIA H100 80GB HBM3, P0, 100 %, 48 %, 81559 MiB, 38825 MiB, 42255 MiB, 47, 59, 385.72 W, 700.00 W, 700.00 W, 1980 MHz, 2619 MHz, [N/A]
2025/11/27 04:56:13.024, 4, NVIDIA H100 80GB HBM3, P0, 97 %, 71 %, 81559 MiB, 37259 MiB, 43821 MiB, 47, 56, 389.77 W, 700.00 W, 700.00 W, 1980 MHz, 2619 MHz, [N/A]
2025/11/27 04:56:13.024, 5, NVIDIA H100 80GB HBM3, P0, 96 %, 14 %, 81559 MiB, 38191 MiB, 42889 MiB, 51, 60, 389.68 W, 700.00 W, 700.00 W, 1980 MHz, 2619 MHz, [N/A]
2025/11/27 04:56:13.025, 6, NVIDIA H100 80GB HBM3, P0, 87 %, 17 %, 81559 MiB, 38795 MiB, 42285 MiB, 51, 60, 447.82 W, 700.00 W, 700.00 W, 1980 MHz, 2619 MHz, [N/A]
2025/11/27 04:56:13.025, 7, NVIDIA H100 80GB HBM3, P0, 79 %, 21 %, 81559 MiB, 37293 MiB, 43787 MiB, 45, 54, 384.00 W, 700.00 W, 700.00 W, 1980 MHz, 2619 MHz, [N/A]
2025/11/27 04:56:18.027, 0, NVIDIA H100 80GB HBM3, P0, 85 %, 56 %, 81559 MiB, 37925 MiB, 43155 MiB, 48, 55, 446.21 W, 700.00 W, 700.00 W, 1980 MHz, 2619 MHz, [N/A]
2025/11/27 04:56:18.028, 1, NVIDIA H100 80GB HBM3, P0, 92 %, 63 %, 81559 MiB, 37801 MiB, 43279 MiB, 54, 63, 463.99 W, 700.00 W, 700.00 W, 1980 MHz, 2619 MHz, [N/A]
2025/11/27 04:56:18.029, 2, NVIDIA H100 80GB HBM3, P0, 97 %, 61 %, 81559 MiB, 38095 MiB, 42985 MiB, 53, 62, 424.33 W, 700.00 W, 700.00 W, 1980 MHz, 2619 MHz, [N/A]
2025/11/27 04:56:18.030, 3, NVIDIA H100 80GB HBM3, P0, 96 %, 35 %, 81559 MiB, 38825 MiB, 42255 MiB, 48, 59, 461.25 W, 700.00 W, 700.00 W, 1980 MHz, 2619 MHz, [N/A]
2025/11/27 04:56:18.031, 4, NVIDIA H100 80GB HBM3, P0, 95 %, 49 %, 81559 MiB, 37259 MiB, 43821 MiB, 44, 51, 405.42 W, 700.00 W, 700.00 W, 1980 MHz, 2619 MHz, [N/A]
2025/11/27 04:56:18.032, 5, NVIDIA H100 80GB HBM3, P0, 96 %, 43 %, 81559 MiB, 38191 MiB, 42889 MiB, 51, 58, 420.85 W, 700.00 W, 700.00 W, 1980 MHz, 2619 MHz, [N/A]
2025/11/27 04:56:18.033, 6, NVIDIA H100 80GB HBM3, P0, 83 %, 55 %, 81559 MiB, 38795 MiB, 42285 MiB, 52, 60, 476.67 W, 700.00 W, 700.00 W, 1980 MHz, 2619 MHz, [N/A]
2025/11/27 04:56:18.034, 7, NVIDIA H100 80GB HBM3, P0, 91 %, 61 %, 81559 MiB, 37293 MiB, 43787 MiB, 48, 57, 438.75 W, 700.00 W, 700.00 W, 1980 MHz, 2619 MHz, [N/A]
2025/11/27 04:56:23.036, 0, NVIDIA H100 80GB HBM3, P0, 88 %, 17 %, 81559 MiB, 37925 MiB, 43155 MiB, 48, 58, 410.48 W, 700.00 W, 700.00 W, 1980 MHz, 2619 MHz, [N/A]
2025/11/27 04:56:23.037, 1, NVIDIA H100 80GB HBM3, P0, 88 %, 49 %, 81559 MiB, 37801 MiB, 43279 MiB, 51, 59, 465.08 W, 700.00 W, 700.00 W, 1980 MHz, 2619 MHz, [N/A]
2025/11/27 04:56:23.045, 2, NVIDIA H100 80GB HBM3, P0, 96 %, 21 %, 81559 MiB, 38095 MiB, 42985 MiB, 54, 60, 483.73 W, 700.00 W, 700.00 W, 1980 MHz, 2619 MHz, [N/A]
2025/11/27 04:56:23.046, 3, NVIDIA H100 80GB HBM3, P0, 97 %, 34 %, 81559 MiB, 38825 MiB, 42255 MiB, 44, 53, 426.14 W, 700.00 W, 700.00 W, 1980 MHz, 2619 MHz, [N/A]
2025/11/27 04:56:23.047, 4, NVIDIA H100 80GB HBM3, P0, 34 %, 12 %, 81559 MiB, 37257 MiB, 43823 MiB, 44, 51, 399.19 W, 700.00 W, 700.00 W, 1980 MHz, 2619 MHz, [N/A]
2025/11/27 04:56:23.048, 5, NVIDIA H100 80GB HBM3, P0, 97 %, 22 %, 81559 MiB, 38191 MiB, 42889 MiB, 51, 59, 399.91 W, 700.00 W, 700.00 W, 1980 MHz, 2619 MHz, [N/A]
2025/11/27 04:56:23.049, 6, NVIDIA H100 80GB HBM3, P0, 88 %, 37 %, 81559 MiB, 38795 MiB, 42285 MiB, 49, 55, 419.66 W, 700.00 W, 700.00 W, 1980 MHz, 2619 MHz, [N/A]
2025/11/27 04:56:23.050, 7, NVIDIA H100 80GB HBM3, P0, 88 %, 44 %, 81559 MiB, 37293 MiB, 43787 MiB, 47, 56, 404.06 W, 700.00 W, 700.00 W, 1980 MHz, 2619 MHz, [N/A]
2025/11/27 04:56:28.051, 0, NVIDIA H100 80GB HBM3, P0, 97 %, 70 %, 81559 MiB, 37925 MiB, 43155 MiB, 50, 60, 449.79 W, 700.00 W, 700.00 W, 1980 MHz, 2619 MHz, [N/A]
2025/11/27 04:56:28.052, 1, NVIDIA H100 80GB HBM3, P0, 86 %, 45 %, 81559 MiB, 37801 MiB, 43279 MiB, 54, 63, 459.62 W, 700.00 W, 700.00 W, 1980 MHz, 2619 MHz, [N/A]
2025/11/27 04:56:28.053, 2, NVIDIA H100 80GB HBM3, P0, 97 %, 65 %, 81559 MiB, 38095 MiB, 42985 MiB, 55, 64, 489.70 W, 700.00 W, 700.00 W, 1980 MHz, 2619 MHz, [N/A]
2025/11/27 04:56:28.054, 3, NVIDIA H100 80GB HBM3, P0, 96 %, 63 %, 81559 MiB, 38825 MiB, 42255 MiB, 49, 60, 499.20 W, 700.00 W, 700.00 W, 1980 MHz, 2619 MHz, [N/A]
2025/11/27 04:56:28.056, 4, NVIDIA H100 80GB HBM3, P0, 97 %, 66 %, 81559 MiB, 37257 MiB, 43823 MiB, 46, 57, 421.76 W, 700.00 W, 700.00 W, 1980 MHz, 2619 MHz, [N/A]
2025/11/27 04:56:28.056, 5, NVIDIA H100 80GB HBM3, P0, 100 %, 68 %, 81559 MiB, 38191 MiB, 42889 MiB, 54, 61, 510.46 W, 700.00 W, 700.00 W, 1980 MHz, 2619 MHz, [N/A]
2025/11/27 04:56:28.057, 6, NVIDIA H100 80GB HBM3, P0, 63 %, 32 %, 81559 MiB, 38795 MiB, 42285 MiB, 51, 59, 446.62 W, 700.00 W, 700.00 W, 1980 MHz, 2619 MHz, [N/A]
2025/11/27 04:56:28.058, 7, NVIDIA H100 80GB HBM3, P0, 86 %, 61 %, 81559 MiB, 37293 MiB, 43787 MiB, 49, 57, 444.34 W, 700.00 W, 700.00 W, 1980 MHz, 2619 MHz, [N/A]
2025/11/27 04:56:33.059, 0, NVIDIA H100 80GB HBM3, P0, 96 %, 39 %, 81559 MiB, 37925 MiB, 43155 MiB, 47, 58, 422.06 W, 700.00 W, 700.00 W, 1980 MHz, 2619 MHz, [N/A]
2025/11/27 04:56:33.061, 1, NVIDIA H100 80GB HBM3, P0, 100 %, 64 %, 81559 MiB, 37801 MiB, 43279 MiB, 53, 61, 461.82 W, 700.00 W, 700.00 W, 1980 MHz, 2619 MHz, [N/A]
2025/11/27 04:56:33.066, 2, NVIDIA H100 80GB HBM3, P0, 97 %, 47 %, 81559 MiB, 38095 MiB, 42985 MiB, 54, 62, 445.61 W, 700.00 W, 700.00 W, 1980 MHz, 2619 MHz, [N/A]
2025/11/27 04:56:33.067, 3, NVIDIA H100 80GB HBM3, P0, 95 %, 44 %, 81559 MiB, 38825 MiB, 42255 MiB, 46, 57, 431.43 W, 700.00 W, 700.00 W, 1980 MHz, 2619 MHz, [N/A]
2025/11/27 04:56:33.068, 4, NVIDIA H100 80GB HBM3, P0, 95 %, 37 %, 81559 MiB, 37257 MiB, 43823 MiB, 45, 55, 455.78 W, 700.00 W, 700.00 W, 1980 MHz, 2619 MHz, [N/A]
2025/11/27 04:56:33.069, 5, NVIDIA H100 80GB HBM3, P0, 98 %, 34 %, 81559 MiB, 38191 MiB, 42889 MiB, 52, 61, 473.49 W, 700.00 W, 700.00 W, 1980 MHz, 2619 MHz, [N/A]
2025/11/27 04:56:33.070, 6, NVIDIA H100 80GB HBM3, P0, 95 %, 72 %, 81559 MiB, 38795 MiB, 42285 MiB, 52, 60, 433.83 W, 700.00 W, 700.00 W, 1980 MHz, 2619 MHz, [N/A]
2025/11/27 04:56:33.071, 7, NVIDIA H100 80GB HBM3, P0, 84 %, 51 %, 81559 MiB, 37293 MiB, 43787 MiB, 47, 56, 446.55 W, 700.00 W, 700.00 W, 1980 MHz, 2619 MHz, [N/A]
2025/11/27 04:56:38.072, 0, NVIDIA H100 80GB HBM3, P0, 1 %, 0 %, 81559 MiB, 81076 MiB, 4 MiB, 40, 49, 125.29 W, 700.00 W, 700.00 W, 1980 MHz, 2619 MHz, [N/A]
2025/11/27 04:56:38.073, 1, NVIDIA H100 80GB HBM3, P0, 0 %, 0 %, 81559 MiB, 81076 MiB, 4 MiB, 46, 52, 133.86 W, 700.00 W, 700.00 W, 1980 MHz, 2619 MHz, [N/A]
2025/11/27 04:56:38.073, 2, NVIDIA H100 80GB HBM3, P0, 0 %, 0 %, 81559 MiB, 81076 MiB, 4 MiB, 47, 54, 139.88 W, 700.00 W, 700.00 W, 1980 MHz, 2619 MHz, [N/A]
2025/11/27 04:56:38.074, 3, NVIDIA H100 80GB HBM3, P0, 0 %, 0 %, 81559 MiB, 81076 MiB, 4 MiB, 40, 49, 130.43 W, 700.00 W, 700.00 W, 1980 MHz, 2619 MHz, [N/A]
2025/11/27 04:56:38.075, 4, NVIDIA H100 80GB HBM3, P0, 0 %, 0 %, 81559 MiB, 81076 MiB, 4 MiB, 39, 46, 125.19 W, 700.00 W, 700.00 W, 1980 MHz, 2619 MHz, [N/A]
2025/11/27 04:56:38.075, 5, NVIDIA H100 80GB HBM3, P0, 0 %, 0 %, 81559 MiB, 81076 MiB, 4 MiB, 46, 52, 134.30 W, 700.00 W, 700.00 W, 1980 MHz, 2619 MHz, [N/A]
2025/11/27 04:56:38.076, 6, NVIDIA H100 80GB HBM3, P0, 89 %, 14 %, 81559 MiB, 81076 MiB, 4 MiB, 44, 51, 129.82 W, 700.00 W, 700.00 W, 1980 MHz, 2619 MHz, [N/A]
2025/11/27 04:56:38.077, 7, NVIDIA H100 80GB HBM3, P0, 33 %, 5 %, 81559 MiB, 81076 MiB, 4 MiB, 41, 49, 127.84 W, 700.00 W, 700.00 W, 1980 MHz, 2619 MHz, [N/A]
2025/11/27 04:56:43.078, 0, NVIDIA H100 80GB HBM3, P0, 0 %, 0 %, 81559 MiB, 81080 MiB, 0 MiB, 37, 46, 71.51 W, 700.00 W, 700.00 W, 345 MHz, 2619 MHz, [N/A]
2025/11/27 04:56:43.079, 1, NVIDIA H100 80GB HBM3, P0, 0 %, 0 %, 81559 MiB, 81080 MiB, 0 MiB, 43, 50, 74.64 W, 700.00 W, 700.00 W, 345 MHz, 2619 MHz, [N/A]
2025/11/27 04:56:43.080, 2, NVIDIA H100 80GB HBM3, P0, 0 %, 0 %, 81559 MiB, 81080 MiB, 0 MiB, 44, 52, 78.48 W, 700.00 W, 700.00 W, 345 MHz, 2619 MHz, [N/A]
2025/11/27 04:56:43.081, 3, NVIDIA H100 80GB HBM3, P0, 0 %, 0 %, 81559 MiB, 81080 MiB, 0 MiB, 36, 45, 72.12 W, 700.00 W, 700.00 W, 345 MHz, 2619 MHz, [N/A]
2025/11/27 04:56:43.082, 4, NVIDIA H100 80GB HBM3, P0, 0 %, 0 %, 81559 MiB, 81080 MiB, 0 MiB, 35, 43, 71.11 W, 700.00 W, 700.00 W, 345 MHz, 2619 MHz, [N/A]
2025/11/27 04:56:43.083, 5, NVIDIA H100 80GB HBM3, P0, 0 %, 0 %, 81559 MiB, 81080 MiB, 0 MiB, 42, 49, 74.10 W, 700.00 W, 700.00 W, 345 MHz, 2619 MHz, [N/A]
2025/11/27 04:56:43.084, 6, NVIDIA H100 80GB HBM3, P0, 0 %, 0 %, 81559 MiB, 81080 MiB, 0 MiB, 41, 49, 71.85 W, 700.00 W, 700.00 W, 345 MHz, 2619 MHz, [N/A]
2025/11/27 04:56:43.084, 7, NVIDIA H100 80GB HBM3, P0, 0 %, 0 %, 81559 MiB, 81080 MiB, 0 MiB, 37, 45, 71.47 W, 700.00 W, 700.00 W, 345 MHz, 2619 MHz, [N/A]
2025/11/27 04:56:48.085, 0, NVIDIA H100 80GB HBM3, P0, 0 %, 0 %, 81559 MiB, 81080 MiB, 0 MiB, 36, 45, 71.10 W, 700.00 W, 700.00 W, 345 MHz, 2619 MHz, [N/A]
2025/11/27 04:56:48.087, 1, NVIDIA H100 80GB HBM3, P0, 0 %, 0 %, 81559 MiB, 81080 MiB, 0 MiB, 42, 50, 74.07 W, 700.00 W, 700.00 W, 345 MHz, 2619 MHz, [N/A]
2025/11/27 04:56:48.088, 2, NVIDIA H100 80GB HBM3, P0, 0 %, 0 %, 81559 MiB, 81080 MiB, 0 MiB, 42, 50, 77.77 W, 700.00 W, 700.00 W, 345 MHz, 2619 MHz, [N/A]
2025/11/27 04:56:48.089, 3, NVIDIA H100 80GB HBM3, P0, 0 %, 0 %, 81559 MiB, 81080 MiB, 0 MiB, 35, 45, 71.78 W, 700.00 W, 700.00 W, 345 MHz, 2619 MHz, [N/A]
2025/11/27 04:56:48.090, 4, NVIDIA H100 80GB HBM3, P0, 0 %, 0 %, 81559 MiB, 81080 MiB, 0 MiB, 34, 41, 70.79 W, 700.00 W, 700.00 W, 345 MHz, 2619 MHz, [N/A]
2025/11/27 04:56:48.090, 5, NVIDIA H100 80GB HBM3, P0, 0 %, 0 %, 81559 MiB, 81080 MiB, 0 MiB, 41, 48, 73.63 W, 700.00 W, 700.00 W, 345 MHz, 2619 MHz, [N/A]
2025/11/27 04:56:48.091, 6, NVIDIA H100 80GB HBM3, P0, 0 %, 0 %, 81559 MiB, 81080 MiB, 0 MiB, 40, 47, 71.66 W, 700.00 W, 700.00 W, 345 MHz, 2619 MHz, [N/A]
2025/11/27 04:56:48.092, 7, NVIDIA H100 80GB HBM3, P0, 0 %, 0 %, 81559 MiB, 81080 MiB, 0 MiB, 36, 45, 71.19 W, 700.00 W, 700.00 W, 345 MHz, 2619 MHz, [N/A]
2025/11/27 04:56:53.094, 0, NVIDIA H100 80GB HBM3, P0, 0 %, 0 %, 81559 MiB, 81080 MiB, 0 MiB, 35, 45, 71.14 W, 700.00 W, 700.00 W, 345 MHz, 2619 MHz, [N/A]
2025/11/27 04:56:53.095, 1, NVIDIA H100 80GB HBM3, P0, 0 %, 0 %, 81559 MiB, 81080 MiB, 0 MiB, 41, 48, 74.00 W, 700.00 W, 700.00 W, 345 MHz, 2619 MHz, [N/A]
2025/11/27 04:56:53.096, 2, NVIDIA H100 80GB HBM3, P0, 0 %, 0 %, 81559 MiB, 81080 MiB, 0 MiB, 41, 48, 77.24 W, 700.00 W, 700.00 W, 345 MHz, 2619 MHz, [N/A]
2025/11/27 04:56:53.097, 3, NVIDIA H100 80GB HBM3, P0, 0 %, 0 %, 81559 MiB, 81080 MiB, 0 MiB, 34, 43, 71.58 W, 700.00 W, 700.00 W, 345 MHz, 2619 MHz, [N/A]
2025/11/27 04:56:53.098, 4, NVIDIA H100 80GB HBM3, P0, 0 %, 0 %, 81559 MiB, 81080 MiB, 0 MiB, 34, 41, 70.56 W, 700.00 W, 700.00 W, 345 MHz, 2619 MHz, [N/A]
2025/11/27 04:56:53.099, 5, NVIDIA H100 80GB HBM3, P0, 0 %, 0 %, 81559 MiB, 81080 MiB, 0 MiB, 40, 47, 73.30 W, 700.00 W, 700.00 W, 345 MHz, 2619 MHz, [N/A]
2025/11/27 04:56:53.100, 6, NVIDIA H100 80GB HBM3, P0, 0 %, 0 %, 81559 MiB, 81080 MiB, 0 MiB, 39, 47, 71.32 W, 700.00 W, 700.00 W, 345 MHz, 2619 MHz, [N/A]
2025/11/27 04:56:53.101, 7, NVIDIA H100 80GB HBM3, P0, 0 %, 0 %, 81559 MiB, 81080 MiB, 0 MiB, 35, 43, 70.97 W, 700.00 W, 700.00 W, 345 MHz, 2619 MHz, [N/A]
2025/11/27 04:56:58.102, 0, NVIDIA H100 80GB HBM3, P0, 0 %, 0 %, 81559 MiB, 81080 MiB, 0 MiB, 34, 43, 70.89 W, 700.00 W, 700.00 W, 345 MHz, 2619 MHz, [N/A]
2025/11/27 04:56:58.103, 1, NVIDIA H100 80GB HBM3, P0, 0 %, 0 %, 81559 MiB, 81080 MiB, 0 MiB, 40, 48, 73.82 W, 700.00 W, 700.00 W, 345 MHz, 2619 MHz, [N/A]
2025/11/27 04:56:58.104, 2, NVIDIA H100 80GB HBM3, P0, 0 %, 0 %, 81559 MiB, 81080 MiB, 0 MiB, 40, 48, 76.75 W, 700.00 W, 700.00 W, 345 MHz, 2619 MHz, [N/A]
2025/11/27 04:56:58.105, 3, NVIDIA H100 80GB HBM3, P0, 0 %, 0 %, 81559 MiB, 81080 MiB, 0 MiB, 34, 43, 71.45 W, 700.00 W, 700.00 W, 345 MHz, 2619 MHz, [N/A]
2025/11/27 04:56:58.106, 4, NVIDIA H100 80GB HBM3, P0, 0 %, 0 %, 81559 MiB, 81080 MiB, 0 MiB, 33, 41, 70.41 W, 700.00 W, 700.00 W, 345 MHz, 2619 MHz, [N/A]
2025/11/27 04:56:58.106, 5, NVIDIA H100 80GB HBM3, P0, 0 %, 0 %, 81559 MiB, 81080 MiB, 0 MiB, 39, 46, 72.99 W, 700.00 W, 700.00 W, 345 MHz, 2619 MHz, [N/A]
2025/11/27 04:56:58.107, 6, NVIDIA H100 80GB HBM3, P0, 0 %, 0 %, 81559 MiB, 81080 MiB, 0 MiB, 38, 45, 71.06 W, 700.00 W, 700.00 W, 345 MHz, 2619 MHz, [N/A]
2025/11/27 04:56:58.109, 7, NVIDIA H100 80GB HBM3, P0, 0 %, 0 %, 81559 MiB, 81080 MiB, 0 MiB, 35, 43, 70.87 W, 700.00 W, 700.00 W, 345 MHz, 2619 MHz, [N/A]
